PatchID,XCOORD,YCOORD,ID,MID,FID,sex,age,size,mature,newmature,layeggs,capture,recapture,state,CDist,Hindex,Species,ClassFile,SubPatchID,L0A0,L0A1,L1A0,L1A1
1,4.359949021420038,0.38889347741837,Age0_F1_m1f5_P1_Y3_UO257,RD1_F10_m9f5_P9_Y1_UO314,RD5_F2_m9f10_P9_Y1_UO46,FXX,0,0.0,0,0,0.0,0,0,0,0.0,0.5,1,P0_CV0,1,1,1,1,1
1,4.359949021420038,0.38889347741837,Age0_F1_m1f5_P1_Y3_UO259,RD1_F10_m9f5_P9_Y1_UO314,RD5_F2_m9f10_P9_Y1_UO46,MXY,0,0.0,0,0,0.0,0,0,0,0.0,0.5,1,P0_CV0,1,1,1,1,1
1,4.359949021420038,0.38889347741837,Age0_F1_m1f5_P1_Y3_UO260,RD1_F10_m9f5_P9_Y1_UO314,RD5_F2_m9f10_P9_Y1_UO46,FXX,0,0.0,0,0,0.0,0,0,0,0.0,0.5,1,P0_CV0,1,1,1,1,1
1,4.359949021420038,0.38889347741837,Age0_F1_m1f5_P1_Y3_UO268,RD1_F10_m9f5_P9_Y1_UO314,RD5_F2_m9f10_P9_Y1_UO46,MXY,0,0.0,0,0,0.0,0,0,0,0.0,0.5,1,P0_CV0,1,1,1,1,1
1,4.359949021420038,0.38889347741837,R1_F1_m10f5_P10_Y2_UO330,RD10_F5_m1f9_P1_Y0_UO544,RD5_F4_m8f7_P8_Y0_UO271,FXX,1,0.0,1,1,1.0,0,0,0,-9999.0,0.5,1,P0_CV0,1,1,1,1,1
1,4.359949021420038,0.38889347741837,R1_F1_m10f3_P10_Y2_UO536,RD10_F3_m1f9_P1_Y0_UO585,RD3_F5_m1f10_P1_Y0_UO289,FXX,1,0.0,1,1,1.0,0,0,0,-9999.0,0.375,1,P0_CV0,1,0,2,0,2
1,4.359949021420038,0.38889347741837,R1_F1_m9f5_P9_Y1_UO314,RD9_F8_m-1f-1_P8_Y-1_U97,RD5_F1_m-1f-1_P1_Y-1_U5,FXX,2,0.0,1,0,1.0,0,0,0,-9999.0,0.0,1,P0_CV0,1,0,2,0,2
1,4.359949021420038,0.38889347741837,Age0_F1_m1f5_P1_Y3_UO15,RD1_F10_m9f4_P9_Y1_UO330,RD5_F10_m7f4_P7_Y1_UO217,MXY,0,0.0,0,0,0.0,0,0,0,0.0,0.5,1,P1_CV0,1,1,1,2,0
1,4.359949021420038,0.38889347741837,Age0_F1_m1f5_P1_Y3_UO18,RD1_F10_m9f4_P9_Y1_UO330,RD5_F10_m7f4_P7_Y1_UO217,MXY,0,0.0,0,0,0.0,0,0,0,0.0,0.5,1,P1_CV0,1,1,1,1,1
1,4.359949021420038,0.38889347741837,Age0_F1_m1f5_P1_Y3_UO19,RD1_F10_m9f4_P9_Y1_UO330,RD5_F10_m7f4_P7_Y1_UO217,MXY,0,0.0,0,0,0.0,0,0,0,0.0,0.5,1,P1_CV0,1,1,1,1,1
1,4.359949021420038,0.38889347741837,Age0_F1_m1f5_P1_Y3_UO21,RD1_F10_m9f4_P9_Y1_UO330,RD5_F10_m7f4_P7_Y1_UO217,FXX,0,0.0,0,0,0.0,0,0,0,0.0,0.5,1,P1_CV0,1,1,1,1,1
1,4.359949021420038,0.38889347741837,R1_F1_m7f8_P7_Y2_UO152,RD7_F4_m9f5_P9_Y0_UO370,RD8_F9_m2f6_P2_Y0_UO392,FXX,1,0.0,1,1,1.0,0,0,0,-9999.0,0.5,1,P1_CV0,1,0,2,1,1
1,4.359949021420038,0.38889347741837,R1_F1_m2f7_P2_Y2_UO728,RD2_F6_m8f9_P8_Y0_UO501,RD7_F3_m2f6_P2_Y0_UO387,FXX,1,0.0,1,1,1.0,0,0,0,-9999.0,0.5,1,P1_CV0,1,0,2,1,1
1,4.359949021420038,0.38889347741837,R1_F1_m7f4_P7_Y2_UO10,RD7_F1_m5f7_P5_Y0_UO327,RD4_F8_m-1f-1_P2_Y-1_U1,FXX,1,0.0,1,1,1.0,0,0,0,-9999.0,0.625,1,P1_CV0,1,1,1,2,0
1,4.359949021420038,0.38889347741837,R1_F1_m8f7_P8_Y1_UO534,RD8_F2_m-1f-1_P2_Y-1_U26,RD7_F5_m-1f-1_P5_Y-1_U59,MXY,2,0.0,1,0,0.0,0,0,0,-9999.0,0.5,1,P1_CV0,1,1,1,1,1
1,4.359949021420038,0.38889347741837,R1_F1_m5f3_P5_Y1_UO377,RD5_F2_m-1f-1_P2_Y-1_U70,RD3_F4_m-1f-1_P4_Y-1_U62,MXY,2,0.0,1,0,0.0,0,0,0,-9999.0,0.5,1,P1_CV0,1,1,1,1,1
1,4.359949021420038,0.38889347741837,Age0_F1_m1f10_P1_Y3_UO523,RD1_F3_m6f2_P6_Y1_UO203,RD10_F2_m9f3_P9_Y0_UO95,FXX,0,0.0,0,0,0.0,0,0,0,0.0,0.125,1,P2_CV0,1,0,2,1,1
1,4.359949021420038,0.38889347741837,Age0_F1_m1f10_P1_Y3_UO524,RD1_F3_m6f2_P6_Y1_UO203,RD10_F2_m9f3_P9_Y0_UO95,MXY,0,0.0,0,0,0.0,0,0,0,0.0,0.125,1,P2_CV0,1,0,2,1,1
1,4.359949021420038,0.38889347741837,Age0_F1_m1f10_P1_Y3_UO527,RD1_F3_m6f2_P6_Y1_UO203,RD10_F2_m9f3_P9_Y0_UO95,MXY,0,0.0,0,0,0.0,0,0,0,0.0,0.125,1,P2_CV0,1,0,2,2,0
1,4.359949021420038,0.38889347741837,Age0_F1_m1f10_P1_Y3_UO528,RD1_F3_m6f2_P6_Y1_UO203,RD10_F2_m9f3_P9_Y0_UO95,MXY,0,0.0,0,0,0.0,0,0,0,0.0,0.125,1,P2_CV0,1,0,2,1,1
1,4.359949021420038,0.38889347741837,Age0_F1_m1f10_P1_Y3_UO529,RD1_F3_m6f2_P6_Y1_UO203,RD10_F2_m9f3_P9_Y0_UO95,MXY,0,0.0,0,0,0.0,0,0,0,0.0,0.125,1,P2_CV0,1,0,2,2,0
1,4.359949021420038,0.38889347741837,Age0_F1_m1f10_P1_Y3_UO531,RD1_F3_m6f2_P6_Y1_UO203,RD10_F2_m9f3_P9_Y0_UO95,MXY,0,0.0,0,0,0.0,0,0,0,0.0,0.125,1,P2_CV0,1,0,2,1,1
1,4.359949021420038,0.38889347741837,Age0_F1_m1f10_P1_Y3_UO532,RD1_F3_m6f2_P6_Y1_UO203,RD10_F2_m9f3_P9_Y0_UO95,FXX,0,0.0,0,0,0.0,0,0,0,0.0,0.125,1,P2_CV0,1,0,2,2,0
1,4.359949021420038,0.38889347741837,Age0_F1_m1f10_P1_Y3_UO535,RD1_F3_m6f2_P6_Y1_UO203,RD10_F2_m9f3_P9_Y0_UO95,FXX,0,0.0,0,0,0.0,0,0,0,0.0,0.125,1,P2_CV0,1,0,2,1,1
1,4.359949021420038,0.38889347741837,R1_F1_m5f3_P5_Y2_UO557,RD5_F4_m6f3_P6_Y0_UO174,RD3_F5_m3f9_P3_Y0_UO524,MXY,1,0.0,1,1,0.0,0,0,0,-9999.0,0.375,1,P2_CV0,1,0,2,1,1
1,4.359949021420038,0.38889347741837,R1_F1_m5f2_P5_Y2_UO20,RD5_F4_m6f3_P6_Y0_UO174,RD2_F5_m1f10_P1_Y0_UO222,MXY,1,0.0,1,1,0.0,0,0,0,-9999.0,0.625,1,P2_CV0,1,1,1,2,0
1,4.359949021420038,0.38889347741837,R1_F1_m5f4_P5_Y2_UO626,RD5_F9_m4f3_P4_Y0_UO78,RD4_F5_m1f3_P1_Y0_UO493,FXX,1,0.0,1,1,1.0,0,0,0,-9999.0,0.5,1,P2_CV0,1,1,1,0,2
1,4.359949021420038,0.38889347741837,R1_F1_m6f4_P6_Y2_UO61,RD6_F5_m3f2_P3_Y0_UO409,RD4_F8_m6f9_P6_Y0_UO164,MXY,1,0.0,1,1,0.0,0,0,0,-9999.0,0.5,1,P2_CV0,1,1,1,2,0
1,4.359949021420038,0.38889347741837,R1_F1_m7f4_P7_Y2_UO346,RD7_F5_m4f7_P4_Y0_UO718,RD4_F7_m10f3_P10_Y0_UO188,MXY,1,0.0,1,1,0.0,0,0,0,-9999.0,0.375,1,P2_CV0,1,1,1,1,1
1,4.359949021420038,0.38889347741837,R1_F1_m2f6_P2_Y2_UO671,RD2_F6_m8f9_P8_Y0_UO501,RD6_F7_m9f3_P9_Y0_UO701,MXY,1,0.0,1,1,0.0,0,0,0,-9999.0,0.375,1,P2_CV0,1,1,1,2,0
1,4.359949021420038,0.38889347741837,R1_F1_m1f10_P1_Y1_UO114,RD1_F5_m-1f-1_P5_Y-1_U97,RD10_F3_m-1f-1_P3_Y-1_U52,MXY,2,0.0,1,0,0.0,0,0,0,-9999.0,0.5,1,P2_CV0,1,1,1,1,1
1,4.359949021420038,0.38889347741837,R1_F1_m5f3_P5_Y0_UO695,R5_F5_m-1f-1_P5_Y-1_U41,R3_F3_m-1f-1_P3_Y-1_U11,MXY,3,0.0,1,0,0.0,0,0,0,-9999.0,0.75,1,P2_CV0,1,1,1,1,1
1,4.359949021420038,0.38889347741837,Age0_F1_m1f5_P1_Y3_UO258,RD1_F10_m9f5_P9_Y1_UO314,RD5_F2_m9f10_P9_Y1_UO46,MXY,0,0.0,0,0,0.0,0,0,0,0.0,0.5,1,P3_CV0,1,1,1,1,1
1,4.359949021420038,0.38889347741837,Age0_F1_m1f5_P1_Y3_UO261,RD1_F10_m9f5_P9_Y1_UO314,RD5_F2_m9f10_P9_Y1_UO46,FXX,0,0.0,0,0,0.0,0,0,0,0.0,0.5,1,P3_CV0,1,1,1,1,1
1,4.359949021420038,0.38889347741837,Age0_F1_m1f5_P1_Y3_UO262,RD1_F10_m9f5_P9_Y1_UO314,RD5_F2_m9f10_P9_Y1_UO46,MXY,0,0.0,0,0,0.0,0,0,0,0.0,0.5,1,P3_CV0,1,1,1,1,1
1,4.359949021420038,0.38889347741837,Age0_F1_m1f5_P1_Y3_UO263,RD1_F10_m9f5_P9_Y1_UO314,RD5_F2_m9f10_P9_Y1_UO46,MXY,0,0.0,0,0,0.0,0,0,0,0.0,0.5,1,P3_CV0,1,1,1,1,1
1,4.359949021420038,0.38889347741837,Age0_F1_m1f5_P1_Y3_UO264,RD1_F10_m9f5_P9_Y1_UO314,RD5_F2_m9f10_P9_Y1_UO46,MXY,0,0.0,0,0,0.0,0,0,0,0.0,0.5,1,P3_CV0,1,1,1,1,1
1,4.359949021420038,0.38889347741837,Age0_F1_m1f5_P1_Y3_UO265,RD1_F10_m9f5_P9_Y1_UO314,RD5_F2_m9f10_P9_Y1_UO46,FXX,0,0.0,0,0,0.0,0,0,0,0.0,0.5,1,P3_CV0,1,1,1,1,1
1,4.359949021420038,0.38889347741837,Age0_F1_m1f5_P1_Y3_UO266,RD1_F10_m9f5_P9_Y1_UO314,RD5_F2_m9f10_P9_Y1_UO46,MXY,0,0.0,0,0,0.0,0,0,0,0.0,0.5,1,P3_CV0,1,1,1,1,1
1,4.359949021420038,0.38889347741837,Age0_F1_m1f5_P1_Y3_UO267,RD1_F10_m9f5_P9_Y1_UO314,RD5_F2_m9f10_P9_Y1_UO46,MXY,0,0.0,0,0,0.0,0,0,0,0.0,0.5,1,P3_CV0,1,1,1,1,1
1,4.359949021420038,0.38889347741837,Age0_F1_m1f10_P1_Y3_UO525,RD1_F3_m6f2_P6_Y1_UO203,RD10_F2_m9f3_P9_Y0_UO95,MXY,0,0.0,0,0,0.0,0,0,0,0.0,0.125,1,P3_CV0,1,0,2,2,0
1,4.359949021420038,0.38889347741837,Age0_F1_m1f10_P1_Y3_UO526,RD1_F3_m6f2_P6_Y1_UO203,RD10_F2_m9f3_P9_Y0_UO95,MXY,0,0.0,0,0,0.0,0,0,0,0.0,0.125,1,P3_CV0,1,0,2,2,0
1,4.359949021420038,0.38889347741837,Age0_F1_m1f10_P1_Y3_UO530,RD1_F3_m6f2_P6_Y1_UO203,RD10_F2_m9f3_P9_Y0_UO95,FXX,0,0.0,0,0,0.0,0,0,0,0.0,0.125,1,P3_CV0,1,0,2,1,1
1,4.359949021420038,0.38889347741837,Age0_F1_m1f10_P1_Y3_UO533,RD1_F3_m6f2_P6_Y1_UO203,RD10_F2_m9f3_P9_Y0_UO95,MXY,0,0.0,0,0,0.0,0,0,0,0.0,0.125,1,P3_CV0,1,0,2,1,1
1,4.359949021420038,0.38889347741837,Age0_F1_m1f10_P1_Y3_UO534,RD1_F3_m6f2_P6_Y1_UO203,RD10_F2_m9f3_P9_Y0_UO95,FXX,0,0.0,0,0,0.0,0,0,0,0.0,0.125,1,P3_CV0,1,0,2,2,0
1,4.359949021420038,0.38889347741837,Age0_F1_m1f10_P1_Y3_UO536,RD1_F3_m6f2_P6_Y1_UO203,RD10_F2_m9f3_P9_Y0_UO95,FXX,0,0.0,0,0,0.0,0,0,0,0.0,0.125,1,P3_CV0,1,0,2,1,1
1,4.359949021420038,0.38889347741837,R1_F1_m5f3_P5_Y2_UO142,RD5_F7_m2f4_P2_Y0_UO571,RD3_F4_m7f4_P7_Y0_UO249,MXY,1,0.0,1,1,0.0,0,0,0,-9999.0,0.625,1,P3_CV0,1,2,0,1,1
1,4.359949021420038,0.38889347741837,R1_F1_m10f1_P10_Y2_UO429,RD10_F2_m7f4_P7_Y0_UO415,RD1_F5_m1f9_P1_Y0_UO637,FXX,1,0.0,1,1,1.0,0,0,0,-9999.0,0.5,1,P3_CV0,1,1,1,2,0
1,4.359949021420038,0.38889347741837,R1_F1_m5f3_P5_Y2_UO143,RD5_F7_m2f4_P2_Y0_UO571,RD3_F4_m7f4_P7_Y0_UO249,MXY,1,0.0,1,1,0.0,0,0,0,-9999.0,0.625,1,P3_CV0,1,1,1,1,1
1,4.359949021420038,0.38889347741837,R1_F1_m10f7_P10_Y2_UO460,RD10_F8_m4f9_P4_Y0_UO655,RD7_F5_m3f5_P3_Y0_UO400,MXY,1,0.0,1,1,0.0,0,0,0,-9999.0,0.375,1,P3_CV0,1,1,1,2,0
1,4.359949021420038,0.38889347741837,R1_F1_m10f9_P10_Y2_UO221,RD10_F3_m2f6_P2_Y0_UO386,RD9_F1_m-1f-1_P4_Y-1_U36,FXX,1,0.0,1,1,1.0,0,0,0,-9999.0,0.75,1,P3_CV0,1,2,0,2,0
1,4.359949021420038,0.38889347741837,R1_F1_m7f8_P7_Y1_UO334,RD7_F5_m-1f-1_P5_Y-1_U91,RD8_F4_m-1f-1_P4_Y-1_U31,MXY,2,0.0,1,0,0.0,0,0,0,-9999.0,1.0,1,P3_CV0,1,2,0,1,1
1,4.359949021420038,0.38889347741837,R1_F1_m4f9_P4_Y0_UO655,R4_F4_m-1f-1_P4_Y-1_U91,R9_F9_m-1f-1_P9_Y-1_U11,FXX,3,0.0,1,0,1.0,0,0,0,-9999.0,0.5,1,P3_CV0,1,1,1,2,0
1,4.359949021420038,0.38889347741837,R1_F1_m5f7_P5_Y2_UO741,RD5_F3_m5f1_P5_Y0_UO683,RD7_F4_m6f5_P6_Y0_UO155,MXY,1,0.0,1,1,0.0,0,0,0,-9999.0,0.25,1,P4_CV0,1,0,2,0,2
1,4.359949021420038,0.38889347741837,R1_F1_m10f3_P10_Y2_UO577,RD10_F5_m1f5_P1_Y0_UO675,RD3_F7_m1f2_P1_Y0_UO457,FXX,1,0.0,1,1,1.0,0,0,0,-9999.0,0.375,1,P4_CV0,1,1,1,1,1
1,4.359949021420038,0.38889347741837,R1_F1_m5f1_P5_Y2_UO548,RD5_F3_m5f1_P5_Y0_UO683,RD1_F5_m4f7_P4_Y0_UO720,FXX,1,0.0,1,1,1.0,0,0,0,-9999.0,0.5,1,P4_CV0,1,1,1,1,1
1,4.359949021420038,0.38889347741837,R1_F1_m5f7_P5_Y2_UO739,RD5_F3_m5f1_P5_Y0_UO683,RD7_F4_m6f5_P6_Y0_UO155,FXX,1,0.0,1,1,1.0,0,0,0,-9999.0,0.25,1,P4_CV0,1,1,1,0,2
1,4.359949021420038,0.38889347741837,R1_F1_m10f1_P10_Y2_UO420,RD10_F1_m10f3_P10_Y0_UO420,RD1_F10_m1f5_P1_Y0_UO678,MXY,1,0.0,1,1,0.0,0,0,0,-9999.0,0.375,1,P4_CV0,1,0,2,1,1
1,4.359949021420038,0.38889347741837,R1_F1_m2f3_P2_Y2_UO98,RD2_F8_m4f6_P4_Y0_UO650,RD3_F9_m8f9_P8_Y0_UO59,FXX,1,0.0,1,1,1.0,0,0,0,-9999.0,0.75,1,P5_CV0,1,2,0,1,1
1,4.359949021420038,0.38889347741837,R1_F1_m2f10_P2_Y2_UO276,RD2_F4_m9f5_P9_Y0_UO739,RD10_F5_m2f6_P2_Y0_UO733,FXX,1,0.0,1,1,1.0,0,0,0,-9999.0,0.375,1,P5_CV0,1,1,1,1,1
1,4.359949021420038,0.38889347741837,R1_F1_m10f2_P10_Y2_UO543,RD10_F5_m6f7_P6_Y0_UO132,RD2_F3_m6f5_P6_Y0_UO348,FXX,1,0.0,1,1,1.0,0,0,0,-9999.0,0.375,1,P5_CV0,1,2,0,1,1
1,4.359949021420038,0.38889347741837,R1_F1_m3f2_P3_Y2_UO488,RD3_F1_m5f1_P5_Y0_UO617,RD2_F4_m6f4_P6_Y0_UO29,MXY,1,0.0,1,1,0.0,0,0,0,-9999.0,0.375,1,P5_CV0,1,1,1,1,1
1,4.359949021420038,0.38889347741837,R1_F1_m3f7_P3_Y2_UO603,RD3_F5_m6f8_P6_Y0_UO142,RD7_F4_m6f10_P6_Y0_UO561,FXX,1,0.0,1,1,1.0,0,0,0,-9999.0,0.375,1,P5_CV0,1,1,1,1,1
1,4.359949021420038,0.38889347741837,R1_F1_m10f6_P10_Y2_UO646,RD10_F9_m6f10_P6_Y0_UO393,RD6_F4_m8f3_P8_Y0_UO207,FXX,1,0.0,1,1,1.0,0,0,0,-9999.0,0.25,1,P5_CV0,1,0,2,2,0
1,4.359949021420038,0.38889347741837,R1_F1_m5f3_P5_Y2_UO207,RD5_F8_m7f10_P7_Y0_UO464,RD3_F1_m10f6_P10_Y0_UO334,FXX,1,0.0,1,1,1.0,0,0,0,-9999.0,0.875,1,P5_CV0,1,1,1,1,1
1,4.359949021420038,0.38889347741837,R1_F1_m3f2_P3_Y2_UO412,RD3_F6_m9f4_P9_Y0_UO645,RD2_F8_m4f6_P4_Y0_UO651,MXY,1,0.0,1,1,0.0,0,0,0,-9999.0,0.625,1,P5_CV0,1,1,1,0,2
1,4.359949021420038,0.38889347741837,R1_F1_m6f2_P6_Y0_UO715,R6_F6_m-1f-1_P6_Y-1_U67,R2_F2_m-1f-1_P2_Y-1_U7,MXY,3,0.0,1,0,0.0,0,0,0,-9999.0,0.5,1,P5_CV0,1,1,1,1,1
1,4.359949021420038,0.38889347741837,Age0_F1_m1f7_P1_Y3_UO60,RD1_F10_m6f4_P6_Y1_UO38,RD7_F9_m6f10_P6_Y0_UO559,MXY,0,0.0,0,0,0.0,0,0,0,0.0,0.5,1,P6_CV0,1,1,1,0,2
1,4.359949021420038,0.38889347741837,Age0_F1_m1f7_P1_Y3_UO62,RD1_F10_m6f4_P6_Y1_UO38,RD7_F9_m6f10_P6_Y0_UO559,FXX,0,0.0,0,0,0.0,0,0,0,0.0,0.5,1,P6_CV0,1,1,1,0,2
1,4.359949021420038,0.38889347741837,Age0_F1_m1f7_P1_Y3_UO63,RD1_F10_m6f4_P6_Y1_UO38,RD7_F9_m6f10_P6_Y0_UO559,FXX,0,0.0,0,0,0.0,0,0,0,0.0,0.5,1,P6_CV0,1,1,1,0,2
1,4.359949021420038,0.38889347741837,R1_F1_m10f1_P10_Y2_UO134,RD10_F5_m6f7_P6_Y0_UO132,RD1_F4_m2f4_P2_Y0_UO380,MXY,1,0.0,1,1,0.0,0,0,0,-9999.0,0.5,1,P6_CV0,1,1,1,2,0
1,4.359949021420038,0.38889347741837,R1_F1_m10f1_P10_Y2_UO131,RD10_F5_m6f7_P6_Y0_UO132,RD1_F4_m2f4_P2_Y0_UO380,MXY,1,0.0,1,1,0.0,0,0,0,-9999.0,0.5,1,P6_CV0,1,2,0,2,0
1,4.359949021420038,0.38889347741837,R1_F1_m6f3_P6_Y1_UO187,RD6_F5_m-1f-1_P5_Y-1_U93,RD3_F7_m-1f-1_P7_Y-1_U80,FXX,2,0.0,1,0,1.0,0,0,0,-9999.0,0.5,1,P6_CV0,1,1,1,1,1
1,4.359949021420038,0.38889347741837,R1_F1_m6f4_P6_Y1_UO38,RD6_F9_m-1f-1_P9_Y-1_U95,RD4_F7_m-1f-1_P7_Y-1_U69,FXX,2,0.0,1,0,1.0,0,0,0,-9999.0,0.5,1,P6_CV0,1,0,2,0,2
1,4.359949021420038,0.38889347741837,R1_F1_m1f6_P1_Y1_UO442,RD1_F2_m-1f-1_P2_Y-1_U30,RD6_F7_m-1f-1_P7_Y-1_U4,MXY,2,0.0,1,0,0.0,0,0,0,-9999.0,0.5,1,P6_CV0,1,2,0,1,1
1,4.359949021420038,0.38889347741837,R1_F1_m-1f-1_P7_Y-1_U52,-9999,-9999,MXY,5,0.0,1,0,0.0,0,0,0,-9999.0,0.0,1,P6_CV0,1,0,2,2,0
1,4.359949021420038,0.38889347741837,R1_F1_m10f5_P10_Y2_UO329,RD10_F5_m1f9_P1_Y0_UO544,RD5_F4_m8f7_P8_Y0_UO271,FXX,1,0.0,1,1,1.0,0,0,0,-9999.0,0.5,1,P7_CV0,1,1,1,1,1
1,4.359949021420038,0.38889347741837,R1_F1_m10f6_P10_Y2_UO645,RD10_F9_m6f10_P6_Y0_UO393,RD6_F4_m8f3_P8_Y0_UO207,FXX,1,0.0,1,1,1.0,0,0,0,-9999.0,0.25,1,P7_CV0,1,1,1,1,1
1,4.359949021420038,0.38889347741837,R1_F1_m9f2_P9_Y2_UO502,RD9_F6_m8f2_P8_Y0_UO549,RD2_F3_m6f5_P6_Y0_UO348,FXX,1,0.0,1,1,1.0,0,0,0,-9999.0,0.375,1,P7_CV0,1,1,1,0,2
1,4.359949021420038,0.38889347741837,R1_F1_m2f6_P2_Y2_UO658,RD2_F5_m8f1_P8_Y0_UO614,RD6_F9_m1f3_P1_Y0_UO494,MXY,1,0.0,1,1,0.0,0,0,0,-9999.0,0.375,1,P7_CV0,1,0,2,0,2
1,4.359949021420038,0.38889347741837,R1_F1_m5f3_P5_Y2_UO361,RD5_F4_m8f7_P8_Y0_UO279,RD3_F9_m8f9_P8_Y0_UO59,FXX,1,0.0,1,1,1.0,0,0,0,-9999.0,0.375,1,P7_CV0,1,2,0,0,2
1,4.359949021420038,0.38889347741837,R1_F1_m5f7_P5_Y2_UO22,RD5_F4_m8f7_P8_Y0_UO279,RD7_F3_m10f8_P10_Y0_UO511,MXY,1,0.0,1,1,0.0,0,0,0,-9999.0,0.5,1,P7_CV0,1,1,1,1,1
1,4.359949021420038,0.38889347741837,R1_F1_m9f6_P9_Y2_UO486,RD9_F6_m8f2_P8_Y0_UO549,RD6_F1_m4f3_P4_Y0_UO71,MXY,1,0.0,1,1,0.0,0,0,0,-9999.0,0.5,1,P7_CV0,1,1,1,1,1
1,4.359949021420038,0.38889347741837,R1_F1_m9f7_P9_Y1_UO541,RD9_F8_m-1f-1_P8_Y-1_U77,RD7_F3_m-1f-1_P3_Y-1_U59,MXY,2,0.0,1,0,0.0,0,0,0,-9999.0,0.5,1,P7_CV0,1,1,1,2,0
1,4.359949021420038,0.38889347741837,Age0_F1_m1f5_P1_Y3_UO16,RD1_F10_m9f4_P9_Y1_UO330,RD5_F10_m7f4_P7_Y1_UO217,FXX,0,0.0,0,0,0.0,0,0,0,0.0,0.5,1,P8_CV0,1,1,1,1,1
1,4.359949021420038,0.38889347741837,Age0_F1_m1f5_P1_Y3_UO17,RD1_F10_m9f4_P9_Y1_UO330,RD5_F10_m7f4_P7_Y1_UO217,MXY,0,0.0,0,0,0.0,0,0,0,0.0,0.5,1,P8_CV0,1,1,1,2,0
1,4.359949021420038,0.38889347741837,Age0_F1_m1f5_P1_Y3_UO20,RD1_F10_m9f4_P9_Y1_UO330,RD5_F10_m7f4_P7_Y1_UO217,MXY,0,0.0,0,0,0.0,0,0,0,0.0,0.5,1,P8_CV0,1,1,1,2,0
1,4.359949021420038,0.38889347741837,Age0_F1_m1f5_P1_Y3_UO22,RD1_F10_m9f4_P9_Y1_UO330,RD5_F10_m7f4_P7_Y1_UO217,FXX,0,0.0,0,0,0.0,0,0,0,0.0,0.5,1,P8_CV0,1,1,1,2,0
1,4.359949021420038,0.38889347741837,Age0_F1_m1f5_P1_Y3_UO23,RD1_F10_m9f4_P9_Y1_UO330,RD5_F10_m7f4_P7_Y1_UO217,FXX,0,0.0,0,0,0.0,0,0,0,0.0,0.5,1,P8_CV0,1,1,1,1,1
1,4.359949021420038,0.38889347741837,Age0_F1_m1f5_P1_Y3_UO24,RD1_F10_m9f4_P9_Y1_UO330,RD5_F10_m7f4_P7_Y1_UO217,MXY,0,0.0,0,0,0.0,0,0,0,0.0,0.5,1,P8_CV0,1,1,1,2,0
1,4.359949021420038,0.38889347741837,Age0_F1_m1f5_P1_Y3_UO25,RD1_F10_m9f4_P9_Y1_UO330,RD5_F10_m7f4_P7_Y1_UO217,MXY,0,0.0,0,0,0.0,0,0,0,0.0,0.5,1,P8_CV0,1,1,1,2,0
1,4.359949021420038,0.38889347741837,R1_F1_m6f4_P6_Y2_UO60,RD6_F5_m3f2_P3_Y0_UO409,RD4_F8_m6f9_P6_Y0_UO164,FXX,1,0.0,1,1,1.0,0,0,0,-9999.0,0.5,1,P8_CV0,1,1,1,2,0
1,4.359949021420038,0.38889347741837,Age0_F1_m1f7_P1_Y3_UO61,RD1_F10_m6f4_P6_Y1_UO38,RD7_F9_m6f10_P6_Y0_UO559,MXY,0,0.0,0,0,0.0,0,0,0,0.0,0.5,1,P9_CV0,1,1,1,0,2
1,4.359949021420038,0.38889347741837,R1_F1_m10f1_P10_Y2_UO421,RD10_F1_m10f3_P10_Y0_UO420,RD1_F10_m1f5_P1_Y0_UO678,MXY,1,0.0,1,1,0.0,0,0,0,-9999.0,0.375,1,P9_CV0,1,1,1,2,0
1,4.359949021420038,0.38889347741837,R1_F1_m5f9_P5_Y2_UO604,RD5_F3_m10f3_P10_Y0_UO187,RD9_F4_m-1f-1_P8_Y-1_U25,MXY,1,0.0,1,1,0.0,0,0,0,-9999.0,0.375,1,P9_CV0,1,1,1,1,1
1,4.359949021420038,0.38889347741837,R1_F1_m9f2_P9_Y2_UO515,RD9_F2_m9f10_P9_Y0_UO119,RD2_F5_m1f3_P1_Y0_UO226,FXX,1,0.0,1,1,1.0,0,0,0,-9999.0,0.625,1,P9_CV0,1,1,1,2,0
1,4.359949021420038,0.38889347741837,R1_F1_m2f3_P2_Y2_UO733,RD2_F4_m8f2_P8_Y0_UO546,RD3_F8_m10f9_P10_Y0_UO562,FXX,1,0.0,1,1,1.0,0,0,0,-9999.0,0.5,1,P9_CV0,1,1,1,2,0
1,4.359949021420038,0.38889347741837,R1_F1_m2f4_P2_Y1_UO165,RD2_F10_m-1f-1_P10_Y-1_U30,RD4_F3_m-1f-1_P3_Y-1_U91,MXY,2,0.0,1,0,0.0,0,0,0,-9999.0,0.25,1,P9_CV0,1,1,1,2,0
1,4.359949021420038,0.38889347741837,R1_F1_m2f8_P2_Y1_UO397,RD2_F10_m-1f-1_P10_Y-1_U30,RD8_F3_m-1f-1_P3_Y-1_U44,MXY,2,0.0,1,0,0.0,0,0,0,-9999.0,0.5,1,P9_CV0,1,1,1,2,0
1,4.359949021420038,0.38889347741837,R1_F1_m10f3_P10_Y0_UO420,R10_F10_m-1f-1_P10_Y-1_U52,R3_F3_m-1f-1_P3_Y-1_U27,FXX,3,0.0,1,0,1.0,0,0,0,-9999.0,0.25,1,P9_CV0,1,0,2,1,1
2,5.496624778787091,6.529835889274153,Age0_F2_m2f7_P2_Y3_UO421,RD2_F10_m1f7_P1_Y1_UO369,RD7_F6_m9f10_P9_Y1_UO51,FXX,0,0.0,0,0,0.0,0,0,0,0.0,0.875,1,P0_CV0,1,2,0,1,1
2,5.496624778787091,6.529835889274153,Age0_F2_m2f7_P2_Y3_UO423,RD2_F10_m1f7_P1_Y1_UO369,RD7_F6_m9f10_P9_Y1_UO51,MXY,0,0.0,0,0,0.0,0,0,0,0.0,0.875,1,P0_CV0,1,2,0,2,0
2,5.496624778787091,6.529835889274153,Age0_F2_m2f7_P2_Y3_UO424,RD2_F10_m1f7_P1_Y1_UO369,RD7_F6_m9f10_P9_Y1_UO51,FXX,0,0.0,0,0,0.0,0,0,0,0.0,0.875,1,P0_CV0,1,2,0,1,1
2,5.496624778787091,6.529835889274153,Age0_F2_m2f7_P2_Y3_UO428,RD2_F10_m1f7_P1_Y1_UO369,RD7_F6_m9f10_P9_Y1_UO51,FXX,0,0.0,0,0,0.0,0,0,0,0.0,0.875,1,P0_CV0,1,2,0,2,0
2,5.496624778787091,6.529835889274153,Age0_F2_m2f7_P2_Y3_UO429,RD2_F10_m1f7_P1_Y1_UO369,RD7_F6_m9f10_P9_Y1_UO51,FXX,0,0.0,0,0,0.0,0,0,0,0.0,0.875,1,P0_CV0,1,2,0,2,0
2,5.496624778787091,6.529835889274153,Age0_F2_m2f5_P2_Y3_UO445,RD2_F3_m10f2_P10_Y1_UO402,RD5_F1_m4f5_P4_Y1_UO368,FXX,0,0.0,0,0,0.0,0,0,0,0.0,0.25,1,P0_CV0,1,0,2,1,1
2,5.496624778787091,6.529835889274153,Age0_F2_m2f5_P2_Y3_UO447,RD2_F3_m10f2_P10_Y1_UO402,RD5_F1_m4f5_P4_Y1_UO368,MXY,0,0.0,0,0,0.0,0,0,0,0.0,0.25,1,P0_CV0,1,0,2,1,1
2,5.496624778787091,6.529835889274153,Age0_F2_m2f5_P2_Y3_UO448,RD2_F3_m10f2_P10_Y1_UO402,RD5_F1_m4f5_P4_Y1_UO368,MXY,0,0.0,0,0,0.0,0,0,0,0.0,0.25,1,P0_CV0,1,0,2,1,1
2,5.496624778787091,6.529835889274153,Age0_F2_m2f9_P2_Y3_UO42,RD2_F9_m1f10_P1_Y1_UO517,RD9_F2_m9f6_P9_Y1_UO154,MXY,0,0.0,0,0,0.0,0,0,0,0.0,0.5,1,P1_CV0,1,1,1,2,0
2,5.496624778787091,6.529835889274153,Age0_F2_m2f9_P2_Y3_UO48,RD2_F9_m1f10_P1_Y1_UO517,RD9_F2_m9f6_P9_Y1_UO154,MXY,0,0.0,0,0,0.0,0,0,0,0.0,0.5,1,P1_CV0,1,1,1,2,0
2,5.496624778787091,6.529835889274153,Age0_F2_m2f9_P2_Y3_UO49,RD2_F9_m1f10_P1_Y1_UO517,RD9_F2_m9f6_P9_Y1_UO154,MXY,0,0.0,0,0,0.0,0,0,0,0.0,0.5,1,P1_CV0,1,1,1,2,0
2,5.496624778787091,6.529835889274153,Age0_F2_m2f9_P2_Y3_UO50,RD2_F9_m1f10_P1_Y1_UO517,RD9_F2_m9f6_P9_Y1_UO154,FXX,0,0.0,0,0,0.0,0,0,0,0.0,0.5,1,P1_CV0,1,1,1,2,0
2,5.496624778787091,6.529835889274153,Age0_F2_m2f9_P2_Y3_UO51,RD2_F9_m1f10_P1_Y1_UO517,RD9_F2_m9f6_P9_Y1_UO154,MXY,0,0.0,0,0,0.0,0,0,0,0.0,0.5,1,P1_CV0,1,2,0,2,0
2,5.496624778787091,6.529835889274153,Age0_F2_m2f1_P2_Y3_UO248,RD2_F10_m1f5_P1_Y1_UO272,RD1_F6_m5f3_P5_Y1_UO377,MXY,0,0.0,0,0,0.0,0,0,0,0.0,0.5,1,P1_CV0,1,0,2,0,2
2,5.496624778787091,6.529835889274153,Age0_F2_m2f1_P2_Y3_UO249,RD2_F10_m1f5_P1_Y1_UO272,RD1_F6_m5f3_P5_Y1_UO377,MXY,0,0.0,0,0,0.0,0,0,0,0.0,0.5,1,P1_CV0,1,1,1,1,1
2,5.496624778787091,6.529835889274153,Age0_F2_m2f1_P2_Y3_UO250,RD2_F10_m1f5_P1_Y1_UO272,RD1_F6_m5f3_P5_Y1_UO377,MXY,0,0.0,0,0,0.0,0,0,0,0.0,0.5,1,P1_CV0,1,2,0,1,1
2,5.496624778787091,6.529835889274153,Age0_F2_m2f1_P2_Y3_UO251,RD2_F10_m1f5_P1_Y1_UO272,RD1_F6_m5f3_P5_Y1_UO377,MXY,0,0.0,0,0,0.0,0,0,0,0.0,0.5,1,P1_CV0,1,2,0,1,1
2,5.496624778787091,6.529835889274153,Age0_F2_m2f1_P2_Y3_UO252,RD2_F10_m1f5_P1_Y1_UO272,RD1_F6_m5f3_P5_Y1_UO377,FXX,0,0.0,0,0,0.0,0,0,0,0.0,0.5,1,P1_CV0,1,0,2,2,0
2,5.496624778787091,6.529835889274153,Age0_F2_m2f1_P2_Y3_UO253,RD2_F10_m1f5_P1_Y1_UO272,RD1_F6_m5f3_P5_Y1_UO377,MXY,0,0.0,0,0,0.0,0,0,0,0.0,0.5,1,P1_CV0,1,1,1,0,2
2,5.496624778787091,6.529835889274153,Age0_F2_m2f8_P2_Y3_UO337,RD2_F10_m1f5_P1_Y1_UO272,RD8_F7_m7f4_P7_Y0_UO308,MXY,0,0.0,0,0,0.0,0,0,0,0.0,0.5,1,P1_CV0,1,1,1,1,1
2,5.496624778787091,6.529835889274153,Age0_F2_m2f8_P2_Y3_UO338,RD2_F10_m1f5_P1_Y1_UO272,RD8_F7_m7f4_P7_Y0_UO308,MXY,0,0.0,0,0,0.0,0,0,0,0.0,0.5,1,P1_CV0,1,0,2,0,2
2,5.496624778787091,6.529835889274153,Age0_F2_m2f8_P2_Y3_UO340,RD2_F10_m1f5_P1_Y1_UO272,RD8_F7_m7f4_P7_Y0_UO308,FXX,0,0.0,0,0,0.0,0,0,0,0.0,0.5,1,P1_CV0,1,1,1,0,2
2,5.496624778787091,6.529835889274153,Age0_F2_m2f10_P2_Y3_UO463,RD2_F10_m1f7_P1_Y1_UO369,RD10_F5_m1f5_P1_Y1_UO277,FXX,0,0.0,0,0,0.0,0,0,0,0.0,0.625,1,P1_CV0,1,1,1,2,0
2,5.496624778787091,6.529835889274153,Age0_F2_m2f10_P2_Y3_UO464,RD2_F10_m1f7_P1_Y1_UO369,RD10_F5_m1f5_P1_Y1_UO277,FXX,0,0.0,0,0,0.0,0,0,0,0.0,0.625,1,P1_CV0,1,1,1,0,2
2,5.496624778787091,6.529835889274153,Age0_F2_m2f10_P2_Y3_UO467,RD2_F10_m1f7_P1_Y1_UO369,RD10_F5_m1f5_P1_Y1_UO277,FXX,0,0.0,0,0,0.0,0,0,0,0.0,0.625,1,P1_CV0,1,1,1,1,1
2,5.496624778787091,6.529835889274153,Age0_F2_m2f10_P2_Y3_UO468,RD2_F10_m1f7_P1_Y1_UO369,RD10_F5_m1f5_P1_Y1_UO277,FXX,0,0.0,0,0,0.0,0,0,0,0.0,0.625,1,P1_CV0,1,1,1,1,1
2,5.496624778787091,6.529835889274153,Age0_F2_m2f10_P2_Y3_UO469,RD2_F10_m1f7_P1_Y1_UO369,RD10_F5_m1f5_P1_Y1_UO277,FXX,0,0.0,0,0,0.0,0,0,0,0.0,0.625,1,P1_CV0,1,1,1,0,2
2,5.496624778787091,6.529835889274153,R2_F2_m8f7_P8_Y2_UO114,RD8_F4_m2f4_P2_Y0_UO378,RD7_F8_m-1f-1_P2_Y-1_U19,MXY,1,0.0,1,1,0.0,0,0,0,-9999.0,0.25,1,P1_CV0,1,1,1,1,1
2,5.496624778787091,6.529835889274153,R2_F2_m7f4_P7_Y2_UO148,RD7_F8_m7f4_P7_Y0_UO175,RD4_F5_m2f9_P2_Y0_UO259,FXX,1,0.0,1,1,1.0,0,0,0,-9999.0,0.75,1,P1_CV0,1,2,0,0,2
2,5.496624778787091,6.529835889274153,R2_F2_m4f2_P4_Y2_UO301,RD4_F8_m5f7_P5_Y0_UO482,RD2_F8_m3f9_P3_Y0_UO523,FXX,1,0.0,1,1,1.0,0,0,0,-9999.0,0.5,1,P2_CV0,1,1,1,1,1
2,5.496624778787091,6.529835889274153,R2_F2_m6f4_P6_Y2_UO726,RD6_F8_m3f2_P3_Y0_UO439,RD4_F8_m7f5_P7_Y0_UO430,FXX,1,0.0,1,1,1.0,0,0,0,-9999.0,0.25,1,P2_CV0,1,0,2,2,0
2,5.496624778787091,6.529835889274153,Age0_F2_m2f3_P2_Y3_UO226,RD2_F3_m10f2_P10_Y1_UO402,RD3_F5_m-1f-1_P7_Y-1_U12,FXX,0,0.0,0,0,0.0,0,0,0,0.0,0.0,1,P3_CV0,1,0,2,2,0
2,5.496624778787091,6.529835889274153,Age0_F2_m2f3_P2_Y3_UO227,RD2_F3_m10f2_P10_Y1_UO402,RD3_F5_m-1f-1_P7_Y-1_U12,MXY,0,0.0,0,0,0.0,0,0,0,0.0,0.0,1,P3_CV0,1,0,2,2,0
2,5.496624778787091,6.529835889274153,Age0_F2_m2f3_P2_Y3_UO229,RD2_F3_m10f2_P10_Y1_UO402,RD3_F5_m-1f-1_P7_Y-1_U12,FXX,0,0.0,0,0,0.0,0,0,0,0.0,0.0,1,P3_CV0,1,0,2,1,1
2,5.496624778787091,6.529835889274153,Age0_F2_m2f5_P2_Y3_UO443,RD2_F3_m10f2_P10_Y1_UO402,RD5_F1_m4f5_P4_Y1_UO368,FXX,0,0.0,0,0,0.0,0,0,0,0.0,0.25,1,P3_CV0,1,0,2,0,2
2,5.496624778787091,6.529835889274153,Age0_F2_m2f5_P2_Y3_UO444,RD2_F3_m10f2_P10_Y1_UO402,RD5_F1_m4f5_P4_Y1_UO368,FXX,0,0.0,0,0,0.0,0,0,0,0.0,0.25,1,P3_CV0,1,0,2,2,0
2,5.496624778787091,6.529835889274153,Age0_F2_m2f5_P2_Y3_UO446,RD2_F3_m10f2_P10_Y1_UO402,RD5_F1_m4f5_P4_Y1_UO368,FXX,0,0.0,0,0,0.0,0,0,0,0.0,0.25,1,P3_CV0,1,1,1,1,1
2,5.496624778787091,6.529835889274153,Age0_F2_m2f5_P2_Y3_UO449,RD2_F3_m10f2_P10_Y1_UO402,RD5_F1_m4f5_P4_Y1_UO368,MXY,0,0.0,0,0,0.0,0,0,0,0.0,0.25,1,P3_CV0,1,1,1,1,1
2,5.496624778787091,6.529835889274153,Age0_F2_m2f5_P2_Y3_UO450,RD2_F3_m10f2_P10_Y1_UO402,RD5_F1_m4f5_P4_Y1_UO368,MXY,0,0.0,0,0,0.0,0,0,0,0.0,0.25,1,P3_CV0,1,1,1,1,1
2,5.496624778787091,6.529835889274153,R2_F2_m4f8_P4_Y2_UO182,RD4_F2_m7f5_P7_Y0_UO431,RD8_F3_m4f8_P4_Y0_UO470,FXX,1,0.0,1,1,1.0,0,0,0,-9999.0,0.5,1,P3_CV0,1,2,0,2,0
2,5.496624778787091,6.529835889274153,R2_F2_m9f1_P9_Y2_UO666,RD9_F3_m2f4_P2_Y0_UO572,RD1_F2_m7f4_P7_Y0_UO305,FXX,1,0.0,1,1,1.0,0,0,0,-9999.0,0.625,1,P3_CV0,1,2,0,0,2
2,5.496624778787091,6.529835889274153,R2_F2_m8f4_P8_Y2_UO394,RD8_F4_m2f4_P2_Y0_UO378,RD4_F8_m6f2_P6_Y0_UO219,MXY,1,0.0,1,1,0.0,0,0,0,-9999.0,0.5,1,P3_CV0,1,2,0,2,0
2,5.496624778787091,6.529835889274153,R2_F2_m3f2_P3_Y2_UO251,RD3_F6_m9f4_P9_Y0_UO645,RD2_F3_m9f3_P9_Y0_UO95,MXY,1,0.0,1,1,0.0,0,0,0,-9999.0,0.25,1,P3_CV0,1,0,2,1,1
2,5.496624778787091,6.529835889274153,R2_F2_m9f6_P9_Y2_UO4,RD9_F8_m4f8_P4_Y0_UO473,RD6_F8_m9f7_P9_Y0_UO84,FXX,1,0.0,1,1,1.0,0,0,0,-9999.0,0.5,1,P3_CV0,1,1,1,1,1
2,5.496624778787091,6.529835889274153,R2_F2_m5f7_P5_Y1_UO57,RD5_F4_m-1f-1_P4_Y-1_U63,RD7_F10_m-1f-1_P10_Y-1_U1,MXY,2,0.0,1,0,0.0,0,0,0,-9999.0,0.75,1,P3_CV0,1,2,0,1,1
2,5.496624778787091,6.529835889274153,Age0_F2_m2f9_P2_Y3_UO43,RD2_F9_m1f10_P1_Y1_UO517,RD9_F2_m9f6_P9_Y1_UO154,FXX,0,0.0,0,0,0.0,0,0,0,0.0,0.5,1,P4_CV0,1,1,1,2,0
2,5.496624778787091,6.529835889274153,Age0_F2_m2f9_P2_Y3_UO44,RD2_F9_m1f10_P1_Y1_UO517,RD9_F2_m9f6_P9_Y1_UO154,FXX,0,0.0,0,0,0.0,0,0,0,0.0,0.5,1,P4_CV0,1,1,1,2,0
2,5.496624778787091,6.529835889274153,Age0_F2_m2f9_P2_Y3_UO45,RD2_F9_m1f10_P1_Y1_UO517,RD9_F2_m9f6_P9_Y1_UO154,FXX,0,0.0,0,0,0.0,0,0,0,0.0,0.5,1,P4_CV0,1,1,1,2,0
2,5.496624778787091,6.529835889274153,Age0_F2_m2f9_P2_Y3_UO46,RD2_F9_m1f10_P1_Y1_UO517,RD9_F2_m9f6_P9_Y1_UO154,MXY,0,0.0,0,0,0.0,0,0,0,0.0,0.5,1,P4_CV0,1,1,1,2,0
2,5.496624778787091,6.529835889274153,Age0_F2_m2f9_P2_Y3_UO47,RD2_F9_m1f10_P1_Y1_UO517,RD9_F2_m9f6_P9_Y1_UO154,FXX,0,0.0,0,0,0.0,0,0,0,0.0,0.5,1,P4_CV0,1,2,0,2,0
2,5.496624778787091,6.529835889274153,Age0_F2_m2f10_P2_Y3_UO313,RD2_F9_m1f10_P1_Y1_UO517,RD10_F7_m3f7_P3_Y1_UO175,FXX,0,0.0,0,0,0.0,0,0,0,0.0,0.25,1,P4_CV0,1,1,1,1,1
2,5.496624778787091,6.529835889274153,Age0_F2_m2f10_P2_Y3_UO315,RD2_F9_m1f10_P1_Y1_UO517,RD10_F7_m3f7_P3_Y1_UO175,FXX,0,0.0,0,0,0.0,0,0,0,0.0,0.25,1,P4_CV0,1,1,1,1,1
2,5.496624778787091,6.529835889274153,Age0_F2_m2f10_P2_Y3_UO316,RD2_F9_m1f10_P1_Y1_UO517,RD10_F7_m3f7_P3_Y1_UO175,FXX,0,0.0,0,0,0.0,0,0,0,0.0,0.25,1,P4_CV0,1,1,1,1,1
2,5.496624778787091,6.529835889274153,Age0_F2_m2f7_P2_Y3_UO422,RD2_F10_m1f7_P1_Y1_UO369,RD7_F6_m9f10_P9_Y1_UO51,MXY,0,0.0,0,0,0.0,0,0,0,0.0,0.875,1,P4_CV0,1,2,0,2,0
2,5.496624778787091,6.529835889274153,Age0_F2_m2f7_P2_Y3_UO425,RD2_F10_m1f7_P1_Y1_UO369,RD7_F6_m9f10_P9_Y1_UO51,FXX,0,0.0,0,0,0.0,0,0,0,0.0,0.875,1,P4_CV0,1,2,0,2,0
2,5.496624778787091,6.529835889274153,Age0_F2_m2f7_P2_Y3_UO426,RD2_F10_m1f7_P1_Y1_UO369,RD7_F6_m9f10_P9_Y1_UO51,FXX,0,0.0,0,0,0.0,0,0,0,0.0,0.875,1,P4_CV0,1,2,0,2,0
2,5.496624778787091,6.529835889274153,Age0_F2_m2f7_P2_Y3_UO427,RD2_F10_m1f7_P1_Y1_UO369,RD7_F6_m9f10_P9_Y1_UO51,MXY,0,0.0,0,0,0.0,0,0,0,0.0,0.875,1,P4_CV0,1,2,0,1,1
2,5.496624778787091,6.529835889274153,Age0_F2_m2f7_P2_Y3_UO430,RD2_F10_m1f7_P1_Y1_UO369,RD7_F6_m9f10_P9_Y1_UO51,FXX,0,0.0,0,0,0.0,0,0,0,0.0,0.875,1,P4_CV0,1,2,0,1,1
2,5.496624778787091,6.529835889274153,Age0_F2_m2f10_P2_Y3_UO460,RD2_F10_m1f7_P1_Y1_UO369,RD10_F5_m1f5_P1_Y1_UO277,MXY,0,0.0,0,0,0.0,0,0,0,0.0,0.625,1,P4_CV0,1,1,1,2,0
2,5.496624778787091,6.529835889274153,Age0_F2_m2f10_P2_Y3_UO461,RD2_F10_m1f7_P1_Y1_UO369,RD10_F5_m1f5_P1_Y1_UO277,MXY,0,0.0,0,0,0.0,0,0,0,0.0,0.625,1,P4_CV0,1,1,1,1,1
2,5.496624778787091,6.529835889274153,Age0_F2_m2f10_P2_Y3_UO462,RD2_F10_m1f7_P1_Y1_UO369,RD10_F5_m1f5_P1_Y1_UO277,MXY,0,0.0,0,0,0.0,0,0,0,0.0,0.625,1,P4_CV0,1,1,1,1,1
2,5.496624778787091,6.529835889274153,Age0_F2_m2f10_P2_Y3_UO465,RD2_F10_m1f7_P1_Y1_UO369,RD10_F5_m1f5_P1_Y1_UO277,MXY,0,0.0,0,0,0.0,0,0,0,0.0,0.625,1,P4_CV0,1,1,1,0,2
2,5.496624778787091,6.529835889274153,Age0_F2_m2f10_P2_Y3_UO466,RD2_F10_m1f7_P1_Y1_UO369,RD10_F5_m1f5_P1_Y1_UO277,FXX,0,0.0,0,0,0.0,0,0,0,0.0,0.625,1,P4_CV0,1,1,1,1,1
2,5.496624778787091,6.529835889274153,Age0_F2_m2f6_P2_Y3_UO537,RD2_F6_m2f1_P2_Y1_UO7,RD6_F10_m1f5_P1_Y1_UO274,MXY,0,0.0,0,0,0.0,0,0,0,0.0,0.75,1,P4_CV0,1,1,1,2,0
2,5.496624778787091,6.529835889274153,Age0_F2_m2f6_P2_Y3_UO538,RD2_F6_m2f1_P2_Y1_UO7,RD6_F10_m1f5_P1_Y1_UO274,MXY,0,0.0,0,0,0.0,0,0,0,0.0,0.75,1,P4_CV0,1,1,1,1,1
2,5.496624778787091,6.529835889274153,Age0_F2_m2f6_P2_Y3_UO539,RD2_F6_m2f1_P2_Y1_UO7,RD6_F10_m1f5_P1_Y1_UO274,MXY,0,0.0,0,0,0.0,0,0,0,0.0,0.75,1,P4_CV0,1,1,1,1,1
2,5.496624778787091,6.529835889274153,Age0_F2_m2f6_P2_Y3_UO541,RD2_F6_m2f1_P2_Y1_UO7,RD6_F10_m1f5_P1_Y1_UO274,FXX,0,0.0,0,0,0.0,0,0,0,0.0,0.75,1,P4_CV0,1,1,1,1,1
2,5.496624778787091,6.529835889274153,Age0_F2_m2f6_P2_Y3_UO542,RD2_F6_m2f1_P2_Y1_UO7,RD6_F10_m1f5_P1_Y1_UO274,FXX,0,0.0,0,0,0.0,0,0,0,0.0,0.75,1,P4_CV0,1,1,1,2,0
2,5.496624778787091,6.529835889274153,Age0_F2_m2f6_P2_Y3_UO543,RD2_F6_m2f1_P2_Y1_UO7,RD6_F10_m1f5_P1_Y1_UO274,MXY,0,0.0,0,0,0.0,0,0,0,0.0,0.75,1,P4_CV0,1,1,1,1,1
2,5.496624778787091,6.529835889274153,R2_F2_m6f4_P6_Y2_UO723,RD6_F8_m3f2_P3_Y0_UO439,RD4_F8_m7f5_P7_Y0_UO430,FXX,1,0.0,1,1,1.0,0,0,0,-9999.0,0.25,1,P4_CV0,1,1,1,2,0
2,5.496624778787091,6.529835889274153,R2_F2_m2f1_P2_Y1_UO7,RD2_F3_m-1f-1_P3_Y-1_U9,RD1_F5_m-1f-1_P5_Y-1_U67,FXX,2,0.0,1,0,1.0,0,0,0,-9999.0,1.0,1,P4_CV0,1,2,0,1,1
2,5.496624778787091,6.529835889274153,R2_F2_m1f10_P1_Y2_UO402,RD1_F10_m1f2_P1_Y0_UO712,RD10_F8_m6f7_P6_Y0_UO136,MXY,1,0.0,1,1,0.0,0,0,0,-9999.0,0.375,1,P5_CV0,1,0,2,2,0
2,5.496624778787091,6.529835889274153,R2_F2_m1f10_P1_Y2_UO404,RD1_F10_m1f2_P1_Y0_UO712,RD10_F8_m6f7_P6_Y0_UO136,FXX,1,0.0,1,1,1.0,0,0,0,-9999.0,0.375,1,P5_CV0,1,1,1,1,1
2,5.496624778787091,6.529835889274153,R2_F2_m4f8_P4_Y1_UO318,RD4_F9_m-1f-1_P9_Y-1_U30,RD8_F6_m-1f-1_P6_Y-1_U92,MXY,2,0.0,1,0,0.0,0,0,0,-9999.0,0.5,1,P5_CV0,1,1,1,0,2
2,5.496624778787091,6.529835889274153,R2_F2_m-1f-1_P6_Y-1_U42,-9999,-9999,MXY,6,0.0,1,0,0.0,0,0,0,-9999.0,0.5,1,P5_CV0,1,1,1,2,0
2,5.496624778787091,6.529835889274153,Age0_F2_m2f3_P2_Y3_UO228,RD2_F3_m10f2_P10_Y1_UO402,RD3_F5_m-1f-1_P7_Y-1_U12,MXY,0,0.0,0,0,0.0,0,0,0,0.0,0.0,1,P6_CV0,1,0,2,1,1
2,5.496624778787091,6.529835889274153,Age0_F2_m2f3_P2_Y3_UO230,RD2_F3_m10f2_P10_Y1_UO402,RD3_F5_m-1f-1_P7_Y-1_U12,MXY,0,0.0,0,0,0.0,0,0,0,0.0,0.0,1,P6_CV0,1,0,2,2,0
2,5.496624778787091,6.529835889274153,Age0_F2_m2f3_P2_Y3_UO231,RD2_F3_m10f2_P10_Y1_UO402,RD3_F5_m-1f-1_P7_Y-1_U12,MXY,0,0.0,0,0,0.0,0,0,0,0.0,0.0,1,P6_CV0,1,0,2,2,0
2,5.496624778787091,6.529835889274153,Age0_F2_m2f3_P2_Y3_UO232,RD2_F3_m10f2_P10_Y1_UO402,RD3_F5_m-1f-1_P7_Y-1_U12,FXX,0,0.0,0,0,0.0,0,0,0,0.0,0.0,1,P6_CV0,1,0,2,1,1
2,5.496624778787091,6.529835889274153,Age0_F2_m2f3_P2_Y3_UO233,RD2_F3_m10f2_P10_Y1_UO402,RD3_F5_m-1f-1_P7_Y-1_U12,FXX,0,0.0,0,0,0.0,0,0,0,0.0,0.0,1,P6_CV0,1,0,2,2,0
2,5.496624778787091,6.529835889274153,Age0_F2_m2f3_P2_Y3_UO234,RD2_F3_m10f2_P10_Y1_UO402,RD3_F5_m-1f-1_P7_Y-1_U12,MXY,0,0.0,0,0,0.0,0,0,0,0.0,0.0,1,P6_CV0,1,0,2,1,1
2,5.496624778787091,6.529835889274153,Age0_F2_m2f8_P2_Y3_UO339,RD2_F10_m1f5_P1_Y1_UO272,RD8_F7_m7f4_P7_Y0_UO308,FXX,0,0.0,0,0,0.0,0,0,0,0.0,0.5,1,P6_CV0,1,1,1,2,0
2,5.496624778787091,6.529835889274153,R2_F2_m7f2_P7_Y2_UO83,RD7_F8_m7f4_P7_Y0_UO175,RD2_F8_m7f4_P7_Y0_UO727,MXY,1,0.0,1,1,0.0,0,0,0,-9999.0,0.5,1,P6_CV0,1,1,1,0,2
2,5.496624778787091,6.529835889274153,R2_F2_m7f4_P7_Y2_UO149,RD7_F8_m7f4_P7_Y0_UO175,RD4_F5_m2f9_P2_Y0_UO259,MXY,1,0.0,1,1,0.0,0,0,0,-9999.0,0.75,1,P6_CV0,1,2,0,1,1
2,5.496624778787091,6.529835889274153,Age0_F2_m2f6_P2_Y3_UO540,RD2_F6_m2f1_P2_Y1_UO7,RD6_F10_m1f5_P1_Y1_UO274,MXY,0,0.0,0,0,0.0,0,0,0,0.0,0.75,1,P7_CV0,1,1,1,2,0
2,5.496624778787091,6.529835889274153,R2_F2_m4f9_P4_Y2_UO711,RD4_F3_m1f9_P1_Y0_UO583,RD9_F4_m-1f-1_P8_Y-1_U42,MXY,1,0.0,1,1,0.0,0,0,0,-9999.0,0.625,1,P7_CV0,1,1,1,0,2
2,5.496624778787091,6.529835889274153,R2_F2_m9f6_P9_Y2_UO479,RD9_F6_m8f2_P8_Y0_UO549,RD6_F1_m4f3_P4_Y0_UO71,MXY,1,0.0,1,1,0.0,0,0,0,-9999.0,0.5,1,P7_CV0,1,1,1,0,2
2,5.496624778787091,6.529835889274153,R2_F2_m9f6_P9_Y2_UO485,RD9_F6_m8f2_P8_Y0_UO549,RD6_F1_m4f3_P4_Y0_UO71,FXX,1,0.0,1,1,1.0,0,0,0,-9999.0,0.5,1,P7_CV0,1,0,2,1,1
2,5.496624778787091,6.529835889274153,R2_F2_m9f2_P9_Y2_UO498,RD9_F6_m8f2_P8_Y0_UO549,RD2_F3_m6f5_P6_Y0_UO348,MXY,1,0.0,1,1,0.0,0,0,0,-9999.0,0.375,1,P7_CV0,1,0,2,2,0
2,5.496624778787091,6.529835889274153,R2_F2_m10f5_P10_Y2_UO325,RD10_F5_m1f9_P1_Y0_UO544,RD5_F4_m8f7_P8_Y0_UO271,FXX,1,0.0,1,1,1.0,0,0,0,-9999.0,0.5,1,P7_CV0,1,2,0,1,1
2,5.496624778787091,6.529835889274153,R2_F2_m6f4_P6_Y2_UO386,RD6_F5_m6f3_P6_Y0_UO723,RD4_F6_m9f5_P9_Y0_UO216,FXX,1,0.0,1,1,1.0,0,0,0,-9999.0,0.375,1,P8_CV0,1,1,1,1,1
2,5.496624778787091,6.529835889274153,R2_F2_m8f4_P8_Y2_UO509,RD8_F4_m1f5_P1_Y0_UO344,RD4_F8_m6f9_P6_Y0_UO164,MXY,1,0.0,1,1,0.0,0,0,0,-9999.0,0.5,1,P8_CV0,1,1,1,1,1
2,5.496624778787091,6.529835889274153,Age0_F2_m2f10_P2_Y3_UO312,RD2_F9_m1f10_P1_Y1_UO517,RD10_F7_m3f7_P3_Y1_UO175,FXX,0,0.0,0,0,0.0,0,0,0,0.0,0.25,1,P9_CV0,1,1,1,2,0
2,5.496624778787091,6.529835889274153,Age0_F2_m2f10_P2_Y3_UO314,RD2_F9_m1f10_P1_Y1_UO517,RD10_F7_m3f7_P3_Y1_UO175,FXX,0,0.0,0,0,0.0,0,0,0,0.0,0.25,1,P9_CV0,1,1,1,1,1
2,5.496624778787091,6.529835889274153,Age0_F2_m2f10_P2_Y3_UO317,RD2_F9_m1f10_P1_Y1_UO517,RD10_F7_m3f7_P3_Y1_UO175,FXX,0,0.0,0,0,0.0,0,0,0,0.0,0.25,1,P9_CV0,1,0,2,2,0
2,5.496624778787091,6.529835889274153,Age0_F2_m2f10_P2_Y3_UO318,RD2_F9_m1f10_P1_Y1_UO517,RD10_F7_m3f7_P3_Y1_UO175,FXX,0,0.0,0,0,0.0,0,0,0,0.0,0.25,1,P9_CV0,1,0,2,1,1
2,5.496624778787091,6.529835889274153,Age0_F2_m2f10_P2_Y3_UO319,RD2_F9_m1f10_P1_Y1_UO517,RD10_F7_m3f7_P3_Y1_UO175,MXY,0,0.0,0,0,0.0,0,0,0,0.0,0.25,1,P9_CV0,1,0,2,2,0
2,5.496624778787091,6.529835889274153,R2_F2_m5f10_P5_Y2_UO288,RD5_F3_m10f3_P10_Y0_UO187,RD10_F5_m3f1_P3_Y0_UO357,FXX,1,0.0,1,1,1.0,0,0,0,-9999.0,0.375,1,P9_CV0,1,1,1,0,2
2,5.496624778787091,6.529835889274153,R2_F2_m6f2_P6_Y2_UO364,RD6_F5_m3f2_P3_Y0_UO409,RD2_F3_m10f5_P10_Y0_UO461,MXY,1,0.0,1,1,0.0,0,0,0,-9999.0,0.625,1,P9_CV0,1,1,1,1,1
2,5.496624778787091,6.529835889274153,R2_F2_m5f9_P5_Y2_UO607,RD5_F3_m10f3_P10_Y0_UO187,RD9_F4_m-1f-1_P8_Y-1_U25,MXY,1,0.0,1,1,0.0,0,0,0,-9999.0,0.375,1,P9_CV0,1,1,1,1,1
3,4.20367802087489,4.955022315058112,Age0_F3_m3f8_P3_Y3_UO154,RD3_F9_m2f9_P2_Y1_UO22,RD8_F3_m4f5_P4_Y1_UO358,FXX,0,0.0,0,0,0.0,0,0,0,0.0,0.375,1,P0_CV0,1,0,2,0,2
3,4.20367802087489,4.955022315058112,Age0_F3_m3f8_P3_Y3_UO155,RD3_F9_m2f9_P2_Y1_UO22,RD8_F3_m4f5_P4_Y1_UO358,FXX,0,0.0,0,0,0.0,0,0,0,0.0,0.375,1,P0_CV0,1,1,1,0,2
3,4.20367802087489,4.955022315058112,Age0_F3_m3f5_P3_Y3_UO330,RD3_F8_m7f6_P7_Y1_UO463,RD5_F1_m4f5_P4_Y1_UO368,MXY,0,0.0,0,0,0.0,0,0,0,0.0,0.75,1,P0_CV0,1,1,1,1,1
3,4.20367802087489,4.955022315058112,Age0_F3_m3f5_P3_Y3_UO333,RD3_F8_m7f6_P7_Y1_UO463,RD5_F1_m4f5_P4_Y1_UO368,MXY,0,0.0,0,0,0.0,0,0,0,0.0,0.75,1,P0_CV0,1,2,0,1,1
3,4.20367802087489,4.955022315058112,R3_F3_m1f7_P1_Y2_UO94,RD1_F8_m7f4_P7_Y0_UO176,RD7_F8_m7f1_P7_Y0_UO630,FXX,1,0.0,1,1,1.0,0,0,0,-9999.0,0.375,1,P0_CV0,1,2,0,1,1
3,4.20367802087489,4.955022315058112,R3_F3_m10f5_P10_Y2_UO418,RD10_F5_m1f9_P1_Y0_UO544,RD5_F1_m3f6_P3_Y0_UO9,FXX,1,0.0,1,1,1.0,0,0,0,-9999.0,0.75,1,P0_CV0,1,1,1,0,2
3,4.20367802087489,4.955022315058112,R3_F3_m4f3_P4_Y2_UO26,RD4_F9_m10f1_P10_Y0_UO42,RD3_F5_m1f10_P1_Y0_UO289,FXX,1,0.0,1,1,1.0,0,0,0,-9999.0,0.5,1,P0_CV0,1,1,1,1,1
3,4.20367802087489,4.955022315058112,R3_F3_m10f5_P10_Y2_UO326,RD10_F5_m1f9_P1_Y0_UO544,RD5_F4_m8f7_P8_Y0_UO271,MXY,1,0.0,1,1,0.0,0,0,0,-9999.0,0.5,1,P0_CV0,1,1,1,1,1
3,4.20367802087489,4.955022315058112,R3_F3_m9f4_P9_Y2_UO743,RD9_F2_m1f6_P1_Y0_UO592,RD4_F7_m3f5_P3_Y0_UO397,FXX,1,0.0,1,1,1.0,0,0,0,-9999.0,0.5,1,P0_CV0,1,2,0,1,1
3,4.20367802087489,4.955022315058112,Age0_F3_m3f9_P3_Y3_UO210,RD3_F10_m9f6_P9_Y1_UO156,RD9_F2_m9f6_P9_Y1_UO154,MXY,0,0.0,0,0,0.0,0,0,0,0.0,0.75,1,P1_CV0,1,2,0,2,0
3,4.20367802087489,4.955022315058112,Age0_F3_m3f9_P3_Y3_UO213,RD3_F10_m9f6_P9_Y1_UO156,RD9_F2_m9f6_P9_Y1_UO154,FXX,0,0.0,0,0,0.0,0,0,0,0.0,0.75,1,P1_CV0,1,2,0,1,1
3,4.20367802087489,4.955022315058112,Age0_F3_m3f1_P3_Y3_UO357,RD3_F8_m7f6_P7_Y1_UO463,RD1_F6_m5f3_P5_Y1_UO377,MXY,0,0.0,0,0,0.0,0,0,0,0.0,0.75,1,P1_CV0,1,2,0,2,0
3,4.20367802087489,4.955022315058112,Age0_F3_m3f1_P3_Y3_UO358,RD3_F8_m7f6_P7_Y1_UO463,RD1_F6_m5f3_P5_Y1_UO377,FXX,0,0.0,0,0,0.0,0,0,0,0.0,0.75,1,P1_CV0,1,2,0,1,1
3,4.20367802087489,4.955022315058112,Age0_F3_m3f1_P3_Y3_UO361,RD3_F8_m7f6_P7_Y1_UO463,RD1_F6_m5f3_P5_Y1_UO377,MXY,0,0.0,0,0,0.0,0,0,0,0.0,0.75,1,P1_CV0,1,2,0,2,0
3,4.20367802087489,4.955022315058112,Age0_F3_m3f1_P3_Y3_UO362,RD3_F8_m7f6_P7_Y1_UO463,RD1_F6_m5f3_P5_Y1_UO377,FXX,0,0.0,0,0,0.0,0,0,0,0.0,0.75,1,P1_CV0,1,2,0,1,1
3,4.20367802087489,4.955022315058112,Age0_F3_m3f1_P3_Y3_UO365,RD3_F8_m7f6_P7_Y1_UO463,RD1_F6_m5f3_P5_Y1_UO377,MXY,0,0.0,0,0,0.0,0,0,0,0.0,0.75,1,P1_CV0,1,1,1,1,1
3,4.20367802087489,4.955022315058112,Age0_F3_m3f1_P3_Y3_UO367,RD3_F8_m7f6_P7_Y1_UO463,RD1_F6_m5f3_P5_Y1_UO377,FXX,0,0.0,0,0,0.0,0,0,0,0.0,0.75,1,P1_CV0,1,1,1,1,1
3,4.20367802087489,4.955022315058112,Age0_F3_m3f1_P3_Y3_UO368,RD3_F8_m7f6_P7_Y1_UO463,RD1_F6_m5f3_P5_Y1_UO377,FXX,0,0.0,0,0,0.0,0,0,0,0.0,0.75,1,P1_CV0,1,2,0,1,1
3,4.20367802087489,4.955022315058112,R3_F3_m6f2_P6_Y2_UO231,RD6_F10_m2f4_P2_Y0_UO573,RD2_F5_m3f2_P3_Y0_UO411,FXX,1,0.0,1,1,1.0,0,0,0,-9999.0,0.625,1,P1_CV0,1,1,1,2,0
3,4.20367802087489,4.955022315058112,R3_F3_m6f2_P6_Y2_UO229,RD6_F10_m2f4_P2_Y0_UO573,RD2_F5_m3f2_P3_Y0_UO411,MXY,1,0.0,1,1,0.0,0,0,0,-9999.0,0.625,1,P1_CV0,1,1,1,1,1
3,4.20367802087489,4.955022315058112,R3_F3_m7f5_P7_Y2_UO30,RD7_F8_m4f7_P4_Y0_UO693,RD5_F7_m2f4_P2_Y0_UO575,MXY,1,0.0,1,1,0.0,0,0,0,-9999.0,0.625,1,P1_CV0,1,2,0,1,1
3,4.20367802087489,4.955022315058112,R3_F3_m9f8_P9_Y2_UO128,RD9_F3_m2f7_P2_Y0_UO171,RD8_F7_m4f8_P4_Y0_UO91,MXY,1,0.0,1,1,0.0,0,0,0,-9999.0,0.375,1,P1_CV0,1,1,1,1,1
3,4.20367802087489,4.955022315058112,R3_F3_m6f2_P6_Y2_UO226,RD6_F10_m2f4_P2_Y0_UO573,RD2_F5_m3f2_P3_Y0_UO411,MXY,1,0.0,1,1,0.0,0,0,0,-9999.0,0.625,1,P1_CV0,1,1,1,1,1
3,4.20367802087489,4.955022315058112,R3_F3_m2f7_P2_Y0_UO671,R2_F2_m-1f-1_P2_Y-1_U80,R7_F7_m-1f-1_P7_Y-1_U62,FXX,3,0.0,1,0,1.0,0,0,0,-9999.0,0.75,1,P1_CV0,1,1,1,0,2
3,4.20367802087489,4.955022315058112,R3_F3_m2f1_P2_Y1_UO10,RD2_F3_m-1f-1_P3_Y-1_U9,RD1_F5_m-1f-1_P5_Y-1_U67,FXX,2,0.0,1,0,1.0,0,0,0,-9999.0,1.0,1,P2_CV0,1,2,0,0,2
3,4.20367802087489,4.955022315058112,Age0_F3_m3f2_P3_Y3_UO70,RD3_F6_m7f4_P7_Y1_UO214,RD2_F9_m5f7_P5_Y1_UO57,MXY,0,0.0,0,0,0.0,0,0,0,0.0,0.5,1,P3_CV0,1,1,1,1,1
3,4.20367802087489,4.955022315058112,Age0_F3_m3f2_P3_Y3_UO72,RD3_F6_m7f4_P7_Y1_UO214,RD2_F9_m5f7_P5_Y1_UO57,MXY,0,0.0,0,0,0.0,0,0,0,0.0,0.5,1,P3_CV0,1,1,1,1,1
3,4.20367802087489,4.955022315058112,Age0_F3_m3f2_P3_Y3_UO73,RD3_F6_m7f4_P7_Y1_UO214,RD2_F9_m5f7_P5_Y1_UO57,MXY,0,0.0,0,0,0.0,0,0,0,0.0,0.5,1,P3_CV0,1,1,1,1,1
3,4.20367802087489,4.955022315058112,Age0_F3_m3f2_P3_Y3_UO74,RD3_F6_m7f4_P7_Y1_UO214,RD2_F9_m5f7_P5_Y1_UO57,MXY,0,0.0,0,0,0.0,0,0,0,0.0,0.5,1,P3_CV0,1,1,1,2,0
3,4.20367802087489,4.955022315058112,Age0_F3_m3f2_P3_Y3_UO75,RD3_F6_m7f4_P7_Y1_UO214,RD2_F9_m5f7_P5_Y1_UO57,FXX,0,0.0,0,0,0.0,0,0,0,0.0,0.5,1,P3_CV0,1,1,1,1,1
3,4.20367802087489,4.955022315058112,Age0_F3_m3f2_P3_Y3_UO77,RD3_F6_m7f4_P7_Y1_UO214,RD2_F9_m5f7_P5_Y1_UO57,MXY,0,0.0,0,0,0.0,0,0,0,0.0,0.5,1,P3_CV0,1,1,1,2,0
3,4.20367802087489,4.955022315058112,Age0_F3_m3f2_P3_Y3_UO78,RD3_F6_m7f4_P7_Y1_UO214,RD2_F9_m5f7_P5_Y1_UO57,MXY,0,0.0,0,0,0.0,0,0,0,0.0,0.5,1,P3_CV0,1,1,1,2,0
3,4.20367802087489,4.955022315058112,Age0_F3_m3f2_P3_Y3_UO80,RD3_F6_m7f4_P7_Y1_UO214,RD2_F9_m5f7_P5_Y1_UO57,FXX,0,0.0,0,0,0.0,0,0,0,0.0,0.5,1,P3_CV0,1,1,1,1,1
3,4.20367802087489,4.955022315058112,R3_F3_m1f3_P1_Y2_UO472,RD1_F5_m4f7_P4_Y0_UO721,RD3_F5_m3f9_P3_Y0_UO524,MXY,1,0.0,1,1,0.0,0,0,0,-9999.0,0.375,1,P3_CV0,1,1,1,1,1
3,4.20367802087489,4.955022315058112,R3_F3_m7f3_P7_Y2_UO377,RD7_F8_m4f7_P4_Y0_UO693,RD3_F4_m7f4_P7_Y0_UO249,MXY,1,0.0,1,1,0.0,0,0,0,-9999.0,0.5,1,P3_CV0,1,0,2,2,0
3,4.20367802087489,4.955022315058112,R3_F3_m9f6_P9_Y2_UO5,RD9_F8_m4f8_P4_Y0_UO473,RD6_F8_m9f7_P9_Y0_UO84,FXX,1,0.0,1,1,1.0,0,0,0,-9999.0,0.5,1,P3_CV0,1,1,1,1,1
3,4.20367802087489,4.955022315058112,R3_F3_m6f2_P6_Y1_UO204,RD6_F7_m-1f-1_P7_Y-1_U71,RD2_F4_m-1f-1_P4_Y-1_U24,MXY,2,0.0,1,0,0.0,0,0,0,-9999.0,0.0,1,P3_CV0,1,0,2,1,1
3,4.20367802087489,4.955022315058112,Age0_F3_m3f6_P3_Y3_UO118,RD3_F8_m7f6_P7_Y1_UO463,RD6_F9_m1f6_P1_Y1_UO97,MXY,0,0.0,0,0,0.0,0,0,0,0.0,0.625,1,P4_CV0,1,1,1,1,1
3,4.20367802087489,4.955022315058112,Age0_F3_m3f6_P3_Y3_UO123,RD3_F8_m7f6_P7_Y1_UO463,RD6_F9_m1f6_P1_Y1_UO97,MXY,0,0.0,0,0,0.0,0,0,0,0.0,0.625,1,P4_CV0,1,1,1,1,1
3,4.20367802087489,4.955022315058112,Age0_F3_m3f6_P3_Y3_UO124,RD3_F8_m7f6_P7_Y1_UO463,RD6_F9_m1f6_P1_Y1_UO97,MXY,0,0.0,0,0,0.0,0,0,0,0.0,0.625,1,P4_CV0,1,1,1,1,1
3,4.20367802087489,4.955022315058112,Age0_F3_m3f6_P3_Y3_UO127,RD3_F8_m7f6_P7_Y1_UO463,RD6_F9_m1f6_P1_Y1_UO97,MXY,0,0.0,0,0,0.0,0,0,0,0.0,0.625,1,P4_CV0,1,1,1,2,0
3,4.20367802087489,4.955022315058112,Age0_F3_m3f6_P3_Y3_UO128,RD3_F8_m7f6_P7_Y1_UO463,RD6_F9_m1f6_P1_Y1_UO97,FXX,0,0.0,0,0,0.0,0,0,0,0.0,0.625,1,P4_CV0,1,1,1,2,0
3,4.20367802087489,4.955022315058112,Age0_F3_m3f5_P3_Y3_UO329,RD3_F8_m7f6_P7_Y1_UO463,RD5_F1_m4f5_P4_Y1_UO368,MXY,0,0.0,0,0,0.0,0,0,0,0.0,0.75,1,P4_CV0,1,1,1,1,1
3,4.20367802087489,4.955022315058112,Age0_F3_m3f5_P3_Y3_UO331,RD3_F8_m7f6_P7_Y1_UO463,RD5_F1_m4f5_P4_Y1_UO368,FXX,0,0.0,0,0,0.0,0,0,0,0.0,0.75,1,P4_CV0,1,1,1,1,1
3,4.20367802087489,4.955022315058112,Age0_F3_m3f5_P3_Y3_UO332,RD3_F8_m7f6_P7_Y1_UO463,RD5_F1_m4f5_P4_Y1_UO368,FXX,0,0.0,0,0,0.0,0,0,0,0.0,0.75,1,P4_CV0,1,1,1,2,0
3,4.20367802087489,4.955022315058112,Age0_F3_m3f5_P3_Y3_UO334,RD3_F8_m7f6_P7_Y1_UO463,RD5_F1_m4f5_P4_Y1_UO368,FXX,0,0.0,0,0,0.0,0,0,0,0.0,0.75,1,P4_CV0,1,1,1,2,0
3,4.20367802087489,4.955022315058112,Age0_F3_m3f5_P3_Y3_UO335,RD3_F8_m7f6_P7_Y1_UO463,RD5_F1_m4f5_P4_Y1_UO368,FXX,0,0.0,0,0,0.0,0,0,0,0.0,0.75,1,P4_CV0,1,1,1,1,1
3,4.20367802087489,4.955022315058112,Age0_F3_m3f5_P3_Y3_UO336,RD3_F8_m7f6_P7_Y1_UO463,RD5_F1_m4f5_P4_Y1_UO368,MXY,0,0.0,0,0,0.0,0,0,0,0.0,0.75,1,P4_CV0,1,2,0,2,0
3,4.20367802087489,4.955022315058112,Age0_F3_m3f1_P3_Y3_UO359,RD3_F8_m7f6_P7_Y1_UO463,RD1_F6_m5f3_P5_Y1_UO377,MXY,0,0.0,0,0,0.0,0,0,0,0.0,0.75,1,P4_CV0,1,1,1,2,0
3,4.20367802087489,4.955022315058112,Age0_F3_m3f1_P3_Y3_UO360,RD3_F8_m7f6_P7_Y1_UO463,RD1_F6_m5f3_P5_Y1_UO377,FXX,0,0.0,0,0,0.0,0,0,0,0.0,0.75,1,P4_CV0,1,2,0,1,1
3,4.20367802087489,4.955022315058112,Age0_F3_m3f1_P3_Y3_UO363,RD3_F8_m7f6_P7_Y1_UO463,RD1_F6_m5f3_P5_Y1_UO377,MXY,0,0.0,0,0,0.0,0,0,0,0.0,0.75,1,P4_CV0,1,1,1,1,1
3,4.20367802087489,4.955022315058112,Age0_F3_m3f1_P3_Y3_UO364,RD3_F8_m7f6_P7_Y1_UO463,RD1_F6_m5f3_P5_Y1_UO377,MXY,0,0.0,0,0,0.0,0,0,0,0.0,0.75,1,P4_CV0,1,2,0,2,0
3,4.20367802087489,4.955022315058112,Age0_F3_m3f1_P3_Y3_UO366,RD3_F8_m7f6_P7_Y1_UO463,RD1_F6_m5f3_P5_Y1_UO377,MXY,0,0.0,0,0,0.0,0,0,0,0.0,0.75,1,P4_CV0,1,2,0,1,1
3,4.20367802087489,4.955022315058112,R3_F3_m10f1_P10_Y2_UO423,RD10_F1_m10f3_P10_Y0_UO420,RD1_F10_m1f5_P1_Y0_UO678,MXY,1,0.0,1,1,0.0,0,0,0,-9999.0,0.375,1,P4_CV0,1,0,2,2,0
3,4.20367802087489,4.955022315058112,R3_F3_m10f7_P10_Y2_UO456,RD10_F8_m4f9_P4_Y0_UO655,RD7_F5_m3f5_P3_Y0_UO400,MXY,1,0.0,1,1,0.0,0,0,0,-9999.0,0.375,1,P4_CV0,1,1,1,2,0
3,4.20367802087489,4.955022315058112,R3_F3_m1f2_P1_Y2_UO698,RD1_F4_m9f7_P9_Y0_UO25,RD2_F3_m5f1_P5_Y0_UO615,FXX,1,0.0,1,1,1.0,0,0,0,-9999.0,0.5,1,P4_CV0,1,0,2,2,0
3,4.20367802087489,4.955022315058112,R3_F3_m4f3_P4_Y2_UO652,RD4_F8_m3f6_P3_Y0_UO433,RD3_F10_m5f3_P5_Y0_UO664,MXY,1,0.0,1,1,0.0,0,0,0,-9999.0,0.375,1,P4_CV0,1,0,2,2,0
3,4.20367802087489,4.955022315058112,Age0_F3_m3f8_P3_Y3_UO156,RD3_F9_m2f9_P2_Y1_UO22,RD8_F3_m4f5_P4_Y1_UO358,MXY,0,0.0,0,0,0.0,0,0,0,0.0,0.375,1,P5_CV0,1,1,1,1,1
3,4.20367802087489,4.955022315058112,Age0_F3_m3f8_P3_Y3_UO157,RD3_F9_m2f9_P2_Y1_UO22,RD8_F3_m4f5_P4_Y1_UO358,FXX,0,0.0,0,0,0.0,0,0,0,0.0,0.375,1,P5_CV0,1,0,2,0,2
3,4.20367802087489,4.955022315058112,Age0_F3_m3f8_P3_Y3_UO158,RD3_F9_m2f9_P2_Y1_UO22,RD8_F3_m4f5_P4_Y1_UO358,FXX,0,0.0,0,0,0.0,0,0,0,0.0,0.375,1,P5_CV0,1,0,2,0,2
3,4.20367802087489,4.955022315058112,R3_F3_m9f2_P9_Y2_UO499,RD9_F6_m8f2_P8_Y0_UO549,RD2_F3_m6f5_P6_Y0_UO348,FXX,1,0.0,1,1,1.0,0,0,0,-9999.0,0.375,1,P5_CV0,1,1,1,1,1
3,4.20367802087489,4.955022315058112,R3_F3_m5f10_P5_Y2_UO316,RD5_F9_m3f6_P3_Y0_UO10,RD10_F5_m3f1_P3_Y0_UO357,FXX,1,0.0,1,1,1.0,0,0,0,-9999.0,0.625,1,P5_CV0,1,2,0,0,2
3,4.20367802087489,4.955022315058112,R3_F3_m1f7_P1_Y2_UO716,RD1_F5_m4f7_P4_Y0_UO721,RD7_F8_m4f6_P4_Y0_UO653,FXX,1,0.0,1,1,1.0,0,0,0,-9999.0,0.75,1,P5_CV0,1,2,0,0,2
3,4.20367802087489,4.955022315058112,R3_F3_m10f6_P10_Y2_UO649,RD10_F9_m6f10_P6_Y0_UO393,RD6_F4_m8f3_P8_Y0_UO207,MXY,1,0.0,1,1,0.0,0,0,0,-9999.0,0.25,1,P5_CV0,1,0,2,2,0
3,4.20367802087489,4.955022315058112,R3_F3_m7f8_P7_Y2_UO573,RD7_F4_m8f2_P8_Y0_UO548,RD8_F7_m6f10_P6_Y0_UO124,MXY,1,0.0,1,1,0.0,0,0,0,-9999.0,0.5,1,P5_CV0,1,0,2,0,2
3,4.20367802087489,4.955022315058112,R3_F3_m7f8_P7_Y2_UO67,RD7_F9_m6f10_P6_Y0_UO394,RD8_F9_m2f6_P2_Y0_UO392,FXX,1,0.0,1,1,1.0,0,0,0,-9999.0,0.375,1,P5_CV0,1,1,1,1,1
3,4.20367802087489,4.955022315058112,R3_F3_m2f9_P2_Y1_UO22,RD2_F10_m-1f-1_P10_Y-1_U74,RD9_F6_m-1f-1_P6_Y-1_U97,FXX,2,0.0,1,0,1.0,0,0,0,-9999.0,0.25,1,P5_CV0,1,0,2,1,1
3,4.20367802087489,4.955022315058112,Age0_F3_m3f6_P3_Y3_UO119,RD3_F8_m7f6_P7_Y1_UO463,RD6_F9_m1f6_P1_Y1_UO97,FXX,0,0.0,0,0,0.0,0,0,0,0.0,0.625,1,P6_CV0,1,1,1,1,1
3,4.20367802087489,4.955022315058112,Age0_F3_m3f6_P3_Y3_UO120,RD3_F8_m7f6_P7_Y1_UO463,RD6_F9_m1f6_P1_Y1_UO97,FXX,0,0.0,0,0,0.0,0,0,0,0.0,0.625,1,P6_CV0,1,1,1,1,1
3,4.20367802087489,4.955022315058112,Age0_F3_m3f6_P3_Y3_UO121,RD3_F8_m7f6_P7_Y1_UO463,RD6_F9_m1f6_P1_Y1_UO97,MXY,0,0.0,0,0,0.0,0,0,0,0.0,0.625,1,P6_CV0,1,1,1,2,0
3,4.20367802087489,4.955022315058112,Age0_F3_m3f6_P3_Y3_UO122,RD3_F8_m7f6_P7_Y1_UO463,RD6_F9_m1f6_P1_Y1_UO97,FXX,0,0.0,0,0,0.0,0,0,0,0.0,0.625,1,P6_CV0,1,1,1,1,1
3,4.20367802087489,4.955022315058112,Age0_F3_m3f6_P3_Y3_UO125,RD3_F8_m7f6_P7_Y1_UO463,RD6_F9_m1f6_P1_Y1_UO97,MXY,0,0.0,0,0,0.0,0,0,0,0.0,0.625,1,P6_CV0,1,1,1,2,0
3,4.20367802087489,4.955022315058112,Age0_F3_m3f6_P3_Y3_UO126,RD3_F8_m7f6_P7_Y1_UO463,RD6_F9_m1f6_P1_Y1_UO97,FXX,0,0.0,0,0,0.0,0,0,0,0.0,0.625,1,P6_CV0,1,1,1,2,0
3,4.20367802087489,4.955022315058112,Age0_F3_m3f6_P3_Y3_UO129,RD3_F8_m7f6_P7_Y1_UO463,RD6_F9_m1f6_P1_Y1_UO97,FXX,0,0.0,0,0,0.0,0,0,0,0.0,0.625,1,P6_CV0,1,1,1,2,0
3,4.20367802087489,4.955022315058112,R3_F3_m7f3_P7_Y2_UO259,RD7_F4_m7f6_P7_Y0_UO661,RD3_F4_m7f4_P7_Y0_UO249,FXX,1,0.0,1,1,1.0,0,0,0,-9999.0,0.5,1,P6_CV0,1,2,0,1,1
3,4.20367802087489,4.955022315058112,R3_F3_m7f10_P7_Y2_UO108,RD7_F6_m7f4_P7_Y0_UO418,RD10_F9_m4f8_P4_Y0_UO31,MXY,1,0.0,1,1,0.0,0,0,0,-9999.0,0.625,1,P6_CV0,1,2,0,2,0
3,4.20367802087489,4.955022315058112,R3_F3_m6f9_P6_Y2_UO273,RD6_F10_m2f4_P2_Y0_UO573,RD9_F8_m-1f-1_P7_Y-1_U0,FXX,1,0.0,1,1,1.0,0,0,0,-9999.0,0.875,1,P6_CV0,1,2,0,1,1
3,4.20367802087489,4.955022315058112,Age0_F3_m3f9_P3_Y3_UO211,RD3_F10_m9f6_P9_Y1_UO156,RD9_F2_m9f6_P9_Y1_UO154,MXY,0,0.0,0,0,0.0,0,0,0,0.0,0.75,1,P7_CV0,1,2,0,1,1
3,4.20367802087489,4.955022315058112,Age0_F3_m3f9_P3_Y3_UO212,RD3_F10_m9f6_P9_Y1_UO156,RD9_F2_m9f6_P9_Y1_UO154,MXY,0,0.0,0,0,0.0,0,0,0,0.0,0.75,1,P7_CV0,1,2,0,1,1
3,4.20367802087489,4.955022315058112,Age0_F3_m3f9_P3_Y3_UO214,RD3_F10_m9f6_P9_Y1_UO156,RD9_F2_m9f6_P9_Y1_UO154,MXY,0,0.0,0,0,0.0,0,0,0,0.0,0.75,1,P7_CV0,1,2,0,2,0
3,4.20367802087489,4.955022315058112,Age0_F3_m3f9_P3_Y3_UO215,RD3_F10_m9f6_P9_Y1_UO156,RD9_F2_m9f6_P9_Y1_UO154,MXY,0,0.0,0,0,0.0,0,0,0,0.0,0.75,1,P7_CV0,1,2,0,1,1
3,4.20367802087489,4.955022315058112,R3_F3_m9f2_P9_Y2_UO501,RD9_F6_m8f2_P8_Y0_UO549,RD2_F3_m6f5_P6_Y0_UO348,FXX,1,0.0,1,1,1.0,0,0,0,-9999.0,0.375,1,P7_CV0,1,1,1,2,0
3,4.20367802087489,4.955022315058112,R3_F3_m5f2_P5_Y2_UO57,RD5_F4_m8f7_P8_Y0_UO279,RD2_F5_m3f2_P3_Y0_UO411,MXY,1,0.0,1,1,0.0,0,0,0,-9999.0,0.375,1,P7_CV0,1,1,1,1,1
3,4.20367802087489,4.955022315058112,R3_F3_m2f6_P2_Y2_UO683,RD2_F5_m8f1_P8_Y0_UO614,RD6_F8_m7f10_P7_Y0_UO468,MXY,1,0.0,1,1,0.0,0,0,0,-9999.0,0.625,1,P7_CV0,1,1,1,0,2
3,4.20367802087489,4.955022315058112,R3_F3_m10f6_P10_Y1_UO458,RD10_F8_m-1f-1_P8_Y-1_U27,RD6_F4_m-1f-1_P4_Y-1_U68,MXY,2,0.0,1,0,0.0,0,0,0,-9999.0,0.75,1,P7_CV0,1,1,1,1,1
3,4.20367802087489,4.955022315058112,Age0_F3_m3f2_P3_Y3_UO71,RD3_F6_m7f4_P7_Y1_UO214,RD2_F9_m5f7_P5_Y1_UO57,FXX,0,0.0,0,0,0.0,0,0,0,0.0,0.5,1,P8_CV0,1,1,1,1,1
3,4.20367802087489,4.955022315058112,Age0_F3_m3f2_P3_Y3_UO76,RD3_F6_m7f4_P7_Y1_UO214,RD2_F9_m5f7_P5_Y1_UO57,FXX,0,0.0,0,0,0.0,0,0,0,0.0,0.5,1,P8_CV0,1,1,1,2,0
3,4.20367802087489,4.955022315058112,Age0_F3_m3f2_P3_Y3_UO79,RD3_F6_m7f4_P7_Y1_UO214,RD2_F9_m5f7_P5_Y1_UO57,FXX,0,0.0,0,0,0.0,0,0,0,0.0,0.5,1,P8_CV0,1,1,1,2,0
3,4.20367802087489,4.955022315058112,Age0_F3_m3f2_P3_Y3_UO81,RD3_F6_m7f4_P7_Y1_UO214,RD2_F9_m5f7_P5_Y1_UO57,FXX,0,0.0,0,0,0.0,0,0,0,0.0,0.5,1,P8_CV0,1,1,1,1,1
3,4.20367802087489,4.955022315058112,Age0_F3_m3f2_P3_Y3_UO82,RD3_F6_m7f4_P7_Y1_UO214,RD2_F9_m5f7_P5_Y1_UO57,MXY,0,0.0,0,0,0.0,0,0,0,0.0,0.5,1,P8_CV0,1,1,1,1,1
3,4.20367802087489,4.955022315058112,R3_F3_m5f10_P5_Y2_UO145,RD5_F7_m9f4_P9_Y0_UO646,RD10_F1_m10f9_P10_Y0_UO338,MXY,1,0.0,1,1,0.0,0,0,0,-9999.0,0.5,1,P8_CV0,1,2,0,0,2
3,4.20367802087489,4.955022315058112,R3_F3_m10f1_P10_Y2_UO432,RD10_F2_m7f4_P7_Y0_UO415,RD1_F5_m1f9_P1_Y0_UO637,FXX,1,0.0,1,1,1.0,0,0,0,-9999.0,0.5,1,P8_CV0,1,1,1,1,1
3,4.20367802087489,4.955022315058112,R3_F3_m7f4_P7_Y2_UO214,RD7_F8_m3f9_P3_Y0_UO521,RD4_F5_m9f5_P9_Y0_UO213,FXX,1,0.0,1,1,1.0,0,0,0,-9999.0,0.25,1,P8_CV0,1,0,2,0,2
3,4.20367802087489,4.955022315058112,R3_F3_m8f4_P8_Y2_UO171,RD8_F4_m9f7_P9_Y0_UO86,RD4_F7_m10f3_P10_Y0_UO188,FXX,1,0.0,1,1,1.0,0,0,0,-9999.0,0.375,1,P8_CV0,1,1,1,1,1
3,4.20367802087489,4.955022315058112,R3_F3_m2f7_P2_Y2_UO729,RD2_F6_m8f9_P8_Y0_UO501,RD7_F3_m2f6_P2_Y0_UO387,FXX,1,0.0,1,1,1.0,0,0,0,-9999.0,0.5,1,P8_CV0,1,2,0,1,1
3,4.20367802087489,4.955022315058112,R3_F3_m6f4_P6_Y1_UO39,RD6_F9_m-1f-1_P9_Y-1_U95,RD4_F7_m-1f-1_P7_Y-1_U69,MXY,2,0.0,1,0,0.0,0,0,0,-9999.0,0.5,1,P8_CV0,1,2,0,2,0
3,4.20367802087489,4.955022315058112,R3_F3_m7f4_P7_Y1_UO214,RD7_F5_m-1f-1_P5_Y-1_U86,RD4_F9_m-1f-1_P9_Y-1_U42,FXX,2,0.0,1,0,1.0,0,0,0,-9999.0,0.25,1,P8_CV0,1,0,2,2,0
3,4.20367802087489,4.955022315058112,R3_F3_m2f3_P2_Y2_UO731,RD2_F4_m8f2_P8_Y0_UO546,RD3_F8_m10f9_P10_Y0_UO562,FXX,1,0.0,1,1,1.0,0,0,0,-9999.0,0.5,1,P9_CV0,1,0,2,1,1
3,4.20367802087489,4.955022315058112,R3_F3_m5f10_P5_Y2_UO291,RD5_F3_m10f3_P10_Y0_UO187,RD10_F5_m3f1_P3_Y0_UO357,FXX,1,0.0,1,1,1.0,0,0,0,-9999.0,0.375,1,P9_CV0,1,1,1,2,0
3,4.20367802087489,4.955022315058112,R3_F3_m1f5_P1_Y2_UO581,RD1_F5_m3f6_P3_Y0_UO147,RD5_F1_m10f3_P10_Y0_UO184,MXY,1,0.0,1,1,0.0,0,0,0,-9999.0,0.5,1,P9_CV0,1,0,2,0,2
4,2.046486340378425,9.289064495259955,Age0_F4_m4f7_P4_Y3_UO254,RD4_F9_m10f2_P10_Y1_UO182,RD7_F6_m9f10_P9_Y1_UO51,FXX,0,0.0,0,0,0.0,0,0,0,0.0,0.625,1,P0_CV0,1,2,0,1,1
4,2.046486340378425,9.289064495259955,Age0_F4_m4f7_P4_Y3_UO256,RD4_F9_m10f2_P10_Y1_UO182,RD7_F6_m9f10_P9_Y1_UO51,FXX,0,0.0,0,0,0.0,0,0,0,0.0,0.625,1,P0_CV0,1,1,1,1,1
4,2.046486340378425,9.289064495259955,Age0_F4_m4f9_P4_Y3_UO11,RD4_F7_m9f4_P9_Y1_UO502,RD9_F2_m9f6_P9_Y1_UO154,MXY,0,0.0,0,0,0.0,0,0,0,0.0,0.375,1,P1_CV0,1,1,1,1,1
4,2.046486340378425,9.289064495259955,Age0_F4_m4f9_P4_Y3_UO13,RD4_F7_m9f4_P9_Y1_UO502,RD9_F2_m9f6_P9_Y1_UO154,MXY,0,0.0,0,0,0.0,0,0,0,0.0,0.375,1,P1_CV0,1,1,1,1,1
4,2.046486340378425,9.289064495259955,Age0_F4_m4f8_P4_Y3_UO36,RD4_F7_m3f6_P3_Y1_UO300,RD8_F4_m-1f-1_P2_Y-1_U1,FXX,0,0.0,0,0,0.0,0,0,0,0.0,0.75,1,P1_CV0,1,1,1,2,0
4,2.046486340378425,9.289064495259955,Age0_F4_m4f2_P4_Y3_UO216,RD4_F8_m7f6_P7_Y1_UO104,RD2_F9_m-1f-1_P6_Y-1_U42,FXX,0,0.0,0,0,0.0,0,0,0,0.0,0.25,1,P1_CV0,1,0,2,2,0
4,2.046486340378425,9.289064495259955,Age0_F4_m4f2_P4_Y3_UO217,RD4_F8_m7f6_P7_Y1_UO104,RD2_F9_m-1f-1_P6_Y-1_U42,FXX,0,0.0,0,0,0.0,0,0,0,0.0,0.25,1,P1_CV0,1,1,1,2,0
4,2.046486340378425,9.289064495259955,Age0_F4_m4f2_P4_Y3_UO218,RD4_F8_m7f6_P7_Y1_UO104,RD2_F9_m-1f-1_P6_Y-1_U42,FXX,0,0.0,0,0,0.0,0,0,0,0.0,0.25,1,P1_CV0,1,0,2,2,0
4,2.046486340378425,9.289064495259955,Age0_F4_m4f2_P4_Y3_UO219,RD4_F8_m7f6_P7_Y1_UO104,RD2_F9_m-1f-1_P6_Y-1_U42,FXX,0,0.0,0,0,0.0,0,0,0,0.0,0.25,1,P1_CV0,1,0,2,2,0
4,2.046486340378425,9.289064495259955,Age0_F4_m4f2_P4_Y3_UO220,RD4_F8_m7f6_P7_Y1_UO104,RD2_F9_m-1f-1_P6_Y-1_U42,MXY,0,0.0,0,0,0.0,0,0,0,0.0,0.25,1,P1_CV0,1,0,2,2,0
4,2.046486340378425,9.289064495259955,Age0_F4_m4f2_P4_Y3_UO221,RD4_F8_m7f6_P7_Y1_UO104,RD2_F9_m-1f-1_P6_Y-1_U42,MXY,0,0.0,0,0,0.0,0,0,0,0.0,0.25,1,P1_CV0,1,1,1,2,0
4,2.046486340378425,9.289064495259955,Age0_F4_m4f2_P4_Y3_UO225,RD4_F8_m7f6_P7_Y1_UO104,RD2_F9_m-1f-1_P6_Y-1_U42,MXY,0,0.0,0,0,0.0,0,0,0,0.0,0.25,1,P1_CV0,1,0,2,2,0
4,2.046486340378425,9.289064495259955,R4_F4_m8f4_P8_Y2_UO190,RD8_F4_m1f5_P1_Y0_UO344,RD4_F8_m4f2_P4_Y0_UO158,MXY,1,0.0,1,1,0.0,0,0,0,-9999.0,0.625,1,P1_CV0,1,1,1,0,2
4,2.046486340378425,9.289064495259955,R4_F4_m2f6_P2_Y2_UO704,RD2_F5_m4f10_P4_Y0_UO632,RD6_F8_m-1f-1_P2_Y-1_U68,FXX,1,0.0,1,1,1.0,0,0,0,-9999.0,0.75,1,P1_CV0,1,2,0,0,2
4,2.046486340378425,9.289064495259955,R4_F4_m7f5_P7_Y2_UO31,RD7_F8_m4f7_P4_Y0_UO693,RD5_F7_m2f4_P2_Y0_UO575,MXY,1,0.0,1,1,0.0,0,0,0,-9999.0,0.625,1,P1_CV0,1,0,2,1,1
4,2.046486340378425,9.289064495259955,R4_F4_m8f2_P8_Y2_UO585,RD8_F6_m3f2_P3_Y0_UO383,RD2_F5_m1f3_P1_Y0_UO226,FXX,1,0.0,1,1,1.0,0,0,0,-9999.0,0.625,1,P1_CV0,1,1,1,2,0
4,2.046486340378425,9.289064495259955,R4_F4_m8f2_P8_Y2_UO583,RD8_F6_m3f2_P3_Y0_UO383,RD2_F5_m1f3_P1_Y0_UO226,MXY,1,0.0,1,1,0.0,0,0,0,-9999.0,0.625,1,P1_CV0,1,1,1,2,0
4,2.046486340378425,9.289064495259955,R4_F4_m7f6_P7_Y1_UO104,RD7_F5_m-1f-1_P5_Y-1_U86,RD6_F2_m-1f-1_P2_Y-1_U86,FXX,2,0.0,1,0,1.0,0,0,0,-9999.0,0.0,1,P1_CV0,1,0,2,2,0
4,2.046486340378425,9.289064495259955,Age0_F4_m4f9_P4_Y3_UO179,RD4_F9_m2f7_P2_Y1_UO303,RD9_F8_m7f4_P7_Y1_UO129,FXX,0,0.0,0,0,0.0,0,0,0,0.0,0.375,1,P2_CV0,1,0,2,2,0
4,2.046486340378425,9.289064495259955,Age0_F4_m4f9_P4_Y3_UO180,RD4_F9_m2f7_P2_Y1_UO303,RD9_F8_m7f4_P7_Y1_UO129,MXY,0,0.0,0,0,0.0,0,0,0,0.0,0.375,1,P2_CV0,1,1,1,2,0
4,2.046486340378425,9.289064495259955,Age0_F4_m4f9_P4_Y3_UO181,RD4_F9_m2f7_P2_Y1_UO303,RD9_F8_m7f4_P7_Y1_UO129,MXY,0,0.0,0,0,0.0,0,0,0,0.0,0.375,1,P2_CV0,1,0,2,2,0
4,2.046486340378425,9.289064495259955,Age0_F4_m4f2_P4_Y3_UO341,RD4_F8_m7f6_P7_Y1_UO462,RD2_F6_m9f3_P9_Y0_UO701,FXX,0,0.0,0,0,0.0,0,0,0,0.0,0.625,1,P2_CV0,1,1,1,2,0
4,2.046486340378425,9.289064495259955,Age0_F4_m4f2_P4_Y3_UO345,RD4_F8_m7f6_P7_Y1_UO462,RD2_F6_m9f3_P9_Y0_UO701,MXY,0,0.0,0,0,0.0,0,0,0,0.0,0.625,1,P2_CV0,1,1,1,2,0
4,2.046486340378425,9.289064495259955,R4_F4_m3f9_P3_Y2_UO332,RD3_F5_m6f8_P6_Y0_UO142,RD9_F10_m1f3_P1_Y0_UO227,MXY,1,0.0,1,1,0.0,0,0,0,-9999.0,0.5,1,P2_CV0,1,1,1,2,0
4,2.046486340378425,9.289064495259955,R4_F4_m8f2_P8_Y2_UO238,RD8_F6_m3f2_P3_Y0_UO383,RD2_F3_m9f3_P9_Y0_UO95,MXY,1,0.0,1,1,0.0,0,0,0,-9999.0,0.375,1,P2_CV0,1,0,2,2,0
4,2.046486340378425,9.289064495259955,R4_F4_m6f3_P6_Y2_UO166,RD6_F5_m6f3_P6_Y0_UO723,RD3_F5_m9f3_P9_Y0_UO703,FXX,1,0.0,1,1,1.0,0,0,0,-9999.0,0.375,1,P2_CV0,1,1,1,2,0
4,2.046486340378425,9.289064495259955,Age0_F4_m4f7_P4_Y3_UO201,RD4_F6_m10f2_P10_Y1_UO179,RD7_F9_m7f2_P7_Y1_UO450,MXY,0,0.0,0,0,0.0,0,0,0,0.0,0.125,1,P3_CV0,1,1,1,2,0
4,2.046486340378425,9.289064495259955,Age0_F4_m4f7_P4_Y3_UO202,RD4_F6_m10f2_P10_Y1_UO179,RD7_F9_m7f2_P7_Y1_UO450,FXX,0,0.0,0,0,0.0,0,0,0,0.0,0.125,1,P3_CV0,1,0,2,2,0
4,2.046486340378425,9.289064495259955,R4_F4_m9f1_P9_Y2_UO667,RD9_F3_m2f4_P2_Y0_UO572,RD1_F2_m7f4_P7_Y0_UO305,MXY,1,0.0,1,1,0.0,0,0,0,-9999.0,0.625,1,P3_CV0,1,1,1,0,2
4,2.046486340378425,9.289064495259955,R4_F4_m8f7_P8_Y2_UO113,RD8_F4_m2f4_P2_Y0_UO378,RD7_F8_m-1f-1_P2_Y-1_U19,MXY,1,0.0,1,1,0.0,0,0,0,-9999.0,0.25,1,P3_CV0,1,1,1,1,1
4,2.046486340378425,9.289064495259955,R4_F4_m8f4_P8_Y2_UO592,RD8_F4_m6f8_P6_Y0_UO153,RD4_F5_m4f2_P4_Y0_UO117,FXX,1,0.0,1,1,1.0,0,0,0,-9999.0,0.375,1,P3_CV0,1,0,2,1,1
4,2.046486340378425,9.289064495259955,R4_F4_m8f4_P8_Y2_UO596,RD8_F4_m6f8_P6_Y0_UO153,RD4_F5_m4f2_P4_Y0_UO117,MXY,1,0.0,1,1,0.0,0,0,0,-9999.0,0.375,1,P3_CV0,1,0,2,1,1
4,2.046486340378425,9.289064495259955,R4_F4_m-1f-1_P4_Y-1_U66,-9999,-9999,MXY,4,0.0,1,0,0.0,0,0,0,-9999.0,1.0,1,P3_CV0,1,2,0,1,1
4,2.046486340378425,9.289064495259955,R4_F4_m-1f-1_P4_Y-1_U63,-9999,-9999,FXX,4,0.0,1,0,1.0,0,0,0,-9999.0,0.5,1,P3_CV0,1,1,1,1,1
4,2.046486340378425,9.289064495259955,Age0_F4_m4f7_P4_Y3_UO117,RD4_F8_m7f6_P7_Y1_UO462,RD7_F3_m6f5_P6_Y0_UO346,FXX,0,0.0,0,0,0.0,0,0,0,0.0,0.625,1,P4_CV0,1,2,0,1,1
4,2.046486340378425,9.289064495259955,R4_F4_m7f6_P7_Y2_UO590,RD7_F4_m2f5_P2_Y0_UO492,RD6_F7_m9f3_P9_Y0_UO701,MXY,1,0.0,1,1,0.0,0,0,0,-9999.0,0.5,1,P4_CV0,1,1,1,2,0
4,2.046486340378425,9.289064495259955,R4_F4_m5f1_P5_Y2_UO549,RD5_F3_m5f1_P5_Y0_UO683,RD1_F5_m4f7_P4_Y0_UO720,MXY,1,0.0,1,1,0.0,0,0,0,-9999.0,0.5,1,P4_CV0,1,1,1,1,1
4,2.046486340378425,9.289064495259955,Age0_F4_m4f2_P4_Y3_UO222,RD4_F8_m7f6_P7_Y1_UO104,RD2_F9_m-1f-1_P6_Y-1_U42,MXY,0,0.0,0,0,0.0,0,0,0,0.0,0.25,1,P5_CV0,1,1,1,2,0
4,2.046486340378425,9.289064495259955,Age0_F4_m4f2_P4_Y3_UO223,RD4_F8_m7f6_P7_Y1_UO104,RD2_F9_m-1f-1_P6_Y-1_U42,MXY,0,0.0,0,0,0.0,0,0,0,0.0,0.25,1,P5_CV0,1,1,1,2,0
4,2.046486340378425,9.289064495259955,Age0_F4_m4f2_P4_Y3_UO224,RD4_F8_m7f6_P7_Y1_UO104,RD2_F9_m-1f-1_P6_Y-1_U42,FXX,0,0.0,0,0,0.0,0,0,0,0.0,0.25,1,P5_CV0,1,0,2,2,0
4,2.046486340378425,9.289064495259955,Age0_F4_m4f2_P4_Y3_UO395,RD4_F9_m2f7_P2_Y1_UO303,RD2_F9_m-1f-1_P6_Y-1_U42,FXX,0,0.0,0,0,0.0,0,0,0,0.0,0.25,1,P5_CV0,1,0,2,2,0
4,2.046486340378425,9.289064495259955,Age0_F4_m4f2_P4_Y3_UO397,RD4_F9_m2f7_P2_Y1_UO303,RD2_F9_m-1f-1_P6_Y-1_U42,MXY,0,0.0,0,0,0.0,0,0,0,0.0,0.25,1,P5_CV0,1,1,1,2,0
4,2.046486340378425,9.289064495259955,Age0_F4_m4f2_P4_Y3_UO398,RD4_F9_m2f7_P2_Y1_UO303,RD2_F9_m-1f-1_P6_Y-1_U42,MXY,0,0.0,0,0,0.0,0,0,0,0.0,0.25,1,P5_CV0,1,1,1,2,0
4,2.046486340378425,9.289064495259955,R4_F4_m7f8_P7_Y2_UO66,RD7_F9_m6f10_P6_Y0_UO394,RD8_F9_m2f6_P2_Y0_UO392,MXY,1,0.0,1,1,0.0,0,0,0,-9999.0,0.375,1,P5_CV0,1,2,0,1,1
4,2.046486340378425,9.289064495259955,R4_F4_m3f2_P3_Y2_UO415,RD3_F6_m9f4_P9_Y0_UO645,RD2_F8_m4f6_P4_Y0_UO651,MXY,1,0.0,1,1,0.0,0,0,0,-9999.0,0.625,1,P5_CV0,1,1,1,1,1
4,2.046486340378425,9.289064495259955,R4_F4_m3f2_P3_Y2_UO410,RD3_F6_m9f4_P9_Y0_UO645,RD2_F8_m4f6_P4_Y0_UO651,FXX,1,0.0,1,1,1.0,0,0,0,-9999.0,0.625,1,P5_CV0,1,1,1,1,1
4,2.046486340378425,9.289064495259955,R4_F4_m6f10_P6_Y0_UO561,R6_F6_m-1f-1_P6_Y-1_U99,R10_F10_m-1f-1_P10_Y-1_U53,MXY,3,0.0,1,0,0.0,0,0,0,-9999.0,0.5,1,P5_CV0,1,1,1,1,1
4,2.046486340378425,9.289064495259955,Age0_F4_m4f8_P4_Y3_UO33,RD4_F7_m3f6_P3_Y1_UO300,RD8_F4_m-1f-1_P2_Y-1_U1,MXY,0,0.0,0,0,0.0,0,0,0,0.0,0.75,1,P6_CV0,1,2,0,1,1
4,2.046486340378425,9.289064495259955,Age0_F4_m4f8_P4_Y3_UO34,RD4_F7_m3f6_P3_Y1_UO300,RD8_F4_m-1f-1_P2_Y-1_U1,MXY,0,0.0,0,0,0.0,0,0,0,0.0,0.75,1,P6_CV0,1,2,0,2,0
4,2.046486340378425,9.289064495259955,Age0_F4_m4f8_P4_Y3_UO35,RD4_F7_m3f6_P3_Y1_UO300,RD8_F4_m-1f-1_P2_Y-1_U1,MXY,0,0.0,0,0,0.0,0,0,0,0.0,0.75,1,P6_CV0,1,2,0,2,0
4,2.046486340378425,9.289064495259955,Age0_F4_m4f2_P4_Y3_UO288,RD4_F6_m10f2_P10_Y1_UO179,RD2_F6_m7f10_P7_Y0_UO468,FXX,0,0.0,0,0,0.0,0,0,0,0.0,0.5,1,P6_CV0,1,2,0,1,1
4,2.046486340378425,9.289064495259955,Age0_F4_m4f2_P4_Y3_UO289,RD4_F6_m10f2_P10_Y1_UO179,RD2_F6_m7f10_P7_Y0_UO468,FXX,0,0.0,0,0,0.0,0,0,0,0.0,0.5,1,P6_CV0,1,0,2,1,1
4,2.046486340378425,9.289064495259955,Age0_F4_m4f2_P4_Y3_UO291,RD4_F6_m10f2_P10_Y1_UO179,RD2_F6_m7f10_P7_Y0_UO468,FXX,0,0.0,0,0,0.0,0,0,0,0.0,0.5,1,P6_CV0,1,2,0,1,1
4,2.046486340378425,9.289064495259955,Age0_F4_m4f8_P4_Y3_UO436,RD4_F10_m1f2_P1_Y1_UO388,RD8_F7_m7f4_P7_Y0_UO308,FXX,0,0.0,0,0,0.0,0,0,0,0.0,0.5,1,P6_CV0,1,0,2,0,2
4,2.046486340378425,9.289064495259955,Age0_F4_m4f8_P4_Y3_UO437,RD4_F10_m1f2_P1_Y1_UO388,RD8_F7_m7f4_P7_Y0_UO308,MXY,0,0.0,0,0,0.0,0,0,0,0.0,0.5,1,P6_CV0,1,1,1,1,1
4,2.046486340378425,9.289064495259955,R4_F4_m3f6_P3_Y1_UO300,RD3_F7_m-1f-1_P7_Y-1_U74,RD6_F5_m-1f-1_P5_Y-1_U90,FXX,2,0.0,1,0,1.0,0,0,0,-9999.0,1.0,1,P6_CV0,1,2,0,2,0
4,2.046486340378425,9.289064495259955,Age0_F4_m4f9_P4_Y3_UO12,RD4_F7_m9f4_P9_Y1_UO502,RD9_F2_m9f6_P9_Y1_UO154,MXY,0,0.0,0,0,0.0,0,0,0,0.0,0.375,1,P7_CV0,1,1,1,1,1
4,2.046486340378425,9.289064495259955,Age0_F4_m4f9_P4_Y3_UO14,RD4_F7_m9f4_P9_Y1_UO502,RD9_F2_m9f6_P9_Y1_UO154,FXX,0,0.0,0,0,0.0,0,0,0,0.0,0.375,1,P7_CV0,1,1,1,1,1
4,2.046486340378425,9.289064495259955,Age0_F4_m4f7_P4_Y3_UO115,RD4_F8_m7f6_P7_Y1_UO462,RD7_F3_m6f5_P6_Y0_UO346,FXX,0,0.0,0,0,0.0,0,0,0,0.0,0.625,1,P7_CV0,1,1,1,2,0
4,2.046486340378425,9.289064495259955,Age0_F4_m4f7_P4_Y3_UO116,RD4_F8_m7f6_P7_Y1_UO462,RD7_F3_m6f5_P6_Y0_UO346,MXY,0,0.0,0,0,0.0,0,0,0,0.0,0.625,1,P7_CV0,1,1,1,2,0
4,2.046486340378425,9.289064495259955,Age0_F4_m4f2_P4_Y3_UO167,RD4_F8_m7f6_P7_Y1_UO462,RD2_F3_m9f3_P9_Y0_UO703,FXX,0,0.0,0,0,0.0,0,0,0,0.0,0.625,1,P7_CV0,1,1,1,2,0
4,2.046486340378425,9.289064495259955,Age0_F4_m4f2_P4_Y3_UO168,RD4_F8_m7f6_P7_Y1_UO462,RD2_F3_m9f3_P9_Y0_UO703,MXY,0,0.0,0,0,0.0,0,0,0,0.0,0.625,1,P7_CV0,1,2,0,2,0
4,2.046486340378425,9.289064495259955,Age0_F4_m4f9_P4_Y3_UO182,RD4_F9_m2f7_P2_Y1_UO303,RD9_F8_m7f4_P7_Y1_UO129,MXY,0,0.0,0,0,0.0,0,0,0,0.0,0.375,1,P7_CV0,1,0,2,2,0
4,2.046486340378425,9.289064495259955,Age0_F4_m4f7_P4_Y3_UO199,RD4_F6_m10f2_P10_Y1_UO179,RD7_F9_m7f2_P7_Y1_UO450,MXY,0,0.0,0,0,0.0,0,0,0,0.0,0.125,1,P7_CV0,1,0,2,2,0
4,2.046486340378425,9.289064495259955,Age0_F4_m4f7_P4_Y3_UO200,RD4_F6_m10f2_P10_Y1_UO179,RD7_F9_m7f2_P7_Y1_UO450,MXY,0,0.0,0,0,0.0,0,0,0,0.0,0.125,1,P7_CV0,1,1,1,2,0
4,2.046486340378425,9.289064495259955,Age0_F4_m4f7_P4_Y3_UO203,RD4_F6_m10f2_P10_Y1_UO179,RD7_F9_m7f2_P7_Y1_UO450,FXX,0,0.0,0,0,0.0,0,0,0,0.0,0.125,1,P7_CV0,1,0,2,2,0
4,2.046486340378425,9.289064495259955,Age0_F4_m4f3_P4_Y3_UO238,RD4_F6_m10f2_P10_Y1_UO179,RD3_F5_m8f7_P8_Y0_UO271,FXX,0,0.0,0,0,0.0,0,0,0,0.0,0.25,1,P7_CV0,1,0,2,1,1
4,2.046486340378425,9.289064495259955,Age0_F4_m4f3_P4_Y3_UO239,RD4_F6_m10f2_P10_Y1_UO179,RD3_F5_m8f7_P8_Y0_UO271,FXX,0,0.0,0,0,0.0,0,0,0,0.0,0.25,1,P7_CV0,1,0,2,1,1
4,2.046486340378425,9.289064495259955,Age0_F4_m4f3_P4_Y3_UO240,RD4_F6_m10f2_P10_Y1_UO179,RD3_F5_m8f7_P8_Y0_UO271,FXX,0,0.0,0,0,0.0,0,0,0,0.0,0.25,1,P7_CV0,1,1,1,1,1
4,2.046486340378425,9.289064495259955,Age0_F4_m4f7_P4_Y3_UO255,RD4_F9_m10f2_P10_Y1_UO182,RD7_F6_m9f10_P9_Y1_UO51,FXX,0,0.0,0,0,0.0,0,0,0,0.0,0.625,1,P7_CV0,1,2,0,1,1
4,2.046486340378425,9.289064495259955,Age0_F4_m4f8_P4_Y3_UO275,RD4_F8_m7f6_P7_Y1_UO462,RD8_F7_m4f5_P4_Y1_UO364,MXY,0,0.0,0,0,0.0,0,0,0,0.0,0.75,1,P7_CV0,1,2,0,1,1
4,2.046486340378425,9.289064495259955,Age0_F4_m4f8_P4_Y3_UO276,RD4_F8_m7f6_P7_Y1_UO462,RD8_F7_m4f5_P4_Y1_UO364,FXX,0,0.0,0,0,0.0,0,0,0,0.0,0.75,1,P7_CV0,1,2,0,1,1
4,2.046486340378425,9.289064495259955,Age0_F4_m4f8_P4_Y3_UO277,RD4_F8_m7f6_P7_Y1_UO462,RD8_F7_m4f5_P4_Y1_UO364,FXX,0,0.0,0,0,0.0,0,0,0,0.0,0.75,1,P7_CV0,1,1,1,1,1
4,2.046486340378425,9.289064495259955,Age0_F4_m4f8_P4_Y3_UO278,RD4_F8_m7f6_P7_Y1_UO462,RD8_F7_m4f5_P4_Y1_UO364,MXY,0,0.0,0,0,0.0,0,0,0,0.0,0.75,1,P7_CV0,1,2,0,2,0
4,2.046486340378425,9.289064495259955,Age0_F4_m4f8_P4_Y3_UO279,RD4_F8_m7f6_P7_Y1_UO462,RD8_F7_m4f5_P4_Y1_UO364,MXY,0,0.0,0,0,0.0,0,0,0,0.0,0.75,1,P7_CV0,1,2,0,1,1
4,2.046486340378425,9.289064495259955,Age0_F4_m4f2_P4_Y3_UO290,RD4_F6_m10f2_P10_Y1_UO179,RD2_F6_m7f10_P7_Y0_UO468,MXY,0,0.0,0,0,0.0,0,0,0,0.0,0.5,1,P7_CV0,1,0,2,1,1
4,2.046486340378425,9.289064495259955,Age0_F4_m4f2_P4_Y3_UO342,RD4_F8_m7f6_P7_Y1_UO462,RD2_F6_m9f3_P9_Y0_UO701,FXX,0,0.0,0,0,0.0,0,0,0,0.0,0.625,1,P7_CV0,1,1,1,2,0
4,2.046486340378425,9.289064495259955,Age0_F4_m4f2_P4_Y3_UO343,RD4_F8_m7f6_P7_Y1_UO462,RD2_F6_m9f3_P9_Y0_UO701,MXY,0,0.0,0,0,0.0,0,0,0,0.0,0.625,1,P7_CV0,1,1,1,2,0
4,2.046486340378425,9.289064495259955,Age0_F4_m4f2_P4_Y3_UO344,RD4_F8_m7f6_P7_Y1_UO462,RD2_F6_m9f3_P9_Y0_UO701,FXX,0,0.0,0,0,0.0,0,0,0,0.0,0.625,1,P7_CV0,1,1,1,2,0
4,2.046486340378425,9.289064495259955,Age0_F4_m4f8_P4_Y3_UO390,RD4_F6_m10f2_P10_Y1_UO179,RD8_F6_m3f2_P3_Y1_UO145,MXY,0,0.0,0,0,0.0,0,0,0,0.0,0.25,1,P7_CV0,1,1,1,2,0
4,2.046486340378425,9.289064495259955,Age0_F4_m4f8_P4_Y3_UO391,RD4_F6_m10f2_P10_Y1_UO179,RD8_F6_m3f2_P3_Y1_UO145,FXX,0,0.0,0,0,0.0,0,0,0,0.0,0.25,1,P7_CV0,1,2,0,2,0
4,2.046486340378425,9.289064495259955,Age0_F4_m4f8_P4_Y3_UO392,RD4_F6_m10f2_P10_Y1_UO179,RD8_F6_m3f2_P3_Y1_UO145,MXY,0,0.0,0,0,0.0,0,0,0,0.0,0.25,1,P7_CV0,1,1,1,2,0
4,2.046486340378425,9.289064495259955,Age0_F4_m4f8_P4_Y3_UO393,RD4_F6_m10f2_P10_Y1_UO179,RD8_F6_m3f2_P3_Y1_UO145,FXX,0,0.0,0,0,0.0,0,0,0,0.0,0.25,1,P7_CV0,1,1,1,2,0
4,2.046486340378425,9.289064495259955,Age0_F4_m4f8_P4_Y3_UO394,RD4_F6_m10f2_P10_Y1_UO179,RD8_F6_m3f2_P3_Y1_UO145,MXY,0,0.0,0,0,0.0,0,0,0,0.0,0.25,1,P7_CV0,1,2,0,2,0
4,2.046486340378425,9.289064495259955,Age0_F4_m4f2_P4_Y3_UO396,RD4_F9_m2f7_P2_Y1_UO303,RD2_F9_m-1f-1_P6_Y-1_U42,FXX,0,0.0,0,0,0.0,0,0,0,0.0,0.25,1,P7_CV0,1,0,2,2,0
4,2.046486340378425,9.289064495259955,R4_F4_m8f5_P8_Y2_UO299,RD8_F4_m8f7_P8_Y0_UO270,RD5_F8_m-1f-1_P7_Y-1_U12,FXX,1,0.0,1,1,1.0,0,0,0,-9999.0,0.125,1,P7_CV0,1,1,1,1,1
4,2.046486340378425,9.289064495259955,R4_F4_m9f4_P9_Y1_UO502,RD9_F8_m-1f-1_P8_Y-1_U97,RD4_F7_m-1f-1_P7_Y-1_U52,FXX,2,0.0,1,0,1.0,0,0,0,-9999.0,0.0,1,P7_CV0,1,0,2,1,1
4,2.046486340378425,9.289064495259955,Age0_F4_m4f2_P4_Y3_UO169,RD4_F8_m7f6_P7_Y1_UO462,RD2_F3_m9f3_P9_Y0_UO703,MXY,0,0.0,0,0,0.0,0,0,0,0.0,0.625,1,P8_CV0,1,2,0,2,0
4,2.046486340378425,9.289064495259955,Age0_F4_m4f8_P4_Y3_UO434,RD4_F10_m1f2_P1_Y1_UO388,RD8_F7_m7f4_P7_Y0_UO308,FXX,0,0.0,0,0,0.0,0,0,0,0.0,0.5,1,P8_CV0,1,1,1,0,2
4,2.046486340378425,9.289064495259955,Age0_F4_m4f8_P4_Y3_UO435,RD4_F10_m1f2_P1_Y1_UO388,RD8_F7_m7f4_P7_Y0_UO308,MXY,0,0.0,0,0,0.0,0,0,0,0.0,0.5,1,P8_CV0,1,1,1,1,1
4,2.046486340378425,9.289064495259955,R4_F4_m9f10_P9_Y2_UO266,RD9_F8_m9f5_P9_Y0_UO4,RD10_F8_m6f7_P6_Y0_UO136,MXY,1,0.0,1,1,0.0,0,0,0,-9999.0,0.375,1,P8_CV0,1,1,1,1,1
4,2.046486340378425,9.289064495259955,R4_F4_m8f4_P8_Y2_UO506,RD8_F4_m1f5_P1_Y0_UO344,RD4_F8_m6f9_P6_Y0_UO164,FXX,1,0.0,1,1,1.0,0,0,0,-9999.0,0.5,1,P8_CV0,1,0,2,1,1
4,2.046486340378425,9.289064495259955,R4_F4_m7f4_P7_Y2_UO216,RD7_F8_m3f9_P3_Y0_UO521,RD4_F5_m9f5_P9_Y0_UO213,MXY,1,0.0,1,1,0.0,0,0,0,-9999.0,0.25,1,P8_CV0,1,0,2,1,1
4,2.046486340378425,9.289064495259955,R4_F4_m2f7_P2_Y2_UO201,RD2_F3_m4f9_P4_Y0_UO600,RD7_F8_m-1f-1_P7_Y-1_U46,MXY,1,0.0,1,1,0.0,0,0,0,-9999.0,0.5,1,P8_CV0,1,1,1,1,1
4,2.046486340378425,9.289064495259955,R4_F4_m8f3_P8_Y2_UO466,RD8_F7_m8f9_P8_Y0_UO60,RD3_F10_m6f2_P6_Y0_UO715,FXX,1,0.0,1,1,1.0,0,0,0,-9999.0,0.5,1,P8_CV0,1,1,1,2,0
4,2.046486340378425,9.289064495259955,R4_F4_m7f4_P7_Y1_UO209,RD7_F5_m-1f-1_P5_Y-1_U86,RD4_F9_m-1f-1_P9_Y-1_U42,MXY,2,0.0,1,0,0.0,0,0,0,-9999.0,0.25,1,P8_CV0,1,0,2,2,0
4,2.046486340378425,9.289064495259955,R4_F4_m2f8_P2_Y2_UO631,RD2_F9_m10f9_P10_Y0_UO340,RD8_F4_m-1f-1_P10_Y-1_U68,MXY,1,0.0,1,1,0.0,0,0,0,-9999.0,0.625,1,P9_CV0,1,0,2,1,1
4,2.046486340378425,9.289064495259955,R4_F4_m5f10_P5_Y2_UO287,RD5_F3_m10f3_P10_Y0_UO187,RD10_F5_m3f1_P3_Y0_UO357,FXX,1,0.0,1,1,1.0,0,0,0,-9999.0,0.375,1,P9_CV0,1,2,0,1,1
4,2.046486340378425,9.289064495259955,R4_F4_m5f6_P5_Y2_UO539,RD5_F3_m10f3_P10_Y0_UO187,RD6_F1_m4f3_P4_Y0_UO71,FXX,1,0.0,1,1,1.0,0,0,0,-9999.0,0.375,1,P9_CV0,1,1,1,1,1
4,2.046486340378425,9.289064495259955,R4_F4_m7f2_P7_Y2_UO135,RD7_F6_m7f4_P7_Y0_UO418,RD2_F5_m1f10_P1_Y0_UO222,FXX,1,0.0,1,1,1.0,0,0,0,-9999.0,0.625,1,P9_CV0,1,1,1,1,1
5,2.9965467367452314,4.002409126542999,R5_F5_m10f5_P10_Y2_UO328,RD10_F5_m1f9_P1_Y0_UO544,RD5_F4_m8f7_P8_Y0_UO271,MXY,1,0.0,1,1,0.0,0,0,0,-9999.0,0.5,1,P0_CV0,1,1,1,1,1
5,2.9965467367452314,4.002409126542999,Age0_F5_m5f1_P5_Y3_UO3,RD5_F8_m4f5_P4_Y1_UO356,RD1_F6_m5f3_P5_Y1_UO377,FXX,0,0.0,0,0,0.0,0,0,0,0.0,0.5,1,P1_CV0,1,2,0,0,2
5,2.9965467367452314,4.002409126542999,Age0_F5_m5f1_P5_Y3_UO6,RD5_F8_m4f5_P4_Y1_UO356,RD1_F6_m5f3_P5_Y1_UO377,MXY,0,0.0,0,0,0.0,0,0,0,0.0,0.5,1,P1_CV0,1,2,0,1,1
5,2.9965467367452314,4.002409126542999,Age0_F5_m5f1_P5_Y3_UO8,RD5_F8_m4f5_P4_Y1_UO356,RD1_F6_m5f3_P5_Y1_UO377,MXY,0,0.0,0,0,0.0,0,0,0,0.0,0.5,1,P1_CV0,1,2,0,0,2
5,2.9965467367452314,4.002409126542999,Age0_F5_m5f1_P5_Y3_UO10,RD5_F8_m4f5_P4_Y1_UO356,RD1_F6_m5f3_P5_Y1_UO377,MXY,0,0.0,0,0,0.0,0,0,0,0.0,0.5,1,P1_CV0,1,2,0,0,2
5,2.9965467367452314,4.002409126542999,R5_F5_m3f9_P3_Y2_UO159,RD3_F4_m2f3_P2_Y0_UO128,RD9_F6_m4f3_P4_Y0_UO69,FXX,1,0.0,1,1,1.0,0,0,0,-9999.0,0.75,1,P1_CV0,1,2,0,1,1
5,2.9965467367452314,4.002409126542999,R5_F5_m7f4_P7_Y2_UO11,RD7_F1_m5f7_P5_Y0_UO327,RD4_F8_m-1f-1_P2_Y-1_U1,MXY,1,0.0,1,1,0.0,0,0,0,-9999.0,0.625,1,P1_CV0,1,2,0,2,0
5,2.9965467367452314,4.002409126542999,R5_F5_m6f3_P6_Y1_UO270,RD6_F2_m-1f-1_P2_Y-1_U8,RD3_F9_m-1f-1_P9_Y-1_U24,FXX,2,0.0,1,0,1.0,0,0,0,-9999.0,0.75,1,P1_CV0,1,2,0,1,1
5,2.9965467367452314,4.002409126542999,Age0_F5_m5f7_P5_Y3_UO141,RD5_F10_m2f5_P2_Y1_UO438,RD7_F5_m3f7_P3_Y1_UO67,MXY,0,0.0,0,0,0.0,0,0,0,0.0,0.375,1,P2_CV0,1,1,1,2,0
5,2.9965467367452314,4.002409126542999,Age0_F5_m5f7_P5_Y3_UO142,RD5_F10_m2f5_P2_Y1_UO438,RD7_F5_m3f7_P3_Y1_UO67,MXY,0,0.0,0,0,0.0,0,0,0,0.0,0.375,1,P2_CV0,1,1,1,1,1
5,2.9965467367452314,4.002409126542999,Age0_F5_m5f7_P5_Y3_UO143,RD5_F10_m2f5_P2_Y1_UO438,RD7_F5_m3f7_P3_Y1_UO67,MXY,0,0.0,0,0,0.0,0,0,0,0.0,0.375,1,P2_CV0,1,0,2,1,1
5,2.9965467367452314,4.002409126542999,Age0_F5_m5f7_P5_Y3_UO147,RD5_F10_m2f5_P2_Y1_UO438,RD7_F5_m3f7_P3_Y1_UO67,FXX,0,0.0,0,0,0.0,0,0,0,0.0,0.375,1,P2_CV0,1,0,2,1,1
5,2.9965467367452314,4.002409126542999,R5_F5_m2f4_P2_Y2_UO693,RD2_F4_m8f2_P8_Y0_UO546,RD4_F7_m10f3_P10_Y0_UO188,MXY,1,0.0,1,1,0.0,0,0,0,-9999.0,0.375,1,P2_CV0,1,2,0,0,2
5,2.9965467367452314,4.002409126542999,R5_F5_m2f6_P2_Y2_UO219,RD2_F5_m3f5_P3_Y0_UO179,RD6_F8_m-1f-1_P2_Y-1_U68,FXX,1,0.0,1,1,1.0,0,0,0,-9999.0,0.75,1,P2_CV0,1,1,1,0,2
5,2.9965467367452314,4.002409126542999,R5_F5_m6f4_P6_Y2_UO62,RD6_F5_m3f2_P3_Y0_UO409,RD4_F8_m6f9_P6_Y0_UO164,MXY,1,0.0,1,1,0.0,0,0,0,-9999.0,0.5,1,P2_CV0,1,1,1,1,1
5,2.9965467367452314,4.002409126542999,R5_F5_m7f3_P7_Y2_UO622,RD7_F5_m4f7_P4_Y0_UO718,RD3_F10_m-1f-1_P3_Y-1_U52,FXX,1,0.0,1,1,1.0,0,0,0,-9999.0,0.5,1,P2_CV0,1,1,1,0,2
5,2.9965467367452314,4.002409126542999,R5_F5_m-1f-1_P3_Y-1_U91,-9999,-9999,MXY,4,0.0,1,0,0.0,0,0,0,-9999.0,0.5,1,P2_CV0,1,1,1,2,0
5,2.9965467367452314,4.002409126542999,Age0_F5_m5f3_P5_Y3_UO84,RD5_F6_m10f3_P10_Y1_UO243,RD3_F6_m7f8_P7_Y1_UO343,MXY,0,0.0,0,0,0.0,0,0,0,0.0,0.875,1,P3_CV0,1,1,1,1,1
5,2.9965467367452314,4.002409126542999,Age0_F5_m5f3_P5_Y3_UO85,RD5_F6_m10f3_P10_Y1_UO243,RD3_F6_m7f8_P7_Y1_UO343,FXX,0,0.0,0,0,0.0,0,0,0,0.0,0.875,1,P3_CV0,1,2,0,1,1
5,2.9965467367452314,4.002409126542999,Age0_F5_m5f3_P5_Y3_UO88,RD5_F6_m10f3_P10_Y1_UO243,RD3_F6_m7f8_P7_Y1_UO343,FXX,0,0.0,0,0,0.0,0,0,0,0.0,0.875,1,P3_CV0,1,1,1,1,1
5,2.9965467367452314,4.002409126542999,Age0_F5_m5f3_P5_Y3_UO89,RD5_F6_m10f3_P10_Y1_UO243,RD3_F6_m7f8_P7_Y1_UO343,FXX,0,0.0,0,0,0.0,0,0,0,0.0,0.875,1,P3_CV0,1,1,1,1,1
5,2.9965467367452314,4.002409126542999,Age0_F5_m5f3_P5_Y3_UO90,RD5_F6_m10f3_P10_Y1_UO243,RD3_F6_m7f8_P7_Y1_UO343,MXY,0,0.0,0,0,0.0,0,0,0,0.0,0.875,1,P3_CV0,1,1,1,1,1
5,2.9965467367452314,4.002409126542999,R5_F5_m9f8_P9_Y2_UO129,RD9_F3_m2f7_P2_Y0_UO171,RD8_F7_m4f8_P4_Y0_UO91,FXX,1,0.0,1,1,1.0,0,0,0,-9999.0,0.375,1,P3_CV0,1,1,1,1,1
5,2.9965467367452314,4.002409126542999,R5_F5_m1f7_P1_Y2_UO717,RD1_F5_m4f7_P4_Y0_UO721,RD7_F8_m4f6_P4_Y0_UO653,MXY,1,0.0,1,1,0.0,0,0,0,-9999.0,0.75,1,P3_CV0,1,1,1,0,2
5,2.9965467367452314,4.002409126542999,R5_F5_m1f7_P1_Y2_UO93,RD1_F8_m7f4_P7_Y0_UO176,RD7_F8_m7f1_P7_Y0_UO630,MXY,1,0.0,1,1,0.0,0,0,0,-9999.0,0.375,1,P3_CV0,1,1,1,0,2
5,2.9965467367452314,4.002409126542999,R5_F5_m1f6_P1_Y2_UO179,RD1_F8_m7f4_P7_Y0_UO176,RD6_F4_m6f4_P6_Y0_UO360,MXY,1,0.0,1,1,0.0,0,0,0,-9999.0,0.5,1,P3_CV0,1,2,0,1,1
5,2.9965467367452314,4.002409126542999,R5_F5_m1f4_P1_Y2_UO305,RD1_F8_m7f4_P7_Y0_UO176,RD4_F5_m9f5_P9_Y0_UO213,MXY,1,0.0,1,1,0.0,0,0,0,-9999.0,0.375,1,P3_CV0,1,1,1,1,1
5,2.9965467367452314,4.002409126542999,R5_F5_m3f9_P3_Y2_UO158,RD3_F4_m2f3_P2_Y0_UO128,RD9_F6_m4f3_P4_Y0_UO69,FXX,1,0.0,1,1,1.0,0,0,0,-9999.0,0.75,1,P3_CV0,1,2,0,2,0
5,2.9965467367452314,4.002409126542999,R5_F5_m1f7_P1_Y2_UO91,RD1_F8_m7f4_P7_Y0_UO176,RD7_F8_m7f1_P7_Y0_UO630,MXY,1,0.0,1,1,0.0,0,0,0,-9999.0,0.375,1,P3_CV0,1,1,1,1,1
5,2.9965467367452314,4.002409126542999,R5_F5_m8f4_P8_Y2_UO393,RD8_F4_m2f4_P2_Y0_UO378,RD4_F8_m6f2_P6_Y0_UO219,MXY,1,0.0,1,1,0.0,0,0,0,-9999.0,0.5,1,P3_CV0,1,2,0,2,0
5,2.9965467367452314,4.002409126542999,R5_F5_m1f6_P1_Y2_UO176,RD1_F8_m7f4_P7_Y0_UO176,RD6_F4_m6f4_P6_Y0_UO360,FXX,1,0.0,1,1,1.0,0,0,0,-9999.0,0.5,1,P3_CV0,1,2,0,1,1
5,2.9965467367452314,4.002409126542999,R5_F5_m-1f-1_P4_Y-1_U62,-9999,-9999,MXY,4,0.0,1,0,0.0,0,0,0,-9999.0,1.0,1,P3_CV0,1,2,0,2,0
5,2.9965467367452314,4.002409126542999,Age0_F5_m5f4_P5_Y3_UO300,RD5_F6_m10f5_P10_Y1_UO227,RD4_F9_m6f3_P6_Y1_UO185,MXY,0,0.0,0,0,0.0,0,0,0,0.0,0.625,1,P4_CV0,1,1,1,1,1
5,2.9965467367452314,4.002409126542999,Age0_F5_m5f4_P5_Y3_UO301,RD5_F6_m10f5_P10_Y1_UO227,RD4_F9_m6f3_P6_Y1_UO185,FXX,0,0.0,0,0,0.0,0,0,0,0.0,0.625,1,P4_CV0,1,0,2,1,1
5,2.9965467367452314,4.002409126542999,Age0_F5_m5f4_P5_Y3_UO303,RD5_F6_m10f5_P10_Y1_UO227,RD4_F9_m6f3_P6_Y1_UO185,MXY,0,0.0,0,0,0.0,0,0,0,0.0,0.625,1,P4_CV0,1,1,1,1,1
5,2.9965467367452314,4.002409126542999,Age0_F5_m5f4_P5_Y3_UO304,RD5_F6_m10f5_P10_Y1_UO227,RD4_F9_m6f3_P6_Y1_UO185,MXY,0,0.0,0,0,0.0,0,0,0,0.0,0.625,1,P4_CV0,1,0,2,1,1
5,2.9965467367452314,4.002409126542999,Age0_F5_m5f4_P5_Y3_UO306,RD5_F6_m10f5_P10_Y1_UO227,RD4_F9_m6f3_P6_Y1_UO185,MXY,0,0.0,0,0,0.0,0,0,0,0.0,0.625,1,P4_CV0,1,2,0,1,1
5,2.9965467367452314,4.002409126542999,Age0_F5_m5f4_P5_Y3_UO307,RD5_F6_m10f5_P10_Y1_UO227,RD4_F9_m6f3_P6_Y1_UO185,MXY,0,0.0,0,0,0.0,0,0,0,0.0,0.625,1,P4_CV0,1,0,2,1,1
5,2.9965467367452314,4.002409126542999,Age0_F5_m5f4_P5_Y3_UO309,RD5_F6_m10f5_P10_Y1_UO227,RD4_F9_m6f3_P6_Y1_UO185,FXX,0,0.0,0,0,0.0,0,0,0,0.0,0.625,1,P4_CV0,1,1,1,1,1
5,2.9965467367452314,4.002409126542999,Age0_F5_m5f4_P5_Y3_UO310,RD5_F6_m10f5_P10_Y1_UO227,RD4_F9_m6f3_P6_Y1_UO185,FXX,0,0.0,0,0,0.0,0,0,0,0.0,0.625,1,P4_CV0,1,1,1,1,1
5,2.9965467367452314,4.002409126542999,Age0_F5_m5f7_P5_Y3_UO471,RD5_F10_m2f5_P2_Y1_UO438,RD7_F3_m6f5_P6_Y0_UO346,MXY,0,0.0,0,0,0.0,0,0,0,0.0,0.25,1,P4_CV0,1,1,1,0,2
5,2.9965467367452314,4.002409126542999,Age0_F5_m5f7_P5_Y3_UO472,RD5_F10_m2f5_P2_Y1_UO438,RD7_F3_m6f5_P6_Y0_UO346,MXY,0,0.0,0,0,0.0,0,0,0,0.0,0.25,1,P4_CV0,1,0,2,0,2
5,2.9965467367452314,4.002409126542999,Age0_F5_m5f7_P5_Y3_UO473,RD5_F10_m2f5_P2_Y1_UO438,RD7_F3_m6f5_P6_Y0_UO346,MXY,0,0.0,0,0,0.0,0,0,0,0.0,0.25,1,P4_CV0,1,1,1,1,1
5,2.9965467367452314,4.002409126542999,R5_F5_m3f6_P3_Y2_UO612,RD3_F10_m9f5_P9_Y0_UO734,RD6_F8_m-1f-1_P2_Y-1_U68,FXX,1,0.0,1,1,1.0,0,0,0,-9999.0,0.875,1,P4_CV0,1,2,0,1,1
5,2.9965467367452314,4.002409126542999,R5_F5_m10f5_P10_Y1_UO227,RD10_F5_m-1f-1_P5_Y-1_U61,RD5_F8_m-1f-1_P8_Y-1_U29,FXX,2,0.0,1,0,1.0,0,0,0,-9999.0,0.75,1,P4_CV0,1,1,1,2,0
5,2.9965467367452314,4.002409126542999,Age0_F5_m5f7_P5_Y3_UO139,RD5_F10_m2f5_P2_Y1_UO438,RD7_F5_m3f7_P3_Y1_UO67,MXY,0,0.0,0,0,0.0,0,0,0,0.0,0.375,1,P5_CV0,1,0,2,2,0
5,2.9965467367452314,4.002409126542999,Age0_F5_m5f7_P5_Y3_UO140,RD5_F10_m2f5_P2_Y1_UO438,RD7_F5_m3f7_P3_Y1_UO67,MXY,0,0.0,0,0,0.0,0,0,0,0.0,0.375,1,P5_CV0,1,0,2,1,1
5,2.9965467367452314,4.002409126542999,Age0_F5_m5f7_P5_Y3_UO144,RD5_F10_m2f5_P2_Y1_UO438,RD7_F5_m3f7_P3_Y1_UO67,FXX,0,0.0,0,0,0.0,0,0,0,0.0,0.375,1,P5_CV0,1,1,1,2,0
5,2.9965467367452314,4.002409126542999,Age0_F5_m5f7_P5_Y3_UO145,RD5_F10_m2f5_P2_Y1_UO438,RD7_F5_m3f7_P3_Y1_UO67,MXY,0,0.0,0,0,0.0,0,0,0,0.0,0.375,1,P5_CV0,1,1,1,1,1
5,2.9965467367452314,4.002409126542999,Age0_F5_m5f7_P5_Y3_UO146,RD5_F10_m2f5_P2_Y1_UO438,RD7_F5_m3f7_P3_Y1_UO67,MXY,0,0.0,0,0,0.0,0,0,0,0.0,0.375,1,P5_CV0,1,1,1,1,1
5,2.9965467367452314,4.002409126542999,Age0_F5_m5f7_P5_Y3_UO470,RD5_F10_m2f5_P2_Y1_UO438,RD7_F3_m6f5_P6_Y0_UO346,FXX,0,0.0,0,0,0.0,0,0,0,0.0,0.25,1,P5_CV0,1,1,1,1,1
5,2.9965467367452314,4.002409126542999,R5_F5_m1f10_P1_Y2_UO403,RD1_F10_m1f2_P1_Y0_UO712,RD10_F8_m6f7_P6_Y0_UO136,MXY,1,0.0,1,1,0.0,0,0,0,-9999.0,0.375,1,P5_CV0,1,0,2,1,1
5,2.9965467367452314,4.002409126542999,R5_F5_m2f10_P2_Y2_UO277,RD2_F4_m9f5_P9_Y0_UO739,RD10_F5_m2f6_P2_Y0_UO733,MXY,1,0.0,1,1,0.0,0,0,0,-9999.0,0.375,1,P5_CV0,1,1,1,1,1
5,2.9965467367452314,4.002409126542999,R5_F5_m3f7_P3_Y2_UO602,RD3_F5_m6f8_P6_Y0_UO142,RD7_F4_m6f10_P6_Y0_UO561,MXY,1,0.0,1,1,0.0,0,0,0,-9999.0,0.375,1,P5_CV0,1,1,1,2,0
5,2.9965467367452314,4.002409126542999,R5_F5_m7f2_P7_Y1_UO201,RD7_F8_m-1f-1_P8_Y-1_U31,RD2_F6_m-1f-1_P6_Y-1_U52,MXY,2,0.0,1,0,0.0,0,0,0,-9999.0,1.0,1,P5_CV0,1,2,0,2,0
5,2.9965467367452314,4.002409126542999,R5_F5_m2f5_P2_Y1_UO438,RD2_F8_m-1f-1_P8_Y-1_U74,RD5_F6_m-1f-1_P6_Y-1_U66,FXX,2,0.0,1,0,1.0,0,0,0,-9999.0,0.25,1,P5_CV0,1,1,1,1,1
5,2.9965467367452314,4.002409126542999,Age0_F5_m5f4_P5_Y3_UO299,RD5_F6_m10f5_P10_Y1_UO227,RD4_F9_m6f3_P6_Y1_UO185,FXX,0,0.0,0,0,0.0,0,0,0,0.0,0.625,1,P6_CV0,1,0,2,1,1
5,2.9965467367452314,4.002409126542999,Age0_F5_m5f4_P5_Y3_UO302,RD5_F6_m10f5_P10_Y1_UO227,RD4_F9_m6f3_P6_Y1_UO185,FXX,0,0.0,0,0,0.0,0,0,0,0.0,0.625,1,P6_CV0,1,2,0,1,1
5,2.9965467367452314,4.002409126542999,Age0_F5_m5f4_P5_Y3_UO305,RD5_F6_m10f5_P10_Y1_UO227,RD4_F9_m6f3_P6_Y1_UO185,FXX,0,0.0,0,0,0.0,0,0,0,0.0,0.625,1,P6_CV0,1,1,1,1,1
5,2.9965467367452314,4.002409126542999,Age0_F5_m5f4_P5_Y3_UO308,RD5_F6_m10f5_P10_Y1_UO227,RD4_F9_m6f3_P6_Y1_UO185,FXX,0,0.0,0,0,0.0,0,0,0,0.0,0.625,1,P6_CV0,1,1,1,1,1
5,2.9965467367452314,4.002409126542999,Age0_F5_m5f4_P5_Y3_UO311,RD5_F6_m10f5_P10_Y1_UO227,RD4_F9_m6f3_P6_Y1_UO185,FXX,0,0.0,0,0,0.0,0,0,0,0.0,0.625,1,P6_CV0,1,2,0,1,1
5,2.9965467367452314,4.002409126542999,R5_F5_m1f3_P1_Y2_UO245,RD1_F9_m5f1_P5_Y0_UO616,RD3_F8_m7f8_P7_Y0_UO353,FXX,1,0.0,1,1,1.0,0,0,0,-9999.0,0.5,1,P6_CV0,1,0,2,0,2
5,2.9965467367452314,4.002409126542999,R5_F5_m2f6_P2_Y2_UO684,RD2_F5_m8f1_P8_Y0_UO614,RD6_F8_m7f10_P7_Y0_UO468,FXX,1,0.0,1,1,1.0,0,0,0,-9999.0,0.625,1,P6_CV0,1,2,0,0,2
5,2.9965467367452314,4.002409126542999,R5_F5_m4f2_P4_Y2_UO560,RD4_F8_m6f8_P6_Y0_UO144,RD2_F4_m-1f-1_P7_Y-1_U69,FXX,1,0.0,1,1,1.0,0,0,0,-9999.0,0.375,1,P6_CV0,1,1,1,2,0
5,2.9965467367452314,4.002409126542999,R5_F5_m7f5_P7_Y2_UO33,RD7_F8_m4f7_P4_Y0_UO693,RD5_F7_m2f4_P2_Y0_UO575,FXX,1,0.0,1,1,1.0,0,0,0,-9999.0,0.625,1,P6_CV0,1,1,1,1,1
5,2.9965467367452314,4.002409126542999,R5_F5_m1f6_P1_Y2_UO373,RD1_F5_m3f6_P3_Y0_UO518,RD6_F8_m9f7_P9_Y0_UO84,MXY,1,0.0,1,1,0.0,0,0,0,-9999.0,0.5,1,P6_CV0,1,2,0,2,0
5,2.9965467367452314,4.002409126542999,R5_F5_m7f3_P7_Y2_UO376,RD7_F8_m4f7_P4_Y0_UO693,RD3_F4_m7f4_P7_Y0_UO249,FXX,1,0.0,1,1,1.0,0,0,0,-9999.0,0.5,1,P6_CV0,1,1,1,2,0
5,2.9965467367452314,4.002409126542999,R5_F5_m9f6_P9_Y2_UO1,RD9_F8_m4f8_P4_Y0_UO473,RD6_F8_m9f7_P9_Y0_UO84,MXY,1,0.0,1,1,0.0,0,0,0,-9999.0,0.5,1,P6_CV0,1,1,1,2,0
5,2.9965467367452314,4.002409126542999,R5_F5_m7f2_P7_Y2_UO137,RD7_F6_m7f4_P7_Y0_UO418,RD2_F5_m1f10_P1_Y0_UO222,FXX,1,0.0,1,1,1.0,0,0,0,-9999.0,0.625,1,P6_CV0,1,2,0,2,0
5,2.9965467367452314,4.002409126542999,R5_F5_m-1f-1_P7_Y-1_U21,-9999,-9999,FXX,4,0.0,1,0,1.0,0,0,0,-9999.0,0.0,1,P6_CV0,1,0,2,2,0
5,2.9965467367452314,4.002409126542999,Age0_F5_m5f1_P5_Y3_UO4,RD5_F8_m4f5_P4_Y1_UO356,RD1_F6_m5f3_P5_Y1_UO377,MXY,0,0.0,0,0,0.0,0,0,0,0.0,0.5,1,P7_CV0,1,1,1,2,0
5,2.9965467367452314,4.002409126542999,Age0_F5_m5f1_P5_Y3_UO5,RD5_F8_m4f5_P4_Y1_UO356,RD1_F6_m5f3_P5_Y1_UO377,MXY,0,0.0,0,0,0.0,0,0,0,0.0,0.5,1,P7_CV0,1,0,2,0,2
5,2.9965467367452314,4.002409126542999,Age0_F5_m5f1_P5_Y3_UO7,RD5_F8_m4f5_P4_Y1_UO356,RD1_F6_m5f3_P5_Y1_UO377,MXY,0,0.0,0,0,0.0,0,0,0,0.0,0.5,1,P7_CV0,1,0,2,1,1
5,2.9965467367452314,4.002409126542999,Age0_F5_m5f1_P5_Y3_UO9,RD5_F8_m4f5_P4_Y1_UO356,RD1_F6_m5f3_P5_Y1_UO377,MXY,0,0.0,0,0,0.0,0,0,0,0.0,0.5,1,P7_CV0,1,2,0,1,1
5,2.9965467367452314,4.002409126542999,Age0_F5_m5f3_P5_Y3_UO170,RD5_F6_m10f3_P10_Y1_UO243,RD3_F5_m8f7_P8_Y0_UO271,MXY,0,0.0,0,0,0.0,0,0,0,0.0,0.5,1,P7_CV0,1,2,0,1,1
5,2.9965467367452314,4.002409126542999,Age0_F5_m5f3_P5_Y3_UO171,RD5_F6_m10f3_P10_Y1_UO243,RD3_F5_m8f7_P8_Y0_UO271,FXX,0,0.0,0,0,0.0,0,0,0,0.0,0.5,1,P7_CV0,1,1,1,1,1
5,2.9965467367452314,4.002409126542999,Age0_F5_m5f3_P5_Y3_UO173,RD5_F6_m10f3_P10_Y1_UO243,RD3_F5_m8f7_P8_Y0_UO271,FXX,0,0.0,0,0,0.0,0,0,0,0.0,0.5,1,P7_CV0,1,2,0,1,1
5,2.9965467367452314,4.002409126542999,Age0_F5_m5f3_P5_Y3_UO174,RD5_F6_m10f3_P10_Y1_UO243,RD3_F5_m8f7_P8_Y0_UO271,FXX,0,0.0,0,0,0.0,0,0,0,0.0,0.5,1,P7_CV0,1,1,1,1,1
5,2.9965467367452314,4.002409126542999,Age0_F5_m5f3_P5_Y3_UO175,RD5_F6_m10f3_P10_Y1_UO243,RD3_F5_m8f7_P8_Y0_UO271,FXX,0,0.0,0,0,0.0,0,0,0,0.0,0.5,1,P7_CV0,1,0,2,1,1
5,2.9965467367452314,4.002409126542999,R5_F5_m4f3_P4_Y2_UO321,RD4_F3_m8f2_P8_Y0_UO46,RD3_F5_m9f6_P9_Y0_UO530,FXX,1,0.0,1,1,1.0,0,0,0,-9999.0,0.5,1,P7_CV0,1,1,1,0,2
5,2.9965467367452314,4.002409126542999,R5_F5_m9f6_P9_Y2_UO481,RD9_F6_m8f2_P8_Y0_UO549,RD6_F1_m4f3_P4_Y0_UO71,MXY,1,0.0,1,1,0.0,0,0,0,-9999.0,0.5,1,P7_CV0,1,1,1,2,0
5,2.9965467367452314,4.002409126542999,R5_F5_m3f7_P3_Y2_UO601,RD3_F5_m6f8_P6_Y0_UO142,RD7_F4_m6f10_P6_Y0_UO561,MXY,1,0.0,1,1,0.0,0,0,0,-9999.0,0.375,1,P7_CV0,1,0,2,0,2
5,2.9965467367452314,4.002409126542999,R5_F5_m4f2_P4_Y2_UO561,RD4_F8_m6f8_P6_Y0_UO144,RD2_F4_m-1f-1_P7_Y-1_U69,FXX,1,0.0,1,1,1.0,0,0,0,-9999.0,0.375,1,P7_CV0,1,1,1,2,0
5,2.9965467367452314,4.002409126542999,R5_F5_m4f9_P4_Y2_UO707,RD4_F3_m1f9_P1_Y0_UO583,RD9_F4_m-1f-1_P8_Y-1_U42,FXX,1,0.0,1,1,1.0,0,0,0,-9999.0,0.625,1,P7_CV0,1,1,1,0,2
5,2.9965467367452314,4.002409126542999,R5_F5_m8f3_P8_Y0_UO206,R8_F8_m-1f-1_P8_Y-1_U24,R3_F3_m-1f-1_P3_Y-1_U67,MXY,3,0.0,1,0,0.0,0,0,0,-9999.0,0.25,1,P7_CV0,1,1,1,2,0
5,2.9965467367452314,4.002409126542999,R5_F5_m10f9_P10_Y2_UO530,RD10_F5_m1f5_P1_Y0_UO675,RD9_F3_m9f6_P9_Y0_UO709,FXX,1,0.0,1,1,1.0,0,0,0,-9999.0,0.5,1,P8_CV0,1,1,1,2,0
5,2.9965467367452314,4.002409126542999,R5_F5_m4f3_P4_Y2_UO154,RD4_F8_m2f5_P2_Y0_UO490,RD3_F8_m4f9_P4_Y0_UO657,FXX,1,0.0,1,1,1.0,0,0,0,-9999.0,0.625,1,P8_CV0,1,1,1,2,0
5,2.9965467367452314,4.002409126542999,R5_F5_m2f7_P2_Y2_UO520,RD2_F8_m4f6_P4_Y0_UO525,RD7_F8_m9f4_P9_Y0_UO647,MXY,1,0.0,1,1,0.0,0,0,0,-9999.0,0.25,1,P8_CV0,1,1,1,1,1
5,2.9965467367452314,4.002409126542999,R5_F5_m1f4_P1_Y2_UO306,RD1_F8_m7f4_P7_Y0_UO176,RD4_F5_m9f5_P9_Y0_UO213,FXX,1,0.0,1,1,1.0,0,0,0,-9999.0,0.375,1,P8_CV0,1,1,1,1,1
5,2.9965467367452314,4.002409126542999,R5_F5_m10f9_P10_Y0_UO341,R10_F10_m-1f-1_P10_Y-1_U75,R9_F9_m-1f-1_P9_Y-1_U98,MXY,3,0.0,1,0,0.0,0,0,0,-9999.0,0.75,1,P8_CV0,1,1,1,0,2
5,2.9965467367452314,4.002409126542999,Age0_F5_m5f3_P5_Y3_UO83,RD5_F6_m10f3_P10_Y1_UO243,RD3_F6_m7f8_P7_Y1_UO343,FXX,0,0.0,0,0,0.0,0,0,0,0.0,0.875,1,P9_CV0,1,1,1,1,1
5,2.9965467367452314,4.002409126542999,Age0_F5_m5f3_P5_Y3_UO86,RD5_F6_m10f3_P10_Y1_UO243,RD3_F6_m7f8_P7_Y1_UO343,FXX,0,0.0,0,0,0.0,0,0,0,0.0,0.875,1,P9_CV0,1,2,0,1,1
5,2.9965467367452314,4.002409126542999,Age0_F5_m5f3_P5_Y3_UO87,RD5_F6_m10f3_P10_Y1_UO243,RD3_F6_m7f8_P7_Y1_UO343,FXX,0,0.0,0,0,0.0,0,0,0,0.0,0.875,1,P9_CV0,1,2,0,1,1
5,2.9965467367452314,4.002409126542999,Age0_F5_m5f3_P5_Y3_UO172,RD5_F6_m10f3_P10_Y1_UO243,RD3_F5_m8f7_P8_Y0_UO271,MXY,0,0.0,0,0,0.0,0,0,0,0.0,0.5,1,P9_CV0,1,1,1,1,1
5,2.9965467367452314,4.002409126542999,Age0_F5_m5f3_P5_Y3_UO176,RD5_F6_m10f3_P10_Y1_UO243,RD3_F5_m8f7_P8_Y0_UO271,FXX,0,0.0,0,0,0.0,0,0,0,0.0,0.5,1,P9_CV0,1,1,1,1,1
5,2.9965467367452314,4.002409126542999,Age0_F5_m5f3_P5_Y3_UO177,RD5_F6_m10f3_P10_Y1_UO243,RD3_F5_m8f7_P8_Y0_UO271,FXX,0,0.0,0,0,0.0,0,0,0,0.0,0.5,1,P9_CV0,1,1,1,1,1
5,2.9965467367452314,4.002409126542999,Age0_F5_m5f3_P5_Y3_UO178,RD5_F6_m10f3_P10_Y1_UO243,RD3_F5_m8f7_P8_Y0_UO271,MXY,0,0.0,0,0,0.0,0,0,0,0.0,0.5,1,P9_CV0,1,1,1,1,1
5,2.9965467367452314,4.002409126542999,R5_F5_m2f8_P2_Y2_UO628,RD2_F9_m10f9_P10_Y0_UO340,RD8_F4_m-1f-1_P10_Y-1_U68,FXX,1,0.0,1,1,1.0,0,0,0,-9999.0,0.625,1,P9_CV0,1,1,1,1,1
5,2.9965467367452314,4.002409126542999,R5_F5_m10f3_P10_Y2_UO682,RD10_F1_m10f3_P10_Y0_UO420,RD3_F8_m10f9_P10_Y0_UO562,FXX,1,0.0,1,1,1.0,0,0,0,-9999.0,0.375,1,P9_CV0,1,0,2,2,0
5,2.9965467367452314,4.002409126542999,R5_F5_m2f1_P2_Y1_UO250,RD2_F3_m-1f-1_P3_Y-1_U26,RD1_F10_m-1f-1_P10_Y-1_U21,FXX,2,0.0,1,0,1.0,0,0,0,-9999.0,0.25,1,P9_CV0,1,0,2,2,0
6,6.211338327692949,7.937131414155586,Age0_F6_m6f7_P6_Y3_UO160,RD6_F9_m8f7_P8_Y1_UO537,RD7_F6_m9f10_P9_Y1_UO51,FXX,0,0.0,0,0,0.0,0,0,0,0.0,0.75,1,P0_CV0,1,2,0,2,0
6,6.211338327692949,7.937131414155586,Age0_F6_m6f7_P6_Y3_UO163,RD6_F9_m8f7_P8_Y1_UO537,RD7_F6_m9f10_P9_Y1_UO51,FXX,0,0.0,0,0,0.0,0,0,0,0.0,0.75,1,P0_CV0,1,1,1,2,0
6,6.211338327692949,7.937131414155586,Age0_F6_m6f7_P6_Y3_UO164,RD6_F9_m8f7_P8_Y1_UO537,RD7_F6_m9f10_P9_Y1_UO51,FXX,0,0.0,0,0,0.0,0,0,0,0.0,0.75,1,P0_CV0,1,2,0,2,0
6,6.211338327692949,7.937131414155586,Age0_F6_m6f7_P6_Y3_UO166,RD6_F9_m8f7_P8_Y1_UO537,RD7_F6_m9f10_P9_Y1_UO51,FXX,0,0.0,0,0,0.0,0,0,0,0.0,0.75,1,P0_CV0,1,1,1,2,0
6,6.211338327692949,7.937131414155586,R6_F6_m9f4_P9_Y2_UO745,RD9_F2_m1f6_P1_Y0_UO592,RD4_F7_m3f5_P3_Y0_UO397,FXX,1,0.0,1,1,1.0,0,0,0,-9999.0,0.5,1,P0_CV0,1,1,1,2,0
6,6.211338327692949,7.937131414155586,R6_F6_m1f10_P1_Y0_UO17,R1_F1_m-1f-1_P1_Y-1_U10,R10_F10_m-1f-1_P10_Y-1_U85,MXY,3,0.0,1,0,0.0,0,0,0,-9999.0,0.25,1,P0_CV0,1,0,2,1,1
6,6.211338327692949,7.937131414155586,Age0_F6_m6f7_P6_Y3_UO159,RD6_F9_m8f7_P8_Y1_UO537,RD7_F6_m9f10_P9_Y1_UO51,FXX,0,0.0,0,0,0.0,0,0,0,0.0,0.75,1,P1_CV0,1,1,1,2,0
6,6.211338327692949,7.937131414155586,Age0_F6_m6f7_P6_Y3_UO161,RD6_F9_m8f7_P8_Y1_UO537,RD7_F6_m9f10_P9_Y1_UO51,FXX,0,0.0,0,0,0.0,0,0,0,0.0,0.75,1,P1_CV0,1,1,1,2,0
6,6.211338327692949,7.937131414155586,Age0_F6_m6f7_P6_Y3_UO162,RD6_F9_m8f7_P8_Y1_UO537,RD7_F6_m9f10_P9_Y1_UO51,MXY,0,0.0,0,0,0.0,0,0,0,0.0,0.75,1,P1_CV0,1,1,1,2,0
6,6.211338327692949,7.937131414155586,Age0_F6_m6f7_P6_Y3_UO165,RD6_F9_m8f7_P8_Y1_UO537,RD7_F6_m9f10_P9_Y1_UO51,FXX,0,0.0,0,0,0.0,0,0,0,0.0,0.75,1,P1_CV0,1,2,0,2,0
6,6.211338327692949,7.937131414155586,Age0_F6_m6f8_P6_Y3_UO183,RD6_F9_m6f2_P6_Y1_UO254,RD8_F4_m9f4_P9_Y1_UO323,MXY,0,0.0,0,0,0.0,0,0,0,0.0,0.75,1,P1_CV0,1,2,0,1,1
6,6.211338327692949,7.937131414155586,Age0_F6_m6f8_P6_Y3_UO184,RD6_F9_m6f2_P6_Y1_UO254,RD8_F4_m9f4_P9_Y1_UO323,MXY,0,0.0,0,0,0.0,0,0,0,0.0,0.75,1,P1_CV0,1,1,1,1,1
6,6.211338327692949,7.937131414155586,Age0_F6_m6f8_P6_Y3_UO186,RD6_F9_m6f2_P6_Y1_UO254,RD8_F4_m9f4_P9_Y1_UO323,FXX,0,0.0,0,0,0.0,0,0,0,0.0,0.75,1,P1_CV0,1,1,1,1,1
6,6.211338327692949,7.937131414155586,R6_F6_m3f6_P3_Y2_UO615,RD3_F10_m9f5_P9_Y0_UO734,RD6_F8_m-1f-1_P2_Y-1_U68,FXX,1,0.0,1,1,1.0,0,0,0,-9999.0,0.875,1,P1_CV0,1,2,0,1,1
6,6.211338327692949,7.937131414155586,R6_F6_m3f2_P3_Y1_UO417,RD3_F2_m-1f-1_P2_Y-1_U67,RD2_F6_m-1f-1_P6_Y-1_U64,MXY,2,0.0,1,0,0.0,0,0,0,-9999.0,0.75,1,P1_CV0,1,1,1,1,1
6,6.211338327692949,7.937131414155586,R6_F6_m8f7_P8_Y1_UO537,RD8_F2_m-1f-1_P2_Y-1_U26,RD7_F5_m-1f-1_P5_Y-1_U59,FXX,2,0.0,1,0,1.0,0,0,0,-9999.0,0.5,1,P1_CV0,1,1,1,2,0
6,6.211338327692949,7.937131414155586,R6_F6_m7f4_P7_Y2_UO345,RD7_F5_m4f7_P4_Y0_UO718,RD4_F7_m10f3_P10_Y0_UO188,MXY,1,0.0,1,1,0.0,0,0,0,-9999.0,0.375,1,P2_CV0,1,0,2,0,2
6,6.211338327692949,7.937131414155586,R6_F6_m10f5_P10_Y2_UO419,RD10_F5_m1f9_P1_Y0_UO544,RD5_F1_m3f6_P3_Y0_UO9,FXX,1,0.0,1,1,1.0,0,0,0,-9999.0,0.75,1,P2_CV0,1,2,0,1,1
6,6.211338327692949,7.937131414155586,R6_F6_m1f6_P1_Y2_UO370,RD1_F5_m3f6_P3_Y0_UO518,RD6_F8_m9f7_P9_Y0_UO84,MXY,1,0.0,1,1,0.0,0,0,0,-9999.0,0.5,1,P2_CV0,1,2,0,1,1
6,6.211338327692949,7.937131414155586,R6_F6_m3f2_P3_Y2_UO253,RD3_F6_m9f4_P9_Y0_UO645,RD2_F3_m9f3_P9_Y0_UO95,MXY,1,0.0,1,1,0.0,0,0,0,-9999.0,0.25,1,P2_CV0,1,0,2,1,1
6,6.211338327692949,7.937131414155586,R6_F6_m3f9_P3_Y2_UO335,RD3_F5_m6f8_P6_Y0_UO142,RD9_F10_m1f3_P1_Y0_UO227,MXY,1,0.0,1,1,0.0,0,0,0,-9999.0,0.5,1,P2_CV0,1,1,1,1,1
6,6.211338327692949,7.937131414155586,Age0_F6_m6f9_P6_Y3_UO271,RD6_F4_m2f4_P2_Y1_UO166,RD9_F6_m5f7_P5_Y1_UO58,FXX,0,0.0,0,0,0.0,0,0,0,0.0,0.5,1,P3_CV0,1,1,1,1,1
6,6.211338327692949,7.937131414155586,Age0_F6_m6f9_P6_Y3_UO273,RD6_F4_m2f4_P2_Y1_UO166,RD9_F6_m5f7_P5_Y1_UO58,MXY,0,0.0,0,0,0.0,0,0,0,0.0,0.5,1,P3_CV0,1,1,1,2,0
6,6.211338327692949,7.937131414155586,R6_F6_m8f7_P8_Y2_UO117,RD8_F4_m2f4_P2_Y0_UO378,RD7_F8_m-1f-1_P2_Y-1_U19,MXY,1,0.0,1,1,0.0,0,0,0,-9999.0,0.25,1,P3_CV0,1,0,2,1,1
6,6.211338327692949,7.937131414155586,R6_F6_m7f4_P7_Y2_UO73,RD7_F8_m4f9_P4_Y0_UO601,RD4_F7_m8f6_P8_Y0_UO539,MXY,1,0.0,1,1,0.0,0,0,0,-9999.0,0.625,1,P3_CV0,1,1,1,1,1
6,6.211338327692949,7.937131414155586,R6_F6_m8f4_P8_Y2_UO396,RD8_F4_m2f4_P2_Y0_UO378,RD4_F8_m6f2_P6_Y0_UO219,MXY,1,0.0,1,1,0.0,0,0,0,-9999.0,0.5,1,P3_CV0,1,1,1,1,1
6,6.211338327692949,7.937131414155586,R6_F6_m9f1_P9_Y2_UO669,RD9_F3_m2f4_P2_Y0_UO572,RD1_F2_m7f4_P7_Y0_UO305,FXX,1,0.0,1,1,1.0,0,0,0,-9999.0,0.625,1,P3_CV0,1,2,0,0,2
6,6.211338327692949,7.937131414155586,R6_F6_m3f9_P3_Y2_UO157,RD3_F4_m2f3_P2_Y0_UO128,RD9_F6_m4f3_P4_Y0_UO69,MXY,1,0.0,1,1,0.0,0,0,0,-9999.0,0.75,1,P3_CV0,1,2,0,1,1
6,6.211338327692949,7.937131414155586,R6_F6_m5f6_P5_Y2_UO313,RD5_F8_m7f10_P7_Y0_UO464,RD6_F1_m4f3_P4_Y0_UO71,FXX,1,0.0,1,1,1.0,0,0,0,-9999.0,0.625,1,P3_CV0,1,0,2,0,2
6,6.211338327692949,7.937131414155586,R6_F6_m4f6_P4_Y0_UO525,R4_F4_m-1f-1_P4_Y-1_U75,R6_F6_m-1f-1_P6_Y-1_U71,FXX,3,0.0,1,0,1.0,0,0,0,-9999.0,0.25,1,P3_CV0,1,0,2,1,1
6,6.211338327692949,7.937131414155586,R6_F6_m2f4_P2_Y0_UO572,R2_F2_m-1f-1_P2_Y-1_U96,R4_F4_m-1f-1_P4_Y-1_U70,FXX,3,0.0,1,0,1.0,0,0,0,-9999.0,0.75,1,P3_CV0,1,2,0,1,1
6,6.211338327692949,7.937131414155586,Age0_F6_m6f7_P6_Y3_UO399,RD6_F4_m6f10_P6_Y1_UO124,RD7_F9_m6f10_P6_Y0_UO559,MXY,0,0.0,0,0,0.0,0,0,0,0.0,0.5,1,P4_CV0,1,1,1,0,2
6,6.211338327692949,7.937131414155586,Age0_F6_m6f7_P6_Y3_UO400,RD6_F4_m6f10_P6_Y1_UO124,RD7_F9_m6f10_P6_Y0_UO559,MXY,0,0.0,0,0,0.0,0,0,0,0.0,0.5,1,P4_CV0,1,1,1,1,1
6,6.211338327692949,7.937131414155586,Age0_F6_m6f7_P6_Y3_UO401,RD6_F4_m6f10_P6_Y1_UO124,RD7_F9_m6f10_P6_Y0_UO559,MXY,0,0.0,0,0,0.0,0,0,0,0.0,0.5,1,P4_CV0,1,2,0,1,1
6,6.211338327692949,7.937131414155586,Age0_F6_m6f7_P6_Y3_UO402,RD6_F4_m6f10_P6_Y1_UO124,RD7_F9_m6f10_P6_Y0_UO559,MXY,0,0.0,0,0,0.0,0,0,0,0.0,0.5,1,P4_CV0,1,2,0,0,2
6,6.211338327692949,7.937131414155586,Age0_F6_m6f7_P6_Y3_UO403,RD6_F4_m6f10_P6_Y1_UO124,RD7_F9_m6f10_P6_Y0_UO559,MXY,0,0.0,0,0,0.0,0,0,0,0.0,0.5,1,P4_CV0,1,1,1,1,1
6,6.211338327692949,7.937131414155586,Age0_F6_m6f7_P6_Y3_UO407,RD6_F4_m6f10_P6_Y1_UO124,RD7_F9_m6f10_P6_Y0_UO559,FXX,0,0.0,0,0,0.0,0,0,0,0.0,0.5,1,P4_CV0,1,1,1,0,2
6,6.211338327692949,7.937131414155586,Age0_F6_m6f7_P6_Y3_UO408,RD6_F4_m6f10_P6_Y1_UO124,RD7_F9_m6f10_P6_Y0_UO559,FXX,0,0.0,0,0,0.0,0,0,0,0.0,0.5,1,P4_CV0,1,2,0,1,1
6,6.211338327692949,7.937131414155586,R6_F6_m4f3_P4_Y2_UO654,RD4_F8_m3f6_P3_Y0_UO433,RD3_F10_m5f3_P5_Y0_UO664,MXY,1,0.0,1,1,0.0,0,0,0,-9999.0,0.375,1,P4_CV0,1,1,1,1,1
6,6.211338327692949,7.937131414155586,R6_F6_m4f8_P4_Y2_UO181,RD4_F2_m7f5_P7_Y0_UO431,RD8_F3_m4f8_P4_Y0_UO470,FXX,1,0.0,1,1,1.0,0,0,0,-9999.0,0.5,1,P4_CV0,1,2,0,1,1
6,6.211338327692949,7.937131414155586,R6_F6_m8f4_P8_Y2_UO511,RD8_F4_m1f5_P1_Y0_UO344,RD4_F8_m6f9_P6_Y0_UO164,FXX,1,0.0,1,1,1.0,0,0,0,-9999.0,0.5,1,P4_CV0,1,2,0,1,1
6,6.211338327692949,7.937131414155586,R6_F6_m9f4_P9_Y2_UO750,RD9_F2_m1f6_P1_Y0_UO592,RD4_F7_m3f5_P3_Y0_UO397,MXY,1,0.0,1,1,0.0,0,0,0,-9999.0,0.5,1,P4_CV0,1,2,0,2,0
6,6.211338327692949,7.937131414155586,R6_F6_m6f10_P6_Y1_UO124,RD6_F5_m-1f-1_P5_Y-1_U93,RD10_F1_m-1f-1_P1_Y-1_U72,FXX,2,0.0,1,0,1.0,0,0,0,-9999.0,0.5,1,P4_CV0,1,1,1,1,1
6,6.211338327692949,7.937131414155586,R6_F6_m8f7_P8_Y1_UO531,RD8_F2_m-1f-1_P2_Y-1_U26,RD7_F5_m-1f-1_P5_Y-1_U59,FXX,2,0.0,1,0,1.0,0,0,0,-9999.0,0.5,1,P4_CV0,1,2,0,1,1
6,6.211338327692949,7.937131414155586,R6_F6_m9f5_P9_Y0_UO214,R9_F9_m-1f-1_P9_Y-1_U39,R5_F5_m-1f-1_P5_Y-1_U56,MXY,3,0.0,1,0,0.0,0,0,0,-9999.0,0.25,1,P4_CV0,1,1,1,1,1
6,6.211338327692949,7.937131414155586,Age0_F6_m6f8_P6_Y3_UO93,RD6_F9_m6f2_P6_Y1_UO254,RD8_F7_m4f5_P4_Y1_UO364,FXX,0,0.0,0,0,0.0,0,0,0,0.0,0.625,1,P5_CV0,1,2,0,1,1
6,6.211338327692949,7.937131414155586,Age0_F6_m6f8_P6_Y3_UO95,RD6_F9_m6f2_P6_Y1_UO254,RD8_F7_m4f5_P4_Y1_UO364,MXY,0,0.0,0,0,0.0,0,0,0,0.0,0.625,1,P5_CV0,1,1,1,1,1
6,6.211338327692949,7.937131414155586,Age0_F6_m6f8_P6_Y3_UO96,RD6_F9_m6f2_P6_Y1_UO254,RD8_F7_m4f5_P4_Y1_UO364,FXX,0,0.0,0,0,0.0,0,0,0,0.0,0.625,1,P5_CV0,1,1,1,1,1
6,6.211338327692949,7.937131414155586,Age0_F6_m6f8_P6_Y3_UO97,RD6_F9_m6f2_P6_Y1_UO254,RD8_F7_m4f5_P4_Y1_UO364,FXX,0,0.0,0,0,0.0,0,0,0,0.0,0.625,1,P5_CV0,1,2,0,1,1
6,6.211338327692949,7.937131414155586,Age0_F6_m6f8_P6_Y3_UO98,RD6_F9_m6f2_P6_Y1_UO254,RD8_F7_m4f5_P4_Y1_UO364,FXX,0,0.0,0,0,0.0,0,0,0,0.0,0.625,1,P5_CV0,1,0,2,2,0
6,6.211338327692949,7.937131414155586,Age0_F6_m6f8_P6_Y3_UO185,RD6_F9_m6f2_P6_Y1_UO254,RD8_F4_m9f4_P9_Y1_UO323,FXX,0,0.0,0,0,0.0,0,0,0,0.0,0.75,1,P5_CV0,1,1,1,1,1
6,6.211338327692949,7.937131414155586,Age0_F6_m6f8_P6_Y3_UO187,RD6_F9_m6f2_P6_Y1_UO254,RD8_F4_m9f4_P9_Y1_UO323,FXX,0,0.0,0,0,0.0,0,0,0,0.0,0.75,1,P5_CV0,1,2,0,0,2
6,6.211338327692949,7.937131414155586,Age0_F6_m6f8_P6_Y3_UO188,RD6_F9_m6f2_P6_Y1_UO254,RD8_F4_m9f4_P9_Y1_UO323,MXY,0,0.0,0,0,0.0,0,0,0,0.0,0.75,1,P5_CV0,1,2,0,1,1
6,6.211338327692949,7.937131414155586,Age0_F6_m6f2_P6_Y3_UO545,RD6_F1_m10f2_P10_Y1_UO180,RD2_F6_m4f8_P4_Y1_UO318,FXX,0,0.0,0,0,0.0,0,0,0,0.0,0.375,1,P5_CV0,1,0,2,1,1
6,6.211338327692949,7.937131414155586,Age0_F6_m6f2_P6_Y3_UO547,RD6_F1_m10f2_P10_Y1_UO180,RD2_F6_m4f8_P4_Y1_UO318,FXX,0,0.0,0,0,0.0,0,0,0,0.0,0.375,1,P5_CV0,1,1,1,1,1
6,6.211338327692949,7.937131414155586,Age0_F6_m6f2_P6_Y3_UO548,RD6_F1_m10f2_P10_Y1_UO180,RD2_F6_m4f8_P4_Y1_UO318,MXY,0,0.0,0,0,0.0,0,0,0,0.0,0.375,1,P5_CV0,1,0,2,1,1
6,6.211338327692949,7.937131414155586,Age0_F6_m6f2_P6_Y3_UO549,RD6_F1_m10f2_P10_Y1_UO180,RD2_F6_m4f8_P4_Y1_UO318,FXX,0,0.0,0,0,0.0,0,0,0,0.0,0.375,1,P5_CV0,1,1,1,1,1
6,6.211338327692949,7.937131414155586,R6_F6_m5f2_P5_Y2_UO255,RD5_F7_m2f4_P2_Y0_UO571,RD2_F4_m6f4_P6_Y0_UO29,MXY,1,0.0,1,1,0.0,0,0,0,-9999.0,0.5,1,P5_CV0,1,0,2,0,2
6,6.211338327692949,7.937131414155586,R6_F6_m8f4_P8_Y2_UO397,RD8_F4_m2f4_P2_Y0_UO378,RD4_F8_m6f2_P6_Y0_UO219,FXX,1,0.0,1,1,1.0,0,0,0,-9999.0,0.5,1,P5_CV0,1,1,1,2,0
6,6.211338327692949,7.937131414155586,R6_F6_m3f2_P3_Y2_UO411,RD3_F6_m9f4_P9_Y0_UO645,RD2_F8_m4f6_P4_Y0_UO651,FXX,1,0.0,1,1,1.0,0,0,0,-9999.0,0.625,1,P5_CV0,1,1,1,1,1
6,6.211338327692949,7.937131414155586,R6_F6_m1f6_P1_Y1_UO97,RD1_F10_m-1f-1_P10_Y-1_U66,RD6_F7_m-1f-1_P7_Y-1_U27,MXY,2,0.0,1,0,0.0,0,0,0,-9999.0,0.25,1,P6_CV0,1,0,2,1,1
6,6.211338327692949,7.937131414155586,R6_F6_m-1f-1_P7_Y-1_U28,-9999,-9999,FXX,5,0.0,1,0,1.0,0,0,0,-9999.0,0.5,1,P6_CV0,1,1,1,1,1
6,6.211338327692949,7.937131414155586,Age0_F6_m6f7_P6_Y3_UO64,RD6_F3_m10f4_P10_Y1_UO428,RD7_F8_m4f5_P4_Y1_UO351,MXY,0,0.0,0,0,0.0,0,0,0,0.0,0.375,1,P7_CV0,1,1,1,0,2
6,6.211338327692949,7.937131414155586,Age0_F6_m6f7_P6_Y3_UO65,RD6_F3_m10f4_P10_Y1_UO428,RD7_F8_m4f5_P4_Y1_UO351,MXY,0,0.0,0,0,0.0,0,0,0,0.0,0.375,1,P7_CV0,1,1,1,0,2
6,6.211338327692949,7.937131414155586,Age0_F6_m6f7_P6_Y3_UO68,RD6_F3_m10f4_P10_Y1_UO428,RD7_F8_m4f5_P4_Y1_UO351,FXX,0,0.0,0,0,0.0,0,0,0,0.0,0.375,1,P7_CV0,1,0,2,0,2
6,6.211338327692949,7.937131414155586,Age0_F6_m6f8_P6_Y3_UO91,RD6_F9_m6f2_P6_Y1_UO254,RD8_F7_m4f5_P4_Y1_UO364,MXY,0,0.0,0,0,0.0,0,0,0,0.0,0.625,1,P7_CV0,1,1,1,2,0
6,6.211338327692949,7.937131414155586,Age0_F6_m6f8_P6_Y3_UO92,RD6_F9_m6f2_P6_Y1_UO254,RD8_F7_m4f5_P4_Y1_UO364,FXX,0,0.0,0,0,0.0,0,0,0,0.0,0.625,1,P7_CV0,1,1,1,0,2
6,6.211338327692949,7.937131414155586,Age0_F6_m6f8_P6_Y3_UO94,RD6_F9_m6f2_P6_Y1_UO254,RD8_F7_m4f5_P4_Y1_UO364,MXY,0,0.0,0,0,0.0,0,0,0,0.0,0.625,1,P7_CV0,1,2,0,1,1
6,6.211338327692949,7.937131414155586,Age0_F6_m6f2_P6_Y3_UO544,RD6_F1_m10f2_P10_Y1_UO180,RD2_F6_m4f8_P4_Y1_UO318,MXY,0,0.0,0,0,0.0,0,0,0,0.0,0.375,1,P7_CV0,1,1,1,1,1
6,6.211338327692949,7.937131414155586,Age0_F6_m6f2_P6_Y3_UO546,RD6_F1_m10f2_P10_Y1_UO180,RD2_F6_m4f8_P4_Y1_UO318,MXY,0,0.0,0,0,0.0,0,0,0,0.0,0.375,1,P7_CV0,1,0,2,1,1
6,6.211338327692949,7.937131414155586,R6_F6_m2f4_P2_Y2_UO356,RD2_F4_m9f5_P9_Y0_UO739,RD4_F7_m8f6_P8_Y0_UO539,FXX,1,0.0,1,1,1.0,0,0,0,-9999.0,0.75,1,P7_CV0,1,2,0,2,0
6,6.211338327692949,7.937131414155586,R6_F6_m5f3_P5_Y2_UO360,RD5_F4_m8f7_P8_Y0_UO279,RD3_F9_m8f9_P8_Y0_UO59,FXX,1,0.0,1,1,1.0,0,0,0,-9999.0,0.375,1,P7_CV0,1,0,2,1,1
6,6.211338327692949,7.937131414155586,R6_F6_m5f3_P5_Y2_UO358,RD5_F4_m8f7_P8_Y0_UO279,RD3_F9_m8f9_P8_Y0_UO59,FXX,1,0.0,1,1,1.0,0,0,0,-9999.0,0.375,1,P7_CV0,1,1,1,1,1
6,6.211338327692949,7.937131414155586,R6_F6_m4f9_P4_Y2_UO706,RD4_F3_m1f9_P1_Y0_UO583,RD9_F4_m-1f-1_P8_Y-1_U42,MXY,1,0.0,1,1,0.0,0,0,0,-9999.0,0.625,1,P7_CV0,1,1,1,0,2
6,6.211338327692949,7.937131414155586,Age0_F6_m6f5_P6_Y3_UO243,RD6_F4_m2f4_P2_Y1_UO166,RD5_F3_m10f9_P10_Y0_UO341,MXY,0,0.0,0,0,0.0,0,0,0,0.0,0.5,1,P8_CV0,1,1,1,1,1
6,6.211338327692949,7.937131414155586,Age0_F6_m6f5_P6_Y3_UO245,RD6_F4_m2f4_P2_Y1_UO166,RD5_F3_m10f9_P10_Y0_UO341,MXY,0,0.0,0,0,0.0,0,0,0,0.0,0.5,1,P8_CV0,1,0,2,1,1
6,6.211338327692949,7.937131414155586,Age0_F6_m6f5_P6_Y3_UO247,RD6_F4_m2f4_P2_Y1_UO166,RD5_F3_m10f9_P10_Y0_UO341,FXX,0,0.0,0,0,0.0,0,0,0,0.0,0.5,1,P8_CV0,1,0,2,0,2
6,6.211338327692949,7.937131414155586,R6_F6_m1f6_P1_Y2_UO752,RD1_F10_m9f6_P9_Y0_UO72,RD6_F1_m4f3_P4_Y0_UO71,FXX,1,0.0,1,1,1.0,0,0,0,-9999.0,0.5,1,P8_CV0,1,0,2,0,2
6,6.211338327692949,7.937131414155586,R6_F6_m1f4_P1_Y2_UO309,RD1_F8_m7f4_P7_Y0_UO176,RD4_F5_m9f5_P9_Y0_UO213,FXX,1,0.0,1,1,1.0,0,0,0,-9999.0,0.375,1,P8_CV0,1,2,0,0,2
6,6.211338327692949,7.937131414155586,R6_F6_m1f4_P1_Y2_UO308,RD1_F8_m7f4_P7_Y0_UO176,RD4_F5_m9f5_P9_Y0_UO213,MXY,1,0.0,1,1,0.0,0,0,0,-9999.0,0.375,1,P8_CV0,1,1,1,0,2
6,6.211338327692949,7.937131414155586,R6_F6_m9f10_P9_Y2_UO263,RD9_F8_m9f5_P9_Y0_UO4,RD10_F8_m6f7_P6_Y0_UO136,FXX,1,0.0,1,1,1.0,0,0,0,-9999.0,0.375,1,P8_CV0,1,0,2,0,2
6,6.211338327692949,7.937131414155586,R6_F6_m7f4_P7_Y2_UO215,RD7_F8_m3f9_P3_Y0_UO521,RD4_F5_m9f5_P9_Y0_UO213,MXY,1,0.0,1,1,0.0,0,0,0,-9999.0,0.25,1,P8_CV0,1,1,1,0,2
6,6.211338327692949,7.937131414155586,R6_F6_m6f3_P6_Y1_UO271,RD6_F2_m-1f-1_P2_Y-1_U8,RD3_F9_m-1f-1_P9_Y-1_U24,MXY,2,0.0,1,0,0.0,0,0,0,-9999.0,0.75,1,P8_CV0,1,1,1,1,1
6,6.211338327692949,7.937131414155586,Age0_F6_m6f7_P6_Y3_UO66,RD6_F3_m10f4_P10_Y1_UO428,RD7_F8_m4f5_P4_Y1_UO351,MXY,0,0.0,0,0,0.0,0,0,0,0.0,0.375,1,P9_CV0,1,0,2,0,2
6,6.211338327692949,7.937131414155586,Age0_F6_m6f7_P6_Y3_UO67,RD6_F3_m10f4_P10_Y1_UO428,RD7_F8_m4f5_P4_Y1_UO351,FXX,0,0.0,0,0,0.0,0,0,0,0.0,0.375,1,P9_CV0,1,1,1,0,2
6,6.211338327692949,7.937131414155586,Age0_F6_m6f7_P6_Y3_UO69,RD6_F3_m10f4_P10_Y1_UO428,RD7_F8_m4f5_P4_Y1_UO351,MXY,0,0.0,0,0,0.0,0,0,0,0.0,0.375,1,P9_CV0,1,0,2,0,2
6,6.211338327692949,7.937131414155586,Age0_F6_m6f5_P6_Y3_UO241,RD6_F4_m2f4_P2_Y1_UO166,RD5_F3_m10f9_P10_Y0_UO341,FXX,0,0.0,0,0,0.0,0,0,0,0.0,0.5,1,P9_CV0,1,1,1,0,2
6,6.211338327692949,7.937131414155586,Age0_F6_m6f5_P6_Y3_UO242,RD6_F4_m2f4_P2_Y1_UO166,RD5_F3_m10f9_P10_Y0_UO341,MXY,0,0.0,0,0,0.0,0,0,0,0.0,0.5,1,P9_CV0,1,0,2,0,2
6,6.211338327692949,7.937131414155586,Age0_F6_m6f5_P6_Y3_UO244,RD6_F4_m2f4_P2_Y1_UO166,RD5_F3_m10f9_P10_Y0_UO341,MXY,0,0.0,0,0,0.0,0,0,0,0.0,0.5,1,P9_CV0,1,0,2,1,1
6,6.211338327692949,7.937131414155586,Age0_F6_m6f5_P6_Y3_UO246,RD6_F4_m2f4_P2_Y1_UO166,RD5_F3_m10f9_P10_Y0_UO341,FXX,0,0.0,0,0,0.0,0,0,0,0.0,0.5,1,P9_CV0,1,1,1,1,1
6,6.211338327692949,7.937131414155586,Age0_F6_m6f9_P6_Y3_UO269,RD6_F4_m2f4_P2_Y1_UO166,RD9_F6_m5f7_P5_Y1_UO58,FXX,0,0.0,0,0,0.0,0,0,0,0.0,0.5,1,P9_CV0,1,1,1,2,0
6,6.211338327692949,7.937131414155586,Age0_F6_m6f9_P6_Y3_UO270,RD6_F4_m2f4_P2_Y1_UO166,RD9_F6_m5f7_P5_Y1_UO58,MXY,0,0.0,0,0,0.0,0,0,0,0.0,0.5,1,P9_CV0,1,1,1,1,1
6,6.211338327692949,7.937131414155586,Age0_F6_m6f9_P6_Y3_UO272,RD6_F4_m2f4_P2_Y1_UO166,RD9_F6_m5f7_P5_Y1_UO58,FXX,0,0.0,0,0,0.0,0,0,0,0.0,0.5,1,P9_CV0,1,1,1,1,1
6,6.211338327692949,7.937131414155586,Age0_F6_m6f9_P6_Y3_UO274,RD6_F4_m2f4_P2_Y1_UO166,RD9_F6_m5f7_P5_Y1_UO58,MXY,0,0.0,0,0,0.0,0,0,0,0.0,0.5,1,P9_CV0,1,1,1,1,1
6,6.211338327692949,7.937131414155586,Age0_F6_m6f7_P6_Y3_UO404,RD6_F4_m6f10_P6_Y1_UO124,RD7_F9_m6f10_P6_Y0_UO559,MXY,0,0.0,0,0,0.0,0,0,0,0.0,0.5,1,P9_CV0,1,1,1,0,2
6,6.211338327692949,7.937131414155586,Age0_F6_m6f7_P6_Y3_UO405,RD6_F4_m6f10_P6_Y1_UO124,RD7_F9_m6f10_P6_Y0_UO559,MXY,0,0.0,0,0,0.0,0,0,0,0.0,0.5,1,P9_CV0,1,1,1,0,2
6,6.211338327692949,7.937131414155586,Age0_F6_m6f7_P6_Y3_UO406,RD6_F4_m6f10_P6_Y1_UO124,RD7_F9_m6f10_P6_Y0_UO559,MXY,0,0.0,0,0,0.0,0,0,0,0.0,0.5,1,P9_CV0,1,2,0,0,2
6,6.211338327692949,7.937131414155586,R6_F6_m2f8_P2_Y2_UO630,RD2_F9_m10f9_P10_Y0_UO340,RD8_F4_m-1f-1_P10_Y-1_U68,FXX,1,0.0,1,1,1.0,0,0,0,-9999.0,0.625,1,P9_CV0,1,1,1,1,1
6,6.211338327692949,7.937131414155586,R6_F6_m5f10_P5_Y2_UO290,RD5_F3_m10f3_P10_Y0_UO187,RD10_F5_m3f1_P3_Y0_UO357,FXX,1,0.0,1,1,1.0,0,0,0,-9999.0,0.375,1,P9_CV0,1,1,1,0,2
6,6.211338327692949,7.937131414155586,R6_F6_m4f2_P4_Y2_UO471,RD4_F5_m7f4_P7_Y0_UO417,RD2_F5_m1f10_P1_Y0_UO222,FXX,1,0.0,1,1,1.0,0,0,0,-9999.0,0.625,1,P9_CV0,1,1,1,1,1
7,1.3457994534493356,7.703671818986196,R7_F7_m2f10_P2_Y2_UO102,RD2_F3_m7f4_P7_Y0_UO307,RD10_F5_m3f1_P3_Y0_UO357,MXY,1,0.0,1,1,0.0,0,0,0,-9999.0,0.5,1,P0_CV0,1,2,0,0,2
7,1.3457994534493356,7.703671818986196,R7_F7_m9f10_P9_Y1_UO51,RD9_F4_m-1f-1_P4_Y-1_U2,RD10_F1_m-1f-1_P1_Y-1_U72,MXY,2,0.0,1,0,0.0,0,0,0,-9999.0,1.0,1,P0_CV0,1,2,0,2,0
7,1.3457994534493356,7.703671818986196,Age0_F7_m7f8_P7_Y3_UO494,RD7_F8_m9f4_P9_Y1_UO326,RD8_F4_m9f4_P9_Y1_UO323,FXX,0,0.0,0,0,0.0,0,0,0,0.0,0.75,1,P1_CV0,1,2,0,1,1
7,1.3457994534493356,7.703671818986196,Age0_F7_m7f8_P7_Y3_UO495,RD7_F8_m9f4_P9_Y1_UO326,RD8_F4_m9f4_P9_Y1_UO323,MXY,0,0.0,0,0,0.0,0,0,0,0.0,0.75,1,P1_CV0,1,1,1,1,1
7,1.3457994534493356,7.703671818986196,Age0_F7_m7f8_P7_Y3_UO496,RD7_F8_m9f4_P9_Y1_UO326,RD8_F4_m9f4_P9_Y1_UO323,MXY,0,0.0,0,0,0.0,0,0,0,0.0,0.75,1,P1_CV0,1,1,1,1,1
7,1.3457994534493356,7.703671818986196,Age0_F7_m7f8_P7_Y3_UO497,RD7_F8_m9f4_P9_Y1_UO326,RD8_F4_m9f4_P9_Y1_UO323,FXX,0,0.0,0,0,0.0,0,0,0,0.0,0.75,1,P1_CV0,1,1,1,2,0
7,1.3457994534493356,7.703671818986196,Age0_F7_m7f8_P7_Y3_UO498,RD7_F8_m9f4_P9_Y1_UO326,RD8_F4_m9f4_P9_Y1_UO323,FXX,0,0.0,0,0,0.0,0,0,0,0.0,0.75,1,P1_CV0,1,1,1,2,0
7,1.3457994534493356,7.703671818986196,Age0_F7_m7f8_P7_Y3_UO499,RD7_F8_m9f4_P9_Y1_UO326,RD8_F4_m9f4_P9_Y1_UO323,MXY,0,0.0,0,0,0.0,0,0,0,0.0,0.75,1,P1_CV0,1,2,0,0,2
7,1.3457994534493356,7.703671818986196,Age0_F7_m7f8_P7_Y3_UO500,RD7_F8_m9f4_P9_Y1_UO326,RD8_F4_m9f4_P9_Y1_UO323,FXX,0,0.0,0,0,0.0,0,0,0,0.0,0.75,1,P1_CV0,1,1,1,1,1
7,1.3457994534493356,7.703671818986196,Age0_F7_m7f8_P7_Y3_UO501,RD7_F8_m9f4_P9_Y1_UO326,RD8_F4_m9f4_P9_Y1_UO323,MXY,0,0.0,0,0,0.0,0,0,0,0.0,0.75,1,P1_CV0,1,1,1,2,0
7,1.3457994534493356,7.703671818986196,R7_F7_m2f1_P2_Y2_UO79,RD2_F6_m2f9_P2_Y0_UO258,RD1_F2_m7f4_P7_Y0_UO305,FXX,1,0.0,1,1,1.0,0,0,0,-9999.0,0.75,1,P1_CV0,1,2,0,1,1
7,1.3457994534493356,7.703671818986196,R7_F7_m8f4_P8_Y2_UO388,RD8_F6_m2f7_P2_Y0_UO671,RD4_F8_m4f2_P4_Y0_UO158,MXY,1,0.0,1,1,0.0,0,0,0,-9999.0,0.75,1,P1_CV0,1,1,1,0,2
7,1.3457994534493356,7.703671818986196,R7_F7_m8f7_P8_Y2_UO111,RD8_F4_m2f4_P2_Y0_UO378,RD7_F8_m-1f-1_P2_Y-1_U19,FXX,1,0.0,1,1,1.0,0,0,0,-9999.0,0.25,1,P1_CV0,1,1,1,1,1
7,1.3457994534493356,7.703671818986196,R7_F7_m4f6_P4_Y2_UO566,RD4_F8_m2f5_P2_Y0_UO299,RD6_F8_m-1f-1_P2_Y-1_U68,FXX,1,0.0,1,1,1.0,0,0,0,-9999.0,0.875,1,P1_CV0,1,2,0,0,2
7,1.3457994534493356,7.703671818986196,R7_F7_m6f2_P6_Y2_UO233,RD6_F10_m2f4_P2_Y0_UO573,RD2_F5_m3f2_P3_Y0_UO411,MXY,1,0.0,1,1,0.0,0,0,0,-9999.0,0.625,1,P1_CV0,1,1,1,2,0
7,1.3457994534493356,7.703671818986196,R7_F7_m4f7_P4_Y2_UO712,RD4_F8_m4f2_P4_Y0_UO161,RD7_F8_m7f8_P7_Y0_UO351,MXY,1,0.0,1,1,0.0,0,0,0,-9999.0,0.625,1,P1_CV0,1,1,1,1,1
7,1.3457994534493356,7.703671818986196,R7_F7_m5f2_P5_Y2_UO56,RD5_F4_m8f7_P8_Y0_UO279,RD2_F5_m3f2_P3_Y0_UO411,FXX,1,0.0,1,1,1.0,0,0,0,-9999.0,0.375,1,P1_CV0,1,0,2,0,2
7,1.3457994534493356,7.703671818986196,R7_F7_m8f4_P8_Y2_UO192,RD8_F4_m1f5_P1_Y0_UO344,RD4_F8_m4f2_P4_Y0_UO158,MXY,1,0.0,1,1,0.0,0,0,0,-9999.0,0.625,1,P1_CV0,1,2,0,0,2
7,1.3457994534493356,7.703671818986196,R7_F7_m1f6_P1_Y1_UO443,RD1_F2_m-1f-1_P2_Y-1_U30,RD6_F7_m-1f-1_P7_Y-1_U4,FXX,2,0.0,1,0,1.0,0,0,0,-9999.0,0.5,1,P1_CV0,1,2,0,1,1
7,1.3457994534493356,7.703671818986196,R7_F7_m9f4_P9_Y1_UO327,RD9_F2_m-1f-1_P2_Y-1_U84,RD4_F2_m-1f-1_P2_Y-1_U29,MXY,2,0.0,1,0,0.0,0,0,0,-9999.0,0.75,1,P1_CV0,1,2,0,2,0
7,1.3457994534493356,7.703671818986196,R7_F7_m4f2_P4_Y0_UO161,R4_F4_m-1f-1_P4_Y-1_U75,R2_F2_m-1f-1_P2_Y-1_U43,FXX,3,0.0,1,0,1.0,0,0,0,-9999.0,0.75,1,P1_CV0,1,1,1,0,2
7,1.3457994534493356,7.703671818986196,Age0_F7_m7f5_P7_Y3_UO149,RD7_F8_m1f6_P1_Y1_UO93,RD5_F7_m-1f-1_P3_Y-1_U91,FXX,0,0.0,0,0,0.0,0,0,0,0.0,0.375,1,P2_CV0,1,2,0,2,0
7,1.3457994534493356,7.703671818986196,R7_F7_m3f9_P3_Y2_UO333,RD3_F5_m6f8_P6_Y0_UO142,RD9_F10_m1f3_P1_Y0_UO227,MXY,1,0.0,1,1,0.0,0,0,0,-9999.0,0.5,1,P2_CV0,1,1,1,0,2
7,1.3457994534493356,7.703671818986196,R7_F7_m5f3_P5_Y2_UO556,RD5_F4_m6f3_P6_Y0_UO174,RD3_F5_m3f9_P3_Y0_UO524,MXY,1,0.0,1,1,0.0,0,0,0,-9999.0,0.375,1,P2_CV0,1,2,0,2,0
7,1.3457994534493356,7.703671818986196,R7_F7_m1f3_P1_Y2_UO474,RD1_F5_m4f7_P4_Y0_UO721,RD3_F5_m3f9_P3_Y0_UO524,FXX,1,0.0,1,1,1.0,0,0,0,-9999.0,0.375,1,P2_CV0,1,1,1,0,2
7,1.3457994534493356,7.703671818986196,Age0_F7_m7f9_P7_Y3_UO107,RD7_F4_m3f7_P3_Y1_UO172,RD9_F6_m4f3_P4_Y0_UO71,FXX,0,0.0,0,0,0.0,0,0,0,0.0,0.375,1,P3_CV0,1,1,1,1,1
7,1.3457994534493356,7.703671818986196,Age0_F7_m7f9_P7_Y3_UO108,RD7_F4_m3f7_P3_Y1_UO172,RD9_F6_m4f3_P4_Y0_UO71,MXY,0,0.0,0,0,0.0,0,0,0,0.0,0.375,1,P3_CV0,1,1,1,1,1
7,1.3457994534493356,7.703671818986196,Age0_F7_m7f9_P7_Y3_UO112,RD7_F4_m3f7_P3_Y1_UO172,RD9_F6_m4f3_P4_Y0_UO71,MXY,0,0.0,0,0,0.0,0,0,0,0.0,0.375,1,P3_CV0,1,1,1,0,2
7,1.3457994534493356,7.703671818986196,Age0_F7_m7f9_P7_Y3_UO113,RD7_F4_m3f7_P3_Y1_UO172,RD9_F6_m4f3_P4_Y0_UO71,MXY,0,0.0,0,0,0.0,0,0,0,0.0,0.375,1,P3_CV0,1,0,2,0,2
7,1.3457994534493356,7.703671818986196,Age0_F7_m7f9_P7_Y3_UO433,RD7_F4_m3f7_P3_Y1_UO172,RD9_F5_m1f10_P1_Y1_UO291,MXY,0,0.0,0,0,0.0,0,0,0,0.0,0.375,1,P3_CV0,1,1,1,2,0
7,1.3457994534493356,7.703671818986196,R7_F7_m5f4_P5_Y2_UO625,RD5_F9_m4f3_P4_Y0_UO78,RD4_F5_m1f3_P1_Y0_UO493,MXY,1,0.0,1,1,0.0,0,0,0,-9999.0,0.5,1,P3_CV0,1,0,2,1,1
7,1.3457994534493356,7.703671818986196,R7_F7_m1f6_P1_Y2_UO177,RD1_F8_m7f4_P7_Y0_UO176,RD6_F4_m6f4_P6_Y0_UO360,FXX,1,0.0,1,1,1.0,0,0,0,-9999.0,0.5,1,P3_CV0,1,2,0,1,1
7,1.3457994534493356,7.703671818986196,R7_F7_m2f1_P2_Y2_UO80,RD2_F6_m2f9_P2_Y0_UO258,RD1_F2_m7f4_P7_Y0_UO305,MXY,1,0.0,1,1,0.0,0,0,0,-9999.0,0.75,1,P3_CV0,1,2,0,1,1
7,1.3457994534493356,7.703671818986196,R7_F7_m5f7_P5_Y2_UO43,RD5_F7_m2f4_P2_Y0_UO571,RD7_F8_m4f8_P4_Y0_UO625,MXY,1,0.0,1,1,0.0,0,0,0,-9999.0,0.75,1,P3_CV0,1,1,1,1,1
7,1.3457994534493356,7.703671818986196,R7_F7_m8f4_P8_Y2_UO395,RD8_F4_m2f4_P2_Y0_UO378,RD4_F8_m6f2_P6_Y0_UO219,MXY,1,0.0,1,1,0.0,0,0,0,-9999.0,0.5,1,P3_CV0,1,1,1,2,0
7,1.3457994534493356,7.703671818986196,R7_F7_m8f7_P8_Y2_UO109,RD8_F4_m2f4_P2_Y0_UO378,RD7_F8_m-1f-1_P2_Y-1_U19,MXY,1,0.0,1,1,0.0,0,0,0,-9999.0,0.25,1,P3_CV0,1,0,2,1,1
7,1.3457994534493356,7.703671818986196,R7_F7_m2f1_P2_Y2_UO81,RD2_F6_m2f9_P2_Y0_UO258,RD1_F2_m7f4_P7_Y0_UO305,FXX,1,0.0,1,1,1.0,0,0,0,-9999.0,0.75,1,P3_CV0,1,2,0,1,1
7,1.3457994534493356,7.703671818986196,Age0_F7_m7f6_P7_Y3_UO101,RD7_F4_m3f7_P3_Y1_UO172,RD6_F3_m9f5_P9_Y0_UO214,FXX,0,0.0,0,0,0.0,0,0,0,0.0,0.25,1,P4_CV0,1,0,2,2,0
7,1.3457994534493356,7.703671818986196,Age0_F7_m7f6_P7_Y3_UO106,RD7_F4_m3f7_P3_Y1_UO172,RD6_F3_m9f5_P9_Y0_UO214,FXX,0,0.0,0,0,0.0,0,0,0,0.0,0.25,1,P4_CV0,1,1,1,1,1
7,1.3457994534493356,7.703671818986196,Age0_F7_m7f9_P7_Y3_UO382,RD7_F8_m1f6_P1_Y1_UO93,RD9_F3_m2f3_P2_Y1_UO489,MXY,0,0.0,0,0,0.0,0,0,0,0.0,0.25,1,P4_CV0,1,1,1,1,1
7,1.3457994534493356,7.703671818986196,Age0_F7_m7f9_P7_Y3_UO384,RD7_F8_m1f6_P1_Y1_UO93,RD9_F3_m2f3_P2_Y1_UO489,MXY,0,0.0,0,0,0.0,0,0,0,0.0,0.25,1,P4_CV0,1,1,1,2,0
7,1.3457994534493356,7.703671818986196,Age0_F7_m7f9_P7_Y3_UO386,RD7_F8_m1f6_P1_Y1_UO93,RD9_F3_m2f3_P2_Y1_UO489,FXX,0,0.0,0,0,0.0,0,0,0,0.0,0.25,1,P4_CV0,1,0,2,2,0
7,1.3457994534493356,7.703671818986196,Age0_F7_m7f9_P7_Y3_UO387,RD7_F8_m1f6_P1_Y1_UO93,RD9_F3_m2f3_P2_Y1_UO489,FXX,0,0.0,0,0,0.0,0,0,0,0.0,0.25,1,P4_CV0,1,0,2,1,1
7,1.3457994534493356,7.703671818986196,Age0_F7_m7f9_P7_Y3_UO388,RD7_F8_m1f6_P1_Y1_UO93,RD9_F3_m2f3_P2_Y1_UO489,MXY,0,0.0,0,0,0.0,0,0,0,0.0,0.25,1,P4_CV0,1,1,1,1,1
7,1.3457994534493356,7.703671818986196,Age0_F7_m7f9_P7_Y3_UO389,RD7_F8_m1f6_P1_Y1_UO93,RD9_F3_m2f3_P2_Y1_UO489,MXY,0,0.0,0,0,0.0,0,0,0,0.0,0.25,1,P4_CV0,1,1,1,1,1
7,1.3457994534493356,7.703671818986196,R7_F7_m8f4_P8_Y2_UO436,RD8_F4_m6f8_P6_Y0_UO153,RD4_F8_m7f5_P7_Y0_UO430,MXY,1,0.0,1,1,0.0,0,0,0,-9999.0,0.375,1,P4_CV0,1,1,1,2,0
7,1.3457994534493356,7.703671818986196,R7_F7_m8f4_P8_Y2_UO510,RD8_F4_m1f5_P1_Y0_UO344,RD4_F8_m6f9_P6_Y0_UO164,MXY,1,0.0,1,1,0.0,0,0,0,-9999.0,0.5,1,P4_CV0,1,0,2,1,1
7,1.3457994534493356,7.703671818986196,R7_F7_m8f4_P8_Y2_UO512,RD8_F4_m1f5_P1_Y0_UO344,RD4_F8_m6f9_P6_Y0_UO164,MXY,1,0.0,1,1,0.0,0,0,0,-9999.0,0.5,1,P4_CV0,1,2,0,1,1
7,1.3457994534493356,7.703671818986196,R7_F7_m4f3_P4_Y2_UO399,RD4_F2_m7f5_P7_Y0_UO431,RD3_F2_m9f5_P9_Y0_UO214,MXY,1,0.0,1,1,0.0,0,0,0,-9999.0,0.375,1,P4_CV0,1,1,1,1,1
7,1.3457994534493356,7.703671818986196,R7_F7_m6f5_P6_Y0_UO346,R6_F6_m-1f-1_P6_Y-1_U82,R5_F5_m-1f-1_P5_Y-1_U72,MXY,3,0.0,1,0,0.0,0,0,0,-9999.0,0.25,1,P4_CV0,1,1,1,1,1
7,1.3457994534493356,7.703671818986196,R7_F7_m9f5_P9_Y0_UO734,R9_F9_m-1f-1_P9_Y-1_U85,R5_F5_m-1f-1_P5_Y-1_U49,FXX,3,0.0,1,0,1.0,0,0,0,-9999.0,0.75,1,P4_CV0,1,2,0,2,0
7,1.3457994534493356,7.703671818986196,R7_F7_m4f3_P4_Y2_UO322,RD4_F3_m8f2_P8_Y0_UO46,RD3_F5_m9f6_P9_Y0_UO530,FXX,1,0.0,1,1,1.0,0,0,0,-9999.0,0.5,1,P5_CV0,1,0,2,0,2
7,1.3457994534493356,7.703671818986196,R7_F7_m2f3_P2_Y2_UO96,RD2_F8_m4f6_P4_Y0_UO650,RD3_F9_m8f9_P8_Y0_UO59,FXX,1,0.0,1,1,1.0,0,0,0,-9999.0,0.75,1,P5_CV0,1,1,1,0,2
7,1.3457994534493356,7.703671818986196,R7_F7_m1f10_P1_Y2_UO552,RD1_F5_m9f5_P9_Y0_UO372,RD10_F4_m6f4_P6_Y0_UO361,FXX,1,0.0,1,1,1.0,0,0,0,-9999.0,0.5,1,P5_CV0,1,1,1,0,2
7,1.3457994534493356,7.703671818986196,R7_F7_m1f2_P1_Y2_UO121,RD1_F5_m3f6_P3_Y0_UO147,RD2_F8_m4f10_P4_Y0_UO110,FXX,1,0.0,1,1,1.0,0,0,0,-9999.0,0.625,1,P5_CV0,1,1,1,1,1
7,1.3457994534493356,7.703671818986196,R7_F7_m9f6_P9_Y2_UO6,RD9_F8_m4f8_P4_Y0_UO473,RD6_F8_m9f7_P9_Y0_UO84,MXY,1,0.0,1,1,0.0,0,0,0,-9999.0,0.5,1,P6_CV0,1,1,1,2,0
7,1.3457994534493356,7.703671818986196,R7_F7_m1f6_P1_Y2_UO369,RD1_F5_m3f6_P3_Y0_UO518,RD6_F8_m9f7_P9_Y0_UO84,FXX,1,0.0,1,1,1.0,0,0,0,-9999.0,0.5,1,P6_CV0,1,2,0,2,0
7,1.3457994534493356,7.703671818986196,R7_F7_m2f7_P2_Y2_UO198,RD2_F3_m4f9_P4_Y0_UO600,RD7_F8_m-1f-1_P7_Y-1_U46,MXY,1,0.0,1,1,0.0,0,0,0,-9999.0,0.5,1,P6_CV0,1,2,0,1,1
7,1.3457994534493356,7.703671818986196,R7_F7_m1f6_P1_Y2_UO371,RD1_F5_m3f6_P3_Y0_UO518,RD6_F8_m9f7_P9_Y0_UO84,MXY,1,0.0,1,1,0.0,0,0,0,-9999.0,0.5,1,P6_CV0,1,2,0,0,2
7,1.3457994534493356,7.703671818986196,R7_F7_m8f5_P8_Y2_UO298,RD8_F4_m8f7_P8_Y0_UO270,RD5_F8_m-1f-1_P7_Y-1_U12,MXY,1,0.0,1,1,0.0,0,0,0,-9999.0,0.125,1,P6_CV0,1,1,1,1,1
7,1.3457994534493356,7.703671818986196,Age0_F7_m7f6_P7_Y3_UO205,RD7_F8_m1f6_P1_Y1_UO93,RD6_F1_m10f5_P10_Y1_UO222,FXX,0,0.0,0,0,0.0,0,0,0,0.0,0.5,1,P7_CV0,1,1,1,1,1
7,1.3457994534493356,7.703671818986196,Age0_F7_m7f6_P7_Y3_UO206,RD7_F8_m1f6_P1_Y1_UO93,RD6_F1_m10f5_P10_Y1_UO222,MXY,0,0.0,0,0,0.0,0,0,0,0.0,0.5,1,P7_CV0,1,0,2,1,1
7,1.3457994534493356,7.703671818986196,Age0_F7_m7f6_P7_Y3_UO207,RD7_F8_m1f6_P1_Y1_UO93,RD6_F1_m10f5_P10_Y1_UO222,FXX,0,0.0,0,0,0.0,0,0,0,0.0,0.5,1,P7_CV0,1,1,1,1,1
7,1.3457994534493356,7.703671818986196,Age0_F7_m7f6_P7_Y3_UO208,RD7_F8_m1f6_P1_Y1_UO93,RD6_F1_m10f5_P10_Y1_UO222,FXX,0,0.0,0,0,0.0,0,0,0,0.0,0.5,1,P7_CV0,1,1,1,1,1
7,1.3457994534493356,7.703671818986196,Age0_F7_m7f6_P7_Y3_UO489,RD7_F9_m10f5_P10_Y1_UO224,RD6_F10_m4f5_P4_Y1_UO362,FXX,0,0.0,0,0,0.0,0,0,0,0.0,0.625,1,P7_CV0,1,1,1,0,2
7,1.3457994534493356,7.703671818986196,Age0_F7_m7f6_P7_Y3_UO490,RD7_F9_m10f5_P10_Y1_UO224,RD6_F10_m4f5_P4_Y1_UO362,FXX,0,0.0,0,0,0.0,0,0,0,0.0,0.625,1,P7_CV0,1,2,0,0,2
7,1.3457994534493356,7.703671818986196,Age0_F7_m7f6_P7_Y3_UO491,RD7_F9_m10f5_P10_Y1_UO224,RD6_F10_m4f5_P4_Y1_UO362,FXX,0,0.0,0,0,0.0,0,0,0,0.0,0.625,1,P7_CV0,1,2,0,0,2
7,1.3457994534493356,7.703671818986196,Age0_F7_m7f6_P7_Y3_UO492,RD7_F9_m10f5_P10_Y1_UO224,RD6_F10_m4f5_P4_Y1_UO362,MXY,0,0.0,0,0,0.0,0,0,0,0.0,0.625,1,P7_CV0,1,1,1,0,2
7,1.3457994534493356,7.703671818986196,Age0_F7_m7f6_P7_Y3_UO493,RD7_F9_m10f5_P10_Y1_UO224,RD6_F10_m4f5_P4_Y1_UO362,MXY,0,0.0,0,0,0.0,0,0,0,0.0,0.625,1,P7_CV0,1,2,0,0,2
7,1.3457994534493356,7.703671818986196,R7_F7_m2f1_P2_Y2_UO636,RD2_F3_m1f5_P1_Y0_UO405,RD1_F4_m8f3_P8_Y0_UO206,MXY,1,0.0,1,1,0.0,0,0,0,-9999.0,0.5,1,P7_CV0,1,2,0,1,1
7,1.3457994534493356,7.703671818986196,R7_F7_m8f4_P8_Y2_UO439,RD8_F4_m6f8_P6_Y0_UO153,RD4_F8_m7f5_P7_Y0_UO430,MXY,1,0.0,1,1,0.0,0,0,0,-9999.0,0.375,1,P7_CV0,1,1,1,2,0
7,1.3457994534493356,7.703671818986196,R7_F7_m8f4_P8_Y2_UO591,RD8_F4_m6f8_P6_Y0_UO153,RD4_F5_m4f2_P4_Y0_UO117,MXY,1,0.0,1,1,0.0,0,0,0,-9999.0,0.375,1,P7_CV0,1,0,2,1,1
7,1.3457994534493356,7.703671818986196,R7_F7_m4f8_P4_Y2_UO85,RD4_F3_m8f2_P8_Y0_UO46,RD8_F4_m9f7_P9_Y0_UO88,MXY,1,0.0,1,1,0.0,0,0,0,-9999.0,0.5,1,P7_CV0,1,1,1,1,1
7,1.3457994534493356,7.703671818986196,R7_F7_m10f5_P10_Y1_UO224,RD10_F5_m-1f-1_P5_Y-1_U61,RD5_F8_m-1f-1_P8_Y-1_U29,FXX,2,0.0,1,0,1.0,0,0,0,-9999.0,0.75,1,P7_CV0,1,2,0,0,2
7,1.3457994534493356,7.703671818986196,R7_F7_m8f2_P8_Y0_UO546,R8_F8_m-1f-1_P8_Y-1_U53,R2_F2_m-1f-1_P2_Y-1_U64,FXX,3,0.0,1,0,1.0,0,0,0,-9999.0,0.5,1,P7_CV0,1,1,1,1,1
7,1.3457994534493356,7.703671818986196,R7_F7_m6f4_P6_Y2_UO385,RD6_F5_m6f3_P6_Y0_UO723,RD4_F6_m9f5_P9_Y0_UO216,FXX,1,0.0,1,1,1.0,0,0,0,-9999.0,0.375,1,P8_CV0,1,0,2,0,2
7,1.3457994534493356,7.703671818986196,R7_F7_m-1f-1_P9_Y-1_U30,-9999,-9999,FXX,4,0.0,1,0,1.0,0,0,0,-9999.0,0.0,1,P8_CV0,1,0,2,0,2
7,1.3457994534493356,7.703671818986196,Age0_F7_m7f6_P7_Y3_UO99,RD7_F4_m3f7_P3_Y1_UO172,RD6_F3_m9f5_P9_Y0_UO214,MXY,0,0.0,0,0,0.0,0,0,0,0.0,0.25,1,P9_CV0,1,2,0,1,1
7,1.3457994534493356,7.703671818986196,Age0_F7_m7f6_P7_Y3_UO100,RD7_F4_m3f7_P3_Y1_UO172,RD6_F3_m9f5_P9_Y0_UO214,MXY,0,0.0,0,0,0.0,0,0,0,0.0,0.25,1,P9_CV0,1,2,0,1,1
7,1.3457994534493356,7.703671818986196,Age0_F7_m7f6_P7_Y3_UO102,RD7_F4_m3f7_P3_Y1_UO172,RD6_F3_m9f5_P9_Y0_UO214,MXY,0,0.0,0,0,0.0,0,0,0,0.0,0.25,1,P9_CV0,1,2,0,1,1
7,1.3457994534493356,7.703671818986196,Age0_F7_m7f6_P7_Y3_UO103,RD7_F4_m3f7_P3_Y1_UO172,RD6_F3_m9f5_P9_Y0_UO214,FXX,0,0.0,0,0,0.0,0,0,0,0.0,0.25,1,P9_CV0,1,2,0,2,0
7,1.3457994534493356,7.703671818986196,Age0_F7_m7f6_P7_Y3_UO104,RD7_F4_m3f7_P3_Y1_UO172,RD6_F3_m9f5_P9_Y0_UO214,FXX,0,0.0,0,0,0.0,0,0,0,0.0,0.25,1,P9_CV0,1,1,1,0,2
7,1.3457994534493356,7.703671818986196,Age0_F7_m7f6_P7_Y3_UO105,RD7_F4_m3f7_P3_Y1_UO172,RD6_F3_m9f5_P9_Y0_UO214,MXY,0,0.0,0,0,0.0,0,0,0,0.0,0.25,1,P9_CV0,1,2,0,2,0
7,1.3457994534493356,7.703671818986196,Age0_F7_m7f9_P7_Y3_UO109,RD7_F4_m3f7_P3_Y1_UO172,RD9_F6_m4f3_P4_Y0_UO71,FXX,0,0.0,0,0,0.0,0,0,0,0.0,0.375,1,P9_CV0,1,0,2,0,2
7,1.3457994534493356,7.703671818986196,Age0_F7_m7f9_P7_Y3_UO110,RD7_F4_m3f7_P3_Y1_UO172,RD9_F6_m4f3_P4_Y0_UO71,FXX,0,0.0,0,0,0.0,0,0,0,0.0,0.375,1,P9_CV0,1,0,2,1,1
7,1.3457994534493356,7.703671818986196,Age0_F7_m7f9_P7_Y3_UO111,RD7_F4_m3f7_P3_Y1_UO172,RD9_F6_m4f3_P4_Y0_UO71,MXY,0,0.0,0,0,0.0,0,0,0,0.0,0.375,1,P9_CV0,1,0,2,0,2
7,1.3457994534493356,7.703671818986196,Age0_F7_m7f9_P7_Y3_UO114,RD7_F4_m3f7_P3_Y1_UO172,RD9_F6_m4f3_P4_Y0_UO71,MXY,0,0.0,0,0,0.0,0,0,0,0.0,0.375,1,P9_CV0,1,0,2,2,0
7,1.3457994534493356,7.703671818986196,Age0_F7_m7f5_P7_Y3_UO148,RD7_F8_m1f6_P1_Y1_UO93,RD5_F7_m-1f-1_P3_Y-1_U91,FXX,0,0.0,0,0,0.0,0,0,0,0.0,0.375,1,P9_CV0,1,1,1,2,0
7,1.3457994534493356,7.703671818986196,Age0_F7_m7f5_P7_Y3_UO150,RD7_F8_m1f6_P1_Y1_UO93,RD5_F7_m-1f-1_P3_Y-1_U91,FXX,0,0.0,0,0,0.0,0,0,0,0.0,0.375,1,P9_CV0,1,1,1,2,0
7,1.3457994534493356,7.703671818986196,Age0_F7_m7f5_P7_Y3_UO151,RD7_F8_m1f6_P1_Y1_UO93,RD5_F7_m-1f-1_P3_Y-1_U91,FXX,0,0.0,0,0,0.0,0,0,0,0.0,0.375,1,P9_CV0,1,0,2,1,1
7,1.3457994534493356,7.703671818986196,Age0_F7_m7f5_P7_Y3_UO152,RD7_F8_m1f6_P1_Y1_UO93,RD5_F7_m-1f-1_P3_Y-1_U91,MXY,0,0.0,0,0,0.0,0,0,0,0.0,0.375,1,P9_CV0,1,0,2,2,0
7,1.3457994534493356,7.703671818986196,Age0_F7_m7f5_P7_Y3_UO153,RD7_F8_m1f6_P1_Y1_UO93,RD5_F7_m-1f-1_P3_Y-1_U91,MXY,0,0.0,0,0,0.0,0,0,0,0.0,0.375,1,P9_CV0,1,0,2,2,0
7,1.3457994534493356,7.703671818986196,Age0_F7_m7f6_P7_Y3_UO204,RD7_F8_m1f6_P1_Y1_UO93,RD6_F1_m10f5_P10_Y1_UO222,FXX,0,0.0,0,0,0.0,0,0,0,0.0,0.5,1,P9_CV0,1,1,1,2,0
7,1.3457994534493356,7.703671818986196,Age0_F7_m7f6_P7_Y3_UO209,RD7_F8_m1f6_P1_Y1_UO93,RD6_F1_m10f5_P10_Y1_UO222,MXY,0,0.0,0,0,0.0,0,0,0,0.0,0.5,1,P9_CV0,1,1,1,1,1
7,1.3457994534493356,7.703671818986196,Age0_F7_m7f9_P7_Y3_UO383,RD7_F8_m1f6_P1_Y1_UO93,RD9_F3_m2f3_P2_Y1_UO489,FXX,0,0.0,0,0,0.0,0,0,0,0.0,0.25,1,P9_CV0,1,1,1,2,0
7,1.3457994534493356,7.703671818986196,Age0_F7_m7f9_P7_Y3_UO385,RD7_F8_m1f6_P1_Y1_UO93,RD9_F3_m2f3_P2_Y1_UO489,MXY,0,0.0,0,0,0.0,0,0,0,0.0,0.25,1,P9_CV0,1,1,1,2,0
7,1.3457994534493356,7.703671818986196,Age0_F7_m7f9_P7_Y3_UO431,RD7_F4_m3f7_P3_Y1_UO172,RD9_F5_m1f10_P1_Y1_UO291,MXY,0,0.0,0,0,0.0,0,0,0,0.0,0.375,1,P9_CV0,1,1,1,2,0
7,1.3457994534493356,7.703671818986196,Age0_F7_m7f9_P7_Y3_UO432,RD7_F4_m3f7_P3_Y1_UO172,RD9_F5_m1f10_P1_Y1_UO291,MXY,0,0.0,0,0,0.0,0,0,0,0.0,0.375,1,P9_CV0,1,1,1,1,1
7,1.3457994534493356,7.703671818986196,R7_F7_m5f2_P5_Y2_UO19,RD5_F4_m6f3_P6_Y0_UO174,RD2_F5_m1f10_P1_Y0_UO222,MXY,1,0.0,1,1,0.0,0,0,0,-9999.0,0.625,1,P9_CV0,1,2,0,2,0
7,1.3457994534493356,7.703671818986196,R7_F7_m1f6_P1_Y1_UO93,RD1_F10_m-1f-1_P10_Y-1_U66,RD6_F7_m-1f-1_P7_Y-1_U27,FXX,2,0.0,1,0,1.0,0,0,0,-9999.0,0.25,1,P9_CV0,1,1,1,1,1
8,1.8443986564691528,11.780027217250101,R8_F8_m4f3_P4_Y2_UO27,RD4_F9_m10f1_P10_Y0_UO42,RD3_F5_m1f10_P1_Y0_UO289,FXX,1,0.0,1,1,1.0,0,0,0,-9999.0,0.5,1,P0_CV0,1,0,2,1,1
8,1.8443986564691528,11.780027217250101,R8_F8_m4f6_P4_Y2_UO40,RD4_F3_m1f9_P1_Y0_UO583,RD6_F9_m1f3_P1_Y0_UO494,MXY,1,0.0,1,1,0.0,0,0,0,-9999.0,0.25,1,P0_CV0,1,0,2,1,1
8,1.8443986564691528,11.780027217250101,R8_F8_m3f7_P3_Y2_UO210,RD3_F4_m2f3_P2_Y0_UO128,RD7_F4_m5f1_P5_Y0_UO108,MXY,1,0.0,1,1,0.0,0,0,0,-9999.0,1.0,1,P0_CV0,1,2,0,2,0
8,1.8443986564691528,11.780027217250101,R8_F8_m3f7_P3_Y2_UO211,RD3_F4_m2f3_P2_Y0_UO128,RD7_F4_m5f1_P5_Y0_UO108,FXX,1,0.0,1,1,1.0,0,0,0,-9999.0,1.0,1,P0_CV0,1,2,0,2,0
8,1.8443986564691528,11.780027217250101,R8_F8_m4f5_P4_Y1_UO358,RD4_F8_m-1f-1_P8_Y-1_U16,RD5_F1_m-1f-1_P1_Y-1_U5,MXY,2,0.0,1,0,0.0,0,0,0,-9999.0,0.5,1,P0_CV0,1,1,1,0,2
8,1.8443986564691528,11.780027217250101,Age0_F8_m8f1_P8_Y3_UO320,RD8_F6_m5f3_P5_Y1_UO376,RD1_F10_m9f7_P9_Y1_UO541,FXX,0,0.0,0,0,0.0,0,0,0,0.0,0.5,1,P1_CV0,1,1,1,1,1
8,1.8443986564691528,11.780027217250101,Age0_F8_m8f1_P8_Y3_UO323,RD8_F6_m5f3_P5_Y1_UO376,RD1_F10_m9f7_P9_Y1_UO541,MXY,0,0.0,0,0,0.0,0,0,0,0.0,0.5,1,P1_CV0,1,2,0,1,1
8,1.8443986564691528,11.780027217250101,Age0_F8_m8f1_P8_Y3_UO324,RD8_F6_m5f3_P5_Y1_UO376,RD1_F10_m9f7_P9_Y1_UO541,MXY,0,0.0,0,0,0.0,0,0,0,0.0,0.5,1,P1_CV0,1,1,1,1,1
8,1.8443986564691528,11.780027217250101,Age0_F8_m8f1_P8_Y3_UO325,RD8_F6_m5f3_P5_Y1_UO376,RD1_F10_m9f7_P9_Y1_UO541,MXY,0,0.0,0,0,0.0,0,0,0,0.0,0.5,1,P1_CV0,1,1,1,1,1
8,1.8443986564691528,11.780027217250101,Age0_F8_m8f1_P8_Y3_UO327,RD8_F6_m5f3_P5_Y1_UO376,RD1_F10_m9f7_P9_Y1_UO541,MXY,0,0.0,0,0,0.0,0,0,0,0.0,0.5,1,P1_CV0,1,2,0,2,0
8,1.8443986564691528,11.780027217250101,Age0_F8_m8f4_P8_Y3_UO451,RD8_F6_m5f3_P5_Y1_UO376,RD4_F3_m7f4_P7_Y1_UO212,FXX,0,0.0,0,0,0.0,0,0,0,0.0,0.375,1,P1_CV0,1,1,1,2,0
8,1.8443986564691528,11.780027217250101,Age0_F8_m8f4_P8_Y3_UO453,RD8_F6_m5f3_P5_Y1_UO376,RD4_F3_m7f4_P7_Y1_UO212,MXY,0,0.0,0,0,0.0,0,0,0,0.0,0.375,1,P1_CV0,1,1,1,1,1
8,1.8443986564691528,11.780027217250101,Age0_F8_m8f4_P8_Y3_UO455,RD8_F6_m5f3_P5_Y1_UO376,RD4_F3_m7f4_P7_Y1_UO212,FXX,0,0.0,0,0,0.0,0,0,0,0.0,0.375,1,P1_CV0,1,0,2,2,0
8,1.8443986564691528,11.780027217250101,Age0_F8_m8f4_P8_Y3_UO456,RD8_F6_m5f3_P5_Y1_UO376,RD4_F3_m7f4_P7_Y1_UO212,FXX,0,0.0,0,0,0.0,0,0,0,0.0,0.375,1,P1_CV0,1,1,1,1,1
8,1.8443986564691528,11.780027217250101,Age0_F8_m8f4_P8_Y3_UO457,RD8_F6_m5f3_P5_Y1_UO376,RD4_F3_m7f4_P7_Y1_UO212,FXX,0,0.0,0,0,0.0,0,0,0,0.0,0.375,1,P1_CV0,1,0,2,2,0
8,1.8443986564691528,11.780027217250101,Age0_F8_m8f4_P8_Y3_UO458,RD8_F6_m5f3_P5_Y1_UO376,RD4_F3_m7f4_P7_Y1_UO212,MXY,0,0.0,0,0,0.0,0,0,0,0.0,0.375,1,P1_CV0,1,0,2,2,0
8,1.8443986564691528,11.780027217250101,Age0_F8_m8f4_P8_Y3_UO515,RD8_F6_m5f3_P5_Y1_UO376,RD4_F3_m7f4_P7_Y1_UO212,MXY,0,0.0,0,0,0.0,0,0,0,0.0,0.375,1,P1_CV0,1,1,1,1,1
8,1.8443986564691528,11.780027217250101,Age0_F8_m8f4_P8_Y3_UO517,RD8_F6_m5f3_P5_Y1_UO376,RD4_F3_m7f4_P7_Y1_UO212,FXX,0,0.0,0,0,0.0,0,0,0,0.0,0.375,1,P1_CV0,1,0,2,1,1
8,1.8443986564691528,11.780027217250101,Age0_F8_m8f4_P8_Y3_UO518,RD8_F6_m5f3_P5_Y1_UO376,RD4_F3_m7f4_P7_Y1_UO212,FXX,0,0.0,0,0,0.0,0,0,0,0.0,0.375,1,P1_CV0,1,0,2,2,0
8,1.8443986564691528,11.780027217250101,Age0_F8_m8f4_P8_Y3_UO520,RD8_F6_m5f3_P5_Y1_UO376,RD4_F3_m7f4_P7_Y1_UO212,FXX,0,0.0,0,0,0.0,0,0,0,0.0,0.375,1,P1_CV0,1,1,1,2,0
8,1.8443986564691528,11.780027217250101,Age0_F8_m8f4_P8_Y3_UO521,RD8_F6_m5f3_P5_Y1_UO376,RD4_F3_m7f4_P7_Y1_UO212,MXY,0,0.0,0,0,0.0,0,0,0,0.0,0.375,1,P1_CV0,1,1,1,2,0
8,1.8443986564691528,11.780027217250101,Age0_F8_m8f4_P8_Y3_UO522,RD8_F6_m5f3_P5_Y1_UO376,RD4_F3_m7f4_P7_Y1_UO212,FXX,0,0.0,0,0,0.0,0,0,0,0.0,0.375,1,P1_CV0,1,1,1,1,1
8,1.8443986564691528,11.780027217250101,R8_F8_m4f8_P4_Y2_UO545,RD4_F8_m2f5_P2_Y0_UO299,RD8_F9_m2f6_P2_Y0_UO392,MXY,1,0.0,1,1,0.0,0,0,0,-9999.0,0.625,1,P1_CV0,1,2,0,1,1
8,1.8443986564691528,11.780027217250101,R8_F8_m4f6_P4_Y2_UO569,RD4_F8_m2f5_P2_Y0_UO299,RD6_F8_m-1f-1_P2_Y-1_U68,FXX,1,0.0,1,1,1.0,0,0,0,-9999.0,0.875,1,P1_CV0,1,2,0,1,1
8,1.8443986564691528,11.780027217250101,R8_F8_m4f7_P4_Y2_UO714,RD4_F8_m4f2_P4_Y0_UO161,RD7_F8_m7f8_P7_Y0_UO351,FXX,1,0.0,1,1,1.0,0,0,0,-9999.0,0.625,1,P1_CV0,1,2,0,1,1
8,1.8443986564691528,11.780027217250101,R8_F8_m4f8_P4_Y2_UO546,RD4_F8_m2f5_P2_Y0_UO299,RD8_F9_m2f6_P2_Y0_UO392,FXX,1,0.0,1,1,1.0,0,0,0,-9999.0,0.625,1,P1_CV0,1,1,1,1,1
8,1.8443986564691528,11.780027217250101,R8_F8_m5f3_P5_Y1_UO376,RD5_F2_m-1f-1_P2_Y-1_U70,RD3_F4_m-1f-1_P4_Y-1_U62,FXX,2,0.0,1,0,1.0,0,0,0,-9999.0,0.5,1,P1_CV0,1,1,1,1,1
8,1.8443986564691528,11.780027217250101,R8_F8_m5f4_P5_Y2_UO624,RD5_F9_m4f3_P4_Y0_UO78,RD4_F5_m1f3_P1_Y0_UO493,FXX,1,0.0,1,1,1.0,0,0,0,-9999.0,0.5,1,P2_CV0,1,1,1,1,1
8,1.8443986564691528,11.780027217250101,R8_F8_m5f2_P5_Y2_UO18,RD5_F4_m6f3_P6_Y0_UO174,RD2_F5_m1f10_P1_Y0_UO222,MXY,1,0.0,1,1,0.0,0,0,0,-9999.0,0.625,1,P2_CV0,1,2,0,1,1
8,1.8443986564691528,11.780027217250101,R8_F8_m7f2_P7_Y2_UO661,RD7_F9_m6f9_P6_Y0_UO68,RD2_F8_m3f9_P3_Y0_UO523,FXX,1,0.0,1,1,1.0,0,0,0,-9999.0,0.25,1,P2_CV0,1,1,1,2,0
8,1.8443986564691528,11.780027217250101,R8_F8_m7f3_P7_Y2_UO620,RD7_F5_m4f7_P4_Y0_UO718,RD3_F10_m-1f-1_P3_Y-1_U52,FXX,1,0.0,1,1,1.0,0,0,0,-9999.0,0.5,1,P2_CV0,1,0,2,0,2
8,1.8443986564691528,11.780027217250101,R8_F8_m4f9_P4_Y2_UO703,RD4_F3_m8f2_P8_Y0_UO46,RD9_F4_m6f3_P6_Y0_UO320,MXY,1,0.0,1,1,0.0,0,0,0,-9999.0,0.375,1,P2_CV0,1,0,2,0,2
8,1.8443986564691528,11.780027217250101,R8_F8_m4f2_P4_Y2_UO300,RD4_F8_m5f7_P5_Y0_UO482,RD2_F8_m3f9_P3_Y0_UO523,MXY,1,0.0,1,1,0.0,0,0,0,-9999.0,0.5,1,P2_CV0,1,0,2,1,1
8,1.8443986564691528,11.780027217250101,R8_F8_m4f6_P4_Y2_UO13,RD4_F8_m5f7_P5_Y0_UO482,RD6_F7_m9f3_P9_Y0_UO701,MXY,1,0.0,1,1,0.0,0,0,0,-9999.0,0.5,1,P2_CV0,1,1,1,2,0
8,1.8443986564691528,11.780027217250101,R8_F8_m7f4_P7_Y2_UO344,RD7_F5_m4f7_P4_Y0_UO718,RD4_F7_m10f3_P10_Y0_UO188,FXX,1,0.0,1,1,1.0,0,0,0,-9999.0,0.375,1,P2_CV0,1,1,1,0,2
8,1.8443986564691528,11.780027217250101,R8_F8_m3f2_P3_Y2_UO250,RD3_F6_m9f4_P9_Y0_UO645,RD2_F3_m9f3_P9_Y0_UO95,FXX,1,0.0,1,1,1.0,0,0,0,-9999.0,0.25,1,P3_CV0,1,0,2,1,1
8,1.8443986564691528,11.780027217250101,R8_F8_m5f7_P5_Y2_UO46,RD5_F7_m2f4_P2_Y0_UO571,RD7_F8_m4f8_P4_Y0_UO625,MXY,1,0.0,1,1,0.0,0,0,0,-9999.0,0.75,1,P3_CV0,1,1,1,1,1
8,1.8443986564691528,11.780027217250101,R8_F8_m7f4_P7_Y2_UO70,RD7_F8_m4f9_P4_Y0_UO601,RD4_F7_m8f6_P8_Y0_UO539,FXX,1,0.0,1,1,1.0,0,0,0,-9999.0,0.625,1,P3_CV0,1,2,0,1,1
8,1.8443986564691528,11.780027217250101,R8_F8_m7f2_P7_Y2_UO446,RD7_F8_m4f9_P4_Y0_UO601,RD2_F8_m4f10_P4_Y0_UO110,MXY,1,0.0,1,1,0.0,0,0,0,-9999.0,0.5,1,P3_CV0,1,1,1,1,1
8,1.8443986564691528,11.780027217250101,R8_F8_m5f3_P5_Y2_UO140,RD5_F7_m2f4_P2_Y0_UO571,RD3_F4_m7f4_P7_Y0_UO249,MXY,1,0.0,1,1,0.0,0,0,0,-9999.0,0.625,1,P3_CV0,1,1,1,2,0
8,1.8443986564691528,11.780027217250101,R8_F8_m5f3_P5_Y2_UO144,RD5_F7_m2f4_P2_Y0_UO571,RD3_F4_m7f4_P7_Y0_UO249,FXX,1,0.0,1,1,1.0,0,0,0,-9999.0,0.625,1,P3_CV0,1,1,1,2,0
8,1.8443986564691528,11.780027217250101,R8_F8_m4f8_P4_Y2_UO184,RD4_F2_m7f5_P7_Y0_UO431,RD8_F3_m4f8_P4_Y0_UO470,FXX,1,0.0,1,1,1.0,0,0,0,-9999.0,0.5,1,P3_CV0,1,0,2,1,1
8,1.8443986564691528,11.780027217250101,R8_F8_m9f6_P9_Y2_UO7,RD9_F8_m4f8_P4_Y0_UO473,RD6_F8_m9f7_P9_Y0_UO84,FXX,1,0.0,1,1,1.0,0,0,0,-9999.0,0.5,1,P3_CV0,1,1,1,1,1
8,1.8443986564691528,11.780027217250101,Age0_F8_m8f4_P8_Y3_UO452,RD8_F6_m5f3_P5_Y1_UO376,RD4_F3_m7f4_P7_Y1_UO212,FXX,0,0.0,0,0,0.0,0,0,0,0.0,0.375,1,P4_CV0,1,1,1,2,0
8,1.8443986564691528,11.780027217250101,Age0_F8_m8f4_P8_Y3_UO454,RD8_F6_m5f3_P5_Y1_UO376,RD4_F3_m7f4_P7_Y1_UO212,MXY,0,0.0,0,0,0.0,0,0,0,0.0,0.375,1,P4_CV0,1,1,1,2,0
8,1.8443986564691528,11.780027217250101,Age0_F8_m8f4_P8_Y3_UO459,RD8_F6_m5f3_P5_Y1_UO376,RD4_F3_m7f4_P7_Y1_UO212,MXY,0,0.0,0,0,0.0,0,0,0,0.0,0.375,1,P4_CV0,1,0,2,2,0
8,1.8443986564691528,11.780027217250101,Age0_F8_m8f4_P8_Y3_UO513,RD8_F6_m5f3_P5_Y1_UO376,RD4_F3_m7f4_P7_Y1_UO212,FXX,0,0.0,0,0,0.0,0,0,0,0.0,0.375,1,P4_CV0,1,1,1,1,1
8,1.8443986564691528,11.780027217250101,Age0_F8_m8f4_P8_Y3_UO514,RD8_F6_m5f3_P5_Y1_UO376,RD4_F3_m7f4_P7_Y1_UO212,FXX,0,0.0,0,0,0.0,0,0,0,0.0,0.375,1,P4_CV0,1,1,1,2,0
8,1.8443986564691528,11.780027217250101,Age0_F8_m8f4_P8_Y3_UO516,RD8_F6_m5f3_P5_Y1_UO376,RD4_F3_m7f4_P7_Y1_UO212,FXX,0,0.0,0,0,0.0,0,0,0,0.0,0.375,1,P4_CV0,1,0,2,2,0
8,1.8443986564691528,11.780027217250101,Age0_F8_m8f4_P8_Y3_UO519,RD8_F6_m5f3_P5_Y1_UO376,RD4_F3_m7f4_P7_Y1_UO212,MXY,0,0.0,0,0,0.0,0,0,0,0.0,0.375,1,P4_CV0,1,0,2,2,0
8,1.8443986564691528,11.780027217250101,R8_F8_m7f6_P7_Y2_UO588,RD7_F4_m2f5_P2_Y0_UO492,RD6_F7_m9f3_P9_Y0_UO701,MXY,1,0.0,1,1,0.0,0,0,0,-9999.0,0.5,1,P4_CV0,1,1,1,2,0
8,1.8443986564691528,11.780027217250101,Age0_F8_m8f6_P8_Y3_UO293,RD8_F7_m4f8_P4_Y1_UO316,RD6_F1_m10f5_P10_Y1_UO221,MXY,0,0.0,0,0,0.0,0,0,0,0.0,0.625,1,P5_CV0,1,1,1,0,2
8,1.8443986564691528,11.780027217250101,Age0_F8_m8f6_P8_Y3_UO296,RD8_F7_m4f8_P4_Y1_UO316,RD6_F1_m10f5_P10_Y1_UO221,FXX,0,0.0,0,0,0.0,0,0,0,0.0,0.625,1,P5_CV0,1,2,0,0,2
8,1.8443986564691528,11.780027217250101,R8_F8_m1f10_P1_Y2_UO554,RD1_F5_m9f5_P9_Y0_UO372,RD10_F4_m6f4_P6_Y0_UO361,FXX,1,0.0,1,1,1.0,0,0,0,-9999.0,0.5,1,P5_CV0,1,1,1,1,1
8,1.8443986564691528,11.780027217250101,R8_F8_m4f3_P4_Y2_UO324,RD4_F3_m8f2_P8_Y0_UO46,RD3_F5_m9f6_P9_Y0_UO530,FXX,1,0.0,1,1,1.0,0,0,0,-9999.0,0.5,1,P5_CV0,1,2,0,0,2
8,1.8443986564691528,11.780027217250101,R8_F8_m9f10_P9_Y2_UO264,RD9_F8_m9f5_P9_Y0_UO4,RD10_F8_m6f7_P6_Y0_UO136,MXY,1,0.0,1,1,0.0,0,0,0,-9999.0,0.375,1,P5_CV0,1,0,2,0,2
8,1.8443986564691528,11.780027217250101,Age0_F8_m8f6_P8_Y3_UO0,RD8_F6_m2f5_P2_Y1_UO433,RD6_F9_m1f6_P1_Y1_UO97,FXX,0,0.0,0,0,0.0,0,0,0,0.0,0.25,1,P6_CV0,1,1,1,1,1
8,1.8443986564691528,11.780027217250101,Age0_F8_m8f6_P8_Y3_UO1,RD8_F6_m2f5_P2_Y1_UO433,RD6_F9_m1f6_P1_Y1_UO97,FXX,0,0.0,0,0,0.0,0,0,0,0.0,0.25,1,P6_CV0,1,1,1,0,2
8,1.8443986564691528,11.780027217250101,R8_F8_m7f5_P7_Y2_UO673,RD7_F5_m6f7_P6_Y0_UO135,RD5_F7_m2f9_P2_Y0_UO256,MXY,1,0.0,1,1,0.0,0,0,0,-9999.0,0.75,1,P6_CV0,1,1,1,2,0
8,1.8443986564691528,11.780027217250101,R8_F8_m7f2_P7_Y2_UO84,RD7_F8_m7f4_P7_Y0_UO175,RD2_F8_m7f4_P7_Y0_UO727,MXY,1,0.0,1,1,0.0,0,0,0,-9999.0,0.5,1,P6_CV0,1,2,0,2,0
8,1.8443986564691528,11.780027217250101,R8_F8_m7f2_P7_Y2_UO82,RD7_F8_m7f4_P7_Y0_UO175,RD2_F8_m7f4_P7_Y0_UO727,MXY,1,0.0,1,1,0.0,0,0,0,-9999.0,0.5,1,P6_CV0,1,1,1,1,1
8,1.8443986564691528,11.780027217250101,R8_F8_m4f2_P4_Y2_UO565,RD4_F8_m6f8_P6_Y0_UO144,RD2_F4_m-1f-1_P7_Y-1_U69,MXY,1,0.0,1,1,0.0,0,0,0,-9999.0,0.375,1,P6_CV0,1,1,1,2,0
8,1.8443986564691528,11.780027217250101,R8_F8_m7f4_P7_Y2_UO147,RD7_F8_m7f4_P7_Y0_UO175,RD4_F5_m2f9_P2_Y0_UO259,MXY,1,0.0,1,1,0.0,0,0,0,-9999.0,0.75,1,P6_CV0,1,2,0,1,1
8,1.8443986564691528,11.780027217250101,R8_F8_m7f4_P7_Y0_UO308,R7_F7_m-1f-1_P7_Y-1_U82,R4_F4_m-1f-1_P4_Y-1_U96,MXY,3,0.0,1,0,0.0,0,0,0,-9999.0,0.5,1,P6_CV0,1,0,2,1,1
8,1.8443986564691528,11.780027217250101,R8_F8_m5f7_P5_Y0_UO327,R5_F5_m-1f-1_P5_Y-1_U76,R7_F7_m-1f-1_P7_Y-1_U89,FXX,3,0.0,1,0,1.0,0,0,0,-9999.0,0.75,1,P6_CV0,1,2,0,1,1
8,1.8443986564691528,11.780027217250101,Age0_F8_m8f6_P8_Y3_UO2,RD8_F6_m2f5_P2_Y1_UO433,RD6_F9_m1f6_P1_Y1_UO97,FXX,0,0.0,0,0,0.0,0,0,0,0.0,0.25,1,P7_CV0,1,0,2,0,2
8,1.8443986564691528,11.780027217250101,Age0_F8_m8f4_P8_Y3_UO29,RD8_F6_m2f5_P2_Y1_UO433,RD4_F3_m-1f-1_P10_Y-1_U25,MXY,0,0.0,0,0,0.0,0,0,0,0.0,0.375,1,P7_CV0,1,2,0,0,2
8,1.8443986564691528,11.780027217250101,Age0_F8_m8f4_P8_Y3_UO30,RD8_F6_m2f5_P2_Y1_UO433,RD4_F3_m-1f-1_P10_Y-1_U25,FXX,0,0.0,0,0,0.0,0,0,0,0.0,0.375,1,P7_CV0,1,2,0,0,2
8,1.8443986564691528,11.780027217250101,Age0_F8_m8f4_P8_Y3_UO31,RD8_F6_m2f5_P2_Y1_UO433,RD4_F3_m-1f-1_P10_Y-1_U25,MXY,0,0.0,0,0,0.0,0,0,0,0.0,0.375,1,P7_CV0,1,0,2,0,2
8,1.8443986564691528,11.780027217250101,Age0_F8_m8f6_P8_Y3_UO292,RD8_F7_m4f8_P4_Y1_UO316,RD6_F1_m10f5_P10_Y1_UO221,FXX,0,0.0,0,0,0.0,0,0,0,0.0,0.625,1,P7_CV0,1,1,1,0,2
8,1.8443986564691528,11.780027217250101,Age0_F8_m8f6_P8_Y3_UO294,RD8_F7_m4f8_P4_Y1_UO316,RD6_F1_m10f5_P10_Y1_UO221,FXX,0,0.0,0,0,0.0,0,0,0,0.0,0.625,1,P7_CV0,1,1,1,0,2
8,1.8443986564691528,11.780027217250101,Age0_F8_m8f6_P8_Y3_UO295,RD8_F7_m4f8_P4_Y1_UO316,RD6_F1_m10f5_P10_Y1_UO221,MXY,0,0.0,0,0,0.0,0,0,0,0.0,0.625,1,P7_CV0,1,2,0,0,2
8,1.8443986564691528,11.780027217250101,Age0_F8_m8f6_P8_Y3_UO297,RD8_F7_m4f8_P4_Y1_UO316,RD6_F1_m10f5_P10_Y1_UO221,MXY,0,0.0,0,0,0.0,0,0,0,0.0,0.625,1,P7_CV0,1,0,2,0,2
8,1.8443986564691528,11.780027217250101,Age0_F8_m8f6_P8_Y3_UO298,RD8_F7_m4f8_P4_Y1_UO316,RD6_F1_m10f5_P10_Y1_UO221,MXY,0,0.0,0,0,0.0,0,0,0,0.0,0.625,1,P7_CV0,1,1,1,0,2
8,1.8443986564691528,11.780027217250101,Age0_F8_m8f1_P8_Y3_UO321,RD8_F6_m5f3_P5_Y1_UO376,RD1_F10_m9f7_P9_Y1_UO541,FXX,0,0.0,0,0,0.0,0,0,0,0.0,0.5,1,P7_CV0,1,1,1,1,1
8,1.8443986564691528,11.780027217250101,Age0_F8_m8f1_P8_Y3_UO322,RD8_F6_m5f3_P5_Y1_UO376,RD1_F10_m9f7_P9_Y1_UO541,FXX,0,0.0,0,0,0.0,0,0,0,0.0,0.5,1,P7_CV0,1,0,2,2,0
8,1.8443986564691528,11.780027217250101,Age0_F8_m8f1_P8_Y3_UO326,RD8_F6_m5f3_P5_Y1_UO376,RD1_F10_m9f7_P9_Y1_UO541,FXX,0,0.0,0,0,0.0,0,0,0,0.0,0.5,1,P7_CV0,1,2,0,1,1
8,1.8443986564691528,11.780027217250101,Age0_F8_m8f1_P8_Y3_UO328,RD8_F6_m5f3_P5_Y1_UO376,RD1_F10_m9f7_P9_Y1_UO541,MXY,0,0.0,0,0,0.0,0,0,0,0.0,0.5,1,P7_CV0,1,2,0,2,0
8,1.8443986564691528,11.780027217250101,R8_F8_m4f8_P4_Y2_UO86,RD4_F3_m8f2_P8_Y0_UO46,RD8_F4_m9f7_P9_Y0_UO88,MXY,1,0.0,1,1,0.0,0,0,0,-9999.0,0.5,1,P7_CV0,1,1,1,1,1
8,1.8443986564691528,11.780027217250101,R8_F8_m4f8_P4_Y2_UO88,RD4_F3_m8f2_P8_Y0_UO46,RD8_F4_m9f7_P9_Y0_UO88,FXX,1,0.0,1,1,1.0,0,0,0,-9999.0,0.5,1,P7_CV0,1,1,1,1,1
8,1.8443986564691528,11.780027217250101,R8_F8_m7f4_P7_Y2_UO71,RD7_F8_m4f9_P4_Y0_UO601,RD4_F7_m8f6_P8_Y0_UO539,FXX,1,0.0,1,1,1.0,0,0,0,-9999.0,0.625,1,P7_CV0,1,2,0,1,1
8,1.8443986564691528,11.780027217250101,R8_F8_m4f2_P4_Y2_UO564,RD4_F8_m6f8_P6_Y0_UO144,RD2_F4_m-1f-1_P7_Y-1_U69,FXX,1,0.0,1,1,1.0,0,0,0,-9999.0,0.375,1,P7_CV0,1,1,1,1,1
8,1.8443986564691528,11.780027217250101,R8_F8_m4f9_P4_Y2_UO708,RD4_F3_m1f9_P1_Y0_UO583,RD9_F4_m-1f-1_P8_Y-1_U42,FXX,1,0.0,1,1,1.0,0,0,0,-9999.0,0.625,1,P7_CV0,1,1,1,0,2
8,1.8443986564691528,11.780027217250101,R8_F8_m2f6_P2_Y2_UO656,RD2_F5_m8f1_P8_Y0_UO614,RD6_F9_m1f3_P1_Y0_UO494,MXY,1,0.0,1,1,0.0,0,0,0,-9999.0,0.375,1,P7_CV0,1,0,2,0,2
8,1.8443986564691528,11.780027217250101,R8_F8_m5f9_P5_Y2_UO606,RD5_F3_m10f3_P10_Y0_UO187,RD9_F4_m-1f-1_P8_Y-1_U25,MXY,1,0.0,1,1,0.0,0,0,0,-9999.0,0.375,1,P7_CV0,1,0,2,1,1
8,1.8443986564691528,11.780027217250101,R8_F8_m2f5_P2_Y1_UO433,RD2_F8_m-1f-1_P8_Y-1_U74,RD5_F6_m-1f-1_P6_Y-1_U66,FXX,2,0.0,1,0,1.0,0,0,0,-9999.0,0.25,1,P7_CV0,1,1,1,1,1
8,1.8443986564691528,11.780027217250101,R8_F8_m9f4_P9_Y1_UO506,RD9_F8_m-1f-1_P8_Y-1_U97,RD4_F7_m-1f-1_P7_Y-1_U52,MXY,2,0.0,1,0,0.0,0,0,0,-9999.0,0.0,1,P7_CV0,1,0,2,1,1
8,1.8443986564691528,11.780027217250101,R8_F8_m9f7_P9_Y1_UO549,RD9_F8_m-1f-1_P8_Y-1_U77,RD7_F3_m-1f-1_P3_Y-1_U59,FXX,2,0.0,1,0,1.0,0,0,0,-9999.0,0.5,1,P7_CV0,1,1,1,2,0
8,1.8443986564691528,11.780027217250101,R8_F8_m3f2_P3_Y1_UO136,RD3_F10_m-1f-1_P10_Y-1_U97,RD2_F8_m-1f-1_P8_Y-1_U4,MXY,2,0.0,1,0,0.0,0,0,0,-9999.0,0.25,1,P7_CV0,1,0,2,2,0
8,1.8443986564691528,11.780027217250101,R8_F8_m3f2_P3_Y1_UO145,RD3_F10_m-1f-1_P10_Y-1_U97,RD2_F8_m-1f-1_P8_Y-1_U4,MXY,2,0.0,1,0,0.0,0,0,0,-9999.0,0.25,1,P7_CV0,1,1,1,2,0
8,1.8443986564691528,11.780027217250101,R8_F8_m8f9_P8_Y0_UO59,R8_F8_m-1f-1_P8_Y-1_U24,R9_F9_m-1f-1_P9_Y-1_U9,MXY,3,0.0,1,0,0.0,0,0,0,-9999.0,0.5,1,P7_CV0,1,1,1,1,1
8,1.8443986564691528,11.780027217250101,R8_F8_m2f7_P2_Y2_UO522,RD2_F8_m4f6_P4_Y0_UO525,RD7_F8_m9f4_P9_Y0_UO647,MXY,1,0.0,1,1,0.0,0,0,0,-9999.0,0.25,1,P8_CV0,1,1,1,0,2
8,1.8443986564691528,11.780027217250101,R8_F8_m4f2_P4_Y2_UO48,RD4_F8_m9f7_P9_Y0_UO23,RD2_F5_m1f3_P1_Y0_UO226,MXY,1,0.0,1,1,0.0,0,0,0,-9999.0,0.625,1,P8_CV0,1,1,1,1,1
8,1.8443986564691528,11.780027217250101,R8_F8_m10f2_P10_Y1_UO403,RD10_F9_m-1f-1_P9_Y-1_U3,RD2_F4_m-1f-1_P4_Y-1_U24,FXX,2,0.0,1,0,1.0,0,0,0,-9999.0,0.0,1,P8_CV0,1,0,2,1,1
8,1.8443986564691528,11.780027217250101,Age0_F8_m8f4_P8_Y3_UO26,RD8_F6_m2f5_P2_Y1_UO433,RD4_F3_m-1f-1_P10_Y-1_U25,FXX,0,0.0,0,0,0.0,0,0,0,0.0,0.375,1,P9_CV0,1,2,0,0,2
8,1.8443986564691528,11.780027217250101,Age0_F8_m8f4_P8_Y3_UO27,RD8_F6_m2f5_P2_Y1_UO433,RD4_F3_m-1f-1_P10_Y-1_U25,MXY,0,0.0,0,0,0.0,0,0,0,0.0,0.375,1,P9_CV0,1,0,2,1,1
8,1.8443986564691528,11.780027217250101,Age0_F8_m8f4_P8_Y3_UO28,RD8_F6_m2f5_P2_Y1_UO433,RD4_F3_m-1f-1_P10_Y-1_U25,MXY,0,0.0,0,0,0.0,0,0,0,0.0,0.375,1,P9_CV0,1,0,2,1,1
8,1.8443986564691528,11.780027217250101,Age0_F8_m8f4_P8_Y3_UO32,RD8_F6_m2f5_P2_Y1_UO433,RD4_F3_m-1f-1_P10_Y-1_U25,MXY,0,0.0,0,0,0.0,0,0,0,0.0,0.375,1,P9_CV0,1,2,0,0,2
8,1.8443986564691528,11.780027217250101,R8_F8_m5f9_P5_Y2_UO738,RD5_F1_m10f3_P10_Y0_UO421,RD9_F4_m-1f-1_P8_Y-1_U42,MXY,1,0.0,1,1,0.0,0,0,0,-9999.0,0.625,1,P9_CV0,1,1,1,0,2
8,1.8443986564691528,11.780027217250101,R8_F8_m4f2_P4_Y2_UO470,RD4_F5_m7f4_P7_Y0_UO417,RD2_F5_m1f10_P1_Y0_UO222,FXX,1,0.0,1,1,1.0,0,0,0,-9999.0,0.625,1,P9_CV0,1,1,1,1,1
9,8.539752926394888,7.413552560728917,Age0_F9_m9f2_P9_Y3_UO475,RD9_F8_m4f5_P4_Y1_UO363,RD2_F6_m4f8_P4_Y1_UO318,MXY,0,0.0,0,0,0.0,0,0,0,0.0,0.5,1,P0_CV0,1,1,1,0,2
9,8.539752926394888,7.413552560728917,Age0_F9_m9f2_P9_Y3_UO476,RD9_F8_m4f5_P4_Y1_UO363,RD2_F6_m4f8_P4_Y1_UO318,FXX,0,0.0,0,0,0.0,0,0,0,0.0,0.5,1,P0_CV0,1,0,2,1,1
9,8.539752926394888,7.413552560728917,Age0_F9_m9f2_P9_Y3_UO477,RD9_F8_m4f5_P4_Y1_UO363,RD2_F6_m4f8_P4_Y1_UO318,MXY,0,0.0,0,0,0.0,0,0,0,0.0,0.5,1,P0_CV0,1,1,1,1,1
9,8.539752926394888,7.413552560728917,Age0_F9_m9f2_P9_Y3_UO480,RD9_F8_m4f5_P4_Y1_UO363,RD2_F6_m4f8_P4_Y1_UO318,MXY,0,0.0,0,0,0.0,0,0,0,0.0,0.5,1,P0_CV0,1,1,1,0,2
9,8.539752926394888,7.413552560728917,Age0_F9_m9f2_P9_Y3_UO483,RD9_F8_m4f5_P4_Y1_UO363,RD2_F6_m4f8_P4_Y1_UO318,FXX,0,0.0,0,0,0.0,0,0,0,0.0,0.5,1,P0_CV0,1,1,1,0,2
9,8.539752926394888,7.413552560728917,Age0_F9_m9f2_P9_Y3_UO486,RD9_F8_m4f5_P4_Y1_UO363,RD2_F6_m4f8_P4_Y1_UO318,MXY,0,0.0,0,0,0.0,0,0,0,0.0,0.5,1,P0_CV0,1,1,1,0,2
9,8.539752926394888,7.413552560728917,Age0_F9_m9f2_P9_Y3_UO502,RD9_F8_m4f5_P4_Y1_UO363,RD2_F7_m1f6_P1_Y1_UO95,MXY,0,0.0,0,0,0.0,0,0,0,0.0,0.375,1,P0_CV0,1,2,0,0,2
9,8.539752926394888,7.413552560728917,Age0_F9_m9f2_P9_Y3_UO503,RD9_F8_m4f5_P4_Y1_UO363,RD2_F7_m1f6_P1_Y1_UO95,FXX,0,0.0,0,0,0.0,0,0,0,0.0,0.375,1,P0_CV0,1,2,0,1,1
9,8.539752926394888,7.413552560728917,Age0_F9_m9f2_P9_Y3_UO507,RD9_F8_m4f5_P4_Y1_UO363,RD2_F7_m1f6_P1_Y1_UO95,MXY,0,0.0,0,0,0.0,0,0,0,0.0,0.375,1,P0_CV0,1,1,1,2,0
9,8.539752926394888,7.413552560728917,Age0_F9_m9f2_P9_Y3_UO508,RD9_F8_m4f5_P4_Y1_UO363,RD2_F7_m1f6_P1_Y1_UO95,FXX,0,0.0,0,0,0.0,0,0,0,0.0,0.375,1,P0_CV0,1,0,2,1,1
9,8.539752926394888,7.413552560728917,Age0_F9_m9f2_P9_Y3_UO512,RD9_F8_m4f5_P4_Y1_UO363,RD2_F7_m1f6_P1_Y1_UO95,MXY,0,0.0,0,0,0.0,0,0,0,0.0,0.375,1,P0_CV0,1,0,2,1,1
9,8.539752926394888,7.413552560728917,R9_F9_m4f9_P4_Y2_UO710,RD4_F3_m1f9_P1_Y0_UO583,RD9_F4_m-1f-1_P8_Y-1_U42,FXX,1,0.0,1,1,1.0,0,0,0,-9999.0,0.625,1,P0_CV0,1,1,1,0,2
9,8.539752926394888,7.413552560728917,R9_F9_m4f5_P4_Y1_UO363,RD4_F8_m-1f-1_P8_Y-1_U16,RD5_F1_m-1f-1_P1_Y-1_U5,FXX,2,0.0,1,0,1.0,0,0,0,-9999.0,0.5,1,P0_CV0,1,1,1,1,1
9,8.539752926394888,7.413552560728917,Age0_F9_m9f8_P9_Y3_UO373,RD9_F8_m5f3_P5_Y1_UO386,RD8_F3_m7f2_P7_Y1_UO453,FXX,0,0.0,0,0,0.0,0,0,0,0.0,0.25,1,P1_CV0,1,0,2,1,1
9,8.539752926394888,7.413552560728917,Age0_F9_m9f8_P9_Y3_UO374,RD9_F8_m5f3_P5_Y1_UO386,RD8_F3_m7f2_P7_Y1_UO453,MXY,0,0.0,0,0,0.0,0,0,0,0.0,0.25,1,P1_CV0,1,0,2,1,1
9,8.539752926394888,7.413552560728917,R9_F9_m8f4_P8_Y2_UO390,RD8_F6_m2f7_P2_Y0_UO671,RD4_F8_m4f2_P4_Y0_UO158,MXY,1,0.0,1,1,0.0,0,0,0,-9999.0,0.75,1,P1_CV0,1,2,0,0,2
9,8.539752926394888,7.413552560728917,R9_F9_m4f6_P4_Y2_UO568,RD4_F8_m2f5_P2_Y0_UO299,RD6_F8_m-1f-1_P2_Y-1_U68,FXX,1,0.0,1,1,1.0,0,0,0,-9999.0,0.875,1,P1_CV0,1,2,0,1,1
9,8.539752926394888,7.413552560728917,R9_F9_m2f6_P2_Y2_UO220,RD2_F5_m3f5_P3_Y0_UO179,RD6_F8_m-1f-1_P2_Y-1_U68,FXX,1,0.0,1,1,1.0,0,0,0,-9999.0,0.75,1,P1_CV0,1,1,1,0,2
9,8.539752926394888,7.413552560728917,R9_F9_m3f9_P3_Y2_UO161,RD3_F4_m2f3_P2_Y0_UO128,RD9_F6_m4f3_P4_Y0_UO69,FXX,1,0.0,1,1,1.0,0,0,0,-9999.0,0.75,1,P1_CV0,1,2,0,1,1
9,8.539752926394888,7.413552560728917,R9_F9_m10f3_P10_Y2_UO575,RD10_F5_m1f5_P1_Y0_UO675,RD3_F7_m1f2_P1_Y0_UO457,FXX,1,0.0,1,1,1.0,0,0,0,-9999.0,0.375,1,P1_CV0,1,0,2,1,1
9,8.539752926394888,7.413552560728917,R9_F9_m8f4_P8_Y2_UO392,RD8_F6_m2f7_P2_Y0_UO671,RD4_F8_m4f2_P4_Y0_UO158,MXY,1,0.0,1,1,0.0,0,0,0,-9999.0,0.75,1,P1_CV0,1,1,1,0,2
9,8.539752926394888,7.413552560728917,R9_F9_m4f7_P4_Y2_UO715,RD4_F8_m4f2_P4_Y0_UO161,RD7_F8_m7f8_P7_Y0_UO351,FXX,1,0.0,1,1,1.0,0,0,0,-9999.0,0.625,1,P1_CV0,1,0,2,0,2
9,8.539752926394888,7.413552560728917,R9_F9_m6f2_P6_Y2_UO228,RD6_F10_m2f4_P2_Y0_UO573,RD2_F5_m3f2_P3_Y0_UO411,MXY,1,0.0,1,1,0.0,0,0,0,-9999.0,0.625,1,P1_CV0,1,1,1,2,0
9,8.539752926394888,7.413552560728917,R9_F9_m9f6_P9_Y1_UO154,RD9_F8_m-1f-1_P8_Y-1_U77,RD6_F2_m-1f-1_P2_Y-1_U58,MXY,2,0.0,1,0,0.0,0,0,0,-9999.0,0.75,1,P1_CV0,1,2,0,2,0
9,8.539752926394888,7.413552560728917,R9_F9_m2f9_P2_Y0_UO444,R2_F2_m-1f-1_P2_Y-1_U71,R9_F9_m-1f-1_P9_Y-1_U22,FXX,3,0.0,1,0,1.0,0,0,0,-9999.0,0.75,1,P1_CV0,1,2,0,1,1
9,8.539752926394888,7.413552560728917,R9_F9_m6f4_P6_Y2_UO384,RD6_F5_m6f3_P6_Y0_UO723,RD4_F6_m9f5_P9_Y0_UO216,FXX,1,0.0,1,1,1.0,0,0,0,-9999.0,0.375,1,P2_CV0,1,0,2,0,2
9,8.539752926394888,7.413552560728917,R9_F9_m6f4_P6_Y2_UO725,RD6_F8_m3f2_P3_Y0_UO439,RD4_F8_m7f5_P7_Y0_UO430,MXY,1,0.0,1,1,0.0,0,0,0,-9999.0,0.25,1,P2_CV0,1,0,2,2,0
9,8.539752926394888,7.413552560728917,R9_F9_m5f4_P5_Y2_UO623,RD5_F9_m4f3_P4_Y0_UO78,RD4_F5_m1f3_P1_Y0_UO493,MXY,1,0.0,1,1,0.0,0,0,0,-9999.0,0.5,1,P2_CV0,1,1,1,2,0
9,8.539752926394888,7.413552560728917,R9_F9_m3f5_P3_Y2_UO448,RD3_F5_m4f10_P4_Y0_UO109,RD5_F9_m5f3_P5_Y0_UO139,MXY,1,0.0,1,1,0.0,0,0,0,-9999.0,0.625,1,P2_CV0,1,0,2,1,1
9,8.539752926394888,7.413552560728917,R9_F9_m6f4_P6_Y2_UO724,RD6_F8_m3f2_P3_Y0_UO439,RD4_F8_m7f5_P7_Y0_UO430,MXY,1,0.0,1,1,0.0,0,0,0,-9999.0,0.25,1,P2_CV0,1,0,2,1,1
9,8.539752926394888,7.413552560728917,R9_F9_m4f2_P4_Y2_UO49,RD4_F8_m9f7_P9_Y0_UO23,RD2_F5_m1f3_P1_Y0_UO226,FXX,1,0.0,1,1,1.0,0,0,0,-9999.0,0.625,1,P2_CV0,1,1,1,1,1
9,8.539752926394888,7.413552560728917,R9_F9_m7f4_P7_Y1_UO129,RD7_F8_m-1f-1_P8_Y-1_U31,RD4_F3_m-1f-1_P3_Y-1_U91,MXY,2,0.0,1,0,0.0,0,0,0,-9999.0,0.75,1,P2_CV0,1,1,1,2,0
9,8.539752926394888,7.413552560728917,R9_F9_m10f1_P10_Y2_UO430,RD10_F2_m7f4_P7_Y0_UO415,RD1_F5_m1f9_P1_Y0_UO637,MXY,1,0.0,1,1,0.0,0,0,0,-9999.0,0.5,1,P3_CV0,1,1,1,2,0
9,8.539752926394888,7.413552560728917,R9_F9_m1f3_P1_Y2_UO280,RD1_F6_m9f4_P9_Y0_UO644,RD3_F8_m7f8_P7_Y0_UO353,FXX,1,0.0,1,1,1.0,0,0,0,-9999.0,0.375,1,P3_CV0,1,2,0,1,1
9,8.539752926394888,7.413552560728917,R9_F9_m5f7_P5_Y2_UO45,RD5_F7_m2f4_P2_Y0_UO571,RD7_F8_m4f8_P4_Y0_UO625,MXY,1,0.0,1,1,0.0,0,0,0,-9999.0,0.75,1,P3_CV0,1,2,0,2,0
9,8.539752926394888,7.413552560728917,R9_F9_m1f7_P1_Y2_UO720,RD1_F5_m4f7_P4_Y0_UO721,RD7_F8_m4f6_P4_Y0_UO653,MXY,1,0.0,1,1,0.0,0,0,0,-9999.0,0.75,1,P3_CV0,1,1,1,0,2
9,8.539752926394888,7.413552560728917,R9_F9_m1f10_P1_Y1_UO291,RD1_F4_m-1f-1_P4_Y-1_U16,RD10_F9_m-1f-1_P9_Y-1_U40,MXY,2,0.0,1,0,0.0,0,0,0,-9999.0,0.5,1,P3_CV0,1,1,1,2,0
9,8.539752926394888,7.413552560728917,R9_F9_m4f8_P4_Y0_UO31,R4_F4_m-1f-1_P4_Y-1_U65,R8_F8_m-1f-1_P8_Y-1_U79,MXY,3,0.0,1,0,0.0,0,0,0,-9999.0,0.75,1,P3_CV0,1,2,0,2,0
9,8.539752926394888,7.413552560728917,Age0_F9_m9f8_P9_Y3_UO369,RD9_F8_m5f3_P5_Y1_UO386,RD8_F3_m7f2_P7_Y1_UO453,MXY,0,0.0,0,0,0.0,0,0,0,0.0,0.25,1,P4_CV0,1,1,1,1,1
9,8.539752926394888,7.413552560728917,Age0_F9_m9f8_P9_Y3_UO370,RD9_F8_m5f3_P5_Y1_UO386,RD8_F3_m7f2_P7_Y1_UO453,FXX,0,0.0,0,0,0.0,0,0,0,0.0,0.25,1,P4_CV0,1,0,2,1,1
9,8.539752926394888,7.413552560728917,Age0_F9_m9f8_P9_Y3_UO371,RD9_F8_m5f3_P5_Y1_UO386,RD8_F3_m7f2_P7_Y1_UO453,MXY,0,0.0,0,0,0.0,0,0,0,0.0,0.25,1,P4_CV0,1,0,2,1,1
9,8.539752926394888,7.413552560728917,Age0_F9_m9f8_P9_Y3_UO372,RD9_F8_m5f3_P5_Y1_UO386,RD8_F3_m7f2_P7_Y1_UO453,MXY,0,0.0,0,0,0.0,0,0,0,0.0,0.25,1,P4_CV0,1,0,2,2,0
9,8.539752926394888,7.413552560728917,Age0_F9_m9f8_P9_Y3_UO375,RD9_F8_m5f3_P5_Y1_UO386,RD8_F3_m7f2_P7_Y1_UO453,FXX,0,0.0,0,0,0.0,0,0,0,0.0,0.25,1,P4_CV0,1,1,1,1,1
9,8.539752926394888,7.413552560728917,Age0_F9_m9f8_P9_Y3_UO376,RD9_F8_m5f3_P5_Y1_UO386,RD8_F3_m7f2_P7_Y1_UO453,FXX,0,0.0,0,0,0.0,0,0,0,0.0,0.25,1,P4_CV0,1,1,1,2,0
9,8.539752926394888,7.413552560728917,Age0_F9_m9f8_P9_Y3_UO377,RD9_F8_m5f3_P5_Y1_UO386,RD8_F3_m7f2_P7_Y1_UO453,FXX,0,0.0,0,0,0.0,0,0,0,0.0,0.25,1,P4_CV0,1,1,1,2,0
9,8.539752926394888,7.413552560728917,Age0_F9_m9f8_P9_Y3_UO378,RD9_F8_m5f3_P5_Y1_UO386,RD8_F3_m7f2_P7_Y1_UO453,MXY,0,0.0,0,0,0.0,0,0,0,0.0,0.25,1,P4_CV0,1,1,1,2,0
9,8.539752926394888,7.413552560728917,Age0_F9_m9f8_P9_Y3_UO379,RD9_F8_m5f3_P5_Y1_UO386,RD8_F3_m7f2_P7_Y1_UO453,FXX,0,0.0,0,0,0.0,0,0,0,0.0,0.25,1,P4_CV0,1,0,2,2,0
9,8.539752926394888,7.413552560728917,Age0_F9_m9f8_P9_Y3_UO380,RD9_F8_m5f3_P5_Y1_UO386,RD8_F3_m7f2_P7_Y1_UO453,FXX,0,0.0,0,0,0.0,0,0,0,0.0,0.25,1,P4_CV0,1,1,1,1,1
9,8.539752926394888,7.413552560728917,Age0_F9_m9f8_P9_Y3_UO381,RD9_F8_m5f3_P5_Y1_UO386,RD8_F3_m7f2_P7_Y1_UO453,MXY,0,0.0,0,0,0.0,0,0,0,0.0,0.25,1,P4_CV0,1,0,2,1,1
9,8.539752926394888,7.413552560728917,R9_F9_m1f2_P1_Y2_UO695,RD1_F4_m9f7_P9_Y0_UO25,RD2_F3_m5f1_P5_Y0_UO615,FXX,1,0.0,1,1,1.0,0,0,0,-9999.0,0.5,1,P4_CV0,1,0,2,2,0
9,8.539752926394888,7.413552560728917,R9_F9_m10f3_P10_Y2_UO576,RD10_F5_m1f5_P1_Y0_UO675,RD3_F7_m1f2_P1_Y0_UO457,FXX,1,0.0,1,1,1.0,0,0,0,-9999.0,0.375,1,P4_CV0,1,1,1,1,1
9,8.539752926394888,7.413552560728917,R9_F9_m10f7_P10_Y2_UO457,RD10_F8_m4f9_P4_Y0_UO655,RD7_F5_m3f5_P3_Y0_UO400,FXX,1,0.0,1,1,1.0,0,0,0,-9999.0,0.375,1,P4_CV0,1,1,1,2,0
9,8.539752926394888,7.413552560728917,R9_F9_m10f9_P10_Y2_UO527,RD10_F5_m1f5_P1_Y0_UO675,RD9_F3_m9f6_P9_Y0_UO709,MXY,1,0.0,1,1,0.0,0,0,0,-9999.0,0.5,1,P4_CV0,1,0,2,2,0
9,8.539752926394888,7.413552560728917,R9_F9_m5f7_P5_Y2_UO742,RD5_F3_m5f1_P5_Y0_UO683,RD7_F4_m6f5_P6_Y0_UO155,FXX,1,0.0,1,1,1.0,0,0,0,-9999.0,0.25,1,P4_CV0,1,0,2,1,1
9,8.539752926394888,7.413552560728917,Age0_F9_m9f2_P9_Y3_UO474,RD9_F8_m4f5_P4_Y1_UO363,RD2_F6_m4f8_P4_Y1_UO318,FXX,0,0.0,0,0,0.0,0,0,0,0.0,0.5,1,P5_CV0,1,1,1,1,1
9,8.539752926394888,7.413552560728917,Age0_F9_m9f2_P9_Y3_UO478,RD9_F8_m4f5_P4_Y1_UO363,RD2_F6_m4f8_P4_Y1_UO318,FXX,0,0.0,0,0,0.0,0,0,0,0.0,0.5,1,P5_CV0,1,1,1,0,2
9,8.539752926394888,7.413552560728917,Age0_F9_m9f2_P9_Y3_UO479,RD9_F8_m4f5_P4_Y1_UO363,RD2_F6_m4f8_P4_Y1_UO318,MXY,0,0.0,0,0,0.0,0,0,0,0.0,0.5,1,P5_CV0,1,2,0,0,2
9,8.539752926394888,7.413552560728917,Age0_F9_m9f2_P9_Y3_UO481,RD9_F8_m4f5_P4_Y1_UO363,RD2_F6_m4f8_P4_Y1_UO318,MXY,0,0.0,0,0,0.0,0,0,0,0.0,0.5,1,P5_CV0,1,1,1,1,1
9,8.539752926394888,7.413552560728917,Age0_F9_m9f2_P9_Y3_UO482,RD9_F8_m4f5_P4_Y1_UO363,RD2_F6_m4f8_P4_Y1_UO318,FXX,0,0.0,0,0,0.0,0,0,0,0.0,0.5,1,P5_CV0,1,1,1,0,2
9,8.539752926394888,7.413552560728917,Age0_F9_m9f2_P9_Y3_UO484,RD9_F8_m4f5_P4_Y1_UO363,RD2_F6_m4f8_P4_Y1_UO318,FXX,0,0.0,0,0,0.0,0,0,0,0.0,0.5,1,P5_CV0,1,1,1,0,2
9,8.539752926394888,7.413552560728917,Age0_F9_m9f2_P9_Y3_UO485,RD9_F8_m4f5_P4_Y1_UO363,RD2_F6_m4f8_P4_Y1_UO318,FXX,0,0.0,0,0,0.0,0,0,0,0.0,0.5,1,P5_CV0,1,1,1,1,1
9,8.539752926394888,7.413552560728917,Age0_F9_m9f2_P9_Y3_UO487,RD9_F8_m4f5_P4_Y1_UO363,RD2_F6_m4f8_P4_Y1_UO318,MXY,0,0.0,0,0,0.0,0,0,0,0.0,0.5,1,P5_CV0,1,1,1,1,1
9,8.539752926394888,7.413552560728917,Age0_F9_m9f2_P9_Y3_UO488,RD9_F8_m4f5_P4_Y1_UO363,RD2_F6_m4f8_P4_Y1_UO318,FXX,0,0.0,0,0,0.0,0,0,0,0.0,0.5,1,P5_CV0,1,2,0,1,1
9,8.539752926394888,7.413552560728917,R9_F9_m10f2_P10_Y2_UO541,RD10_F5_m6f7_P6_Y0_UO132,RD2_F3_m6f5_P6_Y0_UO348,FXX,1,0.0,1,1,1.0,0,0,0,-9999.0,0.375,1,P5_CV0,1,1,1,1,1
9,8.539752926394888,7.413552560728917,R9_F9_m2f10_P2_Y2_UO187,RD2_F8_m4f6_P4_Y0_UO650,RD10_F5_m3f1_P3_Y0_UO357,FXX,1,0.0,1,1,1.0,0,0,0,-9999.0,0.75,1,P5_CV0,1,2,0,1,1
9,8.539752926394888,7.413552560728917,R9_F9_m5f8_P5_Y2_UO193,RD5_F7_m2f6_P2_Y0_UO388,RD8_F7_m6f10_P6_Y0_UO124,FXX,1,0.0,1,1,1.0,0,0,0,-9999.0,0.5,1,P5_CV0,1,0,2,1,1
9,8.539752926394888,7.413552560728917,R9_F9_m6f3_P6_Y2_UO643,RD6_F5_m6f3_P6_Y0_UO723,RD3_F10_m6f2_P6_Y0_UO715,FXX,1,0.0,1,1,1.0,0,0,0,-9999.0,0.5,1,P5_CV0,1,0,2,1,1
9,8.539752926394888,7.413552560728917,R9_F9_m6f3_P6_Y2_UO642,RD6_F5_m6f3_P6_Y0_UO723,RD3_F10_m6f2_P6_Y0_UO715,FXX,1,0.0,1,1,1.0,0,0,0,-9999.0,0.5,1,P5_CV0,1,1,1,1,1
9,8.539752926394888,7.413552560728917,Age0_F9_m9f4_P9_Y3_UO280,RD9_F6_m3f7_P3_Y1_UO176,RD4_F9_m6f3_P6_Y1_UO185,FXX,0,0.0,0,0,0.0,0,0,0,0.0,0.375,1,P6_CV0,1,1,1,1,1
9,8.539752926394888,7.413552560728917,Age0_F9_m9f4_P9_Y3_UO281,RD9_F6_m3f7_P3_Y1_UO176,RD4_F9_m6f3_P6_Y1_UO185,MXY,0,0.0,0,0,0.0,0,0,0,0.0,0.375,1,P6_CV0,1,0,2,0,2
9,8.539752926394888,7.413552560728917,Age0_F9_m9f4_P9_Y3_UO283,RD9_F6_m3f7_P3_Y1_UO176,RD4_F9_m6f3_P6_Y1_UO185,FXX,0,0.0,0,0,0.0,0,0,0,0.0,0.375,1,P6_CV0,1,1,1,0,2
9,8.539752926394888,7.413552560728917,Age0_F9_m9f4_P9_Y3_UO285,RD9_F6_m3f7_P3_Y1_UO176,RD4_F9_m6f3_P6_Y1_UO185,FXX,0,0.0,0,0,0.0,0,0,0,0.0,0.375,1,P6_CV0,1,0,2,0,2
9,8.539752926394888,7.413552560728917,Age0_F9_m9f4_P9_Y3_UO287,RD9_F6_m3f7_P3_Y1_UO176,RD4_F9_m6f3_P6_Y1_UO185,FXX,0,0.0,0,0,0.0,0,0,0,0.0,0.375,1,P6_CV0,1,1,1,0,2
9,8.539752926394888,7.413552560728917,R9_F9_m7f3_P7_Y2_UO258,RD7_F4_m7f6_P7_Y0_UO661,RD3_F4_m7f4_P7_Y0_UO249,MXY,1,0.0,1,1,0.0,0,0,0,-9999.0,0.5,1,P6_CV0,1,1,1,1,1
9,8.539752926394888,7.413552560728917,R9_F9_m2f6_P2_Y2_UO686,RD2_F5_m8f1_P8_Y0_UO614,RD6_F8_m7f10_P7_Y0_UO468,MXY,1,0.0,1,1,0.0,0,0,0,-9999.0,0.625,1,P6_CV0,1,1,1,0,2
9,8.539752926394888,7.413552560728917,Age0_F9_m9f4_P9_Y3_UO282,RD9_F6_m3f7_P3_Y1_UO176,RD4_F9_m6f3_P6_Y1_UO185,FXX,0,0.0,0,0,0.0,0,0,0,0.0,0.375,1,P7_CV0,1,0,2,1,1
9,8.539752926394888,7.413552560728917,Age0_F9_m9f4_P9_Y3_UO284,RD9_F6_m3f7_P3_Y1_UO176,RD4_F9_m6f3_P6_Y1_UO185,MXY,0,0.0,0,0,0.0,0,0,0,0.0,0.375,1,P7_CV0,1,1,1,0,2
9,8.539752926394888,7.413552560728917,Age0_F9_m9f4_P9_Y3_UO286,RD9_F6_m3f7_P3_Y1_UO176,RD4_F9_m6f3_P6_Y1_UO185,FXX,0,0.0,0,0,0.0,0,0,0,0.0,0.375,1,P7_CV0,1,1,1,0,2
9,8.539752926394888,7.413552560728917,R9_F9_m3f7_P3_Y2_UO597,RD3_F5_m6f8_P6_Y0_UO142,RD7_F4_m6f10_P6_Y0_UO561,MXY,1,0.0,1,1,0.0,0,0,0,-9999.0,0.375,1,P7_CV0,1,0,2,1,1
9,8.539752926394888,7.413552560728917,R9_F9_m2f4_P2_Y2_UO694,RD2_F4_m8f2_P8_Y0_UO546,RD4_F7_m10f3_P10_Y0_UO188,FXX,1,0.0,1,1,1.0,0,0,0,-9999.0,0.375,1,P7_CV0,1,2,0,0,2
9,8.539752926394888,7.413552560728917,R9_F9_m8f4_P8_Y2_UO594,RD8_F4_m6f8_P6_Y0_UO153,RD4_F5_m4f2_P4_Y0_UO117,FXX,1,0.0,1,1,1.0,0,0,0,-9999.0,0.375,1,P7_CV0,1,0,2,1,1
9,8.539752926394888,7.413552560728917,R9_F9_m2f1_P2_Y2_UO634,RD2_F3_m1f5_P1_Y0_UO405,RD1_F4_m8f3_P8_Y0_UO206,MXY,1,0.0,1,1,0.0,0,0,0,-9999.0,0.5,1,P7_CV0,1,2,0,1,1
9,8.539752926394888,7.413552560728917,R9_F9_m3f7_P3_Y1_UO176,RD3_F10_m-1f-1_P10_Y-1_U97,RD7_F8_m-1f-1_P8_Y-1_U78,FXX,2,0.0,1,0,1.0,0,0,0,-9999.0,0.25,1,P7_CV0,1,1,1,1,1
9,8.539752926394888,7.413552560728917,R9_F9_m7f2_P7_Y1_UO193,RD7_F8_m-1f-1_P8_Y-1_U31,RD2_F6_m-1f-1_P6_Y-1_U52,MXY,2,0.0,1,0,0.0,0,0,0,-9999.0,1.0,1,P7_CV0,1,2,0,2,0
9,8.539752926394888,7.413552560728917,R9_F9_m9f5_P9_Y1_UO311,RD9_F8_m-1f-1_P8_Y-1_U97,RD5_F1_m-1f-1_P1_Y-1_U5,MXY,2,0.0,1,0,0.0,0,0,0,-9999.0,0.0,1,P7_CV0,1,0,2,1,1
9,8.539752926394888,7.413552560728917,R9_F9_m10f9_P10_Y2_UO528,RD10_F5_m1f5_P1_Y0_UO675,RD9_F3_m9f6_P9_Y0_UO709,FXX,1,0.0,1,1,1.0,0,0,0,-9999.0,0.5,1,P8_CV0,1,2,0,2,0
9,8.539752926394888,7.413552560728917,R9_F9_m1f10_P1_Y2_UO555,RD1_F5_m9f5_P9_Y0_UO372,RD10_F4_m6f4_P6_Y0_UO361,FXX,1,0.0,1,1,1.0,0,0,0,-9999.0,0.5,1,P8_CV0,1,0,2,0,2
9,8.539752926394888,7.413552560728917,R9_F9_m7f4_P7_Y1_UO218,RD7_F5_m-1f-1_P5_Y-1_U86,RD4_F9_m-1f-1_P9_Y-1_U42,MXY,2,0.0,1,0,0.0,0,0,0,-9999.0,0.25,1,P8_CV0,1,1,1,2,0
9,8.539752926394888,7.413552560728917,R9_F9_m6f3_P6_Y1_UO268,RD6_F2_m-1f-1_P2_Y-1_U8,RD3_F9_m-1f-1_P9_Y-1_U24,FXX,2,0.0,1,0,1.0,0,0,0,-9999.0,0.75,1,P8_CV0,1,2,0,2,0
9,8.539752926394888,7.413552560728917,Age0_F9_m9f2_P9_Y3_UO504,RD9_F8_m4f5_P4_Y1_UO363,RD2_F7_m1f6_P1_Y1_UO95,MXY,0,0.0,0,0,0.0,0,0,0,0.0,0.375,1,P9_CV0,1,1,1,1,1
9,8.539752926394888,7.413552560728917,Age0_F9_m9f2_P9_Y3_UO505,RD9_F8_m4f5_P4_Y1_UO363,RD2_F7_m1f6_P1_Y1_UO95,FXX,0,0.0,0,0,0.0,0,0,0,0.0,0.375,1,P9_CV0,1,2,0,2,0
9,8.539752926394888,7.413552560728917,Age0_F9_m9f2_P9_Y3_UO506,RD9_F8_m4f5_P4_Y1_UO363,RD2_F7_m1f6_P1_Y1_UO95,MXY,0,0.0,0,0,0.0,0,0,0,0.0,0.375,1,P9_CV0,1,2,0,1,1
9,8.539752926394888,7.413552560728917,Age0_F9_m9f2_P9_Y3_UO509,RD9_F8_m4f5_P4_Y1_UO363,RD2_F7_m1f6_P1_Y1_UO95,FXX,0,0.0,0,0,0.0,0,0,0,0.0,0.375,1,P9_CV0,1,1,1,2,0
9,8.539752926394888,7.413552560728917,Age0_F9_m9f2_P9_Y3_UO510,RD9_F8_m4f5_P4_Y1_UO363,RD2_F7_m1f6_P1_Y1_UO95,FXX,0,0.0,0,0,0.0,0,0,0,0.0,0.375,1,P9_CV0,1,0,2,2,0
9,8.539752926394888,7.413552560728917,Age0_F9_m9f2_P9_Y3_UO511,RD9_F8_m4f5_P4_Y1_UO363,RD2_F7_m1f6_P1_Y1_UO95,MXY,0,0.0,0,0,0.0,0,0,0,0.0,0.375,1,P9_CV0,1,0,2,0,2
9,8.539752926394888,7.413552560728917,R9_F9_m4f2_P4_Y2_UO469,RD4_F5_m7f4_P7_Y0_UO417,RD2_F5_m1f10_P1_Y0_UO222,FXX,1,0.0,1,1,1.0,0,0,0,-9999.0,0.625,1,P9_CV0,1,2,0,2,0
9,8.539752926394888,7.413552560728917,R9_F9_m2f6_P2_Y2_UO705,RD2_F5_m4f10_P4_Y0_UO632,RD6_F8_m-1f-1_P2_Y-1_U68,MXY,1,0.0,1,1,0.0,0,0,0,-9999.0,0.75,1,P9_CV0,1,1,1,0,2
9,8.539752926394888,7.413552560728917,R9_F9_m2f3_P2_Y2_UO732,RD2_F4_m8f2_P8_Y0_UO546,RD3_F8_m10f9_P10_Y0_UO562,MXY,1,0.0,1,1,0.0,0,0,0,-9999.0,0.5,1,P9_CV0,1,0,2,2,0
9,8.539752926394888,7.413552560728917,R9_F9_m6f2_P6_Y2_UO363,RD6_F5_m3f2_P3_Y0_UO409,RD2_F3_m10f5_P10_Y0_UO461,FXX,1,0.0,1,1,1.0,0,0,0,-9999.0,0.625,1,P9_CV0,1,1,1,1,1
9,8.539752926394888,7.413552560728917,R9_F9_m10f3_P10_Y1_UO240,RD10_F1_m-1f-1_P1_Y-1_U84,RD3_F10_m-1f-1_P10_Y-1_U62,FXX,2,0.0,1,0,1.0,0,0,0,-9999.0,0.75,1,P9_CV0,1,2,0,2,0
10,8.46561485357468,1.194682155135915,R10_F10_m2f10_P2_Y2_UO101,RD2_F3_m7f4_P7_Y0_UO307,RD10_F5_m3f1_P3_Y0_UO357,MXY,1,0.0,1,1,0.0,0,0,0,-9999.0,0.5,1,P0_CV0,1,1,1,1,1
10,8.46561485357468,1.194682155135915,R10_F10_m2f1_P2_Y2_UO633,RD2_F3_m1f5_P1_Y0_UO405,RD1_F4_m8f3_P8_Y0_UO206,MXY,1,0.0,1,1,0.0,0,0,0,-9999.0,0.5,1,P0_CV0,1,1,1,1,1
10,8.46561485357468,1.194682155135915,Age0_F10_m10f9_P10_Y3_UO38,RD10_F9_m7f2_P7_Y1_UO200,RD9_F5_m9f4_P9_Y1_UO331,MXY,0,0.0,0,0,0.0,0,0,0,0.0,0.875,1,P1_CV0,1,2,0,2,0
10,8.46561485357468,1.194682155135915,Age0_F10_m10f9_P10_Y3_UO39,RD10_F9_m7f2_P7_Y1_UO200,RD9_F5_m9f4_P9_Y1_UO331,MXY,0,0.0,0,0,0.0,0,0,0,0.0,0.875,1,P1_CV0,1,2,0,2,0
10,8.46561485357468,1.194682155135915,Age0_F10_m10f9_P10_Y3_UO40,RD10_F9_m7f2_P7_Y1_UO200,RD9_F5_m9f4_P9_Y1_UO331,FXX,0,0.0,0,0,0.0,0,0,0,0.0,0.875,1,P1_CV0,1,2,0,2,0
10,8.46561485357468,1.194682155135915,Age0_F10_m10f9_P10_Y3_UO41,RD10_F9_m7f2_P7_Y1_UO200,RD9_F5_m9f4_P9_Y1_UO331,FXX,0,0.0,0,0,0.0,0,0,0,0.0,0.875,1,P1_CV0,1,2,0,2,0
10,8.46561485357468,1.194682155135915,Age0_F10_m10f6_P10_Y3_UO237,RD10_F9_m7f2_P7_Y1_UO200,RD6_F3_m1f2_P1_Y0_UO457,MXY,0,0.0,0,0,0.0,0,0,0,0.0,0.625,1,P1_CV0,1,1,1,2,0
10,8.46561485357468,1.194682155135915,R10_F10_m7f5_P7_Y2_UO676,RD7_F5_m6f7_P6_Y0_UO135,RD5_F7_m2f9_P2_Y0_UO256,FXX,1,0.0,1,1,1.0,0,0,0,-9999.0,0.75,1,P1_CV0,1,1,1,1,1
10,8.46561485357468,1.194682155135915,R10_F10_m4f8_P4_Y2_UO544,RD4_F8_m2f5_P2_Y0_UO299,RD8_F9_m2f6_P2_Y0_UO392,MXY,1,0.0,1,1,0.0,0,0,0,-9999.0,0.625,1,P1_CV0,1,2,0,1,1
10,8.46561485357468,1.194682155135915,R10_F10_m7f8_P7_Y2_UO571,RD7_F4_m8f2_P8_Y0_UO548,RD8_F7_m6f10_P6_Y0_UO124,FXX,1,0.0,1,1,1.0,0,0,0,-9999.0,0.5,1,P1_CV0,1,0,2,1,1
10,8.46561485357468,1.194682155135915,R10_F10_m3f6_P3_Y2_UO616,RD3_F10_m9f5_P9_Y0_UO734,RD6_F8_m-1f-1_P2_Y-1_U68,FXX,1,0.0,1,1,1.0,0,0,0,-9999.0,0.875,1,P1_CV0,1,2,0,1,1
10,8.46561485357468,1.194682155135915,R10_F10_m2f4_P2_Y0_UO573,R2_F2_m-1f-1_P2_Y-1_U96,R4_F4_m-1f-1_P4_Y-1_U70,FXX,3,0.0,1,0,1.0,0,0,0,-9999.0,0.75,1,P1_CV0,1,2,0,2,0
10,8.46561485357468,1.194682155135915,R10_F10_m2f4_P2_Y0_UO575,R2_F2_m-1f-1_P2_Y-1_U96,R4_F4_m-1f-1_P4_Y-1_U70,MXY,3,0.0,1,0,0.0,0,0,0,-9999.0,0.75,1,P1_CV0,1,1,1,0,2
10,8.46561485357468,1.194682155135915,Age0_F10_m10f3_P10_Y3_UO347,RD10_F2_m3f7_P3_Y1_UO71,RD3_F7_m6f2_P6_Y1_UO204,FXX,0,0.0,0,0,0.0,0,0,0,0.0,0.25,1,P2_CV0,1,1,1,2,0
10,8.46561485357468,1.194682155135915,Age0_F10_m10f3_P10_Y3_UO348,RD10_F2_m3f7_P3_Y1_UO71,RD3_F7_m6f2_P6_Y1_UO204,FXX,0,0.0,0,0,0.0,0,0,0,0.0,0.25,1,P2_CV0,1,1,1,1,1
10,8.46561485357468,1.194682155135915,Age0_F10_m10f3_P10_Y3_UO349,RD10_F2_m3f7_P3_Y1_UO71,RD3_F7_m6f2_P6_Y1_UO204,FXX,0,0.0,0,0,0.0,0,0,0,0.0,0.25,1,P2_CV0,1,1,1,2,0
10,8.46561485357468,1.194682155135915,Age0_F10_m10f3_P10_Y3_UO350,RD10_F2_m3f7_P3_Y1_UO71,RD3_F7_m6f2_P6_Y1_UO204,MXY,0,0.0,0,0,0.0,0,0,0,0.0,0.25,1,P2_CV0,1,0,2,1,1
10,8.46561485357468,1.194682155135915,Age0_F10_m10f3_P10_Y3_UO351,RD10_F2_m3f7_P3_Y1_UO71,RD3_F7_m6f2_P6_Y1_UO204,MXY,0,0.0,0,0,0.0,0,0,0,0.0,0.25,1,P2_CV0,1,1,1,1,1
10,8.46561485357468,1.194682155135915,Age0_F10_m10f3_P10_Y3_UO352,RD10_F2_m3f7_P3_Y1_UO71,RD3_F7_m6f2_P6_Y1_UO204,FXX,0,0.0,0,0,0.0,0,0,0,0.0,0.25,1,P2_CV0,1,1,1,1,1
10,8.46561485357468,1.194682155135915,Age0_F10_m10f3_P10_Y3_UO353,RD10_F2_m3f7_P3_Y1_UO71,RD3_F7_m6f2_P6_Y1_UO204,MXY,0,0.0,0,0,0.0,0,0,0,0.0,0.25,1,P2_CV0,1,1,1,2,0
10,8.46561485357468,1.194682155135915,Age0_F10_m10f3_P10_Y3_UO354,RD10_F2_m3f7_P3_Y1_UO71,RD3_F7_m6f2_P6_Y1_UO204,FXX,0,0.0,0,0,0.0,0,0,0,0.0,0.25,1,P2_CV0,1,1,1,2,0
10,8.46561485357468,1.194682155135915,Age0_F10_m10f3_P10_Y3_UO355,RD10_F2_m3f7_P3_Y1_UO71,RD3_F7_m6f2_P6_Y1_UO204,FXX,0,0.0,0,0,0.0,0,0,0,0.0,0.25,1,P2_CV0,1,1,1,1,1
10,8.46561485357468,1.194682155135915,Age0_F10_m10f3_P10_Y3_UO356,RD10_F2_m3f7_P3_Y1_UO71,RD3_F7_m6f2_P6_Y1_UO204,MXY,0,0.0,0,0,0.0,0,0,0,0.0,0.25,1,P2_CV0,1,0,2,1,1
10,8.46561485357468,1.194682155135915,R10_F10_m3f2_P3_Y2_UO252,RD3_F6_m9f4_P9_Y0_UO645,RD2_F3_m9f3_P9_Y0_UO95,MXY,1,0.0,1,1,0.0,0,0,0,-9999.0,0.25,1,P2_CV0,1,0,2,1,1
10,8.46561485357468,1.194682155135915,Age0_F10_m10f3_P10_Y3_UO133,RD10_F4_m7f6_P7_Y1_UO471,RD3_F6_m7f8_P7_Y1_UO343,FXX,0,0.0,0,0,0.0,0,0,0,0.0,1.0,1,P3_CV0,1,2,0,0,2
10,8.46561485357468,1.194682155135915,Age0_F10_m10f3_P10_Y3_UO135,RD10_F4_m7f6_P7_Y1_UO471,RD3_F6_m7f8_P7_Y1_UO343,FXX,0,0.0,0,0,0.0,0,0,0,0.0,1.0,1,P3_CV0,1,2,0,0,2
10,8.46561485357468,1.194682155135915,Age0_F10_m10f3_P10_Y3_UO138,RD10_F4_m7f6_P7_Y1_UO471,RD3_F6_m7f8_P7_Y1_UO343,FXX,0,0.0,0,0,0.0,0,0,0,0.0,1.0,1,P3_CV0,1,2,0,1,1
10,8.46561485357468,1.194682155135915,Age0_F10_m10f3_P10_Y3_UO346,RD10_F2_m3f7_P3_Y1_UO71,RD3_F7_m6f2_P6_Y1_UO204,MXY,0,0.0,0,0,0.0,0,0,0,0.0,0.25,1,P3_CV0,1,0,2,1,1
10,8.46561485357468,1.194682155135915,Age0_F10_m10f3_P10_Y3_UO439,RD10_F9_m7f2_P7_Y1_UO200,RD3_F7_m6f2_P6_Y1_UO204,MXY,0,0.0,0,0,0.0,0,0,0,0.0,0.5,1,P3_CV0,1,1,1,2,0
10,8.46561485357468,1.194682155135915,Age0_F10_m10f3_P10_Y3_UO440,RD10_F9_m7f2_P7_Y1_UO200,RD3_F7_m6f2_P6_Y1_UO204,MXY,0,0.0,0,0,0.0,0,0,0,0.0,0.5,1,P3_CV0,1,1,1,1,1
10,8.46561485357468,1.194682155135915,Age0_F10_m10f3_P10_Y3_UO441,RD10_F9_m7f2_P7_Y1_UO200,RD3_F7_m6f2_P6_Y1_UO204,FXX,0,0.0,0,0,0.0,0,0,0,0.0,0.5,1,P3_CV0,1,1,1,1,1
10,8.46561485357468,1.194682155135915,R10_F10_m2f9_P2_Y2_UO428,RD2_F5_m4f10_P4_Y0_UO632,RD9_F6_m4f3_P4_Y0_UO69,FXX,1,0.0,1,1,1.0,0,0,0,-9999.0,0.5,1,P3_CV0,1,1,1,1,1
10,8.46561485357468,1.194682155135915,R10_F10_m1f3_P1_Y2_UO286,RD1_F6_m9f4_P9_Y0_UO644,RD3_F8_m7f8_P7_Y0_UO353,MXY,1,0.0,1,1,0.0,0,0,0,-9999.0,0.375,1,P3_CV0,1,0,2,0,2
10,8.46561485357468,1.194682155135915,R10_F10_m1f3_P1_Y2_UO475,RD1_F5_m4f7_P4_Y0_UO721,RD3_F5_m3f9_P3_Y0_UO524,FXX,1,0.0,1,1,1.0,0,0,0,-9999.0,0.375,1,P3_CV0,1,1,1,0,2
10,8.46561485357468,1.194682155135915,R10_F10_m1f7_P1_Y2_UO89,RD1_F8_m7f4_P7_Y0_UO176,RD7_F8_m7f1_P7_Y0_UO630,FXX,1,0.0,1,1,1.0,0,0,0,-9999.0,0.375,1,P3_CV0,1,1,1,1,1
10,8.46561485357468,1.194682155135915,R10_F10_m1f3_P1_Y2_UO283,RD1_F6_m9f4_P9_Y0_UO644,RD3_F8_m7f8_P7_Y0_UO353,FXX,1,0.0,1,1,1.0,0,0,0,-9999.0,0.375,1,P3_CV0,1,2,0,1,1
10,8.46561485357468,1.194682155135915,R10_F10_m1f3_P1_Y2_UO281,RD1_F6_m9f4_P9_Y0_UO644,RD3_F8_m7f8_P7_Y0_UO353,MXY,1,0.0,1,1,0.0,0,0,0,-9999.0,0.375,1,P3_CV0,1,1,1,1,1
10,8.46561485357468,1.194682155135915,R10_F10_m1f4_P1_Y2_UO310,RD1_F8_m7f4_P7_Y0_UO176,RD4_F5_m9f5_P9_Y0_UO213,MXY,1,0.0,1,1,0.0,0,0,0,-9999.0,0.375,1,P3_CV0,1,2,0,1,1
10,8.46561485357468,1.194682155135915,R10_F10_m1f7_P1_Y2_UO90,RD1_F8_m7f4_P7_Y0_UO176,RD7_F8_m7f1_P7_Y0_UO630,FXX,1,0.0,1,1,1.0,0,0,0,-9999.0,0.375,1,P3_CV0,1,2,0,2,0
10,8.46561485357468,1.194682155135915,R10_F10_m1f6_P1_Y2_UO174,RD1_F8_m7f4_P7_Y0_UO176,RD6_F4_m6f4_P6_Y0_UO360,FXX,1,0.0,1,1,1.0,0,0,0,-9999.0,0.5,1,P3_CV0,1,2,0,1,1
10,8.46561485357468,1.194682155135915,R10_F10_m1f4_P1_Y2_UO307,RD1_F8_m7f4_P7_Y0_UO176,RD4_F5_m9f5_P9_Y0_UO213,MXY,1,0.0,1,1,0.0,0,0,0,-9999.0,0.375,1,P3_CV0,1,2,0,0,2
10,8.46561485357468,1.194682155135915,Age0_F10_m10f9_P10_Y3_UO52,RD10_F3_m7f6_P7_Y1_UO105,RD9_F2_m9f5_P9_Y1_UO311,FXX,0,0.0,0,0,0.0,0,0,0,0.0,0.0,1,P4_CV0,1,0,2,1,1
10,8.46561485357468,1.194682155135915,Age0_F10_m10f9_P10_Y3_UO53,RD10_F3_m7f6_P7_Y1_UO105,RD9_F2_m9f5_P9_Y1_UO311,MXY,0,0.0,0,0,0.0,0,0,0,0.0,0.0,1,P4_CV0,1,0,2,2,0
10,8.46561485357468,1.194682155135915,Age0_F10_m10f9_P10_Y3_UO54,RD10_F3_m7f6_P7_Y1_UO105,RD9_F2_m9f5_P9_Y1_UO311,FXX,0,0.0,0,0,0.0,0,0,0,0.0,0.0,1,P4_CV0,1,0,2,2,0
10,8.46561485357468,1.194682155135915,Age0_F10_m10f9_P10_Y3_UO55,RD10_F3_m7f6_P7_Y1_UO105,RD9_F2_m9f5_P9_Y1_UO311,FXX,0,0.0,0,0,0.0,0,0,0,0.0,0.0,1,P4_CV0,1,0,2,1,1
10,8.46561485357468,1.194682155135915,Age0_F10_m10f9_P10_Y3_UO56,RD10_F3_m7f6_P7_Y1_UO105,RD9_F2_m9f5_P9_Y1_UO311,FXX,0,0.0,0,0,0.0,0,0,0,0.0,0.0,1,P4_CV0,1,0,2,2,0
10,8.46561485357468,1.194682155135915,Age0_F10_m10f9_P10_Y3_UO57,RD10_F3_m7f6_P7_Y1_UO105,RD9_F2_m9f5_P9_Y1_UO311,MXY,0,0.0,0,0,0.0,0,0,0,0.0,0.0,1,P4_CV0,1,0,2,1,1
10,8.46561485357468,1.194682155135915,Age0_F10_m10f3_P10_Y3_UO130,RD10_F4_m7f6_P7_Y1_UO471,RD3_F6_m7f8_P7_Y1_UO343,MXY,0,0.0,0,0,0.0,0,0,0,0.0,1.0,1,P4_CV0,1,2,0,0,2
10,8.46561485357468,1.194682155135915,Age0_F10_m10f3_P10_Y3_UO131,RD10_F4_m7f6_P7_Y1_UO471,RD3_F6_m7f8_P7_Y1_UO343,MXY,0,0.0,0,0,0.0,0,0,0,0.0,1.0,1,P4_CV0,1,2,0,1,1
10,8.46561485357468,1.194682155135915,Age0_F10_m10f3_P10_Y3_UO132,RD10_F4_m7f6_P7_Y1_UO471,RD3_F6_m7f8_P7_Y1_UO343,MXY,0,0.0,0,0,0.0,0,0,0,0.0,1.0,1,P4_CV0,1,2,0,0,2
10,8.46561485357468,1.194682155135915,Age0_F10_m10f3_P10_Y3_UO134,RD10_F4_m7f6_P7_Y1_UO471,RD3_F6_m7f8_P7_Y1_UO343,MXY,0,0.0,0,0,0.0,0,0,0,0.0,1.0,1,P4_CV0,1,2,0,0,2
10,8.46561485357468,1.194682155135915,Age0_F10_m10f3_P10_Y3_UO136,RD10_F4_m7f6_P7_Y1_UO471,RD3_F6_m7f8_P7_Y1_UO343,MXY,0,0.0,0,0,0.0,0,0,0,0.0,1.0,1,P4_CV0,1,2,0,1,1
10,8.46561485357468,1.194682155135915,Age0_F10_m10f3_P10_Y3_UO137,RD10_F4_m7f6_P7_Y1_UO471,RD3_F6_m7f8_P7_Y1_UO343,FXX,0,0.0,0,0,0.0,0,0,0,0.0,1.0,1,P4_CV0,1,2,0,1,1
10,8.46561485357468,1.194682155135915,Age0_F10_m10f1_P10_Y3_UO189,RD10_F3_m7f6_P7_Y1_UO105,RD1_F10_m1f10_P1_Y1_UO116,MXY,0,0.0,0,0,0.0,0,0,0,0.0,0.25,1,P4_CV0,1,0,2,2,0
10,8.46561485357468,1.194682155135915,Age0_F10_m10f1_P10_Y3_UO190,RD10_F3_m7f6_P7_Y1_UO105,RD1_F10_m1f10_P1_Y1_UO116,FXX,0,0.0,0,0,0.0,0,0,0,0.0,0.25,1,P4_CV0,1,0,2,2,0
10,8.46561485357468,1.194682155135915,Age0_F10_m10f1_P10_Y3_UO191,RD10_F3_m7f6_P7_Y1_UO105,RD1_F10_m1f10_P1_Y1_UO116,MXY,0,0.0,0,0,0.0,0,0,0,0.0,0.25,1,P4_CV0,1,0,2,2,0
10,8.46561485357468,1.194682155135915,Age0_F10_m10f1_P10_Y3_UO192,RD10_F3_m7f6_P7_Y1_UO105,RD1_F10_m1f10_P1_Y1_UO116,FXX,0,0.0,0,0,0.0,0,0,0,0.0,0.25,1,P4_CV0,1,0,2,2,0
10,8.46561485357468,1.194682155135915,Age0_F10_m10f1_P10_Y3_UO193,RD10_F3_m7f6_P7_Y1_UO105,RD1_F10_m1f10_P1_Y1_UO116,MXY,0,0.0,0,0,0.0,0,0,0,0.0,0.25,1,P4_CV0,1,0,2,2,0
10,8.46561485357468,1.194682155135915,Age0_F10_m10f1_P10_Y3_UO194,RD10_F3_m7f6_P7_Y1_UO105,RD1_F10_m1f10_P1_Y1_UO116,MXY,0,0.0,0,0,0.0,0,0,0,0.0,0.25,1,P4_CV0,1,0,2,1,1
10,8.46561485357468,1.194682155135915,Age0_F10_m10f1_P10_Y3_UO195,RD10_F3_m7f6_P7_Y1_UO105,RD1_F10_m1f10_P1_Y1_UO116,MXY,0,0.0,0,0,0.0,0,0,0,0.0,0.25,1,P4_CV0,1,0,2,2,0
10,8.46561485357468,1.194682155135915,Age0_F10_m10f1_P10_Y3_UO196,RD10_F3_m7f6_P7_Y1_UO105,RD1_F10_m1f10_P1_Y1_UO116,MXY,0,0.0,0,0,0.0,0,0,0,0.0,0.25,1,P4_CV0,1,0,2,2,0
10,8.46561485357468,1.194682155135915,Age0_F10_m10f1_P10_Y3_UO197,RD10_F3_m7f6_P7_Y1_UO105,RD1_F10_m1f10_P1_Y1_UO116,FXX,0,0.0,0,0,0.0,0,0,0,0.0,0.25,1,P4_CV0,1,0,2,2,0
10,8.46561485357468,1.194682155135915,Age0_F10_m10f1_P10_Y3_UO198,RD10_F3_m7f6_P7_Y1_UO105,RD1_F10_m1f10_P1_Y1_UO116,FXX,0,0.0,0,0,0.0,0,0,0,0.0,0.25,1,P4_CV0,1,0,2,2,0
10,8.46561485357468,1.194682155135915,Age0_F10_m10f6_P10_Y3_UO409,RD10_F3_m7f6_P7_Y1_UO105,RD6_F3_m9f5_P9_Y0_UO214,FXX,0,0.0,0,0,0.0,0,0,0,0.0,0.125,1,P4_CV0,1,1,1,2,0
10,8.46561485357468,1.194682155135915,Age0_F10_m10f6_P10_Y3_UO410,RD10_F3_m7f6_P7_Y1_UO105,RD6_F3_m9f5_P9_Y0_UO214,MXY,0,0.0,0,0,0.0,0,0,0,0.0,0.125,1,P4_CV0,1,0,2,2,0
10,8.46561485357468,1.194682155135915,Age0_F10_m10f6_P10_Y3_UO411,RD10_F3_m7f6_P7_Y1_UO105,RD6_F3_m9f5_P9_Y0_UO214,MXY,0,0.0,0,0,0.0,0,0,0,0.0,0.125,1,P4_CV0,1,1,1,2,0
10,8.46561485357468,1.194682155135915,Age0_F10_m10f6_P10_Y3_UO412,RD10_F3_m7f6_P7_Y1_UO105,RD6_F3_m9f5_P9_Y0_UO214,MXY,0,0.0,0,0,0.0,0,0,0,0.0,0.125,1,P4_CV0,1,0,2,2,0
10,8.46561485357468,1.194682155135915,Age0_F10_m10f6_P10_Y3_UO413,RD10_F3_m7f6_P7_Y1_UO105,RD6_F3_m9f5_P9_Y0_UO214,FXX,0,0.0,0,0,0.0,0,0,0,0.0,0.125,1,P4_CV0,1,0,2,1,1
10,8.46561485357468,1.194682155135915,Age0_F10_m10f6_P10_Y3_UO414,RD10_F3_m7f6_P7_Y1_UO105,RD6_F3_m9f5_P9_Y0_UO214,FXX,0,0.0,0,0,0.0,0,0,0,0.0,0.125,1,P4_CV0,1,1,1,2,0
10,8.46561485357468,1.194682155135915,Age0_F10_m10f6_P10_Y3_UO415,RD10_F3_m7f6_P7_Y1_UO105,RD6_F3_m9f5_P9_Y0_UO214,MXY,0,0.0,0,0,0.0,0,0,0,0.0,0.125,1,P4_CV0,1,0,2,2,0
10,8.46561485357468,1.194682155135915,Age0_F10_m10f6_P10_Y3_UO416,RD10_F3_m7f6_P7_Y1_UO105,RD6_F3_m9f5_P9_Y0_UO214,MXY,0,0.0,0,0,0.0,0,0,0,0.0,0.125,1,P4_CV0,1,0,2,1,1
10,8.46561485357468,1.194682155135915,Age0_F10_m10f6_P10_Y3_UO417,RD10_F3_m7f6_P7_Y1_UO105,RD6_F3_m9f5_P9_Y0_UO214,MXY,0,0.0,0,0,0.0,0,0,0,0.0,0.125,1,P4_CV0,1,1,1,1,1
10,8.46561485357468,1.194682155135915,Age0_F10_m10f6_P10_Y3_UO418,RD10_F3_m7f6_P7_Y1_UO105,RD6_F3_m9f5_P9_Y0_UO214,FXX,0,0.0,0,0,0.0,0,0,0,0.0,0.125,1,P4_CV0,1,0,2,2,0
10,8.46561485357468,1.194682155135915,Age0_F10_m10f6_P10_Y3_UO419,RD10_F3_m7f6_P7_Y1_UO105,RD6_F3_m9f5_P9_Y0_UO214,FXX,0,0.0,0,0,0.0,0,0,0,0.0,0.125,1,P4_CV0,1,1,1,1,1
10,8.46561485357468,1.194682155135915,Age0_F10_m10f6_P10_Y3_UO420,RD10_F3_m7f6_P7_Y1_UO105,RD6_F3_m9f5_P9_Y0_UO214,MXY,0,0.0,0,0,0.0,0,0,0,0.0,0.125,1,P4_CV0,1,1,1,1,1
10,8.46561485357468,1.194682155135915,R10_F10_m8f4_P8_Y2_UO53,RD8_F4_m1f5_P1_Y0_UO344,RD4_F8_m7f5_P7_Y0_UO430,FXX,1,0.0,1,1,1.0,0,0,0,-9999.0,0.5,1,P4_CV0,1,1,1,1,1
10,8.46561485357468,1.194682155135915,R10_F10_m4f3_P4_Y2_UO650,RD4_F8_m3f6_P3_Y0_UO433,RD3_F10_m5f3_P5_Y0_UO664,FXX,1,0.0,1,1,1.0,0,0,0,-9999.0,0.375,1,P4_CV0,1,1,1,2,0
10,8.46561485357468,1.194682155135915,Age0_F10_m10f9_P10_Y3_UO37,RD10_F9_m7f2_P7_Y1_UO200,RD9_F5_m9f4_P9_Y1_UO331,FXX,0,0.0,0,0,0.0,0,0,0,0.0,0.875,1,P5_CV0,1,2,0,2,0
10,8.46561485357468,1.194682155135915,Age0_F10_m10f6_P10_Y3_UO235,RD10_F9_m7f2_P7_Y1_UO200,RD6_F3_m1f2_P1_Y0_UO457,FXX,0,0.0,0,0,0.0,0,0,0,0.0,0.625,1,P5_CV0,1,1,1,1,1
10,8.46561485357468,1.194682155135915,Age0_F10_m10f6_P10_Y3_UO236,RD10_F9_m7f2_P7_Y1_UO200,RD6_F3_m1f2_P1_Y0_UO457,FXX,0,0.0,0,0,0.0,0,0,0,0.0,0.625,1,P5_CV0,1,1,1,1,1
10,8.46561485357468,1.194682155135915,Age0_F10_m10f3_P10_Y3_UO438,RD10_F9_m7f2_P7_Y1_UO200,RD3_F7_m6f2_P6_Y1_UO204,FXX,0,0.0,0,0,0.0,0,0,0,0.0,0.5,1,P5_CV0,1,1,1,1,1
10,8.46561485357468,1.194682155135915,Age0_F10_m10f3_P10_Y3_UO442,RD10_F9_m7f2_P7_Y1_UO200,RD3_F7_m6f2_P6_Y1_UO204,MXY,0,0.0,0,0,0.0,0,0,0,0.0,0.5,1,P5_CV0,1,1,1,1,1
10,8.46561485357468,1.194682155135915,R10_F10_m6f2_P6_Y2_UO758,RD6_F8_m2f3_P2_Y0_UO129,RD2_F8_m4f6_P4_Y0_UO651,MXY,1,0.0,1,1,0.0,0,0,0,-9999.0,1.0,1,P5_CV0,1,2,0,1,1
10,8.46561485357468,1.194682155135915,R10_F10_m9f2_P9_Y2_UO504,RD9_F6_m8f2_P8_Y0_UO549,RD2_F3_m6f5_P6_Y0_UO348,FXX,1,0.0,1,1,1.0,0,0,0,-9999.0,0.375,1,P5_CV0,1,1,1,1,1
10,8.46561485357468,1.194682155135915,R10_F10_m1f10_P1_Y2_UO406,RD1_F10_m1f2_P1_Y0_UO712,RD10_F8_m6f7_P6_Y0_UO136,MXY,1,0.0,1,1,0.0,0,0,0,-9999.0,0.375,1,P5_CV0,1,0,2,1,1
10,8.46561485357468,1.194682155135915,R10_F10_m2f10_P2_Y2_UO279,RD2_F4_m9f5_P9_Y0_UO739,RD10_F5_m2f6_P2_Y0_UO733,MXY,1,0.0,1,1,0.0,0,0,0,-9999.0,0.375,1,P5_CV0,1,1,1,0,2
10,8.46561485357468,1.194682155135915,R10_F10_m5f2_P5_Y2_UO254,RD5_F7_m2f4_P2_Y0_UO571,RD2_F4_m6f4_P6_Y0_UO29,FXX,1,0.0,1,1,1.0,0,0,0,-9999.0,0.5,1,P5_CV0,1,0,2,1,1
10,8.46561485357468,1.194682155135915,R10_F10_m7f8_P7_Y2_UO68,RD7_F9_m6f10_P6_Y0_UO394,RD8_F9_m2f6_P2_Y0_UO392,MXY,1,0.0,1,1,0.0,0,0,0,-9999.0,0.375,1,P5_CV0,1,2,0,2,0
10,8.46561485357468,1.194682155135915,R10_F10_m7f2_P7_Y1_UO200,RD7_F8_m-1f-1_P8_Y-1_U31,RD2_F6_m-1f-1_P6_Y-1_U52,FXX,2,0.0,1,0,1.0,0,0,0,-9999.0,1.0,1,P5_CV0,1,2,0,2,0
10,8.46561485357468,1.194682155135915,R10_F10_m9f3_P9_Y2_UO354,RD9_F8_m9f5_P9_Y0_UO4,RD3_F8_m7f8_P7_Y0_UO353,FXX,1,0.0,1,1,1.0,0,0,0,-9999.0,0.375,1,P6_CV0,1,1,1,0,2
10,8.46561485357468,1.194682155135915,R10_F10_m1f3_P1_Y2_UO241,RD1_F9_m5f1_P5_Y0_UO616,RD3_F8_m7f8_P7_Y0_UO353,FXX,1,0.0,1,1,1.0,0,0,0,-9999.0,0.5,1,P6_CV0,1,1,1,0,2
10,8.46561485357468,1.194682155135915,R10_F10_m2f6_P2_Y2_UO688,RD2_F5_m8f1_P8_Y0_UO614,RD6_F8_m7f10_P7_Y0_UO468,FXX,1,0.0,1,1,1.0,0,0,0,-9999.0,0.625,1,P6_CV0,1,0,2,0,2
10,8.46561485357468,1.194682155135915,R10_F10_m9f3_P9_Y2_UO351,RD9_F8_m9f5_P9_Y0_UO4,RD3_F8_m7f8_P7_Y0_UO353,FXX,1,0.0,1,1,1.0,0,0,0,-9999.0,0.375,1,P6_CV0,1,0,2,0,2
10,8.46561485357468,1.194682155135915,Age0_F10_m10f9_P10_Y3_UO58,RD10_F3_m7f6_P7_Y1_UO105,RD9_F2_m9f5_P9_Y1_UO311,MXY,0,0.0,0,0,0.0,0,0,0,0.0,0.0,1,P7_CV0,1,0,2,1,1
10,8.46561485357468,1.194682155135915,Age0_F10_m10f9_P10_Y3_UO59,RD10_F3_m7f6_P7_Y1_UO105,RD9_F2_m9f5_P9_Y1_UO311,FXX,0,0.0,0,0,0.0,0,0,0,0.0,0.0,1,P7_CV0,1,0,2,1,1
10,8.46561485357468,1.194682155135915,R10_F10_m2f6_P2_Y2_UO659,RD2_F5_m8f1_P8_Y0_UO614,RD6_F9_m1f3_P1_Y0_UO494,MXY,1,0.0,1,1,0.0,0,0,0,-9999.0,0.375,1,P7_CV0,1,1,1,0,2
10,8.46561485357468,1.194682155135915,R10_F10_m9f6_P9_Y2_UO482,RD9_F6_m8f2_P8_Y0_UO549,RD6_F1_m4f3_P4_Y0_UO71,FXX,1,0.0,1,1,1.0,0,0,0,-9999.0,0.5,1,P7_CV0,1,0,2,0,2
10,8.46561485357468,1.194682155135915,R10_F10_m1f2_P1_Y1_UO392,RD1_F10_m-1f-1_P10_Y-1_U87,RD2_F9_m-1f-1_P9_Y-1_U89,FXX,2,0.0,1,0,1.0,0,0,0,-9999.0,0.5,1,P8_CV0,1,1,1,1,1
10,8.46561485357468,1.194682155135915,R10_F10_m3f7_P3_Y1_UO175,RD3_F10_m-1f-1_P10_Y-1_U97,RD7_F8_m-1f-1_P8_Y-1_U78,MXY,2,0.0,1,0,0.0,0,0,0,-9999.0,0.25,1,P9_CV0,1,0,2,1,1
10,8.46561485357468,1.194682155135915,R10_F10_m4f10_P4_Y0_UO109,R4_F4_m-1f-1_P4_Y-1_U12,R10_F10_m-1f-1_P10_Y-1_U93,FXX,3,0.0,1,0,1.0,0,0,0,-9999.0,0.5,1,P9_CV0,1,1,1,1,1
