PatchID,XCOORD,YCOORD,ID,MID,FID,sex,age,size,mature,newmature,layeggs,capture,recapture,state,CDist,Hindex,Species,ClassFile,SubPatchID,L0A0,L0A1,L1A0,L1A1
1,4.359949021420038,0.38889347741837,RD1_F3_m3f2_P3_Y8_UO275,RD3_F5_m3f1_P3_Y6_UO52,RD2_F8_m4f8_P4_Y6_UO553,MXY,1,0.0,0,0,0.0,0,0,0,-9999.0,0.609375,1,P0_CV0,1,2,0,1,1
1,4.359949021420038,0.38889347741837,RD1_F5_m5f3_P5_Y8_UO689,RD5_F7_m4f8_P4_Y6_UO381,RD3_F5_m10f1_P10_Y6_UO572,MXY,1,0.0,0,0,0.0,0,0,0,-9999.0,0.46875,1,P0_CV0,1,0,2,1,1
1,4.359949021420038,0.38889347741837,RD1_F5_m5f3_P5_Y8_UO670,RD5_F3_m5f3_P5_Y6_UO47,RD3_F5_m10f1_P10_Y6_UO572,MXY,1,0.0,0,0,0.0,0,0,0,-9999.0,0.4375,1,P0_CV0,1,0,2,1,1
1,4.359949021420038,0.38889347741837,RD1_F10_m10f3_P10_Y8_UO292,RD10_F1_m5f3_P5_Y6_UO253,RD3_F5_m10f1_P10_Y6_UO572,FXX,1,0.0,0,0,0.0,0,0,0,-9999.0,0.421875,1,P0_CV0,1,0,2,1,1
1,4.359949021420038,0.38889347741837,RD1_F5_m5f3_P5_Y8_UO668,RD5_F3_m5f3_P5_Y6_UO47,RD3_F5_m10f1_P10_Y6_UO572,FXX,1,0.0,0,0,0.0,0,0,0,-9999.0,0.4375,1,P1_CV0,1,1,1,1,1
1,4.359949021420038,0.38889347741837,RD1_F5_m5f3_P5_Y8_UO666,RD5_F3_m5f3_P5_Y6_UO47,RD3_F5_m10f1_P10_Y6_UO572,FXX,1,0.0,0,0,0.0,0,0,0,-9999.0,0.4375,1,P1_CV0,1,1,1,1,1
1,4.359949021420038,0.38889347741837,RD1_F10_m10f3_P10_Y8_UO177,RD10_F9_m6f2_P6_Y6_UO669,RD3_F5_m4f7_P4_Y6_UO606,FXX,1,0.0,0,0,0.0,0,0,0,-9999.0,0.484375,1,P2_CV0,1,1,1,0,2
1,4.359949021420038,0.38889347741837,RD1_F10_m10f2_P10_Y8_UO726,RD10_F1_m3f2_P3_Y6_UO436,RD2_F6_m6f7_P6_Y3_UO429,MXY,1,0.0,0,0,0.0,0,0,0,-9999.0,0.390625,1,P2_CV0,1,1,1,0,2
1,4.359949021420038,0.38889347741837,RD1_F5_m5f3_P5_Y8_UO418,RD5_F3_m5f2_P5_Y6_UO508,RD3_F1_m5f9_P5_Y6_UO460,MXY,1,0.0,0,0,0.0,0,0,0,-9999.0,0.453125,1,P2_CV0,1,1,1,0,2
1,4.359949021420038,0.38889347741837,RD1_F10_m10f1_P10_Y8_UO296,RD10_F1_m10f3_P10_Y6_UO469,RD1_F10_m2f3_P2_Y6_UO254,MXY,1,0.0,0,0,0.0,0,0,0,-9999.0,0.484375,1,P2_CV0,1,1,1,2,0
1,4.359949021420038,0.38889347741837,RD1_F10_m10f1_P10_Y8_UO512,RD10_F1_m3f2_P3_Y6_UO436,RD1_F10_m1f5_P1_Y6_UO325,FXX,1,0.0,0,0,0.0,0,0,0,-9999.0,0.484375,1,P2_CV0,1,1,1,1,1
1,4.359949021420038,0.38889347741837,RD1_F10_m10f1_P10_Y8_UO509,RD10_F1_m3f2_P3_Y6_UO436,RD1_F10_m1f5_P1_Y6_UO325,FXX,1,0.0,0,0,0.0,0,0,0,-9999.0,0.484375,1,P2_CV0,1,0,2,1,1
1,4.359949021420038,0.38889347741837,RD1_F2_m2f6_P2_Y8_UO198,RD2_F9_m6f2_P6_Y6_UO671,RD6_F9_m6f3_P6_Y6_UO722,FXX,1,0.0,0,0,0.0,0,0,0,-9999.0,0.5,1,P2_CV0,1,0,2,2,0
1,4.359949021420038,0.38889347741837,RD1_F10_m10f1_P10_Y8_UO298,RD10_F1_m10f3_P10_Y6_UO469,RD1_F10_m2f3_P2_Y6_UO254,FXX,1,0.0,0,0,0.0,0,0,0,-9999.0,0.484375,1,P2_CV0,1,0,2,2,0
1,4.359949021420038,0.38889347741837,RD1_F10_m10f2_P10_Y8_UO725,RD10_F1_m3f2_P3_Y6_UO436,RD2_F6_m6f7_P6_Y3_UO429,FXX,1,0.0,0,0,0.0,0,0,0,-9999.0,0.390625,1,P2_CV0,1,1,1,0,2
1,4.359949021420038,0.38889347741837,RD1_F10_m10f5_P10_Y8_UO248,RD10_F9_m6f2_P6_Y6_UO669,RD5_F1_m10f9_P10_Y6_UO394,FXX,1,0.0,0,0,0.0,0,0,0,-9999.0,0.5,1,P2_CV0,1,1,1,1,1
1,4.359949021420038,0.38889347741837,RD1_F10_m10f1_P10_Y8_UO300,RD10_F1_m10f3_P10_Y6_UO469,RD1_F10_m2f3_P2_Y6_UO254,FXX,1,0.0,0,0,0.0,0,0,0,-9999.0,0.484375,1,P2_CV0,1,1,1,2,0
1,4.359949021420038,0.38889347741837,RD1_F10_m10f1_P10_Y8_UO26,RD10_F9_m6f2_P6_Y6_UO203,RD1_F10_m3f2_P3_Y6_UO438,MXY,1,0.0,0,0,0.0,0,0,0,-9999.0,0.546875,1,P2_CV0,1,1,1,1,1
1,4.359949021420038,0.38889347741837,RD1_F10_m10f9_P10_Y8_UO602,RD10_F9_m3f5_P3_Y6_UO544,RD9_F6_m6f2_P6_Y5_UO193,FXX,1,0.0,0,0,0.0,0,0,0,-9999.0,0.46875,1,P2_CV0,1,1,1,1,1
1,4.359949021420038,0.38889347741837,RD1_F5_m5f4_P5_Y8_UO410,RD5_F7_m8f7_P8_Y6_UO233,RD4_F8_m4f7_P4_Y6_UO121,FXX,1,0.0,0,0,0.0,0,0,0,-9999.0,0.40625,1,P2_CV0,1,1,1,2,0
1,4.359949021420038,0.38889347741837,RD1_F3_m6f2_P6_Y7_UO533,RD6_F9_m6f9_P6_Y5_UO27,RD2_F6_m9f2_P9_Y5_UO87,MXY,2,0.0,1,0,0.0,0,0,0,-9999.0,0.4375,1,P2_CV0,1,1,1,1,1
1,4.359949021420038,0.38889347741837,RD1_F5_m2f3_P2_Y7_UO310,RD2_F9_m6f9_P6_Y5_UO26,RD3_F5_m3f5_P3_Y5_UO56,MXY,2,0.0,1,0,0.0,0,0,0,-9999.0,0.5,1,P2_CV0,1,1,1,2,0
1,4.359949021420038,0.38889347741837,RD1_F10_m1f5_P1_Y7_UO97,RD1_F2_m9f3_P9_Y5_UO305,RD5_F9_m2f9_P2_Y5_UO192,FXX,2,0.0,1,0,1.0,0,0,0,-9999.0,0.5,1,P2_CV0,1,1,1,2,0
1,4.359949021420038,0.38889347741837,RD1_F5_m3f9_P3_Y7_UO51,RD3_F2_m6f2_P6_Y5_UO132,RD9_F6_m10f1_P10_Y4_UO771,FXX,2,0.0,1,0,1.0,0,0,0,-9999.0,0.5625,1,P2_CV0,1,1,1,1,1
1,4.359949021420038,0.38889347741837,RD1_F5_m3f9_P3_Y7_UO38,RD3_F2_m6f2_P6_Y5_UO132,RD9_F6_m10f1_P10_Y4_UO771,MXY,2,0.0,1,0,0.0,0,0,0,-9999.0,0.5625,1,P2_CV0,1,1,1,2,0
1,4.359949021420038,0.38889347741837,RD1_F5_m3f5_P3_Y7_UO499,RD3_F2_m6f2_P6_Y5_UO132,RD5_F1_m1f5_P1_Y4_UO81,MXY,2,0.0,1,0,0.0,0,0,0,-9999.0,0.4375,1,P2_CV0,1,1,1,1,1
1,4.359949021420038,0.38889347741837,RD1_F10_m1f3_P1_Y7_UO257,RD1_F10_m1f10_P1_Y5_UO217,RD3_F9_m1f3_P1_Y4_UO710,MXY,2,0.0,1,0,0.0,0,0,0,-9999.0,0.46875,1,P2_CV0,1,0,2,2,0
1,4.359949021420038,0.38889347741837,RD1_F10_m10f1_P10_Y6_UO422,RD10_F1_m10f3_P10_Y4_UO468,RD1_F5_m2f3_P2_Y4_UO454,MXY,3,0.0,1,0,0.0,0,0,0,-9999.0,0.53125,1,P2_CV0,1,1,1,2,0
1,4.359949021420038,0.38889347741837,RD1_F10_m10f2_P10_Y8_UO456,RD10_F3_m5f3_P5_Y6_UO91,RD2_F9_m6f2_P6_Y6_UO380,FXX,1,0.0,0,0,0.0,0,0,0,-9999.0,0.4375,1,P3_CV0,1,1,1,1,1
1,4.359949021420038,0.38889347741837,RD1_F10_m10f9_P10_Y8_UO103,RD10_F1_m10f1_P10_Y6_UO168,RD9_F2_m5f3_P5_Y6_UO447,MXY,1,0.0,0,0,0.0,0,0,0,-9999.0,0.515625,1,P3_CV0,1,1,1,1,1
1,4.359949021420038,0.38889347741837,RD1_F10_m10f9_P10_Y8_UO105,RD10_F1_m10f1_P10_Y6_UO168,RD9_F2_m5f3_P5_Y6_UO447,FXX,1,0.0,0,0,0.0,0,0,0,-9999.0,0.515625,1,P3_CV0,1,1,1,0,2
1,4.359949021420038,0.38889347741837,RD1_F5_m5f2_P5_Y8_UO323,RD5_F3_m2f3_P2_Y6_UO354,RD2_F5_m3f2_P3_Y4_UO542,FXX,1,0.0,0,0,0.0,0,0,0,-9999.0,0.390625,1,P3_CV0,1,1,1,1,1
1,4.359949021420038,0.38889347741837,RD1_F10_m10f9_P10_Y8_UO104,RD10_F1_m10f1_P10_Y6_UO168,RD9_F2_m5f3_P5_Y6_UO447,FXX,1,0.0,0,0,0.0,0,0,0,-9999.0,0.515625,1,P3_CV0,1,1,1,1,1
1,4.359949021420038,0.38889347741837,RD1_F10_m10f9_P10_Y8_UO106,RD10_F1_m10f1_P10_Y6_UO168,RD9_F2_m5f3_P5_Y6_UO447,MXY,1,0.0,0,0,0.0,0,0,0,-9999.0,0.515625,1,P3_CV0,1,1,1,1,1
1,4.359949021420038,0.38889347741837,RD1_F10_m2f6_P2_Y7_UO220,RD2_F9_m2f3_P2_Y5_UO380,RD6_F9_m6f2_P6_Y5_UO218,MXY,2,0.0,1,0,0.0,0,0,0,-9999.0,0.375,1,P3_CV0,1,1,1,1,1
1,4.359949021420038,0.38889347741837,RD1_F5_m3f5_P3_Y7_UO190,RD3_F2_m6f2_P6_Y5_UO132,RD5_F3_m3f2_P3_Y4_UO542,FXX,2,0.0,1,0,1.0,0,0,0,-9999.0,0.4375,1,P3_CV0,1,0,2,2,0
1,4.359949021420038,0.38889347741837,RD1_F5_m5f3_P5_Y8_UO155,RD5_F3_m5f2_P5_Y6_UO510,RD3_F2_m6f2_P6_Y6_UO503,FXX,1,0.0,0,0,0.0,0,0,0,-9999.0,0.40625,1,P4_CV0,1,0,2,2,0
1,4.359949021420038,0.38889347741837,RD1_F10_m10f1_P10_Y8_UO299,RD10_F1_m10f3_P10_Y6_UO469,RD1_F10_m2f3_P2_Y6_UO254,MXY,1,0.0,0,0,0.0,0,0,0,-9999.0,0.484375,1,P4_CV0,1,1,1,2,0
1,4.359949021420038,0.38889347741837,RD1_F5_m5f3_P5_Y8_UO156,RD5_F3_m5f2_P5_Y6_UO510,RD3_F2_m6f2_P6_Y6_UO503,MXY,1,0.0,0,0,0.0,0,0,0,-9999.0,0.40625,1,P4_CV0,1,2,0,2,0
1,4.359949021420038,0.38889347741837,RD1_F10_m10f1_P10_Y8_UO490,RD10_F1_m5f3_P5_Y6_UO251,RD1_F10_m5f3_P5_Y6_UO596,MXY,1,0.0,0,0,0.0,0,0,0,-9999.0,0.4375,1,P4_CV0,1,1,1,0,2
1,4.359949021420038,0.38889347741837,RD1_F10_m10f1_P10_Y8_UO488,RD10_F1_m5f3_P5_Y6_UO251,RD1_F10_m5f3_P5_Y6_UO596,FXX,1,0.0,0,0,0.0,0,0,0,-9999.0,0.4375,1,P4_CV0,1,1,1,0,2
1,4.359949021420038,0.38889347741837,RD1_F9_m9f2_P9_Y8_UO165,RD9_F6_m2f4_P2_Y6_UO579,RD2_F3_m5f3_P5_Y6_UO140,MXY,1,0.0,0,0,0.0,0,0,0,-9999.0,0.5,1,P4_CV0,1,1,1,0,2
1,4.359949021420038,0.38889347741837,RD1_F10_m10f1_P10_Y8_UO489,RD10_F1_m5f3_P5_Y6_UO251,RD1_F10_m5f3_P5_Y6_UO596,MXY,1,0.0,0,0,0.0,0,0,0,-9999.0,0.4375,1,P4_CV0,1,1,1,0,2
1,4.359949021420038,0.38889347741837,RD1_F10_m10f1_P10_Y8_UO487,RD10_F1_m5f3_P5_Y6_UO251,RD1_F10_m5f3_P5_Y6_UO596,MXY,1,0.0,0,0,0.0,0,0,0,-9999.0,0.4375,1,P4_CV0,1,1,1,0,2
1,4.359949021420038,0.38889347741837,RD1_F10_m10f1_P10_Y8_UO294,RD10_F1_m10f3_P10_Y6_UO469,RD1_F10_m2f3_P2_Y6_UO254,MXY,1,0.0,0,0,0.0,0,0,0,-9999.0,0.484375,1,P4_CV0,1,1,1,2,0
1,4.359949021420038,0.38889347741837,RD1_F5_m5f7_P5_Y8_UO640,RD5_F3_m5f2_P5_Y6_UO508,RD7_F4_m8f7_P8_Y6_UO559,FXX,1,0.0,0,0,0.0,0,0,0,-9999.0,0.375,1,P4_CV0,1,2,0,1,1
1,4.359949021420038,0.38889347741837,RD1_F10_m10f1_P10_Y8_UO295,RD10_F1_m10f3_P10_Y6_UO469,RD1_F10_m2f3_P2_Y6_UO254,MXY,1,0.0,0,0,0.0,0,0,0,-9999.0,0.484375,1,P4_CV0,1,2,0,2,0
1,4.359949021420038,0.38889347741837,RD1_F10_m10f1_P10_Y8_UO492,RD10_F1_m8f7_P8_Y6_UO223,RD1_F10_m5f3_P5_Y6_UO596,FXX,1,0.0,0,0,0.0,0,0,0,-9999.0,0.4375,1,P4_CV0,1,2,0,1,1
1,4.359949021420038,0.38889347741837,RD1_F5_m5f3_P5_Y8_UO417,RD5_F3_m5f2_P5_Y6_UO508,RD3_F1_m5f9_P5_Y6_UO460,MXY,1,0.0,0,0,0.0,0,0,0,-9999.0,0.453125,1,P4_CV0,1,1,1,1,1
1,4.359949021420038,0.38889347741837,RD1_F10_m5f3_P5_Y6_UO716,RD5_F3_m5f3_P5_Y4_UO167,RD3_F7_m4f7_P4_Y4_UO570,FXX,3,0.0,1,0,1.0,0,0,0,-9999.0,0.34375,1,P4_CV0,1,1,1,1,1
1,4.359949021420038,0.38889347741837,RD1_F10_m10f1_P10_Y8_UO558,RD10_F1_m3f5_P3_Y6_UO487,RD1_F10_m1f5_P1_Y6_UO280,FXX,1,0.0,0,0,0.0,0,0,0,-9999.0,0.53125,1,P5_CV0,1,2,0,1,1
1,4.359949021420038,0.38889347741837,RD1_F3_m3f5_P3_Y8_UO272,RD3_F5_m3f2_P3_Y6_UO689,RD5_F3_m6f2_P6_Y6_UO206,FXX,1,0.0,0,0,0.0,0,0,0,-9999.0,0.5625,1,P5_CV0,1,2,0,0,2
1,4.359949021420038,0.38889347741837,RD1_F5_m5f3_P5_Y8_UO619,RD5_F3_m5f2_P5_Y6_UO508,RD3_F2_m6f2_P6_Y6_UO375,MXY,1,0.0,0,0,0.0,0,0,0,-9999.0,0.421875,1,P5_CV0,1,1,1,1,1
1,4.359949021420038,0.38889347741837,RD1_F10_m10f1_P10_Y8_UO392,RD10_F1_m5f4_P5_Y6_UO685,RD1_F10_m1f5_P1_Y6_UO325,MXY,1,0.0,0,0,0.0,0,0,0,-9999.0,0.40625,1,P5_CV0,1,1,1,1,1
1,4.359949021420038,0.38889347741837,RD1_F10_m10f1_P10_Y8_UO133,RD10_F1_m5f4_P5_Y6_UO685,RD1_F10_m1f5_P1_Y6_UO325,FXX,1,0.0,0,0,0.0,0,0,0,-9999.0,0.40625,1,P5_CV0,1,1,1,1,1
1,4.359949021420038,0.38889347741837,RD1_F10_m10f1_P10_Y8_UO511,RD10_F1_m3f2_P3_Y6_UO436,RD1_F10_m1f5_P1_Y6_UO325,MXY,1,0.0,0,0,0.0,0,0,0,-9999.0,0.484375,1,P5_CV0,1,1,1,1,1
1,4.359949021420038,0.38889347741837,RD1_F10_m10f1_P10_Y8_UO510,RD10_F1_m3f2_P3_Y6_UO436,RD1_F10_m1f5_P1_Y6_UO325,FXX,1,0.0,0,0,0.0,0,0,0,-9999.0,0.484375,1,P5_CV0,1,1,1,1,1
1,4.359949021420038,0.38889347741837,RD1_F10_m10f1_P10_Y8_UO24,RD10_F1_m10f5_P10_Y6_UO322,RD1_F10_m1f5_P1_Y6_UO280,MXY,1,0.0,0,0,0.0,0,0,0,-9999.0,0.53125,1,P5_CV0,1,1,1,1,1
1,4.359949021420038,0.38889347741837,RD1_F9_m6f2_P6_Y7_UO29,RD6_F9_m6f3_P6_Y5_UO319,RD2_F6_m9f3_P9_Y5_UO304,MXY,2,0.0,1,0,0.0,0,0,0,-9999.0,0.46875,1,P5_CV0,1,1,1,0,2
1,4.359949021420038,0.38889347741837,RD1_F10_m1f3_P1_Y7_UO251,RD1_F10_m1f10_P1_Y5_UO217,RD3_F9_m1f3_P1_Y4_UO710,MXY,2,0.0,1,0,0.0,0,0,0,-9999.0,0.46875,1,P5_CV0,1,1,1,1,1
1,4.359949021420038,0.38889347741837,RD1_F10_m6f2_P6_Y6_UO203,RD6_F9_m6f2_P6_Y4_UO389,RD2_F8_m4f7_P4_Y4_UO162,FXX,3,0.0,1,0,1.0,0,0,0,-9999.0,0.5625,1,P5_CV0,1,2,0,1,1
1,4.359949021420038,0.38889347741837,RD1_F10_m10f5_P10_Y8_UO282,RD10_F1_m5f3_P5_Y6_UO594,RD5_F1_m10f9_P10_Y6_UO394,FXX,1,0.0,0,0,0.0,0,0,0,-9999.0,0.5,1,P6_CV0,1,1,1,2,0
1,4.359949021420038,0.38889347741837,RD1_F10_m10f5_P10_Y8_UO251,RD10_F9_m6f2_P6_Y6_UO669,RD5_F1_m10f9_P10_Y6_UO394,MXY,1,0.0,0,0,0.0,0,0,0,-9999.0,0.5,1,P6_CV0,1,1,1,1,1
1,4.359949021420038,0.38889347741837,RD1_F10_m10f5_P10_Y8_UO284,RD10_F1_m5f3_P5_Y6_UO594,RD5_F1_m10f9_P10_Y6_UO394,MXY,1,0.0,0,0,0.0,0,0,0,-9999.0,0.5,1,P6_CV0,1,1,1,2,0
1,4.359949021420038,0.38889347741837,RD1_F10_m10f1_P10_Y8_UO581,RD10_F1_m5f3_P5_Y6_UO251,RD1_F10_m1f5_P1_Y6_UO281,MXY,1,0.0,0,0,0.0,0,0,0,-9999.0,0.515625,1,P6_CV0,1,0,2,1,1
1,4.359949021420038,0.38889347741837,RD1_F10_m1f5_P1_Y7_UO95,RD1_F2_m9f3_P9_Y5_UO305,RD5_F9_m2f9_P2_Y5_UO192,FXX,2,0.0,1,0,1.0,0,0,0,-9999.0,0.5,1,P6_CV0,1,1,1,2,0
1,4.359949021420038,0.38889347741837,RD1_F5_m7f4_P7_Y7_UO438,RD7_F8_m4f7_P4_Y5_UO233,RD4_F8_m4f3_P4_Y5_UO350,MXY,2,0.0,1,0,0.0,0,0,0,-9999.0,0.34375,1,P6_CV0,1,0,2,1,1
1,4.359949021420038,0.38889347741837,RD1_F10_m10f1_P10_Y8_UO582,RD10_F1_m5f3_P5_Y6_UO251,RD1_F10_m1f5_P1_Y6_UO281,FXX,1,0.0,0,0,0.0,0,0,0,-9999.0,0.515625,1,P7_CV0,1,1,1,1,1
1,4.359949021420038,0.38889347741837,RD1_F10_m10f2_P10_Y8_UO727,RD10_F1_m3f2_P3_Y6_UO436,RD2_F6_m6f7_P6_Y3_UO429,FXX,1,0.0,0,0,0.0,0,0,0,-9999.0,0.390625,1,P7_CV0,1,1,1,0,2
1,4.359949021420038,0.38889347741837,RD1_F10_m10f1_P10_Y8_UO649,RD10_F1_m5f3_P5_Y6_UO757,RD1_F5_m1f10_P1_Y6_UO305,MXY,1,0.0,0,0,0.0,0,0,0,-9999.0,0.46875,1,P7_CV0,1,2,0,1,1
1,4.359949021420038,0.38889347741837,RD1_F10_m10f9_P10_Y8_UO227,RD10_F3_m7f4_P7_Y6_UO340,RD9_F6_m6f2_P6_Y5_UO193,MXY,1,0.0,0,0,0.0,0,0,0,-9999.0,0.421875,1,P7_CV0,1,1,1,2,0
1,4.359949021420038,0.38889347741837,RD1_F10_m10f1_P10_Y8_UO394,RD10_F1_m10f3_P10_Y6_UO469,RD1_F5_m1f10_P1_Y6_UO305,FXX,1,0.0,0,0,0.0,0,0,0,-9999.0,0.53125,1,P7_CV0,1,1,1,2,0
1,4.359949021420038,0.38889347741837,RD1_F10_m10f1_P10_Y8_UO580,RD10_F1_m5f3_P5_Y6_UO251,RD1_F10_m1f5_P1_Y6_UO281,MXY,1,0.0,0,0,0.0,0,0,0,-9999.0,0.515625,1,P7_CV0,1,0,2,1,1
1,4.359949021420038,0.38889347741837,RD1_F5_m5f9_P5_Y8_UO115,RD5_F3_m5f3_P5_Y6_UO106,RD9_F6_m6f2_P6_Y5_UO193,MXY,1,0.0,0,0,0.0,0,0,0,-9999.0,0.375,1,P7_CV0,1,1,1,1,1
1,4.359949021420038,0.38889347741837,RD1_F10_m10f1_P10_Y8_UO43,RD10_F1_m3f5_P3_Y6_UO487,RD1_F5_m7f4_P7_Y6_UO621,FXX,1,0.0,0,0,0.0,0,0,0,-9999.0,0.4375,1,P7_CV0,1,1,1,0,2
1,4.359949021420038,0.38889347741837,RD1_F10_m10f1_P10_Y8_UO396,RD10_F1_m10f3_P10_Y6_UO469,RD1_F5_m1f10_P1_Y6_UO305,MXY,1,0.0,0,0,0.0,0,0,0,-9999.0,0.53125,1,P7_CV0,1,2,0,2,0
1,4.359949021420038,0.38889347741837,RD1_F10_m10f9_P10_Y8_UO601,RD10_F9_m3f5_P3_Y6_UO544,RD9_F6_m6f2_P6_Y5_UO193,MXY,1,0.0,0,0,0.0,0,0,0,-9999.0,0.46875,1,P7_CV0,1,1,1,2,0
1,4.359949021420038,0.38889347741837,RD1_F10_m10f1_P10_Y8_UO135,RD10_F1_m5f4_P5_Y6_UO685,RD1_F10_m1f5_P1_Y6_UO325,FXX,1,0.0,0,0,0.0,0,0,0,-9999.0,0.40625,1,P7_CV0,1,1,1,1,1
1,4.359949021420038,0.38889347741837,RD1_F5_m5f4_P5_Y8_UO408,RD5_F7_m8f7_P8_Y6_UO233,RD4_F8_m4f7_P4_Y6_UO121,FXX,1,0.0,0,0,0.0,0,0,0,-9999.0,0.40625,1,P7_CV0,1,0,2,1,1
1,4.359949021420038,0.38889347741837,RD1_F10_m10f9_P10_Y8_UO603,RD10_F9_m3f5_P3_Y6_UO544,RD9_F6_m6f2_P6_Y5_UO193,MXY,1,0.0,0,0,0.0,0,0,0,-9999.0,0.46875,1,P7_CV0,1,1,1,1,1
1,4.359949021420038,0.38889347741837,RD1_F5_m2f6_P2_Y7_UO478,RD2_F3_m2f6_P2_Y5_UO182,RD6_F2_m9f2_P9_Y5_UO293,MXY,2,0.0,1,0,0.0,0,0,0,-9999.0,0.15625,1,P7_CV0,1,0,2,2,0
1,4.359949021420038,0.38889347741837,RD1_F9_m2f6_P2_Y7_UO479,RD2_F3_m2f6_P2_Y5_UO182,RD6_F2_m9f2_P9_Y5_UO293,FXX,2,0.0,1,0,1.0,0,0,0,-9999.0,0.15625,1,P7_CV0,1,0,2,1,1
1,4.359949021420038,0.38889347741837,RD1_F10_m10f1_P10_Y8_UO465,RD10_F1_m10f2_P10_Y6_UO293,RD1_F10_m1f10_P1_Y6_UO306,FXX,1,0.0,0,0,0.0,0,0,0,-9999.0,0.53125,1,P8_CV0,1,1,1,1,1
1,4.359949021420038,0.38889347741837,RD1_F5_m5f3_P5_Y8_UO12,RD5_F7_m4f8_P4_Y6_UO381,RD3_F2_m6f2_P6_Y6_UO375,FXX,1,0.0,0,0,0.0,0,0,0,-9999.0,0.484375,1,P8_CV0,1,1,1,2,0
1,4.359949021420038,0.38889347741837,RD1_F10_m10f5_P10_Y8_UO283,RD10_F1_m5f3_P5_Y6_UO594,RD5_F1_m10f9_P10_Y6_UO394,MXY,1,0.0,0,0,0.0,0,0,0,-9999.0,0.5,1,P8_CV0,1,1,1,1,1
1,4.359949021420038,0.38889347741837,RD1_F10_m10f1_P10_Y8_UO464,RD10_F1_m10f2_P10_Y6_UO293,RD1_F10_m1f10_P1_Y6_UO306,FXX,1,0.0,0,0,0.0,0,0,0,-9999.0,0.53125,1,P8_CV0,1,1,1,0,2
1,4.359949021420038,0.38889347741837,RD1_F10_m10f5_P10_Y8_UO281,RD10_F1_m5f3_P5_Y6_UO594,RD5_F1_m10f9_P10_Y6_UO394,MXY,1,0.0,0,0,0.0,0,0,0,-9999.0,0.5,1,P8_CV0,1,2,0,1,1
1,4.359949021420038,0.38889347741837,RD1_F10_m10f1_P10_Y8_UO462,RD10_F1_m10f2_P10_Y6_UO293,RD1_F10_m1f10_P1_Y6_UO306,FXX,1,0.0,0,0,0.0,0,0,0,-9999.0,0.53125,1,P8_CV0,1,1,1,1,1
1,4.359949021420038,0.38889347741837,RD1_F10_m10f5_P10_Y8_UO280,RD10_F1_m5f3_P5_Y6_UO594,RD5_F1_m10f9_P10_Y6_UO394,FXX,1,0.0,0,0,0.0,0,0,0,-9999.0,0.5,1,P8_CV0,1,1,1,1,1
1,4.359949021420038,0.38889347741837,RD1_F5_m4f8_P4_Y7_UO318,RD4_F8_m4f7_P4_Y5_UO8,RD8_F7_m5f3_P5_Y5_UO259,FXX,2,0.0,1,0,1.0,0,0,0,-9999.0,0.3125,1,P8_CV0,1,0,2,1,1
1,4.359949021420038,0.38889347741837,RD1_F10_m5f1_P5_Y5_UO42,RD5_F3_m5f3_P5_Y3_UO385,RD1_F10_m5f3_P5_Y3_UO398,MXY,4,0.0,1,0,0.0,0,0,0,-9999.0,0.1875,1,P8_CV0,1,0,2,2,0
1,4.359949021420038,0.38889347741837,RD1_F10_m10f1_P10_Y8_UO650,RD10_F1_m5f3_P5_Y6_UO757,RD1_F5_m1f10_P1_Y6_UO305,FXX,1,0.0,0,0,0.0,0,0,0,-9999.0,0.46875,1,P9_CV0,1,2,0,1,1
1,4.359949021420038,0.38889347741837,RD1_F10_m10f1_P10_Y8_UO648,RD10_F1_m5f3_P5_Y6_UO757,RD1_F5_m1f10_P1_Y6_UO305,FXX,1,0.0,0,0,0.0,0,0,0,-9999.0,0.46875,1,P9_CV0,1,2,0,2,0
1,4.359949021420038,0.38889347741837,RD1_F10_m5f3_P5_Y6_UO757,RD5_F7_m4f8_P4_Y4_UO51,RD3_F7_m4f8_P4_Y4_UO49,FXX,3,0.0,1,0,1.0,0,0,0,-9999.0,0.4375,1,P9_CV0,1,2,0,2,0
2,5.496624778787091,6.529835889274153,RD2_F3_m3f5_P3_Y8_UO363,RD3_F5_m3f1_P3_Y6_UO52,RD5_F1_m5f3_P5_Y6_UO252,FXX,1,0.0,0,0,0.0,0,0,0,-9999.0,0.53125,1,P0_CV0,1,1,1,1,1
2,5.496624778787091,6.529835889274153,RD2_F6_m6f2_P6_Y8_UO15,RD6_F9_m3f5_P3_Y6_UO23,RD2_F1_m10f3_P10_Y6_UO468,FXX,1,0.0,0,0,0.0,0,0,0,-9999.0,0.484375,1,P0_CV0,1,0,2,0,2
2,5.496624778787091,6.529835889274153,RD2_F6_m6f2_P6_Y8_UO680,RD6_F9_m2f6_P2_Y6_UO217,RD2_F7_m4f7_P4_Y6_UO0,MXY,1,0.0,0,0,0.0,0,0,0,-9999.0,0.4375,1,P0_CV0,1,2,0,1,1
2,5.496624778787091,6.529835889274153,RD2_F6_m6f4_P6_Y8_UO481,RD6_F9_m2f6_P2_Y6_UO612,RD4_F7_m4f7_P4_Y5_UO32,MXY,1,0.0,0,0,0.0,0,0,0,-9999.0,0.390625,1,P2_CV0,1,0,2,1,1
2,5.496624778787091,6.529835889274153,RD2_F6_m6f4_P6_Y8_UO486,RD6_F9_m2f6_P2_Y6_UO612,RD4_F7_m4f7_P4_Y5_UO32,MXY,1,0.0,0,0,0.0,0,0,0,-9999.0,0.390625,1,P2_CV0,1,1,1,2,0
2,5.496624778787091,6.529835889274153,RD2_F6_m6f2_P6_Y8_UO533,RD6_F9_m10f1_P10_Y6_UO712,RD2_F5_m3f5_P3_Y6_UO15,MXY,1,0.0,0,0,0.0,0,0,0,-9999.0,0.453125,1,P2_CV0,1,2,0,0,2
2,5.496624778787091,6.529835889274153,RD2_F7_m7f4_P7_Y8_UO421,RD7_F5_m3f5_P3_Y6_UO83,RD4_F7_m4f7_P4_Y6_UO310,MXY,1,0.0,0,0,0.0,0,0,0,-9999.0,0.46875,1,P2_CV0,1,1,1,1,1
2,5.496624778787091,6.529835889274153,RD2_F7_m7f4_P7_Y8_UO566,RD7_F4_m7f4_P7_Y6_UO620,RD4_F8_m6f2_P6_Y6_UO410,MXY,1,0.0,0,0,0.0,0,0,0,-9999.0,0.421875,1,P2_CV0,1,1,1,0,2
2,5.496624778787091,6.529835889274153,RD2_F9_m9f3_P9_Y8_UO616,RD9_F2_m6f2_P6_Y6_UO208,RD3_F1_m5f9_P5_Y6_UO460,FXX,1,0.0,0,0,0.0,0,0,0,-9999.0,0.546875,1,P2_CV0,1,2,0,1,1
2,5.496624778787091,6.529835889274153,RD2_F9_m9f5_P9_Y8_UO704,RD9_F6_m2f4_P2_Y6_UO579,RD5_F1_m10f3_P10_Y6_UO467,FXX,1,0.0,0,0,0.0,0,0,0,-9999.0,0.5625,1,P2_CV0,1,0,2,0,2
2,5.496624778787091,6.529835889274153,RD2_F9_m9f5_P9_Y8_UO715,RD9_F6_m2f4_P2_Y6_UO579,RD5_F1_m10f3_P10_Y6_UO467,FXX,1,0.0,0,0,0.0,0,0,0,-9999.0,0.5625,1,P2_CV0,1,0,2,1,1
2,5.496624778787091,6.529835889274153,RD2_F9_m9f5_P9_Y8_UO722,RD9_F6_m2f4_P2_Y6_UO579,RD5_F1_m10f3_P10_Y6_UO467,FXX,1,0.0,0,0,0.0,0,0,0,-9999.0,0.5625,1,P2_CV0,1,0,2,0,2
2,5.496624778787091,6.529835889274153,RD2_F9_m9f5_P9_Y8_UO724,RD9_F6_m2f4_P2_Y6_UO579,RD5_F1_m10f3_P10_Y6_UO467,MXY,1,0.0,0,0,0.0,0,0,0,-9999.0,0.5625,1,P2_CV0,1,0,2,1,1
2,5.496624778787091,6.529835889274153,RD2_F10_m10f2_P10_Y8_UO728,RD10_F1_m3f2_P3_Y6_UO436,RD2_F6_m6f7_P6_Y3_UO429,FXX,1,0.0,0,0,0.0,0,0,0,-9999.0,0.390625,1,P2_CV0,1,0,2,0,2
2,5.496624778787091,6.529835889274153,RD2_F3_m5f3_P5_Y7_UO6,RD5_F9_m2f6_P2_Y5_UO241,RD3_F5_m3f5_P3_Y5_UO56,MXY,2,0.0,1,0,0.0,0,0,0,-9999.0,0.625,1,P2_CV0,1,2,0,2,0
2,5.496624778787091,6.529835889274153,RD2_F3_m2f3_P2_Y7_UO302,RD2_F9_m6f9_P6_Y5_UO26,RD3_F5_m3f5_P3_Y5_UO56,MXY,2,0.0,1,0,0.0,0,0,0,-9999.0,0.5,1,P2_CV0,1,1,1,2,0
2,5.496624778787091,6.529835889274153,RD2_F6_m3f5_P3_Y7_UO510,RD3_F2_m6f2_P6_Y5_UO132,RD5_F1_m1f5_P1_Y4_UO81,MXY,2,0.0,1,0,0.0,0,0,0,-9999.0,0.4375,1,P2_CV0,1,0,2,1,1
2,5.496624778787091,6.529835889274153,RD2_F6_m5f3_P5_Y7_UO13,RD5_F9_m2f6_P2_Y5_UO241,RD3_F5_m3f5_P3_Y5_UO56,MXY,2,0.0,1,0,0.0,0,0,0,-9999.0,0.625,1,P2_CV0,1,2,0,2,0
2,5.496624778787091,6.529835889274153,RD2_F6_m2f6_P2_Y7_UO21,RD2_F6_m2f7_P2_Y5_UO249,RD6_F9_m6f2_P6_Y5_UO363,FXX,2,0.0,1,0,1.0,0,0,0,-9999.0,0.4375,1,P2_CV0,1,0,2,2,0
2,5.496624778787091,6.529835889274153,RD2_F9_m6f9_P6_Y7_UO489,RD6_F9_m6f9_P6_Y5_UO103,RD9_F2_m3f5_P3_Y4_UO445,MXY,2,0.0,1,0,0.0,0,0,0,-9999.0,0.5625,1,P2_CV0,1,0,2,1,1
2,5.496624778787091,6.529835889274153,RD2_F9_m2f3_P2_Y7_UO127,RD2_F9_m6f9_P6_Y5_UO26,RD3_F2_m1f5_P1_Y4_UO555,MXY,2,0.0,1,0,0.0,0,0,0,-9999.0,0.46875,1,P2_CV0,1,0,2,2,0
2,5.496624778787091,6.529835889274153,RD2_F9_m6f9_P6_Y7_UO149,RD6_F9_m2f3_P2_Y5_UO121,RD9_F6_m10f1_P10_Y4_UO773,FXX,2,0.0,1,0,1.0,0,0,0,-9999.0,0.46875,1,P2_CV0,1,1,1,1,1
2,5.496624778787091,6.529835889274153,RD2_F5_m10f3_P10_Y6_UO467,RD10_F1_m9f6_P9_Y4_UO143,RD3_F2_m6f2_P6_Y4_UO514,MXY,3,0.0,1,0,0.0,0,0,0,-9999.0,0.5625,1,P2_CV0,1,0,2,1,1
2,5.496624778787091,6.529835889274153,RD2_F6_m6f2_P6_Y6_UO405,RD6_F2_m3f6_P3_Y4_UO432,RD2_F6_m2f7_P2_Y4_UO540,MXY,3,0.0,1,0,0.0,0,0,0,-9999.0,0.40625,1,P2_CV0,1,1,1,0,2
2,5.496624778787091,6.529835889274153,RD2_F5_m5f1_P5_Y8_UO597,RD5_F3_m5f3_P5_Y6_UO106,RD1_F10_m5f3_P5_Y6_UO596,FXX,1,0.0,0,0,0.0,0,0,0,-9999.0,0.453125,1,P3_CV0,1,2,0,0,2
2,5.496624778787091,6.529835889274153,RD2_F6_m6f2_P6_Y8_UO22,RD6_F9_m6f2_P6_Y6_UO428,RD2_F6_m6f2_P6_Y5_UO363,MXY,1,0.0,0,0,0.0,0,0,0,-9999.0,0.4375,1,P3_CV0,1,2,0,1,1
2,5.496624778787091,6.529835889274153,RD2_F6_m6f2_P6_Y8_UO78,RD6_F9_m2f6_P2_Y6_UO667,RD2_F9_m2f6_P2_Y5_UO18,MXY,1,0.0,0,0,0.0,0,0,0,-9999.0,0.296875,1,P3_CV0,1,0,2,0,2
2,5.496624778787091,6.529835889274153,RD2_F6_m6f2_P6_Y8_UO216,RD6_F9_m6f2_P6_Y6_UO430,RD2_F9_m6f2_P6_Y6_UO431,FXX,1,0.0,0,0,0.0,0,0,0,-9999.0,0.4375,1,P3_CV0,1,2,0,0,2
2,5.496624778787091,6.529835889274153,RD2_F9_m9f2_P9_Y8_UO160,RD9_F6_m2f4_P2_Y6_UO579,RD2_F3_m5f3_P5_Y6_UO140,MXY,1,0.0,0,0,0.0,0,0,0,-9999.0,0.5,1,P3_CV0,1,0,2,1,1
2,5.496624778787091,6.529835889274153,RD2_F6_m3f5_P3_Y7_UO199,RD3_F2_m6f2_P6_Y5_UO132,RD5_F3_m3f2_P3_Y4_UO542,FXX,2,0.0,1,0,1.0,0,0,0,-9999.0,0.4375,1,P3_CV0,1,1,1,2,0
2,5.496624778787091,6.529835889274153,RD2_F1_m1f5_P1_Y8_UO528,RD1_F3_m2f3_P2_Y6_UO647,RD5_F3_m4f8_P4_Y6_UO598,FXX,1,0.0,0,0,0.0,0,0,0,-9999.0,0.40625,1,P4_CV0,1,1,1,2,0
2,5.496624778787091,6.529835889274153,RD2_F5_m5f3_P5_Y8_UO154,RD5_F3_m5f2_P5_Y6_UO510,RD3_F2_m6f2_P6_Y6_UO503,FXX,1,0.0,0,0,0.0,0,0,0,-9999.0,0.40625,1,P4_CV0,1,1,1,2,0
2,5.496624778787091,6.529835889274153,RD2_F5_m5f3_P5_Y8_UO157,RD5_F3_m5f2_P5_Y6_UO510,RD3_F2_m6f2_P6_Y6_UO503,FXX,1,0.0,0,0,0.0,0,0,0,-9999.0,0.40625,1,P4_CV0,1,1,1,2,0
2,5.496624778787091,6.529835889274153,RD2_F5_m5f3_P5_Y8_UO158,RD5_F3_m5f2_P5_Y6_UO510,RD3_F2_m6f2_P6_Y6_UO503,FXX,1,0.0,0,0,0.0,0,0,0,-9999.0,0.40625,1,P4_CV0,1,0,2,2,0
2,5.496624778787091,6.529835889274153,RD2_F5_m5f3_P5_Y8_UO625,RD5_F3_m5f2_P5_Y6_UO508,RD3_F2_m6f2_P6_Y6_UO375,FXX,1,0.0,0,0,0.0,0,0,0,-9999.0,0.421875,1,P4_CV0,1,2,0,1,1
2,5.496624778787091,6.529835889274153,RD2_F6_m6f9_P6_Y8_UO46,RD6_F9_m6f2_P6_Y6_UO497,RD9_F6_m6f3_P6_Y5_UO318,MXY,1,0.0,0,0,0.0,0,0,0,-9999.0,0.578125,1,P4_CV0,1,1,1,1,1
2,5.496624778787091,6.529835889274153,RD2_F6_m6f9_P6_Y8_UO50,RD6_F9_m6f2_P6_Y6_UO497,RD9_F6_m6f3_P6_Y5_UO318,MXY,1,0.0,0,0,0.0,0,0,0,-9999.0,0.578125,1,P4_CV0,1,2,0,1,1
2,5.496624778787091,6.529835889274153,RD2_F6_m6f9_P6_Y8_UO51,RD6_F9_m6f2_P6_Y6_UO497,RD9_F6_m6f3_P6_Y5_UO318,FXX,1,0.0,0,0,0.0,0,0,0,-9999.0,0.578125,1,P4_CV0,1,2,0,1,1
2,5.496624778787091,6.529835889274153,RD2_F6_m6f2_P6_Y8_UO203,RD6_F9_m3f5_P3_Y6_UO23,RD2_F3_m5f4_P5_Y6_UO702,MXY,1,0.0,0,0,0.0,0,0,0,-9999.0,0.34375,1,P4_CV0,1,0,2,1,1
2,5.496624778787091,6.529835889274153,RD2_F6_m6f9_P6_Y8_UO238,RD6_F9_m6f2_P6_Y6_UO497,RD9_F6_m2f6_P2_Y6_UO665,FXX,1,0.0,0,0,0.0,0,0,0,-9999.0,0.5,1,P4_CV0,1,0,2,1,1
2,5.496624778787091,6.529835889274153,RD2_F6_m6f2_P6_Y8_UO536,RD6_F9_m10f1_P10_Y6_UO712,RD2_F5_m3f5_P3_Y6_UO15,FXX,1,0.0,0,0,0.0,0,0,0,-9999.0,0.453125,1,P4_CV0,1,1,1,1,1
2,5.496624778787091,6.529835889274153,RD2_F9_m9f2_P9_Y8_UO164,RD9_F6_m2f4_P2_Y6_UO579,RD2_F3_m5f3_P5_Y6_UO140,FXX,1,0.0,0,0,0.0,0,0,0,-9999.0,0.5,1,P4_CV0,1,1,1,0,2
2,5.496624778787091,6.529835889274153,RD2_F9_m9f2_P9_Y8_UO167,RD9_F6_m2f4_P2_Y6_UO579,RD2_F3_m5f3_P5_Y6_UO140,FXX,1,0.0,0,0,0.0,0,0,0,-9999.0,0.5,1,P4_CV0,1,0,2,1,1
2,5.496624778787091,6.529835889274153,RD2_F9_m9f2_P9_Y8_UO170,RD9_F6_m2f4_P2_Y6_UO579,RD2_F3_m5f3_P5_Y6_UO140,MXY,1,0.0,0,0,0.0,0,0,0,-9999.0,0.5,1,P4_CV0,1,1,1,0,2
2,5.496624778787091,6.529835889274153,RD2_F9_m9f2_P9_Y8_UO172,RD9_F6_m2f4_P2_Y6_UO579,RD2_F3_m5f3_P5_Y6_UO140,FXX,1,0.0,0,0,0.0,0,0,0,-9999.0,0.5,1,P4_CV0,1,0,2,0,2
2,5.496624778787091,6.529835889274153,RD2_F9_m9f5_P9_Y8_UO716,RD9_F6_m2f4_P2_Y6_UO579,RD5_F1_m10f3_P10_Y6_UO467,MXY,1,0.0,0,0,0.0,0,0,0,-9999.0,0.5625,1,P4_CV0,1,0,2,1,1
2,5.496624778787091,6.529835889274153,RD2_F9_m9f5_P9_Y8_UO721,RD9_F6_m2f4_P2_Y6_UO579,RD5_F1_m10f3_P10_Y6_UO467,FXX,1,0.0,0,0,0.0,0,0,0,-9999.0,0.5625,1,P4_CV0,1,0,2,0,2
2,5.496624778787091,6.529835889274153,RD2_F10_m10f1_P10_Y8_UO491,RD10_F1_m5f3_P5_Y6_UO251,RD1_F10_m5f3_P5_Y6_UO596,FXX,1,0.0,0,0,0.0,0,0,0,-9999.0,0.4375,1,P4_CV0,1,0,2,0,2
2,5.496624778787091,6.529835889274153,RD2_F9_m6f2_P6_Y7_UO325,RD6_F9_m4f7_P4_Y5_UO11,RD2_F9_m9f3_P9_Y4_UO654,MXY,2,0.0,1,0,0.0,0,0,0,-9999.0,0.4375,1,P4_CV0,1,1,1,1,1
2,5.496624778787091,6.529835889274153,RD2_F3_m3f5_P3_Y8_UO264,RD3_F5_m3f2_P3_Y6_UO689,RD5_F3_m6f2_P6_Y6_UO206,FXX,1,0.0,0,0,0.0,0,0,0,-9999.0,0.5625,1,P5_CV0,1,2,0,1,1
2,5.496624778787091,6.529835889274153,RD2_F3_m3f5_P3_Y8_UO271,RD3_F5_m3f2_P3_Y6_UO689,RD5_F3_m6f2_P6_Y6_UO206,MXY,1,0.0,0,0,0.0,0,0,0,-9999.0,0.5625,1,P5_CV0,1,2,0,1,1
2,5.496624778787091,6.529835889274153,RD2_F6_m6f2_P6_Y8_UO21,RD6_F9_m6f2_P6_Y6_UO428,RD2_F6_m6f2_P6_Y5_UO363,MXY,1,0.0,0,0,0.0,0,0,0,-9999.0,0.4375,1,P5_CV0,1,2,0,1,1
2,5.496624778787091,6.529835889274153,RD2_F6_m6f2_P6_Y8_UO79,RD6_F9_m2f6_P2_Y6_UO667,RD2_F9_m2f6_P2_Y5_UO18,MXY,1,0.0,0,0,0.0,0,0,0,-9999.0,0.296875,1,P5_CV0,1,0,2,1,1
2,5.496624778787091,6.529835889274153,RD2_F6_m6f2_P6_Y8_UO83,RD6_F9_m1f10_P1_Y6_UO307,RD2_F9_m6f2_P6_Y6_UO431,FXX,1,0.0,0,0,0.0,0,0,0,-9999.0,0.46875,1,P5_CV0,1,0,2,1,1
2,5.496624778787091,6.529835889274153,RD2_F6_m6f2_P6_Y8_UO84,RD6_F9_m1f10_P1_Y6_UO307,RD2_F9_m6f2_P6_Y6_UO431,FXX,1,0.0,0,0,0.0,0,0,0,-9999.0,0.46875,1,P5_CV0,1,0,2,1,1
2,5.496624778787091,6.529835889274153,RD2_F3_m2f6_P2_Y7_UO19,RD2_F6_m2f7_P2_Y5_UO249,RD6_F9_m6f2_P6_Y5_UO363,MXY,2,0.0,1,0,0.0,0,0,0,-9999.0,0.4375,1,P5_CV0,1,0,2,1,1
2,5.496624778787091,6.529835889274153,RD2_F3_m2f3_P2_Y7_UO124,RD2_F9_m6f9_P6_Y5_UO26,RD3_F2_m1f5_P1_Y4_UO555,MXY,2,0.0,1,0,0.0,0,0,0,-9999.0,0.46875,1,P5_CV0,1,2,0,1,1
2,5.496624778787091,6.529835889274153,RD2_F6_m2f6_P2_Y7_UO137,RD2_F9_m6f2_P6_Y5_UO336,RD6_F9_m2f9_P2_Y5_UO184,MXY,2,0.0,1,0,0.0,0,0,0,-9999.0,0.5,1,P5_CV0,1,1,1,2,0
2,5.496624778787091,6.529835889274153,RD2_F9_m6f2_P6_Y7_UO243,RD6_F9_m2f7_P2_Y5_UO255,RD2_F6_m9f2_P9_Y5_UO87,FXX,2,0.0,1,0,1.0,0,0,0,-9999.0,0.4375,1,P5_CV0,1,1,1,2,0
2,5.496624778787091,6.529835889274153,RD2_F3_m3f5_P3_Y8_UO56,RD3_F5_m3f1_P3_Y6_UO52,RD5_F4_m4f8_P4_Y5_UO118,MXY,1,0.0,0,0,0.0,0,0,0,-9999.0,0.453125,1,P6_CV0,1,1,1,1,1
2,5.496624778787091,6.529835889274153,RD2_F6_m6f4_P6_Y8_UO482,RD6_F9_m2f6_P2_Y6_UO612,RD4_F7_m4f7_P4_Y5_UO32,MXY,1,0.0,0,0,0.0,0,0,0,-9999.0,0.390625,1,P6_CV0,1,0,2,2,0
2,5.496624778787091,6.529835889274153,RD2_F6_m6f9_P6_Y8_UO645,RD6_F9_m2f3_P2_Y6_UO64,RD9_F6_m2f6_P2_Y5_UO181,MXY,1,0.0,0,0,0.0,0,0,0,-9999.0,0.28125,1,P6_CV0,1,1,1,2,0
2,5.496624778787091,6.529835889274153,RD2_F6_m9f2_P9_Y7_UO346,RD9_F2_m6f2_P6_Y5_UO220,RD2_F9_m2f3_P2_Y4_UO248,MXY,2,0.0,1,0,0.0,0,0,0,-9999.0,0.46875,1,P6_CV0,1,2,0,0,2
2,5.496624778787091,6.529835889274153,RD2_F7_m6f2_P6_Y7_UO183,RD6_F9_m2f3_P2_Y5_UO379,RD2_F9_m2f3_P2_Y4_UO248,MXY,2,0.0,1,0,0.0,0,0,0,-9999.0,0.40625,1,P6_CV0,1,1,1,1,1
2,5.496624778787091,6.529835889274153,RD2_F9_m2f6_P2_Y7_UO483,RD2_F3_m2f6_P2_Y5_UO182,RD6_F2_m9f2_P9_Y5_UO293,MXY,2,0.0,1,0,0.0,0,0,0,-9999.0,0.15625,1,P6_CV0,1,0,2,2,0
2,5.496624778787091,6.529835889274153,RD2_F9_m6f2_P6_Y7_UO398,RD6_F9_m2f6_P2_Y5_UO203,RD2_F9_m2f3_P2_Y4_UO248,MXY,2,0.0,1,0,0.0,0,0,0,-9999.0,0.34375,1,P6_CV0,1,1,1,1,1
2,5.496624778787091,6.529835889274153,RD2_F3_m4f7_P4_Y5_UO31,RD4_F8_m4f7_P4_Y3_UO68,RD7_F4_m4f8_P4_Y2_UO610,MXY,4,0.0,1,0,0.0,0,0,0,-9999.0,0.25,1,P6_CV0,1,0,2,1,1
2,5.496624778787091,6.529835889274153,RD2_F3_m3f5_P3_Y8_UO369,RD3_F5_m3f1_P3_Y6_UO52,RD5_F1_m5f3_P5_Y6_UO252,MXY,1,0.0,0,0,0.0,0,0,0,-9999.0,0.53125,1,P7_CV0,1,2,0,1,1
2,5.496624778787091,6.529835889274153,RD2_F5_m5f7_P5_Y8_UO638,RD5_F3_m5f2_P5_Y6_UO508,RD7_F4_m8f7_P8_Y6_UO559,MXY,1,0.0,0,0,0.0,0,0,0,-9999.0,0.375,1,P7_CV0,1,2,0,1,1
2,5.496624778787091,6.529835889274153,RD2_F6_m6f9_P6_Y8_UO48,RD6_F9_m6f2_P6_Y6_UO497,RD9_F6_m6f3_P6_Y5_UO318,FXX,1,0.0,0,0,0.0,0,0,0,-9999.0,0.578125,1,P7_CV0,1,1,1,1,1
2,5.496624778787091,6.529835889274153,RD2_F6_m6f9_P6_Y8_UO52,RD6_F9_m6f2_P6_Y6_UO497,RD9_F6_m6f3_P6_Y5_UO318,FXX,1,0.0,0,0,0.0,0,0,0,-9999.0,0.578125,1,P7_CV0,1,2,0,1,1
2,5.496624778787091,6.529835889274153,RD2_F6_m6f9_P6_Y8_UO53,RD6_F9_m6f2_P6_Y6_UO497,RD9_F6_m6f3_P6_Y5_UO318,MXY,1,0.0,0,0,0.0,0,0,0,-9999.0,0.578125,1,P7_CV0,1,1,1,0,2
2,5.496624778787091,6.529835889274153,RD2_F6_m6f9_P6_Y8_UO55,RD6_F9_m6f2_P6_Y6_UO497,RD9_F6_m6f3_P6_Y5_UO318,MXY,1,0.0,0,0,0.0,0,0,0,-9999.0,0.578125,1,P7_CV0,1,1,1,1,1
2,5.496624778787091,6.529835889274153,RD2_F9_m9f2_P9_Y8_UO2,RD9_F2_m6f2_P6_Y6_UO209,RD2_F5_m7f4_P7_Y6_UO633,MXY,1,0.0,0,0,0.0,0,0,0,-9999.0,0.4375,1,P7_CV0,1,0,2,1,1
2,5.496624778787091,6.529835889274153,RD2_F9_m2f10_P2_Y7_UO381,RD2_F6_m9f2_P9_Y5_UO287,RD10_F9_m6f2_P6_Y5_UO137,MXY,2,0.0,1,0,0.0,0,0,0,-9999.0,0.3125,1,P7_CV0,1,0,2,1,1
2,5.496624778787091,6.529835889274153,RD2_F9_m6f2_P6_Y7_UO328,RD6_F9_m4f7_P4_Y5_UO11,RD2_F9_m9f3_P9_Y4_UO654,FXX,2,0.0,1,0,1.0,0,0,0,-9999.0,0.4375,1,P7_CV0,1,0,2,1,1
2,5.496624778787091,6.529835889274153,RD2_F6_m2f6_P2_Y6_UO345,RD2_F9_m2f7_P2_Y4_UO539,RD6_F9_m3f2_P3_Y4_UO659,MXY,3,0.0,1,0,0.0,0,0,0,-9999.0,0.53125,1,P7_CV0,1,2,0,1,1
2,5.496624778787091,6.529835889274153,RD2_F5_m5f7_P5_Y8_UO149,RD5_F7_m4f8_P4_Y6_UO381,RD7_F4_m8f7_P8_Y6_UO559,MXY,1,0.0,0,0,0.0,0,0,0,-9999.0,0.4375,1,P8_CV0,1,2,0,2,0
2,5.496624778787091,6.529835889274153,RD2_F6_m9f2_P9_Y7_UO343,RD9_F2_m6f2_P6_Y5_UO220,RD2_F9_m2f3_P2_Y4_UO248,FXX,2,0.0,1,0,1.0,0,0,0,-9999.0,0.46875,1,P8_CV0,1,1,1,1,1
2,5.496624778787091,6.529835889274153,RD2_F6_m6f4_P6_Y8_UO452,RD6_F9_m2f3_P2_Y6_UO64,RD4_F8_m4f7_P4_Y6_UO121,MXY,1,0.0,0,0,0.0,0,0,0,-9999.0,0.390625,1,P9_CV0,1,2,0,1,1
2,5.496624778787091,6.529835889274153,RD2_F9_m10f1_P10_Y7_UO363,RD10_F1_m10f3_P10_Y5_UO156,RD1_F10_m1f5_P1_Y5_UO387,MXY,2,0.0,1,0,0.0,0,0,0,-9999.0,0.4375,1,P9_CV0,1,0,2,2,0
3,4.20367802087489,4.955022315058112,RD3_F5_m5f3_P5_Y8_UO6,RD5_F3_m5f3_P5_Y6_UO94,RD3_F5_m10f1_P10_Y6_UO572,FXX,1,0.0,0,0,0.0,0,0,0,-9999.0,0.4375,1,P0_CV0,1,0,2,2,0
3,4.20367802087489,4.955022315058112,RD3_F5_m5f3_P5_Y8_UO687,RD5_F7_m4f8_P4_Y6_UO381,RD3_F5_m10f1_P10_Y6_UO572,MXY,1,0.0,0,0,0.0,0,0,0,-9999.0,0.46875,1,P0_CV0,1,0,2,2,0
3,4.20367802087489,4.955022315058112,RD3_F5_m5f3_P5_Y8_UO691,RD5_F7_m4f8_P4_Y6_UO381,RD3_F5_m10f1_P10_Y6_UO572,MXY,1,0.0,0,0,0.0,0,0,0,-9999.0,0.46875,1,P0_CV0,1,1,1,1,1
3,4.20367802087489,4.955022315058112,RD3_F5_m5f3_P5_Y8_UO667,RD5_F3_m5f3_P5_Y6_UO47,RD3_F5_m10f1_P10_Y6_UO572,MXY,1,0.0,0,0,0.0,0,0,0,-9999.0,0.4375,1,P1_CV0,1,1,1,0,2
3,4.20367802087489,4.955022315058112,RD3_F5_m5f3_P5_Y8_UO669,RD5_F3_m5f3_P5_Y6_UO47,RD3_F5_m10f1_P10_Y6_UO572,MXY,1,0.0,0,0,0.0,0,0,0,-9999.0,0.4375,1,P1_CV0,1,0,2,0,2
3,4.20367802087489,4.955022315058112,RD3_F2_m2f7_P2_Y8_UO107,RD2_F1_m10f6_P10_Y6_UO542,RD7_F8_m4f7_P4_Y6_UO127,MXY,1,0.0,0,0,0.0,0,0,0,-9999.0,0.546875,1,P2_CV0,1,0,2,2,0
3,4.20367802087489,4.955022315058112,RD3_F2_m2f3_P2_Y8_UO245,RD2_F9_m6f2_P6_Y6_UO671,RD3_F2_m9f2_P9_Y6_UO186,MXY,1,0.0,0,0,0.0,0,0,0,-9999.0,0.421875,1,P2_CV0,1,2,0,1,1
3,4.20367802087489,4.955022315058112,RD3_F2_m2f6_P2_Y8_UO331,RD2_F3_m2f3_P2_Y6_UO650,RD6_F8_m4f8_P4_Y6_UO260,MXY,1,0.0,0,0,0.0,0,0,0,-9999.0,0.421875,1,P2_CV0,1,1,1,0,2
3,4.20367802087489,4.955022315058112,RD3_F2_m2f6_P2_Y8_UO332,RD2_F3_m2f3_P2_Y6_UO650,RD6_F8_m4f8_P4_Y6_UO260,FXX,1,0.0,0,0,0.0,0,0,0,-9999.0,0.421875,1,P2_CV0,1,2,0,2,0
3,4.20367802087489,4.955022315058112,RD3_F2_m2f3_P2_Y8_UO444,RD2_F1_m10f6_P10_Y6_UO542,RD3_F2_m6f2_P6_Y6_UO375,MXY,1,0.0,0,0,0.0,0,0,0,-9999.0,0.453125,1,P2_CV0,1,1,1,2,0
3,4.20367802087489,4.955022315058112,RD3_F2_m2f6_P2_Y8_UO446,RD2_F1_m10f6_P10_Y6_UO542,RD6_F3_m1f5_P1_Y5_UO393,FXX,1,0.0,0,0,0.0,0,0,0,-9999.0,0.40625,1,P2_CV0,1,0,2,2,0
3,4.20367802087489,4.955022315058112,RD3_F2_m2f6_P2_Y8_UO449,RD2_F1_m10f6_P10_Y6_UO542,RD6_F3_m1f5_P1_Y5_UO393,MXY,1,0.0,0,0,0.0,0,0,0,-9999.0,0.40625,1,P2_CV0,1,0,2,2,0
3,4.20367802087489,4.955022315058112,RD3_F2_m2f3_P2_Y8_UO560,RD2_F3_m5f3_P5_Y6_UO367,RD3_F2_m3f2_P3_Y6_UO692,FXX,1,0.0,0,0,0.0,0,0,0,-9999.0,0.484375,1,P2_CV0,1,1,1,2,0
3,4.20367802087489,4.955022315058112,RD3_F5_m5f3_P5_Y8_UO234,RD5_F7_m8f7_P8_Y6_UO233,RD3_F2_m3f2_P3_Y6_UO692,FXX,1,0.0,0,0,0.0,0,0,0,-9999.0,0.484375,1,P2_CV0,1,1,1,1,1
3,4.20367802087489,4.955022315058112,RD3_F5_m5f3_P5_Y8_UO235,RD5_F7_m8f7_P8_Y6_UO233,RD3_F2_m3f2_P3_Y6_UO692,MXY,1,0.0,0,0,0.0,0,0,0,-9999.0,0.484375,1,P2_CV0,1,2,0,1,1
3,4.20367802087489,4.955022315058112,RD3_F5_m5f4_P5_Y8_UO405,RD5_F7_m8f7_P8_Y6_UO233,RD4_F8_m4f7_P4_Y6_UO121,MXY,1,0.0,0,0,0.0,0,0,0,-9999.0,0.40625,1,P2_CV0,1,0,2,2,0
3,4.20367802087489,4.955022315058112,RD3_F5_m5f4_P5_Y8_UO407,RD5_F7_m8f7_P8_Y6_UO233,RD4_F8_m4f7_P4_Y6_UO121,FXX,1,0.0,0,0,0.0,0,0,0,-9999.0,0.40625,1,P2_CV0,1,1,1,1,1
3,4.20367802087489,4.955022315058112,RD3_F5_m5f3_P5_Y8_UO415,RD5_F3_m5f2_P5_Y6_UO508,RD3_F1_m5f9_P5_Y6_UO460,MXY,1,0.0,0,0,0.0,0,0,0,-9999.0,0.453125,1,P2_CV0,1,0,2,1,1
3,4.20367802087489,4.955022315058112,RD3_F5_m5f3_P5_Y8_UO416,RD5_F3_m5f2_P5_Y6_UO508,RD3_F1_m5f9_P5_Y6_UO460,FXX,1,0.0,0,0,0.0,0,0,0,-9999.0,0.453125,1,P2_CV0,1,1,1,1,1
3,4.20367802087489,4.955022315058112,RD3_F6_m6f2_P6_Y8_UO402,RD6_F2_m10f6_P10_Y6_UO541,RD2_F9_m2f3_P2_Y6_UO534,MXY,1,0.0,0,0,0.0,0,0,0,-9999.0,0.484375,1,P2_CV0,1,1,1,1,1
3,4.20367802087489,4.955022315058112,RD3_F6_m6f2_P6_Y8_UO538,RD6_F9_m10f1_P10_Y6_UO712,RD2_F5_m3f5_P3_Y6_UO15,MXY,1,0.0,0,0,0.0,0,0,0,-9999.0,0.453125,1,P2_CV0,1,2,0,0,2
3,4.20367802087489,4.955022315058112,RD3_F10_m10f3_P10_Y8_UO178,RD10_F9_m6f2_P6_Y6_UO669,RD3_F5_m4f7_P4_Y6_UO606,MXY,1,0.0,0,0,0.0,0,0,0,-9999.0,0.484375,1,P2_CV0,1,1,1,0,2
3,4.20367802087489,4.955022315058112,RD3_F2_m6f2_P6_Y7_UO186,RD6_F9_m6f9_P6_Y5_UO103,RD2_F9_m9f3_P9_Y4_UO654,MXY,2,0.0,1,0,0.0,0,0,0,-9999.0,0.4375,1,P2_CV0,1,1,1,1,1
3,4.20367802087489,4.955022315058112,RD3_F2_m3f5_P3_Y6_UO15,RD3_F5_m1f3_P1_Y4_UO713,RD5_F3_m10f3_P10_Y4_UO119,MXY,3,0.0,1,0,0.0,0,0,0,-9999.0,0.40625,1,P2_CV0,1,2,0,0,2
3,4.20367802087489,4.955022315058112,RD3_F5_m10f2_P10_Y6_UO294,RD10_F5_m3f2_P3_Y4_UO186,RD2_F6_m9f6_P9_Y4_UO144,MXY,3,0.0,1,0,0.0,0,0,0,-9999.0,0.5625,1,P2_CV0,1,1,1,2,0
3,4.20367802087489,4.955022315058112,RD3_F1_m1f9_P1_Y8_UO672,RD1_F3_m5f3_P5_Y6_UO116,RD9_F6_m2f6_P2_Y5_UO181,FXX,1,0.0,0,0,0.0,0,0,0,-9999.0,0.375,1,P3_CV0,1,1,1,1,1
3,4.20367802087489,4.955022315058112,RD3_F2_m2f6_P2_Y8_UO36,RD2_F3_m5f3_P5_Y6_UO367,RD6_F8_m7f4_P7_Y6_UO341,FXX,1,0.0,0,0,0.0,0,0,0,-9999.0,0.46875,1,P3_CV0,1,0,2,2,0
3,4.20367802087489,4.955022315058112,RD3_F2_m2f3_P2_Y8_UO541,RD2_F9_m4f7_P4_Y6_UO424,RD3_F10_m6f9_P6_Y5_UO25,FXX,1,0.0,0,0,0.0,0,0,0,-9999.0,0.40625,1,P3_CV0,1,1,1,1,1
3,4.20367802087489,4.955022315058112,RD3_F2_m2f6_P2_Y8_UO556,RD2_F9_m6f2_P6_Y6_UO588,RD6_F9_m6f2_P6_Y6_UO427,MXY,1,0.0,0,0,0.0,0,0,0,-9999.0,0.421875,1,P3_CV0,1,0,2,0,2
3,4.20367802087489,4.955022315058112,RD3_F2_m2f6_P2_Y8_UO607,RD2_F3_m5f3_P5_Y6_UO367,RD6_F2_m6f2_P6_Y6_UO668,FXX,1,0.0,0,0,0.0,0,0,0,-9999.0,0.4375,1,P3_CV0,1,0,2,2,0
3,4.20367802087489,4.955022315058112,RD3_F2_m2f6_P2_Y8_UO608,RD2_F3_m5f3_P5_Y6_UO367,RD6_F2_m6f2_P6_Y6_UO668,FXX,1,0.0,0,0,0.0,0,0,0,-9999.0,0.4375,1,P3_CV0,1,0,2,1,1
3,4.20367802087489,4.955022315058112,RD3_F5_m5f9_P5_Y8_UO112,RD5_F3_m5f3_P5_Y6_UO106,RD9_F6_m6f2_P6_Y5_UO193,FXX,1,0.0,0,0,0.0,0,0,0,-9999.0,0.375,1,P3_CV0,1,1,1,2,0
3,4.20367802087489,4.955022315058112,RD3_F5_m5f9_P5_Y8_UO116,RD5_F3_m5f3_P5_Y6_UO106,RD9_F6_m6f2_P6_Y5_UO193,MXY,1,0.0,0,0,0.0,0,0,0,-9999.0,0.375,1,P3_CV0,1,1,1,1,1
3,4.20367802087489,4.955022315058112,RD3_F5_m5f9_P5_Y8_UO117,RD5_F3_m5f3_P5_Y6_UO106,RD9_F6_m6f2_P6_Y5_UO193,FXX,1,0.0,0,0,0.0,0,0,0,-9999.0,0.375,1,P3_CV0,1,1,1,2,0
3,4.20367802087489,4.955022315058112,RD3_F5_m5f2_P5_Y8_UO321,RD5_F3_m2f3_P2_Y6_UO354,RD2_F5_m3f2_P3_Y4_UO542,MXY,1,0.0,0,0,0.0,0,0,0,-9999.0,0.390625,1,P3_CV0,1,0,2,1,1
3,4.20367802087489,4.955022315058112,RD3_F5_m5f2_P5_Y8_UO325,RD5_F3_m2f3_P2_Y6_UO354,RD2_F5_m3f2_P3_Y4_UO542,MXY,1,0.0,0,0,0.0,0,0,0,-9999.0,0.390625,1,P3_CV0,1,2,0,2,0
3,4.20367802087489,4.955022315058112,RD3_F5_m5f2_P5_Y8_UO326,RD5_F3_m2f3_P2_Y6_UO354,RD2_F5_m3f2_P3_Y4_UO542,FXX,1,0.0,0,0,0.0,0,0,0,-9999.0,0.390625,1,P3_CV0,1,2,0,2,0
3,4.20367802087489,4.955022315058112,RD3_F5_m5f1_P5_Y8_UO600,RD5_F3_m5f3_P5_Y6_UO106,RD1_F10_m5f3_P5_Y6_UO596,FXX,1,0.0,0,0,0.0,0,0,0,-9999.0,0.453125,1,P3_CV0,1,2,0,0,2
3,4.20367802087489,4.955022315058112,RD3_F6_m6f2_P6_Y6_UO428,RD6_F3_m5f3_P5_Y4_UO246,RD2_F10_m1f5_P1_Y4_UO555,FXX,3,0.0,1,0,1.0,0,0,0,-9999.0,0.4375,1,P3_CV0,1,2,0,0,2
3,4.20367802087489,4.955022315058112,RD3_F5_m5f3_P5_Y8_UO153,RD5_F3_m5f2_P5_Y6_UO510,RD3_F2_m6f2_P6_Y6_UO503,MXY,1,0.0,0,0,0.0,0,0,0,-9999.0,0.40625,1,P4_CV0,1,2,0,2,0
3,4.20367802087489,4.955022315058112,RD3_F5_m5f3_P5_Y8_UO159,RD5_F3_m5f2_P5_Y6_UO510,RD3_F2_m6f2_P6_Y6_UO503,FXX,1,0.0,0,0,0.0,0,0,0,-9999.0,0.40625,1,P4_CV0,1,1,1,2,0
3,4.20367802087489,4.955022315058112,RD3_F5_m5f3_P5_Y8_UO419,RD5_F3_m5f2_P5_Y6_UO508,RD3_F1_m5f9_P5_Y6_UO460,MXY,1,0.0,0,0,0.0,0,0,0,-9999.0,0.453125,1,P4_CV0,1,1,1,1,1
3,4.20367802087489,4.955022315058112,RD3_F5_m5f7_P5_Y8_UO641,RD5_F3_m5f2_P5_Y6_UO508,RD7_F4_m8f7_P8_Y6_UO559,MXY,1,0.0,0,0,0.0,0,0,0,-9999.0,0.375,1,P4_CV0,1,1,1,1,1
3,4.20367802087489,4.955022315058112,RD3_F5_m5f7_P5_Y8_UO643,RD5_F3_m5f2_P5_Y6_UO508,RD7_F4_m8f7_P8_Y6_UO559,FXX,1,0.0,0,0,0.0,0,0,0,-9999.0,0.375,1,P4_CV0,1,1,1,1,1
3,4.20367802087489,4.955022315058112,RD3_F9_m6f2_P6_Y7_UO144,RD6_F9_m2f7_P2_Y5_UO255,RD2_F9_m9f3_P9_Y4_UO654,MXY,2,0.0,1,0,0.0,0,0,0,-9999.0,0.4375,1,P4_CV0,1,0,2,1,1
3,4.20367802087489,4.955022315058112,RD3_F5_m4f8_P4_Y6_UO598,RD4_F8_m7f3_P7_Y4_UO621,RD8_F4_m8f4_P8_Y4_UO731,MXY,3,0.0,1,0,0.0,0,0,0,-9999.0,0.28125,1,P4_CV0,1,1,1,1,1
3,4.20367802087489,4.955022315058112,RD3_F5_m10f1_P10_Y6_UO709,RD10_F9_m2f3_P2_Y4_UO373,RD1_F10_m1f10_P1_Y4_UO239,FXX,3,0.0,1,0,1.0,0,0,0,-9999.0,0.5,1,P4_CV0,1,1,1,2,0
3,4.20367802087489,4.955022315058112,RD3_F2_m2f9_P2_Y8_UO222,RD2_F5_m3f7_P3_Y6_UO754,RD9_F2_m4f8_P4_Y6_UO582,FXX,1,0.0,0,0,0.0,0,0,0,-9999.0,0.4375,1,P5_CV0,1,2,0,1,1
3,4.20367802087489,4.955022315058112,RD3_F2_m2f9_P2_Y8_UO223,RD2_F5_m3f7_P3_Y6_UO754,RD9_F2_m4f8_P4_Y6_UO582,FXX,1,0.0,0,0,0.0,0,0,0,-9999.0,0.4375,1,P5_CV0,1,2,0,0,2
3,4.20367802087489,4.955022315058112,RD3_F2_m2f5_P2_Y8_UO477,RD2_F9_m3f5_P3_Y6_UO137,RD5_F7_m4f3_P4_Y5_UO345,FXX,1,0.0,0,0,0.0,0,0,0,-9999.0,0.46875,1,P5_CV0,1,2,0,0,2
3,4.20367802087489,4.955022315058112,RD3_F2_m2f5_P2_Y8_UO478,RD2_F9_m3f5_P3_Y6_UO137,RD5_F7_m4f3_P4_Y5_UO345,FXX,1,0.0,0,0,0.0,0,0,0,-9999.0,0.46875,1,P5_CV0,1,2,0,0,2
3,4.20367802087489,4.955022315058112,RD3_F2_m2f5_P2_Y8_UO480,RD2_F9_m3f5_P3_Y6_UO137,RD5_F7_m4f3_P4_Y5_UO345,MXY,1,0.0,0,0,0.0,0,0,0,-9999.0,0.46875,1,P5_CV0,1,1,1,0,2
3,4.20367802087489,4.955022315058112,RD3_F5_m5f3_P5_Y8_UO13,RD5_F7_m4f8_P4_Y6_UO381,RD3_F2_m6f2_P6_Y6_UO375,FXX,1,0.0,0,0,0.0,0,0,0,-9999.0,0.484375,1,P5_CV0,1,2,0,1,1
3,4.20367802087489,4.955022315058112,RD3_F5_m5f3_P5_Y8_UO617,RD5_F3_m5f2_P5_Y6_UO508,RD3_F2_m6f2_P6_Y6_UO375,FXX,1,0.0,0,0,0.0,0,0,0,-9999.0,0.421875,1,P5_CV0,1,1,1,1,1
3,4.20367802087489,4.955022315058112,RD3_F5_m5f3_P5_Y8_UO618,RD5_F3_m5f2_P5_Y6_UO508,RD3_F2_m6f2_P6_Y6_UO375,FXX,1,0.0,0,0,0.0,0,0,0,-9999.0,0.421875,1,P5_CV0,1,1,1,1,1
3,4.20367802087489,4.955022315058112,RD3_F5_m5f3_P5_Y8_UO623,RD5_F3_m5f2_P5_Y6_UO508,RD3_F2_m6f2_P6_Y6_UO375,MXY,1,0.0,0,0,0.0,0,0,0,-9999.0,0.421875,1,P5_CV0,1,2,0,2,0
3,4.20367802087489,4.955022315058112,RD3_F6_m6f2_P6_Y8_UO217,RD6_F9_m6f2_P6_Y6_UO430,RD2_F9_m6f2_P6_Y6_UO431,FXX,1,0.0,0,0,0.0,0,0,0,-9999.0,0.4375,1,P5_CV0,1,2,0,0,2
3,4.20367802087489,4.955022315058112,RD3_F6_m2f6_P2_Y7_UO17,RD2_F6_m2f7_P2_Y5_UO249,RD6_F9_m6f2_P6_Y5_UO363,MXY,2,0.0,1,0,0.0,0,0,0,-9999.0,0.4375,1,P5_CV0,1,1,1,1,1
3,4.20367802087489,4.955022315058112,RD3_F6_m6f9_P6_Y4_UO788,RD6_F2_m5f3_P5_Y2_UO119,RD9_F6_m2f6_P2_Y2_UO391,FXX,5,0.0,1,0,1.0,0,0,0,-9999.0,0.5625,1,P5_CV0,1,1,1,1,1
3,4.20367802087489,4.955022315058112,RD3_F2_m2f6_P2_Y8_UO436,RD2_F9_m2f6_P2_Y6_UO175,RD6_F8_m7f4_P7_Y6_UO341,MXY,1,0.0,0,0,0.0,0,0,0,-9999.0,0.46875,1,P6_CV0,1,2,0,1,1
3,4.20367802087489,4.955022315058112,RD3_F2_m2f6_P2_Y8_UO555,RD2_F9_m6f2_P6_Y6_UO588,RD6_F9_m6f2_P6_Y6_UO427,MXY,1,0.0,0,0,0.0,0,0,0,-9999.0,0.421875,1,P6_CV0,1,1,1,0,2
3,4.20367802087489,4.955022315058112,RD3_F7_m7f4_P7_Y8_UO182,RD7_F8_m4f8_P4_Y6_UO202,RD4_F7_m2f3_P2_Y6_UO360,FXX,1,0.0,0,0,0.0,0,0,0,-9999.0,0.390625,1,P6_CV0,1,1,1,0,2
3,4.20367802087489,4.955022315058112,RD3_F8_m8f4_P8_Y8_UO685,RD8_F4_m7f4_P7_Y6_UO271,RD4_F7_m4f7_P4_Y6_UO310,MXY,1,0.0,0,0,0.0,0,0,0,-9999.0,0.453125,1,P6_CV0,1,1,1,0,2
3,4.20367802087489,4.955022315058112,RD3_F10_m10f5_P10_Y8_UO249,RD10_F9_m6f2_P6_Y6_UO669,RD5_F1_m10f9_P10_Y6_UO394,FXX,1,0.0,0,0,0.0,0,0,0,-9999.0,0.5,1,P6_CV0,1,1,1,1,1
3,4.20367802087489,4.955022315058112,RD3_F5_m7f4_P7_Y7_UO446,RD7_F8_m4f7_P4_Y5_UO233,RD4_F8_m4f3_P4_Y5_UO350,MXY,2,0.0,1,0,0.0,0,0,0,-9999.0,0.34375,1,P6_CV0,1,1,1,1,1
3,4.20367802087489,4.955022315058112,RD3_F5_m5f7_P5_Y8_UO150,RD5_F7_m4f8_P4_Y6_UO381,RD7_F4_m8f7_P8_Y6_UO559,FXX,1,0.0,0,0,0.0,0,0,0,-9999.0,0.4375,1,P7_CV0,1,2,0,2,0
3,4.20367802087489,4.955022315058112,RD3_F5_m5f7_P5_Y8_UO152,RD5_F7_m4f8_P4_Y6_UO381,RD7_F4_m8f7_P8_Y6_UO559,MXY,1,0.0,0,0,0.0,0,0,0,-9999.0,0.4375,1,P7_CV0,1,1,1,2,0
3,4.20367802087489,4.955022315058112,RD3_F5_m5f2_P5_Y8_UO322,RD5_F3_m2f3_P2_Y6_UO354,RD2_F5_m3f2_P3_Y4_UO542,FXX,1,0.0,0,0,0.0,0,0,0,-9999.0,0.390625,1,P7_CV0,1,2,0,2,0
3,4.20367802087489,4.955022315058112,RD3_F5_m5f4_P5_Y8_UO406,RD5_F7_m8f7_P8_Y6_UO233,RD4_F8_m4f7_P4_Y6_UO121,FXX,1,0.0,0,0,0.0,0,0,0,-9999.0,0.40625,1,P7_CV0,1,1,1,1,1
3,4.20367802087489,4.955022315058112,RD3_F5_m5f7_P5_Y8_UO639,RD5_F3_m5f2_P5_Y6_UO508,RD7_F4_m8f7_P8_Y6_UO559,FXX,1,0.0,0,0,0.0,0,0,0,-9999.0,0.375,1,P7_CV0,1,1,1,2,0
3,4.20367802087489,4.955022315058112,RD3_F6_m6f2_P6_Y8_UO82,RD6_F9_m1f10_P1_Y6_UO307,RD2_F9_m6f2_P6_Y6_UO431,MXY,1,0.0,0,0,0.0,0,0,0,-9999.0,0.46875,1,P7_CV0,1,1,1,2,0
3,4.20367802087489,4.955022315058112,RD3_F2_m8f4_P8_Y7_UO234,RD8_F6_m2f6_P2_Y5_UO1,RD4_F8_m4f7_P4_Y5_UO14,FXX,2,0.0,1,0,1.0,0,0,0,-9999.0,0.5625,1,P7_CV0,1,1,1,1,1
3,4.20367802087489,4.955022315058112,RD3_F7_m4f8_P4_Y7_UO316,RD4_F8_m4f7_P4_Y5_UO8,RD8_F7_m5f3_P5_Y5_UO259,FXX,2,0.0,1,0,1.0,0,0,0,-9999.0,0.3125,1,P7_CV0,1,0,2,0,2
3,4.20367802087489,4.955022315058112,RD3_F9_m6f2_P6_Y7_UO329,RD6_F9_m4f7_P4_Y5_UO11,RD2_F9_m9f3_P9_Y4_UO654,FXX,2,0.0,1,0,1.0,0,0,0,-9999.0,0.4375,1,P7_CV0,1,1,1,1,1
3,4.20367802087489,4.955022315058112,RD3_F5_m5f3_P5_Y8_UO4,RD5_F3_m5f3_P5_Y6_UO94,RD3_F5_m10f1_P10_Y6_UO572,FXX,1,0.0,0,0,0.0,0,0,0,-9999.0,0.4375,1,P8_CV0,1,0,2,2,0
3,4.20367802087489,4.955022315058112,RD3_F5_m5f3_P5_Y8_UO5,RD5_F3_m5f3_P5_Y6_UO94,RD3_F5_m10f1_P10_Y6_UO572,FXX,1,0.0,0,0,0.0,0,0,0,-9999.0,0.4375,1,P8_CV0,1,0,2,2,0
3,4.20367802087489,4.955022315058112,RD3_F5_m5f3_P5_Y8_UO7,RD5_F3_m5f3_P5_Y6_UO94,RD3_F5_m10f1_P10_Y6_UO572,MXY,1,0.0,0,0,0.0,0,0,0,-9999.0,0.4375,1,P8_CV0,1,0,2,1,1
3,4.20367802087489,4.955022315058112,RD3_F5_m5f3_P5_Y8_UO11,RD5_F7_m4f8_P4_Y6_UO381,RD3_F2_m6f2_P6_Y6_UO375,FXX,1,0.0,0,0,0.0,0,0,0,-9999.0,0.484375,1,P8_CV0,1,1,1,1,1
3,4.20367802087489,4.955022315058112,RD3_F5_m5f7_P5_Y8_UO147,RD5_F7_m4f8_P4_Y6_UO381,RD7_F4_m8f7_P8_Y6_UO559,MXY,1,0.0,0,0,0.0,0,0,0,-9999.0,0.4375,1,P8_CV0,1,2,0,2,0
3,4.20367802087489,4.955022315058112,RD3_F2_m9f2_P9_Y7_UO342,RD9_F2_m6f2_P6_Y5_UO220,RD2_F9_m2f3_P2_Y4_UO248,MXY,2,0.0,1,0,0.0,0,0,0,-9999.0,0.46875,1,P8_CV0,1,2,0,1,1
4,2.046486340378425,9.289064495259955,RD4_F3_m3f5_P3_Y8_UO61,RD3_F5_m3f1_P3_Y6_UO52,RD5_F4_m4f8_P4_Y5_UO118,MXY,1,0.0,0,0,0.0,0,0,0,-9999.0,0.453125,1,P0_CV0,1,2,0,1,1
4,2.046486340378425,9.289064495259955,RD4_F7_m7f4_P7_Y8_UO390,RD7_F8_m4f3_P4_Y6_UO450,RD4_F7_m4f7_P4_Y6_UO310,MXY,1,0.0,0,0,0.0,0,0,0,-9999.0,0.5,1,P1_CV0,1,2,0,1,1
4,2.046486340378425,9.289064495259955,RD4_F7_m7f4_P7_Y8_UO563,RD7_F4_m7f4_P7_Y6_UO620,RD4_F8_m6f2_P6_Y6_UO410,MXY,1,0.0,0,0,0.0,0,0,0,-9999.0,0.421875,1,P2_CV0,1,1,1,0,2
4,2.046486340378425,9.289064495259955,RD4_F8_m8f4_P8_Y8_UO577,RD8_F4_m8f7_P8_Y6_UO557,RD4_F8_m4f7_P4_Y6_UO744,FXX,1,0.0,0,0,0.0,0,0,0,-9999.0,0.421875,1,P2_CV0,1,2,0,1,1
4,2.046486340378425,9.289064495259955,RD4_F7_m7f4_P7_Y8_UO564,RD7_F4_m7f4_P7_Y6_UO620,RD4_F8_m6f2_P6_Y6_UO410,FXX,1,0.0,0,0,0.0,0,0,0,-9999.0,0.421875,1,P2_CV0,1,0,2,0,2
4,2.046486340378425,9.289064495259955,RD4_F7_m7f8_P7_Y8_UO318,RD7_F4_m7f4_P7_Y6_UO620,RD8_F4_m6f2_P6_Y6_UO239,MXY,1,0.0,0,0,0.0,0,0,0,-9999.0,0.46875,1,P2_CV0,1,0,2,0,2
4,2.046486340378425,9.289064495259955,RD4_F7_m7f8_P7_Y8_UO319,RD7_F4_m7f4_P7_Y6_UO620,RD8_F4_m6f2_P6_Y6_UO239,MXY,1,0.0,0,0,0.0,0,0,0,-9999.0,0.46875,1,P2_CV0,1,1,1,0,2
4,2.046486340378425,9.289064495259955,RD4_F7_m7f4_P7_Y8_UO231,RD7_F5_m3f5_P3_Y6_UO83,RD4_F7_m2f3_P2_Y6_UO360,MXY,1,0.0,0,0,0.0,0,0,0,-9999.0,0.40625,1,P2_CV0,1,2,0,1,1
4,2.046486340378425,9.289064495259955,RD4_F8_m8f4_P8_Y8_UO578,RD8_F4_m8f7_P8_Y6_UO557,RD4_F8_m4f7_P4_Y6_UO744,MXY,1,0.0,0,0,0.0,0,0,0,-9999.0,0.421875,1,P2_CV0,1,2,0,1,1
4,2.046486340378425,9.289064495259955,RD4_F8_m8f4_P8_Y8_UO495,RD8_F9_m7f4_P7_Y6_UO675,RD4_F8_m4f7_P4_Y6_UO121,MXY,1,0.0,0,0,0.0,0,0,0,-9999.0,0.359375,1,P2_CV0,1,2,0,1,1
4,2.046486340378425,9.289064495259955,RD4_F7_m7f8_P7_Y8_UO119,RD7_F4_m2f3_P2_Y6_UO649,RD8_F4_m2f3_P2_Y4_UO452,FXX,1,0.0,0,0,0.0,0,0,0,-9999.0,0.515625,1,P2_CV0,1,1,1,2,0
4,2.046486340378425,9.289064495259955,RD4_F6_m6f2_P6_Y8_UO16,RD6_F9_m3f5_P3_Y6_UO23,RD2_F1_m10f3_P10_Y6_UO468,FXX,1,0.0,0,0,0.0,0,0,0,-9999.0,0.484375,1,P2_CV0,1,1,1,1,1
4,2.046486340378425,9.289064495259955,RD4_F8_m8f4_P8_Y8_UO501,RD8_F9_m7f4_P7_Y6_UO675,RD4_F8_m4f7_P4_Y6_UO121,MXY,1,0.0,0,0,0.0,0,0,0,-9999.0,0.359375,1,P2_CV0,1,1,1,1,1
4,2.046486340378425,9.289064495259955,RD4_F8_m8f4_P8_Y8_UO499,RD8_F9_m7f4_P7_Y6_UO675,RD4_F8_m4f7_P4_Y6_UO121,MXY,1,0.0,0,0,0.0,0,0,0,-9999.0,0.359375,1,P2_CV0,1,1,1,2,0
4,2.046486340378425,9.289064495259955,RD4_F6_m6f2_P6_Y8_UO404,RD6_F2_m10f6_P10_Y6_UO541,RD2_F9_m2f3_P2_Y6_UO534,MXY,1,0.0,0,0,0.0,0,0,0,-9999.0,0.484375,1,P2_CV0,1,0,2,2,0
4,2.046486340378425,9.289064495259955,RD4_F7_m7f4_P7_Y8_UO567,RD7_F4_m7f4_P7_Y6_UO620,RD4_F8_m6f2_P6_Y6_UO410,FXX,1,0.0,0,0,0.0,0,0,0,-9999.0,0.421875,1,P2_CV0,1,0,2,0,2
4,2.046486340378425,9.289064495259955,RD4_F8_m4f7_P4_Y7_UO405,RD4_F8_m4f7_P4_Y5_UO234,RD7_F5_m1f5_P1_Y5_UO385,FXX,2,0.0,1,0,1.0,0,0,0,-9999.0,0.3125,1,P2_CV0,1,0,2,1,1
4,2.046486340378425,9.289064495259955,RD4_F8_m8f4_P8_Y8_UO662,RD8_F4_m8f7_P8_Y6_UO230,RD4_F8_m4f7_P4_Y6_UO128,MXY,1,0.0,0,0,0.0,0,0,0,-9999.0,0.53125,1,P3_CV0,1,0,2,2,0
4,2.046486340378425,9.289064495259955,RD4_F8_m8f4_P8_Y8_UO697,RD8_F4_m2f3_P2_Y6_UO256,RD4_F8_m4f8_P4_Y6_UO61,FXX,1,0.0,0,0,0.0,0,0,0,-9999.0,0.40625,1,P3_CV0,1,1,1,2,0
4,2.046486340378425,9.289064495259955,RD4_F7_m7f4_P7_Y8_UO588,RD7_F8_m4f8_P4_Y6_UO202,RD4_F8_m4f7_P4_Y6_UO309,FXX,1,0.0,0,0,0.0,0,0,0,-9999.0,0.453125,1,P3_CV0,1,0,2,0,2
4,2.046486340378425,9.289064495259955,RD4_F7_m7f4_P7_Y8_UO308,RD7_F8_m4f8_P4_Y6_UO599,RD4_F8_m4f8_P4_Y6_UO61,FXX,1,0.0,0,0,0.0,0,0,0,-9999.0,0.34375,1,P3_CV0,1,1,1,1,1
4,2.046486340378425,9.289064495259955,RD4_F7_m7f4_P7_Y8_UO590,RD7_F8_m4f7_P4_Y6_UO2,RD4_F7_m4f3_P4_Y6_UO443,MXY,1,0.0,0,0,0.0,0,0,0,-9999.0,0.375,1,P3_CV0,1,1,1,1,1
4,2.046486340378425,9.289064495259955,RD4_F7_m7f4_P7_Y8_UO30,RD7_F2_m6f2_P6_Y6_UO477,RD4_F8_m4f2_P4_Y6_UO694,MXY,1,0.0,0,0,0.0,0,0,0,-9999.0,0.359375,1,P3_CV0,1,2,0,0,2
4,2.046486340378425,9.289064495259955,RD4_F8_m8f4_P8_Y8_UO702,RD8_F4_m2f3_P2_Y6_UO256,RD4_F8_m4f8_P4_Y6_UO61,MXY,1,0.0,0,0,0.0,0,0,0,-9999.0,0.40625,1,P3_CV0,1,1,1,2,0
4,2.046486340378425,9.289064495259955,RD4_F7_m7f4_P7_Y8_UO314,RD7_F8_m4f8_P4_Y6_UO599,RD4_F8_m4f8_P4_Y6_UO61,MXY,1,0.0,0,0,0.0,0,0,0,-9999.0,0.34375,1,P3_CV0,1,1,1,2,0
4,2.046486340378425,9.289064495259955,RD4_F7_m7f4_P7_Y8_UO28,RD7_F2_m6f2_P6_Y6_UO477,RD4_F8_m4f2_P4_Y6_UO694,MXY,1,0.0,0,0,0.0,0,0,0,-9999.0,0.359375,1,P3_CV0,1,1,1,1,1
4,2.046486340378425,9.289064495259955,RD4_F8_m8f4_P8_Y8_UO253,RD8_F7_m4f7_P4_Y6_UO573,RD4_F8_m4f7_P4_Y6_UO128,FXX,1,0.0,0,0,0.0,0,0,0,-9999.0,0.53125,1,P3_CV0,1,1,1,2,0
4,2.046486340378425,9.289064495259955,RD4_F7_m7f4_P7_Y8_UO230,RD7_F5_m3f5_P3_Y6_UO83,RD4_F7_m2f3_P2_Y6_UO360,FXX,1,0.0,0,0,0.0,0,0,0,-9999.0,0.40625,1,P3_CV0,1,2,0,1,1
4,2.046486340378425,9.289064495259955,RD4_F5_m5f1_P5_Y8_UO596,RD5_F3_m5f3_P5_Y6_UO106,RD1_F10_m5f3_P5_Y6_UO596,FXX,1,0.0,0,0,0.0,0,0,0,-9999.0,0.453125,1,P3_CV0,1,2,0,1,1
4,2.046486340378425,9.289064495259955,RD4_F8_m8f4_P8_Y8_UO255,RD8_F7_m4f7_P4_Y6_UO573,RD4_F8_m4f7_P4_Y6_UO128,MXY,1,0.0,0,0,0.0,0,0,0,-9999.0,0.53125,1,P3_CV0,1,0,2,1,1
4,2.046486340378425,9.289064495259955,RD4_F8_m8f4_P8_Y8_UO733,RD8_F7_m4f7_P4_Y6_UO573,RD4_F8_m4f7_P4_Y6_UO128,MXY,1,0.0,0,0,0.0,0,0,0,-9999.0,0.53125,1,P3_CV0,1,1,1,1,1
4,2.046486340378425,9.289064495259955,RD4_F8_m8f4_P8_Y8_UO698,RD8_F4_m2f3_P2_Y6_UO256,RD4_F8_m4f8_P4_Y6_UO61,FXX,1,0.0,0,0,0.0,0,0,0,-9999.0,0.40625,1,P3_CV0,1,1,1,2,0
4,2.046486340378425,9.289064495259955,RD4_F8_m8f4_P8_Y8_UO731,RD8_F7_m4f7_P4_Y6_UO573,RD4_F8_m4f7_P4_Y6_UO128,FXX,1,0.0,0,0,0.0,0,0,0,-9999.0,0.53125,1,P3_CV0,1,1,1,1,1
4,2.046486340378425,9.289064495259955,RD4_F7_m7f4_P7_Y8_UO232,RD7_F5_m3f5_P3_Y6_UO83,RD4_F7_m2f3_P2_Y6_UO360,MXY,1,0.0,0,0,0.0,0,0,0,-9999.0,0.40625,1,P3_CV0,1,1,1,1,1
4,2.046486340378425,9.289064495259955,RD4_F8_m8f4_P8_Y8_UO699,RD8_F4_m2f3_P2_Y6_UO256,RD4_F8_m4f8_P4_Y6_UO61,MXY,1,0.0,0,0,0.0,0,0,0,-9999.0,0.40625,1,P3_CV0,1,1,1,1,1
4,2.046486340378425,9.289064495259955,RD4_F8_m8f4_P8_Y8_UO655,RD8_F4_m7f4_P7_Y6_UO271,RD4_F7_m2f3_P2_Y6_UO360,MXY,1,0.0,0,0,0.0,0,0,0,-9999.0,0.390625,1,P3_CV0,1,0,2,0,2
4,2.046486340378425,9.289064495259955,RD4_F7_m7f4_P7_Y8_UO313,RD7_F8_m4f8_P4_Y6_UO599,RD4_F8_m4f8_P4_Y6_UO61,MXY,1,0.0,0,0,0.0,0,0,0,-9999.0,0.34375,1,P3_CV0,1,1,1,1,1
4,2.046486340378425,9.289064495259955,RD4_F8_m8f4_P8_Y8_UO472,RD8_F4_m7f4_P7_Y6_UO304,RD4_F8_m7f4_P7_Y6_UO624,MXY,1,0.0,0,0,0.0,0,0,0,-9999.0,0.40625,1,P3_CV0,1,2,0,2,0
4,2.046486340378425,9.289064495259955,RD4_F7_m8f4_P8_Y7_UO528,RD8_F7_m4f3_P4_Y5_UO340,RD4_F8_m2f3_P2_Y4_UO452,FXX,2,0.0,1,0,1.0,0,0,0,-9999.0,0.46875,1,P3_CV0,1,1,1,1,1
4,2.046486340378425,9.289064495259955,RD4_F7_m4f7_P4_Y6_UO574,RD4_F8_m4f8_P4_Y4_UO639,RD7_F4_m7f2_P7_Y4_UO681,MXY,3,0.0,1,0,0.0,0,0,0,-9999.0,0.40625,1,P3_CV0,1,0,2,1,1
4,2.046486340378425,9.289064495259955,RD4_F7_m7f4_P7_Y8_UO355,RD7_F8_m4f7_P4_Y6_UO2,RD4_F8_m4f8_P4_Y6_UO61,MXY,1,0.0,0,0,0.0,0,0,0,-9999.0,0.359375,1,P4_CV0,1,2,0,1,1
4,2.046486340378425,9.289064495259955,RD4_F7_m7f4_P7_Y8_UO595,RD7_F8_m4f7_P4_Y6_UO2,RD4_F7_m4f3_P4_Y6_UO443,FXX,1,0.0,0,0,0.0,0,0,0,-9999.0,0.375,1,P4_CV0,1,0,2,1,1
4,2.046486340378425,9.289064495259955,RD4_F8_m8f4_P8_Y8_UO96,RD8_F7_m3f1_P3_Y6_UO53,RD4_F8_m4f7_P4_Y6_UO309,MXY,1,0.0,0,0,0.0,0,0,0,-9999.0,0.5625,1,P4_CV0,1,0,2,1,1
4,2.046486340378425,9.289064495259955,RD4_F7_m7f4_P7_Y8_UO311,RD7_F8_m4f8_P4_Y6_UO599,RD4_F8_m4f8_P4_Y6_UO61,MXY,1,0.0,0,0,0.0,0,0,0,-9999.0,0.34375,1,P4_CV0,1,1,1,1,1
4,2.046486340378425,9.289064495259955,RD4_F8_m8f4_P8_Y8_UO498,RD8_F9_m7f4_P7_Y6_UO675,RD4_F8_m4f7_P4_Y6_UO121,MXY,1,0.0,0,0,0.0,0,0,0,-9999.0,0.359375,1,P4_CV0,1,2,0,1,1
4,2.046486340378425,9.289064495259955,RD4_F8_m8f4_P8_Y8_UO98,RD8_F7_m3f1_P3_Y6_UO53,RD4_F8_m4f7_P4_Y6_UO309,MXY,1,0.0,0,0,0.0,0,0,0,-9999.0,0.5625,1,P4_CV0,1,2,0,1,1
4,2.046486340378425,9.289064495259955,RD4_F7_m7f4_P7_Y8_UO310,RD7_F8_m4f8_P4_Y6_UO599,RD4_F8_m4f8_P4_Y6_UO61,MXY,1,0.0,0,0,0.0,0,0,0,-9999.0,0.34375,1,P4_CV0,1,1,1,2,0
4,2.046486340378425,9.289064495259955,RD4_F7_m7f4_P7_Y8_UO592,RD7_F8_m4f7_P4_Y6_UO2,RD4_F7_m4f3_P4_Y6_UO443,MXY,1,0.0,0,0,0.0,0,0,0,-9999.0,0.375,1,P4_CV0,1,0,2,1,1
4,2.046486340378425,9.289064495259955,RD4_F7_m7f4_P7_Y8_UO591,RD7_F8_m4f7_P4_Y6_UO2,RD4_F7_m4f3_P4_Y6_UO443,FXX,1,0.0,0,0,0.0,0,0,0,-9999.0,0.375,1,P4_CV0,1,2,0,1,1
4,2.046486340378425,9.289064495259955,RD4_F8_m8f4_P8_Y8_UO502,RD8_F9_m7f4_P7_Y6_UO675,RD4_F8_m4f7_P4_Y6_UO121,FXX,1,0.0,0,0,0.0,0,0,0,-9999.0,0.359375,1,P4_CV0,1,0,2,1,1
4,2.046486340378425,9.289064495259955,RD4_F7_m4f7_P4_Y6_UO2,RD4_F8_m7f3_P7_Y4_UO621,RD7_F4_m7f4_P7_Y4_UO763,FXX,3,0.0,1,0,1.0,0,0,0,-9999.0,0.3125,1,P4_CV0,1,1,1,0,2
4,2.046486340378425,9.289064495259955,RD4_F8_m9f3_P9_Y4_UO654,RD9_F10_m6f7_P6_Y2_UO242,RD3_F2_m9f6_P9_Y2_UO588,MXY,5,0.0,1,0,0.0,0,0,0,-9999.0,0.4375,1,P4_CV0,1,1,1,0,2
4,2.046486340378425,9.289064495259955,RD4_F8_m8f4_P8_Y8_UO289,RD8_F4_m2f3_P2_Y6_UO256,RD4_F7_m6f2_P6_Y5_UO223,MXY,1,0.0,0,0,0.0,0,0,0,-9999.0,0.421875,1,P5_CV0,1,1,1,2,0
4,2.046486340378425,9.289064495259955,RD4_F8_m8f4_P8_Y8_UO345,RD8_F7_m4f7_P4_Y6_UO125,RD4_F7_m6f2_P6_Y5_UO223,MXY,1,0.0,0,0,0.0,0,0,0,-9999.0,0.46875,1,P5_CV0,1,1,1,1,1
4,2.046486340378425,9.289064495259955,RD4_F8_m8f4_P8_Y8_UO287,RD8_F4_m2f3_P2_Y6_UO256,RD4_F7_m6f2_P6_Y5_UO223,FXX,1,0.0,0,0,0.0,0,0,0,-9999.0,0.421875,1,P5_CV0,1,0,2,2,0
4,2.046486340378425,9.289064495259955,RD4_F7_m7f3_P7_Y8_UO71,RD7_F2_m6f2_P6_Y6_UO477,RD3_F2_m6f2_P6_Y6_UO375,MXY,1,0.0,0,0,0.0,0,0,0,-9999.0,0.4375,1,P5_CV0,1,2,0,0,2
4,2.046486340378425,9.289064495259955,RD4_F8_m8f4_P8_Y8_UO342,RD8_F7_m4f7_P4_Y6_UO125,RD4_F7_m6f2_P6_Y5_UO223,MXY,1,0.0,0,0,0.0,0,0,0,-9999.0,0.46875,1,P5_CV0,1,0,2,1,1
4,2.046486340378425,9.289064495259955,RD4_F8_m8f6_P8_Y8_UO39,RD8_F4_m7f4_P7_Y6_UO271,RD6_F9_m9f2_P9_Y5_UO231,MXY,1,0.0,0,0,0.0,0,0,0,-9999.0,0.40625,1,P5_CV0,1,0,2,0,2
4,2.046486340378425,9.289064495259955,RD4_F8_m8f4_P8_Y8_UO341,RD8_F7_m4f7_P4_Y6_UO125,RD4_F7_m6f2_P6_Y5_UO223,MXY,1,0.0,0,0,0.0,0,0,0,-9999.0,0.46875,1,P5_CV0,1,0,2,1,1
4,2.046486340378425,9.289064495259955,RD4_F2_m2f3_P2_Y8_UO442,RD2_F1_m10f6_P10_Y6_UO542,RD3_F2_m6f2_P6_Y6_UO375,FXX,1,0.0,0,0,0.0,0,0,0,-9999.0,0.453125,1,P5_CV0,1,1,1,1,1
4,2.046486340378425,9.289064495259955,RD4_F8_m8f4_P8_Y8_UO344,RD8_F7_m4f7_P4_Y6_UO125,RD4_F7_m6f2_P6_Y5_UO223,MXY,1,0.0,0,0,0.0,0,0,0,-9999.0,0.46875,1,P5_CV0,1,0,2,1,1
4,2.046486340378425,9.289064495259955,RD4_F7_m7f3_P7_Y8_UO69,RD7_F2_m6f2_P6_Y6_UO477,RD3_F2_m6f2_P6_Y6_UO375,MXY,1,0.0,0,0,0.0,0,0,0,-9999.0,0.4375,1,P5_CV0,1,2,0,1,1
4,2.046486340378425,9.289064495259955,RD4_F3_m5f3_P5_Y7_UO59,RD5_F9_m2f6_P2_Y5_UO241,RD3_F5_m1f10_P1_Y5_UO212,MXY,2,0.0,1,0,0.0,0,0,0,-9999.0,0.625,1,P5_CV0,1,1,1,1,1
4,2.046486340378425,9.289064495259955,RD4_F7_m7f4_P7_Y8_UO586,RD7_F8_m4f8_P4_Y6_UO202,RD4_F8_m4f7_P4_Y6_UO309,MXY,1,0.0,0,0,0.0,0,0,0,-9999.0,0.453125,1,P6_CV0,1,2,0,0,2
4,2.046486340378425,9.289064495259955,RD4_F7_m7f4_P7_Y8_UO387,RD7_F8_m4f3_P4_Y6_UO450,RD4_F7_m4f7_P4_Y6_UO310,MXY,1,0.0,0,0,0.0,0,0,0,-9999.0,0.5,1,P6_CV0,1,2,0,1,1
4,2.046486340378425,9.289064495259955,RD4_F7_m7f4_P7_Y8_UO385,RD7_F8_m4f3_P4_Y6_UO450,RD4_F7_m4f7_P4_Y6_UO310,FXX,1,0.0,0,0,0.0,0,0,0,-9999.0,0.5,1,P6_CV0,1,2,0,1,1
4,2.046486340378425,9.289064495259955,RD4_F7_m7f4_P7_Y8_UO376,RD7_F4_m8f4_P8_Y6_UO155,RD4_F8_m4f7_P4_Y6_UO121,FXX,1,0.0,0,0,0.0,0,0,0,-9999.0,0.421875,1,P6_CV0,1,1,1,2,0
4,2.046486340378425,9.289064495259955,RD4_F7_m7f4_P7_Y8_UO420,RD7_F5_m3f5_P3_Y6_UO83,RD4_F7_m4f7_P4_Y6_UO310,MXY,1,0.0,0,0,0.0,0,0,0,-9999.0,0.46875,1,P6_CV0,1,1,1,1,1
4,2.046486340378425,9.289064495259955,RD4_F8_m8f4_P8_Y8_UO686,RD8_F4_m7f4_P7_Y6_UO271,RD4_F7_m4f7_P4_Y6_UO310,MXY,1,0.0,0,0,0.0,0,0,0,-9999.0,0.453125,1,P6_CV0,1,1,1,0,2
4,2.046486340378425,9.289064495259955,RD4_F7_m7f4_P7_Y8_UO386,RD7_F8_m4f3_P4_Y6_UO450,RD4_F7_m4f7_P4_Y6_UO310,FXX,1,0.0,0,0,0.0,0,0,0,-9999.0,0.5,1,P6_CV0,1,2,0,1,1
4,2.046486340378425,9.289064495259955,RD4_F7_m7f3_P7_Y8_UO304,RD7_F4_m7f4_P7_Y6_UO268,RD3_F5_m5f3_P5_Y5_UO263,MXY,1,0.0,0,0,0.0,0,0,0,-9999.0,0.3125,1,P6_CV0,1,1,1,1,1
4,2.046486340378425,9.289064495259955,RD4_F8_m4f7_P4_Y7_UO406,RD4_F8_m4f7_P4_Y5_UO234,RD7_F5_m1f5_P1_Y5_UO385,FXX,2,0.0,1,0,1.0,0,0,0,-9999.0,0.3125,1,P6_CV0,1,0,2,2,0
4,2.046486340378425,9.289064495259955,RD4_F8_m4f7_P4_Y7_UO289,RD4_F8_m4f7_P4_Y5_UO234,RD7_F8_m4f7_P4_Y5_UO31,MXY,2,0.0,1,0,0.0,0,0,0,-9999.0,0.25,1,P6_CV0,1,0,2,1,1
4,2.046486340378425,9.289064495259955,RD4_F7_m4f7_P4_Y7_UO383,RD4_F7_m4f3_P4_Y5_UO343,RD7_F8_m4f7_P4_Y5_UO32,FXX,2,0.0,1,0,1.0,0,0,0,-9999.0,0.34375,1,P6_CV0,1,0,2,1,1
4,2.046486340378425,9.289064495259955,RD4_F8_m7f4_P7_Y6_UO634,RD7_F4_m7f3_P7_Y4_UO625,RD4_F8_m4f7_P4_Y4_UO685,MXY,3,0.0,1,0,0.0,0,0,0,-9999.0,0.3125,1,P6_CV0,1,0,2,1,1
4,2.046486340378425,9.289064495259955,RD4_F7_m7f8_P7_Y8_UO320,RD7_F4_m7f4_P7_Y6_UO620,RD8_F4_m6f2_P6_Y6_UO239,FXX,1,0.0,0,0,0.0,0,0,0,-9999.0,0.46875,1,P7_CV0,1,1,1,0,2
4,2.046486340378425,9.289064495259955,RD4_F8_m8f7_P8_Y8_UO131,RD8_F7_m4f7_P4_Y6_UO125,RD7_F5_m2f7_P2_Y5_UO252,MXY,1,0.0,0,0,0.0,0,0,0,-9999.0,0.46875,1,P7_CV0,1,2,0,2,0
4,2.046486340378425,9.289064495259955,RD4_F8_m8f4_P8_Y8_UO664,RD8_F4_m8f7_P8_Y6_UO230,RD4_F8_m4f7_P4_Y6_UO128,FXX,1,0.0,0,0,0.0,0,0,0,-9999.0,0.53125,1,P7_CV0,1,1,1,2,0
4,2.046486340378425,9.289064495259955,RD4_F7_m7f3_P7_Y8_UO636,RD7_F8_m4f8_P4_Y6_UO555,RD3_F5_m3f5_P3_Y6_UO527,FXX,1,0.0,0,0,0.0,0,0,0,-9999.0,0.5,1,P7_CV0,1,1,1,1,1
4,2.046486340378425,9.289064495259955,RD4_F8_m8f7_P8_Y8_UO130,RD8_F7_m4f7_P4_Y6_UO125,RD7_F5_m2f7_P2_Y5_UO252,FXX,1,0.0,0,0,0.0,0,0,0,-9999.0,0.46875,1,P7_CV0,1,1,1,2,0
4,2.046486340378425,9.289064495259955,RD4_F8_m8f4_P8_Y8_UO663,RD8_F4_m8f7_P8_Y6_UO230,RD4_F8_m4f7_P4_Y6_UO128,FXX,1,0.0,0,0,0.0,0,0,0,-9999.0,0.53125,1,P7_CV0,1,1,1,2,0
4,2.046486340378425,9.289064495259955,RD4_F7_m7f8_P7_Y8_UO316,RD7_F4_m7f4_P7_Y6_UO620,RD8_F4_m6f2_P6_Y6_UO239,FXX,1,0.0,0,0,0.0,0,0,0,-9999.0,0.46875,1,P7_CV0,1,0,2,0,2
4,2.046486340378425,9.289064495259955,RD4_F7_m8f7_P8_Y7_UO117,RD8_F6_m2f6_P2_Y5_UO1,RD7_F8_m4f7_P4_Y5_UO31,FXX,2,0.0,1,0,1.0,0,0,0,-9999.0,0.46875,1,P7_CV0,1,1,1,1,1
4,2.046486340378425,9.289064495259955,RD4_F7_m4f7_P4_Y7_UO152,RD4_F8_m4f8_P4_Y5_UO112,RD7_F8_m4f3_P4_Y5_UO345,FXX,2,0.0,1,0,1.0,0,0,0,-9999.0,0.34375,1,P7_CV0,1,0,2,1,1
4,2.046486340378425,9.289064495259955,RD4_F7_m4f8_P4_Y7_UO337,RD4_F7_m4f8_P4_Y5_UO114,RD8_F4_m2f7_P2_Y5_UO253,MXY,2,0.0,1,0,0.0,0,0,0,-9999.0,0.34375,1,P7_CV0,1,0,2,1,1
4,2.046486340378425,9.289064495259955,RD4_F7_m4f2_P4_Y7_UO322,RD4_F7_m4f3_P4_Y5_UO343,RD2_F6_m9f2_P9_Y5_UO87,MXY,2,0.0,1,0,0.0,0,0,0,-9999.0,0.4375,1,P7_CV0,1,1,1,0,2
4,2.046486340378425,9.289064495259955,RD4_F8_m4f7_P4_Y7_UO32,RD4_F8_m4f7_P4_Y5_UO8,RD7_F4_m4f8_P4_Y2_UO626,MXY,2,0.0,1,0,0.0,0,0,0,-9999.0,0.40625,1,P7_CV0,1,2,0,1,1
4,2.046486340378425,9.289064495259955,RD4_F8_m8f7_P8_Y6_UO557,RD8_F7_m6f2_P6_Y4_UO398,RD7_F4_m8f4_P8_Y4_UO267,FXX,3,0.0,1,0,1.0,0,0,0,-9999.0,0.375,1,P7_CV0,1,2,0,2,0
4,2.046486340378425,9.289064495259955,RD4_F8_m8f4_P8_Y8_UO516,RD8_F4_m8f7_P8_Y6_UO562,RD4_F7_m8f7_P8_Y6_UO314,MXY,1,0.0,0,0,0.0,0,0,0,-9999.0,0.390625,1,P8_CV0,1,2,0,2,0
4,2.046486340378425,9.289064495259955,RD4_F8_m8f4_P8_Y8_UO124,RD8_F7_m4f7_P4_Y6_UO573,RD4_F8_m4f5_P4_Y6_UO738,FXX,1,0.0,0,0,0.0,0,0,0,-9999.0,0.484375,1,P8_CV0,1,0,2,1,1
4,2.046486340378425,9.289064495259955,RD4_F8_m8f4_P8_Y8_UO286,RD8_F4_m2f3_P2_Y6_UO256,RD4_F7_m6f2_P6_Y5_UO223,FXX,1,0.0,0,0,0.0,0,0,0,-9999.0,0.421875,1,P8_CV0,1,1,1,2,0
4,2.046486340378425,9.289064495259955,RD4_F8_m8f4_P8_Y8_UO513,RD8_F4_m8f7_P8_Y6_UO562,RD4_F7_m8f7_P8_Y6_UO314,MXY,1,0.0,0,0,0.0,0,0,0,-9999.0,0.390625,1,P8_CV0,1,2,0,2,0
4,2.046486340378425,9.289064495259955,RD4_F8_m8f4_P8_Y8_UO515,RD8_F4_m8f7_P8_Y6_UO562,RD4_F7_m8f7_P8_Y6_UO314,MXY,1,0.0,0,0,0.0,0,0,0,-9999.0,0.390625,1,P8_CV0,1,2,0,2,0
5,2.9965467367452314,4.002409126542999,RD5_F2_m2f3_P2_Y8_UO382,RD2_F8_m4f7_P4_Y6_UO575,RD3_F5_m10f1_P10_Y6_UO572,FXX,1,0.0,0,0,0.0,0,0,0,-9999.0,0.421875,1,P0_CV0,1,1,1,0,2
5,2.9965467367452314,4.002409126542999,RD5_F3_m3f5_P3_Y8_UO59,RD3_F5_m3f1_P3_Y6_UO52,RD5_F4_m4f8_P4_Y5_UO118,FXX,1,0.0,0,0,0.0,0,0,0,-9999.0,0.453125,1,P0_CV0,1,2,0,1,1
5,2.9965467367452314,4.002409126542999,RD5_F3_m3f5_P3_Y8_UO62,RD3_F5_m3f1_P3_Y6_UO52,RD5_F4_m4f8_P4_Y5_UO118,FXX,1,0.0,0,0,0.0,0,0,0,-9999.0,0.453125,1,P0_CV0,1,2,0,1,1
5,2.9965467367452314,4.002409126542999,RD5_F3_m3f10_P3_Y8_UO145,RD3_F1_m10f3_P10_Y6_UO279,RD10_F1_m10f1_P10_Y6_UO710,FXX,1,0.0,0,0,0.0,0,0,0,-9999.0,0.515625,1,P0_CV0,1,0,2,2,0
5,2.9965467367452314,4.002409126542999,RD5_F3_m3f10_P3_Y8_UO146,RD3_F1_m10f3_P10_Y6_UO279,RD10_F1_m10f1_P10_Y6_UO710,MXY,1,0.0,0,0,0.0,0,0,0,-9999.0,0.515625,1,P0_CV0,1,0,2,1,1
5,2.9965467367452314,4.002409126542999,RD5_F3_m3f2_P3_Y8_UO278,RD3_F5_m3f1_P3_Y6_UO52,RD2_F8_m4f8_P4_Y6_UO553,FXX,1,0.0,0,0,0.0,0,0,0,-9999.0,0.609375,1,P0_CV0,1,2,0,2,0
5,2.9965467367452314,4.002409126542999,RD5_F3_m3f5_P3_Y8_UO362,RD3_F5_m3f1_P3_Y6_UO52,RD5_F1_m5f3_P5_Y6_UO252,MXY,1,0.0,0,0,0.0,0,0,0,-9999.0,0.53125,1,P0_CV0,1,2,0,1,1
5,2.9965467367452314,4.002409126542999,RD5_F3_m3f5_P3_Y8_UO366,RD3_F5_m3f1_P3_Y6_UO52,RD5_F1_m5f3_P5_Y6_UO252,FXX,1,0.0,0,0,0.0,0,0,0,-9999.0,0.53125,1,P0_CV0,1,1,1,1,1
5,2.9965467367452314,4.002409126542999,RD5_F3_m3f5_P3_Y8_UO370,RD3_F5_m3f1_P3_Y6_UO52,RD5_F1_m5f3_P5_Y6_UO252,MXY,1,0.0,0,0,0.0,0,0,0,-9999.0,0.53125,1,P0_CV0,1,1,1,1,1
5,2.9965467367452314,4.002409126542999,RD5_F3_m3f5_P3_Y8_UO429,RD3_F5_m3f1_P3_Y6_UO52,RD5_F9_m10f2_P10_Y6_UO294,MXY,1,0.0,0,0,0.0,0,0,0,-9999.0,0.609375,1,P0_CV0,1,2,0,2,0
5,2.9965467367452314,4.002409126542999,RD5_F3_m3f5_P3_Y8_UO430,RD3_F5_m3f1_P3_Y6_UO52,RD5_F9_m10f2_P10_Y6_UO294,FXX,1,0.0,0,0,0.0,0,0,0,-9999.0,0.609375,1,P0_CV0,1,1,1,2,0
5,2.9965467367452314,4.002409126542999,RD5_F3_m10f1_P10_Y6_UO572,RD10_F9_m2f3_P2_Y4_UO373,RD1_F2_m9f6_P9_Y4_UO366,MXY,3,0.0,1,0,0.0,0,0,0,-9999.0,0.4375,1,P0_CV0,1,0,2,1,1
5,2.9965467367452314,4.002409126542999,RD5_F1_m1f10_P1_Y8_UO186,RD1_F10_m3f5_P3_Y6_UO99,RD10_F1_m10f1_P10_Y6_UO531,MXY,1,0.0,0,0,0.0,0,0,0,-9999.0,0.5,1,P1_CV0,1,2,0,1,1
5,2.9965467367452314,4.002409126542999,RD5_F1_m1f10_P1_Y8_UO208,RD1_F6_m2f6_P2_Y6_UO611,RD10_F1_m10f1_P10_Y6_UO531,FXX,1,0.0,0,0,0.0,0,0,0,-9999.0,0.53125,1,P2_CV0,1,1,1,0,2
5,2.9965467367452314,4.002409126542999,RD5_F1_m1f10_P1_Y8_UO209,RD1_F6_m2f6_P2_Y6_UO611,RD10_F1_m10f1_P10_Y6_UO531,MXY,1,0.0,0,0,0.0,0,0,0,-9999.0,0.53125,1,P2_CV0,1,1,1,1,1
5,2.9965467367452314,4.002409126542999,RD5_F1_m1f10_P1_Y8_UO210,RD1_F6_m2f6_P2_Y6_UO611,RD10_F1_m10f1_P10_Y6_UO531,MXY,1,0.0,0,0,0.0,0,0,0,-9999.0,0.53125,1,P2_CV0,1,2,0,0,2
5,2.9965467367452314,4.002409126542999,RD5_F1_m1f5_P1_Y8_UO735,RD1_F3_m5f3_P5_Y6_UO116,RD5_F3_m5f9_P5_Y6_UO456,MXY,1,0.0,0,0,0.0,0,0,0,-9999.0,0.546875,1,P2_CV0,1,2,0,2,0
5,2.9965467367452314,4.002409126542999,RD5_F1_m1f5_P1_Y8_UO738,RD1_F3_m5f3_P5_Y6_UO116,RD5_F3_m5f9_P5_Y6_UO456,FXX,1,0.0,0,0,0.0,0,0,0,-9999.0,0.546875,1,P2_CV0,1,2,0,2,0
5,2.9965467367452314,4.002409126542999,RD5_F2_m2f7_P2_Y8_UO110,RD2_F1_m10f6_P10_Y6_UO542,RD7_F8_m4f7_P4_Y6_UO127,FXX,1,0.0,0,0,0.0,0,0,0,-9999.0,0.546875,1,P2_CV0,1,0,2,2,0
5,2.9965467367452314,4.002409126542999,RD5_F2_m2f7_P2_Y8_UO111,RD2_F1_m10f6_P10_Y6_UO542,RD7_F8_m4f7_P4_Y6_UO127,FXX,1,0.0,0,0,0.0,0,0,0,-9999.0,0.546875,1,P2_CV0,1,0,2,2,0
5,2.9965467367452314,4.002409126542999,RD5_F3_m3f10_P3_Y8_UO142,RD3_F1_m10f3_P10_Y6_UO279,RD10_F1_m10f1_P10_Y6_UO710,MXY,1,0.0,0,0,0.0,0,0,0,-9999.0,0.515625,1,P2_CV0,1,1,1,1,1
5,2.9965467367452314,4.002409126542999,RD5_F3_m3f10_P3_Y8_UO144,RD3_F1_m10f3_P10_Y6_UO279,RD10_F1_m10f1_P10_Y6_UO710,MXY,1,0.0,0,0,0.0,0,0,0,-9999.0,0.515625,1,P2_CV0,1,1,1,2,0
5,2.9965467367452314,4.002409126542999,RD5_F3_m3f5_P3_Y8_UO266,RD3_F5_m3f2_P3_Y6_UO689,RD5_F3_m6f2_P6_Y6_UO206,MXY,1,0.0,0,0,0.0,0,0,0,-9999.0,0.5625,1,P2_CV0,1,2,0,1,1
5,2.9965467367452314,4.002409126542999,RD5_F3_m3f5_P3_Y8_UO267,RD3_F5_m3f2_P3_Y6_UO689,RD5_F3_m6f2_P6_Y6_UO206,FXX,1,0.0,0,0,0.0,0,0,0,-9999.0,0.5625,1,P2_CV0,1,2,0,0,2
5,2.9965467367452314,4.002409126542999,RD5_F3_m3f5_P3_Y8_UO270,RD3_F5_m3f2_P3_Y6_UO689,RD5_F3_m6f2_P6_Y6_UO206,FXX,1,0.0,0,0,0.0,0,0,0,-9999.0,0.5625,1,P2_CV0,1,2,0,0,2
5,2.9965467367452314,4.002409126542999,RD5_F3_m3f6_P3_Y8_UO397,RD3_F5_m3f5_P3_Y6_UO289,RD6_F2_m3f5_P3_Y6_UO81,FXX,1,0.0,0,0,0.0,0,0,0,-9999.0,0.546875,1,P2_CV0,1,1,1,2,0
5,2.9965467367452314,4.002409126542999,RD5_F3_m3f6_P3_Y8_UO399,RD3_F5_m3f5_P3_Y6_UO289,RD6_F2_m3f5_P3_Y6_UO81,FXX,1,0.0,0,0,0.0,0,0,0,-9999.0,0.546875,1,P2_CV0,1,1,1,2,0
5,2.9965467367452314,4.002409126542999,RD5_F3_m3f6_P3_Y8_UO400,RD3_F5_m3f5_P3_Y6_UO289,RD6_F2_m3f5_P3_Y6_UO81,MXY,1,0.0,0,0,0.0,0,0,0,-9999.0,0.546875,1,P2_CV0,1,1,1,2,0
5,2.9965467367452314,4.002409126542999,RD5_F3_m3f5_P3_Y8_UO424,RD3_F5_m3f1_P3_Y6_UO52,RD5_F9_m10f2_P10_Y6_UO294,FXX,1,0.0,0,0,0.0,0,0,0,-9999.0,0.609375,1,P2_CV0,1,1,1,2,0
5,2.9965467367452314,4.002409126542999,RD5_F3_m3f5_P3_Y8_UO425,RD3_F5_m3f1_P3_Y6_UO52,RD5_F9_m10f2_P10_Y6_UO294,FXX,1,0.0,0,0,0.0,0,0,0,-9999.0,0.609375,1,P2_CV0,1,1,1,2,0
5,2.9965467367452314,4.002409126542999,RD5_F3_m3f5_P3_Y8_UO427,RD3_F5_m3f1_P3_Y6_UO52,RD5_F9_m10f2_P10_Y6_UO294,FXX,1,0.0,0,0,0.0,0,0,0,-9999.0,0.609375,1,P2_CV0,1,1,1,2,0
5,2.9965467367452314,4.002409126542999,RD5_F3_m3f5_P3_Y8_UO431,RD3_F5_m3f1_P3_Y6_UO52,RD5_F9_m10f2_P10_Y6_UO294,MXY,1,0.0,0,0,0.0,0,0,0,-9999.0,0.609375,1,P2_CV0,1,1,1,2,0
5,2.9965467367452314,4.002409126542999,RD5_F9_m9f3_P9_Y8_UO615,RD9_F2_m6f2_P6_Y6_UO208,RD3_F1_m5f9_P5_Y6_UO460,FXX,1,0.0,0,0,0.0,0,0,0,-9999.0,0.546875,1,P2_CV0,1,2,0,0,2
5,2.9965467367452314,4.002409126542999,RD5_F1_m5f3_P5_Y7_UO11,RD5_F9_m2f6_P2_Y5_UO241,RD3_F5_m3f5_P3_Y5_UO56,FXX,2,0.0,1,0,1.0,0,0,0,-9999.0,0.625,1,P2_CV0,1,2,0,1,1
5,2.9965467367452314,4.002409126542999,RD5_F2_m6f2_P6_Y7_UO187,RD6_F9_m6f9_P6_Y5_UO103,RD2_F9_m9f3_P9_Y4_UO654,FXX,2,0.0,1,0,1.0,0,0,0,-9999.0,0.4375,1,P2_CV0,1,1,1,1,1
5,2.9965467367452314,4.002409126542999,RD5_F3_m5f3_P5_Y7_UO1,RD5_F9_m2f6_P2_Y5_UO241,RD3_F5_m3f5_P3_Y5_UO56,FXX,2,0.0,1,0,1.0,0,0,0,-9999.0,0.625,1,P2_CV0,1,2,0,1,1
5,2.9965467367452314,4.002409126542999,RD5_F3_m2f3_P2_Y7_UO128,RD2_F9_m6f9_P6_Y5_UO26,RD3_F2_m1f5_P1_Y4_UO555,FXX,2,0.0,1,0,1.0,0,0,0,-9999.0,0.46875,1,P2_CV0,1,2,0,2,0
5,2.9965467367452314,4.002409126542999,RD5_F3_m2f3_P2_Y7_UO312,RD2_F9_m6f9_P6_Y5_UO26,RD3_F5_m3f5_P3_Y5_UO56,MXY,2,0.0,1,0,0.0,0,0,0,-9999.0,0.5,1,P2_CV0,1,1,1,2,0
5,2.9965467367452314,4.002409126542999,RD5_F3_m2f3_P2_Y7_UO393,RD2_F6_m2f6_P2_Y5_UO243,RD3_F10_m1f5_P1_Y5_UO393,FXX,2,0.0,1,0,1.0,0,0,0,-9999.0,0.53125,1,P2_CV0,1,1,1,2,0
5,2.9965467367452314,4.002409126542999,RD5_F3_m5f9_P5_Y6_UO460,RD5_F3_m5f3_P5_Y4_UO748,RD9_F6_m2f6_P2_Y4_UO32,MXY,3,0.0,1,0,0.0,0,0,0,-9999.0,0.53125,1,P2_CV0,1,1,1,1,1
5,2.9965467367452314,4.002409126542999,RD5_F3_m3f2_P3_Y6_UO689,RD3_F1_m10f1_P10_Y4_UO772,RD2_F9_m6f2_P6_Y4_UO461,FXX,3,0.0,1,0,1.0,0,0,0,-9999.0,0.5625,1,P2_CV0,1,2,0,1,1
5,2.9965467367452314,4.002409126542999,RD5_F1_m1f10_P1_Y8_UO127,RD1_F10_m1f5_P1_Y6_UO246,RD10_F1_m10f5_P10_Y6_UO321,FXX,1,0.0,0,0,0.0,0,0,0,-9999.0,0.4375,1,P3_CV0,1,1,1,0,2
5,2.9965467367452314,4.002409126542999,RD5_F1_m1f3_P1_Y8_UO504,RD1_F3_m5f3_P5_Y6_UO116,RD3_F2_m6f2_P6_Y6_UO375,FXX,1,0.0,0,0,0.0,0,0,0,-9999.0,0.515625,1,P3_CV0,1,2,0,2,0
5,2.9965467367452314,4.002409126542999,RD5_F1_m1f3_P1_Y8_UO505,RD1_F3_m5f3_P5_Y6_UO116,RD3_F2_m6f2_P6_Y6_UO375,FXX,1,0.0,0,0,0.0,0,0,0,-9999.0,0.515625,1,P3_CV0,1,2,0,2,0
5,2.9965467367452314,4.002409126542999,RD5_F2_m2f6_P2_Y8_UO34,RD2_F3_m5f3_P5_Y6_UO367,RD6_F8_m7f4_P7_Y6_UO341,FXX,1,0.0,0,0,0.0,0,0,0,-9999.0,0.46875,1,P3_CV0,1,0,2,1,1
5,2.9965467367452314,4.002409126542999,RD5_F2_m2f6_P2_Y8_UO557,RD2_F9_m6f2_P6_Y6_UO588,RD6_F9_m6f2_P6_Y6_UO427,MXY,1,0.0,0,0,0.0,0,0,0,-9999.0,0.421875,1,P3_CV0,1,1,1,0,2
5,2.9965467367452314,4.002409126542999,RD5_F3_m3f2_P3_Y8_UO274,RD3_F5_m3f1_P3_Y6_UO52,RD2_F8_m4f8_P4_Y6_UO553,MXY,1,0.0,0,0,0.0,0,0,0,-9999.0,0.609375,1,P3_CV0,1,2,0,1,1
5,2.9965467367452314,4.002409126542999,RD5_F3_m3f2_P3_Y8_UO276,RD3_F5_m3f1_P3_Y6_UO52,RD2_F8_m4f8_P4_Y6_UO553,FXX,1,0.0,0,0,0.0,0,0,0,-9999.0,0.609375,1,P3_CV0,1,2,0,2,0
5,2.9965467367452314,4.002409126542999,RD5_F3_m3f2_P3_Y8_UO277,RD3_F5_m3f1_P3_Y6_UO52,RD2_F8_m4f8_P4_Y6_UO553,MXY,1,0.0,0,0,0.0,0,0,0,-9999.0,0.609375,1,P3_CV0,1,1,1,1,1
5,2.9965467367452314,4.002409126542999,RD5_F7_m7f8_P7_Y8_UO121,RD7_F4_m2f3_P2_Y6_UO649,RD8_F4_m2f3_P2_Y4_UO452,FXX,1,0.0,0,0,0.0,0,0,0,-9999.0,0.515625,1,P3_CV0,1,2,0,1,1
5,2.9965467367452314,4.002409126542999,RD5_F7_m7f4_P7_Y8_UO233,RD7_F5_m3f5_P3_Y6_UO83,RD4_F7_m2f3_P2_Y6_UO360,FXX,1,0.0,0,0,0.0,0,0,0,-9999.0,0.40625,1,P3_CV0,1,1,1,1,1
5,2.9965467367452314,4.002409126542999,RD5_F7_m7f4_P7_Y8_UO593,RD7_F8_m4f7_P4_Y6_UO2,RD4_F7_m4f3_P4_Y6_UO443,FXX,1,0.0,0,0,0.0,0,0,0,-9999.0,0.375,1,P3_CV0,1,2,0,0,2
5,2.9965467367452314,4.002409126542999,RD5_F3_m2f6_P2_Y7_UO217,RD2_F9_m2f3_P2_Y5_UO380,RD6_F9_m6f2_P6_Y5_UO218,FXX,2,0.0,1,0,1.0,0,0,0,-9999.0,0.375,1,P3_CV0,1,1,1,1,1
5,2.9965467367452314,4.002409126542999,RD5_F9_m9f5_P9_Y8_UO709,RD9_F6_m2f4_P2_Y6_UO579,RD5_F1_m10f3_P10_Y6_UO467,FXX,1,0.0,0,0,0.0,0,0,0,-9999.0,0.5625,1,P4_CV0,1,0,2,0,2
5,2.9965467367452314,4.002409126542999,RD5_F3_m5f2_P5_Y7_UO542,RD5_F9_m2f6_P2_Y5_UO241,RD2_F9_m9f3_P9_Y4_UO654,MXY,2,0.0,1,0,0.0,0,0,0,-9999.0,0.5625,1,P4_CV0,1,1,1,0,2
5,2.9965467367452314,4.002409126542999,RD5_F3_m5f2_P5_Y7_UO538,RD5_F9_m2f6_P2_Y5_UO241,RD2_F9_m9f3_P9_Y4_UO654,FXX,2,0.0,1,0,1.0,0,0,0,-9999.0,0.5625,1,P4_CV0,1,1,1,1,1
5,2.9965467367452314,4.002409126542999,RD5_F3_m3f5_P3_Y8_UO263,RD3_F5_m3f2_P3_Y6_UO689,RD5_F3_m6f2_P6_Y6_UO206,FXX,1,0.0,0,0,0.0,0,0,0,-9999.0,0.5625,1,P5_CV0,1,2,0,1,1
5,2.9965467367452314,4.002409126542999,RD5_F3_m3f5_P3_Y8_UO265,RD3_F5_m3f2_P3_Y6_UO689,RD5_F3_m6f2_P6_Y6_UO206,MXY,1,0.0,0,0,0.0,0,0,0,-9999.0,0.5625,1,P5_CV0,1,2,0,0,2
5,2.9965467367452314,4.002409126542999,RD5_F3_m3f5_P3_Y8_UO268,RD3_F5_m3f2_P3_Y6_UO689,RD5_F3_m6f2_P6_Y6_UO206,MXY,1,0.0,0,0,0.0,0,0,0,-9999.0,0.5625,1,P5_CV0,1,2,0,1,1
5,2.9965467367452314,4.002409126542999,RD5_F3_m5f3_P5_Y7_UO415,RD5_F9_m2f6_P2_Y5_UO241,RD3_F9_m1f3_P1_Y4_UO710,FXX,2,0.0,1,0,1.0,0,0,0,-9999.0,0.53125,1,P5_CV0,1,2,0,1,1
5,2.9965467367452314,4.002409126542999,RD5_F3_m6f2_P6_Y7_UO264,RD6_F9_m6f9_P6_Y5_UO27,RD2_F6_m9f2_P9_Y5_UO87,MXY,2,0.0,1,0,0.0,0,0,0,-9999.0,0.4375,1,P5_CV0,1,1,1,1,1
5,2.9965467367452314,4.002409126542999,RD5_F3_m5f3_P5_Y7_UO65,RD5_F9_m2f6_P2_Y5_UO241,RD3_F5_m1f10_P1_Y5_UO212,FXX,2,0.0,1,0,1.0,0,0,0,-9999.0,0.625,1,P5_CV0,1,1,1,1,1
5,2.9965467367452314,4.002409126542999,RD5_F3_m5f3_P5_Y7_UO426,RD5_F9_m2f6_P2_Y5_UO241,RD3_F9_m1f3_P1_Y4_UO710,FXX,2,0.0,1,0,1.0,0,0,0,-9999.0,0.53125,1,P5_CV0,1,2,0,1,1
5,2.9965467367452314,4.002409126542999,RD5_F3_m5f3_P5_Y7_UO64,RD5_F9_m2f6_P2_Y5_UO241,RD3_F5_m1f10_P1_Y5_UO212,MXY,2,0.0,1,0,0.0,0,0,0,-9999.0,0.625,1,P5_CV0,1,2,0,1,1
5,2.9965467367452314,4.002409126542999,RD5_F3_m5f2_P5_Y7_UO536,RD5_F9_m2f6_P2_Y5_UO241,RD2_F9_m9f3_P9_Y4_UO654,MXY,2,0.0,1,0,0.0,0,0,0,-9999.0,0.5625,1,P5_CV0,1,1,1,1,1
5,2.9965467367452314,4.002409126542999,RD5_F3_m6f2_P6_Y7_UO357,RD6_F9_m6f2_P6_Y5_UO222,RD2_F6_m9f2_P9_Y5_UO87,FXX,2,0.0,1,0,1.0,0,0,0,-9999.0,0.4375,1,P5_CV0,1,1,1,0,2
5,2.9965467367452314,4.002409126542999,RD5_F3_m2f6_P2_Y7_UO20,RD2_F6_m2f7_P2_Y5_UO249,RD6_F9_m6f2_P6_Y5_UO363,MXY,2,0.0,1,0,0.0,0,0,0,-9999.0,0.4375,1,P5_CV0,1,1,1,2,0
5,2.9965467367452314,4.002409126542999,RD5_F3_m6f2_P6_Y6_UO375,RD6_F9_m6f2_P6_Y4_UO581,RD2_F3_m9f6_P9_Y4_UO278,MXY,3,0.0,1,0,0.0,0,0,0,-9999.0,0.46875,1,P5_CV0,1,2,0,1,1
5,2.9965467367452314,4.002409126542999,RD5_F1_m1f3_P1_Y8_UO327,RD1_F5_m3f5_P3_Y6_UO286,RD3_F1_m5f3_P5_Y6_UO389,MXY,1,0.0,0,0,0.0,0,0,0,-9999.0,0.46875,1,P6_CV0,1,2,0,1,1
5,2.9965467367452314,4.002409126542999,RD5_F3_m3f5_P3_Y8_UO63,RD3_F5_m3f1_P3_Y6_UO52,RD5_F4_m4f8_P4_Y5_UO118,FXX,1,0.0,0,0,0.0,0,0,0,-9999.0,0.453125,1,P6_CV0,1,2,0,1,1
5,2.9965467367452314,4.002409126542999,RD5_F1_m10f1_P10_Y7_UO376,RD10_F1_m10f3_P10_Y5_UO156,RD1_F10_m1f5_P1_Y5_UO387,MXY,2,0.0,1,0,0.0,0,0,0,-9999.0,0.4375,1,P6_CV0,1,1,1,1,1
5,2.9965467367452314,4.002409126542999,RD5_F2_m4f7_P4_Y7_UO408,RD4_F8_m4f7_P4_Y5_UO234,RD7_F5_m1f5_P1_Y5_UO385,FXX,2,0.0,1,0,1.0,0,0,0,-9999.0,0.3125,1,P6_CV0,1,0,2,2,0
5,2.9965467367452314,4.002409126542999,RD5_F3_m2f6_P2_Y7_UO481,RD2_F3_m2f6_P2_Y5_UO182,RD6_F2_m9f2_P9_Y5_UO293,MXY,2,0.0,1,0,0.0,0,0,0,-9999.0,0.15625,1,P6_CV0,1,0,2,1,1
5,2.9965467367452314,4.002409126542999,RD5_F3_m3f5_P3_Y8_UO360,RD3_F5_m3f1_P3_Y6_UO52,RD5_F1_m5f3_P5_Y6_UO252,MXY,1,0.0,0,0,0.0,0,0,0,-9999.0,0.53125,1,P7_CV0,1,2,0,1,1
5,2.9965467367452314,4.002409126542999,RD5_F3_m3f5_P3_Y8_UO367,RD3_F5_m3f1_P3_Y6_UO52,RD5_F1_m5f3_P5_Y6_UO252,FXX,1,0.0,0,0,0.0,0,0,0,-9999.0,0.53125,1,P7_CV0,1,2,0,1,1
5,2.9965467367452314,4.002409126542999,RD5_F3_m3f5_P3_Y8_UO368,RD3_F5_m3f1_P3_Y6_UO52,RD5_F1_m5f3_P5_Y6_UO252,MXY,1,0.0,0,0,0.0,0,0,0,-9999.0,0.53125,1,P7_CV0,1,2,0,1,1
5,2.9965467367452314,4.002409126542999,RD5_F3_m3f5_P3_Y8_UO371,RD3_F5_m3f1_P3_Y6_UO52,RD5_F1_m5f3_P5_Y6_UO252,FXX,1,0.0,0,0,0.0,0,0,0,-9999.0,0.53125,1,P7_CV0,1,1,1,1,1
5,2.9965467367452314,4.002409126542999,RD5_F3_m2f10_P2_Y7_UO379,RD2_F6_m9f2_P9_Y5_UO287,RD10_F9_m6f2_P6_Y5_UO137,FXX,2,0.0,1,0,1.0,0,0,0,-9999.0,0.3125,1,P7_CV0,1,1,1,1,1
5,2.9965467367452314,4.002409126542999,RD5_F3_m2f6_P2_Y7_UO333,RD2_F6_m9f2_P9_Y5_UO287,RD6_F9_m6f2_P6_Y5_UO96,FXX,2,0.0,1,0,1.0,0,0,0,-9999.0,0.28125,1,P7_CV0,1,1,1,2,0
5,2.9965467367452314,4.002409126542999,RD5_F3_m3f5_P3_Y6_UO486,RD3_F10_m1f3_P1_Y4_UO516,RD5_F3_m2f9_P2_Y4_UO756,MXY,3,0.0,1,0,0.0,0,0,0,-9999.0,0.4375,1,P7_CV0,1,1,1,1,1
5,2.9965467367452314,4.002409126542999,RD5_F1_m1f9_P1_Y8_UO468,RD1_F10_m1f10_P1_Y6_UO263,RD9_F6_m2f6_P2_Y6_UO665,MXY,1,0.0,0,0,0.0,0,0,0,-9999.0,0.484375,1,P9_CV0,1,2,0,1,1
5,2.9965467367452314,4.002409126542999,RD5_F1_m1f9_P1_Y6_UO214,RD1_F10_m1f10_P1_Y4_UO700,RD9_F10_m1f3_P1_Y4_UO710,MXY,3,0.0,1,0,0.0,0,0,0,-9999.0,0.5,1,P9_CV0,1,1,1,1,1
6,6.211338327692949,7.937131414155586,RD6_F2_m2f6_P2_Y8_UO197,RD2_F9_m6f2_P6_Y6_UO671,RD6_F9_m6f3_P6_Y6_UO722,FXX,1,0.0,0,0,0.0,0,0,0,-9999.0,0.5,1,P0_CV0,1,1,1,2,0
6,6.211338327692949,7.937131414155586,RD6_F2_m2f6_P2_Y8_UO195,RD2_F9_m6f2_P6_Y6_UO671,RD6_F9_m6f3_P6_Y6_UO722,MXY,1,0.0,0,0,0.0,0,0,0,-9999.0,0.5,1,P0_CV0,1,2,0,2,0
6,6.211338327692949,7.937131414155586,RD6_F9_m2f6_P2_Y6_UO665,RD2_F9_m2f3_P2_Y4_UO374,RD6_F9_m6f2_P6_Y4_UO421,MXY,3,0.0,1,0,0.0,0,0,0,-9999.0,0.40625,1,P0_CV0,1,1,1,1,1
6,6.211338327692949,7.937131414155586,RD6_F2_m2f3_P2_Y8_UO543,RD2_F9_m4f7_P4_Y6_UO424,RD3_F10_m6f9_P6_Y5_UO25,MXY,1,0.0,0,0,0.0,0,0,0,-9999.0,0.40625,1,P2_CV0,1,1,1,2,0
6,6.211338327692949,7.937131414155586,RD6_F8_m8f4_P8_Y8_UO471,RD8_F4_m7f4_P7_Y6_UO304,RD4_F8_m7f4_P7_Y6_UO624,FXX,1,0.0,0,0,0.0,0,0,0,-9999.0,0.40625,1,P2_CV0,1,1,1,2,0
6,6.211338327692949,7.937131414155586,RD6_F9_m9f5_P9_Y8_UO713,RD9_F6_m2f4_P2_Y6_UO579,RD5_F1_m10f3_P10_Y6_UO467,MXY,1,0.0,0,0,0.0,0,0,0,-9999.0,0.5625,1,P2_CV0,1,0,2,1,1
6,6.211338327692949,7.937131414155586,RD6_F4_m4f8_P4_Y8_UO413,RD4_F8_m2f3_P2_Y6_UO538,RD8_F7_m4f8_P4_Y6_UO513,FXX,1,0.0,0,0,0.0,0,0,0,-9999.0,0.546875,1,P2_CV0,1,1,1,2,0
6,6.211338327692949,7.937131414155586,RD6_F2_m2f6_P2_Y8_UO447,RD2_F1_m10f6_P10_Y6_UO542,RD6_F3_m1f5_P1_Y5_UO393,FXX,1,0.0,0,0,0.0,0,0,0,-9999.0,0.40625,1,P2_CV0,1,0,2,2,0
6,6.211338327692949,7.937131414155586,RD6_F2_m2f7_P2_Y8_UO109,RD2_F1_m10f6_P10_Y6_UO542,RD7_F8_m4f7_P4_Y6_UO127,MXY,1,0.0,0,0,0.0,0,0,0,-9999.0,0.546875,1,P2_CV0,1,0,2,2,0
6,6.211338327692949,7.937131414155586,RD6_F2_m2f3_P2_Y8_UO64,RD2_F3_m2f3_P2_Y6_UO650,RD3_F10_m6f9_P6_Y5_UO25,FXX,1,0.0,0,0,0.0,0,0,0,-9999.0,0.484375,1,P2_CV0,1,1,1,2,0
6,6.211338327692949,7.937131414155586,RD6_F9_m9f3_P9_Y8_UO613,RD9_F2_m6f2_P6_Y6_UO208,RD3_F1_m5f9_P5_Y6_UO460,FXX,1,0.0,0,0,0.0,0,0,0,-9999.0,0.546875,1,P2_CV0,1,2,0,0,2
6,6.211338327692949,7.937131414155586,RD6_F2_m2f6_P2_Y8_UO445,RD2_F1_m10f6_P10_Y6_UO542,RD6_F3_m1f5_P1_Y5_UO393,FXX,1,0.0,0,0,0.0,0,0,0,-9999.0,0.40625,1,P2_CV0,1,0,2,2,0
6,6.211338327692949,7.937131414155586,RD6_F9_m9f5_P9_Y8_UO719,RD9_F6_m2f4_P2_Y6_UO579,RD5_F1_m10f3_P10_Y6_UO467,FXX,1,0.0,0,0,0.0,0,0,0,-9999.0,0.5625,1,P2_CV0,1,0,2,1,1
6,6.211338327692949,7.937131414155586,RD6_F3_m3f6_P3_Y8_UO401,RD3_F5_m3f5_P3_Y6_UO289,RD6_F2_m3f5_P3_Y6_UO81,FXX,1,0.0,0,0,0.0,0,0,0,-9999.0,0.546875,1,P2_CV0,1,2,0,2,0
6,6.211338327692949,7.937131414155586,RD6_F9_m9f5_P9_Y8_UO712,RD9_F6_m2f4_P2_Y6_UO579,RD5_F1_m10f3_P10_Y6_UO467,FXX,1,0.0,0,0,0.0,0,0,0,-9999.0,0.5625,1,P2_CV0,1,0,2,0,2
6,6.211338327692949,7.937131414155586,RD6_F2_m2f3_P2_Y8_UO67,RD2_F3_m2f3_P2_Y6_UO650,RD3_F10_m6f9_P6_Y5_UO25,FXX,1,0.0,0,0,0.0,0,0,0,-9999.0,0.484375,1,P2_CV0,1,1,1,2,0
6,6.211338327692949,7.937131414155586,RD6_F9_m9f5_P9_Y8_UO718,RD9_F6_m2f4_P2_Y6_UO579,RD5_F1_m10f3_P10_Y6_UO467,FXX,1,0.0,0,0,0.0,0,0,0,-9999.0,0.5625,1,P2_CV0,1,0,2,0,2
6,6.211338327692949,7.937131414155586,RD6_F2_m2f6_P2_Y8_UO196,RD2_F9_m6f2_P6_Y6_UO671,RD6_F9_m6f3_P6_Y6_UO722,MXY,1,0.0,0,0,0.0,0,0,0,-9999.0,0.5,1,P2_CV0,1,1,1,1,1
6,6.211338327692949,7.937131414155586,RD6_F2_m2f3_P2_Y8_UO66,RD2_F3_m2f3_P2_Y6_UO650,RD3_F10_m6f9_P6_Y5_UO25,FXX,1,0.0,0,0,0.0,0,0,0,-9999.0,0.484375,1,P2_CV0,1,0,2,2,0
6,6.211338327692949,7.937131414155586,RD6_F2_m2f3_P2_Y8_UO443,RD2_F1_m10f6_P10_Y6_UO542,RD3_F2_m6f2_P6_Y6_UO375,MXY,1,0.0,0,0,0.0,0,0,0,-9999.0,0.453125,1,P2_CV0,1,1,1,2,0
6,6.211338327692949,7.937131414155586,RD6_F9_m9f5_P9_Y8_UO706,RD9_F6_m2f4_P2_Y6_UO579,RD5_F1_m10f3_P10_Y6_UO467,MXY,1,0.0,0,0,0.0,0,0,0,-9999.0,0.5625,1,P2_CV0,1,0,2,1,1
6,6.211338327692949,7.937131414155586,RD6_F2_m2f3_P2_Y8_UO68,RD2_F3_m2f3_P2_Y6_UO650,RD3_F10_m6f9_P6_Y5_UO25,FXX,1,0.0,0,0,0.0,0,0,0,-9999.0,0.484375,1,P2_CV0,1,1,1,2,0
6,6.211338327692949,7.937131414155586,RD6_F2_m2f6_P2_Y8_UO606,RD2_F3_m5f3_P5_Y6_UO367,RD6_F2_m6f2_P6_Y6_UO668,MXY,1,0.0,0,0,0.0,0,0,0,-9999.0,0.4375,1,P2_CV0,1,0,2,2,0
6,6.211338327692949,7.937131414155586,RD6_F9_m2f3_P2_Y7_UO306,RD2_F9_m6f9_P6_Y5_UO26,RD3_F5_m3f5_P3_Y5_UO56,MXY,2,0.0,1,0,0.0,0,0,0,-9999.0,0.5,1,P2_CV0,1,1,1,2,0
6,6.211338327692949,7.937131414155586,RD6_F9_m6f2_P6_Y7_UO107,RD6_F9_m6f9_P6_Y5_UO27,RD2_F9_m9f3_P9_Y4_UO654,MXY,2,0.0,1,0,0.0,0,0,0,-9999.0,0.4375,1,P2_CV0,1,0,2,0,2
6,6.211338327692949,7.937131414155586,RD6_F9_m6f9_P6_Y7_UO151,RD6_F9_m2f3_P2_Y5_UO121,RD9_F6_m10f1_P10_Y4_UO773,FXX,2,0.0,1,0,1.0,0,0,0,-9999.0,0.46875,1,P2_CV0,1,1,1,1,1
6,6.211338327692949,7.937131414155586,RD6_F9_m6f2_P6_Y7_UO105,RD6_F9_m6f9_P6_Y5_UO27,RD2_F9_m9f3_P9_Y4_UO654,MXY,2,0.0,1,0,0.0,0,0,0,-9999.0,0.4375,1,P2_CV0,1,0,2,0,2
6,6.211338327692949,7.937131414155586,RD6_F9_m2f3_P2_Y7_UO303,RD2_F9_m6f9_P6_Y5_UO26,RD3_F5_m3f5_P3_Y5_UO56,MXY,2,0.0,1,0,0.0,0,0,0,-9999.0,0.5,1,P2_CV0,1,1,1,2,0
6,6.211338327692949,7.937131414155586,RD6_F2_m3f5_P3_Y7_UO202,RD3_F2_m6f2_P6_Y5_UO132,RD5_F3_m3f2_P3_Y4_UO542,MXY,2,0.0,1,0,0.0,0,0,0,-9999.0,0.4375,1,P2_CV0,1,0,2,0,2
6,6.211338327692949,7.937131414155586,RD6_F2_m2f6_P2_Y8_UO335,RD2_F3_m2f3_P2_Y6_UO650,RD6_F8_m4f8_P4_Y6_UO260,FXX,1,0.0,0,0,0.0,0,0,0,-9999.0,0.421875,1,P3_CV0,1,2,0,1,1
6,6.211338327692949,7.937131414155586,RD6_F2_m2f6_P2_Y8_UO605,RD2_F3_m5f3_P5_Y6_UO367,RD6_F2_m6f2_P6_Y6_UO668,MXY,1,0.0,0,0,0.0,0,0,0,-9999.0,0.4375,1,P3_CV0,1,0,2,2,0
6,6.211338327692949,7.937131414155586,RD6_F2_m2f3_P2_Y8_UO207,RD2_F9_m4f7_P4_Y6_UO424,RD3_F2_m9f2_P9_Y6_UO186,FXX,1,0.0,0,0,0.0,0,0,0,-9999.0,0.375,1,P3_CV0,1,1,1,1,1
6,6.211338327692949,7.937131414155586,RD6_F9_m9f2_P9_Y8_UO168,RD9_F6_m2f4_P2_Y6_UO579,RD2_F3_m5f3_P5_Y6_UO140,MXY,1,0.0,0,0,0.0,0,0,0,-9999.0,0.5,1,P3_CV0,1,0,2,0,2
6,6.211338327692949,7.937131414155586,RD6_F9_m9f2_P9_Y8_UO171,RD9_F6_m2f4_P2_Y6_UO579,RD2_F3_m5f3_P5_Y6_UO140,MXY,1,0.0,0,0,0.0,0,0,0,-9999.0,0.5,1,P3_CV0,1,1,1,0,2
6,6.211338327692949,7.937131414155586,RD6_F2_m2f6_P2_Y8_UO437,RD2_F9_m2f6_P2_Y6_UO175,RD6_F8_m7f4_P7_Y6_UO341,FXX,1,0.0,0,0,0.0,0,0,0,-9999.0,0.46875,1,P3_CV0,1,1,1,1,1
6,6.211338327692949,7.937131414155586,RD6_F9_m9f2_P9_Y8_UO166,RD9_F6_m2f4_P2_Y6_UO579,RD2_F3_m5f3_P5_Y6_UO140,FXX,1,0.0,0,0,0.0,0,0,0,-9999.0,0.5,1,P3_CV0,1,1,1,1,1
6,6.211338327692949,7.937131414155586,RD6_F2_m2f6_P2_Y8_UO33,RD2_F3_m5f3_P5_Y6_UO367,RD6_F8_m7f4_P7_Y6_UO341,FXX,1,0.0,0,0,0.0,0,0,0,-9999.0,0.46875,1,P3_CV0,1,0,2,2,0
6,6.211338327692949,7.937131414155586,RD6_F9_m9f2_P9_Y8_UO173,RD9_F6_m2f4_P2_Y6_UO579,RD2_F3_m5f3_P5_Y6_UO140,FXX,1,0.0,0,0,0.0,0,0,0,-9999.0,0.5,1,P3_CV0,1,0,2,0,2
6,6.211338327692949,7.937131414155586,RD6_F8_m8f4_P8_Y8_UO252,RD8_F7_m4f7_P4_Y6_UO573,RD4_F8_m4f7_P4_Y6_UO128,MXY,1,0.0,0,0,0.0,0,0,0,-9999.0,0.53125,1,P3_CV0,1,1,1,1,1
6,6.211338327692949,7.937131414155586,RD6_F4_m4f7_P4_Y8_UO693,RD4_F7_m4f8_P4_Y6_UO312,RD7_F8_m4f7_P4_Y6_UO574,MXY,1,0.0,0,0,0.0,0,0,0,-9999.0,0.421875,1,P3_CV0,1,0,2,0,2
6,6.211338327692949,7.937131414155586,RD6_F2_m2f3_P2_Y8_UO561,RD2_F3_m5f3_P5_Y6_UO367,RD3_F2_m3f2_P3_Y6_UO692,FXX,1,0.0,0,0,0.0,0,0,0,-9999.0,0.484375,1,P3_CV0,1,1,1,0,2
6,6.211338327692949,7.937131414155586,RD6_F9_m9f2_P9_Y8_UO169,RD9_F6_m2f4_P2_Y6_UO579,RD2_F3_m5f3_P5_Y6_UO140,FXX,1,0.0,0,0,0.0,0,0,0,-9999.0,0.5,1,P3_CV0,1,1,1,0,2
6,6.211338327692949,7.937131414155586,RD6_F2_m2f6_P2_Y8_UO611,RD2_F8_m4f7_P4_Y6_UO575,RD6_F3_m1f5_P1_Y5_UO393,MXY,1,0.0,0,0,0.0,0,0,0,-9999.0,0.390625,1,P3_CV0,1,0,2,1,1
6,6.211338327692949,7.937131414155586,RD6_F2_m2f6_P2_Y8_UO35,RD2_F3_m5f3_P5_Y6_UO367,RD6_F8_m7f4_P7_Y6_UO341,FXX,1,0.0,0,0,0.0,0,0,0,-9999.0,0.46875,1,P3_CV0,1,0,2,2,0
6,6.211338327692949,7.937131414155586,RD6_F2_m2f6_P2_Y8_UO334,RD2_F3_m2f3_P2_Y6_UO650,RD6_F8_m4f8_P4_Y6_UO260,MXY,1,0.0,0,0,0.0,0,0,0,-9999.0,0.421875,1,P3_CV0,1,2,0,0,2
6,6.211338327692949,7.937131414155586,RD6_F9_m9f2_P9_Y8_UO163,RD9_F6_m2f4_P2_Y6_UO579,RD2_F3_m5f3_P5_Y6_UO140,MXY,1,0.0,0,0,0.0,0,0,0,-9999.0,0.5,1,P3_CV0,1,0,2,1,1
6,6.211338327692949,7.937131414155586,RD6_F2_m3f5_P3_Y7_UO204,RD3_F2_m6f2_P6_Y5_UO132,RD5_F3_m3f2_P3_Y4_UO542,FXX,2,0.0,1,0,1.0,0,0,0,-9999.0,0.4375,1,P3_CV0,1,0,2,2,0
6,6.211338327692949,7.937131414155586,RD6_F2_m4f8_P4_Y6_UO553,RD4_F7_m4f7_P4_Y4_UO295,RD8_F7_m8f4_P8_Y4_UO692,MXY,3,0.0,1,0,0.0,0,0,0,-9999.0,0.5625,1,P3_CV0,1,1,1,1,1
6,6.211338327692949,7.937131414155586,RD6_F2_m5f3_P5_Y4_UO246,RD5_F3_m5f7_P5_Y2_UO500,RD3_F5_m1f10_P1_Y2_UO201,FXX,5,0.0,1,0,1.0,0,0,0,-9999.0,0.375,1,P3_CV0,1,1,1,0,2
6,6.211338327692949,7.937131414155586,RD6_F9_m9f5_P9_Y8_UO714,RD9_F6_m2f4_P2_Y6_UO579,RD5_F1_m10f3_P10_Y6_UO467,MXY,1,0.0,0,0,0.0,0,0,0,-9999.0,0.5625,1,P4_CV0,1,0,2,0,2
6,6.211338327692949,7.937131414155586,RD6_F9_m9f5_P9_Y8_UO711,RD9_F6_m2f4_P2_Y6_UO579,RD5_F1_m10f3_P10_Y6_UO467,FXX,1,0.0,0,0,0.0,0,0,0,-9999.0,0.5625,1,P4_CV0,1,0,2,1,1
6,6.211338327692949,7.937131414155586,RD6_F9_m9f5_P9_Y8_UO710,RD9_F6_m2f4_P2_Y6_UO579,RD5_F1_m10f3_P10_Y6_UO467,FXX,1,0.0,0,0,0.0,0,0,0,-9999.0,0.5625,1,P4_CV0,1,0,2,1,1
6,6.211338327692949,7.937131414155586,RD6_F9_m9f5_P9_Y8_UO720,RD9_F6_m2f4_P2_Y6_UO579,RD5_F1_m10f3_P10_Y6_UO467,MXY,1,0.0,0,0,0.0,0,0,0,-9999.0,0.5625,1,P4_CV0,1,0,2,1,1
6,6.211338327692949,7.937131414155586,RD6_F9_m9f5_P9_Y8_UO707,RD9_F6_m2f4_P2_Y6_UO579,RD5_F1_m10f3_P10_Y6_UO467,FXX,1,0.0,0,0,0.0,0,0,0,-9999.0,0.5625,1,P4_CV0,1,0,2,1,1
6,6.211338327692949,7.937131414155586,RD6_F9_m9f5_P9_Y8_UO705,RD9_F6_m2f4_P2_Y6_UO579,RD5_F1_m10f3_P10_Y6_UO467,FXX,1,0.0,0,0,0.0,0,0,0,-9999.0,0.5625,1,P4_CV0,1,0,2,1,1
6,6.211338327692949,7.937131414155586,RD6_F9_m9f5_P9_Y8_UO708,RD9_F6_m2f4_P2_Y6_UO579,RD5_F1_m10f3_P10_Y6_UO467,MXY,1,0.0,0,0,0.0,0,0,0,-9999.0,0.5625,1,P4_CV0,1,0,2,1,1
6,6.211338327692949,7.937131414155586,RD6_F9_m9f2_P9_Y8_UO162,RD9_F6_m2f4_P2_Y6_UO579,RD2_F3_m5f3_P5_Y6_UO140,FXX,1,0.0,0,0,0.0,0,0,0,-9999.0,0.5,1,P4_CV0,1,0,2,0,2
6,6.211338327692949,7.937131414155586,RD6_F9_m9f2_P9_Y8_UO161,RD9_F6_m2f4_P2_Y6_UO579,RD2_F3_m5f3_P5_Y6_UO140,MXY,1,0.0,0,0,0.0,0,0,0,-9999.0,0.5,1,P4_CV0,1,0,2,0,2
6,6.211338327692949,7.937131414155586,RD6_F9_m6f2_P6_Y7_UO106,RD6_F9_m6f9_P6_Y5_UO27,RD2_F9_m9f3_P9_Y4_UO654,FXX,2,0.0,1,0,1.0,0,0,0,-9999.0,0.4375,1,P4_CV0,1,1,1,1,1
6,6.211338327692949,7.937131414155586,RD6_F9_m6f9_P6_Y7_UO486,RD6_F9_m6f9_P6_Y5_UO103,RD9_F2_m3f5_P3_Y4_UO445,MXY,2,0.0,1,0,0.0,0,0,0,-9999.0,0.5625,1,P4_CV0,1,0,2,2,0
6,6.211338327692949,7.937131414155586,RD6_F3_m2f6_P2_Y7_UO332,RD2_F6_m9f2_P9_Y5_UO287,RD6_F9_m6f2_P6_Y5_UO96,FXX,2,0.0,1,0,1.0,0,0,0,-9999.0,0.28125,1,P5_CV0,1,1,1,2,0
6,6.211338327692949,7.937131414155586,RD6_F9_m6f2_P6_Y7_UO261,RD6_F9_m6f9_P6_Y5_UO27,RD2_F6_m9f2_P9_Y5_UO87,FXX,2,0.0,1,0,1.0,0,0,0,-9999.0,0.4375,1,P5_CV0,1,1,1,2,0
6,6.211338327692949,7.937131414155586,RD6_F9_m6f2_P6_Y6_UO208,RD6_F9_m6f2_P6_Y4_UO389,RD2_F8_m4f7_P4_Y4_UO162,FXX,3,0.0,1,0,1.0,0,0,0,-9999.0,0.5625,1,P5_CV0,1,2,0,1,1
6,6.211338327692949,7.937131414155586,RD6_F9_m1f10_P1_Y5_UO208,RD1_F10_m2f4_P2_Y3_UO21,RD10_F5_m2f6_P2_Y2_UO686,FXX,4,0.0,1,0,1.0,0,0,0,-9999.0,0.5625,1,P5_CV0,1,1,1,2,0
6,6.211338327692949,7.937131414155586,RD6_F7_m7f4_P7_Y8_UO185,RD7_F8_m4f8_P4_Y6_UO202,RD4_F7_m2f3_P2_Y6_UO360,MXY,1,0.0,0,0,0.0,0,0,0,-9999.0,0.390625,1,P6_CV0,1,2,0,0,2
6,6.211338327692949,7.937131414155586,RD6_F2_m2f6_P2_Y8_UO433,RD2_F9_m2f6_P2_Y6_UO175,RD6_F8_m7f4_P7_Y6_UO341,FXX,1,0.0,0,0,0.0,0,0,0,-9999.0,0.46875,1,P6_CV0,1,1,1,1,1
6,6.211338327692949,7.937131414155586,RD6_F4_m4f7_P4_Y8_UO520,RD4_F7_m5f3_P5_Y6_UO592,RD7_F4_m8f4_P8_Y6_UO655,FXX,1,0.0,0,0,0.0,0,0,0,-9999.0,0.46875,1,P6_CV0,1,1,1,0,2
6,6.211338327692949,7.937131414155586,RD6_F2_m2f5_P2_Y8_UO476,RD2_F9_m3f5_P3_Y6_UO137,RD5_F7_m4f3_P4_Y5_UO345,MXY,1,0.0,0,0,0.0,0,0,0,-9999.0,0.46875,1,P6_CV0,1,2,0,0,2
6,6.211338327692949,7.937131414155586,RD6_F2_m2f6_P2_Y8_UO432,RD2_F9_m2f6_P2_Y6_UO175,RD6_F8_m7f4_P7_Y6_UO341,MXY,1,0.0,0,0,0.0,0,0,0,-9999.0,0.46875,1,P6_CV0,1,1,1,1,1
6,6.211338327692949,7.937131414155586,RD6_F2_m2f6_P2_Y8_UO435,RD2_F9_m2f6_P2_Y6_UO175,RD6_F8_m7f4_P7_Y6_UO341,MXY,1,0.0,0,0,0.0,0,0,0,-9999.0,0.46875,1,P6_CV0,1,1,1,1,1
6,6.211338327692949,7.937131414155586,RD6_F4_m4f8_P4_Y8_UO337,RD4_F8_m4f8_P4_Y6_UO62,RD8_F4_m7f4_P7_Y6_UO634,MXY,1,0.0,0,0,0.0,0,0,0,-9999.0,0.359375,1,P6_CV0,1,1,1,0,2
6,6.211338327692949,7.937131414155586,RD6_F9_m10f3_P10_Y7_UO460,RD10_F1_m2f3_P2_Y5_UO122,RD3_F9_m2f3_P2_Y5_UO381,FXX,2,0.0,1,0,1.0,0,0,0,-9999.0,0.3125,1,P6_CV0,1,0,2,1,1
6,6.211338327692949,7.937131414155586,RD6_F9_m6f4_P6_Y7_UO112,RD6_F9_m2f6_P2_Y5_UO23,RD4_F8_m4f7_P4_Y5_UO36,MXY,2,0.0,1,0,0.0,0,0,0,-9999.0,0.21875,1,P6_CV0,1,0,2,2,0
6,6.211338327692949,7.937131414155586,RD6_F9_m6f2_P6_Y7_UO182,RD6_F9_m2f3_P2_Y5_UO379,RD2_F9_m2f3_P2_Y4_UO248,FXX,2,0.0,1,0,1.0,0,0,0,-9999.0,0.40625,1,P6_CV0,1,1,1,0,2
6,6.211338327692949,7.937131414155586,RD6_F9_m6f4_P6_Y7_UO113,RD6_F9_m2f6_P2_Y5_UO23,RD4_F8_m4f7_P4_Y5_UO36,FXX,2,0.0,1,0,1.0,0,0,0,-9999.0,0.21875,1,P6_CV0,1,0,2,2,0
6,6.211338327692949,7.937131414155586,RD6_F7_m4f7_P4_Y7_UO411,RD4_F8_m4f7_P4_Y5_UO234,RD7_F5_m1f5_P1_Y5_UO385,FXX,2,0.0,1,0,1.0,0,0,0,-9999.0,0.3125,1,P6_CV0,1,0,2,2,0
6,6.211338327692949,7.937131414155586,RD6_F9_m2f6_P2_Y5_UO181,RD2_F3_m2f3_P2_Y3_UO342,RD6_F3_m7f4_P7_Y3_UO1,MXY,4,0.0,1,0,0.0,0,0,0,-9999.0,0.1875,1,P6_CV0,1,0,2,2,0
6,6.211338327692949,7.937131414155586,RD6_F2_m2f3_P2_Y8_UO247,RD2_F9_m6f2_P6_Y6_UO671,RD3_F2_m9f2_P9_Y6_UO186,MXY,1,0.0,0,0,0.0,0,0,0,-9999.0,0.421875,1,P7_CV0,1,1,1,0,2
6,6.211338327692949,7.937131414155586,RD6_F8_m8f7_P8_Y8_UO132,RD8_F7_m4f7_P4_Y6_UO125,RD7_F5_m2f7_P2_Y5_UO252,MXY,1,0.0,0,0,0.0,0,0,0,-9999.0,0.46875,1,P7_CV0,1,1,1,2,0
6,6.211338327692949,7.937131414155586,RD6_F5_m5f4_P5_Y8_UO409,RD5_F7_m8f7_P8_Y6_UO233,RD4_F8_m4f7_P4_Y6_UO121,MXY,1,0.0,0,0,0.0,0,0,0,-9999.0,0.40625,1,P7_CV0,1,1,1,1,1
6,6.211338327692949,7.937131414155586,RD6_F9_m2f10_P2_Y7_UO377,RD2_F6_m9f2_P9_Y5_UO287,RD10_F9_m6f2_P6_Y5_UO137,MXY,2,0.0,1,0,0.0,0,0,0,-9999.0,0.3125,1,P7_CV0,1,1,1,1,1
6,6.211338327692949,7.937131414155586,RD6_F9_m6f3_P6_Y7_UO259,RD6_F9_m6f2_P6_Y5_UO332,RD3_F9_m2f3_P2_Y5_UO381,FXX,2,0.0,1,0,1.0,0,0,0,-9999.0,0.34375,1,P7_CV0,1,1,1,2,0
6,6.211338327692949,7.937131414155586,RD6_F9_m2f10_P2_Y7_UO380,RD2_F6_m9f2_P9_Y5_UO287,RD10_F9_m6f2_P6_Y5_UO137,MXY,2,0.0,1,0,0.0,0,0,0,-9999.0,0.3125,1,P7_CV0,1,0,2,1,1
6,6.211338327692949,7.937131414155586,RD6_F9_m6f2_P6_Y7_UO327,RD6_F9_m4f7_P4_Y5_UO11,RD2_F9_m9f3_P9_Y4_UO654,FXX,2,0.0,1,0,1.0,0,0,0,-9999.0,0.4375,1,P7_CV0,1,1,1,1,1
6,6.211338327692949,7.937131414155586,RD6_F7_m4f7_P4_Y7_UO153,RD4_F8_m4f8_P4_Y5_UO112,RD7_F8_m4f3_P4_Y5_UO345,FXX,2,0.0,1,0,1.0,0,0,0,-9999.0,0.34375,1,P7_CV0,1,1,1,0,2
6,6.211338327692949,7.937131414155586,RD6_F9_m6f2_P6_Y5_UO193,RD6_F9_m6f2_P6_Y3_UO362,RD2_F8_m4f7_P4_Y3_UO108,MXY,4,0.0,1,0,0.0,0,0,0,-9999.0,0.3125,1,P7_CV0,1,0,2,2,0
6,6.211338327692949,7.937131414155586,RD6_F9_m6f3_P6_Y5_UO318,RD6_F9_m6f9_P6_Y3_UO64,RD3_F2_m6f2_P6_Y2_UO469,MXY,4,0.0,1,0,0.0,0,0,0,-9999.0,0.5625,1,P7_CV0,1,2,0,0,2
6,6.211338327692949,7.937131414155586,RD6_F8_m8f4_P8_Y8_UO695,RD8_F4_m2f3_P2_Y6_UO256,RD4_F8_m4f8_P4_Y6_UO61,FXX,1,0.0,0,0,0.0,0,0,0,-9999.0,0.40625,1,P8_CV0,1,1,1,2,0
6,6.211338327692949,7.937131414155586,RD6_F9_m6f2_P6_Y7_UO358,RD6_F9_m6f2_P6_Y5_UO222,RD2_F6_m9f2_P9_Y5_UO87,FXX,2,0.0,1,0,1.0,0,0,0,-9999.0,0.4375,1,P8_CV0,1,1,1,1,1
6,6.211338327692949,7.937131414155586,RD6_F9_m1f3_P1_Y6_UO435,RD1_F10_m1f5_P1_Y4_UO556,RD3_F5_m3f5_P3_Y4_UO604,FXX,3,0.0,1,0,1.0,0,0,0,-9999.0,0.4375,1,P8_CV0,1,0,2,2,0
7,1.3457994534493356,7.703671818986196,RD7_F2_m2f3_P2_Y8_UO380,RD2_F8_m4f7_P4_Y6_UO575,RD3_F5_m10f1_P10_Y6_UO572,MXY,1,0.0,0,0,0.0,0,0,0,-9999.0,0.421875,1,P0_CV0,1,0,2,0,2
7,1.3457994534493356,7.703671818986196,RD7_F3_m3f5_P3_Y8_UO58,RD3_F5_m3f1_P3_Y6_UO52,RD5_F4_m4f8_P4_Y5_UO118,MXY,1,0.0,0,0,0.0,0,0,0,-9999.0,0.453125,1,P0_CV0,1,2,0,1,1
7,1.3457994534493356,7.703671818986196,RD7_F3_m3f5_P3_Y8_UO60,RD3_F5_m3f1_P3_Y6_UO52,RD5_F4_m4f8_P4_Y5_UO118,FXX,1,0.0,0,0,0.0,0,0,0,-9999.0,0.453125,1,P0_CV0,1,2,0,1,1
7,1.3457994534493356,7.703671818986196,RD7_F4_m4f7_P4_Y8_UO694,RD4_F7_m4f8_P4_Y6_UO312,RD7_F8_m4f7_P4_Y6_UO574,FXX,1,0.0,0,0,0.0,0,0,0,-9999.0,0.421875,1,P0_CV0,1,0,2,0,2
7,1.3457994534493356,7.703671818986196,RD7_F6_m6f2_P6_Y8_UO549,RD6_F9_m6f3_P6_Y6_UO721,RD2_F9_m2f6_P2_Y5_UO18,MXY,1,0.0,0,0,0.0,0,0,0,-9999.0,0.359375,1,P0_CV0,1,0,2,1,1
7,1.3457994534493356,7.703671818986196,RD7_F4_m4f8_P4_Y8_UO628,RD4_F8_m3f5_P3_Y6_UO98,RD8_F7_m2f3_P2_Y6_UO257,MXY,1,0.0,0,0,0.0,0,0,0,-9999.0,0.4375,1,P1_CV0,1,1,1,1,1
7,1.3457994534493356,7.703671818986196,RD7_F2_m2f6_P2_Y8_UO333,RD2_F3_m2f3_P2_Y6_UO650,RD6_F8_m4f8_P4_Y6_UO260,FXX,1,0.0,0,0,0.0,0,0,0,-9999.0,0.421875,1,P2_CV0,1,1,1,1,1
7,1.3457994534493356,7.703671818986196,RD7_F3_m3f10_P3_Y8_UO143,RD3_F1_m10f3_P10_Y6_UO279,RD10_F1_m10f1_P10_Y6_UO710,MXY,1,0.0,0,0,0.0,0,0,0,-9999.0,0.515625,1,P2_CV0,1,1,1,2,0
7,1.3457994534493356,7.703671818986196,RD7_F4_m4f7_P4_Y8_UO101,RD4_F7_m4f7_P4_Y6_UO604,RD7_F4_m8f4_P8_Y6_UO655,MXY,1,0.0,0,0,0.0,0,0,0,-9999.0,0.484375,1,P2_CV0,1,2,0,0,2
7,1.3457994534493356,7.703671818986196,RD7_F4_m4f7_P4_Y8_UO226,RD4_F7_m5f3_P5_Y6_UO96,RD7_F5_m2f7_P2_Y5_UO252,MXY,1,0.0,0,0,0.0,0,0,0,-9999.0,0.4375,1,P2_CV0,1,0,2,2,0
7,1.3457994534493356,7.703671818986196,RD7_F4_m4f8_P4_Y8_UO411,RD4_F8_m2f3_P2_Y6_UO538,RD8_F7_m4f8_P4_Y6_UO513,FXX,1,0.0,0,0,0.0,0,0,0,-9999.0,0.546875,1,P2_CV0,1,1,1,2,0
7,1.3457994534493356,7.703671818986196,RD7_F4_m4f8_P4_Y8_UO677,RD4_F8_m4f7_P4_Y6_UO58,RD8_F7_m4f7_P4_Y6_UO38,MXY,1,0.0,0,0,0.0,0,0,0,-9999.0,0.46875,1,P2_CV0,1,1,1,1,1
7,1.3457994534493356,7.703671818986196,RD7_F6_m6f2_P6_Y8_UO403,RD6_F2_m10f6_P10_Y6_UO541,RD2_F9_m2f3_P2_Y6_UO534,MXY,1,0.0,0,0,0.0,0,0,0,-9999.0,0.484375,1,P2_CV0,1,0,2,2,0
7,1.3457994534493356,7.703671818986196,RD7_F8_m8f4_P8_Y8_UO579,RD8_F4_m8f7_P8_Y6_UO557,RD4_F8_m4f7_P4_Y6_UO744,FXX,1,0.0,0,0,0.0,0,0,0,-9999.0,0.421875,1,P2_CV0,1,2,0,2,0
7,1.3457994534493356,7.703671818986196,RD7_F2_m2f3_P2_Y8_UO379,RD2_F8_m4f7_P4_Y6_UO575,RD3_F5_m10f1_P10_Y6_UO572,MXY,1,0.0,0,0,0.0,0,0,0,-9999.0,0.421875,1,P3_CV0,1,0,2,1,1
7,1.3457994534493356,7.703671818986196,RD7_F4_m4f7_P4_Y8_UO75,RD4_F8_m4f7_P4_Y6_UO1,RD7_F8_m4f7_P4_Y6_UO127,FXX,1,0.0,0,0,0.0,0,0,0,-9999.0,0.515625,1,P3_CV0,1,1,1,2,0
7,1.3457994534493356,7.703671818986196,RD7_F4_m4f7_P4_Y8_UO76,RD4_F8_m4f7_P4_Y6_UO1,RD7_F8_m4f7_P4_Y6_UO127,MXY,1,0.0,0,0,0.0,0,0,0,-9999.0,0.515625,1,P3_CV0,1,1,1,2,0
7,1.3457994534493356,7.703671818986196,RD7_F4_m4f2_P4_Y8_UO136,RD4_F8_m4f7_P4_Y6_UO1,RD2_F9_m2f6_P2_Y5_UO18,FXX,1,0.0,0,0,0.0,0,0,0,-9999.0,0.28125,1,P3_CV0,1,0,2,1,1
7,1.3457994534493356,7.703671818986196,RD7_F4_m4f8_P4_Y8_UO544,RD4_F8_m4f7_P4_Y6_UO1,RD8_F4_m6f2_P6_Y6_UO239,MXY,1,0.0,0,0,0.0,0,0,0,-9999.0,0.4375,1,P3_CV0,1,1,1,1,1
7,1.3457994534493356,7.703671818986196,RD7_F4_m4f8_P4_Y8_UO651,RD4_F8_m4f7_P4_Y6_UO58,RD8_F4_m7f2_P7_Y6_UO22,MXY,1,0.0,0,0,0.0,0,0,0,-9999.0,0.328125,1,P3_CV0,1,1,1,1,1
7,1.3457994534493356,7.703671818986196,RD7_F4_m4f7_P4_Y8_UO692,RD4_F7_m4f8_P4_Y6_UO312,RD7_F8_m4f7_P4_Y6_UO574,FXX,1,0.0,0,0,0.0,0,0,0,-9999.0,0.421875,1,P3_CV0,1,0,2,0,2
7,1.3457994534493356,7.703671818986196,RD7_F8_m8f4_P8_Y8_UO256,RD8_F7_m4f7_P4_Y6_UO573,RD4_F8_m4f7_P4_Y6_UO128,MXY,1,0.0,0,0,0.0,0,0,0,-9999.0,0.53125,1,P3_CV0,1,0,2,2,0
7,1.3457994534493356,7.703671818986196,RD7_F8_m8f4_P8_Y8_UO696,RD8_F4_m2f3_P2_Y6_UO256,RD4_F8_m4f8_P4_Y6_UO61,MXY,1,0.0,0,0,0.0,0,0,0,-9999.0,0.40625,1,P3_CV0,1,2,0,2,0
7,1.3457994534493356,7.703671818986196,RD7_F8_m8f4_P8_Y8_UO730,RD8_F7_m4f7_P4_Y6_UO573,RD4_F8_m4f7_P4_Y6_UO128,FXX,1,0.0,0,0,0.0,0,0,0,-9999.0,0.53125,1,P3_CV0,1,0,2,1,1
7,1.3457994534493356,7.703671818986196,RD7_F8_m8f4_P8_Y8_UO732,RD8_F7_m4f7_P4_Y6_UO573,RD4_F8_m4f7_P4_Y6_UO128,FXX,1,0.0,0,0,0.0,0,0,0,-9999.0,0.53125,1,P3_CV0,1,2,0,2,0
7,1.3457994534493356,7.703671818986196,RD7_F4_m7f4_P7_Y7_UO175,RD7_F8_m4f7_P4_Y5_UO233,RD4_F8_m8f4_P8_Y4_UO687,FXX,2,0.0,1,0,1.0,0,0,0,-9999.0,0.4375,1,P3_CV0,1,1,1,1,1
7,1.3457994534493356,7.703671818986196,RD7_F4_m4f7_P4_Y6_UO58,RD4_F8_m4f7_P4_Y4_UO504,RD7_F8_m4f8_P4_Y4_UO61,FXX,3,0.0,1,0,1.0,0,0,0,-9999.0,0.34375,1,P3_CV0,1,1,1,2,0
7,1.3457994534493356,7.703671818986196,RD7_F4_m4f7_P4_Y8_UO74,RD4_F8_m4f7_P4_Y6_UO1,RD7_F8_m4f7_P4_Y6_UO127,MXY,1,0.0,0,0,0.0,0,0,0,-9999.0,0.515625,1,P4_CV0,1,0,2,2,0
7,1.3457994534493356,7.703671818986196,RD7_F4_m4f7_P4_Y8_UO458,RD4_F8_m4f8_P4_Y6_UO17,RD7_F8_m4f7_P4_Y6_UO127,MXY,1,0.0,0,0,0.0,0,0,0,-9999.0,0.609375,1,P4_CV0,1,1,1,2,0
7,1.3457994534493356,7.703671818986196,RD7_F4_m4f7_P4_Y8_UO459,RD4_F8_m4f8_P4_Y6_UO17,RD7_F8_m4f7_P4_Y6_UO127,FXX,1,0.0,0,0,0.0,0,0,0,-9999.0,0.609375,1,P4_CV0,1,1,1,2,0
7,1.3457994534493356,7.703671818986196,RD7_F4_m4f7_P4_Y8_UO461,RD4_F8_m4f8_P4_Y6_UO17,RD7_F8_m4f7_P4_Y6_UO127,MXY,1,0.0,0,0,0.0,0,0,0,-9999.0,0.609375,1,P4_CV0,1,1,1,2,0
7,1.3457994534493356,7.703671818986196,RD7_F4_m4f7_P4_Y8_UO474,RD4_F8_m4f8_P4_Y6_UO17,RD7_F8_m4f7_P4_Y6_UO127,MXY,1,0.0,0,0,0.0,0,0,0,-9999.0,0.609375,1,P4_CV0,1,1,1,2,0
7,1.3457994534493356,7.703671818986196,RD7_F6_m6f2_P6_Y8_UO537,RD6_F9_m10f1_P10_Y6_UO712,RD2_F5_m3f5_P3_Y6_UO15,MXY,1,0.0,0,0,0.0,0,0,0,-9999.0,0.453125,1,P4_CV0,1,1,1,0,2
7,1.3457994534493356,7.703671818986196,RD7_F8_m8f4_P8_Y8_UO95,RD8_F7_m3f1_P3_Y6_UO53,RD4_F8_m4f7_P4_Y6_UO309,MXY,1,0.0,0,0,0.0,0,0,0,-9999.0,0.5625,1,P4_CV0,1,1,1,1,1
7,1.3457994534493356,7.703671818986196,RD7_F8_m3f1_P3_Y6_UO53,RD3_F5_m3f5_P3_Y4_UO444,RD1_F10_m1f10_P1_Y4_UO697,FXX,3,0.0,1,0,1.0,0,0,0,-9999.0,0.65625,1,P4_CV0,1,1,1,2,0
7,1.3457994534493356,7.703671818986196,RD7_F4_m4f2_P4_Y8_UO138,RD4_F8_m4f7_P4_Y6_UO1,RD2_F9_m2f6_P2_Y5_UO18,MXY,1,0.0,0,0,0.0,0,0,0,-9999.0,0.28125,1,P5_CV0,1,0,2,2,0
7,1.3457994534493356,7.703671818986196,RD7_F4_m4f2_P4_Y8_UO181,RD4_F8_m4f7_P4_Y6_UO170,RD2_F9_m6f2_P6_Y6_UO431,MXY,1,0.0,0,0,0.0,0,0,0,-9999.0,0.46875,1,P5_CV0,1,0,2,2,0
7,1.3457994534493356,7.703671818986196,RD7_F4_m4f8_P4_Y8_UO652,RD4_F8_m4f7_P4_Y6_UO58,RD8_F4_m7f2_P7_Y6_UO22,FXX,1,0.0,0,0,0.0,0,0,0,-9999.0,0.328125,1,P5_CV0,1,2,0,2,0
7,1.3457994534493356,7.703671818986196,RD7_F4_m4f8_P4_Y8_UO653,RD4_F8_m4f7_P4_Y6_UO58,RD8_F4_m7f2_P7_Y6_UO22,FXX,1,0.0,0,0,0.0,0,0,0,-9999.0,0.328125,1,P5_CV0,1,1,1,2,0
7,1.3457994534493356,7.703671818986196,RD7_F4_m4f8_P4_Y8_UO654,RD4_F8_m4f7_P4_Y6_UO58,RD8_F4_m7f2_P7_Y6_UO22,FXX,1,0.0,0,0,0.0,0,0,0,-9999.0,0.328125,1,P5_CV0,1,2,0,1,1
7,1.3457994534493356,7.703671818986196,RD7_F8_m8f6_P8_Y8_UO42,RD8_F4_m7f4_P7_Y6_UO271,RD6_F9_m9f2_P9_Y5_UO231,FXX,1,0.0,0,0,0.0,0,0,0,-9999.0,0.40625,1,P5_CV0,1,0,2,0,2
7,1.3457994534493356,7.703671818986196,RD7_F8_m8f4_P8_Y8_UO290,RD8_F4_m2f3_P2_Y6_UO256,RD4_F7_m6f2_P6_Y5_UO223,FXX,1,0.0,0,0,0.0,0,0,0,-9999.0,0.421875,1,P5_CV0,1,0,2,2,0
7,1.3457994534493356,7.703671818986196,RD7_F3_m5f2_P5_Y7_UO548,RD5_F9_m2f6_P2_Y5_UO241,RD2_F9_m9f3_P9_Y4_UO654,MXY,2,0.0,1,0,0.0,0,0,0,-9999.0,0.5625,1,P5_CV0,1,1,1,0,2
7,1.3457994534493356,7.703671818986196,RD7_F5_m6f2_P6_Y7_UO262,RD6_F9_m6f9_P6_Y5_UO27,RD2_F6_m9f2_P9_Y5_UO87,FXX,2,0.0,1,0,1.0,0,0,0,-9999.0,0.4375,1,P5_CV0,1,1,1,1,1
7,1.3457994534493356,7.703671818986196,RD7_F4_m6f2_P6_Y5_UO223,RD6_F2_m3f1_P3_Y3_UO319,RD2_F6_m3f5_P3_Y2_UO208,MXY,4,0.0,1,0,0.0,0,0,0,-9999.0,0.4375,1,P5_CV0,1,0,2,1,1
7,1.3457994534493356,7.703671818986196,RD7_F4_m4f7_P4_Y8_UO102,RD4_F7_m4f7_P4_Y6_UO604,RD7_F4_m8f4_P8_Y6_UO655,MXY,1,0.0,0,0,0.0,0,0,0,-9999.0,0.484375,1,P6_CV0,1,2,0,0,2
7,1.3457994534493356,7.703671818986196,RD7_F4_m4f8_P4_Y8_UO336,RD4_F8_m4f8_P4_Y6_UO62,RD8_F4_m7f4_P7_Y6_UO634,MXY,1,0.0,0,0,0.0,0,0,0,-9999.0,0.359375,1,P6_CV0,1,1,1,1,1
7,1.3457994534493356,7.703671818986196,RD7_F4_m4f8_P4_Y8_UO338,RD4_F8_m4f8_P4_Y6_UO62,RD8_F4_m7f4_P7_Y6_UO634,FXX,1,0.0,0,0,0.0,0,0,0,-9999.0,0.359375,1,P6_CV0,1,1,1,1,1
7,1.3457994534493356,7.703671818986196,RD7_F4_m4f8_P4_Y8_UO339,RD4_F8_m4f8_P4_Y6_UO62,RD8_F4_m7f4_P7_Y6_UO634,MXY,1,0.0,0,0,0.0,0,0,0,-9999.0,0.359375,1,P6_CV0,1,1,1,1,1
7,1.3457994534493356,7.703671818986196,RD7_F4_m4f7_P4_Y8_UO460,RD4_F8_m4f8_P4_Y6_UO17,RD7_F8_m4f7_P4_Y6_UO127,FXX,1,0.0,0,0,0.0,0,0,0,-9999.0,0.609375,1,P6_CV0,1,1,1,2,0
7,1.3457994534493356,7.703671818986196,RD7_F4_m4f7_P4_Y8_UO475,RD4_F8_m4f8_P4_Y6_UO17,RD7_F8_m4f7_P4_Y6_UO127,FXX,1,0.0,0,0,0.0,0,0,0,-9999.0,0.609375,1,P6_CV0,1,1,1,2,0
7,1.3457994534493356,7.703671818986196,RD7_F4_m4f7_P4_Y8_UO519,RD4_F7_m5f3_P5_Y6_UO592,RD7_F4_m8f4_P8_Y6_UO655,FXX,1,0.0,0,0,0.0,0,0,0,-9999.0,0.46875,1,P6_CV0,1,1,1,1,1
7,1.3457994534493356,7.703671818986196,RD7_F4_m4f7_P4_Y8_UO522,RD4_F7_m5f3_P5_Y6_UO592,RD7_F4_m8f4_P8_Y6_UO655,FXX,1,0.0,0,0,0.0,0,0,0,-9999.0,0.46875,1,P6_CV0,1,1,1,1,1
7,1.3457994534493356,7.703671818986196,RD7_F4_m4f7_P4_Y8_UO523,RD4_F7_m5f3_P5_Y6_UO592,RD7_F4_m8f4_P8_Y6_UO655,MXY,1,0.0,0,0,0.0,0,0,0,-9999.0,0.46875,1,P6_CV0,1,1,1,0,2
7,1.3457994534493356,7.703671818986196,RD7_F4_m4f8_P4_Y8_UO568,RD4_F7_m4f7_P4_Y6_UO636,RD8_F7_m8f7_P8_Y6_UO226,FXX,1,0.0,0,0,0.0,0,0,0,-9999.0,0.40625,1,P6_CV0,1,0,2,2,0
7,1.3457994534493356,7.703671818986196,RD7_F8_m8f6_P8_Y8_UO40,RD8_F4_m7f4_P7_Y6_UO271,RD6_F9_m9f2_P9_Y5_UO231,MXY,1,0.0,0,0,0.0,0,0,0,-9999.0,0.40625,1,P6_CV0,1,0,2,0,2
7,1.3457994534493356,7.703671818986196,RD7_F8_m8f4_P8_Y8_UO656,RD8_F4_m7f4_P7_Y6_UO271,RD4_F7_m2f3_P2_Y6_UO360,FXX,1,0.0,0,0,0.0,0,0,0,-9999.0,0.390625,1,P6_CV0,1,0,2,0,2
7,1.3457994534493356,7.703671818986196,RD7_F4_m7f4_P7_Y7_UO441,RD7_F8_m4f7_P4_Y5_UO233,RD4_F8_m4f3_P4_Y5_UO350,MXY,2,0.0,1,0,0.0,0,0,0,-9999.0,0.34375,1,P6_CV0,1,1,1,0,2
7,1.3457994534493356,7.703671818986196,RD7_F4_m7f4_P7_Y7_UO434,RD7_F8_m4f7_P4_Y5_UO233,RD4_F8_m4f3_P4_Y5_UO350,MXY,2,0.0,1,0,0.0,0,0,0,-9999.0,0.34375,1,P6_CV0,1,1,1,0,2
7,1.3457994534493356,7.703671818986196,RD7_F4_m8f7_P8_Y7_UO118,RD8_F6_m2f6_P2_Y5_UO1,RD7_F8_m4f7_P4_Y5_UO31,MXY,2,0.0,1,0,0.0,0,0,0,-9999.0,0.46875,1,P6_CV0,1,0,2,0,2
7,1.3457994534493356,7.703671818986196,RD7_F4_m4f7_P4_Y8_UO176,RD4_F7_m5f3_P5_Y6_UO96,RD7_F8_m4f3_P4_Y5_UO348,FXX,1,0.0,0,0,0.0,0,0,0,-9999.0,0.4375,1,P7_CV0,1,0,2,1,1
7,1.3457994534493356,7.703671818986196,RD7_F4_m4f8_P4_Y8_UO546,RD4_F8_m4f7_P4_Y6_UO1,RD8_F4_m6f2_P6_Y6_UO239,MXY,1,0.0,0,0,0.0,0,0,0,-9999.0,0.4375,1,P7_CV0,1,0,2,1,1
7,1.3457994534493356,7.703671818986196,RD7_F4_m4f8_P4_Y8_UO548,RD4_F8_m4f3_P4_Y6_UO248,RD8_F4_m6f2_P6_Y6_UO239,FXX,1,0.0,0,0,0.0,0,0,0,-9999.0,0.421875,1,P7_CV0,1,1,1,1,1
7,1.3457994534493356,7.703671818986196,RD7_F4_m4f8_P4_Y8_UO675,RD4_F8_m4f7_P4_Y6_UO170,RD8_F4_m6f2_P6_Y6_UO239,MXY,1,0.0,0,0,0.0,0,0,0,-9999.0,0.5,1,P7_CV0,1,0,2,1,1
7,1.3457994534493356,7.703671818986196,RD7_F4_m4f8_P4_Y8_UO676,RD4_F8_m4f7_P4_Y6_UO170,RD8_F4_m6f2_P6_Y6_UO239,MXY,1,0.0,0,0,0.0,0,0,0,-9999.0,0.5,1,P7_CV0,1,1,1,1,1
7,1.3457994534493356,7.703671818986196,RD7_F5_m5f3_P5_Y8_UO236,RD5_F7_m8f7_P8_Y6_UO233,RD3_F2_m3f2_P3_Y6_UO692,FXX,1,0.0,0,0,0.0,0,0,0,-9999.0,0.484375,1,P7_CV0,1,1,1,2,0
7,1.3457994534493356,7.703671818986196,RD7_F8_m8f4_P8_Y8_UO576,RD8_F4_m8f7_P8_Y6_UO557,RD4_F8_m4f7_P4_Y6_UO744,FXX,1,0.0,0,0,0.0,0,0,0,-9999.0,0.421875,1,P7_CV0,1,2,0,1,1
7,1.3457994534493356,7.703671818986196,RD7_F4_m4f7_P4_Y8_UO521,RD4_F7_m5f3_P5_Y6_UO592,RD7_F4_m8f4_P8_Y6_UO655,MXY,1,0.0,0,0,0.0,0,0,0,-9999.0,0.46875,1,P8_CV0,1,1,1,0,2
7,1.3457994534493356,7.703671818986196,RD7_F4_m4f8_P4_Y8_UO626,RD4_F8_m3f5_P3_Y6_UO98,RD8_F7_m2f3_P2_Y6_UO257,MXY,1,0.0,0,0,0.0,0,0,0,-9999.0,0.4375,1,P8_CV0,1,2,0,1,1
7,1.3457994534493356,7.703671818986196,RD7_F4_m4f8_P4_Y8_UO630,RD4_F8_m3f5_P3_Y6_UO98,RD8_F7_m2f3_P2_Y6_UO257,FXX,1,0.0,0,0,0.0,0,0,0,-9999.0,0.4375,1,P8_CV0,1,1,1,1,1
7,1.3457994534493356,7.703671818986196,RD7_F8_m8f4_P8_Y8_UO125,RD8_F7_m4f7_P4_Y6_UO573,RD4_F8_m4f5_P4_Y6_UO738,MXY,1,0.0,0,0,0.0,0,0,0,-9999.0,0.484375,1,P8_CV0,1,2,0,0,2
7,1.3457994534493356,7.703671818986196,RD7_F8_m8f4_P8_Y8_UO288,RD8_F4_m2f3_P2_Y6_UO256,RD4_F7_m6f2_P6_Y5_UO223,FXX,1,0.0,0,0,0.0,0,0,0,-9999.0,0.421875,1,P8_CV0,1,1,1,2,0
7,1.3457994534493356,7.703671818986196,RD7_F8_m8f4_P8_Y8_UO700,RD8_F4_m2f3_P2_Y6_UO256,RD4_F8_m4f8_P4_Y6_UO61,FXX,1,0.0,0,0,0.0,0,0,0,-9999.0,0.40625,1,P8_CV0,1,1,1,1,1
7,1.3457994534493356,7.703671818986196,RD7_F8_m8f4_P8_Y8_UO703,RD8_F4_m2f3_P2_Y6_UO256,RD4_F8_m4f8_P4_Y6_UO61,MXY,1,0.0,0,0,0.0,0,0,0,-9999.0,0.40625,1,P8_CV0,1,2,0,2,0
8,1.8443986564691528,11.780027217250101,RD8_F7_m7f4_P7_Y8_UO389,RD7_F8_m4f3_P4_Y6_UO450,RD4_F7_m4f7_P4_Y6_UO310,FXX,1,0.0,0,0,0.0,0,0,0,-9999.0,0.5,1,P1_CV0,1,2,0,1,1
8,1.8443986564691528,11.780027217250101,RD8_F2_m2f6_P2_Y8_UO612,RD2_F8_m4f7_P4_Y6_UO575,RD6_F3_m1f5_P1_Y5_UO393,MXY,1,0.0,0,0,0.0,0,0,0,-9999.0,0.390625,1,P2_CV0,1,0,2,1,1
8,1.8443986564691528,11.780027217250101,RD8_F2_m2f6_P2_Y8_UO633,RD2_F9_m6f2_P6_Y6_UO588,RD6_F9_m6f2_P6_Y6_UO670,MXY,1,0.0,0,0,0.0,0,0,0,-9999.0,0.4375,1,P2_CV0,1,1,1,2,0
8,1.8443986564691528,11.780027217250101,RD8_F3_m3f6_P3_Y8_UO398,RD3_F5_m3f5_P3_Y6_UO289,RD6_F2_m3f5_P3_Y6_UO81,FXX,1,0.0,0,0,0.0,0,0,0,-9999.0,0.546875,1,P2_CV0,1,1,1,2,0
8,1.8443986564691528,11.780027217250101,RD8_F4_m4f7_P4_Y8_UO100,RD4_F7_m4f7_P4_Y6_UO604,RD7_F4_m8f4_P8_Y6_UO655,FXX,1,0.0,0,0,0.0,0,0,0,-9999.0,0.484375,1,P2_CV0,1,2,0,0,2
8,1.8443986564691528,11.780027217250101,RD8_F4_m4f7_P4_Y8_UO225,RD4_F7_m5f3_P5_Y6_UO96,RD7_F5_m2f7_P2_Y5_UO252,MXY,1,0.0,0,0,0.0,0,0,0,-9999.0,0.4375,1,P2_CV0,1,0,2,2,0
8,1.8443986564691528,11.780027217250101,RD8_F4_m4f7_P4_Y8_UO352,RD4_F8_m7f5_P7_Y6_UO726,RD7_F5_m2f7_P2_Y5_UO252,FXX,1,0.0,0,0,0.0,0,0,0,-9999.0,0.515625,1,P2_CV0,1,1,1,2,0
8,1.8443986564691528,11.780027217250101,RD8_F4_m4f7_P4_Y8_UO354,RD4_F8_m7f5_P7_Y6_UO726,RD7_F5_m2f7_P2_Y5_UO252,FXX,1,0.0,0,0,0.0,0,0,0,-9999.0,0.515625,1,P2_CV0,1,1,1,2,0
8,1.8443986564691528,11.780027217250101,RD8_F4_m4f8_P4_Y8_UO412,RD4_F8_m2f3_P2_Y6_UO538,RD8_F7_m4f8_P4_Y6_UO513,FXX,1,0.0,0,0,0.0,0,0,0,-9999.0,0.546875,1,P2_CV0,1,0,2,2,0
8,1.8443986564691528,11.780027217250101,RD8_F4_m4f8_P4_Y8_UO414,RD4_F8_m2f3_P2_Y6_UO538,RD8_F7_m4f8_P4_Y6_UO513,FXX,1,0.0,0,0,0.0,0,0,0,-9999.0,0.546875,1,P2_CV0,1,2,0,2,0
8,1.8443986564691528,11.780027217250101,RD8_F7_m7f8_P7_Y8_UO120,RD7_F4_m2f3_P2_Y6_UO649,RD8_F4_m2f3_P2_Y4_UO452,FXX,1,0.0,0,0,0.0,0,0,0,-9999.0,0.515625,1,P2_CV0,1,1,1,2,0
8,1.8443986564691528,11.780027217250101,RD8_F7_m7f4_P7_Y8_UO374,RD7_F4_m8f4_P8_Y6_UO155,RD4_F8_m4f7_P4_Y6_UO121,FXX,1,0.0,0,0,0.0,0,0,0,-9999.0,0.421875,1,P2_CV0,1,0,2,2,0
8,1.8443986564691528,11.780027217250101,RD8_F4_m4f7_P4_Y8_UO25,RD4_F8_m4f3_P4_Y6_UO248,RD7_F8_m4f7_P4_Y6_UO574,FXX,1,0.0,0,0,0.0,0,0,0,-9999.0,0.375,1,P3_CV0,1,0,2,1,1
8,1.8443986564691528,11.780027217250101,RD8_F4_m4f2_P4_Y8_UO137,RD4_F8_m4f7_P4_Y6_UO1,RD2_F9_m2f6_P2_Y5_UO18,FXX,1,0.0,0,0,0.0,0,0,0,-9999.0,0.28125,1,P3_CV0,1,1,1,2,0
8,1.8443986564691528,11.780027217250101,RD8_F4_m4f2_P4_Y8_UO140,RD4_F8_m4f7_P4_Y6_UO1,RD2_F9_m2f6_P2_Y5_UO18,FXX,1,0.0,0,0,0.0,0,0,0,-9999.0,0.28125,1,P3_CV0,1,1,1,1,1
8,1.8443986564691528,11.780027217250101,RD8_F4_m4f7_P4_Y8_UO174,RD4_F7_m5f3_P5_Y6_UO96,RD7_F8_m4f3_P4_Y5_UO348,MXY,1,0.0,0,0,0.0,0,0,0,-9999.0,0.4375,1,P3_CV0,1,1,1,1,1
8,1.8443986564691528,11.780027217250101,RD8_F4_m4f7_P4_Y8_UO224,RD4_F7_m5f3_P5_Y6_UO96,RD7_F5_m2f7_P2_Y5_UO252,MXY,1,0.0,0,0,0.0,0,0,0,-9999.0,0.4375,1,P3_CV0,1,0,2,2,0
8,1.8443986564691528,11.780027217250101,RD8_F4_m4f7_P4_Y8_UO353,RD4_F8_m7f5_P7_Y6_UO726,RD7_F5_m2f7_P2_Y5_UO252,FXX,1,0.0,0,0,0.0,0,0,0,-9999.0,0.515625,1,P3_CV0,1,2,0,2,0
8,1.8443986564691528,11.780027217250101,RD8_F6_m6f2_P6_Y8_UO219,RD6_F9_m6f2_P6_Y6_UO430,RD2_F9_m6f2_P6_Y6_UO431,FXX,1,0.0,0,0,0.0,0,0,0,-9999.0,0.4375,1,P3_CV0,1,1,1,1,1
8,1.8443986564691528,11.780027217250101,RD8_F7_m7f4_P7_Y8_UO357,RD7_F8_m4f7_P4_Y6_UO2,RD4_F8_m4f8_P4_Y6_UO61,FXX,1,0.0,0,0,0.0,0,0,0,-9999.0,0.359375,1,P3_CV0,1,1,1,0,2
8,1.8443986564691528,11.780027217250101,RD8_F7_m7f4_P7_Y8_UO594,RD7_F8_m4f7_P4_Y6_UO2,RD4_F7_m4f3_P4_Y6_UO443,FXX,1,0.0,0,0,0.0,0,0,0,-9999.0,0.375,1,P3_CV0,1,0,2,0,2
8,1.8443986564691528,11.780027217250101,RD8_F4_m7f4_P7_Y7_UO164,RD7_F8_m4f7_P4_Y5_UO233,RD4_F8_m8f4_P8_Y4_UO687,FXX,2,0.0,1,0,1.0,0,0,0,-9999.0,0.4375,1,P3_CV0,1,1,1,1,1
8,1.8443986564691528,11.780027217250101,RD8_F4_m4f3_P4_Y6_UO443,RD4_F8_m7f2_P7_Y4_UO85,RD3_F7_m4f7_P4_Y4_UO570,MXY,3,0.0,1,0,0.0,0,0,0,-9999.0,0.4375,1,P3_CV0,1,1,1,1,1
8,1.8443986564691528,11.780027217250101,RD8_F4_m4f7_P4_Y6_UO128,RD4_F7_m4f8_P4_Y4_UO735,RD7_F5_m1f10_P1_Y4_UO235,MXY,3,0.0,1,0,0.0,0,0,0,-9999.0,0.65625,1,P3_CV0,1,1,1,2,0
8,1.8443986564691528,11.780027217250101,RD8_F7_m7f4_P7_Y8_UO307,RD7_F8_m4f8_P4_Y6_UO599,RD4_F8_m4f8_P4_Y6_UO61,FXX,1,0.0,0,0,0.0,0,0,0,-9999.0,0.34375,1,P4_CV0,1,1,1,1,1
8,1.8443986564691528,11.780027217250101,RD8_F4_m4f7_P4_Y8_UO10,RD4_F7_m4f8_P4_Y6_UO583,RD7_F8_m4f7_P4_Y6_UO574,MXY,1,0.0,0,0,0.0,0,0,0,-9999.0,0.46875,1,P5_CV0,1,1,1,1,1
8,1.8443986564691528,11.780027217250101,RD8_F4_m4f2_P4_Y8_UO139,RD4_F8_m4f7_P4_Y6_UO1,RD2_F9_m2f6_P2_Y5_UO18,FXX,1,0.0,0,0,0.0,0,0,0,-9999.0,0.28125,1,P5_CV0,1,1,1,1,1
8,1.8443986564691528,11.780027217250101,RD8_F7_m7f3_P7_Y8_UO70,RD7_F2_m6f2_P6_Y6_UO477,RD3_F2_m6f2_P6_Y6_UO375,FXX,1,0.0,0,0,0.0,0,0,0,-9999.0,0.4375,1,P5_CV0,1,1,1,0,2
8,1.8443986564691528,11.780027217250101,RD8_F7_m5f3_P5_Y7_UO63,RD5_F9_m2f6_P2_Y5_UO241,RD3_F5_m1f10_P1_Y5_UO212,FXX,2,0.0,1,0,1.0,0,0,0,-9999.0,0.625,1,P5_CV0,1,1,1,0,2
8,1.8443986564691528,11.780027217250101,RD8_F4_m4f8_P4_Y8_UO340,RD4_F8_m4f8_P4_Y6_UO62,RD8_F4_m7f4_P7_Y6_UO634,FXX,1,0.0,0,0,0.0,0,0,0,-9999.0,0.359375,1,P6_CV0,1,1,1,1,1
8,1.8443986564691528,11.780027217250101,RD8_F4_m4f7_P4_Y8_UO473,RD4_F8_m4f8_P4_Y6_UO17,RD7_F8_m4f7_P4_Y6_UO127,MXY,1,0.0,0,0,0.0,0,0,0,-9999.0,0.609375,1,P6_CV0,1,1,1,2,0
8,1.8443986564691528,11.780027217250101,RD8_F4_m4f8_P4_Y8_UO569,RD4_F7_m4f7_P4_Y6_UO636,RD8_F7_m8f7_P8_Y6_UO226,MXY,1,0.0,0,0,0.0,0,0,0,-9999.0,0.40625,1,P6_CV0,1,0,2,2,0
8,1.8443986564691528,11.780027217250101,RD8_F4_m4f8_P4_Y8_UO570,RD4_F7_m4f7_P4_Y6_UO636,RD8_F7_m8f7_P8_Y6_UO226,MXY,1,0.0,0,0,0.0,0,0,0,-9999.0,0.40625,1,P6_CV0,1,0,2,2,0
8,1.8443986564691528,11.780027217250101,RD8_F4_m4f7_P4_Y8_UO681,RD4_F8_m7f4_P7_Y6_UO328,RD7_F4_m8f4_P8_Y6_UO655,FXX,1,0.0,0,0,0.0,0,0,0,-9999.0,0.5,1,P6_CV0,1,2,0,1,1
8,1.8443986564691528,11.780027217250101,RD8_F4_m4f7_P4_Y8_UO682,RD4_F8_m7f4_P7_Y6_UO328,RD7_F4_m8f4_P8_Y6_UO655,FXX,1,0.0,0,0,0.0,0,0,0,-9999.0,0.5,1,P6_CV0,1,2,0,1,1
8,1.8443986564691528,11.780027217250101,RD8_F4_m4f7_P4_Y8_UO683,RD4_F8_m7f4_P7_Y6_UO328,RD7_F4_m8f4_P8_Y6_UO655,FXX,1,0.0,0,0,0.0,0,0,0,-9999.0,0.5,1,P6_CV0,1,2,0,1,1
8,1.8443986564691528,11.780027217250101,RD8_F7_m7f4_P7_Y8_UO27,RD7_F2_m6f2_P6_Y6_UO477,RD4_F8_m4f2_P4_Y6_UO694,FXX,1,0.0,0,0,0.0,0,0,0,-9999.0,0.359375,1,P6_CV0,1,2,0,0,2
8,1.8443986564691528,11.780027217250101,RD8_F7_m7f4_P7_Y8_UO31,RD7_F2_m6f2_P6_Y6_UO477,RD4_F8_m4f2_P4_Y6_UO694,FXX,1,0.0,0,0,0.0,0,0,0,-9999.0,0.359375,1,P6_CV0,1,1,1,1,1
8,1.8443986564691528,11.780027217250101,RD8_F7_m7f4_P7_Y8_UO183,RD7_F8_m4f8_P4_Y6_UO202,RD4_F7_m2f3_P2_Y6_UO360,MXY,1,0.0,0,0,0.0,0,0,0,-9999.0,0.390625,1,P6_CV0,1,0,2,0,2
8,1.8443986564691528,11.780027217250101,RD8_F7_m7f4_P7_Y8_UO373,RD7_F4_m8f4_P8_Y6_UO155,RD4_F8_m4f7_P4_Y6_UO121,MXY,1,0.0,0,0,0.0,0,0,0,-9999.0,0.421875,1,P6_CV0,1,0,2,1,1
8,1.8443986564691528,11.780027217250101,RD8_F7_m7f4_P7_Y8_UO423,RD7_F5_m3f5_P3_Y6_UO83,RD4_F7_m4f7_P4_Y6_UO310,MXY,1,0.0,0,0,0.0,0,0,0,-9999.0,0.46875,1,P6_CV0,1,1,1,1,1
8,1.8443986564691528,11.780027217250101,RD8_F4_m8f7_P8_Y7_UO115,RD8_F6_m2f6_P2_Y5_UO1,RD7_F8_m4f7_P4_Y5_UO31,MXY,2,0.0,1,0,0.0,0,0,0,-9999.0,0.46875,1,P6_CV0,1,0,2,0,2
8,1.8443986564691528,11.780027217250101,RD8_F7_m4f7_P4_Y7_UO297,RD4_F8_m4f7_P4_Y5_UO234,RD7_F8_m4f7_P4_Y5_UO31,MXY,2,0.0,1,0,0.0,0,0,0,-9999.0,0.25,1,P6_CV0,1,0,2,1,1
8,1.8443986564691528,11.780027217250101,RD8_F4_m4f7_P4_Y8_UO90,RD4_F8_m4f7_P4_Y6_UO58,RD7_F4_m8f7_P8_Y6_UO232,MXY,1,0.0,0,0,0.0,0,0,0,-9999.0,0.375,1,P7_CV0,1,2,0,2,0
8,1.8443986564691528,11.780027217250101,RD8_F4_m4f7_P4_Y8_UO92,RD4_F8_m4f7_P4_Y6_UO58,RD7_F4_m8f7_P8_Y6_UO232,FXX,1,0.0,0,0,0.0,0,0,0,-9999.0,0.375,1,P7_CV0,1,0,2,2,0
8,1.8443986564691528,11.780027217250101,RD8_F4_m4f7_P4_Y8_UO175,RD4_F7_m5f3_P5_Y6_UO96,RD7_F8_m4f3_P4_Y5_UO348,FXX,1,0.0,0,0,0.0,0,0,0,-9999.0,0.4375,1,P7_CV0,1,0,2,1,1
8,1.8443986564691528,11.780027217250101,RD8_F4_m4f2_P4_Y8_UO179,RD4_F8_m4f7_P4_Y6_UO170,RD2_F9_m6f2_P6_Y6_UO431,MXY,1,0.0,0,0,0.0,0,0,0,-9999.0,0.46875,1,P7_CV0,1,0,2,1,1
8,1.8443986564691528,11.780027217250101,RD8_F4_m4f2_P4_Y8_UO180,RD4_F8_m4f7_P4_Y6_UO170,RD2_F9_m6f2_P6_Y6_UO431,FXX,1,0.0,0,0,0.0,0,0,0,-9999.0,0.46875,1,P7_CV0,1,1,1,2,0
8,1.8443986564691528,11.780027217250101,RD8_F4_m4f8_P4_Y8_UO545,RD4_F8_m4f7_P4_Y6_UO1,RD8_F4_m6f2_P6_Y6_UO239,MXY,1,0.0,0,0,0.0,0,0,0,-9999.0,0.4375,1,P7_CV0,1,1,1,1,1
8,1.8443986564691528,11.780027217250101,RD8_F4_m4f8_P4_Y8_UO547,RD4_F8_m4f7_P4_Y6_UO1,RD8_F4_m6f2_P6_Y6_UO239,FXX,1,0.0,0,0,0.0,0,0,0,-9999.0,0.4375,1,P7_CV0,1,1,1,1,1
8,1.8443986564691528,11.780027217250101,RD8_F6_m6f9_P6_Y8_UO47,RD6_F9_m6f2_P6_Y6_UO497,RD9_F6_m6f3_P6_Y5_UO318,MXY,1,0.0,0,0,0.0,0,0,0,-9999.0,0.578125,1,P7_CV0,1,2,0,0,2
8,1.8443986564691528,11.780027217250101,RD8_F7_m7f8_P7_Y8_UO315,RD7_F4_m7f4_P7_Y6_UO620,RD8_F4_m6f2_P6_Y6_UO239,MXY,1,0.0,0,0,0.0,0,0,0,-9999.0,0.46875,1,P7_CV0,1,0,2,0,2
8,1.8443986564691528,11.780027217250101,RD8_F4_m8f4_P8_Y7_UO224,RD8_F6_m2f6_P2_Y5_UO1,RD4_F8_m4f7_P4_Y5_UO14,MXY,2,0.0,1,0,0.0,0,0,0,-9999.0,0.5625,1,P7_CV0,1,0,2,2,0
8,1.8443986564691528,11.780027217250101,RD8_F4_m8f4_P8_Y7_UO517,RD8_F7_m4f3_P4_Y5_UO340,RD4_F8_m2f3_P2_Y4_UO452,MXY,2,0.0,1,0,0.0,0,0,0,-9999.0,0.46875,1,P7_CV0,1,0,2,1,1
8,1.8443986564691528,11.780027217250101,RD8_F4_m7f4_P7_Y6_UO632,RD7_F4_m7f3_P7_Y4_UO625,RD4_F8_m4f7_P4_Y4_UO685,MXY,3,0.0,1,0,0.0,0,0,0,-9999.0,0.3125,1,P7_CV0,1,0,2,0,2
8,1.8443986564691528,11.780027217250101,RD8_F4_m4f7_P4_Y8_UO524,RD4_F7_m5f3_P5_Y6_UO592,RD7_F4_m8f4_P8_Y6_UO655,FXX,1,0.0,0,0,0.0,0,0,0,-9999.0,0.46875,1,P8_CV0,1,1,1,0,2
8,1.8443986564691528,11.780027217250101,RD8_F4_m4f8_P4_Y8_UO627,RD4_F8_m3f5_P3_Y6_UO98,RD8_F7_m2f3_P2_Y6_UO257,MXY,1,0.0,0,0,0.0,0,0,0,-9999.0,0.4375,1,P8_CV0,1,1,1,1,1
8,1.8443986564691528,11.780027217250101,RD8_F4_m4f8_P4_Y8_UO629,RD4_F8_m3f5_P3_Y6_UO98,RD8_F7_m2f3_P2_Y6_UO257,MXY,1,0.0,0,0,0.0,0,0,0,-9999.0,0.4375,1,P8_CV0,1,1,1,1,1
8,1.8443986564691528,11.780027217250101,RD8_F7_m7f3_P7_Y8_UO302,RD7_F4_m7f4_P7_Y6_UO268,RD3_F5_m5f3_P5_Y5_UO263,MXY,1,0.0,0,0,0.0,0,0,0,-9999.0,0.3125,1,P8_CV0,1,1,1,1,1
8,1.8443986564691528,11.780027217250101,RD8_F7_m7f3_P7_Y8_UO303,RD7_F4_m7f4_P7_Y6_UO268,RD3_F5_m5f3_P5_Y5_UO263,FXX,1,0.0,0,0,0.0,0,0,0,-9999.0,0.3125,1,P8_CV0,1,1,1,0,2
9,8.539752926394888,7.413552560728917,RD9_F2_m2f3_P2_Y8_UO378,RD2_F8_m4f7_P4_Y6_UO575,RD3_F5_m10f1_P10_Y6_UO572,FXX,1,0.0,0,0,0.0,0,0,0,-9999.0,0.421875,1,P0_CV0,1,1,1,1,1
9,8.539752926394888,7.413552560728917,RD9_F3_m3f5_P3_Y8_UO57,RD3_F5_m3f1_P3_Y6_UO52,RD5_F4_m4f8_P4_Y5_UO118,FXX,1,0.0,0,0,0.0,0,0,0,-9999.0,0.453125,1,P0_CV0,1,2,0,1,1
9,8.539752926394888,7.413552560728917,RD9_F3_m3f5_P3_Y8_UO361,RD3_F5_m3f1_P3_Y6_UO52,RD5_F1_m5f3_P5_Y6_UO252,MXY,1,0.0,0,0,0.0,0,0,0,-9999.0,0.53125,1,P0_CV0,1,2,0,1,1
9,8.539752926394888,7.413552560728917,RD9_F6_m6f2_P6_Y8_UO17,RD6_F9_m3f5_P3_Y6_UO23,RD2_F1_m10f3_P10_Y6_UO468,FXX,1,0.0,0,0,0.0,0,0,0,-9999.0,0.484375,1,P0_CV0,1,1,1,2,0
9,8.539752926394888,7.413552560728917,RD9_F6_m6f2_P6_Y8_UO19,RD6_F9_m3f5_P3_Y6_UO23,RD2_F1_m10f3_P10_Y6_UO468,MXY,1,0.0,0,0,0.0,0,0,0,-9999.0,0.484375,1,P0_CV0,1,1,1,2,0
9,8.539752926394888,7.413552560728917,RD9_F6_m6f2_P6_Y8_UO204,RD6_F9_m3f5_P3_Y6_UO23,RD2_F3_m5f4_P5_Y6_UO702,MXY,1,0.0,0,0,0.0,0,0,0,-9999.0,0.34375,1,P0_CV0,1,0,2,0,2
9,8.539752926394888,7.413552560728917,RD9_F6_m6f2_P6_Y8_UO205,RD6_F9_m3f5_P3_Y6_UO23,RD2_F3_m5f4_P5_Y6_UO702,FXX,1,0.0,0,0,0.0,0,0,0,-9999.0,0.34375,1,P0_CV0,1,1,1,1,1
9,8.539752926394888,7.413552560728917,RD9_F6_m6f9_P6_Y8_UO240,RD6_F9_m6f2_P6_Y6_UO497,RD9_F6_m2f6_P2_Y6_UO665,MXY,1,0.0,0,0,0.0,0,0,0,-9999.0,0.5,1,P0_CV0,1,1,1,1,1
9,8.539752926394888,7.413552560728917,RD9_F6_m6f9_P6_Y8_UO242,RD6_F9_m6f2_P6_Y6_UO497,RD9_F6_m2f6_P2_Y6_UO665,MXY,1,0.0,0,0,0.0,0,0,0,-9999.0,0.5,1,P0_CV0,1,0,2,0,2
9,8.539752926394888,7.413552560728917,RD9_F6_m6f2_P6_Y8_UO550,RD6_F9_m6f3_P6_Y6_UO721,RD2_F9_m2f6_P2_Y5_UO18,MXY,1,0.0,0,0,0.0,0,0,0,-9999.0,0.359375,1,P0_CV0,1,0,2,2,0
9,8.539752926394888,7.413552560728917,RD9_F6_m6f2_P6_Y8_UO551,RD6_F9_m6f3_P6_Y6_UO721,RD2_F9_m2f6_P2_Y5_UO18,MXY,1,0.0,0,0,0.0,0,0,0,-9999.0,0.359375,1,P0_CV0,1,0,2,2,0
9,8.539752926394888,7.413552560728917,RD9_F6_m6f2_P6_Y8_UO552,RD6_F9_m6f3_P6_Y6_UO721,RD2_F9_m2f6_P2_Y5_UO18,FXX,1,0.0,0,0,0.0,0,0,0,-9999.0,0.359375,1,P0_CV0,1,0,2,2,0
9,8.539752926394888,7.413552560728917,RD9_F6_m6f2_P6_Y8_UO679,RD6_F9_m2f6_P2_Y6_UO217,RD2_F7_m4f7_P4_Y6_UO0,MXY,1,0.0,0,0,0.0,0,0,0,-9999.0,0.4375,1,P0_CV0,1,1,1,2,0
9,8.539752926394888,7.413552560728917,RD9_F6_m3f1_P3_Y6_UO50,RD3_F5_m3f5_P3_Y4_UO444,RD1_F10_m1f10_P1_Y4_UO697,MXY,3,0.0,1,0,0.0,0,0,0,-9999.0,0.65625,1,P0_CV0,1,0,2,2,0
9,8.539752926394888,7.413552560728917,RD9_F2_m2f3_P2_Y8_UO65,RD2_F3_m2f3_P2_Y6_UO650,RD3_F10_m6f9_P6_Y5_UO25,MXY,1,0.0,0,0,0.0,0,0,0,-9999.0,0.484375,1,P2_CV0,1,0,2,2,0
9,8.539752926394888,7.413552560728917,RD9_F2_m2f7_P2_Y8_UO108,RD2_F1_m10f6_P10_Y6_UO542,RD7_F8_m4f7_P4_Y6_UO127,FXX,1,0.0,0,0,0.0,0,0,0,-9999.0,0.546875,1,P2_CV0,1,0,2,2,0
9,8.539752926394888,7.413552560728917,RD9_F2_m2f6_P2_Y8_UO199,RD2_F9_m6f2_P6_Y6_UO671,RD6_F9_m6f3_P6_Y6_UO722,MXY,1,0.0,0,0,0.0,0,0,0,-9999.0,0.5,1,P2_CV0,1,2,0,1,1
9,8.539752926394888,7.413552560728917,RD9_F2_m2f3_P2_Y8_UO246,RD2_F9_m6f2_P6_Y6_UO671,RD3_F2_m9f2_P9_Y6_UO186,MXY,1,0.0,0,0,0.0,0,0,0,-9999.0,0.421875,1,P2_CV0,1,0,2,1,1
9,8.539752926394888,7.413552560728917,RD9_F2_m2f6_P2_Y8_UO448,RD2_F1_m10f6_P10_Y6_UO542,RD6_F3_m1f5_P1_Y5_UO393,FXX,1,0.0,0,0,0.0,0,0,0,-9999.0,0.40625,1,P2_CV0,1,0,2,2,0
9,8.539752926394888,7.413552560728917,RD9_F2_m2f6_P2_Y8_UO450,RD2_F1_m10f6_P10_Y6_UO542,RD6_F3_m1f5_P1_Y5_UO393,FXX,1,0.0,0,0,0.0,0,0,0,-9999.0,0.40625,1,P2_CV0,1,0,2,2,0
9,8.539752926394888,7.413552560728917,RD9_F2_m2f3_P2_Y8_UO540,RD2_F9_m4f7_P4_Y6_UO424,RD3_F10_m6f9_P6_Y5_UO25,MXY,1,0.0,0,0,0.0,0,0,0,-9999.0,0.40625,1,P2_CV0,1,1,1,2,0
9,8.539752926394888,7.413552560728917,RD9_F2_m2f3_P2_Y8_UO542,RD2_F9_m4f7_P4_Y6_UO424,RD3_F10_m6f9_P6_Y5_UO25,MXY,1,0.0,0,0,0.0,0,0,0,-9999.0,0.40625,1,P2_CV0,1,1,1,2,0
9,8.539752926394888,7.413552560728917,RD9_F5_m5f3_P5_Y8_UO237,RD5_F7_m8f7_P8_Y6_UO233,RD3_F2_m3f2_P3_Y6_UO692,FXX,1,0.0,0,0,0.0,0,0,0,-9999.0,0.484375,1,P2_CV0,1,2,0,2,0
9,8.539752926394888,7.413552560728917,RD9_F6_m6f2_P6_Y8_UO18,RD6_F9_m3f5_P3_Y6_UO23,RD2_F1_m10f3_P10_Y6_UO468,FXX,1,0.0,0,0,0.0,0,0,0,-9999.0,0.484375,1,P2_CV0,1,2,0,0,2
9,8.539752926394888,7.413552560728917,RD9_F6_m6f4_P6_Y8_UO451,RD6_F9_m2f3_P2_Y6_UO64,RD4_F8_m4f7_P4_Y6_UO121,FXX,1,0.0,0,0,0.0,0,0,0,-9999.0,0.390625,1,P2_CV0,1,2,0,1,1
9,8.539752926394888,7.413552560728917,RD9_F6_m6f4_P6_Y8_UO454,RD6_F9_m2f3_P2_Y6_UO64,RD4_F8_m4f7_P4_Y6_UO121,MXY,1,0.0,0,0,0.0,0,0,0,-9999.0,0.390625,1,P2_CV0,1,1,1,1,1
9,8.539752926394888,7.413552560728917,RD9_F6_m6f4_P6_Y8_UO483,RD6_F9_m2f6_P2_Y6_UO612,RD4_F7_m4f7_P4_Y5_UO32,MXY,1,0.0,0,0,0.0,0,0,0,-9999.0,0.390625,1,P2_CV0,1,0,2,0,2
9,8.539752926394888,7.413552560728917,RD9_F6_m6f2_P6_Y8_UO532,RD6_F9_m10f1_P10_Y6_UO712,RD2_F5_m3f5_P3_Y6_UO15,MXY,1,0.0,0,0,0.0,0,0,0,-9999.0,0.453125,1,P2_CV0,1,2,0,1,1
9,8.539752926394888,7.413552560728917,RD9_F6_m6f2_P6_Y8_UO534,RD6_F9_m10f1_P10_Y6_UO712,RD2_F5_m3f5_P3_Y6_UO15,MXY,1,0.0,0,0,0.0,0,0,0,-9999.0,0.453125,1,P2_CV0,1,1,1,0,2
9,8.539752926394888,7.413552560728917,RD9_F10_m10f1_P10_Y8_UO508,RD10_F1_m3f2_P3_Y6_UO436,RD1_F10_m1f5_P1_Y6_UO325,FXX,1,0.0,0,0,0.0,0,0,0,-9999.0,0.484375,1,P2_CV0,1,0,2,1,1
9,8.539752926394888,7.413552560728917,RD9_F3_m10f1_P10_Y7_UO287,RD10_F9_m6f9_P6_Y5_UO30,RD1_F5_m3f5_P3_Y5_UO71,MXY,2,0.0,1,0,0.0,0,0,0,-9999.0,0.5,1,P2_CV0,1,1,1,1,1
9,8.539752926394888,7.413552560728917,RD9_F6_m4f7_P4_Y7_UO402,RD4_F8_m4f7_P4_Y5_UO234,RD7_F5_m1f5_P1_Y5_UO385,FXX,2,0.0,1,0,1.0,0,0,0,-9999.0,0.3125,1,P2_CV0,1,0,2,1,1
9,8.539752926394888,7.413552560728917,RD9_F2_m2f3_P2_Y8_UO377,RD2_F8_m4f7_P4_Y6_UO575,RD3_F5_m10f1_P10_Y6_UO572,MXY,1,0.0,0,0,0.0,0,0,0,-9999.0,0.421875,1,P3_CV0,1,0,2,1,1
9,8.539752926394888,7.413552560728917,RD9_F2_m2f6_P2_Y8_UO434,RD2_F9_m2f6_P2_Y6_UO175,RD6_F8_m7f4_P7_Y6_UO341,MXY,1,0.0,0,0,0.0,0,0,0,-9999.0,0.46875,1,P3_CV0,1,1,1,1,1
9,8.539752926394888,7.413552560728917,RD9_F2_m2f6_P2_Y8_UO439,RD2_F9_m2f6_P2_Y6_UO175,RD6_F8_m7f4_P7_Y6_UO341,MXY,1,0.0,0,0,0.0,0,0,0,-9999.0,0.46875,1,P3_CV0,1,1,1,1,1
9,8.539752926394888,7.413552560728917,RD9_F2_m2f3_P2_Y8_UO562,RD2_F3_m5f3_P5_Y6_UO367,RD3_F2_m3f2_P3_Y6_UO692,MXY,1,0.0,0,0,0.0,0,0,0,-9999.0,0.484375,1,P3_CV0,1,1,1,0,2
9,8.539752926394888,7.413552560728917,RD9_F2_m2f6_P2_Y8_UO609,RD2_F8_m4f7_P4_Y6_UO575,RD6_F3_m1f5_P1_Y5_UO393,FXX,1,0.0,0,0,0.0,0,0,0,-9999.0,0.390625,1,P3_CV0,1,0,2,1,1
9,8.539752926394888,7.413552560728917,RD9_F3_m3f2_P3_Y8_UO279,RD3_F5_m3f1_P3_Y6_UO52,RD2_F8_m4f8_P4_Y6_UO553,FXX,1,0.0,0,0,0.0,0,0,0,-9999.0,0.609375,1,P3_CV0,1,2,0,1,1
9,8.539752926394888,7.413552560728917,RD9_F6_m6f2_P6_Y8_UO23,RD6_F9_m6f2_P6_Y6_UO428,RD2_F6_m6f2_P6_Y5_UO363,FXX,1,0.0,0,0,0.0,0,0,0,-9999.0,0.4375,1,P3_CV0,1,2,0,1,1
9,8.539752926394888,7.413552560728917,RD9_F6_m6f2_P6_Y8_UO77,RD6_F9_m2f6_P2_Y6_UO667,RD2_F9_m2f6_P2_Y5_UO18,MXY,1,0.0,0,0,0.0,0,0,0,-9999.0,0.296875,1,P3_CV0,1,0,2,0,2
9,8.539752926394888,7.413552560728917,RD9_F6_m6f2_P6_Y8_UO218,RD6_F9_m6f2_P6_Y6_UO430,RD2_F9_m6f2_P6_Y6_UO431,MXY,1,0.0,0,0,0.0,0,0,0,-9999.0,0.4375,1,P3_CV0,1,1,1,0,2
9,8.539752926394888,7.413552560728917,RD9_F8_m8f4_P8_Y8_UO729,RD8_F7_m4f7_P4_Y6_UO573,RD4_F8_m4f7_P4_Y6_UO128,MXY,1,0.0,0,0,0.0,0,0,0,-9999.0,0.53125,1,P3_CV0,1,2,0,1,1
9,8.539752926394888,7.413552560728917,RD9_F2_m5f3_P5_Y6_UO367,RD5_F3_m5f2_P5_Y4_UO530,RD3_F5_m3f5_P3_Y4_UO258,FXX,3,0.0,1,0,1.0,0,0,0,-9999.0,0.40625,1,P3_CV0,1,0,2,1,1
9,8.539752926394888,7.413552560728917,RD9_F6_m2f6_P2_Y6_UO667,RD2_F9_m2f3_P2_Y4_UO374,RD6_F9_m6f2_P6_Y4_UO421,FXX,3,0.0,1,0,1.0,0,0,0,-9999.0,0.40625,1,P3_CV0,1,0,2,0,2
9,8.539752926394888,7.413552560728917,RD9_F6_m6f9_P6_Y8_UO49,RD6_F9_m6f2_P6_Y6_UO497,RD9_F6_m6f3_P6_Y5_UO318,MXY,1,0.0,0,0,0.0,0,0,0,-9999.0,0.578125,1,P4_CV0,1,2,0,1,1
9,8.539752926394888,7.413552560728917,RD9_F6_m6f9_P6_Y8_UO54,RD6_F9_m6f2_P6_Y6_UO497,RD9_F6_m6f3_P6_Y5_UO318,FXX,1,0.0,0,0,0.0,0,0,0,-9999.0,0.578125,1,P4_CV0,1,1,1,1,1
9,8.539752926394888,7.413552560728917,RD9_F6_m6f2_P6_Y8_UO200,RD6_F9_m3f5_P3_Y6_UO23,RD2_F3_m5f4_P5_Y6_UO702,FXX,1,0.0,0,0,0.0,0,0,0,-9999.0,0.34375,1,P4_CV0,1,1,1,1,1
9,8.539752926394888,7.413552560728917,RD9_F6_m6f2_P6_Y8_UO201,RD6_F9_m3f5_P3_Y6_UO23,RD2_F3_m5f4_P5_Y6_UO702,FXX,1,0.0,0,0,0.0,0,0,0,-9999.0,0.34375,1,P4_CV0,1,0,2,0,2
9,8.539752926394888,7.413552560728917,RD9_F6_m6f9_P6_Y8_UO239,RD6_F9_m6f2_P6_Y6_UO497,RD9_F6_m2f6_P2_Y6_UO665,FXX,1,0.0,0,0,0.0,0,0,0,-9999.0,0.5,1,P4_CV0,1,2,0,1,1
9,8.539752926394888,7.413552560728917,RD9_F6_m6f9_P6_Y8_UO241,RD6_F9_m6f2_P6_Y6_UO497,RD9_F6_m2f6_P2_Y6_UO665,FXX,1,0.0,0,0,0.0,0,0,0,-9999.0,0.5,1,P4_CV0,1,0,2,2,0
9,8.539752926394888,7.413552560728917,RD9_F6_m6f9_P6_Y8_UO243,RD6_F9_m6f2_P6_Y6_UO497,RD9_F6_m2f6_P2_Y6_UO665,FXX,1,0.0,0,0,0.0,0,0,0,-9999.0,0.5,1,P4_CV0,1,2,0,0,2
9,8.539752926394888,7.413552560728917,RD9_F6_m6f9_P6_Y8_UO244,RD6_F9_m6f2_P6_Y6_UO497,RD9_F6_m2f6_P2_Y6_UO665,MXY,1,0.0,0,0,0.0,0,0,0,-9999.0,0.5,1,P4_CV0,1,1,1,1,1
9,8.539752926394888,7.413552560728917,RD9_F6_m6f2_P6_Y8_UO535,RD6_F9_m10f1_P10_Y6_UO712,RD2_F5_m3f5_P3_Y6_UO15,FXX,1,0.0,0,0,0.0,0,0,0,-9999.0,0.453125,1,P4_CV0,1,1,1,0,2
9,8.539752926394888,7.413552560728917,RD9_F6_m6f2_P6_Y8_UO539,RD6_F9_m10f1_P10_Y6_UO712,RD2_F5_m3f5_P3_Y6_UO15,FXX,1,0.0,0,0,0.0,0,0,0,-9999.0,0.453125,1,P4_CV0,1,2,0,0,2
9,8.539752926394888,7.413552560728917,RD9_F2_m2f9_P2_Y8_UO221,RD2_F5_m3f7_P3_Y6_UO754,RD9_F2_m4f8_P4_Y6_UO582,FXX,1,0.0,0,0,0.0,0,0,0,-9999.0,0.4375,1,P5_CV0,1,2,0,0,2
9,8.539752926394888,7.413552560728917,RD9_F2_m2f3_P2_Y8_UO440,RD2_F1_m10f6_P10_Y6_UO542,RD3_F2_m6f2_P6_Y6_UO375,MXY,1,0.0,0,0,0.0,0,0,0,-9999.0,0.453125,1,P5_CV0,1,1,1,2,0
9,8.539752926394888,7.413552560728917,RD9_F2_m2f3_P2_Y8_UO441,RD2_F1_m10f6_P10_Y6_UO542,RD3_F2_m6f2_P6_Y6_UO375,FXX,1,0.0,0,0,0.0,0,0,0,-9999.0,0.453125,1,P5_CV0,1,1,1,1,1
9,8.539752926394888,7.413552560728917,RD9_F6_m6f2_P6_Y8_UO20,RD6_F9_m6f2_P6_Y6_UO428,RD2_F6_m6f2_P6_Y5_UO363,MXY,1,0.0,0,0,0.0,0,0,0,-9999.0,0.4375,1,P5_CV0,1,2,0,1,1
9,8.539752926394888,7.413552560728917,RD9_F6_m6f2_P6_Y8_UO80,RD6_F9_m2f6_P2_Y6_UO667,RD2_F9_m2f6_P2_Y5_UO18,MXY,1,0.0,0,0,0.0,0,0,0,-9999.0,0.296875,1,P5_CV0,1,0,2,1,1
9,8.539752926394888,7.413552560728917,RD9_F6_m6f2_P6_Y8_UO215,RD6_F9_m6f2_P6_Y6_UO430,RD2_F9_m6f2_P6_Y6_UO431,FXX,1,0.0,0,0,0.0,0,0,0,-9999.0,0.4375,1,P5_CV0,1,0,2,1,1
9,8.539752926394888,7.413552560728917,RD9_F6_m6f2_P6_Y8_UO553,RD6_F9_m6f3_P6_Y6_UO721,RD2_F9_m2f6_P2_Y5_UO18,FXX,1,0.0,0,0,0.0,0,0,0,-9999.0,0.359375,1,P5_CV0,1,0,2,1,1
9,8.539752926394888,7.413552560728917,RD9_F6_m6f2_P6_Y8_UO554,RD6_F9_m6f3_P6_Y6_UO721,RD2_F9_m2f6_P2_Y5_UO18,MXY,1,0.0,0,0,0.0,0,0,0,-9999.0,0.359375,1,P5_CV0,1,0,2,2,0
9,8.539752926394888,7.413552560728917,RD9_F3_m5f3_P5_Y7_UO73,RD5_F9_m2f6_P2_Y5_UO241,RD3_F5_m1f10_P1_Y5_UO212,FXX,2,0.0,1,0,1.0,0,0,0,-9999.0,0.625,1,P5_CV0,1,2,0,0,2
9,8.539752926394888,7.413552560728917,RD9_F2_m2f5_P2_Y8_UO479,RD2_F9_m3f5_P3_Y6_UO137,RD5_F7_m4f3_P4_Y5_UO345,MXY,1,0.0,0,0,0.0,0,0,0,-9999.0,0.46875,1,P6_CV0,1,1,1,0,2
9,8.539752926394888,7.413552560728917,RD9_F2_m2f6_P2_Y8_UO634,RD2_F9_m6f2_P6_Y6_UO588,RD6_F9_m6f2_P6_Y6_UO670,FXX,1,0.0,0,0,0.0,0,0,0,-9999.0,0.4375,1,P6_CV0,1,0,2,0,2
9,8.539752926394888,7.413552560728917,RD9_F6_m6f4_P6_Y8_UO484,RD6_F9_m2f6_P2_Y6_UO612,RD4_F7_m4f7_P4_Y5_UO32,MXY,1,0.0,0,0,0.0,0,0,0,-9999.0,0.390625,1,P6_CV0,1,1,1,0,2
9,8.539752926394888,7.413552560728917,RD9_F6_m6f4_P6_Y8_UO485,RD6_F9_m2f6_P2_Y6_UO612,RD4_F7_m4f7_P4_Y5_UO32,MXY,1,0.0,0,0,0.0,0,0,0,-9999.0,0.390625,1,P6_CV0,1,0,2,1,1
9,8.539752926394888,7.413552560728917,RD9_F6_m6f9_P6_Y8_UO644,RD6_F9_m2f3_P2_Y6_UO64,RD9_F6_m2f6_P2_Y5_UO181,FXX,1,0.0,0,0,0.0,0,0,0,-9999.0,0.28125,1,P6_CV0,1,1,1,2,0
9,8.539752926394888,7.413552560728917,RD9_F6_m6f9_P6_Y8_UO646,RD6_F9_m2f3_P2_Y6_UO64,RD9_F6_m2f6_P2_Y5_UO181,MXY,1,0.0,0,0,0.0,0,0,0,-9999.0,0.28125,1,P6_CV0,1,1,1,2,0
9,8.539752926394888,7.413552560728917,RD9_F6_m6f9_P6_Y8_UO647,RD6_F9_m2f3_P2_Y6_UO64,RD9_F6_m2f6_P2_Y5_UO181,FXX,1,0.0,0,0,0.0,0,0,0,-9999.0,0.28125,1,P6_CV0,1,1,1,1,1
9,8.539752926394888,7.413552560728917,RD9_F1_m1f5_P1_Y8_UO573,RD1_F10_m1f5_P1_Y6_UO441,RD5_F1_m10f1_P10_Y6_UO529,FXX,1,0.0,0,0,0.0,0,0,0,-9999.0,0.578125,1,P7_CV0,1,2,0,0,2
9,8.539752926394888,7.413552560728917,RD9_F2_m2f9_P2_Y8_UO220,RD2_F5_m3f7_P3_Y6_UO754,RD9_F2_m4f8_P4_Y6_UO582,FXX,1,0.0,0,0,0.0,0,0,0,-9999.0,0.4375,1,P7_CV0,1,1,1,0,2
9,8.539752926394888,7.413552560728917,RD9_F10_m10f1_P10_Y8_UO134,RD10_F1_m5f4_P5_Y6_UO685,RD1_F10_m1f5_P1_Y6_UO325,FXX,1,0.0,0,0,0.0,0,0,0,-9999.0,0.40625,1,P7_CV0,1,1,1,1,1
9,8.539752926394888,7.413552560728917,RD9_F10_m10f1_P10_Y8_UO391,RD10_F1_m5f4_P5_Y6_UO685,RD1_F10_m1f5_P1_Y6_UO325,MXY,1,0.0,0,0,0.0,0,0,0,-9999.0,0.40625,1,P7_CV0,1,1,1,1,1
9,8.539752926394888,7.413552560728917,RD9_F2_m6f9_P6_Y7_UO177,RD6_F9_m6f9_P6_Y5_UO104,RD9_F6_m10f1_P10_Y4_UO771,FXX,2,0.0,1,0,1.0,0,0,0,-9999.0,0.53125,1,P7_CV0,1,1,1,1,1
9,8.539752926394888,7.413552560728917,RD9_F6_m2f3_P2_Y7_UO391,RD2_F6_m2f6_P2_Y5_UO243,RD3_F10_m1f5_P1_Y5_UO393,MXY,2,0.0,1,0,0.0,0,0,0,-9999.0,0.53125,1,P7_CV0,1,1,1,2,0
9,8.539752926394888,7.413552560728917,RD9_F6_m5f3_P5_Y6_UO392,RD5_F3_m2f3_P2_Y4_UO253,RD3_F2_m3f5_P3_Y2_UO208,FXX,3,0.0,1,0,1.0,0,0,0,-9999.0,0.4375,1,P8_CV0,1,2,0,1,1
9,8.539752926394888,7.413552560728917,RD9_F6_m6f4_P6_Y8_UO453,RD6_F9_m2f3_P2_Y6_UO64,RD4_F8_m4f7_P4_Y6_UO121,MXY,1,0.0,0,0,0.0,0,0,0,-9999.0,0.390625,1,P9_CV0,1,1,1,1,1
9,8.539752926394888,7.413552560728917,RD9_F10_m10f1_P10_Y8_UO305,RD10_F1_m5f3_P5_Y6_UO253,RD1_F10_m1f9_P1_Y6_UO215,MXY,1,0.0,0,0,0.0,0,0,0,-9999.0,0.453125,1,P9_CV0,1,1,1,1,1
10,8.46561485357468,1.194682155135915,RD10_F2_m2f3_P2_Y8_UO381,RD2_F8_m4f7_P4_Y6_UO575,RD3_F5_m10f1_P10_Y6_UO572,MXY,1,0.0,0,0,0.0,0,0,0,-9999.0,0.421875,1,P0_CV0,1,1,1,0,2
10,8.46561485357468,1.194682155135915,RD10_F1_m1f9_P1_Y8_UO466,RD1_F10_m1f10_P1_Y6_UO263,RD9_F6_m2f6_P2_Y6_UO665,FXX,1,0.0,0,0,0.0,0,0,0,-9999.0,0.484375,1,P0_CV0,1,1,1,0,2
10,8.46561485357468,1.194682155135915,RD10_F1_m1f9_P1_Y8_UO467,RD1_F10_m1f10_P1_Y6_UO263,RD9_F6_m2f6_P2_Y6_UO665,FXX,1,0.0,0,0,0.0,0,0,0,-9999.0,0.484375,1,P0_CV0,1,1,1,1,1
10,8.46561485357468,1.194682155135915,RD10_F6_m6f2_P6_Y8_UO202,RD6_F9_m3f5_P3_Y6_UO23,RD2_F3_m5f4_P5_Y6_UO702,FXX,1,0.0,0,0,0.0,0,0,0,-9999.0,0.34375,1,P0_CV0,1,0,2,1,1
10,8.46561485357468,1.194682155135915,RD10_F3_m3f1_P3_Y6_UO52,RD3_F5_m3f5_P3_Y4_UO444,RD1_F10_m1f10_P1_Y4_UO697,FXX,3,0.0,1,0,1.0,0,0,0,-9999.0,0.65625,1,P0_CV0,1,2,0,2,0
10,8.46561485357468,1.194682155135915,RD10_F1_m1f10_P1_Y8_UO190,RD1_F10_m3f5_P3_Y6_UO99,RD10_F1_m10f1_P10_Y6_UO531,MXY,1,0.0,0,0,0.0,0,0,0,-9999.0,0.5,1,P1_CV0,1,1,1,1,1
10,8.46561485357468,1.194682155135915,RD10_F1_m1f10_P1_Y8_UO193,RD1_F10_m3f5_P3_Y6_UO99,RD10_F1_m10f1_P10_Y6_UO531,FXX,1,0.0,0,0,0.0,0,0,0,-9999.0,0.5,1,P1_CV0,1,1,1,2,0
10,8.46561485357468,1.194682155135915,RD10_F1_m1f10_P1_Y8_UO192,RD1_F10_m3f5_P3_Y6_UO99,RD10_F1_m10f1_P10_Y6_UO531,MXY,1,0.0,0,0,0.0,0,0,0,-9999.0,0.5,1,P1_CV0,1,1,1,1,1
10,8.46561485357468,1.194682155135915,RD10_F1_m1f10_P1_Y8_UO194,RD1_F10_m3f5_P3_Y6_UO99,RD10_F1_m10f1_P10_Y6_UO531,MXY,1,0.0,0,0,0.0,0,0,0,-9999.0,0.5,1,P1_CV0,1,1,1,1,1
10,8.46561485357468,1.194682155135915,RD10_F1_m1f10_P1_Y8_UO351,RD1_F10_m1f5_P1_Y6_UO491,RD10_F1_m10f1_P10_Y6_UO422,FXX,1,0.0,0,0,0.0,0,0,0,-9999.0,0.546875,1,P2_CV0,1,1,1,2,0
10,8.46561485357468,1.194682155135915,RD10_F1_m1f10_P1_Y8_UO189,RD1_F10_m3f5_P3_Y6_UO99,RD10_F1_m10f1_P10_Y6_UO531,FXX,1,0.0,0,0,0.0,0,0,0,-9999.0,0.5,1,P2_CV0,1,1,1,1,1
10,8.46561485357468,1.194682155135915,RD10_F1_m1f10_P1_Y8_UO631,RD1_F3_m7f4_P7_Y6_UO333,RD10_F1_m10f1_P10_Y6_UO531,MXY,1,0.0,0,0,0.0,0,0,0,-9999.0,0.53125,1,P2_CV0,1,1,1,0,2
10,8.46561485357468,1.194682155135915,RD10_F1_m1f10_P1_Y8_UO188,RD1_F10_m3f5_P3_Y6_UO99,RD10_F1_m10f1_P10_Y6_UO531,FXX,1,0.0,0,0,0.0,0,0,0,-9999.0,0.5,1,P2_CV0,1,2,0,1,1
10,8.46561485357468,1.194682155135915,RD10_F1_m1f5_P1_Y8_UO525,RD1_F3_m2f3_P2_Y6_UO647,RD5_F3_m4f8_P4_Y6_UO598,FXX,1,0.0,0,0,0.0,0,0,0,-9999.0,0.40625,1,P2_CV0,1,1,1,0,2
10,8.46561485357468,1.194682155135915,RD10_F1_m1f3_P1_Y8_UO262,RD1_F10_m1f10_P1_Y6_UO639,RD3_F5_m3f5_P3_Y6_UO486,FXX,1,0.0,0,0,0.0,0,0,0,-9999.0,0.484375,1,P2_CV0,1,0,2,1,1
10,8.46561485357468,1.194682155135915,RD10_F1_m1f3_P1_Y8_UO260,RD1_F10_m1f10_P1_Y6_UO639,RD3_F5_m3f5_P3_Y6_UO486,FXX,1,0.0,0,0,0.0,0,0,0,-9999.0,0.484375,1,P2_CV0,1,1,1,0,2
10,8.46561485357468,1.194682155135915,RD10_F1_m1f10_P1_Y8_UO191,RD1_F10_m3f5_P3_Y6_UO99,RD10_F1_m10f1_P10_Y6_UO531,MXY,1,0.0,0,0,0.0,0,0,0,-9999.0,0.5,1,P2_CV0,1,1,1,0,2
10,8.46561485357468,1.194682155135915,RD10_F9_m9f5_P9_Y8_UO717,RD9_F6_m2f4_P2_Y6_UO579,RD5_F1_m10f3_P10_Y6_UO467,MXY,1,0.0,0,0,0.0,0,0,0,-9999.0,0.5625,1,P2_CV0,1,0,2,1,1
10,8.46561485357468,1.194682155135915,RD10_F1_m1f3_P1_Y8_UO259,RD1_F10_m1f10_P1_Y6_UO639,RD3_F5_m3f5_P3_Y6_UO486,MXY,1,0.0,0,0,0.0,0,0,0,-9999.0,0.484375,1,P2_CV0,1,0,2,1,1
10,8.46561485357468,1.194682155135915,RD10_F1_m1f3_P1_Y8_UO258,RD1_F10_m1f10_P1_Y6_UO639,RD3_F5_m3f5_P3_Y6_UO486,FXX,1,0.0,0,0,0.0,0,0,0,-9999.0,0.484375,1,P2_CV0,1,1,1,0,2
10,8.46561485357468,1.194682155135915,RD10_F1_m1f10_P1_Y8_UO211,RD1_F6_m2f6_P2_Y6_UO611,RD10_F1_m10f1_P10_Y6_UO531,MXY,1,0.0,0,0,0.0,0,0,0,-9999.0,0.53125,1,P2_CV0,1,2,0,0,2
10,8.46561485357468,1.194682155135915,RD10_F1_m1f5_P1_Y8_UO529,RD1_F3_m2f3_P2_Y6_UO647,RD5_F3_m4f8_P4_Y6_UO598,FXX,1,0.0,0,0,0.0,0,0,0,-9999.0,0.40625,1,P2_CV0,1,2,0,1,1
10,8.46561485357468,1.194682155135915,RD10_F1_m1f5_P1_Y8_UO736,RD1_F3_m5f3_P5_Y6_UO116,RD5_F3_m5f9_P5_Y6_UO456,FXX,1,0.0,0,0,0.0,0,0,0,-9999.0,0.546875,1,P2_CV0,1,2,0,1,1
10,8.46561485357468,1.194682155135915,RD10_F1_m1f10_P1_Y8_UO212,RD1_F6_m2f6_P2_Y6_UO611,RD10_F1_m10f1_P10_Y6_UO531,FXX,1,0.0,0,0,0.0,0,0,0,-9999.0,0.53125,1,P2_CV0,1,1,1,1,1
10,8.46561485357468,1.194682155135915,RD10_F1_m1f10_P1_Y8_UO346,RD1_F10_m1f5_P1_Y6_UO491,RD10_F1_m10f1_P10_Y6_UO422,MXY,1,0.0,0,0,0.0,0,0,0,-9999.0,0.546875,1,P2_CV0,1,0,2,2,0
10,8.46561485357468,1.194682155135915,RD10_F1_m1f5_P1_Y8_UO530,RD1_F3_m2f3_P2_Y6_UO647,RD5_F3_m4f8_P4_Y6_UO598,MXY,1,0.0,0,0,0.0,0,0,0,-9999.0,0.40625,1,P2_CV0,1,2,0,1,1
10,8.46561485357468,1.194682155135915,RD10_F1_m1f10_P1_Y8_UO214,RD1_F6_m2f6_P2_Y6_UO611,RD10_F1_m10f1_P10_Y6_UO531,MXY,1,0.0,0,0,0.0,0,0,0,-9999.0,0.53125,1,P2_CV0,1,2,0,2,0
10,8.46561485357468,1.194682155135915,RD10_F1_m3f5_P3_Y7_UO504,RD3_F2_m6f2_P6_Y5_UO132,RD5_F1_m1f5_P1_Y4_UO81,FXX,2,0.0,1,0,1.0,0,0,0,-9999.0,0.4375,1,P2_CV0,1,1,1,0,2
10,8.46561485357468,1.194682155135915,RD10_F9_m2f3_P2_Y7_UO311,RD2_F9_m6f9_P6_Y5_UO26,RD3_F5_m3f5_P3_Y5_UO56,FXX,2,0.0,1,0,1.0,0,0,0,-9999.0,0.5,1,P2_CV0,1,0,2,2,0
10,8.46561485357468,1.194682155135915,RD10_F1_m10f1_P10_Y7_UO271,RD10_F9_m6f9_P6_Y5_UO30,RD1_F5_m3f5_P3_Y5_UO71,MXY,2,0.0,1,0,0.0,0,0,0,-9999.0,0.5,1,P2_CV0,1,1,1,2,0
10,8.46561485357468,1.194682155135915,RD10_F1_m10f1_P10_Y7_UO277,RD10_F9_m6f9_P6_Y5_UO30,RD1_F5_m3f5_P3_Y5_UO71,FXX,2,0.0,1,0,1.0,0,0,0,-9999.0,0.5,1,P2_CV0,1,1,1,1,1
10,8.46561485357468,1.194682155135915,RD10_F1_m10f1_P10_Y7_UO281,RD10_F9_m6f9_P6_Y5_UO30,RD1_F5_m3f5_P3_Y5_UO71,FXX,2,0.0,1,0,1.0,0,0,0,-9999.0,0.5,1,P2_CV0,1,0,2,2,0
10,8.46561485357468,1.194682155135915,RD10_F1_m10f1_P10_Y7_UO282,RD10_F9_m6f9_P6_Y5_UO30,RD1_F5_m3f5_P3_Y5_UO71,FXX,2,0.0,1,0,1.0,0,0,0,-9999.0,0.5,1,P2_CV0,1,0,2,1,1
10,8.46561485357468,1.194682155135915,RD10_F1_m3f9_P3_Y7_UO53,RD3_F2_m6f2_P6_Y5_UO132,RD9_F6_m10f1_P10_Y4_UO771,MXY,2,0.0,1,0,0.0,0,0,0,-9999.0,0.5625,1,P2_CV0,1,1,1,1,1
10,8.46561485357468,1.194682155135915,RD10_F6_m2f3_P2_Y7_UO126,RD2_F9_m6f9_P6_Y5_UO26,RD3_F2_m1f5_P1_Y4_UO555,FXX,2,0.0,1,0,1.0,0,0,0,-9999.0,0.46875,1,P2_CV0,1,1,1,2,0
10,8.46561485357468,1.194682155135915,RD10_F9_m6f2_P6_Y7_UO146,RD6_F9_m2f7_P2_Y5_UO255,RD2_F9_m9f3_P9_Y4_UO654,MXY,2,0.0,1,0,0.0,0,0,0,-9999.0,0.4375,1,P2_CV0,1,1,1,1,1
10,8.46561485357468,1.194682155135915,RD10_F9_m4f7_P4_Y7_UO413,RD4_F8_m4f7_P4_Y5_UO234,RD7_F5_m1f5_P1_Y5_UO385,MXY,2,0.0,1,0,0.0,0,0,0,-9999.0,0.3125,1,P2_CV0,1,0,2,2,0
10,8.46561485357468,1.194682155135915,RD10_F1_m1f10_P1_Y6_UO483,RD1_F5_m1f10_P1_Y4_UO701,RD10_F1_m10f1_P10_Y4_UO775,FXX,3,0.0,1,0,1.0,0,0,0,-9999.0,0.625,1,P2_CV0,1,1,1,1,1
10,8.46561485357468,1.194682155135915,RD10_F1_m1f3_P1_Y8_UO506,RD1_F3_m5f3_P5_Y6_UO116,RD3_F2_m6f2_P6_Y6_UO375,MXY,1,0.0,0,0,0.0,0,0,0,-9999.0,0.515625,1,P3_CV0,1,2,0,1,1
10,8.46561485357468,1.194682155135915,RD10_F1_m1f10_P1_Y8_UO126,RD1_F10_m1f5_P1_Y6_UO246,RD10_F1_m10f5_P10_Y6_UO321,MXY,1,0.0,0,0,0.0,0,0,0,-9999.0,0.4375,1,P3_CV0,1,1,1,2,0
10,8.46561485357468,1.194682155135915,RD10_F1_m1f10_P1_Y8_UO128,RD1_F10_m1f5_P1_Y6_UO246,RD10_F1_m10f5_P10_Y6_UO321,MXY,1,0.0,0,0,0.0,0,0,0,-9999.0,0.4375,1,P3_CV0,1,1,1,0,2
10,8.46561485357468,1.194682155135915,RD10_F2_m2f6_P2_Y8_UO610,RD2_F8_m4f7_P4_Y6_UO575,RD6_F3_m1f5_P1_Y5_UO393,FXX,1,0.0,0,0,0.0,0,0,0,-9999.0,0.390625,1,P3_CV0,1,0,2,1,1
10,8.46561485357468,1.194682155135915,RD10_F1_m1f5_P1_Y8_UO734,RD1_F3_m5f3_P5_Y6_UO116,RD5_F3_m5f9_P5_Y6_UO456,FXX,1,0.0,0,0,0.0,0,0,0,-9999.0,0.546875,1,P3_CV0,1,1,1,2,0
10,8.46561485357468,1.194682155135915,RD10_F3_m3f2_P3_Y8_UO273,RD3_F5_m3f1_P3_Y6_UO52,RD2_F8_m4f8_P4_Y6_UO553,MXY,1,0.0,0,0,0.0,0,0,0,-9999.0,0.609375,1,P3_CV0,1,1,1,1,1
10,8.46561485357468,1.194682155135915,RD10_F1_m1f10_P1_Y8_UO129,RD1_F10_m1f5_P1_Y6_UO246,RD10_F1_m10f5_P10_Y6_UO321,FXX,1,0.0,0,0,0.0,0,0,0,-9999.0,0.4375,1,P3_CV0,1,0,2,0,2
10,8.46561485357468,1.194682155135915,RD10_F1_m1f9_P1_Y8_UO673,RD1_F3_m5f3_P5_Y6_UO116,RD9_F6_m2f6_P2_Y5_UO181,MXY,1,0.0,0,0,0.0,0,0,0,-9999.0,0.375,1,P3_CV0,1,1,1,1,1
10,8.46561485357468,1.194682155135915,RD10_F1_m1f5_P1_Y8_UO737,RD1_F3_m5f3_P5_Y6_UO116,RD5_F3_m5f9_P5_Y6_UO456,MXY,1,0.0,0,0,0.0,0,0,0,-9999.0,0.546875,1,P3_CV0,1,2,0,1,1
10,8.46561485357468,1.194682155135915,RD10_F1_m1f9_P1_Y8_UO674,RD1_F3_m5f3_P5_Y6_UO116,RD9_F6_m2f6_P2_Y5_UO181,FXX,1,0.0,0,0,0.0,0,0,0,-9999.0,0.375,1,P3_CV0,1,1,1,2,0
10,8.46561485357468,1.194682155135915,RD10_F1_m3f5_P3_Y7_UO196,RD3_F2_m6f2_P6_Y5_UO132,RD5_F3_m3f2_P3_Y4_UO542,FXX,2,0.0,1,0,1.0,0,0,0,-9999.0,0.4375,1,P3_CV0,1,0,2,2,0
10,8.46561485357468,1.194682155135915,RD10_F1_m1f5_P1_Y8_UO527,RD1_F3_m2f3_P2_Y6_UO647,RD5_F3_m4f8_P4_Y6_UO598,MXY,1,0.0,0,0,0.0,0,0,0,-9999.0,0.40625,1,P4_CV0,1,0,2,1,1
10,8.46561485357468,1.194682155135915,RD10_F5_m5f3_P5_Y8_UO624,RD5_F3_m5f2_P5_Y6_UO508,RD3_F2_m6f2_P6_Y6_UO375,MXY,1,0.0,0,0,0.0,0,0,0,-9999.0,0.421875,1,P4_CV0,1,1,1,1,1
10,8.46561485357468,1.194682155135915,RD10_F5_m5f7_P5_Y8_UO642,RD5_F3_m5f2_P5_Y6_UO508,RD7_F4_m8f7_P8_Y6_UO559,MXY,1,0.0,0,0,0.0,0,0,0,-9999.0,0.375,1,P4_CV0,1,1,1,1,1
10,8.46561485357468,1.194682155135915,RD10_F1_m1f5_P1_Y8_UO531,RD1_F3_m2f3_P2_Y6_UO647,RD5_F3_m4f8_P4_Y6_UO598,MXY,1,0.0,0,0,0.0,0,0,0,-9999.0,0.40625,1,P4_CV0,1,1,1,1,1
10,8.46561485357468,1.194682155135915,RD10_F1_m1f5_P1_Y8_UO571,RD1_F10_m1f5_P1_Y6_UO441,RD5_F1_m10f1_P10_Y6_UO529,MXY,1,0.0,0,0,0.0,0,0,0,-9999.0,0.578125,1,P4_CV0,1,2,0,1,1
10,8.46561485357468,1.194682155135915,RD10_F3_m5f4_P5_Y6_UO701,RD5_F3_m5f2_P5_Y4_UO530,RD4_F7_m7f4_P7_Y2_UO2,FXX,3,0.0,1,0,1.0,0,0,0,-9999.0,0.28125,1,P4_CV0,1,1,1,1,1
10,8.46561485357468,1.194682155135915,RD10_F1_m1f3_P1_Y8_UO507,RD1_F3_m5f3_P5_Y6_UO116,RD3_F2_m6f2_P6_Y6_UO375,FXX,1,0.0,0,0,0.0,0,0,0,-9999.0,0.515625,1,P5_CV0,1,2,0,1,1
10,8.46561485357468,1.194682155135915,RD10_F9_m9f2_P9_Y8_UO3,RD9_F2_m6f2_P6_Y6_UO209,RD2_F5_m7f4_P7_Y6_UO633,FXX,1,0.0,0,0,0.0,0,0,0,-9999.0,0.4375,1,P5_CV0,1,0,2,1,1
10,8.46561485357468,1.194682155135915,RD10_F1_m1f3_P1_Y8_UO503,RD1_F3_m5f3_P5_Y6_UO116,RD3_F2_m6f2_P6_Y6_UO375,MXY,1,0.0,0,0,0.0,0,0,0,-9999.0,0.515625,1,P5_CV0,1,2,0,2,0
10,8.46561485357468,1.194682155135915,RD10_F1_m5f3_P5_Y7_UO14,RD5_F9_m2f6_P2_Y5_UO241,RD3_F5_m3f5_P3_Y5_UO56,MXY,2,0.0,1,0,0.0,0,0,0,-9999.0,0.625,1,P5_CV0,1,1,1,1,1
10,8.46561485357468,1.194682155135915,RD10_F1_m5f3_P5_Y7_UO60,RD5_F9_m2f6_P2_Y5_UO241,RD3_F5_m1f10_P1_Y5_UO212,MXY,2,0.0,1,0,0.0,0,0,0,-9999.0,0.625,1,P5_CV0,1,2,0,1,1
10,8.46561485357468,1.194682155135915,RD10_F3_m5f3_P5_Y7_UO72,RD5_F9_m2f6_P2_Y5_UO241,RD3_F5_m1f10_P1_Y5_UO212,FXX,2,0.0,1,0,1.0,0,0,0,-9999.0,0.625,1,P5_CV0,1,1,1,2,0
10,8.46561485357468,1.194682155135915,RD10_F1_m5f3_P5_Y7_UO15,RD5_F9_m2f6_P2_Y5_UO241,RD3_F5_m3f5_P3_Y5_UO56,FXX,2,0.0,1,0,1.0,0,0,0,-9999.0,0.625,1,P5_CV0,1,2,0,2,0
10,8.46561485357468,1.194682155135915,RD10_F1_m5f3_P5_Y7_UO416,RD5_F9_m2f6_P2_Y5_UO241,RD3_F9_m1f3_P1_Y4_UO710,FXX,2,0.0,1,0,1.0,0,0,0,-9999.0,0.53125,1,P5_CV0,1,2,0,1,1
10,8.46561485357468,1.194682155135915,RD10_F9_m2f6_P2_Y7_UO138,RD2_F9_m6f2_P6_Y5_UO336,RD6_F9_m2f9_P2_Y5_UO184,FXX,2,0.0,1,0,1.0,0,0,0,-9999.0,0.5,1,P5_CV0,1,1,1,1,1
10,8.46561485357468,1.194682155135915,RD10_F1_m5f3_P5_Y7_UO74,RD5_F9_m2f6_P2_Y5_UO241,RD3_F5_m1f10_P1_Y5_UO212,MXY,2,0.0,1,0,0.0,0,0,0,-9999.0,0.625,1,P5_CV0,1,1,1,1,1
10,8.46561485357468,1.194682155135915,RD10_F1_m1f10_P1_Y8_UO347,RD1_F10_m1f5_P1_Y6_UO491,RD10_F1_m10f1_P10_Y6_UO422,MXY,1,0.0,0,0,0.0,0,0,0,-9999.0,0.546875,1,P6_CV0,1,2,0,1,1
10,8.46561485357468,1.194682155135915,RD10_F1_m1f3_P1_Y8_UO85,RD1_F10_m1f5_P1_Y6_UO246,RD3_F5_m5f3_P5_Y5_UO263,FXX,1,0.0,0,0,0.0,0,0,0,-9999.0,0.3125,1,P6_CV0,1,0,2,0,2
10,8.46561485357468,1.194682155135915,RD10_F1_m1f10_P1_Y8_UO350,RD1_F10_m1f5_P1_Y6_UO491,RD10_F1_m10f1_P10_Y6_UO422,MXY,1,0.0,0,0,0.0,0,0,0,-9999.0,0.546875,1,P6_CV0,1,1,1,1,1
10,8.46561485357468,1.194682155135915,RD10_F1_m1f3_P1_Y8_UO86,RD1_F10_m1f5_P1_Y6_UO246,RD3_F5_m5f3_P5_Y5_UO263,MXY,1,0.0,0,0,0.0,0,0,0,-9999.0,0.3125,1,P6_CV0,1,1,1,0,2
10,8.46561485357468,1.194682155135915,RD10_F1_m1f9_P1_Y8_UO671,RD1_F3_m5f3_P5_Y6_UO116,RD9_F6_m2f6_P2_Y5_UO181,MXY,1,0.0,0,0,0.0,0,0,0,-9999.0,0.375,1,P6_CV0,1,1,1,2,0
10,8.46561485357468,1.194682155135915,RD10_F1_m1f3_P1_Y8_UO329,RD1_F5_m3f5_P3_Y6_UO286,RD3_F1_m5f3_P5_Y6_UO389,MXY,1,0.0,0,0,0.0,0,0,0,-9999.0,0.46875,1,P6_CV0,1,1,1,0,2
10,8.46561485357468,1.194682155135915,RD10_F1_m10f3_P10_Y7_UO462,RD10_F1_m2f3_P2_Y5_UO122,RD3_F9_m2f3_P2_Y5_UO381,MXY,2,0.0,1,0,0.0,0,0,0,-9999.0,0.3125,1,P6_CV0,1,1,1,0,2
10,8.46561485357468,1.194682155135915,RD10_F9_m2f6_P2_Y7_UO484,RD2_F3_m2f6_P2_Y5_UO182,RD6_F2_m9f2_P9_Y5_UO293,MXY,2,0.0,1,0,0.0,0,0,0,-9999.0,0.15625,1,P6_CV0,1,0,2,1,1
10,8.46561485357468,1.194682155135915,RD10_F1_m10f3_P10_Y7_UO464,RD10_F1_m2f3_P2_Y5_UO122,RD3_F9_m2f3_P2_Y5_UO381,MXY,2,0.0,1,0,0.0,0,0,0,-9999.0,0.3125,1,P6_CV0,1,0,2,0,2
10,8.46561485357468,1.194682155135915,RD10_F9_m6f3_P6_Y7_UO260,RD6_F9_m6f2_P6_Y5_UO332,RD3_F9_m2f3_P2_Y5_UO381,FXX,2,0.0,1,0,1.0,0,0,0,-9999.0,0.34375,1,P6_CV0,1,1,1,0,2
10,8.46561485357468,1.194682155135915,RD10_F1_m1f5_P1_Y6_UO246,RD1_F10_m1f3_P1_Y4_UO711,RD5_F3_m2f3_P2_Y4_UO252,FXX,3,0.0,1,0,1.0,0,0,0,-9999.0,0.4375,1,P6_CV0,1,1,1,1,1
10,8.46561485357468,1.194682155135915,RD10_F1_m1f3_P1_Y8_UO257,RD1_F10_m1f10_P1_Y6_UO639,RD3_F5_m3f5_P3_Y6_UO486,MXY,1,0.0,0,0,0.0,0,0,0,-9999.0,0.484375,1,P7_CV0,1,0,2,1,1
10,8.46561485357468,1.194682155135915,RD10_F1_m1f5_P1_Y8_UO572,RD1_F10_m1f5_P1_Y6_UO441,RD5_F1_m10f1_P10_Y6_UO529,FXX,1,0.0,0,0,0.0,0,0,0,-9999.0,0.578125,1,P7_CV0,1,2,0,1,1
10,8.46561485357468,1.194682155135915,RD10_F9_m9f2_P9_Y8_UO1,RD9_F2_m6f2_P6_Y6_UO209,RD2_F5_m7f4_P7_Y6_UO633,MXY,1,0.0,0,0,0.0,0,0,0,-9999.0,0.4375,1,P7_CV0,1,0,2,2,0
10,8.46561485357468,1.194682155135915,RD10_F1_m1f5_P1_Y8_UO93,RD1_F3_m7f4_P7_Y6_UO333,RD5_F1_m5f3_P5_Y6_UO252,FXX,1,0.0,0,0,0.0,0,0,0,-9999.0,0.46875,1,P7_CV0,1,0,2,0,2
10,8.46561485357468,1.194682155135915,RD10_F1_m1f5_P1_Y8_UO574,RD1_F10_m1f5_P1_Y6_UO441,RD5_F1_m10f1_P10_Y6_UO529,MXY,1,0.0,0,0,0.0,0,0,0,-9999.0,0.578125,1,P7_CV0,1,2,0,2,0
10,8.46561485357468,1.194682155135915,RD10_F6_m6f2_P6_Y8_UO81,RD6_F9_m1f10_P1_Y6_UO307,RD2_F9_m6f2_P6_Y6_UO431,MXY,1,0.0,0,0,0.0,0,0,0,-9999.0,0.46875,1,P7_CV0,1,1,1,0,2
10,8.46561485357468,1.194682155135915,RD10_F1_m10f1_P10_Y7_UO279,RD10_F9_m6f9_P6_Y5_UO30,RD1_F5_m3f5_P3_Y5_UO71,MXY,2,0.0,1,0,0.0,0,0,0,-9999.0,0.5,1,P7_CV0,1,1,1,1,1
10,8.46561485357468,1.194682155135915,RD10_F1_m10f1_P10_Y7_UO286,RD10_F9_m6f9_P6_Y5_UO30,RD1_F5_m3f5_P3_Y5_UO71,MXY,2,0.0,1,0,0.0,0,0,0,-9999.0,0.5,1,P7_CV0,1,0,2,2,0
10,8.46561485357468,1.194682155135915,RD10_F1_m10f1_P10_Y7_UO273,RD10_F9_m6f9_P6_Y5_UO30,RD1_F5_m3f5_P3_Y5_UO71,MXY,2,0.0,1,0,0.0,0,0,0,-9999.0,0.5,1,P7_CV0,1,0,2,1,1
10,8.46561485357468,1.194682155135915,RD10_F1_m1f5_P1_Y6_UO441,RD1_F10_m6f2_P6_Y4_UO296,RD5_F1_m5f2_P5_Y4_UO266,FXX,3,0.0,1,0,1.0,0,0,0,-9999.0,0.625,1,P7_CV0,1,2,0,1,1
10,8.46561485357468,1.194682155135915,RD10_F1_m1f3_P1_Y8_UO89,RD1_F10_m1f5_P1_Y6_UO246,RD3_F5_m5f3_P5_Y5_UO263,MXY,1,0.0,0,0,0.0,0,0,0,-9999.0,0.3125,1,P8_CV0,1,1,1,1,1
10,8.46561485357468,1.194682155135915,RD10_F5_m5f7_P5_Y8_UO148,RD5_F7_m4f8_P4_Y6_UO381,RD7_F4_m8f7_P8_Y6_UO559,FXX,1,0.0,0,0,0.0,0,0,0,-9999.0,0.4375,1,P8_CV0,1,1,1,2,0
10,8.46561485357468,1.194682155135915,RD10_F5_m5f3_P5_Y8_UO8,RD5_F3_m5f3_P5_Y6_UO94,RD3_F5_m10f1_P10_Y6_UO572,FXX,1,0.0,0,0,0.0,0,0,0,-9999.0,0.4375,1,P8_CV0,1,0,2,2,0
10,8.46561485357468,1.194682155135915,RD10_F1_m1f3_P1_Y8_UO87,RD1_F10_m1f5_P1_Y6_UO246,RD3_F5_m5f3_P5_Y5_UO263,FXX,1,0.0,0,0,0.0,0,0,0,-9999.0,0.3125,1,P8_CV0,1,0,2,1,1
10,8.46561485357468,1.194682155135915,RD10_F1_m10f1_P10_Y7_UO431,RD10_F1_m3f5_P3_Y5_UO66,RD1_F10_m5f1_P5_Y5_UO42,MXY,2,0.0,1,0,0.0,0,0,0,-9999.0,0.375,1,P8_CV0,1,1,1,2,0
10,8.46561485357468,1.194682155135915,RD10_F1_m1f3_P1_Y8_UO330,RD1_F5_m3f5_P3_Y6_UO286,RD3_F1_m5f3_P5_Y6_UO389,MXY,1,0.0,0,0,0.0,0,0,0,-9999.0,0.46875,1,P9_CV0,1,1,1,0,2
10,8.46561485357468,1.194682155135915,RD10_F1_m1f3_P1_Y8_UO328,RD1_F5_m3f5_P3_Y6_UO286,RD3_F1_m5f3_P5_Y6_UO389,MXY,1,0.0,0,0,0.0,0,0,0,-9999.0,0.46875,1,P9_CV0,1,1,1,0,2
10,8.46561485357468,1.194682155135915,RD10_F1_m10f1_P10_Y7_UO365,RD10_F1_m10f3_P10_Y5_UO156,RD1_F10_m1f5_P1_Y5_UO387,MXY,2,0.0,1,0,0.0,0,0,0,-9999.0,0.4375,1,P9_CV0,1,0,2,1,1
10,8.46561485357468,1.194682155135915,RD10_F1_m1f10_P1_Y6_UO263,RD1_F5_m1f10_P1_Y4_UO701,RD10_F1_m5f3_P5_Y4_UO778,FXX,3,0.0,1,0,1.0,0,0,0,-9999.0,0.5625,1,P9_CV0,1,1,1,1,1
