PatchID,XCOORD,YCOORD,ID,MID,FID,sex,age,size,mature,newmature,layeggs,capture,recapture,state,CDist,Hindex,Species,ClassFile,SubPatchID,L0A0,L0A1,L1A0,L1A1
1,4.359949021420038,0.38889347741837,RD1_F5_m5f1_P5_Y12_UO6,RD5_F2_m6f2_P6_Y10_UO284,RD1_F5_m1f5_P1_Y10_UO185,FXX,1,0.0,0,0,0.0,0,0,0,-9999.0,0.5,1,P0_CV0,1,2,0,2,0
1,4.359949021420038,0.38889347741837,RD1_F5_m5f1_P5_Y12_UO7,RD5_F2_m6f2_P6_Y10_UO284,RD1_F5_m1f5_P1_Y10_UO185,MXY,1,0.0,0,0,0.0,0,0,0,-9999.0,0.5,1,P0_CV0,1,1,1,2,0
1,4.359949021420038,0.38889347741837,RD1_F5_m5f1_P5_Y12_UO9,RD5_F2_m6f2_P6_Y10_UO284,RD1_F5_m1f5_P1_Y10_UO185,FXX,1,0.0,0,0,0.0,0,0,0,-9999.0,0.5,1,P0_CV0,1,1,1,2,0
1,4.359949021420038,0.38889347741837,RD1_F5_m5f1_P5_Y12_UO11,RD5_F2_m6f2_P6_Y10_UO284,RD1_F5_m1f5_P1_Y10_UO185,FXX,1,0.0,0,0,0.0,0,0,0,-9999.0,0.5,1,P0_CV0,1,2,0,2,0
1,4.359949021420038,0.38889347741837,RD1_F5_m5f1_P5_Y12_UO423,RD5_F1_m5f1_P5_Y10_UO476,RD1_F5_m1f5_P1_Y10_UO185,MXY,1,0.0,0,0,0.0,0,0,0,-9999.0,0.44921875,1,P0_CV0,1,1,1,1,1
1,4.359949021420038,0.38889347741837,RD1_F5_m5f1_P5_Y12_UO424,RD5_F1_m5f1_P5_Y10_UO476,RD1_F5_m1f5_P1_Y10_UO185,FXX,1,0.0,0,0,0.0,0,0,0,-9999.0,0.44921875,1,P0_CV0,1,1,1,2,0
1,4.359949021420038,0.38889347741837,RD1_F5_m5f3_P5_Y12_UO155,RD5_F2_m5f1_P5_Y10_UO620,RD3_F7_m4f8_P4_Y10_UO159,MXY,1,0.0,0,0,0.0,0,0,0,-9999.0,0.5390625,1,P1_CV0,1,0,2,0,2
1,4.359949021420038,0.38889347741837,RD1_F5_m5f3_P5_Y12_UO455,RD5_F2_m9f6_P9_Y10_UO365,RD3_F6_m2f5_P2_Y9_UO14,MXY,1,0.0,0,0,0.0,0,0,0,-9999.0,0.515625,1,P1_CV0,1,1,1,1,1
1,4.359949021420038,0.38889347741837,RD1_F5_m5f3_P5_Y12_UO457,RD5_F2_m9f6_P9_Y10_UO365,RD3_F6_m2f5_P2_Y9_UO14,MXY,1,0.0,0,0,0.0,0,0,0,-9999.0,0.515625,1,P1_CV0,1,1,1,1,1
1,4.359949021420038,0.38889347741837,RD1_F5_m5f3_P5_Y12_UO458,RD5_F2_m9f6_P9_Y10_UO365,RD3_F6_m2f5_P2_Y9_UO14,MXY,1,0.0,0,0,0.0,0,0,0,-9999.0,0.515625,1,P1_CV0,1,1,1,1,1
1,4.359949021420038,0.38889347741837,RD1_F5_m5f3_P5_Y12_UO582,RD5_F2_m9f6_P9_Y10_UO365,RD3_F6_m2f5_P2_Y9_UO14,FXX,1,0.0,0,0,0.0,0,0,0,-9999.0,0.515625,1,P1_CV0,1,1,1,1,1
1,4.359949021420038,0.38889347741837,RD1_F5_m5f3_P5_Y12_UO584,RD5_F2_m9f6_P9_Y10_UO365,RD3_F6_m2f5_P2_Y9_UO14,FXX,1,0.0,0,0,0.0,0,0,0,-9999.0,0.515625,1,P1_CV0,1,1,1,1,1
1,4.359949021420038,0.38889347741837,RD1_F5_m1f5_P1_Y11_UO22,RD1_F5_m2f9_P2_Y9_UO305,RD5_F3_m2f9_P2_Y7_UO17,FXX,2,0.0,1,0,1.0,0,0,0,-9999.0,0.515625,1,P1_CV0,1,2,0,0,2
1,4.359949021420038,0.38889347741837,RD1_F5_m1f5_P1_Y11_UO396,RD1_F5_m3f5_P3_Y9_UO429,RD5_F1_m5f3_P5_Y9_UO261,MXY,2,0.0,1,0,0.0,0,0,0,-9999.0,0.46875,1,P1_CV0,1,1,1,1,1
1,4.359949021420038,0.38889347741837,RD1_F5_m1f5_P1_Y11_UO27,RD1_F5_m2f9_P2_Y9_UO305,RD5_F3_m2f9_P2_Y7_UO17,MXY,2,0.0,1,0,0.0,0,0,0,-9999.0,0.515625,1,P1_CV0,1,2,0,0,2
1,4.359949021420038,0.38889347741837,RD1_F5_m1f5_P1_Y11_UO506,RD1_F5_m1f5_P1_Y9_UO82,RD5_F1_m5f3_P5_Y9_UO404,FXX,2,0.0,1,0,1.0,0,0,0,-9999.0,0.46875,1,P1_CV0,1,0,2,1,1
1,4.359949021420038,0.38889347741837,RD1_F5_m5f3_P5_Y12_UO156,RD5_F2_m5f1_P5_Y10_UO620,RD3_F7_m4f8_P4_Y10_UO159,FXX,1,0.0,0,0,0.0,0,0,0,-9999.0,0.5390625,1,P2_CV0,1,1,1,1,1
1,4.359949021420038,0.38889347741837,RD1_F5_m5f3_P5_Y12_UO159,RD5_F2_m5f1_P5_Y10_UO620,RD3_F7_m4f8_P4_Y10_UO159,FXX,1,0.0,0,0,0.0,0,0,0,-9999.0,0.5390625,1,P2_CV0,1,1,1,1,1
1,4.359949021420038,0.38889347741837,RD1_F5_m1f5_P1_Y11_UO501,RD1_F5_m1f5_P1_Y9_UO82,RD5_F1_m5f3_P5_Y9_UO404,MXY,2,0.0,1,0,0.0,0,0,0,-9999.0,0.46875,1,P2_CV0,1,0,2,2,0
1,4.359949021420038,0.38889347741837,RD1_F5_m1f5_P1_Y11_UO508,RD1_F5_m1f5_P1_Y9_UO82,RD5_F1_m5f3_P5_Y9_UO404,FXX,2,0.0,1,0,1.0,0,0,0,-9999.0,0.46875,1,P2_CV0,1,0,2,1,1
1,4.359949021420038,0.38889347741837,RD1_F5_m3f2_P3_Y11_UO472,RD3_F6_m9f6_P9_Y9_UO45,RD2_F6_m9f6_P9_Y9_UO38,FXX,2,0.0,1,0,1.0,0,0,0,-9999.0,0.46875,1,P3_CV0,1,0,2,1,1
1,4.359949021420038,0.38889347741837,RD1_F5_m3f6_P3_Y11_UO367,RD3_F6_m9f6_P9_Y9_UO45,RD6_F3_m7f4_P7_Y9_UO154,MXY,2,0.0,1,0,0.0,0,0,0,-9999.0,0.53125,1,P3_CV0,1,0,2,1,1
1,4.359949021420038,0.38889347741837,RD1_F5_m5f3_P5_Y10_UO266,RD5_F1_m5f3_P5_Y8_UO241,RD3_F6_m9f2_P9_Y8_UO423,MXY,3,0.0,1,0,0.0,0,0,0,-9999.0,0.5078125,1,P3_CV0,1,1,1,1,1
1,4.359949021420038,0.38889347741837,RD1_F5_m5f3_P5_Y12_UO3,RD5_F1_m5f1_P5_Y10_UO633,RD3_F6_m3f5_P3_Y10_UO279,MXY,1,0.0,0,0,0.0,0,0,0,-9999.0,0.45703125,1,P4_CV0,1,1,1,1,1
1,4.359949021420038,0.38889347741837,RD1_F5_m5f3_P5_Y12_UO5,RD5_F1_m5f1_P5_Y10_UO633,RD3_F6_m3f5_P3_Y10_UO279,FXX,1,0.0,0,0,0.0,0,0,0,-9999.0,0.45703125,1,P4_CV0,1,0,2,2,0
1,4.359949021420038,0.38889347741837,RD1_F5_m5f3_P5_Y12_UO40,RD5_F3_m7f3_P7_Y10_UO405,RD3_F6_m3f5_P3_Y10_UO279,FXX,1,0.0,0,0,0.0,0,0,0,-9999.0,0.484375,1,P4_CV0,1,1,1,1,1
1,4.359949021420038,0.38889347741837,RD1_F5_m5f1_P5_Y12_UO108,RD5_F3_m2f5_P2_Y10_UO681,RD1_F5_m1f5_P1_Y10_UO643,MXY,1,0.0,0,0,0.0,0,0,0,-9999.0,0.45703125,1,P4_CV0,1,1,1,1,1
1,4.359949021420038,0.38889347741837,RD1_F5_m5f1_P5_Y12_UO110,RD5_F3_m2f5_P2_Y10_UO681,RD1_F5_m1f5_P1_Y10_UO643,FXX,1,0.0,0,0,0.0,0,0,0,-9999.0,0.45703125,1,P4_CV0,1,1,1,0,2
1,4.359949021420038,0.38889347741837,RD1_F5_m5f2_P5_Y12_UO261,RD5_F1_m5f1_P5_Y10_UO476,RD2_F9_m6f3_P6_Y10_UO385,FXX,1,0.0,0,0,0.0,0,0,0,-9999.0,0.484375,1,P4_CV0,1,0,2,0,2
1,4.359949021420038,0.38889347741837,RD1_F5_m5f2_P5_Y12_UO264,RD5_F1_m5f1_P5_Y10_UO476,RD2_F9_m6f3_P6_Y10_UO385,FXX,1,0.0,0,0,0.0,0,0,0,-9999.0,0.484375,1,P4_CV0,1,1,1,1,1
1,4.359949021420038,0.38889347741837,RD1_F5_m5f1_P5_Y12_UO347,RD5_F3_m2f5_P2_Y10_UO681,RD1_F5_m1f5_P1_Y10_UO643,MXY,1,0.0,0,0,0.0,0,0,0,-9999.0,0.45703125,1,P4_CV0,1,1,1,1,1
1,4.359949021420038,0.38889347741837,RD1_F5_m5f1_P5_Y12_UO349,RD5_F3_m2f5_P2_Y10_UO681,RD1_F5_m1f5_P1_Y10_UO643,MXY,1,0.0,0,0,0.0,0,0,0,-9999.0,0.45703125,1,P4_CV0,1,1,1,1,1
1,4.359949021420038,0.38889347741837,RD1_F5_m5f3_P5_Y12_UO452,RD5_F2_m9f6_P9_Y10_UO365,RD3_F6_m2f5_P2_Y9_UO14,FXX,1,0.0,0,0,0.0,0,0,0,-9999.0,0.515625,1,P4_CV0,1,1,1,1,1
1,4.359949021420038,0.38889347741837,RD1_F5_m5f3_P5_Y12_UO453,RD5_F2_m9f6_P9_Y10_UO365,RD3_F6_m2f5_P2_Y9_UO14,MXY,1,0.0,0,0,0.0,0,0,0,-9999.0,0.515625,1,P4_CV0,1,1,1,1,1
1,4.359949021420038,0.38889347741837,RD1_F5_m5f3_P5_Y12_UO456,RD5_F2_m9f6_P9_Y10_UO365,RD3_F6_m2f5_P2_Y9_UO14,FXX,1,0.0,0,0,0.0,0,0,0,-9999.0,0.515625,1,P4_CV0,1,1,1,1,1
1,4.359949021420038,0.38889347741837,RD1_F5_m5f3_P5_Y12_UO533,RD5_F1_m5f1_P5_Y10_UO633,RD3_F7_m4f8_P4_Y10_UO2,MXY,1,0.0,0,0,0.0,0,0,0,-9999.0,0.51953125,1,P4_CV0,1,1,1,1,1
1,4.359949021420038,0.38889347741837,RD1_F5_m5f3_P5_Y12_UO538,RD5_F1_m5f1_P5_Y10_UO633,RD3_F7_m4f8_P4_Y10_UO2,FXX,1,0.0,0,0,0.0,0,0,0,-9999.0,0.51953125,1,P4_CV0,1,1,1,1,1
1,4.359949021420038,0.38889347741837,RD1_F5_m5f3_P5_Y12_UO583,RD5_F2_m9f6_P9_Y10_UO365,RD3_F6_m2f5_P2_Y9_UO14,MXY,1,0.0,0,0,0.0,0,0,0,-9999.0,0.515625,1,P4_CV0,1,1,1,1,1
1,4.359949021420038,0.38889347741837,RD1_F5_m5f3_P5_Y12_UO585,RD5_F2_m9f6_P9_Y10_UO365,RD3_F6_m2f5_P2_Y9_UO14,MXY,1,0.0,0,0,0.0,0,0,0,-9999.0,0.515625,1,P4_CV0,1,1,1,1,1
1,4.359949021420038,0.38889347741837,RD1_F5_m2f3_P2_Y10_UO462,RD2_F3_m7f3_P7_Y8_UO60,RD3_F6_m2f9_P2_Y7_UO17,MXY,3,0.0,1,0,0.0,0,0,0,-9999.0,0.5,1,P4_CV0,1,1,1,1,1
1,4.359949021420038,0.38889347741837,RD1_F5_m2f6_P2_Y10_UO680,RD2_F9_m6f2_P6_Y8_UO217,RD6_F9_m2f9_P2_Y8_UO635,MXY,3,0.0,1,0,0.0,0,0,0,-9999.0,0.5859375,1,P4_CV0,1,1,1,1,1
1,4.359949021420038,0.38889347741837,RD1_F5_m5f3_P5_Y12_UO4,RD5_F1_m5f1_P5_Y10_UO633,RD3_F6_m3f5_P3_Y10_UO279,MXY,1,0.0,0,0,0.0,0,0,0,-9999.0,0.45703125,1,P5_CV0,1,1,1,1,1
1,4.359949021420038,0.38889347741837,RD1_F5_m5f3_P5_Y12_UO41,RD5_F3_m7f3_P7_Y10_UO405,RD3_F6_m3f5_P3_Y10_UO279,MXY,1,0.0,0,0,0.0,0,0,0,-9999.0,0.484375,1,P5_CV0,1,1,1,1,1
1,4.359949021420038,0.38889347741837,RD1_F5_m5f2_P5_Y12_UO66,RD5_F1_m5f1_P5_Y10_UO478,RD2_F3_m2f3_P2_Y10_UO348,MXY,1,0.0,0,0,0.0,0,0,0,-9999.0,0.4453125,1,P5_CV0,1,0,2,2,0
1,4.359949021420038,0.38889347741837,RD1_F5_m5f2_P5_Y12_UO67,RD5_F1_m5f1_P5_Y10_UO478,RD2_F3_m2f3_P2_Y10_UO348,MXY,1,0.0,0,0,0.0,0,0,0,-9999.0,0.4453125,1,P5_CV0,1,0,2,2,0
1,4.359949021420038,0.38889347741837,RD1_F5_m5f2_P5_Y12_UO69,RD5_F1_m5f1_P5_Y10_UO478,RD2_F3_m2f3_P2_Y10_UO348,FXX,1,0.0,0,0,0.0,0,0,0,-9999.0,0.4453125,1,P5_CV0,1,1,1,1,1
1,4.359949021420038,0.38889347741837,RD1_F5_m5f2_P5_Y12_UO70,RD5_F1_m5f1_P5_Y10_UO478,RD2_F3_m2f3_P2_Y10_UO348,FXX,1,0.0,0,0,0.0,0,0,0,-9999.0,0.4453125,1,P5_CV0,1,0,2,1,1
1,4.359949021420038,0.38889347741837,RD1_F5_m5f1_P5_Y12_UO215,RD5_F1_m5f3_P5_Y10_UO497,RD1_F5_m1f5_P1_Y10_UO639,MXY,1,0.0,0,0,0.0,0,0,0,-9999.0,0.5,1,P5_CV0,1,0,2,0,2
1,4.359949021420038,0.38889347741837,RD1_F5_m5f1_P5_Y12_UO217,RD5_F1_m5f3_P5_Y10_UO497,RD1_F5_m1f5_P1_Y10_UO639,FXX,1,0.0,0,0,0.0,0,0,0,-9999.0,0.5,1,P5_CV0,1,1,1,1,1
1,4.359949021420038,0.38889347741837,RD1_F5_m5f1_P5_Y12_UO219,RD5_F1_m5f3_P5_Y10_UO497,RD1_F5_m1f5_P1_Y10_UO639,FXX,1,0.0,0,0,0.0,0,0,0,-9999.0,0.5,1,P5_CV0,1,0,2,1,1
1,4.359949021420038,0.38889347741837,RD1_F5_m5f2_P5_Y12_UO262,RD5_F1_m5f1_P5_Y10_UO476,RD2_F9_m6f3_P6_Y10_UO385,MXY,1,0.0,0,0,0.0,0,0,0,-9999.0,0.484375,1,P5_CV0,1,0,2,0,2
1,4.359949021420038,0.38889347741837,RD1_F5_m5f2_P5_Y12_UO263,RD5_F1_m5f1_P5_Y10_UO476,RD2_F9_m6f3_P6_Y10_UO385,FXX,1,0.0,0,0,0.0,0,0,0,-9999.0,0.484375,1,P5_CV0,1,1,1,0,2
1,4.359949021420038,0.38889347741837,RD1_F5_m5f1_P5_Y12_UO422,RD5_F1_m5f1_P5_Y10_UO476,RD1_F5_m1f5_P1_Y10_UO185,MXY,1,0.0,0,0,0.0,0,0,0,-9999.0,0.44921875,1,P5_CV0,1,2,0,1,1
1,4.359949021420038,0.38889347741837,RD1_F5_m5f3_P5_Y12_UO534,RD5_F1_m5f1_P5_Y10_UO633,RD3_F7_m4f8_P4_Y10_UO2,MXY,1,0.0,0,0,0.0,0,0,0,-9999.0,0.51953125,1,P5_CV0,1,1,1,0,2
1,4.359949021420038,0.38889347741837,RD1_F5_m5f3_P5_Y12_UO535,RD5_F1_m5f1_P5_Y10_UO633,RD3_F7_m4f8_P4_Y10_UO2,MXY,1,0.0,0,0,0.0,0,0,0,-9999.0,0.51953125,1,P5_CV0,1,1,1,1,1
1,4.359949021420038,0.38889347741837,RD1_F5_m5f3_P5_Y12_UO537,RD5_F1_m5f1_P5_Y10_UO633,RD3_F7_m4f8_P4_Y10_UO2,MXY,1,0.0,0,0,0.0,0,0,0,-9999.0,0.51953125,1,P5_CV0,1,0,2,0,2
1,4.359949021420038,0.38889347741837,RD1_F5_m5f3_P5_Y12_UO636,RD5_F1_m5f3_P5_Y10_UO498,RD3_F6_m3f2_P3_Y10_UO407,MXY,1,0.0,0,0,0.0,0,0,0,-9999.0,0.56640625,1,P5_CV0,1,2,0,1,1
1,4.359949021420038,0.38889347741837,RD1_F5_m5f3_P5_Y12_UO637,RD5_F1_m5f3_P5_Y10_UO498,RD3_F6_m3f2_P3_Y10_UO407,FXX,1,0.0,0,0,0.0,0,0,0,-9999.0,0.56640625,1,P5_CV0,1,2,0,1,1
1,4.359949021420038,0.38889347741837,RD1_F5_m5f1_P5_Y12_UO182,RD5_F1_m5f1_P5_Y10_UO545,RD1_F5_m1f5_P1_Y10_UO639,MXY,1,0.0,0,0,0.0,0,0,0,-9999.0,0.44140625,1,P6_CV0,1,1,1,1,1
1,4.359949021420038,0.38889347741837,RD1_F5_m5f1_P5_Y12_UO183,RD5_F1_m5f1_P5_Y10_UO545,RD1_F5_m1f5_P1_Y10_UO639,MXY,1,0.0,0,0,0.0,0,0,0,-9999.0,0.44140625,1,P6_CV0,1,1,1,0,2
1,4.359949021420038,0.38889347741837,RD1_F5_m5f1_P5_Y12_UO184,RD5_F1_m5f1_P5_Y10_UO545,RD1_F5_m1f5_P1_Y10_UO639,MXY,1,0.0,0,0,0.0,0,0,0,-9999.0,0.44140625,1,P6_CV0,1,2,0,2,0
1,4.359949021420038,0.38889347741837,RD1_F5_m5f1_P5_Y12_UO185,RD5_F1_m5f1_P5_Y10_UO545,RD1_F5_m1f5_P1_Y10_UO639,FXX,1,0.0,0,0,0.0,0,0,0,-9999.0,0.44140625,1,P6_CV0,1,2,0,0,2
1,4.359949021420038,0.38889347741837,RD1_F5_m5f1_P5_Y12_UO186,RD5_F1_m5f1_P5_Y10_UO545,RD1_F5_m1f5_P1_Y10_UO639,FXX,1,0.0,0,0,0.0,0,0,0,-9999.0,0.44140625,1,P6_CV0,1,1,1,0,2
1,4.359949021420038,0.38889347741837,RD1_F5_m5f1_P5_Y12_UO216,RD5_F1_m5f3_P5_Y10_UO497,RD1_F5_m1f5_P1_Y10_UO639,MXY,1,0.0,0,0,0.0,0,0,0,-9999.0,0.5,1,P6_CV0,1,1,1,1,1
1,4.359949021420038,0.38889347741837,RD1_F5_m5f1_P5_Y12_UO218,RD5_F1_m5f3_P5_Y10_UO497,RD1_F5_m1f5_P1_Y10_UO639,FXX,1,0.0,0,0,0.0,0,0,0,-9999.0,0.5,1,P6_CV0,1,1,1,0,2
1,4.359949021420038,0.38889347741837,RD1_F5_m5f1_P5_Y12_UO348,RD5_F3_m2f5_P2_Y10_UO681,RD1_F5_m1f5_P1_Y10_UO643,MXY,1,0.0,0,0,0.0,0,0,0,-9999.0,0.45703125,1,P6_CV0,1,1,1,0,2
1,4.359949021420038,0.38889347741837,RD1_F5_m5f1_P5_Y12_UO478,RD5_F1_m5f1_P5_Y10_UO476,RD1_F5_m1f5_P1_Y10_UO639,FXX,1,0.0,0,0,0.0,0,0,0,-9999.0,0.4453125,1,P6_CV0,1,2,0,1,1
1,4.359949021420038,0.38889347741837,RD1_F5_m5f1_P5_Y12_UO181,RD5_F1_m5f1_P5_Y10_UO545,RD1_F5_m1f5_P1_Y10_UO639,MXY,1,0.0,0,0,0.0,0,0,0,-9999.0,0.44140625,1,P7_CV0,1,1,1,2,0
1,4.359949021420038,0.38889347741837,RD1_F5_m6f2_P6_Y10_UO284,RD6_F9_m2f6_P2_Y8_UO586,RD2_F3_m6f9_P6_Y8_UO517,FXX,3,0.0,1,0,1.0,0,0,0,-9999.0,0.5546875,1,P7_CV0,1,2,0,2,0
1,4.359949021420038,0.38889347741837,RD1_F5_m5f1_P5_Y10_UO545,RD5_F1_m5f3_P5_Y8_UO238,RD1_F5_m4f8_P4_Y6_UO686,FXX,3,0.0,1,0,1.0,0,0,0,-9999.0,0.4453125,1,P7_CV0,1,2,0,1,1
2,5.496624778787091,6.529835889274153,RD2_F5_m5f1_P5_Y12_UO10,RD5_F2_m6f2_P6_Y10_UO284,RD1_F5_m1f5_P1_Y10_UO185,FXX,1,0.0,0,0,0.0,0,0,0,-9999.0,0.5,1,P0_CV0,1,2,0,2,0
2,5.496624778787091,6.529835889274153,RD2_F6_m6f3_P6_Y12_UO330,RD6_F3_m2f5_P2_Y10_UO6,RD3_F5_m1f5_P1_Y10_UO541,MXY,1,0.0,0,0,0.0,0,0,0,-9999.0,0.48046875,1,P0_CV0,1,0,2,2,0
2,5.496624778787091,6.529835889274153,RD2_F9_m9f6_P9_Y12_UO269,RD9_F6_m3f7_P3_Y10_UO444,RD6_F3_m7f4_P7_Y10_UO484,MXY,1,0.0,0,0,0.0,0,0,0,-9999.0,0.49609375,1,P0_CV0,1,1,1,2,0
2,5.496624778787091,6.529835889274153,RD2_F9_m9f6_P9_Y12_UO334,RD9_F6_m2f3_P2_Y10_UO244,RD6_F9_m2f3_P2_Y10_UO120,FXX,1,0.0,0,0,0.0,0,0,0,-9999.0,0.52734375,1,P0_CV0,1,1,1,2,0
2,5.496624778787091,6.529835889274153,RD2_F3_m3f5_P3_Y12_UO651,RD3_F6_m9f6_P9_Y10_UO356,RD5_F3_m2f6_P2_Y10_UO680,FXX,1,0.0,0,0,0.0,0,0,0,-9999.0,0.52734375,1,P1_CV0,1,0,2,2,0
2,5.496624778787091,6.529835889274153,RD2_F5_m5f3_P5_Y12_UO454,RD5_F2_m9f6_P9_Y10_UO365,RD3_F6_m2f5_P2_Y9_UO14,FXX,1,0.0,0,0,0.0,0,0,0,-9999.0,0.515625,1,P1_CV0,1,1,1,1,1
2,5.496624778787091,6.529835889274153,RD2_F5_m5f3_P5_Y12_UO581,RD5_F2_m9f6_P9_Y10_UO365,RD3_F6_m2f5_P2_Y9_UO14,MXY,1,0.0,0,0,0.0,0,0,0,-9999.0,0.515625,1,P1_CV0,1,1,1,1,1
2,5.496624778787091,6.529835889274153,RD2_F6_m6f3_P6_Y12_UO363,RD6_F9_m6f9_P6_Y10_UO523,RD3_F5_m1f5_P1_Y10_UO644,MXY,1,0.0,0,0,0.0,0,0,0,-9999.0,0.47265625,1,P1_CV0,1,0,2,1,1
2,5.496624778787091,6.529835889274153,RD2_F6_m6f3_P6_Y12_UO549,RD6_F9_m6f9_P6_Y10_UO523,RD3_F7_m3f6_P3_Y10_UO113,FXX,1,0.0,0,0,0.0,0,0,0,-9999.0,0.515625,1,P1_CV0,1,1,1,2,0
2,5.496624778787091,6.529835889274153,RD2_F6_m6f3_P6_Y12_UO638,RD6_F9_m6f9_P6_Y10_UO201,RD3_F7_m3f5_P3_Y10_UO102,FXX,1,0.0,0,0,0.0,0,0,0,-9999.0,0.48828125,1,P1_CV0,1,1,1,1,1
2,5.496624778787091,6.529835889274153,RD2_F6_m6f9_P6_Y12_UO663,RD6_F9_m6f9_P6_Y10_UO523,RD9_F6_m9f6_P9_Y10_UO62,MXY,1,0.0,0,0,0.0,0,0,0,-9999.0,0.5,1,P1_CV0,1,0,2,1,1
2,5.496624778787091,6.529835889274153,RD2_F9_m9f2_P9_Y12_UO253,RD9_F6_m9f6_P9_Y10_UO357,RD2_F6_m9f6_P9_Y10_UO75,FXX,1,0.0,0,0,0.0,0,0,0,-9999.0,0.484375,1,P1_CV0,1,0,2,1,1
2,5.496624778787091,6.529835889274153,RD2_F9_m9f2_P9_Y12_UO254,RD9_F6_m9f6_P9_Y10_UO357,RD2_F6_m9f6_P9_Y10_UO75,MXY,1,0.0,0,0,0.0,0,0,0,-9999.0,0.484375,1,P1_CV0,1,0,2,1,1
2,5.496624778787091,6.529835889274153,RD2_F9_m9f2_P9_Y12_UO255,RD9_F6_m9f6_P9_Y10_UO357,RD2_F6_m9f6_P9_Y10_UO75,FXX,1,0.0,0,0,0.0,0,0,0,-9999.0,0.484375,1,P1_CV0,1,1,1,2,0
2,5.496624778787091,6.529835889274153,RD2_F9_m9f2_P9_Y12_UO256,RD9_F6_m9f6_P9_Y10_UO357,RD2_F6_m9f6_P9_Y10_UO75,MXY,1,0.0,0,0,0.0,0,0,0,-9999.0,0.484375,1,P1_CV0,1,0,2,2,0
2,5.496624778787091,6.529835889274153,RD2_F9_m9f2_P9_Y12_UO259,RD9_F6_m9f6_P9_Y10_UO357,RD2_F6_m9f6_P9_Y10_UO75,FXX,1,0.0,0,0,0.0,0,0,0,-9999.0,0.484375,1,P1_CV0,1,1,1,1,1
2,5.496624778787091,6.529835889274153,RD2_F3_m6f3_P6_Y11_UO229,RD6_F3_m7f3_P7_Y9_UO76,RD3_F7_m8f4_P8_Y8_UO288,FXX,2,0.0,1,0,1.0,0,0,0,-9999.0,0.53125,1,P1_CV0,1,0,2,1,1
2,5.496624778787091,6.529835889274153,RD2_F9_m6f3_P6_Y11_UO303,RD6_F3_m7f3_P7_Y9_UO253,RD3_F2_m2f9_P2_Y8_UO636,MXY,2,0.0,1,0,0.0,0,0,0,-9999.0,0.5703125,1,P1_CV0,1,1,1,1,1
2,5.496624778787091,6.529835889274153,RD2_F9_m2f3_P2_Y11_UO47,RD2_F9_m6f3_P6_Y9_UO111,RD3_F5_m1f5_P1_Y9_UO86,MXY,2,0.0,1,0,0.0,0,0,0,-9999.0,0.453125,1,P1_CV0,1,1,1,0,2
2,5.496624778787091,6.529835889274153,RD2_F9_m6f3_P6_Y11_UO226,RD6_F3_m7f3_P7_Y9_UO76,RD3_F7_m8f4_P8_Y8_UO288,MXY,2,0.0,1,0,0.0,0,0,0,-9999.0,0.53125,1,P1_CV0,1,0,2,1,1
2,5.496624778787091,6.529835889274153,RD2_F9_m5f1_P5_Y10_UO291,RD5_F1_m5f1_P5_Y8_UO184,RD1_F5_m1f5_P1_Y8_UO524,FXX,3,0.0,1,0,1.0,0,0,0,-9999.0,0.46875,1,P1_CV0,1,1,1,0,2
2,5.496624778787091,6.529835889274153,RD2_F5_m5f3_P5_Y12_UO157,RD5_F2_m5f1_P5_Y10_UO620,RD3_F7_m4f8_P4_Y10_UO159,FXX,1,0.0,0,0,0.0,0,0,0,-9999.0,0.5390625,1,P2_CV0,1,1,1,1,1
2,5.496624778787091,6.529835889274153,RD2_F5_m5f3_P5_Y12_UO158,RD5_F2_m5f1_P5_Y10_UO620,RD3_F7_m4f8_P4_Y10_UO159,FXX,1,0.0,0,0,0.0,0,0,0,-9999.0,0.5390625,1,P2_CV0,1,0,2,0,2
2,5.496624778787091,6.529835889274153,RD2_F6_m6f2_P6_Y12_UO278,RD6_F9_m6f9_P6_Y10_UO561,RD2_F9_m6f9_P6_Y10_UO468,MXY,1,0.0,0,0,0.0,0,0,0,-9999.0,0.51171875,1,P2_CV0,1,2,0,2,0
2,5.496624778787091,6.529835889274153,RD2_F9_m2f3_P2_Y11_UO51,RD2_F9_m6f3_P6_Y9_UO111,RD3_F5_m1f5_P1_Y9_UO86,FXX,2,0.0,1,0,1.0,0,0,0,-9999.0,0.453125,1,P2_CV0,1,1,1,0,2
2,5.496624778787091,6.529835889274153,RD2_F9_m6f2_P6_Y11_UO185,RD6_F9_m2f5_P2_Y9_UO68,RD2_F9_m2f3_P2_Y8_UO505,FXX,2,0.0,1,0,1.0,0,0,0,-9999.0,0.46875,1,P2_CV0,1,0,2,1,1
2,5.496624778787091,6.529835889274153,RD2_F3_m3f7_P3_Y12_UO174,RD3_F6_m2f3_P2_Y10_UO458,RD7_F4_m7f4_P7_Y10_UO226,MXY,1,0.0,0,0,0.0,0,0,0,-9999.0,0.53515625,1,P3_CV0,1,1,1,2,0
2,5.496624778787091,6.529835889274153,RD2_F3_m3f7_P3_Y12_UO180,RD3_F6_m2f3_P2_Y10_UO458,RD7_F4_m7f4_P7_Y10_UO226,FXX,1,0.0,0,0,0.0,0,0,0,-9999.0,0.53515625,1,P3_CV0,1,0,2,2,0
2,5.496624778787091,6.529835889274153,RD2_F3_m3f2_P3_Y12_UO551,RD3_F7_m4f8_P4_Y10_UO163,RD2_F9_m2f6_P2_Y10_UO35,MXY,1,0.0,0,0,0.0,0,0,0,-9999.0,0.5703125,1,P3_CV0,1,2,0,1,1
2,5.496624778787091,6.529835889274153,RD2_F6_m6f9_P6_Y12_UO154,RD6_F3_m7f3_P7_Y10_UO400,RD9_F2_m6f2_P6_Y10_UO310,MXY,1,0.0,0,0,0.0,0,0,0,-9999.0,0.51171875,1,P3_CV0,1,1,1,2,0
2,5.496624778787091,6.529835889274153,RD2_F6_m6f2_P6_Y12_UO271,RD6_F9_m6f9_P6_Y10_UO561,RD2_F9_m6f9_P6_Y10_UO468,MXY,1,0.0,0,0,0.0,0,0,0,-9999.0,0.51171875,1,P3_CV0,1,2,0,2,0
2,5.496624778787091,6.529835889274153,RD2_F6_m6f2_P6_Y12_UO272,RD6_F9_m6f9_P6_Y10_UO561,RD2_F9_m6f9_P6_Y10_UO468,FXX,1,0.0,0,0,0.0,0,0,0,-9999.0,0.51171875,1,P3_CV0,1,2,0,2,0
2,5.496624778787091,6.529835889274153,RD2_F6_m6f9_P6_Y12_UO343,RD6_F3_m7f3_P7_Y10_UO400,RD9_F6_m5f1_P5_Y9_UO358,FXX,1,0.0,0,0,0.0,0,0,0,-9999.0,0.51953125,1,P3_CV0,1,1,1,1,1
2,5.496624778787091,6.529835889274153,RD2_F6_m6f3_P6_Y12_UO539,RD6_F3_m7f3_P7_Y10_UO261,RD3_F6_m2f5_P2_Y9_UO14,FXX,1,0.0,0,0,0.0,0,0,0,-9999.0,0.55859375,1,P3_CV0,1,2,0,0,2
2,5.496624778787091,6.529835889274153,RD2_F9_m9f6_P9_Y12_UO270,RD9_F6_m3f7_P3_Y10_UO444,RD6_F3_m7f4_P7_Y10_UO484,FXX,1,0.0,0,0,0.0,0,0,0,-9999.0,0.49609375,1,P3_CV0,1,1,1,1,1
2,5.496624778787091,6.529835889274153,RD2_F9_m9f2_P9_Y12_UO602,RD9_F6_m2f6_P2_Y10_UO33,RD2_F3_m2f3_P2_Y10_UO348,FXX,1,0.0,0,0,0.0,0,0,0,-9999.0,0.5078125,1,P3_CV0,1,0,2,2,0
2,5.496624778787091,6.529835889274153,RD2_F9_m9f2_P9_Y12_UO605,RD9_F6_m2f6_P2_Y10_UO33,RD2_F3_m2f3_P2_Y10_UO348,MXY,1,0.0,0,0,0.0,0,0,0,-9999.0,0.5078125,1,P3_CV0,1,2,0,2,0
2,5.496624778787091,6.529835889274153,RD2_F9_m9f2_P9_Y12_UO627,RD9_F2_m9f6_P9_Y10_UO76,RD2_F6_m2f5_P2_Y10_UO110,FXX,1,0.0,0,0,0.0,0,0,0,-9999.0,0.5234375,1,P3_CV0,1,0,2,1,1
2,5.496624778787091,6.529835889274153,RD2_F9_m2f5_P2_Y11_UO491,RD2_F6_m9f6_P9_Y9_UO43,RD5_F1_m5f3_P5_Y9_UO225,MXY,2,0.0,1,0,0.0,0,0,0,-9999.0,0.5234375,1,P3_CV0,1,0,2,2,0
2,5.496624778787091,6.529835889274153,RD2_F9_m5f3_P5_Y10_UO520,RD5_F1_m5f3_P5_Y8_UO238,RD3_F6_m2f5_P2_Y8_UO161,FXX,3,0.0,1,0,1.0,0,0,0,-9999.0,0.4765625,1,P3_CV0,1,0,2,1,1
2,5.496624778787091,6.529835889274153,RD2_F3_m3f2_P3_Y12_UO196,RD3_F7_m3f5_P3_Y10_UO553,RD2_F9_m6f3_P6_Y10_UO385,MXY,1,0.0,0,0,0.0,0,0,0,-9999.0,0.48046875,1,P4_CV0,1,1,1,0,2
2,5.496624778787091,6.529835889274153,RD2_F3_m3f2_P3_Y12_UO198,RD3_F7_m3f5_P3_Y10_UO553,RD2_F9_m6f3_P6_Y10_UO385,MXY,1,0.0,0,0,0.0,0,0,0,-9999.0,0.48046875,1,P4_CV0,1,1,1,0,2
2,5.496624778787091,6.529835889274153,RD2_F3_m3f6_P3_Y12_UO616,RD3_F7_m4f8_P4_Y10_UO515,RD6_F9_m6f9_P6_Y10_UO19,FXX,1,0.0,0,0,0.0,0,0,0,-9999.0,0.5234375,1,P4_CV0,1,1,1,0,2
2,5.496624778787091,6.529835889274153,RD2_F3_m3f5_P3_Y12_UO652,RD3_F6_m9f6_P9_Y10_UO356,RD5_F3_m2f6_P2_Y10_UO680,MXY,1,0.0,0,0,0.0,0,0,0,-9999.0,0.52734375,1,P4_CV0,1,1,1,1,1
2,5.496624778787091,6.529835889274153,RD2_F6_m6f2_P6_Y12_UO292,RD6_F2_m5f1_P5_Y10_UO204,RD2_F6_m9f6_P9_Y10_UO364,MXY,1,0.0,0,0,0.0,0,0,0,-9999.0,0.5,1,P4_CV0,1,1,1,2,0
2,5.496624778787091,6.529835889274153,RD2_F6_m6f2_P6_Y12_UO293,RD6_F2_m5f1_P5_Y10_UO204,RD2_F6_m9f6_P9_Y10_UO364,FXX,1,0.0,0,0,0.0,0,0,0,-9999.0,0.5,1,P4_CV0,1,1,1,1,1
2,5.496624778787091,6.529835889274153,RD2_F6_m6f2_P6_Y12_UO310,RD6_F9_m6f9_P6_Y10_UO254,RD2_F5_m1f5_P1_Y10_UO184,MXY,1,0.0,0,0,0.0,0,0,0,-9999.0,0.453125,1,P4_CV0,1,0,2,2,0
2,5.496624778787091,6.529835889274153,RD2_F6_m6f3_P6_Y12_UO684,RD6_F9_m6f3_P6_Y10_UO29,RD3_F6_m3f5_P3_Y10_UO279,FXX,1,0.0,0,0,0.0,0,0,0,-9999.0,0.5234375,1,P4_CV0,1,0,2,1,1
2,5.496624778787091,6.529835889274153,RD2_F9_m9f6_P9_Y12_UO77,RD9_F6_m3f5_P3_Y10_UO282,RD6_F9_m9f2_P9_Y8_UO229,MXY,1,0.0,0,0,0.0,0,0,0,-9999.0,0.45703125,1,P4_CV0,1,2,0,0,2
2,5.496624778787091,6.529835889274153,RD2_F9_m9f6_P9_Y12_UO78,RD9_F6_m3f5_P3_Y10_UO282,RD6_F9_m9f2_P9_Y8_UO229,FXX,1,0.0,0,0,0.0,0,0,0,-9999.0,0.45703125,1,P4_CV0,1,1,1,2,0
2,5.496624778787091,6.529835889274153,RD2_F9_m9f6_P9_Y12_UO82,RD9_F6_m3f5_P3_Y10_UO282,RD6_F9_m9f2_P9_Y8_UO229,FXX,1,0.0,0,0,0.0,0,0,0,-9999.0,0.45703125,1,P4_CV0,1,1,1,0,2
2,5.496624778787091,6.529835889274153,RD2_F9_m9f2_P9_Y12_UO257,RD9_F6_m9f6_P9_Y10_UO357,RD2_F6_m9f6_P9_Y10_UO75,MXY,1,0.0,0,0,0.0,0,0,0,-9999.0,0.484375,1,P4_CV0,1,0,2,1,1
2,5.496624778787091,6.529835889274153,RD2_F9_m9f2_P9_Y12_UO299,RD9_F6_m2f3_P2_Y10_UO244,RD2_F9_m6f9_P6_Y8_UO307,FXX,1,0.0,0,0,0.0,0,0,0,-9999.0,0.515625,1,P4_CV0,1,1,1,2,0
2,5.496624778787091,6.529835889274153,RD2_F9_m9f2_P9_Y12_UO302,RD9_F6_m2f3_P2_Y10_UO244,RD2_F9_m6f9_P6_Y8_UO307,MXY,1,0.0,0,0,0.0,0,0,0,-9999.0,0.515625,1,P4_CV0,1,1,1,2,0
2,5.496624778787091,6.529835889274153,RD2_F9_m9f2_P9_Y12_UO571,RD9_F6_m2f3_P2_Y10_UO244,RD2_F6_m2f6_P2_Y10_UO579,MXY,1,0.0,0,0,0.0,0,0,0,-9999.0,0.515625,1,P4_CV0,1,1,1,1,1
2,5.496624778787091,6.529835889274153,RD2_F9_m9f2_P9_Y12_UO572,RD9_F6_m2f3_P2_Y10_UO244,RD2_F6_m2f6_P2_Y10_UO579,FXX,1,0.0,0,0,0.0,0,0,0,-9999.0,0.515625,1,P4_CV0,1,1,1,2,0
2,5.496624778787091,6.529835889274153,RD2_F9_m2f9_P2_Y11_UO485,RD2_F6_m2f6_P2_Y9_UO396,RD9_F2_m6f2_P6_Y8_UO435,MXY,2,0.0,1,0,0.0,0,0,0,-9999.0,0.609375,1,P4_CV0,1,1,1,1,1
2,5.496624778787091,6.529835889274153,RD2_F9_m2f3_P2_Y11_UO196,RD2_F9_m2f6_P2_Y9_UO395,RD3_F2_m2f9_P2_Y8_UO636,MXY,2,0.0,1,0,0.0,0,0,0,-9999.0,0.5390625,1,P4_CV0,1,1,1,1,1
2,5.496624778787091,6.529835889274153,RD2_F3_m3f6_P3_Y12_UO36,RD3_F6_m9f6_P9_Y10_UO597,RD6_F9_m2f3_P2_Y10_UO243,MXY,1,0.0,0,0,0.0,0,0,0,-9999.0,0.48046875,1,P5_CV0,1,1,1,1,1
2,5.496624778787091,6.529835889274153,RD2_F3_m3f6_P3_Y12_UO37,RD3_F6_m9f6_P9_Y10_UO597,RD6_F9_m2f3_P2_Y10_UO243,MXY,1,0.0,0,0,0.0,0,0,0,-9999.0,0.48046875,1,P5_CV0,1,0,2,0,2
2,5.496624778787091,6.529835889274153,RD2_F3_m3f6_P3_Y12_UO38,RD3_F6_m9f6_P9_Y10_UO597,RD6_F9_m2f3_P2_Y10_UO243,FXX,1,0.0,0,0,0.0,0,0,0,-9999.0,0.48046875,1,P5_CV0,1,0,2,1,1
2,5.496624778787091,6.529835889274153,RD2_F3_m3f2_P3_Y12_UO476,RD3_F7_m4f8_P4_Y10_UO163,RD2_F9_m6f9_P6_Y10_UO393,MXY,1,0.0,0,0,0.0,0,0,0,-9999.0,0.54296875,1,P5_CV0,1,2,0,2,0
2,5.496624778787091,6.529835889274153,RD2_F5_m5f2_P5_Y12_UO68,RD5_F1_m5f1_P5_Y10_UO478,RD2_F3_m2f3_P2_Y10_UO348,MXY,1,0.0,0,0,0.0,0,0,0,-9999.0,0.4453125,1,P5_CV0,1,0,2,2,0
2,5.496624778787091,6.529835889274153,RD2_F5_m5f1_P5_Y12_UO481,RD5_F1_m5f1_P5_Y10_UO476,RD1_F5_m1f5_P1_Y10_UO639,MXY,1,0.0,0,0,0.0,0,0,0,-9999.0,0.4453125,1,P5_CV0,1,2,0,1,1
2,5.496624778787091,6.529835889274153,RD2_F5_m5f3_P5_Y12_UO536,RD5_F1_m5f1_P5_Y10_UO633,RD3_F7_m4f8_P4_Y10_UO2,MXY,1,0.0,0,0,0.0,0,0,0,-9999.0,0.51953125,1,P5_CV0,1,0,2,0,2
2,5.496624778787091,6.529835889274153,RD2_F6_m6f9_P6_Y12_UO149,RD6_F3_m7f3_P7_Y10_UO400,RD9_F2_m6f2_P6_Y10_UO310,FXX,1,0.0,0,0,0.0,0,0,0,-9999.0,0.51171875,1,P5_CV0,1,0,2,1,1
2,5.496624778787091,6.529835889274153,RD2_F6_m6f3_P6_Y12_UO361,RD6_F9_m6f9_P6_Y10_UO523,RD3_F5_m1f5_P1_Y10_UO644,FXX,1,0.0,0,0,0.0,0,0,0,-9999.0,0.47265625,1,P5_CV0,1,0,2,0,2
2,5.496624778787091,6.529835889274153,RD2_F6_m6f3_P6_Y12_UO362,RD6_F9_m6f9_P6_Y10_UO523,RD3_F5_m1f5_P1_Y10_UO644,MXY,1,0.0,0,0,0.0,0,0,0,-9999.0,0.47265625,1,P5_CV0,1,0,2,0,2
2,5.496624778787091,6.529835889274153,RD2_F6_m6f3_P6_Y12_UO364,RD6_F9_m6f9_P6_Y10_UO523,RD3_F5_m1f5_P1_Y10_UO644,MXY,1,0.0,0,0,0.0,0,0,0,-9999.0,0.47265625,1,P5_CV0,1,0,2,0,2
2,5.496624778787091,6.529835889274153,RD2_F9_m9f6_P9_Y12_UO338,RD9_F6_m2f3_P2_Y10_UO244,RD6_F9_m2f3_P2_Y10_UO120,MXY,1,0.0,0,0,0.0,0,0,0,-9999.0,0.52734375,1,P5_CV0,1,0,2,2,0
2,5.496624778787091,6.529835889274153,RD2_F9_m9f2_P9_Y12_UO565,RD9_F6_m2f3_P2_Y10_UO244,RD2_F6_m2f6_P2_Y10_UO579,MXY,1,0.0,0,0,0.0,0,0,0,-9999.0,0.515625,1,P5_CV0,1,1,1,1,1
2,5.496624778787091,6.529835889274153,RD2_F9_m9f2_P9_Y12_UO573,RD9_F6_m2f3_P2_Y10_UO244,RD2_F6_m2f6_P2_Y10_UO579,MXY,1,0.0,0,0,0.0,0,0,0,-9999.0,0.515625,1,P5_CV0,1,1,1,1,1
2,5.496624778787091,6.529835889274153,RD2_F9_m9f2_P9_Y12_UO591,RD9_F2_m5f3_P5_Y10_UO520,RD2_F9_m6f9_P6_Y10_UO393,MXY,1,0.0,0,0,0.0,0,0,0,-9999.0,0.5,1,P5_CV0,1,1,1,2,0
2,5.496624778787091,6.529835889274153,RD2_F9_m9f2_P9_Y12_UO592,RD9_F2_m5f3_P5_Y10_UO520,RD2_F9_m6f9_P6_Y10_UO393,FXX,1,0.0,0,0,0.0,0,0,0,-9999.0,0.5,1,P5_CV0,1,1,1,1,1
2,5.496624778787091,6.529835889274153,RD2_F9_m9f2_P9_Y12_UO601,RD9_F6_m2f6_P2_Y10_UO33,RD2_F3_m2f3_P2_Y10_UO348,MXY,1,0.0,0,0,0.0,0,0,0,-9999.0,0.5078125,1,P5_CV0,1,0,2,2,0
2,5.496624778787091,6.529835889274153,RD2_F9_m9f2_P9_Y12_UO607,RD9_F6_m2f6_P2_Y10_UO33,RD2_F3_m2f3_P2_Y10_UO348,FXX,1,0.0,0,0,0.0,0,0,0,-9999.0,0.5078125,1,P5_CV0,1,0,2,2,0
2,5.496624778787091,6.529835889274153,RD2_F6_m2f3_P2_Y11_UO192,RD2_F9_m2f6_P2_Y9_UO395,RD3_F2_m2f9_P2_Y8_UO636,FXX,2,0.0,1,0,1.0,0,0,0,-9999.0,0.5390625,1,P5_CV0,1,1,1,0,2
2,5.496624778787091,6.529835889274153,RD2_F9_m2f3_P2_Y11_UO194,RD2_F9_m2f6_P2_Y9_UO395,RD3_F2_m2f9_P2_Y8_UO636,FXX,2,0.0,1,0,1.0,0,0,0,-9999.0,0.5390625,1,P5_CV0,1,1,1,0,2
2,5.496624778787091,6.529835889274153,RD2_F3_m3f5_P3_Y10_UO101,RD3_F6_m3f5_P3_Y8_UO623,RD5_F3_m6f2_P6_Y8_UO213,FXX,3,0.0,1,0,1.0,0,0,0,-9999.0,0.515625,1,P5_CV0,1,0,2,2,0
2,5.496624778787091,6.529835889274153,RD2_F9_m9f6_P9_Y10_UO595,RD9_F2_m3f5_P3_Y8_UO617,RD6_F9_m6f3_P6_Y8_UO609,FXX,3,0.0,1,0,1.0,0,0,0,-9999.0,0.4453125,1,P5_CV0,1,0,2,1,1
2,5.496624778787091,6.529835889274153,RD2_F5_m9f2_P9_Y8_UO235,RD9_F2_m6f9_P6_Y6_UO409,RD2_F3_m2f3_P2_Y6_UO643,FXX,5,0.0,1,0,1.0,0,0,0,-9999.0,0.421875,1,P5_CV0,1,1,1,0,2
2,5.496624778787091,6.529835889274153,RD2_F5_m5f1_P5_Y12_UO109,RD5_F3_m2f5_P2_Y10_UO681,RD1_F5_m1f5_P1_Y10_UO643,MXY,1,0.0,0,0,0.0,0,0,0,-9999.0,0.45703125,1,P6_CV0,1,1,1,0,2
2,5.496624778787091,6.529835889274153,RD2_F5_m5f1_P5_Y12_UO345,RD5_F3_m2f5_P2_Y10_UO681,RD1_F5_m1f5_P1_Y10_UO643,MXY,1,0.0,0,0,0.0,0,0,0,-9999.0,0.45703125,1,P6_CV0,1,1,1,0,2
2,5.496624778787091,6.529835889274153,RD2_F5_m5f1_P5_Y12_UO480,RD5_F1_m5f1_P5_Y10_UO476,RD1_F5_m1f5_P1_Y10_UO639,MXY,1,0.0,0,0,0.0,0,0,0,-9999.0,0.4453125,1,P6_CV0,1,1,1,2,0
2,5.496624778787091,6.529835889274153,RD2_F5_m5f1_P5_Y12_UO483,RD5_F1_m5f1_P5_Y10_UO476,RD1_F5_m1f5_P1_Y10_UO639,MXY,1,0.0,0,0,0.0,0,0,0,-9999.0,0.4453125,1,P6_CV0,1,1,1,2,0
2,5.496624778787091,6.529835889274153,RD2_F6_m2f5_P2_Y10_UO585,RD2_F3_m7f3_P7_Y8_UO58,RD5_F1_m5f3_P5_Y8_UO104,MXY,3,0.0,1,0,0.0,0,0,0,-9999.0,0.46875,1,P6_CV0,1,1,1,2,0
2,5.496624778787091,6.529835889274153,RD2_F5_m5f1_P5_Y12_UO8,RD5_F2_m6f2_P6_Y10_UO284,RD1_F5_m1f5_P1_Y10_UO185,FXX,1,0.0,0,0,0.0,0,0,0,-9999.0,0.5,1,P7_CV0,1,1,1,2,0
2,5.496624778787091,6.529835889274153,RD2_F3_m5f1_P5_Y11_UO132,RD5_F1_m5f2_P5_Y9_UO7,RD1_F5_m2f6_P2_Y9_UO400,MXY,2,0.0,1,0,0.0,0,0,0,-9999.0,0.5078125,1,P7_CV0,1,1,1,2,0
2,5.496624778787091,6.529835889274153,RD2_F6_m9f2_P9_Y11_UO314,RD9_F2_m9f2_P9_Y9_UO163,RD2_F9_m3f7_P3_Y6_UO196,FXX,2,0.0,1,0,1.0,0,0,0,-9999.0,0.421875,1,P7_CV0,1,1,1,2,0
2,5.496624778787091,6.529835889274153,RD2_F3_m3f7_P3_Y12_UO519,RD3_F6_m3f5_P3_Y10_UO552,RD7_F4_m7f4_P7_Y10_UO226,MXY,1,0.0,0,0,0.0,0,0,0,-9999.0,0.5078125,1,P8_CV0,1,2,0,1,1
2,5.496624778787091,6.529835889274153,RD2_F9_m9f2_P9_Y12_UO626,RD9_F2_m9f6_P9_Y10_UO76,RD2_F6_m2f5_P2_Y10_UO110,FXX,1,0.0,0,0,0.0,0,0,0,-9999.0,0.5234375,1,P8_CV0,1,1,1,1,1
2,5.496624778787091,6.529835889274153,RD2_F9_m9f2_P9_Y12_UO628,RD9_F2_m9f6_P9_Y10_UO76,RD2_F6_m2f5_P2_Y10_UO110,FXX,1,0.0,0,0,0.0,0,0,0,-9999.0,0.5234375,1,P8_CV0,1,1,1,1,1
2,5.496624778787091,6.529835889274153,RD2_F9_m2f9_P2_Y9_UO267,RD2_F9_m6f3_P6_Y7_UO306,RD9_F2_m6f9_P6_Y6_UO15,FXX,4,0.0,1,0,1.0,0,0,0,-9999.0,0.578125,1,P8_CV0,1,2,0,2,0
3,4.20367802087489,4.955022315058112,RD3_F5_m5f1_P5_Y12_UO420,RD5_F1_m5f1_P5_Y10_UO476,RD1_F5_m1f5_P1_Y10_UO185,FXX,1,0.0,0,0,0.0,0,0,0,-9999.0,0.44921875,1,P0_CV0,1,1,1,2,0
3,4.20367802087489,4.955022315058112,RD3_F7_m7f4_P7_Y12_UO450,RD7_F4_m8f4_P8_Y10_UO623,RD4_F7_m6f9_P6_Y9_UO334,FXX,1,0.0,0,0,0.0,0,0,0,-9999.0,0.62109375,1,P0_CV0,1,2,0,1,1
3,4.20367802087489,4.955022315058112,RD3_F7_m7f3_P7_Y12_UO472,RD7_F4_m8f4_P8_Y10_UO623,RD3_F7_m8f4_P8_Y9_UO384,MXY,1,0.0,0,0,0.0,0,0,0,-9999.0,0.55078125,1,P0_CV0,1,2,0,1,1
3,4.20367802087489,4.955022315058112,RD3_F2_m2f6_P2_Y12_UO504,RD2_F9_m2f3_P2_Y10_UO460,RD6_F3_m7f4_P7_Y10_UO484,FXX,1,0.0,0,0,0.0,0,0,0,-9999.0,0.515625,1,P1_CV0,1,1,1,0,2
3,4.20367802087489,4.955022315058112,RD3_F5_m5f3_P5_Y12_UO580,RD5_F2_m9f6_P9_Y10_UO365,RD3_F6_m2f5_P2_Y9_UO14,FXX,1,0.0,0,0,0.0,0,0,0,-9999.0,0.515625,1,P1_CV0,1,1,1,1,1
3,4.20367802087489,4.955022315058112,RD3_F6_m6f9_P6_Y12_UO342,RD6_F3_m7f3_P7_Y10_UO400,RD9_F6_m5f1_P5_Y9_UO358,FXX,1,0.0,0,0,0.0,0,0,0,-9999.0,0.51953125,1,P1_CV0,1,1,1,1,1
3,4.20367802087489,4.955022315058112,RD3_F6_m6f3_P6_Y12_UO358,RD6_F9_m6f9_P6_Y10_UO523,RD3_F5_m1f5_P1_Y10_UO644,FXX,1,0.0,0,0,0.0,0,0,0,-9999.0,0.47265625,1,P1_CV0,1,0,2,1,1
3,4.20367802087489,4.955022315058112,RD3_F6_m6f3_P6_Y12_UO545,RD6_F9_m6f9_P6_Y10_UO523,RD3_F7_m3f6_P3_Y10_UO113,FXX,1,0.0,0,0,0.0,0,0,0,-9999.0,0.515625,1,P1_CV0,1,1,1,2,0
3,4.20367802087489,4.955022315058112,RD3_F6_m6f9_P6_Y12_UO662,RD6_F9_m6f9_P6_Y10_UO523,RD9_F6_m9f6_P9_Y10_UO62,FXX,1,0.0,0,0,0.0,0,0,0,-9999.0,0.5,1,P1_CV0,1,0,2,1,1
3,4.20367802087489,4.955022315058112,RD3_F7_m7f3_P7_Y12_UO0,RD7_F4_m8f4_P8_Y10_UO623,RD3_F2_m9f6_P9_Y10_UO352,FXX,1,0.0,0,0,0.0,0,0,0,-9999.0,0.52734375,1,P1_CV0,1,2,0,2,0
3,4.20367802087489,4.955022315058112,RD3_F7_m7f4_P7_Y12_UO521,RD7_F4_m8f4_P8_Y10_UO138,RD4_F8_m4f8_P4_Y10_UO48,FXX,1,0.0,0,0,0.0,0,0,0,-9999.0,0.484375,1,P1_CV0,1,1,1,0,2
3,4.20367802087489,4.955022315058112,RD3_F7_m7f4_P7_Y12_UO522,RD7_F4_m8f4_P8_Y10_UO138,RD4_F8_m4f8_P4_Y10_UO48,MXY,1,0.0,0,0,0.0,0,0,0,-9999.0,0.484375,1,P1_CV0,1,1,1,0,2
3,4.20367802087489,4.955022315058112,RD3_F6_m2f5_P2_Y11_UO381,RD2_F9_m2f5_P2_Y9_UO294,RD5_F1_m5f1_P5_Y9_UO243,FXX,2,0.0,1,0,1.0,0,0,0,-9999.0,0.4609375,1,P1_CV0,1,2,0,1,1
3,4.20367802087489,4.955022315058112,RD3_F2_m2f6_P2_Y12_UO491,RD2_F3_m7f4_P7_Y10_UO218,RD6_F9_m6f9_P6_Y10_UO559,MXY,1,0.0,0,0,0.0,0,0,0,-9999.0,0.50390625,1,P2_CV0,1,2,0,1,1
3,4.20367802087489,4.955022315058112,RD3_F2_m2f6_P2_Y12_UO496,RD2_F3_m7f4_P7_Y10_UO218,RD6_F9_m6f9_P6_Y10_UO559,MXY,1,0.0,0,0,0.0,0,0,0,-9999.0,0.50390625,1,P2_CV0,1,2,0,1,1
3,4.20367802087489,4.955022315058112,RD3_F7_m7f3_P7_Y12_UO380,RD7_F4_m7f3_P7_Y10_UO303,RD3_F6_m3f2_P3_Y10_UO407,FXX,1,0.0,0,0,0.0,0,0,0,-9999.0,0.54296875,1,P2_CV0,1,0,2,1,1
3,4.20367802087489,4.955022315058112,RD3_F2_m6f2_P6_Y11_UO187,RD6_F9_m2f5_P2_Y9_UO68,RD2_F9_m2f3_P2_Y8_UO505,FXX,2,0.0,1,0,1.0,0,0,0,-9999.0,0.46875,1,P2_CV0,1,0,2,1,1
3,4.20367802087489,4.955022315058112,RD3_F6_m6f2_P6_Y12_UO44,RD6_F3_m7f3_P7_Y10_UO261,RD2_F5_m1f5_P1_Y10_UO373,MXY,1,0.0,0,0,0.0,0,0,0,-9999.0,0.49609375,1,P3_CV0,1,2,0,1,1
3,4.20367802087489,4.955022315058112,RD3_F6_m6f2_P6_Y12_UO45,RD6_F3_m7f3_P7_Y10_UO261,RD2_F5_m1f5_P1_Y10_UO373,FXX,1,0.0,0,0,0.0,0,0,0,-9999.0,0.49609375,1,P3_CV0,1,1,1,1,1
3,4.20367802087489,4.955022315058112,RD3_F6_m6f9_P6_Y12_UO151,RD6_F3_m7f3_P7_Y10_UO400,RD9_F2_m6f2_P6_Y10_UO310,FXX,1,0.0,0,0,0.0,0,0,0,-9999.0,0.51171875,1,P3_CV0,1,0,2,1,1
3,4.20367802087489,4.955022315058112,RD3_F6_m6f3_P6_Y12_UO286,RD6_F9_m6f9_P6_Y10_UO561,RD3_F7_m3f5_P3_Y10_UO102,MXY,1,0.0,0,0,0.0,0,0,0,-9999.0,0.515625,1,P3_CV0,1,2,0,2,0
3,4.20367802087489,4.955022315058112,RD3_F6_m6f3_P6_Y12_UO540,RD6_F3_m7f3_P7_Y10_UO261,RD3_F6_m2f5_P2_Y9_UO14,MXY,1,0.0,0,0,0.0,0,0,0,-9999.0,0.55859375,1,P3_CV0,1,2,0,0,2
3,4.20367802087489,4.955022315058112,RD3_F6_m6f3_P6_Y12_UO640,RD6_F9_m6f9_P6_Y10_UO201,RD3_F7_m3f5_P3_Y10_UO102,FXX,1,0.0,0,0,0.0,0,0,0,-9999.0,0.48828125,1,P3_CV0,1,1,1,1,1
3,4.20367802087489,4.955022315058112,RD3_F6_m6f9_P6_Y12_UO669,RD6_F9_m6f3_P6_Y10_UO29,RD9_F6_m9f6_P9_Y10_UO62,FXX,1,0.0,0,0,0.0,0,0,0,-9999.0,0.5234375,1,P3_CV0,1,0,2,1,1
3,4.20367802087489,4.955022315058112,RD3_F6_m6f3_P6_Y12_UO683,RD6_F9_m6f3_P6_Y10_UO29,RD3_F6_m3f5_P3_Y10_UO279,FXX,1,0.0,0,0,0.0,0,0,0,-9999.0,0.5234375,1,P3_CV0,1,0,2,1,1
3,4.20367802087489,4.955022315058112,RD3_F7_m7f3_P7_Y12_UO120,RD7_F3_m7f4_P7_Y10_UO455,RD3_F5_m1f5_P1_Y10_UO644,FXX,1,0.0,0,0,0.0,0,0,0,-9999.0,0.51171875,1,P3_CV0,1,1,1,1,1
3,4.20367802087489,4.955022315058112,RD3_F6_m9f2_P9_Y11_UO217,RD9_F2_m5f2_P5_Y9_UO291,RD2_F9_m7f3_P7_Y7_UO345,FXX,2,0.0,1,0,1.0,0,0,0,-9999.0,0.5234375,1,P3_CV0,1,1,1,1,1
3,4.20367802087489,4.955022315058112,RD3_F7_m4f7_P4_Y11_UO464,RD4_F8_m4f8_P4_Y9_UO452,RD7_F3_m6f9_P6_Y9_UO334,MXY,2,0.0,1,0,0.0,0,0,0,-9999.0,0.625,1,P3_CV0,1,2,0,1,1
3,4.20367802087489,4.955022315058112,RD3_F7_m4f8_P4_Y11_UO36,RD4_F8_m4f7_P4_Y9_UO461,RD8_F4_m8f4_P8_Y9_UO272,MXY,2,0.0,1,0,0.0,0,0,0,-9999.0,0.5234375,1,P3_CV0,1,2,0,1,1
3,4.20367802087489,4.955022315058112,RD3_F7_m4f8_P4_Y11_UO89,RD4_F8_m4f8_P4_Y9_UO452,RD8_F4_m8f4_P8_Y9_UO441,MXY,2,0.0,1,0,0.0,0,0,0,-9999.0,0.578125,1,P3_CV0,1,1,1,1,1
3,4.20367802087489,4.955022315058112,RD3_F2_m2f9_P2_Y12_UO95,RD2_F9_m6f9_P6_Y10_UO258,RD9_F2_m9f6_P9_Y9_UO38,FXX,1,0.0,0,0,0.0,0,0,0,-9999.0,0.46484375,1,P4_CV0,1,1,1,2,0
3,4.20367802087489,4.955022315058112,RD3_F2_m2f9_P2_Y12_UO99,RD2_F9_m6f9_P6_Y10_UO258,RD9_F2_m9f6_P9_Y9_UO38,MXY,1,0.0,0,0,0.0,0,0,0,-9999.0,0.46484375,1,P4_CV0,1,1,1,2,0
3,4.20367802087489,4.955022315058112,RD3_F2_m2f9_P2_Y12_UO102,RD2_F9_m6f9_P6_Y10_UO258,RD9_F2_m9f6_P9_Y9_UO38,FXX,1,0.0,0,0,0.0,0,0,0,-9999.0,0.46484375,1,P4_CV0,1,0,2,1,1
3,4.20367802087489,4.955022315058112,RD3_F2_m2f5_P2_Y12_UO389,RD2_F9_m6f9_P6_Y10_UO258,RD5_F1_m5f1_P5_Y10_UO316,FXX,1,0.0,0,0,0.0,0,0,0,-9999.0,0.4609375,1,P4_CV0,1,1,1,1,1
3,4.20367802087489,4.955022315058112,RD3_F5_m5f3_P5_Y12_UO2,RD5_F1_m5f1_P5_Y10_UO633,RD3_F6_m3f5_P3_Y10_UO279,FXX,1,0.0,0,0,0.0,0,0,0,-9999.0,0.45703125,1,P4_CV0,1,0,2,1,1
3,4.20367802087489,4.955022315058112,RD3_F6_m6f2_P6_Y12_UO308,RD6_F9_m6f9_P6_Y10_UO254,RD2_F5_m1f5_P1_Y10_UO184,FXX,1,0.0,0,0,0.0,0,0,0,-9999.0,0.453125,1,P4_CV0,1,0,2,2,0
3,4.20367802087489,4.955022315058112,RD3_F6_m6f3_P6_Y12_UO542,RD6_F3_m7f3_P7_Y10_UO261,RD3_F6_m2f5_P2_Y9_UO14,FXX,1,0.0,0,0,0.0,0,0,0,-9999.0,0.55859375,1,P4_CV0,1,2,0,0,2
3,4.20367802087489,4.955022315058112,RD3_F6_m6f3_P6_Y12_UO544,RD6_F3_m7f3_P7_Y10_UO261,RD3_F6_m2f5_P2_Y9_UO14,MXY,1,0.0,0,0,0.0,0,0,0,-9999.0,0.55859375,1,P4_CV0,1,2,0,0,2
3,4.20367802087489,4.955022315058112,RD3_F6_m6f3_P6_Y12_UO686,RD6_F9_m6f3_P6_Y10_UO29,RD3_F6_m3f5_P3_Y10_UO279,FXX,1,0.0,0,0,0.0,0,0,0,-9999.0,0.5234375,1,P4_CV0,1,0,2,2,0
3,4.20367802087489,4.955022315058112,RD3_F7_m7f4_P7_Y12_UO53,RD7_F4_m8f4_P8_Y10_UO623,RD4_F7_m4f8_P4_Y10_UO513,MXY,1,0.0,0,0,0.0,0,0,0,-9999.0,0.5859375,1,P4_CV0,1,1,1,1,1
3,4.20367802087489,4.955022315058112,RD3_F7_m7f4_P7_Y12_UO103,RD7_F3_m7f3_P7_Y10_UO302,RD4_F8_m4f7_P4_Y10_UO378,FXX,1,0.0,0,0,0.0,0,0,0,-9999.0,0.5234375,1,P4_CV0,1,1,1,0,2
3,4.20367802087489,4.955022315058112,RD3_F7_m7f4_P7_Y12_UO107,RD7_F3_m7f3_P7_Y10_UO302,RD4_F8_m4f7_P4_Y10_UO378,MXY,1,0.0,0,0,0.0,0,0,0,-9999.0,0.5234375,1,P4_CV0,1,1,1,0,2
3,4.20367802087489,4.955022315058112,RD3_F7_m7f4_P7_Y12_UO401,RD7_F3_m6f9_P6_Y10_UO492,RD4_F8_m4f8_P4_Y10_UO396,MXY,1,0.0,0,0,0.0,0,0,0,-9999.0,0.55859375,1,P4_CV0,1,2,0,2,0
3,4.20367802087489,4.955022315058112,RD3_F7_m7f4_P7_Y12_UO439,RD7_F3_m6f9_P6_Y10_UO492,RD4_F7_m3f2_P3_Y10_UO153,FXX,1,0.0,0,0,0.0,0,0,0,-9999.0,0.53125,1,P4_CV0,1,2,0,2,0
3,4.20367802087489,4.955022315058112,RD3_F7_m7f4_P7_Y12_UO524,RD7_F4_m8f4_P8_Y10_UO138,RD4_F8_m4f8_P4_Y10_UO48,MXY,1,0.0,0,0,0.0,0,0,0,-9999.0,0.484375,1,P4_CV0,1,1,1,1,1
3,4.20367802087489,4.955022315058112,RD3_F7_m7f4_P7_Y12_UO556,RD7_F3_m2f9_P2_Y10_UO69,RD4_F7_m6f9_P6_Y9_UO334,MXY,1,0.0,0,0,0.0,0,0,0,-9999.0,0.58984375,1,P4_CV0,1,1,1,1,1
3,4.20367802087489,4.955022315058112,RD3_F7_m7f4_P7_Y12_UO557,RD7_F3_m2f9_P2_Y10_UO69,RD4_F7_m6f9_P6_Y9_UO334,MXY,1,0.0,0,0,0.0,0,0,0,-9999.0,0.58984375,1,P4_CV0,1,0,2,1,1
3,4.20367802087489,4.955022315058112,RD3_F7_m7f4_P7_Y12_UO560,RD7_F3_m2f9_P2_Y10_UO69,RD4_F7_m6f9_P6_Y9_UO334,FXX,1,0.0,0,0,0.0,0,0,0,-9999.0,0.58984375,1,P4_CV0,1,1,1,1,1
3,4.20367802087489,4.955022315058112,RD3_F7_m7f4_P7_Y12_UO630,RD7_F4_m8f4_P8_Y10_UO339,RD4_F8_m4f7_P4_Y10_UO378,MXY,1,0.0,0,0,0.0,0,0,0,-9999.0,0.53125,1,P4_CV0,1,2,0,1,1
3,4.20367802087489,4.955022315058112,RD3_F7_m7f3_P7_Y12_UO647,RD7_F4_m8f4_P8_Y10_UO97,RD3_F7_m4f8_P4_Y10_UO159,MXY,1,0.0,0,0,0.0,0,0,0,-9999.0,0.53515625,1,P4_CV0,1,1,1,1,1
3,4.20367802087489,4.955022315058112,RD3_F2_m9f2_P9_Y11_UO318,RD9_F2_m9f2_P9_Y9_UO163,RD2_F9_m3f7_P3_Y6_UO196,MXY,2,0.0,1,0,0.0,0,0,0,-9999.0,0.421875,1,P4_CV0,1,1,1,1,1
3,4.20367802087489,4.955022315058112,RD3_F6_m9f2_P9_Y11_UO315,RD9_F2_m9f2_P9_Y9_UO163,RD2_F9_m3f7_P3_Y6_UO196,MXY,2,0.0,1,0,0.0,0,0,0,-9999.0,0.421875,1,P4_CV0,1,1,1,1,1
3,4.20367802087489,4.955022315058112,RD3_F6_m2f5_P2_Y11_UO56,RD2_F9_m2f5_P2_Y9_UO26,RD5_F1_m5f3_P5_Y9_UO411,MXY,2,0.0,1,0,0.0,0,0,0,-9999.0,0.46875,1,P4_CV0,1,1,1,1,1
3,4.20367802087489,4.955022315058112,RD3_F5_m5f1_P5_Y10_UO537,RD5_F1_m5f1_P5_Y8_UO182,RD1_F5_m3f6_P3_Y8_UO249,MXY,3,0.0,1,0,0.0,0,0,0,-9999.0,0.484375,1,P4_CV0,1,1,1,1,1
3,4.20367802087489,4.955022315058112,RD3_F6_m6f9_P6_Y10_UO469,RD6_F9_m2f6_P2_Y8_UO586,RD9_F6_m2f9_P2_Y8_UO87,MXY,3,0.0,1,0,0.0,0,0,0,-9999.0,0.5078125,1,P4_CV0,1,2,0,2,0
3,4.20367802087489,4.955022315058112,RD3_F7_m2f9_P2_Y10_UO69,RD2_F6_m9f2_P9_Y8_UO597,RD9_F6_m2f9_P2_Y8_UO87,FXX,3,0.0,1,0,1.0,0,0,0,-9999.0,0.5234375,1,P4_CV0,1,1,1,2,0
3,4.20367802087489,4.955022315058112,RD3_F2_m2f5_P2_Y12_UO209,RD2_F9_m6f9_P6_Y10_UO258,RD5_F1_m5f1_P5_Y10_UO549,MXY,1,0.0,0,0,0.0,0,0,0,-9999.0,0.453125,1,P5_CV0,1,2,0,1,1
3,4.20367802087489,4.955022315058112,RD3_F2_m2f3_P2_Y12_UO370,RD2_F3_m7f4_P7_Y10_UO215,RD3_F5_m1f5_P1_Y10_UO647,MXY,1,0.0,0,0,0.0,0,0,0,-9999.0,0.46484375,1,P5_CV0,1,2,0,0,2
3,4.20367802087489,4.955022315058112,RD3_F2_m2f3_P2_Y12_UO371,RD2_F3_m7f4_P7_Y10_UO215,RD3_F5_m1f5_P1_Y10_UO647,MXY,1,0.0,0,0,0.0,0,0,0,-9999.0,0.46484375,1,P5_CV0,1,2,0,0,2
3,4.20367802087489,4.955022315058112,RD3_F5_m5f1_P5_Y12_UO421,RD5_F1_m5f1_P5_Y10_UO476,RD1_F5_m1f5_P1_Y10_UO185,FXX,1,0.0,0,0,0.0,0,0,0,-9999.0,0.44921875,1,P5_CV0,1,1,1,2,0
3,4.20367802087489,4.955022315058112,RD3_F5_m5f1_P5_Y12_UO482,RD5_F1_m5f1_P5_Y10_UO476,RD1_F5_m1f5_P1_Y10_UO639,MXY,1,0.0,0,0,0.0,0,0,0,-9999.0,0.4453125,1,P5_CV0,1,0,2,2,0
3,4.20367802087489,4.955022315058112,RD3_F5_m5f3_P5_Y12_UO634,RD5_F1_m5f3_P5_Y10_UO498,RD3_F6_m3f2_P3_Y10_UO407,FXX,1,0.0,0,0,0.0,0,0,0,-9999.0,0.56640625,1,P5_CV0,1,2,0,1,1
3,4.20367802087489,4.955022315058112,RD3_F5_m5f3_P5_Y12_UO635,RD5_F1_m5f3_P5_Y10_UO498,RD3_F6_m3f2_P3_Y10_UO407,MXY,1,0.0,0,0,0.0,0,0,0,-9999.0,0.56640625,1,P5_CV0,1,1,1,0,2
3,4.20367802087489,4.955022315058112,RD3_F6_m6f9_P6_Y12_UO152,RD6_F3_m7f3_P7_Y10_UO400,RD9_F2_m6f2_P6_Y10_UO310,MXY,1,0.0,0,0,0.0,0,0,0,-9999.0,0.51171875,1,P5_CV0,1,1,1,2,0
3,4.20367802087489,4.955022315058112,RD3_F6_m6f2_P6_Y12_UO309,RD6_F9_m6f9_P6_Y10_UO254,RD2_F5_m1f5_P1_Y10_UO184,MXY,1,0.0,0,0,0.0,0,0,0,-9999.0,0.453125,1,P5_CV0,1,0,2,2,0
3,4.20367802087489,4.955022315058112,RD3_F6_m6f3_P6_Y12_UO332,RD6_F3_m2f5_P2_Y10_UO6,RD3_F5_m1f5_P1_Y10_UO541,MXY,1,0.0,0,0,0.0,0,0,0,-9999.0,0.48046875,1,P5_CV0,1,0,2,2,0
3,4.20367802087489,4.955022315058112,RD3_F6_m6f9_P6_Y12_UO670,RD6_F9_m6f3_P6_Y10_UO29,RD9_F6_m9f6_P9_Y10_UO62,FXX,1,0.0,0,0,0.0,0,0,0,-9999.0,0.5234375,1,P5_CV0,1,1,1,2,0
3,4.20367802087489,4.955022315058112,RD3_F7_m7f3_P7_Y12_UO118,RD7_F3_m7f4_P7_Y10_UO455,RD3_F5_m1f5_P1_Y10_UO644,MXY,1,0.0,0,0,0.0,0,0,0,-9999.0,0.51171875,1,P5_CV0,1,0,2,1,1
3,4.20367802087489,4.955022315058112,RD3_F7_m7f3_P7_Y12_UO660,RD7_F4_m7f3_P7_Y10_UO614,RD3_F2_m6f2_P6_Y10_UO314,FXX,1,0.0,0,0,0.0,0,0,0,-9999.0,0.5859375,1,P5_CV0,1,1,1,2,0
3,4.20367802087489,4.955022315058112,RD3_F7_m7f3_P7_Y12_UO667,RD7_F3_m5f3_P5_Y10_UO267,RD3_F7_m3f7_P3_Y10_UO173,FXX,1,0.0,0,0,0.0,0,0,0,-9999.0,0.5078125,1,P5_CV0,1,2,0,2,0
3,4.20367802087489,4.955022315058112,RD3_F7_m4f7_P4_Y11_UO294,RD4_F7_m3f7_P3_Y9_UO352,RD7_F4_m8f4_P8_Y9_UO384,FXX,2,0.0,1,0,1.0,0,0,0,-9999.0,0.484375,1,P5_CV0,1,1,1,1,1
3,4.20367802087489,4.955022315058112,RD3_F2_m7f4_P7_Y10_UO218,RD7_F3_m7f3_P7_Y8_UO495,RD4_F8_m4f7_P4_Y8_UO140,FXX,3,0.0,1,0,1.0,0,0,0,-9999.0,0.4921875,1,P5_CV0,1,2,0,0,2
3,4.20367802087489,4.955022315058112,RD3_F6_m2f5_P2_Y10_UO6,RD2_F3_m5f3_P5_Y8_UO171,RD5_F1_m5f1_P5_Y8_UO508,FXX,3,0.0,1,0,1.0,0,0,0,-9999.0,0.4921875,1,P5_CV0,1,0,2,2,0
3,4.20367802087489,4.955022315058112,RD3_F7_m5f1_P5_Y10_UO295,RD5_F1_m5f1_P5_Y8_UO184,RD1_F5_m1f5_P1_Y8_UO524,FXX,3,0.0,1,0,1.0,0,0,0,-9999.0,0.46875,1,P5_CV0,1,2,0,0,2
3,4.20367802087489,4.955022315058112,RD3_F2_m2f3_P2_Y12_UO374,RD2_F3_m7f4_P7_Y10_UO215,RD3_F5_m1f5_P1_Y10_UO647,FXX,1,0.0,0,0,0.0,0,0,0,-9999.0,0.46484375,1,P6_CV0,1,2,0,0,2
3,4.20367802087489,4.955022315058112,RD3_F2_m2f3_P2_Y12_UO376,RD2_F3_m7f4_P7_Y10_UO215,RD3_F5_m1f5_P1_Y10_UO647,FXX,1,0.0,0,0,0.0,0,0,0,-9999.0,0.46484375,1,P6_CV0,1,2,0,0,2
3,4.20367802087489,4.955022315058112,RD3_F5_m5f1_P5_Y12_UO346,RD5_F3_m2f5_P2_Y10_UO681,RD1_F5_m1f5_P1_Y10_UO643,FXX,1,0.0,0,0,0.0,0,0,0,-9999.0,0.45703125,1,P6_CV0,1,1,1,0,2
3,4.20367802087489,4.955022315058112,RD3_F5_m5f1_P5_Y12_UO479,RD5_F1_m5f1_P5_Y10_UO476,RD1_F5_m1f5_P1_Y10_UO639,FXX,1,0.0,0,0,0.0,0,0,0,-9999.0,0.4453125,1,P6_CV0,1,1,1,1,1
3,4.20367802087489,4.955022315058112,RD3_F7_m7f4_P7_Y12_UO63,RD7_F3_m2f9_P2_Y10_UO69,RD4_F8_m4f8_P4_Y10_UO399,MXY,1,0.0,0,0,0.0,0,0,0,-9999.0,0.578125,1,P8_CV0,1,1,1,2,0
3,4.20367802087489,4.955022315058112,RD3_F7_m7f4_P7_Y12_UO402,RD7_F3_m6f9_P6_Y10_UO492,RD4_F8_m4f8_P4_Y10_UO396,FXX,1,0.0,0,0,0.0,0,0,0,-9999.0,0.55859375,1,P8_CV0,1,2,0,1,1
3,4.20367802087489,4.955022315058112,RD3_F7_m7f4_P7_Y12_UO632,RD7_F4_m8f4_P8_Y10_UO339,RD4_F8_m4f7_P4_Y10_UO378,FXX,1,0.0,0,0,0.0,0,0,0,-9999.0,0.53125,1,P8_CV0,1,2,0,1,1
4,2.046486340378425,9.289064495259955,RD4_F8_m8f4_P8_Y12_UO17,RD8_F4_m7f4_P7_Y10_UO592,RD4_F7_m3f2_P3_Y10_UO607,FXX,1,0.0,0,0,0.0,0,0,0,-9999.0,0.5234375,1,P0_CV0,1,0,2,2,0
4,2.046486340378425,9.289064495259955,RD4_F7_m7f4_P7_Y12_UO451,RD7_F4_m8f4_P8_Y10_UO623,RD4_F7_m6f9_P6_Y9_UO334,MXY,1,0.0,0,0,0.0,0,0,0,-9999.0,0.62109375,1,P0_CV0,1,1,1,1,1
4,2.046486340378425,9.289064495259955,RD4_F7_m7f3_P7_Y12_UO414,RD7_F4_m8f4_P8_Y10_UO623,RD3_F2_m9f6_P9_Y10_UO352,FXX,1,0.0,0,0,0.0,0,0,0,-9999.0,0.52734375,1,P0_CV0,1,2,0,2,0
4,2.046486340378425,9.289064495259955,RD4_F7_m7f3_P7_Y12_UO413,RD7_F4_m8f4_P8_Y10_UO623,RD3_F2_m9f6_P9_Y10_UO352,MXY,1,0.0,0,0,0.0,0,0,0,-9999.0,0.52734375,1,P1_CV0,1,1,1,2,0
4,2.046486340378425,9.289064495259955,RD4_F8_m8f4_P8_Y12_UO624,RD8_F4_m8f4_P8_Y10_UO143,RD4_F8_m4f7_P4_Y10_UO378,MXY,1,0.0,0,0,0.0,0,0,0,-9999.0,0.5,1,P1_CV0,1,2,0,0,2
4,2.046486340378425,9.289064495259955,RD4_F8_m8f4_P8_Y12_UO619,RD8_F4_m8f4_P8_Y10_UO143,RD4_F8_m4f7_P4_Y10_UO378,FXX,1,0.0,0,0,0.0,0,0,0,-9999.0,0.5,1,P1_CV0,1,2,0,0,2
4,2.046486340378425,9.289064495259955,RD4_F7_m7f3_P7_Y12_UO48,RD7_F4_m8f4_P8_Y10_UO144,RD3_F7_m4f8_P4_Y10_UO2,MXY,1,0.0,0,0,0.0,0,0,0,-9999.0,0.54296875,1,P1_CV0,1,1,1,0,2
4,2.046486340378425,9.289064495259955,RD4_F7_m7f3_P7_Y12_UO52,RD7_F4_m8f4_P8_Y10_UO144,RD3_F7_m4f8_P4_Y10_UO2,FXX,1,0.0,0,0,0.0,0,0,0,-9999.0,0.54296875,1,P1_CV0,1,0,2,0,2
4,2.046486340378425,9.289064495259955,RD4_F8_m8f4_P8_Y12_UO621,RD8_F4_m8f4_P8_Y10_UO143,RD4_F8_m4f7_P4_Y10_UO378,MXY,1,0.0,0,0,0.0,0,0,0,-9999.0,0.5,1,P1_CV0,1,2,0,0,2
4,2.046486340378425,9.289064495259955,RD4_F7_m7f3_P7_Y12_UO379,RD7_F4_m7f3_P7_Y10_UO303,RD3_F6_m3f2_P3_Y10_UO407,MXY,1,0.0,0,0,0.0,0,0,0,-9999.0,0.54296875,1,P2_CV0,1,0,2,0,2
4,2.046486340378425,9.289064495259955,RD4_F7_m7f3_P7_Y12_UO384,RD7_F4_m7f3_P7_Y10_UO303,RD3_F6_m3f2_P3_Y10_UO407,MXY,1,0.0,0,0,0.0,0,0,0,-9999.0,0.54296875,1,P2_CV0,1,0,2,1,1
4,2.046486340378425,9.289064495259955,RD4_F7_m7f3_P7_Y12_UO381,RD7_F4_m7f3_P7_Y10_UO303,RD3_F6_m3f2_P3_Y10_UO407,FXX,1,0.0,0,0,0.0,0,0,0,-9999.0,0.54296875,1,P2_CV0,1,1,1,1,1
4,2.046486340378425,9.289064495259955,RD4_F8_m8f4_P8_Y12_UO297,RD8_F4_m8f4_P8_Y10_UO525,RD4_F7_m6f9_P6_Y9_UO334,FXX,1,0.0,0,0,0.0,0,0,0,-9999.0,0.58984375,1,P3_CV0,1,1,1,0,2
4,2.046486340378425,9.289064495259955,RD4_F7_m7f4_P7_Y12_UO467,RD7_F3_m2f9_P2_Y10_UO69,RD4_F7_m3f2_P3_Y10_UO661,FXX,1,0.0,0,0,0.0,0,0,0,-9999.0,0.51953125,1,P3_CV0,1,0,2,2,0
4,2.046486340378425,9.289064495259955,RD4_F7_m7f3_P7_Y12_UO121,RD7_F3_m7f4_P7_Y10_UO455,RD3_F5_m1f5_P1_Y10_UO644,FXX,1,0.0,0,0,0.0,0,0,0,-9999.0,0.51171875,1,P3_CV0,1,2,0,1,1
4,2.046486340378425,9.289064495259955,RD4_F8_m8f4_P8_Y12_UO575,RD8_F4_m8f4_P8_Y10_UO525,RD4_F8_m4f8_P4_Y10_UO399,FXX,1,0.0,0,0,0.0,0,0,0,-9999.0,0.578125,1,P3_CV0,1,0,2,2,0
4,2.046486340378425,9.289064495259955,RD4_F8_m8f4_P8_Y12_UO594,RD8_F4_m8f4_P8_Y10_UO435,RD4_F7_m3f5_P3_Y10_UO551,FXX,1,0.0,0,0,0.0,0,0,0,-9999.0,0.4921875,1,P3_CV0,1,1,1,1,1
4,2.046486340378425,9.289064495259955,RD4_F8_m8f4_P8_Y12_UO577,RD8_F4_m8f4_P8_Y10_UO525,RD4_F8_m4f8_P4_Y10_UO399,MXY,1,0.0,0,0,0.0,0,0,0,-9999.0,0.578125,1,P3_CV0,1,0,2,2,0
4,2.046486340378425,9.289064495259955,RD4_F8_m8f4_P8_Y12_UO597,RD8_F4_m8f4_P8_Y10_UO435,RD4_F7_m3f5_P3_Y10_UO551,MXY,1,0.0,0,0,0.0,0,0,0,-9999.0,0.4921875,1,P3_CV0,1,2,0,2,0
4,2.046486340378425,9.289064495259955,RD4_F8_m8f4_P8_Y12_UO600,RD8_F4_m8f4_P8_Y10_UO435,RD4_F7_m3f5_P3_Y10_UO551,FXX,1,0.0,0,0,0.0,0,0,0,-9999.0,0.4921875,1,P3_CV0,1,2,0,1,1
4,2.046486340378425,9.289064495259955,RD4_F7_m7f3_P7_Y12_UO664,RD7_F3_m5f3_P5_Y10_UO267,RD3_F7_m3f7_P3_Y10_UO173,MXY,1,0.0,0,0,0.0,0,0,0,-9999.0,0.5078125,1,P3_CV0,1,1,1,2,0
4,2.046486340378425,9.289064495259955,RD4_F8_m8f4_P8_Y12_UO578,RD8_F4_m8f4_P8_Y10_UO525,RD4_F8_m4f8_P4_Y10_UO399,FXX,1,0.0,0,0,0.0,0,0,0,-9999.0,0.578125,1,P3_CV0,1,0,2,2,0
4,2.046486340378425,9.289064495259955,RD4_F8_m8f4_P8_Y12_UO295,RD8_F4_m8f4_P8_Y10_UO525,RD4_F7_m6f9_P6_Y9_UO334,FXX,1,0.0,0,0,0.0,0,0,0,-9999.0,0.58984375,1,P3_CV0,1,1,1,0,2
4,2.046486340378425,9.289064495259955,RD4_F8_m4f8_P4_Y11_UO234,RD4_F7_m3f7_P3_Y9_UO352,RD8_F4_m8f4_P8_Y9_UO272,MXY,2,0.0,1,0,0.0,0,0,0,-9999.0,0.484375,1,P3_CV0,1,0,2,2,0
4,2.046486340378425,9.289064495259955,RD4_F7_m4f8_P4_Y11_UO93,RD4_F8_m4f8_P4_Y9_UO452,RD8_F4_m8f4_P8_Y9_UO441,MXY,2,0.0,1,0,0.0,0,0,0,-9999.0,0.578125,1,P3_CV0,1,1,1,1,1
4,2.046486340378425,9.289064495259955,RD4_F8_m4f8_P4_Y11_UO86,RD4_F8_m4f8_P4_Y9_UO452,RD8_F4_m8f4_P8_Y9_UO441,MXY,2,0.0,1,0,0.0,0,0,0,-9999.0,0.578125,1,P3_CV0,1,1,1,1,1
4,2.046486340378425,9.289064495259955,RD4_F8_m4f8_P4_Y11_UO92,RD4_F8_m4f8_P4_Y9_UO452,RD8_F4_m8f4_P8_Y9_UO441,FXX,2,0.0,1,0,1.0,0,0,0,-9999.0,0.578125,1,P3_CV0,1,1,1,1,1
4,2.046486340378425,9.289064495259955,RD4_F7_m3f7_P3_Y11_UO439,RD3_F6_m9f6_P9_Y9_UO45,RD7_F4_m4f7_P4_Y8_UO140,FXX,2,0.0,1,0,1.0,0,0,0,-9999.0,0.46875,1,P3_CV0,1,1,1,2,0
4,2.046486340378425,9.289064495259955,RD4_F8_m4f7_P4_Y11_UO172,RD4_F7_m4f7_P4_Y9_UO464,RD7_F3_m5f2_P5_Y9_UO259,MXY,2,0.0,1,0,0.0,0,0,0,-9999.0,0.484375,1,P3_CV0,1,1,1,1,1
4,2.046486340378425,9.289064495259955,RD4_F8_m4f7_P4_Y11_UO162,RD4_F7_m4f7_P4_Y9_UO464,RD7_F3_m5f2_P5_Y9_UO259,MXY,2,0.0,1,0,0.0,0,0,0,-9999.0,0.484375,1,P3_CV0,1,1,1,1,1
4,2.046486340378425,9.289064495259955,RD4_F8_m4f7_P4_Y11_UO100,RD4_F7_m4f7_P4_Y9_UO464,RD7_F3_m2f5_P2_Y8_UO161,MXY,2,0.0,1,0,0.0,0,0,0,-9999.0,0.53125,1,P3_CV0,1,1,1,1,1
4,2.046486340378425,9.289064495259955,RD4_F8_m4f8_P4_Y9_UO442,RD4_F8_m4f8_P4_Y7_UO24,RD8_F4_m8f4_P8_Y7_UO51,MXY,4,0.0,1,0,0.0,0,0,0,-9999.0,0.59375,1,P3_CV0,1,1,1,1,1
4,2.046486340378425,9.289064495259955,RD4_F8_m8f4_P8_Y8_UO338,RD8_F4_m8f4_P8_Y6_UO672,RD4_F8_m4f8_P4_Y6_UO385,MXY,5,0.0,1,0,0.0,0,0,0,-9999.0,0.53125,1,P3_CV0,1,2,0,1,1
4,2.046486340378425,9.289064495259955,RD4_F7_m7f4_P7_Y12_UO104,RD7_F3_m7f3_P7_Y10_UO302,RD4_F8_m4f7_P4_Y10_UO378,FXX,1,0.0,0,0,0.0,0,0,0,-9999.0,0.5234375,1,P4_CV0,1,1,1,0,2
4,2.046486340378425,9.289064495259955,RD4_F8_m8f4_P8_Y12_UO316,RD8_F4_m8f4_P8_Y10_UO531,RD4_F7_m6f9_P6_Y9_UO334,MXY,1,0.0,0,0,0.0,0,0,0,-9999.0,0.58984375,1,P4_CV0,1,1,1,0,2
4,2.046486340378425,9.289064495259955,RD4_F8_m8f4_P8_Y12_UO298,RD8_F4_m8f4_P8_Y10_UO525,RD4_F7_m6f9_P6_Y9_UO334,FXX,1,0.0,0,0,0.0,0,0,0,-9999.0,0.58984375,1,P4_CV0,1,0,2,0,2
4,2.046486340378425,9.289064495259955,RD4_F8_m8f4_P8_Y12_UO622,RD8_F4_m8f4_P8_Y10_UO143,RD4_F8_m4f7_P4_Y10_UO378,MXY,1,0.0,0,0,0.0,0,0,0,-9999.0,0.5,1,P4_CV0,1,2,0,1,1
4,2.046486340378425,9.289064495259955,RD4_F7_m7f3_P7_Y12_UO49,RD7_F4_m8f4_P8_Y10_UO144,RD3_F7_m4f8_P4_Y10_UO2,MXY,1,0.0,0,0,0.0,0,0,0,-9999.0,0.54296875,1,P4_CV0,1,1,1,0,2
4,2.046486340378425,9.289064495259955,RD4_F8_m8f4_P8_Y12_UO319,RD8_F4_m8f4_P8_Y10_UO531,RD4_F7_m6f9_P6_Y9_UO334,MXY,1,0.0,0,0,0.0,0,0,0,-9999.0,0.58984375,1,P4_CV0,1,2,0,0,2
4,2.046486340378425,9.289064495259955,RD4_F7_m7f3_P7_Y12_UO51,RD7_F4_m8f4_P8_Y10_UO144,RD3_F7_m4f8_P4_Y10_UO2,MXY,1,0.0,0,0,0.0,0,0,0,-9999.0,0.54296875,1,P4_CV0,1,0,2,0,2
4,2.046486340378425,9.289064495259955,RD4_F7_m7f4_P7_Y12_UO405,RD7_F3_m6f9_P6_Y10_UO492,RD4_F8_m4f8_P4_Y10_UO396,MXY,1,0.0,0,0,0.0,0,0,0,-9999.0,0.55859375,1,P4_CV0,1,1,1,1,1
4,2.046486340378425,9.289064495259955,RD4_F7_m7f4_P7_Y12_UO437,RD7_F3_m6f9_P6_Y10_UO492,RD4_F7_m3f2_P3_Y10_UO153,MXY,1,0.0,0,0,0.0,0,0,0,-9999.0,0.53125,1,P4_CV0,1,2,0,2,0
4,2.046486340378425,9.289064495259955,RD4_F7_m7f3_P7_Y12_UO47,RD7_F4_m8f4_P8_Y10_UO144,RD3_F7_m4f8_P4_Y10_UO2,MXY,1,0.0,0,0,0.0,0,0,0,-9999.0,0.54296875,1,P4_CV0,1,0,2,0,2
4,2.046486340378425,9.289064495259955,RD4_F8_m8f4_P8_Y12_UO112,RD8_F4_m8f4_P8_Y10_UO531,RD4_F7_m4f8_P4_Y10_UO513,MXY,1,0.0,0,0,0.0,0,0,0,-9999.0,0.5546875,1,P4_CV0,1,1,1,0,2
4,2.046486340378425,9.289064495259955,RD4_F7_m7f4_P7_Y12_UO523,RD7_F4_m8f4_P8_Y10_UO138,RD4_F8_m4f8_P4_Y10_UO48,MXY,1,0.0,0,0,0.0,0,0,0,-9999.0,0.484375,1,P4_CV0,1,1,1,1,1
4,2.046486340378425,9.289064495259955,RD4_F7_m7f4_P7_Y12_UO440,RD7_F3_m6f9_P6_Y10_UO492,RD4_F7_m3f2_P3_Y10_UO153,FXX,1,0.0,0,0,0.0,0,0,0,-9999.0,0.53125,1,P4_CV0,1,1,1,1,1
4,2.046486340378425,9.289064495259955,RD4_F7_m7f4_P7_Y12_UO436,RD7_F3_m6f9_P6_Y10_UO492,RD4_F7_m3f2_P3_Y10_UO153,FXX,1,0.0,0,0,0.0,0,0,0,-9999.0,0.53125,1,P4_CV0,1,2,0,2,0
4,2.046486340378425,9.289064495259955,RD4_F8_m8f4_P8_Y12_UO620,RD8_F4_m8f4_P8_Y10_UO143,RD4_F8_m4f7_P4_Y10_UO378,FXX,1,0.0,0,0,0.0,0,0,0,-9999.0,0.5,1,P4_CV0,1,1,1,0,2
4,2.046486340378425,9.289064495259955,RD4_F7_m7f4_P7_Y12_UO449,RD7_F4_m8f4_P8_Y10_UO623,RD4_F7_m6f9_P6_Y9_UO334,FXX,1,0.0,0,0,0.0,0,0,0,-9999.0,0.62109375,1,P4_CV0,1,1,1,1,1
4,2.046486340378425,9.289064495259955,RD4_F8_m8f4_P8_Y12_UO623,RD8_F4_m8f4_P8_Y10_UO143,RD4_F8_m4f7_P4_Y10_UO378,FXX,1,0.0,0,0,0.0,0,0,0,-9999.0,0.5,1,P4_CV0,1,2,0,1,1
4,2.046486340378425,9.289064495259955,RD4_F7_m7f4_P7_Y12_UO525,RD7_F4_m8f4_P8_Y10_UO138,RD4_F8_m4f8_P4_Y10_UO48,FXX,1,0.0,0,0,0.0,0,0,0,-9999.0,0.484375,1,P4_CV0,1,1,1,1,1
4,2.046486340378425,9.289064495259955,RD4_F8_m8f4_P8_Y12_UO317,RD8_F4_m8f4_P8_Y10_UO531,RD4_F7_m6f9_P6_Y9_UO334,FXX,1,0.0,0,0,0.0,0,0,0,-9999.0,0.58984375,1,P4_CV0,1,1,1,0,2
4,2.046486340378425,9.289064495259955,RD4_F8_m8f4_P8_Y12_UO321,RD8_F4_m8f4_P8_Y10_UO531,RD4_F7_m6f9_P6_Y9_UO334,FXX,1,0.0,0,0,0.0,0,0,0,-9999.0,0.58984375,1,P4_CV0,1,2,0,1,1
4,2.046486340378425,9.289064495259955,RD4_F7_m7f4_P7_Y12_UO105,RD7_F3_m7f3_P7_Y10_UO302,RD4_F8_m4f7_P4_Y10_UO378,FXX,1,0.0,0,0,0.0,0,0,0,-9999.0,0.5234375,1,P4_CV0,1,1,1,0,2
4,2.046486340378425,9.289064495259955,RD4_F8_m8f4_P8_Y12_UO115,RD8_F4_m8f4_P8_Y10_UO531,RD4_F7_m4f8_P4_Y10_UO513,FXX,1,0.0,0,0,0.0,0,0,0,-9999.0,0.5546875,1,P4_CV0,1,1,1,0,2
4,2.046486340378425,9.289064495259955,RD4_F7_m7f3_P7_Y12_UO649,RD7_F4_m8f4_P8_Y10_UO97,RD3_F7_m4f8_P4_Y10_UO159,MXY,1,0.0,0,0,0.0,0,0,0,-9999.0,0.53515625,1,P4_CV0,1,1,1,0,2
4,2.046486340378425,9.289064495259955,RD4_F8_m4f7_P4_Y11_UO465,RD4_F8_m4f8_P4_Y9_UO452,RD7_F3_m6f9_P6_Y9_UO334,MXY,2,0.0,1,0,0.0,0,0,0,-9999.0,0.625,1,P4_CV0,1,1,1,1,1
4,2.046486340378425,9.289064495259955,RD4_F7_m3f7_P3_Y11_UO282,RD3_F6_m3f5_P3_Y9_UO430,RD7_F4_m8f4_P8_Y9_UO381,MXY,2,0.0,1,0,0.0,0,0,0,-9999.0,0.484375,1,P4_CV0,1,1,1,1,1
4,2.046486340378425,9.289064495259955,RD4_F7_m7f3_P7_Y12_UO470,RD7_F4_m8f4_P8_Y10_UO623,RD3_F7_m8f4_P8_Y9_UO384,FXX,1,0.0,0,0,0.0,0,0,0,-9999.0,0.55078125,1,P5_CV0,1,2,0,2,0
4,2.046486340378425,9.289064495259955,RD4_F8_m8f4_P8_Y12_UO116,RD8_F4_m8f4_P8_Y10_UO531,RD4_F7_m4f8_P4_Y10_UO513,MXY,1,0.0,0,0,0.0,0,0,0,-9999.0,0.5546875,1,P5_CV0,1,1,1,0,2
4,2.046486340378425,9.289064495259955,RD4_F8_m8f4_P8_Y12_UO114,RD8_F4_m8f4_P8_Y10_UO531,RD4_F7_m4f8_P4_Y10_UO513,FXX,1,0.0,0,0,0.0,0,0,0,-9999.0,0.5546875,1,P5_CV0,1,1,1,0,2
4,2.046486340378425,9.289064495259955,RD4_F7_m7f3_P7_Y12_UO471,RD7_F4_m8f4_P8_Y10_UO623,RD3_F7_m8f4_P8_Y9_UO384,FXX,1,0.0,0,0,0.0,0,0,0,-9999.0,0.55078125,1,P5_CV0,1,2,0,1,1
4,2.046486340378425,9.289064495259955,RD4_F8_m8f4_P8_Y12_UO530,RD8_F4_m8f4_P8_Y10_UO531,RD4_F7_m3f2_P3_Y10_UO153,FXX,1,0.0,0,0,0.0,0,0,0,-9999.0,0.55078125,1,P5_CV0,1,2,0,2,0
4,2.046486340378425,9.289064495259955,RD4_F8_m8f4_P8_Y12_UO531,RD8_F4_m8f4_P8_Y10_UO531,RD4_F7_m3f2_P3_Y10_UO153,FXX,1,0.0,0,0,0.0,0,0,0,-9999.0,0.55078125,1,P5_CV0,1,2,0,1,1
4,2.046486340378425,9.289064495259955,RD4_F7_m7f3_P7_Y12_UO661,RD7_F4_m7f3_P7_Y10_UO614,RD3_F2_m6f2_P6_Y10_UO314,MXY,1,0.0,0,0,0.0,0,0,0,-9999.0,0.5859375,1,P5_CV0,1,1,1,1,1
4,2.046486340378425,9.289064495259955,RD4_F7_m7f4_P7_Y12_UO160,RD7_F3_m5f3_P5_Y10_UO267,RD4_F8_m4f8_P4_Y10_UO396,FXX,1,0.0,0,0,0.0,0,0,0,-9999.0,0.5703125,1,P5_CV0,1,1,1,2,0
4,2.046486340378425,9.289064495259955,RD4_F8_m8f4_P8_Y12_UO318,RD8_F4_m8f4_P8_Y10_UO531,RD4_F7_m6f9_P6_Y9_UO334,FXX,1,0.0,0,0,0.0,0,0,0,-9999.0,0.58984375,1,P5_CV0,1,2,0,1,1
4,2.046486340378425,9.289064495259955,RD4_F8_m8f4_P8_Y12_UO241,RD8_F4_m8f4_P8_Y10_UO570,RD4_F8_m4f8_P4_Y10_UO132,MXY,1,0.0,0,0,0.0,0,0,0,-9999.0,0.53515625,1,P5_CV0,1,0,2,1,1
4,2.046486340378425,9.289064495259955,RD4_F8_m8f4_P8_Y12_UO206,RD8_F4_m8f4_P8_Y10_UO531,RD4_F8_m4f8_P4_Y10_UO396,MXY,1,0.0,0,0,0.0,0,0,0,-9999.0,0.578125,1,P5_CV0,1,2,0,2,0
4,2.046486340378425,9.289064495259955,RD4_F8_m8f4_P8_Y12_UO236,RD8_F4_m8f4_P8_Y10_UO531,RD4_F8_m4f8_P4_Y10_UO1,FXX,1,0.0,0,0,0.0,0,0,0,-9999.0,0.5703125,1,P5_CV0,1,2,0,1,1
4,2.046486340378425,9.289064495259955,RD4_F7_m7f3_P7_Y12_UO658,RD7_F4_m7f3_P7_Y10_UO614,RD3_F2_m6f2_P6_Y10_UO314,FXX,1,0.0,0,0,0.0,0,0,0,-9999.0,0.5859375,1,P5_CV0,1,1,1,0,2
4,2.046486340378425,9.289064495259955,RD4_F8_m8f4_P8_Y12_UO595,RD8_F4_m8f4_P8_Y10_UO435,RD4_F7_m3f5_P3_Y10_UO551,FXX,1,0.0,0,0,0.0,0,0,0,-9999.0,0.4921875,1,P5_CV0,1,2,0,1,1
4,2.046486340378425,9.289064495259955,RD4_F8_m8f4_P8_Y12_UO322,RD8_F4_m8f4_P8_Y10_UO531,RD4_F7_m6f9_P6_Y9_UO334,FXX,1,0.0,0,0,0.0,0,0,0,-9999.0,0.58984375,1,P5_CV0,1,1,1,1,1
4,2.046486340378425,9.289064495259955,RD4_F8_m8f4_P8_Y12_UO113,RD8_F4_m8f4_P8_Y10_UO531,RD4_F7_m4f8_P4_Y10_UO513,MXY,1,0.0,0,0,0.0,0,0,0,-9999.0,0.5546875,1,P5_CV0,1,1,1,0,2
4,2.046486340378425,9.289064495259955,RD4_F8_m8f4_P8_Y12_UO527,RD8_F4_m8f4_P8_Y10_UO531,RD4_F7_m3f2_P3_Y10_UO153,FXX,1,0.0,0,0,0.0,0,0,0,-9999.0,0.55078125,1,P5_CV0,1,2,0,1,1
4,2.046486340378425,9.289064495259955,RD4_F7_m7f3_P7_Y12_UO666,RD7_F3_m5f3_P5_Y10_UO267,RD3_F7_m3f7_P3_Y10_UO173,FXX,1,0.0,0,0,0.0,0,0,0,-9999.0,0.5078125,1,P5_CV0,1,2,0,2,0
4,2.046486340378425,9.289064495259955,RD4_F7_m7f3_P7_Y12_UO383,RD7_F4_m7f3_P7_Y10_UO303,RD3_F6_m3f2_P3_Y10_UO407,FXX,1,0.0,0,0,0.0,0,0,0,-9999.0,0.54296875,1,P5_CV0,1,0,2,2,0
4,2.046486340378425,9.289064495259955,RD4_F8_m8f4_P8_Y12_UO245,RD8_F4_m8f4_P8_Y10_UO570,RD4_F8_m4f8_P4_Y10_UO132,FXX,1,0.0,0,0,0.0,0,0,0,-9999.0,0.53515625,1,P5_CV0,1,1,1,1,1
4,2.046486340378425,9.289064495259955,RD4_F8_m4f7_P4_Y11_UO290,RD4_F7_m3f7_P3_Y9_UO352,RD7_F4_m8f4_P8_Y9_UO384,FXX,2,0.0,1,0,1.0,0,0,0,-9999.0,0.484375,1,P5_CV0,1,1,1,2,0
4,2.046486340378425,9.289064495259955,RD4_F7_m4f7_P4_Y11_UO293,RD4_F7_m3f7_P3_Y9_UO352,RD7_F4_m8f4_P8_Y9_UO384,MXY,2,0.0,1,0,0.0,0,0,0,-9999.0,0.484375,1,P5_CV0,1,1,1,2,0
4,2.046486340378425,9.289064495259955,RD4_F8_m8f4_P8_Y10_UO570,RD8_F4_m8f4_P8_Y8_UO290,RD4_F8_m4f8_P4_Y8_UO358,FXX,3,0.0,1,0,1.0,0,0,0,-9999.0,0.5234375,1,P5_CV0,1,1,1,1,1
4,2.046486340378425,9.289064495259955,RD4_F8_m8f4_P8_Y12_UO12,RD8_F4_m7f4_P7_Y10_UO592,RD4_F7_m3f2_P3_Y10_UO607,MXY,1,0.0,0,0,0.0,0,0,0,-9999.0,0.5234375,1,P6_CV0,1,1,1,2,0
4,2.046486340378425,9.289064495259955,RD4_F8_m8f4_P8_Y12_UO15,RD8_F4_m7f4_P7_Y10_UO592,RD4_F7_m3f2_P3_Y10_UO607,FXX,1,0.0,0,0,0.0,0,0,0,-9999.0,0.5234375,1,P6_CV0,1,0,2,2,0
4,2.046486340378425,9.289064495259955,RD4_F8_m8f4_P8_Y12_UO16,RD8_F4_m7f4_P7_Y10_UO592,RD4_F7_m3f2_P3_Y10_UO607,FXX,1,0.0,0,0,0.0,0,0,0,-9999.0,0.5234375,1,P6_CV0,1,0,2,2,0
4,2.046486340378425,9.289064495259955,RD4_F8_m4f7_P4_Y11_UO291,RD4_F7_m3f7_P3_Y9_UO352,RD7_F4_m8f4_P8_Y9_UO384,MXY,2,0.0,1,0,0.0,0,0,0,-9999.0,0.484375,1,P6_CV0,1,1,1,1,1
4,2.046486340378425,9.289064495259955,RD4_F8_m8f4_P8_Y12_UO242,RD8_F4_m8f4_P8_Y10_UO570,RD4_F8_m4f8_P4_Y10_UO132,MXY,1,0.0,0,0,0.0,0,0,0,-9999.0,0.53515625,1,P7_CV0,1,0,2,1,1
4,2.046486340378425,9.289064495259955,RD4_F8_m8f4_P8_Y12_UO243,RD8_F4_m8f4_P8_Y10_UO570,RD4_F8_m4f8_P4_Y10_UO132,FXX,1,0.0,0,0,0.0,0,0,0,-9999.0,0.53515625,1,P7_CV0,1,1,1,2,0
4,2.046486340378425,9.289064495259955,RD4_F8_m8f4_P8_Y12_UO200,RD8_F4_m8f4_P8_Y10_UO531,RD4_F8_m4f8_P4_Y10_UO396,MXY,1,0.0,0,0,0.0,0,0,0,-9999.0,0.578125,1,P8_CV0,1,1,1,1,1
4,2.046486340378425,9.289064495259955,RD4_F7_m7f4_P7_Y12_UO62,RD7_F3_m2f9_P2_Y10_UO69,RD4_F8_m4f8_P4_Y10_UO399,FXX,1,0.0,0,0,0.0,0,0,0,-9999.0,0.578125,1,P8_CV0,1,0,2,2,0
4,2.046486340378425,9.289064495259955,RD4_F8_m8f4_P8_Y12_UO205,RD8_F4_m8f4_P8_Y10_UO531,RD4_F8_m4f8_P4_Y10_UO396,FXX,1,0.0,0,0,0.0,0,0,0,-9999.0,0.578125,1,P8_CV0,1,2,0,1,1
4,2.046486340378425,9.289064495259955,RD4_F8_m8f4_P8_Y12_UO574,RD8_F4_m8f4_P8_Y10_UO525,RD4_F8_m4f8_P4_Y10_UO399,MXY,1,0.0,0,0,0.0,0,0,0,-9999.0,0.578125,1,P8_CV0,1,0,2,1,1
4,2.046486340378425,9.289064495259955,RD4_F7_m7f4_P7_Y12_UO65,RD7_F3_m2f9_P2_Y10_UO69,RD4_F8_m4f8_P4_Y10_UO399,FXX,1,0.0,0,0,0.0,0,0,0,-9999.0,0.578125,1,P8_CV0,1,1,1,2,0
4,2.046486340378425,9.289064495259955,RD4_F8_m7f3_P7_Y10_UO615,RD7_F4_m7f4_P7_Y8_UO61,RD3_F7_m3f7_P3_Y8_UO432,MXY,3,0.0,1,0,0.0,0,0,0,-9999.0,0.625,1,P8_CV0,1,2,0,1,1
5,2.9965467367452314,4.002409126542999,RD5_F1_m1f5_P1_Y12_UO138,RD1_F5_m1f5_P1_Y10_UO538,RD5_F1_m5f1_P5_Y10_UO547,FXX,1,0.0,0,0,0.0,0,0,0,-9999.0,0.45703125,1,P0_CV0,1,2,0,1,1
5,2.9965467367452314,4.002409126542999,RD5_F1_m1f5_P1_Y12_UO192,RD1_F5_m1f5_P1_Y10_UO538,RD5_F1_m5f1_P5_Y10_UO547,FXX,1,0.0,0,0,0.0,0,0,0,-9999.0,0.45703125,1,P0_CV0,1,1,1,1,1
5,2.9965467367452314,4.002409126542999,RD5_F1_m1f5_P1_Y12_UO133,RD1_F5_m1f5_P1_Y10_UO538,RD5_F1_m5f1_P5_Y10_UO547,FXX,1,0.0,0,0,0.0,0,0,0,-9999.0,0.45703125,1,P0_CV0,1,2,0,1,1
5,2.9965467367452314,4.002409126542999,RD5_F1_m1f5_P1_Y12_UO135,RD1_F5_m1f5_P1_Y10_UO538,RD5_F1_m5f1_P5_Y10_UO547,FXX,1,0.0,0,0,0.0,0,0,0,-9999.0,0.45703125,1,P0_CV0,1,1,1,2,0
5,2.9965467367452314,4.002409126542999,RD5_F1_m1f5_P1_Y12_UO136,RD1_F5_m1f5_P1_Y10_UO538,RD5_F1_m5f1_P5_Y10_UO547,FXX,1,0.0,0,0,0.0,0,0,0,-9999.0,0.45703125,1,P0_CV0,1,1,1,1,1
5,2.9965467367452314,4.002409126542999,RD5_F1_m1f5_P1_Y12_UO141,RD1_F5_m1f5_P1_Y10_UO538,RD5_F1_m5f1_P5_Y10_UO547,MXY,1,0.0,0,0,0.0,0,0,0,-9999.0,0.45703125,1,P0_CV0,1,2,0,2,0
5,2.9965467367452314,4.002409126542999,RD5_F3_m3f5_P3_Y12_UO72,RD3_F6_m9f6_P9_Y10_UO363,RD5_F1_m5f1_P5_Y10_UO238,MXY,1,0.0,0,0,0.0,0,0,0,-9999.0,0.484375,1,P1_CV0,1,1,1,1,1
5,2.9965467367452314,4.002409126542999,RD5_F3_m3f5_P3_Y12_UO650,RD3_F6_m9f6_P9_Y10_UO356,RD5_F3_m2f6_P2_Y10_UO680,MXY,1,0.0,0,0,0.0,0,0,0,-9999.0,0.52734375,1,P1_CV0,1,0,2,2,0
5,2.9965467367452314,4.002409126542999,RD5_F2_m2f6_P2_Y12_UO509,RD2_F9_m2f3_P2_Y10_UO460,RD6_F3_m7f4_P7_Y10_UO484,MXY,1,0.0,0,0,0.0,0,0,0,-9999.0,0.515625,1,P1_CV0,1,2,0,1,1
5,2.9965467367452314,4.002409126542999,RD5_F1_m1f5_P1_Y12_UO678,RD1_F5_m1f5_P1_Y10_UO371,RD5_F2_m9f6_P9_Y10_UO89,MXY,1,0.0,0,0,0.0,0,0,0,-9999.0,0.46875,1,P1_CV0,1,1,1,0,2
5,2.9965467367452314,4.002409126542999,RD5_F3_m3f7_P3_Y12_UO175,RD3_F6_m2f3_P2_Y10_UO458,RD7_F4_m7f4_P7_Y10_UO226,FXX,1,0.0,0,0,0.0,0,0,0,-9999.0,0.53515625,1,P1_CV0,1,1,1,2,0
5,2.9965467367452314,4.002409126542999,RD5_F2_m5f1_P5_Y11_UO136,RD5_F1_m5f3_P5_Y9_UO405,RD1_F5_m1f5_P1_Y9_UO30,FXX,2,0.0,1,0,1.0,0,0,0,-9999.0,0.4453125,1,P1_CV0,1,1,1,2,0
5,2.9965467367452314,4.002409126542999,RD5_F1_m5f3_P5_Y11_UO360,RD5_F1_m5f3_P5_Y9_UO99,RD3_F5_m1f5_P1_Y9_UO86,MXY,2,0.0,1,0,0.0,0,0,0,-9999.0,0.4765625,1,P1_CV0,1,0,2,0,2
5,2.9965467367452314,4.002409126542999,RD5_F2_m5f3_P5_Y11_UO81,RD5_F1_m5f3_P5_Y9_UO410,RD3_F5_m5f2_P5_Y8_UO294,FXX,2,0.0,1,0,1.0,0,0,0,-9999.0,0.515625,1,P1_CV0,1,1,1,0,2
5,2.9965467367452314,4.002409126542999,RD5_F1_m5f3_P5_Y11_UO95,RD5_F1_m5f3_P5_Y9_UO410,RD3_F7_m8f4_P8_Y8_UO288,MXY,2,0.0,1,0,0.0,0,0,0,-9999.0,0.4921875,1,P1_CV0,1,1,1,1,1
5,2.9965467367452314,4.002409126542999,RD5_F1_m5f2_P5_Y11_UO347,RD5_F1_m5f2_P5_Y9_UO478,RD2_F9_m6f3_P6_Y9_UO109,MXY,2,0.0,1,0,0.0,0,0,0,-9999.0,0.4453125,1,P1_CV0,1,0,2,1,1
5,2.9965467367452314,4.002409126542999,RD5_F2_m2f6_P2_Y12_UO493,RD2_F3_m7f4_P7_Y10_UO218,RD6_F9_m6f9_P6_Y10_UO559,MXY,1,0.0,0,0,0.0,0,0,0,-9999.0,0.50390625,1,P2_CV0,1,2,0,1,1
5,2.9965467367452314,4.002409126542999,RD5_F3_m3f6_P3_Y12_UO615,RD3_F7_m4f8_P4_Y10_UO515,RD6_F9_m6f9_P6_Y10_UO19,FXX,1,0.0,0,0,0.0,0,0,0,-9999.0,0.5234375,1,P2_CV0,1,1,1,0,2
5,2.9965467367452314,4.002409126542999,RD5_F2_m2f6_P2_Y12_UO492,RD2_F3_m7f4_P7_Y10_UO218,RD6_F9_m6f9_P6_Y10_UO559,FXX,1,0.0,0,0,0.0,0,0,0,-9999.0,0.50390625,1,P2_CV0,1,2,0,1,1
5,2.9965467367452314,4.002409126542999,RD5_F1_m5f3_P5_Y11_UO358,RD5_F1_m5f3_P5_Y9_UO99,RD3_F5_m1f5_P1_Y9_UO86,MXY,2,0.0,1,0,0.0,0,0,0,-9999.0,0.4765625,1,P2_CV0,1,0,2,2,0
5,2.9965467367452314,4.002409126542999,RD5_F2_m2f5_P2_Y12_UO487,RD2_F9_m6f9_P6_Y10_UO258,RD5_F1_m5f3_P5_Y10_UO656,FXX,1,0.0,0,0,0.0,0,0,0,-9999.0,0.484375,1,P3_CV0,1,1,1,2,0
5,2.9965467367452314,4.002409126542999,RD5_F2_m2f5_P2_Y12_UO514,RD2_F3_m7f4_P7_Y10_UO218,RD5_F1_m5f3_P5_Y10_UO656,MXY,1,0.0,0,0,0.0,0,0,0,-9999.0,0.5,1,P3_CV0,1,2,0,1,1
5,2.9965467367452314,4.002409126542999,RD5_F1_m1f5_P1_Y12_UO444,RD1_F5_m1f5_P1_Y10_UO332,RD5_F1_m5f2_P5_Y8_UO297,FXX,1,0.0,0,0,0.0,0,0,0,-9999.0,0.515625,1,P3_CV0,1,1,1,0,2
5,2.9965467367452314,4.002409126542999,RD5_F2_m2f6_P2_Y12_UO500,RD2_F9_m2f3_P2_Y10_UO460,RD6_F3_m7f4_P7_Y10_UO484,FXX,1,0.0,0,0,0.0,0,0,0,-9999.0,0.515625,1,P3_CV0,1,1,1,1,1
5,2.9965467367452314,4.002409126542999,RD5_F2_m2f5_P2_Y12_UO513,RD2_F3_m7f4_P7_Y10_UO218,RD5_F1_m5f3_P5_Y10_UO656,MXY,1,0.0,0,0,0.0,0,0,0,-9999.0,0.5,1,P3_CV0,1,2,0,1,1
5,2.9965467367452314,4.002409126542999,RD5_F2_m2f5_P2_Y12_UO511,RD2_F3_m7f4_P7_Y10_UO218,RD5_F1_m5f3_P5_Y10_UO656,MXY,1,0.0,0,0,0.0,0,0,0,-9999.0,0.5,1,P3_CV0,1,2,0,1,1
5,2.9965467367452314,4.002409126542999,RD5_F1_m1f5_P1_Y12_UO447,RD1_F5_m1f5_P1_Y10_UO332,RD5_F1_m5f2_P5_Y8_UO297,MXY,1,0.0,0,0,0.0,0,0,0,-9999.0,0.515625,1,P3_CV0,1,2,0,0,2
5,2.9965467367452314,4.002409126542999,RD5_F1_m1f5_P1_Y12_UO442,RD1_F5_m1f5_P1_Y10_UO332,RD5_F1_m5f2_P5_Y8_UO297,MXY,1,0.0,0,0,0.0,0,0,0,-9999.0,0.515625,1,P3_CV0,1,2,0,0,2
5,2.9965467367452314,4.002409126542999,RD5_F1_m1f5_P1_Y12_UO446,RD1_F5_m1f5_P1_Y10_UO332,RD5_F1_m5f2_P5_Y8_UO297,MXY,1,0.0,0,0,0.0,0,0,0,-9999.0,0.515625,1,P3_CV0,1,1,1,1,1
5,2.9965467367452314,4.002409126542999,RD5_F1_m1f5_P1_Y12_UO441,RD1_F5_m1f5_P1_Y10_UO332,RD5_F1_m5f2_P5_Y8_UO297,FXX,1,0.0,0,0,0.0,0,0,0,-9999.0,0.515625,1,P3_CV0,1,1,1,1,1
5,2.9965467367452314,4.002409126542999,RD5_F2_m2f6_P2_Y12_UO505,RD2_F9_m2f3_P2_Y10_UO460,RD6_F3_m7f4_P7_Y10_UO484,FXX,1,0.0,0,0,0.0,0,0,0,-9999.0,0.515625,1,P3_CV0,1,1,1,2,0
5,2.9965467367452314,4.002409126542999,RD5_F3_m2f9_P2_Y11_UO487,RD2_F6_m2f6_P2_Y9_UO396,RD9_F2_m6f2_P6_Y8_UO435,FXX,2,0.0,1,0,1.0,0,0,0,-9999.0,0.609375,1,P3_CV0,1,2,0,0,2
5,2.9965467367452314,4.002409126542999,RD5_F1_m2f3_P2_Y10_UO668,RD2_F3_m7f3_P7_Y8_UO2,RD3_F2_m6f2_P6_Y8_UO192,FXX,3,0.0,1,0,1.0,0,0,0,-9999.0,0.5703125,1,P3_CV0,1,2,0,1,1
5,2.9965467367452314,4.002409126542999,RD5_F3_m3f2_P3_Y12_UO199,RD3_F7_m3f5_P3_Y10_UO553,RD2_F9_m6f3_P6_Y10_UO385,MXY,1,0.0,0,0,0.0,0,0,0,-9999.0,0.48046875,1,P4_CV0,1,1,1,0,2
5,2.9965467367452314,4.002409126542999,RD5_F1_m1f5_P1_Y12_UO229,RD1_F5_m1f5_P1_Y10_UO368,RD5_F3_m2f3_P2_Y10_UO462,MXY,1,0.0,0,0,0.0,0,0,0,-9999.0,0.46875,1,P4_CV0,1,1,1,1,1
5,2.9965467367452314,4.002409126542999,RD5_F1_m1f5_P1_Y12_UO221,RD1_F5_m1f5_P1_Y10_UO368,RD5_F3_m2f3_P2_Y10_UO462,FXX,1,0.0,0,0,0.0,0,0,0,-9999.0,0.46875,1,P4_CV0,1,0,2,2,0
5,2.9965467367452314,4.002409126542999,RD5_F2_m2f6_P2_Y12_UO398,RD2_F3_m6f2_P6_Y10_UO43,RD6_F9_m6f9_P6_Y10_UO259,MXY,1,0.0,0,0,0.0,0,0,0,-9999.0,0.48828125,1,P4_CV0,1,1,1,1,1
5,2.9965467367452314,4.002409126542999,RD5_F1_m1f5_P1_Y12_UO431,RD1_F5_m1f5_P1_Y10_UO332,RD5_F1_m5f2_P5_Y10_UO278,FXX,1,0.0,0,0,0.0,0,0,0,-9999.0,0.48828125,1,P4_CV0,1,1,1,0,2
5,2.9965467367452314,4.002409126542999,RD5_F3_m3f5_P3_Y12_UO656,RD3_F6_m9f6_P9_Y10_UO356,RD5_F3_m2f6_P2_Y10_UO680,MXY,1,0.0,0,0,0.0,0,0,0,-9999.0,0.52734375,1,P4_CV0,1,1,1,1,1
5,2.9965467367452314,4.002409126542999,RD5_F2_m2f9_P2_Y12_UO96,RD2_F9_m6f9_P6_Y10_UO258,RD9_F2_m9f6_P9_Y9_UO38,MXY,1,0.0,0,0,0.0,0,0,0,-9999.0,0.46484375,1,P4_CV0,1,1,1,1,1
5,2.9965467367452314,4.002409126542999,RD5_F1_m1f5_P1_Y12_UO220,RD1_F5_m1f5_P1_Y10_UO368,RD5_F3_m2f3_P2_Y10_UO462,MXY,1,0.0,0,0,0.0,0,0,0,-9999.0,0.46875,1,P4_CV0,1,1,1,1,1
5,2.9965467367452314,4.002409126542999,RD5_F1_m5f3_P5_Y11_UO285,RD5_F3_m7f4_P7_Y9_UO319,RD3_F7_m8f4_P8_Y8_UO288,FXX,2,0.0,1,0,1.0,0,0,0,-9999.0,0.46875,1,P4_CV0,1,0,2,1,1
5,2.9965467367452314,4.002409126542999,RD5_F1_m5f3_P5_Y11_UO284,RD5_F3_m7f4_P7_Y9_UO319,RD3_F7_m8f4_P8_Y8_UO288,MXY,2,0.0,1,0,0.0,0,0,0,-9999.0,0.46875,1,P4_CV0,1,1,1,0,2
5,2.9965467367452314,4.002409126542999,RD5_F1_m5f2_P5_Y11_UO344,RD5_F1_m5f2_P5_Y9_UO362,RD2_F3_m6f3_P6_Y9_UO426,MXY,2,0.0,1,0,0.0,0,0,0,-9999.0,0.4921875,1,P4_CV0,1,1,1,1,1
5,2.9965467367452314,4.002409126542999,RD5_F1_m5f1_P5_Y11_UO133,RD5_F1_m5f2_P5_Y9_UO7,RD1_F5_m2f6_P2_Y9_UO400,FXX,2,0.0,1,0,1.0,0,0,0,-9999.0,0.5078125,1,P4_CV0,1,0,2,2,0
5,2.9965467367452314,4.002409126542999,RD5_F3_m4f8_P4_Y10_UO515,RD4_F8_m4f7_P4_Y8_UO145,RD8_F4_m8f4_P8_Y8_UO559,FXX,3,0.0,1,0,1.0,0,0,0,-9999.0,0.5859375,1,P4_CV0,1,1,1,1,1
5,2.9965467367452314,4.002409126542999,RD5_F1_m1f5_P1_Y12_UO20,RD1_F5_m3f5_P3_Y10_UO109,RD5_F1_m5f3_P5_Y10_UO499,MXY,1,0.0,0,0,0.0,0,0,0,-9999.0,0.5390625,1,P5_CV0,1,0,2,1,1
5,2.9965467367452314,4.002409126542999,RD5_F1_m1f5_P1_Y12_UO194,RD1_F5_m1f5_P1_Y10_UO538,RD5_F1_m5f1_P5_Y10_UO547,FXX,1,0.0,0,0,0.0,0,0,0,-9999.0,0.45703125,1,P5_CV0,1,2,0,1,1
5,2.9965467367452314,4.002409126542999,RD5_F1_m1f5_P1_Y12_UO195,RD1_F5_m1f5_P1_Y10_UO538,RD5_F1_m5f1_P5_Y10_UO547,FXX,1,0.0,0,0,0.0,0,0,0,-9999.0,0.45703125,1,P5_CV0,1,1,1,1,1
5,2.9965467367452314,4.002409126542999,RD5_F1_m1f5_P1_Y12_UO230,RD1_F5_m1f5_P1_Y10_UO368,RD5_F3_m2f3_P2_Y10_UO462,MXY,1,0.0,0,0,0.0,0,0,0,-9999.0,0.46875,1,P5_CV0,1,0,2,2,0
5,2.9965467367452314,4.002409126542999,RD5_F1_m1f5_P1_Y12_UO226,RD1_F5_m1f5_P1_Y10_UO368,RD5_F3_m2f3_P2_Y10_UO462,FXX,1,0.0,0,0,0.0,0,0,0,-9999.0,0.46875,1,P5_CV0,1,1,1,0,2
5,2.9965467367452314,4.002409126542999,RD5_F1_m1f5_P1_Y12_UO139,RD1_F5_m1f5_P1_Y10_UO538,RD5_F1_m5f1_P5_Y10_UO547,FXX,1,0.0,0,0,0.0,0,0,0,-9999.0,0.45703125,1,P5_CV0,1,2,0,1,1
5,2.9965467367452314,4.002409126542999,RD5_F1_m1f5_P1_Y12_UO189,RD1_F5_m1f5_P1_Y10_UO538,RD5_F1_m5f1_P5_Y10_UO547,FXX,1,0.0,0,0,0.0,0,0,0,-9999.0,0.45703125,1,P5_CV0,1,1,1,2,0
5,2.9965467367452314,4.002409126542999,RD5_F1_m1f5_P1_Y12_UO222,RD1_F5_m1f5_P1_Y10_UO368,RD5_F3_m2f3_P2_Y10_UO462,MXY,1,0.0,0,0,0.0,0,0,0,-9999.0,0.46875,1,P5_CV0,1,1,1,2,0
5,2.9965467367452314,4.002409126542999,RD5_F1_m1f5_P1_Y12_UO28,RD1_F5_m3f5_P3_Y10_UO109,RD5_F1_m5f3_P5_Y10_UO499,MXY,1,0.0,0,0,0.0,0,0,0,-9999.0,0.5390625,1,P5_CV0,1,0,2,1,1
5,2.9965467367452314,4.002409126542999,RD5_F1_m1f5_P1_Y12_UO675,RD1_F5_m1f5_P1_Y10_UO371,RD5_F2_m9f6_P9_Y10_UO89,FXX,1,0.0,0,0,0.0,0,0,0,-9999.0,0.46875,1,P5_CV0,1,0,2,1,1
5,2.9965467367452314,4.002409126542999,RD5_F1_m1f5_P1_Y12_UO26,RD1_F5_m3f5_P3_Y10_UO109,RD5_F1_m5f3_P5_Y10_UO499,MXY,1,0.0,0,0,0.0,0,0,0,-9999.0,0.5390625,1,P5_CV0,1,0,2,1,1
5,2.9965467367452314,4.002409126542999,RD5_F3_m3f5_P3_Y12_UO124,RD3_F2_m5f3_P5_Y10_UO517,RD5_F3_m5f1_P5_Y10_UO289,MXY,1,0.0,0,0,0.0,0,0,0,-9999.0,0.47265625,1,P5_CV0,1,1,1,0,2
5,2.9965467367452314,4.002409126542999,RD5_F1_m1f5_P1_Y12_UO27,RD1_F5_m3f5_P3_Y10_UO109,RD5_F1_m5f3_P5_Y10_UO499,FXX,1,0.0,0,0,0.0,0,0,0,-9999.0,0.5390625,1,P5_CV0,1,0,2,1,1
5,2.9965467367452314,4.002409126542999,RD5_F1_m1f5_P1_Y12_UO23,RD1_F5_m3f5_P3_Y10_UO109,RD5_F1_m5f3_P5_Y10_UO499,FXX,1,0.0,0,0,0.0,0,0,0,-9999.0,0.5390625,1,P5_CV0,1,0,2,1,1
5,2.9965467367452314,4.002409126542999,RD5_F3_m3f2_P3_Y12_UO645,RD3_F2_m5f3_P5_Y10_UO517,RD2_F9_m6f9_P6_Y10_UO14,MXY,1,0.0,0,0,0.0,0,0,0,-9999.0,0.46875,1,P5_CV0,1,1,1,0,2
5,2.9965467367452314,4.002409126542999,RD5_F1_m1f5_P1_Y12_UO676,RD1_F5_m1f5_P1_Y10_UO371,RD5_F2_m9f6_P9_Y10_UO89,MXY,1,0.0,0,0,0.0,0,0,0,-9999.0,0.46875,1,P5_CV0,1,0,2,1,1
5,2.9965467367452314,4.002409126542999,RD5_F1_m1f5_P1_Y12_UO225,RD1_F5_m1f5_P1_Y10_UO368,RD5_F3_m2f3_P2_Y10_UO462,FXX,1,0.0,0,0,0.0,0,0,0,-9999.0,0.46875,1,P5_CV0,1,0,2,2,0
5,2.9965467367452314,4.002409126542999,RD5_F1_m1f5_P1_Y12_UO22,RD1_F5_m3f5_P3_Y10_UO109,RD5_F1_m5f3_P5_Y10_UO499,FXX,1,0.0,0,0,0.0,0,0,0,-9999.0,0.5390625,1,P5_CV0,1,0,2,1,1
5,2.9965467367452314,4.002409126542999,RD5_F2_m2f5_P2_Y12_UO210,RD2_F9_m6f9_P6_Y10_UO258,RD5_F1_m5f1_P5_Y10_UO549,MXY,1,0.0,0,0,0.0,0,0,0,-9999.0,0.453125,1,P5_CV0,1,2,0,2,0
5,2.9965467367452314,4.002409126542999,RD5_F1_m1f5_P1_Y12_UO187,RD1_F5_m1f5_P1_Y10_UO538,RD5_F1_m5f1_P5_Y10_UO547,FXX,1,0.0,0,0,0.0,0,0,0,-9999.0,0.45703125,1,P5_CV0,1,2,0,2,0
5,2.9965467367452314,4.002409126542999,RD5_F1_m1f5_P1_Y12_UO674,RD1_F5_m1f5_P1_Y10_UO371,RD5_F2_m9f6_P9_Y10_UO89,MXY,1,0.0,0,0,0.0,0,0,0,-9999.0,0.46875,1,P5_CV0,1,0,2,0,2
5,2.9965467367452314,4.002409126542999,RD5_F2_m2f3_P2_Y12_UO372,RD2_F3_m7f4_P7_Y10_UO215,RD3_F5_m1f5_P1_Y10_UO647,MXY,1,0.0,0,0,0.0,0,0,0,-9999.0,0.46484375,1,P5_CV0,1,2,0,0,2
5,2.9965467367452314,4.002409126542999,RD5_F1_m5f2_P5_Y11_UO117,RD5_F1_m5f3_P5_Y9_UO410,RD2_F3_m9f2_P9_Y8_UO421,FXX,2,0.0,1,0,1.0,0,0,0,-9999.0,0.5390625,1,P5_CV0,1,0,2,0,2
5,2.9965467367452314,4.002409126542999,RD5_F1_m5f3_P5_Y11_UO106,RD5_F1_m5f2_P5_Y9_UO361,RD3_F2_m2f9_P2_Y8_UO636,MXY,2,0.0,1,0,0.0,0,0,0,-9999.0,0.53125,1,P5_CV0,1,0,2,2,0
5,2.9965467367452314,4.002409126542999,RD5_F1_m1f5_P1_Y10_UO649,RD1_F5_m1f5_P1_Y8_UO537,RD5_F1_m5f3_P5_Y8_UO220,FXX,3,0.0,1,0,1.0,0,0,0,-9999.0,0.4375,1,P5_CV0,1,1,1,0,2
5,2.9965467367452314,4.002409126542999,RD5_F1_m3f5_P3_Y10_UO109,RD3_F6_m3f5_P3_Y8_UO623,RD5_F3_m6f2_P6_Y8_UO213,FXX,3,0.0,1,0,1.0,0,0,0,-9999.0,0.515625,1,P5_CV0,1,0,2,2,0
5,2.9965467367452314,4.002409126542999,RD5_F1_m1f5_P1_Y10_UO371,RD1_F5_m1f5_P1_Y8_UO537,RD5_F1_m5f3_P5_Y8_UO220,FXX,3,0.0,1,0,1.0,0,0,0,-9999.0,0.4375,1,P5_CV0,1,1,1,0,2
5,2.9965467367452314,4.002409126542999,RD5_F2_m2f3_P2_Y12_UO377,RD2_F3_m7f4_P7_Y10_UO215,RD3_F5_m1f5_P1_Y10_UO647,MXY,1,0.0,0,0,0.0,0,0,0,-9999.0,0.46484375,1,P6_CV0,1,1,1,0,2
5,2.9965467367452314,4.002409126542999,RD5_F2_m2f9_P2_Y12_UO146,RD2_F3_m2f5_P2_Y10_UO584,RD9_F6_m5f1_P5_Y9_UO358,MXY,1,0.0,0,0,0.0,0,0,0,-9999.0,0.515625,1,P6_CV0,1,2,0,1,1
5,2.9965467367452314,4.002409126542999,RD5_F2_m2f3_P2_Y12_UO373,RD2_F3_m7f4_P7_Y10_UO215,RD3_F5_m1f5_P1_Y10_UO647,MXY,1,0.0,0,0,0.0,0,0,0,-9999.0,0.46484375,1,P6_CV0,1,2,0,0,2
5,2.9965467367452314,4.002409126542999,RD5_F1_m1f5_P1_Y10_UO643,RD1_F5_m1f5_P1_Y8_UO537,RD5_F1_m5f3_P5_Y8_UO220,MXY,3,0.0,1,0,0.0,0,0,0,-9999.0,0.4375,1,P6_CV0,1,2,0,0,2
5,2.9965467367452314,4.002409126542999,RD5_F3_m3f7_P3_Y12_UO93,RD3_F7_m4f8_P4_Y10_UO135,RD7_F3_m5f3_P5_Y10_UO657,FXX,1,0.0,0,0,0.0,0,0,0,-9999.0,0.52734375,1,P7_CV0,1,0,2,0,2
5,2.9965467367452314,4.002409126542999,RD5_F2_m5f1_P5_Y11_UO135,RD5_F1_m5f2_P5_Y9_UO7,RD1_F5_m2f6_P2_Y9_UO400,FXX,2,0.0,1,0,1.0,0,0,0,-9999.0,0.5078125,1,P7_CV0,1,1,1,2,0
5,2.9965467367452314,4.002409126542999,RD5_F1_m1f5_P1_Y12_UO435,RD1_F5_m1f5_P1_Y10_UO332,RD5_F1_m5f2_P5_Y10_UO278,FXX,1,0.0,0,0,0.0,0,0,0,-9999.0,0.48828125,1,P8_CV0,1,2,0,1,1
5,2.9965467367452314,4.002409126542999,RD5_F3_m3f2_P3_Y12_UO351,RD3_F2_m9f6_P9_Y10_UO79,RD2_F3_m7f4_P7_Y10_UO587,MXY,1,0.0,0,0,0.0,0,0,0,-9999.0,0.51953125,1,P8_CV0,1,1,1,2,0
5,2.9965467367452314,4.002409126542999,RD5_F1_m1f5_P1_Y12_UO443,RD1_F5_m1f5_P1_Y10_UO332,RD5_F1_m5f2_P5_Y8_UO297,FXX,1,0.0,0,0,0.0,0,0,0,-9999.0,0.515625,1,P8_CV0,1,1,1,1,1
5,2.9965467367452314,4.002409126542999,RD5_F1_m1f5_P1_Y12_UO430,RD1_F5_m1f5_P1_Y10_UO332,RD5_F1_m5f2_P5_Y10_UO278,MXY,1,0.0,0,0,0.0,0,0,0,-9999.0,0.48828125,1,P8_CV0,1,1,1,1,1
5,2.9965467367452314,4.002409126542999,RD5_F1_m1f5_P1_Y12_UO428,RD1_F5_m1f5_P1_Y10_UO332,RD5_F1_m5f2_P5_Y10_UO278,MXY,1,0.0,0,0,0.0,0,0,0,-9999.0,0.48828125,1,P8_CV0,1,2,0,0,2
5,2.9965467367452314,4.002409126542999,RD5_F1_m1f5_P1_Y12_UO432,RD1_F5_m1f5_P1_Y10_UO332,RD5_F1_m5f2_P5_Y10_UO278,MXY,1,0.0,0,0,0.0,0,0,0,-9999.0,0.48828125,1,P8_CV0,1,2,0,0,2
5,2.9965467367452314,4.002409126542999,RD5_F1_m1f5_P1_Y12_UO448,RD1_F5_m1f5_P1_Y10_UO332,RD5_F1_m5f2_P5_Y8_UO297,MXY,1,0.0,0,0,0.0,0,0,0,-9999.0,0.515625,1,P8_CV0,1,1,1,1,1
5,2.9965467367452314,4.002409126542999,RD5_F1_m1f5_P1_Y12_UO248,RD1_F5_m2f9_P2_Y10_UO423,RD5_F3_m7f4_P7_Y10_UO456,FXX,1,0.0,0,0,0.0,0,0,0,-9999.0,0.51171875,1,P8_CV0,1,1,1,1,1
5,2.9965467367452314,4.002409126542999,RD5_F1_m1f5_P1_Y12_UO433,RD1_F5_m1f5_P1_Y10_UO332,RD5_F1_m5f2_P5_Y10_UO278,FXX,1,0.0,0,0,0.0,0,0,0,-9999.0,0.48828125,1,P8_CV0,1,2,0,1,1
5,2.9965467367452314,4.002409126542999,RD5_F1_m1f5_P1_Y12_UO249,RD1_F5_m2f9_P2_Y10_UO423,RD5_F3_m7f4_P7_Y10_UO456,MXY,1,0.0,0,0,0.0,0,0,0,-9999.0,0.51171875,1,P8_CV0,1,1,1,1,1
5,2.9965467367452314,4.002409126542999,RD5_F1_m1f5_P1_Y12_UO247,RD1_F5_m2f9_P2_Y10_UO423,RD5_F3_m7f4_P7_Y10_UO456,MXY,1,0.0,0,0,0.0,0,0,0,-9999.0,0.51171875,1,P8_CV0,1,2,0,2,0
5,2.9965467367452314,4.002409126542999,RD5_F1_m1f5_P1_Y12_UO434,RD1_F5_m1f5_P1_Y10_UO332,RD5_F1_m5f2_P5_Y10_UO278,FXX,1,0.0,0,0,0.0,0,0,0,-9999.0,0.48828125,1,P8_CV0,1,1,1,0,2
5,2.9965467367452314,4.002409126542999,RD5_F2_m6f2_P6_Y11_UO190,RD6_F9_m2f5_P2_Y9_UO68,RD2_F9_m2f3_P2_Y8_UO505,FXX,2,0.0,1,0,1.0,0,0,0,-9999.0,0.46875,1,P8_CV0,1,0,2,0,2
5,2.9965467367452314,4.002409126542999,RD5_F1_m5f3_P5_Y11_UO105,RD5_F1_m5f2_P5_Y9_UO361,RD3_F2_m2f9_P2_Y8_UO636,FXX,2,0.0,1,0,1.0,0,0,0,-9999.0,0.53125,1,P8_CV0,1,0,2,2,0
5,2.9965467367452314,4.002409126542999,RD5_F1_m5f2_P5_Y11_UO346,RD5_F1_m5f2_P5_Y9_UO362,RD2_F3_m6f3_P6_Y9_UO426,FXX,2,0.0,1,0,1.0,0,0,0,-9999.0,0.4921875,1,P8_CV0,1,1,1,1,1
6,6.211338327692949,7.937131414155586,RD6_F9_m9f6_P9_Y12_UO75,RD9_F6_m3f5_P3_Y10_UO282,RD6_F9_m9f2_P9_Y8_UO229,MXY,1,0.0,0,0,0.0,0,0,0,-9999.0,0.45703125,1,P0_CV0,1,1,1,1,1
6,6.211338327692949,7.937131414155586,RD6_F9_m9f6_P9_Y12_UO79,RD9_F6_m3f5_P3_Y10_UO282,RD6_F9_m9f2_P9_Y8_UO229,FXX,1,0.0,0,0,0.0,0,0,0,-9999.0,0.45703125,1,P0_CV0,1,1,1,1,1
6,6.211338327692949,7.937131414155586,RD6_F9_m9f6_P9_Y12_UO81,RD9_F6_m3f5_P3_Y10_UO282,RD6_F9_m9f2_P9_Y8_UO229,FXX,1,0.0,0,0,0.0,0,0,0,-9999.0,0.45703125,1,P0_CV0,1,2,0,2,0
6,6.211338327692949,7.937131414155586,RD6_F9_m9f6_P9_Y12_UO267,RD9_F6_m3f7_P3_Y10_UO444,RD6_F3_m7f4_P7_Y10_UO484,MXY,1,0.0,0,0,0.0,0,0,0,-9999.0,0.49609375,1,P0_CV0,1,0,2,1,1
6,6.211338327692949,7.937131414155586,RD6_F9_m9f6_P9_Y12_UO335,RD9_F6_m2f3_P2_Y10_UO244,RD6_F9_m2f3_P2_Y10_UO120,MXY,1,0.0,0,0,0.0,0,0,0,-9999.0,0.52734375,1,P0_CV0,1,1,1,2,0
6,6.211338327692949,7.937131414155586,RD6_F9_m3f7_P3_Y10_UO444,RD3_F2_m9f2_P9_Y8_UO231,RD7_F3_m6f3_P6_Y8_UO27,FXX,3,0.0,1,0,1.0,0,0,0,-9999.0,0.4609375,1,P0_CV0,1,1,1,2,0
6,6.211338327692949,7.937131414155586,RD6_F2_m2f9_P2_Y12_UO145,RD2_F3_m2f5_P2_Y10_UO584,RD9_F6_m5f1_P5_Y9_UO358,FXX,1,0.0,0,0,0.0,0,0,0,-9999.0,0.515625,1,P1_CV0,1,1,1,1,1
6,6.211338327692949,7.937131414155586,RD6_F2_m2f9_P2_Y12_UO147,RD2_F3_m2f5_P2_Y10_UO584,RD9_F6_m5f1_P5_Y9_UO358,MXY,1,0.0,0,0,0.0,0,0,0,-9999.0,0.515625,1,P1_CV0,1,2,0,0,2
6,6.211338327692949,7.937131414155586,RD6_F2_m2f9_P2_Y12_UO148,RD2_F3_m2f5_P2_Y10_UO584,RD9_F6_m5f1_P5_Y9_UO358,FXX,1,0.0,0,0,0.0,0,0,0,-9999.0,0.515625,1,P1_CV0,1,1,1,2,0
6,6.211338327692949,7.937131414155586,RD6_F3_m3f5_P3_Y12_UO356,RD3_F6_m9f6_P9_Y10_UO356,RD5_F1_m5f1_P5_Y10_UO547,FXX,1,0.0,0,0,0.0,0,0,0,-9999.0,0.45703125,1,P1_CV0,1,0,2,0,2
6,6.211338327692949,7.937131414155586,RD6_F3_m3f2_P3_Y12_UO644,RD3_F2_m5f3_P5_Y10_UO517,RD2_F9_m6f9_P6_Y10_UO14,MXY,1,0.0,0,0,0.0,0,0,0,-9999.0,0.46875,1,P1_CV0,1,1,1,0,2
6,6.211338327692949,7.937131414155586,RD6_F9_m9f2_P9_Y12_UO252,RD9_F6_m9f6_P9_Y10_UO357,RD2_F6_m9f6_P9_Y10_UO75,FXX,1,0.0,0,0,0.0,0,0,0,-9999.0,0.484375,1,P1_CV0,1,0,2,2,0
6,6.211338327692949,7.937131414155586,RD6_F2_m9f2_P9_Y11_UO261,RD9_F2_m9f2_P9_Y9_UO163,RD2_F9_m6f3_P6_Y9_UO109,MXY,2,0.0,1,0,0.0,0,0,0,-9999.0,0.4609375,1,P1_CV0,1,0,2,2,0
6,6.211338327692949,7.937131414155586,RD6_F3_m2f5_P2_Y11_UO379,RD2_F9_m2f5_P2_Y9_UO294,RD5_F1_m5f1_P5_Y9_UO243,FXX,2,0.0,1,0,1.0,0,0,0,-9999.0,0.4609375,1,P1_CV0,1,0,2,1,1
6,6.211338327692949,7.937131414155586,RD6_F9_m2f3_P2_Y11_UO45,RD2_F9_m6f3_P6_Y9_UO111,RD3_F5_m1f5_P1_Y9_UO86,MXY,2,0.0,1,0,0.0,0,0,0,-9999.0,0.453125,1,P1_CV0,1,1,1,0,2
6,6.211338327692949,7.937131414155586,RD6_F3_m9f6_P9_Y10_UO352,RD9_F6_m3f6_P3_Y8_UO311,RD6_F3_m6f9_P6_Y8_UO307,MXY,3,0.0,1,0,0.0,0,0,0,-9999.0,0.46875,1,P1_CV0,1,1,1,2,0
6,6.211338327692949,7.937131414155586,RD6_F3_m6f3_P6_Y9_UO111,RD6_F9_m2f9_P2_Y7_UO47,RD3_F6_m6f3_P6_Y6_UO404,FXX,4,0.0,1,0,1.0,0,0,0,-9999.0,0.453125,1,P1_CV0,1,1,1,0,2
6,6.211338327692949,7.937131414155586,RD6_F2_m2f6_P2_Y12_UO394,RD2_F3_m6f2_P6_Y10_UO43,RD6_F9_m6f9_P6_Y10_UO259,MXY,1,0.0,0,0,0.0,0,0,0,-9999.0,0.48828125,1,P2_CV0,1,0,2,1,1
6,6.211338327692949,7.937131414155586,RD6_F2_m2f6_P2_Y12_UO490,RD2_F3_m7f4_P7_Y10_UO218,RD6_F9_m6f9_P6_Y10_UO559,MXY,1,0.0,0,0,0.0,0,0,0,-9999.0,0.50390625,1,P2_CV0,1,2,0,1,1
6,6.211338327692949,7.937131414155586,RD6_F3_m3f6_P3_Y12_UO90,RD3_F6_m3f7_P3_Y10_UO172,RD6_F9_m6f9_P6_Y10_UO559,MXY,1,0.0,0,0,0.0,0,0,0,-9999.0,0.51171875,1,P2_CV0,1,2,0,2,0
6,6.211338327692949,7.937131414155586,RD6_F3_m3f6_P3_Y12_UO417,RD3_F7_m4f8_P4_Y10_UO163,RD6_F9_m6f9_P6_Y10_UO469,MXY,1,0.0,0,0,0.0,0,0,0,-9999.0,0.53515625,1,P2_CV0,1,1,1,2,0
6,6.211338327692949,7.937131414155586,RD6_F3_m3f2_P3_Y12_UO473,RD3_F7_m4f8_P4_Y10_UO163,RD2_F9_m6f9_P6_Y10_UO393,MXY,1,0.0,0,0,0.0,0,0,0,-9999.0,0.54296875,1,P2_CV0,1,2,0,2,0
6,6.211338327692949,7.937131414155586,RD6_F3_m3f2_P3_Y12_UO554,RD3_F7_m4f8_P4_Y10_UO163,RD2_F9_m2f6_P2_Y10_UO35,MXY,1,0.0,0,0,0.0,0,0,0,-9999.0,0.5703125,1,P2_CV0,1,1,1,2,0
6,6.211338327692949,7.937131414155586,RD6_F3_m3f2_P3_Y12_UO555,RD3_F7_m4f8_P4_Y10_UO163,RD2_F9_m2f6_P2_Y10_UO35,MXY,1,0.0,0,0,0.0,0,0,0,-9999.0,0.5703125,1,P2_CV0,1,1,1,1,1
6,6.211338327692949,7.937131414155586,RD6_F3_m3f6_P3_Y12_UO613,RD3_F7_m4f8_P4_Y10_UO515,RD6_F9_m6f9_P6_Y10_UO19,MXY,1,0.0,0,0,0.0,0,0,0,-9999.0,0.5234375,1,P2_CV0,1,2,0,0,2
6,6.211338327692949,7.937131414155586,RD6_F2_m2f5_P2_Y12_UO484,RD2_F9_m6f9_P6_Y10_UO258,RD5_F1_m5f3_P5_Y10_UO656,FXX,1,0.0,0,0,0.0,0,0,0,-9999.0,0.484375,1,P3_CV0,1,2,0,2,0
6,6.211338327692949,7.937131414155586,RD6_F2_m2f5_P2_Y12_UO488,RD2_F9_m6f9_P6_Y10_UO258,RD5_F1_m5f3_P5_Y10_UO656,MXY,1,0.0,0,0,0.0,0,0,0,-9999.0,0.484375,1,P3_CV0,1,1,1,2,0
6,6.211338327692949,7.937131414155586,RD6_F9_m9f6_P9_Y12_UO265,RD9_F6_m3f7_P3_Y10_UO444,RD6_F3_m7f4_P7_Y10_UO484,MXY,1,0.0,0,0,0.0,0,0,0,-9999.0,0.49609375,1,P3_CV0,1,0,2,2,0
6,6.211338327692949,7.937131414155586,RD6_F9_m9f6_P9_Y12_UO266,RD9_F6_m3f7_P3_Y10_UO444,RD6_F3_m7f4_P7_Y10_UO484,MXY,1,0.0,0,0,0.0,0,0,0,-9999.0,0.49609375,1,P3_CV0,1,2,0,2,0
6,6.211338327692949,7.937131414155586,RD6_F9_m9f6_P9_Y12_UO268,RD9_F6_m3f7_P3_Y10_UO444,RD6_F3_m7f4_P7_Y10_UO484,MXY,1,0.0,0,0,0.0,0,0,0,-9999.0,0.49609375,1,P3_CV0,1,0,2,2,0
6,6.211338327692949,7.937131414155586,RD6_F9_m9f2_P9_Y12_UO604,RD9_F6_m2f6_P2_Y10_UO33,RD2_F3_m2f3_P2_Y10_UO348,MXY,1,0.0,0,0,0.0,0,0,0,-9999.0,0.5078125,1,P3_CV0,1,1,1,2,0
6,6.211338327692949,7.937131414155586,RD6_F9_m9f2_P9_Y12_UO608,RD9_F6_m2f6_P2_Y10_UO33,RD2_F3_m2f3_P2_Y10_UO348,FXX,1,0.0,0,0,0.0,0,0,0,-9999.0,0.5078125,1,P3_CV0,1,1,1,2,0
6,6.211338327692949,7.937131414155586,RD6_F2_m6f9_P6_Y11_UO410,RD6_F3_m7f3_P7_Y9_UO217,RD9_F2_m6f2_P6_Y8_UO435,MXY,2,0.0,1,0,0.0,0,0,0,-9999.0,0.578125,1,P3_CV0,1,1,1,0,2
6,6.211338327692949,7.937131414155586,RD6_F2_m2f5_P2_Y12_UO212,RD2_F9_m6f9_P6_Y10_UO258,RD5_F1_m5f1_P5_Y10_UO549,FXX,1,0.0,0,0,0.0,0,0,0,-9999.0,0.453125,1,P4_CV0,1,2,0,2,0
6,6.211338327692949,7.937131414155586,RD6_F2_m2f6_P2_Y12_UO396,RD2_F3_m6f2_P6_Y10_UO43,RD6_F9_m6f9_P6_Y10_UO259,FXX,1,0.0,0,0,0.0,0,0,0,-9999.0,0.48828125,1,P4_CV0,1,0,2,1,1
6,6.211338327692949,7.937131414155586,RD6_F2_m2f5_P2_Y12_UO486,RD2_F9_m6f9_P6_Y10_UO258,RD5_F1_m5f3_P5_Y10_UO656,FXX,1,0.0,0,0,0.0,0,0,0,-9999.0,0.484375,1,P4_CV0,1,1,1,1,1
6,6.211338327692949,7.937131414155586,RD6_F3_m3f5_P3_Y12_UO74,RD3_F6_m9f6_P9_Y10_UO363,RD5_F1_m5f1_P5_Y10_UO238,FXX,1,0.0,0,0,0.0,0,0,0,-9999.0,0.484375,1,P4_CV0,1,1,1,1,1
6,6.211338327692949,7.937131414155586,RD6_F3_m3f6_P3_Y12_UO614,RD3_F7_m4f8_P4_Y10_UO515,RD6_F9_m6f9_P6_Y10_UO19,FXX,1,0.0,0,0,0.0,0,0,0,-9999.0,0.5234375,1,P4_CV0,1,1,1,1,1
6,6.211338327692949,7.937131414155586,RD6_F9_m9f6_P9_Y12_UO76,RD9_F6_m3f5_P3_Y10_UO282,RD6_F9_m9f2_P9_Y8_UO229,FXX,1,0.0,0,0,0.0,0,0,0,-9999.0,0.45703125,1,P4_CV0,1,2,0,0,2
6,6.211338327692949,7.937131414155586,RD6_F9_m9f6_P9_Y12_UO80,RD9_F6_m3f5_P3_Y10_UO282,RD6_F9_m9f2_P9_Y8_UO229,FXX,1,0.0,0,0,0.0,0,0,0,-9999.0,0.45703125,1,P4_CV0,1,2,0,2,0
6,6.211338327692949,7.937131414155586,RD6_F9_m9f2_P9_Y12_UO258,RD9_F6_m9f6_P9_Y10_UO357,RD2_F6_m9f6_P9_Y10_UO75,FXX,1,0.0,0,0,0.0,0,0,0,-9999.0,0.484375,1,P4_CV0,1,1,1,2,0
6,6.211338327692949,7.937131414155586,RD6_F9_m9f2_P9_Y12_UO260,RD9_F6_m9f6_P9_Y10_UO357,RD2_F6_m9f6_P9_Y10_UO75,FXX,1,0.0,0,0,0.0,0,0,0,-9999.0,0.484375,1,P4_CV0,1,1,1,2,0
6,6.211338327692949,7.937131414155586,RD6_F9_m9f2_P9_Y12_UO300,RD9_F6_m2f3_P2_Y10_UO244,RD2_F9_m6f9_P6_Y8_UO307,MXY,1,0.0,0,0,0.0,0,0,0,-9999.0,0.515625,1,P4_CV0,1,1,1,2,0
6,6.211338327692949,7.937131414155586,RD6_F9_m9f2_P9_Y12_UO301,RD9_F6_m2f3_P2_Y10_UO244,RD2_F9_m6f9_P6_Y8_UO307,FXX,1,0.0,0,0,0.0,0,0,0,-9999.0,0.515625,1,P4_CV0,1,1,1,2,0
6,6.211338327692949,7.937131414155586,RD6_F9_m9f2_P9_Y12_UO303,RD9_F6_m2f3_P2_Y10_UO244,RD2_F9_m6f9_P6_Y8_UO307,MXY,1,0.0,0,0,0.0,0,0,0,-9999.0,0.515625,1,P4_CV0,1,1,1,2,0
6,6.211338327692949,7.937131414155586,RD6_F9_m9f6_P9_Y12_UO406,RD9_F2_m3f2_P3_Y10_UO152,RD6_F9_m2f3_P2_Y10_UO243,FXX,1,0.0,0,0,0.0,0,0,0,-9999.0,0.546875,1,P4_CV0,1,2,0,1,1
6,6.211338327692949,7.937131414155586,RD6_F9_m9f6_P9_Y12_UO408,RD9_F2_m3f2_P3_Y10_UO152,RD6_F9_m2f3_P2_Y10_UO243,MXY,1,0.0,0,0,0.0,0,0,0,-9999.0,0.546875,1,P4_CV0,1,1,1,1,1
6,6.211338327692949,7.937131414155586,RD6_F9_m9f2_P9_Y12_UO566,RD9_F6_m2f3_P2_Y10_UO244,RD2_F6_m2f6_P2_Y10_UO579,MXY,1,0.0,0,0,0.0,0,0,0,-9999.0,0.515625,1,P4_CV0,1,1,1,1,1
6,6.211338327692949,7.937131414155586,RD6_F9_m9f2_P9_Y12_UO568,RD9_F6_m2f3_P2_Y10_UO244,RD2_F6_m2f6_P2_Y10_UO579,FXX,1,0.0,0,0,0.0,0,0,0,-9999.0,0.515625,1,P4_CV0,1,1,1,2,0
6,6.211338327692949,7.937131414155586,RD6_F9_m9f2_P9_Y12_UO569,RD9_F6_m2f3_P2_Y10_UO244,RD2_F6_m2f6_P2_Y10_UO579,FXX,1,0.0,0,0,0.0,0,0,0,-9999.0,0.515625,1,P4_CV0,1,1,1,1,1
6,6.211338327692949,7.937131414155586,RD6_F9_m2f5_P2_Y11_UO59,RD2_F9_m2f5_P2_Y9_UO26,RD5_F1_m5f3_P5_Y9_UO411,MXY,2,0.0,1,0,0.0,0,0,0,-9999.0,0.46875,1,P4_CV0,1,1,1,1,1
6,6.211338327692949,7.937131414155586,RD6_F9_m9f6_P9_Y10_UO357,RD9_F6_m3f6_P3_Y8_UO311,RD6_F3_m6f9_P6_Y8_UO307,FXX,3,0.0,1,0,1.0,0,0,0,-9999.0,0.46875,1,P4_CV0,1,1,1,1,1
6,6.211338327692949,7.937131414155586,RD6_F9_m6f9_P6_Y9_UO335,RD6_F9_m6f3_P6_Y7_UO309,RD9_F6_m6f2_P6_Y4_UO324,FXX,4,0.0,1,0,1.0,0,0,0,-9999.0,0.65625,1,P4_CV0,1,1,1,1,1
6,6.211338327692949,7.937131414155586,RD6_F2_m2f5_P2_Y12_UO214,RD2_F9_m6f9_P6_Y10_UO258,RD5_F1_m5f1_P5_Y10_UO549,FXX,1,0.0,0,0,0.0,0,0,0,-9999.0,0.453125,1,P5_CV0,1,1,1,2,0
6,6.211338327692949,7.937131414155586,RD6_F2_m2f5_P2_Y12_UO385,RD2_F9_m6f9_P6_Y10_UO258,RD5_F1_m5f1_P5_Y10_UO316,MXY,1,0.0,0,0,0.0,0,0,0,-9999.0,0.4609375,1,P5_CV0,1,1,1,0,2
6,6.211338327692949,7.937131414155586,RD6_F2_m2f5_P2_Y12_UO391,RD2_F9_m6f9_P6_Y10_UO258,RD5_F1_m5f1_P5_Y10_UO316,FXX,1,0.0,0,0,0.0,0,0,0,-9999.0,0.4609375,1,P5_CV0,1,2,0,1,1
6,6.211338327692949,7.937131414155586,RD6_F3_m3f5_P3_Y12_UO56,RD3_F6_m3f7_P3_Y10_UO172,RD5_F3_m5f1_P5_Y10_UO618,FXX,1,0.0,0,0,0.0,0,0,0,-9999.0,0.51171875,1,P5_CV0,1,1,1,1,1
6,6.211338327692949,7.937131414155586,RD6_F3_m3f5_P3_Y12_UO123,RD3_F2_m5f3_P5_Y10_UO517,RD5_F3_m5f1_P5_Y10_UO289,MXY,1,0.0,0,0,0.0,0,0,0,-9999.0,0.47265625,1,P5_CV0,1,0,2,0,2
6,6.211338327692949,7.937131414155586,RD6_F3_m3f5_P3_Y12_UO125,RD3_F2_m5f3_P5_Y10_UO517,RD5_F3_m5f1_P5_Y10_UO289,MXY,1,0.0,0,0,0.0,0,0,0,-9999.0,0.47265625,1,P5_CV0,1,0,2,0,2
6,6.211338327692949,7.937131414155586,RD6_F3_m3f5_P3_Y12_UO128,RD3_F2_m5f3_P5_Y10_UO517,RD5_F3_m5f1_P5_Y10_UO289,MXY,1,0.0,0,0,0.0,0,0,0,-9999.0,0.47265625,1,P5_CV0,1,2,0,0,2
6,6.211338327692949,7.937131414155586,RD6_F3_m3f5_P3_Y12_UO355,RD3_F6_m9f6_P9_Y10_UO356,RD5_F1_m5f1_P5_Y10_UO547,FXX,1,0.0,0,0,0.0,0,0,0,-9999.0,0.45703125,1,P5_CV0,1,1,1,2,0
6,6.211338327692949,7.937131414155586,RD6_F9_m9f2_P9_Y12_UO304,RD9_F6_m2f3_P2_Y10_UO244,RD2_F9_m6f9_P6_Y8_UO307,MXY,1,0.0,0,0,0.0,0,0,0,-9999.0,0.515625,1,P5_CV0,1,1,1,2,0
6,6.211338327692949,7.937131414155586,RD6_F9_m9f2_P9_Y12_UO305,RD9_F6_m2f3_P2_Y10_UO244,RD2_F9_m6f9_P6_Y8_UO307,MXY,1,0.0,0,0,0.0,0,0,0,-9999.0,0.515625,1,P5_CV0,1,1,1,2,0
6,6.211338327692949,7.937131414155586,RD6_F9_m9f2_P9_Y12_UO306,RD9_F6_m2f3_P2_Y10_UO244,RD2_F9_m6f9_P6_Y8_UO307,MXY,1,0.0,0,0,0.0,0,0,0,-9999.0,0.515625,1,P5_CV0,1,1,1,2,0
6,6.211338327692949,7.937131414155586,RD6_F9_m9f6_P9_Y12_UO333,RD9_F6_m2f3_P2_Y10_UO244,RD6_F9_m2f3_P2_Y10_UO120,FXX,1,0.0,0,0,0.0,0,0,0,-9999.0,0.52734375,1,P5_CV0,1,1,1,2,0
6,6.211338327692949,7.937131414155586,RD6_F9_m9f6_P9_Y12_UO336,RD9_F6_m2f3_P2_Y10_UO244,RD6_F9_m2f3_P2_Y10_UO120,FXX,1,0.0,0,0,0.0,0,0,0,-9999.0,0.52734375,1,P5_CV0,1,0,2,1,1
6,6.211338327692949,7.937131414155586,RD6_F9_m9f6_P9_Y12_UO337,RD9_F6_m2f3_P2_Y10_UO244,RD6_F9_m2f3_P2_Y10_UO120,MXY,1,0.0,0,0,0.0,0,0,0,-9999.0,0.52734375,1,P5_CV0,1,0,2,1,1
6,6.211338327692949,7.937131414155586,RD6_F9_m9f6_P9_Y12_UO339,RD9_F6_m2f3_P2_Y10_UO244,RD6_F9_m2f3_P2_Y10_UO120,FXX,1,0.0,0,0,0.0,0,0,0,-9999.0,0.52734375,1,P5_CV0,1,1,1,2,0
6,6.211338327692949,7.937131414155586,RD6_F9_m9f6_P9_Y12_UO340,RD9_F6_m2f3_P2_Y10_UO244,RD6_F9_m2f3_P2_Y10_UO120,MXY,1,0.0,0,0,0.0,0,0,0,-9999.0,0.52734375,1,P5_CV0,1,0,2,1,1
6,6.211338327692949,7.937131414155586,RD6_F9_m9f6_P9_Y12_UO407,RD9_F2_m3f2_P3_Y10_UO152,RD6_F9_m2f3_P2_Y10_UO243,MXY,1,0.0,0,0,0.0,0,0,0,-9999.0,0.546875,1,P5_CV0,1,2,0,2,0
6,6.211338327692949,7.937131414155586,RD6_F9_m9f6_P9_Y12_UO409,RD9_F2_m3f2_P3_Y10_UO152,RD6_F9_m2f3_P2_Y10_UO243,FXX,1,0.0,0,0,0.0,0,0,0,-9999.0,0.546875,1,P5_CV0,1,1,1,1,1
6,6.211338327692949,7.937131414155586,RD6_F9_m9f6_P9_Y12_UO410,RD9_F2_m3f2_P3_Y10_UO152,RD6_F9_m2f3_P2_Y10_UO243,MXY,1,0.0,0,0,0.0,0,0,0,-9999.0,0.546875,1,P5_CV0,1,1,1,2,0
6,6.211338327692949,7.937131414155586,RD6_F9_m9f2_P9_Y12_UO567,RD9_F6_m2f3_P2_Y10_UO244,RD2_F6_m2f6_P2_Y10_UO579,FXX,1,0.0,0,0,0.0,0,0,0,-9999.0,0.515625,1,P5_CV0,1,1,1,2,0
6,6.211338327692949,7.937131414155586,RD6_F9_m9f2_P9_Y12_UO570,RD9_F6_m2f3_P2_Y10_UO244,RD2_F6_m2f6_P2_Y10_UO579,FXX,1,0.0,0,0,0.0,0,0,0,-9999.0,0.515625,1,P5_CV0,1,1,1,2,0
6,6.211338327692949,7.937131414155586,RD6_F9_m9f2_P9_Y12_UO590,RD9_F2_m5f3_P5_Y10_UO520,RD2_F9_m6f9_P6_Y10_UO393,FXX,1,0.0,0,0,0.0,0,0,0,-9999.0,0.5,1,P5_CV0,1,1,1,1,1
6,6.211338327692949,7.937131414155586,RD6_F9_m9f2_P9_Y12_UO593,RD9_F2_m5f3_P5_Y10_UO520,RD2_F9_m6f9_P6_Y10_UO393,FXX,1,0.0,0,0,0.0,0,0,0,-9999.0,0.5,1,P5_CV0,1,1,1,2,0
6,6.211338327692949,7.937131414155586,RD6_F9_m9f2_P9_Y12_UO603,RD9_F6_m2f6_P2_Y10_UO33,RD2_F3_m2f3_P2_Y10_UO348,MXY,1,0.0,0,0,0.0,0,0,0,-9999.0,0.5078125,1,P5_CV0,1,1,1,2,0
6,6.211338327692949,7.937131414155586,RD6_F9_m9f2_P9_Y12_UO606,RD9_F6_m2f6_P2_Y10_UO33,RD2_F3_m2f3_P2_Y10_UO348,MXY,1,0.0,0,0,0.0,0,0,0,-9999.0,0.5078125,1,P5_CV0,1,1,1,2,0
6,6.211338327692949,7.937131414155586,RD6_F2_m6f3_P6_Y11_UO297,RD6_F9_m2f6_P2_Y9_UO401,RD3_F2_m2f9_P2_Y8_UO636,MXY,2,0.0,1,0,0.0,0,0,0,-9999.0,0.5390625,1,P5_CV0,1,1,1,1,1
6,6.211338327692949,7.937131414155586,RD6_F9_m2f3_P2_Y11_UO70,RD2_F6_m3f2_P3_Y9_UO365,RD3_F7_m8f4_P8_Y8_UO288,MXY,2,0.0,1,0,0.0,0,0,0,-9999.0,0.4765625,1,P5_CV0,1,0,2,0,2
6,6.211338327692949,7.937131414155586,RD6_F9_m6f3_P6_Y11_UO228,RD6_F3_m7f3_P7_Y9_UO76,RD3_F7_m8f4_P8_Y8_UO288,FXX,2,0.0,1,0,1.0,0,0,0,-9999.0,0.53125,1,P5_CV0,1,0,2,1,1
6,6.211338327692949,7.937131414155586,RD6_F9_m2f3_P2_Y11_UO71,RD2_F6_m3f2_P3_Y9_UO365,RD3_F7_m8f4_P8_Y8_UO288,MXY,2,0.0,1,0,0.0,0,0,0,-9999.0,0.4765625,1,P5_CV0,1,0,2,2,0
6,6.211338327692949,7.937131414155586,RD6_F9_m6f3_P6_Y11_UO14,RD6_F9_m2f9_P2_Y9_UO264,RD3_F2_m2f9_P2_Y8_UO636,MXY,2,0.0,1,0,0.0,0,0,0,-9999.0,0.578125,1,P5_CV0,1,1,1,1,1
6,6.211338327692949,7.937131414155586,RD6_F9_m6f3_P6_Y11_UO225,RD6_F3_m7f3_P7_Y9_UO76,RD3_F7_m8f4_P8_Y8_UO288,FXX,2,0.0,1,0,1.0,0,0,0,-9999.0,0.53125,1,P5_CV0,1,0,2,2,0
6,6.211338327692949,7.937131414155586,RD6_F9_m6f2_P6_Y10_UO310,RD6_F2_m6f2_P6_Y8_UO551,RD2_F6_m2f9_P2_Y8_UO636,MXY,3,0.0,1,0,0.0,0,0,0,-9999.0,0.546875,1,P5_CV0,1,1,1,1,1
6,6.211338327692949,7.937131414155586,RD6_F9_m2f3_P2_Y10_UO244,RD2_F3_m5f3_P5_Y8_UO171,RD3_F2_m5f2_P5_Y7_UO431,FXX,3,0.0,1,0,1.0,0,0,0,-9999.0,0.515625,1,P5_CV0,1,0,2,2,0
6,6.211338327692949,7.937131414155586,RD6_F9_m6f9_P6_Y11_UO42,RD6_F9_m6f9_P6_Y9_UO337,RD9_F2_m6f2_P6_Y8_UO435,FXX,2,0.0,1,0,1.0,0,0,0,-9999.0,0.6875,1,P6_CV0,1,2,0,0,2
6,6.211338327692949,7.937131414155586,RD6_F3_m3f2_P3_Y12_UO352,RD3_F2_m9f6_P9_Y10_UO79,RD2_F3_m7f4_P7_Y10_UO587,MXY,1,0.0,0,0,0.0,0,0,0,-9999.0,0.51953125,1,P8_CV0,1,1,1,2,0
6,6.211338327692949,7.937131414155586,RD6_F9_m9f2_P9_Y12_UO625,RD9_F2_m9f6_P9_Y10_UO76,RD2_F6_m2f5_P2_Y10_UO110,FXX,1,0.0,0,0,0.0,0,0,0,-9999.0,0.5234375,1,P8_CV0,1,0,2,1,1
6,6.211338327692949,7.937131414155586,RD6_F9_m9f2_P9_Y12_UO629,RD9_F2_m9f6_P9_Y10_UO76,RD2_F6_m2f5_P2_Y10_UO110,MXY,1,0.0,0,0,0.0,0,0,0,-9999.0,0.5234375,1,P8_CV0,1,0,2,1,1
6,6.211338327692949,7.937131414155586,RD6_F9_m6f2_P6_Y11_UO188,RD6_F9_m2f5_P2_Y9_UO68,RD2_F9_m2f3_P2_Y8_UO505,MXY,2,0.0,1,0,0.0,0,0,0,-9999.0,0.46875,1,P8_CV0,1,0,2,1,1
6,6.211338327692949,7.937131414155586,RD6_F3_m3f5_P3_Y10_UO553,RD3_F6_m9f2_P9_Y8_UO235,RD5_F1_m5f3_P5_Y8_UO104,FXX,3,0.0,1,0,1.0,0,0,0,-9999.0,0.4453125,1,P8_CV0,1,2,0,1,1
7,1.3457994534493356,7.703671818986196,RD7_F3_m3f5_P3_Y12_UO57,RD3_F6_m3f7_P3_Y10_UO172,RD5_F3_m5f1_P5_Y10_UO618,FXX,1,0.0,0,0,0.0,0,0,0,-9999.0,0.51171875,1,P0_CV0,1,2,0,1,1
7,1.3457994534493356,7.703671818986196,RD7_F3_m3f7_P3_Y12_UO178,RD3_F6_m2f3_P2_Y10_UO458,RD7_F4_m7f4_P7_Y10_UO226,FXX,1,0.0,0,0,0.0,0,0,0,-9999.0,0.53515625,1,P1_CV0,1,2,0,1,1
7,1.3457994534493356,7.703671818986196,RD7_F3_m3f7_P3_Y12_UO179,RD3_F6_m2f3_P2_Y10_UO458,RD7_F4_m7f4_P7_Y10_UO226,MXY,1,0.0,0,0,0.0,0,0,0,-9999.0,0.53515625,1,P1_CV0,1,0,2,1,1
7,1.3457994534493356,7.703671818986196,RD7_F3_m3f5_P3_Y12_UO357,RD3_F6_m9f6_P9_Y10_UO356,RD5_F1_m5f1_P5_Y10_UO547,FXX,1,0.0,0,0,0.0,0,0,0,-9999.0,0.45703125,1,P1_CV0,1,0,2,2,0
7,1.3457994534493356,7.703671818986196,RD7_F3_m3f2_P3_Y12_UO646,RD3_F2_m5f3_P5_Y10_UO517,RD2_F9_m6f9_P6_Y10_UO14,MXY,1,0.0,0,0,0.0,0,0,0,-9999.0,0.46875,1,P1_CV0,1,0,2,1,1
7,1.3457994534493356,7.703671818986196,RD7_F3_m3f5_P3_Y12_UO654,RD3_F6_m9f6_P9_Y10_UO356,RD5_F3_m2f6_P2_Y10_UO680,FXX,1,0.0,0,0,0.0,0,0,0,-9999.0,0.52734375,1,P1_CV0,1,1,1,1,1
7,1.3457994534493356,7.703671818986196,RD7_F3_m2f5_P2_Y11_UO420,RD2_F9_m2f6_P2_Y9_UO395,RD5_F1_m5f3_P5_Y9_UO225,FXX,2,0.0,1,0,1.0,0,0,0,-9999.0,0.5390625,1,P1_CV0,1,2,0,1,1
7,1.3457994534493356,7.703671818986196,RD7_F3_m3f2_P3_Y12_UO475,RD3_F7_m4f8_P4_Y10_UO163,RD2_F9_m6f9_P6_Y10_UO393,MXY,1,0.0,0,0,0.0,0,0,0,-9999.0,0.54296875,1,P2_CV0,1,1,1,1,1
7,1.3457994534493356,7.703671818986196,RD7_F3_m3f2_P3_Y12_UO553,RD3_F7_m4f8_P4_Y10_UO163,RD2_F9_m2f6_P2_Y10_UO35,MXY,1,0.0,0,0,0.0,0,0,0,-9999.0,0.5703125,1,P2_CV0,1,1,1,1,1
7,1.3457994534493356,7.703671818986196,RD7_F4_m4f7_P4_Y12_UO60,RD4_F7_m4f8_P4_Y10_UO160,RD7_F4_m7f4_P7_Y10_UO226,FXX,1,0.0,0,0,0.0,0,0,0,-9999.0,0.56640625,1,P2_CV0,1,2,0,1,1
7,1.3457994534493356,7.703671818986196,RD7_F4_m4f7_P4_Y12_UO129,RD4_F8_m4f8_P4_Y10_UO164,RD7_F3_m5f3_P5_Y10_UO657,MXY,1,0.0,0,0,0.0,0,0,0,-9999.0,0.53515625,1,P2_CV0,1,0,2,2,0
7,1.3457994534493356,7.703671818986196,RD7_F4_m4f7_P4_Y12_UO130,RD4_F8_m4f8_P4_Y10_UO164,RD7_F3_m5f3_P5_Y10_UO657,MXY,1,0.0,0,0,0.0,0,0,0,-9999.0,0.53515625,1,P2_CV0,1,0,2,2,0
7,1.3457994534493356,7.703671818986196,RD7_F4_m4f7_P4_Y12_UO367,RD4_F8_m4f8_P4_Y10_UO164,RD7_F4_m7f4_P7_Y10_UO451,MXY,1,0.0,0,0,0.0,0,0,0,-9999.0,0.57421875,1,P2_CV0,1,1,1,2,0
7,1.3457994534493356,7.703671818986196,RD7_F4_m4f7_P4_Y12_UO368,RD4_F8_m4f8_P4_Y10_UO164,RD7_F4_m7f4_P7_Y10_UO451,FXX,1,0.0,0,0,0.0,0,0,0,-9999.0,0.57421875,1,P2_CV0,1,1,1,1,1
7,1.3457994534493356,7.703671818986196,RD7_F4_m4f7_P4_Y12_UO399,RD4_F8_m4f8_P4_Y10_UO427,RD7_F4_m7f4_P7_Y10_UO451,FXX,1,0.0,0,0,0.0,0,0,0,-9999.0,0.578125,1,P2_CV0,1,1,1,2,0
7,1.3457994534493356,7.703671818986196,RD7_F4_m4f8_P4_Y10_UO164,RD4_F8_m4f8_P4_Y8_UO276,RD8_F4_m8f4_P8_Y8_UO76,FXX,3,0.0,1,0,1.0,0,0,0,-9999.0,0.5625,1,P2_CV0,1,1,1,1,1
7,1.3457994534493356,7.703671818986196,RD7_F3_m3f7_P3_Y12_UO92,RD3_F7_m4f8_P4_Y10_UO135,RD7_F3_m5f3_P5_Y10_UO657,FXX,1,0.0,0,0,0.0,0,0,0,-9999.0,0.52734375,1,P3_CV0,1,0,2,1,1
7,1.3457994534493356,7.703671818986196,RD7_F3_m3f7_P3_Y12_UO94,RD3_F7_m4f8_P4_Y10_UO135,RD7_F3_m5f3_P5_Y10_UO657,MXY,1,0.0,0,0,0.0,0,0,0,-9999.0,0.52734375,1,P3_CV0,1,0,2,1,1
7,1.3457994534493356,7.703671818986196,RD7_F3_m3f7_P3_Y12_UO176,RD3_F6_m2f3_P2_Y10_UO458,RD7_F4_m7f4_P7_Y10_UO226,FXX,1,0.0,0,0,0.0,0,0,0,-9999.0,0.53515625,1,P3_CV0,1,1,1,1,1
7,1.3457994534493356,7.703671818986196,RD7_F3_m3f7_P3_Y12_UO177,RD3_F6_m2f3_P2_Y10_UO458,RD7_F4_m7f4_P7_Y10_UO226,MXY,1,0.0,0,0,0.0,0,0,0,-9999.0,0.53515625,1,P3_CV0,1,2,0,1,1
7,1.3457994534493356,7.703671818986196,RD7_F3_m3f2_P3_Y12_UO550,RD3_F7_m4f8_P4_Y10_UO163,RD2_F9_m2f6_P2_Y10_UO35,FXX,1,0.0,0,0,0.0,0,0,0,-9999.0,0.5703125,1,P3_CV0,1,1,1,1,1
7,1.3457994534493356,7.703671818986196,RD7_F3_m3f2_P3_Y12_UO552,RD3_F7_m4f8_P4_Y10_UO163,RD2_F9_m2f6_P2_Y10_UO35,MXY,1,0.0,0,0,0.0,0,0,0,-9999.0,0.5703125,1,P3_CV0,1,1,1,2,0
7,1.3457994534493356,7.703671818986196,RD7_F4_m4f7_P4_Y12_UO59,RD4_F7_m4f8_P4_Y10_UO160,RD7_F4_m7f4_P7_Y10_UO226,MXY,1,0.0,0,0,0.0,0,0,0,-9999.0,0.56640625,1,P3_CV0,1,1,1,0,2
7,1.3457994534493356,7.703671818986196,RD7_F4_m4f7_P4_Y12_UO170,RD4_F7_m4f8_P4_Y10_UO166,RD7_F3_m7f4_P7_Y10_UO228,FXX,1,0.0,0,0,0.0,0,0,0,-9999.0,0.53125,1,P3_CV0,1,1,1,0,2
7,1.3457994534493356,7.703671818986196,RD7_F4_m4f7_P4_Y12_UO284,RD4_F8_m4f8_P4_Y10_UO508,RD7_F3_m7f4_P7_Y10_UO228,MXY,1,0.0,0,0,0.0,0,0,0,-9999.0,0.5234375,1,P3_CV0,1,0,2,2,0
7,1.3457994534493356,7.703671818986196,RD7_F4_m4f8_P4_Y12_UO461,RD4_F8_m4f8_P4_Y10_UO426,RD8_F4_m4f8_P4_Y9_UO442,FXX,1,0.0,0,0,0.0,0,0,0,-9999.0,0.58203125,1,P3_CV0,1,2,0,1,1
7,1.3457994534493356,7.703671818986196,RD7_F4_m4f7_P4_Y12_UO688,RD4_F7_m4f8_P4_Y10_UO397,RD7_F4_m7f4_P7_Y10_UO226,MXY,1,0.0,0,0,0.0,0,0,0,-9999.0,0.6015625,1,P3_CV0,1,1,1,1,1
7,1.3457994534493356,7.703671818986196,RD7_F4_m4f7_P4_Y12_UO692,RD4_F7_m4f8_P4_Y10_UO397,RD7_F4_m7f4_P7_Y10_UO226,MXY,1,0.0,0,0,0.0,0,0,0,-9999.0,0.6015625,1,P3_CV0,1,2,0,2,0
7,1.3457994534493356,7.703671818986196,RD7_F4_m4f7_P4_Y12_UO693,RD4_F7_m4f8_P4_Y10_UO397,RD7_F4_m7f4_P7_Y10_UO226,MXY,1,0.0,0,0,0.0,0,0,0,-9999.0,0.6015625,1,P3_CV0,1,1,1,2,0
7,1.3457994534493356,7.703671818986196,RD7_F4_m8f4_P8_Y11_UO207,RD8_F4_m7f4_P7_Y9_UO152,RD4_F8_m4f8_P4_Y9_UO442,MXY,2,0.0,1,0,0.0,0,0,0,-9999.0,0.59375,1,P3_CV0,1,0,2,2,0
7,1.3457994534493356,7.703671818986196,RD7_F4_m8f4_P8_Y11_UO198,RD8_F4_m7f4_P7_Y9_UO152,RD4_F8_m4f8_P4_Y9_UO442,FXX,2,0.0,1,0,1.0,0,0,0,-9999.0,0.59375,1,P3_CV0,1,0,2,1,1
7,1.3457994534493356,7.703671818986196,RD7_F3_m3f5_P3_Y12_UO71,RD3_F6_m9f6_P9_Y10_UO363,RD5_F1_m5f1_P5_Y10_UO238,MXY,1,0.0,0,0,0.0,0,0,0,-9999.0,0.484375,1,P4_CV0,1,1,1,2,0
7,1.3457994534493356,7.703671818986196,RD7_F3_m3f2_P3_Y12_UO197,RD3_F7_m3f5_P3_Y10_UO553,RD2_F9_m6f3_P6_Y10_UO385,MXY,1,0.0,0,0,0.0,0,0,0,-9999.0,0.48046875,1,P4_CV0,1,1,1,1,1
7,1.3457994534493356,7.703671818986196,RD7_F3_m3f6_P3_Y12_UO416,RD3_F7_m4f8_P4_Y10_UO163,RD6_F9_m6f9_P6_Y10_UO469,MXY,1,0.0,0,0,0.0,0,0,0,-9999.0,0.53515625,1,P4_CV0,1,1,1,2,0
7,1.3457994534493356,7.703671818986196,RD7_F3_m3f6_P3_Y12_UO419,RD3_F7_m4f8_P4_Y10_UO163,RD6_F9_m6f9_P6_Y10_UO469,FXX,1,0.0,0,0,0.0,0,0,0,-9999.0,0.53515625,1,P4_CV0,1,1,1,2,0
7,1.3457994534493356,7.703671818986196,RD7_F3_m3f6_P3_Y12_UO611,RD3_F7_m4f8_P4_Y10_UO515,RD6_F9_m6f9_P6_Y10_UO19,MXY,1,0.0,0,0,0.0,0,0,0,-9999.0,0.5234375,1,P4_CV0,1,0,2,1,1
7,1.3457994534493356,7.703671818986196,RD7_F3_m3f6_P3_Y12_UO612,RD3_F7_m4f8_P4_Y10_UO515,RD6_F9_m6f9_P6_Y10_UO19,FXX,1,0.0,0,0,0.0,0,0,0,-9999.0,0.5234375,1,P4_CV0,1,2,0,1,1
7,1.3457994534493356,7.703671818986196,RD7_F3_m3f5_P3_Y12_UO655,RD3_F6_m9f6_P9_Y10_UO356,RD5_F3_m2f6_P2_Y10_UO680,MXY,1,0.0,0,0,0.0,0,0,0,-9999.0,0.52734375,1,P4_CV0,1,1,1,2,0
7,1.3457994534493356,7.703671818986196,RD7_F4_m4f7_P4_Y12_UO172,RD4_F7_m4f8_P4_Y10_UO251,RD7_F3_m5f1_P5_Y10_UO235,FXX,1,0.0,0,0,0.0,0,0,0,-9999.0,0.546875,1,P4_CV0,1,1,1,1,1
7,1.3457994534493356,7.703671818986196,RD7_F4_m4f7_P4_Y12_UO326,RD4_F8_m4f8_P4_Y10_UO134,RD7_F3_m2f3_P2_Y10_UO346,MXY,1,0.0,0,0,0.0,0,0,0,-9999.0,0.4921875,1,P4_CV0,1,0,2,0,2
7,1.3457994534493356,7.703671818986196,RD7_F4_m4f7_P4_Y12_UO327,RD4_F8_m4f8_P4_Y10_UO134,RD7_F3_m2f3_P2_Y10_UO346,FXX,1,0.0,0,0,0.0,0,0,0,-9999.0,0.4921875,1,P4_CV0,1,1,1,1,1
7,1.3457994534493356,7.703671818986196,RD7_F4_m4f7_P4_Y12_UO561,RD4_F8_m4f8_P4_Y10_UO134,RD7_F3_m5f1_P5_Y10_UO235,MXY,1,0.0,0,0,0.0,0,0,0,-9999.0,0.5234375,1,P4_CV0,1,1,1,1,1
7,1.3457994534493356,7.703671818986196,RD7_F4_m4f7_P4_Y12_UO587,RD4_F7_m4f8_P4_Y10_UO166,RD7_F3_m5f1_P5_Y10_UO235,FXX,1,0.0,0,0,0.0,0,0,0,-9999.0,0.49609375,1,P4_CV0,1,2,0,1,1
7,1.3457994534493356,7.703671818986196,RD7_F3_m2f5_P2_Y11_UO422,RD2_F9_m2f6_P2_Y9_UO395,RD5_F1_m5f3_P5_Y9_UO225,MXY,2,0.0,1,0,0.0,0,0,0,-9999.0,0.5390625,1,P4_CV0,1,0,2,1,1
7,1.3457994534493356,7.703671818986196,RD7_F4_m4f7_P4_Y10_UO377,RD4_F8_m4f7_P4_Y8_UO146,RD7_F4_m8f4_P8_Y8_UO197,MXY,3,0.0,1,0,0.0,0,0,0,-9999.0,0.53125,1,P4_CV0,1,2,0,0,2
7,1.3457994534493356,7.703671818986196,RD7_F4_m6f9_P6_Y9_UO334,RD6_F9_m6f3_P6_Y7_UO309,RD9_F6_m6f2_P6_Y4_UO324,MXY,4,0.0,1,0,0.0,0,0,0,-9999.0,0.65625,1,P4_CV0,1,1,1,0,2
7,1.3457994534493356,7.703671818986196,RD7_F3_m3f5_P3_Y12_UO55,RD3_F6_m3f7_P3_Y10_UO172,RD5_F3_m5f1_P5_Y10_UO618,FXX,1,0.0,0,0,0.0,0,0,0,-9999.0,0.51171875,1,P5_CV0,1,1,1,1,1
7,1.3457994534493356,7.703671818986196,RD7_F3_m3f5_P3_Y12_UO122,RD3_F2_m5f3_P5_Y10_UO517,RD5_F3_m5f1_P5_Y10_UO289,MXY,1,0.0,0,0,0.0,0,0,0,-9999.0,0.47265625,1,P5_CV0,1,1,1,0,2
7,1.3457994534493356,7.703671818986196,RD7_F3_m3f5_P3_Y12_UO127,RD3_F2_m5f3_P5_Y10_UO517,RD5_F3_m5f1_P5_Y10_UO289,FXX,1,0.0,0,0,0.0,0,0,0,-9999.0,0.47265625,1,P5_CV0,1,2,0,0,2
7,1.3457994534493356,7.703671818986196,RD7_F3_m3f2_P3_Y12_UO474,RD3_F7_m4f8_P4_Y10_UO163,RD2_F9_m6f9_P6_Y10_UO393,MXY,1,0.0,0,0,0.0,0,0,0,-9999.0,0.54296875,1,P5_CV0,1,2,0,2,0
7,1.3457994534493356,7.703671818986196,RD7_F3_m3f2_P3_Y12_UO477,RD3_F7_m4f8_P4_Y10_UO163,RD2_F9_m6f9_P6_Y10_UO393,MXY,1,0.0,0,0,0.0,0,0,0,-9999.0,0.54296875,1,P5_CV0,1,2,0,1,1
7,1.3457994534493356,7.703671818986196,RD7_F3_m3f2_P3_Y12_UO642,RD3_F2_m5f3_P5_Y10_UO517,RD2_F9_m6f9_P6_Y10_UO14,FXX,1,0.0,0,0,0.0,0,0,0,-9999.0,0.46875,1,P5_CV0,1,2,0,0,2
7,1.3457994534493356,7.703671818986196,RD7_F4_m4f8_P4_Y12_UO164,RD4_F8_m4f8_P4_Y10_UO426,RD8_F4_m7f4_P7_Y10_UO445,MXY,1,0.0,0,0,0.0,0,0,0,-9999.0,0.5625,1,P5_CV0,1,2,0,2,0
7,1.3457994534493356,7.703671818986196,RD7_F4_m4f8_P4_Y12_UO459,RD4_F8_m4f8_P4_Y10_UO426,RD8_F4_m4f8_P4_Y9_UO442,MXY,1,0.0,0,0,0.0,0,0,0,-9999.0,0.58203125,1,P5_CV0,1,1,1,2,0
7,1.3457994534493356,7.703671818986196,RD7_F4_m4f8_P4_Y12_UO465,RD4_F8_m4f7_P4_Y10_UO127,RD8_F4_m7f3_P7_Y10_UO615,MXY,1,0.0,0,0,0.0,0,0,0,-9999.0,0.58984375,1,P5_CV0,1,1,1,0,2
7,1.3457994534493356,7.703671818986196,RD7_F4_m4f8_P4_Y12_UO680,RD4_F7_m4f8_P4_Y10_UO251,RD8_F4_m7f3_P7_Y10_UO615,MXY,1,0.0,0,0,0.0,0,0,0,-9999.0,0.609375,1,P5_CV0,1,2,0,1,1
7,1.3457994534493356,7.703671818986196,RD7_F4_m4f8_P4_Y12_UO681,RD4_F7_m4f8_P4_Y10_UO251,RD8_F4_m7f3_P7_Y10_UO615,FXX,1,0.0,0,0,0.0,0,0,0,-9999.0,0.609375,1,P5_CV0,1,2,0,0,2
7,1.3457994534493356,7.703671818986196,RD7_F3_m7f3_P7_Y11_UO157,RD7_F4_m8f4_P8_Y9_UO6,RD3_F5_m1f5_P1_Y9_UO86,MXY,2,0.0,1,0,0.0,0,0,0,-9999.0,0.5390625,1,P5_CV0,1,1,1,1,1
7,1.3457994534493356,7.703671818986196,RD7_F3_m7f3_P7_Y11_UO254,RD7_F4_m8f4_P8_Y9_UO6,RD3_F2_m2f9_P2_Y8_UO636,FXX,2,0.0,1,0,1.0,0,0,0,-9999.0,0.6015625,1,P5_CV0,1,0,2,0,2
7,1.3457994534493356,7.703671818986196,RD7_F4_m7f3_P7_Y11_UO159,RD7_F4_m8f4_P8_Y9_UO6,RD3_F5_m1f5_P1_Y9_UO86,MXY,2,0.0,1,0,0.0,0,0,0,-9999.0,0.5390625,1,P5_CV0,1,0,2,1,1
7,1.3457994534493356,7.703671818986196,RD7_F3_m6f2_P6_Y10_UO314,RD6_F2_m6f2_P6_Y8_UO551,RD2_F6_m2f9_P2_Y8_UO636,MXY,3,0.0,1,0,0.0,0,0,0,-9999.0,0.546875,1,P5_CV0,1,0,2,1,1
7,1.3457994534493356,7.703671818986196,RD7_F3_m3f7_P3_Y12_UO91,RD3_F7_m4f8_P4_Y10_UO135,RD7_F3_m5f3_P5_Y10_UO657,FXX,1,0.0,0,0,0.0,0,0,0,-9999.0,0.52734375,1,P7_CV0,1,0,2,0,2
7,1.3457994534493356,7.703671818986196,RD7_F4_m4f7_P4_Y12_UO83,RD4_F8_m4f8_P4_Y10_UO134,RD7_F3_m2f3_P2_Y10_UO346,MXY,1,0.0,0,0,0.0,0,0,0,-9999.0,0.4921875,1,P7_CV0,1,0,2,0,2
7,1.3457994534493356,7.703671818986196,RD7_F4_m4f7_P4_Y12_UO323,RD4_F8_m4f8_P4_Y10_UO134,RD7_F3_m2f3_P2_Y10_UO346,FXX,1,0.0,0,0,0.0,0,0,0,-9999.0,0.4921875,1,P7_CV0,1,1,1,0,2
7,1.3457994534493356,7.703671818986196,RD7_F4_m4f7_P4_Y12_UO324,RD4_F8_m4f8_P4_Y10_UO134,RD7_F3_m2f3_P2_Y10_UO346,FXX,1,0.0,0,0,0.0,0,0,0,-9999.0,0.4921875,1,P7_CV0,1,1,1,1,1
7,1.3457994534493356,7.703671818986196,RD7_F4_m4f7_P4_Y12_UO564,RD4_F8_m4f8_P4_Y10_UO134,RD7_F3_m5f1_P5_Y10_UO235,FXX,1,0.0,0,0,0.0,0,0,0,-9999.0,0.5234375,1,P7_CV0,1,1,1,2,0
7,1.3457994534493356,7.703671818986196,RD7_F4_m4f7_P4_Y12_UO691,RD4_F7_m4f8_P4_Y10_UO397,RD7_F4_m7f4_P7_Y10_UO226,MXY,1,0.0,0,0,0.0,0,0,0,-9999.0,0.6015625,1,P7_CV0,1,1,1,1,1
7,1.3457994534493356,7.703671818986196,RD7_F3_m3f2_P3_Y12_UO353,RD3_F2_m9f6_P9_Y10_UO79,RD2_F3_m7f4_P7_Y10_UO587,FXX,1,0.0,0,0,0.0,0,0,0,-9999.0,0.51953125,1,P8_CV0,1,1,1,2,0
7,1.3457994534493356,7.703671818986196,RD7_F3_m3f7_P3_Y12_UO520,RD3_F6_m3f5_P3_Y10_UO552,RD7_F4_m7f4_P7_Y10_UO226,MXY,1,0.0,0,0,0.0,0,0,0,-9999.0,0.5078125,1,P8_CV0,1,2,0,0,2
7,1.3457994534493356,7.703671818986196,RD7_F4_m4f8_P4_Y12_UO32,RD4_F7_m4f8_P4_Y10_UO160,RD8_F4_m7f4_P7_Y10_UO450,MXY,1,0.0,0,0,0.0,0,0,0,-9999.0,0.55859375,1,P8_CV0,1,1,1,2,0
7,1.3457994534493356,7.703671818986196,RD7_F4_m4f8_P4_Y12_UO163,RD4_F8_m4f8_P4_Y10_UO426,RD8_F4_m7f4_P7_Y10_UO445,FXX,1,0.0,0,0,0.0,0,0,0,-9999.0,0.5625,1,P8_CV0,1,2,0,2,0
7,1.3457994534493356,7.703671818986196,RD7_F4_m4f8_P4_Y12_UO165,RD4_F8_m4f8_P4_Y10_UO426,RD8_F4_m7f4_P7_Y10_UO445,FXX,1,0.0,0,0,0.0,0,0,0,-9999.0,0.5625,1,P8_CV0,1,2,0,2,0
7,1.3457994534493356,7.703671818986196,RD7_F4_m4f8_P4_Y12_UO463,RD4_F8_m4f7_P4_Y10_UO127,RD8_F4_m7f3_P7_Y10_UO615,FXX,1,0.0,0,0,0.0,0,0,0,-9999.0,0.58984375,1,P8_CV0,1,1,1,0,2
7,1.3457994534493356,7.703671818986196,RD7_F3_m2f9_P2_Y11_UO109,RD2_F5_m2f9_P2_Y9_UO267,RD9_F6_m2f9_P2_Y8_UO635,MXY,2,0.0,1,0,0.0,0,0,0,-9999.0,0.578125,1,P8_CV0,1,1,1,2,0
7,1.3457994534493356,7.703671818986196,RD7_F3_m9f6_P9_Y10_UO80,RD9_F6_m3f6_P3_Y8_UO311,RD6_F9_m6f9_P6_Y8_UO65,FXX,3,0.0,1,0,1.0,0,0,0,-9999.0,0.5,1,P8_CV0,1,0,2,2,0
8,1.8443986564691528,11.780027217250101,RD8_F4_m4f7_P4_Y12_UO33,RD4_F7_m4f8_P4_Y10_UO512,RD7_F3_m6f2_P6_Y10_UO313,FXX,1,0.0,0,0,0.0,0,0,0,-9999.0,0.56640625,1,P1_CV0,1,0,2,2,0
8,1.8443986564691528,11.780027217250101,RD8_F4_m4f7_P4_Y12_UO34,RD4_F7_m4f8_P4_Y10_UO512,RD7_F3_m6f2_P6_Y10_UO313,MXY,1,0.0,0,0,0.0,0,0,0,-9999.0,0.56640625,1,P1_CV0,1,1,1,1,1
8,1.8443986564691528,11.780027217250101,RD8_F4_m4f7_P4_Y12_UO35,RD4_F7_m4f8_P4_Y10_UO512,RD7_F3_m6f2_P6_Y10_UO313,MXY,1,0.0,0,0,0.0,0,0,0,-9999.0,0.56640625,1,P1_CV0,1,0,2,1,1
8,1.8443986564691528,11.780027217250101,RD8_F4_m4f7_P4_Y12_UO167,RD4_F7_m4f8_P4_Y10_UO166,RD7_F3_m7f4_P7_Y10_UO228,MXY,1,0.0,0,0,0.0,0,0,0,-9999.0,0.53125,1,P1_CV0,1,1,1,0,2
8,1.8443986564691528,11.780027217250101,RD8_F4_m4f7_P4_Y12_UO610,RD4_F8_m4f8_P4_Y10_UO0,RD7_F3_m6f2_P6_Y10_UO313,MXY,1,0.0,0,0,0.0,0,0,0,-9999.0,0.58203125,1,P1_CV0,1,2,0,1,1
8,1.8443986564691528,11.780027217250101,RD8_F4_m8f4_P8_Y11_UO210,RD8_F4_m7f4_P7_Y9_UO152,RD4_F8_m4f8_P4_Y9_UO442,FXX,2,0.0,1,0,1.0,0,0,0,-9999.0,0.59375,1,P1_CV0,1,0,2,1,1
8,1.8443986564691528,11.780027217250101,RD8_F4_m3f6_P3_Y10_UO117,RD3_F2_m9f2_P9_Y8_UO602,RD6_F9_m6f2_P6_Y8_UO550,MXY,3,0.0,1,0,0.0,0,0,0,-9999.0,0.5234375,1,P1_CV0,1,0,2,2,0
8,1.8443986564691528,11.780027217250101,RD8_F4_m4f8_P4_Y12_UO31,RD4_F7_m4f8_P4_Y10_UO160,RD8_F4_m7f4_P7_Y10_UO450,FXX,1,0.0,0,0,0.0,0,0,0,-9999.0,0.55859375,1,P2_CV0,1,2,0,1,1
8,1.8443986564691528,11.780027217250101,RD8_F4_m4f7_P4_Y12_UO61,RD4_F7_m4f8_P4_Y10_UO160,RD7_F4_m7f4_P7_Y10_UO226,FXX,1,0.0,0,0,0.0,0,0,0,-9999.0,0.56640625,1,P2_CV0,1,1,1,1,1
8,1.8443986564691528,11.780027217250101,RD8_F4_m4f7_P4_Y12_UO131,RD4_F8_m4f8_P4_Y10_UO164,RD7_F3_m5f3_P5_Y10_UO657,MXY,1,0.0,0,0,0.0,0,0,0,-9999.0,0.53515625,1,P2_CV0,1,1,1,2,0
8,1.8443986564691528,11.780027217250101,RD8_F4_m4f7_P4_Y12_UO369,RD4_F8_m4f8_P4_Y10_UO164,RD7_F4_m7f4_P7_Y10_UO451,MXY,1,0.0,0,0,0.0,0,0,0,-9999.0,0.57421875,1,P2_CV0,1,2,0,2,0
8,1.8443986564691528,11.780027217250101,RD8_F4_m4f8_P4_Y12_UO427,RD4_F7_m4f8_P4_Y10_UO160,RD8_F4_m8f4_P8_Y10_UO574,MXY,1,0.0,0,0,0.0,0,0,0,-9999.0,0.54296875,1,P2_CV0,1,0,2,1,1
8,1.8443986564691528,11.780027217250101,RD8_F4_m4f7_P4_Y12_UO58,RD4_F7_m4f8_P4_Y10_UO160,RD7_F4_m7f4_P7_Y10_UO226,MXY,1,0.0,0,0,0.0,0,0,0,-9999.0,0.56640625,1,P3_CV0,1,1,1,1,1
8,1.8443986564691528,11.780027217250101,RD8_F4_m4f7_P4_Y12_UO132,RD4_F8_m4f8_P4_Y10_UO164,RD7_F3_m5f3_P5_Y10_UO657,MXY,1,0.0,0,0,0.0,0,0,0,-9999.0,0.53515625,1,P3_CV0,1,1,1,1,1
8,1.8443986564691528,11.780027217250101,RD8_F4_m4f7_P4_Y12_UO166,RD4_F7_m4f8_P4_Y10_UO166,RD7_F3_m7f4_P7_Y10_UO228,FXX,1,0.0,0,0,0.0,0,0,0,-9999.0,0.53125,1,P3_CV0,1,1,1,0,2
8,1.8443986564691528,11.780027217250101,RD8_F4_m4f7_P4_Y12_UO168,RD4_F7_m4f8_P4_Y10_UO166,RD7_F3_m7f4_P7_Y10_UO228,MXY,1,0.0,0,0,0.0,0,0,0,-9999.0,0.53125,1,P3_CV0,1,2,0,1,1
8,1.8443986564691528,11.780027217250101,RD8_F4_m4f7_P4_Y12_UO169,RD4_F7_m4f8_P4_Y10_UO166,RD7_F3_m7f4_P7_Y10_UO228,MXY,1,0.0,0,0,0.0,0,0,0,-9999.0,0.53125,1,P3_CV0,1,2,0,1,1
8,1.8443986564691528,11.780027217250101,RD8_F4_m4f7_P4_Y12_UO280,RD4_F7_m4f8_P4_Y10_UO512,RD7_F3_m7f4_P7_Y10_UO228,FXX,1,0.0,0,0,0.0,0,0,0,-9999.0,0.578125,1,P3_CV0,1,2,0,1,1
8,1.8443986564691528,11.780027217250101,RD8_F4_m4f7_P4_Y12_UO281,RD4_F8_m4f8_P4_Y10_UO508,RD7_F3_m7f4_P7_Y10_UO228,MXY,1,0.0,0,0,0.0,0,0,0,-9999.0,0.5234375,1,P3_CV0,1,0,2,2,0
8,1.8443986564691528,11.780027217250101,RD8_F4_m4f7_P4_Y12_UO282,RD4_F8_m4f8_P4_Y10_UO508,RD7_F3_m7f4_P7_Y10_UO228,MXY,1,0.0,0,0,0.0,0,0,0,-9999.0,0.5234375,1,P3_CV0,1,0,2,1,1
8,1.8443986564691528,11.780027217250101,RD8_F4_m4f7_P4_Y12_UO311,RD4_F7_m4f8_P4_Y10_UO133,RD7_F3_m7f4_P7_Y10_UO228,MXY,1,0.0,0,0,0.0,0,0,0,-9999.0,0.55859375,1,P3_CV0,1,0,2,1,1
8,1.8443986564691528,11.780027217250101,RD8_F4_m4f7_P4_Y12_UO314,RD4_F7_m4f8_P4_Y10_UO133,RD7_F3_m7f4_P7_Y10_UO228,FXX,1,0.0,0,0,0.0,0,0,0,-9999.0,0.55859375,1,P3_CV0,1,0,2,1,1
8,1.8443986564691528,11.780027217250101,RD8_F4_m4f7_P4_Y12_UO400,RD4_F8_m4f8_P4_Y10_UO427,RD7_F4_m7f4_P7_Y10_UO451,FXX,1,0.0,0,0,0.0,0,0,0,-9999.0,0.578125,1,P3_CV0,1,1,1,0,2
8,1.8443986564691528,11.780027217250101,RD8_F4_m4f8_P4_Y12_UO425,RD4_F7_m4f8_P4_Y10_UO160,RD8_F4_m8f4_P8_Y10_UO574,MXY,1,0.0,0,0,0.0,0,0,0,-9999.0,0.54296875,1,P3_CV0,1,1,1,0,2
8,1.8443986564691528,11.780027217250101,RD8_F4_m4f8_P4_Y12_UO426,RD4_F7_m4f8_P4_Y10_UO160,RD8_F4_m8f4_P8_Y10_UO574,MXY,1,0.0,0,0,0.0,0,0,0,-9999.0,0.54296875,1,P3_CV0,1,0,2,2,0
8,1.8443986564691528,11.780027217250101,RD8_F4_m8f4_P8_Y11_UO5,RD8_F4_m8f4_P8_Y9_UO273,RD4_F7_m4f8_P4_Y9_UO450,MXY,2,0.0,1,0,0.0,0,0,0,-9999.0,0.5546875,1,P3_CV0,1,1,1,1,1
8,1.8443986564691528,11.780027217250101,RD8_F4_m8f4_P8_Y11_UO3,RD8_F4_m8f4_P8_Y9_UO273,RD4_F7_m4f8_P4_Y9_UO450,MXY,2,0.0,1,0,0.0,0,0,0,-9999.0,0.5546875,1,P3_CV0,1,1,1,1,1
8,1.8443986564691528,11.780027217250101,RD8_F4_m8f4_P8_Y11_UO212,RD8_F4_m7f4_P7_Y9_UO152,RD4_F8_m4f8_P4_Y9_UO442,MXY,2,0.0,1,0,0.0,0,0,0,-9999.0,0.59375,1,P3_CV0,1,1,1,0,2
8,1.8443986564691528,11.780027217250101,RD8_F4_m4f7_P4_Y12_UO88,RD4_F8_m4f8_P4_Y10_UO134,RD7_F3_m2f3_P2_Y10_UO346,MXY,1,0.0,0,0,0.0,0,0,0,-9999.0,0.4921875,1,P4_CV0,1,1,1,1,1
8,1.8443986564691528,11.780027217250101,RD8_F4_m4f7_P4_Y12_UO173,RD4_F7_m4f8_P4_Y10_UO251,RD7_F3_m5f1_P5_Y10_UO235,FXX,1,0.0,0,0,0.0,0,0,0,-9999.0,0.546875,1,P4_CV0,1,1,1,2,0
8,1.8443986564691528,11.780027217250101,RD8_F4_m4f7_P4_Y12_UO283,RD4_F8_m4f8_P4_Y10_UO508,RD7_F3_m7f4_P7_Y10_UO228,FXX,1,0.0,0,0,0.0,0,0,0,-9999.0,0.5234375,1,P4_CV0,1,0,2,1,1
8,1.8443986564691528,11.780027217250101,RD8_F4_m4f7_P4_Y12_UO586,RD4_F7_m4f8_P4_Y10_UO166,RD7_F3_m5f1_P5_Y10_UO235,FXX,1,0.0,0,0,0.0,0,0,0,-9999.0,0.49609375,1,P4_CV0,1,1,1,1,1
8,1.8443986564691528,11.780027217250101,RD8_F4_m4f7_P4_Y12_UO588,RD4_F7_m4f8_P4_Y10_UO166,RD7_F3_m5f1_P5_Y10_UO235,MXY,1,0.0,0,0,0.0,0,0,0,-9999.0,0.49609375,1,P4_CV0,1,1,1,1,1
8,1.8443986564691528,11.780027217250101,RD8_F4_m4f7_P4_Y12_UO589,RD4_F7_m4f8_P4_Y10_UO166,RD7_F3_m5f1_P5_Y10_UO235,FXX,1,0.0,0,0,0.0,0,0,0,-9999.0,0.49609375,1,P4_CV0,1,2,0,1,1
8,1.8443986564691528,11.780027217250101,RD8_F4_m4f7_P4_Y12_UO609,RD4_F8_m4f8_P4_Y10_UO0,RD7_F3_m6f2_P6_Y10_UO313,MXY,1,0.0,0,0,0.0,0,0,0,-9999.0,0.58203125,1,P4_CV0,1,0,2,1,1
8,1.8443986564691528,11.780027217250101,RD8_F4_m4f7_P4_Y12_UO171,RD4_F7_m4f8_P4_Y10_UO251,RD7_F3_m5f1_P5_Y10_UO235,FXX,1,0.0,0,0,0.0,0,0,0,-9999.0,0.546875,1,P5_CV0,1,2,0,1,1
8,1.8443986564691528,11.780027217250101,RD8_F4_m4f8_P4_Y12_UO460,RD4_F8_m4f8_P4_Y10_UO426,RD8_F4_m4f8_P4_Y9_UO442,MXY,1,0.0,0,0,0.0,0,0,0,-9999.0,0.58203125,1,P5_CV0,1,1,1,2,0
8,1.8443986564691528,11.780027217250101,RD8_F4_m4f8_P4_Y12_UO462,RD4_F8_m4f8_P4_Y10_UO426,RD8_F4_m4f8_P4_Y9_UO442,FXX,1,0.0,0,0,0.0,0,0,0,-9999.0,0.58203125,1,P5_CV0,1,2,0,1,1
8,1.8443986564691528,11.780027217250101,RD8_F4_m4f8_P4_Y12_UO464,RD4_F8_m4f7_P4_Y10_UO127,RD8_F4_m7f3_P7_Y10_UO615,FXX,1,0.0,0,0,0.0,0,0,0,-9999.0,0.58984375,1,P5_CV0,1,1,1,1,1
8,1.8443986564691528,11.780027217250101,RD8_F4_m4f8_P4_Y12_UO679,RD4_F7_m4f8_P4_Y10_UO251,RD8_F4_m7f3_P7_Y10_UO615,MXY,1,0.0,0,0,0.0,0,0,0,-9999.0,0.609375,1,P5_CV0,1,1,1,1,1
8,1.8443986564691528,11.780027217250101,RD8_F4_m3f5_P3_Y10_UO551,RD3_F6_m9f2_P9_Y8_UO235,RD5_F1_m5f3_P5_Y8_UO104,MXY,3,0.0,1,0,0.0,0,0,0,-9999.0,0.4453125,1,P5_CV0,1,2,0,1,1
8,1.8443986564691528,11.780027217250101,RD8_F4_m4f7_P4_Y12_UO84,RD4_F8_m4f8_P4_Y10_UO134,RD7_F3_m2f3_P2_Y10_UO346,MXY,1,0.0,0,0,0.0,0,0,0,-9999.0,0.4921875,1,P7_CV0,1,1,1,1,1
8,1.8443986564691528,11.780027217250101,RD8_F4_m4f7_P4_Y12_UO85,RD4_F8_m4f8_P4_Y10_UO134,RD7_F3_m2f3_P2_Y10_UO346,MXY,1,0.0,0,0,0.0,0,0,0,-9999.0,0.4921875,1,P7_CV0,1,1,1,0,2
8,1.8443986564691528,11.780027217250101,RD8_F4_m4f7_P4_Y12_UO86,RD4_F8_m4f8_P4_Y10_UO134,RD7_F3_m2f3_P2_Y10_UO346,FXX,1,0.0,0,0,0.0,0,0,0,-9999.0,0.4921875,1,P7_CV0,1,0,2,0,2
8,1.8443986564691528,11.780027217250101,RD8_F4_m4f7_P4_Y12_UO87,RD4_F8_m4f8_P4_Y10_UO134,RD7_F3_m2f3_P2_Y10_UO346,MXY,1,0.0,0,0,0.0,0,0,0,-9999.0,0.4921875,1,P7_CV0,1,1,1,0,2
8,1.8443986564691528,11.780027217250101,RD8_F4_m4f7_P4_Y12_UO312,RD4_F7_m4f8_P4_Y10_UO133,RD7_F3_m7f4_P7_Y10_UO228,FXX,1,0.0,0,0,0.0,0,0,0,-9999.0,0.55859375,1,P7_CV0,1,1,1,1,1
8,1.8443986564691528,11.780027217250101,RD8_F4_m4f7_P4_Y12_UO313,RD4_F7_m4f8_P4_Y10_UO133,RD7_F3_m7f4_P7_Y10_UO228,FXX,1,0.0,0,0,0.0,0,0,0,-9999.0,0.55859375,1,P7_CV0,1,0,2,0,2
8,1.8443986564691528,11.780027217250101,RD8_F4_m4f7_P4_Y12_UO315,RD4_F7_m4f8_P4_Y10_UO133,RD7_F3_m7f4_P7_Y10_UO228,MXY,1,0.0,0,0,0.0,0,0,0,-9999.0,0.55859375,1,P7_CV0,1,0,2,1,1
8,1.8443986564691528,11.780027217250101,RD8_F4_m4f7_P4_Y12_UO325,RD4_F8_m4f8_P4_Y10_UO134,RD7_F3_m2f3_P2_Y10_UO346,FXX,1,0.0,0,0,0.0,0,0,0,-9999.0,0.4921875,1,P7_CV0,1,1,1,1,1
8,1.8443986564691528,11.780027217250101,RD8_F4_m4f7_P4_Y12_UO562,RD4_F8_m4f8_P4_Y10_UO134,RD7_F3_m5f1_P5_Y10_UO235,MXY,1,0.0,0,0,0.0,0,0,0,-9999.0,0.5234375,1,P7_CV0,1,1,1,1,1
8,1.8443986564691528,11.780027217250101,RD8_F4_m4f7_P4_Y12_UO563,RD4_F8_m4f8_P4_Y10_UO134,RD7_F3_m5f1_P5_Y10_UO235,MXY,1,0.0,0,0,0.0,0,0,0,-9999.0,0.5234375,1,P7_CV0,1,1,1,2,0
8,1.8443986564691528,11.780027217250101,RD8_F4_m4f7_P4_Y12_UO689,RD4_F7_m4f8_P4_Y10_UO397,RD7_F4_m7f4_P7_Y10_UO226,MXY,1,0.0,0,0,0.0,0,0,0,-9999.0,0.6015625,1,P7_CV0,1,2,0,2,0
8,1.8443986564691528,11.780027217250101,RD8_F4_m4f7_P4_Y12_UO690,RD4_F7_m4f8_P4_Y10_UO397,RD7_F4_m7f4_P7_Y10_UO226,FXX,1,0.0,0,0,0.0,0,0,0,-9999.0,0.6015625,1,P7_CV0,1,2,0,2,0
8,1.8443986564691528,11.780027217250101,RD8_F4_m4f8_P4_Y12_UO29,RD4_F7_m4f8_P4_Y10_UO160,RD8_F4_m7f4_P7_Y10_UO450,MXY,1,0.0,0,0,0.0,0,0,0,-9999.0,0.55859375,1,P8_CV0,1,1,1,1,1
8,1.8443986564691528,11.780027217250101,RD8_F4_m4f8_P4_Y12_UO30,RD4_F7_m4f8_P4_Y10_UO160,RD8_F4_m7f4_P7_Y10_UO450,FXX,1,0.0,0,0,0.0,0,0,0,-9999.0,0.55859375,1,P8_CV0,1,2,0,2,0
8,1.8443986564691528,11.780027217250101,RD8_F4_m4f7_P4_Y12_UO279,RD4_F7_m4f8_P4_Y10_UO512,RD7_F3_m7f4_P7_Y10_UO228,FXX,1,0.0,0,0,0.0,0,0,0,-9999.0,0.578125,1,P8_CV0,1,0,2,1,1
8,1.8443986564691528,11.780027217250101,RD8_F4_m4f8_P4_Y12_UO466,RD4_F8_m4f7_P4_Y10_UO127,RD8_F4_m7f3_P7_Y10_UO615,FXX,1,0.0,0,0,0.0,0,0,0,-9999.0,0.58984375,1,P8_CV0,1,1,1,1,1
8,1.8443986564691528,11.780027217250101,RD8_F4_m4f8_P4_Y12_UO682,RD4_F7_m4f8_P4_Y10_UO251,RD8_F4_m7f3_P7_Y10_UO615,FXX,1,0.0,0,0,0.0,0,0,0,-9999.0,0.609375,1,P8_CV0,1,2,0,1,1
9,8.539752926394888,7.413552560728917,RD9_F6_m6f3_P6_Y12_UO328,RD6_F3_m2f5_P2_Y10_UO6,RD3_F5_m1f5_P1_Y10_UO541,MXY,1,0.0,0,0,0.0,0,0,0,-9999.0,0.48046875,1,P0_CV0,1,0,2,2,0
9,8.539752926394888,7.413552560728917,RD9_F6_m6f3_P6_Y12_UO331,RD6_F3_m2f5_P2_Y10_UO6,RD3_F5_m1f5_P1_Y10_UO541,FXX,1,0.0,0,0,0.0,0,0,0,-9999.0,0.48046875,1,P0_CV0,1,0,2,2,0
9,8.539752926394888,7.413552560728917,RD9_F2_m2f9_P2_Y12_UO143,RD2_F3_m2f5_P2_Y10_UO584,RD9_F6_m5f1_P5_Y9_UO358,MXY,1,0.0,0,0,0.0,0,0,0,-9999.0,0.515625,1,P1_CV0,1,1,1,1,1
9,8.539752926394888,7.413552560728917,RD9_F2_m2f9_P2_Y12_UO144,RD2_F3_m2f5_P2_Y10_UO584,RD9_F6_m5f1_P5_Y9_UO358,MXY,1,0.0,0,0,0.0,0,0,0,-9999.0,0.515625,1,P1_CV0,1,1,1,1,1
9,8.539752926394888,7.413552560728917,RD9_F2_m2f6_P2_Y12_UO498,RD2_F9_m2f3_P2_Y10_UO460,RD6_F3_m7f4_P7_Y10_UO484,MXY,1,0.0,0,0,0.0,0,0,0,-9999.0,0.515625,1,P1_CV0,1,1,1,1,1
9,8.539752926394888,7.413552560728917,RD9_F2_m2f6_P2_Y12_UO502,RD2_F9_m2f3_P2_Y10_UO460,RD6_F3_m7f4_P7_Y10_UO484,MXY,1,0.0,0,0,0.0,0,0,0,-9999.0,0.515625,1,P1_CV0,1,1,1,1,1
9,8.539752926394888,7.413552560728917,RD9_F2_m2f6_P2_Y12_UO506,RD2_F9_m2f3_P2_Y10_UO460,RD6_F3_m7f4_P7_Y10_UO484,FXX,1,0.0,0,0,0.0,0,0,0,-9999.0,0.515625,1,P1_CV0,1,1,1,1,1
9,8.539752926394888,7.413552560728917,RD9_F2_m2f6_P2_Y12_UO507,RD2_F9_m2f3_P2_Y10_UO460,RD6_F3_m7f4_P7_Y10_UO484,FXX,1,0.0,0,0,0.0,0,0,0,-9999.0,0.515625,1,P1_CV0,1,1,1,0,2
9,8.539752926394888,7.413552560728917,RD9_F6_m6f9_P6_Y12_UO341,RD6_F3_m7f3_P7_Y10_UO400,RD9_F6_m5f1_P5_Y9_UO358,MXY,1,0.0,0,0,0.0,0,0,0,-9999.0,0.51953125,1,P1_CV0,1,1,1,1,1
9,8.539752926394888,7.413552560728917,RD9_F6_m6f3_P6_Y12_UO366,RD6_F9_m6f9_P6_Y10_UO523,RD3_F5_m1f5_P1_Y10_UO644,MXY,1,0.0,0,0,0.0,0,0,0,-9999.0,0.47265625,1,P1_CV0,1,1,1,0,2
9,8.539752926394888,7.413552560728917,RD9_F6_m6f3_P6_Y12_UO546,RD6_F9_m6f9_P6_Y10_UO523,RD3_F7_m3f6_P3_Y10_UO113,FXX,1,0.0,0,0,0.0,0,0,0,-9999.0,0.515625,1,P1_CV0,1,1,1,1,1
9,8.539752926394888,7.413552560728917,RD9_F6_m6f3_P6_Y12_UO547,RD6_F9_m6f9_P6_Y10_UO523,RD3_F7_m3f6_P3_Y10_UO113,MXY,1,0.0,0,0,0.0,0,0,0,-9999.0,0.515625,1,P1_CV0,1,1,1,1,1
9,8.539752926394888,7.413552560728917,RD9_F6_m6f3_P6_Y12_UO548,RD6_F9_m6f9_P6_Y10_UO523,RD3_F7_m3f6_P3_Y10_UO113,MXY,1,0.0,0,0,0.0,0,0,0,-9999.0,0.515625,1,P1_CV0,1,1,1,2,0
9,8.539752926394888,7.413552560728917,RD9_F6_m6f3_P6_Y12_UO639,RD6_F9_m6f9_P6_Y10_UO201,RD3_F7_m3f5_P3_Y10_UO102,FXX,1,0.0,0,0,0.0,0,0,0,-9999.0,0.48828125,1,P1_CV0,1,1,1,2,0
9,8.539752926394888,7.413552560728917,RD9_F6_m6f3_P6_Y12_UO641,RD6_F9_m6f9_P6_Y10_UO201,RD3_F7_m3f5_P3_Y10_UO102,FXX,1,0.0,0,0,0.0,0,0,0,-9999.0,0.48828125,1,P1_CV0,1,1,1,2,0
9,8.539752926394888,7.413552560728917,RD9_F2_m5f1_P5_Y11_UO137,RD5_F1_m5f3_P5_Y9_UO405,RD1_F5_m1f5_P1_Y9_UO30,MXY,2,0.0,1,0,0.0,0,0,0,-9999.0,0.4453125,1,P1_CV0,1,1,1,2,0
9,8.539752926394888,7.413552560728917,RD9_F6_m9f6_P9_Y11_UO67,RD9_F2_m5f2_P5_Y9_UO291,RD6_F2_m5f1_P5_Y9_UO210,FXX,2,0.0,1,0,1.0,0,0,0,-9999.0,0.53125,1,P1_CV0,1,2,0,1,1
9,8.539752926394888,7.413552560728917,RD9_F2_m9f6_P9_Y10_UO75,RD9_F6_m3f6_P3_Y8_UO311,RD6_F9_m6f9_P6_Y8_UO65,MXY,3,0.0,1,0,0.0,0,0,0,-9999.0,0.5,1,P1_CV0,1,0,2,2,0
9,8.539752926394888,7.413552560728917,RD9_F2_m2f6_P2_Y12_UO397,RD2_F3_m6f2_P6_Y10_UO43,RD6_F9_m6f9_P6_Y10_UO259,MXY,1,0.0,0,0,0.0,0,0,0,-9999.0,0.48828125,1,P2_CV0,1,1,1,1,1
9,8.539752926394888,7.413552560728917,RD9_F6_m6f3_P6_Y12_UO285,RD6_F9_m6f9_P6_Y10_UO561,RD3_F7_m3f5_P3_Y10_UO102,MXY,1,0.0,0,0,0.0,0,0,0,-9999.0,0.515625,1,P2_CV0,1,2,0,2,0
9,8.539752926394888,7.413552560728917,RD9_F6_m6f3_P6_Y12_UO287,RD6_F9_m6f9_P6_Y10_UO561,RD3_F7_m3f5_P3_Y10_UO102,FXX,1,0.0,0,0,0.0,0,0,0,-9999.0,0.515625,1,P2_CV0,1,2,0,2,0
9,8.539752926394888,7.413552560728917,RD9_F6_m9f2_P9_Y11_UO126,RD9_F2_m5f2_P5_Y9_UO291,RD2_F9_m2f3_P2_Y8_UO505,MXY,2,0.0,1,0,0.0,0,0,0,-9999.0,0.5,1,P2_CV0,1,1,1,1,1
9,8.539752926394888,7.413552560728917,RD9_F2_m2f9_P2_Y12_UO97,RD2_F9_m6f9_P6_Y10_UO258,RD9_F2_m9f6_P9_Y9_UO38,FXX,1,0.0,0,0,0.0,0,0,0,-9999.0,0.46484375,1,P3_CV0,1,0,2,1,1
9,8.539752926394888,7.413552560728917,RD9_F2_m2f9_P2_Y12_UO98,RD2_F9_m6f9_P6_Y10_UO258,RD9_F2_m9f6_P9_Y9_UO38,FXX,1,0.0,0,0,0.0,0,0,0,-9999.0,0.46484375,1,P3_CV0,1,1,1,1,1
9,8.539752926394888,7.413552560728917,RD9_F2_m2f9_P2_Y12_UO100,RD2_F9_m6f9_P6_Y10_UO258,RD9_F2_m9f6_P9_Y9_UO38,FXX,1,0.0,0,0,0.0,0,0,0,-9999.0,0.46484375,1,P3_CV0,1,1,1,0,2
9,8.539752926394888,7.413552560728917,RD9_F2_m2f9_P2_Y12_UO101,RD2_F9_m6f9_P6_Y10_UO258,RD9_F2_m9f6_P9_Y9_UO38,MXY,1,0.0,0,0,0.0,0,0,0,-9999.0,0.46484375,1,P3_CV0,1,1,1,1,1
9,8.539752926394888,7.413552560728917,RD9_F2_m2f5_P2_Y12_UO489,RD2_F9_m6f9_P6_Y10_UO258,RD5_F1_m5f3_P5_Y10_UO656,FXX,1,0.0,0,0,0.0,0,0,0,-9999.0,0.484375,1,P3_CV0,1,1,1,2,0
9,8.539752926394888,7.413552560728917,RD9_F2_m2f6_P2_Y12_UO499,RD2_F9_m2f3_P2_Y10_UO460,RD6_F3_m7f4_P7_Y10_UO484,FXX,1,0.0,0,0,0.0,0,0,0,-9999.0,0.515625,1,P3_CV0,1,2,0,0,2
9,8.539752926394888,7.413552560728917,RD9_F2_m2f6_P2_Y12_UO501,RD2_F9_m2f3_P2_Y10_UO460,RD6_F3_m7f4_P7_Y10_UO484,MXY,1,0.0,0,0,0.0,0,0,0,-9999.0,0.515625,1,P3_CV0,1,2,0,2,0
9,8.539752926394888,7.413552560728917,RD9_F2_m2f6_P2_Y12_UO503,RD2_F9_m2f3_P2_Y10_UO460,RD6_F3_m7f4_P7_Y10_UO484,MXY,1,0.0,0,0,0.0,0,0,0,-9999.0,0.515625,1,P3_CV0,1,2,0,1,1
9,8.539752926394888,7.413552560728917,RD9_F2_m2f6_P2_Y12_UO508,RD2_F9_m2f3_P2_Y10_UO460,RD6_F3_m7f4_P7_Y10_UO484,MXY,1,0.0,0,0,0.0,0,0,0,-9999.0,0.515625,1,P3_CV0,1,1,1,0,2
9,8.539752926394888,7.413552560728917,RD9_F2_m2f5_P2_Y12_UO510,RD2_F3_m7f4_P7_Y10_UO218,RD5_F1_m5f3_P5_Y10_UO656,FXX,1,0.0,0,0,0.0,0,0,0,-9999.0,0.5,1,P3_CV0,1,2,0,1,1
9,8.539752926394888,7.413552560728917,RD9_F6_m6f2_P6_Y12_UO46,RD6_F3_m7f3_P7_Y10_UO261,RD2_F5_m1f5_P1_Y10_UO373,FXX,1,0.0,0,0,0.0,0,0,0,-9999.0,0.49609375,1,P3_CV0,1,2,0,1,1
9,8.539752926394888,7.413552560728917,RD9_F6_m6f9_P6_Y12_UO150,RD6_F3_m7f3_P7_Y10_UO400,RD9_F2_m6f2_P6_Y10_UO310,FXX,1,0.0,0,0,0.0,0,0,0,-9999.0,0.51171875,1,P3_CV0,1,1,1,1,1
9,8.539752926394888,7.413552560728917,RD9_F6_m6f2_P6_Y12_UO273,RD6_F9_m6f9_P6_Y10_UO561,RD2_F9_m6f9_P6_Y10_UO468,FXX,1,0.0,0,0,0.0,0,0,0,-9999.0,0.51171875,1,P3_CV0,1,2,0,2,0
9,8.539752926394888,7.413552560728917,RD9_F6_m6f2_P6_Y12_UO274,RD6_F9_m6f9_P6_Y10_UO561,RD2_F9_m6f9_P6_Y10_UO468,FXX,1,0.0,0,0,0.0,0,0,0,-9999.0,0.51171875,1,P3_CV0,1,2,0,2,0
9,8.539752926394888,7.413552560728917,RD9_F6_m6f2_P6_Y12_UO275,RD6_F9_m6f9_P6_Y10_UO561,RD2_F9_m6f9_P6_Y10_UO468,FXX,1,0.0,0,0,0.0,0,0,0,-9999.0,0.51171875,1,P3_CV0,1,2,0,2,0
9,8.539752926394888,7.413552560728917,RD9_F6_m6f2_P6_Y12_UO276,RD6_F9_m6f9_P6_Y10_UO561,RD2_F9_m6f9_P6_Y10_UO468,MXY,1,0.0,0,0,0.0,0,0,0,-9999.0,0.51171875,1,P3_CV0,1,2,0,2,0
9,8.539752926394888,7.413552560728917,RD9_F6_m6f2_P6_Y12_UO277,RD6_F9_m6f9_P6_Y10_UO561,RD2_F9_m6f9_P6_Y10_UO468,MXY,1,0.0,0,0,0.0,0,0,0,-9999.0,0.51171875,1,P3_CV0,1,2,0,2,0
9,8.539752926394888,7.413552560728917,RD9_F6_m6f3_P6_Y12_UO288,RD6_F9_m6f9_P6_Y10_UO561,RD3_F7_m3f5_P3_Y10_UO102,FXX,1,0.0,0,0,0.0,0,0,0,-9999.0,0.515625,1,P3_CV0,1,1,1,2,0
9,8.539752926394888,7.413552560728917,RD9_F6_m6f9_P6_Y12_UO344,RD6_F3_m7f3_P7_Y10_UO400,RD9_F6_m5f1_P5_Y9_UO358,MXY,1,0.0,0,0,0.0,0,0,0,-9999.0,0.51953125,1,P3_CV0,1,1,1,1,1
9,8.539752926394888,7.413552560728917,RD9_F6_m6f3_P6_Y12_UO541,RD6_F3_m7f3_P7_Y10_UO261,RD3_F6_m2f5_P2_Y9_UO14,MXY,1,0.0,0,0,0.0,0,0,0,-9999.0,0.55859375,1,P3_CV0,1,2,0,0,2
9,8.539752926394888,7.413552560728917,RD9_F6_m6f3_P6_Y12_UO687,RD6_F9_m6f3_P6_Y10_UO29,RD3_F6_m3f5_P3_Y10_UO279,FXX,1,0.0,0,0,0.0,0,0,0,-9999.0,0.5234375,1,P3_CV0,1,0,2,2,0
9,8.539752926394888,7.413552560728917,RD9_F2_m3f6_P3_Y11_UO368,RD3_F6_m9f6_P9_Y9_UO45,RD6_F3_m7f4_P7_Y9_UO154,MXY,2,0.0,1,0,0.0,0,0,0,-9999.0,0.53125,1,P3_CV0,1,1,1,2,0
9,8.539752926394888,7.413552560728917,RD9_F2_m3f2_P3_Y11_UO473,RD3_F6_m9f6_P9_Y9_UO45,RD2_F6_m9f6_P9_Y9_UO38,FXX,2,0.0,1,0,1.0,0,0,0,-9999.0,0.46875,1,P3_CV0,1,0,2,1,1
9,8.539752926394888,7.413552560728917,RD9_F6_m9f2_P9_Y11_UO121,RD9_F2_m5f2_P5_Y9_UO291,RD2_F9_m2f3_P2_Y8_UO505,MXY,2,0.0,1,0,0.0,0,0,0,-9999.0,0.5,1,P3_CV0,1,1,1,0,2
9,8.539752926394888,7.413552560728917,RD9_F6_m2f5_P2_Y11_UO493,RD2_F6_m9f6_P9_Y9_UO43,RD5_F1_m5f3_P5_Y9_UO225,FXX,2,0.0,1,0,1.0,0,0,0,-9999.0,0.5234375,1,P3_CV0,1,1,1,2,0
9,8.539752926394888,7.413552560728917,RD9_F2_m2f5_P2_Y12_UO208,RD2_F9_m6f9_P6_Y10_UO258,RD5_F1_m5f1_P5_Y10_UO549,MXY,1,0.0,0,0,0.0,0,0,0,-9999.0,0.453125,1,P4_CV0,1,2,0,1,1
9,8.539752926394888,7.413552560728917,RD9_F2_m2f5_P2_Y12_UO211,RD2_F9_m6f9_P6_Y10_UO258,RD5_F1_m5f1_P5_Y10_UO549,MXY,1,0.0,0,0,0.0,0,0,0,-9999.0,0.453125,1,P4_CV0,1,2,0,2,0
9,8.539752926394888,7.413552560728917,RD9_F2_m2f6_P2_Y12_UO393,RD2_F3_m6f2_P6_Y10_UO43,RD6_F9_m6f9_P6_Y10_UO259,MXY,1,0.0,0,0,0.0,0,0,0,-9999.0,0.48828125,1,P4_CV0,1,0,2,1,1
9,8.539752926394888,7.413552560728917,RD9_F2_m2f6_P2_Y12_UO395,RD2_F3_m6f2_P6_Y10_UO43,RD6_F9_m6f9_P6_Y10_UO259,FXX,1,0.0,0,0,0.0,0,0,0,-9999.0,0.48828125,1,P4_CV0,1,1,1,1,1
9,8.539752926394888,7.413552560728917,RD9_F6_m6f2_P6_Y12_UO289,RD6_F2_m5f1_P5_Y10_UO204,RD2_F6_m9f6_P9_Y10_UO364,MXY,1,0.0,0,0,0.0,0,0,0,-9999.0,0.5,1,P4_CV0,1,2,0,1,1
9,8.539752926394888,7.413552560728917,RD9_F6_m6f2_P6_Y12_UO290,RD6_F2_m5f1_P5_Y10_UO204,RD2_F6_m9f6_P9_Y10_UO364,MXY,1,0.0,0,0,0.0,0,0,0,-9999.0,0.5,1,P4_CV0,1,2,0,1,1
9,8.539752926394888,7.413552560728917,RD9_F6_m6f2_P6_Y12_UO291,RD6_F2_m5f1_P5_Y10_UO204,RD2_F6_m9f6_P9_Y10_UO364,MXY,1,0.0,0,0,0.0,0,0,0,-9999.0,0.5,1,P4_CV0,1,2,0,2,0
9,8.539752926394888,7.413552560728917,RD9_F6_m6f2_P6_Y12_UO294,RD6_F2_m5f1_P5_Y10_UO204,RD2_F6_m9f6_P9_Y10_UO364,FXX,1,0.0,0,0,0.0,0,0,0,-9999.0,0.5,1,P4_CV0,1,1,1,2,0
9,8.539752926394888,7.413552560728917,RD9_F6_m6f3_P6_Y12_UO685,RD6_F9_m6f3_P6_Y10_UO29,RD3_F6_m3f5_P3_Y10_UO279,MXY,1,0.0,0,0,0.0,0,0,0,-9999.0,0.5234375,1,P4_CV0,1,0,2,1,1
9,8.539752926394888,7.413552560728917,RD9_F2_m5f3_P5_Y11_UO287,RD5_F3_m7f4_P7_Y9_UO319,RD3_F7_m8f4_P8_Y8_UO288,MXY,2,0.0,1,0,0.0,0,0,0,-9999.0,0.46875,1,P4_CV0,1,0,2,0,2
9,8.539752926394888,7.413552560728917,RD9_F6_m9f2_P9_Y11_UO263,RD9_F2_m9f2_P9_Y9_UO163,RD2_F9_m6f3_P6_Y9_UO109,MXY,2,0.0,1,0,0.0,0,0,0,-9999.0,0.4609375,1,P4_CV0,1,0,2,2,0
9,8.539752926394888,7.413552560728917,RD9_F6_m6f9_P6_Y10_UO254,RD6_F9_m6f9_P6_Y8_UO581,RD9_F6_m9f2_P9_Y8_UO330,FXX,3,0.0,1,0,1.0,0,0,0,-9999.0,0.4609375,1,P4_CV0,1,0,2,1,1
9,8.539752926394888,7.413552560728917,RD9_F6_m6f9_P6_Y10_UO257,RD6_F9_m6f9_P6_Y8_UO581,RD9_F6_m9f2_P9_Y8_UO330,FXX,3,0.0,1,0,1.0,0,0,0,-9999.0,0.4609375,1,P4_CV0,1,0,2,2,0
9,8.539752926394888,7.413552560728917,RD9_F2_m2f5_P2_Y12_UO213,RD2_F9_m6f9_P6_Y10_UO258,RD5_F1_m5f1_P5_Y10_UO549,FXX,1,0.0,0,0,0.0,0,0,0,-9999.0,0.453125,1,P5_CV0,1,1,1,1,1
9,8.539752926394888,7.413552560728917,RD9_F2_m2f3_P2_Y12_UO375,RD2_F3_m7f4_P7_Y10_UO215,RD3_F5_m1f5_P1_Y10_UO647,FXX,1,0.0,0,0,0.0,0,0,0,-9999.0,0.46484375,1,P5_CV0,1,2,0,0,2
9,8.539752926394888,7.413552560728917,RD9_F2_m2f5_P2_Y12_UO386,RD2_F9_m6f9_P6_Y10_UO258,RD5_F1_m5f1_P5_Y10_UO316,MXY,1,0.0,0,0,0.0,0,0,0,-9999.0,0.4609375,1,P5_CV0,1,2,0,0,2
9,8.539752926394888,7.413552560728917,RD9_F2_m2f5_P2_Y12_UO388,RD2_F9_m6f9_P6_Y10_UO258,RD5_F1_m5f1_P5_Y10_UO316,MXY,1,0.0,0,0,0.0,0,0,0,-9999.0,0.4609375,1,P5_CV0,1,2,0,0,2
9,8.539752926394888,7.413552560728917,RD9_F2_m2f5_P2_Y12_UO390,RD2_F9_m6f9_P6_Y10_UO258,RD5_F1_m5f1_P5_Y10_UO316,MXY,1,0.0,0,0,0.0,0,0,0,-9999.0,0.4609375,1,P5_CV0,1,2,0,0,2
9,8.539752926394888,7.413552560728917,RD9_F2_m2f6_P2_Y12_UO494,RD2_F3_m7f4_P7_Y10_UO218,RD6_F9_m6f9_P6_Y10_UO559,MXY,1,0.0,0,0,0.0,0,0,0,-9999.0,0.50390625,1,P5_CV0,1,2,0,1,1
9,8.539752926394888,7.413552560728917,RD9_F2_m2f5_P2_Y12_UO512,RD2_F3_m7f4_P7_Y10_UO218,RD5_F1_m5f3_P5_Y10_UO656,FXX,1,0.0,0,0,0.0,0,0,0,-9999.0,0.5,1,P5_CV0,1,2,0,1,1
9,8.539752926394888,7.413552560728917,RD9_F2_m2f5_P2_Y12_UO515,RD2_F3_m7f4_P7_Y10_UO218,RD5_F1_m5f3_P5_Y10_UO656,FXX,1,0.0,0,0,0.0,0,0,0,-9999.0,0.5,1,P5_CV0,1,2,0,1,1
9,8.539752926394888,7.413552560728917,RD9_F2_m2f5_P2_Y12_UO516,RD2_F3_m7f4_P7_Y10_UO218,RD5_F1_m5f3_P5_Y10_UO656,FXX,1,0.0,0,0,0.0,0,0,0,-9999.0,0.5,1,P5_CV0,1,2,0,1,1
9,8.539752926394888,7.413552560728917,RD9_F6_m6f9_P6_Y12_UO153,RD6_F3_m7f3_P7_Y10_UO400,RD9_F2_m6f2_P6_Y10_UO310,FXX,1,0.0,0,0,0.0,0,0,0,-9999.0,0.51171875,1,P5_CV0,1,0,2,1,1
9,8.539752926394888,7.413552560728917,RD9_F6_m6f2_P6_Y12_UO307,RD6_F9_m6f9_P6_Y10_UO254,RD2_F5_m1f5_P1_Y10_UO184,FXX,1,0.0,0,0,0.0,0,0,0,-9999.0,0.453125,1,P5_CV0,1,0,2,2,0
9,8.539752926394888,7.413552560728917,RD9_F6_m6f3_P6_Y12_UO329,RD6_F3_m2f5_P2_Y10_UO6,RD3_F5_m1f5_P1_Y10_UO541,MXY,1,0.0,0,0,0.0,0,0,0,-9999.0,0.48046875,1,P5_CV0,1,0,2,2,0
9,8.539752926394888,7.413552560728917,RD9_F6_m6f3_P6_Y12_UO359,RD6_F9_m6f9_P6_Y10_UO523,RD3_F5_m1f5_P1_Y10_UO644,FXX,1,0.0,0,0,0.0,0,0,0,-9999.0,0.47265625,1,P5_CV0,1,1,1,1,1
9,8.539752926394888,7.413552560728917,RD9_F6_m6f3_P6_Y12_UO360,RD6_F9_m6f9_P6_Y10_UO523,RD3_F5_m1f5_P1_Y10_UO644,FXX,1,0.0,0,0,0.0,0,0,0,-9999.0,0.47265625,1,P5_CV0,1,0,2,0,2
9,8.539752926394888,7.413552560728917,RD9_F6_m6f3_P6_Y12_UO365,RD6_F9_m6f9_P6_Y10_UO523,RD3_F5_m1f5_P1_Y10_UO644,MXY,1,0.0,0,0,0.0,0,0,0,-9999.0,0.47265625,1,P5_CV0,1,0,2,1,1
9,8.539752926394888,7.413552560728917,RD9_F6_m6f9_P6_Y12_UO668,RD6_F9_m6f3_P6_Y10_UO29,RD9_F6_m9f6_P9_Y10_UO62,FXX,1,0.0,0,0,0.0,0,0,0,-9999.0,0.5234375,1,P5_CV0,1,1,1,2,0
9,8.539752926394888,7.413552560728917,RD9_F6_m6f9_P6_Y12_UO671,RD6_F9_m6f3_P6_Y10_UO29,RD9_F6_m9f6_P9_Y10_UO62,FXX,1,0.0,0,0,0.0,0,0,0,-9999.0,0.5234375,1,P5_CV0,1,0,2,1,1
9,8.539752926394888,7.413552560728917,RD9_F2_m6f3_P6_Y11_UO224,RD6_F3_m7f3_P7_Y9_UO76,RD3_F7_m8f4_P8_Y8_UO288,FXX,2,0.0,1,0,1.0,0,0,0,-9999.0,0.53125,1,P5_CV0,1,0,2,2,0
9,8.539752926394888,7.413552560728917,RD9_F6_m2f3_P2_Y11_UO342,RD2_F6_m3f2_P3_Y9_UO365,RD3_F2_m2f9_P2_Y8_UO636,FXX,2,0.0,1,0,1.0,0,0,0,-9999.0,0.515625,1,P5_CV0,1,1,1,0,2
9,8.539752926394888,7.413552560728917,RD9_F6_m3f7_P3_Y11_UO440,RD3_F6_m9f6_P9_Y9_UO45,RD7_F4_m4f7_P4_Y8_UO140,MXY,2,0.0,1,0,0.0,0,0,0,-9999.0,0.46875,1,P5_CV0,1,1,1,1,1
9,8.539752926394888,7.413552560728917,RD9_F6_m6f2_P6_Y12_UO42,RD6_F3_m7f3_P7_Y10_UO261,RD2_F5_m1f5_P1_Y10_UO373,MXY,1,0.0,0,0,0.0,0,0,0,-9999.0,0.49609375,1,P6_CV0,1,1,1,1,1
9,8.539752926394888,7.413552560728917,RD9_F6_m6f2_P6_Y12_UO43,RD6_F3_m7f3_P7_Y10_UO261,RD2_F5_m1f5_P1_Y10_UO373,MXY,1,0.0,0,0,0.0,0,0,0,-9999.0,0.49609375,1,P6_CV0,1,2,0,0,2
9,8.539752926394888,7.413552560728917,RD9_F6_m6f3_P6_Y10_UO31,RD6_F9_m2f6_P2_Y8_UO556,RD3_F7_m3f7_P3_Y8_UO432,FXX,3,0.0,1,0,1.0,0,0,0,-9999.0,0.5546875,1,P8_CV0,1,1,1,1,1
