PatchID,XCOORD,YCOORD,ID,MID,FID,sex,age,size,mature,newmature,layeggs,capture,recapture,state,CDist,Hindex,Species,ClassFile,SubPatchID,L0A0,L0A1,L1A0,L1A1
1,4.359949021420038,0.38889347741837,RD1_F5_m7f4_P7_Y21_UO371,RD7_F3_m7f3_P7_Y19_UO353,RD4_F7_m8f4_P8_Y18_UO63,MXY,3,0.0,1,0,0.0,0,0,0,-9999.0,0.517822265625,1,P0_CV0,1,0,2,2,0
1,4.359949021420038,0.38889347741837,RD1_F5_m5f2_P5_Y23_UO243,RD5_F1_m5f3_P5_Y21_UO151,RD2_F9_m6f9_P6_Y21_UO385,MXY,1,0.0,0,0,0.0,0,0,0,-9999.0,0.4996337890625,1,P1_CV0,1,0,2,1,1
1,4.359949021420038,0.38889347741837,RD1_F5_m5f3_P5_Y23_UO268,RD5_F1_m5f3_P5_Y21_UO197,RD3_F6_m2f6_P2_Y20_UO201,FXX,1,0.0,0,0,0.0,0,0,0,-9999.0,0.512451171875,1,P1_CV0,1,0,2,1,1
1,4.359949021420038,0.38889347741837,RD1_F5_m5f3_P5_Y23_UO269,RD5_F1_m5f3_P5_Y21_UO197,RD3_F6_m2f6_P2_Y20_UO201,MXY,1,0.0,0,0,0.0,0,0,0,-9999.0,0.512451171875,1,P1_CV0,1,0,2,1,1
1,4.359949021420038,0.38889347741837,RD1_F5_m5f3_P5_Y23_UO271,RD5_F1_m5f3_P5_Y21_UO197,RD3_F6_m2f6_P2_Y20_UO201,FXX,1,0.0,0,0,0.0,0,0,0,-9999.0,0.512451171875,1,P1_CV0,1,0,2,0,2
1,4.359949021420038,0.38889347741837,RD1_F5_m5f3_P5_Y23_UO417,RD5_F2_m9f6_P9_Y21_UO342,RD3_F2_m5f2_P5_Y21_UO215,FXX,1,0.0,0,0,0.0,0,0,0,-9999.0,0.512939453125,1,P1_CV0,1,1,1,1,1
1,4.359949021420038,0.38889347741837,RD1_F5_m5f3_P5_Y23_UO422,RD5_F2_m9f6_P9_Y21_UO342,RD3_F2_m5f2_P5_Y21_UO215,FXX,1,0.0,0,0,0.0,0,0,0,-9999.0,0.512939453125,1,P1_CV0,1,1,1,1,1
1,4.359949021420038,0.38889347741837,RD1_F5_m1f5_P1_Y22_UO262,RD1_F5_m1f5_P1_Y20_UO61,RD5_F1_m5f2_P5_Y20_UO177,FXX,2,0.0,1,0,1.0,0,0,0,-9999.0,0.507080078125,1,P1_CV0,1,1,1,0,2
1,4.359949021420038,0.38889347741837,RD1_F5_m2f6_P2_Y22_UO156,RD2_F9_m2f6_P2_Y20_UO75,RD6_F2_m3f2_P3_Y20_UO486,FXX,2,0.0,1,0,1.0,0,0,0,-9999.0,0.51318359375,1,P1_CV0,1,1,1,2,0
1,4.359949021420038,0.38889347741837,RD1_F5_m3f2_P3_Y22_UO334,RD3_F2_m3f6_P3_Y20_UO155,RD2_F6_m3f6_P3_Y20_UO348,FXX,2,0.0,1,0,1.0,0,0,0,-9999.0,0.5098876953125,1,P1_CV0,1,0,2,1,1
1,4.359949021420038,0.38889347741837,RD1_F5_m2f9_P2_Y22_UO191,RD2_F9_m2f6_P2_Y20_UO75,RD9_F6_m9f6_P9_Y20_UO355,FXX,2,0.0,1,0,1.0,0,0,0,-9999.0,0.5093994140625,1,P1_CV0,1,1,1,1,1
1,4.359949021420038,0.38889347741837,RD1_F5_m2f6_P2_Y22_UO158,RD2_F9_m2f6_P2_Y20_UO75,RD6_F2_m3f2_P3_Y20_UO486,FXX,2,0.0,1,0,1.0,0,0,0,-9999.0,0.51318359375,1,P1_CV0,1,2,0,2,0
1,4.359949021420038,0.38889347741837,RD1_F5_m1f5_P1_Y20_UO259,RD1_F5_m1f5_P1_Y18_UO104,RD5_F1_m5f2_P5_Y18_UO280,MXY,4,0.0,1,0,0.0,0,0,0,-9999.0,0.50439453125,1,P1_CV0,1,0,2,1,1
1,4.359949021420038,0.38889347741837,RD1_F5_m5f2_P5_Y23_UO0,RD5_F1_m5f2_P5_Y21_UO214,RD2_F6_m6f3_P6_Y20_UO86,MXY,1,0.0,0,0,0.0,0,0,0,-9999.0,0.5076904296875,1,P3_CV0,1,1,1,2,0
1,4.359949021420038,0.38889347741837,RD1_F5_m5f2_P5_Y23_UO4,RD5_F1_m5f2_P5_Y21_UO214,RD2_F6_m6f3_P6_Y20_UO86,FXX,1,0.0,0,0,0.0,0,0,0,-9999.0,0.5076904296875,1,P3_CV0,1,2,0,2,0
1,4.359949021420038,0.38889347741837,RD1_F5_m5f1_P5_Y23_UO62,RD5_F1_m5f2_P5_Y21_UO234,RD1_F5_m1f5_P1_Y21_UO307,FXX,1,0.0,0,0,0.0,0,0,0,-9999.0,0.5059814453125,1,P3_CV0,1,1,1,1,1
1,4.359949021420038,0.38889347741837,RD1_F5_m5f1_P5_Y23_UO64,RD5_F1_m5f2_P5_Y21_UO234,RD1_F5_m1f5_P1_Y21_UO307,MXY,1,0.0,0,0,0.0,0,0,0,-9999.0,0.5059814453125,1,P3_CV0,1,0,2,1,1
1,4.359949021420038,0.38889347741837,RD1_F5_m5f1_P5_Y23_UO65,RD5_F1_m5f2_P5_Y21_UO234,RD1_F5_m1f5_P1_Y21_UO307,MXY,1,0.0,0,0,0.0,0,0,0,-9999.0,0.5059814453125,1,P3_CV0,1,1,1,1,1
1,4.359949021420038,0.38889347741837,RD1_F5_m5f1_P5_Y23_UO66,RD5_F1_m5f2_P5_Y21_UO234,RD1_F5_m1f5_P1_Y21_UO307,MXY,1,0.0,0,0,0.0,0,0,0,-9999.0,0.5059814453125,1,P3_CV0,1,0,2,1,1
1,4.359949021420038,0.38889347741837,RD1_F5_m5f1_P5_Y23_UO67,RD5_F1_m5f2_P5_Y21_UO234,RD1_F5_m1f5_P1_Y21_UO307,FXX,1,0.0,0,0,0.0,0,0,0,-9999.0,0.5059814453125,1,P3_CV0,1,1,1,1,1
1,4.359949021420038,0.38889347741837,RD1_F5_m5f1_P5_Y23_UO68,RD5_F1_m5f2_P5_Y21_UO234,RD1_F5_m1f5_P1_Y21_UO307,FXX,1,0.0,0,0,0.0,0,0,0,-9999.0,0.5059814453125,1,P3_CV0,1,0,2,1,1
1,4.359949021420038,0.38889347741837,RD1_F5_m5f3_P5_Y23_UO164,RD5_F1_m5f2_P5_Y21_UO134,RD3_F6_m2f9_P2_Y21_UO48,MXY,1,0.0,0,0,0.0,0,0,0,-9999.0,0.482666015625,1,P3_CV0,1,1,1,0,2
1,4.359949021420038,0.38889347741837,RD1_F5_m5f3_P5_Y23_UO168,RD5_F1_m5f2_P5_Y21_UO134,RD3_F6_m2f9_P2_Y21_UO48,MXY,1,0.0,0,0,0.0,0,0,0,-9999.0,0.482666015625,1,P3_CV0,1,1,1,0,2
1,4.359949021420038,0.38889347741837,RD1_F5_m5f3_P5_Y23_UO181,RD5_F1_m5f2_P5_Y21_UO179,RD3_F6_m9f6_P9_Y19_UO72,MXY,1,0.0,0,0,0.0,0,0,0,-9999.0,0.5078125,1,P3_CV0,1,1,1,2,0
1,4.359949021420038,0.38889347741837,RD1_F5_m5f2_P5_Y23_UO261,RD5_F1_m5f2_P5_Y21_UO179,RD2_F9_m6f2_P6_Y21_UO236,MXY,1,0.0,0,0,0.0,0,0,0,-9999.0,0.5028076171875,1,P3_CV0,1,1,1,2,0
1,4.359949021420038,0.38889347741837,RD1_F5_m5f2_P5_Y23_UO264,RD5_F1_m5f2_P5_Y21_UO179,RD2_F9_m6f2_P6_Y21_UO236,MXY,1,0.0,0,0,0.0,0,0,0,-9999.0,0.5028076171875,1,P3_CV0,1,1,1,2,0
1,4.359949021420038,0.38889347741837,RD1_F5_m5f2_P5_Y23_UO266,RD5_F1_m5f2_P5_Y21_UO179,RD2_F9_m6f2_P6_Y21_UO236,FXX,1,0.0,0,0,0.0,0,0,0,-9999.0,0.5028076171875,1,P3_CV0,1,1,1,2,0
1,4.359949021420038,0.38889347741837,RD1_F5_m5f3_P5_Y23_UO379,RD5_F1_m5f2_P5_Y21_UO134,RD3_F6_m9f6_P9_Y21_UO341,MXY,1,0.0,0,0,0.0,0,0,0,-9999.0,0.4996337890625,1,P3_CV0,1,0,2,0,2
1,4.359949021420038,0.38889347741837,RD1_F5_m5f3_P5_Y23_UO380,RD5_F1_m5f2_P5_Y21_UO134,RD3_F6_m9f6_P9_Y21_UO341,FXX,1,0.0,0,0,0.0,0,0,0,-9999.0,0.4996337890625,1,P3_CV0,1,0,2,0,2
1,4.359949021420038,0.38889347741837,RD1_F5_m5f3_P5_Y23_UO381,RD5_F1_m5f2_P5_Y21_UO134,RD3_F6_m9f6_P9_Y21_UO341,MXY,1,0.0,0,0,0.0,0,0,0,-9999.0,0.4996337890625,1,P3_CV0,1,0,2,0,2
1,4.359949021420038,0.38889347741837,RD1_F5_m5f3_P5_Y23_UO384,RD5_F1_m5f2_P5_Y21_UO179,RD3_F6_m2f9_P2_Y21_UO394,FXX,1,0.0,0,0,0.0,0,0,0,-9999.0,0.5040283203125,1,P3_CV0,1,1,1,2,0
1,4.359949021420038,0.38889347741837,RD1_F5_m5f3_P5_Y23_UO385,RD5_F1_m5f2_P5_Y21_UO179,RD3_F6_m2f9_P2_Y21_UO394,MXY,1,0.0,0,0,0.0,0,0,0,-9999.0,0.5040283203125,1,P3_CV0,1,1,1,2,0
1,4.359949021420038,0.38889347741837,RD1_F5_m5f3_P5_Y23_UO388,RD5_F1_m5f2_P5_Y21_UO179,RD3_F6_m2f9_P2_Y21_UO394,FXX,1,0.0,0,0,0.0,0,0,0,-9999.0,0.5040283203125,1,P3_CV0,1,1,1,2,0
1,4.359949021420038,0.38889347741837,RD1_F5_m5f3_P5_Y23_UO389,RD5_F1_m5f2_P5_Y21_UO179,RD3_F6_m2f9_P2_Y21_UO394,FXX,1,0.0,0,0,0.0,0,0,0,-9999.0,0.5040283203125,1,P3_CV0,1,1,1,2,0
1,4.359949021420038,0.38889347741837,RD1_F5_m5f3_P5_Y23_UO418,RD5_F2_m9f6_P9_Y21_UO342,RD3_F2_m5f2_P5_Y21_UO215,FXX,1,0.0,0,0,0.0,0,0,0,-9999.0,0.512939453125,1,P3_CV0,1,2,0,1,1
1,4.359949021420038,0.38889347741837,RD1_F5_m5f3_P5_Y23_UO419,RD5_F2_m9f6_P9_Y21_UO342,RD3_F2_m5f2_P5_Y21_UO215,MXY,1,0.0,0,0,0.0,0,0,0,-9999.0,0.512939453125,1,P3_CV0,1,2,0,0,2
1,4.359949021420038,0.38889347741837,RD1_F5_m5f3_P5_Y23_UO420,RD5_F2_m9f6_P9_Y21_UO342,RD3_F2_m5f2_P5_Y21_UO215,FXX,1,0.0,0,0,0.0,0,0,0,-9999.0,0.512939453125,1,P3_CV0,1,1,1,1,1
1,4.359949021420038,0.38889347741837,RD1_F5_m1f5_P1_Y22_UO493,RD1_F5_m1f5_P1_Y20_UO315,RD5_F1_m5f1_P5_Y20_UO460,MXY,2,0.0,1,0,0.0,0,0,0,-9999.0,0.4990234375,1,P3_CV0,1,0,2,2,0
1,4.359949021420038,0.38889347741837,RD1_F5_m5f2_P5_Y21_UO234,RD5_F3_m7f3_P7_Y19_UO371,RD2_F6_m7f3_P7_Y18_UO551,FXX,3,0.0,1,0,1.0,0,0,0,-9999.0,0.5185546875,1,P3_CV0,1,1,1,2,0
1,4.359949021420038,0.38889347741837,RD1_F5_m5f2_P5_Y23_UO267,RD5_F1_m5f2_P5_Y21_UO179,RD2_F9_m6f2_P6_Y21_UO236,FXX,1,0.0,0,0,0.0,0,0,0,-9999.0,0.5028076171875,1,P4_CV0,1,1,1,2,0
1,4.359949021420038,0.38889347741837,RD1_F5_m5f2_P5_Y23_UO335,RD5_F1_m5f2_P5_Y21_UO134,RD2_F9_m3f6_P3_Y20_UO583,MXY,1,0.0,0,0,0.0,0,0,0,-9999.0,0.4981689453125,1,P4_CV0,1,1,1,1,1
1,4.359949021420038,0.38889347741837,RD1_F5_m5f2_P5_Y23_UO338,RD5_F1_m5f2_P5_Y21_UO134,RD2_F9_m3f6_P3_Y20_UO583,FXX,1,0.0,0,0,0.0,0,0,0,-9999.0,0.4981689453125,1,P4_CV0,1,1,1,1,1
1,4.359949021420038,0.38889347741837,RD1_F5_m5f3_P5_Y23_UO387,RD5_F1_m5f2_P5_Y21_UO179,RD3_F6_m2f9_P2_Y21_UO394,FXX,1,0.0,0,0,0.0,0,0,0,-9999.0,0.5040283203125,1,P4_CV0,1,1,1,2,0
1,4.359949021420038,0.38889347741837,RD1_F5_m1f5_P1_Y22_UO518,RD1_F5_m1f5_P1_Y20_UO113,RD5_F1_m5f2_P5_Y20_UO655,MXY,2,0.0,1,0,0.0,0,0,0,-9999.0,0.502685546875,1,P4_CV0,1,2,0,0,2
1,4.359949021420038,0.38889347741837,RD1_F5_m1f5_P1_Y22_UO59,RD1_F5_m1f5_P1_Y20_UO315,RD5_F1_m5f1_P5_Y20_UO521,MXY,2,0.0,1,0,0.0,0,0,0,-9999.0,0.5067138671875,1,P4_CV0,1,0,2,1,1
1,4.359949021420038,0.38889347741837,RD1_F5_m5f3_P5_Y23_UO180,RD5_F1_m5f2_P5_Y21_UO179,RD3_F6_m9f6_P9_Y19_UO72,MXY,1,0.0,0,0,0.0,0,0,0,-9999.0,0.5078125,1,P5_CV0,1,1,1,2,0
1,4.359949021420038,0.38889347741837,RD1_F5_m5f3_P5_Y23_UO185,RD5_F1_m5f2_P5_Y21_UO179,RD3_F6_m9f6_P9_Y19_UO72,FXX,1,0.0,0,0,0.0,0,0,0,-9999.0,0.5078125,1,P5_CV0,1,1,1,2,0
1,4.359949021420038,0.38889347741837,RD1_F5_m5f2_P5_Y23_UO242,RD5_F1_m5f3_P5_Y21_UO151,RD2_F9_m6f9_P6_Y21_UO385,FXX,1,0.0,0,0,0.0,0,0,0,-9999.0,0.4996337890625,1,P5_CV0,1,1,1,1,1
1,4.359949021420038,0.38889347741837,RD1_F5_m5f2_P5_Y23_UO247,RD5_F1_m5f3_P5_Y21_UO151,RD2_F9_m6f9_P6_Y21_UO385,MXY,1,0.0,0,0,0.0,0,0,0,-9999.0,0.4996337890625,1,P5_CV0,1,2,0,1,1
1,4.359949021420038,0.38889347741837,RD1_F5_m1f5_P1_Y22_UO616,RD1_F5_m2f5_P2_Y20_UO391,RD5_F1_m5f2_P5_Y20_UO655,MXY,2,0.0,1,0,0.0,0,0,0,-9999.0,0.5118408203125,1,P5_CV0,1,0,2,1,1
1,4.359949021420038,0.38889347741837,RD1_F5_m1f5_P1_Y22_UO269,RD1_F5_m1f5_P1_Y20_UO61,RD5_F1_m5f2_P5_Y20_UO177,MXY,2,0.0,1,0,0.0,0,0,0,-9999.0,0.507080078125,1,P5_CV0,1,1,1,0,2
1,4.359949021420038,0.38889347741837,RD1_F5_m3f2_P3_Y22_UO108,RD3_F7_m3f2_P3_Y20_UO206,RD2_F6_m3f2_P3_Y20_UO208,FXX,2,0.0,1,0,1.0,0,0,0,-9999.0,0.515869140625,1,P7_CV0,1,0,2,2,0
1,4.359949021420038,0.38889347741837,RD1_F5_m1f5_P1_Y22_UO621,RD1_F5_m2f5_P2_Y20_UO391,RD5_F1_m5f2_P5_Y20_UO655,MXY,2,0.0,1,0,0.0,0,0,0,-9999.0,0.5118408203125,1,P7_CV0,1,1,1,1,1
1,4.359949021420038,0.38889347741837,RD1_F5_m5f2_P5_Y23_UO1,RD5_F1_m5f2_P5_Y21_UO214,RD2_F6_m6f3_P6_Y20_UO86,MXY,1,0.0,0,0,0.0,0,0,0,-9999.0,0.5076904296875,1,P8_CV0,1,1,1,1,1
1,4.359949021420038,0.38889347741837,RD1_F5_m5f2_P5_Y23_UO2,RD5_F1_m5f2_P5_Y21_UO214,RD2_F6_m6f3_P6_Y20_UO86,MXY,1,0.0,0,0,0.0,0,0,0,-9999.0,0.5076904296875,1,P8_CV0,1,1,1,2,0
1,4.359949021420038,0.38889347741837,RD1_F5_m5f2_P5_Y23_UO3,RD5_F1_m5f2_P5_Y21_UO214,RD2_F6_m6f3_P6_Y20_UO86,MXY,1,0.0,0,0,0.0,0,0,0,-9999.0,0.5076904296875,1,P8_CV0,1,1,1,2,0
1,4.359949021420038,0.38889347741837,RD1_F5_m5f2_P5_Y23_UO5,RD5_F1_m5f2_P5_Y21_UO214,RD2_F6_m6f3_P6_Y20_UO86,MXY,1,0.0,0,0,0.0,0,0,0,-9999.0,0.5076904296875,1,P8_CV0,1,2,0,1,1
2,5.496624778787091,6.529835889274153,RD2_F9_m9f2_P9_Y23_UO18,RD9_F2_m3f5_P3_Y21_UO30,RD2_F9_m6f2_P6_Y21_UO236,MXY,1,0.0,0,0,0.0,0,0,0,-9999.0,0.497802734375,1,P1_CV0,1,1,1,1,1
2,5.496624778787091,6.529835889274153,RD2_F9_m9f2_P9_Y23_UO10,RD9_F2_m3f5_P3_Y21_UO30,RD2_F9_m6f2_P6_Y21_UO236,MXY,1,0.0,0,0,0.0,0,0,0,-9999.0,0.497802734375,1,P1_CV0,1,1,1,1,1
2,5.496624778787091,6.529835889274153,RD2_F9_m9f6_P9_Y23_UO219,RD9_F2_m9f2_P9_Y21_UO162,RD6_F3_m6f2_P6_Y21_UO235,MXY,1,0.0,0,0,0.0,0,0,0,-9999.0,0.4952392578125,1,P1_CV0,1,2,0,1,1
2,5.496624778787091,6.529835889274153,RD2_F5_m5f2_P5_Y23_UO245,RD5_F1_m5f3_P5_Y21_UO151,RD2_F9_m6f9_P6_Y21_UO385,FXX,1,0.0,0,0,0.0,0,0,0,-9999.0,0.4996337890625,1,P1_CV0,1,2,0,0,2
2,5.496624778787091,6.529835889274153,RD2_F9_m9f6_P9_Y23_UO210,RD9_F2_m9f2_P9_Y21_UO162,RD6_F3_m6f2_P6_Y21_UO235,MXY,1,0.0,0,0,0.0,0,0,0,-9999.0,0.4952392578125,1,P1_CV0,1,1,1,1,1
2,5.496624778787091,6.529835889274153,RD2_F9_m9f6_P9_Y23_UO217,RD9_F2_m9f2_P9_Y21_UO162,RD6_F3_m6f2_P6_Y21_UO235,MXY,1,0.0,0,0,0.0,0,0,0,-9999.0,0.4952392578125,1,P1_CV0,1,2,0,1,1
2,5.496624778787091,6.529835889274153,RD2_F3_m3f5_P3_Y23_UO426,RD3_F7_m3f7_P3_Y21_UO228,RD5_F2_m6f9_P6_Y21_UO383,MXY,1,0.0,0,0,0.0,0,0,0,-9999.0,0.495361328125,1,P1_CV0,1,0,2,1,1
2,5.496624778787091,6.529835889274153,RD2_F5_m5f3_P5_Y23_UO270,RD5_F1_m5f3_P5_Y21_UO197,RD3_F6_m2f6_P2_Y20_UO201,MXY,1,0.0,0,0,0.0,0,0,0,-9999.0,0.512451171875,1,P1_CV0,1,0,2,1,1
2,5.496624778787091,6.529835889274153,RD2_F9_m9f6_P9_Y23_UO213,RD9_F2_m9f2_P9_Y21_UO162,RD6_F3_m6f2_P6_Y21_UO235,FXX,1,0.0,0,0,0.0,0,0,0,-9999.0,0.4952392578125,1,P1_CV0,1,2,0,1,1
2,5.496624778787091,6.529835889274153,RD2_F9_m9f2_P9_Y23_UO14,RD9_F2_m3f5_P3_Y21_UO30,RD2_F9_m6f2_P6_Y21_UO236,MXY,1,0.0,0,0,0.0,0,0,0,-9999.0,0.497802734375,1,P1_CV0,1,1,1,1,1
2,5.496624778787091,6.529835889274153,RD2_F9_m9f6_P9_Y23_UO179,RD9_F6_m9f2_P9_Y21_UO169,RD6_F2_m9f6_P9_Y21_UO177,FXX,1,0.0,0,0,0.0,0,0,0,-9999.0,0.490966796875,1,P1_CV0,1,0,2,0,2
2,5.496624778787091,6.529835889274153,RD2_F9_m9f6_P9_Y23_UO208,RD9_F2_m9f2_P9_Y21_UO162,RD6_F3_m6f2_P6_Y21_UO235,FXX,1,0.0,0,0,0.0,0,0,0,-9999.0,0.4952392578125,1,P1_CV0,1,2,0,1,1
2,5.496624778787091,6.529835889274153,RD2_F9_m9f2_P9_Y23_UO16,RD9_F2_m3f5_P3_Y21_UO30,RD2_F9_m6f2_P6_Y21_UO236,FXX,1,0.0,0,0,0.0,0,0,0,-9999.0,0.497802734375,1,P1_CV0,1,1,1,1,1
2,5.496624778787091,6.529835889274153,RD2_F3_m3f2_P3_Y23_UO257,RD3_F6_m9f6_P9_Y21_UO338,RD2_F9_m6f9_P6_Y21_UO385,MXY,1,0.0,0,0,0.0,0,0,0,-9999.0,0.5040283203125,1,P1_CV0,1,0,2,0,2
2,5.496624778787091,6.529835889274153,RD2_F9_m9f6_P9_Y23_UO215,RD9_F2_m9f2_P9_Y21_UO162,RD6_F3_m6f2_P6_Y21_UO235,FXX,1,0.0,0,0,0.0,0,0,0,-9999.0,0.4952392578125,1,P1_CV0,1,2,0,1,1
2,5.496624778787091,6.529835889274153,RD2_F3_m7f4_P7_Y22_UO133,RD7_F4_m8f4_P8_Y20_UO403,RD4_F7_m4f8_P4_Y20_UO482,FXX,2,0.0,1,0,1.0,0,0,0,-9999.0,0.5203857421875,1,P1_CV0,1,0,2,0,2
2,5.496624778787091,6.529835889274153,RD2_F6_m9f2_P9_Y22_UO360,RD9_F6_m2f3_P2_Y20_UO658,RD2_F3_m7f3_P7_Y20_UO412,MXY,2,0.0,1,0,0.0,0,0,0,-9999.0,0.5216064453125,1,P1_CV0,1,0,2,0,2
2,5.496624778787091,6.529835889274153,RD2_F6_m9f2_P9_Y22_UO23,RD9_F2_m9f2_P9_Y20_UO141,RD2_F9_m6f9_P6_Y20_UO543,MXY,2,0.0,1,0,0.0,0,0,0,-9999.0,0.51171875,1,P1_CV0,1,0,2,1,1
2,5.496624778787091,6.529835889274153,RD2_F6_m9f2_P9_Y22_UO196,RD9_F2_m9f2_P9_Y20_UO645,RD2_F3_m5f2_P5_Y20_UO318,FXX,2,0.0,1,0,1.0,0,0,0,-9999.0,0.509521484375,1,P1_CV0,1,0,2,0,2
2,5.496624778787091,6.529835889274153,RD2_F3_m5f3_P5_Y22_UO303,RD5_F1_m5f2_P5_Y20_UO43,RD3_F6_m9f6_P9_Y18_UO158,FXX,2,0.0,1,0,1.0,0,0,0,-9999.0,0.518798828125,1,P1_CV0,1,2,0,1,1
2,5.496624778787091,6.529835889274153,RD2_F6_m2f9_P2_Y22_UO187,RD2_F9_m2f6_P2_Y20_UO75,RD9_F6_m9f6_P9_Y20_UO355,MXY,2,0.0,1,0,0.0,0,0,0,-9999.0,0.5093994140625,1,P1_CV0,1,2,0,1,1
2,5.496624778787091,6.529835889274153,RD2_F6_m9f2_P9_Y22_UO22,RD9_F2_m9f2_P9_Y20_UO141,RD2_F9_m6f9_P6_Y20_UO543,MXY,2,0.0,1,0,0.0,0,0,0,-9999.0,0.51171875,1,P1_CV0,1,0,2,0,2
2,5.496624778787091,6.529835889274153,RD2_F6_m6f2_P6_Y23_UO288,RD6_F9_m2f3_P2_Y21_UO290,RD2_F6_m2f9_P2_Y21_UO52,FXX,1,0.0,0,0,0.0,0,0,0,-9999.0,0.4835205078125,1,P2_CV0,1,0,2,0,2
2,5.496624778787091,6.529835889274153,RD2_F6_m6f2_P6_Y23_UO286,RD6_F9_m2f3_P2_Y21_UO290,RD2_F6_m2f9_P2_Y21_UO52,FXX,1,0.0,0,0,0.0,0,0,0,-9999.0,0.4835205078125,1,P2_CV0,1,0,2,2,0
2,5.496624778787091,6.529835889274153,RD2_F6_m6f2_P6_Y23_UO283,RD6_F9_m2f3_P2_Y21_UO290,RD2_F6_m2f9_P2_Y21_UO52,FXX,1,0.0,0,0,0.0,0,0,0,-9999.0,0.4835205078125,1,P2_CV0,1,0,2,0,2
2,5.496624778787091,6.529835889274153,RD2_F6_m6f2_P6_Y23_UO292,RD6_F9_m2f3_P2_Y21_UO290,RD2_F6_m2f9_P2_Y21_UO52,FXX,1,0.0,0,0,0.0,0,0,0,-9999.0,0.4835205078125,1,P2_CV0,1,1,1,0,2
2,5.496624778787091,6.529835889274153,RD2_F6_m6f2_P6_Y23_UO282,RD6_F9_m2f3_P2_Y21_UO290,RD2_F6_m2f9_P2_Y21_UO52,MXY,1,0.0,0,0,0.0,0,0,0,-9999.0,0.4835205078125,1,P2_CV0,1,1,1,1,1
2,5.496624778787091,6.529835889274153,RD2_F6_m6f2_P6_Y23_UO284,RD6_F9_m2f3_P2_Y21_UO290,RD2_F6_m2f9_P2_Y21_UO52,FXX,1,0.0,0,0,0.0,0,0,0,-9999.0,0.4835205078125,1,P2_CV0,1,0,2,1,1
2,5.496624778787091,6.529835889274153,RD2_F6_m9f6_P9_Y22_UO308,RD9_F2_m3f2_P3_Y20_UO487,RD6_F2_m3f6_P3_Y20_UO581,MXY,2,0.0,1,0,0.0,0,0,0,-9999.0,0.510498046875,1,P2_CV0,1,1,1,2,0
2,5.496624778787091,6.529835889274153,RD2_F9_m2f6_P2_Y22_UO454,RD2_F9_m2f3_P2_Y20_UO659,RD6_F2_m3f6_P3_Y20_UO581,MXY,2,0.0,1,0,0.0,0,0,0,-9999.0,0.5220947265625,1,P2_CV0,1,1,1,2,0
2,5.496624778787091,6.529835889274153,RD2_F3_m2f9_P2_Y21_UO48,RD2_F9_m6f2_P6_Y19_UO308,RD9_F2_m9f2_P9_Y17_UO151,MXY,3,0.0,1,0,0.0,0,0,0,-9999.0,0.477294921875,1,P2_CV0,1,1,1,0,2
2,5.496624778787091,6.529835889274153,RD2_F9_m9f2_P9_Y23_UO467,RD9_F6_m9f2_P9_Y21_UO169,RD2_F6_m9f2_P9_Y21_UO114,MXY,1,0.0,0,0,0.0,0,0,0,-9999.0,0.48876953125,1,P3_CV0,1,1,1,0,2
2,5.496624778787091,6.529835889274153,RD2_F9_m9f2_P9_Y23_UO466,RD9_F6_m9f2_P9_Y21_UO169,RD2_F6_m9f2_P9_Y21_UO114,MXY,1,0.0,0,0,0.0,0,0,0,-9999.0,0.48876953125,1,P3_CV0,1,0,2,0,2
2,5.496624778787091,6.529835889274153,RD2_F5_m5f3_P5_Y23_UO378,RD5_F1_m5f2_P5_Y21_UO134,RD3_F6_m2f9_P2_Y21_UO394,FXX,1,0.0,0,0,0.0,0,0,0,-9999.0,0.49658203125,1,P3_CV0,1,0,2,1,1
2,5.496624778787091,6.529835889274153,RD2_F5_m5f3_P5_Y23_UO382,RD5_F1_m5f2_P5_Y21_UO134,RD3_F6_m9f6_P9_Y21_UO341,MXY,1,0.0,0,0,0.0,0,0,0,-9999.0,0.4996337890625,1,P3_CV0,1,0,2,0,2
2,5.496624778787091,6.529835889274153,RD2_F5_m5f2_P5_Y23_UO331,RD5_F1_m5f2_P5_Y21_UO134,RD2_F9_m3f6_P3_Y20_UO583,MXY,1,0.0,0,0,0.0,0,0,0,-9999.0,0.4981689453125,1,P3_CV0,1,1,1,1,1
2,5.496624778787091,6.529835889274153,RD2_F5_m5f3_P5_Y23_UO383,RD5_F1_m5f2_P5_Y21_UO134,RD3_F6_m9f6_P9_Y21_UO341,MXY,1,0.0,0,0,0.0,0,0,0,-9999.0,0.4996337890625,1,P3_CV0,1,0,2,0,2
2,5.496624778787091,6.529835889274153,RD2_F5_m5f1_P5_Y23_UO63,RD5_F1_m5f2_P5_Y21_UO234,RD1_F5_m1f5_P1_Y21_UO307,MXY,1,0.0,0,0,0.0,0,0,0,-9999.0,0.5059814453125,1,P3_CV0,1,1,1,1,1
2,5.496624778787091,6.529835889274153,RD2_F9_m9f2_P9_Y23_UO460,RD9_F6_m9f2_P9_Y21_UO169,RD2_F6_m9f2_P9_Y21_UO114,MXY,1,0.0,0,0,0.0,0,0,0,-9999.0,0.48876953125,1,P3_CV0,1,1,1,0,2
2,5.496624778787091,6.529835889274153,RD2_F5_m5f3_P5_Y23_UO166,RD5_F1_m5f2_P5_Y21_UO134,RD3_F6_m2f9_P2_Y21_UO48,MXY,1,0.0,0,0,0.0,0,0,0,-9999.0,0.482666015625,1,P3_CV0,1,1,1,0,2
2,5.496624778787091,6.529835889274153,RD2_F3_m3f7_P3_Y23_UO202,RD3_F2_m3f6_P3_Y21_UO66,RD7_F3_m7f4_P7_Y21_UO358,MXY,1,0.0,0,0,0.0,0,0,0,-9999.0,0.5078125,1,P3_CV0,1,0,2,2,0
2,5.496624778787091,6.529835889274153,RD2_F5_m5f3_P5_Y23_UO375,RD5_F1_m5f2_P5_Y21_UO134,RD3_F6_m2f9_P2_Y21_UO394,MXY,1,0.0,0,0,0.0,0,0,0,-9999.0,0.49658203125,1,P3_CV0,1,0,2,1,1
2,5.496624778787091,6.529835889274153,RD2_F9_m9f2_P9_Y23_UO461,RD9_F6_m9f2_P9_Y21_UO169,RD2_F6_m9f2_P9_Y21_UO114,MXY,1,0.0,0,0,0.0,0,0,0,-9999.0,0.48876953125,1,P3_CV0,1,0,2,0,2
2,5.496624778787091,6.529835889274153,RD2_F9_m9f2_P9_Y23_UO462,RD9_F6_m9f2_P9_Y21_UO169,RD2_F6_m9f2_P9_Y21_UO114,FXX,1,0.0,0,0,0.0,0,0,0,-9999.0,0.48876953125,1,P3_CV0,1,1,1,0,2
2,5.496624778787091,6.529835889274153,RD2_F9_m2f6_P2_Y22_UO157,RD2_F9_m2f6_P2_Y20_UO75,RD6_F2_m3f2_P3_Y20_UO486,FXX,2,0.0,1,0,1.0,0,0,0,-9999.0,0.51318359375,1,P3_CV0,1,1,1,2,0
2,5.496624778787091,6.529835889274153,RD2_F6_m9f2_P9_Y22_UO444,RD9_F6_m9f2_P9_Y20_UO143,RD2_F6_m2f6_P2_Y20_UO441,FXX,2,0.0,1,0,1.0,0,0,0,-9999.0,0.51806640625,1,P3_CV0,1,2,0,2,0
2,5.496624778787091,6.529835889274153,RD2_F9_m6f3_P6_Y22_UO85,RD6_F3_m6f9_P6_Y20_UO164,RD3_F7_m4f7_P4_Y20_UO214,FXX,2,0.0,1,0,1.0,0,0,0,-9999.0,0.531005859375,1,P3_CV0,1,1,1,1,1
2,5.496624778787091,6.529835889274153,RD2_F3_m5f3_P5_Y22_UO562,RD5_F1_m5f1_P5_Y20_UO479,RD3_F7_m4f7_P4_Y20_UO214,FXX,2,0.0,1,0,1.0,0,0,0,-9999.0,0.5224609375,1,P3_CV0,1,1,1,2,0
2,5.496624778787091,6.529835889274153,RD2_F5_m1f5_P1_Y20_UO118,RD1_F5_m1f5_P1_Y18_UO333,RD5_F3_m5f1_P5_Y18_UO230,MXY,4,0.0,1,0,0.0,0,0,0,-9999.0,0.488525390625,1,P3_CV0,1,1,1,1,1
2,5.496624778787091,6.529835889274153,RD2_F9_m6f3_P6_Y20_UO81,RD6_F9_m6f2_P6_Y18_UO628,RD3_F2_m3f7_P3_Y18_UO626,MXY,4,0.0,1,0,0.0,0,0,0,-9999.0,0.500732421875,1,P3_CV0,1,1,1,2,0
2,5.496624778787091,6.529835889274153,RD2_F9_m9f2_P9_Y23_UO319,RD9_F6_m9f2_P9_Y21_UO169,RD2_F9_m6f2_P6_Y21_UO236,FXX,1,0.0,0,0,0.0,0,0,0,-9999.0,0.4952392578125,1,P4_CV0,1,1,1,1,1
2,5.496624778787091,6.529835889274153,RD2_F9_m9f2_P9_Y23_UO325,RD9_F6_m9f2_P9_Y21_UO169,RD2_F9_m6f2_P6_Y21_UO236,MXY,1,0.0,0,0,0.0,0,0,0,-9999.0,0.4952392578125,1,P4_CV0,1,0,2,1,1
2,5.496624778787091,6.529835889274153,RD2_F6_m6f2_P6_Y23_UO107,RD6_F3_m2f3_P2_Y21_UO400,RD2_F5_m5f2_P5_Y20_UO268,MXY,1,0.0,0,0,0.0,0,0,0,-9999.0,0.5062255859375,1,P4_CV0,1,0,2,1,1
2,5.496624778787091,6.529835889274153,RD2_F6_m6f2_P6_Y23_UO114,RD6_F3_m2f3_P2_Y21_UO400,RD2_F5_m5f2_P5_Y20_UO268,FXX,1,0.0,0,0,0.0,0,0,0,-9999.0,0.5062255859375,1,P4_CV0,1,0,2,2,0
2,5.496624778787091,6.529835889274153,RD2_F9_m9f2_P9_Y23_UO323,RD9_F6_m9f2_P9_Y21_UO169,RD2_F9_m6f2_P6_Y21_UO236,FXX,1,0.0,0,0,0.0,0,0,0,-9999.0,0.4952392578125,1,P4_CV0,1,1,1,1,1
2,5.496624778787091,6.529835889274153,RD2_F6_m6f2_P6_Y23_UO108,RD6_F3_m2f3_P2_Y21_UO400,RD2_F5_m5f2_P5_Y20_UO268,MXY,1,0.0,0,0,0.0,0,0,0,-9999.0,0.5062255859375,1,P4_CV0,1,0,2,0,2
2,5.496624778787091,6.529835889274153,RD2_F3_m3f2_P3_Y23_UO272,RD3_F7_m3f7_P3_Y21_UO228,RD2_F5_m5f2_P5_Y20_UO268,FXX,1,0.0,0,0,0.0,0,0,0,-9999.0,0.5035400390625,1,P4_CV0,1,0,2,1,1
2,5.496624778787091,6.529835889274153,RD2_F3_m3f5_P3_Y23_UO423,RD3_F7_m3f7_P3_Y21_UO228,RD5_F2_m6f9_P6_Y21_UO383,FXX,1,0.0,0,0,0.0,0,0,0,-9999.0,0.495361328125,1,P4_CV0,1,1,1,0,2
2,5.496624778787091,6.529835889274153,RD2_F6_m6f2_P6_Y23_UO118,RD6_F3_m2f3_P2_Y21_UO400,RD2_F5_m5f2_P5_Y20_UO268,MXY,1,0.0,0,0,0.0,0,0,0,-9999.0,0.5062255859375,1,P4_CV0,1,0,2,0,2
2,5.496624778787091,6.529835889274153,RD2_F9_m2f3_P2_Y22_UO349,RD2_F3_m7f4_P7_Y20_UO275,RD3_F7_m4f8_P4_Y20_UO451,MXY,2,0.0,1,0,0.0,0,0,0,-9999.0,0.5343017578125,1,P4_CV0,1,1,1,0,2
2,5.496624778787091,6.529835889274153,RD2_F6_m9f2_P9_Y22_UO292,RD9_F2_m9f6_P9_Y20_UO335,RD2_F3_m7f3_P7_Y20_UO148,FXX,2,0.0,1,0,1.0,0,0,0,-9999.0,0.515869140625,1,P4_CV0,1,2,0,2,0
2,5.496624778787091,6.529835889274153,RD2_F6_m9f2_P9_Y22_UO240,RD9_F2_m3f2_P3_Y20_UO487,RD2_F6_m3f6_P3_Y20_UO348,FXX,2,0.0,1,0,1.0,0,0,0,-9999.0,0.506591796875,1,P4_CV0,1,1,1,1,1
2,5.496624778787091,6.529835889274153,RD2_F3_m5f3_P5_Y22_UO583,RD5_F1_m5f3_P5_Y20_UO525,RD3_F2_m2f3_P2_Y19_UO344,MXY,2,0.0,1,0,0.0,0,0,0,-9999.0,0.512939453125,1,P4_CV0,1,1,1,2,0
2,5.496624778787091,6.529835889274153,RD2_F9_m2f5_P2_Y22_UO421,RD2_F3_m7f3_P7_Y20_UO39,RD5_F1_m5f3_P5_Y20_UO434,MXY,2,0.0,1,0,0.0,0,0,0,-9999.0,0.5115966796875,1,P4_CV0,1,1,1,0,2
2,5.496624778787091,6.529835889274153,RD2_F6_m2f5_P2_Y22_UO543,RD2_F6_m3f5_P3_Y20_UO682,RD5_F3_m6f3_P6_Y20_UO85,FXX,2,0.0,1,0,1.0,0,0,0,-9999.0,0.504150390625,1,P4_CV0,1,1,1,0,2
2,5.496624778787091,6.529835889274153,RD2_F5_m2f3_P2_Y22_UO344,RD2_F3_m7f4_P7_Y20_UO275,RD3_F7_m4f8_P4_Y20_UO451,FXX,2,0.0,1,0,1.0,0,0,0,-9999.0,0.5343017578125,1,P4_CV0,1,2,0,0,2
2,5.496624778787091,6.529835889274153,RD2_F5_m1f5_P1_Y22_UO514,RD1_F5_m1f5_P1_Y20_UO113,RD5_F1_m5f2_P5_Y20_UO655,MXY,2,0.0,1,0,0.0,0,0,0,-9999.0,0.502685546875,1,P4_CV0,1,1,1,1,1
2,5.496624778787091,6.529835889274153,RD2_F6_m9f2_P9_Y22_UO290,RD9_F2_m9f6_P9_Y20_UO335,RD2_F3_m7f3_P7_Y20_UO148,MXY,2,0.0,1,0,0.0,0,0,0,-9999.0,0.515869140625,1,P4_CV0,1,1,1,2,0
2,5.496624778787091,6.529835889274153,RD2_F6_m9f6_P9_Y22_UO305,RD9_F2_m3f2_P3_Y20_UO487,RD6_F2_m3f6_P3_Y20_UO581,FXX,2,0.0,1,0,1.0,0,0,0,-9999.0,0.510498046875,1,P4_CV0,1,1,1,1,1
2,5.496624778787091,6.529835889274153,RD2_F9_m6f2_P6_Y21_UO237,RD6_F9_m2f6_P2_Y19_UO187,RD2_F9_m2f3_P2_Y19_UO344,MXY,3,0.0,1,0,0.0,0,0,0,-9999.0,0.502685546875,1,P4_CV0,1,0,2,1,1
2,5.496624778787091,6.529835889274153,RD2_F3_m3f7_P3_Y23_UO201,RD3_F2_m3f6_P3_Y21_UO66,RD7_F3_m7f4_P7_Y21_UO358,FXX,1,0.0,0,0,0.0,0,0,0,-9999.0,0.5078125,1,P5_CV0,1,0,2,2,0
2,5.496624778787091,6.529835889274153,RD2_F9_m9f6_P9_Y23_UO177,RD9_F6_m9f2_P9_Y21_UO169,RD6_F2_m9f6_P9_Y21_UO177,MXY,1,0.0,0,0,0.0,0,0,0,-9999.0,0.490966796875,1,P5_CV0,1,1,1,0,2
2,5.496624778787091,6.529835889274153,RD2_F9_m9f6_P9_Y23_UO176,RD9_F6_m9f2_P9_Y21_UO169,RD6_F2_m9f6_P9_Y21_UO177,MXY,1,0.0,0,0,0.0,0,0,0,-9999.0,0.490966796875,1,P5_CV0,1,1,1,0,2
2,5.496624778787091,6.529835889274153,RD2_F3_m3f7_P3_Y23_UO199,RD3_F2_m3f6_P3_Y21_UO66,RD7_F3_m7f4_P7_Y21_UO358,MXY,1,0.0,0,0,0.0,0,0,0,-9999.0,0.5078125,1,P5_CV0,1,0,2,2,0
2,5.496624778787091,6.529835889274153,RD2_F3_m3f2_P3_Y23_UO84,RD3_F2_m3f6_P3_Y21_UO66,RD2_F6_m6f3_P6_Y20_UO86,FXX,1,0.0,0,0,0.0,0,0,0,-9999.0,0.499267578125,1,P5_CV0,1,0,2,0,2
2,5.496624778787091,6.529835889274153,RD2_F9_m9f6_P9_Y23_UO174,RD9_F6_m9f2_P9_Y21_UO169,RD6_F2_m9f6_P9_Y21_UO177,MXY,1,0.0,0,0,0.0,0,0,0,-9999.0,0.490966796875,1,P5_CV0,1,0,2,0,2
2,5.496624778787091,6.529835889274153,RD2_F9_m9f6_P9_Y23_UO175,RD9_F6_m9f2_P9_Y21_UO169,RD6_F2_m9f6_P9_Y21_UO177,FXX,1,0.0,0,0,0.0,0,0,0,-9999.0,0.490966796875,1,P5_CV0,1,1,1,0,2
2,5.496624778787091,6.529835889274153,RD2_F6_m3f6_P3_Y22_UO53,RD3_F7_m3f7_P3_Y20_UO399,RD6_F3_m9f6_P9_Y19_UO72,MXY,2,0.0,1,0,0.0,0,0,0,-9999.0,0.5118408203125,1,P5_CV0,1,1,1,1,1
2,5.496624778787091,6.529835889274153,RD2_F6_m9f2_P9_Y22_UO342,RD9_F6_m9f6_P9_Y20_UO462,RD2_F9_m9f6_P9_Y19_UO251,FXX,2,0.0,1,0,1.0,0,0,0,-9999.0,0.494384765625,1,P5_CV0,1,0,2,2,0
2,5.496624778787091,6.529835889274153,RD2_F6_m3f6_P3_Y22_UO250,RD3_F7_m3f5_P3_Y20_UO12,RD6_F2_m3f5_P3_Y20_UO24,FXX,2,0.0,1,0,1.0,0,0,0,-9999.0,0.5106201171875,1,P5_CV0,1,0,2,0,2
2,5.496624778787091,6.529835889274153,RD2_F9_m6f9_P6_Y21_UO387,RD6_F2_m9f6_P9_Y19_UO107,RD9_F6_m9f6_P9_Y19_UO49,MXY,3,0.0,1,0,0.0,0,0,0,-9999.0,0.496826171875,1,P5_CV0,1,2,0,0,2
2,5.496624778787091,6.529835889274153,RD2_F6_m9f6_P9_Y19_UO49,RD9_F2_m5f3_P5_Y17_UO274,RD6_F3_m2f6_P2_Y17_UO266,MXY,5,0.0,1,0,0.0,0,0,0,-9999.0,0.49365234375,1,P5_CV0,1,1,1,0,2
2,5.496624778787091,6.529835889274153,RD2_F5_m1f5_P1_Y22_UO573,RD1_F5_m3f5_P3_Y20_UO428,RD5_F1_m5f1_P5_Y20_UO521,FXX,2,0.0,1,0,1.0,0,0,0,-9999.0,0.5196533203125,1,P7_CV0,1,2,0,2,0
2,5.496624778787091,6.529835889274153,RD2_F5_m1f5_P1_Y22_UO614,RD1_F5_m2f5_P2_Y20_UO391,RD5_F1_m5f2_P5_Y20_UO655,FXX,2,0.0,1,0,1.0,0,0,0,-9999.0,0.5118408203125,1,P7_CV0,1,1,1,1,1
2,5.496624778787091,6.529835889274153,RD2_F6_m6f9_P6_Y23_UO369,RD6_F9_m2f5_P2_Y21_UO154,RD9_F2_m6f9_P6_Y21_UO415,MXY,1,0.0,0,0,0.0,0,0,0,-9999.0,0.503662109375,1,P8_CV0,1,0,2,0,2
2,5.496624778787091,6.529835889274153,RD2_F6_m6f9_P6_Y23_UO370,RD6_F9_m2f5_P2_Y21_UO154,RD9_F2_m6f9_P6_Y21_UO415,MXY,1,0.0,0,0,0.0,0,0,0,-9999.0,0.503662109375,1,P8_CV0,1,2,0,0,2
2,5.496624778787091,6.529835889274153,RD2_F6_m6f9_P6_Y23_UO373,RD6_F9_m2f5_P2_Y21_UO154,RD9_F2_m6f9_P6_Y21_UO415,MXY,1,0.0,0,0,0.0,0,0,0,-9999.0,0.503662109375,1,P8_CV0,1,0,2,0,2
2,5.496624778787091,6.529835889274153,RD2_F9_m6f3_P6_Y22_UO174,RD6_F9_m2f6_P2_Y20_UO74,RD3_F2_m9f6_P9_Y20_UO15,MXY,2,0.0,1,0,0.0,0,0,0,-9999.0,0.50439453125,1,P8_CV0,1,2,0,1,1
2,5.496624778787091,6.529835889274153,RD2_F9_m6f2_P6_Y22_UO43,RD6_F9_m2f6_P2_Y20_UO95,RD2_F9_m9f6_P9_Y19_UO251,MXY,2,0.0,1,0,0.0,0,0,0,-9999.0,0.5126953125,1,P8_CV0,1,0,2,0,2
2,5.496624778787091,6.529835889274153,RD2_F3_m6f2_P6_Y22_UO49,RD6_F9_m2f6_P2_Y20_UO95,RD2_F9_m9f6_P9_Y19_UO251,MXY,2,0.0,1,0,0.0,0,0,0,-9999.0,0.5126953125,1,P8_CV0,1,0,2,0,2
2,5.496624778787091,6.529835889274153,RD2_F3_m6f2_P6_Y22_UO126,RD6_F9_m6f3_P6_Y20_UO189,RD2_F5_m1f5_P1_Y20_UO63,MXY,2,0.0,1,0,0.0,0,0,0,-9999.0,0.50048828125,1,P8_CV0,1,1,1,1,1
2,5.496624778787091,6.529835889274153,RD2_F9_m6f2_P6_Y22_UO48,RD6_F9_m2f6_P2_Y20_UO95,RD2_F9_m9f6_P9_Y19_UO251,FXX,2,0.0,1,0,1.0,0,0,0,-9999.0,0.5126953125,1,P8_CV0,1,0,2,0,2
2,5.496624778787091,6.529835889274153,RD2_F9_m6f3_P6_Y20_UO189,RD6_F3_m6f2_P6_Y18_UO617,RD3_F6_m2f6_P2_Y17_UO382,FXX,4,0.0,1,0,1.0,0,0,0,-9999.0,0.498779296875,1,P8_CV0,1,1,1,2,0
3,4.20367802087489,4.955022315058112,RD3_F7_m7f4_P7_Y23_UO302,RD7_F4_m8f4_P8_Y21_UO132,RD4_F8_m7f3_P7_Y20_UO439,MXY,1,0.0,0,0,0.0,0,0,0,-9999.0,0.5262451171875,1,P0_CV0,1,0,2,0,2
3,4.20367802087489,4.955022315058112,RD3_F7_m7f4_P7_Y23_UO395,RD7_F4_m8f4_P8_Y21_UO132,RD4_F8_m7f3_P7_Y20_UO439,FXX,1,0.0,0,0,0.0,0,0,0,-9999.0,0.5262451171875,1,P0_CV0,1,0,2,1,1
3,4.20367802087489,4.955022315058112,RD3_F6_m9f2_P9_Y22_UO5,RD9_F6_m9f6_P9_Y20_UO250,RD2_F3_m6f2_P6_Y20_UO366,MXY,2,0.0,1,0,0.0,0,0,0,-9999.0,0.506103515625,1,P0_CV0,1,1,1,0,2
3,4.20367802087489,4.955022315058112,RD3_F6_m9f2_P9_Y22_UO6,RD9_F6_m9f6_P9_Y20_UO250,RD2_F3_m6f2_P6_Y20_UO366,MXY,2,0.0,1,0,0.0,0,0,0,-9999.0,0.506103515625,1,P0_CV0,1,1,1,1,1
3,4.20367802087489,4.955022315058112,RD3_F2_m2f5_P2_Y23_UO188,RD2_F3_m6f9_P6_Y21_UO386,RD5_F2_m6f9_P6_Y21_UO383,FXX,1,0.0,0,0,0.0,0,0,0,-9999.0,0.496826171875,1,P1_CV0,1,1,1,0,2
3,4.20367802087489,4.955022315058112,RD3_F7_m7f4_P7_Y23_UO19,RD7_F3_m2f5_P2_Y21_UO157,RD4_F8_m4f8_P4_Y19_UO339,MXY,1,0.0,0,0,0.0,0,0,0,-9999.0,0.4998779296875,1,P1_CV0,1,1,1,1,1
3,4.20367802087489,4.955022315058112,RD3_F7_m7f4_P7_Y23_UO21,RD7_F3_m2f5_P2_Y21_UO157,RD4_F8_m4f8_P4_Y19_UO339,FXX,1,0.0,0,0,0.0,0,0,0,-9999.0,0.4998779296875,1,P1_CV0,1,0,2,0,2
3,4.20367802087489,4.955022315058112,RD3_F7_m7f4_P7_Y23_UO27,RD7_F3_m2f5_P2_Y21_UO157,RD4_F8_m4f8_P4_Y19_UO339,FXX,1,0.0,0,0,0.0,0,0,0,-9999.0,0.4998779296875,1,P1_CV0,1,1,1,1,1
3,4.20367802087489,4.955022315058112,RD3_F7_m7f4_P7_Y23_UO30,RD7_F3_m2f5_P2_Y21_UO157,RD4_F8_m4f8_P4_Y19_UO339,MXY,1,0.0,0,0,0.0,0,0,0,-9999.0,0.4998779296875,1,P1_CV0,1,1,1,0,2
3,4.20367802087489,4.955022315058112,RD3_F6_m3f2_P3_Y22_UO337,RD3_F2_m3f6_P3_Y20_UO155,RD2_F6_m3f6_P3_Y20_UO348,FXX,2,0.0,1,0,1.0,0,0,0,-9999.0,0.5098876953125,1,P1_CV0,1,0,2,1,1
3,4.20367802087489,4.955022315058112,RD3_F6_m3f5_P3_Y22_UO381,RD3_F7_m3f5_P3_Y20_UO12,RD5_F3_m6f3_P6_Y17_UO417,MXY,2,0.0,1,0,0.0,0,0,0,-9999.0,0.5042724609375,1,P1_CV0,1,1,1,1,1
3,4.20367802087489,4.955022315058112,RD3_F6_m9f2_P9_Y22_UO20,RD9_F2_m9f2_P9_Y20_UO141,RD2_F9_m6f9_P6_Y20_UO543,MXY,2,0.0,1,0,0.0,0,0,0,-9999.0,0.51171875,1,P1_CV0,1,1,1,0,2
3,4.20367802087489,4.955022315058112,RD3_F6_m9f2_P9_Y22_UO358,RD9_F6_m2f3_P2_Y20_UO658,RD2_F3_m7f3_P7_Y20_UO412,MXY,2,0.0,1,0,0.0,0,0,0,-9999.0,0.5216064453125,1,P1_CV0,1,0,2,1,1
3,4.20367802087489,4.955022315058112,RD3_F7_m4f8_P4_Y22_UO548,RD4_F7_m4f7_P4_Y20_UO519,RD8_F4_m8f4_P8_Y20_UO47,MXY,2,0.0,1,0,0.0,0,0,0,-9999.0,0.5511474609375,1,P1_CV0,1,1,1,0,2
3,4.20367802087489,4.955022315058112,RD3_F7_m8f4_P8_Y21_UO108,RD8_F4_m8f4_P8_Y19_UO198,RD4_F8_m4f8_P4_Y19_UO339,FXX,3,0.0,1,0,1.0,0,0,0,-9999.0,0.50244140625,1,P1_CV0,1,1,1,1,1
3,4.20367802087489,4.955022315058112,RD3_F6_m6f2_P6_Y23_UO285,RD6_F9_m2f3_P2_Y21_UO290,RD2_F6_m2f9_P2_Y21_UO52,FXX,1,0.0,0,0,0.0,0,0,0,-9999.0,0.4835205078125,1,P2_CV0,1,0,2,1,1
3,4.20367802087489,4.955022315058112,RD3_F6_m6f2_P6_Y23_UO289,RD6_F9_m2f3_P2_Y21_UO290,RD2_F6_m2f9_P2_Y21_UO52,MXY,1,0.0,0,0,0.0,0,0,0,-9999.0,0.4835205078125,1,P2_CV0,1,1,1,1,1
3,4.20367802087489,4.955022315058112,RD3_F2_m2f3_P2_Y23_UO69,RD2_F6_m9f6_P9_Y21_UO426,RD3_F6_m9f6_P9_Y21_UO341,MXY,1,0.0,0,0,0.0,0,0,0,-9999.0,0.50634765625,1,P3_CV0,1,0,2,0,2
3,4.20367802087489,4.955022315058112,RD3_F2_m2f3_P2_Y23_UO73,RD2_F6_m9f6_P9_Y21_UO426,RD3_F6_m9f6_P9_Y21_UO341,FXX,1,0.0,0,0,0.0,0,0,0,-9999.0,0.50634765625,1,P3_CV0,1,1,1,0,2
3,4.20367802087489,4.955022315058112,RD3_F2_m2f3_P2_Y23_UO75,RD2_F6_m9f6_P9_Y21_UO426,RD3_F6_m9f6_P9_Y21_UO341,MXY,1,0.0,0,0,0.0,0,0,0,-9999.0,0.50634765625,1,P3_CV0,1,1,1,0,2
3,4.20367802087489,4.955022315058112,RD3_F2_m2f5_P2_Y23_UO101,RD2_F6_m9f6_P9_Y21_UO426,RD5_F1_m1f5_P1_Y20_UO118,FXX,1,0.0,0,0,0.0,0,0,0,-9999.0,0.4949951171875,1,P3_CV0,1,2,0,0,2
3,4.20367802087489,4.955022315058112,RD3_F5_m5f3_P5_Y23_UO165,RD5_F1_m5f2_P5_Y21_UO134,RD3_F6_m2f9_P2_Y21_UO48,FXX,1,0.0,0,0,0.0,0,0,0,-9999.0,0.482666015625,1,P3_CV0,1,1,1,0,2
3,4.20367802087489,4.955022315058112,RD3_F5_m5f3_P5_Y23_UO167,RD5_F1_m5f2_P5_Y21_UO134,RD3_F6_m2f9_P2_Y21_UO48,MXY,1,0.0,0,0,0.0,0,0,0,-9999.0,0.482666015625,1,P3_CV0,1,1,1,0,2
3,4.20367802087489,4.955022315058112,RD3_F5_m5f3_P5_Y23_UO183,RD5_F1_m5f2_P5_Y21_UO179,RD3_F6_m9f6_P9_Y19_UO72,FXX,1,0.0,0,0,0.0,0,0,0,-9999.0,0.5078125,1,P3_CV0,1,1,1,2,0
3,4.20367802087489,4.955022315058112,RD3_F5_m5f3_P5_Y23_UO184,RD5_F1_m5f2_P5_Y21_UO179,RD3_F6_m9f6_P9_Y19_UO72,FXX,1,0.0,0,0,0.0,0,0,0,-9999.0,0.5078125,1,P3_CV0,1,1,1,1,1
3,4.20367802087489,4.955022315058112,RD3_F5_m5f3_P5_Y23_UO186,RD5_F1_m5f2_P5_Y21_UO179,RD3_F6_m9f6_P9_Y19_UO72,MXY,1,0.0,0,0,0.0,0,0,0,-9999.0,0.5078125,1,P3_CV0,1,1,1,2,0
3,4.20367802087489,4.955022315058112,RD3_F5_m5f2_P5_Y23_UO260,RD5_F1_m5f2_P5_Y21_UO179,RD2_F9_m6f2_P6_Y21_UO236,FXX,1,0.0,0,0,0.0,0,0,0,-9999.0,0.5028076171875,1,P3_CV0,1,1,1,2,0
3,4.20367802087489,4.955022315058112,RD3_F5_m5f2_P5_Y23_UO263,RD5_F1_m5f2_P5_Y21_UO179,RD2_F9_m6f2_P6_Y21_UO236,MXY,1,0.0,0,0,0.0,0,0,0,-9999.0,0.5028076171875,1,P3_CV0,1,1,1,2,0
3,4.20367802087489,4.955022315058112,RD3_F5_m5f3_P5_Y23_UO376,RD5_F1_m5f2_P5_Y21_UO134,RD3_F6_m2f9_P2_Y21_UO394,MXY,1,0.0,0,0,0.0,0,0,0,-9999.0,0.49658203125,1,P3_CV0,1,0,2,1,1
3,4.20367802087489,4.955022315058112,RD3_F5_m5f3_P5_Y23_UO421,RD5_F2_m9f6_P9_Y21_UO342,RD3_F2_m5f2_P5_Y21_UO215,FXX,1,0.0,0,0,0.0,0,0,0,-9999.0,0.512939453125,1,P3_CV0,1,1,1,0,2
3,4.20367802087489,4.955022315058112,RD3_F7_m4f8_P4_Y22_UO232,RD4_F8_m4f8_P4_Y20_UO573,RD8_F4_m8f4_P8_Y20_UO230,FXX,2,0.0,1,0,1.0,0,0,0,-9999.0,0.5211181640625,1,P3_CV0,1,1,1,1,1
3,4.20367802087489,4.955022315058112,RD3_F7_m4f8_P4_Y22_UO457,RD4_F7_m3f2_P3_Y20_UO565,RD8_F4_m8f4_P8_Y20_UO327,FXX,2,0.0,1,0,1.0,0,0,0,-9999.0,0.5135498046875,1,P3_CV0,1,0,2,2,0
3,4.20367802087489,4.955022315058112,RD3_F2_m2f5_P2_Y23_UO126,RD2_F9_m2f9_P2_Y21_UO392,RD5_F1_m5f3_P5_Y21_UO198,FXX,1,0.0,0,0,0.0,0,0,0,-9999.0,0.502197265625,1,P4_CV0,1,0,2,2,0
3,4.20367802087489,4.955022315058112,RD3_F2_m2f5_P2_Y23_UO128,RD2_F9_m2f9_P2_Y21_UO392,RD5_F1_m5f3_P5_Y21_UO198,FXX,1,0.0,0,0,0.0,0,0,0,-9999.0,0.502197265625,1,P4_CV0,1,1,1,1,1
3,4.20367802087489,4.955022315058112,RD3_F5_m5f2_P5_Y23_UO262,RD5_F1_m5f2_P5_Y21_UO179,RD2_F9_m6f2_P6_Y21_UO236,MXY,1,0.0,0,0,0.0,0,0,0,-9999.0,0.5028076171875,1,P4_CV0,1,1,1,2,0
3,4.20367802087489,4.955022315058112,RD3_F5_m5f2_P5_Y23_UO332,RD5_F1_m5f2_P5_Y21_UO134,RD2_F9_m3f6_P3_Y20_UO583,MXY,1,0.0,0,0,0.0,0,0,0,-9999.0,0.4981689453125,1,P4_CV0,1,0,2,1,1
3,4.20367802087489,4.955022315058112,RD3_F5_m5f2_P5_Y23_UO333,RD5_F1_m5f2_P5_Y21_UO134,RD2_F9_m3f6_P3_Y20_UO583,MXY,1,0.0,0,0,0.0,0,0,0,-9999.0,0.4981689453125,1,P4_CV0,1,1,1,1,1
3,4.20367802087489,4.955022315058112,RD3_F5_m5f2_P5_Y23_UO334,RD5_F1_m5f2_P5_Y21_UO134,RD2_F9_m3f6_P3_Y20_UO583,MXY,1,0.0,0,0,0.0,0,0,0,-9999.0,0.4981689453125,1,P4_CV0,1,0,2,1,1
3,4.20367802087489,4.955022315058112,RD3_F5_m5f2_P5_Y23_UO337,RD5_F1_m5f2_P5_Y21_UO134,RD2_F9_m3f6_P3_Y20_UO583,MXY,1,0.0,0,0,0.0,0,0,0,-9999.0,0.4981689453125,1,P4_CV0,1,0,2,1,1
3,4.20367802087489,4.955022315058112,RD3_F5_m5f3_P5_Y23_UO377,RD5_F1_m5f2_P5_Y21_UO134,RD3_F6_m2f9_P2_Y21_UO394,MXY,1,0.0,0,0,0.0,0,0,0,-9999.0,0.49658203125,1,P4_CV0,1,0,2,1,1
3,4.20367802087489,4.955022315058112,RD3_F6_m6f2_P6_Y23_UO106,RD6_F3_m2f3_P2_Y21_UO400,RD2_F5_m5f2_P5_Y20_UO268,MXY,1,0.0,0,0,0.0,0,0,0,-9999.0,0.5062255859375,1,P4_CV0,1,0,2,0,2
3,4.20367802087489,4.955022315058112,RD3_F6_m6f2_P6_Y23_UO109,RD6_F3_m2f3_P2_Y21_UO400,RD2_F5_m5f2_P5_Y20_UO268,FXX,1,0.0,0,0,0.0,0,0,0,-9999.0,0.5062255859375,1,P4_CV0,1,0,2,2,0
3,4.20367802087489,4.955022315058112,RD3_F6_m6f2_P6_Y23_UO117,RD6_F3_m2f3_P2_Y21_UO400,RD2_F5_m5f2_P5_Y20_UO268,MXY,1,0.0,0,0,0.0,0,0,0,-9999.0,0.5062255859375,1,P4_CV0,1,0,2,1,1
3,4.20367802087489,4.955022315058112,RD3_F7_m7f4_P7_Y23_UO152,RD7_F4_m8f4_P8_Y21_UO108,RD4_F8_m7f3_P7_Y20_UO439,FXX,1,0.0,0,0,0.0,0,0,0,-9999.0,0.5252685546875,1,P4_CV0,1,1,1,1,1
3,4.20367802087489,4.955022315058112,RD3_F7_m7f4_P7_Y23_UO153,RD7_F4_m8f4_P8_Y21_UO108,RD4_F8_m7f3_P7_Y20_UO439,FXX,1,0.0,0,0,0.0,0,0,0,-9999.0,0.5252685546875,1,P4_CV0,1,0,2,1,1
3,4.20367802087489,4.955022315058112,RD3_F7_m7f4_P7_Y23_UO354,RD7_F3_m2f5_P2_Y21_UO157,RD4_F8_m7f3_P7_Y20_UO439,FXX,1,0.0,0,0,0.0,0,0,0,-9999.0,0.52783203125,1,P4_CV0,1,1,1,1,1
3,4.20367802087489,4.955022315058112,RD3_F7_m7f4_P7_Y23_UO390,RD7_F4_m8f4_P8_Y21_UO132,RD4_F8_m7f3_P7_Y20_UO439,MXY,1,0.0,0,0,0.0,0,0,0,-9999.0,0.5262451171875,1,P4_CV0,1,0,2,1,1
3,4.20367802087489,4.955022315058112,RD3_F7_m7f4_P7_Y23_UO397,RD7_F4_m8f4_P8_Y21_UO132,RD4_F8_m7f3_P7_Y20_UO439,FXX,1,0.0,0,0,0.0,0,0,0,-9999.0,0.5262451171875,1,P4_CV0,1,0,2,0,2
3,4.20367802087489,4.955022315058112,RD3_F6_m9f2_P9_Y22_UO293,RD9_F2_m9f6_P9_Y20_UO335,RD2_F3_m7f3_P7_Y20_UO148,FXX,2,0.0,1,0,1.0,0,0,0,-9999.0,0.515869140625,1,P4_CV0,1,1,1,2,0
3,4.20367802087489,4.955022315058112,RD3_F6_m9f6_P9_Y22_UO307,RD9_F2_m3f2_P3_Y20_UO487,RD6_F2_m3f6_P3_Y20_UO581,MXY,2,0.0,1,0,0.0,0,0,0,-9999.0,0.510498046875,1,P4_CV0,1,1,1,1,1
3,4.20367802087489,4.955022315058112,RD3_F6_m2f3_P2_Y22_UO346,RD2_F3_m7f4_P7_Y20_UO275,RD3_F7_m4f8_P4_Y20_UO451,MXY,2,0.0,1,0,0.0,0,0,0,-9999.0,0.5343017578125,1,P4_CV0,1,1,1,2,0
3,4.20367802087489,4.955022315058112,RD3_F6_m2f5_P2_Y22_UO430,RD2_F3_m7f3_P7_Y20_UO39,RD5_F1_m5f3_P5_Y20_UO434,FXX,2,0.0,1,0,1.0,0,0,0,-9999.0,0.5115966796875,1,P4_CV0,1,2,0,0,2
3,4.20367802087489,4.955022315058112,RD3_F6_m2f5_P2_Y22_UO425,RD2_F3_m7f3_P7_Y20_UO39,RD5_F1_m5f3_P5_Y20_UO434,FXX,2,0.0,1,0,1.0,0,0,0,-9999.0,0.5115966796875,1,P4_CV0,1,2,0,0,2
3,4.20367802087489,4.955022315058112,RD3_F7_m4f7_P4_Y22_UO115,RD4_F7_m4f8_P4_Y20_UO491,RD7_F4_m7f4_P7_Y20_UO597,FXX,2,0.0,1,0,1.0,0,0,0,-9999.0,0.531494140625,1,P4_CV0,1,1,1,1,1
3,4.20367802087489,4.955022315058112,RD3_F7_m4f7_P4_Y22_UO110,RD4_F7_m4f8_P4_Y20_UO491,RD7_F4_m7f4_P7_Y20_UO597,MXY,2,0.0,1,0,0.0,0,0,0,-9999.0,0.531494140625,1,P4_CV0,1,2,0,1,1
3,4.20367802087489,4.955022315058112,RD3_F7_m3f7_P3_Y22_UO11,RD3_F2_m6f9_P6_Y20_UO690,RD7_F4_m7f4_P7_Y20_UO597,FXX,2,0.0,1,0,1.0,0,0,0,-9999.0,0.5106201171875,1,P4_CV0,1,0,2,1,1
3,4.20367802087489,4.955022315058112,RD3_F2_m2f3_P2_Y23_UO355,RD2_F3_m5f2_P5_Y21_UO138,RD3_F7_m3f7_P3_Y21_UO227,MXY,1,0.0,0,0,0.0,0,0,0,-9999.0,0.490966796875,1,P5_CV0,1,0,2,1,1
3,4.20367802087489,4.955022315058112,RD3_F5_m5f3_P5_Y23_UO182,RD5_F1_m5f2_P5_Y21_UO179,RD3_F6_m9f6_P9_Y19_UO72,FXX,1,0.0,0,0,0.0,0,0,0,-9999.0,0.5078125,1,P5_CV0,1,1,1,1,1
3,4.20367802087489,4.955022315058112,RD3_F5_m5f2_P5_Y23_UO244,RD5_F1_m5f3_P5_Y21_UO151,RD2_F9_m6f9_P6_Y21_UO385,MXY,1,0.0,0,0,0.0,0,0,0,-9999.0,0.4996337890625,1,P5_CV0,1,1,1,0,2
3,4.20367802087489,4.955022315058112,RD3_F5_m5f2_P5_Y23_UO246,RD5_F1_m5f3_P5_Y21_UO151,RD2_F9_m6f9_P6_Y21_UO385,FXX,1,0.0,0,0,0.0,0,0,0,-9999.0,0.4996337890625,1,P5_CV0,1,0,2,1,1
3,4.20367802087489,4.955022315058112,RD3_F2_m3f6_P3_Y22_UO249,RD3_F7_m3f5_P3_Y20_UO12,RD6_F2_m3f5_P3_Y20_UO24,FXX,2,0.0,1,0,1.0,0,0,0,-9999.0,0.5106201171875,1,P5_CV0,1,0,2,1,1
3,4.20367802087489,4.955022315058112,RD3_F2_m9f2_P9_Y22_UO650,RD9_F6_m9f6_P9_Y20_UO16,RD2_F6_m2f6_P2_Y20_UO441,FXX,2,0.0,1,0,1.0,0,0,0,-9999.0,0.508544921875,1,P5_CV0,1,1,1,1,1
3,4.20367802087489,4.955022315058112,RD3_F5_m1f5_P1_Y22_UO77,RD1_F5_m2f5_P2_Y20_UO391,RD5_F3_m6f3_P6_Y20_UO85,MXY,2,0.0,1,0,0.0,0,0,0,-9999.0,0.5037841796875,1,P5_CV0,1,1,1,0,2
3,4.20367802087489,4.955022315058112,RD3_F6_m9f2_P9_Y22_UO653,RD9_F6_m9f6_P9_Y20_UO16,RD2_F6_m2f6_P2_Y20_UO441,MXY,2,0.0,1,0,0.0,0,0,0,-9999.0,0.508544921875,1,P5_CV0,1,2,0,1,1
3,4.20367802087489,4.955022315058112,RD3_F7_m3f6_P3_Y22_UO51,RD3_F7_m3f7_P3_Y20_UO399,RD6_F3_m9f6_P9_Y19_UO72,FXX,2,0.0,1,0,1.0,0,0,0,-9999.0,0.5118408203125,1,P5_CV0,1,1,1,1,1
3,4.20367802087489,4.955022315058112,RD3_F7_m3f6_P3_Y22_UO248,RD3_F7_m3f5_P3_Y20_UO12,RD6_F2_m3f5_P3_Y20_UO24,MXY,2,0.0,1,0,0.0,0,0,0,-9999.0,0.5106201171875,1,P5_CV0,1,1,1,0,2
3,4.20367802087489,4.955022315058112,RD3_F7_m3f7_P3_Y22_UO598,RD3_F7_m3f2_P3_Y20_UO568,RD7_F4_m7f3_P7_Y20_UO145,FXX,2,0.0,1,0,1.0,0,0,0,-9999.0,0.5162353515625,1,P6_CV0,1,1,1,1,1
3,4.20367802087489,4.955022315058112,RD3_F7_m3f7_P3_Y22_UO593,RD3_F7_m3f2_P3_Y20_UO568,RD7_F4_m7f3_P7_Y20_UO145,MXY,2,0.0,1,0,0.0,0,0,0,-9999.0,0.5162353515625,1,P6_CV0,1,0,2,2,0
3,4.20367802087489,4.955022315058112,RD3_F2_m6f3_P6_Y22_UO645,RD6_F3_m7f3_P7_Y20_UO281,RD3_F7_m3f2_P3_Y20_UO101,FXX,2,0.0,1,0,1.0,0,0,0,-9999.0,0.5059814453125,1,P7_CV0,1,1,1,1,1
3,4.20367802087489,4.955022315058112,RD3_F7_m4f7_P4_Y22_UO439,RD4_F7_m3f6_P3_Y20_UO156,RD7_F4_m7f3_P7_Y20_UO145,FXX,2,0.0,1,0,1.0,0,0,0,-9999.0,0.520751953125,1,P7_CV0,1,0,2,2,0
3,4.20367802087489,4.955022315058112,RD3_F5_m5f2_P5_Y23_UO6,RD5_F1_m5f2_P5_Y21_UO214,RD2_F6_m6f3_P6_Y20_UO86,FXX,1,0.0,0,0,0.0,0,0,0,-9999.0,0.5076904296875,1,P8_CV0,1,2,0,2,0
3,4.20367802087489,4.955022315058112,RD3_F6_m6f9_P6_Y23_UO364,RD6_F9_m2f5_P2_Y21_UO154,RD9_F2_m6f9_P6_Y21_UO415,MXY,1,0.0,0,0,0.0,0,0,0,-9999.0,0.503662109375,1,P8_CV0,1,1,1,0,2
3,4.20367802087489,4.955022315058112,RD3_F6_m6f9_P6_Y23_UO365,RD6_F9_m2f5_P2_Y21_UO154,RD9_F2_m6f9_P6_Y21_UO415,MXY,1,0.0,0,0,0.0,0,0,0,-9999.0,0.503662109375,1,P8_CV0,1,0,2,0,2
3,4.20367802087489,4.955022315058112,RD3_F6_m6f9_P6_Y23_UO368,RD6_F9_m2f5_P2_Y21_UO154,RD9_F2_m6f9_P6_Y21_UO415,FXX,1,0.0,0,0,0.0,0,0,0,-9999.0,0.503662109375,1,P8_CV0,1,1,1,0,2
3,4.20367802087489,4.955022315058112,RD3_F7_m7f4_P7_Y23_UO25,RD7_F3_m2f5_P2_Y21_UO157,RD4_F8_m4f8_P4_Y19_UO339,MXY,1,0.0,0,0,0.0,0,0,0,-9999.0,0.4998779296875,1,P8_CV0,1,0,2,1,1
3,4.20367802087489,4.955022315058112,RD3_F7_m7f4_P7_Y23_UO342,RD7_F3_m2f5_P2_Y21_UO157,RD4_F8_m7f3_P7_Y20_UO439,MXY,1,0.0,0,0,0.0,0,0,0,-9999.0,0.52783203125,1,P8_CV0,1,0,2,0,2
3,4.20367802087489,4.955022315058112,RD3_F7_m7f4_P7_Y23_UO349,RD7_F3_m2f5_P2_Y21_UO157,RD4_F8_m7f3_P7_Y20_UO439,FXX,1,0.0,0,0,0.0,0,0,0,-9999.0,0.52783203125,1,P8_CV0,1,0,2,0,2
3,4.20367802087489,4.955022315058112,RD3_F7_m7f4_P7_Y23_UO350,RD7_F3_m2f5_P2_Y21_UO157,RD4_F8_m7f3_P7_Y20_UO439,MXY,1,0.0,0,0,0.0,0,0,0,-9999.0,0.52783203125,1,P8_CV0,1,1,1,0,2
3,4.20367802087489,4.955022315058112,RD3_F7_m7f4_P7_Y23_UO351,RD7_F3_m2f5_P2_Y21_UO157,RD4_F8_m7f3_P7_Y20_UO439,FXX,1,0.0,0,0,0.0,0,0,0,-9999.0,0.52783203125,1,P8_CV0,1,1,1,1,1
3,4.20367802087489,4.955022315058112,RD3_F2_m6f2_P6_Y22_UO124,RD6_F9_m6f3_P6_Y20_UO189,RD2_F5_m1f5_P1_Y20_UO63,MXY,2,0.0,1,0,0.0,0,0,0,-9999.0,0.50048828125,1,P8_CV0,1,1,1,1,1
3,4.20367802087489,4.955022315058112,RD3_F7_m2f5_P2_Y21_UO157,RD2_F9_m2f3_P2_Y19_UO89,RD5_F1_m5f2_P5_Y19_UO174,FXX,3,0.0,1,0,1.0,0,0,0,-9999.0,0.507568359375,1,P8_CV0,1,1,1,0,2
4,2.046486340378425,9.289064495259955,RD4_F8_m8f4_P8_Y23_UO442,RD8_F4_m7f4_P7_Y21_UO351,RD4_F8_m8f4_P8_Y20_UO503,FXX,1,0.0,0,0,0.0,0,0,0,-9999.0,0.5252685546875,1,P0_CV0,1,1,1,2,0
4,2.046486340378425,9.289064495259955,RD4_F8_m8f4_P8_Y23_UO95,RD8_F4_m7f4_P7_Y21_UO369,RD4_F8_m8f4_P8_Y20_UO503,MXY,1,0.0,0,0,0.0,0,0,0,-9999.0,0.5252685546875,1,P0_CV0,1,1,1,1,1
4,2.046486340378425,9.289064495259955,RD4_F8_m8f4_P8_Y23_UO445,RD8_F4_m7f4_P7_Y21_UO279,RD4_F8_m4f8_P4_Y19_UO339,FXX,1,0.0,0,0,0.0,0,0,0,-9999.0,0.4971923828125,1,P0_CV0,1,0,2,1,1
4,2.046486340378425,9.289064495259955,RD4_F8_m8f4_P8_Y23_UO310,RD8_F4_m7f4_P7_Y21_UO351,RD4_F8_m7f3_P7_Y20_UO439,FXX,1,0.0,0,0,0.0,0,0,0,-9999.0,0.532958984375,1,P0_CV0,1,0,2,2,0
4,2.046486340378425,9.289064495259955,RD4_F8_m8f4_P8_Y23_UO314,RD8_F4_m7f4_P7_Y21_UO369,RD4_F8_m8f4_P8_Y20_UO503,FXX,1,0.0,0,0,0.0,0,0,0,-9999.0,0.5252685546875,1,P0_CV0,1,1,1,0,2
4,2.046486340378425,9.289064495259955,RD4_F7_m7f4_P7_Y23_UO301,RD7_F4_m8f4_P8_Y21_UO132,RD4_F8_m7f3_P7_Y20_UO439,FXX,1,0.0,0,0,0.0,0,0,0,-9999.0,0.5262451171875,1,P0_CV0,1,0,2,1,1
4,2.046486340378425,9.289064495259955,RD4_F8_m8f4_P8_Y23_UO447,RD8_F4_m7f4_P7_Y21_UO279,RD4_F8_m4f8_P4_Y19_UO339,MXY,1,0.0,0,0,0.0,0,0,0,-9999.0,0.4971923828125,1,P0_CV0,1,0,2,1,1
4,2.046486340378425,9.289064495259955,RD4_F8_m8f4_P8_Y23_UO309,RD8_F4_m7f4_P7_Y21_UO351,RD4_F8_m7f3_P7_Y20_UO439,FXX,1,0.0,0,0,0.0,0,0,0,-9999.0,0.532958984375,1,P0_CV0,1,0,2,1,1
4,2.046486340378425,9.289064495259955,RD4_F8_m8f4_P8_Y23_UO297,RD8_F4_m7f4_P7_Y21_UO369,RD4_F8_m7f3_P7_Y20_UO439,FXX,1,0.0,0,0,0.0,0,0,0,-9999.0,0.532958984375,1,P0_CV0,1,0,2,1,1
4,2.046486340378425,9.289064495259955,RD4_F8_m8f4_P8_Y23_UO329,RD8_F4_m7f4_P7_Y21_UO351,RD4_F8_m7f3_P7_Y20_UO439,FXX,1,0.0,0,0,0.0,0,0,0,-9999.0,0.532958984375,1,P0_CV0,1,0,2,1,1
4,2.046486340378425,9.289064495259955,RD4_F8_m8f4_P8_Y23_UO308,RD8_F4_m7f4_P7_Y21_UO351,RD4_F8_m7f3_P7_Y20_UO439,MXY,1,0.0,0,0,0.0,0,0,0,-9999.0,0.532958984375,1,P0_CV0,1,0,2,2,0
4,2.046486340378425,9.289064495259955,RD4_F8_m8f4_P8_Y23_UO439,RD8_F4_m7f4_P7_Y21_UO351,RD4_F8_m8f4_P8_Y20_UO503,MXY,1,0.0,0,0,0.0,0,0,0,-9999.0,0.5252685546875,1,P0_CV0,1,1,1,1,1
4,2.046486340378425,9.289064495259955,RD4_F7_m7f4_P7_Y23_UO299,RD7_F4_m8f4_P8_Y21_UO132,RD4_F8_m7f3_P7_Y20_UO439,MXY,1,0.0,0,0,0.0,0,0,0,-9999.0,0.5262451171875,1,P0_CV0,1,0,2,2,0
4,2.046486340378425,9.289064495259955,RD4_F8_m8f4_P8_Y23_UO98,RD8_F4_m7f4_P7_Y21_UO369,RD4_F8_m8f4_P8_Y20_UO503,FXX,1,0.0,0,0,0.0,0,0,0,-9999.0,0.5252685546875,1,P0_CV0,1,2,0,1,1
4,2.046486340378425,9.289064495259955,RD4_F8_m8f4_P8_Y23_UO156,RD8_F4_m8f4_P8_Y21_UO443,RD4_F8_m4f8_P4_Y19_UO339,MXY,1,0.0,0,0,0.0,0,0,0,-9999.0,0.498291015625,1,P1_CV0,1,0,2,1,1
4,2.046486340378425,9.289064495259955,RD4_F8_m8f4_P8_Y23_UO437,RD8_F4_m7f4_P7_Y21_UO351,RD4_F8_m4f8_P4_Y19_UO339,FXX,1,0.0,0,0,0.0,0,0,0,-9999.0,0.5050048828125,1,P1_CV0,1,0,2,1,1
4,2.046486340378425,9.289064495259955,RD4_F8_m8f4_P8_Y23_UO134,RD8_F4_m7f4_P7_Y21_UO356,RD4_F8_m4f8_P4_Y19_UO339,MXY,1,0.0,0,0,0.0,0,0,0,-9999.0,0.5050048828125,1,P1_CV0,1,1,1,0,2
4,2.046486340378425,9.289064495259955,RD4_F7_m7f4_P7_Y23_UO151,RD7_F4_m8f4_P8_Y21_UO108,RD4_F8_m7f3_P7_Y20_UO439,FXX,1,0.0,0,0,0.0,0,0,0,-9999.0,0.5252685546875,1,P1_CV0,1,0,2,2,0
4,2.046486340378425,9.289064495259955,RD4_F8_m8f4_P8_Y23_UO132,RD8_F4_m7f4_P7_Y21_UO356,RD4_F8_m4f8_P4_Y19_UO339,MXY,1,0.0,0,0,0.0,0,0,0,-9999.0,0.5050048828125,1,P1_CV0,1,1,1,1,1
4,2.046486340378425,9.289064495259955,RD4_F7_m7f4_P7_Y23_UO20,RD7_F3_m2f5_P2_Y21_UO157,RD4_F8_m4f8_P4_Y19_UO339,FXX,1,0.0,0,0,0.0,0,0,0,-9999.0,0.4998779296875,1,P1_CV0,1,1,1,1,1
4,2.046486340378425,9.289064495259955,RD4_F8_m8f4_P8_Y23_UO434,RD8_F4_m7f4_P7_Y21_UO351,RD4_F8_m4f8_P4_Y19_UO339,MXY,1,0.0,0,0,0.0,0,0,0,-9999.0,0.5050048828125,1,P1_CV0,1,0,2,2,0
4,2.046486340378425,9.289064495259955,RD4_F8_m8f4_P8_Y23_UO133,RD8_F4_m7f4_P7_Y21_UO356,RD4_F8_m4f8_P4_Y19_UO339,FXX,1,0.0,0,0,0.0,0,0,0,-9999.0,0.5050048828125,1,P1_CV0,1,0,2,1,1
4,2.046486340378425,9.289064495259955,RD4_F7_m7f4_P7_Y23_UO155,RD7_F4_m8f4_P8_Y21_UO108,RD4_F8_m7f3_P7_Y20_UO439,FXX,1,0.0,0,0,0.0,0,0,0,-9999.0,0.5252685546875,1,P1_CV0,1,0,2,1,1
4,2.046486340378425,9.289064495259955,RD4_F8_m8f4_P8_Y23_UO444,RD8_F4_m7f4_P7_Y21_UO279,RD4_F8_m4f8_P4_Y19_UO339,MXY,1,0.0,0,0,0.0,0,0,0,-9999.0,0.4971923828125,1,P1_CV0,1,0,2,1,1
4,2.046486340378425,9.289064495259955,RD4_F8_m8f4_P8_Y23_UO141,RD8_F4_m7f4_P7_Y21_UO356,RD4_F8_m4f8_P4_Y19_UO339,FXX,1,0.0,0,0,0.0,0,0,0,-9999.0,0.5050048828125,1,P1_CV0,1,0,2,0,2
4,2.046486340378425,9.289064495259955,RD4_F7_m7f4_P7_Y23_UO33,RD7_F3_m2f5_P2_Y21_UO157,RD4_F8_m4f8_P4_Y19_UO339,MXY,1,0.0,0,0,0.0,0,0,0,-9999.0,0.4998779296875,1,P1_CV0,1,1,1,0,2
4,2.046486340378425,9.289064495259955,RD4_F8_m8f4_P8_Y23_UO142,RD8_F4_m7f4_P7_Y21_UO356,RD4_F8_m4f8_P4_Y19_UO339,MXY,1,0.0,0,0,0.0,0,0,0,-9999.0,0.5050048828125,1,P1_CV0,1,1,1,2,0
4,2.046486340378425,9.289064495259955,RD4_F8_m8f4_P8_Y23_UO157,RD8_F4_m8f4_P8_Y21_UO443,RD4_F8_m4f8_P4_Y19_UO339,MXY,1,0.0,0,0,0.0,0,0,0,-9999.0,0.498291015625,1,P1_CV0,1,0,2,2,0
4,2.046486340378425,9.289064495259955,RD4_F7_m7f4_P7_Y23_UO34,RD7_F3_m2f5_P2_Y21_UO157,RD4_F8_m4f8_P4_Y19_UO339,FXX,1,0.0,0,0,0.0,0,0,0,-9999.0,0.4998779296875,1,P1_CV0,1,1,1,0,2
4,2.046486340378425,9.289064495259955,RD4_F8_m8f4_P8_Y23_UO136,RD8_F4_m7f4_P7_Y21_UO356,RD4_F8_m4f8_P4_Y19_UO339,FXX,1,0.0,0,0,0.0,0,0,0,-9999.0,0.5050048828125,1,P1_CV0,1,0,2,0,2
4,2.046486340378425,9.289064495259955,RD4_F8_m8f4_P8_Y23_UO436,RD8_F4_m7f4_P7_Y21_UO351,RD4_F8_m4f8_P4_Y19_UO339,MXY,1,0.0,0,0,0.0,0,0,0,-9999.0,0.5050048828125,1,P1_CV0,1,0,2,1,1
4,2.046486340378425,9.289064495259955,RD4_F8_m8f4_P8_Y23_UO143,RD8_F4_m7f4_P7_Y21_UO356,RD4_F8_m4f8_P4_Y19_UO339,MXY,1,0.0,0,0,0.0,0,0,0,-9999.0,0.5050048828125,1,P1_CV0,1,1,1,1,1
4,2.046486340378425,9.289064495259955,RD4_F7_m3f5_P3_Y22_UO376,RD3_F7_m3f5_P3_Y20_UO12,RD5_F3_m6f3_P6_Y17_UO417,FXX,2,0.0,1,0,1.0,0,0,0,-9999.0,0.5042724609375,1,P1_CV0,1,1,1,0,2
4,2.046486340378425,9.289064495259955,RD4_F8_m4f7_P4_Y22_UO112,RD4_F7_m4f8_P4_Y20_UO491,RD7_F4_m7f4_P7_Y20_UO597,FXX,2,0.0,1,0,1.0,0,0,0,-9999.0,0.531494140625,1,P1_CV0,1,2,0,1,1
4,2.046486340378425,9.289064495259955,RD4_F8_m4f7_P4_Y22_UO113,RD4_F7_m4f8_P4_Y20_UO491,RD7_F4_m7f4_P7_Y20_UO597,MXY,2,0.0,1,0,0.0,0,0,0,-9999.0,0.531494140625,1,P1_CV0,1,2,0,1,1
4,2.046486340378425,9.289064495259955,RD4_F7_m4f8_P4_Y22_UO552,RD4_F7_m4f7_P4_Y20_UO519,RD8_F4_m8f4_P8_Y20_UO47,MXY,2,0.0,1,0,0.0,0,0,0,-9999.0,0.5511474609375,1,P1_CV0,1,0,2,1,1
4,2.046486340378425,9.289064495259955,RD4_F7_m3f5_P3_Y22_UO378,RD3_F7_m3f5_P3_Y20_UO12,RD5_F3_m6f3_P6_Y17_UO417,MXY,2,0.0,1,0,0.0,0,0,0,-9999.0,0.5042724609375,1,P1_CV0,1,1,1,1,1
4,2.046486340378425,9.289064495259955,RD4_F8_m8f4_P8_Y23_UO443,RD8_F4_m7f4_P7_Y21_UO351,RD4_F8_m8f4_P8_Y20_UO503,MXY,1,0.0,0,0,0.0,0,0,0,-9999.0,0.5252685546875,1,P3_CV0,1,1,1,1,1
4,2.046486340378425,9.289064495259955,RD4_F8_m8f4_P8_Y23_UO139,RD8_F4_m7f4_P7_Y21_UO356,RD4_F8_m4f8_P4_Y19_UO339,FXX,1,0.0,0,0,0.0,0,0,0,-9999.0,0.5050048828125,1,P3_CV0,1,1,1,1,1
4,2.046486340378425,9.289064495259955,RD4_F8_m8f4_P8_Y23_UO144,RD8_F4_m7f4_P7_Y21_UO356,RD4_F8_m4f8_P4_Y19_UO339,MXY,1,0.0,0,0,0.0,0,0,0,-9999.0,0.5050048828125,1,P3_CV0,1,1,1,1,1
4,2.046486340378425,9.289064495259955,RD4_F8_m8f4_P8_Y23_UO311,RD8_F4_m7f4_P7_Y21_UO369,RD4_F8_m8f4_P8_Y20_UO503,FXX,1,0.0,0,0,0.0,0,0,0,-9999.0,0.5252685546875,1,P3_CV0,1,1,1,1,1
4,2.046486340378425,9.289064495259955,RD4_F8_m8f4_P8_Y23_UO441,RD8_F4_m7f4_P7_Y21_UO351,RD4_F8_m8f4_P8_Y20_UO503,MXY,1,0.0,0,0,0.0,0,0,0,-9999.0,0.5252685546875,1,P3_CV0,1,1,1,1,1
4,2.046486340378425,9.289064495259955,RD4_F8_m8f4_P8_Y23_UO135,RD8_F4_m7f4_P7_Y21_UO356,RD4_F8_m4f8_P4_Y19_UO339,MXY,1,0.0,0,0,0.0,0,0,0,-9999.0,0.5050048828125,1,P3_CV0,1,1,1,1,1
4,2.046486340378425,9.289064495259955,RD4_F8_m8f4_P8_Y23_UO138,RD8_F4_m7f4_P7_Y21_UO356,RD4_F8_m4f8_P4_Y19_UO339,FXX,1,0.0,0,0,0.0,0,0,0,-9999.0,0.5050048828125,1,P3_CV0,1,0,2,1,1
4,2.046486340378425,9.289064495259955,RD4_F8_m4f7_P4_Y22_UO298,RD4_F7_m3f2_P3_Y20_UO565,RD7_F4_m8f4_P8_Y20_UO232,MXY,2,0.0,1,0,0.0,0,0,0,-9999.0,0.5155029296875,1,P3_CV0,1,0,2,1,1
4,2.046486340378425,9.289064495259955,RD4_F8_m4f7_P4_Y22_UO217,RD4_F7_m3f6_P3_Y20_UO388,RD7_F4_m8f4_P8_Y20_UO638,MXY,2,0.0,1,0,0.0,0,0,0,-9999.0,0.5177001953125,1,P3_CV0,1,1,1,2,0
4,2.046486340378425,9.289064495259955,RD4_F7_m4f7_P4_Y22_UO371,RD4_F7_m3f2_P3_Y20_UO565,RD7_F4_m8f4_P8_Y20_UO326,MXY,2,0.0,1,0,0.0,0,0,0,-9999.0,0.5135498046875,1,P3_CV0,1,1,1,2,0
4,2.046486340378425,9.289064495259955,RD4_F7_m4f8_P4_Y22_UO230,RD4_F8_m4f8_P4_Y20_UO573,RD8_F4_m8f4_P8_Y20_UO230,MXY,2,0.0,1,0,0.0,0,0,0,-9999.0,0.5211181640625,1,P3_CV0,1,1,1,2,0
4,2.046486340378425,9.289064495259955,RD4_F7_m4f8_P4_Y22_UO368,RD4_F7_m3f6_P3_Y20_UO156,RD8_F4_m8f4_P8_Y20_UO327,FXX,2,0.0,1,0,1.0,0,0,0,-9999.0,0.51806640625,1,P3_CV0,1,0,2,1,1
4,2.046486340378425,9.289064495259955,RD4_F8_m4f8_P4_Y22_UO208,RD4_F7_m3f6_P3_Y20_UO354,RD8_F4_m8f4_P8_Y20_UO327,FXX,2,0.0,1,0,1.0,0,0,0,-9999.0,0.5086669921875,1,P3_CV0,1,0,2,0,2
4,2.046486340378425,9.289064495259955,RD4_F8_m4f8_P4_Y22_UO200,RD4_F7_m3f6_P3_Y20_UO354,RD8_F4_m8f4_P8_Y20_UO327,FXX,2,0.0,1,0,1.0,0,0,0,-9999.0,0.5086669921875,1,P3_CV0,1,0,2,1,1
4,2.046486340378425,9.289064495259955,RD4_F7_m4f8_P4_Y22_UO458,RD4_F7_m3f2_P3_Y20_UO565,RD8_F4_m8f4_P8_Y20_UO327,MXY,2,0.0,1,0,0.0,0,0,0,-9999.0,0.5135498046875,1,P3_CV0,1,0,2,0,2
4,2.046486340378425,9.289064495259955,RD4_F8_m4f7_P4_Y22_UO218,RD4_F7_m3f6_P3_Y20_UO388,RD7_F4_m8f4_P8_Y20_UO638,FXX,2,0.0,1,0,1.0,0,0,0,-9999.0,0.5177001953125,1,P3_CV0,1,2,0,1,1
4,2.046486340378425,9.289064495259955,RD4_F8_m4f7_P4_Y22_UO301,RD4_F7_m3f2_P3_Y20_UO565,RD7_F4_m8f4_P8_Y20_UO232,FXX,2,0.0,1,0,1.0,0,0,0,-9999.0,0.5155029296875,1,P3_CV0,1,1,1,1,1
4,2.046486340378425,9.289064495259955,RD4_F8_m4f7_P4_Y22_UO299,RD4_F7_m3f2_P3_Y20_UO565,RD7_F4_m8f4_P8_Y20_UO232,FXX,2,0.0,1,0,1.0,0,0,0,-9999.0,0.5155029296875,1,P3_CV0,1,0,2,0,2
4,2.046486340378425,9.289064495259955,RD4_F7_m4f8_P4_Y22_UO532,RD4_F7_m4f7_P4_Y20_UO150,RD8_F4_m7f4_P7_Y20_UO562,MXY,2,0.0,1,0,0.0,0,0,0,-9999.0,0.5316162109375,1,P3_CV0,1,0,2,1,1
4,2.046486340378425,9.289064495259955,RD4_F7_m4f8_P4_Y22_UO369,RD4_F7_m3f6_P3_Y20_UO156,RD8_F4_m8f4_P8_Y20_UO327,MXY,2,0.0,1,0,0.0,0,0,0,-9999.0,0.51806640625,1,P3_CV0,1,0,2,1,1
4,2.046486340378425,9.289064495259955,RD4_F8_m4f8_P4_Y22_UO528,RD4_F7_m4f7_P4_Y20_UO150,RD8_F4_m7f4_P7_Y20_UO562,FXX,2,0.0,1,0,1.0,0,0,0,-9999.0,0.5316162109375,1,P3_CV0,1,0,2,2,0
4,2.046486340378425,9.289064495259955,RD4_F7_m4f7_P4_Y22_UO216,RD4_F7_m3f6_P3_Y20_UO388,RD7_F4_m8f4_P8_Y20_UO638,FXX,2,0.0,1,0,1.0,0,0,0,-9999.0,0.5177001953125,1,P3_CV0,1,1,1,2,0
4,2.046486340378425,9.289064495259955,RD4_F8_m7f4_P7_Y21_UO366,RD7_F3_m7f3_P7_Y19_UO353,RD4_F7_m8f4_P8_Y18_UO63,MXY,3,0.0,1,0,0.0,0,0,0,-9999.0,0.517822265625,1,P3_CV0,1,0,2,2,0
4,2.046486340378425,9.289064495259955,RD4_F7_m7f4_P7_Y23_UO344,RD7_F3_m2f5_P2_Y21_UO157,RD4_F8_m7f3_P7_Y20_UO439,MXY,1,0.0,0,0,0.0,0,0,0,-9999.0,0.52783203125,1,P4_CV0,1,0,2,1,1
4,2.046486340378425,9.289064495259955,RD4_F7_m7f4_P7_Y23_UO343,RD7_F3_m2f5_P2_Y21_UO157,RD4_F8_m7f3_P7_Y20_UO439,FXX,1,0.0,0,0,0.0,0,0,0,-9999.0,0.52783203125,1,P4_CV0,1,1,1,1,1
4,2.046486340378425,9.289064495259955,RD4_F7_m7f4_P7_Y23_UO353,RD7_F3_m2f5_P2_Y21_UO157,RD4_F8_m7f3_P7_Y20_UO439,MXY,1,0.0,0,0,0.0,0,0,0,-9999.0,0.52783203125,1,P4_CV0,1,0,2,1,1
4,2.046486340378425,9.289064495259955,RD4_F7_m7f4_P7_Y23_UO431,RD7_F4_m8f4_P8_Y21_UO435,RD4_F8_m7f3_P7_Y20_UO439,MXY,1,0.0,0,0,0.0,0,0,0,-9999.0,0.5262451171875,1,P4_CV0,1,0,2,2,0
4,2.046486340378425,9.289064495259955,RD4_F8_m8f4_P8_Y23_UO294,RD8_F4_m7f4_P7_Y21_UO369,RD4_F8_m7f3_P7_Y20_UO439,MXY,1,0.0,0,0,0.0,0,0,0,-9999.0,0.532958984375,1,P4_CV0,1,1,1,1,1
4,2.046486340378425,9.289064495259955,RD4_F7_m7f4_P7_Y23_UO339,RD7_F3_m2f5_P2_Y21_UO157,RD4_F8_m7f3_P7_Y20_UO439,MXY,1,0.0,0,0,0.0,0,0,0,-9999.0,0.52783203125,1,P4_CV0,1,1,1,1,1
4,2.046486340378425,9.289064495259955,RD4_F7_m7f4_P7_Y23_UO394,RD7_F4_m8f4_P8_Y21_UO132,RD4_F8_m7f3_P7_Y20_UO439,FXX,1,0.0,0,0,0.0,0,0,0,-9999.0,0.5262451171875,1,P4_CV0,1,0,2,1,1
4,2.046486340378425,9.289064495259955,RD4_F8_m8f4_P8_Y23_UO298,RD8_F4_m7f4_P7_Y21_UO369,RD4_F8_m7f3_P7_Y20_UO439,FXX,1,0.0,0,0,0.0,0,0,0,-9999.0,0.532958984375,1,P4_CV0,1,0,2,1,1
4,2.046486340378425,9.289064495259955,RD4_F8_m8f4_P8_Y23_UO159,RD8_F4_m8f4_P8_Y21_UO443,RD4_F8_m4f8_P4_Y19_UO339,MXY,1,0.0,0,0,0.0,0,0,0,-9999.0,0.498291015625,1,P4_CV0,1,0,2,1,1
4,2.046486340378425,9.289064495259955,RD4_F8_m8f4_P8_Y23_UO330,RD8_F4_m7f4_P7_Y21_UO351,RD4_F8_m7f3_P7_Y20_UO439,MXY,1,0.0,0,0,0.0,0,0,0,-9999.0,0.532958984375,1,P4_CV0,1,0,2,2,0
4,2.046486340378425,9.289064495259955,RD4_F7_m7f4_P7_Y23_UO345,RD7_F3_m2f5_P2_Y21_UO157,RD4_F8_m7f3_P7_Y20_UO439,MXY,1,0.0,0,0,0.0,0,0,0,-9999.0,0.52783203125,1,P4_CV0,1,0,2,1,1
4,2.046486340378425,9.289064495259955,RD4_F7_m7f4_P7_Y23_UO433,RD7_F4_m8f4_P8_Y21_UO435,RD4_F8_m7f3_P7_Y20_UO439,FXX,1,0.0,0,0,0.0,0,0,0,-9999.0,0.5262451171875,1,P4_CV0,1,0,2,2,0
4,2.046486340378425,9.289064495259955,RD4_F7_m7f4_P7_Y23_UO393,RD7_F4_m8f4_P8_Y21_UO132,RD4_F8_m7f3_P7_Y20_UO439,MXY,1,0.0,0,0,0.0,0,0,0,-9999.0,0.5262451171875,1,P4_CV0,1,0,2,0,2
4,2.046486340378425,9.289064495259955,RD4_F7_m7f4_P7_Y23_UO348,RD7_F3_m2f5_P2_Y21_UO157,RD4_F8_m7f3_P7_Y20_UO439,FXX,1,0.0,0,0,0.0,0,0,0,-9999.0,0.52783203125,1,P4_CV0,1,1,1,0,2
4,2.046486340378425,9.289064495259955,RD4_F7_m7f4_P7_Y23_UO432,RD7_F4_m8f4_P8_Y21_UO435,RD4_F8_m7f3_P7_Y20_UO439,FXX,1,0.0,0,0,0.0,0,0,0,-9999.0,0.5262451171875,1,P4_CV0,1,0,2,2,0
4,2.046486340378425,9.289064495259955,RD4_F8_m8f4_P8_Y23_UO160,RD8_F4_m8f4_P8_Y21_UO443,RD4_F8_m4f8_P4_Y19_UO339,MXY,1,0.0,0,0,0.0,0,0,0,-9999.0,0.498291015625,1,P4_CV0,1,0,2,1,1
4,2.046486340378425,9.289064495259955,RD4_F7_m7f4_P7_Y23_UO396,RD7_F4_m8f4_P8_Y21_UO132,RD4_F8_m7f3_P7_Y20_UO439,MXY,1,0.0,0,0,0.0,0,0,0,-9999.0,0.5262451171875,1,P4_CV0,1,0,2,1,1
4,2.046486340378425,9.289064495259955,RD4_F8_m4f8_P4_Y22_UO418,RD4_F8_m4f8_P4_Y20_UO413,RD8_F4_m8f4_P8_Y20_UO557,MXY,2,0.0,1,0,0.0,0,0,0,-9999.0,0.52734375,1,P4_CV0,1,1,1,2,0
4,2.046486340378425,9.289064495259955,RD4_F7_m4f7_P4_Y22_UO111,RD4_F7_m4f8_P4_Y20_UO491,RD7_F4_m7f4_P7_Y20_UO597,MXY,2,0.0,1,0,0.0,0,0,0,-9999.0,0.531494140625,1,P4_CV0,1,2,0,1,1
4,2.046486340378425,9.289064495259955,RD4_F7_m4f7_P4_Y22_UO114,RD4_F7_m4f8_P4_Y20_UO491,RD7_F4_m7f4_P7_Y20_UO597,FXX,2,0.0,1,0,1.0,0,0,0,-9999.0,0.531494140625,1,P4_CV0,1,1,1,1,1
4,2.046486340378425,9.289064495259955,RD4_F8_m4f8_P4_Y22_UO25,RD4_F8_m4f7_P4_Y20_UO631,RD8_F4_m8f4_P8_Y20_UO273,MXY,2,0.0,1,0,0.0,0,0,0,-9999.0,0.5194091796875,1,P4_CV0,1,1,1,0,2
4,2.046486340378425,9.289064495259955,RD4_F8_m4f8_P4_Y22_UO207,RD4_F7_m3f6_P3_Y20_UO354,RD8_F4_m8f4_P8_Y20_UO327,MXY,2,0.0,1,0,0.0,0,0,0,-9999.0,0.5086669921875,1,P5_CV0,1,1,1,1,1
4,2.046486340378425,9.289064495259955,RD4_F8_m4f8_P4_Y22_UO27,RD4_F8_m4f7_P4_Y20_UO631,RD8_F4_m8f4_P8_Y20_UO273,MXY,2,0.0,1,0,0.0,0,0,0,-9999.0,0.5194091796875,1,P5_CV0,1,0,2,1,1
4,2.046486340378425,9.289064495259955,RD4_F8_m4f8_P4_Y22_UO202,RD4_F7_m3f6_P3_Y20_UO354,RD8_F4_m8f4_P8_Y20_UO327,MXY,2,0.0,1,0,0.0,0,0,0,-9999.0,0.5086669921875,1,P5_CV0,1,1,1,0,2
4,2.046486340378425,9.289064495259955,RD4_F7_m4f8_P4_Y22_UO550,RD4_F7_m4f7_P4_Y20_UO519,RD8_F4_m8f4_P8_Y20_UO47,MXY,2,0.0,1,0,0.0,0,0,0,-9999.0,0.5511474609375,1,P5_CV0,1,0,2,1,1
4,2.046486340378425,9.289064495259955,RD4_F8_m4f7_P4_Y22_UO373,RD4_F7_m3f2_P3_Y20_UO565,RD7_F4_m8f4_P8_Y20_UO326,MXY,2,0.0,1,0,0.0,0,0,0,-9999.0,0.5135498046875,1,P6_CV0,1,0,2,2,0
4,2.046486340378425,9.289064495259955,RD4_F8_m4f7_P4_Y22_UO296,RD4_F7_m3f2_P3_Y20_UO565,RD7_F4_m8f4_P8_Y20_UO232,FXX,2,0.0,1,0,1.0,0,0,0,-9999.0,0.5155029296875,1,P6_CV0,1,1,1,1,1
4,2.046486340378425,9.289064495259955,RD4_F7_m3f2_P3_Y22_UO106,RD3_F7_m3f2_P3_Y20_UO206,RD2_F6_m3f2_P3_Y20_UO208,FXX,2,0.0,1,0,1.0,0,0,0,-9999.0,0.515869140625,1,P7_CV0,1,1,1,2,0
4,2.046486340378425,9.289064495259955,RD4_F7_m7f4_P7_Y23_UO22,RD7_F3_m2f5_P2_Y21_UO157,RD4_F8_m4f8_P4_Y19_UO339,MXY,1,0.0,0,0,0.0,0,0,0,-9999.0,0.4998779296875,1,P8_CV0,1,0,2,0,2
4,2.046486340378425,9.289064495259955,RD4_F7_m7f4_P7_Y23_UO31,RD7_F3_m2f5_P2_Y21_UO157,RD4_F8_m4f8_P4_Y19_UO339,MXY,1,0.0,0,0,0.0,0,0,0,-9999.0,0.4998779296875,1,P8_CV0,1,0,2,0,2
4,2.046486340378425,9.289064495259955,RD4_F7_m7f4_P7_Y23_UO347,RD7_F3_m2f5_P2_Y21_UO157,RD4_F8_m7f3_P7_Y20_UO439,FXX,1,0.0,0,0,0.0,0,0,0,-9999.0,0.52783203125,1,P8_CV0,1,0,2,0,2
5,2.9965467367452314,4.002409126542999,RD5_F2_m2f5_P2_Y23_UO307,RD2_F6_m3f6_P3_Y21_UO75,RD5_F3_m5f2_P5_Y21_UO142,MXY,1,0.0,0,0,0.0,0,0,0,-9999.0,0.492919921875,1,P1_CV0,1,1,1,0,2
5,2.9965467367452314,4.002409126542999,RD5_F1_m1f5_P1_Y23_UO47,RD1_F5_m2f3_P2_Y21_UO398,RD5_F1_m1f5_P1_Y20_UO259,FXX,1,0.0,0,0,0.0,0,0,0,-9999.0,0.5018310546875,1,P1_CV0,1,0,2,2,0
5,2.9965467367452314,4.002409126542999,RD5_F2_m2f3_P2_Y23_UO449,RD2_F6_m9f6_P9_Y21_UO426,RD3_F6_m2f6_P2_Y20_UO201,FXX,1,0.0,0,0,0.0,0,0,0,-9999.0,0.5135498046875,1,P1_CV0,1,1,1,0,2
5,2.9965467367452314,4.002409126542999,RD5_F1_m1f5_P1_Y23_UO61,RD1_F5_m2f3_P2_Y21_UO398,RD5_F1_m1f5_P1_Y20_UO259,MXY,1,0.0,0,0,0.0,0,0,0,-9999.0,0.5018310546875,1,P1_CV0,1,0,2,1,1
5,2.9965467367452314,4.002409126542999,RD5_F1_m1f5_P1_Y23_UO39,RD1_F5_m2f3_P2_Y21_UO398,RD5_F1_m1f5_P1_Y20_UO259,FXX,1,0.0,0,0,0.0,0,0,0,-9999.0,0.5018310546875,1,P1_CV0,1,0,2,1,1
5,2.9965467367452314,4.002409126542999,RD5_F1_m1f5_P1_Y23_UO46,RD1_F5_m2f3_P2_Y21_UO398,RD5_F1_m1f5_P1_Y20_UO259,FXX,1,0.0,0,0,0.0,0,0,0,-9999.0,0.5018310546875,1,P1_CV0,1,0,2,1,1
5,2.9965467367452314,4.002409126542999,RD5_F1_m1f5_P1_Y23_UO57,RD1_F5_m2f3_P2_Y21_UO398,RD5_F1_m1f5_P1_Y20_UO259,FXX,1,0.0,0,0,0.0,0,0,0,-9999.0,0.5018310546875,1,P1_CV0,1,0,2,1,1
5,2.9965467367452314,4.002409126542999,RD5_F1_m1f5_P1_Y23_UO44,RD1_F5_m2f3_P2_Y21_UO398,RD5_F1_m1f5_P1_Y20_UO259,FXX,1,0.0,0,0,0.0,0,0,0,-9999.0,0.5018310546875,1,P1_CV0,1,0,2,2,0
5,2.9965467367452314,4.002409126542999,RD5_F1_m1f5_P1_Y23_UO60,RD1_F5_m2f3_P2_Y21_UO398,RD5_F1_m1f5_P1_Y20_UO259,FXX,1,0.0,0,0,0.0,0,0,0,-9999.0,0.5018310546875,1,P1_CV0,1,0,2,1,1
5,2.9965467367452314,4.002409126542999,RD5_F1_m1f5_P1_Y23_UO48,RD1_F5_m2f3_P2_Y21_UO398,RD5_F1_m1f5_P1_Y20_UO259,MXY,1,0.0,0,0,0.0,0,0,0,-9999.0,0.5018310546875,1,P1_CV0,1,0,2,2,0
5,2.9965467367452314,4.002409126542999,RD5_F1_m5f1_P5_Y22_UO658,RD5_F1_m5f2_P5_Y20_UO575,RD1_F5_m5f2_P5_Y19_UO243,FXX,2,0.0,1,0,1.0,0,0,0,-9999.0,0.4884033203125,1,P1_CV0,1,1,1,0,2
5,2.9965467367452314,4.002409126542999,RD5_F1_m5f1_P5_Y22_UO413,RD5_F1_m5f3_P5_Y20_UO525,RD1_F5_m1f5_P1_Y20_UO262,FXX,2,0.0,1,0,1.0,0,0,0,-9999.0,0.5146484375,1,P1_CV0,1,1,1,2,0
5,2.9965467367452314,4.002409126542999,RD5_F1_m5f1_P5_Y22_UO415,RD5_F1_m5f3_P5_Y20_UO525,RD1_F5_m1f5_P1_Y20_UO262,FXX,2,0.0,1,0,1.0,0,0,0,-9999.0,0.5146484375,1,P1_CV0,1,0,2,2,0
5,2.9965467367452314,4.002409126542999,RD5_F3_m1f5_P1_Y21_UO448,RD1_F5_m1f5_P1_Y19_UO170,RD5_F3_m5f3_P5_Y19_UO202,MXY,3,0.0,1,0,0.0,0,0,0,-9999.0,0.4892578125,1,P2_CV0,1,0,2,0,2
5,2.9965467367452314,4.002409126542999,RD5_F1_m1f5_P1_Y23_UO54,RD1_F5_m2f3_P2_Y21_UO398,RD5_F1_m1f5_P1_Y20_UO259,FXX,1,0.0,0,0,0.0,0,0,0,-9999.0,0.5018310546875,1,P3_CV0,1,0,2,1,1
5,2.9965467367452314,4.002409126542999,RD5_F3_m3f2_P3_Y23_UO235,RD3_F6_m9f6_P9_Y21_UO338,RD2_F6_m9f6_P9_Y21_UO257,FXX,1,0.0,0,0,0.0,0,0,0,-9999.0,0.506591796875,1,P3_CV0,1,1,1,0,2
5,2.9965467367452314,4.002409126542999,RD5_F1_m1f5_P1_Y23_UO55,RD1_F5_m2f3_P2_Y21_UO398,RD5_F1_m1f5_P1_Y20_UO259,FXX,1,0.0,0,0,0.0,0,0,0,-9999.0,0.5018310546875,1,P3_CV0,1,0,2,1,1
5,2.9965467367452314,4.002409126542999,RD5_F1_m1f5_P1_Y23_UO416,RD1_F5_m2f5_P2_Y21_UO153,RD5_F3_m1f5_P1_Y20_UO106,MXY,1,0.0,0,0,0.0,0,0,0,-9999.0,0.498046875,1,P3_CV0,1,0,2,1,1
5,2.9965467367452314,4.002409126542999,RD5_F1_m1f5_P1_Y23_UO53,RD1_F5_m2f3_P2_Y21_UO398,RD5_F1_m1f5_P1_Y20_UO259,FXX,1,0.0,0,0,0.0,0,0,0,-9999.0,0.5018310546875,1,P3_CV0,1,0,2,1,1
5,2.9965467367452314,4.002409126542999,RD5_F1_m1f5_P1_Y23_UO50,RD1_F5_m2f3_P2_Y21_UO398,RD5_F1_m1f5_P1_Y20_UO259,FXX,1,0.0,0,0,0.0,0,0,0,-9999.0,0.5018310546875,1,P3_CV0,1,0,2,2,0
5,2.9965467367452314,4.002409126542999,RD5_F1_m1f5_P1_Y23_UO52,RD1_F5_m2f3_P2_Y21_UO398,RD5_F1_m1f5_P1_Y20_UO259,FXX,1,0.0,0,0,0.0,0,0,0,-9999.0,0.5018310546875,1,P3_CV0,1,0,2,1,1
5,2.9965467367452314,4.002409126542999,RD5_F3_m3f2_P3_Y23_UO239,RD3_F6_m9f6_P9_Y21_UO338,RD2_F6_m9f6_P9_Y21_UO257,MXY,1,0.0,0,0,0.0,0,0,0,-9999.0,0.506591796875,1,P3_CV0,1,2,0,0,2
5,2.9965467367452314,4.002409126542999,RD5_F1_m1f5_P1_Y23_UO56,RD1_F5_m2f3_P2_Y21_UO398,RD5_F1_m1f5_P1_Y20_UO259,FXX,1,0.0,0,0,0.0,0,0,0,-9999.0,0.5018310546875,1,P3_CV0,1,0,2,1,1
5,2.9965467367452314,4.002409126542999,RD5_F1_m1f5_P1_Y23_UO414,RD1_F5_m2f5_P2_Y21_UO153,RD5_F3_m1f5_P1_Y20_UO106,FXX,1,0.0,0,0,0.0,0,0,0,-9999.0,0.498046875,1,P3_CV0,1,0,2,1,1
5,2.9965467367452314,4.002409126542999,RD5_F3_m3f7_P3_Y23_UO205,RD3_F2_m3f6_P3_Y21_UO66,RD7_F3_m7f4_P7_Y21_UO358,MXY,1,0.0,0,0,0.0,0,0,0,-9999.0,0.5078125,1,P3_CV0,1,0,2,2,0
5,2.9965467367452314,4.002409126542999,RD5_F1_m1f5_P1_Y23_UO415,RD1_F5_m2f5_P2_Y21_UO153,RD5_F3_m1f5_P1_Y20_UO106,MXY,1,0.0,0,0,0.0,0,0,0,-9999.0,0.498046875,1,P3_CV0,1,2,0,1,1
5,2.9965467367452314,4.002409126542999,RD5_F1_m1f5_P1_Y23_UO405,RD1_F5_m2f5_P2_Y21_UO153,RD5_F3_m1f5_P1_Y20_UO106,MXY,1,0.0,0,0,0.0,0,0,0,-9999.0,0.498046875,1,P3_CV0,1,0,2,2,0
5,2.9965467367452314,4.002409126542999,RD5_F3_m3f2_P3_Y23_UO234,RD3_F6_m9f6_P9_Y21_UO338,RD2_F6_m9f6_P9_Y21_UO257,FXX,1,0.0,0,0,0.0,0,0,0,-9999.0,0.506591796875,1,P3_CV0,1,1,1,0,2
5,2.9965467367452314,4.002409126542999,RD5_F1_m1f5_P1_Y23_UO49,RD1_F5_m2f3_P2_Y21_UO398,RD5_F1_m1f5_P1_Y20_UO259,FXX,1,0.0,0,0,0.0,0,0,0,-9999.0,0.5018310546875,1,P3_CV0,1,0,2,1,1
5,2.9965467367452314,4.002409126542999,RD5_F2_m2f5_P2_Y23_UO224,RD2_F6_m2f9_P2_Y21_UO388,RD5_F2_m6f9_P6_Y20_UO688,FXX,1,0.0,0,0,0.0,0,0,0,-9999.0,0.5013427734375,1,P3_CV0,1,0,2,2,0
5,2.9965467367452314,4.002409126542999,RD5_F1_m1f5_P1_Y23_UO40,RD1_F5_m2f3_P2_Y21_UO398,RD5_F1_m1f5_P1_Y20_UO259,FXX,1,0.0,0,0,0.0,0,0,0,-9999.0,0.5018310546875,1,P3_CV0,1,0,2,2,0
5,2.9965467367452314,4.002409126542999,RD5_F2_m2f5_P2_Y23_UO78,RD2_F6_m3f6_P3_Y21_UO75,RD5_F2_m9f2_P9_Y21_UO163,FXX,1,0.0,0,0,0.0,0,0,0,-9999.0,0.4927978515625,1,P3_CV0,1,0,2,1,1
5,2.9965467367452314,4.002409126542999,RD5_F1_m1f5_P1_Y23_UO410,RD1_F5_m2f5_P2_Y21_UO153,RD5_F3_m1f5_P1_Y20_UO106,MXY,1,0.0,0,0,0.0,0,0,0,-9999.0,0.498046875,1,P3_CV0,1,1,1,1,1
5,2.9965467367452314,4.002409126542999,RD5_F1_m1f5_P1_Y23_UO42,RD1_F5_m2f3_P2_Y21_UO398,RD5_F1_m1f5_P1_Y20_UO259,MXY,1,0.0,0,0,0.0,0,0,0,-9999.0,0.5018310546875,1,P3_CV0,1,0,2,2,0
5,2.9965467367452314,4.002409126542999,RD5_F1_m1f5_P1_Y23_UO409,RD1_F5_m2f5_P2_Y21_UO153,RD5_F3_m1f5_P1_Y20_UO106,FXX,1,0.0,0,0,0.0,0,0,0,-9999.0,0.498046875,1,P3_CV0,1,2,0,1,1
5,2.9965467367452314,4.002409126542999,RD5_F1_m5f1_P5_Y22_UO534,RD5_F1_m5f3_P5_Y20_UO282,RD1_F5_m1f5_P1_Y20_UO262,MXY,2,0.0,1,0,0.0,0,0,0,-9999.0,0.5135498046875,1,P3_CV0,1,1,1,0,2
5,2.9965467367452314,4.002409126542999,RD5_F1_m5f2_P5_Y22_UO605,RD5_F1_m5f3_P5_Y20_UO470,RD2_F3_m5f2_P5_Y20_UO626,MXY,2,0.0,1,0,0.0,0,0,0,-9999.0,0.5018310546875,1,P3_CV0,1,2,0,1,1
5,2.9965467367452314,4.002409126542999,RD5_F1_m5f2_P5_Y22_UO277,RD5_F1_m5f3_P5_Y20_UO473,RD2_F9_m6f9_P6_Y20_UO688,MXY,2,0.0,1,0,0.0,0,0,0,-9999.0,0.5013427734375,1,P3_CV0,1,0,2,2,0
5,2.9965467367452314,4.002409126542999,RD5_F1_m5f2_P5_Y22_UO606,RD5_F1_m5f3_P5_Y20_UO470,RD2_F3_m5f2_P5_Y20_UO626,MXY,2,0.0,1,0,0.0,0,0,0,-9999.0,0.5018310546875,1,P3_CV0,1,1,1,2,0
5,2.9965467367452314,4.002409126542999,RD5_F1_m5f3_P5_Y22_UO513,RD5_F1_m5f2_P5_Y20_UO43,RD3_F7_m3f6_P3_Y18_UO416,MXY,2,0.0,1,0,0.0,0,0,0,-9999.0,0.5068359375,1,P3_CV0,1,2,0,1,1
5,2.9965467367452314,4.002409126542999,RD5_F2_m5f2_P5_Y22_UO396,RD5_F1_m5f3_P5_Y20_UO158,RD2_F6_m3f6_P3_Y20_UO348,FXX,2,0.0,1,0,1.0,0,0,0,-9999.0,0.5084228515625,1,P3_CV0,1,2,0,1,1
5,2.9965467367452314,4.002409126542999,RD5_F1_m5f2_P5_Y22_UO278,RD5_F1_m5f3_P5_Y20_UO473,RD2_F9_m6f9_P6_Y20_UO688,FXX,2,0.0,1,0,1.0,0,0,0,-9999.0,0.5013427734375,1,P3_CV0,1,0,2,2,0
5,2.9965467367452314,4.002409126542999,RD5_F1_m5f2_P5_Y22_UO604,RD5_F1_m5f3_P5_Y20_UO470,RD2_F3_m5f2_P5_Y20_UO626,FXX,2,0.0,1,0,1.0,0,0,0,-9999.0,0.5018310546875,1,P3_CV0,1,0,2,1,1
5,2.9965467367452314,4.002409126542999,RD5_F1_m5f1_P5_Y22_UO353,RD5_F1_m5f3_P5_Y20_UO282,RD1_F5_m1f5_P1_Y20_UO118,FXX,2,0.0,1,0,1.0,0,0,0,-9999.0,0.505615234375,1,P3_CV0,1,1,1,1,1
5,2.9965467367452314,4.002409126542999,RD5_F3_m6f3_P6_Y22_UO178,RD6_F9_m2f6_P2_Y20_UO74,RD3_F2_m9f6_P9_Y20_UO15,MXY,2,0.0,1,0,0.0,0,0,0,-9999.0,0.50439453125,1,P3_CV0,1,2,0,1,1
5,2.9965467367452314,4.002409126542999,RD5_F1_m5f2_P5_Y22_UO397,RD5_F1_m5f3_P5_Y20_UO158,RD2_F6_m3f6_P3_Y20_UO348,FXX,2,0.0,1,0,1.0,0,0,0,-9999.0,0.5084228515625,1,P3_CV0,1,2,0,1,1
5,2.9965467367452314,4.002409126542999,RD5_F3_m5f3_P5_Y22_UO507,RD5_F3_m2f5_P2_Y20_UO605,RD3_F5_m1f5_P1_Y20_UO106,FXX,2,0.0,1,0,1.0,0,0,0,-9999.0,0.502197265625,1,P3_CV0,1,1,1,0,2
5,2.9965467367452314,4.002409126542999,RD5_F1_m5f1_P5_Y22_UO536,RD5_F1_m5f3_P5_Y20_UO282,RD1_F5_m1f5_P1_Y20_UO262,MXY,2,0.0,1,0,0.0,0,0,0,-9999.0,0.5135498046875,1,P3_CV0,1,1,1,1,1
5,2.9965467367452314,4.002409126542999,RD5_F1_m5f3_P5_Y22_UO508,RD5_F3_m2f5_P2_Y20_UO605,RD3_F5_m1f5_P1_Y20_UO106,MXY,2,0.0,1,0,0.0,0,0,0,-9999.0,0.502197265625,1,P3_CV0,1,1,1,1,1
5,2.9965467367452314,4.002409126542999,RD5_F1_m5f3_P5_Y22_UO512,RD5_F1_m5f2_P5_Y20_UO43,RD3_F7_m3f6_P3_Y18_UO416,MXY,2,0.0,1,0,0.0,0,0,0,-9999.0,0.5068359375,1,P3_CV0,1,1,1,2,0
5,2.9965467367452314,4.002409126542999,RD5_F1_m2f3_P2_Y21_UO398,RD2_F9_m2f3_P2_Y19_UO89,RD3_F5_m5f2_P5_Y18_UO269,FXX,3,0.0,1,0,1.0,0,0,0,-9999.0,0.499267578125,1,P3_CV0,1,0,2,2,0
5,2.9965467367452314,4.002409126542999,RD5_F3_m3f2_P3_Y23_UO276,RD3_F7_m3f7_P3_Y21_UO228,RD2_F5_m5f2_P5_Y20_UO268,MXY,1,0.0,0,0,0.0,0,0,0,-9999.0,0.5035400390625,1,P4_CV0,1,0,2,0,2
5,2.9965467367452314,4.002409126542999,RD5_F1_m1f5_P1_Y23_UO411,RD1_F5_m2f5_P2_Y21_UO153,RD5_F3_m1f5_P1_Y20_UO106,FXX,1,0.0,0,0,0.0,0,0,0,-9999.0,0.498046875,1,P4_CV0,1,1,1,1,1
5,2.9965467367452314,4.002409126542999,RD5_F1_m1f5_P1_Y23_UO402,RD1_F5_m2f5_P2_Y21_UO153,RD5_F3_m1f5_P1_Y20_UO106,FXX,1,0.0,0,0,0.0,0,0,0,-9999.0,0.498046875,1,P4_CV0,1,2,0,2,0
5,2.9965467367452314,4.002409126542999,RD5_F3_m3f5_P3_Y23_UO428,RD3_F7_m3f7_P3_Y21_UO228,RD5_F2_m6f9_P6_Y21_UO383,MXY,1,0.0,0,0,0.0,0,0,0,-9999.0,0.495361328125,1,P4_CV0,1,0,2,0,2
5,2.9965467367452314,4.002409126542999,RD5_F3_m3f2_P3_Y23_UO279,RD3_F7_m3f7_P3_Y21_UO228,RD2_F5_m5f2_P5_Y20_UO268,FXX,1,0.0,0,0,0.0,0,0,0,-9999.0,0.5035400390625,1,P4_CV0,1,0,2,1,1
5,2.9965467367452314,4.002409126542999,RD5_F1_m1f5_P1_Y23_UO412,RD1_F5_m2f5_P2_Y21_UO153,RD5_F3_m1f5_P1_Y20_UO106,MXY,1,0.0,0,0,0.0,0,0,0,-9999.0,0.498046875,1,P4_CV0,1,2,0,1,1
5,2.9965467367452314,4.002409126542999,RD5_F1_m1f5_P1_Y23_UO413,RD1_F5_m2f5_P2_Y21_UO153,RD5_F3_m1f5_P1_Y20_UO106,FXX,1,0.0,0,0,0.0,0,0,0,-9999.0,0.498046875,1,P4_CV0,1,2,0,1,1
5,2.9965467367452314,4.002409126542999,RD5_F3_m3f2_P3_Y23_UO241,RD3_F6_m9f6_P9_Y21_UO338,RD2_F6_m9f6_P9_Y21_UO257,MXY,1,0.0,0,0,0.0,0,0,0,-9999.0,0.506591796875,1,P4_CV0,1,1,1,0,2
5,2.9965467367452314,4.002409126542999,RD5_F1_m1f5_P1_Y23_UO403,RD1_F5_m2f5_P2_Y21_UO153,RD5_F3_m1f5_P1_Y20_UO106,FXX,1,0.0,0,0,0.0,0,0,0,-9999.0,0.498046875,1,P4_CV0,1,0,2,1,1
5,2.9965467367452314,4.002409126542999,RD5_F1_m1f5_P1_Y23_UO407,RD1_F5_m2f5_P2_Y21_UO153,RD5_F3_m1f5_P1_Y20_UO106,MXY,1,0.0,0,0,0.0,0,0,0,-9999.0,0.498046875,1,P4_CV0,1,2,0,1,1
5,2.9965467367452314,4.002409126542999,RD5_F2_m2f3_P2_Y23_UO196,RD2_F9_m2f9_P2_Y21_UO392,RD3_F6_m2f9_P2_Y21_UO48,FXX,1,0.0,0,0,0.0,0,0,0,-9999.0,0.4912109375,1,P4_CV0,1,0,2,1,1
5,2.9965467367452314,4.002409126542999,RD5_F3_m6f9_P6_Y22_UO672,RD6_F3_m6f9_P6_Y20_UO167,RD9_F6_m3f6_P3_Y20_UO583,FXX,2,0.0,1,0,1.0,0,0,0,-9999.0,0.514404296875,1,P4_CV0,1,0,2,2,0
5,2.9965467367452314,4.002409126542999,RD5_F1_m5f3_P5_Y22_UO581,RD5_F1_m5f2_P5_Y20_UO178,RD3_F6_m6f2_P6_Y19_UO3,MXY,2,0.0,1,0,0.0,0,0,0,-9999.0,0.5079345703125,1,P4_CV0,1,1,1,1,1
5,2.9965467367452314,4.002409126542999,RD5_F3_m5f2_P5_Y22_UO431,RD5_F1_m5f2_P5_Y20_UO178,RD2_F5_m5f3_P5_Y19_UO203,MXY,2,0.0,1,0,0.0,0,0,0,-9999.0,0.5010986328125,1,P4_CV0,1,0,2,1,1
5,2.9965467367452314,4.002409126542999,RD5_F1_m5f3_P5_Y22_UO582,RD5_F1_m5f3_P5_Y20_UO525,RD3_F2_m2f3_P2_Y19_UO344,FXX,2,0.0,1,0,1.0,0,0,0,-9999.0,0.512939453125,1,P4_CV0,1,2,0,1,1
5,2.9965467367452314,4.002409126542999,RD5_F1_m5f1_P5_Y22_UO631,RD5_F3_m5f2_P5_Y20_UO269,RD1_F5_m1f5_P1_Y20_UO110,FXX,2,0.0,1,0,1.0,0,0,0,-9999.0,0.5008544921875,1,P4_CV0,1,1,1,2,0
5,2.9965467367452314,4.002409126542999,RD5_F3_m2f3_P2_Y22_UO348,RD2_F3_m7f4_P7_Y20_UO275,RD3_F7_m4f8_P4_Y20_UO451,FXX,2,0.0,1,0,1.0,0,0,0,-9999.0,0.5343017578125,1,P4_CV0,1,2,0,1,1
5,2.9965467367452314,4.002409126542999,RD5_F1_m5f3_P5_Y22_UO577,RD5_F1_m5f2_P5_Y20_UO178,RD3_F6_m6f2_P6_Y19_UO3,FXX,2,0.0,1,0,1.0,0,0,0,-9999.0,0.5079345703125,1,P4_CV0,1,1,1,2,0
5,2.9965467367452314,4.002409126542999,RD5_F1_m5f2_P5_Y22_UO435,RD5_F1_m5f2_P5_Y20_UO178,RD2_F5_m5f3_P5_Y19_UO203,FXX,2,0.0,1,0,1.0,0,0,0,-9999.0,0.5010986328125,1,P4_CV0,1,1,1,0,2
5,2.9965467367452314,4.002409126542999,RD5_F1_m5f2_P5_Y22_UO433,RD5_F1_m5f2_P5_Y20_UO178,RD2_F5_m5f3_P5_Y19_UO203,FXX,2,0.0,1,0,1.0,0,0,0,-9999.0,0.5010986328125,1,P4_CV0,1,1,1,0,2
5,2.9965467367452314,4.002409126542999,RD5_F1_m5f1_P5_Y22_UO628,RD5_F3_m5f2_P5_Y20_UO269,RD1_F5_m1f5_P1_Y20_UO110,MXY,2,0.0,1,0,0.0,0,0,0,-9999.0,0.5008544921875,1,P4_CV0,1,0,2,1,1
5,2.9965467367452314,4.002409126542999,RD5_F1_m5f1_P5_Y22_UO630,RD5_F3_m5f2_P5_Y20_UO269,RD1_F5_m1f5_P1_Y20_UO110,FXX,2,0.0,1,0,1.0,0,0,0,-9999.0,0.5008544921875,1,P4_CV0,1,1,1,2,0
5,2.9965467367452314,4.002409126542999,RD5_F1_m5f1_P5_Y22_UO411,RD5_F1_m5f3_P5_Y20_UO525,RD1_F5_m1f5_P1_Y20_UO262,MXY,2,0.0,1,0,0.0,0,0,0,-9999.0,0.5146484375,1,P4_CV0,1,1,1,1,1
5,2.9965467367452314,4.002409126542999,RD5_F1_m5f3_P5_Y22_UO0,RD5_F1_m5f1_P5_Y20_UO523,RD3_F7_m3f6_P3_Y18_UO416,FXX,2,0.0,1,0,1.0,0,0,0,-9999.0,0.5142822265625,1,P4_CV0,1,1,1,0,2
5,2.9965467367452314,4.002409126542999,RD5_F1_m5f2_P5_Y22_UO627,RD5_F1_m5f1_P5_Y20_UO307,RD2_F3_m5f2_P5_Y20_UO626,FXX,2,0.0,1,0,1.0,0,0,0,-9999.0,0.5048828125,1,P4_CV0,1,1,1,1,1
5,2.9965467367452314,4.002409126542999,RD5_F2_m5f2_P5_Y20_UO268,RD5_F1_m5f2_P5_Y18_UO582,RD2_F6_m9f6_P9_Y18_UO518,MXY,4,0.0,1,0,0.0,0,0,0,-9999.0,0.51318359375,1,P4_CV0,1,0,2,1,1
5,2.9965467367452314,4.002409126542999,RD5_F2_m2f5_P2_Y23_UO187,RD2_F3_m6f9_P6_Y21_UO386,RD5_F2_m6f9_P6_Y21_UO383,MXY,1,0.0,0,0,0.0,0,0,0,-9999.0,0.496826171875,1,P5_CV0,1,1,1,0,2
5,2.9965467367452314,4.002409126542999,RD5_F3_m6f2_P6_Y22_UO125,RD6_F9_m6f3_P6_Y20_UO189,RD2_F5_m1f5_P1_Y20_UO63,MXY,2,0.0,1,0,0.0,0,0,0,-9999.0,0.50048828125,1,P5_CV0,1,1,1,2,0
5,2.9965467367452314,4.002409126542999,RD5_F2_m9f2_P9_Y22_UO655,RD9_F6_m9f6_P9_Y20_UO16,RD2_F6_m2f6_P2_Y20_UO441,MXY,2,0.0,1,0,0.0,0,0,0,-9999.0,0.508544921875,1,P5_CV0,1,1,1,1,1
5,2.9965467367452314,4.002409126542999,RD5_F2_m6f2_P6_Y22_UO129,RD6_F9_m6f3_P6_Y20_UO189,RD2_F5_m1f5_P1_Y20_UO63,MXY,2,0.0,1,0,0.0,0,0,0,-9999.0,0.50048828125,1,P5_CV0,1,1,1,1,1
5,2.9965467367452314,4.002409126542999,RD5_F1_m5f3_P5_Y22_UO566,RD5_F1_m5f1_P5_Y20_UO479,RD3_F7_m4f7_P4_Y20_UO214,FXX,2,0.0,1,0,1.0,0,0,0,-9999.0,0.5224609375,1,P5_CV0,1,1,1,2,0
5,2.9965467367452314,4.002409126542999,RD5_F1_m5f2_P5_Y22_UO402,RD5_F1_m5f3_P5_Y20_UO158,RD2_F6_m2f5_P2_Y20_UO475,MXY,2,0.0,1,0,0.0,0,0,0,-9999.0,0.5115966796875,1,P5_CV0,1,1,1,1,1
5,2.9965467367452314,4.002409126542999,RD5_F3_m6f3_P6_Y22_UO609,RD6_F3_m7f3_P7_Y20_UO664,RD3_F2_m9f6_P9_Y20_UO15,FXX,2,0.0,1,0,1.0,0,0,0,-9999.0,0.5013427734375,1,P5_CV0,1,1,1,1,1
5,2.9965467367452314,4.002409126542999,RD5_F3_m3f6_P3_Y21_UO66,RD3_F2_m9f6_P9_Y19_UO30,RD6_F9_m2f9_P2_Y18_UO218,FXX,3,0.0,1,0,1.0,0,0,0,-9999.0,0.497802734375,1,P5_CV0,1,0,2,1,1
5,2.9965467367452314,4.002409126542999,RD5_F1_m3f6_P3_Y21_UO80,RD3_F2_m9f6_P9_Y19_UO30,RD6_F9_m2f9_P2_Y18_UO218,FXX,3,0.0,1,0,1.0,0,0,0,-9999.0,0.497802734375,1,P5_CV0,1,0,2,1,1
5,2.9965467367452314,4.002409126542999,RD5_F2_m2f6_P2_Y23_UO230,RD2_F3_m6f9_P6_Y21_UO414,RD6_F2_m7f3_P7_Y20_UO148,MXY,1,0.0,0,0,0.0,0,0,0,-9999.0,0.510986328125,1,P6_CV0,1,2,0,1,1
5,2.9965467367452314,4.002409126542999,RD5_F2_m2f6_P2_Y23_UO121,RD2_F6_m9f6_P9_Y21_UO426,RD6_F2_m7f3_P7_Y20_UO148,MXY,1,0.0,0,0,0.0,0,0,0,-9999.0,0.5118408203125,1,P6_CV0,1,1,1,1,1
5,2.9965467367452314,4.002409126542999,RD5_F2_m2f6_P2_Y23_UO227,RD2_F3_m6f9_P6_Y21_UO414,RD6_F2_m7f3_P7_Y20_UO148,FXX,1,0.0,0,0,0.0,0,0,0,-9999.0,0.510986328125,1,P6_CV0,1,1,1,1,1
5,2.9965467367452314,4.002409126542999,RD5_F1_m5f3_P5_Y22_UO253,RD5_F3_m6f3_P6_Y20_UO186,RD3_F7_m3f2_P3_Y20_UO101,FXX,2,0.0,1,0,1.0,0,0,0,-9999.0,0.5010986328125,1,P8_CV0,1,1,1,2,0
5,2.9965467367452314,4.002409126542999,RD5_F1_m5f1_P5_Y22_UO255,RD5_F2_m9f6_P9_Y20_UO329,RD1_F5_m1f5_P1_Y20_UO317,FXX,2,0.0,1,0,1.0,0,0,0,-9999.0,0.5015869140625,1,P8_CV0,1,1,1,2,0
5,2.9965467367452314,4.002409126542999,RD5_F3_m5f1_P5_Y22_UO224,RD5_F2_m5f1_P5_Y20_UO264,RD1_F5_m1f5_P1_Y20_UO262,FXX,2,0.0,1,0,1.0,0,0,0,-9999.0,0.50732421875,1,P8_CV0,1,0,2,1,1
5,2.9965467367452314,4.002409126542999,RD5_F1_m5f1_P5_Y22_UO225,RD5_F2_m5f1_P5_Y20_UO264,RD1_F5_m1f5_P1_Y20_UO262,FXX,2,0.0,1,0,1.0,0,0,0,-9999.0,0.50732421875,1,P8_CV0,1,0,2,1,1
6,6.211338327692949,7.937131414155586,RD6_F9_m9f6_P9_Y23_UO173,RD9_F6_m9f2_P9_Y21_UO169,RD6_F2_m9f6_P9_Y21_UO177,FXX,1,0.0,0,0,0.0,0,0,0,-9999.0,0.490966796875,1,P1_CV0,1,0,2,0,2
6,6.211338327692949,7.937131414155586,RD6_F2_m2f5_P2_Y23_UO190,RD2_F3_m6f9_P6_Y21_UO386,RD5_F2_m6f9_P6_Y21_UO383,MXY,1,0.0,0,0,0.0,0,0,0,-9999.0,0.496826171875,1,P1_CV0,1,1,1,0,2
6,6.211338327692949,7.937131414155586,RD6_F3_m3f5_P3_Y23_UO429,RD3_F7_m3f7_P3_Y21_UO228,RD5_F2_m6f9_P6_Y21_UO383,MXY,1,0.0,0,0,0.0,0,0,0,-9999.0,0.495361328125,1,P1_CV0,1,1,1,1,1
6,6.211338327692949,7.937131414155586,RD6_F2_m2f9_P2_Y23_UO131,RD2_F9_m2f9_P2_Y21_UO392,RD9_F2_m5f2_P5_Y21_UO143,MXY,1,0.0,0,0,0.0,0,0,0,-9999.0,0.49658203125,1,P1_CV0,1,1,1,1,1
6,6.211338327692949,7.937131414155586,RD6_F9_m9f6_P9_Y23_UO178,RD9_F6_m9f2_P9_Y21_UO169,RD6_F2_m9f6_P9_Y21_UO177,MXY,1,0.0,0,0,0.0,0,0,0,-9999.0,0.490966796875,1,P1_CV0,1,1,1,0,2
6,6.211338327692949,7.937131414155586,RD6_F9_m9f2_P9_Y23_UO8,RD9_F2_m3f5_P3_Y21_UO30,RD2_F9_m6f2_P6_Y21_UO236,MXY,1,0.0,0,0,0.0,0,0,0,-9999.0,0.497802734375,1,P1_CV0,1,0,2,1,1
6,6.211338327692949,7.937131414155586,RD6_F9_m9f2_P9_Y23_UO322,RD9_F6_m9f2_P9_Y21_UO169,RD2_F9_m6f2_P6_Y21_UO236,FXX,1,0.0,0,0,0.0,0,0,0,-9999.0,0.4952392578125,1,P1_CV0,1,1,1,1,1
6,6.211338327692949,7.937131414155586,RD6_F9_m9f6_P9_Y23_UO218,RD9_F2_m9f2_P9_Y21_UO162,RD6_F3_m6f2_P6_Y21_UO235,FXX,1,0.0,0,0,0.0,0,0,0,-9999.0,0.4952392578125,1,P1_CV0,1,2,0,1,1
6,6.211338327692949,7.937131414155586,RD6_F3_m3f2_P3_Y23_UO250,RD3_F6_m9f6_P9_Y21_UO338,RD2_F9_m6f9_P6_Y21_UO385,MXY,1,0.0,0,0,0.0,0,0,0,-9999.0,0.5040283203125,1,P1_CV0,1,1,1,0,2
6,6.211338327692949,7.937131414155586,RD6_F9_m9f2_P9_Y23_UO15,RD9_F2_m3f5_P3_Y21_UO30,RD2_F9_m6f2_P6_Y21_UO236,MXY,1,0.0,0,0,0.0,0,0,0,-9999.0,0.497802734375,1,P1_CV0,1,0,2,1,1
6,6.211338327692949,7.937131414155586,RD6_F9_m9f6_P9_Y23_UO209,RD9_F2_m9f2_P9_Y21_UO162,RD6_F3_m6f2_P6_Y21_UO235,MXY,1,0.0,0,0,0.0,0,0,0,-9999.0,0.4952392578125,1,P1_CV0,1,2,0,1,1
6,6.211338327692949,7.937131414155586,RD6_F2_m2f3_P2_Y23_UO452,RD2_F6_m9f6_P9_Y21_UO426,RD3_F6_m2f6_P2_Y20_UO201,MXY,1,0.0,0,0,0.0,0,0,0,-9999.0,0.5135498046875,1,P1_CV0,1,1,1,0,2
6,6.211338327692949,7.937131414155586,RD6_F9_m9f2_P9_Y23_UO320,RD9_F6_m9f2_P9_Y21_UO169,RD2_F9_m6f2_P6_Y21_UO236,FXX,1,0.0,0,0,0.0,0,0,0,-9999.0,0.4952392578125,1,P1_CV0,1,1,1,1,1
6,6.211338327692949,7.937131414155586,RD6_F9_m9f6_P9_Y23_UO212,RD9_F2_m9f2_P9_Y21_UO162,RD6_F3_m6f2_P6_Y21_UO235,FXX,1,0.0,0,0,0.0,0,0,0,-9999.0,0.4952392578125,1,P1_CV0,1,2,0,1,1
6,6.211338327692949,7.937131414155586,RD6_F9_m9f6_P9_Y23_UO206,RD9_F2_m9f2_P9_Y21_UO162,RD6_F3_m6f2_P6_Y21_UO235,FXX,1,0.0,0,0,0.0,0,0,0,-9999.0,0.4952392578125,1,P1_CV0,1,1,1,1,1
6,6.211338327692949,7.937131414155586,RD6_F9_m9f6_P9_Y23_UO207,RD9_F2_m9f2_P9_Y21_UO162,RD6_F3_m6f2_P6_Y21_UO235,MXY,1,0.0,0,0,0.0,0,0,0,-9999.0,0.4952392578125,1,P1_CV0,1,2,0,1,1
6,6.211338327692949,7.937131414155586,RD6_F9_m9f2_P9_Y23_UO456,RD9_F6_m9f2_P9_Y21_UO169,RD2_F6_m9f2_P9_Y21_UO114,FXX,1,0.0,0,0,0.0,0,0,0,-9999.0,0.48876953125,1,P1_CV0,1,1,1,0,2
6,6.211338327692949,7.937131414155586,RD6_F9_m9f6_P9_Y23_UO172,RD9_F6_m9f2_P9_Y21_UO169,RD6_F2_m9f6_P9_Y21_UO177,MXY,1,0.0,0,0,0.0,0,0,0,-9999.0,0.490966796875,1,P1_CV0,1,1,1,0,2
6,6.211338327692949,7.937131414155586,RD6_F2_m2f5_P2_Y23_UO193,RD2_F3_m6f9_P6_Y21_UO386,RD5_F2_m6f9_P6_Y21_UO383,MXY,1,0.0,0,0,0.0,0,0,0,-9999.0,0.496826171875,1,P1_CV0,1,2,0,0,2
6,6.211338327692949,7.937131414155586,RD6_F3_m3f2_P3_Y23_UO248,RD3_F6_m9f6_P9_Y21_UO338,RD2_F9_m6f9_P6_Y21_UO385,FXX,1,0.0,0,0,0.0,0,0,0,-9999.0,0.5040283203125,1,P1_CV0,1,1,1,0,2
6,6.211338327692949,7.937131414155586,RD6_F9_m9f2_P9_Y23_UO324,RD9_F6_m9f2_P9_Y21_UO169,RD2_F9_m6f2_P6_Y21_UO236,MXY,1,0.0,0,0,0.0,0,0,0,-9999.0,0.4952392578125,1,P1_CV0,1,0,2,1,1
6,6.211338327692949,7.937131414155586,RD6_F2_m2f3_P2_Y23_UO453,RD2_F6_m9f6_P9_Y21_UO426,RD3_F6_m2f6_P2_Y20_UO201,FXX,1,0.0,0,0,0.0,0,0,0,-9999.0,0.5135498046875,1,P1_CV0,1,0,2,0,2
6,6.211338327692949,7.937131414155586,RD6_F9_m9f6_P9_Y23_UO211,RD9_F2_m9f2_P9_Y21_UO162,RD6_F3_m6f2_P6_Y21_UO235,MXY,1,0.0,0,0,0.0,0,0,0,-9999.0,0.4952392578125,1,P1_CV0,1,2,0,1,1
6,6.211338327692949,7.937131414155586,RD6_F9_m9f2_P9_Y23_UO317,RD9_F6_m9f2_P9_Y21_UO169,RD2_F9_m6f2_P6_Y21_UO236,MXY,1,0.0,0,0,0.0,0,0,0,-9999.0,0.4952392578125,1,P1_CV0,1,1,1,1,1
6,6.211338327692949,7.937131414155586,RD6_F9_m9f2_P9_Y23_UO458,RD9_F6_m9f2_P9_Y21_UO169,RD2_F6_m9f2_P9_Y21_UO114,FXX,1,0.0,0,0,0.0,0,0,0,-9999.0,0.48876953125,1,P1_CV0,1,1,1,0,2
6,6.211338327692949,7.937131414155586,RD6_F9_m9f2_P9_Y23_UO455,RD9_F6_m9f2_P9_Y21_UO169,RD2_F6_m9f2_P9_Y21_UO114,FXX,1,0.0,0,0,0.0,0,0,0,-9999.0,0.48876953125,1,P1_CV0,1,0,2,0,2
6,6.211338327692949,7.937131414155586,RD6_F9_m9f6_P9_Y23_UO214,RD9_F2_m9f2_P9_Y21_UO162,RD6_F3_m6f2_P6_Y21_UO235,MXY,1,0.0,0,0,0.0,0,0,0,-9999.0,0.4952392578125,1,P1_CV0,1,1,1,1,1
6,6.211338327692949,7.937131414155586,RD6_F9_m9f2_P9_Y23_UO321,RD9_F6_m9f2_P9_Y21_UO169,RD2_F9_m6f2_P6_Y21_UO236,FXX,1,0.0,0,0,0.0,0,0,0,-9999.0,0.4952392578125,1,P1_CV0,1,0,2,1,1
6,6.211338327692949,7.937131414155586,RD6_F9_m9f2_P9_Y23_UO316,RD9_F6_m9f2_P9_Y21_UO169,RD2_F9_m6f2_P6_Y21_UO236,FXX,1,0.0,0,0,0.0,0,0,0,-9999.0,0.4952392578125,1,P1_CV0,1,1,1,1,1
6,6.211338327692949,7.937131414155586,RD6_F9_m2f9_P2_Y22_UO188,RD2_F9_m2f6_P2_Y20_UO75,RD9_F6_m9f6_P9_Y20_UO355,FXX,2,0.0,1,0,1.0,0,0,0,-9999.0,0.5093994140625,1,P1_CV0,1,1,1,2,0
6,6.211338327692949,7.937131414155586,RD6_F9_m2f3_P2_Y20_UO661,RD2_F3_m7f4_P7_Y18_UO303,RD3_F6_m9f6_P9_Y18_UO157,MXY,4,0.0,1,0,0.0,0,0,0,-9999.0,0.535888671875,1,P1_CV0,1,1,1,1,1
6,6.211338327692949,7.937131414155586,RD6_F9_m6f9_P6_Y20_UO543,RD6_F2_m6f2_P6_Y18_UO475,RD9_F6_m9f2_P9_Y18_UO398,MXY,4,0.0,1,0,0.0,0,0,0,-9999.0,0.50927734375,1,P1_CV0,1,0,2,1,1
6,6.211338327692949,7.937131414155586,RD6_F2_m2f3_P2_Y23_UO195,RD2_F9_m2f9_P2_Y21_UO392,RD3_F6_m2f9_P2_Y21_UO48,MXY,1,0.0,0,0,0.0,0,0,0,-9999.0,0.4912109375,1,P2_CV0,1,1,1,1,1
6,6.211338327692949,7.937131414155586,RD6_F9_m2f6_P2_Y22_UO453,RD2_F9_m2f3_P2_Y20_UO659,RD6_F2_m3f6_P3_Y20_UO581,MXY,2,0.0,1,0,0.0,0,0,0,-9999.0,0.5220947265625,1,P2_CV0,1,1,1,0,2
6,6.211338327692949,7.937131414155586,RD6_F2_m2f3_P2_Y23_UO356,RD2_F3_m5f2_P5_Y21_UO138,RD3_F7_m3f7_P3_Y21_UO227,FXX,1,0.0,0,0,0.0,0,0,0,-9999.0,0.490966796875,1,P3_CV0,1,0,2,0,2
6,6.211338327692949,7.937131414155586,RD6_F2_m2f6_P2_Y23_UO119,RD2_F6_m9f6_P9_Y21_UO426,RD6_F2_m7f3_P7_Y20_UO148,MXY,1,0.0,0,0,0.0,0,0,0,-9999.0,0.5118408203125,1,P3_CV0,1,1,1,1,1
6,6.211338327692949,7.937131414155586,RD6_F9_m9f2_P9_Y23_UO457,RD9_F6_m9f2_P9_Y21_UO169,RD2_F6_m9f2_P9_Y21_UO114,MXY,1,0.0,0,0,0.0,0,0,0,-9999.0,0.48876953125,1,P3_CV0,1,0,2,0,2
6,6.211338327692949,7.937131414155586,RD6_F2_m2f5_P2_Y23_UO102,RD2_F6_m9f6_P9_Y21_UO426,RD5_F1_m1f5_P1_Y20_UO118,FXX,1,0.0,0,0,0.0,0,0,0,-9999.0,0.4949951171875,1,P3_CV0,1,2,0,0,2
6,6.211338327692949,7.937131414155586,RD6_F9_m9f2_P9_Y23_UO464,RD9_F6_m9f2_P9_Y21_UO169,RD2_F6_m9f2_P9_Y21_UO114,MXY,1,0.0,0,0,0.0,0,0,0,-9999.0,0.48876953125,1,P3_CV0,1,1,1,0,2
6,6.211338327692949,7.937131414155586,RD6_F2_m2f5_P2_Y23_UO80,RD2_F6_m3f6_P3_Y21_UO75,RD5_F2_m9f2_P9_Y21_UO163,MXY,1,0.0,0,0,0.0,0,0,0,-9999.0,0.4927978515625,1,P3_CV0,1,0,2,0,2
6,6.211338327692949,7.937131414155586,RD6_F9_m9f2_P9_Y23_UO463,RD9_F6_m9f2_P9_Y21_UO169,RD2_F6_m9f2_P9_Y21_UO114,MXY,1,0.0,0,0,0.0,0,0,0,-9999.0,0.48876953125,1,P3_CV0,1,0,2,0,2
6,6.211338327692949,7.937131414155586,RD6_F2_m2f5_P2_Y23_UO222,RD2_F6_m2f9_P2_Y21_UO388,RD5_F2_m6f9_P6_Y20_UO688,FXX,1,0.0,0,0,0.0,0,0,0,-9999.0,0.5013427734375,1,P3_CV0,1,1,1,2,0
6,6.211338327692949,7.937131414155586,RD6_F2_m2f5_P2_Y23_UO223,RD2_F6_m2f9_P2_Y21_UO388,RD5_F2_m6f9_P6_Y20_UO688,FXX,1,0.0,0,0,0.0,0,0,0,-9999.0,0.5013427734375,1,P3_CV0,1,1,1,2,0
6,6.211338327692949,7.937131414155586,RD6_F2_m2f6_P2_Y23_UO124,RD2_F6_m9f6_P9_Y21_UO426,RD6_F2_m7f3_P7_Y20_UO148,MXY,1,0.0,0,0,0.0,0,0,0,-9999.0,0.5118408203125,1,P3_CV0,1,1,1,1,1
6,6.211338327692949,7.937131414155586,RD6_F9_m9f2_P9_Y23_UO459,RD9_F6_m9f2_P9_Y21_UO169,RD2_F6_m9f2_P9_Y21_UO114,FXX,1,0.0,0,0,0.0,0,0,0,-9999.0,0.48876953125,1,P3_CV0,1,0,2,0,2
6,6.211338327692949,7.937131414155586,RD6_F2_m2f3_P2_Y23_UO72,RD2_F6_m9f6_P9_Y21_UO426,RD3_F6_m9f6_P9_Y21_UO341,FXX,1,0.0,0,0,0.0,0,0,0,-9999.0,0.50634765625,1,P3_CV0,1,1,1,0,2
6,6.211338327692949,7.937131414155586,RD6_F9_m9f2_P9_Y23_UO465,RD9_F6_m9f2_P9_Y21_UO169,RD2_F6_m9f2_P9_Y21_UO114,FXX,1,0.0,0,0,0.0,0,0,0,-9999.0,0.48876953125,1,P3_CV0,1,0,2,0,2
6,6.211338327692949,7.937131414155586,RD6_F9_m6f9_P6_Y22_UO214,RD6_F9_m6f3_P6_Y20_UO189,RD9_F6_m9f6_P9_Y18_UO541,FXX,2,0.0,1,0,1.0,0,0,0,-9999.0,0.5155029296875,1,P3_CV0,1,1,1,1,1
6,6.211338327692949,7.937131414155586,RD6_F9_m6f9_P6_Y22_UO674,RD6_F3_m6f9_P6_Y20_UO167,RD9_F6_m3f6_P3_Y20_UO583,MXY,2,0.0,1,0,0.0,0,0,0,-9999.0,0.514404296875,1,P3_CV0,1,0,2,2,0
6,6.211338327692949,7.937131414155586,RD6_F9_m6f3_P6_Y22_UO83,RD6_F3_m6f9_P6_Y20_UO164,RD3_F7_m4f7_P4_Y20_UO214,FXX,2,0.0,1,0,1.0,0,0,0,-9999.0,0.531005859375,1,P3_CV0,1,1,1,0,2
6,6.211338327692949,7.937131414155586,RD6_F9_m6f9_P6_Y22_UO211,RD6_F9_m6f3_P6_Y20_UO189,RD9_F6_m9f6_P9_Y18_UO541,MXY,2,0.0,1,0,0.0,0,0,0,-9999.0,0.5155029296875,1,P3_CV0,1,1,1,1,1
6,6.211338327692949,7.937131414155586,RD6_F9_m6f3_P6_Y22_UO177,RD6_F9_m2f6_P2_Y20_UO74,RD3_F2_m9f6_P9_Y20_UO15,MXY,2,0.0,1,0,0.0,0,0,0,-9999.0,0.50439453125,1,P3_CV0,1,1,1,1,1
6,6.211338327692949,7.937131414155586,RD6_F9_m6f3_P6_Y22_UO406,RD6_F3_m7f3_P7_Y20_UO407,RD3_F7_m4f8_P4_Y20_UO537,FXX,2,0.0,1,0,1.0,0,0,0,-9999.0,0.5281982421875,1,P3_CV0,1,2,0,0,2
6,6.211338327692949,7.937131414155586,RD6_F9_m2f6_P2_Y22_UO155,RD2_F9_m2f6_P2_Y20_UO75,RD6_F2_m3f2_P3_Y20_UO486,MXY,2,0.0,1,0,0.0,0,0,0,-9999.0,0.51318359375,1,P3_CV0,1,1,1,2,0
6,6.211338327692949,7.937131414155586,RD6_F9_m6f3_P6_Y22_UO82,RD6_F3_m6f9_P6_Y20_UO164,RD3_F7_m4f7_P4_Y20_UO214,FXX,2,0.0,1,0,1.0,0,0,0,-9999.0,0.531005859375,1,P3_CV0,1,1,1,2,0
6,6.211338327692949,7.937131414155586,RD6_F9_m2f9_P2_Y22_UO190,RD2_F9_m2f6_P2_Y20_UO75,RD9_F6_m9f6_P9_Y20_UO355,FXX,2,0.0,1,0,1.0,0,0,0,-9999.0,0.5093994140625,1,P3_CV0,1,1,1,1,1
6,6.211338327692949,7.937131414155586,RD6_F3_m9f6_P9_Y21_UO338,RD9_F6_m9f2_P9_Y19_UO301,RD6_F9_m9f6_P9_Y18_UO541,FXX,3,0.0,1,0,1.0,0,0,0,-9999.0,0.51123046875,1,P3_CV0,1,1,1,0,2
6,6.211338327692949,7.937131414155586,RD6_F9_m6f3_P6_Y20_UO80,RD6_F9_m6f2_P6_Y18_UO628,RD3_F2_m3f7_P3_Y18_UO626,FXX,4,0.0,1,0,1.0,0,0,0,-9999.0,0.500732421875,1,P3_CV0,1,0,2,0,2
6,6.211338327692949,7.937131414155586,RD6_F3_m3f2_P3_Y23_UO278,RD3_F7_m3f7_P3_Y21_UO228,RD2_F5_m5f2_P5_Y20_UO268,FXX,1,0.0,0,0,0.0,0,0,0,-9999.0,0.5035400390625,1,P4_CV0,1,0,2,1,1
6,6.211338327692949,7.937131414155586,RD6_F9_m9f2_P9_Y23_UO7,RD9_F2_m3f5_P3_Y21_UO30,RD2_F9_m6f2_P6_Y21_UO236,FXX,1,0.0,0,0,0.0,0,0,0,-9999.0,0.497802734375,1,P4_CV0,1,1,1,1,1
6,6.211338327692949,7.937131414155586,RD6_F9_m9f2_P9_Y23_UO11,RD9_F2_m3f5_P3_Y21_UO30,RD2_F9_m6f2_P6_Y21_UO236,FXX,1,0.0,0,0,0.0,0,0,0,-9999.0,0.497802734375,1,P4_CV0,1,0,2,1,1
6,6.211338327692949,7.937131414155586,RD6_F3_m3f2_P3_Y23_UO280,RD3_F7_m3f7_P3_Y21_UO228,RD2_F5_m5f2_P5_Y20_UO268,FXX,1,0.0,0,0,0.0,0,0,0,-9999.0,0.5035400390625,1,P4_CV0,1,0,2,2,0
6,6.211338327692949,7.937131414155586,RD6_F9_m9f2_P9_Y23_UO17,RD9_F2_m3f5_P3_Y21_UO30,RD2_F9_m6f2_P6_Y21_UO236,MXY,1,0.0,0,0,0.0,0,0,0,-9999.0,0.497802734375,1,P4_CV0,1,0,2,1,1
6,6.211338327692949,7.937131414155586,RD6_F3_m3f2_P3_Y23_UO238,RD3_F6_m9f6_P9_Y21_UO338,RD2_F6_m9f6_P9_Y21_UO257,FXX,1,0.0,0,0,0.0,0,0,0,-9999.0,0.506591796875,1,P4_CV0,1,1,1,0,2
6,6.211338327692949,7.937131414155586,RD6_F2_m2f5_P2_Y23_UO303,RD2_F6_m3f6_P3_Y21_UO75,RD5_F3_m5f2_P5_Y21_UO142,MXY,1,0.0,0,0,0.0,0,0,0,-9999.0,0.492919921875,1,P4_CV0,1,1,1,1,1
6,6.211338327692949,7.937131414155586,RD6_F9_m9f2_P9_Y23_UO318,RD9_F6_m9f2_P9_Y21_UO169,RD2_F9_m6f2_P6_Y21_UO236,FXX,1,0.0,0,0,0.0,0,0,0,-9999.0,0.4952392578125,1,P4_CV0,1,0,2,1,1
6,6.211338327692949,7.937131414155586,RD6_F2_m2f3_P2_Y23_UO197,RD2_F9_m2f9_P2_Y21_UO392,RD3_F6_m2f9_P2_Y21_UO48,FXX,1,0.0,0,0,0.0,0,0,0,-9999.0,0.4912109375,1,P4_CV0,1,2,0,1,1
6,6.211338327692949,7.937131414155586,RD6_F9_m9f2_P9_Y23_UO13,RD9_F2_m3f5_P3_Y21_UO30,RD2_F9_m6f2_P6_Y21_UO236,MXY,1,0.0,0,0,0.0,0,0,0,-9999.0,0.497802734375,1,P4_CV0,1,1,1,1,1
6,6.211338327692949,7.937131414155586,RD6_F3_m3f2_P3_Y23_UO232,RD3_F6_m9f6_P9_Y21_UO338,RD2_F6_m9f6_P9_Y21_UO257,FXX,1,0.0,0,0,0.0,0,0,0,-9999.0,0.506591796875,1,P4_CV0,1,2,0,0,2
6,6.211338327692949,7.937131414155586,RD6_F9_m9f2_P9_Y23_UO12,RD9_F2_m3f5_P3_Y21_UO30,RD2_F9_m6f2_P6_Y21_UO236,MXY,1,0.0,0,0,0.0,0,0,0,-9999.0,0.497802734375,1,P4_CV0,1,0,2,1,1
6,6.211338327692949,7.937131414155586,RD6_F3_m7f3_P7_Y22_UO273,RD7_F3_m7f4_P7_Y20_UO294,RD3_F7_m4f7_P4_Y20_UO551,MXY,2,0.0,1,0,0.0,0,0,0,-9999.0,0.507568359375,1,P4_CV0,1,1,1,0,2
6,6.211338327692949,7.937131414155586,RD6_F3_m7f4_P7_Y22_UO161,RD7_F4_m7f3_P7_Y20_UO663,RD4_F8_m4f8_P4_Y20_UO173,MXY,2,0.0,1,0,0.0,0,0,0,-9999.0,0.505859375,1,P4_CV0,1,1,1,2,0
6,6.211338327692949,7.937131414155586,RD6_F3_m7f3_P7_Y22_UO169,RD7_F4_m8f4_P8_Y20_UO403,RD3_F7_m3f5_P3_Y20_UO25,FXX,2,0.0,1,0,1.0,0,0,0,-9999.0,0.5115966796875,1,P4_CV0,1,0,2,0,2
6,6.211338327692949,7.937131414155586,RD6_F9_m2f5_P2_Y22_UO540,RD2_F6_m3f5_P3_Y20_UO682,RD5_F3_m6f3_P6_Y20_UO85,MXY,2,0.0,1,0,0.0,0,0,0,-9999.0,0.504150390625,1,P4_CV0,1,1,1,1,1
6,6.211338327692949,7.937131414155586,RD6_F3_m5f1_P5_Y22_UO259,RD5_F2_m9f6_P9_Y20_UO329,RD1_F5_m1f5_P1_Y20_UO317,MXY,2,0.0,1,0,0.0,0,0,0,-9999.0,0.5015869140625,1,P4_CV0,1,1,1,1,1
6,6.211338327692949,7.937131414155586,RD6_F9_m2f9_P2_Y21_UO390,RD2_F9_m6f9_P6_Y19_UO90,RD9_F6_m9f6_P9_Y19_UO255,MXY,3,0.0,1,0,0.0,0,0,0,-9999.0,0.505126953125,1,P4_CV0,1,1,1,1,1
6,6.211338327692949,7.937131414155586,RD6_F3_m8f4_P8_Y20_UO558,RD8_F4_m8f4_P8_Y18_UO166,RD4_F8_m4f7_P4_Y18_UO70,FXX,4,0.0,1,0,1.0,0,0,0,-9999.0,0.538818359375,1,P4_CV0,1,1,1,0,2
6,6.211338327692949,7.937131414155586,RD6_F3_m3f7_P3_Y23_UO198,RD3_F2_m3f6_P3_Y21_UO66,RD7_F3_m7f4_P7_Y21_UO358,FXX,1,0.0,0,0,0.0,0,0,0,-9999.0,0.5078125,1,P5_CV0,1,0,2,1,1
6,6.211338327692949,7.937131414155586,RD6_F9_m6f3_P6_Y22_UO613,RD6_F3_m7f3_P7_Y20_UO664,RD3_F2_m9f6_P9_Y20_UO15,MXY,2,0.0,1,0,0.0,0,0,0,-9999.0,0.5013427734375,1,P5_CV0,1,1,1,1,1
6,6.211338327692949,7.937131414155586,RD6_F2_m2f6_P2_Y23_UO226,RD2_F3_m6f9_P6_Y21_UO414,RD6_F2_m7f3_P7_Y20_UO148,MXY,1,0.0,0,0,0.0,0,0,0,-9999.0,0.510986328125,1,P6_CV0,1,2,0,2,0
6,6.211338327692949,7.937131414155586,RD6_F9_m6f2_P6_Y22_UO47,RD6_F9_m2f6_P2_Y20_UO95,RD2_F9_m9f6_P9_Y19_UO251,FXX,2,0.0,1,0,1.0,0,0,0,-9999.0,0.5126953125,1,P6_CV0,1,1,1,1,1
6,6.211338327692949,7.937131414155586,RD6_F9_m6f3_P6_Y22_UO99,RD6_F3_m7f3_P7_Y20_UO281,RD3_F2_m9f6_P9_Y20_UO15,FXX,2,0.0,1,0,1.0,0,0,0,-9999.0,0.5018310546875,1,P7_CV0,1,2,0,0,2
6,6.211338327692949,7.937131414155586,RD6_F3_m3f2_P3_Y23_UO85,RD3_F2_m3f6_P3_Y21_UO66,RD2_F6_m6f3_P6_Y20_UO86,FXX,1,0.0,0,0,0.0,0,0,0,-9999.0,0.499267578125,1,P8_CV0,1,1,1,2,0
6,6.211338327692949,7.937131414155586,RD6_F2_m2f6_P2_Y23_UO228,RD2_F3_m6f9_P6_Y21_UO414,RD6_F2_m7f3_P7_Y20_UO148,FXX,1,0.0,0,0,0.0,0,0,0,-9999.0,0.510986328125,1,P8_CV0,1,0,2,2,0
6,6.211338327692949,7.937131414155586,RD6_F3_m3f2_P3_Y23_UO82,RD3_F2_m3f6_P3_Y21_UO66,RD2_F6_m6f3_P6_Y20_UO86,FXX,1,0.0,0,0,0.0,0,0,0,-9999.0,0.499267578125,1,P8_CV0,1,1,1,1,1
6,6.211338327692949,7.937131414155586,RD6_F3_m3f2_P3_Y23_UO89,RD3_F2_m3f6_P3_Y21_UO66,RD2_F6_m6f3_P6_Y20_UO86,FXX,1,0.0,0,0,0.0,0,0,0,-9999.0,0.499267578125,1,P8_CV0,1,0,2,1,1
6,6.211338327692949,7.937131414155586,RD6_F9_m6f3_P6_Y22_UO608,RD6_F3_m7f3_P7_Y20_UO664,RD3_F2_m9f6_P9_Y20_UO15,FXX,2,0.0,1,0,1.0,0,0,0,-9999.0,0.5013427734375,1,P8_CV0,1,2,0,1,1
6,6.211338327692949,7.937131414155586,RD6_F9_m6f3_P6_Y22_UO612,RD6_F3_m7f3_P7_Y20_UO664,RD3_F2_m9f6_P9_Y20_UO15,MXY,2,0.0,1,0,0.0,0,0,0,-9999.0,0.5013427734375,1,P8_CV0,1,2,0,1,1
6,6.211338327692949,7.937131414155586,RD6_F2_m6f2_P6_Y22_UO44,RD6_F9_m2f6_P2_Y20_UO95,RD2_F9_m9f6_P9_Y19_UO251,MXY,2,0.0,1,0,0.0,0,0,0,-9999.0,0.5126953125,1,P8_CV0,1,2,0,0,2
6,6.211338327692949,7.937131414155586,RD6_F9_m6f2_P6_Y22_UO122,RD6_F9_m6f3_P6_Y20_UO189,RD2_F5_m1f5_P1_Y20_UO63,MXY,2,0.0,1,0,0.0,0,0,0,-9999.0,0.50048828125,1,P8_CV0,1,0,2,2,0
6,6.211338327692949,7.937131414155586,RD6_F2_m6f9_P6_Y21_UO414,RD6_F2_m9f6_P9_Y19_UO107,RD9_F6_m9f6_P9_Y19_UO251,FXX,3,0.0,1,0,1.0,0,0,0,-9999.0,0.499755859375,1,P8_CV0,1,1,1,1,1
6,6.211338327692949,7.937131414155586,RD6_F9_m9f2_P9_Y21_UO373,RD9_F2_m9f6_P9_Y19_UO32,RD2_F6_m9f2_P9_Y19_UO299,FXX,3,0.0,1,0,1.0,0,0,0,-9999.0,0.49853515625,1,P8_CV0,1,0,2,1,1
7,1.3457994534493356,7.703671818986196,RD7_F3_m3f2_P3_Y23_UO251,RD3_F6_m9f6_P9_Y21_UO338,RD2_F9_m6f9_P6_Y21_UO385,MXY,1,0.0,0,0,0.0,0,0,0,-9999.0,0.5040283203125,1,P1_CV0,1,1,1,0,2
7,1.3457994534493356,7.703671818986196,RD7_F3_m3f2_P3_Y23_UO252,RD3_F6_m9f6_P9_Y21_UO338,RD2_F9_m6f9_P6_Y21_UO385,MXY,1,0.0,0,0,0.0,0,0,0,-9999.0,0.5040283203125,1,P1_CV0,1,2,0,1,1
7,1.3457994534493356,7.703671818986196,RD7_F3_m3f2_P3_Y23_UO255,RD3_F6_m9f6_P9_Y21_UO338,RD2_F9_m6f9_P6_Y21_UO385,FXX,1,0.0,0,0,0.0,0,0,0,-9999.0,0.5040283203125,1,P1_CV0,1,0,2,1,1
7,1.3457994534493356,7.703671818986196,RD7_F3_m3f2_P3_Y23_UO256,RD3_F6_m9f6_P9_Y21_UO338,RD2_F9_m6f9_P6_Y21_UO385,FXX,1,0.0,0,0,0.0,0,0,0,-9999.0,0.5040283203125,1,P1_CV0,1,2,0,0,2
7,1.3457994534493356,7.703671818986196,RD7_F3_m3f2_P3_Y23_UO259,RD3_F6_m9f6_P9_Y21_UO338,RD2_F9_m6f9_P6_Y21_UO385,MXY,1,0.0,0,0,0.0,0,0,0,-9999.0,0.5040283203125,1,P1_CV0,1,1,1,0,2
7,1.3457994534493356,7.703671818986196,RD7_F3_m3f5_P3_Y23_UO425,RD3_F7_m3f7_P3_Y21_UO228,RD5_F2_m6f9_P6_Y21_UO383,MXY,1,0.0,0,0,0.0,0,0,0,-9999.0,0.495361328125,1,P1_CV0,1,0,2,1,1
7,1.3457994534493356,7.703671818986196,RD7_F4_m8f4_P8_Y22_UO180,RD8_F4_m8f4_P8_Y20_UO65,RD4_F7_m9f2_P9_Y18_UO23,MXY,2,0.0,1,0,0.0,0,0,0,-9999.0,0.5040283203125,1,P1_CV0,1,0,2,0,2
7,1.3457994534493356,7.703671818986196,RD7_F4_m8f4_P8_Y22_UO356,RD8_F4_m8f4_P8_Y20_UO192,RD4_F8_m4f7_P4_Y20_UO149,FXX,2,0.0,1,0,1.0,0,0,0,-9999.0,0.5411376953125,1,P1_CV0,1,2,0,1,1
7,1.3457994534493356,7.703671818986196,RD7_F4_m4f8_P4_Y19_UO339,RD4_F7_m3f2_P3_Y17_UO90,RD8_F4_m8f4_P8_Y17_UO216,MXY,5,0.0,1,0,0.0,0,0,0,-9999.0,0.4921875,1,P1_CV0,1,0,2,1,1
7,1.3457994534493356,7.703671818986196,RD7_F3_m3f7_P3_Y23_UO203,RD3_F2_m3f6_P3_Y21_UO66,RD7_F3_m7f4_P7_Y21_UO358,FXX,1,0.0,0,0,0.0,0,0,0,-9999.0,0.5078125,1,P3_CV0,1,0,2,2,0
7,1.3457994534493356,7.703671818986196,RD7_F3_m3f7_P3_Y23_UO204,RD3_F2_m3f6_P3_Y21_UO66,RD7_F3_m7f4_P7_Y21_UO358,FXX,1,0.0,0,0,0.0,0,0,0,-9999.0,0.5078125,1,P3_CV0,1,0,2,1,1
7,1.3457994534493356,7.703671818986196,RD7_F3_m3f2_P3_Y23_UO233,RD3_F6_m9f6_P9_Y21_UO338,RD2_F6_m9f6_P9_Y21_UO257,MXY,1,0.0,0,0,0.0,0,0,0,-9999.0,0.506591796875,1,P3_CV0,1,2,0,0,2
7,1.3457994534493356,7.703671818986196,RD7_F3_m3f2_P3_Y23_UO240,RD3_F6_m9f6_P9_Y21_UO338,RD2_F6_m9f6_P9_Y21_UO257,MXY,1,0.0,0,0,0.0,0,0,0,-9999.0,0.506591796875,1,P3_CV0,1,1,1,0,2
7,1.3457994534493356,7.703671818986196,RD7_F3_m3f2_P3_Y23_UO249,RD3_F6_m9f6_P9_Y21_UO338,RD2_F9_m6f9_P6_Y21_UO385,FXX,1,0.0,0,0,0.0,0,0,0,-9999.0,0.5040283203125,1,P3_CV0,1,1,1,0,2
7,1.3457994534493356,7.703671818986196,RD7_F3_m3f2_P3_Y23_UO253,RD3_F6_m9f6_P9_Y21_UO338,RD2_F9_m6f9_P6_Y21_UO385,MXY,1,0.0,0,0,0.0,0,0,0,-9999.0,0.5040283203125,1,P3_CV0,1,1,1,1,1
7,1.3457994534493356,7.703671818986196,RD7_F3_m3f2_P3_Y23_UO258,RD3_F6_m9f6_P9_Y21_UO338,RD2_F9_m6f9_P6_Y21_UO385,MXY,1,0.0,0,0,0.0,0,0,0,-9999.0,0.5040283203125,1,P3_CV0,1,1,1,1,1
7,1.3457994534493356,7.703671818986196,RD7_F3_m6f9_P6_Y22_UO675,RD6_F3_m6f9_P6_Y20_UO167,RD9_F6_m3f6_P3_Y20_UO583,FXX,2,0.0,1,0,1.0,0,0,0,-9999.0,0.514404296875,1,P3_CV0,1,1,1,2,0
7,1.3457994534493356,7.703671818986196,RD7_F3_m7f3_P7_Y22_UO275,RD7_F3_m7f4_P7_Y20_UO294,RD3_F7_m4f7_P4_Y20_UO551,MXY,2,0.0,1,0,0.0,0,0,0,-9999.0,0.507568359375,1,P3_CV0,1,1,1,0,2
7,1.3457994534493356,7.703671818986196,RD7_F3_m6f9_P6_Y22_UO676,RD6_F3_m6f9_P6_Y20_UO167,RD9_F6_m3f6_P3_Y20_UO583,MXY,2,0.0,1,0,0.0,0,0,0,-9999.0,0.514404296875,1,P3_CV0,1,1,1,2,0
7,1.3457994534493356,7.703671818986196,RD7_F4_m8f4_P8_Y22_UO467,RD8_F4_m8f4_P8_Y20_UO46,RD4_F8_m4f7_P4_Y20_UO549,MXY,2,0.0,1,0,0.0,0,0,0,-9999.0,0.5302734375,1,P3_CV0,1,0,2,2,0
7,1.3457994534493356,7.703671818986196,RD7_F4_m8f4_P8_Y22_UO463,RD8_F4_m8f4_P8_Y20_UO192,RD4_F8_m4f8_P4_Y20_UO417,MXY,2,0.0,1,0,0.0,0,0,0,-9999.0,0.5279541015625,1,P3_CV0,1,2,0,2,0
7,1.3457994534493356,7.703671818986196,RD7_F4_m8f4_P8_Y22_UO468,RD8_F4_m8f4_P8_Y20_UO46,RD4_F8_m4f7_P4_Y20_UO549,FXX,2,0.0,1,0,1.0,0,0,0,-9999.0,0.5302734375,1,P3_CV0,1,2,0,1,1
7,1.3457994534493356,7.703671818986196,RD7_F4_m8f4_P8_Y22_UO184,RD8_F4_m8f4_P8_Y20_UO324,RD4_F8_m4f7_P4_Y20_UO549,FXX,2,0.0,1,0,1.0,0,0,0,-9999.0,0.5135498046875,1,P3_CV0,1,0,2,2,0
7,1.3457994534493356,7.703671818986196,RD7_F4_m8f4_P8_Y22_UO466,RD8_F4_m8f4_P8_Y20_UO46,RD4_F8_m4f7_P4_Y20_UO549,FXX,2,0.0,1,0,1.0,0,0,0,-9999.0,0.5302734375,1,P3_CV0,1,0,2,2,0
7,1.3457994534493356,7.703671818986196,RD7_F4_m8f4_P8_Y22_UO546,RD8_F4_m7f4_P7_Y20_UO508,RD4_F8_m4f8_P4_Y20_UO417,FXX,2,0.0,1,0,1.0,0,0,0,-9999.0,0.507080078125,1,P3_CV0,1,1,1,2,0
7,1.3457994534493356,7.703671818986196,RD7_F4_m8f4_P8_Y22_UO470,RD8_F4_m7f3_P7_Y20_UO438,RD4_F8_m4f7_P4_Y20_UO549,MXY,2,0.0,1,0,0.0,0,0,0,-9999.0,0.5291748046875,1,P3_CV0,1,2,0,1,1
7,1.3457994534493356,7.703671818986196,RD7_F4_m7f3_P7_Y20_UO408,RD7_F3_m6f2_P6_Y18_UO613,RD3_F7_m4f8_P4_Y18_UO229,FXX,4,0.0,1,0,1.0,0,0,0,-9999.0,0.531982421875,1,P3_CV0,1,1,1,1,1
7,1.3457994534493356,7.703671818986196,RD7_F3_m3f2_P3_Y23_UO231,RD3_F6_m9f6_P9_Y21_UO338,RD2_F6_m9f6_P9_Y21_UO257,FXX,1,0.0,0,0,0.0,0,0,0,-9999.0,0.506591796875,1,P4_CV0,1,2,0,0,2
7,1.3457994534493356,7.703671818986196,RD7_F3_m3f2_P3_Y23_UO236,RD3_F6_m9f6_P9_Y21_UO338,RD2_F6_m9f6_P9_Y21_UO257,MXY,1,0.0,0,0,0.0,0,0,0,-9999.0,0.506591796875,1,P4_CV0,1,2,0,0,2
7,1.3457994534493356,7.703671818986196,RD7_F3_m3f2_P3_Y23_UO237,RD3_F6_m9f6_P9_Y21_UO338,RD2_F6_m9f6_P9_Y21_UO257,FXX,1,0.0,0,0,0.0,0,0,0,-9999.0,0.506591796875,1,P4_CV0,1,1,1,0,2
7,1.3457994534493356,7.703671818986196,RD7_F3_m3f2_P3_Y23_UO273,RD3_F7_m3f7_P3_Y21_UO228,RD2_F5_m5f2_P5_Y20_UO268,MXY,1,0.0,0,0,0.0,0,0,0,-9999.0,0.5035400390625,1,P4_CV0,1,0,2,2,0
7,1.3457994534493356,7.703671818986196,RD7_F3_m3f2_P3_Y23_UO274,RD3_F7_m3f7_P3_Y21_UO228,RD2_F5_m5f2_P5_Y20_UO268,MXY,1,0.0,0,0,0.0,0,0,0,-9999.0,0.5035400390625,1,P4_CV0,1,0,2,1,1
7,1.3457994534493356,7.703671818986196,RD7_F3_m3f2_P3_Y23_UO275,RD3_F7_m3f7_P3_Y21_UO228,RD2_F5_m5f2_P5_Y20_UO268,MXY,1,0.0,0,0,0.0,0,0,0,-9999.0,0.5035400390625,1,P4_CV0,1,0,2,2,0
7,1.3457994534493356,7.703671818986196,RD7_F3_m3f2_P3_Y23_UO281,RD3_F7_m3f7_P3_Y21_UO228,RD2_F5_m5f2_P5_Y20_UO268,FXX,1,0.0,0,0,0.0,0,0,0,-9999.0,0.5035400390625,1,P4_CV0,1,0,2,0,2
7,1.3457994534493356,7.703671818986196,RD7_F3_m2f5_P2_Y22_UO429,RD2_F3_m7f3_P7_Y20_UO39,RD5_F1_m5f3_P5_Y20_UO434,MXY,2,0.0,1,0,0.0,0,0,0,-9999.0,0.5115966796875,1,P4_CV0,1,1,1,1,1
7,1.3457994534493356,7.703671818986196,RD7_F3_m2f5_P2_Y22_UO428,RD2_F3_m7f3_P7_Y20_UO39,RD5_F1_m5f3_P5_Y20_UO434,FXX,2,0.0,1,0,1.0,0,0,0,-9999.0,0.5115966796875,1,P4_CV0,1,2,0,1,1
7,1.3457994534493356,7.703671818986196,RD7_F3_m5f2_P5_Y22_UO626,RD5_F1_m5f1_P5_Y20_UO307,RD2_F3_m5f2_P5_Y20_UO626,FXX,2,0.0,1,0,1.0,0,0,0,-9999.0,0.5048828125,1,P4_CV0,1,0,2,2,0
7,1.3457994534493356,7.703671818986196,RD7_F3_m2f3_P2_Y22_UO351,RD2_F3_m7f4_P7_Y20_UO275,RD3_F7_m4f8_P4_Y20_UO451,FXX,2,0.0,1,0,1.0,0,0,0,-9999.0,0.5343017578125,1,P4_CV0,1,1,1,0,2
7,1.3457994534493356,7.703671818986196,RD7_F4_m8f4_P8_Y22_UO329,RD8_F4_m7f4_P7_Y20_UO423,RD4_F8_m4f7_P4_Y20_UO149,MXY,2,0.0,1,0,0.0,0,0,0,-9999.0,0.533203125,1,P4_CV0,1,1,1,1,1
7,1.3457994534493356,7.703671818986196,RD7_F4_m8f4_P8_Y22_UO503,RD8_F4_m7f3_P7_Y20_UO438,RD4_F8_m4f8_P4_Y20_UO173,MXY,2,0.0,1,0,0.0,0,0,0,-9999.0,0.526123046875,1,P4_CV0,1,1,1,2,0
7,1.3457994534493356,7.703671818986196,RD7_F4_m7f4_P7_Y22_UO67,RD7_F4_m8f4_P8_Y20_UO403,RD4_F8_m4f8_P4_Y20_UO173,FXX,2,0.0,1,0,1.0,0,0,0,-9999.0,0.50830078125,1,P4_CV0,1,1,1,2,0
7,1.3457994534493356,7.703671818986196,RD7_F4_m7f3_P7_Y22_UO365,RD7_F3_m7f4_P7_Y20_UO667,RD3_F7_m3f5_P3_Y20_UO25,FXX,2,0.0,1,0,1.0,0,0,0,-9999.0,0.525146484375,1,P4_CV0,1,2,0,0,2
7,1.3457994534493356,7.703671818986196,RD7_F4_m8f4_P8_Y22_UO490,RD8_F4_m8f4_P8_Y20_UO272,RD4_F8_m4f7_P4_Y20_UO149,MXY,2,0.0,1,0,0.0,0,0,0,-9999.0,0.5462646484375,1,P4_CV0,1,1,1,1,1
7,1.3457994534493356,7.703671818986196,RD7_F4_m7f4_P7_Y22_UO325,RD7_F4_m7f4_P7_Y20_UO422,RD4_F8_m4f8_P4_Y20_UO452,FXX,2,0.0,1,0,1.0,0,0,0,-9999.0,0.5296630859375,1,P4_CV0,1,2,0,2,0
7,1.3457994534493356,7.703671818986196,RD7_F3_m3f2_P3_Y23_UO83,RD3_F2_m3f6_P3_Y21_UO66,RD2_F6_m6f3_P6_Y20_UO86,MXY,1,0.0,0,0,0.0,0,0,0,-9999.0,0.499267578125,1,P5_CV0,1,0,2,2,0
7,1.3457994534493356,7.703671818986196,RD7_F3_m3f2_P3_Y23_UO87,RD3_F2_m3f6_P3_Y21_UO66,RD2_F6_m6f3_P6_Y20_UO86,MXY,1,0.0,0,0,0.0,0,0,0,-9999.0,0.499267578125,1,P5_CV0,1,0,2,1,1
7,1.3457994534493356,7.703671818986196,RD7_F3_m3f2_P3_Y23_UO91,RD3_F2_m3f6_P3_Y21_UO66,RD2_F6_m6f3_P6_Y20_UO86,FXX,1,0.0,0,0,0.0,0,0,0,-9999.0,0.499267578125,1,P5_CV0,1,1,1,1,1
7,1.3457994534493356,7.703671818986196,RD7_F3_m7f4_P7_Y22_UO162,RD7_F4_m7f3_P7_Y20_UO663,RD4_F8_m4f8_P4_Y20_UO173,FXX,2,0.0,1,0,1.0,0,0,0,-9999.0,0.505859375,1,P5_CV0,1,1,1,2,0
7,1.3457994534493356,7.703671818986196,RD7_F4_m7f4_P7_Y22_UO648,RD7_F4_m7f4_P7_Y20_UO27,RD4_F7_m9f2_P9_Y18_UO380,FXX,2,0.0,1,0,1.0,0,0,0,-9999.0,0.5263671875,1,P5_CV0,1,0,2,1,1
7,1.3457994534493356,7.703671818986196,RD7_F4_m7f4_P7_Y22_UO136,RD7_F4_m8f4_P8_Y20_UO403,RD4_F7_m4f8_P4_Y20_UO482,MXY,2,0.0,1,0,0.0,0,0,0,-9999.0,0.5203857421875,1,P5_CV0,1,1,1,1,1
7,1.3457994534493356,7.703671818986196,RD7_F4_m7f4_P7_Y22_UO163,RD7_F4_m7f3_P7_Y20_UO663,RD4_F8_m4f8_P4_Y20_UO173,MXY,2,0.0,1,0,0.0,0,0,0,-9999.0,0.505859375,1,P5_CV0,1,1,1,2,0
7,1.3457994534493356,7.703671818986196,RD7_F4_m7f4_P7_Y22_UO142,RD7_F4_m7f4_P7_Y20_UO27,RD4_F7_m3f2_P3_Y20_UO567,FXX,2,0.0,1,0,1.0,0,0,0,-9999.0,0.513916015625,1,P5_CV0,1,1,1,1,1
7,1.3457994534493356,7.703671818986196,RD7_F4_m7f4_P7_Y22_UO121,RD7_F4_m7f4_P7_Y20_UO37,RD4_F7_m3f2_P3_Y20_UO567,MXY,2,0.0,1,0,0.0,0,0,0,-9999.0,0.5208740234375,1,P5_CV0,1,2,0,1,1
7,1.3457994534493356,7.703671818986196,RD7_F4_m7f4_P7_Y22_UO646,RD7_F4_m7f4_P7_Y20_UO27,RD4_F7_m9f2_P9_Y18_UO380,MXY,2,0.0,1,0,0.0,0,0,0,-9999.0,0.5263671875,1,P5_CV0,1,1,1,1,1
7,1.3457994534493356,7.703671818986196,RD7_F4_m8f4_P8_Y22_UO399,RD8_F4_m8f4_P8_Y20_UO271,RD4_F7_m4f8_P4_Y20_UO171,MXY,2,0.0,1,0,0.0,0,0,0,-9999.0,0.527099609375,1,P5_CV0,1,2,0,1,1
7,1.3457994534493356,7.703671818986196,RD7_F4_m7f4_P7_Y22_UO132,RD7_F4_m8f4_P8_Y20_UO403,RD4_F7_m4f8_P4_Y20_UO482,FXX,2,0.0,1,0,1.0,0,0,0,-9999.0,0.5203857421875,1,P5_CV0,1,1,1,1,1
7,1.3457994534493356,7.703671818986196,RD7_F4_m8f4_P8_Y22_UO491,RD8_F4_m8f4_P8_Y20_UO272,RD4_F8_m4f7_P4_Y20_UO149,FXX,2,0.0,1,0,1.0,0,0,0,-9999.0,0.5462646484375,1,P5_CV0,1,1,1,0,2
7,1.3457994534493356,7.703671818986196,RD7_F3_m3f6_P3_Y21_UO76,RD3_F2_m9f6_P9_Y19_UO30,RD6_F9_m2f9_P2_Y18_UO218,MXY,3,0.0,1,0,0.0,0,0,0,-9999.0,0.497802734375,1,P5_CV0,1,0,2,1,1
7,1.3457994534493356,7.703671818986196,RD7_F4_m8f4_P8_Y22_UO328,RD8_F4_m8f4_P8_Y20_UO131,RD4_F8_m4f7_P4_Y20_UO253,MXY,2,0.0,1,0,0.0,0,0,0,-9999.0,0.5225830078125,1,P7_CV0,1,0,2,1,1
7,1.3457994534493356,7.703671818986196,RD7_F4_m8f4_P8_Y22_UO327,RD8_F4_m8f4_P8_Y20_UO131,RD4_F8_m4f7_P4_Y20_UO253,FXX,2,0.0,1,0,1.0,0,0,0,-9999.0,0.5225830078125,1,P7_CV0,1,1,1,1,1
7,1.3457994534493356,7.703671818986196,RD7_F3_m3f2_P3_Y23_UO86,RD3_F2_m3f6_P3_Y21_UO66,RD2_F6_m6f3_P6_Y20_UO86,FXX,1,0.0,0,0,0.0,0,0,0,-9999.0,0.499267578125,1,P8_CV0,1,1,1,1,1
7,1.3457994534493356,7.703671818986196,RD7_F3_m3f2_P3_Y23_UO88,RD3_F2_m3f6_P3_Y21_UO66,RD2_F6_m6f3_P6_Y20_UO86,FXX,1,0.0,0,0,0.0,0,0,0,-9999.0,0.499267578125,1,P8_CV0,1,1,1,0,2
7,1.3457994534493356,7.703671818986196,RD7_F3_m3f2_P3_Y23_UO90,RD3_F2_m3f6_P3_Y21_UO66,RD2_F6_m6f3_P6_Y20_UO86,FXX,1,0.0,0,0,0.0,0,0,0,-9999.0,0.499267578125,1,P8_CV0,1,0,2,1,1
7,1.3457994534493356,7.703671818986196,RD7_F3_m3f2_P3_Y23_UO92,RD3_F2_m3f6_P3_Y21_UO66,RD2_F6_m6f3_P6_Y20_UO86,MXY,1,0.0,0,0,0.0,0,0,0,-9999.0,0.499267578125,1,P8_CV0,1,0,2,0,2
7,1.3457994534493356,7.703671818986196,RD7_F3_m5f1_P5_Y22_UO257,RD5_F2_m9f6_P9_Y20_UO329,RD1_F5_m1f5_P1_Y20_UO317,MXY,2,0.0,1,0,0.0,0,0,0,-9999.0,0.5015869140625,1,P8_CV0,1,1,1,2,0
8,1.8443986564691528,11.780027217250101,RD8_F4_m8f4_P8_Y22_UO355,RD8_F4_m8f4_P8_Y20_UO192,RD4_F8_m4f7_P4_Y20_UO149,MXY,2,0.0,1,0,0.0,0,0,0,-9999.0,0.5411376953125,1,P1_CV0,1,0,2,1,1
8,1.8443986564691528,11.780027217250101,RD8_F4_m8f4_P8_Y22_UO357,RD8_F4_m8f4_P8_Y20_UO192,RD4_F8_m4f7_P4_Y20_UO149,FXX,2,0.0,1,0,1.0,0,0,0,-9999.0,0.5411376953125,1,P1_CV0,1,1,1,0,2
8,1.8443986564691528,11.780027217250101,RD8_F4_m8f4_P8_Y22_UO102,RD8_F4_m7f3_P7_Y20_UO146,RD4_F7_m4f8_P4_Y20_UO482,FXX,2,0.0,1,0,1.0,0,0,0,-9999.0,0.5252685546875,1,P1_CV0,1,1,1,1,1
8,1.8443986564691528,11.780027217250101,RD8_F4_m7f4_P7_Y22_UO131,RD7_F4_m8f4_P8_Y20_UO403,RD4_F7_m4f8_P4_Y20_UO482,MXY,2,0.0,1,0,0.0,0,0,0,-9999.0,0.5203857421875,1,P1_CV0,1,0,2,1,1
8,1.8443986564691528,11.780027217250101,RD8_F4_m8f4_P8_Y22_UO316,RD8_F4_m7f4_P7_Y20_UO508,RD4_F7_m9f2_P9_Y18_UO23,MXY,2,0.0,1,0,0.0,0,0,0,-9999.0,0.4927978515625,1,P1_CV0,1,1,1,1,1
8,1.8443986564691528,11.780027217250101,RD8_F4_m8f4_P8_Y22_UO183,RD8_F4_m8f4_P8_Y20_UO324,RD4_F8_m4f7_P4_Y20_UO549,FXX,2,0.0,1,0,1.0,0,0,0,-9999.0,0.5135498046875,1,P3_CV0,1,1,1,2,0
8,1.8443986564691528,11.780027217250101,RD8_F4_m7f4_P7_Y22_UO103,RD7_F4_m8f4_P8_Y20_UO585,RD4_F8_m4f7_P4_Y20_UO549,FXX,2,0.0,1,0,1.0,0,0,0,-9999.0,0.5120849609375,1,P3_CV0,1,2,0,2,0
8,1.8443986564691528,11.780027217250101,RD8_F4_m8f4_P8_Y22_UO560,RD8_F4_m7f4_P7_Y20_UO563,RD4_F7_m4f8_P4_Y20_UO482,FXX,2,0.0,1,0,1.0,0,0,0,-9999.0,0.524658203125,1,P3_CV0,1,2,0,2,0
8,1.8443986564691528,11.780027217250101,RD8_F4_m7f4_P7_Y22_UO148,RD7_F4_m8f4_P8_Y20_UO403,RD4_F8_m4f8_P4_Y20_UO176,MXY,2,0.0,1,0,0.0,0,0,0,-9999.0,0.50830078125,1,P3_CV0,1,1,1,1,1
8,1.8443986564691528,11.780027217250101,RD8_F4_m7f3_P7_Y22_UO276,RD7_F3_m7f4_P7_Y20_UO294,RD3_F7_m4f7_P4_Y20_UO551,MXY,2,0.0,1,0,0.0,0,0,0,-9999.0,0.507568359375,1,P3_CV0,1,0,2,1,1
8,1.8443986564691528,11.780027217250101,RD8_F4_m8f4_P8_Y22_UO226,RD8_F4_m8f4_P8_Y20_UO324,RD4_F7_m3f2_P3_Y20_UO419,FXX,2,0.0,1,0,1.0,0,0,0,-9999.0,0.5137939453125,1,P3_CV0,1,1,1,2,0
8,1.8443986564691528,11.780027217250101,RD8_F4_m8f4_P8_Y22_UO436,RD8_F4_m7f4_P7_Y20_UO423,RD4_F8_m4f8_P4_Y20_UO176,FXX,2,0.0,1,0,1.0,0,0,0,-9999.0,0.51416015625,1,P3_CV0,1,1,1,1,1
8,1.8443986564691528,11.780027217250101,RD8_F4_m8f4_P8_Y22_UO315,RD8_F4_m7f3_P7_Y20_UO410,RD4_F8_m4f8_P4_Y20_UO417,MXY,2,0.0,1,0,0.0,0,0,0,-9999.0,0.5115966796875,1,P3_CV0,1,1,1,1,1
8,1.8443986564691528,11.780027217250101,RD8_F4_m8f4_P8_Y22_UO181,RD8_F4_m8f4_P8_Y20_UO65,RD4_F7_m9f2_P9_Y18_UO23,MXY,2,0.0,1,0,0.0,0,0,0,-9999.0,0.5040283203125,1,P3_CV0,1,1,1,1,1
8,1.8443986564691528,11.780027217250101,RD8_F4_m8f4_P8_Y22_UO545,RD8_F4_m7f4_P7_Y20_UO508,RD4_F8_m4f8_P4_Y20_UO417,MXY,2,0.0,1,0,0.0,0,0,0,-9999.0,0.507080078125,1,P3_CV0,1,1,1,2,0
8,1.8443986564691528,11.780027217250101,RD8_F4_m8f4_P8_Y22_UO447,RD8_F4_m7f3_P7_Y20_UO396,RD4_F7_m9f2_P9_Y18_UO380,FXX,2,0.0,1,0,1.0,0,0,0,-9999.0,0.5335693359375,1,P3_CV0,1,1,1,0,2
8,1.8443986564691528,11.780027217250101,RD8_F4_m8f4_P8_Y22_UO330,RD8_F4_m7f4_P7_Y20_UO423,RD4_F8_m4f7_P4_Y20_UO149,MXY,2,0.0,1,0,0.0,0,0,0,-9999.0,0.533203125,1,P3_CV0,1,2,0,1,1
8,1.8443986564691528,11.780027217250101,RD8_F4_m8f4_P8_Y22_UO464,RD8_F4_m8f4_P8_Y20_UO192,RD4_F8_m4f8_P4_Y20_UO417,FXX,2,0.0,1,0,1.0,0,0,0,-9999.0,0.5279541015625,1,P3_CV0,1,1,1,1,1
8,1.8443986564691528,11.780027217250101,RD8_F4_m8f4_P8_Y22_UO311,RD8_F4_m8f4_P8_Y20_UO131,RD4_F8_m4f8_P4_Y20_UO452,FXX,2,0.0,1,0,1.0,0,0,0,-9999.0,0.533935546875,1,P3_CV0,1,2,0,0,2
8,1.8443986564691528,11.780027217250101,RD8_F4_m8f4_P8_Y22_UO558,RD8_F4_m7f4_P7_Y20_UO563,RD4_F7_m4f8_P4_Y20_UO482,FXX,2,0.0,1,0,1.0,0,0,0,-9999.0,0.524658203125,1,P3_CV0,1,2,0,1,1
8,1.8443986564691528,11.780027217250101,RD8_F4_m8f4_P8_Y22_UO575,RD8_F4_m8f4_P8_Y20_UO636,RD4_F8_m4f8_P4_Y20_UO176,MXY,2,0.0,1,0,0.0,0,0,0,-9999.0,0.509765625,1,P3_CV0,1,2,0,1,1
8,1.8443986564691528,11.780027217250101,RD8_F4_m8f4_P8_Y22_UO448,RD8_F4_m7f3_P7_Y20_UO396,RD4_F7_m9f2_P9_Y18_UO380,FXX,2,0.0,1,0,1.0,0,0,0,-9999.0,0.5335693359375,1,P3_CV0,1,2,0,1,1
8,1.8443986564691528,11.780027217250101,RD8_F4_m8f4_P8_Y22_UO227,RD8_F4_m8f4_P8_Y20_UO324,RD4_F7_m3f2_P3_Y20_UO419,MXY,2,0.0,1,0,0.0,0,0,0,-9999.0,0.5137939453125,1,P3_CV0,1,1,1,1,1
8,1.8443986564691528,11.780027217250101,RD8_F4_m8f4_P8_Y22_UO17,RD8_F4_m8f4_P8_Y20_UO131,RD4_F7_m3f2_P3_Y20_UO569,MXY,2,0.0,1,0,0.0,0,0,0,-9999.0,0.521484375,1,P3_CV0,1,1,1,0,2
8,1.8443986564691528,11.780027217250101,RD8_F4_m8f4_P8_Y22_UO556,RD8_F4_m7f4_P7_Y20_UO424,RD4_F8_m4f8_P4_Y20_UO417,FXX,2,0.0,1,0,1.0,0,0,0,-9999.0,0.52001953125,1,P3_CV0,1,2,0,2,0
8,1.8443986564691528,11.780027217250101,RD8_F4_m8f4_P8_Y22_UO313,RD8_F4_m8f4_P8_Y20_UO131,RD4_F8_m4f8_P4_Y20_UO452,FXX,2,0.0,1,0,1.0,0,0,0,-9999.0,0.533935546875,1,P3_CV0,1,2,0,0,2
8,1.8443986564691528,11.780027217250101,RD8_F4_m8f4_P8_Y22_UO559,RD8_F4_m7f4_P7_Y20_UO563,RD4_F7_m4f8_P4_Y20_UO482,MXY,2,0.0,1,0,0.0,0,0,0,-9999.0,0.524658203125,1,P3_CV0,1,1,1,2,0
8,1.8443986564691528,11.780027217250101,RD8_F4_m8f4_P8_Y22_UO527,RD8_F4_m7f4_P7_Y20_UO226,RD4_F7_m9f2_P9_Y18_UO380,MXY,2,0.0,1,0,0.0,0,0,0,-9999.0,0.531494140625,1,P3_CV0,1,1,1,1,1
8,1.8443986564691528,11.780027217250101,RD8_F4_m5f2_P5_Y20_UO44,RD5_F1_m5f2_P5_Y18_UO268,RD2_F3_m2f5_P2_Y18_UO201,FXX,4,0.0,1,0,1.0,0,0,0,-9999.0,0.5048828125,1,P3_CV0,1,0,2,2,0
8,1.8443986564691528,11.780027217250101,RD8_F4_m8f4_P8_Y22_UO221,RD8_F4_m7f4_P7_Y20_UO35,RD4_F7_m3f2_P3_Y20_UO567,FXX,2,0.0,1,0,1.0,0,0,0,-9999.0,0.5208740234375,1,P4_CV0,1,2,0,1,1
8,1.8443986564691528,11.780027217250101,RD8_F4_m7f3_P7_Y22_UO639,RD7_F4_m8f4_P8_Y20_UO558,RD3_F2_m2f3_P2_Y19_UO344,FXX,2,0.0,1,0,1.0,0,0,0,-9999.0,0.5198974609375,1,P4_CV0,1,1,1,0,2
8,1.8443986564691528,11.780027217250101,RD8_F4_m7f3_P7_Y22_UO635,RD7_F4_m8f4_P8_Y20_UO558,RD3_F2_m2f3_P2_Y19_UO344,FXX,2,0.0,1,0,1.0,0,0,0,-9999.0,0.5198974609375,1,P4_CV0,1,1,1,0,2
8,1.8443986564691528,11.780027217250101,RD8_F4_m8f4_P8_Y22_UO622,RD8_F4_m7f3_P7_Y20_UO534,RD4_F8_m4f8_P4_Y20_UO173,FXX,2,0.0,1,0,1.0,0,0,0,-9999.0,0.514404296875,1,P4_CV0,1,1,1,2,0
8,1.8443986564691528,11.780027217250101,RD8_F4_m7f3_P7_Y22_UO636,RD7_F4_m8f4_P8_Y20_UO558,RD3_F2_m2f3_P2_Y19_UO344,FXX,2,0.0,1,0,1.0,0,0,0,-9999.0,0.5198974609375,1,P4_CV0,1,2,0,0,2
8,1.8443986564691528,11.780027217250101,RD8_F4_m8f4_P8_Y22_UO469,RD8_F4_m7f3_P7_Y20_UO438,RD4_F8_m4f7_P4_Y20_UO549,MXY,2,0.0,1,0,0.0,0,0,0,-9999.0,0.5291748046875,1,P4_CV0,1,0,2,2,0
8,1.8443986564691528,11.780027217250101,RD8_F4_m8f4_P8_Y22_UO220,RD8_F4_m7f4_P7_Y20_UO35,RD4_F7_m3f2_P3_Y20_UO567,FXX,2,0.0,1,0,1.0,0,0,0,-9999.0,0.5208740234375,1,P4_CV0,1,2,0,0,2
8,1.8443986564691528,11.780027217250101,RD8_F4_m8f4_P8_Y22_UO492,RD8_F4_m8f4_P8_Y20_UO272,RD4_F8_m4f7_P4_Y20_UO149,MXY,2,0.0,1,0,0.0,0,0,0,-9999.0,0.5462646484375,1,P4_CV0,1,1,1,2,0
8,1.8443986564691528,11.780027217250101,RD8_F4_m8f4_P8_Y22_UO194,RD8_F4_m7f3_P7_Y20_UO146,RD4_F8_m4f8_P4_Y20_UO173,FXX,2,0.0,1,0,1.0,0,0,0,-9999.0,0.51318359375,1,P4_CV0,1,1,1,2,0
8,1.8443986564691528,11.780027217250101,RD8_F4_m7f4_P7_Y22_UO160,RD7_F4_m7f3_P7_Y20_UO663,RD4_F8_m4f8_P4_Y20_UO173,FXX,2,0.0,1,0,1.0,0,0,0,-9999.0,0.505859375,1,P4_CV0,1,1,1,2,0
8,1.8443986564691528,11.780027217250101,RD8_F4_m8f4_P8_Y22_UO403,RD8_F4_m8f4_P8_Y20_UO650,RD4_F8_m4f8_P4_Y20_UO452,MXY,2,0.0,1,0,0.0,0,0,0,-9999.0,0.5406494140625,1,P4_CV0,1,1,1,1,1
8,1.8443986564691528,11.780027217250101,RD8_F4_m7f4_P7_Y22_UO70,RD7_F4_m8f4_P8_Y20_UO403,RD4_F8_m4f8_P4_Y20_UO173,FXX,2,0.0,1,0,1.0,0,0,0,-9999.0,0.50830078125,1,P4_CV0,1,1,1,2,0
8,1.8443986564691528,11.780027217250101,RD8_F4_m8f4_P8_Y22_UO222,RD8_F4_m7f4_P7_Y20_UO35,RD4_F7_m3f2_P3_Y20_UO567,FXX,2,0.0,1,0,1.0,0,0,0,-9999.0,0.5208740234375,1,P4_CV0,1,1,1,0,2
8,1.8443986564691528,11.780027217250101,RD8_F4_m8f4_P8_Y22_UO505,RD8_F4_m7f3_P7_Y20_UO438,RD4_F8_m4f8_P4_Y20_UO173,FXX,2,0.0,1,0,1.0,0,0,0,-9999.0,0.526123046875,1,P4_CV0,1,2,0,2,0
8,1.8443986564691528,11.780027217250101,RD8_F4_m7f3_P7_Y22_UO282,RD7_F3_m7f3_P7_Y20_UO129,RD3_F7_m3f5_P3_Y20_UO25,MXY,2,0.0,1,0,0.0,0,0,0,-9999.0,0.5140380859375,1,P4_CV0,1,2,0,2,0
8,1.8443986564691528,11.780027217250101,RD8_F4_m7f3_P7_Y22_UO167,RD7_F4_m8f4_P8_Y20_UO403,RD3_F7_m3f5_P3_Y20_UO25,FXX,2,0.0,1,0,1.0,0,0,0,-9999.0,0.5115966796875,1,P4_CV0,1,0,2,0,2
8,1.8443986564691528,11.780027217250101,RD8_F4_m8f4_P8_Y22_UO66,RD8_F4_m7f4_P7_Y20_UO226,RD4_F8_m4f8_P4_Y20_UO173,FXX,2,0.0,1,0,1.0,0,0,0,-9999.0,0.5159912109375,1,P4_CV0,1,2,0,2,0
8,1.8443986564691528,11.780027217250101,RD8_F4_m7f4_P7_Y22_UO116,RD7_F4_m7f4_P7_Y20_UO37,RD4_F7_m3f2_P3_Y20_UO567,MXY,2,0.0,1,0,0.0,0,0,0,-9999.0,0.5208740234375,1,P5_CV0,1,2,0,2,0
8,1.8443986564691528,11.780027217250101,RD8_F4_m7f4_P7_Y22_UO489,RD7_F4_m8f4_P8_Y20_UO558,RD4_F7_m5f3_P5_Y19_UO222,MXY,2,0.0,1,0,0.0,0,0,0,-9999.0,0.5155029296875,1,P5_CV0,1,0,2,0,2
8,1.8443986564691528,11.780027217250101,RD8_F4_m7f4_P7_Y22_UO118,RD7_F4_m7f4_P7_Y20_UO37,RD4_F7_m3f2_P3_Y20_UO567,FXX,2,0.0,1,0,1.0,0,0,0,-9999.0,0.5208740234375,1,P5_CV0,1,1,1,2,0
8,1.8443986564691528,11.780027217250101,RD8_F4_m7f3_P7_Y22_UO166,RD7_F4_m8f4_P8_Y20_UO403,RD3_F7_m3f5_P3_Y20_UO25,FXX,2,0.0,1,0,1.0,0,0,0,-9999.0,0.5115966796875,1,P5_CV0,1,0,2,0,2
8,1.8443986564691528,11.780027217250101,RD8_F4_m7f4_P7_Y22_UO144,RD7_F4_m8f4_P8_Y20_UO403,RD4_F8_m4f8_P4_Y20_UO176,MXY,2,0.0,1,0,0.0,0,0,0,-9999.0,0.50830078125,1,P5_CV0,1,1,1,1,1
8,1.8443986564691528,11.780027217250101,RD8_F4_m7f3_P7_Y22_UO171,RD7_F4_m8f4_P8_Y20_UO403,RD3_F7_m3f5_P3_Y20_UO25,MXY,2,0.0,1,0,0.0,0,0,0,-9999.0,0.5115966796875,1,P5_CV0,1,0,2,1,1
8,1.8443986564691528,11.780027217250101,RD8_F4_m8f4_P8_Y22_UO32,RD8_F4_m8f4_P8_Y20_UO272,RD4_F8_m4f7_P4_Y20_UO220,FXX,2,0.0,1,0,1.0,0,0,0,-9999.0,0.5250244140625,1,P5_CV0,1,0,2,2,0
8,1.8443986564691528,11.780027217250101,RD8_F4_m7f4_P7_Y22_UO134,RD7_F4_m8f4_P8_Y20_UO403,RD4_F7_m4f8_P4_Y20_UO482,FXX,2,0.0,1,0,1.0,0,0,0,-9999.0,0.5203857421875,1,P5_CV0,1,1,1,0,2
8,1.8443986564691528,11.780027217250101,RD8_F4_m8f4_P8_Y22_UO317,RD8_F4_m7f4_P7_Y20_UO508,RD4_F7_m9f2_P9_Y18_UO23,FXX,2,0.0,1,0,1.0,0,0,0,-9999.0,0.4927978515625,1,P5_CV0,1,1,1,1,1
8,1.8443986564691528,11.780027217250101,RD8_F4_m7f4_P7_Y22_UO37,RD7_F4_m7f4_P7_Y20_UO29,RD4_F7_m4f8_P4_Y20_UO171,MXY,2,0.0,1,0,0.0,0,0,0,-9999.0,0.5107421875,1,P5_CV0,1,0,2,0,2
8,1.8443986564691528,11.780027217250101,RD8_F4_m7f4_P7_Y22_UO117,RD7_F4_m7f4_P7_Y20_UO37,RD4_F7_m3f2_P3_Y20_UO567,FXX,2,0.0,1,0,1.0,0,0,0,-9999.0,0.5208740234375,1,P5_CV0,1,1,1,2,0
8,1.8443986564691528,11.780027217250101,RD8_F4_m8f4_P8_Y22_UO34,RD8_F4_m8f4_P8_Y20_UO272,RD4_F8_m4f7_P4_Y20_UO220,FXX,2,0.0,1,0,1.0,0,0,0,-9999.0,0.5250244140625,1,P5_CV0,1,1,1,1,1
8,1.8443986564691528,11.780027217250101,RD8_F4_m7f4_P7_Y22_UO141,RD7_F4_m7f4_P7_Y20_UO27,RD4_F7_m3f2_P3_Y20_UO567,FXX,2,0.0,1,0,1.0,0,0,0,-9999.0,0.513916015625,1,P5_CV0,1,1,1,1,1
8,1.8443986564691528,11.780027217250101,RD8_F4_m8f4_P8_Y22_UO665,RD8_F4_m8f4_P8_Y20_UO131,RD4_F8_m4f7_P4_Y20_UO220,MXY,2,0.0,1,0,0.0,0,0,0,-9999.0,0.5162353515625,1,P5_CV0,1,1,1,0,2
8,1.8443986564691528,11.780027217250101,RD8_F4_m7f4_P7_Y22_UO119,RD7_F4_m7f4_P7_Y20_UO37,RD4_F7_m3f2_P3_Y20_UO567,MXY,2,0.0,1,0,0.0,0,0,0,-9999.0,0.5208740234375,1,P5_CV0,1,2,0,2,0
8,1.8443986564691528,11.780027217250101,RD8_F4_m7f4_P7_Y22_UO143,RD7_F4_m7f4_P7_Y20_UO27,RD4_F7_m3f2_P3_Y20_UO567,MXY,2,0.0,1,0,0.0,0,0,0,-9999.0,0.513916015625,1,P5_CV0,1,1,1,1,1
8,1.8443986564691528,11.780027217250101,RD8_F4_m8f4_P8_Y22_UO660,RD8_F4_m7f4_P7_Y20_UO616,RD4_F7_m3f2_P3_Y20_UO567,MXY,2,0.0,1,0,0.0,0,0,0,-9999.0,0.5157470703125,1,P5_CV0,1,2,0,2,0
8,1.8443986564691528,11.780027217250101,RD8_F4_m7f4_P7_Y22_UO135,RD7_F4_m8f4_P8_Y20_UO403,RD4_F7_m4f8_P4_Y20_UO482,FXX,2,0.0,1,0,1.0,0,0,0,-9999.0,0.5203857421875,1,P5_CV0,1,1,1,2,0
8,1.8443986564691528,11.780027217250101,RD8_F4_m8f4_P8_Y22_UO314,RD8_F4_m7f3_P7_Y20_UO410,RD4_F8_m4f8_P4_Y20_UO417,FXX,2,0.0,1,0,1.0,0,0,0,-9999.0,0.5115966796875,1,P7_CV0,1,1,1,1,1
8,1.8443986564691528,11.780027217250101,RD8_F4_m7f3_P7_Y22_UO280,RD7_F3_m7f3_P7_Y20_UO129,RD3_F7_m3f5_P3_Y20_UO25,MXY,2,0.0,1,0,0.0,0,0,0,-9999.0,0.5140380859375,1,P8_CV0,1,0,2,2,0
9,8.539752926394888,7.413552560728917,RD9_F2_m2f5_P2_Y23_UO127,RD2_F9_m2f9_P2_Y21_UO392,RD5_F1_m5f3_P5_Y21_UO198,MXY,1,0.0,0,0,0.0,0,0,0,-9999.0,0.502197265625,1,P1_CV0,1,2,0,1,1
9,8.539752926394888,7.413552560728917,RD9_F2_m2f9_P2_Y23_UO130,RD2_F9_m2f9_P2_Y21_UO392,RD9_F2_m5f2_P5_Y21_UO143,FXX,1,0.0,0,0,0.0,0,0,0,-9999.0,0.49658203125,1,P1_CV0,1,1,1,1,1
9,8.539752926394888,7.413552560728917,RD9_F2_m2f5_P2_Y23_UO191,RD2_F3_m6f9_P6_Y21_UO386,RD5_F2_m6f9_P6_Y21_UO383,MXY,1,0.0,0,0,0.0,0,0,0,-9999.0,0.496826171875,1,P1_CV0,1,1,1,0,2
9,8.539752926394888,7.413552560728917,RD9_F2_m2f5_P2_Y23_UO192,RD2_F3_m6f9_P6_Y21_UO386,RD5_F2_m6f9_P6_Y21_UO383,MXY,1,0.0,0,0,0.0,0,0,0,-9999.0,0.496826171875,1,P1_CV0,1,0,2,0,2
9,8.539752926394888,7.413552560728917,RD9_F2_m2f5_P2_Y23_UO304,RD2_F6_m3f6_P3_Y21_UO75,RD5_F3_m5f2_P5_Y21_UO142,FXX,1,0.0,0,0,0.0,0,0,0,-9999.0,0.492919921875,1,P1_CV0,1,1,1,0,2
9,8.539752926394888,7.413552560728917,RD9_F2_m2f5_P2_Y23_UO305,RD2_F6_m3f6_P3_Y21_UO75,RD5_F3_m5f2_P5_Y21_UO142,FXX,1,0.0,0,0,0.0,0,0,0,-9999.0,0.492919921875,1,P1_CV0,1,1,1,0,2
9,8.539752926394888,7.413552560728917,RD9_F2_m2f3_P2_Y23_UO454,RD2_F6_m9f6_P9_Y21_UO426,RD3_F6_m2f6_P2_Y20_UO201,MXY,1,0.0,0,0,0.0,0,0,0,-9999.0,0.5135498046875,1,P1_CV0,1,0,2,0,2
9,8.539752926394888,7.413552560728917,RD9_F2_m9f2_P9_Y22_UO195,RD9_F2_m9f2_P9_Y20_UO645,RD2_F3_m5f2_P5_Y20_UO318,MXY,2,0.0,1,0,0.0,0,0,0,-9999.0,0.509521484375,1,P1_CV0,1,0,2,2,0
9,8.539752926394888,7.413552560728917,RD9_F6_m9f2_P9_Y22_UO359,RD9_F6_m2f3_P2_Y20_UO658,RD2_F3_m7f3_P7_Y20_UO412,FXX,2,0.0,1,0,1.0,0,0,0,-9999.0,0.5216064453125,1,P1_CV0,1,0,2,0,2
9,8.539752926394888,7.413552560728917,RD9_F6_m2f9_P2_Y22_UO185,RD2_F9_m2f6_P2_Y20_UO75,RD9_F6_m9f6_P9_Y20_UO355,MXY,2,0.0,1,0,0.0,0,0,0,-9999.0,0.5093994140625,1,P1_CV0,1,2,0,2,0
9,8.539752926394888,7.413552560728917,RD9_F6_m9f2_P9_Y22_UO671,RD9_F6_m2f3_P2_Y20_UO658,RD2_F3_m5f2_P5_Y20_UO318,MXY,2,0.0,1,0,0.0,0,0,0,-9999.0,0.5191650390625,1,P1_CV0,1,0,2,1,1
9,8.539752926394888,7.413552560728917,RD9_F6_m9f2_P9_Y22_UO670,RD9_F6_m2f3_P2_Y20_UO658,RD2_F3_m5f2_P5_Y20_UO318,FXX,2,0.0,1,0,1.0,0,0,0,-9999.0,0.5191650390625,1,P1_CV0,1,0,2,0,2
9,8.539752926394888,7.413552560728917,RD9_F6_m9f2_P9_Y22_UO669,RD9_F6_m2f3_P2_Y20_UO658,RD2_F3_m5f2_P5_Y20_UO318,FXX,2,0.0,1,0,1.0,0,0,0,-9999.0,0.5191650390625,1,P1_CV0,1,0,2,1,1
9,8.539752926394888,7.413552560728917,RD9_F6_m3f5_P3_Y22_UO379,RD3_F7_m3f5_P3_Y20_UO12,RD5_F3_m6f3_P6_Y17_UO417,MXY,2,0.0,1,0,0.0,0,0,0,-9999.0,0.5042724609375,1,P1_CV0,1,1,1,0,2
9,8.539752926394888,7.413552560728917,RD9_F2_m2f3_P2_Y23_UO194,RD2_F9_m2f9_P2_Y21_UO392,RD3_F6_m2f9_P2_Y21_UO48,FXX,1,0.0,0,0,0.0,0,0,0,-9999.0,0.4912109375,1,P2_CV0,1,1,1,1,1
9,8.539752926394888,7.413552560728917,RD9_F6_m6f2_P6_Y23_UO287,RD6_F9_m2f3_P2_Y21_UO290,RD2_F6_m2f9_P2_Y21_UO52,FXX,1,0.0,0,0,0.0,0,0,0,-9999.0,0.4835205078125,1,P2_CV0,1,0,2,1,1
9,8.539752926394888,7.413552560728917,RD9_F6_m6f2_P6_Y23_UO290,RD6_F9_m2f3_P2_Y21_UO290,RD2_F6_m2f9_P2_Y21_UO52,MXY,1,0.0,0,0,0.0,0,0,0,-9999.0,0.4835205078125,1,P2_CV0,1,1,1,1,1
9,8.539752926394888,7.413552560728917,RD9_F6_m6f2_P6_Y23_UO291,RD6_F9_m2f3_P2_Y21_UO290,RD2_F6_m2f9_P2_Y21_UO52,MXY,1,0.0,0,0,0.0,0,0,0,-9999.0,0.4835205078125,1,P2_CV0,1,0,2,1,1
9,8.539752926394888,7.413552560728917,RD9_F2_m2f3_P2_Y23_UO71,RD2_F6_m9f6_P9_Y21_UO426,RD3_F6_m9f6_P9_Y21_UO341,MXY,1,0.0,0,0,0.0,0,0,0,-9999.0,0.50634765625,1,P3_CV0,1,0,2,0,2
9,8.539752926394888,7.413552560728917,RD9_F2_m2f3_P2_Y23_UO74,RD2_F6_m9f6_P9_Y21_UO426,RD3_F6_m9f6_P9_Y21_UO341,MXY,1,0.0,0,0,0.0,0,0,0,-9999.0,0.50634765625,1,P3_CV0,1,0,2,0,2
9,8.539752926394888,7.413552560728917,RD9_F2_m2f5_P2_Y23_UO79,RD2_F6_m3f6_P3_Y21_UO75,RD5_F2_m9f2_P9_Y21_UO163,MXY,1,0.0,0,0,0.0,0,0,0,-9999.0,0.4927978515625,1,P3_CV0,1,0,2,1,1
9,8.539752926394888,7.413552560728917,RD9_F2_m2f5_P2_Y23_UO99,RD2_F6_m9f6_P9_Y21_UO426,RD5_F1_m1f5_P1_Y20_UO118,MXY,1,0.0,0,0,0.0,0,0,0,-9999.0,0.4949951171875,1,P3_CV0,1,2,0,0,2
9,8.539752926394888,7.413552560728917,RD9_F2_m2f5_P2_Y23_UO100,RD2_F6_m9f6_P9_Y21_UO426,RD5_F1_m1f5_P1_Y20_UO118,FXX,1,0.0,0,0,0.0,0,0,0,-9999.0,0.4949951171875,1,P3_CV0,1,1,1,0,2
9,8.539752926394888,7.413552560728917,RD9_F2_m2f3_P2_Y23_UO359,RD2_F3_m5f2_P5_Y21_UO138,RD3_F7_m3f7_P3_Y21_UO227,FXX,1,0.0,0,0,0.0,0,0,0,-9999.0,0.490966796875,1,P3_CV0,1,0,2,1,1
9,8.539752926394888,7.413552560728917,RD9_F2_m2f3_P2_Y23_UO360,RD2_F3_m5f2_P5_Y21_UO138,RD3_F7_m3f7_P3_Y21_UO227,MXY,1,0.0,0,0,0.0,0,0,0,-9999.0,0.490966796875,1,P3_CV0,1,0,2,0,2
9,8.539752926394888,7.413552560728917,RD9_F2_m2f3_P2_Y23_UO361,RD2_F3_m5f2_P5_Y21_UO138,RD3_F7_m3f7_P3_Y21_UO227,FXX,1,0.0,0,0,0.0,0,0,0,-9999.0,0.490966796875,1,P3_CV0,1,0,2,0,2
9,8.539752926394888,7.413552560728917,RD9_F2_m2f3_P2_Y23_UO448,RD2_F6_m9f6_P9_Y21_UO426,RD3_F6_m2f6_P2_Y20_UO201,FXX,1,0.0,0,0,0.0,0,0,0,-9999.0,0.5135498046875,1,P3_CV0,1,1,1,0,2
9,8.539752926394888,7.413552560728917,RD9_F2_m2f3_P2_Y23_UO450,RD2_F6_m9f6_P9_Y21_UO426,RD3_F6_m2f6_P2_Y20_UO201,FXX,1,0.0,0,0,0.0,0,0,0,-9999.0,0.5135498046875,1,P3_CV0,1,1,1,0,2
9,8.539752926394888,7.413552560728917,RD9_F6_m6f2_P6_Y23_UO105,RD6_F3_m2f3_P2_Y21_UO400,RD2_F5_m5f2_P5_Y20_UO268,MXY,1,0.0,0,0,0.0,0,0,0,-9999.0,0.5062255859375,1,P3_CV0,1,0,2,2,0
9,8.539752926394888,7.413552560728917,RD9_F6_m6f2_P6_Y23_UO111,RD6_F3_m2f3_P2_Y21_UO400,RD2_F5_m5f2_P5_Y20_UO268,FXX,1,0.0,0,0,0.0,0,0,0,-9999.0,0.5062255859375,1,P3_CV0,1,0,2,2,0
9,8.539752926394888,7.413552560728917,RD9_F6_m6f2_P6_Y23_UO112,RD6_F3_m2f3_P2_Y21_UO400,RD2_F5_m5f2_P5_Y20_UO268,MXY,1,0.0,0,0,0.0,0,0,0,-9999.0,0.5062255859375,1,P3_CV0,1,0,2,0,2
9,8.539752926394888,7.413552560728917,RD9_F6_m6f2_P6_Y23_UO116,RD6_F3_m2f3_P2_Y21_UO400,RD2_F5_m5f2_P5_Y20_UO268,FXX,1,0.0,0,0,0.0,0,0,0,-9999.0,0.5062255859375,1,P3_CV0,1,0,2,0,2
9,8.539752926394888,7.413552560728917,RD9_F2_m6f3_P6_Y22_UO409,RD6_F3_m7f3_P7_Y20_UO407,RD3_F7_m4f8_P4_Y20_UO537,FXX,2,0.0,1,0,1.0,0,0,0,-9999.0,0.5281982421875,1,P3_CV0,1,1,1,0,2
9,8.539752926394888,7.413552560728917,RD9_F2_m5f3_P5_Y22_UO563,RD5_F1_m5f1_P5_Y20_UO479,RD3_F7_m4f7_P4_Y20_UO214,MXY,2,0.0,1,0,0.0,0,0,0,-9999.0,0.5224609375,1,P3_CV0,1,0,2,1,1
9,8.539752926394888,7.413552560728917,RD9_F6_m2f5_P2_Y22_UO538,RD2_F6_m3f5_P3_Y20_UO682,RD5_F3_m6f3_P6_Y20_UO85,MXY,2,0.0,1,0,0.0,0,0,0,-9999.0,0.504150390625,1,P3_CV0,1,1,1,1,1
9,8.539752926394888,7.413552560728917,RD9_F6_m9f2_P9_Y22_UO652,RD9_F6_m9f6_P9_Y20_UO16,RD2_F6_m2f6_P2_Y20_UO441,MXY,2,0.0,1,0,0.0,0,0,0,-9999.0,0.508544921875,1,P3_CV0,1,1,1,1,1
9,8.539752926394888,7.413552560728917,RD9_F6_m9f2_P9_Y22_UO441,RD9_F6_m9f2_P9_Y20_UO143,RD2_F6_m2f6_P2_Y20_UO441,MXY,2,0.0,1,0,0.0,0,0,0,-9999.0,0.51806640625,1,P3_CV0,1,1,1,1,1
9,8.539752926394888,7.413552560728917,RD9_F6_m3f7_P3_Y22_UO10,RD3_F2_m6f9_P6_Y20_UO690,RD7_F4_m7f4_P7_Y20_UO597,MXY,2,0.0,1,0,0.0,0,0,0,-9999.0,0.5106201171875,1,P3_CV0,1,2,0,1,1
9,8.539752926394888,7.413552560728917,RD9_F2_m5f2_P5_Y21_UO138,RD5_F1_m5f2_P5_Y19_UO240,RD2_F9_m6f9_P6_Y19_UO209,FXX,3,0.0,1,0,1.0,0,0,0,-9999.0,0.488037109375,1,P3_CV0,1,0,2,0,2
9,8.539752926394888,7.413552560728917,RD9_F2_m4f8_P4_Y20_UO572,RD4_F7_m4f8_P4_Y18_UO242,RD8_F4_m8f4_P8_Y18_UO469,MXY,4,0.0,1,0,0.0,0,0,0,-9999.0,0.521484375,1,P3_CV0,1,2,0,2,0
9,8.539752926394888,7.413552560728917,RD9_F2_m2f5_P2_Y23_UO76,RD2_F6_m3f6_P3_Y21_UO75,RD5_F2_m9f2_P9_Y21_UO163,MXY,1,0.0,0,0,0.0,0,0,0,-9999.0,0.4927978515625,1,P4_CV0,1,0,2,1,1
9,8.539752926394888,7.413552560728917,RD9_F2_m2f5_P2_Y23_UO77,RD2_F6_m3f6_P3_Y21_UO75,RD5_F2_m9f2_P9_Y21_UO163,MXY,1,0.0,0,0,0.0,0,0,0,-9999.0,0.4927978515625,1,P4_CV0,1,0,2,1,1
9,8.539752926394888,7.413552560728917,RD9_F2_m2f5_P2_Y23_UO81,RD2_F6_m3f6_P3_Y21_UO75,RD5_F2_m9f2_P9_Y21_UO163,FXX,1,0.0,0,0,0.0,0,0,0,-9999.0,0.4927978515625,1,P4_CV0,1,0,2,0,2
9,8.539752926394888,7.413552560728917,RD9_F2_m2f5_P2_Y23_UO129,RD2_F9_m2f9_P2_Y21_UO392,RD5_F1_m5f3_P5_Y21_UO198,FXX,1,0.0,0,0,0.0,0,0,0,-9999.0,0.502197265625,1,P4_CV0,1,2,0,2,0
9,8.539752926394888,7.413552560728917,RD9_F2_m2f6_P2_Y23_UO169,RD2_F9_m2f9_P2_Y21_UO392,RD6_F3_m6f2_P6_Y21_UO235,FXX,1,0.0,0,0,0.0,0,0,0,-9999.0,0.50390625,1,P4_CV0,1,2,0,2,0
9,8.539752926394888,7.413552560728917,RD9_F2_m2f6_P2_Y23_UO170,RD2_F9_m2f9_P2_Y21_UO392,RD6_F3_m6f2_P6_Y21_UO235,MXY,1,0.0,0,0,0.0,0,0,0,-9999.0,0.50390625,1,P4_CV0,1,2,0,2,0
9,8.539752926394888,7.413552560728917,RD9_F2_m2f5_P2_Y23_UO220,RD2_F6_m2f9_P2_Y21_UO388,RD5_F2_m6f9_P6_Y20_UO688,MXY,1,0.0,0,0,0.0,0,0,0,-9999.0,0.5013427734375,1,P4_CV0,1,1,1,2,0
9,8.539752926394888,7.413552560728917,RD9_F2_m2f5_P2_Y23_UO306,RD2_F6_m3f6_P3_Y21_UO75,RD5_F3_m5f2_P5_Y21_UO142,FXX,1,0.0,0,0,0.0,0,0,0,-9999.0,0.492919921875,1,P4_CV0,1,1,1,1,1
9,8.539752926394888,7.413552560728917,RD9_F6_m6f2_P6_Y23_UO104,RD6_F3_m2f3_P2_Y21_UO400,RD2_F5_m5f2_P5_Y20_UO268,FXX,1,0.0,0,0,0.0,0,0,0,-9999.0,0.5062255859375,1,P4_CV0,1,0,2,2,0
9,8.539752926394888,7.413552560728917,RD9_F6_m6f2_P6_Y23_UO113,RD6_F3_m2f3_P2_Y21_UO400,RD2_F5_m5f2_P5_Y20_UO268,FXX,1,0.0,0,0,0.0,0,0,0,-9999.0,0.5062255859375,1,P4_CV0,1,0,2,1,1
9,8.539752926394888,7.413552560728917,RD9_F6_m6f2_P6_Y23_UO115,RD6_F3_m2f3_P2_Y21_UO400,RD2_F5_m5f2_P5_Y20_UO268,FXX,1,0.0,0,0,0.0,0,0,0,-9999.0,0.5062255859375,1,P4_CV0,1,0,2,1,1
9,8.539752926394888,7.413552560728917,RD9_F6_m9f6_P9_Y22_UO306,RD9_F2_m3f2_P3_Y20_UO487,RD6_F2_m3f6_P3_Y20_UO581,FXX,2,0.0,1,0,1.0,0,0,0,-9999.0,0.510498046875,1,P4_CV0,1,1,1,2,0
9,8.539752926394888,7.413552560728917,RD9_F6_m9f2_P9_Y22_UO361,RD9_F6_m2f3_P2_Y20_UO658,RD2_F3_m7f3_P7_Y20_UO412,MXY,2,0.0,1,0,0.0,0,0,0,-9999.0,0.5216064453125,1,P4_CV0,1,0,2,0,2
9,8.539752926394888,7.413552560728917,RD9_F6_m2f5_P2_Y22_UO426,RD2_F3_m7f3_P7_Y20_UO39,RD5_F1_m5f3_P5_Y20_UO434,MXY,2,0.0,1,0,0.0,0,0,0,-9999.0,0.5115966796875,1,P4_CV0,1,1,1,1,1
9,8.539752926394888,7.413552560728917,RD9_F6_m9f6_P9_Y22_UO304,RD9_F2_m3f2_P3_Y20_UO487,RD6_F2_m3f6_P3_Y20_UO581,MXY,2,0.0,1,0,0.0,0,0,0,-9999.0,0.510498046875,1,P4_CV0,1,1,1,1,1
9,8.539752926394888,7.413552560728917,RD9_F2_m2f5_P2_Y23_UO189,RD2_F3_m6f9_P6_Y21_UO386,RD5_F2_m6f9_P6_Y21_UO383,MXY,1,0.0,0,0,0.0,0,0,0,-9999.0,0.496826171875,1,P5_CV0,1,2,0,0,2
9,8.539752926394888,7.413552560728917,RD9_F2_m2f3_P2_Y23_UO358,RD2_F3_m5f2_P5_Y21_UO138,RD3_F7_m3f7_P3_Y21_UO227,FXX,1,0.0,0,0,0.0,0,0,0,-9999.0,0.490966796875,1,P5_CV0,1,0,2,1,1
9,8.539752926394888,7.413552560728917,RD9_F6_m3f6_P3_Y22_UO251,RD3_F7_m3f5_P3_Y20_UO12,RD6_F2_m3f5_P3_Y20_UO24,FXX,2,0.0,1,0,1.0,0,0,0,-9999.0,0.5106201171875,1,P5_CV0,1,0,2,0,2
9,8.539752926394888,7.413552560728917,RD9_F6_m9f6_P9_Y22_UO587,RD9_F6_m9f6_P9_Y20_UO250,RD6_F3_m9f6_P9_Y19_UO72,MXY,2,0.0,1,0,0.0,0,0,0,-9999.0,0.5084228515625,1,P5_CV0,1,0,2,2,0
9,8.539752926394888,7.413552560728917,RD9_F6_m9f2_P9_Y22_UO341,RD9_F6_m9f6_P9_Y20_UO462,RD2_F9_m9f6_P9_Y19_UO251,FXX,2,0.0,1,0,1.0,0,0,0,-9999.0,0.494384765625,1,P5_CV0,1,0,2,1,1
9,8.539752926394888,7.413552560728917,RD9_F6_m3f6_P3_Y22_UO54,RD3_F7_m3f7_P3_Y20_UO399,RD6_F3_m9f6_P9_Y19_UO72,MXY,2,0.0,1,0,0.0,0,0,0,-9999.0,0.5118408203125,1,P5_CV0,1,1,1,2,0
9,8.539752926394888,7.413552560728917,RD9_F6_m9f2_P9_Y22_UO340,RD9_F6_m9f6_P9_Y20_UO462,RD2_F9_m9f6_P9_Y19_UO251,MXY,2,0.0,1,0,0.0,0,0,0,-9999.0,0.494384765625,1,P5_CV0,1,1,1,2,0
9,8.539752926394888,7.413552560728917,RD9_F2_m2f6_P2_Y23_UO122,RD2_F6_m9f6_P9_Y21_UO426,RD6_F2_m7f3_P7_Y20_UO148,FXX,1,0.0,0,0,0.0,0,0,0,-9999.0,0.5118408203125,1,P6_CV0,1,1,1,1,1
9,8.539752926394888,7.413552560728917,RD9_F2_m2f6_P2_Y23_UO123,RD2_F6_m9f6_P9_Y21_UO426,RD6_F2_m7f3_P7_Y20_UO148,MXY,1,0.0,0,0,0.0,0,0,0,-9999.0,0.5118408203125,1,P6_CV0,1,0,2,1,1
9,8.539752926394888,7.413552560728917,RD9_F2_m6f2_P6_Y22_UO45,RD6_F9_m2f6_P2_Y20_UO95,RD2_F9_m9f6_P9_Y19_UO251,MXY,2,0.0,1,0,0.0,0,0,0,-9999.0,0.5126953125,1,P6_CV0,1,0,2,0,2
9,8.539752926394888,7.413552560728917,RD9_F6_m9f2_P9_Y22_UO289,RD9_F2_m9f6_P9_Y20_UO335,RD2_F3_m7f3_P7_Y20_UO148,FXX,2,0.0,1,0,1.0,0,0,0,-9999.0,0.515869140625,1,P6_CV0,1,1,1,2,0
9,8.539752926394888,7.413552560728917,RD9_F2_m3f2_P3_Y22_UO107,RD3_F7_m3f2_P3_Y20_UO206,RD2_F6_m3f2_P3_Y20_UO208,FXX,2,0.0,1,0,1.0,0,0,0,-9999.0,0.515869140625,1,P7_CV0,1,1,1,2,0
9,8.539752926394888,7.413552560728917,RD9_F2_m2f6_P2_Y23_UO225,RD2_F3_m6f9_P6_Y21_UO414,RD6_F2_m7f3_P7_Y20_UO148,MXY,1,0.0,0,0,0.0,0,0,0,-9999.0,0.510986328125,1,P8_CV0,1,1,1,2,0
9,8.539752926394888,7.413552560728917,RD9_F6_m6f9_P6_Y23_UO362,RD6_F9_m2f5_P2_Y21_UO154,RD9_F2_m6f9_P6_Y21_UO415,MXY,1,0.0,0,0,0.0,0,0,0,-9999.0,0.503662109375,1,P8_CV0,1,1,1,0,2
9,8.539752926394888,7.413552560728917,RD9_F6_m6f9_P6_Y23_UO363,RD6_F9_m2f5_P2_Y21_UO154,RD9_F2_m6f9_P6_Y21_UO415,FXX,1,0.0,0,0,0.0,0,0,0,-9999.0,0.503662109375,1,P8_CV0,1,0,2,0,2
9,8.539752926394888,7.413552560728917,RD9_F6_m6f9_P6_Y23_UO366,RD6_F9_m2f5_P2_Y21_UO154,RD9_F2_m6f9_P6_Y21_UO415,FXX,1,0.0,0,0,0.0,0,0,0,-9999.0,0.503662109375,1,P8_CV0,1,1,1,0,2
9,8.539752926394888,7.413552560728917,RD9_F6_m6f9_P6_Y23_UO367,RD6_F9_m2f5_P2_Y21_UO154,RD9_F2_m6f9_P6_Y21_UO415,MXY,1,0.0,0,0,0.0,0,0,0,-9999.0,0.503662109375,1,P8_CV0,1,2,0,0,2
9,8.539752926394888,7.413552560728917,RD9_F6_m6f9_P6_Y23_UO371,RD6_F9_m2f5_P2_Y21_UO154,RD9_F2_m6f9_P6_Y21_UO415,MXY,1,0.0,0,0,0.0,0,0,0,-9999.0,0.503662109375,1,P8_CV0,1,1,1,0,2
9,8.539752926394888,7.413552560728917,RD9_F6_m6f9_P6_Y23_UO372,RD6_F9_m2f5_P2_Y21_UO154,RD9_F2_m6f9_P6_Y21_UO415,MXY,1,0.0,0,0,0.0,0,0,0,-9999.0,0.503662109375,1,P8_CV0,1,0,2,0,2
9,8.539752926394888,7.413552560728917,RD9_F6_m6f9_P6_Y23_UO374,RD6_F9_m2f5_P2_Y21_UO154,RD9_F2_m6f9_P6_Y21_UO415,MXY,1,0.0,0,0,0.0,0,0,0,-9999.0,0.503662109375,1,P8_CV0,1,2,0,0,2
9,8.539752926394888,7.413552560728917,RD9_F2_m9f2_P9_Y22_UO343,RD9_F6_m9f6_P9_Y20_UO462,RD2_F9_m9f6_P9_Y19_UO251,FXX,2,0.0,1,0,1.0,0,0,0,-9999.0,0.494384765625,1,P8_CV0,1,0,2,2,0
9,8.539752926394888,7.413552560728917,RD9_F2_m6f3_P6_Y22_UO94,RD6_F3_m7f3_P7_Y20_UO281,RD3_F2_m9f6_P9_Y20_UO15,MXY,2,0.0,1,0,0.0,0,0,0,-9999.0,0.5018310546875,1,P8_CV0,1,0,2,0,2
9,8.539752926394888,7.413552560728917,RD9_F6_m9f6_P9_Y22_UO389,RD9_F2_m9f2_P9_Y20_UO645,RD6_F3_m6f3_P6_Y20_UO86,MXY,2,0.0,1,0,0.0,0,0,0,-9999.0,0.5086669921875,1,P8_CV0,1,0,2,0,2
9,8.539752926394888,7.413552560728917,RD9_F6_m9f6_P9_Y22_UO385,RD9_F2_m9f2_P9_Y20_UO645,RD6_F3_m6f3_P6_Y20_UO86,FXX,2,0.0,1,0,1.0,0,0,0,-9999.0,0.5086669921875,1,P8_CV0,1,1,1,0,2
