PatchID,XCOORD,YCOORD,ID,MID,FID,sex,age,size,mature,newmature,layeggs,capture,recapture,state,CDist,Hindex,Species,ClassFile,SubPatchID,L0A0,L0A1,L1A0,L1A1
1,4.359949021420038,0.38889347741837,RD1_F5_m5f1_P5_Y22_UO223,RD5_F2_m5f1_P5_Y20_UO264,RD1_F5_m1f5_P1_Y20_UO262,FXX,1,0.0,0,0,0.0,0,0,0,-9999.0,0.50732421875,1,P1_CV0,1,0,2,1,1
1,4.359949021420038,0.38889347741837,RD1_F5_m5f3_P5_Y22_UO302,RD5_F1_m5f2_P5_Y20_UO43,RD3_F6_m9f6_P9_Y18_UO158,FXX,1,0.0,0,0,0.0,0,0,0,-9999.0,0.518798828125,1,P1_CV0,1,1,1,1,1
1,4.359949021420038,0.38889347741837,RD1_F5_m5f1_P5_Y22_UO412,RD5_F1_m5f3_P5_Y20_UO525,RD1_F5_m1f5_P1_Y20_UO262,FXX,1,0.0,0,0,0.0,0,0,0,-9999.0,0.5146484375,1,P1_CV0,1,0,2,2,0
1,4.359949021420038,0.38889347741837,RD1_F5_m5f1_P5_Y22_UO413,RD5_F1_m5f3_P5_Y20_UO525,RD1_F5_m1f5_P1_Y20_UO262,FXX,1,0.0,0,0,0.0,0,0,0,-9999.0,0.5146484375,1,P1_CV0,1,1,1,2,0
1,4.359949021420038,0.38889347741837,RD1_F5_m5f1_P5_Y22_UO415,RD5_F1_m5f3_P5_Y20_UO525,RD1_F5_m1f5_P1_Y20_UO262,FXX,1,0.0,0,0,0.0,0,0,0,-9999.0,0.5146484375,1,P1_CV0,1,0,2,2,0
1,4.359949021420038,0.38889347741837,RD1_F5_m5f1_P5_Y22_UO657,RD5_F1_m5f2_P5_Y20_UO575,RD1_F5_m5f2_P5_Y19_UO243,FXX,1,0.0,0,0,0.0,0,0,0,-9999.0,0.4884033203125,1,P1_CV0,1,0,2,0,2
1,4.359949021420038,0.38889347741837,RD1_F5_m5f1_P5_Y22_UO658,RD5_F1_m5f2_P5_Y20_UO575,RD1_F5_m5f2_P5_Y19_UO243,FXX,1,0.0,0,0,0.0,0,0,0,-9999.0,0.4884033203125,1,P1_CV0,1,1,1,0,2
1,4.359949021420038,0.38889347741837,RD1_F5_m5f2_P5_Y20_UO177,RD5_F1_m5f1_P5_Y18_UO393,RD2_F6_m9f6_P9_Y18_UO109,MXY,3,0.0,1,0,0.0,0,0,0,-9999.0,0.511962890625,1,P1_CV0,1,0,2,0,2
1,4.359949021420038,0.38889347741837,RD1_F5_m5f3_P5_Y22_UO2,RD5_F1_m5f1_P5_Y20_UO523,RD3_F7_m3f6_P3_Y18_UO416,MXY,1,0.0,0,0,0.0,0,0,0,-9999.0,0.5142822265625,1,P3_CV0,1,2,0,0,2
1,4.359949021420038,0.38889347741837,RD1_F5_m5f3_P5_Y22_UO3,RD5_F1_m5f1_P5_Y20_UO523,RD3_F7_m3f6_P3_Y18_UO416,FXX,1,0.0,0,0,0.0,0,0,0,-9999.0,0.5142822265625,1,P3_CV0,1,2,0,0,2
1,4.359949021420038,0.38889347741837,RD1_F5_m5f3_P5_Y22_UO4,RD5_F1_m5f1_P5_Y20_UO523,RD3_F7_m3f6_P3_Y18_UO416,FXX,1,0.0,0,0,0.0,0,0,0,-9999.0,0.5142822265625,1,P3_CV0,1,2,0,1,1
1,4.359949021420038,0.38889347741837,RD1_F5_m5f2_P5_Y22_UO277,RD5_F1_m5f3_P5_Y20_UO473,RD2_F9_m6f9_P6_Y20_UO688,MXY,1,0.0,0,0,0.0,0,0,0,-9999.0,0.5013427734375,1,P3_CV0,1,0,2,2,0
1,4.359949021420038,0.38889347741837,RD1_F5_m5f2_P5_Y22_UO278,RD5_F1_m5f3_P5_Y20_UO473,RD2_F9_m6f9_P6_Y20_UO688,FXX,1,0.0,0,0,0.0,0,0,0,-9999.0,0.5013427734375,1,P3_CV0,1,0,2,2,0
1,4.359949021420038,0.38889347741837,RD1_F5_m5f1_P5_Y22_UO352,RD5_F1_m5f3_P5_Y20_UO282,RD1_F5_m1f5_P1_Y20_UO118,MXY,1,0.0,0,0,0.0,0,0,0,-9999.0,0.505615234375,1,P3_CV0,1,1,1,2,0
1,4.359949021420038,0.38889347741837,RD1_F5_m5f1_P5_Y22_UO353,RD5_F1_m5f3_P5_Y20_UO282,RD1_F5_m1f5_P1_Y20_UO118,FXX,1,0.0,0,0,0.0,0,0,0,-9999.0,0.505615234375,1,P3_CV0,1,1,1,1,1
1,4.359949021420038,0.38889347741837,RD1_F5_m5f1_P5_Y22_UO354,RD5_F1_m5f3_P5_Y20_UO282,RD1_F5_m1f5_P1_Y20_UO118,MXY,1,0.0,0,0,0.0,0,0,0,-9999.0,0.505615234375,1,P3_CV0,1,1,1,1,1
1,4.359949021420038,0.38889347741837,RD1_F5_m5f2_P5_Y22_UO397,RD5_F1_m5f3_P5_Y20_UO158,RD2_F6_m3f6_P3_Y20_UO348,FXX,1,0.0,0,0,0.0,0,0,0,-9999.0,0.5084228515625,1,P3_CV0,1,2,0,1,1
1,4.359949021420038,0.38889347741837,RD1_F5_m5f3_P5_Y22_UO506,RD5_F3_m2f5_P2_Y20_UO605,RD3_F5_m1f5_P1_Y20_UO106,MXY,1,0.0,0,0,0.0,0,0,0,-9999.0,0.502197265625,1,P3_CV0,1,1,1,1,1
1,4.359949021420038,0.38889347741837,RD1_F5_m5f3_P5_Y22_UO508,RD5_F3_m2f5_P2_Y20_UO605,RD3_F5_m1f5_P1_Y20_UO106,MXY,1,0.0,0,0,0.0,0,0,0,-9999.0,0.502197265625,1,P3_CV0,1,1,1,1,1
1,4.359949021420038,0.38889347741837,RD1_F5_m5f3_P5_Y22_UO510,RD5_F1_m5f2_P5_Y20_UO43,RD3_F7_m3f6_P3_Y18_UO416,MXY,1,0.0,0,0,0.0,0,0,0,-9999.0,0.5068359375,1,P3_CV0,1,0,2,2,0
1,4.359949021420038,0.38889347741837,RD1_F5_m5f3_P5_Y22_UO511,RD5_F1_m5f2_P5_Y20_UO43,RD3_F7_m3f6_P3_Y18_UO416,MXY,1,0.0,0,0,0.0,0,0,0,-9999.0,0.5068359375,1,P3_CV0,1,2,0,2,0
1,4.359949021420038,0.38889347741837,RD1_F5_m5f3_P5_Y22_UO512,RD5_F1_m5f2_P5_Y20_UO43,RD3_F7_m3f6_P3_Y18_UO416,MXY,1,0.0,0,0,0.0,0,0,0,-9999.0,0.5068359375,1,P3_CV0,1,1,1,2,0
1,4.359949021420038,0.38889347741837,RD1_F5_m5f3_P5_Y22_UO513,RD5_F1_m5f2_P5_Y20_UO43,RD3_F7_m3f6_P3_Y18_UO416,MXY,1,0.0,0,0,0.0,0,0,0,-9999.0,0.5068359375,1,P3_CV0,1,2,0,1,1
1,4.359949021420038,0.38889347741837,RD1_F5_m5f1_P5_Y22_UO534,RD5_F1_m5f3_P5_Y20_UO282,RD1_F5_m1f5_P1_Y20_UO262,MXY,1,0.0,0,0,0.0,0,0,0,-9999.0,0.5135498046875,1,P3_CV0,1,1,1,0,2
1,4.359949021420038,0.38889347741837,RD1_F5_m5f1_P5_Y22_UO535,RD5_F1_m5f3_P5_Y20_UO282,RD1_F5_m1f5_P1_Y20_UO262,MXY,1,0.0,0,0,0.0,0,0,0,-9999.0,0.5135498046875,1,P3_CV0,1,1,1,2,0
1,4.359949021420038,0.38889347741837,RD1_F5_m5f1_P5_Y22_UO536,RD5_F1_m5f3_P5_Y20_UO282,RD1_F5_m1f5_P1_Y20_UO262,MXY,1,0.0,0,0,0.0,0,0,0,-9999.0,0.5135498046875,1,P3_CV0,1,1,1,1,1
1,4.359949021420038,0.38889347741837,RD1_F5_m5f2_P5_Y22_UO604,RD5_F1_m5f3_P5_Y20_UO470,RD2_F3_m5f2_P5_Y20_UO626,FXX,1,0.0,0,0,0.0,0,0,0,-9999.0,0.5018310546875,1,P3_CV0,1,0,2,1,1
1,4.359949021420038,0.38889347741837,RD1_F5_m5f2_P5_Y22_UO605,RD5_F1_m5f3_P5_Y20_UO470,RD2_F3_m5f2_P5_Y20_UO626,MXY,1,0.0,0,0,0.0,0,0,0,-9999.0,0.5018310546875,1,P3_CV0,1,2,0,1,1
1,4.359949021420038,0.38889347741837,RD1_F5_m5f2_P5_Y22_UO606,RD5_F1_m5f3_P5_Y20_UO470,RD2_F3_m5f2_P5_Y20_UO626,MXY,1,0.0,0,0,0.0,0,0,0,-9999.0,0.5018310546875,1,P3_CV0,1,1,1,2,0
1,4.359949021420038,0.38889347741837,RD1_F5_m5f2_P5_Y22_UO624,RD5_F1_m5f1_P5_Y20_UO307,RD2_F3_m5f2_P5_Y20_UO626,FXX,1,0.0,0,0,0.0,0,0,0,-9999.0,0.5048828125,1,P3_CV0,1,0,2,2,0
1,4.359949021420038,0.38889347741837,RD1_F5_m2f3_P2_Y21_UO398,RD2_F9_m2f3_P2_Y19_UO89,RD3_F5_m5f2_P5_Y18_UO269,FXX,2,0.0,1,0,1.0,0,0,0,-9999.0,0.499267578125,1,P3_CV0,1,0,2,2,0
1,4.359949021420038,0.38889347741837,RD1_F5_m2f5_P2_Y21_UO153,RD2_F9_m2f3_P2_Y19_UO89,RD5_F1_m5f2_P5_Y19_UO174,FXX,2,0.0,1,0,1.0,0,0,0,-9999.0,0.507568359375,1,P3_CV0,1,1,1,1,1
1,4.359949021420038,0.38889347741837,RD1_F5_m1f5_P1_Y21_UO307,RD1_F5_m1f5_P1_Y19_UO128,RD5_F3_m2f6_P2_Y19_UO283,MXY,2,0.0,1,0,0.0,0,0,0,-9999.0,0.493408203125,1,P3_CV0,1,0,2,0,2
1,4.359949021420038,0.38889347741837,RD1_F5_m5f3_P5_Y22_UO0,RD5_F1_m5f1_P5_Y20_UO523,RD3_F7_m3f6_P3_Y18_UO416,FXX,1,0.0,0,0,0.0,0,0,0,-9999.0,0.5142822265625,1,P4_CV0,1,1,1,0,2
1,4.359949021420038,0.38889347741837,RD1_F5_m5f3_P5_Y22_UO1,RD5_F1_m5f1_P5_Y20_UO523,RD3_F7_m3f6_P3_Y18_UO416,MXY,1,0.0,0,0,0.0,0,0,0,-9999.0,0.5142822265625,1,P4_CV0,1,2,0,1,1
1,4.359949021420038,0.38889347741837,RD1_F5_m5f1_P5_Y22_UO411,RD5_F1_m5f3_P5_Y20_UO525,RD1_F5_m1f5_P1_Y20_UO262,MXY,1,0.0,0,0,0.0,0,0,0,-9999.0,0.5146484375,1,P4_CV0,1,1,1,1,1
1,4.359949021420038,0.38889347741837,RD1_F5_m5f2_P5_Y22_UO432,RD5_F1_m5f2_P5_Y20_UO178,RD2_F5_m5f3_P5_Y19_UO203,FXX,1,0.0,0,0,0.0,0,0,0,-9999.0,0.5010986328125,1,P4_CV0,1,1,1,0,2
1,4.359949021420038,0.38889347741837,RD1_F5_m5f2_P5_Y22_UO433,RD5_F1_m5f2_P5_Y20_UO178,RD2_F5_m5f3_P5_Y19_UO203,FXX,1,0.0,0,0,0.0,0,0,0,-9999.0,0.5010986328125,1,P4_CV0,1,1,1,0,2
1,4.359949021420038,0.38889347741837,RD1_F5_m5f2_P5_Y22_UO434,RD5_F1_m5f2_P5_Y20_UO178,RD2_F5_m5f3_P5_Y19_UO203,FXX,1,0.0,0,0,0.0,0,0,0,-9999.0,0.5010986328125,1,P4_CV0,1,1,1,2,0
1,4.359949021420038,0.38889347741837,RD1_F5_m5f2_P5_Y22_UO435,RD5_F1_m5f2_P5_Y20_UO178,RD2_F5_m5f3_P5_Y19_UO203,FXX,1,0.0,0,0,0.0,0,0,0,-9999.0,0.5010986328125,1,P4_CV0,1,1,1,0,2
1,4.359949021420038,0.38889347741837,RD1_F5_m5f3_P5_Y22_UO577,RD5_F1_m5f2_P5_Y20_UO178,RD3_F6_m6f2_P6_Y19_UO3,FXX,1,0.0,0,0,0.0,0,0,0,-9999.0,0.5079345703125,1,P4_CV0,1,1,1,2,0
1,4.359949021420038,0.38889347741837,RD1_F5_m5f3_P5_Y22_UO578,RD5_F1_m5f2_P5_Y20_UO178,RD3_F6_m6f2_P6_Y19_UO3,FXX,1,0.0,0,0,0.0,0,0,0,-9999.0,0.5079345703125,1,P4_CV0,1,1,1,1,1
1,4.359949021420038,0.38889347741837,RD1_F5_m5f3_P5_Y22_UO579,RD5_F1_m5f2_P5_Y20_UO178,RD3_F6_m6f2_P6_Y19_UO3,FXX,1,0.0,0,0,0.0,0,0,0,-9999.0,0.5079345703125,1,P4_CV0,1,1,1,2,0
1,4.359949021420038,0.38889347741837,RD1_F5_m5f3_P5_Y22_UO581,RD5_F1_m5f2_P5_Y20_UO178,RD3_F6_m6f2_P6_Y19_UO3,MXY,1,0.0,0,0,0.0,0,0,0,-9999.0,0.5079345703125,1,P4_CV0,1,1,1,1,1
1,4.359949021420038,0.38889347741837,RD1_F5_m5f3_P5_Y22_UO582,RD5_F1_m5f3_P5_Y20_UO525,RD3_F2_m2f3_P2_Y19_UO344,FXX,1,0.0,0,0,0.0,0,0,0,-9999.0,0.512939453125,1,P4_CV0,1,2,0,1,1
1,4.359949021420038,0.38889347741837,RD1_F5_m5f3_P5_Y22_UO584,RD5_F1_m5f3_P5_Y20_UO525,RD3_F2_m2f3_P2_Y19_UO344,FXX,1,0.0,0,0,0.0,0,0,0,-9999.0,0.512939453125,1,P4_CV0,1,1,1,1,1
1,4.359949021420038,0.38889347741837,RD1_F5_m5f1_P5_Y22_UO600,RD5_F1_m5f1_P5_Y20_UO523,RD1_F5_m5f3_P5_Y19_UO202,MXY,1,0.0,0,0,0.0,0,0,0,-9999.0,0.5050048828125,1,P4_CV0,1,1,1,0,2
1,4.359949021420038,0.38889347741837,RD1_F5_m5f1_P5_Y22_UO602,RD5_F1_m5f1_P5_Y20_UO523,RD1_F5_m5f3_P5_Y19_UO202,FXX,1,0.0,0,0,0.0,0,0,0,-9999.0,0.5050048828125,1,P4_CV0,1,1,1,0,2
1,4.359949021420038,0.38889347741837,RD1_F5_m5f2_P5_Y22_UO627,RD5_F1_m5f1_P5_Y20_UO307,RD2_F3_m5f2_P5_Y20_UO626,FXX,1,0.0,0,0,0.0,0,0,0,-9999.0,0.5048828125,1,P4_CV0,1,1,1,1,1
1,4.359949021420038,0.38889347741837,RD1_F5_m5f1_P5_Y22_UO628,RD5_F3_m5f2_P5_Y20_UO269,RD1_F5_m1f5_P1_Y20_UO110,MXY,1,0.0,0,0,0.0,0,0,0,-9999.0,0.5008544921875,1,P4_CV0,1,0,2,1,1
1,4.359949021420038,0.38889347741837,RD1_F5_m5f1_P5_Y22_UO629,RD5_F3_m5f2_P5_Y20_UO269,RD1_F5_m1f5_P1_Y20_UO110,FXX,1,0.0,0,0,0.0,0,0,0,-9999.0,0.5008544921875,1,P4_CV0,1,1,1,2,0
1,4.359949021420038,0.38889347741837,RD1_F5_m5f1_P5_Y22_UO630,RD5_F3_m5f2_P5_Y20_UO269,RD1_F5_m1f5_P1_Y20_UO110,FXX,1,0.0,0,0,0.0,0,0,0,-9999.0,0.5008544921875,1,P4_CV0,1,1,1,2,0
1,4.359949021420038,0.38889347741837,RD1_F5_m5f1_P5_Y22_UO631,RD5_F3_m5f2_P5_Y20_UO269,RD1_F5_m1f5_P1_Y20_UO110,FXX,1,0.0,0,0,0.0,0,0,0,-9999.0,0.5008544921875,1,P4_CV0,1,1,1,2,0
1,4.359949021420038,0.38889347741837,RD1_F5_m5f1_P5_Y22_UO656,RD5_F1_m5f2_P5_Y20_UO575,RD1_F5_m5f2_P5_Y19_UO243,MXY,1,0.0,0,0,0.0,0,0,0,-9999.0,0.4884033203125,1,P4_CV0,1,1,1,0,2
1,4.359949021420038,0.38889347741837,RD1_F5_m1f5_P1_Y21_UO62,RD1_F5_m1f5_P1_Y19_UO129,RD5_F3_m2f6_P2_Y19_UO283,MXY,2,0.0,1,0,0.0,0,0,0,-9999.0,0.493408203125,1,P4_CV0,1,0,2,0,2
1,4.359949021420038,0.38889347741837,RD1_F5_m3f7_P3_Y21_UO221,RD3_F6_m9f2_P9_Y19_UO316,RD7_F3_m5f3_P5_Y19_UO222,MXY,2,0.0,1,0,0.0,0,0,0,-9999.0,0.493896484375,1,P4_CV0,1,0,2,1,1
1,4.359949021420038,0.38889347741837,RD1_F5_m5f3_P5_Y20_UO525,RD5_F3_m7f3_P7_Y18_UO297,RD3_F2_m6f9_P6_Y18_UO490,FXX,3,0.0,1,0,1.0,0,0,0,-9999.0,0.52490234375,1,P4_CV0,1,1,1,2,0
1,4.359949021420038,0.38889347741837,RD1_F5_m5f3_P5_Y22_UO254,RD5_F3_m6f3_P6_Y20_UO186,RD3_F7_m3f2_P3_Y20_UO101,FXX,1,0.0,0,0,0.0,0,0,0,-9999.0,0.5010986328125,1,P5_CV0,1,1,1,0,2
1,4.359949021420038,0.38889347741837,RD1_F5_m5f2_P5_Y22_UO401,RD5_F1_m5f3_P5_Y20_UO158,RD2_F6_m2f5_P2_Y20_UO475,FXX,1,0.0,0,0,0.0,0,0,0,-9999.0,0.5115966796875,1,P5_CV0,1,2,0,1,1
1,4.359949021420038,0.38889347741837,RD1_F5_m5f2_P5_Y22_UO402,RD5_F1_m5f3_P5_Y20_UO158,RD2_F6_m2f5_P2_Y20_UO475,MXY,1,0.0,0,0,0.0,0,0,0,-9999.0,0.5115966796875,1,P5_CV0,1,1,1,1,1
1,4.359949021420038,0.38889347741837,RD1_F5_m5f3_P5_Y22_UO566,RD5_F1_m5f1_P5_Y20_UO479,RD3_F7_m4f7_P4_Y20_UO214,FXX,1,0.0,0,0,0.0,0,0,0,-9999.0,0.5224609375,1,P5_CV0,1,1,1,2,0
1,4.359949021420038,0.38889347741837,RD1_F5_m3f6_P3_Y21_UO80,RD3_F2_m9f6_P9_Y19_UO30,RD6_F9_m2f9_P2_Y18_UO218,FXX,2,0.0,1,0,1.0,0,0,0,-9999.0,0.497802734375,1,P5_CV0,1,0,2,1,1
1,4.359949021420038,0.38889347741837,RD1_F5_m5f1_P5_Y22_UO225,RD5_F2_m5f1_P5_Y20_UO264,RD1_F5_m1f5_P1_Y20_UO262,FXX,1,0.0,0,0,0.0,0,0,0,-9999.0,0.50732421875,1,P8_CV0,1,0,2,1,1
1,4.359949021420038,0.38889347741837,RD1_F5_m5f3_P5_Y22_UO252,RD5_F3_m6f3_P6_Y20_UO186,RD3_F7_m3f2_P3_Y20_UO101,FXX,1,0.0,0,0,0.0,0,0,0,-9999.0,0.5010986328125,1,P8_CV0,1,1,1,1,1
1,4.359949021420038,0.38889347741837,RD1_F5_m5f3_P5_Y22_UO253,RD5_F3_m6f3_P6_Y20_UO186,RD3_F7_m3f2_P3_Y20_UO101,FXX,1,0.0,0,0,0.0,0,0,0,-9999.0,0.5010986328125,1,P8_CV0,1,1,1,2,0
1,4.359949021420038,0.38889347741837,RD1_F5_m5f1_P5_Y22_UO255,RD5_F2_m9f6_P9_Y20_UO329,RD1_F5_m1f5_P1_Y20_UO317,FXX,1,0.0,0,0,0.0,0,0,0,-9999.0,0.5015869140625,1,P8_CV0,1,1,1,2,0
1,4.359949021420038,0.38889347741837,RD1_F5_m5f1_P5_Y22_UO256,RD5_F2_m9f6_P9_Y20_UO329,RD1_F5_m1f5_P1_Y20_UO317,MXY,1,0.0,0,0,0.0,0,0,0,-9999.0,0.5015869140625,1,P8_CV0,1,1,1,1,1
1,4.359949021420038,0.38889347741837,RD1_F5_m1f5_P1_Y21_UO332,RD1_F5_m1f5_P1_Y19_UO128,RD5_F1_m5f1_P5_Y19_UO80,FXX,2,0.0,1,0,1.0,0,0,0,-9999.0,0.50341796875,1,P8_CV0,1,0,2,1,1
1,4.359949021420038,0.38889347741837,RD1_F5_m6f3_P6_Y20_UO186,RD6_F3_m6f2_P6_Y18_UO617,RD3_F6_m2f6_P2_Y17_UO382,FXX,3,0.0,1,0,1.0,0,0,0,-9999.0,0.498779296875,1,P8_CV0,1,1,1,1,1
2,5.496624778787091,6.529835889274153,RD2_F9_m9f6_P9_Y22_UO585,RD9_F6_m9f6_P9_Y20_UO250,RD6_F3_m9f6_P9_Y19_UO72,MXY,1,0.0,0,0,0.0,0,0,0,-9999.0,0.5084228515625,1,P0_CV0,1,0,2,1,1
2,5.496624778787091,6.529835889274153,RD2_F9_m9f6_P9_Y22_UO588,RD9_F6_m9f6_P9_Y20_UO250,RD6_F2_m9f2_P9_Y20_UO497,FXX,1,0.0,0,0,0.0,0,0,0,-9999.0,0.509521484375,1,P0_CV0,1,1,1,2,0
2,5.496624778787091,6.529835889274153,RD2_F9_m9f6_P9_Y22_UO590,RD9_F6_m9f6_P9_Y20_UO250,RD6_F2_m9f2_P9_Y20_UO497,MXY,1,0.0,0,0,0.0,0,0,0,-9999.0,0.509521484375,1,P0_CV0,1,0,2,2,0
2,5.496624778787091,6.529835889274153,RD2_F9_m9f6_P9_Y22_UO554,RD9_F6_m9f6_P9_Y20_UO250,RD6_F9_m6f3_P6_Y20_UO81,FXX,1,0.0,0,0,0.0,0,0,0,-9999.0,0.50244140625,1,P0_CV0,1,0,2,1,1
2,5.496624778787091,6.529835889274153,RD2_F3_m7f4_P7_Y21_UO350,RD7_F3_m7f3_P7_Y19_UO353,RD4_F7_m8f4_P8_Y18_UO63,FXX,2,0.0,1,0,1.0,0,0,0,-9999.0,0.517822265625,1,P0_CV0,1,0,2,2,0
2,5.496624778787091,6.529835889274153,RD2_F3_m3f6_P3_Y22_UO246,RD3_F7_m3f5_P3_Y20_UO12,RD6_F2_m3f5_P3_Y20_UO24,MXY,1,0.0,0,0,0.0,0,0,0,-9999.0,0.5106201171875,1,P1_CV0,1,0,2,0,2
2,5.496624778787091,6.529835889274153,RD2_F9_m9f2_P9_Y22_UO668,RD9_F6_m2f3_P2_Y20_UO658,RD2_F3_m5f2_P5_Y20_UO318,FXX,1,0.0,0,0,0.0,0,0,0,-9999.0,0.5191650390625,1,P1_CV0,1,0,2,0,2
2,5.496624778787091,6.529835889274153,RD2_F9_m9f2_P9_Y22_UO667,RD9_F6_m2f3_P2_Y20_UO658,RD2_F3_m5f2_P5_Y20_UO318,FXX,1,0.0,0,0,0.0,0,0,0,-9999.0,0.5191650390625,1,P1_CV0,1,0,2,2,0
2,5.496624778787091,6.529835889274153,RD2_F3_m3f5_P3_Y22_UO382,RD3_F7_m3f5_P3_Y20_UO12,RD5_F3_m6f3_P6_Y17_UO417,FXX,1,0.0,0,0,0.0,0,0,0,-9999.0,0.5042724609375,1,P1_CV0,1,1,1,1,1
2,5.496624778787091,6.529835889274153,RD2_F3_m3f6_P3_Y22_UO247,RD3_F7_m3f5_P3_Y20_UO12,RD6_F2_m3f5_P3_Y20_UO24,FXX,1,0.0,0,0,0.0,0,0,0,-9999.0,0.5106201171875,1,P1_CV0,1,1,1,0,2
2,5.496624778787091,6.529835889274153,RD2_F9_m9f2_P9_Y22_UO21,RD9_F2_m9f2_P9_Y20_UO141,RD2_F9_m6f9_P6_Y20_UO543,MXY,1,0.0,0,0,0.0,0,0,0,-9999.0,0.51171875,1,P1_CV0,1,1,1,1,1
2,5.496624778787091,6.529835889274153,RD2_F9_m9f2_P9_Y22_UO195,RD9_F2_m9f2_P9_Y20_UO645,RD2_F3_m5f2_P5_Y20_UO318,MXY,1,0.0,0,0,0.0,0,0,0,-9999.0,0.509521484375,1,P1_CV0,1,0,2,2,0
2,5.496624778787091,6.529835889274153,RD2_F9_m9f6_P9_Y22_UO390,RD9_F2_m9f2_P9_Y20_UO645,RD6_F3_m6f3_P6_Y20_UO86,MXY,1,0.0,0,0,0.0,0,0,0,-9999.0,0.5086669921875,1,P1_CV0,1,1,1,1,1
2,5.496624778787091,6.529835889274153,RD2_F9_m9f2_P9_Y22_UO7,RD9_F6_m9f6_P9_Y20_UO250,RD2_F3_m6f2_P6_Y20_UO366,FXX,1,0.0,0,0,0.0,0,0,0,-9999.0,0.506103515625,1,P1_CV0,1,0,2,0,2
2,5.496624778787091,6.529835889274153,RD2_F9_m9f6_P9_Y22_UO387,RD9_F2_m9f2_P9_Y20_UO645,RD6_F3_m6f3_P6_Y20_UO86,FXX,1,0.0,0,0,0.0,0,0,0,-9999.0,0.5086669921875,1,P1_CV0,1,2,0,0,2
2,5.496624778787091,6.529835889274153,RD2_F9_m6f9_P6_Y21_UO385,RD6_F2_m9f6_P9_Y19_UO107,RD9_F6_m9f6_P9_Y19_UO49,MXY,2,0.0,1,0,0.0,0,0,0,-9999.0,0.496826171875,1,P1_CV0,1,1,1,1,1
2,5.496624778787091,6.529835889274153,RD2_F6_m3f5_P3_Y21_UO23,RD3_F6_m9f2_P9_Y19_UO317,RD5_F3_m5f3_P5_Y19_UO202,MXY,2,0.0,1,0,0.0,0,0,0,-9999.0,0.492919921875,1,P1_CV0,1,1,1,0,2
2,5.496624778787091,6.529835889274153,RD2_F6_m3f5_P3_Y21_UO32,RD3_F6_m9f2_P9_Y19_UO317,RD5_F3_m5f3_P5_Y19_UO202,FXX,2,0.0,1,0,1.0,0,0,0,-9999.0,0.492919921875,1,P1_CV0,1,1,1,1,1
2,5.496624778787091,6.529835889274153,RD2_F6_m3f2_P3_Y20_UO486,RD3_F2_m9f2_P9_Y18_UO400,RD2_F9_m1f5_P1_Y16_UO487,MXY,3,0.0,1,0,0.0,0,0,0,-9999.0,0.5126953125,1,P1_CV0,1,1,1,2,0
2,5.496624778787091,6.529835889274153,RD2_F6_m2f9_P2_Y21_UO52,RD2_F9_m6f2_P6_Y19_UO308,RD9_F2_m9f2_P9_Y17_UO151,MXY,2,0.0,1,0,0.0,0,0,0,-9999.0,0.477294921875,1,P2_CV0,1,1,1,1,1
2,5.496624778787091,6.529835889274153,RD2_F6_m6f3_P6_Y22_UO86,RD6_F3_m6f9_P6_Y20_UO164,RD3_F7_m4f7_P4_Y20_UO214,FXX,1,0.0,0,0,0.0,0,0,0,-9999.0,0.531005859375,1,P3_CV0,1,0,2,2,0
2,5.496624778787091,6.529835889274153,RD2_F6_m6f3_P6_Y22_UO408,RD6_F3_m7f3_P7_Y20_UO407,RD3_F7_m4f8_P4_Y20_UO537,FXX,1,0.0,0,0,0.0,0,0,0,-9999.0,0.5281982421875,1,P3_CV0,1,1,1,0,2
2,5.496624778787091,6.529835889274153,RD2_F9_m9f2_P9_Y22_UO236,RD9_F2_m3f2_P3_Y20_UO487,RD2_F6_m3f6_P3_Y20_UO348,MXY,1,0.0,0,0,0.0,0,0,0,-9999.0,0.506591796875,1,P3_CV0,1,0,2,1,1
2,5.496624778787091,6.529835889274153,RD2_F9_m9f2_P9_Y22_UO445,RD9_F6_m9f2_P9_Y20_UO143,RD2_F6_m2f6_P2_Y20_UO441,MXY,1,0.0,0,0,0.0,0,0,0,-9999.0,0.51806640625,1,P3_CV0,1,2,0,1,1
2,5.496624778787091,6.529835889274153,RD2_F9_m9f2_P9_Y22_UO234,RD9_F2_m3f2_P3_Y20_UO487,RD2_F6_m3f6_P3_Y20_UO348,MXY,1,0.0,0,0,0.0,0,0,0,-9999.0,0.506591796875,1,P3_CV0,1,1,1,1,1
2,5.496624778787091,6.529835889274153,RD2_F5_m5f3_P5_Y22_UO565,RD5_F1_m5f1_P5_Y20_UO479,RD3_F7_m4f7_P4_Y20_UO214,MXY,1,0.0,0,0,0.0,0,0,0,-9999.0,0.5224609375,1,P3_CV0,1,1,1,1,1
2,5.496624778787091,6.529835889274153,RD2_F6_m6f3_P6_Y22_UO409,RD6_F3_m7f3_P7_Y20_UO407,RD3_F7_m4f8_P4_Y20_UO537,FXX,1,0.0,0,0,0.0,0,0,0,-9999.0,0.5281982421875,1,P3_CV0,1,1,1,0,2
2,5.496624778787091,6.529835889274153,RD2_F3_m3f7_P3_Y22_UO8,RD3_F2_m6f9_P6_Y20_UO690,RD7_F4_m7f4_P7_Y20_UO597,FXX,1,0.0,0,0,0.0,0,0,0,-9999.0,0.5106201171875,1,P3_CV0,1,0,2,1,1
2,5.496624778787091,6.529835889274153,RD2_F9_m9f2_P9_Y22_UO446,RD9_F6_m9f2_P9_Y20_UO143,RD2_F6_m2f6_P2_Y20_UO441,MXY,1,0.0,0,0,0.0,0,0,0,-9999.0,0.51806640625,1,P3_CV0,1,2,0,2,0
2,5.496624778787091,6.529835889274153,RD2_F9_m9f2_P9_Y22_UO442,RD9_F6_m9f2_P9_Y20_UO143,RD2_F6_m2f6_P2_Y20_UO441,MXY,1,0.0,0,0,0.0,0,0,0,-9999.0,0.51806640625,1,P3_CV0,1,2,0,1,1
2,5.496624778787091,6.529835889274153,RD2_F5_m5f3_P5_Y22_UO563,RD5_F1_m5f1_P5_Y20_UO479,RD3_F7_m4f7_P4_Y20_UO214,MXY,1,0.0,0,0,0.0,0,0,0,-9999.0,0.5224609375,1,P3_CV0,1,0,2,1,1
2,5.496624778787091,6.529835889274153,RD2_F5_m5f2_P5_Y22_UO396,RD5_F1_m5f3_P5_Y20_UO158,RD2_F6_m3f6_P3_Y20_UO348,FXX,1,0.0,0,0,0.0,0,0,0,-9999.0,0.5084228515625,1,P3_CV0,1,2,0,1,1
2,5.496624778787091,6.529835889274153,RD2_F3_m3f2_P3_Y22_UO332,RD3_F2_m3f6_P3_Y20_UO155,RD2_F6_m3f6_P3_Y20_UO348,FXX,1,0.0,0,0,0.0,0,0,0,-9999.0,0.5098876953125,1,P3_CV0,1,1,1,1,1
2,5.496624778787091,6.529835889274153,RD2_F9_m9f2_P9_Y22_UO239,RD9_F2_m3f2_P3_Y20_UO487,RD2_F6_m3f6_P3_Y20_UO348,MXY,1,0.0,0,0,0.0,0,0,0,-9999.0,0.506591796875,1,P3_CV0,1,0,2,1,1
2,5.496624778787091,6.529835889274153,RD2_F6_m6f3_P6_Y22_UO410,RD6_F3_m7f3_P7_Y20_UO407,RD3_F7_m4f8_P4_Y20_UO537,MXY,1,0.0,0,0,0.0,0,0,0,-9999.0,0.5281982421875,1,P3_CV0,1,2,0,0,2
2,5.496624778787091,6.529835889274153,RD2_F6_m9f6_P9_Y21_UO426,RD9_F6_m9f6_P9_Y19_UO254,RD6_F9_m2f5_P2_Y19_UO249,FXX,2,0.0,1,0,1.0,0,0,0,-9999.0,0.50146484375,1,P3_CV0,1,1,1,0,2
2,5.496624778787091,6.529835889274153,RD2_F3_m5f2_P5_Y21_UO138,RD5_F1_m5f2_P5_Y19_UO240,RD2_F9_m6f9_P6_Y19_UO209,FXX,2,0.0,1,0,1.0,0,0,0,-9999.0,0.488037109375,1,P3_CV0,1,0,2,0,2
2,5.496624778787091,6.529835889274153,RD2_F6_m9f2_P9_Y21_UO114,RD9_F6_m9f6_P9_Y19_UO254,RD2_F9_m6f2_P6_Y19_UO310,MXY,2,0.0,1,0,0.0,0,0,0,-9999.0,0.48974609375,1,P3_CV0,1,0,2,0,2
2,5.496624778787091,6.529835889274153,RD2_F3_m6f3_P6_Y21_UO13,RD6_F3_m6f9_P6_Y19_UO220,RD3_F5_m5f2_P5_Y18_UO269,FXX,2,0.0,1,0,1.0,0,0,0,-9999.0,0.48876953125,1,P3_CV0,1,0,2,1,1
2,5.496624778787091,6.529835889274153,RD2_F3_m4f8_P4_Y20_UO572,RD4_F7_m4f8_P4_Y18_UO242,RD8_F4_m8f4_P8_Y18_UO469,MXY,3,0.0,1,0,0.0,0,0,0,-9999.0,0.521484375,1,P3_CV0,1,2,0,2,0
2,5.496624778787091,6.529835889274153,RD2_F5_m5f1_P5_Y22_UO633,RD5_F3_m5f2_P5_Y20_UO269,RD1_F5_m1f5_P1_Y20_UO110,FXX,1,0.0,0,0,0.0,0,0,0,-9999.0,0.5008544921875,1,P4_CV0,1,1,1,0,2
2,5.496624778787091,6.529835889274153,RD2_F9_m9f2_P9_Y22_UO294,RD9_F2_m9f6_P9_Y20_UO335,RD2_F3_m7f3_P7_Y20_UO148,FXX,1,0.0,0,0,0.0,0,0,0,-9999.0,0.515869140625,1,P4_CV0,1,2,0,2,0
2,5.496624778787091,6.529835889274153,RD2_F9_m9f6_P9_Y22_UO310,RD9_F2_m3f2_P3_Y20_UO487,RD6_F2_m3f6_P3_Y20_UO581,MXY,1,0.0,0,0,0.0,0,0,0,-9999.0,0.510498046875,1,P4_CV0,1,1,1,1,1
2,5.496624778787091,6.529835889274153,RD2_F5_m5f1_P5_Y22_UO601,RD5_F1_m5f1_P5_Y20_UO523,RD1_F5_m5f3_P5_Y19_UO202,MXY,1,0.0,0,0,0.0,0,0,0,-9999.0,0.5050048828125,1,P4_CV0,1,0,2,0,2
2,5.496624778787091,6.529835889274153,RD2_F9_m9f2_P9_Y22_UO363,RD9_F6_m2f3_P2_Y20_UO658,RD2_F3_m7f3_P7_Y20_UO412,MXY,1,0.0,0,0,0.0,0,0,0,-9999.0,0.5216064453125,1,P4_CV0,1,0,2,0,2
2,5.496624778787091,6.529835889274153,RD2_F5_m5f1_P5_Y22_UO258,RD5_F2_m9f6_P9_Y20_UO329,RD1_F5_m1f5_P1_Y20_UO317,MXY,1,0.0,0,0,0.0,0,0,0,-9999.0,0.5015869140625,1,P4_CV0,1,1,1,2,0
2,5.496624778787091,6.529835889274153,RD2_F9_m9f2_P9_Y22_UO362,RD9_F6_m2f3_P2_Y20_UO658,RD2_F3_m7f3_P7_Y20_UO412,MXY,1,0.0,0,0,0.0,0,0,0,-9999.0,0.5216064453125,1,P4_CV0,1,0,2,0,2
2,5.496624778787091,6.529835889274153,RD2_F9_m9f2_P9_Y22_UO241,RD9_F2_m3f2_P3_Y20_UO487,RD2_F6_m3f6_P3_Y20_UO348,FXX,1,0.0,0,0,0.0,0,0,0,-9999.0,0.506591796875,1,P4_CV0,1,0,2,1,1
2,5.496624778787091,6.529835889274153,RD2_F5_m5f1_P5_Y22_UO414,RD5_F1_m5f3_P5_Y20_UO525,RD1_F5_m1f5_P1_Y20_UO262,FXX,1,0.0,0,0,0.0,0,0,0,-9999.0,0.5146484375,1,P4_CV0,1,1,1,1,1
2,5.496624778787091,6.529835889274153,RD2_F9_m9f2_P9_Y22_UO291,RD9_F2_m9f6_P9_Y20_UO335,RD2_F3_m7f3_P7_Y20_UO148,MXY,1,0.0,0,0,0.0,0,0,0,-9999.0,0.515869140625,1,P4_CV0,1,2,0,2,0
2,5.496624778787091,6.529835889274153,RD2_F9_m9f2_P9_Y22_UO238,RD9_F2_m3f2_P3_Y20_UO487,RD2_F6_m3f6_P3_Y20_UO348,MXY,1,0.0,0,0,0.0,0,0,0,-9999.0,0.506591796875,1,P4_CV0,1,1,1,1,1
2,5.496624778787091,6.529835889274153,RD2_F9_m9f2_P9_Y22_UO235,RD9_F2_m3f2_P3_Y20_UO487,RD2_F6_m3f6_P3_Y20_UO348,MXY,1,0.0,0,0,0.0,0,0,0,-9999.0,0.506591796875,1,P4_CV0,1,1,1,1,1
2,5.496624778787091,6.529835889274153,RD2_F9_m9f2_P9_Y22_UO237,RD9_F2_m3f2_P3_Y20_UO487,RD2_F6_m3f6_P3_Y20_UO348,FXX,1,0.0,0,0,0.0,0,0,0,-9999.0,0.506591796875,1,P4_CV0,1,0,2,1,1
2,5.496624778787091,6.529835889274153,RD2_F6_m3f6_P3_Y21_UO75,RD3_F2_m9f6_P9_Y19_UO30,RD6_F9_m2f9_P2_Y18_UO218,FXX,2,0.0,1,0,1.0,0,0,0,-9999.0,0.497802734375,1,P4_CV0,1,0,2,1,1
2,5.496624778787091,6.529835889274153,RD2_F9_m2f9_P2_Y21_UO392,RD2_F9_m6f9_P6_Y19_UO90,RD9_F6_m9f6_P9_Y19_UO255,FXX,2,0.0,1,0,1.0,0,0,0,-9999.0,0.505126953125,1,P4_CV0,1,1,1,2,0
2,5.496624778787091,6.529835889274153,RD2_F9_m6f2_P6_Y21_UO236,RD6_F9_m2f6_P2_Y19_UO187,RD2_F9_m2f3_P2_Y19_UO344,MXY,2,0.0,1,0,0.0,0,0,0,-9999.0,0.502685546875,1,P4_CV0,1,0,2,2,0
2,5.496624778787091,6.529835889274153,RD2_F6_m9f6_P9_Y21_UO257,RD9_F6_m9f6_P9_Y19_UO115,RD6_F9_m6f2_P6_Y19_UO3,MXY,2,0.0,1,0,0.0,0,0,0,-9999.0,0.501953125,1,P4_CV0,1,2,0,0,2
2,5.496624778787091,6.529835889274153,RD2_F6_m2f9_P2_Y21_UO388,RD2_F9_m6f9_P6_Y19_UO90,RD9_F6_m9f6_P9_Y19_UO255,FXX,2,0.0,1,0,1.0,0,0,0,-9999.0,0.505126953125,1,P4_CV0,1,1,1,2,0
2,5.496624778787091,6.529835889274153,RD2_F9_m3f6_P3_Y20_UO583,RD3_F7_m3f5_P3_Y18_UO437,RD6_F9_m6f9_P6_Y18_UO527,MXY,3,0.0,1,0,0.0,0,0,0,-9999.0,0.50830078125,1,P4_CV0,1,1,1,2,0
2,5.496624778787091,6.529835889274153,RD2_F5_m5f2_P5_Y20_UO268,RD5_F1_m5f2_P5_Y18_UO582,RD2_F6_m9f6_P9_Y18_UO518,MXY,3,0.0,1,0,0.0,0,0,0,-9999.0,0.51318359375,1,P4_CV0,1,0,2,1,1
2,5.496624778787091,6.529835889274153,RD2_F9_m9f6_P9_Y19_UO110,RD9_F2_m5f2_P5_Y17_UO306,RD6_F9_m2f3_P2_Y17_UO352,MXY,4,0.0,1,0,0.0,0,0,0,-9999.0,0.5,1,P4_CV0,1,2,0,1,1
2,5.496624778787091,6.529835889274153,RD2_F3_m3f6_P3_Y22_UO52,RD3_F7_m3f7_P3_Y20_UO399,RD6_F3_m9f6_P9_Y19_UO72,MXY,1,0.0,0,0,0.0,0,0,0,-9999.0,0.5118408203125,1,P5_CV0,1,1,1,0,2
2,5.496624778787091,6.529835889274153,RD2_F5_m5f3_P5_Y22_UO564,RD5_F1_m5f1_P5_Y20_UO479,RD3_F7_m4f7_P4_Y20_UO214,FXX,1,0.0,0,0,0.0,0,0,0,-9999.0,0.5224609375,1,P5_CV0,1,2,0,2,0
2,5.496624778787091,6.529835889274153,RD2_F9_m9f2_P9_Y22_UO650,RD9_F6_m9f6_P9_Y20_UO16,RD2_F6_m2f6_P2_Y20_UO441,FXX,1,0.0,0,0,0.0,0,0,0,-9999.0,0.508544921875,1,P5_CV0,1,1,1,1,1
2,5.496624778787091,6.529835889274153,RD2_F9_m9f2_P9_Y22_UO655,RD9_F6_m9f6_P9_Y20_UO16,RD2_F6_m2f6_P2_Y20_UO441,MXY,1,0.0,0,0,0.0,0,0,0,-9999.0,0.508544921875,1,P5_CV0,1,1,1,1,1
2,5.496624778787091,6.529835889274153,RD2_F9_m9f2_P9_Y22_UO651,RD9_F6_m9f6_P9_Y20_UO16,RD2_F6_m2f6_P2_Y20_UO441,MXY,1,0.0,0,0,0.0,0,0,0,-9999.0,0.508544921875,1,P5_CV0,1,1,1,1,1
2,5.496624778787091,6.529835889274153,RD2_F9_m9f2_P9_Y22_UO339,RD9_F6_m9f6_P9_Y20_UO462,RD2_F9_m9f6_P9_Y19_UO251,MXY,1,0.0,0,0,0.0,0,0,0,-9999.0,0.494384765625,1,P5_CV0,1,1,1,1,1
2,5.496624778787091,6.529835889274153,RD2_F3_m3f6_P3_Y22_UO249,RD3_F7_m3f5_P3_Y20_UO12,RD6_F2_m3f5_P3_Y20_UO24,FXX,1,0.0,0,0,0.0,0,0,0,-9999.0,0.5106201171875,1,P5_CV0,1,0,2,1,1
2,5.496624778787091,6.529835889274153,RD2_F9_m9f2_P9_Y22_UO654,RD9_F6_m9f6_P9_Y20_UO16,RD2_F6_m2f6_P2_Y20_UO441,FXX,1,0.0,0,0,0.0,0,0,0,-9999.0,0.508544921875,1,P5_CV0,1,2,0,1,1
2,5.496624778787091,6.529835889274153,RD2_F6_m6f2_P6_Y22_UO129,RD6_F9_m6f3_P6_Y20_UO189,RD2_F5_m1f5_P1_Y20_UO63,MXY,1,0.0,0,0,0.0,0,0,0,-9999.0,0.50048828125,1,P5_CV0,1,1,1,1,1
2,5.496624778787091,6.529835889274153,RD2_F9_m9f6_P9_Y22_UO586,RD9_F6_m9f6_P9_Y20_UO250,RD6_F3_m9f6_P9_Y19_UO72,FXX,1,0.0,0,0,0.0,0,0,0,-9999.0,0.5084228515625,1,P5_CV0,1,0,2,0,2
2,5.496624778787091,6.529835889274153,RD2_F5_m2f9_P2_Y21_UO396,RD2_F9_m6f9_P6_Y19_UO90,RD9_F6_m9f6_P9_Y19_UO255,FXX,2,0.0,1,0,1.0,0,0,0,-9999.0,0.505126953125,1,P5_CV0,1,0,2,1,1
2,5.496624778787091,6.529835889274153,RD2_F3_m6f9_P6_Y21_UO386,RD6_F2_m9f6_P9_Y19_UO107,RD9_F6_m9f6_P9_Y19_UO49,FXX,2,0.0,1,0,1.0,0,0,0,-9999.0,0.496826171875,1,P5_CV0,1,1,1,0,2
2,5.496624778787091,6.529835889274153,RD2_F3_m3f7_P3_Y22_UO594,RD3_F7_m3f2_P3_Y20_UO568,RD7_F4_m7f3_P7_Y20_UO145,MXY,1,0.0,0,0,0.0,0,0,0,-9999.0,0.5162353515625,1,P6_CV0,1,0,2,2,0
2,5.496624778787091,6.529835889274153,RD2_F3_m3f7_P3_Y22_UO591,RD3_F7_m3f2_P3_Y20_UO568,RD7_F4_m7f3_P7_Y20_UO145,FXX,1,0.0,0,0,0.0,0,0,0,-9999.0,0.5162353515625,1,P6_CV0,1,1,1,1,1
2,5.496624778787091,6.529835889274153,RD2_F6_m6f2_P6_Y22_UO45,RD6_F9_m2f6_P2_Y20_UO95,RD2_F9_m9f6_P9_Y19_UO251,MXY,1,0.0,0,0,0.0,0,0,0,-9999.0,0.5126953125,1,P6_CV0,1,0,2,0,2
2,5.496624778787091,6.529835889274153,RD2_F3_m3f2_P3_Y22_UO109,RD3_F7_m3f2_P3_Y20_UO206,RD2_F6_m3f2_P3_Y20_UO208,MXY,1,0.0,0,0,0.0,0,0,0,-9999.0,0.515869140625,1,P7_CV0,1,2,0,1,1
2,5.496624778787091,6.529835889274153,RD2_F3_m3f2_P3_Y22_UO107,RD3_F7_m3f2_P3_Y20_UO206,RD2_F6_m3f2_P3_Y20_UO208,FXX,1,0.0,0,0,0.0,0,0,0,-9999.0,0.515869140625,1,P7_CV0,1,1,1,2,0
2,5.496624778787091,6.529835889274153,RD2_F6_m6f3_P6_Y22_UO641,RD6_F3_m7f3_P7_Y20_UO281,RD3_F7_m3f2_P3_Y20_UO101,FXX,1,0.0,0,0,0.0,0,0,0,-9999.0,0.5059814453125,1,P7_CV0,1,0,2,0,2
2,5.496624778787091,6.529835889274153,RD2_F6_m6f3_P6_Y22_UO645,RD6_F3_m7f3_P7_Y20_UO281,RD3_F7_m3f2_P3_Y20_UO101,FXX,1,0.0,0,0,0.0,0,0,0,-9999.0,0.5059814453125,1,P7_CV0,1,1,1,1,1
2,5.496624778787091,6.529835889274153,RD2_F6_m6f3_P6_Y22_UO610,RD6_F3_m7f3_P7_Y20_UO664,RD3_F2_m9f6_P9_Y20_UO15,FXX,1,0.0,0,0,0.0,0,0,0,-9999.0,0.5013427734375,1,P8_CV0,1,2,0,1,1
2,5.496624778787091,6.529835889274153,RD2_F9_m9f6_P9_Y22_UO386,RD9_F2_m9f2_P9_Y20_UO645,RD6_F3_m6f3_P6_Y20_UO86,MXY,1,0.0,0,0,0.0,0,0,0,-9999.0,0.5086669921875,1,P8_CV0,1,0,2,1,1
2,5.496624778787091,6.529835889274153,RD2_F3_m3f5_P3_Y22_UO319,RD3_F2_m9f6_P9_Y20_UO13,RD5_F1_m5f3_P5_Y20_UO98,MXY,1,0.0,0,0,0.0,0,0,0,-9999.0,0.501708984375,1,P8_CV0,1,0,2,0,2
2,5.496624778787091,6.529835889274153,RD2_F6_m6f2_P6_Y22_UO124,RD6_F9_m6f3_P6_Y20_UO189,RD2_F5_m1f5_P1_Y20_UO63,MXY,1,0.0,0,0,0.0,0,0,0,-9999.0,0.50048828125,1,P8_CV0,1,1,1,1,1
2,5.496624778787091,6.529835889274153,RD2_F6_m6f2_P6_Y22_UO44,RD6_F9_m2f6_P2_Y20_UO95,RD2_F9_m9f6_P9_Y19_UO251,MXY,1,0.0,0,0,0.0,0,0,0,-9999.0,0.5126953125,1,P8_CV0,1,2,0,0,2
2,5.496624778787091,6.529835889274153,RD2_F6_m6f3_P6_Y22_UO611,RD6_F3_m7f3_P7_Y20_UO664,RD3_F2_m9f6_P9_Y20_UO15,MXY,1,0.0,0,0,0.0,0,0,0,-9999.0,0.5013427734375,1,P8_CV0,1,2,0,1,1
2,5.496624778787091,6.529835889274153,RD2_F9_m9f6_P9_Y22_UO388,RD9_F2_m9f2_P9_Y20_UO645,RD6_F3_m6f3_P6_Y20_UO86,FXX,1,0.0,0,0,0.0,0,0,0,-9999.0,0.5086669921875,1,P8_CV0,1,1,1,2,0
2,5.496624778787091,6.529835889274153,RD2_F6_m6f3_P6_Y22_UO94,RD6_F3_m7f3_P7_Y20_UO281,RD3_F2_m9f6_P9_Y20_UO15,MXY,1,0.0,0,0,0.0,0,0,0,-9999.0,0.5018310546875,1,P8_CV0,1,0,2,0,2
2,5.496624778787091,6.529835889274153,RD2_F3_m3f5_P3_Y22_UO322,RD3_F2_m9f6_P9_Y20_UO13,RD5_F1_m5f3_P5_Y20_UO98,FXX,1,0.0,0,0,0.0,0,0,0,-9999.0,0.501708984375,1,P8_CV0,1,1,1,0,2
2,5.496624778787091,6.529835889274153,RD2_F9_m9f2_P9_Y22_UO343,RD9_F6_m9f6_P9_Y20_UO462,RD2_F9_m9f6_P9_Y19_UO251,FXX,1,0.0,0,0,0.0,0,0,0,-9999.0,0.494384765625,1,P8_CV0,1,0,2,2,0
2,5.496624778787091,6.529835889274153,RD2_F3_m6f9_P6_Y21_UO414,RD6_F2_m9f6_P9_Y19_UO107,RD9_F6_m9f6_P9_Y19_UO251,FXX,2,0.0,1,0,1.0,0,0,0,-9999.0,0.499755859375,1,P8_CV0,1,1,1,1,1
2,5.496624778787091,6.529835889274153,RD2_F6_m6f3_P6_Y20_UO86,RD6_F9_m6f2_P6_Y18_UO628,RD3_F2_m3f7_P3_Y18_UO626,MXY,3,0.0,1,0,0.0,0,0,0,-9999.0,0.500732421875,1,P8_CV0,1,1,1,1,1
2,5.496624778787091,6.529835889274153,RD2_F3_m9f6_P9_Y20_UO13,RD9_F6_m2f5_P2_Y18_UO640,RD6_F9_m6f2_P6_Y18_UO629,FXX,3,0.0,1,0,1.0,0,0,0,-9999.0,0.4951171875,1,P8_CV0,1,1,1,0,2
2,5.496624778787091,6.529835889274153,RD2_F6_m9f6_P9_Y19_UO75,RD9_F2_m3f2_P3_Y17_UO63,RD6_F9_m2f6_P2_Y17_UO382,FXX,4,0.0,1,0,1.0,0,0,0,-9999.0,0.5126953125,1,P8_CV0,1,1,1,2,0
3,4.20367802087489,4.955022315058112,RD3_F5_m5f3_P5_Y22_UO303,RD5_F1_m5f2_P5_Y20_UO43,RD3_F6_m9f6_P9_Y18_UO158,FXX,1,0.0,0,0,0.0,0,0,0,-9999.0,0.518798828125,1,P1_CV0,1,2,0,1,1
3,4.20367802087489,4.955022315058112,RD3_F5_m5f1_P5_Y22_UO533,RD5_F1_m5f3_P5_Y20_UO282,RD1_F5_m1f5_P1_Y20_UO262,MXY,1,0.0,0,0,0.0,0,0,0,-9999.0,0.5135498046875,1,P1_CV0,1,1,1,0,2
3,4.20367802087489,4.955022315058112,RD3_F5_m5f1_P5_Y22_UO659,RD5_F1_m5f2_P5_Y20_UO575,RD1_F5_m5f2_P5_Y19_UO243,MXY,1,0.0,0,0,0.0,0,0,0,-9999.0,0.4884033203125,1,P1_CV0,1,0,2,1,1
3,4.20367802087489,4.955022315058112,RD3_F7_m7f4_P7_Y22_UO130,RD7_F4_m8f4_P8_Y20_UO403,RD4_F7_m4f8_P4_Y20_UO482,MXY,1,0.0,0,0,0.0,0,0,0,-9999.0,0.5203857421875,1,P1_CV0,1,1,1,0,2
3,4.20367802087489,4.955022315058112,RD3_F7_m7f4_P7_Y22_UO133,RD7_F4_m8f4_P8_Y20_UO403,RD4_F7_m4f8_P4_Y20_UO482,FXX,1,0.0,0,0,0.0,0,0,0,-9999.0,0.5203857421875,1,P1_CV0,1,0,2,0,2
3,4.20367802087489,4.955022315058112,RD3_F2_m5f2_P5_Y21_UO215,RD5_F3_m2f6_P2_Y19_UO181,RD2_F6_m7f3_P7_Y18_UO551,MXY,2,0.0,1,0,0.0,0,0,0,-9999.0,0.5146484375,1,P1_CV0,1,1,1,1,1
3,4.20367802087489,4.955022315058112,RD3_F6_m9f6_P9_Y21_UO254,RD9_F6_m9f6_P9_Y19_UO115,RD6_F9_m2f3_P2_Y19_UO83,FXX,2,0.0,1,0,1.0,0,0,0,-9999.0,0.500244140625,1,P1_CV0,1,0,2,0,2
3,4.20367802087489,4.955022315058112,RD3_F6_m2f6_P2_Y20_UO201,RD2_F6_m9f2_P9_Y18_UO504,RD6_F3_m6f9_P6_Y18_UO488,MXY,3,0.0,1,0,0.0,0,0,0,-9999.0,0.525634765625,1,P1_CV0,1,0,2,0,2
3,4.20367802087489,4.955022315058112,RD3_F5_m1f5_P1_Y21_UO448,RD1_F5_m1f5_P1_Y19_UO170,RD5_F3_m5f3_P5_Y19_UO202,MXY,2,0.0,1,0,0.0,0,0,0,-9999.0,0.4892578125,1,P2_CV0,1,0,2,0,2
3,4.20367802087489,4.955022315058112,RD3_F6_m2f9_P2_Y21_UO48,RD2_F9_m6f2_P6_Y19_UO308,RD9_F2_m9f2_P9_Y17_UO151,MXY,2,0.0,1,0,0.0,0,0,0,-9999.0,0.477294921875,1,P2_CV0,1,1,1,0,2
3,4.20367802087489,4.955022315058112,RD3_F5_m5f2_P5_Y22_UO394,RD5_F1_m5f3_P5_Y20_UO158,RD2_F6_m3f6_P3_Y20_UO348,MXY,1,0.0,0,0,0.0,0,0,0,-9999.0,0.5084228515625,1,P3_CV0,1,1,1,1,1
3,4.20367802087489,4.955022315058112,RD3_F5_m5f2_P5_Y22_UO400,RD5_F1_m5f3_P5_Y20_UO158,RD2_F6_m2f5_P2_Y20_UO475,FXX,1,0.0,0,0,0.0,0,0,0,-9999.0,0.5115966796875,1,P3_CV0,1,1,1,1,1
3,4.20367802087489,4.955022315058112,RD3_F5_m5f3_P5_Y22_UO507,RD5_F3_m2f5_P2_Y20_UO605,RD3_F5_m1f5_P1_Y20_UO106,FXX,1,0.0,0,0,0.0,0,0,0,-9999.0,0.502197265625,1,P3_CV0,1,1,1,0,2
3,4.20367802087489,4.955022315058112,RD3_F5_m5f3_P5_Y22_UO509,RD5_F1_m5f2_P5_Y20_UO43,RD3_F7_m3f6_P3_Y18_UO416,MXY,1,0.0,0,0,0.0,0,0,0,-9999.0,0.5068359375,1,P3_CV0,1,2,0,1,1
3,4.20367802087489,4.955022315058112,RD3_F5_m5f3_P5_Y22_UO562,RD5_F1_m5f1_P5_Y20_UO479,RD3_F7_m4f7_P4_Y20_UO214,FXX,1,0.0,0,0,0.0,0,0,0,-9999.0,0.5224609375,1,P3_CV0,1,1,1,2,0
3,4.20367802087489,4.955022315058112,RD3_F6_m6f3_P6_Y22_UO84,RD6_F3_m6f9_P6_Y20_UO164,RD3_F7_m4f7_P4_Y20_UO214,FXX,1,0.0,0,0,0.0,0,0,0,-9999.0,0.531005859375,1,P3_CV0,1,0,2,0,2
3,4.20367802087489,4.955022315058112,RD3_F6_m6f3_P6_Y22_UO178,RD6_F9_m2f6_P2_Y20_UO74,RD3_F2_m9f6_P9_Y20_UO15,MXY,1,0.0,0,0,0.0,0,0,0,-9999.0,0.50439453125,1,P3_CV0,1,2,0,1,1
3,4.20367802087489,4.955022315058112,RD3_F6_m6f9_P6_Y22_UO209,RD6_F9_m6f3_P6_Y20_UO189,RD9_F6_m9f6_P9_Y18_UO541,MXY,1,0.0,0,0,0.0,0,0,0,-9999.0,0.5155029296875,1,P3_CV0,1,2,0,1,1
3,4.20367802087489,4.955022315058112,RD3_F6_m6f9_P6_Y22_UO210,RD6_F9_m6f3_P6_Y20_UO189,RD9_F6_m9f6_P9_Y18_UO541,FXX,1,0.0,0,0,0.0,0,0,0,-9999.0,0.5155029296875,1,P3_CV0,1,1,1,1,1
3,4.20367802087489,4.955022315058112,RD3_F6_m6f9_P6_Y22_UO212,RD6_F9_m6f3_P6_Y20_UO189,RD9_F6_m9f6_P9_Y18_UO541,MXY,1,0.0,0,0,0.0,0,0,0,-9999.0,0.5155029296875,1,P3_CV0,1,1,1,1,1
3,4.20367802087489,4.955022315058112,RD3_F6_m6f9_P6_Y22_UO213,RD6_F9_m6f3_P6_Y20_UO189,RD9_F6_m9f6_P9_Y18_UO541,FXX,1,0.0,0,0,0.0,0,0,0,-9999.0,0.5155029296875,1,P3_CV0,1,1,1,1,1
3,4.20367802087489,4.955022315058112,RD3_F6_m6f9_P6_Y22_UO675,RD6_F3_m6f9_P6_Y20_UO167,RD9_F6_m3f6_P3_Y20_UO583,FXX,1,0.0,0,0,0.0,0,0,0,-9999.0,0.514404296875,1,P3_CV0,1,1,1,2,0
3,4.20367802087489,4.955022315058112,RD3_F6_m6f9_P6_Y22_UO676,RD6_F3_m6f9_P6_Y20_UO167,RD9_F6_m3f6_P3_Y20_UO583,MXY,1,0.0,0,0,0.0,0,0,0,-9999.0,0.514404296875,1,P3_CV0,1,1,1,2,0
3,4.20367802087489,4.955022315058112,RD3_F7_m7f3_P7_Y22_UO270,RD7_F3_m7f4_P7_Y20_UO294,RD3_F7_m4f7_P4_Y20_UO551,MXY,1,0.0,0,0,0.0,0,0,0,-9999.0,0.507568359375,1,P3_CV0,1,0,2,0,2
3,4.20367802087489,4.955022315058112,RD3_F7_m7f3_P7_Y22_UO275,RD7_F3_m7f4_P7_Y20_UO294,RD3_F7_m4f7_P4_Y20_UO551,MXY,1,0.0,0,0,0.0,0,0,0,-9999.0,0.507568359375,1,P3_CV0,1,1,1,0,2
3,4.20367802087489,4.955022315058112,RD3_F7_m7f3_P7_Y22_UO367,RD7_F3_m7f4_P7_Y20_UO667,RD3_F7_m3f5_P3_Y20_UO25,MXY,1,0.0,0,0,0.0,0,0,0,-9999.0,0.525146484375,1,P3_CV0,1,2,0,0,2
3,4.20367802087489,4.955022315058112,RD3_F2_m9f6_P9_Y21_UO347,RD9_F6_m9f2_P9_Y19_UO301,RD6_F9_m9f6_P9_Y18_UO541,MXY,2,0.0,1,0,0.0,0,0,0,-9999.0,0.51123046875,1,P3_CV0,1,0,2,0,2
3,4.20367802087489,4.955022315058112,RD3_F6_m9f6_P9_Y21_UO338,RD9_F6_m9f2_P9_Y19_UO301,RD6_F9_m9f6_P9_Y18_UO541,FXX,2,0.0,1,0,1.0,0,0,0,-9999.0,0.51123046875,1,P3_CV0,1,1,1,0,2
3,4.20367802087489,4.955022315058112,RD3_F6_m9f6_P9_Y21_UO341,RD9_F6_m9f2_P9_Y19_UO301,RD6_F9_m9f6_P9_Y18_UO541,MXY,2,0.0,1,0,0.0,0,0,0,-9999.0,0.51123046875,1,P3_CV0,1,0,2,0,2
3,4.20367802087489,4.955022315058112,RD3_F2_m2f6_P2_Y20_UO75,RD2_F3_m7f3_P7_Y18_UO75,RD6_F9_m6f9_P6_Y18_UO526,FXX,3,0.0,1,0,1.0,0,0,0,-9999.0,0.513671875,1,P3_CV0,1,2,0,2,0
3,4.20367802087489,4.955022315058112,RD3_F2_m2f3_P2_Y22_UO92,RD2_F9_m6f3_P6_Y20_UO80,RD3_F6_m6f2_P6_Y19_UO3,FXX,1,0.0,0,0,0.0,0,0,0,-9999.0,0.5023193359375,1,P4_CV0,1,1,1,0,2
3,4.20367802087489,4.955022315058112,RD3_F2_m2f3_P2_Y22_UO347,RD2_F3_m7f4_P7_Y20_UO275,RD3_F7_m4f8_P4_Y20_UO451,MXY,1,0.0,0,0,0.0,0,0,0,-9999.0,0.5343017578125,1,P4_CV0,1,2,0,1,1
3,4.20367802087489,4.955022315058112,RD3_F2_m2f3_P2_Y22_UO348,RD2_F3_m7f4_P7_Y20_UO275,RD3_F7_m4f8_P4_Y20_UO451,FXX,1,0.0,0,0,0.0,0,0,0,-9999.0,0.5343017578125,1,P4_CV0,1,2,0,1,1
3,4.20367802087489,4.955022315058112,RD3_F2_m2f3_P2_Y22_UO351,RD2_F3_m7f4_P7_Y20_UO275,RD3_F7_m4f8_P4_Y20_UO451,FXX,1,0.0,0,0,0.0,0,0,0,-9999.0,0.5343017578125,1,P4_CV0,1,1,1,0,2
3,4.20367802087489,4.955022315058112,RD3_F2_m2f5_P2_Y22_UO420,RD2_F3_m7f3_P7_Y20_UO39,RD5_F1_m5f3_P5_Y20_UO434,MXY,1,0.0,0,0,0.0,0,0,0,-9999.0,0.5115966796875,1,P4_CV0,1,2,0,0,2
3,4.20367802087489,4.955022315058112,RD3_F2_m2f5_P2_Y22_UO423,RD2_F3_m7f3_P7_Y20_UO39,RD5_F1_m5f3_P5_Y20_UO434,MXY,1,0.0,0,0,0.0,0,0,0,-9999.0,0.5115966796875,1,P4_CV0,1,2,0,1,1
3,4.20367802087489,4.955022315058112,RD3_F2_m2f5_P2_Y22_UO427,RD2_F3_m7f3_P7_Y20_UO39,RD5_F1_m5f3_P5_Y20_UO434,FXX,1,0.0,0,0,0.0,0,0,0,-9999.0,0.5115966796875,1,P4_CV0,1,1,1,1,1
3,4.20367802087489,4.955022315058112,RD3_F2_m2f5_P2_Y22_UO428,RD2_F3_m7f3_P7_Y20_UO39,RD5_F1_m5f3_P5_Y20_UO434,FXX,1,0.0,0,0,0.0,0,0,0,-9999.0,0.5115966796875,1,P4_CV0,1,2,0,1,1
3,4.20367802087489,4.955022315058112,RD3_F2_m2f5_P2_Y22_UO429,RD2_F3_m7f3_P7_Y20_UO39,RD5_F1_m5f3_P5_Y20_UO434,MXY,1,0.0,0,0,0.0,0,0,0,-9999.0,0.5115966796875,1,P4_CV0,1,1,1,1,1
3,4.20367802087489,4.955022315058112,RD3_F2_m2f5_P2_Y22_UO539,RD2_F6_m3f5_P3_Y20_UO682,RD5_F3_m6f3_P6_Y20_UO85,MXY,1,0.0,0,0,0.0,0,0,0,-9999.0,0.504150390625,1,P4_CV0,1,1,1,1,1
3,4.20367802087489,4.955022315058112,RD3_F2_m2f5_P2_Y22_UO541,RD2_F6_m3f5_P3_Y20_UO682,RD5_F3_m6f3_P6_Y20_UO85,FXX,1,0.0,0,0,0.0,0,0,0,-9999.0,0.504150390625,1,P4_CV0,1,2,0,0,2
3,4.20367802087489,4.955022315058112,RD3_F5_m5f1_P5_Y22_UO259,RD5_F2_m9f6_P9_Y20_UO329,RD1_F5_m1f5_P1_Y20_UO317,MXY,1,0.0,0,0,0.0,0,0,0,-9999.0,0.5015869140625,1,P4_CV0,1,1,1,1,1
3,4.20367802087489,4.955022315058112,RD3_F5_m5f2_P5_Y22_UO431,RD5_F1_m5f2_P5_Y20_UO178,RD2_F5_m5f3_P5_Y19_UO203,MXY,1,0.0,0,0,0.0,0,0,0,-9999.0,0.5010986328125,1,P4_CV0,1,0,2,1,1
3,4.20367802087489,4.955022315058112,RD3_F5_m5f3_P5_Y22_UO580,RD5_F1_m5f2_P5_Y20_UO178,RD3_F6_m6f2_P6_Y19_UO3,MXY,1,0.0,0,0,0.0,0,0,0,-9999.0,0.5079345703125,1,P4_CV0,1,2,0,2,0
3,4.20367802087489,4.955022315058112,RD3_F5_m5f3_P5_Y22_UO583,RD5_F1_m5f3_P5_Y20_UO525,RD3_F2_m2f3_P2_Y19_UO344,MXY,1,0.0,0,0,0.0,0,0,0,-9999.0,0.512939453125,1,P4_CV0,1,1,1,2,0
3,4.20367802087489,4.955022315058112,RD3_F5_m5f1_P5_Y22_UO603,RD5_F1_m5f1_P5_Y20_UO523,RD1_F5_m5f3_P5_Y19_UO202,MXY,1,0.0,0,0,0.0,0,0,0,-9999.0,0.5050048828125,1,P4_CV0,1,1,1,0,2
3,4.20367802087489,4.955022315058112,RD3_F5_m5f2_P5_Y22_UO625,RD5_F1_m5f1_P5_Y20_UO307,RD2_F3_m5f2_P5_Y20_UO626,FXX,1,0.0,0,0,0.0,0,0,0,-9999.0,0.5048828125,1,P4_CV0,1,1,1,1,1
3,4.20367802087489,4.955022315058112,RD3_F5_m5f2_P5_Y22_UO626,RD5_F1_m5f1_P5_Y20_UO307,RD2_F3_m5f2_P5_Y20_UO626,FXX,1,0.0,0,0,0.0,0,0,0,-9999.0,0.5048828125,1,P4_CV0,1,0,2,2,0
3,4.20367802087489,4.955022315058112,RD3_F5_m5f1_P5_Y22_UO632,RD5_F3_m5f2_P5_Y20_UO269,RD1_F5_m1f5_P1_Y20_UO110,MXY,1,0.0,0,0,0.0,0,0,0,-9999.0,0.5008544921875,1,P4_CV0,1,0,2,1,1
3,4.20367802087489,4.955022315058112,RD3_F6_m6f9_P6_Y22_UO672,RD6_F3_m6f9_P6_Y20_UO167,RD9_F6_m3f6_P3_Y20_UO583,FXX,1,0.0,0,0,0.0,0,0,0,-9999.0,0.514404296875,1,P4_CV0,1,0,2,2,0
3,4.20367802087489,4.955022315058112,RD3_F6_m6f9_P6_Y22_UO673,RD6_F3_m6f9_P6_Y20_UO167,RD9_F6_m3f6_P3_Y20_UO583,FXX,1,0.0,0,0,0.0,0,0,0,-9999.0,0.514404296875,1,P4_CV0,1,1,1,1,1
3,4.20367802087489,4.955022315058112,RD3_F7_m7f4_P7_Y22_UO68,RD7_F4_m8f4_P8_Y20_UO403,RD4_F8_m4f8_P4_Y20_UO173,FXX,1,0.0,0,0,0.0,0,0,0,-9999.0,0.50830078125,1,P4_CV0,1,1,1,2,0
3,4.20367802087489,4.955022315058112,RD3_F7_m7f4_P7_Y22_UO69,RD7_F4_m8f4_P8_Y20_UO403,RD4_F8_m4f8_P4_Y20_UO173,FXX,1,0.0,0,0,0.0,0,0,0,-9999.0,0.50830078125,1,P4_CV0,1,1,1,2,0
3,4.20367802087489,4.955022315058112,RD3_F7_m7f4_P7_Y22_UO72,RD7_F4_m8f4_P8_Y20_UO403,RD4_F8_m4f8_P4_Y20_UO173,FXX,1,0.0,0,0,0.0,0,0,0,-9999.0,0.50830078125,1,P4_CV0,1,1,1,2,0
3,4.20367802087489,4.955022315058112,RD3_F7_m7f4_P7_Y22_UO161,RD7_F4_m7f3_P7_Y20_UO663,RD4_F8_m4f8_P4_Y20_UO173,MXY,1,0.0,0,0,0.0,0,0,0,-9999.0,0.505859375,1,P4_CV0,1,1,1,2,0
3,4.20367802087489,4.955022315058112,RD3_F7_m7f3_P7_Y22_UO169,RD7_F4_m8f4_P8_Y20_UO403,RD3_F7_m3f5_P3_Y20_UO25,FXX,1,0.0,0,0,0.0,0,0,0,-9999.0,0.5115966796875,1,P4_CV0,1,0,2,0,2
3,4.20367802087489,4.955022315058112,RD3_F7_m7f3_P7_Y22_UO273,RD7_F3_m7f4_P7_Y20_UO294,RD3_F7_m4f7_P4_Y20_UO551,MXY,1,0.0,0,0,0.0,0,0,0,-9999.0,0.507568359375,1,P4_CV0,1,1,1,0,2
3,4.20367802087489,4.955022315058112,RD3_F7_m7f3_P7_Y22_UO637,RD7_F4_m8f4_P8_Y20_UO558,RD3_F2_m2f3_P2_Y19_UO344,FXX,1,0.0,0,0,0.0,0,0,0,-9999.0,0.5198974609375,1,P4_CV0,1,0,2,0,2
3,4.20367802087489,4.955022315058112,RD3_F2_m9f6_P9_Y21_UO262,RD9_F6_m9f6_P9_Y19_UO115,RD6_F9_m6f2_P6_Y19_UO3,FXX,2,0.0,1,0,1.0,0,0,0,-9999.0,0.501953125,1,P4_CV0,1,1,1,0,2
3,4.20367802087489,4.955022315058112,RD3_F2_m9f6_P9_Y21_UO302,RD9_F6_m9f2_P9_Y19_UO301,RD6_F2_m9f6_P9_Y19_UO110,MXY,2,0.0,1,0,0.0,0,0,0,-9999.0,0.4951171875,1,P4_CV0,1,1,1,1,1
3,4.20367802087489,4.955022315058112,RD3_F6_m3f5_P3_Y21_UO33,RD3_F6_m9f2_P9_Y19_UO317,RD5_F3_m5f3_P5_Y19_UO202,MXY,2,0.0,1,0,0.0,0,0,0,-9999.0,0.492919921875,1,P4_CV0,1,1,1,0,2
3,4.20367802087489,4.955022315058112,RD3_F6_m2f9_P2_Y21_UO394,RD2_F9_m6f9_P6_Y19_UO90,RD9_F6_m9f6_P9_Y19_UO255,MXY,2,0.0,1,0,0.0,0,0,0,-9999.0,0.505126953125,1,P4_CV0,1,0,2,2,0
3,4.20367802087489,4.955022315058112,RD3_F7_m3f7_P3_Y21_UO228,RD3_F6_m9f2_P9_Y19_UO316,RD7_F3_m5f3_P5_Y19_UO222,FXX,2,0.0,1,0,1.0,0,0,0,-9999.0,0.493896484375,1,P4_CV0,1,0,2,1,1
3,4.20367802087489,4.955022315058112,RD3_F7_m3f6_P3_Y21_UO70,RD3_F2_m9f6_P9_Y19_UO30,RD6_F9_m2f9_P2_Y18_UO218,MXY,2,0.0,1,0,0.0,0,0,0,-9999.0,0.497802734375,1,P4_CV0,1,0,2,1,1
3,4.20367802087489,4.955022315058112,RD3_F6_m9f2_P9_Y20_UO497,RD9_F2_m9f6_P9_Y18_UO390,RD2_F3_m2f3_P2_Y18_UO289,MXY,3,0.0,1,0,0.0,0,0,0,-9999.0,0.514892578125,1,P4_CV0,1,1,1,2,0
3,4.20367802087489,4.955022315058112,RD3_F7_m8f4_P8_Y20_UO558,RD8_F4_m8f4_P8_Y18_UO166,RD4_F8_m4f7_P4_Y18_UO70,FXX,3,0.0,1,0,1.0,0,0,0,-9999.0,0.538818359375,1,P4_CV0,1,1,1,0,2
3,4.20367802087489,4.955022315058112,RD3_F6_m6f2_P6_Y22_UO125,RD6_F9_m6f3_P6_Y20_UO189,RD2_F5_m1f5_P1_Y20_UO63,MXY,1,0.0,0,0,0.0,0,0,0,-9999.0,0.50048828125,1,P5_CV0,1,1,1,2,0
3,4.20367802087489,4.955022315058112,RD3_F6_m6f3_P6_Y22_UO609,RD6_F3_m7f3_P7_Y20_UO664,RD3_F2_m9f6_P9_Y20_UO15,FXX,1,0.0,0,0,0.0,0,0,0,-9999.0,0.5013427734375,1,P5_CV0,1,1,1,1,1
3,4.20367802087489,4.955022315058112,RD3_F6_m6f3_P6_Y22_UO644,RD6_F3_m7f3_P7_Y20_UO281,RD3_F7_m3f2_P3_Y20_UO101,MXY,1,0.0,0,0,0.0,0,0,0,-9999.0,0.5059814453125,1,P5_CV0,1,2,0,0,2
3,4.20367802087489,4.955022315058112,RD3_F7_m7f4_P7_Y22_UO36,RD7_F4_m7f4_P7_Y20_UO29,RD4_F7_m4f8_P4_Y20_UO171,FXX,1,0.0,0,0,0.0,0,0,0,-9999.0,0.5107421875,1,P5_CV0,1,1,1,2,0
3,4.20367802087489,4.955022315058112,RD3_F7_m7f4_P7_Y22_UO137,RD7_F4_m7f4_P7_Y20_UO27,RD4_F7_m3f2_P3_Y20_UO567,FXX,1,0.0,0,0,0.0,0,0,0,-9999.0,0.513916015625,1,P5_CV0,1,1,1,0,2
3,4.20367802087489,4.955022315058112,RD3_F7_m7f4_P7_Y22_UO139,RD7_F4_m7f4_P7_Y20_UO27,RD4_F7_m3f2_P3_Y20_UO567,FXX,1,0.0,0,0,0.0,0,0,0,-9999.0,0.513916015625,1,P5_CV0,1,1,1,0,2
3,4.20367802087489,4.955022315058112,RD3_F7_m7f4_P7_Y22_UO145,RD7_F4_m8f4_P8_Y20_UO403,RD4_F8_m4f8_P4_Y20_UO176,FXX,1,0.0,0,0,0.0,0,0,0,-9999.0,0.50830078125,1,P5_CV0,1,1,1,2,0
3,4.20367802087489,4.955022315058112,RD3_F7_m7f4_P7_Y22_UO146,RD7_F4_m8f4_P8_Y20_UO403,RD4_F8_m4f8_P4_Y20_UO176,FXX,1,0.0,0,0,0.0,0,0,0,-9999.0,0.50830078125,1,P5_CV0,1,1,1,2,0
3,4.20367802087489,4.955022315058112,RD3_F7_m7f4_P7_Y22_UO149,RD7_F4_m8f4_P8_Y20_UO403,RD4_F8_m4f8_P4_Y20_UO176,FXX,1,0.0,0,0,0.0,0,0,0,-9999.0,0.50830078125,1,P5_CV0,1,1,1,1,1
3,4.20367802087489,4.955022315058112,RD3_F7_m7f4_P7_Y22_UO162,RD7_F4_m7f3_P7_Y20_UO663,RD4_F8_m4f8_P4_Y20_UO173,FXX,1,0.0,0,0,0.0,0,0,0,-9999.0,0.505859375,1,P5_CV0,1,1,1,2,0
3,4.20367802087489,4.955022315058112,RD3_F7_m7f3_P7_Y22_UO168,RD7_F4_m8f4_P8_Y20_UO403,RD3_F7_m3f5_P3_Y20_UO25,MXY,1,0.0,0,0,0.0,0,0,0,-9999.0,0.5115966796875,1,P5_CV0,1,0,2,1,1
3,4.20367802087489,4.955022315058112,RD3_F7_m7f4_P7_Y22_UO486,RD7_F4_m8f4_P8_Y20_UO558,RD4_F7_m5f3_P5_Y19_UO222,MXY,1,0.0,0,0,0.0,0,0,0,-9999.0,0.5155029296875,1,P5_CV0,1,1,1,0,2
3,4.20367802087489,4.955022315058112,RD3_F2_m3f6_P3_Y21_UO66,RD3_F2_m9f6_P9_Y19_UO30,RD6_F9_m2f9_P2_Y18_UO218,FXX,2,0.0,1,0,1.0,0,0,0,-9999.0,0.497802734375,1,P5_CV0,1,0,2,1,1
3,4.20367802087489,4.955022315058112,RD3_F2_m3f6_P3_Y21_UO76,RD3_F2_m9f6_P9_Y19_UO30,RD6_F9_m2f9_P2_Y18_UO218,MXY,2,0.0,1,0,0.0,0,0,0,-9999.0,0.497802734375,1,P5_CV0,1,0,2,1,1
3,4.20367802087489,4.955022315058112,RD3_F7_m3f7_P3_Y21_UO227,RD3_F6_m9f2_P9_Y19_UO316,RD7_F3_m5f3_P5_Y19_UO222,MXY,2,0.0,1,0,0.0,0,0,0,-9999.0,0.493896484375,1,P5_CV0,1,0,2,1,1
3,4.20367802087489,4.955022315058112,RD3_F6_m9f6_P9_Y19_UO72,RD9_F2_m3f2_P3_Y17_UO63,RD6_F9_m2f6_P2_Y17_UO382,MXY,4,0.0,1,0,0.0,0,0,0,-9999.0,0.5126953125,1,P5_CV0,1,0,2,1,1
3,4.20367802087489,4.955022315058112,RD3_F6_m6f3_P6_Y22_UO640,RD6_F3_m7f3_P7_Y20_UO281,RD3_F7_m3f2_P3_Y20_UO101,MXY,1,0.0,0,0,0.0,0,0,0,-9999.0,0.5059814453125,1,P7_CV0,1,1,1,1,1
3,4.20367802087489,4.955022315058112,RD3_F5_m5f1_P5_Y22_UO224,RD5_F2_m5f1_P5_Y20_UO264,RD1_F5_m1f5_P1_Y20_UO262,FXX,1,0.0,0,0,0.0,0,0,0,-9999.0,0.50732421875,1,P8_CV0,1,0,2,1,1
3,4.20367802087489,4.955022315058112,RD3_F5_m5f1_P5_Y22_UO257,RD5_F2_m9f6_P9_Y20_UO329,RD1_F5_m1f5_P1_Y20_UO317,MXY,1,0.0,0,0,0.0,0,0,0,-9999.0,0.5015869140625,1,P8_CV0,1,1,1,2,0
3,4.20367802087489,4.955022315058112,RD3_F6_m6f2_P6_Y22_UO49,RD6_F9_m2f6_P2_Y20_UO95,RD2_F9_m9f6_P9_Y19_UO251,MXY,1,0.0,0,0,0.0,0,0,0,-9999.0,0.5126953125,1,P8_CV0,1,0,2,0,2
3,4.20367802087489,4.955022315058112,RD3_F6_m6f3_P6_Y22_UO96,RD6_F3_m7f3_P7_Y20_UO281,RD3_F2_m9f6_P9_Y20_UO15,FXX,1,0.0,0,0,0.0,0,0,0,-9999.0,0.5018310546875,1,P8_CV0,1,0,2,0,2
3,4.20367802087489,4.955022315058112,RD3_F6_m6f2_P6_Y22_UO126,RD6_F9_m6f3_P6_Y20_UO189,RD2_F5_m1f5_P1_Y20_UO63,MXY,1,0.0,0,0,0.0,0,0,0,-9999.0,0.50048828125,1,P8_CV0,1,1,1,1,1
3,4.20367802087489,4.955022315058112,RD3_F6_m6f2_P6_Y22_UO127,RD6_F9_m6f3_P6_Y20_UO189,RD2_F5_m1f5_P1_Y20_UO63,FXX,1,0.0,0,0,0.0,0,0,0,-9999.0,0.50048828125,1,P8_CV0,1,1,1,2,0
3,4.20367802087489,4.955022315058112,RD3_F6_m6f3_P6_Y22_UO176,RD6_F9_m2f6_P2_Y20_UO74,RD3_F2_m9f6_P9_Y20_UO15,FXX,1,0.0,0,0,0.0,0,0,0,-9999.0,0.50439453125,1,P8_CV0,1,2,0,1,1
3,4.20367802087489,4.955022315058112,RD3_F6_m6f3_P6_Y22_UO179,RD6_F9_m2f6_P2_Y20_UO74,RD3_F2_m9f6_P9_Y20_UO15,FXX,1,0.0,0,0,0.0,0,0,0,-9999.0,0.50439453125,1,P8_CV0,1,2,0,1,1
3,4.20367802087489,4.955022315058112,RD3_F6_m6f3_P6_Y22_UO607,RD6_F3_m7f3_P7_Y20_UO664,RD3_F2_m9f6_P9_Y20_UO15,FXX,1,0.0,0,0,0.0,0,0,0,-9999.0,0.5013427734375,1,P8_CV0,1,1,1,1,1
3,4.20367802087489,4.955022315058112,RD3_F7_m7f3_P7_Y22_UO283,RD7_F3_m7f3_P7_Y20_UO129,RD3_F7_m3f5_P3_Y20_UO25,FXX,1,0.0,0,0,0.0,0,0,0,-9999.0,0.5140380859375,1,P8_CV0,1,1,1,2,0
3,4.20367802087489,4.955022315058112,RD3_F7_m7f3_P7_Y22_UO284,RD7_F3_m7f3_P7_Y20_UO129,RD3_F7_m3f5_P3_Y20_UO25,MXY,1,0.0,0,0,0.0,0,0,0,-9999.0,0.5140380859375,1,P8_CV0,1,2,0,2,0
3,4.20367802087489,4.955022315058112,RD3_F2_m6f9_P6_Y21_UO423,RD6_F2_m9f6_P9_Y19_UO107,RD9_F6_m9f6_P9_Y19_UO251,MXY,2,0.0,1,0,0.0,0,0,0,-9999.0,0.499755859375,1,P8_CV0,1,1,1,0,2
4,2.046486340378425,9.289064495259955,RD4_F8_m8f4_P8_Y22_UO355,RD8_F4_m8f4_P8_Y20_UO192,RD4_F8_m4f7_P4_Y20_UO149,MXY,1,0.0,0,0,0.0,0,0,0,-9999.0,0.5411376953125,1,P1_CV0,1,0,2,1,1
4,2.046486340378425,9.289064495259955,RD4_F8_m8f4_P8_Y22_UO357,RD8_F4_m8f4_P8_Y20_UO192,RD4_F8_m4f7_P4_Y20_UO149,FXX,1,0.0,0,0,0.0,0,0,0,-9999.0,0.5411376953125,1,P1_CV0,1,1,1,0,2
4,2.046486340378425,9.289064495259955,RD4_F8_m8f4_P8_Y22_UO180,RD8_F4_m8f4_P8_Y20_UO65,RD4_F7_m9f2_P9_Y18_UO23,MXY,1,0.0,0,0,0.0,0,0,0,-9999.0,0.5040283203125,1,P1_CV0,1,0,2,0,2
4,2.046486340378425,9.289064495259955,RD4_F8_m8f4_P8_Y22_UO356,RD8_F4_m8f4_P8_Y20_UO192,RD4_F8_m4f7_P4_Y20_UO149,FXX,1,0.0,0,0,0.0,0,0,0,-9999.0,0.5411376953125,1,P1_CV0,1,2,0,1,1
4,2.046486340378425,9.289064495259955,RD4_F8_m8f4_P8_Y22_UO102,RD8_F4_m7f3_P7_Y20_UO146,RD4_F7_m4f8_P4_Y20_UO482,FXX,1,0.0,0,0,0.0,0,0,0,-9999.0,0.5252685546875,1,P1_CV0,1,1,1,1,1
4,2.046486340378425,9.289064495259955,RD4_F7_m7f4_P7_Y22_UO131,RD7_F4_m8f4_P8_Y20_UO403,RD4_F7_m4f8_P4_Y20_UO482,MXY,1,0.0,0,0,0.0,0,0,0,-9999.0,0.5203857421875,1,P1_CV0,1,0,2,1,1
4,2.046486340378425,9.289064495259955,RD4_F8_m8f4_P8_Y22_UO316,RD8_F4_m7f4_P7_Y20_UO508,RD4_F7_m9f2_P9_Y18_UO23,MXY,1,0.0,0,0,0.0,0,0,0,-9999.0,0.4927978515625,1,P1_CV0,1,1,1,1,1
4,2.046486340378425,9.289064495259955,RD4_F8_m4f8_P4_Y19_UO339,RD4_F7_m3f2_P3_Y17_UO90,RD8_F4_m8f4_P8_Y17_UO216,MXY,4,0.0,1,0,0.0,0,0,0,-9999.0,0.4921875,1,P1_CV0,1,0,2,1,1
4,2.046486340378425,9.289064495259955,RD4_F8_m8f4_P8_Y22_UO183,RD8_F4_m8f4_P8_Y20_UO324,RD4_F8_m4f7_P4_Y20_UO549,FXX,1,0.0,0,0,0.0,0,0,0,-9999.0,0.5135498046875,1,P3_CV0,1,1,1,2,0
4,2.046486340378425,9.289064495259955,RD4_F7_m7f4_P7_Y22_UO103,RD7_F4_m8f4_P8_Y20_UO585,RD4_F8_m4f7_P4_Y20_UO549,FXX,1,0.0,0,0,0.0,0,0,0,-9999.0,0.5120849609375,1,P3_CV0,1,2,0,2,0
4,2.046486340378425,9.289064495259955,RD4_F8_m8f4_P8_Y22_UO560,RD8_F4_m7f4_P7_Y20_UO563,RD4_F7_m4f8_P4_Y20_UO482,FXX,1,0.0,0,0,0.0,0,0,0,-9999.0,0.524658203125,1,P3_CV0,1,2,0,2,0
4,2.046486340378425,9.289064495259955,RD4_F8_m8f4_P8_Y22_UO467,RD8_F4_m8f4_P8_Y20_UO46,RD4_F8_m4f7_P4_Y20_UO549,MXY,1,0.0,0,0,0.0,0,0,0,-9999.0,0.5302734375,1,P3_CV0,1,0,2,2,0
4,2.046486340378425,9.289064495259955,RD4_F7_m7f4_P7_Y22_UO148,RD7_F4_m8f4_P8_Y20_UO403,RD4_F8_m4f8_P4_Y20_UO176,MXY,1,0.0,0,0,0.0,0,0,0,-9999.0,0.50830078125,1,P3_CV0,1,1,1,1,1
4,2.046486340378425,9.289064495259955,RD4_F7_m7f3_P7_Y22_UO276,RD7_F3_m7f4_P7_Y20_UO294,RD3_F7_m4f7_P4_Y20_UO551,MXY,1,0.0,0,0,0.0,0,0,0,-9999.0,0.507568359375,1,P3_CV0,1,0,2,1,1
4,2.046486340378425,9.289064495259955,RD4_F8_m8f4_P8_Y22_UO463,RD8_F4_m8f4_P8_Y20_UO192,RD4_F8_m4f8_P4_Y20_UO417,MXY,1,0.0,0,0,0.0,0,0,0,-9999.0,0.5279541015625,1,P3_CV0,1,2,0,2,0
4,2.046486340378425,9.289064495259955,RD4_F8_m8f4_P8_Y22_UO468,RD8_F4_m8f4_P8_Y20_UO46,RD4_F8_m4f7_P4_Y20_UO549,FXX,1,0.0,0,0,0.0,0,0,0,-9999.0,0.5302734375,1,P3_CV0,1,2,0,1,1
4,2.046486340378425,9.289064495259955,RD4_F8_m8f4_P8_Y22_UO226,RD8_F4_m8f4_P8_Y20_UO324,RD4_F7_m3f2_P3_Y20_UO419,FXX,1,0.0,0,0,0.0,0,0,0,-9999.0,0.5137939453125,1,P3_CV0,1,1,1,2,0
4,2.046486340378425,9.289064495259955,RD4_F8_m8f4_P8_Y22_UO184,RD8_F4_m8f4_P8_Y20_UO324,RD4_F8_m4f7_P4_Y20_UO549,FXX,1,0.0,0,0,0.0,0,0,0,-9999.0,0.5135498046875,1,P3_CV0,1,0,2,2,0
4,2.046486340378425,9.289064495259955,RD4_F8_m8f4_P8_Y22_UO466,RD8_F4_m8f4_P8_Y20_UO46,RD4_F8_m4f7_P4_Y20_UO549,FXX,1,0.0,0,0,0.0,0,0,0,-9999.0,0.5302734375,1,P3_CV0,1,0,2,2,0
4,2.046486340378425,9.289064495259955,RD4_F8_m8f4_P8_Y22_UO436,RD8_F4_m7f4_P7_Y20_UO423,RD4_F8_m4f8_P4_Y20_UO176,FXX,1,0.0,0,0,0.0,0,0,0,-9999.0,0.51416015625,1,P3_CV0,1,1,1,1,1
4,2.046486340378425,9.289064495259955,RD4_F8_m8f4_P8_Y22_UO315,RD8_F4_m7f3_P7_Y20_UO410,RD4_F8_m4f8_P4_Y20_UO417,MXY,1,0.0,0,0,0.0,0,0,0,-9999.0,0.5115966796875,1,P3_CV0,1,1,1,1,1
4,2.046486340378425,9.289064495259955,RD4_F8_m8f4_P8_Y22_UO181,RD8_F4_m8f4_P8_Y20_UO65,RD4_F7_m9f2_P9_Y18_UO23,MXY,1,0.0,0,0,0.0,0,0,0,-9999.0,0.5040283203125,1,P3_CV0,1,1,1,1,1
4,2.046486340378425,9.289064495259955,RD4_F8_m8f4_P8_Y22_UO545,RD8_F4_m7f4_P7_Y20_UO508,RD4_F8_m4f8_P4_Y20_UO417,MXY,1,0.0,0,0,0.0,0,0,0,-9999.0,0.507080078125,1,P3_CV0,1,1,1,2,0
4,2.046486340378425,9.289064495259955,RD4_F8_m8f4_P8_Y22_UO447,RD8_F4_m7f3_P7_Y20_UO396,RD4_F7_m9f2_P9_Y18_UO380,FXX,1,0.0,0,0,0.0,0,0,0,-9999.0,0.5335693359375,1,P3_CV0,1,1,1,0,2
4,2.046486340378425,9.289064495259955,RD4_F8_m8f4_P8_Y22_UO330,RD8_F4_m7f4_P7_Y20_UO423,RD4_F8_m4f7_P4_Y20_UO149,MXY,1,0.0,0,0,0.0,0,0,0,-9999.0,0.533203125,1,P3_CV0,1,2,0,1,1
4,2.046486340378425,9.289064495259955,RD4_F8_m8f4_P8_Y22_UO464,RD8_F4_m8f4_P8_Y20_UO192,RD4_F8_m4f8_P4_Y20_UO417,FXX,1,0.0,0,0,0.0,0,0,0,-9999.0,0.5279541015625,1,P3_CV0,1,1,1,1,1
4,2.046486340378425,9.289064495259955,RD4_F8_m8f4_P8_Y22_UO311,RD8_F4_m8f4_P8_Y20_UO131,RD4_F8_m4f8_P4_Y20_UO452,FXX,1,0.0,0,0,0.0,0,0,0,-9999.0,0.533935546875,1,P3_CV0,1,2,0,0,2
4,2.046486340378425,9.289064495259955,RD4_F8_m8f4_P8_Y22_UO558,RD8_F4_m7f4_P7_Y20_UO563,RD4_F7_m4f8_P4_Y20_UO482,FXX,1,0.0,0,0,0.0,0,0,0,-9999.0,0.524658203125,1,P3_CV0,1,2,0,1,1
4,2.046486340378425,9.289064495259955,RD4_F8_m8f4_P8_Y22_UO546,RD8_F4_m7f4_P7_Y20_UO508,RD4_F8_m4f8_P4_Y20_UO417,FXX,1,0.0,0,0,0.0,0,0,0,-9999.0,0.507080078125,1,P3_CV0,1,1,1,2,0
4,2.046486340378425,9.289064495259955,RD4_F8_m8f4_P8_Y22_UO575,RD8_F4_m8f4_P8_Y20_UO636,RD4_F8_m4f8_P4_Y20_UO176,MXY,1,0.0,0,0,0.0,0,0,0,-9999.0,0.509765625,1,P3_CV0,1,2,0,1,1
4,2.046486340378425,9.289064495259955,RD4_F8_m8f4_P8_Y22_UO448,RD8_F4_m7f3_P7_Y20_UO396,RD4_F7_m9f2_P9_Y18_UO380,FXX,1,0.0,0,0,0.0,0,0,0,-9999.0,0.5335693359375,1,P3_CV0,1,2,0,1,1
4,2.046486340378425,9.289064495259955,RD4_F8_m8f4_P8_Y22_UO227,RD8_F4_m8f4_P8_Y20_UO324,RD4_F7_m3f2_P3_Y20_UO419,MXY,1,0.0,0,0,0.0,0,0,0,-9999.0,0.5137939453125,1,P3_CV0,1,1,1,1,1
4,2.046486340378425,9.289064495259955,RD4_F8_m8f4_P8_Y22_UO17,RD8_F4_m8f4_P8_Y20_UO131,RD4_F7_m3f2_P3_Y20_UO569,MXY,1,0.0,0,0,0.0,0,0,0,-9999.0,0.521484375,1,P3_CV0,1,1,1,0,2
4,2.046486340378425,9.289064495259955,RD4_F8_m8f4_P8_Y22_UO470,RD8_F4_m7f3_P7_Y20_UO438,RD4_F8_m4f7_P4_Y20_UO549,MXY,1,0.0,0,0,0.0,0,0,0,-9999.0,0.5291748046875,1,P3_CV0,1,2,0,1,1
4,2.046486340378425,9.289064495259955,RD4_F8_m8f4_P8_Y22_UO556,RD8_F4_m7f4_P7_Y20_UO424,RD4_F8_m4f8_P4_Y20_UO417,FXX,1,0.0,0,0,0.0,0,0,0,-9999.0,0.52001953125,1,P3_CV0,1,2,0,2,0
4,2.046486340378425,9.289064495259955,RD4_F8_m8f4_P8_Y22_UO313,RD8_F4_m8f4_P8_Y20_UO131,RD4_F8_m4f8_P4_Y20_UO452,FXX,1,0.0,0,0,0.0,0,0,0,-9999.0,0.533935546875,1,P3_CV0,1,2,0,0,2
4,2.046486340378425,9.289064495259955,RD4_F8_m8f4_P8_Y22_UO559,RD8_F4_m7f4_P7_Y20_UO563,RD4_F7_m4f8_P4_Y20_UO482,MXY,1,0.0,0,0,0.0,0,0,0,-9999.0,0.524658203125,1,P3_CV0,1,1,1,2,0
4,2.046486340378425,9.289064495259955,RD4_F8_m8f4_P8_Y22_UO527,RD8_F4_m7f4_P7_Y20_UO226,RD4_F7_m9f2_P9_Y18_UO380,MXY,1,0.0,0,0,0.0,0,0,0,-9999.0,0.531494140625,1,P3_CV0,1,1,1,1,1
4,2.046486340378425,9.289064495259955,RD4_F8_m7f3_P7_Y20_UO408,RD7_F3_m6f2_P6_Y18_UO613,RD3_F7_m4f8_P4_Y18_UO229,FXX,3,0.0,1,0,1.0,0,0,0,-9999.0,0.531982421875,1,P3_CV0,1,1,1,1,1
4,2.046486340378425,9.289064495259955,RD4_F8_m8f4_P8_Y20_UO503,RD8_F4_m7f3_P7_Y18_UO221,RD4_F7_m4f8_P4_Y18_UO145,MXY,3,0.0,1,0,0.0,0,0,0,-9999.0,0.53271484375,1,P3_CV0,1,2,0,1,1
4,2.046486340378425,9.289064495259955,RD4_F7_m5f2_P5_Y20_UO44,RD5_F1_m5f2_P5_Y18_UO268,RD2_F3_m2f5_P2_Y18_UO201,FXX,3,0.0,1,0,1.0,0,0,0,-9999.0,0.5048828125,1,P3_CV0,1,0,2,2,0
4,2.046486340378425,9.289064495259955,RD4_F8_m8f4_P8_Y22_UO221,RD8_F4_m7f4_P7_Y20_UO35,RD4_F7_m3f2_P3_Y20_UO567,FXX,1,0.0,0,0,0.0,0,0,0,-9999.0,0.5208740234375,1,P4_CV0,1,2,0,1,1
4,2.046486340378425,9.289064495259955,RD4_F7_m7f3_P7_Y22_UO639,RD7_F4_m8f4_P8_Y20_UO558,RD3_F2_m2f3_P2_Y19_UO344,FXX,1,0.0,0,0,0.0,0,0,0,-9999.0,0.5198974609375,1,P4_CV0,1,1,1,0,2
4,2.046486340378425,9.289064495259955,RD4_F8_m8f4_P8_Y22_UO329,RD8_F4_m7f4_P7_Y20_UO423,RD4_F8_m4f7_P4_Y20_UO149,MXY,1,0.0,0,0,0.0,0,0,0,-9999.0,0.533203125,1,P4_CV0,1,1,1,1,1
4,2.046486340378425,9.289064495259955,RD4_F7_m7f3_P7_Y22_UO364,RD7_F3_m7f4_P7_Y20_UO667,RD3_F7_m3f5_P3_Y20_UO25,FXX,1,0.0,0,0,0.0,0,0,0,-9999.0,0.525146484375,1,P4_CV0,1,2,0,1,1
4,2.046486340378425,9.289064495259955,RD4_F7_m7f3_P7_Y22_UO635,RD7_F4_m8f4_P8_Y20_UO558,RD3_F2_m2f3_P2_Y19_UO344,FXX,1,0.0,0,0,0.0,0,0,0,-9999.0,0.5198974609375,1,P4_CV0,1,1,1,0,2
4,2.046486340378425,9.289064495259955,RD4_F8_m8f4_P8_Y22_UO622,RD8_F4_m7f3_P7_Y20_UO534,RD4_F8_m4f8_P4_Y20_UO173,FXX,1,0.0,0,0,0.0,0,0,0,-9999.0,0.514404296875,1,P4_CV0,1,1,1,2,0
4,2.046486340378425,9.289064495259955,RD4_F7_m7f3_P7_Y22_UO636,RD7_F4_m8f4_P8_Y20_UO558,RD3_F2_m2f3_P2_Y19_UO344,FXX,1,0.0,0,0,0.0,0,0,0,-9999.0,0.5198974609375,1,P4_CV0,1,2,0,0,2
4,2.046486340378425,9.289064495259955,RD4_F8_m8f4_P8_Y22_UO503,RD8_F4_m7f3_P7_Y20_UO438,RD4_F8_m4f8_P4_Y20_UO173,MXY,1,0.0,0,0,0.0,0,0,0,-9999.0,0.526123046875,1,P4_CV0,1,1,1,2,0
4,2.046486340378425,9.289064495259955,RD4_F8_m8f4_P8_Y22_UO469,RD8_F4_m7f3_P7_Y20_UO438,RD4_F8_m4f7_P4_Y20_UO549,MXY,1,0.0,0,0,0.0,0,0,0,-9999.0,0.5291748046875,1,P4_CV0,1,0,2,2,0
4,2.046486340378425,9.289064495259955,RD4_F8_m8f4_P8_Y22_UO220,RD8_F4_m7f4_P7_Y20_UO35,RD4_F7_m3f2_P3_Y20_UO567,FXX,1,0.0,0,0,0.0,0,0,0,-9999.0,0.5208740234375,1,P4_CV0,1,2,0,0,2
4,2.046486340378425,9.289064495259955,RD4_F8_m8f4_P8_Y22_UO492,RD8_F4_m8f4_P8_Y20_UO272,RD4_F8_m4f7_P4_Y20_UO149,MXY,1,0.0,0,0,0.0,0,0,0,-9999.0,0.5462646484375,1,P4_CV0,1,1,1,2,0
4,2.046486340378425,9.289064495259955,RD4_F8_m8f4_P8_Y22_UO194,RD8_F4_m7f3_P7_Y20_UO146,RD4_F8_m4f8_P4_Y20_UO173,FXX,1,0.0,0,0,0.0,0,0,0,-9999.0,0.51318359375,1,P4_CV0,1,1,1,2,0
4,2.046486340378425,9.289064495259955,RD4_F7_m7f4_P7_Y22_UO67,RD7_F4_m8f4_P8_Y20_UO403,RD4_F8_m4f8_P4_Y20_UO173,FXX,1,0.0,0,0,0.0,0,0,0,-9999.0,0.50830078125,1,P4_CV0,1,1,1,2,0
4,2.046486340378425,9.289064495259955,RD4_F7_m7f4_P7_Y22_UO160,RD7_F4_m7f3_P7_Y20_UO663,RD4_F8_m4f8_P4_Y20_UO173,FXX,1,0.0,0,0,0.0,0,0,0,-9999.0,0.505859375,1,P4_CV0,1,1,1,2,0
4,2.046486340378425,9.289064495259955,RD4_F8_m8f4_P8_Y22_UO403,RD8_F4_m8f4_P8_Y20_UO650,RD4_F8_m4f8_P4_Y20_UO452,MXY,1,0.0,0,0,0.0,0,0,0,-9999.0,0.5406494140625,1,P4_CV0,1,1,1,1,1
4,2.046486340378425,9.289064495259955,RD4_F7_m7f3_P7_Y22_UO365,RD7_F3_m7f4_P7_Y20_UO667,RD3_F7_m3f5_P3_Y20_UO25,FXX,1,0.0,0,0,0.0,0,0,0,-9999.0,0.525146484375,1,P4_CV0,1,2,0,0,2
4,2.046486340378425,9.289064495259955,RD4_F8_m8f4_P8_Y22_UO490,RD8_F4_m8f4_P8_Y20_UO272,RD4_F8_m4f7_P4_Y20_UO149,MXY,1,0.0,0,0,0.0,0,0,0,-9999.0,0.5462646484375,1,P4_CV0,1,1,1,1,1
4,2.046486340378425,9.289064495259955,RD4_F7_m7f4_P7_Y22_UO70,RD7_F4_m8f4_P8_Y20_UO403,RD4_F8_m4f8_P4_Y20_UO173,FXX,1,0.0,0,0,0.0,0,0,0,-9999.0,0.50830078125,1,P4_CV0,1,1,1,2,0
4,2.046486340378425,9.289064495259955,RD4_F8_m8f4_P8_Y22_UO222,RD8_F4_m7f4_P7_Y20_UO35,RD4_F7_m3f2_P3_Y20_UO567,FXX,1,0.0,0,0,0.0,0,0,0,-9999.0,0.5208740234375,1,P4_CV0,1,1,1,0,2
4,2.046486340378425,9.289064495259955,RD4_F8_m8f4_P8_Y22_UO505,RD8_F4_m7f3_P7_Y20_UO438,RD4_F8_m4f8_P4_Y20_UO173,FXX,1,0.0,0,0,0.0,0,0,0,-9999.0,0.526123046875,1,P4_CV0,1,2,0,2,0
4,2.046486340378425,9.289064495259955,RD4_F7_m7f4_P7_Y22_UO325,RD7_F4_m7f4_P7_Y20_UO422,RD4_F8_m4f8_P4_Y20_UO452,FXX,1,0.0,0,0,0.0,0,0,0,-9999.0,0.5296630859375,1,P4_CV0,1,2,0,2,0
4,2.046486340378425,9.289064495259955,RD4_F7_m7f3_P7_Y22_UO282,RD7_F3_m7f3_P7_Y20_UO129,RD3_F7_m3f5_P3_Y20_UO25,MXY,1,0.0,0,0,0.0,0,0,0,-9999.0,0.5140380859375,1,P4_CV0,1,2,0,2,0
4,2.046486340378425,9.289064495259955,RD4_F7_m7f3_P7_Y22_UO167,RD7_F4_m8f4_P8_Y20_UO403,RD3_F7_m3f5_P3_Y20_UO25,FXX,1,0.0,0,0,0.0,0,0,0,-9999.0,0.5115966796875,1,P4_CV0,1,0,2,0,2
4,2.046486340378425,9.289064495259955,RD4_F8_m8f4_P8_Y22_UO66,RD8_F4_m7f4_P7_Y20_UO226,RD4_F8_m4f8_P4_Y20_UO173,FXX,1,0.0,0,0,0.0,0,0,0,-9999.0,0.5159912109375,1,P4_CV0,1,2,0,2,0
4,2.046486340378425,9.289064495259955,RD4_F8_m7f3_P7_Y20_UO439,RD7_F4_m7f3_P7_Y18_UO194,RD3_F7_m4f8_P4_Y16_UO472,MXY,3,0.0,1,0,0.0,0,0,0,-9999.0,0.548095703125,1,P4_CV0,1,0,2,1,1
4,2.046486340378425,9.289064495259955,RD4_F7_m7f4_P7_Y22_UO116,RD7_F4_m7f4_P7_Y20_UO37,RD4_F7_m3f2_P3_Y20_UO567,MXY,1,0.0,0,0,0.0,0,0,0,-9999.0,0.5208740234375,1,P5_CV0,1,2,0,2,0
4,2.046486340378425,9.289064495259955,RD4_F7_m7f4_P7_Y22_UO489,RD7_F4_m8f4_P8_Y20_UO558,RD4_F7_m5f3_P5_Y19_UO222,MXY,1,0.0,0,0,0.0,0,0,0,-9999.0,0.5155029296875,1,P5_CV0,1,0,2,0,2
4,2.046486340378425,9.289064495259955,RD4_F7_m7f4_P7_Y22_UO648,RD7_F4_m7f4_P7_Y20_UO27,RD4_F7_m9f2_P9_Y18_UO380,FXX,1,0.0,0,0,0.0,0,0,0,-9999.0,0.5263671875,1,P5_CV0,1,0,2,1,1
4,2.046486340378425,9.289064495259955,RD4_F7_m7f4_P7_Y22_UO118,RD7_F4_m7f4_P7_Y20_UO37,RD4_F7_m3f2_P3_Y20_UO567,FXX,1,0.0,0,0,0.0,0,0,0,-9999.0,0.5208740234375,1,P5_CV0,1,1,1,2,0
4,2.046486340378425,9.289064495259955,RD4_F7_m7f3_P7_Y22_UO166,RD7_F4_m8f4_P8_Y20_UO403,RD3_F7_m3f5_P3_Y20_UO25,FXX,1,0.0,0,0,0.0,0,0,0,-9999.0,0.5115966796875,1,P5_CV0,1,0,2,0,2
4,2.046486340378425,9.289064495259955,RD4_F7_m7f4_P7_Y22_UO144,RD7_F4_m8f4_P8_Y20_UO403,RD4_F8_m4f8_P4_Y20_UO176,MXY,1,0.0,0,0,0.0,0,0,0,-9999.0,0.50830078125,1,P5_CV0,1,1,1,1,1
4,2.046486340378425,9.289064495259955,RD4_F7_m7f4_P7_Y22_UO136,RD7_F4_m8f4_P8_Y20_UO403,RD4_F7_m4f8_P4_Y20_UO482,MXY,1,0.0,0,0,0.0,0,0,0,-9999.0,0.5203857421875,1,P5_CV0,1,1,1,1,1
4,2.046486340378425,9.289064495259955,RD4_F7_m7f3_P7_Y22_UO171,RD7_F4_m8f4_P8_Y20_UO403,RD3_F7_m3f5_P3_Y20_UO25,MXY,1,0.0,0,0,0.0,0,0,0,-9999.0,0.5115966796875,1,P5_CV0,1,0,2,1,1
4,2.046486340378425,9.289064495259955,RD4_F8_m8f4_P8_Y22_UO32,RD8_F4_m8f4_P8_Y20_UO272,RD4_F8_m4f7_P4_Y20_UO220,FXX,1,0.0,0,0,0.0,0,0,0,-9999.0,0.5250244140625,1,P5_CV0,1,0,2,2,0
4,2.046486340378425,9.289064495259955,RD4_F7_m7f4_P7_Y22_UO134,RD7_F4_m8f4_P8_Y20_UO403,RD4_F7_m4f8_P4_Y20_UO482,FXX,1,0.0,0,0,0.0,0,0,0,-9999.0,0.5203857421875,1,P5_CV0,1,1,1,0,2
4,2.046486340378425,9.289064495259955,RD4_F8_m8f4_P8_Y22_UO317,RD8_F4_m7f4_P7_Y20_UO508,RD4_F7_m9f2_P9_Y18_UO23,FXX,1,0.0,0,0,0.0,0,0,0,-9999.0,0.4927978515625,1,P5_CV0,1,1,1,1,1
4,2.046486340378425,9.289064495259955,RD4_F7_m7f4_P7_Y22_UO37,RD7_F4_m7f4_P7_Y20_UO29,RD4_F7_m4f8_P4_Y20_UO171,MXY,1,0.0,0,0,0.0,0,0,0,-9999.0,0.5107421875,1,P5_CV0,1,0,2,0,2
4,2.046486340378425,9.289064495259955,RD4_F7_m7f4_P7_Y22_UO163,RD7_F4_m7f3_P7_Y20_UO663,RD4_F8_m4f8_P4_Y20_UO173,MXY,1,0.0,0,0,0.0,0,0,0,-9999.0,0.505859375,1,P5_CV0,1,1,1,2,0
4,2.046486340378425,9.289064495259955,RD4_F7_m7f4_P7_Y22_UO142,RD7_F4_m7f4_P7_Y20_UO27,RD4_F7_m3f2_P3_Y20_UO567,FXX,1,0.0,0,0,0.0,0,0,0,-9999.0,0.513916015625,1,P5_CV0,1,1,1,1,1
4,2.046486340378425,9.289064495259955,RD4_F7_m7f4_P7_Y22_UO121,RD7_F4_m7f4_P7_Y20_UO37,RD4_F7_m3f2_P3_Y20_UO567,MXY,1,0.0,0,0,0.0,0,0,0,-9999.0,0.5208740234375,1,P5_CV0,1,2,0,1,1
4,2.046486340378425,9.289064495259955,RD4_F7_m7f4_P7_Y22_UO646,RD7_F4_m7f4_P7_Y20_UO27,RD4_F7_m9f2_P9_Y18_UO380,MXY,1,0.0,0,0,0.0,0,0,0,-9999.0,0.5263671875,1,P5_CV0,1,1,1,1,1
4,2.046486340378425,9.289064495259955,RD4_F7_m7f4_P7_Y22_UO117,RD7_F4_m7f4_P7_Y20_UO37,RD4_F7_m3f2_P3_Y20_UO567,FXX,1,0.0,0,0,0.0,0,0,0,-9999.0,0.5208740234375,1,P5_CV0,1,1,1,2,0
4,2.046486340378425,9.289064495259955,RD4_F8_m8f4_P8_Y22_UO34,RD8_F4_m8f4_P8_Y20_UO272,RD4_F8_m4f7_P4_Y20_UO220,FXX,1,0.0,0,0,0.0,0,0,0,-9999.0,0.5250244140625,1,P5_CV0,1,1,1,1,1
4,2.046486340378425,9.289064495259955,RD4_F8_m8f4_P8_Y22_UO399,RD8_F4_m8f4_P8_Y20_UO271,RD4_F7_m4f8_P4_Y20_UO171,MXY,1,0.0,0,0,0.0,0,0,0,-9999.0,0.527099609375,1,P5_CV0,1,2,0,1,1
4,2.046486340378425,9.289064495259955,RD4_F7_m7f4_P7_Y22_UO141,RD7_F4_m7f4_P7_Y20_UO27,RD4_F7_m3f2_P3_Y20_UO567,FXX,1,0.0,0,0,0.0,0,0,0,-9999.0,0.513916015625,1,P5_CV0,1,1,1,1,1
4,2.046486340378425,9.289064495259955,RD4_F8_m8f4_P8_Y22_UO665,RD8_F4_m8f4_P8_Y20_UO131,RD4_F8_m4f7_P4_Y20_UO220,MXY,1,0.0,0,0,0.0,0,0,0,-9999.0,0.5162353515625,1,P5_CV0,1,1,1,0,2
4,2.046486340378425,9.289064495259955,RD4_F7_m7f4_P7_Y22_UO119,RD7_F4_m7f4_P7_Y20_UO37,RD4_F7_m3f2_P3_Y20_UO567,MXY,1,0.0,0,0,0.0,0,0,0,-9999.0,0.5208740234375,1,P5_CV0,1,2,0,2,0
4,2.046486340378425,9.289064495259955,RD4_F7_m7f4_P7_Y22_UO143,RD7_F4_m7f4_P7_Y20_UO27,RD4_F7_m3f2_P3_Y20_UO567,MXY,1,0.0,0,0,0.0,0,0,0,-9999.0,0.513916015625,1,P5_CV0,1,1,1,1,1
4,2.046486340378425,9.289064495259955,RD4_F8_m8f4_P8_Y22_UO660,RD8_F4_m7f4_P7_Y20_UO616,RD4_F7_m3f2_P3_Y20_UO567,MXY,1,0.0,0,0,0.0,0,0,0,-9999.0,0.5157470703125,1,P5_CV0,1,2,0,2,0
4,2.046486340378425,9.289064495259955,RD4_F7_m7f4_P7_Y22_UO132,RD7_F4_m8f4_P8_Y20_UO403,RD4_F7_m4f8_P4_Y20_UO482,FXX,1,0.0,0,0,0.0,0,0,0,-9999.0,0.5203857421875,1,P5_CV0,1,1,1,1,1
4,2.046486340378425,9.289064495259955,RD4_F7_m7f4_P7_Y22_UO135,RD7_F4_m8f4_P8_Y20_UO403,RD4_F7_m4f8_P4_Y20_UO482,FXX,1,0.0,0,0,0.0,0,0,0,-9999.0,0.5203857421875,1,P5_CV0,1,1,1,2,0
4,2.046486340378425,9.289064495259955,RD4_F8_m8f4_P8_Y22_UO491,RD8_F4_m8f4_P8_Y20_UO272,RD4_F8_m4f7_P4_Y20_UO149,FXX,1,0.0,0,0,0.0,0,0,0,-9999.0,0.5462646484375,1,P5_CV0,1,1,1,0,2
4,2.046486340378425,9.289064495259955,RD4_F7_m7f4_P7_Y20_UO27,RD7_F3_m2f6_P2_Y18_UO601,RD4_F8_m4f8_P4_Y18_UO175,FXX,3,0.0,1,0,1.0,0,0,0,-9999.0,0.517578125,1,P5_CV0,1,1,1,1,1
4,2.046486340378425,9.289064495259955,RD4_F8_m8f4_P8_Y22_UO328,RD8_F4_m8f4_P8_Y20_UO131,RD4_F8_m4f7_P4_Y20_UO253,MXY,1,0.0,0,0,0.0,0,0,0,-9999.0,0.5225830078125,1,P7_CV0,1,0,2,1,1
4,2.046486340378425,9.289064495259955,RD4_F8_m8f4_P8_Y22_UO314,RD8_F4_m7f3_P7_Y20_UO410,RD4_F8_m4f8_P4_Y20_UO417,FXX,1,0.0,0,0,0.0,0,0,0,-9999.0,0.5115966796875,1,P7_CV0,1,1,1,1,1
4,2.046486340378425,9.289064495259955,RD4_F8_m8f4_P8_Y22_UO327,RD8_F4_m8f4_P8_Y20_UO131,RD4_F8_m4f7_P4_Y20_UO253,FXX,1,0.0,0,0,0.0,0,0,0,-9999.0,0.5225830078125,1,P7_CV0,1,1,1,1,1
4,2.046486340378425,9.289064495259955,RD4_F7_m7f3_P7_Y22_UO280,RD7_F3_m7f3_P7_Y20_UO129,RD3_F7_m3f5_P3_Y20_UO25,MXY,1,0.0,0,0,0.0,0,0,0,-9999.0,0.5140380859375,1,P8_CV0,1,0,2,2,0
5,2.9965467367452314,4.002409126542999,RD5_F1_m5f2_P5_Y21_UO233,RD5_F3_m7f3_P7_Y19_UO371,RD2_F6_m7f3_P7_Y18_UO551,FXX,2,0.0,1,0,1.0,0,0,0,-9999.0,0.5185546875,1,P0_CV0,1,1,1,2,0
5,2.9965467367452314,4.002409126542999,RD5_F3_m7f4_P7_Y21_UO371,RD7_F3_m7f3_P7_Y19_UO353,RD4_F7_m8f4_P8_Y18_UO63,MXY,2,0.0,1,0,0.0,0,0,0,-9999.0,0.517822265625,1,P0_CV0,1,0,2,2,0
5,2.9965467367452314,4.002409126542999,RD5_F1_m5f1_P5_Y21_UO317,RD5_F3_m7f3_P7_Y19_UO371,RD1_F5_m5f1_P5_Y18_UO230,MXY,2,0.0,1,0,0.0,0,0,0,-9999.0,0.49560546875,1,P0_CV0,1,0,2,2,0
5,2.9965467367452314,4.002409126542999,RD5_F1_m7f3_P7_Y19_UO371,RD7_F3_m2f3_P2_Y17_UO421,RD3_F2_m6f2_P6_Y16_UO306,FXX,4,0.0,1,0,1.0,0,0,0,-9999.0,0.51220703125,1,P0_CV0,1,0,2,2,0
5,2.9965467367452314,4.002409126542999,RD5_F1_m1f5_P1_Y22_UO262,RD1_F5_m1f5_P1_Y20_UO61,RD5_F1_m5f2_P5_Y20_UO177,FXX,1,0.0,0,0,0.0,0,0,0,-9999.0,0.507080078125,1,P1_CV0,1,1,1,0,2
5,2.9965467367452314,4.002409126542999,RD5_F3_m3f2_P3_Y22_UO336,RD3_F2_m3f6_P3_Y20_UO155,RD2_F6_m3f6_P3_Y20_UO348,FXX,1,0.0,0,0,0.0,0,0,0,-9999.0,0.5098876953125,1,P1_CV0,1,0,2,1,1
5,2.9965467367452314,4.002409126542999,RD5_F2_m2f6_P2_Y22_UO156,RD2_F9_m2f6_P2_Y20_UO75,RD6_F2_m3f2_P3_Y20_UO486,FXX,1,0.0,0,0,0.0,0,0,0,-9999.0,0.51318359375,1,P1_CV0,1,1,1,2,0
5,2.9965467367452314,4.002409126542999,RD5_F2_m2f6_P2_Y22_UO158,RD2_F9_m2f6_P2_Y20_UO75,RD6_F2_m3f2_P3_Y20_UO486,FXX,1,0.0,0,0,0.0,0,0,0,-9999.0,0.51318359375,1,P1_CV0,1,2,0,2,0
5,2.9965467367452314,4.002409126542999,RD5_F3_m3f2_P3_Y22_UO334,RD3_F2_m3f6_P3_Y20_UO155,RD2_F6_m3f6_P3_Y20_UO348,FXX,1,0.0,0,0,0.0,0,0,0,-9999.0,0.5098876953125,1,P1_CV0,1,0,2,1,1
5,2.9965467367452314,4.002409126542999,RD5_F3_m3f2_P3_Y22_UO333,RD3_F2_m3f6_P3_Y20_UO155,RD2_F6_m3f6_P3_Y20_UO348,MXY,1,0.0,0,0,0.0,0,0,0,-9999.0,0.5098876953125,1,P1_CV0,1,1,1,1,1
5,2.9965467367452314,4.002409126542999,RD5_F2_m2f6_P2_Y22_UO154,RD2_F9_m2f6_P2_Y20_UO75,RD6_F2_m3f2_P3_Y20_UO486,FXX,1,0.0,0,0,0.0,0,0,0,-9999.0,0.51318359375,1,P1_CV0,1,2,0,2,0
5,2.9965467367452314,4.002409126542999,RD5_F2_m2f9_P2_Y22_UO191,RD2_F9_m2f6_P2_Y20_UO75,RD9_F6_m9f6_P9_Y20_UO355,FXX,1,0.0,0,0,0.0,0,0,0,-9999.0,0.5093994140625,1,P1_CV0,1,1,1,1,1
5,2.9965467367452314,4.002409126542999,RD5_F1_m1f5_P1_Y22_UO261,RD1_F5_m1f5_P1_Y20_UO61,RD5_F1_m5f2_P5_Y20_UO177,FXX,1,0.0,0,0,0.0,0,0,0,-9999.0,0.507080078125,1,P1_CV0,1,1,1,1,1
5,2.9965467367452314,4.002409126542999,RD5_F2_m2f6_P2_Y22_UO151,RD2_F9_m2f6_P2_Y20_UO75,RD6_F2_m3f2_P3_Y20_UO486,FXX,1,0.0,0,0,0.0,0,0,0,-9999.0,0.51318359375,1,P1_CV0,1,2,0,2,0
5,2.9965467367452314,4.002409126542999,RD5_F1_m5f3_P5_Y21_UO21,RD5_F1_m5f2_P5_Y19_UO239,RD3_F2_m6f9_P6_Y19_UO215,MXY,2,0.0,1,0,0.0,0,0,0,-9999.0,0.488037109375,1,P1_CV0,1,1,1,0,2
5,2.9965467367452314,4.002409126542999,RD5_F1_m5f2_P5_Y21_UO136,RD5_F1_m5f2_P5_Y19_UO240,RD2_F9_m6f9_P6_Y19_UO209,FXX,2,0.0,1,0,1.0,0,0,0,-9999.0,0.488037109375,1,P1_CV0,1,1,1,0,2
5,2.9965467367452314,4.002409126542999,RD5_F3_m5f2_P5_Y21_UO142,RD5_F1_m5f2_P5_Y19_UO240,RD2_F9_m6f9_P6_Y19_UO209,MXY,2,0.0,1,0,0.0,0,0,0,-9999.0,0.488037109375,1,P1_CV0,1,1,1,0,2
5,2.9965467367452314,4.002409126542999,RD5_F2_m6f9_P6_Y21_UO383,RD6_F2_m9f6_P9_Y19_UO107,RD9_F6_m9f6_P9_Y19_UO49,MXY,2,0.0,1,0,0.0,0,0,0,-9999.0,0.496826171875,1,P1_CV0,1,1,1,0,2
5,2.9965467367452314,4.002409126542999,RD5_F1_m5f3_P5_Y21_UO198,RD5_F1_m5f3_P5_Y19_UO159,RD3_F2_m6f3_P6_Y17_UO417,MXY,2,0.0,1,0,0.0,0,0,0,-9999.0,0.499267578125,1,P1_CV0,1,1,1,1,1
5,2.9965467367452314,4.002409126542999,RD5_F1_m5f3_P5_Y21_UO199,RD5_F1_m5f3_P5_Y19_UO159,RD3_F2_m6f3_P6_Y17_UO417,MXY,2,0.0,1,0,0.0,0,0,0,-9999.0,0.499267578125,1,P1_CV0,1,1,1,0,2
5,2.9965467367452314,4.002409126542999,RD5_F1_m5f3_P5_Y21_UO197,RD5_F1_m5f3_P5_Y19_UO159,RD3_F2_m6f3_P6_Y17_UO417,FXX,2,0.0,1,0,1.0,0,0,0,-9999.0,0.499267578125,1,P1_CV0,1,0,2,1,1
5,2.9965467367452314,4.002409126542999,RD5_F1_m5f2_P5_Y21_UO217,RD5_F3_m2f6_P2_Y19_UO181,RD2_F6_m7f3_P7_Y18_UO551,MXY,2,0.0,1,0,0.0,0,0,0,-9999.0,0.5146484375,1,P1_CV0,1,2,0,2,0
5,2.9965467367452314,4.002409126542999,RD5_F1_m1f5_P1_Y20_UO259,RD1_F5_m1f5_P1_Y18_UO104,RD5_F1_m5f2_P5_Y18_UO280,MXY,3,0.0,1,0,0.0,0,0,0,-9999.0,0.50439453125,1,P1_CV0,1,0,2,1,1
5,2.9965467367452314,4.002409126542999,RD5_F2_m2f6_P2_Y22_UO451,RD2_F9_m2f3_P2_Y20_UO659,RD6_F2_m3f6_P3_Y20_UO581,MXY,1,0.0,0,0,0.0,0,0,0,-9999.0,0.5220947265625,1,P2_CV0,1,2,0,0,2
5,2.9965467367452314,4.002409126542999,RD5_F1_m1f5_P1_Y22_UO496,RD1_F5_m1f5_P1_Y20_UO315,RD5_F1_m5f1_P5_Y20_UO460,MXY,1,0.0,0,0,0.0,0,0,0,-9999.0,0.4990234375,1,P3_CV0,1,0,2,0,2
5,2.9965467367452314,4.002409126542999,RD5_F1_m1f5_P1_Y22_UO60,RD1_F5_m1f5_P1_Y20_UO315,RD5_F1_m5f1_P5_Y20_UO521,MXY,1,0.0,0,0,0.0,0,0,0,-9999.0,0.5067138671875,1,P3_CV0,1,1,1,1,1
5,2.9965467367452314,4.002409126542999,RD5_F1_m1f5_P1_Y22_UO493,RD1_F5_m1f5_P1_Y20_UO315,RD5_F1_m5f1_P5_Y20_UO460,MXY,1,0.0,0,0,0.0,0,0,0,-9999.0,0.4990234375,1,P3_CV0,1,0,2,2,0
5,2.9965467367452314,4.002409126542999,RD5_F2_m2f6_P2_Y22_UO159,RD2_F9_m2f6_P2_Y20_UO75,RD6_F2_m3f2_P3_Y20_UO486,MXY,1,0.0,0,0,0.0,0,0,0,-9999.0,0.51318359375,1,P3_CV0,1,2,0,2,0
5,2.9965467367452314,4.002409126542999,RD5_F1_m1f5_P1_Y22_UO76,RD1_F5_m2f5_P2_Y20_UO391,RD5_F3_m6f3_P6_Y20_UO85,FXX,1,0.0,0,0,0.0,0,0,0,-9999.0,0.5037841796875,1,P3_CV0,1,1,1,0,2
5,2.9965467367452314,4.002409126542999,RD5_F1_m1f5_P1_Y22_UO494,RD1_F5_m1f5_P1_Y20_UO315,RD5_F1_m5f1_P5_Y20_UO460,MXY,1,0.0,0,0,0.0,0,0,0,-9999.0,0.4990234375,1,P3_CV0,1,0,2,2,0
5,2.9965467367452314,4.002409126542999,RD5_F1_m1f5_P1_Y22_UO75,RD1_F5_m2f5_P2_Y20_UO391,RD5_F3_m6f3_P6_Y20_UO85,MXY,1,0.0,0,0,0.0,0,0,0,-9999.0,0.5037841796875,1,P3_CV0,1,1,1,1,1
5,2.9965467367452314,4.002409126542999,RD5_F1_m1f5_P1_Y22_UO476,RD1_F5_m1f5_P1_Y20_UO115,RD5_F1_m5f3_P5_Y20_UO98,FXX,1,0.0,0,0,0.0,0,0,0,-9999.0,0.4984130859375,1,P3_CV0,1,0,2,0,2
5,2.9965467367452314,4.002409126542999,RD5_F1_m1f5_P1_Y22_UO81,RD1_F5_m2f5_P2_Y20_UO391,RD5_F3_m6f3_P6_Y20_UO85,FXX,1,0.0,0,0,0.0,0,0,0,-9999.0,0.5037841796875,1,P3_CV0,1,0,2,0,2
5,2.9965467367452314,4.002409126542999,RD5_F1_m1f5_P1_Y22_UO61,RD1_F5_m1f5_P1_Y20_UO315,RD5_F1_m5f1_P5_Y20_UO521,MXY,1,0.0,0,0,0.0,0,0,0,-9999.0,0.5067138671875,1,P3_CV0,1,1,1,1,1
5,2.9965467367452314,4.002409126542999,RD5_F1_m1f5_P1_Y22_UO479,RD1_F5_m1f5_P1_Y20_UO115,RD5_F1_m5f3_P5_Y20_UO98,MXY,1,0.0,0,0,0.0,0,0,0,-9999.0,0.4984130859375,1,P3_CV0,1,0,2,1,1
5,2.9965467367452314,4.002409126542999,RD5_F2_m2f3_P2_Y22_UO88,RD2_F9_m6f3_P6_Y20_UO80,RD3_F6_m6f2_P6_Y19_UO3,MXY,1,0.0,0,0,0.0,0,0,0,-9999.0,0.5023193359375,1,P3_CV0,1,1,1,0,2
5,2.9965467367452314,4.002409126542999,RD5_F1_m1f5_P1_Y22_UO79,RD1_F5_m2f5_P2_Y20_UO391,RD5_F3_m6f3_P6_Y20_UO85,MXY,1,0.0,0,0,0.0,0,0,0,-9999.0,0.5037841796875,1,P3_CV0,1,0,2,0,2
5,2.9965467367452314,4.002409126542999,RD5_F2_m2f9_P2_Y22_UO186,RD2_F9_m2f6_P2_Y20_UO75,RD9_F6_m9f6_P9_Y20_UO355,MXY,1,0.0,0,0,0.0,0,0,0,-9999.0,0.5093994140625,1,P3_CV0,1,1,1,1,1
5,2.9965467367452314,4.002409126542999,RD5_F2_m9f6_P9_Y21_UO342,RD9_F6_m9f2_P9_Y19_UO301,RD6_F9_m9f6_P9_Y18_UO541,FXX,2,0.0,1,0,1.0,0,0,0,-9999.0,0.51123046875,1,P3_CV0,1,1,1,0,2
5,2.9965467367452314,4.002409126542999,RD5_F1_m5f2_P5_Y21_UO179,RD5_F3_m7f3_P7_Y19_UO133,RD2_F6_m7f3_P7_Y18_UO551,FXX,2,0.0,1,0,1.0,0,0,0,-9999.0,0.5029296875,1,P3_CV0,1,2,0,2,0
5,2.9965467367452314,4.002409126542999,RD5_F1_m5f2_P5_Y21_UO483,RD5_F1_m5f2_P5_Y19_UO153,RD2_F9_m6f2_P6_Y19_UO310,FXX,2,0.0,1,0,1.0,0,0,0,-9999.0,0.495849609375,1,P3_CV0,1,2,0,2,0
5,2.9965467367452314,4.002409126542999,RD5_F1_m5f2_P5_Y21_UO234,RD5_F3_m7f3_P7_Y19_UO371,RD2_F6_m7f3_P7_Y18_UO551,FXX,2,0.0,1,0,1.0,0,0,0,-9999.0,0.5185546875,1,P3_CV0,1,1,1,2,0
5,2.9965467367452314,4.002409126542999,RD5_F2_m9f2_P9_Y21_UO163,RD9_F6_m9f6_P9_Y19_UO115,RD2_F9_m6f9_P6_Y19_UO209,MXY,2,0.0,1,0,0.0,0,0,0,-9999.0,0.48779296875,1,P3_CV0,1,0,2,0,2
5,2.9965467367452314,4.002409126542999,RD5_F1_m5f2_P5_Y21_UO134,RD5_F1_m5f2_P5_Y19_UO240,RD2_F9_m6f9_P6_Y19_UO209,FXX,2,0.0,1,0,1.0,0,0,0,-9999.0,0.488037109375,1,P3_CV0,1,0,2,0,2
5,2.9965467367452314,4.002409126542999,RD5_F1_m5f2_P5_Y21_UO214,RD5_F3_m2f6_P2_Y19_UO181,RD2_F6_m7f3_P7_Y18_UO551,FXX,2,0.0,1,0,1.0,0,0,0,-9999.0,0.5146484375,1,P3_CV0,1,2,0,2,0
5,2.9965467367452314,4.002409126542999,RD5_F3_m6f9_P6_Y20_UO690,RD6_F3_m6f2_P6_Y18_UO617,RD9_F6_m2f6_P2_Y18_UO598,FXX,3,0.0,1,0,1.0,0,0,0,-9999.0,0.49755859375,1,P3_CV0,1,1,1,2,0
5,2.9965467367452314,4.002409126542999,RD5_F1_m1f5_P1_Y20_UO118,RD1_F5_m1f5_P1_Y18_UO333,RD5_F3_m5f1_P5_Y18_UO230,MXY,3,0.0,1,0,0.0,0,0,0,-9999.0,0.488525390625,1,P3_CV0,1,1,1,1,1
5,2.9965467367452314,4.002409126542999,RD5_F2_m6f9_P6_Y20_UO688,RD6_F3_m6f2_P6_Y18_UO617,RD9_F6_m2f6_P2_Y18_UO598,MXY,3,0.0,1,0,0.0,0,0,0,-9999.0,0.49755859375,1,P3_CV0,1,0,2,2,0
5,2.9965467367452314,4.002409126542999,RD5_F2_m6f2_P6_Y18_UO612,RD6_F9_m6f2_P6_Y16_UO273,RD2_F5_m1f5_P1_Y16_UO110,MXY,5,0.0,1,0,0.0,0,0,0,-9999.0,0.50439453125,1,P3_CV0,1,0,2,2,0
5,2.9965467367452314,4.002409126542999,RD5_F2_m2f5_P2_Y22_UO422,RD2_F3_m7f3_P7_Y20_UO39,RD5_F1_m5f3_P5_Y20_UO434,FXX,1,0.0,0,0,0.0,0,0,0,-9999.0,0.5115966796875,1,P4_CV0,1,2,0,0,2
5,2.9965467367452314,4.002409126542999,RD5_F1_m1f5_P1_Y22_UO517,RD1_F5_m1f5_P1_Y20_UO113,RD5_F1_m5f2_P5_Y20_UO655,FXX,1,0.0,0,0,0.0,0,0,0,-9999.0,0.502685546875,1,P4_CV0,1,1,1,1,1
5,2.9965467367452314,4.002409126542999,RD5_F1_m1f5_P1_Y22_UO502,RD1_F5_m1f5_P1_Y20_UO315,RD5_F1_m5f1_P5_Y20_UO460,FXX,1,0.0,0,0,0.0,0,0,0,-9999.0,0.4990234375,1,P4_CV0,1,0,2,1,1
5,2.9965467367452314,4.002409126542999,RD5_F1_m1f5_P1_Y22_UO497,RD1_F5_m1f5_P1_Y20_UO315,RD5_F1_m5f1_P5_Y20_UO460,FXX,1,0.0,0,0,0.0,0,0,0,-9999.0,0.4990234375,1,P4_CV0,1,0,2,1,1
5,2.9965467367452314,4.002409126542999,RD5_F1_m1f5_P1_Y22_UO521,RD1_F5_m1f5_P1_Y20_UO113,RD5_F1_m5f2_P5_Y20_UO655,FXX,1,0.0,0,0,0.0,0,0,0,-9999.0,0.502685546875,1,P4_CV0,1,1,1,1,1
5,2.9965467367452314,4.002409126542999,RD5_F1_m1f5_P1_Y22_UO498,RD1_F5_m1f5_P1_Y20_UO315,RD5_F1_m5f1_P5_Y20_UO460,MXY,1,0.0,0,0,0.0,0,0,0,-9999.0,0.4990234375,1,P4_CV0,1,0,2,1,1
5,2.9965467367452314,4.002409126542999,RD5_F1_m1f5_P1_Y22_UO500,RD1_F5_m1f5_P1_Y20_UO315,RD5_F1_m5f1_P5_Y20_UO460,MXY,1,0.0,0,0,0.0,0,0,0,-9999.0,0.4990234375,1,P4_CV0,1,0,2,0,2
5,2.9965467367452314,4.002409126542999,RD5_F1_m1f5_P1_Y22_UO518,RD1_F5_m1f5_P1_Y20_UO113,RD5_F1_m5f2_P5_Y20_UO655,MXY,1,0.0,0,0,0.0,0,0,0,-9999.0,0.502685546875,1,P4_CV0,1,2,0,0,2
5,2.9965467367452314,4.002409126542999,RD5_F2_m2f5_P2_Y22_UO544,RD2_F6_m3f5_P3_Y20_UO682,RD5_F3_m6f3_P6_Y20_UO85,FXX,1,0.0,0,0,0.0,0,0,0,-9999.0,0.504150390625,1,P4_CV0,1,1,1,1,1
5,2.9965467367452314,4.002409126542999,RD5_F1_m1f5_P1_Y22_UO62,RD1_F5_m1f5_P1_Y20_UO315,RD5_F1_m5f1_P5_Y20_UO521,MXY,1,0.0,0,0,0.0,0,0,0,-9999.0,0.5067138671875,1,P4_CV0,1,1,1,2,0
5,2.9965467367452314,4.002409126542999,RD5_F2_m2f3_P2_Y22_UO344,RD2_F3_m7f4_P7_Y20_UO275,RD3_F7_m4f8_P4_Y20_UO451,FXX,1,0.0,0,0,0.0,0,0,0,-9999.0,0.5343017578125,1,P4_CV0,1,2,0,0,2
5,2.9965467367452314,4.002409126542999,RD5_F1_m1f5_P1_Y22_UO59,RD1_F5_m1f5_P1_Y20_UO315,RD5_F1_m5f1_P5_Y20_UO521,MXY,1,0.0,0,0,0.0,0,0,0,-9999.0,0.5067138671875,1,P4_CV0,1,0,2,1,1
5,2.9965467367452314,4.002409126542999,RD5_F1_m1f5_P1_Y22_UO64,RD1_F5_m1f5_P1_Y20_UO315,RD5_F1_m5f1_P5_Y20_UO521,FXX,1,0.0,0,0,0.0,0,0,0,-9999.0,0.5067138671875,1,P4_CV0,1,0,2,1,1
5,2.9965467367452314,4.002409126542999,RD5_F1_m1f5_P1_Y22_UO522,RD1_F5_m1f5_P1_Y20_UO113,RD5_F1_m5f2_P5_Y20_UO655,FXX,1,0.0,0,0,0.0,0,0,0,-9999.0,0.502685546875,1,P4_CV0,1,2,0,1,1
5,2.9965467367452314,4.002409126542999,RD5_F3_m3f7_P3_Y22_UO14,RD3_F2_m6f9_P6_Y20_UO690,RD7_F4_m7f4_P7_Y20_UO597,MXY,1,0.0,0,0,0.0,0,0,0,-9999.0,0.5106201171875,1,P4_CV0,1,1,1,1,1
5,2.9965467367452314,4.002409126542999,RD5_F1_m1f5_P1_Y22_UO514,RD1_F5_m1f5_P1_Y20_UO113,RD5_F1_m5f2_P5_Y20_UO655,MXY,1,0.0,0,0,0.0,0,0,0,-9999.0,0.502685546875,1,P4_CV0,1,1,1,1,1
5,2.9965467367452314,4.002409126542999,RD5_F1_m1f5_P1_Y22_UO571,RD1_F5_m3f5_P3_Y20_UO428,RD5_F1_m5f1_P5_Y20_UO521,MXY,1,0.0,0,0,0.0,0,0,0,-9999.0,0.5196533203125,1,P4_CV0,1,2,0,1,1
5,2.9965467367452314,4.002409126542999,RD5_F1_m1f5_P1_Y22_UO525,RD1_F5_m1f5_P1_Y20_UO113,RD5_F1_m5f2_P5_Y20_UO655,FXX,1,0.0,0,0,0.0,0,0,0,-9999.0,0.502685546875,1,P4_CV0,1,1,1,2,0
5,2.9965467367452314,4.002409126542999,RD5_F3_m1f5_P1_Y20_UO106,RD1_F5_m1f5_P1_Y18_UO333,RD5_F3_m5f1_P5_Y18_UO230,MXY,3,0.0,1,0,0.0,0,0,0,-9999.0,0.488525390625,1,P4_CV0,1,1,1,1,1
5,2.9965467367452314,4.002409126542999,RD5_F1_m1f5_P1_Y22_UO616,RD1_F5_m2f5_P2_Y20_UO391,RD5_F1_m5f2_P5_Y20_UO655,MXY,1,0.0,0,0,0.0,0,0,0,-9999.0,0.5118408203125,1,P5_CV0,1,0,2,1,1
5,2.9965467367452314,4.002409126542999,RD5_F1_m1f5_P1_Y22_UO77,RD1_F5_m2f5_P2_Y20_UO391,RD5_F3_m6f3_P6_Y20_UO85,MXY,1,0.0,0,0,0.0,0,0,0,-9999.0,0.5037841796875,1,P5_CV0,1,1,1,0,2
5,2.9965467367452314,4.002409126542999,RD5_F1_m1f5_P1_Y22_UO267,RD1_F5_m1f5_P1_Y20_UO61,RD5_F1_m5f2_P5_Y20_UO177,FXX,1,0.0,0,0,0.0,0,0,0,-9999.0,0.507080078125,1,P5_CV0,1,1,1,0,2
5,2.9965467367452314,4.002409126542999,RD5_F1_m1f5_P1_Y22_UO266,RD1_F5_m1f5_P1_Y20_UO61,RD5_F1_m5f2_P5_Y20_UO177,MXY,1,0.0,0,0,0.0,0,0,0,-9999.0,0.507080078125,1,P5_CV0,1,1,1,1,1
5,2.9965467367452314,4.002409126542999,RD5_F1_m1f5_P1_Y22_UO263,RD1_F5_m1f5_P1_Y20_UO61,RD5_F1_m5f2_P5_Y20_UO177,FXX,1,0.0,0,0,0.0,0,0,0,-9999.0,0.507080078125,1,P5_CV0,1,1,1,1,1
5,2.9965467367452314,4.002409126542999,RD5_F1_m1f5_P1_Y22_UO619,RD1_F5_m2f5_P2_Y20_UO391,RD5_F1_m5f2_P5_Y20_UO655,FXX,1,0.0,0,0,0.0,0,0,0,-9999.0,0.5118408203125,1,P5_CV0,1,0,2,0,2
5,2.9965467367452314,4.002409126542999,RD5_F1_m1f5_P1_Y22_UO269,RD1_F5_m1f5_P1_Y20_UO61,RD5_F1_m5f2_P5_Y20_UO177,MXY,1,0.0,0,0,0.0,0,0,0,-9999.0,0.507080078125,1,P5_CV0,1,1,1,0,2
5,2.9965467367452314,4.002409126542999,RD5_F3_m3f6_P3_Y22_UO242,RD3_F7_m3f5_P3_Y20_UO12,RD6_F2_m3f5_P3_Y20_UO24,MXY,1,0.0,0,0,0.0,0,0,0,-9999.0,0.5106201171875,1,P5_CV0,1,1,1,1,1
5,2.9965467367452314,4.002409126542999,RD5_F1_m1f5_P1_Y22_UO265,RD1_F5_m1f5_P1_Y20_UO61,RD5_F1_m5f2_P5_Y20_UO177,MXY,1,0.0,0,0,0.0,0,0,0,-9999.0,0.507080078125,1,P5_CV0,1,1,1,0,2
5,2.9965467367452314,4.002409126542999,RD5_F2_m9f6_P9_Y21_UO172,RD9_F2_m9f6_P9_Y19_UO33,RD6_F9_m2f6_P2_Y19_UO279,FXX,2,0.0,1,0,1.0,0,0,0,-9999.0,0.494140625,1,P5_CV0,1,0,2,0,2
5,2.9965467367452314,4.002409126542999,RD5_F1_m5f3_P5_Y21_UO151,RD5_F1_m5f3_P5_Y19_UO224,RD3_F6_m9f6_P9_Y19_UO72,FXX,2,0.0,1,0,1.0,0,0,0,-9999.0,0.50244140625,1,P5_CV0,1,1,1,0,2
5,2.9965467367452314,4.002409126542999,RD5_F2_m9f6_P9_Y21_UO432,RD9_F6_m9f6_P9_Y19_UO254,RD6_F9_m2f5_P2_Y19_UO249,MXY,2,0.0,1,0,0.0,0,0,0,-9999.0,0.50146484375,1,P5_CV0,1,1,1,1,1
5,2.9965467367452314,4.002409126542999,RD5_F1_m2f5_P2_Y20_UO391,RD2_F9_m6f9_P6_Y18_UO330,RD5_F3_m5f3_P5_Y18_UO571,FXX,3,0.0,1,0,1.0,0,0,0,-9999.0,0.5068359375,1,P5_CV0,1,0,2,0,2
5,2.9965467367452314,4.002409126542999,RD5_F1_m1f5_P1_Y22_UO618,RD1_F5_m2f5_P2_Y20_UO391,RD5_F1_m5f2_P5_Y20_UO655,FXX,1,0.0,0,0,0.0,0,0,0,-9999.0,0.5118408203125,1,P7_CV0,1,0,2,1,1
5,2.9965467367452314,4.002409126542999,RD5_F3_m3f2_P3_Y22_UO108,RD3_F7_m3f2_P3_Y20_UO206,RD2_F6_m3f2_P3_Y20_UO208,FXX,1,0.0,0,0,0.0,0,0,0,-9999.0,0.515869140625,1,P7_CV0,1,0,2,2,0
5,2.9965467367452314,4.002409126542999,RD5_F1_m1f5_P1_Y22_UO573,RD1_F5_m3f5_P3_Y20_UO428,RD5_F1_m5f1_P5_Y20_UO521,FXX,1,0.0,0,0,0.0,0,0,0,-9999.0,0.5196533203125,1,P7_CV0,1,2,0,2,0
5,2.9965467367452314,4.002409126542999,RD5_F1_m1f5_P1_Y22_UO617,RD1_F5_m2f5_P2_Y20_UO391,RD5_F1_m5f2_P5_Y20_UO655,FXX,1,0.0,0,0,0.0,0,0,0,-9999.0,0.5118408203125,1,P7_CV0,1,0,2,1,1
5,2.9965467367452314,4.002409126542999,RD5_F1_m1f5_P1_Y22_UO568,RD1_F5_m3f5_P3_Y20_UO428,RD5_F1_m5f1_P5_Y20_UO521,FXX,1,0.0,0,0,0.0,0,0,0,-9999.0,0.5196533203125,1,P7_CV0,1,2,0,1,1
5,2.9965467367452314,4.002409126542999,RD5_F1_m1f5_P1_Y22_UO515,RD1_F5_m1f5_P1_Y20_UO113,RD5_F1_m5f2_P5_Y20_UO655,MXY,1,0.0,0,0,0.0,0,0,0,-9999.0,0.502685546875,1,P7_CV0,1,1,1,1,1
5,2.9965467367452314,4.002409126542999,RD5_F1_m1f5_P1_Y22_UO614,RD1_F5_m2f5_P2_Y20_UO391,RD5_F1_m5f2_P5_Y20_UO655,FXX,1,0.0,0,0,0.0,0,0,0,-9999.0,0.5118408203125,1,P7_CV0,1,1,1,1,1
5,2.9965467367452314,4.002409126542999,RD5_F1_m1f5_P1_Y22_UO570,RD1_F5_m3f5_P3_Y20_UO428,RD5_F1_m5f1_P5_Y20_UO521,MXY,1,0.0,0,0,0.0,0,0,0,-9999.0,0.5196533203125,1,P7_CV0,1,2,0,2,0
5,2.9965467367452314,4.002409126542999,RD5_F1_m1f5_P1_Y22_UO520,RD1_F5_m1f5_P1_Y20_UO113,RD5_F1_m5f2_P5_Y20_UO655,FXX,1,0.0,0,0,0.0,0,0,0,-9999.0,0.502685546875,1,P7_CV0,1,1,1,1,1
5,2.9965467367452314,4.002409126542999,RD5_F1_m1f5_P1_Y22_UO621,RD1_F5_m2f5_P2_Y20_UO391,RD5_F1_m5f2_P5_Y20_UO655,MXY,1,0.0,0,0,0.0,0,0,0,-9999.0,0.5118408203125,1,P7_CV0,1,1,1,1,1
5,2.9965467367452314,4.002409126542999,RD5_F1_m1f5_P1_Y22_UO473,RD1_F5_m1f5_P1_Y20_UO115,RD5_F1_m5f3_P5_Y20_UO98,MXY,1,0.0,0,0,0.0,0,0,0,-9999.0,0.4984130859375,1,P8_CV0,1,0,2,1,1
5,2.9965467367452314,4.002409126542999,RD5_F1_m1f5_P1_Y22_UO472,RD1_F5_m1f5_P1_Y20_UO115,RD5_F1_m5f3_P5_Y20_UO98,FXX,1,0.0,0,0,0.0,0,0,0,-9999.0,0.4984130859375,1,P8_CV0,1,0,2,0,2
5,2.9965467367452314,4.002409126542999,RD5_F1_m1f5_P1_Y22_UO474,RD1_F5_m1f5_P1_Y20_UO115,RD5_F1_m5f3_P5_Y20_UO98,MXY,1,0.0,0,0,0.0,0,0,0,-9999.0,0.4984130859375,1,P8_CV0,1,0,2,0,2
5,2.9965467367452314,4.002409126542999,RD5_F3_m3f5_P3_Y22_UO321,RD3_F2_m9f6_P9_Y20_UO13,RD5_F1_m5f3_P5_Y20_UO98,MXY,1,0.0,0,0,0.0,0,0,0,-9999.0,0.501708984375,1,P8_CV0,1,1,1,0,2
6,6.211338327692949,7.937131414155586,RD6_F9_m9f2_P9_Y22_UO5,RD9_F6_m9f6_P9_Y20_UO250,RD2_F3_m6f2_P6_Y20_UO366,MXY,1,0.0,0,0,0.0,0,0,0,-9999.0,0.506103515625,1,P0_CV0,1,1,1,0,2
6,6.211338327692949,7.937131414155586,RD6_F9_m9f2_P9_Y22_UO6,RD9_F6_m9f6_P9_Y20_UO250,RD2_F3_m6f2_P6_Y20_UO366,MXY,1,0.0,0,0,0.0,0,0,0,-9999.0,0.506103515625,1,P0_CV0,1,1,1,1,1
6,6.211338327692949,7.937131414155586,RD6_F9_m9f6_P9_Y22_UO589,RD9_F6_m9f6_P9_Y20_UO250,RD6_F2_m9f2_P9_Y20_UO497,MXY,1,0.0,0,0,0.0,0,0,0,-9999.0,0.509521484375,1,P0_CV0,1,1,1,2,0
6,6.211338327692949,7.937131414155586,RD6_F9_m9f2_P9_Y22_UO20,RD9_F2_m9f2_P9_Y20_UO141,RD2_F9_m6f9_P6_Y20_UO543,MXY,1,0.0,0,0,0.0,0,0,0,-9999.0,0.51171875,1,P1_CV0,1,1,1,0,2
6,6.211338327692949,7.937131414155586,RD6_F9_m9f2_P9_Y22_UO198,RD9_F2_m9f2_P9_Y20_UO645,RD2_F3_m5f2_P5_Y20_UO318,MXY,1,0.0,0,0,0.0,0,0,0,-9999.0,0.509521484375,1,P1_CV0,1,0,2,0,2
6,6.211338327692949,7.937131414155586,RD6_F9_m9f2_P9_Y22_UO669,RD9_F6_m2f3_P2_Y20_UO658,RD2_F3_m5f2_P5_Y20_UO318,FXX,1,0.0,0,0,0.0,0,0,0,-9999.0,0.5191650390625,1,P1_CV0,1,0,2,1,1
6,6.211338327692949,7.937131414155586,RD6_F2_m2f9_P2_Y22_UO185,RD2_F9_m2f6_P2_Y20_UO75,RD9_F6_m9f6_P9_Y20_UO355,MXY,1,0.0,0,0,0.0,0,0,0,-9999.0,0.5093994140625,1,P1_CV0,1,2,0,2,0
6,6.211338327692949,7.937131414155586,RD6_F9_m9f2_P9_Y22_UO360,RD9_F6_m2f3_P2_Y20_UO658,RD2_F3_m7f3_P7_Y20_UO412,MXY,1,0.0,0,0,0.0,0,0,0,-9999.0,0.5216064453125,1,P1_CV0,1,0,2,0,2
6,6.211338327692949,7.937131414155586,RD6_F3_m3f5_P3_Y22_UO381,RD3_F7_m3f5_P3_Y20_UO12,RD5_F3_m6f3_P6_Y17_UO417,MXY,1,0.0,0,0,0.0,0,0,0,-9999.0,0.5042724609375,1,P1_CV0,1,1,1,1,1
6,6.211338327692949,7.937131414155586,RD6_F9_m9f2_P9_Y22_UO197,RD9_F2_m9f2_P9_Y20_UO645,RD2_F3_m5f2_P5_Y20_UO318,MXY,1,0.0,0,0,0.0,0,0,0,-9999.0,0.509521484375,1,P1_CV0,1,1,1,1,1
6,6.211338327692949,7.937131414155586,RD6_F3_m3f5_P3_Y22_UO379,RD3_F7_m3f5_P3_Y20_UO12,RD5_F3_m6f3_P6_Y17_UO417,MXY,1,0.0,0,0,0.0,0,0,0,-9999.0,0.5042724609375,1,P1_CV0,1,1,1,0,2
6,6.211338327692949,7.937131414155586,RD6_F9_m9f2_P9_Y22_UO358,RD9_F6_m2f3_P2_Y20_UO658,RD2_F3_m7f3_P7_Y20_UO412,MXY,1,0.0,0,0,0.0,0,0,0,-9999.0,0.5216064453125,1,P1_CV0,1,0,2,1,1
6,6.211338327692949,7.937131414155586,RD6_F9_m9f2_P9_Y22_UO671,RD9_F6_m2f3_P2_Y20_UO658,RD2_F3_m5f2_P5_Y20_UO318,MXY,1,0.0,0,0,0.0,0,0,0,-9999.0,0.5191650390625,1,P1_CV0,1,0,2,1,1
6,6.211338327692949,7.937131414155586,RD6_F9_m9f2_P9_Y22_UO23,RD9_F2_m9f2_P9_Y20_UO141,RD2_F9_m6f9_P6_Y20_UO543,MXY,1,0.0,0,0,0.0,0,0,0,-9999.0,0.51171875,1,P1_CV0,1,0,2,1,1
6,6.211338327692949,7.937131414155586,RD6_F2_m2f9_P2_Y22_UO187,RD2_F9_m2f6_P2_Y20_UO75,RD9_F6_m9f6_P9_Y20_UO355,MXY,1,0.0,0,0,0.0,0,0,0,-9999.0,0.5093994140625,1,P1_CV0,1,2,0,1,1
6,6.211338327692949,7.937131414155586,RD6_F9_m9f2_P9_Y22_UO670,RD9_F6_m2f3_P2_Y20_UO658,RD2_F3_m5f2_P5_Y20_UO318,FXX,1,0.0,0,0,0.0,0,0,0,-9999.0,0.5191650390625,1,P1_CV0,1,0,2,0,2
6,6.211338327692949,7.937131414155586,RD6_F9_m9f2_P9_Y22_UO19,RD9_F2_m9f2_P9_Y20_UO141,RD2_F9_m6f9_P6_Y20_UO543,MXY,1,0.0,0,0,0.0,0,0,0,-9999.0,0.51171875,1,P1_CV0,1,0,2,0,2
6,6.211338327692949,7.937131414155586,RD6_F9_m9f2_P9_Y22_UO22,RD9_F2_m9f2_P9_Y20_UO141,RD2_F9_m6f9_P6_Y20_UO543,MXY,1,0.0,0,0,0.0,0,0,0,-9999.0,0.51171875,1,P1_CV0,1,0,2,0,2
6,6.211338327692949,7.937131414155586,RD6_F9_m9f2_P9_Y22_UO359,RD9_F6_m2f3_P2_Y20_UO658,RD2_F3_m7f3_P7_Y20_UO412,FXX,1,0.0,0,0,0.0,0,0,0,-9999.0,0.5216064453125,1,P1_CV0,1,0,2,0,2
6,6.211338327692949,7.937131414155586,RD6_F3_m3f6_P3_Y22_UO245,RD3_F7_m3f5_P3_Y20_UO12,RD6_F2_m3f5_P3_Y20_UO24,MXY,1,0.0,0,0,0.0,0,0,0,-9999.0,0.5106201171875,1,P1_CV0,1,0,2,1,1
6,6.211338327692949,7.937131414155586,RD6_F9_m9f2_P9_Y22_UO196,RD9_F2_m9f2_P9_Y20_UO645,RD2_F3_m5f2_P5_Y20_UO318,FXX,1,0.0,0,0,0.0,0,0,0,-9999.0,0.509521484375,1,P1_CV0,1,0,2,0,2
6,6.211338327692949,7.937131414155586,RD6_F9_m9f2_P9_Y22_UO199,RD9_F2_m9f2_P9_Y20_UO645,RD2_F3_m5f2_P5_Y20_UO318,MXY,1,0.0,0,0,0.0,0,0,0,-9999.0,0.509521484375,1,P1_CV0,1,1,1,2,0
6,6.211338327692949,7.937131414155586,RD6_F3_m3f2_P3_Y22_UO337,RD3_F2_m3f6_P3_Y20_UO155,RD2_F6_m3f6_P3_Y20_UO348,FXX,1,0.0,0,0,0.0,0,0,0,-9999.0,0.5098876953125,1,P1_CV0,1,0,2,1,1
6,6.211338327692949,7.937131414155586,RD6_F9_m9f2_P9_Y22_UO24,RD9_F2_m9f2_P9_Y20_UO141,RD2_F9_m6f9_P6_Y20_UO543,FXX,1,0.0,0,0,0.0,0,0,0,-9999.0,0.51171875,1,P1_CV0,1,1,1,0,2
6,6.211338327692949,7.937131414155586,RD6_F3_m5f3_P5_Y21_UO16,RD5_F1_m5f2_P5_Y19_UO239,RD3_F2_m6f9_P6_Y19_UO215,FXX,2,0.0,1,0,1.0,0,0,0,-9999.0,0.488037109375,1,P1_CV0,1,1,1,0,2
6,6.211338327692949,7.937131414155586,RD6_F3_m6f2_P6_Y21_UO235,RD6_F9_m2f6_P2_Y19_UO187,RD2_F9_m2f3_P2_Y19_UO344,MXY,2,0.0,1,0,0.0,0,0,0,-9999.0,0.502685546875,1,P1_CV0,1,2,0,2,0
6,6.211338327692949,7.937131414155586,RD6_F9_m6f3_P6_Y21_UO104,RD6_F2_m9f6_P9_Y19_UO107,RD3_F6_m9f6_P9_Y19_UO47,MXY,2,0.0,1,0,0.0,0,0,0,-9999.0,0.496826171875,1,P1_CV0,1,0,2,1,1
6,6.211338327692949,7.937131414155586,RD6_F3_m7f4_P7_Y21_UO265,RD7_F3_m7f3_P7_Y19_UO353,RD4_F8_m4f8_P4_Y19_UO339,MXY,2,0.0,1,0,0.0,0,0,0,-9999.0,0.502197265625,1,P1_CV0,1,0,2,1,1
6,6.211338327692949,7.937131414155586,RD6_F9_m2f3_P2_Y20_UO658,RD2_F3_m7f4_P7_Y18_UO303,RD3_F6_m9f6_P9_Y18_UO157,FXX,3,0.0,1,0,1.0,0,0,0,-9999.0,0.535888671875,1,P1_CV0,1,0,2,1,1
6,6.211338327692949,7.937131414155586,RD6_F9_m9f6_P9_Y22_UO309,RD9_F2_m3f2_P3_Y20_UO487,RD6_F2_m3f6_P3_Y20_UO581,MXY,1,0.0,0,0,0.0,0,0,0,-9999.0,0.510498046875,1,P2_CV0,1,1,1,2,0
6,6.211338327692949,7.937131414155586,RD6_F9_m9f6_P9_Y22_UO308,RD9_F2_m3f2_P3_Y20_UO487,RD6_F2_m3f6_P3_Y20_UO581,MXY,1,0.0,0,0,0.0,0,0,0,-9999.0,0.510498046875,1,P2_CV0,1,1,1,2,0
6,6.211338327692949,7.937131414155586,RD6_F9_m2f3_P2_Y21_UO290,RD2_F9_m6f2_P6_Y19_UO308,RD3_F6_m6f2_P6_Y18_UO629,FXX,2,0.0,1,0,1.0,0,0,0,-9999.0,0.48974609375,1,P2_CV0,1,0,2,1,1
6,6.211338327692949,7.937131414155586,RD6_F9_m9f2_P9_Y22_UO443,RD9_F6_m9f2_P9_Y20_UO143,RD2_F6_m2f6_P2_Y20_UO441,MXY,1,0.0,0,0,0.0,0,0,0,-9999.0,0.51806640625,1,P3_CV0,1,2,0,2,0
6,6.211338327692949,7.937131414155586,RD6_F9_m9f2_P9_Y22_UO441,RD9_F6_m9f2_P9_Y20_UO143,RD2_F6_m2f6_P2_Y20_UO441,MXY,1,0.0,0,0,0.0,0,0,0,-9999.0,0.51806640625,1,P3_CV0,1,1,1,1,1
6,6.211338327692949,7.937131414155586,RD6_F2_m2f6_P2_Y22_UO152,RD2_F9_m2f6_P2_Y20_UO75,RD6_F2_m3f2_P3_Y20_UO486,MXY,1,0.0,0,0,0.0,0,0,0,-9999.0,0.51318359375,1,P3_CV0,1,2,0,2,0
6,6.211338327692949,7.937131414155586,RD6_F9_m9f6_P9_Y22_UO555,RD9_F6_m9f6_P9_Y20_UO250,RD6_F9_m6f3_P6_Y20_UO81,FXX,1,0.0,0,0,0.0,0,0,0,-9999.0,0.50244140625,1,P3_CV0,1,1,1,1,1
6,6.211338327692949,7.937131414155586,RD6_F3_m3f7_P3_Y22_UO13,RD3_F2_m6f9_P6_Y20_UO690,RD7_F4_m7f4_P7_Y20_UO597,MXY,1,0.0,0,0,0.0,0,0,0,-9999.0,0.5106201171875,1,P3_CV0,1,1,1,1,1
6,6.211338327692949,7.937131414155586,RD6_F2_m2f6_P2_Y22_UO150,RD2_F9_m2f6_P2_Y20_UO75,RD6_F2_m3f2_P3_Y20_UO486,MXY,1,0.0,0,0,0.0,0,0,0,-9999.0,0.51318359375,1,P3_CV0,1,2,0,2,0
6,6.211338327692949,7.937131414155586,RD6_F9_m9f2_P9_Y22_UO652,RD9_F6_m9f6_P9_Y20_UO16,RD2_F6_m2f6_P2_Y20_UO441,MXY,1,0.0,0,0,0.0,0,0,0,-9999.0,0.508544921875,1,P3_CV0,1,1,1,1,1
6,6.211338327692949,7.937131414155586,RD6_F3_m3f7_P3_Y22_UO10,RD3_F2_m6f9_P6_Y20_UO690,RD7_F4_m7f4_P7_Y20_UO597,MXY,1,0.0,0,0,0.0,0,0,0,-9999.0,0.5106201171875,1,P3_CV0,1,2,0,1,1
6,6.211338327692949,7.937131414155586,RD6_F3_m3f7_P3_Y22_UO9,RD3_F2_m6f9_P6_Y20_UO690,RD7_F4_m7f4_P7_Y20_UO597,MXY,1,0.0,0,0,0.0,0,0,0,-9999.0,0.5106201171875,1,P3_CV0,1,2,0,1,1
6,6.211338327692949,7.937131414155586,RD6_F2_m2f5_P2_Y22_UO537,RD2_F6_m3f5_P3_Y20_UO682,RD5_F3_m6f3_P6_Y20_UO85,FXX,1,0.0,0,0,0.0,0,0,0,-9999.0,0.504150390625,1,P3_CV0,1,1,1,0,2
6,6.211338327692949,7.937131414155586,RD6_F2_m2f5_P2_Y22_UO538,RD2_F6_m3f5_P3_Y20_UO682,RD5_F3_m6f3_P6_Y20_UO85,MXY,1,0.0,0,0,0.0,0,0,0,-9999.0,0.504150390625,1,P3_CV0,1,1,1,1,1
6,6.211338327692949,7.937131414155586,RD6_F9_m9f2_P9_Y22_UO444,RD9_F6_m9f2_P9_Y20_UO143,RD2_F6_m2f6_P2_Y20_UO441,FXX,1,0.0,0,0,0.0,0,0,0,-9999.0,0.51806640625,1,P3_CV0,1,2,0,2,0
6,6.211338327692949,7.937131414155586,RD6_F9_m6f3_P6_Y21_UO15,RD6_F3_m6f9_P6_Y19_UO220,RD3_F5_m5f2_P5_Y18_UO269,FXX,2,0.0,1,0,1.0,0,0,0,-9999.0,0.48876953125,1,P3_CV0,1,0,2,1,1
6,6.211338327692949,7.937131414155586,RD6_F2_m9f6_P9_Y21_UO301,RD9_F6_m9f2_P9_Y19_UO301,RD6_F2_m9f6_P9_Y19_UO110,FXX,2,0.0,1,0,1.0,0,0,0,-9999.0,0.4951171875,1,P3_CV0,1,1,1,0,2
6,6.211338327692949,7.937131414155586,RD6_F3_m5f2_P5_Y21_UO229,RD5_F3_m7f3_P7_Y19_UO371,RD2_F6_m7f3_P7_Y18_UO551,MXY,2,0.0,1,0,0.0,0,0,0,-9999.0,0.5185546875,1,P3_CV0,1,1,1,2,0
6,6.211338327692949,7.937131414155586,RD6_F3_m2f3_P2_Y21_UO400,RD2_F9_m2f3_P2_Y19_UO89,RD3_F5_m5f2_P5_Y18_UO269,FXX,2,0.0,1,0,1.0,0,0,0,-9999.0,0.499267578125,1,P3_CV0,1,0,2,1,1
6,6.211338327692949,7.937131414155586,RD6_F2_m2f3_P2_Y22_UO346,RD2_F3_m7f4_P7_Y20_UO275,RD3_F7_m4f8_P4_Y20_UO451,MXY,1,0.0,0,0,0.0,0,0,0,-9999.0,0.5343017578125,1,P4_CV0,1,1,1,2,0
6,6.211338327692949,7.937131414155586,RD6_F9_m9f6_P9_Y22_UO304,RD9_F2_m3f2_P3_Y20_UO487,RD6_F2_m3f6_P3_Y20_UO581,MXY,1,0.0,0,0,0.0,0,0,0,-9999.0,0.510498046875,1,P4_CV0,1,1,1,1,1
6,6.211338327692949,7.937131414155586,RD6_F9_m9f2_P9_Y22_UO293,RD9_F2_m9f6_P9_Y20_UO335,RD2_F3_m7f3_P7_Y20_UO148,FXX,1,0.0,0,0,0.0,0,0,0,-9999.0,0.515869140625,1,P4_CV0,1,1,1,2,0
6,6.211338327692949,7.937131414155586,RD6_F9_m9f6_P9_Y22_UO305,RD9_F2_m3f2_P3_Y20_UO487,RD6_F2_m3f6_P3_Y20_UO581,FXX,1,0.0,0,0,0.0,0,0,0,-9999.0,0.510498046875,1,P4_CV0,1,1,1,1,1
6,6.211338327692949,7.937131414155586,RD6_F2_m2f3_P2_Y22_UO89,RD2_F9_m6f3_P6_Y20_UO80,RD3_F6_m6f2_P6_Y19_UO3,MXY,1,0.0,0,0,0.0,0,0,0,-9999.0,0.5023193359375,1,P4_CV0,1,1,1,0,2
6,6.211338327692949,7.937131414155586,RD6_F9_m9f6_P9_Y22_UO306,RD9_F2_m3f2_P3_Y20_UO487,RD6_F2_m3f6_P3_Y20_UO581,FXX,1,0.0,0,0,0.0,0,0,0,-9999.0,0.510498046875,1,P4_CV0,1,1,1,2,0
6,6.211338327692949,7.937131414155586,RD6_F2_m2f5_P2_Y22_UO425,RD2_F3_m7f3_P7_Y20_UO39,RD5_F1_m5f3_P5_Y20_UO434,FXX,1,0.0,0,0,0.0,0,0,0,-9999.0,0.5115966796875,1,P4_CV0,1,2,0,0,2
6,6.211338327692949,7.937131414155586,RD6_F9_m9f6_P9_Y22_UO307,RD9_F2_m3f2_P3_Y20_UO487,RD6_F2_m3f6_P3_Y20_UO581,MXY,1,0.0,0,0,0.0,0,0,0,-9999.0,0.510498046875,1,P4_CV0,1,1,1,1,1
6,6.211338327692949,7.937131414155586,RD6_F9_m9f2_P9_Y22_UO292,RD9_F2_m9f6_P9_Y20_UO335,RD2_F3_m7f3_P7_Y20_UO148,FXX,1,0.0,0,0,0.0,0,0,0,-9999.0,0.515869140625,1,P4_CV0,1,2,0,2,0
6,6.211338327692949,7.937131414155586,RD6_F9_m9f2_P9_Y22_UO290,RD9_F2_m9f6_P9_Y20_UO335,RD2_F3_m7f3_P7_Y20_UO148,MXY,1,0.0,0,0,0.0,0,0,0,-9999.0,0.515869140625,1,P4_CV0,1,1,1,2,0
6,6.211338327692949,7.937131414155586,RD6_F2_m2f5_P2_Y22_UO426,RD2_F3_m7f3_P7_Y20_UO39,RD5_F1_m5f3_P5_Y20_UO434,MXY,1,0.0,0,0,0.0,0,0,0,-9999.0,0.5115966796875,1,P4_CV0,1,1,1,1,1
6,6.211338327692949,7.937131414155586,RD6_F9_m9f2_P9_Y22_UO361,RD9_F6_m2f3_P2_Y20_UO658,RD2_F3_m7f3_P7_Y20_UO412,MXY,1,0.0,0,0,0.0,0,0,0,-9999.0,0.5216064453125,1,P4_CV0,1,0,2,0,2
6,6.211338327692949,7.937131414155586,RD6_F2_m2f5_P2_Y22_UO543,RD2_F6_m3f5_P3_Y20_UO682,RD5_F3_m6f3_P6_Y20_UO85,FXX,1,0.0,0,0,0.0,0,0,0,-9999.0,0.504150390625,1,P4_CV0,1,1,1,0,2
6,6.211338327692949,7.937131414155586,RD6_F2_m2f5_P2_Y22_UO430,RD2_F3_m7f3_P7_Y20_UO39,RD5_F1_m5f3_P5_Y20_UO434,FXX,1,0.0,0,0,0.0,0,0,0,-9999.0,0.5115966796875,1,P4_CV0,1,2,0,0,2
6,6.211338327692949,7.937131414155586,RD6_F9_m9f2_P9_Y22_UO240,RD9_F2_m3f2_P3_Y20_UO487,RD2_F6_m3f6_P3_Y20_UO348,FXX,1,0.0,0,0,0.0,0,0,0,-9999.0,0.506591796875,1,P4_CV0,1,1,1,1,1
6,6.211338327692949,7.937131414155586,RD6_F9_m9f6_P9_Y20_UO328,RD9_F6_m3f6_P3_Y18_UO412,RD6_F9_m6f9_P6_Y18_UO526,MXY,3,0.0,1,0,0.0,0,0,0,-9999.0,0.509521484375,1,P4_CV0,1,2,0,2,0
6,6.211338327692949,7.937131414155586,RD6_F9_m9f6_P9_Y22_UO587,RD9_F6_m9f6_P9_Y20_UO250,RD6_F3_m9f6_P9_Y19_UO72,MXY,1,0.0,0,0,0.0,0,0,0,-9999.0,0.5084228515625,1,P5_CV0,1,0,2,2,0
6,6.211338327692949,7.937131414155586,RD6_F9_m9f6_P9_Y22_UO285,RD9_F6_m9f6_P9_Y20_UO462,RD6_F9_m6f3_P6_Y20_UO84,MXY,1,0.0,0,0,0.0,0,0,0,-9999.0,0.4949951171875,1,P5_CV0,1,0,2,1,1
6,6.211338327692949,7.937131414155586,RD6_F9_m9f2_P9_Y22_UO653,RD9_F6_m9f6_P9_Y20_UO16,RD2_F6_m2f6_P2_Y20_UO441,MXY,1,0.0,0,0,0.0,0,0,0,-9999.0,0.508544921875,1,P5_CV0,1,2,0,1,1
6,6.211338327692949,7.937131414155586,RD6_F3_m3f6_P3_Y22_UO53,RD3_F7_m3f7_P3_Y20_UO399,RD6_F3_m9f6_P9_Y19_UO72,MXY,1,0.0,0,0,0.0,0,0,0,-9999.0,0.5118408203125,1,P5_CV0,1,1,1,1,1
6,6.211338327692949,7.937131414155586,RD6_F3_m3f6_P3_Y22_UO58,RD3_F7_m3f7_P3_Y20_UO399,RD6_F3_m9f6_P9_Y19_UO72,FXX,1,0.0,0,0,0.0,0,0,0,-9999.0,0.5118408203125,1,P5_CV0,1,1,1,0,2
6,6.211338327692949,7.937131414155586,RD6_F9_m9f2_P9_Y22_UO342,RD9_F6_m9f6_P9_Y20_UO462,RD2_F9_m9f6_P9_Y19_UO251,FXX,1,0.0,0,0,0.0,0,0,0,-9999.0,0.494384765625,1,P5_CV0,1,0,2,2,0
6,6.211338327692949,7.937131414155586,RD6_F3_m3f6_P3_Y22_UO251,RD3_F7_m3f5_P3_Y20_UO12,RD6_F2_m3f5_P3_Y20_UO24,FXX,1,0.0,0,0,0.0,0,0,0,-9999.0,0.5106201171875,1,P5_CV0,1,0,2,0,2
6,6.211338327692949,7.937131414155586,RD6_F3_m3f6_P3_Y22_UO250,RD3_F7_m3f5_P3_Y20_UO12,RD6_F2_m3f5_P3_Y20_UO24,FXX,1,0.0,0,0,0.0,0,0,0,-9999.0,0.5106201171875,1,P5_CV0,1,0,2,0,2
6,6.211338327692949,7.937131414155586,RD6_F9_m9f2_P9_Y22_UO341,RD9_F6_m9f6_P9_Y20_UO462,RD2_F9_m9f6_P9_Y19_UO251,FXX,1,0.0,0,0,0.0,0,0,0,-9999.0,0.494384765625,1,P5_CV0,1,0,2,1,1
6,6.211338327692949,7.937131414155586,RD6_F9_m9f2_P9_Y22_UO340,RD9_F6_m9f6_P9_Y20_UO462,RD2_F9_m9f6_P9_Y19_UO251,MXY,1,0.0,0,0,0.0,0,0,0,-9999.0,0.494384765625,1,P5_CV0,1,1,1,2,0
6,6.211338327692949,7.937131414155586,RD6_F9_m9f6_P9_Y22_UO288,RD9_F6_m9f6_P9_Y20_UO462,RD6_F9_m6f3_P6_Y20_UO84,MXY,1,0.0,0,0,0.0,0,0,0,-9999.0,0.4949951171875,1,P5_CV0,1,0,2,1,1
6,6.211338327692949,7.937131414155586,RD6_F9_m9f6_P9_Y22_UO287,RD9_F6_m9f6_P9_Y20_UO462,RD6_F9_m6f3_P6_Y20_UO84,FXX,1,0.0,0,0,0.0,0,0,0,-9999.0,0.4949951171875,1,P5_CV0,1,0,2,1,1
6,6.211338327692949,7.937131414155586,RD6_F3_m3f6_P3_Y22_UO54,RD3_F7_m3f7_P3_Y20_UO399,RD6_F3_m9f6_P9_Y19_UO72,MXY,1,0.0,0,0,0.0,0,0,0,-9999.0,0.5118408203125,1,P5_CV0,1,1,1,2,0
6,6.211338327692949,7.937131414155586,RD6_F3_m3f6_P3_Y22_UO57,RD3_F7_m3f7_P3_Y20_UO399,RD6_F3_m9f6_P9_Y19_UO72,MXY,1,0.0,0,0,0.0,0,0,0,-9999.0,0.5118408203125,1,P5_CV0,1,1,1,1,1
6,6.211338327692949,7.937131414155586,RD6_F9_m6f3_P6_Y21_UO102,RD6_F2_m9f6_P9_Y19_UO107,RD3_F6_m9f6_P9_Y19_UO47,FXX,2,0.0,1,0,1.0,0,0,0,-9999.0,0.496826171875,1,P5_CV0,1,1,1,1,1
6,6.211338327692949,7.937131414155586,RD6_F2_m9f2_P9_Y21_UO375,RD9_F2_m9f6_P9_Y19_UO32,RD2_F6_m9f2_P9_Y19_UO299,MXY,2,0.0,1,0,0.0,0,0,0,-9999.0,0.49853515625,1,P5_CV0,1,0,2,1,1
6,6.211338327692949,7.937131414155586,RD6_F2_m9f6_P9_Y21_UO177,RD9_F2_m9f6_P9_Y19_UO33,RD6_F9_m2f6_P2_Y19_UO279,MXY,2,0.0,1,0,0.0,0,0,0,-9999.0,0.494140625,1,P5_CV0,1,0,2,0,2
6,6.211338327692949,7.937131414155586,RD6_F2_m9f6_P9_Y21_UO175,RD9_F2_m9f6_P9_Y19_UO33,RD6_F9_m2f6_P2_Y19_UO279,MXY,2,0.0,1,0,0.0,0,0,0,-9999.0,0.494140625,1,P5_CV0,1,1,1,0,2
6,6.211338327692949,7.937131414155586,RD6_F9_m9f6_P9_Y20_UO462,RD9_F6_m9f2_P9_Y18_UO21,RD6_F3_m5f2_P5_Y18_UO515,FXX,3,0.0,1,0,1.0,0,0,0,-9999.0,0.4892578125,1,P5_CV0,1,0,2,2,0
6,6.211338327692949,7.937131414155586,RD6_F2_m9f6_P9_Y19_UO49,RD9_F2_m5f3_P5_Y17_UO274,RD6_F3_m2f6_P2_Y17_UO266,MXY,4,0.0,1,0,0.0,0,0,0,-9999.0,0.49365234375,1,P5_CV0,1,1,1,0,2
6,6.211338327692949,7.937131414155586,RD6_F9_m9f2_P9_Y22_UO289,RD9_F2_m9f6_P9_Y20_UO335,RD2_F3_m7f3_P7_Y20_UO148,FXX,1,0.0,0,0,0.0,0,0,0,-9999.0,0.515869140625,1,P6_CV0,1,1,1,2,0
6,6.211338327692949,7.937131414155586,RD6_F9_m9f2_P9_Y22_UO295,RD9_F2_m9f6_P9_Y20_UO335,RD2_F3_m7f3_P7_Y20_UO148,FXX,1,0.0,0,0,0.0,0,0,0,-9999.0,0.515869140625,1,P6_CV0,1,2,0,2,0
6,6.211338327692949,7.937131414155586,RD6_F3_m3f7_P3_Y22_UO592,RD3_F7_m3f2_P3_Y20_UO568,RD7_F4_m7f3_P7_Y20_UO145,FXX,1,0.0,0,0,0.0,0,0,0,-9999.0,0.5162353515625,1,P6_CV0,1,1,1,1,1
6,6.211338327692949,7.937131414155586,RD6_F2_m7f3_P7_Y20_UO148,RD7_F4_m8f4_P8_Y18_UO404,RD3_F6_m2f6_P2_Y18_UO95,MXY,3,0.0,1,0,0.0,0,0,0,-9999.0,0.522216796875,1,P6_CV0,1,1,1,2,0
6,6.211338327692949,7.937131414155586,RD6_F9_m9f6_P9_Y22_UO389,RD9_F2_m9f2_P9_Y20_UO645,RD6_F3_m6f3_P6_Y20_UO86,MXY,1,0.0,0,0,0.0,0,0,0,-9999.0,0.5086669921875,1,P8_CV0,1,0,2,0,2
6,6.211338327692949,7.937131414155586,RD6_F9_m9f6_P9_Y22_UO385,RD9_F2_m9f2_P9_Y20_UO645,RD6_F3_m6f3_P6_Y20_UO86,FXX,1,0.0,0,0,0.0,0,0,0,-9999.0,0.5086669921875,1,P8_CV0,1,1,1,0,2
6,6.211338327692949,7.937131414155586,RD6_F9_m9f6_P9_Y22_UO286,RD9_F6_m9f6_P9_Y20_UO462,RD6_F9_m6f3_P6_Y20_UO84,MXY,1,0.0,0,0,0.0,0,0,0,-9999.0,0.4949951171875,1,P8_CV0,1,0,2,2,0
6,6.211338327692949,7.937131414155586,RD6_F9_m2f5_P2_Y21_UO154,RD2_F9_m2f3_P2_Y19_UO89,RD5_F1_m5f2_P5_Y19_UO174,FXX,2,0.0,1,0,1.0,0,0,0,-9999.0,0.507568359375,1,P8_CV0,1,1,1,0,2
7,1.3457994534493356,7.703671818986196,RD7_F4_m8f4_P8_Y21_UO132,RD8_F4_m7f3_P7_Y19_UO362,RD4_F7_m5f1_P5_Y18_UO59,FXX,2,0.0,1,0,1.0,0,0,0,-9999.0,0.50439453125,1,P0_CV0,1,0,2,1,1
7,1.3457994534493356,7.703671818986196,RD7_F4_m8f4_P8_Y21_UO412,RD8_F4_m7f3_P7_Y19_UO362,RD4_F8_m4f8_P4_Y19_UO339,FXX,2,0.0,1,0,1.0,0,0,0,-9999.0,0.502197265625,1,P0_CV0,1,0,2,1,1
7,1.3457994534493356,7.703671818986196,RD7_F3_m3f6_P3_Y22_UO243,RD3_F7_m3f5_P3_Y20_UO12,RD6_F2_m3f5_P3_Y20_UO24,FXX,1,0.0,0,0,0.0,0,0,0,-9999.0,0.5106201171875,1,P1_CV0,1,0,2,1,1
7,1.3457994534493356,7.703671818986196,RD7_F3_m3f2_P3_Y22_UO335,RD3_F2_m3f6_P3_Y20_UO155,RD2_F6_m3f6_P3_Y20_UO348,MXY,1,0.0,0,0,0.0,0,0,0,-9999.0,0.5098876953125,1,P1_CV0,1,1,1,1,1
7,1.3457994534493356,7.703671818986196,RD7_F3_m3f5_P3_Y22_UO376,RD3_F7_m3f5_P3_Y20_UO12,RD5_F3_m6f3_P6_Y17_UO417,FXX,1,0.0,0,0,0.0,0,0,0,-9999.0,0.5042724609375,1,P1_CV0,1,1,1,0,2
7,1.3457994534493356,7.703671818986196,RD7_F3_m3f5_P3_Y22_UO377,RD3_F7_m3f5_P3_Y20_UO12,RD5_F3_m6f3_P6_Y17_UO417,FXX,1,0.0,0,0,0.0,0,0,0,-9999.0,0.5042724609375,1,P1_CV0,1,0,2,1,1
7,1.3457994534493356,7.703671818986196,RD7_F3_m3f5_P3_Y22_UO378,RD3_F7_m3f5_P3_Y20_UO12,RD5_F3_m6f3_P6_Y17_UO417,MXY,1,0.0,0,0,0.0,0,0,0,-9999.0,0.5042724609375,1,P1_CV0,1,1,1,1,1
7,1.3457994534493356,7.703671818986196,RD7_F4_m4f8_P4_Y22_UO548,RD4_F7_m4f7_P4_Y20_UO519,RD8_F4_m8f4_P8_Y20_UO47,MXY,1,0.0,0,0,0.0,0,0,0,-9999.0,0.5511474609375,1,P1_CV0,1,1,1,0,2
7,1.3457994534493356,7.703671818986196,RD7_F4_m4f8_P4_Y22_UO552,RD4_F7_m4f7_P4_Y20_UO519,RD8_F4_m8f4_P8_Y20_UO47,MXY,1,0.0,0,0,0.0,0,0,0,-9999.0,0.5511474609375,1,P1_CV0,1,0,2,1,1
7,1.3457994534493356,7.703671818986196,RD7_F4_m4f8_P4_Y22_UO553,RD4_F7_m4f7_P4_Y20_UO519,RD8_F4_m8f4_P8_Y20_UO47,MXY,1,0.0,0,0,0.0,0,0,0,-9999.0,0.5511474609375,1,P1_CV0,1,1,1,1,1
7,1.3457994534493356,7.703671818986196,RD7_F3_m6f9_P6_Y21_UO413,RD6_F2_m9f6_P9_Y19_UO107,RD9_F6_m9f6_P9_Y19_UO251,MXY,2,0.0,1,0,0.0,0,0,0,-9999.0,0.499755859375,1,P1_CV0,1,0,2,2,0
7,1.3457994534493356,7.703671818986196,RD7_F3_m6f2_P6_Y21_UO238,RD6_F9_m2f6_P2_Y19_UO187,RD2_F9_m2f3_P2_Y19_UO344,MXY,2,0.0,1,0,0.0,0,0,0,-9999.0,0.502685546875,1,P1_CV0,1,2,0,1,1
7,1.3457994534493356,7.703671818986196,RD7_F4_m8f4_P8_Y21_UO108,RD8_F4_m8f4_P8_Y19_UO198,RD4_F8_m4f8_P4_Y19_UO339,FXX,2,0.0,1,0,1.0,0,0,0,-9999.0,0.50244140625,1,P1_CV0,1,1,1,1,1
7,1.3457994534493356,7.703671818986196,RD7_F4_m4f7_P4_Y20_UO519,RD4_F8_m4f7_P4_Y18_UO595,RD7_F4_m8f4_P8_Y18_UO370,FXX,3,0.0,1,0,1.0,0,0,0,-9999.0,0.552001953125,1,P1_CV0,1,0,2,1,1
7,1.3457994534493356,7.703671818986196,RD7_F3_m2f9_P2_Y21_UO53,RD2_F9_m6f2_P6_Y19_UO308,RD9_F2_m9f2_P9_Y17_UO151,MXY,2,0.0,1,0,0.0,0,0,0,-9999.0,0.477294921875,1,P2_CV0,1,1,1,1,1
7,1.3457994534493356,7.703671818986196,RD7_F3_m3f7_P3_Y22_UO12,RD3_F2_m6f9_P6_Y20_UO690,RD7_F4_m7f4_P7_Y20_UO597,FXX,1,0.0,0,0,0.0,0,0,0,-9999.0,0.5106201171875,1,P3_CV0,1,2,0,1,1
7,1.3457994534493356,7.703671818986196,RD7_F3_m3f2_P3_Y22_UO338,RD3_F2_m3f6_P3_Y20_UO155,RD2_F6_m3f6_P3_Y20_UO348,FXX,1,0.0,0,0,0.0,0,0,0,-9999.0,0.5098876953125,1,P3_CV0,1,0,2,1,1
7,1.3457994534493356,7.703671818986196,RD7_F4_m4f8_P4_Y22_UO206,RD4_F7_m3f6_P3_Y20_UO354,RD8_F4_m8f4_P8_Y20_UO327,FXX,1,0.0,0,0,0.0,0,0,0,-9999.0,0.5086669921875,1,P3_CV0,1,1,1,0,2
7,1.3457994534493356,7.703671818986196,RD7_F4_m4f7_P4_Y22_UO216,RD4_F7_m3f6_P3_Y20_UO388,RD7_F4_m8f4_P8_Y20_UO638,FXX,1,0.0,0,0,0.0,0,0,0,-9999.0,0.5177001953125,1,P3_CV0,1,1,1,2,0
7,1.3457994534493356,7.703671818986196,RD7_F4_m4f8_P4_Y22_UO230,RD4_F8_m4f8_P4_Y20_UO573,RD8_F4_m8f4_P8_Y20_UO230,MXY,1,0.0,0,0,0.0,0,0,0,-9999.0,0.5211181640625,1,P3_CV0,1,1,1,2,0
7,1.3457994534493356,7.703671818986196,RD7_F4_m4f8_P4_Y22_UO231,RD4_F8_m4f8_P4_Y20_UO573,RD8_F4_m8f4_P8_Y20_UO230,FXX,1,0.0,0,0,0.0,0,0,0,-9999.0,0.5211181640625,1,P3_CV0,1,1,1,1,1
7,1.3457994534493356,7.703671818986196,RD7_F4_m4f8_P4_Y22_UO232,RD4_F8_m4f8_P4_Y20_UO573,RD8_F4_m8f4_P8_Y20_UO230,FXX,1,0.0,0,0,0.0,0,0,0,-9999.0,0.5211181640625,1,P3_CV0,1,1,1,1,1
7,1.3457994534493356,7.703671818986196,RD7_F4_m4f8_P4_Y22_UO368,RD4_F7_m3f6_P3_Y20_UO156,RD8_F4_m8f4_P8_Y20_UO327,FXX,1,0.0,0,0,0.0,0,0,0,-9999.0,0.51806640625,1,P3_CV0,1,0,2,1,1
7,1.3457994534493356,7.703671818986196,RD7_F4_m4f8_P4_Y22_UO369,RD4_F7_m3f6_P3_Y20_UO156,RD8_F4_m8f4_P8_Y20_UO327,MXY,1,0.0,0,0,0.0,0,0,0,-9999.0,0.51806640625,1,P3_CV0,1,0,2,1,1
7,1.3457994534493356,7.703671818986196,RD7_F4_m4f7_P4_Y22_UO371,RD4_F7_m3f2_P3_Y20_UO565,RD7_F4_m8f4_P8_Y20_UO326,MXY,1,0.0,0,0,0.0,0,0,0,-9999.0,0.5135498046875,1,P3_CV0,1,1,1,2,0
7,1.3457994534493356,7.703671818986196,RD7_F4_m4f7_P4_Y22_UO372,RD4_F7_m3f2_P3_Y20_UO565,RD7_F4_m8f4_P8_Y20_UO326,MXY,1,0.0,0,0,0.0,0,0,0,-9999.0,0.5135498046875,1,P3_CV0,1,1,1,2,0
7,1.3457994534493356,7.703671818986196,RD7_F4_m4f8_P4_Y22_UO419,RD4_F8_m4f8_P4_Y20_UO413,RD8_F4_m8f4_P8_Y20_UO557,FXX,1,0.0,0,0,0.0,0,0,0,-9999.0,0.52734375,1,P3_CV0,1,0,2,1,1
7,1.3457994534493356,7.703671818986196,RD7_F4_m4f8_P4_Y22_UO457,RD4_F7_m3f2_P3_Y20_UO565,RD8_F4_m8f4_P8_Y20_UO327,FXX,1,0.0,0,0,0.0,0,0,0,-9999.0,0.5135498046875,1,P3_CV0,1,0,2,2,0
7,1.3457994534493356,7.703671818986196,RD7_F4_m4f8_P4_Y22_UO458,RD4_F7_m3f2_P3_Y20_UO565,RD8_F4_m8f4_P8_Y20_UO327,MXY,1,0.0,0,0,0.0,0,0,0,-9999.0,0.5135498046875,1,P3_CV0,1,0,2,0,2
7,1.3457994534493356,7.703671818986196,RD7_F4_m4f8_P4_Y22_UO530,RD4_F7_m4f7_P4_Y20_UO150,RD8_F4_m7f4_P7_Y20_UO562,MXY,1,0.0,0,0,0.0,0,0,0,-9999.0,0.5316162109375,1,P3_CV0,1,0,2,1,1
7,1.3457994534493356,7.703671818986196,RD7_F4_m4f8_P4_Y22_UO531,RD4_F7_m4f7_P4_Y20_UO150,RD8_F4_m7f4_P7_Y20_UO562,MXY,1,0.0,0,0,0.0,0,0,0,-9999.0,0.5316162109375,1,P3_CV0,1,0,2,2,0
7,1.3457994534493356,7.703671818986196,RD7_F4_m4f8_P4_Y22_UO532,RD4_F7_m4f7_P4_Y20_UO150,RD8_F4_m7f4_P7_Y20_UO562,MXY,1,0.0,0,0,0.0,0,0,0,-9999.0,0.5316162109375,1,P3_CV0,1,0,2,1,1
7,1.3457994534493356,7.703671818986196,RD7_F3_m7f4_P7_Y21_UO358,RD7_F3_m7f3_P7_Y19_UO353,RD4_F7_m8f4_P8_Y18_UO63,MXY,2,0.0,1,0,0.0,0,0,0,-9999.0,0.517822265625,1,P3_CV0,1,0,2,2,0
7,1.3457994534493356,7.703671818986196,RD7_F3_m7f4_P7_Y21_UO363,RD7_F3_m7f3_P7_Y19_UO353,RD4_F7_m8f4_P8_Y18_UO63,MXY,2,0.0,1,0,0.0,0,0,0,-9999.0,0.517822265625,1,P3_CV0,1,0,2,1,1
7,1.3457994534493356,7.703671818986196,RD7_F3_m6f3_P6_Y21_UO9,RD6_F3_m6f9_P6_Y19_UO220,RD3_F5_m5f2_P5_Y18_UO269,MXY,2,0.0,1,0,0.0,0,0,0,-9999.0,0.48876953125,1,P3_CV0,1,0,2,1,1
7,1.3457994534493356,7.703671818986196,RD7_F3_m6f9_P6_Y19_UO207,RD6_F2_m3f2_P3_Y17_UO95,RD9_F2_m9f2_P9_Y17_UO151,MXY,4,0.0,1,0,0.0,0,0,0,-9999.0,0.4755859375,1,P3_CV0,1,0,2,0,2
7,1.3457994534493356,7.703671818986196,RD7_F3_m3f7_P3_Y22_UO11,RD3_F2_m6f9_P6_Y20_UO690,RD7_F4_m7f4_P7_Y20_UO597,FXX,1,0.0,0,0,0.0,0,0,0,-9999.0,0.5106201171875,1,P4_CV0,1,0,2,1,1
7,1.3457994534493356,7.703671818986196,RD7_F3_m3f7_P3_Y22_UO15,RD3_F2_m6f9_P6_Y20_UO690,RD7_F4_m7f4_P7_Y20_UO597,MXY,1,0.0,0,0,0.0,0,0,0,-9999.0,0.5106201171875,1,P4_CV0,1,2,0,1,1
7,1.3457994534493356,7.703671818986196,RD7_F4_m4f8_P4_Y22_UO28,RD4_F8_m4f7_P4_Y20_UO631,RD8_F4_m8f4_P8_Y20_UO273,MXY,1,0.0,0,0,0.0,0,0,0,-9999.0,0.5194091796875,1,P4_CV0,1,0,2,0,2
7,1.3457994534493356,7.703671818986196,RD7_F4_m4f7_P4_Y22_UO110,RD4_F7_m4f8_P4_Y20_UO491,RD7_F4_m7f4_P7_Y20_UO597,MXY,1,0.0,0,0,0.0,0,0,0,-9999.0,0.531494140625,1,P4_CV0,1,2,0,1,1
7,1.3457994534493356,7.703671818986196,RD7_F4_m4f7_P4_Y22_UO111,RD4_F7_m4f8_P4_Y20_UO491,RD7_F4_m7f4_P7_Y20_UO597,MXY,1,0.0,0,0,0.0,0,0,0,-9999.0,0.531494140625,1,P4_CV0,1,2,0,1,1
7,1.3457994534493356,7.703671818986196,RD7_F4_m4f7_P4_Y22_UO114,RD4_F7_m4f8_P4_Y20_UO491,RD7_F4_m7f4_P7_Y20_UO597,FXX,1,0.0,0,0,0.0,0,0,0,-9999.0,0.531494140625,1,P4_CV0,1,1,1,1,1
7,1.3457994534493356,7.703671818986196,RD7_F4_m4f7_P4_Y22_UO115,RD4_F7_m4f8_P4_Y20_UO491,RD7_F4_m7f4_P7_Y20_UO597,FXX,1,0.0,0,0,0.0,0,0,0,-9999.0,0.531494140625,1,P4_CV0,1,1,1,1,1
7,1.3457994534493356,7.703671818986196,RD7_F4_m8f4_P8_Y21_UO435,RD8_F4_m7f3_P7_Y19_UO362,RD4_F7_m5f1_P5_Y18_UO59,FXX,2,0.0,1,0,1.0,0,0,0,-9999.0,0.50439453125,1,P4_CV0,1,0,2,2,0
7,1.3457994534493356,7.703671818986196,RD7_F3_m3f5_P3_Y20_UO25,RD3_F7_m4f7_P4_Y18_UO132,RD5_F3_m5f1_P5_Y18_UO230,MXY,3,0.0,1,0,0.0,0,0,0,-9999.0,0.5107421875,1,P4_CV0,1,1,1,1,1
7,1.3457994534493356,7.703671818986196,RD7_F3_m4f8_P4_Y20_UO451,RD4_F7_m4f8_P4_Y18_UO581,RD8_F4_m8f4_P8_Y18_UO447,MXY,3,0.0,1,0,0.0,0,0,0,-9999.0,0.53515625,1,P4_CV0,1,1,1,1,1
7,1.3457994534493356,7.703671818986196,RD7_F3_m3f6_P3_Y22_UO51,RD3_F7_m3f7_P3_Y20_UO399,RD6_F3_m9f6_P9_Y19_UO72,FXX,1,0.0,0,0,0.0,0,0,0,-9999.0,0.5118408203125,1,P5_CV0,1,1,1,1,1
7,1.3457994534493356,7.703671818986196,RD7_F3_m3f6_P3_Y22_UO56,RD3_F7_m3f7_P3_Y20_UO399,RD6_F3_m9f6_P9_Y19_UO72,FXX,1,0.0,0,0,0.0,0,0,0,-9999.0,0.5118408203125,1,P5_CV0,1,1,1,1,1
7,1.3457994534493356,7.703671818986196,RD7_F3_m3f6_P3_Y22_UO244,RD3_F7_m3f5_P3_Y20_UO12,RD6_F2_m3f5_P3_Y20_UO24,FXX,1,0.0,0,0,0.0,0,0,0,-9999.0,0.5106201171875,1,P5_CV0,1,0,2,1,1
7,1.3457994534493356,7.703671818986196,RD7_F3_m3f6_P3_Y22_UO248,RD3_F7_m3f5_P3_Y20_UO12,RD6_F2_m3f5_P3_Y20_UO24,MXY,1,0.0,0,0,0.0,0,0,0,-9999.0,0.5106201171875,1,P5_CV0,1,1,1,0,2
7,1.3457994534493356,7.703671818986196,RD7_F4_m4f8_P4_Y22_UO41,RD4_F8_m4f7_P4_Y20_UO219,RD8_F4_m4f8_P4_Y19_UO339,MXY,1,0.0,0,0,0.0,0,0,0,-9999.0,0.4959716796875,1,P5_CV0,1,0,2,1,1
7,1.3457994534493356,7.703671818986196,RD7_F4_m4f8_P4_Y22_UO42,RD4_F8_m4f7_P4_Y20_UO219,RD8_F4_m4f8_P4_Y19_UO339,FXX,1,0.0,0,0,0.0,0,0,0,-9999.0,0.4959716796875,1,P5_CV0,1,1,1,2,0
7,1.3457994534493356,7.703671818986196,RD7_F4_m4f7_P4_Y22_UO440,RD4_F7_m3f6_P3_Y20_UO156,RD7_F4_m7f3_P7_Y20_UO145,MXY,1,0.0,0,0,0.0,0,0,0,-9999.0,0.520751953125,1,P5_CV0,1,0,2,2,0
7,1.3457994534493356,7.703671818986196,RD7_F4_m4f8_P4_Y22_UO550,RD4_F7_m4f7_P4_Y20_UO519,RD8_F4_m8f4_P8_Y20_UO47,MXY,1,0.0,0,0,0.0,0,0,0,-9999.0,0.5511474609375,1,P5_CV0,1,0,2,1,1
7,1.3457994534493356,7.703671818986196,RD7_F3_m3f6_P3_Y20_UO351,RD3_F5_m2f9_P2_Y18_UO566,RD6_F3_m5f2_P5_Y18_UO515,FXX,3,0.0,1,0,1.0,0,0,0,-9999.0,0.50048828125,1,P5_CV0,1,1,1,0,2
7,1.3457994534493356,7.703671818986196,RD7_F4_m4f7_P4_Y20_UO631,RD4_F8_m4f7_P4_Y18_UO384,RD7_F3_m7f3_P7_Y18_UO6,FXX,3,0.0,1,0,1.0,0,0,0,-9999.0,0.488525390625,1,P5_CV0,1,1,1,0,2
7,1.3457994534493356,7.703671818986196,RD7_F3_m3f7_P3_Y22_UO593,RD3_F7_m3f2_P3_Y20_UO568,RD7_F4_m7f3_P7_Y20_UO145,MXY,1,0.0,0,0,0.0,0,0,0,-9999.0,0.5162353515625,1,P6_CV0,1,0,2,2,0
7,1.3457994534493356,7.703671818986196,RD7_F3_m3f7_P3_Y22_UO596,RD3_F7_m3f2_P3_Y20_UO568,RD7_F4_m7f3_P7_Y20_UO145,MXY,1,0.0,0,0,0.0,0,0,0,-9999.0,0.5162353515625,1,P6_CV0,1,0,2,1,1
7,1.3457994534493356,7.703671818986196,RD7_F3_m3f7_P3_Y22_UO597,RD3_F7_m3f2_P3_Y20_UO568,RD7_F4_m7f3_P7_Y20_UO145,FXX,1,0.0,0,0,0.0,0,0,0,-9999.0,0.5162353515625,1,P6_CV0,1,0,2,1,1
7,1.3457994534493356,7.703671818986196,RD7_F3_m3f7_P3_Y22_UO598,RD3_F7_m3f2_P3_Y20_UO568,RD7_F4_m7f3_P7_Y20_UO145,FXX,1,0.0,0,0,0.0,0,0,0,-9999.0,0.5162353515625,1,P6_CV0,1,1,1,1,1
7,1.3457994534493356,7.703671818986196,RD7_F4_m4f7_P4_Y22_UO300,RD4_F7_m3f2_P3_Y20_UO565,RD7_F4_m8f4_P8_Y20_UO232,MXY,1,0.0,0,0,0.0,0,0,0,-9999.0,0.5155029296875,1,P6_CV0,1,0,2,2,0
7,1.3457994534493356,7.703671818986196,RD7_F3_m3f2_P3_Y22_UO106,RD3_F7_m3f2_P3_Y20_UO206,RD2_F6_m3f2_P3_Y20_UO208,FXX,1,0.0,0,0,0.0,0,0,0,-9999.0,0.515869140625,1,P7_CV0,1,1,1,2,0
7,1.3457994534493356,7.703671818986196,RD7_F4_m4f7_P4_Y22_UO439,RD4_F7_m3f6_P3_Y20_UO156,RD7_F4_m7f3_P7_Y20_UO145,FXX,1,0.0,0,0,0.0,0,0,0,-9999.0,0.520751953125,1,P7_CV0,1,0,2,2,0
7,1.3457994534493356,7.703671818986196,RD7_F3_m3f2_P3_Y20_UO206,RD3_F7_m4f8_P4_Y18_UO409,RD2_F9_m1f5_P1_Y16_UO487,FXX,3,0.0,1,0,1.0,0,0,0,-9999.0,0.515869140625,1,P7_CV0,1,1,1,1,1
7,1.3457994534493356,7.703671818986196,RD7_F3_m3f5_P3_Y22_UO318,RD3_F2_m9f6_P9_Y20_UO13,RD5_F1_m5f3_P5_Y20_UO98,MXY,1,0.0,0,0,0.0,0,0,0,-9999.0,0.501708984375,1,P8_CV0,1,1,1,0,2
7,1.3457994534493356,7.703671818986196,RD7_F3_m3f5_P3_Y22_UO320,RD3_F2_m9f6_P9_Y20_UO13,RD5_F1_m5f3_P5_Y20_UO98,FXX,1,0.0,0,0,0.0,0,0,0,-9999.0,0.501708984375,1,P8_CV0,1,0,2,0,2
7,1.3457994534493356,7.703671818986196,RD7_F3_m2f5_P2_Y21_UO157,RD2_F9_m2f3_P2_Y19_UO89,RD5_F1_m5f2_P5_Y19_UO174,FXX,2,0.0,1,0,1.0,0,0,0,-9999.0,0.507568359375,1,P8_CV0,1,1,1,0,2
7,1.3457994534493356,7.703671818986196,RD7_F3_m2f5_P2_Y21_UO160,RD2_F9_m2f3_P2_Y19_UO89,RD5_F1_m5f2_P5_Y19_UO174,MXY,2,0.0,1,0,0.0,0,0,0,-9999.0,0.507568359375,1,P8_CV0,1,1,1,1,1
8,1.8443986564691528,11.780027217250101,RD8_F4_m7f4_P7_Y21_UO279,RD7_F3_m7f3_P7_Y19_UO353,RD4_F8_m4f8_P4_Y19_UO339,FXX,2,0.0,1,0,1.0,0,0,0,-9999.0,0.502197265625,1,P0_CV0,1,0,2,0,2
8,1.8443986564691528,11.780027217250101,RD8_F4_m7f4_P7_Y21_UO286,RD7_F3_m7f3_P7_Y19_UO353,RD4_F8_m4f8_P4_Y19_UO339,MXY,2,0.0,1,0,0.0,0,0,0,-9999.0,0.502197265625,1,P0_CV0,1,0,2,0,2
8,1.8443986564691528,11.780027217250101,RD8_F4_m8f4_P8_Y21_UO120,RD8_F4_m7f3_P7_Y19_UO367,RD4_F7_m5f1_P5_Y18_UO59,MXY,2,0.0,1,0,0.0,0,0,0,-9999.0,0.50439453125,1,P0_CV0,1,0,2,1,1
8,1.8443986564691528,11.780027217250101,RD8_F4_m7f4_P7_Y21_UO269,RD7_F3_m7f3_P7_Y19_UO353,RD4_F8_m4f8_P4_Y19_UO339,MXY,2,0.0,1,0,0.0,0,0,0,-9999.0,0.502197265625,1,P0_CV0,1,0,2,1,1
8,1.8443986564691528,11.780027217250101,RD8_F4_m7f4_P7_Y21_UO351,RD7_F3_m7f3_P7_Y19_UO353,RD4_F7_m8f4_P8_Y18_UO63,FXX,2,0.0,1,0,1.0,0,0,0,-9999.0,0.517822265625,1,P0_CV0,1,0,2,2,0
8,1.8443986564691528,11.780027217250101,RD8_F4_m7f4_P7_Y21_UO369,RD7_F3_m7f3_P7_Y19_UO353,RD4_F7_m8f4_P8_Y18_UO63,FXX,2,0.0,1,0,1.0,0,0,0,-9999.0,0.517822265625,1,P0_CV0,1,1,1,1,1
8,1.8443986564691528,11.780027217250101,RD8_F4_m4f8_P4_Y22_UO39,RD4_F8_m4f7_P4_Y20_UO219,RD8_F4_m4f8_P4_Y19_UO339,FXX,1,0.0,0,0,0.0,0,0,0,-9999.0,0.4959716796875,1,P1_CV0,1,0,2,2,0
8,1.8443986564691528,11.780027217250101,RD8_F4_m4f7_P4_Y22_UO112,RD4_F7_m4f8_P4_Y20_UO491,RD7_F4_m7f4_P7_Y20_UO597,FXX,1,0.0,0,0,0.0,0,0,0,-9999.0,0.531494140625,1,P1_CV0,1,2,0,1,1
8,1.8443986564691528,11.780027217250101,RD8_F4_m4f7_P4_Y22_UO113,RD4_F7_m4f8_P4_Y20_UO491,RD7_F4_m7f4_P7_Y20_UO597,MXY,1,0.0,0,0,0.0,0,0,0,-9999.0,0.531494140625,1,P1_CV0,1,2,0,1,1
8,1.8443986564691528,11.780027217250101,RD8_F4_m8f4_P8_Y21_UO242,RD8_F4_m7f3_P7_Y19_UO352,RD4_F8_m4f8_P4_Y19_UO339,MXY,2,0.0,1,0,0.0,0,0,0,-9999.0,0.502197265625,1,P1_CV0,1,0,2,1,1
8,1.8443986564691528,11.780027217250101,RD8_F4_m8f4_P8_Y21_UO107,RD8_F4_m8f4_P8_Y19_UO198,RD4_F8_m4f8_P4_Y19_UO339,FXX,2,0.0,1,0,1.0,0,0,0,-9999.0,0.50244140625,1,P1_CV0,1,0,2,1,1
8,1.8443986564691528,11.780027217250101,RD8_F4_m8f4_P8_Y21_UO91,RD8_F4_m7f3_P7_Y19_UO352,RD4_F7_m8f4_P8_Y18_UO63,FXX,2,0.0,1,0,1.0,0,0,0,-9999.0,0.517822265625,1,P1_CV0,1,0,2,1,1
8,1.8443986564691528,11.780027217250101,RD8_F4_m4f8_P4_Y22_UO200,RD4_F7_m3f6_P3_Y20_UO354,RD8_F4_m8f4_P8_Y20_UO327,FXX,1,0.0,0,0,0.0,0,0,0,-9999.0,0.5086669921875,1,P3_CV0,1,0,2,1,1
8,1.8443986564691528,11.780027217250101,RD8_F4_m4f8_P4_Y22_UO203,RD4_F7_m3f6_P3_Y20_UO354,RD8_F4_m8f4_P8_Y20_UO327,MXY,1,0.0,0,0,0.0,0,0,0,-9999.0,0.5086669921875,1,P3_CV0,1,0,2,0,2
8,1.8443986564691528,11.780027217250101,RD8_F4_m4f8_P4_Y22_UO205,RD4_F7_m3f6_P3_Y20_UO354,RD8_F4_m8f4_P8_Y20_UO327,MXY,1,0.0,0,0,0.0,0,0,0,-9999.0,0.5086669921875,1,P3_CV0,1,1,1,1,1
8,1.8443986564691528,11.780027217250101,RD8_F4_m4f8_P4_Y22_UO208,RD4_F7_m3f6_P3_Y20_UO354,RD8_F4_m8f4_P8_Y20_UO327,FXX,1,0.0,0,0,0.0,0,0,0,-9999.0,0.5086669921875,1,P3_CV0,1,0,2,0,2
8,1.8443986564691528,11.780027217250101,RD8_F4_m4f7_P4_Y22_UO217,RD4_F7_m3f6_P3_Y20_UO388,RD7_F4_m8f4_P8_Y20_UO638,MXY,1,0.0,0,0,0.0,0,0,0,-9999.0,0.5177001953125,1,P3_CV0,1,1,1,2,0
8,1.8443986564691528,11.780027217250101,RD8_F4_m4f7_P4_Y22_UO218,RD4_F7_m3f6_P3_Y20_UO388,RD7_F4_m8f4_P8_Y20_UO638,FXX,1,0.0,0,0,0.0,0,0,0,-9999.0,0.5177001953125,1,P3_CV0,1,2,0,1,1
8,1.8443986564691528,11.780027217250101,RD8_F4_m4f7_P4_Y22_UO219,RD4_F7_m3f6_P3_Y20_UO388,RD7_F4_m8f4_P8_Y20_UO638,MXY,1,0.0,0,0,0.0,0,0,0,-9999.0,0.5177001953125,1,P3_CV0,1,1,1,2,0
8,1.8443986564691528,11.780027217250101,RD8_F4_m4f8_P4_Y22_UO228,RD4_F8_m4f8_P4_Y20_UO573,RD8_F4_m8f4_P8_Y20_UO230,FXX,1,0.0,0,0,0.0,0,0,0,-9999.0,0.5211181640625,1,P3_CV0,1,2,0,1,1
8,1.8443986564691528,11.780027217250101,RD8_F4_m4f8_P4_Y22_UO229,RD4_F8_m4f8_P4_Y20_UO573,RD8_F4_m8f4_P8_Y20_UO230,FXX,1,0.0,0,0,0.0,0,0,0,-9999.0,0.5211181640625,1,P3_CV0,1,2,0,2,0
8,1.8443986564691528,11.780027217250101,RD8_F4_m4f8_P4_Y22_UO233,RD4_F8_m4f8_P4_Y20_UO573,RD8_F4_m8f4_P8_Y20_UO230,FXX,1,0.0,0,0,0.0,0,0,0,-9999.0,0.5211181640625,1,P3_CV0,1,1,1,1,1
8,1.8443986564691528,11.780027217250101,RD8_F4_m4f7_P4_Y22_UO298,RD4_F7_m3f2_P3_Y20_UO565,RD7_F4_m8f4_P8_Y20_UO232,MXY,1,0.0,0,0,0.0,0,0,0,-9999.0,0.5155029296875,1,P3_CV0,1,0,2,1,1
8,1.8443986564691528,11.780027217250101,RD8_F4_m4f7_P4_Y22_UO299,RD4_F7_m3f2_P3_Y20_UO565,RD7_F4_m8f4_P8_Y20_UO232,FXX,1,0.0,0,0,0.0,0,0,0,-9999.0,0.5155029296875,1,P3_CV0,1,0,2,0,2
8,1.8443986564691528,11.780027217250101,RD8_F4_m4f7_P4_Y22_UO301,RD4_F7_m3f2_P3_Y20_UO565,RD7_F4_m8f4_P8_Y20_UO232,FXX,1,0.0,0,0,0.0,0,0,0,-9999.0,0.5155029296875,1,P3_CV0,1,1,1,1,1
8,1.8443986564691528,11.780027217250101,RD8_F4_m4f8_P4_Y22_UO370,RD4_F7_m3f6_P3_Y20_UO156,RD8_F4_m8f4_P8_Y20_UO327,MXY,1,0.0,0,0,0.0,0,0,0,-9999.0,0.51806640625,1,P3_CV0,1,0,2,2,0
8,1.8443986564691528,11.780027217250101,RD8_F4_m4f8_P4_Y22_UO416,RD4_F8_m4f8_P4_Y20_UO413,RD8_F4_m8f4_P8_Y20_UO557,FXX,1,0.0,0,0,0.0,0,0,0,-9999.0,0.52734375,1,P3_CV0,1,2,0,1,1
8,1.8443986564691528,11.780027217250101,RD8_F4_m4f8_P4_Y22_UO455,RD4_F7_m3f2_P3_Y20_UO565,RD8_F4_m8f4_P8_Y20_UO327,MXY,1,0.0,0,0,0.0,0,0,0,-9999.0,0.5135498046875,1,P3_CV0,1,1,1,2,0
8,1.8443986564691528,11.780027217250101,RD8_F4_m4f8_P4_Y22_UO459,RD4_F7_m3f2_P3_Y20_UO565,RD8_F4_m8f4_P8_Y20_UO327,FXX,1,0.0,0,0,0.0,0,0,0,-9999.0,0.5135498046875,1,P3_CV0,1,0,2,0,2
8,1.8443986564691528,11.780027217250101,RD8_F4_m4f8_P4_Y22_UO528,RD4_F7_m4f7_P4_Y20_UO150,RD8_F4_m7f4_P7_Y20_UO562,FXX,1,0.0,0,0,0.0,0,0,0,-9999.0,0.5316162109375,1,P3_CV0,1,0,2,2,0
8,1.8443986564691528,11.780027217250101,RD8_F4_m4f8_P4_Y22_UO529,RD4_F7_m4f7_P4_Y20_UO150,RD8_F4_m7f4_P7_Y20_UO562,MXY,1,0.0,0,0,0.0,0,0,0,-9999.0,0.5316162109375,1,P3_CV0,1,0,2,1,1
8,1.8443986564691528,11.780027217250101,RD8_F4_m7f4_P7_Y21_UO357,RD7_F3_m7f3_P7_Y19_UO353,RD4_F7_m8f4_P8_Y18_UO63,MXY,2,0.0,1,0,0.0,0,0,0,-9999.0,0.517822265625,1,P3_CV0,1,1,1,2,0
8,1.8443986564691528,11.780027217250101,RD8_F4_m7f4_P7_Y21_UO366,RD7_F3_m7f3_P7_Y19_UO353,RD4_F7_m8f4_P8_Y18_UO63,MXY,2,0.0,1,0,0.0,0,0,0,-9999.0,0.517822265625,1,P3_CV0,1,0,2,2,0
8,1.8443986564691528,11.780027217250101,RD8_F4_m7f4_P7_Y21_UO356,RD7_F3_m7f3_P7_Y19_UO353,RD4_F7_m8f4_P8_Y18_UO63,FXX,2,0.0,1,0,1.0,0,0,0,-9999.0,0.517822265625,1,P3_CV0,1,1,1,1,1
8,1.8443986564691528,11.780027217250101,RD8_F4_m4f8_P4_Y22_UO25,RD4_F8_m4f7_P4_Y20_UO631,RD8_F4_m8f4_P8_Y20_UO273,MXY,1,0.0,0,0,0.0,0,0,0,-9999.0,0.5194091796875,1,P4_CV0,1,1,1,0,2
8,1.8443986564691528,11.780027217250101,RD8_F4_m4f8_P4_Y22_UO417,RD4_F8_m4f8_P4_Y20_UO413,RD8_F4_m8f4_P8_Y20_UO557,MXY,1,0.0,0,0,0.0,0,0,0,-9999.0,0.52734375,1,P4_CV0,1,1,1,2,0
8,1.8443986564691528,11.780027217250101,RD8_F4_m4f8_P4_Y22_UO418,RD4_F8_m4f8_P4_Y20_UO413,RD8_F4_m8f4_P8_Y20_UO557,MXY,1,0.0,0,0,0.0,0,0,0,-9999.0,0.52734375,1,P4_CV0,1,1,1,2,0
8,1.8443986564691528,11.780027217250101,RD8_F4_m8f4_P8_Y21_UO445,RD8_F4_m7f3_P7_Y19_UO362,RD4_F7_m5f1_P5_Y18_UO59,MXY,2,0.0,1,0,0.0,0,0,0,-9999.0,0.50439453125,1,P4_CV0,1,0,2,0,2
8,1.8443986564691528,11.780027217250101,RD8_F4_m8f4_P8_Y21_UO443,RD8_F4_m7f3_P7_Y19_UO362,RD4_F7_m5f1_P5_Y18_UO59,FXX,2,0.0,1,0,1.0,0,0,0,-9999.0,0.50439453125,1,P4_CV0,1,0,2,1,1
8,1.8443986564691528,11.780027217250101,RD8_F4_m4f8_P4_Y22_UO26,RD4_F8_m4f7_P4_Y20_UO631,RD8_F4_m8f4_P8_Y20_UO273,MXY,1,0.0,0,0,0.0,0,0,0,-9999.0,0.5194091796875,1,P5_CV0,1,0,2,1,1
8,1.8443986564691528,11.780027217250101,RD8_F4_m4f8_P4_Y22_UO27,RD4_F8_m4f7_P4_Y20_UO631,RD8_F4_m8f4_P8_Y20_UO273,MXY,1,0.0,0,0,0.0,0,0,0,-9999.0,0.5194091796875,1,P5_CV0,1,0,2,1,1
8,1.8443986564691528,11.780027217250101,RD8_F4_m4f8_P4_Y22_UO29,RD4_F8_m4f7_P4_Y20_UO631,RD8_F4_m8f4_P8_Y20_UO273,MXY,1,0.0,0,0,0.0,0,0,0,-9999.0,0.5194091796875,1,P5_CV0,1,0,2,0,2
8,1.8443986564691528,11.780027217250101,RD8_F4_m4f8_P4_Y22_UO30,RD4_F8_m4f7_P4_Y20_UO631,RD8_F4_m8f4_P8_Y20_UO273,MXY,1,0.0,0,0,0.0,0,0,0,-9999.0,0.5194091796875,1,P5_CV0,1,0,2,0,2
8,1.8443986564691528,11.780027217250101,RD8_F4_m4f8_P4_Y22_UO38,RD4_F8_m4f7_P4_Y20_UO219,RD8_F4_m4f8_P4_Y19_UO339,FXX,1,0.0,0,0,0.0,0,0,0,-9999.0,0.4959716796875,1,P5_CV0,1,0,2,1,1
8,1.8443986564691528,11.780027217250101,RD8_F4_m4f8_P4_Y22_UO40,RD4_F8_m4f7_P4_Y20_UO219,RD8_F4_m4f8_P4_Y19_UO339,MXY,1,0.0,0,0,0.0,0,0,0,-9999.0,0.4959716796875,1,P5_CV0,1,1,1,1,1
8,1.8443986564691528,11.780027217250101,RD8_F4_m4f8_P4_Y22_UO201,RD4_F7_m3f6_P3_Y20_UO354,RD8_F4_m8f4_P8_Y20_UO327,FXX,1,0.0,0,0,0.0,0,0,0,-9999.0,0.5086669921875,1,P5_CV0,1,1,1,0,2
8,1.8443986564691528,11.780027217250101,RD8_F4_m4f8_P4_Y22_UO202,RD4_F7_m3f6_P3_Y20_UO354,RD8_F4_m8f4_P8_Y20_UO327,MXY,1,0.0,0,0,0.0,0,0,0,-9999.0,0.5086669921875,1,P5_CV0,1,1,1,0,2
8,1.8443986564691528,11.780027217250101,RD8_F4_m4f8_P4_Y22_UO204,RD4_F7_m3f6_P3_Y20_UO354,RD8_F4_m8f4_P8_Y20_UO327,FXX,1,0.0,0,0,0.0,0,0,0,-9999.0,0.5086669921875,1,P5_CV0,1,0,2,0,2
8,1.8443986564691528,11.780027217250101,RD8_F4_m4f8_P4_Y22_UO207,RD4_F7_m3f6_P3_Y20_UO354,RD8_F4_m8f4_P8_Y20_UO327,MXY,1,0.0,0,0,0.0,0,0,0,-9999.0,0.5086669921875,1,P5_CV0,1,1,1,1,1
8,1.8443986564691528,11.780027217250101,RD8_F4_m4f7_P4_Y22_UO438,RD4_F7_m3f6_P3_Y20_UO156,RD7_F4_m7f3_P7_Y20_UO145,MXY,1,0.0,0,0,0.0,0,0,0,-9999.0,0.520751953125,1,P5_CV0,1,0,2,2,0
8,1.8443986564691528,11.780027217250101,RD8_F4_m4f8_P4_Y22_UO549,RD4_F7_m4f7_P4_Y20_UO519,RD8_F4_m8f4_P8_Y20_UO47,MXY,1,0.0,0,0,0.0,0,0,0,-9999.0,0.5511474609375,1,P5_CV0,1,0,2,1,1
8,1.8443986564691528,11.780027217250101,RD8_F4_m4f8_P4_Y22_UO551,RD4_F7_m4f7_P4_Y20_UO519,RD8_F4_m8f4_P8_Y20_UO47,MXY,1,0.0,0,0,0.0,0,0,0,-9999.0,0.5511474609375,1,P5_CV0,1,1,1,0,2
8,1.8443986564691528,11.780027217250101,RD8_F4_m4f7_P4_Y20_UO219,RD4_F8_m4f7_P4_Y18_UO179,RD7_F3_m5f1_P5_Y18_UO59,FXX,3,0.0,1,0,1.0,0,0,0,-9999.0,0.499755859375,1,P5_CV0,1,1,1,2,0
8,1.8443986564691528,11.780027217250101,RD8_F4_m4f7_P4_Y22_UO296,RD4_F7_m3f2_P3_Y20_UO565,RD7_F4_m8f4_P8_Y20_UO232,FXX,1,0.0,0,0,0.0,0,0,0,-9999.0,0.5155029296875,1,P6_CV0,1,1,1,1,1
8,1.8443986564691528,11.780027217250101,RD8_F4_m4f7_P4_Y22_UO297,RD4_F7_m3f2_P3_Y20_UO565,RD7_F4_m8f4_P8_Y20_UO232,MXY,1,0.0,0,0,0.0,0,0,0,-9999.0,0.5155029296875,1,P6_CV0,1,2,0,2,0
8,1.8443986564691528,11.780027217250101,RD8_F4_m4f7_P4_Y22_UO373,RD4_F7_m3f2_P3_Y20_UO565,RD7_F4_m8f4_P8_Y20_UO326,MXY,1,0.0,0,0,0.0,0,0,0,-9999.0,0.5135498046875,1,P6_CV0,1,0,2,2,0
8,1.8443986564691528,11.780027217250101,RD8_F4_m4f7_P4_Y22_UO374,RD4_F7_m3f2_P3_Y20_UO565,RD7_F4_m8f4_P8_Y20_UO326,MXY,1,0.0,0,0,0.0,0,0,0,-9999.0,0.5135498046875,1,P6_CV0,1,1,1,1,1
8,1.8443986564691528,11.780027217250101,RD8_F4_m4f7_P4_Y22_UO375,RD4_F7_m3f2_P3_Y20_UO565,RD7_F4_m8f4_P8_Y20_UO326,FXX,1,0.0,0,0,0.0,0,0,0,-9999.0,0.5135498046875,1,P6_CV0,1,0,2,1,1
8,1.8443986564691528,11.780027217250101,RD8_F4_m4f8_P4_Y22_UO456,RD4_F7_m3f2_P3_Y20_UO565,RD8_F4_m8f4_P8_Y20_UO327,FXX,1,0.0,0,0,0.0,0,0,0,-9999.0,0.5135498046875,1,P6_CV0,1,0,2,0,2
8,1.8443986564691528,11.780027217250101,RD8_F4_m3f2_P3_Y20_UO565,RD3_F6_m3f7_P3_Y18_UO623,RD2_F3_m7f3_P7_Y16_UO99,FXX,3,0.0,1,0,1.0,0,0,0,-9999.0,0.51025390625,1,P6_CV0,1,1,1,1,1
9,8.539752926394888,7.413552560728917,RD9_F2_m2f9_P2_Y22_UO188,RD2_F9_m2f6_P2_Y20_UO75,RD9_F6_m9f6_P9_Y20_UO355,FXX,1,0.0,0,0,0.0,0,0,0,-9999.0,0.5093994140625,1,P1_CV0,1,1,1,2,0
9,8.539752926394888,7.413552560728917,RD9_F2_m9f2_P9_Y21_UO162,RD9_F6_m9f6_P9_Y19_UO115,RD2_F9_m6f9_P6_Y19_UO209,FXX,2,0.0,1,0,1.0,0,0,0,-9999.0,0.48779296875,1,P1_CV0,1,1,1,0,2
9,8.539752926394888,7.413552560728917,RD9_F2_m5f2_P5_Y21_UO143,RD5_F1_m5f2_P5_Y19_UO240,RD2_F9_m6f9_P6_Y19_UO209,MXY,2,0.0,1,0,0.0,0,0,0,-9999.0,0.488037109375,1,P1_CV0,1,1,1,0,2
9,8.539752926394888,7.413552560728917,RD9_F2_m3f5_P3_Y21_UO30,RD3_F6_m9f2_P9_Y19_UO317,RD5_F3_m5f3_P5_Y19_UO202,FXX,2,0.0,1,0,1.0,0,0,0,-9999.0,0.492919921875,1,P1_CV0,1,1,1,0,2
9,8.539752926394888,7.413552560728917,RD9_F6_m9f2_P9_Y21_UO169,RD9_F6_m9f6_P9_Y19_UO115,RD2_F9_m6f9_P6_Y19_UO209,FXX,2,0.0,1,0,1.0,0,0,0,-9999.0,0.48779296875,1,P1_CV0,1,1,1,0,2
9,8.539752926394888,7.413552560728917,RD9_F2_m2f3_P2_Y20_UO661,RD2_F3_m7f4_P7_Y18_UO303,RD3_F6_m9f6_P9_Y18_UO157,MXY,3,0.0,1,0,0.0,0,0,0,-9999.0,0.535888671875,1,P1_CV0,1,1,1,1,1
9,8.539752926394888,7.413552560728917,RD9_F2_m6f9_P6_Y20_UO543,RD6_F2_m6f2_P6_Y18_UO475,RD9_F6_m9f2_P9_Y18_UO398,MXY,3,0.0,1,0,0.0,0,0,0,-9999.0,0.50927734375,1,P1_CV0,1,0,2,1,1
9,8.539752926394888,7.413552560728917,RD9_F6_m9f2_P9_Y18_UO396,RD9_F6_m3f2_P3_Y16_UO559,RD2_F9_m6f9_P6_Y16_UO439,FXX,5,0.0,1,0,1.0,0,0,0,-9999.0,0.5087890625,1,P1_CV0,1,0,2,2,0
9,8.539752926394888,7.413552560728917,RD9_F2_m2f6_P2_Y22_UO449,RD2_F9_m2f3_P2_Y20_UO659,RD6_F2_m3f6_P3_Y20_UO581,MXY,1,0.0,0,0,0.0,0,0,0,-9999.0,0.5220947265625,1,P2_CV0,1,1,1,0,2
9,8.539752926394888,7.413552560728917,RD9_F2_m2f6_P2_Y22_UO450,RD2_F9_m2f3_P2_Y20_UO659,RD6_F2_m3f6_P3_Y20_UO581,MXY,1,0.0,0,0,0.0,0,0,0,-9999.0,0.5220947265625,1,P2_CV0,1,2,0,1,1
9,8.539752926394888,7.413552560728917,RD9_F2_m2f6_P2_Y22_UO453,RD2_F9_m2f3_P2_Y20_UO659,RD6_F2_m3f6_P3_Y20_UO581,MXY,1,0.0,0,0,0.0,0,0,0,-9999.0,0.5220947265625,1,P2_CV0,1,1,1,0,2
9,8.539752926394888,7.413552560728917,RD9_F2_m2f6_P2_Y22_UO454,RD2_F9_m2f3_P2_Y20_UO659,RD6_F2_m3f6_P3_Y20_UO581,MXY,1,0.0,0,0,0.0,0,0,0,-9999.0,0.5220947265625,1,P2_CV0,1,1,1,2,0
9,8.539752926394888,7.413552560728917,RD9_F6_m2f9_P2_Y21_UO44,RD2_F9_m6f2_P6_Y19_UO308,RD9_F2_m9f2_P9_Y17_UO151,MXY,2,0.0,1,0,0.0,0,0,0,-9999.0,0.477294921875,1,P2_CV0,1,2,0,1,1
9,8.539752926394888,7.413552560728917,RD9_F2_m2f3_P2_Y22_UO93,RD2_F9_m6f3_P6_Y20_UO80,RD3_F6_m6f2_P6_Y19_UO3,MXY,1,0.0,0,0,0.0,0,0,0,-9999.0,0.5023193359375,1,P3_CV0,1,1,1,0,2
9,8.539752926394888,7.413552560728917,RD9_F2_m2f6_P2_Y22_UO155,RD2_F9_m2f6_P2_Y20_UO75,RD6_F2_m3f2_P3_Y20_UO486,MXY,1,0.0,0,0,0.0,0,0,0,-9999.0,0.51318359375,1,P3_CV0,1,1,1,2,0
9,8.539752926394888,7.413552560728917,RD9_F2_m2f6_P2_Y22_UO157,RD2_F9_m2f6_P2_Y20_UO75,RD6_F2_m3f2_P3_Y20_UO486,FXX,1,0.0,0,0,0.0,0,0,0,-9999.0,0.51318359375,1,P3_CV0,1,1,1,2,0
9,8.539752926394888,7.413552560728917,RD9_F2_m2f9_P2_Y22_UO189,RD2_F9_m2f6_P2_Y20_UO75,RD9_F6_m9f6_P9_Y20_UO355,FXX,1,0.0,0,0,0.0,0,0,0,-9999.0,0.5093994140625,1,P3_CV0,1,1,1,2,0
9,8.539752926394888,7.413552560728917,RD9_F2_m2f9_P2_Y22_UO190,RD2_F9_m2f6_P2_Y20_UO75,RD9_F6_m9f6_P9_Y20_UO355,FXX,1,0.0,0,0,0.0,0,0,0,-9999.0,0.5093994140625,1,P3_CV0,1,1,1,1,1
9,8.539752926394888,7.413552560728917,RD9_F6_m6f3_P6_Y22_UO82,RD6_F3_m6f9_P6_Y20_UO164,RD3_F7_m4f7_P4_Y20_UO214,FXX,1,0.0,0,0,0.0,0,0,0,-9999.0,0.531005859375,1,P3_CV0,1,1,1,2,0
9,8.539752926394888,7.413552560728917,RD9_F6_m6f3_P6_Y22_UO83,RD6_F3_m6f9_P6_Y20_UO164,RD3_F7_m4f7_P4_Y20_UO214,FXX,1,0.0,0,0,0.0,0,0,0,-9999.0,0.531005859375,1,P3_CV0,1,1,1,0,2
9,8.539752926394888,7.413552560728917,RD9_F6_m6f3_P6_Y22_UO85,RD6_F3_m6f9_P6_Y20_UO164,RD3_F7_m4f7_P4_Y20_UO214,FXX,1,0.0,0,0,0.0,0,0,0,-9999.0,0.531005859375,1,P3_CV0,1,1,1,1,1
9,8.539752926394888,7.413552560728917,RD9_F6_m6f3_P6_Y22_UO87,RD6_F3_m6f9_P6_Y20_UO164,RD3_F7_m4f7_P4_Y20_UO214,FXX,1,0.0,0,0,0.0,0,0,0,-9999.0,0.531005859375,1,P3_CV0,1,1,1,1,1
9,8.539752926394888,7.413552560728917,RD9_F6_m6f3_P6_Y22_UO173,RD6_F9_m2f6_P2_Y20_UO74,RD3_F2_m9f6_P9_Y20_UO15,FXX,1,0.0,0,0,0.0,0,0,0,-9999.0,0.50439453125,1,P3_CV0,1,1,1,1,1
9,8.539752926394888,7.413552560728917,RD9_F6_m6f3_P6_Y22_UO175,RD6_F9_m2f6_P2_Y20_UO74,RD3_F2_m9f6_P9_Y20_UO15,FXX,1,0.0,0,0,0.0,0,0,0,-9999.0,0.50439453125,1,P3_CV0,1,2,0,1,1
9,8.539752926394888,7.413552560728917,RD9_F6_m6f3_P6_Y22_UO177,RD6_F9_m2f6_P2_Y20_UO74,RD3_F2_m9f6_P9_Y20_UO15,MXY,1,0.0,0,0,0.0,0,0,0,-9999.0,0.50439453125,1,P3_CV0,1,1,1,1,1
9,8.539752926394888,7.413552560728917,RD9_F6_m6f9_P6_Y22_UO211,RD6_F9_m6f3_P6_Y20_UO189,RD9_F6_m9f6_P9_Y18_UO541,MXY,1,0.0,0,0,0.0,0,0,0,-9999.0,0.5155029296875,1,P3_CV0,1,1,1,1,1
9,8.539752926394888,7.413552560728917,RD9_F6_m6f9_P6_Y22_UO214,RD6_F9_m6f3_P6_Y20_UO189,RD9_F6_m9f6_P9_Y18_UO541,FXX,1,0.0,0,0,0.0,0,0,0,-9999.0,0.5155029296875,1,P3_CV0,1,1,1,1,1
9,8.539752926394888,7.413552560728917,RD9_F6_m6f3_P6_Y22_UO405,RD6_F3_m7f3_P7_Y20_UO407,RD3_F7_m4f8_P4_Y20_UO537,FXX,1,0.0,0,0,0.0,0,0,0,-9999.0,0.5281982421875,1,P3_CV0,1,1,1,0,2
9,8.539752926394888,7.413552560728917,RD9_F6_m6f3_P6_Y22_UO406,RD6_F3_m7f3_P7_Y20_UO407,RD3_F7_m4f8_P4_Y20_UO537,FXX,1,0.0,0,0,0.0,0,0,0,-9999.0,0.5281982421875,1,P3_CV0,1,2,0,0,2
9,8.539752926394888,7.413552560728917,RD9_F6_m6f3_P6_Y22_UO407,RD6_F3_m7f3_P7_Y20_UO407,RD3_F7_m4f8_P4_Y20_UO537,FXX,1,0.0,0,0,0.0,0,0,0,-9999.0,0.5281982421875,1,P3_CV0,1,1,1,0,2
9,8.539752926394888,7.413552560728917,RD9_F6_m6f9_P6_Y22_UO674,RD6_F3_m6f9_P6_Y20_UO167,RD9_F6_m3f6_P3_Y20_UO583,MXY,1,0.0,0,0,0.0,0,0,0,-9999.0,0.514404296875,1,P3_CV0,1,0,2,2,0
9,8.539752926394888,7.413552560728917,RD9_F6_m6f9_P6_Y22_UO677,RD6_F3_m6f9_P6_Y20_UO167,RD9_F6_m3f6_P3_Y20_UO583,FXX,1,0.0,0,0,0.0,0,0,0,-9999.0,0.514404296875,1,P3_CV0,1,1,1,1,1
9,8.539752926394888,7.413552560728917,RD9_F2_m6f3_P6_Y20_UO80,RD6_F9_m6f2_P6_Y18_UO628,RD3_F2_m3f7_P3_Y18_UO626,FXX,3,0.0,1,0,1.0,0,0,0,-9999.0,0.500732421875,1,P3_CV0,1,0,2,0,2
9,8.539752926394888,7.413552560728917,RD9_F2_m3f6_P3_Y20_UO348,RD3_F5_m2f9_P2_Y18_UO566,RD6_F3_m5f2_P5_Y18_UO515,MXY,3,0.0,1,0,0.0,0,0,0,-9999.0,0.50048828125,1,P3_CV0,1,1,1,0,2
9,8.539752926394888,7.413552560728917,RD9_F6_m6f3_P6_Y20_UO81,RD6_F9_m6f2_P6_Y18_UO628,RD3_F2_m3f7_P3_Y18_UO626,MXY,3,0.0,1,0,0.0,0,0,0,-9999.0,0.500732421875,1,P3_CV0,1,1,1,2,0
9,8.539752926394888,7.413552560728917,RD9_F2_m2f3_P2_Y22_UO91,RD2_F9_m6f3_P6_Y20_UO80,RD3_F6_m6f2_P6_Y19_UO3,FXX,1,0.0,0,0,0.0,0,0,0,-9999.0,0.5023193359375,1,P4_CV0,1,1,1,1,1
9,8.539752926394888,7.413552560728917,RD9_F2_m2f3_P2_Y22_UO349,RD2_F3_m7f4_P7_Y20_UO275,RD3_F7_m4f8_P4_Y20_UO451,MXY,1,0.0,0,0,0.0,0,0,0,-9999.0,0.5343017578125,1,P4_CV0,1,1,1,0,2
9,8.539752926394888,7.413552560728917,RD9_F2_m2f3_P2_Y22_UO350,RD2_F3_m7f4_P7_Y20_UO275,RD3_F7_m4f8_P4_Y20_UO451,FXX,1,0.0,0,0,0.0,0,0,0,-9999.0,0.5343017578125,1,P4_CV0,1,2,0,2,0
9,8.539752926394888,7.413552560728917,RD9_F2_m2f5_P2_Y22_UO421,RD2_F3_m7f3_P7_Y20_UO39,RD5_F1_m5f3_P5_Y20_UO434,MXY,1,0.0,0,0,0.0,0,0,0,-9999.0,0.5115966796875,1,P4_CV0,1,1,1,0,2
9,8.539752926394888,7.413552560728917,RD9_F2_m2f5_P2_Y22_UO424,RD2_F3_m7f3_P7_Y20_UO39,RD5_F1_m5f3_P5_Y20_UO434,MXY,1,0.0,0,0,0.0,0,0,0,-9999.0,0.5115966796875,1,P4_CV0,1,2,0,1,1
9,8.539752926394888,7.413552560728917,RD9_F2_m2f5_P2_Y22_UO540,RD2_F6_m3f5_P3_Y20_UO682,RD5_F3_m6f3_P6_Y20_UO85,MXY,1,0.0,0,0,0.0,0,0,0,-9999.0,0.504150390625,1,P4_CV0,1,1,1,1,1
9,8.539752926394888,7.413552560728917,RD9_F2_m6f2_P6_Y21_UO237,RD6_F9_m2f6_P2_Y19_UO187,RD2_F9_m2f3_P2_Y19_UO344,MXY,2,0.0,1,0,0.0,0,0,0,-9999.0,0.502685546875,1,P4_CV0,1,0,2,1,1
9,8.539752926394888,7.413552560728917,RD9_F6_m2f9_P2_Y21_UO390,RD2_F9_m6f9_P6_Y19_UO90,RD9_F6_m9f6_P9_Y19_UO255,MXY,2,0.0,1,0,0.0,0,0,0,-9999.0,0.505126953125,1,P4_CV0,1,1,1,1,1
9,8.539752926394888,7.413552560728917,RD9_F6_m6f2_P6_Y22_UO123,RD6_F9_m6f3_P6_Y20_UO189,RD2_F5_m1f5_P1_Y20_UO63,FXX,1,0.0,0,0,0.0,0,0,0,-9999.0,0.50048828125,1,P5_CV0,1,0,2,1,1
9,8.539752926394888,7.413552560728917,RD9_F6_m6f2_P6_Y22_UO128,RD6_F9_m6f3_P6_Y20_UO189,RD2_F5_m1f5_P1_Y20_UO63,FXX,1,0.0,0,0,0.0,0,0,0,-9999.0,0.50048828125,1,P5_CV0,1,0,2,2,0
9,8.539752926394888,7.413552560728917,RD9_F6_m6f3_P6_Y22_UO613,RD6_F3_m7f3_P7_Y20_UO664,RD3_F2_m9f6_P9_Y20_UO15,MXY,1,0.0,0,0,0.0,0,0,0,-9999.0,0.5013427734375,1,P5_CV0,1,1,1,1,1
9,8.539752926394888,7.413552560728917,RD9_F2_m6f9_P6_Y21_UO387,RD6_F2_m9f6_P9_Y19_UO107,RD9_F6_m9f6_P9_Y19_UO49,MXY,2,0.0,1,0,0.0,0,0,0,-9999.0,0.496826171875,1,P5_CV0,1,2,0,0,2
9,8.539752926394888,7.413552560728917,RD9_F2_m1f5_P1_Y20_UO63,RD1_F5_m3f5_P3_Y18_UO127,RD5_F1_m5f2_P5_Y18_UO584,MXY,3,0.0,1,0,0.0,0,0,0,-9999.0,0.502197265625,1,P5_CV0,1,1,1,1,1
9,8.539752926394888,7.413552560728917,RD9_F6_m6f2_P6_Y22_UO47,RD6_F9_m2f6_P2_Y20_UO95,RD2_F9_m9f6_P9_Y19_UO251,FXX,1,0.0,0,0,0.0,0,0,0,-9999.0,0.5126953125,1,P6_CV0,1,1,1,1,1
9,8.539752926394888,7.413552560728917,RD9_F6_m6f2_P6_Y22_UO50,RD6_F9_m2f6_P2_Y20_UO95,RD2_F9_m9f6_P9_Y19_UO251,MXY,1,0.0,0,0,0.0,0,0,0,-9999.0,0.5126953125,1,P6_CV0,1,0,2,1,1
9,8.539752926394888,7.413552560728917,RD9_F6_m6f3_P6_Y22_UO97,RD6_F3_m7f3_P7_Y20_UO281,RD3_F2_m9f6_P9_Y20_UO15,MXY,1,0.0,0,0,0.0,0,0,0,-9999.0,0.5018310546875,1,P7_CV0,1,0,2,0,2
9,8.539752926394888,7.413552560728917,RD9_F6_m6f3_P6_Y22_UO99,RD6_F3_m7f3_P7_Y20_UO281,RD3_F2_m9f6_P9_Y20_UO15,FXX,1,0.0,0,0,0.0,0,0,0,-9999.0,0.5018310546875,1,P7_CV0,1,2,0,0,2
9,8.539752926394888,7.413552560728917,RD9_F6_m6f3_P6_Y22_UO643,RD6_F3_m7f3_P7_Y20_UO281,RD3_F7_m3f2_P3_Y20_UO101,FXX,1,0.0,0,0,0.0,0,0,0,-9999.0,0.5059814453125,1,P7_CV0,1,1,1,1,1
9,8.539752926394888,7.413552560728917,RD9_F6_m6f2_P6_Y22_UO43,RD6_F9_m2f6_P2_Y20_UO95,RD2_F9_m9f6_P9_Y19_UO251,MXY,1,0.0,0,0,0.0,0,0,0,-9999.0,0.5126953125,1,P8_CV0,1,0,2,0,2
9,8.539752926394888,7.413552560728917,RD9_F6_m6f2_P6_Y22_UO46,RD6_F9_m2f6_P2_Y20_UO95,RD2_F9_m9f6_P9_Y19_UO251,FXX,1,0.0,0,0,0.0,0,0,0,-9999.0,0.5126953125,1,P8_CV0,1,0,2,1,1
9,8.539752926394888,7.413552560728917,RD9_F6_m6f2_P6_Y22_UO48,RD6_F9_m2f6_P2_Y20_UO95,RD2_F9_m9f6_P9_Y19_UO251,FXX,1,0.0,0,0,0.0,0,0,0,-9999.0,0.5126953125,1,P8_CV0,1,0,2,0,2
9,8.539752926394888,7.413552560728917,RD9_F6_m6f3_P6_Y22_UO95,RD6_F3_m7f3_P7_Y20_UO281,RD3_F2_m9f6_P9_Y20_UO15,MXY,1,0.0,0,0,0.0,0,0,0,-9999.0,0.5018310546875,1,P8_CV0,1,1,1,0,2
9,8.539752926394888,7.413552560728917,RD9_F6_m6f3_P6_Y22_UO98,RD6_F3_m7f3_P7_Y20_UO281,RD3_F2_m9f6_P9_Y20_UO15,MXY,1,0.0,0,0,0.0,0,0,0,-9999.0,0.5018310546875,1,P8_CV0,1,1,1,0,2
9,8.539752926394888,7.413552560728917,RD9_F6_m6f2_P6_Y22_UO122,RD6_F9_m6f3_P6_Y20_UO189,RD2_F5_m1f5_P1_Y20_UO63,MXY,1,0.0,0,0,0.0,0,0,0,-9999.0,0.50048828125,1,P8_CV0,1,0,2,2,0
9,8.539752926394888,7.413552560728917,RD9_F6_m6f3_P6_Y22_UO172,RD6_F9_m2f6_P2_Y20_UO74,RD3_F2_m9f6_P9_Y20_UO15,FXX,1,0.0,0,0,0.0,0,0,0,-9999.0,0.50439453125,1,P8_CV0,1,1,1,1,1
9,8.539752926394888,7.413552560728917,RD9_F6_m6f3_P6_Y22_UO174,RD6_F9_m2f6_P2_Y20_UO74,RD3_F2_m9f6_P9_Y20_UO15,MXY,1,0.0,0,0,0.0,0,0,0,-9999.0,0.50439453125,1,P8_CV0,1,2,0,1,1
9,8.539752926394888,7.413552560728917,RD9_F6_m6f3_P6_Y22_UO608,RD6_F3_m7f3_P7_Y20_UO664,RD3_F2_m9f6_P9_Y20_UO15,FXX,1,0.0,0,0,0.0,0,0,0,-9999.0,0.5013427734375,1,P8_CV0,1,2,0,1,1
9,8.539752926394888,7.413552560728917,RD9_F6_m6f3_P6_Y22_UO612,RD6_F3_m7f3_P7_Y20_UO664,RD3_F2_m9f6_P9_Y20_UO15,MXY,1,0.0,0,0,0.0,0,0,0,-9999.0,0.5013427734375,1,P8_CV0,1,2,0,1,1
9,8.539752926394888,7.413552560728917,RD9_F2_m6f9_P6_Y21_UO415,RD6_F2_m9f6_P9_Y19_UO107,RD9_F6_m9f6_P9_Y19_UO251,MXY,2,0.0,1,0,0.0,0,0,0,-9999.0,0.499755859375,1,P8_CV0,1,1,1,0,2
9,8.539752926394888,7.413552560728917,RD9_F6_m9f2_P9_Y21_UO373,RD9_F2_m9f6_P9_Y19_UO32,RD2_F6_m9f2_P9_Y19_UO299,FXX,2,0.0,1,0,1.0,0,0,0,-9999.0,0.49853515625,1,P8_CV0,1,0,2,1,1
9,8.539752926394888,7.413552560728917,RD9_F6_m6f3_P6_Y20_UO189,RD6_F3_m6f2_P6_Y18_UO617,RD3_F6_m2f6_P2_Y17_UO382,FXX,3,0.0,1,0,1.0,0,0,0,-9999.0,0.498779296875,1,P8_CV0,1,1,1,2,0
