PatchID,XCOORD,YCOORD,ID,MID,FID,sex,age,size,mature,newmature,layeggs,capture,recapture,state,CDist,Hindex,Species,ClassFile,SubPatchID,L0A0,L0A1,L1A0,L1A1
1,4.359949021420038,0.38889347741837,RD1_F5_m1f5_P1_Y46_UO107,RD1_F5_m1f5_P1_Y44_UO755,RD5_F3_m6f2_P6_Y44_UO425,FXX,2,0.0,1,0,1.0,0,0,0,-9999.0,0.5102892816066742,1,P0_CV0,1,1,1,2,0
1,4.359949021420038,0.38889347741837,RD1_F5_m1f5_P1_Y46_UO105,RD1_F5_m1f5_P1_Y44_UO755,RD5_F3_m6f2_P6_Y44_UO425,MXY,2,0.0,1,0,0.0,0,0,0,-9999.0,0.5102892816066742,1,P0_CV0,1,1,1,2,0
1,4.359949021420038,0.38889347741837,RD1_F5_m3f6_P3_Y46_UO590,RD3_F7_m4f8_P4_Y44_UO282,RD6_F9_m2f6_P2_Y44_UO88,FXX,2,0.0,1,0,1.0,0,0,0,-9999.0,0.5099388957023621,1,P3_CV0,1,2,0,1,1
1,4.359949021420038,0.38889347741837,RD1_F5_m1f5_P1_Y46_UO147,RD1_F5_m1f5_P1_Y44_UO155,RD5_F1_m5f2_P5_Y44_UO74,MXY,2,0.0,1,0,0.0,0,0,0,-9999.0,0.5101139545440674,1,P3_CV0,1,2,0,1,1
1,4.359949021420038,0.38889347741837,RD1_F5_m3f5_P3_Y46_UO607,RD3_F7_m3f7_P3_Y44_UO522,RD5_F1_m5f3_P5_Y44_UO654,FXX,2,0.0,1,0,1.0,0,0,0,-9999.0,0.509930431842804,1,P3_CV0,1,0,2,1,1
1,4.359949021420038,0.38889347741837,RD1_F5_m1f5_P1_Y46_UO234,RD1_F5_m2f3_P2_Y44_UO203,RD5_F3_m6f2_P6_Y44_UO425,FXX,2,0.0,1,0,1.0,0,0,0,-9999.0,0.5101595222949982,1,P3_CV0,1,2,0,2,0
1,4.359949021420038,0.38889347741837,RD1_F5_m3f6_P3_Y46_UO320,RD3_F2_m3f6_P3_Y44_UO350,RD6_F3_m6f9_P6_Y44_UO96,FXX,2,0.0,1,0,1.0,0,0,0,-9999.0,0.5099314749240875,1,P3_CV0,1,1,1,1,1
1,4.359949021420038,0.38889347741837,RD1_F5_m1f5_P1_Y46_UO373,RD1_F5_m1f5_P1_Y44_UO263,RD5_F3_m7f3_P7_Y44_UO485,MXY,2,0.0,1,0,0.0,0,0,0,-9999.0,0.5102036595344543,1,P3_CV0,1,1,1,1,1
1,4.359949021420038,0.38889347741837,RD1_F5_m1f5_P1_Y46_UO353,RD1_F5_m2f5_P2_Y44_UO379,RD5_F3_m7f3_P7_Y44_UO57,FXX,2,0.0,1,0,1.0,0,0,0,-9999.0,0.509861558675766,1,P3_CV0,1,2,0,0,2
1,4.359949021420038,0.38889347741837,RD1_F5_m1f5_P1_Y46_UO462,RD1_F5_m1f5_P1_Y44_UO749,RD5_F1_m5f3_P5_Y44_UO714,FXX,2,0.0,1,0,1.0,0,0,0,-9999.0,0.5107181668281555,1,P3_CV0,1,0,2,0,2
1,4.359949021420038,0.38889347741837,RD1_F5_m1f5_P1_Y46_UO325,RD1_F5_m1f5_P1_Y44_UO154,RD5_F1_m5f3_P5_Y44_UO218,MXY,2,0.0,1,0,0.0,0,0,0,-9999.0,0.5102436244487762,1,P3_CV0,1,2,0,1,1
1,4.359949021420038,0.38889347741837,RD1_F5_m2f3_P2_Y46_UO566,RD2_F5_m1f5_P1_Y44_UO265,RD3_F7_m3f7_P3_Y44_UO514,MXY,2,0.0,1,0,0.0,0,0,0,-9999.0,0.510059267282486,1,P3_CV0,1,0,2,1,1
1,4.359949021420038,0.38889347741837,RD1_F5_m1f5_P1_Y46_UO235,RD1_F5_m2f3_P2_Y44_UO203,RD5_F3_m6f2_P6_Y44_UO425,FXX,2,0.0,1,0,1.0,0,0,0,-9999.0,0.5101595222949982,1,P3_CV0,1,2,0,2,0
1,4.359949021420038,0.38889347741837,RD1_F5_m3f5_P3_Y46_UO470,RD3_F7_m4f8_P4_Y44_UO326,RD5_F3_m6f3_P6_Y44_UO334,FXX,2,0.0,1,0,1.0,0,0,0,-9999.0,0.50999715924263,1,P3_CV0,1,1,1,2,0
1,4.359949021420038,0.38889347741837,RD1_F5_m1f5_P1_Y46_UO149,RD1_F5_m1f5_P1_Y44_UO155,RD5_F1_m5f2_P5_Y44_UO74,FXX,2,0.0,1,0,1.0,0,0,0,-9999.0,0.5101139545440674,1,P3_CV0,1,1,1,0,2
1,4.359949021420038,0.38889347741837,RD1_F5_m1f5_P1_Y46_UO666,RD1_F5_m1f5_P1_Y44_UO753,RD5_F3_m7f4_P7_Y44_UO547,FXX,2,0.0,1,0,1.0,0,0,0,-9999.0,0.5108020603656769,1,P3_CV0,1,1,1,1,1
1,4.359949021420038,0.38889347741837,RD1_F5_m1f5_P1_Y46_UO372,RD1_F5_m1f5_P1_Y44_UO263,RD5_F3_m7f3_P7_Y44_UO485,FXX,2,0.0,1,0,1.0,0,0,0,-9999.0,0.5102036595344543,1,P3_CV0,1,1,1,2,0
1,4.359949021420038,0.38889347741837,RD1_F5_m1f5_P1_Y46_UO667,RD1_F5_m1f5_P1_Y44_UO753,RD5_F3_m7f4_P7_Y44_UO547,MXY,2,0.0,1,0,0.0,0,0,0,-9999.0,0.5108020603656769,1,P3_CV0,1,2,0,2,0
1,4.359949021420038,0.38889347741837,RD1_F5_m1f5_P1_Y46_UO532,RD1_F5_m1f5_P1_Y44_UO156,RD5_F3_m7f4_P7_Y44_UO254,MXY,2,0.0,1,0,0.0,0,0,0,-9999.0,0.5102600455284119,1,P3_CV0,1,1,1,1,1
1,4.359949021420038,0.38889347741837,RD1_F5_m1f5_P1_Y46_UO175,RD1_F5_m1f5_P1_Y44_UO155,RD5_F3_m7f3_P7_Y44_UO399,FXX,2,0.0,1,0,1.0,0,0,0,-9999.0,0.50995072722435,1,P3_CV0,1,1,1,2,0
1,4.359949021420038,0.38889347741837,RD1_F5_m3f2_P3_Y46_UO401,RD3_F5_m1f5_P1_Y44_UO158,RD2_F3_m2f9_P2_Y44_UO391,FXX,2,0.0,1,0,1.0,0,0,0,-9999.0,0.5101142525672913,1,P3_CV0,1,1,1,1,1
1,4.359949021420038,0.38889347741837,RD1_F5_m2f9_P2_Y46_UO108,RD2_F9_m6f3_P6_Y44_UO374,RD9_F6_m9f2_P9_Y44_UO523,FXX,2,0.0,1,0,1.0,0,0,0,-9999.0,0.509909063577652,1,P3_CV0,1,1,1,0,2
1,4.359949021420038,0.38889347741837,RD1_F5_m1f5_P1_Y46_UO642,RD1_F5_m1f5_P1_Y44_UO637,RD5_F1_m5f3_P5_Y44_UO574,MXY,2,0.0,1,0,0.0,0,0,0,-9999.0,0.5099327862262726,1,P3_CV0,1,0,2,1,1
1,4.359949021420038,0.38889347741837,RD1_F5_m1f5_P1_Y46_UO687,RD1_F5_m2f3_P2_Y44_UO203,RD5_F3_m7f3_P7_Y44_UO399,MXY,2,0.0,1,0,0.0,0,0,0,-9999.0,0.509968638420105,1,P3_CV0,1,1,1,2,0
1,4.359949021420038,0.38889347741837,RD1_F5_m1f5_P1_Y46_UO446,RD1_F5_m2f3_P2_Y44_UO203,RD5_F3_m2f6_P2_Y44_UO535,MXY,2,0.0,1,0,0.0,0,0,0,-9999.0,0.5101408064365387,1,P3_CV0,1,1,1,1,1
1,4.359949021420038,0.38889347741837,RD1_F5_m1f5_P1_Y46_UO176,RD1_F5_m1f5_P1_Y44_UO155,RD5_F3_m7f3_P7_Y44_UO399,MXY,2,0.0,1,0,0.0,0,0,0,-9999.0,0.50995072722435,1,P3_CV0,1,0,2,2,0
1,4.359949021420038,0.38889347741837,RD1_F5_m6f2_P6_Y45_UO125,RD6_F3_m6f3_P6_Y43_UO11,RD2_F6_m3f5_P3_Y40_UO134,MXY,3,0.0,1,0,0.0,0,0,0,-9999.0,0.5106610059738159,1,P3_CV0,1,2,0,1,1
1,4.359949021420038,0.38889347741837,RD1_F5_m9f2_P9_Y44_UO13,RD9_F6_m2f6_P2_Y42_UO493,RD2_F9_m6f9_P6_Y42_UO388,MXY,4,0.0,1,0,0.0,0,0,0,-9999.0,0.51028972864151,1,P3_CV0,1,1,1,2,0
1,4.359949021420038,0.38889347741837,RD1_F5_m3f2_P3_Y44_UO742,RD3_F2_m9f6_P9_Y42_UO2,RD2_F9_m2f5_P2_Y42_UO157,FXX,4,0.0,1,0,1.0,0,0,0,-9999.0,0.5096021890640259,1,P3_CV0,1,1,1,2,0
1,4.359949021420038,0.38889347741837,RD1_F5_m1f5_P1_Y46_UO505,RD1_F5_m1f5_P1_Y44_UO62,RD5_F3_m9f2_P9_Y43_UO217,FXX,2,0.0,1,0,1.0,0,0,0,-9999.0,0.5103746056556702,1,P4_CV0,1,1,1,1,1
1,4.359949021420038,0.38889347741837,RD1_F5_m1f5_P1_Y46_UO461,RD1_F5_m1f5_P1_Y44_UO749,RD5_F1_m5f3_P5_Y44_UO714,FXX,2,0.0,1,0,1.0,0,0,0,-9999.0,0.5107181668281555,1,P4_CV0,1,0,2,0,2
1,4.359949021420038,0.38889347741837,RD1_F5_m1f5_P1_Y46_UO380,RD1_F5_m1f5_P1_Y44_UO263,RD5_F3_m6f9_P6_Y44_UO613,MXY,2,0.0,1,0,0.0,0,0,0,-9999.0,0.5102739036083221,1,P4_CV0,1,1,1,1,1
1,4.359949021420038,0.38889347741837,RD1_F5_m3f6_P3_Y46_UO249,RD3_F7_m3f7_P3_Y44_UO520,RD6_F3_m6f9_P6_Y44_UO96,FXX,2,0.0,1,0,1.0,0,0,0,-9999.0,0.5101245641708374,1,P4_CV0,1,0,2,2,0
1,4.359949021420038,0.38889347741837,RD1_F5_m2f5_P2_Y46_UO185,RD2_F3_m2f6_P2_Y44_UO800,RD5_F1_m5f3_P5_Y44_UO45,MXY,2,0.0,1,0,0.0,0,0,0,-9999.0,0.5096265077590942,1,P4_CV0,1,1,1,2,0
1,4.359949021420038,0.38889347741837,RD1_F5_m1f5_P1_Y46_UO506,RD1_F5_m1f5_P1_Y44_UO62,RD5_F3_m9f2_P9_Y43_UO217,FXX,2,0.0,1,0,1.0,0,0,0,-9999.0,0.5103746056556702,1,P4_CV0,1,1,1,1,1
1,4.359949021420038,0.38889347741837,RD1_F5_m1f5_P1_Y46_UO382,RD1_F5_m1f5_P1_Y44_UO263,RD5_F3_m6f9_P6_Y44_UO613,FXX,2,0.0,1,0,1.0,0,0,0,-9999.0,0.5102739036083221,1,P4_CV0,1,1,1,2,0
1,4.359949021420038,0.38889347741837,RD1_F5_m1f5_P1_Y46_UO383,RD1_F5_m1f5_P1_Y44_UO263,RD5_F3_m6f9_P6_Y44_UO613,MXY,2,0.0,1,0,0.0,0,0,0,-9999.0,0.5102739036083221,1,P4_CV0,1,0,2,1,1
1,4.359949021420038,0.38889347741837,RD1_F5_m3f6_P3_Y46_UO251,RD3_F7_m3f7_P3_Y44_UO520,RD6_F3_m6f9_P6_Y44_UO96,MXY,2,0.0,1,0,0.0,0,0,0,-9999.0,0.5101245641708374,1,P4_CV0,1,1,1,2,0
1,4.359949021420038,0.38889347741837,RD1_F5_m1f5_P1_Y46_UO533,RD1_F5_m1f5_P1_Y44_UO156,RD5_F3_m7f4_P7_Y44_UO254,MXY,2,0.0,1,0,0.0,0,0,0,-9999.0,0.5102600455284119,1,P4_CV0,1,2,0,2,0
1,4.359949021420038,0.38889347741837,RD1_F5_m2f9_P2_Y45_UO5,RD2_F3_m7f4_P7_Y43_UO76,RD9_F6_m6f3_P6_Y42_UO652,MXY,3,0.0,1,0,0.0,0,0,0,-9999.0,0.5103176236152649,1,P4_CV0,1,1,1,1,1
1,4.359949021420038,0.38889347741837,RD1_F5_m1f5_P1_Y44_UO748,RD1_F5_m1f5_P1_Y42_UO474,RD5_F3_m6f2_P6_Y40_UO699,MXY,4,0.0,1,0,0.0,0,0,0,-9999.0,0.5115792751312256,1,P4_CV0,1,2,0,2,0
1,4.359949021420038,0.38889347741837,RD1_F5_m2f3_P2_Y46_UO657,RD2_F5_m1f5_P1_Y44_UO54,RD3_F7_m3f6_P3_Y44_UO386,MXY,2,0.0,1,0,0.0,0,0,0,-9999.0,0.510242760181427,1,P5_CV0,1,2,0,2,0
1,4.359949021420038,0.38889347741837,RD1_F5_m1f5_P1_Y46_UO419,RD1_F5_m1f5_P1_Y44_UO62,RD5_F1_m5f3_P5_Y44_UO466,FXX,2,0.0,1,0,1.0,0,0,0,-9999.0,0.5099867880344391,1,P7_CV0,1,1,1,0,2
1,4.359949021420038,0.38889347741837,RD1_F5_m1f5_P1_Y46_UO507,RD1_F5_m1f5_P1_Y44_UO62,RD5_F3_m9f2_P9_Y43_UO217,MXY,2,0.0,1,0,0.0,0,0,0,-9999.0,0.5103746056556702,1,P7_CV0,1,2,0,1,1
1,4.359949021420038,0.38889347741837,RD1_F5_m1f5_P1_Y46_UO2,RD1_F5_m1f5_P1_Y44_UO369,RD5_F2_m3f2_P3_Y44_UO104,FXX,2,0.0,1,0,1.0,0,0,0,-9999.0,0.5104732513427734,1,P7_CV0,1,1,1,1,1
1,4.359949021420038,0.38889347741837,RD1_F5_m1f5_P1_Y46_UO3,RD1_F5_m1f5_P1_Y44_UO369,RD5_F2_m3f2_P3_Y44_UO104,MXY,2,0.0,1,0,0.0,0,0,0,-9999.0,0.5104732513427734,1,P7_CV0,1,1,1,1,1
1,4.359949021420038,0.38889347741837,RD1_F5_m1f5_P1_Y46_UO688,RD1_F5_m2f3_P2_Y44_UO203,RD5_F3_m7f3_P7_Y44_UO399,MXY,2,0.0,1,0,0.0,0,0,0,-9999.0,0.509968638420105,1,P7_CV0,1,1,1,2,0
1,4.359949021420038,0.38889347741837,RD1_F5_m1f5_P1_Y46_UO443,RD1_F5_m2f3_P2_Y44_UO203,RD5_F3_m2f6_P2_Y44_UO535,MXY,2,0.0,1,0,0.0,0,0,0,-9999.0,0.5101408064365387,1,P7_CV0,1,1,1,1,1
1,4.359949021420038,0.38889347741837,RD1_F5_m3f2_P3_Y46_UO466,RD3_F7_m4f7_P4_Y44_UO494,RD2_F5_m2f9_P2_Y44_UO490,MXY,2,0.0,1,0,0.0,0,0,0,-9999.0,0.5108678936958313,1,P7_CV0,1,2,0,1,1
1,4.359949021420038,0.38889347741837,RD1_F5_m1f5_P1_Y46_UO484,RD1_F5_m1f5_P1_Y44_UO617,RD5_F1_m5f3_P5_Y44_UO161,MXY,2,0.0,1,0,0.0,0,0,0,-9999.0,0.5104671120643616,1,P7_CV0,1,2,0,1,1
1,4.359949021420038,0.38889347741837,RD1_F5_m3f5_P3_Y46_UO142,RD3_F7_m4f8_P4_Y44_UO705,RD5_F1_m5f3_P5_Y44_UO305,MXY,2,0.0,1,0,0.0,0,0,0,-9999.0,0.5104713141918182,1,P7_CV0,1,2,0,2,0
1,4.359949021420038,0.38889347741837,RD1_F5_m1f5_P1_Y46_UO71,RD1_F5_m1f5_P1_Y44_UO62,RD5_F1_m5f1_P5_Y44_UO539,FXX,2,0.0,1,0,1.0,0,0,0,-9999.0,0.510677307844162,1,P7_CV0,1,0,2,0,2
1,4.359949021420038,0.38889347741837,RD1_F5_m1f5_P1_Y46_UO396,RD1_F5_m1f5_P1_Y44_UO61,RD5_F1_m5f2_P5_Y44_UO74,MXY,2,0.0,1,0,0.0,0,0,0,-9999.0,0.5101992189884186,1,P7_CV0,1,1,1,0,2
1,4.359949021420038,0.38889347741837,RD1_F5_m1f5_P1_Y46_UO420,RD1_F5_m1f5_P1_Y44_UO62,RD5_F1_m5f3_P5_Y44_UO466,FXX,2,0.0,1,0,1.0,0,0,0,-9999.0,0.5099867880344391,1,P7_CV0,1,0,2,0,2
1,4.359949021420038,0.38889347741837,RD1_F5_m1f5_P1_Y46_UO740,RD1_F5_m1f5_P1_Y44_UO369,RD5_F3_m6f9_P6_Y44_UO613,MXY,2,0.0,1,0,0.0,0,0,0,-9999.0,0.5105209946632385,1,P7_CV0,1,2,0,1,1
1,4.359949021420038,0.38889347741837,RD1_F5_m1f5_P1_Y46_UO66,RD1_F5_m1f5_P1_Y44_UO617,RD5_F1_m5f3_P5_Y44_UO218,FXX,2,0.0,1,0,1.0,0,0,0,-9999.0,0.5098180174827576,1,P8_CV0,1,2,0,1,1
1,4.359949021420038,0.38889347741837,RD1_F5_m1f5_P1_Y46_UO384,RD1_F5_m1f5_P1_Y44_UO263,RD5_F3_m6f9_P6_Y44_UO613,FXX,2,0.0,1,0,1.0,0,0,0,-9999.0,0.5102739036083221,1,P8_CV0,1,0,2,2,0
1,4.359949021420038,0.38889347741837,RD1_F5_m1f5_P1_Y46_UO483,RD1_F5_m1f5_P1_Y44_UO617,RD5_F1_m5f3_P5_Y44_UO161,MXY,2,0.0,1,0,0.0,0,0,0,-9999.0,0.5104671120643616,1,P8_CV0,1,1,1,2,0
1,4.359949021420038,0.38889347741837,RD1_F5_m1f5_P1_Y46_UO67,RD1_F5_m1f5_P1_Y44_UO617,RD5_F1_m5f3_P5_Y44_UO218,FXX,2,0.0,1,0,1.0,0,0,0,-9999.0,0.5098180174827576,1,P8_CV0,1,2,0,1,1
1,4.359949021420038,0.38889347741837,RD1_F5_m1f5_P1_Y46_UO481,RD1_F5_m1f5_P1_Y44_UO617,RD5_F1_m5f3_P5_Y44_UO161,MXY,2,0.0,1,0,0.0,0,0,0,-9999.0,0.5104671120643616,1,P8_CV0,1,2,0,0,2
1,4.359949021420038,0.38889347741837,RD1_F5_m1f5_P1_Y46_UO357,RD1_F5_m1f5_P1_Y44_UO769,RD5_F1_m5f3_P5_Y44_UO574,FXX,2,0.0,1,0,1.0,0,0,0,-9999.0,0.5104851126670837,1,P8_CV0,1,1,1,2,0
1,4.359949021420038,0.38889347741837,RD1_F5_m1f5_P1_Y46_UO68,RD1_F5_m1f5_P1_Y44_UO617,RD5_F1_m5f3_P5_Y44_UO218,MXY,2,0.0,1,0,0.0,0,0,0,-9999.0,0.5098180174827576,1,P8_CV0,1,2,0,2,0
1,4.359949021420038,0.38889347741837,RD1_F5_m1f5_P1_Y46_UO326,RD1_F5_m1f5_P1_Y44_UO154,RD5_F1_m5f3_P5_Y44_UO218,MXY,2,0.0,1,0,0.0,0,0,0,-9999.0,0.5102436244487762,1,P8_CV0,1,1,1,0,2
2,5.496624778787091,6.529835889274153,RD2_F5_m1f5_P1_Y46_UO106,RD1_F5_m1f5_P1_Y44_UO755,RD5_F3_m6f2_P6_Y44_UO425,FXX,2,0.0,1,0,1.0,0,0,0,-9999.0,0.5102892816066742,1,P0_CV0,1,1,1,2,0
2,5.496624778787091,6.529835889274153,RD2_F9_m6f3_P6_Y46_UO39,RD6_F9_m6f9_P6_Y44_UO320,RD3_F5_m1f5_P1_Y44_UO754,FXX,2,0.0,1,0,1.0,0,0,0,-9999.0,0.5105637013912201,1,P0_CV0,1,1,1,2,0
2,5.496624778787091,6.529835889274153,RD2_F5_m2f9_P2_Y46_UO365,RD2_F5_m2f6_P2_Y44_UO238,RD9_F2_m9f2_P9_Y44_UO526,MXY,2,0.0,1,0,0.0,0,0,0,-9999.0,0.5100838541984558,1,P1_CV0,1,1,1,0,2
2,5.496624778787091,6.529835889274153,RD2_F3_m7f4_P7_Y46_UO225,RD7_F3_m2f6_P2_Y44_UO222,RD4_F8_m4f8_P4_Y44_UO576,MXY,2,0.0,1,0,0.0,0,0,0,-9999.0,0.5104190111160278,1,P1_CV0,1,1,1,1,1
2,5.496624778787091,6.529835889274153,RD2_F3_m3f2_P3_Y47_UO117,RD3_F2_m6f2_P6_Y45_UO130,RD2_F6_m2f3_P2_Y44_UO201,FXX,1,0.0,0,0,0.0,0,0,0,-9999.0,0.5105750560760498,1,P3_CV0,1,2,0,0,2
2,5.496624778787091,6.529835889274153,RD2_F6_m6f3_P6_Y47_UO183,RD6_F3_m6f9_P6_Y45_UO21,RD3_F2_m6f2_P6_Y45_UO136,MXY,1,0.0,0,0,0.0,0,0,0,-9999.0,0.5107099711894989,1,P3_CV0,1,1,1,2,0
2,5.496624778787091,6.529835889274153,RD2_F6_m6f9_P6_Y47_UO176,RD6_F3_m7f4_P7_Y45_UO50,RD9_F6_m7f4_P7_Y44_UO548,FXX,1,0.0,0,0,0.0,0,0,0,-9999.0,0.5105973780155182,1,P3_CV0,1,1,1,1,1
2,5.496624778787091,6.529835889274153,RD2_F6_m6f2_P6_Y47_UO44,RD6_F3_m7f4_P7_Y45_UO50,RD2_F9_m3f2_P3_Y44_UO740,MXY,1,0.0,0,0,0.0,0,0,0,-9999.0,0.5099707245826721,1,P3_CV0,1,1,1,1,1
2,5.496624778787091,6.529835889274153,RD2_F6_m6f9_P6_Y47_UO81,RD6_F9_m2f9_P2_Y45_UO4,RD9_F6_m7f4_P7_Y44_UO548,FXX,1,0.0,0,0,0.0,0,0,0,-9999.0,0.5105865597724915,1,P3_CV0,1,1,1,2,0
2,5.496624778787091,6.529835889274153,RD2_F6_m6f2_P6_Y47_UO47,RD6_F3_m7f4_P7_Y45_UO50,RD2_F9_m3f2_P3_Y44_UO740,FXX,1,0.0,0,0,0.0,0,0,0,-9999.0,0.5099707245826721,1,P3_CV0,1,2,0,2,0
2,5.496624778787091,6.529835889274153,RD2_F3_m3f2_P3_Y47_UO113,RD3_F2_m6f2_P6_Y45_UO130,RD2_F6_m2f3_P2_Y44_UO201,FXX,1,0.0,0,0,0.0,0,0,0,-9999.0,0.5105750560760498,1,P3_CV0,1,1,1,0,2
2,5.496624778787091,6.529835889274153,RD2_F6_m6f2_P6_Y47_UO48,RD6_F3_m7f4_P7_Y45_UO50,RD2_F9_m3f2_P3_Y44_UO740,FXX,1,0.0,0,0,0.0,0,0,0,-9999.0,0.5099707245826721,1,P3_CV0,1,2,0,1,1
2,5.496624778787091,6.529835889274153,RD2_F6_m6f9_P6_Y47_UO80,RD6_F9_m2f9_P2_Y45_UO4,RD9_F6_m7f4_P7_Y44_UO548,MXY,1,0.0,0,0,0.0,0,0,0,-9999.0,0.5105865597724915,1,P3_CV0,1,1,1,2,0
2,5.496624778787091,6.529835889274153,RD2_F9_m6f9_P6_Y46_UO411,RD6_F9_m6f9_P6_Y44_UO94,RD9_F2_m6f9_P6_Y44_UO318,MXY,2,0.0,1,0,0.0,0,0,0,-9999.0,0.510152667760849,1,P3_CV0,1,1,1,1,1
2,5.496624778787091,6.529835889274153,RD2_F6_m9f2_P9_Y46_UO390,RD9_F6_m9f2_P9_Y44_UO169,RD2_F5_m2f6_P2_Y44_UO418,MXY,2,0.0,1,0,0.0,0,0,0,-9999.0,0.5101377665996552,1,P3_CV0,1,0,2,1,1
2,5.496624778787091,6.529835889274153,RD2_F9_m2f9_P2_Y46_UO378,RD2_F9_m6f3_P6_Y44_UO374,RD9_F2_m9f2_P9_Y44_UO192,FXX,2,0.0,1,0,1.0,0,0,0,-9999.0,0.5100302696228027,1,P3_CV0,1,1,1,0,2
2,5.496624778787091,6.529835889274153,RD2_F9_m2f3_P2_Y46_UO220,RD2_F9_m6f3_P6_Y44_UO450,RD3_F5_m3f6_P3_Y44_UO347,FXX,2,0.0,1,0,1.0,0,0,0,-9999.0,0.510016143321991,1,P3_CV0,1,2,0,1,1
2,5.496624778787091,6.529835889274153,RD2_F9_m6f2_P6_Y46_UO60,RD6_F3_m7f4_P7_Y44_UO86,RD2_F3_m2f9_P2_Y44_UO391,FXX,2,0.0,1,0,1.0,0,0,0,-9999.0,0.5101202130317688,1,P3_CV0,1,1,1,1,1
2,5.496624778787091,6.529835889274153,RD2_F5_m1f5_P1_Y46_UO649,RD1_F5_m1f5_P1_Y44_UO369,RD5_F2_m3f2_P3_Y44_UO104,FXX,2,0.0,1,0,1.0,0,0,0,-9999.0,0.5104732513427734,1,P3_CV0,1,1,1,0,2
2,5.496624778787091,6.529835889274153,RD2_F9_m2f9_P2_Y46_UO701,RD2_F9_m6f3_P6_Y44_UO474,RD9_F6_m3f5_P3_Y44_UO147,MXY,2,0.0,1,0,0.0,0,0,0,-9999.0,0.5107395946979523,1,P3_CV0,1,1,1,0,2
2,5.496624778787091,6.529835889274153,RD2_F9_m2f9_P2_Y46_UO702,RD2_F9_m6f3_P6_Y44_UO474,RD9_F6_m3f5_P3_Y44_UO147,FXX,2,0.0,1,0,1.0,0,0,0,-9999.0,0.5107395946979523,1,P3_CV0,1,0,2,1,1
2,5.496624778787091,6.529835889274153,RD2_F9_m6f9_P6_Y46_UO332,RD6_F3_m6f2_P6_Y44_UO692,RD9_F6_m9f2_P9_Y44_UO530,FXX,2,0.0,1,0,1.0,0,0,0,-9999.0,0.5102365612983704,1,P3_CV0,1,0,2,1,1
2,5.496624778787091,6.529835889274153,RD2_F3_m5f3_P5_Y46_UO672,RD5_F1_m5f2_P5_Y44_UO128,RD3_F7_m7f4_P7_Y43_UO27,MXY,2,0.0,1,0,0.0,0,0,0,-9999.0,0.510181725025177,1,P3_CV0,1,0,2,1,1
2,5.496624778787091,6.529835889274153,RD2_F9_m6f2_P6_Y46_UO40,RD6_F3_m6f9_P6_Y44_UO509,RD2_F6_m9f2_P9_Y44_UO529,FXX,2,0.0,1,0,1.0,0,0,0,-9999.0,0.5100326538085938,1,P3_CV0,1,0,2,0,2
2,5.496624778787091,6.529835889274153,RD2_F3_m5f3_P5_Y46_UO673,RD5_F1_m5f2_P5_Y44_UO128,RD3_F7_m7f4_P7_Y43_UO27,FXX,2,0.0,1,0,1.0,0,0,0,-9999.0,0.510181725025177,1,P3_CV0,1,0,2,1,1
2,5.496624778787091,6.529835889274153,RD2_F6_m9f6_P9_Y46_UO366,RD9_F6_m9f2_P9_Y44_UO194,RD6_F9_m6f3_P6_Y44_UO794,MXY,2,0.0,1,0,0.0,0,0,0,-9999.0,0.5094740390777588,1,P3_CV0,1,1,1,1,1
2,5.496624778787091,6.529835889274153,RD2_F9_m6f9_P6_Y46_UO336,RD6_F9_m6f2_P6_Y44_UO787,RD9_F6_m9f2_P9_Y44_UO524,FXX,2,0.0,1,0,1.0,0,0,0,-9999.0,0.5101922452449799,1,P3_CV0,1,1,1,1,1
2,5.496624778787091,6.529835889274153,RD2_F5_m1f5_P1_Y46_UO531,RD1_F5_m1f5_P1_Y44_UO156,RD5_F3_m7f4_P7_Y44_UO254,FXX,2,0.0,1,0,1.0,0,0,0,-9999.0,0.5102600455284119,1,P3_CV0,1,2,0,2,0
2,5.496624778787091,6.529835889274153,RD2_F3_m7f4_P7_Y46_UO570,RD7_F3_m2f3_P2_Y44_UO719,RD4_F7_m4f7_P4_Y44_UO773,MXY,2,0.0,1,0,0.0,0,0,0,-9999.0,0.5103346705436707,1,P3_CV0,1,0,2,1,1
2,5.496624778787091,6.529835889274153,RD2_F9_m6f9_P6_Y46_UO337,RD6_F9_m6f2_P6_Y44_UO787,RD9_F6_m9f2_P9_Y44_UO524,FXX,2,0.0,1,0,1.0,0,0,0,-9999.0,0.5101922452449799,1,P3_CV0,1,1,1,1,1
2,5.496624778787091,6.529835889274153,RD2_F9_m2f3_P2_Y46_UO501,RD2_F9_m6f2_P6_Y44_UO233,RD3_F6_m2f5_P2_Y44_UO631,MXY,2,0.0,1,0,0.0,0,0,0,-9999.0,0.5102794766426086,1,P3_CV0,1,0,2,0,2
2,5.496624778787091,6.529835889274153,RD2_F6_m9f2_P9_Y46_UO712,RD9_F6_m9f2_P9_Y44_UO143,RD2_F6_m9f6_P9_Y44_UO151,FXX,2,0.0,1,0,1.0,0,0,0,-9999.0,0.5102745592594147,1,P3_CV0,1,1,1,1,1
2,5.496624778787091,6.529835889274153,RD2_F9_m6f3_P6_Y46_UO122,RD6_F9_m6f3_P6_Y44_UO502,RD3_F7_m3f7_P3_Y44_UO513,MXY,2,0.0,1,0,0.0,0,0,0,-9999.0,0.509512335062027,1,P3_CV0,1,0,2,1,1
2,5.496624778787091,6.529835889274153,RD2_F3_m6f3_P6_Y46_UO146,RD6_F9_m2f6_P2_Y44_UO289,RD3_F2_m9f2_P9_Y44_UO636,FXX,2,0.0,1,0,1.0,0,0,0,-9999.0,0.5102116763591766,1,P3_CV0,1,0,2,1,1
2,5.496624778787091,6.529835889274153,RD2_F3_m2f3_P2_Y46_UO731,RD2_F6_m2f6_P2_Y44_UO38,RD3_F7_m3f7_P3_Y44_UO514,MXY,2,0.0,1,0,0.0,0,0,0,-9999.0,0.5100606083869934,1,P3_CV0,1,0,2,1,1
2,5.496624778787091,6.529835889274153,RD2_F6_m9f2_P9_Y46_UO80,RD9_F6_m9f2_P9_Y44_UO143,RD2_F9_m2f9_P2_Y44_UO489,FXX,2,0.0,1,0,1.0,0,0,0,-9999.0,0.5102607607841492,1,P3_CV0,1,1,1,1,1
2,5.496624778787091,6.529835889274153,RD2_F5_m1f5_P1_Y46_UO686,RD1_F5_m2f3_P2_Y44_UO203,RD5_F3_m7f3_P7_Y44_UO399,MXY,2,0.0,1,0,0.0,0,0,0,-9999.0,0.509968638420105,1,P3_CV0,1,1,1,2,0
2,5.496624778787091,6.529835889274153,RD2_F3_m5f2_P5_Y46_UO4,RD5_F1_m5f3_P5_Y44_UO575,RD2_F6_m3f5_P3_Y44_UO146,FXX,2,0.0,1,0,1.0,0,0,0,-9999.0,0.5107903182506561,1,P3_CV0,1,2,0,2,0
2,5.496624778787091,6.529835889274153,RD2_F3_m7f3_P7_Y46_UO548,RD7_F3_m2f6_P2_Y44_UO222,RD3_F5_m3f6_P3_Y44_UO347,FXX,2,0.0,1,0,1.0,0,0,0,-9999.0,0.5101803243160248,1,P3_CV0,1,1,1,1,1
2,5.496624778787091,6.529835889274153,RD2_F9_m6f9_P6_Y46_UO512,RD6_F9_m6f9_P6_Y44_UO199,RD9_F6_m9f6_P9_Y44_UO205,FXX,2,0.0,1,0,1.0,0,0,0,-9999.0,0.5096069276332855,1,P3_CV0,1,2,0,1,1
2,5.496624778787091,6.529835889274153,RD2_F9_m6f2_P6_Y45_UO126,RD6_F3_m6f3_P6_Y43_UO11,RD2_F6_m3f5_P3_Y40_UO134,MXY,3,0.0,1,0,0.0,0,0,0,-9999.0,0.5106610059738159,1,P3_CV0,1,1,1,2,0
2,5.496624778787091,6.529835889274153,RD2_F9_m6f2_P6_Y45_UO96,RD6_F3_m6f3_P6_Y43_UO11,RD2_F6_m6f3_P6_Y42_UO760,MXY,3,0.0,1,0,0.0,0,0,0,-9999.0,0.5116206407546997,1,P3_CV0,1,2,0,1,1
2,5.496624778787091,6.529835889274153,RD2_F5_m1f5_P1_Y44_UO153,RD1_F5_m1f5_P1_Y42_UO601,RD5_F1_m5f1_P5_Y42_UO648,MXY,4,0.0,1,0,0.0,0,0,0,-9999.0,0.5104532837867737,1,P3_CV0,1,1,1,1,1
2,5.496624778787091,6.529835889274153,RD2_F9_m5f3_P5_Y44_UO191,RD5_F3_m5f2_P5_Y42_UO80,RD3_F7_m3f6_P3_Y42_UO407,FXX,4,0.0,1,0,1.0,0,0,0,-9999.0,0.5094635486602783,1,P3_CV0,1,0,2,1,1
2,5.496624778787091,6.529835889274153,RD2_F6_m6f9_P6_Y47_UO21,RD6_F9_m2f5_P2_Y45_UO11,RD9_F6_m7f4_P7_Y44_UO548,MXY,1,0.0,0,0,0.0,0,0,0,-9999.0,0.5104880332946777,1,P4_CV0,1,0,2,2,0
2,5.496624778787091,6.529835889274153,RD2_F6_m6f2_P6_Y47_UO24,RD6_F9_m6f9_P6_Y45_UO19,RD2_F9_m6f2_P6_Y45_UO132,FXX,1,0.0,0,0,0.0,0,0,0,-9999.0,0.5107099711894989,1,P4_CV0,1,2,0,1,1
2,5.496624778787091,6.529835889274153,RD2_F6_m6f3_P6_Y47_UO253,RD6_F9_m6f9_P6_Y45_UO19,RD3_F6_m6f9_P6_Y44_UO331,FXX,1,0.0,0,0,0.0,0,0,0,-9999.0,0.5106878280639648,1,P4_CV0,1,2,0,2,0
2,5.496624778787091,6.529835889274153,RD2_F6_m6f3_P6_Y47_UO185,RD6_F3_m6f9_P6_Y45_UO21,RD3_F2_m6f2_P6_Y45_UO136,FXX,1,0.0,0,0,0.0,0,0,0,-9999.0,0.5107099711894989,1,P4_CV0,1,1,1,1,1
2,5.496624778787091,6.529835889274153,RD2_F9_m6f3_P6_Y46_UO145,RD6_F9_m2f6_P2_Y44_UO289,RD3_F2_m9f2_P9_Y44_UO636,MXY,2,0.0,1,0,0.0,0,0,0,-9999.0,0.5102116763591766,1,P4_CV0,1,2,0,1,1
2,5.496624778787091,6.529835889274153,RD2_F6_m2f6_P2_Y46_UO493,RD2_F3_m7f3_P7_Y44_UO83,RD6_F9_m2f6_P2_Y44_UO88,MXY,2,0.0,1,0,0.0,0,0,0,-9999.0,0.5100426375865936,1,P4_CV0,1,1,1,2,0
2,5.496624778787091,6.529835889274153,RD2_F5_m1f5_P1_Y46_UO126,RD1_F5_m1f5_P1_Y44_UO62,RD5_F3_m7f4_P7_Y44_UO254,FXX,2,0.0,1,0,1.0,0,0,0,-9999.0,0.5103453099727631,1,P4_CV0,1,1,1,1,1
2,5.496624778787091,6.529835889274153,RD2_F6_m3f5_P3_Y46_UO57,RD3_F5_m1f5_P1_Y44_UO702,RD5_F1_m5f3_P5_Y44_UO713,FXX,2,0.0,1,0,1.0,0,0,0,-9999.0,0.5102603435516357,1,P4_CV0,1,2,0,2,0
2,5.496624778787091,6.529835889274153,RD2_F9_m6f9_P6_Y46_UO103,RD6_F3_m2f6_P2_Y44_UO37,RD9_F6_m2f3_P2_Y44_UO721,MXY,2,0.0,1,0,0.0,0,0,0,-9999.0,0.5098841488361359,1,P4_CV0,1,0,2,1,1
2,5.496624778787091,6.529835889274153,RD2_F3_m7f3_P7_Y46_UO633,RD7_F3_m2f9_P2_Y44_UO695,RD3_F7_m3f6_P3_Y44_UO349,FXX,2,0.0,1,0,1.0,0,0,0,-9999.0,0.5101781785488129,1,P4_CV0,1,1,1,0,2
2,5.496624778787091,6.529835889274153,RD2_F3_m6f2_P6_Y46_UO182,RD6_F9_m2f5_P2_Y44_UO378,RD2_F6_m9f6_P9_Y44_UO151,MXY,2,0.0,1,0,0.0,0,0,0,-9999.0,0.5100590884685516,1,P4_CV0,1,2,0,0,2
2,5.496624778787091,6.529835889274153,RD2_F3_m6f2_P6_Y46_UO636,RD6_F9_m6f3_P6_Y44_UO502,RD2_F6_m9f2_P9_Y44_UO529,FXX,2,0.0,1,0,1.0,0,0,0,-9999.0,0.5097914040088654,1,P4_CV0,1,0,2,1,1
2,5.496624778787091,6.529835889274153,RD2_F3_m2f3_P2_Y46_UO430,RD2_F6_m2f6_P2_Y44_UO38,RD3_F7_m3f5_P3_Y44_UO445,FXX,2,0.0,1,0,1.0,0,0,0,-9999.0,0.5106436610221863,1,P4_CV0,1,0,2,1,1
2,5.496624778787091,6.529835889274153,RD2_F9_m6f9_P6_Y46_UO284,RD6_F3_m2f6_P2_Y44_UO37,RD9_F6_m9f2_P9_Y44_UO588,MXY,2,0.0,1,0,0.0,0,0,0,-9999.0,0.5106711685657501,1,P4_CV0,1,1,1,2,0
2,5.496624778787091,6.529835889274153,RD2_F6_m2f5_P2_Y46_UO681,RD2_F6_m2f9_P2_Y44_UO389,RD5_F3_m7f4_P7_Y44_UO254,MXY,2,0.0,1,0,0.0,0,0,0,-9999.0,0.5099210143089294,1,P4_CV0,1,1,1,0,2
2,5.496624778787091,6.529835889274153,RD2_F3_m7f3_P7_Y46_UO631,RD7_F3_m2f9_P2_Y44_UO695,RD3_F7_m3f6_P3_Y44_UO349,MXY,2,0.0,1,0,0.0,0,0,0,-9999.0,0.5101781785488129,1,P4_CV0,1,1,1,1,1
2,5.496624778787091,6.529835889274153,RD2_F9_m6f2_P6_Y46_UO571,RD6_F9_m2f5_P2_Y44_UO632,RD2_F3_m5f2_P5_Y44_UO75,FXX,2,0.0,1,0,1.0,0,0,0,-9999.0,0.5099167227745056,1,P4_CV0,1,1,1,1,1
2,5.496624778787091,6.529835889274153,RD2_F5_m3f2_P3_Y46_UO35,RD3_F5_m2f9_P2_Y44_UO491,RD2_F9_m2f9_P2_Y44_UO697,MXY,2,0.0,1,0,0.0,0,0,0,-9999.0,0.5103277266025543,1,P4_CV0,1,1,1,2,0
2,5.496624778787091,6.529835889274153,RD2_F9_m6f3_P6_Y46_UO710,RD6_F3_m2f6_P2_Y44_UO37,RD3_F6_m9f2_P9_Y44_UO674,FXX,2,0.0,1,0,1.0,0,0,0,-9999.0,0.5099453926086426,1,P4_CV0,1,1,1,1,1
2,5.496624778787091,6.529835889274153,RD2_F9_m6f9_P6_Y46_UO104,RD6_F3_m2f6_P2_Y44_UO37,RD9_F6_m2f3_P2_Y44_UO721,FXX,2,0.0,1,0,1.0,0,0,0,-9999.0,0.5098841488361359,1,P4_CV0,1,1,1,2,0
2,5.496624778787091,6.529835889274153,RD2_F3_m9f2_P9_Y45_UO162,RD9_F6_m9f2_P9_Y43_UO216,RD2_F3_m7f4_P7_Y43_UO182,MXY,3,0.0,1,0,0.0,0,0,0,-9999.0,0.5103006362915039,1,P4_CV0,1,2,0,1,1
2,5.496624778787091,6.529835889274153,RD2_F6_m6f3_P6_Y47_UO258,RD6_F9_m6f9_P6_Y45_UO19,RD3_F6_m6f9_P6_Y44_UO331,FXX,1,0.0,0,0,0.0,0,0,0,-9999.0,0.5106878280639648,1,P5_CV0,1,2,0,2,0
2,5.496624778787091,6.529835889274153,RD2_F3_m2f6_P2_Y46_UO158,RD2_F5_m1f5_P1_Y44_UO411,RD6_F2_m9f6_P9_Y44_UO464,FXX,2,0.0,1,0,1.0,0,0,0,-9999.0,0.5103181004524231,1,P5_CV0,1,1,1,1,1
2,5.496624778787091,6.529835889274153,RD2_F9_m2f5_P2_Y46_UO442,RD2_F6_m3f7_P3_Y44_UO776,RD5_F3_m2f5_P2_Y44_UO132,MXY,2,0.0,1,0,0.0,0,0,0,-9999.0,0.5101822912693024,1,P5_CV0,1,1,1,2,0
2,5.496624778787091,6.529835889274153,RD2_F9_m6f9_P6_Y46_UO410,RD6_F9_m6f9_P6_Y44_UO94,RD9_F2_m6f9_P6_Y44_UO318,MXY,2,0.0,1,0,0.0,0,0,0,-9999.0,0.510152667760849,1,P5_CV0,1,1,1,2,0
2,5.496624778787091,6.529835889274153,RD2_F3_m7f3_P7_Y46_UO597,RD7_F4_m7f3_P7_Y44_UO552,RD3_F7_m3f7_P3_Y44_UO514,MXY,2,0.0,1,0,0.0,0,0,0,-9999.0,0.5101839900016785,1,P5_CV0,1,1,1,2,0
2,5.496624778787091,6.529835889274153,RD2_F3_m2f5_P2_Y46_UO254,RD2_F3_m2f6_P2_Y44_UO800,RD5_F1_m5f1_P5_Y42_UO673,FXX,2,0.0,1,0,1.0,0,0,0,-9999.0,0.5100372731685638,1,P7_CV0,1,2,0,2,0
2,5.496624778787091,6.529835889274153,RD2_F3_m5f2_P5_Y46_UO514,RD5_F1_m5f2_P5_Y44_UO784,RD2_F9_m2f3_P2_Y44_UO204,MXY,2,0.0,1,0,0.0,0,0,0,-9999.0,0.5102145373821259,1,P7_CV0,1,1,1,0,2
2,5.496624778787091,6.529835889274153,RD2_F5_m1f5_P1_Y46_UO421,RD1_F5_m1f5_P1_Y44_UO62,RD5_F1_m5f3_P5_Y44_UO466,MXY,2,0.0,1,0,0.0,0,0,0,-9999.0,0.5099867880344391,1,P7_CV0,1,1,1,0,2
2,5.496624778787091,6.529835889274153,RD2_F5_m1f5_P1_Y46_UO397,RD1_F5_m1f5_P1_Y44_UO61,RD5_F1_m5f2_P5_Y44_UO74,FXX,2,0.0,1,0,1.0,0,0,0,-9999.0,0.5101992189884186,1,P7_CV0,1,1,1,0,2
2,5.496624778787091,6.529835889274153,RD2_F5_m1f5_P1_Y46_UO125,RD1_F5_m1f5_P1_Y44_UO62,RD5_F3_m7f4_P7_Y44_UO254,MXY,2,0.0,1,0,0.0,0,0,0,-9999.0,0.5103453099727631,1,P7_CV0,1,1,1,1,1
2,5.496624778787091,6.529835889274153,RD2_F3_m2f6_P2_Y46_UO166,RD2_F3_m2f6_P2_Y44_UO135,RD6_F2_m9f2_P9_Y44_UO140,FXX,2,0.0,1,0,1.0,0,0,0,-9999.0,0.510000616312027,1,P7_CV0,1,1,1,2,0
2,5.496624778787091,6.529835889274153,RD2_F9_m2f3_P2_Y46_UO654,RD2_F5_m1f5_P1_Y44_UO54,RD3_F7_m3f6_P3_Y44_UO386,FXX,2,0.0,1,0,1.0,0,0,0,-9999.0,0.510242760181427,1,P7_CV0,1,2,0,2,0
2,5.496624778787091,6.529835889274153,RD2_F5_m1f5_P1_Y46_UO203,RD1_F5_m2f5_P2_Y44_UO379,RD5_F1_m5f1_P5_Y44_UO539,FXX,2,0.0,1,0,1.0,0,0,0,-9999.0,0.5102929472923279,1,P7_CV0,1,1,1,0,2
2,5.496624778787091,6.529835889274153,RD2_F9_m2f5_P2_Y46_UO342,RD2_F3_m2f6_P2_Y44_UO800,RD5_F1_m5f1_P5_Y42_UO673,FXX,2,0.0,1,0,1.0,0,0,0,-9999.0,0.5100372731685638,1,P7_CV0,1,2,0,2,0
2,5.496624778787091,6.529835889274153,RD2_F5_m1f5_P1_Y46_UO651,RD1_F5_m1f5_P1_Y44_UO369,RD5_F2_m3f2_P3_Y44_UO104,FXX,2,0.0,1,0,1.0,0,0,0,-9999.0,0.5104732513427734,1,P7_CV0,1,1,1,0,2
2,5.496624778787091,6.529835889274153,RD2_F9_m2f5_P2_Y46_UO340,RD2_F3_m2f6_P2_Y44_UO800,RD5_F1_m5f1_P5_Y42_UO673,FXX,2,0.0,1,0,1.0,0,0,0,-9999.0,0.5100372731685638,1,P7_CV0,1,2,0,2,0
2,5.496624778787091,6.529835889274153,RD2_F9_m6f2_P6_Y46_UO689,RD6_F9_m6f9_P6_Y44_UO93,RD2_F9_m2f3_P2_Y44_UO202,MXY,2,0.0,1,0,0.0,0,0,0,-9999.0,0.5102078318595886,1,P7_CV0,1,1,1,1,1
2,5.496624778787091,6.529835889274153,RD2_F9_m2f5_P2_Y46_UO343,RD2_F3_m2f6_P2_Y44_UO800,RD5_F1_m5f1_P5_Y42_UO673,FXX,2,0.0,1,0,1.0,0,0,0,-9999.0,0.5100372731685638,1,P7_CV0,1,2,0,2,0
2,5.496624778787091,6.529835889274153,RD2_F9_m2f5_P2_Y46_UO255,RD2_F3_m2f6_P2_Y44_UO800,RD5_F1_m5f1_P5_Y42_UO673,MXY,2,0.0,1,0,0.0,0,0,0,-9999.0,0.5100372731685638,1,P7_CV0,1,2,0,2,0
2,5.496624778787091,6.529835889274153,RD2_F5_m1f5_P1_Y44_UO61,RD1_F5_m1f5_P1_Y42_UO712,RD5_F3_m5f3_P5_Y42_UO451,FXX,4,0.0,1,0,1.0,0,0,0,-9999.0,0.5106238126754761,1,P7_CV0,1,2,0,0,2
2,5.496624778787091,6.529835889274153,RD2_F5_m2f9_P2_Y46_UO327,RD2_F5_m1f5_P1_Y44_UO265,RD9_F2_m9f6_P9_Y44_UO150,MXY,2,0.0,1,0,0.0,0,0,0,-9999.0,0.5102183818817139,1,P8_CV0,1,1,1,0,2
2,5.496624778787091,6.529835889274153,RD2_F9_m2f9_P2_Y46_UO559,RD2_F6_m2f6_P2_Y44_UO38,RD9_F2_m9f6_P9_Y44_UO150,MXY,2,0.0,1,0,0.0,0,0,0,-9999.0,0.5102197229862213,1,P8_CV0,1,1,1,2,0
2,5.496624778787091,6.529835889274153,RD2_F5_m1f5_P1_Y46_UO211,RD1_F5_m1f5_P1_Y44_UO617,RD5_F1_m5f3_P5_Y44_UO666,FXX,2,0.0,1,0,1.0,0,0,0,-9999.0,0.509954571723938,1,P8_CV0,1,1,1,2,0
2,5.496624778787091,6.529835889274153,RD2_F6_m2f9_P2_Y44_UO491,RD2_F9_m6f9_P6_Y42_UO383,RD9_F6_m9f6_P9_Y42_UO345,FXX,4,0.0,1,0,1.0,0,0,0,-9999.0,0.5102354884147644,1,P8_CV0,1,1,1,2,0
3,4.20367802087489,4.955022315058112,RD3_F7_m7f3_P7_Y47_UO166,RD7_F3_m7f4_P7_Y45_UO54,RD3_F2_m2f5_P2_Y44_UO487,FXX,1,0.0,0,0,0.0,0,0,0,-9999.0,0.5104418992996216,1,P0_CV0,1,1,1,1,1
3,4.20367802087489,4.955022315058112,RD3_F7_m7f3_P7_Y47_UO167,RD7_F3_m7f4_P7_Y45_UO54,RD3_F2_m2f5_P2_Y44_UO487,FXX,1,0.0,0,0,0.0,0,0,0,-9999.0,0.5104418992996216,1,P0_CV0,1,1,1,2,0
3,4.20367802087489,4.955022315058112,RD3_F7_m7f3_P7_Y47_UO169,RD7_F3_m7f4_P7_Y45_UO54,RD3_F2_m2f5_P2_Y44_UO487,MXY,1,0.0,0,0,0.0,0,0,0,-9999.0,0.5104418992996216,1,P0_CV0,1,1,1,2,0
3,4.20367802087489,4.955022315058112,RD3_F5_m2f9_P2_Y46_UO361,RD2_F5_m2f6_P2_Y44_UO238,RD9_F2_m9f2_P9_Y44_UO526,FXX,2,0.0,1,0,1.0,0,0,0,-9999.0,0.5100838541984558,1,P1_CV0,1,2,0,0,2
3,4.20367802087489,4.955022315058112,RD3_F2_m2f3_P2_Y47_UO55,RD2_F9_m2f9_P2_Y45_UO28,RD3_F6_m6f9_P6_Y44_UO331,FXX,1,0.0,0,0,0.0,0,0,0,-9999.0,0.5102067589759827,1,P3_CV0,1,2,0,2,0
3,4.20367802087489,4.955022315058112,RD3_F2_m2f9_P2_Y47_UO91,RD2_F3_m7f3_P7_Y45_UO77,RD9_F6_m7f4_P7_Y44_UO548,MXY,1,0.0,0,0,0.0,0,0,0,-9999.0,0.5105007290840149,1,P3_CV0,1,1,1,2,0
3,4.20367802087489,4.955022315058112,RD3_F2_m2f6_P2_Y47_UO263,RD2_F3_m7f3_P7_Y45_UO77,RD6_F9_m9f2_P9_Y44_UO588,FXX,1,0.0,0,0,0.0,0,0,0,-9999.0,0.5106559693813324,1,P3_CV0,1,2,0,2,0
3,4.20367802087489,4.955022315058112,RD3_F2_m2f6_P2_Y47_UO268,RD2_F3_m7f3_P7_Y45_UO77,RD6_F9_m9f2_P9_Y44_UO588,FXX,1,0.0,0,0,0.0,0,0,0,-9999.0,0.5106559693813324,1,P3_CV0,1,0,2,1,1
3,4.20367802087489,4.955022315058112,RD3_F6_m6f9_P6_Y47_UO20,RD6_F9_m2f5_P2_Y45_UO11,RD9_F6_m7f4_P7_Y44_UO548,FXX,1,0.0,0,0,0.0,0,0,0,-9999.0,0.5104880332946777,1,P3_CV0,1,0,2,2,0
3,4.20367802087489,4.955022315058112,RD3_F6_m6f2_P6_Y47_UO22,RD6_F9_m6f9_P6_Y45_UO19,RD2_F9_m6f2_P6_Y45_UO132,MXY,1,0.0,0,0,0.0,0,0,0,-9999.0,0.5107099711894989,1,P3_CV0,1,2,0,1,1
3,4.20367802087489,4.955022315058112,RD3_F6_m6f2_P6_Y47_UO25,RD6_F9_m6f9_P6_Y45_UO19,RD2_F9_m6f2_P6_Y45_UO132,FXX,1,0.0,0,0,0.0,0,0,0,-9999.0,0.5107099711894989,1,P3_CV0,1,1,1,2,0
3,4.20367802087489,4.955022315058112,RD3_F6_m6f9_P6_Y47_UO121,RD6_F9_m2f5_P2_Y45_UO11,RD9_F2_m6f2_P6_Y45_UO96,FXX,1,0.0,0,0,0.0,0,0,0,-9999.0,0.5108706057071686,1,P3_CV0,1,2,0,1,1
3,4.20367802087489,4.955022315058112,RD3_F7_m7f3_P7_Y47_UO76,RD7_F3_m7f4_P7_Y45_UO54,RD3_F6_m2f6_P2_Y44_UO88,FXX,1,0.0,0,0,0.0,0,0,0,-9999.0,0.5100511312484741,1,P3_CV0,1,1,1,1,1
3,4.20367802087489,4.955022315058112,RD3_F7_m7f3_P7_Y47_UO78,RD7_F3_m7f4_P7_Y45_UO54,RD3_F6_m2f6_P2_Y44_UO88,FXX,1,0.0,0,0,0.0,0,0,0,-9999.0,0.5100511312484741,1,P3_CV0,1,1,1,1,1
3,4.20367802087489,4.955022315058112,RD3_F7_m7f3_P7_Y47_UO137,RD7_F3_m7f4_P7_Y45_UO51,RD3_F2_m6f2_P6_Y45_UO136,MXY,1,0.0,0,0,0.0,0,0,0,-9999.0,0.5105001330375671,1,P3_CV0,1,1,1,2,0
3,4.20367802087489,4.955022315058112,RD3_F7_m7f3_P7_Y47_UO138,RD7_F3_m7f4_P7_Y45_UO51,RD3_F2_m6f2_P6_Y45_UO136,MXY,1,0.0,0,0,0.0,0,0,0,-9999.0,0.5105001330375671,1,P3_CV0,1,1,1,2,0
3,4.20367802087489,4.955022315058112,RD3_F2_m3f2_P3_Y46_UO402,RD3_F5_m1f5_P1_Y44_UO158,RD2_F3_m2f9_P2_Y44_UO391,FXX,2,0.0,1,0,1.0,0,0,0,-9999.0,0.5101142525672913,1,P3_CV0,1,1,1,0,2
3,4.20367802087489,4.955022315058112,RD3_F2_m6f3_P6_Y46_UO268,RD6_F3_m2f9_P2_Y44_UO696,RD3_F7_m4f7_P4_Y44_UO439,FXX,2,0.0,1,0,1.0,0,0,0,-9999.0,0.5104260444641113,1,P3_CV0,1,1,1,0,2
3,4.20367802087489,4.955022315058112,RD3_F2_m9f2_P9_Y46_UO435,RD9_F2_m9f6_P9_Y44_UO209,RD2_F6_m3f5_P3_Y44_UO146,MXY,2,0.0,1,0,0.0,0,0,0,-9999.0,0.5103145241737366,1,P3_CV0,1,1,1,1,1
3,4.20367802087489,4.955022315058112,RD3_F2_m9f2_P9_Y46_UO436,RD9_F2_m9f6_P9_Y44_UO209,RD2_F6_m3f5_P3_Y44_UO146,MXY,2,0.0,1,0,0.0,0,0,0,-9999.0,0.5103145241737366,1,P3_CV0,1,1,1,1,1
3,4.20367802087489,4.955022315058112,RD3_F2_m9f2_P9_Y46_UO388,RD9_F6_m9f2_P9_Y44_UO169,RD2_F5_m2f6_P2_Y44_UO418,FXX,2,0.0,1,0,1.0,0,0,0,-9999.0,0.5101377665996552,1,P3_CV0,1,0,2,0,2
3,4.20367802087489,4.955022315058112,RD3_F2_m6f3_P6_Y46_UO659,RD6_F3_m6f3_P6_Y44_UO501,RD3_F6_m2f5_P2_Y44_UO631,FXX,2,0.0,1,0,1.0,0,0,0,-9999.0,0.5095693171024323,1,P3_CV0,1,1,1,1,1
3,4.20367802087489,4.955022315058112,RD3_F2_m6f2_P6_Y46_UO217,RD6_F3_m7f4_P7_Y44_UO86,RD2_F3_m2f9_P2_Y44_UO391,FXX,2,0.0,1,0,1.0,0,0,0,-9999.0,0.5101202130317688,1,P3_CV0,1,1,1,1,1
3,4.20367802087489,4.955022315058112,RD3_F2_m9f2_P9_Y46_UO519,RD9_F6_m3f7_P3_Y44_UO774,RD2_F3_m2f9_P2_Y44_UO391,FXX,2,0.0,1,0,1.0,0,0,0,-9999.0,0.5101592540740967,1,P3_CV0,1,1,1,1,1
3,4.20367802087489,4.955022315058112,RD3_F2_m6f3_P6_Y46_UO664,RD6_F9_m2f5_P2_Y44_UO378,RD3_F5_m1f5_P1_Y44_UO754,MXY,2,0.0,1,0,0.0,0,0,0,-9999.0,0.5103018581867218,1,P3_CV0,1,1,1,0,2
3,4.20367802087489,4.955022315058112,RD3_F2_m6f3_P6_Y46_UO587,RD6_F9_m2f6_P2_Y44_UO289,RD3_F7_m3f6_P3_Y44_UO315,FXX,2,0.0,1,0,1.0,0,0,0,-9999.0,0.5101720988750458,1,P3_CV0,1,1,1,2,0
3,4.20367802087489,4.955022315058112,RD3_F2_m3f6_P3_Y46_UO245,RD3_F7_m3f7_P3_Y44_UO520,RD6_F3_m6f9_P6_Y44_UO96,MXY,2,0.0,1,0,0.0,0,0,0,-9999.0,0.5101245641708374,1,P3_CV0,1,0,2,1,1
3,4.20367802087489,4.955022315058112,RD3_F5_m1f5_P1_Y46_UO650,RD1_F5_m1f5_P1_Y44_UO369,RD5_F2_m3f2_P3_Y44_UO104,MXY,2,0.0,1,0,0.0,0,0,0,-9999.0,0.5104732513427734,1,P3_CV0,1,1,1,1,1
3,4.20367802087489,4.955022315058112,RD3_F5_m3f6_P3_Y46_UO589,RD3_F7_m4f8_P4_Y44_UO282,RD6_F9_m2f6_P2_Y44_UO88,MXY,2,0.0,1,0,0.0,0,0,0,-9999.0,0.5099388957023621,1,P3_CV0,1,1,1,2,0
3,4.20367802087489,4.955022315058112,RD3_F5_m1f5_P1_Y46_UO513,RD1_F5_m1f5_P1_Y44_UO749,RD5_F3_m7f3_P7_Y44_UO485,FXX,2,0.0,1,0,1.0,0,0,0,-9999.0,0.510906457901001,1,P3_CV0,1,2,0,2,0
3,4.20367802087489,4.955022315058112,RD3_F5_m1f5_P1_Y46_UO148,RD1_F5_m1f5_P1_Y44_UO155,RD5_F1_m5f2_P5_Y44_UO74,FXX,2,0.0,1,0,1.0,0,0,0,-9999.0,0.5101139545440674,1,P3_CV0,1,1,1,0,2
3,4.20367802087489,4.955022315058112,RD3_F6_m9f2_P9_Y46_UO521,RD9_F6_m3f7_P3_Y44_UO774,RD2_F3_m2f9_P2_Y44_UO391,FXX,2,0.0,1,0,1.0,0,0,0,-9999.0,0.5101592540740967,1,P3_CV0,1,1,1,2,0
3,4.20367802087489,4.955022315058112,RD3_F6_m9f2_P9_Y46_UO438,RD9_F2_m9f6_P9_Y44_UO209,RD2_F6_m3f5_P3_Y44_UO146,FXX,2,0.0,1,0,1.0,0,0,0,-9999.0,0.5103145241737366,1,P3_CV0,1,1,1,0,2
3,4.20367802087489,4.955022315058112,RD3_F6_m2f6_P2_Y46_UO492,RD2_F3_m7f3_P7_Y44_UO83,RD6_F9_m2f6_P2_Y44_UO88,MXY,2,0.0,1,0,0.0,0,0,0,-9999.0,0.5100426375865936,1,P3_CV0,1,1,1,2,0
3,4.20367802087489,4.955022315058112,RD3_F6_m2f9_P2_Y46_UO364,RD2_F5_m2f6_P2_Y44_UO238,RD9_F2_m9f2_P9_Y44_UO526,MXY,2,0.0,1,0,0.0,0,0,0,-9999.0,0.5100838541984558,1,P3_CV0,1,2,0,0,2
3,4.20367802087489,4.955022315058112,RD3_F6_m2f3_P2_Y46_UO568,RD2_F3_m5f3_P5_Y44_UO191,RD3_F2_m9f2_P9_Y44_UO636,MXY,2,0.0,1,0,0.0,0,0,0,-9999.0,0.5097503364086151,1,P3_CV0,1,0,2,1,1
3,4.20367802087489,4.955022315058112,RD3_F6_m9f6_P9_Y46_UO303,RD9_F6_m3f6_P3_Y44_UO351,RD6_F3_m6f9_P6_Y44_UO198,FXX,2,0.0,1,0,1.0,0,0,0,-9999.0,0.5099039077758789,1,P3_CV0,1,1,1,2,0
3,4.20367802087489,4.955022315058112,RD3_F7_m4f7_P4_Y46_UO140,RD4_F8_m4f7_P4_Y44_UO480,RD7_F4_m7f3_P7_Y44_UO486,MXY,2,0.0,1,0,0.0,0,0,0,-9999.0,0.5100817978382111,1,P3_CV0,1,0,2,1,1
3,4.20367802087489,4.955022315058112,RD3_F7_m4f7_P4_Y46_UO188,RD4_F8_m4f8_P4_Y44_UO36,RD7_F4_m8f4_P8_Y44_UO404,FXX,2,0.0,1,0,1.0,0,0,0,-9999.0,0.5105951428413391,1,P3_CV0,1,0,2,1,1
3,4.20367802087489,4.955022315058112,RD3_F7_m4f7_P4_Y46_UO644,RD4_F8_m4f7_P4_Y44_UO71,RD7_F3_m6f2_P6_Y44_UO651,MXY,2,0.0,1,0,0.0,0,0,0,-9999.0,0.510002851486206,1,P3_CV0,1,0,2,0,2
3,4.20367802087489,4.955022315058112,RD3_F7_m3f5_P3_Y46_UO605,RD3_F7_m3f7_P3_Y44_UO522,RD5_F1_m5f3_P5_Y44_UO654,FXX,2,0.0,1,0,1.0,0,0,0,-9999.0,0.509930431842804,1,P3_CV0,1,0,2,2,0
3,4.20367802087489,4.955022315058112,RD3_F7_m3f5_P3_Y46_UO144,RD3_F7_m4f8_P4_Y44_UO705,RD5_F1_m5f3_P5_Y44_UO305,MXY,2,0.0,1,0,0.0,0,0,0,-9999.0,0.5104713141918182,1,P3_CV0,1,2,0,2,0
3,4.20367802087489,4.955022315058112,RD3_F6_m2f6_P2_Y45_UO142,RD2_F3_m7f4_P7_Y43_UO76,RD6_F3_m6f2_P6_Y43_UO186,MXY,3,0.0,1,0,0.0,0,0,0,-9999.0,0.51023930311203,1,P3_CV0,1,2,0,2,0
3,4.20367802087489,4.955022315058112,RD3_F7_m6f2_P6_Y43_UO186,RD6_F9_m6f9_P6_Y41_UO217,RD2_F3_m1f5_P1_Y40_UO341,MXY,5,0.0,1,0,0.0,0,0,0,-9999.0,0.51032555103302,1,P3_CV0,1,1,1,2,0
3,4.20367802087489,4.955022315058112,RD3_F2_m2f9_P2_Y47_UO86,RD2_F3_m7f3_P7_Y45_UO77,RD9_F6_m7f4_P7_Y44_UO548,FXX,1,0.0,0,0,0.0,0,0,0,-9999.0,0.5105007290840149,1,P4_CV0,1,0,2,2,0
3,4.20367802087489,4.955022315058112,RD3_F2_m2f9_P2_Y47_UO90,RD2_F3_m7f3_P7_Y45_UO77,RD9_F6_m7f4_P7_Y44_UO548,FXX,1,0.0,0,0,0.0,0,0,0,-9999.0,0.5105007290840149,1,P4_CV0,1,0,2,2,0
3,4.20367802087489,4.955022315058112,RD3_F2_m2f9_P2_Y47_UO92,RD2_F3_m7f3_P7_Y45_UO77,RD9_F6_m7f4_P7_Y44_UO548,FXX,1,0.0,0,0,0.0,0,0,0,-9999.0,0.5105007290840149,1,P4_CV0,1,0,2,2,0
3,4.20367802087489,4.955022315058112,RD3_F2_m2f9_P2_Y47_UO96,RD2_F3_m7f3_P7_Y45_UO77,RD9_F6_m7f4_P7_Y44_UO548,MXY,1,0.0,0,0,0.0,0,0,0,-9999.0,0.5105007290840149,1,P4_CV0,1,1,1,1,1
3,4.20367802087489,4.955022315058112,RD3_F6_m6f9_P6_Y47_UO13,RD6_F9_m2f5_P2_Y45_UO11,RD9_F6_m7f4_P7_Y44_UO548,FXX,1,0.0,0,0,0.0,0,0,0,-9999.0,0.5104880332946777,1,P4_CV0,1,1,1,2,0
3,4.20367802087489,4.955022315058112,RD3_F6_m6f9_P6_Y47_UO15,RD6_F9_m2f5_P2_Y45_UO11,RD9_F6_m7f4_P7_Y44_UO548,MXY,1,0.0,0,0,0.0,0,0,0,-9999.0,0.5104880332946777,1,P4_CV0,1,0,2,2,0
3,4.20367802087489,4.955022315058112,RD3_F6_m6f9_P6_Y47_UO16,RD6_F9_m2f5_P2_Y45_UO11,RD9_F6_m7f4_P7_Y44_UO548,FXX,1,0.0,0,0,0.0,0,0,0,-9999.0,0.5104880332946777,1,P4_CV0,1,0,2,2,0
3,4.20367802087489,4.955022315058112,RD3_F6_m6f2_P6_Y47_UO30,RD6_F9_m6f9_P6_Y45_UO19,RD2_F9_m6f2_P6_Y45_UO132,MXY,1,0.0,0,0,0.0,0,0,0,-9999.0,0.5107099711894989,1,P4_CV0,1,1,1,2,0
3,4.20367802087489,4.955022315058112,RD3_F6_m6f9_P6_Y47_UO84,RD6_F9_m2f9_P2_Y45_UO4,RD9_F6_m7f4_P7_Y44_UO548,FXX,1,0.0,0,0,0.0,0,0,0,-9999.0,0.5105865597724915,1,P4_CV0,1,0,2,1,1
3,4.20367802087489,4.955022315058112,RD3_F6_m6f9_P6_Y47_UO123,RD6_F9_m2f5_P2_Y45_UO11,RD9_F2_m6f2_P6_Y45_UO96,FXX,1,0.0,0,0,0.0,0,0,0,-9999.0,0.5108706057071686,1,P4_CV0,1,1,1,2,0
3,4.20367802087489,4.955022315058112,RD3_F6_m6f3_P6_Y47_UO186,RD6_F3_m6f9_P6_Y45_UO21,RD3_F2_m6f2_P6_Y45_UO136,FXX,1,0.0,0,0,0.0,0,0,0,-9999.0,0.5107099711894989,1,P4_CV0,1,2,0,2,0
3,4.20367802087489,4.955022315058112,RD3_F6_m6f3_P6_Y47_UO255,RD6_F9_m6f9_P6_Y45_UO19,RD3_F6_m6f9_P6_Y44_UO331,FXX,1,0.0,0,0,0.0,0,0,0,-9999.0,0.5106878280639648,1,P4_CV0,1,2,0,2,0
3,4.20367802087489,4.955022315058112,RD3_F6_m6f3_P6_Y47_UO260,RD6_F9_m6f9_P6_Y45_UO19,RD3_F6_m6f9_P6_Y44_UO331,FXX,1,0.0,0,0,0.0,0,0,0,-9999.0,0.5106878280639648,1,P4_CV0,1,2,0,2,0
3,4.20367802087489,4.955022315058112,RD3_F7_m7f3_P7_Y47_UO128,RD7_F3_m7f4_P7_Y45_UO51,RD3_F2_m6f2_P6_Y45_UO136,FXX,1,0.0,0,0,0.0,0,0,0,-9999.0,0.5105001330375671,1,P4_CV0,1,1,1,1,1
3,4.20367802087489,4.955022315058112,RD3_F7_m7f3_P7_Y47_UO129,RD7_F3_m7f4_P7_Y45_UO51,RD3_F2_m6f2_P6_Y45_UO136,MXY,1,0.0,0,0,0.0,0,0,0,-9999.0,0.5105001330375671,1,P4_CV0,1,2,0,1,1
3,4.20367802087489,4.955022315058112,RD3_F7_m7f3_P7_Y47_UO133,RD7_F3_m7f4_P7_Y45_UO51,RD3_F2_m6f2_P6_Y45_UO136,MXY,1,0.0,0,0,0.0,0,0,0,-9999.0,0.5105001330375671,1,P4_CV0,1,1,1,1,1
3,4.20367802087489,4.955022315058112,RD3_F7_m7f3_P7_Y47_UO141,RD7_F3_m7f4_P7_Y45_UO51,RD3_F2_m6f2_P6_Y45_UO136,MXY,1,0.0,0,0,0.0,0,0,0,-9999.0,0.5105001330375671,1,P4_CV0,1,2,0,2,0
3,4.20367802087489,4.955022315058112,RD3_F7_m7f3_P7_Y47_UO146,RD7_F3_m7f4_P7_Y45_UO51,RD3_F2_m6f2_P6_Y45_UO136,FXX,1,0.0,0,0,0.0,0,0,0,-9999.0,0.5105001330375671,1,P4_CV0,1,1,1,2,0
3,4.20367802087489,4.955022315058112,RD3_F7_m7f3_P7_Y47_UO147,RD7_F3_m7f4_P7_Y45_UO51,RD3_F2_m6f2_P6_Y45_UO136,FXX,1,0.0,0,0,0.0,0,0,0,-9999.0,0.5105001330375671,1,P4_CV0,1,1,1,2,0
3,4.20367802087489,4.955022315058112,RD3_F7_m7f4_P7_Y47_UO149,RD7_F3_m7f4_P7_Y45_UO51,RD4_F7_m6f9_P6_Y44_UO92,FXX,1,0.0,0,0,0.0,0,0,0,-9999.0,0.510132908821106,1,P4_CV0,1,1,1,2,0
3,4.20367802087489,4.955022315058112,RD3_F7_m7f4_P7_Y47_UO150,RD7_F3_m7f4_P7_Y45_UO51,RD4_F7_m6f9_P6_Y44_UO92,FXX,1,0.0,0,0,0.0,0,0,0,-9999.0,0.510132908821106,1,P4_CV0,1,2,0,1,1
3,4.20367802087489,4.955022315058112,RD3_F7_m7f4_P7_Y47_UO154,RD7_F3_m7f4_P7_Y45_UO51,RD4_F7_m6f9_P6_Y44_UO92,FXX,1,0.0,0,0,0.0,0,0,0,-9999.0,0.510132908821106,1,P4_CV0,1,2,0,2,0
3,4.20367802087489,4.955022315058112,RD3_F2_m9f2_P9_Y46_UO718,RD9_F6_m9f2_P9_Y44_UO143,RD2_F6_m9f6_P9_Y44_UO151,MXY,2,0.0,1,0,0.0,0,0,0,-9999.0,0.5102745592594147,1,P4_CV0,1,1,1,1,1
3,4.20367802087489,4.955022315058112,RD3_F5_m1f5_P1_Y46_UO381,RD1_F5_m1f5_P1_Y44_UO263,RD5_F3_m6f9_P6_Y44_UO613,FXX,2,0.0,1,0,1.0,0,0,0,-9999.0,0.5102739036083221,1,P4_CV0,1,0,2,2,0
3,4.20367802087489,4.955022315058112,RD3_F5_m1f5_P1_Y46_UO233,RD1_F5_m1f5_P1_Y44_UO640,RD5_F3_m7f3_P7_Y44_UO308,MXY,2,0.0,1,0,0.0,0,0,0,-9999.0,0.509505569934845,1,P4_CV0,1,1,1,1,1
3,4.20367802087489,4.955022315058112,RD3_F7_m3f5_P3_Y46_UO628,RD3_F6_m9f2_P9_Y44_UO656,RD5_F3_m6f9_P6_Y44_UO613,FXX,2,0.0,1,0,1.0,0,0,0,-9999.0,0.5107098519802094,1,P4_CV0,1,1,1,1,1
3,4.20367802087489,4.955022315058112,RD3_F7_m4f8_P4_Y46_UO580,RD4_F7_m3f5_P3_Y44_UO231,RD8_F4_m7f4_P7_Y44_UO609,MXY,2,0.0,1,0,0.0,0,0,0,-9999.0,0.5104169845581055,1,P4_CV0,1,2,0,2,0
3,4.20367802087489,4.955022315058112,RD3_F7_m3f6_P3_Y46_UO737,RD3_F6_m9f2_P9_Y44_UO626,RD6_F2_m9f6_P9_Y44_UO207,FXX,2,0.0,1,0,1.0,0,0,0,-9999.0,0.5101106464862823,1,P4_CV0,1,2,0,1,1
3,4.20367802087489,4.955022315058112,RD3_F7_m4f7_P4_Y46_UO271,RD4_F8_m4f7_P4_Y44_UO560,RD7_F4_m7f3_P7_Y44_UO497,FXX,2,0.0,1,0,1.0,0,0,0,-9999.0,0.5095216035842896,1,P4_CV0,1,1,1,2,0
3,4.20367802087489,4.955022315058112,RD3_F7_m4f8_P4_Y46_UO638,RD4_F7_m4f7_P4_Y44_UO241,RD8_F4_m7f3_P7_Y44_UO310,FXX,2,0.0,1,0,1.0,0,0,0,-9999.0,0.5096470415592194,1,P4_CV0,1,0,2,2,0
3,4.20367802087489,4.955022315058112,RD3_F7_m3f2_P3_Y46_UO676,RD3_F2_m6f3_P6_Y44_UO791,RD2_F5_m3f5_P3_Y44_UO149,FXX,2,0.0,1,0,1.0,0,0,0,-9999.0,0.5100240111351013,1,P4_CV0,1,1,1,0,2
3,4.20367802087489,4.955022315058112,RD3_F7_m4f8_P4_Y46_UO455,RD4_F7_m3f2_P3_Y44_UO741,RD8_F4_m7f3_P7_Y44_UO361,MXY,2,0.0,1,0,0.0,0,0,0,-9999.0,0.5097492635250092,1,P4_CV0,1,1,1,1,1
3,4.20367802087489,4.955022315058112,RD3_F7_m7f3_P7_Y47_UO67,RD7_F3_m7f4_P7_Y45_UO54,RD3_F6_m2f6_P2_Y44_UO88,FXX,1,0.0,0,0,0.0,0,0,0,-9999.0,0.5100511312484741,1,P5_CV0,1,1,1,2,0
3,4.20367802087489,4.955022315058112,RD3_F7_m7f3_P7_Y47_UO68,RD7_F3_m7f4_P7_Y45_UO54,RD3_F6_m2f6_P2_Y44_UO88,MXY,1,0.0,0,0,0.0,0,0,0,-9999.0,0.5100511312484741,1,P5_CV0,1,1,1,2,0
3,4.20367802087489,4.955022315058112,RD3_F7_m7f4_P7_Y47_UO160,RD7_F3_m7f4_P7_Y45_UO51,RD4_F7_m6f9_P6_Y44_UO92,FXX,1,0.0,0,0,0.0,0,0,0,-9999.0,0.510132908821106,1,P5_CV0,1,2,0,2,0
3,4.20367802087489,4.955022315058112,RD3_F7_m7f3_P7_Y47_UO173,RD7_F3_m7f4_P7_Y45_UO54,RD3_F2_m2f5_P2_Y44_UO487,MXY,1,0.0,0,0,0.0,0,0,0,-9999.0,0.5104418992996216,1,P5_CV0,1,1,1,1,1
3,4.20367802087489,4.955022315058112,RD3_F6_m7f4_P7_Y45_UO59,RD7_F4_m7f4_P7_Y43_UO99,RD4_F8_m7f4_P7_Y42_UO421,MXY,3,0.0,1,0,0.0,0,0,0,-9999.0,0.5103392601013184,1,P5_CV0,1,2,0,1,1
3,4.20367802087489,4.955022315058112,RD3_F5_m1f5_P1_Y46_UO70,RD1_F5_m1f5_P1_Y44_UO62,RD5_F1_m5f1_P5_Y44_UO539,MXY,2,0.0,1,0,0.0,0,0,0,-9999.0,0.510677307844162,1,P7_CV0,1,1,1,1,1
3,4.20367802087489,4.955022315058112,RD3_F5_m1f5_P1_Y46_UO445,RD1_F5_m2f3_P2_Y44_UO203,RD5_F3_m2f6_P2_Y44_UO535,FXX,2,0.0,1,0,1.0,0,0,0,-9999.0,0.5101408064365387,1,P7_CV0,1,1,1,1,1
3,4.20367802087489,4.955022315058112,RD3_F5_m1f5_P1_Y46_UO204,RD1_F5_m2f5_P2_Y44_UO379,RD5_F1_m5f1_P5_Y44_UO539,MXY,2,0.0,1,0,0.0,0,0,0,-9999.0,0.5102929472923279,1,P7_CV0,1,2,0,1,1
3,4.20367802087489,4.955022315058112,RD3_F7_m3f2_P3_Y46_UO465,RD3_F7_m4f7_P4_Y44_UO494,RD2_F5_m2f9_P2_Y44_UO490,MXY,2,0.0,1,0,0.0,0,0,0,-9999.0,0.5108678936958313,1,P7_CV0,1,1,1,1,1
3,4.20367802087489,4.955022315058112,RD3_F2_m5f3_P5_Y46_UO671,RD5_F1_m5f2_P5_Y44_UO128,RD3_F7_m7f4_P7_Y43_UO27,MXY,2,0.0,1,0,0.0,0,0,0,-9999.0,0.510181725025177,1,P8_CV0,1,0,2,0,2
3,4.20367802087489,4.955022315058112,RD3_F5_m1f5_P1_Y46_UO641,RD1_F5_m1f5_P1_Y44_UO637,RD5_F1_m5f3_P5_Y44_UO574,FXX,2,0.0,1,0,1.0,0,0,0,-9999.0,0.5099327862262726,1,P8_CV0,1,0,2,1,1
3,4.20367802087489,4.955022315058112,RD3_F7_m3f2_P3_Y46_UO36,RD3_F5_m2f9_P2_Y44_UO491,RD2_F9_m2f9_P2_Y44_UO697,MXY,2,0.0,1,0,0.0,0,0,0,-9999.0,0.5103277266025543,1,P8_CV0,1,1,1,2,0
4,2.046486340378425,9.289064495259955,RD4_F7_m7f3_P7_Y47_UO171,RD7_F3_m7f4_P7_Y45_UO54,RD3_F2_m2f5_P2_Y44_UO487,MXY,1,0.0,0,0,0.0,0,0,0,-9999.0,0.5104418992996216,1,P0_CV0,1,1,1,2,0
4,2.046486340378425,9.289064495259955,RD4_F7_m4f8_P4_Y46_UO448,RD4_F8_m4f7_P4_Y44_UO337,RD8_F4_m8f4_P8_Y44_UO415,FXX,2,0.0,1,0,1.0,0,0,0,-9999.0,0.5109936594963074,1,P0_CV0,1,2,0,2,0
4,2.046486340378425,9.289064495259955,RD4_F7_m7f3_P7_Y47_UO71,RD7_F3_m7f4_P7_Y45_UO54,RD3_F6_m2f6_P2_Y44_UO88,FXX,1,0.0,0,0,0.0,0,0,0,-9999.0,0.5100511312484741,1,P3_CV0,1,2,0,1,1
4,2.046486340378425,9.289064495259955,RD4_F7_m7f3_P7_Y47_UO139,RD7_F3_m7f4_P7_Y45_UO51,RD3_F2_m6f2_P6_Y45_UO136,FXX,1,0.0,0,0,0.0,0,0,0,-9999.0,0.5105001330375671,1,P3_CV0,1,1,1,2,0
4,2.046486340378425,9.289064495259955,RD4_F7_m7f3_P7_Y47_UO70,RD7_F3_m7f4_P7_Y45_UO54,RD3_F6_m2f6_P2_Y44_UO88,FXX,1,0.0,0,0,0.0,0,0,0,-9999.0,0.5100511312484741,1,P3_CV0,1,2,0,1,1
4,2.046486340378425,9.289064495259955,RD4_F7_m7f3_P7_Y47_UO144,RD7_F3_m7f4_P7_Y45_UO51,RD3_F2_m6f2_P6_Y45_UO136,FXX,1,0.0,0,0,0.0,0,0,0,-9999.0,0.5105001330375671,1,P3_CV0,1,2,0,2,0
4,2.046486340378425,9.289064495259955,RD4_F7_m7f3_P7_Y47_UO127,RD7_F3_m7f4_P7_Y45_UO51,RD3_F2_m6f2_P6_Y45_UO136,FXX,1,0.0,0,0,0.0,0,0,0,-9999.0,0.5105001330375671,1,P3_CV0,1,1,1,2,0
4,2.046486340378425,9.289064495259955,RD4_F7_m7f3_P7_Y47_UO72,RD7_F3_m7f4_P7_Y45_UO54,RD3_F6_m2f6_P2_Y44_UO88,FXX,1,0.0,0,0,0.0,0,0,0,-9999.0,0.5100511312484741,1,P3_CV0,1,1,1,2,0
4,2.046486340378425,9.289064495259955,RD4_F7_m4f8_P4_Y46_UO195,RD4_F7_m3f6_P3_Y44_UO676,RD8_F4_m7f3_P7_Y44_UO361,FXX,2,0.0,1,0,1.0,0,0,0,-9999.0,0.5099075436592102,1,P3_CV0,1,0,2,0,2
4,2.046486340378425,9.289064495259955,RD4_F8_m4f7_P4_Y46_UO613,RD4_F7_m3f2_P3_Y44_UO741,RD7_F4_m7f3_P7_Y44_UO360,FXX,2,0.0,1,0,1.0,0,0,0,-9999.0,0.5097492635250092,1,P3_CV0,1,1,1,2,0
4,2.046486340378425,9.289064495259955,RD4_F7_m3f6_P3_Y46_UO321,RD3_F2_m3f6_P3_Y44_UO350,RD6_F3_m6f9_P6_Y44_UO96,FXX,2,0.0,1,0,1.0,0,0,0,-9999.0,0.5099314749240875,1,P3_CV0,1,1,1,1,1
4,2.046486340378425,9.289064495259955,RD4_F8_m4f8_P4_Y46_UO196,RD4_F7_m3f6_P3_Y44_UO676,RD8_F4_m7f3_P7_Y44_UO361,FXX,2,0.0,1,0,1.0,0,0,0,-9999.0,0.5099075436592102,1,P3_CV0,1,0,2,0,2
4,2.046486340378425,9.289064495259955,RD4_F8_m4f7_P4_Y46_UO643,RD4_F8_m4f7_P4_Y44_UO71,RD7_F3_m6f2_P6_Y44_UO651,FXX,2,0.0,1,0,1.0,0,0,0,-9999.0,0.510002851486206,1,P3_CV0,1,1,1,0,2
4,2.046486340378425,9.289064495259955,RD4_F8_m4f8_P4_Y46_UO711,RD4_F8_m4f8_P4_Y44_UO49,RD8_F4_m8f4_P8_Y44_UO111,FXX,2,0.0,1,0,1.0,0,0,0,-9999.0,0.5107962787151337,1,P3_CV0,1,0,2,2,0
4,2.046486340378425,9.289064495259955,RD4_F8_m4f8_P4_Y46_UO27,RD4_F7_m3f5_P3_Y44_UO443,RD8_F4_m7f3_P7_Y44_UO55,FXX,2,0.0,1,0,1.0,0,0,0,-9999.0,0.5104894936084747,1,P3_CV0,1,1,1,1,1
4,2.046486340378425,9.289064495259955,RD4_F7_m4f8_P4_Y46_UO21,RD4_F8_m4f7_P4_Y44_UO71,RD8_F4_m8f4_P8_Y44_UO111,FXX,2,0.0,1,0,1.0,0,0,0,-9999.0,0.5102535784244537,1,P3_CV0,1,1,1,2,0
4,2.046486340378425,9.289064495259955,RD4_F8_m4f8_P4_Y46_UO427,RD4_F7_m3f5_P3_Y44_UO231,RD8_F4_m8f4_P8_Y44_UO383,MXY,2,0.0,1,0,0.0,0,0,0,-9999.0,0.5107210278511047,1,P3_CV0,1,1,1,2,0
4,2.046486340378425,9.289064495259955,RD4_F8_m4f8_P4_Y46_UO624,RD4_F8_m4f7_P4_Y44_UO560,RD8_F4_m7f3_P7_Y44_UO681,FXX,2,0.0,1,0,1.0,0,0,0,-9999.0,0.5095534324645996,1,P3_CV0,1,1,1,1,1
4,2.046486340378425,9.289064495259955,RD4_F8_m4f8_P4_Y46_UO623,RD4_F8_m4f7_P4_Y44_UO560,RD8_F4_m7f3_P7_Y44_UO681,MXY,2,0.0,1,0,0.0,0,0,0,-9999.0,0.5095534324645996,1,P3_CV0,1,2,0,1,1
4,2.046486340378425,9.289064495259955,RD4_F7_m3f2_P3_Y46_UO403,RD3_F5_m1f5_P1_Y44_UO158,RD2_F3_m2f9_P2_Y44_UO391,FXX,2,0.0,1,0,1.0,0,0,0,-9999.0,0.5101142525672913,1,P3_CV0,1,1,1,2,0
4,2.046486340378425,9.289064495259955,RD4_F8_m4f8_P4_Y46_UO29,RD4_F7_m3f5_P3_Y44_UO443,RD8_F4_m7f3_P7_Y44_UO55,FXX,2,0.0,1,0,1.0,0,0,0,-9999.0,0.5104894936084747,1,P3_CV0,1,1,1,1,1
4,2.046486340378425,9.289064495259955,RD4_F8_m4f7_P4_Y46_UO187,RD4_F8_m4f8_P4_Y44_UO36,RD7_F4_m8f4_P8_Y44_UO404,MXY,2,0.0,1,0,0.0,0,0,0,-9999.0,0.5105951428413391,1,P3_CV0,1,0,2,0,2
4,2.046486340378425,9.289064495259955,RD4_F8_m4f7_P4_Y46_UO645,RD4_F8_m4f7_P4_Y44_UO560,RD7_F4_m8f4_P8_Y44_UO404,MXY,2,0.0,1,0,0.0,0,0,0,-9999.0,0.5101563334465027,1,P3_CV0,1,2,0,1,1
4,2.046486340378425,9.289064495259955,RD4_F8_m4f7_P4_Y46_UO309,RD4_F8_m4f7_P4_Y44_UO130,RD7_F4_m7f3_P7_Y44_UO497,MXY,2,0.0,1,0,0.0,0,0,0,-9999.0,0.5100111365318298,1,P3_CV0,1,1,1,1,1
4,2.046486340378425,9.289064495259955,RD4_F7_m3f6_P3_Y46_UO252,RD3_F7_m3f7_P3_Y44_UO520,RD6_F3_m6f9_P6_Y44_UO96,MXY,2,0.0,1,0,0.0,0,0,0,-9999.0,0.5101245641708374,1,P3_CV0,1,0,2,2,0
4,2.046486340378425,9.289064495259955,RD4_F7_m3f2_P3_Y46_UO404,RD3_F5_m1f5_P1_Y44_UO158,RD2_F3_m2f9_P2_Y44_UO391,FXX,2,0.0,1,0,1.0,0,0,0,-9999.0,0.5101142525672913,1,P3_CV0,1,1,1,1,1
4,2.046486340378425,9.289064495259955,RD4_F7_m9f2_P9_Y44_UO674,RD9_F6_m3f6_P3_Y42_UO148,RD2_F5_m1f5_P1_Y42_UO238,MXY,4,0.0,1,0,0.0,0,0,0,-9999.0,0.5097144246101379,1,P3_CV0,1,2,0,1,1
4,2.046486340378425,9.289064495259955,RD4_F8_m4f8_P4_Y44_UO796,RD4_F8_m4f8_P4_Y42_UO565,RD8_F4_m8f4_P8_Y42_UO124,MXY,4,0.0,1,0,0.0,0,0,0,-9999.0,0.5108904242515564,1,P3_CV0,1,1,1,0,2
4,2.046486340378425,9.289064495259955,RD4_F7_m7f4_P7_Y47_UO163,RD7_F3_m7f4_P7_Y45_UO51,RD4_F7_m6f9_P6_Y44_UO92,MXY,1,0.0,0,0,0.0,0,0,0,-9999.0,0.510132908821106,1,P4_CV0,1,1,1,1,1
4,2.046486340378425,9.289064495259955,RD4_F7_m7f4_P7_Y47_UO153,RD7_F3_m7f4_P7_Y45_UO51,RD4_F7_m6f9_P6_Y44_UO92,MXY,1,0.0,0,0,0.0,0,0,0,-9999.0,0.510132908821106,1,P4_CV0,1,2,0,2,0
4,2.046486340378425,9.289064495259955,RD4_F7_m7f3_P7_Y47_UO136,RD7_F3_m7f4_P7_Y45_UO51,RD3_F2_m6f2_P6_Y45_UO136,MXY,1,0.0,0,0,0.0,0,0,0,-9999.0,0.5105001330375671,1,P4_CV0,1,1,1,1,1
4,2.046486340378425,9.289064495259955,RD4_F7_m7f4_P7_Y47_UO159,RD7_F3_m7f4_P7_Y45_UO51,RD4_F7_m6f9_P6_Y44_UO92,MXY,1,0.0,0,0,0.0,0,0,0,-9999.0,0.510132908821106,1,P4_CV0,1,2,0,2,0
4,2.046486340378425,9.289064495259955,RD4_F8_m8f4_P8_Y47_UO215,RD8_F4_m7f3_P7_Y45_UO85,RD4_F7_m6f9_P6_Y44_UO92,MXY,1,0.0,0,0,0.0,0,0,0,-9999.0,0.5100362598896027,1,P4_CV0,1,2,0,1,1
4,2.046486340378425,9.289064495259955,RD4_F8_m8f4_P8_Y47_UO217,RD8_F4_m7f3_P7_Y45_UO85,RD4_F7_m6f9_P6_Y44_UO92,FXX,1,0.0,0,0,0.0,0,0,0,-9999.0,0.5100362598896027,1,P4_CV0,1,1,1,2,0
4,2.046486340378425,9.289064495259955,RD4_F7_m7f4_P7_Y47_UO156,RD7_F3_m7f4_P7_Y45_UO51,RD4_F7_m6f9_P6_Y44_UO92,FXX,1,0.0,0,0,0.0,0,0,0,-9999.0,0.510132908821106,1,P4_CV0,1,2,0,1,1
4,2.046486340378425,9.289064495259955,RD4_F8_m8f4_P8_Y47_UO214,RD8_F4_m7f3_P7_Y45_UO85,RD4_F7_m6f9_P6_Y44_UO92,FXX,1,0.0,0,0,0.0,0,0,0,-9999.0,0.5100362598896027,1,P4_CV0,1,2,0,2,0
4,2.046486340378425,9.289064495259955,RD4_F8_m8f4_P8_Y47_UO225,RD8_F4_m7f3_P7_Y45_UO85,RD4_F7_m6f9_P6_Y44_UO92,MXY,1,0.0,0,0,0.0,0,0,0,-9999.0,0.5100362598896027,1,P4_CV0,1,2,0,1,1
4,2.046486340378425,9.289064495259955,RD4_F7_m7f4_P7_Y47_UO151,RD7_F3_m7f4_P7_Y45_UO51,RD4_F7_m6f9_P6_Y44_UO92,MXY,1,0.0,0,0,0.0,0,0,0,-9999.0,0.510132908821106,1,P4_CV0,1,2,0,2,0
4,2.046486340378425,9.289064495259955,RD4_F7_m7f4_P7_Y47_UO148,RD7_F3_m7f4_P7_Y45_UO51,RD4_F7_m6f9_P6_Y44_UO92,FXX,1,0.0,0,0,0.0,0,0,0,-9999.0,0.510132908821106,1,P4_CV0,1,1,1,1,1
4,2.046486340378425,9.289064495259955,RD4_F8_m8f4_P8_Y47_UO221,RD8_F4_m7f3_P7_Y45_UO85,RD4_F7_m6f9_P6_Y44_UO92,FXX,1,0.0,0,0,0.0,0,0,0,-9999.0,0.5100362598896027,1,P4_CV0,1,0,2,1,1
4,2.046486340378425,9.289064495259955,RD4_F8_m8f4_P8_Y47_UO216,RD8_F4_m7f3_P7_Y45_UO85,RD4_F7_m6f9_P6_Y44_UO92,MXY,1,0.0,0,0,0.0,0,0,0,-9999.0,0.5100362598896027,1,P4_CV0,1,2,0,1,1
4,2.046486340378425,9.289064495259955,RD4_F7_m7f3_P7_Y47_UO131,RD7_F3_m7f4_P7_Y45_UO51,RD3_F2_m6f2_P6_Y45_UO136,MXY,1,0.0,0,0,0.0,0,0,0,-9999.0,0.5105001330375671,1,P4_CV0,1,1,1,1,1
4,2.046486340378425,9.289064495259955,RD4_F7_m7f3_P7_Y47_UO143,RD7_F3_m7f4_P7_Y45_UO51,RD3_F2_m6f2_P6_Y45_UO136,MXY,1,0.0,0,0,0.0,0,0,0,-9999.0,0.5105001330375671,1,P4_CV0,1,2,0,1,1
4,2.046486340378425,9.289064495259955,RD4_F8_m8f4_P8_Y47_UO224,RD8_F4_m7f3_P7_Y45_UO85,RD4_F7_m6f9_P6_Y44_UO92,MXY,1,0.0,0,0,0.0,0,0,0,-9999.0,0.5100362598896027,1,P4_CV0,1,1,1,2,0
4,2.046486340378425,9.289064495259955,RD4_F8_m8f4_P8_Y47_UO219,RD8_F4_m7f3_P7_Y45_UO85,RD4_F7_m6f9_P6_Y44_UO92,MXY,1,0.0,0,0,0.0,0,0,0,-9999.0,0.5100362598896027,1,P4_CV0,1,2,0,1,1
4,2.046486340378425,9.289064495259955,RD4_F8_m8f4_P8_Y47_UO229,RD8_F4_m7f3_P7_Y45_UO85,RD4_F7_m6f9_P6_Y44_UO92,MXY,1,0.0,0,0,0.0,0,0,0,-9999.0,0.5100362598896027,1,P4_CV0,1,1,1,2,0
4,2.046486340378425,9.289064495259955,RD4_F8_m8f4_P8_Y47_UO207,RD8_F4_m7f3_P7_Y45_UO85,RD4_F7_m6f9_P6_Y44_UO92,FXX,1,0.0,0,0,0.0,0,0,0,-9999.0,0.5100362598896027,1,P4_CV0,1,2,0,2,0
4,2.046486340378425,9.289064495259955,RD4_F7_m7f4_P7_Y47_UO155,RD7_F3_m7f4_P7_Y45_UO51,RD4_F7_m6f9_P6_Y44_UO92,MXY,1,0.0,0,0,0.0,0,0,0,-9999.0,0.510132908821106,1,P4_CV0,1,1,1,1,1
4,2.046486340378425,9.289064495259955,RD4_F7_m7f4_P7_Y47_UO157,RD7_F3_m7f4_P7_Y45_UO51,RD4_F7_m6f9_P6_Y44_UO92,MXY,1,0.0,0,0,0.0,0,0,0,-9999.0,0.510132908821106,1,P4_CV0,1,1,1,2,0
4,2.046486340378425,9.289064495259955,RD4_F8_m8f4_P8_Y47_UO220,RD8_F4_m7f3_P7_Y45_UO85,RD4_F7_m6f9_P6_Y44_UO92,MXY,1,0.0,0,0,0.0,0,0,0,-9999.0,0.5100362598896027,1,P4_CV0,1,2,0,1,1
4,2.046486340378425,9.289064495259955,RD4_F8_m4f8_P4_Y46_UO456,RD4_F7_m3f2_P3_Y44_UO741,RD8_F4_m7f3_P7_Y44_UO361,MXY,2,0.0,1,0,0.0,0,0,0,-9999.0,0.5097492635250092,1,P4_CV0,1,1,1,1,1
4,2.046486340378425,9.289064495259955,RD4_F8_m4f7_P4_Y46_UO537,RD4_F7_m3f2_P3_Y44_UO248,RD7_F3_m7f4_P7_Y44_UO183,FXX,2,0.0,1,0,1.0,0,0,0,-9999.0,0.5102987885475159,1,P4_CV0,1,1,1,1,1
4,2.046486340378425,9.289064495259955,RD4_F8_m4f8_P4_Y46_UO457,RD4_F8_m4f7_P4_Y44_UO560,RD8_F4_m7f4_P7_Y44_UO609,MXY,2,0.0,1,0,0.0,0,0,0,-9999.0,0.5097597539424896,1,P4_CV0,1,2,0,2,0
4,2.046486340378425,9.289064495259955,RD4_F8_m4f8_P4_Y46_UO625,RD4_F8_m4f7_P4_Y44_UO560,RD8_F4_m7f3_P7_Y44_UO681,FXX,2,0.0,1,0,1.0,0,0,0,-9999.0,0.5095534324645996,1,P4_CV0,1,2,0,1,1
4,2.046486340378425,9.289064495259955,RD4_F8_m4f8_P4_Y46_UO428,RD4_F7_m3f5_P3_Y44_UO231,RD8_F4_m8f4_P8_Y44_UO383,MXY,2,0.0,1,0,0.0,0,0,0,-9999.0,0.5107210278511047,1,P4_CV0,1,1,1,2,0
4,2.046486340378425,9.289064495259955,RD4_F8_m4f8_P4_Y46_UO458,RD4_F8_m4f7_P4_Y44_UO560,RD8_F4_m7f4_P7_Y44_UO609,FXX,2,0.0,1,0,1.0,0,0,0,-9999.0,0.5097597539424896,1,P4_CV0,1,2,0,2,0
4,2.046486340378425,9.289064495259955,RD4_F8_m4f8_P4_Y46_UO583,RD4_F7_m3f5_P3_Y44_UO231,RD8_F4_m7f4_P7_Y44_UO609,FXX,2,0.0,1,0,1.0,0,0,0,-9999.0,0.5104169845581055,1,P4_CV0,1,2,0,2,0
4,2.046486340378425,9.289064495259955,RD4_F8_m4f8_P4_Y46_UO22,RD4_F8_m4f7_P4_Y44_UO71,RD8_F4_m8f4_P8_Y44_UO111,FXX,2,0.0,1,0,1.0,0,0,0,-9999.0,0.5102535784244537,1,P4_CV0,1,1,1,1,1
4,2.046486340378425,9.289064495259955,RD4_F8_m4f8_P4_Y46_UO84,RD4_F8_m4f8_P4_Y44_UO36,RD8_F4_m7f3_P7_Y44_UO55,MXY,2,0.0,1,0,0.0,0,0,0,-9999.0,0.5100157856941223,1,P4_CV0,1,1,1,1,1
4,2.046486340378425,9.289064495259955,RD4_F8_m4f8_P4_Y46_UO459,RD4_F8_m4f7_P4_Y44_UO560,RD8_F4_m7f4_P7_Y44_UO609,FXX,2,0.0,1,0,1.0,0,0,0,-9999.0,0.5097597539424896,1,P4_CV0,1,2,0,2,0
4,2.046486340378425,9.289064495259955,RD4_F7_m4f7_P4_Y46_UO132,RD4_F8_m4f8_P4_Y44_UO596,RD7_F3_m5f2_P5_Y44_UO438,FXX,2,0.0,1,0,1.0,0,0,0,-9999.0,0.5109277665615082,1,P4_CV0,1,2,0,1,1
4,2.046486340378425,9.289064495259955,RD4_F8_m4f8_P4_Y46_UO582,RD4_F7_m3f5_P3_Y44_UO231,RD8_F4_m7f4_P7_Y44_UO609,MXY,2,0.0,1,0,0.0,0,0,0,-9999.0,0.5104169845581055,1,P4_CV0,1,2,0,2,0
4,2.046486340378425,9.289064495259955,RD4_F8_m4f7_P4_Y46_UO539,RD4_F7_m3f2_P3_Y44_UO248,RD7_F3_m7f4_P7_Y44_UO183,MXY,2,0.0,1,0,0.0,0,0,0,-9999.0,0.5102987885475159,1,P4_CV0,1,0,2,1,1
4,2.046486340378425,9.289064495259955,RD4_F8_m4f8_P4_Y46_UO581,RD4_F7_m3f5_P3_Y44_UO231,RD8_F4_m7f4_P7_Y44_UO609,MXY,2,0.0,1,0,0.0,0,0,0,-9999.0,0.5104169845581055,1,P4_CV0,1,1,1,2,0
4,2.046486340378425,9.289064495259955,RD4_F7_m6f9_P6_Y45_UO20,RD6_F9_m6f3_P6_Y43_UO64,RD9_F6_m6f3_P6_Y42_UO652,MXY,3,0.0,1,0,0.0,0,0,0,-9999.0,0.5107589364051819,1,P4_CV0,1,1,1,0,2
4,2.046486340378425,9.289064495259955,RD4_F8_m8f4_P8_Y47_UO234,RD8_F4_m7f4_P7_Y45_UO61,RD4_F7_m6f9_P6_Y44_UO92,MXY,1,0.0,0,0,0.0,0,0,0,-9999.0,0.510132908821106,1,P5_CV0,1,1,1,2,0
4,2.046486340378425,9.289064495259955,RD4_F8_m8f4_P8_Y47_UO222,RD8_F4_m7f3_P7_Y45_UO85,RD4_F7_m6f9_P6_Y44_UO92,FXX,1,0.0,0,0,0.0,0,0,0,-9999.0,0.5100362598896027,1,P5_CV0,1,0,2,1,1
4,2.046486340378425,9.289064495259955,RD4_F8_m8f4_P8_Y47_UO210,RD8_F4_m7f3_P7_Y45_UO85,RD4_F7_m6f9_P6_Y44_UO92,FXX,1,0.0,0,0,0.0,0,0,0,-9999.0,0.5100362598896027,1,P5_CV0,1,1,1,1,1
4,2.046486340378425,9.289064495259955,RD4_F8_m8f4_P8_Y47_UO228,RD8_F4_m7f3_P7_Y45_UO85,RD4_F7_m6f9_P6_Y44_UO92,MXY,1,0.0,0,0,0.0,0,0,0,-9999.0,0.5100362598896027,1,P5_CV0,1,2,0,1,1
4,2.046486340378425,9.289064495259955,RD4_F8_m8f4_P8_Y47_UO223,RD8_F4_m7f3_P7_Y45_UO85,RD4_F7_m6f9_P6_Y44_UO92,FXX,1,0.0,0,0,0.0,0,0,0,-9999.0,0.5100362598896027,1,P5_CV0,1,1,1,2,0
4,2.046486340378425,9.289064495259955,RD4_F8_m8f4_P8_Y47_UO239,RD8_F4_m7f4_P7_Y45_UO61,RD4_F7_m6f9_P6_Y44_UO92,MXY,1,0.0,0,0,0.0,0,0,0,-9999.0,0.510132908821106,1,P5_CV0,1,2,0,2,0
4,2.046486340378425,9.289064495259955,RD4_F7_m7f3_P7_Y47_UO170,RD7_F3_m7f4_P7_Y45_UO54,RD3_F2_m2f5_P2_Y44_UO487,FXX,1,0.0,0,0,0.0,0,0,0,-9999.0,0.5104418992996216,1,P5_CV0,1,1,1,2,0
4,2.046486340378425,9.289064495259955,RD4_F7_m7f4_P7_Y47_UO162,RD7_F3_m7f4_P7_Y45_UO51,RD4_F7_m6f9_P6_Y44_UO92,MXY,1,0.0,0,0,0.0,0,0,0,-9999.0,0.510132908821106,1,P5_CV0,1,2,0,2,0
4,2.046486340378425,9.289064495259955,RD4_F8_m8f4_P8_Y47_UO231,RD8_F4_m7f4_P7_Y45_UO61,RD4_F7_m6f9_P6_Y44_UO92,FXX,1,0.0,0,0,0.0,0,0,0,-9999.0,0.510132908821106,1,P5_CV0,1,1,1,2,0
4,2.046486340378425,9.289064495259955,RD4_F7_m7f3_P7_Y47_UO77,RD7_F3_m7f4_P7_Y45_UO54,RD3_F6_m2f6_P2_Y44_UO88,MXY,1,0.0,0,0,0.0,0,0,0,-9999.0,0.5100511312484741,1,P5_CV0,1,1,1,1,1
4,2.046486340378425,9.289064495259955,RD4_F7_m7f4_P7_Y47_UO161,RD7_F3_m7f4_P7_Y45_UO51,RD4_F7_m6f9_P6_Y44_UO92,FXX,1,0.0,0,0,0.0,0,0,0,-9999.0,0.510132908821106,1,P5_CV0,1,1,1,2,0
4,2.046486340378425,9.289064495259955,RD4_F7_m7f3_P7_Y47_UO168,RD7_F3_m7f4_P7_Y45_UO54,RD3_F2_m2f5_P2_Y44_UO487,MXY,1,0.0,0,0,0.0,0,0,0,-9999.0,0.5104418992996216,1,P5_CV0,1,1,1,2,0
4,2.046486340378425,9.289064495259955,RD4_F7_m7f4_P7_Y47_UO165,RD7_F3_m7f4_P7_Y45_UO51,RD4_F7_m6f9_P6_Y44_UO92,MXY,1,0.0,0,0,0.0,0,0,0,-9999.0,0.510132908821106,1,P5_CV0,1,2,0,1,1
4,2.046486340378425,9.289064495259955,RD4_F8_m8f4_P8_Y47_UO240,RD8_F4_m7f4_P7_Y45_UO61,RD4_F7_m6f9_P6_Y44_UO92,MXY,1,0.0,0,0,0.0,0,0,0,-9999.0,0.510132908821106,1,P5_CV0,1,1,1,2,0
4,2.046486340378425,9.289064495259955,RD4_F8_m8f4_P8_Y47_UO208,RD8_F4_m7f3_P7_Y45_UO85,RD4_F7_m6f9_P6_Y44_UO92,FXX,1,0.0,0,0,0.0,0,0,0,-9999.0,0.5100362598896027,1,P5_CV0,1,1,1,2,0
4,2.046486340378425,9.289064495259955,RD4_F8_m8f4_P8_Y47_UO236,RD8_F4_m7f4_P7_Y45_UO61,RD4_F7_m6f9_P6_Y44_UO92,FXX,1,0.0,0,0,0.0,0,0,0,-9999.0,0.510132908821106,1,P5_CV0,1,1,1,1,1
4,2.046486340378425,9.289064495259955,RD4_F8_m8f4_P8_Y47_UO213,RD8_F4_m7f3_P7_Y45_UO85,RD4_F7_m6f9_P6_Y44_UO92,MXY,1,0.0,0,0,0.0,0,0,0,-9999.0,0.5100362598896027,1,P5_CV0,1,2,0,1,1
4,2.046486340378425,9.289064495259955,RD4_F8_m8f4_P8_Y47_UO232,RD8_F4_m7f4_P7_Y45_UO61,RD4_F7_m6f9_P6_Y44_UO92,FXX,1,0.0,0,0,0.0,0,0,0,-9999.0,0.510132908821106,1,P5_CV0,1,2,0,2,0
4,2.046486340378425,9.289064495259955,RD4_F8_m4f8_P4_Y46_UO449,RD4_F8_m4f7_P4_Y44_UO337,RD8_F4_m8f4_P8_Y44_UO415,FXX,2,0.0,1,0,1.0,0,0,0,-9999.0,0.5109936594963074,1,P5_CV0,1,1,1,2,0
4,2.046486340378425,9.289064495259955,RD4_F8_m4f7_P4_Y46_UO270,RD4_F8_m4f7_P4_Y44_UO560,RD7_F4_m7f3_P7_Y44_UO497,FXX,2,0.0,1,0,1.0,0,0,0,-9999.0,0.5095216035842896,1,P5_CV0,1,1,1,1,1
4,2.046486340378425,9.289064495259955,RD4_F7_m4f7_P4_Y46_UO695,RD4_F7_m3f5_P3_Y44_UO443,RD7_F4_m8f4_P8_Y44_UO604,FXX,2,0.0,1,0,1.0,0,0,0,-9999.0,0.5109530389308929,1,P5_CV0,1,1,1,1,1
4,2.046486340378425,9.289064495259955,RD4_F7_m9f6_P9_Y44_UO556,RD9_F2_m9f2_P9_Y42_UO255,RD6_F2_m6f9_P6_Y42_UO50,MXY,4,0.0,1,0,0.0,0,0,0,-9999.0,0.5104560852050781,1,P5_CV0,1,0,2,1,1
4,2.046486340378425,9.289064495259955,RD4_F7_m4f8_P4_Y46_UO637,RD4_F7_m4f7_P4_Y44_UO241,RD8_F4_m7f3_P7_Y44_UO310,MXY,2,0.0,1,0,0.0,0,0,0,-9999.0,0.5096470415592194,1,P6_CV0,1,2,0,1,1
4,2.046486340378425,9.289064495259955,RD4_F8_m4f7_P4_Y46_UO684,RD4_F7_m3f5_P3_Y44_UO442,RD7_F3_m1f5_P1_Y42_UO522,FXX,2,0.0,1,0,1.0,0,0,0,-9999.0,0.5106768310070038,1,P7_CV0,1,0,2,2,0
4,2.046486340378425,9.289064495259955,RD4_F8_m4f8_P4_Y46_UO551,RD4_F8_m4f7_P4_Y44_UO129,RD8_F4_m8f4_P8_Y44_UO323,MXY,2,0.0,1,0,0.0,0,0,0,-9999.0,0.5105558633804321,1,P7_CV0,1,0,2,2,0
4,2.046486340378425,9.289064495259955,RD4_F8_m4f8_P4_Y46_UO549,RD4_F8_m4f7_P4_Y44_UO129,RD8_F4_m8f4_P8_Y44_UO323,MXY,2,0.0,1,0,0.0,0,0,0,-9999.0,0.5105558633804321,1,P7_CV0,1,0,2,1,1
4,2.046486340378425,9.289064495259955,RD4_F7_m3f2_P3_Y46_UO32,RD3_F5_m2f9_P2_Y44_UO491,RD2_F9_m2f9_P2_Y44_UO697,FXX,2,0.0,1,0,1.0,0,0,0,-9999.0,0.5103277266025543,1,P8_CV0,1,0,2,1,1
5,2.9965467367452314,4.002409126542999,RD5_F1_m1f5_P1_Y47_UO245,RD1_F5_m2f5_P2_Y45_UO14,RD5_F3_m6f2_P6_Y45_UO125,FXX,1,0.0,0,0,0.0,0,0,0,-9999.0,0.5103907883167267,1,P3_CV0,1,1,1,1,1
5,2.9965467367452314,4.002409126542999,RD5_F1_m1f5_P1_Y47_UO2,RD1_F5_m2f5_P2_Y45_UO14,RD5_F2_m9f2_P9_Y44_UO13,FXX,1,0.0,0,0,0.0,0,0,0,-9999.0,0.5102051496505737,1,P3_CV0,1,1,1,1,1
5,2.9965467367452314,4.002409126542999,RD5_F2_m2f6_P2_Y47_UO261,RD2_F3_m7f3_P7_Y45_UO77,RD6_F9_m9f2_P9_Y44_UO588,MXY,1,0.0,0,0,0.0,0,0,0,-9999.0,0.5106559693813324,1,P3_CV0,1,2,0,1,1
5,2.9965467367452314,4.002409126542999,RD5_F1_m1f5_P1_Y47_UO3,RD1_F5_m2f5_P2_Y45_UO14,RD5_F2_m9f2_P9_Y44_UO13,FXX,1,0.0,0,0,0.0,0,0,0,-9999.0,0.5102051496505737,1,P3_CV0,1,2,0,1,1
5,2.9965467367452314,4.002409126542999,RD5_F1_m1f5_P1_Y47_UO8,RD1_F5_m2f5_P2_Y45_UO14,RD5_F2_m9f2_P9_Y44_UO13,FXX,1,0.0,0,0,0.0,0,0,0,-9999.0,0.5102051496505737,1,P3_CV0,1,1,1,2,0
5,2.9965467367452314,4.002409126542999,RD5_F2_m2f6_P2_Y47_UO273,RD2_F3_m7f3_P7_Y45_UO77,RD6_F9_m9f2_P9_Y44_UO588,FXX,1,0.0,0,0,0.0,0,0,0,-9999.0,0.5106559693813324,1,P3_CV0,1,0,2,2,0
5,2.9965467367452314,4.002409126542999,RD5_F2_m2f9_P2_Y47_UO100,RD2_F3_m7f3_P7_Y45_UO77,RD9_F6_m7f4_P7_Y44_UO548,MXY,1,0.0,0,0,0.0,0,0,0,-9999.0,0.5105007290840149,1,P3_CV0,1,1,1,2,0
5,2.9965467367452314,4.002409126542999,RD5_F1_m1f5_P1_Y47_UO250,RD1_F5_m2f5_P2_Y45_UO14,RD5_F3_m6f2_P6_Y45_UO125,MXY,1,0.0,0,0,0.0,0,0,0,-9999.0,0.5103907883167267,1,P3_CV0,1,1,1,1,1
5,2.9965467367452314,4.002409126542999,RD5_F2_m2f6_P2_Y47_UO267,RD2_F3_m7f3_P7_Y45_UO77,RD6_F9_m9f2_P9_Y44_UO588,FXX,1,0.0,0,0,0.0,0,0,0,-9999.0,0.5106559693813324,1,P3_CV0,1,2,0,2,0
5,2.9965467367452314,4.002409126542999,RD5_F1_m1f5_P1_Y47_UO5,RD1_F5_m2f5_P2_Y45_UO14,RD5_F2_m9f2_P9_Y44_UO13,MXY,1,0.0,0,0,0.0,0,0,0,-9999.0,0.5102051496505737,1,P3_CV0,1,0,2,2,0
5,2.9965467367452314,4.002409126542999,RD5_F1_m1f5_P1_Y47_UO247,RD1_F5_m2f5_P2_Y45_UO14,RD5_F3_m6f2_P6_Y45_UO125,FXX,1,0.0,0,0,0.0,0,0,0,-9999.0,0.5103907883167267,1,P3_CV0,1,2,0,2,0
5,2.9965467367452314,4.002409126542999,RD5_F2_m2f9_P2_Y47_UO98,RD2_F3_m7f3_P7_Y45_UO77,RD9_F6_m7f4_P7_Y44_UO548,MXY,1,0.0,0,0,0.0,0,0,0,-9999.0,0.5105007290840149,1,P3_CV0,1,1,1,1,1
5,2.9965467367452314,4.002409126542999,RD5_F3_m7f3_P7_Y46_UO117,RD7_F4_m7f3_P7_Y44_UO552,RD3_F6_m9f2_P9_Y44_UO674,MXY,2,0.0,1,0,0.0,0,0,0,-9999.0,0.5100687742233276,1,P3_CV0,1,2,0,0,2
5,2.9965467367452314,4.002409126542999,RD5_F1_m5f1_P5_Y46_UO288,RD5_F3_m6f2_P6_Y44_UO691,RD1_F5_m1f5_P1_Y44_UO641,FXX,2,0.0,1,0,1.0,0,0,0,-9999.0,0.5097708404064178,1,P3_CV0,1,1,1,1,1
5,2.9965467367452314,4.002409126542999,RD5_F1_m5f3_P5_Y46_UO209,RD5_F3_m5f2_P5_Y44_UO221,RD3_F2_m5f2_P5_Y44_UO298,MXY,2,0.0,1,0,0.0,0,0,0,-9999.0,0.5101801753044128,1,P3_CV0,1,1,1,2,0
5,2.9965467367452314,4.002409126542999,RD5_F2_m9f2_P9_Y46_UO75,RD9_F6_m9f2_P9_Y44_UO143,RD2_F9_m2f9_P2_Y44_UO489,FXX,2,0.0,1,0,1.0,0,0,0,-9999.0,0.5102607607841492,1,P3_CV0,1,1,1,1,1
5,2.9965467367452314,4.002409126542999,RD5_F2_m5f1_P5_Y46_UO62,RD5_F1_m5f2_P5_Y44_UO220,RD1_F5_m1f5_P1_Y44_UO33,FXX,2,0.0,1,0,1.0,0,0,0,-9999.0,0.5105033814907074,1,P3_CV0,1,1,1,2,0
5,2.9965467367452314,4.002409126542999,RD5_F1_m5f2_P5_Y46_UO502,RD5_F1_m5f2_P5_Y44_UO128,RD2_F5_m1f5_P1_Y44_UO119,FXX,2,0.0,1,0,1.0,0,0,0,-9999.0,0.5103951394557953,1,P3_CV0,1,0,2,1,1
5,2.9965467367452314,4.002409126542999,RD5_F1_m5f1_P5_Y46_UO51,RD5_F1_m5f3_P5_Y44_UO29,RD1_F5_m1f5_P1_Y44_UO31,MXY,2,0.0,1,0,0.0,0,0,0,-9999.0,0.5101275444030762,1,P3_CV0,1,2,0,2,0
5,2.9965467367452314,4.002409126542999,RD5_F2_m6f3_P6_Y46_UO586,RD6_F9_m2f6_P2_Y44_UO289,RD3_F7_m3f6_P3_Y44_UO315,FXX,2,0.0,1,0,1.0,0,0,0,-9999.0,0.5101720988750458,1,P3_CV0,1,0,2,1,1
5,2.9965467367452314,4.002409126542999,RD5_F3_m6f9_P6_Y46_UO573,RD6_F3_m2f6_P2_Y44_UO37,RD9_F6_m3f5_P3_Y44_UO147,FXX,2,0.0,1,0,1.0,0,0,0,-9999.0,0.5107314884662628,1,P3_CV0,1,0,2,2,0
5,2.9965467367452314,4.002409126542999,RD5_F1_m5f3_P5_Y46_UO616,RD5_F2_m9f2_P9_Y44_UO673,RD3_F7_m3f7_P3_Y44_UO513,MXY,2,0.0,1,0,0.0,0,0,0,-9999.0,0.5098296403884888,1,P3_CV0,1,1,1,2,0
5,2.9965467367452314,4.002409126542999,RD5_F1_m5f2_P5_Y46_UO405,RD5_F1_m5f3_P5_Y44_UO29,RD2_F5_m2f6_P2_Y44_UO418,FXX,2,0.0,1,0,1.0,0,0,0,-9999.0,0.5100230872631073,1,P3_CV0,1,0,2,2,0
5,2.9965467367452314,4.002409126542999,RD5_F2_m9f6_P9_Y46_UO302,RD9_F6_m3f6_P3_Y44_UO351,RD6_F3_m6f9_P6_Y44_UO198,FXX,2,0.0,1,0,1.0,0,0,0,-9999.0,0.5099039077758789,1,P3_CV0,1,1,1,0,2
5,2.9965467367452314,4.002409126542999,RD5_F1_m5f1_P5_Y46_UO290,RD5_F1_m5f2_P5_Y44_UO571,RD1_F5_m1f5_P1_Y44_UO33,FXX,2,0.0,1,0,1.0,0,0,0,-9999.0,0.5105693340301514,1,P3_CV0,1,2,0,1,1
5,2.9965467367452314,4.002409126542999,RD5_F1_m5f1_P5_Y46_UO139,RD5_F1_m5f2_P5_Y44_UO219,RD1_F5_m2f6_P2_Y44_UO801,FXX,2,0.0,1,0,1.0,0,0,0,-9999.0,0.5099961459636688,1,P3_CV0,1,1,1,2,0
5,2.9965467367452314,4.002409126542999,RD5_F1_m5f2_P5_Y46_UO503,RD5_F1_m5f2_P5_Y44_UO128,RD2_F5_m1f5_P1_Y44_UO119,MXY,2,0.0,1,0,0.0,0,0,0,-9999.0,0.5103951394557953,1,P3_CV0,1,0,2,2,0
5,2.9965467367452314,4.002409126542999,RD5_F3_m6f9_P6_Y46_UO333,RD6_F3_m6f2_P6_Y44_UO692,RD9_F6_m9f2_P9_Y44_UO530,MXY,2,0.0,1,0,0.0,0,0,0,-9999.0,0.5102365612983704,1,P3_CV0,1,1,1,1,1
5,2.9965467367452314,4.002409126542999,RD5_F1_m5f2_P5_Y46_UO408,RD5_F1_m5f3_P5_Y44_UO163,RD2_F6_m3f5_P3_Y44_UO146,MXY,2,0.0,1,0,0.0,0,0,0,-9999.0,0.5113093852996826,1,P3_CV0,1,0,2,1,1
5,2.9965467367452314,4.002409126542999,RD5_F1_m5f3_P5_Y46_UO210,RD5_F3_m5f2_P5_Y44_UO221,RD3_F2_m5f2_P5_Y44_UO298,MXY,2,0.0,1,0,0.0,0,0,0,-9999.0,0.5101801753044128,1,P3_CV0,1,1,1,1,1
5,2.9965467367452314,4.002409126542999,RD5_F1_m5f3_P5_Y46_UO615,RD5_F2_m9f2_P9_Y44_UO673,RD3_F7_m3f7_P3_Y44_UO513,MXY,2,0.0,1,0,0.0,0,0,0,-9999.0,0.5098296403884888,1,P3_CV0,1,2,0,0,2
5,2.9965467367452314,4.002409126542999,RD5_F1_m5f3_P5_Y46_UO42,RD5_F1_m5f2_P5_Y44_UO219,RD3_F6_m9f2_P9_Y44_UO674,FXX,2,0.0,1,0,1.0,0,0,0,-9999.0,0.5100037753582001,1,P3_CV0,1,1,1,2,0
5,2.9965467367452314,4.002409126542999,RD5_F2_m9f2_P9_Y46_UO516,RD9_F6_m3f7_P3_Y44_UO774,RD2_F3_m2f9_P2_Y44_UO391,MXY,2,0.0,1,0,0.0,0,0,0,-9999.0,0.5101592540740967,1,P3_CV0,1,1,1,1,1
5,2.9965467367452314,4.002409126542999,RD5_F1_m5f1_P5_Y46_UO52,RD5_F1_m5f3_P5_Y44_UO29,RD1_F5_m1f5_P1_Y44_UO31,MXY,2,0.0,1,0,0.0,0,0,0,-9999.0,0.5101275444030762,1,P3_CV0,1,2,0,2,0
5,2.9965467367452314,4.002409126542999,RD5_F2_m5f2_P5_Y44_UO554,RD5_F1_m5f1_P5_Y42_UO607,RD2_F6_m9f2_P9_Y42_UO703,FXX,4,0.0,1,0,1.0,0,0,0,-9999.0,0.5094073414802551,1,P3_CV0,1,2,0,2,0
5,2.9965467367452314,4.002409126542999,RD5_F1_m1f5_P1_Y47_UO190,RD1_F5_m2f5_P2_Y45_UO12,RD5_F3_m2f9_P2_Y45_UO5,MXY,1,0.0,0,0,0.0,0,0,0,-9999.0,0.5102190971374512,1,P4_CV0,1,1,1,1,1
5,2.9965467367452314,4.002409126542999,RD5_F1_m1f5_P1_Y47_UO197,RD1_F5_m2f5_P2_Y45_UO12,RD5_F3_m2f9_P2_Y45_UO5,FXX,1,0.0,0,0,0.0,0,0,0,-9999.0,0.5102190971374512,1,P4_CV0,1,1,1,1,1
5,2.9965467367452314,4.002409126542999,RD5_F1_m1f5_P1_Y47_UO64,RD1_F5_m2f5_P2_Y45_UO14,RD5_F1_m3f2_P3_Y44_UO120,FXX,1,0.0,0,0,0.0,0,0,0,-9999.0,0.510281503200531,1,P4_CV0,1,1,1,0,2
5,2.9965467367452314,4.002409126542999,RD5_F1_m1f5_P1_Y47_UO191,RD1_F5_m2f5_P2_Y45_UO12,RD5_F3_m2f9_P2_Y45_UO5,FXX,1,0.0,0,0,0.0,0,0,0,-9999.0,0.5102190971374512,1,P4_CV0,1,0,2,2,0
5,2.9965467367452314,4.002409126542999,RD5_F1_m1f5_P1_Y47_UO66,RD1_F5_m2f5_P2_Y45_UO14,RD5_F1_m3f2_P3_Y44_UO120,FXX,1,0.0,0,0,0.0,0,0,0,-9999.0,0.510281503200531,1,P4_CV0,1,2,0,1,1
5,2.9965467367452314,4.002409126542999,RD5_F1_m1f5_P1_Y47_UO198,RD1_F5_m2f5_P2_Y45_UO12,RD5_F3_m2f9_P2_Y45_UO5,MXY,1,0.0,0,0,0.0,0,0,0,-9999.0,0.5102190971374512,1,P4_CV0,1,0,2,1,1
5,2.9965467367452314,4.002409126542999,RD5_F1_m1f5_P1_Y47_UO199,RD1_F5_m2f5_P2_Y45_UO12,RD5_F3_m2f9_P2_Y45_UO5,FXX,1,0.0,0,0,0.0,0,0,0,-9999.0,0.5102190971374512,1,P4_CV0,1,0,2,2,0
5,2.9965467367452314,4.002409126542999,RD5_F1_m1f5_P1_Y47_UO195,RD1_F5_m2f5_P2_Y45_UO12,RD5_F3_m2f9_P2_Y45_UO5,FXX,1,0.0,0,0,0.0,0,0,0,-9999.0,0.5102190971374512,1,P4_CV0,1,1,1,1,1
5,2.9965467367452314,4.002409126542999,RD5_F2_m2f6_P2_Y47_UO276,RD2_F3_m7f3_P7_Y45_UO77,RD6_F9_m9f2_P9_Y44_UO588,FXX,1,0.0,0,0,0.0,0,0,0,-9999.0,0.5106559693813324,1,P4_CV0,1,2,0,0,2
5,2.9965467367452314,4.002409126542999,RD5_F1_m1f5_P1_Y47_UO189,RD1_F5_m2f5_P2_Y45_UO12,RD5_F3_m2f9_P2_Y45_UO5,MXY,1,0.0,0,0,0.0,0,0,0,-9999.0,0.5102190971374512,1,P4_CV0,1,1,1,0,2
5,2.9965467367452314,4.002409126542999,RD5_F1_m1f5_P1_Y47_UO206,RD1_F5_m2f5_P2_Y45_UO12,RD5_F3_m2f9_P2_Y45_UO5,MXY,1,0.0,0,0,0.0,0,0,0,-9999.0,0.5102190971374512,1,P4_CV0,1,0,2,1,1
5,2.9965467367452314,4.002409126542999,RD5_F1_m1f5_P1_Y47_UO200,RD1_F5_m2f5_P2_Y45_UO12,RD5_F3_m2f9_P2_Y45_UO5,MXY,1,0.0,0,0,0.0,0,0,0,-9999.0,0.5102190971374512,1,P4_CV0,1,0,2,1,1
5,2.9965467367452314,4.002409126542999,RD5_F1_m1f5_P1_Y47_UO193,RD1_F5_m2f5_P2_Y45_UO12,RD5_F3_m2f9_P2_Y45_UO5,FXX,1,0.0,0,0,0.0,0,0,0,-9999.0,0.5102190971374512,1,P4_CV0,1,1,1,1,1
5,2.9965467367452314,4.002409126542999,RD5_F1_m1f5_P1_Y47_UO194,RD1_F5_m2f5_P2_Y45_UO12,RD5_F3_m2f9_P2_Y45_UO5,FXX,1,0.0,0,0,0.0,0,0,0,-9999.0,0.5102190971374512,1,P4_CV0,1,1,1,2,0
5,2.9965467367452314,4.002409126542999,RD5_F2_m2f6_P2_Y47_UO274,RD2_F3_m7f3_P7_Y45_UO77,RD6_F9_m9f2_P9_Y44_UO588,FXX,1,0.0,0,0,0.0,0,0,0,-9999.0,0.5106559693813324,1,P4_CV0,1,1,1,1,1
5,2.9965467367452314,4.002409126542999,RD5_F1_m1f5_P1_Y47_UO201,RD1_F5_m2f5_P2_Y45_UO12,RD5_F3_m2f9_P2_Y45_UO5,FXX,1,0.0,0,0,0.0,0,0,0,-9999.0,0.5102190971374512,1,P4_CV0,1,0,2,1,1
5,2.9965467367452314,4.002409126542999,RD5_F3_m7f3_P7_Y46_UO167,RD7_F3_m7f4_P7_Y44_UO729,RD3_F7_m3f5_P3_Y44_UO768,MXY,2,0.0,1,0,0.0,0,0,0,-9999.0,0.510199248790741,1,P4_CV0,1,2,0,0,2
5,2.9965467367452314,4.002409126542999,RD5_F1_m5f3_P5_Y46_UO600,RD5_F1_m5f2_P5_Y44_UO297,RD3_F5_m1f5_P1_Y44_UO242,MXY,2,0.0,1,0,0.0,0,0,0,-9999.0,0.5098108053207397,1,P4_CV0,1,1,1,1,1
5,2.9965467367452314,4.002409126542999,RD5_F3_m6f3_P6_Y46_UO348,RD6_F9_m6f2_P6_Y44_UO787,RD3_F5_m1f5_P1_Y44_UO242,FXX,2,0.0,1,0,1.0,0,0,0,-9999.0,0.5099973082542419,1,P4_CV0,1,2,0,2,0
5,2.9965467367452314,4.002409126542999,RD5_F3_m6f9_P6_Y46_UO576,RD6_F3_m2f6_P2_Y44_UO37,RD9_F6_m3f5_P3_Y44_UO147,MXY,2,0.0,1,0,0.0,0,0,0,-9999.0,0.5107314884662628,1,P4_CV0,1,0,2,2,0
5,2.9965467367452314,4.002409126542999,RD5_F1_m5f3_P5_Y46_UO706,RD5_F1_m5f2_P5_Y44_UO76,RD3_F5_m1f5_P1_Y44_UO242,MXY,2,0.0,1,0,0.0,0,0,0,-9999.0,0.5096645057201385,1,P4_CV0,1,1,1,1,1
5,2.9965467367452314,4.002409126542999,RD5_F3_m6f2_P6_Y46_UO183,RD6_F9_m2f5_P2_Y44_UO378,RD2_F6_m9f6_P9_Y44_UO151,MXY,2,0.0,1,0,0.0,0,0,0,-9999.0,0.5100590884685516,1,P4_CV0,1,2,0,0,2
5,2.9965467367452314,4.002409126542999,RD5_F2_m3f6_P3_Y46_UO248,RD3_F7_m3f7_P3_Y44_UO520,RD6_F3_m6f9_P6_Y44_UO96,FXX,2,0.0,1,0,1.0,0,0,0,-9999.0,0.5101245641708374,1,P4_CV0,1,0,2,1,1
5,2.9965467367452314,4.002409126542999,RD5_F1_m5f1_P5_Y46_UO257,RD5_F1_m5f2_P5_Y44_UO571,RD1_F5_m1f5_P1_Y44_UO707,FXX,2,0.0,1,0,1.0,0,0,0,-9999.0,0.5105059742927551,1,P4_CV0,1,2,0,2,0
5,2.9965467367452314,4.002409126542999,RD5_F3_m2f6_P2_Y46_UO596,RD2_F9_m6f9_P6_Y44_UO510,RD6_F9_m6f3_P6_Y44_UO451,FXX,2,0.0,1,0,1.0,0,0,0,-9999.0,0.5098291039466858,1,P4_CV0,1,1,1,1,1
5,2.9965467367452314,4.002409126542999,RD5_F3_m2f5_P2_Y46_UO679,RD2_F6_m2f9_P2_Y44_UO389,RD5_F3_m7f4_P7_Y44_UO254,FXX,2,0.0,1,0,1.0,0,0,0,-9999.0,0.5099210143089294,1,P4_CV0,1,0,2,1,1
5,2.9965467367452314,4.002409126542999,RD5_F1_m5f2_P5_Y46_UO726,RD5_F1_m5f2_P5_Y44_UO571,RD2_F9_m2f9_P2_Y44_UO697,MXY,2,0.0,1,0,0.0,0,0,0,-9999.0,0.5104224979877472,1,P4_CV0,1,1,1,0,2
5,2.9965467367452314,4.002409126542999,RD5_F2_m9f2_P9_Y46_UO716,RD9_F6_m9f2_P9_Y44_UO143,RD2_F6_m9f6_P9_Y44_UO151,FXX,2,0.0,1,0,1.0,0,0,0,-9999.0,0.5102745592594147,1,P4_CV0,1,1,1,0,2
5,2.9965467367452314,4.002409126542999,RD5_F3_m6f9_P6_Y46_UO7,RD6_F9_m6f9_P6_Y44_UO614,RD9_F6_m9f2_P9_Y44_UO524,MXY,2,0.0,1,0,0.0,0,0,0,-9999.0,0.5101591944694519,1,P4_CV0,1,0,2,1,1
5,2.9965467367452314,4.002409126542999,RD5_F1_m1f5_P1_Y47_UO249,RD1_F5_m2f5_P2_Y45_UO14,RD5_F3_m6f2_P6_Y45_UO125,MXY,1,0.0,0,0,0.0,0,0,0,-9999.0,0.5103907883167267,1,P5_CV0,1,2,0,1,1
5,2.9965467367452314,4.002409126542999,RD5_F1_m1f5_P1_Y47_UO244,RD1_F5_m2f5_P2_Y45_UO14,RD5_F3_m6f2_P6_Y45_UO125,MXY,1,0.0,0,0,0.0,0,0,0,-9999.0,0.5103907883167267,1,P5_CV0,1,1,1,1,1
5,2.9965467367452314,4.002409126542999,RD5_F1_m1f5_P1_Y47_UO60,RD1_F5_m2f5_P2_Y45_UO14,RD5_F1_m3f2_P3_Y44_UO120,MXY,1,0.0,0,0,0.0,0,0,0,-9999.0,0.510281503200531,1,P5_CV0,1,1,1,0,2
5,2.9965467367452314,4.002409126542999,RD5_F1_m1f5_P1_Y47_UO61,RD1_F5_m2f5_P2_Y45_UO14,RD5_F1_m3f2_P3_Y44_UO120,FXX,1,0.0,0,0,0.0,0,0,0,-9999.0,0.510281503200531,1,P5_CV0,1,2,0,0,2
5,2.9965467367452314,4.002409126542999,RD5_F1_m1f5_P1_Y47_UO59,RD1_F5_m2f5_P2_Y45_UO14,RD5_F1_m3f2_P3_Y44_UO120,MXY,1,0.0,0,0,0.0,0,0,0,-9999.0,0.510281503200531,1,P5_CV0,1,0,2,0,2
5,2.9965467367452314,4.002409126542999,RD5_F1_m1f5_P1_Y47_UO62,RD1_F5_m2f5_P2_Y45_UO14,RD5_F1_m3f2_P3_Y44_UO120,MXY,1,0.0,0,0,0.0,0,0,0,-9999.0,0.510281503200531,1,P5_CV0,1,1,1,1,1
5,2.9965467367452314,4.002409126542999,RD5_F1_m1f5_P1_Y47_UO39,RD1_F5_m2f5_P2_Y45_UO14,RD5_F1_m1f5_P1_Y44_UO51,FXX,1,0.0,0,0,0.0,0,0,0,-9999.0,0.5100293159484863,1,P5_CV0,1,1,1,1,1
5,2.9965467367452314,4.002409126542999,RD5_F1_m1f5_P1_Y47_UO251,RD1_F5_m2f5_P2_Y45_UO14,RD5_F3_m6f2_P6_Y45_UO125,MXY,1,0.0,0,0,0.0,0,0,0,-9999.0,0.5103907883167267,1,P5_CV0,1,2,0,1,1
5,2.9965467367452314,4.002409126542999,RD5_F1_m1f5_P1_Y47_UO248,RD1_F5_m2f5_P2_Y45_UO14,RD5_F3_m6f2_P6_Y45_UO125,FXX,1,0.0,0,0,0.0,0,0,0,-9999.0,0.5103907883167267,1,P5_CV0,1,2,0,2,0
5,2.9965467367452314,4.002409126542999,RD5_F1_m1f5_P1_Y47_UO43,RD1_F5_m2f5_P2_Y45_UO14,RD5_F1_m1f5_P1_Y44_UO51,MXY,1,0.0,0,0,0.0,0,0,0,-9999.0,0.5100293159484863,1,P5_CV0,1,2,0,1,1
5,2.9965467367452314,4.002409126542999,RD5_F2_m2f3_P2_Y47_UO56,RD2_F9_m2f9_P2_Y45_UO28,RD3_F6_m6f9_P6_Y44_UO331,MXY,1,0.0,0,0,0.0,0,0,0,-9999.0,0.5102067589759827,1,P5_CV0,1,2,0,2,0
5,2.9965467367452314,4.002409126542999,RD5_F1_m1f5_P1_Y47_UO65,RD1_F5_m2f5_P2_Y45_UO14,RD5_F1_m3f2_P3_Y44_UO120,MXY,1,0.0,0,0,0.0,0,0,0,-9999.0,0.510281503200531,1,P5_CV0,1,2,0,0,2
5,2.9965467367452314,4.002409126542999,RD5_F1_m1f5_P1_Y47_UO31,RD1_F5_m2f5_P2_Y45_UO14,RD5_F1_m1f5_P1_Y44_UO51,FXX,1,0.0,0,0,0.0,0,0,0,-9999.0,0.5100293159484863,1,P5_CV0,1,1,1,2,0
5,2.9965467367452314,4.002409126542999,RD5_F1_m1f5_P1_Y47_UO34,RD1_F5_m2f5_P2_Y45_UO14,RD5_F1_m1f5_P1_Y44_UO51,FXX,1,0.0,0,0,0.0,0,0,0,-9999.0,0.5100293159484863,1,P5_CV0,1,2,0,1,1
5,2.9965467367452314,4.002409126542999,RD5_F1_m1f5_P1_Y47_UO246,RD1_F5_m2f5_P2_Y45_UO14,RD5_F3_m6f2_P6_Y45_UO125,MXY,1,0.0,0,0,0.0,0,0,0,-9999.0,0.5103907883167267,1,P5_CV0,1,1,1,0,2
5,2.9965467367452314,4.002409126542999,RD5_F1_m1f5_P1_Y47_UO4,RD1_F5_m2f5_P2_Y45_UO14,RD5_F2_m9f2_P9_Y44_UO13,FXX,1,0.0,0,0,0.0,0,0,0,-9999.0,0.5102051496505737,1,P5_CV0,1,1,1,1,1
5,2.9965467367452314,4.002409126542999,RD5_F1_m1f5_P1_Y47_UO1,RD1_F5_m2f5_P2_Y45_UO14,RD5_F2_m9f2_P9_Y44_UO13,MXY,1,0.0,0,0,0.0,0,0,0,-9999.0,0.5102051496505737,1,P5_CV0,1,1,1,2,0
5,2.9965467367452314,4.002409126542999,RD5_F1_m5f3_P5_Y46_UO479,RD5_F1_m5f3_P5_Y44_UO653,RD3_F7_m3f6_P3_Y44_UO386,MXY,2,0.0,1,0,0.0,0,0,0,-9999.0,0.5098062455654144,1,P5_CV0,1,1,1,2,0
5,2.9965467367452314,4.002409126542999,RD5_F1_m5f3_P5_Y46_UO478,RD5_F1_m5f3_P5_Y44_UO653,RD3_F7_m3f6_P3_Y44_UO386,MXY,2,0.0,1,0,0.0,0,0,0,-9999.0,0.5098062455654144,1,P5_CV0,1,1,1,2,0
5,2.9965467367452314,4.002409126542999,RD5_F3_m3f2_P3_Y47_UO112,RD3_F2_m6f2_P6_Y45_UO130,RD2_F6_m2f3_P2_Y44_UO201,FXX,1,0.0,0,0,0.0,0,0,0,-9999.0,0.5105750560760498,1,P7_CV0,1,2,0,0,2
5,2.9965467367452314,4.002409126542999,RD5_F3_m3f2_P3_Y47_UO101,RD3_F2_m6f2_P6_Y45_UO130,RD2_F6_m2f3_P2_Y44_UO201,MXY,1,0.0,0,0,0.0,0,0,0,-9999.0,0.5105750560760498,1,P7_CV0,1,1,1,1,1
5,2.9965467367452314,4.002409126542999,RD5_F3_m5f1_P5_Y46_UO508,RD5_F1_m5f3_P5_Y44_UO653,RD1_F5_m1f5_P1_Y44_UO340,MXY,2,0.0,1,0,0.0,0,0,0,-9999.0,0.5096272230148315,1,P7_CV0,1,1,1,2,0
5,2.9965467367452314,4.002409126542999,RD5_F1_m5f2_P5_Y46_UO230,RD5_F1_m5f2_P5_Y44_UO297,RD2_F6_m3f2_P3_Y44_UO105,MXY,2,0.0,1,0,0.0,0,0,0,-9999.0,0.5101729333400726,1,P7_CV0,1,0,2,0,2
5,2.9965467367452314,4.002409126542999,RD5_F2_m5f2_P5_Y46_UO522,RD5_F1_m5f3_P5_Y44_UO306,RD2_F5_m1f5_P1_Y44_UO30,MXY,2,0.0,1,0,0.0,0,0,0,-9999.0,0.5104414820671082,1,P7_CV0,1,2,0,2,0
5,2.9965467367452314,4.002409126542999,RD5_F1_m5f3_P5_Y46_UO374,RD5_F1_m5f3_P5_Y44_UO162,RD3_F7_m3f5_P3_Y44_UO768,FXX,2,0.0,1,0,1.0,0,0,0,-9999.0,0.5106220245361328,1,P7_CV0,1,1,1,1,1
5,2.9965467367452314,4.002409126542999,RD5_F1_m5f2_P5_Y46_UO229,RD5_F1_m5f2_P5_Y44_UO297,RD2_F6_m3f2_P3_Y44_UO105,FXX,2,0.0,1,0,1.0,0,0,0,-9999.0,0.5101729333400726,1,P7_CV0,1,0,2,1,1
5,2.9965467367452314,4.002409126542999,RD5_F1_m5f2_P5_Y46_UO515,RD5_F1_m5f2_P5_Y44_UO784,RD2_F9_m2f3_P2_Y44_UO204,FXX,2,0.0,1,0,1.0,0,0,0,-9999.0,0.5102145373821259,1,P7_CV0,1,1,1,1,1
5,2.9965467367452314,4.002409126542999,RD5_F1_m1f5_P1_Y47_UO41,RD1_F5_m2f5_P2_Y45_UO14,RD5_F1_m1f5_P1_Y44_UO51,MXY,1,0.0,0,0,0.0,0,0,0,-9999.0,0.5100293159484863,1,P8_CV0,1,1,1,1,1
5,2.9965467367452314,4.002409126542999,RD5_F1_m1f5_P1_Y47_UO38,RD1_F5_m2f5_P2_Y45_UO14,RD5_F1_m1f5_P1_Y44_UO51,FXX,1,0.0,0,0,0.0,0,0,0,-9999.0,0.5100293159484863,1,P8_CV0,1,1,1,1,1
5,2.9965467367452314,4.002409126542999,RD5_F1_m1f5_P1_Y47_UO36,RD1_F5_m2f5_P2_Y45_UO14,RD5_F1_m1f5_P1_Y44_UO51,FXX,1,0.0,0,0,0.0,0,0,0,-9999.0,0.5100293159484863,1,P8_CV0,1,1,1,1,1
5,2.9965467367452314,4.002409126542999,RD5_F1_m5f3_P5_Y46_UO292,RD5_F1_m5f2_P5_Y44_UO127,RD3_F5_m1f5_P1_Y44_UO242,MXY,2,0.0,1,0,0.0,0,0,0,-9999.0,0.5098788738250732,1,P8_CV0,1,1,1,1,1
5,2.9965467367452314,4.002409126542999,RD5_F1_m5f3_P5_Y46_UO253,RD5_F1_m5f2_P5_Y44_UO76,RD3_F7_m7f4_P7_Y43_UO27,MXY,2,0.0,1,0,0.0,0,0,0,-9999.0,0.5099673569202423,1,P8_CV0,1,1,1,0,2
5,2.9965467367452314,4.002409126542999,RD5_F1_m5f1_P5_Y46_UO191,RD5_F1_m5f3_P5_Y44_UO575,RD1_F5_m1f5_P1_Y44_UO50,MXY,2,0.0,1,0,0.0,0,0,0,-9999.0,0.5101160407066345,1,P8_CV0,1,2,0,1,1
6,6.211338327692949,7.937131414155586,RD6_F9_m6f3_P6_Y46_UO665,RD6_F9_m2f5_P2_Y44_UO378,RD3_F5_m1f5_P1_Y44_UO754,FXX,2,0.0,1,0,1.0,0,0,0,-9999.0,0.5103018581867218,1,P0_CV0,1,1,1,0,2
6,6.211338327692949,7.937131414155586,RD6_F3_m7f3_P7_Y46_UO546,RD7_F3_m2f6_P2_Y44_UO222,RD3_F5_m3f6_P3_Y44_UO347,MXY,2,0.0,1,0,0.0,0,0,0,-9999.0,0.5101803243160248,1,P1_CV0,1,1,1,2,0
6,6.211338327692949,7.937131414155586,RD6_F9_m6f2_P6_Y46_UO720,RD6_F9_m6f2_P6_Y44_UO787,RD2_F9_m2f5_P2_Y44_UO630,FXX,2,0.0,1,0,1.0,0,0,0,-9999.0,0.510249525308609,1,P1_CV0,1,1,1,0,2
6,6.211338327692949,7.937131414155586,RD6_F2_m2f9_P2_Y47_UO89,RD2_F3_m7f3_P7_Y45_UO77,RD9_F6_m7f4_P7_Y44_UO548,FXX,1,0.0,0,0,0.0,0,0,0,-9999.0,0.5105007290840149,1,P3_CV0,1,0,2,1,1
6,6.211338327692949,7.937131414155586,RD6_F2_m2f9_P2_Y47_UO93,RD2_F3_m7f3_P7_Y45_UO77,RD9_F6_m7f4_P7_Y44_UO548,MXY,1,0.0,0,0,0.0,0,0,0,-9999.0,0.5105007290840149,1,P3_CV0,1,1,1,1,1
6,6.211338327692949,7.937131414155586,RD6_F2_m2f9_P2_Y47_UO94,RD2_F3_m7f3_P7_Y45_UO77,RD9_F6_m7f4_P7_Y44_UO548,MXY,1,0.0,0,0,0.0,0,0,0,-9999.0,0.5105007290840149,1,P3_CV0,1,0,2,1,1
6,6.211338327692949,7.937131414155586,RD6_F2_m2f9_P2_Y47_UO97,RD2_F3_m7f3_P7_Y45_UO77,RD9_F6_m7f4_P7_Y44_UO548,MXY,1,0.0,0,0,0.0,0,0,0,-9999.0,0.5105007290840149,1,P3_CV0,1,0,2,2,0
6,6.211338327692949,7.937131414155586,RD6_F2_m2f6_P2_Y47_UO266,RD2_F3_m7f3_P7_Y45_UO77,RD6_F9_m9f2_P9_Y44_UO588,FXX,1,0.0,0,0,0.0,0,0,0,-9999.0,0.5106559693813324,1,P3_CV0,1,2,0,1,1
6,6.211338327692949,7.937131414155586,RD6_F3_m3f2_P3_Y47_UO104,RD3_F2_m6f2_P6_Y45_UO130,RD2_F6_m2f3_P2_Y44_UO201,MXY,1,0.0,0,0,0.0,0,0,0,-9999.0,0.5105750560760498,1,P3_CV0,1,1,1,2,0
6,6.211338327692949,7.937131414155586,RD6_F3_m3f2_P3_Y47_UO108,RD3_F2_m6f2_P6_Y45_UO130,RD2_F6_m2f3_P2_Y44_UO201,FXX,1,0.0,0,0,0.0,0,0,0,-9999.0,0.5105750560760498,1,P3_CV0,1,1,1,0,2
6,6.211338327692949,7.937131414155586,RD6_F3_m3f2_P3_Y47_UO115,RD3_F2_m6f2_P6_Y45_UO130,RD2_F6_m2f3_P2_Y44_UO201,MXY,1,0.0,0,0,0.0,0,0,0,-9999.0,0.5105750560760498,1,P3_CV0,1,1,1,0,2
6,6.211338327692949,7.937131414155586,RD6_F2_m5f3_P5_Y46_UO355,RD5_F1_m5f3_P5_Y44_UO46,RD3_F7_m3f7_P3_Y44_UO514,MXY,2,0.0,1,0,0.0,0,0,0,-9999.0,0.5097493529319763,1,P3_CV0,1,1,1,2,0
6,6.211338327692949,7.937131414155586,RD6_F2_m9f2_P9_Y46_UO74,RD9_F6_m9f2_P9_Y44_UO143,RD2_F9_m2f9_P2_Y44_UO489,FXX,2,0.0,1,0,1.0,0,0,0,-9999.0,0.5102607607841492,1,P3_CV0,1,1,1,1,1
6,6.211338327692949,7.937131414155586,RD6_F2_m9f2_P9_Y46_UO387,RD9_F6_m9f2_P9_Y44_UO169,RD2_F5_m2f6_P2_Y44_UO418,MXY,2,0.0,1,0,0.0,0,0,0,-9999.0,0.5101377665996552,1,P3_CV0,1,1,1,1,1
6,6.211338327692949,7.937131414155586,RD6_F2_m6f9_P6_Y46_UO9,RD6_F9_m6f9_P6_Y44_UO614,RD9_F6_m9f2_P9_Y44_UO524,MXY,2,0.0,1,0,0.0,0,0,0,-9999.0,0.5101591944694519,1,P3_CV0,1,1,1,1,1
6,6.211338327692949,7.937131414155586,RD6_F2_m6f3_P6_Y46_UO265,RD6_F3_m2f9_P2_Y44_UO696,RD3_F7_m4f7_P4_Y44_UO439,MXY,2,0.0,1,0,0.0,0,0,0,-9999.0,0.5104260444641113,1,P3_CV0,1,0,2,1,1
6,6.211338327692949,7.937131414155586,RD6_F2_m9f6_P9_Y46_UO45,RD9_F6_m3f7_P3_Y44_UO774,RD6_F9_m6f3_P6_Y44_UO451,MXY,2,0.0,1,0,0.0,0,0,0,-9999.0,0.5103195905685425,1,P3_CV0,1,2,0,1,1
6,6.211338327692949,7.937131414155586,RD6_F2_m6f3_P6_Y46_UO663,RD6_F9_m2f5_P2_Y44_UO378,RD3_F5_m1f5_P1_Y44_UO754,FXX,2,0.0,1,0,1.0,0,0,0,-9999.0,0.5103018581867218,1,P3_CV0,1,1,1,1,1
6,6.211338327692949,7.937131414155586,RD6_F3_m7f4_P7_Y46_UO536,RD7_F3_m7f3_P7_Y44_UO746,RD4_F8_m4f7_P4_Y44_UO79,FXX,2,0.0,1,0,1.0,0,0,0,-9999.0,0.5102548897266388,1,P3_CV0,1,1,1,1,1
6,6.211338327692949,7.937131414155586,RD6_F3_m2f9_P2_Y46_UO363,RD2_F5_m2f6_P2_Y44_UO238,RD9_F2_m9f2_P9_Y44_UO526,FXX,2,0.0,1,0,1.0,0,0,0,-9999.0,0.5100838541984558,1,P3_CV0,1,1,1,0,2
6,6.211338327692949,7.937131414155586,RD6_F3_m7f4_P7_Y46_UO218,RD7_F4_m8f4_P8_Y44_UO797,RD4_F8_m4f8_P4_Y44_UO258,MXY,2,0.0,1,0,0.0,0,0,0,-9999.0,0.5106622874736786,1,P3_CV0,1,0,2,1,1
6,6.211338327692949,7.937131414155586,RD6_F3_m6f3_P6_Y46_UO658,RD6_F3_m6f3_P6_Y44_UO501,RD3_F6_m2f5_P2_Y44_UO631,FXX,2,0.0,1,0,1.0,0,0,0,-9999.0,0.5095693171024323,1,P3_CV0,1,1,1,1,1
6,6.211338327692949,7.937131414155586,RD6_F3_m6f3_P6_Y46_UO496,RD6_F9_m2f5_P2_Y44_UO378,RD3_F2_m5f2_P5_Y44_UO298,FXX,2,0.0,1,0,1.0,0,0,0,-9999.0,0.5099611580371857,1,P3_CV0,1,1,1,0,2
6,6.211338327692949,7.937131414155586,RD6_F3_m7f3_P7_Y46_UO619,RD7_F4_m7f4_P7_Y44_UO607,RD3_F2_m5f2_P5_Y44_UO298,MXY,2,0.0,1,0,0.0,0,0,0,-9999.0,0.5101504027843475,1,P3_CV0,1,1,1,2,0
6,6.211338327692949,7.937131414155586,RD6_F3_m7f4_P7_Y46_UO543,RD7_F4_m8f4_P8_Y44_UO782,RD4_F7_m4f8_P4_Y44_UO581,MXY,2,0.0,1,0,0.0,0,0,0,-9999.0,0.510842889547348,1,P3_CV0,1,2,0,0,2
6,6.211338327692949,7.937131414155586,RD6_F3_m7f4_P7_Y46_UO244,RD7_F3_m5f1_P5_Y44_UO210,RD4_F8_m4f7_P4_Y44_UO80,MXY,2,0.0,1,0,0.0,0,0,0,-9999.0,0.5100268423557281,1,P3_CV0,1,1,1,0,2
6,6.211338327692949,7.937131414155586,RD6_F3_m6f3_P6_Y46_UO123,RD6_F9_m6f3_P6_Y44_UO502,RD3_F7_m3f7_P3_Y44_UO513,FXX,2,0.0,1,0,1.0,0,0,0,-9999.0,0.509512335062027,1,P3_CV0,1,0,2,1,1
6,6.211338327692949,7.937131414155586,RD6_F9_m2f9_P2_Y46_UO109,RD2_F9_m6f3_P6_Y44_UO374,RD9_F6_m9f2_P9_Y44_UO523,MXY,2,0.0,1,0,0.0,0,0,0,-9999.0,0.509909063577652,1,P3_CV0,1,2,0,1,1
6,6.211338327692949,7.937131414155586,RD6_F9_m2f9_P2_Y46_UO360,RD2_F5_m2f6_P2_Y44_UO238,RD9_F2_m9f2_P9_Y44_UO526,MXY,2,0.0,1,0,0.0,0,0,0,-9999.0,0.5100838541984558,1,P3_CV0,1,1,1,1,1
6,6.211338327692949,7.937131414155586,RD6_F9_m2f9_P2_Y46_UO379,RD2_F9_m6f3_P6_Y44_UO374,RD9_F2_m9f2_P9_Y44_UO192,FXX,2,0.0,1,0,1.0,0,0,0,-9999.0,0.5100302696228027,1,P3_CV0,1,1,1,1,1
6,6.211338327692949,7.937131414155586,RD6_F9_m2f3_P2_Y46_UO476,RD2_F5_m1f5_P1_Y44_UO756,RD3_F7_m3f6_P3_Y44_UO315,MXY,2,0.0,1,0,0.0,0,0,0,-9999.0,0.510353296995163,1,P3_CV0,1,1,1,1,1
6,6.211338327692949,7.937131414155586,RD6_F9_m2f3_P2_Y46_UO500,RD2_F9_m6f2_P6_Y44_UO233,RD3_F6_m2f5_P2_Y44_UO631,MXY,2,0.0,1,0,0.0,0,0,0,-9999.0,0.5102794766426086,1,P3_CV0,1,0,2,0,2
6,6.211338327692949,7.937131414155586,RD6_F9_m2f3_P2_Y46_UO565,RD2_F5_m1f5_P1_Y44_UO265,RD3_F7_m3f7_P3_Y44_UO514,MXY,2,0.0,1,0,0.0,0,0,0,-9999.0,0.510059267282486,1,P3_CV0,1,0,2,2,0
6,6.211338327692949,7.937131414155586,RD6_F9_m2f3_P2_Y46_UO567,RD2_F3_m5f3_P5_Y44_UO191,RD3_F2_m9f2_P9_Y44_UO636,MXY,2,0.0,1,0,0.0,0,0,0,-9999.0,0.5097503364086151,1,P3_CV0,1,1,1,0,2
6,6.211338327692949,7.937131414155586,RD6_F9_m2f6_P2_Y46_UO648,RD2_F3_m2f6_P2_Y44_UO135,RD6_F9_m6f9_P6_Y44_UO512,FXX,2,0.0,1,0,1.0,0,0,0,-9999.0,0.5096387565135956,1,P3_CV0,1,1,1,2,0
6,6.211338327692949,7.937131414155586,RD6_F9_m2f3_P2_Y46_UO730,RD2_F6_m2f6_P2_Y44_UO38,RD3_F7_m3f7_P3_Y44_UO514,FXX,2,0.0,1,0,1.0,0,0,0,-9999.0,0.5100606083869934,1,P3_CV0,1,0,2,1,1
6,6.211338327692949,7.937131414155586,RD6_F9_m6f3_P6_Y46_UO121,RD6_F9_m6f3_P6_Y44_UO502,RD3_F7_m3f7_P3_Y44_UO513,FXX,2,0.0,1,0,1.0,0,0,0,-9999.0,0.509512335062027,1,P3_CV0,1,1,1,0,2
6,6.211338327692949,7.937131414155586,RD6_F9_m6f3_P6_Y46_UO264,RD6_F3_m2f9_P2_Y44_UO696,RD3_F7_m4f7_P4_Y44_UO439,FXX,2,0.0,1,0,1.0,0,0,0,-9999.0,0.5104260444641113,1,P3_CV0,1,1,1,1,1
6,6.211338327692949,7.937131414155586,RD6_F9_m6f2_P6_Y46_UO279,RD6_F9_m6f9_P6_Y44_UO94,RD2_F3_m6f9_P6_Y44_UO329,MXY,2,0.0,1,0,0.0,0,0,0,-9999.0,0.5102716386318207,1,P3_CV0,1,2,0,2,0
6,6.211338327692949,7.937131414155586,RD6_F9_m6f2_P6_Y46_UO280,RD6_F9_m6f9_P6_Y44_UO94,RD2_F3_m6f9_P6_Y44_UO329,FXX,2,0.0,1,0,1.0,0,0,0,-9999.0,0.5102716386318207,1,P3_CV0,1,1,1,2,0
6,6.211338327692949,7.937131414155586,RD6_F9_m6f9_P6_Y46_UO285,RD6_F3_m2f6_P2_Y44_UO37,RD9_F6_m9f2_P9_Y44_UO588,MXY,2,0.0,1,0,0.0,0,0,0,-9999.0,0.5106711685657501,1,P3_CV0,1,0,2,1,1
6,6.211338327692949,7.937131414155586,RD6_F9_m6f9_P6_Y46_UO286,RD6_F3_m2f6_P2_Y44_UO37,RD9_F6_m9f2_P9_Y44_UO588,MXY,2,0.0,1,0,0.0,0,0,0,-9999.0,0.5106711685657501,1,P3_CV0,1,1,1,2,0
6,6.211338327692949,7.937131414155586,RD6_F9_m6f9_P6_Y46_UO310,RD6_F9_m6f9_P6_Y44_UO199,RD9_F6_m9f2_P9_Y44_UO170,FXX,2,0.0,1,0,1.0,0,0,0,-9999.0,0.5098211169242859,1,P3_CV0,1,1,1,1,1
6,6.211338327692949,7.937131414155586,RD6_F9_m6f3_P6_Y46_UO497,RD6_F9_m2f5_P2_Y44_UO378,RD3_F2_m5f2_P5_Y44_UO298,MXY,2,0.0,1,0,0.0,0,0,0,-9999.0,0.5099611580371857,1,P3_CV0,1,2,0,0,2
6,6.211338327692949,7.937131414155586,RD6_F9_m6f3_P6_Y46_UO498,RD6_F9_m2f5_P2_Y44_UO378,RD3_F2_m5f2_P5_Y44_UO298,MXY,2,0.0,1,0,0.0,0,0,0,-9999.0,0.5099611580371857,1,P3_CV0,1,2,0,1,1
6,6.211338327692949,7.937131414155586,RD6_F9_m6f9_P6_Y46_UO511,RD6_F9_m6f9_P6_Y44_UO199,RD9_F6_m9f6_P9_Y44_UO205,MXY,2,0.0,1,0,0.0,0,0,0,-9999.0,0.5096069276332855,1,P3_CV0,1,2,0,1,1
6,6.211338327692949,7.937131414155586,RD6_F9_m6f3_P6_Y46_UO541,RD6_F3_m7f3_P7_Y44_UO436,RD3_F7_m4f8_P4_Y44_UO260,MXY,2,0.0,1,0,0.0,0,0,0,-9999.0,0.5104449391365051,1,P3_CV0,1,2,0,1,1
6,6.211338327692949,7.937131414155586,RD6_F9_m6f9_P6_Y46_UO575,RD6_F3_m2f6_P2_Y44_UO37,RD9_F6_m3f5_P3_Y44_UO147,FXX,2,0.0,1,0,1.0,0,0,0,-9999.0,0.5107314884662628,1,P3_CV0,1,0,2,2,0
6,6.211338327692949,7.937131414155586,RD6_F9_m6f3_P6_Y46_UO585,RD6_F9_m2f6_P2_Y44_UO289,RD3_F7_m3f6_P3_Y44_UO315,MXY,2,0.0,1,0,0.0,0,0,0,-9999.0,0.5101720988750458,1,P3_CV0,1,2,0,2,0
6,6.211338327692949,7.937131414155586,RD6_F9_m6f2_P6_Y46_UO635,RD6_F9_m6f3_P6_Y44_UO502,RD2_F6_m9f2_P9_Y44_UO529,MXY,2,0.0,1,0,0.0,0,0,0,-9999.0,0.5097914040088654,1,P3_CV0,1,0,2,0,2
6,6.211338327692949,7.937131414155586,RD6_F2_m2f9_P2_Y45_UO28,RD2_F3_m6f3_P6_Y43_UO230,RD9_F6_m2f3_P2_Y42_UO226,FXX,3,0.0,1,0,1.0,0,0,0,-9999.0,0.5097967982292175,1,P3_CV0,1,1,1,1,1
6,6.211338327692949,7.937131414155586,RD6_F2_m5f3_P5_Y44_UO666,RD5_F2_m3f7_P3_Y42_UO425,RD3_F5_m2f6_P2_Y40_UO22,MXY,4,0.0,1,0,0.0,0,0,0,-9999.0,0.5103070735931396,1,P3_CV0,1,1,1,1,1
6,6.211338327692949,7.937131414155586,RD6_F2_m3f5_P3_Y44_UO441,RD3_F6_m9f2_P9_Y42_UO579,RD5_F3_m7f4_P7_Y42_UO412,FXX,4,0.0,1,0,1.0,0,0,0,-9999.0,0.5111109614372253,1,P3_CV0,1,0,2,2,0
6,6.211338327692949,7.937131414155586,RD6_F9_m7f4_P7_Y44_UO548,RD7_F3_m6f9_P6_Y42_UO763,RD4_F8_m4f8_P4_Y42_UO252,MXY,4,0.0,1,0,0.0,0,0,0,-9999.0,0.510855495929718,1,P3_CV0,1,0,2,2,0
6,6.211338327692949,7.937131414155586,RD6_F9_m6f9_P6_Y44_UO96,RD6_F9_m2f9_P2_Y42_UO87,RD9_F6_m2f5_P2_Y42_UO415,MXY,4,0.0,1,0,0.0,0,0,0,-9999.0,0.5099265575408936,1,P3_CV0,1,1,1,2,0
6,6.211338327692949,7.937131414155586,RD6_F2_m2f6_P2_Y47_UO264,RD2_F3_m7f3_P7_Y45_UO77,RD6_F9_m9f2_P9_Y44_UO588,MXY,1,0.0,0,0,0.0,0,0,0,-9999.0,0.5106559693813324,1,P4_CV0,1,2,0,0,2
6,6.211338327692949,7.937131414155586,RD6_F2_m2f6_P2_Y47_UO272,RD2_F3_m7f3_P7_Y45_UO77,RD6_F9_m9f2_P9_Y44_UO588,FXX,1,0.0,0,0,0.0,0,0,0,-9999.0,0.5106559693813324,1,P4_CV0,1,0,2,1,1
6,6.211338327692949,7.937131414155586,RD6_F2_m5f3_P5_Y46_UO601,RD5_F1_m5f2_P5_Y44_UO297,RD3_F5_m1f5_P1_Y44_UO242,MXY,2,0.0,1,0,0.0,0,0,0,-9999.0,0.5098108053207397,1,P4_CV0,1,1,1,1,1
6,6.211338327692949,7.937131414155586,RD6_F3_m2f5_P2_Y46_UO294,RD2_F6_m9f2_P9_Y44_UO528,RD5_F1_m5f1_P5_Y44_UO352,FXX,2,0.0,1,0,1.0,0,0,0,-9999.0,0.5101771652698517,1,P4_CV0,1,0,2,0,2
6,6.211338327692949,7.937131414155586,RD6_F9_m2f5_P2_Y46_UO184,RD2_F3_m2f6_P2_Y44_UO800,RD5_F1_m5f3_P5_Y44_UO45,FXX,2,0.0,1,0,1.0,0,0,0,-9999.0,0.5096265077590942,1,P4_CV0,1,1,1,1,1
6,6.211338327692949,7.937131414155586,RD6_F9_m6f2_P6_Y46_UO41,RD6_F3_m6f9_P6_Y44_UO509,RD2_F6_m9f2_P9_Y44_UO529,MXY,2,0.0,1,0,0.0,0,0,0,-9999.0,0.5100326538085938,1,P4_CV0,1,0,2,0,2
6,6.211338327692949,7.937131414155586,RD6_F9_m6f3_P6_Y46_UO347,RD6_F9_m6f2_P6_Y44_UO787,RD3_F5_m1f5_P1_Y44_UO242,MXY,2,0.0,1,0,0.0,0,0,0,-9999.0,0.5099973082542419,1,P4_CV0,1,2,0,2,0
6,6.211338327692949,7.937131414155586,RD6_F9_m6f2_P6_Y46_UO572,RD6_F9_m2f5_P2_Y44_UO632,RD2_F3_m5f2_P5_Y44_UO75,FXX,2,0.0,1,0,1.0,0,0,0,-9999.0,0.5099167227745056,1,P4_CV0,1,1,1,1,1
6,6.211338327692949,7.937131414155586,RD6_F3_m5f2_P5_Y46_UO377,RD5_F2_m6f9_P6_Y44_UO698,RD2_F3_m6f9_P6_Y44_UO329,FXX,2,0.0,1,0,1.0,0,0,0,-9999.0,0.5103934407234192,1,P5_CV0,1,2,0,2,0
6,6.211338327692949,7.937131414155586,RD6_F3_m2f6_P2_Y46_UO647,RD2_F3_m2f6_P2_Y44_UO135,RD6_F9_m6f9_P6_Y44_UO512,FXX,2,0.0,1,0,1.0,0,0,0,-9999.0,0.5096387565135956,1,P5_CV0,1,1,1,2,0
6,6.211338327692949,7.937131414155586,RD6_F3_m7f4_P7_Y46_UO205,RD7_F3_m7f3_P7_Y44_UO6,RD4_F7_m3f7_P3_Y44_UO777,MXY,2,0.0,1,0,0.0,0,0,0,-9999.0,0.510220855474472,1,P5_CV0,1,1,1,1,1
6,6.211338327692949,7.937131414155586,RD6_F9_m2f6_P2_Y46_UO156,RD2_F5_m1f5_P1_Y44_UO411,RD6_F2_m9f6_P9_Y44_UO464,FXX,2,0.0,1,0,1.0,0,0,0,-9999.0,0.5103181004524231,1,P5_CV0,1,1,1,1,1
6,6.211338327692949,7.937131414155586,RD6_F2_m5f3_P5_Y46_UO376,RD5_F1_m5f3_P5_Y44_UO162,RD3_F7_m3f5_P3_Y44_UO768,FXX,2,0.0,1,0,1.0,0,0,0,-9999.0,0.5106220245361328,1,P7_CV0,1,1,1,1,1
6,6.211338327692949,7.937131414155586,RD6_F2_m5f1_P5_Y46_UO192,RD5_F1_m5f3_P5_Y44_UO575,RD1_F5_m1f5_P1_Y44_UO50,FXX,2,0.0,1,0,1.0,0,0,0,-9999.0,0.5101160407066345,1,P7_CV0,1,2,0,2,0
6,6.211338327692949,7.937131414155586,RD6_F9_m2f6_P2_Y46_UO164,RD2_F3_m2f6_P2_Y44_UO135,RD6_F2_m9f2_P9_Y44_UO140,MXY,2,0.0,1,0,0.0,0,0,0,-9999.0,0.510000616312027,1,P7_CV0,1,1,1,1,1
6,6.211338327692949,7.937131414155586,RD6_F9_m2f6_P2_Y46_UO165,RD2_F3_m2f6_P2_Y44_UO135,RD6_F2_m9f2_P9_Y44_UO140,MXY,2,0.0,1,0,0.0,0,0,0,-9999.0,0.510000616312027,1,P7_CV0,1,1,1,2,0
6,6.211338327692949,7.937131414155586,RD6_F2_m6f9_P6_Y46_UO692,RD6_F3_m7f4_P7_Y44_UO86,RD9_F6_m9f6_P9_Y44_UO468,FXX,2,0.0,1,0,1.0,0,0,0,-9999.0,0.510678768157959,1,P8_CV0,1,1,1,2,0
6,6.211338327692949,7.937131414155586,RD6_F3_m6f2_P6_Y46_UO172,RD6_F3_m7f3_P7_Y44_UO436,RD2_F5_m1f5_P1_Y44_UO262,MXY,2,0.0,1,0,0.0,0,0,0,-9999.0,0.5101281106472015,1,P8_CV0,1,2,0,1,1
6,6.211338327692949,7.937131414155586,RD6_F9_m2f9_P2_Y46_UO0,RD2_F3_m5f3_P5_Y44_UO191,RD9_F6_m9f6_P9_Y44_UO468,FXX,2,0.0,1,0,1.0,0,0,0,-9999.0,0.5101779401302338,1,P8_CV0,1,0,2,2,0
6,6.211338327692949,7.937131414155586,RD6_F9_m6f3_P6_Y46_UO38,RD6_F9_m6f9_P6_Y44_UO320,RD3_F5_m1f5_P1_Y44_UO754,FXX,2,0.0,1,0,1.0,0,0,0,-9999.0,0.5105637013912201,1,P8_CV0,1,0,2,0,2
6,6.211338327692949,7.937131414155586,RD6_F2_m9f6_P9_Y44_UO150,RD9_F2_m9f2_P9_Y42_UO275,RD6_F9_m6f9_P6_Y42_UO507,MXY,4,0.0,1,0,0.0,0,0,0,-9999.0,0.5102630853652954,1,P8_CV0,1,1,1,1,1
7,1.3457994534493356,7.703671818986196,RD7_F3_m2f5_P2_Y44_UO487,RD2_F3_m2f5_P2_Y42_UO431,RD5_F1_m5f2_P5_Y42_UO258,MXY,4,0.0,1,0,0.0,0,0,0,-9999.0,0.5105445384979248,1,P0_CV0,1,0,2,2,0
7,1.3457994534493356,7.703671818986196,RD7_F3_m7f4_P7_Y46_UO56,RD7_F3_m7f3_P7_Y44_UO746,RD4_F8_m4f7_P4_Y44_UO440,MXY,2,0.0,1,0,0.0,0,0,0,-9999.0,0.5103675127029419,1,P1_CV0,1,1,1,2,0
7,1.3457994534493356,7.703671818986196,RD7_F4_m7f4_P7_Y46_UO54,RD7_F3_m7f3_P7_Y44_UO746,RD4_F8_m4f7_P4_Y44_UO440,MXY,2,0.0,1,0,0.0,0,0,0,-9999.0,0.5103675127029419,1,P1_CV0,1,0,2,1,1
7,1.3457994534493356,7.703671818986196,RD7_F4_m7f4_P7_Y46_UO223,RD7_F3_m2f6_P2_Y44_UO222,RD4_F8_m4f8_P4_Y44_UO576,FXX,2,0.0,1,0,1.0,0,0,0,-9999.0,0.5104190111160278,1,P1_CV0,1,0,2,1,1
7,1.3457994534493356,7.703671818986196,RD7_F3_m3f2_P3_Y47_UO103,RD3_F2_m6f2_P6_Y45_UO130,RD2_F6_m2f3_P2_Y44_UO201,FXX,1,0.0,0,0,0.0,0,0,0,-9999.0,0.5105750560760498,1,P3_CV0,1,2,0,0,2
7,1.3457994534493356,7.703671818986196,RD7_F3_m3f2_P3_Y47_UO109,RD3_F2_m6f2_P6_Y45_UO130,RD2_F6_m2f3_P2_Y44_UO201,MXY,1,0.0,0,0,0.0,0,0,0,-9999.0,0.5105750560760498,1,P3_CV0,1,2,0,2,0
7,1.3457994534493356,7.703671818986196,RD7_F3_m3f2_P3_Y47_UO110,RD3_F2_m6f2_P6_Y45_UO130,RD2_F6_m2f3_P2_Y44_UO201,MXY,1,0.0,0,0,0.0,0,0,0,-9999.0,0.5105750560760498,1,P3_CV0,1,2,0,1,1
7,1.3457994534493356,7.703671818986196,RD7_F3_m6f9_P6_Y46_UO311,RD6_F9_m6f9_P6_Y44_UO199,RD9_F6_m9f2_P9_Y44_UO170,FXX,2,0.0,1,0,1.0,0,0,0,-9999.0,0.5098211169242859,1,P3_CV0,1,1,1,1,1
7,1.3457994534493356,7.703671818986196,RD7_F3_m7f4_P7_Y46_UO219,RD7_F4_m8f4_P8_Y44_UO797,RD4_F8_m4f8_P4_Y44_UO258,MXY,2,0.0,1,0,0.0,0,0,0,-9999.0,0.5106622874736786,1,P3_CV0,1,1,1,1,1
7,1.3457994534493356,7.703671818986196,RD7_F3_m5f2_P5_Y46_UO406,RD5_F1_m5f3_P5_Y44_UO29,RD2_F5_m2f6_P2_Y44_UO418,MXY,2,0.0,1,0,0.0,0,0,0,-9999.0,0.5100230872631073,1,P3_CV0,1,1,1,2,0
7,1.3457994534493356,7.703671818986196,RD7_F3_m7f4_P7_Y46_UO243,RD7_F3_m5f1_P5_Y44_UO210,RD4_F8_m4f7_P4_Y44_UO80,MXY,2,0.0,1,0,0.0,0,0,0,-9999.0,0.5100268423557281,1,P3_CV0,1,1,1,0,2
7,1.3457994534493356,7.703671818986196,RD7_F3_m6f3_P6_Y46_UO553,RD6_F3_m2f6_P2_Y44_UO37,RD3_F5_m3f6_P3_Y44_UO347,MXY,2,0.0,1,0,0.0,0,0,0,-9999.0,0.5100563764572144,1,P3_CV0,1,1,1,2,0
7,1.3457994534493356,7.703671818986196,RD7_F3_m7f4_P7_Y46_UO629,RD7_F3_m2f6_P2_Y44_UO91,RD4_F7_m3f7_P3_Y44_UO516,FXX,2,0.0,1,0,1.0,0,0,0,-9999.0,0.5098539292812347,1,P3_CV0,1,2,0,2,0
7,1.3457994534493356,7.703671818986196,RD7_F3_m2f6_P2_Y46_UO494,RD2_F3_m7f3_P7_Y44_UO83,RD6_F9_m2f6_P2_Y44_UO88,MXY,2,0.0,1,0,0.0,0,0,0,-9999.0,0.5100426375865936,1,P3_CV0,1,0,2,2,0
7,1.3457994534493356,7.703671818986196,RD7_F3_m6f2_P6_Y46_UO216,RD6_F3_m7f4_P7_Y44_UO86,RD2_F3_m2f9_P2_Y44_UO391,FXX,2,0.0,1,0,1.0,0,0,0,-9999.0,0.5101202130317688,1,P3_CV0,1,1,1,2,0
7,1.3457994534493356,7.703671818986196,RD7_F3_m6f3_P6_Y46_UO267,RD6_F3_m2f9_P2_Y44_UO696,RD3_F7_m4f7_P4_Y44_UO439,MXY,2,0.0,1,0,0.0,0,0,0,-9999.0,0.5104260444641113,1,P3_CV0,1,0,2,1,1
7,1.3457994534493356,7.703671818986196,RD7_F3_m7f3_P7_Y46_UO398,RD7_F4_m8f4_P8_Y44_UO569,RD3_F7_m3f6_P3_Y44_UO386,MXY,2,0.0,1,0,0.0,0,0,0,-9999.0,0.5102706849575043,1,P3_CV0,1,2,0,1,1
7,1.3457994534493356,7.703671818986196,RD7_F3_m5f3_P5_Y46_UO356,RD5_F1_m5f3_P5_Y44_UO46,RD3_F7_m3f7_P3_Y44_UO514,MXY,2,0.0,1,0,0.0,0,0,0,-9999.0,0.5097493529319763,1,P3_CV0,1,0,2,2,0
7,1.3457994534493356,7.703671818986196,RD7_F3_m6f2_P6_Y46_UO423,RD6_F3_m7f3_P7_Y44_UO436,RD2_F5_m1f5_P1_Y44_UO119,FXX,2,0.0,1,0,1.0,0,0,0,-9999.0,0.5103347301483154,1,P3_CV0,1,1,1,1,1
7,1.3457994534493356,7.703671818986196,RD7_F4_m7f3_P7_Y46_UO114,RD7_F4_m8f4_P8_Y44_UO373,RD3_F6_m6f2_P6_Y43_UO186,FXX,2,0.0,1,0,1.0,0,0,0,-9999.0,0.510597437620163,1,P3_CV0,1,2,0,2,0
7,1.3457994534493356,7.703671818986196,RD7_F4_m7f4_P7_Y46_UO98,RD7_F4_m8f4_P8_Y44_UO109,RD4_F7_m4f7_P4_Y44_UO773,MXY,2,0.0,1,0,0.0,0,0,0,-9999.0,0.5108385980129242,1,P3_CV0,1,0,2,1,1
7,1.3457994534493356,7.703671818986196,RD7_F4_m8f4_P8_Y46_UO15,RD8_F4_m8f4_P8_Y44_UO504,RD4_F7_m4f7_P4_Y44_UO722,MXY,2,0.0,1,0,0.0,0,0,0,-9999.0,0.510457843542099,1,P3_CV0,1,1,1,1,1
7,1.3457994534493356,7.703671818986196,RD7_F4_m8f4_P8_Y46_UO304,RD8_F4_m7f3_P7_Y44_UO434,RD4_F8_m4f8_P4_Y44_UO258,FXX,2,0.0,1,0,1.0,0,0,0,-9999.0,0.5104449391365051,1,P3_CV0,1,1,1,1,1
7,1.3457994534493356,7.703671818986196,RD7_F4_m8f4_P8_Y46_UO588,RD8_F4_m7f4_P7_Y44_UO546,RD4_F8_m4f8_P4_Y44_UO324,FXX,2,0.0,1,0,1.0,0,0,0,-9999.0,0.510559469461441,1,P3_CV0,1,0,2,2,0
7,1.3457994534493356,7.703671818986196,RD7_F4_m8f4_P8_Y46_UO89,RD8_F4_m7f3_P7_Y44_UO176,RD4_F7_m4f8_P4_Y44_UO581,FXX,2,0.0,1,0,1.0,0,0,0,-9999.0,0.5107774436473846,1,P3_CV0,1,2,0,0,2
7,1.3457994534493356,7.703671818986196,RD7_F4_m8f4_P8_Y46_UO120,RD8_F4_m7f3_P7_Y44_UO744,RD4_F7_m4f8_P4_Y44_UO619,FXX,2,0.0,1,0,1.0,0,0,0,-9999.0,0.5100381672382355,1,P3_CV0,1,1,1,1,1
7,1.3457994534493356,7.703671818986196,RD7_F4_m8f4_P8_Y46_UO85,RD8_F4_m7f3_P7_Y44_UO309,RD4_F8_m4f8_P4_Y44_UO621,FXX,2,0.0,1,0,1.0,0,0,0,-9999.0,0.5096065104007721,1,P3_CV0,1,0,2,0,2
7,1.3457994534493356,7.703671818986196,RD7_F4_m7f3_P7_Y46_UO262,RD7_F4_m8f4_P8_Y44_UO109,RD3_F7_m3f6_P3_Y44_UO386,FXX,2,0.0,1,0,1.0,0,0,0,-9999.0,0.5103369951248169,1,P3_CV0,1,1,1,1,1
7,1.3457994534493356,7.703671818986196,RD7_F4_m8f4_P8_Y46_UO670,RD8_F4_m7f3_P7_Y44_UO176,RD4_F8_m4f7_P4_Y44_UO561,MXY,2,0.0,1,0,0.0,0,0,0,-9999.0,0.5101202428340912,1,P3_CV0,1,1,1,0,2
7,1.3457994534493356,7.703671818986196,RD7_F4_m7f4_P7_Y46_UO206,RD7_F3_m7f3_P7_Y44_UO6,RD4_F7_m3f7_P3_Y44_UO777,FXX,2,0.0,1,0,1.0,0,0,0,-9999.0,0.510220855474472,1,P3_CV0,1,1,1,2,0
7,1.3457994534493356,7.703671818986196,RD7_F4_m8f4_P8_Y46_UO26,RD8_F4_m8f4_P8_Y44_UO98,RD4_F7_m3f7_P3_Y44_UO777,MXY,2,0.0,1,0,0.0,0,0,0,-9999.0,0.5109515488147736,1,P3_CV0,1,2,0,2,0
7,1.3457994534493356,7.703671818986196,RD7_F4_m7f3_P7_Y46_UO634,RD7_F3_m2f9_P2_Y44_UO695,RD3_F7_m3f6_P3_Y44_UO349,MXY,2,0.0,1,0,0.0,0,0,0,-9999.0,0.5101781785488129,1,P3_CV0,1,0,2,1,1
7,1.3457994534493356,7.703671818986196,RD7_F4_m8f4_P8_Y46_UO110,RD8_F4_m8f4_P8_Y44_UO612,RD4_F7_m3f7_P3_Y44_UO516,MXY,2,0.0,1,0,0.0,0,0,0,-9999.0,0.5101202428340912,1,P3_CV0,1,2,0,2,0
7,1.3457994534493356,7.703671818986196,RD7_F4_m7f3_P7_Y46_UO598,RD7_F4_m7f3_P7_Y44_UO552,RD3_F7_m3f7_P3_Y44_UO514,FXX,2,0.0,1,0,1.0,0,0,0,-9999.0,0.5101839900016785,1,P3_CV0,1,1,1,2,0
7,1.3457994534493356,7.703671818986196,RD7_F3_m2f6_P2_Y44_UO88,RD2_F5_m1f5_P1_Y42_UO666,RD6_F3_m7f4_P7_Y42_UO114,MXY,4,0.0,1,0,0.0,0,0,0,-9999.0,0.5097630023956299,1,P3_CV0,1,1,1,2,0
7,1.3457994534493356,7.703671818986196,RD7_F3_m7f3_P7_Y46_UO632,RD7_F3_m2f9_P2_Y44_UO695,RD3_F7_m3f6_P3_Y44_UO349,MXY,2,0.0,1,0,0.0,0,0,0,-9999.0,0.5101781785488129,1,P4_CV0,1,0,2,1,1
7,1.3457994534493356,7.703671818986196,RD7_F3_m5f1_P5_Y46_UO64,RD5_F2_m6f9_P6_Y44_UO698,RD1_F5_m2f9_P2_Y44_UO24,FXX,2,0.0,1,0,1.0,0,0,0,-9999.0,0.5101114511489868,1,P4_CV0,1,1,1,1,1
7,1.3457994534493356,7.703671818986196,RD7_F3_m2f6_P2_Y46_UO595,RD2_F9_m6f9_P6_Y44_UO510,RD6_F9_m6f3_P6_Y44_UO451,MXY,2,0.0,1,0,0.0,0,0,0,-9999.0,0.5098291039466858,1,P4_CV0,1,1,1,1,1
7,1.3457994534493356,7.703671818986196,RD7_F3_m2f6_P2_Y46_UO490,RD2_F3_m7f3_P7_Y44_UO83,RD6_F9_m2f6_P2_Y44_UO88,MXY,2,0.0,1,0,0.0,0,0,0,-9999.0,0.5100426375865936,1,P4_CV0,1,0,2,2,0
7,1.3457994534493356,7.703671818986196,RD7_F3_m7f4_P7_Y46_UO535,RD7_F3_m7f3_P7_Y44_UO746,RD4_F8_m4f7_P4_Y44_UO79,MXY,2,0.0,1,0,0.0,0,0,0,-9999.0,0.5102548897266388,1,P4_CV0,1,1,1,1,1
7,1.3457994534493356,7.703671818986196,RD7_F4_m8f4_P8_Y46_UO324,RD8_F4_m8f4_P8_Y44_UO110,RD4_F8_m4f8_P4_Y44_UO643,MXY,2,0.0,1,0,0.0,0,0,0,-9999.0,0.510408878326416,1,P4_CV0,1,0,2,2,0
7,1.3457994534493356,7.703671818986196,RD7_F4_m7f3_P7_Y46_UO169,RD7_F3_m7f4_P7_Y44_UO729,RD3_F7_m3f5_P3_Y44_UO768,FXX,2,0.0,1,0,1.0,0,0,0,-9999.0,0.510199248790741,1,P4_CV0,1,1,1,0,2
7,1.3457994534493356,7.703671818986196,RD7_F4_m8f4_P8_Y46_UO129,RD8_F4_m8f4_P8_Y44_UO287,RD4_F7_m5f2_P5_Y43_UO126,FXX,2,0.0,1,0,1.0,0,0,0,-9999.0,0.5097652077674866,1,P4_CV0,1,1,1,1,1
7,1.3457994534493356,7.703671818986196,RD7_F4_m8f4_P8_Y46_UO604,RD8_F4_m8f4_P8_Y44_UO288,RD4_F8_m4f8_P4_Y44_UO579,FXX,2,0.0,1,0,1.0,0,0,0,-9999.0,0.5100431740283966,1,P4_CV0,1,2,0,1,1
7,1.3457994534493356,7.703671818986196,RD7_F4_m8f4_P8_Y46_UO151,RD8_F4_m7f4_P7_Y44_UO728,RD4_F7_m4f8_P4_Y44_UO353,FXX,2,0.0,1,0,1.0,0,0,0,-9999.0,0.510400652885437,1,P4_CV0,1,0,2,2,0
7,1.3457994534493356,7.703671818986196,RD7_F4_m7f4_P7_Y46_UO414,RD7_F3_m2f6_P2_Y44_UO222,RD4_F7_m4f8_P4_Y44_UO353,MXY,2,0.0,1,0,0.0,0,0,0,-9999.0,0.5103694796562195,1,P4_CV0,1,0,2,2,0
7,1.3457994534493356,7.703671818986196,RD7_F4_m7f3_P7_Y44_UO358,RD7_F3_m7f3_P7_Y42_UO248,RD3_F2_m9f2_P9_Y42_UO297,FXX,4,0.0,1,0,1.0,0,0,0,-9999.0,0.5098963379859924,1,P4_CV0,1,1,1,0,2
7,1.3457994534493356,7.703671818986196,RD7_F4_m7f3_P7_Y44_UO270,RD7_F3_m5f2_P5_Y42_UO113,RD3_F5_m1f5_P1_Y42_UO67,FXX,4,0.0,1,0,1.0,0,0,0,-9999.0,0.510104238986969,1,P4_CV0,1,1,1,0,2
7,1.3457994534493356,7.703671818986196,RD7_F3_m7f4_P7_Y46_UO569,RD7_F3_m2f3_P2_Y44_UO719,RD4_F7_m4f7_P4_Y44_UO773,MXY,2,0.0,1,0,0.0,0,0,0,-9999.0,0.5103346705436707,1,P5_CV0,1,0,2,2,0
7,1.3457994534493356,7.703671818986196,RD7_F3_m2f3_P2_Y46_UO656,RD2_F5_m1f5_P1_Y44_UO54,RD3_F7_m3f6_P3_Y44_UO386,FXX,2,0.0,1,0,1.0,0,0,0,-9999.0,0.510242760181427,1,P5_CV0,1,1,1,2,0
7,1.3457994534493356,7.703671818986196,RD7_F3_m7f4_P7_Y46_UO315,RD7_F4_m7f4_P7_Y44_UO544,RD4_F7_m6f2_P6_Y43_UO45,FXX,2,0.0,1,0,1.0,0,0,0,-9999.0,0.5103839039802551,1,P5_CV0,1,1,1,0,2
7,1.3457994534493356,7.703671818986196,RD7_F3_m2f3_P2_Y46_UO655,RD2_F5_m1f5_P1_Y44_UO54,RD3_F7_m3f6_P3_Y44_UO386,FXX,2,0.0,1,0,1.0,0,0,0,-9999.0,0.510242760181427,1,P5_CV0,1,1,1,2,0
7,1.3457994534493356,7.703671818986196,RD7_F3_m7f4_P7_Y46_UO12,RD7_F4_m8f4_P8_Y44_UO782,RD4_F8_m4f8_P4_Y44_UO621,FXX,2,0.0,1,0,1.0,0,0,0,-9999.0,0.5104294419288635,1,P5_CV0,1,2,0,0,2
7,1.3457994534493356,7.703671818986196,RD7_F4_m7f3_P7_Y46_UO618,RD7_F4_m7f4_P7_Y44_UO544,RD3_F2_m9f6_P9_Y44_UO556,MXY,2,0.0,1,0,0.0,0,0,0,-9999.0,0.5105186104774475,1,P5_CV0,1,1,1,1,1
7,1.3457994534493356,7.703671818986196,RD7_F4_m8f4_P8_Y46_UO23,RD8_F4_m8f4_P8_Y44_UO98,RD4_F7_m3f7_P3_Y44_UO777,FXX,2,0.0,1,0,1.0,0,0,0,-9999.0,0.5109515488147736,1,P5_CV0,1,2,0,1,1
7,1.3457994534493356,7.703671818986196,RD7_F3_m6f9_P6_Y44_UO331,RD6_F2_m6f9_P6_Y42_UO571,RD9_F6_m9f6_P9_Y42_UO345,MXY,4,0.0,1,0,0.0,0,0,0,-9999.0,0.5106167197227478,1,P5_CV0,1,2,0,2,0
7,1.3457994534493356,7.703671818986196,RD7_F3_m3f2_P3_Y47_UO102,RD3_F2_m6f2_P6_Y45_UO130,RD2_F6_m2f3_P2_Y44_UO201,MXY,1,0.0,0,0,0.0,0,0,0,-9999.0,0.5105750560760498,1,P7_CV0,1,2,0,2,0
7,1.3457994534493356,7.703671818986196,RD7_F3_m3f2_P3_Y47_UO105,RD3_F2_m6f2_P6_Y45_UO130,RD2_F6_m2f3_P2_Y44_UO201,FXX,1,0.0,0,0,0.0,0,0,0,-9999.0,0.5105750560760498,1,P7_CV0,1,1,1,0,2
7,1.3457994534493356,7.703671818986196,RD7_F3_m3f2_P3_Y47_UO106,RD3_F2_m6f2_P6_Y45_UO130,RD2_F6_m2f3_P2_Y44_UO201,FXX,1,0.0,0,0,0.0,0,0,0,-9999.0,0.5105750560760498,1,P7_CV0,1,2,0,1,1
7,1.3457994534493356,7.703671818986196,RD7_F3_m3f2_P3_Y47_UO111,RD3_F2_m6f2_P6_Y45_UO130,RD2_F6_m2f3_P2_Y44_UO201,MXY,1,0.0,0,0,0.0,0,0,0,-9999.0,0.5105750560760498,1,P7_CV0,1,2,0,2,0
7,1.3457994534493356,7.703671818986196,RD7_F4_m8f4_P8_Y46_UO487,RD8_F4_m8f4_P8_Y44_UO469,RD4_F8_m4f7_P4_Y44_UO724,FXX,2,0.0,1,0,1.0,0,0,0,-9999.0,0.5105696618556976,1,P7_CV0,1,2,0,2,0
7,1.3457994534493356,7.703671818986196,RD7_F4_m8f4_P8_Y46_UO136,RD8_F4_m8f4_P8_Y44_UO504,RD4_F8_m4f8_P4_Y44_UO35,MXY,2,0.0,1,0,0.0,0,0,0,-9999.0,0.510229080915451,1,P7_CV0,1,0,2,2,0
7,1.3457994534493356,7.703671818986196,RD7_F4_m8f4_P8_Y46_UO137,RD8_F4_m8f4_P8_Y44_UO504,RD4_F8_m4f8_P4_Y44_UO35,FXX,2,0.0,1,0,1.0,0,0,0,-9999.0,0.510229080915451,1,P7_CV0,1,1,1,0,2
7,1.3457994534493356,7.703671818986196,RD7_F4_m8f4_P8_Y46_UO17,RD8_F4_m8f4_P8_Y44_UO504,RD4_F7_m4f7_P4_Y44_UO722,FXX,2,0.0,1,0,1.0,0,0,0,-9999.0,0.510457843542099,1,P7_CV0,1,2,0,2,0
7,1.3457994534493356,7.703671818986196,RD7_F4_m8f4_P8_Y46_UO127,RD8_F4_m8f4_P8_Y44_UO287,RD4_F7_m5f2_P5_Y43_UO126,FXX,2,0.0,1,0,1.0,0,0,0,-9999.0,0.5097652077674866,1,P8_CV0,1,1,1,0,2
8,1.8443986564691528,11.780027217250101,RD8_F4_m7f3_P7_Y46_UO352,RD7_F3_m2f6_P2_Y44_UO222,RD3_F7_m3f5_P3_Y44_UO768,FXX,2,0.0,1,0,1.0,0,0,0,-9999.0,0.5101680755615234,1,P1_CV0,1,1,1,1,1
8,1.8443986564691528,11.780027217250101,RD8_F4_m7f3_P7_Y46_UO620,RD7_F4_m7f4_P7_Y44_UO607,RD3_F2_m5f2_P5_Y44_UO298,FXX,2,0.0,1,0,1.0,0,0,0,-9999.0,0.5101504027843475,1,P3_CV0,1,2,0,2,0
8,1.8443986564691528,11.780027217250101,RD8_F4_m7f3_P7_Y46_UO545,RD7_F3_m2f6_P2_Y44_UO222,RD3_F5_m3f6_P3_Y44_UO347,FXX,2,0.0,1,0,1.0,0,0,0,-9999.0,0.5101803243160248,1,P3_CV0,1,1,1,2,0
8,1.8443986564691528,11.780027217250101,RD8_F4_m7f4_P7_Y46_UO344,RD7_F4_m8f4_P8_Y44_UO569,RD4_F7_m6f2_P6_Y43_UO45,FXX,2,0.0,1,0,1.0,0,0,0,-9999.0,0.5103269219398499,1,P3_CV0,1,1,1,0,2
8,1.8443986564691528,11.780027217250101,RD8_F4_m7f4_P7_Y46_UO242,RD7_F3_m5f1_P5_Y44_UO210,RD4_F8_m4f7_P4_Y44_UO80,MXY,2,0.0,1,0,0.0,0,0,0,-9999.0,0.5100268423557281,1,P3_CV0,1,1,1,0,2
8,1.8443986564691528,11.780027217250101,RD8_F4_m8f4_P8_Y46_UO162,RD8_F4_m7f4_P7_Y44_UO778,RD4_F8_m4f7_P4_Y44_UO79,FXX,2,0.0,1,0,1.0,0,0,0,-9999.0,0.5100506544113159,1,P3_CV0,1,1,1,2,0
8,1.8443986564691528,11.780027217250101,RD8_F4_m8f4_P8_Y46_UO161,RD8_F4_m7f4_P7_Y44_UO778,RD4_F8_m4f7_P4_Y44_UO79,FXX,2,0.0,1,0,1.0,0,0,0,-9999.0,0.5100506544113159,1,P3_CV0,1,2,0,1,1
8,1.8443986564691528,11.780027217250101,RD8_F4_m7f4_P7_Y46_UO331,RD7_F4_m7f3_P7_Y44_UO358,RD4_F8_m4f7_P4_Y44_UO80,FXX,2,0.0,1,0,1.0,0,0,0,-9999.0,0.5100516080856323,1,P3_CV0,1,2,0,0,2
8,1.8443986564691528,11.780027217250101,RD8_F4_m7f3_P7_Y46_UO72,RD7_F4_m8f4_P8_Y44_UO478,RD3_F7_m3f6_P3_Y44_UO315,FXX,2,0.0,1,0,1.0,0,0,0,-9999.0,0.5102749764919281,1,P3_CV0,1,2,0,2,0
8,1.8443986564691528,11.780027217250101,RD8_F4_m7f4_P7_Y46_UO578,RD7_F4_m7f3_P7_Y44_UO684,RD4_F7_m4f7_P4_Y44_UO722,FXX,2,0.0,1,0,1.0,0,0,0,-9999.0,0.510221004486084,1,P3_CV0,1,2,0,1,1
8,1.8443986564691528,11.780027217250101,RD8_F4_m7f4_P7_Y46_UO584,RD7_F4_m8f4_P8_Y44_UO569,RD4_F7_m4f8_P4_Y44_UO353,MXY,2,0.0,1,0,0.0,0,0,0,-9999.0,0.5103909373283386,1,P3_CV0,1,0,2,1,1
8,1.8443986564691528,11.780027217250101,RD8_F4_m8f4_P8_Y46_UO113,RD8_F4_m8f4_P8_Y44_UO612,RD4_F7_m3f7_P3_Y44_UO516,FXX,2,0.0,1,0,1.0,0,0,0,-9999.0,0.5101202428340912,1,P3_CV0,1,1,1,1,1
8,1.8443986564691528,11.780027217250101,RD8_F4_m8f4_P8_Y46_UO94,RD8_F4_m8f4_P8_Y44_UO469,RD4_F7_m3f7_P3_Y44_UO516,MXY,2,0.0,1,0,0.0,0,0,0,-9999.0,0.5102315545082092,1,P3_CV0,1,1,1,2,0
8,1.8443986564691528,11.780027217250101,RD8_F4_m7f4_P7_Y46_UO11,RD7_F4_m8f4_P8_Y44_UO782,RD4_F8_m4f8_P4_Y44_UO621,MXY,2,0.0,1,0,0.0,0,0,0,-9999.0,0.5104294419288635,1,P3_CV0,1,1,1,0,2
8,1.8443986564691528,11.780027217250101,RD8_F4_m8f4_P8_Y46_UO557,RD8_F4_m8f4_P8_Y44_UO98,RD4_F8_m4f8_P4_Y44_UO643,FXX,2,0.0,1,0,1.0,0,0,0,-9999.0,0.5107888877391815,1,P3_CV0,1,2,0,1,1
8,1.8443986564691528,11.780027217250101,RD8_F4_m8f4_P8_Y46_UO696,RD8_F4_m7f3_P7_Y44_UO309,RD4_F7_m4f8_P4_Y44_UO619,FXX,2,0.0,1,0,1.0,0,0,0,-9999.0,0.5096065104007721,1,P3_CV0,1,1,1,0,2
8,1.8443986564691528,11.780027217250101,RD8_F4_m7f4_P7_Y46_UO485,RD7_F4_m8f4_P8_Y44_UO109,RD4_F7_m4f7_P4_Y44_UO253,FXX,2,0.0,1,0,1.0,0,0,0,-9999.0,0.5103404521942139,1,P3_CV0,1,0,2,1,1
8,1.8443986564691528,11.780027217250101,RD8_F4_m8f4_P8_Y46_UO488,RD8_F4_m8f4_P8_Y44_UO469,RD4_F8_m4f7_P4_Y44_UO724,FXX,2,0.0,1,0,1.0,0,0,0,-9999.0,0.5105696618556976,1,P3_CV0,1,1,1,2,0
8,1.8443986564691528,11.780027217250101,RD8_F4_m7f3_P7_Y46_UO544,RD7_F3_m2f6_P2_Y44_UO222,RD3_F5_m3f6_P3_Y44_UO347,FXX,2,0.0,1,0,1.0,0,0,0,-9999.0,0.5101803243160248,1,P3_CV0,1,1,1,1,1
8,1.8443986564691528,11.780027217250101,RD8_F4_m8f4_P8_Y44_UO797,RD8_F4_m7f4_P7_Y42_UO725,RD4_F8_m4f7_P4_Y42_UO722,FXX,4,0.0,1,0,1.0,0,0,0,-9999.0,0.5105172395706177,1,P3_CV0,1,0,2,2,0
8,1.8443986564691528,11.780027217250101,RD8_F4_m8f4_P8_Y46_UO150,RD8_F4_m7f4_P7_Y44_UO728,RD4_F7_m4f8_P4_Y44_UO353,MXY,2,0.0,1,0,0.0,0,0,0,-9999.0,0.510400652885437,1,P4_CV0,1,0,2,1,1
8,1.8443986564691528,11.780027217250101,RD8_F4_m7f4_P7_Y46_UO227,RD7_F3_m7f3_P7_Y44_UO6,RD4_F8_m4f8_P4_Y44_UO579,FXX,2,0.0,1,0,1.0,0,0,0,-9999.0,0.5099141895771027,1,P4_CV0,1,2,0,2,0
8,1.8443986564691528,11.780027217250101,RD8_F4_m7f3_P7_Y46_UO471,RD7_F3_m7f3_P7_Y44_UO746,RD3_F2_m9f2_P9_Y44_UO636,MXY,2,0.0,1,0,0.0,0,0,0,-9999.0,0.5101700127124786,1,P4_CV0,1,1,1,0,2
8,1.8443986564691528,11.780027217250101,RD8_F4_m8f4_P8_Y46_UO440,RD8_F4_m8f4_P8_Y44_UO58,RD4_F8_m4f8_P4_Y44_UO579,FXX,2,0.0,1,0,1.0,0,0,0,-9999.0,0.5102239847183228,1,P4_CV0,1,2,0,0,2
8,1.8443986564691528,11.780027217250101,RD8_F4_m8f4_P8_Y46_UO698,RD8_F4_m7f3_P7_Y44_UO309,RD4_F7_m4f8_P4_Y44_UO619,MXY,2,0.0,1,0,0.0,0,0,0,-9999.0,0.5096065104007721,1,P4_CV0,1,2,0,1,1
8,1.8443986564691528,11.780027217250101,RD8_F4_m8f4_P8_Y46_UO130,RD8_F4_m8f4_P8_Y44_UO287,RD4_F7_m5f2_P5_Y43_UO126,MXY,2,0.0,1,0,0.0,0,0,0,-9999.0,0.5097652077674866,1,P4_CV0,1,1,1,1,1
8,1.8443986564691528,11.780027217250101,RD8_F4_m8f4_P8_Y46_UO200,RD8_F4_m8f4_P8_Y44_UO288,RD4_F7_m5f2_P5_Y43_UO126,MXY,2,0.0,1,0,0.0,0,0,0,-9999.0,0.5097652077674866,1,P4_CV0,1,0,2,0,2
8,1.8443986564691528,11.780027217250101,RD8_F4_m8f4_P8_Y46_UO86,RD8_F4_m7f3_P7_Y44_UO309,RD4_F8_m4f8_P4_Y44_UO621,FXX,2,0.0,1,0,1.0,0,0,0,-9999.0,0.5096065104007721,1,P4_CV0,1,2,0,0,2
8,1.8443986564691528,11.780027217250101,RD8_F4_m7f4_P7_Y46_UO415,RD7_F3_m2f6_P2_Y44_UO222,RD4_F7_m4f8_P4_Y44_UO353,FXX,2,0.0,1,0,1.0,0,0,0,-9999.0,0.5103694796562195,1,P4_CV0,1,0,2,2,0
8,1.8443986564691528,11.780027217250101,RD8_F4_m8f4_P8_Y46_UO323,RD8_F4_m8f4_P8_Y44_UO110,RD4_F8_m4f8_P4_Y44_UO643,MXY,2,0.0,1,0,0.0,0,0,0,-9999.0,0.510408878326416,1,P4_CV0,1,1,1,1,1
8,1.8443986564691528,11.780027217250101,RD8_F4_m8f4_P8_Y46_UO603,RD8_F4_m8f4_P8_Y44_UO288,RD4_F8_m4f8_P4_Y44_UO579,FXX,2,0.0,1,0,1.0,0,0,0,-9999.0,0.5100431740283966,1,P4_CV0,1,2,0,1,1
8,1.8443986564691528,11.780027217250101,RD8_F4_m7f4_P7_Y46_UO416,RD7_F3_m2f6_P2_Y44_UO222,RD4_F7_m4f8_P4_Y44_UO353,MXY,2,0.0,1,0,0.0,0,0,0,-9999.0,0.5103694796562195,1,P4_CV0,1,0,2,2,0
8,1.8443986564691528,11.780027217250101,RD8_F4_m7f4_P7_Y46_UO417,RD7_F3_m2f6_P2_Y44_UO222,RD4_F7_m4f8_P4_Y44_UO353,FXX,2,0.0,1,0,1.0,0,0,0,-9999.0,0.5103694796562195,1,P4_CV0,1,0,2,2,0
8,1.8443986564691528,11.780027217250101,RD8_F4_m2f9_P2_Y44_UO695,RD2_F9_m2f5_P2_Y42_UO413,RD9_F2_m3f5_P3_Y42_UO654,FXX,4,0.0,1,0,1.0,0,0,0,-9999.0,0.5104199647903442,1,P4_CV0,1,0,2,1,1
8,1.8443986564691528,11.780027217250101,RD8_F4_m7f4_P7_Y44_UO609,RD7_F3_m6f9_P6_Y42_UO763,RD4_F8_m4f8_P4_Y42_UO732,MXY,4,0.0,1,0,0.0,0,0,0,-9999.0,0.5102335810661316,1,P4_CV0,1,2,0,2,0
8,1.8443986564691528,11.780027217250101,RD8_F4_m7f3_P7_Y46_UO116,RD7_F4_m7f3_P7_Y44_UO552,RD3_F6_m9f2_P9_Y44_UO674,FXX,2,0.0,1,0,1.0,0,0,0,-9999.0,0.5100687742233276,1,P5_CV0,1,2,0,0,2
8,1.8443986564691528,11.780027217250101,RD8_F4_m7f3_P7_Y46_UO400,RD7_F4_m7f4_P7_Y44_UO544,RD3_F2_m9f6_P9_Y44_UO556,FXX,2,0.0,1,0,1.0,0,0,0,-9999.0,0.5105186104774475,1,P5_CV0,1,1,1,1,1
8,1.8443986564691528,11.780027217250101,RD8_F4_m7f4_P7_Y46_UO314,RD7_F4_m7f4_P7_Y44_UO544,RD4_F7_m6f2_P6_Y43_UO45,FXX,2,0.0,1,0,1.0,0,0,0,-9999.0,0.5103839039802551,1,P5_CV0,1,1,1,1,1
8,1.8443986564691528,11.780027217250101,RD8_F4_m8f4_P8_Y46_UO297,RD8_F4_m7f4_P7_Y44_UO546,RD4_F7_m3f7_P3_Y44_UO777,FXX,2,0.0,1,0,1.0,0,0,0,-9999.0,0.5106993913650513,1,P5_CV0,1,1,1,2,0
8,1.8443986564691528,11.780027217250101,RD8_F4_m7f3_P7_Y46_UO617,RD7_F4_m7f4_P7_Y44_UO544,RD3_F2_m9f6_P9_Y44_UO556,FXX,2,0.0,1,0,1.0,0,0,0,-9999.0,0.5105186104774475,1,P5_CV0,1,0,2,1,1
8,1.8443986564691528,11.780027217250101,RD8_F4_m7f4_P7_Y46_UO542,RD7_F4_m8f4_P8_Y44_UO782,RD4_F7_m4f8_P4_Y44_UO581,FXX,2,0.0,1,0,1.0,0,0,0,-9999.0,0.510842889547348,1,P5_CV0,1,2,0,1,1
8,1.8443986564691528,11.780027217250101,RD8_F4_m7f4_P7_Y46_UO224,RD7_F3_m2f6_P2_Y44_UO222,RD4_F8_m4f8_P4_Y44_UO576,FXX,2,0.0,1,0,1.0,0,0,0,-9999.0,0.5104190111160278,1,P5_CV0,1,1,1,1,1
8,1.8443986564691528,11.780027217250101,RD8_F4_m8f4_P8_Y46_UO213,RD8_F4_m7f3_P7_Y44_UO434,RD4_F7_m3f6_P3_Y44_UO316,MXY,2,0.0,1,0,0.0,0,0,0,-9999.0,0.5100202560424805,1,P7_CV0,1,1,1,2,0
8,1.8443986564691528,11.780027217250101,RD8_F4_m8f4_P8_Y46_UO662,RD8_F4_m8f4_P8_Y44_UO469,RD4_F8_m4f7_P4_Y44_UO338,FXX,2,0.0,1,0,1.0,0,0,0,-9999.0,0.510718047618866,1,P7_CV0,1,1,1,1,1
8,1.8443986564691528,11.780027217250101,RD8_F4_m8f4_P8_Y46_UO14,RD8_F4_m8f4_P8_Y44_UO504,RD4_F7_m4f7_P4_Y44_UO722,FXX,2,0.0,1,0,1.0,0,0,0,-9999.0,0.510457843542099,1,P7_CV0,1,1,1,2,0
8,1.8443986564691528,11.780027217250101,RD8_F4_m8f4_P8_Y46_UO486,RD8_F4_m8f4_P8_Y44_UO469,RD4_F8_m4f7_P4_Y44_UO724,FXX,2,0.0,1,0,1.0,0,0,0,-9999.0,0.5105696618556976,1,P7_CV0,1,1,1,2,0
8,1.8443986564691528,11.780027217250101,RD8_F4_m8f4_P8_Y46_UO155,RD8_F4_m8f4_P8_Y44_UO66,RD4_F8_m4f8_P4_Y44_UO35,MXY,2,0.0,1,0,0.0,0,0,0,-9999.0,0.5101833045482635,1,P7_CV0,1,0,2,2,0
8,1.8443986564691528,11.780027217250101,RD8_F4_m8f4_P8_Y46_UO152,RD8_F4_m8f4_P8_Y44_UO66,RD4_F8_m4f8_P4_Y44_UO35,FXX,2,0.0,1,0,1.0,0,0,0,-9999.0,0.5101833045482635,1,P7_CV0,1,1,1,2,0
8,1.8443986564691528,11.780027217250101,RD8_F4_m8f4_P8_Y46_UO131,RD8_F4_m8f4_P8_Y44_UO287,RD4_F7_m5f2_P5_Y43_UO126,FXX,2,0.0,1,0,1.0,0,0,0,-9999.0,0.5097652077674866,1,P8_CV0,1,1,1,1,1
8,1.8443986564691528,11.780027217250101,RD8_F4_m7f3_P7_Y44_UO392,RD7_F4_m7f3_P7_Y42_UO24,RD3_F5_m2f6_P2_Y40_UO22,FXX,4,0.0,1,0,1.0,0,0,0,-9999.0,0.5107929706573486,1,P8_CV0,1,0,2,1,1
9,8.539752926394888,7.413552560728917,RD9_F2_m2f3_P2_Y47_UO57,RD2_F9_m2f9_P2_Y45_UO28,RD3_F6_m6f9_P6_Y44_UO331,FXX,1,0.0,0,0,0.0,0,0,0,-9999.0,0.5102067589759827,1,P3_CV0,1,2,0,2,0
9,8.539752926394888,7.413552560728917,RD9_F2_m2f9_P2_Y47_UO95,RD2_F3_m7f3_P7_Y45_UO77,RD9_F6_m7f4_P7_Y44_UO548,FXX,1,0.0,0,0,0.0,0,0,0,-9999.0,0.5105007290840149,1,P3_CV0,1,1,1,2,0
9,8.539752926394888,7.413552560728917,RD9_F2_m2f6_P2_Y47_UO262,RD2_F3_m7f3_P7_Y45_UO77,RD6_F9_m9f2_P9_Y44_UO588,FXX,1,0.0,0,0,0.0,0,0,0,-9999.0,0.5106559693813324,1,P3_CV0,1,2,0,2,0
9,8.539752926394888,7.413552560728917,RD9_F2_m2f6_P2_Y47_UO269,RD2_F3_m7f3_P7_Y45_UO77,RD6_F9_m9f2_P9_Y44_UO588,MXY,1,0.0,0,0,0.0,0,0,0,-9999.0,0.5106559693813324,1,P3_CV0,1,1,1,1,1
9,8.539752926394888,7.413552560728917,RD9_F6_m6f9_P6_Y47_UO10,RD6_F9_m2f5_P2_Y45_UO11,RD9_F6_m7f4_P7_Y44_UO548,MXY,1,0.0,0,0,0.0,0,0,0,-9999.0,0.5104880332946777,1,P3_CV0,1,1,1,2,0
9,8.539752926394888,7.413552560728917,RD9_F6_m6f9_P6_Y47_UO14,RD6_F9_m2f5_P2_Y45_UO11,RD9_F6_m7f4_P7_Y44_UO548,FXX,1,0.0,0,0,0.0,0,0,0,-9999.0,0.5104880332946777,1,P3_CV0,1,1,1,2,0
9,8.539752926394888,7.413552560728917,RD9_F6_m6f9_P6_Y47_UO17,RD6_F9_m2f5_P2_Y45_UO11,RD9_F6_m7f4_P7_Y44_UO548,FXX,1,0.0,0,0,0.0,0,0,0,-9999.0,0.5104880332946777,1,P3_CV0,1,0,2,2,0
9,8.539752926394888,7.413552560728917,RD9_F6_m6f2_P6_Y47_UO26,RD6_F9_m6f9_P6_Y45_UO19,RD2_F9_m6f2_P6_Y45_UO132,MXY,1,0.0,0,0,0.0,0,0,0,-9999.0,0.5107099711894989,1,P3_CV0,1,1,1,2,0
9,8.539752926394888,7.413552560728917,RD9_F6_m6f2_P6_Y47_UO27,RD6_F9_m6f9_P6_Y45_UO19,RD2_F9_m6f2_P6_Y45_UO132,MXY,1,0.0,0,0,0.0,0,0,0,-9999.0,0.5107099711894989,1,P3_CV0,1,2,0,2,0
9,8.539752926394888,7.413552560728917,RD9_F6_m6f2_P6_Y47_UO49,RD6_F3_m7f4_P7_Y45_UO50,RD2_F9_m3f2_P3_Y44_UO740,MXY,1,0.0,0,0,0.0,0,0,0,-9999.0,0.5099707245826721,1,P3_CV0,1,1,1,2,0
9,8.539752926394888,7.413552560728917,RD9_F6_m6f9_P6_Y47_UO83,RD6_F9_m2f9_P2_Y45_UO4,RD9_F6_m7f4_P7_Y44_UO548,FXX,1,0.0,0,0,0.0,0,0,0,-9999.0,0.5105865597724915,1,P3_CV0,1,0,2,2,0
9,8.539752926394888,7.413552560728917,RD9_F6_m6f9_P6_Y47_UO124,RD6_F9_m2f5_P2_Y45_UO11,RD9_F2_m6f2_P6_Y45_UO96,FXX,1,0.0,0,0,0.0,0,0,0,-9999.0,0.5108706057071686,1,P3_CV0,1,1,1,1,1
9,8.539752926394888,7.413552560728917,RD9_F6_m6f9_P6_Y47_UO125,RD6_F9_m2f5_P2_Y45_UO11,RD9_F2_m6f2_P6_Y45_UO96,FXX,1,0.0,0,0,0.0,0,0,0,-9999.0,0.5108706057071686,1,P3_CV0,1,1,1,2,0
9,8.539752926394888,7.413552560728917,RD9_F6_m6f9_P6_Y47_UO174,RD6_F3_m7f4_P7_Y45_UO50,RD9_F6_m7f4_P7_Y44_UO548,FXX,1,0.0,0,0,0.0,0,0,0,-9999.0,0.5105973780155182,1,P3_CV0,1,1,1,2,0
9,8.539752926394888,7.413552560728917,RD9_F6_m6f9_P6_Y47_UO178,RD6_F3_m7f4_P7_Y45_UO50,RD9_F6_m7f4_P7_Y44_UO548,MXY,1,0.0,0,0,0.0,0,0,0,-9999.0,0.5105973780155182,1,P3_CV0,1,0,2,2,0
9,8.539752926394888,7.413552560728917,RD9_F6_m6f9_P6_Y47_UO179,RD6_F3_m7f4_P7_Y45_UO50,RD9_F6_m7f4_P7_Y44_UO548,FXX,1,0.0,0,0,0.0,0,0,0,-9999.0,0.5105973780155182,1,P3_CV0,1,1,1,1,1
9,8.539752926394888,7.413552560728917,RD9_F6_m6f3_P6_Y47_UO181,RD6_F3_m6f9_P6_Y45_UO21,RD3_F2_m6f2_P6_Y45_UO136,MXY,1,0.0,0,0,0.0,0,0,0,-9999.0,0.5107099711894989,1,P3_CV0,1,0,2,2,0
9,8.539752926394888,7.413552560728917,RD9_F6_m6f3_P6_Y47_UO184,RD6_F3_m6f9_P6_Y45_UO21,RD3_F2_m6f2_P6_Y45_UO136,MXY,1,0.0,0,0,0.0,0,0,0,-9999.0,0.5107099711894989,1,P3_CV0,1,2,0,1,1
9,8.539752926394888,7.413552560728917,RD9_F6_m6f3_P6_Y47_UO187,RD6_F3_m6f9_P6_Y45_UO21,RD3_F2_m6f2_P6_Y45_UO136,MXY,1,0.0,0,0,0.0,0,0,0,-9999.0,0.5107099711894989,1,P3_CV0,1,1,1,1,1
9,8.539752926394888,7.413552560728917,RD9_F2_m9f2_P9_Y46_UO78,RD9_F6_m9f2_P9_Y44_UO143,RD2_F9_m2f9_P2_Y44_UO489,MXY,2,0.0,1,0,0.0,0,0,0,-9999.0,0.5102607607841492,1,P3_CV0,1,1,1,2,0
9,8.539752926394888,7.413552560728917,RD9_F2_m9f6_P9_Y46_UO370,RD9_F6_m9f2_P9_Y44_UO194,RD6_F9_m6f3_P6_Y44_UO794,FXX,2,0.0,1,0,1.0,0,0,0,-9999.0,0.5094740390777588,1,P3_CV0,1,1,1,1,1
9,8.539752926394888,7.413552560728917,RD9_F2_m6f3_P6_Y46_UO266,RD6_F3_m2f9_P2_Y44_UO696,RD3_F7_m4f7_P4_Y44_UO439,MXY,2,0.0,1,0,0.0,0,0,0,-9999.0,0.5104260444641113,1,P3_CV0,1,1,1,0,2
9,8.539752926394888,7.413552560728917,RD9_F2_m6f9_P6_Y46_UO18,RD6_F9_m6f2_P6_Y44_UO788,RD9_F2_m6f3_P6_Y42_UO760,FXX,2,0.0,1,0,1.0,0,0,0,-9999.0,0.5109828114509583,1,P3_CV0,1,1,1,1,1
9,8.539752926394888,7.413552560728917,RD9_F2_m6f3_P6_Y46_UO555,RD6_F3_m2f6_P2_Y44_UO37,RD3_F5_m3f6_P3_Y44_UO347,MXY,2,0.0,1,0,0.0,0,0,0,-9999.0,0.5100563764572144,1,P3_CV0,1,1,1,2,0
9,8.539752926394888,7.413552560728917,RD9_F2_m3f6_P3_Y46_UO592,RD3_F7_m4f8_P4_Y44_UO282,RD6_F9_m2f6_P2_Y44_UO88,MXY,2,0.0,1,0,0.0,0,0,0,-9999.0,0.5099388957023621,1,P3_CV0,1,1,1,1,1
9,8.539752926394888,7.413552560728917,RD9_F6_m9f6_P9_Y46_UO369,RD9_F6_m9f2_P9_Y44_UO194,RD6_F9_m6f3_P6_Y44_UO794,MXY,2,0.0,1,0,0.0,0,0,0,-9999.0,0.5094740390777588,1,P3_CV0,1,0,2,2,0
9,8.539752926394888,7.413552560728917,RD9_F6_m9f6_P9_Y46_UO367,RD9_F6_m9f2_P9_Y44_UO194,RD6_F9_m6f3_P6_Y44_UO794,FXX,2,0.0,1,0,1.0,0,0,0,-9999.0,0.5094740390777588,1,P3_CV0,1,0,2,1,1
9,8.539752926394888,7.413552560728917,RD9_F6_m9f6_P9_Y46_UO371,RD9_F6_m9f2_P9_Y44_UO194,RD6_F9_m6f3_P6_Y44_UO794,FXX,2,0.0,1,0,1.0,0,0,0,-9999.0,0.5094740390777588,1,P3_CV0,1,0,2,0,2
9,8.539752926394888,7.413552560728917,RD9_F2_m5f1_P5_Y42_UO695,RD5_F3_m6f2_P6_Y40_UO20,RD1_F5_m6f3_P6_Y39_UO84,FXX,6,0.0,1,0,1.0,0,0,0,-9999.0,0.5104967355728149,1,P3_CV0,1,0,2,0,2
9,8.539752926394888,7.413552560728917,RD9_F2_m2f9_P2_Y47_UO88,RD2_F3_m7f3_P7_Y45_UO77,RD9_F6_m7f4_P7_Y44_UO548,MXY,1,0.0,0,0,0.0,0,0,0,-9999.0,0.5105007290840149,1,P4_CV0,1,0,2,1,1
9,8.539752926394888,7.413552560728917,RD9_F2_m2f6_P2_Y47_UO270,RD2_F3_m7f3_P7_Y45_UO77,RD6_F9_m9f2_P9_Y44_UO588,FXX,1,0.0,0,0,0.0,0,0,0,-9999.0,0.5106559693813324,1,P4_CV0,1,2,0,0,2
9,8.539752926394888,7.413552560728917,RD9_F2_m2f6_P2_Y47_UO271,RD2_F3_m7f3_P7_Y45_UO77,RD6_F9_m9f2_P9_Y44_UO588,MXY,1,0.0,0,0,0.0,0,0,0,-9999.0,0.5106559693813324,1,P4_CV0,1,2,0,1,1
9,8.539752926394888,7.413552560728917,RD9_F6_m6f9_P6_Y47_UO11,RD6_F9_m2f5_P2_Y45_UO11,RD9_F6_m7f4_P7_Y44_UO548,FXX,1,0.0,0,0,0.0,0,0,0,-9999.0,0.5104880332946777,1,P4_CV0,1,1,1,2,0
9,8.539752926394888,7.413552560728917,RD9_F6_m6f9_P6_Y47_UO12,RD6_F9_m2f5_P2_Y45_UO11,RD9_F6_m7f4_P7_Y44_UO548,MXY,1,0.0,0,0,0.0,0,0,0,-9999.0,0.5104880332946777,1,P4_CV0,1,1,1,2,0
9,8.539752926394888,7.413552560728917,RD9_F6_m6f9_P6_Y47_UO18,RD6_F9_m2f5_P2_Y45_UO11,RD9_F6_m7f4_P7_Y44_UO548,MXY,1,0.0,0,0,0.0,0,0,0,-9999.0,0.5104880332946777,1,P4_CV0,1,0,2,2,0
9,8.539752926394888,7.413552560728917,RD9_F6_m6f9_P6_Y47_UO19,RD6_F9_m2f5_P2_Y45_UO11,RD9_F6_m7f4_P7_Y44_UO548,MXY,1,0.0,0,0,0.0,0,0,0,-9999.0,0.5104880332946777,1,P4_CV0,1,1,1,2,0
9,8.539752926394888,7.413552560728917,RD9_F6_m6f2_P6_Y47_UO28,RD6_F9_m6f9_P6_Y45_UO19,RD2_F9_m6f2_P6_Y45_UO132,FXX,1,0.0,0,0,0.0,0,0,0,-9999.0,0.5107099711894989,1,P4_CV0,1,1,1,1,1
9,8.539752926394888,7.413552560728917,RD9_F6_m6f9_P6_Y47_UO79,RD6_F9_m2f9_P2_Y45_UO4,RD9_F6_m7f4_P7_Y44_UO548,MXY,1,0.0,0,0,0.0,0,0,0,-9999.0,0.5105865597724915,1,P4_CV0,1,0,2,2,0
9,8.539752926394888,7.413552560728917,RD9_F6_m6f9_P6_Y47_UO85,RD6_F9_m2f9_P2_Y45_UO4,RD9_F6_m7f4_P7_Y44_UO548,FXX,1,0.0,0,0,0.0,0,0,0,-9999.0,0.5105865597724915,1,P4_CV0,1,1,1,2,0
9,8.539752926394888,7.413552560728917,RD9_F6_m6f9_P6_Y47_UO120,RD6_F9_m2f5_P2_Y45_UO11,RD9_F2_m6f2_P6_Y45_UO96,MXY,1,0.0,0,0,0.0,0,0,0,-9999.0,0.5108706057071686,1,P4_CV0,1,2,0,1,1
9,8.539752926394888,7.413552560728917,RD9_F6_m6f9_P6_Y47_UO122,RD6_F9_m2f5_P2_Y45_UO11,RD9_F2_m6f2_P6_Y45_UO96,MXY,1,0.0,0,0,0.0,0,0,0,-9999.0,0.5108706057071686,1,P4_CV0,1,1,1,2,0
9,8.539752926394888,7.413552560728917,RD9_F6_m6f9_P6_Y47_UO126,RD6_F9_m2f5_P2_Y45_UO11,RD9_F2_m6f2_P6_Y45_UO96,MXY,1,0.0,0,0,0.0,0,0,0,-9999.0,0.5108706057071686,1,P4_CV0,1,2,0,2,0
9,8.539752926394888,7.413552560728917,RD9_F6_m6f3_P6_Y47_UO180,RD6_F3_m6f9_P6_Y45_UO21,RD3_F2_m6f2_P6_Y45_UO136,FXX,1,0.0,0,0,0.0,0,0,0,-9999.0,0.5107099711894989,1,P4_CV0,1,1,1,1,1
9,8.539752926394888,7.413552560728917,RD9_F6_m6f3_P6_Y47_UO182,RD6_F3_m6f9_P6_Y45_UO21,RD3_F2_m6f2_P6_Y45_UO136,FXX,1,0.0,0,0,0.0,0,0,0,-9999.0,0.5107099711894989,1,P4_CV0,1,2,0,2,0
9,8.539752926394888,7.413552560728917,RD9_F6_m6f3_P6_Y47_UO188,RD6_F3_m6f9_P6_Y45_UO21,RD3_F2_m6f2_P6_Y45_UO136,FXX,1,0.0,0,0,0.0,0,0,0,-9999.0,0.5107099711894989,1,P4_CV0,1,0,2,2,0
9,8.539752926394888,7.413552560728917,RD9_F6_m6f3_P6_Y47_UO257,RD6_F9_m6f9_P6_Y45_UO19,RD3_F6_m6f9_P6_Y44_UO331,FXX,1,0.0,0,0,0.0,0,0,0,-9999.0,0.5106878280639648,1,P4_CV0,1,2,0,2,0
9,8.539752926394888,7.413552560728917,RD9_F2_m9f6_P9_Y46_UO49,RD9_F6_m3f7_P3_Y44_UO774,RD6_F9_m6f3_P6_Y44_UO451,FXX,2,0.0,1,0,1.0,0,0,0,-9999.0,0.5103195905685425,1,P4_CV0,1,2,0,1,1
9,8.539752926394888,7.413552560728917,RD9_F2_m6f3_P6_Y46_UO554,RD6_F3_m2f6_P2_Y44_UO37,RD3_F5_m3f6_P3_Y44_UO347,FXX,2,0.0,1,0,1.0,0,0,0,-9999.0,0.5100563764572144,1,P4_CV0,1,1,1,2,0
9,8.539752926394888,7.413552560728917,RD9_F6_m9f2_P9_Y46_UO713,RD9_F6_m9f2_P9_Y44_UO143,RD2_F6_m9f6_P9_Y44_UO151,FXX,2,0.0,1,0,1.0,0,0,0,-9999.0,0.5102745592594147,1,P4_CV0,1,1,1,0,2
9,8.539752926394888,7.413552560728917,RD9_F6_m2f9_P2_Y46_UO560,RD2_F6_m2f6_P2_Y44_UO38,RD9_F2_m9f6_P9_Y44_UO150,MXY,2,0.0,1,0,0.0,0,0,0,-9999.0,0.5102197229862213,1,P4_CV0,1,0,2,2,0
9,8.539752926394888,7.413552560728917,RD9_F6_m9f2_P9_Y46_UO715,RD9_F6_m9f2_P9_Y44_UO143,RD2_F6_m9f6_P9_Y44_UO151,FXX,2,0.0,1,0,1.0,0,0,0,-9999.0,0.5102745592594147,1,P4_CV0,1,1,1,0,2
9,8.539752926394888,7.413552560728917,RD9_F2_m2f3_P2_Y45_UO67,RD2_F3_m7f4_P7_Y43_UO76,RD3_F2_m9f2_P9_Y43_UO217,MXY,3,0.0,1,0,0.0,0,0,0,-9999.0,0.5101392269134521,1,P4_CV0,1,2,0,1,1
9,8.539752926394888,7.413552560728917,RD9_F6_m6f9_P6_Y45_UO19,RD6_F9_m6f3_P6_Y43_UO64,RD9_F6_m6f3_P6_Y42_UO652,FXX,3,0.0,1,0,1.0,0,0,0,-9999.0,0.5107589364051819,1,P4_CV0,1,2,0,2,0
9,8.539752926394888,7.413552560728917,RD9_F6_m6f9_P6_Y45_UO21,RD6_F9_m6f3_P6_Y43_UO64,RD9_F6_m6f3_P6_Y42_UO652,FXX,3,0.0,1,0,1.0,0,0,0,-9999.0,0.5107589364051819,1,P4_CV0,1,1,1,1,1
9,8.539752926394888,7.413552560728917,RD9_F6_m2f9_P2_Y45_UO8,RD2_F3_m7f4_P7_Y43_UO76,RD9_F6_m6f3_P6_Y42_UO652,FXX,3,0.0,1,0,1.0,0,0,0,-9999.0,0.5103176236152649,1,P4_CV0,1,1,1,0,2
9,8.539752926394888,7.413552560728917,RD9_F2_m6f9_P6_Y44_UO614,RD6_F3_m6f9_P6_Y42_UO635,RD9_F6_m3f5_P3_Y42_UO655,FXX,4,0.0,1,0,1.0,0,0,0,-9999.0,0.510374128818512,1,P4_CV0,1,0,2,2,0
9,8.539752926394888,7.413552560728917,RD9_F2_m2f3_P2_Y47_UO50,RD2_F9_m2f9_P2_Y45_UO28,RD3_F6_m6f9_P6_Y44_UO331,FXX,1,0.0,0,0,0.0,0,0,0,-9999.0,0.5102067589759827,1,P5_CV0,1,2,0,2,0
9,8.539752926394888,7.413552560728917,RD9_F2_m2f3_P2_Y47_UO51,RD2_F9_m2f9_P2_Y45_UO28,RD3_F6_m6f9_P6_Y44_UO331,FXX,1,0.0,0,0,0.0,0,0,0,-9999.0,0.5102067589759827,1,P5_CV0,1,2,0,1,1
9,8.539752926394888,7.413552560728917,RD9_F2_m2f3_P2_Y47_UO53,RD2_F9_m2f9_P2_Y45_UO28,RD3_F6_m6f9_P6_Y44_UO331,MXY,1,0.0,0,0,0.0,0,0,0,-9999.0,0.5102067589759827,1,P5_CV0,1,1,1,1,1
9,8.539752926394888,7.413552560728917,RD9_F2_m2f3_P2_Y47_UO54,RD2_F9_m2f9_P2_Y45_UO28,RD3_F6_m6f9_P6_Y44_UO331,MXY,1,0.0,0,0,0.0,0,0,0,-9999.0,0.5102067589759827,1,P5_CV0,1,2,0,2,0
9,8.539752926394888,7.413552560728917,RD9_F6_m6f2_P6_Y47_UO45,RD6_F3_m7f4_P7_Y45_UO50,RD2_F9_m3f2_P3_Y44_UO740,FXX,1,0.0,0,0,0.0,0,0,0,-9999.0,0.5099707245826721,1,P5_CV0,1,2,0,1,1
9,8.539752926394888,7.413552560728917,RD9_F6_m6f2_P6_Y47_UO46,RD6_F3_m7f4_P7_Y45_UO50,RD2_F9_m3f2_P3_Y44_UO740,MXY,1,0.0,0,0,0.0,0,0,0,-9999.0,0.5099707245826721,1,P5_CV0,1,1,1,2,0
9,8.539752926394888,7.413552560728917,RD9_F6_m6f9_P6_Y47_UO175,RD6_F3_m7f4_P7_Y45_UO50,RD9_F6_m7f4_P7_Y44_UO548,MXY,1,0.0,0,0,0.0,0,0,0,-9999.0,0.5105973780155182,1,P5_CV0,1,1,1,1,1
9,8.539752926394888,7.413552560728917,RD9_F6_m6f3_P6_Y47_UO256,RD6_F9_m6f9_P6_Y45_UO19,RD3_F6_m6f9_P6_Y44_UO331,MXY,1,0.0,0,0,0.0,0,0,0,-9999.0,0.5106878280639648,1,P5_CV0,1,2,0,2,0
9,8.539752926394888,7.413552560728917,RD9_F6_m6f3_P6_Y47_UO259,RD6_F9_m6f9_P6_Y45_UO19,RD3_F6_m6f9_P6_Y44_UO331,FXX,1,0.0,0,0,0.0,0,0,0,-9999.0,0.5106878280639648,1,P5_CV0,1,2,0,2,0
9,8.539752926394888,7.413552560728917,RD9_F2_m3f6_P3_Y46_UO198,RD3_F5_m1f5_P1_Y44_UO63,RD6_F3_m7f3_P7_Y44_UO551,MXY,2,0.0,1,0,0.0,0,0,0,-9999.0,0.5105234682559967,1,P5_CV0,1,1,1,1,1
9,8.539752926394888,7.413552560728917,RD9_F6_m3f5_P3_Y46_UO58,RD3_F5_m1f5_P1_Y44_UO702,RD5_F1_m5f3_P5_Y44_UO713,FXX,2,0.0,1,0,1.0,0,0,0,-9999.0,0.5102603435516357,1,P5_CV0,1,2,0,1,1
9,8.539752926394888,7.413552560728917,RD9_F2_m6f2_P6_Y46_UO690,RD6_F9_m6f9_P6_Y44_UO93,RD2_F9_m2f3_P2_Y44_UO202,MXY,2,0.0,1,0,0.0,0,0,0,-9999.0,0.5102078318595886,1,P7_CV0,1,1,1,1,1
9,8.539752926394888,7.413552560728917,RD9_F6_m3f5_P3_Y46_UO141,RD3_F7_m4f8_P4_Y44_UO705,RD5_F1_m5f3_P5_Y44_UO305,MXY,2,0.0,1,0,0.0,0,0,0,-9999.0,0.5104713141918182,1,P7_CV0,1,2,0,2,0
9,8.539752926394888,7.413552560728917,RD9_F6_m2f5_P2_Y46_UO341,RD2_F3_m2f6_P2_Y44_UO800,RD5_F1_m5f1_P5_Y42_UO673,MXY,2,0.0,1,0,0.0,0,0,0,-9999.0,0.5100372731685638,1,P7_CV0,1,2,0,2,0
9,8.539752926394888,7.413552560728917,RD9_F6_m2f9_P2_Y46_UO328,RD2_F5_m1f5_P1_Y44_UO265,RD9_F2_m9f6_P9_Y44_UO150,FXX,2,0.0,1,0,1.0,0,0,0,-9999.0,0.5102183818817139,1,P8_CV0,1,1,1,1,1
