PatchID,XCOORD,YCOORD,ID,MID,FID,sex,age,size,mature,newmature,layeggs,capture,recapture,state,CDist,Hindex,Species,ClassFile,SubPatchID,L0A0,L0A1,L1A0,L1A1
1,4.359949021420038,0.38889347741837,RD1_F5_m5f1_P5_Y50_UO207,RD5_F2_m3f7_P3_Y48_UO372,RD1_F5_m1f5_P1_Y48_UO726,MXY,1,0.0,0,0,0.0,0,0,0,-9999.0,0.5102354735136032,1,P0_CV0,1,1,1,2,0
1,4.359949021420038,0.38889347741837,RD1_F5_m5f1_P5_Y50_UO182,RD5_F1_m5f3_P5_Y48_UO443,RD1_F5_m1f5_P1_Y48_UO361,MXY,1,0.0,0,0,0.0,0,0,0,-9999.0,0.5101048201322556,1,P3_CV0,1,2,0,1,1
1,4.359949021420038,0.38889347741837,RD1_F5_m5f3_P5_Y50_UO216,RD5_F1_m5f3_P5_Y48_UO690,RD3_F6_m3f7_P3_Y48_UO356,MXY,1,0.0,0,0,0.0,0,0,0,-9999.0,0.5104490146040916,1,P3_CV0,1,2,0,0,2
1,4.359949021420038,0.38889347741837,RD1_F5_m5f2_P5_Y50_UO472,RD5_F1_m5f1_P5_Y48_UO327,RD2_F6_m3f5_P3_Y48_UO683,FXX,1,0.0,0,0,0.0,0,0,0,-9999.0,0.5102313980460167,1,P3_CV0,1,0,2,2,0
1,4.359949021420038,0.38889347741837,RD1_F5_m5f2_P5_Y50_UO473,RD5_F1_m5f1_P5_Y48_UO327,RD2_F6_m3f5_P3_Y48_UO683,MXY,1,0.0,0,0,0.0,0,0,0,-9999.0,0.5102313980460167,1,P3_CV0,1,1,1,1,1
1,4.359949021420038,0.38889347741837,RD1_F5_m5f2_P5_Y50_UO474,RD5_F1_m5f1_P5_Y48_UO327,RD2_F6_m3f5_P3_Y48_UO683,MXY,1,0.0,0,0,0.0,0,0,0,-9999.0,0.5102313980460167,1,P3_CV0,1,1,1,2,0
1,4.359949021420038,0.38889347741837,RD1_F5_m5f3_P5_Y50_UO550,RD5_F3_m2f9_P2_Y48_UO13,RD3_F7_m3f2_P3_Y48_UO254,MXY,1,0.0,0,0,0.0,0,0,0,-9999.0,0.5099989920854568,1,P3_CV0,1,2,0,1,1
1,4.359949021420038,0.38889347741837,RD1_F5_m5f3_P5_Y50_UO552,RD5_F3_m2f9_P2_Y48_UO13,RD3_F7_m3f2_P3_Y48_UO254,FXX,1,0.0,0,0,0.0,0,0,0,-9999.0,0.5099989920854568,1,P3_CV0,1,2,0,0,2
1,4.359949021420038,0.38889347741837,RD1_F5_m5f1_P5_Y50_UO720,RD5_F1_m5f1_P5_Y48_UO225,RD1_F5_m3f6_P3_Y48_UO548,FXX,1,0.0,0,0,0.0,0,0,0,-9999.0,0.5100429579615593,1,P3_CV0,1,1,1,1,1
1,4.359949021420038,0.38889347741837,RD1_F5_m5f1_P5_Y50_UO740,RD5_F3_m6f9_P6_Y48_UO650,RD1_F5_m2f5_P2_Y48_UO491,FXX,1,0.0,0,0,0.0,0,0,0,-9999.0,0.5099725127220154,1,P3_CV0,1,2,0,1,1
1,4.359949021420038,0.38889347741837,RD1_F5_m5f1_P5_Y50_UO765,RD5_F1_m5f3_P5_Y48_UO128,RD1_F5_m1f5_P1_Y48_UO738,FXX,1,0.0,0,0,0.0,0,0,0,-9999.0,0.5100784674286842,1,P3_CV0,1,1,1,0,2
1,4.359949021420038,0.38889347741837,RD1_F5_m1f5_P1_Y49_UO218,RD1_F5_m1f5_P1_Y47_UO3,RD5_F1_m1f5_P1_Y46_UO642,MXY,2,0.0,1,0,0.0,0,0,0,-9999.0,0.5100689679384232,1,P3_CV0,1,1,1,2,0
1,4.359949021420038,0.38889347741837,RD1_F5_m1f5_P1_Y49_UO222,RD1_F5_m1f5_P1_Y47_UO3,RD5_F1_m1f5_P1_Y46_UO642,MXY,2,0.0,1,0,0.0,0,0,0,-9999.0,0.5100689679384232,1,P3_CV0,1,1,1,2,0
1,4.359949021420038,0.38889347741837,RD1_F5_m1f5_P1_Y49_UO162,RD1_F5_m1f5_P1_Y47_UO3,RD5_F1_m1f5_P1_Y46_UO642,FXX,2,0.0,1,0,1.0,0,0,0,-9999.0,0.5100689679384232,1,P3_CV0,1,1,1,1,1
1,4.359949021420038,0.38889347741837,RD1_F5_m7f3_P7_Y48_UO4,RD7_F4_m8f4_P8_Y46_UO129,RD3_F5_m3f6_P3_Y46_UO589,MXY,3,0.0,1,0,0.0,0,0,0,-9999.0,0.5098520517349243,1,P3_CV0,1,2,0,1,1
1,4.359949021420038,0.38889347741837,RD1_F5_m3f7_P3_Y48_UO729,RD3_F7_m3f5_P3_Y46_UO628,RD7_F3_m6f3_P6_Y46_UO553,MXY,3,0.0,1,0,0.0,0,0,0,-9999.0,0.5103831142187119,1,P3_CV0,1,1,1,2,0
1,4.359949021420038,0.38889347741837,RD1_F5_m5f1_P5_Y50_UO0,RD5_F1_m5f1_P5_Y48_UO328,RD1_F5_m1f5_P1_Y48_UO361,FXX,1,0.0,0,0,0.0,0,0,0,-9999.0,0.5102946758270264,1,P4_CV0,1,1,1,2,0
1,4.359949021420038,0.38889347741837,RD1_F5_m5f1_P5_Y50_UO2,RD5_F1_m5f1_P5_Y48_UO328,RD1_F5_m1f5_P1_Y48_UO361,MXY,1,0.0,0,0,0.0,0,0,0,-9999.0,0.5102946758270264,1,P4_CV0,1,1,1,1,1
1,4.359949021420038,0.38889347741837,RD1_F5_m5f1_P5_Y50_UO3,RD5_F1_m5f1_P5_Y48_UO328,RD1_F5_m1f5_P1_Y48_UO361,FXX,1,0.0,0,0,0.0,0,0,0,-9999.0,0.5102946758270264,1,P4_CV0,1,1,1,1,1
1,4.359949021420038,0.38889347741837,RD1_F5_m5f1_P5_Y50_UO14,RD5_F1_m5f1_P5_Y48_UO326,RD1_F5_m1f5_P1_Y48_UO218,MXY,1,0.0,0,0,0.0,0,0,0,-9999.0,0.5102043002843857,1,P4_CV0,1,1,1,1,1
1,4.359949021420038,0.38889347741837,RD1_F5_m5f1_P5_Y50_UO15,RD5_F1_m5f1_P5_Y48_UO326,RD1_F5_m1f5_P1_Y48_UO218,FXX,1,0.0,0,0,0.0,0,0,0,-9999.0,0.5102043002843857,1,P4_CV0,1,1,1,1,1
1,4.359949021420038,0.38889347741837,RD1_F5_m5f2_P5_Y50_UO184,RD5_F3_m5f1_P5_Y48_UO528,RD2_F9_m2f3_P2_Y48_UO267,FXX,1,0.0,0,0,0.0,0,0,0,-9999.0,0.5101152509450912,1,P4_CV0,1,0,2,1,1
1,4.359949021420038,0.38889347741837,RD1_F5_m5f3_P5_Y50_UO217,RD5_F1_m5f3_P5_Y48_UO690,RD3_F6_m3f7_P3_Y48_UO356,FXX,1,0.0,0,0,0.0,0,0,0,-9999.0,0.5104490146040916,1,P4_CV0,1,2,0,1,1
1,4.359949021420038,0.38889347741837,RD1_F5_m5f1_P5_Y50_UO223,RD5_F1_m5f1_P5_Y48_UO326,RD1_F5_m2f9_P2_Y48_UO192,FXX,1,0.0,0,0,0.0,0,0,0,-9999.0,0.5102116540074348,1,P4_CV0,1,2,0,2,0
1,4.359949021420038,0.38889347741837,RD1_F5_m5f1_P5_Y50_UO224,RD5_F1_m5f1_P5_Y48_UO326,RD1_F5_m2f9_P2_Y48_UO192,MXY,1,0.0,0,0,0.0,0,0,0,-9999.0,0.5102116540074348,1,P4_CV0,1,0,2,2,0
1,4.359949021420038,0.38889347741837,RD1_F5_m5f3_P5_Y50_UO288,RD5_F3_m2f5_P2_Y48_UO453,RD3_F7_m3f6_P3_Y48_UO552,FXX,1,0.0,0,0,0.0,0,0,0,-9999.0,0.5100456029176712,1,P4_CV0,1,1,1,1,1
1,4.359949021420038,0.38889347741837,RD1_F5_m5f3_P5_Y50_UO291,RD5_F3_m2f5_P2_Y48_UO453,RD3_F7_m3f6_P3_Y48_UO552,FXX,1,0.0,0,0,0.0,0,0,0,-9999.0,0.5100456029176712,1,P4_CV0,1,2,0,0,2
1,4.359949021420038,0.38889347741837,RD1_F5_m5f1_P5_Y50_UO499,RD5_F1_m5f3_P5_Y48_UO89,RD1_F5_m2f5_P2_Y48_UO491,FXX,1,0.0,0,0,0.0,0,0,0,-9999.0,0.509900838136673,1,P4_CV0,1,1,1,1,1
1,4.359949021420038,0.38889347741837,RD1_F5_m5f1_P5_Y50_UO500,RD5_F1_m5f3_P5_Y48_UO89,RD1_F5_m2f5_P2_Y48_UO491,MXY,1,0.0,0,0,0.0,0,0,0,-9999.0,0.509900838136673,1,P4_CV0,1,1,1,2,0
1,4.359949021420038,0.38889347741837,RD1_F5_m5f3_P5_Y50_UO527,RD5_F1_m5f3_P5_Y48_UO443,RD3_F6_m9f6_P9_Y48_UO17,FXX,1,0.0,0,0,0.0,0,0,0,-9999.0,0.510195903480053,1,P4_CV0,1,0,2,2,0
1,4.359949021420038,0.38889347741837,RD1_F5_m5f3_P5_Y50_UO529,RD5_F1_m5f3_P5_Y48_UO443,RD3_F6_m9f6_P9_Y48_UO17,MXY,1,0.0,0,0,0.0,0,0,0,-9999.0,0.510195903480053,1,P4_CV0,1,1,1,1,1
1,4.359949021420038,0.38889347741837,RD1_F5_m5f3_P5_Y50_UO551,RD5_F3_m2f9_P2_Y48_UO13,RD3_F7_m3f2_P3_Y48_UO254,FXX,1,0.0,0,0,0.0,0,0,0,-9999.0,0.5099989920854568,1,P4_CV0,1,2,0,0,2
1,4.359949021420038,0.38889347741837,RD1_F5_m5f1_P5_Y50_UO577,RD5_F1_m5f1_P5_Y48_UO328,RD1_F5_m1f5_P1_Y48_UO235,FXX,1,0.0,0,0,0.0,0,0,0,-9999.0,0.5101559981703758,1,P4_CV0,1,0,2,0,2
1,4.359949021420038,0.38889347741837,RD1_F5_m5f2_P5_Y50_UO594,RD5_F1_m5f3_P5_Y48_UO89,RD2_F6_m2f9_P2_Y48_UO616,MXY,1,0.0,0,0,0.0,0,0,0,-9999.0,0.5100993737578392,1,P4_CV0,1,1,1,1,1
1,4.359949021420038,0.38889347741837,RD1_F5_m5f2_P5_Y50_UO595,RD5_F1_m5f3_P5_Y48_UO89,RD2_F6_m2f9_P2_Y48_UO616,FXX,1,0.0,0,0,0.0,0,0,0,-9999.0,0.5100993737578392,1,P4_CV0,1,0,2,1,1
1,4.359949021420038,0.38889347741837,RD1_F5_m5f1_P5_Y50_UO659,RD5_F3_m7f3_P7_Y48_UO42,RD1_F5_m2f9_P2_Y48_UO192,MXY,1,0.0,0,0,0.0,0,0,0,-9999.0,0.5100019723176956,1,P4_CV0,1,1,1,0,2
1,4.359949021420038,0.38889347741837,RD1_F5_m5f2_P5_Y50_UO714,RD5_F1_m5f1_P5_Y48_UO326,RD2_F9_m2f3_P2_Y48_UO11,MXY,1,0.0,0,0,0.0,0,0,0,-9999.0,0.5102560222148895,1,P4_CV0,1,2,0,2,0
1,4.359949021420038,0.38889347741837,RD1_F5_m5f2_P5_Y50_UO715,RD5_F1_m5f1_P5_Y48_UO326,RD2_F9_m2f3_P2_Y48_UO11,FXX,1,0.0,0,0,0.0,0,0,0,-9999.0,0.5102560222148895,1,P4_CV0,1,0,2,2,0
1,4.359949021420038,0.38889347741837,RD1_F5_m5f1_P5_Y50_UO719,RD5_F1_m5f1_P5_Y48_UO225,RD1_F5_m3f6_P3_Y48_UO548,FXX,1,0.0,0,0,0.0,0,0,0,-9999.0,0.5100429579615593,1,P4_CV0,1,1,1,1,1
1,4.359949021420038,0.38889347741837,RD1_F5_m5f1_P5_Y50_UO741,RD5_F3_m6f9_P6_Y48_UO650,RD1_F5_m2f5_P2_Y48_UO491,MXY,1,0.0,0,0,0.0,0,0,0,-9999.0,0.5099725127220154,1,P4_CV0,1,1,1,1,1
1,4.359949021420038,0.38889347741837,RD1_F5_m5f2_P5_Y50_UO755,RD5_F3_m2f5_P2_Y48_UO453,RD2_F9_m2f5_P2_Y48_UO659,FXX,1,0.0,0,0,0.0,0,0,0,-9999.0,0.5101235210895538,1,P4_CV0,1,1,1,2,0
1,4.359949021420038,0.38889347741837,RD1_F5_m5f2_P5_Y50_UO756,RD5_F1_m5f1_P5_Y48_UO327,RD2_F9_m2f3_P2_Y48_UO267,MXY,1,0.0,0,0,0.0,0,0,0,-9999.0,0.510335274040699,1,P4_CV0,1,1,1,1,1
1,4.359949021420038,0.38889347741837,RD1_F5_m5f2_P5_Y50_UO757,RD5_F1_m5f1_P5_Y48_UO327,RD2_F9_m2f3_P2_Y48_UO267,FXX,1,0.0,0,0,0.0,0,0,0,-9999.0,0.510335274040699,1,P4_CV0,1,1,1,1,1
1,4.359949021420038,0.38889347741837,RD1_F5_m7f3_P7_Y48_UO42,RD7_F4_m8f4_P8_Y46_UO604,RD3_F7_m4f8_P4_Y46_UO455,FXX,3,0.0,1,0,1.0,0,0,0,-9999.0,0.5098962187767029,1,P4_CV0,1,2,0,0,2
1,4.359949021420038,0.38889347741837,RD1_F5_m5f1_P5_Y48_UO327,RD5_F3_m2f6_P2_Y46_UO596,RD1_F5_m1f5_P1_Y46_UO667,FXX,3,0.0,1,0,1.0,0,0,0,-9999.0,0.5103155821561813,1,P4_CV0,1,1,1,1,1
1,4.359949021420038,0.38889347741837,RD1_F5_m5f3_P5_Y50_UO233,RD5_F1_m5f3_P5_Y48_UO128,RD3_F5_m1f5_P1_Y48_UO723,MXY,1,0.0,0,0,0.0,0,0,0,-9999.0,0.5102558135986328,1,P5_CV0,1,1,1,1,1
1,4.359949021420038,0.38889347741837,RD1_F5_m5f3_P5_Y50_UO234,RD5_F1_m5f3_P5_Y48_UO128,RD3_F5_m1f5_P1_Y48_UO723,FXX,1,0.0,0,0,0.0,0,0,0,-9999.0,0.5102558135986328,1,P5_CV0,1,1,1,1,1
1,4.359949021420038,0.38889347741837,RD1_F5_m5f3_P5_Y50_UO591,RD5_F1_m5f3_P5_Y48_UO128,RD3_F2_m5f3_P5_Y48_UO689,FXX,1,0.0,0,0,0.0,0,0,0,-9999.0,0.510343573987484,1,P5_CV0,1,2,0,1,1
1,4.359949021420038,0.38889347741837,RD1_F5_m5f2_P5_Y50_UO629,RD5_F2_m3f7_P3_Y48_UO372,RD2_F9_m6f2_P6_Y48_UO90,MXY,1,0.0,0,0,0.0,0,0,0,-9999.0,0.510284498333931,1,P5_CV0,1,0,2,1,1
1,4.359949021420038,0.38889347741837,RD1_F5_m2f5_P2_Y49_UO133,RD2_F9_m6f2_P6_Y47_UO45,RD5_F1_m9f2_P9_Y44_UO13,FXX,2,0.0,1,0,1.0,0,0,0,-9999.0,0.5101302266120911,1,P5_CV0,1,1,1,2,0
1,4.359949021420038,0.38889347741837,RD1_F5_m2f5_P2_Y49_UO226,RD2_F9_m6f2_P6_Y47_UO45,RD5_F1_m3f6_P3_Y46_UO251,MXY,2,0.0,1,0,0.0,0,0,0,-9999.0,0.5100476443767548,1,P5_CV0,1,2,0,2,0
1,4.359949021420038,0.38889347741837,RD1_F5_m5f1_P5_Y50_UO13,RD5_F1_m5f1_P5_Y48_UO326,RD1_F5_m1f5_P1_Y48_UO218,FXX,1,0.0,0,0,0.0,0,0,0,-9999.0,0.5102043002843857,1,P7_CV0,1,2,0,1,1
1,4.359949021420038,0.38889347741837,RD1_F5_m5f1_P5_Y50_UO183,RD5_F1_m5f3_P5_Y48_UO443,RD1_F5_m1f5_P1_Y48_UO361,FXX,1,0.0,0,0,0.0,0,0,0,-9999.0,0.5101048201322556,1,P7_CV0,1,1,1,2,0
1,4.359949021420038,0.38889347741837,RD1_F5_m5f2_P5_Y50_UO185,RD5_F3_m5f1_P5_Y48_UO528,RD2_F9_m2f3_P2_Y48_UO267,FXX,1,0.0,0,0,0.0,0,0,0,-9999.0,0.5101152509450912,1,P7_CV0,1,0,2,0,2
1,4.359949021420038,0.38889347741837,RD1_F5_m5f1_P5_Y50_UO614,RD5_F3_m6f2_P6_Y48_UO513,RD1_F5_m1f5_P1_Y48_UO218,FXX,1,0.0,0,0,0.0,0,0,0,-9999.0,0.5101806297898293,1,P7_CV0,1,2,0,0,2
1,4.359949021420038,0.38889347741837,RD1_F5_m5f1_P5_Y50_UO615,RD5_F3_m6f2_P6_Y48_UO513,RD1_F5_m1f5_P1_Y48_UO218,FXX,1,0.0,0,0,0.0,0,0,0,-9999.0,0.5101806297898293,1,P7_CV0,1,2,0,0,2
1,4.359949021420038,0.38889347741837,RD1_F5_m5f1_P5_Y50_UO732,RD5_F1_m5f2_P5_Y48_UO142,RD1_F5_m1f5_P1_Y48_UO694,FXX,1,0.0,0,0,0.0,0,0,0,-9999.0,0.5102197825908661,1,P7_CV0,1,1,1,0,2
1,4.359949021420038,0.38889347741837,RD1_F5_m5f2_P5_Y50_UO754,RD5_F3_m2f5_P2_Y48_UO453,RD2_F9_m2f5_P2_Y48_UO659,MXY,1,0.0,0,0,0.0,0,0,0,-9999.0,0.5101235210895538,1,P7_CV0,1,2,0,1,1
1,4.359949021420038,0.38889347741837,RD1_F5_m5f2_P5_Y50_UO758,RD5_F1_m5f1_P5_Y48_UO327,RD2_F9_m2f3_P2_Y48_UO267,FXX,1,0.0,0,0,0.0,0,0,0,-9999.0,0.510335274040699,1,P7_CV0,1,1,1,1,1
1,4.359949021420038,0.38889347741837,RD1_F5_m5f1_P5_Y50_UO766,RD5_F3_m6f2_P6_Y48_UO91,RD1_F5_m3f7_P3_Y48_UO188,FXX,1,0.0,0,0,0.0,0,0,0,-9999.0,0.5103145688772202,1,P7_CV0,1,2,0,2,0
1,4.359949021420038,0.38889347741837,RD1_F5_m5f1_P5_Y50_UO767,RD5_F3_m6f2_P6_Y48_UO91,RD1_F5_m3f7_P3_Y48_UO188,MXY,1,0.0,0,0,0.0,0,0,0,-9999.0,0.5103145688772202,1,P7_CV0,1,0,2,2,0
1,4.359949021420038,0.38889347741837,RD1_F5_m5f1_P5_Y50_UO576,RD5_F1_m5f1_P5_Y48_UO328,RD1_F5_m1f5_P1_Y48_UO235,FXX,1,0.0,0,0,0.0,0,0,0,-9999.0,0.5101559981703758,1,P8_CV0,1,0,2,1,1
1,4.359949021420038,0.38889347741837,RD1_F5_m5f1_P5_Y50_UO578,RD5_F1_m5f1_P5_Y48_UO328,RD1_F5_m1f5_P1_Y48_UO235,FXX,1,0.0,0,0,0.0,0,0,0,-9999.0,0.5101559981703758,1,P8_CV0,1,0,2,1,1
1,4.359949021420038,0.38889347741837,RD1_F5_m1f5_P1_Y49_UO138,RD1_F5_m1f5_P1_Y47_UO38,RD5_F1_m3f6_P3_Y46_UO251,MXY,2,0.0,1,0,0.0,0,0,0,-9999.0,0.5100769400596619,1,P8_CV0,1,0,2,2,0
2,5.496624778787091,6.529835889274153,RD2_F3_m3f2_P3_Y50_UO315,RD3_F5_m1f5_P1_Y48_UO742,RD2_F9_m2f6_P2_Y48_UO291,FXX,1,0.0,0,0,0.0,0,0,0,-9999.0,0.5103555396199226,1,P0_CV0,1,0,2,0,2
2,5.496624778787091,6.529835889274153,RD2_F5_m5f1_P5_Y50_UO731,RD5_F1_m5f2_P5_Y48_UO142,RD1_F5_m1f5_P1_Y48_UO694,FXX,1,0.0,0,0,0.0,0,0,0,-9999.0,0.5102197825908661,1,P1_CV0,1,0,2,0,2
2,5.496624778787091,6.529835889274153,RD2_F6_m6f3_P6_Y50_UO548,RD6_F2_m6f3_P6_Y48_UO602,RD3_F2_m9f2_P9_Y48_UO401,MXY,1,0.0,0,0,0.0,0,0,0,-9999.0,0.5099056214094162,1,P3_CV0,1,1,1,1,1
2,5.496624778787091,6.529835889274153,RD2_F6_m6f3_P6_Y50_UO410,RD6_F2_m5f3_P5_Y48_UO692,RD3_F7_m3f5_P3_Y48_UO681,FXX,1,0.0,0,0,0.0,0,0,0,-9999.0,0.510278731584549,1,P3_CV0,1,0,2,1,1
2,5.496624778787091,6.529835889274153,RD2_F6_m6f3_P6_Y50_UO411,RD6_F2_m5f3_P5_Y48_UO692,RD3_F7_m3f5_P3_Y48_UO681,MXY,1,0.0,0,0,0.0,0,0,0,-9999.0,0.510278731584549,1,P3_CV0,1,1,1,0,2
2,5.496624778787091,6.529835889274153,RD2_F9_m9f2_P9_Y50_UO56,RD9_F6_m9f6_P9_Y48_UO19,RD2_F6_m9f2_P9_Y48_UO172,FXX,1,0.0,0,0,0.0,0,0,0,-9999.0,0.510088637471199,1,P3_CV0,1,1,1,1,1
2,5.496624778787091,6.529835889274153,RD2_F6_m6f3_P6_Y50_UO447,RD6_F3_m7f3_P7_Y48_UO306,RD3_F2_m9f6_P9_Y48_UO321,FXX,1,0.0,0,0,0.0,0,0,0,-9999.0,0.5101301968097687,1,P3_CV0,1,1,1,0,2
2,5.496624778787091,6.529835889274153,RD2_F9_m9f6_P9_Y50_UO376,RD9_F6_m9f6_P9_Y48_UO563,RD6_F9_m6f9_P6_Y48_UO541,MXY,1,0.0,0,0,0.0,0,0,0,-9999.0,0.5099802911281586,1,P3_CV0,1,1,1,2,0
2,5.496624778787091,6.529835889274153,RD2_F9_m9f2_P9_Y50_UO144,RD9_F2_m9f2_P9_Y48_UO399,RD2_F3_m7f4_P7_Y48_UO588,MXY,1,0.0,0,0,0.0,0,0,0,-9999.0,0.5101248770952225,1,P3_CV0,1,0,2,2,0
2,5.496624778787091,6.529835889274153,RD2_F6_m6f2_P6_Y50_UO566,RD6_F3_m6f3_P6_Y48_UO302,RD2_F9_m2f5_P2_Y48_UO373,FXX,1,0.0,0,0,0.0,0,0,0,-9999.0,0.509966067969799,1,P3_CV0,1,1,1,2,0
2,5.496624778787091,6.529835889274153,RD2_F9_m9f6_P9_Y50_UO374,RD9_F6_m9f6_P9_Y48_UO563,RD6_F9_m6f9_P6_Y48_UO541,FXX,1,0.0,0,0,0.0,0,0,0,-9999.0,0.5099802911281586,1,P3_CV0,1,1,1,1,1
2,5.496624778787091,6.529835889274153,RD2_F6_m6f2_P6_Y50_UO783,RD6_F3_m7f4_P7_Y48_UO614,RD2_F9_m2f6_P2_Y48_UO697,MXY,1,0.0,0,0,0.0,0,0,0,-9999.0,0.5102193355560303,1,P3_CV0,1,2,0,1,1
2,5.496624778787091,6.529835889274153,RD2_F9_m9f6_P9_Y50_UO69,RD9_F6_m2f9_P2_Y48_UO676,RD6_F9_m2f6_P2_Y48_UO524,FXX,1,0.0,0,0,0.0,0,0,0,-9999.0,0.5100652053952217,1,P3_CV0,1,0,2,1,1
2,5.496624778787091,6.529835889274153,RD2_F6_m6f3_P6_Y50_UO334,RD6_F3_m6f2_P6_Y48_UO515,RD3_F6_m9f2_P9_Y48_UO169,MXY,1,0.0,0,0,0.0,0,0,0,-9999.0,0.5099947899580002,1,P3_CV0,1,1,1,1,1
2,5.496624778787091,6.529835889274153,RD2_F9_m9f2_P9_Y50_UO503,RD9_F6_m9f6_P9_Y48_UO563,RD2_F9_m6f9_P6_Y48_UO51,FXX,1,0.0,0,0,0.0,0,0,0,-9999.0,0.5099590718746185,1,P3_CV0,1,1,1,0,2
2,5.496624778787091,6.529835889274153,RD2_F3_m3f7_P3_Y50_UO444,RD3_F6_m9f6_P9_Y48_UO406,RD7_F4_m8f4_P8_Y48_UO65,FXX,1,0.0,0,0,0.0,0,0,0,-9999.0,0.5100030153989792,1,P3_CV0,1,1,1,1,1
2,5.496624778787091,6.529835889274153,RD2_F9_m9f6_P9_Y50_UO308,RD9_F6_m9f6_P9_Y48_UO23,RD6_F9_m6f9_P6_Y48_UO630,FXX,1,0.0,0,0,0.0,0,0,0,-9999.0,0.5103382393717766,1,P3_CV0,1,2,0,1,1
2,5.496624778787091,6.529835889274153,RD2_F9_m9f2_P9_Y50_UO284,RD9_F6_m2f6_P2_Y48_UO279,RD2_F9_m2f5_P2_Y48_UO373,FXX,1,0.0,0,0,0.0,0,0,0,-9999.0,0.510269045829773,1,P3_CV0,1,0,2,2,0
2,5.496624778787091,6.529835889274153,RD2_F6_m6f9_P6_Y50_UO24,RD6_F3_m7f3_P7_Y48_UO646,RD9_F2_m6f2_P6_Y48_UO512,MXY,1,0.0,0,0,0.0,0,0,0,-9999.0,0.5102487578988075,1,P3_CV0,1,0,2,1,1
2,5.496624778787091,6.529835889274153,RD2_F3_m3f7_P3_Y50_UO727,RD3_F6_m9f6_P9_Y48_UO406,RD7_F4_m8f4_P8_Y48_UO608,MXY,1,0.0,0,0,0.0,0,0,0,-9999.0,0.5102482885122299,1,P3_CV0,1,1,1,1,1
2,5.496624778787091,6.529835889274153,RD2_F6_m6f3_P6_Y50_UO108,RD6_F9_m6f3_P6_Y48_UO578,RD3_F6_m9f6_P9_Y48_UO17,FXX,1,0.0,0,0,0.0,0,0,0,-9999.0,0.5103681981563568,1,P3_CV0,1,0,2,2,0
2,5.496624778787091,6.529835889274153,RD2_F3_m3f6_P3_Y50_UO261,RD3_F5_m1f5_P1_Y48_UO627,RD6_F2_m9f2_P9_Y48_UO239,FXX,1,0.0,0,0,0.0,0,0,0,-9999.0,0.5101407542824745,1,P3_CV0,1,2,0,2,0
2,5.496624778787091,6.529835889274153,RD2_F5_m5f3_P5_Y50_UO528,RD5_F1_m5f3_P5_Y48_UO443,RD3_F6_m9f6_P9_Y48_UO17,FXX,1,0.0,0,0,0.0,0,0,0,-9999.0,0.510195903480053,1,P3_CV0,1,1,1,1,1
2,5.496624778787091,6.529835889274153,RD2_F9_m9f2_P9_Y50_UO57,RD9_F6_m9f6_P9_Y48_UO19,RD2_F6_m9f2_P9_Y48_UO172,MXY,1,0.0,0,0,0.0,0,0,0,-9999.0,0.510088637471199,1,P3_CV0,1,1,1,1,1
2,5.496624778787091,6.529835889274153,RD2_F9_m9f6_P9_Y50_UO375,RD9_F6_m9f6_P9_Y48_UO563,RD6_F9_m6f9_P6_Y48_UO541,FXX,1,0.0,0,0,0.0,0,0,0,-9999.0,0.5099802911281586,1,P3_CV0,1,1,1,1,1
2,5.496624778787091,6.529835889274153,RD2_F9_m9f2_P9_Y50_UO389,RD9_F6_m2f9_P2_Y48_UO676,RD2_F9_m2f5_P2_Y48_UO373,MXY,1,0.0,0,0,0.0,0,0,0,-9999.0,0.5099902227520943,1,P3_CV0,1,0,2,2,0
2,5.496624778787091,6.529835889274153,RD2_F9_m9f2_P9_Y50_UO214,RD9_F6_m2f9_P2_Y48_UO676,RD2_F6_m2f9_P2_Y48_UO12,FXX,1,0.0,0,0,0.0,0,0,0,-9999.0,0.5100616067647934,1,P3_CV0,1,2,0,1,1
2,5.496624778787091,6.529835889274153,RD2_F6_m6f2_P6_Y50_UO513,RD6_F3_m7f3_P7_Y48_UO646,RD2_F9_m6f2_P6_Y48_UO90,MXY,1,0.0,0,0,0.0,0,0,0,-9999.0,0.5102810263633728,1,P3_CV0,1,0,2,2,0
2,5.496624778787091,6.529835889274153,RD2_F9_m9f2_P9_Y50_UO58,RD9_F6_m9f6_P9_Y48_UO19,RD2_F6_m9f2_P9_Y48_UO172,FXX,1,0.0,0,0,0.0,0,0,0,-9999.0,0.510088637471199,1,P3_CV0,1,1,1,2,0
2,5.496624778787091,6.529835889274153,RD2_F6_m6f3_P6_Y50_UO335,RD6_F3_m6f2_P6_Y48_UO515,RD3_F6_m9f2_P9_Y48_UO169,FXX,1,0.0,0,0,0.0,0,0,0,-9999.0,0.5099947899580002,1,P3_CV0,1,1,1,2,0
2,5.496624778787091,6.529835889274153,RD2_F6_m6f3_P6_Y50_UO661,RD6_F2_m9f6_P9_Y48_UO562,RD3_F7_m3f2_P3_Y48_UO82,MXY,1,0.0,0,0,0.0,0,0,0,-9999.0,0.5103516280651093,1,P3_CV0,1,2,0,1,1
2,5.496624778787091,6.529835889274153,RD2_F9_m9f2_P9_Y50_UO210,RD9_F6_m2f9_P2_Y48_UO676,RD2_F6_m2f9_P2_Y48_UO12,FXX,1,0.0,0,0,0.0,0,0,0,-9999.0,0.5100616067647934,1,P3_CV0,1,1,1,2,0
2,5.496624778787091,6.529835889274153,RD2_F9_m9f2_P9_Y50_UO386,RD9_F6_m2f9_P2_Y48_UO676,RD2_F9_m2f5_P2_Y48_UO373,FXX,1,0.0,0,0,0.0,0,0,0,-9999.0,0.5099902227520943,1,P3_CV0,1,1,1,2,0
2,5.496624778787091,6.529835889274153,RD2_F9_m9f2_P9_Y50_UO639,RD9_F6_m9f6_P9_Y48_UO19,RD2_F6_m3f7_P3_Y48_UO350,MXY,1,0.0,0,0,0.0,0,0,0,-9999.0,0.5104718580842018,1,P3_CV0,1,1,1,2,0
2,5.496624778787091,6.529835889274153,RD2_F6_m6f9_P6_Y50_UO428,RD6_F9_m6f9_P6_Y48_UO49,RD9_F6_m9f6_P9_Y48_UO412,MXY,1,0.0,0,0,0.0,0,0,0,-9999.0,0.5101501643657684,1,P3_CV0,1,1,1,0,2
2,5.496624778787091,6.529835889274153,RD2_F9_m9f2_P9_Y50_UO84,RD9_F6_m9f6_P9_Y48_UO563,RD2_F9_m6f2_P6_Y48_UO421,FXX,1,0.0,0,0,0.0,0,0,0,-9999.0,0.5099942535161972,1,P3_CV0,1,1,1,1,1
2,5.496624778787091,6.529835889274153,RD2_F3_m3f5_P3_Y50_UO219,RD3_F7_m4f7_P4_Y48_UO38,RD5_F1_m5f3_P5_Y48_UO446,FXX,1,0.0,0,0,0.0,0,0,0,-9999.0,0.5099120587110519,1,P3_CV0,1,2,0,2,0
2,5.496624778787091,6.529835889274153,RD2_F3_m3f6_P3_Y50_UO262,RD3_F5_m1f5_P1_Y48_UO627,RD6_F2_m9f2_P9_Y48_UO239,FXX,1,0.0,0,0,0.0,0,0,0,-9999.0,0.5101407542824745,1,P3_CV0,1,1,1,1,1
2,5.496624778787091,6.529835889274153,RD2_F6_m6f3_P6_Y50_UO448,RD6_F3_m7f3_P7_Y48_UO306,RD3_F2_m9f6_P9_Y48_UO321,MXY,1,0.0,0,0,0.0,0,0,0,-9999.0,0.5101301968097687,1,P3_CV0,1,2,0,0,2
2,5.496624778787091,6.529835889274153,RD2_F5_m5f1_P5_Y50_UO46,RD5_F1_m5f3_P5_Y48_UO690,RD1_F5_m3f2_P3_Y48_UO80,FXX,1,0.0,0,0,0.0,0,0,0,-9999.0,0.5102251917123795,1,P3_CV0,1,1,1,0,2
2,5.496624778787091,6.529835889274153,RD2_F9_m9f2_P9_Y50_UO773,RD9_F2_m3f7_P3_Y48_UO355,RD2_F9_m2f3_P2_Y48_UO8,MXY,1,0.0,0,0,0.0,0,0,0,-9999.0,0.5103421211242676,1,P3_CV0,1,0,2,2,0
2,5.496624778787091,6.529835889274153,RD2_F9_m9f6_P9_Y50_UO70,RD9_F6_m2f9_P2_Y48_UO676,RD6_F9_m2f6_P2_Y48_UO524,MXY,1,0.0,0,0,0.0,0,0,0,-9999.0,0.5100652053952217,1,P3_CV0,1,0,2,1,1
2,5.496624778787091,6.529835889274153,RD2_F9_m9f2_P9_Y50_UO638,RD9_F6_m9f6_P9_Y48_UO19,RD2_F6_m3f7_P3_Y48_UO350,MXY,1,0.0,0,0,0.0,0,0,0,-9999.0,0.5104718580842018,1,P3_CV0,1,2,0,1,1
2,5.496624778787091,6.529835889274153,RD2_F3_m3f6_P3_Y50_UO651,RD3_F5_m1f5_P1_Y48_UO742,RD6_F3_m2f5_P2_Y48_UO493,MXY,1,0.0,0,0,0.0,0,0,0,-9999.0,0.5099694207310677,1,P3_CV0,1,1,1,1,1
2,5.496624778787091,6.529835889274153,RD2_F9_m9f2_P9_Y50_UO775,RD9_F2_m3f7_P3_Y48_UO355,RD2_F9_m2f3_P2_Y48_UO8,MXY,1,0.0,0,0,0.0,0,0,0,-9999.0,0.5103421211242676,1,P3_CV0,1,0,2,1,1
2,5.496624778787091,6.529835889274153,RD2_F9_m9f2_P9_Y50_UO536,RD9_F6_m9f6_P9_Y48_UO137,RD2_F6_m2f9_P2_Y48_UO12,FXX,1,0.0,0,0,0.0,0,0,0,-9999.0,0.5098143368959427,1,P3_CV0,1,0,2,1,1
2,5.496624778787091,6.529835889274153,RD2_F6_m6f9_P6_Y50_UO306,RD6_F9_m6f9_P6_Y48_UO49,RD9_F6_m9f6_P9_Y48_UO16,FXX,1,0.0,0,0,0.0,0,0,0,-9999.0,0.5103192031383514,1,P3_CV0,1,1,1,1,1
2,5.496624778787091,6.529835889274153,RD2_F9_m9f2_P9_Y50_UO55,RD9_F6_m9f6_P9_Y48_UO19,RD2_F6_m9f2_P9_Y48_UO172,MXY,1,0.0,0,0,0.0,0,0,0,-9999.0,0.510088637471199,1,P3_CV0,1,1,1,1,1
2,5.496624778787091,6.529835889274153,RD2_F9_m9f2_P9_Y50_UO689,RD9_F6_m9f2_P9_Y48_UO400,RD2_F3_m7f4_P7_Y48_UO53,MXY,1,0.0,0,0,0.0,0,0,0,-9999.0,0.5099327936768532,1,P3_CV0,1,2,0,0,2
2,5.496624778787091,6.529835889274153,RD2_F9_m9f2_P9_Y50_UO52,RD9_F6_m9f6_P9_Y48_UO19,RD2_F6_m9f2_P9_Y48_UO172,FXX,1,0.0,0,0,0.0,0,0,0,-9999.0,0.510088637471199,1,P3_CV0,1,0,2,2,0
2,5.496624778787091,6.529835889274153,RD2_F6_m6f2_P6_Y50_UO784,RD6_F3_m7f4_P7_Y48_UO614,RD2_F9_m2f6_P2_Y48_UO697,FXX,1,0.0,0,0,0.0,0,0,0,-9999.0,0.5102193355560303,1,P3_CV0,1,1,1,1,1
2,5.496624778787091,6.529835889274153,RD2_F6_m6f9_P6_Y50_UO278,RD6_F9_m6f2_P6_Y48_UO338,RD9_F2_m6f9_P6_Y48_UO714,MXY,1,0.0,0,0,0.0,0,0,0,-9999.0,0.5102649703621864,1,P3_CV0,1,2,0,0,2
2,5.496624778787091,6.529835889274153,RD2_F9_m9f2_P9_Y50_UO286,RD9_F6_m2f6_P2_Y48_UO279,RD2_F9_m2f5_P2_Y48_UO373,MXY,1,0.0,0,0,0.0,0,0,0,-9999.0,0.510269045829773,1,P3_CV0,1,1,1,1,1
2,5.496624778787091,6.529835889274153,RD2_F9_m9f2_P9_Y50_UO690,RD9_F6_m9f2_P9_Y48_UO400,RD2_F3_m7f4_P7_Y48_UO53,MXY,1,0.0,0,0,0.0,0,0,0,-9999.0,0.5099327936768532,1,P3_CV0,1,2,0,1,1
2,5.496624778787091,6.529835889274153,RD2_F9_m2f6_P2_Y49_UO184,RD2_F9_m2f3_P2_Y47_UO51,RD6_F9_m2f6_P2_Y47_UO269,MXY,2,0.0,1,0,0.0,0,0,0,-9999.0,0.5104313641786575,1,P3_CV0,1,2,0,2,0
2,5.496624778787091,6.529835889274153,RD2_F3_m7f3_P7_Y49_UO56,RD7_F3_m7f4_P7_Y47_UO160,RD3_F5_m9f2_P9_Y46_UO516,FXX,2,0.0,1,0,1.0,0,0,0,-9999.0,0.5101460814476013,1,P3_CV0,1,1,1,1,1
2,5.496624778787091,6.529835889274153,RD2_F3_m7f3_P7_Y49_UO49,RD7_F3_m7f4_P7_Y47_UO160,RD3_F5_m9f2_P9_Y46_UO516,MXY,2,0.0,1,0,0.0,0,0,0,-9999.0,0.5101460814476013,1,P3_CV0,1,2,0,2,0
2,5.496624778787091,6.529835889274153,RD2_F9_m2f6_P2_Y48_UO279,RD2_F5_m1f5_P1_Y46_UO651,RD6_F9_m7f4_P7_Y44_UO548,FXX,3,0.0,1,0,1.0,0,0,0,-9999.0,0.5106643736362457,1,P3_CV0,1,1,1,1,1
2,5.496624778787091,6.529835889274153,RD2_F6_m6f9_P6_Y48_UO538,RD6_F3_m5f2_P5_Y46_UO377,RD9_F2_m6f3_P6_Y46_UO555,FXX,3,0.0,1,0,1.0,0,0,0,-9999.0,0.5102249085903168,1,P3_CV0,1,1,1,2,0
2,5.496624778787091,6.529835889274153,RD2_F9_m9f6_P9_Y48_UO15,RD9_F2_m6f3_P6_Y46_UO554,RD6_F9_m7f4_P7_Y44_UO548,FXX,3,0.0,1,0,1.0,0,0,0,-9999.0,0.5104559361934662,1,P3_CV0,1,0,2,2,0
2,5.496624778787091,6.529835889274153,RD2_F3_m3f7_P3_Y48_UO353,RD3_F7_m3f2_P3_Y46_UO676,RD7_F4_m8f4_P8_Y46_UO26,FXX,3,0.0,1,0,1.0,0,0,0,-9999.0,0.5104877799749374,1,P3_CV0,1,1,1,1,1
2,5.496624778787091,6.529835889274153,RD2_F6_m2f3_P2_Y48_UO70,RD2_F3_m2f5_P2_Y46_UO254,RD3_F5_m1f5_P1_Y46_UO650,MXY,3,0.0,1,0,0.0,0,0,0,-9999.0,0.5102552622556686,1,P3_CV0,1,2,0,2,0
2,5.496624778787091,6.529835889274153,RD2_F9_m2f3_P2_Y48_UO159,RD2_F9_m2f5_P2_Y46_UO342,RD3_F2_m6f3_P6_Y46_UO664,MXY,3,0.0,1,0,0.0,0,0,0,-9999.0,0.5101695656776428,1,P3_CV0,1,2,0,1,1
2,5.496624778787091,6.529835889274153,RD2_F5_m5f2_P5_Y48_UO705,RD5_F1_m5f2_P5_Y46_UO515,RD2_F6_m9f6_P9_Y46_UO366,FXX,3,0.0,1,0,1.0,0,0,0,-9999.0,0.5098442882299423,1,P3_CV0,1,0,2,2,0
2,5.496624778787091,6.529835889274153,RD2_F9_m9f6_P9_Y48_UO23,RD9_F2_m6f3_P6_Y46_UO554,RD6_F9_m7f4_P7_Y44_UO548,FXX,3,0.0,1,0,1.0,0,0,0,-9999.0,0.5104559361934662,1,P3_CV0,1,1,1,2,0
2,5.496624778787091,6.529835889274153,RD2_F6_m6f2_P6_Y50_UO193,RD6_F9_m6f9_P6_Y48_UO631,RD2_F9_m2f3_P2_Y48_UO499,MXY,1,0.0,0,0,0.0,0,0,0,-9999.0,0.510168083012104,1,P4_CV0,1,0,2,2,0
2,5.496624778787091,6.529835889274153,RD2_F3_m3f6_P3_Y50_UO649,RD3_F5_m1f5_P1_Y48_UO742,RD6_F3_m2f5_P2_Y48_UO493,FXX,1,0.0,0,0,0.0,0,0,0,-9999.0,0.5099694207310677,1,P4_CV0,1,0,2,2,0
2,5.496624778787091,6.529835889274153,RD2_F5_m5f2_P5_Y50_UO596,RD5_F1_m5f3_P5_Y48_UO89,RD2_F6_m2f9_P2_Y48_UO616,MXY,1,0.0,0,0,0.0,0,0,0,-9999.0,0.5100993737578392,1,P4_CV0,1,2,0,1,1
2,5.496624778787091,6.529835889274153,RD2_F9_m9f2_P9_Y50_UO776,RD9_F2_m3f7_P3_Y48_UO355,RD2_F9_m2f3_P2_Y48_UO8,FXX,1,0.0,0,0,0.0,0,0,0,-9999.0,0.5103421211242676,1,P4_CV0,1,1,1,2,0
2,5.496624778787091,6.529835889274153,RD2_F3_m3f7_P3_Y50_UO694,RD3_F7_m3f7_P3_Y48_UO733,RD7_F4_m8f4_P8_Y48_UO425,MXY,1,0.0,0,0,0.0,0,0,0,-9999.0,0.5102238655090332,1,P4_CV0,1,1,1,1,1
2,5.496624778787091,6.529835889274153,RD2_F6_m6f2_P6_Y50_UO480,RD6_F9_m2f3_P2_Y48_UO570,RD2_F9_m6f9_P6_Y48_UO629,MXY,1,0.0,0,0,0.0,0,0,0,-9999.0,0.510292150080204,1,P4_CV0,1,2,0,1,1
2,5.496624778787091,6.529835889274153,RD2_F9_m9f2_P9_Y50_UO602,RD9_F6_m9f6_P9_Y48_UO410,RD2_F9_m6f2_P6_Y48_UO421,FXX,1,0.0,0,0,0.0,0,0,0,-9999.0,0.5101853460073471,1,P4_CV0,1,1,1,1,1
2,5.496624778787091,6.529835889274153,RD2_F6_m6f9_P6_Y50_UO120,RD6_F9_m6f9_P6_Y48_UO706,RD9_F6_m9f2_P9_Y48_UO238,MXY,1,0.0,0,0,0.0,0,0,0,-9999.0,0.5099843814969063,1,P4_CV0,1,2,0,1,1
2,5.496624778787091,6.529835889274153,RD2_F6_m6f2_P6_Y50_UO632,RD6_F9_m6f9_P6_Y48_UO631,RD2_F9_m2f5_P2_Y48_UO210,FXX,1,0.0,0,0,0.0,0,0,0,-9999.0,0.510132871568203,1,P4_CV0,1,2,0,1,1
2,5.496624778787091,6.529835889274153,RD2_F5_m5f2_P5_Y50_UO186,RD5_F3_m5f1_P5_Y48_UO528,RD2_F9_m2f3_P2_Y48_UO267,FXX,1,0.0,0,0,0.0,0,0,0,-9999.0,0.5101152509450912,1,P4_CV0,1,1,1,0,2
2,5.496624778787091,6.529835889274153,RD2_F5_m5f2_P5_Y50_UO593,RD5_F1_m5f3_P5_Y48_UO89,RD2_F6_m2f9_P2_Y48_UO616,MXY,1,0.0,0,0,0.0,0,0,0,-9999.0,0.5100993737578392,1,P4_CV0,1,1,1,1,1
2,5.496624778787091,6.529835889274153,RD2_F3_m7f3_P7_Y49_UO118,RD7_F4_m8f4_P8_Y47_UO207,RD3_F2_m3f2_P3_Y46_UO35,FXX,2,0.0,1,0,1.0,0,0,0,-9999.0,0.5101819932460785,1,P4_CV0,1,2,0,2,0
2,5.496624778787091,6.529835889274153,RD2_F9_m6f2_P6_Y49_UO25,RD6_F9_m6f3_P6_Y47_UO257,RD2_F9_m3f6_P3_Y46_UO198,MXY,2,0.0,1,0,0.0,0,0,0,-9999.0,0.5106056481599808,1,P4_CV0,1,1,1,1,1
2,5.496624778787091,6.529835889274153,RD2_F9_m2f5_P2_Y49_UO72,RD2_F3_m7f3_P7_Y47_UO146,RD5_F3_m6f2_P6_Y47_UO30,MXY,2,0.0,1,0,0.0,0,0,0,-9999.0,0.510605052113533,1,P4_CV0,1,2,0,2,0
2,5.496624778787091,6.529835889274153,RD2_F5_m5f3_P5_Y48_UO86,RD5_F3_m2f6_P2_Y46_UO596,RD3_F6_m2f9_P2_Y46_UO364,FXX,3,0.0,1,0,1.0,0,0,0,-9999.0,0.5099564790725708,1,P4_CV0,1,2,0,0,2
2,5.496624778787091,6.529835889274153,RD2_F5_m2f6_P2_Y47_UO276,RD2_F3_m7f3_P7_Y45_UO77,RD6_F9_m9f2_P9_Y44_UO588,FXX,4,0.0,1,0,1.0,0,0,0,-9999.0,0.5106559693813324,1,P4_CV0,1,2,0,0,2
2,5.496624778787091,6.529835889274153,RD2_F5_m5f2_P5_Y50_UO628,RD5_F2_m3f7_P3_Y48_UO372,RD2_F9_m6f2_P6_Y48_UO90,MXY,1,0.0,0,0,0.0,0,0,0,-9999.0,0.510284498333931,1,P5_CV0,1,0,2,1,1
2,5.496624778787091,6.529835889274153,RD2_F6_m6f2_P6_Y50_UO443,RD6_F9_m2f3_P2_Y48_UO569,RD2_F9_m7f3_P7_Y46_UO597,FXX,1,0.0,0,0,0.0,0,0,0,-9999.0,0.5102738738059998,1,P5_CV0,1,1,1,1,1
2,5.496624778787091,6.529835889274153,RD2_F6_m6f2_P6_Y50_UO442,RD6_F9_m2f3_P2_Y48_UO569,RD2_F9_m7f3_P7_Y46_UO597,FXX,1,0.0,0,0,0.0,0,0,0,-9999.0,0.5102738738059998,1,P5_CV0,1,0,2,2,0
2,5.496624778787091,6.529835889274153,RD2_F6_m6f3_P6_Y50_UO11,RD6_F9_m6f3_P6_Y48_UO578,RD3_F7_m4f7_P4_Y48_UO559,MXY,1,0.0,0,0,0.0,0,0,0,-9999.0,0.5104230344295502,1,P5_CV0,1,0,2,2,0
2,5.496624778787091,6.529835889274153,RD2_F3_m3f5_P3_Y50_UO136,RD3_F2_m3f7_P3_Y48_UO371,RD5_F2_m6f9_P6_Y48_UO434,FXX,1,0.0,0,0,0.0,0,0,0,-9999.0,0.5100626051425934,1,P5_CV0,1,1,1,1,1
2,5.496624778787091,6.529835889274153,RD2_F3_m3f6_P3_Y50_UO105,RD3_F7_m3f7_P3_Y48_UO733,RD6_F3_m6f3_P6_Y48_UO610,MXY,1,0.0,0,0,0.0,0,0,0,-9999.0,0.5103497430682182,1,P5_CV0,1,1,1,1,1
2,5.496624778787091,6.529835889274153,RD2_F9_m6f3_P6_Y49_UO44,RD6_F9_m6f3_P6_Y47_UO259,RD3_F2_m3f2_P3_Y46_UO35,MXY,2,0.0,1,0,0.0,0,0,0,-9999.0,0.5105077773332596,1,P5_CV0,1,2,0,2,0
2,5.496624778787091,6.529835889274153,RD2_F9_m6f3_P6_Y49_UO6,RD6_F9_m6f3_P6_Y47_UO259,RD3_F2_m3f2_P3_Y46_UO35,MXY,2,0.0,1,0,0.0,0,0,0,-9999.0,0.5105077773332596,1,P5_CV0,1,2,0,2,0
2,5.496624778787091,6.529835889274153,RD2_F3_m1f5_P1_Y48_UO633,RD1_F5_m1f5_P1_Y46_UO357,RD5_F1_m5f3_P5_Y46_UO479,FXX,3,0.0,1,0,1.0,0,0,0,-9999.0,0.5101456791162491,1,P5_CV0,1,1,1,2,0
2,5.496624778787091,6.529835889274153,RD2_F9_m9f2_P9_Y50_UO322,RD9_F6_m9f6_P9_Y48_UO15,RD2_F9_m2f3_P2_Y48_UO267,MXY,1,0.0,0,0,0.0,0,0,0,-9999.0,0.5104054510593414,1,P7_CV0,1,1,1,2,0
2,5.496624778787091,6.529835889274153,RD2_F3_m3f7_P3_Y50_UO676,RD3_F2_m5f2_P5_Y48_UO212,RD7_F4_m8f4_P8_Y48_UO608,MXY,1,0.0,0,0,0.0,0,0,0,-9999.0,0.5103688389062881,1,P7_CV0,1,2,0,1,1
2,5.496624778787091,6.529835889274153,RD2_F9_m9f6_P9_Y50_UO525,RD9_F6_m2f9_P2_Y48_UO162,RD6_F9_m2f9_P2_Y48_UO164,FXX,1,0.0,0,0,0.0,0,0,0,-9999.0,0.5102125331759453,1,P7_CV0,1,2,0,0,2
2,5.496624778787091,6.529835889274153,RD2_F3_m3f2_P3_Y50_UO557,RD3_F5_m1f5_P1_Y48_UO744,RD2_F9_m6f3_P6_Y48_UO336,FXX,1,0.0,0,0,0.0,0,0,0,-9999.0,0.5100692138075829,1,P8_CV0,1,1,1,2,0
2,5.496624778787091,6.529835889274153,RD2_F6_m6f9_P6_Y50_UO520,RD6_F2_m6f3_P6_Y48_UO602,RD9_F2_m6f2_P6_Y48_UO512,MXY,1,0.0,0,0,0.0,0,0,0,-9999.0,0.5101192742586136,1,P8_CV0,1,0,2,0,2
2,5.496624778787091,6.529835889274153,RD2_F6_m6f9_P6_Y50_UO23,RD6_F3_m7f3_P7_Y48_UO646,RD9_F2_m6f2_P6_Y48_UO512,MXY,1,0.0,0,0,0.0,0,0,0,-9999.0,0.5102487578988075,1,P8_CV0,1,0,2,1,1
3,4.20367802087489,4.955022315058112,RD3_F5_m5f1_P5_Y50_UO206,RD5_F2_m3f7_P3_Y48_UO372,RD1_F5_m1f5_P1_Y48_UO726,FXX,1,0.0,0,0,0.0,0,0,0,-9999.0,0.5102354735136032,1,P0_CV0,1,1,1,1,1
3,4.20367802087489,4.955022315058112,RD3_F7_m7f4_P7_Y50_UO748,RD7_F3_m6f2_P6_Y48_UO332,RD4_F8_m4f7_P4_Y48_UO595,FXX,1,0.0,0,0,0.0,0,0,0,-9999.0,0.5101898312568665,1,P3_CV0,1,2,0,1,1
3,4.20367802087489,4.955022315058112,RD3_F7_m7f4_P7_Y50_UO582,RD7_F3_m7f3_P7_Y48_UO100,RD4_F8_m4f8_P4_Y48_UO73,FXX,1,0.0,0,0,0.0,0,0,0,-9999.0,0.5100529715418816,1,P3_CV0,1,1,1,1,1
3,4.20367802087489,4.955022315058112,RD3_F7_m7f3_P7_Y50_UO168,RD7_F3_m5f2_P5_Y48_UO386,RD3_F2_m9f2_P9_Y48_UO401,MXY,1,0.0,0,0,0.0,0,0,0,-9999.0,0.5100031718611717,1,P3_CV0,1,1,1,1,1
3,4.20367802087489,4.955022315058112,RD3_F7_m7f3_P7_Y50_UO635,RD7_F3_m7f3_P7_Y48_UO638,RD3_F6_m3f7_P3_Y48_UO731,FXX,1,0.0,0,0,0.0,0,0,0,-9999.0,0.5102030634880066,1,P3_CV0,1,1,1,2,0
3,4.20367802087489,4.955022315058112,RD3_F7_m7f4_P7_Y50_UO657,RD7_F4_m8f4_P8_Y48_UO221,RD4_F7_m4f7_P4_Y48_UO249,MXY,1,0.0,0,0,0.0,0,0,0,-9999.0,0.5102028846740723,1,P3_CV0,1,2,0,1,1
3,4.20367802087489,4.955022315058112,RD3_F5_m5f3_P5_Y50_UO215,RD5_F1_m5f3_P5_Y48_UO690,RD3_F6_m3f7_P3_Y48_UO356,MXY,1,0.0,0,0,0.0,0,0,0,-9999.0,0.5104490146040916,1,P3_CV0,1,2,0,1,1
3,4.20367802087489,4.955022315058112,RD3_F2_m2f6_P2_Y50_UO329,RD2_F5_m1f5_P1_Y48_UO116,RD6_F9_m2f9_P2_Y48_UO164,FXX,1,0.0,0,0,0.0,0,0,0,-9999.0,0.510044664144516,1,P3_CV0,1,1,1,1,1
3,4.20367802087489,4.955022315058112,RD3_F2_m2f5_P2_Y50_UO417,RD2_F5_m3f2_P3_Y48_UO653,RD5_F2_m5f2_P5_Y48_UO387,MXY,1,0.0,0,0,0.0,0,0,0,-9999.0,0.5101178884506226,1,P3_CV0,1,1,1,1,1
3,4.20367802087489,4.955022315058112,RD3_F6_m6f9_P6_Y50_UO743,RD6_F9_m2f3_P2_Y48_UO497,RD9_F6_m2f9_P2_Y48_UO178,MXY,1,0.0,0,0,0.0,0,0,0,-9999.0,0.5101169347763062,1,P3_CV0,1,1,1,0,2
3,4.20367802087489,4.955022315058112,RD3_F6_m6f3_P6_Y50_UO547,RD6_F2_m6f3_P6_Y48_UO602,RD3_F2_m9f2_P9_Y48_UO401,FXX,1,0.0,0,0,0.0,0,0,0,-9999.0,0.5099056214094162,1,P3_CV0,1,0,2,1,1
3,4.20367802087489,4.955022315058112,RD3_F7_m7f4_P7_Y50_UO173,RD7_F3_m6f3_P6_Y48_UO604,RD4_F7_m4f8_P4_Y48_UO41,MXY,1,0.0,0,0,0.0,0,0,0,-9999.0,0.5099501758813858,1,P3_CV0,1,1,1,1,1
3,4.20367802087489,4.955022315058112,RD3_F2_m2f9_P2_Y50_UO737,RD2_F6_m3f7_P3_Y48_UO732,RD9_F6_m2f9_P2_Y48_UO178,MXY,1,0.0,0,0,0.0,0,0,0,-9999.0,0.5102506801486015,1,P3_CV0,1,1,1,1,1
3,4.20367802087489,4.955022315058112,RD3_F7_m7f4_P7_Y50_UO398,RD7_F4_m7f4_P7_Y48_UO74,RD4_F8_m4f8_P4_Y48_UO606,FXX,1,0.0,0,0,0.0,0,0,0,-9999.0,0.5104497820138931,1,P3_CV0,1,0,2,1,1
3,4.20367802087489,4.955022315058112,RD3_F7_m7f4_P7_Y50_UO402,RD7_F3_m2f9_P2_Y48_UO675,RD4_F7_m3f2_P3_Y48_UO673,MXY,1,0.0,0,0,0.0,0,0,0,-9999.0,0.5101354867219925,1,P3_CV0,1,2,0,1,1
3,4.20367802087489,4.955022315058112,RD3_F2_m2f9_P2_Y50_UO504,RD2_F5_m3f2_P3_Y48_UO653,RD9_F6_m9f6_P9_Y48_UO565,MXY,1,0.0,0,0,0.0,0,0,0,-9999.0,0.5099030211567879,1,P3_CV0,1,2,0,2,0
3,4.20367802087489,4.955022315058112,RD3_F7_m7f4_P7_Y50_UO351,RD7_F3_m6f3_P6_Y48_UO604,RD4_F8_m4f7_P4_Y48_UO250,MXY,1,0.0,0,0,0.0,0,0,0,-9999.0,0.5099525302648544,1,P3_CV0,1,1,1,2,0
3,4.20367802087489,4.955022315058112,RD3_F6_m6f9_P6_Y50_UO460,RD6_F9_m2f3_P2_Y48_UO570,RD9_F6_m2f9_P2_Y47_UO91,MXY,1,0.0,0,0,0.0,0,0,0,-9999.0,0.510432243347168,1,P3_CV0,1,1,1,1,1
3,4.20367802087489,4.955022315058112,RD3_F7_m7f3_P7_Y50_UO598,RD7_F4_m7f4_P7_Y48_UO545,RD3_F6_m9f6_P9_Y48_UO17,FXX,1,0.0,0,0,0.0,0,0,0,-9999.0,0.5100695341825485,1,P3_CV0,1,1,1,2,0
3,4.20367802087489,4.955022315058112,RD3_F6_m6f3_P6_Y50_UO346,RD6_F3_m7f4_P7_Y48_UO668,RD3_F5_m1f5_P1_Y48_UO727,FXX,1,0.0,0,0,0.0,0,0,0,-9999.0,0.5100843384861946,1,P3_CV0,1,1,1,2,0
3,4.20367802087489,4.955022315058112,RD3_F2_m2f6_P2_Y50_UO521,RD2_F9_m6f2_P6_Y48_UO340,RD6_F9_m2f6_P2_Y48_UO524,MXY,1,0.0,0,0,0.0,0,0,0,-9999.0,0.510267861187458,1,P3_CV0,1,1,1,1,1
3,4.20367802087489,4.955022315058112,RD3_F7_m7f4_P7_Y50_UO644,RD7_F4_m7f4_P7_Y48_UO667,RD4_F8_m4f7_P4_Y48_UO716,FXX,1,0.0,0,0,0.0,0,0,0,-9999.0,0.5100400820374489,1,P3_CV0,1,2,0,1,1
3,4.20367802087489,4.955022315058112,RD3_F7_m7f3_P7_Y50_UO165,RD7_F3_m5f2_P5_Y48_UO386,RD3_F2_m9f2_P9_Y48_UO401,MXY,1,0.0,0,0,0.0,0,0,0,-9999.0,0.5100031718611717,1,P3_CV0,1,0,2,2,0
3,4.20367802087489,4.955022315058112,RD3_F7_m7f4_P7_Y50_UO750,RD7_F3_m6f2_P6_Y48_UO332,RD4_F8_m4f7_P4_Y48_UO595,FXX,1,0.0,0,0,0.0,0,0,0,-9999.0,0.5101898312568665,1,P3_CV0,1,2,0,0,2
3,4.20367802087489,4.955022315058112,RD3_F5_m5f1_P5_Y50_UO45,RD5_F1_m5f3_P5_Y48_UO690,RD1_F5_m3f2_P3_Y48_UO80,FXX,1,0.0,0,0,0.0,0,0,0,-9999.0,0.5102251917123795,1,P3_CV0,1,1,1,0,2
3,4.20367802087489,4.955022315058112,RD3_F7_m7f4_P7_Y50_UO47,RD7_F4_m8f4_P8_Y48_UO181,RD4_F8_m4f7_P4_Y48_UO576,FXX,1,0.0,0,0,0.0,0,0,0,-9999.0,0.5101169124245644,1,P3_CV0,1,1,1,1,1
3,4.20367802087489,4.955022315058112,RD3_F6_m6f3_P6_Y50_UO337,RD6_F3_m6f2_P6_Y48_UO515,RD3_F6_m9f2_P9_Y48_UO169,FXX,1,0.0,0,0,0.0,0,0,0,-9999.0,0.5099947899580002,1,P3_CV0,1,1,1,0,2
3,4.20367802087489,4.955022315058112,RD3_F5_m5f3_P5_Y50_UO592,RD5_F1_m5f3_P5_Y48_UO128,RD3_F2_m5f3_P5_Y48_UO689,FXX,1,0.0,0,0,0.0,0,0,0,-9999.0,0.510343573987484,1,P3_CV0,1,1,1,1,1
3,4.20367802087489,4.955022315058112,RD3_F6_m6f9_P6_Y50_UO426,RD6_F9_m6f9_P6_Y48_UO49,RD9_F6_m9f6_P9_Y48_UO412,FXX,1,0.0,0,0,0.0,0,0,0,-9999.0,0.5101501643657684,1,P3_CV0,1,1,1,0,2
3,4.20367802087489,4.955022315058112,RD3_F7_m7f4_P7_Y50_UO399,RD7_F4_m7f4_P7_Y48_UO74,RD4_F8_m4f8_P4_Y48_UO606,MXY,1,0.0,0,0,0.0,0,0,0,-9999.0,0.5104497820138931,1,P3_CV0,1,0,2,1,1
3,4.20367802087489,4.955022315058112,RD3_F7_m7f4_P7_Y50_UO403,RD7_F3_m2f9_P2_Y48_UO675,RD4_F7_m3f2_P3_Y48_UO673,FXX,1,0.0,0,0,0.0,0,0,0,-9999.0,0.5101354867219925,1,P3_CV0,1,2,0,0,2
3,4.20367802087489,4.955022315058112,RD3_F2_m2f3_P2_Y50_UO140,RD2_F6_m9f6_P9_Y48_UO317,RD3_F7_m3f2_P3_Y48_UO84,FXX,1,0.0,0,0,0.0,0,0,0,-9999.0,0.5105525851249695,1,P3_CV0,1,2,0,1,1
3,4.20367802087489,4.955022315058112,RD3_F2_m2f6_P2_Y50_UO331,RD2_F6_m3f7_P3_Y48_UO732,RD6_F9_m2f9_P2_Y48_UO593,FXX,1,0.0,0,0,0.0,0,0,0,-9999.0,0.5101649239659309,1,P3_CV0,1,1,1,2,0
3,4.20367802087489,4.955022315058112,RD3_F7_m7f4_P7_Y50_UO545,RD7_F3_m2f9_P2_Y48_UO675,RD4_F8_m4f7_P4_Y48_UO337,FXX,1,0.0,0,0,0.0,0,0,0,-9999.0,0.5102862939238548,1,P3_CV0,1,1,1,0,2
3,4.20367802087489,4.955022315058112,RD3_F2_m2f9_P2_Y50_UO271,RD2_F9_m6f3_P6_Y48_UO266,RD9_F6_m2f9_P2_Y48_UO178,MXY,1,0.0,0,0,0.0,0,0,0,-9999.0,0.5101529061794281,1,P3_CV0,1,1,1,2,0
3,4.20367802087489,4.955022315058112,RD3_F5_m5f1_P5_Y50_UO764,RD5_F1_m5f3_P5_Y48_UO128,RD1_F5_m1f5_P1_Y48_UO738,FXX,1,0.0,0,0,0.0,0,0,0,-9999.0,0.5100784674286842,1,P3_CV0,1,1,1,1,1
3,4.20367802087489,4.955022315058112,RD3_F6_m6f3_P6_Y50_UO109,RD6_F9_m6f3_P6_Y48_UO578,RD3_F6_m9f6_P9_Y48_UO17,FXX,1,0.0,0,0,0.0,0,0,0,-9999.0,0.5103681981563568,1,P3_CV0,1,1,1,2,0
3,4.20367802087489,4.955022315058112,RD3_F7_m7f4_P7_Y50_UO763,RD7_F4_m7f4_P7_Y48_UO545,RD4_F8_m8f4_P8_Y47_UO224,FXX,1,0.0,0,0,0.0,0,0,0,-9999.0,0.5098596960306168,1,P3_CV0,1,1,1,2,0
3,4.20367802087489,4.955022315058112,RD3_F6_m6f9_P6_Y50_UO119,RD6_F9_m6f9_P6_Y48_UO706,RD9_F6_m9f2_P9_Y48_UO238,FXX,1,0.0,0,0,0.0,0,0,0,-9999.0,0.5099843814969063,1,P3_CV0,1,1,1,2,0
3,4.20367802087489,4.955022315058112,RD3_F6_m6f9_P6_Y50_UO307,RD6_F9_m6f9_P6_Y48_UO49,RD9_F6_m9f6_P9_Y48_UO16,FXX,1,0.0,0,0,0.0,0,0,0,-9999.0,0.5103192031383514,1,P3_CV0,1,0,2,1,1
3,4.20367802087489,4.955022315058112,RD3_F7_m7f4_P7_Y50_UO171,RD7_F3_m6f3_P6_Y48_UO604,RD4_F7_m4f8_P4_Y48_UO41,MXY,1,0.0,0,0,0.0,0,0,0,-9999.0,0.5099501758813858,1,P3_CV0,1,0,2,2,0
3,4.20367802087489,4.955022315058112,RD3_F7_m7f4_P7_Y50_UO170,RD7_F3_m6f3_P6_Y48_UO604,RD4_F7_m4f8_P4_Y48_UO41,MXY,1,0.0,0,0,0.0,0,0,0,-9999.0,0.5099501758813858,1,P3_CV0,1,1,1,2,0
3,4.20367802087489,4.955022315058112,RD3_F6_m6f2_P6_Y50_UO194,RD6_F9_m6f9_P6_Y48_UO631,RD2_F9_m2f3_P2_Y48_UO499,MXY,1,0.0,0,0,0.0,0,0,0,-9999.0,0.510168083012104,1,P3_CV0,1,1,1,2,0
3,4.20367802087489,4.955022315058112,RD3_F7_m7f3_P7_Y50_UO37,RD7_F4_m8f4_P8_Y48_UO221,RD3_F5_m1f5_P1_Y48_UO430,FXX,1,0.0,0,0,0.0,0,0,0,-9999.0,0.5101643353700638,1,P3_CV0,1,1,1,1,1
3,4.20367802087489,4.955022315058112,RD3_F7_m7f4_P7_Y50_UO646,RD7_F4_m7f4_P7_Y48_UO667,RD4_F8_m4f7_P4_Y48_UO716,FXX,1,0.0,0,0,0.0,0,0,0,-9999.0,0.5100400820374489,1,P3_CV0,1,2,0,1,1
3,4.20367802087489,4.955022315058112,RD3_F7_m7f3_P7_Y50_UO237,RD7_F4_m8f4_P8_Y48_UO221,RD3_F7_m4f8_P4_Y48_UO735,FXX,1,0.0,0,0,0.0,0,0,0,-9999.0,0.5101775228977203,1,P3_CV0,1,2,0,0,2
3,4.20367802087489,4.955022315058112,RD3_F7_m7f4_P7_Y50_UO749,RD7_F3_m6f2_P6_Y48_UO332,RD4_F8_m4f7_P4_Y48_UO595,FXX,1,0.0,0,0,0.0,0,0,0,-9999.0,0.5101898312568665,1,P3_CV0,1,1,1,1,1
3,4.20367802087489,4.955022315058112,RD3_F5_m5f1_P5_Y50_UO742,RD5_F3_m6f9_P6_Y48_UO650,RD1_F5_m2f5_P2_Y48_UO491,MXY,1,0.0,0,0,0.0,0,0,0,-9999.0,0.5099725127220154,1,P3_CV0,1,1,1,1,1
3,4.20367802087489,4.955022315058112,RD3_F7_m7f4_P7_Y50_UO49,RD7_F4_m8f4_P8_Y48_UO181,RD4_F8_m4f7_P4_Y48_UO576,MXY,1,0.0,0,0,0.0,0,0,0,-9999.0,0.5101169124245644,1,P3_CV0,1,1,1,1,1
3,4.20367802087489,4.955022315058112,RD3_F2_m3f2_P3_Y48_UO672,RD3_F5_m1f5_P1_Y46_UO148,RD2_F3_m5f2_P5_Y46_UO514,MXY,3,0.0,1,0,0.0,0,0,0,-9999.0,0.5101642459630966,1,P3_CV0,1,1,1,0,2
3,4.20367802087489,4.955022315058112,RD3_F5_m5f1_P5_Y48_UO225,RD5_F1_m5f1_P5_Y46_UO288,RD1_F5_m9f2_P9_Y44_UO13,FXX,3,0.0,1,0,1.0,0,0,0,-9999.0,0.5100302845239639,1,P3_CV0,1,0,2,1,1
3,4.20367802087489,4.955022315058112,RD3_F6_m7f4_P7_Y48_UO63,RD7_F4_m7f3_P7_Y46_UO169,RD4_F8_m4f8_P4_Y46_UO623,MXY,3,0.0,1,0,0.0,0,0,0,-9999.0,0.5098763406276703,1,P3_CV0,1,1,1,0,2
3,4.20367802087489,4.955022315058112,RD3_F6_m6f9_P6_Y46_UO310,RD6_F9_m6f9_P6_Y44_UO199,RD9_F6_m9f2_P9_Y44_UO170,FXX,5,0.0,1,0,1.0,0,0,0,-9999.0,0.5098211169242859,1,P3_CV0,1,1,1,1,1
3,4.20367802087489,4.955022315058112,RD3_F7_m7f4_P7_Y50_UO546,RD7_F3_m2f9_P2_Y48_UO675,RD4_F8_m4f7_P4_Y48_UO337,MXY,1,0.0,0,0,0.0,0,0,0,-9999.0,0.5102862939238548,1,P4_CV0,1,1,1,2,0
3,4.20367802087489,4.955022315058112,RD3_F7_m7f4_P7_Y50_UO542,RD7_F3_m2f9_P2_Y48_UO675,RD4_F8_m4f7_P4_Y48_UO337,FXX,1,0.0,0,0,0.0,0,0,0,-9999.0,0.5102862939238548,1,P4_CV0,1,1,1,0,2
3,4.20367802087489,4.955022315058112,RD3_F5_m5f1_P5_Y50_UO660,RD5_F3_m7f3_P7_Y48_UO42,RD1_F5_m2f9_P2_Y48_UO192,FXX,1,0.0,0,0,0.0,0,0,0,-9999.0,0.5100019723176956,1,P4_CV0,1,1,1,0,2
3,4.20367802087489,4.955022315058112,RD3_F5_m5f1_P5_Y50_UO508,RD5_F1_m5f1_P5_Y48_UO328,RD1_F5_m1f5_P1_Y48_UO235,MXY,1,0.0,0,0,0.0,0,0,0,-9999.0,0.5101559981703758,1,P4_CV0,1,1,1,1,1
3,4.20367802087489,4.955022315058112,RD3_F2_m2f5_P2_Y50_UO133,RD2_F9_m6f3_P6_Y48_UO579,RD5_F1_m5f1_P5_Y48_UO525,FXX,1,0.0,0,0,0.0,0,0,0,-9999.0,0.5100779980421066,1,P4_CV0,1,0,2,2,0
3,4.20367802087489,4.955022315058112,RD3_F5_m5f1_P5_Y50_UO507,RD5_F1_m5f1_P5_Y48_UO328,RD1_F5_m1f5_P1_Y48_UO235,FXX,1,0.0,0,0,0.0,0,0,0,-9999.0,0.5101559981703758,1,P4_CV0,1,0,2,1,1
3,4.20367802087489,4.955022315058112,RD3_F6_m6f3_P6_Y50_UO110,RD6_F9_m6f3_P6_Y48_UO578,RD3_F6_m9f6_P9_Y48_UO17,FXX,1,0.0,0,0,0.0,0,0,0,-9999.0,0.5103681981563568,1,P4_CV0,1,0,2,2,0
3,4.20367802087489,4.955022315058112,RD3_F7_m7f4_P7_Y50_UO471,RD7_F4_m8f4_P8_Y48_UO438,RD4_F8_m8f4_P8_Y47_UO224,MXY,1,0.0,0,0,0.0,0,0,0,-9999.0,0.5100514218211174,1,P4_CV0,1,2,0,2,0
3,4.20367802087489,4.955022315058112,RD3_F6_m6f2_P6_Y50_UO630,RD6_F9_m6f9_P6_Y48_UO631,RD2_F9_m2f5_P2_Y48_UO210,FXX,1,0.0,0,0,0.0,0,0,0,-9999.0,0.510132871568203,1,P4_CV0,1,1,1,1,1
3,4.20367802087489,4.955022315058112,RD3_F5_m5f2_P5_Y50_UO713,RD5_F1_m5f1_P5_Y48_UO326,RD2_F9_m2f3_P2_Y48_UO11,FXX,1,0.0,0,0,0.0,0,0,0,-9999.0,0.5102560222148895,1,P4_CV0,1,1,1,1,1
3,4.20367802087489,4.955022315058112,RD3_F2_m2f3_P2_Y50_UO539,RD2_F9_m6f3_P6_Y48_UO579,RD3_F6_m3f7_P3_Y48_UO356,FXX,1,0.0,0,0,0.0,0,0,0,-9999.0,0.5103841200470924,1,P4_CV0,1,2,0,2,0
3,4.20367802087489,4.955022315058112,RD3_F5_m5f3_P5_Y50_UO290,RD5_F3_m2f5_P2_Y48_UO453,RD3_F7_m3f6_P3_Y48_UO552,FXX,1,0.0,0,0,0.0,0,0,0,-9999.0,0.5100456029176712,1,P4_CV0,1,2,0,1,1
3,4.20367802087489,4.955022315058112,RD3_F7_m7f3_P7_Y50_UO636,RD7_F3_m7f3_P7_Y48_UO638,RD3_F6_m3f7_P3_Y48_UO731,FXX,1,0.0,0,0,0.0,0,0,0,-9999.0,0.5102030634880066,1,P4_CV0,1,1,1,2,0
3,4.20367802087489,4.955022315058112,RD3_F5_m5f3_P5_Y50_UO289,RD5_F3_m2f5_P2_Y48_UO453,RD3_F7_m3f6_P3_Y48_UO552,FXX,1,0.0,0,0,0.0,0,0,0,-9999.0,0.5100456029176712,1,P4_CV0,1,1,1,0,2
3,4.20367802087489,4.955022315058112,RD3_F6_m6f9_P6_Y50_UO281,RD6_F9_m2f9_P2_Y48_UO191,RD9_F2_m9f2_P9_Y48_UO167,FXX,1,0.0,0,0,0.0,0,0,0,-9999.0,0.5099145323038101,1,P4_CV0,1,1,1,1,1
3,4.20367802087489,4.955022315058112,RD3_F5_m5f1_P5_Y50_UO225,RD5_F1_m5f1_P5_Y48_UO326,RD1_F5_m2f9_P2_Y48_UO192,MXY,1,0.0,0,0,0.0,0,0,0,-9999.0,0.5102116540074348,1,P4_CV0,1,1,1,1,1
3,4.20367802087489,4.955022315058112,RD3_F5_m5f1_P5_Y50_UO1,RD5_F1_m5f1_P5_Y48_UO328,RD1_F5_m1f5_P1_Y48_UO361,MXY,1,0.0,0,0,0.0,0,0,0,-9999.0,0.5102946758270264,1,P4_CV0,1,1,1,1,1
3,4.20367802087489,4.955022315058112,RD3_F6_m2f5_P2_Y49_UO203,RD2_F3_m7f4_P7_Y47_UO150,RD5_F1_m3f6_P3_Y46_UO251,FXX,2,0.0,1,0,1.0,0,0,0,-9999.0,0.5101287364959717,1,P4_CV0,1,1,1,2,0
3,4.20367802087489,4.955022315058112,RD3_F5_m2f3_P2_Y49_UO207,RD2_F9_m6f3_P6_Y47_UO180,RD3_F2_m3f2_P3_Y46_UO35,FXX,2,0.0,1,0,1.0,0,0,0,-9999.0,0.5105188488960266,1,P4_CV0,1,1,1,2,0
3,4.20367802087489,4.955022315058112,RD3_F6_m2f3_P2_Y49_UO209,RD2_F9_m6f3_P6_Y47_UO180,RD3_F2_m3f2_P3_Y46_UO35,MXY,2,0.0,1,0,0.0,0,0,0,-9999.0,0.5105188488960266,1,P4_CV0,1,1,1,1,1
3,4.20367802087489,4.955022315058112,RD3_F6_m2f5_P2_Y49_UO228,RD2_F9_m6f2_P6_Y47_UO45,RD5_F1_m3f6_P3_Y46_UO251,MXY,2,0.0,1,0,0.0,0,0,0,-9999.0,0.5100476443767548,1,P4_CV0,1,1,1,2,0
3,4.20367802087489,4.955022315058112,RD3_F2_m2f5_P2_Y50_UO358,RD2_F5_m1f5_P1_Y48_UO182,RD5_F1_m1f5_P1_Y47_UO60,MXY,1,0.0,0,0,0.0,0,0,0,-9999.0,0.5100445598363876,1,P5_CV0,1,1,1,1,1
3,4.20367802087489,4.955022315058112,RD3_F2_m2f9_P2_Y50_UO641,RD2_F5_m1f5_P1_Y48_UO116,RD9_F2_m6f9_P6_Y48_UO542,FXX,1,0.0,0,0,0.0,0,0,0,-9999.0,0.5101243332028389,1,P5_CV0,1,2,0,2,0
3,4.20367802087489,4.955022315058112,RD3_F6_m6f2_P6_Y50_UO63,RD6_F9_m6f2_P6_Y48_UO338,RD2_F9_m6f9_P6_Y48_UO629,FXX,1,0.0,0,0,0.0,0,0,0,-9999.0,0.510366290807724,1,P7_CV0,1,2,0,2,0
3,4.20367802087489,4.955022315058112,RD3_F5_m5f2_P5_Y50_UO759,RD5_F1_m5f1_P5_Y48_UO327,RD2_F9_m2f3_P2_Y48_UO267,MXY,1,0.0,0,0,0.0,0,0,0,-9999.0,0.510335274040699,1,P7_CV0,1,2,0,1,1
3,4.20367802087489,4.955022315058112,RD3_F7_m7f4_P7_Y50_UO401,RD7_F3_m2f9_P2_Y48_UO675,RD4_F7_m3f2_P3_Y48_UO673,MXY,1,0.0,0,0,0.0,0,0,0,-9999.0,0.5101354867219925,1,P7_CV0,1,2,0,1,1
3,4.20367802087489,4.955022315058112,RD3_F7_m7f3_P7_Y50_UO739,RD7_F3_m5f2_P5_Y48_UO386,RD3_F2_m9f6_P9_Y48_UO321,FXX,1,0.0,0,0,0.0,0,0,0,-9999.0,0.5101514980196953,1,P7_CV0,1,1,1,1,1
3,4.20367802087489,4.955022315058112,RD3_F6_m6f9_P6_Y50_UO519,RD6_F2_m6f3_P6_Y48_UO602,RD9_F2_m6f2_P6_Y48_UO512,FXX,1,0.0,0,0,0.0,0,0,0,-9999.0,0.5101192742586136,1,P8_CV0,1,0,2,1,1
3,4.20367802087489,4.955022315058112,RD3_F2_m2f5_P2_Y50_UO467,RD2_F6_m3f7_P3_Y48_UO732,RD5_F3_m6f2_P6_Y48_UO339,MXY,1,0.0,0,0,0.0,0,0,0,-9999.0,0.5104475766420364,1,P8_CV0,1,2,0,1,1
3,4.20367802087489,4.955022315058112,RD3_F7_m7f4_P7_Y50_UO98,RD7_F4_m8f4_P8_Y48_UO438,RD4_F8_m4f7_P4_Y48_UO711,FXX,1,0.0,0,0,0.0,0,0,0,-9999.0,0.5101219341158867,1,P8_CV0,1,1,1,1,1
3,4.20367802087489,4.955022315058112,RD3_F6_m6f2_P6_Y50_UO176,RD6_F3_m6f3_P6_Y48_UO302,RD2_F5_m6f2_P6_Y47_UO30,FXX,1,0.0,0,0,0.0,0,0,0,-9999.0,0.5103841945528984,1,P8_CV0,1,0,2,2,0
3,4.20367802087489,4.955022315058112,RD3_F2_m2f5_P2_Y50_UO468,RD2_F6_m3f7_P3_Y48_UO732,RD5_F3_m6f2_P6_Y48_UO339,MXY,1,0.0,0,0,0.0,0,0,0,-9999.0,0.5104475766420364,1,P8_CV0,1,1,1,1,1
3,4.20367802087489,4.955022315058112,RD3_F7_m7f4_P7_Y50_UO101,RD7_F4_m8f4_P8_Y48_UO438,RD4_F8_m4f7_P4_Y48_UO711,MXY,1,0.0,0,0,0.0,0,0,0,-9999.0,0.5101219341158867,1,P8_CV0,1,1,1,1,1
3,4.20367802087489,4.955022315058112,RD3_F2_m2f5_P2_Y50_UO117,RD2_F5_m3f2_P3_Y48_UO653,RD5_F3_m6f2_P6_Y48_UO419,FXX,1,0.0,0,0,0.0,0,0,0,-9999.0,0.5101616010069847,1,P8_CV0,1,1,1,2,0
3,4.20367802087489,4.955022315058112,RD3_F7_m7f4_P7_Y50_UO580,RD7_F3_m7f3_P7_Y48_UO100,RD4_F8_m4f8_P4_Y48_UO73,MXY,1,0.0,0,0,0.0,0,0,0,-9999.0,0.5100529715418816,1,P8_CV0,1,1,1,1,1
3,4.20367802087489,4.955022315058112,RD3_F5_m5f1_P5_Y50_UO575,RD5_F1_m5f1_P5_Y48_UO328,RD1_F5_m1f5_P1_Y48_UO235,MXY,1,0.0,0,0,0.0,0,0,0,-9999.0,0.5101559981703758,1,P8_CV0,1,1,1,0,2
3,4.20367802087489,4.955022315058112,RD3_F7_m7f4_P7_Y50_UO579,RD7_F3_m7f3_P7_Y48_UO100,RD4_F8_m4f8_P4_Y48_UO73,FXX,1,0.0,0,0,0.0,0,0,0,-9999.0,0.5100529715418816,1,P8_CV0,1,1,1,1,1
3,4.20367802087489,4.955022315058112,RD3_F5_m6f2_P6_Y48_UO419,RD6_F9_m2f9_P2_Y46_UO0,RD2_F5_m3f2_P3_Y46_UO35,MXY,3,0.0,1,0,0.0,0,0,0,-9999.0,0.510252833366394,1,P8_CV0,1,0,2,2,0
3,4.20367802087489,4.955022315058112,RD3_F6_m6f2_P6_Y48_UO515,RD6_F9_m2f6_P2_Y46_UO156,RD2_F5_m2f9_P2_Y46_UO327,FXX,3,0.0,1,0,1.0,0,0,0,-9999.0,0.5102682411670685,1,P8_CV0,1,1,1,1,1
4,2.046486340378425,9.289064495259955,RD4_F8_m8f4_P8_Y50_UO703,RD8_F4_m8f4_P8_Y48_UO222,RD4_F8_m4f8_P4_Y48_UO583,MXY,1,0.0,0,0,0.0,0,0,0,-9999.0,0.510385550558567,1,P0_CV0,1,2,0,1,1
4,2.046486340378425,9.289064495259955,RD4_F8_m8f4_P8_Y50_UO143,RD8_F4_m8f4_P8_Y48_UO118,RD4_F8_m4f8_P4_Y48_UO583,MXY,1,0.0,0,0,0.0,0,0,0,-9999.0,0.5103432014584541,1,P0_CV0,1,2,0,2,0
4,2.046486340378425,9.289064495259955,RD4_F8_m8f4_P8_Y50_UO704,RD8_F4_m8f4_P8_Y48_UO222,RD4_F8_m4f8_P4_Y48_UO583,FXX,1,0.0,0,0,0.0,0,0,0,-9999.0,0.510385550558567,1,P0_CV0,1,1,1,0,2
4,2.046486340378425,9.289064495259955,RD4_F7_m7f4_P7_Y50_UO397,RD7_F4_m7f4_P7_Y48_UO74,RD4_F8_m4f8_P4_Y48_UO606,FXX,1,0.0,0,0,0.0,0,0,0,-9999.0,0.5104497820138931,1,P3_CV0,1,0,2,1,1
4,2.046486340378425,9.289064495259955,RD4_F8_m8f4_P8_Y50_UO5,RD8_F4_m8f4_P8_Y48_UO426,RD4_F7_m3f7_P3_Y48_UO352,MXY,1,0.0,0,0,0.0,0,0,0,-9999.0,0.510276198387146,1,P3_CV0,1,1,1,1,1
4,2.046486340378425,9.289064495259955,RD4_F8_m8f4_P8_Y50_UO422,RD8_F4_m8f4_P8_Y48_UO117,RD4_F7_m4f8_P4_Y48_UO72,FXX,1,0.0,0,0,0.0,0,0,0,-9999.0,0.5102005824446678,1,P3_CV0,1,1,1,1,1
4,2.046486340378425,9.289064495259955,RD4_F8_m8f4_P8_Y50_UO43,RD8_F4_m7f3_P7_Y48_UO752,RD4_F8_m4f7_P4_Y48_UO576,MXY,1,0.0,0,0,0.0,0,0,0,-9999.0,0.5101374611258507,1,P3_CV0,1,1,1,2,0
4,2.046486340378425,9.289064495259955,RD4_F7_m7f4_P7_Y50_UO656,RD7_F4_m8f4_P8_Y48_UO221,RD4_F7_m4f7_P4_Y48_UO249,MXY,1,0.0,0,0,0.0,0,0,0,-9999.0,0.5102028846740723,1,P3_CV0,1,1,1,1,1
4,2.046486340378425,9.289064495259955,RD4_F7_m7f4_P7_Y50_UO172,RD7_F3_m6f3_P6_Y48_UO604,RD4_F7_m4f8_P4_Y48_UO41,MXY,1,0.0,0,0,0.0,0,0,0,-9999.0,0.5099501758813858,1,P3_CV0,1,1,1,1,1
4,2.046486340378425,9.289064495259955,RD4_F8_m8f4_P8_Y50_UO669,RD8_F4_m8f4_P8_Y48_UO117,RD4_F7_m3f7_P3_Y48_UO352,MXY,1,0.0,0,0,0.0,0,0,0,-9999.0,0.510437048971653,1,P3_CV0,1,2,0,2,0
4,2.046486340378425,9.289064495259955,RD4_F8_m8f4_P8_Y50_UO18,RD8_F4_m7f4_P7_Y48_UO358,RD4_F8_m4f7_P4_Y48_UO33,FXX,1,0.0,0,0,0.0,0,0,0,-9999.0,0.5102099552750587,1,P3_CV0,1,0,2,0,2
4,2.046486340378425,9.289064495259955,RD4_F8_m8f4_P8_Y50_UO19,RD8_F4_m7f4_P7_Y48_UO358,RD4_F8_m4f7_P4_Y48_UO33,FXX,1,0.0,0,0,0.0,0,0,0,-9999.0,0.5102099552750587,1,P3_CV0,1,1,1,1,1
4,2.046486340378425,9.289064495259955,RD4_F8_m8f4_P8_Y50_UO621,RD8_F4_m7f3_P7_Y48_UO247,RD4_F8_m4f7_P4_Y48_UO131,MXY,1,0.0,0,0,0.0,0,0,0,-9999.0,0.5100034698843956,1,P3_CV0,1,1,1,1,1
4,2.046486340378425,9.289064495259955,RD4_F7_m7f4_P7_Y50_UO747,RD7_F3_m6f2_P6_Y48_UO332,RD4_F8_m4f7_P4_Y48_UO595,FXX,1,0.0,0,0,0.0,0,0,0,-9999.0,0.5101898312568665,1,P3_CV0,1,2,0,1,1
4,2.046486340378425,9.289064495259955,RD4_F7_m7f4_P7_Y50_UO350,RD7_F3_m6f3_P6_Y48_UO604,RD4_F8_m4f7_P4_Y48_UO250,MXY,1,0.0,0,0,0.0,0,0,0,-9999.0,0.5099525302648544,1,P3_CV0,1,2,0,2,0
4,2.046486340378425,9.289064495259955,RD4_F8_m8f4_P8_Y50_UO406,RD8_F4_m7f4_P7_Y48_UO61,RD4_F8_m4f7_P4_Y48_UO272,MXY,1,0.0,0,0,0.0,0,0,0,-9999.0,0.5098821967840195,1,P3_CV0,1,0,2,1,1
4,2.046486340378425,9.289064495259955,RD4_F7_m7f4_P7_Y50_UO50,RD7_F4_m8f4_P8_Y48_UO181,RD4_F8_m4f7_P4_Y48_UO576,FXX,1,0.0,0,0,0.0,0,0,0,-9999.0,0.5101169124245644,1,P3_CV0,1,0,2,2,0
4,2.046486340378425,9.289064495259955,RD4_F7_m7f3_P7_Y50_UO39,RD7_F4_m8f4_P8_Y48_UO221,RD3_F5_m1f5_P1_Y48_UO430,MXY,1,0.0,0,0,0.0,0,0,0,-9999.0,0.5101643353700638,1,P3_CV0,1,1,1,1,1
4,2.046486340378425,9.289064495259955,RD4_F8_m8f4_P8_Y50_UO475,RD8_F4_m8f4_P8_Y48_UO508,RD4_F8_m4f7_P4_Y48_UO596,FXX,1,0.0,0,0,0.0,0,0,0,-9999.0,0.5103362947702408,1,P3_CV0,1,2,0,1,1
4,2.046486340378425,9.289064495259955,RD4_F8_m8f4_P8_Y50_UO340,RD8_F4_m8f4_P8_Y48_UO97,RD4_F8_m4f8_P4_Y48_UO606,MXY,1,0.0,0,0,0.0,0,0,0,-9999.0,0.5100836828351021,1,P3_CV0,1,2,0,0,2
4,2.046486340378425,9.289064495259955,RD4_F8_m8f4_P8_Y50_UO424,RD8_F4_m8f4_P8_Y48_UO117,RD4_F7_m4f8_P4_Y48_UO72,FXX,1,0.0,0,0,0.0,0,0,0,-9999.0,0.5102005824446678,1,P3_CV0,1,0,2,1,1
4,2.046486340378425,9.289064495259955,RD4_F7_m7f4_P7_Y50_UO760,RD7_F4_m7f4_P7_Y48_UO545,RD4_F8_m8f4_P8_Y47_UO224,MXY,1,0.0,0,0,0.0,0,0,0,-9999.0,0.5098596960306168,1,P3_CV0,1,2,0,1,1
4,2.046486340378425,9.289064495259955,RD4_F7_m7f3_P7_Y50_UO633,RD7_F3_m7f3_P7_Y48_UO638,RD3_F6_m3f7_P3_Y48_UO731,MXY,1,0.0,0,0,0.0,0,0,0,-9999.0,0.5102030634880066,1,P3_CV0,1,2,0,2,0
4,2.046486340378425,9.289064495259955,RD4_F8_m8f4_P8_Y50_UO88,RD8_F4_m8f4_P8_Y48_UO118,RD4_F8_m4f8_P4_Y48_UO606,FXX,1,0.0,0,0,0.0,0,0,0,-9999.0,0.5103542879223824,1,P3_CV0,1,1,1,1,1
4,2.046486340378425,9.289064495259955,RD4_F7_m7f4_P7_Y50_UO51,RD7_F4_m8f4_P8_Y48_UO181,RD4_F8_m4f7_P4_Y48_UO576,FXX,1,0.0,0,0,0.0,0,0,0,-9999.0,0.5101169124245644,1,P3_CV0,1,0,2,1,1
4,2.046486340378425,9.289064495259955,RD4_F7_m7f4_P7_Y50_UO230,RD7_F3_m7f3_P7_Y48_UO638,RD4_F7_m2f6_P2_Y46_UO492,FXX,1,0.0,0,0,0.0,0,0,0,-9999.0,0.5100328251719475,1,P3_CV0,1,1,1,1,1
4,2.046486340378425,9.289064495259955,RD4_F7_m7f3_P7_Y50_UO236,RD7_F4_m8f4_P8_Y48_UO221,RD3_F7_m4f8_P4_Y48_UO735,FXX,1,0.0,0,0,0.0,0,0,0,-9999.0,0.5101775228977203,1,P3_CV0,1,2,0,0,2
4,2.046486340378425,9.289064495259955,RD4_F8_m8f4_P8_Y50_UO197,RD8_F4_m8f4_P8_Y48_UO740,RD4_F7_m3f5_P3_Y48_UO200,MXY,1,0.0,0,0,0.0,0,0,0,-9999.0,0.5099358484148979,1,P3_CV0,1,1,1,0,2
4,2.046486340378425,9.289064495259955,RD4_F7_m7f4_P7_Y50_UO232,RD7_F3_m7f3_P7_Y48_UO638,RD4_F7_m2f6_P2_Y46_UO492,MXY,1,0.0,0,0,0.0,0,0,0,-9999.0,0.5100328251719475,1,P3_CV0,1,2,0,2,0
4,2.046486340378425,9.289064495259955,RD4_F7_m7f4_P7_Y50_UO396,RD7_F4_m7f4_P7_Y48_UO74,RD4_F8_m4f8_P4_Y48_UO606,FXX,1,0.0,0,0,0.0,0,0,0,-9999.0,0.5104497820138931,1,P3_CV0,1,0,2,1,1
4,2.046486340378425,9.289064495259955,RD4_F8_m8f4_P8_Y50_UO16,RD8_F4_m7f4_P7_Y48_UO358,RD4_F8_m4f7_P4_Y48_UO33,FXX,1,0.0,0,0,0.0,0,0,0,-9999.0,0.5102099552750587,1,P3_CV0,1,1,1,1,1
4,2.046486340378425,9.289064495259955,RD4_F8_m8f4_P8_Y50_UO476,RD8_F4_m8f4_P8_Y48_UO508,RD4_F8_m4f7_P4_Y48_UO596,MXY,1,0.0,0,0,0.0,0,0,0,-9999.0,0.5103362947702408,1,P3_CV0,1,2,0,1,1
4,2.046486340378425,9.289064495259955,RD4_F8_m8f4_P8_Y50_UO423,RD8_F4_m8f4_P8_Y48_UO117,RD4_F7_m4f8_P4_Y48_UO72,FXX,1,0.0,0,0,0.0,0,0,0,-9999.0,0.5102005824446678,1,P3_CV0,1,1,1,0,2
4,2.046486340378425,9.289064495259955,RD4_F7_m7f4_P7_Y50_UO48,RD7_F4_m8f4_P8_Y48_UO181,RD4_F8_m4f7_P4_Y48_UO576,FXX,1,0.0,0,0,0.0,0,0,0,-9999.0,0.5101169124245644,1,P3_CV0,1,1,1,1,1
4,2.046486340378425,9.289064495259955,RD4_F8_m8f4_P8_Y50_UO668,RD8_F4_m8f4_P8_Y48_UO117,RD4_F7_m3f7_P3_Y48_UO352,FXX,1,0.0,0,0,0.0,0,0,0,-9999.0,0.510437048971653,1,P3_CV0,1,2,0,1,1
4,2.046486340378425,9.289064495259955,RD4_F7_m7f4_P7_Y50_UO349,RD7_F3_m6f3_P6_Y48_UO604,RD4_F8_m4f7_P4_Y48_UO250,FXX,1,0.0,0,0,0.0,0,0,0,-9999.0,0.5099525302648544,1,P3_CV0,1,2,0,2,0
4,2.046486340378425,9.289064495259955,RD4_F7_m7f4_P7_Y50_UO761,RD7_F4_m7f4_P7_Y48_UO545,RD4_F8_m8f4_P8_Y47_UO224,FXX,1,0.0,0,0,0.0,0,0,0,-9999.0,0.5098596960306168,1,P3_CV0,1,1,1,2,0
4,2.046486340378425,9.289064495259955,RD4_F8_m8f4_P8_Y50_UO702,RD8_F4_m8f4_P8_Y48_UO222,RD4_F8_m4f8_P4_Y48_UO583,MXY,1,0.0,0,0,0.0,0,0,0,-9999.0,0.510385550558567,1,P3_CV0,1,2,0,0,2
4,2.046486340378425,9.289064495259955,RD4_F7_m7f3_P7_Y50_UO167,RD7_F3_m5f2_P5_Y48_UO386,RD3_F2_m9f2_P9_Y48_UO401,FXX,1,0.0,0,0,0.0,0,0,0,-9999.0,0.5100031718611717,1,P3_CV0,1,0,2,1,1
4,2.046486340378425,9.289064495259955,RD4_F7_m7f4_P7_Y50_UO655,RD7_F4_m8f4_P8_Y48_UO221,RD4_F7_m4f7_P4_Y48_UO249,FXX,1,0.0,0,0,0.0,0,0,0,-9999.0,0.5102028846740723,1,P3_CV0,1,1,1,1,1
4,2.046486340378425,9.289064495259955,RD4_F7_m7f4_P7_Y50_UO762,RD7_F4_m7f4_P7_Y48_UO545,RD4_F8_m8f4_P8_Y47_UO224,FXX,1,0.0,0,0,0.0,0,0,0,-9999.0,0.5098596960306168,1,P3_CV0,1,1,1,2,0
4,2.046486340378425,9.289064495259955,RD4_F7_m7f3_P7_Y50_UO169,RD7_F3_m5f2_P5_Y48_UO386,RD3_F2_m9f2_P9_Y48_UO401,MXY,1,0.0,0,0,0.0,0,0,0,-9999.0,0.5100031718611717,1,P3_CV0,1,0,2,1,1
4,2.046486340378425,9.289064495259955,RD4_F7_m7f3_P7_Y50_UO166,RD7_F3_m5f2_P5_Y48_UO386,RD3_F2_m9f2_P9_Y48_UO401,FXX,1,0.0,0,0,0.0,0,0,0,-9999.0,0.5100031718611717,1,P3_CV0,1,0,2,0,2
4,2.046486340378425,9.289064495259955,RD4_F7_m7f3_P7_Y50_UO240,RD7_F4_m8f4_P8_Y48_UO221,RD3_F7_m4f8_P4_Y48_UO735,MXY,1,0.0,0,0,0.0,0,0,0,-9999.0,0.5101775228977203,1,P3_CV0,1,2,0,1,1
4,2.046486340378425,9.289064495259955,RD4_F8_m8f4_P8_Y50_UO510,RD8_F4_m8f4_P8_Y48_UO97,RD4_F8_m4f7_P4_Y48_UO716,MXY,1,0.0,0,0,0.0,0,0,0,-9999.0,0.50999566167593,1,P3_CV0,1,1,1,0,2
4,2.046486340378425,9.289064495259955,RD4_F8_m8f4_P8_Y50_UO421,RD8_F4_m8f4_P8_Y48_UO117,RD4_F7_m4f8_P4_Y48_UO72,MXY,1,0.0,0,0,0.0,0,0,0,-9999.0,0.5102005824446678,1,P3_CV0,1,2,0,1,1
4,2.046486340378425,9.289064495259955,RD4_F7_m7f4_P7_Y50_UO544,RD7_F3_m2f9_P2_Y48_UO675,RD4_F8_m4f7_P4_Y48_UO337,FXX,1,0.0,0,0,0.0,0,0,0,-9999.0,0.5102862939238548,1,P3_CV0,1,1,1,0,2
4,2.046486340378425,9.289064495259955,RD4_F7_m7f4_P7_Y50_UO395,RD7_F4_m7f4_P7_Y48_UO74,RD4_F8_m4f8_P4_Y48_UO606,MXY,1,0.0,0,0,0.0,0,0,0,-9999.0,0.5104497820138931,1,P3_CV0,1,0,2,1,1
4,2.046486340378425,9.289064495259955,RD4_F8_m8f4_P8_Y50_UO44,RD8_F4_m7f3_P7_Y48_UO752,RD4_F8_m4f7_P4_Y48_UO576,FXX,1,0.0,0,0,0.0,0,0,0,-9999.0,0.5101374611258507,1,P3_CV0,1,1,1,2,0
4,2.046486340378425,9.289064495259955,RD4_F8_m8f4_P8_Y50_UO477,RD8_F4_m8f4_P8_Y48_UO508,RD4_F8_m4f7_P4_Y48_UO596,MXY,1,0.0,0,0,0.0,0,0,0,-9999.0,0.5103362947702408,1,P3_CV0,1,2,0,2,0
4,2.046486340378425,9.289064495259955,RD4_F7_m7f4_P7_Y50_UO645,RD7_F4_m7f4_P7_Y48_UO667,RD4_F8_m4f7_P4_Y48_UO716,FXX,1,0.0,0,0,0.0,0,0,0,-9999.0,0.5100400820374489,1,P3_CV0,1,1,1,1,1
4,2.046486340378425,9.289064495259955,RD4_F8_m8f4_P8_Y50_UO511,RD8_F4_m8f4_P8_Y48_UO97,RD4_F8_m4f7_P4_Y48_UO716,FXX,1,0.0,0,0,0.0,0,0,0,-9999.0,0.50999566167593,1,P3_CV0,1,1,1,0,2
4,2.046486340378425,9.289064495259955,RD4_F8_m8f4_P8_Y50_UO4,RD8_F4_m8f4_P8_Y48_UO426,RD4_F7_m3f7_P3_Y48_UO352,FXX,1,0.0,0,0,0.0,0,0,0,-9999.0,0.510276198387146,1,P3_CV0,1,1,1,1,1
4,2.046486340378425,9.289064495259955,RD4_F8_m8f4_P8_Y48_UO117,RD8_F4_m7f4_P7_Y46_UO331,RD4_F8_m4f8_P4_Y46_UO427,FXX,3,0.0,1,0,1.0,0,0,0,-9999.0,0.5103863179683685,1,P3_CV0,1,1,1,1,1
4,2.046486340378425,9.289064495259955,RD4_F7_m7f3_P7_Y48_UO639,RD7_F4_m8f4_P8_Y46_UO604,RD3_F7_m4f7_P4_Y46_UO644,FXX,3,0.0,1,0,1.0,0,0,0,-9999.0,0.5100230127573013,1,P3_CV0,1,1,1,1,1
4,2.046486340378425,9.289064495259955,RD4_F7_m7f4_P7_Y48_UO54,RD7_F4_m8f4_P8_Y46_UO120,RD4_F8_m4f7_P4_Y46_UO309,MXY,3,0.0,1,0,0.0,0,0,0,-9999.0,0.5100246518850327,1,P3_CV0,1,2,0,1,1
4,2.046486340378425,9.289064495259955,RD4_F8_m8f4_P8_Y50_UO245,RD8_F4_m8f4_P8_Y48_UO392,RD4_F8_m4f7_P4_Y48_UO711,MXY,1,0.0,0,0,0.0,0,0,0,-9999.0,0.5100699737668037,1,P4_CV0,1,1,1,1,1
4,2.046486340378425,9.289064495259955,RD4_F7_m7f4_P7_Y50_UO102,RD7_F4_m8f4_P8_Y48_UO438,RD4_F8_m4f7_P4_Y48_UO711,MXY,1,0.0,0,0,0.0,0,0,0,-9999.0,0.5101219341158867,1,P4_CV0,1,1,1,1,1
4,2.046486340378425,9.289064495259955,RD4_F8_m8f4_P8_Y50_UO201,RD8_F4_m8f4_P8_Y48_UO426,RD4_F8_m4f8_P4_Y48_UO582,FXX,1,0.0,0,0,0.0,0,0,0,-9999.0,0.5101823508739471,1,P4_CV0,1,2,0,2,0
4,2.046486340378425,9.289064495259955,RD4_F8_m8f4_P8_Y50_UO247,RD8_F4_m8f4_P8_Y48_UO392,RD4_F8_m4f7_P4_Y48_UO711,MXY,1,0.0,0,0,0.0,0,0,0,-9999.0,0.5100699737668037,1,P4_CV0,1,1,1,1,1
4,2.046486340378425,9.289064495259955,RD4_F7_m7f4_P7_Y50_UO469,RD7_F4_m8f4_P8_Y48_UO438,RD4_F8_m8f4_P8_Y47_UO224,MXY,1,0.0,0,0,0.0,0,0,0,-9999.0,0.5100514218211174,1,P4_CV0,1,1,1,2,0
4,2.046486340378425,9.289064495259955,RD4_F8_m8f4_P8_Y50_UO200,RD8_F4_m8f4_P8_Y48_UO426,RD4_F8_m4f8_P4_Y48_UO582,FXX,1,0.0,0,0,0.0,0,0,0,-9999.0,0.5101823508739471,1,P4_CV0,1,1,1,2,0
4,2.046486340378425,9.289064495259955,RD4_F8_m8f4_P8_Y50_UO381,RD8_F4_m7f3_P7_Y48_UO247,RD4_F8_m8f4_P8_Y47_UO224,MXY,1,0.0,0,0,0.0,0,0,0,-9999.0,0.5100413635373116,1,P4_CV0,1,2,0,2,0
4,2.046486340378425,9.289064495259955,RD4_F8_m8f4_P8_Y50_UO378,RD8_F4_m7f3_P7_Y48_UO247,RD4_F8_m8f4_P8_Y47_UO224,MXY,1,0.0,0,0,0.0,0,0,0,-9999.0,0.5100413635373116,1,P4_CV0,1,2,0,2,0
4,2.046486340378425,9.289064495259955,RD4_F8_m8f4_P8_Y50_UO126,RD8_F4_m7f4_P7_Y48_UO61,RD4_F8_m4f8_P4_Y48_UO367,FXX,1,0.0,0,0,0.0,0,0,0,-9999.0,0.5100212022662163,1,P4_CV0,1,0,2,1,1
4,2.046486340378425,9.289064495259955,RD4_F8_m8f4_P8_Y50_UO700,RD8_F4_m8f4_P8_Y48_UO144,RD4_F8_m4f8_P4_Y48_UO582,MXY,1,0.0,0,0,0.0,0,0,0,-9999.0,0.5103007033467293,1,P4_CV0,1,2,0,2,0
4,2.046486340378425,9.289064495259955,RD4_F7_m7f4_P7_Y50_UO541,RD7_F3_m2f9_P2_Y48_UO675,RD4_F8_m4f7_P4_Y48_UO337,MXY,1,0.0,0,0,0.0,0,0,0,-9999.0,0.5102862939238548,1,P4_CV0,1,1,1,2,0
4,2.046486340378425,9.289064495259955,RD4_F8_m8f4_P8_Y50_UO159,RD8_F4_m8f4_P8_Y48_UO439,RD4_F8_m4f8_P4_Y48_UO367,FXX,1,0.0,0,0,0.0,0,0,0,-9999.0,0.5101163238286972,1,P4_CV0,1,0,2,2,0
4,2.046486340378425,9.289064495259955,RD4_F8_m8f4_P8_Y50_UO156,RD8_F4_m8f4_P8_Y48_UO439,RD4_F8_m4f8_P4_Y48_UO367,MXY,1,0.0,0,0,0.0,0,0,0,-9999.0,0.5101163238286972,1,P4_CV0,1,1,1,2,0
4,2.046486340378425,9.289064495259955,RD4_F8_m8f4_P8_Y48_UO391,RD8_F4_m7f4_P7_Y46_UO227,RD4_F8_m4f7_P4_Y46_UO309,FXX,3,0.0,1,0,1.0,0,0,0,-9999.0,0.5099626630544662,1,P4_CV0,1,2,0,1,1
4,2.046486340378425,9.289064495259955,RD4_F8_m7f3_P7_Y48_UO3,RD7_F4_m8f4_P8_Y46_UO129,RD3_F5_m3f6_P3_Y46_UO589,FXX,3,0.0,1,0,1.0,0,0,0,-9999.0,0.5098520517349243,1,P4_CV0,1,1,1,2,0
4,2.046486340378425,9.289064495259955,RD4_F8_m8f4_P8_Y48_UO621,RD8_F4_m8f4_P8_Y46_UO113,RD4_F8_m4f8_P4_Y46_UO84,MXY,3,0.0,1,0,0.0,0,0,0,-9999.0,0.5100680142641068,1,P4_CV0,1,1,1,0,2
4,2.046486340378425,9.289064495259955,RD4_F7_m8f4_P8_Y46_UO698,RD8_F4_m7f3_P7_Y44_UO309,RD4_F7_m4f8_P4_Y44_UO619,MXY,5,0.0,1,0,0.0,0,0,0,-9999.0,0.5096065104007721,1,P4_CV0,1,2,0,1,1
4,2.046486340378425,9.289064495259955,RD4_F8_m8f4_P8_Y50_UO149,RD8_F4_m8f4_P8_Y48_UO121,RD4_F8_m4f7_P4_Y48_UO131,FXX,1,0.0,0,0,0.0,0,0,0,-9999.0,0.5103712156414986,1,P5_CV0,1,2,0,1,1
4,2.046486340378425,9.289064495259955,RD4_F8_m8f4_P8_Y50_UO701,RD8_F4_m8f4_P8_Y48_UO144,RD4_F8_m4f8_P4_Y48_UO582,FXX,1,0.0,0,0,0.0,0,0,0,-9999.0,0.5103007033467293,1,P5_CV0,1,2,0,2,0
4,2.046486340378425,9.289064495259955,RD4_F7_m7f3_P7_Y50_UO36,RD7_F4_m8f4_P8_Y48_UO221,RD3_F5_m1f5_P1_Y48_UO430,FXX,1,0.0,0,0,0.0,0,0,0,-9999.0,0.5101643353700638,1,P5_CV0,1,1,1,1,1
4,2.046486340378425,9.289064495259955,RD4_F8_m8f4_P8_Y50_UO151,RD8_F4_m8f4_P8_Y48_UO121,RD4_F8_m4f7_P4_Y48_UO131,FXX,1,0.0,0,0,0.0,0,0,0,-9999.0,0.5103712156414986,1,P5_CV0,1,2,0,2,0
4,2.046486340378425,9.289064495259955,RD4_F8_m8f4_P8_Y50_UO148,RD8_F4_m8f4_P8_Y48_UO121,RD4_F8_m4f7_P4_Y48_UO131,MXY,1,0.0,0,0,0.0,0,0,0,-9999.0,0.5103712156414986,1,P5_CV0,1,2,0,1,1
4,2.046486340378425,9.289064495259955,RD4_F8_m8f4_P8_Y50_UO347,RD8_F4_m8f4_P8_Y48_UO262,RD4_F7_m4f7_P4_Y48_UO249,FXX,1,0.0,0,0,0.0,0,0,0,-9999.0,0.5099701955914497,1,P7_CV0,1,1,1,2,0
4,2.046486340378425,9.289064495259955,RD4_F7_m7f4_P7_Y50_UO404,RD7_F3_m2f9_P2_Y48_UO675,RD4_F7_m3f2_P3_Y48_UO673,FXX,1,0.0,0,0,0.0,0,0,0,-9999.0,0.5101354867219925,1,P7_CV0,1,2,0,1,1
4,2.046486340378425,9.289064495259955,RD4_F8_m8f4_P8_Y50_UO33,RD8_F4_m8f4_P8_Y48_UO262,RD4_F8_m4f8_P4_Y48_UO606,FXX,1,0.0,0,0,0.0,0,0,0,-9999.0,0.5101639479398727,1,P7_CV0,1,2,0,2,0
4,2.046486340378425,9.289064495259955,RD4_F8_m8f4_P8_Y50_UO348,RD8_F4_m8f4_P8_Y48_UO262,RD4_F7_m4f7_P4_Y48_UO249,FXX,1,0.0,0,0,0.0,0,0,0,-9999.0,0.5099701955914497,1,P7_CV0,1,2,0,1,1
4,2.046486340378425,9.289064495259955,RD4_F8_m8f4_P8_Y50_UO705,RD8_F4_m8f4_P8_Y48_UO66,RD4_F7_m3f2_P3_Y48_UO673,MXY,1,0.0,0,0,0.0,0,0,0,-9999.0,0.5100262090563774,1,P7_CV0,1,1,1,1,1
4,2.046486340378425,9.289064495259955,RD4_F7_m8f4_P8_Y48_UO346,RD8_F4_m7f3_P7_Y46_UO400,RD4_F8_m4f8_P4_Y46_UO549,MXY,3,0.0,1,0,0.0,0,0,0,-9999.0,0.5105372369289398,1,P7_CV0,1,1,1,2,0
4,2.046486340378425,9.289064495259955,RD4_F8_m8f4_P8_Y50_UO246,RD8_F4_m8f4_P8_Y48_UO392,RD4_F8_m4f7_P4_Y48_UO711,FXX,1,0.0,0,0,0.0,0,0,0,-9999.0,0.5100699737668037,1,P8_CV0,1,1,1,1,1
4,2.046486340378425,9.289064495259955,RD4_F8_m8f4_P8_Y50_UO305,RD8_F4_m7f3_P7_Y48_UO247,RD4_F8_m4f7_P4_Y48_UO595,FXX,1,0.0,0,0,0.0,0,0,0,-9999.0,0.5101341903209686,1,P8_CV0,1,1,1,2,0
4,2.046486340378425,9.289064495259955,RD4_F8_m8f4_P8_Y50_UO379,RD8_F4_m7f3_P7_Y48_UO247,RD4_F8_m8f4_P8_Y47_UO224,FXX,1,0.0,0,0,0.0,0,0,0,-9999.0,0.5100413635373116,1,P8_CV0,1,1,1,2,0
4,2.046486340378425,9.289064495259955,RD4_F8_m8f4_P8_Y50_UO707,RD8_F4_m8f4_P8_Y48_UO66,RD4_F7_m3f2_P3_Y48_UO673,FXX,1,0.0,0,0,0.0,0,0,0,-9999.0,0.5100262090563774,1,P8_CV0,1,2,0,1,1
4,2.046486340378425,9.289064495259955,RD4_F8_m8f4_P8_Y50_UO380,RD8_F4_m7f3_P7_Y48_UO247,RD4_F8_m8f4_P8_Y47_UO224,MXY,1,0.0,0,0,0.0,0,0,0,-9999.0,0.5100413635373116,1,P8_CV0,1,0,2,2,0
4,2.046486340378425,9.289064495259955,RD4_F7_m7f4_P7_Y50_UO100,RD7_F4_m8f4_P8_Y48_UO438,RD4_F8_m4f7_P4_Y48_UO711,MXY,1,0.0,0,0,0.0,0,0,0,-9999.0,0.5101219341158867,1,P8_CV0,1,1,1,1,1
4,2.046486340378425,9.289064495259955,RD4_F8_m8f4_P8_Y50_UO622,RD8_F4_m7f3_P7_Y48_UO247,RD4_F8_m4f7_P4_Y48_UO131,FXX,1,0.0,0,0,0.0,0,0,0,-9999.0,0.5100034698843956,1,P8_CV0,1,1,1,1,1
4,2.046486340378425,9.289064495259955,RD4_F8_m8f4_P8_Y50_UO780,RD8_F4_m8f4_P8_Y48_UO66,RD4_F8_m8f4_P8_Y47_UO224,MXY,1,0.0,0,0,0.0,0,0,0,-9999.0,0.5099622160196304,1,P8_CV0,1,0,2,2,0
4,2.046486340378425,9.289064495259955,RD4_F8_m8f4_P8_Y50_UO709,RD8_F4_m8f4_P8_Y48_UO66,RD4_F7_m3f2_P3_Y48_UO673,MXY,1,0.0,0,0,0.0,0,0,0,-9999.0,0.5100262090563774,1,P8_CV0,1,2,0,0,2
4,2.046486340378425,9.289064495259955,RD4_F8_m8f4_P8_Y50_UO779,RD8_F4_m8f4_P8_Y48_UO66,RD4_F8_m8f4_P8_Y47_UO224,MXY,1,0.0,0,0,0.0,0,0,0,-9999.0,0.5099622160196304,1,P8_CV0,1,1,1,1,1
4,2.046486340378425,9.289064495259955,RD4_F8_m8f4_P8_Y50_UO304,RD8_F4_m7f3_P7_Y48_UO247,RD4_F8_m4f7_P4_Y48_UO595,FXX,1,0.0,0,0,0.0,0,0,0,-9999.0,0.5101341903209686,1,P8_CV0,1,1,1,2,0
4,2.046486340378425,9.289064495259955,RD4_F7_m7f4_P7_Y50_UO103,RD7_F4_m8f4_P8_Y48_UO438,RD4_F8_m4f7_P4_Y48_UO711,FXX,1,0.0,0,0,0.0,0,0,0,-9999.0,0.5101219341158867,1,P8_CV0,1,1,1,1,1
5,2.9965467367452314,4.002409126542999,RD5_F3_m3f2_P3_Y50_UO318,RD3_F5_m1f5_P1_Y48_UO742,RD2_F9_m2f6_P2_Y48_UO291,FXX,1,0.0,0,0,0.0,0,0,0,-9999.0,0.5103555396199226,1,P0_CV0,1,1,1,2,0
5,2.9965467367452314,4.002409126542999,RD5_F3_m3f7_P3_Y50_UO679,RD3_F2_m5f2_P5_Y48_UO212,RD7_F4_m8f4_P8_Y48_UO608,FXX,1,0.0,0,0,0.0,0,0,0,-9999.0,0.5103688389062881,1,P3_CV0,1,1,1,2,0
5,2.9965467367452314,4.002409126542999,RD5_F1_m1f5_P1_Y50_UO481,RD1_F5_m1f5_P1_Y48_UO623,RD5_F1_m5f3_P5_Y48_UO446,MXY,1,0.0,0,0,0.0,0,0,0,-9999.0,0.5099539086222649,1,P3_CV0,1,0,2,1,1
5,2.9965467367452314,4.002409126542999,RD5_F1_m1f5_P1_Y50_UO771,RD1_F5_m1f5_P1_Y48_UO722,RD5_F3_m7f3_P7_Y48_UO30,MXY,1,0.0,0,0,0.0,0,0,0,-9999.0,0.5102909207344055,1,P3_CV0,1,1,1,2,0
5,2.9965467367452314,4.002409126542999,RD5_F1_m1f5_P1_Y50_UO384,RD1_F5_m2f6_P2_Y48_UO523,RD5_F1_m5f3_P5_Y48_UO446,MXY,1,0.0,0,0,0.0,0,0,0,-9999.0,0.5099797770380974,1,P3_CV0,1,0,2,2,0
5,2.9965467367452314,4.002409126542999,RD5_F1_m1f5_P1_Y50_UO243,RD1_F5_m1f5_P1_Y48_UO185,RD5_F3_m7f3_P7_Y48_UO30,MXY,1,0.0,0,0,0.0,0,0,0,-9999.0,0.5100773647427559,1,P3_CV0,1,0,2,2,0
5,2.9965467367452314,4.002409126542999,RD5_F2_m2f3_P2_Y50_UO537,RD2_F9_m6f3_P6_Y48_UO579,RD3_F6_m3f7_P3_Y48_UO356,FXX,1,0.0,0,0,0.0,0,0,0,-9999.0,0.5103841200470924,1,P3_CV0,1,1,1,1,1
5,2.9965467367452314,4.002409126542999,RD5_F2_m2f6_P2_Y50_UO67,RD2_F3_m7f4_P7_Y48_UO24,RD6_F9_m2f3_P2_Y48_UO70,FXX,1,0.0,0,0,0.0,0,0,0,-9999.0,0.5101683139801025,1,P3_CV0,1,1,1,2,0
5,2.9965467367452314,4.002409126542999,RD5_F1_m1f5_P1_Y50_UO155,RD1_F5_m2f9_P2_Y48_UO190,RD5_F2_m3f7_P3_Y48_UO729,FXX,1,0.0,0,0,0.0,0,0,0,-9999.0,0.5102454200387001,1,P3_CV0,1,1,1,1,1
5,2.9965467367452314,4.002409126542999,RD5_F1_m1f5_P1_Y50_UO75,RD1_F5_m1f5_P1_Y48_UO476,RD5_F3_m7f3_P7_Y48_UO4,MXY,1,0.0,0,0,0.0,0,0,0,-9999.0,0.5098660439252853,1,P3_CV0,1,1,1,1,1
5,2.9965467367452314,4.002409126542999,RD5_F1_m1f5_P1_Y50_UO487,RD1_F5_m1f5_P1_Y48_UO634,RD5_F3_m2f3_P2_Y48_UO543,FXX,1,0.0,0,0,0.0,0,0,0,-9999.0,0.5102551430463791,1,P3_CV0,1,2,0,2,0
5,2.9965467367452314,4.002409126542999,RD5_F1_m1f5_P1_Y50_UO574,RD1_F5_m1f5_P1_Y48_UO112,RD5_F2_m5f2_P5_Y48_UO387,FXX,1,0.0,0,0,0.0,0,0,0,-9999.0,0.50998355448246,1,P3_CV0,1,1,1,1,1
5,2.9965467367452314,4.002409126542999,RD5_F3_m3f2_P3_Y50_UO457,RD3_F6_m9f6_P9_Y48_UO406,RD2_F5_m3f6_P3_Y48_UO140,FXX,1,0.0,0,0,0.0,0,0,0,-9999.0,0.5101214349269867,1,P3_CV0,1,0,2,1,1
5,2.9965467367452314,4.002409126542999,RD5_F2_m2f3_P2_Y50_UO139,RD2_F6_m9f6_P9_Y48_UO317,RD3_F7_m3f2_P3_Y48_UO84,FXX,1,0.0,0,0,0.0,0,0,0,-9999.0,0.5105525851249695,1,P3_CV0,1,2,0,1,1
5,2.9965467367452314,4.002409126542999,RD5_F1_m1f5_P1_Y50_UO355,RD1_F5_m1f5_P1_Y48_UO623,RD5_F2_m5f2_P5_Y48_UO387,MXY,1,0.0,0,0,0.0,0,0,0,-9999.0,0.5100686773657799,1,P3_CV0,1,1,1,0,2
5,2.9965467367452314,4.002409126542999,RD5_F1_m1f5_P1_Y50_UO435,RD1_F5_m1f5_P1_Y48_UO112,RD5_F1_m5f2_P5_Y48_UO259,MXY,1,0.0,0,0,0.0,0,0,0,-9999.0,0.510153591632843,1,P3_CV0,1,1,1,1,1
5,2.9965467367452314,4.002409126542999,RD5_F1_m1f5_P1_Y50_UO293,RD1_F5_m1f5_P1_Y48_UO183,RD5_F2_m3f7_P3_Y48_UO729,FXX,1,0.0,0,0,0.0,0,0,0,-9999.0,0.5100953653454781,1,P3_CV0,1,2,0,2,0
5,2.9965467367452314,4.002409126542999,RD5_F1_m1f5_P1_Y50_UO770,RD1_F5_m1f5_P1_Y48_UO722,RD5_F3_m7f3_P7_Y48_UO30,MXY,1,0.0,0,0,0.0,0,0,0,-9999.0,0.5102909207344055,1,P3_CV0,1,2,0,1,1
5,2.9965467367452314,4.002409126542999,RD5_F1_m1f5_P1_Y50_UO488,RD1_F5_m1f5_P1_Y48_UO634,RD5_F3_m2f3_P2_Y48_UO543,MXY,1,0.0,0,0,0.0,0,0,0,-9999.0,0.5102551430463791,1,P3_CV0,1,1,1,2,0
5,2.9965467367452314,4.002409126542999,RD5_F1_m1f5_P1_Y50_UO352,RD1_F5_m1f5_P1_Y48_UO623,RD5_F2_m5f2_P5_Y48_UO387,MXY,1,0.0,0,0,0.0,0,0,0,-9999.0,0.5100686773657799,1,P3_CV0,1,1,1,1,1
5,2.9965467367452314,4.002409126542999,RD5_F1_m1f5_P1_Y50_UO153,RD1_F5_m2f9_P2_Y48_UO190,RD5_F2_m3f7_P3_Y48_UO729,MXY,1,0.0,0,0,0.0,0,0,0,-9999.0,0.5102454200387001,1,P3_CV0,1,2,0,1,1
5,2.9965467367452314,4.002409126542999,RD5_F1_m1f5_P1_Y50_UO249,RD1_F5_m3f6_P3_Y48_UO139,RD5_F3_m2f3_P2_Y48_UO543,MXY,1,0.0,0,0,0.0,0,0,0,-9999.0,0.5102448090910912,1,P3_CV0,1,2,0,2,0
5,2.9965467367452314,4.002409126542999,RD5_F2_m2f3_P2_Y50_UO366,RD2_F9_m6f3_P6_Y48_UO266,RD3_F6_m9f6_P9_Y48_UO414,FXX,1,0.0,0,0,0.0,0,0,0,-9999.0,0.5101527124643326,1,P3_CV0,1,1,1,0,2
5,2.9965467367452314,4.002409126542999,RD5_F1_m1f5_P1_Y50_UO434,RD1_F5_m1f5_P1_Y48_UO112,RD5_F1_m5f2_P5_Y48_UO259,MXY,1,0.0,0,0,0.0,0,0,0,-9999.0,0.510153591632843,1,P3_CV0,1,1,1,1,1
5,2.9965467367452314,4.002409126542999,RD5_F3_m3f2_P3_Y50_UO560,RD3_F5_m1f5_P1_Y48_UO744,RD2_F9_m6f3_P6_Y48_UO336,FXX,1,0.0,0,0,0.0,0,0,0,-9999.0,0.5100692138075829,1,P3_CV0,1,1,1,1,1
5,2.9965467367452314,4.002409126542999,RD5_F3_m3f7_P3_Y50_UO729,RD3_F7_m3f7_P3_Y48_UO353,RD7_F4_m7f4_P7_Y48_UO599,MXY,1,0.0,0,0,0.0,0,0,0,-9999.0,0.51023318618536,1,P3_CV0,1,2,0,2,0
5,2.9965467367452314,4.002409126542999,RD5_F1_m1f5_P1_Y50_UO152,RD1_F5_m2f9_P2_Y48_UO190,RD5_F2_m3f7_P3_Y48_UO729,MXY,1,0.0,0,0,0.0,0,0,0,-9999.0,0.5102454200387001,1,P3_CV0,1,2,0,1,1
5,2.9965467367452314,4.002409126542999,RD5_F3_m3f7_P3_Y50_UO723,RD3_F6_m9f6_P9_Y48_UO406,RD7_F4_m8f4_P8_Y48_UO608,FXX,1,0.0,0,0,0.0,0,0,0,-9999.0,0.5102482885122299,1,P3_CV0,1,1,1,1,1
5,2.9965467367452314,4.002409126542999,RD5_F1_m1f5_P1_Y50_UO294,RD1_F5_m1f5_P1_Y48_UO183,RD5_F2_m3f7_P3_Y48_UO729,FXX,1,0.0,0,0,0.0,0,0,0,-9999.0,0.5100953653454781,1,P3_CV0,1,2,0,2,0
5,2.9965467367452314,4.002409126542999,RD5_F1_m1f5_P1_Y50_UO531,RD1_F5_m1f5_P1_Y48_UO476,RD5_F3_m7f3_P7_Y48_UO30,MXY,1,0.0,0,0,0.0,0,0,0,-9999.0,0.5101135745644569,1,P3_CV0,1,1,1,2,0
5,2.9965467367452314,4.002409126542999,RD5_F2_m2f5_P2_Y50_UO647,RD2_F9_m6f3_P6_Y48_UO266,RD5_F1_m5f2_P5_Y48_UO259,MXY,1,0.0,0,0,0.0,0,0,0,-9999.0,0.5103465244174004,1,P3_CV0,1,1,1,2,0
5,2.9965467367452314,4.002409126542999,RD5_F2_m2f5_P2_Y50_UO465,RD2_F6_m3f7_P3_Y48_UO732,RD5_F3_m6f2_P6_Y48_UO339,MXY,1,0.0,0,0,0.0,0,0,0,-9999.0,0.5104475766420364,1,P3_CV0,1,2,0,1,1
5,2.9965467367452314,4.002409126542999,RD5_F2_m2f3_P2_Y50_UO178,RD2_F5_m3f2_P3_Y48_UO652,RD3_F7_m3f2_P3_Y48_UO84,FXX,1,0.0,0,0,0.0,0,0,0,-9999.0,0.5105189755558968,1,P3_CV0,1,2,0,2,0
5,2.9965467367452314,4.002409126542999,RD5_F1_m1f5_P1_Y50_UO489,RD1_F5_m1f5_P1_Y48_UO634,RD5_F3_m2f3_P2_Y48_UO543,FXX,1,0.0,0,0,0.0,0,0,0,-9999.0,0.5102551430463791,1,P3_CV0,1,1,1,2,0
5,2.9965467367452314,4.002409126542999,RD5_F1_m1f5_P1_Y50_UO717,RD1_F5_m1f5_P1_Y48_UO722,RD5_F3_m7f3_P7_Y48_UO30,MXY,1,0.0,0,0,0.0,0,0,0,-9999.0,0.5102909207344055,1,P3_CV0,1,2,0,1,1
5,2.9965467367452314,4.002409126542999,RD5_F1_m1f5_P1_Y50_UO359,RD1_F5_m1f5_P1_Y48_UO476,RD5_F2_m5f2_P5_Y48_UO387,FXX,1,0.0,0,0,0.0,0,0,0,-9999.0,0.510022722184658,1,P3_CV0,1,0,2,1,1
5,2.9965467367452314,4.002409126542999,RD5_F1_m1f5_P1_Y50_UO782,RD1_F5_m2f9_P2_Y48_UO458,RD5_F1_m5f3_P5_Y48_UO446,MXY,1,0.0,0,0,0.0,0,0,0,-9999.0,0.510055661201477,1,P3_CV0,1,1,1,0,2
5,2.9965467367452314,4.002409126542999,RD5_F1_m1f5_P1_Y50_UO482,RD1_F5_m1f5_P1_Y48_UO623,RD5_F1_m5f3_P5_Y48_UO446,MXY,1,0.0,0,0,0.0,0,0,0,-9999.0,0.5099539086222649,1,P3_CV0,1,2,0,1,1
5,2.9965467367452314,4.002409126542999,RD5_F1_m1f5_P1_Y50_UO242,RD1_F5_m1f5_P1_Y48_UO185,RD5_F3_m7f3_P7_Y48_UO30,MXY,1,0.0,0,0,0.0,0,0,0,-9999.0,0.5100773647427559,1,P3_CV0,1,1,1,2,0
5,2.9965467367452314,4.002409126542999,RD5_F1_m1f5_P1_Y50_UO32,RD1_F5_m2f9_P2_Y48_UO166,RD5_F2_m6f9_P6_Y48_UO434,MXY,1,0.0,0,0,0.0,0,0,0,-9999.0,0.5099772810935974,1,P3_CV0,1,2,0,1,1
5,2.9965467367452314,4.002409126542999,RD5_F1_m1f5_P1_Y50_UO360,RD1_F5_m1f5_P1_Y48_UO476,RD5_F2_m5f2_P5_Y48_UO387,FXX,1,0.0,0,0,0.0,0,0,0,-9999.0,0.510022722184658,1,P3_CV0,1,1,1,1,1
5,2.9965467367452314,4.002409126542999,RD5_F1_m1f5_P1_Y50_UO572,RD1_F5_m1f5_P1_Y48_UO112,RD5_F2_m5f2_P5_Y48_UO387,MXY,1,0.0,0,0,0.0,0,0,0,-9999.0,0.50998355448246,1,P3_CV0,1,1,1,1,1
5,2.9965467367452314,4.002409126542999,RD5_F1_m1f5_P1_Y50_UO718,RD1_F5_m1f5_P1_Y48_UO722,RD5_F3_m7f3_P7_Y48_UO30,FXX,1,0.0,0,0,0.0,0,0,0,-9999.0,0.5102909207344055,1,P3_CV0,1,0,2,2,0
5,2.9965467367452314,4.002409126542999,RD5_F1_m1f5_P1_Y50_UO97,RD1_F5_m1f5_P1_Y48_UO623,RD5_F1_m5f2_P5_Y48_UO259,FXX,1,0.0,0,0,0.0,0,0,0,-9999.0,0.5102387145161629,1,P3_CV0,1,0,2,1,1
5,2.9965467367452314,4.002409126542999,RD5_F1_m1f5_P1_Y50_UO325,RD1_F5_m1f5_P1_Y48_UO112,RD5_F3_m6f2_P6_Y48_UO339,FXX,1,0.0,0,0,0.0,0,0,0,-9999.0,0.5101568698883057,1,P3_CV0,1,1,1,0,2
5,2.9965467367452314,4.002409126542999,RD5_F1_m1f5_P1_Y50_UO31,RD1_F5_m2f9_P2_Y48_UO166,RD5_F2_m6f9_P6_Y48_UO434,MXY,1,0.0,0,0,0.0,0,0,0,-9999.0,0.5099772810935974,1,P3_CV0,1,2,0,1,1
5,2.9965467367452314,4.002409126542999,RD5_F1_m1f5_P1_Y50_UO248,RD1_F5_m3f6_P3_Y48_UO139,RD5_F3_m2f3_P2_Y48_UO543,MXY,1,0.0,0,0,0.0,0,0,0,-9999.0,0.5102448090910912,1,P3_CV0,1,2,0,2,0
5,2.9965467367452314,4.002409126542999,RD5_F1_m1f5_P1_Y50_UO485,RD1_F5_m1f5_P1_Y48_UO429,RD5_F3_m7f3_P7_Y48_UO30,FXX,1,0.0,0,0,0.0,0,0,0,-9999.0,0.5101023837924004,1,P3_CV0,1,1,1,1,1
5,2.9965467367452314,4.002409126542999,RD5_F2_m2f5_P2_Y50_UO571,RD2_F9_m2f9_P2_Y48_UO161,RD5_F3_m2f3_P2_Y48_UO543,FXX,1,0.0,0,0,0.0,0,0,0,-9999.0,0.5103620514273643,1,P3_CV0,1,1,1,1,1
5,2.9965467367452314,4.002409126542999,RD5_F2_m2f5_P2_Y50_UO517,RD2_F5_m1f5_P1_Y48_UO236,RD5_F1_m5f1_P5_Y48_UO525,MXY,1,0.0,0,0,0.0,0,0,0,-9999.0,0.5099359750747681,1,P3_CV0,1,0,2,1,1
5,2.9965467367452314,4.002409126542999,RD5_F3_m3f5_P3_Y50_UO222,RD3_F7_m4f7_P4_Y48_UO38,RD5_F1_m5f3_P5_Y48_UO446,MXY,1,0.0,0,0,0.0,0,0,0,-9999.0,0.5099120587110519,1,P3_CV0,1,1,1,1,1
5,2.9965467367452314,4.002409126542999,RD5_F2_m2f6_P2_Y50_UO332,RD2_F6_m3f7_P3_Y48_UO732,RD6_F9_m2f9_P2_Y48_UO593,MXY,1,0.0,0,0,0.0,0,0,0,-9999.0,0.5101649239659309,1,P3_CV0,1,1,1,1,1
5,2.9965467367452314,4.002409126542999,RD5_F3_m3f7_P3_Y50_UO728,RD3_F7_m3f7_P3_Y48_UO353,RD7_F4_m7f4_P7_Y48_UO599,MXY,1,0.0,0,0,0.0,0,0,0,-9999.0,0.51023318618536,1,P3_CV0,1,2,0,1,1
5,2.9965467367452314,4.002409126542999,RD5_F1_m1f5_P1_Y50_UO118,RD1_F5_m1f5_P1_Y48_UO476,RD5_F2_m3f7_P3_Y48_UO729,MXY,1,0.0,0,0,0.0,0,0,0,-9999.0,0.5101315751671791,1,P3_CV0,1,0,2,1,1
5,2.9965467367452314,4.002409126542999,RD5_F1_m1f5_P1_Y50_UO361,RD1_F5_m1f5_P1_Y48_UO476,RD5_F2_m5f2_P5_Y48_UO387,FXX,1,0.0,0,0,0.0,0,0,0,-9999.0,0.510022722184658,1,P3_CV0,1,1,1,0,2
5,2.9965467367452314,4.002409126542999,RD5_F3_m3f2_P3_Y50_UO458,RD3_F6_m9f6_P9_Y48_UO406,RD2_F5_m3f6_P3_Y48_UO140,FXX,1,0.0,0,0,0.0,0,0,0,-9999.0,0.5101214349269867,1,P3_CV0,1,2,0,1,1
5,2.9965467367452314,4.002409126542999,RD5_F3_m3f7_P3_Y50_UO730,RD3_F7_m3f7_P3_Y48_UO353,RD7_F4_m7f4_P7_Y48_UO599,MXY,1,0.0,0,0,0.0,0,0,0,-9999.0,0.51023318618536,1,P3_CV0,1,1,1,1,1
5,2.9965467367452314,4.002409126542999,RD5_F1_m1f5_P1_Y50_UO95,RD1_F5_m1f5_P1_Y48_UO623,RD5_F1_m5f2_P5_Y48_UO259,FXX,1,0.0,0,0,0.0,0,0,0,-9999.0,0.5102387145161629,1,P3_CV0,1,0,2,1,1
5,2.9965467367452314,4.002409126542999,RD5_F1_m1f5_P1_Y50_UO772,RD1_F5_m1f5_P1_Y48_UO722,RD5_F3_m7f3_P7_Y48_UO30,FXX,1,0.0,0,0,0.0,0,0,0,-9999.0,0.5102909207344055,1,P3_CV0,1,1,1,1,1
5,2.9965467367452314,4.002409126542999,RD5_F1_m1f5_P1_Y50_UO383,RD1_F5_m2f6_P2_Y48_UO523,RD5_F1_m5f3_P5_Y48_UO446,MXY,1,0.0,0,0,0.0,0,0,0,-9999.0,0.5099797770380974,1,P3_CV0,1,0,2,2,0
5,2.9965467367452314,4.002409126542999,RD5_F3_m3f7_P3_Y48_UO371,RD3_F2_m9f2_P9_Y46_UO388,RD7_F3_m7f4_P7_Y46_UO569,FXX,3,0.0,1,0,1.0,0,0,0,-9999.0,0.5102362185716629,1,P3_CV0,1,0,2,1,1
5,2.9965467367452314,4.002409126542999,RD5_F3_m6f3_P6_Y48_UO300,RD6_F9_m2f9_P2_Y46_UO0,RD3_F5_m3f6_P3_Y46_UO589,FXX,3,0.0,1,0,1.0,0,0,0,-9999.0,0.5100584179162979,1,P3_CV0,1,0,2,2,0
5,2.9965467367452314,4.002409126542999,RD5_F1_m1f5_P1_Y50_UO382,RD1_F5_m2f6_P2_Y48_UO523,RD5_F1_m5f3_P5_Y48_UO446,FXX,1,0.0,0,0,0.0,0,0,0,-9999.0,0.5099797770380974,1,P4_CV0,1,1,1,2,0
5,2.9965467367452314,4.002409126542999,RD5_F1_m1f5_P1_Y50_UO371,RD1_F5_m1f5_P1_Y48_UO113,RD5_F1_m5f1_P5_Y48_UO529,FXX,1,0.0,0,0,0.0,0,0,0,-9999.0,0.5098386183381081,1,P4_CV0,1,1,1,1,1
5,2.9965467367452314,4.002409126542999,RD5_F1_m1f5_P1_Y50_UO684,RD1_F5_m2f5_P2_Y48_UO474,RD5_F3_m6f2_P6_Y48_UO419,FXX,1,0.0,0,0,0.0,0,0,0,-9999.0,0.5102417543530464,1,P4_CV0,1,1,1,2,0
5,2.9965467367452314,4.002409126542999,RD5_F1_m1f5_P1_Y50_UO454,RD1_F5_m2f9_P2_Y48_UO458,RD5_F3_m6f2_P6_Y48_UO339,MXY,1,0.0,0,0,0.0,0,0,0,-9999.0,0.5103437453508377,1,P4_CV0,1,2,0,0,2
5,2.9965467367452314,4.002409126542999,RD5_F1_m1f5_P1_Y50_UO370,RD1_F5_m1f5_P1_Y48_UO113,RD5_F1_m5f1_P5_Y48_UO529,FXX,1,0.0,0,0,0.0,0,0,0,-9999.0,0.5098386183381081,1,P4_CV0,1,1,1,1,1
5,2.9965467367452314,4.002409126542999,RD5_F3_m3f5_P3_Y50_UO255,RD3_F7_m3f7_P3_Y48_UO733,RD5_F3_m7f3_P7_Y48_UO4,FXX,1,0.0,0,0,0.0,0,0,0,-9999.0,0.5101175829768181,1,P4_CV0,1,1,1,1,1
5,2.9965467367452314,4.002409126542999,RD5_F1_m1f5_P1_Y50_UO385,RD1_F5_m2f6_P2_Y48_UO523,RD5_F1_m5f3_P5_Y48_UO446,FXX,1,0.0,0,0,0.0,0,0,0,-9999.0,0.5099797770380974,1,P4_CV0,1,0,2,1,1
5,2.9965467367452314,4.002409126542999,RD5_F1_m1f5_P1_Y50_UO781,RD1_F5_m2f9_P2_Y48_UO458,RD5_F1_m5f3_P5_Y48_UO446,MXY,1,0.0,0,0,0.0,0,0,0,-9999.0,0.510055661201477,1,P4_CV0,1,2,0,0,2
5,2.9965467367452314,4.002409126542999,RD5_F2_m2f3_P2_Y50_UO363,RD2_F9_m6f3_P6_Y48_UO266,RD3_F6_m9f6_P9_Y48_UO414,MXY,1,0.0,0,0,0.0,0,0,0,-9999.0,0.5101527124643326,1,P4_CV0,1,1,1,0,2
5,2.9965467367452314,4.002409126542999,RD5_F2_m2f5_P2_Y50_UO516,RD2_F5_m1f5_P1_Y48_UO236,RD5_F1_m5f1_P5_Y48_UO525,FXX,1,0.0,0,0,0.0,0,0,0,-9999.0,0.5099359750747681,1,P4_CV0,1,1,1,1,1
5,2.9965467367452314,4.002409126542999,RD5_F1_m1f5_P1_Y50_UO687,RD1_F5_m2f5_P2_Y48_UO474,RD5_F3_m6f2_P6_Y48_UO419,FXX,1,0.0,0,0,0.0,0,0,0,-9999.0,0.5102417543530464,1,P4_CV0,1,1,1,2,0
5,2.9965467367452314,4.002409126542999,RD5_F2_m2f5_P2_Y50_UO131,RD2_F9_m6f3_P6_Y48_UO579,RD5_F1_m5f1_P5_Y48_UO525,MXY,1,0.0,0,0,0.0,0,0,0,-9999.0,0.5100779980421066,1,P4_CV0,1,0,2,2,0
5,2.9965467367452314,4.002409126542999,RD5_F3_m3f2_P3_Y50_UO610,RD3_F5_m1f5_P1_Y48_UO28,RD2_F5_m3f2_P3_Y48_UO672,MXY,1,0.0,0,0,0.0,0,0,0,-9999.0,0.5101454928517342,1,P4_CV0,1,2,0,1,1
5,2.9965467367452314,4.002409126542999,RD5_F1_m1f5_P1_Y50_UO78,RD1_F5_m3f2_P3_Y48_UO77,RD5_F2_m6f9_P6_Y48_UO434,FXX,1,0.0,0,0,0.0,0,0,0,-9999.0,0.5099645629525185,1,P4_CV0,1,1,1,2,0
5,2.9965467367452314,4.002409126542999,RD5_F2_m2f5_P2_Y50_UO253,RD2_F5_m1f5_P1_Y48_UO661,RD5_F1_m5f1_P5_Y48_UO525,FXX,1,0.0,0,0,0.0,0,0,0,-9999.0,0.5098860263824463,1,P4_CV0,1,1,1,1,1
5,2.9965467367452314,4.002409126542999,RD5_F2_m2f3_P2_Y50_UO538,RD2_F9_m6f3_P6_Y48_UO579,RD3_F6_m3f7_P3_Y48_UO356,FXX,1,0.0,0,0,0.0,0,0,0,-9999.0,0.5103841200470924,1,P4_CV0,1,1,1,1,1
5,2.9965467367452314,4.002409126542999,RD5_F1_m1f5_P1_Y50_UO80,RD1_F5_m3f2_P3_Y48_UO77,RD5_F2_m6f9_P6_Y48_UO434,FXX,1,0.0,0,0,0.0,0,0,0,-9999.0,0.5099645629525185,1,P4_CV0,1,2,0,1,1
5,2.9965467367452314,4.002409126542999,RD5_F3_m3f2_P3_Y50_UO160,RD3_F5_m1f5_P1_Y48_UO633,RD2_F5_m1f5_P1_Y48_UO60,FXX,1,0.0,0,0,0.0,0,0,0,-9999.0,0.5101456791162491,1,P5_CV0,1,1,1,2,0
5,2.9965467367452314,4.002409126542999,RD5_F1_m1f5_P1_Y50_UO204,RD1_F5_m1f5_P1_Y48_UO623,RD5_F2_m6f9_P6_Y48_UO434,FXX,1,0.0,0,0,0.0,0,0,0,-9999.0,0.5099304690957069,1,P5_CV0,1,0,2,1,1
5,2.9965467367452314,4.002409126542999,RD5_F2_m2f9_P2_Y50_UO642,RD2_F5_m1f5_P1_Y48_UO116,RD9_F2_m6f9_P6_Y48_UO542,MXY,1,0.0,0,0,0.0,0,0,0,-9999.0,0.5101243332028389,1,P5_CV0,1,2,0,2,0
5,2.9965467367452314,4.002409126542999,RD5_F1_m1f5_P1_Y50_UO205,RD1_F5_m1f5_P1_Y48_UO623,RD5_F2_m6f9_P6_Y48_UO434,MXY,1,0.0,0,0,0.0,0,0,0,-9999.0,0.5099304690957069,1,P5_CV0,1,0,2,1,1
5,2.9965467367452314,4.002409126542999,RD5_F1_m1f5_P1_Y50_UO491,RD1_F5_m1f5_P1_Y48_UO26,RD5_F1_m1f5_P1_Y47_UO60,MXY,1,0.0,0,0,0.0,0,0,0,-9999.0,0.5102041214704514,1,P5_CV0,1,1,1,1,1
5,2.9965467367452314,4.002409126542999,RD5_F1_m1f5_P1_Y50_UO484,RD1_F5_m1f5_P1_Y48_UO429,RD5_F3_m7f3_P7_Y48_UO30,MXY,1,0.0,0,0,0.0,0,0,0,-9999.0,0.5101023837924004,1,P5_CV0,1,1,1,1,1
5,2.9965467367452314,4.002409126542999,RD5_F3_m3f5_P3_Y50_UO135,RD3_F2_m3f7_P3_Y48_UO371,RD5_F2_m6f9_P6_Y48_UO434,MXY,1,0.0,0,0,0.0,0,0,0,-9999.0,0.5100626051425934,1,P5_CV0,1,1,1,0,2
5,2.9965467367452314,4.002409126542999,RD5_F1_m1f5_P1_Y50_UO343,RD1_F5_m1f5_P1_Y48_UO745,RD5_F2_m6f9_P6_Y48_UO434,MXY,1,0.0,0,0,0.0,0,0,0,-9999.0,0.5099018961191177,1,P8_CV0,1,2,0,0,2
5,2.9965467367452314,4.002409126542999,RD5_F2_m2f5_P2_Y50_UO115,RD2_F5_m3f2_P3_Y48_UO653,RD5_F3_m6f2_P6_Y48_UO419,MXY,1,0.0,0,0,0.0,0,0,0,-9999.0,0.5101616010069847,1,P8_CV0,1,1,1,2,0
5,2.9965467367452314,4.002409126542999,RD5_F1_m1f5_P1_Y50_UO326,RD1_F5_m1f5_P1_Y48_UO112,RD5_F3_m6f2_P6_Y48_UO339,MXY,1,0.0,0,0,0.0,0,0,0,-9999.0,0.5101568698883057,1,P8_CV0,1,2,0,2,0
5,2.9965467367452314,4.002409126542999,RD5_F1_m1f5_P1_Y50_UO455,RD1_F5_m2f9_P2_Y48_UO458,RD5_F3_m6f2_P6_Y48_UO339,FXX,1,0.0,0,0,0.0,0,0,0,-9999.0,0.5103437453508377,1,P8_CV0,1,2,0,1,1
5,2.9965467367452314,4.002409126542999,RD5_F1_m1f5_P1_Y50_UO626,RD1_F5_m1f5_P1_Y48_UO185,RD5_F3_m6f2_P6_Y48_UO419,MXY,1,0.0,0,0,0.0,0,0,0,-9999.0,0.5100302249193192,1,P8_CV0,1,0,2,2,0
5,2.9965467367452314,4.002409126542999,RD5_F1_m1f5_P1_Y50_UO453,RD1_F5_m2f9_P2_Y48_UO458,RD5_F3_m6f2_P6_Y48_UO339,MXY,1,0.0,0,0,0.0,0,0,0,-9999.0,0.5103437453508377,1,P8_CV0,1,1,1,0,2
5,2.9965467367452314,4.002409126542999,RD5_F1_m1f5_P1_Y50_UO486,RD1_F5_m1f5_P1_Y48_UO634,RD5_F3_m2f3_P2_Y48_UO543,MXY,1,0.0,0,0,0.0,0,0,0,-9999.0,0.5102551430463791,1,P8_CV0,1,1,1,2,0
5,2.9965467367452314,4.002409126542999,RD5_F1_m1f5_P1_Y50_UO627,RD1_F5_m1f5_P1_Y48_UO185,RD5_F3_m6f2_P6_Y48_UO419,MXY,1,0.0,0,0,0.0,0,0,0,-9999.0,0.5100302249193192,1,P8_CV0,1,1,1,2,0
5,2.9965467367452314,4.002409126542999,RD5_F1_m1f5_P1_Y50_UO342,RD1_F5_m1f5_P1_Y48_UO745,RD5_F2_m6f9_P6_Y48_UO434,MXY,1,0.0,0,0,0.0,0,0,0,-9999.0,0.5099018961191177,1,P8_CV0,1,1,1,1,1
5,2.9965467367452314,4.002409126542999,RD5_F1_m1f5_P1_Y50_UO324,RD1_F5_m1f5_P1_Y48_UO112,RD5_F3_m6f2_P6_Y48_UO339,FXX,1,0.0,0,0,0.0,0,0,0,-9999.0,0.5101568698883057,1,P8_CV0,1,1,1,1,1
5,2.9965467367452314,4.002409126542999,RD5_F1_m1f5_P1_Y50_UO344,RD1_F5_m1f5_P1_Y48_UO745,RD5_F2_m6f9_P6_Y48_UO434,FXX,1,0.0,0,0,0.0,0,0,0,-9999.0,0.5099018961191177,1,P8_CV0,1,1,1,1,1
5,2.9965467367452314,4.002409126542999,RD5_F1_m1f5_P1_Y50_UO341,RD1_F5_m1f5_P1_Y48_UO745,RD5_F2_m6f9_P6_Y48_UO434,MXY,1,0.0,0,0,0.0,0,0,0,-9999.0,0.5099018961191177,1,P8_CV0,1,1,1,2,0
6,6.211338327692949,7.937131414155586,RD6_F3_m3f2_P3_Y50_UO317,RD3_F5_m1f5_P1_Y48_UO742,RD2_F9_m2f6_P2_Y48_UO291,FXX,1,0.0,0,0,0.0,0,0,0,-9999.0,0.5103555396199226,1,P0_CV0,1,0,2,2,0
6,6.211338327692949,7.937131414155586,RD6_F3_m6f3_P6_Y49_UO113,RD6_F3_m7f3_P7_Y47_UO167,RD3_F2_m3f2_P3_Y46_UO35,MXY,2,0.0,1,0,0.0,0,0,0,-9999.0,0.510384812951088,1,P0_CV0,1,0,2,2,0
6,6.211338327692949,7.937131414155586,RD6_F9_m9f2_P9_Y50_UO691,RD9_F6_m9f2_P9_Y48_UO400,RD2_F3_m7f4_P7_Y48_UO53,FXX,1,0.0,0,0,0.0,0,0,0,-9999.0,0.5099327936768532,1,P3_CV0,1,1,1,0,2
6,6.211338327692949,7.937131414155586,RD6_F3_m3f2_P3_Y50_UO316,RD3_F5_m1f5_P1_Y48_UO742,RD2_F9_m2f6_P2_Y48_UO291,FXX,1,0.0,0,0,0.0,0,0,0,-9999.0,0.5103555396199226,1,P3_CV0,1,1,1,1,1
6,6.211338327692949,7.937131414155586,RD6_F9_m9f2_P9_Y50_UO287,RD9_F6_m2f6_P2_Y48_UO279,RD2_F9_m2f5_P2_Y48_UO373,FXX,1,0.0,0,0,0.0,0,0,0,-9999.0,0.510269045829773,1,P3_CV0,1,0,2,2,0
6,6.211338327692949,7.937131414155586,RD6_F2_m2f5_P2_Y50_UO356,RD2_F5_m1f5_P1_Y48_UO182,RD5_F1_m1f5_P1_Y47_UO60,FXX,1,0.0,0,0,0.0,0,0,0,-9999.0,0.5100445598363876,1,P3_CV0,1,1,1,1,1
6,6.211338327692949,7.937131414155586,RD6_F9_m9f2_P9_Y50_UO533,RD9_F6_m9f6_P9_Y48_UO137,RD2_F6_m2f9_P2_Y48_UO12,MXY,1,0.0,0,0,0.0,0,0,0,-9999.0,0.5098143368959427,1,P3_CV0,1,1,1,0,2
6,6.211338327692949,7.937131414155586,RD6_F9_m9f2_P9_Y50_UO54,RD9_F6_m9f6_P9_Y48_UO19,RD2_F6_m9f2_P9_Y48_UO172,MXY,1,0.0,0,0,0.0,0,0,0,-9999.0,0.510088637471199,1,P3_CV0,1,0,2,1,1
6,6.211338327692949,7.937131414155586,RD6_F9_m9f2_P9_Y50_UO211,RD9_F6_m2f9_P2_Y48_UO676,RD2_F6_m2f9_P2_Y48_UO12,FXX,1,0.0,0,0,0.0,0,0,0,-9999.0,0.5100616067647934,1,P3_CV0,1,1,1,1,1
6,6.211338327692949,7.937131414155586,RD6_F9_m9f2_P9_Y50_UO86,RD9_F6_m9f6_P9_Y48_UO563,RD2_F9_m6f2_P6_Y48_UO421,FXX,1,0.0,0,0,0.0,0,0,0,-9999.0,0.5099942535161972,1,P3_CV0,1,0,2,2,0
6,6.211338327692949,7.937131414155586,RD6_F3_m3f5_P3_Y50_UO391,RD3_F5_m1f5_P1_Y48_UO635,RD5_F2_m3f7_P3_Y48_UO729,FXX,1,0.0,0,0,0.0,0,0,0,-9999.0,0.5102643966674805,1,P3_CV0,1,2,0,2,0
6,6.211338327692949,7.937131414155586,RD6_F3_m3f2_P3_Y50_UO456,RD3_F6_m9f6_P9_Y48_UO406,RD2_F5_m3f6_P3_Y48_UO140,MXY,1,0.0,0,0,0.0,0,0,0,-9999.0,0.5101214349269867,1,P3_CV0,1,0,2,1,1
6,6.211338327692949,7.937131414155586,RD6_F9_m9f2_P9_Y50_UO501,RD9_F6_m9f6_P9_Y48_UO563,RD2_F9_m6f9_P6_Y48_UO51,MXY,1,0.0,0,0,0.0,0,0,0,-9999.0,0.5099590718746185,1,P3_CV0,1,1,1,0,2
6,6.211338327692949,7.937131414155586,RD6_F9_m9f2_P9_Y50_UO388,RD9_F6_m2f9_P2_Y48_UO676,RD2_F9_m2f5_P2_Y48_UO373,MXY,1,0.0,0,0,0.0,0,0,0,-9999.0,0.5099902227520943,1,P3_CV0,1,2,0,2,0
6,6.211338327692949,7.937131414155586,RD6_F9_m9f2_P9_Y50_UO502,RD9_F6_m9f6_P9_Y48_UO563,RD2_F9_m6f9_P6_Y48_UO51,FXX,1,0.0,0,0,0.0,0,0,0,-9999.0,0.5099590718746185,1,P3_CV0,1,1,1,1,1
6,6.211338327692949,7.937131414155586,RD6_F9_m9f6_P9_Y50_UO300,RD9_F6_m9f6_P9_Y48_UO563,RD6_F9_m2f6_P2_Y48_UO524,FXX,1,0.0,0,0,0.0,0,0,0,-9999.0,0.5098796784877777,1,P3_CV0,1,1,1,1,1
6,6.211338327692949,7.937131414155586,RD6_F3_m3f7_P3_Y50_UO678,RD3_F2_m5f2_P5_Y48_UO212,RD7_F4_m8f4_P8_Y48_UO608,MXY,1,0.0,0,0,0.0,0,0,0,-9999.0,0.5103688389062881,1,P3_CV0,1,1,1,1,1
6,6.211338327692949,7.937131414155586,RD6_F9_m9f2_P9_Y50_UO390,RD9_F6_m2f9_P2_Y48_UO676,RD2_F9_m2f5_P2_Y48_UO373,FXX,1,0.0,0,0,0.0,0,0,0,-9999.0,0.5099902227520943,1,P3_CV0,1,1,1,2,0
6,6.211338327692949,7.937131414155586,RD6_F2_m2f6_P2_Y50_UO733,RD2_F5_m1f5_P1_Y48_UO236,RD6_F9_m2f9_P2_Y48_UO593,FXX,1,0.0,0,0,0.0,0,0,0,-9999.0,0.5099715739488602,1,P3_CV0,1,1,1,0,2
6,6.211338327692949,7.937131414155586,RD6_F9_m9f6_P9_Y50_UO68,RD9_F6_m2f9_P2_Y48_UO676,RD6_F9_m2f6_P2_Y48_UO524,MXY,1,0.0,0,0,0.0,0,0,0,-9999.0,0.5100652053952217,1,P3_CV0,1,0,2,1,1
6,6.211338327692949,7.937131414155586,RD6_F9_m9f6_P9_Y50_UO298,RD9_F6_m9f6_P9_Y48_UO563,RD6_F9_m2f6_P2_Y48_UO524,MXY,1,0.0,0,0,0.0,0,0,0,-9999.0,0.5098796784877777,1,P3_CV0,1,1,1,1,1
6,6.211338327692949,7.937131414155586,RD6_F9_m9f2_P9_Y50_UO53,RD9_F6_m9f6_P9_Y48_UO19,RD2_F6_m9f2_P9_Y48_UO172,FXX,1,0.0,0,0,0.0,0,0,0,-9999.0,0.510088637471199,1,P3_CV0,1,0,2,2,0
6,6.211338327692949,7.937131414155586,RD6_F9_m9f6_P9_Y50_UO60,RD9_F6_m9f6_P9_Y48_UO564,RD6_F2_m9f2_P9_Y48_UO239,FXX,1,0.0,0,0,0.0,0,0,0,-9999.0,0.5099250823259354,1,P3_CV0,1,1,1,2,0
6,6.211338327692949,7.937131414155586,RD6_F3_m3f7_P3_Y50_UO726,RD3_F6_m9f6_P9_Y48_UO406,RD7_F4_m8f4_P8_Y48_UO608,FXX,1,0.0,0,0,0.0,0,0,0,-9999.0,0.5102482885122299,1,P3_CV0,1,0,2,1,1
6,6.211338327692949,7.937131414155586,RD6_F9_m9f6_P9_Y50_UO309,RD9_F6_m9f6_P9_Y48_UO23,RD6_F9_m6f9_P6_Y48_UO630,FXX,1,0.0,0,0,0.0,0,0,0,-9999.0,0.5103382393717766,1,P3_CV0,1,0,2,2,0
6,6.211338327692949,7.937131414155586,RD6_F9_m9f6_P9_Y50_UO61,RD9_F6_m9f6_P9_Y48_UO564,RD6_F2_m9f2_P9_Y48_UO239,FXX,1,0.0,0,0,0.0,0,0,0,-9999.0,0.5099250823259354,1,P3_CV0,1,1,1,2,0
6,6.211338327692949,7.937131414155586,RD6_F9_m9f2_P9_Y50_UO534,RD9_F6_m9f6_P9_Y48_UO137,RD2_F6_m2f9_P2_Y48_UO12,MXY,1,0.0,0,0,0.0,0,0,0,-9999.0,0.5098143368959427,1,P3_CV0,1,1,1,0,2
6,6.211338327692949,7.937131414155586,RD6_F9_m9f2_P9_Y50_UO688,RD9_F6_m9f2_P9_Y48_UO400,RD2_F3_m7f4_P7_Y48_UO53,MXY,1,0.0,0,0,0.0,0,0,0,-9999.0,0.5099327936768532,1,P3_CV0,1,2,0,0,2
6,6.211338327692949,7.937131414155586,RD6_F9_m9f2_P9_Y50_UO535,RD9_F6_m9f6_P9_Y48_UO137,RD2_F6_m2f9_P2_Y48_UO12,FXX,1,0.0,0,0,0.0,0,0,0,-9999.0,0.5098143368959427,1,P3_CV0,1,1,1,1,1
6,6.211338327692949,7.937131414155586,RD6_F9_m9f6_P9_Y50_UO299,RD9_F6_m9f6_P9_Y48_UO563,RD6_F9_m2f6_P2_Y48_UO524,MXY,1,0.0,0,0,0.0,0,0,0,-9999.0,0.5098796784877777,1,P3_CV0,1,1,1,1,1
6,6.211338327692949,7.937131414155586,RD6_F9_m9f6_P9_Y50_UO373,RD9_F6_m9f6_P9_Y48_UO563,RD6_F9_m6f9_P6_Y48_UO541,FXX,1,0.0,0,0,0.0,0,0,0,-9999.0,0.5099802911281586,1,P3_CV0,1,1,1,1,1
6,6.211338327692949,7.937131414155586,RD6_F9_m9f6_P9_Y50_UO526,RD9_F6_m2f9_P2_Y48_UO162,RD6_F9_m2f9_P2_Y48_UO164,FXX,1,0.0,0,0,0.0,0,0,0,-9999.0,0.5102125331759453,1,P3_CV0,1,2,0,0,2
6,6.211338327692949,7.937131414155586,RD6_F9_m9f2_P9_Y50_UO387,RD9_F6_m2f9_P2_Y48_UO676,RD2_F9_m2f5_P2_Y48_UO373,MXY,1,0.0,0,0,0.0,0,0,0,-9999.0,0.5099902227520943,1,P3_CV0,1,0,2,2,0
6,6.211338327692949,7.937131414155586,RD6_F3_m3f5_P3_Y50_UO218,RD3_F7_m4f7_P4_Y48_UO38,RD5_F1_m5f3_P5_Y48_UO446,FXX,1,0.0,0,0,0.0,0,0,0,-9999.0,0.5099120587110519,1,P3_CV0,1,0,2,2,0
6,6.211338327692949,7.937131414155586,RD6_F9_m9f6_P9_Y50_UO62,RD9_F6_m9f6_P9_Y48_UO564,RD6_F2_m9f2_P9_Y48_UO239,FXX,1,0.0,0,0,0.0,0,0,0,-9999.0,0.5099250823259354,1,P3_CV0,1,0,2,0,2
6,6.211338327692949,7.937131414155586,RD6_F2_m2f9_P2_Y50_UO505,RD2_F5_m3f2_P3_Y48_UO653,RD9_F6_m9f6_P9_Y48_UO565,MXY,1,0.0,0,0,0.0,0,0,0,-9999.0,0.5099030211567879,1,P3_CV0,1,1,1,1,1
6,6.211338327692949,7.937131414155586,RD6_F3_m3f7_P3_Y50_UO677,RD3_F2_m5f2_P5_Y48_UO212,RD7_F4_m8f4_P8_Y48_UO608,MXY,1,0.0,0,0,0.0,0,0,0,-9999.0,0.5103688389062881,1,P3_CV0,1,1,1,2,0
6,6.211338327692949,7.937131414155586,RD6_F9_m9f6_P9_Y50_UO59,RD9_F6_m9f6_P9_Y48_UO564,RD6_F2_m9f2_P9_Y48_UO239,FXX,1,0.0,0,0,0.0,0,0,0,-9999.0,0.5099250823259354,1,P3_CV0,1,1,1,1,1
6,6.211338327692949,7.937131414155586,RD6_F2_m2f3_P2_Y50_UO365,RD2_F9_m6f3_P6_Y48_UO266,RD3_F6_m9f6_P9_Y48_UO414,MXY,1,0.0,0,0,0.0,0,0,0,-9999.0,0.5101527124643326,1,P3_CV0,1,1,1,1,1
6,6.211338327692949,7.937131414155586,RD6_F2_m2f5_P2_Y50_UO132,RD2_F9_m6f3_P6_Y48_UO579,RD5_F1_m5f1_P5_Y48_UO525,MXY,1,0.0,0,0,0.0,0,0,0,-9999.0,0.5100779980421066,1,P3_CV0,1,0,2,2,0
6,6.211338327692949,7.937131414155586,RD6_F9_m9f6_P9_Y50_UO72,RD9_F6_m2f9_P2_Y48_UO676,RD6_F9_m2f6_P2_Y48_UO524,MXY,1,0.0,0,0,0.0,0,0,0,-9999.0,0.5100652053952217,1,P3_CV0,1,0,2,1,1
6,6.211338327692949,7.937131414155586,RD6_F2_m2f6_P2_Y50_UO333,RD2_F6_m3f7_P3_Y48_UO732,RD6_F9_m2f9_P2_Y48_UO593,FXX,1,0.0,0,0,0.0,0,0,0,-9999.0,0.5101649239659309,1,P3_CV0,1,2,0,1,1
6,6.211338327692949,7.937131414155586,RD6_F9_m9f2_P9_Y50_UO147,RD9_F2_m9f2_P9_Y48_UO399,RD2_F3_m7f4_P7_Y48_UO588,MXY,1,0.0,0,0,0.0,0,0,0,-9999.0,0.5101248770952225,1,P3_CV0,1,1,1,2,0
6,6.211338327692949,7.937131414155586,RD6_F2_m2f6_P2_Y50_UO275,RD2_F3_m5f1_P5_Y48_UO223,RD6_F3_m2f5_P2_Y48_UO493,MXY,1,0.0,0,0,0.0,0,0,0,-9999.0,0.5099377408623695,1,P3_CV0,1,0,2,1,1
6,6.211338327692949,7.937131414155586,RD6_F9_m9f6_P9_Y50_UO71,RD9_F6_m2f9_P2_Y48_UO676,RD6_F9_m2f6_P2_Y48_UO524,FXX,1,0.0,0,0,0.0,0,0,0,-9999.0,0.5100652053952217,1,P3_CV0,1,0,2,1,1
6,6.211338327692949,7.937131414155586,RD6_F9_m9f6_P9_Y50_UO377,RD9_F6_m9f6_P9_Y48_UO563,RD6_F9_m6f9_P6_Y48_UO541,FXX,1,0.0,0,0,0.0,0,0,0,-9999.0,0.5099802911281586,1,P3_CV0,1,1,1,2,0
6,6.211338327692949,7.937131414155586,RD6_F9_m9f2_P9_Y50_UO285,RD9_F6_m2f6_P2_Y48_UO279,RD2_F9_m2f5_P2_Y48_UO373,MXY,1,0.0,0,0,0.0,0,0,0,-9999.0,0.510269045829773,1,P3_CV0,1,1,1,2,0
6,6.211338327692949,7.937131414155586,RD6_F9_m9f2_P9_Y50_UO213,RD9_F6_m2f9_P2_Y48_UO676,RD2_F6_m2f9_P2_Y48_UO12,FXX,1,0.0,0,0,0.0,0,0,0,-9999.0,0.5100616067647934,1,P3_CV0,1,1,1,2,0
6,6.211338327692949,7.937131414155586,RD6_F9_m9f2_P9_Y50_UO209,RD9_F6_m2f9_P2_Y48_UO676,RD2_F6_m2f9_P2_Y48_UO12,FXX,1,0.0,0,0,0.0,0,0,0,-9999.0,0.5100616067647934,1,P3_CV0,1,1,1,2,0
6,6.211338327692949,7.937131414155586,RD6_F9_m9f6_P9_Y50_UO311,RD9_F6_m9f6_P9_Y48_UO23,RD6_F9_m6f9_P6_Y48_UO630,MXY,1,0.0,0,0,0.0,0,0,0,-9999.0,0.5103382393717766,1,P3_CV0,1,0,2,2,0
6,6.211338327692949,7.937131414155586,RD6_F2_m2f5_P2_Y50_UO416,RD2_F5_m3f2_P3_Y48_UO653,RD5_F2_m5f2_P5_Y48_UO387,MXY,1,0.0,0,0,0.0,0,0,0,-9999.0,0.5101178884506226,1,P3_CV0,1,2,0,1,1
6,6.211338327692949,7.937131414155586,RD6_F3_m3f5_P3_Y50_UO113,RD3_F5_m1f5_P1_Y48_UO744,RD5_F2_m5f2_P5_Y48_UO387,FXX,1,0.0,0,0,0.0,0,0,0,-9999.0,0.5100401043891907,1,P3_CV0,1,1,1,1,1
6,6.211338327692949,7.937131414155586,RD6_F3_m3f6_P3_Y50_UO650,RD3_F5_m1f5_P1_Y48_UO742,RD6_F3_m2f5_P2_Y48_UO493,FXX,1,0.0,0,0,0.0,0,0,0,-9999.0,0.5099694207310677,1,P3_CV0,1,2,0,2,0
6,6.211338327692949,7.937131414155586,RD6_F9_m9f6_P9_Y50_UO310,RD9_F6_m9f6_P9_Y48_UO23,RD6_F9_m6f9_P6_Y48_UO630,MXY,1,0.0,0,0,0.0,0,0,0,-9999.0,0.5103382393717766,1,P3_CV0,1,2,0,1,1
6,6.211338327692949,7.937131414155586,RD6_F9_m9f2_P9_Y50_UO146,RD9_F2_m9f2_P9_Y48_UO399,RD2_F3_m7f4_P7_Y48_UO588,MXY,1,0.0,0,0,0.0,0,0,0,-9999.0,0.5101248770952225,1,P3_CV0,1,1,1,1,1
6,6.211338327692949,7.937131414155586,RD6_F9_m9f6_P9_Y50_UO301,RD9_F6_m9f6_P9_Y48_UO563,RD6_F9_m2f6_P2_Y48_UO524,MXY,1,0.0,0,0,0.0,0,0,0,-9999.0,0.5098796784877777,1,P3_CV0,1,1,1,1,1
6,6.211338327692949,7.937131414155586,RD6_F2_m2f6_P2_Y50_UO328,RD2_F5_m1f5_P1_Y48_UO116,RD6_F9_m2f9_P2_Y48_UO164,MXY,1,0.0,0,0,0.0,0,0,0,-9999.0,0.510044664144516,1,P3_CV0,1,1,1,1,1
6,6.211338327692949,7.937131414155586,RD6_F9_m9f2_P9_Y50_UO640,RD9_F6_m9f6_P9_Y48_UO19,RD2_F6_m3f7_P3_Y48_UO350,MXY,1,0.0,0,0,0.0,0,0,0,-9999.0,0.5104718580842018,1,P3_CV0,1,2,0,1,1
6,6.211338327692949,7.937131414155586,RD6_F2_m6f3_P6_Y49_UO8,RD6_F9_m6f9_P6_Y47_UO14,RD3_F5_m9f2_P9_Y46_UO516,FXX,2,0.0,1,0,1.0,0,0,0,-9999.0,0.5103236436843872,1,P3_CV0,1,1,1,1,1
6,6.211338327692949,7.937131414155586,RD6_F9_m9f6_P9_Y48_UO137,RD9_F6_m9f6_P9_Y46_UO371,RD6_F9_m2f3_P2_Y46_UO567,FXX,3,0.0,1,0,1.0,0,0,0,-9999.0,0.509612187743187,1,P3_CV0,1,0,2,0,2
6,6.211338327692949,7.937131414155586,RD6_F3_m5f3_P5_Y48_UO689,RD5_F1_m5f1_P5_Y46_UO257,RD3_F2_m9f2_P9_Y46_UO435,MXY,3,0.0,1,0,0.0,0,0,0,-9999.0,0.5104102492332458,1,P3_CV0,1,1,1,2,0
6,6.211338327692949,7.937131414155586,RD6_F3_m3f7_P3_Y50_UO697,RD3_F7_m3f7_P3_Y48_UO733,RD7_F4_m8f4_P8_Y48_UO425,MXY,1,0.0,0,0,0.0,0,0,0,-9999.0,0.5102238655090332,1,P4_CV0,1,0,2,2,0
6,6.211338327692949,7.937131414155586,RD6_F3_m3f2_P3_Y50_UO609,RD3_F5_m1f5_P1_Y48_UO28,RD2_F5_m3f2_P3_Y48_UO672,FXX,1,0.0,0,0,0.0,0,0,0,-9999.0,0.5101454928517342,1,P4_CV0,1,1,1,1,1
6,6.211338327692949,7.937131414155586,RD6_F9_m9f2_P9_Y50_UO600,RD9_F6_m9f6_P9_Y48_UO410,RD2_F9_m6f2_P6_Y48_UO421,FXX,1,0.0,0,0,0.0,0,0,0,-9999.0,0.5101853460073471,1,P4_CV0,1,1,1,1,1
6,6.211338327692949,7.937131414155586,RD6_F2_m2f9_P2_Y50_UO20,RD2_F5_m1f5_P1_Y48_UO236,RD9_F2_m9f6_P9_Y48_UO486,FXX,1,0.0,0,0,0.0,0,0,0,-9999.0,0.5100259557366371,1,P4_CV0,1,2,0,0,2
6,6.211338327692949,7.937131414155586,RD6_F9_m9f6_P9_Y50_UO312,RD9_F6_m9f6_P9_Y48_UO23,RD6_F9_m6f9_P6_Y48_UO630,MXY,1,0.0,0,0,0.0,0,0,0,-9999.0,0.5103382393717766,1,P4_CV0,1,2,0,2,0
6,6.211338327692949,7.937131414155586,RD6_F3_m3f7_P3_Y50_UO696,RD3_F7_m3f7_P3_Y48_UO733,RD7_F4_m8f4_P8_Y48_UO425,FXX,1,0.0,0,0,0.0,0,0,0,-9999.0,0.5102238655090332,1,P4_CV0,1,0,2,1,1
6,6.211338327692949,7.937131414155586,RD6_F2_m2f9_P2_Y50_UO721,RD2_F9_m6f9_P6_Y48_UO651,RD9_F6_m2f6_P2_Y47_UO271,MXY,1,0.0,0,0,0.0,0,0,0,-9999.0,0.510377898812294,1,P4_CV0,1,2,0,0,2
6,6.211338327692949,7.937131414155586,RD6_F3_m3f2_P3_Y50_UO607,RD3_F5_m1f5_P1_Y48_UO28,RD2_F5_m3f2_P3_Y48_UO672,MXY,1,0.0,0,0,0.0,0,0,0,-9999.0,0.5101454928517342,1,P4_CV0,1,0,2,1,1
6,6.211338327692949,7.937131414155586,RD6_F9_m9f2_P9_Y50_UO637,RD9_F6_m9f6_P9_Y48_UO19,RD2_F6_m3f7_P3_Y48_UO350,FXX,1,0.0,0,0,0.0,0,0,0,-9999.0,0.5104718580842018,1,P4_CV0,1,1,1,2,0
6,6.211338327692949,7.937131414155586,RD6_F9_m9f2_P9_Y50_UO145,RD9_F2_m9f2_P9_Y48_UO399,RD2_F3_m7f4_P7_Y48_UO588,MXY,1,0.0,0,0,0.0,0,0,0,-9999.0,0.5101248770952225,1,P4_CV0,1,1,1,1,1
6,6.211338327692949,7.937131414155586,RD6_F3_m3f2_P3_Y50_UO608,RD3_F5_m1f5_P1_Y48_UO28,RD2_F5_m3f2_P3_Y48_UO672,MXY,1,0.0,0,0,0.0,0,0,0,-9999.0,0.5101454928517342,1,P4_CV0,1,2,0,1,1
6,6.211338327692949,7.937131414155586,RD6_F9_m9f2_P9_Y50_UO82,RD9_F6_m9f6_P9_Y48_UO563,RD2_F9_m6f2_P6_Y48_UO421,FXX,1,0.0,0,0,0.0,0,0,0,-9999.0,0.5099942535161972,1,P4_CV0,1,1,1,1,1
6,6.211338327692949,7.937131414155586,RD6_F9_m9f2_P9_Y50_UO83,RD9_F6_m9f6_P9_Y48_UO563,RD2_F9_m6f2_P6_Y48_UO421,FXX,1,0.0,0,0,0.0,0,0,0,-9999.0,0.5099942535161972,1,P4_CV0,1,0,2,1,1
6,6.211338327692949,7.937131414155586,RD6_F9_m9f2_P9_Y50_UO601,RD9_F6_m9f6_P9_Y48_UO410,RD2_F9_m6f2_P6_Y48_UO421,FXX,1,0.0,0,0,0.0,0,0,0,-9999.0,0.5101853460073471,1,P4_CV0,1,1,1,1,1
6,6.211338327692949,7.937131414155586,RD6_F2_m6f2_P6_Y49_UO27,RD6_F9_m6f3_P6_Y47_UO257,RD2_F9_m3f6_P3_Y46_UO198,FXX,2,0.0,1,0,1.0,0,0,0,-9999.0,0.5106056481599808,1,P4_CV0,1,2,0,2,0
6,6.211338327692949,7.937131414155586,RD6_F2_m6f3_P6_Y49_UO111,RD6_F3_m7f3_P7_Y47_UO167,RD3_F2_m3f2_P3_Y46_UO35,FXX,2,0.0,1,0,1.0,0,0,0,-9999.0,0.510384812951088,1,P4_CV0,1,2,0,2,0
6,6.211338327692949,7.937131414155586,RD6_F3_m2f3_P2_Y49_UO215,RD2_F9_m6f3_P6_Y47_UO180,RD3_F2_m3f2_P3_Y46_UO35,FXX,2,0.0,1,0,1.0,0,0,0,-9999.0,0.5105188488960266,1,P4_CV0,1,1,1,2,0
6,6.211338327692949,7.937131414155586,RD6_F2_m6f2_P6_Y48_UO421,RD6_F9_m2f9_P2_Y46_UO0,RD2_F5_m3f2_P3_Y46_UO35,MXY,3,0.0,1,0,0.0,0,0,0,-9999.0,0.510252833366394,1,P4_CV0,1,0,2,2,0
6,6.211338327692949,7.937131414155586,RD6_F3_m3f5_P3_Y50_UO134,RD3_F2_m3f7_P3_Y48_UO371,RD5_F2_m6f9_P6_Y48_UO434,FXX,1,0.0,0,0,0.0,0,0,0,-9999.0,0.5100626051425934,1,P5_CV0,1,0,2,1,1
6,6.211338327692949,7.937131414155586,RD6_F9_m6f3_P6_Y49_UO38,RD6_F9_m6f3_P6_Y47_UO259,RD3_F2_m3f2_P3_Y46_UO35,FXX,2,0.0,1,0,1.0,0,0,0,-9999.0,0.5105077773332596,1,P5_CV0,1,2,0,2,0
6,6.211338327692949,7.937131414155586,RD6_F9_m2f5_P2_Y49_UO225,RD2_F9_m6f2_P6_Y47_UO45,RD5_F1_m3f6_P3_Y46_UO251,FXX,2,0.0,1,0,1.0,0,0,0,-9999.0,0.5100476443767548,1,P5_CV0,1,1,1,1,1
6,6.211338327692949,7.937131414155586,RD6_F2_m1f5_P1_Y48_UO58,RD1_F5_m1f5_P1_Y46_UO357,RD5_F1_m5f3_P5_Y46_UO479,FXX,3,0.0,1,0,1.0,0,0,0,-9999.0,0.5101456791162491,1,P5_CV0,1,0,2,2,0
6,6.211338327692949,7.937131414155586,RD6_F9_m2f3_P2_Y47_UO54,RD2_F9_m2f9_P2_Y45_UO28,RD3_F6_m6f9_P6_Y44_UO331,MXY,4,0.0,1,0,0.0,0,0,0,-9999.0,0.5102067589759827,1,P5_CV0,1,2,0,2,0
6,6.211338327692949,7.937131414155586,RD6_F9_m9f2_P9_Y50_UO319,RD9_F6_m9f6_P9_Y48_UO15,RD2_F9_m2f3_P2_Y48_UO267,MXY,1,0.0,0,0,0.0,0,0,0,-9999.0,0.5104054510593414,1,P7_CV0,1,1,1,1,1
6,6.211338327692949,7.937131414155586,RD6_F9_m9f2_P9_Y50_UO321,RD9_F6_m9f6_P9_Y48_UO15,RD2_F9_m2f3_P2_Y48_UO267,MXY,1,0.0,0,0,0.0,0,0,0,-9999.0,0.5104054510593414,1,P7_CV0,1,1,1,2,0
6,6.211338327692949,7.937131414155586,RD6_F9_m9f6_P9_Y50_UO524,RD9_F6_m2f9_P2_Y48_UO162,RD6_F9_m2f9_P2_Y48_UO164,FXX,1,0.0,0,0,0.0,0,0,0,-9999.0,0.5102125331759453,1,P7_CV0,1,2,0,0,2
6,6.211338327692949,7.937131414155586,RD6_F9_m9f2_P9_Y50_UO320,RD9_F6_m9f6_P9_Y48_UO15,RD2_F9_m2f3_P2_Y48_UO267,FXX,1,0.0,0,0,0.0,0,0,0,-9999.0,0.5104054510593414,1,P7_CV0,1,1,1,2,0
6,6.211338327692949,7.937131414155586,RD6_F9_m9f6_P9_Y50_UO523,RD9_F6_m2f9_P2_Y48_UO162,RD6_F9_m2f9_P2_Y48_UO164,FXX,1,0.0,0,0,0.0,0,0,0,-9999.0,0.5102125331759453,1,P7_CV0,1,2,0,0,2
6,6.211338327692949,7.937131414155586,RD6_F9_m9f2_P9_Y50_UO323,RD9_F6_m9f6_P9_Y48_UO15,RD2_F9_m2f3_P2_Y48_UO267,FXX,1,0.0,0,0,0.0,0,0,0,-9999.0,0.5104054510593414,1,P7_CV0,1,0,2,2,0
6,6.211338327692949,7.937131414155586,RD6_F2_m2f5_P2_Y50_UO251,RD2_F5_m1f5_P1_Y48_UO661,RD5_F1_m5f1_P5_Y48_UO525,FXX,1,0.0,0,0,0.0,0,0,0,-9999.0,0.5098860263824463,1,P7_CV0,1,1,1,1,1
6,6.211338327692949,7.937131414155586,RD6_F2_m2f9_P2_Y50_UO419,RD2_F3_m6f3_P6_Y48_UO301,RD9_F6_m2f6_P2_Y47_UO271,FXX,1,0.0,0,0,0.0,0,0,0,-9999.0,0.5103571936488152,1,P8_CV0,1,1,1,1,1
6,6.211338327692949,7.937131414155586,RD6_F2_m2f6_P2_Y50_UO561,RD2_F9_m2f9_P2_Y48_UO591,RD6_F9_m2f9_P2_Y48_UO593,MXY,1,0.0,0,0,0.0,0,0,0,-9999.0,0.50994673371315,1,P8_CV0,1,2,0,2,0
6,6.211338327692949,7.937131414155586,RD6_F2_m2f9_P2_Y50_UO418,RD2_F3_m6f3_P6_Y48_UO301,RD9_F6_m2f6_P2_Y47_UO271,MXY,1,0.0,0,0,0.0,0,0,0,-9999.0,0.5103571936488152,1,P8_CV0,1,1,1,1,1
6,6.211338327692949,7.937131414155586,RD6_F2_m2f9_P2_Y50_UO420,RD2_F3_m6f3_P6_Y48_UO301,RD9_F6_m2f6_P2_Y47_UO271,FXX,1,0.0,0,0,0.0,0,0,0,-9999.0,0.5103571936488152,1,P8_CV0,1,1,1,1,1
6,6.211338327692949,7.937131414155586,RD6_F2_m2f5_P2_Y50_UO116,RD2_F5_m3f2_P3_Y48_UO653,RD5_F3_m6f2_P6_Y48_UO419,FXX,1,0.0,0,0,0.0,0,0,0,-9999.0,0.5101616010069847,1,P8_CV0,1,1,1,2,0
6,6.211338327692949,7.937131414155586,RD6_F3_m3f5_P3_Y50_UO114,RD3_F5_m1f5_P1_Y48_UO744,RD5_F2_m5f2_P5_Y48_UO387,MXY,1,0.0,0,0,0.0,0,0,0,-9999.0,0.5100401043891907,1,P8_CV0,1,0,2,2,0
7,1.3457994534493356,7.703671818986196,RD7_F3_m3f5_P3_Y50_UO111,RD3_F5_m1f5_P1_Y48_UO744,RD5_F2_m5f2_P5_Y48_UO387,MXY,1,0.0,0,0,0.0,0,0,0,-9999.0,0.5100401043891907,1,P3_CV0,1,2,0,0,2
7,1.3457994534493356,7.703671818986196,RD7_F3_m3f5_P3_Y50_UO112,RD3_F5_m1f5_P1_Y48_UO744,RD5_F2_m5f2_P5_Y48_UO387,MXY,1,0.0,0,0,0.0,0,0,0,-9999.0,0.5100401043891907,1,P3_CV0,1,2,0,1,1
7,1.3457994534493356,7.703671818986196,RD7_F3_m3f5_P3_Y50_UO220,RD3_F7_m4f7_P4_Y48_UO38,RD5_F1_m5f3_P5_Y48_UO446,FXX,1,0.0,0,0,0.0,0,0,0,-9999.0,0.5099120587110519,1,P3_CV0,1,1,1,2,0
7,1.3457994534493356,7.703671818986196,RD7_F3_m3f5_P3_Y50_UO256,RD3_F7_m3f7_P3_Y48_UO733,RD5_F3_m7f3_P7_Y48_UO4,MXY,1,0.0,0,0,0.0,0,0,0,-9999.0,0.5101175829768181,1,P3_CV0,1,1,1,0,2
7,1.3457994534493356,7.703671818986196,RD7_F3_m3f5_P3_Y50_UO258,RD3_F7_m3f7_P3_Y48_UO733,RD5_F3_m7f3_P7_Y48_UO4,FXX,1,0.0,0,0,0.0,0,0,0,-9999.0,0.5101175829768181,1,P3_CV0,1,1,1,0,2
7,1.3457994534493356,7.703671818986196,RD7_F3_m3f2_P3_Y50_UO314,RD3_F5_m1f5_P1_Y48_UO742,RD2_F9_m2f6_P2_Y48_UO291,FXX,1,0.0,0,0,0.0,0,0,0,-9999.0,0.5103555396199226,1,P3_CV0,1,0,2,2,0
7,1.3457994534493356,7.703671818986196,RD7_F3_m3f5_P3_Y50_UO392,RD3_F5_m1f5_P1_Y48_UO635,RD5_F2_m3f7_P3_Y48_UO729,MXY,1,0.0,0,0,0.0,0,0,0,-9999.0,0.5102643966674805,1,P3_CV0,1,1,1,2,0
7,1.3457994534493356,7.703671818986196,RD7_F3_m3f5_P3_Y50_UO393,RD3_F5_m1f5_P1_Y48_UO635,RD5_F2_m3f7_P3_Y48_UO729,MXY,1,0.0,0,0,0.0,0,0,0,-9999.0,0.5102643966674805,1,P3_CV0,1,2,0,2,0
7,1.3457994534493356,7.703671818986196,RD7_F3_m3f5_P3_Y50_UO394,RD3_F5_m1f5_P1_Y48_UO635,RD5_F2_m3f7_P3_Y48_UO729,MXY,1,0.0,0,0,0.0,0,0,0,-9999.0,0.5102643966674805,1,P3_CV0,1,1,1,2,0
7,1.3457994534493356,7.703671818986196,RD7_F3_m3f7_P3_Y50_UO445,RD3_F6_m9f6_P9_Y48_UO406,RD7_F4_m8f4_P8_Y48_UO65,FXX,1,0.0,0,0,0.0,0,0,0,-9999.0,0.5100030153989792,1,P3_CV0,1,1,1,1,1
7,1.3457994534493356,7.703671818986196,RD7_F3_m3f7_P3_Y50_UO446,RD3_F6_m9f6_P9_Y48_UO406,RD7_F4_m8f4_P8_Y48_UO65,MXY,1,0.0,0,0,0.0,0,0,0,-9999.0,0.5100030153989792,1,P3_CV0,1,1,1,1,1
7,1.3457994534493356,7.703671818986196,RD7_F3_m3f2_P3_Y50_UO556,RD3_F5_m1f5_P1_Y48_UO744,RD2_F9_m6f3_P6_Y48_UO336,MXY,1,0.0,0,0,0.0,0,0,0,-9999.0,0.5100692138075829,1,P3_CV0,1,2,0,1,1
7,1.3457994534493356,7.703671818986196,RD7_F3_m3f6_P3_Y50_UO652,RD3_F5_m1f5_P1_Y48_UO742,RD6_F3_m2f5_P2_Y48_UO493,MXY,1,0.0,0,0,0.0,0,0,0,-9999.0,0.5099694207310677,1,P3_CV0,1,2,0,2,0
7,1.3457994534493356,7.703671818986196,RD7_F3_m3f6_P3_Y50_UO653,RD3_F5_m1f5_P1_Y48_UO742,RD6_F3_m2f5_P2_Y48_UO493,FXX,1,0.0,0,0,0.0,0,0,0,-9999.0,0.5099694207310677,1,P3_CV0,1,1,1,1,1
7,1.3457994534493356,7.703671818986196,RD7_F3_m3f7_P3_Y50_UO725,RD3_F6_m9f6_P9_Y48_UO406,RD7_F4_m8f4_P8_Y48_UO608,FXX,1,0.0,0,0,0.0,0,0,0,-9999.0,0.5102482885122299,1,P3_CV0,1,1,1,1,1
7,1.3457994534493356,7.703671818986196,RD7_F4_m4f7_P4_Y50_UO408,RD4_F7_m3f2_P3_Y48_UO671,RD7_F3_m6f3_P6_Y48_UO151,MXY,1,0.0,0,0,0.0,0,0,0,-9999.0,0.5100928619503975,1,P3_CV0,1,1,1,0,2
7,1.3457994534493356,7.703671818986196,RD7_F4_m4f7_P4_Y50_UO409,RD4_F7_m3f2_P3_Y48_UO671,RD7_F3_m6f3_P6_Y48_UO151,FXX,1,0.0,0,0,0.0,0,0,0,-9999.0,0.5100928619503975,1,P3_CV0,1,1,1,0,2
7,1.3457994534493356,7.703671818986196,RD7_F4_m4f8_P4_Y50_UO451,RD4_F7_m3f5_P3_Y48_UO680,RD8_F4_m8f4_P8_Y48_UO509,FXX,1,0.0,0,0,0.0,0,0,0,-9999.0,0.5102989450097084,1,P3_CV0,1,2,0,2,0
7,1.3457994534493356,7.703671818986196,RD7_F4_m4f7_P4_Y50_UO495,RD4_F8_m4f8_P4_Y48_UO607,RD7_F4_m8f4_P8_Y48_UO346,MXY,1,0.0,0,0,0.0,0,0,0,-9999.0,0.510429747402668,1,P3_CV0,1,1,1,2,0
7,1.3457994534493356,7.703671818986196,RD7_F4_m4f7_P4_Y50_UO587,RD4_F7_m4f7_P4_Y48_UO594,RD7_F4_m7f4_P7_Y48_UO599,MXY,1,0.0,0,0,0.0,0,0,0,-9999.0,0.5101002529263496,1,P3_CV0,1,1,1,1,1
7,1.3457994534493356,7.703671818986196,RD7_F4_m4f7_P4_Y50_UO603,RD4_F8_m4f7_P4_Y48_UO32,RD7_F3_m6f2_P6_Y48_UO92,MXY,1,0.0,0,0,0.0,0,0,0,-9999.0,0.5103767514228821,1,P3_CV0,1,1,1,0,2
7,1.3457994534493356,7.703671818986196,RD7_F4_m4f7_P4_Y50_UO619,RD4_F7_m3f5_P3_Y48_UO680,RD7_F4_m8f4_P8_Y48_UO425,FXX,1,0.0,0,0,0.0,0,0,0,-9999.0,0.5101059153676033,1,P3_CV0,1,1,1,1,1
7,1.3457994534493356,7.703671818986196,RD7_F4_m4f7_P4_Y50_UO664,RD4_F8_m4f8_P4_Y48_UO71,RD7_F3_m7f4_P7_Y48_UO397,MXY,1,0.0,0,0,0.0,0,0,0,-9999.0,0.5104255676269531,1,P3_CV0,1,0,2,1,1
7,1.3457994534493356,7.703671818986196,RD7_F4_m4f8_P4_Y50_UO675,RD4_F8_m4f7_P4_Y48_UO296,RD8_F4_m7f3_P7_Y48_UO450,MXY,1,0.0,0,0,0.0,0,0,0,-9999.0,0.5105590373277664,1,P3_CV0,1,1,1,0,2
7,1.3457994534493356,7.703671818986196,RD7_F3_m2f3_P2_Y48_UO571,RD2_F3_m2f3_P2_Y46_UO430,RD3_F6_m2f9_P2_Y46_UO364,MXY,3,0.0,1,0,0.0,0,0,0,-9999.0,0.510363757610321,1,P3_CV0,1,1,1,1,1
7,1.3457994534493356,7.703671818986196,RD7_F3_m3f6_P3_Y50_UO106,RD3_F7_m3f7_P3_Y48_UO733,RD6_F3_m6f3_P6_Y48_UO610,FXX,1,0.0,0,0,0.0,0,0,0,-9999.0,0.5103497430682182,1,P4_CV0,1,2,0,2,0
7,1.3457994534493356,7.703671818986196,RD7_F3_m3f5_P3_Y50_UO257,RD3_F7_m3f7_P3_Y48_UO733,RD5_F3_m7f3_P7_Y48_UO4,FXX,1,0.0,0,0,0.0,0,0,0,-9999.0,0.5101175829768181,1,P4_CV0,1,1,1,2,0
7,1.3457994534493356,7.703671818986196,RD7_F3_m3f5_P3_Y50_UO259,RD3_F7_m3f7_P3_Y48_UO733,RD5_F3_m7f3_P7_Y48_UO4,FXX,1,0.0,0,0,0.0,0,0,0,-9999.0,0.5101175829768181,1,P4_CV0,1,1,1,1,1
7,1.3457994534493356,7.703671818986196,RD7_F3_m3f2_P3_Y50_UO606,RD3_F5_m1f5_P1_Y48_UO28,RD2_F5_m3f2_P3_Y48_UO672,MXY,1,0.0,0,0,0.0,0,0,0,-9999.0,0.5101454928517342,1,P4_CV0,1,1,1,1,1
7,1.3457994534493356,7.703671818986196,RD7_F3_m3f7_P3_Y50_UO692,RD3_F7_m3f7_P3_Y48_UO733,RD7_F4_m8f4_P8_Y48_UO425,FXX,1,0.0,0,0,0.0,0,0,0,-9999.0,0.5102238655090332,1,P4_CV0,1,2,0,1,1
7,1.3457994534493356,7.703671818986196,RD7_F3_m3f7_P3_Y50_UO693,RD3_F7_m3f7_P3_Y48_UO733,RD7_F4_m8f4_P8_Y48_UO425,FXX,1,0.0,0,0,0.0,0,0,0,-9999.0,0.5102238655090332,1,P4_CV0,1,1,1,1,1
7,1.3457994534493356,7.703671818986196,RD7_F3_m3f7_P3_Y50_UO695,RD3_F7_m3f7_P3_Y48_UO733,RD7_F4_m8f4_P8_Y48_UO425,FXX,1,0.0,0,0,0.0,0,0,0,-9999.0,0.5102238655090332,1,P4_CV0,1,1,1,2,0
7,1.3457994534493356,7.703671818986196,RD7_F4_m4f7_P4_Y50_UO122,RD4_F8_m4f8_P4_Y48_UO584,RD7_F4_m8f4_P8_Y48_UO609,MXY,1,0.0,0,0,0.0,0,0,0,-9999.0,0.5103394016623497,1,P4_CV0,1,1,1,2,0
7,1.3457994534493356,7.703671818986196,RD7_F4_m4f7_P4_Y50_UO263,RD4_F8_m4f7_P4_Y48_UO463,RD7_F4_m8f4_P8_Y48_UO437,MXY,1,0.0,0,0,0.0,0,0,0,-9999.0,0.510151632130146,1,P4_CV0,1,1,1,1,1
7,1.3457994534493356,7.703671818986196,RD7_F4_m4f7_P4_Y50_UO265,RD4_F8_m4f7_P4_Y48_UO463,RD7_F4_m8f4_P8_Y48_UO437,MXY,1,0.0,0,0,0.0,0,0,0,-9999.0,0.510151632130146,1,P4_CV0,1,1,1,1,1
7,1.3457994534493356,7.703671818986196,RD7_F4_m4f8_P4_Y50_UO431,RD4_F8_m4f8_P4_Y48_UO48,RD8_F4_m7f4_P7_Y48_UO600,FXX,1,0.0,0,0,0.0,0,0,0,-9999.0,0.5099753886461258,1,P4_CV0,1,2,0,1,1
7,1.3457994534493356,7.703671818986196,RD7_F4_m4f8_P4_Y50_UO436,RD4_F7_m4f8_P4_Y48_UO47,RD8_F4_m8f4_P8_Y48_UO119,FXX,1,0.0,0,0,0.0,0,0,0,-9999.0,0.5101792514324188,1,P4_CV0,1,1,1,2,0
7,1.3457994534493356,7.703671818986196,RD7_F4_m4f8_P4_Y50_UO439,RD4_F7_m4f8_P4_Y48_UO47,RD8_F4_m8f4_P8_Y48_UO119,MXY,1,0.0,0,0,0.0,0,0,0,-9999.0,0.5101792514324188,1,P4_CV0,1,1,1,1,1
7,1.3457994534493356,7.703671818986196,RD7_F4_m4f7_P4_Y50_UO618,RD4_F7_m3f5_P3_Y48_UO680,RD7_F4_m8f4_P8_Y48_UO425,FXX,1,0.0,0,0,0.0,0,0,0,-9999.0,0.5101059153676033,1,P4_CV0,1,1,1,2,0
7,1.3457994534493356,7.703671818986196,RD7_F4_m8f4_P8_Y49_UO83,RD8_F4_m7f4_P7_Y47_UO161,RD4_F7_m2f6_P2_Y46_UO595,FXX,2,0.0,1,0,1.0,0,0,0,-9999.0,0.5099810063838959,1,P4_CV0,1,1,1,2,0
7,1.3457994534493356,7.703671818986196,RD7_F4_m7f4_P7_Y49_UO155,RD7_F4_m8f4_P8_Y47_UO207,RD4_F8_m8f4_P8_Y46_UO698,FXX,2,0.0,1,0,1.0,0,0,0,-9999.0,0.5098213851451874,1,P4_CV0,1,2,0,1,1
7,1.3457994534493356,7.703671818986196,RD7_F3_m3f2_P3_Y50_UO161,RD3_F5_m1f5_P1_Y48_UO633,RD2_F5_m1f5_P1_Y48_UO60,MXY,1,0.0,0,0,0.0,0,0,0,-9999.0,0.5101456791162491,1,P5_CV0,1,1,1,2,0
7,1.3457994534493356,7.703671818986196,RD7_F3_m3f2_P3_Y50_UO162,RD3_F5_m1f5_P1_Y48_UO633,RD2_F5_m1f5_P1_Y48_UO60,MXY,1,0.0,0,0,0.0,0,0,0,-9999.0,0.5101456791162491,1,P5_CV0,1,1,1,2,0
7,1.3457994534493356,7.703671818986196,RD7_F3_m3f2_P3_Y50_UO163,RD3_F5_m1f5_P1_Y48_UO633,RD2_F5_m1f5_P1_Y48_UO60,MXY,1,0.0,0,0,0.0,0,0,0,-9999.0,0.5101456791162491,1,P5_CV0,1,2,0,2,0
7,1.3457994534493356,7.703671818986196,RD7_F3_m3f5_P3_Y50_UO221,RD3_F7_m4f7_P4_Y48_UO38,RD5_F1_m5f3_P5_Y48_UO446,FXX,1,0.0,0,0,0.0,0,0,0,-9999.0,0.5099120587110519,1,P5_CV0,1,1,1,1,1
7,1.3457994534493356,7.703671818986196,RD7_F4_m4f7_P4_Y50_UO266,RD4_F8_m4f7_P4_Y48_UO558,RD7_F3_m2f9_P2_Y48_UO666,MXY,1,0.0,0,0,0.0,0,0,0,-9999.0,0.5101606324315071,1,P5_CV0,1,0,2,2,0
7,1.3457994534493356,7.703671818986196,RD7_F4_m4f7_P4_Y50_UO497,RD4_F8_m4f7_P4_Y48_UO558,RD7_F4_m8f4_P8_Y48_UO609,MXY,1,0.0,0,0,0.0,0,0,0,-9999.0,0.5104721635580063,1,P5_CV0,1,1,1,1,1
7,1.3457994534493356,7.703671818986196,RD7_F4_m4f7_P4_Y50_UO666,RD4_F8_m4f8_P4_Y48_UO71,RD7_F3_m7f4_P7_Y48_UO397,FXX,1,0.0,0,0,0.0,0,0,0,-9999.0,0.5104255676269531,1,P5_CV0,1,0,2,1,1
7,1.3457994534493356,7.703671818986196,RD7_F4_m4f7_P4_Y50_UO667,RD4_F8_m4f8_P4_Y48_UO71,RD7_F3_m7f4_P7_Y48_UO397,FXX,1,0.0,0,0,0.0,0,0,0,-9999.0,0.5104255676269531,1,P5_CV0,1,0,2,1,1
7,1.3457994534493356,7.703671818986196,RD7_F3_m7f3_P7_Y49_UO59,RD7_F3_m7f4_P7_Y47_UO160,RD3_F5_m9f2_P9_Y46_UO516,MXY,2,0.0,1,0,0.0,0,0,0,-9999.0,0.5101460814476013,1,P5_CV0,1,2,0,1,1
7,1.3457994534493356,7.703671818986196,RD7_F3_m3f7_P3_Y50_UO680,RD3_F2_m5f2_P5_Y48_UO212,RD7_F4_m8f4_P8_Y48_UO608,MXY,1,0.0,0,0,0.0,0,0,0,-9999.0,0.5103688389062881,1,P7_CV0,1,1,1,1,1
7,1.3457994534493356,7.703671818986196,RD7_F4_m4f7_P4_Y50_UO27,RD4_F7_m4f8_P4_Y48_UO47,RD7_F4_m8f4_P8_Y48_UO263,MXY,1,0.0,0,0,0.0,0,0,0,-9999.0,0.5099889114499092,1,P7_CV0,1,1,1,1,1
7,1.3457994534493356,7.703671818986196,RD7_F4_m4f7_P4_Y50_UO28,RD4_F7_m4f8_P4_Y48_UO47,RD7_F4_m8f4_P8_Y48_UO263,MXY,1,0.0,0,0,0.0,0,0,0,-9999.0,0.5099889114499092,1,P7_CV0,1,2,0,1,1
7,1.3457994534493356,7.703671818986196,RD7_F4_m4f8_P4_Y50_UO567,RD4_F8_m4f7_P4_Y48_UO521,RD8_F4_m8f4_P8_Y48_UO95,MXY,1,0.0,0,0,0.0,0,0,0,-9999.0,0.510411873459816,1,P7_CV0,1,0,2,1,1
7,1.3457994534493356,7.703671818986196,RD7_F3_m3f2_P3_Y50_UO558,RD3_F5_m1f5_P1_Y48_UO744,RD2_F9_m6f3_P6_Y48_UO336,MXY,1,0.0,0,0,0.0,0,0,0,-9999.0,0.5100692138075829,1,P8_CV0,1,2,0,2,0
7,1.3457994534493356,7.703671818986196,RD7_F3_m3f2_P3_Y50_UO559,RD3_F5_m1f5_P1_Y48_UO744,RD2_F9_m6f3_P6_Y48_UO336,FXX,1,0.0,0,0,0.0,0,0,0,-9999.0,0.5100692138075829,1,P8_CV0,1,2,0,1,1
7,1.3457994534493356,7.703671818986196,RD7_F3_m6f2_P6_Y48_UO280,RD6_F9_m2f9_P2_Y46_UO0,RD2_F9_m2f3_P2_Y46_UO501,MXY,3,0.0,1,0,0.0,0,0,0,-9999.0,0.5102287083864212,1,P8_CV0,1,0,2,1,1
8,1.8443986564691528,11.780027217250101,RD8_F4_m4f8_P4_Y50_UO7,RD4_F7_m3f2_P3_Y48_UO671,RD8_F4_m7f4_P7_Y48_UO600,FXX,1,0.0,0,0,0.0,0,0,0,-9999.0,0.5100714191794395,1,P3_CV0,1,2,0,1,1
8,1.8443986564691528,11.780027217250101,RD8_F4_m4f8_P4_Y50_UO8,RD4_F7_m3f2_P3_Y48_UO671,RD8_F4_m7f4_P7_Y48_UO600,FXX,1,0.0,0,0,0.0,0,0,0,-9999.0,0.5100714191794395,1,P3_CV0,1,2,0,1,1
8,1.8443986564691528,11.780027217250101,RD8_F4_m4f8_P4_Y50_UO9,RD4_F7_m3f2_P3_Y48_UO671,RD8_F4_m7f4_P7_Y48_UO600,FXX,1,0.0,0,0,0.0,0,0,0,-9999.0,0.5100714191794395,1,P3_CV0,1,1,1,1,1
8,1.8443986564691528,11.780027217250101,RD8_F4_m4f7_P4_Y50_UO91,RD4_F8_m4f8_P4_Y48_UO71,RD7_F4_m7f4_P7_Y48_UO54,FXX,1,0.0,0,0,0.0,0,0,0,-9999.0,0.5100197494029999,1,P3_CV0,1,1,1,0,2
8,1.8443986564691528,11.780027217250101,RD8_F4_m4f7_P4_Y50_UO92,RD4_F8_m4f8_P4_Y48_UO71,RD7_F4_m7f4_P7_Y48_UO54,FXX,1,0.0,0,0,0.0,0,0,0,-9999.0,0.5100197494029999,1,P3_CV0,1,1,1,1,1
8,1.8443986564691528,11.780027217250101,RD8_F4_m4f7_P4_Y50_UO93,RD4_F8_m4f8_P4_Y48_UO71,RD7_F4_m7f4_P7_Y48_UO54,FXX,1,0.0,0,0,0.0,0,0,0,-9999.0,0.5100197494029999,1,P3_CV0,1,1,1,1,1
8,1.8443986564691528,11.780027217250101,RD8_F4_m4f7_P4_Y50_UO94,RD4_F8_m4f8_P4_Y48_UO71,RD7_F4_m7f4_P7_Y48_UO54,MXY,1,0.0,0,0,0.0,0,0,0,-9999.0,0.5100197494029999,1,P3_CV0,1,1,1,0,2
8,1.8443986564691528,11.780027217250101,RD8_F4_m4f7_P4_Y50_UO180,RD4_F7_m4f7_P4_Y48_UO462,RD7_F3_m6f3_P6_Y48_UO265,FXX,1,0.0,0,0,0.0,0,0,0,-9999.0,0.5102121233940125,1,P3_CV0,1,1,1,1,1
8,1.8443986564691528,11.780027217250101,RD8_F4_m4f7_P4_Y50_UO181,RD4_F7_m4f7_P4_Y48_UO462,RD7_F3_m6f3_P6_Y48_UO265,MXY,1,0.0,0,0,0.0,0,0,0,-9999.0,0.5102121233940125,1,P3_CV0,1,1,1,2,0
8,1.8443986564691528,11.780027217250101,RD8_F4_m4f8_P4_Y50_UO195,RD4_F8_m4f8_P4_Y48_UO607,RD8_F4_m8f4_P8_Y48_UO746,FXX,1,0.0,0,0,0.0,0,0,0,-9999.0,0.5100514367222786,1,P3_CV0,1,1,1,1,1
8,1.8443986564691528,11.780027217250101,RD8_F4_m4f8_P4_Y50_UO226,RD4_F8_m4f7_P4_Y48_UO558,RD8_F4_m7f4_P7_Y48_UO669,FXX,1,0.0,0,0,0.0,0,0,0,-9999.0,0.5102497786283493,1,P3_CV0,1,1,1,2,0
8,1.8443986564691528,11.780027217250101,RD8_F4_m4f7_P4_Y50_UO267,RD4_F8_m4f7_P4_Y48_UO558,RD7_F3_m2f9_P2_Y48_UO666,MXY,1,0.0,0,0,0.0,0,0,0,-9999.0,0.5101606324315071,1,P3_CV0,1,0,2,2,0
8,1.8443986564691528,11.780027217250101,RD8_F4_m4f7_P4_Y50_UO268,RD4_F8_m4f7_P4_Y48_UO558,RD7_F3_m2f9_P2_Y48_UO666,MXY,1,0.0,0,0,0.0,0,0,0,-9999.0,0.5101606324315071,1,P3_CV0,1,0,2,1,1
8,1.8443986564691528,11.780027217250101,RD8_F4_m4f7_P4_Y50_UO269,RD4_F8_m4f7_P4_Y48_UO558,RD7_F3_m2f9_P2_Y48_UO666,MXY,1,0.0,0,0,0.0,0,0,0,-9999.0,0.5101606324315071,1,P3_CV0,1,1,1,1,1
8,1.8443986564691528,11.780027217250101,RD8_F4_m4f7_P4_Y50_UO367,RD4_F8_m4f7_P4_Y48_UO32,RD7_F3_m2f9_P2_Y48_UO666,MXY,1,0.0,0,0,0.0,0,0,0,-9999.0,0.5100881904363632,1,P3_CV0,1,1,1,1,1
8,1.8443986564691528,11.780027217250101,RD8_F4_m4f7_P4_Y50_UO368,RD4_F8_m4f7_P4_Y48_UO32,RD7_F3_m2f9_P2_Y48_UO666,MXY,1,0.0,0,0,0.0,0,0,0,-9999.0,0.5100881904363632,1,P3_CV0,1,1,1,1,1
8,1.8443986564691528,11.780027217250101,RD8_F4_m4f7_P4_Y50_UO369,RD4_F8_m4f7_P4_Y48_UO32,RD7_F3_m2f9_P2_Y48_UO666,MXY,1,0.0,0,0,0.0,0,0,0,-9999.0,0.5100881904363632,1,P3_CV0,1,1,1,1,1
8,1.8443986564691528,11.780027217250101,RD8_F4_m4f8_P4_Y50_UO430,RD4_F8_m4f8_P4_Y48_UO48,RD8_F4_m7f4_P7_Y48_UO600,MXY,1,0.0,0,0,0.0,0,0,0,-9999.0,0.5099753886461258,1,P3_CV0,1,1,1,1,1
8,1.8443986564691528,11.780027217250101,RD8_F4_m4f8_P4_Y50_UO432,RD4_F8_m4f8_P4_Y48_UO48,RD8_F4_m7f4_P7_Y48_UO600,FXX,1,0.0,0,0,0.0,0,0,0,-9999.0,0.5099753886461258,1,P3_CV0,1,0,2,1,1
8,1.8443986564691528,11.780027217250101,RD8_F4_m4f8_P4_Y50_UO433,RD4_F8_m4f8_P4_Y48_UO48,RD8_F4_m7f4_P7_Y48_UO600,MXY,1,0.0,0,0,0.0,0,0,0,-9999.0,0.5099753886461258,1,P3_CV0,1,1,1,1,1
8,1.8443986564691528,11.780027217250101,RD8_F4_m4f8_P4_Y50_UO438,RD4_F7_m4f8_P4_Y48_UO47,RD8_F4_m8f4_P8_Y48_UO119,FXX,1,0.0,0,0,0.0,0,0,0,-9999.0,0.5101792514324188,1,P3_CV0,1,1,1,1,1
8,1.8443986564691528,11.780027217250101,RD8_F4_m4f8_P4_Y50_UO440,RD4_F7_m4f8_P4_Y48_UO47,RD8_F4_m8f4_P8_Y48_UO119,MXY,1,0.0,0,0,0.0,0,0,0,-9999.0,0.5101792514324188,1,P3_CV0,1,1,1,2,0
8,1.8443986564691528,11.780027217250101,RD8_F4_m4f8_P4_Y50_UO450,RD4_F7_m3f5_P3_Y48_UO680,RD8_F4_m8f4_P8_Y48_UO509,MXY,1,0.0,0,0,0.0,0,0,0,-9999.0,0.5102989450097084,1,P3_CV0,1,2,0,1,1
8,1.8443986564691528,11.780027217250101,RD8_F4_m4f8_P4_Y50_UO452,RD4_F7_m3f5_P3_Y48_UO680,RD8_F4_m8f4_P8_Y48_UO509,FXX,1,0.0,0,0,0.0,0,0,0,-9999.0,0.5102989450097084,1,P3_CV0,1,1,1,1,1
8,1.8443986564691528,11.780027217250101,RD8_F4_m4f8_P4_Y50_UO462,RD4_F7_m4f7_P4_Y48_UO462,RD8_F4_m8f4_P8_Y48_UO746,FXX,1,0.0,0,0,0.0,0,0,0,-9999.0,0.5100086480379105,1,P3_CV0,1,1,1,2,0
8,1.8443986564691528,11.780027217250101,RD8_F4_m4f7_P4_Y50_UO493,RD4_F8_m4f8_P4_Y48_UO607,RD7_F4_m8f4_P8_Y48_UO346,FXX,1,0.0,0,0,0.0,0,0,0,-9999.0,0.510429747402668,1,P3_CV0,1,0,2,2,0
8,1.8443986564691528,11.780027217250101,RD8_F4_m4f8_P4_Y50_UO554,RD4_F8_m4f7_P4_Y48_UO32,RD8_F4_m8f4_P8_Y48_UO315,FXX,1,0.0,0,0,0.0,0,0,0,-9999.0,0.5101648718118668,1,P3_CV0,1,1,1,1,1
8,1.8443986564691528,11.780027217250101,RD8_F4_m4f8_P4_Y50_UO555,RD4_F8_m4f7_P4_Y48_UO32,RD8_F4_m8f4_P8_Y48_UO315,FXX,1,0.0,0,0,0.0,0,0,0,-9999.0,0.5101648718118668,1,P3_CV0,1,1,1,0,2
8,1.8443986564691528,11.780027217250101,RD8_F4_m4f7_P4_Y50_UO583,RD4_F7_m4f7_P4_Y48_UO594,RD7_F4_m7f4_P7_Y48_UO599,FXX,1,0.0,0,0,0.0,0,0,0,-9999.0,0.5101002529263496,1,P3_CV0,1,2,0,2,0
8,1.8443986564691528,11.780027217250101,RD8_F4_m4f7_P4_Y50_UO584,RD4_F7_m4f7_P4_Y48_UO594,RD7_F4_m7f4_P7_Y48_UO599,MXY,1,0.0,0,0,0.0,0,0,0,-9999.0,0.5101002529263496,1,P3_CV0,1,1,1,1,1
8,1.8443986564691528,11.780027217250101,RD8_F4_m4f7_P4_Y50_UO604,RD4_F8_m4f7_P4_Y48_UO32,RD7_F3_m6f2_P6_Y48_UO92,FXX,1,0.0,0,0,0.0,0,0,0,-9999.0,0.5103767514228821,1,P3_CV0,1,0,2,1,1
8,1.8443986564691528,11.780027217250101,RD8_F4_m4f7_P4_Y50_UO617,RD4_F7_m3f5_P3_Y48_UO680,RD7_F4_m8f4_P8_Y48_UO425,FXX,1,0.0,0,0,0.0,0,0,0,-9999.0,0.5101059153676033,1,P3_CV0,1,1,1,2,0
8,1.8443986564691528,11.780027217250101,RD8_F4_m4f7_P4_Y50_UO672,RD4_F8_m4f7_P4_Y48_UO710,RD7_F4_m8f4_P8_Y48_UO609,MXY,1,0.0,0,0,0.0,0,0,0,-9999.0,0.5102780014276505,1,P3_CV0,1,1,1,0,2
8,1.8443986564691528,11.780027217250101,RD8_F4_m4f7_P4_Y50_UO673,RD4_F8_m4f7_P4_Y48_UO710,RD7_F4_m8f4_P8_Y48_UO609,FXX,1,0.0,0,0,0.0,0,0,0,-9999.0,0.5102780014276505,1,P3_CV0,1,0,2,1,1
8,1.8443986564691528,11.780027217250101,RD8_F4_m4f8_P4_Y50_UO674,RD4_F8_m4f7_P4_Y48_UO296,RD8_F4_m7f3_P7_Y48_UO450,MXY,1,0.0,0,0,0.0,0,0,0,-9999.0,0.5105590373277664,1,P3_CV0,1,1,1,1,1
8,1.8443986564691528,11.780027217250101,RD8_F4_m4f8_P4_Y50_UO681,RD4_F8_m4f7_P4_Y48_UO521,RD8_F4_m8f4_P8_Y48_UO532,FXX,1,0.0,0,0,0.0,0,0,0,-9999.0,0.5101530477404594,1,P3_CV0,1,2,0,2,0
8,1.8443986564691528,11.780027217250101,RD8_F4_m4f8_P4_Y50_UO683,RD4_F8_m4f7_P4_Y48_UO521,RD8_F4_m8f4_P8_Y48_UO532,FXX,1,0.0,0,0,0.0,0,0,0,-9999.0,0.5101530477404594,1,P3_CV0,1,2,0,2,0
8,1.8443986564691528,11.780027217250101,RD8_F4_m4f7_P4_Y50_UO751,RD4_F8_m4f7_P4_Y48_UO32,RD7_F4_m7f3_P7_Y48_UO452,MXY,1,0.0,0,0,0.0,0,0,0,-9999.0,0.5104909241199493,1,P3_CV0,1,1,1,1,1
8,1.8443986564691528,11.780027217250101,RD8_F4_m4f7_P4_Y50_UO752,RD4_F8_m4f7_P4_Y48_UO32,RD7_F4_m7f3_P7_Y48_UO452,FXX,1,0.0,0,0,0.0,0,0,0,-9999.0,0.5104909241199493,1,P3_CV0,1,1,1,0,2
8,1.8443986564691528,11.780027217250101,RD8_F4_m4f7_P4_Y48_UO274,RD4_F8_m4f7_P4_Y46_UO613,RD7_F3_m7f4_P7_Y46_UO243,FXX,3,0.0,1,0,1.0,0,0,0,-9999.0,0.5098880529403687,1,P3_CV0,1,2,0,1,1
8,1.8443986564691528,11.780027217250101,RD8_F4_m4f7_P4_Y48_UO250,RD4_F8_m4f7_P4_Y46_UO613,RD7_F4_m8f4_P8_Y46_UO110,MXY,3,0.0,1,0,0.0,0,0,0,-9999.0,0.5099347531795502,1,P3_CV0,1,1,1,2,0
8,1.8443986564691528,11.780027217250101,RD8_F4_m7f3_P7_Y47_UO71,RD7_F3_m7f4_P7_Y45_UO54,RD3_F6_m2f6_P2_Y44_UO88,FXX,4,0.0,1,0,1.0,0,0,0,-9999.0,0.5100511312484741,1,P3_CV0,1,2,0,1,1
8,1.8443986564691528,11.780027217250101,RD8_F4_m4f7_P4_Y50_UO26,RD4_F7_m4f8_P4_Y48_UO47,RD7_F4_m8f4_P8_Y48_UO263,MXY,1,0.0,0,0,0.0,0,0,0,-9999.0,0.5099889114499092,1,P4_CV0,1,2,0,2,0
8,1.8443986564691528,11.780027217250101,RD8_F4_m4f7_P4_Y50_UO29,RD4_F7_m4f8_P4_Y48_UO47,RD7_F4_m8f4_P8_Y48_UO263,MXY,1,0.0,0,0,0.0,0,0,0,-9999.0,0.5099889114499092,1,P4_CV0,1,2,0,2,0
8,1.8443986564691528,11.780027217250101,RD8_F4_m4f7_P4_Y50_UO123,RD4_F8_m4f8_P4_Y48_UO584,RD7_F4_m8f4_P8_Y48_UO609,MXY,1,0.0,0,0,0.0,0,0,0,-9999.0,0.5103394016623497,1,P4_CV0,1,2,0,2,0
8,1.8443986564691528,11.780027217250101,RD8_F4_m4f7_P4_Y50_UO124,RD4_F8_m4f8_P4_Y48_UO584,RD7_F4_m8f4_P8_Y48_UO609,FXX,1,0.0,0,0,0.0,0,0,0,-9999.0,0.5103394016623497,1,P4_CV0,1,1,1,1,1
8,1.8443986564691528,11.780027217250101,RD8_F4_m4f7_P4_Y50_UO125,RD4_F8_m4f8_P4_Y48_UO584,RD7_F4_m8f4_P8_Y48_UO609,MXY,1,0.0,0,0,0.0,0,0,0,-9999.0,0.5103394016623497,1,P4_CV0,1,2,0,1,1
8,1.8443986564691528,11.780027217250101,RD8_F4_m4f7_P4_Y50_UO264,RD4_F8_m4f7_P4_Y48_UO463,RD7_F4_m8f4_P8_Y48_UO437,FXX,1,0.0,0,0,0.0,0,0,0,-9999.0,0.510151632130146,1,P4_CV0,1,1,1,1,1
8,1.8443986564691528,11.780027217250101,RD8_F4_m4f8_P4_Y50_UO437,RD4_F7_m4f8_P4_Y48_UO47,RD8_F4_m8f4_P8_Y48_UO119,MXY,1,0.0,0,0,0.0,0,0,0,-9999.0,0.5101792514324188,1,P4_CV0,1,2,0,2,0
8,1.8443986564691528,11.780027217250101,RD8_F4_m4f7_P4_Y50_UO585,RD4_F7_m4f7_P4_Y48_UO594,RD7_F4_m7f4_P7_Y48_UO599,MXY,1,0.0,0,0,0.0,0,0,0,-9999.0,0.5101002529263496,1,P4_CV0,1,1,1,1,1
8,1.8443986564691528,11.780027217250101,RD8_F4_m4f7_P4_Y50_UO616,RD4_F7_m3f5_P3_Y48_UO680,RD7_F4_m8f4_P8_Y48_UO425,FXX,1,0.0,0,0,0.0,0,0,0,-9999.0,0.5101059153676033,1,P4_CV0,1,1,1,2,0
8,1.8443986564691528,11.780027217250101,RD8_F4_m4f7_P4_Y50_UO620,RD4_F7_m3f5_P3_Y48_UO680,RD7_F4_m8f4_P8_Y48_UO425,FXX,1,0.0,0,0,0.0,0,0,0,-9999.0,0.5101059153676033,1,P4_CV0,1,1,1,1,1
8,1.8443986564691528,11.780027217250101,RD8_F4_m4f7_P4_Y50_UO671,RD4_F8_m4f7_P4_Y48_UO710,RD7_F4_m8f4_P8_Y48_UO609,MXY,1,0.0,0,0,0.0,0,0,0,-9999.0,0.5102780014276505,1,P4_CV0,1,0,2,1,1
8,1.8443986564691528,11.780027217250101,RD8_F4_m4f8_P4_Y50_UO227,RD4_F8_m4f7_P4_Y48_UO558,RD8_F4_m7f4_P7_Y48_UO669,FXX,1,0.0,0,0,0.0,0,0,0,-9999.0,0.5102497786283493,1,P5_CV0,1,0,2,1,1
8,1.8443986564691528,11.780027217250101,RD8_F4_m4f7_P4_Y50_UO496,RD4_F8_m4f7_P4_Y48_UO558,RD7_F4_m8f4_P8_Y48_UO609,MXY,1,0.0,0,0,0.0,0,0,0,-9999.0,0.5104721635580063,1,P5_CV0,1,0,2,0,2
8,1.8443986564691528,11.780027217250101,RD8_F4_m4f7_P4_Y50_UO498,RD4_F8_m4f7_P4_Y48_UO558,RD7_F4_m8f4_P8_Y48_UO609,FXX,1,0.0,0,0,0.0,0,0,0,-9999.0,0.5104721635580063,1,P5_CV0,1,1,1,1,1
8,1.8443986564691528,11.780027217250101,RD8_F4_m4f8_P4_Y50_UO553,RD4_F8_m4f7_P4_Y48_UO32,RD8_F4_m8f4_P8_Y48_UO315,MXY,1,0.0,0,0,0.0,0,0,0,-9999.0,0.5101648718118668,1,P5_CV0,1,2,0,1,1
8,1.8443986564691528,11.780027217250101,RD8_F4_m4f8_P4_Y50_UO568,RD4_F8_m4f7_P4_Y48_UO521,RD8_F4_m8f4_P8_Y48_UO95,FXX,1,0.0,0,0,0.0,0,0,0,-9999.0,0.510411873459816,1,P5_CV0,1,0,2,2,0
8,1.8443986564691528,11.780027217250101,RD8_F4_m4f7_P4_Y50_UO665,RD4_F8_m4f8_P4_Y48_UO71,RD7_F3_m7f4_P7_Y48_UO397,FXX,1,0.0,0,0,0.0,0,0,0,-9999.0,0.5104255676269531,1,P5_CV0,1,1,1,1,1
8,1.8443986564691528,11.780027217250101,RD8_F4_m4f8_P4_Y50_UO682,RD4_F8_m4f7_P4_Y48_UO521,RD8_F4_m8f4_P8_Y48_UO532,FXX,1,0.0,0,0,0.0,0,0,0,-9999.0,0.5101530477404594,1,P5_CV0,1,1,1,2,0
8,1.8443986564691528,11.780027217250101,RD8_F4_m8f4_P8_Y49_UO99,RD8_F4_m7f4_P7_Y47_UO161,RD4_F7_m2f6_P2_Y46_UO595,MXY,2,0.0,1,0,0.0,0,0,0,-9999.0,0.5099810063838959,1,P5_CV0,1,1,1,1,1
8,1.8443986564691528,11.780027217250101,RD8_F4_m4f8_P4_Y50_UO196,RD4_F8_m4f8_P4_Y48_UO607,RD8_F4_m8f4_P8_Y48_UO746,FXX,1,0.0,0,0,0.0,0,0,0,-9999.0,0.5100514367222786,1,P6_CV0,1,1,1,1,1
8,1.8443986564691528,11.780027217250101,RD8_F4_m4f8_P4_Y50_UO461,RD4_F7_m4f7_P4_Y48_UO462,RD8_F4_m8f4_P8_Y48_UO746,MXY,1,0.0,0,0,0.0,0,0,0,-9999.0,0.5100086480379105,1,P6_CV0,1,1,1,2,0
8,1.8443986564691528,11.780027217250101,RD8_F4_m4f8_P4_Y50_UO463,RD4_F7_m4f7_P4_Y48_UO462,RD8_F4_m8f4_P8_Y48_UO746,FXX,1,0.0,0,0,0.0,0,0,0,-9999.0,0.5100086480379105,1,P6_CV0,1,1,1,1,1
8,1.8443986564691528,11.780027217250101,RD8_F4_m4f7_P4_Y50_UO492,RD4_F8_m4f8_P4_Y48_UO607,RD7_F4_m8f4_P8_Y48_UO346,FXX,1,0.0,0,0,0.0,0,0,0,-9999.0,0.510429747402668,1,P7_CV0,1,1,1,2,0
8,1.8443986564691528,11.780027217250101,RD8_F4_m4f7_P4_Y50_UO494,RD4_F8_m4f8_P4_Y48_UO607,RD7_F4_m8f4_P8_Y48_UO346,FXX,1,0.0,0,0,0.0,0,0,0,-9999.0,0.510429747402668,1,P7_CV0,1,1,1,2,0
8,1.8443986564691528,11.780027217250101,RD8_F4_m4f7_P4_Y50_UO605,RD4_F8_m4f7_P4_Y48_UO32,RD7_F3_m6f2_P6_Y48_UO92,FXX,1,0.0,0,0,0.0,0,0,0,-9999.0,0.5103767514228821,1,P8_CV0,1,1,1,1,1
9,8.539752926394888,7.413552560728917,RD9_F6_m6f3_P6_Y50_UO129,RD6_F3_m7f4_P7_Y48_UO396,RD3_F5_m1f5_P1_Y48_UO723,MXY,1,0.0,0,0,0.0,0,0,0,-9999.0,0.5105355083942413,1,P0_CV0,1,2,0,1,1
9,8.539752926394888,7.413552560728917,RD9_F2_m2f9_P2_Y50_UO21,RD2_F5_m1f5_P1_Y48_UO236,RD9_F2_m9f6_P9_Y48_UO486,FXX,1,0.0,0,0,0.0,0,0,0,-9999.0,0.5100259557366371,1,P3_CV0,1,2,0,0,2
9,8.539752926394888,7.413552560728917,RD9_F2_m2f6_P2_Y50_UO65,RD2_F3_m7f4_P7_Y48_UO24,RD6_F9_m2f3_P2_Y48_UO70,MXY,1,0.0,0,0,0.0,0,0,0,-9999.0,0.5101683139801025,1,P3_CV0,1,1,1,1,1
9,8.539752926394888,7.413552560728917,RD9_F2_m2f6_P2_Y50_UO66,RD2_F3_m7f4_P7_Y48_UO24,RD6_F9_m2f3_P2_Y48_UO70,MXY,1,0.0,0,0,0.0,0,0,0,-9999.0,0.5101683139801025,1,P3_CV0,1,1,1,1,1
9,8.539752926394888,7.413552560728917,RD9_F2_m2f3_P2_Y50_UO177,RD2_F5_m3f2_P3_Y48_UO652,RD3_F7_m3f2_P3_Y48_UO84,FXX,1,0.0,0,0,0.0,0,0,0,-9999.0,0.5105189755558968,1,P3_CV0,1,1,1,2,0
9,8.539752926394888,7.413552560728917,RD9_F2_m2f9_P2_Y50_UO187,RD2_F3_m7f4_P7_Y48_UO357,RD9_F6_m2f9_P2_Y47_UO91,FXX,1,0.0,0,0,0.0,0,0,0,-9999.0,0.5102499574422836,1,P3_CV0,1,2,0,2,0
9,8.539752926394888,7.413552560728917,RD9_F2_m2f9_P2_Y50_UO188,RD2_F3_m7f4_P7_Y48_UO357,RD9_F6_m2f9_P2_Y47_UO91,MXY,1,0.0,0,0,0.0,0,0,0,-9999.0,0.5102499574422836,1,P3_CV0,1,1,1,2,0
9,8.539752926394888,7.413552560728917,RD9_F2_m2f9_P2_Y50_UO189,RD2_F3_m7f4_P7_Y48_UO357,RD9_F6_m2f9_P2_Y47_UO91,FXX,1,0.0,0,0,0.0,0,0,0,-9999.0,0.5102499574422836,1,P3_CV0,1,1,1,2,0
9,8.539752926394888,7.413552560728917,RD9_F2_m2f9_P2_Y50_UO190,RD2_F3_m7f4_P7_Y48_UO357,RD9_F6_m2f9_P2_Y47_UO91,FXX,1,0.0,0,0,0.0,0,0,0,-9999.0,0.5102499574422836,1,P3_CV0,1,2,0,2,0
9,8.539752926394888,7.413552560728917,RD9_F2_m2f9_P2_Y50_UO270,RD2_F9_m6f3_P6_Y48_UO266,RD9_F6_m2f9_P2_Y48_UO178,FXX,1,0.0,0,0,0.0,0,0,0,-9999.0,0.5101529061794281,1,P3_CV0,1,1,1,0,2
9,8.539752926394888,7.413552560728917,RD9_F2_m2f9_P2_Y50_UO272,RD2_F9_m6f3_P6_Y48_UO266,RD9_F6_m2f9_P2_Y48_UO178,MXY,1,0.0,0,0,0.0,0,0,0,-9999.0,0.5101529061794281,1,P3_CV0,1,1,1,1,1
9,8.539752926394888,7.413552560728917,RD9_F2_m2f6_P2_Y50_UO273,RD2_F3_m5f1_P5_Y48_UO223,RD6_F3_m2f5_P2_Y48_UO493,FXX,1,0.0,0,0,0.0,0,0,0,-9999.0,0.5099377408623695,1,P3_CV0,1,1,1,1,1
9,8.539752926394888,7.413552560728917,RD9_F2_m2f6_P2_Y50_UO327,RD2_F5_m1f5_P1_Y48_UO116,RD6_F9_m2f9_P2_Y48_UO164,FXX,1,0.0,0,0,0.0,0,0,0,-9999.0,0.510044664144516,1,P3_CV0,1,1,1,1,1
9,8.539752926394888,7.413552560728917,RD9_F2_m2f6_P2_Y50_UO330,RD2_F5_m1f5_P1_Y48_UO116,RD6_F9_m2f9_P2_Y48_UO164,FXX,1,0.0,0,0,0.0,0,0,0,-9999.0,0.510044664144516,1,P3_CV0,1,1,1,1,1
9,8.539752926394888,7.413552560728917,RD9_F2_m2f3_P2_Y50_UO364,RD2_F9_m6f3_P6_Y48_UO266,RD3_F6_m9f6_P9_Y48_UO414,FXX,1,0.0,0,0,0.0,0,0,0,-9999.0,0.5101527124643326,1,P3_CV0,1,2,0,1,1
9,8.539752926394888,7.413552560728917,RD9_F2_m2f5_P2_Y50_UO414,RD2_F5_m3f2_P3_Y48_UO653,RD5_F2_m5f2_P5_Y48_UO387,FXX,1,0.0,0,0,0.0,0,0,0,-9999.0,0.5101178884506226,1,P3_CV0,1,1,1,1,1
9,8.539752926394888,7.413552560728917,RD9_F2_m2f9_P2_Y50_UO506,RD2_F5_m3f2_P3_Y48_UO653,RD9_F6_m9f6_P9_Y48_UO565,MXY,1,0.0,0,0,0.0,0,0,0,-9999.0,0.5099030211567879,1,P3_CV0,1,2,0,1,1
9,8.539752926394888,7.413552560728917,RD9_F2_m2f6_P2_Y50_UO562,RD2_F9_m2f9_P2_Y48_UO591,RD6_F9_m2f9_P2_Y48_UO593,MXY,1,0.0,0,0,0.0,0,0,0,-9999.0,0.50994673371315,1,P3_CV0,1,1,1,1,1
9,8.539752926394888,7.413552560728917,RD9_F2_m2f5_P2_Y50_UO570,RD2_F9_m2f9_P2_Y48_UO161,RD5_F3_m2f3_P2_Y48_UO543,MXY,1,0.0,0,0,0.0,0,0,0,-9999.0,0.5103620514273643,1,P3_CV0,1,1,1,1,1
9,8.539752926394888,7.413552560728917,RD9_F2_m2f9_P2_Y50_UO643,RD2_F5_m1f5_P1_Y48_UO116,RD9_F2_m6f9_P6_Y48_UO542,FXX,1,0.0,0,0,0.0,0,0,0,-9999.0,0.5101243332028389,1,P3_CV0,1,2,0,2,0
9,8.539752926394888,7.413552560728917,RD9_F2_m2f6_P2_Y50_UO734,RD2_F5_m1f5_P1_Y48_UO236,RD6_F9_m2f9_P2_Y48_UO593,MXY,1,0.0,0,0,0.0,0,0,0,-9999.0,0.5099715739488602,1,P3_CV0,1,1,1,1,1
9,8.539752926394888,7.413552560728917,RD9_F2_m2f6_P2_Y50_UO735,RD2_F5_m1f5_P1_Y48_UO236,RD6_F9_m2f9_P2_Y48_UO593,FXX,1,0.0,0,0,0.0,0,0,0,-9999.0,0.5099715739488602,1,P3_CV0,1,1,1,0,2
9,8.539752926394888,7.413552560728917,RD9_F6_m6f3_P6_Y50_UO10,RD6_F9_m6f3_P6_Y48_UO578,RD3_F7_m4f7_P4_Y48_UO559,FXX,1,0.0,0,0,0.0,0,0,0,-9999.0,0.5104230344295502,1,P3_CV0,1,0,2,2,0
9,8.539752926394888,7.413552560728917,RD9_F6_m6f2_P6_Y50_UO64,RD6_F9_m6f2_P6_Y48_UO338,RD2_F9_m6f9_P6_Y48_UO629,MXY,1,0.0,0,0,0.0,0,0,0,-9999.0,0.510366290807724,1,P3_CV0,1,1,1,1,1
9,8.539752926394888,7.413552560728917,RD9_F6_m6f9_P6_Y50_UO121,RD6_F9_m6f9_P6_Y48_UO706,RD9_F6_m9f2_P9_Y48_UO238,FXX,1,0.0,0,0,0.0,0,0,0,-9999.0,0.5099843814969063,1,P3_CV0,1,1,1,1,1
9,8.539752926394888,7.413552560728917,RD9_F6_m6f9_P6_Y50_UO277,RD6_F9_m6f2_P6_Y48_UO338,RD9_F2_m6f9_P6_Y48_UO714,MXY,1,0.0,0,0,0.0,0,0,0,-9999.0,0.5102649703621864,1,P3_CV0,1,1,1,0,2
9,8.539752926394888,7.413552560728917,RD9_F6_m6f9_P6_Y50_UO282,RD6_F9_m2f9_P2_Y48_UO191,RD9_F2_m9f2_P9_Y48_UO167,FXX,1,0.0,0,0,0.0,0,0,0,-9999.0,0.5099145323038101,1,P3_CV0,1,1,1,2,0
9,8.539752926394888,7.413552560728917,RD9_F6_m6f2_P6_Y50_UO296,RD6_F3_m6f3_P6_Y48_UO302,RD2_F6_m9f6_P9_Y48_UO135,MXY,1,0.0,0,0,0.0,0,0,0,-9999.0,0.5098353028297424,1,P3_CV0,1,0,2,1,1
9,8.539752926394888,7.413552560728917,RD9_F6_m6f3_P6_Y50_UO412,RD6_F2_m5f3_P5_Y48_UO692,RD3_F7_m3f5_P3_Y48_UO681,MXY,1,0.0,0,0,0.0,0,0,0,-9999.0,0.510278731584549,1,P3_CV0,1,2,0,2,0
9,8.539752926394888,7.413552560728917,RD9_F6_m6f3_P6_Y50_UO413,RD6_F2_m5f3_P5_Y48_UO692,RD3_F7_m3f5_P3_Y48_UO681,FXX,1,0.0,0,0,0.0,0,0,0,-9999.0,0.510278731584549,1,P3_CV0,1,1,1,1,1
9,8.539752926394888,7.413552560728917,RD9_F6_m6f9_P6_Y50_UO427,RD6_F9_m6f9_P6_Y48_UO49,RD9_F6_m9f6_P9_Y48_UO412,MXY,1,0.0,0,0,0.0,0,0,0,-9999.0,0.5101501643657684,1,P3_CV0,1,1,1,0,2
9,8.539752926394888,7.413552560728917,RD9_F6_m6f3_P6_Y50_UO449,RD6_F3_m7f3_P7_Y48_UO306,RD3_F2_m9f6_P9_Y48_UO321,MXY,1,0.0,0,0,0.0,0,0,0,-9999.0,0.5101301968097687,1,P3_CV0,1,1,1,0,2
9,8.539752926394888,7.413552560728917,RD9_F6_m6f9_P6_Y50_UO459,RD6_F9_m2f3_P2_Y48_UO570,RD9_F6_m2f9_P2_Y47_UO91,FXX,1,0.0,0,0,0.0,0,0,0,-9999.0,0.510432243347168,1,P3_CV0,1,1,1,2,0
9,8.539752926394888,7.413552560728917,RD9_F6_m6f2_P6_Y50_UO478,RD6_F9_m2f3_P2_Y48_UO570,RD2_F9_m6f9_P6_Y48_UO629,MXY,1,0.0,0,0,0.0,0,0,0,-9999.0,0.510292150080204,1,P3_CV0,1,2,0,0,2
9,8.539752926394888,7.413552560728917,RD9_F6_m6f2_P6_Y50_UO479,RD6_F9_m2f3_P2_Y48_UO570,RD2_F9_m6f9_P6_Y48_UO629,FXX,1,0.0,0,0,0.0,0,0,0,-9999.0,0.510292150080204,1,P3_CV0,1,2,0,1,1
9,8.539752926394888,7.413552560728917,RD9_F6_m6f2_P6_Y50_UO514,RD6_F3_m7f3_P7_Y48_UO646,RD2_F9_m6f2_P6_Y48_UO90,FXX,1,0.0,0,0,0.0,0,0,0,-9999.0,0.5102810263633728,1,P3_CV0,1,0,2,2,0
9,8.539752926394888,7.413552560728917,RD9_F6_m6f2_P6_Y50_UO564,RD6_F3_m6f3_P6_Y48_UO302,RD2_F9_m2f5_P2_Y48_UO373,MXY,1,0.0,0,0,0.0,0,0,0,-9999.0,0.509966067969799,1,P3_CV0,1,1,1,2,0
9,8.539752926394888,7.413552560728917,RD9_F6_m6f2_P6_Y50_UO565,RD6_F3_m6f3_P6_Y48_UO302,RD2_F9_m2f5_P2_Y48_UO373,MXY,1,0.0,0,0,0.0,0,0,0,-9999.0,0.509966067969799,1,P3_CV0,1,0,2,2,0
9,8.539752926394888,7.413552560728917,RD9_F6_m6f9_P6_Y50_UO611,RD6_F9_m6f9_P6_Y48_UO432,RD9_F6_m2f9_P2_Y47_UO91,MXY,1,0.0,0,0,0.0,0,0,0,-9999.0,0.5101948603987694,1,P3_CV0,1,1,1,2,0
9,8.539752926394888,7.413552560728917,RD9_F6_m6f3_P6_Y50_UO662,RD6_F2_m9f6_P9_Y48_UO562,RD3_F7_m3f2_P3_Y48_UO82,MXY,1,0.0,0,0,0.0,0,0,0,-9999.0,0.5103516280651093,1,P3_CV0,1,2,0,0,2
9,8.539752926394888,7.413552560728917,RD9_F6_m6f3_P6_Y50_UO663,RD6_F2_m9f6_P9_Y48_UO562,RD3_F7_m3f2_P3_Y48_UO82,MXY,1,0.0,0,0,0.0,0,0,0,-9999.0,0.5103516280651093,1,P3_CV0,1,2,0,2,0
9,8.539752926394888,7.413552560728917,RD9_F6_m6f2_P6_Y50_UO711,RD6_F2_m9f6_P9_Y48_UO562,RD2_F5_m3f2_P3_Y48_UO672,FXX,1,0.0,0,0,0.0,0,0,0,-9999.0,0.5099499598145485,1,P3_CV0,1,1,1,1,1
9,8.539752926394888,7.413552560728917,RD9_F6_m6f2_P6_Y50_UO712,RD6_F2_m9f6_P9_Y48_UO562,RD2_F5_m3f2_P3_Y48_UO672,FXX,1,0.0,0,0,0.0,0,0,0,-9999.0,0.5099499598145485,1,P3_CV0,1,2,0,1,1
9,8.539752926394888,7.413552560728917,RD9_F6_m6f9_P6_Y50_UO744,RD6_F9_m2f3_P2_Y48_UO497,RD9_F6_m2f9_P2_Y48_UO178,MXY,1,0.0,0,0,0.0,0,0,0,-9999.0,0.5101169347763062,1,P3_CV0,1,1,1,0,2
9,8.539752926394888,7.413552560728917,RD9_F2_m6f2_P6_Y48_UO333,RD6_F3_m7f4_P7_Y46_UO536,RD2_F3_m2f3_P2_Y46_UO731,MXY,3,0.0,1,0,0.0,0,0,0,-9999.0,0.5101577490568161,1,P3_CV0,1,0,2,2,0
9,8.539752926394888,7.413552560728917,RD9_F2_m7f4_P7_Y48_UO357,RD7_F4_m8f4_P8_Y46_UO304,RD4_F8_m4f8_P4_Y46_UO623,FXX,3,0.0,1,0,1.0,0,0,0,-9999.0,0.5099991858005524,1,P3_CV0,1,1,1,2,0
9,8.539752926394888,7.413552560728917,RD9_F2_m6f3_P6_Y48_UO110,RD6_F3_m7f4_P7_Y46_UO536,RD3_F6_m2f9_P2_Y46_UO364,MXY,3,0.0,1,0,0.0,0,0,0,-9999.0,0.5101693719625473,1,P3_CV0,1,1,1,0,2
9,8.539752926394888,7.413552560728917,RD9_F2_m2f9_P2_Y50_UO22,RD2_F5_m1f5_P1_Y48_UO236,RD9_F2_m9f6_P9_Y48_UO486,FXX,1,0.0,0,0,0.0,0,0,0,-9999.0,0.5100259557366371,1,P4_CV0,1,0,2,0,2
9,8.539752926394888,7.413552560728917,RD9_F2_m2f6_P2_Y50_UO274,RD2_F3_m5f1_P5_Y48_UO223,RD6_F3_m2f5_P2_Y48_UO493,MXY,1,0.0,0,0,0.0,0,0,0,-9999.0,0.5099377408623695,1,P4_CV0,1,1,1,1,1
9,8.539752926394888,7.413552560728917,RD9_F6_m6f3_P6_Y50_UO73,RD6_F9_m6f9_P6_Y48_UO631,RD3_F6_m9f6_P9_Y48_UO414,MXY,1,0.0,0,0,0.0,0,0,0,-9999.0,0.5101692005991936,1,P4_CV0,1,2,0,1,1
9,8.539752926394888,7.413552560728917,RD9_F6_m6f3_P6_Y50_UO74,RD6_F9_m6f9_P6_Y48_UO631,RD3_F6_m9f6_P9_Y48_UO414,FXX,1,0.0,0,0,0.0,0,0,0,-9999.0,0.5101692005991936,1,P4_CV0,1,1,1,1,1
9,8.539752926394888,7.413552560728917,RD9_F6_m6f2_P6_Y50_UO175,RD6_F3_m6f3_P6_Y48_UO302,RD2_F5_m6f2_P6_Y47_UO30,FXX,1,0.0,0,0,0.0,0,0,0,-9999.0,0.5103841945528984,1,P4_CV0,1,0,2,2,0
9,8.539752926394888,7.413552560728917,RD9_F6_m6f2_P6_Y50_UO191,RD6_F9_m6f9_P6_Y48_UO631,RD2_F9_m2f3_P2_Y48_UO499,MXY,1,0.0,0,0,0.0,0,0,0,-9999.0,0.510168083012104,1,P4_CV0,1,0,2,2,0
9,8.539752926394888,7.413552560728917,RD9_F6_m6f2_P6_Y50_UO192,RD6_F9_m6f9_P6_Y48_UO631,RD2_F9_m2f3_P2_Y48_UO499,FXX,1,0.0,0,0,0.0,0,0,0,-9999.0,0.510168083012104,1,P4_CV0,1,0,2,2,0
9,8.539752926394888,7.413552560728917,RD9_F6_m6f9_P6_Y50_UO283,RD6_F9_m2f9_P2_Y48_UO191,RD9_F2_m9f2_P9_Y48_UO167,FXX,1,0.0,0,0,0.0,0,0,0,-9999.0,0.5099145323038101,1,P4_CV0,1,0,2,0,2
9,8.539752926394888,7.413552560728917,RD9_F6_m6f2_P6_Y50_UO631,RD6_F9_m6f9_P6_Y48_UO631,RD2_F9_m2f5_P2_Y48_UO210,FXX,1,0.0,0,0,0.0,0,0,0,-9999.0,0.510132871568203,1,P4_CV0,1,1,1,1,1
9,8.539752926394888,7.413552560728917,RD9_F2_m2f5_P2_Y50_UO357,RD2_F5_m1f5_P1_Y48_UO182,RD5_F1_m1f5_P1_Y47_UO60,FXX,1,0.0,0,0,0.0,0,0,0,-9999.0,0.5100445598363876,1,P5_CV0,1,2,0,1,1
9,8.539752926394888,7.413552560728917,RD9_F6_m6f3_P6_Y50_UO12,RD6_F9_m6f3_P6_Y48_UO578,RD3_F7_m4f7_P4_Y48_UO559,FXX,1,0.0,0,0,0.0,0,0,0,-9999.0,0.5104230344295502,1,P5_CV0,1,0,2,2,0
9,8.539752926394888,7.413552560728917,RD9_F6_m6f3_P6_Y50_UO130,RD6_F3_m7f4_P7_Y48_UO396,RD3_F5_m1f5_P1_Y48_UO723,FXX,1,0.0,0,0,0.0,0,0,0,-9999.0,0.5105355083942413,1,P5_CV0,1,2,0,2,0
9,8.539752926394888,7.413552560728917,RD9_F6_m6f3_P6_Y50_UO279,RD6_F9_m6f9_P6_Y48_UO432,RD3_F6_m3f7_P3_Y48_UO356,FXX,1,0.0,0,0,0.0,0,0,0,-9999.0,0.5101883858442307,1,P5_CV0,1,2,0,1,1
9,8.539752926394888,7.413552560728917,RD9_F6_m6f3_P6_Y50_UO280,RD6_F9_m6f9_P6_Y48_UO432,RD3_F6_m3f7_P3_Y48_UO356,FXX,1,0.0,0,0,0.0,0,0,0,-9999.0,0.5101883858442307,1,P5_CV0,1,2,0,2,0
9,8.539752926394888,7.413552560728917,RD9_F6_m6f2_P6_Y50_UO441,RD6_F9_m2f3_P2_Y48_UO569,RD2_F9_m7f3_P7_Y46_UO597,MXY,1,0.0,0,0,0.0,0,0,0,-9999.0,0.5102738738059998,1,P5_CV0,1,1,1,1,1
9,8.539752926394888,7.413552560728917,RD9_F6_m6f9_P6_Y50_UO612,RD6_F9_m6f9_P6_Y48_UO432,RD9_F6_m2f9_P2_Y47_UO91,MXY,1,0.0,0,0,0.0,0,0,0,-9999.0,0.5101948603987694,1,P5_CV0,1,1,1,2,0
9,8.539752926394888,7.413552560728917,RD9_F6_m6f9_P6_Y50_UO613,RD6_F9_m6f9_P6_Y48_UO432,RD9_F6_m2f9_P2_Y47_UO91,MXY,1,0.0,0,0,0.0,0,0,0,-9999.0,0.5101948603987694,1,P5_CV0,1,1,1,2,0
9,8.539752926394888,7.413552560728917,RD9_F2_m1f5_P1_Y48_UO56,RD1_F5_m1f5_P1_Y46_UO357,RD5_F1_m5f3_P5_Y46_UO479,MXY,3,0.0,1,0,0.0,0,0,0,-9999.0,0.5101456791162491,1,P5_CV0,1,1,1,2,0
9,8.539752926394888,7.413552560728917,RD9_F6_m6f9_P6_Y48_UO713,RD6_F9_m6f3_P6_Y46_UO121,RD9_F2_m3f6_P3_Y46_UO198,MXY,3,0.0,1,0,0.0,0,0,0,-9999.0,0.5100179016590118,1,P5_CV0,1,2,0,0,2
9,8.539752926394888,7.413552560728917,RD9_F2_m2f3_P2_Y50_UO141,RD2_F6_m9f6_P9_Y48_UO317,RD3_F7_m3f2_P3_Y48_UO84,MXY,1,0.0,0,0,0.0,0,0,0,-9999.0,0.5105525851249695,1,P7_CV0,1,2,0,2,0
9,8.539752926394888,7.413552560728917,RD9_F2_m2f5_P2_Y50_UO252,RD2_F5_m1f5_P1_Y48_UO661,RD5_F1_m5f1_P5_Y48_UO525,FXX,1,0.0,0,0,0.0,0,0,0,-9999.0,0.5098860263824463,1,P7_CV0,1,0,2,1,1
9,8.539752926394888,7.413552560728917,RD9_F2_m2f9_P2_Y50_UO736,RD2_F6_m3f7_P3_Y48_UO732,RD9_F6_m2f9_P2_Y48_UO178,FXX,1,0.0,0,0,0.0,0,0,0,-9999.0,0.5102506801486015,1,P7_CV0,1,1,1,2,0
9,8.539752926394888,7.413552560728917,RD9_F6_m6f9_P6_Y50_UO276,RD6_F9_m6f2_P6_Y48_UO338,RD9_F2_m6f9_P6_Y48_UO714,MXY,1,0.0,0,0,0.0,0,0,0,-9999.0,0.5102649703621864,1,P7_CV0,1,2,0,1,1
9,8.539752926394888,7.413552560728917,RD9_F2_m2f3_P2_Y48_UO267,RD2_F5_m1f5_P1_Y46_UO203,RD3_F7_m4f8_P4_Y46_UO580,MXY,3,0.0,1,0,0.0,0,0,0,-9999.0,0.5103549659252167,1,P7_CV0,1,1,1,1,1
9,8.539752926394888,7.413552560728917,RD9_F2_m2f5_P2_Y48_UO659,RD2_F9_m2f3_P2_Y46_UO654,RD5_F1_m5f3_P5_Y46_UO209,MXY,3,0.0,1,0,0.0,0,0,0,-9999.0,0.5102114677429199,1,P7_CV0,1,1,1,2,0
9,8.539752926394888,7.413552560728917,RD9_F2_m2f5_P2_Y50_UO466,RD2_F6_m3f7_P3_Y48_UO732,RD5_F3_m6f2_P6_Y48_UO339,MXY,1,0.0,0,0,0.0,0,0,0,-9999.0,0.5104475766420364,1,P8_CV0,1,2,0,1,1
9,8.539752926394888,7.413552560728917,RD9_F2_m2f6_P2_Y50_UO522,RD2_F9_m6f2_P6_Y48_UO340,RD6_F9_m2f6_P2_Y48_UO524,FXX,1,0.0,0,0,0.0,0,0,0,-9999.0,0.510267861187458,1,P8_CV0,1,1,1,1,1
9,8.539752926394888,7.413552560728917,RD9_F6_m6f9_P6_Y50_UO25,RD6_F3_m7f3_P7_Y48_UO646,RD9_F2_m6f2_P6_Y48_UO512,MXY,1,0.0,0,0,0.0,0,0,0,-9999.0,0.5102487578988075,1,P8_CV0,1,0,2,1,1
9,8.539752926394888,7.413552560728917,RD9_F6_m6f2_P6_Y50_UO297,RD6_F3_m6f3_P6_Y48_UO302,RD2_F6_m9f6_P9_Y48_UO135,FXX,1,0.0,0,0,0.0,0,0,0,-9999.0,0.5098353028297424,1,P8_CV0,1,0,2,1,1
9,8.539752926394888,7.413552560728917,RD9_F6_m6f9_P6_Y50_UO518,RD6_F2_m6f3_P6_Y48_UO602,RD9_F2_m6f2_P6_Y48_UO512,MXY,1,0.0,0,0,0.0,0,0,0,-9999.0,0.5101192742586136,1,P8_CV0,1,0,2,2,0
