PatchID,XCOORD,YCOORD,ID,MID,FID,sex,age,size,mature,newmature,layeggs,capture,recapture,state,CDist,Hindex,Species,ClassFile,SubPatchID,L0A0,L0A1,L1A0,L1A1
1,4.359949021420038,0.38889347741837,RD1_F5_m1f5_P1_Y74_UO667,RD1_F5_m1f5_P1_Y72_UO702,RD5_F1_m5f2_P5_Y72_UO347,MXY,2,0.0,1,0,0.0,0,0,0,-9999.0,0.5101673662884423,1,P3_CV0,1,2,0,0,2
1,4.359949021420038,0.38889347741837,RD1_F5_m2f5_P2_Y74_UO671,RD2_F3_m6f9_P6_Y72_UO4,RD5_F2_m9f6_P9_Y70_UO619,MXY,2,0.0,1,0,0.0,0,0,0,-9999.0,0.5101736424385308,1,P3_CV0,1,2,0,0,2
1,4.359949021420038,0.38889347741837,RD1_F5_m1f5_P1_Y74_UO314,RD1_F5_m1f5_P1_Y72_UO590,RD5_F1_m5f3_P5_Y72_UO557,MXY,2,0.0,1,0,0.0,0,0,0,-9999.0,0.5101698054986628,1,P3_CV0,1,2,0,1,1
1,4.359949021420038,0.38889347741837,RD1_F5_m1f5_P1_Y74_UO127,RD1_F5_m3f2_P3_Y72_UO639,RD5_F1_m5f3_P5_Y72_UO725,FXX,2,0.0,1,0,1.0,0,0,0,-9999.0,0.5101669989217044,1,P3_CV0,1,2,0,1,1
1,4.359949021420038,0.38889347741837,RD1_F5_m2f6_P2_Y74_UO554,RD2_F9_m6f2_P6_Y72_UO541,RD6_F9_m6f2_P6_Y72_UO74,FXX,2,0.0,1,0,1.0,0,0,0,-9999.0,0.5101665985621366,1,P3_CV0,1,2,0,1,1
1,4.359949021420038,0.38889347741837,RD1_F5_m1f5_P1_Y74_UO484,RD1_F5_m1f5_P1_Y72_UO590,RD5_F1_m5f1_P5_Y72_UO38,FXX,2,0.0,1,0,1.0,0,0,0,-9999.0,0.5101700874511153,1,P3_CV0,1,1,1,1,1
1,4.359949021420038,0.38889347741837,RD1_F5_m1f5_P1_Y74_UO124,RD1_F5_m1f5_P1_Y72_UO707,RD5_F2_m3f7_P3_Y72_UO45,FXX,2,0.0,1,0,1.0,0,0,0,-9999.0,0.5101666545524495,1,P3_CV0,1,2,0,1,1
1,4.359949021420038,0.38889347741837,RD1_F5_m1f5_P1_Y74_UO461,RD1_F5_m3f6_P3_Y72_UO797,RD5_F1_m5f2_P5_Y72_UO603,MXY,2,0.0,1,0,0.0,0,0,0,-9999.0,0.5101652803914476,1,P3_CV0,1,2,0,1,1
1,4.359949021420038,0.38889347741837,RD1_F5_m1f5_P1_Y74_UO437,RD1_F5_m1f5_P1_Y72_UO702,RD5_F1_m5f3_P5_Y72_UO301,MXY,2,0.0,1,0,0.0,0,0,0,-9999.0,0.5101674909074063,1,P3_CV0,1,2,0,1,1
1,4.359949021420038,0.38889347741837,RD1_F5_m2f3_P2_Y74_UO183,RD2_F6_m9f2_P9_Y72_UO198,RD3_F5_m1f5_P1_Y72_UO255,FXX,2,0.0,1,0,1.0,0,0,0,-9999.0,0.5101664964331576,1,P3_CV0,1,0,2,1,1
1,4.359949021420038,0.38889347741837,RD1_F5_m1f5_P1_Y74_UO591,RD1_F5_m3f2_P3_Y72_UO622,RD5_F1_m5f2_P5_Y72_UO603,FXX,2,0.0,1,0,1.0,0,0,0,-9999.0,0.5101669721243525,1,P3_CV0,1,1,1,2,0
1,4.359949021420038,0.38889347741837,RD1_F5_m3f6_P3_Y74_UO199,RD3_F7_m4f8_P4_Y72_UO645,RD6_F9_m2f6_P2_Y72_UO17,MXY,2,0.0,1,0,0.0,0,0,0,-9999.0,0.5101661333574157,1,P3_CV0,1,2,0,1,1
1,4.359949021420038,0.38889347741837,RD1_F5_m3f5_P3_Y74_UO605,RD3_F7_m4f8_P4_Y72_UO742,RD5_F1_m5f2_P5_Y72_UO279,MXY,2,0.0,1,0,0.0,0,0,0,-9999.0,0.510169502296776,1,P3_CV0,1,1,1,2,0
1,4.359949021420038,0.38889347741837,RD1_F5_m1f5_P1_Y74_UO483,RD1_F5_m1f5_P1_Y72_UO590,RD5_F1_m5f1_P5_Y72_UO38,MXY,2,0.0,1,0,0.0,0,0,0,-9999.0,0.5101700874511153,1,P3_CV0,1,1,1,1,1
1,4.359949021420038,0.38889347741837,RD1_F5_m2f6_P2_Y74_UO81,RD2_F6_m9f6_P9_Y72_UO568,RD6_F9_m6f3_P6_Y72_UO40,MXY,2,0.0,1,0,0.0,0,0,0,-9999.0,0.5101633336762461,1,P3_CV0,1,2,0,2,0
1,4.359949021420038,0.38889347741837,RD1_F5_m1f5_P1_Y74_UO789,RD1_F5_m1f5_P1_Y72_UO703,RD5_F1_m5f3_P5_Y72_UO299,MXY,2,0.0,1,0,0.0,0,0,0,-9999.0,0.5101674909074063,1,P3_CV0,1,0,2,0,2
1,4.359949021420038,0.38889347741837,RD1_F5_m2f6_P2_Y74_UO475,RD2_F5_m3f2_P3_Y72_UO373,RD6_F9_m2f6_P2_Y72_UO325,FXX,2,0.0,1,0,1.0,0,0,0,-9999.0,0.510167206697588,1,P3_CV0,1,1,1,1,1
1,4.359949021420038,0.38889347741837,RD1_F5_m1f5_P1_Y74_UO460,RD1_F5_m3f6_P3_Y72_UO797,RD5_F1_m5f2_P5_Y72_UO603,MXY,2,0.0,1,0,0.0,0,0,0,-9999.0,0.5101652803914476,1,P3_CV0,1,2,0,1,1
1,4.359949021420038,0.38889347741837,RD1_F5_m1f5_P1_Y74_UO482,RD1_F5_m1f5_P1_Y72_UO590,RD5_F1_m5f1_P5_Y72_UO38,MXY,2,0.0,1,0,0.0,0,0,0,-9999.0,0.5101700874511153,1,P3_CV0,1,2,0,1,1
1,4.359949021420038,0.38889347741837,RD1_F5_m1f5_P1_Y74_UO114,RD1_F5_m1f5_P1_Y72_UO593,RD5_F1_m5f2_P5_Y72_UO603,FXX,2,0.0,1,0,1.0,0,0,0,-9999.0,0.5101650312026322,1,P3_CV0,1,2,0,2,0
1,4.359949021420038,0.38889347741837,RD1_F5_m3f5_P3_Y74_UO606,RD3_F7_m4f8_P4_Y72_UO742,RD5_F1_m5f2_P5_Y72_UO279,FXX,2,0.0,1,0,1.0,0,0,0,-9999.0,0.510169502296776,1,P3_CV0,1,2,0,2,0
1,4.359949021420038,0.38889347741837,RD1_F5_m1f5_P1_Y72_UO701,RD1_F5_m3f2_P3_Y70_UO377,RD5_F3_m6f3_P6_Y70_UO598,MXY,4,0.0,1,0,0.0,0,0,0,-9999.0,0.5101674176330562,1,P3_CV0,1,1,1,1,1
1,4.359949021420038,0.38889347741837,RD1_F5_m1f5_P1_Y72_UO100,RD1_F5_m3f5_P3_Y70_UO117,RD5_F1_m5f1_P5_Y70_UO199,MXY,4,0.0,1,0,0.0,0,0,0,-9999.0,0.5101674489924335,1,P3_CV0,1,2,0,1,1
1,4.359949021420038,0.38889347741837,RD1_F5_m1f5_P1_Y72_UO702,RD1_F5_m3f2_P3_Y70_UO377,RD5_F3_m6f3_P6_Y70_UO598,FXX,4,0.0,1,0,1.0,0,0,0,-9999.0,0.5101674176330562,1,P3_CV0,1,1,1,1,1
1,4.359949021420038,0.38889347741837,RD1_F5_m1f5_P1_Y74_UO761,RD1_F5_m1f5_P1_Y72_UO703,RD5_F1_m5f2_P5_Y72_UO90,MXY,2,0.0,1,0,0.0,0,0,0,-9999.0,0.5101671342872578,1,P4_CV0,1,2,0,1,1
1,4.359949021420038,0.38889347741837,RD1_F5_m2f3_P2_Y74_UO21,RD2_F9_m2f3_P2_Y72_UO364,RD3_F5_m1f5_P1_Y72_UO234,FXX,2,0.0,1,0,1.0,0,0,0,-9999.0,0.5101669719788333,1,P4_CV0,1,1,1,2,0
1,4.359949021420038,0.38889347741837,RD1_F5_m3f6_P3_Y74_UO566,RD3_F6_m2f5_P2_Y72_UO15,RD6_F3_m5f2_P5_Y72_UO89,MXY,2,0.0,1,0,0.0,0,0,0,-9999.0,0.5101683891698485,1,P4_CV0,1,1,1,2,0
1,4.359949021420038,0.38889347741837,RD1_F5_m2f3_P2_Y74_UO543,RD2_F9_m6f3_P6_Y72_UO626,RD3_F6_m9f2_P9_Y72_UO430,MXY,2,0.0,1,0,0.0,0,0,0,-9999.0,0.5101676886024507,1,P4_CV0,1,1,1,1,1
1,4.359949021420038,0.38889347741837,RD1_F5_m1f5_P1_Y72_UO539,RD1_F5_m1f5_P1_Y70_UO99,RD5_F3_m7f4_P7_Y70_UO364,MXY,4,0.0,1,0,0.0,0,0,0,-9999.0,0.5101676468075311,1,P4_CV0,1,1,1,1,1
1,4.359949021420038,0.38889347741837,RD1_F5_m1f5_P1_Y74_UO759,RD1_F5_m1f5_P1_Y72_UO703,RD5_F1_m5f2_P5_Y72_UO90,FXX,2,0.0,1,0,1.0,0,0,0,-9999.0,0.5101671342872578,1,P5_CV0,1,1,1,2,0
1,4.359949021420038,0.38889347741837,RD1_F5_m1f5_P1_Y74_UO99,RD1_F5_m1f5_P1_Y72_UO703,RD5_F1_m5f2_P5_Y72_UO601,MXY,2,0.0,1,0,0.0,0,0,0,-9999.0,0.5101643230536865,1,P5_CV0,1,2,0,2,0
1,4.359949021420038,0.38889347741837,RD1_F5_m1f5_P1_Y74_UO760,RD1_F5_m1f5_P1_Y72_UO703,RD5_F1_m5f2_P5_Y72_UO90,MXY,2,0.0,1,0,0.0,0,0,0,-9999.0,0.5101671342872578,1,P5_CV0,1,1,1,1,1
1,4.359949021420038,0.38889347741837,RD1_F5_m1f5_P1_Y74_UO754,RD1_F5_m1f5_P1_Y72_UO249,RD5_F1_m5f2_P5_Y72_UO499,MXY,2,0.0,1,0,0.0,0,0,0,-9999.0,0.5101687159512949,1,P5_CV0,1,1,1,0,2
1,4.359949021420038,0.38889347741837,RD1_F5_m1f5_P1_Y74_UO402,RD1_F5_m1f5_P1_Y72_UO93,RD5_F1_m5f2_P5_Y72_UO499,FXX,2,0.0,1,0,1.0,0,0,0,-9999.0,0.5101674932848255,1,P5_CV0,1,2,0,1,1
1,4.359949021420038,0.38889347741837,RD1_F5_m1f5_P1_Y74_UO401,RD1_F5_m1f5_P1_Y72_UO93,RD5_F1_m5f2_P5_Y72_UO499,FXX,2,0.0,1,0,1.0,0,0,0,-9999.0,0.5101674932848255,1,P5_CV0,1,1,1,1,1
1,4.359949021420038,0.38889347741837,RD1_F5_m1f5_P1_Y74_UO794,RD1_F5_m1f5_P1_Y72_UO703,RD5_F1_m5f3_P5_Y72_UO299,MXY,2,0.0,1,0,0.0,0,0,0,-9999.0,0.5101674909074063,1,P5_CV0,1,1,1,0,2
1,4.359949021420038,0.38889347741837,RD1_F5_m1f5_P1_Y74_UO793,RD1_F5_m1f5_P1_Y72_UO703,RD5_F1_m5f3_P5_Y72_UO299,MXY,2,0.0,1,0,0.0,0,0,0,-9999.0,0.5101674909074063,1,P5_CV0,1,1,1,0,2
1,4.359949021420038,0.38889347741837,RD1_F5_m1f5_P1_Y74_UO790,RD1_F5_m1f5_P1_Y72_UO703,RD5_F1_m5f3_P5_Y72_UO299,FXX,2,0.0,1,0,1.0,0,0,0,-9999.0,0.5101674909074063,1,P5_CV0,1,0,2,1,1
1,4.359949021420038,0.38889347741837,RD1_F5_m2f9_P2_Y74_UO518,RD2_F6_m2f6_P2_Y72_UO18,RD9_F6_m9f2_P9_Y72_UO516,FXX,2,0.0,1,0,1.0,0,0,0,-9999.0,0.5101674501202069,1,P7_CV0,1,1,1,1,1
1,4.359949021420038,0.38889347741837,RD1_F5_m3f6_P3_Y74_UO689,RD3_F5_m1f5_P1_Y72_UO399,RD6_F2_m9f6_P9_Y72_UO368,MXY,2,0.0,1,0,0.0,0,0,0,-9999.0,0.5101712437772221,1,P7_CV0,1,2,0,1,1
1,4.359949021420038,0.38889347741837,RD1_F5_m1f5_P1_Y74_UO126,RD1_F5_m3f2_P3_Y72_UO639,RD5_F1_m5f3_P5_Y72_UO725,MXY,2,0.0,1,0,0.0,0,0,0,-9999.0,0.5101669989217044,1,P7_CV0,1,2,0,1,1
1,4.359949021420038,0.38889347741837,RD1_F5_m1f5_P1_Y74_UO633,RD1_F5_m1f5_P1_Y72_UO93,RD5_F2_m9f6_P9_Y72_UO341,FXX,2,0.0,1,0,1.0,0,0,0,-9999.0,0.5101671616794192,1,P7_CV0,1,0,2,0,2
1,4.359949021420038,0.38889347741837,RD1_F5_m1f5_P1_Y72_UO402,RD1_F5_m2f5_P2_Y70_UO511,RD5_F2_m6f2_P6_Y70_UO136,FXX,4,0.0,1,0,1.0,0,0,0,-9999.0,0.510172371945373,1,P7_CV0,1,1,1,1,1
1,4.359949021420038,0.38889347741837,RD1_F5_m6f9_P6_Y72_UO4,RD6_F2_m3f6_P3_Y70_UO327,RD9_F2_m9f2_P9_Y70_UO321,FXX,4,0.0,1,0,1.0,0,0,0,-9999.0,0.5101721972132509,1,P7_CV0,1,2,0,0,2
1,4.359949021420038,0.38889347741837,RD1_F5_m1f5_P1_Y74_UO218,RD1_F5_m3f2_P3_Y72_UO8,RD5_F1_m5f2_P5_Y72_UO499,FXX,2,0.0,1,0,1.0,0,0,0,-9999.0,0.5101683865814266,1,P8_CV0,1,1,1,1,1
1,4.359949021420038,0.38889347741837,RD1_F5_m2f6_P2_Y74_UO367,RD2_F9_m2f5_P2_Y72_UO518,RD6_F2_m5f3_P5_Y72_UO575,FXX,2,0.0,1,0,1.0,0,0,0,-9999.0,0.5101653893598268,1,P8_CV0,1,1,1,2,0
1,4.359949021420038,0.38889347741837,RD1_F5_m2f6_P2_Y74_UO82,RD2_F6_m9f6_P9_Y72_UO568,RD6_F9_m6f3_P6_Y72_UO40,FXX,2,0.0,1,0,1.0,0,0,0,-9999.0,0.5101633336762461,1,P8_CV0,1,1,1,1,1
1,4.359949021420038,0.38889347741837,RD1_F5_m1f5_P1_Y74_UO732,RD1_F5_m1f5_P1_Y72_UO93,RD5_F3_m7f4_P7_Y72_UO505,FXX,2,0.0,1,0,1.0,0,0,0,-9999.0,0.5101662017132185,1,P8_CV0,1,1,1,0,2
1,4.359949021420038,0.38889347741837,RD1_F5_m1f5_P1_Y74_UO200,RD1_F5_m1f5_P1_Y72_UO362,RD5_F2_m6f2_P6_Y72_UO385,MXY,2,0.0,1,0,0.0,0,0,0,-9999.0,0.5101679790041089,1,P8_CV0,1,2,0,2,0
1,4.359949021420038,0.38889347741837,RD1_F5_m1f5_P1_Y74_UO516,RD1_F5_m1f5_P1_Y72_UO93,RD5_F2_m6f2_P6_Y72_UO250,MXY,2,0.0,1,0,0.0,0,0,0,-9999.0,0.5101684241544717,1,P8_CV0,1,2,0,1,1
1,4.359949021420038,0.38889347741837,RD1_F5_m3f6_P3_Y74_UO364,RD3_F6_m2f6_P2_Y72_UO751,RD6_F3_m6f9_P6_Y72_UO781,FXX,2,0.0,1,0,1.0,0,0,0,-9999.0,0.5101680965108244,1,P8_CV0,1,2,0,0,2
1,4.359949021420038,0.38889347741837,RD1_F5_m1f5_P1_Y74_UO405,RD1_F5_m1f5_P1_Y72_UO93,RD5_F1_m5f2_P5_Y72_UO499,MXY,2,0.0,1,0,0.0,0,0,0,-9999.0,0.5101674932848255,1,P8_CV0,1,1,1,1,1
1,4.359949021420038,0.38889347741837,RD1_F5_m1f5_P1_Y74_UO515,RD1_F5_m1f5_P1_Y72_UO93,RD5_F2_m6f2_P6_Y72_UO250,MXY,2,0.0,1,0,0.0,0,0,0,-9999.0,0.5101684241544717,1,P8_CV0,1,2,0,1,1
1,4.359949021420038,0.38889347741837,RD1_F5_m1f5_P1_Y74_UO201,RD1_F5_m1f5_P1_Y72_UO362,RD5_F2_m6f2_P6_Y72_UO385,MXY,2,0.0,1,0,0.0,0,0,0,-9999.0,0.5101679790041089,1,P8_CV0,1,1,1,1,1
1,4.359949021420038,0.38889347741837,RD1_F5_m3f2_P3_Y74_UO28,RD3_F6_m2f6_P2_Y72_UO751,RD2_F5_m1f5_P1_Y72_UO708,MXY,2,0.0,1,0,0.0,0,0,0,-9999.0,0.5101636934305134,1,P8_CV0,1,2,0,1,1
1,4.359949021420038,0.38889347741837,RD1_F5_m2f6_P2_Y74_UO417,RD2_F6_m9f6_P9_Y72_UO568,RD6_F3_m6f9_P6_Y72_UO191,MXY,2,0.0,1,0,0.0,0,0,0,-9999.0,0.5101668813258584,1,P8_CV0,1,2,0,2,0
1,4.359949021420038,0.38889347741837,RD1_F5_m1f5_P1_Y74_UO635,RD1_F5_m1f5_P1_Y72_UO93,RD5_F2_m9f6_P9_Y72_UO341,MXY,2,0.0,1,0,0.0,0,0,0,-9999.0,0.5101671616794192,1,P8_CV0,1,0,2,1,1
1,4.359949021420038,0.38889347741837,RD1_F5_m3f2_P3_Y74_UO30,RD3_F6_m2f6_P2_Y72_UO751,RD2_F5_m1f5_P1_Y72_UO708,FXX,2,0.0,1,0,1.0,0,0,0,-9999.0,0.5101636934305134,1,P8_CV0,1,2,0,1,1
2,5.496624778787091,6.529835889274153,RD2_F3_m2f3_P2_Y74_UO741,RD2_F6_m9f6_P9_Y72_UO369,RD3_F7_m3f2_P3_Y72_UO586,MXY,2,0.0,1,0,0.0,0,0,0,-9999.0,0.5101697083300678,1,P3_CV0,1,2,0,1,1
2,5.496624778787091,6.529835889274153,RD2_F3_m6f3_P6_Y74_UO150,RD6_F2_m6f9_P6_Y72_UO426,RD3_F7_m3f2_P3_Y72_UO621,FXX,2,0.0,1,0,1.0,0,0,0,-9999.0,0.5101698523394589,1,P3_CV0,1,1,1,1,1
2,5.496624778787091,6.529835889274153,RD2_F3_m6f2_P6_Y74_UO430,RD6_F2_m5f1_P5_Y72_UO188,RD2_F9_m6f9_P6_Y72_UO811,FXX,2,0.0,1,0,1.0,0,0,0,-9999.0,0.5101674144534627,1,P3_CV0,1,1,1,2,0
2,5.496624778787091,6.529835889274153,RD2_F3_m6f2_P6_Y74_UO431,RD6_F2_m5f1_P5_Y72_UO188,RD2_F9_m6f9_P6_Y72_UO811,MXY,2,0.0,1,0,0.0,0,0,0,-9999.0,0.5101674144534627,1,P3_CV0,1,2,0,2,0
2,5.496624778787091,6.529835889274153,RD2_F3_m6f2_P6_Y74_UO434,RD6_F9_m2f3_P2_Y72_UO139,RD2_F9_m6f9_P6_Y72_UO108,MXY,2,0.0,1,0,0.0,0,0,0,-9999.0,0.5101692710250063,1,P3_CV0,1,0,2,2,0
2,5.496624778787091,6.529835889274153,RD2_F3_m6f3_P6_Y74_UO450,RD6_F9_m2f5_P2_Y72_UO437,RD3_F7_m3f7_P3_Y72_UO240,MXY,2,0.0,1,0,0.0,0,0,0,-9999.0,0.510167759093747,1,P3_CV0,1,0,2,1,1
2,5.496624778787091,6.529835889274153,RD2_F3_m7f3_P7_Y74_UO383,RD7_F4_m8f4_P8_Y72_UO728,RD3_F7_m3f2_P3_Y72_UO586,MXY,2,0.0,1,0,0.0,0,0,0,-9999.0,0.5101704658991366,1,P3_CV0,1,1,1,2,0
2,5.496624778787091,6.529835889274153,RD2_F3_m7f3_P7_Y74_UO418,RD7_F4_m8f4_P8_Y72_UO246,RD3_F2_m6f9_P6_Y72_UO612,MXY,2,0.0,1,0,0.0,0,0,0,-9999.0,0.5101667137441837,1,P3_CV0,1,0,2,1,1
2,5.496624778787091,6.529835889274153,RD2_F5_m1f5_P1_Y74_UO113,RD1_F5_m1f5_P1_Y72_UO593,RD5_F1_m5f2_P5_Y72_UO603,MXY,2,0.0,1,0,0.0,0,0,0,-9999.0,0.5101650312026322,1,P3_CV0,1,2,0,2,0
2,5.496624778787091,6.529835889274153,RD2_F5_m1f5_P1_Y74_UO101,RD1_F5_m1f5_P1_Y72_UO703,RD5_F1_m5f2_P5_Y72_UO601,MXY,2,0.0,1,0,0.0,0,0,0,-9999.0,0.5101643230536865,1,P3_CV0,1,1,1,1,1
2,5.496624778787091,6.529835889274153,RD2_F5_m1f5_P1_Y74_UO435,RD1_F5_m1f5_P1_Y72_UO702,RD5_F1_m5f3_P5_Y72_UO301,FXX,2,0.0,1,0,1.0,0,0,0,-9999.0,0.5101674909074063,1,P3_CV0,1,1,1,2,0
2,5.496624778787091,6.529835889274153,RD2_F5_m3f2_P3_Y74_UO724,RD3_F7_m3f2_P3_Y72_UO53,RD2_F9_m6f9_P6_Y72_UO811,MXY,2,0.0,1,0,0.0,0,0,0,-9999.0,0.5101694280037918,1,P3_CV0,1,2,0,1,1
2,5.496624778787091,6.529835889274153,RD2_F5_m2f6_P2_Y74_UO666,RD2_F5_m1f5_P1_Y72_UO447,RD6_F3_m7f3_P7_Y72_UO394,MXY,2,0.0,1,0,0.0,0,0,0,-9999.0,0.5101680010739074,1,P3_CV0,1,2,0,0,2
2,5.496624778787091,6.529835889274153,RD2_F5_m1f5_P1_Y74_UO592,RD1_F5_m3f2_P3_Y72_UO622,RD5_F1_m5f2_P5_Y72_UO603,FXX,2,0.0,1,0,1.0,0,0,0,-9999.0,0.5101669721243525,1,P3_CV0,1,1,1,2,0
2,5.496624778787091,6.529835889274153,RD2_F5_m1f5_P1_Y74_UO48,RD1_F5_m3f2_P3_Y72_UO622,RD5_F1_m5f3_P5_Y72_UO557,FXX,2,0.0,1,0,1.0,0,0,0,-9999.0,0.510171746420383,1,P3_CV0,1,0,2,1,1
2,5.496624778787091,6.529835889274153,RD2_F5_m1f5_P1_Y74_UO590,RD1_F5_m3f2_P3_Y72_UO622,RD5_F1_m5f2_P5_Y72_UO603,MXY,2,0.0,1,0,0.0,0,0,0,-9999.0,0.5101669721243525,1,P3_CV0,1,1,1,2,0
2,5.496624778787091,6.529835889274153,RD2_F5_m1f5_P1_Y74_UO202,RD1_F5_m1f5_P1_Y72_UO362,RD5_F2_m6f2_P6_Y72_UO385,FXX,2,0.0,1,0,1.0,0,0,0,-9999.0,0.5101679790041089,1,P3_CV0,1,1,1,1,1
2,5.496624778787091,6.529835889274153,RD2_F5_m1f5_P1_Y74_UO485,RD1_F5_m1f5_P1_Y72_UO590,RD5_F1_m5f1_P5_Y72_UO38,FXX,2,0.0,1,0,1.0,0,0,0,-9999.0,0.5101700874511153,1,P3_CV0,1,2,0,1,1
2,5.496624778787091,6.529835889274153,RD2_F5_m1f5_P1_Y74_UO436,RD1_F5_m1f5_P1_Y72_UO702,RD5_F1_m5f3_P5_Y72_UO301,FXX,2,0.0,1,0,1.0,0,0,0,-9999.0,0.5101674909074063,1,P3_CV0,1,2,0,2,0
2,5.496624778787091,6.529835889274153,RD2_F6_m9f2_P9_Y74_UO245,RD9_F2_m3f2_P3_Y72_UO51,RD2_F9_m2f6_P2_Y72_UO658,MXY,2,0.0,1,0,0.0,0,0,0,-9999.0,0.5101683328502986,1,P3_CV0,1,1,1,1,1
2,5.496624778787091,6.529835889274153,RD2_F6_m9f6_P9_Y74_UO502,RD9_F2_m6f2_P6_Y72_UO228,RD6_F9_m6f3_P6_Y72_UO40,MXY,2,0.0,1,0,0.0,0,0,0,-9999.0,0.5101664206831629,1,P3_CV0,1,0,2,2,0
2,5.496624778787091,6.529835889274153,RD2_F6_m9f6_P9_Y74_UO190,RD9_F6_m9f2_P9_Y72_UO197,RD6_F2_m2f3_P2_Y70_UO543,MXY,2,0.0,1,0,0.0,0,0,0,-9999.0,0.5101621641151723,1,P3_CV0,1,0,2,2,0
2,5.496624778787091,6.529835889274153,RD2_F6_m2f3_P2_Y74_UO233,RD2_F3_m2f5_P2_Y72_UO745,RD3_F2_m9f6_P9_Y72_UO111,MXY,2,0.0,1,0,0.0,0,0,0,-9999.0,0.5101651775330538,1,P3_CV0,1,2,0,2,0
2,5.496624778787091,6.529835889274153,RD2_F6_m2f3_P2_Y74_UO471,RD2_F5_m2f9_P2_Y72_UO531,RD3_F7_m4f7_P4_Y72_UO262,FXX,2,0.0,1,0,1.0,0,0,0,-9999.0,0.5101647003721155,1,P3_CV0,1,1,1,2,0
2,5.496624778787091,6.529835889274153,RD2_F6_m9f6_P9_Y74_UO53,RD9_F6_m2f6_P2_Y72_UO216,RD6_F9_m6f3_P6_Y72_UO61,MXY,2,0.0,1,0,0.0,0,0,0,-9999.0,0.5101673293211206,1,P3_CV0,1,1,1,2,0
2,5.496624778787091,6.529835889274153,RD2_F6_m9f6_P9_Y74_UO253,RD9_F6_m3f2_P3_Y72_UO55,RD6_F9_m2f6_P2_Y72_UO20,FXX,2,0.0,1,0,1.0,0,0,0,-9999.0,0.5101679900708405,1,P3_CV0,1,1,1,2,0
2,5.496624778787091,6.529835889274153,RD2_F9_m2f3_P2_Y74_UO56,RD2_F6_m3f2_P3_Y72_UO638,RD3_F5_m1f5_P1_Y72_UO594,FXX,2,0.0,1,0,1.0,0,0,0,-9999.0,0.5101699654660479,1,P3_CV0,1,2,0,2,0
2,5.496624778787091,6.529835889274153,RD2_F9_m2f9_P2_Y74_UO112,RD2_F6_m9f2_P9_Y72_UO198,RD9_F6_m9f6_P9_Y72_UO659,MXY,2,0.0,1,0,0.0,0,0,0,-9999.0,0.5101650985197921,1,P3_CV0,1,1,1,1,1
2,5.496624778787091,6.529835889274153,RD2_F9_m2f3_P2_Y74_UO399,RD2_F9_m6f9_P6_Y72_UO653,RD3_F7_m4f7_P4_Y72_UO262,FXX,2,0.0,1,0,1.0,0,0,0,-9999.0,0.5101658603143733,1,P3_CV0,1,2,0,1,1
2,5.496624778787091,6.529835889274153,RD2_F9_m2f3_P2_Y74_UO400,RD2_F9_m6f9_P6_Y72_UO653,RD3_F7_m4f7_P4_Y72_UO262,FXX,2,0.0,1,0,1.0,0,0,0,-9999.0,0.5101658603143733,1,P3_CV0,1,1,1,2,0
2,5.496624778787091,6.529835889274153,RD2_F9_m2f3_P2_Y74_UO511,RD2_F6_m2f6_P2_Y72_UO371,RD3_F7_m4f7_P4_Y72_UO261,MXY,2,0.0,1,0,0.0,0,0,0,-9999.0,0.5101633918711741,1,P3_CV0,1,0,2,2,0
2,5.496624778787091,6.529835889274153,RD2_F9_m2f6_P2_Y74_UO525,RD2_F5_m1f5_P1_Y72_UO447,RD6_F9_m6f3_P6_Y72_UO40,FXX,2,0.0,1,0,1.0,0,0,0,-9999.0,0.5101680063908134,1,P3_CV0,1,2,0,1,1
2,5.496624778787091,6.529835889274153,RD2_F9_m2f6_P2_Y74_UO536,RD2_F6_m9f2_P9_Y72_UO415,RD6_F2_m2f3_P2_Y70_UO543,FXX,2,0.0,1,0,1.0,0,0,0,-9999.0,0.5101651506574854,1,P3_CV0,1,2,0,2,0
2,5.496624778787091,6.529835889274153,RD2_F9_m6f2_P6_Y74_UO18,RD6_F9_m6f3_P6_Y72_UO625,RD2_F5_m3f2_P3_Y72_UO780,MXY,2,0.0,1,0,0.0,0,0,0,-9999.0,0.5101655346443295,1,P3_CV0,1,1,1,0,2
2,5.496624778787091,6.529835889274153,RD2_F9_m6f3_P6_Y74_UO77,RD6_F2_m6f2_P6_Y72_UO251,RD3_F5_m1f5_P1_Y72_UO255,FXX,2,0.0,1,0,1.0,0,0,0,-9999.0,0.5101692899188492,1,P3_CV0,1,1,1,0,2
2,5.496624778787091,6.529835889274153,RD2_F9_m6f3_P6_Y74_UO174,RD6_F9_m2f3_P2_Y72_UO58,RD3_F6_m9f2_P9_Y72_UO414,FXX,2,0.0,1,0,1.0,0,0,0,-9999.0,0.5101683324519399,1,P3_CV0,1,0,2,2,0
2,5.496624778787091,6.529835889274153,RD2_F9_m6f9_P6_Y74_UO337,RD6_F9_m2f6_P2_Y72_UO319,RD9_F6_m2f9_P2_Y72_UO421,FXX,2,0.0,1,0,1.0,0,0,0,-9999.0,0.5101678916016681,1,P3_CV0,1,2,0,2,0
2,5.496624778787091,6.529835889274153,RD2_F9_m6f9_P6_Y74_UO338,RD6_F9_m2f6_P2_Y72_UO319,RD9_F6_m2f9_P2_Y72_UO421,MXY,2,0.0,1,0,0.0,0,0,0,-9999.0,0.5101678916016681,1,P3_CV0,1,2,0,2,0
2,5.496624778787091,6.529835889274153,RD2_F9_m6f3_P6_Y74_UO412,RD6_F9_m2f3_P2_Y72_UO288,RD3_F7_m3f6_P3_Y72_UO794,FXX,2,0.0,1,0,1.0,0,0,0,-9999.0,0.5101657242230431,1,P3_CV0,1,2,0,1,1
2,5.496624778787091,6.529835889274153,RD2_F9_m6f2_P6_Y74_UO447,RD6_F9_m2f3_P2_Y72_UO129,RD2_F5_m1f5_P1_Y70_UO313,MXY,2,0.0,1,0,0.0,0,0,0,-9999.0,0.5101686278030684,1,P3_CV0,1,2,0,0,2
2,5.496624778787091,6.529835889274153,RD2_F9_m6f9_P6_Y74_UO469,RD6_F3_m2f3_P2_Y72_UO449,RD9_F6_m2f3_P2_Y72_UO137,FXX,2,0.0,1,0,1.0,0,0,0,-9999.0,0.5101691496256535,1,P3_CV0,1,0,2,0,2
2,5.496624778787091,6.529835889274153,RD2_F9_m6f3_P6_Y74_UO529,RD6_F9_m6f9_P6_Y72_UO611,RD3_F5_m1f5_P1_Y72_UO234,MXY,2,0.0,1,0,0.0,0,0,0,-9999.0,0.5101682657204947,1,P3_CV0,1,2,0,2,0
2,5.496624778787091,6.529835889274153,RD2_F9_m6f9_P6_Y74_UO609,RD6_F9_m2f6_P2_Y72_UO50,RD9_F6_m2f9_P2_Y72_UO421,MXY,2,0.0,1,0,0.0,0,0,0,-9999.0,0.5101672680339107,1,P3_CV0,1,2,0,2,0
2,5.496624778787091,6.529835889274153,RD2_F5_m4f8_P4_Y72_UO645,RD4_F7_m3f5_P3_Y70_UO62,RD8_F4_m8f4_P8_Y70_UO176,FXX,4,0.0,1,0,1.0,0,0,0,-9999.0,0.5101654312347819,1,P3_CV0,1,2,0,0,2
2,5.496624778787091,6.529835889274153,RD2_F6_m3f7_P3_Y72_UO570,RD3_F2_m5f2_P5_Y70_UO260,RD7_F4_m8f4_P8_Y70_UO634,MXY,4,0.0,1,0,0.0,0,0,0,-9999.0,0.5101671739284939,1,P3_CV0,1,1,1,1,1
2,5.496624778787091,6.529835889274153,RD2_F9_m6f9_P6_Y72_UO653,RD6_F9_m6f9_P6_Y70_UO3,RD9_F6_m9f6_P9_Y70_UO247,FXX,4,0.0,1,0,1.0,0,0,0,-9999.0,0.5101693481192342,1,P3_CV0,1,2,0,1,1
2,5.496624778787091,6.529835889274153,RD2_F5_m3f6_P3_Y74_UO567,RD3_F6_m2f5_P2_Y72_UO15,RD6_F3_m5f2_P5_Y72_UO89,FXX,2,0.0,1,0,1.0,0,0,0,-9999.0,0.5101683891698485,1,P4_CV0,1,1,1,2,0
2,5.496624778787091,6.529835889274153,RD2_F6_m3f2_P3_Y74_UO675,RD3_F7_m4f7_P4_Y72_UO766,RD2_F9_m6f9_P6_Y72_UO654,MXY,2,0.0,1,0,0.0,0,0,0,-9999.0,0.5101683424181829,1,P4_CV0,1,2,0,1,1
2,5.496624778787091,6.529835889274153,RD2_F6_m3f6_P3_Y74_UO429,RD3_F7_m3f6_P3_Y72_UO309,RD6_F9_m6f2_P6_Y72_UO74,MXY,2,0.0,1,0,0.0,0,0,0,-9999.0,0.5101707402482134,1,P4_CV0,1,1,1,0,2
2,5.496624778787091,6.529835889274153,RD2_F6_m3f7_P3_Y74_UO203,RD3_F7_m4f7_P4_Y72_UO424,RD7_F3_m7f3_P7_Y72_UO486,FXX,2,0.0,1,0,1.0,0,0,0,-9999.0,0.5101709102218592,1,P4_CV0,1,2,0,1,1
2,5.496624778787091,6.529835889274153,RD2_F6_m3f6_P3_Y74_UO312,RD3_F6_m2f5_P2_Y72_UO15,RD6_F9_m2f6_P2_Y72_UO325,MXY,2,0.0,1,0,0.0,0,0,0,-9999.0,0.5101679040635645,1,P4_CV0,1,1,1,2,0
2,5.496624778787091,6.529835889274153,RD2_F6_m2f3_P2_Y74_UO541,RD2_F3_m2f5_P2_Y72_UO776,RD3_F2_m9f6_P9_Y72_UO673,FXX,2,0.0,1,0,1.0,0,0,0,-9999.0,0.5101681028390885,1,P4_CV0,1,1,1,1,1
2,5.496624778787091,6.529835889274153,RD2_F6_m9f2_P9_Y74_UO757,RD9_F2_m9f6_P9_Y72_UO735,RD2_F9_m6f9_P6_Y72_UO654,FXX,2,0.0,1,0,1.0,0,0,0,-9999.0,0.510169622475587,1,P4_CV0,1,2,0,0,2
2,5.496624778787091,6.529835889274153,RD2_F9_m2f3_P2_Y74_UO739,RD2_F6_m9f2_P9_Y72_UO271,RD3_F6_m9f6_P9_Y72_UO675,FXX,2,0.0,1,0,1.0,0,0,0,-9999.0,0.5101709213140566,1,P4_CV0,1,1,1,1,1
2,5.496624778787091,6.529835889274153,RD2_F9_m2f3_P2_Y72_UO364,RD2_F3_m5f1_P5_Y70_UO401,RD3_F7_m3f7_P3_Y70_UO490,FXX,4,0.0,1,0,1.0,0,0,0,-9999.0,0.5101670756121166,1,P4_CV0,1,1,1,1,1
2,5.496624778787091,6.529835889274153,RD2_F3_m6f2_P6_Y74_UO721,RD6_F3_m2f3_P2_Y72_UO449,RD2_F5_m1f5_P1_Y72_UO708,FXX,2,0.0,1,0,1.0,0,0,0,-9999.0,0.5101636370745837,1,P5_CV0,1,1,1,1,1
2,5.496624778787091,6.529835889274153,RD2_F3_m7f3_P7_Y74_UO170,RD7_F3_m5f3_P5_Y72_UO300,RD3_F2_m6f9_P6_Y72_UO759,FXX,2,0.0,1,0,1.0,0,0,0,-9999.0,0.5101713789499627,1,P5_CV0,1,2,0,0,2
2,5.496624778787091,6.529835889274153,RD2_F5_m1f5_P1_Y74_UO217,RD1_F5_m3f2_P3_Y72_UO8,RD5_F1_m5f2_P5_Y72_UO499,FXX,2,0.0,1,0,1.0,0,0,0,-9999.0,0.5101683865814266,1,P5_CV0,1,1,1,2,0
2,5.496624778787091,6.529835889274153,RD2_F5_m1f5_P1_Y74_UO220,RD1_F5_m3f2_P3_Y72_UO8,RD5_F1_m5f2_P5_Y72_UO499,FXX,2,0.0,1,0,1.0,0,0,0,-9999.0,0.5101683865814266,1,P5_CV0,1,1,1,1,1
2,5.496624778787091,6.529835889274153,RD2_F5_m1f5_P1_Y74_UO787,RD1_F5_m1f5_P1_Y72_UO703,RD5_F1_m5f3_P5_Y72_UO299,FXX,2,0.0,1,0,1.0,0,0,0,-9999.0,0.5101674909074063,1,P5_CV0,1,0,2,2,0
2,5.496624778787091,6.529835889274153,RD2_F6_m9f6_P9_Y74_UO648,RD9_F6_m2f9_P2_Y72_UO559,RD6_F2_m9f6_P9_Y72_UO647,FXX,2,0.0,1,0,1.0,0,0,0,-9999.0,0.5101661747394246,1,P5_CV0,1,1,1,2,0
2,5.496624778787091,6.529835889274153,RD2_F6_m9f6_P9_Y74_UO97,RD9_F6_m2f9_P2_Y72_UO559,RD6_F3_m6f2_P6_Y72_UO73,MXY,2,0.0,1,0,0.0,0,0,0,-9999.0,0.5101693991891807,1,P5_CV0,1,2,0,1,1
2,5.496624778787091,6.529835889274153,RD2_F6_m9f2_P9_Y74_UO187,RD9_F6_m2f6_P2_Y72_UO705,RD2_F6_m3f6_P3_Y72_UO308,MXY,2,0.0,1,0,0.0,0,0,0,-9999.0,0.5101684571072838,1,P5_CV0,1,2,0,1,1
2,5.496624778787091,6.529835889274153,RD2_F6_m9f6_P9_Y74_UO501,RD9_F2_m6f2_P6_Y72_UO228,RD6_F9_m6f3_P6_Y72_UO40,MXY,2,0.0,1,0,0.0,0,0,0,-9999.0,0.5101664206831629,1,P5_CV0,1,1,1,2,0
2,5.496624778787091,6.529835889274153,RD2_F9_m6f2_P6_Y74_UO449,RD6_F9_m2f3_P2_Y72_UO129,RD2_F5_m1f5_P1_Y70_UO313,MXY,2,0.0,1,0,0.0,0,0,0,-9999.0,0.5101686278030684,1,P5_CV0,1,2,0,1,1
2,5.496624778787091,6.529835889274153,RD2_F3_m2f6_P2_Y74_UO737,RD2_F5_m2f6_P2_Y72_UO406,RD6_F9_m6f2_P6_Y72_UO700,FXX,2,0.0,1,0,1.0,0,0,0,-9999.0,0.5101665433776361,1,P7_CV0,1,1,1,1,1
2,5.496624778787091,6.529835889274153,RD2_F5_m1f5_P1_Y74_UO636,RD1_F5_m1f5_P1_Y72_UO93,RD5_F2_m9f6_P9_Y72_UO341,FXX,2,0.0,1,0,1.0,0,0,0,-9999.0,0.5101671616794192,1,P7_CV0,1,0,2,0,2
2,5.496624778787091,6.529835889274153,RD2_F6_m9f6_P9_Y74_UO377,RD9_F2_m3f2_P3_Y72_UO51,RD6_F9_m6f3_P6_Y72_UO62,MXY,2,0.0,1,0,0.0,0,0,0,-9999.0,0.5101686542038806,1,P7_CV0,1,1,1,2,0
2,5.496624778787091,6.529835889274153,RD2_F6_m3f7_P3_Y74_UO262,RD3_F6_m9f6_P9_Y72_UO222,RD7_F3_m7f4_P7_Y72_UO434,FXX,2,0.0,1,0,1.0,0,0,0,-9999.0,0.5101671038864879,1,P7_CV0,1,2,0,1,1
2,5.496624778787091,6.529835889274153,RD2_F6_m9f6_P9_Y74_UO766,RD9_F6_m9f6_P9_Y72_UO32,RD6_F9_m2f6_P2_Y72_UO325,MXY,2,0.0,1,0,0.0,0,0,0,-9999.0,0.5101701600287925,1,P7_CV0,1,2,0,1,1
2,5.496624778787091,6.529835889274153,RD2_F6_m2f6_P2_Y74_UO736,RD2_F5_m2f6_P2_Y72_UO406,RD6_F9_m6f2_P6_Y72_UO700,MXY,2,0.0,1,0,0.0,0,0,0,-9999.0,0.5101665433776361,1,P7_CV0,1,1,1,0,2
2,5.496624778787091,6.529835889274153,RD2_F6_m9f2_P9_Y74_UO38,RD9_F6_m9f6_P9_Y72_UO32,RD2_F5_m1f5_P1_Y70_UO313,FXX,2,0.0,1,0,1.0,0,0,0,-9999.0,0.5101727896962984,1,P7_CV0,1,1,1,1,1
2,5.496624778787091,6.529835889274153,RD2_F9_m2f9_P2_Y74_UO455,RD2_F6_m9f2_P9_Y72_UO415,RD9_F6_m9f6_P9_Y72_UO566,MXY,2,0.0,1,0,0.0,0,0,0,-9999.0,0.5101659651099908,1,P7_CV0,1,1,1,1,1
2,5.496624778787091,6.529835889274153,RD2_F9_m2f6_P2_Y74_UO537,RD2_F6_m9f2_P9_Y72_UO415,RD6_F2_m2f3_P2_Y70_UO543,MXY,2,0.0,1,0,0.0,0,0,0,-9999.0,0.5101651506574854,1,P7_CV0,1,2,0,1,1
2,5.496624778787091,6.529835889274153,RD2_F9_m2f9_P2_Y74_UO560,RD2_F9_m6f2_P6_Y72_UO540,RD9_F6_m9f2_P9_Y72_UO492,MXY,2,0.0,1,0,0.0,0,0,0,-9999.0,0.510165535755732,1,P7_CV0,1,0,2,0,2
2,5.496624778787091,6.529835889274153,RD2_F9_m6f3_P6_Y74_UO595,RD6_F9_m2f5_P2_Y72_UO388,RD3_F6_m1f5_P1_Y70_UO273,FXX,2,0.0,1,0,1.0,0,0,0,-9999.0,0.5101688458580611,1,P7_CV0,1,1,1,1,1
2,5.496624778787091,6.529835889274153,RD2_F5_m1f5_P1_Y72_UO707,RD1_F5_m1f5_P1_Y70_UO153,RD5_F3_m7f4_P7_Y70_UO505,FXX,4,0.0,1,0,1.0,0,0,0,-9999.0,0.5101620029381593,1,P7_CV0,1,2,0,2,0
2,5.496624778787091,6.529835889274153,RD2_F3_m2f6_P2_Y74_UO369,RD2_F9_m2f5_P2_Y72_UO518,RD6_F2_m5f3_P5_Y72_UO575,MXY,2,0.0,1,0,0.0,0,0,0,-9999.0,0.5101653893598268,1,P8_CV0,1,1,1,2,0
2,5.496624778787091,6.529835889274153,RD2_F3_m5f2_P5_Y74_UO192,RD5_F3_m7f3_P7_Y72_UO485,RD2_F9_m2f5_P2_Y72_UO519,MXY,2,0.0,1,0,0.0,0,0,0,-9999.0,0.5101673133685836,1,P8_CV0,1,1,1,1,1
2,5.496624778787091,6.529835889274153,RD2_F3_m6f3_P6_Y74_UO151,RD6_F2_m6f9_P6_Y72_UO426,RD3_F7_m3f2_P3_Y72_UO621,FXX,2,0.0,1,0,1.0,0,0,0,-9999.0,0.5101698523394589,1,P8_CV0,1,1,1,1,1
2,5.496624778787091,6.529835889274153,RD2_F3_m6f2_P6_Y74_UO586,RD6_F2_m6f9_P6_Y72_UO426,RD2_F5_m1f5_P1_Y72_UO94,MXY,2,0.0,1,0,0.0,0,0,0,-9999.0,0.5101669405703433,1,P8_CV0,1,1,1,2,0
2,5.496624778787091,6.529835889274153,RD2_F5_m1f5_P1_Y74_UO219,RD1_F5_m3f2_P3_Y72_UO8,RD5_F1_m5f2_P5_Y72_UO499,MXY,2,0.0,1,0,0.0,0,0,0,-9999.0,0.5101683865814266,1,P8_CV0,1,1,1,2,0
2,5.496624778787091,6.529835889274153,RD2_F5_m1f5_P1_Y74_UO222,RD1_F5_m3f2_P3_Y72_UO8,RD5_F1_m5f2_P5_Y72_UO499,FXX,2,0.0,1,0,1.0,0,0,0,-9999.0,0.5101683865814266,1,P8_CV0,1,1,1,1,1
2,5.496624778787091,6.529835889274153,RD2_F6_m9f2_P9_Y74_UO286,RD9_F6_m2f6_P2_Y72_UO752,RD2_F6_m3f2_P3_Y72_UO452,FXX,2,0.0,1,0,1.0,0,0,0,-9999.0,0.5101668176484964,1,P8_CV0,1,2,0,0,2
2,5.496624778787091,6.529835889274153,RD2_F6_m9f2_P9_Y74_UO285,RD9_F6_m2f6_P2_Y72_UO752,RD2_F6_m3f2_P3_Y72_UO452,MXY,2,0.0,1,0,0.0,0,0,0,-9999.0,0.5101668176484964,1,P8_CV0,1,2,0,1,1
2,5.496624778787091,6.529835889274153,RD2_F6_m2f6_P2_Y74_UO80,RD2_F6_m9f6_P9_Y72_UO568,RD6_F9_m6f3_P6_Y72_UO40,MXY,2,0.0,1,0,0.0,0,0,0,-9999.0,0.5101633336762461,1,P8_CV0,1,1,1,1,1
2,5.496624778787091,6.529835889274153,RD2_F9_m2f6_P2_Y74_UO368,RD2_F9_m2f5_P2_Y72_UO518,RD6_F2_m5f3_P5_Y72_UO575,MXY,2,0.0,1,0,0.0,0,0,0,-9999.0,0.5101653893598268,1,P8_CV0,1,2,0,1,1
2,5.496624778787091,6.529835889274153,RD2_F9_m6f2_P6_Y74_UO41,RD6_F2_m6f2_P6_Y72_UO251,RD2_F3_m6f2_P6_Y72_UO529,MXY,2,0.0,1,0,0.0,0,0,0,-9999.0,0.5101678690243716,1,P8_CV0,1,2,0,1,1
2,5.496624778787091,6.529835889274153,RD2_F9_m6f3_P6_Y74_UO152,RD6_F2_m6f9_P6_Y72_UO426,RD3_F7_m3f2_P3_Y72_UO621,MXY,2,0.0,1,0,0.0,0,0,0,-9999.0,0.5101698523394589,1,P8_CV0,1,1,1,2,0
2,5.496624778787091,6.529835889274153,RD2_F9_m6f2_P6_Y74_UO153,RD6_F9_m6f3_P6_Y72_UO154,RD2_F5_m1f5_P1_Y72_UO103,MXY,2,0.0,1,0,0.0,0,0,0,-9999.0,0.5101670314543298,1,P8_CV0,1,2,0,2,0
2,5.496624778787091,6.529835889274153,RD2_F9_m6f2_P6_Y74_UO283,RD6_F9_m6f2_P6_Y72_UO634,RD2_F5_m1f5_P1_Y72_UO94,FXX,2,0.0,1,0,1.0,0,0,0,-9999.0,0.5101697273039463,1,P8_CV0,1,0,2,0,2
2,5.496624778787091,6.529835889274153,RD2_F9_m6f3_P6_Y74_UO456,RD6_F3_m6f9_P6_Y72_UO642,RD3_F5_m1f5_P1_Y72_UO96,MXY,2,0.0,1,0,0.0,0,0,0,-9999.0,0.5101659552183264,1,P8_CV0,1,1,1,0,2
2,5.496624778787091,6.529835889274153,RD2_F9_m6f3_P6_Y74_UO458,RD6_F3_m6f9_P6_Y72_UO642,RD3_F5_m1f5_P1_Y72_UO96,MXY,2,0.0,1,0,0.0,0,0,0,-9999.0,0.5101659552183264,1,P8_CV0,1,0,2,0,2
2,5.496624778787091,6.529835889274153,RD2_F9_m6f2_P6_Y74_UO585,RD6_F2_m6f9_P6_Y72_UO426,RD2_F5_m1f5_P1_Y72_UO94,FXX,2,0.0,1,0,1.0,0,0,0,-9999.0,0.5101669405703433,1,P8_CV0,1,1,1,1,1
3,4.20367802087489,4.955022315058112,RD3_F2_m3f7_P3_Y74_UO481,RD3_F7_m4f7_P4_Y72_UO766,RD7_F4_m7f3_P7_Y72_UO395,MXY,2,0.0,1,0,0.0,0,0,0,-9999.0,0.5101662027009297,1,P3_CV0,1,2,0,2,0
3,4.20367802087489,4.955022315058112,RD3_F2_m3f2_P3_Y74_UO531,RD3_F5_m1f5_P1_Y72_UO738,RD2_F9_m6f9_P6_Y72_UO811,FXX,2,0.0,1,0,1.0,0,0,0,-9999.0,0.5101689213097416,1,P3_CV0,1,1,1,2,0
3,4.20367802087489,4.955022315058112,RD3_F2_m5f2_P5_Y74_UO662,RD5_F1_m5f1_P5_Y72_UO630,RD2_F3_m2f3_P2_Y72_UO694,MXY,2,0.0,1,0,0.0,0,0,0,-9999.0,0.5101678181836178,1,P3_CV0,1,2,0,1,1
3,4.20367802087489,4.955022315058112,RD3_F2_m6f2_P6_Y74_UO17,RD6_F9_m6f3_P6_Y72_UO625,RD2_F5_m3f2_P3_Y72_UO780,MXY,2,0.0,1,0,0.0,0,0,0,-9999.0,0.5101655346443295,1,P3_CV0,1,2,0,1,1
3,4.20367802087489,4.955022315058112,RD3_F2_m6f3_P6_Y74_UO781,RD6_F3_m2f3_P2_Y72_UO449,RD3_F5_m1f5_P1_Y72_UO538,MXY,2,0.0,1,0,0.0,0,0,0,-9999.0,0.5101664590092696,1,P3_CV0,1,2,0,1,1
3,4.20367802087489,4.955022315058112,RD3_F2_m9f2_P9_Y74_UO74,RD9_F2_m6f2_P6_Y72_UO228,RD2_F9_m2f6_P2_Y72_UO217,MXY,2,0.0,1,0,0.0,0,0,0,-9999.0,0.510167792390348,1,P3_CV0,1,2,0,2,0
3,4.20367802087489,4.955022315058112,RD3_F2_m9f6_P9_Y74_UO240,RD9_F2_m5f1_P5_Y72_UO23,RD6_F9_m2f5_P2_Y72_UO98,FXX,2,0.0,1,0,1.0,0,0,0,-9999.0,0.510166945079618,1,P3_CV0,1,2,0,1,1
3,4.20367802087489,4.955022315058112,RD3_F2_m9f2_P9_Y74_UO720,RD9_F6_m2f6_P2_Y72_UO216,RD2_F5_m1f5_P1_Y70_UO710,FXX,2,0.0,1,0,1.0,0,0,0,-9999.0,0.5101659730153187,1,P3_CV0,1,1,1,2,0
3,4.20367802087489,4.955022315058112,RD3_F5_m1f5_P1_Y74_UO627,RD1_F5_m1f5_P1_Y72_UO253,RD5_F2_m6f2_P6_Y72_UO250,MXY,2,0.0,1,0,0.0,0,0,0,-9999.0,0.5101692899188492,1,P3_CV0,1,1,1,0,2
3,4.20367802087489,4.955022315058112,RD3_F5_m1f5_P1_Y74_UO128,RD1_F5_m3f2_P3_Y72_UO639,RD5_F1_m5f3_P5_Y72_UO725,MXY,2,0.0,1,0,0.0,0,0,0,-9999.0,0.5101669989217044,1,P3_CV0,1,2,0,1,1
3,4.20367802087489,4.955022315058112,RD3_F5_m1f5_P1_Y74_UO459,RD1_F5_m3f6_P3_Y72_UO797,RD5_F1_m5f2_P5_Y72_UO603,FXX,2,0.0,1,0,1.0,0,0,0,-9999.0,0.5101652803914476,1,P3_CV0,1,2,0,1,1
3,4.20367802087489,4.955022315058112,RD3_F6_m9f2_P9_Y74_UO308,RD9_F2_m6f2_P6_Y72_UO75,RD2_F6_m3f2_P3_Y72_UO452,MXY,2,0.0,1,0,0.0,0,0,0,-9999.0,0.5101689323200844,1,P3_CV0,1,1,1,0,2
3,4.20367802087489,4.955022315058112,RD3_F6_m2f9_P2_Y74_UO557,RD2_F9_m6f2_P6_Y72_UO541,RD9_F6_m3f2_P3_Y72_UO82,MXY,2,0.0,1,0,0.0,0,0,0,-9999.0,0.5101664843186882,1,P3_CV0,1,1,1,1,1
3,4.20367802087489,4.955022315058112,RD3_F6_m9f2_P9_Y74_UO309,RD9_F2_m6f2_P6_Y72_UO75,RD2_F6_m3f2_P3_Y72_UO452,FXX,2,0.0,1,0,1.0,0,0,0,-9999.0,0.5101689323200844,1,P3_CV0,1,1,1,0,2
3,4.20367802087489,4.955022315058112,RD3_F6_m2f9_P2_Y74_UO561,RD2_F9_m6f2_P6_Y72_UO540,RD9_F6_m9f2_P9_Y72_UO492,MXY,2,0.0,1,0,0.0,0,0,0,-9999.0,0.510165535755732,1,P3_CV0,1,2,0,0,2
3,4.20367802087489,4.955022315058112,RD3_F6_m3f6_P3_Y74_UO198,RD3_F7_m4f8_P4_Y72_UO645,RD6_F9_m2f6_P2_Y72_UO17,MXY,2,0.0,1,0,0.0,0,0,0,-9999.0,0.5101661333574157,1,P3_CV0,1,2,0,1,1
3,4.20367802087489,4.955022315058112,RD3_F6_m9f6_P9_Y74_UO610,RD9_F6_m2f6_P2_Y72_UO752,RD6_F9_m6f2_P6_Y72_UO583,FXX,2,0.0,1,0,1.0,0,0,0,-9999.0,0.5101673006029159,1,P3_CV0,1,2,0,1,1
3,4.20367802087489,4.955022315058112,RD3_F6_m3f7_P3_Y74_UO798,RD3_F7_m4f7_P4_Y72_UO436,RD7_F3_m7f3_P7_Y72_UO548,FXX,2,0.0,1,0,1.0,0,0,0,-9999.0,0.510168253478696,1,P3_CV0,1,0,2,1,1
3,4.20367802087489,4.955022315058112,RD3_F6_m9f2_P9_Y74_UO413,RD9_F6_m2f3_P2_Y72_UO235,RD2_F9_m6f9_P6_Y72_UO108,FXX,2,0.0,1,0,1.0,0,0,0,-9999.0,0.5101673932094855,1,P3_CV0,1,1,1,1,1
3,4.20367802087489,4.955022315058112,RD3_F6_m9f2_P9_Y74_UO243,RD9_F2_m3f2_P3_Y72_UO51,RD2_F9_m2f6_P2_Y72_UO658,FXX,2,0.0,1,0,1.0,0,0,0,-9999.0,0.5101683328502986,1,P3_CV0,1,0,2,1,1
3,4.20367802087489,4.955022315058112,RD3_F7_m3f7_P3_Y74_UO361,RD3_F5_m1f5_P1_Y72_UO322,RD7_F4_m7f3_P7_Y72_UO462,MXY,2,0.0,1,0,0.0,0,0,0,-9999.0,0.5101685330664623,1,P3_CV0,1,2,0,1,1
3,4.20367802087489,4.955022315058112,RD3_F7_m3f6_P3_Y74_UO441,RD3_F5_m1f5_P1_Y72_UO102,RD6_F9_m2f9_P2_Y72_UO553,FXX,2,0.0,1,0,1.0,0,0,0,-9999.0,0.5101674515135528,1,P3_CV0,1,2,0,2,0
3,4.20367802087489,4.955022315058112,RD3_F7_m4f7_P4_Y74_UO32,RD4_F8_m4f7_P4_Y72_UO88,RD7_F4_m7f4_P7_Y72_UO770,FXX,2,0.0,1,0,1.0,0,0,0,-9999.0,0.510164984380026,1,P3_CV0,1,1,1,2,0
3,4.20367802087489,4.955022315058112,RD3_F7_m4f8_P4_Y74_UO141,RD4_F8_m4f7_P4_Y72_UO286,RD8_F4_m7f4_P7_Y72_UO432,MXY,2,0.0,1,0,0.0,0,0,0,-9999.0,0.5101680500883958,1,P3_CV0,1,1,1,2,0
3,4.20367802087489,4.955022315058112,RD3_F7_m4f7_P4_Y74_UO282,RD4_F8_m4f7_P4_Y72_UO286,RD7_F3_m7f4_P7_Y72_UO434,FXX,2,0.0,1,0,1.0,0,0,0,-9999.0,0.5101680500883958,1,P3_CV0,1,1,1,1,1
3,4.20367802087489,4.955022315058112,RD3_F7_m4f7_P4_Y74_UO801,RD4_F7_m3f6_P3_Y72_UO710,RD7_F3_m6f2_P6_Y72_UO580,MXY,2,0.0,1,0,0.0,0,0,0,-9999.0,0.5101630296594521,1,P3_CV0,1,2,0,2,0
3,4.20367802087489,4.955022315058112,RD3_F6_m9f6_P9_Y72_UO33,RD9_F6_m9f6_P9_Y70_UO170,RD6_F9_m6f3_P6_Y70_UO652,MXY,4,0.0,1,0,0.0,0,0,0,-9999.0,0.5101744393286936,1,P3_CV0,1,1,1,1,1
3,4.20367802087489,4.955022315058112,RD3_F7_m1f5_P1_Y72_UO365,RD1_F5_m3f5_P3_Y70_UO92,RD5_F3_m5f1_P5_Y70_UO402,FXX,4,0.0,1,0,1.0,0,0,0,-9999.0,0.5101655521721113,1,P3_CV0,1,2,0,0,2
3,4.20367802087489,4.955022315058112,RD3_F2_m9f6_P9_Y74_UO255,RD9_F6_m2f6_P2_Y72_UO705,RD6_F9_m6f9_P6_Y72_UO536,FXX,2,0.0,1,0,1.0,0,0,0,-9999.0,0.5101659812971775,1,P4_CV0,1,0,2,2,0
3,4.20367802087489,4.955022315058112,RD3_F2_m9f6_P9_Y74_UO540,RD9_F6_m9f6_P9_Y72_UO649,RD6_F9_m6f9_P6_Y72_UO536,FXX,2,0.0,1,0,1.0,0,0,0,-9999.0,0.5101655078797194,1,P4_CV0,1,1,1,1,1
3,4.20367802087489,4.955022315058112,RD3_F2_m9f2_P9_Y74_UO678,RD9_F6_m9f6_P9_Y72_UO672,RD2_F5_m1f5_P1_Y70_UO313,FXX,2,0.0,1,0,1.0,0,0,0,-9999.0,0.5101693865108246,1,P4_CV0,1,1,1,0,2
3,4.20367802087489,4.955022315058112,RD3_F2_m9f2_P9_Y74_UO756,RD9_F2_m9f6_P9_Y72_UO735,RD2_F9_m6f9_P6_Y72_UO654,MXY,2,0.0,1,0,0.0,0,0,0,-9999.0,0.510169622475587,1,P4_CV0,1,2,0,0,2
3,4.20367802087489,4.955022315058112,RD3_F5_m1f5_P1_Y74_UO758,RD1_F5_m1f5_P1_Y72_UO703,RD5_F1_m5f2_P5_Y72_UO90,FXX,2,0.0,1,0,1.0,0,0,0,-9999.0,0.5101671342872578,1,P4_CV0,1,1,1,2,0
3,4.20367802087489,4.955022315058112,RD3_F7_m3f7_P3_Y74_UO563,RD3_F6_m9f2_P9_Y72_UO573,RD7_F3_m5f2_P5_Y72_UO167,MXY,2,0.0,1,0,0.0,0,0,0,-9999.0,0.5101678198006994,1,P4_CV0,1,2,0,0,2
3,4.20367802087489,4.955022315058112,RD3_F7_m3f6_P3_Y74_UO565,RD3_F6_m2f5_P2_Y72_UO15,RD6_F3_m5f2_P5_Y72_UO89,MXY,2,0.0,1,0,0.0,0,0,0,-9999.0,0.5101683891698485,1,P4_CV0,1,2,0,2,0
3,4.20367802087489,4.955022315058112,RD3_F7_m4f7_P4_Y74_UO281,RD4_F8_m4f7_P4_Y72_UO286,RD7_F3_m7f4_P7_Y72_UO434,FXX,2,0.0,1,0,1.0,0,0,0,-9999.0,0.5101680500883958,1,P4_CV0,1,2,0,2,0
3,4.20367802087489,4.955022315058112,RD3_F2_m3f7_P3_Y74_UO234,RD3_F5_m1f5_P1_Y72_UO704,RD7_F3_m6f9_P6_Y72_UO190,FXX,2,0.0,1,0,1.0,0,0,0,-9999.0,0.5101697961254104,1,P5_CV0,1,1,1,0,2
3,4.20367802087489,4.955022315058112,RD3_F2_m3f7_P3_Y74_UO235,RD3_F5_m1f5_P1_Y72_UO704,RD7_F3_m6f9_P6_Y72_UO190,FXX,2,0.0,1,0,1.0,0,0,0,-9999.0,0.5101697961254104,1,P5_CV0,1,2,0,0,2
3,4.20367802087489,4.955022315058112,RD3_F5_m1f5_P1_Y74_UO792,RD1_F5_m1f5_P1_Y72_UO703,RD5_F1_m5f3_P5_Y72_UO299,MXY,2,0.0,1,0,0.0,0,0,0,-9999.0,0.5101674909074063,1,P5_CV0,1,1,1,1,1
3,4.20367802087489,4.955022315058112,RD3_F5_m1f5_P1_Y74_UO221,RD1_F5_m3f2_P3_Y72_UO8,RD5_F1_m5f2_P5_Y72_UO499,FXX,2,0.0,1,0,1.0,0,0,0,-9999.0,0.5101683865814266,1,P5_CV0,1,2,0,2,0
3,4.20367802087489,4.955022315058112,RD3_F5_m1f5_P1_Y74_UO100,RD1_F5_m1f5_P1_Y72_UO703,RD5_F1_m5f2_P5_Y72_UO601,FXX,2,0.0,1,0,1.0,0,0,0,-9999.0,0.5101643230536865,1,P5_CV0,1,1,1,1,1
3,4.20367802087489,4.955022315058112,RD3_F5_m1f5_P1_Y74_UO788,RD1_F5_m1f5_P1_Y72_UO703,RD5_F1_m5f3_P5_Y72_UO299,FXX,2,0.0,1,0,1.0,0,0,0,-9999.0,0.5101674909074063,1,P5_CV0,1,0,2,0,2
3,4.20367802087489,4.955022315058112,RD3_F6_m9f6_P9_Y74_UO582,RD9_F6_m2f3_P2_Y72_UO695,RD6_F9_m2f5_P2_Y72_UO438,MXY,2,0.0,1,0,0.0,0,0,0,-9999.0,0.5101666404971184,1,P5_CV0,1,1,1,2,0
3,4.20367802087489,4.955022315058112,RD3_F6_m2f3_P2_Y74_UO630,RD2_F3_m6f3_P6_Y72_UO39,RD3_F7_m4f7_P4_Y72_UO262,MXY,2,0.0,1,0,0.0,0,0,0,-9999.0,0.5101637259140261,1,P5_CV0,1,0,2,2,0
3,4.20367802087489,4.955022315058112,RD3_F6_m9f6_P9_Y74_UO584,RD9_F6_m2f3_P2_Y72_UO695,RD6_F9_m2f5_P2_Y72_UO438,FXX,2,0.0,1,0,1.0,0,0,0,-9999.0,0.5101666404971184,1,P5_CV0,1,1,1,1,1
3,4.20367802087489,4.955022315058112,RD3_F2_m3f5_P3_Y74_UO652,RD3_F5_m1f5_P1_Y72_UO322,RD5_F2_m9f6_P9_Y72_UO110,MXY,2,0.0,1,0,0.0,0,0,0,-9999.0,0.5101699060996907,1,P7_CV0,1,2,0,0,2
3,4.20367802087489,4.955022315058112,RD3_F2_m5f3_P5_Y74_UO236,RD5_F1_m5f3_P5_Y72_UO153,RD3_F2_m9f6_P9_Y72_UO673,MXY,2,0.0,1,0,0.0,0,0,0,-9999.0,0.5101670022941107,1,P7_CV0,1,1,1,1,1
3,4.20367802087489,4.955022315058112,RD3_F2_m9f6_P9_Y74_UO473,RD9_F6_m3f7_P3_Y72_UO266,RD6_F2_m9f2_P9_Y72_UO491,MXY,2,0.0,1,0,0.0,0,0,0,-9999.0,0.5101679115832667,1,P7_CV0,1,2,0,1,1
3,4.20367802087489,4.955022315058112,RD3_F5_m2f9_P2_Y74_UO779,RD2_F6_m9f6_P9_Y72_UO369,RD9_F6_m9f2_P9_Y72_UO492,MXY,2,0.0,1,0,0.0,0,0,0,-9999.0,0.5101688016311527,1,P7_CV0,1,2,0,0,2
3,4.20367802087489,4.955022315058112,RD3_F5_m1f5_P1_Y74_UO634,RD1_F5_m1f5_P1_Y72_UO93,RD5_F2_m9f6_P9_Y72_UO341,FXX,2,0.0,1,0,1.0,0,0,0,-9999.0,0.5101671616794192,1,P7_CV0,1,2,0,1,1
3,4.20367802087489,4.955022315058112,RD3_F6_m9f6_P9_Y74_UO344,RD9_F6_m3f2_P3_Y72_UO382,RD6_F2_m9f2_P9_Y72_UO491,FXX,2,0.0,1,0,1.0,0,0,0,-9999.0,0.5101691697618662,1,P7_CV0,1,1,1,1,1
3,4.20367802087489,4.955022315058112,RD3_F6_m9f6_P9_Y74_UO474,RD9_F6_m3f7_P3_Y72_UO266,RD6_F2_m9f2_P9_Y72_UO491,FXX,2,0.0,1,0,1.0,0,0,0,-9999.0,0.5101679115832667,1,P7_CV0,1,2,0,1,1
3,4.20367802087489,4.955022315058112,RD3_F7_m3f5_P3_Y74_UO651,RD3_F5_m1f5_P1_Y72_UO322,RD5_F2_m9f6_P9_Y72_UO110,FXX,2,0.0,1,0,1.0,0,0,0,-9999.0,0.5101699060996907,1,P7_CV0,1,2,0,1,1
3,4.20367802087489,4.955022315058112,RD3_F7_m3f6_P3_Y74_UO690,RD3_F5_m1f5_P1_Y72_UO399,RD6_F2_m9f6_P9_Y72_UO368,FXX,2,0.0,1,0,1.0,0,0,0,-9999.0,0.5101712437772221,1,P7_CV0,1,1,1,0,2
3,4.20367802087489,4.955022315058112,RD3_F7_m3f5_P3_Y74_UO776,RD3_F7_m3f2_P3_Y72_UO53,RD5_F1_m7f4_P7_Y70_UO507,MXY,2,0.0,1,0,0.0,0,0,0,-9999.0,0.5101652197499789,1,P7_CV0,1,1,1,1,1
3,4.20367802087489,4.955022315058112,RD3_F7_m4f7_P4_Y74_UO6,RD4_F8_m4f7_P4_Y72_UO417,RD7_F3_m6f2_P6_Y72_UO278,FXX,2,0.0,1,0,1.0,0,0,0,-9999.0,0.5101716890058015,1,P7_CV0,1,1,1,1,1
3,4.20367802087489,4.955022315058112,RD3_F5_m2f6_P2_Y74_UO296,RD2_F5_m3f2_P3_Y72_UO373,RD6_F9_m6f9_P6_Y72_UO716,FXX,2,0.0,1,0,1.0,0,0,0,-9999.0,0.510171145599088,1,P8_CV0,1,1,1,1,1
3,4.20367802087489,4.955022315058112,RD3_F6_m9f6_P9_Y74_UO55,RD9_F6_m3f2_P3_Y72_UO383,RD6_F2_m5f3_P5_Y72_UO726,FXX,2,0.0,1,0,1.0,0,0,0,-9999.0,0.5101668763563794,1,P8_CV0,1,2,0,1,1
3,4.20367802087489,4.955022315058112,RD3_F6_m3f2_P3_Y74_UO216,RD3_F6_m9f6_P9_Y72_UO222,RD2_F5_m1f5_P1_Y70_UO710,FXX,2,0.0,1,0,1.0,0,0,0,-9999.0,0.5101656589904451,1,P8_CV0,1,1,1,2,0
3,4.20367802087489,4.955022315058112,RD3_F6_m3f7_P3_Y74_UO270,RD3_F7_m3f7_P3_Y72_UO150,RD7_F4_m7f3_P7_Y72_UO395,FXX,2,0.0,1,0,1.0,0,0,0,-9999.0,0.5101685700938106,1,P8_CV0,1,2,0,1,1
3,4.20367802087489,4.955022315058112,RD3_F7_m3f7_P3_Y74_UO273,RD3_F7_m3f7_P3_Y72_UO150,RD7_F4_m7f3_P7_Y72_UO395,FXX,2,0.0,1,0,1.0,0,0,0,-9999.0,0.5101685700938106,1,P8_CV0,1,2,0,1,1
3,4.20367802087489,4.955022315058112,RD3_F7_m3f6_P3_Y74_UO333,RD3_F6_m2f6_P2_Y72_UO751,RD6_F9_m6f9_P6_Y72_UO716,FXX,2,0.0,1,0,1.0,0,0,0,-9999.0,0.5101695712273795,1,P8_CV0,1,1,1,1,1
3,4.20367802087489,4.955022315058112,RD3_F7_m4f8_P4_Y74_UO182,RD4_F7_m4f7_P4_Y72_UO689,RD8_F4_m8f4_P8_Y72_UO122,MXY,2,0.0,1,0,0.0,0,0,0,-9999.0,0.5101699590213684,1,P8_CV0,1,1,1,1,1
3,4.20367802087489,4.955022315058112,RD3_F7_m4f8_P4_Y74_UO552,RD4_F8_m4f7_P4_Y72_UO687,RD8_F4_m8f4_P8_Y72_UO162,MXY,2,0.0,1,0,0.0,0,0,0,-9999.0,0.5101717124452989,1,P8_CV0,1,0,2,1,1
4,2.046486340378425,9.289064495259955,RD4_F8_m4f7_P4_Y74_UO800,RD4_F7_m3f6_P3_Y72_UO710,RD7_F3_m6f2_P6_Y72_UO580,FXX,2,0.0,1,0,1.0,0,0,0,-9999.0,0.5101630296594521,1,P3_CV0,1,2,0,1,1
4,2.046486340378425,9.289064495259955,RD4_F7_m3f5_P3_Y74_UO342,RD3_F2_m9f2_P9_Y72_UO331,RD5_F3_m7f3_P7_Y72_UO483,FXX,2,0.0,1,0,1.0,0,0,0,-9999.0,0.5101679432482342,1,P3_CV0,1,1,1,1,1
4,2.046486340378425,9.289064495259955,RD4_F7_m3f7_P3_Y74_UO480,RD3_F7_m4f7_P4_Y72_UO766,RD7_F4_m7f3_P7_Y72_UO395,FXX,2,0.0,1,0,1.0,0,0,0,-9999.0,0.5101662027009297,1,P3_CV0,1,2,0,1,1
4,2.046486340378425,9.289064495259955,RD4_F8_m4f7_P4_Y74_UO94,RD4_F7_m3f2_P3_Y72_UO623,RD7_F3_m6f2_P6_Y72_UO580,MXY,2,0.0,1,0,0.0,0,0,0,-9999.0,0.5101671379015897,1,P3_CV0,1,1,1,1,1
4,2.046486340378425,9.289064495259955,RD4_F7_m4f8_P4_Y74_UO670,RD4_F8_m4f7_P4_Y72_UO283,RD8_F4_m8f4_P8_Y72_UO165,FXX,2,0.0,1,0,1.0,0,0,0,-9999.0,0.5101661795288237,1,P3_CV0,1,2,0,1,1
4,2.046486340378425,9.289064495259955,RD4_F8_m4f8_P4_Y74_UO279,RD4_F8_m4f8_P4_Y72_UO2,RD8_F4_m8f4_P8_Y72_UO165,MXY,2,0.0,1,0,0.0,0,0,0,-9999.0,0.5101684311703139,1,P3_CV0,1,2,0,2,0
4,2.046486340378425,9.289064495259955,RD4_F8_m4f7_P4_Y74_UO363,RD4_F8_m4f8_P4_Y72_UO66,RD7_F3_m5f1_P5_Y72_UO104,FXX,2,0.0,1,0,1.0,0,0,0,-9999.0,0.5101707654011989,1,P3_CV0,1,0,2,1,1
4,2.046486340378425,9.289064495259955,RD4_F8_m4f8_P4_Y74_UO265,RD4_F7_m3f7_P3_Y72_UO239,RD8_F4_m7f4_P7_Y72_UO432,FXX,2,0.0,1,0,1.0,0,0,0,-9999.0,0.5101679614108434,1,P3_CV0,1,1,1,2,0
4,2.046486340378425,9.289064495259955,RD4_F7_m4f7_P4_Y74_UO165,RD4_F8_m4f8_P4_Y72_UO696,RD7_F4_m8f4_P8_Y72_UO340,FXX,2,0.0,1,0,1.0,0,0,0,-9999.0,0.5101695197718072,1,P3_CV0,1,1,1,1,1
4,2.046486340378425,9.289064495259955,RD4_F8_m4f8_P4_Y74_UO241,RD4_F7_m3f2_P3_Y72_UO83,RD8_F4_m7f4_P7_Y72_UO432,MXY,2,0.0,1,0,0.0,0,0,0,-9999.0,0.5101681989344797,1,P3_CV0,1,0,2,1,1
4,2.046486340378425,9.289064495259955,RD4_F8_m4f7_P4_Y74_UO109,RD4_F8_m4f7_P4_Y72_UO282,RD7_F3_m7f4_P7_Y72_UO467,MXY,2,0.0,1,0,0.0,0,0,0,-9999.0,0.510165444597078,1,P3_CV0,1,2,0,2,0
4,2.046486340378425,9.289064495259955,RD4_F7_m4f7_P4_Y74_UO172,RD4_F8_m4f7_P4_Y72_UO88,RD7_F4_m7f3_P7_Y72_UO462,FXX,2,0.0,1,0,1.0,0,0,0,-9999.0,0.510165279632929,1,P3_CV0,1,1,1,2,0
4,2.046486340378425,9.289064495259955,RD4_F8_m4f8_P4_Y74_UO280,RD4_F8_m4f8_P4_Y72_UO2,RD8_F4_m8f4_P8_Y72_UO165,MXY,2,0.0,1,0,0.0,0,0,0,-9999.0,0.5101684311703139,1,P3_CV0,1,2,0,2,0
4,2.046486340378425,9.289064495259955,RD4_F8_m4f8_P4_Y74_UO287,RD4_F8_m4f8_P4_Y72_UO743,RD8_F4_m7f4_P7_Y72_UO433,FXX,2,0.0,1,0,1.0,0,0,0,-9999.0,0.5101679851813969,1,P3_CV0,1,2,0,1,1
4,2.046486340378425,9.289064495259955,RD4_F7_m3f2_P3_Y74_UO532,RD3_F5_m1f5_P1_Y72_UO738,RD2_F9_m6f9_P6_Y72_UO811,FXX,2,0.0,1,0,1.0,0,0,0,-9999.0,0.5101689213097416,1,P3_CV0,1,0,2,2,0
4,2.046486340378425,9.289064495259955,RD4_F8_m4f7_P4_Y74_UO107,RD4_F8_m4f8_P4_Y72_UO65,RD7_F4_m8f4_P8_Y72_UO340,FXX,2,0.0,1,0,1.0,0,0,0,-9999.0,0.5101691959425807,1,P3_CV0,1,1,1,1,1
4,2.046486340378425,9.289064495259955,RD4_F8_m4f8_P4_Y74_UO503,RD4_F8_m4f7_P4_Y72_UO282,RD8_F4_m8f4_P8_Y72_UO164,MXY,2,0.0,1,0,0.0,0,0,0,-9999.0,0.5101661795288237,1,P3_CV0,1,2,0,2,0
4,2.046486340378425,9.289064495259955,RD4_F7_m4f7_P4_Y74_UO307,RD4_F7_m3f7_P3_Y72_UO239,RD7_F3_m7f4_P7_Y72_UO28,FXX,2,0.0,1,0,1.0,0,0,0,-9999.0,0.5101669469604531,1,P3_CV0,1,1,1,2,0
4,2.046486340378425,9.289064495259955,RD4_F8_m4f8_P4_Y74_UO551,RD4_F8_m4f7_P4_Y72_UO687,RD8_F4_m8f4_P8_Y72_UO162,MXY,2,0.0,1,0,0.0,0,0,0,-9999.0,0.5101717124452989,1,P3_CV0,1,0,2,1,1
4,2.046486340378425,9.289064495259955,RD4_F7_m3f6_P3_Y74_UO248,RD3_F2_m6f2_P6_Y72_UO509,RD6_F9_m6f3_P6_Y72_UO542,MXY,2,0.0,1,0,0.0,0,0,0,-9999.0,0.5101669940468128,1,P3_CV0,1,0,2,1,1
4,2.046486340378425,9.289064495259955,RD4_F8_m4f8_P4_Y74_UO425,RD4_F8_m4f7_P4_Y72_UO185,RD8_F4_m7f4_P7_Y72_UO600,MXY,2,0.0,1,0,0.0,0,0,0,-9999.0,0.5101645134345745,1,P3_CV0,1,1,1,1,1
4,2.046486340378425,9.289064495259955,RD4_F7_m4f7_P4_Y74_UO166,RD4_F8_m4f8_P4_Y72_UO696,RD7_F4_m8f4_P8_Y72_UO340,MXY,2,0.0,1,0,0.0,0,0,0,-9999.0,0.5101695197718072,1,P3_CV0,1,1,1,1,1
4,2.046486340378425,9.289064495259955,RD4_F8_m4f7_P4_Y74_UO372,RD4_F7_m3f2_P3_Y72_UO623,RD7_F4_m8f4_P8_Y72_UO209,MXY,2,0.0,1,0,0.0,0,0,0,-9999.0,0.5101692895441374,1,P3_CV0,1,0,2,2,0
4,2.046486340378425,9.289064495259955,RD4_F8_m4f8_P4_Y74_UO266,RD4_F7_m3f7_P3_Y72_UO239,RD8_F4_m7f4_P7_Y72_UO432,FXX,2,0.0,1,0,1.0,0,0,0,-9999.0,0.5101679614108434,1,P3_CV0,1,1,1,0,2
4,2.046486340378425,9.289064495259955,RD4_F7_m3f5_P3_Y74_UO607,RD3_F7_m4f8_P4_Y72_UO742,RD5_F1_m5f2_P5_Y72_UO279,MXY,2,0.0,1,0,0.0,0,0,0,-9999.0,0.510169502296776,1,P3_CV0,1,1,1,1,1
4,2.046486340378425,9.289064495259955,RD4_F8_m4f7_P4_Y74_UO95,RD4_F8_m4f7_P4_Y72_UO416,RD7_F3_m7f3_P7_Y72_UO548,MXY,2,0.0,1,0,0.0,0,0,0,-9999.0,0.5101695952198497,1,P3_CV0,1,1,1,2,0
4,2.046486340378425,9.289064495259955,RD4_F8_m4f7_P4_Y74_UO136,RD4_F7_m3f7_P3_Y72_UO239,RD7_F4_m7f3_P7_Y72_UO462,FXX,2,0.0,1,0,1.0,0,0,0,-9999.0,0.5101674555826321,1,P3_CV0,1,1,1,2,0
4,2.046486340378425,9.289064495259955,RD4_F8_m4f8_P4_Y74_UO164,RD4_F8_m4f7_P4_Y72_UO282,RD8_F4_m8f4_P8_Y72_UO13,MXY,2,0.0,1,0,0.0,0,0,0,-9999.0,0.5101657782906841,1,P3_CV0,1,1,1,1,1
4,2.046486340378425,9.289064495259955,RD4_F8_m4f7_P4_Y74_UO443,RD4_F8_m4f7_P4_Y72_UO282,RD7_F4_m7f4_P7_Y72_UO770,MXY,2,0.0,1,0,0.0,0,0,0,-9999.0,0.5101653054061899,1,P3_CV0,1,1,1,2,0
4,2.046486340378425,9.289064495259955,RD4_F8_m4f8_P4_Y74_UO597,RD4_F7_m3f7_P3_Y72_UO750,RD8_F4_m7f4_P7_Y72_UO433,FXX,2,0.0,1,0,1.0,0,0,0,-9999.0,0.5101663611749245,1,P3_CV0,1,1,1,2,0
4,2.046486340378425,9.289064495259955,RD4_F8_m4f7_P4_Y74_UO549,RD4_F7_m4f8_P4_Y72_UO68,RD7_F3_m7f3_P7_Y72_UO232,FXX,2,0.0,1,0,1.0,0,0,0,-9999.0,0.5101676521062473,1,P3_CV0,1,2,0,1,1
4,2.046486340378425,9.289064495259955,RD4_F8_m4f7_P4_Y74_UO137,RD4_F7_m3f7_P3_Y72_UO239,RD7_F4_m7f3_P7_Y72_UO462,FXX,2,0.0,1,0,1.0,0,0,0,-9999.0,0.5101674555826321,1,P3_CV0,1,1,1,2,0
4,2.046486340378425,9.289064495259955,RD4_F8_m4f7_P4_Y74_UO96,RD4_F8_m4f7_P4_Y72_UO416,RD7_F3_m7f3_P7_Y72_UO548,FXX,2,0.0,1,0,1.0,0,0,0,-9999.0,0.5101695952198497,1,P3_CV0,1,1,1,2,0
4,2.046486340378425,9.289064495259955,RD4_F7_m4f8_P4_Y74_UO504,RD4_F8_m4f7_P4_Y72_UO282,RD8_F4_m8f4_P8_Y72_UO164,MXY,2,0.0,1,0,0.0,0,0,0,-9999.0,0.5101661795288237,1,P3_CV0,1,1,1,1,1
4,2.046486340378425,9.289064495259955,RD4_F8_m4f8_P4_Y74_UO329,RD4_F8_m4f7_P4_Y72_UO281,RD8_F4_m8f4_P8_Y72_UO605,FXX,2,0.0,1,0,1.0,0,0,0,-9999.0,0.510165681831495,1,P3_CV0,1,0,2,1,1
4,2.046486340378425,9.289064495259955,RD4_F8_m4f8_P4_Y74_UO571,RD4_F7_m4f8_P4_Y72_UO180,RD8_F4_m7f4_P7_Y72_UO433,MXY,2,0.0,1,0,0.0,0,0,0,-9999.0,0.5101670558960905,1,P3_CV0,1,1,1,1,1
4,2.046486340378425,9.289064495259955,RD4_F7_m4f8_P4_Y74_UO589,RD4_F8_m4f7_P4_Y72_UO281,RD8_F4_m8f4_P8_Y72_UO544,MXY,2,0.0,1,0,0.0,0,0,0,-9999.0,0.5101635417904617,1,P3_CV0,1,1,1,0,2
4,2.046486340378425,9.289064495259955,RD4_F8_m4f7_P4_Y74_UO70,RD4_F8_m4f7_P4_Y72_UO185,RD7_F3_m6f3_P6_Y70_UO690,FXX,2,0.0,1,0,1.0,0,0,0,-9999.0,0.5101646523198724,1,P3_CV0,1,2,0,0,2
4,2.046486340378425,9.289064495259955,RD4_F8_m4f8_P4_Y74_UO746,RD4_F8_m4f7_P4_Y72_UO281,RD8_F4_m8f4_P8_Y72_UO200,FXX,2,0.0,1,0,1.0,0,0,0,-9999.0,0.510165328052608,1,P3_CV0,1,0,2,1,1
4,2.046486340378425,9.289064495259955,RD4_F8_m4f7_P4_Y74_UO108,RD4_F8_m4f8_P4_Y72_UO65,RD7_F4_m8f4_P8_Y72_UO340,FXX,2,0.0,1,0,1.0,0,0,0,-9999.0,0.5101691959425807,1,P3_CV0,1,1,1,0,2
4,2.046486340378425,9.289064495259955,RD4_F8_m4f8_P4_Y74_UO572,RD4_F7_m4f8_P4_Y72_UO180,RD8_F4_m7f4_P7_Y72_UO433,MXY,2,0.0,1,0,0.0,0,0,0,-9999.0,0.5101670558960905,1,P3_CV0,1,0,2,0,2
4,2.046486340378425,9.289064495259955,RD4_F7_m3f6_P3_Y74_UO428,RD3_F7_m3f6_P3_Y72_UO309,RD6_F9_m6f2_P6_Y72_UO74,FXX,2,0.0,1,0,1.0,0,0,0,-9999.0,0.5101707402482134,1,P3_CV0,1,2,0,0,2
4,2.046486340378425,9.289064495259955,RD4_F8_m4f8_P4_Y74_UO388,RD4_F8_m4f8_P4_Y72_UO66,RD8_F4_m7f4_P7_Y72_UO432,MXY,2,0.0,1,0,0.0,0,0,0,-9999.0,0.5101682214590255,1,P3_CV0,1,1,1,2,0
4,2.046486340378425,9.289064495259955,RD4_F8_m4f8_P4_Y74_UO288,RD4_F8_m4f8_P4_Y72_UO743,RD8_F4_m7f4_P7_Y72_UO433,FXX,2,0.0,1,0,1.0,0,0,0,-9999.0,0.5101679851813969,1,P3_CV0,1,2,0,2,0
4,2.046486340378425,9.289064495259955,RD4_F7_m4f8_P4_Y74_UO687,RD4_F8_m4f7_P4_Y72_UO185,RD8_F4_m8f4_P8_Y72_UO627,MXY,2,0.0,1,0,0.0,0,0,0,-9999.0,0.5101656204751635,1,P3_CV0,1,1,1,1,1
4,2.046486340378425,9.289064495259955,RD4_F8_m4f8_P4_Y72_UO180,RD4_F7_m4f7_P4_Y70_UO295,RD8_F4_m8f4_P8_Y70_UO573,FXX,4,0.0,1,0,1.0,0,0,0,-9999.0,0.5101670987023681,1,P3_CV0,1,1,1,1,1
4,2.046486340378425,9.289064495259955,RD4_F8_m4f7_P4_Y72_UO145,RD4_F7_m4f8_P4_Y70_UO177,RD7_F4_m8f4_P8_Y70_UO514,MXY,4,0.0,1,0,0.0,0,0,0,-9999.0,0.5101649502794317,1,P3_CV0,1,0,2,1,1
4,2.046486340378425,9.289064495259955,RD4_F8_m3f2_P3_Y72_UO778,RD3_F6_m3f5_P3_Y70_UO114,RD2_F3_m7f4_P7_Y70_UO417,FXX,4,0.0,1,0,1.0,0,0,0,-9999.0,0.510164578234253,1,P3_CV0,1,2,0,0,2
4,2.046486340378425,9.289064495259955,RD4_F7_m3f7_P3_Y74_UO564,RD3_F6_m9f2_P9_Y72_UO573,RD7_F3_m5f2_P5_Y72_UO167,FXX,2,0.0,1,0,1.0,0,0,0,-9999.0,0.5101678198006994,1,P4_CV0,1,1,1,1,1
4,2.046486340378425,9.289064495259955,RD4_F7_m4f7_P4_Y74_UO120,RD4_F8_m4f8_P4_Y72_UO720,RD7_F3_m5f2_P5_Y72_UO167,FXX,2,0.0,1,0,1.0,0,0,0,-9999.0,0.5101691941999889,1,P4_CV0,1,2,0,0,2
4,2.046486340378425,9.289064495259955,RD4_F8_m4f7_P4_Y74_UO71,RD4_F8_m4f7_P4_Y72_UO185,RD7_F3_m6f3_P6_Y70_UO690,FXX,2,0.0,1,0,1.0,0,0,0,-9999.0,0.5101646523198724,1,P4_CV0,1,0,2,0,2
4,2.046486340378425,9.289064495259955,RD4_F8_m4f7_P4_Y74_UO664,RD4_F8_m4f7_P4_Y72_UO283,RD7_F3_m7f4_P7_Y72_UO434,MXY,2,0.0,1,0,0.0,0,0,0,-9999.0,0.5101661064873042,1,P4_CV0,1,1,1,1,1
4,2.046486340378425,9.289064495259955,RD4_F8_m4f7_P4_Y74_UO550,RD4_F7_m4f8_P4_Y72_UO68,RD7_F3_m7f3_P7_Y72_UO232,MXY,2,0.0,1,0,0.0,0,0,0,-9999.0,0.5101676521062473,1,P4_CV0,1,2,0,2,0
4,2.046486340378425,9.289064495259955,RD4_F7_m3f2_P3_Y74_UO676,RD3_F7_m4f7_P4_Y72_UO766,RD2_F9_m6f9_P6_Y72_UO654,MXY,2,0.0,1,0,0.0,0,0,0,-9999.0,0.5101683424181829,1,P4_CV0,1,2,0,2,0
4,2.046486340378425,9.289064495259955,RD4_F7_m3f7_P3_Y74_UO263,RD3_F6_m9f6_P9_Y72_UO222,RD7_F3_m7f4_P7_Y72_UO434,MXY,2,0.0,1,0,0.0,0,0,0,-9999.0,0.5101671038864879,1,P4_CV0,1,2,0,2,0
4,2.046486340378425,9.289064495259955,RD4_F8_m4f8_P4_Y74_UO303,RD4_F8_m4f7_P4_Y72_UO417,RD8_F4_m8f4_P8_Y72_UO686,MXY,2,0.0,1,0,0.0,0,0,0,-9999.0,0.5101707075755257,1,P4_CV0,1,1,1,2,0
4,2.046486340378425,9.289064495259955,RD4_F8_m4f7_P4_Y74_UO121,RD4_F8_m4f8_P4_Y72_UO720,RD7_F3_m5f2_P5_Y72_UO167,MXY,2,0.0,1,0,0.0,0,0,0,-9999.0,0.5101691941999889,1,P4_CV0,1,2,0,1,1
4,2.046486340378425,9.289064495259955,RD4_F7_m4f8_P4_Y74_UO688,RD4_F8_m4f7_P4_Y72_UO185,RD8_F4_m8f4_P8_Y72_UO627,FXX,2,0.0,1,0,1.0,0,0,0,-9999.0,0.5101656204751635,1,P4_CV0,1,1,1,2,0
4,2.046486340378425,9.289064495259955,RD4_F8_m4f7_P4_Y74_UO535,RD4_F8_m4f7_P4_Y72_UO417,RD7_F3_m7f4_P7_Y72_UO444,MXY,2,0.0,1,0,0.0,0,0,0,-9999.0,0.5101659368829132,1,P5_CV0,1,1,1,1,1
4,2.046486340378425,9.289064495259955,RD4_F8_m4f7_P4_Y74_UO93,RD4_F7_m3f2_P3_Y72_UO623,RD7_F3_m6f2_P6_Y72_UO580,MXY,2,0.0,1,0,0.0,0,0,0,-9999.0,0.5101671379015897,1,P5_CV0,1,0,2,2,0
4,2.046486340378425,9.289064495259955,RD4_F7_m4f7_P4_Y74_UO73,RD4_F8_m4f7_P4_Y72_UO306,RD7_F3_m7f4_P7_Y72_UO444,MXY,2,0.0,1,0,0.0,0,0,0,-9999.0,0.5101655424041383,1,P5_CV0,1,2,0,0,2
4,2.046486340378425,9.289064495259955,RD4_F8_m4f7_P4_Y74_UO2,RD4_F8_m4f7_P4_Y72_UO416,RD7_F3_m6f2_P6_Y72_UO580,MXY,2,0.0,1,0,0.0,0,0,0,-9999.0,0.510165941212108,1,P5_CV0,1,1,1,2,0
4,2.046486340378425,9.289064495259955,RD4_F7_m4f7_P4_Y74_UO594,RD4_F8_m4f7_P4_Y72_UO282,RD7_F4_m8f4_P8_Y72_UO57,MXY,2,0.0,1,0,0.0,0,0,0,-9999.0,0.5101656180031569,1,P6_CV0,1,0,2,1,1
4,2.046486340378425,9.289064495259955,RD4_F8_m4f8_P4_Y74_UO147,RD4_F7_m3f7_P3_Y72_UO239,RD8_F4_m8f4_P8_Y72_UO223,MXY,2,0.0,1,0,0.0,0,0,0,-9999.0,0.5101667507788079,1,P7_CV0,1,1,1,1,1
4,2.046486340378425,9.289064495259955,RD4_F8_m4f8_P4_Y74_UO242,RD4_F7_m3f2_P3_Y72_UO83,RD8_F4_m7f4_P7_Y72_UO432,FXX,2,0.0,1,0,1.0,0,0,0,-9999.0,0.5101681989344797,1,P7_CV0,1,0,2,0,2
4,2.046486340378425,9.289064495259955,RD4_F8_m4f7_P4_Y74_UO398,RD4_F7_m3f2_P3_Y72_UO83,RD7_F4_m7f3_P7_Y72_UO677,MXY,2,0.0,1,0,0.0,0,0,0,-9999.0,0.5101691042455059,1,P7_CV0,1,1,1,0,2
4,2.046486340378425,9.289064495259955,RD4_F8_m4f8_P4_Y74_UO302,RD4_F8_m4f7_P4_Y72_UO417,RD8_F4_m8f4_P8_Y72_UO686,FXX,2,0.0,1,0,1.0,0,0,0,-9999.0,0.5101707075755257,1,P7_CV0,1,1,1,1,1
4,2.046486340378425,9.289064495259955,RD4_F8_m4f8_P4_Y74_UO347,RD4_F8_m4f7_P4_Y72_UO417,RD8_F4_m8f4_P8_Y72_UO545,MXY,2,0.0,1,0,0.0,0,0,0,-9999.0,0.5101661030457763,1,P7_CV0,1,0,2,2,0
4,2.046486340378425,9.289064495259955,RD4_F8_m4f7_P4_Y74_UO601,RD4_F8_m4f7_P4_Y72_UO416,RD7_F4_m8f4_P8_Y72_UO791,FXX,2,0.0,1,0,1.0,0,0,0,-9999.0,0.5101678197352157,1,P7_CV0,1,0,2,2,0
4,2.046486340378425,9.289064495259955,RD4_F8_m4f8_P4_Y74_UO348,RD4_F8_m4f7_P4_Y72_UO417,RD8_F4_m8f4_P8_Y72_UO545,MXY,2,0.0,1,0,0.0,0,0,0,-9999.0,0.5101661030457763,1,P7_CV0,1,1,1,2,0
4,2.046486340378425,9.289064495259955,RD4_F7_m3f5_P3_Y74_UO650,RD3_F5_m1f5_P1_Y72_UO322,RD5_F2_m9f6_P9_Y72_UO110,FXX,2,0.0,1,0,1.0,0,0,0,-9999.0,0.5101699060996907,1,P7_CV0,1,1,1,2,0
4,2.046486340378425,9.289064495259955,RD4_F8_m4f7_P4_Y74_UO493,RD4_F7_m3f2_P3_Y72_UO453,RD7_F4_m8f4_P8_Y72_UO784,FXX,2,0.0,1,0,1.0,0,0,0,-9999.0,0.5101646776347479,1,P7_CV0,1,0,2,2,0
4,2.046486340378425,9.289064495259955,RD4_F7_m3f5_P3_Y74_UO775,RD3_F7_m3f2_P3_Y72_UO53,RD5_F1_m7f4_P7_Y70_UO507,MXY,2,0.0,1,0,0.0,0,0,0,-9999.0,0.5101652197499789,1,P7_CV0,1,1,1,1,1
4,2.046486340378425,9.289064495259955,RD4_F8_m4f8_P4_Y74_UO148,RD4_F7_m3f7_P3_Y72_UO239,RD8_F4_m8f4_P8_Y72_UO223,FXX,2,0.0,1,0,1.0,0,0,0,-9999.0,0.5101667507788079,1,P7_CV0,1,1,1,0,2
4,2.046486340378425,9.289064495259955,RD4_F8_m4f8_P4_Y74_UO133,RD4_F7_m3f2_P3_Y72_UO238,RD8_F4_m8f4_P8_Y72_UO200,FXX,2,0.0,1,0,1.0,0,0,0,-9999.0,0.5101633888862125,1,P7_CV0,1,2,0,1,1
4,2.046486340378425,9.289064495259955,RD4_F8_m4f7_P4_Y74_UO492,RD4_F7_m3f2_P3_Y72_UO453,RD7_F4_m8f4_P8_Y72_UO784,FXX,2,0.0,1,0,1.0,0,0,0,-9999.0,0.5101646776347479,1,P7_CV0,1,0,2,2,0
4,2.046486340378425,9.289064495259955,RD4_F8_m4f8_P4_Y74_UO479,RD4_F8_m4f8_P4_Y72_UO0,RD8_F4_m7f3_P7_Y72_UO380,FXX,2,0.0,1,0,1.0,0,0,0,-9999.0,0.5101663305194961,1,P7_CV0,1,1,1,1,1
4,2.046486340378425,9.289064495259955,RD4_F7_m4f8_P4_Y74_UO621,RD4_F8_m4f7_P4_Y72_UO761,RD8_F4_m8f4_P8_Y72_UO200,MXY,2,0.0,1,0,0.0,0,0,0,-9999.0,0.5101682960648759,1,P7_CV0,1,2,0,1,1
4,2.046486340378425,9.289064495259955,RD4_F7_m4f8_P4_Y74_UO197,RD4_F7_m4f7_P4_Y72_UO656,RD8_F4_m7f3_P7_Y72_UO380,MXY,2,0.0,1,0,0.0,0,0,0,-9999.0,0.5101673331846541,1,P7_CV0,1,1,1,1,1
4,2.046486340378425,9.289064495259955,RD4_F7_m3f2_P3_Y74_UO215,RD3_F6_m9f6_P9_Y72_UO222,RD2_F5_m1f5_P1_Y70_UO710,MXY,2,0.0,1,0,0.0,0,0,0,-9999.0,0.5101656589904451,1,P7_CV0,1,1,1,2,0
4,2.046486340378425,9.289064495259955,RD4_F8_m4f8_P4_Y74_UO132,RD4_F7_m3f2_P3_Y72_UO238,RD8_F4_m8f4_P8_Y72_UO200,FXX,2,0.0,1,0,1.0,0,0,0,-9999.0,0.5101633888862125,1,P7_CV0,1,1,1,1,1
4,2.046486340378425,9.289064495259955,RD4_F8_m4f7_P4_Y74_UO306,RD4_F7_m3f7_P3_Y72_UO239,RD7_F3_m7f4_P7_Y72_UO28,MXY,2,0.0,1,0,0.0,0,0,0,-9999.0,0.5101669469604531,1,P8_CV0,1,0,2,2,0
4,2.046486340378425,9.289064495259955,RD4_F7_m3f2_P3_Y74_UO407,RD3_F7_m4f7_P4_Y72_UO436,RD2_F3_m6f2_P6_Y72_UO529,MXY,2,0.0,1,0,0.0,0,0,0,-9999.0,0.5101667104445369,1,P8_CV0,1,1,1,1,1
4,2.046486340378425,9.289064495259955,RD4_F7_m3f7_P3_Y74_UO204,RD3_F7_m4f7_P4_Y72_UO424,RD7_F3_m7f3_P7_Y72_UO486,MXY,2,0.0,1,0,0.0,0,0,0,-9999.0,0.5101709102218592,1,P8_CV0,1,2,0,1,1
4,2.046486340378425,9.289064495259955,RD4_F7_m3f6_P3_Y74_UO366,RD3_F6_m2f6_P2_Y72_UO751,RD6_F3_m6f9_P6_Y72_UO781,MXY,2,0.0,1,0,0.0,0,0,0,-9999.0,0.5101680965108244,1,P8_CV0,1,2,0,0,2
4,2.046486340378425,9.289064495259955,RD4_F8_m4f8_P4_Y74_UO146,RD4_F7_m3f7_P3_Y72_UO750,RD8_F4_m8f4_P8_Y72_UO546,FXX,2,0.0,1,0,1.0,0,0,0,-9999.0,0.5101637964780821,1,P8_CV0,1,2,0,2,0
4,2.046486340378425,9.289064495259955,RD4_F7_m3f6_P3_Y74_UO365,RD3_F6_m2f6_P2_Y72_UO751,RD6_F3_m6f9_P6_Y72_UO781,MXY,2,0.0,1,0,0.0,0,0,0,-9999.0,0.5101680965108244,1,P8_CV0,1,2,0,0,2
4,2.046486340378425,9.289064495259955,RD4_F8_m4f7_P4_Y74_UO362,RD4_F8_m4f8_P4_Y72_UO66,RD7_F3_m5f1_P5_Y72_UO104,MXY,2,0.0,1,0,0.0,0,0,0,-9999.0,0.5101707654011989,1,P8_CV0,1,0,2,1,1
4,2.046486340378425,9.289064495259955,RD4_F7_m4f7_P4_Y74_UO64,RD4_F8_m4f7_P4_Y72_UO169,RD7_F4_m8f4_P8_Y72_UO158,MXY,2,0.0,1,0,0.0,0,0,0,-9999.0,0.510169846311328,1,P8_CV0,1,2,0,2,0
4,2.046486340378425,9.289064495259955,RD4_F8_m4f7_P4_Y74_UO110,RD4_F8_m4f7_P4_Y72_UO282,RD7_F3_m7f4_P7_Y72_UO467,MXY,2,0.0,1,0,0.0,0,0,0,-9999.0,0.510165444597078,1,P8_CV0,1,1,1,1,1
4,2.046486340378425,9.289064495259955,RD4_F7_m3f7_P3_Y74_UO272,RD3_F7_m3f7_P3_Y72_UO150,RD7_F4_m7f3_P7_Y72_UO395,FXX,2,0.0,1,0,1.0,0,0,0,-9999.0,0.5101685700938106,1,P8_CV0,1,1,1,2,0
4,2.046486340378425,9.289064495259955,RD4_F8_m4f8_P4_Y74_UO181,RD4_F7_m4f7_P4_Y72_UO689,RD8_F4_m8f4_P8_Y72_UO122,FXX,2,0.0,1,0,1.0,0,0,0,-9999.0,0.5101699590213684,1,P8_CV0,1,1,1,2,0
4,2.046486340378425,9.289064495259955,RD4_F8_m3f2_P3_Y72_UO453,RD3_F7_m3f6_P3_Y70_UO644,RD2_F6_m9f2_P9_Y70_UO421,FXX,4,0.0,1,0,1.0,0,0,0,-9999.0,0.5101682513741252,1,P8_CV0,1,1,1,2,0
5,2.9965467367452314,4.002409126542999,RD5_F3_m6f3_P6_Y74_UO596,RD6_F9_m2f5_P2_Y72_UO388,RD3_F6_m1f5_P1_Y70_UO273,MXY,2,0.0,1,0,0.0,0,0,0,-9999.0,0.5101688458580611,1,P3_CV0,1,2,0,2,0
5,2.9965467367452314,4.002409126542999,RD5_F1_m5f3_P5_Y74_UO644,RD5_F1_m5f1_P5_Y72_UO186,RD3_F2_m5f3_P5_Y72_UO563,MXY,2,0.0,1,0,0.0,0,0,0,-9999.0,0.5101699823280796,1,P3_CV0,1,2,0,0,2
5,2.9965467367452314,4.002409126542999,RD5_F1_m5f1_P5_Y74_UO796,RD5_F1_m5f2_P5_Y72_UO602,RD1_F5_m1f5_P1_Y70_UO61,FXX,2,0.0,1,0,1.0,0,0,0,-9999.0,0.5101639681979577,1,P3_CV0,1,2,0,1,1
5,2.9965467367452314,4.002409126542999,RD5_F1_m5f2_P5_Y74_UO661,RD5_F1_m5f1_P5_Y72_UO630,RD2_F3_m2f3_P2_Y72_UO694,FXX,2,0.0,1,0,1.0,0,0,0,-9999.0,0.5101678181836178,1,P3_CV0,1,2,0,1,1
5,2.9965467367452314,4.002409126542999,RD5_F3_m2f5_P2_Y74_UO123,RD2_F6_m9f2_P9_Y72_UO415,RD5_F2_m9f2_P9_Y72_UO270,MXY,2,0.0,1,0,0.0,0,0,0,-9999.0,0.5101722759281984,1,P3_CV0,1,2,0,2,0
5,2.9965467367452314,4.002409126542999,RD5_F1_m5f2_P5_Y74_UO353,RD5_F3_m6f3_P6_Y72_UO755,RD2_F5_m1f5_P1_Y70_UO313,FXX,2,0.0,1,0,1.0,0,0,0,-9999.0,0.5101713339063281,1,P3_CV0,1,2,0,0,2
5,2.9965467367452314,4.002409126542999,RD5_F1_m5f3_P5_Y74_UO645,RD5_F1_m5f1_P5_Y72_UO186,RD3_F2_m5f3_P5_Y72_UO563,FXX,2,0.0,1,0,1.0,0,0,0,-9999.0,0.5101699823280796,1,P3_CV0,1,2,0,1,1
5,2.9965467367452314,4.002409126542999,RD5_F1_m5f2_P5_Y74_UO138,RD5_F2_m9f6_P9_Y72_UO648,RD2_F3_m2f3_P2_Y72_UO694,FXX,2,0.0,1,0,1.0,0,0,0,-9999.0,0.5101649184525741,1,P3_CV0,1,1,1,1,1
5,2.9965467367452314,4.002409126542999,RD5_F3_m6f2_P6_Y74_UO276,RD6_F9_m6f2_P6_Y72_UO633,RD2_F6_m9f2_P9_Y72_UO213,FXX,2,0.0,1,0,1.0,0,0,0,-9999.0,0.5101693101551064,1,P3_CV0,1,2,0,1,1
5,2.9965467367452314,4.002409126542999,RD5_F2_m6f2_P6_Y74_UO275,RD6_F9_m6f2_P6_Y72_UO633,RD2_F6_m9f2_P9_Y72_UO213,MXY,2,0.0,1,0,0.0,0,0,0,-9999.0,0.5101693101551064,1,P3_CV0,1,1,1,1,1
5,2.9965467367452314,4.002409126542999,RD5_F1_m5f3_P5_Y74_UO317,RD5_F1_m5f3_P5_Y72_UO153,RD3_F7_m4f7_P4_Y72_UO261,FXX,2,0.0,1,0,1.0,0,0,0,-9999.0,0.510164372069994,1,P3_CV0,1,1,1,2,0
5,2.9965467367452314,4.002409126542999,RD5_F1_m5f2_P5_Y74_UO139,RD5_F2_m9f6_P9_Y72_UO648,RD2_F3_m2f3_P2_Y72_UO694,MXY,2,0.0,1,0,0.0,0,0,0,-9999.0,0.5101649184525741,1,P3_CV0,1,2,0,1,1
5,2.9965467367452314,4.002409126542999,RD5_F1_m5f3_P5_Y74_UO514,RD5_F1_m5f3_P5_Y72_UO302,RD3_F7_m4f8_P4_Y72_UO552,MXY,2,0.0,1,0,0.0,0,0,0,-9999.0,0.5101661682347185,1,P3_CV0,1,2,0,1,1
5,2.9965467367452314,4.002409126542999,RD5_F2_m6f3_P6_Y74_UO78,RD6_F2_m6f2_P6_Y72_UO251,RD3_F5_m1f5_P1_Y72_UO255,FXX,2,0.0,1,0,1.0,0,0,0,-9999.0,0.5101692899188492,1,P3_CV0,1,2,0,0,2
5,2.9965467367452314,4.002409126542999,RD5_F1_m5f3_P5_Y74_UO628,RD5_F1_m5f3_P5_Y72_UO682,RD3_F7_m3f2_P3_Y72_UO451,MXY,2,0.0,1,0,0.0,0,0,0,-9999.0,0.5101655775342806,1,P3_CV0,1,1,1,2,0
5,2.9965467367452314,4.002409126542999,RD5_F2_m9f6_P9_Y74_UO130,RD9_F6_m2f6_P2_Y72_UO216,RD6_F3_m6f9_P6_Y72_UO425,MXY,2,0.0,1,0,0.0,0,0,0,-9999.0,0.51016740581872,1,P3_CV0,1,2,0,0,2
5,2.9965467367452314,4.002409126542999,RD5_F1_m5f3_P5_Y74_UO556,RD5_F1_m5f3_P5_Y72_UO636,RD3_F6_m9f6_P9_Y72_UO567,MXY,2,0.0,1,0,0.0,0,0,0,-9999.0,0.5101619404504163,1,P3_CV0,1,2,0,0,2
5,2.9965467367452314,4.002409126542999,RD5_F1_m5f2_P5_Y74_UO773,RD5_F1_m5f1_P5_Y72_UO36,RD2_F6_m9f6_P9_Y72_UO615,FXX,2,0.0,1,0,1.0,0,0,0,-9999.0,0.5101709952559759,1,P3_CV0,1,0,2,2,0
5,2.9965467367452314,4.002409126542999,RD5_F1_m5f3_P5_Y74_UO292,RD5_F1_m5f1_P5_Y72_UO106,RD3_F5_m1f5_P1_Y72_UO538,MXY,2,0.0,1,0,0.0,0,0,0,-9999.0,0.5101698738908453,1,P3_CV0,1,1,1,1,1
5,2.9965467367452314,4.002409126542999,RD5_F1_m5f1_P5_Y74_UO355,RD5_F3_m2f9_P2_Y72_UO530,RD1_F5_m1f5_P1_Y72_UO360,FXX,2,0.0,1,0,1.0,0,0,0,-9999.0,0.5101661518601759,1,P3_CV0,1,1,1,1,1
5,2.9965467367452314,4.002409126542999,RD5_F1_m5f1_P5_Y74_UO373,RD5_F1_m5f3_P5_Y72_UO153,RD1_F5_m1f5_P1_Y72_UO539,MXY,2,0.0,1,0,0.0,0,0,0,-9999.0,0.5101670092190034,1,P3_CV0,1,2,0,1,1
5,2.9965467367452314,4.002409126542999,RD5_F1_m5f2_P5_Y74_UO663,RD5_F1_m5f1_P5_Y72_UO630,RD2_F3_m2f3_P2_Y72_UO694,FXX,2,0.0,1,0,1.0,0,0,0,-9999.0,0.5101678181836178,1,P3_CV0,1,1,1,1,1
5,2.9965467367452314,4.002409126542999,RD5_F1_m5f3_P5_Y74_UO294,RD5_F1_m5f1_P5_Y72_UO106,RD3_F5_m1f5_P1_Y72_UO538,MXY,2,0.0,1,0,0.0,0,0,0,-9999.0,0.5101698738908453,1,P3_CV0,1,2,0,2,0
5,2.9965467367452314,4.002409126542999,RD5_F1_m5f2_P5_Y74_UO19,RD5_F3_m7f4_P7_Y72_UO408,RD2_F3_m2f3_P2_Y72_UO694,FXX,2,0.0,1,0,1.0,0,0,0,-9999.0,0.5101661869484815,1,P3_CV0,1,1,1,1,1
5,2.9965467367452314,4.002409126542999,RD5_F1_m5f3_P5_Y74_UO569,RD5_F1_m5f3_P5_Y72_UO256,RD3_F5_m1f5_P1_Y72_UO79,FXX,2,0.0,1,0,1.0,0,0,0,-9999.0,0.5101721929422638,1,P3_CV0,1,1,1,1,1
5,2.9965467367452314,4.002409126542999,RD5_F3_m7f4_P7_Y74_UO259,RD7_F3_m7f4_P7_Y72_UO466,RD4_F8_m4f7_P4_Y72_UO211,FXX,2,0.0,1,0,1.0,0,0,0,-9999.0,0.510166413791012,1,P3_CV0,1,2,0,2,0
5,2.9965467367452314,4.002409126542999,RD5_F1_m5f3_P5_Y74_UO298,RD5_F1_m5f3_P5_Y72_UO302,RD3_F7_m4f7_P4_Y72_UO262,FXX,2,0.0,1,0,1.0,0,0,0,-9999.0,0.5101639039148722,1,P3_CV0,1,2,0,2,0
5,2.9965467367452314,4.002409126542999,RD5_F1_m5f3_P5_Y74_UO278,RD5_F1_m5f2_P5_Y72_UO91,RD3_F7_m4f8_P4_Y72_UO562,FXX,2,0.0,1,0,1.0,0,0,0,-9999.0,0.5101668760453322,1,P3_CV0,1,0,2,2,0
5,2.9965467367452314,4.002409126542999,RD5_F1_m5f3_P5_Y74_UO512,RD5_F1_m5f3_P5_Y72_UO302,RD3_F7_m4f8_P4_Y72_UO552,FXX,2,0.0,1,0,1.0,0,0,0,-9999.0,0.5101661682347185,1,P3_CV0,1,2,0,1,1
5,2.9965467367452314,4.002409126542999,RD5_F3_m7f4_P7_Y74_UO209,RD7_F3_m5f3_P5_Y72_UO300,RD4_F7_m4f7_P4_Y72_UO86,MXY,2,0.0,1,0,0.0,0,0,0,-9999.0,0.5101660610071121,1,P3_CV0,1,1,1,2,0
5,2.9965467367452314,4.002409126542999,RD5_F1_m5f2_P5_Y74_UO646,RD5_F1_m5f2_P5_Y72_UO166,RD2_F9_m6f9_P6_Y72_UO811,MXY,2,0.0,1,0,0.0,0,0,0,-9999.0,0.5101680878633488,1,P3_CV0,1,1,1,2,0
5,2.9965467367452314,4.002409126542999,RD5_F1_m5f2_P5_Y74_UO352,RD5_F3_m6f3_P6_Y72_UO755,RD2_F5_m1f5_P1_Y70_UO313,FXX,2,0.0,1,0,1.0,0,0,0,-9999.0,0.5101713339063281,1,P3_CV0,1,0,2,1,1
5,2.9965467367452314,4.002409126542999,RD5_F1_m5f3_P5_Y74_UO699,RD5_F3_m7f3_P7_Y72_UO290,RD3_F2_m6f9_P6_Y72_UO759,FXX,2,0.0,1,0,1.0,0,0,0,-9999.0,0.5101705495162605,1,P3_CV0,1,1,1,1,1
5,2.9965467367452314,4.002409126542999,RD5_F3_m2f3_P2_Y74_UO472,RD2_F5_m2f9_P2_Y72_UO531,RD3_F7_m4f7_P4_Y72_UO262,FXX,2,0.0,1,0,1.0,0,0,0,-9999.0,0.5101647003721155,1,P3_CV0,1,2,0,2,0
5,2.9965467367452314,4.002409126542999,RD5_F3_m6f3_P6_Y74_UO304,RD6_F9_m6f3_P6_Y72_UO624,RD3_F7_m3f2_P3_Y72_UO451,FXX,2,0.0,1,0,1.0,0,0,0,-9999.0,0.5101673712142656,1,P3_CV0,1,1,1,1,1
5,2.9965467367452314,4.002409126542999,RD5_F3_m2f9_P2_Y74_UO624,RD2_F9_m6f3_P6_Y72_UO668,RD9_F6_m3f2_P3_Y72_UO82,FXX,2,0.0,1,0,1.0,0,0,0,-9999.0,0.5101666459104308,1,P3_CV0,1,1,1,2,0
5,2.9965467367452314,4.002409126542999,RD5_F1_m5f2_P5_Y74_UO140,RD5_F2_m9f6_P9_Y72_UO648,RD2_F3_m2f3_P2_Y72_UO694,MXY,2,0.0,1,0,0.0,0,0,0,-9999.0,0.5101649184525741,1,P3_CV0,1,2,0,1,1
5,2.9965467367452314,4.002409126542999,RD5_F2_m3f6_P3_Y74_UO442,RD3_F5_m1f5_P1_Y72_UO102,RD6_F9_m2f9_P2_Y72_UO553,MXY,2,0.0,1,0,0.0,0,0,0,-9999.0,0.5101674515135528,1,P3_CV0,1,2,0,2,0
5,2.9965467367452314,4.002409126542999,RD5_F1_m5f3_P5_Y74_UO161,RD5_F1_m5f3_P5_Y72_UO576,RD3_F7_m3f6_P3_Y72_UO794,MXY,2,0.0,1,0,0.0,0,0,0,-9999.0,0.5101672522359877,1,P3_CV0,1,2,0,1,1
5,2.9965467367452314,4.002409126542999,RD5_F2_m9f6_P9_Y74_UO427,RD9_F2_m5f1_P5_Y72_UO23,RD6_F2_m3f2_P3_Y72_UO587,FXX,2,0.0,1,0,1.0,0,0,0,-9999.0,0.5101673320241389,1,P3_CV0,1,2,0,1,1
5,2.9965467367452314,4.002409126542999,RD5_F3_m6f2_P6_Y74_UO432,RD6_F2_m5f1_P5_Y72_UO188,RD2_F9_m6f9_P6_Y72_UO811,FXX,2,0.0,1,0,1.0,0,0,0,-9999.0,0.5101674144534627,1,P3_CV0,1,1,1,2,0
5,2.9965467367452314,4.002409126542999,RD5_F1_m5f2_P5_Y74_UO250,RD5_F1_m5f3_P5_Y72_UO151,RD2_F3_m2f3_P2_Y72_UO694,MXY,2,0.0,1,0,0.0,0,0,0,-9999.0,0.5101665220845462,1,P3_CV0,1,2,0,0,2
5,2.9965467367452314,4.002409126542999,RD5_F2_m9f2_P9_Y74_UO340,RD9_F6_m3f2_P3_Y72_UO313,RD2_F5_m1f5_P1_Y70_UO313,MXY,2,0.0,1,0,0.0,0,0,0,-9999.0,0.5101678920964332,1,P3_CV0,1,1,1,1,1
5,2.9965467367452314,4.002409126542999,RD5_F1_m5f3_P5_Y74_UO160,RD5_F1_m5f3_P5_Y72_UO576,RD3_F7_m3f6_P3_Y72_UO794,MXY,2,0.0,1,0,0.0,0,0,0,-9999.0,0.5101672522359877,1,P3_CV0,1,2,0,0,2
5,2.9965467367452314,4.002409126542999,RD5_F1_m5f3_P5_Y74_UO570,RD5_F1_m5f3_P5_Y72_UO256,RD3_F5_m1f5_P1_Y72_UO79,FXX,2,0.0,1,0,1.0,0,0,0,-9999.0,0.5101721929422638,1,P3_CV0,1,1,1,1,1
5,2.9965467367452314,4.002409126542999,RD5_F1_m5f2_P5_Y74_UO534,RD5_F1_m5f3_P5_Y72_UO636,RD2_F6_m9f6_P9_Y72_UO35,FXX,2,0.0,1,0,1.0,0,0,0,-9999.0,0.5101683660977869,1,P3_CV0,1,1,1,1,1
5,2.9965467367452314,4.002409126542999,RD5_F1_m5f2_P5_Y72_UO348,RD5_F2_m6f9_P6_Y70_UO399,RD2_F5_m1f5_P1_Y70_UO759,FXX,4,0.0,1,0,1.0,0,0,0,-9999.0,0.5101673149438284,1,P3_CV0,1,1,1,1,1
5,2.9965467367452314,4.002409126542999,RD5_F2_m3f2_P3_Y72_UO451,RD3_F7_m3f6_P3_Y70_UO644,RD2_F6_m9f2_P9_Y70_UO421,MXY,4,0.0,1,0,0.0,0,0,0,-9999.0,0.5101682513741252,1,P3_CV0,1,1,1,2,0
5,2.9965467367452314,4.002409126542999,RD5_F1_m5f1_P5_Y74_UO440,RD5_F3_m7f3_P7_Y72_UO461,RD1_F5_m1f5_P1_Y72_UO798,FXX,2,0.0,1,0,1.0,0,0,0,-9999.0,0.5101643133984908,1,P4_CV0,1,2,0,2,0
5,2.9965467367452314,4.002409126542999,RD5_F1_m5f2_P5_Y74_UO142,RD5_F3_m2f9_P2_Y72_UO530,RD2_F6_m3f6_P3_Y72_UO308,FXX,2,0.0,1,0,1.0,0,0,0,-9999.0,0.5101694477325509,1,P4_CV0,1,2,0,1,1
5,2.9965467367452314,4.002409126542999,RD5_F2_m5f1_P5_Y74_UO527,RD5_F1_m5f1_P5_Y72_UO37,RD1_F5_m3f6_P3_Y72_UO805,MXY,2,0.0,1,0,0.0,0,0,0,-9999.0,0.5101648459076387,1,P4_CV0,1,0,2,2,0
5,2.9965467367452314,4.002409126542999,RD5_F1_m5f1_P5_Y74_UO438,RD5_F3_m7f3_P7_Y72_UO461,RD1_F5_m1f5_P1_Y72_UO798,MXY,2,0.0,1,0,0.0,0,0,0,-9999.0,0.5101643133984908,1,P4_CV0,1,1,1,2,0
5,2.9965467367452314,4.002409126542999,RD5_F1_m5f2_P5_Y74_UO143,RD5_F3_m2f9_P2_Y72_UO530,RD2_F6_m3f6_P3_Y72_UO308,MXY,2,0.0,1,0,0.0,0,0,0,-9999.0,0.5101694477325509,1,P4_CV0,1,2,0,1,1
5,2.9965467367452314,4.002409126542999,RD5_F1_m5f1_P5_Y74_UO439,RD5_F3_m7f3_P7_Y72_UO461,RD1_F5_m1f5_P1_Y72_UO798,MXY,2,0.0,1,0,0.0,0,0,0,-9999.0,0.5101643133984908,1,P4_CV0,1,1,1,2,0
5,2.9965467367452314,4.002409126542999,RD5_F1_m5f2_P5_Y74_UO647,RD5_F1_m5f2_P5_Y72_UO166,RD2_F9_m6f9_P6_Y72_UO811,MXY,2,0.0,1,0,0.0,0,0,0,-9999.0,0.5101680878633488,1,P4_CV0,1,0,2,2,0
5,2.9965467367452314,4.002409126542999,RD5_F2_m3f6_P3_Y74_UO568,RD3_F6_m2f5_P2_Y72_UO15,RD6_F3_m5f2_P5_Y72_UO89,MXY,2,0.0,1,0,0.0,0,0,0,-9999.0,0.5101683891698485,1,P4_CV0,1,2,0,2,0
5,2.9965467367452314,4.002409126542999,RD5_F3_m7f3_P7_Y74_UO771,RD7_F4_m8f4_P8_Y72_UO246,RD3_F5_m1f5_P1_Y72_UO207,MXY,2,0.0,1,0,0.0,0,0,0,-9999.0,0.5101668993138446,1,P4_CV0,1,0,2,2,0
5,2.9965467367452314,4.002409126542999,RD5_F2_m9f6_P9_Y74_UO256,RD9_F6_m2f6_P2_Y72_UO705,RD6_F9_m6f9_P6_Y72_UO536,MXY,2,0.0,1,0,0.0,0,0,0,-9999.0,0.5101659812971775,1,P5_CV0,1,0,2,1,1
5,2.9965467367452314,4.002409126542999,RD5_F1_m5f2_P5_Y74_UO709,RD5_F1_m5f3_P5_Y72_UO257,RD2_F9_m6f2_P6_Y72_UO579,FXX,2,0.0,1,0,1.0,0,0,0,-9999.0,0.5101678471673949,1,P5_CV0,1,1,1,2,0
5,2.9965467367452314,4.002409126542999,RD5_F2_m3f2_P3_Y74_UO29,RD3_F6_m2f6_P2_Y72_UO751,RD2_F5_m1f5_P1_Y72_UO708,MXY,2,0.0,1,0,0.0,0,0,0,-9999.0,0.5101636934305134,1,P5_CV0,1,2,0,1,1
5,2.9965467367452314,4.002409126542999,RD5_F2_m9f6_P9_Y74_UO385,RD9_F6_m9f6_P9_Y72_UO219,RD6_F2_m5f1_P5_Y72_UO22,MXY,2,0.0,1,0,0.0,0,0,0,-9999.0,0.5101662788401882,1,P5_CV0,1,0,2,1,1
5,2.9965467367452314,4.002409126542999,RD5_F2_m9f2_P9_Y74_UO186,RD9_F6_m2f6_P2_Y72_UO705,RD2_F6_m3f6_P3_Y72_UO308,FXX,2,0.0,1,0,1.0,0,0,0,-9999.0,0.5101684571072838,1,P5_CV0,1,2,0,1,1
5,2.9965467367452314,4.002409126542999,RD5_F2_m9f6_P9_Y74_UO384,RD9_F6_m9f6_P9_Y72_UO219,RD6_F2_m5f1_P5_Y72_UO22,FXX,2,0.0,1,0,1.0,0,0,0,-9999.0,0.5101662788401882,1,P5_CV0,1,1,1,0,2
5,2.9965467367452314,4.002409126542999,RD5_F1_m5f3_P5_Y74_UO698,RD5_F3_m7f3_P7_Y72_UO290,RD3_F2_m6f9_P6_Y72_UO759,FXX,2,0.0,1,0,1.0,0,0,0,-9999.0,0.5101705495162605,1,P5_CV0,1,1,1,0,2
5,2.9965467367452314,4.002409126542999,RD5_F3_m2f6_P2_Y74_UO487,RD2_F6_m3f2_P3_Y72_UO638,RD6_F3_m7f4_P7_Y72_UO464,FXX,2,0.0,1,0,1.0,0,0,0,-9999.0,0.5101683931552543,1,P5_CV0,1,2,0,1,1
5,2.9965467367452314,4.002409126542999,RD5_F1_m5f3_P5_Y74_UO711,RD5_F1_m5f1_P5_Y72_UO630,RD3_F2_m9f6_P9_Y72_UO673,MXY,2,0.0,1,0,0.0,0,0,0,-9999.0,0.5101682983931823,1,P7_CV0,1,0,2,1,1
5,2.9965467367452314,4.002409126542999,RD5_F1_m5f1_P5_Y74_UO701,RD5_F1_m5f3_P5_Y72_UO257,RD1_F5_m1f5_P1_Y72_UO595,MXY,2,0.0,1,0,0.0,0,0,0,-9999.0,0.5101690588035126,1,P7_CV0,1,2,0,2,0
5,2.9965467367452314,4.002409126542999,RD5_F3_m2f5_P2_Y74_UO673,RD2_F3_m6f9_P6_Y72_UO4,RD5_F2_m9f6_P9_Y70_UO619,MXY,2,0.0,1,0,0.0,0,0,0,-9999.0,0.5101736424385308,1,P7_CV0,1,2,0,0,2
5,2.9965467367452314,4.002409126542999,RD5_F2_m3f6_P3_Y74_UO654,RD3_F5_m1f5_P1_Y72_UO399,RD6_F3_m6f9_P6_Y72_UO191,MXY,2,0.0,1,0,0.0,0,0,0,-9999.0,0.5101722732815688,1,P7_CV0,1,1,1,1,1
5,2.9965467367452314,4.002409126542999,RD5_F1_m5f3_P5_Y74_UO238,RD5_F1_m5f3_P5_Y72_UO153,RD3_F2_m9f6_P9_Y72_UO673,MXY,2,0.0,1,0,0.0,0,0,0,-9999.0,0.5101670022941107,1,P7_CV0,1,2,0,1,1
5,2.9965467367452314,4.002409126542999,RD5_F2_m5f1_P5_Y72_UO532,RD5_F1_m5f3_P5_Y70_UO692,RD1_F5_m3f7_P3_Y70_UO667,MXY,4,0.0,1,0,0.0,0,0,0,-9999.0,0.5101651123950433,1,P7_CV0,1,1,1,1,1
5,2.9965467367452314,4.002409126542999,RD5_F2_m9f2_P9_Y74_UO246,RD9_F2_m3f2_P3_Y72_UO51,RD2_F9_m2f6_P2_Y72_UO658,MXY,2,0.0,1,0,0.0,0,0,0,-9999.0,0.5101683328502986,1,P8_CV0,1,0,2,1,1
5,2.9965467367452314,4.002409126542999,RD5_F1_m5f2_P5_Y74_UO580,RD5_F3_m7f3_P7_Y72_UO461,RD2_F9_m2f5_P2_Y72_UO519,MXY,2,0.0,1,0,0.0,0,0,0,-9999.0,0.5101658039948234,1,P8_CV0,1,1,1,1,1
5,2.9965467367452314,4.002409126542999,RD5_F2_m3f6_P3_Y74_UO334,RD3_F6_m2f6_P2_Y72_UO751,RD6_F9_m6f9_P6_Y72_UO716,FXX,2,0.0,1,0,1.0,0,0,0,-9999.0,0.5101695712273795,1,P8_CV0,1,1,1,1,1
5,2.9965467367452314,4.002409126542999,RD5_F1_m5f2_P5_Y74_UO16,RD5_F3_m2f9_P2_Y72_UO530,RD2_F9_m6f9_P6_Y72_UO811,FXX,2,0.0,1,0,1.0,0,0,0,-9999.0,0.510167705871936,1,P8_CV0,1,2,0,2,0
5,2.9965467367452314,4.002409126542999,RD5_F1_m5f2_P5_Y74_UO162,RD5_F1_m5f1_P5_Y72_UO106,RD2_F6_m3f7_P3_Y72_UO148,MXY,2,0.0,1,0,0.0,0,0,0,-9999.0,0.5101720862385264,1,P8_CV0,1,1,1,1,1
5,2.9965467367452314,4.002409126542999,RD5_F2_m3f2_P3_Y74_UO31,RD3_F6_m2f6_P2_Y72_UO751,RD2_F5_m1f5_P1_Y72_UO708,FXX,2,0.0,1,0,1.0,0,0,0,-9999.0,0.5101636934305134,1,P8_CV0,1,2,0,1,1
5,2.9965467367452314,4.002409126542999,RD5_F1_m5f2_P5_Y74_UO15,RD5_F3_m2f9_P2_Y72_UO530,RD2_F9_m6f9_P6_Y72_UO811,FXX,2,0.0,1,0,1.0,0,0,0,-9999.0,0.510167705871936,1,P8_CV0,1,1,1,2,0
5,2.9965467367452314,4.002409126542999,RD5_F1_m5f2_P5_Y74_UO14,RD5_F3_m2f9_P2_Y72_UO530,RD2_F9_m6f9_P6_Y72_UO811,FXX,2,0.0,1,0,1.0,0,0,0,-9999.0,0.510167705871936,1,P8_CV0,1,1,1,1,1
5,2.9965467367452314,4.002409126542999,RD5_F1_m5f3_P5_Y74_UO555,RD5_F1_m5f3_P5_Y72_UO636,RD3_F6_m9f6_P9_Y72_UO567,FXX,2,0.0,1,0,1.0,0,0,0,-9999.0,0.5101619404504163,1,P8_CV0,1,1,1,1,1
5,2.9965467367452314,4.002409126542999,RD5_F1_m5f2_P5_Y74_UO163,RD5_F1_m5f1_P5_Y72_UO106,RD2_F6_m3f7_P3_Y72_UO148,MXY,2,0.0,1,0,0.0,0,0,0,-9999.0,0.5101720862385264,1,P8_CV0,1,2,0,1,1
5,2.9965467367452314,4.002409126542999,RD5_F1_m5f2_P5_Y74_UO144,RD5_F3_m2f9_P2_Y72_UO530,RD2_F6_m3f6_P3_Y72_UO308,MXY,2,0.0,1,0,0.0,0,0,0,-9999.0,0.5101694477325509,1,P8_CV0,1,2,0,0,2
5,2.9965467367452314,4.002409126542999,RD5_F1_m5f3_P5_Y74_UO318,RD5_F1_m5f3_P5_Y72_UO153,RD3_F7_m4f7_P4_Y72_UO261,FXX,2,0.0,1,0,1.0,0,0,0,-9999.0,0.510164372069994,1,P8_CV0,1,1,1,2,0
5,2.9965467367452314,4.002409126542999,RD5_F1_m5f1_P5_Y74_UO464,RD5_F3_m2f9_P2_Y72_UO530,RD1_F5_m1f5_P1_Y72_UO100,FXX,2,0.0,1,0,1.0,0,0,0,-9999.0,0.510167238613576,1,P8_CV0,1,2,0,1,1
5,2.9965467367452314,4.002409126542999,RD5_F1_m5f1_P5_Y74_UO465,RD5_F3_m2f9_P2_Y72_UO530,RD1_F5_m1f5_P1_Y72_UO100,MXY,2,0.0,1,0,0.0,0,0,0,-9999.0,0.510167238613576,1,P8_CV0,1,2,0,1,1
5,2.9965467367452314,4.002409126542999,RD5_F1_m5f1_P5_Y74_UO357,RD5_F3_m2f9_P2_Y72_UO530,RD1_F5_m1f5_P1_Y72_UO360,FXX,2,0.0,1,0,1.0,0,0,0,-9999.0,0.5101661518601759,1,P8_CV0,1,1,1,2,0
5,2.9965467367452314,4.002409126542999,RD5_F3_m5f1_P5_Y74_UO350,RD5_F3_m2f9_P2_Y72_UO530,RD1_F5_m1f5_P1_Y72_UO539,FXX,2,0.0,1,0,1.0,0,0,0,-9999.0,0.5101673375211249,1,P8_CV0,1,2,0,1,1
5,2.9965467367452314,4.002409126542999,RD5_F3_m2f6_P2_Y74_UO476,RD2_F5_m3f2_P3_Y72_UO373,RD6_F9_m2f6_P2_Y72_UO325,MXY,2,0.0,1,0,0.0,0,0,0,-9999.0,0.510167206697588,1,P8_CV0,1,1,1,1,1
5,2.9965467367452314,4.002409126542999,RD5_F1_m5f2_P5_Y74_UO24,RD5_F2_m3f2_P3_Y72_UO236,RD2_F3_m6f2_P6_Y72_UO529,MXY,2,0.0,1,0,0.0,0,0,0,-9999.0,0.5101635517639806,1,P8_CV0,1,2,0,2,0
5,2.9965467367452314,4.002409126542999,RD5_F1_m5f2_P5_Y74_UO193,RD5_F3_m7f3_P7_Y72_UO485,RD2_F9_m2f5_P2_Y72_UO519,MXY,2,0.0,1,0,0.0,0,0,0,-9999.0,0.5101673133685836,1,P8_CV0,1,1,1,0,2
5,2.9965467367452314,4.002409126542999,RD5_F1_m5f1_P5_Y74_UO351,RD5_F3_m2f9_P2_Y72_UO530,RD1_F5_m1f5_P1_Y72_UO539,MXY,2,0.0,1,0,0.0,0,0,0,-9999.0,0.5101673375211249,1,P8_CV0,1,1,1,1,1
5,2.9965467367452314,4.002409126542999,RD5_F1_m5f2_P5_Y74_UO191,RD5_F3_m7f3_P7_Y72_UO485,RD2_F9_m2f5_P2_Y72_UO519,FXX,2,0.0,1,0,1.0,0,0,0,-9999.0,0.5101673133685836,1,P8_CV0,1,1,1,1,1
6,6.211338327692949,7.937131414155586,RD6_F2_m5f1_P5_Y74_UO508,RD5_F1_m5f1_P5_Y72_UO113,RD1_F5_m1f5_P1_Y72_UO353,FXX,2,0.0,1,0,1.0,0,0,0,-9999.0,0.5101686292509839,1,P3_CV0,1,2,0,2,0
6,6.211338327692949,7.937131414155586,RD6_F2_m5f1_P5_Y74_UO700,RD5_F1_m5f3_P5_Y72_UO257,RD1_F5_m1f5_P1_Y72_UO595,MXY,2,0.0,1,0,0.0,0,0,0,-9999.0,0.5101690588035126,1,P3_CV0,1,2,0,2,0
6,6.211338327692949,7.937131414155586,RD6_F2_m6f3_P6_Y74_UO67,RD6_F9_m6f2_P6_Y72_UO634,RD3_F6_m9f6_P9_Y72_UO675,FXX,2,0.0,1,0,1.0,0,0,0,-9999.0,0.5101700976647408,1,P3_CV0,1,0,2,0,2
6,6.211338327692949,7.937131414155586,RD6_F2_m6f2_P6_Y74_UO769,RD6_F9_m2f3_P2_Y72_UO288,RD2_F6_m2f5_P2_Y72_UO744,MXY,2,0.0,1,0,0.0,0,0,0,-9999.0,0.5101618618518842,1,P3_CV0,1,2,0,2,0
6,6.211338327692949,7.937131414155586,RD6_F2_m9f6_P9_Y74_UO3,RD9_F6_m9f2_P9_Y72_UO197,RD6_F9_m2f6_P2_Y72_UO325,MXY,2,0.0,1,0,0.0,0,0,0,-9999.0,0.5101651249151473,1,P3_CV0,1,1,1,2,0
6,6.211338327692949,7.937131414155586,RD6_F2_m9f6_P9_Y74_UO239,RD9_F2_m5f1_P5_Y72_UO23,RD6_F9_m2f5_P2_Y72_UO98,MXY,2,0.0,1,0,0.0,0,0,0,-9999.0,0.510166945079618,1,P3_CV0,1,1,1,1,1
6,6.211338327692949,7.937131414155586,RD6_F2_m9f6_P9_Y74_UO291,RD9_F6_m3f2_P3_Y72_UO313,RD6_F9_m6f2_P6_Y72_UO74,FXX,2,0.0,1,0,1.0,0,0,0,-9999.0,0.5101671286975034,1,P3_CV0,1,1,1,1,1
6,6.211338327692949,7.937131414155586,RD6_F2_m9f6_P9_Y74_UO426,RD9_F2_m5f1_P5_Y72_UO23,RD6_F2_m3f2_P3_Y72_UO587,FXX,2,0.0,1,0,1.0,0,0,0,-9999.0,0.5101673320241389,1,P3_CV0,1,2,0,2,0
6,6.211338327692949,7.937131414155586,RD6_F2_m9f2_P9_Y74_UO445,RD9_F6_m3f2_P3_Y72_UO313,RD2_F9_m6f9_P6_Y72_UO811,MXY,2,0.0,1,0,0.0,0,0,0,-9999.0,0.5101665138190583,1,P3_CV0,1,0,2,2,0
6,6.211338327692949,7.937131414155586,RD6_F3_m2f3_P2_Y74_UO419,RD2_F6_m2f6_P2_Y72_UO18,RD3_F5_m1f5_P1_Y72_UO594,MXY,2,0.0,1,0,0.0,0,0,0,-9999.0,0.5101678347054985,1,P3_CV0,1,2,0,1,1
6,6.211338327692949,7.937131414155586,RD6_F3_m2f6_P2_Y74_UO553,RD2_F9_m6f2_P6_Y72_UO541,RD6_F9_m6f2_P6_Y72_UO74,MXY,2,0.0,1,0,0.0,0,0,0,-9999.0,0.5101665985621366,1,P3_CV0,1,2,0,1,1
6,6.211338327692949,7.937131414155586,RD6_F3_m5f2_P5_Y74_UO251,RD5_F1_m5f3_P5_Y72_UO151,RD2_F3_m2f3_P2_Y72_UO694,MXY,2,0.0,1,0,0.0,0,0,0,-9999.0,0.5101665220845462,1,P3_CV0,1,1,1,2,0
6,6.211338327692949,7.937131414155586,RD6_F3_m5f3_P5_Y74_UO293,RD5_F1_m5f1_P5_Y72_UO106,RD3_F5_m1f5_P1_Y72_UO538,FXX,2,0.0,1,0,1.0,0,0,0,-9999.0,0.5101698738908453,1,P3_CV0,1,2,0,2,0
6,6.211338327692949,7.937131414155586,RD6_F3_m5f1_P5_Y74_UO528,RD5_F1_m5f1_P5_Y72_UO37,RD1_F5_m3f6_P3_Y72_UO805,MXY,2,0.0,1,0,0.0,0,0,0,-9999.0,0.5101648459076387,1,P3_CV0,1,0,2,0,2
6,6.211338327692949,7.937131414155586,RD6_F3_m6f3_P6_Y74_UO69,RD6_F9_m6f2_P6_Y72_UO634,RD3_F6_m9f6_P9_Y72_UO675,MXY,2,0.0,1,0,0.0,0,0,0,-9999.0,0.5101700976647408,1,P3_CV0,1,0,2,0,2
6,6.211338327692949,7.937131414155586,RD6_F3_m6f2_P6_Y74_UO277,RD6_F9_m6f2_P6_Y72_UO633,RD2_F6_m9f2_P9_Y72_UO213,FXX,2,0.0,1,0,1.0,0,0,0,-9999.0,0.5101693101551064,1,P3_CV0,1,2,0,1,1
6,6.211338327692949,7.937131414155586,RD6_F3_m6f2_P6_Y74_UO448,RD6_F9_m2f3_P2_Y72_UO129,RD2_F5_m1f5_P1_Y70_UO313,FXX,2,0.0,1,0,1.0,0,0,0,-9999.0,0.5101686278030684,1,P3_CV0,1,1,1,0,2
6,6.211338327692949,7.937131414155586,RD6_F3_m6f3_P6_Y74_UO559,RD6_F3_m2f5_P2_Y72_UO520,RD3_F2_m5f3_P5_Y72_UO563,FXX,2,0.0,1,0,1.0,0,0,0,-9999.0,0.510169562907322,1,P3_CV0,1,2,0,2,0
6,6.211338327692949,7.937131414155586,RD6_F3_m6f3_P6_Y74_UO658,RD6_F2_m5f1_P5_Y72_UO188,RD3_F2_m6f9_P6_Y72_UO759,MXY,2,0.0,1,0,0.0,0,0,0,-9999.0,0.5101708195579704,1,P3_CV0,1,2,0,1,1
6,6.211338327692949,7.937131414155586,RD6_F3_m7f4_P7_Y74_UO50,RD7_F3_m6f2_P6_Y72_UO528,RD4_F7_m4f7_P4_Y72_UO225,MXY,2,0.0,1,0,0.0,0,0,0,-9999.0,0.5101646064540546,1,P3_CV0,1,0,2,1,1
6,6.211338327692949,7.937131414155586,RD6_F3_m7f4_P7_Y74_UO490,RD7_F3_m6f2_P6_Y72_UO528,RD4_F7_m4f8_P4_Y72_UO512,MXY,2,0.0,1,0,0.0,0,0,0,-9999.0,0.5101662959023088,1,P3_CV0,1,0,2,2,0
6,6.211338327692949,7.937131414155586,RD6_F3_m7f4_P7_Y74_UO491,RD7_F3_m6f2_P6_Y72_UO528,RD4_F7_m4f8_P4_Y72_UO512,FXX,2,0.0,1,0,1.0,0,0,0,-9999.0,0.5101662959023088,1,P3_CV0,1,0,2,1,1
6,6.211338327692949,7.937131414155586,RD6_F3_m7f3_P7_Y74_UO620,RD7_F4_m8f4_P8_Y72_UO338,RD3_F2_m6f9_P6_Y72_UO612,MXY,2,0.0,1,0,0.0,0,0,0,-9999.0,0.5101677271504741,1,P3_CV0,1,0,2,1,1
6,6.211338327692949,7.937131414155586,RD6_F9_m2f9_P2_Y74_UO23,RD2_F6_m2f9_P2_Y72_UO684,RD9_F6_m3f7_P3_Y72_UO570,MXY,2,0.0,1,0,0.0,0,0,0,-9999.0,0.5101694333552587,1,P3_CV0,1,1,1,1,1
6,6.211338327692949,7.937131414155586,RD6_F9_m2f9_P2_Y74_UO111,RD2_F6_m9f2_P9_Y72_UO198,RD9_F6_m9f6_P9_Y72_UO659,MXY,2,0.0,1,0,0.0,0,0,0,-9999.0,0.5101650985197921,1,P3_CV0,1,2,0,1,1
6,6.211338327692949,7.937131414155586,RD6_F9_m2f9_P2_Y74_UO249,RD2_F6_m3f2_P3_Y72_UO638,RD9_F2_m3f2_P3_Y72_UO311,MXY,2,0.0,1,0,0.0,0,0,0,-9999.0,0.5101678705650556,1,P3_CV0,1,2,0,1,1
6,6.211338327692949,7.937131414155586,RD6_F9_m2f5_P2_Y74_UO358,RD2_F6_m9f2_P9_Y72_UO198,RD5_F1_m5f2_P5_Y72_UO603,FXX,2,0.0,1,0,1.0,0,0,0,-9999.0,0.5101627987878601,1,P3_CV0,1,1,1,2,0
6,6.211338327692949,7.937131414155586,RD6_F9_m2f3_P2_Y74_UO470,RD2_F5_m2f9_P2_Y72_UO531,RD3_F7_m4f7_P4_Y72_UO262,MXY,2,0.0,1,0,0.0,0,0,0,-9999.0,0.5101647003721155,1,P3_CV0,1,2,0,1,1
6,6.211338327692949,7.937131414155586,RD6_F9_m2f6_P2_Y74_UO665,RD2_F5_m1f5_P1_Y72_UO447,RD6_F3_m7f3_P7_Y72_UO394,MXY,2,0.0,1,0,0.0,0,0,0,-9999.0,0.5101680010739074,1,P3_CV0,1,2,0,0,2
6,6.211338327692949,7.937131414155586,RD6_F9_m6f3_P6_Y74_UO173,RD6_F9_m2f3_P2_Y72_UO58,RD3_F6_m9f2_P9_Y72_UO414,MXY,2,0.0,1,0,0.0,0,0,0,-9999.0,0.5101683324519399,1,P3_CV0,1,1,1,1,1
6,6.211338327692949,7.937131414155586,RD6_F9_m6f9_P6_Y74_UO335,RD6_F9_m2f6_P2_Y72_UO319,RD9_F6_m2f9_P2_Y72_UO421,FXX,2,0.0,1,0,1.0,0,0,0,-9999.0,0.5101678916016681,1,P3_CV0,1,2,0,2,0
6,6.211338327692949,7.937131414155586,RD6_F9_m6f9_P6_Y74_UO336,RD6_F9_m2f6_P2_Y72_UO319,RD9_F6_m2f9_P2_Y72_UO421,MXY,2,0.0,1,0,0.0,0,0,0,-9999.0,0.5101678916016681,1,P3_CV0,1,2,0,2,0
6,6.211338327692949,7.937131414155586,RD6_F9_m6f3_P6_Y74_UO410,RD6_F9_m2f3_P2_Y72_UO288,RD3_F7_m3f6_P3_Y72_UO794,MXY,2,0.0,1,0,0.0,0,0,0,-9999.0,0.5101657242230431,1,P3_CV0,1,2,0,0,2
6,6.211338327692949,7.937131414155586,RD6_F9_m6f3_P6_Y74_UO411,RD6_F9_m2f3_P2_Y72_UO288,RD3_F7_m3f6_P3_Y72_UO794,FXX,2,0.0,1,0,1.0,0,0,0,-9999.0,0.5101657242230431,1,P3_CV0,1,2,0,0,2
6,6.211338327692949,7.937131414155586,RD6_F9_m6f2_P6_Y74_UO433,RD6_F9_m2f3_P2_Y72_UO139,RD2_F9_m6f9_P6_Y72_UO108,FXX,2,0.0,1,0,1.0,0,0,0,-9999.0,0.5101692710250063,1,P3_CV0,1,0,2,2,0
6,6.211338327692949,7.937131414155586,RD6_F9_m6f3_P6_Y74_UO451,RD6_F9_m2f5_P2_Y72_UO437,RD3_F7_m3f7_P3_Y72_UO240,FXX,2,0.0,1,0,1.0,0,0,0,-9999.0,0.510167759093747,1,P3_CV0,1,0,2,1,1
6,6.211338327692949,7.937131414155586,RD6_F9_m6f3_P6_Y74_UO452,RD6_F9_m2f5_P2_Y72_UO437,RD3_F7_m3f7_P3_Y72_UO240,MXY,2,0.0,1,0,0.0,0,0,0,-9999.0,0.510167759093747,1,P3_CV0,1,0,2,1,1
6,6.211338327692949,7.937131414155586,RD6_F9_m6f9_P6_Y74_UO468,RD6_F3_m2f3_P2_Y72_UO449,RD9_F6_m2f3_P2_Y72_UO137,FXX,2,0.0,1,0,1.0,0,0,0,-9999.0,0.5101691496256535,1,P3_CV0,1,0,2,2,0
6,6.211338327692949,7.937131414155586,RD6_F9_m6f9_P6_Y74_UO523,RD6_F2_m5f1_P5_Y72_UO535,RD9_F2_m9f6_P9_Y72_UO126,MXY,2,0.0,1,0,0.0,0,0,0,-9999.0,0.5101665617403341,1,P3_CV0,1,1,1,0,2
6,6.211338327692949,7.937131414155586,RD6_F9_m6f9_P6_Y74_UO524,RD6_F2_m5f1_P5_Y72_UO535,RD9_F2_m9f6_P9_Y72_UO126,MXY,2,0.0,1,0,0.0,0,0,0,-9999.0,0.5101665617403341,1,P3_CV0,1,0,2,1,1
6,6.211338327692949,7.937131414155586,RD6_F9_m6f3_P6_Y74_UO659,RD6_F2_m5f1_P5_Y72_UO188,RD3_F2_m6f9_P6_Y72_UO759,MXY,2,0.0,1,0,0.0,0,0,0,-9999.0,0.5101708195579704,1,P3_CV0,1,2,0,1,1
6,6.211338327692949,7.937131414155586,RD6_F9_m6f2_P6_Y74_UO768,RD6_F9_m2f3_P2_Y72_UO288,RD2_F6_m2f5_P2_Y72_UO744,FXX,2,0.0,1,0,1.0,0,0,0,-9999.0,0.5101618618518842,1,P3_CV0,1,1,1,0,2
6,6.211338327692949,7.937131414155586,RD6_F9_m6f3_P6_Y74_UO780,RD6_F3_m2f3_P2_Y72_UO449,RD3_F5_m1f5_P1_Y72_UO538,FXX,2,0.0,1,0,1.0,0,0,0,-9999.0,0.5101664590092696,1,P3_CV0,1,0,2,2,0
6,6.211338327692949,7.937131414155586,RD6_F2_m6f9_P6_Y72_UO612,RD6_F2_m3f2_P3_Y70_UO41,RD9_F2_m5f2_P5_Y70_UO747,MXY,4,0.0,1,0,0.0,0,0,0,-9999.0,0.5101696630954393,1,P3_CV0,1,0,2,0,2
6,6.211338327692949,7.937131414155586,RD6_F2_m9f6_P9_Y72_UO616,RD9_F6_m9f6_P9_Y70_UO168,RD6_F9_m6f3_P6_Y70_UO533,MXY,4,0.0,1,0,0.0,0,0,0,-9999.0,0.5101706495406688,1,P3_CV0,1,1,1,0,2
6,6.211338327692949,7.937131414155586,RD6_F9_m2f6_P2_Y72_UO217,RD2_F9_m2f9_P2_Y70_UO50,RD6_F2_m9f2_P9_Y68_UO80,MXY,4,0.0,1,0,0.0,0,0,0,-9999.0,0.5101678227329103,1,P3_CV0,1,2,0,1,1
6,6.211338327692949,7.937131414155586,RD6_F2_m9f2_P9_Y74_UO195,RD9_F6_m9f6_P9_Y72_UO649,RD2_F9_m2f6_P2_Y72_UO217,MXY,2,0.0,1,0,0.0,0,0,0,-9999.0,0.5101659614410892,1,P4_CV0,1,1,1,2,0
6,6.211338327692949,7.937131414155586,RD6_F3_m2f3_P2_Y74_UO738,RD2_F6_m9f2_P9_Y72_UO271,RD3_F6_m9f6_P9_Y72_UO675,MXY,2,0.0,1,0,0.0,0,0,0,-9999.0,0.5101709213140566,1,P4_CV0,1,1,1,1,1
6,6.211338327692949,7.937131414155586,RD6_F3_m5f2_P5_Y74_UO20,RD5_F3_m7f4_P7_Y72_UO408,RD2_F3_m2f3_P2_Y72_UO694,MXY,2,0.0,1,0,0.0,0,0,0,-9999.0,0.5101661869484815,1,P4_CV0,1,1,1,2,0
6,6.211338327692949,7.937131414155586,RD6_F3_m6f2_P6_Y74_UO155,RD6_F9_m6f3_P6_Y72_UO154,RD2_F5_m1f5_P1_Y72_UO103,FXX,2,0.0,1,0,1.0,0,0,0,-9999.0,0.5101670314543298,1,P4_CV0,1,2,0,1,1
6,6.211338327692949,7.937131414155586,RD6_F3_m7f3_P7_Y74_UO300,RD7_F4_m8f4_P8_Y72_UO419,RD3_F6_m3f7_P3_Y72_UO569,FXX,2,0.0,1,0,1.0,0,0,0,-9999.0,0.5101657965169579,1,P4_CV0,1,2,0,2,0
6,6.211338327692949,7.937131414155586,RD6_F9_m2f6_P2_Y74_UO26,RD2_F9_m6f3_P6_Y72_UO626,RD6_F2_m5f3_P5_Y72_UO303,MXY,2,0.0,1,0,0.0,0,0,0,-9999.0,0.510165963187319,1,P4_CV0,1,2,0,1,1
6,6.211338327692949,7.937131414155586,RD6_F9_m2f6_P2_Y74_UO27,RD2_F9_m6f3_P6_Y72_UO626,RD6_F2_m5f3_P5_Y72_UO303,FXX,2,0.0,1,0,1.0,0,0,0,-9999.0,0.510165963187319,1,P4_CV0,1,2,0,0,2
6,6.211338327692949,7.937131414155586,RD6_F9_m2f3_P2_Y74_UO740,RD2_F6_m9f2_P9_Y72_UO271,RD3_F6_m9f6_P9_Y72_UO675,MXY,2,0.0,1,0,0.0,0,0,0,-9999.0,0.5101709213140566,1,P4_CV0,1,1,1,1,1
6,6.211338327692949,7.937131414155586,RD6_F9_m6f2_P6_Y74_UO45,RD6_F9_m6f9_P6_Y72_UO610,RD2_F6_m3f6_P3_Y72_UO308,MXY,2,0.0,1,0,0.0,0,0,0,-9999.0,0.5101704786411574,1,P4_CV0,1,1,1,0,2
6,6.211338327692949,7.937131414155586,RD6_F9_m6f3_P6_Y74_UO212,RD6_F9_m2f3_P2_Y72_UO285,RD3_F7_m4f7_P4_Y72_UO262,FXX,2,0.0,1,0,1.0,0,0,0,-9999.0,0.5101647254523414,1,P4_CV0,1,1,1,2,0
6,6.211338327692949,7.937131414155586,RD6_F9_m6f9_P6_Y74_UO466,RD6_F3_m2f3_P2_Y72_UO449,RD9_F6_m2f3_P2_Y72_UO137,MXY,2,0.0,1,0,0.0,0,0,0,-9999.0,0.5101691496256535,1,P4_CV0,1,0,2,0,2
6,6.211338327692949,7.937131414155586,RD6_F9_m6f9_P6_Y74_UO467,RD6_F3_m2f3_P2_Y72_UO449,RD9_F6_m2f3_P2_Y72_UO137,MXY,2,0.0,1,0,0.0,0,0,0,-9999.0,0.5101691496256535,1,P4_CV0,1,1,1,2,0
6,6.211338327692949,7.937131414155586,RD6_F9_m6f9_P6_Y74_UO725,RD6_F9_m2f3_P2_Y72_UO285,RD9_F2_m9f6_P9_Y72_UO321,MXY,2,0.0,1,0,0.0,0,0,0,-9999.0,0.5101706406039739,1,P4_CV0,1,2,0,2,0
6,6.211338327692949,7.937131414155586,RD6_F9_m6f9_P6_Y74_UO726,RD6_F9_m2f3_P2_Y72_UO285,RD9_F2_m9f6_P9_Y72_UO321,FXX,2,0.0,1,0,1.0,0,0,0,-9999.0,0.5101706406039739,1,P4_CV0,1,2,0,2,0
6,6.211338327692949,7.937131414155586,RD6_F9_m6f9_P6_Y74_UO727,RD6_F9_m2f3_P2_Y72_UO285,RD9_F2_m9f6_P9_Y72_UO321,FXX,2,0.0,1,0,1.0,0,0,0,-9999.0,0.5101706406039739,1,P4_CV0,1,2,0,2,0
6,6.211338327692949,7.937131414155586,RD6_F9_m2f6_P2_Y74_UO486,RD2_F6_m3f2_P3_Y72_UO638,RD6_F3_m7f4_P7_Y72_UO464,MXY,2,0.0,1,0,0.0,0,0,0,-9999.0,0.5101683931552543,1,P5_CV0,1,2,0,2,0
6,6.211338327692949,7.937131414155586,RD6_F9_m2f6_P2_Y74_UO603,RD2_F6_m9f2_P9_Y72_UO429,RD6_F9_m6f9_P6_Y72_UO723,MXY,2,0.0,1,0,0.0,0,0,0,-9999.0,0.5101665899292129,1,P5_CV0,1,2,0,0,2
6,6.211338327692949,7.937131414155586,RD6_F9_m6f2_P6_Y74_UO446,RD6_F9_m2f3_P2_Y72_UO129,RD2_F5_m1f5_P1_Y70_UO313,MXY,2,0.0,1,0,0.0,0,0,0,-9999.0,0.5101686278030684,1,P5_CV0,1,2,0,1,1
6,6.211338327692949,7.937131414155586,RD6_F9_m6f3_P6_Y74_UO660,RD6_F2_m5f1_P5_Y72_UO188,RD3_F2_m6f9_P6_Y72_UO759,FXX,2,0.0,1,0,1.0,0,0,0,-9999.0,0.5101708195579704,1,P5_CV0,1,2,0,1,1
6,6.211338327692949,7.937131414155586,RD6_F2_m9f2_P9_Y74_UO40,RD9_F6_m3f2_P3_Y72_UO313,RD2_F6_m9f6_P9_Y72_UO35,MXY,2,0.0,1,0,0.0,0,0,0,-9999.0,0.5101695417288283,1,P7_CV0,1,2,0,1,1
6,6.211338327692949,7.937131414155586,RD6_F2_m9f2_P9_Y74_UO414,RD9_F6_m2f3_P2_Y72_UO235,RD2_F9_m6f9_P6_Y72_UO108,FXX,2,0.0,1,0,1.0,0,0,0,-9999.0,0.5101673932094855,1,P7_CV0,1,1,1,1,1
6,6.211338327692949,7.937131414155586,RD6_F3_m2f9_P2_Y74_UO408,RD2_F6_m9f2_P9_Y72_UO415,RD9_F6_m2f5_P2_Y72_UO387,MXY,2,0.0,1,0,0.0,0,0,0,-9999.0,0.5101702968822792,1,P7_CV0,1,2,0,0,2
6,6.211338327692949,7.937131414155586,RD6_F3_m6f9_P6_Y74_UO614,RD6_F2_m6f2_P6_Y72_UO251,RD9_F6_m9f2_P9_Y72_UO516,MXY,2,0.0,1,0,0.0,0,0,0,-9999.0,0.5101690104165755,1,P7_CV0,1,1,1,0,2
6,6.211338327692949,7.937131414155586,RD6_F3_m7f3_P7_Y74_UO104,RD7_F4_m8f4_P8_Y72_UO522,RD3_F6_m9f2_P9_Y72_UO517,FXX,2,0.0,1,0,1.0,0,0,0,-9999.0,0.5101689422026539,1,P7_CV0,1,0,2,2,0
6,6.211338327692949,7.937131414155586,RD6_F9_m2f9_P2_Y74_UO188,RD2_F6_m9f2_P9_Y72_UO198,RD9_F6_m9f2_P9_Y72_UO516,FXX,2,0.0,1,0,1.0,0,0,0,-9999.0,0.5101662169308838,1,P7_CV0,1,0,2,1,1
6,6.211338327692949,7.937131414155586,RD6_F9_m2f3_P2_Y74_UO232,RD2_F3_m2f5_P2_Y72_UO745,RD3_F2_m9f6_P9_Y72_UO111,FXX,2,0.0,1,0,1.0,0,0,0,-9999.0,0.5101651775330538,1,P7_CV0,1,2,0,2,0
6,6.211338327692949,7.937131414155586,RD6_F9_m2f6_P2_Y74_UO321,RD2_F6_m2f9_P2_Y72_UO684,RD6_F2_m9f2_P9_Y72_UO491,FXX,2,0.0,1,0,1.0,0,0,0,-9999.0,0.5101695902176289,1,P7_CV0,1,2,0,1,1
6,6.211338327692949,7.937131414155586,RD6_F9_m2f9_P2_Y74_UO409,RD2_F6_m9f2_P9_Y72_UO415,RD9_F6_m2f5_P2_Y72_UO387,MXY,2,0.0,1,0,0.0,0,0,0,-9999.0,0.5101702968822792,1,P7_CV0,1,2,0,1,1
6,6.211338327692949,7.937131414155586,RD6_F9_m2f9_P2_Y74_UO454,RD2_F6_m9f2_P9_Y72_UO415,RD9_F6_m9f6_P9_Y72_UO566,FXX,2,0.0,1,0,1.0,0,0,0,-9999.0,0.5101659651099908,1,P7_CV0,1,1,1,1,1
6,6.211338327692949,7.937131414155586,RD6_F9_m2f3_P2_Y74_UO542,RD2_F3_m2f5_P2_Y72_UO776,RD3_F2_m9f6_P9_Y72_UO673,MXY,2,0.0,1,0,0.0,0,0,0,-9999.0,0.5101681028390885,1,P7_CV0,1,0,2,1,1
6,6.211338327692949,7.937131414155586,RD6_F9_m6f9_P6_Y74_UO616,RD6_F2_m6f2_P6_Y72_UO251,RD9_F6_m9f2_P9_Y72_UO516,MXY,2,0.0,1,0,0.0,0,0,0,-9999.0,0.5101690104165755,1,P7_CV0,1,1,1,1,1
6,6.211338327692949,7.937131414155586,RD6_F2_m9f6_P9_Y74_UO225,RD9_F2_m3f2_P3_Y72_UO51,RD6_F3_m6f9_P6_Y72_UO191,MXY,2,0.0,1,0,0.0,0,0,0,-9999.0,0.5101713235580974,1,P8_CV0,1,1,1,1,1
6,6.211338327692949,7.937131414155586,RD6_F3_m6f2_P6_Y74_UO43,RD6_F2_m6f2_P6_Y72_UO251,RD2_F3_m6f2_P6_Y72_UO529,FXX,2,0.0,1,0,1.0,0,0,0,-9999.0,0.5101678690243716,1,P8_CV0,1,2,0,1,1
6,6.211338327692949,7.937131414155586,RD6_F3_m6f3_P6_Y74_UO79,RD6_F2_m6f2_P6_Y72_UO251,RD3_F5_m1f5_P1_Y72_UO255,FXX,2,0.0,1,0,1.0,0,0,0,-9999.0,0.5101692899188492,1,P8_CV0,1,1,1,0,2
6,6.211338327692949,7.937131414155586,RD6_F3_m6f2_P6_Y74_UO587,RD6_F2_m6f9_P6_Y72_UO426,RD2_F5_m1f5_P1_Y72_UO94,MXY,2,0.0,1,0,0.0,0,0,0,-9999.0,0.5101669405703433,1,P8_CV0,1,1,1,0,2
6,6.211338327692949,7.937131414155586,RD6_F3_m6f2_P6_Y74_UO642,RD6_F9_m6f2_P6_Y72_UO634,RD2_F5_m1f5_P1_Y70_UO710,MXY,2,0.0,1,0,0.0,0,0,0,-9999.0,0.5101683428347314,1,P8_CV0,1,0,2,1,1
6,6.211338327692949,7.937131414155586,RD6_F3_m7f3_P7_Y74_UO84,RD7_F3_m7f4_P7_Y72_UO507,RD3_F6_m9f2_P9_Y72_UO195,FXX,2,0.0,1,0,1.0,0,0,0,-9999.0,0.5101649401458417,1,P8_CV0,1,1,1,1,1
6,6.211338327692949,7.937131414155586,RD6_F9_m6f2_P6_Y74_UO44,RD6_F2_m6f2_P6_Y72_UO251,RD2_F3_m6f2_P6_Y72_UO529,MXY,2,0.0,1,0,0.0,0,0,0,-9999.0,0.5101678690243716,1,P8_CV0,1,2,0,1,1
6,6.211338327692949,7.937131414155586,RD6_F9_m6f3_P6_Y74_UO149,RD6_F2_m6f9_P6_Y72_UO426,RD3_F7_m3f2_P3_Y72_UO621,MXY,2,0.0,1,0,0.0,0,0,0,-9999.0,0.5101698523394589,1,P8_CV0,1,1,1,2,0
6,6.211338327692949,7.937131414155586,RD6_F9_m6f3_P6_Y74_UO457,RD6_F3_m6f9_P6_Y72_UO642,RD3_F5_m1f5_P1_Y72_UO96,FXX,2,0.0,1,0,1.0,0,0,0,-9999.0,0.5101659552183264,1,P8_CV0,1,0,2,0,2
6,6.211338327692949,7.937131414155586,RD6_F9_m6f9_P6_Y74_UO617,RD6_F2_m6f2_P6_Y72_UO251,RD9_F6_m9f2_P9_Y72_UO516,MXY,2,0.0,1,0,0.0,0,0,0,-9999.0,0.5101690104165755,1,P8_CV0,1,1,1,0,2
6,6.211338327692949,7.937131414155586,RD6_F9_m6f9_P6_Y72_UO191,RD6_F9_m6f2_P6_Y70_UO515,RD9_F6_m9f2_P9_Y70_UO134,MXY,4,0.0,1,0,0.0,0,0,0,-9999.0,0.5101721746177645,1,P8_CV0,1,2,0,2,0
7,1.3457994534493356,7.703671818986196,RD7_F3_m2f5_P2_Y74_UO122,RD2_F6_m9f2_P9_Y72_UO415,RD5_F2_m9f2_P9_Y72_UO270,FXX,2,0.0,1,0,1.0,0,0,0,-9999.0,0.5101722759281984,1,P3_CV0,1,2,0,2,0
7,1.3457994534493356,7.703671818986196,RD7_F3_m2f6_P2_Y74_UO297,RD2_F5_m3f2_P3_Y72_UO373,RD6_F9_m6f9_P6_Y72_UO716,FXX,2,0.0,1,0,1.0,0,0,0,-9999.0,0.510171145599088,1,P3_CV0,1,0,2,1,1
7,1.3457994534493356,7.703671818986196,RD7_F3_m2f5_P2_Y74_UO359,RD2_F6_m9f2_P9_Y72_UO198,RD5_F1_m5f2_P5_Y72_UO603,MXY,2,0.0,1,0,0.0,0,0,0,-9999.0,0.5101627987878601,1,P3_CV0,1,1,1,2,0
7,1.3457994534493356,7.703671818986196,RD7_F3_m2f5_P2_Y74_UO360,RD2_F6_m9f2_P9_Y72_UO198,RD5_F1_m5f2_P5_Y72_UO603,MXY,2,0.0,1,0,0.0,0,0,0,-9999.0,0.5101627987878601,1,P3_CV0,1,2,0,2,0
7,1.3457994534493356,7.703671818986196,RD7_F3_m2f6_P2_Y74_UO602,RD2_F6_m9f2_P9_Y72_UO429,RD6_F9_m6f9_P6_Y72_UO723,MXY,2,0.0,1,0,0.0,0,0,0,-9999.0,0.5101665899292129,1,P3_CV0,1,2,0,1,1
7,1.3457994534493356,7.703671818986196,RD7_F3_m2f3_P2_Y74_UO742,RD2_F6_m9f6_P9_Y72_UO369,RD3_F7_m3f2_P3_Y72_UO586,MXY,2,0.0,1,0,0.0,0,0,0,-9999.0,0.5101697083300678,1,P3_CV0,1,2,0,1,1
7,1.3457994534493356,7.703671818986196,RD7_F3_m5f3_P5_Y74_UO299,RD5_F1_m5f3_P5_Y72_UO302,RD3_F7_m4f7_P4_Y72_UO262,FXX,2,0.0,1,0,1.0,0,0,0,-9999.0,0.5101639039148722,1,P3_CV0,1,2,0,2,0
7,1.3457994534493356,7.703671818986196,RD7_F3_m5f3_P5_Y74_UO339,RD5_F1_m5f3_P5_Y72_UO576,RD3_F5_m1f5_P1_Y72_UO234,FXX,2,0.0,1,0,1.0,0,0,0,-9999.0,0.5101660202544736,1,P3_CV0,1,2,0,1,1
7,1.3457994534493356,7.703671818986196,RD7_F3_m5f1_P5_Y74_UO463,RD5_F3_m2f9_P2_Y72_UO530,RD1_F5_m1f5_P1_Y72_UO100,FXX,2,0.0,1,0,1.0,0,0,0,-9999.0,0.510167238613576,1,P3_CV0,1,2,0,1,1
7,1.3457994534493356,7.703671818986196,RD7_F3_m6f2_P6_Y74_UO274,RD6_F9_m6f2_P6_Y72_UO633,RD2_F6_m9f2_P9_Y72_UO213,FXX,2,0.0,1,0,1.0,0,0,0,-9999.0,0.5101693101551064,1,P3_CV0,1,1,1,1,1
7,1.3457994534493356,7.703671818986196,RD7_F3_m6f3_P6_Y74_UO453,RD6_F9_m2f5_P2_Y72_UO437,RD3_F7_m3f7_P3_Y72_UO240,MXY,2,0.0,1,0,0.0,0,0,0,-9999.0,0.510167759093747,1,P3_CV0,1,0,2,2,0
7,1.3457994534493356,7.703671818986196,RD7_F3_m6f3_P6_Y74_UO530,RD6_F9_m6f9_P6_Y72_UO611,RD3_F5_m1f5_P1_Y72_UO234,FXX,2,0.0,1,0,1.0,0,0,0,-9999.0,0.5101682657204947,1,P3_CV0,1,2,0,1,1
7,1.3457994534493356,7.703671818986196,RD7_F3_m7f4_P7_Y74_UO66,RD7_F4_m8f4_P8_Y72_UO420,RD4_F8_m4f7_P4_Y72_UO655,MXY,2,0.0,1,0,0.0,0,0,0,-9999.0,0.5101651830900664,1,P3_CV0,1,2,0,2,0
7,1.3457994534493356,7.703671818986196,RD7_F3_m7f3_P7_Y74_UO175,RD7_F4_m7f4_P7_Y72_UO670,RD3_F6_m9f2_P9_Y72_UO272,FXX,2,0.0,1,0,1.0,0,0,0,-9999.0,0.5101688832819491,1,P3_CV0,1,1,1,2,0
7,1.3457994534493356,7.703671818986196,RD7_F3_m7f3_P7_Y74_UO178,RD7_F4_m7f4_P7_Y72_UO670,RD3_F6_m9f2_P9_Y72_UO272,FXX,2,0.0,1,0,1.0,0,0,0,-9999.0,0.5101688832819491,1,P3_CV0,1,1,1,0,2
7,1.3457994534493356,7.703671818986196,RD7_F3_m7f3_P7_Y74_UO184,RD7_F3_m7f3_P7_Y72_UO289,RD3_F5_m1f5_P1_Y72_UO538,MXY,2,0.0,1,0,0.0,0,0,0,-9999.0,0.5101667760609416,1,P3_CV0,1,1,1,2,0
7,1.3457994534493356,7.703671818986196,RD7_F3_m7f4_P7_Y74_UO207,RD7_F3_m5f3_P5_Y72_UO300,RD4_F8_m4f8_P4_Y72_UO64,MXY,2,0.0,1,0,0.0,0,0,0,-9999.0,0.5101684970049973,1,P3_CV0,1,2,0,1,1
7,1.3457994534493356,7.703671818986196,RD7_F3_m7f3_P7_Y74_UO396,RD7_F3_m7f4_P7_Y72_UO466,RD3_F7_m4f7_P4_Y72_UO262,MXY,2,0.0,1,0,0.0,0,0,0,-9999.0,0.5101640309094364,1,P3_CV0,1,1,1,2,0
7,1.3457994534493356,7.703671818986196,RD7_F3_m7f4_P7_Y74_UO802,RD7_F4_m8f4_P8_Y72_UO246,RD4_F8_m4f8_P4_Y72_UO67,MXY,2,0.0,1,0,0.0,0,0,0,-9999.0,0.5101662324723293,1,P3_CV0,1,2,0,2,0
7,1.3457994534493356,7.703671818986196,RD7_F4_m7f4_P7_Y74_UO488,RD7_F3_m5f1_P5_Y72_UO316,RD4_F8_m4f8_P4_Y72_UO803,FXX,2,0.0,1,0,1.0,0,0,0,-9999.0,0.5101685445479234,1,P3_CV0,1,1,1,1,1
7,1.3457994534493356,7.703671818986196,RD7_F4_m7f3_P7_Y74_UO680,RD7_F3_m5f3_P5_Y72_UO300,RD3_F7_m4f8_P4_Y72_UO562,FXX,2,0.0,1,0,1.0,0,0,0,-9999.0,0.5101672326654807,1,P3_CV0,1,1,1,1,1
7,1.3457994534493356,7.703671818986196,RD7_F4_m7f3_P7_Y74_UO370,RD7_F3_m6f3_P6_Y72_UO81,RD3_F5_m1f5_P1_Y72_UO255,MXY,2,0.0,1,0,0.0,0,0,0,-9999.0,0.5101665706115455,1,P3_CV0,1,1,1,0,2
7,1.3457994534493356,7.703671818986196,RD7_F4_m7f3_P7_Y74_UO177,RD7_F4_m7f4_P7_Y72_UO670,RD3_F6_m9f2_P9_Y72_UO272,FXX,2,0.0,1,0,1.0,0,0,0,-9999.0,0.5101688832819491,1,P3_CV0,1,1,1,1,1
7,1.3457994534493356,7.703671818986196,RD7_F4_m7f4_P7_Y74_UO205,RD7_F3_m5f3_P5_Y72_UO300,RD4_F8_m4f8_P4_Y72_UO64,MXY,2,0.0,1,0,0.0,0,0,0,-9999.0,0.5101684970049973,1,P3_CV0,1,1,1,1,1
7,1.3457994534493356,7.703671818986196,RD7_F4_m7f3_P7_Y74_UO395,RD7_F3_m7f4_P7_Y72_UO466,RD3_F7_m4f7_P4_Y72_UO262,FXX,2,0.0,1,0,1.0,0,0,0,-9999.0,0.5101640309094364,1,P3_CV0,1,1,1,1,1
7,1.3457994534493356,7.703671818986196,RD7_F4_m7f3_P7_Y74_UO618,RD7_F4_m8f4_P8_Y72_UO338,RD3_F2_m6f9_P6_Y72_UO612,MXY,2,0.0,1,0,0.0,0,0,0,-9999.0,0.5101677271504741,1,P3_CV0,1,0,2,1,1
7,1.3457994534493356,7.703671818986196,RD7_F4_m8f4_P8_Y74_UO63,RD8_F4_m8f4_P8_Y72_UO159,RD4_F7_m4f7_P4_Y72_UO287,MXY,2,0.0,1,0,0.0,0,0,0,-9999.0,0.510170909754379,1,P3_CV0,1,1,1,1,1
7,1.3457994534493356,7.703671818986196,RD7_F4_m8f4_P8_Y74_UO783,RD8_F4_m8f4_P8_Y72_UO808,RD4_F8_m4f7_P4_Y72_UO212,MXY,2,0.0,1,0,0.0,0,0,0,-9999.0,0.5101671483735117,1,P3_CV0,1,2,0,2,0
7,1.3457994534493356,7.703671818986196,RD7_F4_m8f4_P8_Y74_UO117,RD8_F4_m8f4_P8_Y72_UO808,RD4_F8_m4f8_P4_Y72_UO803,FXX,2,0.0,1,0,1.0,0,0,0,-9999.0,0.5101692601565446,1,P3_CV0,1,2,0,2,0
7,1.3457994534493356,7.703671818986196,RD7_F4_m7f4_P7_Y74_UO389,RD7_F3_m6f3_P6_Y72_UO404,RD4_F7_m4f7_P4_Y72_UO732,FXX,2,0.0,1,0,1.0,0,0,0,-9999.0,0.5101655109829153,1,P3_CV0,1,1,1,0,2
7,1.3457994534493356,7.703671818986196,RD7_F4_m7f3_P7_Y74_UO772,RD7_F4_m8f4_P8_Y72_UO246,RD3_F5_m1f5_P1_Y72_UO207,MXY,2,0.0,1,0,0.0,0,0,0,-9999.0,0.5101668993138446,1,P3_CV0,1,1,1,2,0
7,1.3457994534493356,7.703671818986196,RD7_F4_m7f4_P7_Y74_UO803,RD7_F4_m8f4_P8_Y72_UO246,RD4_F8_m4f8_P4_Y72_UO67,FXX,2,0.0,1,0,1.0,0,0,0,-9999.0,0.5101662324723293,1,P3_CV0,1,1,1,2,0
7,1.3457994534493356,7.703671818986196,RD7_F4_m7f4_P7_Y74_UO257,RD7_F3_m7f4_P7_Y72_UO466,RD4_F8_m4f7_P4_Y72_UO211,MXY,2,0.0,1,0,0.0,0,0,0,-9999.0,0.510166413791012,1,P3_CV0,1,2,0,2,0
7,1.3457994534493356,7.703671818986196,RD7_F3_m2f3_P2_Y74_UO544,RD2_F9_m6f3_P6_Y72_UO626,RD3_F6_m9f2_P9_Y72_UO430,MXY,2,0.0,1,0,0.0,0,0,0,-9999.0,0.5101676886024507,1,P4_CV0,1,2,0,0,2
7,1.3457994534493356,7.703671818986196,RD7_F3_m5f1_P5_Y74_UO349,RD5_F3_m2f9_P2_Y72_UO530,RD1_F5_m1f5_P1_Y72_UO539,FXX,2,0.0,1,0,1.0,0,0,0,-9999.0,0.5101673375211249,1,P4_CV0,1,2,0,0,2
7,1.3457994534493356,7.703671818986196,RD7_F3_m7f4_P7_Y74_UO686,RD7_F4_m8f4_P8_Y72_UO418,RD4_F8_m4f8_P4_Y72_UO84,FXX,2,0.0,1,0,1.0,0,0,0,-9999.0,0.5101644967617176,1,P4_CV0,1,2,0,2,0
7,1.3457994534493356,7.703671818986196,RD7_F4_m8f4_P8_Y74_UO158,RD8_F4_m7f3_P7_Y72_UO550,RD4_F8_m4f7_P4_Y72_UO145,MXY,2,0.0,1,0,0.0,0,0,0,-9999.0,0.5101669091618533,1,P4_CV0,1,0,2,0,2
7,1.3457994534493356,7.703671818986196,RD7_F3_m7f4_P7_Y74_UO261,RD7_F3_m7f4_P7_Y72_UO466,RD4_F8_m4f7_P4_Y72_UO211,MXY,2,0.0,1,0,0.0,0,0,0,-9999.0,0.510166413791012,1,P5_CV0,1,2,0,2,0
7,1.3457994534493356,7.703671818986196,RD7_F3_m7f3_P7_Y74_UO397,RD7_F3_m7f4_P7_Y72_UO466,RD3_F7_m4f7_P4_Y72_UO262,FXX,2,0.0,1,0,1.0,0,0,0,-9999.0,0.5101640309094364,1,P5_CV0,1,1,1,2,0
7,1.3457994534493356,7.703671818986196,RD7_F4_m7f3_P7_Y74_UO168,RD7_F3_m5f3_P5_Y72_UO300,RD3_F2_m6f9_P6_Y72_UO759,FXX,2,0.0,1,0,1.0,0,0,0,-9999.0,0.5101713789499627,1,P5_CV0,1,2,0,0,2
7,1.3457994534493356,7.703671818986196,RD7_F3_m2f6_P2_Y72_UO706,RD2_F5_m1f5_P1_Y70_UO157,RD6_F2_m5f3_P5_Y70_UO281,MXY,4,0.0,1,0,0.0,0,0,0,-9999.0,0.5101650469841843,1,P5_CV0,1,1,1,1,1
7,1.3457994534493356,7.703671818986196,RD7_F3_m5f1_P5_Y74_UO320,RD5_F1_m5f2_P5_Y72_UO91,RD1_F5_m1f5_P1_Y72_UO292,MXY,2,0.0,1,0,0.0,0,0,0,-9999.0,0.5101675035275548,1,P7_CV0,1,0,2,2,0
7,1.3457994534493356,7.703671818986196,RD7_F3_m5f2_P5_Y74_UO533,RD5_F1_m5f3_P5_Y72_UO636,RD2_F6_m9f6_P9_Y72_UO35,FXX,2,0.0,1,0,1.0,0,0,0,-9999.0,0.5101683660977869,1,P7_CV0,1,1,1,0,2
7,1.3457994534493356,7.703671818986196,RD7_F3_m7f4_P7_Y74_UO506,RD7_F4_m8f4_P8_Y72_UO522,RD4_F7_m3f2_P3_Y72_UO7,MXY,2,0.0,1,0,0.0,0,0,0,-9999.0,0.5101692492371512,1,P7_CV0,1,2,0,2,0
7,1.3457994534493356,7.703671818986196,RD7_F4_m8f4_P8_Y74_UO135,RD8_F4_m8f4_P8_Y72_UO588,RD4_F8_m4f7_P4_Y72_UO124,FXX,2,0.0,1,0,1.0,0,0,0,-9999.0,0.5101656270217063,1,P7_CV0,1,2,0,0,2
7,1.3457994534493356,7.703671818986196,RD7_F4_m8f4_P8_Y74_UO749,RD8_F4_m8f4_P8_Y72_UO157,RD4_F8_m4f7_P4_Y72_UO114,FXX,2,0.0,1,0,1.0,0,0,0,-9999.0,0.5101688980812469,1,P7_CV0,1,2,0,1,1
7,1.3457994534493356,7.703671818986196,RD7_F4_m8f4_P8_Y74_UO134,RD8_F4_m8f4_P8_Y72_UO588,RD4_F8_m4f7_P4_Y72_UO124,MXY,2,0.0,1,0,0.0,0,0,0,-9999.0,0.5101656270217063,1,P7_CV0,1,2,0,0,2
7,1.3457994534493356,7.703671818986196,RD7_F4_m7f3_P7_Y74_UO105,RD7_F4_m8f4_P8_Y72_UO522,RD3_F6_m9f2_P9_Y72_UO517,MXY,2,0.0,1,0,0.0,0,0,0,-9999.0,0.5101689422026539,1,P7_CV0,1,2,0,2,0
7,1.3457994534493356,7.703671818986196,RD7_F4_m8f4_P8_Y74_UO708,RD8_F4_m8f4_P8_Y72_UO199,RD4_F7_m3f5_P3_Y72_UO488,MXY,2,0.0,1,0,0.0,0,0,0,-9999.0,0.5101677327511425,1,P7_CV0,1,0,2,2,0
7,1.3457994534493356,7.703671818986196,RD7_F4_m7f4_P7_Y74_UO505,RD7_F4_m8f4_P8_Y72_UO522,RD4_F7_m3f2_P3_Y72_UO7,MXY,2,0.0,1,0,0.0,0,0,0,-9999.0,0.5101692492371512,1,P7_CV0,1,1,1,2,0
7,1.3457994534493356,7.703671818986196,RD7_F3_m5f2_P5_Y74_UO25,RD5_F2_m3f2_P3_Y72_UO236,RD2_F3_m6f2_P6_Y72_UO529,FXX,2,0.0,1,0,1.0,0,0,0,-9999.0,0.5101635517639806,1,P8_CV0,1,2,0,2,0
7,1.3457994534493356,7.703671818986196,RD7_F3_m6f2_P6_Y74_UO42,RD6_F2_m6f2_P6_Y72_UO251,RD2_F3_m6f2_P6_Y72_UO529,MXY,2,0.0,1,0,0.0,0,0,0,-9999.0,0.5101678690243716,1,P8_CV0,1,2,0,1,1
7,1.3457994534493356,7.703671818986196,RD7_F3_m6f2_P6_Y74_UO154,RD6_F9_m6f3_P6_Y72_UO154,RD2_F5_m1f5_P1_Y72_UO103,FXX,2,0.0,1,0,1.0,0,0,0,-9999.0,0.5101670314543298,1,P8_CV0,1,2,0,2,0
7,1.3457994534493356,7.703671818986196,RD7_F3_m6f9_P6_Y74_UO615,RD6_F2_m6f2_P6_Y72_UO251,RD9_F6_m9f2_P9_Y72_UO516,MXY,2,0.0,1,0,0.0,0,0,0,-9999.0,0.5101690104165755,1,P8_CV0,1,1,1,0,2
7,1.3457994534493356,7.703671818986196,RD7_F3_m7f3_P7_Y74_UO378,RD7_F4_m8f4_P8_Y72_UO728,RD3_F7_m3f2_P3_Y72_UO586,MXY,2,0.0,1,0,0.0,0,0,0,-9999.0,0.5101704658991366,1,P8_CV0,1,2,0,2,0
7,1.3457994534493356,7.703671818986196,RD7_F3_m7f4_P7_Y74_UO716,RD7_F3_m7f4_P7_Y72_UO507,RD4_F8_m4f7_P4_Y72_UO145,MXY,2,0.0,1,0,0.0,0,0,0,-9999.0,0.5101652307348559,1,P8_CV0,1,1,1,0,2
7,1.3457994534493356,7.703671818986196,RD7_F4_m8f4_P8_Y74_UO230,RD8_F4_m8f4_P8_Y72_UO806,RD4_F7_m3f6_P3_Y72_UO307,MXY,2,0.0,1,0,0.0,0,0,0,-9999.0,0.5101695128523716,1,P8_CV0,1,2,0,2,0
7,1.3457994534493356,7.703671818986196,RD7_F4_m8f4_P8_Y74_UO229,RD8_F4_m8f4_P8_Y72_UO806,RD4_F7_m3f6_P3_Y72_UO307,MXY,2,0.0,1,0,0.0,0,0,0,-9999.0,0.5101695128523716,1,P8_CV0,1,2,0,2,0
7,1.3457994534493356,7.703671818986196,RD7_F4_m8f4_P8_Y74_UO692,RD8_F4_m8f4_P8_Y72_UO159,RD4_F8_m4f7_P4_Y72_UO643,MXY,2,0.0,1,0,0.0,0,0,0,-9999.0,0.5101687433780171,1,P8_CV0,1,2,0,1,1
7,1.3457994534493356,7.703671818986196,RD7_F4_m8f4_P8_Y74_UO327,RD8_F4_m8f4_P8_Y72_UO159,RD4_F8_m4f8_P4_Y72_UO803,MXY,2,0.0,1,0,0.0,0,0,0,-9999.0,0.5101720471302542,1,P8_CV0,1,1,1,2,0
7,1.3457994534493356,7.703671818986196,RD7_F4_m7f4_P7_Y74_UO717,RD7_F3_m7f4_P7_Y72_UO507,RD4_F8_m4f7_P4_Y72_UO145,MXY,2,0.0,1,0,0.0,0,0,0,-9999.0,0.5101652307348559,1,P8_CV0,1,1,1,2,0
8,1.8443986564691528,11.780027217250101,RD8_F4_m7f3_P7_Y74_UO185,RD7_F3_m7f3_P7_Y72_UO289,RD3_F5_m1f5_P1_Y72_UO538,MXY,2,0.0,1,0,0.0,0,0,0,-9999.0,0.5101667760609416,1,P3_CV0,1,0,2,1,1
8,1.8443986564691528,11.780027217250101,RD8_F4_m8f4_P8_Y74_UO60,RD8_F4_m8f4_P8_Y72_UO159,RD4_F7_m4f7_P4_Y72_UO287,MXY,2,0.0,1,0,0.0,0,0,0,-9999.0,0.510170909754379,1,P3_CV0,1,1,1,2,0
8,1.8443986564691528,11.780027217250101,RD8_F4_m8f4_P8_Y74_UO637,RD8_F4_m7f4_P7_Y72_UO203,RD4_F7_m4f7_P4_Y72_UO225,FXX,2,0.0,1,0,1.0,0,0,0,-9999.0,0.5101667810540675,1,P3_CV0,1,1,1,1,1
8,1.8443986564691528,11.780027217250101,RD8_F4_m7f4_P7_Y74_UO685,RD7_F4_m8f4_P8_Y72_UO418,RD4_F8_m4f8_P4_Y72_UO84,FXX,2,0.0,1,0,1.0,0,0,0,-9999.0,0.5101644967617176,1,P3_CV0,1,2,0,1,1
8,1.8443986564691528,11.780027217250101,RD8_F4_m8f4_P8_Y74_UO59,RD8_F4_m8f4_P8_Y72_UO159,RD4_F7_m4f7_P4_Y72_UO287,MXY,2,0.0,1,0,0.0,0,0,0,-9999.0,0.510170909754379,1,P3_CV0,1,2,0,2,0
8,1.8443986564691528,11.780027217250101,RD8_F4_m7f3_P7_Y74_UO764,RD7_F3_m6f2_P6_Y72_UO335,RD3_F2_m9f2_P9_Y72_UO330,MXY,2,0.0,1,0,0.0,0,0,0,-9999.0,0.5101665804431832,1,P3_CV0,1,2,0,1,1
8,1.8443986564691528,11.780027217250101,RD8_F4_m7f3_P7_Y74_UO87,RD7_F3_m7f4_P7_Y72_UO507,RD3_F6_m9f2_P9_Y72_UO195,FXX,2,0.0,1,0,1.0,0,0,0,-9999.0,0.5101649401458417,1,P3_CV0,1,1,1,2,0
8,1.8443986564691528,11.780027217250101,RD8_F4_m7f4_P7_Y74_UO548,RD7_F3_m7f4_P7_Y72_UO411,RD4_F8_m4f7_P4_Y72_UO124,MXY,2,0.0,1,0,0.0,0,0,0,-9999.0,0.5101643035341112,1,P3_CV0,1,1,1,1,1
8,1.8443986564691528,11.780027217250101,RD8_F4_m8f4_P8_Y74_UO748,RD8_F4_m8f4_P8_Y72_UO157,RD4_F8_m4f7_P4_Y72_UO114,MXY,2,0.0,1,0,0.0,0,0,0,-9999.0,0.5101688980812469,1,P3_CV0,1,1,1,1,1
8,1.8443986564691528,11.780027217250101,RD8_F4_m7f4_P7_Y74_UO656,RD7_F3_m5f3_P5_Y72_UO300,RD4_F8_m4f7_P4_Y72_UO114,FXX,2,0.0,1,0,1.0,0,0,0,-9999.0,0.5101663139612356,1,P3_CV0,1,2,0,1,1
8,1.8443986564691528,11.780027217250101,RD8_F4_m8f4_P8_Y74_UO58,RD8_F4_m8f4_P8_Y72_UO159,RD4_F7_m4f7_P4_Y72_UO287,MXY,2,0.0,1,0,0.0,0,0,0,-9999.0,0.510170909754379,1,P3_CV0,1,1,1,2,0
8,1.8443986564691528,11.780027217250101,RD8_F4_m8f4_P8_Y74_UO573,RD8_F4_m8f4_P8_Y72_UO806,RD4_F7_m3f6_P3_Y72_UO795,MXY,2,0.0,1,0,0.0,0,0,0,-9999.0,0.5101682453914691,1,P3_CV0,1,2,0,2,0
8,1.8443986564691528,11.780027217250101,RD8_F4_m7f4_P7_Y74_UO547,RD7_F3_m7f4_P7_Y72_UO411,RD4_F8_m4f7_P4_Y72_UO124,FXX,2,0.0,1,0,1.0,0,0,0,-9999.0,0.5101643035341112,1,P3_CV0,1,1,1,1,1
8,1.8443986564691528,11.780027217250101,RD8_F4_m8f4_P8_Y74_UO34,RD8_F4_m8f4_P8_Y72_UO463,RD4_F8_m4f7_P4_Y72_UO124,FXX,2,0.0,1,0,1.0,0,0,0,-9999.0,0.5101644709156972,1,P3_CV0,1,0,2,1,1
8,1.8443986564691528,11.780027217250101,RD8_F4_m7f4_P7_Y74_UO684,RD7_F4_m8f4_P8_Y72_UO418,RD4_F8_m4f8_P4_Y72_UO84,MXY,2,0.0,1,0,0.0,0,0,0,-9999.0,0.5101644967617176,1,P3_CV0,1,2,0,2,0
8,1.8443986564691528,11.780027217250101,RD8_F4_m8f4_P8_Y74_UO693,RD8_F4_m8f4_P8_Y72_UO159,RD4_F8_m4f7_P4_Y72_UO643,MXY,2,0.0,1,0,0.0,0,0,0,-9999.0,0.5101687433780171,1,P3_CV0,1,2,0,1,1
8,1.8443986564691528,11.780027217250101,RD8_F4_m8f4_P8_Y74_UO497,RD8_F4_m7f4_P7_Y72_UO762,RD4_F8_m4f8_P4_Y72_UO620,FXX,2,0.0,1,0,1.0,0,0,0,-9999.0,0.5101673451681563,1,P3_CV0,1,1,1,0,2
8,1.8443986564691528,11.780027217250101,RD8_F4_m8f4_P8_Y74_UO578,RD8_F4_m8f4_P8_Y72_UO806,RD4_F7_m3f6_P3_Y72_UO795,FXX,2,0.0,1,0,1.0,0,0,0,-9999.0,0.5101682453914691,1,P3_CV0,1,2,0,2,0
8,1.8443986564691528,11.780027217250101,RD8_F4_m7f3_P7_Y74_UO681,RD7_F3_m5f3_P5_Y72_UO300,RD3_F7_m4f8_P4_Y72_UO562,MXY,2,0.0,1,0,0.0,0,0,0,-9999.0,0.5101672326654807,1,P3_CV0,1,2,0,1,1
8,1.8443986564691528,11.780027217250101,RD8_F4_m7f3_P7_Y74_UO765,RD7_F3_m6f2_P6_Y72_UO335,RD3_F2_m9f2_P9_Y72_UO330,MXY,2,0.0,1,0,0.0,0,0,0,-9999.0,0.5101665804431832,1,P3_CV0,1,2,0,1,1
8,1.8443986564691528,11.780027217250101,RD8_F4_m7f4_P7_Y74_UO52,RD7_F3_m6f2_P6_Y72_UO528,RD4_F7_m4f7_P4_Y72_UO225,FXX,2,0.0,1,0,1.0,0,0,0,-9999.0,0.5101646064540546,1,P3_CV0,1,1,1,1,1
8,1.8443986564691528,11.780027217250101,RD8_F4_m7f3_P7_Y74_UO619,RD7_F4_m8f4_P8_Y72_UO338,RD3_F2_m6f9_P6_Y72_UO612,MXY,2,0.0,1,0,0.0,0,0,0,-9999.0,0.5101677271504741,1,P3_CV0,1,0,2,1,1
8,1.8443986564691528,11.780027217250101,RD8_F4_m8f4_P8_Y74_UO577,RD8_F4_m8f4_P8_Y72_UO806,RD4_F7_m3f6_P3_Y72_UO795,MXY,2,0.0,1,0,0.0,0,0,0,-9999.0,0.5101682453914691,1,P3_CV0,1,2,0,1,1
8,1.8443986564691528,11.780027217250101,RD8_F4_m7f4_P7_Y74_UO354,RD7_F3_m6f9_P6_Y72_UO718,RD4_F8_m4f8_P4_Y72_UO551,FXX,2,0.0,1,0,1.0,0,0,0,-9999.0,0.5101703298405482,1,P3_CV0,1,2,0,1,1
8,1.8443986564691528,11.780027217250101,RD8_F4_m7f4_P7_Y74_UO391,RD7_F3_m6f3_P6_Y72_UO404,RD4_F7_m4f7_P4_Y72_UO732,MXY,2,0.0,1,0,0.0,0,0,0,-9999.0,0.5101655109829153,1,P3_CV0,1,1,1,1,1
8,1.8443986564691528,11.780027217250101,RD8_F4_m8f4_P8_Y74_UO12,RD8_F4_m8f4_P8_Y72_UO806,RD4_F7_m4f7_P4_Y72_UO86,MXY,2,0.0,1,0,0.0,0,0,0,-9999.0,0.5101658581534139,1,P3_CV0,1,2,0,2,0
8,1.8443986564691528,11.780027217250101,RD8_F4_m8f4_P8_Y74_UO324,RD8_F4_m8f4_P8_Y72_UO159,RD4_F8_m4f8_P4_Y72_UO803,FXX,2,0.0,1,0,1.0,0,0,0,-9999.0,0.5101720471302542,1,P3_CV0,1,2,0,2,0
8,1.8443986564691528,11.780027217250101,RD8_F4_m8f4_P8_Y74_UO638,RD8_F4_m7f4_P7_Y72_UO203,RD4_F7_m4f7_P4_Y72_UO225,MXY,2,0.0,1,0,0.0,0,0,0,-9999.0,0.5101667810540675,1,P3_CV0,1,0,2,1,1
8,1.8443986564691528,11.780027217250101,RD8_F4_m7f3_P7_Y72_UO678,RD7_F3_m5f2_P5_Y70_UO276,RD3_F5_m1f5_P1_Y70_UO273,MXY,4,0.0,1,0,0.0,0,0,0,-9999.0,0.5101688237118651,1,P3_CV0,1,1,1,0,2
8,1.8443986564691528,11.780027217250101,RD8_F4_m8f4_P8_Y74_UO159,RD8_F4_m7f3_P7_Y72_UO550,RD4_F8_m4f7_P4_Y72_UO145,FXX,2,0.0,1,0,1.0,0,0,0,-9999.0,0.5101669091618533,1,P4_CV0,1,1,1,0,2
8,1.8443986564691528,11.780027217250101,RD8_F4_m8f4_P8_Y74_UO499,RD8_F4_m7f4_P7_Y72_UO762,RD4_F8_m4f8_P4_Y72_UO620,FXX,2,0.0,1,0,1.0,0,0,0,-9999.0,0.5101673451681563,1,P4_CV0,1,0,2,1,1
8,1.8443986564691528,11.780027217250101,RD8_F4_m8f4_P8_Y74_UO522,RD8_F4_m7f4_P7_Y72_UO135,RD4_F8_m4f7_P4_Y72_UO748,MXY,2,0.0,1,0,0.0,0,0,0,-9999.0,0.5101657538289146,1,P4_CV0,1,1,1,1,1
8,1.8443986564691528,11.780027217250101,RD8_F4_m7f4_P7_Y74_UO744,RD7_F3_m7f4_P7_Y72_UO179,RD4_F8_m4f7_P4_Y72_UO655,FXX,2,0.0,1,0,1.0,0,0,0,-9999.0,0.5101663958666904,1,P5_CV0,1,1,1,2,0
8,1.8443986564691528,11.780027217250101,RD8_F4_m7f4_P7_Y74_UO507,RD7_F4_m8f4_P8_Y72_UO522,RD4_F7_m3f2_P3_Y72_UO7,FXX,2,0.0,1,0,1.0,0,0,0,-9999.0,0.5101692492371512,1,P7_CV0,1,1,1,2,0
8,1.8443986564691528,11.780027217250101,RD8_F4_m8f4_P8_Y74_UO268,RD8_F4_m8f4_P8_Y72_UO199,RD4_F8_m4f8_P4_Y72_UO76,FXX,2,0.0,1,0,1.0,0,0,0,-9999.0,0.5101651769346063,1,P7_CV0,1,1,1,1,1
8,1.8443986564691528,11.780027217250101,RD8_F4_m8f4_P8_Y74_UO751,RD8_F4_m8f4_P8_Y72_UO157,RD4_F8_m4f7_P4_Y72_UO114,MXY,2,0.0,1,0,0.0,0,0,0,-9999.0,0.5101688980812469,1,P7_CV0,1,1,1,1,1
8,1.8443986564691528,11.780027217250101,RD8_F4_m8f4_P8_Y74_UO706,RD8_F4_m8f4_P8_Y72_UO199,RD4_F7_m3f5_P3_Y72_UO488,FXX,2,0.0,1,0,1.0,0,0,0,-9999.0,0.5101677327511425,1,P7_CV0,1,1,1,2,0
8,1.8443986564691528,11.780027217250101,RD8_F4_m8f4_P8_Y74_UO267,RD8_F4_m8f4_P8_Y72_UO199,RD4_F8_m4f8_P4_Y72_UO76,MXY,2,0.0,1,0,0.0,0,0,0,-9999.0,0.5101651769346063,1,P7_CV0,1,1,1,2,0
8,1.8443986564691528,11.780027217250101,RD8_F4_m8f4_P8_Y74_UO10,RD8_F4_m8f4_P8_Y72_UO806,RD4_F7_m4f7_P4_Y72_UO86,FXX,2,0.0,1,0,1.0,0,0,0,-9999.0,0.5101658581534139,1,P8_CV0,1,2,0,2,0
8,1.8443986564691528,11.780027217250101,RD8_F4_m7f3_P7_Y74_UO85,RD7_F3_m7f4_P7_Y72_UO507,RD3_F6_m9f2_P9_Y72_UO195,FXX,2,0.0,1,0,1.0,0,0,0,-9999.0,0.5101649401458417,1,P8_CV0,1,1,1,2,0
8,1.8443986564691528,11.780027217250101,RD8_F4_m8f4_P8_Y74_UO227,RD8_F4_m8f4_P8_Y72_UO806,RD4_F7_m3f6_P3_Y72_UO307,MXY,2,0.0,1,0,0.0,0,0,0,-9999.0,0.5101695128523716,1,P8_CV0,1,2,0,2,0
8,1.8443986564691528,11.780027217250101,RD8_F4_m7f3_P7_Y74_UO86,RD7_F3_m7f4_P7_Y72_UO507,RD3_F6_m9f2_P9_Y72_UO195,MXY,2,0.0,1,0,0.0,0,0,0,-9999.0,0.5101649401458417,1,P8_CV0,1,1,1,2,0
8,1.8443986564691528,11.780027217250101,RD8_F4_m8f4_P8_Y74_UO579,RD8_F4_m8f4_P8_Y72_UO806,RD4_F7_m3f6_P3_Y72_UO795,FXX,2,0.0,1,0,1.0,0,0,0,-9999.0,0.5101682453914691,1,P8_CV0,1,2,0,1,1
8,1.8443986564691528,11.780027217250101,RD8_F4_m8f4_P8_Y74_UO326,RD8_F4_m8f4_P8_Y72_UO159,RD4_F8_m4f8_P4_Y72_UO803,MXY,2,0.0,1,0,0.0,0,0,0,-9999.0,0.5101720471302542,1,P8_CV0,1,1,1,2,0
8,1.8443986564691528,11.780027217250101,RD8_F4_m7f3_P7_Y74_UO379,RD7_F4_m8f4_P8_Y72_UO728,RD3_F7_m3f2_P3_Y72_UO586,FXX,2,0.0,1,0,1.0,0,0,0,-9999.0,0.5101704658991366,1,P8_CV0,1,1,1,2,0
8,1.8443986564691528,11.780027217250101,RD8_F4_m8f4_P8_Y74_UO786,RD8_F4_m8f4_P8_Y72_UO808,RD4_F8_m4f7_P4_Y72_UO212,FXX,2,0.0,1,0,1.0,0,0,0,-9999.0,0.5101671483735117,1,P8_CV0,1,2,0,2,0
8,1.8443986564691528,11.780027217250101,RD8_F4_m8f4_P8_Y74_UO116,RD8_F4_m8f4_P8_Y72_UO808,RD4_F8_m4f8_P4_Y72_UO803,FXX,2,0.0,1,0,1.0,0,0,0,-9999.0,0.5101692601565446,1,P8_CV0,1,2,0,2,0
8,1.8443986564691528,11.780027217250101,RD8_F4_m8f4_P8_Y74_UO696,RD8_F4_m8f4_P8_Y72_UO159,RD4_F8_m4f7_P4_Y72_UO643,FXX,2,0.0,1,0,1.0,0,0,0,-9999.0,0.5101687433780171,1,P8_CV0,1,1,1,1,1
8,1.8443986564691528,11.780027217250101,RD8_F4_m8f4_P8_Y74_UO8,RD8_F4_m8f4_P8_Y72_UO806,RD4_F7_m4f7_P4_Y72_UO86,FXX,2,0.0,1,0,1.0,0,0,0,-9999.0,0.5101658581534139,1,P8_CV0,1,1,1,2,0
8,1.8443986564691528,11.780027217250101,RD8_F4_m8f4_P8_Y74_UO231,RD8_F4_m8f4_P8_Y72_UO806,RD4_F7_m3f6_P3_Y72_UO307,FXX,2,0.0,1,0,1.0,0,0,0,-9999.0,0.5101695128523716,1,P8_CV0,1,1,1,2,0
8,1.8443986564691528,11.780027217250101,RD8_F4_m8f4_P8_Y74_UO228,RD8_F4_m8f4_P8_Y72_UO806,RD4_F7_m3f6_P3_Y72_UO307,FXX,2,0.0,1,0,1.0,0,0,0,-9999.0,0.5101695128523716,1,P8_CV0,1,1,1,2,0
8,1.8443986564691528,11.780027217250101,RD8_F4_m8f4_P8_Y74_UO328,RD8_F4_m8f4_P8_Y72_UO159,RD4_F8_m4f8_P4_Y72_UO803,MXY,2,0.0,1,0,0.0,0,0,0,-9999.0,0.5101720471302542,1,P8_CV0,1,2,0,2,0
8,1.8443986564691528,11.780027217250101,RD8_F4_m8f4_P8_Y74_UO11,RD8_F4_m8f4_P8_Y72_UO806,RD4_F7_m4f7_P4_Y72_UO86,FXX,2,0.0,1,0,1.0,0,0,0,-9999.0,0.5101658581534139,1,P8_CV0,1,2,0,2,0
8,1.8443986564691528,11.780027217250101,RD8_F4_m8f4_P8_Y74_UO9,RD8_F4_m8f4_P8_Y72_UO806,RD4_F7_m4f7_P4_Y72_UO86,FXX,2,0.0,1,0,1.0,0,0,0,-9999.0,0.5101658581534139,1,P8_CV0,1,2,0,2,0
8,1.8443986564691528,11.780027217250101,RD8_F4_m8f4_P8_Y74_UO576,RD8_F4_m8f4_P8_Y72_UO806,RD4_F7_m3f6_P3_Y72_UO795,MXY,2,0.0,1,0,0.0,0,0,0,-9999.0,0.5101682453914691,1,P8_CV0,1,2,0,1,1
8,1.8443986564691528,11.780027217250101,RD8_F4_m8f4_P8_Y74_UO785,RD8_F4_m8f4_P8_Y72_UO808,RD4_F8_m4f7_P4_Y72_UO212,FXX,2,0.0,1,0,1.0,0,0,0,-9999.0,0.5101671483735117,1,P8_CV0,1,2,0,2,0
8,1.8443986564691528,11.780027217250101,RD8_F4_m7f4_P7_Y74_UO714,RD7_F3_m7f4_P7_Y72_UO507,RD4_F8_m4f7_P4_Y72_UO145,MXY,2,0.0,1,0,0.0,0,0,0,-9999.0,0.5101652307348559,1,P8_CV0,1,1,1,1,1
8,1.8443986564691528,11.780027217250101,RD8_F4_m8f4_P8_Y74_UO703,RD8_F4_m8f4_P8_Y72_UO199,RD4_F7_m3f5_P3_Y72_UO488,FXX,2,0.0,1,0,1.0,0,0,0,-9999.0,0.5101677327511425,1,P8_CV0,1,1,1,2,0
8,1.8443986564691528,11.780027217250101,RD8_F4_m8f4_P8_Y74_UO323,RD8_F4_m8f4_P8_Y72_UO159,RD4_F8_m4f8_P4_Y72_UO803,MXY,2,0.0,1,0,0.0,0,0,0,-9999.0,0.5101720471302542,1,P8_CV0,1,1,1,2,0
9,8.539752926394888,7.413552560728917,RD9_F2_m5f1_P5_Y74_UO374,RD5_F1_m5f3_P5_Y72_UO153,RD1_F5_m1f5_P1_Y72_UO539,MXY,2,0.0,1,0,0.0,0,0,0,-9999.0,0.5101670092190034,1,P3_CV0,1,1,1,2,0
9,8.539752926394888,7.413552560728917,RD9_F2_m5f3_P5_Y74_UO513,RD5_F1_m5f3_P5_Y72_UO302,RD3_F7_m4f8_P4_Y72_UO552,MXY,2,0.0,1,0,0.0,0,0,0,-9999.0,0.5101661682347185,1,P3_CV0,1,2,0,1,1
9,8.539752926394888,7.413552560728917,RD9_F2_m6f3_P6_Y74_UO68,RD6_F9_m6f2_P6_Y72_UO634,RD3_F6_m9f6_P9_Y72_UO675,FXX,2,0.0,1,0,1.0,0,0,0,-9999.0,0.5101700976647408,1,P3_CV0,1,0,2,0,2
9,8.539752926394888,7.413552560728917,RD9_F2_m6f2_P6_Y74_UO284,RD6_F9_m6f2_P6_Y72_UO634,RD2_F5_m1f5_P1_Y72_UO94,MXY,2,0.0,1,0,0.0,0,0,0,-9999.0,0.5101697273039463,1,P3_CV0,1,0,2,1,1
9,8.539752926394888,7.413552560728917,RD9_F2_m9f2_P9_Y74_UO39,RD9_F6_m3f2_P3_Y72_UO313,RD2_F6_m9f6_P9_Y72_UO35,MXY,2,0.0,1,0,0.0,0,0,0,-9999.0,0.5101695417288283,1,P3_CV0,1,1,1,1,1
9,8.539752926394888,7.413552560728917,RD9_F2_m9f6_P9_Y74_UO252,RD9_F6_m3f2_P3_Y72_UO55,RD6_F9_m2f6_P2_Y72_UO20,FXX,2,0.0,1,0,1.0,0,0,0,-9999.0,0.5101679900708405,1,P3_CV0,1,1,1,1,1
9,8.539752926394888,7.413552560728917,RD9_F2_m9f6_P9_Y74_UO254,RD9_F6_m3f2_P3_Y72_UO55,RD6_F9_m2f6_P2_Y72_UO20,FXX,2,0.0,1,0,1.0,0,0,0,-9999.0,0.5101679900708405,1,P3_CV0,1,1,1,2,0
9,8.539752926394888,7.413552560728917,RD9_F2_m9f6_P9_Y74_UO290,RD9_F6_m3f2_P3_Y72_UO313,RD6_F9_m6f2_P6_Y72_UO74,MXY,2,0.0,1,0,0.0,0,0,0,-9999.0,0.5101671286975034,1,P3_CV0,1,2,0,1,1
9,8.539752926394888,7.413552560728917,RD9_F2_m9f6_P9_Y74_UO386,RD9_F6_m9f6_P9_Y72_UO219,RD6_F2_m5f1_P5_Y72_UO22,MXY,2,0.0,1,0,0.0,0,0,0,-9999.0,0.5101662788401882,1,P3_CV0,1,2,0,0,2
9,8.539752926394888,7.413552560728917,RD9_F2_m9f6_P9_Y74_UO583,RD9_F6_m2f3_P2_Y72_UO695,RD6_F9_m2f5_P2_Y72_UO438,MXY,2,0.0,1,0,0.0,0,0,0,-9999.0,0.5101666404971184,1,P3_CV0,1,1,1,2,0
9,8.539752926394888,7.413552560728917,RD9_F2_m9f2_P9_Y74_UO639,RD9_F6_m2f6_P2_Y72_UO582,RD2_F6_m3f2_P3_Y72_UO237,FXX,2,0.0,1,0,1.0,0,0,0,-9999.0,0.5101632478981628,1,P3_CV0,1,0,2,1,1
9,8.539752926394888,7.413552560728917,RD9_F2_m9f6_P9_Y74_UO767,RD9_F6_m9f6_P9_Y72_UO32,RD6_F9_m2f6_P2_Y72_UO325,MXY,2,0.0,1,0,0.0,0,0,0,-9999.0,0.5101701600287925,1,P3_CV0,1,1,1,1,1
9,8.539752926394888,7.413552560728917,RD9_F6_m9f2_P9_Y74_UO37,RD9_F6_m9f6_P9_Y72_UO32,RD2_F5_m1f5_P1_Y70_UO313,MXY,2,0.0,1,0,0.0,0,0,0,-9999.0,0.5101727896962984,1,P3_CV0,1,2,0,1,1
9,8.539752926394888,7.413552560728917,RD9_F6_m9f6_P9_Y74_UO131,RD9_F6_m2f6_P2_Y72_UO216,RD6_F3_m6f9_P6_Y72_UO425,MXY,2,0.0,1,0,0.0,0,0,0,-9999.0,0.51016740581872,1,P3_CV0,1,2,0,0,2
9,8.539752926394888,7.413552560728917,RD9_F6_m9f6_P9_Y74_UO4,RD9_F6_m9f2_P9_Y72_UO197,RD6_F9_m2f6_P2_Y72_UO325,FXX,2,0.0,1,0,1.0,0,0,0,-9999.0,0.5101651249151473,1,P3_CV0,1,0,2,2,0
9,8.539752926394888,7.413552560728917,RD9_F6_m3f7_P3_Y74_UO562,RD3_F6_m9f2_P9_Y72_UO573,RD7_F3_m5f2_P5_Y72_UO167,FXX,2,0.0,1,0,1.0,0,0,0,-9999.0,0.5101678198006994,1,P3_CV0,1,1,1,1,1
9,8.539752926394888,7.413552560728917,RD9_F6_m9f6_P9_Y74_UO613,RD9_F6_m2f6_P2_Y72_UO752,RD6_F9_m6f2_P6_Y72_UO583,MXY,2,0.0,1,0,0.0,0,0,0,-9999.0,0.5101673006029159,1,P3_CV0,1,2,0,1,1
9,8.539752926394888,7.413552560728917,RD9_F6_m9f2_P9_Y74_UO444,RD9_F6_m3f2_P3_Y72_UO313,RD2_F9_m6f9_P6_Y72_UO811,FXX,2,0.0,1,0,1.0,0,0,0,-9999.0,0.5101665138190583,1,P3_CV0,1,1,1,1,1
9,8.539752926394888,7.413552560728917,RD9_F6_m9f2_P9_Y74_UO640,RD9_F6_m2f6_P2_Y72_UO582,RD2_F6_m3f2_P3_Y72_UO237,FXX,2,0.0,1,0,1.0,0,0,0,-9999.0,0.5101632478981628,1,P3_CV0,1,2,0,1,1
9,8.539752926394888,7.413552560728917,RD9_F6_m3f7_P3_Y74_UO88,RD3_F7_m4f8_P4_Y72_UO645,RD7_F3_m7f3_P7_Y72_UO486,MXY,2,0.0,1,0,0.0,0,0,0,-9999.0,0.5101672257078462,1,P3_CV0,1,2,0,1,1
9,8.539752926394888,7.413552560728917,RD9_F6_m9f2_P9_Y74_UO719,RD9_F6_m2f6_P2_Y72_UO216,RD2_F5_m1f5_P1_Y70_UO710,FXX,2,0.0,1,0,1.0,0,0,0,-9999.0,0.5101659730153187,1,P3_CV0,1,1,1,2,0
9,8.539752926394888,7.413552560728917,RD9_F6_m2f6_P2_Y74_UO526,RD2_F5_m1f5_P1_Y72_UO447,RD6_F9_m6f3_P6_Y72_UO40,MXY,2,0.0,1,0,0.0,0,0,0,-9999.0,0.5101680063908134,1,P3_CV0,1,2,0,1,1
9,8.539752926394888,7.413552560728917,RD9_F6_m9f6_P9_Y74_UO289,RD9_F6_m3f2_P3_Y72_UO313,RD6_F9_m6f2_P6_Y72_UO74,MXY,2,0.0,1,0,0.0,0,0,0,-9999.0,0.5101671286975034,1,P3_CV0,1,2,0,1,1
9,8.539752926394888,7.413552560728917,RD9_F6_m3f7_P3_Y74_UO271,RD3_F7_m3f7_P3_Y72_UO150,RD7_F4_m7f3_P7_Y72_UO395,FXX,2,0.0,1,0,1.0,0,0,0,-9999.0,0.5101685700938106,1,P3_CV0,1,1,1,1,1
9,8.539752926394888,7.413552560728917,RD9_F6_m2f6_P2_Y74_UO477,RD2_F5_m3f2_P3_Y72_UO373,RD6_F9_m2f6_P2_Y72_UO325,FXX,2,0.0,1,0,1.0,0,0,0,-9999.0,0.510167206697588,1,P3_CV0,1,2,0,1,1
9,8.539752926394888,7.413552560728917,RD9_F6_m9f2_P9_Y74_UO341,RD9_F6_m3f2_P3_Y72_UO313,RD2_F5_m1f5_P1_Y70_UO313,MXY,2,0.0,1,0,0.0,0,0,0,-9999.0,0.5101678920964332,1,P3_CV0,1,2,0,1,1
9,8.539752926394888,7.413552560728917,RD9_F6_m2f6_P2_Y74_UO519,RD2_F6_m9f2_P9_Y72_UO429,RD6_F3_m6f3_P6_Y72_UO405,FXX,2,0.0,1,0,1.0,0,0,0,-9999.0,0.5101681062023999,1,P3_CV0,1,2,0,0,2
9,8.539752926394888,7.413552560728917,RD9_F2_m5f2_P5_Y72_UO349,RD5_F2_m6f9_P6_Y70_UO399,RD2_F5_m1f5_P1_Y70_UO759,MXY,4,0.0,1,0,0.0,0,0,0,-9999.0,0.5101673149438284,1,P3_CV0,1,0,2,0,2
9,8.539752926394888,7.413552560728917,RD9_F2_m2f3_P2_Y72_UO314,RD2_F5_m1f5_P1_Y70_UO185,RD3_F7_m3f2_P3_Y70_UO671,MXY,4,0.0,1,0,0.0,0,0,0,-9999.0,0.510172427573707,1,P3_CV0,1,1,1,2,0
9,8.539752926394888,7.413552560728917,RD9_F2_m9f6_P9_Y74_UO539,RD9_F6_m9f6_P9_Y72_UO649,RD6_F9_m6f9_P6_Y72_UO536,FXX,2,0.0,1,0,1.0,0,0,0,-9999.0,0.5101655078797194,1,P4_CV0,1,1,1,0,2
9,8.539752926394888,7.413552560728917,RD9_F2_m9f2_P9_Y74_UO679,RD9_F6_m9f6_P9_Y72_UO672,RD2_F5_m1f5_P1_Y70_UO313,MXY,2,0.0,1,0,0.0,0,0,0,-9999.0,0.5101693865108246,1,P4_CV0,1,0,2,0,2
9,8.539752926394888,7.413552560728917,RD9_F6_m9f2_P9_Y74_UO712,RD9_F2_m6f2_P6_Y72_UO75,RD2_F5_m1f5_P1_Y72_UO103,MXY,2,0.0,1,0,0.0,0,0,0,-9999.0,0.5101685311292385,1,P4_CV0,1,2,0,0,2
9,8.539752926394888,7.413552560728917,RD9_F6_m9f2_P9_Y74_UO194,RD9_F6_m9f6_P9_Y72_UO649,RD2_F9_m2f6_P2_Y72_UO217,FXX,2,0.0,1,0,1.0,0,0,0,-9999.0,0.5101659614410892,1,P4_CV0,1,2,0,0,2
9,8.539752926394888,7.413552560728917,RD9_F6_m2f3_P2_Y74_UO420,RD2_F6_m2f6_P2_Y72_UO18,RD3_F5_m1f5_P1_Y72_UO594,FXX,2,0.0,1,0,1.0,0,0,0,-9999.0,0.5101678347054985,1,P4_CV0,1,1,1,1,1
9,8.539752926394888,7.413552560728917,RD9_F6_m9f6_P9_Y74_UO538,RD9_F6_m9f6_P9_Y72_UO649,RD6_F9_m6f9_P6_Y72_UO536,FXX,2,0.0,1,0,1.0,0,0,0,-9999.0,0.5101655078797194,1,P4_CV0,1,0,2,1,1
9,8.539752926394888,7.413552560728917,RD9_F6_m9f2_P9_Y74_UO713,RD9_F2_m6f2_P6_Y72_UO75,RD2_F5_m1f5_P1_Y72_UO103,MXY,2,0.0,1,0,0.0,0,0,0,-9999.0,0.5101685311292385,1,P4_CV0,1,2,0,1,1
9,8.539752926394888,7.413552560728917,RD9_F6_m3f2_P3_Y74_UO677,RD3_F7_m4f7_P4_Y72_UO766,RD2_F9_m6f9_P6_Y72_UO654,MXY,2,0.0,1,0,0.0,0,0,0,-9999.0,0.5101683424181829,1,P4_CV0,1,2,0,1,1
9,8.539752926394888,7.413552560728917,RD9_F2_m9f2_P9_Y74_UO75,RD9_F2_m6f2_P6_Y72_UO228,RD2_F9_m2f6_P2_Y72_UO217,FXX,2,0.0,1,0,1.0,0,0,0,-9999.0,0.510167792390348,1,P5_CV0,1,2,0,1,1
9,8.539752926394888,7.413552560728917,RD9_F2_m9f2_P9_Y74_UO76,RD9_F2_m6f2_P6_Y72_UO228,RD2_F9_m2f6_P2_Y72_UO217,FXX,2,0.0,1,0,1.0,0,0,0,-9999.0,0.510167792390348,1,P5_CV0,1,2,0,2,0
9,8.539752926394888,7.413552560728917,RD9_F6_m9f6_P9_Y74_UO730,RD9_F6_m9f6_P9_Y72_UO672,RD6_F3_m7f4_P7_Y72_UO464,FXX,2,0.0,1,0,1.0,0,0,0,-9999.0,0.5101666611335531,1,P5_CV0,1,1,1,0,2
9,8.539752926394888,7.413552560728917,RD9_F6_m9f6_P9_Y74_UO500,RD9_F2_m6f2_P6_Y72_UO228,RD6_F9_m6f3_P6_Y72_UO40,FXX,2,0.0,1,0,1.0,0,0,0,-9999.0,0.5101664206831629,1,P5_CV0,1,1,1,2,0
9,8.539752926394888,7.413552560728917,RD9_F6_m9f6_P9_Y74_UO729,RD9_F6_m9f6_P9_Y72_UO672,RD6_F3_m7f4_P7_Y72_UO464,FXX,2,0.0,1,0,1.0,0,0,0,-9999.0,0.5101666611335531,1,P5_CV0,1,1,1,0,2
9,8.539752926394888,7.413552560728917,RD9_F2_m3f2_P3_Y74_UO92,RD3_F5_m1f5_P1_Y72_UO596,RD2_F5_m1f5_P1_Y70_UO313,FXX,2,0.0,1,0,1.0,0,0,0,-9999.0,0.510167561682465,1,P7_CV0,1,1,1,1,1
9,8.539752926394888,7.413552560728917,RD9_F2_m3f6_P3_Y74_UO653,RD3_F5_m1f5_P1_Y72_UO399,RD6_F3_m6f9_P6_Y72_UO191,FXX,2,0.0,1,0,1.0,0,0,0,-9999.0,0.5101722732815688,1,P7_CV0,1,1,1,1,1
9,8.539752926394888,7.413552560728917,RD9_F6_m9f6_P9_Y74_UO376,RD9_F2_m3f2_P3_Y72_UO51,RD6_F9_m6f3_P6_Y72_UO62,MXY,2,0.0,1,0,0.0,0,0,0,-9999.0,0.5101686542038806,1,P7_CV0,1,0,2,2,0
9,8.539752926394888,7.413552560728917,RD9_F6_m3f6_P3_Y74_UO247,RD3_F2_m6f2_P6_Y72_UO509,RD6_F9_m6f3_P6_Y72_UO542,MXY,2,0.0,1,0,0.0,0,0,0,-9999.0,0.5101669940468128,1,P7_CV0,1,1,1,1,1
9,8.539752926394888,7.413552560728917,RD9_F6_m2f5_P2_Y74_UO672,RD2_F3_m6f9_P6_Y72_UO4,RD5_F2_m9f6_P9_Y70_UO619,FXX,2,0.0,1,0,1.0,0,0,0,-9999.0,0.5101736424385308,1,P7_CV0,1,1,1,0,2
9,8.539752926394888,7.413552560728917,RD9_F6_m2f6_P2_Y74_UO322,RD2_F6_m2f9_P2_Y72_UO684,RD6_F2_m9f2_P9_Y72_UO491,FXX,2,0.0,1,0,1.0,0,0,0,-9999.0,0.5101695902176289,1,P7_CV0,1,2,0,1,1
9,8.539752926394888,7.413552560728917,RD9_F6_m2f6_P2_Y74_UO735,RD2_F5_m2f6_P2_Y72_UO406,RD6_F9_m6f2_P6_Y72_UO700,MXY,2,0.0,1,0,0.0,0,0,0,-9999.0,0.5101665433776361,1,P7_CV0,1,1,1,1,1
9,8.539752926394888,7.413552560728917,RD9_F2_m3f5_P3_Y72_UO489,RD3_F2_m9f6_P9_Y70_UO666,RD5_F2_m5f2_P5_Y70_UO261,FXX,4,0.0,1,0,1.0,0,0,0,-9999.0,0.5101700092818646,1,P7_CV0,1,2,0,2,0
9,8.539752926394888,7.413552560728917,RD9_F2_m3f6_P3_Y74_UO331,RD3_F6_m2f6_P2_Y72_UO751,RD6_F9_m6f9_P6_Y72_UO716,FXX,2,0.0,1,0,1.0,0,0,0,-9999.0,0.5101695712273795,1,P8_CV0,1,1,1,1,1
9,8.539752926394888,7.413552560728917,RD9_F2_m5f1_P5_Y74_UO356,RD5_F3_m2f9_P2_Y72_UO530,RD1_F5_m1f5_P1_Y72_UO360,MXY,2,0.0,1,0,0.0,0,0,0,-9999.0,0.5101661518601759,1,P8_CV0,1,2,0,1,1
9,8.539752926394888,7.413552560728917,RD9_F6_m9f2_P9_Y74_UO244,RD9_F2_m3f2_P3_Y72_UO51,RD2_F9_m2f6_P2_Y72_UO658,FXX,2,0.0,1,0,1.0,0,0,0,-9999.0,0.5101683328502986,1,P8_CV0,1,0,2,1,1
9,8.539752926394888,7.413552560728917,RD9_F6_m2f6_P2_Y74_UO416,RD2_F6_m9f6_P9_Y72_UO568,RD6_F3_m6f9_P6_Y72_UO191,MXY,2,0.0,1,0,0.0,0,0,0,-9999.0,0.5101668813258584,1,P8_CV0,1,1,1,2,0
9,8.539752926394888,7.413552560728917,RD9_F6_m9f6_P9_Y74_UO649,RD9_F6_m2f9_P2_Y72_UO559,RD6_F2_m9f6_P9_Y72_UO647,MXY,2,0.0,1,0,0.0,0,0,0,-9999.0,0.5101661747394246,1,P8_CV0,1,2,0,2,0
9,8.539752926394888,7.413552560728917,RD9_F6_m9f6_P9_Y74_UO611,RD9_F6_m2f6_P2_Y72_UO752,RD6_F9_m6f2_P6_Y72_UO583,MXY,2,0.0,1,0,0.0,0,0,0,-9999.0,0.5101673006029159,1,P8_CV0,1,1,1,1,1
9,8.539752926394888,7.413552560728917,RD9_F6_m3f7_P3_Y74_UO89,RD3_F7_m4f8_P4_Y72_UO645,RD7_F3_m7f3_P7_Y72_UO486,FXX,2,0.0,1,0,1.0,0,0,0,-9999.0,0.5101672257078462,1,P8_CV0,1,2,0,1,1
9,8.539752926394888,7.413552560728917,RD9_F6_m3f2_P3_Y74_UO722,RD3_F7_m3f2_P3_Y72_UO53,RD2_F9_m6f9_P6_Y72_UO811,MXY,2,0.0,1,0,0.0,0,0,0,-9999.0,0.5101694280037918,1,P8_CV0,1,2,0,1,1
9,8.539752926394888,7.413552560728917,RD9_F6_m9f2_P9_Y74_UO1,RD9_F6_m3f2_P3_Y72_UO313,RD2_F5_m1f5_P1_Y70_UO710,MXY,2,0.0,1,0,0.0,0,0,0,-9999.0,0.5101643837133452,1,P8_CV0,1,0,2,2,0
9,8.539752926394888,7.413552560728917,RD9_F6_m3f2_P3_Y74_UO406,RD3_F7_m4f7_P4_Y72_UO436,RD2_F3_m6f2_P6_Y72_UO529,FXX,2,0.0,1,0,1.0,0,0,0,-9999.0,0.5101667104445369,1,P8_CV0,1,1,1,1,1
9,8.539752926394888,7.413552560728917,RD9_F6_m3f2_P3_Y74_UO723,RD3_F7_m3f2_P3_Y72_UO53,RD2_F9_m6f9_P6_Y72_UO811,FXX,2,0.0,1,0,1.0,0,0,0,-9999.0,0.5101694280037918,1,P8_CV0,1,1,1,1,1
9,8.539752926394888,7.413552560728917,RD9_F6_m3f6_P3_Y74_UO655,RD3_F5_m1f5_P1_Y72_UO399,RD6_F3_m6f9_P6_Y72_UO191,FXX,2,0.0,1,0,1.0,0,0,0,-9999.0,0.5101722732815688,1,P8_CV0,1,2,0,1,1
9,8.539752926394888,7.413552560728917,RD9_F6_m9f6_P9_Y74_UO54,RD9_F6_m3f2_P3_Y72_UO383,RD6_F2_m5f3_P5_Y72_UO726,MXY,2,0.0,1,0,0.0,0,0,0,-9999.0,0.5101668763563794,1,P8_CV0,1,1,1,1,1
9,8.539752926394888,7.413552560728917,RD9_F6_m9f2_P9_Y74_UO310,RD9_F2_m6f2_P6_Y72_UO75,RD2_F6_m3f2_P3_Y72_UO452,MXY,2,0.0,1,0,0.0,0,0,0,-9999.0,0.5101689323200844,1,P8_CV0,1,1,1,1,1
9,8.539752926394888,7.413552560728917,RD9_F6_m9f6_P9_Y74_UO224,RD9_F2_m3f2_P3_Y72_UO51,RD6_F3_m6f9_P6_Y72_UO191,FXX,2,0.0,1,0,1.0,0,0,0,-9999.0,0.5101713235580974,1,P8_CV0,1,1,1,2,0
