PatchID,XCOORD,YCOORD,ID,MID,FID,sex,age,size,mature,newmature,layeggs,capture,recapture,state,CDist,Hindex,Species,ClassFile,SubPatchID,L0A0,L0A1,L1A0,L1A1
1,4.359949021420038,0.38889347741837,RD1_F5_m5f1_P5_Y6_UO237,RD5_F1_m5f1_P5_Y4_UO470,RD1_F5_m1f5_P1_Y4_UO245,FXX,1,0.0,0,0,0.0,0,0,0,-9999.0,0.5625,1,P0_CV0,1,1,1,0,2
1,4.359949021420038,0.38889347741837,RD1_F5_m5f1_P5_Y6_UO267,RD5_F1_m5f1_P5_Y4_UO470,RD1_F5_m1f5_P1_Y4_UO412,FXX,1,0.0,0,0,0.0,0,0,0,-9999.0,0.5,1,P0_CV0,1,0,2,1,1
1,4.359949021420038,0.38889347741837,RD1_F5_m5f1_P5_Y6_UO269,RD5_F1_m5f1_P5_Y4_UO470,RD1_F5_m1f5_P1_Y4_UO412,MXY,1,0.0,0,0,0.0,0,0,0,-9999.0,0.5,1,P0_CV0,1,2,0,2,0
1,4.359949021420038,0.38889347741837,RD1_F5_m5f2_P5_Y6_UO402,RD5_F1_m5f1_P5_Y4_UO475,RD2_F9_m2f5_P2_Y4_UO629,FXX,1,0.0,0,0,0.0,0,0,0,-9999.0,0.5625,1,P0_CV0,1,0,2,1,1
1,4.359949021420038,0.38889347741837,RD1_F5_m5f1_P5_Y6_UO474,RD5_F1_m5f1_P5_Y4_UO475,RD1_F5_m3f5_P3_Y4_UO422,FXX,1,0.0,0,0,0.0,0,0,0,-9999.0,0.5,1,P0_CV0,1,0,2,1,1
1,4.359949021420038,0.38889347741837,RD1_F5_m5f3_P5_Y6_UO518,RD5_F2_m3f6_P3_Y4_UO588,RD3_F5_m1f5_P1_Y4_UO410,FXX,1,0.0,0,0,0.0,0,0,0,-9999.0,0.46875,1,P0_CV0,1,0,2,0,2
1,4.359949021420038,0.38889347741837,RD1_F5_m5f1_P5_Y6_UO606,RD5_F1_m5f1_P5_Y4_UO470,RD1_F5_m1f5_P1_Y4_UO541,MXY,1,0.0,0,0,0.0,0,0,0,-9999.0,0.375,1,P0_CV0,1,1,1,0,2
1,4.359949021420038,0.38889347741837,RD1_F5_m5f1_P5_Y6_UO607,RD5_F1_m5f1_P5_Y4_UO470,RD1_F5_m1f5_P1_Y4_UO541,MXY,1,0.0,0,0,0.0,0,0,0,-9999.0,0.375,1,P0_CV0,1,1,1,0,2
1,4.359949021420038,0.38889347741837,RD1_F5_m5f1_P5_Y6_UO609,RD5_F1_m5f1_P5_Y4_UO470,RD1_F5_m1f5_P1_Y4_UO541,FXX,1,0.0,0,0,0.0,0,0,0,-9999.0,0.375,1,P0_CV0,1,0,2,1,1
1,4.359949021420038,0.38889347741837,RD1_F5_m5f2_P5_Y6_UO612,RD5_F1_m5f1_P5_Y4_UO475,RD2_F9_m6f2_P6_Y4_UO306,FXX,1,0.0,0,0,0.0,0,0,0,-9999.0,0.46875,1,P0_CV0,1,0,2,2,0
1,4.359949021420038,0.38889347741837,RD1_F5_m5f2_P5_Y6_UO614,RD5_F1_m5f1_P5_Y4_UO475,RD2_F9_m6f2_P6_Y4_UO306,MXY,1,0.0,0,0,0.0,0,0,0,-9999.0,0.46875,1,P0_CV0,1,0,2,2,0
1,4.359949021420038,0.38889347741837,RD1_F5_m5f3_P5_Y6_UO649,RD5_F1_m5f2_P5_Y4_UO139,RD3_F2_m9f2_P9_Y4_UO73,FXX,1,0.0,0,0,0.0,0,0,0,-9999.0,0.375,1,P0_CV0,1,1,1,2,0
1,4.359949021420038,0.38889347741837,RD1_F5_m5f3_P5_Y6_UO652,RD5_F1_m5f2_P5_Y4_UO139,RD3_F2_m9f2_P9_Y4_UO73,FXX,1,0.0,0,0,0.0,0,0,0,-9999.0,0.375,1,P0_CV0,1,1,1,2,0
1,4.359949021420038,0.38889347741837,RD1_F5_m5f2_P5_Y6_UO224,RD5_F2_m9f2_P9_Y4_UO607,RD2_F3_m2f9_P2_Y4_UO451,MXY,1,0.0,0,0,0.0,0,0,0,-9999.0,0.5,1,P1_CV0,1,1,1,0,2
1,4.359949021420038,0.38889347741837,RD1_F5_m5f2_P5_Y6_UO225,RD5_F2_m9f2_P9_Y4_UO607,RD2_F3_m2f9_P2_Y4_UO451,FXX,1,0.0,0,0,0.0,0,0,0,-9999.0,0.5,1,P1_CV0,1,1,1,0,2
1,4.359949021420038,0.38889347741837,RD1_F5_m5f2_P5_Y6_UO227,RD5_F2_m9f2_P9_Y4_UO607,RD2_F3_m2f9_P2_Y4_UO451,FXX,1,0.0,0,0,0.0,0,0,0,-9999.0,0.5,1,P1_CV0,1,1,1,1,1
1,4.359949021420038,0.38889347741837,RD1_F5_m5f3_P5_Y6_UO517,RD5_F2_m3f6_P3_Y4_UO588,RD3_F5_m1f5_P1_Y4_UO410,FXX,1,0.0,0,0,0.0,0,0,0,-9999.0,0.46875,1,P1_CV0,1,0,2,0,2
1,4.359949021420038,0.38889347741837,RD1_F5_m5f3_P5_Y6_UO519,RD5_F2_m3f6_P3_Y4_UO588,RD3_F5_m1f5_P1_Y4_UO410,FXX,1,0.0,0,0,0.0,0,0,0,-9999.0,0.46875,1,P1_CV0,1,0,2,1,1
1,4.359949021420038,0.38889347741837,RD1_F5_m5f3_P5_Y6_UO520,RD5_F2_m3f6_P3_Y4_UO588,RD3_F5_m1f5_P1_Y4_UO410,FXX,1,0.0,0,0,0.0,0,0,0,-9999.0,0.46875,1,P1_CV0,1,1,1,1,1
1,4.359949021420038,0.38889347741837,RD1_F5_m1f5_P1_Y5_UO33,RD1_F5_m1f5_P1_Y3_UO388,RD5_F3_m6f2_P6_Y3_UO298,FXX,2,0.0,1,0,1.0,0,0,0,-9999.0,0.4375,1,P1_CV0,1,0,2,2,0
1,4.359949021420038,0.38889347741837,RD1_F5_m2f9_P2_Y5_UO236,RD2_F9_m2f5_P2_Y3_UO125,RD9_F2_m9f6_P9_Y3_UO197,MXY,2,0.0,1,0,0.0,0,0,0,-9999.0,0.3125,1,P1_CV0,1,0,2,2,0
1,4.359949021420038,0.38889347741837,RD1_F5_m5f3_P5_Y6_UO115,RD5_F1_m5f2_P5_Y4_UO535,RD3_F7_m4f7_P4_Y4_UO41,MXY,1,0.0,0,0,0.0,0,0,0,-9999.0,0.40625,1,P2_CV0,1,1,1,1,1
1,4.359949021420038,0.38889347741837,RD1_F5_m5f3_P5_Y6_UO116,RD5_F1_m5f2_P5_Y4_UO535,RD3_F7_m4f7_P4_Y4_UO41,MXY,1,0.0,0,0,0.0,0,0,0,-9999.0,0.40625,1,P2_CV0,1,1,1,2,0
1,4.359949021420038,0.38889347741837,RD1_F5_m5f3_P5_Y6_UO342,RD5_F1_m5f2_P5_Y4_UO535,RD3_F2_m9f2_P9_Y4_UO73,FXX,1,0.0,0,0,0.0,0,0,0,-9999.0,0.3125,1,P2_CV0,1,0,2,0,2
1,4.359949021420038,0.38889347741837,RD1_F5_m5f3_P5_Y6_UO374,RD5_F2_m9f2_P9_Y4_UO607,RD3_F2_m9f6_P9_Y4_UO133,MXY,1,0.0,0,0,0.0,0,0,0,-9999.0,0.46875,1,P2_CV0,1,0,2,1,1
1,4.359949021420038,0.38889347741837,RD1_F5_m5f3_P5_Y6_UO375,RD5_F2_m9f2_P9_Y4_UO607,RD3_F2_m9f6_P9_Y4_UO133,FXX,1,0.0,0,0,0.0,0,0,0,-9999.0,0.46875,1,P2_CV0,1,1,1,1,1
1,4.359949021420038,0.38889347741837,RD1_F5_m5f3_P5_Y6_UO377,RD5_F2_m9f2_P9_Y4_UO607,RD3_F2_m9f6_P9_Y4_UO133,MXY,1,0.0,0,0,0.0,0,0,0,-9999.0,0.46875,1,P2_CV0,1,0,2,0,2
1,4.359949021420038,0.38889347741837,RD1_F5_m5f1_P5_Y6_UO472,RD5_F1_m5f1_P5_Y4_UO475,RD1_F5_m3f5_P3_Y4_UO422,FXX,1,0.0,0,0,0.0,0,0,0,-9999.0,0.5,1,P2_CV0,1,1,1,0,2
1,4.359949021420038,0.38889347741837,RD1_F5_m3f7_P3_Y4_UO491,RD3_F2_m9f2_P9_Y2_UO357,RD7_F4_m8f4_P8_Y2_UO28,FXX,3,0.0,1,0,1.0,0,0,0,-9999.0,0.375,1,P2_CV0,1,0,2,1,1
1,4.359949021420038,0.38889347741837,RD1_F5_m5f3_P5_Y6_UO117,RD5_F1_m5f2_P5_Y4_UO535,RD3_F7_m4f7_P4_Y4_UO41,MXY,1,0.0,0,0,0.0,0,0,0,-9999.0,0.40625,1,P3_CV0,1,1,1,2,0
1,4.359949021420038,0.38889347741837,RD1_F5_m5f2_P5_Y6_UO581,RD5_F2_m9f2_P9_Y4_UO607,RD2_F6_m3f7_P3_Y4_UO5,FXX,1,0.0,0,0,0.0,0,0,0,-9999.0,0.46875,1,P3_CV0,1,1,1,1,1
1,4.359949021420038,0.38889347741837,RD1_F5_m5f2_P5_Y6_UO622,RD5_F3_m2f3_P2_Y4_UO228,RD2_F9_m6f9_P6_Y4_UO508,MXY,1,0.0,0,0,0.0,0,0,0,-9999.0,0.59375,1,P3_CV0,1,1,1,0,2
1,4.359949021420038,0.38889347741837,RD1_F5_m5f2_P5_Y6_UO625,RD5_F3_m2f3_P2_Y4_UO228,RD2_F9_m6f9_P6_Y4_UO508,FXX,1,0.0,0,0,0.0,0,0,0,-9999.0,0.59375,1,P3_CV0,1,0,2,0,2
1,4.359949021420038,0.38889347741837,RD1_F5_m5f2_P5_Y6_UO626,RD5_F3_m2f3_P2_Y4_UO228,RD2_F9_m6f9_P6_Y4_UO508,FXX,1,0.0,0,0,0.0,0,0,0,-9999.0,0.59375,1,P3_CV0,1,2,0,0,2
1,4.359949021420038,0.38889347741837,RD1_F5_m1f5_P1_Y5_UO62,RD1_F5_m3f5_P3_Y3_UO212,RD5_F1_m5f2_P5_Y3_UO369,MXY,2,0.0,1,0,0.0,0,0,0,-9999.0,0.3125,1,P3_CV0,1,0,2,1,1
1,4.359949021420038,0.38889347741837,RD1_F5_m1f5_P1_Y5_UO60,RD1_F5_m1f5_P1_Y3_UO247,RD5_F2_m3f5_P3_Y3_UO237,FXX,2,0.0,1,0,1.0,0,0,0,-9999.0,0.5,1,P4_CV0,1,1,1,1,1
1,4.359949021420038,0.38889347741837,RD1_F5_m1f5_P1_Y5_UO30,RD1_F5_m1f5_P1_Y3_UO388,RD5_F3_m6f2_P6_Y3_UO298,MXY,2,0.0,1,0,0.0,0,0,0,-9999.0,0.4375,1,P4_CV0,1,1,1,1,1
1,4.359949021420038,0.38889347741837,RD1_F5_m1f5_P1_Y5_UO94,RD1_F5_m1f5_P1_Y3_UO380,RD5_F2_m3f5_P3_Y3_UO237,MXY,2,0.0,1,0,0.0,0,0,0,-9999.0,0.375,1,P4_CV0,1,1,1,1,1
1,4.359949021420038,0.38889347741837,RD1_F5_m1f5_P1_Y5_UO29,RD1_F5_m1f5_P1_Y3_UO388,RD5_F3_m6f2_P6_Y3_UO298,FXX,2,0.0,1,0,1.0,0,0,0,-9999.0,0.4375,1,P4_CV0,1,0,2,1,1
1,4.359949021420038,0.38889347741837,RD1_F5_m1f5_P1_Y5_UO196,RD1_F5_m1f5_P1_Y3_UO247,RD5_F3_m1f5_P1_Y2_UO603,MXY,2,0.0,1,0,0.0,0,0,0,-9999.0,0.6875,1,P4_CV0,1,2,0,1,1
1,4.359949021420038,0.38889347741837,RD1_F5_m1f5_P1_Y5_UO97,RD1_F5_m1f5_P1_Y3_UO380,RD5_F2_m3f5_P3_Y3_UO237,FXX,2,0.0,1,0,1.0,0,0,0,-9999.0,0.375,1,P4_CV0,1,1,1,1,1
1,4.359949021420038,0.38889347741837,RD1_F5_m5f2_P5_Y6_UO222,RD5_F2_m9f2_P9_Y4_UO607,RD2_F3_m2f9_P2_Y4_UO451,MXY,1,0.0,0,0,0.0,0,0,0,-9999.0,0.5,1,P5_CV0,1,1,1,1,1
1,4.359949021420038,0.38889347741837,RD1_F5_m5f3_P5_Y6_UO338,RD5_F1_m5f2_P5_Y4_UO535,RD3_F2_m9f2_P9_Y4_UO73,FXX,1,0.0,0,0,0.0,0,0,0,-9999.0,0.3125,1,P5_CV0,1,0,2,0,2
1,4.359949021420038,0.38889347741837,RD1_F5_m5f3_P5_Y6_UO339,RD5_F1_m5f2_P5_Y4_UO535,RD3_F2_m9f2_P9_Y4_UO73,FXX,1,0.0,0,0,0.0,0,0,0,-9999.0,0.3125,1,P5_CV0,1,0,2,0,2
1,4.359949021420038,0.38889347741837,RD1_F5_m5f3_P5_Y6_UO341,RD5_F1_m5f2_P5_Y4_UO535,RD3_F2_m9f2_P9_Y4_UO73,MXY,1,0.0,0,0,0.0,0,0,0,-9999.0,0.3125,1,P5_CV0,1,0,2,0,2
1,4.359949021420038,0.38889347741837,RD1_F5_m5f3_P5_Y6_UO343,RD5_F1_m5f2_P5_Y4_UO535,RD3_F2_m9f2_P9_Y4_UO73,MXY,1,0.0,0,0,0.0,0,0,0,-9999.0,0.3125,1,P5_CV0,1,0,2,1,1
1,4.359949021420038,0.38889347741837,RD1_F5_m5f3_P5_Y6_UO372,RD5_F2_m9f2_P9_Y4_UO607,RD3_F2_m9f6_P9_Y4_UO133,MXY,1,0.0,0,0,0.0,0,0,0,-9999.0,0.46875,1,P5_CV0,1,0,2,0,2
1,4.359949021420038,0.38889347741837,RD1_F5_m5f3_P5_Y6_UO373,RD5_F2_m9f2_P9_Y4_UO607,RD3_F2_m9f6_P9_Y4_UO133,MXY,1,0.0,0,0,0.0,0,0,0,-9999.0,0.46875,1,P5_CV0,1,1,1,1,1
1,4.359949021420038,0.38889347741837,RD1_F5_m5f3_P5_Y6_UO376,RD5_F2_m9f2_P9_Y4_UO607,RD3_F2_m9f6_P9_Y4_UO133,FXX,1,0.0,0,0,0.0,0,0,0,-9999.0,0.46875,1,P5_CV0,1,1,1,0,2
1,4.359949021420038,0.38889347741837,RD1_F5_m5f3_P5_Y6_UO387,RD5_F3_m7f4_P7_Y4_UO564,RD3_F7_m3f5_P3_Y4_UO290,MXY,1,0.0,0,0,0.0,0,0,0,-9999.0,0.375,1,P5_CV0,1,0,2,1,1
1,4.359949021420038,0.38889347741837,RD1_F5_m5f3_P5_Y6_UO388,RD5_F3_m7f4_P7_Y4_UO564,RD3_F7_m3f5_P3_Y4_UO290,FXX,1,0.0,0,0,0.0,0,0,0,-9999.0,0.375,1,P5_CV0,1,2,0,2,0
1,4.359949021420038,0.38889347741837,RD1_F5_m5f2_P5_Y6_UO401,RD5_F1_m5f1_P5_Y4_UO475,RD2_F9_m2f5_P2_Y4_UO629,MXY,1,0.0,0,0,0.0,0,0,0,-9999.0,0.5625,1,P5_CV0,1,1,1,0,2
1,4.359949021420038,0.38889347741837,RD1_F5_m5f2_P5_Y6_UO403,RD5_F1_m5f1_P5_Y4_UO475,RD2_F9_m2f5_P2_Y4_UO629,MXY,1,0.0,0,0,0.0,0,0,0,-9999.0,0.5625,1,P5_CV0,1,0,2,1,1
1,4.359949021420038,0.38889347741837,RD1_F5_m5f2_P5_Y6_UO583,RD5_F2_m9f2_P9_Y4_UO607,RD2_F6_m3f7_P3_Y4_UO5,FXX,1,0.0,0,0,0.0,0,0,0,-9999.0,0.46875,1,P5_CV0,1,1,1,1,1
1,4.359949021420038,0.38889347741837,RD1_F5_m5f3_P5_Y6_UO650,RD5_F1_m5f2_P5_Y4_UO139,RD3_F2_m9f2_P9_Y4_UO73,MXY,1,0.0,0,0,0.0,0,0,0,-9999.0,0.375,1,P5_CV0,1,0,2,0,2
1,4.359949021420038,0.38889347741837,RD1_F5_m5f3_P5_Y6_UO651,RD5_F1_m5f2_P5_Y4_UO139,RD3_F2_m9f2_P9_Y4_UO73,FXX,1,0.0,0,0,0.0,0,0,0,-9999.0,0.375,1,P5_CV0,1,0,2,2,0
1,4.359949021420038,0.38889347741837,RD1_F5_m5f2_P5_Y4_UO140,RD5_F2_m3f6_P3_Y2_UO253,RD2_F6_m5f3_P5_Y1_UO118,MXY,3,0.0,1,0,0.0,0,0,0,-9999.0,0.4375,1,P5_CV0,1,1,1,2,0
1,4.359949021420038,0.38889347741837,RD1_F5_m5f2_P5_Y6_UO530,RD5_F2_m3f6_P3_Y4_UO588,RD2_F3_m7f4_P7_Y4_UO523,FXX,1,0.0,0,0,0.0,0,0,0,-9999.0,0.46875,1,P6_CV0,1,0,2,2,0
1,4.359949021420038,0.38889347741837,RD1_F5_m5f2_P5_Y6_UO531,RD5_F2_m3f6_P3_Y4_UO588,RD2_F3_m7f4_P7_Y4_UO523,MXY,1,0.0,0,0,0.0,0,0,0,-9999.0,0.46875,1,P6_CV0,1,0,2,1,1
1,4.359949021420038,0.38889347741837,RD1_F5_m5f2_P5_Y6_UO532,RD5_F2_m3f6_P3_Y4_UO588,RD2_F3_m7f4_P7_Y4_UO523,MXY,1,0.0,0,0,0.0,0,0,0,-9999.0,0.46875,1,P6_CV0,1,0,2,2,0
1,4.359949021420038,0.38889347741837,RD1_F5_m5f1_P5_Y6_UO233,RD5_F1_m5f1_P5_Y4_UO470,RD1_F5_m1f5_P1_Y4_UO245,FXX,1,0.0,0,0,0.0,0,0,0,-9999.0,0.5625,1,P8_CV0,1,1,1,2,0
1,4.359949021420038,0.38889347741837,RD1_F5_m5f1_P5_Y6_UO236,RD5_F1_m5f1_P5_Y4_UO470,RD1_F5_m1f5_P1_Y4_UO245,FXX,1,0.0,0,0,0.0,0,0,0,-9999.0,0.5625,1,P8_CV0,1,1,1,2,0
1,4.359949021420038,0.38889347741837,RD1_F5_m5f2_P5_Y6_UO611,RD5_F1_m5f1_P5_Y4_UO475,RD2_F9_m6f2_P6_Y4_UO306,FXX,1,0.0,0,0,0.0,0,0,0,-9999.0,0.46875,1,P8_CV0,1,0,2,1,1
1,4.359949021420038,0.38889347741837,RD1_F5_m5f2_P5_Y6_UO613,RD5_F1_m5f1_P5_Y4_UO475,RD2_F9_m6f2_P6_Y4_UO306,MXY,1,0.0,0,0,0.0,0,0,0,-9999.0,0.46875,1,P8_CV0,1,0,2,2,0
1,4.359949021420038,0.38889347741837,RD1_F5_m5f2_P5_Y6_UO621,RD5_F3_m2f3_P2_Y4_UO228,RD2_F9_m6f9_P6_Y4_UO508,MXY,1,0.0,0,0,0.0,0,0,0,-9999.0,0.59375,1,P8_CV0,1,0,2,0,2
1,4.359949021420038,0.38889347741837,RD1_F5_m5f2_P5_Y6_UO623,RD5_F3_m2f3_P2_Y4_UO228,RD2_F9_m6f9_P6_Y4_UO508,MXY,1,0.0,0,0,0.0,0,0,0,-9999.0,0.59375,1,P8_CV0,1,0,2,0,2
1,4.359949021420038,0.38889347741837,RD1_F5_m5f2_P5_Y6_UO627,RD5_F3_m2f3_P2_Y4_UO228,RD2_F9_m6f9_P6_Y4_UO508,FXX,1,0.0,0,0,0.0,0,0,0,-9999.0,0.59375,1,P8_CV0,1,1,1,1,1
1,4.359949021420038,0.38889347741837,RD1_F5_m1f5_P1_Y5_UO348,RD1_F5_m1f5_P1_Y3_UO177,RD5_F1_m5f2_P5_Y3_UO175,FXX,2,0.0,1,0,1.0,0,0,0,-9999.0,0.375,1,P8_CV0,1,2,0,1,1
2,5.496624778787091,6.529835889274153,RD2_F6_m6f3_P6_Y6_UO552,RD6_F9_m6f3_P6_Y4_UO605,RD3_F7_m4f8_P4_Y4_UO382,MXY,1,0.0,0,0,0.0,0,0,0,-9999.0,0.71875,1,P0_CV0,1,1,1,2,0
2,5.496624778787091,6.529835889274153,RD2_F3_m3f5_P3_Y6_UO247,RD3_F7_m4f7_P4_Y4_UO43,RD5_F2_m5f3_P5_Y4_UO356,FXX,1,0.0,0,0,0.0,0,0,0,-9999.0,0.625,1,P0_CV0,1,1,1,0,2
2,5.496624778787091,6.529835889274153,RD2_F5_m1f5_P1_Y5_UO351,RD1_F5_m1f5_P1_Y3_UO177,RD5_F1_m5f2_P5_Y3_UO175,MXY,2,0.0,1,0,0.0,0,0,0,-9999.0,0.375,1,P0_CV0,1,2,0,1,1
2,5.496624778787091,6.529835889274153,RD2_F6_m2f9_P2_Y5_UO240,RD2_F9_m2f5_P2_Y3_UO125,RD9_F2_m9f6_P9_Y3_UO197,MXY,2,0.0,1,0,0.0,0,0,0,-9999.0,0.3125,1,P0_CV0,1,0,2,1,1
2,5.496624778787091,6.529835889274153,RD2_F9_m2f9_P2_Y5_UO233,RD2_F9_m2f5_P2_Y3_UO125,RD9_F2_m9f6_P9_Y3_UO197,MXY,2,0.0,1,0,0.0,0,0,0,-9999.0,0.3125,1,P0_CV0,1,0,2,1,1
2,5.496624778787091,6.529835889274153,RD2_F3_m3f2_P3_Y6_UO121,RD3_F2_m9f6_P9_Y4_UO478,RD2_F9_m9f6_P9_Y3_UO197,MXY,1,0.0,0,0,0.0,0,0,0,-9999.0,0.4375,1,P1_CV0,1,0,2,1,1
2,5.496624778787091,6.529835889274153,RD2_F9_m9f2_P9_Y6_UO78,RD9_F6_m2f9_P2_Y4_UO453,RD2_F3_m6f9_P6_Y4_UO507,MXY,1,0.0,0,0,0.0,0,0,0,-9999.0,0.65625,1,P1_CV0,1,1,1,1,1
2,5.496624778787091,6.529835889274153,RD2_F6_m6f2_P6_Y6_UO274,RD6_F2_m6f9_P6_Y4_UO267,RD2_F9_m2f3_P2_Y4_UO84,MXY,1,0.0,0,0,0.0,0,0,0,-9999.0,0.59375,1,P1_CV0,1,0,2,0,2
2,5.496624778787091,6.529835889274153,RD2_F3_m3f5_P3_Y6_UO443,RD3_F5_m1f5_P1_Y4_UO430,RD5_F1_m5f3_P5_Y4_UO350,MXY,1,0.0,0,0,0.0,0,0,0,-9999.0,0.6875,1,P1_CV0,1,1,1,1,1
2,5.496624778787091,6.529835889274153,RD2_F9_m9f6_P9_Y6_UO635,RD9_F6_m3f6_P3_Y4_UO408,RD6_F9_m2f5_P2_Y4_UO611,FXX,1,0.0,0,0,0.0,0,0,0,-9999.0,0.40625,1,P1_CV0,1,1,1,2,0
2,5.496624778787091,6.529835889274153,RD2_F9_m9f6_P9_Y6_UO634,RD9_F6_m3f6_P3_Y4_UO408,RD6_F9_m2f5_P2_Y4_UO611,FXX,1,0.0,0,0,0.0,0,0,0,-9999.0,0.40625,1,P1_CV0,1,1,1,1,1
2,5.496624778787091,6.529835889274153,RD2_F9_m9f2_P9_Y6_UO77,RD9_F6_m2f9_P2_Y4_UO453,RD2_F3_m6f9_P6_Y4_UO507,MXY,1,0.0,0,0,0.0,0,0,0,-9999.0,0.65625,1,P1_CV0,1,2,0,2,0
2,5.496624778787091,6.529835889274153,RD2_F9_m9f2_P9_Y6_UO79,RD9_F6_m2f9_P2_Y4_UO453,RD2_F3_m6f9_P6_Y4_UO507,FXX,1,0.0,0,0,0.0,0,0,0,-9999.0,0.65625,1,P1_CV0,1,1,1,1,1
2,5.496624778787091,6.529835889274153,RD2_F3_m3f5_P3_Y6_UO129,RD3_F7_m3f7_P3_Y4_UO601,RD5_F3_m2f6_P2_Y4_UO457,FXX,1,0.0,0,0,0.0,0,0,0,-9999.0,0.4375,1,P1_CV0,1,2,0,0,2
2,5.496624778787091,6.529835889274153,RD2_F9_m2f9_P2_Y5_UO239,RD2_F9_m2f5_P2_Y3_UO125,RD9_F2_m9f6_P9_Y3_UO197,MXY,2,0.0,1,0,0.0,0,0,0,-9999.0,0.3125,1,P1_CV0,1,1,1,2,0
2,5.496624778787091,6.529835889274153,RD2_F9_m6f9_P6_Y5_UO226,RD6_F3_m7f4_P7_Y3_UO139,RD9_F2_m9f6_P9_Y3_UO197,MXY,2,0.0,1,0,0.0,0,0,0,-9999.0,0.4375,1,P1_CV0,1,0,2,2,0
2,5.496624778787091,6.529835889274153,RD2_F9_m2f9_P2_Y5_UO205,RD2_F9_m6f2_P6_Y3_UO91,RD9_F2_m9f6_P9_Y3_UO197,FXX,2,0.0,1,0,1.0,0,0,0,-9999.0,0.5,1,P1_CV0,1,1,1,0,2
2,5.496624778787091,6.529835889274153,RD2_F5_m1f5_P1_Y5_UO32,RD1_F5_m1f5_P1_Y3_UO388,RD5_F3_m6f2_P6_Y3_UO298,FXX,2,0.0,1,0,1.0,0,0,0,-9999.0,0.4375,1,P1_CV0,1,0,2,2,0
2,5.496624778787091,6.529835889274153,RD2_F9_m6f9_P6_Y5_UO225,RD6_F3_m7f4_P7_Y3_UO139,RD9_F2_m9f6_P9_Y3_UO197,FXX,2,0.0,1,0,1.0,0,0,0,-9999.0,0.4375,1,P1_CV0,1,0,2,2,0
2,5.496624778787091,6.529835889274153,RD2_F5_m1f5_P1_Y5_UO28,RD1_F5_m1f5_P1_Y3_UO388,RD5_F3_m6f2_P6_Y3_UO298,MXY,2,0.0,1,0,0.0,0,0,0,-9999.0,0.4375,1,P1_CV0,1,0,2,2,0
2,5.496624778787091,6.529835889274153,RD2_F9_m6f9_P6_Y5_UO479,RD6_F9_m6f2_P6_Y3_UO94,RD9_F2_m9f6_P9_Y3_UO197,FXX,2,0.0,1,0,1.0,0,0,0,-9999.0,0.5,1,P1_CV0,1,1,1,1,1
2,5.496624778787091,6.529835889274153,RD2_F3_m6f9_P6_Y4_UO3,RD6_F9_m6f3_P6_Y2_UO381,RD9_F2_m6f3_P6_Y2_UO382,FXX,3,0.0,1,0,1.0,0,0,0,-9999.0,0.75,1,P1_CV0,1,2,0,2,0
2,5.496624778787091,6.529835889274153,RD2_F3_m3f5_P3_Y6_UO442,RD3_F5_m1f5_P1_Y4_UO430,RD5_F1_m5f3_P5_Y4_UO350,FXX,1,0.0,0,0,0.0,0,0,0,-9999.0,0.6875,1,P2_CV0,1,2,0,1,1
2,5.496624778787091,6.529835889274153,RD2_F6_m9f6_P9_Y5_UO419,RD9_F6_m2f3_P2_Y3_UO449,RD6_F2_m9f6_P9_Y3_UO195,FXX,2,0.0,1,0,1.0,0,0,0,-9999.0,0.4375,1,P2_CV0,1,2,0,0,2
2,5.496624778787091,6.529835889274153,RD2_F6_m6f2_P6_Y6_UO352,RD6_F9_m6f2_P6_Y4_UO376,RD2_F5_m2f5_P2_Y4_UO619,FXX,1,0.0,0,0,0.0,0,0,0,-9999.0,0.625,1,P3_CV0,1,2,0,1,1
2,5.496624778787091,6.529835889274153,RD2_F9_m9f6_P9_Y6_UO544,RD9_F6_m9f6_P9_Y4_UO336,RD6_F9_m2f3_P2_Y4_UO227,FXX,1,0.0,0,0,0.0,0,0,0,-9999.0,0.53125,1,P3_CV0,1,1,1,1,1
2,5.496624778787091,6.529835889274153,RD2_F5_m5f3_P5_Y6_UO118,RD5_F1_m5f2_P5_Y4_UO535,RD3_F7_m4f7_P4_Y4_UO41,MXY,1,0.0,0,0,0.0,0,0,0,-9999.0,0.40625,1,P3_CV0,1,1,1,1,1
2,5.496624778787091,6.529835889274153,RD2_F9_m9f2_P9_Y6_UO76,RD9_F6_m2f9_P2_Y4_UO453,RD2_F3_m6f9_P6_Y4_UO507,FXX,1,0.0,0,0,0.0,0,0,0,-9999.0,0.65625,1,P3_CV0,1,2,0,2,0
2,5.496624778787091,6.529835889274153,RD2_F9_m9f6_P9_Y6_UO536,RD9_F6_m9f6_P9_Y4_UO336,RD6_F9_m2f3_P2_Y4_UO227,MXY,1,0.0,0,0,0.0,0,0,0,-9999.0,0.53125,1,P3_CV0,1,2,0,1,1
2,5.496624778787091,6.529835889274153,RD2_F9_m9f2_P9_Y6_UO74,RD9_F6_m2f9_P2_Y4_UO453,RD2_F3_m6f9_P6_Y4_UO507,MXY,1,0.0,0,0,0.0,0,0,0,-9999.0,0.65625,1,P3_CV0,1,2,0,2,0
2,5.496624778787091,6.529835889274153,RD2_F9_m9f6_P9_Y6_UO543,RD9_F6_m9f6_P9_Y4_UO336,RD6_F9_m2f3_P2_Y4_UO227,MXY,1,0.0,0,0,0.0,0,0,0,-9999.0,0.53125,1,P3_CV0,1,1,1,1,1
2,5.496624778787091,6.529835889274153,RD2_F6_m6f9_P6_Y6_UO125,RD6_F9_m2f3_P2_Y4_UO225,RD9_F6_m3f6_P3_Y4_UO211,FXX,1,0.0,0,0,0.0,0,0,0,-9999.0,0.5,1,P3_CV0,1,2,0,0,2
2,5.496624778787091,6.529835889274153,RD2_F6_m6f2_P6_Y6_UO351,RD6_F9_m6f2_P6_Y4_UO376,RD2_F5_m2f5_P2_Y4_UO619,FXX,1,0.0,0,0,0.0,0,0,0,-9999.0,0.625,1,P3_CV0,1,1,1,0,2
2,5.496624778787091,6.529835889274153,RD2_F3_m6f9_P6_Y5_UO157,RD6_F2_m3f7_P3_Y3_UO15,RD9_F2_m2f5_P2_Y2_UO14,MXY,2,0.0,1,0,0.0,0,0,0,-9999.0,0.5625,1,P3_CV0,1,1,1,0,2
2,5.496624778787091,6.529835889274153,RD2_F9_m9f6_P9_Y6_UO47,RD9_F6_m9f2_P9_Y4_UO609,RD6_F3_m6f9_P6_Y4_UO418,MXY,1,0.0,0,0,0.0,0,0,0,-9999.0,0.40625,1,P4_CV0,1,0,2,0,2
2,5.496624778787091,6.529835889274153,RD2_F9_m9f6_P9_Y6_UO155,RD9_F2_m9f6_P9_Y4_UO366,RD6_F9_m6f9_P6_Y4_UO121,FXX,1,0.0,0,0,0.0,0,0,0,-9999.0,0.40625,1,P4_CV0,1,0,2,0,2
2,5.496624778787091,6.529835889274153,RD2_F6_m6f9_P6_Y6_UO410,RD6_F9_m6f9_P6_Y4_UO268,RD9_F6_m9f2_P9_Y4_UO72,FXX,1,0.0,0,0,0.0,0,0,0,-9999.0,0.375,1,P4_CV0,1,1,1,1,1
2,5.496624778787091,6.529835889274153,RD2_F9_m9f6_P9_Y6_UO98,RD9_F6_m9f2_P9_Y4_UO247,RD6_F9_m2f5_P2_Y4_UO616,FXX,1,0.0,0,0,0.0,0,0,0,-9999.0,0.5,1,P4_CV0,1,1,1,1,1
2,5.496624778787091,6.529835889274153,RD2_F6_m6f9_P6_Y6_UO424,RD6_F9_m6f3_P6_Y4_UO10,RD9_F6_m9f2_P9_Y4_UO14,FXX,1,0.0,0,0,0.0,0,0,0,-9999.0,0.375,1,P4_CV0,1,2,0,1,1
2,5.496624778787091,6.529835889274153,RD2_F3_m3f6_P3_Y6_UO678,RD3_F7_m3f6_P3_Y4_UO632,RD6_F9_m2f5_P2_Y4_UO496,FXX,1,0.0,0,0,0.0,0,0,0,-9999.0,0.65625,1,P4_CV0,1,2,0,2,0
2,5.496624778787091,6.529835889274153,RD2_F9_m9f6_P9_Y6_UO159,RD9_F2_m9f6_P9_Y4_UO366,RD6_F9_m6f9_P6_Y4_UO121,MXY,1,0.0,0,0,0.0,0,0,0,-9999.0,0.40625,1,P4_CV0,1,0,2,0,2
2,5.496624778787091,6.529835889274153,RD2_F9_m9f6_P9_Y6_UO542,RD9_F6_m9f6_P9_Y4_UO336,RD6_F9_m2f3_P2_Y4_UO227,FXX,1,0.0,0,0,0.0,0,0,0,-9999.0,0.53125,1,P4_CV0,1,1,1,1,1
2,5.496624778787091,6.529835889274153,RD2_F9_m9f6_P9_Y6_UO490,RD9_F6_m3f7_P3_Y4_UO636,RD6_F3_m6f9_P6_Y4_UO123,MXY,1,0.0,0,0,0.0,0,0,0,-9999.0,0.40625,1,P4_CV0,1,2,0,1,1
2,5.496624778787091,6.529835889274153,RD2_F3_m3f7_P3_Y6_UO462,RD3_F5_m1f5_P1_Y4_UO566,RD7_F3_m6f9_P6_Y4_UO602,MXY,1,0.0,0,0,0.0,0,0,0,-9999.0,0.5,1,P4_CV0,1,1,1,2,0
2,5.496624778787091,6.529835889274153,RD2_F9_m9f6_P9_Y6_UO158,RD9_F2_m9f6_P9_Y4_UO366,RD6_F9_m6f9_P6_Y4_UO121,FXX,1,0.0,0,0,0.0,0,0,0,-9999.0,0.40625,1,P4_CV0,1,0,2,0,2
2,5.496624778787091,6.529835889274153,RD2_F6_m6f9_P6_Y6_UO355,RD6_F9_m6f3_P6_Y4_UO10,RD9_F6_m9f6_P9_Y4_UO488,MXY,1,0.0,0,0,0.0,0,0,0,-9999.0,0.5,1,P4_CV0,1,1,1,0,2
2,5.496624778787091,6.529835889274153,RD2_F9_m9f6_P9_Y6_UO534,RD9_F6_m9f6_P9_Y4_UO336,RD6_F9_m2f3_P2_Y4_UO227,FXX,1,0.0,0,0,0.0,0,0,0,-9999.0,0.53125,1,P4_CV0,1,1,1,1,1
2,5.496624778787091,6.529835889274153,RD2_F9_m9f6_P9_Y6_UO486,RD9_F6_m3f7_P3_Y4_UO636,RD6_F3_m6f9_P6_Y4_UO123,MXY,1,0.0,0,0,0.0,0,0,0,-9999.0,0.40625,1,P4_CV0,1,2,0,1,1
2,5.496624778787091,6.529835889274153,RD2_F6_m2f5_P2_Y5_UO152,RD2_F9_m6f2_P6_Y3_UO91,RD5_F2_m3f5_P3_Y3_UO237,FXX,2,0.0,1,0,1.0,0,0,0,-9999.0,0.4375,1,P4_CV0,1,1,1,1,1
2,5.496624778787091,6.529835889274153,RD2_F5_m1f5_P1_Y5_UO34,RD1_F5_m1f5_P1_Y3_UO388,RD5_F3_m6f2_P6_Y3_UO298,MXY,2,0.0,1,0,0.0,0,0,0,-9999.0,0.4375,1,P4_CV0,1,1,1,2,0
2,5.496624778787091,6.529835889274153,RD2_F6_m6f9_P6_Y4_UO123,RD6_F9_m6f3_P6_Y2_UO3,RD9_F2_m6f9_P6_Y1_UO288,MXY,3,0.0,1,0,0.0,0,0,0,-9999.0,0.4375,1,P4_CV0,1,2,0,0,2
2,5.496624778787091,6.529835889274153,RD2_F9_m9f2_P9_Y4_UO342,RD9_F6_m9f6_P9_Y2_UO364,RD2_F6_m5f3_P5_Y1_UO118,MXY,3,0.0,1,0,0.0,0,0,0,-9999.0,0.4375,1,P4_CV0,1,1,1,1,1
2,5.496624778787091,6.529835889274153,RD2_F9_m9f6_P9_Y6_UO630,RD9_F6_m3f6_P3_Y4_UO408,RD6_F9_m2f5_P2_Y4_UO611,FXX,1,0.0,0,0,0.0,0,0,0,-9999.0,0.40625,1,P5_CV0,1,1,1,0,2
2,5.496624778787091,6.529835889274153,RD2_F6_m6f9_P6_Y6_UO124,RD6_F9_m2f3_P2_Y4_UO225,RD9_F6_m3f6_P3_Y4_UO211,FXX,1,0.0,0,0,0.0,0,0,0,-9999.0,0.5,1,P5_CV0,1,0,2,0,2
2,5.496624778787091,6.529835889274153,RD2_F3_m3f2_P3_Y6_UO308,RD3_F7_m3f7_P3_Y4_UO601,RD2_F9_m9f6_P9_Y3_UO197,FXX,1,0.0,0,0,0.0,0,0,0,-9999.0,0.4375,1,P5_CV0,1,1,1,1,1
2,5.496624778787091,6.529835889274153,RD2_F6_m6f2_P6_Y6_UO277,RD6_F2_m6f9_P6_Y4_UO267,RD2_F9_m2f3_P2_Y4_UO84,FXX,1,0.0,0,0,0.0,0,0,0,-9999.0,0.59375,1,P5_CV0,1,1,1,0,2
2,5.496624778787091,6.529835889274153,RD2_F6_m6f9_P6_Y6_UO126,RD6_F9_m2f3_P2_Y4_UO225,RD9_F6_m3f6_P3_Y4_UO211,MXY,1,0.0,0,0,0.0,0,0,0,-9999.0,0.5,1,P5_CV0,1,1,1,0,2
2,5.496624778787091,6.529835889274153,RD2_F3_m3f6_P3_Y6_UO569,RD3_F2_m6f9_P6_Y4_UO3,RD6_F9_m2f6_P2_Y4_UO32,MXY,1,0.0,0,0,0.0,0,0,0,-9999.0,0.65625,1,P5_CV0,1,1,1,2,0
2,5.496624778787091,6.529835889274153,RD2_F6_m6f9_P6_Y6_UO17,RD6_F9_m6f2_P6_Y4_UO326,RD9_F2_m6f9_P6_Y4_UO397,FXX,1,0.0,0,0,0.0,0,0,0,-9999.0,0.65625,1,P5_CV0,1,2,0,1,1
2,5.496624778787091,6.529835889274153,RD2_F6_m6f3_P6_Y6_UO86,RD6_F9_m6f9_P6_Y4_UO268,RD3_F7_m4f7_P4_Y4_UO46,MXY,1,0.0,0,0,0.0,0,0,0,-9999.0,0.46875,1,P5_CV0,1,1,1,1,1
2,5.496624778787091,6.529835889274153,RD2_F9_m9f6_P9_Y6_UO46,RD9_F6_m9f2_P9_Y4_UO609,RD6_F3_m6f9_P6_Y4_UO418,MXY,1,0.0,0,0,0.0,0,0,0,-9999.0,0.40625,1,P5_CV0,1,0,2,0,2
2,5.496624778787091,6.529835889274153,RD2_F3_m3f6_P3_Y6_UO572,RD3_F2_m6f9_P6_Y4_UO3,RD6_F9_m2f6_P2_Y4_UO32,MXY,1,0.0,0,0,0.0,0,0,0,-9999.0,0.65625,1,P5_CV0,1,1,1,2,0
2,5.496624778787091,6.529835889274153,RD2_F6_m6f2_P6_Y6_UO639,RD6_F9_m6f3_P6_Y4_UO35,RD2_F6_m2f5_P2_Y4_UO493,MXY,1,0.0,0,0,0.0,0,0,0,-9999.0,0.46875,1,P5_CV0,1,1,1,1,1
2,5.496624778787091,6.529835889274153,RD2_F9_m9f6_P9_Y6_UO487,RD9_F6_m3f7_P3_Y4_UO636,RD6_F3_m6f9_P6_Y4_UO123,FXX,1,0.0,0,0,0.0,0,0,0,-9999.0,0.40625,1,P5_CV0,1,2,0,1,1
2,5.496624778787091,6.529835889274153,RD2_F5_m5f3_P5_Y6_UO648,RD5_F1_m5f2_P5_Y4_UO139,RD3_F2_m9f2_P9_Y4_UO73,FXX,1,0.0,0,0,0.0,0,0,0,-9999.0,0.375,1,P5_CV0,1,0,2,2,0
2,5.496624778787091,6.529835889274153,RD2_F9_m9f6_P9_Y6_UO633,RD9_F6_m3f6_P3_Y4_UO408,RD6_F9_m2f5_P2_Y4_UO611,MXY,1,0.0,0,0,0.0,0,0,0,-9999.0,0.40625,1,P5_CV0,1,1,1,1,1
2,5.496624778787091,6.529835889274153,RD2_F9_m9f6_P9_Y6_UO631,RD9_F6_m3f6_P3_Y4_UO408,RD6_F9_m2f5_P2_Y4_UO611,MXY,1,0.0,0,0,0.0,0,0,0,-9999.0,0.40625,1,P5_CV0,1,0,2,1,1
2,5.496624778787091,6.529835889274153,RD2_F6_m6f2_P6_Y6_UO638,RD6_F9_m6f3_P6_Y4_UO35,RD2_F6_m2f5_P2_Y4_UO493,FXX,1,0.0,0,0,0.0,0,0,0,-9999.0,0.46875,1,P5_CV0,1,0,2,0,2
2,5.496624778787091,6.529835889274153,RD2_F6_m6f9_P6_Y6_UO605,RD6_F2_m9f6_P9_Y4_UO92,RD9_F6_m9f6_P9_Y4_UO477,MXY,1,0.0,0,0,0.0,0,0,0,-9999.0,0.46875,1,P5_CV0,1,1,1,1,1
2,5.496624778787091,6.529835889274153,RD2_F9_m9f6_P9_Y6_UO488,RD9_F6_m3f7_P3_Y4_UO636,RD6_F3_m6f9_P6_Y4_UO123,MXY,1,0.0,0,0,0.0,0,0,0,-9999.0,0.40625,1,P5_CV0,1,2,0,1,1
2,5.496624778787091,6.529835889274153,RD2_F9_m9f6_P9_Y6_UO43,RD9_F6_m9f2_P9_Y4_UO609,RD6_F3_m6f9_P6_Y4_UO418,MXY,1,0.0,0,0,0.0,0,0,0,-9999.0,0.40625,1,P5_CV0,1,0,2,0,2
2,5.496624778787091,6.529835889274153,RD2_F6_m6f9_P6_Y6_UO409,RD6_F9_m6f9_P6_Y4_UO268,RD9_F6_m9f2_P9_Y4_UO72,FXX,1,0.0,0,0,0.0,0,0,0,-9999.0,0.375,1,P5_CV0,1,0,2,1,1
2,5.496624778787091,6.529835889274153,RD2_F3_m3f5_P3_Y6_UO205,RD3_F7_m3f2_P3_Y4_UO436,RD5_F3_m5f2_P5_Y4_UO136,FXX,1,0.0,0,0,0.0,0,0,0,-9999.0,0.53125,1,P5_CV0,1,2,0,1,1
2,5.496624778787091,6.529835889274153,RD2_F9_m9f6_P9_Y6_UO45,RD9_F6_m9f2_P9_Y4_UO609,RD6_F3_m6f9_P6_Y4_UO418,MXY,1,0.0,0,0,0.0,0,0,0,-9999.0,0.40625,1,P5_CV0,1,0,2,0,2
2,5.496624778787091,6.529835889274153,RD2_F6_m6f9_P6_Y6_UO13,RD6_F9_m6f2_P6_Y4_UO326,RD9_F2_m6f9_P6_Y4_UO397,FXX,1,0.0,0,0,0.0,0,0,0,-9999.0,0.65625,1,P5_CV0,1,1,1,1,1
2,5.496624778787091,6.529835889274153,RD2_F6_m6f9_P6_Y6_UO602,RD6_F2_m9f6_P9_Y4_UO92,RD9_F6_m9f6_P9_Y4_UO477,FXX,1,0.0,0,0,0.0,0,0,0,-9999.0,0.46875,1,P5_CV0,1,0,2,0,2
2,5.496624778787091,6.529835889274153,RD2_F6_m6f2_P6_Y6_UO567,RD6_F9_m6f3_P6_Y4_UO33,RD2_F3_m7f4_P7_Y4_UO523,FXX,1,0.0,0,0,0.0,0,0,0,-9999.0,0.4375,1,P6_CV0,1,1,1,1,1
2,5.496624778787091,6.529835889274153,RD2_F9_m6f9_P6_Y5_UO224,RD6_F3_m7f4_P7_Y3_UO139,RD9_F2_m9f6_P9_Y3_UO197,MXY,2,0.0,1,0,0.0,0,0,0,-9999.0,0.4375,1,P6_CV0,1,0,2,2,0
2,5.496624778787091,6.529835889274153,RD2_F5_m5f1_P5_Y6_UO234,RD5_F1_m5f1_P5_Y4_UO470,RD1_F5_m1f5_P1_Y4_UO245,MXY,1,0.0,0,0,0.0,0,0,0,-9999.0,0.5625,1,P8_CV0,1,0,2,1,1
2,5.496624778787091,6.529835889274153,RD2_F6_m6f2_P6_Y6_UO565,RD6_F9_m6f3_P6_Y4_UO33,RD2_F3_m7f4_P7_Y4_UO523,FXX,1,0.0,0,0,0.0,0,0,0,-9999.0,0.4375,1,P8_CV0,1,1,1,1,1
2,5.496624778787091,6.529835889274153,RD2_F5_m5f3_P5_Y6_UO389,RD5_F3_m7f4_P7_Y4_UO564,RD3_F7_m3f5_P3_Y4_UO290,MXY,1,0.0,0,0,0.0,0,0,0,-9999.0,0.375,1,P8_CV0,1,1,1,2,0
2,5.496624778787091,6.529835889274153,RD2_F5_m5f1_P5_Y6_UO235,RD5_F1_m5f1_P5_Y4_UO470,RD1_F5_m1f5_P1_Y4_UO245,MXY,1,0.0,0,0,0.0,0,0,0,-9999.0,0.5625,1,P8_CV0,1,0,2,0,2
2,5.496624778787091,6.529835889274153,RD2_F6_m6f2_P6_Y6_UO566,RD6_F9_m6f3_P6_Y4_UO33,RD2_F3_m7f4_P7_Y4_UO523,FXX,1,0.0,0,0,0.0,0,0,0,-9999.0,0.4375,1,P8_CV0,1,0,2,1,1
2,5.496624778787091,6.529835889274153,RD2_F6_m6f3_P6_Y6_UO418,RD6_F3_m6f9_P6_Y4_UO122,RD3_F7_m8f4_P8_Y3_UO272,MXY,1,0.0,0,0,0.0,0,0,0,-9999.0,0.59375,1,P8_CV0,1,2,0,1,1
2,5.496624778787091,6.529835889274153,RD2_F6_m6f3_P6_Y6_UO422,RD6_F3_m6f9_P6_Y4_UO122,RD3_F7_m8f4_P8_Y3_UO272,FXX,1,0.0,0,0,0.0,0,0,0,-9999.0,0.59375,1,P8_CV0,1,1,1,1,1
2,5.496624778787091,6.529835889274153,RD2_F5_m5f3_P5_Y6_UO390,RD5_F3_m7f4_P7_Y4_UO564,RD3_F7_m3f5_P3_Y4_UO290,MXY,1,0.0,0,0,0.0,0,0,0,-9999.0,0.375,1,P8_CV0,1,1,1,1,1
2,5.496624778787091,6.529835889274153,RD2_F6_m6f3_P6_Y6_UO420,RD6_F3_m6f9_P6_Y4_UO122,RD3_F7_m8f4_P8_Y3_UO272,MXY,1,0.0,0,0,0.0,0,0,0,-9999.0,0.59375,1,P8_CV0,1,2,0,1,1
2,5.496624778787091,6.529835889274153,RD2_F3_m3f2_P3_Y6_UO573,RD3_F7_m3f6_P3_Y4_UO632,RD2_F9_m2f5_P2_Y4_UO399,FXX,1,0.0,0,0,0.0,0,0,0,-9999.0,0.59375,1,P8_CV0,1,1,1,0,2
2,5.496624778787091,6.529835889274153,RD2_F6_m6f2_P6_Y6_UO58,RD6_F9_m6f9_P6_Y4_UO105,RD2_F9_m2f5_P2_Y4_UO399,MXY,1,0.0,0,0,0.0,0,0,0,-9999.0,0.40625,1,P8_CV0,1,0,2,0,2
2,5.496624778787091,6.529835889274153,RD2_F3_m3f5_P3_Y6_UO415,RD3_F6_m9f6_P9_Y4_UO487,RD5_F1_m5f3_P5_Y4_UO350,FXX,1,0.0,0,0,0.0,0,0,0,-9999.0,0.625,1,P8_CV0,1,0,2,1,1
2,5.496624778787091,6.529835889274153,RD2_F5_m5f2_P5_Y6_UO620,RD5_F3_m2f3_P2_Y4_UO228,RD2_F9_m6f9_P6_Y4_UO508,FXX,1,0.0,0,0,0.0,0,0,0,-9999.0,0.59375,1,P8_CV0,1,1,1,1,1
2,5.496624778787091,6.529835889274153,RD2_F9_m6f3_P6_Y5_UO435,RD6_F9_m2f6_P2_Y3_UO158,RD3_F7_m8f4_P8_Y2_UO28,FXX,2,0.0,1,0,1.0,0,0,0,-9999.0,0.5625,1,P8_CV0,1,1,1,1,1
2,5.496624778787091,6.529835889274153,RD2_F9_m6f2_P6_Y5_UO91,RD6_F9_m2f6_P2_Y3_UO158,RD2_F3_m3f6_P3_Y2_UO222,MXY,2,0.0,1,0,0.0,0,0,0,-9999.0,0.5625,1,P8_CV0,1,2,0,1,1
2,5.496624778787091,6.529835889274153,RD2_F9_m2f9_P2_Y5_UO187,RD2_F5_m1f5_P1_Y3_UO206,RD9_F2_m6f2_P6_Y3_UO302,FXX,2,0.0,1,0,1.0,0,0,0,-9999.0,0.4375,1,P8_CV0,1,1,1,0,2
2,5.496624778787091,6.529835889274153,RD2_F9_m6f3_P6_Y5_UO430,RD6_F9_m2f6_P2_Y3_UO158,RD3_F7_m8f4_P8_Y2_UO28,MXY,2,0.0,1,0,0.0,0,0,0,-9999.0,0.5625,1,P8_CV0,1,2,0,1,1
3,4.20367802087489,4.955022315058112,RD3_F2_m2f6_P2_Y6_UO108,RD2_F5_m1f5_P1_Y4_UO389,RD6_F9_m2f6_P2_Y4_UO32,MXY,1,0.0,0,0,0.0,0,0,0,-9999.0,0.5625,1,P0_CV0,1,1,1,2,0
3,4.20367802087489,4.955022315058112,RD3_F2_m2f3_P2_Y6_UO641,RD2_F6_m9f2_P9_Y4_UO250,RD3_F5_m1f5_P1_Y4_UO410,FXX,1,0.0,0,0,0.0,0,0,0,-9999.0,0.46875,1,P0_CV0,1,1,1,1,1
3,4.20367802087489,4.955022315058112,RD3_F2_m2f3_P2_Y6_UO643,RD2_F6_m9f2_P9_Y4_UO250,RD3_F5_m1f5_P1_Y4_UO410,MXY,1,0.0,0,0,0.0,0,0,0,-9999.0,0.46875,1,P0_CV0,1,2,0,1,1
3,4.20367802087489,4.955022315058112,RD3_F5_m5f1_P5_Y6_UO266,RD5_F1_m5f1_P5_Y4_UO470,RD1_F5_m1f5_P1_Y4_UO412,MXY,1,0.0,0,0,0.0,0,0,0,-9999.0,0.5,1,P0_CV0,1,1,1,1,1
3,4.20367802087489,4.955022315058112,RD3_F7_m7f3_P7_Y6_UO619,RD7_F3_m5f3_P5_Y4_UO349,RD3_F7_m3f2_P3_Y4_UO26,MXY,1,0.0,0,0,0.0,0,0,0,-9999.0,0.6875,1,P0_CV0,1,1,1,2,0
3,4.20367802087489,4.955022315058112,RD3_F5_m5f2_P5_Y6_UO223,RD5_F2_m9f2_P9_Y4_UO607,RD2_F3_m2f9_P2_Y4_UO451,MXY,1,0.0,0,0,0.0,0,0,0,-9999.0,0.5,1,P1_CV0,1,1,1,0,2
3,4.20367802087489,4.955022315058112,RD3_F5_m5f2_P5_Y6_UO226,RD5_F2_m9f2_P9_Y4_UO607,RD2_F3_m2f9_P2_Y4_UO451,MXY,1,0.0,0,0,0.0,0,0,0,-9999.0,0.5,1,P1_CV0,1,1,1,0,2
3,4.20367802087489,4.955022315058112,RD3_F6_m6f2_P6_Y6_UO57,RD6_F9_m6f9_P6_Y4_UO105,RD2_F9_m2f5_P2_Y4_UO399,FXX,1,0.0,0,0,0.0,0,0,0,-9999.0,0.40625,1,P1_CV0,1,1,1,0,2
3,4.20367802087489,4.955022315058112,RD3_F7_m7f4_P7_Y6_UO243,RD7_F4_m7f3_P7_Y4_UO55,RD4_F7_m4f7_P4_Y4_UO110,MXY,1,0.0,0,0,0.0,0,0,0,-9999.0,0.53125,1,P1_CV0,1,2,0,1,1
3,4.20367802087489,4.955022315058112,RD3_F7_m7f4_P7_Y6_UO503,RD7_F3_m5f3_P5_Y4_UO349,RD4_F7_m4f7_P4_Y4_UO110,MXY,1,0.0,0,0,0.0,0,0,0,-9999.0,0.6875,1,P1_CV0,1,2,0,1,1
3,4.20367802087489,4.955022315058112,RD3_F7_m7f4_P7_Y6_UO505,RD7_F3_m5f3_P5_Y4_UO349,RD4_F7_m4f7_P4_Y4_UO110,FXX,1,0.0,0,0,0.0,0,0,0,-9999.0,0.6875,1,P1_CV0,1,1,1,1,1
3,4.20367802087489,4.955022315058112,RD3_F5_m5f1_P5_Y6_UO473,RD5_F1_m5f1_P5_Y4_UO475,RD1_F5_m3f5_P3_Y4_UO422,MXY,1,0.0,0,0,0.0,0,0,0,-9999.0,0.5,1,P2_CV0,1,0,2,0,2
3,4.20367802087489,4.955022315058112,RD3_F7_m7f3_P7_Y6_UO438,RD7_F3_m6f2_P6_Y4_UO379,RD3_F2_m9f2_P9_Y4_UO73,FXX,1,0.0,0,0,0.0,0,0,0,-9999.0,0.5,1,P2_CV0,1,1,1,1,1
3,4.20367802087489,4.955022315058112,RD3_F7_m7f3_P7_Y6_UO439,RD7_F3_m6f2_P6_Y4_UO379,RD3_F2_m9f2_P9_Y4_UO73,MXY,1,0.0,0,0,0.0,0,0,0,-9999.0,0.5,1,P2_CV0,1,1,1,2,0
3,4.20367802087489,4.955022315058112,RD3_F6_m9f6_P9_Y5_UO401,RD9_F6_m2f3_P2_Y3_UO449,RD6_F2_m9f6_P9_Y3_UO195,FXX,2,0.0,1,0,1.0,0,0,0,-9999.0,0.4375,1,P2_CV0,1,0,2,1,1
3,4.20367802087489,4.955022315058112,RD3_F2_m2f3_P2_Y6_UO334,RD2_F3_m7f4_P7_Y4_UO593,RD3_F7_m8f4_P8_Y3_UO506,MXY,1,0.0,0,0,0.0,0,0,0,-9999.0,0.53125,1,P3_CV0,1,1,1,0,2
3,4.20367802087489,4.955022315058112,RD3_F2_m2f3_P2_Y6_UO335,RD2_F3_m7f4_P7_Y4_UO593,RD3_F7_m8f4_P8_Y3_UO506,FXX,1,0.0,0,0,0.0,0,0,0,-9999.0,0.53125,1,P3_CV0,1,2,0,0,2
3,4.20367802087489,4.955022315058112,RD3_F2_m2f3_P2_Y6_UO363,RD2_F6_m9f2_P9_Y4_UO250,RD3_F7_m8f4_P8_Y3_UO9,FXX,1,0.0,0,0,0.0,0,0,0,-9999.0,0.40625,1,P3_CV0,1,0,2,2,0
3,4.20367802087489,4.955022315058112,RD3_F5_m5f2_P5_Y6_UO580,RD5_F2_m9f2_P9_Y4_UO607,RD2_F6_m3f7_P3_Y4_UO5,MXY,1,0.0,0,0,0.0,0,0,0,-9999.0,0.46875,1,P3_CV0,1,0,2,1,1
3,4.20367802087489,4.955022315058112,RD3_F5_m5f2_P5_Y6_UO624,RD5_F3_m2f3_P2_Y4_UO228,RD2_F9_m6f9_P6_Y4_UO508,FXX,1,0.0,0,0,0.0,0,0,0,-9999.0,0.59375,1,P3_CV0,1,0,2,0,2
3,4.20367802087489,4.955022315058112,RD3_F6_m6f9_P6_Y6_UO123,RD6_F9_m2f3_P2_Y4_UO225,RD9_F6_m3f6_P3_Y4_UO211,MXY,1,0.0,0,0,0.0,0,0,0,-9999.0,0.5,1,P3_CV0,1,1,1,0,2
3,4.20367802087489,4.955022315058112,RD3_F6_m6f2_P6_Y6_UO147,RD6_F2_m9f6_P9_Y4_UO92,RD2_F6_m3f7_P3_Y4_UO5,MXY,1,0.0,0,0,0.0,0,0,0,-9999.0,0.53125,1,P3_CV0,1,1,1,0,2
3,4.20367802087489,4.955022315058112,RD3_F6_m6f3_P6_Y6_UO405,RD6_F9_m6f9_P6_Y4_UO105,RD3_F7_m8f4_P8_Y3_UO506,MXY,1,0.0,0,0,0.0,0,0,0,-9999.0,0.5,1,P3_CV0,1,1,1,2,0
3,4.20367802087489,4.955022315058112,RD3_F6_m6f2_P6_Y6_UO646,RD6_F3_m6f9_P6_Y4_UO122,RD2_F9_m6f9_P6_Y4_UO508,MXY,1,0.0,0,0,0.0,0,0,0,-9999.0,0.53125,1,P3_CV0,1,1,1,2,0
3,4.20367802087489,4.955022315058112,RD3_F7_m7f4_P7_Y6_UO324,RD7_F4_m7f3_P7_Y4_UO67,RD4_F7_m4f8_P4_Y4_UO260,MXY,1,0.0,0,0,0.0,0,0,0,-9999.0,0.53125,1,P3_CV0,1,2,0,2,0
3,4.20367802087489,4.955022315058112,RD3_F2_m2f3_P2_Y6_UO152,RD2_F5_m1f5_P1_Y4_UO393,RD3_F2_m9f2_P9_Y4_UO73,FXX,1,0.0,0,0,0.0,0,0,0,-9999.0,0.4375,1,P4_CV0,1,0,2,2,0
3,4.20367802087489,4.955022315058112,RD3_F2_m2f3_P2_Y6_UO364,RD2_F6_m9f2_P9_Y4_UO250,RD3_F7_m8f4_P8_Y3_UO9,MXY,1,0.0,0,0,0.0,0,0,0,-9999.0,0.40625,1,P4_CV0,1,1,1,2,0
3,4.20367802087489,4.955022315058112,RD3_F2_m2f3_P2_Y6_UO365,RD2_F6_m9f2_P9_Y4_UO250,RD3_F7_m8f4_P8_Y3_UO9,FXX,1,0.0,0,0,0.0,0,0,0,-9999.0,0.40625,1,P4_CV0,1,0,2,2,0
3,4.20367802087489,4.955022315058112,RD3_F2_m2f3_P2_Y6_UO366,RD2_F6_m9f2_P9_Y4_UO250,RD3_F7_m8f4_P8_Y3_UO9,FXX,1,0.0,0,0,0.0,0,0,0,-9999.0,0.40625,1,P4_CV0,1,0,2,2,0
3,4.20367802087489,4.955022315058112,RD3_F2_m2f5_P2_Y6_UO476,RD2_F6_m9f2_P9_Y4_UO250,RD5_F2_m6f2_P6_Y3_UO300,FXX,1,0.0,0,0,0.0,0,0,0,-9999.0,0.46875,1,P4_CV0,1,0,2,2,0
3,4.20367802087489,4.955022315058112,RD3_F6_m6f3_P6_Y6_UO104,RD6_F3_m7f4_P7_Y4_UO519,RD3_F6_m9f2_P9_Y4_UO15,FXX,1,0.0,0,0,0.0,0,0,0,-9999.0,0.34375,1,P4_CV0,1,0,2,2,0
3,4.20367802087489,4.955022315058112,RD3_F6_m6f9_P6_Y6_UO272,RD6_F9_m6f9_P6_Y4_UO268,RD9_F6_m9f2_P9_Y4_UO72,FXX,1,0.0,0,0,0.0,0,0,0,-9999.0,0.375,1,P4_CV0,1,0,2,1,1
3,4.20367802087489,4.955022315058112,RD3_F6_m6f9_P6_Y6_UO425,RD6_F9_m6f3_P6_Y4_UO10,RD9_F6_m9f2_P9_Y4_UO14,MXY,1,0.0,0,0,0.0,0,0,0,-9999.0,0.375,1,P4_CV0,1,1,1,0,2
3,4.20367802087489,4.955022315058112,RD3_F7_m7f4_P7_Y6_UO7,RD7_F4_m7f3_P7_Y4_UO55,RD4_F7_m7f3_P7_Y3_UO415,FXX,1,0.0,0,0,0.0,0,0,0,-9999.0,0.53125,1,P4_CV0,1,1,1,0,2
3,4.20367802087489,4.955022315058112,RD3_F7_m7f4_P7_Y6_UO167,RD7_F3_m7f3_P7_Y4_UO281,RD4_F8_m4f8_P4_Y4_UO381,MXY,1,0.0,0,0,0.0,0,0,0,-9999.0,0.5625,1,P4_CV0,1,2,0,2,0
3,4.20367802087489,4.955022315058112,RD3_F7_m7f3_P7_Y6_UO218,RD7_F4_m7f3_P7_Y4_UO55,RD3_F7_m8f4_P8_Y3_UO272,FXX,1,0.0,0,0,0.0,0,0,0,-9999.0,0.59375,1,P4_CV0,1,2,0,0,2
3,4.20367802087489,4.955022315058112,RD3_F7_m7f3_P7_Y6_UO254,RD7_F4_m7f3_P7_Y4_UO55,RD3_F7_m8f4_P8_Y3_UO272,FXX,1,0.0,0,0,0.0,0,0,0,-9999.0,0.59375,1,P4_CV0,1,1,1,0,2
3,4.20367802087489,4.955022315058112,RD3_F5_m2f5_P2_Y5_UO148,RD2_F9_m6f2_P6_Y3_UO91,RD5_F2_m3f5_P3_Y3_UO237,MXY,2,0.0,1,0,0.0,0,0,0,-9999.0,0.4375,1,P4_CV0,1,1,1,1,1
3,4.20367802087489,4.955022315058112,RD3_F5_m1f5_P1_Y5_UO69,RD1_F5_m2f5_P2_Y3_UO113,RD5_F1_m5f2_P5_Y3_UO167,FXX,2,0.0,1,0,1.0,0,0,0,-9999.0,0.25,1,P4_CV0,1,0,2,2,0
3,4.20367802087489,4.955022315058112,RD3_F7_m4f7_P4_Y5_UO322,RD4_F8_m4f8_P4_Y3_UO322,RD7_F4_m7f3_P7_Y3_UO31,FXX,2,0.0,1,0,1.0,0,0,0,-9999.0,0.625,1,P4_CV0,1,1,1,0,2
3,4.20367802087489,4.955022315058112,RD3_F2_m2f3_P2_Y6_UO21,RD2_F5_m1f5_P1_Y4_UO389,RD3_F7_m3f2_P3_Y4_UO26,MXY,1,0.0,0,0,0.0,0,0,0,-9999.0,0.59375,1,P5_CV0,1,1,1,1,1
3,4.20367802087489,4.955022315058112,RD3_F2_m2f5_P2_Y6_UO194,RD2_F3_m7f4_P7_Y4_UO528,RD5_F3_m5f2_P5_Y4_UO136,FXX,1,0.0,0,0,0.0,0,0,0,-9999.0,0.46875,1,P5_CV0,1,0,2,1,1
3,4.20367802087489,4.955022315058112,RD3_F2_m2f3_P2_Y6_UO211,RD2_F3_m2f5_P2_Y4_UO610,RD3_F7_m4f7_P4_Y4_UO46,FXX,1,0.0,0,0,0.0,0,0,0,-9999.0,0.40625,1,P5_CV0,1,1,1,0,2
3,4.20367802087489,4.955022315058112,RD3_F2_m2f5_P2_Y6_UO428,RD2_F3_m7f4_P7_Y4_UO528,RD5_F3_m5f2_P5_Y4_UO136,MXY,1,0.0,0,0,0.0,0,0,0,-9999.0,0.46875,1,P5_CV0,1,1,1,1,1
3,4.20367802087489,4.955022315058112,RD3_F2_m2f5_P2_Y6_UO429,RD2_F3_m7f4_P7_Y4_UO528,RD5_F3_m5f2_P5_Y4_UO136,MXY,1,0.0,0,0,0.0,0,0,0,-9999.0,0.46875,1,P5_CV0,1,0,2,1,1
3,4.20367802087489,4.955022315058112,RD3_F2_m2f5_P2_Y6_UO431,RD2_F9_m6f2_P6_Y4_UO129,RD5_F2_m6f2_P6_Y3_UO300,FXX,1,0.0,0,0,0.0,0,0,0,-9999.0,0.5,1,P5_CV0,1,1,1,0,2
3,4.20367802087489,4.955022315058112,RD3_F6_m6f3_P6_Y6_UO85,RD6_F9_m6f9_P6_Y4_UO268,RD3_F7_m4f7_P4_Y4_UO46,MXY,1,0.0,0,0,0.0,0,0,0,-9999.0,0.46875,1,P5_CV0,1,2,0,0,2
3,4.20367802087489,4.955022315058112,RD3_F6_m6f9_P6_Y6_UO122,RD6_F9_m2f3_P2_Y4_UO225,RD9_F6_m3f6_P3_Y4_UO211,FXX,1,0.0,0,0,0.0,0,0,0,-9999.0,0.5,1,P5_CV0,1,0,2,0,2
3,4.20367802087489,4.955022315058112,RD3_F6_m6f9_P6_Y6_UO270,RD6_F9_m6f9_P6_Y4_UO268,RD9_F6_m9f2_P9_Y4_UO72,FXX,1,0.0,0,0,0.0,0,0,0,-9999.0,0.375,1,P5_CV0,1,0,2,1,1
3,4.20367802087489,4.955022315058112,RD3_F6_m6f2_P6_Y6_UO276,RD6_F2_m6f9_P6_Y4_UO267,RD2_F9_m2f3_P2_Y4_UO84,MXY,1,0.0,0,0,0.0,0,0,0,-9999.0,0.59375,1,P5_CV0,1,0,2,0,2
3,4.20367802087489,4.955022315058112,RD3_F7_m7f3_P7_Y6_UO188,RD7_F3_m6f9_P6_Y4_UO398,RD3_F7_m8f4_P8_Y3_UO347,FXX,1,0.0,0,0,0.0,0,0,0,-9999.0,0.4375,1,P5_CV0,1,0,2,2,0
3,4.20367802087489,4.955022315058112,RD3_F7_m7f3_P7_Y6_UO300,RD7_F3_m6f9_P6_Y4_UO2,RD3_F7_m3f2_P3_Y4_UO26,FXX,1,0.0,0,0,0.0,0,0,0,-9999.0,0.6875,1,P5_CV0,1,2,0,2,0
3,4.20367802087489,4.955022315058112,RD3_F7_m7f3_P7_Y6_UO435,RD7_F3_m6f2_P6_Y4_UO379,RD3_F2_m9f2_P9_Y4_UO73,MXY,1,0.0,0,0,0.0,0,0,0,-9999.0,0.5,1,P5_CV0,1,1,1,2,0
3,4.20367802087489,4.955022315058112,RD3_F7_m7f3_P7_Y6_UO464,RD7_F3_m6f2_P6_Y4_UO379,RD3_F7_m3f2_P3_Y4_UO26,FXX,1,0.0,0,0,0.0,0,0,0,-9999.0,0.65625,1,P5_CV0,1,2,0,0,2
3,4.20367802087489,4.955022315058112,RD3_F7_m7f3_P7_Y6_UO465,RD7_F3_m6f2_P6_Y4_UO379,RD3_F7_m3f2_P3_Y4_UO26,FXX,1,0.0,0,0,0.0,0,0,0,-9999.0,0.65625,1,P5_CV0,1,2,0,0,2
3,4.20367802087489,4.955022315058112,RD3_F7_m7f3_P7_Y6_UO466,RD7_F3_m6f2_P6_Y4_UO379,RD3_F7_m3f2_P3_Y4_UO26,FXX,1,0.0,0,0,0.0,0,0,0,-9999.0,0.65625,1,P5_CV0,1,2,0,0,2
3,4.20367802087489,4.955022315058112,RD3_F7_m7f3_P7_Y6_UO467,RD7_F3_m6f2_P6_Y4_UO379,RD3_F7_m3f2_P3_Y4_UO26,MXY,1,0.0,0,0,0.0,0,0,0,-9999.0,0.65625,1,P5_CV0,1,2,0,2,0
3,4.20367802087489,4.955022315058112,RD3_F2_m5f1_P5_Y5_UO374,RD5_F1_m5f2_P5_Y3_UO376,RD1_F5_m1f5_P1_Y3_UO445,MXY,2,0.0,1,0,0.0,0,0,0,-9999.0,0.5625,1,P5_CV0,1,2,0,1,1
3,4.20367802087489,4.955022315058112,RD3_F6_m6f3_P6_Y6_UO103,RD6_F3_m7f4_P7_Y4_UO519,RD3_F6_m9f2_P9_Y4_UO15,MXY,1,0.0,0,0,0.0,0,0,0,-9999.0,0.34375,1,P6_CV0,1,1,1,1,1
3,4.20367802087489,4.955022315058112,RD3_F7_m3f6_P3_Y5_UO334,RD3_F7_m4f7_P4_Y3_UO153,RD6_F3_m7f4_P7_Y3_UO145,MXY,2,0.0,1,0,0.0,0,0,0,-9999.0,0.5,1,P6_CV0,1,1,1,2,0
3,4.20367802087489,4.955022315058112,RD3_F7_m6f2_P6_Y4_UO324,RD6_F3_m7f4_P7_Y2_UO424,RD2_F9_m6f3_P6_Y2_UO509,MXY,3,0.0,1,0,0.0,0,0,0,-9999.0,0.8125,1,P6_CV0,1,2,0,1,1
3,4.20367802087489,4.955022315058112,RD3_F6_m6f3_P6_Y6_UO421,RD6_F3_m6f9_P6_Y4_UO122,RD3_F7_m8f4_P8_Y3_UO272,FXX,1,0.0,0,0,0.0,0,0,0,-9999.0,0.59375,1,P7_CV0,1,2,0,1,1
3,4.20367802087489,4.955022315058112,RD3_F6_m6f3_P6_Y6_UO551,RD6_F9_m6f3_P6_Y4_UO605,RD3_F7_m4f8_P4_Y4_UO382,FXX,1,0.0,0,0,0.0,0,0,0,-9999.0,0.71875,1,P7_CV0,1,1,1,2,0
3,4.20367802087489,4.955022315058112,RD3_F6_m6f3_P6_Y6_UO553,RD6_F9_m6f3_P6_Y4_UO605,RD3_F7_m4f8_P4_Y4_UO382,FXX,1,0.0,0,0,0.0,0,0,0,-9999.0,0.71875,1,P7_CV0,1,0,2,1,1
3,4.20367802087489,4.955022315058112,RD3_F7_m7f3_P7_Y6_UO221,RD7_F4_m7f3_P7_Y4_UO55,RD3_F7_m8f4_P8_Y3_UO272,MXY,1,0.0,0,0,0.0,0,0,0,-9999.0,0.59375,1,P7_CV0,1,2,0,1,1
3,4.20367802087489,4.955022315058112,RD3_F7_m7f3_P7_Y6_UO251,RD7_F4_m7f3_P7_Y4_UO55,RD3_F7_m8f4_P8_Y3_UO272,FXX,1,0.0,0,0,0.0,0,0,0,-9999.0,0.59375,1,P7_CV0,1,1,1,1,1
3,4.20367802087489,4.955022315058112,RD3_F7_m7f3_P7_Y6_UO252,RD7_F4_m7f3_P7_Y4_UO55,RD3_F7_m8f4_P8_Y3_UO272,MXY,1,0.0,0,0,0.0,0,0,0,-9999.0,0.59375,1,P7_CV0,1,1,1,0,2
3,4.20367802087489,4.955022315058112,RD3_F7_m4f7_P4_Y5_UO250,RD4_F8_m4f8_P4_Y3_UO323,RD7_F4_m8f4_P8_Y3_UO272,FXX,2,0.0,1,0,1.0,0,0,0,-9999.0,0.6875,1,P7_CV0,1,1,1,0,2
3,4.20367802087489,4.955022315058112,RD3_F2_m2f3_P2_Y6_UO69,RD2_F3_m7f4_P7_Y4_UO593,RD3_F7_m3f5_P3_Y4_UO290,FXX,1,0.0,0,0,0.0,0,0,0,-9999.0,0.4375,1,P8_CV0,1,0,2,1,1
3,4.20367802087489,4.955022315058112,RD3_F2_m2f5_P2_Y6_UO508,RD2_F3_m6f9_P6_Y4_UO265,RD5_F3_m6f3_P6_Y4_UO232,MXY,1,0.0,0,0,0.0,0,0,0,-9999.0,0.5625,1,P8_CV0,1,2,0,0,2
3,4.20367802087489,4.955022315058112,RD3_F5_m5f1_P5_Y6_UO608,RD5_F1_m5f1_P5_Y4_UO470,RD1_F5_m1f5_P1_Y4_UO541,FXX,1,0.0,0,0,0.0,0,0,0,-9999.0,0.375,1,P8_CV0,1,0,2,1,1
3,4.20367802087489,4.955022315058112,RD3_F5_m5f1_P5_Y6_UO610,RD5_F1_m5f1_P5_Y4_UO470,RD1_F5_m1f5_P1_Y4_UO541,FXX,1,0.0,0,0,0.0,0,0,0,-9999.0,0.375,1,P8_CV0,1,1,1,2,0
3,4.20367802087489,4.955022315058112,RD3_F5_m5f2_P5_Y6_UO615,RD5_F1_m5f1_P5_Y4_UO475,RD2_F9_m6f2_P6_Y4_UO306,FXX,1,0.0,0,0,0.0,0,0,0,-9999.0,0.46875,1,P8_CV0,1,0,2,2,0
3,4.20367802087489,4.955022315058112,RD3_F7_m7f4_P7_Y6_UO316,RD7_F3_m6f9_P6_Y4_UO2,RD4_F7_m4f8_P4_Y4_UO506,FXX,1,0.0,0,0,0.0,0,0,0,-9999.0,0.6875,1,P8_CV0,1,1,1,2,0
3,4.20367802087489,4.955022315058112,RD3_F7_m7f4_P7_Y6_UO317,RD7_F3_m6f9_P6_Y4_UO2,RD4_F7_m4f8_P4_Y4_UO506,FXX,1,0.0,0,0,0.0,0,0,0,-9999.0,0.6875,1,P8_CV0,1,2,0,2,0
3,4.20367802087489,4.955022315058112,RD3_F5_m1f5_P1_Y5_UO352,RD1_F5_m1f5_P1_Y3_UO177,RD5_F1_m5f2_P5_Y3_UO175,MXY,2,0.0,1,0,0.0,0,0,0,-9999.0,0.375,1,P8_CV0,1,2,0,1,1
4,2.046486340378425,9.289064495259955,RD4_F7_m7f3_P7_Y6_UO618,RD7_F3_m5f3_P5_Y4_UO349,RD3_F7_m3f2_P3_Y4_UO26,FXX,1,0.0,0,0,0.0,0,0,0,-9999.0,0.6875,1,P0_CV0,1,2,0,2,0
4,2.046486340378425,9.289064495259955,RD4_F8_m8f4_P8_Y6_UO586,RD8_F4_m8f4_P8_Y4_UO167,RD4_F7_m3f2_P3_Y4_UO27,MXY,1,0.0,0,0,0.0,0,0,0,-9999.0,0.5,1,P0_CV0,1,0,2,2,0
4,2.046486340378425,9.289064495259955,RD4_F7_m7f4_P7_Y6_UO504,RD7_F3_m5f3_P5_Y4_UO349,RD4_F7_m4f7_P4_Y4_UO110,MXY,1,0.0,0,0,0.0,0,0,0,-9999.0,0.6875,1,P0_CV0,1,1,1,2,0
4,2.046486340378425,9.289064495259955,RD4_F7_m7f4_P7_Y6_UO328,RD7_F4_m7f3_P7_Y4_UO67,RD4_F7_m4f8_P4_Y4_UO260,MXY,1,0.0,0,0,0.0,0,0,0,-9999.0,0.53125,1,P1_CV0,1,2,0,1,1
4,2.046486340378425,9.289064495259955,RD4_F7_m7f4_P7_Y6_UO242,RD7_F4_m7f3_P7_Y4_UO55,RD4_F7_m4f7_P4_Y4_UO110,FXX,1,0.0,0,0,0.0,0,0,0,-9999.0,0.53125,1,P1_CV0,1,2,0,0,2
4,2.046486340378425,9.289064495259955,RD4_F8_m8f4_P8_Y6_UO668,RD8_F4_m8f4_P8_Y4_UO191,RD4_F7_m4f8_P4_Y4_UO506,FXX,1,0.0,0,0,0.0,0,0,0,-9999.0,0.5625,1,P2_CV0,1,1,1,1,1
4,2.046486340378425,9.289064495259955,RD4_F8_m8f4_P8_Y6_UO662,RD8_F4_m8f4_P8_Y4_UO191,RD4_F7_m4f8_P4_Y4_UO506,FXX,1,0.0,0,0,0.0,0,0,0,-9999.0,0.5625,1,P2_CV0,1,1,1,2,0
4,2.046486340378425,9.289064495259955,RD4_F8_m8f4_P8_Y6_UO671,RD8_F4_m8f4_P8_Y4_UO191,RD4_F7_m4f8_P4_Y4_UO506,FXX,1,0.0,0,0,0.0,0,0,0,-9999.0,0.5625,1,P2_CV0,1,1,1,1,1
4,2.046486340378425,9.289064495259955,RD4_F8_m8f4_P8_Y6_UO664,RD8_F4_m8f4_P8_Y4_UO191,RD4_F7_m4f8_P4_Y4_UO506,FXX,1,0.0,0,0,0.0,0,0,0,-9999.0,0.5625,1,P2_CV0,1,2,0,2,0
4,2.046486340378425,9.289064495259955,RD4_F8_m8f4_P8_Y6_UO139,RD8_F4_m8f4_P8_Y4_UO191,RD4_F7_m4f8_P4_Y4_UO506,FXX,1,0.0,0,0,0.0,0,0,0,-9999.0,0.5625,1,P2_CV0,1,1,1,2,0
4,2.046486340378425,9.289064495259955,RD4_F7_m7f3_P7_Y6_UO441,RD7_F3_m6f2_P6_Y4_UO379,RD3_F2_m9f2_P9_Y4_UO73,FXX,1,0.0,0,0,0.0,0,0,0,-9999.0,0.5,1,P2_CV0,1,1,1,1,1
4,2.046486340378425,9.289064495259955,RD4_F8_m8f4_P8_Y6_UO134,RD8_F4_m8f4_P8_Y4_UO191,RD4_F7_m4f8_P4_Y4_UO506,MXY,1,0.0,0,0,0.0,0,0,0,-9999.0,0.5625,1,P2_CV0,1,1,1,2,0
4,2.046486340378425,9.289064495259955,RD4_F8_m8f4_P8_Y6_UO673,RD8_F4_m8f4_P8_Y4_UO191,RD4_F7_m4f8_P4_Y4_UO506,FXX,1,0.0,0,0,0.0,0,0,0,-9999.0,0.5625,1,P2_CV0,1,2,0,2,0
4,2.046486340378425,9.289064495259955,RD4_F8_m8f4_P8_Y6_UO593,RD8_F4_m8f4_P8_Y4_UO191,RD4_F7_m3f6_P3_Y4_UO209,MXY,1,0.0,0,0,0.0,0,0,0,-9999.0,0.46875,1,P3_CV0,1,1,1,0,2
4,2.046486340378425,9.289064495259955,RD4_F7_m7f4_P7_Y6_UO327,RD7_F4_m7f3_P7_Y4_UO67,RD4_F7_m4f8_P4_Y4_UO260,FXX,1,0.0,0,0,0.0,0,0,0,-9999.0,0.53125,1,P3_CV0,1,2,0,1,1
4,2.046486340378425,9.289064495259955,RD4_F8_m8f4_P8_Y6_UO670,RD8_F4_m8f4_P8_Y4_UO191,RD4_F7_m4f8_P4_Y4_UO506,MXY,1,0.0,0,0,0.0,0,0,0,-9999.0,0.5625,1,P3_CV0,1,2,0,1,1
4,2.046486340378425,9.289064495259955,RD4_F8_m8f4_P8_Y6_UO595,RD8_F4_m8f4_P8_Y4_UO191,RD4_F7_m3f6_P3_Y4_UO209,FXX,1,0.0,0,0,0.0,0,0,0,-9999.0,0.46875,1,P3_CV0,1,2,0,0,2
4,2.046486340378425,9.289064495259955,RD4_F8_m8f4_P8_Y6_UO146,RD8_F4_m8f4_P8_Y4_UO191,RD4_F7_m4f8_P4_Y4_UO506,MXY,1,0.0,0,0,0.0,0,0,0,-9999.0,0.5625,1,P3_CV0,1,1,1,2,0
4,2.046486340378425,9.289064495259955,RD4_F8_m8f4_P8_Y6_UO672,RD8_F4_m8f4_P8_Y4_UO191,RD4_F7_m4f8_P4_Y4_UO506,FXX,1,0.0,0,0,0.0,0,0,0,-9999.0,0.5625,1,P3_CV0,1,1,1,2,0
4,2.046486340378425,9.289064495259955,RD4_F8_m8f4_P8_Y6_UO657,RD8_F4_m8f4_P8_Y4_UO191,RD4_F7_m4f8_P4_Y4_UO506,MXY,1,0.0,0,0,0.0,0,0,0,-9999.0,0.5625,1,P3_CV0,1,1,1,2,0
4,2.046486340378425,9.289064495259955,RD4_F8_m8f4_P8_Y6_UO660,RD8_F4_m8f4_P8_Y4_UO191,RD4_F7_m4f8_P4_Y4_UO506,MXY,1,0.0,0,0,0.0,0,0,0,-9999.0,0.5625,1,P3_CV0,1,2,0,1,1
4,2.046486340378425,9.289064495259955,RD4_F8_m8f4_P8_Y6_UO667,RD8_F4_m8f4_P8_Y4_UO191,RD4_F7_m4f8_P4_Y4_UO506,FXX,1,0.0,0,0,0.0,0,0,0,-9999.0,0.5625,1,P3_CV0,1,2,0,1,1
4,2.046486340378425,9.289064495259955,RD4_F8_m8f4_P8_Y6_UO141,RD8_F4_m8f4_P8_Y4_UO191,RD4_F7_m4f8_P4_Y4_UO506,MXY,1,0.0,0,0,0.0,0,0,0,-9999.0,0.5625,1,P3_CV0,1,2,0,1,1
4,2.046486340378425,9.289064495259955,RD4_F8_m8f4_P8_Y6_UO32,RD8_F4_m7f4_P7_Y4_UO560,RD4_F7_m3f6_P3_Y4_UO209,MXY,1,0.0,0,0,0.0,0,0,0,-9999.0,0.375,1,P3_CV0,1,1,1,1,1
4,2.046486340378425,9.289064495259955,RD4_F8_m8f4_P8_Y6_UO665,RD8_F4_m8f4_P8_Y4_UO191,RD4_F7_m4f8_P4_Y4_UO506,MXY,1,0.0,0,0,0.0,0,0,0,-9999.0,0.5625,1,P3_CV0,1,1,1,1,1
4,2.046486340378425,9.289064495259955,RD4_F8_m8f4_P8_Y6_UO601,RD8_F4_m8f4_P8_Y4_UO191,RD4_F7_m3f6_P3_Y4_UO209,FXX,1,0.0,0,0,0.0,0,0,0,-9999.0,0.46875,1,P3_CV0,1,1,1,0,2
4,2.046486340378425,9.289064495259955,RD4_F8_m8f4_P8_Y6_UO34,RD8_F4_m7f4_P7_Y4_UO560,RD4_F7_m3f6_P3_Y4_UO209,FXX,1,0.0,0,0,0.0,0,0,0,-9999.0,0.375,1,P3_CV0,1,1,1,1,1
4,2.046486340378425,9.289064495259955,RD4_F8_m8f4_P8_Y6_UO140,RD8_F4_m8f4_P8_Y4_UO191,RD4_F7_m4f8_P4_Y4_UO506,FXX,1,0.0,0,0,0.0,0,0,0,-9999.0,0.5625,1,P3_CV0,1,2,0,2,0
4,2.046486340378425,9.289064495259955,RD4_F8_m8f4_P8_Y6_UO144,RD8_F4_m8f4_P8_Y4_UO191,RD4_F7_m4f8_P4_Y4_UO506,FXX,1,0.0,0,0,0.0,0,0,0,-9999.0,0.5625,1,P3_CV0,1,2,0,2,0
4,2.046486340378425,9.289064495259955,RD4_F8_m8f4_P8_Y6_UO135,RD8_F4_m8f4_P8_Y4_UO191,RD4_F7_m4f8_P4_Y4_UO506,FXX,1,0.0,0,0,0.0,0,0,0,-9999.0,0.5625,1,P3_CV0,1,1,1,2,0
4,2.046486340378425,9.289064495259955,RD4_F8_m8f4_P8_Y6_UO592,RD8_F4_m8f4_P8_Y4_UO191,RD4_F7_m3f6_P3_Y4_UO209,FXX,1,0.0,0,0,0.0,0,0,0,-9999.0,0.46875,1,P3_CV0,1,1,1,1,1
4,2.046486340378425,9.289064495259955,RD4_F8_m8f4_P8_Y6_UO31,RD8_F4_m7f4_P7_Y4_UO560,RD4_F7_m3f6_P3_Y4_UO209,MXY,1,0.0,0,0,0.0,0,0,0,-9999.0,0.375,1,P3_CV0,1,0,2,1,1
4,2.046486340378425,9.289064495259955,RD4_F8_m8f4_P8_Y6_UO30,RD8_F4_m7f4_P7_Y4_UO560,RD4_F7_m3f6_P3_Y4_UO209,MXY,1,0.0,0,0,0.0,0,0,0,-9999.0,0.375,1,P3_CV0,1,0,2,1,1
4,2.046486340378425,9.289064495259955,RD4_F8_m8f4_P8_Y6_UO669,RD8_F4_m8f4_P8_Y4_UO191,RD4_F7_m4f8_P4_Y4_UO506,MXY,1,0.0,0,0,0.0,0,0,0,-9999.0,0.5625,1,P3_CV0,1,1,1,2,0
4,2.046486340378425,9.289064495259955,RD4_F7_m4f7_P4_Y5_UO3,RD4_F8_m4f7_P4_Y3_UO533,RD7_F3_m3f5_P3_Y2_UO266,MXY,2,0.0,1,0,0.0,0,0,0,-9999.0,0.5625,1,P3_CV0,1,1,1,2,0
4,2.046486340378425,9.289064495259955,RD4_F7_m4f7_P4_Y5_UO504,RD4_F8_m4f8_P4_Y3_UO536,RD7_F4_m8f4_P8_Y3_UO9,FXX,2,0.0,1,0,1.0,0,0,0,-9999.0,0.4375,1,P3_CV0,1,0,2,2,0
4,2.046486340378425,9.289064495259955,RD4_F8_m4f7_P4_Y5_UO506,RD4_F8_m4f8_P4_Y3_UO536,RD7_F4_m8f4_P8_Y3_UO9,FXX,2,0.0,1,0,1.0,0,0,0,-9999.0,0.4375,1,P3_CV0,1,1,1,2,0
4,2.046486340378425,9.289064495259955,RD4_F8_m4f8_P4_Y5_UO210,RD4_F8_m4f8_P4_Y3_UO322,RD8_F4_m7f4_P7_Y3_UO398,FXX,2,0.0,1,0,1.0,0,0,0,-9999.0,0.5,1,P3_CV0,1,1,1,1,1
4,2.046486340378425,9.289064495259955,RD4_F8_m4f7_P4_Y5_UO5,RD4_F8_m4f7_P4_Y3_UO533,RD7_F3_m3f5_P3_Y2_UO266,FXX,2,0.0,1,0,1.0,0,0,0,-9999.0,0.5625,1,P3_CV0,1,1,1,1,1
4,2.046486340378425,9.289064495259955,RD4_F8_m4f7_P4_Y5_UO325,RD4_F8_m4f8_P4_Y3_UO322,RD7_F4_m7f3_P7_Y3_UO31,MXY,2,0.0,1,0,0.0,0,0,0,-9999.0,0.625,1,P3_CV0,1,0,2,1,1
4,2.046486340378425,9.289064495259955,RD4_F8_m4f7_P4_Y5_UO0,RD4_F8_m4f7_P4_Y3_UO533,RD7_F3_m3f5_P3_Y2_UO266,MXY,2,0.0,1,0,0.0,0,0,0,-9999.0,0.5625,1,P3_CV0,1,1,1,1,1
4,2.046486340378425,9.289064495259955,RD4_F8_m7f4_P7_Y4_UO560,RD7_F4_m7f3_P7_Y2_UO292,RD4_F7_m4f7_P4_Y2_UO268,FXX,3,0.0,1,0,1.0,0,0,0,-9999.0,0.3125,1,P3_CV0,1,1,1,2,0
4,2.046486340378425,9.289064495259955,RD4_F7_m7f4_P7_Y6_UO5,RD7_F4_m7f3_P7_Y4_UO55,RD4_F7_m7f3_P7_Y3_UO415,MXY,1,0.0,0,0,0.0,0,0,0,-9999.0,0.53125,1,P4_CV0,1,0,2,1,1
4,2.046486340378425,9.289064495259955,RD4_F7_m7f3_P7_Y6_UO217,RD7_F4_m7f3_P7_Y4_UO55,RD3_F7_m8f4_P8_Y3_UO272,MXY,1,0.0,0,0,0.0,0,0,0,-9999.0,0.59375,1,P4_CV0,1,2,0,2,0
4,2.046486340378425,9.289064495259955,RD4_F7_m7f4_P7_Y6_UO10,RD7_F4_m7f3_P7_Y4_UO55,RD4_F7_m7f3_P7_Y3_UO415,MXY,1,0.0,0,0,0.0,0,0,0,-9999.0,0.53125,1,P4_CV0,1,1,1,2,0
4,2.046486340378425,9.289064495259955,RD4_F7_m7f4_P7_Y6_UO6,RD7_F4_m7f3_P7_Y4_UO55,RD4_F7_m7f3_P7_Y3_UO415,MXY,1,0.0,0,0,0.0,0,0,0,-9999.0,0.53125,1,P4_CV0,1,1,1,2,0
4,2.046486340378425,9.289064495259955,RD4_F7_m7f4_P7_Y6_UO165,RD7_F3_m7f3_P7_Y4_UO281,RD4_F8_m4f8_P4_Y4_UO381,MXY,1,0.0,0,0,0.0,0,0,0,-9999.0,0.5625,1,P4_CV0,1,1,1,1,1
4,2.046486340378425,9.289064495259955,RD4_F7_m7f4_P7_Y6_UO166,RD7_F3_m7f3_P7_Y4_UO281,RD4_F8_m4f8_P4_Y4_UO381,FXX,1,0.0,0,0,0.0,0,0,0,-9999.0,0.5625,1,P4_CV0,1,1,1,2,0
4,2.046486340378425,9.289064495259955,RD4_F7_m7f3_P7_Y6_UO253,RD7_F4_m7f3_P7_Y4_UO55,RD3_F7_m8f4_P8_Y3_UO272,MXY,1,0.0,0,0,0.0,0,0,0,-9999.0,0.59375,1,P4_CV0,1,2,0,0,2
4,2.046486340378425,9.289064495259955,RD4_F7_m7f4_P7_Y6_UO238,RD7_F4_m7f3_P7_Y4_UO55,RD4_F7_m4f7_P4_Y4_UO110,FXX,1,0.0,0,0,0.0,0,0,0,-9999.0,0.53125,1,P4_CV0,1,1,1,2,0
4,2.046486340378425,9.289064495259955,RD4_F7_m7f3_P7_Y6_UO214,RD7_F4_m7f3_P7_Y4_UO55,RD3_F7_m8f4_P8_Y3_UO272,FXX,1,0.0,0,0,0.0,0,0,0,-9999.0,0.59375,1,P4_CV0,1,2,0,1,1
4,2.046486340378425,9.289064495259955,RD4_F7_m7f4_P7_Y6_UO12,RD7_F4_m7f3_P7_Y4_UO55,RD4_F7_m7f3_P7_Y3_UO415,FXX,1,0.0,0,0,0.0,0,0,0,-9999.0,0.53125,1,P4_CV0,1,1,1,2,0
4,2.046486340378425,9.289064495259955,RD4_F7_m7f4_P7_Y6_UO4,RD7_F4_m7f3_P7_Y4_UO55,RD4_F7_m7f3_P7_Y3_UO415,FXX,1,0.0,0,0,0.0,0,0,0,-9999.0,0.53125,1,P4_CV0,1,1,1,0,2
4,2.046486340378425,9.289064495259955,RD4_F7_m7f4_P7_Y6_UO240,RD7_F4_m7f3_P7_Y4_UO55,RD4_F7_m4f7_P4_Y4_UO110,FXX,1,0.0,0,0,0.0,0,0,0,-9999.0,0.53125,1,P4_CV0,1,1,1,0,2
4,2.046486340378425,9.289064495259955,RD4_F7_m7f3_P7_Y6_UO216,RD7_F4_m7f3_P7_Y4_UO55,RD3_F7_m8f4_P8_Y3_UO272,MXY,1,0.0,0,0,0.0,0,0,0,-9999.0,0.59375,1,P4_CV0,1,2,0,1,1
4,2.046486340378425,9.289064495259955,RD4_F8_m4f7_P4_Y5_UO324,RD4_F8_m4f8_P4_Y3_UO322,RD7_F4_m7f3_P7_Y3_UO31,FXX,2,0.0,1,0,1.0,0,0,0,-9999.0,0.625,1,P4_CV0,1,1,1,0,2
4,2.046486340378425,9.289064495259955,RD4_F8_m8f4_P8_Y6_UO589,RD8_F4_m8f4_P8_Y4_UO167,RD4_F7_m3f2_P3_Y4_UO27,MXY,1,0.0,0,0,0.0,0,0,0,-9999.0,0.5,1,P5_CV0,1,1,1,2,0
4,2.046486340378425,9.289064495259955,RD4_F8_m8f4_P8_Y6_UO36,RD8_F4_m7f4_P7_Y4_UO560,RD4_F7_m3f6_P3_Y4_UO209,MXY,1,0.0,0,0,0.0,0,0,0,-9999.0,0.375,1,P5_CV0,1,0,2,1,1
4,2.046486340378425,9.289064495259955,RD4_F8_m8f4_P8_Y6_UO281,RD8_F4_m7f4_P7_Y4_UO598,RD4_F7_m3f2_P3_Y4_UO27,MXY,1,0.0,0,0,0.0,0,0,0,-9999.0,0.53125,1,P5_CV0,1,1,1,0,2
4,2.046486340378425,9.289064495259955,RD4_F7_m7f3_P7_Y6_UO617,RD7_F3_m5f3_P5_Y4_UO349,RD3_F7_m3f2_P3_Y4_UO26,FXX,1,0.0,0,0,0.0,0,0,0,-9999.0,0.6875,1,P5_CV0,1,2,0,1,1
4,2.046486340378425,9.289064495259955,RD4_F7_m7f3_P7_Y6_UO293,RD7_F3_m6f9_P6_Y4_UO2,RD3_F7_m3f2_P3_Y4_UO26,MXY,1,0.0,0,0,0.0,0,0,0,-9999.0,0.6875,1,P5_CV0,1,2,0,1,1
4,2.046486340378425,9.289064495259955,RD4_F8_m8f4_P8_Y6_UO600,RD8_F4_m8f4_P8_Y4_UO191,RD4_F7_m3f6_P3_Y4_UO209,MXY,1,0.0,0,0,0.0,0,0,0,-9999.0,0.46875,1,P5_CV0,1,1,1,0,2
4,2.046486340378425,9.289064495259955,RD4_F7_m7f3_P7_Y6_UO471,RD7_F3_m6f2_P6_Y4_UO379,RD3_F7_m3f2_P3_Y4_UO26,MXY,1,0.0,0,0,0.0,0,0,0,-9999.0,0.65625,1,P5_CV0,1,2,0,0,2
4,2.046486340378425,9.289064495259955,RD4_F7_m7f3_P7_Y6_UO295,RD7_F3_m6f9_P6_Y4_UO2,RD3_F7_m3f2_P3_Y4_UO26,MXY,1,0.0,0,0,0.0,0,0,0,-9999.0,0.6875,1,P5_CV0,1,2,0,1,1
4,2.046486340378425,9.289064495259955,RD4_F7_m7f3_P7_Y6_UO468,RD7_F3_m6f2_P6_Y4_UO379,RD3_F7_m3f2_P3_Y4_UO26,MXY,1,0.0,0,0,0.0,0,0,0,-9999.0,0.65625,1,P5_CV0,1,2,0,1,1
4,2.046486340378425,9.289064495259955,RD4_F8_m8f4_P8_Y6_UO29,RD8_F4_m7f4_P7_Y4_UO560,RD4_F7_m3f6_P3_Y4_UO209,FXX,1,0.0,0,0,0.0,0,0,0,-9999.0,0.375,1,P5_CV0,1,1,1,1,1
4,2.046486340378425,9.289064495259955,RD4_F8_m8f4_P8_Y6_UO33,RD8_F4_m7f4_P7_Y4_UO560,RD4_F7_m3f6_P3_Y4_UO209,FXX,1,0.0,0,0,0.0,0,0,0,-9999.0,0.375,1,P5_CV0,1,1,1,1,1
4,2.046486340378425,9.289064495259955,RD4_F7_m7f3_P7_Y6_UO616,RD7_F3_m5f3_P5_Y4_UO349,RD3_F7_m3f2_P3_Y4_UO26,FXX,1,0.0,0,0,0.0,0,0,0,-9999.0,0.6875,1,P5_CV0,1,1,1,1,1
4,2.046486340378425,9.289064495259955,RD4_F7_m7f3_P7_Y6_UO187,RD7_F3_m6f9_P6_Y4_UO398,RD3_F7_m8f4_P8_Y3_UO347,FXX,1,0.0,0,0,0.0,0,0,0,-9999.0,0.4375,1,P5_CV0,1,1,1,2,0
4,2.046486340378425,9.289064495259955,RD4_F8_m8f4_P8_Y6_UO585,RD8_F4_m8f4_P8_Y4_UO167,RD4_F7_m3f2_P3_Y4_UO27,MXY,1,0.0,0,0,0.0,0,0,0,-9999.0,0.5,1,P5_CV0,1,1,1,2,0
4,2.046486340378425,9.289064495259955,RD4_F7_m7f3_P7_Y6_UO189,RD7_F3_m6f9_P6_Y4_UO398,RD3_F7_m8f4_P8_Y3_UO347,FXX,1,0.0,0,0,0.0,0,0,0,-9999.0,0.4375,1,P5_CV0,1,0,2,2,0
4,2.046486340378425,9.289064495259955,RD4_F8_m8f4_P8_Y6_UO28,RD8_F4_m7f4_P7_Y4_UO560,RD4_F7_m3f6_P3_Y4_UO209,MXY,1,0.0,0,0,0.0,0,0,0,-9999.0,0.375,1,P5_CV0,1,1,1,1,1
4,2.046486340378425,9.289064495259955,RD4_F7_m7f3_P7_Y6_UO294,RD7_F3_m6f9_P6_Y4_UO2,RD3_F7_m3f2_P3_Y4_UO26,FXX,1,0.0,0,0,0.0,0,0,0,-9999.0,0.6875,1,P5_CV0,1,2,0,2,0
4,2.046486340378425,9.289064495259955,RD4_F8_m8f4_P8_Y6_UO38,RD8_F4_m7f4_P7_Y4_UO560,RD4_F7_m3f6_P3_Y4_UO209,MXY,1,0.0,0,0,0.0,0,0,0,-9999.0,0.375,1,P5_CV0,1,1,1,1,1
4,2.046486340378425,9.289064495259955,RD4_F7_m4f8_P4_Y5_UO206,RD4_F8_m4f8_P4_Y3_UO322,RD8_F4_m7f4_P7_Y3_UO398,FXX,2,0.0,1,0,1.0,0,0,0,-9999.0,0.5,1,P6_CV0,1,1,1,1,1
4,2.046486340378425,9.289064495259955,RD4_F8_m4f8_P4_Y5_UO211,RD4_F8_m4f8_P4_Y3_UO322,RD8_F4_m7f4_P7_Y3_UO398,FXX,2,0.0,1,0,1.0,0,0,0,-9999.0,0.5,1,P6_CV0,1,1,1,2,0
4,2.046486340378425,9.289064495259955,RD4_F8_m4f8_P4_Y5_UO395,RD4_F7_m4f8_P4_Y3_UO305,RD8_F4_m8f4_P8_Y3_UO522,MXY,2,0.0,1,0,0.0,0,0,0,-9999.0,0.4375,1,P6_CV0,1,1,1,1,1
4,2.046486340378425,9.289064495259955,RD4_F7_m4f8_P4_Y5_UO390,RD4_F7_m4f8_P4_Y3_UO305,RD8_F4_m8f4_P8_Y3_UO522,FXX,2,0.0,1,0,1.0,0,0,0,-9999.0,0.4375,1,P6_CV0,1,1,1,1,1
4,2.046486340378425,9.289064495259955,RD4_F7_m3f6_P3_Y5_UO330,RD3_F7_m4f7_P4_Y3_UO153,RD6_F3_m7f4_P7_Y3_UO145,FXX,2,0.0,1,0,1.0,0,0,0,-9999.0,0.5,1,P6_CV0,1,0,2,2,0
4,2.046486340378425,9.289064495259955,RD4_F8_m8f4_P8_Y6_UO282,RD8_F4_m7f4_P7_Y4_UO598,RD4_F7_m3f2_P3_Y4_UO27,FXX,1,0.0,0,0,0.0,0,0,0,-9999.0,0.53125,1,P7_CV0,1,1,1,0,2
4,2.046486340378425,9.289064495259955,RD4_F7_m7f3_P7_Y6_UO220,RD7_F4_m7f3_P7_Y4_UO55,RD3_F7_m8f4_P8_Y3_UO272,FXX,1,0.0,0,0,0.0,0,0,0,-9999.0,0.59375,1,P7_CV0,1,1,1,0,2
4,2.046486340378425,9.289064495259955,RD4_F7_m7f3_P7_Y6_UO257,RD7_F4_m7f3_P7_Y4_UO55,RD3_F7_m8f4_P8_Y3_UO272,MXY,1,0.0,0,0,0.0,0,0,0,-9999.0,0.59375,1,P7_CV0,1,1,1,2,0
4,2.046486340378425,9.289064495259955,RD4_F8_m8f4_P8_Y6_UO279,RD8_F4_m7f4_P7_Y4_UO598,RD4_F7_m3f2_P3_Y4_UO27,MXY,1,0.0,0,0,0.0,0,0,0,-9999.0,0.53125,1,P7_CV0,1,1,1,0,2
4,2.046486340378425,9.289064495259955,RD4_F7_m7f4_P7_Y6_UO168,RD7_F3_m7f3_P7_Y4_UO281,RD4_F8_m4f8_P4_Y4_UO381,MXY,1,0.0,0,0,0.0,0,0,0,-9999.0,0.5625,1,P7_CV0,1,2,0,2,0
4,2.046486340378425,9.289064495259955,RD4_F7_m7f3_P7_Y6_UO215,RD7_F4_m7f3_P7_Y4_UO55,RD3_F7_m8f4_P8_Y3_UO272,MXY,1,0.0,0,0,0.0,0,0,0,-9999.0,0.59375,1,P7_CV0,1,1,1,1,1
4,2.046486340378425,9.289064495259955,RD4_F8_m4f7_P4_Y5_UO244,RD4_F8_m4f8_P4_Y3_UO323,RD7_F4_m8f4_P8_Y3_UO272,MXY,2,0.0,1,0,0.0,0,0,0,-9999.0,0.6875,1,P7_CV0,1,1,1,2,0
4,2.046486340378425,9.289064495259955,RD4_F7_m7f4_P7_Y6_UO319,RD7_F3_m6f9_P6_Y4_UO2,RD4_F7_m4f8_P4_Y4_UO506,FXX,1,0.0,0,0,0.0,0,0,0,-9999.0,0.6875,1,P8_CV0,1,1,1,2,0
4,2.046486340378425,9.289064495259955,RD4_F7_m7f3_P7_Y6_UO297,RD7_F3_m6f9_P6_Y4_UO2,RD3_F7_m3f2_P3_Y4_UO26,FXX,1,0.0,0,0,0.0,0,0,0,-9999.0,0.6875,1,P8_CV0,1,2,0,2,0
4,2.046486340378425,9.289064495259955,RD4_F7_m7f4_P7_Y6_UO321,RD7_F3_m6f9_P6_Y4_UO2,RD4_F7_m4f8_P4_Y4_UO506,MXY,1,0.0,0,0,0.0,0,0,0,-9999.0,0.6875,1,P8_CV0,1,1,1,2,0
5,2.9965467367452314,4.002409126542999,RD5_F1_m1f5_P1_Y6_UO450,RD1_F5_m1f5_P1_Y4_UO390,RD5_F3_m2f6_P2_Y4_UO457,MXY,1,0.0,0,0,0.0,0,0,0,-9999.0,0.46875,1,P0_CV0,1,2,0,1,1
5,2.9965467367452314,4.002409126542999,RD5_F1_m1f5_P1_Y6_UO381,RD1_F5_m1f5_P1_Y4_UO390,RD5_F3_m2f3_P2_Y4_UO85,FXX,1,0.0,0,0,0.0,0,0,0,-9999.0,0.65625,1,P0_CV0,1,2,0,1,1
5,2.9965467367452314,4.002409126542999,RD5_F1_m1f5_P1_Y6_UO382,RD1_F5_m1f5_P1_Y4_UO390,RD5_F3_m2f3_P2_Y4_UO85,MXY,1,0.0,0,0,0.0,0,0,0,-9999.0,0.65625,1,P0_CV0,1,2,0,1,1
5,2.9965467367452314,4.002409126542999,RD5_F1_m1f5_P1_Y6_UO497,RD1_F5_m1f5_P1_Y4_UO390,RD5_F3_m2f3_P2_Y4_UO85,MXY,1,0.0,0,0,0.0,0,0,0,-9999.0,0.65625,1,P0_CV0,1,2,0,1,1
5,2.9965467367452314,4.002409126542999,RD5_F1_m1f5_P1_Y6_UO457,RD1_F5_m2f5_P2_Y4_UO626,RD5_F2_m6f2_P6_Y3_UO300,FXX,1,0.0,0,0,0.0,0,0,0,-9999.0,0.5625,1,P0_CV0,1,0,2,0,2
5,2.9965467367452314,4.002409126542999,RD5_F3_m3f5_P3_Y6_UO248,RD3_F7_m4f7_P4_Y4_UO43,RD5_F2_m5f3_P5_Y4_UO356,MXY,1,0.0,0,0,0.0,0,0,0,-9999.0,0.625,1,P0_CV0,1,1,1,0,2
5,2.9965467367452314,4.002409126542999,RD5_F1_m5f1_P5_Y5_UO369,RD5_F1_m5f2_P5_Y3_UO376,RD1_F5_m1f5_P1_Y3_UO445,MXY,2,0.0,1,0,0.0,0,0,0,-9999.0,0.5625,1,P0_CV0,1,2,0,1,1
5,2.9965467367452314,4.002409126542999,RD5_F2_m6f9_P6_Y5_UO154,RD6_F2_m3f7_P3_Y3_UO15,RD9_F2_m2f5_P2_Y2_UO14,FXX,2,0.0,1,0,1.0,0,0,0,-9999.0,0.5625,1,P0_CV0,1,1,1,1,1
5,2.9965467367452314,4.002409126542999,RD5_F1_m5f1_P5_Y5_UO381,RD5_F1_m5f2_P5_Y3_UO376,RD1_F5_m1f5_P1_Y3_UO445,MXY,2,0.0,1,0,0.0,0,0,0,-9999.0,0.5625,1,P0_CV0,1,2,0,1,1
5,2.9965467367452314,4.002409126542999,RD5_F3_m6f9_P6_Y5_UO268,RD6_F2_m3f7_P3_Y3_UO15,RD9_F2_m2f5_P2_Y2_UO14,FXX,2,0.0,1,0,1.0,0,0,0,-9999.0,0.5625,1,P0_CV0,1,2,0,0,2
5,2.9965467367452314,4.002409126542999,RD5_F1_m1f5_P1_Y4_UO390,RD1_F5_m3f6_P3_Y2_UO475,RD5_F3_m2f5_P2_Y1_UO302,FXX,3,0.0,1,0,1.0,0,0,0,-9999.0,0.5625,1,P0_CV0,1,1,1,2,0
5,2.9965467367452314,4.002409126542999,RD5_F1_m1f5_P1_Y6_UO496,RD1_F5_m3f7_P3_Y4_UO490,RD5_F3_m6f3_P6_Y4_UO232,FXX,1,0.0,0,0,0.0,0,0,0,-9999.0,0.53125,1,P1_CV0,1,2,0,1,1
5,2.9965467367452314,4.002409126542999,RD5_F1_m1f5_P1_Y6_UO447,RD1_F5_m1f5_P1_Y4_UO390,RD5_F3_m2f6_P2_Y4_UO457,MXY,1,0.0,0,0,0.0,0,0,0,-9999.0,0.46875,1,P1_CV0,1,1,1,1,1
5,2.9965467367452314,4.002409126542999,RD5_F1_m1f5_P1_Y6_UO448,RD1_F5_m1f5_P1_Y4_UO390,RD5_F3_m2f6_P2_Y4_UO457,FXX,1,0.0,0,0,0.0,0,0,0,-9999.0,0.46875,1,P1_CV0,1,2,0,1,1
5,2.9965467367452314,4.002409126542999,RD5_F1_m1f5_P1_Y6_UO492,RD1_F5_m3f7_P3_Y4_UO490,RD5_F3_m6f3_P6_Y4_UO232,MXY,1,0.0,0,0,0.0,0,0,0,-9999.0,0.53125,1,P1_CV0,1,2,0,1,1
5,2.9965467367452314,4.002409126542999,RD5_F1_m1f5_P1_Y6_UO182,RD1_F5_m1f5_P1_Y4_UO221,RD5_F3_m6f3_P6_Y4_UO231,FXX,1,0.0,0,0,0.0,0,0,0,-9999.0,0.5,1,P1_CV0,1,1,1,1,1
5,2.9965467367452314,4.002409126542999,RD5_F3_m3f2_P3_Y6_UO120,RD3_F2_m9f6_P9_Y4_UO478,RD2_F9_m9f6_P9_Y3_UO197,MXY,1,0.0,0,0,0.0,0,0,0,-9999.0,0.4375,1,P1_CV0,1,0,2,1,1
5,2.9965467367452314,4.002409126542999,RD5_F1_m1f5_P1_Y6_UO348,RD1_F5_m1f5_P1_Y4_UO219,RD5_F3_m6f3_P6_Y4_UO231,MXY,1,0.0,0,0,0.0,0,0,0,-9999.0,0.5,1,P1_CV0,1,1,1,1,1
5,2.9965467367452314,4.002409126542999,RD5_F3_m3f2_P3_Y6_UO119,RD3_F2_m9f6_P9_Y4_UO478,RD2_F9_m9f6_P9_Y3_UO197,FXX,1,0.0,0,0,0.0,0,0,0,-9999.0,0.4375,1,P1_CV0,1,0,2,1,1
5,2.9965467367452314,4.002409126542999,RD5_F3_m3f7_P3_Y6_UO62,RD3_F7_m4f7_P4_Y4_UO43,RD7_F3_m6f2_P6_Y4_UO325,MXY,1,0.0,0,0,0.0,0,0,0,-9999.0,0.65625,1,P1_CV0,1,2,0,0,2
5,2.9965467367452314,4.002409126542999,RD5_F1_m1f5_P1_Y6_UO494,RD1_F5_m3f7_P3_Y4_UO490,RD5_F3_m6f3_P6_Y4_UO232,MXY,1,0.0,0,0,0.0,0,0,0,-9999.0,0.53125,1,P1_CV0,1,2,0,1,1
5,2.9965467367452314,4.002409126542999,RD5_F1_m1f5_P1_Y6_UO112,RD1_F5_m2f5_P2_Y4_UO626,RD5_F3_m6f3_P6_Y4_UO231,MXY,1,0.0,0,0,0.0,0,0,0,-9999.0,0.65625,1,P1_CV0,1,2,0,0,2
5,2.9965467367452314,4.002409126542999,RD5_F1_m1f5_P1_Y6_UO691,RD1_F5_m2f5_P2_Y4_UO498,RD5_F1_m1f5_P1_Y3_UO393,FXX,1,0.0,0,0,0.0,0,0,0,-9999.0,0.46875,1,P1_CV0,1,1,1,2,0
5,2.9965467367452314,4.002409126542999,RD5_F1_m1f5_P1_Y6_UO259,RD1_F5_m1f5_P1_Y4_UO448,RD5_F1_m5f3_P5_Y4_UO350,MXY,1,0.0,0,0,0.0,0,0,0,-9999.0,0.625,1,P1_CV0,1,2,0,0,2
5,2.9965467367452314,4.002409126542999,RD5_F1_m1f5_P1_Y6_UO114,RD1_F5_m2f5_P2_Y4_UO626,RD5_F3_m6f3_P6_Y4_UO231,FXX,1,0.0,0,0,0.0,0,0,0,-9999.0,0.65625,1,P1_CV0,1,2,0,2,0
5,2.9965467367452314,4.002409126542999,RD5_F1_m1f5_P1_Y6_UO111,RD1_F5_m2f5_P2_Y4_UO626,RD5_F3_m6f3_P6_Y4_UO231,MXY,1,0.0,0,0,0.0,0,0,0,-9999.0,0.65625,1,P1_CV0,1,1,1,1,1
5,2.9965467367452314,4.002409126542999,RD5_F1_m1f5_P1_Y6_UO347,RD1_F5_m1f5_P1_Y4_UO219,RD5_F3_m6f3_P6_Y4_UO231,FXX,1,0.0,0,0,0.0,0,0,0,-9999.0,0.5,1,P1_CV0,1,1,1,2,0
5,2.9965467367452314,4.002409126542999,RD5_F1_m1f5_P1_Y6_UO263,RD1_F5_m1f5_P1_Y4_UO448,RD5_F1_m5f3_P5_Y4_UO350,MXY,1,0.0,0,0,0.0,0,0,0,-9999.0,0.625,1,P1_CV0,1,1,1,1,1
5,2.9965467367452314,4.002409126542999,RD5_F2_m2f6_P2_Y6_UO72,RD2_F9_m6f9_P6_Y4_UO4,RD6_F2_m9f2_P9_Y4_UO344,MXY,1,0.0,0,0,0.0,0,0,0,-9999.0,0.59375,1,P1_CV0,1,2,0,1,1
5,2.9965467367452314,4.002409126542999,RD5_F1_m1f5_P1_Y6_UO184,RD1_F5_m1f5_P1_Y4_UO221,RD5_F3_m6f3_P6_Y4_UO231,FXX,1,0.0,0,0,0.0,0,0,0,-9999.0,0.5,1,P1_CV0,1,1,1,2,0
5,2.9965467367452314,4.002409126542999,RD5_F3_m3f5_P3_Y6_UO417,RD3_F6_m9f6_P9_Y4_UO487,RD5_F1_m5f3_P5_Y4_UO350,FXX,1,0.0,0,0,0.0,0,0,0,-9999.0,0.625,1,P1_CV0,1,2,0,1,1
5,2.9965467367452314,4.002409126542999,RD5_F1_m1f5_P1_Y6_UO346,RD1_F5_m1f5_P1_Y4_UO219,RD5_F3_m6f3_P6_Y4_UO231,MXY,1,0.0,0,0,0.0,0,0,0,-9999.0,0.5,1,P1_CV0,1,1,1,0,2
5,2.9965467367452314,4.002409126542999,RD5_F1_m1f5_P1_Y6_UO169,RD1_F5_m1f5_P1_Y4_UO361,RD5_F3_m6f3_P6_Y4_UO232,FXX,1,0.0,0,0,0.0,0,0,0,-9999.0,0.5625,1,P1_CV0,1,1,1,1,1
5,2.9965467367452314,4.002409126542999,RD5_F1_m1f5_P1_Y6_UO344,RD1_F5_m1f5_P1_Y4_UO219,RD5_F3_m6f3_P6_Y4_UO231,FXX,1,0.0,0,0,0.0,0,0,0,-9999.0,0.5,1,P1_CV0,1,1,1,0,2
5,2.9965467367452314,4.002409126542999,RD5_F3_m3f5_P3_Y6_UO128,RD3_F7_m3f7_P3_Y4_UO601,RD5_F3_m2f6_P2_Y4_UO457,MXY,1,0.0,0,0,0.0,0,0,0,-9999.0,0.4375,1,P1_CV0,1,2,0,0,2
5,2.9965467367452314,4.002409126542999,RD5_F1_m1f5_P1_Y6_UO690,RD1_F5_m2f5_P2_Y4_UO498,RD5_F1_m1f5_P1_Y3_UO393,FXX,1,0.0,0,0,0.0,0,0,0,-9999.0,0.46875,1,P1_CV0,1,0,2,1,1
5,2.9965467367452314,4.002409126542999,RD5_F2_m2f6_P2_Y6_UO71,RD2_F9_m6f9_P6_Y4_UO4,RD6_F2_m9f2_P9_Y4_UO344,FXX,1,0.0,0,0,0.0,0,0,0,-9999.0,0.59375,1,P1_CV0,1,2,0,1,1
5,2.9965467367452314,4.002409126542999,RD5_F1_m1f5_P1_Y6_UO170,RD1_F5_m1f5_P1_Y4_UO361,RD5_F3_m6f3_P6_Y4_UO232,MXY,1,0.0,0,0,0.0,0,0,0,-9999.0,0.5625,1,P1_CV0,1,1,1,1,1
5,2.9965467367452314,4.002409126542999,RD5_F1_m5f2_P5_Y5_UO132,RD5_F2_m9f2_P9_Y3_UO258,RD2_F5_m1f5_P1_Y3_UO391,MXY,2,0.0,1,0,0.0,0,0,0,-9999.0,0.375,1,P1_CV0,1,0,2,2,0
5,2.9965467367452314,4.002409126542999,RD5_F1_m5f2_P5_Y5_UO470,RD5_F1_m5f2_P5_Y3_UO514,RD2_F3_m3f6_P3_Y2_UO222,FXX,2,0.0,1,0,1.0,0,0,0,-9999.0,0.5,1,P1_CV0,1,2,0,2,0
5,2.9965467367452314,4.002409126542999,RD5_F1_m1f5_P1_Y6_UO186,RD1_F5_m1f5_P1_Y4_UO221,RD5_F3_m6f3_P6_Y4_UO231,MXY,1,0.0,0,0,0.0,0,0,0,-9999.0,0.5,1,P2_CV0,1,1,1,1,1
5,2.9965467367452314,4.002409126542999,RD5_F1_m1f5_P1_Y6_UO286,RD1_F5_m1f5_P1_Y4_UO431,RD5_F3_m5f2_P5_Y4_UO140,MXY,1,0.0,0,0,0.0,0,0,0,-9999.0,0.53125,1,P2_CV0,1,1,1,1,1
5,2.9965467367452314,4.002409126542999,RD5_F1_m1f5_P1_Y6_UO292,RD1_F5_m1f5_P1_Y4_UO431,RD5_F3_m5f2_P5_Y4_UO140,MXY,1,0.0,0,0,0.0,0,0,0,-9999.0,0.53125,1,P2_CV0,1,0,2,1,1
5,2.9965467367452314,4.002409126542999,RD5_F1_m1f5_P1_Y6_UO291,RD1_F5_m1f5_P1_Y4_UO431,RD5_F3_m5f2_P5_Y4_UO140,MXY,1,0.0,0,0,0.0,0,0,0,-9999.0,0.53125,1,P2_CV0,1,1,1,1,1
5,2.9965467367452314,4.002409126542999,RD5_F3_m3f5_P3_Y6_UO444,RD3_F5_m1f5_P1_Y4_UO430,RD5_F1_m5f3_P5_Y4_UO350,MXY,1,0.0,0,0,0.0,0,0,0,-9999.0,0.6875,1,P2_CV0,1,1,1,1,1
5,2.9965467367452314,4.002409126542999,RD5_F3_m3f5_P3_Y6_UO445,RD3_F5_m1f5_P1_Y4_UO430,RD5_F1_m5f3_P5_Y4_UO350,MXY,1,0.0,0,0,0.0,0,0,0,-9999.0,0.6875,1,P2_CV0,1,0,2,1,1
5,2.9965467367452314,4.002409126542999,RD5_F1_m1f5_P1_Y6_UO183,RD1_F5_m1f5_P1_Y4_UO221,RD5_F3_m6f3_P6_Y4_UO231,FXX,1,0.0,0,0,0.0,0,0,0,-9999.0,0.5,1,P2_CV0,1,1,1,2,0
5,2.9965467367452314,4.002409126542999,RD5_F1_m1f5_P1_Y4_UO565,RD1_F5_m3f5_P3_Y2_UO344,RD5_F3_m6f9_P6_Y2_UO58,FXX,3,0.0,1,0,1.0,0,0,0,-9999.0,0.25,1,P2_CV0,1,0,2,1,1
5,2.9965467367452314,4.002409126542999,RD5_F1_m1f5_P1_Y4_UO220,RD1_F5_m1f5_P1_Y2_UO573,RD5_F3_m6f9_P6_Y2_UO58,MXY,3,0.0,1,0,0.0,0,0,0,-9999.0,0.3125,1,P2_CV0,1,0,2,1,1
5,2.9965467367452314,4.002409126542999,RD5_F2_m2f9_P2_Y6_UO451,RD2_F3_m7f4_P7_Y4_UO528,RD9_F2_m6f9_P6_Y4_UO397,FXX,1,0.0,0,0,0.0,0,0,0,-9999.0,0.5,1,P3_CV0,1,0,2,1,1
5,2.9965467367452314,4.002409126542999,RD5_F2_m2f3_P2_Y6_UO107,RD2_F9_m6f9_P6_Y4_UO4,RD3_F7_m8f4_P8_Y3_UO506,FXX,1,0.0,0,0,0.0,0,0,0,-9999.0,0.6875,1,P3_CV0,1,1,1,1,1
5,2.9965467367452314,4.002409126542999,RD5_F3_m7f3_P7_Y5_UO353,RD7_F4_m8f4_P8_Y3_UO1,RD3_F7_m3f6_P3_Y3_UO499,FXX,2,0.0,1,0,1.0,0,0,0,-9999.0,0.4375,1,P3_CV0,1,0,2,2,0
5,2.9965467367452314,4.002409126542999,RD5_F1_m1f5_P1_Y6_UO349,RD1_F5_m1f5_P1_Y4_UO219,RD5_F3_m6f3_P6_Y4_UO231,FXX,1,0.0,0,0,0.0,0,0,0,-9999.0,0.5,1,P4_CV0,1,1,1,1,1
5,2.9965467367452314,4.002409126542999,RD5_F1_m1f5_P1_Y6_UO258,RD1_F5_m1f5_P1_Y4_UO448,RD5_F1_m5f3_P5_Y4_UO350,MXY,1,0.0,0,0,0.0,0,0,0,-9999.0,0.625,1,P4_CV0,1,1,1,1,1
5,2.9965467367452314,4.002409126542999,RD5_F1_m1f5_P1_Y6_UO693,RD1_F5_m2f5_P2_Y4_UO498,RD5_F1_m1f5_P1_Y3_UO393,FXX,1,0.0,0,0,0.0,0,0,0,-9999.0,0.46875,1,P4_CV0,1,1,1,1,1
5,2.9965467367452314,4.002409126542999,RD5_F1_m1f5_P1_Y6_UO456,RD1_F5_m2f5_P2_Y4_UO626,RD5_F2_m6f2_P6_Y3_UO300,MXY,1,0.0,0,0,0.0,0,0,0,-9999.0,0.5625,1,P4_CV0,1,1,1,1,1
5,2.9965467367452314,4.002409126542999,RD5_F1_m1f5_P1_Y6_UO261,RD1_F5_m1f5_P1_Y4_UO448,RD5_F1_m5f3_P5_Y4_UO350,MXY,1,0.0,0,0,0.0,0,0,0,-9999.0,0.625,1,P4_CV0,1,1,1,1,1
5,2.9965467367452314,4.002409126542999,RD5_F1_m1f5_P1_Y6_UO54,RD1_F5_m1f5_P1_Y4_UO219,RD5_F3_m6f3_P6_Y4_UO231,FXX,1,0.0,0,0,0.0,0,0,0,-9999.0,0.5,1,P4_CV0,1,1,1,2,0
5,2.9965467367452314,4.002409126542999,RD5_F1_m1f5_P1_Y6_UO260,RD1_F5_m1f5_P1_Y4_UO448,RD5_F1_m5f3_P5_Y4_UO350,MXY,1,0.0,0,0,0.0,0,0,0,-9999.0,0.625,1,P4_CV0,1,2,0,0,2
5,2.9965467367452314,4.002409126542999,RD5_F1_m1f5_P1_Y6_UO53,RD1_F5_m1f5_P1_Y4_UO219,RD5_F3_m6f3_P6_Y4_UO231,MXY,1,0.0,0,0,0.0,0,0,0,-9999.0,0.5,1,P4_CV0,1,1,1,2,0
5,2.9965467367452314,4.002409126542999,RD5_F1_m1f5_P1_Y6_UO264,RD1_F5_m1f5_P1_Y4_UO448,RD5_F1_m5f3_P5_Y4_UO350,MXY,1,0.0,0,0,0.0,0,0,0,-9999.0,0.625,1,P4_CV0,1,1,1,0,2
5,2.9965467367452314,4.002409126542999,RD5_F1_m1f5_P1_Y6_UO262,RD1_F5_m1f5_P1_Y4_UO448,RD5_F1_m5f3_P5_Y4_UO350,MXY,1,0.0,0,0,0.0,0,0,0,-9999.0,0.625,1,P4_CV0,1,2,0,1,1
5,2.9965467367452314,4.002409126542999,RD5_F1_m1f5_P1_Y6_UO688,RD1_F5_m2f5_P2_Y4_UO498,RD5_F1_m1f5_P1_Y3_UO393,MXY,1,0.0,0,0,0.0,0,0,0,-9999.0,0.46875,1,P4_CV0,1,0,2,1,1
5,2.9965467367452314,4.002409126542999,RD5_F1_m1f5_P1_Y6_UO455,RD1_F5_m2f5_P2_Y4_UO626,RD5_F2_m6f2_P6_Y3_UO300,FXX,1,0.0,0,0,0.0,0,0,0,-9999.0,0.5625,1,P4_CV0,1,0,2,1,1
5,2.9965467367452314,4.002409126542999,RD5_F1_m1f5_P1_Y6_UO52,RD1_F5_m1f5_P1_Y4_UO219,RD5_F3_m6f3_P6_Y4_UO231,FXX,1,0.0,0,0,0.0,0,0,0,-9999.0,0.5,1,P4_CV0,1,1,1,0,2
5,2.9965467367452314,4.002409126542999,RD5_F2_m2f5_P2_Y6_UO475,RD2_F6_m9f2_P9_Y4_UO250,RD5_F2_m6f2_P6_Y3_UO300,MXY,1,0.0,0,0,0.0,0,0,0,-9999.0,0.46875,1,P4_CV0,1,0,2,1,1
5,2.9965467367452314,4.002409126542999,RD5_F2_m2f3_P2_Y6_UO200,RD2_F9_m2f6_P2_Y4_UO31,RD3_F7_m3f5_P3_Y4_UO291,MXY,1,0.0,0,0,0.0,0,0,0,-9999.0,0.5,1,P4_CV0,1,1,1,1,1
5,2.9965467367452314,4.002409126542999,RD5_F1_m1f5_P1_Y6_UO50,RD1_F5_m1f5_P1_Y4_UO219,RD5_F3_m6f3_P6_Y4_UO231,MXY,1,0.0,0,0,0.0,0,0,0,-9999.0,0.5,1,P4_CV0,1,1,1,2,0
5,2.9965467367452314,4.002409126542999,RD5_F1_m1f5_P1_Y6_UO56,RD1_F5_m1f5_P1_Y4_UO219,RD5_F3_m6f3_P6_Y4_UO231,MXY,1,0.0,0,0,0.0,0,0,0,-9999.0,0.5,1,P4_CV0,1,1,1,2,0
5,2.9965467367452314,4.002409126542999,RD5_F1_m1f5_P1_Y6_UO265,RD1_F5_m1f5_P1_Y4_UO448,RD5_F1_m5f3_P5_Y4_UO350,MXY,1,0.0,0,0,0.0,0,0,0,-9999.0,0.625,1,P4_CV0,1,1,1,2,0
5,2.9965467367452314,4.002409126542999,RD5_F1_m5f1_P5_Y5_UO313,RD5_F3_m7f3_P7_Y3_UO36,RD1_F5_m2f5_P2_Y3_UO122,FXX,2,0.0,1,0,1.0,0,0,0,-9999.0,0.4375,1,P4_CV0,1,1,1,1,1
5,2.9965467367452314,4.002409126542999,RD5_F1_m5f1_P5_Y5_UO311,RD5_F3_m7f3_P7_Y3_UO36,RD1_F5_m2f5_P2_Y3_UO122,FXX,2,0.0,1,0,1.0,0,0,0,-9999.0,0.4375,1,P4_CV0,1,1,1,1,1
5,2.9965467367452314,4.002409126542999,RD5_F2_m2f3_P2_Y6_UO133,RD2_F9_m2f5_P2_Y4_UO497,RD3_F7_m3f2_P3_Y4_UO26,MXY,1,0.0,0,0,0.0,0,0,0,-9999.0,0.59375,1,P5_CV0,1,1,1,1,1
5,2.9965467367452314,4.002409126542999,RD5_F2_m2f6_P2_Y6_UO109,RD2_F5_m1f5_P1_Y4_UO389,RD6_F9_m2f6_P2_Y4_UO32,MXY,1,0.0,0,0,0.0,0,0,0,-9999.0,0.5625,1,P5_CV0,1,0,2,2,0
5,2.9965467367452314,4.002409126542999,RD5_F1_m1f5_P1_Y6_UO332,RD1_F5_m1f5_P1_Y4_UO363,RD5_F3_m5f2_P5_Y4_UO136,FXX,1,0.0,0,0,0.0,0,0,0,-9999.0,0.4375,1,P5_CV0,1,0,2,1,1
5,2.9965467367452314,4.002409126542999,RD5_F1_m1f5_P1_Y6_UO174,RD1_F5_m1f5_P1_Y4_UO361,RD5_F3_m6f3_P6_Y4_UO232,FXX,1,0.0,0,0,0.0,0,0,0,-9999.0,0.5625,1,P5_CV0,1,1,1,1,1
5,2.9965467367452314,4.002409126542999,RD5_F1_m1f5_P1_Y6_UO171,RD1_F5_m1f5_P1_Y4_UO361,RD5_F3_m6f3_P6_Y4_UO232,MXY,1,0.0,0,0,0.0,0,0,0,-9999.0,0.5625,1,P5_CV0,1,1,1,1,1
5,2.9965467367452314,4.002409126542999,RD5_F1_m1f5_P1_Y6_UO290,RD1_F5_m1f5_P1_Y4_UO431,RD5_F3_m5f2_P5_Y4_UO140,MXY,1,0.0,0,0,0.0,0,0,0,-9999.0,0.53125,1,P5_CV0,1,1,1,1,1
5,2.9965467367452314,4.002409126542999,RD5_F1_m1f5_P1_Y6_UO548,RD1_F5_m1f5_P1_Y4_UO448,RD5_F3_m5f2_P5_Y4_UO136,FXX,1,0.0,0,0,0.0,0,0,0,-9999.0,0.46875,1,P5_CV0,1,2,0,0,2
5,2.9965467367452314,4.002409126542999,RD5_F1_m1f5_P1_Y6_UO331,RD1_F5_m1f5_P1_Y4_UO363,RD5_F3_m5f2_P5_Y4_UO136,MXY,1,0.0,0,0,0.0,0,0,0,-9999.0,0.4375,1,P5_CV0,1,0,2,1,1
5,2.9965467367452314,4.002409126542999,RD5_F1_m1f5_P1_Y6_UO546,RD1_F5_m1f5_P1_Y4_UO448,RD5_F3_m5f2_P5_Y4_UO136,MXY,1,0.0,0,0,0.0,0,0,0,-9999.0,0.46875,1,P5_CV0,1,1,1,1,1
5,2.9965467367452314,4.002409126542999,RD5_F1_m1f5_P1_Y6_UO330,RD1_F5_m1f5_P1_Y4_UO363,RD5_F3_m5f2_P5_Y4_UO136,MXY,1,0.0,0,0,0.0,0,0,0,-9999.0,0.4375,1,P5_CV0,1,1,1,1,1
5,2.9965467367452314,4.002409126542999,RD5_F2_m5f1_P5_Y5_UO378,RD5_F1_m5f2_P5_Y3_UO376,RD1_F5_m1f5_P1_Y3_UO445,MXY,2,0.0,1,0,0.0,0,0,0,-9999.0,0.5625,1,P5_CV0,1,2,0,1,1
5,2.9965467367452314,4.002409126542999,RD5_F1_m5f1_P5_Y5_UO377,RD5_F1_m5f2_P5_Y3_UO376,RD1_F5_m1f5_P1_Y3_UO445,FXX,2,0.0,1,0,1.0,0,0,0,-9999.0,0.5625,1,P5_CV0,1,1,1,0,2
5,2.9965467367452314,4.002409126542999,RD5_F1_m5f1_P5_Y5_UO371,RD5_F1_m5f2_P5_Y3_UO376,RD1_F5_m1f5_P1_Y3_UO445,MXY,2,0.0,1,0,0.0,0,0,0,-9999.0,0.5625,1,P5_CV0,1,2,0,1,1
5,2.9965467367452314,4.002409126542999,RD5_F2_m5f1_P5_Y5_UO384,RD5_F1_m5f2_P5_Y3_UO376,RD1_F5_m1f5_P1_Y3_UO445,FXX,2,0.0,1,0,1.0,0,0,0,-9999.0,0.5625,1,P5_CV0,1,2,0,0,2
5,2.9965467367452314,4.002409126542999,RD5_F1_m5f1_P5_Y5_UO380,RD5_F1_m5f2_P5_Y3_UO376,RD1_F5_m1f5_P1_Y3_UO445,MXY,2,0.0,1,0,0.0,0,0,0,-9999.0,0.5625,1,P5_CV0,1,1,1,1,1
5,2.9965467367452314,4.002409126542999,RD5_F1_m5f1_P5_Y5_UO379,RD5_F1_m5f2_P5_Y3_UO376,RD1_F5_m1f5_P1_Y3_UO445,MXY,2,0.0,1,0,0.0,0,0,0,-9999.0,0.5625,1,P5_CV0,1,1,1,0,2
5,2.9965467367452314,4.002409126542999,RD5_F1_m1f5_P1_Y6_UO491,RD1_F5_m3f7_P3_Y4_UO490,RD5_F3_m6f3_P6_Y4_UO232,MXY,1,0.0,0,0,0.0,0,0,0,-9999.0,0.53125,1,P6_CV0,1,2,0,1,1
5,2.9965467367452314,4.002409126542999,RD5_F1_m1f5_P1_Y6_UO493,RD1_F5_m3f7_P3_Y4_UO490,RD5_F3_m6f3_P6_Y4_UO232,MXY,1,0.0,0,0,0.0,0,0,0,-9999.0,0.53125,1,P6_CV0,1,2,0,1,1
5,2.9965467367452314,4.002409126542999,RD5_F2_m2f6_P2_Y6_UO354,RD2_F9_m6f3_P6_Y4_UO34,RD6_F2_m9f6_P9_Y4_UO374,MXY,1,0.0,0,0,0.0,0,0,0,-9999.0,0.4375,1,P8_CV0,1,0,2,1,1
5,2.9965467367452314,4.002409126542999,RD5_F3_m3f6_P3_Y6_UO680,RD3_F7_m3f6_P3_Y4_UO632,RD6_F9_m2f5_P2_Y4_UO496,FXX,1,0.0,0,0,0.0,0,0,0,-9999.0,0.65625,1,P8_CV0,1,0,2,1,1
5,2.9965467367452314,4.002409126542999,RD5_F2_m2f9_P2_Y6_UO204,RD2_F6_m9f6_P9_Y4_UO96,RD9_F6_m9f2_P9_Y4_UO262,FXX,1,0.0,0,0,0.0,0,0,0,-9999.0,0.46875,1,P8_CV0,1,0,2,2,0
5,2.9965467367452314,4.002409126542999,RD5_F1_m5f2_P5_Y5_UO462,RD5_F1_m5f2_P5_Y3_UO514,RD2_F3_m3f6_P3_Y2_UO222,FXX,2,0.0,1,0,1.0,0,0,0,-9999.0,0.5,1,P8_CV0,1,2,0,2,0
5,2.9965467367452314,4.002409126542999,RD5_F1_m5f2_P5_Y5_UO220,RD5_F2_m9f2_P9_Y3_UO258,RD2_F9_m6f9_P6_Y3_UO436,MXY,2,0.0,1,0,0.0,0,0,0,-9999.0,0.4375,1,P8_CV0,1,0,2,2,0
5,2.9965467367452314,4.002409126542999,RD5_F3_m6f2_P6_Y5_UO484,RD6_F9_m6f2_P6_Y3_UO424,RD2_F5_m1f5_P1_Y3_UO391,FXX,2,0.0,1,0,1.0,0,0,0,-9999.0,0.5625,1,P8_CV0,1,1,1,1,1
6,6.211338327692949,7.937131414155586,RD6_F2_m2f6_P2_Y6_UO244,RD2_F5_m1f5_P1_Y4_UO389,RD6_F9_m2f3_P2_Y4_UO229,MXY,1,0.0,0,0,0.0,0,0,0,-9999.0,0.5625,1,P0_CV0,1,1,1,1,1
6,6.211338327692949,7.937131414155586,RD6_F2_m2f3_P2_Y6_UO391,RD2_F5_m2f5_P2_Y4_UO625,RD3_F7_m4f8_P4_Y4_UO382,FXX,1,0.0,0,0,0.0,0,0,0,-9999.0,0.65625,1,P0_CV0,1,1,1,1,1
6,6.211338327692949,7.937131414155586,RD6_F3_m3f7_P3_Y6_UO198,RD3_F7_m4f8_P4_Y4_UO553,RD7_F3_m2f5_P2_Y4_UO401,MXY,1,0.0,0,0,0.0,0,0,0,-9999.0,0.375,1,P0_CV0,1,1,1,1,1
6,6.211338327692949,7.937131414155586,RD6_F3_m3f7_P3_Y6_UO197,RD3_F7_m4f8_P4_Y4_UO553,RD7_F3_m2f5_P2_Y4_UO401,MXY,1,0.0,0,0,0.0,0,0,0,-9999.0,0.375,1,P0_CV0,1,0,2,2,0
6,6.211338327692949,7.937131414155586,RD6_F9_m2f5_P2_Y5_UO294,RD2_F6_m9f6_P9_Y3_UO357,RD5_F1_m5f2_P5_Y3_UO167,MXY,2,0.0,1,0,0.0,0,0,0,-9999.0,0.5,1,P0_CV0,1,1,1,0,2
6,6.211338327692949,7.937131414155586,RD6_F9_m2f9_P2_Y5_UO241,RD2_F9_m2f5_P2_Y3_UO125,RD9_F2_m9f6_P9_Y3_UO197,FXX,2,0.0,1,0,1.0,0,0,0,-9999.0,0.3125,1,P0_CV0,1,1,1,1,1
6,6.211338327692949,7.937131414155586,RD6_F9_m2f9_P2_Y5_UO237,RD2_F9_m2f5_P2_Y3_UO125,RD9_F2_m9f6_P9_Y3_UO197,MXY,2,0.0,1,0,0.0,0,0,0,-9999.0,0.3125,1,P0_CV0,1,1,1,2,0
6,6.211338327692949,7.937131414155586,RD6_F2_m2f5_P2_Y6_UO507,RD2_F3_m6f9_P6_Y4_UO265,RD5_F3_m6f3_P6_Y4_UO232,FXX,1,0.0,0,0,0.0,0,0,0,-9999.0,0.5625,1,P1_CV0,1,1,1,0,2
6,6.211338327692949,7.937131414155586,RD6_F9_m9f6_P9_Y6_UO636,RD9_F6_m3f6_P3_Y4_UO408,RD6_F9_m2f5_P2_Y4_UO611,FXX,1,0.0,0,0,0.0,0,0,0,-9999.0,0.40625,1,P1_CV0,1,1,1,0,2
6,6.211338327692949,7.937131414155586,RD6_F3_m3f6_P3_Y6_UO570,RD3_F2_m6f9_P6_Y4_UO3,RD6_F9_m2f6_P2_Y4_UO32,MXY,1,0.0,0,0,0.0,0,0,0,-9999.0,0.65625,1,P1_CV0,1,1,1,2,0
6,6.211338327692949,7.937131414155586,RD6_F3_m3f5_P3_Y6_UO446,RD3_F5_m1f5_P1_Y4_UO430,RD5_F1_m5f3_P5_Y4_UO350,MXY,1,0.0,0,0,0.0,0,0,0,-9999.0,0.6875,1,P1_CV0,1,0,2,0,2
6,6.211338327692949,7.937131414155586,RD6_F9_m9f2_P9_Y6_UO80,RD9_F6_m2f9_P2_Y4_UO453,RD2_F3_m6f9_P6_Y4_UO507,MXY,1,0.0,0,0,0.0,0,0,0,-9999.0,0.65625,1,P1_CV0,1,2,0,2,0
6,6.211338327692949,7.937131414155586,RD6_F3_m3f7_P3_Y6_UO63,RD3_F7_m4f7_P4_Y4_UO43,RD7_F3_m6f2_P6_Y4_UO325,FXX,1,0.0,0,0,0.0,0,0,0,-9999.0,0.65625,1,P1_CV0,1,2,0,2,0
6,6.211338327692949,7.937131414155586,RD6_F9_m9f6_P9_Y6_UO632,RD9_F6_m3f6_P3_Y4_UO408,RD6_F9_m2f5_P2_Y4_UO611,MXY,1,0.0,0,0,0.0,0,0,0,-9999.0,0.40625,1,P1_CV0,1,0,2,1,1
6,6.211338327692949,7.937131414155586,RD6_F9_m9f6_P9_Y6_UO637,RD9_F6_m3f6_P3_Y4_UO408,RD6_F9_m2f5_P2_Y4_UO611,FXX,1,0.0,0,0,0.0,0,0,0,-9999.0,0.40625,1,P1_CV0,1,0,2,2,0
6,6.211338327692949,7.937131414155586,RD6_F2_m2f5_P2_Y6_UO201,RD2_F9_m2f6_P2_Y4_UO459,RD5_F1_m1f5_P1_Y3_UO393,MXY,1,0.0,0,0,0.0,0,0,0,-9999.0,0.375,1,P1_CV0,1,1,1,1,1
6,6.211338327692949,7.937131414155586,RD6_F3_m3f5_P3_Y6_UO246,RD3_F7_m4f7_P4_Y4_UO43,RD5_F2_m5f3_P5_Y4_UO356,MXY,1,0.0,0,0,0.0,0,0,0,-9999.0,0.625,1,P1_CV0,1,2,0,1,1
6,6.211338327692949,7.937131414155586,RD6_F2_m2f3_P2_Y6_UO654,RD2_F5_m2f5_P2_Y4_UO617,RD3_F7_m4f7_P4_Y4_UO46,MXY,1,0.0,0,0,0.0,0,0,0,-9999.0,0.53125,1,P1_CV0,1,2,0,0,2
6,6.211338327692949,7.937131414155586,RD6_F3_m3f5_P3_Y6_UO249,RD3_F7_m4f7_P4_Y4_UO43,RD5_F2_m5f3_P5_Y4_UO356,FXX,1,0.0,0,0,0.0,0,0,0,-9999.0,0.625,1,P1_CV0,1,2,0,2,0
6,6.211338327692949,7.937131414155586,RD6_F3_m3f5_P3_Y6_UO130,RD3_F7_m3f7_P3_Y4_UO601,RD5_F3_m2f6_P2_Y4_UO457,FXX,1,0.0,0,0,0.0,0,0,0,-9999.0,0.4375,1,P1_CV0,1,1,1,0,2
6,6.211338327692949,7.937131414155586,RD6_F2_m9f6_P9_Y5_UO397,RD9_F6_m2f3_P2_Y3_UO449,RD6_F2_m9f6_P9_Y3_UO195,MXY,2,0.0,1,0,0.0,0,0,0,-9999.0,0.4375,1,P2_CV0,1,1,1,1,1
6,6.211338327692949,7.937131414155586,RD6_F2_m9f6_P9_Y5_UO417,RD9_F6_m2f3_P2_Y3_UO449,RD6_F2_m9f6_P9_Y3_UO195,FXX,2,0.0,1,0,1.0,0,0,0,-9999.0,0.4375,1,P2_CV0,1,1,1,0,2
6,6.211338327692949,7.937131414155586,RD6_F9_m9f6_P9_Y6_UO539,RD9_F6_m9f6_P9_Y4_UO336,RD6_F9_m2f3_P2_Y4_UO227,FXX,1,0.0,0,0,0.0,0,0,0,-9999.0,0.53125,1,P3_CV0,1,0,2,1,1
6,6.211338327692949,7.937131414155586,RD6_F3_m3f7_P3_Y6_UO461,RD3_F5_m1f5_P1_Y4_UO566,RD7_F3_m6f9_P6_Y4_UO602,MXY,1,0.0,0,0,0.0,0,0,0,-9999.0,0.5,1,P3_CV0,1,1,1,0,2
6,6.211338327692949,7.937131414155586,RD6_F3_m3f2_P3_Y6_UO24,RD3_F6_m9f2_P9_Y4_UO314,RD2_F6_m3f7_P3_Y4_UO5,FXX,1,0.0,0,0,0.0,0,0,0,-9999.0,0.625,1,P3_CV0,1,1,1,2,0
6,6.211338327692949,7.937131414155586,RD6_F2_m2f3_P2_Y6_UO655,RD2_F5_m2f5_P2_Y4_UO617,RD3_F7_m4f7_P4_Y4_UO46,MXY,1,0.0,0,0,0.0,0,0,0,-9999.0,0.53125,1,P3_CV0,1,2,0,1,1
6,6.211338327692949,7.937131414155586,RD6_F2_m2f3_P2_Y6_UO131,RD2_F9_m2f5_P2_Y4_UO497,RD3_F7_m3f2_P3_Y4_UO26,MXY,1,0.0,0,0,0.0,0,0,0,-9999.0,0.59375,1,P3_CV0,1,2,0,1,1
6,6.211338327692949,7.937131414155586,RD6_F2_m2f3_P2_Y6_UO656,RD2_F5_m2f5_P2_Y4_UO617,RD3_F7_m4f7_P4_Y4_UO46,MXY,1,0.0,0,0,0.0,0,0,0,-9999.0,0.53125,1,P3_CV0,1,2,0,0,2
6,6.211338327692949,7.937131414155586,RD6_F9_m9f6_P9_Y6_UO537,RD9_F6_m9f6_P9_Y4_UO336,RD6_F9_m2f3_P2_Y4_UO227,MXY,1,0.0,0,0,0.0,0,0,0,-9999.0,0.53125,1,P3_CV0,1,1,1,1,1
6,6.211338327692949,7.937131414155586,RD6_F2_m2f9_P2_Y6_UO454,RD2_F3_m7f4_P7_Y4_UO528,RD9_F2_m6f9_P6_Y4_UO397,MXY,1,0.0,0,0,0.0,0,0,0,-9999.0,0.5,1,P3_CV0,1,0,2,2,0
6,6.211338327692949,7.937131414155586,RD6_F2_m2f3_P2_Y6_UO653,RD2_F5_m2f5_P2_Y4_UO617,RD3_F7_m4f7_P4_Y4_UO46,FXX,1,0.0,0,0,0.0,0,0,0,-9999.0,0.53125,1,P3_CV0,1,2,0,0,2
6,6.211338327692949,7.937131414155586,RD6_F2_m2f5_P2_Y6_UO430,RD2_F3_m7f4_P7_Y4_UO528,RD5_F3_m5f2_P5_Y4_UO136,MXY,1,0.0,0,0,0.0,0,0,0,-9999.0,0.46875,1,P3_CV0,1,1,1,1,1
6,6.211338327692949,7.937131414155586,RD6_F9_m9f6_P9_Y6_UO538,RD9_F6_m9f6_P9_Y4_UO336,RD6_F9_m2f3_P2_Y4_UO227,MXY,1,0.0,0,0,0.0,0,0,0,-9999.0,0.53125,1,P3_CV0,1,0,2,1,1
6,6.211338327692949,7.937131414155586,RD6_F3_m6f9_P6_Y5_UO160,RD6_F2_m3f7_P3_Y3_UO15,RD9_F2_m2f5_P2_Y2_UO14,MXY,2,0.0,1,0,0.0,0,0,0,-9999.0,0.5625,1,P3_CV0,1,2,0,0,2
6,6.211338327692949,7.937131414155586,RD6_F9_m6f9_P6_Y5_UO270,RD6_F2_m3f7_P3_Y3_UO15,RD9_F2_m2f5_P2_Y2_UO14,MXY,2,0.0,1,0,0.0,0,0,0,-9999.0,0.5625,1,P3_CV0,1,1,1,1,1
6,6.211338327692949,7.937131414155586,RD6_F3_m4f7_P4_Y4_UO41,RD4_F7_m4f8_P4_Y2_UO90,RD7_F3_m7f3_P7_Y2_UO587,MXY,3,0.0,1,0,0.0,0,0,0,-9999.0,0.5,1,P3_CV0,1,2,0,1,1
6,6.211338327692949,7.937131414155586,RD6_F9_m9f6_P9_Y6_UO88,RD9_F6_m9f2_P9_Y4_UO247,RD6_F9_m2f5_P2_Y4_UO616,FXX,1,0.0,0,0,0.0,0,0,0,-9999.0,0.5,1,P4_CV0,1,1,1,1,1
6,6.211338327692949,7.937131414155586,RD6_F9_m9f6_P9_Y6_UO160,RD9_F2_m9f6_P9_Y4_UO366,RD6_F9_m6f9_P6_Y4_UO121,FXX,1,0.0,0,0,0.0,0,0,0,-9999.0,0.40625,1,P4_CV0,1,0,2,0,2
6,6.211338327692949,7.937131414155586,RD6_F9_m9f6_P9_Y6_UO163,RD9_F2_m9f6_P9_Y4_UO366,RD6_F9_m6f9_P6_Y4_UO121,MXY,1,0.0,0,0,0.0,0,0,0,-9999.0,0.40625,1,P4_CV0,1,0,2,0,2
6,6.211338327692949,7.937131414155586,RD6_F9_m9f6_P9_Y6_UO157,RD9_F2_m9f6_P9_Y4_UO366,RD6_F9_m6f9_P6_Y4_UO121,FXX,1,0.0,0,0,0.0,0,0,0,-9999.0,0.40625,1,P4_CV0,1,0,2,0,2
6,6.211338327692949,7.937131414155586,RD6_F3_m3f6_P3_Y6_UO679,RD3_F7_m3f6_P3_Y4_UO632,RD6_F9_m2f5_P2_Y4_UO496,MXY,1,0.0,0,0,0.0,0,0,0,-9999.0,0.65625,1,P4_CV0,1,2,0,0,2
6,6.211338327692949,7.937131414155586,RD6_F9_m9f6_P9_Y6_UO90,RD9_F6_m9f2_P9_Y4_UO247,RD6_F9_m2f5_P2_Y4_UO616,FXX,1,0.0,0,0,0.0,0,0,0,-9999.0,0.5,1,P4_CV0,1,1,1,2,0
6,6.211338327692949,7.937131414155586,RD6_F2_m2f3_P2_Y6_UO362,RD2_F6_m9f2_P9_Y4_UO250,RD3_F7_m8f4_P8_Y3_UO9,FXX,1,0.0,0,0,0.0,0,0,0,-9999.0,0.40625,1,P4_CV0,1,0,2,2,0
6,6.211338327692949,7.937131414155586,RD6_F9_m9f6_P9_Y6_UO161,RD9_F2_m9f6_P9_Y4_UO366,RD6_F9_m6f9_P6_Y4_UO121,MXY,1,0.0,0,0,0.0,0,0,0,-9999.0,0.40625,1,P4_CV0,1,0,2,0,2
6,6.211338327692949,7.937131414155586,RD6_F9_m9f6_P9_Y6_UO89,RD9_F6_m9f2_P9_Y4_UO247,RD6_F9_m2f5_P2_Y4_UO616,MXY,1,0.0,0,0,0.0,0,0,0,-9999.0,0.5,1,P4_CV0,1,1,1,2,0
6,6.211338327692949,7.937131414155586,RD6_F9_m9f6_P9_Y6_UO96,RD9_F6_m9f2_P9_Y4_UO247,RD6_F9_m2f5_P2_Y4_UO616,MXY,1,0.0,0,0,0.0,0,0,0,-9999.0,0.5,1,P4_CV0,1,1,1,1,1
6,6.211338327692949,7.937131414155586,RD6_F9_m9f6_P9_Y6_UO156,RD9_F2_m9f6_P9_Y4_UO366,RD6_F9_m6f9_P6_Y4_UO121,FXX,1,0.0,0,0,0.0,0,0,0,-9999.0,0.40625,1,P4_CV0,1,0,2,0,2
6,6.211338327692949,7.937131414155586,RD6_F2_m2f5_P2_Y6_UO479,RD2_F6_m9f2_P9_Y4_UO250,RD5_F2_m6f2_P6_Y3_UO300,FXX,1,0.0,0,0,0.0,0,0,0,-9999.0,0.46875,1,P4_CV0,1,1,1,1,1
6,6.211338327692949,7.937131414155586,RD6_F2_m2f9_P2_Y6_UO557,RD2_F6_m9f2_P9_Y4_UO250,RD9_F6_m9f6_P9_Y4_UO477,MXY,1,0.0,0,0,0.0,0,0,0,-9999.0,0.46875,1,P4_CV0,1,2,0,2,0
6,6.211338327692949,7.937131414155586,RD6_F9_m9f6_P9_Y6_UO545,RD9_F6_m9f6_P9_Y4_UO336,RD6_F9_m2f3_P2_Y4_UO227,FXX,1,0.0,0,0,0.0,0,0,0,-9999.0,0.53125,1,P4_CV0,1,2,0,1,1
6,6.211338327692949,7.937131414155586,RD6_F3_m3f6_P3_Y6_UO683,RD3_F7_m3f6_P3_Y4_UO632,RD6_F9_m2f5_P2_Y4_UO496,MXY,1,0.0,0,0,0.0,0,0,0,-9999.0,0.65625,1,P4_CV0,1,0,2,1,1
6,6.211338327692949,7.937131414155586,RD6_F2_m2f9_P2_Y6_UO558,RD2_F6_m9f2_P9_Y4_UO250,RD9_F6_m9f6_P9_Y4_UO477,MXY,1,0.0,0,0,0.0,0,0,0,-9999.0,0.46875,1,P4_CV0,1,1,1,2,0
6,6.211338327692949,7.937131414155586,RD6_F2_m2f3_P2_Y6_UO642,RD2_F6_m9f2_P9_Y4_UO250,RD3_F5_m1f5_P1_Y4_UO410,FXX,1,0.0,0,0,0.0,0,0,0,-9999.0,0.46875,1,P4_CV0,1,1,1,1,1
6,6.211338327692949,7.937131414155586,RD6_F9_m9f6_P9_Y6_UO101,RD9_F6_m9f2_P9_Y4_UO247,RD6_F9_m2f5_P2_Y4_UO616,FXX,1,0.0,0,0,0.0,0,0,0,-9999.0,0.5,1,P4_CV0,1,1,1,1,1
6,6.211338327692949,7.937131414155586,RD6_F9_m9f6_P9_Y6_UO540,RD9_F6_m9f6_P9_Y4_UO336,RD6_F9_m2f3_P2_Y4_UO227,MXY,1,0.0,0,0,0.0,0,0,0,-9999.0,0.53125,1,P4_CV0,1,1,1,1,1
6,6.211338327692949,7.937131414155586,RD6_F9_m9f6_P9_Y6_UO535,RD9_F6_m9f6_P9_Y4_UO336,RD6_F9_m2f3_P2_Y4_UO227,MXY,1,0.0,0,0,0.0,0,0,0,-9999.0,0.53125,1,P4_CV0,1,2,0,1,1
6,6.211338327692949,7.937131414155586,RD6_F9_m9f6_P9_Y6_UO485,RD9_F6_m3f7_P3_Y4_UO636,RD6_F3_m6f9_P6_Y4_UO123,MXY,1,0.0,0,0,0.0,0,0,0,-9999.0,0.40625,1,P4_CV0,1,2,0,0,2
6,6.211338327692949,7.937131414155586,RD6_F9_m9f6_P9_Y6_UO102,RD9_F6_m9f2_P9_Y4_UO247,RD6_F9_m2f5_P2_Y4_UO616,FXX,1,0.0,0,0,0.0,0,0,0,-9999.0,0.5,1,P4_CV0,1,1,1,2,0
6,6.211338327692949,7.937131414155586,RD6_F2_m2f6_P2_Y6_UO393,RD2_F9_m6f9_P6_Y4_UO215,RD6_F9_m2f5_P2_Y4_UO616,MXY,1,0.0,0,0,0.0,0,0,0,-9999.0,0.53125,1,P4_CV0,1,2,0,2,0
6,6.211338327692949,7.937131414155586,RD6_F2_m2f5_P2_Y6_UO477,RD2_F6_m9f2_P9_Y4_UO250,RD5_F2_m6f2_P6_Y3_UO300,MXY,1,0.0,0,0,0.0,0,0,0,-9999.0,0.46875,1,P4_CV0,1,1,1,2,0
6,6.211338327692949,7.937131414155586,RD6_F9_m9f6_P9_Y6_UO100,RD9_F6_m9f2_P9_Y4_UO247,RD6_F9_m2f5_P2_Y4_UO616,MXY,1,0.0,0,0,0.0,0,0,0,-9999.0,0.5,1,P4_CV0,1,1,1,1,1
6,6.211338327692949,7.937131414155586,RD6_F9_m9f6_P9_Y6_UO91,RD9_F6_m9f2_P9_Y4_UO247,RD6_F9_m2f5_P2_Y4_UO616,FXX,1,0.0,0,0,0.0,0,0,0,-9999.0,0.5,1,P4_CV0,1,1,1,1,1
6,6.211338327692949,7.937131414155586,RD6_F2_m2f9_P2_Y6_UO559,RD2_F6_m9f2_P9_Y4_UO250,RD9_F6_m9f6_P9_Y4_UO477,FXX,1,0.0,0,0,0.0,0,0,0,-9999.0,0.46875,1,P4_CV0,1,0,2,2,0
6,6.211338327692949,7.937131414155586,RD6_F9_m9f6_P9_Y6_UO95,RD9_F6_m9f2_P9_Y4_UO247,RD6_F9_m2f5_P2_Y4_UO616,MXY,1,0.0,0,0,0.0,0,0,0,-9999.0,0.5,1,P4_CV0,1,1,1,1,1
6,6.211338327692949,7.937131414155586,RD6_F3_m3f2_P3_Y6_UO26,RD3_F6_m9f2_P9_Y4_UO314,RD2_F6_m3f7_P3_Y4_UO5,FXX,1,0.0,0,0,0.0,0,0,0,-9999.0,0.625,1,P4_CV0,1,2,0,2,0
6,6.211338327692949,7.937131414155586,RD6_F9_m9f6_P9_Y6_UO97,RD9_F6_m9f2_P9_Y4_UO247,RD6_F9_m2f5_P2_Y4_UO616,MXY,1,0.0,0,0,0.0,0,0,0,-9999.0,0.5,1,P4_CV0,1,1,1,2,0
6,6.211338327692949,7.937131414155586,RD6_F9_m9f6_P9_Y6_UO533,RD9_F6_m9f6_P9_Y4_UO336,RD6_F9_m2f3_P2_Y4_UO227,MXY,1,0.0,0,0,0.0,0,0,0,-9999.0,0.53125,1,P4_CV0,1,0,2,1,1
6,6.211338327692949,7.937131414155586,RD6_F9_m9f6_P9_Y6_UO93,RD9_F6_m9f2_P9_Y4_UO247,RD6_F9_m2f5_P2_Y4_UO616,MXY,1,0.0,0,0,0.0,0,0,0,-9999.0,0.5,1,P4_CV0,1,1,1,1,1
6,6.211338327692949,7.937131414155586,RD6_F9_m2f9_P2_Y5_UO184,RD2_F5_m1f5_P1_Y3_UO206,RD9_F2_m6f2_P6_Y3_UO302,MXY,2,0.0,1,0,0.0,0,0,0,-9999.0,0.4375,1,P4_CV0,1,1,1,0,2
6,6.211338327692949,7.937131414155586,RD6_F9_m9f6_P9_Y4_UO366,RD9_F6_m9f2_P9_Y2_UO464,RD6_F9_m6f3_P6_Y2_UO2,FXX,3,0.0,1,0,1.0,0,0,0,-9999.0,0.375,1,P4_CV0,1,0,2,0,2
6,6.211338327692949,7.937131414155586,RD6_F9_m9f6_P9_Y4_UO339,RD9_F6_m9f6_P9_Y2_UO364,RD6_F3_m5f1_P5_Y2_UO543,MXY,3,0.0,1,0,0.0,0,0,0,-9999.0,0.5,1,P4_CV0,1,1,1,2,0
6,6.211338327692949,7.937131414155586,RD6_F9_m9f6_P9_Y4_UO336,RD9_F6_m9f6_P9_Y2_UO364,RD6_F3_m5f1_P5_Y2_UO543,FXX,3,0.0,1,0,1.0,0,0,0,-9999.0,0.5,1,P4_CV0,1,1,1,2,0
6,6.211338327692949,7.937131414155586,RD6_F9_m9f6_P9_Y6_UO484,RD9_F6_m3f7_P3_Y4_UO636,RD6_F3_m6f9_P6_Y4_UO123,MXY,1,0.0,0,0,0.0,0,0,0,-9999.0,0.40625,1,P5_CV0,1,2,0,0,2
6,6.211338327692949,7.937131414155586,RD6_F2_m2f5_P2_Y6_UO629,RD2_F9_m6f2_P6_Y4_UO129,RD5_F3_m6f3_P6_Y4_UO232,FXX,1,0.0,0,0,0.0,0,0,0,-9999.0,0.59375,1,P5_CV0,1,2,0,0,2
6,6.211338327692949,7.937131414155586,RD6_F3_m3f6_P3_Y6_UO571,RD3_F2_m6f9_P6_Y4_UO3,RD6_F9_m2f6_P2_Y4_UO32,MXY,1,0.0,0,0,0.0,0,0,0,-9999.0,0.65625,1,P5_CV0,1,1,1,2,0
6,6.211338327692949,7.937131414155586,RD6_F9_m9f6_P9_Y6_UO48,RD9_F6_m9f2_P9_Y4_UO609,RD6_F3_m6f9_P6_Y4_UO418,FXX,1,0.0,0,0,0.0,0,0,0,-9999.0,0.40625,1,P5_CV0,1,0,2,0,2
6,6.211338327692949,7.937131414155586,RD6_F2_m2f9_P2_Y6_UO452,RD2_F3_m7f4_P7_Y4_UO528,RD9_F2_m6f9_P6_Y4_UO397,MXY,1,0.0,0,0,0.0,0,0,0,-9999.0,0.5,1,P5_CV0,1,1,1,2,0
6,6.211338327692949,7.937131414155586,RD6_F2_m2f3_P2_Y6_UO132,RD2_F9_m2f5_P2_Y4_UO497,RD3_F7_m3f2_P3_Y4_UO26,MXY,1,0.0,0,0,0.0,0,0,0,-9999.0,0.59375,1,P5_CV0,1,2,0,0,2
6,6.211338327692949,7.937131414155586,RD6_F9_m9f6_P9_Y6_UO489,RD9_F6_m3f7_P3_Y4_UO636,RD6_F3_m6f9_P6_Y4_UO123,MXY,1,0.0,0,0,0.0,0,0,0,-9999.0,0.40625,1,P5_CV0,1,2,0,0,2
6,6.211338327692949,7.937131414155586,RD6_F2_m2f5_P2_Y4_UO610,RD2_F3_m6f9_P6_Y2_UO55,RD5_F2_m3f2_P3_Y2_UO448,FXX,3,0.0,1,0,1.0,0,0,0,-9999.0,0.3125,1,P5_CV0,1,1,1,1,1
6,6.211338327692949,7.937131414155586,RD6_F2_m2f5_P2_Y6_UO584,RD2_F9_m6f2_P6_Y4_UO238,RD5_F3_m6f3_P6_Y4_UO231,MXY,1,0.0,0,0,0.0,0,0,0,-9999.0,0.625,1,P6_CV0,1,1,1,0,2
6,6.211338327692949,7.937131414155586,RD6_F3_m3f7_P3_Y6_UO196,RD3_F7_m4f8_P4_Y4_UO553,RD7_F3_m2f5_P2_Y4_UO401,MXY,1,0.0,0,0,0.0,0,0,0,-9999.0,0.375,1,P7_CV0,1,2,0,1,1
6,6.211338327692949,7.937131414155586,RD6_F2_m2f6_P2_Y6_UO353,RD2_F9_m6f3_P6_Y4_UO34,RD6_F2_m9f6_P9_Y4_UO374,MXY,1,0.0,0,0,0.0,0,0,0,-9999.0,0.4375,1,P8_CV0,1,0,2,1,1
6,6.211338327692949,7.937131414155586,RD6_F3_m3f7_P3_Y6_UO61,RD3_F7_m4f7_P4_Y4_UO43,RD7_F3_m6f2_P6_Y4_UO325,MXY,1,0.0,0,0,0.0,0,0,0,-9999.0,0.65625,1,P8_CV0,1,1,1,1,1
6,6.211338327692949,7.937131414155586,RD6_F3_m3f2_P3_Y6_UO575,RD3_F7_m3f6_P3_Y4_UO632,RD2_F9_m2f5_P2_Y4_UO399,FXX,1,0.0,0,0,0.0,0,0,0,-9999.0,0.59375,1,P8_CV0,1,1,1,1,1
6,6.211338327692949,7.937131414155586,RD6_F3_m3f5_P3_Y6_UO209,RD3_F7_m3f2_P3_Y4_UO436,RD5_F3_m5f2_P5_Y4_UO136,FXX,1,0.0,0,0,0.0,0,0,0,-9999.0,0.53125,1,P8_CV0,1,1,1,1,1
6,6.211338327692949,7.937131414155586,RD6_F2_m2f6_P2_Y6_UO315,RD2_F9_m6f9_P6_Y4_UO215,RD6_F9_m2f3_P2_Y4_UO229,FXX,1,0.0,0,0,0.0,0,0,0,-9999.0,0.53125,1,P8_CV0,1,1,1,1,1
6,6.211338327692949,7.937131414155586,RD6_F9_m6f3_P6_Y5_UO432,RD6_F9_m2f6_P2_Y3_UO158,RD3_F7_m8f4_P8_Y2_UO28,FXX,2,0.0,1,0,1.0,0,0,0,-9999.0,0.5625,1,P8_CV0,1,1,1,1,1
6,6.211338327692949,7.937131414155586,RD6_F9_m6f3_P6_Y5_UO429,RD6_F9_m2f6_P2_Y3_UO158,RD3_F7_m8f4_P8_Y2_UO28,FXX,2,0.0,1,0,1.0,0,0,0,-9999.0,0.5625,1,P8_CV0,1,2,0,1,1
6,6.211338327692949,7.937131414155586,RD6_F9_m2f3_P2_Y5_UO283,RD2_F5_m1f5_P1_Y3_UO206,RD3_F7_m3f5_P3_Y3_UO210,FXX,2,0.0,1,0,1.0,0,0,0,-9999.0,0.3125,1,P8_CV0,1,1,1,0,2
6,6.211338327692949,7.937131414155586,RD6_F9_m6f2_P6_Y5_UO487,RD6_F9_m6f2_P6_Y3_UO424,RD2_F5_m1f5_P1_Y3_UO391,MXY,2,0.0,1,0,0.0,0,0,0,-9999.0,0.5625,1,P8_CV0,1,0,2,1,1
6,6.211338327692949,7.937131414155586,RD6_F9_m6f2_P6_Y5_UO485,RD6_F9_m6f2_P6_Y3_UO424,RD2_F5_m1f5_P1_Y3_UO391,FXX,2,0.0,1,0,1.0,0,0,0,-9999.0,0.5625,1,P8_CV0,1,0,2,1,1
6,6.211338327692949,7.937131414155586,RD6_F3_m3f2_P3_Y4_UO436,RD3_F2_m6f3_P6_Y2_UO516,RD2_F6_m9f2_P9_Y1_UO34,FXX,3,0.0,1,0,1.0,0,0,0,-9999.0,0.625,1,P8_CV0,1,2,0,1,1
7,1.3457994534493356,7.703671818986196,RD7_F3_m6f9_P6_Y5_UO265,RD6_F2_m3f7_P3_Y3_UO15,RD9_F2_m2f5_P2_Y2_UO14,FXX,2,0.0,1,0,1.0,0,0,0,-9999.0,0.5625,1,P0_CV0,1,1,1,0,2
7,1.3457994534493356,7.703671818986196,RD7_F3_m1f5_P1_Y4_UO410,RD1_F5_m1f5_P1_Y2_UO190,RD5_F1_m5f3_P5_Y2_UO115,MXY,3,0.0,1,0,0.0,0,0,0,-9999.0,0.5,1,P0_CV0,1,1,1,1,1
7,1.3457994534493356,7.703671818986196,RD7_F3_m3f7_P3_Y6_UO60,RD3_F7_m4f7_P4_Y4_UO43,RD7_F3_m6f2_P6_Y4_UO325,FXX,1,0.0,0,0,0.0,0,0,0,-9999.0,0.65625,1,P1_CV0,1,2,0,2,0
7,1.3457994534493356,7.703671818986196,RD7_F3_m3f2_P3_Y6_UO310,RD3_F7_m3f7_P3_Y4_UO601,RD2_F9_m9f6_P9_Y3_UO197,MXY,1,0.0,0,0,0.0,0,0,0,-9999.0,0.4375,1,P1_CV0,1,1,1,0,2
7,1.3457994534493356,7.703671818986196,RD7_F3_m3f5_P3_Y6_UO414,RD3_F6_m9f6_P9_Y4_UO487,RD5_F1_m5f3_P5_Y4_UO350,FXX,1,0.0,0,0,0.0,0,0,0,-9999.0,0.625,1,P1_CV0,1,1,1,1,1
7,1.3457994534493356,7.703671818986196,RD7_F3_m3f5_P3_Y6_UO416,RD3_F6_m9f6_P9_Y4_UO487,RD5_F1_m5f3_P5_Y4_UO350,FXX,1,0.0,0,0,0.0,0,0,0,-9999.0,0.625,1,P1_CV0,1,1,1,1,1
7,1.3457994534493356,7.703671818986196,RD7_F3_m3f5_P3_Y6_UO555,RD3_F6_m9f6_P9_Y4_UO480,RD5_F3_m5f2_P5_Y4_UO136,FXX,1,0.0,0,0,0.0,0,0,0,-9999.0,0.46875,1,P1_CV0,1,0,2,0,2
7,1.3457994534493356,7.703671818986196,RD7_F3_m3f6_P3_Y6_UO568,RD3_F2_m6f9_P6_Y4_UO3,RD6_F9_m2f6_P2_Y4_UO32,FXX,1,0.0,0,0,0.0,0,0,0,-9999.0,0.65625,1,P1_CV0,1,1,1,2,0
7,1.3457994534493356,7.703671818986196,RD7_F4_m4f8_P4_Y6_UO482,RD4_F7_m4f7_P4_Y4_UO44,RD8_F4_m8f4_P8_Y4_UO160,MXY,1,0.0,0,0,0.0,0,0,0,-9999.0,0.4375,1,P1_CV0,1,0,2,1,1
7,1.3457994534493356,7.703671818986196,RD7_F4_m4f8_P4_Y6_UO529,RD4_F7_m3f7_P3_Y4_UO6,RD8_F4_m4f7_P4_Y1_UO78,MXY,1,0.0,0,0,0.0,0,0,0,-9999.0,0.3125,1,P1_CV0,1,0,2,2,0
7,1.3457994534493356,7.703671818986196,RD7_F4_m8f4_P8_Y5_UO169,RD8_F4_m7f4_P7_Y3_UO230,RD4_F8_m4f7_P4_Y3_UO243,FXX,2,0.0,1,0,1.0,0,0,0,-9999.0,0.4375,1,P1_CV0,1,1,1,1,1
7,1.3457994534493356,7.703671818986196,RD7_F4_m8f4_P8_Y5_UO167,RD8_F4_m7f4_P7_Y3_UO230,RD4_F8_m4f7_P4_Y3_UO243,FXX,2,0.0,1,0,1.0,0,0,0,-9999.0,0.4375,1,P1_CV0,1,1,1,1,1
7,1.3457994534493356,7.703671818986196,RD7_F3_m1f5_P1_Y4_UO430,RD1_F5_m2f5_P2_Y2_UO307,RD5_F3_m6f3_P6_Y2_UO418,FXX,3,0.0,1,0,1.0,0,0,0,-9999.0,0.625,1,P2_CV0,1,1,1,1,1
7,1.3457994534493356,7.703671818986196,RD7_F3_m3f7_P3_Y6_UO459,RD3_F5_m1f5_P1_Y4_UO566,RD7_F3_m6f9_P6_Y4_UO602,MXY,1,0.0,0,0,0.0,0,0,0,-9999.0,0.5,1,P3_CV0,1,1,1,1,1
7,1.3457994534493356,7.703671818986196,RD7_F3_m3f7_P3_Y6_UO460,RD3_F5_m1f5_P1_Y4_UO566,RD7_F3_m6f9_P6_Y4_UO602,FXX,1,0.0,0,0,0.0,0,0,0,-9999.0,0.5,1,P3_CV0,1,1,1,0,2
7,1.3457994534493356,7.703671818986196,RD7_F4_m4f7_P4_Y6_UO176,RD4_F8_m4f8_P4_Y4_UO502,RD7_F4_m7f4_P7_Y4_UO530,MXY,1,0.0,0,0,0.0,0,0,0,-9999.0,0.5625,1,P3_CV0,1,1,1,2,0
7,1.3457994534493356,7.703671818986196,RD7_F4_m4f7_P4_Y6_UO178,RD4_F8_m4f8_P4_Y4_UO502,RD7_F4_m7f4_P7_Y4_UO530,FXX,1,0.0,0,0,0.0,0,0,0,-9999.0,0.5625,1,P3_CV0,1,2,0,2,0
7,1.3457994534493356,7.703671818986196,RD7_F4_m4f7_P4_Y6_UO179,RD4_F8_m4f8_P4_Y4_UO502,RD7_F4_m7f4_P7_Y4_UO530,MXY,1,0.0,0,0,0.0,0,0,0,-9999.0,0.5625,1,P3_CV0,1,2,0,1,1
7,1.3457994534493356,7.703671818986196,RD7_F4_m4f7_P4_Y6_UO180,RD4_F8_m4f8_P4_Y4_UO502,RD7_F4_m7f4_P7_Y4_UO530,FXX,1,0.0,0,0,0.0,0,0,0,-9999.0,0.5625,1,P3_CV0,1,2,0,2,0
7,1.3457994534493356,7.703671818986196,RD7_F4_m4f8_P4_Y6_UO509,RD4_F8_m4f8_P4_Y4_UO502,RD8_F4_m8f4_P8_Y4_UO156,FXX,1,0.0,0,0,0.0,0,0,0,-9999.0,0.5,1,P3_CV0,1,1,1,1,1
7,1.3457994534493356,7.703671818986196,RD7_F4_m4f7_P4_Y6_UO522,RD4_F8_m4f8_P4_Y4_UO502,RD7_F3_m6f9_P6_Y4_UO602,MXY,1,0.0,0,0,0.0,0,0,0,-9999.0,0.6875,1,P3_CV0,1,2,0,0,2
7,1.3457994534493356,7.703671818986196,RD7_F4_m4f7_P4_Y6_UO524,RD4_F8_m4f8_P4_Y4_UO502,RD7_F3_m6f9_P6_Y4_UO602,FXX,1,0.0,0,0,0.0,0,0,0,-9999.0,0.6875,1,P3_CV0,1,1,1,1,1
7,1.3457994534493356,7.703671818986196,RD7_F4_m4f8_P4_Y6_UO527,RD4_F7_m3f7_P3_Y4_UO6,RD8_F4_m4f7_P4_Y1_UO78,MXY,1,0.0,0,0,0.0,0,0,0,-9999.0,0.3125,1,P3_CV0,1,0,2,2,0
7,1.3457994534493356,7.703671818986196,RD7_F4_m4f8_P4_Y6_UO687,RD4_F7_m4f7_P4_Y4_UO114,RD8_F4_m7f4_P7_Y4_UO555,FXX,1,0.0,0,0,0.0,0,0,0,-9999.0,0.46875,1,P3_CV0,1,0,2,1,1
7,1.3457994534493356,7.703671818986196,RD7_F3_m6f9_P6_Y5_UO163,RD6_F2_m3f7_P3_Y3_UO15,RD9_F2_m2f5_P2_Y2_UO14,MXY,2,0.0,1,0,0.0,0,0,0,-9999.0,0.5625,1,P3_CV0,1,2,0,1,1
7,1.3457994534493356,7.703671818986196,RD7_F3_m7f4_P7_Y5_UO50,RD7_F4_m7f3_P7_Y3_UO423,RD4_F7_m4f8_P4_Y3_UO306,MXY,2,0.0,1,0,0.0,0,0,0,-9999.0,0.625,1,P3_CV0,1,2,0,2,0
7,1.3457994534493356,7.703671818986196,RD7_F4_m8f4_P8_Y5_UO288,RD8_F4_m8f4_P8_Y3_UO2,RD4_F8_m4f8_P4_Y3_UO326,MXY,2,0.0,1,0,0.0,0,0,0,-9999.0,0.625,1,P3_CV0,1,1,1,1,1
7,1.3457994534493356,7.703671818986196,RD7_F4_m8f4_P8_Y5_UO306,RD8_F4_m8f4_P8_Y3_UO2,RD4_F8_m4f7_P4_Y3_UO316,FXX,2,0.0,1,0,1.0,0,0,0,-9999.0,0.625,1,P3_CV0,1,1,1,2,0
7,1.3457994534493356,7.703671818986196,RD7_F4_m7f3_P7_Y5_UO362,RD7_F4_m8f4_P8_Y3_UO1,RD3_F7_m3f6_P3_Y3_UO499,FXX,2,0.0,1,0,1.0,0,0,0,-9999.0,0.4375,1,P3_CV0,1,0,2,1,1
7,1.3457994534493356,7.703671818986196,RD7_F4_m4f8_P4_Y4_UO501,RD4_F7_m3f6_P3_Y2_UO248,RD8_F4_m8f4_P8_Y2_UO507,FXX,3,0.0,1,0,1.0,0,0,0,-9999.0,0.625,1,P3_CV0,1,2,0,1,1
7,1.3457994534493356,7.703671818986196,RD7_F4_m4f8_P4_Y4_UO259,RD4_F8_m4f8_P4_Y2_UO169,RD8_F4_m8f4_P8_Y2_UO561,FXX,3,0.0,1,0,1.0,0,0,0,-9999.0,0.625,1,P3_CV0,1,2,0,2,0
7,1.3457994534493356,7.703671818986196,RD7_F3_m8f4_P8_Y3_UO506,RD8_F4_m8f4_P8_Y1_UO414,RD4_F8_m4f8_P4_Y1_UO287,MXY,4,0.0,1,0,0.0,0,0,0,-9999.0,0.625,1,P3_CV0,1,1,1,1,1
7,1.3457994534493356,7.703671818986196,RD7_F3_m3f2_P3_Y6_UO22,RD3_F6_m9f2_P9_Y4_UO314,RD2_F6_m3f7_P3_Y4_UO5,FXX,1,0.0,0,0,0.0,0,0,0,-9999.0,0.625,1,P4_CV0,1,1,1,1,1
7,1.3457994534493356,7.703671818986196,RD7_F3_m3f2_P3_Y6_UO25,RD3_F6_m9f2_P9_Y4_UO314,RD2_F6_m3f7_P3_Y4_UO5,FXX,1,0.0,0,0,0.0,0,0,0,-9999.0,0.625,1,P4_CV0,1,1,1,1,1
7,1.3457994534493356,7.703671818986196,RD7_F3_m3f6_P3_Y6_UO677,RD3_F7_m3f6_P3_Y4_UO632,RD6_F9_m2f5_P2_Y4_UO496,FXX,1,0.0,0,0,0.0,0,0,0,-9999.0,0.65625,1,P4_CV0,1,1,1,1,1
7,1.3457994534493356,7.703671818986196,RD7_F3_m3f6_P3_Y6_UO681,RD3_F7_m3f6_P3_Y4_UO632,RD6_F9_m2f5_P2_Y4_UO496,MXY,1,0.0,0,0,0.0,0,0,0,-9999.0,0.65625,1,P4_CV0,1,1,1,1,1
7,1.3457994534493356,7.703671818986196,RD7_F3_m3f5_P3_Y6_UO127,RD3_F7_m3f7_P3_Y4_UO601,RD5_F3_m2f6_P2_Y4_UO457,MXY,1,0.0,0,0,0.0,0,0,0,-9999.0,0.4375,1,P5_CV0,1,1,1,0,2
7,1.3457994534493356,7.703671818986196,RD7_F3_m3f5_P3_Y6_UO206,RD3_F7_m3f2_P3_Y4_UO436,RD5_F3_m5f2_P5_Y4_UO136,MXY,1,0.0,0,0,0.0,0,0,0,-9999.0,0.53125,1,P5_CV0,1,1,1,0,2
7,1.3457994534493356,7.703671818986196,RD7_F3_m3f5_P3_Y6_UO207,RD3_F7_m3f2_P3_Y4_UO436,RD5_F3_m5f2_P5_Y4_UO136,MXY,1,0.0,0,0,0.0,0,0,0,-9999.0,0.53125,1,P5_CV0,1,1,1,1,1
7,1.3457994534493356,7.703671818986196,RD7_F3_m3f5_P3_Y6_UO208,RD3_F7_m3f2_P3_Y4_UO436,RD5_F3_m5f2_P5_Y4_UO136,FXX,1,0.0,0,0,0.0,0,0,0,-9999.0,0.53125,1,P5_CV0,1,2,0,1,1
7,1.3457994534493356,7.703671818986196,RD7_F3_m3f5_P3_Y6_UO210,RD3_F7_m3f2_P3_Y4_UO436,RD5_F3_m5f2_P5_Y4_UO136,FXX,1,0.0,0,0,0.0,0,0,0,-9999.0,0.53125,1,P5_CV0,1,2,0,1,1
7,1.3457994534493356,7.703671818986196,RD7_F4_m4f7_P4_Y6_UO0,RD4_F8_m4f7_P4_Y4_UO109,RD7_F3_m7f3_P7_Y4_UO279,MXY,1,0.0,0,0,0.0,0,0,0,-9999.0,0.53125,1,P5_CV0,1,1,1,2,0
7,1.3457994534493356,7.703671818986196,RD7_F4_m4f7_P4_Y6_UO399,RD4_F7_m4f7_P4_Y4_UO297,RD7_F3_m7f3_P7_Y4_UO284,FXX,1,0.0,0,0,0.0,0,0,0,-9999.0,0.53125,1,P5_CV0,1,2,0,2,0
7,1.3457994534493356,7.703671818986196,RD7_F3_m3f7_P3_Y4_UO601,RD3_F2_m6f9_P6_Y2_UO21,RD7_F3_m7f3_P7_Y2_UO582,FXX,3,0.0,1,0,1.0,0,0,0,-9999.0,0.5,1,P5_CV0,1,2,0,0,2
7,1.3457994534493356,7.703671818986196,RD7_F4_m4f8_P4_Y6_UO383,RD4_F7_m4f7_P4_Y4_UO114,RD8_F4_m8f4_P8_Y4_UO156,FXX,1,0.0,0,0,0.0,0,0,0,-9999.0,0.5,1,P6_CV0,1,0,2,2,0
7,1.3457994534493356,7.703671818986196,RD7_F4_m4f8_P4_Y6_UO511,RD4_F8_m4f8_P4_Y4_UO502,RD8_F4_m8f4_P8_Y4_UO156,FXX,1,0.0,0,0,0.0,0,0,0,-9999.0,0.5,1,P6_CV0,1,1,1,1,1
7,1.3457994534493356,7.703671818986196,RD7_F3_m7f3_P7_Y5_UO254,RD7_F4_m7f3_P7_Y3_UO41,RD3_F7_m8f4_P8_Y2_UO28,FXX,2,0.0,1,0,1.0,0,0,0,-9999.0,0.5625,1,P6_CV0,1,0,2,1,1
7,1.3457994534493356,7.703671818986196,RD7_F4_m8f4_P8_Y5_UO77,RD8_F4_m8f4_P8_Y3_UO501,RD4_F8_m4f7_P4_Y3_UO269,MXY,2,0.0,1,0,0.0,0,0,0,-9999.0,0.5,1,P6_CV0,1,1,1,0,2
7,1.3457994534493356,7.703671818986196,RD7_F3_m3f7_P3_Y6_UO195,RD3_F7_m4f8_P4_Y4_UO553,RD7_F3_m2f5_P2_Y4_UO401,FXX,1,0.0,0,0,0.0,0,0,0,-9999.0,0.375,1,P7_CV0,1,1,1,2,0
7,1.3457994534493356,7.703671818986196,RD7_F4_m4f7_P4_Y6_UO1,RD4_F8_m4f7_P4_Y4_UO109,RD7_F3_m7f3_P7_Y4_UO279,FXX,1,0.0,0,0,0.0,0,0,0,-9999.0,0.53125,1,P7_CV0,1,2,0,0,2
7,1.3457994534493356,7.703671818986196,RD7_F4_m4f8_P4_Y6_UO312,RD4_F8_m4f7_P4_Y4_UO109,RD8_F4_m7f4_P7_Y4_UO554,FXX,1,0.0,0,0,0.0,0,0,0,-9999.0,0.46875,1,P7_CV0,1,1,1,2,0
7,1.3457994534493356,7.703671818986196,RD7_F4_m4f8_P4_Y6_UO386,RD4_F7_m4f7_P4_Y4_UO114,RD8_F4_m8f4_P8_Y4_UO156,MXY,1,0.0,0,0,0.0,0,0,0,-9999.0,0.5,1,P7_CV0,1,1,1,2,0
7,1.3457994534493356,7.703671818986196,RD7_F4_m4f7_P4_Y6_UO562,RD4_F7_m4f7_P4_Y4_UO114,RD7_F4_m4f8_P4_Y3_UO464,MXY,1,0.0,0,0,0.0,0,0,0,-9999.0,0.4375,1,P7_CV0,1,0,2,1,1
7,1.3457994534493356,7.703671818986196,RD7_F4_m4f8_P4_Y6_UO684,RD4_F7_m4f7_P4_Y4_UO114,RD8_F4_m7f4_P7_Y4_UO555,MXY,1,0.0,0,0,0.0,0,0,0,-9999.0,0.46875,1,P7_CV0,1,1,1,2,0
7,1.3457994534493356,7.703671818986196,RD7_F4_m4f8_P4_Y6_UO686,RD4_F7_m4f7_P4_Y4_UO114,RD8_F4_m7f4_P7_Y4_UO555,MXY,1,0.0,0,0,0.0,0,0,0,-9999.0,0.46875,1,P7_CV0,1,2,0,2,0
7,1.3457994534493356,7.703671818986196,RD7_F3_m4f8_P4_Y4_UO553,RD4_F7_m3f2_P3_Y2_UO322,RD8_F4_m8f4_P8_Y2_UO365,FXX,3,0.0,1,0,1.0,0,0,0,-9999.0,0.3125,1,P7_CV0,1,1,1,1,1
7,1.3457994534493356,7.703671818986196,RD7_F3_m3f7_P3_Y6_UO59,RD3_F7_m4f7_P4_Y4_UO43,RD7_F3_m6f2_P6_Y4_UO325,MXY,1,0.0,0,0,0.0,0,0,0,-9999.0,0.65625,1,P8_CV0,1,2,0,2,0
7,1.3457994534493356,7.703671818986196,RD7_F3_m3f5_P3_Y6_UO412,RD3_F6_m9f6_P9_Y4_UO487,RD5_F1_m5f3_P5_Y4_UO350,FXX,1,0.0,0,0,0.0,0,0,0,-9999.0,0.625,1,P8_CV0,1,0,2,1,1
7,1.3457994534493356,7.703671818986196,RD7_F3_m3f2_P3_Y6_UO574,RD3_F7_m3f6_P3_Y4_UO632,RD2_F9_m2f5_P2_Y4_UO399,MXY,1,0.0,0,0,0.0,0,0,0,-9999.0,0.59375,1,P8_CV0,1,0,2,0,2
7,1.3457994534493356,7.703671818986196,RD7_F3_m3f2_P3_Y6_UO576,RD3_F7_m3f6_P3_Y4_UO632,RD2_F9_m2f5_P2_Y4_UO399,FXX,1,0.0,0,0,0.0,0,0,0,-9999.0,0.59375,1,P8_CV0,1,0,2,1,1
7,1.3457994534493356,7.703671818986196,RD7_F3_m3f2_P3_Y6_UO578,RD3_F7_m3f6_P3_Y4_UO632,RD2_F9_m2f5_P2_Y4_UO399,MXY,1,0.0,0,0,0.0,0,0,0,-9999.0,0.59375,1,P8_CV0,1,1,1,0,2
7,1.3457994534493356,7.703671818986196,RD7_F3_m3f6_P3_Y6_UO682,RD3_F7_m3f6_P3_Y4_UO632,RD6_F9_m2f5_P2_Y4_UO496,MXY,1,0.0,0,0,0.0,0,0,0,-9999.0,0.65625,1,P8_CV0,1,0,2,1,1
7,1.3457994534493356,7.703671818986196,RD7_F4_m4f7_P4_Y6_UO41,RD4_F7_m4f7_P4_Y4_UO114,RD7_F3_m6f2_P6_Y4_UO325,MXY,1,0.0,0,0,0.0,0,0,0,-9999.0,0.71875,1,P8_CV0,1,2,0,1,1
7,1.3457994534493356,7.703671818986196,RD7_F4_m4f7_P4_Y6_UO301,RD4_F7_m4f8_P4_Y4_UO501,RD7_F3_m6f2_P6_Y4_UO325,FXX,1,0.0,0,0,0.0,0,0,0,-9999.0,0.71875,1,P8_CV0,1,2,0,0,2
7,1.3457994534493356,7.703671818986196,RD7_F4_m4f7_P4_Y6_UO302,RD4_F7_m4f8_P4_Y4_UO501,RD7_F3_m6f2_P6_Y4_UO325,FXX,1,0.0,0,0,0.0,0,0,0,-9999.0,0.71875,1,P8_CV0,1,2,0,2,0
7,1.3457994534493356,7.703671818986196,RD7_F4_m4f7_P4_Y6_UO304,RD4_F7_m4f8_P4_Y4_UO501,RD7_F3_m6f2_P6_Y4_UO325,FXX,1,0.0,0,0,0.0,0,0,0,-9999.0,0.71875,1,P8_CV0,1,2,0,1,1
7,1.3457994534493356,7.703671818986196,RD7_F3_m2f5_P2_Y5_UO119,RD2_F6_m9f6_P9_Y3_UO357,RD5_F1_m5f2_P5_Y3_UO175,FXX,2,0.0,1,0,1.0,0,0,0,-9999.0,0.5,1,P8_CV0,1,1,1,1,1
7,1.3457994534493356,7.703671818986196,RD7_F3_m6f2_P6_Y5_UO90,RD6_F9_m2f6_P2_Y3_UO158,RD2_F3_m3f6_P3_Y2_UO222,MXY,2,0.0,1,0,0.0,0,0,0,-9999.0,0.5625,1,P8_CV0,1,1,1,1,1
7,1.3457994534493356,7.703671818986196,RD7_F4_m8f4_P8_Y5_UO103,RD8_F4_m7f4_P7_Y3_UO223,RD4_F8_m4f7_P4_Y3_UO338,FXX,2,0.0,1,0,1.0,0,0,0,-9999.0,0.375,1,P8_CV0,1,2,0,1,1
7,1.3457994534493356,7.703671818986196,RD7_F3_m3f5_P3_Y4_UO290,RD3_F2_m9f6_P9_Y2_UO486,RD5_F1_m1f5_P1_Y1_UO491,MXY,3,0.0,1,0,0.0,0,0,0,-9999.0,0.4375,1,P8_CV0,1,1,1,1,1
8,1.8443986564691528,11.780027217250101,RD8_F4_m4f8_P4_Y6_UO480,RD4_F7_m4f7_P4_Y4_UO44,RD8_F4_m8f4_P8_Y4_UO160,MXY,1,0.0,0,0,0.0,0,0,0,-9999.0,0.4375,1,P1_CV0,1,1,1,1,1
8,1.8443986564691528,11.780027217250101,RD8_F4_m4f7_P4_Y6_UO396,RD4_F7_m4f7_P4_Y4_UO297,RD7_F3_m7f3_P7_Y4_UO284,FXX,1,0.0,0,0,0.0,0,0,0,-9999.0,0.53125,1,P2_CV0,1,1,1,2,0
8,1.8443986564691528,11.780027217250101,RD8_F4_m4f7_P4_Y6_UO397,RD4_F7_m4f7_P4_Y4_UO297,RD7_F3_m7f3_P7_Y4_UO284,MXY,1,0.0,0,0,0.0,0,0,0,-9999.0,0.53125,1,P2_CV0,1,1,1,1,1
8,1.8443986564691528,11.780027217250101,RD8_F4_m4f7_P4_Y6_UO175,RD4_F8_m4f8_P4_Y4_UO502,RD7_F4_m7f4_P7_Y4_UO530,FXX,1,0.0,0,0,0.0,0,0,0,-9999.0,0.5625,1,P3_CV0,1,2,0,2,0
8,1.8443986564691528,11.780027217250101,RD8_F4_m4f7_P4_Y6_UO305,RD4_F7_m4f8_P4_Y4_UO501,RD7_F3_m6f2_P6_Y4_UO325,FXX,1,0.0,0,0,0.0,0,0,0,-9999.0,0.71875,1,P3_CV0,1,2,0,0,2
8,1.8443986564691528,11.780027217250101,RD8_F4_m4f7_P4_Y6_UO306,RD4_F7_m4f8_P4_Y4_UO501,RD7_F3_m6f2_P6_Y4_UO325,FXX,1,0.0,0,0,0.0,0,0,0,-9999.0,0.71875,1,P3_CV0,1,2,0,2,0
8,1.8443986564691528,11.780027217250101,RD8_F4_m4f8_P4_Y6_UO512,RD4_F8_m4f8_P4_Y4_UO502,RD8_F4_m8f4_P8_Y4_UO156,MXY,1,0.0,0,0,0.0,0,0,0,-9999.0,0.5,1,P3_CV0,1,1,1,2,0
8,1.8443986564691528,11.780027217250101,RD8_F4_m4f8_P4_Y6_UO513,RD4_F8_m4f8_P4_Y4_UO502,RD8_F4_m8f4_P8_Y4_UO156,FXX,1,0.0,0,0,0.0,0,0,0,-9999.0,0.5,1,P3_CV0,1,0,2,1,1
8,1.8443986564691528,11.780027217250101,RD8_F4_m4f8_P4_Y6_UO514,RD4_F8_m4f8_P4_Y4_UO502,RD8_F4_m8f4_P8_Y4_UO156,FXX,1,0.0,0,0,0.0,0,0,0,-9999.0,0.5,1,P3_CV0,1,1,1,1,1
8,1.8443986564691528,11.780027217250101,RD8_F4_m4f7_P4_Y6_UO521,RD4_F8_m4f8_P4_Y4_UO502,RD7_F3_m6f9_P6_Y4_UO602,FXX,1,0.0,0,0,0.0,0,0,0,-9999.0,0.6875,1,P3_CV0,1,2,0,1,1
8,1.8443986564691528,11.780027217250101,RD8_F4_m4f7_P4_Y6_UO523,RD4_F8_m4f8_P4_Y4_UO502,RD7_F3_m6f9_P6_Y4_UO602,FXX,1,0.0,0,0,0.0,0,0,0,-9999.0,0.6875,1,P3_CV0,1,2,0,1,1
8,1.8443986564691528,11.780027217250101,RD8_F4_m4f7_P4_Y6_UO525,RD4_F8_m4f8_P4_Y4_UO502,RD7_F3_m6f9_P6_Y4_UO602,FXX,1,0.0,0,0,0.0,0,0,0,-9999.0,0.6875,1,P3_CV0,1,1,1,0,2
8,1.8443986564691528,11.780027217250101,RD8_F4_m4f7_P4_Y6_UO526,RD4_F8_m4f8_P4_Y4_UO502,RD7_F3_m6f9_P6_Y4_UO602,FXX,1,0.0,0,0,0.0,0,0,0,-9999.0,0.6875,1,P3_CV0,1,2,0,1,1
8,1.8443986564691528,11.780027217250101,RD8_F4_m4f8_P4_Y6_UO528,RD4_F7_m3f7_P3_Y4_UO6,RD8_F4_m4f7_P4_Y1_UO78,MXY,1,0.0,0,0,0.0,0,0,0,-9999.0,0.3125,1,P3_CV0,1,0,2,2,0
8,1.8443986564691528,11.780027217250101,RD8_F4_m8f4_P8_Y5_UO309,RD8_F4_m8f4_P8_Y3_UO2,RD4_F8_m4f7_P4_Y3_UO316,MXY,2,0.0,1,0,0.0,0,0,0,-9999.0,0.625,1,P3_CV0,1,2,0,1,1
8,1.8443986564691528,11.780027217250101,RD8_F4_m8f4_P8_Y5_UO286,RD8_F4_m8f4_P8_Y3_UO2,RD4_F8_m4f8_P4_Y3_UO326,FXX,2,0.0,1,0,1.0,0,0,0,-9999.0,0.625,1,P3_CV0,1,1,1,1,1
8,1.8443986564691528,11.780027217250101,RD8_F4_m4f7_P4_Y6_UO3,RD4_F8_m4f7_P4_Y4_UO109,RD7_F3_m7f3_P7_Y4_UO279,MXY,1,0.0,0,0,0.0,0,0,0,-9999.0,0.53125,1,P5_CV0,1,1,1,0,2
8,1.8443986564691528,11.780027217250101,RD8_F4_m4f7_P4_Y6_UO228,RD4_F7_m3f6_P3_Y4_UO590,RD7_F3_m7f3_P7_Y4_UO279,MXY,1,0.0,0,0,0.0,0,0,0,-9999.0,0.4375,1,P5_CV0,1,1,1,1,1
8,1.8443986564691528,11.780027217250101,RD8_F4_m4f7_P4_Y6_UO229,RD4_F7_m3f6_P3_Y4_UO590,RD7_F3_m7f3_P7_Y4_UO279,FXX,1,0.0,0,0,0.0,0,0,0,-9999.0,0.4375,1,P5_CV0,1,1,1,1,1
8,1.8443986564691528,11.780027217250101,RD8_F4_m4f7_P4_Y6_UO230,RD4_F7_m3f6_P3_Y4_UO590,RD7_F3_m7f3_P7_Y4_UO279,MXY,1,0.0,0,0,0.0,0,0,0,-9999.0,0.4375,1,P5_CV0,1,1,1,0,2
8,1.8443986564691528,11.780027217250101,RD8_F4_m4f7_P4_Y6_UO231,RD4_F7_m3f6_P3_Y4_UO590,RD7_F3_m7f3_P7_Y4_UO279,MXY,1,0.0,0,0,0.0,0,0,0,-9999.0,0.4375,1,P5_CV0,1,1,1,1,1
8,1.8443986564691528,11.780027217250101,RD8_F4_m4f7_P4_Y6_UO232,RD4_F7_m3f6_P3_Y4_UO590,RD7_F3_m7f3_P7_Y4_UO279,MXY,1,0.0,0,0,0.0,0,0,0,-9999.0,0.4375,1,P5_CV0,1,1,1,1,1
8,1.8443986564691528,11.780027217250101,RD8_F4_m4f8_P4_Y6_UO311,RD4_F8_m4f7_P4_Y4_UO109,RD8_F4_m7f4_P7_Y4_UO554,FXX,1,0.0,0,0,0.0,0,0,0,-9999.0,0.46875,1,P5_CV0,1,1,1,2,0
8,1.8443986564691528,11.780027217250101,RD8_F4_m4f8_P4_Y6_UO314,RD4_F8_m4f7_P4_Y4_UO109,RD8_F4_m7f4_P7_Y4_UO554,FXX,1,0.0,0,0,0.0,0,0,0,-9999.0,0.46875,1,P5_CV0,1,1,1,1,1
8,1.8443986564691528,11.780027217250101,RD8_F4_m4f7_P4_Y6_UO395,RD4_F7_m4f7_P4_Y4_UO297,RD7_F3_m7f3_P7_Y4_UO284,MXY,1,0.0,0,0,0.0,0,0,0,-9999.0,0.53125,1,P5_CV0,1,1,1,0,2
8,1.8443986564691528,11.780027217250101,RD8_F4_m4f7_P4_Y6_UO398,RD4_F7_m4f7_P4_Y4_UO297,RD7_F3_m7f3_P7_Y4_UO284,FXX,1,0.0,0,0,0.0,0,0,0,-9999.0,0.53125,1,P5_CV0,1,0,2,1,1
8,1.8443986564691528,11.780027217250101,RD8_F4_m4f7_P4_Y6_UO400,RD4_F7_m4f7_P4_Y4_UO297,RD7_F3_m7f3_P7_Y4_UO284,FXX,1,0.0,0,0,0.0,0,0,0,-9999.0,0.53125,1,P5_CV0,1,1,1,0,2
8,1.8443986564691528,11.780027217250101,RD8_F4_m3f2_P3_Y4_UO27,RD3_F2_m6f9_P6_Y2_UO21,RD2_F3_m3f6_P3_Y1_UO144,MXY,3,0.0,1,0,0.0,0,0,0,-9999.0,0.625,1,P5_CV0,1,1,1,1,1
8,1.8443986564691528,11.780027217250101,RD8_F4_m4f8_P4_Y6_UO64,RD4_F7_m3f7_P3_Y4_UO106,RD8_F4_m4f7_P4_Y3_UO268,MXY,1,0.0,0,0,0.0,0,0,0,-9999.0,0.34375,1,P6_CV0,1,0,2,1,1
8,1.8443986564691528,11.780027217250101,RD8_F4_m4f8_P4_Y6_UO65,RD4_F7_m3f7_P3_Y4_UO106,RD8_F4_m4f7_P4_Y3_UO268,FXX,1,0.0,0,0,0.0,0,0,0,-9999.0,0.34375,1,P6_CV0,1,1,1,1,1
8,1.8443986564691528,11.780027217250101,RD8_F4_m4f8_P4_Y6_UO67,RD4_F7_m3f7_P3_Y4_UO106,RD8_F4_m4f7_P4_Y3_UO268,FXX,1,0.0,0,0,0.0,0,0,0,-9999.0,0.34375,1,P6_CV0,1,0,2,1,1
8,1.8443986564691528,11.780027217250101,RD8_F4_m4f8_P4_Y6_UO384,RD4_F7_m4f7_P4_Y4_UO114,RD8_F4_m8f4_P8_Y4_UO156,MXY,1,0.0,0,0,0.0,0,0,0,-9999.0,0.5,1,P6_CV0,1,1,1,1,1
8,1.8443986564691528,11.780027217250101,RD8_F4_m4f8_P4_Y6_UO481,RD4_F7_m4f7_P4_Y4_UO44,RD8_F4_m8f4_P8_Y4_UO160,FXX,1,0.0,0,0,0.0,0,0,0,-9999.0,0.4375,1,P6_CV0,1,1,1,1,1
8,1.8443986564691528,11.780027217250101,RD8_F4_m4f8_P4_Y6_UO510,RD4_F8_m4f8_P4_Y4_UO502,RD8_F4_m8f4_P8_Y4_UO156,MXY,1,0.0,0,0,0.0,0,0,0,-9999.0,0.5,1,P6_CV0,1,0,2,1,1
8,1.8443986564691528,11.780027217250101,RD8_F4_m4f8_P4_Y6_UO515,RD4_F8_m4f8_P4_Y4_UO502,RD8_F4_m8f4_P8_Y4_UO156,MXY,1,0.0,0,0,0.0,0,0,0,-9999.0,0.5,1,P6_CV0,1,1,1,2,0
8,1.8443986564691528,11.780027217250101,RD8_F4_m4f8_P4_Y6_UO516,RD4_F8_m4f8_P4_Y4_UO502,RD8_F4_m8f4_P8_Y4_UO156,FXX,1,0.0,0,0,0.0,0,0,0,-9999.0,0.5,1,P6_CV0,1,1,1,1,1
8,1.8443986564691528,11.780027217250101,RD8_F4_m8f4_P8_Y5_UO121,RD8_F4_m8f4_P8_Y3_UO278,RD4_F8_m4f8_P4_Y3_UO459,MXY,2,0.0,1,0,0.0,0,0,0,-9999.0,0.375,1,P6_CV0,1,1,1,2,0
8,1.8443986564691528,11.780027217250101,RD8_F4_m8f4_P8_Y5_UO80,RD8_F4_m8f4_P8_Y3_UO501,RD4_F8_m4f7_P4_Y3_UO269,FXX,2,0.0,1,0,1.0,0,0,0,-9999.0,0.5,1,P6_CV0,1,1,1,0,2
8,1.8443986564691528,11.780027217250101,RD8_F4_m3f7_P3_Y4_UO106,RD3_F2_m9f6_P9_Y2_UO486,RD7_F4_m8f4_P8_Y2_UO28,FXX,3,0.0,1,0,1.0,0,0,0,-9999.0,0.4375,1,P6_CV0,1,1,1,2,0
8,1.8443986564691528,11.780027217250101,RD8_F4_m4f7_P4_Y6_UO2,RD4_F8_m4f7_P4_Y4_UO109,RD7_F3_m7f3_P7_Y4_UO279,MXY,1,0.0,0,0,0.0,0,0,0,-9999.0,0.53125,1,P7_CV0,1,2,0,2,0
8,1.8443986564691528,11.780027217250101,RD8_F4_m4f7_P4_Y6_UO39,RD4_F7_m4f7_P4_Y4_UO114,RD7_F3_m6f2_P6_Y4_UO325,FXX,1,0.0,0,0,0.0,0,0,0,-9999.0,0.71875,1,P7_CV0,1,2,0,2,0
8,1.8443986564691528,11.780027217250101,RD8_F4_m4f8_P4_Y6_UO313,RD4_F8_m4f7_P4_Y4_UO109,RD8_F4_m7f4_P7_Y4_UO554,MXY,1,0.0,0,0,0.0,0,0,0,-9999.0,0.46875,1,P7_CV0,1,1,1,2,0
8,1.8443986564691528,11.780027217250101,RD8_F4_m4f8_P4_Y6_UO385,RD4_F7_m4f7_P4_Y4_UO114,RD8_F4_m8f4_P8_Y4_UO156,MXY,1,0.0,0,0,0.0,0,0,0,-9999.0,0.5,1,P7_CV0,1,1,1,1,1
8,1.8443986564691528,11.780027217250101,RD8_F4_m4f7_P4_Y6_UO560,RD4_F7_m4f7_P4_Y4_UO114,RD7_F4_m4f8_P4_Y3_UO464,MXY,1,0.0,0,0,0.0,0,0,0,-9999.0,0.4375,1,P7_CV0,1,2,0,1,1
8,1.8443986564691528,11.780027217250101,RD8_F4_m4f7_P4_Y6_UO561,RD4_F7_m4f7_P4_Y4_UO114,RD7_F4_m4f8_P4_Y3_UO464,MXY,1,0.0,0,0,0.0,0,0,0,-9999.0,0.4375,1,P7_CV0,1,1,1,1,1
8,1.8443986564691528,11.780027217250101,RD8_F4_m4f7_P4_Y6_UO563,RD4_F7_m4f7_P4_Y4_UO114,RD7_F4_m4f8_P4_Y3_UO464,MXY,1,0.0,0,0,0.0,0,0,0,-9999.0,0.4375,1,P7_CV0,1,2,0,1,1
8,1.8443986564691528,11.780027217250101,RD8_F4_m4f8_P4_Y6_UO685,RD4_F7_m4f7_P4_Y4_UO114,RD8_F4_m7f4_P7_Y4_UO555,FXX,1,0.0,0,0,0.0,0,0,0,-9999.0,0.46875,1,P7_CV0,1,1,1,1,1
8,1.8443986564691528,11.780027217250101,RD8_F4_m4f7_P4_Y4_UO109,RD4_F8_m4f8_P4_Y2_UO217,RD7_F3_m7f3_P7_Y2_UO582,FXX,3,0.0,1,0,1.0,0,0,0,-9999.0,0.625,1,P7_CV0,1,1,1,1,1
8,1.8443986564691528,11.780027217250101,RD8_F4_m4f7_P4_Y6_UO40,RD4_F7_m4f7_P4_Y4_UO114,RD7_F3_m6f2_P6_Y4_UO325,MXY,1,0.0,0,0,0.0,0,0,0,-9999.0,0.71875,1,P8_CV0,1,1,1,1,1
8,1.8443986564691528,11.780027217250101,RD8_F4_m4f7_P4_Y6_UO42,RD4_F7_m4f7_P4_Y4_UO114,RD7_F3_m6f2_P6_Y4_UO325,MXY,1,0.0,0,0,0.0,0,0,0,-9999.0,0.71875,1,P8_CV0,1,1,1,0,2
8,1.8443986564691528,11.780027217250101,RD8_F4_m4f7_P4_Y6_UO303,RD4_F7_m4f8_P4_Y4_UO501,RD7_F3_m6f2_P6_Y4_UO325,MXY,1,0.0,0,0,0.0,0,0,0,-9999.0,0.71875,1,P8_CV0,1,2,0,2,0
8,1.8443986564691528,11.780027217250101,RD8_F4_m4f7_P4_Y6_UO307,RD4_F7_m4f8_P4_Y4_UO501,RD7_F3_m6f2_P6_Y4_UO325,FXX,1,0.0,0,0,0.0,0,0,0,-9999.0,0.71875,1,P8_CV0,1,2,0,1,1
9,8.539752926394888,7.413552560728917,RD9_F2_m2f6_P2_Y6_UO110,RD2_F5_m1f5_P1_Y4_UO389,RD6_F9_m2f6_P2_Y4_UO32,MXY,1,0.0,0,0,0.0,0,0,0,-9999.0,0.5625,1,P0_CV0,1,1,1,2,0
9,8.539752926394888,7.413552560728917,RD9_F2_m2f9_P2_Y6_UO190,RD2_F5_m1f5_P1_Y4_UO389,RD9_F6_m3f6_P3_Y4_UO25,FXX,1,0.0,0,0,0.0,0,0,0,-9999.0,0.53125,1,P0_CV0,1,0,2,1,1
9,8.539752926394888,7.413552560728917,RD9_F6_m6f2_P6_Y6_UO406,RD6_F9_m6f3_P6_Y4_UO605,RD2_F6_m3f7_P3_Y4_UO5,MXY,1,0.0,0,0,0.0,0,0,0,-9999.0,0.6875,1,P0_CV0,1,1,1,1,1
9,8.539752926394888,7.413552560728917,RD9_F6_m6f2_P6_Y6_UO408,RD6_F9_m6f3_P6_Y4_UO605,RD2_F6_m3f7_P3_Y4_UO5,MXY,1,0.0,0,0,0.0,0,0,0,-9999.0,0.6875,1,P0_CV0,1,2,0,1,1
9,8.539752926394888,7.413552560728917,RD9_F2_m6f9_P6_Y5_UO273,RD6_F2_m3f7_P3_Y3_UO15,RD9_F2_m2f5_P2_Y2_UO14,MXY,2,0.0,1,0,0.0,0,0,0,-9999.0,0.5625,1,P0_CV0,1,2,0,1,1
9,8.539752926394888,7.413552560728917,RD9_F2_m2f5_P2_Y6_UO202,RD2_F9_m2f6_P2_Y4_UO459,RD5_F1_m1f5_P1_Y3_UO393,MXY,1,0.0,0,0,0.0,0,0,0,-9999.0,0.375,1,P1_CV0,1,1,1,1,1
9,8.539752926394888,7.413552560728917,RD9_F2_m2f3_P2_Y6_UO212,RD2_F3_m2f5_P2_Y4_UO610,RD3_F7_m4f7_P4_Y4_UO46,FXX,1,0.0,0,0,0.0,0,0,0,-9999.0,0.40625,1,P1_CV0,1,2,0,2,0
9,8.539752926394888,7.413552560728917,RD9_F2_m2f9_P2_Y6_UO336,RD2_F9_m6f9_P6_Y4_UO4,RD9_F6_m9f2_P9_Y4_UO340,MXY,1,0.0,0,0,0.0,0,0,0,-9999.0,0.59375,1,P1_CV0,1,2,0,2,0
9,8.539752926394888,7.413552560728917,RD9_F2_m2f9_P2_Y6_UO337,RD2_F9_m6f9_P6_Y4_UO4,RD9_F6_m9f2_P9_Y4_UO340,MXY,1,0.0,0,0,0.0,0,0,0,-9999.0,0.59375,1,P1_CV0,1,2,0,1,1
9,8.539752926394888,7.413552560728917,RD9_F2_m2f6_P2_Y6_UO394,RD2_F9_m6f9_P6_Y4_UO215,RD6_F9_m2f5_P2_Y4_UO616,FXX,1,0.0,0,0,0.0,0,0,0,-9999.0,0.53125,1,P1_CV0,1,2,0,2,0
9,8.539752926394888,7.413552560728917,RD9_F6_m6f3_P6_Y6_UO87,RD6_F9_m6f9_P6_Y4_UO268,RD3_F7_m4f7_P4_Y4_UO46,MXY,1,0.0,0,0,0.0,0,0,0,-9999.0,0.46875,1,P1_CV0,1,1,1,1,1
9,8.539752926394888,7.413552560728917,RD9_F6_m6f3_P6_Y6_UO367,RD6_F9_m6f9_P6_Y4_UO105,RD3_F7_m3f5_P3_Y4_UO291,MXY,1,0.0,0,0,0.0,0,0,0,-9999.0,0.40625,1,P1_CV0,1,1,1,1,1
9,8.539752926394888,7.413552560728917,RD9_F6_m6f3_P6_Y6_UO369,RD6_F9_m6f9_P6_Y4_UO105,RD3_F7_m3f5_P3_Y4_UO291,MXY,1,0.0,0,0,0.0,0,0,0,-9999.0,0.40625,1,P1_CV0,1,1,1,0,2
9,8.539752926394888,7.413552560728917,RD9_F6_m6f3_P6_Y6_UO371,RD6_F9_m6f9_P6_Y4_UO105,RD3_F7_m3f5_P3_Y4_UO291,MXY,1,0.0,0,0,0.0,0,0,0,-9999.0,0.40625,1,P1_CV0,1,1,1,0,2
9,8.539752926394888,7.413552560728917,RD9_F6_m6f3_P6_Y6_UO404,RD6_F9_m6f9_P6_Y4_UO105,RD3_F7_m8f4_P8_Y3_UO506,MXY,1,0.0,0,0,0.0,0,0,0,-9999.0,0.5,1,P1_CV0,1,0,2,1,1
9,8.539752926394888,7.413552560728917,RD9_F6_m6f2_P6_Y6_UO458,RD6_F9_m6f2_P6_Y4_UO305,RD2_F3_m2f9_P2_Y4_UO451,MXY,1,0.0,0,0,0.0,0,0,0,-9999.0,0.5625,1,P1_CV0,1,1,1,1,1
9,8.539752926394888,7.413552560728917,RD9_F2_m5f2_P5_Y5_UO137,RD5_F2_m9f2_P9_Y3_UO258,RD2_F5_m1f5_P1_Y3_UO391,MXY,2,0.0,1,0,0.0,0,0,0,-9999.0,0.375,1,P1_CV0,1,1,1,2,0
9,8.539752926394888,7.413552560728917,RD9_F2_m2f9_P2_Y4_UO451,RD2_F6_m9f2_P9_Y2_UO180,RD9_F2_m6f3_P6_Y2_UO380,MXY,3,0.0,1,0,0.0,0,0,0,-9999.0,0.6875,1,P1_CV0,1,2,0,1,1
9,8.539752926394888,7.413552560728917,RD9_F2_m2f3_P2_Y4_UO84,RD2_F9_m6f3_P6_Y2_UO511,RD3_F6_m3f6_P3_Y2_UO225,MXY,3,0.0,1,0,0.0,0,0,0,-9999.0,0.75,1,P1_CV0,1,1,1,0,2
9,8.539752926394888,7.413552560728917,RD9_F6_m6f9_P6_Y6_UO358,RD6_F9_m6f2_P6_Y4_UO376,RD9_F6_m9f2_P9_Y4_UO72,MXY,1,0.0,0,0,0.0,0,0,0,-9999.0,0.5,1,P2_CV0,1,1,1,2,0
9,8.539752926394888,7.413552560728917,RD9_F6_m6f9_P6_Y6_UO359,RD6_F9_m6f2_P6_Y4_UO376,RD9_F6_m9f2_P9_Y4_UO72,FXX,1,0.0,0,0,0.0,0,0,0,-9999.0,0.5,1,P2_CV0,1,1,1,1,1
9,8.539752926394888,7.413552560728917,RD9_F6_m6f9_P6_Y6_UO360,RD6_F9_m6f2_P6_Y4_UO376,RD9_F6_m9f2_P9_Y4_UO72,MXY,1,0.0,0,0,0.0,0,0,0,-9999.0,0.5,1,P2_CV0,1,1,1,2,0
9,8.539752926394888,7.413552560728917,RD9_F6_m2f6_P2_Y4_UO30,RD2_F6_m9f6_P9_Y2_UO188,RD6_F9_m6f3_P6_Y2_UO302,MXY,3,0.0,1,0,0.0,0,0,0,-9999.0,0.5625,1,P2_CV0,1,0,2,2,0
9,8.539752926394888,7.413552560728917,RD9_F2_m2f3_P2_Y6_UO106,RD2_F9_m6f9_P6_Y4_UO4,RD3_F7_m8f4_P8_Y3_UO506,FXX,1,0.0,0,0,0.0,0,0,0,-9999.0,0.6875,1,P3_CV0,1,1,1,0,2
9,8.539752926394888,7.413552560728917,RD9_F2_m2f5_P2_Y6_UO427,RD2_F3_m7f4_P7_Y4_UO528,RD5_F3_m5f2_P5_Y4_UO136,MXY,1,0.0,0,0,0.0,0,0,0,-9999.0,0.46875,1,P3_CV0,1,0,2,1,1
9,8.539752926394888,7.413552560728917,RD9_F6_m6f2_P6_Y6_UO149,RD6_F2_m9f6_P9_Y4_UO92,RD2_F6_m3f7_P3_Y4_UO5,FXX,1,0.0,0,0,0.0,0,0,0,-9999.0,0.53125,1,P3_CV0,1,0,2,1,1
9,8.539752926394888,7.413552560728917,RD9_F6_m6f2_P6_Y6_UO150,RD6_F2_m9f6_P9_Y4_UO92,RD2_F6_m3f7_P3_Y4_UO5,FXX,1,0.0,0,0,0.0,0,0,0,-9999.0,0.53125,1,P3_CV0,1,0,2,1,1
9,8.539752926394888,7.413552560728917,RD9_F6_m6f2_P6_Y6_UO350,RD6_F9_m6f2_P6_Y4_UO376,RD2_F5_m2f5_P2_Y4_UO619,MXY,1,0.0,0,0,0.0,0,0,0,-9999.0,0.625,1,P3_CV0,1,1,1,1,1
9,8.539752926394888,7.413552560728917,RD9_F6_m6f2_P6_Y6_UO407,RD6_F9_m6f3_P6_Y4_UO605,RD2_F6_m3f7_P3_Y4_UO5,FXX,1,0.0,0,0,0.0,0,0,0,-9999.0,0.6875,1,P3_CV0,1,1,1,1,1
9,8.539752926394888,7.413552560728917,RD9_F6_m6f2_P6_Y6_UO644,RD6_F3_m6f9_P6_Y4_UO122,RD2_F9_m6f9_P6_Y4_UO508,MXY,1,0.0,0,0,0.0,0,0,0,-9999.0,0.53125,1,P3_CV0,1,1,1,2,0
9,8.539752926394888,7.413552560728917,RD9_F6_m6f2_P6_Y6_UO647,RD6_F3_m6f9_P6_Y4_UO122,RD2_F9_m6f9_P6_Y4_UO508,MXY,1,0.0,0,0,0.0,0,0,0,-9999.0,0.53125,1,P3_CV0,1,1,1,1,1
9,8.539752926394888,7.413552560728917,RD9_F2_m2f3_P2_Y6_UO151,RD2_F5_m1f5_P1_Y4_UO393,RD3_F2_m9f2_P9_Y4_UO73,MXY,1,0.0,0,0,0.0,0,0,0,-9999.0,0.4375,1,P4_CV0,1,1,1,2,0
9,8.539752926394888,7.413552560728917,RD9_F2_m2f3_P2_Y6_UO153,RD2_F5_m1f5_P1_Y4_UO393,RD3_F2_m9f2_P9_Y4_UO73,FXX,1,0.0,0,0,0.0,0,0,0,-9999.0,0.4375,1,P4_CV0,1,0,2,2,0
9,8.539752926394888,7.413552560728917,RD9_F2_m2f5_P2_Y6_UO478,RD2_F6_m9f2_P9_Y4_UO250,RD5_F2_m6f2_P6_Y3_UO300,MXY,1,0.0,0,0,0.0,0,0,0,-9999.0,0.46875,1,P4_CV0,1,2,0,1,1
9,8.539752926394888,7.413552560728917,RD9_F6_m6f9_P6_Y6_UO273,RD6_F9_m6f9_P6_Y4_UO268,RD9_F6_m9f2_P9_Y4_UO72,FXX,1,0.0,0,0,0.0,0,0,0,-9999.0,0.375,1,P4_CV0,1,0,2,1,1
9,8.539752926394888,7.413552560728917,RD9_F6_m6f9_P6_Y6_UO361,RD6_F9_m6f2_P6_Y4_UO376,RD9_F6_m9f2_P9_Y4_UO72,MXY,1,0.0,0,0,0.0,0,0,0,-9999.0,0.5,1,P4_CV0,1,1,1,1,1
9,8.539752926394888,7.413552560728917,RD9_F6_m6f3_P6_Y6_UO368,RD6_F9_m6f9_P6_Y4_UO105,RD3_F7_m3f5_P3_Y4_UO291,MXY,1,0.0,0,0,0.0,0,0,0,-9999.0,0.40625,1,P4_CV0,1,1,1,0,2
9,8.539752926394888,7.413552560728917,RD9_F6_m6f9_P6_Y6_UO423,RD6_F9_m6f3_P6_Y4_UO10,RD9_F6_m9f2_P9_Y4_UO14,MXY,1,0.0,0,0,0.0,0,0,0,-9999.0,0.375,1,P4_CV0,1,2,0,1,1
9,8.539752926394888,7.413552560728917,RD9_F6_m6f9_P6_Y6_UO426,RD6_F9_m6f3_P6_Y4_UO10,RD9_F6_m9f2_P9_Y4_UO14,MXY,1,0.0,0,0,0.0,0,0,0,-9999.0,0.375,1,P4_CV0,1,2,0,1,1
9,8.539752926394888,7.413552560728917,RD9_F6_m6f9_P6_Y6_UO501,RD6_F9_m6f3_P6_Y4_UO33,RD9_F6_m9f6_P9_Y4_UO339,MXY,1,0.0,0,0,0.0,0,0,0,-9999.0,0.4375,1,P4_CV0,1,0,2,1,1
9,8.539752926394888,7.413552560728917,RD9_F6_m2f9_P2_Y4_UO442,RD2_F5_m1f5_P1_Y2_UO571,RD9_F2_m3f2_P3_Y2_UO316,FXX,3,0.0,1,0,1.0,0,0,0,-9999.0,0.3125,1,P4_CV0,1,0,2,1,1
9,8.539752926394888,7.413552560728917,RD9_F2_m2f5_P2_Y6_UO193,RD2_F3_m7f4_P7_Y4_UO528,RD5_F3_m5f2_P5_Y4_UO136,MXY,1,0.0,0,0,0.0,0,0,0,-9999.0,0.46875,1,P5_CV0,1,1,1,1,1
9,8.539752926394888,7.413552560728917,RD9_F2_m2f3_P2_Y6_UO199,RD2_F9_m2f6_P2_Y4_UO31,RD3_F7_m3f5_P3_Y4_UO291,MXY,1,0.0,0,0,0.0,0,0,0,-9999.0,0.5,1,P5_CV0,1,1,1,1,1
9,8.539752926394888,7.413552560728917,RD9_F2_m2f5_P2_Y6_UO433,RD2_F9_m6f2_P6_Y4_UO129,RD5_F2_m6f2_P6_Y3_UO300,FXX,1,0.0,0,0,0.0,0,0,0,-9999.0,0.5,1,P5_CV0,1,0,2,1,1
9,8.539752926394888,7.413552560728917,RD9_F6_m6f9_P6_Y6_UO15,RD6_F9_m6f2_P6_Y4_UO326,RD9_F2_m6f9_P6_Y4_UO397,MXY,1,0.0,0,0,0.0,0,0,0,-9999.0,0.65625,1,P5_CV0,1,2,0,1,1
9,8.539752926394888,7.413552560728917,RD9_F6_m6f9_P6_Y6_UO16,RD6_F9_m6f2_P6_Y4_UO326,RD9_F2_m6f9_P6_Y4_UO397,FXX,1,0.0,0,0,0.0,0,0,0,-9999.0,0.65625,1,P5_CV0,1,1,1,1,1
9,8.539752926394888,7.413552560728917,RD9_F6_m6f9_P6_Y6_UO19,RD6_F9_m6f2_P6_Y4_UO326,RD9_F2_m6f9_P6_Y4_UO397,FXX,1,0.0,0,0,0.0,0,0,0,-9999.0,0.65625,1,P5_CV0,1,1,1,1,1
9,8.539752926394888,7.413552560728917,RD9_F6_m6f3_P6_Y6_UO81,RD6_F2_m6f9_P6_Y4_UO267,RD3_F7_m3f2_P3_Y4_UO26,FXX,1,0.0,0,0,0.0,0,0,0,-9999.0,0.53125,1,P5_CV0,1,2,0,1,1
9,8.539752926394888,7.413552560728917,RD9_F6_m6f3_P6_Y6_UO82,RD6_F2_m6f9_P6_Y4_UO267,RD3_F7_m3f2_P3_Y4_UO26,MXY,1,0.0,0,0,0.0,0,0,0,-9999.0,0.53125,1,P5_CV0,1,2,0,1,1
9,8.539752926394888,7.413552560728917,RD9_F6_m6f3_P6_Y6_UO83,RD6_F2_m6f9_P6_Y4_UO267,RD3_F7_m3f2_P3_Y4_UO26,MXY,1,0.0,0,0,0.0,0,0,0,-9999.0,0.53125,1,P5_CV0,1,2,0,0,2
9,8.539752926394888,7.413552560728917,RD9_F6_m6f3_P6_Y6_UO84,RD6_F2_m6f9_P6_Y4_UO267,RD3_F7_m3f2_P3_Y4_UO26,MXY,1,0.0,0,0,0.0,0,0,0,-9999.0,0.53125,1,P5_CV0,1,1,1,0,2
9,8.539752926394888,7.413552560728917,RD9_F6_m6f2_P6_Y6_UO148,RD6_F2_m9f6_P9_Y4_UO92,RD2_F6_m3f7_P3_Y4_UO5,FXX,1,0.0,0,0,0.0,0,0,0,-9999.0,0.53125,1,P5_CV0,1,0,2,0,2
9,8.539752926394888,7.413552560728917,RD9_F6_m6f2_P6_Y6_UO275,RD6_F2_m6f9_P6_Y4_UO267,RD2_F9_m2f3_P2_Y4_UO84,FXX,1,0.0,0,0,0.0,0,0,0,-9999.0,0.59375,1,P5_CV0,1,1,1,0,2
9,8.539752926394888,7.413552560728917,RD9_F6_m6f9_P6_Y6_UO411,RD6_F9_m6f9_P6_Y4_UO268,RD9_F6_m9f2_P9_Y4_UO72,FXX,1,0.0,0,0,0.0,0,0,0,-9999.0,0.375,1,P5_CV0,1,0,2,1,1
9,8.539752926394888,7.413552560728917,RD9_F6_m6f9_P6_Y6_UO603,RD6_F2_m9f6_P9_Y4_UO92,RD9_F6_m9f6_P9_Y4_UO477,MXY,1,0.0,0,0,0.0,0,0,0,-9999.0,0.46875,1,P5_CV0,1,1,1,0,2
9,8.539752926394888,7.413552560728917,RD9_F6_m6f2_P6_Y6_UO640,RD6_F9_m6f3_P6_Y4_UO35,RD2_F6_m2f5_P2_Y4_UO493,FXX,1,0.0,0,0,0.0,0,0,0,-9999.0,0.46875,1,P5_CV0,1,0,2,0,2
9,8.539752926394888,7.413552560728917,RD9_F6_m2f5_P2_Y5_UO117,RD2_F6_m9f6_P9_Y3_UO357,RD5_F1_m5f2_P5_Y3_UO175,MXY,2,0.0,1,0,0.0,0,0,0,-9999.0,0.5,1,P5_CV0,1,2,0,1,1
9,8.539752926394888,7.413552560728917,RD9_F6_m2f6_P2_Y4_UO32,RD2_F6_m9f6_P9_Y2_UO188,RD6_F9_m6f3_P6_Y2_UO302,MXY,3,0.0,1,0,0.0,0,0,0,-9999.0,0.5625,1,P5_CV0,1,0,2,2,0
9,8.539752926394888,7.413552560728917,RD9_F6_m6f3_P6_Y6_UO105,RD6_F3_m7f4_P7_Y4_UO519,RD3_F6_m9f2_P9_Y4_UO15,FXX,1,0.0,0,0,0.0,0,0,0,-9999.0,0.34375,1,P6_CV0,1,2,0,1,1
9,8.539752926394888,7.413552560728917,RD9_F6_m3f6_P3_Y5_UO335,RD3_F7_m4f7_P4_Y3_UO153,RD6_F3_m7f4_P7_Y3_UO145,MXY,2,0.0,1,0,0.0,0,0,0,-9999.0,0.5,1,P6_CV0,1,0,2,2,0
9,8.539752926394888,7.413552560728917,RD9_F2_m2f3_P2_Y6_UO392,RD2_F5_m2f5_P2_Y4_UO625,RD3_F7_m4f8_P4_Y4_UO382,MXY,1,0.0,0,0,0.0,0,0,0,-9999.0,0.65625,1,P7_CV0,1,0,2,1,1
9,8.539752926394888,7.413552560728917,RD9_F2_m2f3_P2_Y6_UO70,RD2_F3_m7f4_P7_Y4_UO593,RD3_F7_m3f5_P3_Y4_UO290,FXX,1,0.0,0,0,0.0,0,0,0,-9999.0,0.4375,1,P8_CV0,1,1,1,1,1
9,8.539752926394888,7.413552560728917,RD9_F2_m2f9_P2_Y6_UO203,RD2_F6_m9f6_P9_Y4_UO96,RD9_F6_m9f2_P9_Y4_UO262,MXY,1,0.0,0,0,0.0,0,0,0,-9999.0,0.46875,1,P8_CV0,1,1,1,1,1
9,8.539752926394888,7.413552560728917,RD9_F2_m2f6_P2_Y6_UO245,RD2_F5_m1f5_P1_Y4_UO389,RD6_F9_m2f3_P2_Y4_UO229,MXY,1,0.0,0,0,0.0,0,0,0,-9999.0,0.5625,1,P8_CV0,1,1,1,1,1
9,8.539752926394888,7.413552560728917,RD9_F6_m6f9_P6_Y6_UO14,RD6_F9_m6f2_P6_Y4_UO326,RD9_F2_m6f9_P6_Y4_UO397,MXY,1,0.0,0,0,0.0,0,0,0,-9999.0,0.65625,1,P8_CV0,1,0,2,1,1
9,8.539752926394888,7.413552560728917,RD9_F6_m6f9_P6_Y6_UO18,RD6_F9_m6f2_P6_Y4_UO326,RD9_F2_m6f9_P6_Y4_UO397,FXX,1,0.0,0,0,0.0,0,0,0,-9999.0,0.65625,1,P8_CV0,1,0,2,1,1
9,8.539752926394888,7.413552560728917,RD9_F6_m6f9_P6_Y6_UO357,RD6_F9_m6f3_P6_Y4_UO10,RD9_F6_m9f6_P9_Y4_UO488,FXX,1,0.0,0,0,0.0,0,0,0,-9999.0,0.5,1,P8_CV0,1,1,1,2,0
9,8.539752926394888,7.413552560728917,RD9_F6_m6f9_P6_Y6_UO500,RD6_F9_m6f3_P6_Y4_UO33,RD9_F6_m9f6_P9_Y4_UO339,MXY,1,0.0,0,0,0.0,0,0,0,-9999.0,0.4375,1,P8_CV0,1,0,2,1,1
9,8.539752926394888,7.413552560728917,RD9_F6_m2f3_P2_Y4_UO229,RD2_F6_m2f6_P2_Y2_UO182,RD3_F5_m2f9_P2_Y2_UO484,MXY,3,0.0,1,0,0.0,0,0,0,-9999.0,0.5625,1,P8_CV0,1,1,1,0,2
