PatchID,XCOORD,YCOORD,ID,MID,FID,sex,age,size,mature,newmature,layeggs,capture,recapture,state,CDist,Hindex,Species,ClassFile,SubPatchID,L0A0,L0A1,L1A0,L1A1
1,4.359949021420038,0.38889347741837,RD1_F5_m1f5_P1_Y94_UO1,RD1_F5_m1f5_P1_Y92_UO154,RD5_F1_m5f3_P5_Y92_UO6,FXX,2,0.0,1,0,1.0,0,0,0,-9999.0,0.5101677763204826,1,P3_CV0,1,2,0,1,1
1,4.359949021420038,0.38889347741837,RD1_F5_m1f5_P1_Y94_UO677,RD1_F5_m2f5_P2_Y92_UO315,RD5_F3_m7f3_P7_Y92_UO139,FXX,2,0.0,1,0,1.0,0,0,0,-9999.0,0.5101677171820622,1,P3_CV0,1,0,2,1,1
1,4.359949021420038,0.38889347741837,RD1_F5_m1f5_P1_Y94_UO314,RD1_F5_m1f5_P1_Y92_UO545,RD5_F1_m5f2_P5_Y92_UO527,MXY,2,0.0,1,0,0.0,0,0,0,-9999.0,0.5101678472543263,1,P3_CV0,1,2,0,1,1
1,4.359949021420038,0.38889347741837,RD1_F5_m2f9_P2_Y94_UO237,RD2_F9_m6f9_P6_Y92_UO0,RD9_F2_m6f9_P6_Y92_UO514,FXX,2,0.0,1,0,1.0,0,0,0,-9999.0,0.5101678730077932,1,P3_CV0,1,1,1,1,1
1,4.359949021420038,0.38889347741837,RD1_F5_m1f5_P1_Y94_UO201,RD1_F5_m2f9_P2_Y92_UO664,RD5_F2_m9f6_P9_Y92_UO488,MXY,2,0.0,1,0,0.0,0,0,0,-9999.0,0.5101677187856666,1,P3_CV0,1,1,1,1,1
1,4.359949021420038,0.38889347741837,RD1_F5_m1f5_P1_Y94_UO224,RD1_F5_m2f6_P2_Y92_UO104,RD5_F1_m5f1_P5_Y92_UO205,MXY,2,0.0,1,0,0.0,0,0,0,-9999.0,0.5101677495796331,1,P3_CV0,1,2,0,2,0
1,4.359949021420038,0.38889347741837,RD1_F5_m1f5_P1_Y94_UO315,RD1_F5_m1f5_P1_Y92_UO545,RD5_F1_m5f2_P5_Y92_UO527,MXY,2,0.0,1,0,0.0,0,0,0,-9999.0,0.5101678472543263,1,P3_CV0,1,1,1,1,1
1,4.359949021420038,0.38889347741837,RD1_F5_m1f5_P1_Y94_UO318,RD1_F5_m1f5_P1_Y92_UO545,RD5_F1_m5f2_P5_Y92_UO527,MXY,2,0.0,1,0,0.0,0,0,0,-9999.0,0.5101678472543263,1,P3_CV0,1,1,1,1,1
1,4.359949021420038,0.38889347741837,RD1_F5_m1f5_P1_Y94_UO459,RD1_F5_m1f5_P1_Y92_UO580,RD5_F1_m5f3_P5_Y92_UO5,FXX,2,0.0,1,0,1.0,0,0,0,-9999.0,0.5101678350951886,1,P3_CV0,1,2,0,1,1
1,4.359949021420038,0.38889347741837,RD1_F5_m3f5_P3_Y94_UO784,RD3_F6_m3f2_P3_Y92_UO669,RD5_F2_m3f6_P3_Y92_UO108,FXX,2,0.0,1,0,1.0,0,0,0,-9999.0,0.5101677989165836,1,P3_CV0,1,0,2,1,1
1,4.359949021420038,0.38889347741837,RD1_F5_m1f5_P1_Y94_UO697,RD1_F5_m1f5_P1_Y92_UO542,RD5_F1_m5f3_P5_Y92_UO324,FXX,2,0.0,1,0,1.0,0,0,0,-9999.0,0.5101678171140414,1,P3_CV0,1,2,0,2,0
1,4.359949021420038,0.38889347741837,RD1_F5_m1f5_P1_Y94_UO451,RD1_F5_m2f5_P2_Y92_UO316,RD5_F1_m5f3_P5_Y92_UO475,MXY,2,0.0,1,0,0.0,0,0,0,-9999.0,0.5101677410139889,1,P3_CV0,1,2,0,2,0
1,4.359949021420038,0.38889347741837,RD1_F5_m1f5_P1_Y94_UO460,RD1_F5_m1f5_P1_Y92_UO580,RD5_F1_m5f3_P5_Y92_UO5,FXX,2,0.0,1,0,1.0,0,0,0,-9999.0,0.5101678350951886,1,P3_CV0,1,2,0,1,1
1,4.359949021420038,0.38889347741837,RD1_F5_m1f5_P1_Y94_UO686,RD1_F5_m3f6_P3_Y92_UO764,RD5_F2_m3f6_P3_Y92_UO108,MXY,2,0.0,1,0,0.0,0,0,0,-9999.0,0.5101677065039993,1,P3_CV0,1,1,1,1,1
1,4.359949021420038,0.38889347741837,RD1_F5_m2f9_P2_Y94_UO274,RD2_F9_m6f9_P6_Y92_UO1,RD9_F6_m9f6_P9_Y92_UO152,FXX,2,0.0,1,0,1.0,0,0,0,-9999.0,0.5101678949064574,1,P3_CV0,1,2,0,1,1
1,4.359949021420038,0.38889347741837,RD1_F5_m1f5_P1_Y94_UO0,RD1_F5_m1f5_P1_Y92_UO154,RD5_F1_m5f3_P5_Y92_UO6,MXY,2,0.0,1,0,0.0,0,0,0,-9999.0,0.5101677763204826,1,P3_CV0,1,2,0,1,1
1,4.359949021420038,0.38889347741837,RD1_F5_m1f5_P1_Y94_UO260,RD1_F5_m1f5_P1_Y92_UO196,RD5_F1_m5f2_P5_Y92_UO261,FXX,2,0.0,1,0,1.0,0,0,0,-9999.0,0.5101677937205498,1,P3_CV0,1,2,0,1,1
1,4.359949021420038,0.38889347741837,RD1_F5_m1f5_P1_Y94_UO461,RD1_F5_m1f5_P1_Y92_UO580,RD5_F1_m5f3_P5_Y92_UO5,MXY,2,0.0,1,0,0.0,0,0,0,-9999.0,0.5101678350951886,1,P3_CV0,1,2,0,2,0
1,4.359949021420038,0.38889347741837,RD1_F5_m1f5_P1_Y94_UO203,RD1_F5_m2f9_P2_Y92_UO664,RD5_F2_m9f6_P9_Y92_UO488,MXY,2,0.0,1,0,0.0,0,0,0,-9999.0,0.5101677187856666,1,P3_CV0,1,0,2,2,0
1,4.359949021420038,0.38889347741837,RD1_F5_m1f5_P1_Y94_UO669,RD1_F5_m1f5_P1_Y92_UO542,RD5_F2_m6f3_P6_Y92_UO89,MXY,2,0.0,1,0,0.0,0,0,0,-9999.0,0.5101678077213752,1,P3_CV0,1,1,1,2,0
1,4.359949021420038,0.38889347741837,RD1_F5_m1f5_P1_Y94_UO670,RD1_F5_m1f5_P1_Y92_UO542,RD5_F2_m6f3_P6_Y92_UO89,FXX,2,0.0,1,0,1.0,0,0,0,-9999.0,0.5101678077213752,1,P3_CV0,1,2,0,2,0
1,4.359949021420038,0.38889347741837,RD1_F5_m1f5_P1_Y94_UO2,RD1_F5_m1f5_P1_Y92_UO154,RD5_F1_m5f3_P5_Y92_UO6,MXY,2,0.0,1,0,0.0,0,0,0,-9999.0,0.5101677763204826,1,P3_CV0,1,2,0,2,0
1,4.359949021420038,0.38889347741837,RD1_F5_m3f6_P3_Y94_UO218,RD3_F7_m4f7_P4_Y92_UO640,RD6_F2_m6f3_P6_Y92_UO118,MXY,2,0.0,1,0,0.0,0,0,0,-9999.0,0.5101677475392616,1,P3_CV0,1,1,1,1,1
1,4.359949021420038,0.38889347741837,RD1_F5_m1f5_P1_Y94_UO684,RD1_F5_m3f6_P3_Y92_UO764,RD5_F2_m3f6_P3_Y92_UO108,FXX,2,0.0,1,0,1.0,0,0,0,-9999.0,0.5101677065039993,1,P3_CV0,1,0,2,1,1
1,4.359949021420038,0.38889347741837,RD1_F5_m2f6_P2_Y94_UO395,RD2_F9_m6f2_P6_Y92_UO83,RD6_F9_m2f9_P2_Y92_UO452,FXX,2,0.0,1,0,1.0,0,0,0,-9999.0,0.5101677990641225,1,P3_CV0,1,0,2,2,0
1,4.359949021420038,0.38889347741837,RD1_F5_m1f5_P1_Y94_UO3,RD1_F5_m1f5_P1_Y92_UO154,RD5_F1_m5f3_P5_Y92_UO6,FXX,2,0.0,1,0,1.0,0,0,0,-9999.0,0.5101677763204826,1,P3_CV0,1,2,0,2,0
1,4.359949021420038,0.38889347741837,RD1_F5_m1f5_P1_Y94_UO226,RD1_F5_m2f6_P2_Y92_UO104,RD5_F1_m5f1_P5_Y92_UO205,FXX,2,0.0,1,0,1.0,0,0,0,-9999.0,0.5101677495796331,1,P3_CV0,1,2,0,2,0
1,4.359949021420038,0.38889347741837,RD1_F5_m1f5_P1_Y94_UO687,RD1_F5_m3f6_P3_Y92_UO764,RD5_F2_m3f6_P3_Y92_UO108,MXY,2,0.0,1,0,0.0,0,0,0,-9999.0,0.5101677065039993,1,P3_CV0,1,1,1,1,1
1,4.359949021420038,0.38889347741837,RD1_F5_m1f5_P1_Y94_UO483,RD1_F5_m1f5_P1_Y92_UO11,RD5_F1_m5f2_P5_Y92_UO527,MXY,2,0.0,1,0,0.0,0,0,0,-9999.0,0.5101678186442111,1,P3_CV0,1,1,1,2,0
1,4.359949021420038,0.38889347741837,RD1_F5_m3f7_P3_Y94_UO338,RD3_F6_m3f2_P3_Y92_UO786,RD7_F3_m6f2_P6_Y92_UO604,MXY,2,0.0,1,0,0.0,0,0,0,-9999.0,0.5101678033423056,1,P3_CV0,1,2,0,1,1
1,4.359949021420038,0.38889347741837,RD1_F5_m1f5_P1_Y94_UO54,RD1_F5_m2f5_P2_Y92_UO304,RD5_F3_m7f3_P7_Y92_UO133,MXY,2,0.0,1,0,0.0,0,0,0,-9999.0,0.5101678497246525,1,P3_CV0,1,2,0,2,0
1,4.359949021420038,0.38889347741837,RD1_F5_m2f9_P2_Y94_UO807,RD2_F6_m9f2_P9_Y92_UO485,RD9_F2_m9f6_P9_Y92_UO494,FXX,2,0.0,1,0,1.0,0,0,0,-9999.0,0.510167775273743,1,P3_CV0,1,1,1,1,1
1,4.359949021420038,0.38889347741837,RD1_F5_m1f5_P1_Y94_UO138,RD1_F5_m3f6_P3_Y92_UO764,RD5_F1_m5f2_P5_Y92_UO527,MXY,2,0.0,1,0,0.0,0,0,0,-9999.0,0.5101677432635849,1,P3_CV0,1,1,1,1,1
1,4.359949021420038,0.38889347741837,RD1_F5_m1f5_P1_Y94_UO581,RD1_F5_m2f5_P2_Y92_UO304,RD5_F3_m5f1_P5_Y92_UO506,MXY,2,0.0,1,0,0.0,0,0,0,-9999.0,0.5101678743729856,1,P3_CV0,1,1,1,2,0
1,4.359949021420038,0.38889347741837,RD1_F5_m1f5_P1_Y94_UO225,RD1_F5_m2f6_P2_Y92_UO104,RD5_F1_m5f1_P5_Y92_UO205,MXY,2,0.0,1,0,0.0,0,0,0,-9999.0,0.5101677495796331,1,P3_CV0,1,2,0,1,1
1,4.359949021420038,0.38889347741837,RD1_F5_m2f9_P2_Y94_UO797,RD2_F9_m2f6_P2_Y92_UO307,RD9_F6_m2f6_P2_Y92_UO38,MXY,2,0.0,1,0,0.0,0,0,0,-9999.0,0.5101677257952613,1,P3_CV0,1,2,0,1,1
1,4.359949021420038,0.38889347741837,RD1_F5_m1f5_P1_Y94_UO136,RD1_F5_m3f6_P3_Y92_UO764,RD5_F1_m5f2_P5_Y92_UO527,FXX,2,0.0,1,0,1.0,0,0,0,-9999.0,0.5101677432635849,1,P3_CV0,1,1,1,1,1
1,4.359949021420038,0.38889347741837,RD1_F5_m1f5_P1_Y94_UO432,RD1_F5_m1f5_P1_Y92_UO545,RD5_F3_m7f3_P7_Y92_UO139,MXY,2,0.0,1,0,0.0,0,0,0,-9999.0,0.5101678046840679,1,P3_CV0,1,2,0,1,1
1,4.359949021420038,0.38889347741837,RD1_F5_m1f5_P1_Y94_UO214,RD1_F5_m1f5_P1_Y92_UO645,RD5_F3_m7f3_P7_Y92_UO139,FXX,2,0.0,1,0,1.0,0,0,0,-9999.0,0.5101677676256866,1,P4_CV0,1,0,2,2,0
1,4.359949021420038,0.38889347741837,RD1_F5_m1f5_P1_Y92_UO272,RD1_F5_m1f5_P1_Y90_UO685,RD5_F1_m5f3_P5_Y90_UO541,FXX,4,0.0,1,0,1.0,0,0,0,-9999.0,0.5101677722646158,1,P4_CV0,1,1,1,1,1
1,4.359949021420038,0.38889347741837,RD1_F5_m3f6_P3_Y94_UO646,RD3_F5_m1f5_P1_Y92_UO15,RD6_F2_m9f2_P9_Y92_UO597,FXX,2,0.0,1,0,1.0,0,0,0,-9999.0,0.5101677794176052,1,P5_CV0,1,0,2,1,1
1,4.359949021420038,0.38889347741837,RD1_F5_m1f5_P1_Y94_UO390,RD1_F5_m2f5_P2_Y92_UO316,RD5_F1_m5f2_P5_Y92_UO744,MXY,2,0.0,1,0,0.0,0,0,0,-9999.0,0.5101678157289538,1,P5_CV0,1,0,2,1,1
1,4.359949021420038,0.38889347741837,RD1_F5_m1f5_P1_Y94_UO804,RD1_F5_m2f6_P2_Y92_UO146,RD5_F3_m6f9_P6_Y92_UO515,MXY,2,0.0,1,0,0.0,0,0,0,-9999.0,0.5101678170516539,1,P5_CV0,1,1,1,2,0
1,4.359949021420038,0.38889347741837,RD1_F5_m1f5_P1_Y94_UO261,RD1_F5_m1f5_P1_Y92_UO196,RD5_F1_m5f2_P5_Y92_UO261,FXX,2,0.0,1,0,1.0,0,0,0,-9999.0,0.5101677937205498,1,P5_CV0,1,1,1,1,1
1,4.359949021420038,0.38889347741837,RD1_F5_m1f5_P1_Y94_UO391,RD1_F5_m2f5_P2_Y92_UO316,RD5_F1_m5f2_P5_Y92_UO744,MXY,2,0.0,1,0,0.0,0,0,0,-9999.0,0.5101678157289538,1,P5_CV0,1,1,1,1,1
1,4.359949021420038,0.38889347741837,RD1_F5_m1f5_P1_Y94_UO803,RD1_F5_m2f6_P2_Y92_UO146,RD5_F3_m6f9_P6_Y92_UO515,MXY,2,0.0,1,0,0.0,0,0,0,-9999.0,0.5101678170516539,1,P5_CV0,1,0,2,2,0
1,4.359949021420038,0.38889347741837,RD1_F5_m1f5_P1_Y94_UO777,RD1_F5_m2f9_P2_Y92_UO559,RD5_F2_m9f6_P9_Y92_UO762,MXY,2,0.0,1,0,0.0,0,0,0,-9999.0,0.5101677288407416,1,P5_CV0,1,1,1,1,1
1,4.359949021420038,0.38889347741837,RD1_F5_m1f5_P1_Y94_UO215,RD1_F5_m1f5_P1_Y92_UO645,RD5_F3_m7f3_P7_Y92_UO139,FXX,2,0.0,1,0,1.0,0,0,0,-9999.0,0.5101677676256866,1,P8_CV0,1,2,0,1,1
1,4.359949021420038,0.38889347741837,RD1_F5_m1f5_P1_Y94_UO456,RD1_F5_m1f5_P1_Y92_UO11,RD5_F3_m5f1_P5_Y92_UO506,FXX,2,0.0,1,0,1.0,0,0,0,-9999.0,0.5101678504362237,1,P8_CV0,1,1,1,1,1
1,4.359949021420038,0.38889347741837,RD1_F5_m3f5_P3_Y94_UO104,RD3_F6_m9f2_P9_Y92_UO239,RD5_F2_m5f3_P5_Y92_UO794,MXY,2,0.0,1,0,0.0,0,0,0,-9999.0,0.5101679468780169,1,P8_CV0,1,1,1,1,1
1,4.359949021420038,0.38889347741837,RD1_F5_m1f5_P1_Y94_UO685,RD1_F5_m3f6_P3_Y92_UO764,RD5_F2_m3f6_P3_Y92_UO108,MXY,2,0.0,1,0,0.0,0,0,0,-9999.0,0.5101677065039993,1,P8_CV0,1,0,2,0,2
1,4.359949021420038,0.38889347741837,RD1_F5_m1f5_P1_Y94_UO129,RD1_F5_m1f5_P1_Y92_UO478,RD5_F2_m5f3_P5_Y92_UO794,FXX,2,0.0,1,0,1.0,0,0,0,-9999.0,0.5101679420089837,1,P8_CV0,1,1,1,0,2
1,4.359949021420038,0.38889347741837,RD1_F5_m3f7_P3_Y94_UO732,RD3_F6_m9f2_P9_Y92_UO251,RD7_F4_m7f3_P7_Y92_UO536,MXY,2,0.0,1,0,0.0,0,0,0,-9999.0,0.510167775565673,1,P8_CV0,1,2,0,1,1
1,4.359949021420038,0.38889347741837,RD1_F5_m1f5_P1_Y94_UO455,RD1_F5_m1f5_P1_Y92_UO11,RD5_F3_m5f1_P5_Y92_UO506,FXX,2,0.0,1,0,1.0,0,0,0,-9999.0,0.5101678504362237,1,P8_CV0,1,2,0,1,1
1,4.359949021420038,0.38889347741837,RD1_F5_m1f5_P1_Y94_UO454,RD1_F5_m2f5_P2_Y92_UO316,RD5_F1_m5f3_P5_Y92_UO475,MXY,2,0.0,1,0,0.0,0,0,0,-9999.0,0.5101677410139889,1,P8_CV0,1,1,1,2,0
1,4.359949021420038,0.38889347741837,RD1_F5_m2f9_P2_Y94_UO579,RD2_F9_m2f6_P2_Y92_UO307,RD9_F6_m9f2_P9_Y92_UO30,MXY,2,0.0,1,0,0.0,0,0,0,-9999.0,0.5101676834219351,1,P8_CV0,1,2,0,1,1
1,4.359949021420038,0.38889347741837,RD1_F5_m1f5_P1_Y94_UO452,RD1_F5_m2f5_P2_Y92_UO316,RD5_F1_m5f3_P5_Y92_UO475,MXY,2,0.0,1,0,0.0,0,0,0,-9999.0,0.5101677410139889,1,P8_CV0,1,2,0,2,0
1,4.359949021420038,0.38889347741837,RD1_F5_m1f5_P1_Y94_UO130,RD1_F5_m1f5_P1_Y92_UO478,RD5_F2_m5f3_P5_Y92_UO794,MXY,2,0.0,1,0,0.0,0,0,0,-9999.0,0.5101679420089837,1,P8_CV0,1,2,0,0,2
1,4.359949021420038,0.38889347741837,RD1_F5_m3f5_P3_Y94_UO785,RD3_F6_m3f2_P3_Y92_UO669,RD5_F2_m3f6_P3_Y92_UO108,MXY,2,0.0,1,0,0.0,0,0,0,-9999.0,0.5101677989165836,1,P8_CV0,1,0,2,0,2
1,4.359949021420038,0.38889347741837,RD1_F5_m1f5_P1_Y94_UO667,RD1_F5_m1f5_P1_Y92_UO542,RD5_F2_m6f3_P6_Y92_UO89,FXX,2,0.0,1,0,1.0,0,0,0,-9999.0,0.5101678077213752,1,P8_CV0,1,2,0,2,0
1,4.359949021420038,0.38889347741837,RD1_F5_m1f5_P1_Y94_UO435,RD1_F5_m1f5_P1_Y92_UO545,RD5_F3_m7f3_P7_Y92_UO139,FXX,2,0.0,1,0,1.0,0,0,0,-9999.0,0.5101678046840679,1,P8_CV0,1,1,1,2,0
1,4.359949021420038,0.38889347741837,RD1_F5_m1f5_P1_Y94_UO453,RD1_F5_m2f5_P2_Y92_UO316,RD5_F1_m5f3_P5_Y92_UO475,MXY,2,0.0,1,0,0.0,0,0,0,-9999.0,0.5101677410139889,1,P8_CV0,1,2,0,2,0
2,5.496624778787091,6.529835889274153,RD2_F3_m2f5_P2_Y94_UO120,RD2_F3_m7f4_P7_Y92_UO599,RD5_F1_m5f2_P5_Y92_UO745,FXX,2,0.0,1,0,1.0,0,0,0,-9999.0,0.5101678917142802,1,P3_CV0,1,1,1,0,2
2,5.496624778787091,6.529835889274153,RD2_F3_m2f5_P2_Y94_UO436,RD2_F5_m3f5_P3_Y92_UO245,RD5_F1_m5f3_P5_Y92_UO161,MXY,2,0.0,1,0,0.0,0,0,0,-9999.0,0.5101677082750964,1,P3_CV0,1,2,0,1,1
2,5.496624778787091,6.529835889274153,RD2_F3_m2f3_P2_Y94_UO525,RD2_F9_m2f6_P2_Y92_UO225,RD3_F7_m4f7_P4_Y92_UO236,FXX,2,0.0,1,0,1.0,0,0,0,-9999.0,0.5101677282337835,1,P3_CV0,1,1,1,2,0
2,5.496624778787091,6.529835889274153,RD2_F3_m5f1_P5_Y94_UO444,RD5_F1_m5f2_P5_Y92_UO435,RD1_F5_m1f5_P1_Y92_UO286,MXY,2,0.0,1,0,0.0,0,0,0,-9999.0,0.5101677258540427,1,P3_CV0,1,2,0,0,2
2,5.496624778787091,6.529835889274153,RD2_F3_m6f3_P6_Y94_UO4,RD6_F9_m2f6_P2_Y92_UO306,RD3_F6_m3f5_P3_Y92_UO431,FXX,2,0.0,1,0,1.0,0,0,0,-9999.0,0.5101677141635292,1,P3_CV0,1,1,1,2,0
2,5.496624778787091,6.529835889274153,RD2_F3_m6f2_P6_Y94_UO347,RD6_F9_m6f3_P6_Y92_UO689,RD2_F9_m6f9_P6_Y92_UO746,MXY,2,0.0,1,0,0.0,0,0,0,-9999.0,0.5101675917439152,1,P3_CV0,1,2,0,0,2
2,5.496624778787091,6.529835889274153,RD2_F3_m6f9_P6_Y94_UO789,RD6_F2_m6f3_P6_Y92_UO688,RD9_F6_m9f2_P9_Y92_UO320,FXX,2,0.0,1,0,1.0,0,0,0,-9999.0,0.5101676931853447,1,P3_CV0,1,1,1,0,2
2,5.496624778787091,6.529835889274153,RD2_F3_m7f4_P7_Y94_UO365,RD7_F3_m5f1_P5_Y92_UO822,RD4_F8_m4f7_P4_Y92_UO482,FXX,2,0.0,1,0,1.0,0,0,0,-9999.0,0.5101677922530463,1,P3_CV0,1,2,0,1,1
2,5.496624778787091,6.529835889274153,RD2_F3_m7f4_P7_Y94_UO558,RD7_F3_m7f4_P7_Y92_UO165,RD4_F8_m4f7_P4_Y92_UO437,FXX,2,0.0,1,0,1.0,0,0,0,-9999.0,0.5101676691700057,1,P3_CV0,1,2,0,0,2
2,5.496624778787091,6.529835889274153,RD2_F3_m7f3_P7_Y94_UO642,RD7_F4_m8f4_P8_Y92_UO574,RD3_F7_m4f8_P4_Y92_UO672,FXX,2,0.0,1,0,1.0,0,0,0,-9999.0,0.5101677213358986,1,P3_CV0,1,2,0,2,0
2,5.496624778787091,6.529835889274153,RD2_F5_m3f2_P3_Y94_UO251,RD3_F2_m9f6_P9_Y92_UO355,RD2_F6_m9f2_P9_Y92_UO757,FXX,2,0.0,1,0,1.0,0,0,0,-9999.0,0.5101678503058693,1,P3_CV0,1,2,0,1,1
2,5.496624778787091,6.529835889274153,RD2_F5_m1f5_P1_Y94_UO52,RD1_F5_m2f5_P2_Y92_UO304,RD5_F3_m7f3_P7_Y92_UO133,MXY,2,0.0,1,0,0.0,0,0,0,-9999.0,0.5101678497246525,1,P3_CV0,1,2,0,2,0
2,5.496624778787091,6.529835889274153,RD2_F5_m1f5_P1_Y94_UO53,RD1_F5_m2f5_P2_Y92_UO304,RD5_F3_m7f3_P7_Y92_UO133,FXX,2,0.0,1,0,1.0,0,0,0,-9999.0,0.5101678497246525,1,P3_CV0,1,2,0,2,0
2,5.496624778787091,6.529835889274153,RD2_F5_m3f6_P3_Y94_UO561,RD3_F5_m3f2_P3_Y92_UO347,RD6_F2_m9f6_P9_Y92_UO557,MXY,2,0.0,1,0,0.0,0,0,0,-9999.0,0.5101677635033912,1,P3_CV0,1,2,0,1,1
2,5.496624778787091,6.529835889274153,RD2_F5_m1f5_P1_Y94_UO137,RD1_F5_m3f6_P3_Y92_UO764,RD5_F1_m5f2_P5_Y92_UO527,MXY,2,0.0,1,0,0.0,0,0,0,-9999.0,0.5101677432635849,1,P3_CV0,1,0,2,1,1
2,5.496624778787091,6.529835889274153,RD2_F5_m1f5_P1_Y94_UO139,RD1_F5_m3f6_P3_Y92_UO764,RD5_F1_m5f2_P5_Y92_UO527,MXY,2,0.0,1,0,0.0,0,0,0,-9999.0,0.5101677432635849,1,P3_CV0,1,2,0,2,0
2,5.496624778787091,6.529835889274153,RD2_F5_m2f5_P2_Y94_UO199,RD2_F9_m6f2_P6_Y92_UO232,RD5_F1_m5f2_P5_Y92_UO40,MXY,2,0.0,1,0,0.0,0,0,0,-9999.0,0.510167719975529,1,P3_CV0,1,2,0,2,0
2,5.496624778787091,6.529835889274153,RD2_F5_m1f5_P1_Y94_UO582,RD1_F5_m2f5_P2_Y92_UO304,RD5_F3_m5f1_P5_Y92_UO506,FXX,2,0.0,1,0,1.0,0,0,0,-9999.0,0.5101678743729856,1,P3_CV0,1,2,0,2,0
2,5.496624778787091,6.529835889274153,RD2_F6_m2f3_P2_Y94_UO24,RD2_F6_m3f7_P3_Y92_UO739,RD3_F2_m6f9_P6_Y92_UO605,MXY,2,0.0,1,0,0.0,0,0,0,-9999.0,0.5101677595582874,1,P3_CV0,1,1,1,0,2
2,5.496624778787091,6.529835889274153,RD2_F6_m2f9_P2_Y94_UO43,RD2_F3_m6f9_P6_Y92_UO399,RD9_F2_m9f2_P9_Y92_UO443,FXX,2,0.0,1,0,1.0,0,0,0,-9999.0,0.5101677574504198,1,P3_CV0,1,1,1,2,0
2,5.496624778787091,6.529835889274153,RD2_F6_m2f5_P2_Y94_UO119,RD2_F3_m7f4_P7_Y92_UO599,RD5_F1_m5f2_P5_Y92_UO745,MXY,2,0.0,1,0,0.0,0,0,0,-9999.0,0.5101678917142802,1,P3_CV0,1,1,1,2,0
2,5.496624778787091,6.529835889274153,RD2_F6_m2f6_P2_Y94_UO708,RD2_F9_m2f6_P2_Y92_UO307,RD6_F9_m2f5_P2_Y92_UO707,MXY,2,0.0,1,0,0.0,0,0,0,-9999.0,0.5101676973284341,1,P3_CV0,1,2,0,1,1
2,5.496624778787091,6.529835889274153,RD2_F6_m3f7_P3_Y94_UO412,RD3_F7_m4f8_P4_Y92_UO508,RD7_F4_m7f3_P7_Y92_UO60,FXX,2,0.0,1,0,1.0,0,0,0,-9999.0,0.5101677418829098,1,P3_CV0,1,2,0,1,1
2,5.496624778787091,6.529835889274153,RD2_F6_m9f6_P9_Y94_UO196,RD9_F6_m2f3_P2_Y92_UO789,RD6_F2_m9f6_P9_Y92_UO281,MXY,2,0.0,1,0,0.0,0,0,0,-9999.0,0.5101677183172928,1,P3_CV0,1,2,0,1,1
2,5.496624778787091,6.529835889274153,RD2_F6_m9f6_P9_Y94_UO197,RD9_F6_m2f3_P2_Y92_UO789,RD6_F2_m9f6_P9_Y92_UO281,FXX,2,0.0,1,0,1.0,0,0,0,-9999.0,0.5101677183172928,1,P3_CV0,1,2,0,1,1
2,5.496624778787091,6.529835889274153,RD2_F6_m9f6_P9_Y94_UO339,RD9_F2_m9f2_P9_Y92_UO240,RD6_F2_m9f6_P9_Y92_UO557,MXY,2,0.0,1,0,0.0,0,0,0,-9999.0,0.5101678020796552,1,P3_CV0,1,1,1,1,1
2,5.496624778787091,6.529835889274153,RD2_F6_m9f6_P9_Y94_UO623,RD9_F2_m9f2_P9_Y92_UO252,RD6_F9_m2f5_P2_Y92_UO361,FXX,2,0.0,1,0,1.0,0,0,0,-9999.0,0.5101676978145733,1,P3_CV0,1,2,0,2,0
2,5.496624778787091,6.529835889274153,RD2_F6_m9f6_P9_Y94_UO624,RD9_F2_m9f2_P9_Y92_UO252,RD6_F9_m2f5_P2_Y92_UO361,FXX,2,0.0,1,0,1.0,0,0,0,-9999.0,0.5101676978145733,1,P3_CV0,1,2,0,2,0
2,5.496624778787091,6.529835889274153,RD2_F6_m9f2_P9_Y94_UO648,RD9_F6_m9f2_P9_Y92_UO370,RD2_F9_m6f9_P6_Y90_UO332,FXX,2,0.0,1,0,1.0,0,0,0,-9999.0,0.5101678528605689,1,P3_CV0,1,1,1,2,0
2,5.496624778787091,6.529835889274153,RD2_F6_m9f6_P9_Y94_UO680,RD9_F2_m5f3_P5_Y92_UO659,RD6_F2_m9f6_P9_Y92_UO557,MXY,2,0.0,1,0,0.0,0,0,0,-9999.0,0.5101677069839621,1,P3_CV0,1,2,0,1,1
2,5.496624778787091,6.529835889274153,RD2_F6_m9f2_P9_Y94_UO682,RD9_F6_m2f5_P2_Y92_UO353,RD2_F9_m2f9_P2_Y92_UO799,FXX,2,0.0,1,0,1.0,0,0,0,-9999.0,0.510167809688161,1,P3_CV0,1,2,0,1,1
2,5.496624778787091,6.529835889274153,RD2_F6_m9f2_P9_Y94_UO693,RD9_F2_m3f2_P3_Y92_UO668,RD2_F9_m6f3_P6_Y92_UO71,FXX,2,0.0,1,0,1.0,0,0,0,-9999.0,0.5101677685433437,1,P3_CV0,1,0,2,1,1
2,5.496624778787091,6.529835889274153,RD2_F6_m9f2_P9_Y94_UO773,RD9_F2_m9f2_P9_Y92_UO767,RD2_F9_m6f9_P6_Y90_UO332,MXY,2,0.0,1,0,0.0,0,0,0,-9999.0,0.5101679120921823,1,P3_CV0,1,1,1,2,0
2,5.496624778787091,6.529835889274153,RD2_F9_m2f6_P2_Y94_UO27,RD2_F9_m6f2_P6_Y92_UO85,RD6_F2_m9f6_P9_Y92_UO95,MXY,2,0.0,1,0,0.0,0,0,0,-9999.0,0.5101678284430342,1,P3_CV0,1,1,1,0,2
2,5.496624778787091,6.529835889274153,RD2_F9_m2f5_P2_Y94_UO36,RD2_F6_m2f5_P2_Y92_UO362,RD5_F1_m5f3_P5_Y92_UO649,MXY,2,0.0,1,0,0.0,0,0,0,-9999.0,0.5101677616751594,1,P3_CV0,1,2,0,1,1
2,5.496624778787091,6.529835889274153,RD2_F9_m2f3_P2_Y94_UO40,RD2_F6_m9f6_P9_Y92_UO102,RD3_F7_m4f8_P4_Y92_UO235,MXY,2,0.0,1,0,0.0,0,0,0,-9999.0,0.5101677232305857,1,P3_CV0,1,1,1,0,2
2,5.496624778787091,6.529835889274153,RD2_F9_m2f9_P2_Y94_UO44,RD2_F3_m6f9_P6_Y92_UO399,RD9_F2_m9f2_P9_Y92_UO443,FXX,2,0.0,1,0,1.0,0,0,0,-9999.0,0.5101677574504198,1,P3_CV0,1,1,1,2,0
2,5.496624778787091,6.529835889274153,RD2_F9_m2f3_P2_Y94_UO77,RD2_F9_m2f9_P2_Y92_UO189,RD3_F7_m4f7_P4_Y92_UO236,MXY,2,0.0,1,0,0.0,0,0,0,-9999.0,0.5101678515260275,1,P3_CV0,1,2,0,1,1
2,5.496624778787091,6.529835889274153,RD2_F9_m2f3_P2_Y94_UO524,RD2_F9_m2f6_P2_Y92_UO225,RD3_F7_m4f7_P4_Y92_UO236,MXY,2,0.0,1,0,0.0,0,0,0,-9999.0,0.5101677282337835,1,P3_CV0,1,2,0,2,0
2,5.496624778787091,6.529835889274153,RD2_F9_m2f6_P2_Y94_UO727,RD2_F5_m3f5_P3_Y92_UO70,RD6_F9_m6f9_P6_Y92_UO771,FXX,2,0.0,1,0,1.0,0,0,0,-9999.0,0.5101677527325563,1,P3_CV0,1,1,1,2,0
2,5.496624778787091,6.529835889274153,RD2_F9_m2f9_P2_Y94_UO737,RD2_F9_m2f6_P2_Y92_UO264,RD9_F6_m9f2_P9_Y92_UO756,MXY,2,0.0,1,0,0.0,0,0,0,-9999.0,0.5101678691661551,1,P3_CV0,1,1,1,2,0
2,5.496624778787091,6.529835889274153,RD2_F9_m6f9_P6_Y94_UO13,RD6_F9_m6f2_P6_Y92_UO200,RD9_F6_m9f6_P9_Y92_UO380,MXY,2,0.0,1,0,0.0,0,0,0,-9999.0,0.5101678707864661,1,P3_CV0,1,0,2,1,1
2,5.496624778787091,6.529835889274153,RD2_F9_m6f9_P6_Y94_UO15,RD6_F2_m5f3_P5_Y92_UO190,RD9_F6_m2f5_P2_Y92_UO34,MXY,2,0.0,1,0,0.0,0,0,0,-9999.0,0.5101677731256089,1,P3_CV0,1,2,0,1,1
2,5.496624778787091,6.529835889274153,RD2_F9_m6f9_P6_Y94_UO85,RD6_F2_m9f6_P9_Y92_UO379,RD9_F6_m9f2_P9_Y92_UO756,FXX,2,0.0,1,0,1.0,0,0,0,-9999.0,0.5101679317134042,1,P3_CV0,1,1,1,1,1
2,5.496624778787091,6.529835889274153,RD2_F9_m6f9_P6_Y94_UO87,RD6_F2_m9f6_P9_Y92_UO379,RD9_F6_m9f2_P9_Y92_UO756,FXX,2,0.0,1,0,1.0,0,0,0,-9999.0,0.5101679317134042,1,P3_CV0,1,1,1,1,1
2,5.496624778787091,6.529835889274153,RD2_F9_m6f3_P6_Y94_UO94,RD6_F9_m2f3_P2_Y92_UO743,RD3_F2_m3f6_P3_Y92_UO766,MXY,2,0.0,1,0,0.0,0,0,0,-9999.0,0.5101676109750706,1,P3_CV0,1,2,0,2,0
2,5.496624778787091,6.529835889274153,RD2_F9_m6f3_P6_Y94_UO132,RD6_F3_m7f4_P7_Y92_UO512,RD3_F7_m4f8_P4_Y92_UO235,FXX,2,0.0,1,0,1.0,0,0,0,-9999.0,0.5101678162558674,1,P3_CV0,1,1,1,1,1
2,5.496624778787091,6.529835889274153,RD2_F9_m6f2_P6_Y94_UO243,RD6_F9_m2f3_P2_Y92_UO313,RD2_F9_m6f2_P6_Y92_UO345,FXX,2,0.0,1,0,1.0,0,0,0,-9999.0,0.5101676954812433,1,P3_CV0,1,2,0,0,2
2,5.496624778787091,6.529835889274153,RD2_F9_m6f3_P6_Y94_UO245,RD6_F3_m5f3_P5_Y92_UO774,RD3_F2_m9f6_P9_Y92_UO450,MXY,2,0.0,1,0,0.0,0,0,0,-9999.0,0.5101676534990265,1,P3_CV0,1,1,1,1,1
2,5.496624778787091,6.529835889274153,RD2_F9_m6f9_P6_Y94_UO300,RD6_F9_m2f9_P2_Y92_UO631,RD9_F6_m9f2_P9_Y92_UO292,MXY,2,0.0,1,0,0.0,0,0,0,-9999.0,0.5101676591400022,1,P3_CV0,1,1,1,0,2
2,5.496624778787091,6.529835889274153,RD2_F9_m6f3_P6_Y94_UO356,RD6_F3_m6f2_P6_Y92_UO817,RD3_F2_m6f9_P6_Y90_UO653,MXY,2,0.0,1,0,0.0,0,0,0,-9999.0,0.5101677801287359,1,P3_CV0,1,1,1,2,0
2,5.496624778787091,6.529835889274153,RD2_F9_m6f2_P6_Y94_UO367,RD6_F9_m6f3_P6_Y92_UO339,RD2_F6_m9f2_P9_Y92_UO757,FXX,2,0.0,1,0,1.0,0,0,0,-9999.0,0.5101678602588997,1,P3_CV0,1,1,1,1,1
2,5.496624778787091,6.529835889274153,RD2_F9_m6f2_P6_Y94_UO389,RD6_F9_m2f3_P2_Y92_UO743,RD2_F6_m9f2_P9_Y92_UO757,MXY,2,0.0,1,0,0.0,0,0,0,-9999.0,0.5101677485713623,1,P3_CV0,1,1,1,2,0
2,5.496624778787091,6.529835889274153,RD2_F9_m6f9_P6_Y94_UO589,RD6_F9_m2f3_P2_Y92_UO313,RD9_F2_m6f9_P6_Y92_UO119,MXY,2,0.0,1,0,0.0,0,0,0,-9999.0,0.5101676657867351,1,P3_CV0,1,1,1,1,1
2,5.496624778787091,6.529835889274153,RD2_F9_m6f3_P6_Y94_UO606,RD6_F3_m6f3_P6_Y92_UO301,RD3_F6_m9f6_P9_Y92_UO28,MXY,2,0.0,1,0,0.0,0,0,0,-9999.0,0.5101677215285285,1,P3_CV0,1,2,0,2,0
2,5.496624778787091,6.529835889274153,RD2_F9_m6f3_P6_Y94_UO656,RD6_F9_m6f2_P6_Y92_UO346,RD3_F7_m3f7_P3_Y92_UO259,MXY,2,0.0,1,0,0.0,0,0,0,-9999.0,0.5101677278117442,1,P3_CV0,1,0,2,0,2
2,5.496624778787091,6.529835889274153,RD2_F9_m6f3_P6_Y94_UO742,RD6_F9_m6f3_P6_Y92_UO339,RD3_F6_m3f5_P3_Y92_UO431,MXY,2,0.0,1,0,0.0,0,0,0,-9999.0,0.5101677462751546,1,P3_CV0,1,1,1,1,1
2,5.496624778787091,6.529835889274153,RD2_F9_m6f3_P6_Y94_UO751,RD6_F2_m9f2_P9_Y92_UO54,RD3_F7_m4f7_P4_Y92_UO236,FXX,2,0.0,1,0,1.0,0,0,0,-9999.0,0.5101678383980843,1,P3_CV0,1,0,2,2,0
2,5.496624778787091,6.529835889274153,RD2_F3_m8f4_P8_Y92_UO111,RD8_F4_m8f4_P8_Y90_UO489,RD4_F7_m3f5_P3_Y90_UO25,MXY,4,0.0,1,0,0.0,0,0,0,-9999.0,0.5101677031722751,1,P3_CV0,1,2,0,0,2
2,5.496624778787091,6.529835889274153,RD2_F6_m9f6_P9_Y92_UO135,RD9_F2_m6f9_P6_Y90_UO333,RD6_F2_m9f2_P9_Y90_UO238,FXX,4,0.0,1,0,1.0,0,0,0,-9999.0,0.5101678727346908,1,P3_CV0,1,1,1,2,0
2,5.496624778787091,6.529835889274153,RD2_F6_m6f9_P6_Y92_UO119,RD6_F9_m6f2_P6_Y90_UO602,RD9_F2_m5f2_P5_Y90_UO697,MXY,4,0.0,1,0,0.0,0,0,0,-9999.0,0.5101676906953045,1,P3_CV0,1,0,2,0,2
2,5.496624778787091,6.529835889274153,RD2_F9_m2f9_P2_Y92_UO52,RD2_F9_m6f3_P6_Y90_UO434,RD9_F2_m9f2_P9_Y90_UO303,FXX,4,0.0,1,0,1.0,0,0,0,-9999.0,0.510167898856416,1,P3_CV0,1,1,1,1,1
2,5.496624778787091,6.529835889274153,RD2_F6_m9f2_P9_Y94_UO772,RD9_F2_m9f2_P9_Y92_UO767,RD2_F9_m6f9_P6_Y90_UO332,MXY,2,0.0,1,0,0.0,0,0,0,-9999.0,0.5101679120921823,1,P4_CV0,1,0,2,2,0
2,5.496624778787091,6.529835889274153,RD2_F3_m7f4_P7_Y94_UO65,RD7_F3_m2f5_P2_Y92_UO76,RD4_F7_m3f6_P3_Y92_UO551,FXX,2,0.0,1,0,1.0,0,0,0,-9999.0,0.5101678350077723,1,P5_CV0,1,1,1,1,1
2,5.496624778787091,6.529835889274153,RD2_F5_m2f6_P2_Y94_UO360,RD2_F9_m2f6_P2_Y92_UO307,RD6_F3_m6f2_P6_Y92_UO230,FXX,2,0.0,1,0,1.0,0,0,0,-9999.0,0.5101677062359773,1,P5_CV0,1,2,0,1,1
2,5.496624778787091,6.529835889274153,RD2_F6_m2f9_P2_Y94_UO151,RD2_F6_m9f2_P9_Y92_UO485,RD9_F6_m2f6_P2_Y92_UO145,MXY,2,0.0,1,0,0.0,0,0,0,-9999.0,0.5101677680614092,1,P5_CV0,1,2,0,2,0
2,5.496624778787091,6.529835889274153,RD2_F6_m3f2_P3_Y94_UO562,RD3_F6_m3f7_P3_Y92_UO553,RD2_F5_m1f5_P1_Y92_UO17,FXX,2,0.0,1,0,1.0,0,0,0,-9999.0,0.5101678436950134,1,P5_CV0,1,2,0,2,0
2,5.496624778787091,6.529835889274153,RD2_F6_m3f5_P3_Y94_UO608,RD3_F7_m4f8_P4_Y92_UO405,RD5_F2_m3f6_P3_Y92_UO108,FXX,2,0.0,1,0,1.0,0,0,0,-9999.0,0.5101677669731473,1,P5_CV0,1,0,2,1,1
2,5.496624778787091,6.529835889274153,RD2_F9_m2f3_P2_Y94_UO272,RD2_F3_m7f3_P7_Y92_UO455,RD3_F2_m5f3_P5_Y92_UO483,MXY,2,0.0,1,0,0.0,0,0,0,-9999.0,0.5101676371786041,1,P5_CV0,1,1,1,2,0
2,5.496624778787091,6.529835889274153,RD2_F9_m2f6_P2_Y94_UO358,RD2_F9_m2f6_P2_Y92_UO307,RD6_F3_m6f2_P6_Y92_UO230,MXY,2,0.0,1,0,0.0,0,0,0,-9999.0,0.5101677062359773,1,P5_CV0,1,2,0,1,1
2,5.496624778787091,6.529835889274153,RD2_F9_m2f6_P2_Y94_UO359,RD2_F9_m2f6_P2_Y92_UO307,RD6_F3_m6f2_P6_Y92_UO230,MXY,2,0.0,1,0,0.0,0,0,0,-9999.0,0.5101677062359773,1,P5_CV0,1,2,0,1,1
2,5.496624778787091,6.529835889274153,RD2_F9_m6f9_P6_Y94_UO88,RD6_F9_m2f3_P2_Y92_UO313,RD9_F6_m3f6_P3_Y92_UO173,FXX,2,0.0,1,0,1.0,0,0,0,-9999.0,0.5101677607697184,1,P5_CV0,1,2,0,1,1
2,5.496624778787091,6.529835889274153,RD2_F3_m6f3_P6_Y94_UO206,RD6_F3_m5f3_P5_Y92_UO774,RD3_F6_m9f2_P9_Y92_UO106,MXY,2,0.0,1,0,0.0,0,0,0,-9999.0,0.5101677716630562,1,P8_CV0,1,1,1,1,1
2,5.496624778787091,6.529835889274153,RD2_F5_m1f5_P1_Y94_UO668,RD1_F5_m1f5_P1_Y92_UO542,RD5_F2_m6f3_P6_Y92_UO89,FXX,2,0.0,1,0,1.0,0,0,0,-9999.0,0.5101678077213752,1,P8_CV0,1,2,0,2,0
2,5.496624778787091,6.529835889274153,RD2_F5_m3f5_P3_Y94_UO607,RD3_F7_m4f8_P4_Y92_UO405,RD5_F2_m3f6_P3_Y92_UO108,MXY,2,0.0,1,0,0.0,0,0,0,-9999.0,0.5101677669731473,1,P8_CV0,1,1,1,1,1
2,5.496624778787091,6.529835889274153,RD2_F5_m1f5_P1_Y94_UO676,RD1_F5_m2f5_P2_Y92_UO315,RD5_F3_m7f3_P7_Y92_UO139,MXY,2,0.0,1,0,0.0,0,0,0,-9999.0,0.5101677171820622,1,P8_CV0,1,2,0,1,1
2,5.496624778787091,6.529835889274153,RD2_F5_m1f5_P1_Y94_UO434,RD1_F5_m1f5_P1_Y92_UO545,RD5_F3_m7f3_P7_Y92_UO139,FXX,2,0.0,1,0,1.0,0,0,0,-9999.0,0.5101678046840679,1,P8_CV0,1,1,1,1,1
2,5.496624778787091,6.529835889274153,RD2_F6_m3f5_P3_Y94_UO154,RD3_F6_m9f2_P9_Y92_UO177,RD5_F2_m5f1_P5_Y92_UO793,FXX,2,0.0,1,0,1.0,0,0,0,-9999.0,0.5101677793524146,1,P8_CV0,1,0,2,2,0
2,5.496624778787091,6.529835889274153,RD2_F6_m9f6_P9_Y94_UO729,RD9_F2_m5f2_P5_Y92_UO442,RD6_F3_m7f4_P7_Y92_UO511,MXY,2,0.0,1,0,0.0,0,0,0,-9999.0,0.5101677526489734,1,P8_CV0,1,1,1,0,2
2,5.496624778787091,6.529835889274153,RD2_F6_m9f6_P9_Y94_UO730,RD9_F2_m5f2_P5_Y92_UO442,RD6_F3_m7f4_P7_Y92_UO511,FXX,2,0.0,1,0,1.0,0,0,0,-9999.0,0.5101677526489734,1,P8_CV0,1,1,1,1,1
2,5.496624778787091,6.529835889274153,RD2_F9_m2f9_P2_Y94_UO157,RD2_F6_m9f6_P9_Y92_UO102,RD9_F6_m9f2_P9_Y92_UO30,MXY,2,0.0,1,0,0.0,0,0,0,-9999.0,0.5101676505884729,1,P8_CV0,1,2,0,1,1
2,5.496624778787091,6.529835889274153,RD2_F9_m2f5_P2_Y94_UO324,RD2_F9_m6f9_P6_Y92_UO719,RD5_F2_m5f1_P5_Y92_UO793,MXY,2,0.0,1,0,0.0,0,0,0,-9999.0,0.510167676814957,1,P8_CV0,1,1,1,0,2
2,5.496624778787091,6.529835889274153,RD2_F9_m6f3_P6_Y94_UO205,RD6_F3_m5f3_P5_Y92_UO774,RD3_F6_m9f2_P9_Y92_UO106,FXX,2,0.0,1,0,1.0,0,0,0,-9999.0,0.5101677716630562,1,P8_CV0,1,1,1,1,1
2,5.496624778787091,6.529835889274153,RD2_F9_m6f3_P6_Y94_UO219,RD6_F3_m5f3_P5_Y92_UO774,RD3_F6_m3f7_P3_Y92_UO549,FXX,2,0.0,1,0,1.0,0,0,0,-9999.0,0.5101677598823393,1,P8_CV0,1,1,1,0,2
2,5.496624778787091,6.529835889274153,RD2_F9_m6f3_P6_Y94_UO649,RD6_F2_m3f5_P3_Y92_UO246,RD3_F6_m3f5_P3_Y92_UO431,MXY,2,0.0,1,0,0.0,0,0,0,-9999.0,0.510167760554241,1,P8_CV0,1,0,2,1,1
3,4.20367802087489,4.955022315058112,RD3_F2_m3f6_P3_Y94_UO144,RD3_F6_m9f6_P9_Y92_UO149,RD6_F3_m6f2_P6_Y92_UO230,MXY,2,0.0,1,0,0.0,0,0,0,-9999.0,0.5101676846873495,1,P3_CV0,1,2,0,2,0
3,4.20367802087489,4.955022315058112,RD3_F2_m3f5_P3_Y94_UO552,RD3_F7_m3f2_P3_Y92_UO255,RD5_F2_m6f3_P6_Y92_UO781,MXY,2,0.0,1,0,0.0,0,0,0,-9999.0,0.5101677436861944,1,P3_CV0,1,1,1,0,2
3,4.20367802087489,4.955022315058112,RD3_F2_m9f2_P9_Y94_UO172,RD9_F2_m9f2_P9_Y92_UO250,RD2_F5_m1f5_P1_Y92_UO683,MXY,2,0.0,1,0,0.0,0,0,0,-9999.0,0.5101678445449647,1,P3_CV0,1,2,0,2,0
3,4.20367802087489,4.955022315058112,RD3_F2_m9f6_P9_Y94_UO340,RD9_F2_m9f2_P9_Y92_UO240,RD6_F2_m9f6_P9_Y92_UO557,FXX,2,0.0,1,0,1.0,0,0,0,-9999.0,0.5101678020796552,1,P3_CV0,1,1,1,1,1
3,4.20367802087489,4.955022315058112,RD3_F5_m1f5_P1_Y94_UO262,RD1_F5_m1f5_P1_Y92_UO196,RD5_F1_m5f2_P5_Y92_UO261,MXY,2,0.0,1,0,0.0,0,0,0,-9999.0,0.5101677937205498,1,P3_CV0,1,1,1,1,1
3,4.20367802087489,4.955022315058112,RD3_F5_m1f5_P1_Y94_UO698,RD1_F5_m1f5_P1_Y92_UO542,RD5_F1_m5f3_P5_Y92_UO324,MXY,2,0.0,1,0,0.0,0,0,0,-9999.0,0.5101678171140414,1,P3_CV0,1,1,1,1,1
3,4.20367802087489,4.955022315058112,RD3_F5_m1f5_P1_Y94_UO202,RD1_F5_m2f9_P2_Y92_UO664,RD5_F2_m9f6_P9_Y92_UO488,MXY,2,0.0,1,0,0.0,0,0,0,-9999.0,0.5101677187856666,1,P3_CV0,1,1,1,1,1
3,4.20367802087489,4.955022315058112,RD3_F5_m2f9_P2_Y94_UO736,RD2_F9_m2f6_P2_Y92_UO264,RD9_F6_m9f2_P9_Y92_UO756,MXY,2,0.0,1,0,0.0,0,0,0,-9999.0,0.5101678691661551,1,P3_CV0,1,1,1,2,0
3,4.20367802087489,4.955022315058112,RD3_F5_m1f5_P1_Y94_UO393,RD1_F5_m2f5_P2_Y92_UO316,RD5_F1_m5f2_P5_Y92_UO744,FXX,2,0.0,1,0,1.0,0,0,0,-9999.0,0.5101678157289538,1,P3_CV0,1,2,0,1,1
3,4.20367802087489,4.955022315058112,RD3_F5_m1f5_P1_Y94_UO531,RD1_F5_m2f5_P2_Y92_UO316,RD5_F1_m5f3_P5_Y92_UO331,MXY,2,0.0,1,0,0.0,0,0,0,-9999.0,0.5101677282325152,1,P3_CV0,1,1,1,2,0
3,4.20367802087489,4.955022315058112,RD3_F5_m1f5_P1_Y94_UO128,RD1_F5_m1f5_P1_Y92_UO11,RD5_F1_m5f2_P5_Y92_UO261,FXX,2,0.0,1,0,1.0,0,0,0,-9999.0,0.5101678717887896,1,P3_CV0,1,2,0,1,1
3,4.20367802087489,4.955022315058112,RD3_F5_m3f2_P3_Y94_UO504,RD3_F2_m5f2_P5_Y92_UO643,RD2_F9_m6f9_P6_Y92_UO746,FXX,2,0.0,1,0,1.0,0,0,0,-9999.0,0.5101676449469679,1,P3_CV0,1,2,0,0,2
3,4.20367802087489,4.955022315058112,RD3_F5_m1f5_P1_Y94_UO55,RD1_F5_m2f5_P2_Y92_UO304,RD5_F3_m7f3_P7_Y92_UO133,MXY,2,0.0,1,0,0.0,0,0,0,-9999.0,0.5101678497246525,1,P3_CV0,1,2,0,2,0
3,4.20367802087489,4.955022315058112,RD3_F5_m2f3_P2_Y94_UO523,RD2_F9_m2f6_P2_Y92_UO225,RD3_F7_m4f7_P4_Y92_UO236,FXX,2,0.0,1,0,1.0,0,0,0,-9999.0,0.5101677282337835,1,P3_CV0,1,1,1,2,0
3,4.20367802087489,4.955022315058112,RD3_F5_m1f5_P1_Y94_UO696,RD1_F5_m1f5_P1_Y92_UO542,RD5_F1_m5f3_P5_Y92_UO324,MXY,2,0.0,1,0,0.0,0,0,0,-9999.0,0.5101678171140414,1,P3_CV0,1,0,2,1,1
3,4.20367802087489,4.955022315058112,RD3_F5_m1f5_P1_Y94_UO482,RD1_F5_m1f5_P1_Y92_UO11,RD5_F1_m5f2_P5_Y92_UO527,MXY,2,0.0,1,0,0.0,0,0,0,-9999.0,0.5101678186442111,1,P3_CV0,1,1,1,1,1
3,4.20367802087489,4.955022315058112,RD3_F5_m1f5_P1_Y94_UO462,RD1_F5_m1f5_P1_Y92_UO580,RD5_F1_m5f3_P5_Y92_UO5,FXX,2,0.0,1,0,1.0,0,0,0,-9999.0,0.5101678350951886,1,P3_CV0,1,2,0,1,1
3,4.20367802087489,4.955022315058112,RD3_F6_m2f3_P2_Y94_UO282,RD2_F9_m6f9_P6_Y92_UO719,RD3_F6_m3f7_P3_Y92_UO549,MXY,2,0.0,1,0,0.0,0,0,0,-9999.0,0.5101676928995342,1,P3_CV0,1,1,1,1,1
3,4.20367802087489,4.955022315058112,RD3_F6_m2f9_P2_Y94_UO487,RD2_F9_m6f2_P6_Y92_UO233,RD9_F6_m9f2_P9_Y92_UO756,FXX,2,0.0,1,0,1.0,0,0,0,-9999.0,0.5101678165893073,1,P3_CV0,1,2,0,1,1
3,4.20367802087489,4.955022315058112,RD3_F6_m2f9_P2_Y94_UO795,RD2_F9_m2f6_P2_Y92_UO307,RD9_F6_m2f6_P2_Y92_UO38,MXY,2,0.0,1,0,0.0,0,0,0,-9999.0,0.5101677257952613,1,P3_CV0,1,2,0,1,1
3,4.20367802087489,4.955022315058112,RD3_F6_m3f2_P3_Y94_UO20,RD3_F5_m1f5_P1_Y92_UO15,RD2_F6_m9f6_P9_Y92_UO134,FXX,2,0.0,1,0,1.0,0,0,0,-9999.0,0.5101678410121071,1,P3_CV0,1,2,0,2,0
3,4.20367802087489,4.955022315058112,RD3_F6_m3f6_P3_Y94_UO384,RD3_F5_m3f7_P3_Y92_UO285,RD6_F3_m6f2_P6_Y92_UO230,MXY,2,0.0,1,0,0.0,0,0,0,-9999.0,0.5101677983678421,1,P3_CV0,1,2,0,2,0
3,4.20367802087489,4.955022315058112,RD3_F6_m3f2_P3_Y94_UO411,RD3_F6_m3f2_P3_Y92_UO669,RD2_F5_m3f7_P3_Y92_UO737,MXY,2,0.0,1,0,0.0,0,0,0,-9999.0,0.510167826393829,1,P3_CV0,1,0,2,2,0
3,4.20367802087489,4.955022315058112,RD3_F6_m9f6_P9_Y94_UO21,RD9_F2_m9f2_P9_Y92_UO252,RD6_F2_m5f2_P5_Y92_UO434,FXX,2,0.0,1,0,1.0,0,0,0,-9999.0,0.5101677475377944,1,P3_CV0,1,2,0,0,2
3,4.20367802087489,4.955022315058112,RD3_F6_m9f6_P9_Y94_UO319,RD9_F6_m9f2_P9_Y92_UO178,RD6_F9_m6f2_P6_Y92_UO674,MXY,2,0.0,1,0,0.0,0,0,0,-9999.0,0.5101677330391148,1,P3_CV0,1,1,1,1,1
3,4.20367802087489,4.955022315058112,RD3_F6_m9f2_P9_Y94_UO480,RD9_F2_m9f6_P9_Y92_UO386,RD2_F5_m1f5_P1_Y92_UO682,FXX,2,0.0,1,0,1.0,0,0,0,-9999.0,0.510167823145073,1,P3_CV0,1,0,2,2,0
3,4.20367802087489,4.955022315058112,RD3_F6_m9f6_P9_Y94_UO691,RD9_F6_m9f2_P9_Y92_UO179,RD6_F3_m2f9_P2_Y92_UO712,FXX,2,0.0,1,0,1.0,0,0,0,-9999.0,0.5101677468446102,1,P3_CV0,1,1,1,2,0
3,4.20367802087489,4.955022315058112,RD3_F7_m3f7_P3_Y94_UO11,RD3_F7_m4f7_P4_Y92_UO640,RD7_F3_m6f2_P6_Y92_UO604,FXX,2,0.0,1,0,1.0,0,0,0,-9999.0,0.5101676984240004,1,P3_CV0,1,2,0,2,0
3,4.20367802087489,4.955022315058112,RD3_F7_m3f5_P3_Y94_UO49,RD3_F2_m9f6_P9_Y92_UO355,RD5_F1_m5f3_P5_Y92_UO698,FXX,2,0.0,1,0,1.0,0,0,0,-9999.0,0.5101677146416836,1,P3_CV0,1,2,0,2,0
3,4.20367802087489,4.955022315058112,RD3_F7_m3f2_P3_Y94_UO61,RD3_F6_m3f7_P3_Y92_UO284,RD2_F3_m6f3_P6_Y92_UO709,FXX,2,0.0,1,0,1.0,0,0,0,-9999.0,0.5101677894018088,1,P3_CV0,1,2,0,2,0
3,4.20367802087489,4.955022315058112,RD3_F7_m3f6_P3_Y94_UO217,RD3_F7_m4f7_P4_Y92_UO640,RD6_F2_m6f3_P6_Y92_UO118,FXX,2,0.0,1,0,1.0,0,0,0,-9999.0,0.5101677475392616,1,P3_CV0,1,1,1,1,1
3,4.20367802087489,4.955022315058112,RD3_F7_m3f2_P3_Y94_UO253,RD3_F2_m9f6_P9_Y92_UO355,RD2_F6_m9f2_P9_Y92_UO757,MXY,2,0.0,1,0,0.0,0,0,0,-9999.0,0.5101678503058693,1,P3_CV0,1,1,1,2,0
3,4.20367802087489,4.955022315058112,RD3_F7_m3f5_P3_Y94_UO325,RD3_F2_m9f6_P9_Y92_UO528,RD5_F1_m5f2_P5_Y92_UO375,FXX,2,0.0,1,0,1.0,0,0,0,-9999.0,0.5101677243275251,1,P3_CV0,1,1,1,0,2
3,4.20367802087489,4.955022315058112,RD3_F7_m3f5_P3_Y94_UO326,RD3_F2_m9f6_P9_Y92_UO528,RD5_F1_m5f2_P5_Y92_UO375,FXX,2,0.0,1,0,1.0,0,0,0,-9999.0,0.5101677243275251,1,P3_CV0,1,1,1,1,1
3,4.20367802087489,4.955022315058112,RD3_F7_m3f7_P3_Y94_UO337,RD3_F6_m3f2_P3_Y92_UO786,RD7_F3_m6f2_P6_Y92_UO604,FXX,2,0.0,1,0,1.0,0,0,0,-9999.0,0.5101678033423056,1,P3_CV0,1,1,1,1,1
3,4.20367802087489,4.955022315058112,RD3_F7_m3f7_P3_Y94_UO413,RD3_F7_m4f8_P4_Y92_UO508,RD7_F4_m7f3_P7_Y92_UO60,MXY,2,0.0,1,0,0.0,0,0,0,-9999.0,0.5101677418829098,1,P3_CV0,1,2,0,2,0
3,4.20367802087489,4.955022315058112,RD3_F7_m3f6_P3_Y94_UO477,RD3_F7_m3f2_P3_Y92_UO219,RD6_F9_m6f9_P6_Y92_UO771,FXX,2,0.0,1,0,1.0,0,0,0,-9999.0,0.510167680262386,1,P3_CV0,1,0,2,2,0
3,4.20367802087489,4.955022315058112,RD3_F7_m4f8_P4_Y94_UO18,RD4_F8_m4f8_P4_Y92_UO447,RD8_F4_m8f4_P8_Y92_UO581,MXY,2,0.0,1,0,0.0,0,0,0,-9999.0,0.5101677492971692,1,P3_CV0,1,1,1,2,0
3,4.20367802087489,4.955022315058112,RD3_F7_m4f8_P4_Y94_UO162,RD4_F8_m4f7_P4_Y92_UO181,RD8_F4_m8f4_P8_Y92_UO473,MXY,2,0.0,1,0,0.0,0,0,0,-9999.0,0.5101678369027844,1,P3_CV0,1,2,0,2,0
3,4.20367802087489,4.955022315058112,RD3_F7_m4f7_P4_Y94_UO264,RD4_F8_m4f7_P4_Y92_UO82,RD7_F3_m7f4_P7_Y92_UO457,FXX,2,0.0,1,0,1.0,0,0,0,-9999.0,0.5101677259130746,1,P3_CV0,1,0,2,2,0
3,4.20367802087489,4.955022315058112,RD3_F7_m4f8_P4_Y94_UO415,RD4_F7_m3f7_P3_Y92_UO383,RD8_F4_m8f4_P8_Y92_UO808,FXX,2,0.0,1,0,1.0,0,0,0,-9999.0,0.5101678420155729,1,P3_CV0,1,1,1,2,0
3,4.20367802087489,4.955022315058112,RD3_F7_m4f8_P4_Y94_UO493,RD4_F7_m4f7_P4_Y92_UO547,RD8_F4_m7f4_P7_Y92_UO212,MXY,2,0.0,1,0,0.0,0,0,0,-9999.0,0.5101677611753122,1,P3_CV0,1,2,0,1,1
3,4.20367802087489,4.955022315058112,RD3_F7_m4f7_P4_Y94_UO596,RD4_F8_m4f8_P4_Y92_UO199,RD7_F3_m6f2_P6_Y92_UO604,MXY,2,0.0,1,0,0.0,0,0,0,-9999.0,0.5101677300782566,1,P3_CV0,1,2,0,1,1
3,4.20367802087489,4.955022315058112,RD3_F7_m4f8_P4_Y94_UO635,RD4_F8_m4f8_P4_Y92_UO639,RD8_F4_m8f4_P8_Y92_UO591,MXY,2,0.0,1,0,0.0,0,0,0,-9999.0,0.5101676981142553,1,P3_CV0,1,1,1,2,0
3,4.20367802087489,4.955022315058112,RD3_F7_m4f8_P4_Y94_UO769,RD4_F7_m4f7_P4_Y92_UO438,RD8_F4_m7f4_P7_Y92_UO661,FXX,2,0.0,1,0,1.0,0,0,0,-9999.0,0.5101676841037879,1,P3_CV0,1,1,1,0,2
3,4.20367802087489,4.955022315058112,RD3_F7_m4f8_P4_Y94_UO771,RD4_F7_m4f7_P4_Y92_UO438,RD8_F4_m7f4_P7_Y92_UO661,MXY,2,0.0,1,0,0.0,0,0,0,-9999.0,0.5101676841037879,1,P3_CV0,1,2,0,0,2
3,4.20367802087489,4.955022315058112,RD3_F6_m9f2_P9_Y92_UO767,RD9_F6_m2f3_P2_Y90_UO732,RD2_F9_m2f6_P2_Y90_UO474,FXX,4,0.0,1,0,1.0,0,0,0,-9999.0,0.5101678981622939,1,P3_CV0,1,1,1,2,0
3,4.20367802087489,4.955022315058112,RD3_F7_m3f2_P3_Y92_UO347,RD3_F7_m4f7_P4_Y90_UO190,RD2_F9_m2f9_P2_Y90_UO191,FXX,4,0.0,1,0,1.0,0,0,0,-9999.0,0.510167821009766,1,P3_CV0,1,2,0,1,1
3,4.20367802087489,4.955022315058112,RD3_F5_m1f5_P1_Y94_UO216,RD1_F5_m1f5_P1_Y92_UO645,RD5_F3_m7f3_P7_Y92_UO139,MXY,2,0.0,1,0,0.0,0,0,0,-9999.0,0.5101677676256866,1,P4_CV0,1,1,1,1,1
3,4.20367802087489,4.955022315058112,RD3_F5_m1f5_P1_Y94_UO753,RD1_F5_m1f5_P1_Y92_UO11,RD5_F2_m9f6_P9_Y92_UO762,FXX,2,0.0,1,0,1.0,0,0,0,-9999.0,0.5101677514053566,1,P4_CV0,1,1,1,1,1
3,4.20367802087489,4.955022315058112,RD3_F2_m5f3_P5_Y94_UO287,RD5_F1_m5f3_P5_Y92_UO162,RD3_F7_m4f7_P4_Y92_UO623,FXX,2,0.0,1,0,1.0,0,0,0,-9999.0,0.5101676560377459,1,P5_CV0,1,1,1,0,2
3,4.20367802087489,4.955022315058112,RD3_F5_m3f7_P3_Y94_UO539,RD3_F7_m4f8_P4_Y92_UO508,RD7_F3_m2f5_P2_Y92_UO77,MXY,2,0.0,1,0,0.0,0,0,0,-9999.0,0.5101677699354852,1,P5_CV0,1,2,0,0,2
3,4.20367802087489,4.955022315058112,RD3_F6_m3f5_P3_Y94_UO329,RD3_F7_m4f8_P4_Y92_UO405,RD5_F2_m9f2_P9_Y92_UO372,MXY,2,0.0,1,0,0.0,0,0,0,-9999.0,0.510167781972692,1,P5_CV0,1,1,1,1,1
3,4.20367802087489,4.955022315058112,RD3_F6_m9f2_P9_Y94_UO566,RD9_F6_m9f2_P9_Y92_UO179,RD2_F5_m1f5_P1_Y92_UO17,MXY,2,0.0,1,0,0.0,0,0,0,-9999.0,0.5101678173010828,1,P5_CV0,1,2,0,1,1
3,4.20367802087489,4.955022315058112,RD3_F7_m3f6_P3_Y94_UO383,RD3_F5_m3f7_P3_Y92_UO285,RD6_F3_m6f2_P6_Y92_UO230,FXX,2,0.0,1,0,1.0,0,0,0,-9999.0,0.5101677983678421,1,P5_CV0,1,1,1,2,0
3,4.20367802087489,4.955022315058112,RD3_F7_m3f6_P3_Y94_UO385,RD3_F5_m3f7_P3_Y92_UO285,RD6_F3_m6f2_P6_Y92_UO230,MXY,2,0.0,1,0,0.0,0,0,0,-9999.0,0.5101677983678421,1,P5_CV0,1,2,0,2,0
3,4.20367802087489,4.955022315058112,RD3_F7_m3f6_P3_Y94_UO516,RD3_F7_m4f8_P4_Y92_UO46,RD6_F9_m6f2_P6_Y92_UO674,FXX,2,0.0,1,0,1.0,0,0,0,-9999.0,0.5101676997726905,1,P5_CV0,1,2,0,1,1
3,4.20367802087489,4.955022315058112,RD3_F7_m4f7_P4_Y94_UO47,RD4_F8_m4f7_P4_Y92_UO62,RD7_F4_m7f3_P7_Y92_UO137,MXY,2,0.0,1,0,0.0,0,0,0,-9999.0,0.5101676875917445,1,P5_CV0,1,2,0,1,1
3,4.20367802087489,4.955022315058112,RD3_F7_m4f7_P4_Y94_UO258,RD4_F8_m4f7_P4_Y92_UO376,RD7_F4_m7f3_P7_Y92_UO137,MXY,2,0.0,1,0,0.0,0,0,0,-9999.0,0.5101676572818068,1,P5_CV0,1,2,0,2,0
3,4.20367802087489,4.955022315058112,RD3_F7_m4f8_P4_Y94_UO672,RD4_F8_m4f7_P4_Y92_UO308,RD8_F4_m8f4_P8_Y92_UO19,FXX,2,0.0,1,0,1.0,0,0,0,-9999.0,0.5101676602850045,1,P5_CV0,1,2,0,1,1
3,4.20367802087489,4.955022315058112,RD3_F7_m4f8_P4_Y94_UO791,RD4_F8_m4f8_P4_Y92_UO703,RD8_F4_m8f4_P8_Y92_UO391,FXX,2,0.0,1,0,1.0,0,0,0,-9999.0,0.5101677507831734,1,P5_CV0,1,1,1,2,0
3,4.20367802087489,4.955022315058112,RD3_F6_m4f7_P4_Y92_UO807,RD4_F7_m4f8_P4_Y90_UO765,RD7_F3_m7f3_P7_Y90_UO519,FXX,4,0.0,1,0,1.0,0,0,0,-9999.0,0.5101677294268931,1,P5_CV0,1,0,2,1,1
3,4.20367802087489,4.955022315058112,RD3_F2_m6f9_P6_Y94_UO763,RD6_F3_m5f3_P5_Y92_UO774,RD9_F6_m3f5_P3_Y92_UO518,FXX,2,0.0,1,0,1.0,0,0,0,-9999.0,0.510167710449597,1,P8_CV0,1,1,1,1,1
3,4.20367802087489,4.955022315058112,RD3_F2_m9f6_P9_Y94_UO169,RD9_F2_m9f2_P9_Y92_UO240,RD6_F3_m7f4_P7_Y92_UO511,MXY,2,0.0,1,0,0.0,0,0,0,-9999.0,0.5101678681699386,1,P8_CV0,1,0,2,2,0
3,4.20367802087489,4.955022315058112,RD3_F2_m9f6_P9_Y94_UO170,RD9_F2_m9f2_P9_Y92_UO240,RD6_F3_m7f4_P7_Y92_UO511,MXY,2,0.0,1,0,0.0,0,0,0,-9999.0,0.5101678681699386,1,P8_CV0,1,0,2,2,0
3,4.20367802087489,4.955022315058112,RD3_F2_m9f6_P9_Y94_UO679,RD9_F2_m5f3_P5_Y92_UO659,RD6_F2_m9f6_P9_Y92_UO557,FXX,2,0.0,1,0,1.0,0,0,0,-9999.0,0.5101677069839621,1,P8_CV0,1,2,0,1,1
3,4.20367802087489,4.955022315058112,RD3_F5_m1f5_P1_Y94_UO498,RD1_F5_m2f6_P2_Y92_UO146,RD5_F1_m5f3_P5_Y92_UO475,MXY,2,0.0,1,0,0.0,0,0,0,-9999.0,0.5101677693584588,1,P8_CV0,1,1,1,2,0
3,4.20367802087489,4.955022315058112,RD3_F6_m2f3_P2_Y94_UO271,RD2_F3_m7f3_P7_Y92_UO455,RD3_F2_m5f3_P5_Y92_UO483,FXX,2,0.0,1,0,1.0,0,0,0,-9999.0,0.5101676371786041,1,P8_CV0,1,2,0,2,0
3,4.20367802087489,4.955022315058112,RD3_F6_m3f2_P3_Y94_UO503,RD3_F2_m5f2_P5_Y92_UO643,RD2_F9_m6f9_P6_Y92_UO746,MXY,2,0.0,1,0,0.0,0,0,0,-9999.0,0.5101676449469679,1,P8_CV0,1,1,1,1,1
3,4.20367802087489,4.955022315058112,RD3_F7_m4f7_P4_Y94_UO599,RD4_F8_m4f8_P4_Y92_UO533,RD7_F4_m7f3_P7_Y92_UO536,MXY,2,0.0,1,0,0.0,0,0,0,-9999.0,0.5101677853766784,1,P8_CV0,1,2,0,2,0
4,2.046486340378425,9.289064495259955,RD4_F7_m3f6_P3_Y94_UO145,RD3_F6_m9f6_P9_Y92_UO149,RD6_F3_m6f2_P6_Y92_UO230,MXY,2,0.0,1,0,0.0,0,0,0,-9999.0,0.5101676846873495,1,P3_CV0,1,2,0,1,1
4,2.046486340378425,9.289064495259955,RD4_F7_m3f7_P3_Y94_UO285,RD3_F2_m9f6_P9_Y92_UO528,RD7_F3_m7f4_P7_Y92_UO458,MXY,2,0.0,1,0,0.0,0,0,0,-9999.0,0.5101677005226666,1,P3_CV0,1,2,0,1,1
4,2.046486340378425,9.289064495259955,RD4_F7_m3f7_P3_Y94_UO414,RD3_F7_m4f8_P4_Y92_UO508,RD7_F4_m7f3_P7_Y92_UO60,FXX,2,0.0,1,0,1.0,0,0,0,-9999.0,0.5101677418829098,1,P3_CV0,1,2,0,2,0
4,2.046486340378425,9.289064495259955,RD4_F7_m3f6_P3_Y94_UO476,RD3_F7_m3f2_P3_Y92_UO219,RD6_F9_m6f9_P6_Y92_UO771,FXX,2,0.0,1,0,1.0,0,0,0,-9999.0,0.510167680262386,1,P3_CV0,1,1,1,1,1
4,2.046486340378425,9.289064495259955,RD4_F7_m3f2_P3_Y94_UO505,RD3_F2_m5f2_P5_Y92_UO643,RD2_F9_m6f9_P6_Y92_UO746,FXX,2,0.0,1,0,1.0,0,0,0,-9999.0,0.5101676449469679,1,P3_CV0,1,0,2,0,2
4,2.046486340378425,9.289064495259955,RD4_F7_m3f6_P3_Y94_UO572,RD3_F6_m9f2_P9_Y92_UO55,RD6_F2_m5f3_P5_Y92_UO124,MXY,2,0.0,1,0,0.0,0,0,0,-9999.0,0.5101678508129641,1,P3_CV0,1,0,2,2,0
4,2.046486340378425,9.289064495259955,RD4_F7_m3f6_P3_Y94_UO653,RD3_F5_m3f7_P3_Y92_UO285,RD6_F2_m9f6_P9_Y92_UO281,FXX,2,0.0,1,0,1.0,0,0,0,-9999.0,0.510167784894362,1,P3_CV0,1,2,0,1,1
4,2.046486340378425,9.289064495259955,RD4_F7_m3f2_P3_Y94_UO721,RD3_F2_m9f6_P9_Y92_UO528,RD2_F9_m6f3_P6_Y92_UO117,MXY,2,0.0,1,0,0.0,0,0,0,-9999.0,0.5101678015890361,1,P3_CV0,1,2,0,1,1
4,2.046486340378425,9.289064495259955,RD4_F7_m3f2_P3_Y94_UO722,RD3_F2_m9f6_P9_Y92_UO528,RD2_F9_m6f3_P6_Y92_UO117,MXY,2,0.0,1,0,0.0,0,0,0,-9999.0,0.5101678015890361,1,P3_CV0,1,1,1,0,2
4,2.046486340378425,9.289064495259955,RD4_F7_m3f7_P3_Y94_UO749,RD3_F6_m9f6_P9_Y92_UO402,RD7_F4_m7f3_P7_Y92_UO60,MXY,2,0.0,1,0,0.0,0,0,0,-9999.0,0.510167820591878,1,P3_CV0,1,1,1,1,1
4,2.046486340378425,9.289064495259955,RD4_F7_m3f5_P3_Y94_UO759,RD3_F7_m4f7_P4_Y92_UO640,RD5_F1_m5f2_P5_Y92_UO745,FXX,2,0.0,1,0,1.0,0,0,0,-9999.0,0.5101677815762464,1,P3_CV0,1,2,0,1,1
4,2.046486340378425,9.289064495259955,RD4_F7_m4f8_P4_Y94_UO122,RD4_F7_m4f7_P4_Y92_UO547,RD8_F4_m8f4_P8_Y92_UO473,MXY,2,0.0,1,0,0.0,0,0,0,-9999.0,0.5101678214711374,1,P3_CV0,1,1,1,1,1
4,2.046486340378425,9.289064495259955,RD4_F7_m4f8_P4_Y94_UO123,RD4_F7_m4f7_P4_Y92_UO547,RD8_F4_m8f4_P8_Y92_UO473,MXY,2,0.0,1,0,0.0,0,0,0,-9999.0,0.5101678214711374,1,P3_CV0,1,1,1,2,0
4,2.046486340378425,9.289064495259955,RD4_F7_m4f8_P4_Y94_UO124,RD4_F7_m4f7_P4_Y92_UO547,RD8_F4_m8f4_P8_Y92_UO473,FXX,2,0.0,1,0,1.0,0,0,0,-9999.0,0.5101678214711374,1,P3_CV0,1,2,0,1,1
4,2.046486340378425,9.289064495259955,RD4_F7_m4f7_P4_Y94_UO164,RD4_F8_m4f7_P4_Y92_UO548,RD7_F3_m5f3_P5_Y92_UO648,MXY,2,0.0,1,0,0.0,0,0,0,-9999.0,0.5101678418033302,1,P3_CV0,1,0,2,2,0
4,2.046486340378425,9.289064495259955,RD4_F7_m4f8_P4_Y94_UO193,RD4_F8_m4f7_P4_Y92_UO62,RD8_F4_m7f3_P7_Y92_UO207,FXX,2,0.0,1,0,1.0,0,0,0,-9999.0,0.5101678228024262,1,P3_CV0,1,1,1,1,1
4,2.046486340378425,9.289064495259955,RD4_F7_m4f7_P4_Y94_UO426,RD4_F7_m3f7_P3_Y92_UO382,RD7_F3_m7f4_P7_Y92_UO167,MXY,2,0.0,1,0,0.0,0,0,0,-9999.0,0.5101677703167038,1,P3_CV0,1,2,0,1,1
4,2.046486340378425,9.289064495259955,RD4_F7_m4f8_P4_Y94_UO494,RD4_F8_m4f7_P4_Y92_UO546,RD8_F4_m7f4_P7_Y92_UO273,MXY,2,0.0,1,0,0.0,0,0,0,-9999.0,0.5101677687494544,1,P3_CV0,1,1,1,1,1
4,2.046486340378425,9.289064495259955,RD4_F7_m4f7_P4_Y94_UO509,RD4_F7_m3f2_P3_Y92_UO617,RD7_F4_m8f4_P8_Y92_UO621,FXX,2,0.0,1,0,1.0,0,0,0,-9999.0,0.5101677603784882,1,P3_CV0,1,1,1,2,0
4,2.046486340378425,9.289064495259955,RD4_F7_m4f7_P4_Y94_UO600,RD4_F8_m4f8_P4_Y92_UO533,RD7_F4_m7f3_P7_Y92_UO536,MXY,2,0.0,1,0,0.0,0,0,0,-9999.0,0.5101677853766784,1,P3_CV0,1,2,0,2,0
4,2.046486340378425,9.289064495259955,RD4_F7_m4f8_P4_Y94_UO762,RD4_F8_m4f7_P4_Y92_UO182,RD8_F4_m8f4_P8_Y92_UO581,MXY,2,0.0,1,0,0.0,0,0,0,-9999.0,0.5101676672408253,1,P3_CV0,1,2,0,2,0
4,2.046486340378425,9.289064495259955,RD4_F8_m4f8_P4_Y94_UO28,RD4_F7_m4f8_P4_Y92_UO565,RD8_F4_m7f4_P7_Y92_UO587,FXX,2,0.0,1,0,1.0,0,0,0,-9999.0,0.510167755286167,1,P3_CV0,1,2,0,1,1
4,2.046486340378425,9.289064495259955,RD4_F8_m4f7_P4_Y94_UO96,RD4_F8_m4f8_P4_Y92_UO639,RD7_F4_m8f4_P8_Y92_UO186,FXX,2,0.0,1,0,1.0,0,0,0,-9999.0,0.5101677160740028,1,P3_CV0,1,1,1,2,0
4,2.046486340378425,9.289064495259955,RD4_F8_m4f7_P4_Y94_UO97,RD4_F8_m4f8_P4_Y92_UO639,RD7_F4_m8f4_P8_Y92_UO186,FXX,2,0.0,1,0,1.0,0,0,0,-9999.0,0.5101677160740028,1,P3_CV0,1,0,2,2,0
4,2.046486340378425,9.289064495259955,RD4_F8_m4f8_P4_Y94_UO135,RD4_F7_m3f7_P3_Y92_UO382,RD8_F4_m8f4_P8_Y92_UO391,MXY,2,0.0,1,0,0.0,0,0,0,-9999.0,0.5101677719507549,1,P3_CV0,1,1,1,2,0
4,2.046486340378425,9.289064495259955,RD4_F8_m4f8_P4_Y94_UO161,RD4_F8_m4f7_P4_Y92_UO181,RD8_F4_m8f4_P8_Y92_UO473,FXX,2,0.0,1,0,1.0,0,0,0,-9999.0,0.5101678369027844,1,P3_CV0,1,0,2,1,1
4,2.046486340378425,9.289064495259955,RD4_F8_m4f7_P4_Y94_UO163,RD4_F8_m4f7_P4_Y92_UO548,RD7_F3_m5f3_P5_Y92_UO648,MXY,2,0.0,1,0,0.0,0,0,0,-9999.0,0.5101678418033302,1,P3_CV0,1,2,0,1,1
4,2.046486340378425,9.289064495259955,RD4_F8_m4f7_P4_Y94_UO165,RD4_F8_m4f7_P4_Y92_UO548,RD7_F3_m5f3_P5_Y92_UO648,MXY,2,0.0,1,0,0.0,0,0,0,-9999.0,0.5101678418033302,1,P3_CV0,1,1,1,2,0
4,2.046486340378425,9.289064495259955,RD4_F8_m4f7_P4_Y94_UO182,RD4_F8_m4f8_P4_Y92_UO449,RD7_F4_m7f4_P7_Y92_UO630,MXY,2,0.0,1,0,0.0,0,0,0,-9999.0,0.5101677742043549,1,P3_CV0,1,1,1,2,0
4,2.046486340378425,9.289064495259955,RD4_F8_m4f7_P4_Y94_UO183,RD4_F8_m4f8_P4_Y92_UO449,RD7_F4_m7f4_P7_Y92_UO630,MXY,2,0.0,1,0,0.0,0,0,0,-9999.0,0.5101677742043549,1,P3_CV0,1,1,1,2,0
4,2.046486340378425,9.289064495259955,RD4_F8_m4f8_P4_Y94_UO194,RD4_F8_m4f7_P4_Y92_UO62,RD8_F4_m7f3_P7_Y92_UO207,MXY,2,0.0,1,0,0.0,0,0,0,-9999.0,0.5101678228024262,1,P3_CV0,1,1,1,1,1
4,2.046486340378425,9.289064495259955,RD4_F8_m4f8_P4_Y94_UO195,RD4_F8_m4f7_P4_Y92_UO62,RD8_F4_m7f3_P7_Y92_UO207,FXX,2,0.0,1,0,1.0,0,0,0,-9999.0,0.5101678228024262,1,P3_CV0,1,1,1,1,1
4,2.046486340378425,9.289064495259955,RD4_F8_m4f7_P4_Y94_UO263,RD4_F8_m4f7_P4_Y92_UO82,RD7_F3_m7f4_P7_Y92_UO457,MXY,2,0.0,1,0,0.0,0,0,0,-9999.0,0.5101677259130746,1,P3_CV0,1,0,2,2,0
4,2.046486340378425,9.289064495259955,RD4_F8_m4f7_P4_Y94_UO265,RD4_F8_m4f7_P4_Y92_UO82,RD7_F3_m7f4_P7_Y92_UO457,FXX,2,0.0,1,0,1.0,0,0,0,-9999.0,0.5101677259130746,1,P3_CV0,1,0,2,2,0
4,2.046486340378425,9.289064495259955,RD4_F8_m4f8_P4_Y94_UO417,RD4_F7_m3f7_P3_Y92_UO383,RD8_F4_m8f4_P8_Y92_UO808,MXY,2,0.0,1,0,0.0,0,0,0,-9999.0,0.5101678420155729,1,P3_CV0,1,1,1,0,2
4,2.046486340378425,9.289064495259955,RD4_F8_m4f7_P4_Y94_UO427,RD4_F7_m3f7_P3_Y92_UO382,RD7_F3_m7f4_P7_Y92_UO167,FXX,2,0.0,1,0,1.0,0,0,0,-9999.0,0.5101677703167038,1,P3_CV0,1,1,1,0,2
4,2.046486340378425,9.289064495259955,RD4_F8_m4f8_P4_Y94_UO428,RD4_F8_m4f7_P4_Y92_UO62,RD8_F4_m7f3_P7_Y92_UO207,FXX,2,0.0,1,0,1.0,0,0,0,-9999.0,0.5101678228024262,1,P3_CV0,1,1,1,2,0
4,2.046486340378425,9.289064495259955,RD4_F8_m4f8_P4_Y94_UO484,RD4_F8_m4f7_P4_Y92_UO308,RD8_F4_m7f3_P7_Y92_UO342,FXX,2,0.0,1,0,1.0,0,0,0,-9999.0,0.5101676186724795,1,P3_CV0,1,2,0,0,2
4,2.046486340378425,9.289064495259955,RD4_F8_m4f8_P4_Y94_UO485,RD4_F8_m4f7_P4_Y92_UO308,RD8_F4_m7f3_P7_Y92_UO342,FXX,2,0.0,1,0,1.0,0,0,0,-9999.0,0.5101676186724795,1,P3_CV0,1,2,0,0,2
4,2.046486340378425,9.289064495259955,RD4_F8_m4f8_P4_Y94_UO492,RD4_F7_m4f7_P4_Y92_UO547,RD8_F4_m7f4_P7_Y92_UO212,FXX,2,0.0,1,0,1.0,0,0,0,-9999.0,0.5101677611753122,1,P3_CV0,1,2,0,1,1
4,2.046486340378425,9.289064495259955,RD4_F8_m4f8_P4_Y94_UO506,RD4_F7_m4f8_P4_Y92_UO565,RD8_F4_m8f4_P8_Y92_UO803,MXY,2,0.0,1,0,0.0,0,0,0,-9999.0,0.5101676654870513,1,P3_CV0,1,2,0,2,0
4,2.046486340378425,9.289064495259955,RD4_F8_m4f7_P4_Y94_UO595,RD4_F8_m4f8_P4_Y92_UO199,RD7_F3_m6f2_P6_Y92_UO604,MXY,2,0.0,1,0,0.0,0,0,0,-9999.0,0.5101677300782566,1,P3_CV0,1,2,0,1,1
4,2.046486340378425,9.289064495259955,RD4_F8_m4f7_P4_Y94_UO597,RD4_F8_m4f8_P4_Y92_UO199,RD7_F3_m6f2_P6_Y92_UO604,MXY,2,0.0,1,0,0.0,0,0,0,-9999.0,0.5101677300782566,1,P3_CV0,1,2,0,1,1
4,2.046486340378425,9.289064495259955,RD4_F8_m4f8_P4_Y94_UO634,RD4_F8_m4f8_P4_Y92_UO639,RD8_F4_m8f4_P8_Y92_UO591,MXY,2,0.0,1,0,0.0,0,0,0,-9999.0,0.5101676981142553,1,P3_CV0,1,1,1,2,0
4,2.046486340378425,9.289064495259955,RD4_F8_m4f7_P4_Y94_UO638,RD4_F8_m4f7_P4_Y92_UO62,RD7_F3_m5f3_P5_Y92_UO648,FXX,2,0.0,1,0,1.0,0,0,0,-9999.0,0.5101678248641992,1,P3_CV0,1,1,1,1,1
4,2.046486340378425,9.289064495259955,RD4_F8_m4f7_P4_Y94_UO639,RD4_F8_m4f7_P4_Y92_UO62,RD7_F3_m5f3_P5_Y92_UO648,MXY,2,0.0,1,0,0.0,0,0,0,-9999.0,0.5101678248641992,1,P3_CV0,1,1,1,1,1
4,2.046486340378425,9.289064495259955,RD4_F8_m4f7_P4_Y94_UO664,RD4_F8_m4f7_P4_Y92_UO82,RD7_F4_m7f3_P7_Y92_UO60,FXX,2,0.0,1,0,1.0,0,0,0,-9999.0,0.5101677834198384,1,P3_CV0,1,0,2,2,0
4,2.046486340378425,9.289064495259955,RD4_F8_m4f8_P4_Y94_UO713,RD4_F8_m4f8_P4_Y92_UO686,RD8_F4_m8f4_P8_Y92_UO805,MXY,2,0.0,1,0,0.0,0,0,0,-9999.0,0.5101676279447691,1,P3_CV0,1,1,1,2,0
4,2.046486340378425,9.289064495259955,RD4_F8_m4f8_P4_Y94_UO715,RD4_F8_m4f8_P4_Y92_UO686,RD8_F4_m8f4_P8_Y92_UO805,MXY,2,0.0,1,0,0.0,0,0,0,-9999.0,0.5101676279447691,1,P3_CV0,1,1,1,2,0
4,2.046486340378425,9.289064495259955,RD4_F8_m4f8_P4_Y94_UO734,RD4_F7_m4f7_P4_Y92_UO81,RD8_F4_m8f4_P8_Y92_UO570,MXY,2,0.0,1,0,0.0,0,0,0,-9999.0,0.51016769668019,1,P3_CV0,1,0,2,2,0
4,2.046486340378425,9.289064495259955,RD4_F8_m4f7_P4_Y94_UO747,RD4_F8_m4f7_P4_Y92_UO546,RD7_F4_m8f4_P8_Y92_UO621,MXY,2,0.0,1,0,0.0,0,0,0,-9999.0,0.5101677299994467,1,P3_CV0,1,1,1,1,1
4,2.046486340378425,9.289064495259955,RD4_F8_m4f8_P4_Y94_UO770,RD4_F7_m4f7_P4_Y92_UO438,RD8_F4_m7f4_P7_Y92_UO661,MXY,2,0.0,1,0,0.0,0,0,0,-9999.0,0.5101676841037879,1,P3_CV0,1,1,1,0,2
4,2.046486340378425,9.289064495259955,RD4_F8_m4f7_P4_Y94_UO787,RD4_F7_m4f7_P4_Y92_UO63,RD7_F3_m7f4_P7_Y92_UO275,MXY,2,0.0,1,0,0.0,0,0,0,-9999.0,0.5101677518103234,1,P3_CV0,1,1,1,0,2
4,2.046486340378425,9.289064495259955,RD4_F8_m4f7_P4_Y94_UO809,RD4_F7_m3f2_P3_Y92_UO617,RD7_F3_m7f4_P7_Y90_UO89,MXY,2,0.0,1,0,0.0,0,0,0,-9999.0,0.5101678568900123,1,P3_CV0,1,1,1,1,1
4,2.046486340378425,9.289064495259955,RD4_F8_m4f7_P4_Y94_UO810,RD4_F7_m3f2_P3_Y92_UO617,RD7_F3_m7f4_P7_Y90_UO89,MXY,2,0.0,1,0,0.0,0,0,0,-9999.0,0.5101678568900123,1,P3_CV0,1,2,0,2,0
4,2.046486340378425,9.289064495259955,RD4_F8_m4f7_P4_Y94_UO811,RD4_F7_m3f2_P3_Y92_UO617,RD7_F3_m7f4_P7_Y90_UO89,FXX,2,0.0,1,0,1.0,0,0,0,-9999.0,0.5101678568900123,1,P3_CV0,1,1,1,2,0
4,2.046486340378425,9.289064495259955,RD4_F8_m4f7_P4_Y94_UO818,RD4_F7_m4f7_P4_Y92_UO547,RD7_F4_m7f3_P7_Y92_UO60,FXX,2,0.0,1,0,1.0,0,0,0,-9999.0,0.5101677863295873,1,P3_CV0,1,2,0,2,0
4,2.046486340378425,9.289064495259955,RD4_F8_m4f7_P4_Y94_UO819,RD4_F7_m4f7_P4_Y92_UO547,RD7_F4_m7f3_P7_Y92_UO60,FXX,2,0.0,1,0,1.0,0,0,0,-9999.0,0.5101677863295873,1,P3_CV0,1,1,1,2,0
4,2.046486340378425,9.289064495259955,RD4_F7_m4f8_P4_Y92_UO639,RD4_F8_m4f7_P4_Y90_UO783,RD8_F4_m7f3_P7_Y90_UO522,FXX,4,0.0,1,0,1.0,0,0,0,-9999.0,0.5101677181231565,1,P3_CV0,1,0,2,2,0
4,2.046486340378425,9.289064495259955,RD4_F8_m4f7_P4_Y92_UO222,RD4_F7_m4f7_P4_Y90_UO421,RD7_F3_m7f4_P7_Y90_UO641,FXX,4,0.0,1,0,1.0,0,0,0,-9999.0,0.5101677087195853,1,P3_CV0,1,1,1,2,0
4,2.046486340378425,9.289064495259955,RD4_F8_m4f8_P4_Y94_UO380,RD4_F8_m4f7_P4_Y92_UO716,RD8_F4_m7f3_P7_Y90_UO319,MXY,2,0.0,1,0,0.0,0,0,0,-9999.0,0.5101677555203263,1,P4_CV0,1,1,1,1,1
4,2.046486340378425,9.289064495259955,RD4_F8_m4f8_P4_Y94_UO495,RD4_F8_m4f7_P4_Y92_UO546,RD8_F4_m7f4_P7_Y92_UO273,FXX,2,0.0,1,0,1.0,0,0,0,-9999.0,0.5101677687494544,1,P4_CV0,1,1,1,1,1
4,2.046486340378425,9.289064495259955,RD4_F8_m4f7_P4_Y94_UO510,RD4_F7_m3f2_P3_Y92_UO617,RD7_F4_m8f4_P8_Y92_UO621,FXX,2,0.0,1,0,1.0,0,0,0,-9999.0,0.5101677603784882,1,P4_CV0,1,1,1,1,1
4,2.046486340378425,9.289064495259955,RD4_F8_m4f7_P4_Y94_UO746,RD4_F8_m4f7_P4_Y92_UO546,RD7_F4_m8f4_P8_Y92_UO621,FXX,2,0.0,1,0,1.0,0,0,0,-9999.0,0.5101677299994467,1,P4_CV0,1,1,1,2,0
4,2.046486340378425,9.289064495259955,RD4_F7_m3f5_P3_Y94_UO90,RD3_F6_m9f6_P9_Y92_UO495,RD5_F2_m6f3_P6_Y92_UO687,MXY,2,0.0,1,0,0.0,0,0,0,-9999.0,0.5101676949863467,1,P5_CV0,1,1,1,1,1
4,2.046486340378425,9.289064495259955,RD4_F7_m3f7_P3_Y94_UO284,RD3_F2_m9f6_P9_Y92_UO528,RD7_F3_m7f4_P7_Y92_UO458,FXX,2,0.0,1,0,1.0,0,0,0,-9999.0,0.5101677005226666,1,P5_CV0,1,2,0,1,1
4,2.046486340378425,9.289064495259955,RD4_F8_m4f7_P4_Y94_UO46,RD4_F8_m4f7_P4_Y92_UO62,RD7_F4_m7f3_P7_Y92_UO137,FXX,2,0.0,1,0,1.0,0,0,0,-9999.0,0.5101676875917445,1,P5_CV0,1,2,0,2,0
4,2.046486340378425,9.289064495259955,RD4_F8_m4f7_P4_Y94_UO110,RD4_F7_m4f7_P4_Y92_UO81,RD7_F3_m7f4_P7_Y92_UO458,MXY,2,0.0,1,0,0.0,0,0,0,-9999.0,0.5101677259130746,1,P5_CV0,1,1,1,1,1
4,2.046486340378425,9.289064495259955,RD4_F8_m4f7_P4_Y94_UO111,RD4_F7_m4f7_P4_Y92_UO81,RD7_F3_m7f4_P7_Y92_UO458,MXY,2,0.0,1,0,0.0,0,0,0,-9999.0,0.5101677259130746,1,P5_CV0,1,1,1,1,1
4,2.046486340378425,9.289064495259955,RD4_F8_m4f7_P4_Y94_UO259,RD4_F8_m4f7_P4_Y92_UO376,RD7_F4_m7f3_P7_Y92_UO137,FXX,2,0.0,1,0,1.0,0,0,0,-9999.0,0.5101676572818068,1,P5_CV0,1,2,0,1,1
4,2.046486340378425,9.289064495259955,RD4_F8_m4f8_P4_Y94_UO486,RD4_F8_m4f7_P4_Y92_UO308,RD8_F4_m7f3_P7_Y92_UO342,MXY,2,0.0,1,0,0.0,0,0,0,-9999.0,0.5101676186724795,1,P5_CV0,1,2,0,0,2
4,2.046486340378425,9.289064495259955,RD4_F8_m4f8_P4_Y94_UO671,RD4_F8_m4f7_P4_Y92_UO308,RD8_F4_m8f4_P8_Y92_UO19,FXX,2,0.0,1,0,1.0,0,0,0,-9999.0,0.5101676602850045,1,P5_CV0,1,2,0,2,0
4,2.046486340378425,9.289064495259955,RD4_F8_m4f8_P4_Y94_UO735,RD4_F7_m4f7_P4_Y92_UO81,RD8_F4_m8f4_P8_Y92_UO570,MXY,2,0.0,1,0,0.0,0,0,0,-9999.0,0.51016769668019,1,P5_CV0,1,0,2,2,0
4,2.046486340378425,9.289064495259955,RD4_F7_m3f6_P3_Y94_UO150,RD3_F2_m9f6_P9_Y92_UO29,RD6_F3_m7f4_P7_Y92_UO511,FXX,2,0.0,1,0,1.0,0,0,0,-9999.0,0.5101678531121454,1,P8_CV0,1,0,2,1,1
4,2.046486340378425,9.289064495259955,RD4_F7_m3f5_P3_Y94_UO156,RD3_F6_m9f2_P9_Y92_UO177,RD5_F2_m5f1_P5_Y92_UO793,FXX,2,0.0,1,0,1.0,0,0,0,-9999.0,0.5101677793524146,1,P8_CV0,1,0,2,1,1
4,2.046486340378425,9.289064495259955,RD4_F7_m3f5_P3_Y94_UO601,RD3_F6_m3f2_P3_Y92_UO786,RD5_F3_m7f3_P7_Y92_UO139,MXY,2,0.0,1,0,0.0,0,0,0,-9999.0,0.51016778794766,1,P8_CV0,1,0,2,1,1
4,2.046486340378425,9.289064495259955,RD4_F7_m3f5_P3_Y94_UO602,RD3_F6_m3f2_P3_Y92_UO786,RD5_F3_m7f3_P7_Y92_UO139,MXY,2,0.0,1,0,0.0,0,0,0,-9999.0,0.51016778794766,1,P8_CV0,1,1,1,1,1
4,2.046486340378425,9.289064495259955,RD4_F7_m3f7_P3_Y94_UO733,RD3_F6_m9f2_P9_Y92_UO251,RD7_F4_m7f3_P7_Y92_UO536,FXX,2,0.0,1,0,1.0,0,0,0,-9999.0,0.510167775565673,1,P8_CV0,1,2,0,1,1
4,2.046486340378425,9.289064495259955,RD4_F7_m3f6_P3_Y94_UO744,RD3_F2_m5f3_P5_Y92_UO10,RD6_F3_m7f4_P7_Y92_UO511,FXX,2,0.0,1,0,1.0,0,0,0,-9999.0,0.5101677277478505,1,P8_CV0,1,1,1,0,2
4,2.046486340378425,9.289064495259955,RD4_F7_m3f5_P3_Y94_UO783,RD3_F6_m3f2_P3_Y92_UO669,RD5_F2_m3f6_P3_Y92_UO108,FXX,2,0.0,1,0,1.0,0,0,0,-9999.0,0.5101677989165836,1,P8_CV0,1,0,2,0,2
4,2.046486340378425,9.289064495259955,RD4_F7_m4f7_P4_Y94_UO257,RD4_F8_m4f7_P4_Y92_UO376,RD7_F4_m7f3_P7_Y92_UO137,MXY,2,0.0,1,0,0.0,0,0,0,-9999.0,0.5101676572818068,1,P8_CV0,1,2,0,2,0
4,2.046486340378425,9.289064495259955,RD4_F7_m4f7_P4_Y94_UO820,RD4_F7_m4f8_P4_Y92_UO565,RD7_F3_m5f3_P5_Y92_UO658,FXX,2,0.0,1,0,1.0,0,0,0,-9999.0,0.5101677276868717,1,P8_CV0,1,2,0,2,0
4,2.046486340378425,9.289064495259955,RD4_F8_m4f8_P4_Y94_UO29,RD4_F7_m4f8_P4_Y92_UO565,RD8_F4_m7f4_P7_Y92_UO587,FXX,2,0.0,1,0,1.0,0,0,0,-9999.0,0.510167755286167,1,P8_CV0,1,1,1,2,0
4,2.046486340378425,9.289064495259955,RD4_F8_m4f8_P4_Y94_UO134,RD4_F7_m3f7_P3_Y92_UO382,RD8_F4_m8f4_P8_Y92_UO391,MXY,2,0.0,1,0,0.0,0,0,0,-9999.0,0.5101677719507549,1,P8_CV0,1,2,0,1,1
4,2.046486340378425,9.289064495259955,RD4_F8_m4f8_P4_Y94_UO381,RD4_F8_m4f7_P4_Y92_UO716,RD8_F4_m7f3_P7_Y90_UO319,MXY,2,0.0,1,0,0.0,0,0,0,-9999.0,0.5101677555203263,1,P8_CV0,1,2,0,1,1
4,2.046486340378425,9.289064495259955,RD4_F8_m4f8_P4_Y94_UO429,RD4_F8_m4f7_P4_Y92_UO62,RD8_F4_m7f3_P7_Y92_UO207,MXY,2,0.0,1,0,0.0,0,0,0,-9999.0,0.5101678228024262,1,P8_CV0,1,1,1,1,1
4,2.046486340378425,9.289064495259955,RD4_F8_m4f8_P4_Y94_UO548,RD4_F8_m4f7_P4_Y92_UO308,RD8_F4_m8f4_P8_Y92_UO796,FXX,2,0.0,1,0,1.0,0,0,0,-9999.0,0.5101677875946642,1,P8_CV0,1,1,1,2,0
4,2.046486340378425,9.289064495259955,RD4_F8_m4f8_P4_Y94_UO549,RD4_F8_m4f7_P4_Y92_UO308,RD8_F4_m8f4_P8_Y92_UO796,FXX,2,0.0,1,0,1.0,0,0,0,-9999.0,0.5101677875946642,1,P8_CV0,1,2,0,2,0
4,2.046486340378425,9.289064495259955,RD4_F8_m4f8_P4_Y94_UO550,RD4_F8_m4f7_P4_Y92_UO308,RD8_F4_m8f4_P8_Y92_UO796,MXY,2,0.0,1,0,0.0,0,0,0,-9999.0,0.5101677875946642,1,P8_CV0,1,2,0,1,1
4,2.046486340378425,9.289064495259955,RD4_F8_m4f8_P4_Y94_UO761,RD4_F8_m4f7_P4_Y92_UO182,RD8_F4_m8f4_P8_Y92_UO581,MXY,2,0.0,1,0,0.0,0,0,0,-9999.0,0.5101676672408253,1,P8_CV0,1,2,0,2,0
4,2.046486340378425,9.289064495259955,RD4_F8_m4f7_P4_Y94_UO786,RD4_F7_m4f7_P4_Y92_UO63,RD7_F3_m7f4_P7_Y92_UO275,FXX,2,0.0,1,0,1.0,0,0,0,-9999.0,0.5101677518103234,1,P8_CV0,1,0,2,2,0
4,2.046486340378425,9.289064495259955,RD4_F8_m4f7_P4_Y94_UO821,RD4_F7_m4f8_P4_Y92_UO565,RD7_F3_m5f3_P5_Y92_UO658,MXY,2,0.0,1,0,0.0,0,0,0,-9999.0,0.5101677276868717,1,P8_CV0,1,1,1,2,0
4,2.046486340378425,9.289064495259955,RD4_F7_m4f7_P4_Y92_UO377,RD4_F8_m4f7_P4_Y90_UO360,RD7_F4_m8f4_P8_Y90_UO147,MXY,4,0.0,1,0,0.0,0,0,0,-9999.0,0.5101676981818031,1,P8_CV0,1,1,1,2,0
5,2.9965467367452314,4.002409126542999,RD5_F1_m5f2_P5_Y94_UO208,RD5_F1_m5f2_P5_Y92_UO368,RD2_F9_m6f2_P6_Y92_UO675,MXY,2,0.0,1,0,0.0,0,0,0,-9999.0,0.5101677275377643,1,P3_CV0,1,1,1,1,1
5,2.9965467367452314,4.002409126542999,RD5_F3_m7f4_P7_Y94_UO712,RD7_F3_m2f3_P2_Y92_UO466,RD4_F7_m4f7_P4_Y92_UO234,MXY,2,0.0,1,0,0.0,0,0,0,-9999.0,0.5101678812641719,1,P3_CV0,1,2,0,1,1
5,2.9965467367452314,4.002409126542999,RD5_F1_m5f2_P5_Y94_UO108,RD5_F1_m5f3_P5_Y92_UO4,RD2_F3_m7f3_P7_Y92_UO761,MXY,2,0.0,1,0,0.0,0,0,0,-9999.0,0.5101677159840001,1,P3_CV0,1,2,0,2,0
5,2.9965467367452314,4.002409126542999,RD5_F2_m6f2_P6_Y94_UO521,RD6_F2_m5f3_P5_Y92_UO190,RD2_F3_m2f5_P2_Y92_UO521,MXY,2,0.0,1,0,0.0,0,0,0,-9999.0,0.5101678075089513,1,P3_CV0,1,2,0,2,0
5,2.9965467367452314,4.002409126542999,RD5_F1_m5f1_P5_Y94_UO186,RD5_F1_m5f2_P5_Y92_UO220,RD1_F5_m1f5_P1_Y92_UO413,MXY,2,0.0,1,0,0.0,0,0,0,-9999.0,0.5101677027799596,1,P3_CV0,1,2,0,1,1
5,2.9965467367452314,4.002409126542999,RD5_F1_m5f2_P5_Y94_UO659,RD5_F3_m7f4_P7_Y92_UO692,RD2_F9_m6f9_P6_Y92_UO747,MXY,2,0.0,1,0,0.0,0,0,0,-9999.0,0.5101676334421494,1,P3_CV0,1,1,1,1,1
5,2.9965467367452314,4.002409126542999,RD5_F1_m5f1_P5_Y94_UO213,RD5_F3_m7f4_P7_Y92_UO600,RD1_F5_m1f5_P1_Y90_UO43,MXY,2,0.0,1,0,0.0,0,0,0,-9999.0,0.5101678945177355,1,P3_CV0,1,2,0,0,2
5,2.9965467367452314,4.002409126542999,RD5_F1_m5f2_P5_Y94_UO241,RD5_F1_m5f3_P5_Y92_UO325,RD2_F9_m6f9_P6_Y92_UO746,MXY,2,0.0,1,0,0.0,0,0,0,-9999.0,0.510167661926408,1,P3_CV0,1,1,1,1,1
5,2.9965467367452314,4.002409126542999,RD5_F1_m5f2_P5_Y94_UO240,RD5_F1_m5f3_P5_Y92_UO325,RD2_F9_m6f9_P6_Y92_UO746,MXY,2,0.0,1,0,0.0,0,0,0,-9999.0,0.510167661926408,1,P3_CV0,1,0,2,0,2
5,2.9965467367452314,4.002409126542999,RD5_F2_m3f2_P3_Y94_UO59,RD3_F6_m3f7_P3_Y92_UO284,RD2_F3_m6f3_P6_Y92_UO709,FXX,2,0.0,1,0,1.0,0,0,0,-9999.0,0.5101677894018088,1,P3_CV0,1,2,0,1,1
5,2.9965467367452314,4.002409126542999,RD5_F1_m5f2_P5_Y94_UO474,RD5_F1_m5f3_P5_Y92_UO126,RD2_F6_m9f2_P9_Y92_UO757,MXY,2,0.0,1,0,0.0,0,0,0,-9999.0,0.5101678491753212,1,P3_CV0,1,1,1,1,1
5,2.9965467367452314,4.002409126542999,RD5_F2_m9f2_P9_Y94_UO824,RD9_F2_m9f2_P9_Y92_UO250,RD2_F6_m9f6_P9_Y92_UO134,MXY,2,0.0,1,0,0.0,0,0,0,-9999.0,0.5101678179701192,1,P3_CV0,1,1,1,1,1
5,2.9965467367452314,4.002409126542999,RD5_F1_m5f1_P5_Y94_UO768,RD5_F3_m6f2_P6_Y92_UO602,RD1_F5_m1f5_P1_Y92_UO544,FXX,2,0.0,1,0,1.0,0,0,0,-9999.0,0.5101678200787134,1,P3_CV0,1,2,0,1,1
5,2.9965467367452314,4.002409126542999,RD5_F3_m6f9_P6_Y94_UO717,RD6_F9_m2f3_P2_Y92_UO743,RD9_F2_m5f1_P5_Y92_UO144,FXX,2,0.0,1,0,1.0,0,0,0,-9999.0,0.5101676030631417,1,P3_CV0,1,1,1,2,0
5,2.9965467367452314,4.002409126542999,RD5_F1_m5f3_P5_Y94_UO341,RD5_F1_m5f2_P5_Y92_UO435,RD3_F7_m3f2_P3_Y92_UO785,MXY,2,0.0,1,0,0.0,0,0,0,-9999.0,0.5101677848433646,1,P3_CV0,1,1,1,1,1
5,2.9965467367452314,4.002409126542999,RD5_F1_m5f2_P5_Y94_UO207,RD5_F1_m5f2_P5_Y92_UO368,RD2_F9_m6f2_P6_Y92_UO675,FXX,2,0.0,1,0,1.0,0,0,0,-9999.0,0.5101677275377643,1,P3_CV0,1,1,1,1,1
5,2.9965467367452314,4.002409126542999,RD5_F1_m5f2_P5_Y94_UO472,RD5_F1_m5f3_P5_Y92_UO126,RD2_F6_m9f2_P9_Y92_UO757,MXY,2,0.0,1,0,0.0,0,0,0,-9999.0,0.5101678491753212,1,P3_CV0,1,2,0,1,1
5,2.9965467367452314,4.002409126542999,RD5_F1_m5f1_P5_Y94_UO167,RD5_F1_m5f3_P5_Y92_UO125,RD1_F5_m1f5_P1_Y92_UO476,MXY,2,0.0,1,0,0.0,0,0,0,-9999.0,0.5101678241371328,1,P3_CV0,1,1,1,1,1
5,2.9965467367452314,4.002409126542999,RD5_F3_m2f6_P2_Y94_UO396,RD2_F9_m6f2_P6_Y92_UO83,RD6_F9_m2f9_P2_Y92_UO452,MXY,2,0.0,1,0,0.0,0,0,0,-9999.0,0.5101677990641225,1,P3_CV0,1,0,2,1,1
5,2.9965467367452314,4.002409126542999,RD5_F2_m6f9_P6_Y94_UO89,RD6_F9_m2f3_P2_Y92_UO313,RD9_F6_m3f6_P3_Y92_UO173,MXY,2,0.0,1,0,0.0,0,0,0,-9999.0,0.5101677607697184,1,P3_CV0,1,1,1,1,1
5,2.9965467367452314,4.002409126542999,RD5_F1_m5f2_P5_Y94_UO239,RD5_F1_m5f3_P5_Y92_UO325,RD2_F9_m6f9_P6_Y92_UO746,FXX,2,0.0,1,0,1.0,0,0,0,-9999.0,0.510167661926408,1,P3_CV0,1,1,1,0,2
5,2.9965467367452314,4.002409126542999,RD5_F2_m9f2_P9_Y94_UO683,RD9_F6_m2f5_P2_Y92_UO353,RD2_F9_m2f9_P2_Y92_UO799,MXY,2,0.0,1,0,0.0,0,0,0,-9999.0,0.510167809688161,1,P3_CV0,1,2,0,1,1
5,2.9965467367452314,4.002409126542999,RD5_F1_m5f1_P5_Y94_UO445,RD5_F2_m9f6_P9_Y92_UO381,RD1_F5_m2f6_P2_Y92_UO563,MXY,2,0.0,1,0,0.0,0,0,0,-9999.0,0.5101677987424935,1,P3_CV0,1,0,2,2,0
5,2.9965467367452314,4.002409126542999,RD5_F1_m5f3_P5_Y94_UO828,RD5_F1_m5f1_P5_Y92_UO141,RD3_F7_m4f8_P4_Y92_UO23,MXY,2,0.0,1,0,0.0,0,0,0,-9999.0,0.5101676787455567,1,P3_CV0,1,1,1,2,0
5,2.9965467367452314,4.002409126542999,RD5_F3_m6f9_P6_Y94_UO718,RD6_F9_m6f3_P6_Y92_UO780,RD9_F6_m2f6_P2_Y92_UO38,FXX,2,0.0,1,0,1.0,0,0,0,-9999.0,0.5101677338215627,1,P3_CV0,1,1,1,0,2
5,2.9965467367452314,4.002409126542999,RD5_F2_m6f9_P6_Y94_UO232,RD6_F3_m6f9_P6_Y92_UO718,RD9_F2_m6f9_P6_Y92_UO514,FXX,2,0.0,1,0,1.0,0,0,0,-9999.0,0.5101677506833013,1,P3_CV0,1,1,1,1,1
5,2.9965467367452314,4.002409126542999,RD5_F1_m5f1_P5_Y94_UO430,RD5_F1_m5f1_P5_Y92_UO141,RD1_F5_m1f5_P1_Y92_UO424,FXX,2,0.0,1,0,1.0,0,0,0,-9999.0,0.5101677715253619,1,P3_CV0,1,1,1,2,0
5,2.9965467367452314,4.002409126542999,RD5_F2_m9f2_P9_Y94_UO171,RD9_F2_m9f2_P9_Y92_UO250,RD2_F5_m1f5_P1_Y92_UO683,MXY,2,0.0,1,0,0.0,0,0,0,-9999.0,0.5101678445449647,1,P3_CV0,1,2,0,2,0
5,2.9965467367452314,4.002409126542999,RD5_F1_m5f1_P5_Y94_UO168,RD5_F1_m5f3_P5_Y92_UO125,RD1_F5_m1f5_P1_Y92_UO476,FXX,2,0.0,1,0,1.0,0,0,0,-9999.0,0.5101678241371328,1,P3_CV0,1,1,1,1,1
5,2.9965467367452314,4.002409126542999,RD5_F1_m5f3_P5_Y94_UO799,RD5_F1_m5f3_P5_Y92_UO484,RD3_F7_m3f2_P3_Y92_UO785,MXY,2,0.0,1,0,0.0,0,0,0,-9999.0,0.510167711445904,1,P3_CV0,1,1,1,1,1
5,2.9965467367452314,4.002409126542999,RD5_F1_m5f2_P5_Y94_UO471,RD5_F1_m5f3_P5_Y92_UO126,RD2_F6_m9f2_P9_Y92_UO757,MXY,2,0.0,1,0,0.0,0,0,0,-9999.0,0.5101678491753212,1,P3_CV0,1,1,1,0,2
5,2.9965467367452314,4.002409126542999,RD5_F1_m5f3_P5_Y94_UO542,RD5_F3_m7f3_P7_Y92_UO341,RD3_F7_m4f8_P4_Y92_UO507,MXY,2,0.0,1,0,0.0,0,0,0,-9999.0,0.5101676151842369,1,P3_CV0,1,1,1,0,2
5,2.9965467367452314,4.002409126542999,RD5_F1_m5f3_P5_Y94_UO118,RD5_F1_m5f3_P5_Y92_UO325,RD3_F7_m3f7_P3_Y92_UO615,FXX,2,0.0,1,0,1.0,0,0,0,-9999.0,0.5101677447381014,1,P3_CV0,1,1,1,1,1
5,2.9965467367452314,4.002409126542999,RD5_F3_m2f9_P2_Y94_UO275,RD2_F9_m6f9_P6_Y92_UO1,RD9_F6_m9f6_P9_Y92_UO152,MXY,2,0.0,1,0,0.0,0,0,0,-9999.0,0.5101678949064574,1,P3_CV0,1,2,0,1,1
5,2.9965467367452314,4.002409126542999,RD5_F1_m5f3_P5_Y94_UO116,RD5_F1_m5f3_P5_Y92_UO325,RD3_F7_m3f7_P3_Y92_UO615,MXY,2,0.0,1,0,0.0,0,0,0,-9999.0,0.5101677447381014,1,P3_CV0,1,2,0,1,1
5,2.9965467367452314,4.002409126542999,RD5_F1_m5f1_P5_Y94_UO520,RD5_F1_m5f3_P5_Y92_UO126,RD1_F5_m1f5_P1_Y92_UO540,MXY,2,0.0,1,0,0.0,0,0,0,-9999.0,0.5101678155697709,1,P3_CV0,1,1,1,1,1
5,2.9965467367452314,4.002409126542999,RD5_F2_m9f6_P9_Y94_UO419,RD9_F6_m3f2_P3_Y92_UO462,RD6_F9_m6f2_P6_Y92_UO674,FXX,2,0.0,1,0,1.0,0,0,0,-9999.0,0.5101677823661053,1,P3_CV0,1,2,0,0,2
5,2.9965467367452314,4.002409126542999,RD5_F3_m6f2_P6_Y94_UO739,RD6_F2_m5f2_P5_Y92_UO387,RD2_F6_m3f7_P3_Y92_UO736,MXY,2,0.0,1,0,0.0,0,0,0,-9999.0,0.5101678093908042,1,P3_CV0,1,1,1,1,1
5,2.9965467367452314,4.002409126542999,RD5_F1_m5f3_P5_Y94_UO377,RD5_F2_m9f6_P9_Y92_UO381,RD3_F7_m3f7_P3_Y92_UO615,FXX,2,0.0,1,0,1.0,0,0,0,-9999.0,0.510167825731914,1,P3_CV0,1,1,1,2,0
5,2.9965467367452314,4.002409126542999,RD5_F1_m5f2_P5_Y94_UO541,RD5_F3_m7f3_P7_Y92_UO341,RD2_F5_m3f2_P3_Y92_UO619,MXY,2,0.0,1,0,0.0,0,0,0,-9999.0,0.5101676900099559,1,P3_CV0,1,2,0,1,1
5,2.9965467367452314,4.002409126542999,RD5_F1_m5f2_P5_Y94_UO473,RD5_F1_m5f3_P5_Y92_UO126,RD2_F6_m9f2_P9_Y92_UO757,MXY,2,0.0,1,0,0.0,0,0,0,-9999.0,0.5101678491753212,1,P3_CV0,1,2,0,1,1
5,2.9965467367452314,4.002409126542999,RD5_F1_m5f2_P5_Y94_UO620,RD5_F1_m5f3_P5_Y92_UO37,RD2_F9_m6f3_P6_Y92_UO710,FXX,2,0.0,1,0,1.0,0,0,0,-9999.0,0.5101677394262882,1,P3_CV0,1,1,1,1,1
5,2.9965467367452314,4.002409126542999,RD5_F2_m9f6_P9_Y94_UO320,RD9_F6_m9f2_P9_Y92_UO178,RD6_F9_m6f2_P6_Y92_UO674,FXX,2,0.0,1,0,1.0,0,0,0,-9999.0,0.5101677330391148,1,P3_CV0,1,2,0,1,1
5,2.9965467367452314,4.002409126542999,RD5_F1_m5f1_P5_Y94_UO212,RD5_F3_m7f4_P7_Y92_UO600,RD1_F5_m1f5_P1_Y90_UO43,FXX,2,0.0,1,0,1.0,0,0,0,-9999.0,0.5101678945177355,1,P3_CV0,1,2,0,1,1
5,2.9965467367452314,4.002409126542999,RD5_F1_m5f3_P5_Y94_UO344,RD5_F1_m5f2_P5_Y92_UO435,RD3_F7_m3f2_P3_Y92_UO785,FXX,2,0.0,1,0,1.0,0,0,0,-9999.0,0.5101677848433646,1,P3_CV0,1,1,1,1,1
5,2.9965467367452314,4.002409126542999,RD5_F1_m5f1_P5_Y94_UO519,RD5_F1_m5f3_P5_Y92_UO126,RD1_F5_m1f5_P1_Y92_UO540,MXY,2,0.0,1,0,0.0,0,0,0,-9999.0,0.5101678155697709,1,P3_CV0,1,1,1,1,1
5,2.9965467367452314,4.002409126542999,RD5_F2_m9f2_P9_Y94_UO699,RD9_F6_m2f9_P2_Y92_UO453,RD2_F6_m9f6_P9_Y92_UO451,MXY,2,0.0,1,0,0.0,0,0,0,-9999.0,0.5101676654222018,1,P3_CV0,1,1,1,1,1
5,2.9965467367452314,4.002409126542999,RD5_F3_m7f3_P7_Y94_UO643,RD7_F4_m8f4_P8_Y92_UO574,RD3_F7_m4f8_P4_Y92_UO672,FXX,2,0.0,1,0,1.0,0,0,0,-9999.0,0.5101677213358986,1,P3_CV0,1,2,0,2,0
5,2.9965467367452314,4.002409126542999,RD5_F1_m5f3_P5_Y94_UO378,RD5_F2_m9f6_P9_Y92_UO381,RD3_F7_m3f7_P3_Y92_UO615,MXY,2,0.0,1,0,0.0,0,0,0,-9999.0,0.510167825731914,1,P3_CV0,1,1,1,2,0
5,2.9965467367452314,4.002409126542999,RD5_F2_m9f6_P9_Y94_UO490,RD9_F6_m9f6_P9_Y92_UO385,RD6_F2_m9f6_P9_Y92_UO151,MXY,2,0.0,1,0,0.0,0,0,0,-9999.0,0.5101676975512266,1,P3_CV0,1,2,0,2,0
5,2.9965467367452314,4.002409126542999,RD5_F2_m3f6_P3_Y94_UO560,RD3_F5_m3f2_P3_Y92_UO347,RD6_F2_m9f6_P9_Y92_UO557,FXX,2,0.0,1,0,1.0,0,0,0,-9999.0,0.5101677635033912,1,P3_CV0,1,2,0,0,2
5,2.9965467367452314,4.002409126542999,RD5_F3_m5f2_P5_Y94_UO458,RD5_F1_m5f2_P5_Y92_UO735,RD2_F9_m6f2_P6_Y92_UO675,FXX,2,0.0,1,0,1.0,0,0,0,-9999.0,0.5101677328782195,1,P3_CV0,1,2,0,0,2
5,2.9965467367452314,4.002409126542999,RD5_F2_m5f1_P5_Y94_UO431,RD5_F1_m5f1_P5_Y92_UO141,RD1_F5_m1f5_P1_Y92_UO424,FXX,2,0.0,1,0,1.0,0,0,0,-9999.0,0.5101677715253619,1,P3_CV0,1,1,1,2,0
5,2.9965467367452314,4.002409126542999,RD5_F1_m5f1_P5_Y94_UO442,RD5_F1_m5f2_P5_Y92_UO435,RD1_F5_m1f5_P1_Y92_UO286,MXY,2,0.0,1,0,0.0,0,0,0,-9999.0,0.5101677258540427,1,P3_CV0,1,2,0,0,2
5,2.9965467367452314,4.002409126542999,RD5_F2_m3f7_P3_Y94_UO748,RD3_F6_m9f6_P9_Y92_UO402,RD7_F4_m7f3_P7_Y92_UO60,MXY,2,0.0,1,0,0.0,0,0,0,-9999.0,0.510167820591878,1,P3_CV0,1,0,2,2,0
5,2.9965467367452314,4.002409126542999,RD5_F1_m5f1_P5_Y94_UO443,RD5_F1_m5f2_P5_Y92_UO435,RD1_F5_m1f5_P1_Y92_UO286,FXX,2,0.0,1,0,1.0,0,0,0,-9999.0,0.5101677258540427,1,P3_CV0,1,2,0,1,1
5,2.9965467367452314,4.002409126542999,RD5_F1_m5f3_P5_Y94_UO830,RD5_F1_m5f1_P5_Y92_UO141,RD3_F7_m4f8_P4_Y92_UO23,FXX,2,0.0,1,0,1.0,0,0,0,-9999.0,0.5101676787455567,1,P3_CV0,1,2,0,2,0
5,2.9965467367452314,4.002409126542999,RD5_F1_m5f2_P5_Y94_UO457,RD5_F1_m5f2_P5_Y92_UO735,RD2_F9_m6f2_P6_Y92_UO675,FXX,2,0.0,1,0,1.0,0,0,0,-9999.0,0.5101677328782195,1,P3_CV0,1,1,1,0,2
5,2.9965467367452314,4.002409126542999,RD5_F1_m5f3_P5_Y94_UO342,RD5_F1_m5f2_P5_Y92_UO435,RD3_F7_m3f2_P3_Y92_UO785,FXX,2,0.0,1,0,1.0,0,0,0,-9999.0,0.5101677848433646,1,P3_CV0,1,1,1,0,2
5,2.9965467367452314,4.002409126542999,RD5_F3_m2f9_P2_Y94_UO160,RD2_F6_m9f6_P9_Y92_UO102,RD9_F6_m9f2_P9_Y92_UO30,MXY,2,0.0,1,0,0.0,0,0,0,-9999.0,0.5101676505884729,1,P3_CV0,1,2,0,2,0
5,2.9965467367452314,4.002409126542999,RD5_F1_m5f2_P5_Y94_UO621,RD5_F1_m5f3_P5_Y92_UO37,RD2_F9_m6f3_P6_Y92_UO710,MXY,2,0.0,1,0,0.0,0,0,0,-9999.0,0.5101677394262882,1,P3_CV0,1,1,1,1,1
5,2.9965467367452314,4.002409126542999,RD5_F1_m5f2_P5_Y92_UO260,RD5_F1_m5f3_P5_Y90_UO323,RD2_F9_m6f3_P6_Y90_UO483,FXX,4,0.0,1,0,1.0,0,0,0,-9999.0,0.5101679295083059,1,P3_CV0,1,1,1,1,1
5,2.9965467367452314,4.002409126542999,RD5_F1_m9f6_P9_Y92_UO381,RD9_F6_m9f2_P9_Y90_UO232,RD6_F2_m6f9_P6_Y90_UO260,FXX,4,0.0,1,0,1.0,0,0,0,-9999.0,0.5101679249262041,1,P3_CV0,1,1,1,2,0
5,2.9965467367452314,4.002409126542999,RD5_F1_m6f9_P6_Y92_UO515,RD6_F9_m2f5_P2_Y90_UO715,RD9_F6_m9f6_P9_Y90_UO11,MXY,4,0.0,1,0,0.0,0,0,0,-9999.0,0.5101678811288757,1,P3_CV0,1,0,2,2,0
5,2.9965467367452314,4.002409126542999,RD5_F3_m7f3_P7_Y94_UO402,RD7_F4_m8f4_P8_Y92_UO622,RD3_F7_m3f7_P3_Y92_UO615,MXY,2,0.0,1,0,0.0,0,0,0,-9999.0,0.5101676969282884,1,P4_CV0,1,1,1,1,1
5,2.9965467367452314,4.002409126542999,RD5_F1_m5f1_P5_Y94_UO187,RD5_F1_m5f2_P5_Y92_UO220,RD1_F5_m1f5_P1_Y92_UO413,FXX,2,0.0,1,0,1.0,0,0,0,-9999.0,0.5101677027799596,1,P5_CV0,1,2,0,1,1
5,2.9965467367452314,4.002409126542999,RD5_F1_m5f3_P5_Y94_UO286,RD5_F1_m5f3_P5_Y92_UO162,RD3_F7_m4f7_P4_Y92_UO623,MXY,2,0.0,1,0,0.0,0,0,0,-9999.0,0.5101676560377459,1,P5_CV0,1,1,1,0,2
5,2.9965467367452314,4.002409126542999,RD5_F1_m5f2_P5_Y94_UO527,RD5_F1_m5f2_P5_Y92_UO464,RD2_F3_m7f3_P7_Y92_UO761,MXY,2,0.0,1,0,0.0,0,0,0,-9999.0,0.5101676934946653,1,P5_CV0,1,1,1,1,1
5,2.9965467367452314,4.002409126542999,RD5_F1_m5f1_P5_Y94_UO188,RD5_F1_m5f2_P5_Y92_UO220,RD1_F5_m1f5_P1_Y92_UO413,FXX,2,0.0,1,0,1.0,0,0,0,-9999.0,0.5101677027799596,1,P5_CV0,1,2,0,1,1
5,2.9965467367452314,4.002409126542999,RD5_F1_m5f3_P5_Y94_UO644,RD5_F1_m5f2_P5_Y92_UO378,RD3_F6_m9f6_P9_Y92_UO763,FXX,2,0.0,1,0,1.0,0,0,0,-9999.0,0.510167819924634,1,P5_CV0,1,0,2,1,1
5,2.9965467367452314,4.002409126542999,RD5_F1_m5f3_P5_Y94_UO288,RD5_F1_m5f3_P5_Y92_UO162,RD3_F7_m4f7_P4_Y92_UO623,FXX,2,0.0,1,0,1.0,0,0,0,-9999.0,0.5101676560377459,1,P5_CV0,1,1,1,0,2
5,2.9965467367452314,4.002409126542999,RD5_F2_m9f6_P9_Y94_UO405,RD9_F2_m5f3_P5_Y92_UO659,RD6_F3_m6f2_P6_Y92_UO230,FXX,2,0.0,1,0,1.0,0,0,0,-9999.0,0.510167701324459,1,P5_CV0,1,2,0,2,0
5,2.9965467367452314,4.002409126542999,RD5_F2_m9f6_P9_Y94_UO406,RD9_F2_m5f3_P5_Y92_UO659,RD6_F3_m6f2_P6_Y92_UO230,FXX,2,0.0,1,0,1.0,0,0,0,-9999.0,0.510167701324459,1,P5_CV0,1,2,0,2,0
5,2.9965467367452314,4.002409126542999,RD5_F1_m5f2_P5_Y94_UO526,RD5_F1_m5f2_P5_Y92_UO464,RD2_F3_m7f3_P7_Y92_UO761,FXX,2,0.0,1,0,1.0,0,0,0,-9999.0,0.5101676934946653,1,P5_CV0,1,1,1,1,1
5,2.9965467367452314,4.002409126542999,RD5_F3_m2f5_P2_Y94_UO350,RD2_F3_m7f4_P7_Y92_UO599,RD5_F2_m9f6_P9_Y92_UO762,FXX,2,0.0,1,0,1.0,0,0,0,-9999.0,0.5101677684987926,1,P5_CV0,1,1,1,1,1
5,2.9965467367452314,4.002409126542999,RD5_F3_m2f5_P2_Y94_UO438,RD2_F5_m3f5_P3_Y92_UO245,RD5_F1_m5f3_P5_Y92_UO161,MXY,2,0.0,1,0,0.0,0,0,0,-9999.0,0.5101677082750964,1,P5_CV0,1,2,0,1,1
5,2.9965467367452314,4.002409126542999,RD5_F2_m5f2_P5_Y94_UO703,RD5_F1_m5f3_P5_Y92_UO572,RD2_F5_m3f7_P3_Y92_UO737,MXY,2,0.0,1,0,0.0,0,0,0,-9999.0,0.5101677771080606,1,P8_CV0,1,1,1,1,1
5,2.9965467367452314,4.002409126542999,RD5_F1_m5f3_P5_Y94_UO645,RD5_F1_m5f2_P5_Y92_UO378,RD3_F6_m9f6_P9_Y92_UO763,MXY,2,0.0,1,0,0.0,0,0,0,-9999.0,0.510167819924634,1,P8_CV0,1,0,2,1,1
5,2.9965467367452314,4.002409126542999,RD5_F1_m5f1_P5_Y94_UO661,RD5_F1_m5f2_P5_Y92_UO435,RD1_F5_m1f5_P1_Y90_UO43,MXY,2,0.0,1,0,0.0,0,0,0,-9999.0,0.5101678363246833,1,P8_CV0,1,2,0,0,2
5,2.9965467367452314,4.002409126542999,RD5_F3_m7f3_P7_Y94_UO611,RD7_F3_m7f3_P7_Y92_UO45,RD3_F5_m3f7_P3_Y92_UO92,MXY,2,0.0,1,0,0.0,0,0,0,-9999.0,0.5101676974019469,1,P8_CV0,1,1,1,0,2
5,2.9965467367452314,4.002409126542999,RD5_F1_m5f1_P5_Y94_UO330,RD5_F1_m5f2_P5_Y92_UO378,RD1_F5_m1f5_P1_Y90_UO43,FXX,2,0.0,1,0,1.0,0,0,0,-9999.0,0.5101679459435768,1,P8_CV0,1,1,1,1,1
5,2.9965467367452314,4.002409126542999,RD5_F1_m5f3_P5_Y94_UO534,RD5_F1_m5f3_P5_Y92_UO573,RD3_F7_m4f7_P4_Y92_UO623,FXX,2,0.0,1,0,1.0,0,0,0,-9999.0,0.5101677278311598,1,P8_CV0,1,2,0,1,1
5,2.9965467367452314,4.002409126542999,RD5_F3_m6f3_P6_Y94_UO741,RD6_F9_m6f3_P6_Y92_UO339,RD3_F6_m3f5_P3_Y92_UO431,MXY,2,0.0,1,0,0.0,0,0,0,-9999.0,0.5101677462751546,1,P8_CV0,1,1,1,1,1
5,2.9965467367452314,4.002409126542999,RD5_F2_m9f2_P9_Y94_UO586,RD9_F2_m5f3_P5_Y92_UO659,RD2_F5_m1f5_P1_Y92_UO682,FXX,2,0.0,1,0,1.0,0,0,0,-9999.0,0.5101678169276447,1,P8_CV0,1,1,1,2,0
5,2.9965467367452314,4.002409126542999,RD5_F1_m5f2_P5_Y94_UO584,RD5_F1_m5f2_P5_Y92_UO735,RD2_F6_m9f6_P9_Y92_UO451,MXY,2,0.0,1,0,0.0,0,0,0,-9999.0,0.5101676888927837,1,P8_CV0,1,1,1,1,1
5,2.9965467367452314,4.002409126542999,RD5_F1_m5f1_P5_Y94_UO210,RD5_F3_m7f4_P7_Y92_UO600,RD1_F5_m1f5_P1_Y90_UO43,MXY,2,0.0,1,0,0.0,0,0,0,-9999.0,0.5101678945177355,1,P8_CV0,1,2,0,1,1
5,2.9965467367452314,4.002409126542999,RD5_F1_m5f1_P5_Y94_UO662,RD5_F1_m5f2_P5_Y92_UO435,RD1_F5_m1f5_P1_Y90_UO43,MXY,2,0.0,1,0,0.0,0,0,0,-9999.0,0.5101678363246833,1,P8_CV0,1,2,0,1,1
5,2.9965467367452314,4.002409126542999,RD5_F1_m5f3_P5_Y94_UO533,RD5_F1_m5f3_P5_Y92_UO573,RD3_F7_m4f7_P4_Y92_UO623,MXY,2,0.0,1,0,0.0,0,0,0,-9999.0,0.5101677278311598,1,P8_CV0,1,2,0,1,1
5,2.9965467367452314,4.002409126542999,RD5_F1_m5f1_P5_Y94_UO211,RD5_F3_m7f4_P7_Y92_UO600,RD1_F5_m1f5_P1_Y90_UO43,FXX,2,0.0,1,0,1.0,0,0,0,-9999.0,0.5101678945177355,1,P8_CV0,1,2,0,1,1
5,2.9965467367452314,4.002409126542999,RD5_F1_m5f1_P5_Y94_UO663,RD5_F1_m5f2_P5_Y92_UO435,RD1_F5_m1f5_P1_Y90_UO43,MXY,2,0.0,1,0,0.0,0,0,0,-9999.0,0.5101678363246833,1,P8_CV0,1,2,0,0,2
5,2.9965467367452314,4.002409126542999,RD5_F1_m5f2_P5_Y94_UO660,RD5_F3_m7f4_P7_Y92_UO692,RD2_F9_m6f9_P6_Y92_UO747,MXY,2,0.0,1,0,0.0,0,0,0,-9999.0,0.5101676334421494,1,P8_CV0,1,1,1,2,0
5,2.9965467367452314,4.002409126542999,RD5_F3_m7f4_P7_Y94_UO7,RD7_F3_m7f4_P7_Y92_UO662,RD4_F8_m4f7_P4_Y92_UO221,FXX,2,0.0,1,0,1.0,0,0,0,-9999.0,0.5101676951532728,1,P8_CV0,1,2,0,2,0
5,2.9965467367452314,4.002409126542999,RD5_F1_m5f2_P5_Y94_UO702,RD5_F1_m5f3_P5_Y92_UO572,RD2_F5_m3f7_P3_Y92_UO737,MXY,2,0.0,1,0,0.0,0,0,0,-9999.0,0.5101677771080606,1,P8_CV0,1,1,1,1,1
6,6.211338327692949,7.937131414155586,RD6_F2_m3f2_P3_Y94_UO252,RD3_F2_m9f6_P9_Y92_UO355,RD2_F6_m9f2_P9_Y92_UO757,FXX,2,0.0,1,0,1.0,0,0,0,-9999.0,0.5101678503058693,1,P3_CV0,1,1,1,2,0
6,6.211338327692949,7.937131414155586,RD6_F2_m3f7_P3_Y94_UO283,RD3_F2_m9f6_P9_Y92_UO528,RD7_F3_m7f4_P7_Y92_UO458,FXX,2,0.0,1,0,1.0,0,0,0,-9999.0,0.5101677005226666,1,P3_CV0,1,2,0,1,1
6,6.211338327692949,7.937131414155586,RD6_F2_m3f5_P3_Y94_UO328,RD3_F7_m4f8_P4_Y92_UO405,RD5_F2_m9f2_P9_Y92_UO372,FXX,2,0.0,1,0,1.0,0,0,0,-9999.0,0.510167781972692,1,P3_CV0,1,2,0,1,1
6,6.211338327692949,7.937131414155586,RD6_F2_m3f5_P3_Y94_UO551,RD3_F7_m3f2_P3_Y92_UO255,RD5_F2_m6f3_P6_Y92_UO781,MXY,2,0.0,1,0,0.0,0,0,0,-9999.0,0.5101677436861944,1,P3_CV0,1,2,0,1,1
6,6.211338327692949,7.937131414155586,RD6_F2_m3f5_P3_Y94_UO758,RD3_F7_m4f7_P4_Y92_UO640,RD5_F1_m5f2_P5_Y92_UO745,FXX,2,0.0,1,0,1.0,0,0,0,-9999.0,0.5101677815762464,1,P3_CV0,1,2,0,2,0
6,6.211338327692949,7.937131414155586,RD6_F2_m5f3_P5_Y94_UO829,RD5_F1_m5f1_P5_Y92_UO141,RD3_F7_m4f8_P4_Y92_UO23,FXX,2,0.0,1,0,1.0,0,0,0,-9999.0,0.5101676787455567,1,P3_CV0,1,2,0,2,0
6,6.211338327692949,7.937131414155586,RD6_F2_m6f9_P6_Y94_UO382,RD6_F2_m6f2_P6_Y92_UO657,RD9_F2_m6f9_P6_Y92_UO119,FXX,2,0.0,1,0,1.0,0,0,0,-9999.0,0.5101677486206473,1,P3_CV0,1,1,1,0,2
6,6.211338327692949,7.937131414155586,RD6_F2_m6f9_P6_Y94_UO719,RD6_F9_m6f3_P6_Y92_UO780,RD9_F6_m2f6_P2_Y92_UO38,FXX,2,0.0,1,0,1.0,0,0,0,-9999.0,0.5101677338215627,1,P3_CV0,1,1,1,0,2
6,6.211338327692949,7.937131414155586,RD6_F2_m6f2_P6_Y94_UO740,RD6_F2_m5f2_P5_Y92_UO387,RD2_F6_m3f7_P3_Y92_UO736,MXY,2,0.0,1,0,0.0,0,0,0,-9999.0,0.5101678093908042,1,P3_CV0,1,1,1,2,0
6,6.211338327692949,7.937131414155586,RD6_F2_m9f2_P9_Y94_UO481,RD9_F2_m9f6_P9_Y92_UO386,RD2_F5_m1f5_P1_Y92_UO682,MXY,2,0.0,1,0,0.0,0,0,0,-9999.0,0.510167823145073,1,P3_CV0,1,1,1,1,1
6,6.211338327692949,7.937131414155586,RD6_F2_m9f6_P9_Y94_UO536,RD9_F6_m3f2_P3_Y92_UO462,RD6_F2_m9f2_P9_Y92_UO597,MXY,2,0.0,1,0,0.0,0,0,0,-9999.0,0.5101678367561551,1,P3_CV0,1,2,0,2,0
6,6.211338327692949,7.937131414155586,RD6_F2_m9f2_P9_Y94_UO585,RD9_F2_m5f3_P5_Y92_UO659,RD2_F5_m1f5_P1_Y92_UO682,FXX,2,0.0,1,0,1.0,0,0,0,-9999.0,0.5101678169276447,1,P3_CV0,1,2,0,1,1
6,6.211338327692949,7.937131414155586,RD6_F2_m9f6_P9_Y94_UO651,RD9_F6_m9f6_P9_Y92_UO101,RD6_F9_m2f9_P2_Y92_UO452,MXY,2,0.0,1,0,0.0,0,0,0,-9999.0,0.5101677150883539,1,P3_CV0,1,1,1,2,0
6,6.211338327692949,7.937131414155586,RD6_F2_m9f2_P9_Y94_UO701,RD9_F6_m2f9_P2_Y92_UO453,RD2_F6_m9f6_P9_Y92_UO451,MXY,2,0.0,1,0,0.0,0,0,0,-9999.0,0.5101676654222018,1,P3_CV0,1,1,1,2,0
6,6.211338327692949,7.937131414155586,RD6_F2_m9f2_P9_Y94_UO774,RD9_F2_m9f2_P9_Y92_UO767,RD2_F9_m6f9_P6_Y90_UO332,MXY,2,0.0,1,0,0.0,0,0,0,-9999.0,0.5101679120921823,1,P3_CV0,1,1,1,2,0
6,6.211338327692949,7.937131414155586,RD6_F2_m9f2_P9_Y94_UO775,RD9_F2_m9f2_P9_Y92_UO767,RD2_F9_m6f9_P6_Y90_UO332,FXX,2,0.0,1,0,1.0,0,0,0,-9999.0,0.5101679120921823,1,P3_CV0,1,2,0,2,0
6,6.211338327692949,7.937131414155586,RD6_F2_m9f2_P9_Y94_UO794,RD9_F2_m3f6_P3_Y92_UO552,RD2_F5_m1f5_P1_Y92_UO682,FXX,2,0.0,1,0,1.0,0,0,0,-9999.0,0.5101678799077707,1,P3_CV0,1,0,2,0,2
6,6.211338327692949,7.937131414155586,RD6_F3_m2f6_P2_Y94_UO298,RD2_F3_m2f5_P2_Y92_UO706,RD6_F9_m2f3_P2_Y90_UO733,FXX,2,0.0,1,0,1.0,0,0,0,-9999.0,0.510167769033723,1,P3_CV0,1,1,1,2,0
6,6.211338327692949,7.937131414155586,RD6_F3_m2f9_P2_Y94_UO738,RD2_F9_m2f6_P2_Y92_UO264,RD9_F6_m9f2_P9_Y92_UO756,MXY,2,0.0,1,0,0.0,0,0,0,-9999.0,0.5101678691661551,1,P3_CV0,1,1,1,1,1
6,6.211338327692949,7.937131414155586,RD6_F3_m5f3_P5_Y94_UO544,RD5_F3_m7f3_P7_Y92_UO341,RD3_F7_m4f8_P4_Y92_UO507,FXX,2,0.0,1,0,1.0,0,0,0,-9999.0,0.5101676151842369,1,P3_CV0,1,2,0,1,1
6,6.211338327692949,7.937131414155586,RD6_F3_m5f2_P5_Y94_UO622,RD5_F1_m5f3_P5_Y92_UO37,RD2_F9_m6f3_P6_Y92_UO710,MXY,2,0.0,1,0,0.0,0,0,0,-9999.0,0.5101677394262882,1,P3_CV0,1,1,1,1,1
6,6.211338327692949,7.937131414155586,RD6_F3_m6f2_P6_Y94_UO32,RD6_F9_m2f9_P2_Y92_UO52,RD2_F9_m6f9_P6_Y90_UO332,FXX,2,0.0,1,0,1.0,0,0,0,-9999.0,0.5101679124392433,1,P3_CV0,1,1,1,1,1
6,6.211338327692949,7.937131414155586,RD6_F3_m6f2_P6_Y94_UO366,RD6_F9_m6f3_P6_Y92_UO339,RD2_F6_m9f2_P9_Y92_UO757,MXY,2,0.0,1,0,0.0,0,0,0,-9999.0,0.5101678602588997,1,P3_CV0,1,1,1,1,1
6,6.211338327692949,7.937131414155586,RD6_F3_m6f3_P6_Y94_UO387,RD6_F9_m6f2_P6_Y92_UO656,RD3_F6_m3f7_P3_Y92_UO549,MXY,2,0.0,1,0,0.0,0,0,0,-9999.0,0.5101677860536658,1,P3_CV0,1,0,2,1,1
6,6.211338327692949,7.937131414155586,RD6_F3_m6f2_P6_Y94_UO388,RD6_F9_m2f3_P2_Y92_UO743,RD2_F6_m9f2_P9_Y92_UO757,FXX,2,0.0,1,0,1.0,0,0,0,-9999.0,0.5101677485713623,1,P3_CV0,1,0,2,2,0
6,6.211338327692949,7.937131414155586,RD6_F3_m6f2_P6_Y94_UO515,RD6_F9_m6f2_P6_Y92_UO344,RD2_F5_m1f5_P1_Y92_UO683,FXX,2,0.0,1,0,1.0,0,0,0,-9999.0,0.5101678379843513,1,P3_CV0,1,2,0,1,1
6,6.211338327692949,7.937131414155586,RD6_F3_m7f4_P7_Y94_UO175,RD7_F4_m8f4_P8_Y92_UO583,RD4_F8_m4f7_P4_Y92_UO351,FXX,2,0.0,1,0,1.0,0,0,0,-9999.0,0.510167752023575,1,P3_CV0,1,2,0,2,0
6,6.211338327692949,7.937131414155586,RD6_F3_m7f4_P7_Y94_UO499,RD7_F4_m7f3_P7_Y92_UO309,RD4_F8_m4f8_P4_Y92_UO586,MXY,2,0.0,1,0,0.0,0,0,0,-9999.0,0.5101677302369758,1,P3_CV0,1,0,2,1,1
6,6.211338327692949,7.937131414155586,RD6_F3_m7f3_P7_Y94_UO815,RD7_F4_m8f4_P8_Y92_UO809,RD3_F2_m5f3_P5_Y92_UO483,MXY,2,0.0,1,0,0.0,0,0,0,-9999.0,0.510167690096127,1,P3_CV0,1,1,1,1,1
6,6.211338327692949,7.937131414155586,RD6_F9_m2f5_P2_Y94_UO34,RD2_F6_m2f5_P2_Y92_UO362,RD5_F1_m5f3_P5_Y92_UO649,MXY,2,0.0,1,0,0.0,0,0,0,-9999.0,0.5101677616751594,1,P3_CV0,1,2,0,2,0
6,6.211338327692949,7.937131414155586,RD6_F9_m2f5_P2_Y94_UO35,RD2_F6_m2f5_P2_Y92_UO362,RD5_F1_m5f3_P5_Y92_UO649,FXX,2,0.0,1,0,1.0,0,0,0,-9999.0,0.5101677616751594,1,P3_CV0,1,2,0,2,0
6,6.211338327692949,7.937131414155586,RD6_F9_m2f3_P2_Y94_UO39,RD2_F6_m9f6_P9_Y92_UO102,RD3_F7_m4f8_P4_Y92_UO235,FXX,2,0.0,1,0,1.0,0,0,0,-9999.0,0.5101677232305857,1,P3_CV0,1,2,0,2,0
6,6.211338327692949,7.937131414155586,RD6_F9_m2f9_P2_Y94_UO42,RD2_F3_m6f9_P6_Y92_UO399,RD9_F2_m9f2_P9_Y92_UO443,MXY,2,0.0,1,0,0.0,0,0,0,-9999.0,0.5101677574504198,1,P3_CV0,1,1,1,2,0
6,6.211338327692949,7.937131414155586,RD6_F9_m2f6_P2_Y94_UO72,RD2_F9_m2f6_P2_Y92_UO225,RD6_F9_m2f3_P2_Y90_UO733,FXX,2,0.0,1,0,1.0,0,0,0,-9999.0,0.510167756738225,1,P3_CV0,1,2,0,2,0
6,6.211338327692949,7.937131414155586,RD6_F9_m2f3_P2_Y94_UO78,RD2_F9_m2f9_P2_Y92_UO189,RD3_F7_m4f7_P4_Y92_UO236,FXX,2,0.0,1,0,1.0,0,0,0,-9999.0,0.5101678515260275,1,P3_CV0,1,1,1,2,0
6,6.211338327692949,7.937131414155586,RD6_F9_m2f9_P2_Y94_UO236,RD2_F9_m6f9_P6_Y92_UO0,RD9_F2_m6f9_P6_Y92_UO514,FXX,2,0.0,1,0,1.0,0,0,0,-9999.0,0.5101678730077932,1,P3_CV0,1,2,0,1,1
6,6.211338327692949,7.937131414155586,RD6_F9_m2f9_P2_Y94_UO238,RD2_F9_m6f9_P6_Y92_UO0,RD9_F2_m6f9_P6_Y92_UO514,FXX,2,0.0,1,0,1.0,0,0,0,-9999.0,0.5101678730077932,1,P3_CV0,1,1,1,2,0
6,6.211338327692949,7.937131414155586,RD6_F9_m2f9_P2_Y94_UO273,RD2_F9_m6f9_P6_Y92_UO1,RD9_F6_m9f6_P9_Y92_UO152,MXY,2,0.0,1,0,0.0,0,0,0,-9999.0,0.5101678949064574,1,P3_CV0,1,2,0,1,1
6,6.211338327692949,7.937131414155586,RD6_F9_m2f5_P2_Y94_UO349,RD2_F3_m7f4_P7_Y92_UO599,RD5_F2_m9f6_P9_Y92_UO762,MXY,2,0.0,1,0,0.0,0,0,0,-9999.0,0.5101677684987926,1,P3_CV0,1,1,1,2,0
6,6.211338327692949,7.937131414155586,RD6_F9_m2f6_P2_Y94_UO361,RD2_F9_m2f6_P2_Y92_UO307,RD6_F3_m6f2_P6_Y92_UO230,MXY,2,0.0,1,0,0.0,0,0,0,-9999.0,0.5101677062359773,1,P3_CV0,1,2,0,1,1
6,6.211338327692949,7.937131414155586,RD6_F9_m2f6_P2_Y94_UO728,RD2_F5_m3f5_P3_Y92_UO70,RD6_F9_m6f9_P6_Y92_UO771,MXY,2,0.0,1,0,0.0,0,0,0,-9999.0,0.5101677527325563,1,P3_CV0,1,0,2,2,0
6,6.211338327692949,7.937131414155586,RD6_F9_m2f9_P2_Y94_UO796,RD2_F9_m2f6_P2_Y92_UO307,RD9_F6_m2f6_P2_Y92_UO38,FXX,2,0.0,1,0,1.0,0,0,0,-9999.0,0.5101677257952613,1,P3_CV0,1,1,1,1,1
6,6.211338327692949,7.937131414155586,RD6_F9_m6f3_P6_Y94_UO5,RD6_F9_m2f6_P2_Y92_UO306,RD3_F6_m3f5_P3_Y92_UO431,FXX,2,0.0,1,0,1.0,0,0,0,-9999.0,0.5101677141635292,1,P3_CV0,1,1,1,2,0
6,6.211338327692949,7.937131414155586,RD6_F9_m6f9_P6_Y94_UO14,RD6_F9_m6f2_P6_Y92_UO200,RD9_F6_m9f6_P9_Y92_UO380,FXX,2,0.0,1,0,1.0,0,0,0,-9999.0,0.5101678707864661,1,P3_CV0,1,1,1,1,1
6,6.211338327692949,7.937131414155586,RD6_F9_m6f9_P6_Y94_UO58,RD6_F2_m6f3_P6_Y92_UO708,RD9_F6_m9f2_P9_Y92_UO723,FXX,2,0.0,1,0,1.0,0,0,0,-9999.0,0.5101677579288886,1,P3_CV0,1,2,0,2,0
6,6.211338327692949,7.937131414155586,RD6_F9_m6f9_P6_Y94_UO86,RD6_F2_m9f6_P9_Y92_UO379,RD9_F6_m9f2_P9_Y92_UO756,MXY,2,0.0,1,0,0.0,0,0,0,-9999.0,0.5101679317134042,1,P3_CV0,1,1,1,0,2
6,6.211338327692949,7.937131414155586,RD6_F9_m6f3_P6_Y94_UO93,RD6_F9_m2f3_P2_Y92_UO743,RD3_F2_m3f6_P3_Y92_UO766,MXY,2,0.0,1,0,0.0,0,0,0,-9999.0,0.5101676109750706,1,P3_CV0,1,2,0,1,1
6,6.211338327692949,7.937131414155586,RD6_F9_m6f9_P6_Y94_UO125,RD6_F9_m2f3_P2_Y92_UO743,RD9_F6_m9f6_P9_Y92_UO380,FXX,2,0.0,1,0,1.0,0,0,0,-9999.0,0.5101677417841621,1,P3_CV0,1,0,2,1,1
6,6.211338327692949,7.937131414155586,RD6_F9_m6f9_P6_Y94_UO233,RD6_F3_m6f9_P6_Y92_UO718,RD9_F2_m6f9_P6_Y92_UO514,FXX,2,0.0,1,0,1.0,0,0,0,-9999.0,0.5101677506833013,1,P3_CV0,1,2,0,1,1
6,6.211338327692949,7.937131414155586,RD6_F9_m6f2_P6_Y94_UO242,RD6_F9_m2f3_P2_Y92_UO313,RD2_F9_m6f2_P6_Y92_UO345,FXX,2,0.0,1,0,1.0,0,0,0,-9999.0,0.5101676954812433,1,P3_CV0,1,2,0,1,1
6,6.211338327692949,7.937131414155586,RD6_F9_m6f2_P6_Y94_UO514,RD6_F9_m6f2_P6_Y92_UO344,RD2_F5_m1f5_P1_Y92_UO683,FXX,2,0.0,1,0,1.0,0,0,0,-9999.0,0.5101678379843513,1,P3_CV0,1,2,0,1,1
6,6.211338327692949,7.937131414155586,RD6_F9_m6f2_P6_Y94_UO522,RD6_F2_m5f3_P5_Y92_UO190,RD2_F3_m2f5_P2_Y92_UO521,MXY,2,0.0,1,0,0.0,0,0,0,-9999.0,0.5101678075089513,1,P3_CV0,1,2,0,2,0
6,6.211338327692949,7.937131414155586,RD6_F9_m6f3_P6_Y94_UO567,RD6_F2_m5f2_P5_Y92_UO387,RD3_F5_m3f7_P3_Y92_UO505,FXX,2,0.0,1,0,1.0,0,0,0,-9999.0,0.510167862801131,1,P3_CV0,1,1,1,2,0
6,6.211338327692949,7.937131414155586,RD6_F9_m6f3_P6_Y94_UO568,RD6_F2_m5f2_P5_Y92_UO387,RD3_F5_m3f7_P3_Y92_UO505,FXX,2,0.0,1,0,1.0,0,0,0,-9999.0,0.510167862801131,1,P3_CV0,1,2,0,2,0
6,6.211338327692949,7.937131414155586,RD6_F9_m6f9_P6_Y94_UO590,RD6_F9_m2f3_P2_Y92_UO313,RD9_F2_m6f9_P6_Y92_UO119,FXX,2,0.0,1,0,1.0,0,0,0,-9999.0,0.5101676657867351,1,P3_CV0,1,1,1,1,1
6,6.211338327692949,7.937131414155586,RD6_F9_m6f3_P6_Y94_UO605,RD6_F3_m6f3_P6_Y92_UO301,RD3_F6_m9f6_P9_Y92_UO28,MXY,2,0.0,1,0,0.0,0,0,0,-9999.0,0.5101677215285285,1,P3_CV0,1,2,0,2,0
6,6.211338327692949,7.937131414155586,RD6_F9_m6f3_P6_Y94_UO609,RD6_F9_m6f3_P6_Y92_UO689,RD3_F7_m4f7_P4_Y92_UO180,FXX,2,0.0,1,0,1.0,0,0,0,-9999.0,0.5101677230584141,1,P3_CV0,1,2,0,1,1
6,6.211338327692949,7.937131414155586,RD6_F3_m8f4_P8_Y92_UO583,RD8_F4_m8f4_P8_Y90_UO143,RD4_F8_m4f8_P4_Y90_UO257,FXX,4,0.0,1,0,1.0,0,0,0,-9999.0,0.5101676672408253,1,P3_CV0,1,2,0,2,0
6,6.211338327692949,7.937131414155586,RD6_F3_m6f2_P6_Y94_UO33,RD6_F9_m2f9_P2_Y92_UO52,RD2_F9_m6f9_P6_Y90_UO332,MXY,2,0.0,1,0,0.0,0,0,0,-9999.0,0.5101679124392433,1,P4_CV0,1,0,2,1,1
6,6.211338327692949,7.937131414155586,RD6_F9_m6f2_P6_Y94_UO598,RD6_F9_m2f5_P2_Y92_UO192,RD2_F9_m2f6_P2_Y92_UO265,MXY,2,0.0,1,0,0.0,0,0,0,-9999.0,0.5101677297313447,1,P4_CV0,1,1,1,1,1
6,6.211338327692949,7.937131414155586,RD6_F2_m6f9_P6_Y94_UO63,RD6_F9_m6f3_P6_Y92_UO689,RD9_F6_m3f6_P3_Y92_UO327,MXY,2,0.0,1,0,0.0,0,0,0,-9999.0,0.5101676127293775,1,P5_CV0,1,1,1,1,1
6,6.211338327692949,7.937131414155586,RD6_F3_m7f3_P7_Y94_UO74,RD7_F3_m7f3_P7_Y92_UO61,RD3_F2_m6f9_P6_Y92_UO605,MXY,2,0.0,1,0,0.0,0,0,0,-9999.0,0.5101677146807315,1,P5_CV0,1,0,2,1,1
6,6.211338327692949,7.937131414155586,RD6_F9_m2f5_P2_Y94_UO198,RD2_F9_m6f2_P6_Y92_UO232,RD5_F1_m5f2_P5_Y92_UO40,MXY,2,0.0,1,0,0.0,0,0,0,-9999.0,0.510167719975529,1,P5_CV0,1,2,0,2,0
6,6.211338327692949,7.937131414155586,RD6_F9_m2f5_P2_Y94_UO348,RD2_F3_m7f4_P7_Y92_UO599,RD5_F2_m9f6_P9_Y92_UO762,FXX,2,0.0,1,0,1.0,0,0,0,-9999.0,0.5101677684987926,1,P5_CV0,1,0,2,2,0
6,6.211338327692949,7.937131414155586,RD6_F9_m6f3_P6_Y94_UO133,RD6_F3_m7f4_P7_Y92_UO512,RD3_F7_m4f8_P4_Y92_UO235,FXX,2,0.0,1,0,1.0,0,0,0,-9999.0,0.5101678162558674,1,P5_CV0,1,2,0,2,0
6,6.211338327692949,7.937131414155586,RD6_F9_m6f3_P6_Y94_UO332,RD6_F3_m7f4_P7_Y92_UO74,RD3_F6_m3f7_P3_Y92_UO422,MXY,2,0.0,1,0,0.0,0,0,0,-9999.0,0.5101677867001655,1,P5_CV0,1,2,0,2,0
6,6.211338327692949,7.937131414155586,RD6_F2_m9f2_P9_Y94_UO255,RD9_F2_m3f6_P3_Y92_UO552,RD2_F3_m6f3_P6_Y92_UO88,FXX,2,0.0,1,0,1.0,0,0,0,-9999.0,0.5101677890422032,1,P8_CV0,1,1,1,1,1
6,6.211338327692949,7.937131414155586,RD6_F3_m2f5_P2_Y94_UO467,RD2_F6_m9f6_P9_Y92_UO102,RD5_F1_m5f2_P5_Y92_UO352,FXX,2,0.0,1,0,1.0,0,0,0,-9999.0,0.5101676856338475,1,P8_CV0,1,2,0,1,1
6,6.211338327692949,7.937131414155586,RD6_F3_m2f9_P2_Y94_UO578,RD2_F9_m2f6_P2_Y92_UO307,RD9_F6_m9f2_P9_Y92_UO30,FXX,2,0.0,1,0,1.0,0,0,0,-9999.0,0.5101676834219351,1,P8_CV0,1,2,0,1,1
6,6.211338327692949,7.937131414155586,RD6_F3_m5f1_P5_Y94_UO331,RD5_F1_m5f2_P5_Y92_UO378,RD1_F5_m1f5_P1_Y90_UO43,FXX,2,0.0,1,0,1.0,0,0,0,-9999.0,0.5101679459435768,1,P8_CV0,1,1,1,1,1
6,6.211338327692949,7.937131414155586,RD6_F3_m6f9_P6_Y94_UO355,RD6_F3_m5f3_P5_Y92_UO774,RD9_F6_m3f5_P3_Y92_UO33,FXX,2,0.0,1,0,1.0,0,0,0,-9999.0,0.5101678132091827,1,P8_CV0,1,1,1,1,1
6,6.211338327692949,7.937131414155586,RD6_F3_m6f2_P6_Y94_UO720,RD6_F3_m6f9_P6_Y92_UO718,RD2_F9_m6f9_P6_Y92_UO747,FXX,2,0.0,1,0,1.0,0,0,0,-9999.0,0.5101675905759819,1,P8_CV0,1,1,1,0,2
6,6.211338327692949,7.937131414155586,RD6_F3_m7f4_P7_Y94_UO628,RD7_F3_m7f3_P7_Y92_UO45,RD4_F8_m4f8_P4_Y90_UO469,FXX,2,0.0,1,0,1.0,0,0,0,-9999.0,0.5101676879250423,1,P8_CV0,1,1,1,1,1
6,6.211338327692949,7.937131414155586,RD6_F9_m2f5_P2_Y94_UO323,RD2_F9_m6f9_P6_Y92_UO719,RD5_F2_m5f1_P5_Y92_UO793,FXX,2,0.0,1,0,1.0,0,0,0,-9999.0,0.510167676814957,1,P8_CV0,1,1,1,1,1
6,6.211338327692949,7.937131414155586,RD6_F9_m2f9_P2_Y94_UO577,RD2_F9_m2f6_P2_Y92_UO307,RD9_F6_m9f2_P9_Y92_UO30,FXX,2,0.0,1,0,1.0,0,0,0,-9999.0,0.5101676834219351,1,P8_CV0,1,2,0,1,1
6,6.211338327692949,7.937131414155586,RD6_F9_m2f6_P2_Y94_UO707,RD2_F9_m2f6_P2_Y92_UO307,RD6_F9_m2f5_P2_Y92_UO707,MXY,2,0.0,1,0,0.0,0,0,0,-9999.0,0.5101676973284341,1,P8_CV0,1,2,0,1,1
6,6.211338327692949,7.937131414155586,RD6_F9_m2f6_P2_Y94_UO826,RD2_F5_m1f5_P1_Y92_UO419,RD6_F9_m6f9_P6_Y92_UO771,MXY,2,0.0,1,0,0.0,0,0,0,-9999.0,0.5101677938738387,1,P8_CV0,1,2,0,2,0
6,6.211338327692949,7.937131414155586,RD6_F9_m6f3_P6_Y94_UO244,RD6_F3_m5f3_P5_Y92_UO774,RD3_F2_m9f6_P9_Y92_UO450,FXX,2,0.0,1,0,1.0,0,0,0,-9999.0,0.5101676534990265,1,P8_CV0,1,1,1,1,1
6,6.211338327692949,7.937131414155586,RD6_F9_m6f9_P6_Y94_UO301,RD6_F9_m2f9_P2_Y92_UO631,RD9_F6_m9f2_P9_Y92_UO292,FXX,2,0.0,1,0,1.0,0,0,0,-9999.0,0.5101676591400022,1,P8_CV0,1,0,2,1,1
6,6.211338327692949,7.937131414155586,RD6_F9_m6f9_P6_Y94_UO448,RD6_F2_m3f5_P3_Y92_UO246,RD9_F6_m9f2_P9_Y92_UO756,MXY,2,0.0,1,0,0.0,0,0,0,-9999.0,0.5101678745379861,1,P8_CV0,1,2,0,1,1
6,6.211338327692949,7.937131414155586,RD6_F9_m6f2_P6_Y94_UO587,RD6_F2_m9f6_P9_Y92_UO379,RD2_F9_m6f9_P6_Y92_UO747,MXY,2,0.0,1,0,0.0,0,0,0,-9999.0,0.5101677429202205,1,P8_CV0,1,2,0,0,2
6,6.211338327692949,7.937131414155586,RD6_F9_m6f3_P6_Y94_UO614,RD6_F9_m2f3_P2_Y92_UO414,RD3_F6_m3f5_P3_Y92_UO431,MXY,2,0.0,1,0,0.0,0,0,0,-9999.0,0.5101676907695225,1,P8_CV0,1,2,0,1,1
6,6.211338327692949,7.937131414155586,RD6_F9_m6f3_P6_Y94_UO650,RD6_F2_m3f5_P3_Y92_UO246,RD3_F6_m3f5_P3_Y92_UO431,MXY,2,0.0,1,0,0.0,0,0,0,-9999.0,0.510167760554241,1,P8_CV0,1,1,1,1,1
7,1.3457994534493356,7.703671818986196,RD7_F3_m2f3_P2_Y94_UO76,RD2_F9_m2f9_P2_Y92_UO189,RD3_F7_m4f7_P4_Y92_UO236,MXY,2,0.0,1,0,0.0,0,0,0,-9999.0,0.5101678515260275,1,P3_CV0,1,1,1,2,0
7,1.3457994534493356,7.703671818986196,RD7_F3_m2f9_P2_Y94_UO806,RD2_F6_m9f2_P9_Y92_UO485,RD9_F2_m9f6_P9_Y92_UO494,MXY,2,0.0,1,0,0.0,0,0,0,-9999.0,0.510167775273743,1,P3_CV0,1,2,0,1,1
7,1.3457994534493356,7.703671818986196,RD7_F3_m5f1_P5_Y94_UO166,RD5_F1_m5f3_P5_Y92_UO125,RD1_F5_m1f5_P1_Y92_UO476,FXX,2,0.0,1,0,1.0,0,0,0,-9999.0,0.5101678241371328,1,P3_CV0,1,2,0,1,1
7,1.3457994534493356,7.703671818986196,RD7_F3_m5f1_P5_Y94_UO441,RD5_F1_m5f2_P5_Y92_UO435,RD1_F5_m1f5_P1_Y92_UO286,FXX,2,0.0,1,0,1.0,0,0,0,-9999.0,0.5101677258540427,1,P3_CV0,1,2,0,1,1
7,1.3457994534493356,7.703671818986196,RD7_F3_m5f2_P5_Y94_UO540,RD5_F3_m7f3_P7_Y92_UO341,RD2_F5_m3f2_P3_Y92_UO619,MXY,2,0.0,1,0,0.0,0,0,0,-9999.0,0.5101676900099559,1,P3_CV0,1,2,0,1,1
7,1.3457994534493356,7.703671818986196,RD7_F3_m6f9_P6_Y94_UO630,RD6_F9_m2f9_P2_Y92_UO52,RD9_F2_m9f6_P9_Y92_UO556,MXY,2,0.0,1,0,0.0,0,0,0,-9999.0,0.5101678024267162,1,P3_CV0,1,1,1,2,0
7,1.3457994534493356,7.703671818986196,RD7_F3_m6f3_P6_Y94_UO658,RD6_F2_m9f6_P9_Y92_UO403,RD3_F5_m1f5_P1_Y92_UO579,FXX,2,0.0,1,0,1.0,0,0,0,-9999.0,0.5101678887019023,1,P3_CV0,1,1,1,1,1
7,1.3457994534493356,7.703671818986196,RD7_F3_m6f2_P6_Y94_UO705,RD6_F2_m9f6_P9_Y92_UO379,RD2_F6_m3f7_P3_Y92_UO736,FXX,2,0.0,1,0,1.0,0,0,0,-9999.0,0.5101678647903363,1,P3_CV0,1,1,1,0,2
7,1.3457994534493356,7.703671818986196,RD7_F3_m6f9_P6_Y94_UO716,RD6_F9_m2f3_P2_Y92_UO743,RD9_F2_m5f1_P5_Y92_UO144,FXX,2,0.0,1,0,1.0,0,0,0,-9999.0,0.5101676030631417,1,P3_CV0,1,0,2,2,0
7,1.3457994534493356,7.703671818986196,RD7_F3_m6f3_P6_Y94_UO750,RD6_F2_m9f2_P9_Y92_UO54,RD3_F7_m4f7_P4_Y92_UO236,FXX,2,0.0,1,0,1.0,0,0,0,-9999.0,0.5101678383980843,1,P3_CV0,1,0,2,2,0
7,1.3457994534493356,7.703671818986196,RD7_F3_m7f4_P7_Y94_UO177,RD7_F4_m8f4_P8_Y92_UO583,RD4_F8_m4f7_P4_Y92_UO351,FXX,2,0.0,1,0,1.0,0,0,0,-9999.0,0.510167752023575,1,P3_CV0,1,2,0,2,0
7,1.3457994534493356,7.703671818986196,RD7_F3_m7f3_P7_Y94_UO372,RD7_F4_m8f4_P8_Y92_UO574,RD3_F2_m5f3_P5_Y92_UO7,MXY,2,0.0,1,0,0.0,0,0,0,-9999.0,0.5101677580819128,1,P3_CV0,1,2,0,2,0
7,1.3457994534493356,7.703671818986196,RD7_F3_m7f4_P7_Y94_UO408,RD7_F4_m8f4_P8_Y92_UO97,RD4_F8_m4f8_P4_Y92_UO537,MXY,2,0.0,1,0,0.0,0,0,0,-9999.0,0.5101676879919115,1,P3_CV0,1,2,0,0,2
7,1.3457994534493356,7.703671818986196,RD7_F3_m7f4_P7_Y94_UO557,RD7_F3_m7f4_P7_Y92_UO165,RD4_F8_m4f7_P4_Y92_UO437,MXY,2,0.0,1,0,0.0,0,0,0,-9999.0,0.5101676691700057,1,P3_CV0,1,2,0,1,1
7,1.3457994534493356,7.703671818986196,RD7_F3_m7f4_P7_Y94_UO576,RD7_F3_m7f3_P7_Y92_UO470,RD4_F8_m4f8_P4_Y92_UO750,MXY,2,0.0,1,0,0.0,0,0,0,-9999.0,0.5101677295032534,1,P3_CV0,1,0,2,1,1
7,1.3457994534493356,7.703671818986196,RD7_F3_m7f3_P7_Y94_UO640,RD7_F4_m8f4_P8_Y92_UO574,RD3_F7_m4f8_P4_Y92_UO672,MXY,2,0.0,1,0,0.0,0,0,0,-9999.0,0.5101677213358986,1,P3_CV0,1,2,0,1,1
7,1.3457994534493356,7.703671818986196,RD7_F3_m7f3_P7_Y94_UO641,RD7_F4_m8f4_P8_Y92_UO574,RD3_F7_m4f8_P4_Y92_UO672,FXX,2,0.0,1,0,1.0,0,0,0,-9999.0,0.5101677213358986,1,P3_CV0,1,2,0,2,0
7,1.3457994534493356,7.703671818986196,RD7_F4_m8f4_P8_Y94_UO306,RD8_F4_m8f4_P8_Y92_UO497,RD4_F8_m4f8_P4_Y92_UO586,FXX,2,0.0,1,0,1.0,0,0,0,-9999.0,0.5101677231857753,1,P3_CV0,1,1,1,2,0
7,1.3457994534493356,7.703671818986196,RD7_F4_m7f4_P7_Y94_UO362,RD7_F3_m5f1_P5_Y92_UO822,RD4_F8_m4f7_P4_Y92_UO482,FXX,2,0.0,1,0,1.0,0,0,0,-9999.0,0.5101677922530463,1,P3_CV0,1,1,1,1,1
7,1.3457994534493356,7.703671818986196,RD7_F4_m8f4_P8_Y94_UO307,RD8_F4_m8f4_P8_Y92_UO497,RD4_F8_m4f8_P4_Y92_UO586,MXY,2,0.0,1,0,0.0,0,0,0,-9999.0,0.5101677231857753,1,P3_CV0,1,1,1,1,1
7,1.3457994534493356,7.703671818986196,RD7_F4_m8f4_P8_Y94_UO30,RD8_F4_m7f4_P7_Y92_UO213,RD4_F8_m4f8_P4_Y92_UO684,FXX,2,0.0,1,0,1.0,0,0,0,-9999.0,0.5101677009944776,1,P3_CV0,1,2,0,1,1
7,1.3457994534493356,7.703671818986196,RD7_F4_m8f4_P8_Y94_UO293,RD8_F4_m8f4_P8_Y92_UO393,RD4_F8_m4f8_P4_Y90_UO469,MXY,2,0.0,1,0,0.0,0,0,0,-9999.0,0.5101677381938536,1,P3_CV0,1,2,0,2,0
7,1.3457994534493356,7.703671818986196,RD7_F4_m8f4_P8_Y94_UO227,RD8_F4_m8f4_P8_Y92_UO575,RD4_F8_m4f8_P4_Y92_UO446,MXY,2,0.0,1,0,0.0,0,0,0,-9999.0,0.5101677687054025,1,P3_CV0,1,2,0,2,0
7,1.3457994534493356,7.703671818986196,RD7_F4_m8f4_P8_Y94_UO726,RD8_F4_m8f4_P8_Y92_UO279,RD4_F7_m4f7_P4_Y92_UO22,MXY,2,0.0,1,0,0.0,0,0,0,-9999.0,0.5101677494203187,1,P3_CV0,1,1,1,2,0
7,1.3457994534493356,7.703671818986196,RD7_F4_m8f4_P8_Y94_UO221,RD8_F4_m7f3_P7_Y92_UO43,RD4_F8_m4f8_P4_Y92_UO537,FXX,2,0.0,1,0,1.0,0,0,0,-9999.0,0.5101676306411385,1,P3_CV0,1,1,1,1,1
7,1.3457994534493356,7.703671818986196,RD7_F4_m8f4_P8_Y94_UO674,RD8_F4_m8f4_P8_Y92_UO582,RD4_F7_m4f8_P4_Y92_UO502,FXX,2,0.0,1,0,1.0,0,0,0,-9999.0,0.510167702420615,1,P3_CV0,1,2,0,1,1
7,1.3457994534493356,7.703671818986196,RD7_F4_m8f4_P8_Y94_UO51,RD8_F4_m8f4_P8_Y92_UO184,RD4_F7_m3f2_P3_Y92_UO634,FXX,2,0.0,1,0,1.0,0,0,0,-9999.0,0.510167765206802,1,P3_CV0,1,2,0,2,0
7,1.3457994534493356,7.703671818986196,RD7_F4_m8f4_P8_Y94_UO31,RD8_F4_m7f4_P7_Y92_UO213,RD4_F8_m4f8_P4_Y92_UO684,FXX,2,0.0,1,0,1.0,0,0,0,-9999.0,0.5101677009944776,1,P3_CV0,1,2,0,1,1
7,1.3457994534493356,7.703671818986196,RD7_F4_m7f3_P7_Y94_UO813,RD7_F4_m8f4_P8_Y92_UO809,RD3_F2_m5f3_P5_Y92_UO483,MXY,2,0.0,1,0,0.0,0,0,0,-9999.0,0.510167690096127,1,P3_CV0,1,1,1,2,0
7,1.3457994534493356,7.703671818986196,RD7_F4_m8f4_P8_Y94_UO512,RD8_F4_m8f4_P8_Y92_UO184,RD4_F8_m4f7_P4_Y92_UO426,FXX,2,0.0,1,0,1.0,0,0,0,-9999.0,0.5101677582163493,1,P3_CV0,1,1,1,1,1
7,1.3457994534493356,7.703671818986196,RD7_F4_m7f3_P7_Y94_UO75,RD7_F3_m7f3_P7_Y92_UO61,RD3_F2_m6f9_P6_Y92_UO605,FXX,2,0.0,1,0,1.0,0,0,0,-9999.0,0.5101677146807315,1,P3_CV0,1,0,2,0,2
7,1.3457994534493356,7.703671818986196,RD7_F4_m8f4_P8_Y94_UO801,RD8_F4_m8f4_P8_Y92_UO279,RD4_F8_m4f8_P4_Y92_UO750,MXY,2,0.0,1,0,0.0,0,0,0,-9999.0,0.5101677737951498,1,P3_CV0,1,0,2,2,0
7,1.3457994534493356,7.703671818986196,RD7_F4_m8f4_P8_Y94_UO250,RD8_F4_m8f4_P8_Y92_UO582,RD4_F8_m4f7_P4_Y92_UO351,FXX,2,0.0,1,0,1.0,0,0,0,-9999.0,0.510167752023575,1,P3_CV0,1,2,0,1,1
7,1.3457994534493356,7.703671818986196,RD7_F4_m7f3_P7_Y94_UO146,RD7_F3_m7f4_P7_Y92_UO165,RD3_F2_m6f9_P6_Y90_UO575,MXY,2,0.0,1,0,0.0,0,0,0,-9999.0,0.5101678511983021,1,P3_CV0,1,1,1,1,1
7,1.3457994534493356,7.703671818986196,RD7_F4_m7f3_P7_Y94_UO814,RD7_F4_m8f4_P8_Y92_UO809,RD3_F2_m5f3_P5_Y92_UO483,MXY,2,0.0,1,0,0.0,0,0,0,-9999.0,0.510167690096127,1,P3_CV0,1,1,1,2,0
7,1.3457994534493356,7.703671818986196,RD7_F4_m7f4_P7_Y94_UO353,RD7_F3_m2f5_P2_Y92_UO76,RD4_F7_m3f2_P3_Y92_UO253,MXY,2,0.0,1,0,0.0,0,0,0,-9999.0,0.5101677948051133,1,P3_CV0,1,1,1,2,0
7,1.3457994534493356,7.703671818986196,RD7_F4_m8f4_P8_Y94_UO231,RD8_F4_m8f4_P8_Y92_UO184,RD4_F8_m4f8_P4_Y92_UO671,FXX,2,0.0,1,0,1.0,0,0,0,-9999.0,0.5101677253196772,1,P3_CV0,1,1,1,2,0
7,1.3457994534493356,7.703671818986196,RD7_F4_m8f4_P8_Y94_UO673,RD8_F4_m8f4_P8_Y92_UO582,RD4_F7_m4f8_P4_Y92_UO502,FXX,2,0.0,1,0,1.0,0,0,0,-9999.0,0.510167702420615,1,P3_CV0,1,2,0,1,1
7,1.3457994534493356,7.703671818986196,RD7_F4_m7f4_P7_Y94_UO352,RD7_F3_m2f5_P2_Y92_UO76,RD4_F7_m3f2_P3_Y92_UO253,MXY,2,0.0,1,0,0.0,0,0,0,-9999.0,0.5101677948051133,1,P3_CV0,1,1,1,1,1
7,1.3457994534493356,7.703671818986196,RD7_F4_m7f3_P7_Y94_UO373,RD7_F4_m8f4_P8_Y92_UO574,RD3_F2_m5f3_P5_Y92_UO7,FXX,2,0.0,1,0,1.0,0,0,0,-9999.0,0.5101677580819128,1,P3_CV0,1,2,0,2,0
7,1.3457994534493356,7.703671818986196,RD7_F4_m8f4_P8_Y94_UO290,RD8_F4_m8f4_P8_Y92_UO184,RD4_F8_m4f7_P4_Y92_UO652,MXY,2,0.0,1,0,0.0,0,0,0,-9999.0,0.5101677134601807,1,P3_CV0,1,2,0,1,1
7,1.3457994534493356,7.703671818986196,RD7_F3_m2f9_P2_Y92_UO189,RD2_F9_m6f3_P6_Y90_UO434,RD9_F2_m9f2_P9_Y90_UO303,FXX,4,0.0,1,0,1.0,0,0,0,-9999.0,0.510167898856416,1,P3_CV0,1,2,0,1,1
7,1.3457994534493356,7.703671818986196,RD7_F3_m6f3_P6_Y92_UO689,RD6_F2_m3f7_P3_Y90_UO579,RD3_F5_m1f5_P1_Y90_UO105,FXX,4,0.0,1,0,1.0,0,0,0,-9999.0,0.5101676225735936,1,P3_CV0,1,2,0,0,2
7,1.3457994534493356,7.703671818986196,RD7_F4_m8f4_P8_Y92_UO733,RD8_F4_m8f4_P8_Y90_UO246,RD4_F7_m4f7_P4_Y90_UO406,FXX,4,0.0,1,0,1.0,0,0,0,-9999.0,0.5101676715874071,1,P3_CV0,1,2,0,2,0
7,1.3457994534493356,7.703671818986196,RD7_F3_m7f4_P7_Y94_UO468,RD7_F4_m8f4_P8_Y92_UO809,RD4_F8_m4f8_P4_Y92_UO750,MXY,2,0.0,1,0,0.0,0,0,0,-9999.0,0.5101678062494859,1,P4_CV0,1,1,1,1,1
7,1.3457994534493356,7.703671818986196,RD7_F4_m8f4_P8_Y94_UO802,RD8_F4_m8f4_P8_Y92_UO279,RD4_F8_m4f8_P4_Y92_UO750,MXY,2,0.0,1,0,0.0,0,0,0,-9999.0,0.5101677737951498,1,P4_CV0,1,0,2,2,0
7,1.3457994534493356,7.703671818986196,RD7_F4_m8f4_P8_Y94_UO555,RD8_F4_m7f3_P7_Y92_UO471,RD4_F8_m4f8_P4_Y92_UO750,FXX,2,0.0,1,0,1.0,0,0,0,-9999.0,0.5101677295032534,1,P4_CV0,1,1,1,1,1
7,1.3457994534493356,7.703671818986196,RD7_F4_m8f4_P8_Y92_UO622,RD8_F4_m8f4_P8_Y90_UO17,RD4_F8_m4f8_P4_Y90_UO437,FXX,4,0.0,1,0,1.0,0,0,0,-9999.0,0.510167667318953,1,P4_CV0,1,2,0,1,1
7,1.3457994534493356,7.703671818986196,RD7_F3_m2f3_P2_Y94_UO41,RD2_F6_m9f6_P9_Y92_UO102,RD3_F7_m4f8_P4_Y92_UO235,FXX,2,0.0,1,0,1.0,0,0,0,-9999.0,0.5101677232305857,1,P5_CV0,1,1,1,0,2
7,1.3457994534493356,7.703671818986196,RD7_F3_m2f5_P2_Y94_UO351,RD2_F3_m7f4_P7_Y92_UO599,RD5_F2_m9f6_P9_Y92_UO762,FXX,2,0.0,1,0,1.0,0,0,0,-9999.0,0.5101677684987926,1,P5_CV0,1,0,2,1,1
7,1.3457994534493356,7.703671818986196,RD7_F3_m5f2_P5_Y94_UO107,RD5_F1_m5f3_P5_Y92_UO4,RD2_F3_m7f3_P7_Y92_UO761,MXY,2,0.0,1,0,0.0,0,0,0,-9999.0,0.5101677159840001,1,P5_CV0,1,2,0,1,1
7,1.3457994534493356,7.703671818986196,RD7_F4_m7f3_P7_Y94_UO38,RD7_F3_m7f3_P7_Y92_UO61,RD3_F6_m3f7_P3_Y92_UO422,FXX,2,0.0,1,0,1.0,0,0,0,-9999.0,0.5101678286938256,1,P5_CV0,1,2,0,0,2
7,1.3457994534493356,7.703671818986196,RD7_F4_m8f4_P8_Y94_UO268,RD8_F4_m8f4_P8_Y92_UO694,RD4_F7_m4f7_P4_Y92_UO234,FXX,2,0.0,1,0,1.0,0,0,0,-9999.0,0.5101677917429939,1,P5_CV0,1,2,0,0,2
7,1.3457994534493356,7.703671818986196,RD7_F4_m7f3_P7_Y94_UO636,RD7_F3_m7f3_P7_Y92_UO44,RD3_F7_m4f7_P4_Y92_UO236,FXX,2,0.0,1,0,1.0,0,0,0,-9999.0,0.5101676977320775,1,P5_CV0,1,1,1,1,1
7,1.3457994534493356,7.703671818986196,RD7_F3_m2f9_P2_Y94_UO158,RD2_F6_m9f6_P9_Y92_UO102,RD9_F6_m9f2_P9_Y92_UO30,MXY,2,0.0,1,0,0.0,0,0,0,-9999.0,0.5101676505884729,1,P8_CV0,1,2,0,2,0
7,1.3457994534493356,7.703671818986196,RD7_F3_m2f6_P2_Y94_UO299,RD2_F3_m2f5_P2_Y92_UO706,RD6_F9_m2f3_P2_Y90_UO733,MXY,2,0.0,1,0,0.0,0,0,0,-9999.0,0.510167769033723,1,P8_CV0,1,0,2,1,1
7,1.3457994534493356,7.703671818986196,RD7_F3_m6f3_P6_Y94_UO655,RD6_F9_m6f2_P6_Y92_UO346,RD3_F7_m3f7_P3_Y92_UO259,FXX,2,0.0,1,0,1.0,0,0,0,-9999.0,0.5101677278117442,1,P8_CV0,1,1,1,0,2
7,1.3457994534493356,7.703671818986196,RD7_F3_m7f4_P7_Y94_UO8,RD7_F3_m7f4_P7_Y92_UO662,RD4_F8_m4f7_P4_Y92_UO221,FXX,2,0.0,1,0,1.0,0,0,0,-9999.0,0.5101676951532728,1,P8_CV0,1,2,0,1,1
7,1.3457994534493356,7.703671818986196,RD7_F3_m7f4_P7_Y94_UO627,RD7_F3_m7f3_P7_Y92_UO45,RD4_F8_m4f8_P4_Y90_UO469,FXX,2,0.0,1,0,1.0,0,0,0,-9999.0,0.5101676879250423,1,P8_CV0,1,1,1,1,1
7,1.3457994534493356,7.703671818986196,RD7_F4_m7f3_P7_Y94_UO812,RD7_F4_m8f4_P8_Y92_UO809,RD3_F2_m5f3_P5_Y92_UO483,FXX,2,0.0,1,0,1.0,0,0,0,-9999.0,0.510167690096127,1,P8_CV0,1,2,0,1,1
7,1.3457994534493356,7.703671818986196,RD7_F4_m7f4_P7_Y94_UO547,RD7_F4_m8f4_P8_Y92_UO97,RD4_F8_m4f8_P4_Y92_UO750,MXY,2,0.0,1,0,0.0,0,0,0,-9999.0,0.5101677616759499,1,P8_CV0,1,1,1,2,0
8,1.8443986564691528,11.780027217250101,RD8_F4_m7f4_P7_Y94_UO615,RD7_F4_m8f4_P8_Y92_UO804,RD4_F8_m4f8_P4_Y92_UO446,MXY,2,0.0,1,0,0.0,0,0,0,-9999.0,0.51016770746239,1,P3_CV0,1,1,1,1,1
8,1.8443986564691528,11.780027217250101,RD8_F4_m8f4_P8_Y94_UO296,RD8_F4_m8f4_P8_Y92_UO593,RD4_F8_m4f7_P4_Y92_UO652,FXX,2,0.0,1,0,1.0,0,0,0,-9999.0,0.5101676955004333,1,P3_CV0,1,2,0,0,2
8,1.8443986564691528,11.780027217250101,RD8_F4_m7f4_P7_Y94_UO66,RD7_F3_m2f5_P2_Y92_UO76,RD4_F7_m3f6_P3_Y92_UO551,MXY,2,0.0,1,0,0.0,0,0,0,-9999.0,0.5101678350077723,1,P3_CV0,1,1,1,0,2
8,1.8443986564691528,11.780027217250101,RD8_F4_m8f4_P8_Y94_UO276,RD8_F4_m7f4_P7_Y92_UO213,RD4_F8_m4f7_P4_Y92_UO436,FXX,2,0.0,1,0,1.0,0,0,0,-9999.0,0.5101677081456497,1,P3_CV0,1,2,0,0,2
8,1.8443986564691528,11.780027217250101,RD8_F4_m7f4_P7_Y94_UO500,RD7_F4_m7f3_P7_Y92_UO309,RD4_F8_m4f8_P4_Y92_UO586,MXY,2,0.0,1,0,0.0,0,0,0,-9999.0,0.5101677302369758,1,P3_CV0,1,0,2,1,1
8,1.8443986564691528,11.780027217250101,RD8_F4_m8f4_P8_Y94_UO50,RD8_F4_m8f4_P8_Y92_UO184,RD4_F7_m3f2_P3_Y92_UO634,MXY,2,0.0,1,0,0.0,0,0,0,-9999.0,0.510167765206802,1,P3_CV0,1,2,0,2,0
8,1.8443986564691528,11.780027217250101,RD8_F4_m7f4_P7_Y94_UO180,RD7_F4_m7f3_P7_Y92_UO309,RD4_F8_m4f7_P4_Y92_UO436,FXX,2,0.0,1,0,1.0,0,0,0,-9999.0,0.5101677107387079,1,P3_CV0,1,2,0,0,2
8,1.8443986564691528,11.780027217250101,RD8_F4_m7f4_P7_Y94_UO617,RD7_F4_m8f4_P8_Y92_UO804,RD4_F8_m4f8_P4_Y92_UO446,FXX,2,0.0,1,0,1.0,0,0,0,-9999.0,0.51016770746239,1,P3_CV0,1,2,0,1,1
8,1.8443986564691528,11.780027217250101,RD8_F4_m7f4_P7_Y94_UO364,RD7_F3_m5f1_P5_Y92_UO822,RD4_F8_m4f7_P4_Y92_UO482,MXY,2,0.0,1,0,0.0,0,0,0,-9999.0,0.5101677922530463,1,P3_CV0,1,1,1,2,0
8,1.8443986564691528,11.780027217250101,RD8_F4_m7f4_P7_Y94_UO616,RD7_F4_m8f4_P8_Y92_UO804,RD4_F8_m4f8_P4_Y92_UO446,MXY,2,0.0,1,0,0.0,0,0,0,-9999.0,0.51016770746239,1,P3_CV0,1,2,0,1,1
8,1.8443986564691528,11.780027217250101,RD8_F4_m8f4_P8_Y94_UO292,RD8_F4_m8f4_P8_Y92_UO393,RD4_F8_m4f8_P4_Y90_UO469,MXY,2,0.0,1,0,0.0,0,0,0,-9999.0,0.5101677381938536,1,P3_CV0,1,1,1,2,0
8,1.8443986564691528,11.780027217250101,RD8_F4_m7f4_P7_Y94_UO181,RD7_F4_m7f3_P7_Y92_UO309,RD4_F8_m4f7_P4_Y92_UO436,MXY,2,0.0,1,0,0.0,0,0,0,-9999.0,0.5101677107387079,1,P3_CV0,1,2,0,0,2
8,1.8443986564691528,11.780027217250101,RD8_F4_m8f4_P8_Y94_UO478,RD8_F4_m7f3_P7_Y92_UO456,RD4_F7_m3f2_P3_Y92_UO634,MXY,2,0.0,1,0,0.0,0,0,0,-9999.0,0.5101677528354216,1,P3_CV0,1,1,1,2,0
8,1.8443986564691528,11.780027217250101,RD8_F4_m8f4_P8_Y94_UO80,RD8_F4_m8f4_P8_Y92_UO417,RD4_F8_m4f8_P4_Y92_UO586,MXY,2,0.0,1,0,0.0,0,0,0,-9999.0,0.5101676769673169,1,P3_CV0,1,1,1,1,1
8,1.8443986564691528,11.780027217250101,RD8_F4_m8f4_P8_Y94_UO592,RD8_F4_m7f3_P7_Y92_UO79,RD4_F7_m3f6_P3_Y92_UO551,FXX,2,0.0,1,0,1.0,0,0,0,-9999.0,0.51016778439398,1,P3_CV0,1,0,2,0,2
8,1.8443986564691528,11.780027217250101,RD8_F4_m8f4_P8_Y94_UO304,RD8_F4_m8f4_P8_Y92_UO184,RD4_F7_m4f8_P4_Y92_UO502,MXY,2,0.0,1,0,0.0,0,0,0,-9999.0,0.5101677258126269,1,P3_CV0,1,2,0,1,1
8,1.8443986564691528,11.780027217250101,RD8_F4_m7f4_P7_Y94_UO502,RD7_F4_m7f3_P7_Y92_UO309,RD4_F8_m4f8_P4_Y92_UO586,MXY,2,0.0,1,0,0.0,0,0,0,-9999.0,0.5101677302369758,1,P3_CV0,1,1,1,1,1
8,1.8443986564691528,11.780027217250101,RD8_F4_m8f4_P8_Y94_UO230,RD8_F4_m8f4_P8_Y92_UO184,RD4_F8_m4f8_P4_Y92_UO671,MXY,2,0.0,1,0,0.0,0,0,0,-9999.0,0.5101677253196772,1,P3_CV0,1,2,0,1,1
8,1.8443986564691528,11.780027217250101,RD8_F4_m8f4_P8_Y94_UO690,RD8_F4_m8f4_P8_Y92_UO360,RD4_F8_m4f7_P4_Y92_UO652,FXX,2,0.0,1,0,1.0,0,0,0,-9999.0,0.5101676440009371,1,P3_CV0,1,1,1,0,2
8,1.8443986564691528,11.780027217250101,RD8_F4_m8f4_P8_Y94_UO278,RD8_F4_m7f4_P7_Y92_UO213,RD4_F8_m4f7_P4_Y92_UO436,FXX,2,0.0,1,0,1.0,0,0,0,-9999.0,0.5101677081456497,1,P3_CV0,1,2,0,0,2
8,1.8443986564691528,11.780027217250101,RD8_F4_m8f4_P8_Y94_UO511,RD8_F4_m8f4_P8_Y92_UO184,RD4_F8_m4f7_P4_Y92_UO426,FXX,2,0.0,1,0,1.0,0,0,0,-9999.0,0.5101677582163493,1,P3_CV0,1,2,0,2,0
8,1.8443986564691528,11.780027217250101,RD8_F4_m8f4_P8_Y94_UO269,RD8_F4_m8f4_P8_Y92_UO390,RD4_F8_m4f7_P4_Y92_UO652,MXY,2,0.0,1,0,0.0,0,0,0,-9999.0,0.5101676839415052,1,P3_CV0,1,2,0,2,0
8,1.8443986564691528,11.780027217250101,RD8_F4_m8f4_P8_Y94_UO780,RD8_F4_m8f4_P8_Y92_UO810,RD4_F8_m4f8_P4_Y90_UO469,MXY,2,0.0,1,0,0.0,0,0,0,-9999.0,0.5101677898493513,1,P3_CV0,1,2,0,1,1
8,1.8443986564691528,11.780027217250101,RD8_F4_m8f4_P8_Y94_UO631,RD8_F4_m8f4_P8_Y92_UO176,RD4_F8_m4f7_P4_Y92_UO652,MXY,2,0.0,1,0,0.0,0,0,0,-9999.0,0.5101676820208727,1,P3_CV0,1,1,1,2,0
8,1.8443986564691528,11.780027217250101,RD8_F4_m7f4_P7_Y94_UO179,RD7_F4_m7f3_P7_Y92_UO309,RD4_F8_m4f7_P4_Y92_UO436,MXY,2,0.0,1,0,0.0,0,0,0,-9999.0,0.5101677107387079,1,P3_CV0,1,2,0,0,2
8,1.8443986564691528,11.780027217250101,RD8_F4_m7f4_P7_Y94_UO711,RD7_F3_m2f3_P2_Y92_UO466,RD4_F7_m4f7_P4_Y92_UO234,MXY,2,0.0,1,0,0.0,0,0,0,-9999.0,0.5101678812641719,1,P3_CV0,1,2,0,2,0
8,1.8443986564691528,11.780027217250101,RD8_F4_m8f4_P8_Y94_UO333,RD8_F4_m7f3_P7_Y92_UO79,RD4_F8_m4f8_P4_Y92_UO748,FXX,2,0.0,1,0,1.0,0,0,0,-9999.0,0.5101677761193191,1,P3_CV0,1,1,1,2,0
8,1.8443986564691528,11.780027217250101,RD8_F4_m7f3_P7_Y94_UO374,RD7_F4_m8f4_P8_Y92_UO574,RD3_F2_m5f3_P5_Y92_UO7,MXY,2,0.0,1,0,0.0,0,0,0,-9999.0,0.5101677580819128,1,P3_CV0,1,2,0,2,0
8,1.8443986564691528,11.780027217250101,RD8_F4_m8f4_P8_Y94_UO724,RD8_F4_m8f4_P8_Y92_UO279,RD4_F7_m4f7_P4_Y92_UO22,MXY,2,0.0,1,0,0.0,0,0,0,-9999.0,0.5101677494203187,1,P3_CV0,1,1,1,2,0
8,1.8443986564691528,11.780027217250101,RD8_F4_m7f3_P7_Y94_UO184,RD7_F3_m7f3_P7_Y92_UO61,RD3_F2_m6f9_P6_Y90_UO575,FXX,2,0.0,1,0,1.0,0,0,0,-9999.0,0.5101679153282213,1,P3_CV0,1,2,0,2,0
8,1.8443986564691528,11.780027217250101,RD8_F4_m8f4_P8_Y94_UO69,RD8_F4_m8f4_P8_Y92_UO810,RD4_F8_m4f8_P4_Y92_UO586,FXX,2,0.0,1,0,1.0,0,0,0,-9999.0,0.5101677603671426,1,P3_CV0,1,1,1,2,0
8,1.8443986564691528,11.780027217250101,RD8_F4_m7f4_P7_Y94_UO710,RD7_F3_m2f3_P2_Y92_UO466,RD4_F7_m4f7_P4_Y92_UO234,FXX,2,0.0,1,0,1.0,0,0,0,-9999.0,0.5101678812641719,1,P3_CV0,1,2,0,1,1
8,1.8443986564691528,11.780027217250101,RD8_F4_m8f4_P8_Y94_UO308,RD8_F4_m8f4_P8_Y92_UO497,RD4_F8_m4f8_P4_Y92_UO586,MXY,2,0.0,1,0,0.0,0,0,0,-9999.0,0.5101677231857753,1,P3_CV0,1,1,1,2,0
8,1.8443986564691528,11.780027217250101,RD8_F4_m7f4_P7_Y94_UO501,RD7_F4_m7f3_P7_Y92_UO309,RD4_F8_m4f8_P4_Y92_UO586,MXY,2,0.0,1,0,0.0,0,0,0,-9999.0,0.5101677302369758,1,P3_CV0,1,1,1,1,1
8,1.8443986564691528,11.780027217250101,RD8_F4_m8f4_P8_Y94_UO569,RD8_F4_m8f4_P8_Y92_UO810,RD4_F8_m4f8_P4_Y92_UO586,MXY,2,0.0,1,0,0.0,0,0,0,-9999.0,0.5101677603671426,1,P3_CV0,1,1,1,1,1
8,1.8443986564691528,11.780027217250101,RD8_F4_m8f4_P8_Y94_UO570,RD8_F4_m8f4_P8_Y92_UO810,RD4_F8_m4f8_P4_Y92_UO586,FXX,2,0.0,1,0,1.0,0,0,0,-9999.0,0.5101677603671426,1,P3_CV0,1,1,1,2,0
8,1.8443986564691528,11.780027217250101,RD8_F4_m8f4_P8_Y92_UO392,RD8_F4_m7f3_P7_Y90_UO810,RD4_F8_m4f7_P4_Y90_UO338,FXX,4,0.0,1,0,1.0,0,0,0,-9999.0,0.5101676918061386,1,P3_CV0,1,0,2,2,0
8,1.8443986564691528,11.780027217250101,RD8_F4_m8f4_P8_Y94_UO554,RD8_F4_m7f3_P7_Y92_UO471,RD4_F8_m4f8_P4_Y92_UO750,MXY,2,0.0,1,0,0.0,0,0,0,-9999.0,0.5101677295032534,1,P4_CV0,1,2,0,1,1
8,1.8443986564691528,11.780027217250101,RD8_F4_m7f4_P7_Y94_UO546,RD7_F4_m8f4_P8_Y92_UO97,RD4_F8_m4f8_P4_Y92_UO750,FXX,2,0.0,1,0,1.0,0,0,0,-9999.0,0.5101677616759499,1,P4_CV0,1,1,1,2,0
8,1.8443986564691528,11.780027217250101,RD8_F4_m8f4_P8_Y94_UO816,RD8_F4_m7f3_P7_Y92_UO206,RD4_F8_m4f8_P4_Y92_UO750,FXX,2,0.0,1,0,1.0,0,0,0,-9999.0,0.5101678520925059,1,P4_CV0,1,2,0,1,1
8,1.8443986564691528,11.780027217250101,RD8_F4_m7f4_P7_Y94_UO545,RD7_F4_m8f4_P8_Y92_UO97,RD4_F8_m4f8_P4_Y92_UO750,FXX,2,0.0,1,0,1.0,0,0,0,-9999.0,0.5101677616759499,1,P4_CV0,1,2,0,2,0
8,1.8443986564691528,11.780027217250101,RD8_F4_m7f3_P7_Y94_UO311,RD7_F3_m7f3_P7_Y92_UO61,RD3_F6_m9f2_P9_Y92_UO106,FXX,2,0.0,1,0,1.0,0,0,0,-9999.0,0.5101677845510046,1,P5_CV0,1,1,1,2,0
8,1.8443986564691528,11.780027217250101,RD8_F4_m8f4_P8_Y94_UO450,RD8_F4_m7f4_P7_Y92_UO629,RD4_F7_m3f2_P3_Y92_UO349,MXY,2,0.0,1,0,0.0,0,0,0,-9999.0,0.5101677690324813,1,P5_CV0,1,1,1,1,1
8,1.8443986564691528,11.780027217250101,RD8_F4_m7f3_P7_Y94_UO313,RD7_F3_m7f3_P7_Y92_UO61,RD3_F6_m9f2_P9_Y92_UO106,FXX,2,0.0,1,0,1.0,0,0,0,-9999.0,0.5101677845510046,1,P5_CV0,1,2,0,2,0
8,1.8443986564691528,11.780027217250101,RD8_F4_m7f3_P7_Y94_UO185,RD7_F3_m7f3_P7_Y92_UO61,RD3_F2_m6f9_P6_Y90_UO575,MXY,2,0.0,1,0,0.0,0,0,0,-9999.0,0.5101679153282213,1,P5_CV0,1,1,1,1,1
8,1.8443986564691528,11.780027217250101,RD8_F4_m8f4_P8_Y94_UO222,RD8_F4_m7f3_P7_Y92_UO43,RD4_F8_m4f8_P4_Y92_UO537,FXX,2,0.0,1,0,1.0,0,0,0,-9999.0,0.5101676306411385,1,P5_CV0,1,2,0,1,1
8,1.8443986564691528,11.780027217250101,RD8_F4_m8f4_P8_Y94_UO479,RD8_F4_m7f3_P7_Y92_UO456,RD4_F7_m3f2_P3_Y92_UO634,MXY,2,0.0,1,0,0.0,0,0,0,-9999.0,0.5101677528354216,1,P5_CV0,1,1,1,2,0
8,1.8443986564691528,11.780027217250101,RD8_F4_m7f4_P7_Y94_UO421,RD7_F4_m7f3_P7_Y92_UO310,RD4_F7_m3f5_P3_Y92_UO759,FXX,2,0.0,1,0,1.0,0,0,0,-9999.0,0.5101677355982162,1,P5_CV0,1,1,1,1,1
8,1.8443986564691528,11.780027217250101,RD8_F4_m8f4_P8_Y94_UO266,RD8_F4_m8f4_P8_Y92_UO694,RD4_F7_m4f7_P4_Y92_UO234,MXY,2,0.0,1,0,0.0,0,0,0,-9999.0,0.5101677917429939,1,P5_CV0,1,1,1,1,1
8,1.8443986564691528,11.780027217250101,RD8_F4_m7f4_P7_Y94_UO9,RD7_F3_m7f4_P7_Y92_UO662,RD4_F8_m4f7_P4_Y92_UO221,MXY,2,0.0,1,0,0.0,0,0,0,-9999.0,0.5101676951532728,1,P8_CV0,1,2,0,1,1
8,1.8443986564691528,11.780027217250101,RD8_F4_m7f3_P7_Y94_UO612,RD7_F3_m7f3_P7_Y92_UO45,RD3_F5_m3f7_P3_Y92_UO92,FXX,2,0.0,1,0,1.0,0,0,0,-9999.0,0.5101676974019469,1,P8_CV0,1,2,0,1,1
8,1.8443986564691528,11.780027217250101,RD8_F4_m7f4_P7_Y94_UO629,RD7_F3_m7f3_P7_Y92_UO45,RD4_F8_m4f8_P4_Y90_UO469,MXY,2,0.0,1,0,0.0,0,0,0,-9999.0,0.5101676879250423,1,P8_CV0,1,0,2,2,0
8,1.8443986564691528,11.780027217250101,RD8_F4_m8f4_P8_Y94_UO270,RD8_F4_m8f4_P8_Y92_UO390,RD4_F8_m4f7_P4_Y92_UO652,FXX,2,0.0,1,0,1.0,0,0,0,-9999.0,0.5101676839415052,1,P8_CV0,1,1,1,1,1
8,1.8443986564691528,11.780027217250101,RD8_F4_m8f4_P8_Y94_UO754,RD8_F4_m8f4_P8_Y92_UO390,RD4_F8_m4f7_P4_Y92_UO91,FXX,2,0.0,1,0,1.0,0,0,0,-9999.0,0.510167674133486,1,P8_CV0,1,2,0,2,0
8,1.8443986564691528,11.780027217250101,RD8_F4_m8f4_P8_Y94_UO191,RD8_F4_m8f4_P8_Y92_UO187,RD4_F8_m4f7_P4_Y92_UO221,MXY,2,0.0,1,0,0.0,0,0,0,-9999.0,0.5101677113722172,1,P8_CV0,1,1,1,1,1
8,1.8443986564691528,11.780027217250101,RD8_F4_m7f4_P7_Y94_UO625,RD7_F3_m7f3_P7_Y92_UO45,RD4_F8_m4f8_P4_Y90_UO469,MXY,2,0.0,1,0,0.0,0,0,0,-9999.0,0.5101676879250423,1,P8_CV0,1,1,1,2,0
9,8.539752926394888,7.413552560728917,RD9_F2_m3f5_P3_Y94_UO327,RD3_F2_m9f6_P9_Y92_UO528,RD5_F1_m5f2_P5_Y92_UO375,FXX,2,0.0,1,0,1.0,0,0,0,-9999.0,0.5101677243275251,1,P3_CV0,1,2,0,1,1
9,8.539752926394888,7.413552560728917,RD9_F2_m3f7_P3_Y94_UO538,RD3_F7_m4f8_P4_Y92_UO508,RD7_F3_m2f5_P2_Y92_UO77,MXY,2,0.0,1,0,0.0,0,0,0,-9999.0,0.5101677699354852,1,P3_CV0,1,2,0,1,1
9,8.539752926394888,7.413552560728917,RD9_F2_m5f3_P5_Y94_UO343,RD5_F1_m5f2_P5_Y92_UO435,RD3_F7_m3f2_P3_Y92_UO785,FXX,2,0.0,1,0,1.0,0,0,0,-9999.0,0.5101677848433646,1,P3_CV0,1,1,1,0,2
9,8.539752926394888,7.413552560728917,RD9_F2_m5f1_P5_Y94_UO447,RD5_F2_m9f6_P9_Y92_UO381,RD1_F5_m2f6_P2_Y92_UO563,FXX,2,0.0,1,0,1.0,0,0,0,-9999.0,0.5101677987424935,1,P3_CV0,1,0,2,2,0
9,8.539752926394888,7.413552560728917,RD9_F2_m5f1_P5_Y94_UO518,RD5_F1_m5f3_P5_Y92_UO126,RD1_F5_m1f5_P1_Y92_UO540,FXX,2,0.0,1,0,1.0,0,0,0,-9999.0,0.5101678155697709,1,P3_CV0,1,1,1,1,1
9,8.539752926394888,7.413552560728917,RD9_F2_m5f1_P5_Y94_UO767,RD5_F3_m6f2_P6_Y92_UO602,RD1_F5_m1f5_P1_Y92_UO544,FXX,2,0.0,1,0,1.0,0,0,0,-9999.0,0.5101678200787134,1,P3_CV0,1,2,0,1,1
9,8.539752926394888,7.413552560728917,RD9_F2_m5f3_P5_Y94_UO798,RD5_F1_m5f3_P5_Y92_UO484,RD3_F7_m3f2_P3_Y92_UO785,FXX,2,0.0,1,0,1.0,0,0,0,-9999.0,0.510167711445904,1,P3_CV0,1,1,1,0,2
9,8.539752926394888,7.413552560728917,RD9_F2_m6f9_P6_Y94_UO16,RD6_F2_m5f3_P5_Y92_UO190,RD9_F6_m2f5_P2_Y92_UO34,MXY,2,0.0,1,0,0.0,0,0,0,-9999.0,0.5101677731256089,1,P3_CV0,1,2,0,1,1
9,8.539752926394888,7.413552560728917,RD9_F2_m6f9_P6_Y94_UO57,RD6_F2_m6f3_P6_Y92_UO708,RD9_F6_m9f2_P9_Y92_UO723,FXX,2,0.0,1,0,1.0,0,0,0,-9999.0,0.5101677579288886,1,P3_CV0,1,2,0,2,0
9,8.539752926394888,7.413552560728917,RD9_F2_m6f3_P6_Y94_UO174,RD6_F2_m9f2_P9_Y92_UO54,RD3_F6_m3f2_P3_Y92_UO217,MXY,2,0.0,1,0,0.0,0,0,0,-9999.0,0.5101677570176371,1,P3_CV0,1,2,0,2,0
9,8.539752926394888,7.413552560728917,RD9_F2_m6f2_P6_Y94_UO346,RD6_F9_m6f3_P6_Y92_UO689,RD2_F9_m6f9_P6_Y92_UO746,FXX,2,0.0,1,0,1.0,0,0,0,-9999.0,0.5101675917439152,1,P3_CV0,1,2,0,1,1
9,8.539752926394888,7.413552560728917,RD9_F2_m6f3_P6_Y94_UO357,RD6_F3_m6f2_P6_Y92_UO817,RD3_F2_m6f9_P6_Y90_UO653,MXY,2,0.0,1,0,0.0,0,0,0,-9999.0,0.5101677801287359,1,P3_CV0,1,1,1,1,1
9,8.539752926394888,7.413552560728917,RD9_F2_m6f9_P6_Y94_UO594,RD6_F9_m2f5_P2_Y92_UO192,RD9_F2_m9f6_P9_Y92_UO356,FXX,2,0.0,1,0,1.0,0,0,0,-9999.0,0.5101677108710589,1,P3_CV0,1,1,1,2,0
9,8.539752926394888,7.413552560728917,RD9_F2_m6f2_P6_Y94_UO706,RD6_F2_m9f6_P9_Y92_UO379,RD2_F6_m3f7_P3_Y92_UO736,MXY,2,0.0,1,0,0.0,0,0,0,-9999.0,0.5101678647903363,1,P3_CV0,1,0,2,0,2
9,8.539752926394888,7.413552560728917,RD9_F2_m9f6_P9_Y94_UO100,RD9_F6_m9f6_P9_Y92_UO385,RD6_F2_m9f6_P9_Y92_UO557,MXY,2,0.0,1,0,0.0,0,0,0,-9999.0,0.5101677132013904,1,P3_CV0,1,1,1,2,0
9,8.539752926394888,7.413552560728917,RD9_F2_m9f6_P9_Y94_UO101,RD9_F6_m9f6_P9_Y92_UO385,RD6_F2_m9f6_P9_Y92_UO557,FXX,2,0.0,1,0,1.0,0,0,0,-9999.0,0.5101677132013904,1,P3_CV0,1,2,0,1,1
9,8.539752926394888,7.413552560728917,RD9_F2_m9f2_P9_Y94_UO142,RD9_F6_m9f6_P9_Y92_UO101,RD2_F9_m6f9_P6_Y92_UO746,MXY,2,0.0,1,0,0.0,0,0,0,-9999.0,0.5101676065206284,1,P3_CV0,1,2,0,1,1
9,8.539752926394888,7.413552560728917,RD9_F2_m9f2_P9_Y94_UO234,RD9_F6_m9f6_P9_Y92_UO490,RD2_F6_m9f2_P9_Y92_UO757,FXX,2,0.0,1,0,1.0,0,0,0,-9999.0,0.5101678478256879,1,P3_CV0,1,1,1,0,2
9,8.539752926394888,7.413552560728917,RD9_F2_m9f2_P9_Y94_UO235,RD9_F6_m9f6_P9_Y92_UO490,RD2_F6_m9f2_P9_Y92_UO757,MXY,2,0.0,1,0,0.0,0,0,0,-9999.0,0.5101678478256879,1,P3_CV0,1,1,1,2,0
9,8.539752926394888,7.413552560728917,RD9_F2_m9f2_P9_Y94_UO254,RD9_F2_m3f6_P3_Y92_UO552,RD2_F3_m6f3_P6_Y92_UO88,MXY,2,0.0,1,0,0.0,0,0,0,-9999.0,0.5101677890422032,1,P3_CV0,1,1,1,1,1
9,8.539752926394888,7.413552560728917,RD9_F2_m9f2_P9_Y94_UO401,RD9_F6_m9f6_P9_Y92_UO135,RD2_F9_m6f2_P6_Y92_UO814,FXX,2,0.0,1,0,1.0,0,0,0,-9999.0,0.5101677843458763,1,P3_CV0,1,2,0,1,1
9,8.539752926394888,7.413552560728917,RD9_F2_m9f6_P9_Y94_UO418,RD9_F6_m3f2_P3_Y92_UO462,RD6_F9_m6f2_P6_Y92_UO674,FXX,2,0.0,1,0,1.0,0,0,0,-9999.0,0.5101677823661053,1,P3_CV0,1,2,0,1,1
9,8.539752926394888,7.413552560728917,RD9_F2_m9f6_P9_Y94_UO491,RD9_F6_m9f6_P9_Y92_UO385,RD6_F2_m9f6_P9_Y92_UO151,FXX,2,0.0,1,0,1.0,0,0,0,-9999.0,0.5101676975512266,1,P3_CV0,1,1,1,2,0
9,8.539752926394888,7.413552560728917,RD9_F2_m9f6_P9_Y94_UO692,RD9_F6_m9f2_P9_Y92_UO179,RD6_F3_m2f9_P2_Y92_UO712,MXY,2,0.0,1,0,0.0,0,0,0,-9999.0,0.5101677468446102,1,P3_CV0,1,0,2,1,1
9,8.539752926394888,7.413552560728917,RD9_F2_m9f2_P9_Y94_UO764,RD9_F2_m3f2_P3_Y92_UO668,RD2_F6_m9f2_P9_Y92_UO371,MXY,2,0.0,1,0,0.0,0,0,0,-9999.0,0.5101678139161283,1,P3_CV0,1,1,1,1,1
9,8.539752926394888,7.413552560728917,RD9_F2_m9f2_P9_Y94_UO765,RD9_F2_m3f2_P3_Y92_UO668,RD2_F6_m9f2_P9_Y92_UO371,MXY,2,0.0,1,0,0.0,0,0,0,-9999.0,0.5101678139161283,1,P3_CV0,1,2,0,1,1
9,8.539752926394888,7.413552560728917,RD9_F6_m2f3_P2_Y94_UO25,RD2_F6_m3f7_P3_Y92_UO739,RD3_F2_m6f9_P6_Y92_UO605,FXX,2,0.0,1,0,1.0,0,0,0,-9999.0,0.5101677595582874,1,P3_CV0,1,1,1,1,1
9,8.539752926394888,7.413552560728917,RD9_F6_m2f6_P2_Y94_UO73,RD2_F9_m2f6_P2_Y92_UO225,RD6_F9_m2f3_P2_Y90_UO733,MXY,2,0.0,1,0,0.0,0,0,0,-9999.0,0.510167756738225,1,P3_CV0,1,1,1,1,1
9,8.539752926394888,7.413552560728917,RD9_F6_m2f9_P2_Y94_UO153,RD2_F6_m9f2_P9_Y92_UO485,RD9_F6_m2f6_P2_Y92_UO145,FXX,2,0.0,1,0,1.0,0,0,0,-9999.0,0.5101677680614092,1,P3_CV0,1,1,1,2,0
9,8.539752926394888,7.413552560728917,RD9_F6_m2f5_P2_Y94_UO200,RD2_F9_m6f2_P6_Y92_UO232,RD5_F1_m5f2_P5_Y92_UO40,FXX,2,0.0,1,0,1.0,0,0,0,-9999.0,0.510167719975529,1,P3_CV0,1,2,0,2,0
9,8.539752926394888,7.413552560728917,RD9_F6_m2f3_P2_Y94_UO281,RD2_F9_m6f9_P6_Y92_UO719,RD3_F6_m3f7_P3_Y92_UO549,FXX,2,0.0,1,0,1.0,0,0,0,-9999.0,0.5101676928995342,1,P3_CV0,1,2,0,0,2
9,8.539752926394888,7.413552560728917,RD9_F6_m2f6_P2_Y94_UO825,RD2_F5_m1f5_P1_Y92_UO419,RD6_F9_m6f9_P6_Y92_UO771,FXX,2,0.0,1,0,1.0,0,0,0,-9999.0,0.5101677938738387,1,P3_CV0,1,2,0,2,0
9,8.539752926394888,7.413552560728917,RD9_F6_m3f7_P3_Y94_UO12,RD3_F7_m4f7_P4_Y92_UO640,RD7_F3_m6f2_P6_Y92_UO604,FXX,2,0.0,1,0,1.0,0,0,0,-9999.0,0.5101676984240004,1,P3_CV0,1,2,0,2,0
9,8.539752926394888,7.413552560728917,RD9_F6_m3f2_P3_Y94_UO60,RD3_F6_m3f7_P3_Y92_UO284,RD2_F3_m6f3_P6_Y92_UO709,MXY,2,0.0,1,0,0.0,0,0,0,-9999.0,0.5101677894018088,1,P3_CV0,1,2,0,1,1
9,8.539752926394888,7.413552560728917,RD9_F6_m3f5_P3_Y94_UO103,RD3_F6_m9f2_P9_Y92_UO239,RD5_F2_m5f3_P5_Y92_UO794,FXX,2,0.0,1,0,1.0,0,0,0,-9999.0,0.5101679468780169,1,P3_CV0,1,1,1,2,0
9,8.539752926394888,7.413552560728917,RD9_F6_m3f6_P3_Y94_UO517,RD3_F7_m4f8_P4_Y92_UO46,RD6_F9_m6f2_P6_Y92_UO674,FXX,2,0.0,1,0,1.0,0,0,0,-9999.0,0.5101676997726905,1,P3_CV0,1,2,0,1,1
9,8.539752926394888,7.413552560728917,RD9_F6_m3f6_P3_Y94_UO571,RD3_F6_m9f2_P9_Y92_UO55,RD6_F2_m5f3_P5_Y92_UO124,MXY,2,0.0,1,0,0.0,0,0,0,-9999.0,0.5101678508129641,1,P3_CV0,1,0,2,1,1
9,8.539752926394888,7.413552560728917,RD9_F6_m3f6_P3_Y94_UO573,RD3_F6_m9f2_P9_Y92_UO55,RD6_F2_m5f3_P5_Y92_UO124,FXX,2,0.0,1,0,1.0,0,0,0,-9999.0,0.5101678508129641,1,P3_CV0,1,0,2,1,1
9,8.539752926394888,7.413552560728917,RD9_F6_m3f5_P3_Y94_UO604,RD3_F6_m3f2_P3_Y92_UO786,RD5_F3_m7f3_P7_Y92_UO139,FXX,2,0.0,1,0,1.0,0,0,0,-9999.0,0.51016778794766,1,P3_CV0,1,0,2,1,1
9,8.539752926394888,7.413552560728917,RD9_F6_m3f2_P3_Y94_UO723,RD3_F2_m9f6_P9_Y92_UO528,RD2_F9_m6f3_P6_Y92_UO117,MXY,2,0.0,1,0,0.0,0,0,0,-9999.0,0.5101678015890361,1,P3_CV0,1,2,0,0,2
9,8.539752926394888,7.413552560728917,RD9_F6_m9f2_P9_Y94_UO82,RD9_F6_m2f6_P2_Y92_UO500,RD2_F6_m3f7_P3_Y92_UO736,MXY,2,0.0,1,0,0.0,0,0,0,-9999.0,0.5101677426338842,1,P3_CV0,1,1,1,2,0
9,8.539752926394888,7.413552560728917,RD9_F6_m9f2_P9_Y94_UO83,RD9_F6_m2f6_P2_Y92_UO500,RD2_F6_m3f7_P3_Y92_UO736,MXY,2,0.0,1,0,0.0,0,0,0,-9999.0,0.5101677426338842,1,P3_CV0,1,1,1,2,0
9,8.539752926394888,7.413552560728917,RD9_F6_m9f6_P9_Y94_UO102,RD9_F6_m9f6_P9_Y92_UO385,RD6_F2_m9f6_P9_Y92_UO557,FXX,2,0.0,1,0,1.0,0,0,0,-9999.0,0.5101677132013904,1,P3_CV0,1,2,0,2,0
9,8.539752926394888,7.413552560728917,RD9_F6_m9f6_P9_Y94_UO112,RD9_F6_m3f6_P3_Y92_UO550,RD6_F2_m6f3_P6_Y92_UO118,MXY,2,0.0,1,0,0.0,0,0,0,-9999.0,0.5101678505148026,1,P3_CV0,1,0,2,1,1
9,8.539752926394888,7.413552560728917,RD9_F6_m9f6_P9_Y94_UO113,RD9_F6_m3f6_P3_Y92_UO550,RD6_F2_m6f3_P6_Y92_UO118,FXX,2,0.0,1,0,1.0,0,0,0,-9999.0,0.5101678505148026,1,P3_CV0,1,1,1,1,1
9,8.539752926394888,7.413552560728917,RD9_F6_m9f2_P9_Y94_UO141,RD9_F6_m9f6_P9_Y92_UO101,RD2_F9_m6f9_P6_Y92_UO746,MXY,2,0.0,1,0,0.0,0,0,0,-9999.0,0.5101676065206284,1,P3_CV0,1,2,0,1,1
9,8.539752926394888,7.413552560728917,RD9_F6_m9f2_P9_Y94_UO173,RD9_F2_m9f2_P9_Y92_UO250,RD2_F5_m1f5_P1_Y92_UO683,FXX,2,0.0,1,0,1.0,0,0,0,-9999.0,0.5101678445449647,1,P3_CV0,1,1,1,2,0
9,8.539752926394888,7.413552560728917,RD9_F6_m9f6_P9_Y94_UO321,RD9_F6_m9f2_P9_Y92_UO178,RD6_F9_m6f2_P6_Y92_UO674,FXX,2,0.0,1,0,1.0,0,0,0,-9999.0,0.5101677330391148,1,P3_CV0,1,2,0,1,1
9,8.539752926394888,7.413552560728917,RD9_F6_m9f2_P9_Y94_UO335,RD9_F2_m9f6_P9_Y92_UO386,RD2_F9_m6f9_P6_Y92_UO746,MXY,2,0.0,1,0,0.0,0,0,0,-9999.0,0.5101676406600006,1,P3_CV0,1,1,1,2,0
9,8.539752926394888,7.413552560728917,RD9_F6_m9f2_P9_Y94_UO336,RD9_F2_m9f6_P9_Y92_UO386,RD2_F9_m6f9_P6_Y92_UO746,FXX,2,0.0,1,0,1.0,0,0,0,-9999.0,0.5101676406600006,1,P3_CV0,1,2,0,2,0
9,8.539752926394888,7.413552560728917,RD9_F6_m9f6_P9_Y94_UO368,RD9_F2_m5f3_P5_Y92_UO659,RD6_F2_m6f3_P6_Y92_UO118,FXX,2,0.0,1,0,1.0,0,0,0,-9999.0,0.5101677875346766,1,P3_CV0,1,1,1,2,0
9,8.539752926394888,7.413552560728917,RD9_F6_m9f2_P9_Y94_UO400,RD9_F6_m9f6_P9_Y92_UO135,RD2_F9_m6f2_P6_Y92_UO814,MXY,2,0.0,1,0,0.0,0,0,0,-9999.0,0.5101677843458763,1,P3_CV0,1,2,0,2,0
9,8.539752926394888,7.413552560728917,RD9_F6_m9f6_P9_Y94_UO535,RD9_F6_m3f2_P3_Y92_UO462,RD6_F2_m9f2_P9_Y92_UO597,MXY,2,0.0,1,0,0.0,0,0,0,-9999.0,0.5101678367561551,1,P3_CV0,1,1,1,1,1
9,8.539752926394888,7.413552560728917,RD9_F6_m9f6_P9_Y94_UO652,RD9_F6_m9f6_P9_Y92_UO101,RD6_F9_m2f9_P2_Y92_UO452,MXY,2,0.0,1,0,0.0,0,0,0,-9999.0,0.5101677150883539,1,P3_CV0,1,1,1,2,0
9,8.539752926394888,7.413552560728917,RD9_F6_m9f6_P9_Y94_UO681,RD9_F2_m5f3_P5_Y92_UO659,RD6_F2_m9f6_P9_Y92_UO557,FXX,2,0.0,1,0,1.0,0,0,0,-9999.0,0.5101677069839621,1,P3_CV0,1,2,0,1,1
9,8.539752926394888,7.413552560728917,RD9_F6_m9f2_P9_Y94_UO695,RD9_F2_m3f2_P3_Y92_UO668,RD2_F9_m6f3_P6_Y92_UO71,MXY,2,0.0,1,0,0.0,0,0,0,-9999.0,0.5101677685433437,1,P3_CV0,1,0,2,1,1
9,8.539752926394888,7.413552560728917,RD9_F6_m9f2_P9_Y94_UO700,RD9_F6_m2f9_P2_Y92_UO453,RD2_F6_m9f6_P9_Y92_UO451,FXX,2,0.0,1,0,1.0,0,0,0,-9999.0,0.5101676654222018,1,P3_CV0,1,1,1,1,1
9,8.539752926394888,7.413552560728917,RD9_F6_m9f2_P9_Y94_UO793,RD9_F2_m3f6_P3_Y92_UO552,RD2_F5_m1f5_P1_Y92_UO682,FXX,2,0.0,1,0,1.0,0,0,0,-9999.0,0.5101678799077707,1,P3_CV0,1,0,2,0,2
9,8.539752926394888,7.413552560728917,RD9_F6_m9f2_P9_Y94_UO823,RD9_F2_m9f2_P9_Y92_UO250,RD2_F6_m9f6_P9_Y92_UO134,MXY,2,0.0,1,0,0.0,0,0,0,-9999.0,0.5101678179701192,1,P3_CV0,1,1,1,2,0
9,8.539752926394888,7.413552560728917,RD9_F2_m6f3_P6_Y92_UO708,RD6_F2_m9f6_P9_Y90_UO446,RD3_F7_m3f5_P3_Y90_UO24,FXX,4,0.0,1,0,1.0,0,0,0,-9999.0,0.5101676767459438,1,P3_CV0,1,2,0,1,1
9,8.539752926394888,7.413552560728917,RD9_F6_m2f6_P2_Y92_UO561,RD2_F9_m6f2_P6_Y90_UO281,RD6_F9_m6f2_P6_Y90_UO213,MXY,4,0.0,1,0,0.0,0,0,0,-9999.0,0.5101676725587829,1,P3_CV0,1,1,1,2,0
9,8.539752926394888,7.413552560728917,RD9_F6_m9f2_P9_Y92_UO178,RD9_F2_m6f3_P6_Y90_UO690,RD2_F9_m2f6_P2_Y90_UO474,FXX,4,0.0,1,0,1.0,0,0,0,-9999.0,0.5101678253126423,1,P3_CV0,1,1,1,2,0
9,8.539752926394888,7.413552560728917,RD9_F2_m5f3_P5_Y94_UO289,RD5_F1_m5f3_P5_Y92_UO162,RD3_F7_m4f7_P4_Y92_UO623,MXY,2,0.0,1,0,0.0,0,0,0,-9999.0,0.5101676560377459,1,P5_CV0,1,2,0,0,2
9,8.539752926394888,7.413552560728917,RD9_F2_m6f9_P6_Y94_UO62,RD6_F9_m6f3_P6_Y92_UO689,RD9_F6_m3f6_P3_Y92_UO327,FXX,2,0.0,1,0,1.0,0,0,0,-9999.0,0.5101676127293775,1,P5_CV0,1,2,0,0,2
9,8.539752926394888,7.413552560728917,RD9_F2_m9f2_P9_Y94_UO71,RD9_F6_m2f3_P2_Y92_UO242,RD2_F9_m2f6_P2_Y92_UO265,MXY,2,0.0,1,0,0.0,0,0,0,-9999.0,0.5101677915900087,1,P5_CV0,1,1,1,2,0
9,8.539752926394888,7.413552560728917,RD9_F2_m9f2_P9_Y94_UO309,RD9_F6_m2f3_P2_Y92_UO242,RD2_F3_m6f3_P6_Y92_UO88,FXX,2,0.0,1,0,1.0,0,0,0,-9999.0,0.5101677637507791,1,P5_CV0,1,1,1,1,1
9,8.539752926394888,7.413552560728917,RD9_F2_m9f2_P9_Y94_UO379,RD9_F6_m2f3_P2_Y92_UO242,RD2_F9_m6f3_P6_Y92_UO71,MXY,2,0.0,1,0,0.0,0,0,0,-9999.0,0.5101677361509047,1,P5_CV0,1,0,2,2,0
9,8.539752926394888,7.413552560728917,RD9_F2_m9f2_P9_Y94_UO565,RD9_F6_m9f2_P9_Y92_UO179,RD2_F5_m1f5_P1_Y92_UO17,MXY,2,0.0,1,0,0.0,0,0,0,-9999.0,0.5101678173010828,1,P5_CV0,1,2,0,1,1
9,8.539752926394888,7.413552560728917,RD9_F6_m3f6_P3_Y94_UO143,RD3_F6_m9f6_P9_Y92_UO149,RD6_F3_m6f2_P6_Y92_UO230,FXX,2,0.0,1,0,1.0,0,0,0,-9999.0,0.5101676846873495,1,P5_CV0,1,2,0,1,1
9,8.539752926394888,7.413552560728917,RD9_F6_m3f7_P3_Y94_UO376,RD3_F2_m9f6_P9_Y92_UO528,RD7_F4_m7f3_P7_Y92_UO137,MXY,2,0.0,1,0,0.0,0,0,0,-9999.0,0.5101676762307186,1,P5_CV0,1,2,0,1,1
9,8.539752926394888,7.413552560728917,RD9_F6_m3f2_P3_Y94_UO563,RD3_F6_m3f7_P3_Y92_UO553,RD2_F5_m1f5_P1_Y92_UO17,MXY,2,0.0,1,0,0.0,0,0,0,-9999.0,0.5101678436950134,1,P5_CV0,1,2,0,0,2
9,8.539752926394888,7.413552560728917,RD9_F6_m9f2_P9_Y94_UO67,RD9_F6_m2f3_P2_Y92_UO789,RD2_F5_m1f5_P1_Y92_UO17,MXY,2,0.0,1,0,0.0,0,0,0,-9999.0,0.5101677890965295,1,P5_CV0,1,2,0,1,1
9,8.539752926394888,7.413552560728917,RD9_F6_m9f2_P9_Y94_UO68,RD9_F6_m2f3_P2_Y92_UO789,RD2_F5_m1f5_P1_Y92_UO17,MXY,2,0.0,1,0,0.0,0,0,0,-9999.0,0.5101677890965295,1,P5_CV0,1,2,0,1,1
9,8.539752926394888,7.413552560728917,RD9_F6_m9f2_P9_Y94_UO310,RD9_F6_m2f3_P2_Y92_UO242,RD2_F3_m6f3_P6_Y92_UO88,FXX,2,0.0,1,0,1.0,0,0,0,-9999.0,0.5101677637507791,1,P5_CV0,1,1,1,1,1
9,8.539752926394888,7.413552560728917,RD9_F2_m1f5_P1_Y92_UO15,RD1_F5_m2f5_P2_Y90_UO714,RD5_F3_m2f6_P2_Y88_UO716,FXX,4,0.0,1,0,1.0,0,0,0,-9999.0,0.5101678092895234,1,P5_CV0,1,1,1,2,0
9,8.539752926394888,7.413552560728917,RD9_F2_m2f3_P2_Y92_UO740,RD2_F6_m2f9_P2_Y90_UO500,RD3_F5_m1f5_P1_Y90_UO105,FXX,4,0.0,1,0,1.0,0,0,0,-9999.0,0.5101677304847918,1,P5_CV0,1,2,0,1,1
9,8.539752926394888,7.413552560728917,RD9_F2_m6f9_P6_Y94_UO354,RD6_F3_m5f3_P5_Y92_UO774,RD9_F6_m3f5_P3_Y92_UO33,FXX,2,0.0,1,0,1.0,0,0,0,-9999.0,0.5101678132091827,1,P8_CV0,1,1,1,1,1
9,8.539752926394888,7.413552560728917,RD9_F2_m9f6_P9_Y94_UO370,RD9_F2_m5f3_P5_Y92_UO659,RD6_F2_m6f3_P6_Y92_UO118,MXY,2,0.0,1,0,0.0,0,0,0,-9999.0,0.5101677875346766,1,P8_CV0,1,1,1,2,0
9,8.539752926394888,7.413552560728917,RD9_F2_m9f6_P9_Y94_UO781,RD9_F2_m5f2_P5_Y92_UO442,RD6_F2_m5f3_P5_Y92_UO124,MXY,2,0.0,1,0,0.0,0,0,0,-9999.0,0.510167748072881,1,P8_CV0,1,1,1,1,1
9,8.539752926394888,7.413552560728917,RD9_F2_m9f6_P9_Y94_UO782,RD9_F2_m5f2_P5_Y92_UO442,RD6_F2_m5f3_P5_Y92_UO124,MXY,2,0.0,1,0,0.0,0,0,0,-9999.0,0.510167748072881,1,P8_CV0,1,1,1,0,2
9,8.539752926394888,7.413552560728917,RD9_F6_m2f9_P2_Y94_UO159,RD2_F6_m9f6_P9_Y92_UO102,RD9_F6_m9f2_P9_Y92_UO30,FXX,2,0.0,1,0,1.0,0,0,0,-9999.0,0.5101676505884729,1,P8_CV0,1,2,0,2,0
9,8.539752926394888,7.413552560728917,RD9_F6_m2f5_P2_Y94_UO322,RD2_F9_m6f9_P6_Y92_UO719,RD5_F2_m5f1_P5_Y92_UO793,FXX,2,0.0,1,0,1.0,0,0,0,-9999.0,0.510167676814957,1,P8_CV0,1,0,2,1,1
9,8.539752926394888,7.413552560728917,RD9_F6_m2f5_P2_Y94_UO465,RD2_F6_m9f6_P9_Y92_UO102,RD5_F1_m5f2_P5_Y92_UO352,FXX,2,0.0,1,0,1.0,0,0,0,-9999.0,0.5101676856338475,1,P8_CV0,1,2,0,2,0
9,8.539752926394888,7.413552560728917,RD9_F6_m3f6_P3_Y94_UO743,RD3_F2_m5f3_P5_Y92_UO10,RD6_F3_m7f4_P7_Y92_UO511,FXX,2,0.0,1,0,1.0,0,0,0,-9999.0,0.5101677277478505,1,P8_CV0,1,1,1,0,2
9,8.539752926394888,7.413552560728917,RD9_F6_m9f6_P9_Y94_UO369,RD9_F2_m5f3_P5_Y92_UO659,RD6_F2_m6f3_P6_Y92_UO118,FXX,2,0.0,1,0,1.0,0,0,0,-9999.0,0.5101677875346766,1,P8_CV0,1,2,0,1,1
