PatchID,XCOORD,YCOORD,ID,MID,FID,sex,age,size,mature,newmature,layeggs,capture,recapture,state,CDist,Hindex,Species,ClassFile,SubPatchID,L0A0,L0A1,L1A0,L1A1
1,4.359949021420038,0.38889347741837,RD1_F5_m5f3_P5_Y72_UO80,RD5_F3_m6f9_P6_Y70_UO487,RD3_F2_m6f3_P6_Y66_UO524,FXX,1,0.0,0,0,0.0,0,0,0,-9999.0,0.5437982280236611,1,P1_CV0,1,1,1,1,1
1,4.359949021420038,0.38889347741837,RD1_F5_m5f1_P5_Y72_UO322,RD5_F2_m5f2_P5_Y70_UO634,RD1_F5_m1f5_P1_Y70_UO164,MXY,1,0.0,0,0,0.0,0,0,0,-9999.0,0.5437982894763991,1,P1_CV0,1,1,1,2,0
1,4.359949021420038,0.38889347741837,RD1_F5_m5f1_P5_Y72_UO323,RD5_F2_m5f2_P5_Y70_UO634,RD1_F5_m1f5_P1_Y70_UO164,MXY,1,0.0,0,0,0.0,0,0,0,-9999.0,0.5437982894763991,1,P1_CV0,1,1,1,1,1
1,4.359949021420038,0.38889347741837,RD1_F5_m5f2_P5_Y72_UO406,RD5_F1_m5f2_P5_Y70_UO46,RD2_F9_m6f9_P6_Y70_UO273,MXY,1,0.0,0,0,0.0,0,0,0,-9999.0,0.5437973535226774,1,P1_CV0,1,1,1,2,0
1,4.359949021420038,0.38889347741837,RD1_F5_m5f1_P5_Y72_UO548,RD5_F3_m6f2_P6_Y70_UO366,RD1_F5_m2f3_P2_Y70_UO387,FXX,1,0.0,0,0,0.0,0,0,0,-9999.0,0.5437983609917865,1,P1_CV0,1,1,1,1,1
1,4.359949021420038,0.38889347741837,RD1_F5_m5f3_P5_Y72_UO667,RD5_F1_m5f1_P5_Y70_UO112,RD3_F7_m3f6_P3_Y70_UO486,MXY,1,0.0,0,0,0.0,0,0,0,-9999.0,0.5437973171101476,1,P1_CV0,1,1,1,2,0
1,4.359949021420038,0.38889347741837,RD1_F5_m5f2_P5_Y72_UO680,RD5_F1_m5f1_P5_Y70_UO349,RD2_F9_m6f9_P6_Y70_UO739,FXX,1,0.0,0,0,0.0,0,0,0,-9999.0,0.5437996348882734,1,P1_CV0,1,2,0,2,0
1,4.359949021420038,0.38889347741837,RD1_F5_m5f2_P5_Y72_UO705,RD5_F1_m5f2_P5_Y70_UO789,RD2_F9_m6f9_P6_Y70_UO739,MXY,1,0.0,0,0,0.0,0,0,0,-9999.0,0.5437942964708782,1,P1_CV0,1,2,0,2,0
1,4.359949021420038,0.38889347741837,RD1_F5_m5f1_P5_Y72_UO94,RD5_F1_m5f2_P5_Y70_UO386,RD1_F5_m1f5_P1_Y70_UO127,FXX,1,0.0,0,0,0.0,0,0,0,-9999.0,0.5437937204223999,1,P3_CV0,1,1,1,0,2
1,4.359949021420038,0.38889347741837,RD1_F5_m5f3_P5_Y72_UO154,RD5_F2_m9f6_P9_Y70_UO594,RD3_F5_m2f6_P2_Y70_UO696,FXX,1,0.0,0,0,0.0,0,0,0,-9999.0,0.543794106808491,1,P3_CV0,1,1,1,1,1
1,4.359949021420038,0.38889347741837,RD1_F5_m5f2_P5_Y72_UO178,RD5_F1_m5f1_P5_Y70_UO350,RD2_F6_m9f6_P9_Y70_UO243,FXX,1,0.0,0,0,0.0,0,0,0,-9999.0,0.5438025171933987,1,P3_CV0,1,2,0,0,2
1,4.359949021420038,0.38889347741837,RD1_F5_m5f3_P5_Y72_UO188,RD5_F3_m6f2_P6_Y70_UO375,RD3_F2_m6f2_P6_Y70_UO556,FXX,1,0.0,0,0,0.0,0,0,0,-9999.0,0.5437980637107103,1,P3_CV0,1,2,0,1,1
1,4.359949021420038,0.38889347741837,RD1_F5_m5f3_P5_Y72_UO189,RD5_F3_m6f2_P6_Y70_UO375,RD3_F2_m6f2_P6_Y70_UO556,FXX,1,0.0,0,0,0.0,0,0,0,-9999.0,0.5437980637107103,1,P3_CV0,1,2,0,2,0
1,4.359949021420038,0.38889347741837,RD1_F5_m5f1_P5_Y72_UO232,RD5_F1_m5f2_P5_Y70_UO421,RD1_F5_m1f5_P1_Y70_UO565,FXX,1,0.0,0,0,0.0,0,0,0,-9999.0,0.5437898877207772,1,P3_CV0,1,1,1,0,2
1,4.359949021420038,0.38889347741837,RD1_F5_m5f3_P5_Y72_UO316,RD5_F2_m9f6_P9_Y70_UO594,RD3_F6_m3f5_P3_Y70_UO211,FXX,1,0.0,0,0,0.0,0,0,0,-9999.0,0.5437946088823082,1,P3_CV0,1,2,0,1,1
1,4.359949021420038,0.38889347741837,RD1_F5_m5f3_P5_Y72_UO328,RD5_F1_m5f2_P5_Y70_UO609,RD3_F7_m4f8_P4_Y68_UO540,MXY,1,0.0,0,0,0.0,0,0,0,-9999.0,0.5438080850835831,1,P3_CV0,1,2,0,1,1
1,4.359949021420038,0.38889347741837,RD1_F5_m5f3_P5_Y72_UO329,RD5_F1_m5f2_P5_Y70_UO609,RD3_F7_m4f8_P4_Y68_UO540,MXY,1,0.0,0,0,0.0,0,0,0,-9999.0,0.5438080850835831,1,P3_CV0,1,2,0,1,1
1,4.359949021420038,0.38889347741837,RD1_F5_m5f2_P5_Y72_UO357,RD5_F3_m7f4_P7_Y70_UO467,RD2_F9_m2f6_P2_Y70_UO520,MXY,1,0.0,0,0,0.0,0,0,0,-9999.0,0.5438018314453075,1,P3_CV0,1,2,0,2,0
1,4.359949021420038,0.38889347741837,RD1_F5_m5f2_P5_Y72_UO392,RD5_F3_m6f2_P6_Y70_UO375,RD2_F5_m6f9_P6_Y68_UO288,FXX,1,0.0,0,0,0.0,0,0,0,-9999.0,0.5437939200273831,1,P3_CV0,1,2,0,1,1
1,4.359949021420038,0.38889347741837,RD1_F5_m5f2_P5_Y72_UO432,RD5_F1_m5f1_P5_Y70_UO112,RD2_F5_m6f9_P6_Y68_UO288,MXY,1,0.0,0,0,0.0,0,0,0,-9999.0,0.5437930876214523,1,P3_CV0,1,2,0,1,1
1,4.359949021420038,0.38889347741837,RD1_F5_m5f3_P5_Y72_UO437,RD5_F1_m5f1_P5_Y70_UO112,RD3_F2_m6f2_P6_Y70_UO556,FXX,1,0.0,0,0,0.0,0,0,0,-9999.0,0.5437972313047794,1,P3_CV0,1,2,0,2,0
1,4.359949021420038,0.38889347741837,RD1_F5_m5f2_P5_Y72_UO496,RD5_F1_m5f2_P5_Y70_UO421,RD2_F9_m2f9_P2_Y70_UO446,FXX,1,0.0,0,0,0.0,0,0,0,-9999.0,0.5437940985175373,1,P3_CV0,1,2,0,1,1
1,4.359949021420038,0.38889347741837,RD1_F5_m5f1_P5_Y72_UO538,RD5_F1_m5f2_P5_Y70_UO588,RD1_F5_m1f5_P1_Y70_UO425,MXY,1,0.0,0,0,0.0,0,0,0,-9999.0,0.5437962552168756,1,P3_CV0,1,2,0,1,1
1,4.359949021420038,0.38889347741837,RD1_F5_m5f1_P5_Y72_UO596,RD5_F2_m9f6_P9_Y70_UO597,RD1_F5_m1f5_P1_Y70_UO164,FXX,1,0.0,0,0,0.0,0,0,0,-9999.0,0.5437964461816591,1,P3_CV0,1,2,0,2,0
1,4.359949021420038,0.38889347741837,RD1_F5_m5f1_P5_Y72_UO627,RD5_F1_m5f1_P5_Y70_UO350,RD1_F5_m1f5_P1_Y70_UO461,FXX,1,0.0,0,0,0.0,0,0,0,-9999.0,0.5438006158110511,1,P3_CV0,1,0,2,0,2
1,4.359949021420038,0.38889347741837,RD1_F5_m5f1_P5_Y72_UO628,RD5_F1_m5f1_P5_Y70_UO350,RD1_F5_m1f5_P1_Y70_UO461,FXX,1,0.0,0,0,0.0,0,0,0,-9999.0,0.5438006158110511,1,P3_CV0,1,0,2,2,0
1,4.359949021420038,0.38889347741837,RD1_F5_m5f2_P5_Y72_UO650,RD5_F3_m7f4_P7_Y70_UO60,RD2_F6_m9f6_P9_Y70_UO245,MXY,1,0.0,0,0,0.0,0,0,0,-9999.0,0.5438008579658344,1,P3_CV0,1,0,2,0,2
1,4.359949021420038,0.38889347741837,RD1_F5_m5f3_P5_Y72_UO666,RD5_F1_m5f1_P5_Y70_UO112,RD3_F7_m3f6_P3_Y70_UO486,MXY,1,0.0,0,0,0.0,0,0,0,-9999.0,0.5437973171101476,1,P3_CV0,1,1,1,2,0
1,4.359949021420038,0.38889347741837,RD1_F5_m5f1_P5_Y72_UO713,RD5_F3_m6f2_P6_Y70_UO375,RD1_F5_m1f5_P1_Y70_UO101,MXY,1,0.0,0,0,0.0,0,0,0,-9999.0,0.5437986107826873,1,P3_CV0,1,1,1,1,1
1,4.359949021420038,0.38889347741837,RD1_F5_m5f3_P5_Y72_UO14,RD5_F1_m5f2_P5_Y70_UO46,RD3_F7_m4f8_P4_Y68_UO540,MXY,1,0.0,0,0,0.0,0,0,0,-9999.0,0.543803665710584,1,P4_CV0,1,2,0,2,0
1,4.359949021420038,0.38889347741837,RD1_F5_m5f3_P5_Y72_UO15,RD5_F1_m5f2_P5_Y70_UO46,RD3_F7_m4f8_P4_Y68_UO540,MXY,1,0.0,0,0,0.0,0,0,0,-9999.0,0.543803665710584,1,P4_CV0,1,2,0,2,0
1,4.359949021420038,0.38889347741837,RD1_F5_m5f2_P5_Y72_UO44,RD5_F1_m5f2_P5_Y70_UO552,RD2_F9_m6f9_P6_Y70_UO257,MXY,1,0.0,0,0,0.0,0,0,0,-9999.0,0.5437943114775408,1,P4_CV0,1,1,1,1,1
1,4.359949021420038,0.38889347741837,RD1_F5_m5f1_P5_Y72_UO126,RD5_F1_m5f2_P5_Y70_UO560,RD1_F5_m1f5_P1_Y68_UO135,FXX,1,0.0,0,0,0.0,0,0,0,-9999.0,0.5437923316094384,1,P4_CV0,1,1,1,1,1
1,4.359949021420038,0.38889347741837,RD1_F5_m5f3_P5_Y72_UO134,RD5_F2_m9f2_P9_Y70_UO14,RD3_F7_m3f6_P3_Y70_UO486,MXY,1,0.0,0,0,0.0,0,0,0,-9999.0,0.5437951603307738,1,P4_CV0,1,0,2,2,0
1,4.359949021420038,0.38889347741837,RD1_F5_m5f2_P5_Y72_UO177,RD5_F1_m5f1_P5_Y70_UO350,RD2_F6_m9f6_P9_Y70_UO243,MXY,1,0.0,0,0,0.0,0,0,0,-9999.0,0.5438025171933987,1,P4_CV0,1,2,0,0,2
1,4.359949021420038,0.38889347741837,RD1_F5_m5f2_P5_Y72_UO187,RD5_F2_m9f6_P9_Y70_UO594,RD2_F5_m6f9_P6_Y68_UO288,MXY,1,0.0,0,0,0.0,0,0,0,-9999.0,0.5437908967214753,1,P4_CV0,1,1,1,0,2
1,4.359949021420038,0.38889347741837,RD1_F5_m5f2_P5_Y72_UO242,RD5_F1_m5f1_P5_Y70_UO112,RD2_F6_m9f6_P9_Y70_UO243,MXY,1,0.0,0,0,0.0,0,0,0,-9999.0,0.5437975948043459,1,P4_CV0,1,2,0,1,1
1,4.359949021420038,0.38889347741837,RD1_F5_m5f2_P5_Y72_UO339,RD5_F2_m3f7_P3_Y70_UO570,RD2_F9_m6f3_P6_Y70_UO686,MXY,1,0.0,0,0,0.0,0,0,0,-9999.0,0.5437976205757877,1,P4_CV0,1,1,1,1,1
1,4.359949021420038,0.38889347741837,RD1_F5_m5f2_P5_Y72_UO340,RD5_F2_m3f7_P3_Y70_UO570,RD2_F9_m6f3_P6_Y70_UO686,FXX,1,0.0,0,0,0.0,0,0,0,-9999.0,0.5437976205757877,1,P4_CV0,1,0,2,0,2
1,4.359949021420038,0.38889347741837,RD1_F5_m5f2_P5_Y72_UO393,RD5_F3_m6f2_P6_Y70_UO375,RD2_F5_m6f9_P6_Y68_UO288,MXY,1,0.0,0,0,0.0,0,0,0,-9999.0,0.5437939200273831,1,P4_CV0,1,1,1,1,1
1,4.359949021420038,0.38889347741837,RD1_F5_m5f2_P5_Y72_UO407,RD5_F1_m5f2_P5_Y70_UO46,RD2_F9_m6f9_P6_Y70_UO273,MXY,1,0.0,0,0,0.0,0,0,0,-9999.0,0.5437973535226774,1,P4_CV0,1,1,1,2,0
1,4.359949021420038,0.38889347741837,RD1_F5_m5f3_P5_Y72_UO511,RD5_F1_m5f2_P5_Y70_UO789,RD3_F5_m1f5_P1_Y70_UO615,MXY,1,0.0,0,0,0.0,0,0,0,-9999.0,0.5437959326627606,1,P4_CV0,1,2,0,2,0
1,4.359949021420038,0.38889347741837,RD1_F5_m5f3_P5_Y72_UO512,RD5_F1_m5f2_P5_Y70_UO789,RD3_F5_m1f5_P1_Y70_UO615,FXX,1,0.0,0,0,0.0,0,0,0,-9999.0,0.5437959326627606,1,P4_CV0,1,2,0,2,0
1,4.359949021420038,0.38889347741837,RD1_F5_m5f3_P5_Y72_UO610,RD5_F3_m5f2_P5_Y70_UO126,RD3_F2_m6f3_P6_Y70_UO207,FXX,1,0.0,0,0,0.0,0,0,0,-9999.0,0.5437999242312799,1,P4_CV0,1,2,0,0,2
1,4.359949021420038,0.38889347741837,RD1_F5_m5f2_P5_Y72_UO638,RD5_F1_m5f2_P5_Y70_UO788,RD2_F3_m6f9_P6_Y70_UO205,FXX,1,0.0,0,0,0.0,0,0,0,-9999.0,0.543797789447126,1,P4_CV0,1,2,0,1,1
1,4.359949021420038,0.38889347741837,RD1_F5_m5f1_P5_Y72_UO645,RD5_F3_m5f2_P5_Y70_UO751,RD1_F5_m1f5_P1_Y70_UO401,MXY,1,0.0,0,0,0.0,0,0,0,-9999.0,0.5437979942071252,1,P4_CV0,1,2,0,1,1
1,4.359949021420038,0.38889347741837,RD1_F5_m5f3_P5_Y72_UO688,RD5_F2_m5f2_P5_Y70_UO324,RD3_F7_m4f8_P4_Y68_UO540,MXY,1,0.0,0,0,0.0,0,0,0,-9999.0,0.5438052090430574,1,P4_CV0,1,2,0,2,0
1,4.359949021420038,0.38889347741837,RD1_F5_m5f3_P5_Y72_UO693,RD5_F1_m5f1_P5_Y70_UO20,RD3_F6_m9f2_P9_Y70_UO12,MXY,1,0.0,0,0,0.0,0,0,0,-9999.0,0.5437914367867052,1,P4_CV0,1,2,0,1,1
1,4.359949021420038,0.38889347741837,RD1_F5_m5f2_P5_Y72_UO735,RD5_F2_m6f9_P6_Y70_UO169,RD2_F9_m2f6_P2_Y70_UO520,FXX,1,0.0,0,0,0.0,0,0,0,-9999.0,0.5437962731011794,1,P4_CV0,1,0,2,1,1
1,4.359949021420038,0.38889347741837,RD1_F5_m5f1_P5_Y72_UO361,RD5_F3_m6f2_P6_Y70_UO375,RD1_F5_m1f5_P1_Y70_UO732,MXY,1,0.0,0,0,0.0,0,0,0,-9999.0,0.5437976571738545,1,P8_CV0,1,1,1,2,0
1,4.359949021420038,0.38889347741837,RD1_F5_m5f3_P5_Y72_UO408,RD5_F3_m6f9_P6_Y70_UO320,RD3_F5_m2f3_P2_Y70_UO787,FXX,1,0.0,0,0,0.0,0,0,0,-9999.0,0.5437972937979794,1,P8_CV0,1,1,1,0,2
1,4.359949021420038,0.38889347741837,RD1_F5_m5f1_P5_Y72_UO568,RD5_F3_m6f9_P6_Y70_UO320,RD1_F5_m1f5_P1_Y70_UO535,MXY,1,0.0,0,0,0.0,0,0,0,-9999.0,0.5437977247420349,1,P8_CV0,1,2,0,1,1
1,4.359949021420038,0.38889347741837,RD1_F5_m5f1_P5_Y72_UO739,RD5_F2_m9f2_P9_Y70_UO791,RD1_F5_m1f5_P1_Y68_UO135,FXX,1,0.0,0,0,0.0,0,0,0,-9999.0,0.5437938269533333,1,P8_CV0,1,1,1,0,2
1,4.359949021420038,0.38889347741837,RD1_F5_m5f2_P5_Y70_UO682,RD5_F1_m5f2_P5_Y68_UO739,RD2_F9_m6f3_P6_Y68_UO110,FXX,3,0.0,1,0,1.0,0,0,0,-9999.0,0.5437898990057874,1,P8_CV0,1,0,2,2,0
2,5.496624778787091,6.529835889274153,RD2_F3_m3f2_P3_Y72_UO235,RD3_F2_m6f2_P6_Y70_UO774,RD2_F9_m2f3_P2_Y70_UO762,MXY,1,0.0,0,0,0.0,0,0,0,-9999.0,0.5437955336383311,1,P1_CV0,1,2,0,1,1
2,5.496624778787091,6.529835889274153,RD2_F3_m3f6_P3_Y72_UO338,RD3_F7_m4f8_P4_Y70_UO448,RD6_F2_m5f3_P5_Y70_UO443,MXY,1,0.0,0,0,0.0,0,0,0,-9999.0,0.5437996061518788,1,P1_CV0,1,2,0,0,2
2,5.496624778787091,6.529835889274153,RD2_F3_m3f6_P3_Y72_UO360,RD3_F6_m2f5_P2_Y70_UO394,RD6_F2_m3f6_P3_Y70_UO484,MXY,1,0.0,0,0,0.0,0,0,0,-9999.0,0.5437996713299071,1,P1_CV0,1,1,1,1,1
2,5.496624778787091,6.529835889274153,RD2_F5_m5f1_P5_Y72_UO347,RD5_F3_m6f2_P6_Y70_UO375,RD1_F5_m1f5_P1_Y70_UO164,MXY,1,0.0,0,0,0.0,0,0,0,-9999.0,0.543799469487567,1,P1_CV0,1,2,0,2,0
2,5.496624778787091,6.529835889274153,RD2_F5_m5f2_P5_Y72_UO405,RD5_F1_m5f2_P5_Y70_UO46,RD2_F9_m6f9_P6_Y70_UO273,MXY,1,0.0,0,0,0.0,0,0,0,-9999.0,0.5437973535226774,1,P1_CV0,1,1,1,2,0
2,5.496624778787091,6.529835889274153,RD2_F6_m6f9_P6_Y72_UO47,RD6_F3_m5f2_P5_Y70_UO34,RD9_F6_m9f6_P9_Y70_UO104,MXY,1,0.0,0,0,0.0,0,0,0,-9999.0,0.5437983485135192,1,P1_CV0,1,2,0,1,1
2,5.496624778787091,6.529835889274153,RD2_F6_m6f2_P6_Y72_UO127,RD6_F9_m2f9_P2_Y70_UO266,RD2_F5_m1f5_P1_Y70_UO611,MXY,1,0.0,0,0,0.0,0,0,0,-9999.0,0.5437962932337541,1,P1_CV0,1,1,1,1,1
2,5.496624778787091,6.529835889274153,RD2_F6_m6f9_P6_Y72_UO356,RD6_F9_m2f5_P2_Y70_UO319,RD9_F6_m9f6_P9_Y70_UO104,FXX,1,0.0,0,0,0.0,0,0,0,-9999.0,0.5437993986815854,1,P1_CV0,1,2,0,0,2
2,5.496624778787091,6.529835889274153,RD2_F9_m9f2_P9_Y72_UO285,RD9_F6_m9f2_P9_Y70_UO804,RD2_F9_m2f5_P2_Y70_UO30,FXX,1,0.0,0,0,0.0,0,0,0,-9999.0,0.5438003488125105,1,P1_CV0,1,2,0,1,1
2,5.496624778787091,6.529835889274153,RD2_F9_m9f2_P9_Y72_UO286,RD9_F6_m9f2_P9_Y70_UO804,RD2_F9_m2f5_P2_Y70_UO30,FXX,1,0.0,0,0,0.0,0,0,0,-9999.0,0.5438003488125105,1,P1_CV0,1,1,1,2,0
2,5.496624778787091,6.529835889274153,RD2_F9_m9f6_P9_Y72_UO440,RD9_F6_m9f6_P9_Y70_UO380,RD6_F9_m6f9_P6_Y70_UO65,MXY,1,0.0,0,0,0.0,0,0,0,-9999.0,0.5437927872844739,1,P1_CV0,1,2,0,1,1
2,5.496624778787091,6.529835889274153,RD2_F9_m9f2_P9_Y72_UO630,RD9_F6_m9f2_P9_Y70_UO7,RD2_F9_m6f9_P6_Y70_UO739,MXY,1,0.0,0,0,0.0,0,0,0,-9999.0,0.5437963471449621,1,P1_CV0,1,1,1,0,2
2,5.496624778787091,6.529835889274153,RD2_F9_m9f6_P9_Y72_UO651,RD9_F6_m9f2_P9_Y70_UO1,RD6_F3_m7f4_P7_Y70_UO623,MXY,1,0.0,0,0,0.0,0,0,0,-9999.0,0.5437944015247922,1,P1_CV0,1,1,1,1,1
2,5.496624778787091,6.529835889274153,RD2_F9_m9f6_P9_Y72_UO652,RD9_F6_m9f2_P9_Y70_UO1,RD6_F3_m7f4_P7_Y70_UO623,MXY,1,0.0,0,0,0.0,0,0,0,-9999.0,0.5437944015247922,1,P1_CV0,1,2,0,1,1
2,5.496624778787091,6.529835889274153,RD2_F3_m3f6_P3_Y72_UO359,RD3_F6_m2f5_P2_Y70_UO394,RD6_F2_m3f6_P3_Y70_UO484,FXX,1,0.0,0,0,0.0,0,0,0,-9999.0,0.5437996713299071,1,P3_CV0,1,0,2,1,1
2,5.496624778787091,6.529835889274153,RD2_F3_m3f6_P3_Y72_UO460,RD3_F5_m1f5_P1_Y70_UO690,RD6_F3_m2f5_P2_Y70_UO29,FXX,1,0.0,0,0,0.0,0,0,0,-9999.0,0.5437955541674455,1,P3_CV0,1,1,1,0,2
2,5.496624778787091,6.529835889274153,RD2_F5_m5f1_P5_Y72_UO95,RD5_F1_m5f2_P5_Y70_UO386,RD1_F5_m1f5_P1_Y70_UO127,FXX,1,0.0,0,0,0.0,0,0,0,-9999.0,0.5437937204223999,1,P3_CV0,1,1,1,1,1
2,5.496624778787091,6.529835889274153,RD2_F5_m5f3_P5_Y72_UO151,RD5_F1_m5f2_P5_Y70_UO788,RD3_F7_m4f8_P4_Y70_UO705,FXX,1,0.0,0,0,0.0,0,0,0,-9999.0,0.5437994486783282,1,P3_CV0,1,2,0,1,1
2,5.496624778787091,6.529835889274153,RD2_F5_m5f3_P5_Y72_UO153,RD5_F2_m9f6_P9_Y70_UO594,RD3_F5_m2f6_P2_Y70_UO696,MXY,1,0.0,0,0,0.0,0,0,0,-9999.0,0.543794106808491,1,P3_CV0,1,2,0,0,2
2,5.496624778787091,6.529835889274153,RD2_F5_m5f2_P5_Y72_UO186,RD5_F2_m9f6_P9_Y70_UO594,RD2_F5_m6f9_P6_Y68_UO288,MXY,1,0.0,0,0,0.0,0,0,0,-9999.0,0.5437908967214753,1,P3_CV0,1,0,2,0,2
2,5.496624778787091,6.529835889274153,RD2_F5_m5f2_P5_Y72_UO221,RD5_F3_m6f9_P6_Y70_UO320,RD2_F5_m1f5_P1_Y70_UO734,MXY,1,0.0,0,0,0.0,0,0,0,-9999.0,0.543795748915727,1,P3_CV0,1,0,2,1,1
2,5.496624778787091,6.529835889274153,RD2_F5_m5f1_P5_Y72_UO362,RD5_F3_m6f2_P6_Y70_UO375,RD1_F5_m1f5_P1_Y70_UO732,FXX,1,0.0,0,0,0.0,0,0,0,-9999.0,0.5437976571738545,1,P3_CV0,1,1,1,2,0
2,5.496624778787091,6.529835889274153,RD2_F5_m5f3_P5_Y72_UO438,RD5_F1_m5f1_P5_Y70_UO112,RD3_F2_m6f2_P6_Y70_UO556,MXY,1,0.0,0,0,0.0,0,0,0,-9999.0,0.5437972313047794,1,P3_CV0,1,2,0,1,1
2,5.496624778787091,6.529835889274153,RD2_F5_m5f1_P5_Y72_UO539,RD5_F1_m5f2_P5_Y70_UO588,RD1_F5_m1f5_P1_Y70_UO425,MXY,1,0.0,0,0,0.0,0,0,0,-9999.0,0.5437962552168756,1,P3_CV0,1,2,0,1,1
2,5.496624778787091,6.529835889274153,RD2_F5_m5f2_P5_Y72_UO639,RD5_F1_m5f2_P5_Y70_UO788,RD2_F3_m6f9_P6_Y70_UO205,MXY,1,0.0,0,0,0.0,0,0,0,-9999.0,0.543797789447126,1,P3_CV0,1,2,0,2,0
2,5.496624778787091,6.529835889274153,RD2_F5_m5f1_P5_Y72_UO714,RD5_F3_m6f2_P6_Y70_UO375,RD1_F5_m1f5_P1_Y70_UO101,FXX,1,0.0,0,0,0.0,0,0,0,-9999.0,0.5437986107826873,1,P3_CV0,1,2,0,1,1
2,5.496624778787091,6.529835889274153,RD2_F6_m6f3_P6_Y72_UO175,RD6_F9_m6f2_P6_Y70_UO722,RD3_F6_m2f3_P2_Y70_UO681,FXX,1,0.0,0,0,0.0,0,0,0,-9999.0,0.5437936961316154,1,P3_CV0,1,2,0,2,0
2,5.496624778787091,6.529835889274153,RD2_F6_m6f3_P6_Y72_UO371,RD6_F2_m3f2_P3_Y70_UO610,RD3_F7_m4f8_P4_Y70_UO706,FXX,1,0.0,0,0,0.0,0,0,0,-9999.0,0.5438022934977198,1,P3_CV0,1,2,0,2,0
2,5.496624778787091,6.529835889274153,RD2_F6_m6f3_P6_Y72_UO435,RD6_F9_m6f2_P6_Y70_UO364,RD3_F7_m4f8_P4_Y70_UO640,FXX,1,0.0,0,0,0.0,0,0,0,-9999.0,0.5438006393669639,1,P3_CV0,1,0,2,0,2
2,5.496624778787091,6.529835889274153,RD2_F6_m6f3_P6_Y72_UO577,RD6_F2_m3f2_P3_Y70_UO610,RD3_F5_m1f5_P1_Y70_UO261,MXY,1,0.0,0,0,0.0,0,0,0,-9999.0,0.5437985822718474,1,P3_CV0,1,1,1,1,1
2,5.496624778787091,6.529835889274153,RD2_F9_m9f6_P9_Y72_UO166,RD9_F6_m9f6_P9_Y70_UO117,RD6_F9_m6f9_P6_Y70_UO66,FXX,1,0.0,0,0,0.0,0,0,0,-9999.0,0.5437962452524516,1,P3_CV0,1,2,0,1,1
2,5.496624778787091,6.529835889274153,RD2_F9_m9f2_P9_Y72_UO167,RD9_F6_m9f6_P9_Y70_UO117,RD2_F5_m1f5_P1_Y70_UO734,MXY,1,0.0,0,0,0.0,0,0,0,-9999.0,0.5437981350623886,1,P3_CV0,1,1,1,0,2
2,5.496624778787091,6.529835889274153,RD2_F9_m9f6_P9_Y72_UO278,RD9_F6_m9f6_P9_Y70_UO117,RD6_F2_m5f3_P5_Y70_UO443,FXX,1,0.0,0,0,0.0,0,0,0,-9999.0,0.5438004915922647,1,P3_CV0,1,2,0,1,1
2,5.496624778787091,6.529835889274153,RD2_F9_m9f2_P9_Y72_UO448,RD9_F6_m2f5_P2_Y70_UO119,RD2_F6_m9f2_P9_Y70_UO778,FXX,1,0.0,0,0,0.0,0,0,0,-9999.0,0.5437954216540675,1,P3_CV0,1,0,2,1,1
2,5.496624778787091,6.529835889274153,RD2_F9_m9f2_P9_Y72_UO463,RD9_F2_m9f2_P9_Y70_UO328,RD2_F6_m9f2_P9_Y70_UO778,FXX,1,0.0,0,0,0.0,0,0,0,-9999.0,0.5437989453494083,1,P3_CV0,1,0,2,2,0
2,5.496624778787091,6.529835889274153,RD2_F9_m9f2_P9_Y72_UO475,RD9_F6_m9f6_P9_Y70_UO117,RD2_F3_m6f9_P6_Y70_UO159,MXY,1,0.0,0,0,0.0,0,0,0,-9999.0,0.543795349120046,1,P3_CV0,1,1,1,1,1
2,5.496624778787091,6.529835889274153,RD2_F9_m9f6_P9_Y72_UO531,RD9_F6_m3f6_P3_Y70_UO314,RD6_F3_m5f3_P5_Y70_UO389,MXY,1,0.0,0,0,0.0,0,0,0,-9999.0,0.543800381685287,1,P3_CV0,1,2,0,0,2
2,5.496624778787091,6.529835889274153,RD2_F9_m9f6_P9_Y72_UO532,RD9_F6_m3f6_P3_Y70_UO314,RD6_F3_m5f3_P5_Y70_UO389,MXY,1,0.0,0,0,0.0,0,0,0,-9999.0,0.543800381685287,1,P3_CV0,1,1,1,1,1
2,5.496624778787091,6.529835889274153,RD2_F9_m6f9_P6_Y70_UO489,RD6_F2_m6f2_P6_Y68_UO357,RD9_F6_m2f3_P2_Y68_UO293,FXX,3,0.0,1,0,1.0,0,0,0,-9999.0,0.5437940790652647,1,P3_CV0,1,1,1,1,1
2,5.496624778787091,6.529835889274153,RD2_F9_m2f6_P2_Y70_UO363,RD2_F9_m6f2_P6_Y68_UO426,RD6_F2_m6f3_P6_Y68_UO752,MXY,3,0.0,1,0,0.0,0,0,0,-9999.0,0.5437948347971542,1,P3_CV0,1,1,1,1,1
2,5.496624778787091,6.529835889274153,RD2_F9_m9f6_P9_Y70_UO781,RD9_F2_m3f6_P3_Y68_UO657,RD6_F2_m6f2_P6_Y68_UO722,MXY,3,0.0,1,0,0.0,0,0,0,-9999.0,0.5437957331960206,1,P3_CV0,1,2,0,0,2
2,5.496624778787091,6.529835889274153,RD2_F3_m3f7_P3_Y72_UO92,RD3_F5_m2f6_P2_Y70_UO599,RD7_F3_m2f9_P2_Y70_UO585,MXY,1,0.0,0,0,0.0,0,0,0,-9999.0,0.5437994810672535,1,P4_CV0,1,1,1,1,1
2,5.496624778787091,6.529835889274153,RD2_F3_m3f6_P3_Y72_UO530,RD3_F7_m3f7_P3_Y70_UO64,RD6_F3_m5f3_P5_Y70_UO355,MXY,1,0.0,0,0,0.0,0,0,0,-9999.0,0.5437990520695166,1,P4_CV0,1,2,0,1,1
2,5.496624778787091,6.529835889274153,RD2_F3_m3f7_P3_Y72_UO620,RD3_F5_m3f7_P3_Y70_UO62,RD7_F3_m2f6_P2_Y70_UO694,FXX,1,0.0,0,0,0.0,0,0,0,-9999.0,0.5437977795954794,1,P4_CV0,1,2,0,1,1
2,5.496624778787091,6.529835889274153,RD2_F3_m3f2_P3_Y72_UO625,RD3_F6_m9f2_P9_Y70_UO333,RD2_F9_m6f9_P6_Y70_UO257,MXY,1,0.0,0,0,0.0,0,0,0,-9999.0,0.5437947942773462,1,P4_CV0,1,0,2,1,1
2,5.496624778787091,6.529835889274153,RD2_F5_m5f3_P5_Y72_UO298,RD5_F3_m5f2_P5_Y70_UO751,RD3_F7_m4f8_P4_Y68_UO540,FXX,1,0.0,0,0,0.0,0,0,0,-9999.0,0.5438039637010661,1,P4_CV0,1,1,1,2,0
2,5.496624778787091,6.529835889274153,RD2_F5_m5f1_P5_Y72_UO537,RD5_F1_m5f2_P5_Y70_UO588,RD1_F5_m1f5_P1_Y70_UO425,FXX,1,0.0,0,0,0.0,0,0,0,-9999.0,0.5437962552168756,1,P4_CV0,1,2,0,1,1
2,5.496624778787091,6.529835889274153,RD2_F5_m5f1_P5_Y72_UO712,RD5_F3_m6f2_P6_Y70_UO375,RD1_F5_m1f5_P1_Y70_UO101,FXX,1,0.0,0,0,0.0,0,0,0,-9999.0,0.5437986107826873,1,P4_CV0,1,2,0,1,1
2,5.496624778787091,6.529835889274153,RD2_F6_m6f2_P6_Y72_UO89,RD6_F3_m7f3_P7_Y70_UO130,RD2_F5_m1f5_P1_Y70_UO611,MXY,1,0.0,0,0,0.0,0,0,0,-9999.0,0.5437957191279565,1,P4_CV0,1,1,1,1,1
2,5.496624778787091,6.529835889274153,RD2_F6_m6f2_P6_Y72_UO140,RD6_F9_m2f5_P2_Y70_UO319,RD2_F9_m6f2_P6_Y70_UO376,MXY,1,0.0,0,0,0.0,0,0,0,-9999.0,0.5437962041141873,1,P4_CV0,1,1,1,1,1
2,5.496624778787091,6.529835889274153,RD2_F6_m6f2_P6_Y72_UO141,RD6_F9_m2f5_P2_Y70_UO319,RD2_F9_m6f2_P6_Y70_UO376,FXX,1,0.0,0,0,0.0,0,0,0,-9999.0,0.5437962041141873,1,P4_CV0,1,2,0,1,1
2,5.496624778787091,6.529835889274153,RD2_F6_m6f9_P6_Y72_UO145,RD6_F9_m6f3_P6_Y70_UO267,RD9_F6_m3f5_P3_Y70_UO109,FXX,1,0.0,0,0,0.0,0,0,0,-9999.0,0.5437999291571032,1,P4_CV0,1,2,0,2,0
2,5.496624778787091,6.529835889274153,RD2_F6_m6f2_P6_Y72_UO270,RD6_F9_m6f3_P6_Y70_UO770,RD2_F6_m9f6_P9_Y70_UO245,FXX,1,0.0,0,0,0.0,0,0,0,-9999.0,0.5437992988299811,1,P4_CV0,1,2,0,1,1
2,5.496624778787091,6.529835889274153,RD2_F6_m6f3_P6_Y72_UO587,RD6_F2_m6f3_P6_Y70_UO274,RD3_F2_m6f9_P6_Y70_UO304,MXY,1,0.0,0,0,0.0,0,0,0,-9999.0,0.54379659262122,1,P4_CV0,1,1,1,1,1
2,5.496624778787091,6.529835889274153,RD2_F6_m6f3_P6_Y72_UO588,RD6_F2_m6f3_P6_Y70_UO274,RD3_F2_m6f9_P6_Y70_UO304,MXY,1,0.0,0,0,0.0,0,0,0,-9999.0,0.54379659262122,1,P4_CV0,1,1,1,1,1
2,5.496624778787091,6.529835889274153,RD2_F6_m6f3_P6_Y72_UO655,RD6_F9_m6f2_P6_Y70_UO311,RD3_F7_m4f8_P4_Y70_UO317,FXX,1,0.0,0,0,0.0,0,0,0,-9999.0,0.5437964626034955,1,P4_CV0,1,1,1,1,1
2,5.496624778787091,6.529835889274153,RD2_F6_m6f2_P6_Y72_UO706,RD6_F9_m6f3_P6_Y70_UO770,RD2_F9_m6f3_P6_Y70_UO88,FXX,1,0.0,0,0,0.0,0,0,0,-9999.0,0.5437975327222375,1,P4_CV0,1,2,0,1,1
2,5.496624778787091,6.529835889274153,RD2_F6_m6f9_P6_Y72_UO721,RD6_F9_m6f3_P6_Y70_UO619,RD9_F2_m6f2_P6_Y70_UO772,FXX,1,0.0,0,0,0.0,0,0,0,-9999.0,0.5437978909430967,1,P4_CV0,1,1,1,1,1
2,5.496624778787091,6.529835889274153,RD2_F9_m9f2_P9_Y72_UO59,RD9_F6_m9f2_P9_Y70_UO398,RD2_F9_m6f3_P6_Y70_UO88,FXX,1,0.0,0,0,0.0,0,0,0,-9999.0,0.5437951779422292,1,P4_CV0,1,2,0,1,1
2,5.496624778787091,6.529835889274153,RD2_F9_m9f2_P9_Y72_UO60,RD9_F6_m9f2_P9_Y70_UO398,RD2_F9_m6f3_P6_Y70_UO88,FXX,1,0.0,0,0,0.0,0,0,0,-9999.0,0.5437951779422292,1,P4_CV0,1,2,0,2,0
2,5.496624778787091,6.529835889274153,RD2_F9_m9f6_P9_Y72_UO164,RD9_F6_m9f6_P9_Y70_UO117,RD6_F9_m6f9_P6_Y70_UO66,FXX,1,0.0,0,0,0.0,0,0,0,-9999.0,0.5437962452524516,1,P4_CV0,1,1,1,1,1
2,5.496624778787091,6.529835889274153,RD2_F9_m9f6_P9_Y72_UO217,RD9_F6_m9f2_P9_Y70_UO3,RD6_F3_m7f3_P7_Y70_UO655,FXX,1,0.0,0,0,0.0,0,0,0,-9999.0,0.543797953043395,1,P4_CV0,1,1,1,1,1
2,5.496624778787091,6.529835889274153,RD2_F9_m9f2_P9_Y72_UO266,RD9_F6_m9f2_P9_Y70_UO11,RD2_F9_m6f2_P6_Y70_UO649,MXY,1,0.0,0,0,0.0,0,0,0,-9999.0,0.5437958441289084,1,P4_CV0,1,1,1,1,1
2,5.496624778787091,6.529835889274153,RD2_F9_m9f6_P9_Y72_UO377,RD9_F6_m9f2_P9_Y70_UO3,RD6_F3_m7f4_P7_Y70_UO623,MXY,1,0.0,0,0,0.0,0,0,0,-9999.0,0.5437944015247922,1,P4_CV0,1,1,1,1,1
2,5.496624778787091,6.529835889274153,RD2_F9_m9f6_P9_Y72_UO378,RD9_F6_m9f2_P9_Y70_UO3,RD6_F3_m7f4_P7_Y70_UO623,FXX,1,0.0,0,0,0.0,0,0,0,-9999.0,0.5437944015247922,1,P4_CV0,1,1,1,1,1
2,5.496624778787091,6.529835889274153,RD2_F9_m9f6_P9_Y72_UO409,RD9_F2_m3f7_P3_Y70_UO673,RD6_F9_m2f3_P2_Y70_UO761,FXX,1,0.0,0,0,0.0,0,0,0,-9999.0,0.5437997803928738,1,P4_CV0,1,1,1,1,1
2,5.496624778787091,6.529835889274153,RD2_F9_m9f2_P9_Y72_UO414,RD9_F6_m9f6_P9_Y70_UO228,RD2_F9_m6f3_P6_Y70_UO125,FXX,1,0.0,0,0,0.0,0,0,0,-9999.0,0.5437939560833911,1,P4_CV0,1,0,2,0,2
2,5.496624778787091,6.529835889274153,RD2_F9_m9f6_P9_Y72_UO439,RD9_F6_m9f6_P9_Y70_UO380,RD6_F9_m6f9_P6_Y70_UO65,MXY,1,0.0,0,0,0.0,0,0,0,-9999.0,0.5437927872844739,1,P4_CV0,1,1,1,1,1
2,5.496624778787091,6.529835889274153,RD2_F9_m9f2_P9_Y72_UO462,RD9_F2_m9f2_P9_Y70_UO328,RD2_F6_m9f2_P9_Y70_UO778,MXY,1,0.0,0,0,0.0,0,0,0,-9999.0,0.5437989453494083,1,P4_CV0,1,1,1,1,1
2,5.496624778787091,6.529835889274153,RD2_F9_m9f2_P9_Y72_UO468,RD9_F6_m3f2_P3_Y70_UO528,RD2_F6_m3f7_P3_Y70_UO590,FXX,1,0.0,0,0,0.0,0,0,0,-9999.0,0.5437989341844514,1,P4_CV0,1,1,1,1,1
2,5.496624778787091,6.529835889274153,RD2_F9_m9f2_P9_Y72_UO471,RD9_F6_m3f2_P3_Y70_UO528,RD2_F6_m3f7_P3_Y70_UO590,MXY,1,0.0,0,0,0.0,0,0,0,-9999.0,0.5437989341844514,1,P4_CV0,1,1,1,1,1
2,5.496624778787091,6.529835889274153,RD2_F9_m9f6_P9_Y72_UO518,RD9_F6_m3f5_P3_Y70_UO550,RD6_F9_m6f9_P6_Y70_UO321,FXX,1,0.0,0,0,0.0,0,0,0,-9999.0,0.5437982212861243,1,P4_CV0,1,1,1,1,1
2,5.496624778787091,6.529835889274153,RD2_F3_m3f7_P3_Y70_UO801,RD3_F5_m1f5_P1_Y68_UO485,RD7_F3_m7f4_P7_Y68_UO257,FXX,3,0.0,1,0,1.0,0,0,0,-9999.0,0.5437953012587968,1,P4_CV0,1,1,1,1,1
2,5.496624778787091,6.529835889274153,RD2_F3_m5f2_P5_Y70_UO25,RD5_F1_m5f1_P5_Y68_UO822,RD2_F6_m9f6_P9_Y68_UO689,MXY,3,0.0,1,0,0.0,0,0,0,-9999.0,0.5437963978838525,1,P4_CV0,1,0,2,1,1
2,5.496624778787091,6.529835889274153,RD2_F5_m6f9_P6_Y70_UO280,RD6_F2_m9f6_P9_Y68_UO260,RD9_F2_m5f1_P5_Y68_UO93,FXX,3,0.0,1,0,1.0,0,0,0,-9999.0,0.5437927450548159,1,P4_CV0,1,1,1,1,1
2,5.496624778787091,6.529835889274153,RD2_F6_m6f3_P6_Y70_UO87,RD6_F9_m6f3_P6_Y68_UO478,RD3_F6_m9f2_P9_Y68_UO465,MXY,3,0.0,1,0,0.0,0,0,0,-9999.0,0.5437956476016552,1,P4_CV0,1,1,1,1,1
2,5.496624778787091,6.529835889274153,RD2_F6_m2f3_P2_Y70_UO497,RD2_F6_m3f7_P3_Y68_UO316,RD3_F6_m2f9_P2_Y68_UO543,MXY,3,0.0,1,0,0.0,0,0,0,-9999.0,0.5437982655930682,1,P4_CV0,1,1,1,1,1
2,5.496624778787091,6.529835889274153,RD2_F9_m9f2_P9_Y72_UO363,RD9_F2_m3f2_P3_Y70_UO188,RD2_F9_m2f9_P2_Y70_UO446,MXY,1,0.0,0,0,0.0,0,0,0,-9999.0,0.543798865233839,1,P5_CV0,1,2,0,2,0
2,5.496624778787091,6.529835889274153,RD2_F3_m3f7_P3_Y72_UO536,RD3_F2_m9f6_P9_Y70_UO405,RD7_F3_m7f4_P7_Y70_UO719,MXY,1,0.0,0,0,0.0,0,0,0,-9999.0,0.5437971424944408,1,P6_CV0,1,2,0,1,1
2,5.496624778787091,6.529835889274153,RD2_F6_m6f9_P6_Y72_UO107,RD6_F9_m6f3_P6_Y70_UO619,RD9_F6_m9f6_P9_Y70_UO408,FXX,1,0.0,0,0,0.0,0,0,0,-9999.0,0.543800497376651,1,P6_CV0,1,0,2,0,2
2,5.496624778787091,6.529835889274153,RD2_F9_m9f6_P9_Y72_UO170,RD9_F2_m5f2_P5_Y70_UO782,RD6_F9_m6f3_P6_Y70_UO687,FXX,1,0.0,0,0,0.0,0,0,0,-9999.0,0.543800171235489,1,P6_CV0,1,1,1,1,1
2,5.496624778787091,6.529835889274153,RD2_F3_m3f5_P3_Y72_UO220,RD3_F5_m2f3_P2_Y70_UO786,RD5_F2_m7f4_P7_Y68_UO244,MXY,1,0.0,0,0,0.0,0,0,0,-9999.0,0.5438001177644765,1,P8_CV0,1,0,2,1,1
2,5.496624778787091,6.529835889274153,RD2_F3_m3f6_P3_Y72_UO318,RD3_F6_m3f7_P3_Y70_UO589,RD6_F9_m6f9_P6_Y70_UO65,FXX,1,0.0,0,0,0.0,0,0,0,-9999.0,0.5437972518557217,1,P8_CV0,1,2,0,1,1
2,5.496624778787091,6.529835889274153,RD2_F5_m5f2_P5_Y72_UO495,RD5_F1_m5f2_P5_Y70_UO421,RD2_F9_m2f9_P2_Y70_UO446,MXY,1,0.0,0,0,0.0,0,0,0,-9999.0,0.5437940985175373,1,P8_CV0,1,1,1,2,0
2,5.496624778787091,6.529835889274153,RD2_F6_m6f2_P6_Y72_UO139,RD6_F9_m2f5_P2_Y70_UO319,RD2_F9_m6f2_P6_Y70_UO376,MXY,1,0.0,0,0,0.0,0,0,0,-9999.0,0.5437962041141873,1,P8_CV0,1,2,0,1,1
2,5.496624778787091,6.529835889274153,RD2_F6_m6f3_P6_Y72_UO493,RD6_F3_m7f4_P7_Y70_UO120,RD3_F6_m9f2_P9_Y70_UO313,FXX,1,0.0,0,0,0.0,0,0,0,-9999.0,0.5438035720799235,1,P8_CV0,1,2,0,1,1
2,5.496624778787091,6.529835889274153,RD2_F6_m6f9_P6_Y72_UO519,RD6_F9_m6f3_P6_Y70_UO770,RD9_F2_m9f2_P9_Y68_UO502,FXX,1,0.0,0,0,0.0,0,0,0,-9999.0,0.5437966433273687,1,P8_CV0,1,2,0,2,0
2,5.496624778787091,6.529835889274153,RD2_F6_m6f9_P6_Y72_UO520,RD6_F9_m6f3_P6_Y70_UO770,RD9_F2_m9f2_P9_Y68_UO502,FXX,1,0.0,0,0,0.0,0,0,0,-9999.0,0.5437966433273687,1,P8_CV0,1,2,0,2,0
2,5.496624778787091,6.529835889274153,RD2_F6_m6f9_P6_Y72_UO521,RD6_F9_m6f3_P6_Y70_UO770,RD9_F2_m9f2_P9_Y68_UO502,MXY,1,0.0,0,0,0.0,0,0,0,-9999.0,0.5437966433273687,1,P8_CV0,1,2,0,1,1
2,5.496624778787091,6.529835889274153,RD2_F9_m9f6_P9_Y72_UO9,RD9_F2_m6f9_P6_Y70_UO238,RD6_F3_m5f1_P5_Y70_UO161,MXY,1,0.0,0,0,0.0,0,0,0,-9999.0,0.5437978393129015,1,P8_CV0,1,0,2,1,1
2,5.496624778787091,6.529835889274153,RD2_F9_m9f6_P9_Y72_UO517,RD9_F6_m3f5_P3_Y70_UO550,RD6_F9_m6f9_P6_Y70_UO321,MXY,1,0.0,0,0,0.0,0,0,0,-9999.0,0.5437982212861243,1,P8_CV0,1,0,2,1,1
2,5.496624778787091,6.529835889274153,RD2_F6_m7f4_P7_Y70_UO120,RD7_F3_m5f3_P5_Y68_UO756,RD4_F7_m4f8_P4_Y68_UO731,FXX,3,0.0,1,0,1.0,0,0,0,-9999.0,0.5438025356997969,1,P8_CV0,1,2,0,2,0
3,4.20367802087489,4.955022315058112,RD3_F2_m2f3_P2_Y72_UO56,RD2_F6_m9f6_P9_Y70_UO103,RD3_F2_m6f3_P6_Y70_UO752,FXX,1,0.0,0,0,0.0,0,0,0,-9999.0,0.5438015781182912,1,P1_CV0,1,2,0,0,2
3,4.20367802087489,4.955022315058112,RD3_F2_m2f6_P2_Y72_UO478,RD2_F6_m9f2_P9_Y70_UO16,RD6_F2_m3f2_P3_Y70_UO527,MXY,1,0.0,0,0,0.0,0,0,0,-9999.0,0.5437944605073426,1,P1_CV0,1,1,1,1,1
3,4.20367802087489,4.955022315058112,RD3_F2_m2f5_P2_Y72_UO730,RD2_F9_m6f9_P6_Y70_UO194,RD5_F3_m5f2_P5_Y70_UO587,MXY,1,0.0,0,0,0.0,0,0,0,-9999.0,0.5437973791304103,1,P1_CV0,1,2,0,1,1
3,4.20367802087489,4.955022315058112,RD3_F5_m5f3_P5_Y72_UO49,RD5_F1_m5f1_P5_Y70_UO350,RD3_F2_m6f3_P6_Y66_UO524,MXY,1,0.0,0,0,0.0,0,0,0,-9999.0,0.5438041157758562,1,P1_CV0,1,1,1,2,0
3,4.20367802087489,4.955022315058112,RD3_F5_m5f1_P5_Y72_UO81,RD5_F1_m5f2_P5_Y70_UO632,RD1_F5_m1f5_P1_Y70_UO425,MXY,1,0.0,0,0,0.0,0,0,0,-9999.0,0.5437963377589767,1,P1_CV0,1,2,0,0,2
3,4.20367802087489,4.955022315058112,RD3_F5_m5f2_P5_Y72_UO121,RD5_F2_m5f1_P5_Y70_UO179,RD2_F9_m2f5_P2_Y70_UO30,FXX,1,0.0,0,0,0.0,0,0,0,-9999.0,0.543798035781947,1,P1_CV0,1,2,0,1,1
3,4.20367802087489,4.955022315058112,RD3_F6_m6f9_P6_Y72_UO354,RD6_F9_m2f5_P2_Y70_UO319,RD9_F6_m9f6_P9_Y70_UO104,MXY,1,0.0,0,0,0.0,0,0,0,-9999.0,0.5437993986815854,1,P1_CV0,1,1,1,0,2
3,4.20367802087489,4.955022315058112,RD3_F7_m7f3_P7_Y72_UO301,RD7_F4_m8f4_P8_Y70_UO49,RD3_F7_m3f2_P3_Y70_UO190,MXY,1,0.0,0,0,0.0,0,0,0,-9999.0,0.543800364339404,1,P1_CV0,1,1,1,1,1
3,4.20367802087489,4.955022315058112,RD3_F7_m7f3_P7_Y72_UO384,RD7_F4_m8f4_P8_Y70_UO495,RD3_F7_m4f8_P4_Y68_UO540,FXX,1,0.0,0,0,0.0,0,0,0,-9999.0,0.5438038255670108,1,P1_CV0,1,1,1,2,0
3,4.20367802087489,4.955022315058112,RD3_F7_m7f3_P7_Y72_UO740,RD7_F4_m8f4_P8_Y70_UO370,RD3_F5_m1f5_P1_Y70_UO261,MXY,1,0.0,0,0,0.0,0,0,0,-9999.0,0.5437944412369689,1,P1_CV0,1,1,1,0,2
3,4.20367802087489,4.955022315058112,RD3_F6_m2f3_P2_Y70_UO330,RD2_F9_m6f2_P6_Y68_UO443,RD3_F7_m3f5_P3_Y68_UO468,MXY,3,0.0,1,0,0.0,0,0,0,-9999.0,0.5437948975741165,1,P1_CV0,1,1,1,2,0
3,4.20367802087489,4.955022315058112,RD3_F2_m2f3_P2_Y72_UO149,RD2_F3_m5f1_P5_Y70_UO162,RD3_F6_m9f2_P9_Y70_UO313,FXX,1,0.0,0,0,0.0,0,0,0,-9999.0,0.5438000954527524,1,P3_CV0,1,1,1,1,1
3,4.20367802087489,4.955022315058112,RD3_F2_m2f9_P2_Y72_UO259,RD2_F6_m9f6_P9_Y70_UO254,RD9_F2_m6f2_P6_Y70_UO447,MXY,1,0.0,0,0,0.0,0,0,0,-9999.0,0.5438004931493197,1,P3_CV0,1,2,0,1,1
3,4.20367802087489,4.955022315058112,RD3_F5_m5f3_P5_Y72_UO50,RD5_F1_m5f1_P5_Y70_UO350,RD3_F2_m6f3_P6_Y66_UO524,FXX,1,0.0,0,0,0.0,0,0,0,-9999.0,0.5438041157758562,1,P3_CV0,1,2,0,2,0
3,4.20367802087489,4.955022315058112,RD3_F5_m5f3_P5_Y72_UO152,RD5_F1_m5f2_P5_Y70_UO788,RD3_F7_m4f8_P4_Y70_UO705,MXY,1,0.0,0,0,0.0,0,0,0,-9999.0,0.5437994486783282,1,P3_CV0,1,2,0,0,2
3,4.20367802087489,4.955022315058112,RD3_F5_m5f2_P5_Y72_UO176,RD5_F1_m5f1_P5_Y70_UO350,RD2_F6_m9f6_P9_Y70_UO243,FXX,1,0.0,0,0,0.0,0,0,0,-9999.0,0.5438025171933987,1,P3_CV0,1,1,1,1,1
3,4.20367802087489,4.955022315058112,RD3_F5_m5f3_P5_Y72_UO317,RD5_F2_m9f6_P9_Y70_UO594,RD3_F6_m3f5_P3_Y70_UO211,FXX,1,0.0,0,0,0.0,0,0,0,-9999.0,0.5437946088823082,1,P3_CV0,1,2,0,1,1
3,4.20367802087489,4.955022315058112,RD3_F5_m5f2_P5_Y72_UO431,RD5_F1_m5f1_P5_Y70_UO112,RD2_F5_m6f9_P6_Y68_UO288,FXX,1,0.0,0,0,0.0,0,0,0,-9999.0,0.5437930876214523,1,P3_CV0,1,2,0,1,1
3,4.20367802087489,4.955022315058112,RD3_F5_m5f3_P5_Y72_UO641,RD5_F2_m9f6_P9_Y70_UO594,RD3_F6_m3f5_P3_Y70_UO211,MXY,1,0.0,0,0,0.0,0,0,0,-9999.0,0.5437946088823082,1,P3_CV0,1,0,2,1,1
3,4.20367802087489,4.955022315058112,RD3_F6_m6f9_P6_Y72_UO36,RD6_F9_m6f3_P6_Y70_UO619,RD9_F2_m6f2_P6_Y70_UO447,FXX,1,0.0,0,0,0.0,0,0,0,-9999.0,0.5438006940421474,1,P3_CV0,1,1,1,0,2
3,4.20367802087489,4.955022315058112,RD3_F6_m6f3_P6_Y72_UO110,RD6_F9_m6f2_P6_Y70_UO364,RD3_F2_m6f9_P6_Y70_UO304,FXX,1,0.0,0,0,0.0,0,0,0,-9999.0,0.5437942712123913,1,P3_CV0,1,0,2,1,1
3,4.20367802087489,4.955022315058112,RD3_F6_m6f3_P6_Y72_UO370,RD6_F2_m3f2_P3_Y70_UO610,RD3_F7_m4f8_P4_Y70_UO706,FXX,1,0.0,0,0,0.0,0,0,0,-9999.0,0.5438022934977198,1,P3_CV0,1,2,0,1,1
3,4.20367802087489,4.955022315058112,RD3_F6_m6f2_P6_Y72_UO455,RD6_F2_m9f2_P9_Y70_UO400,RD2_F5_m6f9_P6_Y68_UO288,FXX,1,0.0,0,0,0.0,0,0,0,-9999.0,0.5437924368670792,1,P3_CV0,1,0,2,0,2
3,4.20367802087489,4.955022315058112,RD3_F7_m7f4_P7_Y72_UO64,RD7_F3_m7f3_P7_Y70_UO305,RD4_F8_m4f7_P4_Y70_UO284,MXY,1,0.0,0,0,0.0,0,0,0,-9999.0,0.5437975433051179,1,P3_CV0,1,1,1,2,0
3,4.20367802087489,4.955022315058112,RD3_F7_m7f3_P7_Y72_UO375,RD7_F3_m5f3_P5_Y70_UO679,RD3_F6_m2f6_P2_Y70_UO221,MXY,1,0.0,0,0,0.0,0,0,0,-9999.0,0.5437943496581283,1,P3_CV0,1,2,0,1,1
3,4.20367802087489,4.955022315058112,RD3_F7_m7f4_P7_Y72_UO726,RD7_F3_m2f3_P2_Y70_UO286,RD4_F8_m4f8_P4_Y70_UO501,FXX,1,0.0,0,0,0.0,0,0,0,-9999.0,0.5438052353129024,1,P3_CV0,1,2,0,1,1
3,4.20367802087489,4.955022315058112,RD3_F7_m7f3_P7_Y72_UO734,RD7_F3_m5f3_P5_Y70_UO679,RD3_F5_m1f5_P1_Y70_UO261,FXX,1,0.0,0,0,0.0,0,0,0,-9999.0,0.5437981518771267,1,P3_CV0,1,1,1,2,0
3,4.20367802087489,4.955022315058112,RD3_F7_m7f3_P7_Y72_UO742,RD7_F4_m8f4_P8_Y70_UO370,RD3_F5_m1f5_P1_Y70_UO261,FXX,1,0.0,0,0,0.0,0,0,0,-9999.0,0.5437944412369689,1,P3_CV0,1,1,1,1,1
3,4.20367802087489,4.955022315058112,RD3_F2_m2f9_P2_Y72_UO258,RD2_F6_m9f6_P9_Y70_UO254,RD9_F2_m6f2_P6_Y70_UO447,MXY,1,0.0,0,0,0.0,0,0,0,-9999.0,0.5438004931493197,1,P4_CV0,1,2,0,2,0
3,4.20367802087489,4.955022315058112,RD3_F2_m2f9_P2_Y72_UO351,RD2_F9_m6f3_P6_Y70_UO268,RD9_F6_m3f5_P3_Y70_UO109,FXX,1,0.0,0,0,0.0,0,0,0,-9999.0,0.5437999291571032,1,P4_CV0,1,2,0,2,0
3,4.20367802087489,4.955022315058112,RD3_F2_m2f9_P2_Y72_UO353,RD2_F9_m6f3_P6_Y70_UO268,RD9_F6_m3f5_P3_Y70_UO109,MXY,1,0.0,0,0,0.0,0,0,0,-9999.0,0.5437999291571032,1,P4_CV0,1,1,1,2,0
3,4.20367802087489,4.955022315058112,RD3_F2_m2f3_P2_Y72_UO419,RD2_F6_m9f6_P9_Y70_UO254,RD3_F2_m6f3_P6_Y70_UO752,MXY,1,0.0,0,0,0.0,0,0,0,-9999.0,0.5437994165295095,1,P4_CV0,1,2,0,2,0
3,4.20367802087489,4.955022315058112,RD3_F2_m2f6_P2_Y72_UO506,RD2_F5_m1f5_P1_Y70_UO94,RD6_F2_m6f9_P6_Y70_UO279,FXX,1,0.0,0,0,0.0,0,0,0,-9999.0,0.5437936164962593,1,P4_CV0,1,1,1,2,0
3,4.20367802087489,4.955022315058112,RD3_F2_m2f5_P2_Y72_UO542,RD2_F5_m1f5_P1_Y70_UO630,RD5_F1_m5f3_P5_Y70_UO234,FXX,1,0.0,0,0,0.0,0,0,0,-9999.0,0.5437961726347567,1,P4_CV0,1,2,0,2,0
3,4.20367802087489,4.955022315058112,RD3_F2_m2f9_P2_Y72_UO554,RD2_F9_m2f3_P2_Y70_UO764,RD9_F2_m6f2_P6_Y70_UO447,FXX,1,0.0,0,0,0.0,0,0,0,-9999.0,0.5437983367373818,1,P4_CV0,1,2,0,1,1
3,4.20367802087489,4.955022315058112,RD3_F2_m2f6_P2_Y72_UO671,RD2_F5_m1f5_P1_Y70_UO630,RD6_F3_m2f3_P2_Y70_UO497,FXX,1,0.0,0,0,0.0,0,0,0,-9999.0,0.5437969144149974,1,P4_CV0,1,1,1,2,0
3,4.20367802087489,4.955022315058112,RD3_F2_m2f3_P2_Y72_UO684,RD2_F3_m2f6_P2_Y70_UO409,RD3_F7_m4f8_P4_Y70_UO317,FXX,1,0.0,0,0,0.0,0,0,0,-9999.0,0.5437952799802588,1,P4_CV0,1,2,0,1,1
3,4.20367802087489,4.955022315058112,RD3_F2_m2f6_P2_Y72_UO756,RD2_F6_m2f3_P2_Y70_UO430,RD6_F3_m5f3_P5_Y70_UO389,MXY,1,0.0,0,0,0.0,0,0,0,-9999.0,0.5438023718015756,1,P4_CV0,1,2,0,1,1
3,4.20367802087489,4.955022315058112,RD3_F5_m5f2_P5_Y72_UO43,RD5_F1_m5f2_P5_Y70_UO552,RD2_F9_m6f9_P6_Y70_UO257,FXX,1,0.0,0,0,0.0,0,0,0,-9999.0,0.5437943114775408,1,P4_CV0,1,1,1,0,2
3,4.20367802087489,4.955022315058112,RD3_F5_m5f1_P5_Y72_UO82,RD5_F1_m5f2_P5_Y70_UO632,RD1_F5_m1f5_P1_Y70_UO425,MXY,1,0.0,0,0,0.0,0,0,0,-9999.0,0.5437963377589767,1,P4_CV0,1,1,1,0,2
3,4.20367802087489,4.955022315058112,RD3_F5_m5f2_P5_Y72_UO185,RD5_F3_m2f9_P2_Y70_UO509,RD2_F5_m1f5_P1_Y70_UO603,FXX,1,0.0,0,0,0.0,0,0,0,-9999.0,0.543792941585707,1,P4_CV0,1,2,0,1,1
3,4.20367802087489,4.955022315058112,RD3_F5_m5f2_P5_Y72_UO243,RD5_F1_m5f1_P5_Y70_UO112,RD2_F6_m9f6_P9_Y70_UO243,FXX,1,0.0,0,0,0.0,0,0,0,-9999.0,0.5437975948043459,1,P4_CV0,1,2,0,1,1
3,4.20367802087489,4.955022315058112,RD3_F5_m5f2_P5_Y72_UO411,RD5_F3_m5f2_P5_Y70_UO559,RD2_F5_m6f9_P6_Y68_UO288,FXX,1,0.0,0,0,0.0,0,0,0,-9999.0,0.543792001579277,1,P4_CV0,1,1,1,1,1
3,4.20367802087489,4.955022315058112,RD3_F5_m5f3_P5_Y72_UO488,RD5_F1_m5f1_P5_Y70_UO272,RD3_F5_m1f5_P1_Y70_UO628,MXY,1,0.0,0,0,0.0,0,0,0,-9999.0,0.5437985960343212,1,P4_CV0,1,1,1,2,0
3,4.20367802087489,4.955022315058112,RD3_F5_m5f3_P5_Y72_UO640,RD5_F2_m9f6_P9_Y70_UO594,RD3_F6_m3f5_P3_Y70_UO211,MXY,1,0.0,0,0,0.0,0,0,0,-9999.0,0.5437946088823082,1,P4_CV0,1,1,1,1,1
3,4.20367802087489,4.955022315058112,RD3_F5_m5f1_P5_Y72_UO644,RD5_F3_m5f2_P5_Y70_UO751,RD1_F5_m1f5_P1_Y70_UO401,MXY,1,0.0,0,0,0.0,0,0,0,-9999.0,0.5437979942071252,1,P4_CV0,1,2,0,1,1
3,4.20367802087489,4.955022315058112,RD3_F5_m5f3_P5_Y72_UO694,RD5_F1_m5f1_P5_Y70_UO20,RD3_F6_m9f2_P9_Y70_UO12,FXX,1,0.0,0,0,0.0,0,0,0,-9999.0,0.5437914367867052,1,P4_CV0,1,1,1,2,0
3,4.20367802087489,4.955022315058112,RD3_F6_m6f3_P6_Y72_UO174,RD6_F9_m6f2_P6_Y70_UO722,RD3_F6_m2f3_P2_Y70_UO681,MXY,1,0.0,0,0,0.0,0,0,0,-9999.0,0.5437936961316154,1,P4_CV0,1,1,1,2,0
3,4.20367802087489,4.955022315058112,RD3_F6_m6f2_P6_Y72_UO269,RD6_F9_m6f3_P6_Y70_UO770,RD2_F6_m9f6_P9_Y70_UO245,MXY,1,0.0,0,0,0.0,0,0,0,-9999.0,0.5437992988299811,1,P4_CV0,1,1,1,1,1
3,4.20367802087489,4.955022315058112,RD3_F6_m6f9_P6_Y72_UO457,RD6_F9_m6f2_P6_Y70_UO722,RD9_F6_m9f2_P9_Y70_UO327,MXY,1,0.0,0,0,0.0,0,0,0,-9999.0,0.5437982329385704,1,P4_CV0,1,2,0,2,0
3,4.20367802087489,4.955022315058112,RD3_F6_m6f2_P6_Y72_UO589,RD6_F9_m2f3_P2_Y70_UO544,RD2_F9_m6f3_P6_Y70_UO686,FXX,1,0.0,0,0,0.0,0,0,0,-9999.0,0.5437974515880342,1,P4_CV0,1,2,0,0,2
3,4.20367802087489,4.955022315058112,RD3_F7_m7f4_P7_Y72_UO5,RD7_F4_m8f4_P8_Y70_UO91,RD4_F8_m4f8_P4_Y70_UO548,FXX,1,0.0,0,0,0.0,0,0,0,-9999.0,0.5438003127783304,1,P4_CV0,1,2,0,1,1
3,4.20367802087489,4.955022315058112,RD3_F7_m7f3_P7_Y72_UO225,RD7_F4_m7f4_P7_Y70_UO473,RD3_F5_m1f5_P1_Y70_UO628,MXY,1,0.0,0,0,0.0,0,0,0,-9999.0,0.5437983285773953,1,P4_CV0,1,2,0,0,2
3,4.20367802087489,4.955022315058112,RD3_F7_m7f4_P7_Y72_UO287,RD7_F4_m7f3_P7_Y70_UO187,RD4_F8_m4f7_P4_Y70_UO353,MXY,1,0.0,0,0,0.0,0,0,0,-9999.0,0.5437961669813376,1,P4_CV0,1,1,1,2,0
3,4.20367802087489,4.955022315058112,RD3_F7_m7f4_P7_Y72_UO288,RD7_F4_m7f3_P7_Y70_UO187,RD4_F8_m4f7_P4_Y70_UO353,FXX,1,0.0,0,0,0.0,0,0,0,-9999.0,0.5437961669813376,1,P4_CV0,1,1,1,1,1
3,4.20367802087489,4.955022315058112,RD3_F7_m7f3_P7_Y72_UO294,RD7_F3_m2f5_P2_Y70_UO392,RD3_F2_m5f2_P5_Y70_UO25,MXY,1,0.0,0,0,0.0,0,0,0,-9999.0,0.5437985580574605,1,P4_CV0,1,1,1,1,1
3,4.20367802087489,4.955022315058112,RD3_F7_m7f4_P7_Y72_UO302,RD7_F4_m8f4_P8_Y70_UO490,RD4_F8_m4f7_P4_Y70_UO82,MXY,1,0.0,0,0,0.0,0,0,0,-9999.0,0.5438055678205274,1,P4_CV0,1,2,0,2,0
3,4.20367802087489,4.955022315058112,RD3_F7_m7f4_P7_Y72_UO303,RD7_F4_m8f4_P8_Y70_UO490,RD4_F8_m4f7_P4_Y70_UO82,FXX,1,0.0,0,0,0.0,0,0,0,-9999.0,0.5438055678205274,1,P4_CV0,1,2,0,2,0
3,4.20367802087489,4.955022315058112,RD3_F7_m7f3_P7_Y72_UO413,RD7_F3_m5f3_P5_Y70_UO503,RD3_F7_m4f8_P4_Y70_UO706,FXX,1,0.0,0,0,0.0,0,0,0,-9999.0,0.5437997490116686,1,P4_CV0,1,2,0,2,0
3,4.20367802087489,4.955022315058112,RD3_F7_m7f3_P7_Y72_UO450,RD7_F4_m8f4_P8_Y70_UO26,RD3_F5_m1f5_P1_Y70_UO615,MXY,1,0.0,0,0,0.0,0,0,0,-9999.0,0.5437990586360684,1,P4_CV0,1,2,0,2,0
3,4.20367802087489,4.955022315058112,RD3_F7_m7f3_P7_Y72_UO486,RD7_F3_m2f3_P2_Y70_UO288,RD3_F7_m4f8_P4_Y70_UO705,MXY,1,0.0,0,0,0.0,0,0,0,-9999.0,0.5438030013647221,1,P4_CV0,1,2,0,1,1
3,4.20367802087489,4.955022315058112,RD3_F7_m7f3_P7_Y72_UO487,RD7_F3_m2f3_P2_Y70_UO288,RD3_F7_m4f8_P4_Y70_UO705,FXX,1,0.0,0,0,0.0,0,0,0,-9999.0,0.5438030013647221,1,P4_CV0,1,1,1,1,1
3,4.20367802087489,4.955022315058112,RD3_F7_m7f4_P7_Y72_UO546,RD7_F3_m2f3_P2_Y70_UO286,RD4_F7_m3f5_P3_Y70_UO108,MXY,1,0.0,0,0,0.0,0,0,0,-9999.0,0.5438023080387211,1,P4_CV0,1,1,1,1,1
3,4.20367802087489,4.955022315058112,RD3_F7_m7f4_P7_Y72_UO562,RD7_F3_m7f3_P7_Y70_UO434,RD4_F7_m3f6_P3_Y70_UO483,FXX,1,0.0,0,0,0.0,0,0,0,-9999.0,0.5437991694852826,1,P4_CV0,1,2,0,1,1
3,4.20367802087489,4.955022315058112,RD3_F7_m7f3_P7_Y72_UO672,RD7_F4_m8f4_P8_Y70_UO91,RD3_F2_m6f3_P6_Y70_UO771,MXY,1,0.0,0,0,0.0,0,0,0,-9999.0,0.5437987467557832,1,P4_CV0,1,2,0,1,1
3,4.20367802087489,4.955022315058112,RD3_F7_m7f3_P7_Y72_UO673,RD7_F4_m8f4_P8_Y70_UO91,RD3_F2_m6f3_P6_Y70_UO771,FXX,1,0.0,0,0,0.0,0,0,0,-9999.0,0.5437987467557832,1,P4_CV0,1,2,0,0,2
3,4.20367802087489,4.955022315058112,RD3_F7_m7f4_P7_Y72_UO744,RD7_F3_m2f3_P2_Y70_UO286,RD4_F7_m3f6_P3_Y70_UO697,MXY,1,0.0,0,0,0.0,0,0,0,-9999.0,0.5438006605036207,1,P4_CV0,1,2,0,1,1
3,4.20367802087489,4.955022315058112,RD3_F7_m7f4_P7_Y72_UO746,RD7_F3_m2f3_P2_Y70_UO286,RD4_F7_m3f6_P3_Y70_UO697,FXX,1,0.0,0,0,0.0,0,0,0,-9999.0,0.5438006605036207,1,P4_CV0,1,2,0,1,1
3,4.20367802087489,4.955022315058112,RD3_F7_m7f3_P7_Y72_UO768,RD7_F3_m5f2_P5_Y70_UO325,RD3_F7_m4f7_P4_Y70_UO354,FXX,1,0.0,0,0,0.0,0,0,0,-9999.0,0.5437966347817564,1,P4_CV0,1,1,1,1,1
3,4.20367802087489,4.955022315058112,RD3_F7_m7f3_P7_Y70_UO750,RD7_F3_m5f2_P5_Y68_UO771,RD3_F7_m3f2_P3_Y68_UO691,MXY,3,0.0,1,0,0.0,0,0,0,-9999.0,0.5437896692164941,1,P4_CV0,1,2,0,0,2
3,4.20367802087489,4.955022315058112,RD3_F6_m6f2_P6_Y72_UO350,RD6_F9_m6f2_P6_Y70_UO647,RD2_F3_m7f3_P7_Y70_UO606,FXX,1,0.0,0,0,0.0,0,0,0,-9999.0,0.5437955312918348,1,P6_CV0,1,2,0,2,0
3,4.20367802087489,4.955022315058112,RD3_F7_m7f3_P7_Y72_UO404,RD7_F4_m7f3_P7_Y70_UO453,RD3_F6_m9f2_P9_Y70_UO790,MXY,1,0.0,0,0,0.0,0,0,0,-9999.0,0.5437950674167951,1,P6_CV0,1,2,0,1,1
3,4.20367802087489,4.955022315058112,RD3_F2_m2f3_P2_Y72_UO62,RD2_F9_m2f6_P2_Y70_UO523,RD3_F7_m3f5_P3_Y70_UO212,MXY,1,0.0,0,0,0.0,0,0,0,-9999.0,0.5437989700621984,1,P8_CV0,1,2,0,1,1
3,4.20367802087489,4.955022315058112,RD3_F2_m2f3_P2_Y72_UO418,RD2_F6_m9f6_P9_Y70_UO254,RD3_F2_m6f3_P6_Y70_UO752,FXX,1,0.0,0,0,0.0,0,0,0,-9999.0,0.5437994165295095,1,P8_CV0,1,1,1,2,0
3,4.20367802087489,4.955022315058112,RD3_F2_m2f5_P2_Y72_UO427,RD2_F3_m6f2_P6_Y70_UO31,RD5_F2_m3f5_P3_Y70_UO176,FXX,1,0.0,0,0,0.0,0,0,0,-9999.0,0.5438001574475493,1,P8_CV0,1,1,1,2,0
3,4.20367802087489,4.955022315058112,RD3_F2_m2f5_P2_Y72_UO575,RD2_F9_m6f9_P6_Y70_UO194,RD5_F1_m5f2_P5_Y70_UO24,MXY,1,0.0,0,0,0.0,0,0,0,-9999.0,0.5437980033239,1,P8_CV0,1,1,1,0,2
3,4.20367802087489,4.955022315058112,RD3_F2_m2f6_P2_Y72_UO598,RD2_F6_m2f6_P2_Y70_UO524,RD6_F2_m6f2_P6_Y70_UO555,FXX,1,0.0,0,0,0.0,0,0,0,-9999.0,0.5437994015846925,1,P8_CV0,1,0,2,1,1
3,4.20367802087489,4.955022315058112,RD3_F5_m5f1_P5_Y72_UO233,RD5_F1_m5f2_P5_Y70_UO421,RD1_F5_m1f5_P1_Y70_UO565,MXY,1,0.0,0,0,0.0,0,0,0,-9999.0,0.5437898877207772,1,P8_CV0,1,1,1,1,1
3,4.20367802087489,4.955022315058112,RD3_F5_m5f3_P5_Y72_UO534,RD5_F1_m5f3_P5_Y70_UO235,RD3_F2_m6f2_P6_Y70_UO556,MXY,1,0.0,0,0,0.0,0,0,0,-9999.0,0.5437976174252981,1,P8_CV0,1,2,0,1,1
3,4.20367802087489,4.955022315058112,RD3_F6_m6f2_P6_Y72_UO636,RD6_F3_m7f4_P7_Y70_UO120,RD2_F9_m6f3_P6_Y70_UO125,MXY,1,0.0,0,0,0.0,0,0,0,-9999.0,0.5437964346165245,1,P8_CV0,1,2,0,1,1
3,4.20367802087489,4.955022315058112,RD3_F6_m6f2_P6_Y72_UO637,RD6_F3_m7f4_P7_Y70_UO120,RD2_F9_m6f3_P6_Y70_UO125,MXY,1,0.0,0,0,0.0,0,0,0,-9999.0,0.5437964346165245,1,P8_CV0,1,2,0,1,1
3,4.20367802087489,4.955022315058112,RD3_F7_m7f4_P7_Y72_UO6,RD7_F4_m8f4_P8_Y70_UO91,RD4_F8_m4f8_P4_Y70_UO548,MXY,1,0.0,0,0,0.0,0,0,0,-9999.0,0.5438003127783304,1,P8_CV0,1,1,1,0,2
4,2.046486340378425,9.289064495259955,RD4_F8_m8f4_P8_Y72_UO213,RD8_F4_m8f4_P8_Y70_UO710,RD4_F7_m3f6_P3_Y70_UO483,FXX,1,0.0,0,0,0.0,0,0,0,-9999.0,0.5438000022077176,1,P1_CV0,1,2,0,2,0
4,2.046486340378425,9.289064495259955,RD4_F8_m8f4_P8_Y72_UO210,RD8_F4_m8f4_P8_Y70_UO710,RD4_F7_m3f6_P3_Y70_UO483,MXY,1,0.0,0,0,0.0,0,0,0,-9999.0,0.5438000022077176,1,P1_CV0,1,2,0,2,0
4,2.046486340378425,9.289064495259955,RD4_F8_m8f4_P8_Y72_UO608,RD8_F4_m8f4_P8_Y70_UO50,RD4_F8_m4f7_P4_Y70_UO726,FXX,1,0.0,0,0,0.0,0,0,0,-9999.0,0.543799031740491,1,P1_CV0,1,2,0,0,2
4,2.046486340378425,9.289064495259955,RD4_F8_m8f4_P8_Y72_UO483,RD8_F4_m7f3_P7_Y70_UO71,RD4_F8_m4f8_P4_Y70_UO316,MXY,1,0.0,0,0,0.0,0,0,0,-9999.0,0.5437952513020718,1,P1_CV0,1,0,2,1,1
4,2.046486340378425,9.289064495259955,RD4_F8_m8f4_P8_Y72_UO609,RD8_F4_m8f4_P8_Y70_UO50,RD4_F8_m4f7_P4_Y70_UO726,MXY,1,0.0,0,0,0.0,0,0,0,-9999.0,0.543799031740491,1,P1_CV0,1,0,2,0,2
4,2.046486340378425,9.289064495259955,RD4_F8_m8f4_P8_Y72_UO607,RD8_F4_m8f4_P8_Y70_UO50,RD4_F8_m4f7_P4_Y70_UO726,FXX,1,0.0,0,0,0.0,0,0,0,-9999.0,0.543799031740491,1,P1_CV0,1,1,1,1,1
4,2.046486340378425,9.289064495259955,RD4_F8_m8f4_P8_Y72_UO391,RD8_F4_m8f4_P8_Y70_UO50,RD4_F8_m4f7_P4_Y70_UO353,MXY,1,0.0,0,0,0.0,0,0,0,-9999.0,0.5437975263230328,1,P1_CV0,1,1,1,1,1
4,2.046486340378425,9.289064495259955,RD4_F7_m7f3_P7_Y72_UO331,RD7_F4_m8f4_P8_Y70_UO49,RD3_F7_m2f6_P2_Y68_UO591,FXX,1,0.0,0,0,0.0,0,0,0,-9999.0,0.543793031873065,1,P1_CV0,1,1,1,1,1
4,2.046486340378425,9.289064495259955,RD4_F7_m7f3_P7_Y72_UO191,RD7_F4_m8f4_P8_Y70_UO492,RD3_F2_m6f3_P6_Y66_UO524,MXY,1,0.0,0,0,0.0,0,0,0,-9999.0,0.5438064933587157,1,P1_CV0,1,2,0,2,0
4,2.046486340378425,9.289064495259955,RD4_F8_m8f4_P8_Y72_UO385,RD8_F4_m8f4_P8_Y70_UO50,RD4_F8_m4f7_P4_Y70_UO353,FXX,1,0.0,0,0,0.0,0,0,0,-9999.0,0.5437975263230328,1,P1_CV0,1,2,0,1,1
4,2.046486340378425,9.289064495259955,RD4_F7_m7f3_P7_Y72_UO105,RD7_F4_m8f4_P8_Y70_UO370,RD3_F6_m3f6_P3_Y70_UO153,FXX,1,0.0,0,0,0.0,0,0,0,-9999.0,0.5437945859739557,1,P1_CV0,1,2,0,2,0
4,2.046486340378425,9.289064495259955,RD4_F7_m7f4_P7_Y72_UO268,RD7_F4_m8f4_P8_Y70_UO490,RD4_F7_m4f8_P4_Y70_UO449,MXY,1,0.0,0,0,0.0,0,0,0,-9999.0,0.5438037346175406,1,P1_CV0,1,2,0,1,1
4,2.046486340378425,9.289064495259955,RD4_F8_m8f4_P8_Y72_UO207,RD8_F4_m8f4_P8_Y70_UO710,RD4_F7_m3f6_P3_Y70_UO483,FXX,1,0.0,0,0,0.0,0,0,0,-9999.0,0.5438000022077176,1,P1_CV0,1,2,0,2,0
4,2.046486340378425,9.289064495259955,RD4_F7_m7f3_P7_Y72_UO299,RD7_F4_m8f4_P8_Y70_UO49,RD3_F7_m3f2_P3_Y70_UO190,FXX,1,0.0,0,0,0.0,0,0,0,-9999.0,0.543800364339404,1,P1_CV0,1,2,0,0,2
4,2.046486340378425,9.289064495259955,RD4_F8_m8f4_P8_Y72_UO212,RD8_F4_m8f4_P8_Y70_UO710,RD4_F7_m3f6_P3_Y70_UO483,MXY,1,0.0,0,0,0.0,0,0,0,-9999.0,0.5438000022077176,1,P1_CV0,1,2,0,1,1
4,2.046486340378425,9.289064495259955,RD4_F8_m8f4_P8_Y72_UO604,RD8_F4_m8f4_P8_Y70_UO50,RD4_F8_m4f7_P4_Y70_UO726,MXY,1,0.0,0,0,0.0,0,0,0,-9999.0,0.543799031740491,1,P1_CV0,1,2,0,2,0
4,2.046486340378425,9.289064495259955,RD4_F7_m7f4_P7_Y72_UO616,RD7_F3_m2f9_P2_Y70_UO510,RD4_F8_m4f7_P4_Y70_UO284,FXX,1,0.0,0,0,0.0,0,0,0,-9999.0,0.5437934209840023,1,P1_CV0,1,2,0,2,0
4,2.046486340378425,9.289064495259955,RD4_F8_m8f4_P8_Y72_UO208,RD8_F4_m8f4_P8_Y70_UO710,RD4_F7_m3f6_P3_Y70_UO483,MXY,1,0.0,0,0,0.0,0,0,0,-9999.0,0.5438000022077176,1,P1_CV0,1,2,0,1,1
4,2.046486340378425,9.289064495259955,RD4_F8_m8f4_P8_Y72_UO211,RD8_F4_m8f4_P8_Y70_UO710,RD4_F7_m3f6_P3_Y70_UO483,FXX,1,0.0,0,0,0.0,0,0,0,-9999.0,0.5438000022077176,1,P1_CV0,1,2,0,1,1
4,2.046486340378425,9.289064495259955,RD4_F8_m8f4_P8_Y70_UO50,RD8_F4_m7f3_P7_Y68_UO778,RD4_F8_m4f8_P4_Y68_UO21,FXX,3,0.0,1,0,1.0,0,0,0,-9999.0,0.5437999534478877,1,P1_CV0,1,1,1,1,1
4,2.046486340378425,9.289064495259955,RD4_F7_m7f3_P7_Y72_UO402,RD7_F4_m7f3_P7_Y70_UO453,RD3_F6_m9f2_P9_Y70_UO790,FXX,1,0.0,0,0,0.0,0,0,0,-9999.0,0.5437950674167951,1,P3_CV0,1,2,0,1,1
4,2.046486340378425,9.289064495259955,RD4_F7_m7f3_P7_Y72_UO3,RD7_F3_m5f3_P5_Y70_UO679,RD3_F6_m2f6_P2_Y70_UO221,MXY,1,0.0,0,0,0.0,0,0,0,-9999.0,0.5437943496581283,1,P3_CV0,1,2,0,2,0
4,2.046486340378425,9.289064495259955,RD4_F8_m8f4_P8_Y72_UO764,RD8_F4_m7f3_P7_Y70_UO71,RD4_F8_m4f7_P4_Y70_UO284,FXX,1,0.0,0,0,0.0,0,0,0,-9999.0,0.5437941681520897,1,P3_CV0,1,1,1,0,2
4,2.046486340378425,9.289064495259955,RD4_F8_m8f4_P8_Y72_UO490,RD8_F4_m7f3_P7_Y70_UO259,RD4_F7_m4f8_P4_Y70_UO192,MXY,1,0.0,0,0,0.0,0,0,0,-9999.0,0.5438015078107128,1,P3_CV0,1,1,1,1,1
4,2.046486340378425,9.289064495259955,RD4_F7_m7f4_P7_Y72_UO725,RD7_F3_m2f3_P2_Y70_UO286,RD4_F8_m4f8_P4_Y70_UO501,MXY,1,0.0,0,0,0.0,0,0,0,-9999.0,0.5438052353129024,1,P3_CV0,1,2,0,0,2
4,2.046486340378425,9.289064495259955,RD4_F8_m8f4_P8_Y72_UO603,RD8_F4_m8f4_P8_Y70_UO50,RD4_F8_m4f7_P4_Y70_UO726,FXX,1,0.0,0,0,0.0,0,0,0,-9999.0,0.543799031740491,1,P3_CV0,1,2,0,2,0
4,2.046486340378425,9.289064495259955,RD4_F7_m7f3_P7_Y72_UO401,RD7_F4_m7f3_P7_Y70_UO453,RD3_F6_m9f2_P9_Y70_UO790,FXX,1,0.0,0,0,0.0,0,0,0,-9999.0,0.5437950674167951,1,P3_CV0,1,1,1,1,1
4,2.046486340378425,9.289064495259955,RD4_F7_m7f4_P7_Y72_UO515,RD7_F3_m2f5_P2_Y70_UO392,RD4_F8_m4f7_P4_Y70_UO83,MXY,1,0.0,0,0,0.0,0,0,0,-9999.0,0.5438006220683747,1,P3_CV0,1,2,0,1,1
4,2.046486340378425,9.289064495259955,RD4_F7_m7f3_P7_Y72_UO293,RD7_F3_m2f5_P2_Y70_UO392,RD3_F2_m5f2_P5_Y70_UO25,FXX,1,0.0,0,0,0.0,0,0,0,-9999.0,0.5437985580574605,1,P3_CV0,1,1,1,1,1
4,2.046486340378425,9.289064495259955,RD4_F7_m7f4_P7_Y72_UO514,RD7_F3_m2f5_P2_Y70_UO392,RD4_F8_m4f7_P4_Y70_UO83,MXY,1,0.0,0,0,0.0,0,0,0,-9999.0,0.5438006220683747,1,P3_CV0,1,2,0,1,1
4,2.046486340378425,9.289064495259955,RD4_F8_m8f4_P8_Y72_UO492,RD8_F4_m7f3_P7_Y70_UO259,RD4_F7_m4f8_P4_Y70_UO192,MXY,1,0.0,0,0,0.0,0,0,0,-9999.0,0.5438015078107128,1,P3_CV0,1,1,1,1,1
4,2.046486340378425,9.289064495259955,RD4_F7_m7f4_P7_Y72_UO513,RD7_F3_m2f5_P2_Y70_UO392,RD4_F8_m4f7_P4_Y70_UO83,FXX,1,0.0,0,0,0.0,0,0,0,-9999.0,0.5438006220683747,1,P3_CV0,1,2,0,1,1
4,2.046486340378425,9.289064495259955,RD4_F8_m8f4_P8_Y72_UO491,RD8_F4_m7f3_P7_Y70_UO259,RD4_F7_m4f8_P4_Y70_UO192,FXX,1,0.0,0,0,0.0,0,0,0,-9999.0,0.5438015078107128,1,P3_CV0,1,2,0,1,1
4,2.046486340378425,9.289064495259955,RD4_F8_m8f4_P8_Y72_UO257,RD8_F4_m7f3_P7_Y70_UO259,RD4_F7_m4f7_P4_Y70_UO700,FXX,1,0.0,0,0,0.0,0,0,0,-9999.0,0.5437974486449093,1,P3_CV0,1,1,1,2,0
4,2.046486340378425,9.289064495259955,RD4_F7_m7f3_P7_Y72_UO452,RD7_F4_m8f4_P8_Y70_UO26,RD3_F5_m1f5_P1_Y70_UO615,MXY,1,0.0,0,0,0.0,0,0,0,-9999.0,0.5437990586360684,1,P3_CV0,1,1,1,0,2
4,2.046486340378425,9.289064495259955,RD4_F8_m8f4_P8_Y72_UO761,RD8_F4_m7f3_P7_Y70_UO71,RD4_F8_m4f7_P4_Y70_UO284,FXX,1,0.0,0,0,0.0,0,0,0,-9999.0,0.5437941681520897,1,P3_CV0,1,0,2,1,1
4,2.046486340378425,9.289064495259955,RD4_F8_m8f4_P8_Y72_UO606,RD8_F4_m8f4_P8_Y70_UO50,RD4_F8_m4f7_P4_Y70_UO726,MXY,1,0.0,0,0,0.0,0,0,0,-9999.0,0.543799031740491,1,P3_CV0,1,2,0,1,1
4,2.046486340378425,9.289064495259955,RD4_F7_m7f3_P7_Y72_UO733,RD7_F3_m5f3_P5_Y70_UO679,RD3_F5_m1f5_P1_Y70_UO261,FXX,1,0.0,0,0,0.0,0,0,0,-9999.0,0.5437981518771267,1,P3_CV0,1,1,1,1,1
4,2.046486340378425,9.289064495259955,RD4_F7_m7f4_P7_Y72_UO708,RD7_F4_m7f3_P7_Y70_UO129,RD4_F7_m4f8_P4_Y70_UO794,MXY,1,0.0,0,0,0.0,0,0,0,-9999.0,0.5438014069659403,1,P3_CV0,1,1,1,1,1
4,2.046486340378425,9.289064495259955,RD4_F7_m7f3_P7_Y72_UO741,RD7_F4_m8f4_P8_Y70_UO370,RD3_F5_m1f5_P1_Y70_UO261,FXX,1,0.0,0,0,0.0,0,0,0,-9999.0,0.5437944412369689,1,P3_CV0,1,1,1,2,0
4,2.046486340378425,9.289064495259955,RD4_F7_m7f4_P7_Y72_UO618,RD7_F3_m2f9_P2_Y70_UO510,RD4_F8_m4f7_P4_Y70_UO284,MXY,1,0.0,0,0,0.0,0,0,0,-9999.0,0.5437934209840023,1,P3_CV0,1,0,2,1,1
4,2.046486340378425,9.289064495259955,RD4_F7_m7f4_P7_Y72_UO65,RD7_F3_m7f3_P7_Y70_UO305,RD4_F8_m4f7_P4_Y70_UO284,MXY,1,0.0,0,0,0.0,0,0,0,-9999.0,0.5437975433051179,1,P3_CV0,1,1,1,1,1
4,2.046486340378425,9.289064495259955,RD4_F8_m8f4_P8_Y72_UO489,RD8_F4_m7f3_P7_Y70_UO259,RD4_F7_m4f8_P4_Y70_UO192,MXY,1,0.0,0,0,0.0,0,0,0,-9999.0,0.5438015078107128,1,P3_CV0,1,1,1,1,1
4,2.046486340378425,9.289064495259955,RD4_F8_m8f4_P8_Y72_UO74,RD8_F4_m7f4_P7_Y70_UO468,RD4_F7_m4f8_P4_Y70_UO248,FXX,1,0.0,0,0,0.0,0,0,0,-9999.0,0.5438030354598595,1,P3_CV0,1,1,1,1,1
4,2.046486340378425,9.289064495259955,RD4_F7_m7f3_P7_Y72_UO743,RD7_F4_m8f4_P8_Y70_UO370,RD3_F5_m1f5_P1_Y70_UO261,FXX,1,0.0,0,0,0.0,0,0,0,-9999.0,0.5437944412369689,1,P3_CV0,1,1,1,1,1
4,2.046486340378425,9.289064495259955,RD4_F8_m8f4_P8_Y72_UO31,RD8_F4_m7f4_P7_Y70_UO255,RD4_F8_m4f8_P4_Y70_UO689,FXX,1,0.0,0,0,0.0,0,0,0,-9999.0,0.5437985402313643,1,P3_CV0,1,2,0,1,1
4,2.046486340378425,9.289064495259955,RD4_F8_m7f3_P7_Y70_UO306,RD7_F4_m7f4_P7_Y68_UO243,RD3_F7_m4f8_P4_Y66_UO343,MXY,3,0.0,1,0,0.0,0,0,0,-9999.0,0.5438015020990861,1,P3_CV0,1,1,1,1,1
4,2.046486340378425,9.289064495259955,RD4_F7_m7f4_P7_Y72_UO133,RD7_F3_m7f3_P7_Y70_UO128,RD4_F7_m3f5_P3_Y70_UO78,FXX,1,0.0,0,0,0.0,0,0,0,-9999.0,0.5438008056371473,1,P4_CV0,1,2,0,0,2
4,2.046486340378425,9.289064495259955,RD4_F8_m8f4_P8_Y72_UO389,RD8_F4_m8f4_P8_Y70_UO50,RD4_F8_m4f7_P4_Y70_UO353,FXX,1,0.0,0,0,0.0,0,0,0,-9999.0,0.5437975263230328,1,P4_CV0,1,2,0,2,0
4,2.046486340378425,9.289064495259955,RD4_F7_m7f4_P7_Y72_UO7,RD7_F3_m7f3_P7_Y70_UO434,RD4_F7_m4f8_P4_Y70_UO558,FXX,1,0.0,0,0,0.0,0,0,0,-9999.0,0.5437997267144965,1,P4_CV0,1,1,1,0,2
4,2.046486340378425,9.289064495259955,RD4_F8_m8f4_P8_Y72_UO622,RD8_F4_m8f4_P8_Y70_UO360,RD4_F8_m4f7_P4_Y70_UO83,FXX,1,0.0,0,0,0.0,0,0,0,-9999.0,0.5437998375309689,1,P4_CV0,1,2,0,0,2
4,2.046486340378425,9.289064495259955,RD4_F8_m8f4_P8_Y72_UO774,RD8_F4_m8f4_P8_Y70_UO299,RD4_F8_m4f7_P4_Y70_UO478,FXX,1,0.0,0,0,0.0,0,0,0,-9999.0,0.5438005070172949,1,P4_CV0,1,1,1,1,1
4,2.046486340378425,9.289064495259955,RD4_F7_m7f4_P7_Y72_UO547,RD7_F3_m2f3_P2_Y70_UO286,RD4_F7_m3f5_P3_Y70_UO108,MXY,1,0.0,0,0,0.0,0,0,0,-9999.0,0.5438023080387211,1,P4_CV0,1,1,1,1,1
4,2.046486340378425,9.289064495259955,RD4_F8_m8f4_P8_Y72_UO615,RD8_F4_m8f4_P8_Y70_UO360,RD4_F8_m4f8_P4_Y70_UO689,MXY,1,0.0,0,0,0.0,0,0,0,-9999.0,0.5438013100429089,1,P4_CV0,1,1,1,1,1
4,2.046486340378425,9.289064495259955,RD4_F8_m8f4_P8_Y72_UO246,RD8_F4_m8f4_P8_Y70_UO620,RD4_F8_m4f7_P4_Y70_UO247,MXY,1,0.0,0,0,0.0,0,0,0,-9999.0,0.5437998020170198,1,P4_CV0,1,1,1,1,1
4,2.046486340378425,9.289064495259955,RD4_F8_m8f4_P8_Y72_UO423,RD8_F4_m8f4_P8_Y70_UO343,RD4_F8_m4f7_P4_Y70_UO784,MXY,1,0.0,0,0,0.0,0,0,0,-9999.0,0.5438040336048289,1,P4_CV0,1,1,1,1,1
4,2.046486340378425,9.289064495259955,RD4_F8_m8f4_P8_Y72_UO557,RD8_F4_m7f3_P7_Y70_UO259,RD4_F8_m4f7_P4_Y70_UO82,FXX,1,0.0,0,0,0.0,0,0,0,-9999.0,0.5437984696218336,1,P4_CV0,1,1,1,1,1
4,2.046486340378425,9.289064495259955,RD4_F8_m8f4_P8_Y72_UO482,RD8_F4_m7f3_P7_Y70_UO71,RD4_F8_m4f8_P4_Y70_UO316,MXY,1,0.0,0,0,0.0,0,0,0,-9999.0,0.5437952513020718,1,P4_CV0,1,1,1,1,1
4,2.046486340378425,9.289064495259955,RD4_F8_m8f4_P8_Y72_UO614,RD8_F4_m8f4_P8_Y70_UO360,RD4_F8_m4f8_P4_Y70_UO689,FXX,1,0.0,0,0,0.0,0,0,0,-9999.0,0.5438013100429089,1,P4_CV0,1,2,0,1,1
4,2.046486340378425,9.289064495259955,RD4_F8_m8f4_P8_Y72_UO556,RD8_F4_m7f3_P7_Y70_UO259,RD4_F8_m4f7_P4_Y70_UO82,FXX,1,0.0,0,0,0.0,0,0,0,-9999.0,0.5437984696218336,1,P4_CV0,1,2,0,1,1
4,2.046486340378425,9.289064495259955,RD4_F7_m7f3_P7_Y72_UO292,RD7_F3_m2f5_P2_Y70_UO392,RD3_F2_m5f2_P5_Y70_UO25,FXX,1,0.0,0,0,0.0,0,0,0,-9999.0,0.5437985580574605,1,P4_CV0,1,1,1,1,1
4,2.046486340378425,9.289064495259955,RD4_F8_m8f4_P8_Y72_UO762,RD8_F4_m7f3_P7_Y70_UO71,RD4_F8_m4f7_P4_Y70_UO284,MXY,1,0.0,0,0,0.0,0,0,0,-9999.0,0.5437941681520897,1,P4_CV0,1,1,1,1,1
4,2.046486340378425,9.289064495259955,RD4_F8_m8f4_P8_Y72_UO386,RD8_F4_m8f4_P8_Y70_UO50,RD4_F8_m4f7_P4_Y70_UO353,MXY,1,0.0,0,0,0.0,0,0,0,-9999.0,0.5437975263230328,1,P4_CV0,1,2,0,2,0
4,2.046486340378425,9.289064495259955,RD4_F7_m7f4_P7_Y72_UO394,RD7_F4_m7f3_P7_Y70_UO129,RD4_F7_m3f7_P3_Y70_UO98,MXY,1,0.0,0,0,0.0,0,0,0,-9999.0,0.5437973778716696,1,P4_CV0,1,1,1,1,1
4,2.046486340378425,9.289064495259955,RD4_F8_m8f4_P8_Y72_UO763,RD8_F4_m7f3_P7_Y70_UO71,RD4_F8_m4f7_P4_Y70_UO284,MXY,1,0.0,0,0,0.0,0,0,0,-9999.0,0.5437941681520897,1,P4_CV0,1,1,1,0,2
4,2.046486340378425,9.289064495259955,RD4_F7_m7f4_P7_Y72_UO745,RD7_F3_m2f3_P2_Y70_UO286,RD4_F7_m3f6_P3_Y70_UO697,MXY,1,0.0,0,0,0.0,0,0,0,-9999.0,0.5438006605036207,1,P4_CV0,1,2,0,1,1
4,2.046486340378425,9.289064495259955,RD4_F7_m7f3_P7_Y72_UO190,RD7_F4_m8f4_P8_Y70_UO492,RD3_F2_m6f3_P6_Y66_UO524,MXY,1,0.0,0,0,0.0,0,0,0,-9999.0,0.5438064933587157,1,P4_CV0,1,2,0,2,0
4,2.046486340378425,9.289064495259955,RD4_F8_m8f4_P8_Y72_UO422,RD8_F4_m8f4_P8_Y70_UO343,RD4_F8_m4f7_P4_Y70_UO784,FXX,1,0.0,0,0,0.0,0,0,0,-9999.0,0.5438040336048289,1,P4_CV0,1,2,0,1,1
4,2.046486340378425,9.289064495259955,RD4_F7_m7f4_P7_Y72_UO8,RD7_F3_m7f3_P7_Y70_UO434,RD4_F7_m4f8_P4_Y70_UO558,MXY,1,0.0,0,0,0.0,0,0,0,-9999.0,0.5437997267144965,1,P4_CV0,1,2,0,0,2
4,2.046486340378425,9.289064495259955,RD4_F8_m8f4_P8_Y72_UO75,RD8_F4_m7f4_P7_Y70_UO468,RD4_F7_m4f8_P4_Y70_UO248,FXX,1,0.0,0,0,0.0,0,0,0,-9999.0,0.5438030354598595,1,P4_CV0,1,1,1,2,0
4,2.046486340378425,9.289064495259955,RD4_F7_m7f4_P7_Y72_UO203,RD7_F3_m2f3_P2_Y70_UO286,RD4_F8_m4f8_P4_Y70_UO795,FXX,1,0.0,0,0,0.0,0,0,0,-9999.0,0.5438028327334905,1,P4_CV0,1,1,1,1,1
4,2.046486340378425,9.289064495259955,RD4_F7_m7f3_P7_Y72_UO767,RD7_F3_m5f2_P5_Y70_UO325,RD3_F7_m4f7_P4_Y70_UO354,FXX,1,0.0,0,0,0.0,0,0,0,-9999.0,0.5437966347817564,1,P4_CV0,1,1,1,1,1
4,2.046486340378425,9.289064495259955,RD4_F8_m8f4_P8_Y72_UO484,RD8_F4_m7f3_P7_Y70_UO71,RD4_F8_m4f8_P4_Y70_UO316,MXY,1,0.0,0,0,0.0,0,0,0,-9999.0,0.5437952513020718,1,P4_CV0,1,0,2,1,1
4,2.046486340378425,9.289064495259955,RD4_F8_m8f4_P8_Y72_UO30,RD8_F4_m7f4_P7_Y70_UO255,RD4_F8_m4f8_P4_Y70_UO689,FXX,1,0.0,0,0,0.0,0,0,0,-9999.0,0.5437985402313643,1,P4_CV0,1,2,0,2,0
4,2.046486340378425,9.289064495259955,RD4_F8_m8f4_P8_Y72_UO35,RD8_F4_m7f4_P7_Y70_UO255,RD4_F8_m4f8_P4_Y70_UO689,FXX,1,0.0,0,0,0.0,0,0,0,-9999.0,0.5437985402313643,1,P4_CV0,1,2,0,1,1
4,2.046486340378425,9.289064495259955,RD4_F8_m8f4_P8_Y72_UO250,RD8_F4_m8f4_P8_Y70_UO620,RD4_F8_m4f7_P4_Y70_UO247,FXX,1,0.0,0,0,0.0,0,0,0,-9999.0,0.5437998020170198,1,P4_CV0,1,1,1,2,0
4,2.046486340378425,9.289064495259955,RD4_F7_m7f3_P7_Y72_UO383,RD7_F4_m8f4_P8_Y70_UO495,RD3_F7_m4f8_P4_Y68_UO540,FXX,1,0.0,0,0,0.0,0,0,0,-9999.0,0.5438038255670108,1,P4_CV0,1,1,1,2,0
4,2.046486340378425,9.289064495259955,RD4_F8_m7f4_P7_Y70_UO576,RD7_F3_m6f3_P6_Y68_UO625,RD4_F8_m4f7_P4_Y66_UO298,MXY,3,0.0,1,0,0.0,0,0,0,-9999.0,0.5437980683636852,1,P4_CV0,1,2,0,1,1
4,2.046486340378425,9.289064495259955,RD4_F8_m8f4_P8_Y70_UO360,RD8_F4_m7f4_P7_Y68_UO680,RD4_F8_m4f7_P4_Y68_UO800,FXX,3,0.0,1,0,1.0,0,0,0,-9999.0,0.543799149156257,1,P4_CV0,1,1,1,1,1
4,2.046486340378425,9.289064495259955,RD4_F7_m7f3_P7_Y72_UO300,RD7_F4_m8f4_P8_Y70_UO49,RD3_F7_m3f2_P3_Y70_UO190,FXX,1,0.0,0,0,0.0,0,0,0,-9999.0,0.543800364339404,1,P5_CV0,1,0,2,1,1
4,2.046486340378425,9.289064495259955,RD4_F8_m8f4_P8_Y72_UO247,RD8_F4_m8f4_P8_Y70_UO620,RD4_F8_m4f7_P4_Y70_UO247,FXX,1,0.0,0,0,0.0,0,0,0,-9999.0,0.5437998020170198,1,P6_CV0,1,1,1,2,0
4,2.046486340378425,9.289064495259955,RD4_F7_m6f9_P6_Y70_UO660,RD6_F9_m2f3_P2_Y68_UO105,RD9_F2_m9f2_P9_Y68_UO223,FXX,3,0.0,1,0,1.0,0,0,0,-9999.0,0.5437993116138387,1,P6_CV0,1,2,0,1,1
4,2.046486340378425,9.289064495259955,RD4_F7_m7f3_P7_Y72_UO4,RD7_F3_m5f3_P5_Y70_UO679,RD3_F6_m2f6_P2_Y70_UO221,MXY,1,0.0,0,0,0.0,0,0,0,-9999.0,0.5437943496581283,1,P8_CV0,1,2,0,1,1
4,2.046486340378425,9.289064495259955,RD4_F8_m8f4_P8_Y72_UO508,RD8_F4_m8f4_P8_Y70_UO436,RD4_F8_m4f7_P4_Y70_UO281,FXX,1,0.0,0,0,0.0,0,0,0,-9999.0,0.5437990890386573,1,P8_CV0,1,2,0,1,1
4,2.046486340378425,9.289064495259955,RD4_F8_m8f4_P8_Y72_UO509,RD8_F4_m8f4_P8_Y70_UO436,RD4_F8_m4f7_P4_Y70_UO281,MXY,1,0.0,0,0,0.0,0,0,0,-9999.0,0.5437990890386573,1,P8_CV0,1,1,1,0,2
4,2.046486340378425,9.289064495259955,RD4_F8_m7f4_P7_Y70_UO122,RD7_F3_m5f3_P5_Y68_UO756,RD4_F7_m4f8_P4_Y68_UO731,FXX,3,0.0,1,0,1.0,0,0,0,-9999.0,0.5438025356997969,1,P8_CV0,1,2,0,2,0
4,2.046486340378425,9.289064495259955,RD4_F7_m7f3_P7_Y70_UO129,RD7_F3_m7f4_P7_Y68_UO239,RD3_F7_m4f7_P4_Y68_UO587,FXX,3,0.0,1,0,1.0,0,0,0,-9999.0,0.5437999339701491,1,P8_CV0,1,1,1,1,1
4,2.046486340378425,9.289064495259955,RD4_F8_m7f3_P7_Y70_UO185,RD7_F4_m7f4_P7_Y68_UO243,RD3_F2_m5f1_P5_Y68_UO683,MXY,3,0.0,1,0,0.0,0,0,0,-9999.0,0.5437972347644973,1,P8_CV0,1,0,2,2,0
4,2.046486340378425,9.289064495259955,RD4_F8_m7f3_P7_Y70_UO541,RD7_F3_m6f9_P6_Y68_UO489,RD3_F5_m1f5_P1_Y68_UO553,MXY,3,0.0,1,0,0.0,0,0,0,-9999.0,0.5437999525020132,1,P8_CV0,1,1,1,2,0
4,2.046486340378425,9.289064495259955,RD4_F7_m6f9_P6_Y70_UO511,RD6_F3_m7f3_P7_Y68_UO573,RD9_F6_m2f6_P2_Y68_UO580,FXX,3,0.0,1,0,1.0,0,0,0,-9999.0,0.5437957577159978,1,P8_CV0,1,2,0,1,1
5,2.9965467367452314,4.002409126542999,RD5_F1_m1f5_P1_Y72_UO525,RD1_F5_m2f5_P2_Y70_UO393,RD5_F3_m5f2_P5_Y70_UO587,FXX,1,0.0,0,0,0.0,0,0,0,-9999.0,0.5437979338639707,1,P1_CV0,1,2,0,1,1
5,2.9965467367452314,4.002409126542999,RD5_F1_m1f5_P1_Y72_UO72,RD1_F5_m1f5_P1_Y70_UO616,RD5_F2_m3f5_P3_Y70_UO176,FXX,1,0.0,0,0,0.0,0,0,0,-9999.0,0.5437998745765071,1,P1_CV0,1,1,1,2,0
5,2.9965467367452314,4.002409126542999,RD5_F2_m2f3_P2_Y72_UO717,RD2_F9_m2f5_P2_Y70_UO296,RD3_F5_m1f5_P1_Y70_UO261,FXX,1,0.0,0,0,0.0,0,0,0,-9999.0,0.5437956915448012,1,P1_CV0,1,2,0,2,0
5,2.9965467367452314,4.002409126542999,RD5_F1_m1f5_P1_Y72_UO16,RD1_F5_m1f5_P1_Y70_UO616,RD5_F1_m5f3_P5_Y70_UO234,FXX,1,0.0,0,0,0.0,0,0,0,-9999.0,0.5437967348116217,1,P1_CV0,1,1,1,1,1
5,2.9965467367452314,4.002409126542999,RD5_F1_m1f5_P1_Y72_UO73,RD1_F5_m1f5_P1_Y70_UO616,RD5_F2_m3f5_P3_Y70_UO176,FXX,1,0.0,0,0,0.0,0,0,0,-9999.0,0.5437998745765071,1,P1_CV0,1,1,1,1,1
5,2.9965467367452314,4.002409126542999,RD5_F1_m1f5_P1_Y72_UO290,RD1_F5_m1f5_P1_Y70_UO210,RD5_F3_m2f6_P2_Y70_UO743,FXX,1,0.0,0,0,0.0,0,0,0,-9999.0,0.5437965740493382,1,P1_CV0,1,2,0,0,2
5,2.9965467367452314,4.002409126542999,RD5_F1_m1f5_P1_Y72_UO327,RD1_F5_m1f5_P1_Y70_UO210,RD5_F1_m5f2_P5_Y70_UO633,MXY,1,0.0,0,0,0.0,0,0,0,-9999.0,0.5437953836953966,1,P1_CV0,1,0,2,0,2
5,2.9965467367452314,4.002409126542999,RD5_F1_m1f5_P1_Y72_UO130,RD1_F5_m1f5_P1_Y70_UO652,RD5_F2_m6f2_P6_Y70_UO417,FXX,1,0.0,0,0,0.0,0,0,0,-9999.0,0.5437975516288134,1,P1_CV0,1,1,1,2,0
5,2.9965467367452314,4.002409126542999,RD5_F1_m1f5_P1_Y72_UO131,RD1_F5_m1f5_P1_Y70_UO652,RD5_F2_m6f2_P6_Y70_UO417,MXY,1,0.0,0,0,0.0,0,0,0,-9999.0,0.5437975516288134,1,P1_CV0,1,1,1,1,1
5,2.9965467367452314,4.002409126542999,RD5_F1_m1f5_P1_Y72_UO71,RD1_F5_m1f5_P1_Y70_UO616,RD5_F2_m3f5_P3_Y70_UO176,MXY,1,0.0,0,0,0.0,0,0,0,-9999.0,0.5437998745765071,1,P1_CV0,1,2,0,2,0
5,2.9965467367452314,4.002409126542999,RD5_F1_m1f5_P1_Y72_UO702,RD1_F5_m1f5_P1_Y70_UO616,RD5_F1_m5f3_P5_Y70_UO234,FXX,1,0.0,0,0,0.0,0,0,0,-9999.0,0.5437967348116217,1,P1_CV0,1,1,1,1,1
5,2.9965467367452314,4.002409126542999,RD5_F1_m1f5_P1_Y72_UO291,RD1_F5_m1f5_P1_Y70_UO210,RD5_F3_m2f6_P2_Y70_UO743,FXX,1,0.0,0,0,0.0,0,0,0,-9999.0,0.5437965740493382,1,P1_CV0,1,2,0,0,2
5,2.9965467367452314,4.002409126542999,RD5_F1_m1f5_P1_Y72_UO135,RD1_F5_m2f6_P2_Y70_UO744,RD5_F1_m5f2_P5_Y70_UO32,FXX,1,0.0,0,0,0.0,0,0,0,-9999.0,0.5437951642888947,1,P1_CV0,1,2,0,2,0
5,2.9965467367452314,4.002409126542999,RD5_F1_m1f5_P1_Y72_UO367,RD1_F5_m1f5_P1_Y70_UO676,RD5_F3_m2f6_P2_Y70_UO743,MXY,1,0.0,0,0,0.0,0,0,0,-9999.0,0.5437956620735349,1,P1_CV0,1,2,0,1,1
5,2.9965467367452314,4.002409126542999,RD5_F1_m1f5_P1_Y72_UO703,RD1_F5_m1f5_P1_Y70_UO616,RD5_F1_m5f3_P5_Y70_UO234,FXX,1,0.0,0,0,0.0,0,0,0,-9999.0,0.5437967348116217,1,P1_CV0,1,1,1,1,1
5,2.9965467367452314,4.002409126542999,RD5_F1_m1f5_P1_Y72_UO18,RD1_F5_m1f5_P1_Y70_UO616,RD5_F1_m5f3_P5_Y70_UO234,MXY,1,0.0,0,0,0.0,0,0,0,-9999.0,0.5437967348116217,1,P1_CV0,1,1,1,2,0
5,2.9965467367452314,4.002409126542999,RD5_F1_m1f5_P1_Y72_UO325,RD1_F5_m1f5_P1_Y70_UO210,RD5_F1_m5f2_P5_Y70_UO633,MXY,1,0.0,0,0,0.0,0,0,0,-9999.0,0.5437953836953966,1,P1_CV0,1,1,1,0,2
5,2.9965467367452314,4.002409126542999,RD5_F1_m1f5_P1_Y72_UO114,RD1_F5_m1f5_P1_Y70_UO567,RD5_F1_m5f2_P5_Y70_UO24,FXX,1,0.0,0,0,0.0,0,0,0,-9999.0,0.5437924657635449,1,P3_CV0,1,0,2,1,1
5,2.9965467367452314,4.002409126542999,RD5_F1_m1f5_P1_Y72_UO180,RD1_F5_m2f3_P2_Y70_UO667,RD5_F1_m5f3_P5_Y70_UO680,FXX,1,0.0,0,0,0.0,0,0,0,-9999.0,0.5438032737729372,1,P3_CV0,1,1,1,1,1
5,2.9965467367452314,4.002409126542999,RD5_F1_m1f5_P1_Y72_UO194,RD1_F5_m1f5_P1_Y70_UO210,RD5_F3_m2f6_P2_Y70_UO508,MXY,1,0.0,0,0,0.0,0,0,0,-9999.0,0.5437955629604403,1,P3_CV0,1,2,0,0,2
5,2.9965467367452314,4.002409126542999,RD5_F1_m1f5_P1_Y72_UO663,RD1_F5_m1f5_P1_Y70_UO210,RD5_F3_m7f3_P7_Y70_UO540,FXX,1,0.0,0,0,0.0,0,0,0,-9999.0,0.5437977026558656,1,P3_CV0,1,2,0,1,1
5,2.9965467367452314,4.002409126542999,RD5_F1_m1f5_P1_Y72_UO467,RD1_F5_m2f5_P2_Y70_UO424,RD5_F1_m5f3_P5_Y70_UO263,MXY,1,0.0,0,0,0.0,0,0,0,-9999.0,0.5437957067333627,1,P3_CV0,1,0,2,1,1
5,2.9965467367452314,4.002409126542999,RD5_F1_m1f5_P1_Y72_UO752,RD1_F5_m2f9_P2_Y70_UO372,RD5_F1_m5f1_P5_Y70_UO756,FXX,1,0.0,0,0,0.0,0,0,0,-9999.0,0.5437959183582279,1,P3_CV0,1,2,0,1,1
5,2.9965467367452314,4.002409126542999,RD5_F2_m2f3_P2_Y72_UO718,RD2_F9_m2f5_P2_Y70_UO296,RD3_F5_m1f5_P1_Y70_UO261,FXX,1,0.0,0,0,0.0,0,0,0,-9999.0,0.5437956915448012,1,P3_CV0,1,1,1,2,0
5,2.9965467367452314,4.002409126542999,RD5_F1_m1f5_P1_Y72_UO182,RD1_F5_m2f3_P2_Y70_UO667,RD5_F1_m5f3_P5_Y70_UO680,FXX,1,0.0,0,0,0.0,0,0,0,-9999.0,0.5438032737729372,1,P3_CV0,1,2,0,2,0
5,2.9965467367452314,4.002409126542999,RD5_F1_m1f5_P1_Y72_UO737,RD1_F5_m1f5_P1_Y70_UO731,RD5_F1_m5f2_P5_Y70_UO608,FXX,1,0.0,0,0,0.0,0,0,0,-9999.0,0.5438007810953422,1,P3_CV0,1,1,1,1,1
5,2.9965467367452314,4.002409126542999,RD5_F3_m3f5_P3_Y72_UO777,RD3_F7_m4f7_P4_Y70_UO737,RD5_F1_m5f1_P5_Y70_UO475,FXX,1,0.0,0,0,0.0,0,0,0,-9999.0,0.5437980701644847,1,P3_CV0,1,1,1,0,2
5,2.9965467367452314,4.002409126542999,RD5_F1_m1f5_P1_Y72_UO263,RD1_F5_m1f5_P1_Y70_UO534,RD5_F1_m5f2_P5_Y70_UO608,MXY,1,0.0,0,0,0.0,0,0,0,-9999.0,0.5438027569216501,1,P3_CV0,1,2,0,1,1
5,2.9965467367452314,4.002409126542999,RD5_F1_m1f5_P1_Y72_UO665,RD1_F5_m1f5_P1_Y70_UO210,RD5_F3_m7f3_P7_Y70_UO540,FXX,1,0.0,0,0,0.0,0,0,0,-9999.0,0.5437977026558656,1,P3_CV0,1,0,2,1,1
5,2.9965467367452314,4.002409126542999,RD5_F1_m1f5_P1_Y72_UO181,RD1_F5_m2f3_P2_Y70_UO667,RD5_F1_m5f3_P5_Y70_UO680,MXY,1,0.0,0,0,0.0,0,0,0,-9999.0,0.5438032737729372,1,P3_CV0,1,1,1,1,1
5,2.9965467367452314,4.002409126542999,RD5_F1_m1f5_P1_Y72_UO324,RD1_F5_m1f5_P1_Y70_UO210,RD5_F1_m5f2_P5_Y70_UO633,MXY,1,0.0,0,0,0.0,0,0,0,-9999.0,0.5437953836953966,1,P3_CV0,1,2,0,0,2
5,2.9965467367452314,4.002409126542999,RD5_F1_m1f5_P1_Y72_UO193,RD1_F5_m1f5_P1_Y70_UO210,RD5_F3_m2f6_P2_Y70_UO508,FXX,1,0.0,0,0,0.0,0,0,0,-9999.0,0.5437955629604403,1,P3_CV0,1,2,0,1,1
5,2.9965467367452314,4.002409126542999,RD5_F1_m1f5_P1_Y72_UO77,RD1_F5_m1f5_P1_Y70_UO210,RD5_F1_m5f1_P5_Y70_UO271,MXY,1,0.0,0,0,0.0,0,0,0,-9999.0,0.5437985408207169,1,P3_CV0,1,2,0,1,1
5,2.9965467367452314,4.002409126542999,RD5_F1_m1f5_P1_Y72_UO736,RD1_F5_m1f5_P1_Y70_UO731,RD5_F1_m5f2_P5_Y70_UO608,FXX,1,0.0,0,0,0.0,0,0,0,-9999.0,0.5438007810953422,1,P3_CV0,1,0,2,1,1
5,2.9965467367452314,4.002409126542999,RD5_F1_m1f5_P1_Y72_UO184,RD1_F5_m2f3_P2_Y70_UO667,RD5_F1_m5f3_P5_Y70_UO680,FXX,1,0.0,0,0,0.0,0,0,0,-9999.0,0.5438032737729372,1,P3_CV0,1,1,1,2,0
5,2.9965467367452314,4.002409126542999,RD5_F1_m1f5_P1_Y72_UO326,RD1_F5_m1f5_P1_Y70_UO210,RD5_F1_m5f2_P5_Y70_UO633,MXY,1,0.0,0,0,0.0,0,0,0,-9999.0,0.5437953836953966,1,P3_CV0,1,1,1,0,2
5,2.9965467367452314,4.002409126542999,RD5_F1_m1f5_P1_Y72_UO527,RD1_F5_m2f5_P2_Y70_UO393,RD5_F3_m5f2_P5_Y70_UO587,MXY,1,0.0,0,0,0.0,0,0,0,-9999.0,0.5437979338639707,1,P3_CV0,1,2,0,1,1
5,2.9965467367452314,4.002409126542999,RD5_F1_m1f5_P1_Y72_UO753,RD1_F5_m2f9_P2_Y70_UO372,RD5_F1_m5f1_P5_Y70_UO756,MXY,1,0.0,0,0,0.0,0,0,0,-9999.0,0.5437959183582279,1,P3_CV0,1,2,0,1,1
5,2.9965467367452314,4.002409126542999,RD5_F3_m3f6_P3_Y72_UO461,RD3_F5_m1f5_P1_Y70_UO690,RD6_F3_m2f5_P2_Y70_UO29,FXX,1,0.0,0,0,0.0,0,0,0,-9999.0,0.5437955541674455,1,P3_CV0,1,1,1,0,2
5,2.9965467367452314,4.002409126542999,RD5_F1_m1f5_P1_Y72_UO76,RD1_F5_m1f5_P1_Y70_UO210,RD5_F1_m5f1_P5_Y70_UO271,FXX,1,0.0,0,0,0.0,0,0,0,-9999.0,0.5437985408207169,1,P3_CV0,1,2,0,1,1
5,2.9965467367452314,4.002409126542999,RD5_F3_m3f7_P3_Y72_UO282,RD3_F5_m2f9_P2_Y70_UO444,RD7_F4_m8f4_P8_Y70_UO395,MXY,1,0.0,0,0,0.0,0,0,0,-9999.0,0.543801745865494,1,P4_CV0,1,2,0,2,0
5,2.9965467367452314,4.002409126542999,RD5_F3_m3f7_P3_Y72_UO205,RD3_F2_m9f2_P9_Y70_UO792,RD7_F3_m6f2_P6_Y70_UO309,FXX,1,0.0,0,0,0.0,0,0,0,-9999.0,0.5437970013954327,1,P4_CV0,1,2,0,1,1
5,2.9965467367452314,4.002409126542999,RD5_F1_m1f5_P1_Y72_UO136,RD1_F5_m2f6_P2_Y70_UO744,RD5_F1_m5f2_P5_Y70_UO32,FXX,1,0.0,0,0,0.0,0,0,0,-9999.0,0.5437951642888947,1,P4_CV0,1,2,0,1,1
5,2.9965467367452314,4.002409126542999,RD5_F2_m2f6_P2_Y72_UO505,RD2_F5_m1f5_P1_Y70_UO94,RD6_F2_m6f9_P6_Y70_UO279,MXY,1,0.0,0,0,0.0,0,0,0,-9999.0,0.5437936164962593,1,P4_CV0,1,2,0,2,0
5,2.9965467367452314,4.002409126542999,RD5_F3_m3f5_P3_Y72_UO481,RD3_F5_m1f5_P1_Y70_UO402,RD5_F1_m5f3_P5_Y70_UO264,FXX,1,0.0,0,0,0.0,0,0,0,-9999.0,0.5437988191733893,1,P4_CV0,1,2,0,1,1
5,2.9965467367452314,4.002409126542999,RD5_F2_m2f5_P2_Y72_UO39,RD2_F6_m3f5_P3_Y70_UO519,RD5_F1_m5f2_P5_Y70_UO23,FXX,1,0.0,0,0,0.0,0,0,0,-9999.0,0.5437960373856185,1,P4_CV0,1,0,2,2,0
5,2.9965467367452314,4.002409126542999,RD5_F2_m2f9_P2_Y72_UO352,RD2_F9_m6f3_P6_Y70_UO268,RD9_F6_m3f5_P3_Y70_UO109,FXX,1,0.0,0,0,0.0,0,0,0,-9999.0,0.5437999291571032,1,P4_CV0,1,1,1,2,0
5,2.9965467367452314,4.002409126542999,RD5_F1_m1f5_P1_Y72_UO132,RD1_F5_m1f5_P1_Y70_UO652,RD5_F2_m6f2_P6_Y70_UO417,MXY,1,0.0,0,0,0.0,0,0,0,-9999.0,0.5437975516288134,1,P4_CV0,1,1,1,2,0
5,2.9965467367452314,4.002409126542999,RD5_F3_m3f2_P3_Y72_UO86,RD3_F5_m2f3_P2_Y70_UO786,RD2_F9_m6f3_P6_Y70_UO206,FXX,1,0.0,0,0,0.0,0,0,0,-9999.0,0.5438005829237227,1,P4_CV0,1,1,1,1,1
5,2.9965467367452314,4.002409126542999,RD5_F1_m1f5_P1_Y72_UO365,RD1_F5_m1f5_P1_Y70_UO676,RD5_F3_m2f6_P2_Y70_UO743,FXX,1,0.0,0,0,0.0,0,0,0,-9999.0,0.5437956620735349,1,P4_CV0,1,2,0,1,1
5,2.9965467367452314,4.002409126542999,RD5_F1_m1f5_P1_Y72_UO341,RD1_F5_m1f5_P1_Y70_UO768,RD5_F1_m5f3_P5_Y70_UO263,FXX,1,0.0,0,0,0.0,0,0,0,-9999.0,0.5437973642583529,1,P4_CV0,1,1,1,0,2
5,2.9965467367452314,4.002409126542999,RD5_F3_m3f7_P3_Y72_UO476,RD3_F7_m3f5_P3_Y70_UO132,RD7_F4_m8f4_P8_Y70_UO41,FXX,1,0.0,0,0,0.0,0,0,0,-9999.0,0.5438007779448526,1,P4_CV0,1,0,2,1,1
5,2.9965467367452314,4.002409126542999,RD5_F1_m1f5_P1_Y72_UO115,RD1_F5_m1f5_P1_Y70_UO567,RD5_F1_m5f2_P5_Y70_UO24,MXY,1,0.0,0,0,0.0,0,0,0,-9999.0,0.5437924657635449,1,P4_CV0,1,1,1,1,1
5,2.9965467367452314,4.002409126542999,RD5_F3_m3f6_P3_Y72_UO255,RD3_F5_m2f6_P2_Y70_UO599,RD6_F3_m2f3_P2_Y70_UO497,MXY,1,0.0,0,0,0.0,0,0,0,-9999.0,0.5437980066926684,1,P4_CV0,1,1,1,1,1
5,2.9965467367452314,4.002409126542999,RD5_F1_m1f5_P1_Y72_UO19,RD1_F5_m3f5_P3_Y70_UO276,RD5_F1_m5f3_P5_Y70_UO263,FXX,1,0.0,0,0,0.0,0,0,0,-9999.0,0.5437976002176583,1,P4_CV0,1,1,1,1,1
5,2.9965467367452314,4.002409126542999,RD5_F1_m1f5_P1_Y72_UO70,RD1_F5_m2f9_P2_Y70_UO584,RD5_F3_m2f9_P2_Y70_UO445,FXX,1,0.0,0,0,0.0,0,0,0,-9999.0,0.543799084789498,1,P4_CV0,1,2,0,1,1
5,2.9965467367452314,4.002409126542999,RD5_F2_m2f5_P2_Y72_UO120,RD2_F9_m2f9_P2_Y70_UO265,RD5_F1_m5f1_P5_Y70_UO271,MXY,1,0.0,0,0,0.0,0,0,0,-9999.0,0.54380135550673,1,P4_CV0,1,1,1,2,0
5,2.9965467367452314,4.002409126542999,RD5_F3_m3f6_P3_Y72_UO528,RD3_F7_m3f7_P3_Y70_UO64,RD6_F3_m5f3_P5_Y70_UO355,FXX,1,0.0,0,0,0.0,0,0,0,-9999.0,0.5437990520695166,1,P4_CV0,1,2,0,1,1
5,2.9965467367452314,4.002409126542999,RD5_F1_m1f5_P1_Y72_UO155,RD1_F5_m1f5_P1_Y70_UO114,RD5_F1_m5f1_P5_Y70_UO300,MXY,1,0.0,0,0,0.0,0,0,0,-9999.0,0.5437938355753431,1,P4_CV0,1,2,0,1,1
5,2.9965467367452314,4.002409126542999,RD5_F1_m1f5_P1_Y72_UO342,RD1_F5_m1f5_P1_Y70_UO768,RD5_F1_m5f3_P5_Y70_UO263,MXY,1,0.0,0,0,0.0,0,0,0,-9999.0,0.5437973642583529,1,P4_CV0,1,0,2,1,1
5,2.9965467367452314,4.002409126542999,RD5_F3_m3f6_P3_Y72_UO226,RD3_F7_m3f7_P3_Y70_UO801,RD6_F9_m2f3_P2_Y70_UO761,FXX,1,0.0,0,0,0.0,0,0,0,-9999.0,0.5437953644977824,1,P4_CV0,1,2,0,1,1
5,2.9965467367452314,4.002409126542999,RD5_F1_m1f5_P1_Y72_UO78,RD1_F5_m1f5_P1_Y70_UO210,RD5_F1_m5f1_P5_Y70_UO271,FXX,1,0.0,0,0,0.0,0,0,0,-9999.0,0.5437985408207169,1,P4_CV0,1,1,1,1,1
5,2.9965467367452314,4.002409126542999,RD5_F1_m1f5_P1_Y72_UO21,RD1_F5_m3f5_P3_Y70_UO276,RD5_F1_m5f3_P5_Y70_UO263,FXX,1,0.0,0,0,0.0,0,0,0,-9999.0,0.5437976002176583,1,P4_CV0,1,1,1,1,1
5,2.9965467367452314,4.002409126542999,RD5_F2_m2f3_P2_Y72_UO320,RD2_F5_m1f5_P1_Y70_UO94,RD3_F2_m6f9_P6_Y70_UO304,FXX,1,0.0,0,0,0.0,0,0,0,-9999.0,0.5437944065597549,1,P4_CV0,1,1,1,1,1
5,2.9965467367452314,4.002409126542999,RD5_F1_m1f5_P1_Y72_UO137,RD1_F5_m2f6_P2_Y70_UO744,RD5_F1_m5f2_P5_Y70_UO32,FXX,1,0.0,0,0,0.0,0,0,0,-9999.0,0.5437951642888947,1,P4_CV0,1,2,0,2,0
5,2.9965467367452314,4.002409126542999,RD5_F1_m1f5_P1_Y72_UO129,RD1_F5_m1f5_P1_Y70_UO652,RD5_F2_m6f2_P6_Y70_UO417,MXY,1,0.0,0,0,0.0,0,0,0,-9999.0,0.5437975516288134,1,P4_CV0,1,1,1,2,0
5,2.9965467367452314,4.002409126542999,RD5_F1_m1f5_P1_Y72_UO156,RD1_F5_m1f5_P1_Y70_UO114,RD5_F1_m5f1_P5_Y70_UO300,MXY,1,0.0,0,0,0.0,0,0,0,-9999.0,0.5437938355753431,1,P4_CV0,1,2,0,2,0
5,2.9965467367452314,4.002409126542999,RD5_F1_m1f5_P1_Y72_UO101,RD1_F5_m1f5_P1_Y70_UO114,RD5_F1_m5f1_P5_Y70_UO300,MXY,1,0.0,0,0,0.0,0,0,0,-9999.0,0.5437938355753431,1,P4_CV0,1,2,0,1,1
5,2.9965467367452314,4.002409126542999,RD5_F1_m1f5_P1_Y72_UO20,RD1_F5_m3f5_P3_Y70_UO276,RD5_F1_m5f3_P5_Y70_UO263,FXX,1,0.0,0,0,0.0,0,0,0,-9999.0,0.5437976002176583,1,P4_CV0,1,0,2,0,2
5,2.9965467367452314,4.002409126542999,RD5_F3_m3f6_P3_Y72_UO222,RD3_F6_m3f2_P3_Y70_UO455,RD6_F9_m2f9_P2_Y70_UO644,FXX,1,0.0,0,0,0.0,0,0,0,-9999.0,0.5437976693719975,1,P4_CV0,1,2,0,2,0
5,2.9965467367452314,4.002409126542999,RD5_F1_m1f5_P1_Y70_UO102,RD1_F5_m1f5_P1_Y68_UO233,RD5_F3_m7f4_P7_Y68_UO102,MXY,3,0.0,1,0,0.0,0,0,0,-9999.0,0.5437995469619636,1,P4_CV0,1,1,1,1,1
5,2.9965467367452314,4.002409126542999,RD5_F1_m1f5_P1_Y70_UO567,RD1_F5_m1f5_P1_Y68_UO352,RD5_F3_m7f4_P7_Y68_UO614,FXX,3,0.0,1,0,1.0,0,0,0,-9999.0,0.5437885336432373,1,P4_CV0,1,1,1,0,2
5,2.9965467367452314,4.002409126542999,RD5_F1_m3f5_P3_Y70_UO178,RD3_F5_m1f5_P1_Y68_UO390,RD5_F3_m6f9_P6_Y68_UO378,FXX,3,0.0,1,0,1.0,0,0,0,-9999.0,0.5438030615623575,1,P4_CV0,1,2,0,2,0
5,2.9965467367452314,4.002409126542999,RD5_F2_m3f6_P3_Y70_UO419,RD3_F7_m4f7_P4_Y68_UO662,RD6_F2_m9f2_P9_Y68_UO164,FXX,3,0.0,1,0,1.0,0,0,0,-9999.0,0.5438038756765309,1,P4_CV0,1,1,1,2,0
5,2.9965467367452314,4.002409126542999,RD5_F1_m1f5_P1_Y72_UO585,RD1_F5_m3f5_P3_Y70_UO276,RD5_F2_m7f4_P7_Y68_UO244,MXY,1,0.0,0,0,0.0,0,0,0,-9999.0,0.543798688420793,1,P6_CV0,1,1,1,0,2
5,2.9965467367452314,4.002409126542999,RD5_F3_m3f6_P3_Y72_UO373,RD3_F2_m9f2_P9_Y70_UO792,RD6_F2_m6f3_P6_Y70_UO747,MXY,1,0.0,0,0,0.0,0,0,0,-9999.0,0.5437986603028548,1,P6_CV0,1,2,0,1,1
5,2.9965467367452314,4.002409126542999,RD5_F1_m1f5_P1_Y72_UO69,RD1_F5_m2f9_P2_Y70_UO584,RD5_F3_m2f9_P2_Y70_UO445,FXX,1,0.0,0,0,0.0,0,0,0,-9999.0,0.543799084789498,1,P8_CV0,1,2,0,1,1
5,2.9965467367452314,4.002409126542999,RD5_F2_m2f3_P2_Y72_UO55,RD2_F6_m9f6_P9_Y70_UO103,RD3_F2_m6f3_P6_Y70_UO752,MXY,1,0.0,0,0,0.0,0,0,0,-9999.0,0.5438015781182912,1,P8_CV0,1,1,1,0,2
5,2.9965467367452314,4.002409126542999,RD5_F1_m1f5_P1_Y72_UO723,RD1_F5_m1f5_P1_Y70_UO616,RD5_F2_m7f4_P7_Y68_UO244,FXX,1,0.0,0,0,0.0,0,0,0,-9999.0,0.5437980968054035,1,P8_CV0,1,1,1,1,1
5,2.9965467367452314,4.002409126542999,RD5_F3_m3f2_P3_Y72_UO241,RD3_F7_m3f5_P3_Y70_UO177,RD2_F3_m2f3_P2_Y70_UO329,MXY,1,0.0,0,0,0.0,0,0,0,-9999.0,0.543798979568237,1,P8_CV0,1,1,1,0,2
5,2.9965467367452314,4.002409126542999,RD5_F1_m1f5_P1_Y72_UO724,RD1_F5_m1f5_P1_Y70_UO616,RD5_F2_m7f4_P7_Y68_UO244,MXY,1,0.0,0,0,0.0,0,0,0,-9999.0,0.5437980968054035,1,P8_CV0,1,0,2,2,0
5,2.9965467367452314,4.002409126542999,RD5_F1_m1f5_P1_Y72_UO722,RD1_F5_m1f5_P1_Y70_UO616,RD5_F2_m7f4_P7_Y68_UO244,FXX,1,0.0,0,0,0.0,0,0,0,-9999.0,0.5437980968054035,1,P8_CV0,1,1,1,1,1
5,2.9965467367452314,4.002409126542999,RD5_F1_m1f5_P1_Y72_UO584,RD1_F5_m3f5_P3_Y70_UO276,RD5_F2_m7f4_P7_Y68_UO244,MXY,1,0.0,0,0,0.0,0,0,0,-9999.0,0.543798688420793,1,P8_CV0,1,1,1,1,1
5,2.9965467367452314,4.002409126542999,RD5_F2_m2f6_P2_Y72_UO273,RD2_F6_m3f5_P3_Y70_UO519,RD6_F9_m6f9_P6_Y70_UO321,FXX,1,0.0,0,0,0.0,0,0,0,-9999.0,0.5437947674872703,1,P8_CV0,1,1,1,1,1
5,2.9965467367452314,4.002409126542999,RD5_F1_m1f5_P1_Y72_UO549,RD1_F5_m1f5_P1_Y70_UO678,RD5_F1_m5f1_P5_Y70_UO218,MXY,1,0.0,0,0,0.0,0,0,0,-9999.0,0.5437938614522864,1,P8_CV0,1,2,0,1,1
5,2.9965467367452314,4.002409126542999,RD5_F1_m1f5_P1_Y72_UO398,RD1_F5_m1f5_P1_Y70_UO568,RD5_F3_m7f3_P7_Y70_UO540,FXX,1,0.0,0,0,0.0,0,0,0,-9999.0,0.5437942430726252,1,P8_CV0,1,2,0,2,0
5,2.9965467367452314,4.002409126542999,RD5_F1_m1f5_P1_Y72_UO662,RD1_F5_m1f5_P1_Y70_UO210,RD5_F3_m7f3_P7_Y70_UO540,MXY,1,0.0,0,0,0.0,0,0,0,-9999.0,0.5437977026558656,1,P8_CV0,1,2,0,1,1
5,2.9965467367452314,4.002409126542999,RD5_F3_m3f2_P3_Y72_UO499,RD3_F6_m2f6_P2_Y70_UO222,RD2_F9_m6f9_P6_Y70_UO273,MXY,1,0.0,0,0,0.0,0,0,0,-9999.0,0.5437941580385086,1,P8_CV0,1,2,0,1,1
5,2.9965467367452314,4.002409126542999,RD5_F3_m3f5_P3_Y72_UO13,RD3_F2_m9f6_P9_Y70_UO405,RD5_F1_m5f2_P5_Y70_UO607,MXY,1,0.0,0,0,0.0,0,0,0,-9999.0,0.5438023874266946,1,P8_CV0,1,2,0,1,1
5,2.9965467367452314,4.002409126542999,RD5_F3_m3f2_P3_Y72_UO215,RD3_F7_m4f8_P4_Y70_UO290,RD2_F9_m6f3_P6_Y70_UO671,MXY,1,0.0,0,0,0.0,0,0,0,-9999.0,0.5437988773592224,1,P8_CV0,1,1,1,2,0
5,2.9965467367452314,4.002409126542999,RD5_F3_m3f5_P3_Y72_UO96,RD3_F7_m3f5_P3_Y70_UO275,RD5_F1_m5f1_P5_Y70_UO218,FXX,1,0.0,0,0,0.0,0,0,0,-9999.0,0.5437959824339487,1,P8_CV0,1,2,0,0,2
5,2.9965467367452314,4.002409126542999,RD5_F1_m1f5_P1_Y72_UO583,RD1_F5_m3f5_P3_Y70_UO276,RD5_F2_m7f4_P7_Y68_UO244,MXY,1,0.0,0,0,0.0,0,0,0,-9999.0,0.543798688420793,1,P8_CV0,1,0,2,0,2
5,2.9965467367452314,4.002409126542999,RD5_F1_m1f5_P1_Y72_UO550,RD1_F5_m1f5_P1_Y70_UO678,RD5_F1_m5f1_P5_Y70_UO218,MXY,1,0.0,0,0,0.0,0,0,0,-9999.0,0.5437938614522864,1,P8_CV0,1,0,2,0,2
5,2.9965467367452314,4.002409126542999,RD5_F1_m1f5_P1_Y72_UO192,RD1_F5_m1f5_P1_Y70_UO210,RD5_F3_m2f6_P2_Y70_UO508,FXX,1,0.0,0,0,0.0,0,0,0,-9999.0,0.5437955629604403,1,P8_CV0,1,1,1,0,2
5,2.9965467367452314,4.002409126542999,RD5_F3_m3f6_P3_Y72_UO319,RD3_F6_m3f7_P3_Y70_UO589,RD6_F9_m6f9_P6_Y70_UO65,MXY,1,0.0,0,0,0.0,0,0,0,-9999.0,0.5437972518557217,1,P8_CV0,1,2,0,0,2
5,2.9965467367452314,4.002409126542999,RD5_F1_m3f2_P3_Y70_UO149,RD3_F5_m2f9_P2_Y68_UO18,RD2_F6_m9f2_P9_Y68_UO281,FXX,3,0.0,1,0,1.0,0,0,0,-9999.0,0.5437970424973173,1,P8_CV0,1,1,1,1,1
5,2.9965467367452314,4.002409126542999,RD5_F1_m1f5_P1_Y70_UO765,RD1_F5_m1f5_P1_Y68_UO132,RD5_F2_m6f2_P6_Y68_UO356,FXX,3,0.0,1,0,1.0,0,0,0,-9999.0,0.5437973989028251,1,P8_CV0,1,0,2,2,0
5,2.9965467367452314,4.002409126542999,RD5_F3_m6f3_P6_Y70_UO752,RD6_F2_m5f1_P5_Y68_UO613,RD3_F6_m9f2_P9_Y68_UO834,MXY,3,0.0,1,0,0.0,0,0,0,-9999.0,0.5437990924983751,1,P8_CV0,1,1,1,1,1
6,6.211338327692949,7.937131414155586,RD6_F9_m9f2_P9_Y72_UO629,RD9_F6_m9f2_P9_Y70_UO7,RD2_F9_m6f9_P6_Y70_UO739,FXX,1,0.0,0,0,0.0,0,0,0,-9999.0,0.5437963471449621,1,P1_CV0,1,2,0,2,0
6,6.211338327692949,7.937131414155586,RD6_F9_m9f6_P9_Y72_UO380,RD9_F6_m9f2_P9_Y70_UO3,RD6_F3_m7f4_P7_Y70_UO623,FXX,1,0.0,0,0,0.0,0,0,0,-9999.0,0.5437944015247922,1,P1_CV0,1,1,1,1,1
6,6.211338327692949,7.937131414155586,RD6_F9_m9f2_P9_Y72_UO284,RD9_F6_m9f2_P9_Y70_UO804,RD2_F9_m2f5_P2_Y70_UO30,MXY,1,0.0,0,0,0.0,0,0,0,-9999.0,0.5438003488125105,1,P1_CV0,1,2,0,2,0
6,6.211338327692949,7.937131414155586,RD6_F9_m9f2_P9_Y72_UO631,RD9_F6_m9f2_P9_Y70_UO7,RD2_F9_m6f9_P6_Y70_UO739,MXY,1,0.0,0,0,0.0,0,0,0,-9999.0,0.5437963471449621,1,P1_CV0,1,0,2,1,1
6,6.211338327692949,7.937131414155586,RD6_F3_m3f6_P3_Y72_UO337,RD3_F7_m4f8_P4_Y70_UO448,RD6_F2_m5f3_P5_Y70_UO443,FXX,1,0.0,0,0,0.0,0,0,0,-9999.0,0.5437996061518788,1,P1_CV0,1,2,0,1,1
6,6.211338327692949,7.937131414155586,RD6_F3_m3f2_P3_Y72_UO236,RD3_F2_m6f2_P6_Y70_UO774,RD2_F9_m2f3_P2_Y70_UO762,MXY,1,0.0,0,0,0.0,0,0,0,-9999.0,0.5437955336383311,1,P1_CV0,1,2,0,1,1
6,6.211338327692949,7.937131414155586,RD6_F2_m2f3_P2_Y72_UO715,RD2_F9_m2f5_P2_Y70_UO296,RD3_F5_m1f5_P1_Y70_UO261,FXX,1,0.0,0,0,0.0,0,0,0,-9999.0,0.5437956915448012,1,P1_CV0,1,2,0,1,1
6,6.211338327692949,7.937131414155586,RD6_F9_m9f6_P9_Y72_UO379,RD9_F6_m9f2_P9_Y70_UO3,RD6_F3_m7f4_P7_Y70_UO623,FXX,1,0.0,0,0,0.0,0,0,0,-9999.0,0.5437944015247922,1,P1_CV0,1,2,0,1,1
6,6.211338327692949,7.937131414155586,RD6_F9_m9f6_P9_Y72_UO533,RD9_F6_m3f6_P3_Y70_UO314,RD6_F3_m5f3_P5_Y70_UO389,FXX,1,0.0,0,0,0.0,0,0,0,-9999.0,0.543800381685287,1,P3_CV0,1,2,0,0,2
6,6.211338327692949,7.937131414155586,RD6_F9_m9f2_P9_Y72_UO559,RD9_F6_m3f6_P3_Y70_UO314,RD2_F9_m2f6_P2_Y70_UO520,FXX,1,0.0,0,0,0.0,0,0,0,-9999.0,0.5437973397310998,1,P3_CV0,1,1,1,0,2
6,6.211338327692949,7.937131414155586,RD6_F9_m9f2_P9_Y72_UO168,RD9_F6_m9f6_P9_Y70_UO117,RD2_F5_m1f5_P1_Y70_UO734,FXX,1,0.0,0,0,0.0,0,0,0,-9999.0,0.5437981350623886,1,P3_CV0,1,1,1,0,2
6,6.211338327692949,7.937131414155586,RD6_F3_m3f7_P3_Y72_UO314,RD3_F6_m9f6_P9_Y70_UO244,RD7_F3_m5f1_P5_Y70_UO110,FXX,1,0.0,0,0,0.0,0,0,0,-9999.0,0.5437975948043459,1,P3_CV0,1,2,0,0,2
6,6.211338327692949,7.937131414155586,RD6_F9_m9f6_P9_Y72_UO279,RD9_F6_m9f6_P9_Y70_UO117,RD6_F2_m5f3_P5_Y70_UO443,MXY,1,0.0,0,0,0.0,0,0,0,-9999.0,0.5438004915922647,1,P3_CV0,1,2,0,0,2
6,6.211338327692949,7.937131414155586,RD6_F9_m9f6_P9_Y72_UO697,RD9_F6_m9f6_P9_Y70_UO224,RD6_F3_m5f3_P5_Y70_UO389,MXY,1,0.0,0,0,0.0,0,0,0,-9999.0,0.5437975290005852,1,P3_CV0,1,2,0,1,1
6,6.211338327692949,7.937131414155586,RD6_F9_m9f2_P9_Y72_UO238,RD9_F6_m9f6_P9_Y70_UO117,RD2_F9_m6f3_P6_Y70_UO686,FXX,1,0.0,0,0,0.0,0,0,0,-9999.0,0.5437985701937578,1,P3_CV0,1,1,1,0,2
6,6.211338327692949,7.937131414155586,RD6_F9_m9f2_P9_Y72_UO560,RD9_F6_m3f6_P3_Y70_UO314,RD2_F9_m2f6_P2_Y70_UO520,FXX,1,0.0,0,0,0.0,0,0,0,-9999.0,0.5437973397310998,1,P3_CV0,1,1,1,1,1
6,6.211338327692949,7.937131414155586,RD6_F3_m3f5_P3_Y72_UO778,RD3_F7_m4f7_P4_Y70_UO737,RD5_F1_m5f1_P5_Y70_UO475,FXX,1,0.0,0,0,0.0,0,0,0,-9999.0,0.5437980701644847,1,P3_CV0,1,1,1,1,1
6,6.211338327692949,7.937131414155586,RD6_F9_m9f6_P9_Y72_UO698,RD9_F6_m9f6_P9_Y70_UO224,RD6_F3_m5f3_P5_Y70_UO389,FXX,1,0.0,0,0,0.0,0,0,0,-9999.0,0.5437975290005852,1,P3_CV0,1,2,0,2,0
6,6.211338327692949,7.937131414155586,RD6_F9_m9f6_P9_Y72_UO165,RD9_F6_m9f6_P9_Y70_UO117,RD6_F9_m6f9_P6_Y70_UO66,FXX,1,0.0,0,0,0.0,0,0,0,-9999.0,0.5437962452524516,1,P3_CV0,1,2,0,0,2
6,6.211338327692949,7.937131414155586,RD6_F9_m9f2_P9_Y72_UO237,RD9_F6_m9f6_P9_Y70_UO117,RD2_F9_m6f3_P6_Y70_UO686,FXX,1,0.0,0,0,0.0,0,0,0,-9999.0,0.5437985701937578,1,P3_CV0,1,2,0,0,2
6,6.211338327692949,7.937131414155586,RD6_F9_m9f6_P9_Y72_UO10,RD9_F2_m6f9_P6_Y70_UO238,RD6_F3_m5f1_P5_Y70_UO161,MXY,1,0.0,0,0,0.0,0,0,0,-9999.0,0.5437978393129015,1,P3_CV0,1,0,2,1,1
6,6.211338327692949,7.937131414155586,RD6_F9_m9f2_P9_Y72_UO309,RD9_F6_m2f9_P2_Y70_UO586,RD2_F3_m5f1_P5_Y70_UO111,MXY,1,0.0,0,0,0.0,0,0,0,-9999.0,0.5437986120668938,1,P3_CV0,1,1,1,1,1
6,6.211338327692949,7.937131414155586,RD6_F9_m9f2_P9_Y72_UO473,RD9_F6_m9f6_P9_Y70_UO117,RD2_F3_m6f9_P6_Y70_UO159,FXX,1,0.0,0,0,0.0,0,0,0,-9999.0,0.543795349120046,1,P3_CV0,1,2,0,1,1
6,6.211338327692949,7.937131414155586,RD6_F9_m9f6_P9_Y72_UO695,RD9_F6_m9f6_P9_Y70_UO224,RD6_F3_m5f3_P5_Y70_UO389,MXY,1,0.0,0,0,0.0,0,0,0,-9999.0,0.5437975290005852,1,P3_CV0,1,2,0,1,1
6,6.211338327692949,7.937131414155586,RD6_F9_m9f2_P9_Y72_UO474,RD9_F6_m9f6_P9_Y70_UO117,RD2_F3_m6f9_P6_Y70_UO159,MXY,1,0.0,0,0,0.0,0,0,0,-9999.0,0.543795349120046,1,P3_CV0,1,2,0,1,1
6,6.211338327692949,7.937131414155586,RD6_F2_m2f5_P2_Y72_UO425,RD2_F3_m6f2_P6_Y70_UO31,RD5_F2_m3f5_P3_Y70_UO176,FXX,1,0.0,0,0,0.0,0,0,0,-9999.0,0.5438001574475493,1,P3_CV0,1,0,2,2,0
6,6.211338327692949,7.937131414155586,RD6_F9_m9f2_P9_Y72_UO169,RD9_F6_m9f6_P9_Y70_UO117,RD2_F5_m1f5_P1_Y70_UO734,MXY,1,0.0,0,0,0.0,0,0,0,-9999.0,0.5437981350623886,1,P3_CV0,1,1,1,1,1
6,6.211338327692949,7.937131414155586,RD6_F9_m9f2_P9_Y72_UO561,RD9_F6_m3f6_P3_Y70_UO314,RD2_F9_m2f6_P2_Y70_UO520,MXY,1,0.0,0,0,0.0,0,0,0,-9999.0,0.5437973397310998,1,P3_CV0,1,1,1,1,1
6,6.211338327692949,7.937131414155586,RD6_F9_m9f2_P9_Y72_UO449,RD9_F6_m2f5_P2_Y70_UO119,RD2_F6_m9f2_P9_Y70_UO778,FXX,1,0.0,0,0,0.0,0,0,0,-9999.0,0.5437954216540675,1,P3_CV0,1,1,1,1,1
6,6.211338327692949,7.937131414155586,RD6_F9_m9f2_P9_Y72_UO472,RD9_F6_m9f6_P9_Y70_UO117,RD2_F3_m6f9_P6_Y70_UO159,FXX,1,0.0,0,0,0.0,0,0,0,-9999.0,0.543795349120046,1,P3_CV0,1,1,1,1,1
6,6.211338327692949,7.937131414155586,RD6_F9_m9f6_P9_Y70_UO224,RD9_F6_m9f6_P9_Y68_UO178,RD6_F2_m6f2_P6_Y68_UO722,FXX,3,0.0,1,0,1.0,0,0,0,-9999.0,0.5437905203871196,1,P3_CV0,1,2,0,1,1
6,6.211338327692949,7.937131414155586,RD6_F9_m9f2_P9_Y72_UO445,RD9_F2_m9f2_P9_Y70_UO328,RD2_F6_m9f6_P9_Y70_UO214,FXX,1,0.0,0,0,0.0,0,0,0,-9999.0,0.5437971411483886,1,P4_CV0,1,1,1,1,1
6,6.211338327692949,7.937131414155586,RD6_F2_m2f5_P2_Y72_UO119,RD2_F9_m2f9_P2_Y70_UO265,RD5_F1_m5f1_P5_Y70_UO271,FXX,1,0.0,0,0,0.0,0,0,0,-9999.0,0.54380135550673,1,P4_CV0,1,1,1,2,0
6,6.211338327692949,7.937131414155586,RD6_F9_m9f2_P9_Y72_UO58,RD9_F6_m9f2_P9_Y70_UO398,RD2_F9_m6f3_P6_Y70_UO88,FXX,1,0.0,0,0,0.0,0,0,0,-9999.0,0.5437951779422292,1,P4_CV0,1,2,0,2,0
6,6.211338327692949,7.937131414155586,RD6_F9_m9f6_P9_Y72_UO758,RD9_F6_m9f2_P9_Y70_UO398,RD6_F9_m2f5_P2_Y70_UO758,MXY,1,0.0,0,0,0.0,0,0,0,-9999.0,0.5437939509283751,1,P4_CV0,1,2,0,2,0
6,6.211338327692949,7.937131414155586,RD6_F3_m3f6_P3_Y72_UO159,RD3_F5_m3f7_P3_Y70_UO62,RD6_F3_m6f3_P6_Y70_UO87,FXX,1,0.0,0,0,0.0,0,0,0,-9999.0,0.5437973105836136,1,P4_CV0,1,1,1,1,1
6,6.211338327692949,7.937131414155586,RD6_F2_m2f6_P2_Y72_UO597,RD2_F6_m2f6_P2_Y70_UO524,RD6_F2_m6f2_P6_Y70_UO555,MXY,1,0.0,0,0,0.0,0,0,0,-9999.0,0.5437994015846925,1,P4_CV0,1,0,2,2,0
6,6.211338327692949,7.937131414155586,RD6_F2_m2f6_P2_Y72_UO251,RD2_F6_m9f2_P9_Y70_UO16,RD6_F2_m3f5_P3_Y70_UO133,FXX,1,0.0,0,0,0.0,0,0,0,-9999.0,0.5437956437526736,1,P4_CV0,1,0,2,1,1
6,6.211338327692949,7.937131414155586,RD6_F9_m9f2_P9_Y72_UO469,RD9_F6_m3f2_P3_Y70_UO528,RD2_F6_m3f7_P3_Y70_UO590,MXY,1,0.0,0,0,0.0,0,0,0,-9999.0,0.5437989341844514,1,P4_CV0,1,1,1,2,0
6,6.211338327692949,7.937131414155586,RD6_F9_m9f6_P9_Y72_UO163,RD9_F6_m9f6_P9_Y70_UO117,RD6_F9_m6f9_P6_Y70_UO66,FXX,1,0.0,0,0,0.0,0,0,0,-9999.0,0.5437962452524516,1,P4_CV0,1,1,1,0,2
6,6.211338327692949,7.937131414155586,RD6_F3_m3f6_P3_Y72_UO544,RD3_F6_m9f6_P9_Y70_UO193,RD6_F3_m7f3_P7_Y70_UO664,FXX,1,0.0,0,0,0.0,0,0,0,-9999.0,0.5438005023279402,1,P4_CV0,1,1,1,0,2
6,6.211338327692949,7.937131414155586,RD6_F9_m9f2_P9_Y72_UO310,RD9_F6_m2f9_P2_Y70_UO586,RD2_F3_m5f1_P5_Y70_UO111,FXX,1,0.0,0,0,0.0,0,0,0,-9999.0,0.5437986120668938,1,P4_CV0,1,1,1,1,1
6,6.211338327692949,7.937131414155586,RD6_F2_m2f3_P2_Y72_UO420,RD2_F6_m9f6_P9_Y70_UO254,RD3_F2_m6f3_P6_Y70_UO752,FXX,1,0.0,0,0,0.0,0,0,0,-9999.0,0.5437994165295095,1,P4_CV0,1,1,1,1,1
6,6.211338327692949,7.937131414155586,RD6_F2_m2f9_P2_Y72_UO553,RD2_F9_m2f3_P2_Y70_UO764,RD9_F2_m6f2_P6_Y70_UO447,MXY,1,0.0,0,0,0.0,0,0,0,-9999.0,0.5437983367373818,1,P4_CV0,1,2,0,2,0
6,6.211338327692949,7.937131414155586,RD6_F2_m2f6_P2_Y72_UO670,RD2_F5_m1f5_P1_Y70_UO630,RD6_F3_m2f3_P2_Y70_UO497,FXX,1,0.0,0,0,0.0,0,0,0,-9999.0,0.5437969144149974,1,P4_CV0,1,1,1,0,2
6,6.211338327692949,7.937131414155586,RD6_F2_m2f6_P2_Y72_UO503,RD2_F5_m1f5_P1_Y70_UO94,RD6_F2_m6f9_P6_Y70_UO279,MXY,1,0.0,0,0,0.0,0,0,0,-9999.0,0.5437936164962593,1,P4_CV0,1,1,1,1,1
6,6.211338327692949,7.937131414155586,RD6_F9_m9f6_P9_Y72_UO442,RD9_F6_m9f6_P9_Y70_UO380,RD6_F9_m6f9_P6_Y70_UO65,MXY,1,0.0,0,0,0.0,0,0,0,-9999.0,0.5437927872844739,1,P4_CV0,1,1,1,1,1
6,6.211338327692949,7.937131414155586,RD6_F9_m9f6_P9_Y72_UO653,RD9_F6_m9f2_P9_Y70_UO1,RD6_F3_m7f4_P7_Y70_UO623,FXX,1,0.0,0,0,0.0,0,0,0,-9999.0,0.5437944015247922,1,P4_CV0,1,1,1,1,1
6,6.211338327692949,7.937131414155586,RD6_F9_m9f6_P9_Y72_UO441,RD9_F6_m9f6_P9_Y70_UO380,RD6_F9_m6f9_P6_Y70_UO65,MXY,1,0.0,0,0,0.0,0,0,0,-9999.0,0.5437927872844739,1,P4_CV0,1,1,1,1,1
6,6.211338327692949,7.937131414155586,RD6_F9_m9f2_P9_Y72_UO239,RD9_F6_m9f6_P9_Y70_UO117,RD2_F9_m6f3_P6_Y70_UO686,MXY,1,0.0,0,0,0.0,0,0,0,-9999.0,0.5437985701937578,1,P4_CV0,1,1,1,0,2
6,6.211338327692949,7.937131414155586,RD6_F9_m9f6_P9_Y72_UO280,RD9_F6_m9f6_P9_Y70_UO117,RD6_F2_m5f3_P5_Y70_UO443,MXY,1,0.0,0,0,0.0,0,0,0,-9999.0,0.5438004915922647,1,P4_CV0,1,2,0,1,1
6,6.211338327692949,7.937131414155586,RD6_F3_m3f7_P3_Y72_UO619,RD3_F5_m3f7_P3_Y70_UO62,RD7_F3_m2f6_P2_Y70_UO694,FXX,1,0.0,0,0,0.0,0,0,0,-9999.0,0.5437977795954794,1,P4_CV0,1,2,0,2,0
6,6.211338327692949,7.937131414155586,RD6_F9_m9f2_P9_Y72_UO464,RD9_F2_m9f2_P9_Y70_UO328,RD2_F6_m9f2_P9_Y70_UO778,MXY,1,0.0,0,0,0.0,0,0,0,-9999.0,0.5437989453494083,1,P4_CV0,1,0,2,2,0
6,6.211338327692949,7.937131414155586,RD6_F9_m9f6_P9_Y72_UO759,RD9_F6_m9f2_P9_Y70_UO398,RD6_F9_m2f5_P2_Y70_UO758,FXX,1,0.0,0,0,0.0,0,0,0,-9999.0,0.5437939509283751,1,P4_CV0,1,2,0,2,0
6,6.211338327692949,7.937131414155586,RD6_F3_m3f6_P3_Y72_UO28,RD3_F7_m3f5_P3_Y70_UO132,RD6_F3_m5f3_P5_Y70_UO355,MXY,1,0.0,0,0,0.0,0,0,0,-9999.0,0.5437993609230034,1,P4_CV0,1,1,1,0,2
6,6.211338327692949,7.937131414155586,RD6_F9_m9f6_P9_Y72_UO477,RD9_F6_m9f2_P9_Y70_UO335,RD6_F9_m6f3_P6_Y70_UO530,MXY,1,0.0,0,0,0.0,0,0,0,-9999.0,0.543799870822113,1,P4_CV0,1,0,2,2,0
6,6.211338327692949,7.937131414155586,RD6_F3_m3f2_P3_Y72_UO711,RD3_F7_m3f5_P3_Y70_UO275,RD2_F5_m1f5_P1_Y70_UO167,MXY,1,0.0,0,0,0.0,0,0,0,-9999.0,0.5437995675965794,1,P4_CV0,1,2,0,1,1
6,6.211338327692949,7.937131414155586,RD6_F9_m9f6_P9_Y72_UO281,RD9_F6_m9f6_P9_Y70_UO117,RD6_F2_m5f3_P5_Y70_UO443,MXY,1,0.0,0,0,0.0,0,0,0,-9999.0,0.5438004915922647,1,P4_CV0,1,2,0,0,2
6,6.211338327692949,7.937131414155586,RD6_F9_m9f6_P9_Y72_UO633,RD9_F6_m3f7_P3_Y70_UO799,RD6_F2_m3f5_P3_Y70_UO133,FXX,1,0.0,0,0,0.0,0,0,0,-9999.0,0.5437974462656712,1,P4_CV0,1,1,1,0,2
6,6.211338327692949,7.937131414155586,RD6_F3_m3f7_P3_Y72_UO728,RD3_F5_m1f5_P1_Y70_UO402,RD7_F4_m8f4_P8_Y70_UO395,FXX,1,0.0,0,0,0.0,0,0,0,-9999.0,0.5438034226135642,1,P4_CV0,1,2,0,1,1
6,6.211338327692949,7.937131414155586,RD6_F3_m3f5_P3_Y72_UO195,RD3_F6_m9f6_P9_Y70_UO407,RD5_F1_m5f3_P5_Y70_UO264,MXY,1,0.0,0,0,0.0,0,0,0,-9999.0,0.5437990910104418,1,P4_CV0,1,1,1,1,1
6,6.211338327692949,7.937131414155586,RD6_F2_m2f5_P2_Y72_UO38,RD2_F6_m3f5_P3_Y70_UO519,RD5_F1_m5f2_P5_Y70_UO23,MXY,1,0.0,0,0,0.0,0,0,0,-9999.0,0.5437960373856185,1,P4_CV0,1,0,2,1,1
6,6.211338327692949,7.937131414155586,RD6_F9_m9f6_P9_Y72_UO760,RD9_F6_m9f2_P9_Y70_UO398,RD6_F9_m2f5_P2_Y70_UO758,FXX,1,0.0,0,0,0.0,0,0,0,-9999.0,0.5437939509283751,1,P4_CV0,1,2,0,2,0
6,6.211338327692949,7.937131414155586,RD6_F9_m9f2_P9_Y72_UO470,RD9_F6_m3f2_P3_Y70_UO528,RD2_F6_m3f7_P3_Y70_UO590,FXX,1,0.0,0,0,0.0,0,0,0,-9999.0,0.5437989341844514,1,P4_CV0,1,1,1,1,1
6,6.211338327692949,7.937131414155586,RD6_F9_m9f6_P9_Y72_UO381,RD9_F6_m9f2_P9_Y70_UO3,RD6_F3_m7f4_P7_Y70_UO623,FXX,1,0.0,0,0,0.0,0,0,0,-9999.0,0.5437944015247922,1,P4_CV0,1,2,0,1,1
6,6.211338327692949,7.937131414155586,RD6_F9_m9f2_P9_Y72_UO444,RD9_F2_m9f2_P9_Y70_UO328,RD2_F6_m9f6_P9_Y70_UO214,FXX,1,0.0,0,0,0.0,0,0,0,-9999.0,0.5437971411483886,1,P4_CV0,1,0,2,1,1
6,6.211338327692949,7.937131414155586,RD6_F9_m9f6_P9_Y72_UO219,RD9_F6_m9f2_P9_Y70_UO3,RD6_F3_m7f3_P7_Y70_UO655,FXX,1,0.0,0,0,0.0,0,0,0,-9999.0,0.543797953043395,1,P4_CV0,1,2,0,0,2
6,6.211338327692949,7.937131414155586,RD6_F3_m3f6_P3_Y72_UO256,RD3_F5_m2f6_P2_Y70_UO599,RD6_F3_m2f3_P2_Y70_UO497,MXY,1,0.0,0,0,0.0,0,0,0,-9999.0,0.5437980066926684,1,P4_CV0,1,2,0,1,1
6,6.211338327692949,7.937131414155586,RD6_F9_m9f2_P9_Y72_UO415,RD9_F6_m9f6_P9_Y70_UO228,RD2_F9_m6f3_P6_Y70_UO125,MXY,1,0.0,0,0,0.0,0,0,0,-9999.0,0.5437939560833911,1,P4_CV0,1,1,1,0,2
6,6.211338327692949,7.937131414155586,RD6_F2_m2f6_P2_Y72_UO573,RD2_F9_m2f3_P2_Y70_UO763,RD6_F3_m2f5_P2_Y70_UO136,FXX,1,0.0,0,0,0.0,0,0,0,-9999.0,0.5437965431738121,1,P4_CV0,1,2,0,1,1
6,6.211338327692949,7.937131414155586,RD6_F3_m2f3_P2_Y70_UO787,RD2_F6_m9f2_P9_Y68_UO165,RD3_F7_m4f8_P4_Y66_UO343,MXY,3,0.0,1,0,0.0,0,0,0,-9999.0,0.5438007295088028,1,P4_CV0,1,2,0,0,2
6,6.211338327692949,7.937131414155586,RD6_F9_m9f6_P9_Y70_UO377,RD9_F2_m9f6_P9_Y68_UO265,RD6_F9_m6f9_P6_Y68_UO277,MXY,3,0.0,1,0,0.0,0,0,0,-9999.0,0.5437917144445237,1,P4_CV0,1,1,1,0,2
6,6.211338327692949,7.937131414155586,RD6_F9_m3f2_P3_Y70_UO188,RD3_F7_m4f8_P4_Y68_UO108,RD2_F5_m3f7_P3_Y68_UO167,FXX,3,0.0,1,0,1.0,0,0,0,-9999.0,0.5438007752309204,1,P5_CV0,1,2,0,1,1
6,6.211338327692949,7.937131414155586,RD6_F3_m3f7_P3_Y72_UO535,RD3_F2_m9f6_P9_Y70_UO405,RD7_F3_m7f4_P7_Y70_UO719,MXY,1,0.0,0,0,0.0,0,0,0,-9999.0,0.5437971424944408,1,P6_CV0,1,2,0,1,1
6,6.211338327692949,7.937131414155586,RD6_F2_m2f3_P2_Y72_UO228,RD2_F9_m6f9_P6_Y70_UO194,RD3_F6_m9f2_P9_Y70_UO790,MXY,1,0.0,0,0,0.0,0,0,0,-9999.0,0.5437982185794681,1,P6_CV0,1,2,0,0,2
6,6.211338327692949,7.937131414155586,RD6_F3_m3f5_P3_Y72_UO196,RD3_F6_m9f6_P9_Y70_UO407,RD5_F1_m5f3_P5_Y70_UO264,MXY,1,0.0,0,0,0.0,0,0,0,-9999.0,0.5437990910104418,1,P6_CV0,1,2,0,1,1
6,6.211338327692949,7.937131414155586,RD6_F3_m3f5_P3_Y72_UO12,RD3_F2_m9f6_P9_Y70_UO405,RD5_F1_m5f2_P5_Y70_UO607,MXY,1,0.0,0,0,0.0,0,0,0,-9999.0,0.5438023874266946,1,P6_CV0,1,2,0,1,1
6,6.211338327692949,7.937131414155586,RD6_F3_m3f6_P3_Y72_UO85,RD3_F7_m3f7_P3_Y70_UO801,RD6_F2_m9f6_P9_Y70_UO532,FXX,1,0.0,0,0,0.0,0,0,0,-9999.0,0.5437982719013235,1,P6_CV0,1,2,0,0,2
6,6.211338327692949,7.937131414155586,RD6_F2_m6f3_P6_Y70_UO671,RD6_F9_m2f9_P2_Y68_UO561,RD3_F7_m3f5_P3_Y68_UO466,MXY,3,0.0,1,0,0.0,0,0,0,-9999.0,0.5437944735022029,1,P6_CV0,1,1,1,1,1
6,6.211338327692949,7.937131414155586,RD6_F3_m3f6_P3_Y72_UO668,RD3_F6_m2f6_P2_Y70_UO222,RD6_F2_m3f2_P3_Y70_UO527,FXX,1,0.0,0,0,0.0,0,0,0,-9999.0,0.543792958756967,1,P8_CV0,1,2,0,1,1
6,6.211338327692949,7.937131414155586,RD6_F2_m2f5_P2_Y72_UO574,RD2_F9_m6f9_P6_Y70_UO194,RD5_F1_m5f2_P5_Y70_UO24,FXX,1,0.0,0,0,0.0,0,0,0,-9999.0,0.5437980033239,1,P8_CV0,1,1,1,0,2
6,6.211338327692949,7.937131414155586,RD6_F2_m2f5_P2_Y72_UO430,RD2_F3_m6f2_P6_Y70_UO239,RD5_F2_m3f5_P3_Y70_UO176,MXY,1,0.0,0,0,0.0,0,0,0,-9999.0,0.5438010099933308,1,P8_CV0,1,2,0,1,1
6,6.211338327692949,7.937131414155586,RD6_F3_m3f6_P3_Y72_UO368,RD3_F7_m4f8_P4_Y70_UO290,RD6_F3_m2f5_P2_Y70_UO754,FXX,1,0.0,0,0,0.0,0,0,0,-9999.0,0.5437984778836835,1,P8_CV0,1,1,1,2,0
6,6.211338327692949,7.937131414155586,RD6_F3_m3f6_P3_Y72_UO369,RD3_F7_m4f8_P4_Y70_UO290,RD6_F3_m2f5_P2_Y70_UO754,FXX,1,0.0,0,0,0.0,0,0,0,-9999.0,0.5437984778836835,1,P8_CV0,1,1,1,2,0
6,6.211338327692949,7.937131414155586,RD6_F9_m9f6_P9_Y72_UO172,RD9_F2_m5f2_P5_Y70_UO782,RD6_F9_m6f3_P6_Y70_UO687,MXY,1,0.0,0,0,0.0,0,0,0,-9999.0,0.543800171235489,1,P8_CV0,1,1,1,1,1
6,6.211338327692949,7.937131414155586,RD6_F3_m3f7_P3_Y72_UO591,RD3_F6_m3f2_P3_Y70_UO455,RD7_F4_m8f4_P8_Y70_UO142,MXY,1,0.0,0,0,0.0,0,0,0,-9999.0,0.5437987490986416,1,P8_CV0,1,1,1,1,1
6,6.211338327692949,7.937131414155586,RD6_F3_m3f5_P3_Y72_UO48,RD3_F6_m9f6_P9_Y70_UO193,RD5_F1_m5f2_P5_Y70_UO47,FXX,1,0.0,0,0,0.0,0,0,0,-9999.0,0.5437972207946586,1,P8_CV0,1,2,0,0,2
6,6.211338327692949,7.937131414155586,RD6_F3_m3f5_P3_Y72_UO524,RD3_F6_m2f6_P2_Y70_UO17,RD5_F1_m5f2_P5_Y70_UO607,FXX,1,0.0,0,0,0.0,0,0,0,-9999.0,0.5438000134236063,1,P8_CV0,1,1,1,0,2
6,6.211338327692949,7.937131414155586,RD6_F9_m9f2_P9_Y72_UO364,RD9_F2_m3f2_P3_Y70_UO188,RD2_F9_m2f9_P2_Y70_UO446,FXX,1,0.0,0,0,0.0,0,0,0,-9999.0,0.543798865233839,1,P8_CV0,1,2,0,2,0
6,6.211338327692949,7.937131414155586,RD6_F2_m2f9_P2_Y72_UO87,RD2_F6_m9f2_P9_Y70_UO16,RD9_F6_m6f3_P6_Y68_UO109,FXX,1,0.0,0,0,0.0,0,0,0,-9999.0,0.5437917410636146,1,P8_CV0,1,0,2,1,1
6,6.211338327692949,7.937131414155586,RD6_F9_m9f6_P9_Y72_UO171,RD9_F2_m5f2_P5_Y70_UO782,RD6_F9_m6f3_P6_Y70_UO687,FXX,1,0.0,0,0,0.0,0,0,0,-9999.0,0.543800171235489,1,P8_CV0,1,1,1,1,1
6,6.211338327692949,7.937131414155586,RD6_F3_m3f2_P3_Y72_UO750,RD3_F5_m1f5_P1_Y70_UO612,RD2_F9_m2f9_P2_Y70_UO738,FXX,1,0.0,0,0,0.0,0,0,0,-9999.0,0.5437914268841268,1,P8_CV0,1,0,2,2,0
6,6.211338327692949,7.937131414155586,RD6_F2_m2f3_P2_Y72_UO61,RD2_F9_m2f6_P2_Y70_UO523,RD3_F7_m3f5_P3_Y70_UO212,FXX,1,0.0,0,0,0.0,0,0,0,-9999.0,0.5437989700621984,1,P8_CV0,1,2,0,2,0
7,1.3457994534493356,7.703671818986196,RD7_F3_m3f6_P3_Y72_UO336,RD3_F7_m4f8_P4_Y70_UO448,RD6_F2_m5f3_P5_Y70_UO443,FXX,1,0.0,0,0,0.0,0,0,0,-9999.0,0.5437996061518788,1,P1_CV0,1,2,0,1,1
7,1.3457994534493356,7.703671818986196,RD7_F3_m3f6_P3_Y72_UO529,RD3_F7_m3f7_P3_Y70_UO64,RD6_F3_m5f3_P5_Y70_UO355,MXY,1,0.0,0,0,0.0,0,0,0,-9999.0,0.5437990520695166,1,P1_CV0,1,2,0,1,1
7,1.3457994534493356,7.703671818986196,RD7_F3_m3f7_P3_Y72_UO686,RD3_F7_m3f7_P3_Y70_UO64,RD7_F3_m7f4_P7_Y70_UO37,FXX,1,0.0,0,0,0.0,0,0,0,-9999.0,0.5437978612608276,1,P1_CV0,1,2,0,2,0
7,1.3457994534493356,7.703671818986196,RD7_F3_m3f7_P3_Y72_UO687,RD3_F7_m3f7_P3_Y70_UO64,RD7_F3_m7f4_P7_Y70_UO37,FXX,1,0.0,0,0,0.0,0,0,0,-9999.0,0.5437978612608276,1,P1_CV0,1,1,1,1,1
7,1.3457994534493356,7.703671818986196,RD7_F4_m4f8_P4_Y72_UO396,RD4_F8_m4f8_P4_Y70_UO500,RD8_F4_m8f4_P8_Y70_UO367,MXY,1,0.0,0,0,0.0,0,0,0,-9999.0,0.5438003864110215,1,P1_CV0,1,2,0,1,1
7,1.3457994534493356,7.703671818986196,RD7_F3_m3f2_P3_Y72_UO558,RD3_F7_m3f7_P3_Y70_UO801,RD2_F6_m9f6_P9_Y70_UO245,MXY,1,0.0,0,0,0.0,0,0,0,-9999.0,0.5437972405379696,1,P3_CV0,1,1,1,1,1
7,1.3457994534493356,7.703671818986196,RD7_F3_m3f2_P3_Y72_UO749,RD3_F5_m1f5_P1_Y70_UO612,RD2_F9_m2f9_P2_Y70_UO738,MXY,1,0.0,0,0,0.0,0,0,0,-9999.0,0.5437914268841268,1,P3_CV0,1,1,1,2,0
7,1.3457994534493356,7.703671818986196,RD7_F3_m3f5_P3_Y72_UO779,RD3_F7_m4f7_P4_Y70_UO737,RD5_F1_m5f1_P5_Y70_UO475,MXY,1,0.0,0,0,0.0,0,0,0,-9999.0,0.5437980701644847,1,P3_CV0,1,1,1,1,1
7,1.3457994534493356,7.703671818986196,RD7_F4_m4f8_P4_Y72_UO276,RD4_F8_m4f8_P4_Y70_UO500,RD8_F4_m8f4_P8_Y70_UO579,FXX,1,0.0,0,0,0.0,0,0,0,-9999.0,0.5438054087426281,1,P3_CV0,1,2,0,1,1
7,1.3457994534493356,7.703671818986196,RD7_F4_m4f7_P4_Y72_UO569,RD4_F8_m4f7_P4_Y70_UO554,RD7_F4_m7f4_P7_Y70_UO137,MXY,1,0.0,0,0,0.0,0,0,0,-9999.0,0.543796350753837,1,P3_CV0,1,1,1,2,0
7,1.3457994534493356,7.703671818986196,RD7_F4_m4f7_P4_Y72_UO601,RD4_F8_m4f7_P4_Y70_UO80,RD7_F4_m7f4_P7_Y70_UO137,FXX,1,0.0,0,0,0.0,0,0,0,-9999.0,0.5437979833150166,1,P3_CV0,1,1,1,2,0
7,1.3457994534493356,7.703671818986196,RD7_F4_m4f8_P4_Y72_UO689,RD4_F8_m4f7_P4_Y70_UO477,RD8_F4_m8f4_P8_Y70_UO0,FXX,1,0.0,0,0,0.0,0,0,0,-9999.0,0.5438014247847605,1,P3_CV0,1,2,0,1,1
7,1.3457994534493356,7.703671818986196,RD7_F3_m2f3_P2_Y70_UO351,RD2_F6_m2f9_P2_Y68_UO366,RD3_F6_m2f3_P2_Y68_UO16,MXY,3,0.0,1,0,0.0,0,0,0,-9999.0,0.5437976863322547,1,P3_CV0,1,1,1,0,2
7,1.3457994534493356,7.703671818986196,RD7_F4_m4f8_P4_Y70_UO192,RD4_F8_m4f8_P4_Y68_UO169,RD8_F4_m8f4_P8_Y68_UO826,MXY,3,0.0,1,0,0.0,0,0,0,-9999.0,0.5438066022834391,1,P3_CV0,1,2,0,2,0
7,1.3457994534493356,7.703671818986196,RD7_F3_m3f6_P3_Y72_UO27,RD3_F7_m3f5_P3_Y70_UO132,RD6_F3_m5f3_P5_Y70_UO355,MXY,1,0.0,0,0,0.0,0,0,0,-9999.0,0.5437993609230034,1,P4_CV0,1,1,1,1,1
7,1.3457994534493356,7.703671818986196,RD7_F3_m3f6_P3_Y72_UO157,RD3_F5_m3f7_P3_Y70_UO62,RD6_F3_m6f3_P6_Y70_UO87,FXX,1,0.0,0,0,0.0,0,0,0,-9999.0,0.5437973105836136,1,P4_CV0,1,1,1,2,0
7,1.3457994534493356,7.703671818986196,RD7_F3_m3f6_P3_Y72_UO160,RD3_F5_m3f7_P3_Y70_UO62,RD6_F3_m6f3_P6_Y70_UO87,FXX,1,0.0,0,0,0.0,0,0,0,-9999.0,0.5437973105836136,1,P4_CV0,1,1,1,1,1
7,1.3457994534493356,7.703671818986196,RD7_F3_m3f7_P3_Y72_UO204,RD3_F2_m9f2_P9_Y70_UO792,RD7_F3_m6f2_P6_Y70_UO309,MXY,1,0.0,0,0,0.0,0,0,0,-9999.0,0.5437970013954327,1,P4_CV0,1,1,1,1,1
7,1.3457994534493356,7.703671818986196,RD7_F3_m3f6_P3_Y72_UO227,RD3_F7_m3f7_P3_Y70_UO801,RD6_F9_m2f3_P2_Y70_UO761,MXY,1,0.0,0,0,0.0,0,0,0,-9999.0,0.5437953644977824,1,P4_CV0,1,2,0,0,2
7,1.3457994534493356,7.703671818986196,RD7_F3_m3f2_P3_Y72_UO234,RD3_F2_m9f2_P9_Y70_UO803,RD2_F9_m6f2_P6_Y70_UO649,FXX,1,0.0,0,0,0.0,0,0,0,-9999.0,0.5437992587139888,1,P4_CV0,1,0,2,1,1
7,1.3457994534493356,7.703671818986196,RD7_F3_m3f7_P3_Y72_UO313,RD3_F6_m9f6_P9_Y70_UO244,RD7_F3_m5f1_P5_Y70_UO110,MXY,1,0.0,0,0,0.0,0,0,0,-9999.0,0.5437975948043459,1,P4_CV0,1,2,0,2,0
7,1.3457994534493356,7.703671818986196,RD7_F3_m3f5_P3_Y72_UO480,RD3_F5_m1f5_P1_Y70_UO402,RD5_F1_m5f3_P5_Y70_UO264,MXY,1,0.0,0,0,0.0,0,0,0,-9999.0,0.5437988191733893,1,P4_CV0,1,2,0,2,0
7,1.3457994534493356,7.703671818986196,RD7_F3_m3f6_P3_Y72_UO545,RD3_F6_m9f6_P9_Y70_UO193,RD6_F3_m7f3_P7_Y70_UO664,MXY,1,0.0,0,0,0.0,0,0,0,-9999.0,0.5438005023279402,1,P4_CV0,1,1,1,1,1
7,1.3457994534493356,7.703671818986196,RD7_F3_m3f7_P3_Y72_UO621,RD3_F5_m3f7_P3_Y70_UO62,RD7_F3_m2f6_P2_Y70_UO694,FXX,1,0.0,0,0,0.0,0,0,0,-9999.0,0.5437977795954794,1,P4_CV0,1,2,0,2,0
7,1.3457994534493356,7.703671818986196,RD7_F3_m3f2_P3_Y72_UO626,RD3_F6_m9f2_P9_Y70_UO333,RD2_F9_m6f9_P6_Y70_UO257,FXX,1,0.0,0,0,0.0,0,0,0,-9999.0,0.5437947942773462,1,P4_CV0,1,0,2,1,1
7,1.3457994534493356,7.703671818986196,RD7_F3_m3f5_P3_Y72_UO719,RD3_F5_m2f9_P2_Y70_UO444,RD5_F1_m5f1_P5_Y70_UO217,MXY,1,0.0,0,0,0.0,0,0,0,-9999.0,0.5437955246416095,1,P4_CV0,1,2,0,1,1
7,1.3457994534493356,7.703671818986196,RD7_F3_m3f7_P3_Y72_UO729,RD3_F5_m1f5_P1_Y70_UO402,RD7_F4_m8f4_P8_Y70_UO395,MXY,1,0.0,0,0,0.0,0,0,0,-9999.0,0.5438034226135642,1,P4_CV0,1,2,0,1,1
7,1.3457994534493356,7.703671818986196,RD7_F4_m4f8_P4_Y72_UO52,RD4_F8_m4f7_P4_Y70_UO745,RD8_F4_m7f4_P7_Y70_UO472,MXY,1,0.0,0,0,0.0,0,0,0,-9999.0,0.5437995708889503,1,P4_CV0,1,2,0,2,0
7,1.3457994534493356,7.703671818986196,RD7_F4_m4f7_P4_Y72_UO63,RD4_F8_m4f7_P4_Y70_UO411,RD7_F3_m7f3_P7_Y70_UO750,MXY,1,0.0,0,0,0.0,0,0,0,-9999.0,0.5437958499387605,1,P4_CV0,1,2,0,1,1
7,1.3457994534493356,7.703671818986196,RD7_F4_m4f8_P4_Y72_UO83,RD4_F7_m3f2_P3_Y70_UO148,RD8_F4_m8f4_P8_Y70_UO171,MXY,1,0.0,0,0,0.0,0,0,0,-9999.0,0.5437989375859615,1,P4_CV0,1,2,0,1,1
7,1.3457994534493356,7.703671818986196,RD7_F4_m4f7_P4_Y72_UO99,RD4_F7_m4f8_P4_Y70_UO688,RD7_F4_m7f3_P7_Y70_UO564,MXY,1,0.0,0,0,0.0,0,0,0,-9999.0,0.5438026464616996,1,P4_CV0,1,2,0,2,0
7,1.3457994534493356,7.703671818986196,RD7_F4_m4f7_P4_Y72_UO100,RD4_F7_m4f8_P4_Y70_UO688,RD7_F4_m7f3_P7_Y70_UO564,MXY,1,0.0,0,0,0.0,0,0,0,-9999.0,0.5438026464616996,1,P4_CV0,1,2,0,1,1
7,1.3457994534493356,7.703671818986196,RD7_F4_m4f8_P4_Y72_UO142,RD4_F8_m4f8_P4_Y70_UO669,RD8_F4_m8f4_P8_Y70_UO583,MXY,1,0.0,0,0,0.0,0,0,0,-9999.0,0.5438043711510545,1,P4_CV0,1,2,0,1,1
7,1.3457994534493356,7.703671818986196,RD7_F4_m4f7_P4_Y72_UO199,RD4_F8_m4f8_P4_Y70_UO184,RD7_F3_m5f3_P5_Y70_UO591,FXX,1,0.0,0,0,0.0,0,0,0,-9999.0,0.5437968251608254,1,P4_CV0,1,2,0,0,2
7,1.3457994534493356,7.703671818986196,RD7_F4_m4f8_P4_Y72_UO223,RD4_F7_m4f8_P4_Y70_UO688,RD8_F4_m8f4_P8_Y70_UO579,FXX,1,0.0,0,0,0.0,0,0,0,-9999.0,0.5438030504483322,1,P4_CV0,1,2,0,0,2
7,1.3457994534493356,7.703671818986196,RD7_F4_m4f7_P4_Y72_UO244,RD4_F8_m4f8_P4_Y70_UO183,RD7_F3_m7f3_P7_Y70_UO750,FXX,1,0.0,0,0,0.0,0,0,0,-9999.0,0.5437955203196907,1,P4_CV0,1,2,0,1,1
7,1.3457994534493356,7.703671818986196,RD7_F4_m4f8_P4_Y72_UO497,RD4_F7_m3f7_P3_Y70_UO278,RD8_F4_m8f4_P8_Y70_UO172,MXY,1,0.0,0,0,0.0,0,0,0,-9999.0,0.5438019735083799,1,P4_CV0,1,1,1,1,1
7,1.3457994534493356,7.703671818986196,RD7_F4_m4f7_P4_Y72_UO600,RD4_F8_m4f7_P4_Y70_UO522,RD7_F4_m8f4_P8_Y70_UO52,FXX,1,0.0,0,0,0.0,0,0,0,-9999.0,0.5437990273603646,1,P4_CV0,1,0,2,2,0
7,1.3457994534493356,7.703671818986196,RD7_F4_m4f8_P4_Y72_UO611,RD4_F8_m4f8_P4_Y70_UO183,RD8_F4_m7f4_P7_Y70_UO472,FXX,1,0.0,0,0,0.0,0,0,0,-9999.0,0.5438012326703756,1,P4_CV0,1,2,0,1,1
7,1.3457994534493356,7.703671818986196,RD7_F4_m4f7_P4_Y72_UO647,RD4_F8_m4f7_P4_Y70_UO81,RD7_F3_m7f4_P7_Y70_UO37,FXX,1,0.0,0,0,0.0,0,0,0,-9999.0,0.5437990101017931,1,P4_CV0,1,0,2,2,0
7,1.3457994534493356,7.703671818986196,RD7_F4_m4f8_P4_Y72_UO691,RD4_F7_m3f7_P3_Y70_UO242,RD8_F4_m8f4_P8_Y70_UO367,MXY,1,0.0,0,0,0.0,0,0,0,-9999.0,0.5437983901538246,1,P4_CV0,1,1,1,2,0
7,1.3457994534493356,7.703671818986196,RD7_F3_m1f5_P1_Y70_UO95,RD1_F5_m1f5_P1_Y68_UO491,RD5_F3_m5f3_P5_Y68_UO350,MXY,3,0.0,1,0,0.0,0,0,0,-9999.0,0.5437944879377028,1,P4_CV0,1,1,1,1,1
7,1.3457994534493356,7.703671818986196,RD7_F3_m4f7_P4_Y70_UO354,RD4_F8_m4f7_P4_Y68_UO794,RD7_F3_m7f4_P7_Y68_UO257,MXY,3,0.0,1,0,0.0,0,0,0,-9999.0,0.5437950991981779,1,P4_CV0,1,2,0,1,1
7,1.3457994534493356,7.703671818986196,RD7_F3_m4f8_P4_Y70_UO706,RD4_F8_m4f7_P4_Y68_UO379,RD8_F4_m8f4_P8_Y68_UO145,MXY,3,0.0,1,0,0.0,0,0,0,-9999.0,0.543803719621792,1,P4_CV0,1,2,0,1,1
7,1.3457994534493356,7.703671818986196,RD7_F4_m4f8_P4_Y72_UO111,RD4_F7_m4f8_P4_Y70_UO688,RD8_F4_m8f4_P8_Y70_UO297,FXX,1,0.0,0,0,0.0,0,0,0,-9999.0,0.5438017320957442,1,P5_CV0,1,2,0,1,1
7,1.3457994534493356,7.703671818986196,RD7_F3_m3f5_P3_Y72_UO197,RD3_F6_m9f6_P9_Y70_UO407,RD5_F1_m5f3_P5_Y70_UO264,MXY,1,0.0,0,0,0.0,0,0,0,-9999.0,0.5437990910104418,1,P6_CV0,1,2,0,1,1
7,1.3457994534493356,7.703671818986196,RD7_F3_m3f2_P3_Y72_UO216,RD3_F7_m4f8_P4_Y70_UO290,RD2_F9_m6f3_P6_Y70_UO671,FXX,1,0.0,0,0,0.0,0,0,0,-9999.0,0.5437988773592224,1,P6_CV0,1,1,1,1,1
7,1.3457994534493356,7.703671818986196,RD7_F4_m4f8_P4_Y72_UO502,RD4_F8_m4f7_P4_Y70_UO81,RD8_F4_m8f4_P8_Y70_UO714,FXX,1,0.0,0,0,0.0,0,0,0,-9999.0,0.5438013256170962,1,P6_CV0,1,0,2,2,0
7,1.3457994534493356,7.703671818986196,RD7_F3_m3f5_P3_Y72_UO97,RD3_F7_m3f5_P3_Y70_UO275,RD5_F1_m5f1_P5_Y70_UO218,MXY,1,0.0,0,0,0.0,0,0,0,-9999.0,0.5437959824339487,1,P8_CV0,1,1,1,0,2
7,1.3457994534493356,7.703671818986196,RD7_F3_m3f2_P3_Y72_UO240,RD3_F7_m3f5_P3_Y70_UO177,RD2_F3_m2f3_P2_Y70_UO329,MXY,1,0.0,0,0,0.0,0,0,0,-9999.0,0.543798979568237,1,P8_CV0,1,1,1,0,2
7,1.3457994534493356,7.703671818986196,RD7_F3_m3f5_P3_Y72_UO523,RD3_F6_m2f6_P2_Y70_UO17,RD5_F1_m5f2_P5_Y70_UO607,MXY,1,0.0,0,0,0.0,0,0,0,-9999.0,0.5438000134236063,1,P8_CV0,1,1,1,0,2
7,1.3457994534493356,7.703671818986196,RD7_F3_m3f7_P3_Y72_UO590,RD3_F6_m3f2_P3_Y70_UO455,RD7_F4_m8f4_P8_Y70_UO142,FXX,1,0.0,0,0,0.0,0,0,0,-9999.0,0.5437987490986416,1,P8_CV0,1,1,1,2,0
7,1.3457994534493356,7.703671818986196,RD7_F3_m3f5_P3_Y72_UO658,RD3_F5_m1f5_P1_Y70_UO690,RD5_F1_m5f1_P5_Y70_UO216,MXY,1,0.0,0,0,0.0,0,0,0,-9999.0,0.5437945645535365,1,P8_CV0,1,1,1,0,2
7,1.3457994534493356,7.703671818986196,RD7_F3_m3f5_P3_Y72_UO659,RD3_F5_m1f5_P1_Y70_UO690,RD5_F1_m5f1_P5_Y70_UO216,FXX,1,0.0,0,0,0.0,0,0,0,-9999.0,0.5437945645535365,1,P8_CV0,1,1,1,1,1
7,1.3457994534493356,7.703671818986196,RD7_F4_m4f7_P4_Y72_UO23,RD4_F8_m4f7_P4_Y70_UO578,RD7_F4_m8f4_P8_Y70_UO142,FXX,1,0.0,0,0,0.0,0,0,0,-9999.0,0.5438029604993062,1,P8_CV0,1,1,1,2,0
7,1.3457994534493356,7.703671818986196,RD7_F4_m4f7_P4_Y72_UO200,RD4_F8_m4f8_P4_Y70_UO249,RD7_F4_m8f4_P8_Y70_UO142,FXX,1,0.0,0,0,0.0,0,0,0,-9999.0,0.5438009418903675,1,P8_CV0,1,1,1,2,0
7,1.3457994534493356,7.703671818986196,RD7_F4_m4f7_P4_Y72_UO201,RD4_F8_m4f8_P4_Y70_UO249,RD7_F4_m8f4_P8_Y70_UO142,MXY,1,0.0,0,0,0.0,0,0,0,-9999.0,0.5438009418903675,1,P8_CV0,1,1,1,2,0
7,1.3457994534493356,7.703671818986196,RD7_F4_m4f7_P4_Y72_UO202,RD4_F8_m4f8_P4_Y70_UO249,RD7_F4_m8f4_P8_Y70_UO142,FXX,1,0.0,0,0,0.0,0,0,0,-9999.0,0.5438009418903675,1,P8_CV0,1,1,1,2,0
7,1.3457994534493356,7.703671818986196,RD7_F4_m4f7_P4_Y72_UO253,RD4_F7_m3f2_P3_Y70_UO148,RD7_F3_m2f5_P2_Y70_UO203,MXY,1,0.0,0,0,0.0,0,0,0,-9999.0,0.543797413505672,1,P8_CV0,1,1,1,2,0
7,1.3457994534493356,7.703671818986196,RD7_F4_m4f7_P4_Y72_UO260,RD4_F8_m4f7_P4_Y70_UO746,RD7_F4_m7f3_P7_Y70_UO564,MXY,1,0.0,0,0,0.0,0,0,0,-9999.0,0.5437999349269376,1,P8_CV0,1,2,0,2,0
7,1.3457994534493356,7.703671818986196,RD7_F3_m2f6_P2_Y70_UO221,RD2_F5_m1f5_P1_Y68_UO353,RD6_F3_m5f1_P5_Y68_UO612,MXY,3,0.0,1,0,0.0,0,0,0,-9999.0,0.5437886927320505,1,P8_CV0,1,2,0,1,1
7,1.3457994534493356,7.703671818986196,RD7_F4_m4f8_P4_Y70_UO289,RD4_F8_m4f8_P4_Y68_UO169,RD8_F4_m8f4_P8_Y68_UO247,FXX,3,0.0,1,0,1.0,0,0,0,-9999.0,0.5438032812162419,1,P8_CV0,1,0,2,1,1
8,1.8443986564691528,11.780027217250101,RD8_F4_m4f8_P4_Y72_UO395,RD4_F8_m4f8_P4_Y70_UO500,RD8_F4_m8f4_P8_Y70_UO367,FXX,1,0.0,0,0,0.0,0,0,0,-9999.0,0.5438003864110215,1,P1_CV0,1,1,1,2,0
8,1.8443986564691528,11.780027217250101,RD8_F4_m4f8_P4_Y72_UO397,RD4_F8_m4f8_P4_Y70_UO500,RD8_F4_m8f4_P8_Y70_UO367,FXX,1,0.0,0,0,0.0,0,0,0,-9999.0,0.5438003864110215,1,P1_CV0,1,1,1,2,0
8,1.8443986564691528,11.780027217250101,RD8_F4_m4f7_P4_Y72_UO458,RD4_F7_m3f7_P3_Y70_UO278,RD7_F3_m7f4_P7_Y70_UO59,MXY,1,0.0,0,0,0.0,0,0,0,-9999.0,0.543801378862554,1,P1_CV0,1,1,1,2,0
8,1.8443986564691528,11.780027217250101,RD8_F4_m4f8_P4_Y72_UO498,RD4_F7_m3f7_P3_Y70_UO278,RD8_F4_m8f4_P8_Y70_UO172,FXX,1,0.0,0,0,0.0,0,0,0,-9999.0,0.5438019735083799,1,P1_CV0,1,1,1,1,1
8,1.8443986564691528,11.780027217250101,RD8_F4_m4f7_P4_Y72_UO581,RD4_F7_m3f7_P3_Y70_UO278,RD7_F3_m7f3_P7_Y70_UO562,FXX,1,0.0,0,0,0.0,0,0,0,-9999.0,0.5438024681679963,1,P1_CV0,1,1,1,1,1
8,1.8443986564691528,11.780027217250101,RD8_F4_m4f8_P4_Y70_UO332,RD4_F8_m4f7_P4_Y68_UO41,RD8_F4_m7f3_P7_Y68_UO779,FXX,3,0.0,1,0,1.0,0,0,0,-9999.0,0.5437983856027131,1,P1_CV0,1,1,1,1,1
8,1.8443986564691528,11.780027217250101,RD8_F4_m4f7_P4_Y72_UO675,RD4_F7_m3f2_P3_Y70_UO691,RD7_F4_m8f4_P8_Y70_UO41,FXX,1,0.0,0,0,0.0,0,0,0,-9999.0,0.5437997956141771,1,P2_CV0,1,1,1,1,1
8,1.8443986564691528,11.780027217250101,RD8_F4_m4f8_P4_Y72_UO25,RD4_F7_m4f7_P4_Y70_UO701,RD8_F4_m8f4_P8_Y70_UO89,FXX,1,0.0,0,0,0.0,0,0,0,-9999.0,0.5437982798102894,1,P3_CV0,1,2,0,1,1
8,1.8443986564691528,11.780027217250101,RD8_F4_m4f8_P4_Y72_UO67,RD4_F8_m4f7_P4_Y70_UO637,RD8_F4_m8f4_P8_Y70_UO583,MXY,1,0.0,0,0,0.0,0,0,0,-9999.0,0.5438028167991433,1,P3_CV0,1,2,0,1,1
8,1.8443986564691528,11.780027217250101,RD8_F4_m4f8_P4_Y72_UO224,RD4_F7_m4f8_P4_Y70_UO688,RD8_F4_m8f4_P8_Y70_UO579,MXY,1,0.0,0,0,0.0,0,0,0,-9999.0,0.5438030504483322,1,P3_CV0,1,2,0,1,1
8,1.8443986564691528,11.780027217250101,RD8_F4_m4f7_P4_Y72_UO261,RD4_F8_m4f7_P4_Y70_UO746,RD7_F4_m7f3_P7_Y70_UO564,MXY,1,0.0,0,0,0.0,0,0,0,-9999.0,0.5437999349269376,1,P3_CV0,1,2,0,2,0
8,1.8443986564691528,11.780027217250101,RD8_F4_m4f8_P4_Y72_UO277,RD4_F8_m4f8_P4_Y70_UO500,RD8_F4_m8f4_P8_Y70_UO579,MXY,1,0.0,0,0,0.0,0,0,0,-9999.0,0.5438054087426281,1,P3_CV0,1,2,0,1,1
8,1.8443986564691528,11.780027217250101,RD8_F4_m4f8_P4_Y72_UO333,RD4_F7_m4f8_P4_Y70_UO466,RD8_F4_m8f4_P8_Y70_UO89,MXY,1,0.0,0,0,0.0,0,0,0,-9999.0,0.5437991731487273,1,P3_CV0,1,2,0,2,0
8,1.8443986564691528,11.780027217250101,RD8_F4_m4f8_P4_Y72_UO334,RD4_F7_m4f8_P4_Y70_UO466,RD8_F4_m8f4_P8_Y70_UO89,MXY,1,0.0,0,0,0.0,0,0,0,-9999.0,0.5437991731487273,1,P3_CV0,1,2,0,2,0
8,1.8443986564691528,11.780027217250101,RD8_F4_m4f8_P4_Y72_UO335,RD4_F7_m4f8_P4_Y70_UO466,RD8_F4_m8f4_P8_Y70_UO89,FXX,1,0.0,0,0,0.0,0,0,0,-9999.0,0.5437991731487273,1,P3_CV0,1,2,0,2,0
8,1.8443986564691528,11.780027217250101,RD8_F4_m4f8_P4_Y72_UO416,RD4_F8_m4f8_P4_Y70_UO340,RD8_F4_m8f4_P8_Y70_UO579,FXX,1,0.0,0,0,0.0,0,0,0,-9999.0,0.5438023055394297,1,P3_CV0,1,2,0,1,1
8,1.8443986564691528,11.780027217250101,RD8_F4_m4f8_P4_Y72_UO417,RD4_F8_m4f8_P4_Y70_UO340,RD8_F4_m8f4_P8_Y70_UO579,MXY,1,0.0,0,0,0.0,0,0,0,-9999.0,0.5438023055394297,1,P3_CV0,1,2,0,2,0
8,1.8443986564691528,11.780027217250101,RD8_F4_m4f8_P4_Y72_UO500,RD4_F8_m4f7_P4_Y70_UO81,RD8_F4_m8f4_P8_Y70_UO714,FXX,1,0.0,0,0,0.0,0,0,0,-9999.0,0.5438013256170962,1,P3_CV0,1,1,1,2,0
8,1.8443986564691528,11.780027217250101,RD8_F4_m4f8_P4_Y72_UO501,RD4_F8_m4f7_P4_Y70_UO81,RD8_F4_m8f4_P8_Y70_UO714,FXX,1,0.0,0,0,0.0,0,0,0,-9999.0,0.5438013256170962,1,P3_CV0,1,0,2,2,0
8,1.8443986564691528,11.780027217250101,RD8_F4_m4f8_P4_Y72_UO564,RD4_F8_m4f7_P4_Y70_UO411,RD8_F4_m7f3_P7_Y70_UO306,MXY,1,0.0,0,0,0.0,0,0,0,-9999.0,0.5438017663800565,1,P3_CV0,1,1,1,2,0
8,1.8443986564691528,11.780027217250101,RD8_F4_m4f7_P4_Y72_UO570,RD4_F8_m4f7_P4_Y70_UO554,RD7_F4_m7f4_P7_Y70_UO137,MXY,1,0.0,0,0,0.0,0,0,0,-9999.0,0.543796350753837,1,P3_CV0,1,0,2,2,0
8,1.8443986564691528,11.780027217250101,RD8_F4_m4f7_P4_Y72_UO571,RD4_F8_m4f7_P4_Y70_UO554,RD7_F4_m7f4_P7_Y70_UO137,FXX,1,0.0,0,0,0.0,0,0,0,-9999.0,0.543796350753837,1,P3_CV0,1,1,1,2,0
8,1.8443986564691528,11.780027217250101,RD8_F4_m4f7_P4_Y72_UO602,RD4_F8_m4f7_P4_Y70_UO80,RD7_F4_m7f4_P7_Y70_UO137,MXY,1,0.0,0,0,0.0,0,0,0,-9999.0,0.5437979833150166,1,P3_CV0,1,1,1,2,0
8,1.8443986564691528,11.780027217250101,RD8_F4_m4f7_P4_Y72_UO642,RD4_F8_m4f8_P4_Y70_UO340,RD7_F3_m7f3_P7_Y70_UO308,FXX,1,0.0,0,0,0.0,0,0,0,-9999.0,0.5438017416054208,1,P3_CV0,1,1,1,1,1
8,1.8443986564691528,11.780027217250101,RD8_F4_m4f7_P4_Y72_UO646,RD4_F8_m4f7_P4_Y70_UO81,RD7_F3_m7f4_P7_Y70_UO37,MXY,1,0.0,0,0,0.0,0,0,0,-9999.0,0.5437990101017931,1,P3_CV0,1,1,1,2,0
8,1.8443986564691528,11.780027217250101,RD8_F4_m4f7_P4_Y72_UO648,RD4_F8_m4f7_P4_Y70_UO81,RD7_F3_m7f4_P7_Y70_UO37,MXY,1,0.0,0,0,0.0,0,0,0,-9999.0,0.5437990101017931,1,P3_CV0,1,0,2,1,1
8,1.8443986564691528,11.780027217250101,RD8_F4_m4f7_P4_Y72_UO649,RD4_F8_m4f7_P4_Y70_UO81,RD7_F3_m7f4_P7_Y70_UO37,MXY,1,0.0,0,0,0.0,0,0,0,-9999.0,0.5437990101017931,1,P3_CV0,1,1,1,1,1
8,1.8443986564691528,11.780027217250101,RD8_F4_m4f8_P4_Y70_UO499,RD4_F8_m4f7_P4_Y68_UO608,RD8_F4_m8f4_P8_Y68_UO826,MXY,3,0.0,1,0,0.0,0,0,0,-9999.0,0.5438015650288435,1,P3_CV0,1,2,0,2,0
8,1.8443986564691528,11.780027217250101,RD8_F4_m4f7_P4_Y70_UO701,RD4_F8_m4f7_P4_Y68_UO251,RD7_F3_m2f5_P2_Y68_UO218,FXX,3,0.0,1,0,1.0,0,0,0,-9999.0,0.5437984839518322,1,P3_CV0,1,2,0,2,0
8,1.8443986564691528,11.780027217250101,RD8_F4_m4f8_P4_Y72_UO0,RD4_F8_m4f7_P4_Y70_UO81,RD8_F4_m8f4_P8_Y70_UO140,FXX,1,0.0,0,0,0.0,0,0,0,-9999.0,0.5438011466467287,1,P4_CV0,1,0,2,1,1
8,1.8443986564691528,11.780027217250101,RD8_F4_m4f8_P4_Y72_UO24,RD4_F7_m4f7_P4_Y70_UO701,RD8_F4_m8f4_P8_Y70_UO89,FXX,1,0.0,0,0,0.0,0,0,0,-9999.0,0.5437982798102894,1,P4_CV0,1,2,0,1,1
8,1.8443986564691528,11.780027217250101,RD8_F4_m4f8_P4_Y72_UO26,RD4_F7_m4f7_P4_Y70_UO701,RD8_F4_m8f4_P8_Y70_UO89,FXX,1,0.0,0,0,0.0,0,0,0,-9999.0,0.5437982798102894,1,P4_CV0,1,2,0,1,1
8,1.8443986564691528,11.780027217250101,RD8_F4_m4f8_P4_Y72_UO51,RD4_F8_m4f7_P4_Y70_UO745,RD8_F4_m7f4_P7_Y70_UO472,FXX,1,0.0,0,0,0.0,0,0,0,-9999.0,0.5437995708889503,1,P4_CV0,1,2,0,1,1
8,1.8443986564691528,11.780027217250101,RD8_F4_m4f8_P4_Y72_UO68,RD4_F8_m4f7_P4_Y70_UO637,RD8_F4_m8f4_P8_Y70_UO583,MXY,1,0.0,0,0,0.0,0,0,0,-9999.0,0.5438028167991433,1,P4_CV0,1,1,1,1,1
8,1.8443986564691528,11.780027217250101,RD8_F4_m4f8_P4_Y72_UO91,RD4_F8_m4f7_P4_Y70_UO522,RD8_F4_m7f3_P7_Y70_UO748,MXY,1,0.0,0,0,0.0,0,0,0,-9999.0,0.5437938852446678,1,P4_CV0,1,2,0,0,2
8,1.8443986564691528,11.780027217250101,RD8_F4_m4f7_P4_Y72_UO198,RD4_F8_m4f8_P4_Y70_UO184,RD7_F3_m5f3_P5_Y70_UO591,MXY,1,0.0,0,0,0.0,0,0,0,-9999.0,0.5437968251608254,1,P4_CV0,1,2,0,2,0
8,1.8443986564691528,11.780027217250101,RD8_F4_m4f7_P4_Y72_UO245,RD4_F8_m4f8_P4_Y70_UO183,RD7_F3_m7f3_P7_Y70_UO750,FXX,1,0.0,0,0,0.0,0,0,0,-9999.0,0.5437955203196907,1,P4_CV0,1,2,0,1,1
8,1.8443986564691528,11.780027217250101,RD8_F4_m4f7_P4_Y72_UO254,RD4_F7_m3f2_P3_Y70_UO148,RD7_F3_m2f5_P2_Y70_UO203,FXX,1,0.0,0,0,0.0,0,0,0,-9999.0,0.543797413505672,1,P4_CV0,1,2,0,2,0
8,1.8443986564691528,11.780027217250101,RD8_F4_m4f8_P4_Y72_UO271,RD4_F7_m3f7_P3_Y70_UO278,RD8_F4_m8f4_P8_Y70_UO658,MXY,1,0.0,0,0,0.0,0,0,0,-9999.0,0.5438017620508617,1,P4_CV0,1,0,2,1,1
8,1.8443986564691528,11.780027217250101,RD8_F4_m4f8_P4_Y72_UO272,RD4_F7_m3f7_P3_Y70_UO278,RD8_F4_m8f4_P8_Y70_UO658,FXX,1,0.0,0,0,0.0,0,0,0,-9999.0,0.5438017620508617,1,P4_CV0,1,0,2,1,1
8,1.8443986564691528,11.780027217250101,RD8_F4_m4f7_P4_Y72_UO308,RD4_F7_m4f7_P4_Y70_UO45,RD7_F3_m7f3_P7_Y70_UO750,FXX,1,0.0,0,0,0.0,0,0,0,-9999.0,0.5437965396704385,1,P4_CV0,1,1,1,1,1
8,1.8443986564691528,11.780027217250101,RD8_F4_m4f8_P4_Y72_UO446,RD4_F7_m4f7_P4_Y70_UO45,RD8_F4_m7f3_P7_Y70_UO563,MXY,1,0.0,0,0,0.0,0,0,0,-9999.0,0.5438026160591107,1,P4_CV0,1,1,1,0,2
8,1.8443986564691528,11.780027217250101,RD8_F4_m4f7_P4_Y72_UO459,RD4_F7_m3f7_P3_Y70_UO278,RD7_F3_m7f4_P7_Y70_UO59,MXY,1,0.0,0,0,0.0,0,0,0,-9999.0,0.543801378862554,1,P4_CV0,1,1,1,1,1
8,1.8443986564691528,11.780027217250101,RD8_F4_m4f8_P4_Y72_UO540,RD4_F8_m4f7_P4_Y70_UO717,RD8_F4_m8f4_P8_Y70_UO89,MXY,1,0.0,0,0,0.0,0,0,0,-9999.0,0.5438003094277519,1,P4_CV0,1,1,1,1,1
8,1.8443986564691528,11.780027217250101,RD8_F4_m4f8_P4_Y72_UO541,RD4_F8_m4f7_P4_Y70_UO717,RD8_F4_m8f4_P8_Y70_UO89,MXY,1,0.0,0,0,0.0,0,0,0,-9999.0,0.5438003094277519,1,P4_CV0,1,1,1,1,1
8,1.8443986564691528,11.780027217250101,RD8_F4_m4f8_P4_Y72_UO563,RD4_F8_m4f7_P4_Y70_UO411,RD8_F4_m7f3_P7_Y70_UO306,FXX,1,0.0,0,0,0.0,0,0,0,-9999.0,0.5438017663800565,1,P4_CV0,1,2,0,1,1
8,1.8443986564691528,11.780027217250101,RD8_F4_m4f8_P4_Y72_UO565,RD4_F8_m4f7_P4_Y70_UO411,RD8_F4_m7f3_P7_Y70_UO306,FXX,1,0.0,0,0,0.0,0,0,0,-9999.0,0.5438017663800565,1,P4_CV0,1,1,1,2,0
8,1.8443986564691528,11.780027217250101,RD8_F4_m4f7_P4_Y72_UO599,RD4_F8_m4f7_P4_Y70_UO522,RD7_F4_m8f4_P8_Y70_UO52,MXY,1,0.0,0,0,0.0,0,0,0,-9999.0,0.5437990273603646,1,P4_CV0,1,0,2,0,2
8,1.8443986564691528,11.780027217250101,RD8_F4_m4f7_P4_Y72_UO676,RD4_F7_m3f2_P3_Y70_UO691,RD7_F4_m8f4_P8_Y70_UO41,MXY,1,0.0,0,0,0.0,0,0,0,-9999.0,0.5437997956141771,1,P4_CV0,1,1,1,1,1
8,1.8443986564691528,11.780027217250101,RD8_F4_m4f8_P4_Y72_UO690,RD4_F8_m4f7_P4_Y70_UO477,RD8_F4_m8f4_P8_Y70_UO0,FXX,1,0.0,0,0,0.0,0,0,0,-9999.0,0.5438014247847605,1,P4_CV0,1,2,0,1,1
8,1.8443986564691528,11.780027217250101,RD8_F4_m4f8_P4_Y72_UO747,RD4_F7_m4f7_P4_Y70_UO701,RD8_F4_m7f3_P7_Y70_UO653,FXX,1,0.0,0,0,0.0,0,0,0,-9999.0,0.543797555477795,1,P4_CV0,1,2,0,2,0
8,1.8443986564691528,11.780027217250101,RD8_F4_m4f8_P4_Y72_UO748,RD4_F7_m4f7_P4_Y70_UO701,RD8_F4_m7f3_P7_Y70_UO653,FXX,1,0.0,0,0,0.0,0,0,0,-9999.0,0.543797555477795,1,P4_CV0,1,2,0,2,0
8,1.8443986564691528,11.780027217250101,RD8_F4_m4f7_P4_Y72_UO776,RD4_F8_m4f8_P4_Y70_UO340,RD7_F3_m5f1_P5_Y70_UO22,MXY,1,0.0,0,0,0.0,0,0,0,-9999.0,0.5437965792261821,1,P4_CV0,1,2,0,0,2
8,1.8443986564691528,11.780027217250101,RD8_F4_m4f7_P4_Y70_UO411,RD4_F8_m4f8_P4_Y68_UO630,RD7_F3_m5f2_P5_Y68_UO671,FXX,3,0.0,1,0,1.0,0,0,0,-9999.0,0.543802030661027,1,P4_CV0,1,2,0,2,0
8,1.8443986564691528,11.780027217250101,RD8_F4_m4f7_P4_Y72_UO22,RD4_F8_m4f7_P4_Y70_UO578,RD7_F4_m8f4_P8_Y70_UO142,MXY,1,0.0,0,0,0.0,0,0,0,-9999.0,0.5438029604993062,1,P5_CV0,1,1,1,2,0
8,1.8443986564691528,11.780027217250101,RD8_F4_m4f8_P4_Y72_UO594,RD4_F8_m4f8_P4_Y70_UO730,RD8_F4_m8f4_P8_Y70_UO298,MXY,1,0.0,0,0,0.0,0,0,0,-9999.0,0.5438019109569723,1,P5_CV0,1,1,1,1,1
8,1.8443986564691528,11.780027217250101,RD8_F4_m4f8_P4_Y72_UO595,RD4_F8_m4f8_P4_Y70_UO730,RD8_F4_m8f4_P8_Y70_UO298,FXX,1,0.0,0,0,0.0,0,0,0,-9999.0,0.5438019109569723,1,P5_CV0,1,1,1,1,1
8,1.8443986564691528,11.780027217250101,RD8_F4_m4f7_P4_Y72_UO98,RD4_F7_m4f8_P4_Y70_UO688,RD7_F4_m7f3_P7_Y70_UO564,FXX,1,0.0,0,0,0.0,0,0,0,-9999.0,0.5438026464616996,1,P8_CV0,1,2,0,1,1
8,1.8443986564691528,11.780027217250101,RD8_F4_m4f7_P4_Y72_UO122,RD4_F7_m3f7_P3_Y70_UO242,RD7_F4_m7f4_P7_Y70_UO728,MXY,1,0.0,0,0,0.0,0,0,0,-9999.0,0.5438013747261721,1,P8_CV0,1,0,2,1,1
8,1.8443986564691528,11.780027217250101,RD8_F4_m4f7_P4_Y72_UO580,RD4_F7_m3f7_P3_Y70_UO278,RD7_F3_m7f3_P7_Y70_UO562,MXY,1,0.0,0,0,0.0,0,0,0,-9999.0,0.5438024681679963,1,P8_CV0,1,0,2,1,1
8,1.8443986564691528,11.780027217250101,RD8_F4_m4f7_P4_Y72_UO643,RD4_F8_m4f8_P4_Y70_UO340,RD7_F3_m7f3_P7_Y70_UO308,FXX,1,0.0,0,0,0.0,0,0,0,-9999.0,0.5438017416054208,1,P8_CV0,1,1,1,0,2
9,8.539752926394888,7.413552560728917,RD9_F2_m2f5_P2_Y72_UO37,RD2_F6_m3f5_P3_Y70_UO519,RD5_F1_m5f2_P5_Y70_UO23,FXX,1,0.0,0,0,0.0,0,0,0,-9999.0,0.5437960373856185,1,P1_CV0,1,0,2,1,1
9,8.539752926394888,7.413552560728917,RD9_F2_m2f5_P2_Y72_UO40,RD2_F6_m3f5_P3_Y70_UO519,RD5_F1_m5f2_P5_Y70_UO23,FXX,1,0.0,0,0,0.0,0,0,0,-9999.0,0.5437960373856185,1,P1_CV0,1,1,1,0,2
9,8.539752926394888,7.413552560728917,RD9_F2_m2f6_P2_Y72_UO274,RD2_F6_m3f5_P3_Y70_UO519,RD6_F9_m6f9_P6_Y70_UO321,FXX,1,0.0,0,0,0.0,0,0,0,-9999.0,0.5437947674872703,1,P1_CV0,1,1,1,0,2
9,8.539752926394888,7.413552560728917,RD9_F2_m2f5_P2_Y72_UO543,RD2_F5_m1f5_P1_Y70_UO630,RD5_F1_m5f3_P5_Y70_UO234,FXX,1,0.0,0,0,0.0,0,0,0,-9999.0,0.5437961726347567,1,P1_CV0,1,2,0,1,1
9,8.539752926394888,7.413552560728917,RD9_F2_m2f5_P2_Y72_UO731,RD2_F9_m6f9_P6_Y70_UO194,RD5_F3_m5f2_P5_Y70_UO587,MXY,1,0.0,0,0,0.0,0,0,0,-9999.0,0.5437973791304103,1,P1_CV0,1,2,0,1,1
9,8.539752926394888,7.413552560728917,RD9_F2_m2f5_P2_Y72_UO732,RD2_F9_m6f9_P6_Y70_UO194,RD5_F3_m5f2_P5_Y70_UO587,MXY,1,0.0,0,0,0.0,0,0,0,-9999.0,0.5437973791304103,1,P1_CV0,1,2,0,1,1
9,8.539752926394888,7.413552560728917,RD9_F6_m6f2_P6_Y72_UO90,RD6_F3_m7f3_P7_Y70_UO130,RD2_F5_m1f5_P1_Y70_UO611,FXX,1,0.0,0,0,0.0,0,0,0,-9999.0,0.5437957191279565,1,P1_CV0,1,1,1,1,1
9,8.539752926394888,7.413552560728917,RD9_F6_m6f9_P6_Y72_UO355,RD6_F9_m2f5_P2_Y70_UO319,RD9_F6_m9f6_P9_Y70_UO104,MXY,1,0.0,0,0,0.0,0,0,0,-9999.0,0.5437993986815854,1,P1_CV0,1,2,0,0,2
9,8.539752926394888,7.413552560728917,RD9_F6_m6f3_P6_Y72_UO654,RD6_F9_m6f2_P6_Y70_UO311,RD3_F7_m4f8_P4_Y70_UO317,FXX,1,0.0,0,0,0.0,0,0,0,-9999.0,0.5437964626034955,1,P1_CV0,1,1,1,2,0
9,8.539752926394888,7.413552560728917,RD9_F6_m6f3_P6_Y72_UO656,RD6_F9_m6f2_P6_Y70_UO311,RD3_F7_m4f8_P4_Y70_UO317,FXX,1,0.0,0,0,0.0,0,0,0,-9999.0,0.5437964626034955,1,P1_CV0,1,2,0,1,1
9,8.539752926394888,7.413552560728917,RD9_F6_m6f3_P6_Y72_UO657,RD6_F9_m6f2_P6_Y70_UO311,RD3_F7_m4f8_P4_Y70_UO317,FXX,1,0.0,0,0,0.0,0,0,0,-9999.0,0.5437964626034955,1,P1_CV0,1,2,0,2,0
9,8.539752926394888,7.413552560728917,RD9_F2_m1f5_P1_Y70_UO614,RD1_F5_m1f5_P1_Y68_UO354,RD5_F1_m5f2_P5_Y68_UO267,FXX,3,0.0,1,0,1.0,0,0,0,-9999.0,0.543791504285764,1,P1_CV0,1,1,1,2,0
9,8.539752926394888,7.413552560728917,RD9_F2_m2f3_P2_Y70_UO762,RD2_F9_m6f2_P6_Y68_UO443,RD3_F6_m3f6_P3_Y68_UO96,MXY,3,0.0,1,0,0.0,0,0,0,-9999.0,0.543795427736768,1,P1_CV0,1,2,0,2,0
9,8.539752926394888,7.413552560728917,RD9_F6_m6f9_P6_Y70_UO661,RD6_F9_m2f3_P2_Y68_UO105,RD9_F2_m9f2_P9_Y68_UO223,FXX,3,0.0,1,0,1.0,0,0,0,-9999.0,0.5437993116138387,1,P1_CV0,1,2,0,1,1
9,8.539752926394888,7.413552560728917,RD9_F2_m2f3_P2_Y72_UO148,RD2_F3_m5f1_P5_Y70_UO162,RD3_F6_m9f2_P9_Y70_UO313,FXX,1,0.0,0,0,0.0,0,0,0,-9999.0,0.5438000954527524,1,P3_CV0,1,1,1,1,1
9,8.539752926394888,7.413552560728917,RD9_F2_m2f3_P2_Y72_UO150,RD2_F3_m5f1_P5_Y70_UO162,RD3_F6_m9f2_P9_Y70_UO313,MXY,1,0.0,0,0,0.0,0,0,0,-9999.0,0.5438000954527524,1,P3_CV0,1,2,0,1,1
9,8.539752926394888,7.413552560728917,RD9_F2_m2f9_P2_Y72_UO162,RD2_F3_m6f2_P6_Y70_UO239,RD9_F6_m2f5_P2_Y70_UO703,MXY,1,0.0,0,0,0.0,0,0,0,-9999.0,0.5437941163690994,1,P3_CV0,1,1,1,1,1
9,8.539752926394888,7.413552560728917,RD9_F2_m2f9_P2_Y72_UO552,RD2_F9_m2f3_P2_Y70_UO764,RD9_F2_m6f2_P6_Y70_UO447,FXX,1,0.0,0,0,0.0,0,0,0,-9999.0,0.5437983367373818,1,P3_CV0,1,2,0,1,1
9,8.539752926394888,7.413552560728917,RD9_F2_m2f3_P2_Y72_UO681,RD2_F3_m2f6_P2_Y70_UO409,RD3_F7_m4f8_P4_Y70_UO317,FXX,1,0.0,0,0,0.0,0,0,0,-9999.0,0.5437952799802588,1,P3_CV0,1,2,0,2,0
9,8.539752926394888,7.413552560728917,RD9_F2_m2f3_P2_Y72_UO716,RD2_F9_m2f5_P2_Y70_UO296,RD3_F5_m1f5_P1_Y70_UO261,FXX,1,0.0,0,0,0.0,0,0,0,-9999.0,0.5437956915448012,1,P3_CV0,1,2,0,2,0
9,8.539752926394888,7.413552560728917,RD9_F6_m6f2_P6_Y72_UO113,RD6_F9_m2f3_P2_Y70_UO544,RD2_F5_m1f5_P1_Y70_UO291,FXX,1,0.0,0,0,0.0,0,0,0,-9999.0,0.5437946757374448,1,P3_CV0,1,2,0,2,0
9,8.539752926394888,7.413552560728917,RD9_F6_m6f3_P6_Y72_UO311,RD6_F9_m6f3_P6_Y70_UO48,RD3_F6_m3f5_P3_Y70_UO211,FXX,1,0.0,0,0,0.0,0,0,0,-9999.0,0.5437989764941449,1,P3_CV0,1,0,2,2,0
9,8.539752926394888,7.413552560728917,RD9_F6_m6f3_P6_Y72_UO312,RD6_F9_m6f3_P6_Y70_UO48,RD3_F6_m3f5_P3_Y70_UO211,FXX,1,0.0,0,0,0.0,0,0,0,-9999.0,0.5437989764941449,1,P3_CV0,1,0,2,2,0
9,8.539752926394888,7.413552560728917,RD9_F6_m6f3_P6_Y72_UO434,RD6_F9_m6f2_P6_Y70_UO364,RD3_F7_m4f8_P4_Y70_UO640,MXY,1,0.0,0,0,0.0,0,0,0,-9999.0,0.5438006393669639,1,P3_CV0,1,1,1,0,2
9,8.539752926394888,7.413552560728917,RD9_F6_m6f2_P6_Y72_UO454,RD6_F2_m9f2_P9_Y70_UO400,RD2_F5_m6f9_P6_Y68_UO288,MXY,1,0.0,0,0,0.0,0,0,0,-9999.0,0.5437924368670792,1,P3_CV0,1,1,1,1,1
9,8.539752926394888,7.413552560728917,RD9_F6_m6f3_P6_Y72_UO576,RD6_F2_m3f2_P3_Y70_UO610,RD3_F5_m1f5_P1_Y70_UO261,MXY,1,0.0,0,0,0.0,0,0,0,-9999.0,0.5437985822718474,1,P3_CV0,1,1,1,1,1
9,8.539752926394888,7.413552560728917,RD9_F6_m6f3_P6_Y72_UO578,RD6_F2_m3f2_P3_Y70_UO610,RD3_F5_m1f5_P1_Y70_UO261,MXY,1,0.0,0,0,0.0,0,0,0,-9999.0,0.5437985822718474,1,P3_CV0,1,0,2,2,0
9,8.539752926394888,7.413552560728917,RD9_F6_m6f3_P6_Y72_UO579,RD6_F2_m3f2_P3_Y70_UO610,RD3_F5_m1f5_P1_Y70_UO261,FXX,1,0.0,0,0,0.0,0,0,0,-9999.0,0.5437985822718474,1,P3_CV0,1,0,2,1,1
9,8.539752926394888,7.413552560728917,RD9_F6_m6f2_P6_Y72_UO738,RD6_F9_m2f9_P2_Y70_UO266,RD2_F6_m9f6_P9_Y70_UO245,MXY,1,0.0,0,0,0.0,0,0,0,-9999.0,0.5438001309994434,1,P3_CV0,1,2,0,0,2
9,8.539752926394888,7.413552560728917,RD9_F6_m9f2_P9_Y70_UO400,RD9_F6_m2f6_P2_Y68_UO590,RD2_F9_m6f2_P6_Y68_UO159,FXX,3,0.0,1,0,1.0,0,0,0,-9999.0,0.5437947082828032,1,P3_CV0,1,1,1,1,1
9,8.539752926394888,7.413552560728917,RD9_F2_m2f5_P2_Y72_UO42,RD2_F6_m3f5_P3_Y70_UO519,RD5_F1_m5f2_P5_Y70_UO23,MXY,1,0.0,0,0,0.0,0,0,0,-9999.0,0.5437960373856185,1,P4_CV0,1,0,2,1,1
9,8.539752926394888,7.413552560728917,RD9_F2_m2f6_P2_Y72_UO252,RD2_F6_m9f2_P9_Y70_UO16,RD6_F2_m3f5_P3_Y70_UO133,MXY,1,0.0,0,0,0.0,0,0,0,-9999.0,0.5437956437526736,1,P4_CV0,1,1,1,1,1
9,8.539752926394888,7.413552560728917,RD9_F2_m2f3_P2_Y72_UO321,RD2_F5_m1f5_P1_Y70_UO94,RD3_F2_m6f9_P6_Y70_UO304,FXX,1,0.0,0,0,0.0,0,0,0,-9999.0,0.5437944065597549,1,P4_CV0,1,2,0,1,1
9,8.539752926394888,7.413552560728917,RD9_F2_m2f6_P2_Y72_UO504,RD2_F5_m1f5_P1_Y70_UO94,RD6_F2_m6f9_P6_Y70_UO279,MXY,1,0.0,0,0,0.0,0,0,0,-9999.0,0.5437936164962593,1,P4_CV0,1,1,1,1,1
9,8.539752926394888,7.413552560728917,RD9_F2_m2f3_P2_Y72_UO593,RD2_F9_m6f2_P6_Y70_UO365,RD3_F6_m3f5_P3_Y70_UO211,MXY,1,0.0,0,0,0.0,0,0,0,-9999.0,0.5437959035079984,1,P4_CV0,1,1,1,1,1
9,8.539752926394888,7.413552560728917,RD9_F2_m2f5_P2_Y72_UO669,RD2_F9_m2f6_P2_Y70_UO523,RD5_F1_m5f1_P5_Y70_UO300,MXY,1,0.0,0,0,0.0,0,0,0,-9999.0,0.5437979796552099,1,P4_CV0,1,2,0,2,0
9,8.539752926394888,7.413552560728917,RD9_F2_m2f9_P2_Y72_UO677,RD2_F6_m3f6_P3_Y70_UO419,RD9_F2_m9f2_P9_Y68_UO464,MXY,1,0.0,0,0,0.0,0,0,0,-9999.0,0.5437982220064441,1,P4_CV0,1,1,1,1,1
9,8.539752926394888,7.413552560728917,RD9_F2_m2f9_P2_Y72_UO678,RD2_F6_m3f6_P3_Y70_UO419,RD9_F2_m9f2_P9_Y68_UO464,FXX,1,0.0,0,0,0.0,0,0,0,-9999.0,0.5437982220064441,1,P4_CV0,1,0,2,1,1
9,8.539752926394888,7.413552560728917,RD9_F2_m2f9_P2_Y72_UO679,RD2_F6_m3f6_P3_Y70_UO419,RD9_F2_m9f2_P9_Y68_UO464,MXY,1,0.0,0,0,0.0,0,0,0,-9999.0,0.5437982220064441,1,P4_CV0,1,0,2,1,1
9,8.539752926394888,7.413552560728917,RD9_F2_m2f3_P2_Y72_UO682,RD2_F3_m2f6_P2_Y70_UO409,RD3_F7_m4f8_P4_Y70_UO317,MXY,1,0.0,0,0,0.0,0,0,0,-9999.0,0.5437952799802588,1,P4_CV0,1,2,0,2,0
9,8.539752926394888,7.413552560728917,RD9_F2_m2f3_P2_Y72_UO683,RD2_F3_m2f6_P2_Y70_UO409,RD3_F7_m4f8_P4_Y70_UO317,MXY,1,0.0,0,0,0.0,0,0,0,-9999.0,0.5437952799802588,1,P4_CV0,1,2,0,1,1
9,8.539752926394888,7.413552560728917,RD9_F6_m6f2_P6_Y72_UO45,RD6_F3_m7f3_P7_Y70_UO130,RD2_F3_m2f3_P2_Y70_UO329,MXY,1,0.0,0,0,0.0,0,0,0,-9999.0,0.5437974157721328,1,P4_CV0,1,2,0,0,2
9,8.539752926394888,7.413552560728917,RD9_F6_m6f3_P6_Y72_UO108,RD6_F9_m6f2_P6_Y70_UO364,RD3_F2_m6f9_P6_Y70_UO304,FXX,1,0.0,0,0,0.0,0,0,0,-9999.0,0.5437942712123913,1,P4_CV0,1,1,1,0,2
9,8.539752926394888,7.413552560728917,RD9_F6_m6f3_P6_Y72_UO109,RD6_F9_m6f2_P6_Y70_UO364,RD3_F2_m6f9_P6_Y70_UO304,MXY,1,0.0,0,0,0.0,0,0,0,-9999.0,0.5437942712123913,1,P4_CV0,1,0,2,1,1
9,8.539752926394888,7.413552560728917,RD9_F6_m6f2_P6_Y72_UO112,RD6_F9_m2f3_P2_Y70_UO544,RD2_F5_m1f5_P1_Y70_UO291,FXX,1,0.0,0,0,0.0,0,0,0,-9999.0,0.5437946757374448,1,P4_CV0,1,1,1,1,1
9,8.539752926394888,7.413552560728917,RD9_F6_m6f2_P6_Y72_UO128,RD6_F9_m2f9_P2_Y70_UO266,RD2_F5_m1f5_P1_Y70_UO611,MXY,1,0.0,0,0,0.0,0,0,0,-9999.0,0.5437962932337541,1,P4_CV0,1,2,0,1,1
9,8.539752926394888,7.413552560728917,RD9_F6_m6f9_P6_Y72_UO146,RD6_F9_m6f3_P6_Y70_UO267,RD9_F6_m3f5_P3_Y70_UO109,FXX,1,0.0,0,0,0.0,0,0,0,-9999.0,0.5437999291571032,1,P4_CV0,1,2,0,1,1
9,8.539752926394888,7.413552560728917,RD9_F6_m6f3_P6_Y72_UO173,RD6_F9_m6f2_P6_Y70_UO722,RD3_F6_m2f3_P2_Y70_UO681,FXX,1,0.0,0,0,0.0,0,0,0,-9999.0,0.5437936961316154,1,P4_CV0,1,1,1,2,0
9,8.539752926394888,7.413552560728917,RD9_F6_m6f3_P6_Y72_UO295,RD6_F2_m3f5_P3_Y70_UO77,RD3_F5_m2f3_P2_Y70_UO787,FXX,1,0.0,0,0,0.0,0,0,0,-9999.0,0.5438012034064741,1,P4_CV0,1,2,0,0,2
9,8.539752926394888,7.413552560728917,RD9_F6_m6f3_P6_Y72_UO296,RD6_F2_m3f5_P3_Y70_UO77,RD3_F5_m2f3_P2_Y70_UO787,MXY,1,0.0,0,0,0.0,0,0,0,-9999.0,0.5438012034064741,1,P4_CV0,1,2,0,0,2
9,8.539752926394888,7.413552560728917,RD9_F6_m6f3_P6_Y72_UO297,RD6_F2_m3f5_P3_Y70_UO77,RD3_F5_m2f3_P2_Y70_UO787,FXX,1,0.0,0,0,0.0,0,0,0,-9999.0,0.5438012034064741,1,P4_CV0,1,2,0,0,2
9,8.539752926394888,7.413552560728917,RD9_F6_m6f3_P6_Y72_UO305,RD6_F9_m2f9_P2_Y70_UO266,RD3_F5_m1f5_P1_Y70_UO615,FXX,1,0.0,0,0,0.0,0,0,0,-9999.0,0.5437988848862005,1,P4_CV0,1,2,0,0,2
9,8.539752926394888,7.413552560728917,RD9_F6_m6f3_P6_Y72_UO306,RD6_F9_m2f9_P2_Y70_UO266,RD3_F5_m1f5_P1_Y70_UO615,MXY,1,0.0,0,0,0.0,0,0,0,-9999.0,0.5437988848862005,1,P4_CV0,1,1,1,0,2
9,8.539752926394888,7.413552560728917,RD9_F6_m6f3_P6_Y72_UO307,RD6_F9_m2f9_P2_Y70_UO266,RD3_F5_m1f5_P1_Y70_UO615,FXX,1,0.0,0,0,0.0,0,0,0,-9999.0,0.5437988848862005,1,P4_CV0,1,2,0,1,1
9,8.539752926394888,7.413552560728917,RD9_F6_m6f3_P6_Y72_UO344,RD6_F9_m6f3_P6_Y70_UO770,RD3_F2_m6f3_P6_Y70_UO771,FXX,1,0.0,0,0,0.0,0,0,0,-9999.0,0.5437994178428198,1,P4_CV0,1,2,0,1,1
9,8.539752926394888,7.413552560728917,RD9_F6_m6f3_P6_Y72_UO345,RD6_F9_m6f3_P6_Y70_UO770,RD3_F2_m6f3_P6_Y70_UO771,MXY,1,0.0,0,0,0.0,0,0,0,-9999.0,0.5437994178428198,1,P4_CV0,1,2,0,0,2
9,8.539752926394888,7.413552560728917,RD9_F6_m6f3_P6_Y72_UO372,RD6_F2_m3f2_P3_Y70_UO610,RD3_F7_m4f8_P4_Y70_UO706,MXY,1,0.0,0,0,0.0,0,0,0,-9999.0,0.5438022934977198,1,P4_CV0,1,1,1,1,1
9,8.539752926394888,7.413552560728917,RD9_F6_m6f2_P6_Y72_UO453,RD6_F2_m9f2_P9_Y70_UO400,RD2_F5_m6f9_P6_Y68_UO288,MXY,1,0.0,0,0,0.0,0,0,0,-9999.0,0.5437924368670792,1,P4_CV0,1,0,2,1,1
9,8.539752926394888,7.413552560728917,RD9_F6_m6f9_P6_Y72_UO456,RD6_F9_m6f2_P6_Y70_UO722,RD9_F6_m9f2_P9_Y70_UO327,FXX,1,0.0,0,0,0.0,0,0,0,-9999.0,0.5437982329385704,1,P4_CV0,1,1,1,1,1
9,8.539752926394888,7.413552560728917,RD9_F6_m6f9_P6_Y72_UO634,RD6_F9_m6f3_P6_Y70_UO267,RD9_F6_m3f7_P3_Y70_UO526,FXX,1,0.0,0,0,0.0,0,0,0,-9999.0,0.5437971228275273,1,P4_CV0,1,2,0,1,1
9,8.539752926394888,7.413552560728917,RD9_F6_m6f9_P6_Y72_UO635,RD6_F9_m6f3_P6_Y70_UO267,RD9_F6_m3f7_P3_Y70_UO526,FXX,1,0.0,0,0,0.0,0,0,0,-9999.0,0.5437971228275273,1,P4_CV0,1,2,0,2,0
9,8.539752926394888,7.413552560728917,RD9_F6_m6f2_P6_Y72_UO707,RD6_F9_m6f3_P6_Y70_UO770,RD2_F9_m6f3_P6_Y70_UO88,FXX,1,0.0,0,0,0.0,0,0,0,-9999.0,0.5437975327222375,1,P4_CV0,1,1,1,1,1
9,8.539752926394888,7.413552560728917,RD9_F6_m6f9_P6_Y72_UO720,RD6_F9_m6f3_P6_Y70_UO619,RD9_F2_m6f2_P6_Y70_UO772,MXY,1,0.0,0,0,0.0,0,0,0,-9999.0,0.5437978909430967,1,P4_CV0,1,0,2,0,2
9,8.539752926394888,7.413552560728917,RD9_F2_m2f3_P2_Y70_UO764,RD2_F9_m6f2_P6_Y68_UO443,RD3_F6_m3f6_P3_Y68_UO96,FXX,3,0.0,1,0,1.0,0,0,0,-9999.0,0.543795427736768,1,P4_CV0,1,2,0,1,1
9,8.539752926394888,7.413552560728917,RD9_F6_m6f2_P6_Y70_UO546,RD6_F9_m6f2_P6_Y68_UO382,RD2_F9_m6f9_P6_Y68_UO288,FXX,3,0.0,1,0,1.0,0,0,0,-9999.0,0.5437937177703134,1,P4_CV0,1,2,0,1,1
9,8.539752926394888,7.413552560728917,RD9_F6_m6f9_P6_Y70_UO693,RD6_F2_m3f6_P3_Y68_UO506,RD9_F2_m9f2_P9_Y68_UO503,FXX,3,0.0,1,0,1.0,0,0,0,-9999.0,0.543799962826597,1,P4_CV0,1,2,0,2,0
9,8.539752926394888,7.413552560728917,RD9_F6_m5f3_P5_Y70_UO443,RD5_F3_m7f4_P7_Y68_UO254,RD3_F6_m9f2_P9_Y68_UO834,MXY,3,0.0,1,0,0.0,0,0,0,-9999.0,0.5438023528040503,1,P4_CV0,1,2,0,1,1
9,8.539752926394888,7.413552560728917,RD9_F6_m7f3_P7_Y70_UO130,RD7_F3_m7f4_P7_Y68_UO239,RD3_F7_m4f7_P4_Y68_UO587,FXX,3,0.0,1,0,1.0,0,0,0,-9999.0,0.5437999339701491,1,P4_CV0,1,2,0,1,1
9,8.539752926394888,7.413552560728917,RD9_F6_m2f3_P2_Y70_UO761,RD2_F9_m6f2_P6_Y68_UO443,RD3_F6_m3f6_P3_Y68_UO96,MXY,3,0.0,1,0,0.0,0,0,0,-9999.0,0.543795427736768,1,P4_CV0,1,2,0,0,2
9,8.539752926394888,7.413552560728917,RD9_F2_m2f3_P2_Y72_UO230,RD2_F9_m6f9_P6_Y70_UO194,RD3_F6_m9f2_P9_Y70_UO790,FXX,1,0.0,0,0,0.0,0,0,0,-9999.0,0.5437982185794681,1,P6_CV0,1,2,0,0,2
9,8.539752926394888,7.413552560728917,RD9_F2_m2f6_P2_Y72_UO624,RD2_F9_m6f9_P6_Y70_UO208,RD6_F2_m9f6_P9_Y70_UO532,FXX,1,0.0,0,0,0.0,0,0,0,-9999.0,0.5438006693620991,1,P6_CV0,1,2,0,0,2
9,8.539752926394888,7.413552560728917,RD9_F6_m6f2_P6_Y72_UO349,RD6_F9_m6f2_P6_Y70_UO647,RD2_F3_m7f3_P7_Y70_UO606,MXY,1,0.0,0,0,0.0,0,0,0,-9999.0,0.5437955312918348,1,P6_CV0,1,2,0,1,1
9,8.539752926394888,7.413552560728917,RD9_F2_m2f3_P2_Y72_UO54,RD2_F6_m9f6_P9_Y70_UO103,RD3_F2_m6f3_P6_Y70_UO752,FXX,1,0.0,0,0,0.0,0,0,0,-9999.0,0.5438015781182912,1,P8_CV0,1,1,1,1,1
9,8.539752926394888,7.413552560728917,RD9_F2_m2f9_P2_Y72_UO88,RD2_F6_m9f2_P9_Y70_UO16,RD9_F6_m6f3_P6_Y68_UO109,FXX,1,0.0,0,0,0.0,0,0,0,-9999.0,0.5437917410636146,1,P8_CV0,1,0,2,0,2
9,8.539752926394888,7.413552560728917,RD9_F2_m2f9_P2_Y72_UO161,RD2_F3_m6f2_P6_Y70_UO239,RD9_F6_m2f5_P2_Y70_UO703,FXX,1,0.0,0,0,0.0,0,0,0,-9999.0,0.5437941163690994,1,P8_CV0,1,1,1,1,1
9,8.539752926394888,7.413552560728917,RD9_F2_m2f3_P2_Y72_UO229,RD2_F9_m6f9_P6_Y70_UO194,RD3_F6_m9f2_P9_Y70_UO790,FXX,1,0.0,0,0,0.0,0,0,0,-9999.0,0.5437982185794681,1,P8_CV0,1,2,0,0,2
9,8.539752926394888,7.413552560728917,RD9_F2_m2f3_P2_Y72_UO231,RD2_F9_m6f9_P6_Y70_UO194,RD3_F6_m9f2_P9_Y70_UO790,MXY,1,0.0,0,0,0.0,0,0,0,-9999.0,0.5437982185794681,1,P8_CV0,1,1,1,0,2
9,8.539752926394888,7.413552560728917,RD9_F2_m2f6_P2_Y72_UO275,RD2_F6_m3f5_P3_Y70_UO519,RD6_F9_m6f9_P6_Y70_UO321,FXX,1,0.0,0,0,0.0,0,0,0,-9999.0,0.5437947674872703,1,P8_CV0,1,0,2,0,2
9,8.539752926394888,7.413552560728917,RD9_F2_m2f5_P2_Y72_UO426,RD2_F3_m6f2_P6_Y70_UO31,RD5_F2_m3f5_P3_Y70_UO176,MXY,1,0.0,0,0,0.0,0,0,0,-9999.0,0.5438001574475493,1,P8_CV0,1,2,0,2,0
9,8.539752926394888,7.413552560728917,RD9_F2_m2f5_P2_Y72_UO428,RD2_F3_m6f2_P6_Y70_UO239,RD5_F2_m3f5_P3_Y70_UO176,FXX,1,0.0,0,0,0.0,0,0,0,-9999.0,0.5438010099933308,1,P8_CV0,1,2,0,1,1
9,8.539752926394888,7.413552560728917,RD9_F2_m2f5_P2_Y72_UO429,RD2_F3_m6f2_P6_Y70_UO239,RD5_F2_m3f5_P3_Y70_UO176,FXX,1,0.0,0,0,0.0,0,0,0,-9999.0,0.5438010099933308,1,P8_CV0,1,2,0,1,1
9,8.539752926394888,7.413552560728917,RD9_F2_m2f6_P2_Y72_UO479,RD2_F6_m9f2_P9_Y70_UO16,RD6_F2_m3f2_P3_Y70_UO527,MXY,1,0.0,0,0,0.0,0,0,0,-9999.0,0.5437944605073426,1,P8_CV0,1,1,1,1,1
9,8.539752926394888,7.413552560728917,RD9_F2_m2f3_P2_Y72_UO592,RD2_F9_m6f2_P6_Y70_UO365,RD3_F6_m3f5_P3_Y70_UO211,FXX,1,0.0,0,0,0.0,0,0,0,-9999.0,0.5437959035079984,1,P8_CV0,1,1,1,1,1
9,8.539752926394888,7.413552560728917,RD9_F6_m6f2_P6_Y72_UO46,RD6_F3_m7f3_P7_Y70_UO130,RD2_F3_m2f3_P2_Y70_UO329,MXY,1,0.0,0,0,0.0,0,0,0,-9999.0,0.5437974157721328,1,P8_CV0,1,2,0,0,2
9,8.539752926394888,7.413552560728917,RD9_F6_m6f3_P6_Y72_UO494,RD6_F3_m7f4_P7_Y70_UO120,RD3_F6_m9f2_P9_Y70_UO313,FXX,1,0.0,0,0,0.0,0,0,0,-9999.0,0.5438035720799235,1,P8_CV0,1,2,0,1,1
9,8.539752926394888,7.413552560728917,RD9_F6_m6f9_P6_Y72_UO522,RD6_F9_m6f3_P6_Y70_UO770,RD9_F2_m9f2_P9_Y68_UO502,FXX,1,0.0,0,0,0.0,0,0,0,-9999.0,0.5437966433273687,1,P8_CV0,1,2,0,2,0
9,8.539752926394888,7.413552560728917,RD9_F6_m6f3_P6_Y72_UO586,RD6_F2_m6f3_P6_Y70_UO274,RD3_F2_m6f9_P6_Y70_UO304,MXY,1,0.0,0,0,0.0,0,0,0,-9999.0,0.54379659262122,1,P8_CV0,1,1,1,0,2
9,8.539752926394888,7.413552560728917,RD9_F6_m6f9_P6_Y72_UO612,RD6_F2_m6f3_P6_Y70_UO274,RD9_F6_m9f6_P9_Y70_UO104,MXY,1,0.0,0,0,0.0,0,0,0,-9999.0,0.5438014618994202,1,P8_CV0,1,2,0,0,2
9,8.539752926394888,7.413552560728917,RD9_F6_m6f2_P6_Y72_UO699,RD6_F9_m6f2_P6_Y70_UO364,RD2_F5_m1f5_P1_Y70_UO292,MXY,1,0.0,0,0,0.0,0,0,0,-9999.0,0.5437935877744167,1,P8_CV0,1,0,2,2,0
9,8.539752926394888,7.413552560728917,RD9_F6_m6f2_P6_Y72_UO700,RD6_F9_m6f2_P6_Y70_UO364,RD2_F5_m1f5_P1_Y70_UO292,FXX,1,0.0,0,0,0.0,0,0,0,-9999.0,0.5437935877744167,1,P8_CV0,1,1,1,0,2
9,8.539752926394888,7.413552560728917,RD9_F6_m6f9_P6_Y72_UO727,RD6_F3_m5f2_P5_Y70_UO34,RD9_F2_m5f3_P5_Y70_UO442,FXX,1,0.0,0,0,0.0,0,0,0,-9999.0,0.5437974930464406,1,P8_CV0,1,2,0,1,1
9,8.539752926394888,7.413552560728917,RD9_F2_m2f6_P2_Y70_UO523,RD2_F3_m6f9_P6_Y68_UO577,RD6_F3_m6f9_P6_Y68_UO377,FXX,3,0.0,1,0,1.0,0,0,0,-9999.0,0.5438003503513755,1,P8_CV0,1,1,1,2,0
