PatchID,XCOORD,YCOORD,ID,MID,FID,sex,age,size,mature,newmature,layeggs,capture,recapture,state,CDist,Hindex,Species,ClassFile,SubPatchID,L0A0,L0A1,L1A0,L1A1
1,4.359949021420038,0.38889347741837,RD1_F5_m5f1_P5_Y86_UO243,RD5_F3_m5f3_P5_Y84_UO662,RD1_F5_m1f5_P1_Y84_UO170,FXX,1,0.0,0,0,0.0,0,0,0,-9999.0,0.5437978508041681,1,P1_CV0,1,2,0,1,1
1,4.359949021420038,0.38889347741837,RD1_F5_m5f1_P5_Y86_UO298,RD5_F1_m5f2_P5_Y84_UO454,RD1_F5_m1f5_P1_Y84_UO310,FXX,1,0.0,0,0,0.0,0,0,0,-9999.0,0.5437975614837285,1,P1_CV0,1,1,1,1,1
1,4.359949021420038,0.38889347741837,RD1_F5_m5f2_P5_Y86_UO733,RD5_F2_m9f2_P9_Y84_UO514,RD2_F9_m6f2_P6_Y84_UO724,FXX,1,0.0,0,0,0.0,0,0,0,-9999.0,0.5437974311709866,1,P1_CV0,1,0,2,2,0
1,4.359949021420038,0.38889347741837,RD1_F5_m5f3_P5_Y86_UO748,RD5_F1_m5f2_P5_Y84_UO273,RD3_F6_m3f6_P3_Y84_UO225,MXY,1,0.0,0,0,0.0,0,0,0,-9999.0,0.5437974239023049,1,P1_CV0,1,1,1,1,1
1,4.359949021420038,0.38889347741837,RD1_F5_m5f3_P5_Y86_UO749,RD5_F1_m5f2_P5_Y84_UO273,RD3_F6_m3f6_P3_Y84_UO225,MXY,1,0.0,0,0,0.0,0,0,0,-9999.0,0.5437974239023049,1,P1_CV0,1,1,1,2,0
1,4.359949021420038,0.38889347741837,RD1_F5_m5f2_P5_Y86_UO210,RD5_F1_m5f2_P5_Y84_UO506,RD2_F5_m1f5_P1_Y84_UO205,MXY,1,0.0,0,0,0.0,0,0,0,-9999.0,0.5437979217508087,1,P3_CV0,1,2,0,0,2
1,4.359949021420038,0.38889347741837,RD1_F5_m5f2_P5_Y86_UO212,RD5_F1_m5f2_P5_Y84_UO506,RD2_F5_m1f5_P1_Y84_UO205,MXY,1,0.0,0,0,0.0,0,0,0,-9999.0,0.5437979217508087,1,P3_CV0,1,1,1,0,2
1,4.359949021420038,0.38889347741837,RD1_F5_m5f1_P5_Y86_UO242,RD5_F3_m5f3_P5_Y84_UO662,RD1_F5_m1f5_P1_Y84_UO170,MXY,1,0.0,0,0,0.0,0,0,0,-9999.0,0.5437978508041681,1,P3_CV0,1,1,1,0,2
1,4.359949021420038,0.38889347741837,RD1_F5_m5f3_P5_Y86_UO446,RD5_F2_m9f2_P9_Y84_UO326,RD3_F7_m3f5_P3_Y84_UO68,FXX,1,0.0,0,0,0.0,0,0,0,-9999.0,0.5437976454165039,1,P3_CV0,1,1,1,1,1
1,4.359949021420038,0.38889347741837,RD1_F5_m5f3_P5_Y86_UO447,RD5_F2_m9f2_P9_Y84_UO326,RD3_F7_m3f5_P3_Y84_UO68,MXY,1,0.0,0,0,0.0,0,0,0,-9999.0,0.5437976454165039,1,P3_CV0,1,1,1,1,1
1,4.359949021420038,0.38889347741837,RD1_F5_m5f2_P5_Y86_UO561,RD5_F2_m9f6_P9_Y84_UO107,RD2_F6_m9f6_P9_Y84_UO704,MXY,1,0.0,0,0,0.0,0,0,0,-9999.0,0.5437977032515846,1,P3_CV0,1,1,1,1,1
1,4.359949021420038,0.38889347741837,RD1_F5_m6f9_P6_Y84_UO426,RD6_F9_m2f3_P2_Y82_UO418,RD9_F6_m9f2_P9_Y82_UO227,FXX,3,0.0,1,0,1.0,0,0,0,-9999.0,0.5437974986477343,1,P3_CV0,1,1,1,1,1
1,4.359949021420038,0.38889347741837,RD1_F5_m5f3_P5_Y84_UO662,RD5_F3_m6f9_P6_Y82_UO673,RD3_F5_m1f5_P1_Y82_UO399,FXX,3,0.0,1,0,1.0,0,0,0,-9999.0,0.5437979551134617,1,P3_CV0,1,1,1,1,1
1,4.359949021420038,0.38889347741837,RD1_F5_m5f3_P5_Y86_UO3,RD5_F2_m9f2_P9_Y84_UO326,RD3_F5_m1f5_P1_Y84_UO434,MXY,1,0.0,0,0,0.0,0,0,0,-9999.0,0.5437975345342636,1,P4_CV0,1,1,1,0,2
1,4.359949021420038,0.38889347741837,RD1_F5_m5f1_P5_Y86_UO91,RD5_F1_m5f1_P5_Y84_UO645,RD1_F5_m1f5_P1_Y84_UO279,FXX,1,0.0,0,0,0.0,0,0,0,-9999.0,0.5437978010050131,1,P4_CV0,1,1,1,1,1
1,4.359949021420038,0.38889347741837,RD1_F5_m5f3_P5_Y86_UO182,RD5_F3_m2f5_P2_Y84_UO476,RD3_F5_m2f5_P2_Y84_UO439,MXY,1,0.0,0,0,0.0,0,0,0,-9999.0,0.5437977827026828,1,P4_CV0,1,2,0,1,1
1,4.359949021420038,0.38889347741837,RD1_F5_m5f2_P5_Y86_UO258,RD5_F1_m5f1_P5_Y84_UO645,RD2_F6_m9f2_P9_Y84_UO461,MXY,1,0.0,0,0,0.0,0,0,0,-9999.0,0.5437976106112501,1,P4_CV0,1,1,1,0,2
1,4.359949021420038,0.38889347741837,RD1_F5_m5f2_P5_Y86_UO260,RD5_F1_m5f1_P5_Y84_UO645,RD2_F6_m9f2_P9_Y84_UO461,MXY,1,0.0,0,0,0.0,0,0,0,-9999.0,0.5437976106112501,1,P4_CV0,1,1,1,0,2
1,4.359949021420038,0.38889347741837,RD1_F5_m5f3_P5_Y86_UO326,RD5_F1_m5f1_P5_Y84_UO373,RD3_F6_m2f3_P2_Y84_UO63,MXY,1,0.0,0,0,0.0,0,0,0,-9999.0,0.5437977484089913,1,P4_CV0,1,1,1,0,2
1,4.359949021420038,0.38889347741837,RD1_F5_m5f3_P5_Y86_UO327,RD5_F1_m5f1_P5_Y84_UO373,RD3_F6_m2f3_P2_Y84_UO63,FXX,1,0.0,0,0,0.0,0,0,0,-9999.0,0.5437977484089913,1,P4_CV0,1,2,0,2,0
1,4.359949021420038,0.38889347741837,RD1_F5_m5f3_P5_Y86_UO328,RD5_F1_m5f1_P5_Y84_UO373,RD3_F6_m2f3_P2_Y84_UO63,FXX,1,0.0,0,0,0.0,0,0,0,-9999.0,0.5437977484089913,1,P4_CV0,1,1,1,2,0
1,4.359949021420038,0.38889347741837,RD1_F5_m5f2_P5_Y86_UO404,RD5_F1_m5f1_P5_Y84_UO103,RD2_F9_m6f2_P6_Y84_UO648,MXY,1,0.0,0,0,0.0,0,0,0,-9999.0,0.5437976492437713,1,P4_CV0,1,0,2,2,0
1,4.359949021420038,0.38889347741837,RD1_F5_m5f2_P5_Y86_UO405,RD5_F1_m5f1_P5_Y84_UO103,RD2_F9_m6f2_P6_Y84_UO648,FXX,1,0.0,0,0,0.0,0,0,0,-9999.0,0.5437976492437713,1,P4_CV0,1,1,1,1,1
1,4.359949021420038,0.38889347741837,RD1_F5_m5f2_P5_Y86_UO451,RD5_F1_m5f1_P5_Y84_UO264,RD2_F9_m6f3_P6_Y84_UO1,FXX,1,0.0,0,0,0.0,0,0,0,-9999.0,0.5437976086561775,1,P4_CV0,1,1,1,1,1
1,4.359949021420038,0.38889347741837,RD1_F5_m5f2_P5_Y86_UO452,RD5_F1_m5f1_P5_Y84_UO264,RD2_F9_m6f3_P6_Y84_UO1,MXY,1,0.0,0,0,0.0,0,0,0,-9999.0,0.5437976086561775,1,P4_CV0,1,1,1,2,0
1,4.359949021420038,0.38889347741837,RD1_F5_m5f2_P5_Y86_UO506,RD5_F3_m6f9_P6_Y84_UO426,RD2_F9_m6f3_P6_Y84_UO2,MXY,1,0.0,0,0,0.0,0,0,0,-9999.0,0.543797559099545,1,P4_CV0,1,1,1,1,1
1,4.359949021420038,0.38889347741837,RD1_F5_m5f1_P5_Y86_UO537,RD5_F2_m9f6_P9_Y84_UO143,RD1_F5_m2f5_P2_Y84_UO220,MXY,1,0.0,0,0,0.0,0,0,0,-9999.0,0.5437977192240453,1,P4_CV0,1,1,1,1,1
1,4.359949021420038,0.38889347741837,RD1_F5_m5f1_P5_Y86_UO538,RD5_F2_m9f6_P9_Y84_UO143,RD1_F5_m2f5_P2_Y84_UO220,MXY,1,0.0,0,0,0.0,0,0,0,-9999.0,0.5437977192240453,1,P4_CV0,1,1,1,0,2
1,4.359949021420038,0.38889347741837,RD1_F5_m5f2_P5_Y86_UO562,RD5_F2_m9f6_P9_Y84_UO107,RD2_F6_m9f6_P9_Y84_UO704,MXY,1,0.0,0,0,0.0,0,0,0,-9999.0,0.5437977032515846,1,P4_CV0,1,1,1,0,2
1,4.359949021420038,0.38889347741837,RD1_F5_m5f2_P5_Y86_UO588,RD5_F1_m5f1_P5_Y84_UO103,RD2_F6_m3f2_P3_Y84_UO39,MXY,1,0.0,0,0,0.0,0,0,0,-9999.0,0.5437978101168426,1,P4_CV0,1,2,0,2,0
1,4.359949021420038,0.38889347741837,RD1_F5_m5f1_P5_Y86_UO718,RD5_F1_m5f1_P5_Y84_UO449,RD1_F5_m1f5_P1_Y84_UO207,FXX,1,0.0,0,0,0.0,0,0,0,-9999.0,0.5437979370061612,1,P4_CV0,1,2,0,1,1
1,4.359949021420038,0.38889347741837,RD1_F5_m5f2_P5_Y86_UO734,RD5_F2_m9f2_P9_Y84_UO514,RD2_F9_m6f2_P6_Y84_UO724,FXX,1,0.0,0,0,0.0,0,0,0,-9999.0,0.5437974311709866,1,P4_CV0,1,0,2,0,2
1,4.359949021420038,0.38889347741837,RD1_F5_m5f1_P5_Y84_UO449,RD5_F1_m5f3_P5_Y82_UO547,RD1_F5_m2f3_P2_Y82_UO472,FXX,3,0.0,1,0,1.0,0,0,0,-9999.0,0.5437978692696106,1,P4_CV0,1,2,0,2,0
1,4.359949021420038,0.38889347741837,RD1_F5_m5f3_P5_Y86_UO178,RD5_F3_m2f5_P2_Y84_UO476,RD3_F5_m2f5_P2_Y84_UO439,FXX,1,0.0,0,0,0.0,0,0,0,-9999.0,0.5437977827026828,1,P6_CV0,1,2,0,2,0
1,4.359949021420038,0.38889347741837,RD1_F5_m5f3_P5_Y86_UO179,RD5_F3_m2f5_P2_Y84_UO476,RD3_F5_m2f5_P2_Y84_UO439,MXY,1,0.0,0,0,0.0,0,0,0,-9999.0,0.5437977827026828,1,P6_CV0,1,2,0,2,0
1,4.359949021420038,0.38889347741837,RD1_F5_m5f3_P5_Y86_UO180,RD5_F3_m2f5_P2_Y84_UO476,RD3_F5_m2f5_P2_Y84_UO439,FXX,1,0.0,0,0,0.0,0,0,0,-9999.0,0.5437977827026828,1,P6_CV0,1,2,0,2,0
1,4.359949021420038,0.38889347741837,RD1_F5_m5f3_P5_Y86_UO181,RD5_F3_m2f5_P2_Y84_UO476,RD3_F5_m2f5_P2_Y84_UO439,FXX,1,0.0,0,0,0.0,0,0,0,-9999.0,0.5437977827026828,1,P6_CV0,1,2,0,2,0
1,4.359949021420038,0.38889347741837,RD1_F5_m5f2_P5_Y86_UO211,RD5_F1_m5f2_P5_Y84_UO506,RD2_F5_m1f5_P1_Y84_UO205,MXY,1,0.0,0,0,0.0,0,0,0,-9999.0,0.5437979217508087,1,P6_CV0,1,2,0,2,0
1,4.359949021420038,0.38889347741837,RD1_F5_m5f3_P5_Y86_UO254,RD5_F1_m5f2_P5_Y84_UO506,RD3_F7_m4f8_P4_Y84_UO550,MXY,1,0.0,0,0,0.0,0,0,0,-9999.0,0.5437980382580463,1,P6_CV0,1,0,2,1,1
1,4.359949021420038,0.38889347741837,RD1_F5_m5f3_P5_Y86_UO255,RD5_F1_m5f2_P5_Y84_UO506,RD3_F7_m4f8_P4_Y84_UO550,MXY,1,0.0,0,0,0.0,0,0,0,-9999.0,0.5437980382580463,1,P6_CV0,1,1,1,2,0
1,4.359949021420038,0.38889347741837,RD1_F5_m5f3_P5_Y86_UO256,RD5_F1_m5f2_P5_Y84_UO506,RD3_F7_m4f8_P4_Y84_UO550,FXX,1,0.0,0,0,0.0,0,0,0,-9999.0,0.5437980382580463,1,P6_CV0,1,0,2,1,1
1,4.359949021420038,0.38889347741837,RD1_F5_m5f2_P5_Y86_UO278,RD5_F3_m2f5_P2_Y84_UO476,RD2_F5_m2f3_P2_Y84_UO669,MXY,1,0.0,0,0,0.0,0,0,0,-9999.0,0.5437975582491106,1,P6_CV0,1,1,1,1,1
1,4.359949021420038,0.38889347741837,RD1_F5_m5f3_P5_Y86_UO189,RD5_F1_m5f2_P5_Y84_UO590,RD3_F7_m4f7_P4_Y84_UO653,FXX,1,0.0,0,0,0.0,0,0,0,-9999.0,0.5437982884764381,1,P8_CV0,1,2,0,1,1
1,4.359949021420038,0.38889347741837,RD1_F5_m5f3_P5_Y86_UO190,RD5_F1_m5f2_P5_Y84_UO590,RD3_F7_m4f7_P4_Y84_UO653,MXY,1,0.0,0,0,0.0,0,0,0,-9999.0,0.5437982884764381,1,P8_CV0,1,2,0,0,2
1,4.359949021420038,0.38889347741837,RD1_F5_m5f1_P5_Y86_UO199,RD5_F1_m5f1_P5_Y84_UO101,RD1_F5_m1f5_P1_Y84_UO734,FXX,1,0.0,0,0,0.0,0,0,0,-9999.0,0.543797448896413,1,P8_CV0,1,0,2,1,1
1,4.359949021420038,0.38889347741837,RD1_F5_m5f1_P5_Y86_UO262,RD5_F2_m9f6_P9_Y84_UO492,RD1_F5_m1f5_P1_Y84_UO227,MXY,1,0.0,0,0,0.0,0,0,0,-9999.0,0.5437978818568183,1,P8_CV0,1,1,1,1,1
1,4.359949021420038,0.38889347741837,RD1_F5_m5f1_P5_Y86_UO266,RD5_F1_m5f1_P5_Y84_UO168,RD1_F5_m2f3_P2_Y84_UO616,FXX,1,0.0,0,0,0.0,0,0,0,-9999.0,0.543797270109593,1,P8_CV0,1,1,1,2,0
1,4.359949021420038,0.38889347741837,RD1_F5_m5f1_P5_Y86_UO267,RD5_F1_m5f1_P5_Y84_UO168,RD1_F5_m2f3_P2_Y84_UO616,MXY,1,0.0,0,0,0.0,0,0,0,-9999.0,0.543797270109593,1,P8_CV0,1,2,0,2,0
1,4.359949021420038,0.38889347741837,RD1_F5_m5f1_P5_Y86_UO286,RD5_F3_m7f3_P7_Y84_UO479,RD1_F5_m1f5_P1_Y84_UO74,FXX,1,0.0,0,0,0.0,0,0,0,-9999.0,0.5437979539178741,1,P8_CV0,1,2,0,1,1
1,4.359949021420038,0.38889347741837,RD1_F5_m5f1_P5_Y86_UO287,RD5_F3_m7f3_P7_Y84_UO479,RD1_F5_m1f5_P1_Y84_UO74,FXX,1,0.0,0,0,0.0,0,0,0,-9999.0,0.5437979539178741,1,P8_CV0,1,2,0,1,1
1,4.359949021420038,0.38889347741837,RD1_F5_m5f2_P5_Y86_UO359,RD5_F1_m5f1_P5_Y84_UO101,RD2_F9_m2f6_P2_Y84_UO43,FXX,1,0.0,0,0,0.0,0,0,0,-9999.0,0.5437974878572902,1,P8_CV0,1,0,2,2,0
1,4.359949021420038,0.38889347741837,RD1_F5_m5f2_P5_Y86_UO360,RD5_F1_m5f1_P5_Y84_UO101,RD2_F9_m2f6_P2_Y84_UO43,MXY,1,0.0,0,0,0.0,0,0,0,-9999.0,0.5437974878572902,1,P8_CV0,1,0,2,2,0
1,4.359949021420038,0.38889347741837,RD1_F5_m5f3_P5_Y86_UO406,RD5_F1_m5f1_P5_Y84_UO167,RD3_F6_m2f5_P2_Y84_UO164,MXY,1,0.0,0,0,0.0,0,0,0,-9999.0,0.5437972637449491,1,P8_CV0,1,1,1,1,1
1,4.359949021420038,0.38889347741837,RD1_F5_m5f3_P5_Y86_UO407,RD5_F1_m5f1_P5_Y84_UO167,RD3_F6_m2f5_P2_Y84_UO164,FXX,1,0.0,0,0,0.0,0,0,0,-9999.0,0.5437972637449491,1,P8_CV0,1,1,1,2,0
1,4.359949021420038,0.38889347741837,RD1_F5_m5f3_P5_Y86_UO408,RD5_F1_m5f1_P5_Y84_UO167,RD3_F6_m2f5_P2_Y84_UO164,FXX,1,0.0,0,0,0.0,0,0,0,-9999.0,0.5437972637449491,1,P8_CV0,1,2,0,1,1
1,4.359949021420038,0.38889347741837,RD1_F5_m5f1_P5_Y86_UO457,RD5_F3_m7f3_P7_Y84_UO479,RD1_F5_m1f5_P1_Y84_UO227,MXY,1,0.0,0,0,0.0,0,0,0,-9999.0,0.5437977000063654,1,P8_CV0,1,1,1,0,2
1,4.359949021420038,0.38889347741837,RD1_F5_m5f2_P5_Y84_UO175,RD5_F1_m5f1_P5_Y82_UO661,RD2_F9_m6f2_P6_Y82_UO435,FXX,3,0.0,1,0,1.0,0,0,0,-9999.0,0.5437978664652974,1,P8_CV0,1,1,1,1,1
1,4.359949021420038,0.38889347741837,RD1_F5_m6f3_P6_Y84_UO672,RD6_F9_m6f2_P6_Y82_UO499,RD3_F7_m4f7_P4_Y82_UO119,MXY,3,0.0,1,0,0.0,0,0,0,-9999.0,0.543797303196925,1,P8_CV0,1,1,1,2,0
2,5.496624778787091,6.529835889274153,RD2_F9_m9f2_P9_Y86_UO527,RD9_F2_m9f2_P9_Y84_UO530,RD2_F9_m2f5_P2_Y84_UO22,FXX,1,0.0,0,0,0.0,0,0,0,-9999.0,0.5437975727981552,1,P1_CV0,1,1,1,2,0
2,5.496624778787091,6.529835889274153,RD2_F6_m6f9_P6_Y86_UO156,RD6_F9_m6f2_P6_Y84_UO377,RD9_F2_m9f2_P9_Y84_UO325,MXY,1,0.0,0,0,0.0,0,0,0,-9999.0,0.5437977557270699,1,P1_CV0,1,1,1,1,1
2,5.496624778787091,6.529835889274153,RD2_F6_m6f2_P6_Y86_UO29,RD6_F9_m2f5_P2_Y84_UO511,RD2_F3_m5f1_P5_Y84_UO409,FXX,1,0.0,0,0,0.0,0,0,0,-9999.0,0.5437976034145038,1,P1_CV0,1,2,0,1,1
2,5.496624778787091,6.529835889274153,RD2_F9_m9f2_P9_Y86_UO529,RD9_F2_m9f2_P9_Y84_UO530,RD2_F9_m2f5_P2_Y84_UO22,MXY,1,0.0,0,0,0.0,0,0,0,-9999.0,0.5437975727981552,1,P1_CV0,1,2,0,2,0
2,5.496624778787091,6.529835889274153,RD2_F9_m9f2_P9_Y86_UO56,RD9_F2_m9f6_P9_Y84_UO160,RD2_F3_m7f4_P7_Y84_UO92,MXY,1,0.0,0,0,0.0,0,0,0,-9999.0,0.5437976940505109,1,P1_CV0,1,2,0,1,1
2,5.496624778787091,6.529835889274153,RD2_F9_m9f2_P9_Y86_UO57,RD9_F2_m9f6_P9_Y84_UO160,RD2_F3_m7f4_P7_Y84_UO92,MXY,1,0.0,0,0,0.0,0,0,0,-9999.0,0.5437976940505109,1,P1_CV0,1,2,0,1,1
2,5.496624778787091,6.529835889274153,RD2_F3_m3f6_P3_Y86_UO678,RD3_F2_m5f1_P5_Y84_UO384,RD6_F9_m6f3_P6_Y84_UO286,MXY,1,0.0,0,0,0.0,0,0,0,-9999.0,0.5437977555814939,1,P1_CV0,1,2,0,1,1
2,5.496624778787091,6.529835889274153,RD2_F5_m5f1_P5_Y86_UO241,RD5_F3_m5f3_P5_Y84_UO662,RD1_F5_m1f5_P1_Y84_UO170,FXX,1,0.0,0,0,0.0,0,0,0,-9999.0,0.5437978508041681,1,P1_CV0,1,1,1,0,2
2,5.496624778787091,6.529835889274153,RD2_F5_m5f2_P5_Y86_UO259,RD5_F1_m5f1_P5_Y84_UO645,RD2_F6_m9f2_P9_Y84_UO461,FXX,1,0.0,0,0,0.0,0,0,0,-9999.0,0.5437976106112501,1,P1_CV0,1,0,2,0,2
2,5.496624778787091,6.529835889274153,RD2_F9_m9f6_P9_Y86_UO295,RD9_F6_m9f2_P9_Y84_UO529,RD6_F9_m6f9_P6_Y84_UO712,MXY,1,0.0,0,0,0.0,0,0,0,-9999.0,0.5437977276775428,1,P1_CV0,1,1,1,1,1
2,5.496624778787091,6.529835889274153,RD2_F9_m9f2_P9_Y86_UO526,RD9_F2_m9f2_P9_Y84_UO530,RD2_F9_m2f5_P2_Y84_UO22,FXX,1,0.0,0,0,0.0,0,0,0,-9999.0,0.5437975727981552,1,P1_CV0,1,2,0,2,0
2,5.496624778787091,6.529835889274153,RD2_F9_m9f6_P9_Y86_UO294,RD9_F6_m9f2_P9_Y84_UO529,RD6_F9_m6f9_P6_Y84_UO712,FXX,1,0.0,0,0,0.0,0,0,0,-9999.0,0.5437977276775428,1,P1_CV0,1,1,1,1,1
2,5.496624778787091,6.529835889274153,RD2_F9_m3f5_P3_Y84_UO574,RD3_F7_m4f7_P4_Y82_UO376,RD5_F1_m5f1_P5_Y82_UO563,MXY,3,0.0,1,0,0.0,0,0,0,-9999.0,0.5437972986061936,1,P1_CV0,1,0,2,1,1
2,5.496624778787091,6.529835889274153,RD2_F9_m9f6_P9_Y86_UO47,RD9_F6_m3f5_P3_Y84_UO129,RD6_F2_m3f2_P3_Y84_UO660,MXY,1,0.0,0,0,0.0,0,0,0,-9999.0,0.5437975819909582,1,P3_CV0,1,0,2,2,0
2,5.496624778787091,6.529835889274153,RD2_F9_m9f6_P9_Y86_UO16,RD9_F6_m9f6_P9_Y84_UO215,RD6_F9_m6f3_P6_Y84_UO586,FXX,1,0.0,0,0,0.0,0,0,0,-9999.0,0.5437979825466073,1,P3_CV0,1,1,1,1,1
2,5.496624778787091,6.529835889274153,RD2_F5_m5f3_P5_Y86_UO14,RD5_F3_m6f9_P6_Y84_UO426,RD3_F6_m3f6_P3_Y84_UO225,MXY,1,0.0,0,0,0.0,0,0,0,-9999.0,0.5437974073018097,1,P3_CV0,1,1,1,2,0
2,5.496624778787091,6.529835889274153,RD2_F6_m6f9_P6_Y86_UO735,RD6_F9_m2f5_P2_Y84_UO438,RD9_F2_m9f2_P9_Y84_UO337,FXX,1,0.0,0,0,0.0,0,0,0,-9999.0,0.5437981464840504,1,P3_CV0,1,1,1,2,0
2,5.496624778787091,6.529835889274153,RD2_F3_m3f6_P3_Y86_UO372,RD3_F6_m9f6_P9_Y84_UO491,RD6_F9_m6f9_P6_Y84_UO761,FXX,1,0.0,0,0,0.0,0,0,0,-9999.0,0.5437979478849684,1,P3_CV0,1,2,0,1,1
2,5.496624778787091,6.529835889274153,RD2_F5_m5f3_P5_Y86_UO13,RD5_F3_m6f9_P6_Y84_UO426,RD3_F6_m3f6_P3_Y84_UO225,MXY,1,0.0,0,0,0.0,0,0,0,-9999.0,0.5437974073018097,1,P3_CV0,1,1,1,2,0
2,5.496624778787091,6.529835889274153,RD2_F9_m9f2_P9_Y86_UO728,RD9_F6_m9f2_P9_Y84_UO515,RD2_F3_m7f3_P7_Y84_UO558,FXX,1,0.0,0,0,0.0,0,0,0,-9999.0,0.5437976819551409,1,P3_CV0,1,0,2,0,2
2,5.496624778787091,6.529835889274153,RD2_F6_m6f9_P6_Y86_UO594,RD6_F2_m9f6_P9_Y84_UO266,RD9_F2_m9f2_P9_Y84_UO337,FXX,1,0.0,0,0,0.0,0,0,0,-9999.0,0.5437979941931985,1,P3_CV0,1,1,1,2,0
2,5.496624778787091,6.529835889274153,RD2_F6_m6f3_P6_Y86_UO44,RD6_F9_m2f5_P2_Y84_UO564,RD3_F5_m1f5_P1_Y84_UO54,MXY,1,0.0,0,0,0.0,0,0,0,-9999.0,0.5437977835536572,1,P3_CV0,1,1,1,1,1
2,5.496624778787091,6.529835889274153,RD2_F9_m9f6_P9_Y86_UO663,RD9_F6_m3f5_P3_Y84_UO129,RD6_F9_m6f9_P6_Y84_UO82,FXX,1,0.0,0,0,0.0,0,0,0,-9999.0,0.5437971740932426,1,P3_CV0,1,1,1,1,1
2,5.496624778787091,6.529835889274153,RD2_F6_m6f9_P6_Y86_UO595,RD6_F2_m9f6_P9_Y84_UO266,RD9_F2_m9f2_P9_Y84_UO337,MXY,1,0.0,0,0,0.0,0,0,0,-9999.0,0.5437979941931985,1,P3_CV0,1,0,2,1,1
2,5.496624778787091,6.529835889274153,RD2_F6_m6f9_P6_Y86_UO593,RD6_F2_m9f6_P9_Y84_UO266,RD9_F2_m9f2_P9_Y84_UO337,MXY,1,0.0,0,0,0.0,0,0,0,-9999.0,0.5437979941931985,1,P3_CV0,1,0,2,1,1
2,5.496624778787091,6.529835889274153,RD2_F3_m3f6_P3_Y86_UO373,RD3_F6_m9f6_P9_Y84_UO491,RD6_F9_m6f9_P6_Y84_UO761,FXX,1,0.0,0,0,0.0,0,0,0,-9999.0,0.5437979478849684,1,P3_CV0,1,2,0,1,1
2,5.496624778787091,6.529835889274153,RD2_F6_m6f3_P6_Y86_UO105,RD6_F2_m5f3_P5_Y84_UO794,RD3_F7_m3f2_P3_Y84_UO619,MXY,1,0.0,0,0,0.0,0,0,0,-9999.0,0.543798136493109,1,P3_CV0,1,1,1,1,1
2,5.496624778787091,6.529835889274153,RD2_F9_m9f6_P9_Y86_UO324,RD9_F6_m9f6_P9_Y84_UO145,RD6_F9_m6f2_P6_Y84_UO375,FXX,1,0.0,0,0,0.0,0,0,0,-9999.0,0.5437978902520229,1,P3_CV0,1,1,1,2,0
2,5.496624778787091,6.529835889274153,RD2_F3_m3f6_P3_Y86_UO509,RD3_F2_m6f9_P6_Y84_UO762,RD6_F2_m6f2_P6_Y84_UO625,FXX,1,0.0,0,0,0.0,0,0,0,-9999.0,0.5437977230581339,1,P3_CV0,1,1,1,1,1
2,5.496624778787091,6.529835889274153,RD2_F9_m9f6_P9_Y86_UO662,RD9_F6_m3f5_P3_Y84_UO129,RD6_F9_m6f9_P6_Y84_UO82,FXX,1,0.0,0,0,0.0,0,0,0,-9999.0,0.5437971740932426,1,P3_CV0,1,1,1,1,1
2,5.496624778787091,6.529835889274153,RD2_F9_m9f6_P9_Y86_UO83,RD9_F6_m9f6_P9_Y84_UO493,RD6_F3_m6f3_P6_Y84_UO546,MXY,1,0.0,0,0,0.0,0,0,0,-9999.0,0.5437979316524206,1,P3_CV0,1,2,0,1,1
2,5.496624778787091,6.529835889274153,RD2_F6_m2f3_P2_Y84_UO403,RD2_F6_m3f7_P3_Y82_UO109,RD3_F7_m3f2_P3_Y82_UO340,FXX,3,0.0,1,0,1.0,0,0,0,-9999.0,0.5437983348390958,1,P3_CV0,1,2,0,2,0
2,5.496624778787091,6.529835889274153,RD2_F9_m9f2_P9_Y84_UO789,RD9_F6_m9f2_P9_Y82_UO247,RD2_F9_m6f3_P6_Y82_UO138,MXY,3,0.0,1,0,0.0,0,0,0,-9999.0,0.5437980173329606,1,P3_CV0,1,2,0,2,0
2,5.496624778787091,6.529835889274153,RD2_F5_m5f3_P5_Y84_UO317,RD5_F1_m5f1_P5_Y82_UO38,RD3_F7_m4f7_P4_Y82_UO657,MXY,3,0.0,1,0,0.0,0,0,0,-9999.0,0.5437985617196546,1,P3_CV0,1,1,1,2,0
2,5.496624778787091,6.529835889274153,RD2_F3_m9f6_P9_Y84_UO491,RD9_F6_m9f6_P9_Y82_UO207,RD6_F9_m6f9_P6_Y82_UO410,FXX,3,0.0,1,0,1.0,0,0,0,-9999.0,0.5437981396514715,1,P3_CV0,1,2,0,1,1
2,5.496624778787091,6.529835889274153,RD2_F6_m6f2_P6_Y86_UO755,RD6_F3_m7f4_P7_Y84_UO152,RD2_F9_m6f2_P6_Y84_UO757,FXX,1,0.0,0,0,0.0,0,0,0,-9999.0,0.543798353736122,1,P4_CV0,1,2,0,2,0
2,5.496624778787091,6.529835889274153,RD2_F6_m6f3_P6_Y86_UO302,RD6_F2_m3f2_P3_Y84_UO618,RD3_F7_m4f8_P4_Y84_UO722,MXY,1,0.0,0,0,0.0,0,0,0,-9999.0,0.5437978666165861,1,P4_CV0,1,2,0,2,0
2,5.496624778787091,6.529835889274153,RD2_F9_m9f2_P9_Y86_UO188,RD9_F6_m9f6_P9_Y84_UO257,RD2_F5_m1f5_P1_Y84_UO307,FXX,1,0.0,0,0,0.0,0,0,0,-9999.0,0.543797763323397,1,P4_CV0,1,2,0,1,1
2,5.496624778787091,6.529835889274153,RD2_F9_m9f2_P9_Y86_UO177,RD9_F2_m9f6_P9_Y84_UO142,RD2_F3_m7f4_P7_Y84_UO539,FXX,1,0.0,0,0,0.0,0,0,0,-9999.0,0.5437980811035743,1,P4_CV0,1,1,1,0,2
2,5.496624778787091,6.529835889274153,RD2_F3_m3f7_P3_Y86_UO544,RD3_F2_m3f5_P3_Y84_UO342,RD7_F3_m2f9_P2_Y84_UO47,MXY,1,0.0,0,0,0.0,0,0,0,-9999.0,0.5437974646422674,1,P4_CV0,1,1,1,0,2
2,5.496624778787091,6.529835889274153,RD2_F9_m9f2_P9_Y86_UO410,RD9_F2_m3f2_P3_Y84_UO720,RD2_F9_m6f2_P6_Y84_UO635,FXX,1,0.0,0,0,0.0,0,0,0,-9999.0,0.5437976255309422,1,P4_CV0,1,1,1,1,1
2,5.496624778787091,6.529835889274153,RD2_F6_m6f3_P6_Y86_UO386,RD6_F9_m6f3_P6_Y84_UO174,RD3_F7_m4f8_P4_Y84_UO722,MXY,1,0.0,0,0,0.0,0,0,0,-9999.0,0.5437978767977825,1,P4_CV0,1,2,0,2,0
2,5.496624778787091,6.529835889274153,RD2_F9_m9f2_P9_Y86_UO69,RD9_F6_m9f6_P9_Y84_UO145,RD2_F6_m9f6_P9_Y84_UO704,MXY,1,0.0,0,0,0.0,0,0,0,-9999.0,0.5437976630522314,1,P4_CV0,1,2,0,1,1
2,5.496624778787091,6.529835889274153,RD2_F3_m3f6_P3_Y86_UO510,RD3_F2_m6f9_P6_Y84_UO762,RD6_F2_m6f2_P6_Y84_UO625,MXY,1,0.0,0,0,0.0,0,0,0,-9999.0,0.5437977230581339,1,P4_CV0,1,1,1,2,0
2,5.496624778787091,6.529835889274153,RD2_F5_m5f2_P5_Y86_UO507,RD5_F3_m6f9_P6_Y84_UO426,RD2_F9_m6f3_P6_Y84_UO2,FXX,1,0.0,0,0,0.0,0,0,0,-9999.0,0.543797559099545,1,P4_CV0,1,0,2,0,2
2,5.496624778787091,6.529835889274153,RD2_F9_m9f6_P9_Y86_UO376,RD9_F6_m3f2_P3_Y84_UO813,RD6_F9_m6f3_P6_Y84_UO35,FXX,1,0.0,0,0,0.0,0,0,0,-9999.0,0.5437975996223656,1,P4_CV0,1,2,0,2,0
2,5.496624778787091,6.529835889274153,RD2_F9_m9f6_P9_Y86_UO454,RD9_F2_m9f6_P9_Y84_UO268,RD6_F2_m9f2_P9_Y84_UO690,MXY,1,0.0,0,0,0.0,0,0,0,-9999.0,0.5437977808085463,1,P4_CV0,1,1,1,2,0
2,5.496624778787091,6.529835889274153,RD2_F9_m9f6_P9_Y86_UO617,RD9_F6_m2f3_P2_Y84_UO615,RD6_F9_m6f3_P6_Y84_UO500,MXY,1,0.0,0,0,0.0,0,0,0,-9999.0,0.5437972040045906,1,P4_CV0,1,1,1,0,2
2,5.496624778787091,6.529835889274153,RD2_F6_m6f3_P6_Y86_UO218,RD6_F2_m9f6_P9_Y84_UO266,RD3_F5_m1f5_P1_Y84_UO275,MXY,1,0.0,0,0,0.0,0,0,0,-9999.0,0.5437978777974593,1,P4_CV0,1,0,2,2,0
2,5.496624778787091,6.529835889274153,RD2_F3_m3f5_P3_Y86_UO532,RD3_F6_m2f6_P2_Y84_UO412,RD5_F1_m5f3_P5_Y84_UO661,MXY,1,0.0,0,0,0.0,0,0,0,-9999.0,0.5437978620287538,1,P4_CV0,1,1,1,1,1
2,5.496624778787091,6.529835889274153,RD2_F5_m5f3_P5_Y86_UO712,RD5_F2_m9f2_P9_Y84_UO514,RD3_F6_m2f3_P2_Y84_UO63,FXX,1,0.0,0,0,0.0,0,0,0,-9999.0,0.5437976087628442,1,P4_CV0,1,2,0,2,0
2,5.496624778787091,6.529835889274153,RD2_F9_m9f6_P9_Y86_UO73,RD9_F2_m6f3_P6_Y84_UO282,RD6_F2_m3f5_P3_Y84_UO675,MXY,1,0.0,0,0,0.0,0,0,0,-9999.0,0.5437976302862921,1,P4_CV0,1,2,0,1,1
2,5.496624778787091,6.529835889274153,RD2_F9_m9f6_P9_Y86_UO193,RD9_F6_m9f6_P9_Y84_UO797,RD6_F3_m6f9_P6_Y84_UO367,FXX,1,0.0,0,0,0.0,0,0,0,-9999.0,0.5437978405798845,1,P4_CV0,1,1,1,1,1
2,5.496624778787091,6.529835889274153,RD2_F6_m6f2_P6_Y86_UO11,RD6_F2_m9f6_P9_Y84_UO106,RD2_F3_m7f4_P7_Y84_UO539,FXX,1,0.0,0,0,0.0,0,0,0,-9999.0,0.5437978282656672,1,P4_CV0,1,1,1,1,1
2,5.496624778787091,6.529835889274153,RD2_F5_m5f1_P5_Y86_UO90,RD5_F1_m5f1_P5_Y84_UO645,RD1_F5_m1f5_P1_Y84_UO279,FXX,1,0.0,0,0,0.0,0,0,0,-9999.0,0.5437978010050131,1,P4_CV0,1,1,1,1,1
2,5.496624778787091,6.529835889274153,RD2_F9_m9f2_P9_Y86_UO187,RD9_F6_m9f6_P9_Y84_UO257,RD2_F5_m1f5_P1_Y84_UO307,MXY,1,0.0,0,0,0.0,0,0,0,-9999.0,0.543797763323397,1,P4_CV0,1,2,0,1,1
2,5.496624778787091,6.529835889274153,RD2_F6_m6f9_P6_Y86_UO736,RD6_F9_m2f5_P2_Y84_UO438,RD9_F2_m9f2_P9_Y84_UO337,FXX,1,0.0,0,0,0.0,0,0,0,-9999.0,0.5437981464840504,1,P4_CV0,1,1,1,2,0
2,5.496624778787091,6.529835889274153,RD2_F3_m3f5_P3_Y86_UO119,RD3_F6_m9f6_P9_Y84_UO791,RD5_F1_m5f3_P5_Y84_UO408,MXY,1,0.0,0,0,0.0,0,0,0,-9999.0,0.5437978281748315,1,P4_CV0,1,2,0,2,0
2,5.496624778787091,6.529835889274153,RD2_F9_m9f2_P9_Y86_UO115,RD9_F2_m3f2_P3_Y84_UO720,RD2_F9_m6f2_P6_Y84_UO635,FXX,1,0.0,0,0,0.0,0,0,0,-9999.0,0.5437976255309422,1,P4_CV0,1,1,1,1,1
2,5.496624778787091,6.529835889274153,RD2_F5_m5f2_P5_Y86_UO160,RD5_F1_m5f1_P5_Y84_UO645,RD2_F6_m9f2_P9_Y84_UO513,MXY,1,0.0,0,0,0.0,0,0,0,-9999.0,0.5437975913018818,1,P4_CV0,1,0,2,0,2
2,5.496624778787091,6.529835889274153,RD2_F5_m5f3_P5_Y86_UO713,RD5_F2_m9f2_P9_Y84_UO514,RD3_F6_m2f3_P2_Y84_UO63,MXY,1,0.0,0,0,0.0,0,0,0,-9999.0,0.5437976087628442,1,P4_CV0,1,2,0,0,2
2,5.496624778787091,6.529835889274153,RD2_F9_m9f2_P9_Y86_UO248,RD9_F2_m3f6_P3_Y84_UO593,RD2_F9_m6f2_P6_Y84_UO724,MXY,1,0.0,0,0,0.0,0,0,0,-9999.0,0.5437972708744496,1,P4_CV0,1,1,1,1,1
2,5.496624778787091,6.529835889274153,RD2_F6_m6f2_P6_Y86_UO315,RD6_F9_m6f3_P6_Y84_UO174,RD2_F6_m9f6_P9_Y84_UO244,FXX,1,0.0,0,0,0.0,0,0,0,-9999.0,0.5437978275621731,1,P4_CV0,1,2,0,2,0
2,5.496624778787091,6.529835889274153,RD2_F6_m6f2_P6_Y86_UO757,RD6_F9_m6f3_P6_Y84_UO728,RD2_F9_m6f3_P6_Y84_UO1,MXY,1,0.0,0,0,0.0,0,0,0,-9999.0,0.5437976946934668,1,P4_CV0,1,0,2,2,0
2,5.496624778787091,6.529835889274153,RD2_F9_m9f2_P9_Y86_UO117,RD9_F2_m3f2_P3_Y84_UO720,RD2_F9_m6f2_P6_Y84_UO635,FXX,1,0.0,0,0,0.0,0,0,0,-9999.0,0.5437976255309422,1,P4_CV0,1,0,2,1,1
2,5.496624778787091,6.529835889274153,RD2_F9_m9f6_P9_Y86_UO244,RD9_F6_m3f5_P3_Y84_UO129,RD6_F9_m6f2_P6_Y84_UO634,FXX,1,0.0,0,0,0.0,0,0,0,-9999.0,0.5437975333090321,1,P4_CV0,1,1,1,2,0
2,5.496624778787091,6.529835889274153,RD2_F3_m3f6_P3_Y86_UO148,RD3_F7_m4f7_P4_Y84_UO759,RD6_F9_m6f9_P6_Y84_UO712,MXY,1,0.0,0,0,0.0,0,0,0,-9999.0,0.5437978744316752,1,P4_CV0,1,1,1,1,1
2,5.496624778787091,6.529835889274153,RD2_F5_m5f1_P5_Y86_UO462,RD5_F1_m5f1_P5_Y84_UO167,RD1_F5_m2f5_P2_Y84_UO220,FXX,1,0.0,0,0,0.0,0,0,0,-9999.0,0.5437972906204607,1,P4_CV0,1,2,0,0,2
2,5.496624778787091,6.529835889274153,RD2_F9_m9f2_P9_Y86_UO476,RD9_F2_m9f6_P9_Y84_UO159,RD2_F9_m6f2_P6_Y84_UO648,MXY,1,0.0,0,0,0.0,0,0,0,-9999.0,0.5437975700800735,1,P4_CV0,1,2,0,1,1
2,5.496624778787091,6.529835889274153,RD2_F3_m3f6_P3_Y84_UO680,RD3_F5_m1f5_P1_Y82_UO361,RD6_F9_m2f9_P2_Y82_UO234,MXY,3,0.0,1,0,0.0,0,0,0,-9999.0,0.5437978281031519,1,P4_CV0,1,1,1,1,1
2,5.496624778787091,6.529835889274153,RD2_F9_m2f5_P2_Y84_UO475,RD2_F6_m3f6_P3_Y82_UO666,RD5_F3_m5f2_P5_Y82_UO646,FXX,3,0.0,1,0,1.0,0,0,0,-9999.0,0.5437975398233448,1,P4_CV0,1,2,0,1,1
2,5.496624778787091,6.529835889274153,RD2_F3_m3f6_P3_Y86_UO152,RD3_F7_m4f7_P4_Y84_UO759,RD6_F9_m6f9_P6_Y84_UO712,MXY,1,0.0,0,0,0.0,0,0,0,-9999.0,0.5437978744316752,1,P6_CV0,1,1,1,1,1
2,5.496624778787091,6.529835889274153,RD2_F5_m5f3_P5_Y86_UO253,RD5_F1_m5f2_P5_Y84_UO506,RD3_F7_m4f8_P4_Y84_UO550,FXX,1,0.0,0,0,0.0,0,0,0,-9999.0,0.5437980382580463,1,P6_CV0,1,0,2,1,1
2,5.496624778787091,6.529835889274153,RD2_F6_m6f9_P6_Y86_UO669,RD6_F9_m6f3_P6_Y84_UO548,RD9_F6_m3f5_P3_Y84_UO340,FXX,1,0.0,0,0,0.0,0,0,0,-9999.0,0.543797865508509,1,P6_CV0,1,0,2,0,2
2,5.496624778787091,6.529835889274153,RD2_F9_m9f2_P9_Y86_UO308,RD9_F2_m9f6_P9_Y84_UO160,RD2_F9_m2f6_P2_Y84_UO43,MXY,1,0.0,0,0,0.0,0,0,0,-9999.0,0.5437975909163413,1,P8_CV0,1,1,1,2,0
2,5.496624778787091,6.529835889274153,RD2_F9_m9f6_P9_Y86_UO43,RD9_F6_m9f6_P9_Y84_UO257,RD6_F2_m3f7_P3_Y84_UO218,MXY,1,0.0,0,0,0.0,0,0,0,-9999.0,0.5437980075249413,1,P8_CV0,1,2,0,2,0
2,5.496624778787091,6.529835889274153,RD2_F9_m9f2_P9_Y86_UO706,RD9_F2_m9f6_P9_Y84_UO379,RD2_F9_m6f9_P6_Y84_UO83,FXX,1,0.0,0,0,0.0,0,0,0,-9999.0,0.5437970704859652,1,P8_CV0,1,2,0,1,1
2,5.496624778787091,6.529835889274153,RD2_F9_m9f2_P9_Y86_UO309,RD9_F2_m9f6_P9_Y84_UO160,RD2_F9_m2f6_P2_Y84_UO43,FXX,1,0.0,0,0,0.0,0,0,0,-9999.0,0.5437975909163413,1,P8_CV0,1,0,2,1,1
2,5.496624778787091,6.529835889274153,RD2_F9_m9f2_P9_Y86_UO301,RD9_F2_m9f6_P9_Y84_UO142,RD2_F6_m3f2_P3_Y84_UO807,MXY,1,0.0,0,0,0.0,0,0,0,-9999.0,0.5437979663830959,1,P8_CV0,1,1,1,0,2
2,5.496624778787091,6.529835889274153,RD2_F9_m9f6_P9_Y86_UO455,RD9_F2_m9f6_P9_Y84_UO268,RD6_F2_m9f2_P9_Y84_UO690,MXY,1,0.0,0,0,0.0,0,0,0,-9999.0,0.5437977808085463,1,P8_CV0,1,1,1,2,0
2,5.496624778787091,6.529835889274153,RD2_F6_m6f9_P6_Y86_UO139,RD6_F2_m6f2_P6_Y84_UO117,RD9_F6_m9f6_P9_Y84_UO265,FXX,1,0.0,0,0,0.0,0,0,0,-9999.0,0.5437977385712429,1,P8_CV0,1,1,1,2,0
2,5.496624778787091,6.529835889274153,RD2_F5_m5f1_P5_Y86_UO463,RD5_F1_m5f1_P5_Y84_UO167,RD1_F5_m2f5_P2_Y84_UO220,FXX,1,0.0,0,0,0.0,0,0,0,-9999.0,0.5437972906204607,1,P8_CV0,1,2,0,1,1
2,5.496624778787091,6.529835889274153,RD2_F5_m5f1_P5_Y86_UO464,RD5_F1_m5f1_P5_Y84_UO167,RD1_F5_m2f5_P2_Y84_UO220,FXX,1,0.0,0,0,0.0,0,0,0,-9999.0,0.5437972906204607,1,P8_CV0,1,2,0,1,1
2,5.496624778787091,6.529835889274153,RD2_F9_m9f2_P9_Y86_UO299,RD9_F2_m9f6_P9_Y84_UO142,RD2_F6_m3f2_P3_Y84_UO807,MXY,1,0.0,0,0,0.0,0,0,0,-9999.0,0.5437979663830959,1,P8_CV0,1,2,0,1,1
2,5.496624778787091,6.529835889274153,RD2_F6_m6f9_P6_Y86_UO137,RD6_F2_m6f2_P6_Y84_UO117,RD9_F6_m9f6_P9_Y84_UO265,FXX,1,0.0,0,0,0.0,0,0,0,-9999.0,0.5437977385712429,1,P8_CV0,1,2,0,2,0
2,5.496624778787091,6.529835889274153,RD2_F5_m5f3_P5_Y86_UO184,RD5_F2_m9f2_P9_Y84_UO323,RD3_F2_m6f2_P6_Y84_UO758,MXY,1,0.0,0,0,0.0,0,0,0,-9999.0,0.5437977791087576,1,P8_CV0,1,1,1,1,1
2,5.496624778787091,6.529835889274153,RD2_F9_m9f2_P9_Y86_UO709,RD9_F6_m9f2_P9_Y84_UO336,RD2_F9_m6f2_P6_Y84_UO648,FXX,1,0.0,0,0,0.0,0,0,0,-9999.0,0.54379786190961,1,P8_CV0,1,2,0,1,1
2,5.496624778787091,6.529835889274153,RD2_F6_m6f2_P6_Y86_UO319,RD6_F9_m6f3_P6_Y84_UO174,RD2_F6_m9f6_P9_Y84_UO244,MXY,1,0.0,0,0,0.0,0,0,0,-9999.0,0.5437978275621731,1,P8_CV0,1,2,0,1,1
2,5.496624778787091,6.529835889274153,RD2_F9_m9f2_P9_Y86_UO432,RD9_F6_m9f6_P9_Y84_UO493,RD2_F6_m2f6_P2_Y84_UO258,MXY,1,0.0,0,0,0.0,0,0,0,-9999.0,0.5437976951599524,1,P8_CV0,1,2,0,1,1
2,5.496624778787091,6.529835889274153,RD2_F3_m3f5_P3_Y86_UO751,RD3_F2_m3f5_P3_Y84_UO342,RD5_F2_m6f2_P6_Y84_UO647,MXY,1,0.0,0,0,0.0,0,0,0,-9999.0,0.5437976900103934,1,P8_CV0,1,1,1,0,2
2,5.496624778787091,6.529835889274153,RD2_F3_m1f5_P1_Y84_UO226,RD1_F5_m1f5_P1_Y82_UO362,RD5_F1_m5f1_P5_Y82_UO722,MXY,3,0.0,1,0,0.0,0,0,0,-9999.0,0.5437976240621651,1,P8_CV0,1,1,1,0,2
3,4.20367802087489,4.955022315058112,RD3_F2_m2f9_P2_Y86_UO59,RD2_F3_m5f3_P5_Y84_UO33,RD9_F2_m9f6_P9_Y84_UO141,FXX,1,0.0,0,0,0.0,0,0,0,-9999.0,0.5437984497138189,1,P1_CV0,1,2,0,1,1
3,4.20367802087489,4.955022315058112,RD3_F2_m2f3_P2_Y86_UO435,RD2_F6_m9f2_P9_Y84_UO531,RD3_F5_m1f5_P1_Y84_UO54,FXX,1,0.0,0,0,0.0,0,0,0,-9999.0,0.5437976988289392,1,P1_CV0,1,2,0,1,1
3,4.20367802087489,4.955022315058112,RD3_F2_m2f5_P2_Y86_UO716,RD2_F6_m9f2_P9_Y84_UO531,RD5_F2_m9f6_P9_Y84_UO796,FXX,1,0.0,0,0,0.0,0,0,0,-9999.0,0.5437976351994962,1,P1_CV0,1,2,0,0,2
3,4.20367802087489,4.955022315058112,RD3_F5_m5f3_P5_Y86_UO747,RD5_F1_m5f2_P5_Y84_UO273,RD3_F6_m3f6_P3_Y84_UO225,FXX,1,0.0,0,0,0.0,0,0,0,-9999.0,0.5437974239023049,1,P1_CV0,1,2,0,2,0
3,4.20367802087489,4.955022315058112,RD3_F6_m6f9_P6_Y86_UO88,RD6_F9_m2f5_P2_Y84_UO521,RD9_F6_m3f2_P3_Y84_UO812,FXX,1,0.0,0,0,0.0,0,0,0,-9999.0,0.5437973838905918,1,P1_CV0,1,2,0,2,0
3,4.20367802087489,4.955022315058112,RD3_F6_m6f9_P6_Y86_UO89,RD6_F9_m2f5_P2_Y84_UO521,RD9_F6_m3f2_P3_Y84_UO812,FXX,1,0.0,0,0,0.0,0,0,0,-9999.0,0.5437973838905918,1,P1_CV0,1,1,1,2,0
3,4.20367802087489,4.955022315058112,RD3_F7_m7f3_P7_Y86_UO166,RD7_F3_m2f9_P2_Y84_UO191,RD3_F6_m3f6_P3_Y84_UO225,FXX,1,0.0,0,0,0.0,0,0,0,-9999.0,0.5437973921557955,1,P1_CV0,1,1,1,2,0
3,4.20367802087489,4.955022315058112,RD3_F7_m7f4_P7_Y86_UO460,RD7_F3_m7f4_P7_Y84_UO151,RD4_F8_m4f8_P4_Y84_UO17,MXY,1,0.0,0,0,0.0,0,0,0,-9999.0,0.5437984296456477,1,P1_CV0,1,2,0,1,1
3,4.20367802087489,4.955022315058112,RD3_F7_m7f3_P7_Y86_UO611,RD7_F3_m6f3_P6_Y84_UO487,RD3_F7_m4f7_P4_Y84_UO563,MXY,1,0.0,0,0,0.0,0,0,0,-9999.0,0.5437978573905298,1,P1_CV0,1,1,1,1,1
3,4.20367802087489,4.955022315058112,RD3_F7_m7f3_P7_Y86_UO614,RD7_F3_m6f3_P6_Y84_UO487,RD3_F7_m4f7_P4_Y84_UO563,FXX,1,0.0,0,0,0.0,0,0,0,-9999.0,0.5437978573905298,1,P1_CV0,1,0,2,1,1
3,4.20367802087489,4.955022315058112,RD3_F7_m7f3_P7_Y86_UO659,RD7_F4_m8f4_P8_Y84_UO747,RD3_F6_m9f2_P9_Y84_UO349,MXY,1,0.0,0,0,0.0,0,0,0,-9999.0,0.5437974264087302,1,P1_CV0,1,2,0,2,0
3,4.20367802087489,4.955022315058112,RD3_F7_m7f4_P7_Y86_UO674,RD7_F3_m7f4_P7_Y84_UO770,RD4_F7_m4f7_P4_Y84_UO782,MXY,1,0.0,0,0,0.0,0,0,0,-9999.0,0.5437980031283587,1,P1_CV0,1,2,0,1,1
3,4.20367802087489,4.955022315058112,RD3_F2_m2f3_P2_Y86_UO34,RD2_F9_m2f9_P2_Y84_UO16,RD3_F7_m4f8_P4_Y84_UO722,FXX,1,0.0,0,0,0.0,0,0,0,-9999.0,0.5437976493851124,1,P3_CV0,1,2,0,1,1
3,4.20367802087489,4.955022315058112,RD3_F2_m2f5_P2_Y86_UO307,RD2_F5_m2f5_P2_Y84_UO67,RD5_F3_m7f4_P7_Y84_UO765,MXY,1,0.0,0,0,0.0,0,0,0,-9999.0,0.5437977876930518,1,P3_CV0,1,1,1,2,0
3,4.20367802087489,4.955022315058112,RD3_F5_m5f1_P5_Y86_UO200,RD5_F1_m5f1_P5_Y84_UO101,RD1_F5_m1f5_P1_Y84_UO734,FXX,1,0.0,0,0,0.0,0,0,0,-9999.0,0.543797448896413,1,P3_CV0,1,1,1,1,1
3,4.20367802087489,4.955022315058112,RD3_F5_m5f1_P5_Y86_UO234,RD5_F2_m9f2_P9_Y84_UO798,RD1_F5_m1f5_P1_Y84_UO433,MXY,1,0.0,0,0,0.0,0,0,0,-9999.0,0.543797703601399,1,P3_CV0,1,2,0,0,2
3,4.20367802087489,4.955022315058112,RD3_F5_m5f1_P5_Y86_UO235,RD5_F2_m9f2_P9_Y84_UO798,RD1_F5_m1f5_P1_Y84_UO433,FXX,1,0.0,0,0,0.0,0,0,0,-9999.0,0.543797703601399,1,P3_CV0,1,1,1,1,1
3,4.20367802087489,4.955022315058112,RD3_F5_m5f1_P5_Y86_UO714,RD5_F2_m9f2_P9_Y84_UO798,RD1_F5_m1f5_P1_Y84_UO733,MXY,1,0.0,0,0,0.0,0,0,0,-9999.0,0.5437976853701514,1,P3_CV0,1,1,1,0,2
3,4.20367802087489,4.955022315058112,RD3_F5_m5f1_P5_Y86_UO715,RD5_F2_m9f2_P9_Y84_UO798,RD1_F5_m1f5_P1_Y84_UO733,FXX,1,0.0,0,0,0.0,0,0,0,-9999.0,0.5437976853701514,1,P3_CV0,1,1,1,0,2
3,4.20367802087489,4.955022315058112,RD3_F6_m6f9_P6_Y86_UO107,RD6_F9_m2f5_P2_Y84_UO511,RD9_F6_m3f6_P3_Y84_UO730,FXX,1,0.0,0,0,0.0,0,0,0,-9999.0,0.5437976007558802,1,P3_CV0,1,2,0,1,1
3,4.20367802087489,4.955022315058112,RD3_F6_m6f9_P6_Y86_UO155,RD6_F9_m6f2_P6_Y84_UO377,RD9_F2_m9f2_P9_Y84_UO325,MXY,1,0.0,0,0,0.0,0,0,0,-9999.0,0.5437977557270699,1,P3_CV0,1,2,0,0,2
3,4.20367802087489,4.955022315058112,RD3_F7_m7f3_P7_Y86_UO108,RD7_F4_m8f4_P8_Y84_UO291,RD3_F5_m1f5_P1_Y84_UO54,MXY,1,0.0,0,0,0.0,0,0,0,-9999.0,0.5437975941831894,1,P3_CV0,1,1,1,2,0
3,4.20367802087489,4.955022315058112,RD3_F7_m7f4_P7_Y86_UO208,RD7_F3_m7f4_P7_Y84_UO216,RD4_F7_m3f7_P3_Y84_UO183,MXY,1,0.0,0,0,0.0,0,0,0,-9999.0,0.5437974679873889,1,P3_CV0,1,0,2,1,1
3,4.20367802087489,4.955022315058112,RD3_F7_m7f3_P7_Y86_UO423,RD7_F3_m6f3_P6_Y84_UO487,RD3_F5_m1f5_P1_Y84_UO54,MXY,1,0.0,0,0,0.0,0,0,0,-9999.0,0.5437978689859904,1,P3_CV0,1,1,1,2,0
3,4.20367802087489,4.955022315058112,RD3_F7_m7f4_P7_Y86_UO621,RD7_F3_m2f3_P2_Y84_UO404,RD4_F7_m4f7_P4_Y84_UO782,FXX,1,0.0,0,0,0.0,0,0,0,-9999.0,0.5437982690697254,1,P3_CV0,1,2,0,2,0
3,4.20367802087489,4.955022315058112,RD3_F6_m6f9_P6_Y84_UO761,RD6_F9_m2f5_P2_Y82_UO46,RD9_F2_m3f6_P3_Y82_UO416,MXY,3,0.0,1,0,0.0,0,0,0,-9999.0,0.5437977561184653,1,P3_CV0,1,2,0,2,0
3,4.20367802087489,4.955022315058112,RD3_F2_m2f3_P2_Y86_UO204,RD2_F5_m1f5_P1_Y84_UO75,RD3_F5_m1f5_P1_Y84_UO76,MXY,1,0.0,0,0,0.0,0,0,0,-9999.0,0.5437981318851826,1,P4_CV0,1,1,1,2,0
3,4.20367802087489,4.955022315058112,RD3_F2_m2f6_P2_Y86_UO213,RD2_F3_m5f3_P5_Y84_UO33,RD6_F9_m6f3_P6_Y84_UO586,FXX,1,0.0,0,0,0.0,0,0,0,-9999.0,0.5437981583857834,1,P4_CV0,1,2,0,1,1
3,4.20367802087489,4.955022315058112,RD3_F2_m2f6_P2_Y86_UO339,RD2_F6_m9f6_P9_Y84_UO213,RD6_F9_m2f3_P2_Y84_UO460,MXY,1,0.0,0,0,0.0,0,0,0,-9999.0,0.5437978971210953,1,P4_CV0,1,1,1,1,1
3,4.20367802087489,4.955022315058112,RD3_F2_m2f3_P2_Y86_UO522,RD2_F5_m3f5_P3_Y84_UO808,RD3_F6_m9f2_P9_Y84_UO349,MXY,1,0.0,0,0,0.0,0,0,0,-9999.0,0.5437975761389566,1,P4_CV0,1,1,1,1,1
3,4.20367802087489,4.955022315058112,RD3_F2_m2f6_P2_Y86_UO574,RD2_F9_m6f3_P6_Y84_UO727,RD6_F9_m6f3_P6_Y84_UO501,MXY,1,0.0,0,0,0.0,0,0,0,-9999.0,0.5437975400296295,1,P4_CV0,1,1,1,1,1
3,4.20367802087489,4.955022315058112,RD3_F5_m5f3_P5_Y86_UO53,RD5_F2_m9f6_P9_Y84_UO107,RD3_F7_m4f8_P4_Y84_UO722,MXY,1,0.0,0,0,0.0,0,0,0,-9999.0,0.5437979244248368,1,P4_CV0,1,1,1,1,1
3,4.20367802087489,4.955022315058112,RD3_F5_m5f2_P5_Y86_UO396,RD5_F1_m5f2_P5_Y84_UO175,RD2_F9_m2f6_P2_Y84_UO651,MXY,1,0.0,0,0,0.0,0,0,0,-9999.0,0.543797806974851,1,P4_CV0,1,1,1,0,2
3,4.20367802087489,4.955022315058112,RD3_F5_m5f2_P5_Y86_UO453,RD5_F1_m5f1_P5_Y84_UO264,RD2_F9_m6f3_P6_Y84_UO1,MXY,1,0.0,0,0,0.0,0,0,0,-9999.0,0.5437976086561775,1,P4_CV0,1,1,1,1,1
3,4.20367802087489,4.955022315058112,RD3_F5_m5f3_P5_Y86_UO557,RD5_F1_m5f2_P5_Y84_UO273,RD3_F2_m5f2_P5_Y84_UO744,FXX,1,0.0,0,0,0.0,0,0,0,-9999.0,0.5437974757743689,1,P4_CV0,1,2,0,1,1
3,4.20367802087489,4.955022315058112,RD3_F5_m5f2_P5_Y86_UO587,RD5_F1_m5f1_P5_Y84_UO103,RD2_F6_m3f2_P3_Y84_UO39,MXY,1,0.0,0,0,0.0,0,0,0,-9999.0,0.5437978101168426,1,P4_CV0,1,2,0,2,0
3,4.20367802087489,4.955022315058112,RD3_F5_m5f1_P5_Y86_UO719,RD5_F1_m5f1_P5_Y84_UO449,RD1_F5_m1f5_P1_Y84_UO207,FXX,1,0.0,0,0,0.0,0,0,0,-9999.0,0.5437979370061612,1,P4_CV0,1,1,1,1,1
3,4.20367802087489,4.955022315058112,RD3_F6_m6f3_P6_Y86_UO217,RD6_F2_m9f6_P9_Y84_UO266,RD3_F5_m1f5_P1_Y84_UO275,MXY,1,0.0,0,0,0.0,0,0,0,-9999.0,0.5437978777974593,1,P4_CV0,1,0,2,2,0
3,4.20367802087489,4.955022315058112,RD3_F6_m6f3_P6_Y86_UO384,RD6_F9_m6f3_P6_Y84_UO174,RD3_F7_m4f8_P4_Y84_UO722,FXX,1,0.0,0,0,0.0,0,0,0,-9999.0,0.5437978767977825,1,P4_CV0,1,1,1,1,1
3,4.20367802087489,4.955022315058112,RD3_F6_m6f2_P6_Y86_UO439,RD6_F3_m7f4_P7_Y84_UO416,RD2_F3_m2f6_P2_Y84_UO370,FXX,1,0.0,0,0,0.0,0,0,0,-9999.0,0.5437973862217689,1,P4_CV0,1,2,0,1,1
3,4.20367802087489,4.955022315058112,RD3_F6_m6f3_P6_Y86_UO635,RD6_F2_m9f6_P9_Y84_UO239,RD3_F7_m4f8_P4_Y84_UO722,FXX,1,0.0,0,0,0.0,0,0,0,-9999.0,0.5437977724191683,1,P4_CV0,1,2,0,2,0
3,4.20367802087489,4.955022315058112,RD3_F6_m6f3_P6_Y86_UO636,RD6_F2_m9f6_P9_Y84_UO28,RD3_F2_m3f5_P3_Y84_UO69,MXY,1,0.0,0,0,0.0,0,0,0,-9999.0,0.5437977897482824,1,P4_CV0,1,2,0,0,2
3,4.20367802087489,4.955022315058112,RD3_F6_m6f3_P6_Y86_UO637,RD6_F2_m9f6_P9_Y84_UO28,RD3_F2_m3f5_P3_Y84_UO69,MXY,1,0.0,0,0,0.0,0,0,0,-9999.0,0.5437977897482824,1,P4_CV0,1,2,0,0,2
3,4.20367802087489,4.955022315058112,RD3_F6_m6f2_P6_Y86_UO754,RD6_F3_m7f4_P7_Y84_UO152,RD2_F9_m6f2_P6_Y84_UO757,FXX,1,0.0,0,0,0.0,0,0,0,-9999.0,0.543798353736122,1,P4_CV0,1,1,1,2,0
3,4.20367802087489,4.955022315058112,RD3_F6_m6f2_P6_Y86_UO756,RD6_F9_m6f3_P6_Y84_UO728,RD2_F9_m6f3_P6_Y84_UO1,FXX,1,0.0,0,0,0.0,0,0,0,-9999.0,0.5437976946934668,1,P4_CV0,1,0,2,1,1
3,4.20367802087489,4.955022315058112,RD3_F7_m7f3_P7_Y86_UO133,RD7_F4_m8f4_P8_Y84_UO526,RD3_F7_m4f8_P4_Y84_UO722,MXY,1,0.0,0,0,0.0,0,0,0,-9999.0,0.5437979918602593,1,P4_CV0,1,1,1,2,0
3,4.20367802087489,4.955022315058112,RD3_F7_m7f3_P7_Y86_UO134,RD7_F4_m8f4_P8_Y84_UO526,RD3_F7_m4f8_P4_Y84_UO722,FXX,1,0.0,0,0,0.0,0,0,0,-9999.0,0.5437979918602593,1,P4_CV0,1,0,2,2,0
3,4.20367802087489,4.955022315058112,RD3_F7_m7f3_P7_Y86_UO136,RD7_F4_m8f4_P8_Y84_UO526,RD3_F7_m4f8_P4_Y84_UO722,FXX,1,0.0,0,0,0.0,0,0,0,-9999.0,0.5437979918602593,1,P4_CV0,1,0,2,2,0
3,4.20367802087489,4.955022315058112,RD3_F7_m7f4_P7_Y86_UO176,RD7_F4_m8f4_P8_Y84_UO178,RD4_F7_m3f5_P3_Y84_UO809,FXX,1,0.0,0,0,0.0,0,0,0,-9999.0,0.5437976479248903,1,P4_CV0,1,1,1,0,2
3,4.20367802087489,4.955022315058112,RD3_F7_m7f4_P7_Y86_UO274,RD7_F3_m6f3_P6_Y84_UO499,RD4_F8_m4f7_P4_Y84_UO210,FXX,1,0.0,0,0,0.0,0,0,0,-9999.0,0.5437971606750409,1,P4_CV0,1,2,0,2,0
3,4.20367802087489,4.955022315058112,RD3_F7_m7f4_P7_Y86_UO275,RD7_F3_m6f3_P6_Y84_UO499,RD4_F8_m4f7_P4_Y84_UO210,MXY,1,0.0,0,0,0.0,0,0,0,-9999.0,0.5437971606750409,1,P4_CV0,1,1,1,2,0
3,4.20367802087489,4.955022315058112,RD3_F7_m7f4_P7_Y86_UO276,RD7_F3_m6f3_P6_Y84_UO499,RD4_F8_m4f7_P4_Y84_UO210,MXY,1,0.0,0,0,0.0,0,0,0,-9999.0,0.5437971606750409,1,P4_CV0,1,2,0,2,0
3,4.20367802087489,4.955022315058112,RD3_F7_m7f4_P7_Y86_UO364,RD7_F4_m7f4_P7_Y84_UO540,RD4_F7_m4f8_P4_Y84_UO456,FXX,1,0.0,0,0,0.0,0,0,0,-9999.0,0.5437979392632144,1,P4_CV0,1,1,1,0,2
3,4.20367802087489,4.955022315058112,RD3_F7_m7f4_P7_Y86_UO365,RD7_F4_m7f4_P7_Y84_UO540,RD4_F7_m4f8_P4_Y84_UO456,FXX,1,0.0,0,0,0.0,0,0,0,-9999.0,0.5437979392632144,1,P4_CV0,1,0,2,0,2
3,4.20367802087489,4.955022315058112,RD3_F7_m7f4_P7_Y86_UO366,RD7_F4_m7f4_P7_Y84_UO540,RD4_F7_m4f8_P4_Y84_UO456,FXX,1,0.0,0,0,0.0,0,0,0,-9999.0,0.5437979392632144,1,P4_CV0,1,2,0,0,2
3,4.20367802087489,4.955022315058112,RD3_F7_m7f4_P7_Y86_UO619,RD7_F3_m2f3_P2_Y84_UO404,RD4_F7_m4f7_P4_Y84_UO782,FXX,1,0.0,0,0,0.0,0,0,0,-9999.0,0.5437982690697254,1,P4_CV0,1,2,0,2,0
3,4.20367802087489,4.955022315058112,RD3_F7_m7f3_P7_Y86_UO623,RD7_F4_m8f4_P8_Y84_UO747,RD3_F5_m1f5_P1_Y84_UO51,MXY,1,0.0,0,0,0.0,0,0,0,-9999.0,0.5437974060778572,1,P4_CV0,1,2,0,2,0
3,4.20367802087489,4.955022315058112,RD3_F7_m7f4_P7_Y86_UO692,RD7_F4_m8f4_P8_Y84_UO581,RD4_F8_m4f7_P4_Y84_UO595,MXY,1,0.0,0,0,0.0,0,0,0,-9999.0,0.5437980673421805,1,P4_CV0,1,1,1,0,2
3,4.20367802087489,4.955022315058112,RD3_F7_m7f4_P7_Y86_UO693,RD7_F4_m8f4_P8_Y84_UO581,RD4_F8_m4f7_P4_Y84_UO595,FXX,1,0.0,0,0,0.0,0,0,0,-9999.0,0.5437980673421805,1,P4_CV0,1,1,1,0,2
3,4.20367802087489,4.955022315058112,RD3_F7_m7f4_P7_Y86_UO698,RD7_F4_m8f4_P8_Y84_UO581,RD4_F8_m4f7_P4_Y84_UO595,FXX,1,0.0,0,0,0.0,0,0,0,-9999.0,0.5437980673421805,1,P4_CV0,1,1,1,0,2
3,4.20367802087489,4.955022315058112,RD3_F2_m2f5_P2_Y84_UO89,RD2_F9_m6f2_P6_Y82_UO97,RD5_F3_m5f2_P5_Y82_UO646,FXX,3,0.0,1,0,1.0,0,0,0,-9999.0,0.5437973592601679,1,P4_CV0,1,1,1,2,0
3,4.20367802087489,4.955022315058112,RD3_F5_m9f2_P9_Y84_UO323,RD9_F6_m3f6_P3_Y82_UO132,RD2_F3_m6f3_P6_Y82_UO334,FXX,3,0.0,1,0,1.0,0,0,0,-9999.0,0.5437976124221109,1,P4_CV0,1,1,1,0,2
3,4.20367802087489,4.955022315058112,RD3_F6_m6f2_P6_Y84_UO625,RD6_F9_m6f3_P6_Y82_UO440,RD2_F6_m9f6_P9_Y82_UO75,MXY,3,0.0,1,0,0.0,0,0,0,-9999.0,0.5437976899978025,1,P4_CV0,1,2,0,1,1
3,4.20367802087489,4.955022315058112,RD3_F7_m7f4_P7_Y84_UO780,RD7_F4_m7f4_P7_Y82_UO519,RD4_F7_m3f2_P3_Y82_UO161,MXY,3,0.0,1,0,0.0,0,0,0,-9999.0,0.5437978723570609,1,P4_CV0,1,2,0,1,1
3,4.20367802087489,4.955022315058112,RD3_F5_m5f2_P5_Y86_UO277,RD5_F3_m2f5_P2_Y84_UO476,RD2_F5_m2f3_P2_Y84_UO669,MXY,1,0.0,0,0,0.0,0,0,0,-9999.0,0.5437975582491106,1,P6_CV0,1,1,1,0,2
3,4.20367802087489,4.955022315058112,RD3_F6_m6f2_P6_Y86_UO49,RD6_F2_m3f2_P3_Y84_UO811,RD2_F3_m7f3_P7_Y84_UO124,FXX,1,0.0,0,0,0.0,0,0,0,-9999.0,0.5437977912997667,1,P6_CV0,1,2,0,0,2
3,4.20367802087489,4.955022315058112,RD3_F7_m7f4_P7_Y86_UO195,RD7_F4_m8f4_P8_Y84_UO581,RD4_F7_m3f5_P3_Y84_UO809,FXX,1,0.0,0,0,0.0,0,0,0,-9999.0,0.5437974463203261,1,P6_CV0,1,2,0,0,2
3,4.20367802087489,4.955022315058112,RD3_F7_m7f4_P7_Y86_UO197,RD7_F4_m8f4_P8_Y84_UO581,RD4_F7_m3f5_P3_Y84_UO809,FXX,1,0.0,0,0,0.0,0,0,0,-9999.0,0.5437974463203261,1,P6_CV0,1,2,0,0,2
3,4.20367802087489,4.955022315058112,RD3_F7_m7f4_P7_Y86_UO694,RD7_F4_m8f4_P8_Y84_UO581,RD4_F8_m4f7_P4_Y84_UO595,MXY,1,0.0,0,0,0.0,0,0,0,-9999.0,0.5437980673421805,1,P6_CV0,1,1,1,0,2
3,4.20367802087489,4.955022315058112,RD3_F2_m2f9_P2_Y86_UO60,RD2_F3_m5f3_P5_Y84_UO33,RD9_F2_m9f6_P9_Y84_UO141,MXY,1,0.0,0,0,0.0,0,0,0,-9999.0,0.5437984497138189,1,P8_CV0,1,1,1,1,1
3,4.20367802087489,4.955022315058112,RD3_F2_m2f9_P2_Y86_UO264,RD2_F6_m9f6_P9_Y84_UO29,RD9_F6_m2f9_P2_Y84_UO45,MXY,1,0.0,0,0,0.0,0,0,0,-9999.0,0.5437974533912779,1,P8_CV0,1,1,1,0,2
3,4.20367802087489,4.955022315058112,RD3_F5_m5f1_P5_Y86_UO261,RD5_F2_m9f6_P9_Y84_UO492,RD1_F5_m1f5_P1_Y84_UO227,FXX,1,0.0,0,0,0.0,0,0,0,-9999.0,0.5437978818568183,1,P8_CV0,1,2,0,1,1
3,4.20367802087489,4.955022315058112,RD3_F5_m5f1_P5_Y86_UO285,RD5_F3_m7f3_P7_Y84_UO479,RD1_F5_m1f5_P1_Y84_UO74,MXY,1,0.0,0,0,0.0,0,0,0,-9999.0,0.5437979539178741,1,P8_CV0,1,1,1,0,2
3,4.20367802087489,4.955022315058112,RD3_F5_m5f1_P5_Y86_UO458,RD5_F3_m7f3_P7_Y84_UO479,RD1_F5_m1f5_P1_Y84_UO227,MXY,1,0.0,0,0,0.0,0,0,0,-9999.0,0.5437977000063654,1,P8_CV0,1,2,0,1,1
3,4.20367802087489,4.955022315058112,RD3_F5_m5f1_P5_Y86_UO459,RD5_F3_m7f3_P7_Y84_UO479,RD1_F5_m1f5_P1_Y84_UO227,FXX,1,0.0,0,0,0.0,0,0,0,-9999.0,0.5437977000063654,1,P8_CV0,1,1,1,0,2
3,4.20367802087489,4.955022315058112,RD3_F6_m6f2_P6_Y86_UO317,RD6_F9_m6f3_P6_Y84_UO174,RD2_F6_m9f6_P9_Y84_UO244,FXX,1,0.0,0,0,0.0,0,0,0,-9999.0,0.5437978275621731,1,P8_CV0,1,2,0,2,0
3,4.20367802087489,4.955022315058112,RD3_F6_m6f3_P6_Y86_UO428,RD6_F2_m3f2_P3_Y84_UO618,RD3_F6_m2f5_P2_Y84_UO164,MXY,1,0.0,0,0,0.0,0,0,0,-9999.0,0.5437976747396362,1,P8_CV0,1,1,1,1,1
3,4.20367802087489,4.955022315058112,RD3_F6_m6f2_P6_Y86_UO448,RD6_F2_m9f6_P9_Y84_UO28,RD2_F9_m6f9_P6_Y84_UO161,MXY,1,0.0,0,0,0.0,0,0,0,-9999.0,0.5437977619105823,1,P8_CV0,1,2,0,1,1
3,4.20367802087489,4.955022315058112,RD3_F7_m7f3_P7_Y86_UO417,RD7_F4_m8f4_P8_Y84_UO639,RD3_F6_m9f6_P9_Y84_UO255,MXY,1,0.0,0,0,0.0,0,0,0,-9999.0,0.5437980258294601,1,P8_CV0,1,2,0,2,0
3,4.20367802087489,4.955022315058112,RD3_F7_m7f3_P7_Y86_UO418,RD7_F4_m8f4_P8_Y84_UO639,RD3_F6_m9f6_P9_Y84_UO255,FXX,1,0.0,0,0,0.0,0,0,0,-9999.0,0.5437980258294601,1,P8_CV0,1,2,0,2,0
3,4.20367802087489,4.955022315058112,RD3_F7_m7f3_P7_Y86_UO420,RD7_F4_m8f4_P8_Y84_UO639,RD3_F6_m9f6_P9_Y84_UO255,MXY,1,0.0,0,0,0.0,0,0,0,-9999.0,0.5437980258294601,1,P8_CV0,1,2,0,2,0
3,4.20367802087489,4.955022315058112,RD3_F5_m6f9_P6_Y84_UO814,RD6_F2_m9f2_P9_Y82_UO603,RD9_F2_m5f2_P5_Y82_UO583,MXY,3,0.0,1,0,0.0,0,0,0,-9999.0,0.5437973953386859,1,P8_CV0,1,1,1,0,2
3,4.20367802087489,4.955022315058112,RD3_F5_m9f6_P9_Y84_UO256,RD9_F2_m5f1_P5_Y82_UO111,RD6_F3_m7f3_P7_Y82_UO93,MXY,3,0.0,1,0,0.0,0,0,0,-9999.0,0.5437978127831684,1,P8_CV0,1,1,1,1,1
4,2.046486340378425,9.289064495259955,RD4_F7_m7f4_P7_Y86_UO673,RD7_F3_m7f4_P7_Y84_UO770,RD4_F7_m4f7_P4_Y84_UO782,FXX,1,0.0,0,0,0.0,0,0,0,-9999.0,0.5437980031283587,1,P1_CV0,1,2,0,1,1
4,2.046486340378425,9.289064495259955,RD4_F7_m7f3_P7_Y86_UO424,RD7_F3_m6f3_P6_Y84_UO487,RD3_F5_m1f5_P1_Y84_UO54,MXY,1,0.0,0,0,0.0,0,0,0,-9999.0,0.5437978689859904,1,P1_CV0,1,2,0,2,0
4,2.046486340378425,9.289064495259955,RD4_F8_m8f4_P8_Y86_UO554,RD8_F4_m7f3_P7_Y84_UO20,RD4_F7_m4f8_P4_Y84_UO551,FXX,1,0.0,0,0,0.0,0,0,0,-9999.0,0.54379818327061,1,P1_CV0,1,2,0,0,2
4,2.046486340378425,9.289064495259955,RD4_F8_m8f4_P8_Y86_UO36,RD8_F4_m8f4_P8_Y84_UO623,RD4_F8_m4f8_P4_Y84_UO788,FXX,1,0.0,0,0,0.0,0,0,0,-9999.0,0.5437986921618005,1,P1_CV0,1,2,0,0,2
4,2.046486340378425,9.289064495259955,RD4_F8_m8f4_P8_Y86_UO468,RD8_F4_m8f4_P8_Y84_UO519,RD4_F8_m4f8_P4_Y84_UO427,FXX,1,0.0,0,0,0.0,0,0,0,-9999.0,0.5437980725890554,1,P1_CV0,1,1,1,1,1
4,2.046486340378425,9.289064495259955,RD4_F8_m8f4_P8_Y86_UO35,RD8_F4_m8f4_P8_Y84_UO623,RD4_F8_m4f8_P4_Y84_UO788,FXX,1,0.0,0,0,0.0,0,0,0,-9999.0,0.5437986921618005,1,P1_CV0,1,2,0,0,2
4,2.046486340378425,9.289064495259955,RD4_F7_m7f3_P7_Y86_UO625,RD7_F4_m8f4_P8_Y84_UO747,RD3_F5_m1f5_P1_Y84_UO51,FXX,1,0.0,0,0,0.0,0,0,0,-9999.0,0.5437974060778572,1,P1_CV0,1,2,0,2,0
4,2.046486340378425,9.289064495259955,RD4_F7_m7f3_P7_Y86_UO422,RD7_F3_m6f3_P6_Y84_UO487,RD3_F5_m1f5_P1_Y84_UO54,MXY,1,0.0,0,0,0.0,0,0,0,-9999.0,0.5437978689859904,1,P1_CV0,1,2,0,2,0
4,2.046486340378425,9.289064495259955,RD4_F7_m7f3_P7_Y86_UO613,RD7_F3_m6f3_P6_Y84_UO487,RD3_F7_m4f7_P4_Y84_UO563,MXY,1,0.0,0,0,0.0,0,0,0,-9999.0,0.5437978573905298,1,P1_CV0,1,1,1,1,1
4,2.046486340378425,9.289064495259955,RD4_F7_m7f3_P7_Y84_UO473,RD7_F4_m8f4_P8_Y82_UO475,RD3_F5_m1f5_P1_Y82_UO31,MXY,3,0.0,1,0,0.0,0,0,0,-9999.0,0.5437985395753344,1,P1_CV0,1,0,2,1,1
4,2.046486340378425,9.289064495259955,RD4_F8_m8f4_P8_Y86_UO170,RD8_F4_m8f4_P8_Y84_UO582,RD4_F7_m3f6_P3_Y84_UO361,FXX,1,0.0,0,0,0.0,0,0,0,-9999.0,0.5437976985466264,1,P3_CV0,1,2,0,2,0
4,2.046486340378425,9.289064495259955,RD4_F8_m8f4_P8_Y86_UO488,RD8_F4_m7f4_P7_Y84_UO778,RD4_F7_m3f6_P3_Y84_UO361,FXX,1,0.0,0,0,0.0,0,0,0,-9999.0,0.543797853874139,1,P3_CV0,1,2,0,1,1
4,2.046486340378425,9.289064495259955,RD4_F8_m8f4_P8_Y86_UO641,RD8_F4_m7f4_P7_Y84_UO484,RD4_F8_m4f8_P4_Y84_UO536,MXY,1,0.0,0,0,0.0,0,0,0,-9999.0,0.5437977188623506,1,P3_CV0,1,1,1,2,0
4,2.046486340378425,9.289064495259955,RD4_F7_m7f3_P7_Y86_UO109,RD7_F4_m8f4_P8_Y84_UO291,RD3_F5_m1f5_P1_Y84_UO54,FXX,1,0.0,0,0,0.0,0,0,0,-9999.0,0.5437975941831894,1,P3_CV0,1,1,1,2,0
4,2.046486340378425,9.289064495259955,RD4_F7_m7f3_P7_Y86_UO425,RD7_F3_m6f3_P6_Y84_UO487,RD3_F5_m1f5_P1_Y84_UO54,MXY,1,0.0,0,0,0.0,0,0,0,-9999.0,0.5437978689859904,1,P3_CV0,1,1,1,2,0
4,2.046486340378425,9.289064495259955,RD4_F8_m8f4_P8_Y86_UO489,RD8_F4_m7f4_P7_Y84_UO778,RD4_F7_m3f6_P3_Y84_UO361,MXY,1,0.0,0,0,0.0,0,0,0,-9999.0,0.543797853874139,1,P3_CV0,1,2,0,1,1
4,2.046486340378425,9.289064495259955,RD4_F7_m7f4_P7_Y86_UO343,RD7_F4_m8f4_P8_Y84_UO747,RD4_F8_m4f8_P4_Y84_UO729,FXX,1,0.0,0,0,0.0,0,0,0,-9999.0,0.543797565167381,1,P4_CV0,1,2,0,0,2
4,2.046486340378425,9.289064495259955,RD4_F8_m8f4_P8_Y86_UO742,RD8_F4_m7f3_P7_Y84_UO289,RD4_F8_m4f7_P4_Y84_UO210,FXX,1,0.0,0,0,0.0,0,0,0,-9999.0,0.5437976690586197,1,P4_CV0,1,1,1,2,0
4,2.046486340378425,9.289064495259955,RD4_F8_m8f4_P8_Y86_UO236,RD8_F4_m8f4_P8_Y84_UO582,RD4_F8_m4f8_P4_Y84_UO18,MXY,1,0.0,0,0,0.0,0,0,0,-9999.0,0.5437978296582457,1,P4_CV0,1,2,0,2,0
4,2.046486340378425,9.289064495259955,RD4_F7_m7f4_P7_Y86_UO37,RD7_F4_m8f4_P8_Y84_UO62,RD4_F7_m3f5_P3_Y84_UO420,FXX,1,0.0,0,0,0.0,0,0,0,-9999.0,0.5437973462020125,1,P4_CV0,1,2,0,0,2
4,2.046486340378425,9.289064495259955,RD4_F8_m8f4_P8_Y86_UO546,RD8_F4_m8f4_P8_Y84_UO200,RD4_F8_m4f7_P4_Y84_UO767,FXX,1,0.0,0,0,0.0,0,0,0,-9999.0,0.5437982050874552,1,P4_CV0,1,1,1,2,0
4,2.046486340378425,9.289064495259955,RD4_F7_m7f4_P7_Y86_UO569,RD7_F4_m7f3_P7_Y84_UO655,RD4_F8_m4f8_P4_Y84_UO729,FXX,1,0.0,0,0,0.0,0,0,0,-9999.0,0.5437978767219249,1,P4_CV0,1,2,0,0,2
4,2.046486340378425,9.289064495259955,RD4_F7_m7f4_P7_Y86_UO174,RD7_F4_m8f4_P8_Y84_UO178,RD4_F7_m3f5_P3_Y84_UO809,MXY,1,0.0,0,0,0.0,0,0,0,-9999.0,0.5437976479248903,1,P4_CV0,1,1,1,0,2
4,2.046486340378425,9.289064495259955,RD4_F8_m8f4_P8_Y86_UO701,RD8_F4_m8f4_P8_Y84_UO396,RD4_F8_m4f8_P4_Y84_UO17,MXY,1,0.0,0,0,0.0,0,0,0,-9999.0,0.543797951543695,1,P4_CV0,1,1,1,1,1
4,2.046486340378425,9.289064495259955,RD4_F7_m7f4_P7_Y86_UO696,RD7_F4_m8f4_P8_Y84_UO581,RD4_F8_m4f7_P4_Y84_UO595,MXY,1,0.0,0,0,0.0,0,0,0,-9999.0,0.5437980673421805,1,P4_CV0,1,1,1,0,2
4,2.046486340378425,9.289064495259955,RD4_F8_m8f4_P8_Y86_UO524,RD8_F4_m8f4_P8_Y84_UO200,RD4_F7_m4f8_P4_Y84_UO772,MXY,1,0.0,0,0,0.0,0,0,0,-9999.0,0.5437983963157649,1,P4_CV0,1,2,0,2,0
4,2.046486340378425,9.289064495259955,RD4_F8_m8f4_P8_Y86_UO5,RD8_F4_m7f4_P7_Y84_UO482,RD4_F8_m4f8_P4_Y84_UO536,MXY,1,0.0,0,0,0.0,0,0,0,-9999.0,0.5437981431178116,1,P4_CV0,1,1,1,2,0
4,2.046486340378425,9.289064495259955,RD4_F8_m8f4_P8_Y86_UO647,RD8_F4_m8f4_P8_Y84_UO582,RD4_F8_m4f8_P4_Y84_UO536,MXY,1,0.0,0,0,0.0,0,0,0,-9999.0,0.5437976809483018,1,P4_CV0,1,2,0,2,0
4,2.046486340378425,9.289064495259955,RD4_F8_m8f4_P8_Y86_UO547,RD8_F4_m8f4_P8_Y84_UO200,RD4_F8_m4f7_P4_Y84_UO767,MXY,1,0.0,0,0,0.0,0,0,0,-9999.0,0.5437982050874552,1,P4_CV0,1,1,1,2,0
4,2.046486340378425,9.289064495259955,RD4_F8_m8f4_P8_Y86_UO486,RD8_F4_m8f4_P8_Y84_UO180,RD4_F8_m4f8_P4_Y84_UO202,FXX,1,0.0,0,0,0.0,0,0,0,-9999.0,0.543798398705917,1,P4_CV0,1,2,0,0,2
4,2.046486340378425,9.289064495259955,RD4_F7_m7f4_P7_Y86_UO568,RD7_F4_m7f3_P7_Y84_UO655,RD4_F8_m4f8_P4_Y84_UO729,MXY,1,0.0,0,0,0.0,0,0,0,-9999.0,0.5437978767219249,1,P4_CV0,1,2,0,1,1
4,2.046486340378425,9.289064495259955,RD4_F8_m8f4_P8_Y86_UO172,RD8_F4_m8f4_P8_Y84_UO582,RD4_F7_m3f6_P3_Y84_UO361,MXY,1,0.0,0,0,0.0,0,0,0,-9999.0,0.5437976985466264,1,P4_CV0,1,2,0,2,0
4,2.046486340378425,9.289064495259955,RD4_F7_m7f4_P7_Y86_UO344,RD7_F4_m8f4_P8_Y84_UO747,RD4_F8_m4f8_P4_Y84_UO729,FXX,1,0.0,0,0,0.0,0,0,0,-9999.0,0.543797565167381,1,P4_CV0,1,2,0,0,2
4,2.046486340378425,9.289064495259955,RD4_F8_m8f4_P8_Y86_UO699,RD8_F4_m8f4_P8_Y84_UO396,RD4_F8_m4f8_P4_Y84_UO17,MXY,1,0.0,0,0,0.0,0,0,0,-9999.0,0.543797951543695,1,P4_CV0,1,1,1,1,1
4,2.046486340378425,9.289064495259955,RD4_F8_m8f4_P8_Y86_UO646,RD8_F4_m8f4_P8_Y84_UO582,RD4_F8_m4f8_P4_Y84_UO536,MXY,1,0.0,0,0,0.0,0,0,0,-9999.0,0.5437976809483018,1,P4_CV0,1,2,0,2,0
4,2.046486340378425,9.289064495259955,RD4_F7_m7f4_P7_Y86_UO175,RD7_F4_m8f4_P8_Y84_UO178,RD4_F7_m3f5_P3_Y84_UO809,MXY,1,0.0,0,0,0.0,0,0,0,-9999.0,0.5437976479248903,1,P4_CV0,1,2,0,0,2
4,2.046486340378425,9.289064495259955,RD4_F7_m7f3_P7_Y86_UO419,RD7_F4_m8f4_P8_Y84_UO639,RD3_F6_m9f6_P9_Y84_UO255,MXY,1,0.0,0,0,0.0,0,0,0,-9999.0,0.5437980258294601,1,P4_CV0,1,2,0,1,1
4,2.046486340378425,9.289064495259955,RD4_F8_m8f4_P8_Y86_UO329,RD8_F4_m8f4_P8_Y84_UO582,RD4_F8_m4f8_P4_Y84_UO17,FXX,1,0.0,0,0,0.0,0,0,0,-9999.0,0.5437978296582457,1,P4_CV0,1,2,0,2,0
4,2.046486340378425,9.289064495259955,RD4_F8_m8f4_P8_Y86_UO630,RD8_F4_m8f4_P8_Y84_UO519,RD4_F8_m4f8_P4_Y84_UO729,FXX,1,0.0,0,0,0.0,0,0,0,-9999.0,0.5437980239557021,1,P4_CV0,1,1,1,2,0
4,2.046486340378425,9.289064495259955,RD4_F7_m7f4_P7_Y86_UO209,RD7_F3_m7f4_P7_Y84_UO216,RD4_F7_m3f7_P3_Y84_UO183,FXX,1,0.0,0,0,0.0,0,0,0,-9999.0,0.5437974679873889,1,P4_CV0,1,0,2,1,1
4,2.046486340378425,9.289064495259955,RD4_F7_m7f3_P7_Y86_UO135,RD7_F4_m8f4_P8_Y84_UO526,RD3_F7_m4f8_P4_Y84_UO722,MXY,1,0.0,0,0,0.0,0,0,0,-9999.0,0.5437979918602593,1,P4_CV0,1,0,2,2,0
4,2.046486340378425,9.289064495259955,RD4_F7_m7f4_P7_Y86_UO584,RD7_F4_m8f4_P8_Y84_UO639,RD4_F8_m4f8_P4_Y84_UO536,FXX,1,0.0,0,0,0.0,0,0,0,-9999.0,0.5437980195351599,1,P4_CV0,1,2,0,1,1
4,2.046486340378425,9.289064495259955,RD4_F8_m8f4_P8_Y86_UO629,RD8_F4_m8f4_P8_Y84_UO519,RD4_F8_m4f8_P4_Y84_UO729,MXY,1,0.0,0,0,0.0,0,0,0,-9999.0,0.5437980239557021,1,P4_CV0,1,1,1,1,1
4,2.046486340378425,9.289064495259955,RD4_F8_m8f4_P8_Y86_UO682,RD8_F4_m8f4_P8_Y84_UO785,RD4_F8_m4f8_P4_Y84_UO729,FXX,1,0.0,0,0,0.0,0,0,0,-9999.0,0.5437982722747847,1,P4_CV0,1,1,1,1,1
4,2.046486340378425,9.289064495259955,RD4_F8_m8f4_P8_Y86_UO604,RD8_F4_m8f4_P8_Y84_UO519,RD4_F7_m3f6_P3_Y84_UO361,FXX,1,0.0,0,0,0.0,0,0,0,-9999.0,0.5437978922230116,1,P4_CV0,1,1,1,2,0
4,2.046486340378425,9.289064495259955,RD4_F7_m7f4_P7_Y86_UO695,RD7_F4_m8f4_P8_Y84_UO581,RD4_F8_m4f7_P4_Y84_UO595,FXX,1,0.0,0,0,0.0,0,0,0,-9999.0,0.5437980673421805,1,P4_CV0,1,1,1,0,2
4,2.046486340378425,9.289064495259955,RD4_F7_m7f4_P7_Y86_UO194,RD7_F4_m8f4_P8_Y84_UO581,RD4_F7_m3f5_P3_Y84_UO809,FXX,1,0.0,0,0,0.0,0,0,0,-9999.0,0.5437974463203261,1,P4_CV0,1,2,0,0,2
4,2.046486340378425,9.289064495259955,RD4_F7_m7f4_P7_Y86_UO672,RD7_F3_m7f4_P7_Y84_UO770,RD4_F7_m4f7_P4_Y84_UO782,FXX,1,0.0,0,0,0.0,0,0,0,-9999.0,0.5437980031283587,1,P4_CV0,1,2,0,1,1
4,2.046486340378425,9.289064495259955,RD4_F8_m8f4_P8_Y86_UO603,RD8_F4_m8f4_P8_Y84_UO519,RD4_F7_m3f6_P3_Y84_UO361,MXY,1,0.0,0,0,0.0,0,0,0,-9999.0,0.5437978922230116,1,P4_CV0,1,1,1,2,0
4,2.046486340378425,9.289064495259955,RD4_F8_m8f4_P8_Y86_UO631,RD8_F4_m8f4_P8_Y84_UO519,RD4_F8_m4f8_P4_Y84_UO729,FXX,1,0.0,0,0,0.0,0,0,0,-9999.0,0.5437980239557021,1,P4_CV0,1,1,1,2,0
4,2.046486340378425,9.289064495259955,RD4_F8_m8f4_P8_Y86_UO18,RD8_F4_m8f4_P8_Y84_UO580,RD4_F7_m3f5_P3_Y84_UO809,MXY,1,0.0,0,0,0.0,0,0,0,-9999.0,0.5437974463203261,1,P4_CV0,1,2,0,1,1
4,2.046486340378425,9.289064495259955,RD4_F7_m7f4_P7_Y86_UO198,RD7_F4_m8f4_P8_Y84_UO581,RD4_F7_m3f5_P3_Y84_UO809,FXX,1,0.0,0,0,0.0,0,0,0,-9999.0,0.5437974463203261,1,P4_CV0,1,2,0,0,2
4,2.046486340378425,9.289064495259955,RD4_F8_m8f4_P8_Y86_UO224,RD8_F4_m7f4_P7_Y84_UO483,RD4_F8_m4f8_P4_Y84_UO202,FXX,1,0.0,0,0,0.0,0,0,0,-9999.0,0.5437986592708626,1,P4_CV0,1,1,1,1,1
4,2.046486340378425,9.289064495259955,RD4_F8_m8f4_P8_Y86_UO4,RD8_F4_m7f4_P7_Y84_UO482,RD4_F8_m4f8_P4_Y84_UO536,MXY,1,0.0,0,0,0.0,0,0,0,-9999.0,0.5437981431178116,1,P4_CV0,1,1,1,1,1
4,2.046486340378425,9.289064495259955,RD4_F8_m8f4_P8_Y86_UO605,RD8_F4_m8f4_P8_Y84_UO519,RD4_F7_m3f6_P3_Y84_UO361,FXX,1,0.0,0,0,0.0,0,0,0,-9999.0,0.5437978922230116,1,P4_CV0,1,1,1,2,0
4,2.046486340378425,9.289064495259955,RD4_F8_m8f4_P8_Y86_UO545,RD8_F4_m8f4_P8_Y84_UO200,RD4_F8_m4f7_P4_Y84_UO767,FXX,1,0.0,0,0,0.0,0,0,0,-9999.0,0.5437982050874552,1,P4_CV0,1,1,1,2,0
4,2.046486340378425,9.289064495259955,RD4_F8_m8f4_P8_Y86_UO291,RD8_F4_m7f4_P7_Y84_UO484,RD4_F8_m4f7_P4_Y84_UO139,MXY,1,0.0,0,0,0.0,0,0,0,-9999.0,0.5437978066194376,1,P4_CV0,1,1,1,2,0
4,2.046486340378425,9.289064495259955,RD4_F8_m8f4_P8_Y86_UO591,RD8_F4_m8f4_P8_Y84_UO344,RD4_F7_m3f6_P3_Y84_UO783,FXX,1,0.0,0,0,0.0,0,0,0,-9999.0,0.5437981748035838,1,P4_CV0,1,0,2,2,0
4,2.046486340378425,9.289064495259955,RD4_F7_m7f4_P7_Y86_UO363,RD7_F4_m7f4_P7_Y84_UO540,RD4_F7_m4f8_P4_Y84_UO456,MXY,1,0.0,0,0,0.0,0,0,0,-9999.0,0.5437979392632144,1,P4_CV0,1,1,1,1,1
4,2.046486340378425,9.289064495259955,RD4_F7_m7f3_P7_Y86_UO600,RD7_F3_m6f3_P6_Y84_UO545,RD3_F6_m3f6_P3_Y84_UO680,FXX,1,0.0,0,0,0.0,0,0,0,-9999.0,0.5437977758782608,1,P4_CV0,1,2,0,1,1
4,2.046486340378425,9.289064495259955,RD4_F8_m8f4_P8_Y86_UO700,RD8_F4_m8f4_P8_Y84_UO396,RD4_F8_m4f8_P4_Y84_UO17,MXY,1,0.0,0,0,0.0,0,0,0,-9999.0,0.543797951543695,1,P4_CV0,1,1,1,1,1
4,2.046486340378425,9.289064495259955,RD4_F8_m8f4_P8_Y86_UO54,RD8_F4_m7f4_P7_Y84_UO713,RD4_F7_m3f7_P3_Y84_UO183,FXX,1,0.0,0,0,0.0,0,0,0,-9999.0,0.5437974207057721,1,P4_CV0,1,1,1,1,1
4,2.046486340378425,9.289064495259955,RD4_F8_m8f4_P8_Y86_UO590,RD8_F4_m8f4_P8_Y84_UO344,RD4_F7_m3f6_P3_Y84_UO783,FXX,1,0.0,0,0,0.0,0,0,0,-9999.0,0.5437981748035838,1,P4_CV0,1,1,1,2,0
4,2.046486340378425,9.289064495259955,RD4_F8_m8f4_P8_Y86_UO220,RD8_F4_m7f3_P7_Y84_UO597,RD4_F8_m4f8_P4_Y84_UO729,MXY,1,0.0,0,0,0.0,0,0,0,-9999.0,0.5437983052045468,1,P4_CV0,1,2,0,0,2
4,2.046486340378425,9.289064495259955,RD4_F8_m8f4_P8_Y86_UO470,RD8_F4_m8f4_P8_Y84_UO519,RD4_F8_m4f8_P4_Y84_UO427,MXY,1,0.0,0,0,0.0,0,0,0,-9999.0,0.5437980725890554,1,P4_CV0,1,1,1,1,1
4,2.046486340378425,9.289064495259955,RD4_F7_m7f4_P7_Y86_UO461,RD7_F3_m7f4_P7_Y84_UO151,RD4_F8_m4f8_P4_Y84_UO17,FXX,1,0.0,0,0,0.0,0,0,0,-9999.0,0.5437984296456477,1,P4_CV0,1,1,1,1,1
4,2.046486340378425,9.289064495259955,RD4_F7_m7f4_P7_Y86_UO207,RD7_F3_m7f4_P7_Y84_UO216,RD4_F7_m3f7_P3_Y84_UO183,FXX,1,0.0,0,0,0.0,0,0,0,-9999.0,0.5437974679873889,1,P4_CV0,1,0,2,0,2
4,2.046486340378425,9.289064495259955,RD4_F8_m8f4_P8_Y86_UO487,RD8_F4_m8f4_P8_Y84_UO180,RD4_F8_m4f8_P4_Y84_UO202,MXY,1,0.0,0,0,0.0,0,0,0,-9999.0,0.543798398705917,1,P4_CV0,1,2,0,0,2
4,2.046486340378425,9.289064495259955,RD4_F8_m8f4_P8_Y86_UO55,RD8_F4_m7f4_P7_Y84_UO713,RD4_F7_m3f7_P3_Y84_UO183,MXY,1,0.0,0,0,0.0,0,0,0,-9999.0,0.5437974207057721,1,P4_CV0,1,1,1,1,1
4,2.046486340378425,9.289064495259955,RD4_F8_m7f4_P7_Y84_UO483,RD7_F3_m7f3_P7_Y82_UO268,RD4_F8_m4f7_P4_Y82_UO10,FXX,3,0.0,1,0,1.0,0,0,0,-9999.0,0.5437984860410552,1,P4_CV0,1,0,2,2,0
4,2.046486340378425,9.289064495259955,RD4_F8_m7f3_P7_Y84_UO20,RD7_F4_m7f3_P7_Y82_UO572,RD3_F7_m4f8_P4_Y80_UO478,FXX,3,0.0,1,0,1.0,0,0,0,-9999.0,0.543798128784033,1,P4_CV0,1,2,0,1,1
4,2.046486340378425,9.289064495259955,RD4_F8_m8f4_P8_Y84_UO59,RD8_F4_m7f3_P7_Y82_UO814,RD4_F7_m3f7_P3_Y82_UO721,MXY,3,0.0,1,0,0.0,0,0,0,-9999.0,0.5437970598068773,1,P4_CV0,1,2,0,1,1
4,2.046486340378425,9.289064495259955,RD4_F8_m8f4_P8_Y84_UO442,RD8_F4_m7f3_P7_Y82_UO814,RD4_F8_m4f8_P4_Y82_UO262,MXY,3,0.0,1,0,0.0,0,0,0,-9999.0,0.5437977729444583,1,P4_CV0,1,1,1,2,0
4,2.046486340378425,9.289064495259955,RD4_F7_m2f6_P2_Y84_UO411,RD2_F9_m2f9_P2_Y82_UO554,RD6_F3_m6f3_P6_Y82_UO86,FXX,3,0.0,1,0,1.0,0,0,0,-9999.0,0.5437977689440459,1,P4_CV0,1,2,0,1,1
4,2.046486340378425,9.289064495259955,RD4_F8_m7f4_P7_Y84_UO778,RD7_F4_m7f4_P7_Y82_UO519,RD4_F7_m3f2_P3_Y82_UO161,FXX,3,0.0,1,0,1.0,0,0,0,-9999.0,0.5437978723570609,1,P4_CV0,1,2,0,0,2
4,2.046486340378425,9.289064495259955,RD4_F8_m8f4_P8_Y84_UO347,RD8_F4_m7f4_P7_Y82_UO502,RD4_F7_m3f6_P3_Y82_UO280,MXY,3,0.0,1,0,0.0,0,0,0,-9999.0,0.5437984132924498,1,P4_CV0,1,0,2,2,0
4,2.046486340378425,9.289064495259955,RD4_F7_m6f3_P6_Y82_UO806,RD6_F2_m9f6_P9_Y80_UO244,RD3_F6_m9f2_P9_Y80_UO526,FXX,5,0.0,1,0,1.0,0,0,0,-9999.0,0.5437975041642176,1,P4_CV0,1,1,1,1,1
4,2.046486340378425,9.289064495259955,RD4_F8_m8f4_P8_Y86_UO745,RD8_F4_m7f3_P7_Y84_UO289,RD4_F8_m4f7_P4_Y84_UO210,MXY,1,0.0,0,0,0.0,0,0,0,-9999.0,0.5437976690586197,1,P6_CV0,1,0,2,1,1
4,2.046486340378425,9.289064495259955,RD4_F7_m7f4_P7_Y86_UO196,RD7_F4_m8f4_P8_Y84_UO581,RD4_F7_m3f5_P3_Y84_UO809,FXX,1,0.0,0,0,0.0,0,0,0,-9999.0,0.5437974463203261,1,P6_CV0,1,2,0,0,2
4,2.046486340378425,9.289064495259955,RD4_F8_m8f4_P8_Y86_UO21,RD8_F4_m8f4_P8_Y84_UO580,RD4_F7_m3f5_P3_Y84_UO809,MXY,1,0.0,0,0,0.0,0,0,0,-9999.0,0.5437974463203261,1,P6_CV0,1,2,0,0,2
4,2.046486340378425,9.289064495259955,RD4_F8_m8f4_P8_Y86_UO20,RD8_F4_m8f4_P8_Y84_UO580,RD4_F7_m3f5_P3_Y84_UO809,FXX,1,0.0,0,0,0.0,0,0,0,-9999.0,0.5437974463203261,1,P6_CV0,1,2,0,0,2
4,2.046486340378425,9.289064495259955,RD4_F8_m8f4_P8_Y84_UO583,RD8_F4_m7f4_P7_Y82_UO698,RD4_F8_m4f8_P4_Y82_UO517,MXY,3,0.0,1,0,0.0,0,0,0,-9999.0,0.5437975617020356,1,P6_CV0,1,2,0,2,0
4,2.046486340378425,9.289064495259955,RD4_F8_m8f4_P8_Y86_UO609,RD8_F4_m8f4_P8_Y84_UO344,RD4_F8_m4f8_P4_Y84_UO424,FXX,1,0.0,0,0,0.0,0,0,0,-9999.0,0.5437985025635044,1,P8_CV0,1,1,1,2,0
4,2.046486340378425,9.289064495259955,RD4_F8_m8f4_P8_Y86_UO161,RD8_F4_m7f4_P7_Y84_UO482,RD4_F7_m4f8_P4_Y84_UO436,MXY,1,0.0,0,0,0.0,0,0,0,-9999.0,0.5437984120059696,1,P8_CV0,1,0,2,0,2
4,2.046486340378425,9.289064495259955,RD4_F7_m7f4_P7_Y86_UO583,RD7_F4_m8f4_P8_Y84_UO639,RD4_F8_m4f8_P4_Y84_UO536,FXX,1,0.0,0,0,0.0,0,0,0,-9999.0,0.5437980195351599,1,P8_CV0,1,2,0,2,0
4,2.046486340378425,9.289064495259955,RD4_F8_m8f4_P8_Y86_UO163,RD8_F4_m7f4_P7_Y84_UO482,RD4_F7_m4f8_P4_Y84_UO436,FXX,1,0.0,0,0,0.0,0,0,0,-9999.0,0.5437984120059696,1,P8_CV0,1,0,2,0,2
4,2.046486340378425,9.289064495259955,RD4_F7_m7f4_P7_Y86_UO586,RD7_F4_m8f4_P8_Y84_UO639,RD4_F8_m4f8_P4_Y84_UO536,FXX,1,0.0,0,0,0.0,0,0,0,-9999.0,0.5437980195351599,1,P8_CV0,1,2,0,1,1
4,2.046486340378425,9.289064495259955,RD4_F8_m8f4_P8_Y86_UO164,RD8_F4_m7f4_P7_Y84_UO482,RD4_F7_m4f8_P4_Y84_UO436,MXY,1,0.0,0,0,0.0,0,0,0,-9999.0,0.5437984120059696,1,P8_CV0,1,0,2,0,2
4,2.046486340378425,9.289064495259955,RD4_F7_m7f3_P7_Y84_UO741,RD7_F4_m7f4_P7_Y82_UO519,RD3_F5_m1f5_P1_Y80_UO102,FXX,3,0.0,1,0,1.0,0,0,0,-9999.0,0.5437976453039823,1,P8_CV0,1,1,1,0,2
4,2.046486340378425,9.289064495259955,RD4_F7_m8f4_P8_Y84_UO639,RD8_F4_m8f4_P8_Y82_UO304,RD4_F7_m4f8_P4_Y82_UO681,FXX,3,0.0,1,0,1.0,0,0,0,-9999.0,0.5437982388757518,1,P8_CV0,1,2,0,1,1
5,2.9965467367452314,4.002409126542999,RD5_F1_m1f5_P1_Y86_UO466,RD1_F5_m1f5_P1_Y84_UO50,RD5_F1_m5f2_P5_Y84_UO331,MXY,1,0.0,0,0,0.0,0,0,0,-9999.0,0.5437977843410522,1,P1_CV0,1,1,1,1,1
5,2.9965467367452314,4.002409126542999,RD5_F2_m2f9_P2_Y86_UO40,RD2_F9_m6f9_P6_Y84_UO363,RD9_F2_m3f5_P3_Y84_UO452,FXX,1,0.0,0,0,0.0,0,0,0,-9999.0,0.5437977371093439,1,P1_CV0,1,2,0,1,1
5,2.9965467367452314,4.002409126542999,RD5_F1_m1f5_P1_Y86_UO732,RD1_F5_m1f5_P1_Y84_UO116,RD5_F1_m5f1_P5_Y84_UO450,FXX,1,0.0,0,0,0.0,0,0,0,-9999.0,0.543797915942207,1,P1_CV0,1,1,1,0,2
5,2.9965467367452314,4.002409126542999,RD5_F3_m3f7_P3_Y86_UO658,RD3_F6_m2f6_P2_Y84_UO412,RD7_F3_m7f3_P7_Y84_UO473,MXY,1,0.0,0,0,0.0,0,0,0,-9999.0,0.5437981542596901,1,P1_CV0,1,1,1,1,1
5,2.9965467367452314,4.002409126542999,RD5_F1_m1f5_P1_Y86_UO722,RD1_F5_m1f5_P1_Y84_UO116,RD5_F1_m5f3_P5_Y84_UO320,MXY,1,0.0,0,0,0.0,0,0,0,-9999.0,0.543797581851635,1,P1_CV0,1,2,0,0,2
5,2.9965467367452314,4.002409126542999,RD5_F2_m2f5_P2_Y86_UO717,RD2_F6_m9f2_P9_Y84_UO531,RD5_F2_m9f6_P9_Y84_UO796,FXX,1,0.0,0,0,0.0,0,0,0,-9999.0,0.5437976351994962,1,P1_CV0,1,2,0,1,1
5,2.9965467367452314,4.002409126542999,RD5_F1_m1f5_P1_Y86_UO505,RD1_F5_m1f5_P1_Y84_UO50,RD5_F1_m5f1_P5_Y82_UO289,FXX,1,0.0,0,0,0.0,0,0,0,-9999.0,0.5437975929054915,1,P1_CV0,1,0,2,2,0
5,2.9965467367452314,4.002409126542999,RD5_F1_m1f5_P1_Y86_UO730,RD1_F5_m1f5_P1_Y84_UO116,RD5_F1_m5f1_P5_Y84_UO450,MXY,1,0.0,0,0,0.0,0,0,0,-9999.0,0.543797915942207,1,P1_CV0,1,2,0,0,2
5,2.9965467367452314,4.002409126542999,RD5_F2_m2f3_P2_Y86_UO521,RD2_F5_m3f5_P3_Y84_UO808,RD3_F6_m9f2_P9_Y84_UO349,FXX,1,0.0,0,0,0.0,0,0,0,-9999.0,0.5437975761389566,1,P1_CV0,1,2,0,0,2
5,2.9965467367452314,4.002409126542999,RD5_F1_m1f5_P1_Y86_UO519,RD1_F5_m1f5_P1_Y84_UO299,RD5_F2_m6f9_P6_Y84_UO311,MXY,1,0.0,0,0,0.0,0,0,0,-9999.0,0.5437979210312847,1,P3_CV0,1,1,1,0,2
5,2.9965467367452314,4.002409126542999,RD5_F2_m2f3_P2_Y86_UO93,RD2_F9_m2f6_P2_Y84_UO11,RD3_F7_m3f5_P3_Y84_UO130,FXX,1,0.0,0,0,0.0,0,0,0,-9999.0,0.5437975711586773,1,P3_CV0,1,1,1,2,0
5,2.9965467367452314,4.002409126542999,RD5_F1_m1f5_P1_Y86_UO626,RD1_F5_m2f5_P2_Y84_UO146,RD5_F3_m7f4_P7_Y84_UO765,FXX,1,0.0,0,0,0.0,0,0,0,-9999.0,0.5437980107280964,1,P3_CV0,1,2,0,2,0
5,2.9965467367452314,4.002409126542999,RD5_F1_m1f5_P1_Y86_UO578,RD1_F5_m2f6_P2_Y84_UO603,RD5_F3_m5f2_P5_Y84_UO271,MXY,1,0.0,0,0,0.0,0,0,0,-9999.0,0.5437975690107919,1,P3_CV0,1,0,2,1,1
5,2.9965467367452314,4.002409126542999,RD5_F1_m1f5_P1_Y86_UO580,RD1_F5_m2f6_P2_Y84_UO603,RD5_F3_m5f2_P5_Y84_UO271,FXX,1,0.0,0,0,0.0,0,0,0,-9999.0,0.5437975690107919,1,P3_CV0,1,1,1,1,1
5,2.9965467367452314,4.002409126542999,RD5_F1_m1f5_P1_Y86_UO512,RD1_F5_m1f5_P1_Y84_UO276,RD5_F3_m6f9_P6_Y84_UO814,FXX,1,0.0,0,0,0.0,0,0,0,-9999.0,0.5437977149666438,1,P3_CV0,1,1,1,0,2
5,2.9965467367452314,4.002409126542999,RD5_F2_m2f6_P2_Y86_UO340,RD2_F6_m9f6_P9_Y84_UO213,RD6_F9_m2f3_P2_Y84_UO460,FXX,1,0.0,0,0,0.0,0,0,0,-9999.0,0.5437978971210953,1,P3_CV0,1,1,1,2,0
5,2.9965467367452314,4.002409126542999,RD5_F3_m3f6_P3_Y86_UO436,RD3_F6_m9f6_P9_Y84_UO491,RD6_F9_m2f3_P2_Y84_UO108,FXX,1,0.0,0,0,0.0,0,0,0,-9999.0,0.5437980961296489,1,P3_CV0,1,1,1,1,1
5,2.9965467367452314,4.002409126542999,RD5_F1_m1f5_P1_Y86_UO513,RD1_F5_m1f5_P1_Y84_UO276,RD5_F3_m6f9_P6_Y84_UO814,FXX,1,0.0,0,0,0.0,0,0,0,-9999.0,0.5437977149666438,1,P3_CV0,1,2,0,0,2
5,2.9965467367452314,4.002409126542999,RD5_F1_m1f5_P1_Y86_UO313,RD1_F5_m1f5_P1_Y84_UO231,RD5_F1_m5f1_P5_Y84_UO153,FXX,1,0.0,0,0,0.0,0,0,0,-9999.0,0.5437977683336328,1,P3_CV0,1,1,1,1,1
5,2.9965467367452314,4.002409126542999,RD5_F2_m2f3_P2_Y86_UO535,RD2_F5_m3f5_P3_Y84_UO413,RD3_F2_m3f5_P3_Y84_UO69,FXX,1,0.0,0,0,0.0,0,0,0,-9999.0,0.5437973818331443,1,P3_CV0,1,1,1,1,1
5,2.9965467367452314,4.002409126542999,RD5_F1_m1f5_P1_Y86_UO627,RD1_F5_m2f5_P2_Y84_UO146,RD5_F3_m7f4_P7_Y84_UO765,FXX,1,0.0,0,0,0.0,0,0,0,-9999.0,0.5437980107280964,1,P3_CV0,1,2,0,1,1
5,2.9965467367452314,4.002409126542999,RD5_F1_m1f5_P1_Y86_UO552,RD1_F5_m1f5_P1_Y84_UO356,RD5_F1_m5f3_P5_Y84_UO776,FXX,1,0.0,0,0,0.0,0,0,0,-9999.0,0.5437978254503548,1,P3_CV0,1,0,2,0,2
5,2.9965467367452314,4.002409126542999,RD5_F1_m1f5_P1_Y86_UO571,RD1_F5_m1f5_P1_Y84_UO299,RD5_F1_m5f3_P5_Y84_UO317,MXY,1,0.0,0,0,0.0,0,0,0,-9999.0,0.5437984008855494,1,P3_CV0,1,1,1,1,1
5,2.9965467367452314,4.002409126542999,RD5_F1_m1f5_P1_Y86_UO331,RD1_F5_m1f5_P1_Y84_UO231,RD5_F1_m6f9_P6_Y80_UO306,MXY,1,0.0,0,0,0.0,0,0,0,-9999.0,0.5437981918550179,1,P3_CV0,1,1,1,1,1
5,2.9965467367452314,4.002409126542999,RD5_F1_m1f5_P1_Y86_UO570,RD1_F5_m1f5_P1_Y84_UO299,RD5_F1_m5f3_P5_Y84_UO317,FXX,1,0.0,0,0,0.0,0,0,0,-9999.0,0.5437984008855494,1,P3_CV0,1,2,0,1,1
5,2.9965467367452314,4.002409126542999,RD5_F1_m1f5_P1_Y86_UO664,RD1_F5_m2f5_P2_Y84_UO146,RD5_F1_m5f3_P5_Y84_UO306,MXY,1,0.0,0,0,0.0,0,0,0,-9999.0,0.5437979771185155,1,P3_CV0,1,2,0,2,0
5,2.9965467367452314,4.002409126542999,RD5_F1_m1f5_P1_Y84_UO276,RD1_F5_m1f5_P1_Y82_UO22,RD5_F1_m5f2_P5_Y82_UO145,FXX,3,0.0,1,0,1.0,0,0,0,-9999.0,0.5437980345946016,1,P3_CV0,1,2,0,1,1
5,2.9965467367452314,4.002409126542999,RD5_F1_m1f5_P1_Y84_UO206,RD1_F5_m3f6_P3_Y82_UO735,RD5_F1_m5f3_P5_Y82_UO744,MXY,3,0.0,1,0,0.0,0,0,0,-9999.0,0.5437980047427118,1,P3_CV0,1,1,1,1,1
5,2.9965467367452314,4.002409126542999,RD5_F1_m1f5_P1_Y84_UO207,RD1_F5_m3f6_P3_Y82_UO735,RD5_F1_m5f3_P5_Y82_UO744,MXY,3,0.0,1,0,0.0,0,0,0,-9999.0,0.5437980047427118,1,P3_CV0,1,1,1,0,2
5,2.9965467367452314,4.002409126542999,RD5_F1_m1f5_P1_Y86_UO144,RD1_F5_m3f2_P3_Y84_UO805,RD5_F3_m6f3_P6_Y84_UO585,FXX,1,0.0,0,0,0.0,0,0,0,-9999.0,0.5437976750550604,1,P4_CV0,1,1,1,0,2
5,2.9965467367452314,4.002409126542999,RD5_F1_m1f5_P1_Y86_UO104,RD1_F5_m3f2_P3_Y84_UO805,RD5_F3_m7f4_P7_Y84_UO415,FXX,1,0.0,0,0,0.0,0,0,0,-9999.0,0.5437973029793,1,P4_CV0,1,1,1,1,1
5,2.9965467367452314,4.002409126542999,RD5_F3_m3f6_P3_Y86_UO445,RD3_F6_m3f6_P3_Y84_UO774,RD6_F9_m6f2_P6_Y84_UO9,FXX,1,0.0,0,0,0.0,0,0,0,-9999.0,0.5437977478455309,1,P4_CV0,1,1,1,0,2
5,2.9965467367452314,4.002409126542999,RD5_F1_m1f5_P1_Y86_UO142,RD1_F5_m3f2_P3_Y84_UO805,RD5_F3_m6f3_P6_Y84_UO585,MXY,1,0.0,0,0,0.0,0,0,0,-9999.0,0.5437976750550604,1,P4_CV0,1,0,2,0,2
5,2.9965467367452314,4.002409126542999,RD5_F3_m3f7_P3_Y86_UO704,RD3_F6_m9f6_P9_Y84_UO214,RD7_F3_m7f4_P7_Y84_UO93,MXY,1,0.0,0,0,0.0,0,0,0,-9999.0,0.5437978922883815,1,P4_CV0,1,2,0,2,0
5,2.9965467367452314,4.002409126542999,RD5_F3_m3f6_P3_Y86_UO654,RD3_F6_m3f6_P3_Y84_UO775,RD6_F9_m6f3_P6_Y84_UO501,FXX,1,0.0,0,0,0.0,0,0,0,-9999.0,0.5437976338575936,1,P4_CV0,1,0,2,1,1
5,2.9965467367452314,4.002409126542999,RD5_F2_m2f3_P2_Y86_UO130,RD2_F6_m2f5_P2_Y84_UO120,RD3_F7_m4f8_P4_Y84_UO550,MXY,1,0.0,0,0,0.0,0,0,0,-9999.0,0.54379799904072,1,P4_CV0,1,1,1,2,0
5,2.9965467367452314,4.002409126542999,RD5_F1_m1f5_P1_Y86_UO640,RD1_F5_m3f7_P3_Y84_UO90,RD5_F3_m7f4_P7_Y84_UO771,MXY,1,0.0,0,0,0.0,0,0,0,-9999.0,0.5437976495853718,1,P4_CV0,1,2,0,2,0
5,2.9965467367452314,4.002409126542999,RD5_F1_m1f5_P1_Y86_UO101,RD1_F5_m3f2_P3_Y84_UO805,RD5_F3_m7f4_P7_Y84_UO415,FXX,1,0.0,0,0,0.0,0,0,0,-9999.0,0.5437973029793,1,P4_CV0,1,1,1,1,1
5,2.9965467367452314,4.002409126542999,RD5_F1_m1f5_P1_Y86_UO102,RD1_F5_m3f2_P3_Y84_UO805,RD5_F3_m7f4_P7_Y84_UO415,FXX,1,0.0,0,0,0.0,0,0,0,-9999.0,0.5437973029793,1,P4_CV0,1,1,1,1,1
5,2.9965467367452314,4.002409126542999,RD5_F1_m1f5_P1_Y86_UO518,RD1_F5_m1f5_P1_Y84_UO299,RD5_F2_m6f9_P6_Y84_UO311,MXY,1,0.0,0,0,0.0,0,0,0,-9999.0,0.5437979210312847,1,P4_CV0,1,1,1,1,1
5,2.9965467367452314,4.002409126542999,RD5_F3_m3f7_P3_Y86_UO353,RD3_F5_m2f6_P2_Y84_UO12,RD7_F3_m2f9_P2_Y84_UO47,FXX,1,0.0,0,0,0.0,0,0,0,-9999.0,0.5437973187806051,1,P4_CV0,1,2,0,1,1
5,2.9965467367452314,4.002409126542999,RD5_F1_m1f5_P1_Y86_UO665,RD1_F5_m2f5_P2_Y84_UO146,RD5_F1_m5f3_P5_Y84_UO306,MXY,1,0.0,0,0,0.0,0,0,0,-9999.0,0.5437979771185155,1,P4_CV0,1,2,0,1,1
5,2.9965467367452314,4.002409126542999,RD5_F2_m2f3_P2_Y86_UO482,RD2_F6_m9f2_P9_Y84_UO670,RD3_F5_m3f6_P3_Y84_UO224,MXY,1,0.0,0,0,0.0,0,0,0,-9999.0,0.543797628543075,1,P4_CV0,1,2,0,1,1
5,2.9965467367452314,4.002409126542999,RD5_F1_m1f5_P1_Y86_UO379,RD1_F5_m2f5_P2_Y84_UO146,RD5_F1_m5f3_P5_Y84_UO408,FXX,1,0.0,0,0,0.0,0,0,0,-9999.0,0.5437980174849315,1,P4_CV0,1,1,1,2,0
5,2.9965467367452314,4.002409126542999,RD5_F1_m1f5_P1_Y86_UO380,RD1_F5_m2f5_P2_Y84_UO146,RD5_F1_m5f3_P5_Y84_UO408,MXY,1,0.0,0,0,0.0,0,0,0,-9999.0,0.5437980174849315,1,P4_CV0,1,1,1,2,0
5,2.9965467367452314,4.002409126542999,RD5_F1_m1f5_P1_Y86_UO639,RD1_F5_m3f7_P3_Y84_UO90,RD5_F3_m7f4_P7_Y84_UO771,MXY,1,0.0,0,0,0.0,0,0,0,-9999.0,0.5437976495853718,1,P4_CV0,1,2,0,2,0
5,2.9965467367452314,4.002409126542999,RD5_F3_m3f7_P3_Y86_UO496,RD3_F2_m3f5_P3_Y84_UO342,RD7_F4_m7f3_P7_Y84_UO542,MXY,1,0.0,0,0,0.0,0,0,0,-9999.0,0.5437978410233768,1,P4_CV0,1,1,1,0,2
5,2.9965467367452314,4.002409126542999,RD5_F1_m1f5_P1_Y86_UO596,RD1_F5_m3f5_P3_Y84_UO135,RD5_F1_m5f1_P5_Y84_UO26,FXX,1,0.0,0,0,0.0,0,0,0,-9999.0,0.5437980610761031,1,P4_CV0,1,1,1,1,1
5,2.9965467367452314,4.002409126542999,RD5_F2_m2f3_P2_Y86_UO398,RD2_F3_m5f2_P5_Y84_UO743,RD3_F2_m6f9_P6_Y84_UO815,MXY,1,0.0,0,0,0.0,0,0,0,-9999.0,0.5437974075193495,1,P4_CV0,1,0,2,1,1
5,2.9965467367452314,4.002409126542999,RD5_F1_m1f5_P1_Y86_UO731,RD1_F5_m1f5_P1_Y84_UO116,RD5_F1_m5f1_P5_Y84_UO450,FXX,1,0.0,0,0,0.0,0,0,0,-9999.0,0.543797915942207,1,P4_CV0,1,2,0,0,2
5,2.9965467367452314,4.002409126542999,RD5_F3_m3f6_P3_Y86_UO151,RD3_F7_m4f7_P4_Y84_UO759,RD6_F9_m6f9_P6_Y84_UO712,FXX,1,0.0,0,0,0.0,0,0,0,-9999.0,0.5437978744316752,1,P4_CV0,1,1,1,1,1
5,2.9965467367452314,4.002409126542999,RD5_F3_m3f7_P3_Y86_UO655,RD3_F6_m2f6_P2_Y84_UO412,RD7_F3_m7f3_P7_Y84_UO473,FXX,1,0.0,0,0,0.0,0,0,0,-9999.0,0.5437981542596901,1,P4_CV0,1,0,2,2,0
5,2.9965467367452314,4.002409126542999,RD5_F3_m3f6_P3_Y86_UO227,RD3_F6_m3f6_P3_Y84_UO775,RD6_F9_m6f3_P6_Y84_UO500,FXX,1,0.0,0,0,0.0,0,0,0,-9999.0,0.5437974247731745,1,P4_CV0,1,1,1,1,1
5,2.9965467367452314,4.002409126542999,RD5_F3_m3f5_P3_Y86_UO123,RD3_F6_m9f6_P9_Y84_UO791,RD5_F1_m5f3_P5_Y84_UO408,FXX,1,0.0,0,0,0.0,0,0,0,-9999.0,0.5437978281748315,1,P4_CV0,1,1,1,1,1
5,2.9965467367452314,4.002409126542999,RD5_F1_m2f3_P2_Y84_UO109,RD2_F6_m2f3_P2_Y82_UO420,RD3_F5_m1f5_P1_Y82_UO507,MXY,3,0.0,1,0,0.0,0,0,0,-9999.0,0.5437980526078263,1,P4_CV0,1,0,2,0,2
5,2.9965467367452314,4.002409126542999,RD5_F3_m9f6_P9_Y84_UO791,RD9_F2_m3f6_P3_Y82_UO237,RD6_F3_m7f4_P7_Y82_UO713,FXX,3,0.0,1,0,1.0,0,0,0,-9999.0,0.5437978264228605,1,P4_CV0,1,2,0,1,1
5,2.9965467367452314,4.002409126542999,RD5_F2_m2f5_P2_Y84_UO120,RD2_F9_m6f9_P6_Y82_UO454,RD5_F1_m5f2_P5_Y82_UO650,FXX,3,0.0,1,0,1.0,0,0,0,-9999.0,0.543797760324253,1,P4_CV0,1,1,1,2,0
5,2.9965467367452314,4.002409126542999,RD5_F2_m2f3_P2_Y86_UO25,RD2_F3_m5f2_P5_Y84_UO743,RD3_F7_m4f8_P4_Y84_UO550,FXX,1,0.0,0,0,0.0,0,0,0,-9999.0,0.5437978287286,1,P6_CV0,1,0,2,2,0
5,2.9965467367452314,4.002409126542999,RD5_F3_m3f7_P3_Y86_UO391,RD3_F6_m9f6_P9_Y84_UO334,RD7_F3_m6f2_P6_Y84_UO391,MXY,1,0.0,0,0,0.0,0,0,0,-9999.0,0.5437976974806702,1,P6_CV0,1,2,0,1,1
5,2.9965467367452314,4.002409126542999,RD5_F2_m2f6_P2_Y86_UO573,RD2_F9_m6f3_P6_Y84_UO727,RD6_F9_m6f3_P6_Y84_UO501,FXX,1,0.0,0,0,0.0,0,0,0,-9999.0,0.5437975400296295,1,P8_CV0,1,1,1,1,1
5,2.9965467367452314,4.002409126542999,RD5_F1_m1f5_P1_Y86_UO251,RD1_F5_m1f5_P1_Y84_UO229,RD5_F2_m6f2_P6_Y84_UO647,MXY,1,0.0,0,0,0.0,0,0,0,-9999.0,0.5437975402476525,1,P8_CV0,1,1,1,1,1
5,2.9965467367452314,4.002409126542999,RD5_F1_m1f5_P1_Y86_UO32,RD1_F5_m3f5_P3_Y84_UO135,RD5_F3_m6f9_P6_Y84_UO814,MXY,1,0.0,0,0,0.0,0,0,0,-9999.0,0.5437976233387758,1,P8_CV0,1,0,2,1,1
5,2.9965467367452314,4.002409126542999,RD5_F1_m1f5_P1_Y86_UO721,RD1_F5_m1f5_P1_Y84_UO116,RD5_F1_m5f3_P5_Y84_UO320,FXX,1,0.0,0,0,0.0,0,0,0,-9999.0,0.543797581851635,1,P8_CV0,1,1,1,0,2
5,2.9965467367452314,4.002409126542999,RD5_F1_m1f5_P1_Y86_UO323,RD1_F5_m1f5_P1_Y84_UO231,RD5_F1_m5f1_P5_Y84_UO360,FXX,1,0.0,0,0,0.0,0,0,0,-9999.0,0.5437975635263399,1,P8_CV0,1,1,1,2,0
5,2.9965467367452314,4.002409126542999,RD5_F1_m1f5_P1_Y86_UO314,RD1_F5_m1f5_P1_Y84_UO231,RD5_F1_m5f1_P5_Y84_UO153,MXY,1,0.0,0,0,0.0,0,0,0,-9999.0,0.5437977683336328,1,P8_CV0,1,2,0,1,1
5,2.9965467367452314,4.002409126542999,RD5_F1_m1f5_P1_Y86_UO281,RD1_F5_m1f5_P1_Y84_UO229,RD5_F3_m5f2_P5_Y84_UO271,FXX,1,0.0,0,0,0.0,0,0,0,-9999.0,0.5437975779554449,1,P8_CV0,1,2,0,2,0
5,2.9965467367452314,4.002409126542999,RD5_F1_m1f5_P1_Y86_UO280,RD1_F5_m1f5_P1_Y84_UO229,RD5_F3_m5f2_P5_Y84_UO271,MXY,1,0.0,0,0,0.0,0,0,0,-9999.0,0.5437975779554449,1,P8_CV0,1,1,1,2,0
5,2.9965467367452314,4.002409126542999,RD5_F1_m1f5_P1_Y86_UO322,RD1_F5_m1f5_P1_Y84_UO231,RD5_F1_m5f1_P5_Y84_UO360,MXY,1,0.0,0,0,0.0,0,0,0,-9999.0,0.5437975635263399,1,P8_CV0,1,1,1,1,1
5,2.9965467367452314,4.002409126542999,RD5_F1_m1f5_P1_Y86_UO310,RD1_F5_m1f5_P1_Y84_UO231,RD5_F1_m5f1_P5_Y84_UO153,MXY,1,0.0,0,0,0.0,0,0,0,-9999.0,0.5437977683336328,1,P8_CV0,1,1,1,2,0
5,2.9965467367452314,4.002409126542999,RD5_F1_m1f5_P1_Y86_UO252,RD1_F5_m1f5_P1_Y84_UO229,RD5_F2_m6f2_P6_Y84_UO647,FXX,1,0.0,0,0,0.0,0,0,0,-9999.0,0.5437975402476525,1,P8_CV0,1,1,1,1,1
5,2.9965467367452314,4.002409126542999,RD5_F1_m1f5_P1_Y86_UO549,RD1_F5_m1f5_P1_Y84_UO356,RD5_F1_m5f3_P5_Y84_UO776,FXX,1,0.0,0,0,0.0,0,0,0,-9999.0,0.5437978254503548,1,P8_CV0,1,2,0,0,2
5,2.9965467367452314,4.002409126542999,RD5_F1_m1f5_P1_Y86_UO727,RD1_F5_m1f5_P1_Y84_UO231,RD5_F1_m5f2_P5_Y84_UO331,MXY,1,0.0,0,0,0.0,0,0,0,-9999.0,0.5437977060333594,1,P8_CV0,1,2,0,2,0
5,2.9965467367452314,4.002409126542999,RD5_F1_m1f5_P1_Y86_UO103,RD1_F5_m3f2_P3_Y84_UO805,RD5_F3_m7f4_P7_Y84_UO415,FXX,1,0.0,0,0,0.0,0,0,0,-9999.0,0.5437973029793,1,P8_CV0,1,2,0,1,1
5,2.9965467367452314,4.002409126542999,RD5_F1_m1f5_P1_Y86_UO333,RD1_F5_m1f5_P1_Y84_UO231,RD5_F1_m6f9_P6_Y80_UO306,MXY,1,0.0,0,0,0.0,0,0,0,-9999.0,0.5437981918550179,1,P8_CV0,1,2,0,0,2
5,2.9965467367452314,4.002409126542999,RD5_F1_m1f5_P1_Y86_UO250,RD1_F5_m1f5_P1_Y84_UO229,RD5_F2_m6f2_P6_Y84_UO647,MXY,1,0.0,0,0,0.0,0,0,0,-9999.0,0.5437975402476525,1,P8_CV0,1,0,2,0,2
5,2.9965467367452314,4.002409126542999,RD5_F1_m1f5_P1_Y86_UO79,RD1_F5_m1f5_P1_Y84_UO229,RD5_F1_m5f3_P5_Y84_UO306,FXX,1,0.0,0,0,0.0,0,0,0,-9999.0,0.5437976866280678,1,P8_CV0,1,2,0,2,0
5,2.9965467367452314,4.002409126542999,RD5_F2_m2f9_P2_Y86_UO265,RD2_F6_m9f6_P9_Y84_UO29,RD9_F6_m2f9_P2_Y84_UO45,FXX,1,0.0,0,0,0.0,0,0,0,-9999.0,0.5437974533912779,1,P8_CV0,1,2,0,0,2
5,2.9965467367452314,4.002409126542999,RD5_F1_m1f5_P1_Y86_UO33,RD1_F5_m3f5_P3_Y84_UO135,RD5_F3_m6f9_P6_Y84_UO814,FXX,1,0.0,0,0,0.0,0,0,0,-9999.0,0.5437976233387758,1,P8_CV0,1,2,0,1,1
5,2.9965467367452314,4.002409126542999,RD5_F1_m1f5_P1_Y86_UO553,RD1_F5_m1f5_P1_Y84_UO356,RD5_F1_m5f3_P5_Y84_UO776,FXX,1,0.0,0,0,0.0,0,0,0,-9999.0,0.5437978254503548,1,P8_CV0,1,0,2,1,1
5,2.9965467367452314,4.002409126542999,RD5_F1_m1f5_P1_Y86_UO81,RD1_F5_m1f5_P1_Y84_UO229,RD5_F1_m5f3_P5_Y84_UO306,FXX,1,0.0,0,0,0.0,0,0,0,-9999.0,0.5437976866280678,1,P8_CV0,1,1,1,0,2
5,2.9965467367452314,4.002409126542999,RD5_F1_m1f5_P1_Y86_UO282,RD1_F5_m1f5_P1_Y84_UO229,RD5_F3_m5f2_P5_Y84_UO271,FXX,1,0.0,0,0,0.0,0,0,0,-9999.0,0.5437975779554449,1,P8_CV0,1,0,2,2,0
5,2.9965467367452314,4.002409126542999,RD5_F2_m2f3_P2_Y86_UO76,RD2_F5_m2f5_P2_Y84_UO67,RD3_F5_m1f5_P1_Y84_UO226,FXX,1,0.0,0,0,0.0,0,0,0,-9999.0,0.5437976915175682,1,P8_CV0,1,1,1,1,1
5,2.9965467367452314,4.002409126542999,RD5_F1_m1f5_P1_Y86_UO320,RD1_F5_m1f5_P1_Y84_UO231,RD5_F1_m5f1_P5_Y84_UO360,MXY,1,0.0,0,0,0.0,0,0,0,-9999.0,0.5437975635263399,1,P8_CV0,1,0,2,2,0
5,2.9965467367452314,4.002409126542999,RD5_F1_m1f5_P1_Y86_UO284,RD1_F5_m1f5_P1_Y84_UO229,RD5_F3_m5f2_P5_Y84_UO271,MXY,1,0.0,0,0,0.0,0,0,0,-9999.0,0.5437975779554449,1,P8_CV0,1,0,2,2,0
5,2.9965467367452314,4.002409126542999,RD5_F1_m1f5_P1_Y86_UO579,RD1_F5_m2f6_P2_Y84_UO603,RD5_F3_m5f2_P5_Y84_UO271,FXX,1,0.0,0,0,0.0,0,0,0,-9999.0,0.5437975690107919,1,P8_CV0,1,2,0,1,1
5,2.9965467367452314,4.002409126542999,RD5_F1_m1f5_P1_Y86_UO311,RD1_F5_m1f5_P1_Y84_UO231,RD5_F1_m5f1_P5_Y84_UO153,MXY,1,0.0,0,0,0.0,0,0,0,-9999.0,0.5437977683336328,1,P8_CV0,1,0,2,2,0
5,2.9965467367452314,4.002409126542999,RD5_F1_m1f5_P1_Y86_UO465,RD1_F5_m1f5_P1_Y84_UO50,RD5_F1_m5f2_P5_Y84_UO331,FXX,1,0.0,0,0,0.0,0,0,0,-9999.0,0.5437977843410522,1,P8_CV0,1,2,0,2,0
5,2.9965467367452314,4.002409126542999,RD5_F1_m1f5_P1_Y86_UO249,RD1_F5_m1f5_P1_Y84_UO229,RD5_F2_m6f2_P6_Y84_UO647,FXX,1,0.0,0,0,0.0,0,0,0,-9999.0,0.5437975402476525,1,P8_CV0,1,2,0,2,0
5,2.9965467367452314,4.002409126542999,RD5_F1_m1f5_P1_Y86_UO467,RD1_F5_m1f5_P1_Y84_UO50,RD5_F1_m5f2_P5_Y84_UO331,MXY,1,0.0,0,0,0.0,0,0,0,-9999.0,0.5437977843410522,1,P8_CV0,1,1,1,2,0
5,2.9965467367452314,4.002409126542999,RD5_F3_m3f5_P3_Y86_UO752,RD3_F2_m3f5_P3_Y84_UO342,RD5_F2_m6f2_P6_Y84_UO647,FXX,1,0.0,0,0,0.0,0,0,0,-9999.0,0.5437976900103934,1,P8_CV0,1,0,2,0,2
5,2.9965467367452314,4.002409126542999,RD5_F1_m1f5_P1_Y84_UO229,RD1_F5_m1f5_P1_Y82_UO362,RD5_F1_m5f1_P5_Y82_UO722,FXX,3,0.0,1,0,1.0,0,0,0,-9999.0,0.5437976240621651,1,P8_CV0,1,1,1,1,1
5,2.9965467367452314,4.002409126542999,RD5_F1_m1f5_P1_Y84_UO356,RD1_F5_m1f5_P1_Y82_UO569,RD5_F1_m5f2_P5_Y82_UO267,FXX,3,0.0,1,0,1.0,0,0,0,-9999.0,0.5437974742059168,1,P8_CV0,1,1,1,0,2
6,6.211338327692949,7.937131414155586,RD6_F3_m3f7_P3_Y86_UO389,RD3_F6_m9f6_P9_Y84_UO334,RD7_F3_m6f2_P6_Y84_UO391,FXX,1,0.0,0,0,0.0,0,0,0,-9999.0,0.5437976974806702,1,P1_CV0,1,2,0,0,2
6,6.211338327692949,7.937131414155586,RD6_F3_m3f6_P3_Y86_UO443,RD3_F6_m3f6_P3_Y84_UO774,RD6_F9_m6f2_P6_Y84_UO9,FXX,1,0.0,0,0,0.0,0,0,0,-9999.0,0.5437977478455309,1,P1_CV0,1,1,1,0,2
6,6.211338327692949,7.937131414155586,RD6_F9_m9f2_P9_Y86_UO247,RD9_F2_m3f6_P3_Y84_UO593,RD2_F9_m6f2_P6_Y84_UO724,FXX,1,0.0,0,0,0.0,0,0,0,-9999.0,0.5437972708744496,1,P1_CV0,1,1,1,1,1
6,6.211338327692949,7.937131414155586,RD6_F9_m9f6_P9_Y86_UO472,RD9_F2_m6f3_P6_Y84_UO282,RD6_F9_m6f3_P6_Y84_UO621,MXY,1,0.0,0,0,0.0,0,0,0,-9999.0,0.5437976435447922,1,P1_CV0,1,2,0,1,1
6,6.211338327692949,7.937131414155586,RD6_F3_m3f6_P3_Y86_UO679,RD3_F2_m5f1_P5_Y84_UO384,RD6_F9_m6f3_P6_Y84_UO286,MXY,1,0.0,0,0,0.0,0,0,0,-9999.0,0.5437977555814939,1,P3_CV0,1,2,0,1,1
6,6.211338327692949,7.937131414155586,RD6_F9_m9f6_P9_Y86_UO618,RD9_F6_m2f3_P2_Y84_UO615,RD6_F9_m6f3_P6_Y84_UO500,MXY,1,0.0,0,0,0.0,0,0,0,-9999.0,0.5437972040045906,1,P3_CV0,1,2,0,0,2
6,6.211338327692949,7.937131414155586,RD6_F9_m9f6_P9_Y86_UO96,RD9_F2_m5f2_P5_Y84_UO163,RD6_F9_m6f2_P6_Y84_UO512,FXX,1,0.0,0,0,0.0,0,0,0,-9999.0,0.5437979261276382,1,P3_CV0,1,1,1,0,2
6,6.211338327692949,7.937131414155586,RD6_F3_m3f7_P3_Y86_UO543,RD3_F2_m3f5_P3_Y84_UO342,RD7_F3_m2f9_P2_Y84_UO47,MXY,1,0.0,0,0,0.0,0,0,0,-9999.0,0.5437974646422674,1,P3_CV0,1,1,1,0,2
6,6.211338327692949,7.937131414155586,RD6_F9_m9f6_P9_Y86_UO325,RD9_F6_m9f6_P9_Y84_UO145,RD6_F9_m6f2_P6_Y84_UO375,FXX,1,0.0,0,0,0.0,0,0,0,-9999.0,0.5437978902520229,1,P3_CV0,1,2,0,2,0
6,6.211338327692949,7.937131414155586,RD6_F3_m3f7_P3_Y86_UO232,RD3_F2_m3f5_P3_Y84_UO136,RD7_F4_m7f4_P7_Y84_UO750,MXY,1,0.0,0,0,0.0,0,0,0,-9999.0,0.5437974268888013,1,P3_CV0,1,2,0,1,1
6,6.211338327692949,7.937131414155586,RD6_F3_m3f6_P3_Y86_UO479,RD3_F5_m1f5_P1_Y84_UO554,RD6_F9_m6f9_P6_Y84_UO425,FXX,1,0.0,0,0,0.0,0,0,0,-9999.0,0.5437977832689853,1,P3_CV0,1,2,0,2,0
6,6.211338327692949,7.937131414155586,RD6_F3_m3f5_P3_Y86_UO750,RD3_F2_m3f5_P3_Y84_UO342,RD5_F2_m6f2_P6_Y84_UO647,FXX,1,0.0,0,0,0.0,0,0,0,-9999.0,0.5437976900103934,1,P3_CV0,1,1,1,0,2
6,6.211338327692949,7.937131414155586,RD6_F9_m9f2_P9_Y86_UO433,RD9_F6_m9f6_P9_Y84_UO493,RD2_F6_m2f6_P2_Y84_UO258,FXX,1,0.0,0,0,0.0,0,0,0,-9999.0,0.5437976951599524,1,P3_CV0,1,2,0,2,0
6,6.211338327692949,7.937131414155586,RD6_F2_m2f6_P2_Y86_UO577,RD2_F9_m2f6_P2_Y84_UO11,RD6_F9_m6f2_P6_Y84_UO118,MXY,1,0.0,0,0,0.0,0,0,0,-9999.0,0.5437976940032456,1,P3_CV0,1,2,0,2,0
6,6.211338327692949,7.937131414155586,RD6_F3_m3f5_P3_Y86_UO753,RD3_F2_m3f5_P3_Y84_UO342,RD5_F2_m6f2_P6_Y84_UO647,MXY,1,0.0,0,0,0.0,0,0,0,-9999.0,0.5437976900103934,1,P3_CV0,1,1,1,0,2
6,6.211338327692949,7.937131414155586,RD6_F9_m9f6_P9_Y86_UO74,RD9_F2_m6f3_P6_Y84_UO282,RD6_F2_m3f5_P3_Y84_UO675,MXY,1,0.0,0,0,0.0,0,0,0,-9999.0,0.5437976302862921,1,P3_CV0,1,2,0,1,1
6,6.211338327692949,7.937131414155586,RD6_F2_m2f5_P2_Y86_UO10,RD2_F5_m1f5_P1_Y84_UO358,RD5_F1_m5f3_P5_Y84_UO678,MXY,1,0.0,0,0,0.0,0,0,0,-9999.0,0.5437976393120891,1,P3_CV0,1,1,1,2,0
6,6.211338327692949,7.937131414155586,RD6_F3_m3f7_P3_Y86_UO499,RD3_F2_m3f5_P3_Y84_UO342,RD7_F4_m7f3_P7_Y84_UO542,FXX,1,0.0,0,0,0.0,0,0,0,-9999.0,0.5437978410233768,1,P3_CV0,1,1,1,0,2
6,6.211338327692949,7.937131414155586,RD6_F9_m9f6_P9_Y86_UO98,RD9_F2_m5f2_P5_Y84_UO163,RD6_F9_m6f2_P6_Y84_UO512,FXX,1,0.0,0,0,0.0,0,0,0,-9999.0,0.5437979261276382,1,P3_CV0,1,2,0,0,2
6,6.211338327692949,7.937131414155586,RD6_F9_m9f6_P9_Y86_UO48,RD9_F6_m3f5_P3_Y84_UO129,RD6_F2_m3f2_P3_Y84_UO660,MXY,1,0.0,0,0,0.0,0,0,0,-9999.0,0.5437975819909582,1,P3_CV0,1,0,2,1,1
6,6.211338327692949,7.937131414155586,RD6_F9_m9f6_P9_Y86_UO245,RD9_F6_m3f5_P3_Y84_UO129,RD6_F9_m6f2_P6_Y84_UO634,MXY,1,0.0,0,0,0.0,0,0,0,-9999.0,0.5437975333090321,1,P3_CV0,1,1,1,2,0
6,6.211338327692949,7.937131414155586,RD6_F3_m3f7_P3_Y86_UO229,RD3_F2_m3f5_P3_Y84_UO136,RD7_F4_m7f4_P7_Y84_UO750,MXY,1,0.0,0,0,0.0,0,0,0,-9999.0,0.5437974268888013,1,P3_CV0,1,2,0,0,2
6,6.211338327692949,7.937131414155586,RD6_F9_m9f6_P9_Y86_UO97,RD9_F2_m5f2_P5_Y84_UO163,RD6_F9_m6f2_P6_Y84_UO512,MXY,1,0.0,0,0,0.0,0,0,0,-9999.0,0.5437979261276382,1,P3_CV0,1,1,1,1,1
6,6.211338327692949,7.937131414155586,RD6_F2_m2f5_P2_Y86_UO8,RD2_F5_m1f5_P1_Y84_UO358,RD5_F1_m5f3_P5_Y84_UO678,MXY,1,0.0,0,0,0.0,0,0,0,-9999.0,0.5437976393120891,1,P3_CV0,1,2,0,2,0
6,6.211338327692949,7.937131414155586,RD6_F2_m9f6_P9_Y84_UO242,RD9_F2_m9f6_P9_Y82_UO64,RD6_F2_m6f9_P6_Y82_UO408,MXY,3,0.0,1,0,0.0,0,0,0,-9999.0,0.5437976578593862,1,P3_CV0,1,1,1,0,2
6,6.211338327692949,7.937131414155586,RD6_F2_m2f9_P2_Y86_UO392,RD2_F3_m6f3_P6_Y84_UO549,RD9_F2_m6f2_P6_Y84_UO303,MXY,1,0.0,0,0,0.0,0,0,0,-9999.0,0.5437976195115084,1,P4_CV0,1,1,1,1,1
6,6.211338327692949,7.937131414155586,RD6_F3_m3f6_P3_Y86_UO652,RD3_F6_m3f6_P3_Y84_UO775,RD6_F9_m6f3_P6_Y84_UO501,FXX,1,0.0,0,0,0.0,0,0,0,-9999.0,0.5437976338575936,1,P4_CV0,1,0,2,0,2
6,6.211338327692949,7.937131414155586,RD6_F9_m9f6_P9_Y86_UO378,RD9_F6_m3f2_P3_Y84_UO813,RD6_F9_m6f3_P6_Y84_UO35,MXY,1,0.0,0,0,0.0,0,0,0,-9999.0,0.5437975996223656,1,P4_CV0,1,2,0,0,2
6,6.211338327692949,7.937131414155586,RD6_F9_m9f2_P9_Y86_UO114,RD9_F2_m3f2_P3_Y84_UO720,RD2_F9_m6f2_P6_Y84_UO635,FXX,1,0.0,0,0,0.0,0,0,0,-9999.0,0.5437976255309422,1,P4_CV0,1,0,2,0,2
6,6.211338327692949,7.937131414155586,RD6_F9_m9f2_P9_Y86_UO560,RD9_F6_m9f6_P9_Y84_UO257,RD2_F9_m2f5_P2_Y84_UO565,FXX,1,0.0,0,0,0.0,0,0,0,-9999.0,0.543797799606466,1,P4_CV0,1,1,1,1,1
6,6.211338327692949,7.937131414155586,RD6_F9_m9f6_P9_Y86_UO377,RD9_F6_m3f2_P3_Y84_UO813,RD6_F9_m6f3_P6_Y84_UO35,MXY,1,0.0,0,0,0.0,0,0,0,-9999.0,0.5437975996223656,1,P4_CV0,1,2,0,0,2
6,6.211338327692949,7.937131414155586,RD6_F2_m2f3_P2_Y86_UO397,RD2_F3_m5f2_P5_Y84_UO743,RD3_F2_m6f9_P6_Y84_UO815,MXY,1,0.0,0,0,0.0,0,0,0,-9999.0,0.5437974075193495,1,P4_CV0,1,1,1,2,0
6,6.211338327692949,7.937131414155586,RD6_F3_m3f7_P3_Y86_UO351,RD3_F5_m2f6_P2_Y84_UO12,RD7_F3_m2f9_P2_Y84_UO47,FXX,1,0.0,0,0,0.0,0,0,0,-9999.0,0.5437973187806051,1,P4_CV0,1,2,0,2,0
6,6.211338327692949,7.937131414155586,RD6_F3_m3f5_P3_Y86_UO120,RD3_F6_m9f6_P9_Y84_UO791,RD5_F1_m5f3_P5_Y84_UO408,MXY,1,0.0,0,0,0.0,0,0,0,-9999.0,0.5437978281748315,1,P4_CV0,1,2,0,2,0
6,6.211338327692949,7.937131414155586,RD6_F9_m9f2_P9_Y86_UO246,RD9_F2_m3f6_P3_Y84_UO593,RD2_F9_m6f2_P6_Y84_UO724,MXY,1,0.0,0,0,0.0,0,0,0,-9999.0,0.5437972708744496,1,P4_CV0,1,2,0,1,1
6,6.211338327692949,7.937131414155586,RD6_F2_m2f3_P2_Y86_UO401,RD2_F5_m1f5_P1_Y84_UO75,RD3_F6_m9f6_P9_Y84_UO255,FXX,1,0.0,0,0,0.0,0,0,0,-9999.0,0.5437979723341755,1,P4_CV0,1,1,1,2,0
6,6.211338327692949,7.937131414155586,RD6_F3_m3f6_P3_Y86_UO508,RD3_F2_m6f9_P6_Y84_UO762,RD6_F2_m6f2_P6_Y84_UO625,FXX,1,0.0,0,0,0.0,0,0,0,-9999.0,0.5437977230581339,1,P4_CV0,1,2,0,1,1
6,6.211338327692949,7.937131414155586,RD6_F3_m3f5_P3_Y86_UO122,RD3_F6_m9f6_P9_Y84_UO791,RD5_F1_m5f3_P5_Y84_UO408,FXX,1,0.0,0,0,0.0,0,0,0,-9999.0,0.5437978281748315,1,P4_CV0,1,2,0,2,0
6,6.211338327692949,7.937131414155586,RD6_F9_m9f6_P9_Y86_UO456,RD9_F2_m9f6_P9_Y84_UO268,RD6_F2_m9f2_P9_Y84_UO690,FXX,1,0.0,0,0,0.0,0,0,0,-9999.0,0.5437977808085463,1,P4_CV0,1,1,1,2,0
6,6.211338327692949,7.937131414155586,RD6_F9_m9f2_P9_Y86_UO558,RD9_F6_m9f6_P9_Y84_UO257,RD2_F9_m2f5_P2_Y84_UO565,MXY,1,0.0,0,0,0.0,0,0,0,-9999.0,0.543797799606466,1,P4_CV0,1,1,1,0,2
6,6.211338327692949,7.937131414155586,RD6_F2_m2f5_P2_Y86_UO413,RD2_F9_m6f3_P6_Y84_UO287,RD5_F3_m6f3_P6_Y84_UO585,FXX,1,0.0,0,0,0.0,0,0,0,-9999.0,0.5437978907451395,1,P4_CV0,1,1,1,0,2
6,6.211338327692949,7.937131414155586,RD6_F3_m3f7_P3_Y86_UO703,RD3_F6_m9f6_P9_Y84_UO214,RD7_F3_m7f4_P7_Y84_UO93,MXY,1,0.0,0,0,0.0,0,0,0,-9999.0,0.5437978922883815,1,P4_CV0,1,1,1,2,0
6,6.211338327692949,7.937131414155586,RD6_F9_m9f6_P9_Y86_UO124,RD9_F2_m3f2_P3_Y84_UO40,RD6_F9_m2f9_P2_Y84_UO532,FXX,1,0.0,0,0,0.0,0,0,0,-9999.0,0.5437976987354602,1,P4_CV0,1,2,0,2,0
6,6.211338327692949,7.937131414155586,RD6_F2_m2f3_P2_Y86_UO51,RD2_F3_m5f3_P5_Y84_UO795,RD3_F6_m9f2_P9_Y84_UO349,MXY,1,0.0,0,0,0.0,0,0,0,-9999.0,0.5437981240356464,1,P4_CV0,1,2,0,1,1
6,6.211338327692949,7.937131414155586,RD6_F9_m9f2_P9_Y86_UO70,RD9_F6_m9f6_P9_Y84_UO145,RD2_F6_m9f6_P9_Y84_UO704,FXX,1,0.0,0,0,0.0,0,0,0,-9999.0,0.5437976630522314,1,P4_CV0,1,2,0,2,0
6,6.211338327692949,7.937131414155586,RD6_F3_m3f6_P3_Y86_UO150,RD3_F7_m4f7_P4_Y84_UO759,RD6_F9_m6f9_P6_Y84_UO712,MXY,1,0.0,0,0,0.0,0,0,0,-9999.0,0.5437978744316752,1,P4_CV0,1,1,1,1,1
6,6.211338327692949,7.937131414155586,RD6_F9_m9f2_P9_Y86_UO341,RD9_F6_m9f6_P9_Y84_UO797,RD2_F3_m7f4_P7_Y84_UO399,FXX,1,0.0,0,0,0.0,0,0,0,-9999.0,0.5437980391482427,1,P4_CV0,1,1,1,1,1
6,6.211338327692949,7.937131414155586,RD6_F9_m9f2_P9_Y86_UO528,RD9_F2_m9f2_P9_Y84_UO530,RD2_F9_m2f5_P2_Y84_UO22,FXX,1,0.0,0,0,0.0,0,0,0,-9999.0,0.5437975727981552,1,P4_CV0,1,1,1,1,1
6,6.211338327692949,7.937131414155586,RD6_F9_m9f2_P9_Y86_UO565,RD9_F6_m9f6_P9_Y84_UO145,RD2_F5_m1f5_P1_Y84_UO630,MXY,1,0.0,0,0,0.0,0,0,0,-9999.0,0.5437976910025668,1,P4_CV0,1,0,2,0,2
6,6.211338327692949,7.937131414155586,RD6_F2_m2f9_P2_Y86_UO41,RD2_F9_m6f9_P6_Y84_UO363,RD9_F2_m3f5_P3_Y84_UO452,MXY,1,0.0,0,0,0.0,0,0,0,-9999.0,0.5437977371093439,1,P4_CV0,1,2,0,0,2
6,6.211338327692949,7.937131414155586,RD6_F2_m2f6_P2_Y86_UO686,RD2_F6_m2f6_P2_Y84_UO327,RD6_F2_m9f2_P9_Y84_UO690,FXX,1,0.0,0,0,0.0,0,0,0,-9999.0,0.5437977650522612,1,P4_CV0,1,1,1,2,0
6,6.211338327692949,7.937131414155586,RD6_F2_m2f3_P2_Y86_UO399,RD2_F6_m9f2_P9_Y84_UO670,RD3_F5_m1f5_P1_Y84_UO275,FXX,1,0.0,0,0,0.0,0,0,0,-9999.0,0.5437979878624333,1,P4_CV0,1,1,1,1,1
6,6.211338327692949,7.937131414155586,RD6_F2_m2f3_P2_Y86_UO23,RD2_F3_m5f2_P5_Y84_UO743,RD3_F7_m4f8_P4_Y84_UO550,FXX,1,0.0,0,0,0.0,0,0,0,-9999.0,0.5437978287286,1,P4_CV0,1,0,2,2,0
6,6.211338327692949,7.937131414155586,RD6_F9_m9f6_P9_Y86_UO191,RD9_F6_m9f6_P9_Y84_UO797,RD6_F3_m6f9_P6_Y84_UO367,MXY,1,0.0,0,0,0.0,0,0,0,-9999.0,0.5437978405798845,1,P4_CV0,1,1,1,1,1
6,6.211338327692949,7.937131414155586,RD6_F2_m2f3_P2_Y86_UO520,RD2_F5_m3f5_P3_Y84_UO808,RD3_F6_m9f2_P9_Y84_UO349,MXY,1,0.0,0,0,0.0,0,0,0,-9999.0,0.5437975761389566,1,P4_CV0,1,2,0,0,2
6,6.211338327692949,7.937131414155586,RD6_F2_m2f5_P2_Y86_UO676,RD2_F9_m6f3_P6_Y84_UO281,RD5_F1_m5f1_P5_Y84_UO450,MXY,1,0.0,0,0,0.0,0,0,0,-9999.0,0.5437977192563608,1,P4_CV0,1,2,0,0,2
6,6.211338327692949,7.937131414155586,RD6_F2_m2f6_P2_Y86_UO442,RD2_F3_m5f3_P5_Y84_UO795,RD6_F9_m6f3_P6_Y84_UO36,FXX,1,0.0,0,0,0.0,0,0,0,-9999.0,0.5437981877914524,1,P4_CV0,1,2,0,0,2
6,6.211338327692949,7.937131414155586,RD6_F9_m9f2_P9_Y86_UO708,RD9_F2_m9f6_P9_Y84_UO379,RD2_F9_m6f9_P6_Y84_UO83,MXY,1,0.0,0,0,0.0,0,0,0,-9999.0,0.5437970704859652,1,P4_CV0,1,1,1,1,1
6,6.211338327692949,7.937131414155586,RD6_F2_m2f9_P2_Y86_UO263,RD2_F6_m9f6_P9_Y84_UO29,RD9_F6_m2f9_P2_Y84_UO45,FXX,1,0.0,0,0,0.0,0,0,0,-9999.0,0.5437974533912779,1,P4_CV0,1,1,1,0,2
6,6.211338327692949,7.937131414155586,RD6_F9_m9f2_P9_Y86_UO116,RD9_F2_m3f2_P3_Y84_UO720,RD2_F9_m6f2_P6_Y84_UO635,FXX,1,0.0,0,0,0.0,0,0,0,-9999.0,0.5437976255309422,1,P4_CV0,1,0,2,0,2
6,6.211338327692949,7.937131414155586,RD6_F9_m9f6_P9_Y86_UO192,RD9_F6_m9f6_P9_Y84_UO797,RD6_F3_m6f9_P6_Y84_UO367,MXY,1,0.0,0,0,0.0,0,0,0,-9999.0,0.5437978405798845,1,P4_CV0,1,1,1,1,1
6,6.211338327692949,7.937131414155586,RD6_F9_m9f6_P9_Y86_UO17,RD9_F6_m9f6_P9_Y84_UO215,RD6_F9_m6f3_P6_Y84_UO586,FXX,1,0.0,0,0,0.0,0,0,0,-9999.0,0.5437979825466073,1,P4_CV0,1,2,0,1,1
6,6.211338327692949,7.937131414155586,RD6_F2_m2f3_P2_Y86_UO402,RD2_F5_m1f5_P1_Y84_UO75,RD3_F6_m9f6_P9_Y84_UO255,MXY,1,0.0,0,0,0.0,0,0,0,-9999.0,0.5437979723341755,1,P4_CV0,1,2,0,1,1
6,6.211338327692949,7.937131414155586,RD6_F9_m9f6_P9_Y86_UO128,RD9_F6_m3f5_P3_Y84_UO129,RD6_F9_m6f2_P6_Y84_UO25,FXX,1,0.0,0,0,0.0,0,0,0,-9999.0,0.5437971119069971,1,P4_CV0,1,1,1,1,1
6,6.211338327692949,7.937131414155586,RD6_F9_m9f2_P9_Y86_UO300,RD9_F2_m9f6_P9_Y84_UO142,RD2_F6_m3f2_P3_Y84_UO807,MXY,1,0.0,0,0,0.0,0,0,0,-9999.0,0.5437979663830959,1,P4_CV0,1,1,1,1,1
6,6.211338327692949,7.937131414155586,RD6_F9_m9f2_P9_Y86_UO566,RD9_F6_m9f6_P9_Y84_UO145,RD2_F5_m1f5_P1_Y84_UO630,MXY,1,0.0,0,0,0.0,0,0,0,-9999.0,0.5437976910025668,1,P4_CV0,1,0,2,0,2
6,6.211338327692949,7.937131414155586,RD6_F9_m9f6_P9_Y86_UO125,RD9_F2_m3f2_P3_Y84_UO40,RD6_F9_m2f9_P2_Y84_UO532,MXY,1,0.0,0,0,0.0,0,0,0,-9999.0,0.5437976987354602,1,P4_CV0,1,0,2,2,0
6,6.211338327692949,7.937131414155586,RD6_F9_m9f2_P9_Y86_UO477,RD9_F2_m9f6_P9_Y84_UO159,RD2_F9_m6f2_P6_Y84_UO648,MXY,1,0.0,0,0,0.0,0,0,0,-9999.0,0.5437975700800735,1,P4_CV0,1,1,1,1,1
6,6.211338327692949,7.937131414155586,RD6_F9_m9f2_P9_Y86_UO478,RD9_F2_m9f6_P9_Y84_UO159,RD2_F9_m6f2_P6_Y84_UO648,MXY,1,0.0,0,0,0.0,0,0,0,-9999.0,0.5437975700800735,1,P4_CV0,1,1,1,1,1
6,6.211338327692949,7.937131414155586,RD6_F2_m2f3_P2_Y86_UO92,RD2_F9_m2f6_P2_Y84_UO11,RD3_F7_m3f5_P3_Y84_UO130,MXY,1,0.0,0,0,0.0,0,0,0,-9999.0,0.5437975711586773,1,P4_CV0,1,1,1,2,0
6,6.211338327692949,7.937131414155586,RD6_F9_m6f2_P6_Y84_UO633,RD6_F2_m9f6_P9_Y82_UO76,RD2_F6_m3f6_P3_Y82_UO100,MXY,3,0.0,1,0,0.0,0,0,0,-9999.0,0.5437975561650319,1,P4_CV0,1,2,0,2,0
6,6.211338327692949,7.937131414155586,RD6_F9_m9f6_P9_Y84_UO386,RD9_F2_m9f6_P9_Y82_UO284,RD6_F9_m2f9_P2_Y82_UO234,MXY,3,0.0,1,0,0.0,0,0,0,-9999.0,0.5437980802027482,1,P4_CV0,1,1,1,0,2
6,6.211338327692949,7.937131414155586,RD6_F3_m3f6_P3_Y84_UO775,RD3_F2_m5f2_P5_Y82_UO35,RD6_F9_m2f3_P2_Y82_UO74,FXX,3,0.0,1,0,1.0,0,0,0,-9999.0,0.5437979574915062,1,P4_CV0,1,1,1,0,2
6,6.211338327692949,7.937131414155586,RD6_F9_m9f6_P9_Y84_UO388,RD9_F2_m9f6_P9_Y82_UO284,RD6_F9_m2f9_P2_Y82_UO234,MXY,3,0.0,1,0,0.0,0,0,0,-9999.0,0.5437980802027482,1,P4_CV0,1,2,0,1,1
6,6.211338327692949,7.937131414155586,RD6_F2_m2f5_P2_Y84_UO21,RD2_F6_m3f2_P3_Y82_UO676,RD5_F1_m5f2_P5_Y82_UO647,MXY,3,0.0,1,0,0.0,0,0,0,-9999.0,0.5437975286159826,1,P4_CV0,1,1,1,0,2
6,6.211338327692949,7.937131414155586,RD6_F9_m9f2_P9_Y86_UO113,RD9_F2_m3f2_P3_Y84_UO720,RD2_F9_m6f2_P6_Y84_UO635,MXY,1,0.0,0,0,0.0,0,0,0,-9999.0,0.5437976255309422,1,P6_CV0,1,1,1,0,2
6,6.211338327692949,7.937131414155586,RD6_F2_m2f3_P2_Y86_UO131,RD2_F6_m2f5_P2_Y84_UO120,RD3_F7_m4f8_P4_Y84_UO550,MXY,1,0.0,0,0,0.0,0,0,0,-9999.0,0.54379799904072,1,P6_CV0,1,1,1,2,0
6,6.211338327692949,7.937131414155586,RD6_F2_m2f3_P2_Y86_UO473,RD2_F3_m6f3_P6_Y84_UO549,RD3_F7_m4f7_P4_Y84_UO653,FXX,1,0.0,0,0,0.0,0,0,0,-9999.0,0.5437982865067852,1,P6_CV0,1,2,0,0,2
6,6.211338327692949,7.937131414155586,RD6_F9_m9f2_P9_Y86_UO409,RD9_F2_m3f2_P3_Y84_UO720,RD2_F9_m6f2_P6_Y84_UO635,MXY,1,0.0,0,0,0.0,0,0,0,-9999.0,0.5437976255309422,1,P6_CV0,1,0,2,1,1
6,6.211338327692949,7.937131414155586,RD6_F3_m3f7_P3_Y86_UO690,RD3_F6_m9f6_P9_Y84_UO791,RD7_F4_m8f4_P8_Y84_UO637,MXY,1,0.0,0,0,0.0,0,0,0,-9999.0,0.5437980326493062,1,P6_CV0,1,2,0,1,1
6,6.211338327692949,7.937131414155586,RD6_F2_m2f9_P2_Y86_UO393,RD2_F3_m6f3_P6_Y84_UO549,RD9_F2_m6f2_P6_Y84_UO303,MXY,1,0.0,0,0,0.0,0,0,0,-9999.0,0.5437976195115084,1,P6_CV0,1,0,2,1,1
6,6.211338327692949,7.937131414155586,RD6_F3_m3f6_P3_Y86_UO149,RD3_F7_m4f7_P4_Y84_UO759,RD6_F9_m6f9_P6_Y84_UO712,FXX,1,0.0,0,0,0.0,0,0,0,-9999.0,0.5437978744316752,1,P6_CV0,1,1,1,1,1
6,6.211338327692949,7.937131414155586,RD6_F9_m9f2_P9_Y86_UO710,RD9_F6_m9f2_P9_Y84_UO336,RD2_F9_m6f2_P6_Y84_UO648,FXX,1,0.0,0,0,0.0,0,0,0,-9999.0,0.54379786190961,1,P8_CV0,1,2,0,1,1
6,6.211338327692949,7.937131414155586,RD6_F9_m9f2_P9_Y86_UO711,RD9_F6_m9f2_P9_Y84_UO336,RD2_F9_m6f2_P6_Y84_UO648,MXY,1,0.0,0,0,0.0,0,0,0,-9999.0,0.54379786190961,1,P8_CV0,1,0,2,0,2
6,6.211338327692949,7.937131414155586,RD6_F9_m9f6_P9_Y86_UO368,RD9_F2_m9f6_P9_Y84_UO379,RD6_F9_m2f5_P2_Y84_UO165,MXY,1,0.0,0,0,0.0,0,0,0,-9999.0,0.5437974032317641,1,P8_CV0,1,0,2,0,2
6,6.211338327692949,7.937131414155586,RD6_F2_m2f6_P2_Y86_UO666,RD2_F3_m5f3_P5_Y84_UO33,RD6_F2_m3f6_P3_Y84_UO13,FXX,1,0.0,0,0,0.0,0,0,0,-9999.0,0.5437981939062411,1,P8_CV0,1,2,0,2,0
6,6.211338327692949,7.937131414155586,RD6_F9_m9f2_P9_Y86_UO707,RD9_F2_m9f6_P9_Y84_UO379,RD2_F9_m6f9_P6_Y84_UO83,MXY,1,0.0,0,0,0.0,0,0,0,-9999.0,0.5437970704859652,1,P8_CV0,1,1,1,0,2
6,6.211338327692949,7.937131414155586,RD6_F9_m9f6_P9_Y86_UO367,RD9_F2_m9f6_P9_Y84_UO379,RD6_F9_m2f5_P2_Y84_UO165,MXY,1,0.0,0,0,0.0,0,0,0,-9999.0,0.5437974032317641,1,P8_CV0,1,0,2,0,2
6,6.211338327692949,7.937131414155586,RD6_F9_m9f6_P9_Y86_UO84,RD9_F6_m9f6_P9_Y84_UO493,RD6_F3_m6f3_P6_Y84_UO546,MXY,1,0.0,0,0,0.0,0,0,0,-9999.0,0.5437979316524206,1,P8_CV0,1,2,0,1,1
6,6.211338327692949,7.937131414155586,RD6_F9_m9f6_P9_Y86_UO42,RD9_F6_m9f6_P9_Y84_UO257,RD6_F2_m3f7_P3_Y84_UO218,MXY,1,0.0,0,0,0.0,0,0,0,-9999.0,0.5437980075249413,1,P8_CV0,1,2,0,0,2
6,6.211338327692949,7.937131414155586,RD6_F9_m9f2_P9_Y86_UO705,RD9_F2_m9f6_P9_Y84_UO379,RD2_F9_m6f9_P6_Y84_UO83,MXY,1,0.0,0,0,0.0,0,0,0,-9999.0,0.5437970704859652,1,P8_CV0,1,1,1,1,1
6,6.211338327692949,7.937131414155586,RD6_F2_m1f5_P1_Y84_UO630,RD1_F5_m1f5_P1_Y82_UO362,RD5_F3_m5f2_P5_Y82_UO646,MXY,3,0.0,1,0,0.0,0,0,0,-9999.0,0.5437975005331168,1,P8_CV0,1,0,2,1,1
6,6.211338327692949,7.937131414155586,RD6_F2_m2f6_P2_Y84_UO327,RD2_F9_m6f2_P6_Y82_UO97,RD6_F2_m6f9_P6_Y82_UO408,FXX,3,0.0,1,0,1.0,0,0,0,-9999.0,0.5437976894877465,1,P8_CV0,1,0,2,2,0
7,1.3457994534493356,7.703671818986196,RD7_F3_m3f6_P3_Y86_UO677,RD3_F2_m5f1_P5_Y84_UO384,RD6_F9_m6f3_P6_Y84_UO286,FXX,1,0.0,0,0,0.0,0,0,0,-9999.0,0.5437977555814939,1,P1_CV0,1,2,0,1,1
7,1.3457994534493356,7.703671818986196,RD7_F4_m4f7_P4_Y86_UO292,RD4_F8_m4f8_P4_Y84_UO448,RD7_F3_m2f9_P2_Y84_UO15,MXY,1,0.0,0,0,0.0,0,0,0,-9999.0,0.5437973659959425,1,P1_CV0,1,2,0,2,0
7,1.3457994534493356,7.703671818986196,RD7_F4_m4f7_P4_Y86_UO293,RD4_F8_m4f8_P4_Y84_UO448,RD7_F3_m2f9_P2_Y84_UO15,FXX,1,0.0,0,0,0.0,0,0,0,-9999.0,0.5437973659959425,1,P1_CV0,1,2,0,2,0
7,1.3457994534493356,7.703671818986196,RD7_F3_m3f5_P3_Y84_UO69,RD3_F5_m3f7_P3_Y82_UO425,RD5_F2_m5f3_P5_Y82_UO347,MXY,3,0.0,1,0,0.0,0,0,0,-9999.0,0.5437976784108969,1,P1_CV0,1,2,0,0,2
7,1.3457994534493356,7.703671818986196,RD7_F3_m9f6_P9_Y84_UO334,RD9_F2_m6f9_P6_Y82_UO675,RD6_F9_m6f3_P6_Y82_UO613,FXX,3,0.0,1,0,1.0,0,0,0,-9999.0,0.5437976589673212,1,P1_CV0,1,2,0,1,1
7,1.3457994534493356,7.703671818986196,RD7_F3_m3f6_P3_Y86_UO371,RD3_F6_m9f6_P9_Y84_UO491,RD6_F9_m6f9_P6_Y84_UO761,FXX,1,0.0,0,0,0.0,0,0,0,-9999.0,0.5437979478849684,1,P3_CV0,1,2,0,1,1
7,1.3457994534493356,7.703671818986196,RD7_F3_m3f6_P3_Y86_UO438,RD3_F6_m9f6_P9_Y84_UO491,RD6_F9_m2f3_P2_Y84_UO108,MXY,1,0.0,0,0,0.0,0,0,0,-9999.0,0.5437980961296489,1,P3_CV0,1,1,1,0,2
7,1.3457994534493356,7.703671818986196,RD7_F3_m3f6_P3_Y86_UO480,RD3_F5_m1f5_P1_Y84_UO554,RD6_F9_m6f9_P6_Y84_UO425,MXY,1,0.0,0,0,0.0,0,0,0,-9999.0,0.5437977832689853,1,P3_CV0,1,2,0,2,0
7,1.3457994534493356,7.703671818986196,RD7_F3_m3f6_P3_Y86_UO481,RD3_F5_m1f5_P1_Y84_UO554,RD6_F9_m6f9_P6_Y84_UO425,MXY,1,0.0,0,0,0.0,0,0,0,-9999.0,0.5437977832689853,1,P3_CV0,1,2,0,2,0
7,1.3457994534493356,7.703671818986196,RD7_F3_m3f7_P3_Y86_UO497,RD3_F2_m3f5_P3_Y84_UO342,RD7_F4_m7f3_P7_Y84_UO542,FXX,1,0.0,0,0,0.0,0,0,0,-9999.0,0.5437978410233768,1,P3_CV0,1,0,2,1,1
7,1.3457994534493356,7.703671818986196,RD7_F3_m3f6_P3_Y86_UO511,RD3_F2_m6f9_P6_Y84_UO762,RD6_F2_m6f2_P6_Y84_UO625,MXY,1,0.0,0,0,0.0,0,0,0,-9999.0,0.5437977230581339,1,P3_CV0,1,2,0,1,1
7,1.3457994534493356,7.703671818986196,RD7_F3_m3f7_P3_Y86_UO515,RD3_F6_m9f6_P9_Y84_UO491,RD7_F4_m8f4_P8_Y84_UO572,FXX,1,0.0,0,0,0.0,0,0,0,-9999.0,0.5437980542895957,1,P3_CV0,1,2,0,2,0
7,1.3457994534493356,7.703671818986196,RD7_F3_m3f7_P3_Y86_UO516,RD3_F6_m9f6_P9_Y84_UO491,RD7_F4_m8f4_P8_Y84_UO572,MXY,1,0.0,0,0,0.0,0,0,0,-9999.0,0.5437980542895957,1,P3_CV0,1,2,0,2,0
7,1.3457994534493356,7.703671818986196,RD7_F4_m4f8_P4_Y86_UO72,RD4_F8_m4f8_P4_Y84_UO84,RD8_F4_m8f4_P8_Y84_UO290,MXY,1,0.0,0,0,0.0,0,0,0,-9999.0,0.543797743268783,1,P3_CV0,1,2,0,0,2
7,1.3457994534493356,7.703671818986196,RD7_F4_m4f8_P4_Y86_UO86,RD4_F8_m4f7_P4_Y84_UO131,RD8_F4_m8f4_P8_Y84_UO752,MXY,1,0.0,0,0,0.0,0,0,0,-9999.0,0.5437981010498731,1,P3_CV0,1,1,1,1,1
7,1.3457994534493356,7.703671818986196,RD7_F4_m4f7_P4_Y86_UO271,RD4_F8_m4f7_P4_Y84_UO211,RD7_F3_m2f9_P2_Y84_UO15,FXX,1,0.0,0,0,0.0,0,0,0,-9999.0,0.5437978789942122,1,P3_CV0,1,2,0,2,0
7,1.3457994534493356,7.703671818986196,RD7_F4_m4f7_P4_Y86_UO335,RD4_F7_m3f6_P3_Y84_UO643,RD7_F4_m7f4_P7_Y84_UO538,FXX,1,0.0,0,0,0.0,0,0,0,-9999.0,0.5437979858184576,1,P3_CV0,1,1,1,1,1
7,1.3457994534493356,7.703671818986196,RD7_F3_m2f3_P2_Y84_UO402,RD2_F6_m3f7_P3_Y82_UO109,RD3_F7_m3f2_P3_Y82_UO340,MXY,3,0.0,1,0,0.0,0,0,0,-9999.0,0.5437983348390958,1,P3_CV0,1,1,1,2,0
7,1.3457994534493356,7.703671818986196,RD7_F4_m3f2_P3_Y84_UO55,RD3_F2_m5f1_P5_Y82_UO697,RD2_F9_m2f3_P2_Y82_UO461,FXX,3,0.0,1,0,1.0,0,0,0,-9999.0,0.5437970774047471,1,P3_CV0,1,2,0,2,0
7,1.3457994534493356,7.703671818986196,RD7_F3_m3f6_P3_Y86_UO146,RD3_F7_m4f7_P4_Y84_UO759,RD6_F9_m6f9_P6_Y84_UO712,FXX,1,0.0,0,0,0.0,0,0,0,-9999.0,0.5437978744316752,1,P4_CV0,1,1,1,1,1
7,1.3457994534493356,7.703671818986196,RD7_F3_m3f6_P3_Y86_UO147,RD3_F7_m4f7_P4_Y84_UO759,RD6_F9_m6f9_P6_Y84_UO712,MXY,1,0.0,0,0,0.0,0,0,0,-9999.0,0.5437978744316752,1,P4_CV0,1,1,1,1,1
7,1.3457994534493356,7.703671818986196,RD7_F3_m3f6_P3_Y86_UO225,RD3_F6_m3f6_P3_Y84_UO775,RD6_F9_m6f3_P6_Y84_UO500,FXX,1,0.0,0,0,0.0,0,0,0,-9999.0,0.5437974247731745,1,P4_CV0,1,1,1,0,2
7,1.3457994534493356,7.703671818986196,RD7_F3_m3f6_P3_Y86_UO226,RD3_F6_m3f6_P3_Y84_UO775,RD6_F9_m6f3_P6_Y84_UO500,FXX,1,0.0,0,0,0.0,0,0,0,-9999.0,0.5437974247731745,1,P4_CV0,1,1,1,1,1
7,1.3457994534493356,7.703671818986196,RD7_F3_m3f6_P3_Y86_UO228,RD3_F6_m3f6_P3_Y84_UO775,RD6_F9_m6f3_P6_Y84_UO500,MXY,1,0.0,0,0,0.0,0,0,0,-9999.0,0.5437974247731745,1,P4_CV0,1,1,1,1,1
7,1.3457994534493356,7.703671818986196,RD7_F3_m3f7_P3_Y86_UO352,RD3_F5_m2f6_P2_Y84_UO12,RD7_F3_m2f9_P2_Y84_UO47,MXY,1,0.0,0,0,0.0,0,0,0,-9999.0,0.5437973187806051,1,P4_CV0,1,2,0,1,1
7,1.3457994534493356,7.703671818986196,RD7_F3_m3f7_P3_Y86_UO354,RD3_F5_m2f6_P2_Y84_UO12,RD7_F3_m2f9_P2_Y84_UO47,MXY,1,0.0,0,0,0.0,0,0,0,-9999.0,0.5437973187806051,1,P4_CV0,1,2,0,1,1
7,1.3457994534493356,7.703671818986196,RD7_F3_m3f7_P3_Y86_UO355,RD3_F5_m2f6_P2_Y84_UO12,RD7_F3_m2f9_P2_Y84_UO47,FXX,1,0.0,0,0,0.0,0,0,0,-9999.0,0.5437973187806051,1,P4_CV0,1,2,0,2,0
7,1.3457994534493356,7.703671818986196,RD7_F3_m3f7_P3_Y86_UO498,RD3_F2_m3f5_P3_Y84_UO342,RD7_F4_m7f3_P7_Y84_UO542,FXX,1,0.0,0,0,0.0,0,0,0,-9999.0,0.5437978410233768,1,P4_CV0,1,2,0,1,1
7,1.3457994534493356,7.703671818986196,RD7_F3_m3f5_P3_Y86_UO530,RD3_F6_m2f6_P2_Y84_UO412,RD5_F1_m5f3_P5_Y84_UO661,FXX,1,0.0,0,0,0.0,0,0,0,-9999.0,0.5437978620287538,1,P4_CV0,1,0,2,1,1
7,1.3457994534493356,7.703671818986196,RD7_F3_m3f5_P3_Y86_UO531,RD3_F6_m2f6_P2_Y84_UO412,RD5_F1_m5f3_P5_Y84_UO661,MXY,1,0.0,0,0,0.0,0,0,0,-9999.0,0.5437978620287538,1,P4_CV0,1,0,2,2,0
7,1.3457994534493356,7.703671818986196,RD7_F3_m3f7_P3_Y86_UO541,RD3_F2_m3f5_P3_Y84_UO342,RD7_F3_m2f9_P2_Y84_UO47,FXX,1,0.0,0,0,0.0,0,0,0,-9999.0,0.5437974646422674,1,P4_CV0,1,2,0,1,1
7,1.3457994534493356,7.703671818986196,RD7_F3_m3f7_P3_Y86_UO542,RD3_F2_m3f5_P3_Y84_UO342,RD7_F3_m2f9_P2_Y84_UO47,FXX,1,0.0,0,0,0.0,0,0,0,-9999.0,0.5437974646422674,1,P4_CV0,1,2,0,1,1
7,1.3457994534493356,7.703671818986196,RD7_F3_m3f6_P3_Y86_UO651,RD3_F6_m3f6_P3_Y84_UO775,RD6_F9_m6f3_P6_Y84_UO501,FXX,1,0.0,0,0,0.0,0,0,0,-9999.0,0.5437976338575936,1,P4_CV0,1,0,2,0,2
7,1.3457994534493356,7.703671818986196,RD7_F3_m3f6_P3_Y86_UO653,RD3_F6_m3f6_P3_Y84_UO775,RD6_F9_m6f3_P6_Y84_UO501,MXY,1,0.0,0,0,0.0,0,0,0,-9999.0,0.5437976338575936,1,P4_CV0,1,0,2,1,1
7,1.3457994534493356,7.703671818986196,RD7_F3_m3f7_P3_Y86_UO657,RD3_F6_m2f6_P2_Y84_UO412,RD7_F3_m7f3_P7_Y84_UO473,MXY,1,0.0,0,0,0.0,0,0,0,-9999.0,0.5437981542596901,1,P4_CV0,1,1,1,1,1
7,1.3457994534493356,7.703671818986196,RD7_F4_m4f7_P4_Y86_UO111,RD4_F8_m4f8_P4_Y84_UO527,RD7_F4_m8f4_P8_Y84_UO749,MXY,1,0.0,0,0,0.0,0,0,0,-9999.0,0.5437975908330657,1,P4_CV0,1,2,0,1,1
7,1.3457994534493356,7.703671818986196,RD7_F4_m4f8_P4_Y86_UO141,RD4_F8_m4f8_P4_Y84_UO49,RD8_F4_m7f3_P7_Y84_UO578,MXY,1,0.0,0,0,0.0,0,0,0,-9999.0,0.5437975818748555,1,P4_CV0,1,2,0,1,1
7,1.3457994534493356,7.703671818986196,RD7_F4_m4f7_P4_Y86_UO153,RD4_F8_m4f7_P4_Y84_UO132,RD7_F4_m7f4_P7_Y84_UO750,FXX,1,0.0,0,0,0.0,0,0,0,-9999.0,0.5437975687557355,1,P4_CV0,1,2,0,1,1
7,1.3457994534493356,7.703671818986196,RD7_F4_m4f7_P4_Y86_UO240,RD4_F8_m4f8_P4_Y84_UO423,RD7_F4_m8f4_P8_Y84_UO57,FXX,1,0.0,0,0,0.0,0,0,0,-9999.0,0.5437978258207181,1,P4_CV0,1,1,1,2,0
7,1.3457994534493356,7.703671818986196,RD7_F4_m4f8_P4_Y86_UO306,RD4_F7_m4f8_P4_Y84_UO150,RD8_F4_m7f3_P7_Y84_UO297,MXY,1,0.0,0,0,0.0,0,0,0,-9999.0,0.543798381329708,1,P4_CV0,1,1,1,2,0
7,1.3457994534493356,7.703671818986196,RD7_F4_m4f7_P4_Y86_UO362,RD4_F8_m4f8_P4_Y84_UO717,RD7_F3_m7f3_P7_Y84_UO97,FXX,1,0.0,0,0,0.0,0,0,0,-9999.0,0.5437976365241468,1,P4_CV0,1,1,1,1,1
7,1.3457994534493356,7.703671818986196,RD7_F4_m4f8_P4_Y86_UO491,RD4_F8_m4f8_P4_Y84_UO84,RD8_F4_m8f4_P8_Y84_UO754,MXY,1,0.0,0,0,0.0,0,0,0,-9999.0,0.5437980729378751,1,P4_CV0,1,2,0,1,1
7,1.3457994534493356,7.703671818986196,RD7_F4_m4f7_P4_Y86_UO575,RD4_F7_m3f5_P3_Y84_UO810,RD7_F3_m2f6_P2_Y84_UO650,MXY,1,0.0,0,0,0.0,0,0,0,-9999.0,0.5437975392115106,1,P4_CV0,1,2,0,1,1
7,1.3457994534493356,7.703671818986196,RD7_F4_m4f7_P4_Y86_UO576,RD4_F7_m3f5_P3_Y84_UO810,RD7_F3_m2f6_P2_Y84_UO650,FXX,1,0.0,0,0,0.0,0,0,0,-9999.0,0.5437975392115106,1,P4_CV0,1,2,0,0,2
7,1.3457994534493356,7.703671818986196,RD7_F4_m4f8_P4_Y86_UO632,RD4_F8_m4f7_P4_Y84_UO132,RD8_F4_m8f4_P8_Y84_UO755,MXY,1,0.0,0,0,0.0,0,0,0,-9999.0,0.5437981010498731,1,P4_CV0,1,2,0,0,2
7,1.3457994534493356,7.703671818986196,RD7_F4_m4f8_P4_Y86_UO680,RD4_F8_m4f7_P4_Y84_UO763,RD8_F4_m8f4_P8_Y84_UO571,FXX,1,0.0,0,0,0.0,0,0,0,-9999.0,0.5437981523153042,1,P4_CV0,1,1,1,1,1
7,1.3457994534493356,7.703671818986196,RD7_F3_m3f6_P3_Y84_UO774,RD3_F2_m5f2_P5_Y82_UO35,RD6_F9_m2f3_P2_Y82_UO74,FXX,3,0.0,1,0,1.0,0,0,0,-9999.0,0.5437979574915062,1,P4_CV0,1,1,1,0,2
7,1.3457994534493356,7.703671818986196,RD7_F3_m2f6_P2_Y84_UO412,RD2_F9_m2f9_P2_Y82_UO554,RD6_F3_m6f3_P6_Y82_UO86,FXX,3,0.0,1,0,1.0,0,0,0,-9999.0,0.5437977689440459,1,P4_CV0,1,1,1,2,0
7,1.3457994534493356,7.703671818986196,RD7_F3_m3f7_P3_Y86_UO390,RD3_F6_m9f6_P9_Y84_UO334,RD7_F3_m6f2_P6_Y84_UO391,FXX,1,0.0,0,0,0.0,0,0,0,-9999.0,0.5437976974806702,1,P6_CV0,1,2,0,1,1
7,1.3457994534493356,7.703671818986196,RD7_F3_m3f7_P3_Y86_UO689,RD3_F6_m9f6_P9_Y84_UO791,RD7_F4_m8f4_P8_Y84_UO637,MXY,1,0.0,0,0,0.0,0,0,0,-9999.0,0.5437980326493062,1,P6_CV0,1,2,0,1,1
7,1.3457994534493356,7.703671818986196,RD7_F4_m4f8_P4_Y86_UO297,RD4_F8_m4f8_P4_Y84_UO718,RD8_F4_m8f4_P8_Y84_UO583,FXX,1,0.0,0,0,0.0,0,0,0,-9999.0,0.5437978559082808,1,P6_CV0,1,1,1,2,0
7,1.3457994534493356,7.703671818986196,RD7_F3_m3f7_P3_Y86_UO230,RD3_F2_m3f5_P3_Y84_UO136,RD7_F4_m7f4_P7_Y84_UO750,MXY,1,0.0,0,0,0.0,0,0,0,-9999.0,0.5437974268888013,1,P8_CV0,1,2,0,1,1
7,1.3457994534493356,7.703671818986196,RD7_F3_m3f7_P3_Y86_UO231,RD3_F2_m3f5_P3_Y84_UO136,RD7_F4_m7f4_P7_Y84_UO750,FXX,1,0.0,0,0,0.0,0,0,0,-9999.0,0.5437974268888013,1,P8_CV0,1,2,0,2,0
7,1.3457994534493356,7.703671818986196,RD7_F4_m4f7_P4_Y86_UO356,RD4_F7_m3f7_P3_Y84_UO804,RD7_F3_m7f3_P7_Y84_UO589,MXY,1,0.0,0,0,0.0,0,0,0,-9999.0,0.5437977693177345,1,P8_CV0,1,1,1,0,2
7,1.3457994534493356,7.703671818986196,RD7_F4_m4f7_P4_Y86_UO357,RD4_F7_m3f7_P3_Y84_UO804,RD7_F3_m7f3_P7_Y84_UO589,FXX,1,0.0,0,0,0.0,0,0,0,-9999.0,0.5437977693177345,1,P8_CV0,1,1,1,1,1
7,1.3457994534493356,7.703671818986196,RD7_F3_m6f2_P6_Y84_UO758,RD6_F9_m2f3_P2_Y82_UO782,RD2_F9_m6f2_P6_Y82_UO435,MXY,3,0.0,1,0,0.0,0,0,0,-9999.0,0.5437979457954043,1,P8_CV0,1,1,1,1,1
7,1.3457994534493356,7.703671818986196,RD7_F4_m3f7_P3_Y84_UO804,RD3_F6_m9f2_P9_Y82_UO194,RD7_F3_m5f2_P5_Y82_UO655,FXX,3,0.0,1,0,1.0,0,0,0,-9999.0,0.5437977604600519,1,P8_CV0,1,0,2,1,1
8,1.8443986564691528,11.780027217250101,RD8_F4_m4f8_P4_Y86_UO52,RD4_F7_m4f8_P4_Y84_UO552,RD8_F4_m7f4_P7_Y84_UO714,FXX,1,0.0,0,0,0.0,0,0,0,-9999.0,0.5437978770133896,1,P1_CV0,1,2,0,0,2
8,1.8443986564691528,11.780027217250101,RD8_F4_m4f8_P4_Y86_UO382,RD4_F8_m4f8_P4_Y84_UO448,RD8_F4_m8f4_P8_Y84_UO755,FXX,1,0.0,0,0,0.0,0,0,0,-9999.0,0.5437976936138114,1,P1_CV0,1,1,1,1,1
8,1.8443986564691528,11.780027217250101,RD8_F4_m4f7_P4_Y84_UO706,RD4_F7_m3f6_P3_Y82_UO80,RD7_F4_m8f4_P8_Y82_UO731,MXY,3,0.0,1,0,0.0,0,0,0,-9999.0,0.5437983581188632,1,P1_CV0,1,0,2,0,2
8,1.8443986564691528,11.780027217250101,RD8_F4_m4f8_P4_Y86_UO85,RD4_F8_m4f7_P4_Y84_UO131,RD8_F4_m8f4_P8_Y84_UO752,MXY,1,0.0,0,0,0.0,0,0,0,-9999.0,0.5437981010498731,1,P3_CV0,1,1,1,1,1
8,1.8443986564691528,11.780027217250101,RD8_F4_m4f8_P4_Y86_UO87,RD4_F8_m4f7_P4_Y84_UO131,RD8_F4_m8f4_P8_Y84_UO752,FXX,1,0.0,0,0,0.0,0,0,0,-9999.0,0.5437981010498731,1,P3_CV0,1,2,0,1,1
8,1.8443986564691528,11.780027217250101,RD8_F4_m4f7_P4_Y86_UO270,RD4_F8_m4f7_P4_Y84_UO211,RD7_F3_m2f9_P2_Y84_UO15,FXX,1,0.0,0,0,0.0,0,0,0,-9999.0,0.5437978789942122,1,P3_CV0,1,2,0,2,0
8,1.8443986564691528,11.780027217250101,RD8_F4_m4f7_P4_Y86_UO272,RD4_F8_m4f7_P4_Y84_UO211,RD7_F3_m2f9_P2_Y84_UO15,FXX,1,0.0,0,0,0.0,0,0,0,-9999.0,0.5437978789942122,1,P3_CV0,1,2,0,2,0
8,1.8443986564691528,11.780027217250101,RD8_F4_m4f7_P4_Y86_UO336,RD4_F7_m3f6_P3_Y84_UO643,RD7_F4_m7f4_P7_Y84_UO538,FXX,1,0.0,0,0,0.0,0,0,0,-9999.0,0.5437979858184576,1,P3_CV0,1,2,0,2,0
8,1.8443986564691528,11.780027217250101,RD8_F4_m4f7_P4_Y86_UO337,RD4_F7_m3f6_P3_Y84_UO643,RD7_F4_m7f4_P7_Y84_UO538,FXX,1,0.0,0,0,0.0,0,0,0,-9999.0,0.5437979858184576,1,P3_CV0,1,2,0,0,2
8,1.8443986564691528,11.780027217250101,RD8_F4_m4f7_P4_Y86_UO723,RD4_F7_m3f2_P3_Y84_UO55,RD7_F3_m7f3_P7_Y84_UO473,MXY,1,0.0,0,0,0.0,0,0,0,-9999.0,0.5437978084900408,1,P3_CV0,1,1,1,2,0
8,1.8443986564691528,11.780027217250101,RD8_F4_m4f8_P4_Y84_UO658,RD4_F7_m4f7_P4_Y82_UO239,RD8_F4_m7f3_P7_Y82_UO540,FXX,3,0.0,1,0,1.0,0,0,0,-9999.0,0.5437982022871211,1,P3_CV0,1,1,1,0,2
8,1.8443986564691528,11.780027217250101,RD8_F4_m4f8_P4_Y84_UO148,RD4_F8_m4f7_P4_Y82_UO11,RD8_F4_m8f4_P8_Y82_UO252,FXX,3,0.0,1,0,1.0,0,0,0,-9999.0,0.5437981501145259,1,P3_CV0,1,0,2,0,2
8,1.8443986564691528,11.780027217250101,RD8_F4_m4f8_P4_Y86_UO26,RD4_F8_m4f7_P4_Y84_UO138,RD8_F4_m8f4_P8_Y84_UO569,FXX,1,0.0,0,0,0.0,0,0,0,-9999.0,0.5437979723182309,1,P4_CV0,1,0,2,1,1
8,1.8443986564691528,11.780027217250101,RD8_F4_m4f8_P4_Y86_UO27,RD4_F8_m4f7_P4_Y84_UO138,RD8_F4_m8f4_P8_Y84_UO569,FXX,1,0.0,0,0,0.0,0,0,0,-9999.0,0.5437979723182309,1,P4_CV0,1,1,1,2,0
8,1.8443986564691528,11.780027217250101,RD8_F4_m4f8_P4_Y86_UO30,RD4_F8_m4f8_P4_Y84_UO84,RD8_F4_m7f3_P7_Y84_UO578,FXX,1,0.0,0,0,0.0,0,0,0,-9999.0,0.5437977895864208,1,P4_CV0,1,2,0,0,2
8,1.8443986564691528,11.780027217250101,RD8_F4_m4f8_P4_Y86_UO31,RD4_F8_m4f8_P4_Y84_UO84,RD8_F4_m7f3_P7_Y84_UO578,FXX,1,0.0,0,0,0.0,0,0,0,-9999.0,0.5437977895864208,1,P4_CV0,1,2,0,1,1
8,1.8443986564691528,11.780027217250101,RD8_F4_m4f8_P4_Y86_UO71,RD4_F8_m4f8_P4_Y84_UO84,RD8_F4_m8f4_P8_Y84_UO290,FXX,1,0.0,0,0,0.0,0,0,0,-9999.0,0.543797743268783,1,P4_CV0,1,2,0,1,1
8,1.8443986564691528,11.780027217250101,RD8_F4_m4f7_P4_Y86_UO77,RD4_F8_m4f7_P4_Y84_UO353,RD7_F3_m8f4_P8_Y82_UO319,FXX,1,0.0,0,0,0.0,0,0,0,-9999.0,0.5437987683461927,1,P4_CV0,1,2,0,1,1
8,1.8443986564691528,11.780027217250101,RD8_F4_m4f7_P4_Y86_UO78,RD4_F8_m4f7_P4_Y84_UO353,RD7_F3_m8f4_P8_Y82_UO319,FXX,1,0.0,0,0,0.0,0,0,0,-9999.0,0.5437987683461927,1,P4_CV0,1,1,1,1,1
8,1.8443986564691528,11.780027217250101,RD8_F4_m4f7_P4_Y86_UO94,RD4_F7_m4f7_P4_Y84_UO223,RD7_F4_m8f4_P8_Y84_UO443,MXY,1,0.0,0,0,0.0,0,0,0,-9999.0,0.5437978445963267,1,P4_CV0,1,2,0,2,0
8,1.8443986564691528,11.780027217250101,RD8_F4_m4f7_P4_Y86_UO95,RD4_F7_m4f7_P4_Y84_UO223,RD7_F4_m8f4_P8_Y84_UO443,MXY,1,0.0,0,0,0.0,0,0,0,-9999.0,0.5437978445963267,1,P4_CV0,1,2,0,1,1
8,1.8443986564691528,11.780027217250101,RD8_F4_m4f7_P4_Y86_UO112,RD4_F8_m4f8_P4_Y84_UO527,RD7_F4_m8f4_P8_Y84_UO749,FXX,1,0.0,0,0,0.0,0,0,0,-9999.0,0.5437975908330657,1,P4_CV0,1,1,1,1,1
8,1.8443986564691528,11.780027217250101,RD8_F4_m4f7_P4_Y86_UO126,RD4_F7_m3f6_P3_Y84_UO133,RD7_F4_m7f3_P7_Y84_UO542,FXX,1,0.0,0,0,0.0,0,0,0,-9999.0,0.5437978158008718,1,P4_CV0,1,1,1,2,0
8,1.8443986564691528,11.780027217250101,RD8_F4_m4f7_P4_Y86_UO127,RD4_F7_m3f6_P3_Y84_UO133,RD7_F4_m7f3_P7_Y84_UO542,FXX,1,0.0,0,0,0.0,0,0,0,-9999.0,0.5437978158008718,1,P4_CV0,1,1,1,2,0
8,1.8443986564691528,11.780027217250101,RD8_F4_m4f8_P4_Y86_UO140,RD4_F8_m4f8_P4_Y84_UO49,RD8_F4_m7f3_P7_Y84_UO578,FXX,1,0.0,0,0,0.0,0,0,0,-9999.0,0.5437975818748555,1,P4_CV0,1,2,0,1,1
8,1.8443986564691528,11.780027217250101,RD8_F4_m4f7_P4_Y86_UO154,RD4_F8_m4f7_P4_Y84_UO132,RD7_F4_m7f4_P7_Y84_UO750,FXX,1,0.0,0,0,0.0,0,0,0,-9999.0,0.5437975687557355,1,P4_CV0,1,2,0,1,1
8,1.8443986564691528,11.780027217250101,RD8_F4_m4f8_P4_Y86_UO157,RD4_F8_m4f7_P4_Y84_UO652,RD8_F4_m8f4_P8_Y84_UO197,FXX,1,0.0,0,0,0.0,0,0,0,-9999.0,0.5437986311070802,1,P4_CV0,1,2,0,1,1
8,1.8443986564691528,11.780027217250101,RD8_F4_m4f8_P4_Y86_UO158,RD4_F8_m4f7_P4_Y84_UO652,RD8_F4_m8f4_P8_Y84_UO197,MXY,1,0.0,0,0,0.0,0,0,0,-9999.0,0.5437986311070802,1,P4_CV0,1,2,0,1,1
8,1.8443986564691528,11.780027217250101,RD8_F4_m4f7_P4_Y86_UO185,RD4_F8_m4f7_P4_Y84_UO353,RD7_F4_m8f4_P8_Y84_UO749,FXX,1,0.0,0,0,0.0,0,0,0,-9999.0,0.5437975464723763,1,P4_CV0,1,1,1,1,1
8,1.8443986564691528,11.780027217250101,RD8_F4_m4f7_P4_Y86_UO186,RD4_F8_m4f7_P4_Y84_UO353,RD7_F4_m8f4_P8_Y84_UO749,FXX,1,0.0,0,0,0.0,0,0,0,-9999.0,0.5437975464723763,1,P4_CV0,1,1,1,1,1
8,1.8443986564691528,11.780027217250101,RD8_F4_m4f8_P4_Y86_UO205,RD4_F8_m4f7_P4_Y84_UO354,RD8_F4_m8f4_P8_Y84_UO755,FXX,1,0.0,0,0,0.0,0,0,0,-9999.0,0.5437980642468005,1,P4_CV0,1,2,0,1,1
8,1.8443986564691528,11.780027217250101,RD8_F4_m4f8_P4_Y86_UO206,RD4_F8_m4f7_P4_Y84_UO354,RD8_F4_m8f4_P8_Y84_UO755,MXY,1,0.0,0,0,0.0,0,0,0,-9999.0,0.5437980642468005,1,P4_CV0,1,1,1,1,1
8,1.8443986564691528,11.780027217250101,RD8_F4_m4f8_P4_Y86_UO233,RD4_F8_m4f8_P4_Y84_UO186,RD8_F4_m7f4_P7_Y84_UO541,FXX,1,0.0,0,0,0.0,0,0,0,-9999.0,0.5437979744563961,1,P4_CV0,1,0,2,0,2
8,1.8443986564691528,11.780027217250101,RD8_F4_m4f7_P4_Y86_UO239,RD4_F8_m4f8_P4_Y84_UO423,RD7_F4_m8f4_P8_Y84_UO57,FXX,1,0.0,0,0,0.0,0,0,0,-9999.0,0.5437978258207181,1,P4_CV0,1,1,1,2,0
8,1.8443986564691528,11.780027217250101,RD8_F4_m4f8_P4_Y86_UO257,RD4_F8_m4f8_P4_Y84_UO437,RD8_F4_m8f4_P8_Y84_UO348,FXX,1,0.0,0,0,0.0,0,0,0,-9999.0,0.5437983756316669,1,P4_CV0,1,1,1,2,0
8,1.8443986564691528,11.780027217250101,RD8_F4_m4f7_P4_Y86_UO349,RD4_F8_m4f7_P4_Y84_UO208,RD7_F3_m6f9_P6_Y84_UO162,MXY,1,0.0,0,0,0.0,0,0,0,-9999.0,0.5437975260153678,1,P4_CV0,1,1,1,2,0
8,1.8443986564691528,11.780027217250101,RD8_F4_m4f7_P4_Y86_UO350,RD4_F8_m4f7_P4_Y84_UO208,RD7_F3_m6f9_P6_Y84_UO162,MXY,1,0.0,0,0,0.0,0,0,0,-9999.0,0.5437975260153678,1,P4_CV0,1,2,0,1,1
8,1.8443986564691528,11.780027217250101,RD8_F4_m4f7_P4_Y86_UO358,RD4_F7_m3f7_P3_Y84_UO804,RD7_F3_m7f3_P7_Y84_UO589,MXY,1,0.0,0,0,0.0,0,0,0,-9999.0,0.5437977693177345,1,P4_CV0,1,0,2,1,1
8,1.8443986564691528,11.780027217250101,RD8_F4_m4f7_P4_Y86_UO361,RD4_F8_m4f8_P4_Y84_UO717,RD7_F3_m7f3_P7_Y84_UO97,FXX,1,0.0,0,0,0.0,0,0,0,-9999.0,0.5437976365241468,1,P4_CV0,1,1,1,1,1
8,1.8443986564691528,11.780027217250101,RD8_F4_m4f7_P4_Y86_UO374,RD4_F7_m3f6_P3_Y84_UO283,RD7_F4_m8f4_P8_Y84_UO749,MXY,1,0.0,0,0,0.0,0,0,0,-9999.0,0.543797286267818,1,P4_CV0,1,1,1,2,0
8,1.8443986564691528,11.780027217250101,RD8_F4_m4f7_P4_Y86_UO375,RD4_F7_m3f6_P3_Y84_UO283,RD7_F4_m8f4_P8_Y84_UO749,FXX,1,0.0,0,0,0.0,0,0,0,-9999.0,0.543797286267818,1,P4_CV0,1,1,1,1,1
8,1.8443986564691528,11.780027217250101,RD8_F4_m4f8_P4_Y86_UO381,RD4_F8_m4f8_P4_Y84_UO448,RD8_F4_m8f4_P8_Y84_UO755,MXY,1,0.0,0,0,0.0,0,0,0,-9999.0,0.5437976936138114,1,P4_CV0,1,2,0,1,1
8,1.8443986564691528,11.780027217250101,RD8_F4_m4f7_P4_Y86_UO415,RD4_F8_m4f8_P4_Y84_UO49,RD7_F4_m7f4_P7_Y84_UO538,FXX,1,0.0,0,0,0.0,0,0,0,-9999.0,0.5437976790431094,1,P4_CV0,1,2,0,1,1
8,1.8443986564691528,11.780027217250101,RD8_F4_m4f7_P4_Y86_UO416,RD4_F8_m4f8_P4_Y84_UO49,RD7_F4_m7f4_P7_Y84_UO538,FXX,1,0.0,0,0,0.0,0,0,0,-9999.0,0.5437976790431094,1,P4_CV0,1,2,0,0,2
8,1.8443986564691528,11.780027217250101,RD8_F4_m4f7_P4_Y86_UO494,RD4_F8_m4f7_P4_Y84_UO353,RD7_F4_m7f4_P7_Y84_UO538,MXY,1,0.0,0,0,0.0,0,0,0,-9999.0,0.5437978780636001,1,P4_CV0,1,0,2,0,2
8,1.8443986564691528,11.780027217250101,RD8_F4_m4f7_P4_Y86_UO495,RD4_F8_m4f7_P4_Y84_UO353,RD7_F4_m7f4_P7_Y84_UO538,MXY,1,0.0,0,0,0.0,0,0,0,-9999.0,0.5437978780636001,1,P4_CV0,1,1,1,1,1
8,1.8443986564691528,11.780027217250101,RD8_F4_m4f8_P4_Y86_UO534,RD4_F8_m4f8_P4_Y84_UO718,RD8_F4_m8f4_P8_Y84_UO569,MXY,1,0.0,0,0,0.0,0,0,0,-9999.0,0.5437980595211229,1,P4_CV0,1,0,2,1,1
8,1.8443986564691528,11.780027217250101,RD8_F4_m4f8_P4_Y86_UO589,RD4_F7_m4f8_P4_Y84_UO716,RD8_F4_m8f4_P8_Y84_UO754,FXX,1,0.0,0,0,0.0,0,0,0,-9999.0,0.543798108570769,1,P4_CV0,1,1,1,2,0
8,1.8443986564691528,11.780027217250101,RD8_F4_m4f8_P4_Y86_UO681,RD4_F8_m4f7_P4_Y84_UO131,RD8_F4_m8f4_P8_Y84_UO59,MXY,1,0.0,0,0,0.0,0,0,0,-9999.0,0.5437975974398057,1,P4_CV0,1,1,1,2,0
8,1.8443986564691528,11.780027217250101,RD8_F4_m4f7_P4_Y86_UO739,RD4_F8_m4f8_P4_Y84_UO148,RD7_F4_m8f4_P8_Y84_UO749,FXX,1,0.0,0,0,0.0,0,0,0,-9999.0,0.5437975907963448,1,P4_CV0,1,0,2,0,2
8,1.8443986564691528,11.780027217250101,RD8_F4_m4f8_P4_Y84_UO85,RD4_F8_m4f7_P4_Y82_UO763,RD8_F4_m8f4_P8_Y82_UO627,FXX,3,0.0,1,0,1.0,0,0,0,-9999.0,0.543798078848738,1,P4_CV0,1,2,0,1,1
8,1.8443986564691528,11.780027217250101,RD8_F4_m4f8_P4_Y84_UO202,RD4_F8_m4f7_P4_Y82_UO763,RD8_F4_m8f4_P8_Y82_UO328,MXY,3,0.0,1,0,0.0,0,0,0,-9999.0,0.54379883250067,1,P4_CV0,1,2,0,0,2
8,1.8443986564691528,11.780027217250101,RD8_F4_m4f7_P4_Y84_UO354,RD4_F8_m4f7_P4_Y82_UO7,RD7_F3_m7f3_P7_Y82_UO323,FXX,3,0.0,1,0,1.0,0,0,0,-9999.0,0.5437980614665889,1,P4_CV0,1,1,1,2,0
8,1.8443986564691528,11.780027217250101,RD8_F4_m4f8_P4_Y84_UO772,RD4_F8_m4f8_P4_Y82_UO164,RD8_F4_m8f4_P8_Y82_UO740,MXY,3,0.0,1,0,0.0,0,0,0,-9999.0,0.5437982960015688,1,P4_CV0,1,2,0,2,0
8,1.8443986564691528,11.780027217250101,RD8_F4_m4f8_P4_Y84_UO84,RD4_F8_m4f7_P4_Y82_UO763,RD8_F4_m8f4_P8_Y82_UO627,FXX,3,0.0,1,0,1.0,0,0,0,-9999.0,0.543798078848738,1,P4_CV0,1,2,0,1,1
8,1.8443986564691528,11.780027217250101,RD8_F4_m4f7_P4_Y84_UO782,RD4_F7_m3f6_P3_Y82_UO718,RD7_F3_m5f2_P5_Y82_UO655,MXY,3,0.0,1,0,0.0,0,0,0,-9999.0,0.543798203300355,1,P4_CV0,1,1,1,2,0
8,1.8443986564691528,11.780027217250101,RD8_F4_m3f7_P3_Y84_UO183,RD3_F6_m2f3_P2_Y82_UO474,RD7_F3_m5f3_P5_Y82_UO34,MXY,3,0.0,1,0,0.0,0,0,0,-9999.0,0.5437973251419521,1,P4_CV0,1,0,2,1,1
8,1.8443986564691528,11.780027217250101,RD8_F4_m4f8_P4_Y86_UO159,RD4_F8_m4f8_P4_Y84_UO338,RD8_F4_m8f4_P8_Y84_UO583,FXX,1,0.0,0,0,0.0,0,0,0,-9999.0,0.5437978394196534,1,P6_CV0,1,2,0,2,0
8,1.8443986564691528,11.780027217250101,RD8_F4_m4f7_P4_Y86_UO268,RD4_F8_m4f7_P4_Y84_UO211,RD7_F3_m2f9_P2_Y84_UO15,MXY,1,0.0,0,0,0.0,0,0,0,-9999.0,0.5437978789942122,1,P6_CV0,1,2,0,2,0
8,1.8443986564691528,11.780027217250101,RD8_F4_m4f7_P4_Y86_UO269,RD4_F8_m4f7_P4_Y84_UO211,RD7_F3_m2f9_P2_Y84_UO15,FXX,1,0.0,0,0,0.0,0,0,0,-9999.0,0.5437978789942122,1,P6_CV0,1,2,0,2,0
8,1.8443986564691528,11.780027217250101,RD8_F4_m4f7_P4_Y86_UO273,RD4_F8_m4f7_P4_Y84_UO211,RD7_F3_m2f9_P2_Y84_UO15,FXX,1,0.0,0,0,0.0,0,0,0,-9999.0,0.5437978789942122,1,P6_CV0,1,2,0,2,0
8,1.8443986564691528,11.780027217250101,RD8_F4_m4f8_P4_Y86_UO411,RD4_F8_m4f7_P4_Y84_UO723,RD8_F4_m8f4_P8_Y84_UO583,FXX,1,0.0,0,0,0.0,0,0,0,-9999.0,0.5437979672682616,1,P6_CV0,1,2,0,1,1
8,1.8443986564691528,11.780027217250101,RD8_F4_m4f8_P4_Y86_UO412,RD4_F8_m4f7_P4_Y84_UO723,RD8_F4_m8f4_P8_Y84_UO583,FXX,1,0.0,0,0,0.0,0,0,0,-9999.0,0.5437979672682616,1,P6_CV0,1,1,1,1,1
8,1.8443986564691528,11.780027217250101,RD8_F4_m4f7_P4_Y84_UO212,RD4_F8_m4f7_P4_Y82_UO364,RD7_F4_m7f3_P7_Y82_UO402,FXX,3,0.0,1,0,1.0,0,0,0,-9999.0,0.5437983461971498,1,P6_CV0,1,1,1,1,1
8,1.8443986564691528,11.780027217250101,RD8_F4_m4f8_P4_Y86_UO15,RD4_F7_m4f8_P4_Y84_UO457,RD8_F4_m8f4_P8_Y84_UO622,MXY,1,0.0,0,0,0.0,0,0,0,-9999.0,0.543798183204018,1,P8_CV0,1,2,0,0,2
8,1.8443986564691528,11.780027217250101,RD8_F4_m4f7_P4_Y86_UO168,RD4_F8_m4f8_P4_Y84_UO48,RD7_F3_m6f9_P6_Y84_UO162,MXY,1,0.0,0,0,0.0,0,0,0,-9999.0,0.543797643080552,1,P8_CV0,1,1,1,1,1
8,1.8443986564691528,11.780027217250101,RD8_F4_m4f7_P4_Y86_UO169,RD4_F8_m4f8_P4_Y84_UO48,RD7_F3_m6f9_P6_Y84_UO162,FXX,1,0.0,0,0,0.0,0,0,0,-9999.0,0.543797643080552,1,P8_CV0,1,1,1,1,1
8,1.8443986564691528,11.780027217250101,RD8_F4_m4f8_P4_Y84_UO436,RD4_F7_m3f6_P3_Y82_UO437,RD8_F4_m8f4_P8_Y82_UO740,MXY,3,0.0,1,0,0.0,0,0,0,-9999.0,0.543798337970884,1,P8_CV0,1,1,1,0,2
9,8.539752926394888,7.413552560728917,RD9_F2_m2f9_P2_Y86_UO58,RD2_F3_m5f3_P5_Y84_UO33,RD9_F2_m9f6_P9_Y84_UO141,MXY,1,0.0,0,0,0.0,0,0,0,-9999.0,0.5437984497138189,1,P1_CV0,1,2,0,2,0
9,8.539752926394888,7.413552560728917,RD9_F2_m2f3_P2_Y86_UO434,RD2_F6_m9f2_P9_Y84_UO531,RD3_F5_m1f5_P1_Y84_UO54,MXY,1,0.0,0,0,0.0,0,0,0,-9999.0,0.5437976988289392,1,P1_CV0,1,2,0,2,0
9,8.539752926394888,7.413552560728917,RD9_F2_m2f9_P2_Y86_UO493,RD2_F9_m6f2_P6_Y84_UO725,RD9_F6_m9f2_P9_Y84_UO709,MXY,1,0.0,0,0,0.0,0,0,0,-9999.0,0.5437974806668819,1,P1_CV0,1,2,0,1,1
9,8.539752926394888,7.413552560728917,RD9_F2_m2f3_P2_Y86_UO644,RD2_F6_m9f2_P9_Y84_UO531,RD3_F5_m2f5_P2_Y84_UO439,FXX,1,0.0,0,0,0.0,0,0,0,-9999.0,0.5437978212811743,1,P1_CV0,1,2,0,1,1
9,8.539752926394888,7.413552560728917,RD9_F6_m6f2_P6_Y86_UO28,RD6_F9_m2f5_P2_Y84_UO511,RD2_F3_m5f1_P5_Y84_UO409,FXX,1,0.0,0,0,0.0,0,0,0,-9999.0,0.5437976034145038,1,P1_CV0,1,2,0,2,0
9,8.539752926394888,7.413552560728917,RD9_F2_m2f9_P2_Y86_UO338,RD2_F3_m2f6_P2_Y84_UO435,RD9_F6_m9f2_P9_Y84_UO709,MXY,1,0.0,0,0,0.0,0,0,0,-9999.0,0.5437975270868378,1,P3_CV0,1,2,0,1,1
9,8.539752926394888,7.413552560728917,RD9_F2_m2f3_P2_Y86_UO475,RD2_F3_m6f3_P6_Y84_UO549,RD3_F7_m4f7_P4_Y84_UO653,FXX,1,0.0,0,0,0.0,0,0,0,-9999.0,0.5437982865067852,1,P3_CV0,1,2,0,0,2
9,8.539752926394888,7.413552560728917,RD9_F2_m2f3_P2_Y86_UO536,RD2_F5_m3f5_P3_Y84_UO413,RD3_F2_m3f5_P3_Y84_UO69,FXX,1,0.0,0,0,0.0,0,0,0,-9999.0,0.5437973818331443,1,P3_CV0,1,1,1,1,1
9,8.539752926394888,7.413552560728917,RD9_F6_m6f2_P6_Y86_UO12,RD6_F2_m9f6_P9_Y84_UO106,RD2_F3_m7f4_P7_Y84_UO539,FXX,1,0.0,0,0,0.0,0,0,0,-9999.0,0.5437978282656672,1,P3_CV0,1,1,1,2,0
9,8.539752926394888,7.413552560728917,RD9_F6_m6f2_P6_Y86_UO64,RD6_F9_m2f9_P2_Y84_UO238,RD2_F6_m9f2_P9_Y84_UO790,FXX,1,0.0,0,0,0.0,0,0,0,-9999.0,0.5437978759852626,1,P3_CV0,1,2,0,1,1
9,8.539752926394888,7.413552560728917,RD9_F6_m6f2_P6_Y86_UO65,RD6_F9_m2f9_P2_Y84_UO238,RD2_F6_m9f2_P9_Y84_UO790,FXX,1,0.0,0,0,0.0,0,0,0,-9999.0,0.5437978759852626,1,P3_CV0,1,2,0,1,1
9,8.539752926394888,7.413552560728917,RD9_F6_m6f2_P6_Y86_UO66,RD6_F9_m2f9_P2_Y84_UO238,RD2_F6_m9f2_P9_Y84_UO790,MXY,1,0.0,0,0,0.0,0,0,0,-9999.0,0.5437978759852626,1,P3_CV0,1,2,0,1,1
9,8.539752926394888,7.413552560728917,RD9_F6_m6f3_P6_Y86_UO106,RD6_F2_m5f3_P5_Y84_UO794,RD3_F7_m3f2_P3_Y84_UO619,FXX,1,0.0,0,0,0.0,0,0,0,-9999.0,0.543798136493109,1,P3_CV0,1,2,0,2,0
9,8.539752926394888,7.413552560728917,RD9_F6_m6f2_P6_Y86_UO440,RD6_F3_m7f4_P7_Y84_UO416,RD2_F3_m2f6_P2_Y84_UO370,FXX,1,0.0,0,0,0.0,0,0,0,-9999.0,0.5437973862217689,1,P3_CV0,1,2,0,1,1
9,8.539752926394888,7.413552560728917,RD9_F6_m6f9_P6_Y86_UO581,RD6_F9_m6f3_P6_Y84_UO173,RD9_F6_m3f6_P3_Y84_UO730,FXX,1,0.0,0,0,0.0,0,0,0,-9999.0,0.5437978096810809,1,P3_CV0,1,1,1,0,2
9,8.539752926394888,7.413552560728917,RD9_F6_m6f3_P6_Y86_UO649,RD6_F2_m6f2_P6_Y84_UO117,RD3_F5_m1f5_P1_Y84_UO53,FXX,1,0.0,0,0,0.0,0,0,0,-9999.0,0.5437977684098598,1,P3_CV0,1,2,0,1,1
9,8.539752926394888,7.413552560728917,RD9_F6_m6f9_P6_Y86_UO671,RD6_F9_m6f3_P6_Y84_UO548,RD9_F6_m3f5_P3_Y84_UO340,MXY,1,0.0,0,0,0.0,0,0,0,-9999.0,0.543797865508509,1,P3_CV0,1,1,1,1,1
9,8.539752926394888,7.413552560728917,RD9_F6_m6f3_P6_Y84_UO286,RD6_F3_m5f3_P5_Y82_UO165,RD3_F7_m3f6_P3_Y82_UO417,MXY,3,0.0,1,0,0.0,0,0,0,-9999.0,0.5437978965998127,1,P3_CV0,1,2,0,1,1
9,8.539752926394888,7.413552560728917,RD9_F6_m6f3_P6_Y82_UO710,RD6_F9_m6f3_P6_Y80_UO55,RD3_F5_m1f5_P1_Y80_UO582,FXX,5,0.0,1,0,1.0,0,0,0,-9999.0,0.543797693112424,1,P3_CV0,1,1,1,1,1
9,8.539752926394888,7.413552560728917,RD9_F2_m2f6_P2_Y86_UO0,RD2_F6_m9f2_P9_Y84_UO670,RD6_F2_m3f6_P3_Y84_UO642,MXY,1,0.0,0,0,0.0,0,0,0,-9999.0,0.5437981090532844,1,P4_CV0,1,2,0,1,1
9,8.539752926394888,7.413552560728917,RD9_F2_m2f6_P2_Y86_UO1,RD2_F6_m9f2_P9_Y84_UO670,RD6_F2_m3f6_P3_Y84_UO642,MXY,1,0.0,0,0,0.0,0,0,0,-9999.0,0.5437981090532844,1,P4_CV0,1,2,0,1,1
9,8.539752926394888,7.413552560728917,RD9_F2_m2f3_P2_Y86_UO132,RD2_F6_m2f5_P2_Y84_UO120,RD3_F7_m4f8_P4_Y84_UO550,FXX,1,0.0,0,0,0.0,0,0,0,-9999.0,0.54379799904072,1,P4_CV0,1,0,2,2,0
9,8.539752926394888,7.413552560728917,RD9_F2_m2f5_P2_Y86_UO201,RD2_F9_m6f9_P6_Y84_UO363,RD5_F3_m6f3_P6_Y84_UO585,MXY,1,0.0,0,0,0.0,0,0,0,-9999.0,0.5437976289494202,1,P4_CV0,1,2,0,1,1
9,8.539752926394888,7.413552560728917,RD9_F2_m2f5_P2_Y86_UO202,RD2_F9_m6f9_P6_Y84_UO363,RD5_F3_m6f3_P6_Y84_UO585,FXX,1,0.0,0,0,0.0,0,0,0,-9999.0,0.5437976289494202,1,P4_CV0,1,2,0,0,2
9,8.539752926394888,7.413552560728917,RD9_F2_m2f3_P2_Y86_UO369,RD2_F9_m6f3_P6_Y84_UO727,RD3_F7_m4f7_P4_Y84_UO563,FXX,1,0.0,0,0,0.0,0,0,0,-9999.0,0.5437977636611038,1,P4_CV0,1,2,0,0,2
9,8.539752926394888,7.413552560728917,RD9_F2_m2f3_P2_Y86_UO370,RD2_F9_m6f3_P6_Y84_UO727,RD3_F7_m4f7_P4_Y84_UO563,MXY,1,0.0,0,0,0.0,0,0,0,-9999.0,0.5437977636611038,1,P4_CV0,1,2,0,0,2
9,8.539752926394888,7.413552560728917,RD9_F2_m2f5_P2_Y86_UO383,RD2_F6_m9f2_P9_Y84_UO670,RD5_F1_m5f3_P5_Y84_UO446,FXX,1,0.0,0,0,0.0,0,0,0,-9999.0,0.5437980434694509,1,P4_CV0,1,2,0,1,1
9,8.539752926394888,7.413552560728917,RD9_F2_m2f9_P2_Y86_UO394,RD2_F3_m6f3_P6_Y84_UO549,RD9_F2_m6f2_P6_Y84_UO303,FXX,1,0.0,0,0,0.0,0,0,0,-9999.0,0.5437976195115084,1,P4_CV0,1,1,1,0,2
9,8.539752926394888,7.413552560728917,RD9_F2_m2f3_P2_Y86_UO400,RD2_F6_m9f2_P9_Y84_UO670,RD3_F5_m1f5_P1_Y84_UO275,FXX,1,0.0,0,0,0.0,0,0,0,-9999.0,0.5437979878624333,1,P4_CV0,1,1,1,1,1
9,8.539752926394888,7.413552560728917,RD9_F2_m2f5_P2_Y86_UO414,RD2_F9_m6f3_P6_Y84_UO287,RD5_F3_m6f3_P6_Y84_UO585,FXX,1,0.0,0,0,0.0,0,0,0,-9999.0,0.5437978907451395,1,P4_CV0,1,2,0,1,1
9,8.539752926394888,7.413552560728917,RD9_F2_m2f3_P2_Y86_UO483,RD2_F6_m9f2_P9_Y84_UO670,RD3_F5_m3f6_P3_Y84_UO224,MXY,1,0.0,0,0,0.0,0,0,0,-9999.0,0.543797628543075,1,P4_CV0,1,1,1,1,1
9,8.539752926394888,7.413552560728917,RD9_F2_m2f3_P2_Y86_UO502,RD2_F9_m6f3_P6_Y84_UO620,RD3_F5_m1f5_P1_Y84_UO275,FXX,1,0.0,0,0,0.0,0,0,0,-9999.0,0.5437978762205375,1,P4_CV0,1,0,2,2,0
9,8.539752926394888,7.413552560728917,RD9_F2_m2f5_P2_Y86_UO740,RD2_F9_m6f3_P6_Y84_UO287,RD5_F3_m7f4_P7_Y84_UO771,MXY,1,0.0,0,0,0.0,0,0,0,-9999.0,0.5437978497780875,1,P4_CV0,1,1,1,2,0
9,8.539752926394888,7.413552560728917,RD9_F2_m2f5_P2_Y86_UO741,RD2_F9_m6f3_P6_Y84_UO287,RD5_F3_m7f4_P7_Y84_UO771,MXY,1,0.0,0,0,0.0,0,0,0,-9999.0,0.5437978497780875,1,P4_CV0,1,2,0,1,1
9,8.539752926394888,7.413552560728917,RD9_F6_m6f3_P6_Y86_UO45,RD6_F9_m2f5_P2_Y84_UO564,RD3_F5_m1f5_P1_Y84_UO54,FXX,1,0.0,0,0,0.0,0,0,0,-9999.0,0.5437977835536572,1,P4_CV0,1,1,1,1,1
9,8.539752926394888,7.413552560728917,RD9_F6_m6f3_P6_Y86_UO46,RD6_F9_m2f5_P2_Y84_UO564,RD3_F5_m1f5_P1_Y84_UO54,FXX,1,0.0,0,0,0.0,0,0,0,-9999.0,0.5437977835536572,1,P4_CV0,1,1,1,2,0
9,8.539752926394888,7.413552560728917,RD9_F6_m6f2_P6_Y86_UO63,RD6_F2_m9f6_P9_Y84_UO28,RD2_F9_m6f2_P6_Y84_UO635,MXY,1,0.0,0,0,0.0,0,0,0,-9999.0,0.5437977286253499,1,P4_CV0,1,1,1,0,2
9,8.539752926394888,7.413552560728917,RD9_F6_m6f9_P6_Y86_UO67,RD6_F2_m3f7_P3_Y84_UO184,RD9_F6_m9f6_P9_Y84_UO265,MXY,1,0.0,0,0,0.0,0,0,0,-9999.0,0.5437975230711345,1,P4_CV0,1,0,2,1,1
9,8.539752926394888,7.413552560728917,RD9_F6_m6f3_P6_Y86_UO99,RD6_F9_m2f5_P2_Y84_UO438,RD3_F5_m1f5_P1_Y84_UO275,MXY,1,0.0,0,0,0.0,0,0,0,-9999.0,0.5437980300883112,1,P4_CV0,1,0,2,2,0
9,8.539752926394888,7.413552560728917,RD9_F6_m6f3_P6_Y86_UO100,RD6_F9_m2f5_P2_Y84_UO438,RD3_F5_m1f5_P1_Y84_UO275,FXX,1,0.0,0,0,0.0,0,0,0,-9999.0,0.5437980300883112,1,P4_CV0,1,0,2,1,1
9,8.539752926394888,7.413552560728917,RD9_F6_m6f2_P6_Y86_UO216,RD6_F2_m3f7_P3_Y84_UO184,RD2_F9_m2f5_P2_Y84_UO21,MXY,1,0.0,0,0,0.0,0,0,0,-9999.0,0.5437974268789674,1,P4_CV0,1,0,2,1,1
9,8.539752926394888,7.413552560728917,RD9_F6_m6f3_P6_Y86_UO219,RD6_F2_m9f6_P9_Y84_UO266,RD3_F5_m1f5_P1_Y84_UO275,FXX,1,0.0,0,0,0.0,0,0,0,-9999.0,0.5437978777974593,1,P4_CV0,1,0,2,2,0
9,8.539752926394888,7.413552560728917,RD9_F6_m6f3_P6_Y86_UO303,RD6_F2_m3f2_P3_Y84_UO618,RD3_F7_m4f8_P4_Y84_UO722,FXX,1,0.0,0,0,0.0,0,0,0,-9999.0,0.5437978666165861,1,P4_CV0,1,1,1,2,0
9,8.539752926394888,7.413552560728917,RD9_F6_m6f2_P6_Y86_UO305,RD6_F3_m7f4_P7_Y84_UO152,RD2_F3_m2f3_P2_Y84_UO458,MXY,1,0.0,0,0,0.0,0,0,0,-9999.0,0.543798237858141,1,P4_CV0,1,2,0,0,2
9,8.539752926394888,7.413552560728917,RD9_F6_m6f2_P6_Y86_UO316,RD6_F9_m6f3_P6_Y84_UO174,RD2_F6_m9f6_P9_Y84_UO244,MXY,1,0.0,0,0,0.0,0,0,0,-9999.0,0.5437978275621731,1,P4_CV0,1,2,0,1,1
9,8.539752926394888,7.413552560728917,RD9_F6_m6f3_P6_Y86_UO385,RD6_F9_m6f3_P6_Y84_UO174,RD3_F7_m4f8_P4_Y84_UO722,MXY,1,0.0,0,0,0.0,0,0,0,-9999.0,0.5437978767977825,1,P4_CV0,1,2,0,2,0
9,8.539752926394888,7.413552560728917,RD9_F6_m6f3_P6_Y86_UO387,RD6_F9_m6f3_P6_Y84_UO174,RD3_F7_m4f8_P4_Y84_UO722,MXY,1,0.0,0,0,0.0,0,0,0,-9999.0,0.5437978767977825,1,P4_CV0,1,1,1,2,0
9,8.539752926394888,7.413552560728917,RD9_F6_m6f3_P6_Y86_UO427,RD6_F2_m3f2_P3_Y84_UO618,RD3_F6_m2f5_P2_Y84_UO164,FXX,1,0.0,0,0,0.0,0,0,0,-9999.0,0.5437976747396362,1,P4_CV0,1,0,2,0,2
9,8.539752926394888,7.413552560728917,RD9_F6_m6f3_P6_Y86_UO429,RD6_F2_m3f2_P3_Y84_UO618,RD3_F6_m2f5_P2_Y84_UO164,FXX,1,0.0,0,0,0.0,0,0,0,-9999.0,0.5437976747396362,1,P4_CV0,1,0,2,1,1
9,8.539752926394888,7.413552560728917,RD9_F6_m6f2_P6_Y86_UO449,RD6_F2_m9f6_P9_Y84_UO28,RD2_F9_m6f9_P6_Y84_UO161,FXX,1,0.0,0,0,0.0,0,0,0,-9999.0,0.5437977619105823,1,P4_CV0,1,2,0,1,1
9,8.539752926394888,7.413552560728917,RD9_F6_m6f3_P6_Y86_UO485,RD6_F2_m6f3_P6_Y84_UO316,RD3_F2_m9f2_P9_Y84_UO95,MXY,1,0.0,0,0,0.0,0,0,0,-9999.0,0.5437979056098925,1,P4_CV0,1,1,1,1,1
9,8.539752926394888,7.413552560728917,RD9_F6_m6f9_P6_Y86_UO563,RD6_F2_m3f2_P3_Y84_UO618,RD9_F2_m6f2_P6_Y84_UO627,FXX,1,0.0,0,0,0.0,0,0,0,-9999.0,0.5437977681260122,1,P4_CV0,1,1,1,0,2
9,8.539752926394888,7.413552560728917,RD9_F6_m6f9_P6_Y86_UO564,RD6_F2_m3f2_P3_Y84_UO618,RD9_F2_m6f2_P6_Y84_UO627,MXY,1,0.0,0,0,0.0,0,0,0,-9999.0,0.5437977681260122,1,P4_CV0,1,1,1,0,2
9,8.539752926394888,7.413552560728917,RD9_F6_m6f9_P6_Y86_UO592,RD6_F2_m9f6_P9_Y84_UO266,RD9_F2_m9f2_P9_Y84_UO337,MXY,1,0.0,0,0,0.0,0,0,0,-9999.0,0.5437979941931985,1,P4_CV0,1,1,1,1,1
9,8.539752926394888,7.413552560728917,RD9_F6_m6f3_P6_Y86_UO634,RD6_F2_m9f6_P9_Y84_UO239,RD3_F7_m4f8_P4_Y84_UO722,MXY,1,0.0,0,0,0.0,0,0,0,-9999.0,0.5437977724191683,1,P4_CV0,1,1,1,2,0
9,8.539752926394888,7.413552560728917,RD9_F6_m6f3_P6_Y86_UO638,RD6_F2_m9f6_P9_Y84_UO28,RD3_F2_m3f5_P3_Y84_UO69,MXY,1,0.0,0,0,0.0,0,0,0,-9999.0,0.5437977897482824,1,P4_CV0,1,2,0,0,2
9,8.539752926394888,7.413552560728917,RD9_F6_m6f9_P6_Y86_UO737,RD6_F9_m2f5_P2_Y84_UO438,RD9_F2_m9f2_P9_Y84_UO337,FXX,1,0.0,0,0,0.0,0,0,0,-9999.0,0.5437981464840504,1,P4_CV0,1,0,2,2,0
9,8.539752926394888,7.413552560728917,RD9_F6_m6f2_P6_Y86_UO758,RD6_F9_m6f3_P6_Y84_UO728,RD2_F9_m6f3_P6_Y84_UO1,MXY,1,0.0,0,0,0.0,0,0,0,-9999.0,0.5437976946934668,1,P4_CV0,1,1,1,2,0
9,8.539752926394888,7.413552560728917,RD9_F2_m6f3_P6_Y84_UO561,RD6_F9_m2f9_P2_Y82_UO812,RD3_F5_m3f6_P3_Y82_UO236,FXX,3,0.0,1,0,1.0,0,0,0,-9999.0,0.5437979692543422,1,P4_CV0,1,0,2,0,2
9,8.539752926394888,7.413552560728917,RD9_F6_m9f6_P9_Y84_UO705,RD9_F2_m6f2_P6_Y82_UO120,RD6_F2_m5f2_P5_Y82_UO644,FXX,3,0.0,1,0,1.0,0,0,0,-9999.0,0.5437974446324461,1,P4_CV0,1,2,0,1,1
9,8.539752926394888,7.413552560728917,RD9_F6_m6f3_P6_Y84_UO285,RD6_F3_m5f3_P5_Y82_UO165,RD3_F7_m3f6_P3_Y82_UO417,FXX,3,0.0,1,0,1.0,0,0,0,-9999.0,0.5437978965998127,1,P4_CV0,1,2,0,1,1
9,8.539752926394888,7.413552560728917,RD9_F2_m2f3_P2_Y86_UO24,RD2_F3_m5f2_P5_Y84_UO743,RD3_F7_m4f8_P4_Y84_UO550,MXY,1,0.0,0,0,0.0,0,0,0,-9999.0,0.5437978287286,1,P6_CV0,1,1,1,2,0
9,8.539752926394888,7.413552560728917,RD9_F2_m2f9_P2_Y86_UO395,RD2_F3_m6f3_P6_Y84_UO549,RD9_F2_m6f2_P6_Y84_UO303,MXY,1,0.0,0,0,0.0,0,0,0,-9999.0,0.5437976195115084,1,P6_CV0,1,2,0,0,2
9,8.539752926394888,7.413552560728917,RD9_F2_m2f3_P2_Y86_UO474,RD2_F3_m6f3_P6_Y84_UO549,RD3_F7_m4f7_P4_Y84_UO653,MXY,1,0.0,0,0,0.0,0,0,0,-9999.0,0.5437982865067852,1,P6_CV0,1,1,1,1,1
9,8.539752926394888,7.413552560728917,RD9_F6_m6f2_P6_Y86_UO50,RD6_F2_m3f2_P3_Y84_UO811,RD2_F3_m7f3_P7_Y84_UO124,MXY,1,0.0,0,0,0.0,0,0,0,-9999.0,0.5437977912997667,1,P6_CV0,1,2,0,1,1
9,8.539752926394888,7.413552560728917,RD9_F6_m6f9_P6_Y86_UO670,RD6_F9_m6f3_P6_Y84_UO548,RD9_F6_m3f5_P3_Y84_UO340,MXY,1,0.0,0,0,0.0,0,0,0,-9999.0,0.543797865508509,1,P6_CV0,1,2,0,1,1
9,8.539752926394888,7.413552560728917,RD9_F2_m2f3_P2_Y86_UO75,RD2_F5_m2f5_P2_Y84_UO67,RD3_F5_m1f5_P1_Y84_UO226,FXX,1,0.0,0,0,0.0,0,0,0,-9999.0,0.5437976915175682,1,P8_CV0,1,0,2,1,1
9,8.539752926394888,7.413552560728917,RD9_F2_m2f9_P2_Y86_UO492,RD2_F9_m6f2_P6_Y84_UO725,RD9_F6_m9f2_P9_Y84_UO709,MXY,1,0.0,0,0,0.0,0,0,0,-9999.0,0.5437974806668819,1,P8_CV0,1,2,0,2,0
9,8.539752926394888,7.413552560728917,RD9_F2_m2f5_P2_Y86_UO650,RD2_F5_m3f5_P3_Y84_UO451,RD5_F3_m2f3_P2_Y84_UO676,FXX,1,0.0,0,0,0.0,0,0,0,-9999.0,0.5437979856298227,1,P8_CV0,1,2,0,0,2
9,8.539752926394888,7.413552560728917,RD9_F2_m2f6_P2_Y86_UO667,RD2_F3_m5f3_P5_Y84_UO33,RD6_F2_m3f6_P3_Y84_UO13,MXY,1,0.0,0,0,0.0,0,0,0,-9999.0,0.5437981939062411,1,P8_CV0,1,1,1,0,2
9,8.539752926394888,7.413552560728917,RD9_F2_m2f6_P2_Y86_UO687,RD2_F6_m2f6_P2_Y84_UO327,RD6_F2_m9f2_P9_Y84_UO690,FXX,1,0.0,0,0,0.0,0,0,0,-9999.0,0.5437977650522612,1,P8_CV0,1,1,1,2,0
9,8.539752926394888,7.413552560728917,RD9_F6_m6f9_P6_Y86_UO68,RD6_F2_m3f7_P3_Y84_UO184,RD9_F6_m9f6_P9_Y84_UO265,MXY,1,0.0,0,0,0.0,0,0,0,-9999.0,0.5437975230711345,1,P8_CV0,1,0,2,1,1
9,8.539752926394888,7.413552560728917,RD9_F6_m6f9_P6_Y86_UO138,RD6_F2_m6f2_P6_Y84_UO117,RD9_F6_m9f6_P9_Y84_UO265,FXX,1,0.0,0,0,0.0,0,0,0,-9999.0,0.5437977385712429,1,P8_CV0,1,1,1,2,0
9,8.539752926394888,7.413552560728917,RD9_F6_m6f2_P6_Y86_UO288,RD6_F9_m6f3_P6_Y84_UO728,RD2_F6_m9f2_P9_Y84_UO461,MXY,1,0.0,0,0,0.0,0,0,0,-9999.0,0.5437977118213269,1,P8_CV0,1,2,0,2,0
9,8.539752926394888,7.413552560728917,RD9_F6_m6f2_P6_Y86_UO289,RD6_F9_m6f3_P6_Y84_UO728,RD2_F6_m9f2_P9_Y84_UO461,FXX,1,0.0,0,0,0.0,0,0,0,-9999.0,0.5437977118213269,1,P8_CV0,1,1,1,2,0
9,8.539752926394888,7.413552560728917,RD9_F6_m6f2_P6_Y86_UO290,RD6_F9_m6f3_P6_Y84_UO728,RD2_F6_m9f2_P9_Y84_UO461,FXX,1,0.0,0,0,0.0,0,0,0,-9999.0,0.5437977118213269,1,P8_CV0,1,1,1,2,0
9,8.539752926394888,7.413552560728917,RD9_F6_m6f2_P6_Y86_UO318,RD6_F9_m6f3_P6_Y84_UO174,RD2_F6_m9f6_P9_Y84_UO244,FXX,1,0.0,0,0,0.0,0,0,0,-9999.0,0.5437978275621731,1,P8_CV0,1,2,0,1,1
9,8.539752926394888,7.413552560728917,RD9_F6_m6f3_P6_Y86_UO388,RD6_F9_m6f3_P6_Y84_UO174,RD3_F7_m4f8_P4_Y84_UO722,FXX,1,0.0,0,0,0.0,0,0,0,-9999.0,0.5437978767977825,1,P8_CV0,1,1,1,2,0
9,8.539752926394888,7.413552560728917,RD9_F6_m6f2_P6_Y86_UO450,RD6_F2_m9f6_P9_Y84_UO28,RD2_F9_m6f9_P6_Y84_UO161,FXX,1,0.0,0,0,0.0,0,0,0,-9999.0,0.5437977619105823,1,P8_CV0,1,2,0,1,1
9,8.539752926394888,7.413552560728917,RD9_F6_m6f3_P6_Y86_UO484,RD6_F2_m6f3_P6_Y84_UO316,RD3_F2_m9f2_P9_Y84_UO95,MXY,1,0.0,0,0,0.0,0,0,0,-9999.0,0.5437979056098925,1,P8_CV0,1,1,1,1,1
9,8.539752926394888,7.413552560728917,RD9_F6_m6f9_P6_Y86_UO500,RD6_F3_m7f3_P7_Y84_UO543,RD9_F6_m2f9_P2_Y84_UO696,FXX,1,0.0,0,0,0.0,0,0,0,-9999.0,0.5437978819391844,1,P8_CV0,1,2,0,0,2
9,8.539752926394888,7.413552560728917,RD9_F6_m6f9_P6_Y86_UO501,RD6_F3_m7f3_P7_Y84_UO543,RD9_F6_m2f9_P2_Y84_UO696,MXY,1,0.0,0,0,0.0,0,0,0,-9999.0,0.5437978819391844,1,P8_CV0,1,2,0,2,0
9,8.539752926394888,7.413552560728917,RD9_F6_m6f9_P6_Y86_UO582,RD6_F9_m6f3_P6_Y84_UO173,RD9_F6_m3f6_P3_Y84_UO730,FXX,1,0.0,0,0,0.0,0,0,0,-9999.0,0.5437978096810809,1,P8_CV0,1,2,0,0,2
