PatchID,XCOORD,YCOORD,ID,MID,FID,sex,age,size,mature,newmature,layeggs,capture,recapture,state,CDist,Hindex,Species,ClassFile,SubPatchID,L0A0,L0A1,L1A0,L1A1
1,4.359949021420038,0.38889347741837,R1_F1_m6f10_P6_Y4_UO525,RD6_F8_m4f2_P4_Y2_UO623,RD10_F6_m10f2_P10_Y0_UO682,FXX,1,0.0,1,1,1.0,0,0,0,-9999.0,0.5,1,P0_CV0,1,0,2,0,2
1,4.359949021420038,0.38889347741837,R1_F1_m3f10_P3_Y4_UO567,RD3_F4_m9f2_P9_Y2_UO260,RD10_F8_m9f6_P9_Y2_UO548,MXY,1,0.0,1,1,0.0,0,0,0,-9999.0,0.5625,1,P0_CV0,1,1,1,1,1
1,4.359949021420038,0.38889347741837,R1_F1_m3f10_P3_Y4_UO569,RD3_F4_m9f2_P9_Y2_UO260,RD10_F8_m9f6_P9_Y2_UO548,FXX,1,0.0,1,1,1.0,0,0,0,-9999.0,0.5625,1,P0_CV0,1,1,1,1,1
1,4.359949021420038,0.38889347741837,R1_F1_m5f2_P5_Y4_UO354,RD5_F9_m6f10_P6_Y2_UO699,RD2_F9_m3f5_P3_Y1_UO38,FXX,1,0.0,1,1,1.0,0,0,0,-9999.0,0.3125,1,P0_CV0,1,0,2,1,1
1,4.359949021420038,0.38889347741837,R1_F1_m5f7_P5_Y4_UO60,RD5_F2_m9f2_P9_Y2_UO134,RD7_F8_m6f8_P6_Y1_UO586,MXY,1,0.0,1,1,0.0,0,0,0,-9999.0,0.6875,1,P1_CV0,1,1,1,1,1
1,4.359949021420038,0.38889347741837,R1_F1_m9f2_P9_Y4_UO166,RD9_F2_m9f2_P9_Y2_UO680,RD2_F8_m2f8_P2_Y2_UO1,FXX,1,0.0,1,1,1.0,0,0,0,-9999.0,0.5625,1,P1_CV0,1,2,0,1,1
1,4.359949021420038,0.38889347741837,R1_F1_m10f1_P10_Y4_UO158,RD10_F8_m6f2_P6_Y2_UO721,RD1_F3_m2f8_P2_Y2_UO379,FXX,1,0.0,1,1,1.0,0,0,0,-9999.0,0.5625,1,P1_CV0,1,0,2,1,1
1,4.359949021420038,0.38889347741837,R1_F1_m10f4_P10_Y4_UO742,RD10_F9_m2f8_P2_Y2_UO381,RD4_F7_m6f3_P6_Y2_UO496,FXX,1,0.0,1,1,1.0,0,0,0,-9999.0,0.625,1,P1_CV0,1,1,1,1,1
1,4.359949021420038,0.38889347741837,R1_F1_m10f4_P10_Y4_UO744,RD10_F9_m2f8_P2_Y2_UO381,RD4_F7_m6f3_P6_Y2_UO496,FXX,1,0.0,1,1,1.0,0,0,0,-9999.0,0.625,1,P1_CV0,1,1,1,1,1
1,4.359949021420038,0.38889347741837,R1_F1_m10f1_P10_Y4_UO65,RD10_F9_m4f3_P4_Y2_UO199,RD1_F6_m6f9_P6_Y1_UO140,MXY,1,0.0,1,1,0.0,0,0,0,-9999.0,0.5625,1,P1_CV0,1,2,0,1,1
1,4.359949021420038,0.38889347741837,R1_F1_m10f1_P10_Y4_UO63,RD10_F9_m4f3_P4_Y2_UO199,RD1_F6_m6f9_P6_Y1_UO140,MXY,1,0.0,1,1,0.0,0,0,0,-9999.0,0.5625,1,P1_CV0,1,1,1,1,1
1,4.359949021420038,0.38889347741837,R1_F1_m4f9_P4_Y4_UO779,RD4_F7_m4f7_P4_Y2_UO309,RD9_F7_m4f9_P4_Y2_UO589,MXY,1,0.0,1,1,0.0,0,0,0,-9999.0,0.4375,1,P1_CV0,1,1,1,1,1
1,4.359949021420038,0.38889347741837,R1_F1_m3f6_P3_Y4_UO32,RD3_F8_m2f3_P2_Y2_UO555,RD6_F10_m5f6_P5_Y2_UO370,FXX,1,0.0,1,1,1.0,0,0,0,-9999.0,0.5,1,P1_CV0,1,0,2,0,2
1,4.359949021420038,0.38889347741837,R1_F1_m6f2_P6_Y4_UO549,RD6_F5_m2f10_P2_Y2_UO646,RD2_F4_m8f6_P8_Y2_UO374,FXX,1,0.0,1,1,1.0,0,0,0,-9999.0,0.4375,1,P1_CV0,1,0,2,0,2
1,4.359949021420038,0.38889347741837,R1_F1_m7f4_P7_Y4_UO374,RD7_F10_m1f6_P1_Y2_UO466,RD4_F2_m7f6_P7_Y2_UO483,FXX,1,0.0,1,1,1.0,0,0,0,-9999.0,0.5,1,P1_CV0,1,0,2,1,1
1,4.359949021420038,0.38889347741837,R1_F1_m6f3_P6_Y4_UO118,RD6_F8_m4f2_P4_Y2_UO623,RD3_F5_m1f3_P1_Y2_UO384,MXY,1,0.0,1,1,0.0,0,0,0,-9999.0,0.375,1,P2_CV0,1,0,2,1,1
1,4.359949021420038,0.38889347741837,R1_F1_m6f5_P6_Y4_UO728,RD6_F9_m10f5_P10_Y2_UO182,RD5_F9_m1f8_P1_Y2_UO559,MXY,1,0.0,1,1,0.0,0,0,0,-9999.0,0.375,1,P2_CV0,1,1,1,0,2
1,4.359949021420038,0.38889347741837,R1_F1_m10f5_P10_Y4_UO587,RD10_F3_m9f3_P9_Y2_UO210,RD5_F8_m7f3_P7_Y1_UO153,MXY,1,0.0,1,1,0.0,0,0,0,-9999.0,0.5,1,P2_CV0,1,1,1,1,1
1,4.359949021420038,0.38889347741837,R1_F1_m6f5_P6_Y4_UO515,RD6_F5_m1f10_P1_Y2_UO405,RD5_F8_m7f3_P7_Y1_UO153,MXY,1,0.0,1,1,0.0,0,0,0,-9999.0,0.5,1,P2_CV0,1,0,2,1,1
1,4.359949021420038,0.38889347741837,R1_F1_m2f7_P2_Y4_UO34,RD2_F9_m6f9_P6_Y2_UO728,RD7_F3_m9f3_P9_Y2_UO510,FXX,1,0.0,1,1,1.0,0,0,0,-9999.0,0.4375,1,P2_CV0,1,0,2,0,2
1,4.359949021420038,0.38889347741837,R1_F1_m9f6_P9_Y4_UO223,RD9_F1_m6f3_P6_Y2_UO500,RD6_F8_m6f4_P6_Y2_UO330,FXX,1,0.0,1,1,1.0,0,0,0,-9999.0,0.8125,1,P2_CV0,1,2,0,0,2
1,4.359949021420038,0.38889347741837,R1_F1_m10f2_P10_Y4_UO403,RD10_F8_m6f2_P6_Y2_UO721,RD2_F4_m2f6_P2_Y2_UO665,FXX,1,0.0,1,1,1.0,0,0,0,-9999.0,0.6875,1,P2_CV0,1,2,0,1,1
1,4.359949021420038,0.38889347741837,R1_F1_m10f5_P10_Y4_UO590,RD10_F3_m9f3_P9_Y2_UO210,RD5_F8_m7f3_P7_Y1_UO153,FXX,1,0.0,1,1,1.0,0,0,0,-9999.0,0.5,1,P2_CV0,1,0,2,1,1
1,4.359949021420038,0.38889347741837,R1_F1_m5f2_P5_Y4_UO398,RD5_F1_m3f4_P3_Y2_UO266,RD2_F9_m1f8_P1_Y2_UO560,FXX,1,0.0,1,1,1.0,0,0,0,-9999.0,0.4375,1,P2_CV0,1,0,2,0,2
1,4.359949021420038,0.38889347741837,R1_F1_m6f5_P6_Y4_UO514,RD6_F5_m1f10_P1_Y2_UO405,RD5_F8_m7f3_P7_Y1_UO153,MXY,1,0.0,1,1,0.0,0,0,0,-9999.0,0.5,1,P2_CV0,1,0,2,0,2
1,4.359949021420038,0.38889347741837,R1_F1_m2f5_P2_Y4_UO416,RD2_F10_m1f10_P1_Y2_UO306,RD5_F6_m5f9_P5_Y2_UO390,FXX,1,0.0,1,1,1.0,0,0,0,-9999.0,0.75,1,P2_CV0,1,2,0,1,1
1,4.359949021420038,0.38889347741837,R1_F1_m10f2_P10_Y4_UO205,RD10_F1_m4f7_P4_Y2_UO312,RD2_F9_m1f8_P1_Y2_UO560,MXY,1,0.0,1,1,0.0,0,0,0,-9999.0,0.5,1,P2_CV0,1,1,1,1,1
1,4.359949021420038,0.38889347741837,Age0_F1_m1f10_P1_Y5_UO121,RD1_F4_m7f5_P7_Y3_UO167,RD10_F1_m6f3_P6_Y3_UO105,FXX,0,0.0,0,0,0.0,0,0,0,0.0,0.375,1,P3_CV0,1,1,1,0,2
1,4.359949021420038,0.38889347741837,Age0_F1_m1f10_P1_Y5_UO122,RD1_F4_m7f5_P7_Y3_UO167,RD10_F1_m6f3_P6_Y3_UO105,MXY,0,0.0,0,0,0.0,0,0,0,0.0,0.375,1,P3_CV0,1,2,0,0,2
1,4.359949021420038,0.38889347741837,Age0_F1_m1f10_P1_Y5_UO126,RD1_F4_m7f5_P7_Y3_UO167,RD10_F1_m6f3_P6_Y3_UO105,FXX,0,0.0,0,0,0.0,0,0,0,0.0,0.375,1,P3_CV0,1,1,1,1,1
1,4.359949021420038,0.38889347741837,Age0_F1_m1f10_P1_Y5_UO129,RD1_F4_m7f5_P7_Y3_UO167,RD10_F1_m6f3_P6_Y3_UO105,MXY,0,0.0,0,0,0.0,0,0,0,0.0,0.375,1,P3_CV0,1,1,1,1,1
1,4.359949021420038,0.38889347741837,Age0_F1_m1f10_P1_Y5_UO132,RD1_F4_m7f5_P7_Y3_UO167,RD10_F1_m6f3_P6_Y3_UO105,FXX,0,0.0,0,0,0.0,0,0,0,0.0,0.375,1,P3_CV0,1,2,0,0,2
1,4.359949021420038,0.38889347741837,Age0_F1_m1f10_P1_Y5_UO133,RD1_F4_m7f5_P7_Y3_UO167,RD10_F1_m6f3_P6_Y3_UO105,FXX,0,0.0,0,0,0.0,0,0,0,0.0,0.375,1,P3_CV0,1,2,0,1,1
1,4.359949021420038,0.38889347741837,Age0_F1_m1f10_P1_Y5_UO134,RD1_F4_m7f5_P7_Y3_UO167,RD10_F1_m6f3_P6_Y3_UO105,FXX,0,0.0,0,0,0.0,0,0,0,0.0,0.375,1,P3_CV0,1,2,0,0,2
1,4.359949021420038,0.38889347741837,Age0_F1_m1f10_P1_Y5_UO135,RD1_F4_m7f5_P7_Y3_UO167,RD10_F1_m6f3_P6_Y3_UO105,FXX,0,0.0,0,0,0.0,0,0,0,0.0,0.375,1,P3_CV0,1,1,1,0,2
1,4.359949021420038,0.38889347741837,Age0_F1_m1f10_P1_Y5_UO136,RD1_F4_m7f5_P7_Y3_UO167,RD10_F1_m6f3_P6_Y3_UO105,FXX,0,0.0,0,0,0.0,0,0,0,0.0,0.375,1,P3_CV0,1,1,1,0,2
1,4.359949021420038,0.38889347741837,Age0_F1_m1f10_P1_Y5_UO137,RD1_F4_m7f5_P7_Y3_UO167,RD10_F1_m6f3_P6_Y3_UO105,FXX,0,0.0,0,0,0.0,0,0,0,0.0,0.375,1,P3_CV0,1,2,0,1,1
1,4.359949021420038,0.38889347741837,R1_F1_m7f5_P7_Y3_UO167,RD7_F8_m9f7_P9_Y1_UO309,RD5_F7_m4f7_P4_Y1_UO342,FXX,2,0.0,1,0,1.0,0,0,0,-9999.0,0.5,1,P3_CV0,1,2,0,1,1
1,4.359949021420038,0.38889347741837,R1_F1_m7f4_P7_Y4_UO375,RD7_F10_m1f6_P1_Y2_UO466,RD4_F2_m7f6_P7_Y2_UO483,MXY,1,0.0,1,1,0.0,0,0,0,-9999.0,0.5,1,P4_CV0,1,1,1,1,1
1,4.359949021420038,0.38889347741837,R1_F1_m5f2_P5_Y4_UO400,RD5_F1_m3f4_P3_Y2_UO266,RD2_F9_m1f8_P1_Y2_UO560,MXY,1,0.0,1,1,0.0,0,0,0,-9999.0,0.4375,1,P4_CV0,1,0,2,0,2
1,4.359949021420038,0.38889347741837,R1_F1_m5f6_P5_Y4_UO146,RD5_F8_m2f8_P2_Y2_UO4,RD6_F7_m1f6_P1_Y2_UO465,FXX,1,0.0,1,1,1.0,0,0,0,-9999.0,0.6875,1,P4_CV0,1,2,0,1,1
1,4.359949021420038,0.38889347741837,R1_F1_m3f5_P3_Y4_UO491,RD3_F8_m2f3_P2_Y2_UO555,RD5_F7_m4f2_P4_Y2_UO626,FXX,1,0.0,1,1,1.0,0,0,0,-9999.0,0.5,1,P4_CV0,1,0,2,1,1
1,4.359949021420038,0.38889347741837,R1_F1_m10f4_P10_Y4_UO310,RD10_F1_m5f7_P5_Y2_UO428,RD4_F8_m4f3_P4_Y2_UO16,MXY,1,0.0,1,1,0.0,0,0,0,-9999.0,0.5,1,P4_CV0,1,1,1,0,2
1,4.359949021420038,0.38889347741837,R1_F1_m6f5_P6_Y4_UO129,RD6_F2_m9f3_P9_Y2_UO209,RD5_F6_m5f9_P5_Y2_UO390,FXX,1,0.0,1,1,1.0,0,0,0,-9999.0,0.625,1,P4_CV0,1,1,1,2,0
1,4.359949021420038,0.38889347741837,R1_F1_m3f5_P3_Y4_UO489,RD3_F8_m2f3_P2_Y2_UO555,RD5_F7_m4f2_P4_Y2_UO626,FXX,1,0.0,1,1,1.0,0,0,0,-9999.0,0.5,1,P4_CV0,1,0,2,1,1
1,4.359949021420038,0.38889347741837,R1_F1_m4f6_P4_Y3_UO530,RD4_F7_m6f8_P6_Y1_UO587,RD6_F3_m6f9_P6_Y1_UO140,FXX,2,0.0,1,0,1.0,0,0,0,-9999.0,0.625,1,P4_CV0,1,1,1,2,0
1,4.359949021420038,0.38889347741837,R1_F1_m2f7_P2_Y4_UO89,RD2_F5_m6f10_P6_Y2_UO697,RD7_F8_m6f3_P6_Y2_UO495,MXY,1,0.0,1,1,0.0,0,0,0,-9999.0,0.4375,1,P5_CV0,1,1,1,1,1
1,4.359949021420038,0.38889347741837,R1_F1_m9f2_P9_Y4_UO630,RD9_F8_m6f8_P6_Y2_UO248,RD2_F8_m2f7_P2_Y2_UO272,MXY,1,0.0,1,1,0.0,0,0,0,-9999.0,0.4375,1,P5_CV0,1,1,1,1,1
1,4.359949021420038,0.38889347741837,R1_F1_m8f9_P8_Y4_UO270,RD8_F5_m1f3_P1_Y2_UO393,RD9_F8_m5f2_P5_Y2_UO92,FXX,1,0.0,1,1,1.0,0,0,0,-9999.0,0.5,1,P5_CV0,1,1,1,0,2
1,4.359949021420038,0.38889347741837,R1_F1_m9f6_P9_Y4_UO243,RD9_F10_m7f2_P7_Y2_UO503,RD6_F9_m3f8_P3_Y2_UO361,MXY,1,0.0,1,1,0.0,0,0,0,-9999.0,0.5625,1,P5_CV0,1,2,0,2,0
1,4.359949021420038,0.38889347741837,R1_F1_m2f3_P2_Y4_UO143,RD2_F1_m3f9_P3_Y2_UO612,RD3_F8_m4f5_P4_Y2_UO343,FXX,1,0.0,1,1,1.0,0,0,0,-9999.0,0.5,1,P5_CV0,1,1,1,1,1
1,4.359949021420038,0.38889347741837,R1_F1_m9f10_P9_Y3_UO63,RD9_F2_m7f2_P7_Y1_UO478,RD10_F2_m3f2_P3_Y1_UO48,MXY,2,0.0,1,0,0.0,0,0,0,-9999.0,0.75,1,P5_CV0,1,2,0,2,0
1,4.359949021420038,0.38889347741837,R1_F1_m3f9_P3_Y2_UO616,RD3_F5_m3f7_P3_Y0_UO477,RD9_F10_m-1f-1_P6_Y-1_U69,MXY,3,0.0,1,0,0.0,0,0,0,-9999.0,0.375,1,P5_CV0,1,0,2,2,0
1,4.359949021420038,0.38889347741837,R1_F1_m6f4_P6_Y4_UO679,RD6_F9_m8f2_P8_Y2_UO107,RD4_F9_m7f2_P7_Y2_UO320,FXX,1,0.0,1,1,1.0,0,0,0,-9999.0,0.5,1,P6_CV0,1,0,2,2,0
1,4.359949021420038,0.38889347741837,R1_F1_m9f2_P9_Y4_UO631,RD9_F8_m6f8_P6_Y2_UO248,RD2_F8_m2f7_P2_Y2_UO272,FXX,1,0.0,1,1,1.0,0,0,0,-9999.0,0.4375,1,P6_CV0,1,2,0,2,0
1,4.359949021420038,0.38889347741837,R1_F1_m6f9_P6_Y4_UO751,RD6_F9_m8f2_P8_Y2_UO107,RD9_F7_m2f10_P2_Y1_UO227,FXX,1,0.0,1,1,1.0,0,0,0,-9999.0,0.6875,1,P6_CV0,1,1,1,1,1
1,4.359949021420038,0.38889347741837,R1_F1_m6f4_P6_Y4_UO680,RD6_F9_m8f2_P8_Y2_UO107,RD4_F9_m7f2_P7_Y2_UO320,FXX,1,0.0,1,1,1.0,0,0,0,-9999.0,0.5,1,P6_CV0,1,0,2,2,0
1,4.359949021420038,0.38889347741837,R1_F1_m3f5_P3_Y3_UO278,RD3_F4_m8f3_P8_Y1_UO255,RD5_F6_m3f2_P3_Y1_UO49,FXX,2,0.0,1,0,1.0,0,0,0,-9999.0,0.625,1,P6_CV0,1,2,0,2,0
1,4.359949021420038,0.38889347741837,R1_F1_m6f2_P6_Y3_UO320,RD6_F7_m2f4_P2_Y1_UO541,RD2_F6_m4f5_P4_Y0_UO243,MXY,2,0.0,1,0,0.0,0,0,0,-9999.0,0.625,1,P6_CV0,1,1,1,1,1
1,4.359949021420038,0.38889347741837,R1_F1_m10f3_P10_Y3_UO227,RD10_F3_m8f6_P8_Y1_UO443,RD3_F7_m10f4_P10_Y1_UO448,MXY,2,0.0,1,0,0.0,0,0,0,-9999.0,0.375,1,P6_CV0,1,0,2,1,1
1,4.359949021420038,0.38889347741837,R1_F1_m7f3_P7_Y4_UO427,RD7_F1_m10f1_P10_Y2_UO217,RD3_F9_m2f6_P2_Y2_UO114,MXY,1,0.0,1,1,0.0,0,0,0,-9999.0,0.3125,1,P7_CV0,1,1,1,1,1
1,4.359949021420038,0.38889347741837,R1_F1_m10f6_P10_Y4_UO136,RD10_F6_m9f3_P9_Y2_UO513,RD6_F9_m8f7_P8_Y2_UO431,FXX,1,0.0,1,1,1.0,0,0,0,-9999.0,0.3125,1,P7_CV0,1,0,2,0,2
1,4.359949021420038,0.38889347741837,R1_F1_m10f1_P10_Y4_UO157,RD10_F8_m6f2_P6_Y2_UO721,RD1_F3_m2f8_P2_Y2_UO379,MXY,1,0.0,1,1,0.0,0,0,0,-9999.0,0.5625,1,P7_CV0,1,2,0,2,0
1,4.359949021420038,0.38889347741837,R1_F1_m3f2_P3_Y4_UO601,RD3_F2_m5f6_P5_Y2_UO592,RD2_F8_m6f9_P6_Y2_UO731,MXY,1,0.0,1,1,0.0,0,0,0,-9999.0,0.5625,1,P7_CV0,1,0,2,0,2
1,4.359949021420038,0.38889347741837,R1_F1_m10f4_P10_Y4_UO743,RD10_F9_m2f8_P2_Y2_UO381,RD4_F7_m6f3_P6_Y2_UO496,MXY,1,0.0,1,1,0.0,0,0,0,-9999.0,0.625,1,P7_CV0,1,1,1,1,1
1,4.359949021420038,0.38889347741837,R1_F1_m10f4_P10_Y4_UO434,RD10_F6_m4f9_P4_Y2_UO398,RD4_F2_m7f6_P7_Y2_UO483,MXY,1,0.0,1,1,0.0,0,0,0,-9999.0,0.5,1,P7_CV0,1,1,1,0,2
1,4.359949021420038,0.38889347741837,R1_F1_m8f7_P8_Y4_UO503,RD8_F9_m2f5_P2_Y2_UO681,RD7_F8_m4f6_P4_Y2_UO709,FXX,1,0.0,1,1,1.0,0,0,0,-9999.0,0.5625,1,P7_CV0,1,1,1,1,1
1,4.359949021420038,0.38889347741837,R1_F1_m10f1_P10_Y4_UO161,RD10_F8_m6f2_P6_Y2_UO721,RD1_F3_m2f8_P2_Y2_UO379,MXY,1,0.0,1,1,0.0,0,0,0,-9999.0,0.5625,1,P7_CV0,1,0,2,1,1
1,4.359949021420038,0.38889347741837,R1_F1_m6f3_P6_Y4_UO521,RD6_F9_m2f8_P2_Y2_UO380,RD3_F5_m8f9_P8_Y0_UO18,MXY,1,0.0,1,1,0.0,0,0,0,-9999.0,0.625,1,P7_CV0,1,0,2,2,0
1,4.359949021420038,0.38889347741837,R1_F1_m10f6_P10_Y4_UO135,RD10_F6_m9f3_P9_Y2_UO513,RD6_F9_m8f7_P8_Y2_UO431,FXX,1,0.0,1,1,1.0,0,0,0,-9999.0,0.3125,1,P7_CV0,1,0,2,2,0
1,4.359949021420038,0.38889347741837,R1_F1_m3f9_P3_Y4_UO387,RD3_F9_m6f3_P6_Y2_UO502,RD9_F7_m4f6_P4_Y2_UO318,FXX,1,0.0,1,1,1.0,0,0,0,-9999.0,0.5625,1,P7_CV0,1,1,1,2,0
1,4.359949021420038,0.38889347741837,R1_F1_m5f8_P5_Y4_UO43,RD5_F6_m9f3_P9_Y2_UO651,RD8_F9_m4f6_P4_Y2_UO711,FXX,1,0.0,1,1,1.0,0,0,0,-9999.0,0.5625,1,P7_CV0,1,1,1,1,1
1,4.359949021420038,0.38889347741837,Age0_F1_m1f10_P1_Y5_UO118,RD1_F4_m7f5_P7_Y3_UO167,RD10_F1_m6f3_P6_Y3_UO105,MXY,0,0.0,0,0,0.0,0,0,0,0.0,0.375,1,P8_CV0,1,2,0,1,1
1,4.359949021420038,0.38889347741837,Age0_F1_m1f10_P1_Y5_UO119,RD1_F4_m7f5_P7_Y3_UO167,RD10_F1_m6f3_P6_Y3_UO105,FXX,0,0.0,0,0,0.0,0,0,0,0.0,0.375,1,P8_CV0,1,2,0,1,1
1,4.359949021420038,0.38889347741837,Age0_F1_m1f10_P1_Y5_UO120,RD1_F4_m7f5_P7_Y3_UO167,RD10_F1_m6f3_P6_Y3_UO105,MXY,0,0.0,0,0,0.0,0,0,0,0.0,0.375,1,P8_CV0,1,1,1,0,2
1,4.359949021420038,0.38889347741837,Age0_F1_m1f10_P1_Y5_UO123,RD1_F4_m7f5_P7_Y3_UO167,RD10_F1_m6f3_P6_Y3_UO105,MXY,0,0.0,0,0,0.0,0,0,0,0.0,0.375,1,P8_CV0,1,2,0,1,1
1,4.359949021420038,0.38889347741837,Age0_F1_m1f10_P1_Y5_UO124,RD1_F4_m7f5_P7_Y3_UO167,RD10_F1_m6f3_P6_Y3_UO105,FXX,0,0.0,0,0,0.0,0,0,0,0.0,0.375,1,P8_CV0,1,1,1,0,2
1,4.359949021420038,0.38889347741837,Age0_F1_m1f10_P1_Y5_UO125,RD1_F4_m7f5_P7_Y3_UO167,RD10_F1_m6f3_P6_Y3_UO105,MXY,0,0.0,0,0,0.0,0,0,0,0.0,0.375,1,P8_CV0,1,1,1,1,1
1,4.359949021420038,0.38889347741837,Age0_F1_m1f10_P1_Y5_UO127,RD1_F4_m7f5_P7_Y3_UO167,RD10_F1_m6f3_P6_Y3_UO105,MXY,0,0.0,0,0,0.0,0,0,0,0.0,0.375,1,P8_CV0,1,1,1,0,2
1,4.359949021420038,0.38889347741837,Age0_F1_m1f10_P1_Y5_UO128,RD1_F4_m7f5_P7_Y3_UO167,RD10_F1_m6f3_P6_Y3_UO105,MXY,0,0.0,0,0,0.0,0,0,0,0.0,0.375,1,P8_CV0,1,1,1,1,1
1,4.359949021420038,0.38889347741837,Age0_F1_m1f10_P1_Y5_UO130,RD1_F4_m7f5_P7_Y3_UO167,RD10_F1_m6f3_P6_Y3_UO105,FXX,0,0.0,0,0,0.0,0,0,0,0.0,0.375,1,P8_CV0,1,2,0,0,2
1,4.359949021420038,0.38889347741837,Age0_F1_m1f10_P1_Y5_UO131,RD1_F4_m7f5_P7_Y3_UO167,RD10_F1_m6f3_P6_Y3_UO105,FXX,0,0.0,0,0,0.0,0,0,0,0.0,0.375,1,P8_CV0,1,1,1,1,1
1,4.359949021420038,0.38889347741837,R1_F1_m5f1_P5_Y4_UO301,RD5_F1_m10f3_P10_Y2_UO122,RD1_F5_m1f3_P1_Y1_UO18,MXY,1,0.0,1,1,0.0,0,0,0,-9999.0,0.375,1,P8_CV0,1,1,1,2,0
1,4.359949021420038,0.38889347741837,R1_F1_m8f9_P8_Y4_UO178,RD8_F6_m2f8_P2_Y2_UO176,RD9_F7_m4f9_P4_Y2_UO589,MXY,1,0.0,1,1,0.0,0,0,0,-9999.0,0.3125,1,P8_CV0,1,1,1,1,1
1,4.359949021420038,0.38889347741837,R1_F1_m10f6_P10_Y4_UO693,RD10_F9_m4f3_P4_Y2_UO199,RD6_F9_m2f5_P2_Y2_UO529,FXX,1,0.0,1,1,1.0,0,0,0,-9999.0,0.5625,1,P8_CV0,1,2,0,0,2
1,4.359949021420038,0.38889347741837,R1_F1_m5f6_P5_Y4_UO21,RD5_F6_m3f1_P3_Y2_UO195,RD6_F9_m10f1_P10_Y2_UO216,MXY,1,0.0,1,1,0.0,0,0,0,-9999.0,0.4375,1,P8_CV0,1,1,1,1,1
1,4.359949021420038,0.38889347741837,R1_F1_m5f1_P5_Y4_UO392,RD5_F3_m4f3_P4_Y2_UO15,RD1_F5_m1f3_P1_Y1_UO18,MXY,1,0.0,1,1,0.0,0,0,0,-9999.0,0.375,1,P8_CV0,1,0,2,1,1
1,4.359949021420038,0.38889347741837,R1_F1_m5f3_P5_Y4_UO149,RD5_F1_m10f3_P10_Y2_UO122,RD3_F7_m4f5_P4_Y2_UO23,FXX,1,0.0,1,1,1.0,0,0,0,-9999.0,0.5,1,P8_CV0,1,1,1,1,1
1,4.359949021420038,0.38889347741837,R1_F1_m5f1_P5_Y4_UO389,RD5_F3_m4f3_P4_Y2_UO15,RD1_F5_m1f3_P1_Y1_UO18,MXY,1,0.0,1,1,0.0,0,0,0,-9999.0,0.375,1,P8_CV0,1,0,2,1,1
1,4.359949021420038,0.38889347741837,R1_F1_m5f6_P5_Y4_UO20,RD5_F6_m3f1_P3_Y2_UO195,RD6_F9_m10f1_P10_Y2_UO216,MXY,1,0.0,1,1,0.0,0,0,0,-9999.0,0.4375,1,P8_CV0,1,1,1,1,1
1,4.359949021420038,0.38889347741837,R1_F1_m3f1_P3_Y4_UO663,RD3_F4_m9f6_P9_Y2_UO551,RD1_F3_m4f9_P4_Y2_UO587,FXX,1,0.0,1,1,1.0,0,0,0,-9999.0,0.375,1,P8_CV0,1,0,2,2,0
1,4.359949021420038,0.38889347741837,R1_F1_m3f2_P3_Y3_UO74,RD3_F10_m5f1_P5_Y1_UO127,RD2_F10_m4f7_P4_Y1_UO297,MXY,2,0.0,1,0,0.0,0,0,0,-9999.0,0.375,1,P8_CV0,1,1,1,1,1
1,4.359949021420038,0.38889347741837,R1_F1_m9f3_P9_Y2_UO650,RD9_F10_m2f9_P2_Y0_UO432,RD3_F5_m4f2_P4_Y0_UO441,MXY,3,0.0,1,0,0.0,0,0,0,-9999.0,0.5,1,P8_CV0,1,2,0,1,1
1,4.359949021420038,0.38889347741837,R1_F1_m5f3_P5_Y4_UO333,RD5_F9_m6f10_P6_Y2_UO699,RD3_F6_m7f9_P7_Y2_UO255,FXX,1,0.0,1,1,1.0,0,0,0,-9999.0,0.375,1,P9_CV0,1,0,2,0,2
1,4.359949021420038,0.38889347741837,R1_F1_m5f8_P5_Y4_UO541,RD5_F9_m8f6_P8_Y2_UO376,RD8_F3_m1f3_P1_Y2_UO395,MXY,1,0.0,1,1,0.0,0,0,0,-9999.0,0.4375,1,P9_CV0,1,1,1,1,1
1,4.359949021420038,0.38889347741837,R1_F1_m7f9_P7_Y4_UO673,RD7_F8_m1f2_P1_Y2_UO346,RD9_F8_m4f9_P4_Y2_UO401,FXX,1,0.0,1,1,1.0,0,0,0,-9999.0,0.4375,1,P9_CV0,1,0,2,0,2
1,4.359949021420038,0.38889347741837,R1_F1_m7f3_P7_Y4_UO426,RD7_F1_m10f1_P10_Y2_UO217,RD3_F9_m2f6_P2_Y2_UO114,MXY,1,0.0,1,1,0.0,0,0,0,-9999.0,0.3125,1,P9_CV0,1,1,1,1,1
1,4.359949021420038,0.38889347741837,R1_F1_m2f4_P2_Y4_UO719,RD2_F3_m4f6_P4_Y2_UO455,RD4_F5_m4f6_P4_Y2_UO313,MXY,1,0.0,1,1,0.0,0,0,0,-9999.0,0.5,1,P9_CV0,1,2,0,0,2
1,4.359949021420038,0.38889347741837,R1_F1_m3f4_P3_Y3_UO469,RD3_F10_m9f7_P9_Y1_UO206,RD4_F7_m10f6_P10_Y0_UO549,MXY,2,0.0,1,0,0.0,0,0,0,-9999.0,0.375,1,P9_CV0,1,0,2,2,0
1,4.359949021420038,0.38889347741837,R1_F1_m8f7_P8_Y2_UO276,RD8_F2_m10f5_P10_Y0_UO337,RD7_F8_m5f6_P5_Y0_UO32,MXY,3,0.0,1,0,0.0,0,0,0,-9999.0,0.75,1,P9_CV0,1,1,1,1,1
2,5.496624778787091,6.529835889274153,Age0_F2_m2f1_P2_Y5_UO158,RD2_F6_m2f6_P2_Y3_UO441,RD1_F10_m6f2_P6_Y3_UO320,MXY,0,0.0,0,0,0.0,0,0,0,0.0,0.5625,1,P0_CV0,1,2,0,0,2
2,5.496624778787091,6.529835889274153,Age0_F2_m2f1_P2_Y5_UO160,RD2_F6_m2f6_P2_Y3_UO441,RD1_F10_m6f2_P6_Y3_UO320,MXY,0,0.0,0,0,0.0,0,0,0,0.0,0.5625,1,P0_CV0,1,2,0,0,2
2,5.496624778787091,6.529835889274153,Age0_F2_m2f1_P2_Y5_UO161,RD2_F6_m2f6_P2_Y3_UO441,RD1_F10_m6f2_P6_Y3_UO320,MXY,0,0.0,0,0,0.0,0,0,0,0.0,0.5625,1,P0_CV0,1,1,1,0,2
2,5.496624778787091,6.529835889274153,Age0_F2_m2f1_P2_Y5_UO162,RD2_F6_m2f6_P2_Y3_UO441,RD1_F10_m6f2_P6_Y3_UO320,MXY,0,0.0,0,0,0.0,0,0,0,0.0,0.5625,1,P0_CV0,1,1,1,0,2
2,5.496624778787091,6.529835889274153,Age0_F2_m2f4_P2_Y5_UO221,RD2_F6_m2f6_P2_Y3_UO441,RD4_F8_m2f5_P2_Y3_UO12,FXX,0,0.0,0,0,0.0,0,0,0,0.0,0.375,1,P0_CV0,1,1,1,0,2
2,5.496624778787091,6.529835889274153,Age0_F2_m2f4_P2_Y5_UO222,RD2_F6_m2f6_P2_Y3_UO441,RD4_F8_m2f5_P2_Y3_UO12,FXX,0,0.0,0,0,0.0,0,0,0,0.0,0.375,1,P0_CV0,1,2,0,1,1
2,5.496624778787091,6.529835889274153,Age0_F2_m2f4_P2_Y5_UO223,RD2_F6_m2f6_P2_Y3_UO441,RD4_F8_m2f5_P2_Y3_UO12,MXY,0,0.0,0,0,0.0,0,0,0,0.0,0.375,1,P0_CV0,1,1,1,0,2
2,5.496624778787091,6.529835889274153,Age0_F2_m2f4_P2_Y5_UO225,RD2_F6_m2f6_P2_Y3_UO441,RD4_F8_m2f5_P2_Y3_UO12,MXY,0,0.0,0,0,0.0,0,0,0,0.0,0.375,1,P0_CV0,1,2,0,0,2
2,5.496624778787091,6.529835889274153,Age0_F2_m2f4_P2_Y5_UO226,RD2_F6_m2f6_P2_Y3_UO441,RD4_F8_m2f5_P2_Y3_UO12,FXX,0,0.0,0,0,0.0,0,0,0,0.0,0.375,1,P0_CV0,1,2,0,0,2
2,5.496624778787091,6.529835889274153,Age0_F2_m2f4_P2_Y5_UO227,RD2_F6_m2f6_P2_Y3_UO441,RD4_F8_m2f5_P2_Y3_UO12,MXY,0,0.0,0,0,0.0,0,0,0,0.0,0.375,1,P0_CV0,1,1,1,1,1
2,5.496624778787091,6.529835889274153,Age0_F2_m2f6_P2_Y5_UO378,RD2_F6_m2f6_P2_Y3_UO441,RD6_F10_m1f2_P1_Y3_UO359,FXX,0,0.0,0,0,0.0,0,0,0,0.0,0.5,1,P0_CV0,1,2,0,1,1
2,5.496624778787091,6.529835889274153,Age0_F2_m2f6_P2_Y5_UO379,RD2_F6_m2f6_P2_Y3_UO441,RD6_F10_m1f2_P1_Y3_UO359,FXX,0,0.0,0,0,0.0,0,0,0,0.0,0.5,1,P0_CV0,1,2,0,0,2
2,5.496624778787091,6.529835889274153,Age0_F2_m2f6_P2_Y5_UO380,RD2_F6_m2f6_P2_Y3_UO441,RD6_F10_m1f2_P1_Y3_UO359,MXY,0,0.0,0,0,0.0,0,0,0,0.0,0.5,1,P0_CV0,1,2,0,1,1
2,5.496624778787091,6.529835889274153,Age0_F2_m2f6_P2_Y5_UO381,RD2_F6_m2f6_P2_Y3_UO441,RD6_F10_m1f2_P1_Y3_UO359,MXY,0,0.0,0,0,0.0,0,0,0,0.0,0.5,1,P0_CV0,1,2,0,0,2
2,5.496624778787091,6.529835889274153,Age0_F2_m2f6_P2_Y5_UO382,RD2_F6_m2f6_P2_Y3_UO441,RD6_F10_m1f2_P1_Y3_UO359,FXX,0,0.0,0,0,0.0,0,0,0,0.0,0.5,1,P0_CV0,1,2,0,0,2
2,5.496624778787091,6.529835889274153,Age0_F2_m2f6_P2_Y5_UO383,RD2_F6_m2f6_P2_Y3_UO441,RD6_F10_m1f2_P1_Y3_UO359,MXY,0,0.0,0,0,0.0,0,0,0,0.0,0.5,1,P0_CV0,1,2,0,1,1
2,5.496624778787091,6.529835889274153,Age0_F2_m2f7_P2_Y5_UO433,RD2_F6_m2f6_P2_Y3_UO441,RD7_F1_m8f2_P8_Y2_UO457,MXY,0,0.0,0,0,0.0,0,0,0,0.0,0.5,1,P0_CV0,1,2,0,1,1
2,5.496624778787091,6.529835889274153,Age0_F2_m2f7_P2_Y5_UO435,RD2_F6_m2f6_P2_Y3_UO441,RD7_F1_m8f2_P8_Y2_UO457,FXX,0,0.0,0,0,0.0,0,0,0,0.0,0.5,1,P0_CV0,1,1,1,1,1
2,5.496624778787091,6.529835889274153,Age0_F2_m2f7_P2_Y5_UO436,RD2_F6_m2f6_P2_Y3_UO441,RD7_F1_m8f2_P8_Y2_UO457,FXX,0,0.0,0,0,0.0,0,0,0,0.0,0.5,1,P0_CV0,1,2,0,0,2
2,5.496624778787091,6.529835889274153,Age0_F2_m2f7_P2_Y5_UO453,RD2_F6_m2f6_P2_Y3_UO441,RD7_F8_m2f1_P2_Y2_UO294,FXX,0,0.0,0,0,0.0,0,0,0,0.0,0.5625,1,P0_CV0,1,1,1,1,1
2,5.496624778787091,6.529835889274153,Age0_F2_m2f7_P2_Y5_UO454,RD2_F6_m2f6_P2_Y3_UO441,RD7_F8_m2f1_P2_Y2_UO294,FXX,0,0.0,0,0,0.0,0,0,0,0.0,0.5625,1,P0_CV0,1,1,1,0,2
2,5.496624778787091,6.529835889274153,R2_F2_m8f6_P8_Y4_UO495,RD8_F7_m2f1_P2_Y2_UO293,RD6_F1_m1f10_P1_Y1_UO321,FXX,1,0.0,1,1,1.0,0,0,0,-9999.0,0.5625,1,P0_CV0,1,2,0,1,1
2,5.496624778787091,6.529835889274153,Age0_F2_m2f4_P2_Y5_UO0,RD2_F3_m2f7_P2_Y3_UO329,RD4_F8_m4f3_P4_Y3_UO150,FXX,0,0.0,0,0,0.0,0,0,0,0.0,0.4375,1,P1_CV0,1,2,0,0,2
2,5.496624778787091,6.529835889274153,Age0_F2_m2f4_P2_Y5_UO1,RD2_F3_m2f7_P2_Y3_UO329,RD4_F8_m4f3_P4_Y3_UO150,MXY,0,0.0,0,0,0.0,0,0,0,0.0,0.4375,1,P1_CV0,1,2,0,0,2
2,5.496624778787091,6.529835889274153,Age0_F2_m2f4_P2_Y5_UO2,RD2_F3_m2f7_P2_Y3_UO329,RD4_F8_m4f3_P4_Y3_UO150,FXX,0,0.0,0,0,0.0,0,0,0,0.0,0.4375,1,P1_CV0,1,2,0,1,1
2,5.496624778787091,6.529835889274153,Age0_F2_m2f4_P2_Y5_UO3,RD2_F3_m2f7_P2_Y3_UO329,RD4_F8_m4f3_P4_Y3_UO150,MXY,0,0.0,0,0,0.0,0,0,0,0.0,0.4375,1,P1_CV0,1,2,0,1,1
2,5.496624778787091,6.529835889274153,Age0_F2_m2f4_P2_Y5_UO5,RD2_F3_m2f7_P2_Y3_UO329,RD4_F8_m4f3_P4_Y3_UO150,FXX,0,0.0,0,0,0.0,0,0,0,0.0,0.4375,1,P1_CV0,1,1,1,0,2
2,5.496624778787091,6.529835889274153,Age0_F2_m2f4_P2_Y5_UO6,RD2_F3_m2f7_P2_Y3_UO329,RD4_F8_m4f3_P4_Y3_UO150,MXY,0,0.0,0,0,0.0,0,0,0,0.0,0.4375,1,P1_CV0,1,2,0,1,1
2,5.496624778787091,6.529835889274153,Age0_F2_m2f10_P2_Y5_UO152,RD2_F1_m4f6_P4_Y3_UO528,RD10_F3_m4f5_P4_Y2_UO23,FXX,0,0.0,0,0,0.0,0,0,0,0.0,0.5625,1,P1_CV0,1,2,0,1,1
2,5.496624778787091,6.529835889274153,Age0_F2_m2f10_P2_Y5_UO155,RD2_F1_m4f6_P4_Y3_UO528,RD10_F3_m4f5_P4_Y2_UO23,FXX,0,0.0,0,0,0.0,0,0,0,0.0,0.5625,1,P1_CV0,1,2,0,1,1
2,5.496624778787091,6.529835889274153,Age0_F2_m2f10_P2_Y5_UO156,RD2_F1_m4f6_P4_Y3_UO528,RD10_F3_m4f5_P4_Y2_UO23,MXY,0,0.0,0,0,0.0,0,0,0,0.0,0.5625,1,P1_CV0,1,2,0,1,1
2,5.496624778787091,6.529835889274153,Age0_F2_m2f5_P2_Y5_UO329,RD2_F1_m4f6_P4_Y3_UO528,RD5_F6_m7f4_P7_Y3_UO432,FXX,0,0.0,0,0,0.0,0,0,0,0.0,0.5625,1,P1_CV0,1,2,0,0,2
2,5.496624778787091,6.529835889274153,R2_F2_m4f7_P4_Y4_UO220,RD4_F7_m4f7_P4_Y2_UO309,RD7_F8_m2f5_P2_Y2_UO530,MXY,1,0.0,1,1,0.0,0,0,0,-9999.0,0.5625,1,P1_CV0,1,1,1,1,1
2,5.496624778787091,6.529835889274153,R2_F2_m4f9_P4_Y4_UO781,RD4_F7_m4f7_P4_Y2_UO309,RD9_F7_m4f9_P4_Y2_UO589,MXY,1,0.0,1,1,0.0,0,0,0,-9999.0,0.4375,1,P1_CV0,1,0,2,0,2
2,5.496624778787091,6.529835889274153,R2_F2_m6f4_P6_Y4_UO575,RD6_F2_m5f3_P5_Y2_UO639,RD4_F8_m7f6_P7_Y2_UO487,FXX,1,0.0,1,1,1.0,0,0,0,-9999.0,0.5625,1,P1_CV0,1,0,2,1,1
2,5.496624778787091,6.529835889274153,R2_F2_m10f2_P10_Y4_UO201,RD10_F1_m4f7_P4_Y2_UO312,RD2_F9_m1f8_P1_Y2_UO560,FXX,1,0.0,1,1,1.0,0,0,0,-9999.0,0.5,1,P1_CV0,1,1,1,1,1
2,5.496624778787091,6.529835889274153,R2_F2_m10f2_P10_Y4_UO206,RD10_F1_m4f7_P4_Y2_UO312,RD2_F9_m1f8_P1_Y2_UO560,MXY,1,0.0,1,1,0.0,0,0,0,-9999.0,0.5,1,P1_CV0,1,1,1,1,1
2,5.496624778787091,6.529835889274153,R2_F2_m6f3_P6_Y3_UO507,RD6_F4_m3f7_P3_Y1_UO401,RD3_F10_m6f7_P6_Y1_UO57,MXY,2,0.0,1,0,0.0,0,0,0,-9999.0,0.75,1,P1_CV0,1,2,0,0,2
2,5.496624778787091,6.529835889274153,R2_F2_m6f3_P6_Y3_UO508,RD6_F4_m3f7_P3_Y1_UO401,RD3_F10_m6f7_P6_Y1_UO57,MXY,2,0.0,1,0,0.0,0,0,0,-9999.0,0.75,1,P1_CV0,1,1,1,0,2
2,5.496624778787091,6.529835889274153,R2_F2_m6f4_P6_Y2_UO575,RD6_F4_m6f2_P6_Y0_UO673,RD4_F10_m1f9_P1_Y0_UO421,MXY,3,0.0,1,0,0.0,0,0,0,-9999.0,0.25,1,P1_CV0,1,0,2,1,1
2,5.496624778787091,6.529835889274153,Age0_F2_m2f4_P2_Y5_UO4,RD2_F3_m2f7_P2_Y3_UO329,RD4_F8_m4f3_P4_Y3_UO150,FXX,0,0.0,0,0,0.0,0,0,0,0.0,0.4375,1,P2_CV0,1,1,1,0,2
2,5.496624778787091,6.529835889274153,Age0_F2_m2f4_P2_Y5_UO7,RD2_F3_m2f7_P2_Y3_UO329,RD4_F8_m4f3_P4_Y3_UO150,FXX,0,0.0,0,0,0.0,0,0,0,0.0,0.4375,1,P2_CV0,1,2,0,0,2
2,5.496624778787091,6.529835889274153,Age0_F2_m2f4_P2_Y5_UO8,RD2_F3_m2f7_P2_Y3_UO329,RD4_F8_m4f3_P4_Y3_UO150,MXY,0,0.0,0,0,0.0,0,0,0,0.0,0.4375,1,P2_CV0,1,2,0,1,1
2,5.496624778787091,6.529835889274153,Age0_F2_m2f4_P2_Y5_UO9,RD2_F3_m2f7_P2_Y3_UO329,RD4_F8_m4f3_P4_Y3_UO150,MXY,0,0.0,0,0,0.0,0,0,0,0.0,0.4375,1,P2_CV0,1,2,0,0,2
2,5.496624778787091,6.529835889274153,Age0_F2_m2f4_P2_Y5_UO10,RD2_F3_m2f7_P2_Y3_UO329,RD4_F8_m4f3_P4_Y3_UO150,MXY,0,0.0,0,0,0.0,0,0,0,0.0,0.4375,1,P2_CV0,1,2,0,1,1
2,5.496624778787091,6.529835889274153,Age0_F2_m2f4_P2_Y5_UO11,RD2_F3_m2f7_P2_Y3_UO329,RD4_F8_m4f3_P4_Y3_UO150,FXX,0,0.0,0,0,0.0,0,0,0,0.0,0.4375,1,P2_CV0,1,1,1,1,1
2,5.496624778787091,6.529835889274153,R2_F2_m10f5_P10_Y4_UO589,RD10_F3_m9f3_P9_Y2_UO210,RD5_F8_m7f3_P7_Y1_UO153,FXX,1,0.0,1,1,1.0,0,0,0,-9999.0,0.5,1,P2_CV0,1,1,1,1,1
2,5.496624778787091,6.529835889274153,R2_F2_m7f3_P7_Y4_UO127,RD7_F3_m5f6_P5_Y2_UO364,RD3_F5_m1f3_P1_Y2_UO384,MXY,1,0.0,1,1,0.0,0,0,0,-9999.0,0.375,1,P2_CV0,1,1,1,1,1
2,5.496624778787091,6.529835889274153,Age0_F2_m2f7_P2_Y5_UO452,RD2_F6_m2f6_P2_Y3_UO441,RD7_F8_m2f1_P2_Y2_UO294,MXY,0,0.0,0,0,0.0,0,0,0,0.0,0.5625,1,P4_CV0,1,1,1,1,1
2,5.496624778787091,6.529835889274153,Age0_F2_m2f7_P2_Y5_UO455,RD2_F6_m2f6_P2_Y3_UO441,RD7_F8_m2f1_P2_Y2_UO294,MXY,0,0.0,0,0,0.0,0,0,0,0.0,0.5625,1,P4_CV0,1,2,0,1,1
2,5.496624778787091,6.529835889274153,Age0_F2_m2f7_P2_Y5_UO456,RD2_F6_m2f6_P2_Y3_UO441,RD7_F8_m2f1_P2_Y2_UO294,MXY,0,0.0,0,0,0.0,0,0,0,0.0,0.5625,1,P4_CV0,1,1,1,0,2
2,5.496624778787091,6.529835889274153,R2_F2_m6f4_P6_Y4_UO95,RD6_F9_m2f8_P2_Y2_UO380,RD4_F8_m4f6_P4_Y2_UO454,FXX,1,0.0,1,1,1.0,0,0,0,-9999.0,0.5625,1,P4_CV0,1,1,1,1,1
2,5.496624778787091,6.529835889274153,R2_F2_m2f1_P2_Y2_UO295,RD2_F9_m2f10_P2_Y0_UO393,RD1_F9_m5f2_P5_Y0_UO77,MXY,3,0.0,1,0,0.0,0,0,0,-9999.0,0.625,1,P4_CV0,1,1,1,1,1
2,5.496624778787091,6.529835889274153,R2_F2_m5f2_P5_Y4_UO404,RD5_F1_m7f6_P7_Y2_UO484,RD2_F3_m1f7_P1_Y2_UO481,MXY,1,0.0,1,1,0.0,0,0,0,-9999.0,0.4375,1,P5_CV0,1,1,1,1,1
2,5.496624778787091,6.529835889274153,R2_F2_m10f9_P10_Y1_UO252,RD10_F6_m-1f-1_P6_Y-1_U97,RD9_F1_m-1f-1_P1_Y-1_U58,FXX,4,0.0,1,0,1.0,0,0,0,-9999.0,1.0,1,P5_CV0,1,2,0,1,1
2,5.496624778787091,6.529835889274153,Age0_F2_m2f1_P2_Y5_UO159,RD2_F6_m2f6_P2_Y3_UO441,RD1_F10_m6f2_P6_Y3_UO320,MXY,0,0.0,0,0,0.0,0,0,0,0.0,0.5625,1,P6_CV0,1,1,1,0,2
2,5.496624778787091,6.529835889274153,Age0_F2_m2f3_P2_Y5_UO190,RD2_F8_m7f4_P7_Y3_UO438,RD3_F10_m3f2_P3_Y3_UO81,FXX,0,0.0,0,0,0.0,0,0,0,0.0,0.4375,1,P6_CV0,1,2,0,0,2
2,5.496624778787091,6.529835889274153,Age0_F2_m2f3_P2_Y5_UO192,RD2_F8_m7f4_P7_Y3_UO438,RD3_F10_m3f2_P3_Y3_UO81,FXX,0,0.0,0,0,0.0,0,0,0,0.0,0.4375,1,P6_CV0,1,1,1,1,1
2,5.496624778787091,6.529835889274153,Age0_F2_m2f7_P2_Y5_UO434,RD2_F6_m2f6_P2_Y3_UO441,RD7_F1_m8f2_P8_Y2_UO457,FXX,0,0.0,0,0,0.0,0,0,0,0.0,0.5,1,P6_CV0,1,1,1,0,2
2,5.496624778787091,6.529835889274153,Age0_F2_m2f7_P2_Y5_UO437,RD2_F6_m2f6_P2_Y3_UO441,RD7_F1_m8f2_P8_Y2_UO457,FXX,0,0.0,0,0,0.0,0,0,0,0.0,0.5,1,P6_CV0,1,2,0,0,2
2,5.496624778787091,6.529835889274153,Age0_F2_m2f7_P2_Y5_UO438,RD2_F6_m2f6_P2_Y3_UO441,RD7_F1_m8f2_P8_Y2_UO457,FXX,0,0.0,0,0,0.0,0,0,0,0.0,0.5,1,P6_CV0,1,2,0,0,2
2,5.496624778787091,6.529835889274153,R2_F2_m6f9_P6_Y4_UO750,RD6_F9_m8f2_P8_Y2_UO107,RD9_F7_m2f10_P2_Y1_UO227,MXY,1,0.0,1,1,0.0,0,0,0,-9999.0,0.6875,1,P6_CV0,1,2,0,1,1
2,5.496624778787091,6.529835889274153,R2_F2_m1f3_P1_Y4_UO644,RD1_F10_m5f6_P5_Y2_UO372,RD3_F7_m5f8_P5_Y1_UO83,FXX,1,0.0,1,1,1.0,0,0,0,-9999.0,0.375,1,P6_CV0,1,0,2,2,0
2,5.496624778787091,6.529835889274153,R2_F2_m1f3_P1_Y4_UO647,RD1_F10_m5f6_P5_Y2_UO372,RD3_F7_m5f8_P5_Y1_UO83,MXY,1,0.0,1,1,0.0,0,0,0,-9999.0,0.375,1,P6_CV0,1,0,2,2,0
2,5.496624778787091,6.529835889274153,R2_F2_m5f3_P5_Y4_UO331,RD5_F9_m6f10_P6_Y2_UO699,RD3_F6_m7f9_P7_Y2_UO255,FXX,1,0.0,1,1,1.0,0,0,0,-9999.0,0.375,1,P6_CV0,1,0,2,2,0
2,5.496624778787091,6.529835889274153,R2_F2_m9f7_P9_Y4_UO277,RD9_F5_m2f8_P2_Y2_UO382,RD7_F8_m3f7_P3_Y0_UO61,MXY,1,0.0,1,1,0.0,0,0,0,-9999.0,0.5,1,P6_CV0,1,1,1,1,1
2,5.496624778787091,6.529835889274153,R2_F2_m9f2_P9_Y4_UO629,RD9_F8_m6f8_P6_Y2_UO248,RD2_F8_m2f7_P2_Y2_UO272,MXY,1,0.0,1,1,0.0,0,0,0,-9999.0,0.4375,1,P6_CV0,1,2,0,2,0
2,5.496624778787091,6.529835889274153,R2_F2_m4f2_P4_Y4_UO468,RD4_F9_m5f3_P5_Y2_UO641,RD2_F8_m2f7_P2_Y2_UO272,FXX,1,0.0,1,1,1.0,0,0,0,-9999.0,0.5,1,P6_CV0,1,2,0,1,1
2,5.496624778787091,6.529835889274153,R2_F2_m3f9_P3_Y4_UO386,RD3_F9_m6f3_P6_Y2_UO502,RD9_F7_m4f6_P4_Y2_UO318,MXY,1,0.0,1,1,0.0,0,0,0,-9999.0,0.5625,1,P7_CV0,1,1,1,0,2
2,5.496624778787091,6.529835889274153,R2_F2_m1f5_P1_Y4_UO545,RD1_F3_m2f9_P2_Y2_UO10,RD5_F9_m10f9_P10_Y2_UO285,FXX,1,0.0,1,1,1.0,0,0,0,-9999.0,0.5625,1,P7_CV0,1,2,0,1,1
2,5.496624778787091,6.529835889274153,R2_F2_m10f1_P10_Y4_UO159,RD10_F8_m6f2_P6_Y2_UO721,RD1_F3_m2f8_P2_Y2_UO379,FXX,1,0.0,1,1,1.0,0,0,0,-9999.0,0.5625,1,P7_CV0,1,1,1,1,1
2,5.496624778787091,6.529835889274153,R2_F2_m3f2_P3_Y4_UO600,RD3_F2_m5f6_P5_Y2_UO592,RD2_F8_m6f9_P6_Y2_UO731,FXX,1,0.0,1,1,1.0,0,0,0,-9999.0,0.5625,1,P7_CV0,1,0,2,0,2
2,5.496624778787091,6.529835889274153,Age0_F2_m2f10_P2_Y5_UO151,RD2_F1_m4f6_P4_Y3_UO528,RD10_F3_m4f5_P4_Y2_UO23,MXY,0,0.0,0,0,0.0,0,0,0,0.0,0.5625,1,P8_CV0,1,2,0,0,2
2,5.496624778787091,6.529835889274153,Age0_F2_m2f10_P2_Y5_UO153,RD2_F1_m4f6_P4_Y3_UO528,RD10_F3_m4f5_P4_Y2_UO23,FXX,0,0.0,0,0,0.0,0,0,0,0.0,0.5625,1,P8_CV0,1,2,0,0,2
2,5.496624778787091,6.529835889274153,Age0_F2_m2f10_P2_Y5_UO154,RD2_F1_m4f6_P4_Y3_UO528,RD10_F3_m4f5_P4_Y2_UO23,MXY,0,0.0,0,0,0.0,0,0,0,0.0,0.5625,1,P8_CV0,1,2,0,0,2
2,5.496624778787091,6.529835889274153,Age0_F2_m2f10_P2_Y5_UO157,RD2_F1_m4f6_P4_Y3_UO528,RD10_F3_m4f5_P4_Y2_UO23,MXY,0,0.0,0,0,0.0,0,0,0,0.0,0.5625,1,P8_CV0,1,2,0,1,1
2,5.496624778787091,6.529835889274153,Age0_F2_m2f8_P2_Y5_UO196,RD2_F8_m7f4_P7_Y3_UO438,RD8_F9_m6f3_P6_Y3_UO111,MXY,0,0.0,0,0,0.0,0,0,0,0.0,0.375,1,P8_CV0,1,2,0,0,2
2,5.496624778787091,6.529835889274153,Age0_F2_m2f8_P2_Y5_UO197,RD2_F8_m7f4_P7_Y3_UO438,RD8_F9_m6f3_P6_Y3_UO111,MXY,0,0.0,0,0,0.0,0,0,0,0.0,0.375,1,P8_CV0,1,1,1,1,1
2,5.496624778787091,6.529835889274153,R2_F2_m9f8_P9_Y4_UO77,RD9_F8_m3f4_P3_Y2_UO264,RD8_F4_m8f4_P8_Y2_UO79,FXX,1,0.0,1,1,1.0,0,0,0,-9999.0,0.4375,1,P8_CV0,1,2,0,0,2
2,5.496624778787091,6.529835889274153,R2_F2_m4f9_P4_Y4_UO771,RD4_F7_m9f3_P9_Y2_UO655,RD9_F7_m9f2_P9_Y2_UO242,FXX,1,0.0,1,1,1.0,0,0,0,-9999.0,0.625,1,P8_CV0,1,2,0,0,2
2,5.496624778787091,6.529835889274153,R2_F2_m9f8_P9_Y4_UO76,RD9_F8_m3f4_P3_Y2_UO264,RD8_F4_m8f4_P8_Y2_UO79,FXX,1,0.0,1,1,1.0,0,0,0,-9999.0,0.4375,1,P8_CV0,1,1,1,0,2
2,5.496624778787091,6.529835889274153,Age0_F2_m2f3_P2_Y5_UO191,RD2_F8_m7f4_P7_Y3_UO438,RD3_F10_m3f2_P3_Y3_UO81,MXY,0,0.0,0,0,0.0,0,0,0,0.0,0.4375,1,P9_CV0,1,2,0,1,1
2,5.496624778787091,6.529835889274153,Age0_F2_m2f3_P2_Y5_UO193,RD2_F8_m7f4_P7_Y3_UO438,RD3_F10_m3f2_P3_Y3_UO81,FXX,0,0.0,0,0,0.0,0,0,0,0.0,0.4375,1,P9_CV0,1,1,1,1,1
2,5.496624778787091,6.529835889274153,Age0_F2_m2f3_P2_Y5_UO194,RD2_F8_m7f4_P7_Y3_UO438,RD3_F10_m3f2_P3_Y3_UO81,FXX,0,0.0,0,0,0.0,0,0,0,0.0,0.4375,1,P9_CV0,1,1,1,0,2
2,5.496624778787091,6.529835889274153,Age0_F2_m2f8_P2_Y5_UO195,RD2_F8_m7f4_P7_Y3_UO438,RD8_F9_m6f3_P6_Y3_UO111,FXX,0,0.0,0,0,0.0,0,0,0,0.0,0.375,1,P9_CV0,1,2,0,0,2
2,5.496624778787091,6.529835889274153,Age0_F2_m2f8_P2_Y5_UO198,RD2_F8_m7f4_P7_Y3_UO438,RD8_F9_m6f3_P6_Y3_UO111,FXX,0,0.0,0,0,0.0,0,0,0,0.0,0.375,1,P9_CV0,1,1,1,1,1
2,5.496624778787091,6.529835889274153,Age0_F2_m2f8_P2_Y5_UO199,RD2_F8_m7f4_P7_Y3_UO438,RD8_F9_m6f3_P6_Y3_UO111,MXY,0,0.0,0,0,0.0,0,0,0,0.0,0.375,1,P9_CV0,1,0,2,1,1
2,5.496624778787091,6.529835889274153,Age0_F2_m2f4_P2_Y5_UO224,RD2_F6_m2f6_P2_Y3_UO441,RD4_F8_m2f5_P2_Y3_UO12,MXY,0,0.0,0,0,0.0,0,0,0,0.0,0.375,1,P9_CV0,1,1,1,0,2
2,5.496624778787091,6.529835889274153,Age0_F2_m2f5_P2_Y5_UO327,RD2_F1_m4f6_P4_Y3_UO528,RD5_F6_m7f4_P7_Y3_UO432,FXX,0,0.0,0,0,0.0,0,0,0,0.0,0.5625,1,P9_CV0,1,2,0,2,0
2,5.496624778787091,6.529835889274153,Age0_F2_m2f5_P2_Y5_UO328,RD2_F1_m4f6_P4_Y3_UO528,RD5_F6_m7f4_P7_Y3_UO432,MXY,0,0.0,0,0,0.0,0,0,0,0.0,0.5625,1,P9_CV0,1,1,1,2,0
2,5.496624778787091,6.529835889274153,Age0_F2_m2f5_P2_Y5_UO330,RD2_F1_m4f6_P4_Y3_UO528,RD5_F6_m7f4_P7_Y3_UO432,MXY,0,0.0,0,0,0.0,0,0,0,0.0,0.5625,1,P9_CV0,1,1,1,0,2
2,5.496624778787091,6.529835889274153,Age0_F2_m2f5_P2_Y5_UO331,RD2_F1_m4f6_P4_Y3_UO528,RD5_F6_m7f4_P7_Y3_UO432,FXX,0,0.0,0,0,0.0,0,0,0,0.0,0.5625,1,P9_CV0,1,2,0,1,1
2,5.496624778787091,6.529835889274153,R2_F2_m3f9_P3_Y4_UO394,RD3_F8_m7f4_P7_Y2_UO30,RD9_F8_m4f9_P4_Y2_UO401,MXY,1,0.0,1,1,0.0,0,0,0,-9999.0,0.5,1,P9_CV0,1,1,1,1,1
2,5.496624778787091,6.529835889274153,R2_F2_m3f9_P3_Y4_UO451,RD3_F8_m7f4_P7_Y2_UO30,RD9_F7_m4f9_P4_Y2_UO589,FXX,1,0.0,1,1,1.0,0,0,0,-9999.0,0.375,1,P9_CV0,1,2,0,1,1
2,5.496624778787091,6.529835889274153,R2_F2_m3f2_P3_Y4_UO409,RD3_F2_m5f6_P5_Y2_UO592,RD2_F5_m8f7_P8_Y2_UO491,FXX,1,0.0,1,1,1.0,0,0,0,-9999.0,0.75,1,P9_CV0,1,2,0,1,1
2,5.496624778787091,6.529835889274153,R2_F2_m1f3_P1_Y4_UO444,RD1_F6_m10f5_P10_Y2_UO177,RD3_F2_m8f7_P8_Y2_UO278,FXX,1,0.0,1,1,1.0,0,0,0,-9999.0,0.5625,1,P9_CV0,1,0,2,1,1
2,5.496624778787091,6.529835889274153,R2_F2_m9f2_P9_Y4_UO163,RD9_F2_m9f2_P9_Y2_UO680,RD2_F8_m2f8_P2_Y2_UO1,FXX,1,0.0,1,1,1.0,0,0,0,-9999.0,0.5625,1,P9_CV0,1,1,1,2,0
2,5.496624778787091,6.529835889274153,R2_F2_m5f8_P5_Y4_UO540,RD5_F9_m8f6_P8_Y2_UO376,RD8_F3_m1f3_P1_Y2_UO395,MXY,1,0.0,1,1,0.0,0,0,0,-9999.0,0.4375,1,P9_CV0,1,2,0,0,2
2,5.496624778787091,6.529835889274153,R2_F2_m5f3_P5_Y3_UO292,RD5_F3_m6f4_P6_Y1_UO394,RD3_F5_m1f3_P1_Y1_UO553,MXY,2,0.0,1,0,0.0,0,0,0,-9999.0,0.625,1,P9_CV0,1,1,1,0,2
2,5.496624778787091,6.529835889274153,R2_F2_m7f4_P7_Y3_UO438,RD7_F8_m4f7_P4_Y1_UO343,RD4_F7_m10f6_P10_Y0_UO549,FXX,2,0.0,1,0,1.0,0,0,0,-9999.0,0.5,1,P9_CV0,1,1,1,0,2
3,4.20367802087489,4.955022315058112,R3_F3_m4f8_P4_Y4_UO188,RD4_F9_m10f7_P10_Y2_UO147,RD8_F9_m6f5_P6_Y2_UO74,FXX,1,0.0,1,1,1.0,0,0,0,-9999.0,0.5,1,P0_CV0,1,0,2,1,1
3,4.20367802087489,4.955022315058112,R3_F3_m2f7_P2_Y3_UO325,RD2_F10_m7f3_P7_Y1_UO152,RD7_F1_m5f2_P5_Y1_UO107,FXX,2,0.0,1,0,1.0,0,0,0,-9999.0,0.5,1,P0_CV0,1,1,1,1,1
3,4.20367802087489,4.955022315058112,Age0_F3_m3f10_P3_Y5_UO404,RD3_F1_m4f9_P4_Y3_UO488,RD10_F6_m4f3_P4_Y3_UO255,FXX,0,0.0,0,0,0.0,0,0,0,0.0,0.5,1,P1_CV0,1,2,0,0,2
3,4.20367802087489,4.955022315058112,Age0_F3_m3f10_P3_Y5_UO405,RD3_F1_m4f9_P4_Y3_UO488,RD10_F6_m4f3_P4_Y3_UO255,MXY,0,0.0,0,0,0.0,0,0,0,0.0,0.5,1,P1_CV0,1,1,1,0,2
3,4.20367802087489,4.955022315058112,Age0_F3_m3f10_P3_Y5_UO408,RD3_F1_m4f9_P4_Y3_UO488,RD10_F6_m4f3_P4_Y3_UO255,FXX,0,0.0,0,0,0.0,0,0,0,0.0,0.5,1,P1_CV0,1,2,0,2,0
3,4.20367802087489,4.955022315058112,Age0_F3_m3f10_P3_Y5_UO410,RD3_F1_m4f9_P4_Y3_UO488,RD10_F6_m4f3_P4_Y3_UO255,MXY,0,0.0,0,0,0.0,0,0,0,0.0,0.5,1,P1_CV0,1,1,1,2,0
3,4.20367802087489,4.955022315058112,Age0_F3_m3f10_P3_Y5_UO412,RD3_F1_m4f9_P4_Y3_UO488,RD10_F6_m4f3_P4_Y3_UO255,FXX,0,0.0,0,0,0.0,0,0,0,0.0,0.5,1,P1_CV0,1,0,2,0,2
3,4.20367802087489,4.955022315058112,Age0_F3_m3f10_P3_Y5_UO413,RD3_F1_m4f9_P4_Y3_UO488,RD10_F6_m4f3_P4_Y3_UO255,FXX,0,0.0,0,0,0.0,0,0,0,0.0,0.5,1,P1_CV0,1,0,2,0,2
3,4.20367802087489,4.955022315058112,Age0_F3_m3f10_P3_Y5_UO415,RD3_F1_m4f9_P4_Y3_UO488,RD10_F6_m4f3_P4_Y3_UO255,FXX,0,0.0,0,0,0.0,0,0,0,0.0,0.5,1,P1_CV0,1,2,0,1,1
3,4.20367802087489,4.955022315058112,R3_F3_m10f1_P10_Y4_UO338,RD10_F3_m5f6_P5_Y2_UO365,RD1_F5_m1f5_P1_Y2_UO168,FXX,1,0.0,1,1,1.0,0,0,0,-9999.0,0.4375,1,P1_CV0,1,1,1,0,2
3,4.20367802087489,4.955022315058112,R3_F3_m7f1_P7_Y4_UO713,RD7_F8_m2f5_P2_Y2_UO531,RD1_F5_m3f1_P3_Y2_UO193,FXX,1,0.0,1,1,1.0,0,0,0,-9999.0,0.5,1,P1_CV0,1,1,1,0,2
3,4.20367802087489,4.955022315058112,R3_F3_m7f6_P7_Y4_UO26,RD7_F8_m1f2_P1_Y2_UO346,RD6_F8_m9f2_P9_Y2_UO246,FXX,1,0.0,1,1,1.0,0,0,0,-9999.0,0.5625,1,P1_CV0,1,1,1,1,1
3,4.20367802087489,4.955022315058112,R3_F3_m5f6_P5_Y4_UO22,RD5_F6_m3f1_P3_Y2_UO195,RD6_F9_m10f1_P10_Y2_UO216,FXX,1,0.0,1,1,1.0,0,0,0,-9999.0,0.4375,1,P1_CV0,1,1,1,1,1
3,4.20367802087489,4.955022315058112,R3_F3_m4f7_P4_Y4_UO216,RD4_F7_m4f7_P4_Y2_UO309,RD7_F8_m2f5_P2_Y2_UO530,FXX,1,0.0,1,1,1.0,0,0,0,-9999.0,0.5625,1,P1_CV0,1,1,1,0,2
3,4.20367802087489,4.955022315058112,R3_F3_m4f9_P4_Y4_UO780,RD4_F7_m4f7_P4_Y2_UO309,RD9_F7_m4f9_P4_Y2_UO589,FXX,1,0.0,1,1,1.0,0,0,0,-9999.0,0.4375,1,P1_CV0,1,1,1,0,2
3,4.20367802087489,4.955022315058112,R3_F3_m1f10_P1_Y4_UO737,RD1_F3_m2f9_P2_Y2_UO10,RD10_F2_m9f2_P9_Y2_UO135,FXX,1,0.0,1,1,1.0,0,0,0,-9999.0,0.5,1,P1_CV0,1,0,2,2,0
3,4.20367802087489,4.955022315058112,R3_F3_m10f1_P10_Y4_UO336,RD10_F3_m5f6_P5_Y2_UO365,RD1_F5_m1f5_P1_Y2_UO168,MXY,1,0.0,1,1,0.0,0,0,0,-9999.0,0.4375,1,P1_CV0,1,1,1,1,1
3,4.20367802087489,4.955022315058112,Age0_F3_m3f8_P3_Y5_UO28,RD3_F5_m7f8_P7_Y3_UO247,RD8_F5_m10f9_P10_Y2_UO285,FXX,0,0.0,0,0,0.0,0,0,0,0.0,0.5,1,P2_CV0,1,1,1,1,1
3,4.20367802087489,4.955022315058112,Age0_F3_m3f8_P3_Y5_UO30,RD3_F5_m7f8_P7_Y3_UO247,RD8_F5_m10f9_P10_Y2_UO285,FXX,0,0.0,0,0,0.0,0,0,0,0.0,0.5,1,P2_CV0,1,2,0,1,1
3,4.20367802087489,4.955022315058112,Age0_F3_m3f8_P3_Y5_UO32,RD3_F5_m7f8_P7_Y3_UO247,RD8_F5_m10f9_P10_Y2_UO285,MXY,0,0.0,0,0,0.0,0,0,0,0.0,0.5,1,P2_CV0,1,2,0,1,1
3,4.20367802087489,4.955022315058112,Age0_F3_m3f9_P3_Y5_UO57,RD3_F5_m7f8_P7_Y3_UO247,RD9_F4_m7f5_P7_Y3_UO170,MXY,0,0.0,0,0,0.0,0,0,0,0.0,0.375,1,P2_CV0,1,1,1,1,1
3,4.20367802087489,4.955022315058112,Age0_F3_m3f9_P3_Y5_UO58,RD3_F5_m7f8_P7_Y3_UO247,RD9_F4_m7f5_P7_Y3_UO170,FXX,0,0.0,0,0,0.0,0,0,0,0.0,0.375,1,P2_CV0,1,2,0,2,0
3,4.20367802087489,4.955022315058112,Age0_F3_m3f9_P3_Y5_UO59,RD3_F5_m7f8_P7_Y3_UO247,RD9_F4_m7f5_P7_Y3_UO170,FXX,0,0.0,0,0,0.0,0,0,0,0.0,0.375,1,P2_CV0,1,1,1,2,0
3,4.20367802087489,4.955022315058112,Age0_F3_m3f9_P3_Y5_UO60,RD3_F5_m7f8_P7_Y3_UO247,RD9_F4_m7f5_P7_Y3_UO170,FXX,0,0.0,0,0,0.0,0,0,0,0.0,0.375,1,P2_CV0,1,1,1,2,0
3,4.20367802087489,4.955022315058112,Age0_F3_m3f9_P3_Y5_UO61,RD3_F5_m7f8_P7_Y3_UO247,RD9_F4_m7f5_P7_Y3_UO170,FXX,0,0.0,0,0,0.0,0,0,0,0.0,0.375,1,P2_CV0,1,1,1,2,0
3,4.20367802087489,4.955022315058112,Age0_F3_m3f9_P3_Y5_UO62,RD3_F5_m7f8_P7_Y3_UO247,RD9_F4_m7f5_P7_Y3_UO170,FXX,0,0.0,0,0,0.0,0,0,0,0.0,0.375,1,P2_CV0,1,1,1,2,0
3,4.20367802087489,4.955022315058112,Age0_F3_m3f9_P3_Y5_UO63,RD3_F5_m7f8_P7_Y3_UO247,RD9_F4_m7f5_P7_Y3_UO170,FXX,0,0.0,0,0,0.0,0,0,0,0.0,0.375,1,P2_CV0,1,1,1,2,0
3,4.20367802087489,4.955022315058112,Age0_F3_m3f9_P3_Y5_UO64,RD3_F5_m7f8_P7_Y3_UO247,RD9_F4_m7f5_P7_Y3_UO170,FXX,0,0.0,0,0,0.0,0,0,0,0.0,0.375,1,P2_CV0,1,2,0,1,1
3,4.20367802087489,4.955022315058112,Age0_F3_m3f9_P3_Y5_UO65,RD3_F5_m7f8_P7_Y3_UO247,RD9_F4_m7f5_P7_Y3_UO170,MXY,0,0.0,0,0,0.0,0,0,0,0.0,0.375,1,P2_CV0,1,2,0,1,1
3,4.20367802087489,4.955022315058112,Age0_F3_m3f9_P3_Y5_UO66,RD3_F5_m7f8_P7_Y3_UO247,RD9_F4_m7f5_P7_Y3_UO170,MXY,0,0.0,0,0,0.0,0,0,0,0.0,0.375,1,P2_CV0,1,2,0,2,0
3,4.20367802087489,4.955022315058112,Age0_F3_m3f9_P3_Y5_UO67,RD3_F5_m7f8_P7_Y3_UO247,RD9_F4_m7f5_P7_Y3_UO170,FXX,0,0.0,0,0,0.0,0,0,0,0.0,0.375,1,P2_CV0,1,2,0,2,0
3,4.20367802087489,4.955022315058112,Age0_F3_m3f9_P3_Y5_UO68,RD3_F5_m7f8_P7_Y3_UO247,RD9_F4_m7f5_P7_Y3_UO170,FXX,0,0.0,0,0,0.0,0,0,0,0.0,0.375,1,P2_CV0,1,2,0,2,0
3,4.20367802087489,4.955022315058112,Age0_F3_m3f6_P3_Y5_UO426,RD3_F5_m1f3_P1_Y3_UO7,RD6_F3_m7f5_P7_Y3_UO211,MXY,0,0.0,0,0,0.0,0,0,0,0.0,0.375,1,P2_CV0,1,0,2,1,1
3,4.20367802087489,4.955022315058112,Age0_F3_m3f6_P3_Y5_UO429,RD3_F5_m1f3_P1_Y3_UO7,RD6_F3_m7f5_P7_Y3_UO211,MXY,0,0.0,0,0,0.0,0,0,0,0.0,0.375,1,P2_CV0,1,0,2,1,1
3,4.20367802087489,4.955022315058112,Age0_F3_m3f6_P3_Y5_UO430,RD3_F5_m1f3_P1_Y3_UO7,RD6_F3_m7f5_P7_Y3_UO211,MXY,0,0.0,0,0,0.0,0,0,0,0.0,0.375,1,P2_CV0,1,1,1,2,0
3,4.20367802087489,4.955022315058112,Age0_F3_m3f6_P3_Y5_UO431,RD3_F5_m1f3_P1_Y3_UO7,RD6_F3_m7f5_P7_Y3_UO211,MXY,0,0.0,0,0,0.0,0,0,0,0.0,0.375,1,P2_CV0,1,0,2,1,1
3,4.20367802087489,4.955022315058112,Age0_F3_m3f6_P3_Y5_UO432,RD3_F5_m1f3_P1_Y3_UO7,RD6_F3_m7f5_P7_Y3_UO211,MXY,0,0.0,0,0,0.0,0,0,0,0.0,0.375,1,P2_CV0,1,1,1,1,1
3,4.20367802087489,4.955022315058112,R3_F3_m6f3_P6_Y4_UO122,RD6_F8_m4f2_P4_Y2_UO623,RD3_F5_m1f3_P1_Y2_UO384,MXY,1,0.0,1,1,0.0,0,0,0,-9999.0,0.375,1,P2_CV0,1,0,2,0,2
3,4.20367802087489,4.955022315058112,R3_F3_m10f2_P10_Y4_UO202,RD10_F1_m4f7_P4_Y2_UO312,RD2_F9_m1f8_P1_Y2_UO560,FXX,1,0.0,1,1,1.0,0,0,0,-9999.0,0.5,1,P2_CV0,1,1,1,1,1
3,4.20367802087489,4.955022315058112,R3_F3_m7f5_P7_Y3_UO210,RD7_F9_m2f9_P2_Y1_UO28,RD5_F7_m-1f-1_P3_Y-1_U98,MXY,2,0.0,1,0,0.0,0,0,0,-9999.0,0.5,1,P2_CV0,1,2,0,2,0
3,4.20367802087489,4.955022315058112,Age0_F3_m3f7_P3_Y5_UO344,RD3_F10_m9f10_P9_Y3_UO62,RD7_F5_m1f2_P1_Y3_UO23,MXY,0,0.0,0,0,0.0,0,0,0,0.0,0.5625,1,P3_CV0,1,2,0,2,0
3,4.20367802087489,4.955022315058112,Age0_F3_m3f7_P3_Y5_UO347,RD3_F10_m9f10_P9_Y3_UO62,RD7_F5_m1f2_P1_Y3_UO23,MXY,0,0.0,0,0,0.0,0,0,0,0.0,0.5625,1,P3_CV0,1,2,0,2,0
3,4.20367802087489,4.955022315058112,Age0_F3_m3f7_P3_Y5_UO348,RD3_F10_m9f10_P9_Y3_UO62,RD7_F5_m1f2_P1_Y3_UO23,MXY,0,0.0,0,0,0.0,0,0,0,0.0,0.5625,1,P3_CV0,1,2,0,2,0
3,4.20367802087489,4.955022315058112,R3_F3_m10f4_P10_Y4_UO308,RD10_F1_m5f7_P5_Y2_UO428,RD4_F8_m4f3_P4_Y2_UO16,MXY,1,0.0,1,1,0.0,0,0,0,-9999.0,0.5,1,P3_CV0,1,1,1,0,2
3,4.20367802087489,4.955022315058112,R3_F3_m10f1_P10_Y4_UO62,RD10_F9_m4f3_P4_Y2_UO199,RD1_F6_m6f9_P6_Y1_UO140,MXY,1,0.0,1,1,0.0,0,0,0,-9999.0,0.5625,1,P3_CV0,1,1,1,1,1
3,4.20367802087489,4.955022315058112,R3_F3_m8f4_P8_Y4_UO702,RD8_F4_m6f10_P6_Y2_UO536,RD4_F8_m4f6_P4_Y2_UO454,MXY,1,0.0,1,1,0.0,0,0,0,-9999.0,0.5,1,P4_CV0,1,1,1,0,2
3,4.20367802087489,4.955022315058112,R3_F3_m2f6_P2_Y4_UO50,RD2_F8_m2f3_P2_Y2_UO528,RD6_F7_m1f6_P1_Y2_UO465,FXX,1,0.0,1,1,1.0,0,0,0,-9999.0,0.4375,1,P4_CV0,1,1,1,1,1
3,4.20367802087489,4.955022315058112,R3_F3_m8f4_P8_Y4_UO703,RD8_F4_m6f10_P6_Y2_UO536,RD4_F8_m4f6_P4_Y2_UO454,MXY,1,0.0,1,1,0.0,0,0,0,-9999.0,0.5,1,P4_CV0,1,1,1,0,2
3,4.20367802087489,4.955022315058112,R3_F3_m5f1_P5_Y3_UO160,RD5_F7_m4f7_P4_Y1_UO344,RD1_F5_m-1f-1_P7_Y-1_U26,FXX,2,0.0,1,0,1.0,0,0,0,-9999.0,0.625,1,P4_CV0,1,1,1,1,1
3,4.20367802087489,4.955022315058112,Age0_F3_m3f5_P3_Y5_UO50,RD3_F10_m9f10_P9_Y3_UO62,RD5_F1_m10f1_P10_Y3_UO191,FXX,0,0.0,0,0,0.0,0,0,0,0.0,0.625,1,P5_CV0,1,1,1,2,0
3,4.20367802087489,4.955022315058112,Age0_F3_m3f5_P3_Y5_UO51,RD3_F10_m9f10_P9_Y3_UO62,RD5_F1_m10f1_P10_Y3_UO191,FXX,0,0.0,0,0,0.0,0,0,0,0.0,0.625,1,P5_CV0,1,2,0,2,0
3,4.20367802087489,4.955022315058112,Age0_F3_m3f5_P3_Y5_UO52,RD3_F10_m9f10_P9_Y3_UO62,RD5_F1_m10f1_P10_Y3_UO191,MXY,0,0.0,0,0,0.0,0,0,0,0.0,0.625,1,P5_CV0,1,1,1,1,1
3,4.20367802087489,4.955022315058112,Age0_F3_m3f5_P3_Y5_UO53,RD3_F10_m9f10_P9_Y3_UO62,RD5_F1_m10f1_P10_Y3_UO191,MXY,0,0.0,0,0,0.0,0,0,0,0.0,0.625,1,P5_CV0,1,1,1,1,1
3,4.20367802087489,4.955022315058112,Age0_F3_m3f7_P3_Y5_UO345,RD3_F10_m9f10_P9_Y3_UO62,RD7_F5_m1f2_P1_Y3_UO23,FXX,0,0.0,0,0,0.0,0,0,0,0.0,0.5625,1,P5_CV0,1,2,0,1,1
3,4.20367802087489,4.955022315058112,Age0_F3_m3f7_P3_Y5_UO346,RD3_F10_m9f10_P9_Y3_UO62,RD7_F5_m1f2_P1_Y3_UO23,FXX,0,0.0,0,0,0.0,0,0,0,0.0,0.5625,1,P5_CV0,1,2,0,1,1
3,4.20367802087489,4.955022315058112,R3_F3_m8f4_P8_Y4_UO55,RD8_F4_m3f9_P3_Y2_UO617,RD4_F8_m4f3_P4_Y2_UO16,FXX,1,0.0,1,1,1.0,0,0,0,-9999.0,0.4375,1,P5_CV0,1,1,1,2,0
3,4.20367802087489,4.955022315058112,R3_F3_m9f6_P9_Y4_UO507,RD9_F8_m4f2_P4_Y2_UO624,RD6_F9_m3f8_P3_Y2_UO361,MXY,1,0.0,1,1,0.0,0,0,0,-9999.0,0.5,1,P5_CV0,1,0,2,1,1
3,4.20367802087489,4.955022315058112,R3_F3_m5f2_P5_Y4_UO406,RD5_F1_m7f6_P7_Y2_UO484,RD2_F3_m1f7_P1_Y2_UO481,MXY,1,0.0,1,1,0.0,0,0,0,-9999.0,0.4375,1,P5_CV0,1,1,1,1,1
3,4.20367802087489,4.955022315058112,R3_F3_m8f6_P8_Y4_UO87,RD8_F4_m3f9_P3_Y2_UO617,RD6_F1_m1f10_P1_Y1_UO321,MXY,1,0.0,1,1,0.0,0,0,0,-9999.0,0.4375,1,P5_CV0,1,1,1,1,1
3,4.20367802087489,4.955022315058112,R3_F3_m8f4_P8_Y2_UO324,RD8_F2_m8f6_P8_Y0_UO500,RD4_F7_m6f5_P6_Y0_UO46,FXX,3,0.0,1,0,1.0,0,0,0,-9999.0,0.625,1,P5_CV0,1,1,1,1,1
3,4.20367802087489,4.955022315058112,R3_F3_m6f9_P6_Y4_UO749,RD6_F9_m8f2_P8_Y2_UO107,RD9_F7_m2f10_P2_Y1_UO227,MXY,1,0.0,1,1,0.0,0,0,0,-9999.0,0.6875,1,P6_CV0,1,1,1,1,1
3,4.20367802087489,4.955022315058112,R3_F3_m6f4_P6_Y4_UO681,RD6_F9_m8f2_P8_Y2_UO107,RD4_F9_m7f2_P7_Y2_UO320,MXY,1,0.0,1,1,0.0,0,0,0,-9999.0,0.5,1,P6_CV0,1,1,1,2,0
3,4.20367802087489,4.955022315058112,R3_F3_m6f4_P6_Y4_UO93,RD6_F9_m2f8_P2_Y2_UO380,RD4_F8_m4f6_P4_Y2_UO454,MXY,1,0.0,1,1,0.0,0,0,0,-9999.0,0.5625,1,P6_CV0,1,1,1,1,1
3,4.20367802087489,4.955022315058112,R3_F3_m3f2_P3_Y3_UO81,RD3_F10_m5f1_P5_Y1_UO127,RD2_F10_m4f7_P4_Y1_UO297,MXY,2,0.0,1,0,0.0,0,0,0,-9999.0,0.375,1,P6_CV0,1,1,1,1,1
3,4.20367802087489,4.955022315058112,R3_F3_m3f2_P3_Y3_UO72,RD3_F10_m5f1_P5_Y1_UO127,RD2_F10_m4f7_P4_Y1_UO297,MXY,2,0.0,1,0,0.0,0,0,0,-9999.0,0.375,1,P6_CV0,1,1,1,1,1
3,4.20367802087489,4.955022315058112,Age0_F3_m3f8_P3_Y5_UO24,RD3_F5_m7f8_P7_Y3_UO247,RD8_F5_m10f9_P10_Y2_UO285,MXY,0,0.0,0,0,0.0,0,0,0,0.0,0.5,1,P7_CV0,1,2,0,2,0
3,4.20367802087489,4.955022315058112,Age0_F3_m3f8_P3_Y5_UO25,RD3_F5_m7f8_P7_Y3_UO247,RD8_F5_m10f9_P10_Y2_UO285,FXX,0,0.0,0,0,0.0,0,0,0,0.0,0.5,1,P7_CV0,1,2,0,2,0
3,4.20367802087489,4.955022315058112,Age0_F3_m3f8_P3_Y5_UO26,RD3_F5_m7f8_P7_Y3_UO247,RD8_F5_m10f9_P10_Y2_UO285,FXX,0,0.0,0,0,0.0,0,0,0,0.0,0.5,1,P7_CV0,1,1,1,1,1
3,4.20367802087489,4.955022315058112,Age0_F3_m3f8_P3_Y5_UO27,RD3_F5_m7f8_P7_Y3_UO247,RD8_F5_m10f9_P10_Y2_UO285,MXY,0,0.0,0,0,0.0,0,0,0,0.0,0.5,1,P7_CV0,1,2,0,1,1
3,4.20367802087489,4.955022315058112,Age0_F3_m3f8_P3_Y5_UO29,RD3_F5_m7f8_P7_Y3_UO247,RD8_F5_m10f9_P10_Y2_UO285,MXY,0,0.0,0,0,0.0,0,0,0,0.0,0.5,1,P7_CV0,1,2,0,2,0
3,4.20367802087489,4.955022315058112,Age0_F3_m3f8_P3_Y5_UO31,RD3_F5_m7f8_P7_Y3_UO247,RD8_F5_m10f9_P10_Y2_UO285,MXY,0,0.0,0,0,0.0,0,0,0,0.0,0.5,1,P7_CV0,1,1,1,1,1
3,4.20367802087489,4.955022315058112,Age0_F3_m3f10_P3_Y5_UO403,RD3_F1_m4f9_P4_Y3_UO488,RD10_F6_m4f3_P4_Y3_UO255,MXY,0,0.0,0,0,0.0,0,0,0,0.0,0.5,1,P7_CV0,1,0,2,0,2
3,4.20367802087489,4.955022315058112,Age0_F3_m3f10_P3_Y5_UO406,RD3_F1_m4f9_P4_Y3_UO488,RD10_F6_m4f3_P4_Y3_UO255,FXX,0,0.0,0,0,0.0,0,0,0,0.0,0.5,1,P7_CV0,1,1,1,1,1
3,4.20367802087489,4.955022315058112,Age0_F3_m3f10_P3_Y5_UO407,RD3_F1_m4f9_P4_Y3_UO488,RD10_F6_m4f3_P4_Y3_UO255,FXX,0,0.0,0,0,0.0,0,0,0,0.0,0.5,1,P7_CV0,1,0,2,1,1
3,4.20367802087489,4.955022315058112,Age0_F3_m3f10_P3_Y5_UO409,RD3_F1_m4f9_P4_Y3_UO488,RD10_F6_m4f3_P4_Y3_UO255,MXY,0,0.0,0,0,0.0,0,0,0,0.0,0.5,1,P7_CV0,1,2,0,2,0
3,4.20367802087489,4.955022315058112,Age0_F3_m3f10_P3_Y5_UO411,RD3_F1_m4f9_P4_Y3_UO488,RD10_F6_m4f3_P4_Y3_UO255,FXX,0,0.0,0,0,0.0,0,0,0,0.0,0.5,1,P7_CV0,1,0,2,2,0
3,4.20367802087489,4.955022315058112,Age0_F3_m3f10_P3_Y5_UO414,RD3_F1_m4f9_P4_Y3_UO488,RD10_F6_m4f3_P4_Y3_UO255,FXX,0,0.0,0,0,0.0,0,0,0,0.0,0.5,1,P7_CV0,1,1,1,1,1
3,4.20367802087489,4.955022315058112,R3_F3_m1f5_P1_Y4_UO544,RD1_F3_m2f9_P2_Y2_UO10,RD5_F9_m10f9_P10_Y2_UO285,FXX,1,0.0,1,1,1.0,0,0,0,-9999.0,0.5625,1,P7_CV0,1,1,1,1,1
3,4.20367802087489,4.955022315058112,R3_F3_m5f8_P5_Y4_UO44,RD5_F6_m9f3_P9_Y2_UO651,RD8_F9_m4f6_P4_Y2_UO711,MXY,1,0.0,1,1,0.0,0,0,0,-9999.0,0.5625,1,P7_CV0,1,1,1,1,1
3,4.20367802087489,4.955022315058112,R3_F3_m4f9_P4_Y3_UO491,RD4_F7_m6f9_P6_Y1_UO139,RD9_F1_m8f7_P8_Y0_UO468,FXX,2,0.0,1,0,1.0,0,0,0,-9999.0,0.5,1,P7_CV0,1,1,1,2,0
3,4.20367802087489,4.955022315058112,Age0_F3_m3f5_P3_Y5_UO54,RD3_F10_m9f10_P9_Y3_UO62,RD5_F1_m10f1_P10_Y3_UO191,MXY,0,0.0,0,0,0.0,0,0,0,0.0,0.625,1,P8_CV0,1,2,0,1,1
3,4.20367802087489,4.955022315058112,Age0_F3_m3f5_P3_Y5_UO55,RD3_F10_m9f10_P9_Y3_UO62,RD5_F1_m10f1_P10_Y3_UO191,MXY,0,0.0,0,0,0.0,0,0,0,0.0,0.625,1,P8_CV0,1,1,1,2,0
3,4.20367802087489,4.955022315058112,Age0_F3_m3f5_P3_Y5_UO56,RD3_F10_m9f10_P9_Y3_UO62,RD5_F1_m10f1_P10_Y3_UO191,FXX,0,0.0,0,0,0.0,0,0,0,0.0,0.625,1,P8_CV0,1,1,1,2,0
3,4.20367802087489,4.955022315058112,Age0_F3_m3f5_P3_Y5_UO69,RD3_F10_m5f1_P5_Y3_UO160,RD5_F7_m6f3_P6_Y3_UO119,FXX,0,0.0,0,0,0.0,0,0,0,0.0,0.4375,1,P8_CV0,1,0,2,1,1
3,4.20367802087489,4.955022315058112,Age0_F3_m3f5_P3_Y5_UO70,RD3_F10_m5f1_P5_Y3_UO160,RD5_F7_m6f3_P6_Y3_UO119,FXX,0,0.0,0,0,0.0,0,0,0,0.0,0.4375,1,P8_CV0,1,1,1,1,1
3,4.20367802087489,4.955022315058112,Age0_F3_m3f5_P3_Y5_UO71,RD3_F10_m5f1_P5_Y3_UO160,RD5_F7_m6f3_P6_Y3_UO119,FXX,0,0.0,0,0,0.0,0,0,0,0.0,0.4375,1,P8_CV0,1,1,1,1,1
3,4.20367802087489,4.955022315058112,Age0_F3_m3f5_P3_Y5_UO72,RD3_F10_m5f1_P5_Y3_UO160,RD5_F7_m6f3_P6_Y3_UO119,FXX,0,0.0,0,0,0.0,0,0,0,0.0,0.4375,1,P8_CV0,1,0,2,0,2
3,4.20367802087489,4.955022315058112,Age0_F3_m3f9_P3_Y5_UO114,RD3_F5_m1f3_P1_Y3_UO7,RD9_F4_m1f3_P1_Y3_UO219,MXY,0,0.0,0,0,0.0,0,0,0,0.0,0.25,1,P8_CV0,1,1,1,2,0
3,4.20367802087489,4.955022315058112,Age0_F3_m3f9_P3_Y5_UO115,RD3_F5_m1f3_P1_Y3_UO7,RD9_F4_m1f3_P1_Y3_UO219,FXX,0,0.0,0,0,0.0,0,0,0,0.0,0.25,1,P8_CV0,1,0,2,2,0
3,4.20367802087489,4.955022315058112,Age0_F3_m3f9_P3_Y5_UO116,RD3_F5_m1f3_P1_Y3_UO7,RD9_F4_m1f3_P1_Y3_UO219,MXY,0,0.0,0,0,0.0,0,0,0,0.0,0.25,1,P8_CV0,1,1,1,2,0
3,4.20367802087489,4.955022315058112,Age0_F3_m3f9_P3_Y5_UO117,RD3_F5_m1f3_P1_Y3_UO7,RD9_F4_m1f3_P1_Y3_UO219,MXY,0,0.0,0,0,0.0,0,0,0,0.0,0.25,1,P8_CV0,1,1,1,1,1
3,4.20367802087489,4.955022315058112,Age0_F3_m3f6_P3_Y5_UO427,RD3_F5_m1f3_P1_Y3_UO7,RD6_F3_m7f5_P7_Y3_UO211,MXY,0,0.0,0,0,0.0,0,0,0,0.0,0.375,1,P8_CV0,1,1,1,2,0
3,4.20367802087489,4.955022315058112,Age0_F3_m3f6_P3_Y5_UO428,RD3_F5_m1f3_P1_Y3_UO7,RD6_F3_m7f5_P7_Y3_UO211,MXY,0,0.0,0,0,0.0,0,0,0,0.0,0.375,1,P8_CV0,1,1,1,2,0
3,4.20367802087489,4.955022315058112,R3_F3_m5f6_P5_Y4_UO295,RD5_F9_m6f10_P6_Y2_UO699,RD6_F9_m10f1_P10_Y2_UO216,MXY,1,0.0,1,1,0.0,0,0,0,-9999.0,0.25,1,P8_CV0,1,0,2,2,0
3,4.20367802087489,4.955022315058112,R3_F3_m7f6_P7_Y4_UO245,RD7_F1_m10f5_P10_Y2_UO185,RD6_F9_m10f1_P10_Y2_UO216,FXX,1,0.0,1,1,1.0,0,0,0,-9999.0,0.375,1,P8_CV0,1,1,1,1,1
3,4.20367802087489,4.955022315058112,R3_F3_m8f9_P8_Y4_UO181,RD8_F6_m2f8_P2_Y2_UO176,RD9_F7_m4f9_P4_Y2_UO589,MXY,1,0.0,1,1,0.0,0,0,0,-9999.0,0.3125,1,P8_CV0,1,2,0,2,0
3,4.20367802087489,4.955022315058112,R3_F3_m6f10_P6_Y4_UO518,RD6_F8_m7f2_P7_Y2_UO506,RD10_F8_m9f6_P9_Y2_UO548,MXY,1,0.0,1,1,0.0,0,0,0,-9999.0,0.5625,1,P9_CV0,1,0,2,1,1
3,4.20367802087489,4.955022315058112,R3_F3_m4f9_P4_Y4_UO778,RD4_F7_m4f7_P4_Y2_UO309,RD9_F7_m4f9_P4_Y2_UO589,MXY,1,0.0,1,1,0.0,0,0,0,-9999.0,0.4375,1,P9_CV0,1,0,2,2,0
3,4.20367802087489,4.955022315058112,R3_F3_m5f10_P5_Y4_UO457,RD5_F1_m7f6_P7_Y2_UO484,RD10_F4_m8f7_P8_Y2_UO276,FXX,1,0.0,1,1,1.0,0,0,0,-9999.0,0.625,1,P9_CV0,1,2,0,0,2
3,4.20367802087489,4.955022315058112,R3_F3_m2f5_P2_Y3_UO15,RD2_F1_m10f6_P10_Y1_UO73,RD5_F3_m9f4_P9_Y1_UO523,MXY,2,0.0,1,0,0.0,0,0,0,-9999.0,0.25,1,P9_CV0,1,1,1,1,1
4,2.046486340378425,9.289064495259955,R4_F4_m8f6_P8_Y4_UO493,RD8_F7_m2f1_P2_Y2_UO293,RD6_F1_m1f10_P1_Y1_UO321,MXY,1,0.0,1,1,0.0,0,0,0,-9999.0,0.5625,1,P0_CV0,1,1,1,1,1
4,2.046486340378425,9.289064495259955,R4_F4_m3f9_P3_Y4_UO752,RD3_F4_m9f2_P9_Y2_UO260,RD9_F8_m5f2_P5_Y2_UO92,FXX,1,0.0,1,1,1.0,0,0,0,-9999.0,0.625,1,P0_CV0,1,2,0,1,1
4,2.046486340378425,9.289064495259955,R4_F4_m4f10_P4_Y3_UO454,RD4_F7_m2f10_P2_Y1_UO228,RD10_F1_m1f10_P1_Y0_UO730,MXY,2,0.0,1,0,0.0,0,0,0,-9999.0,0.625,1,P0_CV0,1,0,2,0,2
4,2.046486340378425,9.289064495259955,Age0_F4_m4f2_P4_Y5_UO241,RD4_F7_m6f3_P6_Y3_UO509,RD2_F6_m7f3_P7_Y3_UO412,FXX,0,0.0,0,0,0.0,0,0,0,0.0,0.6875,1,P1_CV0,1,1,1,0,2
4,2.046486340378425,9.289064495259955,Age0_F4_m4f2_P4_Y5_UO244,RD4_F7_m6f3_P6_Y3_UO509,RD2_F6_m7f3_P7_Y3_UO412,FXX,0,0.0,0,0,0.0,0,0,0,0.0,0.6875,1,P1_CV0,1,0,2,0,2
4,2.046486340378425,9.289064495259955,Age0_F4_m4f6_P4_Y5_UO255,RD4_F6_m10f7_P10_Y3_UO523,RD6_F5_m6f4_P6_Y2_UO580,MXY,0,0.0,0,0,0.0,0,0,0,0.0,0.375,1,P1_CV0,1,2,0,0,2
4,2.046486340378425,9.289064495259955,Age0_F4_m4f6_P4_Y5_UO256,RD4_F6_m10f7_P10_Y3_UO523,RD6_F5_m6f4_P6_Y2_UO580,FXX,0,0.0,0,0,0.0,0,0,0,0.0,0.375,1,P1_CV0,1,1,1,0,2
4,2.046486340378425,9.289064495259955,Age0_F4_m4f6_P4_Y5_UO258,RD4_F6_m10f7_P10_Y3_UO523,RD6_F5_m6f4_P6_Y2_UO580,FXX,0,0.0,0,0,0.0,0,0,0,0.0,0.375,1,P1_CV0,1,1,1,0,2
4,2.046486340378425,9.289064495259955,Age0_F4_m4f6_P4_Y5_UO260,RD4_F6_m10f7_P10_Y3_UO523,RD6_F5_m6f4_P6_Y2_UO580,FXX,0,0.0,0,0,0.0,0,0,0,0.0,0.375,1,P1_CV0,1,1,1,0,2
4,2.046486340378425,9.289064495259955,Age0_F4_m4f6_P4_Y5_UO263,RD4_F6_m10f7_P10_Y3_UO523,RD6_F5_m6f4_P6_Y2_UO580,FXX,0,0.0,0,0,0.0,0,0,0,0.0,0.375,1,P1_CV0,1,0,2,0,2
4,2.046486340378425,9.289064495259955,Age0_F4_m4f6_P4_Y5_UO264,RD4_F6_m10f7_P10_Y3_UO523,RD6_F5_m6f4_P6_Y2_UO580,MXY,0,0.0,0,0,0.0,0,0,0,0.0,0.375,1,P1_CV0,1,2,0,0,2
4,2.046486340378425,9.289064495259955,Age0_F4_m4f6_P4_Y5_UO265,RD4_F6_m10f7_P10_Y3_UO523,RD6_F5_m6f4_P6_Y2_UO580,MXY,0,0.0,0,0,0.0,0,0,0,0.0,0.375,1,P1_CV0,1,1,1,0,2
4,2.046486340378425,9.289064495259955,Age0_F4_m4f2_P4_Y5_UO339,RD4_F6_m10f7_P10_Y3_UO523,RD2_F3_m6f4_P6_Y2_UO575,MXY,0,0.0,0,0,0.0,0,0,0,0.0,0.375,1,P1_CV0,1,0,2,1,1
4,2.046486340378425,9.289064495259955,Age0_F4_m4f2_P4_Y5_UO343,RD4_F6_m10f7_P10_Y3_UO523,RD2_F3_m6f4_P6_Y2_UO575,FXX,0,0.0,0,0,0.0,0,0,0,0.0,0.375,1,P1_CV0,1,1,1,1,1
4,2.046486340378425,9.289064495259955,R4_F4_m7f1_P7_Y4_UO714,RD7_F8_m2f5_P2_Y2_UO531,RD1_F5_m3f1_P3_Y2_UO193,FXX,1,0.0,1,1,1.0,0,0,0,-9999.0,0.5,1,P1_CV0,1,2,0,0,2
4,2.046486340378425,9.289064495259955,R4_F4_m5f10_P5_Y4_UO454,RD5_F1_m7f6_P7_Y2_UO484,RD10_F4_m8f7_P8_Y2_UO276,FXX,1,0.0,1,1,1.0,0,0,0,-9999.0,0.625,1,P1_CV0,1,2,0,0,2
4,2.046486340378425,9.289064495259955,R4_F4_m8f4_P8_Y4_UO436,RD8_F7_m10f3_P10_Y2_UO125,RD4_F8_m7f6_P7_Y2_UO487,FXX,1,0.0,1,1,1.0,0,0,0,-9999.0,0.5,1,P1_CV0,1,1,1,1,1
4,2.046486340378425,9.289064495259955,R4_F4_m3f9_P3_Y4_UO384,RD3_F6_m10f9_P10_Y2_UO284,RD9_F7_m4f6_P4_Y2_UO318,MXY,1,0.0,1,1,0.0,0,0,0,-9999.0,0.5625,1,P1_CV0,1,1,1,2,0
4,2.046486340378425,9.289064495259955,R4_F4_m4f3_P4_Y3_UO150,RD4_F3_m10f1_P10_Y1_UO366,RD3_F7_m-1f-1_P2_Y-1_U6,MXY,2,0.0,1,0,0.0,0,0,0,-9999.0,0.375,1,P1_CV0,1,1,1,1,1
4,2.046486340378425,9.289064495259955,R4_F4_m6f7_P6_Y1_UO60,RD6_F2_m-1f-1_P2_Y-1_U79,RD7_F8_m-1f-1_P8_Y-1_U9,FXX,4,0.0,1,0,1.0,0,0,0,-9999.0,0.5,1,P1_CV0,1,0,2,0,2
4,2.046486340378425,9.289064495259955,R4_F4_m2f1_P2_Y4_UO414,RD2_F10_m1f10_P1_Y2_UO306,RD1_F7_m8f2_P8_Y2_UO457,MXY,1,0.0,1,1,0.0,0,0,0,-9999.0,0.625,1,P2_CV0,1,2,0,0,2
4,2.046486340378425,9.289064495259955,R4_F4_m7f6_P7_Y4_UO246,RD7_F1_m10f5_P10_Y2_UO185,RD6_F9_m10f1_P10_Y2_UO216,MXY,1,0.0,1,1,0.0,0,0,0,-9999.0,0.375,1,P2_CV0,1,1,1,1,1
4,2.046486340378425,9.289064495259955,R4_F4_m9f2_P9_Y4_UO175,RD9_F8_m2f3_P2_Y2_UO527,RD2_F8_m2f3_P2_Y2_UO353,FXX,1,0.0,1,1,1.0,0,0,0,-9999.0,0.375,1,P2_CV0,1,2,0,0,2
4,2.046486340378425,9.289064495259955,R4_F4_m9f3_P9_Y2_UO212,RD9_F3_m5f3_P5_Y0_UO175,RD3_F4_m1f3_P1_Y0_UO416,FXX,3,0.0,1,0,1.0,0,0,0,-9999.0,0.5,1,P2_CV0,1,0,2,1,1
4,2.046486340378425,9.289064495259955,Age0_F4_m4f6_P4_Y5_UO257,RD4_F6_m10f7_P10_Y3_UO523,RD6_F5_m6f4_P6_Y2_UO580,MXY,0,0.0,0,0,0.0,0,0,0,0.0,0.375,1,P3_CV0,1,2,0,0,2
4,2.046486340378425,9.289064495259955,Age0_F4_m4f6_P4_Y5_UO259,RD4_F6_m10f7_P10_Y3_UO523,RD6_F5_m6f4_P6_Y2_UO580,FXX,0,0.0,0,0,0.0,0,0,0,0.0,0.375,1,P3_CV0,1,0,2,0,2
4,2.046486340378425,9.289064495259955,Age0_F4_m4f6_P4_Y5_UO261,RD4_F6_m10f7_P10_Y3_UO523,RD6_F5_m6f4_P6_Y2_UO580,MXY,0,0.0,0,0,0.0,0,0,0,0.0,0.375,1,P3_CV0,1,1,1,0,2
4,2.046486340378425,9.289064495259955,Age0_F4_m4f6_P4_Y5_UO262,RD4_F6_m10f7_P10_Y3_UO523,RD6_F5_m6f4_P6_Y2_UO580,MXY,0,0.0,0,0,0.0,0,0,0,0.0,0.375,1,P3_CV0,1,0,2,0,2
4,2.046486340378425,9.289064495259955,Age0_F4_m4f2_P4_Y5_UO340,RD4_F6_m10f7_P10_Y3_UO523,RD2_F3_m6f4_P6_Y2_UO575,MXY,0,0.0,0,0,0.0,0,0,0,0.0,0.375,1,P3_CV0,1,0,2,1,1
4,2.046486340378425,9.289064495259955,Age0_F4_m4f2_P4_Y5_UO341,RD4_F6_m10f7_P10_Y3_UO523,RD2_F3_m6f4_P6_Y2_UO575,FXX,0,0.0,0,0,0.0,0,0,0,0.0,0.375,1,P3_CV0,1,0,2,1,1
4,2.046486340378425,9.289064495259955,Age0_F4_m4f2_P4_Y5_UO342,RD4_F6_m10f7_P10_Y3_UO523,RD2_F3_m6f4_P6_Y2_UO575,FXX,0,0.0,0,0,0.0,0,0,0,0.0,0.375,1,P3_CV0,1,0,2,1,1
4,2.046486340378425,9.289064495259955,R4_F4_m10f4_P10_Y4_UO307,RD10_F1_m5f7_P5_Y2_UO428,RD4_F8_m4f3_P4_Y2_UO16,FXX,1,0.0,1,1,1.0,0,0,0,-9999.0,0.5,1,P3_CV0,1,1,1,1,1
4,2.046486340378425,9.289064495259955,R4_F4_m1f10_P1_Y3_UO380,RD1_F10_m2f6_P2_Y1_UO494,RD10_F5_m1f3_P1_Y1_UO549,MXY,2,0.0,1,0,0.0,0,0,0,-9999.0,0.5,1,P3_CV0,1,0,2,1,1
4,2.046486340378425,9.289064495259955,R4_F4_m10f7_P10_Y3_UO523,RD10_F3_m8f6_P8_Y1_UO443,RD7_F3_m6f8_P6_Y1_UO584,FXX,2,0.0,1,0,1.0,0,0,0,-9999.0,0.5,1,P3_CV0,1,1,1,0,2
4,2.046486340378425,9.289064495259955,R4_F4_m6f2_P6_Y4_UO548,RD6_F5_m2f10_P2_Y2_UO646,RD2_F4_m8f6_P8_Y2_UO374,FXX,1,0.0,1,1,1.0,0,0,0,-9999.0,0.4375,1,P4_CV0,1,1,1,1,1
4,2.046486340378425,9.289064495259955,R4_F4_m8f6_P8_Y4_UO212,RD8_F4_m3f9_P3_Y2_UO617,RD6_F8_m5f6_P5_Y2_UO598,MXY,1,0.0,1,1,0.0,0,0,0,-9999.0,0.5,1,P4_CV0,1,1,1,1,1
4,2.046486340378425,9.289064495259955,R4_F4_m8f4_P8_Y4_UO731,RD8_F3_m7f5_P7_Y2_UO688,RD4_F7_m8f6_P8_Y2_UO375,MXY,1,0.0,1,1,0.0,0,0,0,-9999.0,0.4375,1,P4_CV0,1,1,1,1,1
4,2.046486340378425,9.289064495259955,R4_F4_m8f6_P8_Y4_UO492,RD8_F7_m2f1_P2_Y2_UO293,RD6_F1_m1f10_P1_Y1_UO321,FXX,1,0.0,1,1,1.0,0,0,0,-9999.0,0.5625,1,P4_CV0,1,2,0,0,2
4,2.046486340378425,9.289064495259955,R4_F4_m2f10_P2_Y4_UO40,RD2_F8_m6f10_P6_Y2_UO533,RD10_F2_m1f10_P1_Y2_UO223,FXX,1,0.0,1,1,1.0,0,0,0,-9999.0,0.625,1,P4_CV0,1,1,1,1,1
4,2.046486340378425,9.289064495259955,R4_F4_m8f9_P8_Y4_UO376,RD8_F4_m6f10_P6_Y2_UO536,RD9_F8_m5f2_P5_Y2_UO92,MXY,1,0.0,1,1,0.0,0,0,0,-9999.0,0.5,1,P4_CV0,1,2,0,1,1
4,2.046486340378425,9.289064495259955,R4_F4_m6f2_P6_Y3_UO319,RD6_F7_m2f4_P2_Y1_UO541,RD2_F6_m4f5_P4_Y0_UO243,FXX,2,0.0,1,0,1.0,0,0,0,-9999.0,0.625,1,P4_CV0,1,0,2,2,0
4,2.046486340378425,9.289064495259955,R4_F4_m8f7_P8_Y2_UO490,RD8_F4_m8f5_P8_Y0_UO560,RD7_F4_m-1f-1_P7_Y-1_U5,MXY,3,0.0,1,0,0.0,0,0,0,-9999.0,0.875,1,P4_CV0,1,2,0,2,0
4,2.046486340378425,9.289064495259955,Age0_F4_m4f5_P4_Y5_UO79,RD4_F7_m6f10_P6_Y3_UO403,RD5_F6_m2f3_P2_Y3_UO176,FXX,0,0.0,0,0,0.0,0,0,0,0.0,0.625,1,P5_CV0,1,1,1,2,0
4,2.046486340378425,9.289064495259955,Age0_F4_m4f5_P4_Y5_UO80,RD4_F7_m6f10_P6_Y3_UO403,RD5_F6_m2f3_P2_Y3_UO176,MXY,0,0.0,0,0,0.0,0,0,0,0.0,0.625,1,P5_CV0,1,1,1,1,1
4,2.046486340378425,9.289064495259955,Age0_F4_m4f5_P4_Y5_UO81,RD4_F7_m6f10_P6_Y3_UO403,RD5_F6_m2f3_P2_Y3_UO176,MXY,0,0.0,0,0,0.0,0,0,0,0.0,0.625,1,P5_CV0,1,2,0,2,0
4,2.046486340378425,9.289064495259955,Age0_F4_m4f5_P4_Y5_UO82,RD4_F7_m6f10_P6_Y3_UO403,RD5_F6_m2f3_P2_Y3_UO176,FXX,0,0.0,0,0,0.0,0,0,0,0.0,0.625,1,P5_CV0,1,2,0,2,0
4,2.046486340378425,9.289064495259955,Age0_F4_m4f5_P4_Y5_UO83,RD4_F7_m6f10_P6_Y3_UO403,RD5_F6_m2f3_P2_Y3_UO176,FXX,0,0.0,0,0,0.0,0,0,0,0.0,0.625,1,P5_CV0,1,1,1,1,1
4,2.046486340378425,9.289064495259955,Age0_F4_m4f5_P4_Y5_UO84,RD4_F7_m6f10_P6_Y3_UO403,RD5_F6_m2f3_P2_Y3_UO176,MXY,0,0.0,0,0,0.0,0,0,0,0.0,0.625,1,P5_CV0,1,2,0,2,0
4,2.046486340378425,9.289064495259955,Age0_F4_m4f5_P4_Y5_UO85,RD4_F7_m6f10_P6_Y3_UO403,RD5_F6_m2f3_P2_Y3_UO176,FXX,0,0.0,0,0,0.0,0,0,0,0.0,0.625,1,P5_CV0,1,1,1,1,1
4,2.046486340378425,9.289064495259955,Age0_F4_m4f5_P4_Y5_UO86,RD4_F7_m6f10_P6_Y3_UO403,RD5_F6_m2f3_P2_Y3_UO176,MXY,0,0.0,0,0,0.0,0,0,0,0.0,0.625,1,P5_CV0,1,1,1,1,1
4,2.046486340378425,9.289064495259955,Age0_F4_m4f8_P4_Y5_UO87,RD4_F6_m2f3_P2_Y3_UO264,RD8_F4_m3f9_P3_Y2_UO614,MXY,0,0.0,0,0,0.0,0,0,0,0.0,0.3125,1,P5_CV0,1,0,2,2,0
4,2.046486340378425,9.289064495259955,Age0_F4_m4f8_P4_Y5_UO88,RD4_F6_m2f3_P2_Y3_UO264,RD8_F4_m3f9_P3_Y2_UO614,MXY,0,0.0,0,0,0.0,0,0,0,0.0,0.3125,1,P5_CV0,1,1,1,2,0
4,2.046486340378425,9.289064495259955,Age0_F4_m4f8_P4_Y5_UO89,RD4_F6_m2f3_P2_Y3_UO264,RD8_F4_m3f9_P3_Y2_UO614,MXY,0,0.0,0,0,0.0,0,0,0,0.0,0.3125,1,P5_CV0,1,0,2,2,0
4,2.046486340378425,9.289064495259955,Age0_F4_m4f8_P4_Y5_UO90,RD4_F6_m2f3_P2_Y3_UO264,RD8_F4_m3f9_P3_Y2_UO614,FXX,0,0.0,0,0,0.0,0,0,0,0.0,0.3125,1,P5_CV0,1,0,2,2,0
4,2.046486340378425,9.289064495259955,Age0_F4_m4f8_P4_Y5_UO91,RD4_F6_m2f3_P2_Y3_UO264,RD8_F4_m3f9_P3_Y2_UO614,FXX,0,0.0,0,0,0.0,0,0,0,0.0,0.3125,1,P5_CV0,1,1,1,2,0
4,2.046486340378425,9.289064495259955,Age0_F4_m4f8_P4_Y5_UO92,RD4_F6_m2f3_P2_Y3_UO264,RD8_F4_m3f9_P3_Y2_UO614,MXY,0,0.0,0,0,0.0,0,0,0,0.0,0.3125,1,P5_CV0,1,1,1,2,0
4,2.046486340378425,9.289064495259955,Age0_F4_m4f8_P4_Y5_UO93,RD4_F6_m2f3_P2_Y3_UO264,RD8_F4_m3f9_P3_Y2_UO614,FXX,0,0.0,0,0,0.0,0,0,0,0.0,0.3125,1,P5_CV0,1,0,2,2,0
4,2.046486340378425,9.289064495259955,Age0_F4_m4f8_P4_Y5_UO94,RD4_F6_m2f3_P2_Y3_UO264,RD8_F4_m3f9_P3_Y2_UO614,MXY,0,0.0,0,0,0.0,0,0,0,0.0,0.3125,1,P5_CV0,1,1,1,2,0
4,2.046486340378425,9.289064495259955,Age0_F4_m4f8_P4_Y5_UO95,RD4_F6_m2f3_P2_Y3_UO264,RD8_F4_m3f9_P3_Y2_UO614,MXY,0,0.0,0,0,0.0,0,0,0,0.0,0.3125,1,P5_CV0,1,0,2,2,0
4,2.046486340378425,9.289064495259955,Age0_F4_m4f8_P4_Y5_UO96,RD4_F6_m2f3_P2_Y3_UO264,RD8_F4_m3f9_P3_Y2_UO614,FXX,0,0.0,0,0,0.0,0,0,0,0.0,0.3125,1,P5_CV0,1,1,1,2,0
4,2.046486340378425,9.289064495259955,Age0_F4_m4f2_P4_Y5_UO239,RD4_F7_m6f3_P6_Y3_UO509,RD2_F6_m7f3_P7_Y3_UO412,FXX,0,0.0,0,0,0.0,0,0,0,0.0,0.6875,1,P5_CV0,1,2,0,0,2
4,2.046486340378425,9.289064495259955,Age0_F4_m4f2_P4_Y5_UO240,RD4_F7_m6f3_P6_Y3_UO509,RD2_F6_m7f3_P7_Y3_UO412,FXX,0,0.0,0,0,0.0,0,0,0,0.0,0.6875,1,P5_CV0,1,2,0,0,2
4,2.046486340378425,9.289064495259955,Age0_F4_m4f2_P4_Y5_UO242,RD4_F7_m6f3_P6_Y3_UO509,RD2_F6_m7f3_P7_Y3_UO412,FXX,0,0.0,0,0,0.0,0,0,0,0.0,0.6875,1,P5_CV0,1,1,1,0,2
4,2.046486340378425,9.289064495259955,Age0_F4_m4f2_P4_Y5_UO243,RD4_F7_m6f3_P6_Y3_UO509,RD2_F6_m7f3_P7_Y3_UO412,MXY,0,0.0,0,0,0.0,0,0,0,0.0,0.6875,1,P5_CV0,1,2,0,0,2
4,2.046486340378425,9.289064495259955,Age0_F4_m4f7_P4_Y5_UO441,RD4_F6_m2f3_P2_Y3_UO264,RD7_F1_m8f2_P8_Y2_UO457,MXY,0,0.0,0,0,0.0,0,0,0,0.0,0.375,1,P5_CV0,1,2,0,1,1
4,2.046486340378425,9.289064495259955,Age0_F4_m4f7_P4_Y5_UO443,RD4_F6_m2f3_P2_Y3_UO264,RD7_F1_m8f2_P8_Y2_UO457,FXX,0,0.0,0,0,0.0,0,0,0,0.0,0.375,1,P5_CV0,1,1,1,2,0
4,2.046486340378425,9.289064495259955,Age0_F4_m4f7_P4_Y5_UO444,RD4_F6_m2f3_P2_Y3_UO264,RD7_F1_m8f2_P8_Y2_UO457,FXX,0,0.0,0,0,0.0,0,0,0,0.0,0.375,1,P5_CV0,1,1,1,1,1
4,2.046486340378425,9.289064495259955,Age0_F4_m4f7_P4_Y5_UO446,RD4_F6_m2f3_P2_Y3_UO264,RD7_F1_m8f2_P8_Y2_UO457,MXY,0,0.0,0,0,0.0,0,0,0,0.0,0.375,1,P5_CV0,1,0,2,1,1
4,2.046486340378425,9.289064495259955,R4_F4_m3f5_P3_Y4_UO490,RD3_F8_m2f3_P2_Y2_UO555,RD5_F7_m4f2_P4_Y2_UO626,FXX,1,0.0,1,1,1.0,0,0,0,-9999.0,0.5,1,P5_CV0,1,0,2,1,1
4,2.046486340378425,9.289064495259955,R4_F4_m9f6_P9_Y4_UO512,RD9_F8_m4f2_P4_Y2_UO624,RD6_F9_m3f8_P3_Y2_UO361,FXX,1,0.0,1,1,1.0,0,0,0,-9999.0,0.5,1,P5_CV0,1,0,2,1,1
4,2.046486340378425,9.289064495259955,R4_F4_m8f6_P8_Y4_UO211,RD8_F4_m3f9_P3_Y2_UO617,RD6_F8_m5f6_P5_Y2_UO598,FXX,1,0.0,1,1,1.0,0,0,0,-9999.0,0.5,1,P5_CV0,1,1,1,1,1
4,2.046486340378425,9.289064495259955,R4_F4_m8f4_P8_Y4_UO56,RD8_F4_m3f9_P3_Y2_UO617,RD4_F8_m4f3_P4_Y2_UO16,MXY,1,0.0,1,1,0.0,0,0,0,-9999.0,0.4375,1,P5_CV0,1,0,2,1,1
4,2.046486340378425,9.289064495259955,R4_F4_m2f9_P2_Y4_UO482,RD2_F5_m2f6_P2_Y2_UO113,RD9_F7_m2f10_P2_Y1_UO227,FXX,1,0.0,1,1,1.0,0,0,0,-9999.0,0.5,1,P5_CV0,1,1,1,0,2
4,2.046486340378425,9.289064495259955,R4_F4_m7f8_P7_Y4_UO478,RD7_F8_m2f6_P2_Y2_UO111,RD8_F3_m1f3_P1_Y2_UO395,FXX,1,0.0,1,1,1.0,0,0,0,-9999.0,0.3125,1,P5_CV0,1,1,1,0,2
4,2.046486340378425,9.289064495259955,R4_F4_m2f3_P2_Y3_UO264,RD2_F1_m10f6_P10_Y1_UO73,RD3_F7_m8f7_P8_Y0_UO471,FXX,2,0.0,1,0,1.0,0,0,0,-9999.0,0.25,1,P5_CV0,1,1,1,2,0
4,2.046486340378425,9.289064495259955,Age0_F4_m4f7_P4_Y5_UO439,RD4_F6_m2f3_P2_Y3_UO264,RD7_F1_m8f2_P8_Y2_UO457,FXX,0,0.0,0,0,0.0,0,0,0,0.0,0.375,1,P6_CV0,1,1,1,2,0
4,2.046486340378425,9.289064495259955,Age0_F4_m4f7_P4_Y5_UO440,RD4_F6_m2f3_P2_Y3_UO264,RD7_F1_m8f2_P8_Y2_UO457,FXX,0,0.0,0,0,0.0,0,0,0,0.0,0.375,1,P6_CV0,1,2,0,2,0
4,2.046486340378425,9.289064495259955,Age0_F4_m4f7_P4_Y5_UO442,RD4_F6_m2f3_P2_Y3_UO264,RD7_F1_m8f2_P8_Y2_UO457,FXX,0,0.0,0,0,0.0,0,0,0,0.0,0.375,1,P6_CV0,1,1,1,2,0
4,2.046486340378425,9.289064495259955,Age0_F4_m4f7_P4_Y5_UO445,RD4_F6_m2f3_P2_Y3_UO264,RD7_F1_m8f2_P8_Y2_UO457,FXX,0,0.0,0,0,0.0,0,0,0,0.0,0.375,1,P6_CV0,1,1,1,2,0
4,2.046486340378425,9.289064495259955,R4_F4_m9f3_P9_Y2_UO510,RD9_F4_m8f4_P8_Y0_UO167,RD3_F4_m5f7_P5_Y0_UO145,MXY,3,0.0,1,0,0.0,0,0,0,-9999.0,0.375,1,P6_CV0,1,0,2,1,1
4,2.046486340378425,9.289064495259955,R4_F4_m8f7_P8_Y4_UO502,RD8_F9_m2f5_P2_Y2_UO681,RD7_F8_m4f6_P4_Y2_UO709,MXY,1,0.0,1,1,0.0,0,0,0,-9999.0,0.5625,1,P7_CV0,1,0,2,2,0
4,2.046486340378425,9.289064495259955,R4_F4_m8f5_P8_Y4_UO585,RD8_F4_m5f7_P5_Y2_UO430,RD5_F9_m10f9_P10_Y2_UO285,FXX,1,0.0,1,1,1.0,0,0,0,-9999.0,0.625,1,P7_CV0,1,2,0,0,2
4,2.046486340378425,9.289064495259955,R4_F4_m8f7_P8_Y4_UO505,RD8_F9_m2f5_P2_Y2_UO681,RD7_F8_m4f6_P4_Y2_UO709,MXY,1,0.0,1,1,0.0,0,0,0,-9999.0,0.5625,1,P7_CV0,1,1,1,1,1
4,2.046486340378425,9.289064495259955,R4_F4_m1f4_P1_Y4_UO563,RD1_F8_m10f5_P10_Y2_UO179,RD4_F8_m7f5_P7_Y2_UO691,MXY,1,0.0,1,1,0.0,0,0,0,-9999.0,0.375,1,P7_CV0,1,1,1,1,1
4,2.046486340378425,9.289064495259955,R4_F4_m10f5_P10_Y3_UO364,RD10_F9_m2f3_P2_Y1_UO190,RD5_F1_m3f2_P3_Y1_UO50,FXX,2,0.0,1,0,1.0,0,0,0,-9999.0,0.875,1,P7_CV0,1,2,0,1,1
4,2.046486340378425,9.289064495259955,R4_F4_m8f9_P8_Y4_UO180,RD8_F6_m2f8_P2_Y2_UO176,RD9_F7_m4f9_P4_Y2_UO589,FXX,1,0.0,1,1,1.0,0,0,0,-9999.0,0.3125,1,P8_CV0,1,0,2,0,2
4,2.046486340378425,9.289064495259955,R4_F4_m8f6_P8_Y4_UO768,RD8_F4_m3f4_P3_Y2_UO440,RD6_F9_m2f5_P2_Y2_UO529,FXX,1,0.0,1,1,1.0,0,0,0,-9999.0,0.375,1,P8_CV0,1,1,1,0,2
4,2.046486340378425,9.289064495259955,R4_F4_m8f7_P8_Y4_UO263,RD8_F6_m2f8_P2_Y2_UO176,RD7_F2_m4f9_P4_Y2_UO590,FXX,1,0.0,1,1,1.0,0,0,0,-9999.0,0.3125,1,P8_CV0,1,0,2,1,1
4,2.046486340378425,9.289064495259955,R4_F4_m3f6_P3_Y4_UO688,RD3_F9_m2f5_P2_Y2_UO637,RD6_F10_m5f6_P5_Y2_UO370,MXY,1,0.0,1,1,0.0,0,0,0,-9999.0,0.4375,1,P8_CV0,1,0,2,1,1
4,2.046486340378425,9.289064495259955,R4_F4_m5f2_P5_Y4_UO707,RD5_F6_m9f3_P9_Y2_UO651,RD2_F4_m8f7_P8_Y2_UO489,FXX,1,0.0,1,1,1.0,0,0,0,-9999.0,0.6875,1,P8_CV0,1,2,0,1,1
4,2.046486340378425,9.289064495259955,R4_F4_m3f6_P3_Y4_UO687,RD3_F9_m2f5_P2_Y2_UO637,RD6_F10_m5f6_P5_Y2_UO370,FXX,1,0.0,1,1,1.0,0,0,0,-9999.0,0.4375,1,P8_CV0,1,1,1,2,0
4,2.046486340378425,9.289064495259955,R4_F4_m8f6_P8_Y4_UO767,RD8_F4_m3f4_P3_Y2_UO440,RD6_F9_m2f5_P2_Y2_UO529,MXY,1,0.0,1,1,0.0,0,0,0,-9999.0,0.375,1,P8_CV0,1,1,1,0,2
4,2.046486340378425,9.289064495259955,R4_F4_m8f7_P8_Y4_UO267,RD8_F6_m2f8_P2_Y2_UO176,RD7_F2_m4f9_P4_Y2_UO590,FXX,1,0.0,1,1,1.0,0,0,0,-9999.0,0.3125,1,P8_CV0,1,0,2,1,1
4,2.046486340378425,9.289064495259955,R4_F4_m2f9_P2_Y4_UO367,RD2_F5_m10f1_P10_Y2_UO218,RD9_F7_m4f9_P4_Y2_UO589,FXX,1,0.0,1,1,1.0,0,0,0,-9999.0,0.3125,1,P8_CV0,1,1,1,2,0
4,2.046486340378425,9.289064495259955,R4_F4_m8f6_P8_Y4_UO769,RD8_F4_m3f4_P3_Y2_UO440,RD6_F9_m2f5_P2_Y2_UO529,MXY,1,0.0,1,1,0.0,0,0,0,-9999.0,0.375,1,P8_CV0,1,1,1,0,2
4,2.046486340378425,9.289064495259955,R4_F4_m8f10_P8_Y4_UO185,RD8_F6_m4f7_P4_Y2_UO649,RD10_F1_m10f9_P10_Y2_UO289,MXY,1,0.0,1,1,0.0,0,0,0,-9999.0,0.5625,1,P9_CV0,1,0,2,0,2
4,2.046486340378425,9.289064495259955,R4_F4_m3f10_P3_Y4_UO156,RD3_F2_m5f6_P5_Y2_UO592,RD10_F3_m1f3_P1_Y1_UO553,FXX,1,0.0,1,1,1.0,0,0,0,-9999.0,0.5625,1,P9_CV0,1,1,1,0,2
4,2.046486340378425,9.289064495259955,R4_F4_m6f10_P6_Y4_UO529,RD6_F8_m4f2_P4_Y2_UO623,RD10_F6_m10f2_P10_Y0_UO682,FXX,1,0.0,1,1,1.0,0,0,0,-9999.0,0.5,1,P9_CV0,1,0,2,0,2
4,2.046486340378425,9.289064495259955,R4_F4_m7f9_P7_Y4_UO671,RD7_F8_m1f2_P1_Y2_UO346,RD9_F8_m4f9_P4_Y2_UO401,MXY,1,0.0,1,1,0.0,0,0,0,-9999.0,0.4375,1,P9_CV0,1,1,1,0,2
4,2.046486340378425,9.289064495259955,R4_F4_m5f10_P5_Y4_UO453,RD5_F1_m7f6_P7_Y2_UO484,RD10_F4_m8f7_P8_Y2_UO276,FXX,1,0.0,1,1,1.0,0,0,0,-9999.0,0.625,1,P9_CV0,1,1,1,1,1
5,2.9965467367452314,4.002409126542999,R5_F5_m9f6_P9_Y4_UO511,RD9_F8_m4f2_P4_Y2_UO624,RD6_F9_m3f8_P3_Y2_UO361,FXX,1,0.0,1,1,1.0,0,0,0,-9999.0,0.5,1,P0_CV0,1,1,1,1,1
5,2.9965467367452314,4.002409126542999,R5_F5_m8f9_P8_Y4_UO269,RD8_F5_m1f3_P1_Y2_UO393,RD9_F8_m5f2_P5_Y2_UO92,MXY,1,0.0,1,1,0.0,0,0,0,-9999.0,0.5,1,P0_CV0,1,1,1,0,2
5,2.9965467367452314,4.002409126542999,R5_F5_m8f9_P8_Y4_UO378,RD8_F4_m6f10_P6_Y2_UO536,RD9_F8_m5f2_P5_Y2_UO92,MXY,1,0.0,1,1,0.0,0,0,0,-9999.0,0.5,1,P0_CV0,1,1,1,0,2
5,2.9965467367452314,4.002409126542999,R5_F5_m6f4_P6_Y4_UO578,RD6_F2_m5f3_P5_Y2_UO639,RD4_F8_m7f6_P7_Y2_UO487,MXY,1,0.0,1,1,0.0,0,0,0,-9999.0,0.5625,1,P0_CV0,1,0,2,1,1
5,2.9965467367452314,4.002409126542999,R5_F5_m4f2_P4_Y2_UO624,RD4_F3_m2f5_P2_Y0_UO183,RD2_F9_m1f3_P1_Y0_UO128,FXX,3,0.0,1,0,1.0,0,0,0,-9999.0,0.5,1,P0_CV0,1,0,2,0,2
5,2.9965467367452314,4.002409126542999,Age0_F5_m5f6_P5_Y5_UO74,RD5_F4_m2f5_P2_Y3_UO31,RD6_F3_m4f8_P4_Y3_UO233,MXY,0,0.0,0,0,0.0,0,0,0,0.0,0.5,1,P1_CV0,1,1,1,2,0
5,2.9965467367452314,4.002409126542999,Age0_F5_m5f6_P5_Y5_UO75,RD5_F4_m2f5_P2_Y3_UO31,RD6_F3_m4f8_P4_Y3_UO233,FXX,0,0.0,0,0,0.0,0,0,0,0.0,0.5,1,P1_CV0,1,2,0,1,1
5,2.9965467367452314,4.002409126542999,Age0_F5_m5f3_P5_Y5_UO98,RD5_F10_m6f3_P6_Y3_UO503,RD3_F1_m7f5_P7_Y3_UO166,FXX,0,0.0,0,0,0.0,0,0,0,0.0,0.625,1,P1_CV0,1,1,1,0,2
5,2.9965467367452314,4.002409126542999,Age0_F5_m5f3_P5_Y5_UO100,RD5_F10_m6f3_P6_Y3_UO503,RD3_F1_m7f5_P7_Y3_UO166,MXY,0,0.0,0,0,0.0,0,0,0,0.0,0.625,1,P1_CV0,1,1,1,0,2
5,2.9965467367452314,4.002409126542999,Age0_F5_m5f3_P5_Y5_UO102,RD5_F10_m6f3_P6_Y3_UO503,RD3_F1_m7f5_P7_Y3_UO166,FXX,0,0.0,0,0,0.0,0,0,0,0.0,0.625,1,P1_CV0,1,2,0,0,2
5,2.9965467367452314,4.002409126542999,Age0_F5_m5f3_P5_Y5_UO103,RD5_F10_m6f3_P6_Y3_UO503,RD3_F1_m7f5_P7_Y3_UO166,MXY,0,0.0,0,0,0.0,0,0,0,0.0,0.625,1,P1_CV0,1,2,0,1,1
5,2.9965467367452314,4.002409126542999,Age0_F5_m5f3_P5_Y5_UO104,RD5_F10_m6f3_P6_Y3_UO503,RD3_F1_m7f5_P7_Y3_UO166,FXX,0,0.0,0,0,0.0,0,0,0,0.0,0.625,1,P1_CV0,1,2,0,1,1
5,2.9965467367452314,4.002409126542999,Age0_F5_m5f2_P5_Y5_UO201,RD5_F1_m10f2_P10_Y3_UO388,RD2_F6_m7f3_P7_Y3_UO412,MXY,0,0.0,0,0,0.0,0,0,0,0.0,0.625,1,P1_CV0,1,1,1,0,2
5,2.9965467367452314,4.002409126542999,Age0_F5_m5f2_P5_Y5_UO202,RD5_F1_m10f2_P10_Y3_UO388,RD2_F6_m7f3_P7_Y3_UO412,FXX,0,0.0,0,0,0.0,0,0,0,0.0,0.625,1,P1_CV0,1,1,1,0,2
5,2.9965467367452314,4.002409126542999,Age0_F5_m5f2_P5_Y5_UO204,RD5_F1_m10f2_P10_Y3_UO388,RD2_F6_m7f3_P7_Y3_UO412,MXY,0,0.0,0,0,0.0,0,0,0,0.0,0.625,1,P1_CV0,1,0,2,0,2
5,2.9965467367452314,4.002409126542999,Age0_F5_m5f2_P5_Y5_UO205,RD5_F1_m10f2_P10_Y3_UO388,RD2_F6_m7f3_P7_Y3_UO412,FXX,0,0.0,0,0,0.0,0,0,0,0.0,0.625,1,P1_CV0,1,1,1,0,2
5,2.9965467367452314,4.002409126542999,Age0_F5_m5f2_P5_Y5_UO206,RD5_F1_m10f2_P10_Y3_UO388,RD2_F6_m7f3_P7_Y3_UO412,MXY,0,0.0,0,0,0.0,0,0,0,0.0,0.625,1,P1_CV0,1,0,2,0,2
5,2.9965467367452314,4.002409126542999,R5_F5_m10f1_P10_Y4_UO340,RD10_F3_m5f6_P5_Y2_UO365,RD1_F5_m1f5_P1_Y2_UO168,FXX,1,0.0,1,1,1.0,0,0,0,-9999.0,0.4375,1,P1_CV0,1,1,1,1,1
5,2.9965467367452314,4.002409126542999,R5_F5_m7f9_P7_Y4_UO668,RD7_F8_m1f2_P1_Y2_UO346,RD9_F8_m4f9_P4_Y2_UO401,FXX,1,0.0,1,1,1.0,0,0,0,-9999.0,0.4375,1,P1_CV0,1,1,1,0,2
5,2.9965467367452314,4.002409126542999,R5_F5_m10f4_P10_Y4_UO432,RD10_F6_m4f9_P4_Y2_UO398,RD4_F2_m7f6_P7_Y2_UO483,FXX,1,0.0,1,1,1.0,0,0,0,-9999.0,0.5,1,P1_CV0,1,1,1,0,2
5,2.9965467367452314,4.002409126542999,R5_F5_m9f8_P9_Y4_UO762,RD9_F8_m3f4_P3_Y2_UO264,RD8_F4_m3f1_P3_Y2_UO274,MXY,1,0.0,1,1,0.0,0,0,0,-9999.0,0.4375,1,P1_CV0,1,1,1,1,1
5,2.9965467367452314,4.002409126542999,R5_F5_m3f4_P3_Y4_UO151,RD3_F9_m6f3_P6_Y2_UO502,RD4_F7_m3f4_P3_Y2_UO562,FXX,1,0.0,1,1,1.0,0,0,0,-9999.0,0.5625,1,P1_CV0,1,1,1,1,1
5,2.9965467367452314,4.002409126542999,R5_F5_m9f8_P9_Y4_UO75,RD9_F8_m3f4_P3_Y2_UO264,RD8_F4_m8f4_P8_Y2_UO79,FXX,1,0.0,1,1,1.0,0,0,0,-9999.0,0.4375,1,P1_CV0,1,1,1,0,2
5,2.9965467367452314,4.002409126542999,R5_F5_m3f5_P3_Y4_UO634,RD3_F8_m2f1_P2_Y2_UO557,RD5_F9_m1f8_P1_Y2_UO559,MXY,1,0.0,1,1,0.0,0,0,0,-9999.0,0.3125,1,P1_CV0,1,0,2,0,2
5,2.9965467367452314,4.002409126542999,R5_F5_m2f6_P2_Y4_UO422,RD2_F6_m2f9_P2_Y2_UO11,RD6_F5_m10f9_P10_Y2_UO413,MXY,1,0.0,1,1,0.0,0,0,0,-9999.0,0.5625,1,P1_CV0,1,2,0,1,1
5,2.9965467367452314,4.002409126542999,R5_F5_m4f7_P4_Y4_UO218,RD4_F7_m4f7_P4_Y2_UO309,RD7_F8_m2f5_P2_Y2_UO530,MXY,1,0.0,1,1,0.0,0,0,0,-9999.0,0.5625,1,P1_CV0,1,1,1,0,2
5,2.9965467367452314,4.002409126542999,R5_F5_m4f2_P4_Y4_UO623,RD4_F8_m2f6_P2_Y2_UO522,RD2_F10_m2f9_P2_Y2_UO9,FXX,1,0.0,1,1,1.0,0,0,0,-9999.0,0.5,1,P1_CV0,1,0,2,1,1
5,2.9965467367452314,4.002409126542999,R5_F5_m9f8_P9_Y4_UO764,RD9_F8_m3f4_P3_Y2_UO264,RD8_F4_m3f1_P3_Y2_UO274,MXY,1,0.0,1,1,0.0,0,0,0,-9999.0,0.4375,1,P1_CV0,1,1,1,1,1
5,2.9965467367452314,4.002409126542999,R5_F5_m1f7_P1_Y4_UO72,RD1_F2_m9f6_P9_Y2_UO547,RD7_F6_m9f2_P9_Y2_UO137,MXY,1,0.0,1,1,0.0,0,0,0,-9999.0,0.5625,1,P1_CV0,1,1,1,2,0
5,2.9965467367452314,4.002409126542999,R5_F5_m3f5_P3_Y4_UO633,RD3_F8_m2f1_P2_Y2_UO557,RD5_F9_m1f8_P1_Y2_UO559,MXY,1,0.0,1,1,0.0,0,0,0,-9999.0,0.3125,1,P1_CV0,1,0,2,0,2
5,2.9965467367452314,4.002409126542999,R5_F5_m6f3_P6_Y3_UO503,RD6_F4_m3f7_P3_Y1_UO401,RD3_F10_m6f7_P6_Y1_UO57,FXX,2,0.0,1,0,1.0,0,0,0,-9999.0,0.75,1,P1_CV0,1,1,1,0,2
5,2.9965467367452314,4.002409126542999,R5_F5_m4f3_P4_Y3_UO254,RD4_F7_m6f9_P6_Y1_UO139,RD3_F9_m5f2_P5_Y1_UO100,MXY,2,0.0,1,0,0.0,0,0,0,-9999.0,0.5,1,P1_CV0,1,1,1,0,2
5,2.9965467367452314,4.002409126542999,R5_F5_m8f7_P8_Y2_UO432,RD8_F2_m6f5_P6_Y0_UO710,RD7_F5_m9f2_P9_Y0_UO198,FXX,3,0.0,1,0,1.0,0,0,0,-9999.0,0.25,1,P1_CV0,1,0,2,0,2
5,2.9965467367452314,4.002409126542999,Age0_F5_m5f2_P5_Y5_UO12,RD5_F6_m2f7_P2_Y3_UO102,RD2_F10_m2f6_P2_Y3_UO341,MXY,0,0.0,0,0,0.0,0,0,0,0.0,0.6875,1,P2_CV0,1,1,1,2,0
5,2.9965467367452314,4.002409126542999,Age0_F5_m5f2_P5_Y5_UO17,RD5_F6_m2f7_P2_Y3_UO102,RD2_F10_m2f6_P2_Y3_UO341,MXY,0,0.0,0,0,0.0,0,0,0,0.0,0.6875,1,P2_CV0,1,1,1,2,0
5,2.9965467367452314,4.002409126542999,Age0_F5_m5f2_P5_Y5_UO21,RD5_F6_m2f7_P2_Y3_UO102,RD2_F10_m2f6_P2_Y3_UO341,FXX,0,0.0,0,0,0.0,0,0,0,0.0,0.6875,1,P2_CV0,1,1,1,2,0
5,2.9965467367452314,4.002409126542999,Age0_F5_m5f2_P5_Y5_UO22,RD5_F6_m2f7_P2_Y3_UO102,RD2_F10_m2f6_P2_Y3_UO341,FXX,0,0.0,0,0,0.0,0,0,0,0.0,0.6875,1,P2_CV0,1,1,1,2,0
5,2.9965467367452314,4.002409126542999,Age0_F5_m5f2_P5_Y5_UO23,RD5_F6_m2f7_P2_Y3_UO102,RD2_F10_m2f6_P2_Y3_UO341,FXX,0,0.0,0,0,0.0,0,0,0,0.0,0.6875,1,P2_CV0,1,1,1,2,0
5,2.9965467367452314,4.002409126542999,Age0_F5_m5f3_P5_Y5_UO97,RD5_F10_m6f3_P6_Y3_UO503,RD3_F1_m7f5_P7_Y3_UO166,FXX,0,0.0,0,0,0.0,0,0,0,0.0,0.625,1,P2_CV0,1,2,0,1,1
5,2.9965467367452314,4.002409126542999,Age0_F5_m5f3_P5_Y5_UO99,RD5_F10_m6f3_P6_Y3_UO503,RD3_F1_m7f5_P7_Y3_UO166,FXX,0,0.0,0,0,0.0,0,0,0,0.0,0.625,1,P2_CV0,1,2,0,1,1
5,2.9965467367452314,4.002409126542999,Age0_F5_m5f3_P5_Y5_UO101,RD5_F10_m6f3_P6_Y3_UO503,RD3_F1_m7f5_P7_Y3_UO166,MXY,0,0.0,0,0,0.0,0,0,0,0.0,0.625,1,P2_CV0,1,2,0,1,1
5,2.9965467367452314,4.002409126542999,R5_F5_m2f3_P2_Y4_UO497,RD2_F1_m5f7_P5_Y2_UO427,RD3_F5_m1f3_P1_Y2_UO384,FXX,1,0.0,1,1,1.0,0,0,0,-9999.0,0.375,1,P2_CV0,1,1,1,0,2
5,2.9965467367452314,4.002409126542999,R5_F5_m3f6_P3_Y4_UO740,RD3_F8_m7f6_P7_Y2_UO253,RD6_F8_m6f4_P6_Y2_UO330,MXY,1,0.0,1,1,0.0,0,0,0,-9999.0,0.6875,1,P2_CV0,1,1,1,1,1
5,2.9965467367452314,4.002409126542999,R5_F5_m1f3_P1_Y4_UO447,RD1_F6_m10f5_P10_Y2_UO177,RD3_F2_m8f7_P8_Y2_UO278,MXY,1,0.0,1,1,0.0,0,0,0,-9999.0,0.5625,1,P2_CV0,1,1,1,1,1
5,2.9965467367452314,4.002409126542999,R5_F5_m2f7_P2_Y3_UO102,RD2_F9_m1f6_P1_Y1_UO234,RD7_F9_m7f3_P7_Y1_UO155,FXX,2,0.0,1,0,1.0,0,0,0,-9999.0,0.5,1,P2_CV0,1,0,2,1,1
5,2.9965467367452314,4.002409126542999,R5_F5_m7f6_P7_Y2_UO515,RD7_F6_m3f6_P3_Y0_UO346,RD6_F9_m1f10_P1_Y0_UO729,FXX,3,0.0,1,0,1.0,0,0,0,-9999.0,0.5,1,P2_CV0,1,1,1,1,1
5,2.9965467367452314,4.002409126542999,R5_F5_m10f4_P10_Y4_UO309,RD10_F1_m5f7_P5_Y2_UO428,RD4_F8_m4f3_P4_Y2_UO16,MXY,1,0.0,1,1,0.0,0,0,0,-9999.0,0.5,1,P3_CV0,1,2,0,1,1
5,2.9965467367452314,4.002409126542999,R5_F5_m1f3_P1_Y4_UO651,RD1_F10_m5f6_P5_Y2_UO372,RD3_F7_m5f8_P5_Y1_UO83,FXX,1,0.0,1,1,1.0,0,0,0,-9999.0,0.375,1,P3_CV0,1,0,2,2,0
5,2.9965467367452314,4.002409126542999,Age0_F5_m5f1_P5_Y5_UO457,RD5_F1_m5f3_P5_Y3_UO295,RD1_F2_m3f4_P3_Y3_UO469,MXY,0,0.0,0,0,0.0,0,0,0,0.0,0.5,1,P4_CV0,1,1,1,1,1
5,2.9965467367452314,4.002409126542999,Age0_F5_m5f1_P5_Y5_UO463,RD5_F1_m5f3_P5_Y3_UO295,RD1_F2_m3f4_P3_Y3_UO469,MXY,0,0.0,0,0,0.0,0,0,0,0.0,0.5,1,P4_CV0,1,0,2,1,1
5,2.9965467367452314,4.002409126542999,R5_F5_m7f4_P7_Y4_UO372,RD7_F10_m1f6_P1_Y2_UO466,RD4_F2_m7f6_P7_Y2_UO483,MXY,1,0.0,1,1,0.0,0,0,0,-9999.0,0.5,1,P4_CV0,1,1,1,1,1
5,2.9965467367452314,4.002409126542999,R5_F5_m6f5_P6_Y4_UO131,RD6_F2_m9f3_P9_Y2_UO209,RD5_F6_m5f9_P5_Y2_UO390,FXX,1,0.0,1,1,1.0,0,0,0,-9999.0,0.625,1,P4_CV0,1,1,1,2,0
5,2.9965467367452314,4.002409126542999,R5_F5_m8f4_P8_Y4_UO730,RD8_F3_m7f5_P7_Y2_UO688,RD4_F7_m8f6_P8_Y2_UO375,FXX,1,0.0,1,1,1.0,0,0,0,-9999.0,0.4375,1,P4_CV0,1,2,0,1,1
5,2.9965467367452314,4.002409126542999,R5_F5_m9f6_P9_Y3_UO304,RD9_F8_m10f9_P10_Y1_UO252,RD6_F9_m4f5_P4_Y0_UO241,MXY,2,0.0,1,0,0.0,0,0,0,-9999.0,0.875,1,P4_CV0,1,2,0,1,1
5,2.9965467367452314,4.002409126542999,R5_F5_m5f3_P5_Y3_UO295,RD5_F3_m6f4_P6_Y1_UO394,RD3_F5_m1f3_P1_Y1_UO553,FXX,2,0.0,1,0,1.0,0,0,0,-9999.0,0.625,1,P4_CV0,1,1,1,0,2
5,2.9965467367452314,4.002409126542999,R5_F5_m4f3_P4_Y2_UO13,RD4_F3_m2f5_P2_Y0_UO183,RD3_F5_m4f2_P4_Y0_UO441,MXY,3,0.0,1,0,0.0,0,0,0,-9999.0,0.5,1,P4_CV0,1,1,1,0,2
5,2.9965467367452314,4.002409126542999,Age0_F5_m5f2_P5_Y5_UO200,RD5_F1_m10f2_P10_Y3_UO388,RD2_F6_m7f3_P7_Y3_UO412,FXX,0,0.0,0,0,0.0,0,0,0,0.0,0.625,1,P5_CV0,1,1,1,0,2
5,2.9965467367452314,4.002409126542999,Age0_F5_m5f2_P5_Y5_UO203,RD5_F1_m10f2_P10_Y3_UO388,RD2_F6_m7f3_P7_Y3_UO412,FXX,0,0.0,0,0,0.0,0,0,0,0.0,0.625,1,P5_CV0,1,1,1,0,2
5,2.9965467367452314,4.002409126542999,R5_F5_m9f6_P9_Y4_UO241,RD9_F10_m7f2_P7_Y2_UO503,RD6_F9_m3f8_P3_Y2_UO361,MXY,1,0.0,1,1,0.0,0,0,0,-9999.0,0.5625,1,P5_CV0,1,0,2,1,1
5,2.9965467367452314,4.002409126542999,R5_F5_m2f7_P2_Y4_UO88,RD2_F5_m6f10_P6_Y2_UO697,RD7_F8_m6f3_P6_Y2_UO495,FXX,1,0.0,1,1,1.0,0,0,0,-9999.0,0.4375,1,P5_CV0,1,1,1,1,1
5,2.9965467367452314,4.002409126542999,R5_F5_m4f6_P4_Y2_UO317,RD4_F3_m6f2_P6_Y0_UO668,RD6_F4_m8f6_P8_Y0_UO295,FXX,3,0.0,1,0,1.0,0,0,0,-9999.0,0.375,1,P5_CV0,1,1,1,1,1
5,2.9965467367452314,4.002409126542999,Age0_F5_m5f6_P5_Y5_UO73,RD5_F4_m2f5_P2_Y3_UO31,RD6_F3_m4f8_P4_Y3_UO233,MXY,0,0.0,0,0,0.0,0,0,0,0.0,0.5,1,P6_CV0,1,2,0,1,1
5,2.9965467367452314,4.002409126542999,Age0_F5_m5f6_P5_Y5_UO76,RD5_F4_m2f5_P2_Y3_UO31,RD6_F3_m4f8_P4_Y3_UO233,MXY,0,0.0,0,0,0.0,0,0,0,0.0,0.5,1,P6_CV0,1,2,0,2,0
5,2.9965467367452314,4.002409126542999,Age0_F5_m5f6_P5_Y5_UO77,RD5_F4_m2f5_P2_Y3_UO31,RD6_F3_m4f8_P4_Y3_UO233,MXY,0,0.0,0,0,0.0,0,0,0,0.0,0.5,1,P6_CV0,1,0,2,2,0
5,2.9965467367452314,4.002409126542999,Age0_F5_m5f6_P5_Y5_UO78,RD5_F4_m2f5_P2_Y3_UO31,RD6_F3_m4f8_P4_Y3_UO233,MXY,0,0.0,0,0,0.0,0,0,0,0.0,0.5,1,P6_CV0,1,1,1,2,0
5,2.9965467367452314,4.002409126542999,R5_F5_m9f7_P9_Y4_UO274,RD9_F5_m2f8_P2_Y2_UO382,RD7_F8_m3f7_P3_Y0_UO61,MXY,1,0.0,1,1,0.0,0,0,0,-9999.0,0.5,1,P6_CV0,1,1,1,1,1
5,2.9965467367452314,4.002409126542999,R5_F5_m1f3_P1_Y4_UO650,RD1_F10_m5f6_P5_Y2_UO372,RD3_F7_m5f8_P5_Y1_UO83,FXX,1,0.0,1,1,1.0,0,0,0,-9999.0,0.375,1,P6_CV0,1,0,2,2,0
5,2.9965467367452314,4.002409126542999,R5_F5_m2f5_P2_Y3_UO31,RD2_F9_m1f6_P1_Y1_UO234,RD5_F6_m3f2_P3_Y1_UO49,FXX,2,0.0,1,0,1.0,0,0,0,-9999.0,0.625,1,P6_CV0,1,1,1,2,0
5,2.9965467367452314,4.002409126542999,R5_F5_m3f9_P3_Y4_UO388,RD3_F9_m6f3_P6_Y2_UO502,RD9_F7_m4f6_P4_Y2_UO318,FXX,1,0.0,1,1,1.0,0,0,0,-9999.0,0.5625,1,P7_CV0,1,1,1,1,1
5,2.9965467367452314,4.002409126542999,R5_F5_m1f10_P1_Y4_UO470,RD1_F8_m10f5_P10_Y2_UO179,RD10_F9_m6f8_P6_Y2_UO250,FXX,1,0.0,1,1,1.0,0,0,0,-9999.0,0.4375,1,P7_CV0,1,0,2,0,2
5,2.9965467367452314,4.002409126542999,R5_F5_m1f5_P1_Y4_UO199,RD1_F8_m10f5_P10_Y2_UO179,RD5_F8_m3f1_P3_Y2_UO190,MXY,1,0.0,1,1,0.0,0,0,0,-9999.0,0.4375,1,P7_CV0,1,0,2,0,2
5,2.9965467367452314,4.002409126542999,R5_F5_m4f7_P4_Y4_UO556,RD4_F8_m6f2_P6_Y2_UO725,RD7_F8_m10f3_P10_Y2_UO117,FXX,1,0.0,1,1,1.0,0,0,0,-9999.0,0.5625,1,P7_CV0,1,2,0,1,1
5,2.9965467367452314,4.002409126542999,R5_F5_m10f1_P10_Y4_UO370,RD10_F8_m6f2_P6_Y2_UO721,RD1_F7_m6f5_P6_Y0_UO482,FXX,1,0.0,1,1,1.0,0,0,0,-9999.0,0.4375,1,P7_CV0,1,1,1,2,0
5,2.9965467367452314,4.002409126542999,R5_F5_m1f10_P1_Y4_UO603,RD1_F10_m6f4_P6_Y2_UO328,RD10_F3_m6f3_P6_Y2_UO664,FXX,1,0.0,1,1,1.0,0,0,0,-9999.0,0.75,1,P7_CV0,1,2,0,0,2
5,2.9965467367452314,4.002409126542999,R5_F5_m1f5_P1_Y4_UO200,RD1_F8_m10f5_P10_Y2_UO179,RD5_F8_m3f1_P3_Y2_UO190,MXY,1,0.0,1,1,0.0,0,0,0,-9999.0,0.4375,1,P7_CV0,1,2,0,0,2
5,2.9965467367452314,4.002409126542999,R5_F5_m7f5_P7_Y4_UO351,RD7_F8_m2f6_P2_Y2_UO111,RD5_F6_m10f9_P10_Y2_UO283,MXY,1,0.0,1,1,0.0,0,0,0,-9999.0,0.5,1,P7_CV0,1,1,1,0,2
5,2.9965467367452314,4.002409126542999,R5_F5_m4f7_P4_Y4_UO555,RD4_F8_m6f2_P6_Y2_UO725,RD7_F8_m10f3_P10_Y2_UO117,MXY,1,0.0,1,1,0.0,0,0,0,-9999.0,0.5625,1,P7_CV0,1,1,1,0,2
5,2.9965467367452314,4.002409126542999,R5_F5_m7f4_P7_Y4_UO259,RD7_F4_m10f1_P10_Y2_UO215,RD4_F7_m3f9_P3_Y2_UO614,FXX,1,0.0,1,1,1.0,0,0,0,-9999.0,0.375,1,P7_CV0,1,0,2,2,0
5,2.9965467367452314,4.002409126542999,Age0_F5_m5f2_P5_Y5_UO13,RD5_F6_m2f7_P2_Y3_UO102,RD2_F10_m2f6_P2_Y3_UO341,MXY,0,0.0,0,0,0.0,0,0,0,0.0,0.6875,1,P8_CV0,1,0,2,2,0
5,2.9965467367452314,4.002409126542999,Age0_F5_m5f2_P5_Y5_UO14,RD5_F6_m2f7_P2_Y3_UO102,RD2_F10_m2f6_P2_Y3_UO341,FXX,0,0.0,0,0,0.0,0,0,0,0.0,0.6875,1,P8_CV0,1,1,1,1,1
5,2.9965467367452314,4.002409126542999,Age0_F5_m5f2_P5_Y5_UO15,RD5_F6_m2f7_P2_Y3_UO102,RD2_F10_m2f6_P2_Y3_UO341,MXY,0,0.0,0,0,0.0,0,0,0,0.0,0.6875,1,P8_CV0,1,1,1,2,0
5,2.9965467367452314,4.002409126542999,Age0_F5_m5f2_P5_Y5_UO16,RD5_F6_m2f7_P2_Y3_UO102,RD2_F10_m2f6_P2_Y3_UO341,FXX,0,0.0,0,0,0.0,0,0,0,0.0,0.6875,1,P8_CV0,1,1,1,1,1
5,2.9965467367452314,4.002409126542999,Age0_F5_m5f2_P5_Y5_UO18,RD5_F6_m2f7_P2_Y3_UO102,RD2_F10_m2f6_P2_Y3_UO341,MXY,0,0.0,0,0,0.0,0,0,0,0.0,0.6875,1,P8_CV0,1,1,1,2,0
5,2.9965467367452314,4.002409126542999,Age0_F5_m5f2_P5_Y5_UO19,RD5_F6_m2f7_P2_Y3_UO102,RD2_F10_m2f6_P2_Y3_UO341,FXX,0,0.0,0,0,0.0,0,0,0,0.0,0.6875,1,P8_CV0,1,1,1,1,1
5,2.9965467367452314,4.002409126542999,Age0_F5_m5f2_P5_Y5_UO20,RD5_F6_m2f7_P2_Y3_UO102,RD2_F10_m2f6_P2_Y3_UO341,FXX,0,0.0,0,0,0.0,0,0,0,0.0,0.6875,1,P8_CV0,1,0,2,1,1
5,2.9965467367452314,4.002409126542999,R5_F5_m9f8_P9_Y4_UO74,RD9_F8_m3f4_P3_Y2_UO264,RD8_F4_m8f4_P8_Y2_UO79,MXY,1,0.0,1,1,0.0,0,0,0,-9999.0,0.4375,1,P8_CV0,1,2,0,0,2
5,2.9965467367452314,4.002409126542999,R5_F5_m4f9_P4_Y4_UO772,RD4_F7_m9f3_P9_Y2_UO655,RD9_F7_m9f2_P9_Y2_UO242,FXX,1,0.0,1,1,1.0,0,0,0,-9999.0,0.625,1,P8_CV0,1,2,0,2,0
5,2.9965467367452314,4.002409126542999,R5_F5_m6f3_P6_Y3_UO119,RD6_F5_m6f10_P6_Y1_UO503,RD3_F5_m9f2_P9_Y0_UO199,MXY,2,0.0,1,0,0.0,0,0,0,-9999.0,0.25,1,P8_CV0,1,0,2,1,1
5,2.9965467367452314,4.002409126542999,Age0_F5_m5f1_P5_Y5_UO458,RD5_F1_m5f3_P5_Y3_UO295,RD1_F2_m3f4_P3_Y3_UO469,FXX,0,0.0,0,0,0.0,0,0,0,0.0,0.5,1,P9_CV0,1,0,2,1,1
5,2.9965467367452314,4.002409126542999,Age0_F5_m5f1_P5_Y5_UO459,RD5_F1_m5f3_P5_Y3_UO295,RD1_F2_m3f4_P3_Y3_UO469,FXX,0,0.0,0,0,0.0,0,0,0,0.0,0.5,1,P9_CV0,1,1,1,1,1
5,2.9965467367452314,4.002409126542999,Age0_F5_m5f1_P5_Y5_UO460,RD5_F1_m5f3_P5_Y3_UO295,RD1_F2_m3f4_P3_Y3_UO469,FXX,0,0.0,0,0,0.0,0,0,0,0.0,0.5,1,P9_CV0,1,0,2,1,1
5,2.9965467367452314,4.002409126542999,Age0_F5_m5f1_P5_Y5_UO461,RD5_F1_m5f3_P5_Y3_UO295,RD1_F2_m3f4_P3_Y3_UO469,MXY,0,0.0,0,0,0.0,0,0,0,0.0,0.5,1,P9_CV0,1,1,1,1,1
5,2.9965467367452314,4.002409126542999,Age0_F5_m5f1_P5_Y5_UO462,RD5_F1_m5f3_P5_Y3_UO295,RD1_F2_m3f4_P3_Y3_UO469,MXY,0,0.0,0,0,0.0,0,0,0,0.0,0.5,1,P9_CV0,1,0,2,1,1
5,2.9965467367452314,4.002409126542999,Age0_F5_m5f1_P5_Y5_UO464,RD5_F1_m5f3_P5_Y3_UO295,RD1_F2_m3f4_P3_Y3_UO469,FXX,0,0.0,0,0,0.0,0,0,0,0.0,0.5,1,P9_CV0,1,1,1,1,1
5,2.9965467367452314,4.002409126542999,R5_F5_m6f5_P6_Y4_UO513,RD6_F5_m1f10_P1_Y2_UO405,RD5_F8_m7f3_P7_Y1_UO153,FXX,1,0.0,1,1,1.0,0,0,0,-9999.0,0.5,1,P9_CV0,1,0,2,1,1
5,2.9965467367452314,4.002409126542999,R5_F5_m7f8_P7_Y4_UO475,RD7_F8_m2f6_P2_Y2_UO111,RD8_F3_m1f3_P1_Y2_UO395,FXX,1,0.0,1,1,1.0,0,0,0,-9999.0,0.3125,1,P9_CV0,1,1,1,0,2
5,2.9965467367452314,4.002409126542999,R5_F5_m2f9_P2_Y4_UO484,RD2_F5_m2f6_P2_Y2_UO113,RD9_F7_m2f10_P2_Y1_UO227,MXY,1,0.0,1,1,0.0,0,0,0,-9999.0,0.5,1,P9_CV0,1,1,1,0,2
5,2.9965467367452314,4.002409126542999,R5_F5_m7f5_P7_Y4_UO350,RD7_F8_m2f6_P2_Y2_UO111,RD5_F6_m10f9_P10_Y2_UO283,FXX,1,0.0,1,1,1.0,0,0,0,-9999.0,0.5,1,P9_CV0,1,1,1,0,2
5,2.9965467367452314,4.002409126542999,R5_F5_m1f7_P1_Y4_UO68,RD1_F2_m9f6_P9_Y2_UO547,RD7_F6_m9f2_P9_Y2_UO137,MXY,1,0.0,1,1,0.0,0,0,0,-9999.0,0.5625,1,P9_CV0,1,0,2,1,1
5,2.9965467367452314,4.002409126542999,R5_F5_m7f4_P7_Y3_UO432,RD7_F8_m4f7_P4_Y1_UO343,RD4_F7_m10f6_P10_Y0_UO549,MXY,2,0.0,1,0,0.0,0,0,0,-9999.0,0.5,1,P9_CV0,1,1,1,1,1
6,6.211338327692949,7.937131414155586,R6_F6_m9f6_P9_Y4_UO506,RD9_F8_m4f2_P4_Y2_UO624,RD6_F9_m3f8_P3_Y2_UO361,MXY,1,0.0,1,1,0.0,0,0,0,-9999.0,0.5,1,P0_CV0,1,0,2,1,1
6,6.211338327692949,7.937131414155586,R6_F6_m9f6_P9_Y4_UO509,RD9_F8_m4f2_P4_Y2_UO624,RD6_F9_m3f8_P3_Y2_UO361,FXX,1,0.0,1,1,1.0,0,0,0,-9999.0,0.5,1,P0_CV0,1,0,2,1,1
6,6.211338327692949,7.937131414155586,R6_F6_m1f2_P1_Y3_UO359,RD1_F9_m5f2_P5_Y1_UO102,RD2_F9_m-1f-1_P3_Y-1_U45,MXY,2,0.0,1,0,0.0,0,0,0,-9999.0,0.5,1,P0_CV0,1,1,1,1,1
6,6.211338327692949,7.937131414155586,Age0_F6_m6f5_P6_Y5_UO281,RD6_F5_m9f6_P9_Y3_UO300,RD5_F7_m4f3_P4_Y3_UO254,MXY,0,0.0,0,0,0.0,0,0,0,0.0,0.6875,1,P1_CV0,1,1,1,0,2
6,6.211338327692949,7.937131414155586,Age0_F6_m6f5_P6_Y5_UO282,RD6_F5_m9f6_P9_Y3_UO300,RD5_F7_m4f3_P4_Y3_UO254,FXX,0,0.0,0,0,0.0,0,0,0,0.0,0.6875,1,P1_CV0,1,2,0,0,2
6,6.211338327692949,7.937131414155586,Age0_F6_m6f5_P6_Y5_UO284,RD6_F5_m9f6_P9_Y3_UO300,RD5_F7_m4f3_P4_Y3_UO254,MXY,0,0.0,0,0,0.0,0,0,0,0.0,0.6875,1,P1_CV0,1,2,0,0,2
6,6.211338327692949,7.937131414155586,Age0_F6_m6f5_P6_Y5_UO287,RD6_F5_m9f6_P9_Y3_UO300,RD5_F7_m4f3_P4_Y3_UO254,MXY,0,0.0,0,0,0.0,0,0,0,0.0,0.6875,1,P1_CV0,1,2,0,0,2
6,6.211338327692949,7.937131414155586,Age0_F6_m6f5_P6_Y5_UO288,RD6_F5_m9f6_P9_Y3_UO300,RD5_F7_m4f3_P4_Y3_UO254,FXX,0,0.0,0,0,0.0,0,0,0,0.0,0.6875,1,P1_CV0,1,1,1,0,2
6,6.211338327692949,7.937131414155586,R6_F6_m10f2_P10_Y4_UO207,RD10_F1_m4f7_P4_Y2_UO312,RD2_F9_m1f8_P1_Y2_UO560,MXY,1,0.0,1,1,0.0,0,0,0,-9999.0,0.5,1,P1_CV0,1,1,1,1,1
6,6.211338327692949,7.937131414155586,R6_F6_m3f4_P3_Y4_UO152,RD3_F9_m6f3_P6_Y2_UO502,RD4_F7_m3f4_P3_Y2_UO562,MXY,1,0.0,1,1,0.0,0,0,0,-9999.0,0.5625,1,P1_CV0,1,1,1,0,2
6,6.211338327692949,7.937131414155586,R6_F6_m9f8_P9_Y4_UO78,RD9_F8_m3f4_P3_Y2_UO264,RD8_F4_m8f4_P8_Y2_UO79,MXY,1,0.0,1,1,0.0,0,0,0,-9999.0,0.4375,1,P1_CV0,1,1,1,1,1
6,6.211338327692949,7.937131414155586,R6_F6_m2f6_P2_Y4_UO420,RD2_F6_m2f9_P2_Y2_UO11,RD6_F5_m10f9_P10_Y2_UO413,MXY,1,0.0,1,1,0.0,0,0,0,-9999.0,0.5625,1,P1_CV0,1,2,0,1,1
6,6.211338327692949,7.937131414155586,R6_F6_m9f2_P9_Y4_UO165,RD9_F2_m9f2_P9_Y2_UO680,RD2_F8_m2f8_P2_Y2_UO1,MXY,1,0.0,1,1,0.0,0,0,0,-9999.0,0.5625,1,P1_CV0,1,1,1,1,1
6,6.211338327692949,7.937131414155586,R6_F6_m7f1_P7_Y4_UO716,RD7_F8_m2f5_P2_Y2_UO531,RD1_F5_m3f1_P3_Y2_UO193,MXY,1,0.0,1,1,0.0,0,0,0,-9999.0,0.5,1,P1_CV0,1,1,1,0,2
6,6.211338327692949,7.937131414155586,R6_F6_m3f9_P3_Y4_UO395,RD3_F8_m7f4_P7_Y2_UO30,RD9_F8_m4f9_P4_Y2_UO401,MXY,1,0.0,1,1,0.0,0,0,0,-9999.0,0.5,1,P1_CV0,1,0,2,1,1
6,6.211338327692949,7.937131414155586,R6_F6_m9f5_P9_Y4_UO641,RD9_F10_m9f2_P9_Y2_UO131,RD5_F10_m6f4_P6_Y2_UO580,MXY,1,0.0,1,1,0.0,0,0,0,-9999.0,0.4375,1,P1_CV0,1,0,2,0,2
6,6.211338327692949,7.937131414155586,R6_F6_m7f9_P7_Y4_UO674,RD7_F8_m1f2_P1_Y2_UO346,RD9_F8_m4f9_P4_Y2_UO401,MXY,1,0.0,1,1,0.0,0,0,0,-9999.0,0.4375,1,P1_CV0,1,1,1,0,2
6,6.211338327692949,7.937131414155586,R6_F6_m4f6_P4_Y3_UO535,RD4_F7_m6f8_P6_Y1_UO587,RD6_F3_m6f9_P6_Y1_UO140,MXY,2,0.0,1,0,0.0,0,0,0,-9999.0,0.625,1,P1_CV0,1,0,2,2,0
6,6.211338327692949,7.937131414155586,R6_F6_m4f8_P4_Y3_UO233,RD4_F7_m6f9_P6_Y1_UO139,RD8_F7_m9f2_P9_Y1_UO519,MXY,2,0.0,1,0,0.0,0,0,0,-9999.0,0.375,1,P1_CV0,1,1,1,1,1
6,6.211338327692949,7.937131414155586,R6_F6_m3f4_P3_Y2_UO264,RD3_F5_m2f5_P2_Y0_UO21,RD4_F7_m6f5_P6_Y0_UO46,FXX,3,0.0,1,0,1.0,0,0,0,-9999.0,0.5,1,P1_CV0,1,2,0,1,1
6,6.211338327692949,7.937131414155586,R6_F6_m9f2_P9_Y2_UO131,RD9_F4_m2f5_P2_Y0_UO182,RD2_F6_m10f4_P10_Y0_UO384,FXX,3,0.0,1,0,1.0,0,0,0,-9999.0,0.625,1,P1_CV0,1,0,2,1,1
6,6.211338327692949,7.937131414155586,Age0_F6_m6f3_P6_Y5_UO177,RD6_F10_m1f3_P1_Y3_UO131,RD3_F5_m7f5_P7_Y3_UO210,FXX,0,0.0,0,0,0.0,0,0,0,0.0,0.5,1,P2_CV0,1,2,0,1,1
6,6.211338327692949,7.937131414155586,R6_F6_m9f3_P9_Y4_UO255,RD9_F4_m2f10_P2_Y2_UO647,RD3_F1_m6f4_P6_Y2_UO329,MXY,1,0.0,1,1,0.0,0,0,0,-9999.0,0.625,1,P2_CV0,1,1,1,0,2
6,6.211338327692949,7.937131414155586,R6_F6_m10f2_P10_Y4_UO402,RD10_F8_m6f2_P6_Y2_UO721,RD2_F4_m2f6_P2_Y2_UO665,MXY,1,0.0,1,1,0.0,0,0,0,-9999.0,0.6875,1,P2_CV0,1,1,1,1,1
6,6.211338327692949,7.937131414155586,R6_F6_m2f1_P2_Y4_UO413,RD2_F10_m1f10_P1_Y2_UO306,RD1_F7_m8f2_P8_Y2_UO457,MXY,1,0.0,1,1,0.0,0,0,0,-9999.0,0.625,1,P2_CV0,1,1,1,1,1
6,6.211338327692949,7.937131414155586,R6_F6_m7f6_P7_Y4_UO247,RD7_F1_m10f5_P10_Y2_UO185,RD6_F9_m10f1_P10_Y2_UO216,MXY,1,0.0,1,1,0.0,0,0,0,-9999.0,0.375,1,P2_CV0,1,1,1,1,1
6,6.211338327692949,7.937131414155586,R6_F6_m2f5_P2_Y4_UO417,RD2_F10_m1f10_P1_Y2_UO306,RD5_F6_m5f9_P5_Y2_UO390,FXX,1,0.0,1,1,1.0,0,0,0,-9999.0,0.75,1,P2_CV0,1,2,0,1,1
6,6.211338327692949,7.937131414155586,R6_F6_m9f6_P9_Y4_UO224,RD9_F1_m6f3_P6_Y2_UO500,RD6_F8_m6f4_P6_Y2_UO330,FXX,1,0.0,1,1,1.0,0,0,0,-9999.0,0.8125,1,P2_CV0,1,2,0,1,1
6,6.211338327692949,7.937131414155586,R6_F6_m10f5_P10_Y4_UO586,RD10_F3_m9f3_P9_Y2_UO210,RD5_F8_m7f3_P7_Y1_UO153,FXX,1,0.0,1,1,1.0,0,0,0,-9999.0,0.5,1,P2_CV0,1,1,1,1,1
6,6.211338327692949,7.937131414155586,R6_F6_m10f3_P10_Y3_UO98,RD10_F9_m2f3_P2_Y1_UO190,RD3_F10_m1f3_P1_Y1_UO26,MXY,2,0.0,1,0,0.0,0,0,0,-9999.0,0.625,1,P2_CV0,1,2,0,1,1
6,6.211338327692949,7.937131414155586,R6_F6_m7f5_P7_Y3_UO211,RD7_F9_m2f9_P2_Y1_UO28,RD5_F7_m-1f-1_P3_Y-1_U98,MXY,2,0.0,1,0,0.0,0,0,0,-9999.0,0.5,1,P2_CV0,1,1,1,2,0
6,6.211338327692949,7.937131414155586,R6_F6_m7f5_P7_Y3_UO201,RD7_F9_m2f9_P2_Y1_UO28,RD5_F7_m-1f-1_P3_Y-1_U98,FXX,2,0.0,1,0,1.0,0,0,0,-9999.0,0.5,1,P2_CV0,1,2,0,2,0
6,6.211338327692949,7.937131414155586,R6_F6_m10f1_P10_Y4_UO64,RD10_F9_m4f3_P4_Y2_UO199,RD1_F6_m6f9_P6_Y1_UO140,FXX,1,0.0,1,1,1.0,0,0,0,-9999.0,0.5625,1,P3_CV0,1,1,1,2,0
6,6.211338327692949,7.937131414155586,Age0_F6_m6f5_P6_Y5_UO283,RD6_F5_m9f6_P9_Y3_UO300,RD5_F7_m4f3_P4_Y3_UO254,FXX,0,0.0,0,0,0.0,0,0,0,0.0,0.6875,1,P4_CV0,1,1,1,0,2
6,6.211338327692949,7.937131414155586,Age0_F6_m6f5_P6_Y5_UO285,RD6_F5_m9f6_P9_Y3_UO300,RD5_F7_m4f3_P4_Y3_UO254,FXX,0,0.0,0,0,0.0,0,0,0,0.0,0.6875,1,P4_CV0,1,1,1,0,2
6,6.211338327692949,7.937131414155586,Age0_F6_m6f5_P6_Y5_UO286,RD6_F5_m9f6_P9_Y3_UO300,RD5_F7_m4f3_P4_Y3_UO254,FXX,0,0.0,0,0,0.0,0,0,0,0.0,0.6875,1,P4_CV0,1,2,0,0,2
6,6.211338327692949,7.937131414155586,Age0_F6_m6f5_P6_Y5_UO289,RD6_F5_m9f6_P9_Y3_UO300,RD5_F7_m4f3_P4_Y3_UO254,FXX,0,0.0,0,0,0.0,0,0,0,0.0,0.6875,1,P4_CV0,1,2,0,0,2
6,6.211338327692949,7.937131414155586,Age0_F6_m6f5_P6_Y5_UO290,RD6_F5_m9f6_P9_Y3_UO300,RD5_F7_m4f3_P4_Y3_UO254,MXY,0,0.0,0,0,0.0,0,0,0,0.0,0.6875,1,P4_CV0,1,2,0,0,2
6,6.211338327692949,7.937131414155586,Age0_F6_m6f5_P6_Y5_UO291,RD6_F5_m9f6_P9_Y3_UO300,RD5_F7_m4f3_P4_Y3_UO254,MXY,0,0.0,0,0,0.0,0,0,0,0.0,0.6875,1,P4_CV0,1,1,1,0,2
6,6.211338327692949,7.937131414155586,Age0_F6_m6f5_P6_Y5_UO292,RD6_F5_m9f6_P9_Y3_UO300,RD5_F7_m4f3_P4_Y3_UO254,MXY,0,0.0,0,0,0.0,0,0,0,0.0,0.6875,1,P4_CV0,1,2,0,0,2
6,6.211338327692949,7.937131414155586,Age0_F6_m6f7_P6_Y5_UO384,RD6_F5_m9f6_P9_Y3_UO300,RD7_F1_m10f9_P10_Y3_UO3,MXY,0,0.0,0,0,0.0,0,0,0,0.0,0.75,1,P4_CV0,1,2,0,1,1
6,6.211338327692949,7.937131414155586,Age0_F6_m6f7_P6_Y5_UO387,RD6_F5_m9f6_P9_Y3_UO300,RD7_F1_m10f9_P10_Y3_UO3,MXY,0,0.0,0,0,0.0,0,0,0,0.0,0.75,1,P4_CV0,1,2,0,1,1
6,6.211338327692949,7.937131414155586,Age0_F6_m6f7_P6_Y5_UO389,RD6_F5_m9f6_P9_Y3_UO300,RD7_F1_m10f9_P10_Y3_UO3,FXX,0,0.0,0,0,0.0,0,0,0,0.0,0.75,1,P4_CV0,1,2,0,1,1
6,6.211338327692949,7.937131414155586,Age0_F6_m6f7_P6_Y5_UO395,RD6_F5_m9f6_P9_Y3_UO300,RD7_F1_m10f9_P10_Y3_UO3,FXX,0,0.0,0,0,0.0,0,0,0,0.0,0.75,1,P4_CV0,1,2,0,1,1
6,6.211338327692949,7.937131414155586,Age0_F6_m6f7_P6_Y5_UO396,RD6_F5_m9f6_P9_Y3_UO300,RD7_F1_m10f9_P10_Y3_UO3,MXY,0,0.0,0,0,0.0,0,0,0,0.0,0.75,1,P4_CV0,1,2,0,1,1
6,6.211338327692949,7.937131414155586,Age0_F6_m6f7_P6_Y5_UO398,RD6_F5_m9f6_P9_Y3_UO300,RD7_F1_m10f9_P10_Y3_UO3,MXY,0,0.0,0,0,0.0,0,0,0,0.0,0.75,1,P4_CV0,1,2,0,1,1
6,6.211338327692949,7.937131414155586,R6_F6_m8f4_P8_Y4_UO705,RD8_F4_m6f10_P6_Y2_UO536,RD4_F8_m4f6_P4_Y2_UO454,MXY,1,0.0,1,1,0.0,0,0,0,-9999.0,0.5,1,P4_CV0,1,2,0,0,2
6,6.211338327692949,7.937131414155586,R6_F6_m9f6_P9_Y4_UO675,RD9_F8_m6f8_P6_Y2_UO248,RD6_F7_m1f6_P1_Y2_UO465,MXY,1,0.0,1,1,0.0,0,0,0,-9999.0,0.5,1,P4_CV0,1,2,0,1,1
6,6.211338327692949,7.937131414155586,R6_F6_m1f5_P1_Y4_UO1,RD1_F2_m9f6_P9_Y2_UO547,RD5_F6_m5f9_P5_Y2_UO390,FXX,1,0.0,1,1,1.0,0,0,0,-9999.0,0.625,1,P4_CV0,1,2,0,2,0
6,6.211338327692949,7.937131414155586,R6_F6_m10f4_P10_Y4_UO311,RD10_F1_m5f7_P5_Y2_UO428,RD4_F8_m4f3_P4_Y2_UO16,MXY,1,0.0,1,1,0.0,0,0,0,-9999.0,0.5,1,P4_CV0,1,1,1,0,2
6,6.211338327692949,7.937131414155586,R6_F6_m1f5_P1_Y4_UO6,RD1_F2_m9f6_P9_Y2_UO547,RD5_F6_m5f9_P5_Y2_UO390,FXX,1,0.0,1,1,1.0,0,0,0,-9999.0,0.625,1,P4_CV0,1,2,0,1,1
6,6.211338327692949,7.937131414155586,R6_F6_m5f4_P5_Y3_UO334,RD5_F6_m8f10_P8_Y1_UO565,RD4_F7_m10f6_P10_Y0_UO549,MXY,2,0.0,1,0,0.0,0,0,0,-9999.0,0.25,1,P4_CV0,1,0,2,1,1
6,6.211338327692949,7.937131414155586,R6_F6_m9f6_P9_Y3_UO300,RD9_F8_m10f9_P10_Y1_UO252,RD6_F9_m4f5_P4_Y0_UO241,FXX,2,0.0,1,0,1.0,0,0,0,-9999.0,0.875,1,P4_CV0,1,2,0,0,2
6,6.211338327692949,7.937131414155586,R6_F6_m5f2_P5_Y3_UO428,RD5_F7_m4f7_P4_Y1_UO344,RD2_F10_m4f7_P4_Y1_UO297,MXY,2,0.0,1,0,0.0,0,0,0,-9999.0,0.75,1,P4_CV0,1,2,0,0,2
6,6.211338327692949,7.937131414155586,R6_F6_m9f6_P9_Y4_UO677,RD9_F8_m6f8_P6_Y2_UO248,RD6_F7_m1f6_P1_Y2_UO465,MXY,1,0.0,1,1,0.0,0,0,0,-9999.0,0.5,1,P5_CV0,1,1,1,1,1
6,6.211338327692949,7.937131414155586,R6_F6_m5f8_P5_Y4_UO538,RD5_F9_m8f6_P8_Y2_UO376,RD8_F3_m1f3_P1_Y2_UO395,MXY,1,0.0,1,1,0.0,0,0,0,-9999.0,0.4375,1,P5_CV0,1,1,1,1,1
6,6.211338327692949,7.937131414155586,R6_F6_m3f5_P3_Y4_UO487,RD3_F8_m2f3_P2_Y2_UO555,RD5_F7_m4f2_P4_Y2_UO626,FXX,1,0.0,1,1,1.0,0,0,0,-9999.0,0.5,1,P5_CV0,1,0,2,1,1
6,6.211338327692949,7.937131414155586,R6_F6_m3f5_P3_Y4_UO488,RD3_F8_m2f3_P2_Y2_UO555,RD5_F7_m4f2_P4_Y2_UO626,FXX,1,0.0,1,1,1.0,0,0,0,-9999.0,0.5,1,P5_CV0,1,0,2,1,1
6,6.211338327692949,7.937131414155586,R6_F6_m1f3_P1_Y4_UO648,RD1_F10_m5f6_P5_Y2_UO372,RD3_F7_m5f8_P5_Y1_UO83,FXX,1,0.0,1,1,1.0,0,0,0,-9999.0,0.375,1,P6_CV0,1,0,2,1,1
6,6.211338327692949,7.937131414155586,R6_F6_m4f2_P4_Y4_UO463,RD4_F9_m5f3_P5_Y2_UO641,RD2_F8_m2f7_P2_Y2_UO272,MXY,1,0.0,1,1,0.0,0,0,0,-9999.0,0.5,1,P6_CV0,1,1,1,1,1
6,6.211338327692949,7.937131414155586,R6_F6_m7f3_P7_Y4_UO126,RD7_F3_m5f6_P5_Y2_UO364,RD3_F5_m1f3_P1_Y2_UO384,MXY,1,0.0,1,1,0.0,0,0,0,-9999.0,0.375,1,P6_CV0,1,0,2,1,1
6,6.211338327692949,7.937131414155586,R6_F6_m5f7_P5_Y4_UO661,RD5_F1_m7f2_P7_Y2_UO321,RD7_F9_m8f7_P8_Y0_UO468,MXY,1,0.0,1,1,0.0,0,0,0,-9999.0,0.4375,1,P6_CV0,1,0,2,1,1
6,6.211338327692949,7.937131414155586,R6_F6_m2f8_P2_Y4_UO733,RD2_F8_m6f10_P6_Y2_UO533,RD8_F4_m6f9_P6_Y2_UO736,MXY,1,0.0,1,1,0.0,0,0,0,-9999.0,0.4375,1,P7_CV0,1,1,1,2,0
6,6.211338327692949,7.937131414155586,R6_F6_m5f7_P5_Y4_UO657,RD5_F1_m7f2_P7_Y2_UO321,RD7_F9_m8f7_P8_Y0_UO468,FXX,1,0.0,1,1,1.0,0,0,0,-9999.0,0.4375,1,P7_CV0,1,1,1,1,1
6,6.211338327692949,7.937131414155586,R6_F6_m2f7_P2_Y4_UO90,RD2_F5_m6f10_P6_Y2_UO697,RD7_F8_m6f3_P6_Y2_UO495,FXX,1,0.0,1,1,1.0,0,0,0,-9999.0,0.4375,1,P7_CV0,1,1,1,1,1
6,6.211338327692949,7.937131414155586,R6_F6_m4f8_P4_Y4_UO692,RD4_F8_m9f4_P9_Y2_UO337,RD8_F7_m6f3_P6_Y2_UO498,MXY,1,0.0,1,1,0.0,0,0,0,-9999.0,0.6875,1,P7_CV0,1,0,2,0,2
6,6.211338327692949,7.937131414155586,R6_F6_m5f8_P5_Y4_UO46,RD5_F6_m9f3_P9_Y2_UO651,RD8_F9_m4f6_P4_Y2_UO711,MXY,1,0.0,1,1,0.0,0,0,0,-9999.0,0.5625,1,P7_CV0,1,1,1,1,1
6,6.211338327692949,7.937131414155586,R6_F6_m2f8_P2_Y4_UO732,RD2_F8_m6f10_P6_Y2_UO533,RD8_F4_m6f9_P6_Y2_UO736,FXX,1,0.0,1,1,1.0,0,0,0,-9999.0,0.4375,1,P7_CV0,1,1,1,1,1
6,6.211338327692949,7.937131414155586,R6_F6_m7f4_P7_Y4_UO261,RD7_F4_m10f1_P10_Y2_UO215,RD4_F7_m3f9_P3_Y2_UO614,MXY,1,0.0,1,1,0.0,0,0,0,-9999.0,0.375,1,P7_CV0,1,0,2,2,0
6,6.211338327692949,7.937131414155586,R6_F6_m4f2_P4_Y4_UO458,RD4_F10_m1f5_P1_Y2_UO58,RD2_F8_m6f9_P6_Y2_UO731,FXX,1,0.0,1,1,1.0,0,0,0,-9999.0,0.4375,1,P7_CV0,1,0,2,1,1
6,6.211338327692949,7.937131414155586,R6_F6_m4f8_P4_Y3_UO49,RD4_F3_m10f1_P10_Y1_UO366,RD8_F7_m5f2_P5_Y1_UO104,MXY,2,0.0,1,0,0.0,0,0,0,-9999.0,0.375,1,P7_CV0,1,0,2,1,1
6,6.211338327692949,7.937131414155586,R6_F6_m4f3_P4_Y3_UO152,RD4_F3_m10f1_P10_Y1_UO366,RD3_F7_m-1f-1_P2_Y-1_U6,MXY,2,0.0,1,0,0.0,0,0,0,-9999.0,0.375,1,P7_CV0,1,1,1,1,1
6,6.211338327692949,7.937131414155586,Age0_F6_m6f3_P6_Y5_UO172,RD6_F10_m1f3_P1_Y3_UO131,RD3_F5_m7f5_P7_Y3_UO210,MXY,0,0.0,0,0,0.0,0,0,0,0.0,0.5,1,P8_CV0,1,1,1,1,1
6,6.211338327692949,7.937131414155586,Age0_F6_m6f3_P6_Y5_UO173,RD6_F10_m1f3_P1_Y3_UO131,RD3_F5_m7f5_P7_Y3_UO210,FXX,0,0.0,0,0,0.0,0,0,0,0.0,0.5,1,P8_CV0,1,2,0,1,1
6,6.211338327692949,7.937131414155586,Age0_F6_m6f3_P6_Y5_UO174,RD6_F10_m1f3_P1_Y3_UO131,RD3_F5_m7f5_P7_Y3_UO210,FXX,0,0.0,0,0,0.0,0,0,0,0.0,0.5,1,P8_CV0,1,2,0,1,1
6,6.211338327692949,7.937131414155586,Age0_F6_m6f3_P6_Y5_UO175,RD6_F10_m1f3_P1_Y3_UO131,RD3_F5_m7f5_P7_Y3_UO210,MXY,0,0.0,0,0,0.0,0,0,0,0.0,0.5,1,P8_CV0,1,2,0,1,1
6,6.211338327692949,7.937131414155586,Age0_F6_m6f3_P6_Y5_UO176,RD6_F10_m1f3_P1_Y3_UO131,RD3_F5_m7f5_P7_Y3_UO210,FXX,0,0.0,0,0,0.0,0,0,0,0.0,0.5,1,P8_CV0,1,1,1,1,1
6,6.211338327692949,7.937131414155586,Age0_F6_m6f3_P6_Y5_UO178,RD6_F10_m1f3_P1_Y3_UO131,RD3_F5_m7f5_P7_Y3_UO210,FXX,0,0.0,0,0,0.0,0,0,0,0.0,0.5,1,P8_CV0,1,1,1,1,1
6,6.211338327692949,7.937131414155586,R6_F6_m8f4_P8_Y4_UO579,RD8_F6_m2f8_P2_Y2_UO176,RD4_F8_m4f3_P4_Y2_UO16,MXY,1,0.0,1,1,0.0,0,0,0,-9999.0,0.4375,1,P8_CV0,1,2,0,1,1
6,6.211338327692949,7.937131414155586,R6_F6_m2f3_P2_Y4_UO110,RD2_F5_m10f1_P10_Y2_UO218,RD3_F9_m2f6_P2_Y2_UO114,FXX,1,0.0,1,1,1.0,0,0,0,-9999.0,0.3125,1,P8_CV0,1,1,1,1,1
6,6.211338327692949,7.937131414155586,R6_F6_m1f6_P1_Y4_UO18,RD1_F3_m2f9_P2_Y2_UO10,RD6_F8_m9f2_P9_Y2_UO246,FXX,1,0.0,1,1,1.0,0,0,0,-9999.0,0.5625,1,P8_CV0,1,2,0,2,0
6,6.211338327692949,7.937131414155586,R6_F6_m7f6_P7_Y4_UO29,RD7_F8_m1f2_P1_Y2_UO346,RD6_F8_m9f2_P9_Y2_UO246,FXX,1,0.0,1,1,1.0,0,0,0,-9999.0,0.5625,1,P8_CV0,1,1,1,1,1
6,6.211338327692949,7.937131414155586,R6_F6_m8f4_P8_Y4_UO580,RD8_F6_m2f8_P2_Y2_UO176,RD4_F8_m4f3_P4_Y2_UO16,FXX,1,0.0,1,1,1.0,0,0,0,-9999.0,0.4375,1,P8_CV0,1,1,1,0,2
6,6.211338327692949,7.937131414155586,R6_F6_m1f3_P1_Y3_UO131,RD1_F3_m6f5_P6_Y1_UO14,RD3_F7_m9f2_P9_Y1_UO518,FXX,2,0.0,1,0,1.0,0,0,0,-9999.0,0.5,1,P8_CV0,1,1,1,0,2
6,6.211338327692949,7.937131414155586,Age0_F6_m6f7_P6_Y5_UO385,RD6_F5_m9f6_P9_Y3_UO300,RD7_F1_m10f9_P10_Y3_UO3,FXX,0,0.0,0,0,0.0,0,0,0,0.0,0.75,1,P9_CV0,1,2,0,1,1
6,6.211338327692949,7.937131414155586,Age0_F6_m6f7_P6_Y5_UO386,RD6_F5_m9f6_P9_Y3_UO300,RD7_F1_m10f9_P10_Y3_UO3,MXY,0,0.0,0,0,0.0,0,0,0,0.0,0.75,1,P9_CV0,1,2,0,1,1
6,6.211338327692949,7.937131414155586,Age0_F6_m6f7_P6_Y5_UO388,RD6_F5_m9f6_P9_Y3_UO300,RD7_F1_m10f9_P10_Y3_UO3,MXY,0,0.0,0,0,0.0,0,0,0,0.0,0.75,1,P9_CV0,1,2,0,1,1
6,6.211338327692949,7.937131414155586,Age0_F6_m6f7_P6_Y5_UO390,RD6_F5_m9f6_P9_Y3_UO300,RD7_F1_m10f9_P10_Y3_UO3,MXY,0,0.0,0,0,0.0,0,0,0,0.0,0.75,1,P9_CV0,1,2,0,1,1
6,6.211338327692949,7.937131414155586,Age0_F6_m6f7_P6_Y5_UO391,RD6_F5_m9f6_P9_Y3_UO300,RD7_F1_m10f9_P10_Y3_UO3,MXY,0,0.0,0,0,0.0,0,0,0,0.0,0.75,1,P9_CV0,1,2,0,1,1
6,6.211338327692949,7.937131414155586,Age0_F6_m6f7_P6_Y5_UO392,RD6_F5_m9f6_P9_Y3_UO300,RD7_F1_m10f9_P10_Y3_UO3,FXX,0,0.0,0,0,0.0,0,0,0,0.0,0.75,1,P9_CV0,1,2,0,1,1
6,6.211338327692949,7.937131414155586,Age0_F6_m6f7_P6_Y5_UO393,RD6_F5_m9f6_P9_Y3_UO300,RD7_F1_m10f9_P10_Y3_UO3,FXX,0,0.0,0,0,0.0,0,0,0,0.0,0.75,1,P9_CV0,1,2,0,1,1
6,6.211338327692949,7.937131414155586,Age0_F6_m6f7_P6_Y5_UO394,RD6_F5_m9f6_P9_Y3_UO300,RD7_F1_m10f9_P10_Y3_UO3,MXY,0,0.0,0,0,0.0,0,0,0,0.0,0.75,1,P9_CV0,1,2,0,1,1
6,6.211338327692949,7.937131414155586,Age0_F6_m6f7_P6_Y5_UO397,RD6_F5_m9f6_P9_Y3_UO300,RD7_F1_m10f9_P10_Y3_UO3,MXY,0,0.0,0,0,0.0,0,0,0,0.0,0.75,1,P9_CV0,1,2,0,1,1
6,6.211338327692949,7.937131414155586,R6_F6_m7f9_P7_Y4_UO669,RD7_F8_m1f2_P1_Y2_UO346,RD9_F8_m4f9_P4_Y2_UO401,MXY,1,0.0,1,1,0.0,0,0,0,-9999.0,0.4375,1,P9_CV0,1,0,2,0,2
6,6.211338327692949,7.937131414155586,R6_F6_m7f5_P7_Y4_UO352,RD7_F8_m2f6_P2_Y2_UO111,RD5_F6_m10f9_P10_Y2_UO283,MXY,1,0.0,1,1,0.0,0,0,0,-9999.0,0.5,1,P9_CV0,1,1,1,0,2
6,6.211338327692949,7.937131414155586,R6_F6_m7f9_P7_Y4_UO653,RD7_F8_m5f6_P5_Y2_UO362,RD9_F7_m4f9_P4_Y2_UO589,FXX,1,0.0,1,1,1.0,0,0,0,-9999.0,0.375,1,P9_CV0,1,0,2,0,2
6,6.211338327692949,7.937131414155586,R6_F6_m8f9_P8_Y4_UO179,RD8_F6_m2f8_P2_Y2_UO176,RD9_F7_m4f9_P4_Y2_UO589,FXX,1,0.0,1,1,1.0,0,0,0,-9999.0,0.3125,1,P9_CV0,1,1,1,1,1
6,6.211338327692949,7.937131414155586,R6_F6_m8f10_P8_Y4_UO187,RD8_F6_m4f7_P4_Y2_UO649,RD10_F1_m10f9_P10_Y2_UO289,FXX,1,0.0,1,1,1.0,0,0,0,-9999.0,0.5625,1,P9_CV0,1,0,2,1,1
6,6.211338327692949,7.937131414155586,R6_F6_m8f10_P8_Y4_UO182,RD8_F6_m4f7_P4_Y2_UO649,RD10_F1_m10f9_P10_Y2_UO289,MXY,1,0.0,1,1,0.0,0,0,0,-9999.0,0.5625,1,P9_CV0,1,1,1,1,1
6,6.211338327692949,7.937131414155586,R6_F6_m2f3_P2_Y4_UO9,RD2_F6_m2f9_P2_Y2_UO11,RD3_F9_m2f6_P2_Y2_UO114,MXY,1,0.0,1,1,0.0,0,0,0,-9999.0,0.3125,1,P9_CV0,1,1,1,1,1
7,1.3457994534493356,7.703671818986196,Age0_F7_m7f9_P7_Y5_UO228,RD7_F2_m1f9_P1_Y3_UO242,RD9_F2_m2f3_P2_Y2_UO353,FXX,0,0.0,0,0,0.0,0,0,0,0.0,0.4375,1,P0_CV0,1,2,0,1,1
7,1.3457994534493356,7.703671818986196,Age0_F7_m7f9_P7_Y5_UO230,RD7_F2_m1f9_P1_Y3_UO242,RD9_F2_m2f3_P2_Y2_UO353,MXY,0,0.0,0,0,0.0,0,0,0,0.0,0.4375,1,P0_CV0,1,2,0,0,2
7,1.3457994534493356,7.703671818986196,Age0_F7_m7f9_P7_Y5_UO231,RD7_F2_m1f9_P1_Y3_UO242,RD9_F2_m2f3_P2_Y2_UO353,FXX,0,0.0,0,0,0.0,0,0,0,0.0,0.4375,1,P0_CV0,1,1,1,0,2
7,1.3457994534493356,7.703671818986196,Age0_F7_m7f9_P7_Y5_UO232,RD7_F2_m1f9_P1_Y3_UO242,RD9_F2_m2f3_P2_Y2_UO353,MXY,0,0.0,0,0,0.0,0,0,0,0.0,0.4375,1,P0_CV0,1,2,0,0,2
7,1.3457994534493356,7.703671818986196,Age0_F7_m7f9_P7_Y5_UO234,RD7_F2_m1f9_P1_Y3_UO242,RD9_F2_m2f3_P2_Y2_UO353,FXX,0,0.0,0,0,0.0,0,0,0,0.0,0.4375,1,P0_CV0,1,1,1,1,1
7,1.3457994534493356,7.703671818986196,Age0_F7_m7f9_P7_Y5_UO238,RD7_F2_m1f9_P1_Y3_UO242,RD9_F2_m2f3_P2_Y2_UO353,MXY,0,0.0,0,0,0.0,0,0,0,0.0,0.4375,1,P0_CV0,1,2,0,0,2
7,1.3457994534493356,7.703671818986196,R7_F7_m4f8_P4_Y4_UO283,RD4_F9_m7f8_P7_Y2_UO707,RD8_F9_m6f5_P6_Y2_UO74,MXY,1,0.0,1,1,0.0,0,0,0,-9999.0,0.5625,1,P0_CV0,1,1,1,1,1
7,1.3457994534493356,7.703671818986196,R7_F7_m8f9_P8_Y4_UO272,RD8_F5_m1f3_P1_Y2_UO393,RD9_F8_m5f2_P5_Y2_UO92,MXY,1,0.0,1,1,0.0,0,0,0,-9999.0,0.5,1,P0_CV0,1,1,1,0,2
7,1.3457994534493356,7.703671818986196,R7_F7_m1f9_P1_Y3_UO242,RD1_F10_m1f10_P1_Y1_UO322,RD9_F1_m8f7_P8_Y0_UO468,FXX,2,0.0,1,0,1.0,0,0,0,-9999.0,0.5,1,P0_CV0,1,1,1,1,1
7,1.3457994534493356,7.703671818986196,R7_F7_m6f3_P6_Y4_UO562,RD6_F9_m6f2_P6_Y2_UO42,RD3_F4_m7f4_P7_Y2_UO28,MXY,1,0.0,1,1,0.0,0,0,0,-9999.0,0.625,1,P1_CV0,1,2,0,1,1
7,1.3457994534493356,7.703671818986196,R7_F7_m4f2_P4_Y4_UO622,RD4_F8_m2f6_P2_Y2_UO522,RD2_F10_m2f9_P2_Y2_UO9,MXY,1,0.0,1,1,0.0,0,0,0,-9999.0,0.5,1,P1_CV0,1,1,1,0,2
7,1.3457994534493356,7.703671818986196,R7_F7_m4f2_P4_Y4_UO626,RD4_F8_m2f6_P2_Y2_UO522,RD2_F10_m2f9_P2_Y2_UO9,MXY,1,0.0,1,1,0.0,0,0,0,-9999.0,0.5,1,P1_CV0,1,1,1,0,2
7,1.3457994534493356,7.703671818986196,R7_F7_m8f6_P8_Y4_UO610,RD8_F4_m7f6_P7_Y2_UO515,RD6_F10_m5f6_P5_Y2_UO370,FXX,1,0.0,1,1,1.0,0,0,0,-9999.0,0.5,1,P1_CV0,1,1,1,1,1
7,1.3457994534493356,7.703671818986196,R7_F7_m2f6_P2_Y4_UO424,RD2_F6_m2f9_P2_Y2_UO11,RD6_F5_m10f9_P10_Y2_UO413,FXX,1,0.0,1,1,1.0,0,0,0,-9999.0,0.5625,1,P1_CV0,1,2,0,1,1
7,1.3457994534493356,7.703671818986196,R7_F7_m8f4_P8_Y4_UO438,RD8_F7_m10f3_P10_Y2_UO125,RD4_F8_m7f6_P7_Y2_UO487,FXX,1,0.0,1,1,1.0,0,0,0,-9999.0,0.5,1,P1_CV0,1,1,1,1,1
7,1.3457994534493356,7.703671818986196,R7_F7_m9f5_P9_Y4_UO643,RD9_F10_m9f2_P9_Y2_UO131,RD5_F10_m6f4_P6_Y2_UO580,FXX,1,0.0,1,1,1.0,0,0,0,-9999.0,0.4375,1,P1_CV0,1,0,2,1,1
7,1.3457994534493356,7.703671818986196,R7_F7_m5f2_P5_Y4_UO407,RD5_F1_m7f6_P7_Y2_UO484,RD2_F3_m1f7_P1_Y2_UO481,FXX,1,0.0,1,1,1.0,0,0,0,-9999.0,0.4375,1,P1_CV0,1,1,1,1,1
7,1.3457994534493356,7.703671818986196,Age0_F7_m7f10_P7_Y5_UO181,RD7_F6_m7f5_P7_Y3_UO260,RD10_F6_m9f10_P9_Y3_UO481,MXY,0,0.0,0,0,0.0,0,0,0,0.0,0.5,1,P2_CV0,1,2,0,1,1
7,1.3457994534493356,7.703671818986196,Age0_F7_m7f10_P7_Y5_UO182,RD7_F6_m7f5_P7_Y3_UO260,RD10_F6_m9f10_P9_Y3_UO481,MXY,0,0.0,0,0,0.0,0,0,0,0.0,0.5,1,P2_CV0,1,1,1,2,0
7,1.3457994534493356,7.703671818986196,Age0_F7_m7f10_P7_Y5_UO184,RD7_F6_m7f5_P7_Y3_UO260,RD10_F6_m9f10_P9_Y3_UO481,FXX,0,0.0,0,0,0.0,0,0,0,0.0,0.5,1,P2_CV0,1,1,1,0,2
7,1.3457994534493356,7.703671818986196,Age0_F7_m7f10_P7_Y5_UO189,RD7_F6_m7f5_P7_Y3_UO260,RD10_F6_m9f10_P9_Y3_UO481,MXY,0,0.0,0,0,0.0,0,0,0,0.0,0.5,1,P2_CV0,1,1,1,1,1
7,1.3457994534493356,7.703671818986196,Age0_F7_m7f9_P7_Y5_UO229,RD7_F2_m1f9_P1_Y3_UO242,RD9_F2_m2f3_P2_Y2_UO353,FXX,0,0.0,0,0,0.0,0,0,0,0.0,0.4375,1,P2_CV0,1,2,0,1,1
7,1.3457994534493356,7.703671818986196,Age0_F7_m7f9_P7_Y5_UO233,RD7_F2_m1f9_P1_Y3_UO242,RD9_F2_m2f3_P2_Y2_UO353,MXY,0,0.0,0,0,0.0,0,0,0,0.0,0.4375,1,P2_CV0,1,2,0,0,2
7,1.3457994534493356,7.703671818986196,Age0_F7_m7f9_P7_Y5_UO235,RD7_F2_m1f9_P1_Y3_UO242,RD9_F2_m2f3_P2_Y2_UO353,FXX,0,0.0,0,0,0.0,0,0,0,0.0,0.4375,1,P2_CV0,1,2,0,0,2
7,1.3457994534493356,7.703671818986196,Age0_F7_m7f9_P7_Y5_UO236,RD7_F2_m1f9_P1_Y3_UO242,RD9_F2_m2f3_P2_Y2_UO353,MXY,0,0.0,0,0,0.0,0,0,0,0.0,0.4375,1,P2_CV0,1,2,0,0,2
7,1.3457994534493356,7.703671818986196,Age0_F7_m7f9_P7_Y5_UO237,RD7_F2_m1f9_P1_Y3_UO242,RD9_F2_m2f3_P2_Y2_UO353,MXY,0,0.0,0,0,0.0,0,0,0,0.0,0.4375,1,P2_CV0,1,1,1,0,2
7,1.3457994534493356,7.703671818986196,R7_F7_m2f5_P2_Y4_UO418,RD2_F10_m1f10_P1_Y2_UO306,RD5_F6_m5f9_P5_Y2_UO390,MXY,1,0.0,1,1,0.0,0,0,0,-9999.0,0.75,1,P2_CV0,1,2,0,1,1
7,1.3457994534493356,7.703671818986196,R7_F7_m4f5_P4_Y4_UO380,RD4_F7_m2f6_P2_Y2_UO666,RD5_F6_m4f8_P4_Y2_UO475,MXY,1,0.0,1,1,0.0,0,0,0,-9999.0,0.5625,1,P2_CV0,1,1,1,1,1
7,1.3457994534493356,7.703671818986196,R7_F7_m4f7_P4_Y4_UO636,RD4_F9_m10f7_P10_Y2_UO147,RD7_F8_m4f6_P4_Y2_UO709,FXX,1,0.0,1,1,1.0,0,0,0,-9999.0,0.625,1,P2_CV0,1,1,1,2,0
7,1.3457994534493356,7.703671818986196,Age0_F7_m7f5_P7_Y5_UO295,RD7_F6_m9f10_P9_Y3_UO55,RD5_F4_m2f6_P2_Y3_UO513,MXY,0,0.0,0,0,0.0,0,0,0,0.0,0.625,1,P4_CV0,1,1,1,1,1
7,1.3457994534493356,7.703671818986196,Age0_F7_m7f5_P7_Y5_UO296,RD7_F6_m9f10_P9_Y3_UO55,RD5_F4_m2f6_P2_Y3_UO513,MXY,0,0.0,0,0,0.0,0,0,0,0.0,0.625,1,P4_CV0,1,2,0,1,1
7,1.3457994534493356,7.703671818986196,Age0_F7_m7f5_P7_Y5_UO297,RD7_F6_m9f10_P9_Y3_UO55,RD5_F4_m2f6_P2_Y3_UO513,FXX,0,0.0,0,0,0.0,0,0,0,0.0,0.625,1,P4_CV0,1,1,1,2,0
7,1.3457994534493356,7.703671818986196,Age0_F7_m7f5_P7_Y5_UO302,RD7_F6_m9f10_P9_Y3_UO55,RD5_F4_m2f6_P2_Y3_UO513,FXX,0,0.0,0,0,0.0,0,0,0,0.0,0.625,1,P4_CV0,1,2,0,1,1
7,1.3457994534493356,7.703671818986196,Age0_F7_m7f5_P7_Y5_UO303,RD7_F6_m9f10_P9_Y3_UO55,RD5_F4_m2f6_P2_Y3_UO513,MXY,0,0.0,0,0,0.0,0,0,0,0.0,0.625,1,P4_CV0,1,1,1,1,1
7,1.3457994534493356,7.703671818986196,R7_F7_m8f4_P8_Y4_UO582,RD8_F6_m2f8_P2_Y2_UO176,RD4_F8_m4f3_P4_Y2_UO16,FXX,1,0.0,1,1,1.0,0,0,0,-9999.0,0.4375,1,P4_CV0,1,2,0,1,1
7,1.3457994534493356,7.703671818986196,R7_F7_m4f8_P4_Y4_UO279,RD4_F9_m7f8_P7_Y2_UO707,RD8_F9_m6f5_P6_Y2_UO74,MXY,1,0.0,1,1,0.0,0,0,0,-9999.0,0.5625,1,P4_CV0,1,1,1,1,1
7,1.3457994534493356,7.703671818986196,R7_F7_m2f9_P2_Y4_UO300,RD2_F8_m6f10_P6_Y2_UO533,RD9_F2_m1f10_P1_Y2_UO225,MXY,1,0.0,1,1,0.0,0,0,0,-9999.0,0.625,1,P4_CV0,1,2,0,2,0
7,1.3457994534493356,7.703671818986196,R7_F7_m2f10_P2_Y4_UO39,RD2_F8_m6f10_P6_Y2_UO533,RD10_F2_m1f10_P1_Y2_UO223,MXY,1,0.0,1,1,0.0,0,0,0,-9999.0,0.625,1,P4_CV0,1,2,0,2,0
7,1.3457994534493356,7.703671818986196,R7_F7_m1f5_P1_Y4_UO4,RD1_F2_m9f6_P9_Y2_UO547,RD5_F6_m5f9_P5_Y2_UO390,MXY,1,0.0,1,1,0.0,0,0,0,-9999.0,0.625,1,P4_CV0,1,2,0,1,1
7,1.3457994534493356,7.703671818986196,R7_F7_m7f8_P7_Y3_UO251,RD7_F9_m2f9_P2_Y1_UO28,RD8_F3_m10f1_P10_Y1_UO264,MXY,2,0.0,1,0,0.0,0,0,0,-9999.0,0.25,1,P4_CV0,1,1,1,2,0
7,1.3457994534493356,7.703671818986196,R7_F7_m2f1_P2_Y2_UO294,RD2_F9_m2f10_P2_Y0_UO393,RD1_F9_m5f2_P5_Y0_UO77,MXY,3,0.0,1,0,0.0,0,0,0,-9999.0,0.625,1,P4_CV0,1,1,1,1,1
7,1.3457994534493356,7.703671818986196,R7_F7_m8f4_P8_Y4_UO54,RD8_F4_m3f9_P3_Y2_UO617,RD4_F8_m4f3_P4_Y2_UO16,MXY,1,0.0,1,1,0.0,0,0,0,-9999.0,0.4375,1,P5_CV0,1,0,2,2,0
7,1.3457994534493356,7.703671818986196,R7_F7_m8f7_P8_Y4_UO328,RD8_F9_m2f5_P2_Y2_UO681,RD7_F8_m4f6_P4_Y2_UO709,MXY,1,0.0,1,1,0.0,0,0,0,-9999.0,0.5625,1,P5_CV0,1,1,1,1,1
7,1.3457994534493356,7.703671818986196,R7_F7_m5f1_P5_Y4_UO531,RD5_F1_m10f3_P10_Y2_UO122,RD1_F7_m6f5_P6_Y0_UO482,FXX,1,0.0,1,1,1.0,0,0,0,-9999.0,0.375,1,P5_CV0,1,1,1,2,0
7,1.3457994534493356,7.703671818986196,R7_F7_m2f6_P2_Y4_UO250,RD2_F1_m3f9_P3_Y2_UO612,RD6_F10_m5f6_P5_Y2_UO370,FXX,1,0.0,1,1,1.0,0,0,0,-9999.0,0.4375,1,P5_CV0,1,1,1,1,1
7,1.3457994534493356,7.703671818986196,R7_F7_m9f2_P9_Y4_UO173,RD9_F8_m2f3_P2_Y2_UO527,RD2_F8_m2f3_P2_Y2_UO353,FXX,1,0.0,1,1,1.0,0,0,0,-9999.0,0.375,1,P5_CV0,1,2,0,1,1
7,1.3457994534493356,7.703671818986196,R7_F7_m9f2_P9_Y4_UO628,RD9_F8_m6f8_P6_Y2_UO248,RD2_F8_m2f7_P2_Y2_UO272,FXX,1,0.0,1,1,1.0,0,0,0,-9999.0,0.4375,1,P5_CV0,1,1,1,2,0
7,1.3457994534493356,7.703671818986196,R7_F7_m9f10_P9_Y3_UO67,RD9_F2_m7f2_P7_Y1_UO478,RD10_F2_m3f2_P3_Y1_UO48,FXX,2,0.0,1,0,1.0,0,0,0,-9999.0,0.75,1,P5_CV0,1,2,0,1,1
7,1.3457994534493356,7.703671818986196,Age0_F7_m7f5_P7_Y5_UO293,RD7_F6_m9f10_P9_Y3_UO55,RD5_F4_m2f6_P2_Y3_UO513,FXX,0,0.0,0,0,0.0,0,0,0,0.0,0.625,1,P6_CV0,1,2,0,2,0
7,1.3457994534493356,7.703671818986196,Age0_F7_m7f5_P7_Y5_UO294,RD7_F6_m9f10_P9_Y3_UO55,RD5_F4_m2f6_P2_Y3_UO513,FXX,0,0.0,0,0,0.0,0,0,0,0.0,0.625,1,P6_CV0,1,2,0,1,1
7,1.3457994534493356,7.703671818986196,Age0_F7_m7f5_P7_Y5_UO298,RD7_F6_m9f10_P9_Y3_UO55,RD5_F4_m2f6_P2_Y3_UO513,MXY,0,0.0,0,0,0.0,0,0,0,0.0,0.625,1,P6_CV0,1,1,1,2,0
7,1.3457994534493356,7.703671818986196,Age0_F7_m7f5_P7_Y5_UO299,RD7_F6_m9f10_P9_Y3_UO55,RD5_F4_m2f6_P2_Y3_UO513,MXY,0,0.0,0,0,0.0,0,0,0,0.0,0.625,1,P6_CV0,1,2,0,1,1
7,1.3457994534493356,7.703671818986196,Age0_F7_m7f5_P7_Y5_UO300,RD7_F6_m9f10_P9_Y3_UO55,RD5_F4_m2f6_P2_Y3_UO513,FXX,0,0.0,0,0,0.0,0,0,0,0.0,0.625,1,P6_CV0,1,2,0,2,0
7,1.3457994534493356,7.703671818986196,Age0_F7_m7f5_P7_Y5_UO301,RD7_F6_m9f10_P9_Y3_UO55,RD5_F4_m2f6_P2_Y3_UO513,FXX,0,0.0,0,0,0.0,0,0,0,0.0,0.625,1,P6_CV0,1,2,0,1,1
7,1.3457994534493356,7.703671818986196,R7_F7_m6f3_P6_Y4_UO99,RD6_F9_m2f8_P2_Y2_UO380,RD3_F4_m8f2_P8_Y2_UO459,FXX,1,0.0,1,1,1.0,0,0,0,-9999.0,0.5,1,P6_CV0,1,1,1,2,0
7,1.3457994534493356,7.703671818986196,R7_F7_m5f2_P5_Y4_UO712,RD5_F6_m9f3_P9_Y2_UO651,RD2_F4_m8f7_P8_Y2_UO489,MXY,1,0.0,1,1,0.0,0,0,0,-9999.0,0.6875,1,P6_CV0,1,2,0,1,1
7,1.3457994534493356,7.703671818986196,R7_F7_m5f3_P5_Y4_UO332,RD5_F9_m6f10_P6_Y2_UO699,RD3_F6_m7f9_P7_Y2_UO255,MXY,1,0.0,1,1,0.0,0,0,0,-9999.0,0.375,1,P6_CV0,1,0,2,0,2
7,1.3457994534493356,7.703671818986196,R7_F7_m9f6_P9_Y4_UO238,RD9_F10_m7f2_P7_Y2_UO503,RD6_F9_m3f8_P3_Y2_UO361,MXY,1,0.0,1,1,0.0,0,0,0,-9999.0,0.5625,1,P6_CV0,1,1,1,1,1
7,1.3457994534493356,7.703671818986196,R7_F7_m2f3_P2_Y3_UO476,RD2_F5_m8f7_P8_Y1_UO532,RD3_F7_m9f2_P9_Y1_UO518,FXX,2,0.0,1,0,1.0,0,0,0,-9999.0,0.375,1,P6_CV0,1,1,1,0,2
7,1.3457994534493356,7.703671818986196,R7_F7_m9f10_P9_Y3_UO55,RD9_F2_m7f2_P7_Y1_UO478,RD10_F2_m3f2_P3_Y1_UO48,FXX,2,0.0,1,0,1.0,0,0,0,-9999.0,0.75,1,P6_CV0,1,2,0,1,1
7,1.3457994534493356,7.703671818986196,R7_F7_m10f5_P10_Y3_UO371,RD10_F9_m2f3_P2_Y1_UO190,RD5_F1_m3f2_P3_Y1_UO50,FXX,2,0.0,1,0,1.0,0,0,0,-9999.0,0.875,1,P6_CV0,1,2,0,2,0
7,1.3457994534493356,7.703671818986196,R7_F7_m8f2_P8_Y2_UO457,RD8_F7_m6f4_P6_Y0_UO725,RD2_F6_m9f7_P9_Y0_UO138,MXY,3,0.0,1,0,0.0,0,0,0,-9999.0,0.5,1,P6_CV0,1,1,1,1,1
7,1.3457994534493356,7.703671818986196,R7_F7_m3f2_P3_Y4_UO599,RD3_F2_m5f6_P5_Y2_UO592,RD2_F8_m6f9_P6_Y2_UO731,MXY,1,0.0,1,1,0.0,0,0,0,-9999.0,0.5625,1,P7_CV0,1,1,1,0,2
7,1.3457994534493356,7.703671818986196,R7_F7_m5f8_P5_Y4_UO45,RD5_F6_m9f3_P9_Y2_UO651,RD8_F9_m4f6_P4_Y2_UO711,FXX,1,0.0,1,1,1.0,0,0,0,-9999.0,0.5625,1,P7_CV0,1,1,1,1,1
7,1.3457994534493356,7.703671818986196,R7_F7_m4f2_P4_Y4_UO461,RD4_F10_m1f5_P1_Y2_UO58,RD2_F8_m6f9_P6_Y2_UO731,MXY,1,0.0,1,1,0.0,0,0,0,-9999.0,0.4375,1,P7_CV0,1,0,2,1,1
7,1.3457994534493356,7.703671818986196,R7_F7_m8f5_P8_Y4_UO584,RD8_F4_m5f7_P5_Y2_UO430,RD5_F9_m10f9_P10_Y2_UO285,FXX,1,0.0,1,1,1.0,0,0,0,-9999.0,0.625,1,P7_CV0,1,2,0,1,1
7,1.3457994534493356,7.703671818986196,R7_F7_m4f7_P4_Y4_UO558,RD4_F8_m6f2_P6_Y2_UO725,RD7_F8_m10f3_P10_Y2_UO117,MXY,1,0.0,1,1,0.0,0,0,0,-9999.0,0.5625,1,P7_CV0,1,1,1,1,1
7,1.3457994534493356,7.703671818986196,R7_F7_m9f2_P9_Y4_UO12,RD9_F4_m8f4_P8_Y2_UO324,RD2_F1_m10f9_P10_Y2_UO418,FXX,1,0.0,1,1,1.0,0,0,0,-9999.0,0.6875,1,P7_CV0,1,1,1,1,1
7,1.3457994534493356,7.703671818986196,R7_F7_m4f2_P4_Y4_UO460,RD4_F10_m1f5_P1_Y2_UO58,RD2_F8_m6f9_P6_Y2_UO731,MXY,1,0.0,1,1,0.0,0,0,0,-9999.0,0.4375,1,P7_CV0,1,0,2,1,1
7,1.3457994534493356,7.703671818986196,R7_F7_m2f1_P2_Y3_UO145,RD2_F10_m7f3_P7_Y1_UO152,RD1_F10_m4f1_P4_Y1_UO419,FXX,2,0.0,1,0,1.0,0,0,0,-9999.0,0.5,1,P7_CV0,1,0,2,1,1
7,1.3457994534493356,7.703671818986196,Age0_F7_m7f4_P7_Y5_UO268,RD7_F10_m4f8_P4_Y3_UO232,RD4_F8_m2f5_P2_Y3_UO12,FXX,0,0.0,0,0,0.0,0,0,0,0.0,0.3125,1,P8_CV0,1,0,2,0,2
7,1.3457994534493356,7.703671818986196,Age0_F7_m7f4_P7_Y5_UO269,RD7_F10_m4f8_P4_Y3_UO232,RD4_F8_m2f5_P2_Y3_UO12,FXX,0,0.0,0,0,0.0,0,0,0,0.0,0.3125,1,P8_CV0,1,1,1,0,2
7,1.3457994534493356,7.703671818986196,Age0_F7_m7f4_P7_Y5_UO270,RD7_F10_m4f8_P4_Y3_UO232,RD4_F8_m2f5_P2_Y3_UO12,FXX,0,0.0,0,0,0.0,0,0,0,0.0,0.3125,1,P8_CV0,1,1,1,0,2
7,1.3457994534493356,7.703671818986196,Age0_F7_m7f4_P7_Y5_UO271,RD7_F10_m4f8_P4_Y3_UO232,RD4_F8_m2f5_P2_Y3_UO12,FXX,0,0.0,0,0,0.0,0,0,0,0.0,0.3125,1,P8_CV0,1,1,1,0,2
7,1.3457994534493356,7.703671818986196,Age0_F7_m7f4_P7_Y5_UO272,RD7_F10_m4f8_P4_Y3_UO232,RD4_F8_m2f5_P2_Y3_UO12,FXX,0,0.0,0,0,0.0,0,0,0,0.0,0.3125,1,P8_CV0,1,0,2,1,1
7,1.3457994534493356,7.703671818986196,Age0_F7_m7f4_P7_Y5_UO273,RD7_F10_m4f8_P4_Y3_UO232,RD4_F8_m2f5_P2_Y3_UO12,FXX,0,0.0,0,0,0.0,0,0,0,0.0,0.3125,1,P8_CV0,1,0,2,1,1
7,1.3457994534493356,7.703671818986196,R7_F7_m4f9_P4_Y4_UO776,RD4_F7_m9f3_P9_Y2_UO655,RD9_F7_m9f2_P9_Y2_UO242,FXX,1,0.0,1,1,1.0,0,0,0,-9999.0,0.625,1,P8_CV0,1,2,0,1,1
7,1.3457994534493356,7.703671818986196,R7_F7_m4f9_P4_Y4_UO773,RD4_F7_m9f3_P9_Y2_UO655,RD9_F7_m9f2_P9_Y2_UO242,FXX,1,0.0,1,1,1.0,0,0,0,-9999.0,0.625,1,P8_CV0,1,2,0,1,1
7,1.3457994534493356,7.703671818986196,R7_F7_m8f6_P8_Y4_UO765,RD8_F4_m3f4_P3_Y2_UO440,RD6_F9_m2f5_P2_Y2_UO529,FXX,1,0.0,1,1,1.0,0,0,0,-9999.0,0.375,1,P8_CV0,1,1,1,0,2
7,1.3457994534493356,7.703671818986196,R7_F7_m2f10_P2_Y4_UO319,RD2_F9_m6f9_P6_Y2_UO728,RD10_F2_m3f4_P3_Y2_UO566,MXY,1,0.0,1,1,0.0,0,0,0,-9999.0,0.4375,1,P8_CV0,1,1,1,0,2
7,1.3457994534493356,7.703671818986196,R7_F7_m8f7_P8_Y4_UO266,RD8_F6_m2f8_P2_Y2_UO176,RD7_F2_m4f9_P4_Y2_UO590,FXX,1,0.0,1,1,1.0,0,0,0,-9999.0,0.3125,1,P8_CV0,1,1,1,1,1
7,1.3457994534493356,7.703671818986196,R7_F7_m4f9_P4_Y4_UO774,RD4_F7_m9f3_P9_Y2_UO655,RD9_F7_m9f2_P9_Y2_UO242,FXX,1,0.0,1,1,1.0,0,0,0,-9999.0,0.625,1,P8_CV0,1,2,0,0,2
7,1.3457994534493356,7.703671818986196,R7_F7_m4f8_P4_Y3_UO232,RD4_F7_m6f9_P6_Y1_UO139,RD8_F7_m9f2_P9_Y1_UO519,FXX,2,0.0,1,0,1.0,0,0,0,-9999.0,0.375,1,P8_CV0,1,0,2,0,2
7,1.3457994534493356,7.703671818986196,Age0_F7_m7f10_P7_Y5_UO179,RD7_F6_m7f5_P7_Y3_UO260,RD10_F6_m9f10_P9_Y3_UO481,MXY,0,0.0,0,0,0.0,0,0,0,0.0,0.5,1,P9_CV0,1,1,1,2,0
7,1.3457994534493356,7.703671818986196,Age0_F7_m7f10_P7_Y5_UO180,RD7_F6_m7f5_P7_Y3_UO260,RD10_F6_m9f10_P9_Y3_UO481,FXX,0,0.0,0,0,0.0,0,0,0,0.0,0.5,1,P9_CV0,1,1,1,1,1
7,1.3457994534493356,7.703671818986196,Age0_F7_m7f10_P7_Y5_UO183,RD7_F6_m7f5_P7_Y3_UO260,RD10_F6_m9f10_P9_Y3_UO481,MXY,0,0.0,0,0,0.0,0,0,0,0.0,0.5,1,P9_CV0,1,1,1,2,0
7,1.3457994534493356,7.703671818986196,Age0_F7_m7f10_P7_Y5_UO185,RD7_F6_m7f5_P7_Y3_UO260,RD10_F6_m9f10_P9_Y3_UO481,MXY,0,0.0,0,0,0.0,0,0,0,0.0,0.5,1,P9_CV0,1,2,0,0,2
7,1.3457994534493356,7.703671818986196,Age0_F7_m7f10_P7_Y5_UO186,RD7_F6_m7f5_P7_Y3_UO260,RD10_F6_m9f10_P9_Y3_UO481,MXY,0,0.0,0,0,0.0,0,0,0,0.0,0.5,1,P9_CV0,1,2,0,1,1
7,1.3457994534493356,7.703671818986196,Age0_F7_m7f10_P7_Y5_UO187,RD7_F6_m7f5_P7_Y3_UO260,RD10_F6_m9f10_P9_Y3_UO481,FXX,0,0.0,0,0,0.0,0,0,0,0.0,0.5,1,P9_CV0,1,1,1,1,1
7,1.3457994534493356,7.703671818986196,Age0_F7_m7f10_P7_Y5_UO188,RD7_F6_m7f5_P7_Y3_UO260,RD10_F6_m9f10_P9_Y3_UO481,MXY,0,0.0,0,0,0.0,0,0,0,0.0,0.5,1,P9_CV0,1,0,2,0,2
7,1.3457994534493356,7.703671818986196,Age0_F7_m7f4_P7_Y5_UO266,RD7_F10_m4f8_P4_Y3_UO232,RD4_F8_m2f5_P2_Y3_UO12,FXX,0,0.0,0,0,0.0,0,0,0,0.0,0.3125,1,P9_CV0,1,1,1,1,1
7,1.3457994534493356,7.703671818986196,Age0_F7_m7f4_P7_Y5_UO267,RD7_F10_m4f8_P4_Y3_UO232,RD4_F8_m2f5_P2_Y3_UO12,MXY,0,0.0,0,0,0.0,0,0,0,0.0,0.3125,1,P9_CV0,1,1,1,0,2
7,1.3457994534493356,7.703671818986196,Age0_F7_m7f4_P7_Y5_UO274,RD7_F10_m4f8_P4_Y3_UO232,RD4_F8_m2f5_P2_Y3_UO12,FXX,0,0.0,0,0,0.0,0,0,0,0.0,0.3125,1,P9_CV0,1,0,2,0,2
7,1.3457994534493356,7.703671818986196,Age0_F7_m7f4_P7_Y5_UO275,RD7_F10_m4f8_P4_Y3_UO232,RD4_F8_m2f5_P2_Y3_UO12,MXY,0,0.0,0,0,0.0,0,0,0,0.0,0.3125,1,P9_CV0,1,1,1,0,2
7,1.3457994534493356,7.703671818986196,R7_F7_m3f1_P3_Y4_UO664,RD3_F4_m9f6_P9_Y2_UO551,RD1_F3_m4f9_P4_Y2_UO587,MXY,1,0.0,1,1,0.0,0,0,0,-9999.0,0.375,1,P9_CV0,1,2,0,2,0
7,1.3457994534493356,7.703671818986196,R7_F7_m8f10_P8_Y4_UO186,RD8_F6_m4f7_P4_Y2_UO649,RD10_F1_m10f9_P10_Y2_UO289,MXY,1,0.0,1,1,0.0,0,0,0,-9999.0,0.5625,1,P9_CV0,1,0,2,0,2
7,1.3457994534493356,7.703671818986196,R7_F7_m2f9_P2_Y4_UO485,RD2_F5_m2f6_P2_Y2_UO113,RD9_F7_m2f10_P2_Y1_UO227,FXX,1,0.0,1,1,1.0,0,0,0,-9999.0,0.5,1,P9_CV0,1,1,1,0,2
7,1.3457994534493356,7.703671818986196,R7_F7_m5f8_P5_Y4_UO539,RD5_F9_m8f6_P8_Y2_UO376,RD8_F3_m1f3_P1_Y2_UO395,FXX,1,0.0,1,1,1.0,0,0,0,-9999.0,0.4375,1,P9_CV0,1,1,1,1,1
7,1.3457994534493356,7.703671818986196,R7_F7_m3f9_P3_Y4_UO449,RD3_F8_m7f4_P7_Y2_UO30,RD9_F7_m4f9_P4_Y2_UO589,FXX,1,0.0,1,1,1.0,0,0,0,-9999.0,0.375,1,P9_CV0,1,0,2,1,1
7,1.3457994534493356,7.703671818986196,R7_F7_m10f9_P10_Y3_UO3,RD10_F5_m3f1_P3_Y1_UO175,RD9_F6_m7f2_P7_Y1_UO166,MXY,2,0.0,1,0,0.0,0,0,0,-9999.0,0.625,1,P9_CV0,1,2,0,2,0
8,1.8443986564691528,11.780027217250101,R8_F8_m3f10_P3_Y4_UO566,RD3_F4_m9f2_P9_Y2_UO260,RD10_F8_m9f6_P9_Y2_UO548,MXY,1,0.0,1,1,0.0,0,0,0,-9999.0,0.5625,1,P0_CV0,1,2,0,1,1
8,1.8443986564691528,11.780027217250101,R8_F8_m6f3_P6_Y4_UO120,RD6_F8_m4f2_P4_Y2_UO623,RD3_F5_m1f3_P1_Y2_UO384,FXX,1,0.0,1,1,1.0,0,0,0,-9999.0,0.375,1,P0_CV0,1,0,2,0,2
8,1.8443986564691528,11.780027217250101,R8_F8_m4f8_P4_Y4_UO189,RD4_F9_m10f7_P10_Y2_UO147,RD8_F9_m6f5_P6_Y2_UO74,MXY,1,0.0,1,1,0.0,0,0,0,-9999.0,0.5,1,P0_CV0,1,1,1,1,1
8,1.8443986564691528,11.780027217250101,R8_F8_m4f10_P4_Y3_UO460,RD4_F7_m2f10_P2_Y1_UO228,RD10_F1_m1f10_P1_Y0_UO730,MXY,2,0.0,1,0,0.0,0,0,0,-9999.0,0.625,1,P0_CV0,1,2,0,0,2
8,1.8443986564691528,11.780027217250101,Age0_F8_m8f6_P8_Y5_UO209,RD8_F10_m5f8_P5_Y3_UO218,RD6_F8_m4f6_P4_Y3_UO535,FXX,0,0.0,0,0,0.0,0,0,0,0.0,0.5625,1,P1_CV0,1,0,2,2,0
8,1.8443986564691528,11.780027217250101,Age0_F8_m8f6_P8_Y5_UO210,RD8_F10_m5f8_P5_Y3_UO218,RD6_F8_m4f6_P4_Y3_UO535,MXY,0,0.0,0,0,0.0,0,0,0,0.0,0.5625,1,P1_CV0,1,1,1,1,1
8,1.8443986564691528,11.780027217250101,Age0_F8_m8f6_P8_Y5_UO211,RD8_F10_m5f8_P5_Y3_UO218,RD6_F8_m4f6_P4_Y3_UO535,FXX,0,0.0,0,0,0.0,0,0,0,0.0,0.5625,1,P1_CV0,1,1,1,1,1
8,1.8443986564691528,11.780027217250101,Age0_F8_m8f6_P8_Y5_UO213,RD8_F10_m5f8_P5_Y3_UO218,RD6_F8_m4f6_P4_Y3_UO535,MXY,0,0.0,0,0,0.0,0,0,0,0.0,0.5625,1,P1_CV0,1,0,2,2,0
8,1.8443986564691528,11.780027217250101,Age0_F8_m8f6_P8_Y5_UO218,RD8_F10_m5f8_P5_Y3_UO218,RD6_F8_m4f6_P4_Y3_UO535,FXX,0,0.0,0,0,0.0,0,0,0,0.0,0.5625,1,P1_CV0,1,1,1,1,1
8,1.8443986564691528,11.780027217250101,Age0_F8_m8f6_P8_Y5_UO219,RD8_F10_m5f8_P5_Y3_UO218,RD6_F8_m4f6_P4_Y3_UO535,MXY,0,0.0,0,0,0.0,0,0,0,0.0,0.5625,1,P1_CV0,1,1,1,1,1
8,1.8443986564691528,11.780027217250101,Age0_F8_m8f6_P8_Y5_UO251,RD8_F9_m2f6_P2_Y3_UO344,RD6_F3_m4f8_P4_Y3_UO233,FXX,0,0.0,0,0,0.0,0,0,0,0.0,0.625,1,P1_CV0,1,1,1,1,1
8,1.8443986564691528,11.780027217250101,R8_F8_m9f4_P9_Y4_UO696,RD9_F4_m8f2_P8_Y2_UO388,RD4_F8_m7f5_P7_Y2_UO691,MXY,1,0.0,1,1,0.0,0,0,0,-9999.0,0.5,1,P1_CV0,1,0,2,2,0
8,1.8443986564691528,11.780027217250101,R8_F8_m4f9_P4_Y4_UO782,RD4_F7_m4f7_P4_Y2_UO309,RD9_F7_m4f9_P4_Y2_UO589,MXY,1,0.0,1,1,0.0,0,0,0,-9999.0,0.4375,1,P1_CV0,1,0,2,2,0
8,1.8443986564691528,11.780027217250101,R8_F8_m3f7_P3_Y4_UO756,RD3_F2_m5f6_P5_Y2_UO592,RD7_F5_m10f3_P10_Y2_UO121,FXX,1,0.0,1,1,1.0,0,0,0,-9999.0,0.5625,1,P1_CV0,1,1,1,0,2
8,1.8443986564691528,11.780027217250101,R8_F8_m4f7_P4_Y4_UO214,RD4_F7_m4f7_P4_Y2_UO309,RD7_F8_m2f5_P2_Y2_UO530,FXX,1,0.0,1,1,1.0,0,0,0,-9999.0,0.5625,1,P1_CV0,1,1,1,0,2
8,1.8443986564691528,11.780027217250101,R8_F8_m9f2_P9_Y4_UO111,RD9_F2_m9f2_P9_Y2_UO680,RD2_F9_m1f8_P1_Y2_UO560,FXX,1,0.0,1,1,1.0,0,0,0,-9999.0,0.3125,1,P1_CV0,1,1,1,1,1
8,1.8443986564691528,11.780027217250101,R8_F8_m7f8_P7_Y4_UO291,RD7_F8_m2f6_P2_Y2_UO111,RD8_F4_m3f1_P3_Y2_UO274,MXY,1,0.0,1,1,0.0,0,0,0,-9999.0,0.3125,1,P1_CV0,1,0,2,0,2
8,1.8443986564691528,11.780027217250101,R8_F8_m4f2_P4_Y4_UO619,RD4_F9_m10f7_P10_Y2_UO147,RD2_F7_m3f4_P3_Y2_UO570,FXX,1,0.0,1,1,1.0,0,0,0,-9999.0,0.5,1,P1_CV0,1,0,2,1,1
8,1.8443986564691528,11.780027217250101,R8_F8_m7f1_P7_Y4_UO715,RD7_F8_m2f5_P2_Y2_UO531,RD1_F5_m3f1_P3_Y2_UO193,FXX,1,0.0,1,1,1.0,0,0,0,-9999.0,0.5,1,P1_CV0,1,2,0,0,2
8,1.8443986564691528,11.780027217250101,R8_F8_m2f6_P2_Y4_UO252,RD2_F1_m3f9_P3_Y2_UO612,RD6_F10_m5f6_P5_Y2_UO370,MXY,1,0.0,1,1,0.0,0,0,0,-9999.0,0.4375,1,P1_CV0,1,1,1,2,0
8,1.8443986564691528,11.780027217250101,R8_F8_m10f3_P10_Y2_UO117,RD10_F3_m8f7_P8_Y0_UO466,RD3_F5_m4f2_P4_Y0_UO441,MXY,3,0.0,1,0,0.0,0,0,0,-9999.0,0.5,1,P1_CV0,1,1,1,1,1
8,1.8443986564691528,11.780027217250101,R8_F8_m4f7_P4_Y4_UO637,RD4_F9_m10f7_P10_Y2_UO147,RD7_F8_m4f6_P4_Y2_UO709,FXX,1,0.0,1,1,1.0,0,0,0,-9999.0,0.625,1,P2_CV0,1,0,2,2,0
8,1.8443986564691528,11.780027217250101,R8_F8_m4f5_P4_Y4_UO382,RD4_F7_m2f6_P2_Y2_UO666,RD5_F6_m4f8_P4_Y2_UO475,FXX,1,0.0,1,1,1.0,0,0,0,-9999.0,0.5625,1,P2_CV0,1,1,1,2,0
8,1.8443986564691528,11.780027217250101,R8_F8_m4f8_P4_Y4_UO191,RD4_F9_m10f7_P10_Y2_UO147,RD8_F9_m6f5_P6_Y2_UO74,MXY,1,0.0,1,1,0.0,0,0,0,-9999.0,0.5,1,P2_CV0,1,0,2,1,1
8,1.8443986564691528,11.780027217250101,R8_F8_m6f3_P6_Y4_UO119,RD6_F8_m4f2_P4_Y2_UO623,RD3_F5_m1f3_P1_Y2_UO384,FXX,1,0.0,1,1,1.0,0,0,0,-9999.0,0.375,1,P2_CV0,1,0,2,0,2
8,1.8443986564691528,11.780027217250101,R8_F8_m4f5_P4_Y4_UO381,RD4_F7_m2f6_P2_Y2_UO666,RD5_F6_m4f8_P4_Y2_UO475,MXY,1,0.0,1,1,0.0,0,0,0,-9999.0,0.5625,1,P2_CV0,1,1,1,0,2
8,1.8443986564691528,11.780027217250101,R8_F8_m4f2_P4_Y4_UO616,RD4_F9_m10f7_P10_Y2_UO147,RD2_F7_m3f4_P3_Y2_UO570,MXY,1,0.0,1,1,0.0,0,0,0,-9999.0,0.5,1,P2_CV0,1,1,1,1,1
8,1.8443986564691528,11.780027217250101,R8_F8_m9f3_P9_Y4_UO256,RD9_F4_m2f10_P2_Y2_UO647,RD3_F1_m6f4_P6_Y2_UO329,MXY,1,0.0,1,1,0.0,0,0,0,-9999.0,0.625,1,P2_CV0,1,2,0,1,1
8,1.8443986564691528,11.780027217250101,Age0_F8_m8f3_P8_Y5_UO105,RD8_F4_m5f2_P5_Y3_UO424,RD3_F10_m3f2_P3_Y3_UO81,MXY,0,0.0,0,0,0.0,0,0,0,0.0,0.5625,1,P4_CV0,1,2,0,0,2
8,1.8443986564691528,11.780027217250101,Age0_F8_m8f3_P8_Y5_UO106,RD8_F4_m5f2_P5_Y3_UO424,RD3_F10_m3f2_P3_Y3_UO81,MXY,0,0.0,0,0,0.0,0,0,0,0.0,0.5625,1,P4_CV0,1,2,0,0,2
8,1.8443986564691528,11.780027217250101,Age0_F8_m8f3_P8_Y5_UO111,RD8_F4_m5f2_P5_Y3_UO424,RD3_F10_m3f2_P3_Y3_UO81,FXX,0,0.0,0,0,0.0,0,0,0,0.0,0.5625,1,P4_CV0,1,2,0,0,2
8,1.8443986564691528,11.780027217250101,Age0_F8_m8f3_P8_Y5_UO113,RD8_F4_m5f2_P5_Y3_UO424,RD3_F10_m3f2_P3_Y3_UO81,FXX,0,0.0,0,0,0.0,0,0,0,0.0,0.5625,1,P4_CV0,1,2,0,1,1
8,1.8443986564691528,11.780027217250101,Age0_F8_m8f6_P8_Y5_UO207,RD8_F10_m5f8_P5_Y3_UO218,RD6_F8_m4f6_P4_Y3_UO535,MXY,0,0.0,0,0,0.0,0,0,0,0.0,0.5625,1,P4_CV0,1,1,1,2,0
8,1.8443986564691528,11.780027217250101,Age0_F8_m8f6_P8_Y5_UO208,RD8_F10_m5f8_P5_Y3_UO218,RD6_F8_m4f6_P4_Y3_UO535,FXX,0,0.0,0,0,0.0,0,0,0,0.0,0.5625,1,P4_CV0,1,0,2,1,1
8,1.8443986564691528,11.780027217250101,Age0_F8_m8f6_P8_Y5_UO212,RD8_F10_m5f8_P5_Y3_UO218,RD6_F8_m4f6_P4_Y3_UO535,MXY,0,0.0,0,0,0.0,0,0,0,0.0,0.5625,1,P4_CV0,1,1,1,1,1
8,1.8443986564691528,11.780027217250101,Age0_F8_m8f6_P8_Y5_UO214,RD8_F10_m5f8_P5_Y3_UO218,RD6_F8_m4f6_P4_Y3_UO535,FXX,0,0.0,0,0,0.0,0,0,0,0.0,0.5625,1,P4_CV0,1,0,2,2,0
8,1.8443986564691528,11.780027217250101,Age0_F8_m8f6_P8_Y5_UO215,RD8_F10_m5f8_P5_Y3_UO218,RD6_F8_m4f6_P4_Y3_UO535,FXX,0,0.0,0,0,0.0,0,0,0,0.0,0.5625,1,P4_CV0,1,1,1,2,0
8,1.8443986564691528,11.780027217250101,Age0_F8_m8f6_P8_Y5_UO216,RD8_F10_m5f8_P5_Y3_UO218,RD6_F8_m4f6_P4_Y3_UO535,MXY,0,0.0,0,0,0.0,0,0,0,0.0,0.5625,1,P4_CV0,1,0,2,1,1
8,1.8443986564691528,11.780027217250101,Age0_F8_m8f6_P8_Y5_UO217,RD8_F10_m5f8_P5_Y3_UO218,RD6_F8_m4f6_P4_Y3_UO535,FXX,0,0.0,0,0,0.0,0,0,0,0.0,0.5625,1,P4_CV0,1,0,2,1,1
8,1.8443986564691528,11.780027217250101,Age0_F8_m8f6_P8_Y5_UO220,RD8_F10_m5f8_P5_Y3_UO218,RD6_F8_m4f6_P4_Y3_UO535,MXY,0,0.0,0,0,0.0,0,0,0,0.0,0.5625,1,P4_CV0,1,0,2,2,0
8,1.8443986564691528,11.780027217250101,Age0_F8_m8f9_P8_Y5_UO369,RD8_F10_m5f8_P5_Y3_UO218,RD9_F6_m10f6_P10_Y3_UO539,MXY,0,0.0,0,0,0.0,0,0,0,0.0,0.5625,1,P4_CV0,1,0,2,0,2
8,1.8443986564691528,11.780027217250101,Age0_F8_m8f9_P8_Y5_UO370,RD8_F10_m5f8_P5_Y3_UO218,RD9_F6_m10f6_P10_Y3_UO539,FXX,0,0.0,0,0,0.0,0,0,0,0.0,0.5625,1,P4_CV0,1,2,0,2,0
8,1.8443986564691528,11.780027217250101,Age0_F8_m8f9_P8_Y5_UO377,RD8_F10_m5f8_P5_Y3_UO218,RD9_F6_m10f6_P10_Y3_UO539,FXX,0,0.0,0,0,0.0,0,0,0,0.0,0.5625,1,P4_CV0,1,0,2,0,2
8,1.8443986564691528,11.780027217250101,Age0_F8_m8f7_P8_Y5_UO416,RD8_F10_m5f8_P5_Y3_UO218,RD7_F8_m2f1_P2_Y2_UO294,FXX,0,0.0,0,0,0.0,0,0,0,0.0,0.5625,1,P4_CV0,1,1,1,0,2
8,1.8443986564691528,11.780027217250101,Age0_F8_m8f7_P8_Y5_UO417,RD8_F10_m5f8_P5_Y3_UO218,RD7_F8_m2f1_P2_Y2_UO294,MXY,0,0.0,0,0,0.0,0,0,0,0.0,0.5625,1,P4_CV0,1,1,1,1,1
8,1.8443986564691528,11.780027217250101,Age0_F8_m8f7_P8_Y5_UO418,RD8_F10_m5f8_P5_Y3_UO218,RD7_F8_m2f1_P2_Y2_UO294,MXY,0,0.0,0,0,0.0,0,0,0,0.0,0.5625,1,P4_CV0,1,1,1,0,2
8,1.8443986564691528,11.780027217250101,Age0_F8_m8f7_P8_Y5_UO419,RD8_F10_m5f8_P5_Y3_UO218,RD7_F8_m2f1_P2_Y2_UO294,FXX,0,0.0,0,0,0.0,0,0,0,0.0,0.5625,1,P4_CV0,1,1,1,1,1
8,1.8443986564691528,11.780027217250101,Age0_F8_m8f7_P8_Y5_UO420,RD8_F10_m5f8_P5_Y3_UO218,RD7_F8_m2f1_P2_Y2_UO294,MXY,0,0.0,0,0,0.0,0,0,0,0.0,0.5625,1,P4_CV0,1,0,2,1,1
8,1.8443986564691528,11.780027217250101,Age0_F8_m8f7_P8_Y5_UO421,RD8_F10_m5f8_P5_Y3_UO218,RD7_F8_m2f1_P2_Y2_UO294,FXX,0,0.0,0,0,0.0,0,0,0,0.0,0.5625,1,P4_CV0,1,2,0,1,1
8,1.8443986564691528,11.780027217250101,Age0_F8_m8f7_P8_Y5_UO422,RD8_F10_m5f8_P5_Y3_UO218,RD7_F8_m2f1_P2_Y2_UO294,FXX,0,0.0,0,0,0.0,0,0,0,0.0,0.5625,1,P4_CV0,1,1,1,1,1
8,1.8443986564691528,11.780027217250101,Age0_F8_m8f7_P8_Y5_UO423,RD8_F10_m5f8_P5_Y3_UO218,RD7_F8_m2f1_P2_Y2_UO294,FXX,0,0.0,0,0,0.0,0,0,0,0.0,0.5625,1,P4_CV0,1,2,0,1,1
8,1.8443986564691528,11.780027217250101,Age0_F8_m8f7_P8_Y5_UO424,RD8_F10_m5f8_P5_Y3_UO218,RD7_F8_m2f1_P2_Y2_UO294,FXX,0,0.0,0,0,0.0,0,0,0,0.0,0.5625,1,P4_CV0,1,2,0,0,2
8,1.8443986564691528,11.780027217250101,Age0_F8_m8f7_P8_Y5_UO425,RD8_F10_m5f8_P5_Y3_UO218,RD7_F8_m2f1_P2_Y2_UO294,FXX,0,0.0,0,0,0.0,0,0,0,0.0,0.5625,1,P4_CV0,1,1,1,1,1
8,1.8443986564691528,11.780027217250101,R8_F8_m5f7_P5_Y4_UO57,RD5_F2_m9f2_P9_Y2_UO134,RD7_F8_m6f8_P6_Y1_UO586,FXX,1,0.0,1,1,1.0,0,0,0,-9999.0,0.6875,1,P4_CV0,1,1,1,1,1
8,1.8443986564691528,11.780027217250101,R8_F8_m6f2_P6_Y4_UO553,RD6_F5_m2f10_P2_Y2_UO646,RD2_F4_m8f6_P8_Y2_UO374,FXX,1,0.0,1,1,1.0,0,0,0,-9999.0,0.4375,1,P4_CV0,1,0,2,0,2
8,1.8443986564691528,11.780027217250101,R8_F8_m4f8_P4_Y4_UO691,RD4_F8_m9f4_P9_Y2_UO337,RD8_F7_m6f3_P6_Y2_UO498,FXX,1,0.0,1,1,1.0,0,0,0,-9999.0,0.6875,1,P4_CV0,1,0,2,1,1
8,1.8443986564691528,11.780027217250101,R8_F8_m5f8_P5_Y3_UO218,RD5_F3_m6f10_P6_Y1_UO505,RD8_F9_m6f8_P6_Y1_UO586,FXX,2,0.0,1,0,1.0,0,0,0,-9999.0,0.5,1,P4_CV0,1,1,1,1,1
8,1.8443986564691528,11.780027217250101,R8_F8_m7f8_P7_Y3_UO421,RD7_F9_m2f9_P2_Y1_UO28,RD8_F3_m10f1_P10_Y1_UO264,MXY,2,0.0,1,0,0.0,0,0,0,-9999.0,0.25,1,P4_CV0,1,1,1,2,0
8,1.8443986564691528,11.780027217250101,R8_F8_m2f7_P2_Y4_UO91,RD2_F5_m6f10_P6_Y2_UO697,RD7_F8_m6f3_P6_Y2_UO495,FXX,1,0.0,1,1,1.0,0,0,0,-9999.0,0.4375,1,P5_CV0,1,1,1,1,1
8,1.8443986564691528,11.780027217250101,R8_F8_m7f4_P7_Y4_UO258,RD7_F4_m10f1_P10_Y2_UO215,RD4_F7_m3f9_P3_Y2_UO614,FXX,1,0.0,1,1,1.0,0,0,0,-9999.0,0.375,1,P5_CV0,1,0,2,2,0
8,1.8443986564691528,11.780027217250101,R8_F8_m9f6_P9_Y4_UO510,RD9_F8_m4f2_P4_Y2_UO624,RD6_F9_m3f8_P3_Y2_UO361,FXX,1,0.0,1,1,1.0,0,0,0,-9999.0,0.5,1,P5_CV0,1,0,2,1,1
8,1.8443986564691528,11.780027217250101,R8_F8_m1f7_P1_Y2_UO480,RD1_F10_m5f6_P5_Y0_UO123,RD7_F8_m5f6_P5_Y0_UO32,FXX,3,0.0,1,0,1.0,0,0,0,-9999.0,0.375,1,P5_CV0,1,0,2,1,1
8,1.8443986564691528,11.780027217250101,Age0_F8_m8f3_P8_Y5_UO107,RD8_F4_m5f2_P5_Y3_UO424,RD3_F10_m3f2_P3_Y3_UO81,MXY,0,0.0,0,0,0.0,0,0,0,0.0,0.5625,1,P6_CV0,1,2,0,0,2
8,1.8443986564691528,11.780027217250101,Age0_F8_m8f3_P8_Y5_UO108,RD8_F4_m5f2_P5_Y3_UO424,RD3_F10_m3f2_P3_Y3_UO81,FXX,0,0.0,0,0,0.0,0,0,0,0.0,0.5625,1,P6_CV0,1,1,1,0,2
8,1.8443986564691528,11.780027217250101,Age0_F8_m8f3_P8_Y5_UO109,RD8_F4_m5f2_P5_Y3_UO424,RD3_F10_m3f2_P3_Y3_UO81,FXX,0,0.0,0,0,0.0,0,0,0,0.0,0.5625,1,P6_CV0,1,1,1,1,1
8,1.8443986564691528,11.780027217250101,Age0_F8_m8f3_P8_Y5_UO110,RD8_F4_m5f2_P5_Y3_UO424,RD3_F10_m3f2_P3_Y3_UO81,FXX,0,0.0,0,0,0.0,0,0,0,0.0,0.5625,1,P6_CV0,1,2,0,1,1
8,1.8443986564691528,11.780027217250101,Age0_F8_m8f3_P8_Y5_UO112,RD8_F4_m5f2_P5_Y3_UO424,RD3_F10_m3f2_P3_Y3_UO81,MXY,0,0.0,0,0,0.0,0,0,0,0.0,0.5625,1,P6_CV0,1,1,1,0,2
8,1.8443986564691528,11.780027217250101,Age0_F8_m8f9_P8_Y5_UO371,RD8_F10_m5f8_P5_Y3_UO218,RD9_F6_m10f6_P10_Y3_UO539,FXX,0,0.0,0,0,0.0,0,0,0,0.0,0.5625,1,P6_CV0,1,0,2,0,2
8,1.8443986564691528,11.780027217250101,Age0_F8_m8f9_P8_Y5_UO372,RD8_F10_m5f8_P5_Y3_UO218,RD9_F6_m10f6_P10_Y3_UO539,FXX,0,0.0,0,0,0.0,0,0,0,0.0,0.5625,1,P6_CV0,1,1,1,0,2
8,1.8443986564691528,11.780027217250101,Age0_F8_m8f9_P8_Y5_UO373,RD8_F10_m5f8_P5_Y3_UO218,RD9_F6_m10f6_P10_Y3_UO539,FXX,0,0.0,0,0,0.0,0,0,0,0.0,0.5625,1,P6_CV0,1,2,0,1,1
8,1.8443986564691528,11.780027217250101,Age0_F8_m8f9_P8_Y5_UO374,RD8_F10_m5f8_P5_Y3_UO218,RD9_F6_m10f6_P10_Y3_UO539,MXY,0,0.0,0,0,0.0,0,0,0,0.0,0.5625,1,P6_CV0,1,2,0,0,2
8,1.8443986564691528,11.780027217250101,Age0_F8_m8f9_P8_Y5_UO375,RD8_F10_m5f8_P5_Y3_UO218,RD9_F6_m10f6_P10_Y3_UO539,MXY,0,0.0,0,0,0.0,0,0,0,0.0,0.5625,1,P6_CV0,1,1,1,0,2
8,1.8443986564691528,11.780027217250101,Age0_F8_m8f9_P8_Y5_UO376,RD8_F10_m5f8_P5_Y3_UO218,RD9_F6_m10f6_P10_Y3_UO539,MXY,0,0.0,0,0,0.0,0,0,0,0.0,0.5625,1,P6_CV0,1,0,2,1,1
8,1.8443986564691528,11.780027217250101,R8_F8_m7f3_P7_Y4_UO128,RD7_F3_m5f6_P5_Y2_UO364,RD3_F5_m1f3_P1_Y2_UO384,MXY,1,0.0,1,1,0.0,0,0,0,-9999.0,0.375,1,P6_CV0,1,1,1,1,1
8,1.8443986564691528,11.780027217250101,R8_F8_m7f9_P7_Y4_UO654,RD7_F8_m5f6_P5_Y2_UO362,RD9_F7_m4f9_P4_Y2_UO589,MXY,1,0.0,1,1,0.0,0,0,0,-9999.0,0.375,1,P6_CV0,1,1,1,0,2
8,1.8443986564691528,11.780027217250101,R8_F8_m6f4_P6_Y4_UO683,RD6_F9_m8f2_P8_Y2_UO107,RD4_F9_m7f2_P7_Y2_UO320,FXX,1,0.0,1,1,1.0,0,0,0,-9999.0,0.5,1,P6_CV0,1,0,2,2,0
8,1.8443986564691528,11.780027217250101,R8_F8_m7f2_P7_Y1_UO478,RD7_F4_m-1f-1_P4_Y-1_U26,RD2_F7_m-1f-1_P7_Y-1_U72,FXX,4,0.0,1,0,1.0,0,0,0,-9999.0,0.75,1,P6_CV0,1,2,0,1,1
8,1.8443986564691528,11.780027217250101,R8_F8_m10f6_P10_Y4_UO137,RD10_F6_m9f3_P9_Y2_UO513,RD6_F9_m8f7_P8_Y2_UO431,MXY,1,0.0,1,1,0.0,0,0,0,-9999.0,0.3125,1,P7_CV0,1,0,2,2,0
8,1.8443986564691528,11.780027217250101,R8_F8_m7f5_P7_Y4_UO345,RD7_F8_m2f6_P2_Y2_UO111,RD5_F6_m10f9_P10_Y2_UO283,MXY,1,0.0,1,1,0.0,0,0,0,-9999.0,0.5,1,P7_CV0,1,1,1,0,2
8,1.8443986564691528,11.780027217250101,R8_F8_m4f6_P4_Y4_UO232,RD4_F8_m2f1_P2_Y2_UO297,RD6_F5_m10f9_P10_Y2_UO413,FXX,1,0.0,1,1,1.0,0,0,0,-9999.0,0.6875,1,P7_CV0,1,2,0,0,2
8,1.8443986564691528,11.780027217250101,R8_F8_m6f3_P6_Y4_UO560,RD6_F9_m6f2_P6_Y2_UO42,RD3_F4_m7f4_P7_Y2_UO28,MXY,1,0.0,1,1,0.0,0,0,0,-9999.0,0.625,1,P7_CV0,1,1,1,0,2
8,1.8443986564691528,11.780027217250101,R8_F8_m2f3_P2_Y4_UO144,RD2_F1_m3f9_P3_Y2_UO612,RD3_F8_m4f5_P4_Y2_UO343,FXX,1,0.0,1,1,1.0,0,0,0,-9999.0,0.5,1,P7_CV0,1,1,1,1,1
8,1.8443986564691528,11.780027217250101,R8_F8_m10f9_P10_Y2_UO285,RD10_F9_m8f7_P8_Y0_UO629,RD9_F2_m8f9_P8_Y0_UO18,MXY,3,0.0,1,0,0.0,0,0,0,-9999.0,0.75,1,P7_CV0,1,2,0,1,1
8,1.8443986564691528,11.780027217250101,Age0_F8_m8f6_P8_Y5_UO249,RD8_F9_m2f6_P2_Y3_UO344,RD6_F3_m4f8_P4_Y3_UO233,FXX,0,0.0,0,0,0.0,0,0,0,0.0,0.625,1,P8_CV0,1,1,1,1,1
8,1.8443986564691528,11.780027217250101,Age0_F8_m8f6_P8_Y5_UO250,RD8_F9_m2f6_P2_Y3_UO344,RD6_F3_m4f8_P4_Y3_UO233,MXY,0,0.0,0,0,0.0,0,0,0,0.0,0.625,1,P8_CV0,1,1,1,1,1
8,1.8443986564691528,11.780027217250101,Age0_F8_m8f6_P8_Y5_UO252,RD8_F9_m2f6_P2_Y3_UO344,RD6_F3_m4f8_P4_Y3_UO233,FXX,0,0.0,0,0,0.0,0,0,0,0.0,0.625,1,P8_CV0,1,2,0,1,1
8,1.8443986564691528,11.780027217250101,Age0_F8_m8f6_P8_Y5_UO253,RD8_F9_m2f6_P2_Y3_UO344,RD6_F3_m4f8_P4_Y3_UO233,FXX,0,0.0,0,0,0.0,0,0,0,0.0,0.625,1,P8_CV0,1,1,1,1,1
8,1.8443986564691528,11.780027217250101,Age0_F8_m8f6_P8_Y5_UO254,RD8_F9_m2f6_P2_Y3_UO344,RD6_F3_m4f8_P4_Y3_UO233,MXY,0,0.0,0,0,0.0,0,0,0,0.0,0.625,1,P8_CV0,1,2,0,0,2
8,1.8443986564691528,11.780027217250101,R8_F8_m4f7_P4_Y4_UO221,RD4_F7_m4f7_P4_Y2_UO309,RD7_F8_m2f5_P2_Y2_UO530,FXX,1,0.0,1,1,1.0,0,0,0,-9999.0,0.5625,1,P8_CV0,1,1,1,1,1
8,1.8443986564691528,11.780027217250101,R8_F8_m7f6_P7_Y4_UO248,RD7_F1_m10f5_P10_Y2_UO185,RD6_F9_m10f1_P10_Y2_UO216,FXX,1,0.0,1,1,1.0,0,0,0,-9999.0,0.375,1,P8_CV0,1,1,1,1,1
8,1.8443986564691528,11.780027217250101,R8_F8_m9f8_P9_Y4_UO73,RD9_F8_m3f4_P3_Y2_UO264,RD8_F4_m8f4_P8_Y2_UO79,FXX,1,0.0,1,1,1.0,0,0,0,-9999.0,0.4375,1,P8_CV0,1,2,0,0,2
8,1.8443986564691528,11.780027217250101,R8_F8_m7f1_P7_Y4_UO611,RD7_F8_m1f2_P1_Y2_UO346,RD1_F5_m1f3_P1_Y1_UO18,MXY,1,0.0,1,1,0.0,0,0,0,-9999.0,0.3125,1,P8_CV0,1,1,1,1,1
8,1.8443986564691528,11.780027217250101,R8_F8_m5f3_P5_Y4_UO148,RD5_F1_m10f3_P10_Y2_UO122,RD3_F7_m4f5_P4_Y2_UO23,FXX,1,0.0,1,1,1.0,0,0,0,-9999.0,0.5,1,P8_CV0,1,2,0,1,1
8,1.8443986564691528,11.780027217250101,R8_F8_m6f3_P6_Y3_UO111,RD6_F5_m6f10_P6_Y1_UO503,RD3_F5_m9f2_P9_Y0_UO199,MXY,2,0.0,1,0,0.0,0,0,0,-9999.0,0.25,1,P8_CV0,1,1,1,1,1
8,1.8443986564691528,11.780027217250101,R8_F8_m4f6_P4_Y4_UO234,RD4_F8_m2f1_P2_Y2_UO297,RD6_F5_m10f9_P10_Y2_UO413,FXX,1,0.0,1,1,1.0,0,0,0,-9999.0,0.6875,1,P9_CV0,1,1,1,0,2
8,1.8443986564691528,11.780027217250101,R8_F8_m2f4_P2_Y4_UO721,RD2_F3_m4f6_P4_Y2_UO455,RD4_F5_m4f6_P4_Y2_UO313,FXX,1,0.0,1,1,1.0,0,0,0,-9999.0,0.5,1,P9_CV0,1,1,1,0,2
8,1.8443986564691528,11.780027217250101,R8_F8_m4f6_P4_Y4_UO233,RD4_F8_m2f1_P2_Y2_UO297,RD6_F5_m10f9_P10_Y2_UO413,FXX,1,0.0,1,1,1.0,0,0,0,-9999.0,0.6875,1,P9_CV0,1,1,1,0,2
8,1.8443986564691528,11.780027217250101,R8_F8_m7f8_P7_Y4_UO476,RD7_F8_m2f6_P2_Y2_UO111,RD8_F3_m1f3_P1_Y2_UO395,FXX,1,0.0,1,1,1.0,0,0,0,-9999.0,0.3125,1,P9_CV0,1,1,1,0,2
8,1.8443986564691528,11.780027217250101,R8_F8_m4f9_P4_Y4_UO783,RD4_F7_m4f7_P4_Y2_UO309,RD9_F7_m4f9_P4_Y2_UO589,FXX,1,0.0,1,1,1.0,0,0,0,-9999.0,0.4375,1,P9_CV0,1,1,1,0,2
8,1.8443986564691528,11.780027217250101,R8_F8_m7f5_P7_Y4_UO349,RD7_F8_m2f6_P2_Y2_UO111,RD5_F6_m10f9_P10_Y2_UO283,MXY,1,0.0,1,1,0.0,0,0,0,-9999.0,0.5,1,P9_CV0,1,1,1,0,2
9,8.539752926394888,7.413552560728917,R9_F9_m4f2_P4_Y4_UO466,RD4_F9_m5f3_P5_Y2_UO641,RD2_F8_m2f7_P2_Y2_UO272,FXX,1,0.0,1,1,1.0,0,0,0,-9999.0,0.5,1,P0_CV0,1,1,1,1,1
9,8.539752926394888,7.413552560728917,R9_F9_m4f8_P4_Y4_UO192,RD4_F9_m10f7_P10_Y2_UO147,RD8_F9_m6f5_P6_Y2_UO74,MXY,1,0.0,1,1,0.0,0,0,0,-9999.0,0.5,1,P0_CV0,1,0,2,1,1
9,8.539752926394888,7.413552560728917,R9_F9_m3f10_P3_Y4_UO570,RD3_F4_m9f2_P9_Y2_UO260,RD10_F8_m9f6_P9_Y2_UO548,MXY,1,0.0,1,1,0.0,0,0,0,-9999.0,0.5625,1,P0_CV0,1,2,0,1,1
9,8.539752926394888,7.413552560728917,Age0_F9_m9f6_P9_Y5_UO45,RD9_F5_m1f3_P1_Y3_UO129,RD6_F8_m4f6_P4_Y3_UO535,FXX,0,0.0,0,0,0.0,0,0,0,0.0,0.5625,1,P1_CV0,1,1,1,1,1
9,8.539752926394888,7.413552560728917,Age0_F9_m9f6_P9_Y5_UO47,RD9_F5_m1f3_P1_Y3_UO129,RD6_F8_m4f6_P4_Y3_UO535,FXX,0,0.0,0,0,0.0,0,0,0,0.0,0.5625,1,P1_CV0,1,1,1,1,1
9,8.539752926394888,7.413552560728917,Age0_F9_m9f6_P9_Y5_UO49,RD9_F5_m1f3_P1_Y3_UO129,RD6_F8_m4f6_P4_Y3_UO535,FXX,0,0.0,0,0,0.0,0,0,0,0.0,0.5625,1,P1_CV0,1,1,1,1,1
9,8.539752926394888,7.413552560728917,Age0_F9_m9f2_P9_Y5_UO163,RD9_F8_m2f1_P2_Y3_UO147,RD2_F3_m6f4_P6_Y2_UO575,MXY,0,0.0,0,0,0.0,0,0,0,0.0,0.375,1,P1_CV0,1,0,2,2,0
9,8.539752926394888,7.413552560728917,Age0_F9_m9f2_P9_Y5_UO164,RD9_F8_m2f1_P2_Y3_UO147,RD2_F3_m6f4_P6_Y2_UO575,FXX,0,0.0,0,0,0.0,0,0,0,0.0,0.375,1,P1_CV0,1,0,2,0,2
9,8.539752926394888,7.413552560728917,Age0_F9_m9f2_P9_Y5_UO165,RD9_F8_m2f1_P2_Y3_UO147,RD2_F3_m6f4_P6_Y2_UO575,MXY,0,0.0,0,0,0.0,0,0,0,0.0,0.375,1,P1_CV0,1,0,2,0,2
9,8.539752926394888,7.413552560728917,Age0_F9_m9f2_P9_Y5_UO166,RD9_F8_m2f1_P2_Y3_UO147,RD2_F3_m6f4_P6_Y2_UO575,MXY,0,0.0,0,0,0.0,0,0,0,0.0,0.375,1,P1_CV0,1,0,2,2,0
9,8.539752926394888,7.413552560728917,Age0_F9_m9f2_P9_Y5_UO167,RD9_F8_m2f1_P2_Y3_UO147,RD2_F3_m6f4_P6_Y2_UO575,FXX,0,0.0,0,0,0.0,0,0,0,0.0,0.375,1,P1_CV0,1,0,2,0,2
9,8.539752926394888,7.413552560728917,Age0_F9_m9f2_P9_Y5_UO169,RD9_F8_m2f1_P2_Y3_UO147,RD2_F3_m6f4_P6_Y2_UO575,MXY,0,0.0,0,0,0.0,0,0,0,0.0,0.375,1,P1_CV0,1,0,2,2,0
9,8.539752926394888,7.413552560728917,R9_F9_m8f4_P8_Y4_UO439,RD8_F7_m10f3_P10_Y2_UO125,RD4_F8_m7f6_P7_Y2_UO487,FXX,1,0.0,1,1,1.0,0,0,0,-9999.0,0.5,1,P1_CV0,1,1,1,1,1
9,8.539752926394888,7.413552560728917,R9_F9_m6f2_P6_Y4_UO552,RD6_F5_m2f10_P2_Y2_UO646,RD2_F4_m8f6_P8_Y2_UO374,MXY,1,0.0,1,1,0.0,0,0,0,-9999.0,0.4375,1,P1_CV0,1,1,1,0,2
9,8.539752926394888,7.413552560728917,R9_F9_m3f5_P3_Y4_UO632,RD3_F8_m2f1_P2_Y2_UO557,RD5_F9_m1f8_P1_Y2_UO559,MXY,1,0.0,1,1,0.0,0,0,0,-9999.0,0.3125,1,P1_CV0,1,0,2,0,2
9,8.539752926394888,7.413552560728917,Age0_F9_m9f8_P9_Y5_UO148,RD9_F10_m1f2_P1_Y3_UO544,RD8_F6_m6f4_P6_Y2_UO330,MXY,0,0.0,0,0,0.0,0,0,0,0.0,0.6875,1,P2_CV0,1,2,0,0,2
9,8.539752926394888,7.413552560728917,Age0_F9_m9f10_P9_Y5_UO276,RD9_F5_m1f3_P1_Y3_UO129,RD10_F9_m2f7_P2_Y3_UO99,FXX,0,0.0,0,0,0.0,0,0,0,0.0,0.5,1,P2_CV0,1,2,0,1,1
9,8.539752926394888,7.413552560728917,Age0_F9_m9f10_P9_Y5_UO278,RD9_F5_m1f3_P1_Y3_UO129,RD10_F9_m2f7_P2_Y3_UO99,MXY,0,0.0,0,0,0.0,0,0,0,0.0,0.5,1,P2_CV0,1,2,0,0,2
9,8.539752926394888,7.413552560728917,R9_F9_m6f5_P6_Y4_UO727,RD6_F9_m10f5_P10_Y2_UO182,RD5_F9_m1f8_P1_Y2_UO559,FXX,1,0.0,1,1,1.0,0,0,0,-9999.0,0.375,1,P2_CV0,1,0,2,1,1
9,8.539752926394888,7.413552560728917,Age0_F9_m9f4_P9_Y5_UO359,RD9_F8_m2f1_P2_Y3_UO147,RD4_F7_m1f10_P1_Y3_UO380,FXX,0,0.0,0,0,0.0,0,0,0,0.0,0.5,1,P3_CV0,1,0,2,1,1
9,8.539752926394888,7.413552560728917,Age0_F9_m9f4_P9_Y5_UO360,RD9_F8_m2f1_P2_Y3_UO147,RD4_F7_m1f10_P1_Y3_UO380,MXY,0,0.0,0,0,0.0,0,0,0,0.0,0.5,1,P3_CV0,1,0,2,2,0
9,8.539752926394888,7.413552560728917,Age0_F9_m9f4_P9_Y5_UO361,RD9_F8_m2f1_P2_Y3_UO147,RD4_F7_m1f10_P1_Y3_UO380,FXX,0,0.0,0,0,0.0,0,0,0,0.0,0.5,1,P3_CV0,1,0,2,2,0
9,8.539752926394888,7.413552560728917,Age0_F9_m9f4_P9_Y5_UO367,RD9_F8_m2f1_P2_Y3_UO147,RD4_F7_m1f10_P1_Y3_UO380,MXY,0,0.0,0,0,0.0,0,0,0,0.0,0.5,1,P3_CV0,1,0,2,2,0
9,8.539752926394888,7.413552560728917,R9_F9_m10f9_P10_Y4_UO168,RD10_F9_m4f3_P4_Y2_UO199,RD9_F8_m4f9_P4_Y2_UO401,MXY,1,0.0,1,1,0.0,0,0,0,-9999.0,0.5625,1,P3_CV0,1,1,1,0,2
9,8.539752926394888,7.413552560728917,R9_F9_m6f3_P6_Y4_UO100,RD6_F9_m2f8_P2_Y2_UO380,RD3_F4_m8f2_P8_Y2_UO459,MXY,1,0.0,1,1,0.0,0,0,0,-9999.0,0.5,1,P3_CV0,1,1,1,2,0
9,8.539752926394888,7.413552560728917,Age0_F9_m9f7_P9_Y5_UO142,RD9_F5_m9f10_P9_Y3_UO53,RD7_F4_m7f8_P7_Y3_UO251,FXX,0,0.0,0,0,0.0,0,0,0,0.0,0.5,1,P4_CV0,1,1,1,2,0
9,8.539752926394888,7.413552560728917,Age0_F9_m9f7_P9_Y5_UO144,RD9_F5_m9f10_P9_Y3_UO53,RD7_F4_m7f8_P7_Y3_UO251,MXY,0,0.0,0,0,0.0,0,0,0,0.0,0.5,1,P4_CV0,1,2,0,2,0
9,8.539752926394888,7.413552560728917,Age0_F9_m9f5_P9_Y5_UO332,RD9_F5_m9f10_P9_Y3_UO53,RD5_F1_m6f2_P6_Y3_UO316,MXY,0,0.0,0,0,0.0,0,0,0,0.0,0.6875,1,P4_CV0,1,1,1,0,2
9,8.539752926394888,7.413552560728917,Age0_F9_m9f5_P9_Y5_UO334,RD9_F5_m9f10_P9_Y3_UO53,RD5_F1_m6f2_P6_Y3_UO316,MXY,0,0.0,0,0,0.0,0,0,0,0.0,0.6875,1,P4_CV0,1,2,0,2,0
9,8.539752926394888,7.413552560728917,Age0_F9_m9f5_P9_Y5_UO335,RD9_F5_m9f10_P9_Y3_UO53,RD5_F1_m6f2_P6_Y3_UO316,FXX,0,0.0,0,0,0.0,0,0,0,0.0,0.6875,1,P4_CV0,1,2,0,0,2
9,8.539752926394888,7.413552560728917,Age0_F9_m9f5_P9_Y5_UO337,RD9_F5_m9f10_P9_Y3_UO53,RD5_F1_m6f2_P6_Y3_UO316,MXY,0,0.0,0,0,0.0,0,0,0,0.0,0.6875,1,P4_CV0,1,2,0,1,1
9,8.539752926394888,7.413552560728917,Age0_F9_m9f5_P9_Y5_UO338,RD9_F5_m9f10_P9_Y3_UO53,RD5_F1_m6f2_P6_Y3_UO316,FXX,0,0.0,0,0,0.0,0,0,0,0.0,0.6875,1,P4_CV0,1,2,0,1,1
9,8.539752926394888,7.413552560728917,R9_F9_m6f4_P6_Y4_UO98,RD6_F9_m2f8_P2_Y2_UO380,RD4_F8_m4f6_P4_Y2_UO454,MXY,1,0.0,1,1,0.0,0,0,0,-9999.0,0.5625,1,P4_CV0,1,1,1,1,1
9,8.539752926394888,7.413552560728917,R9_F9_m6f2_P6_Y4_UO551,RD6_F5_m2f10_P2_Y2_UO646,RD2_F4_m8f6_P8_Y2_UO374,FXX,1,0.0,1,1,1.0,0,0,0,-9999.0,0.4375,1,P4_CV0,1,0,2,1,1
9,8.539752926394888,7.413552560728917,R9_F9_m5f2_P5_Y4_UO397,RD5_F1_m3f4_P3_Y2_UO266,RD2_F9_m1f8_P1_Y2_UO560,FXX,1,0.0,1,1,1.0,0,0,0,-9999.0,0.4375,1,P4_CV0,1,1,1,0,2
9,8.539752926394888,7.413552560728917,R9_F9_m9f6_P9_Y3_UO311,RD9_F8_m10f9_P10_Y1_UO252,RD6_F9_m4f5_P4_Y0_UO241,MXY,2,0.0,1,0,0.0,0,0,0,-9999.0,0.875,1,P4_CV0,1,2,0,1,1
9,8.539752926394888,7.413552560728917,R9_F9_m7f8_P7_Y3_UO248,RD7_F9_m2f9_P2_Y1_UO28,RD8_F3_m10f1_P10_Y1_UO264,FXX,2,0.0,1,0,1.0,0,0,0,-9999.0,0.25,1,P4_CV0,1,1,1,2,0
9,8.539752926394888,7.413552560728917,R9_F9_m5f2_P5_Y3_UO430,RD5_F7_m4f7_P4_Y1_UO344,RD2_F10_m4f7_P4_Y1_UO297,MXY,2,0.0,1,0,0.0,0,0,0,-9999.0,0.75,1,P4_CV0,1,2,0,0,2
9,8.539752926394888,7.413552560728917,R9_F9_m1f7_P1_Y2_UO67,RD1_F10_m5f7_P5_Y0_UO140,RD7_F5_m-1f-1_P1_Y-1_U65,FXX,3,0.0,1,0,1.0,0,0,0,-9999.0,0.625,1,P4_CV0,1,1,1,2,0
9,8.539752926394888,7.413552560728917,R9_F9_m6f8_P6_Y1_UO586,RD6_F5_m-1f-1_P5_Y-1_U12,RD8_F1_m-1f-1_P1_Y-1_U40,MXY,4,0.0,1,0,0.0,0,0,0,-9999.0,0.75,1,P4_CV0,1,2,0,1,1
9,8.539752926394888,7.413552560728917,Age0_F9_m9f7_P9_Y5_UO138,RD9_F5_m9f10_P9_Y3_UO53,RD7_F4_m7f8_P7_Y3_UO251,MXY,0,0.0,0,0,0.0,0,0,0,0.0,0.5,1,P5_CV0,1,2,0,2,0
9,8.539752926394888,7.413552560728917,Age0_F9_m9f7_P9_Y5_UO139,RD9_F5_m9f10_P9_Y3_UO53,RD7_F4_m7f8_P7_Y3_UO251,MXY,0,0.0,0,0,0.0,0,0,0,0.0,0.5,1,P5_CV0,1,1,1,2,0
9,8.539752926394888,7.413552560728917,Age0_F9_m9f7_P9_Y5_UO140,RD9_F5_m9f10_P9_Y3_UO53,RD7_F4_m7f8_P7_Y3_UO251,FXX,0,0.0,0,0,0.0,0,0,0,0.0,0.5,1,P5_CV0,1,2,0,1,1
9,8.539752926394888,7.413552560728917,Age0_F9_m9f7_P9_Y5_UO141,RD9_F5_m9f10_P9_Y3_UO53,RD7_F4_m7f8_P7_Y3_UO251,MXY,0,0.0,0,0,0.0,0,0,0,0.0,0.5,1,P5_CV0,1,1,1,2,0
9,8.539752926394888,7.413552560728917,Age0_F9_m9f7_P9_Y5_UO143,RD9_F5_m9f10_P9_Y3_UO53,RD7_F4_m7f8_P7_Y3_UO251,FXX,0,0.0,0,0,0.0,0,0,0,0.0,0.5,1,P5_CV0,1,2,0,2,0
9,8.539752926394888,7.413552560728917,Age0_F9_m9f7_P9_Y5_UO145,RD9_F5_m9f10_P9_Y3_UO53,RD7_F4_m7f8_P7_Y3_UO251,MXY,0,0.0,0,0,0.0,0,0,0,0.0,0.5,1,P5_CV0,1,1,1,1,1
9,8.539752926394888,7.413552560728917,Age0_F9_m9f5_P9_Y5_UO333,RD9_F5_m9f10_P9_Y3_UO53,RD5_F1_m6f2_P6_Y3_UO316,FXX,0,0.0,0,0,0.0,0,0,0,0.0,0.6875,1,P5_CV0,1,1,1,1,1
9,8.539752926394888,7.413552560728917,Age0_F9_m9f5_P9_Y5_UO336,RD9_F5_m9f10_P9_Y3_UO53,RD5_F1_m6f2_P6_Y3_UO316,MXY,0,0.0,0,0,0.0,0,0,0,0.0,0.6875,1,P5_CV0,1,2,0,2,0
9,8.539752926394888,7.413552560728917,Age0_F9_m9f3_P9_Y5_UO399,RD9_F8_m2f3_P2_Y3_UO270,RD3_F9_m6f10_P6_Y3_UO395,FXX,0,0.0,0,0,0.0,0,0,0,0.0,0.5,1,P5_CV0,1,1,1,1,1
9,8.539752926394888,7.413552560728917,Age0_F9_m9f3_P9_Y5_UO401,RD9_F8_m2f3_P2_Y3_UO270,RD3_F9_m6f10_P6_Y3_UO395,FXX,0,0.0,0,0,0.0,0,0,0,0.0,0.5,1,P5_CV0,1,1,1,1,1
9,8.539752926394888,7.413552560728917,Age0_F9_m9f3_P9_Y5_UO402,RD9_F8_m2f3_P2_Y3_UO270,RD3_F9_m6f10_P6_Y3_UO395,FXX,0,0.0,0,0,0.0,0,0,0,0.0,0.5,1,P5_CV0,1,1,1,1,1
9,8.539752926394888,7.413552560728917,R9_F9_m1f6_P1_Y4_UO80,RD1_F2_m4f6_P4_Y2_UO317,RD6_F8_m6f4_P6_Y2_UO330,FXX,1,0.0,1,1,1.0,0,0,0,-9999.0,0.625,1,P5_CV0,1,2,0,0,2
9,8.539752926394888,7.413552560728917,R9_F9_m5f2_P5_Y4_UO405,RD5_F1_m7f6_P7_Y2_UO484,RD2_F3_m1f7_P1_Y2_UO481,FXX,1,0.0,1,1,1.0,0,0,0,-9999.0,0.4375,1,P5_CV0,1,1,1,1,1
9,8.539752926394888,7.413552560728917,R9_F9_m2f7_P2_Y4_UO92,RD2_F5_m6f10_P6_Y2_UO697,RD7_F8_m6f3_P6_Y2_UO495,MXY,1,0.0,1,1,0.0,0,0,0,-9999.0,0.4375,1,P5_CV0,1,1,1,1,1
9,8.539752926394888,7.413552560728917,R9_F9_m2f3_P2_Y4_UO141,RD2_F1_m3f9_P3_Y2_UO612,RD3_F8_m4f5_P4_Y2_UO343,MXY,1,0.0,1,1,0.0,0,0,0,-9999.0,0.5,1,P5_CV0,1,1,1,1,1
9,8.539752926394888,7.413552560728917,Age0_F9_m9f3_P9_Y5_UO400,RD9_F8_m2f3_P2_Y3_UO270,RD3_F9_m6f10_P6_Y3_UO395,MXY,0,0.0,0,0,0.0,0,0,0,0.0,0.5,1,P6_CV0,1,1,1,1,1
9,8.539752926394888,7.413552560728917,R9_F9_m3f5_P3_Y4_UO358,RD3_F6_m7f8_P7_Y2_UO99,RD5_F9_m10f9_P10_Y2_UO285,MXY,1,0.0,1,1,0.0,0,0,0,-9999.0,0.6875,1,P6_CV0,1,1,1,1,1
9,8.539752926394888,7.413552560728917,R9_F9_m2f1_P2_Y4_UO415,RD2_F10_m1f10_P1_Y2_UO306,RD1_F7_m8f2_P8_Y2_UO457,MXY,1,0.0,1,1,0.0,0,0,0,-9999.0,0.625,1,P6_CV0,1,1,1,1,1
9,8.539752926394888,7.413552560728917,Age0_F9_m9f2_P9_Y5_UO168,RD9_F8_m2f1_P2_Y3_UO147,RD2_F3_m6f4_P6_Y2_UO575,MXY,0,0.0,0,0,0.0,0,0,0,0.0,0.375,1,P7_CV0,1,0,2,1,1
9,8.539752926394888,7.413552560728917,Age0_F9_m9f2_P9_Y5_UO170,RD9_F8_m2f1_P2_Y3_UO147,RD2_F3_m6f4_P6_Y2_UO575,MXY,0,0.0,0,0,0.0,0,0,0,0.0,0.375,1,P7_CV0,1,0,2,0,2
9,8.539752926394888,7.413552560728917,Age0_F9_m9f2_P9_Y5_UO171,RD9_F8_m2f1_P2_Y3_UO147,RD2_F3_m6f4_P6_Y2_UO575,FXX,0,0.0,0,0,0.0,0,0,0,0.0,0.375,1,P7_CV0,1,0,2,1,1
9,8.539752926394888,7.413552560728917,Age0_F9_m9f6_P9_Y5_UO248,RD9_F10_m1f2_P1_Y3_UO544,RD6_F8_m4f3_P4_Y3_UO152,FXX,0,0.0,0,0,0.0,0,0,0,0.0,0.4375,1,P7_CV0,1,1,1,1,1
9,8.539752926394888,7.413552560728917,Age0_F9_m9f4_P9_Y5_UO362,RD9_F8_m2f1_P2_Y3_UO147,RD4_F7_m1f10_P1_Y3_UO380,FXX,0,0.0,0,0,0.0,0,0,0,0.0,0.5,1,P7_CV0,1,0,2,1,1
9,8.539752926394888,7.413552560728917,Age0_F9_m9f4_P9_Y5_UO363,RD9_F8_m2f1_P2_Y3_UO147,RD4_F7_m1f10_P1_Y3_UO380,MXY,0,0.0,0,0,0.0,0,0,0,0.0,0.5,1,P7_CV0,1,0,2,1,1
9,8.539752926394888,7.413552560728917,Age0_F9_m9f4_P9_Y5_UO364,RD9_F8_m2f1_P2_Y3_UO147,RD4_F7_m1f10_P1_Y3_UO380,FXX,0,0.0,0,0,0.0,0,0,0,0.0,0.5,1,P7_CV0,1,0,2,2,0
9,8.539752926394888,7.413552560728917,Age0_F9_m9f4_P9_Y5_UO365,RD9_F8_m2f1_P2_Y3_UO147,RD4_F7_m1f10_P1_Y3_UO380,MXY,0,0.0,0,0,0.0,0,0,0,0.0,0.5,1,P7_CV0,1,0,2,0,2
9,8.539752926394888,7.413552560728917,Age0_F9_m9f4_P9_Y5_UO366,RD9_F8_m2f1_P2_Y3_UO147,RD4_F7_m1f10_P1_Y3_UO380,FXX,0,0.0,0,0,0.0,0,0,0,0.0,0.5,1,P7_CV0,1,0,2,0,2
9,8.539752926394888,7.413552560728917,Age0_F9_m9f4_P9_Y5_UO368,RD9_F8_m2f1_P2_Y3_UO147,RD4_F7_m1f10_P1_Y3_UO380,FXX,0,0.0,0,0,0.0,0,0,0,0.0,0.5,1,P7_CV0,1,0,2,2,0
9,8.539752926394888,7.413552560728917,Age0_F9_m9f2_P9_Y5_UO447,RD9_F5_m1f3_P1_Y3_UO129,RD2_F10_m6f3_P6_Y2_UO664,FXX,0,0.0,0,0,0.0,0,0,0,0.0,0.5625,1,P7_CV0,1,2,0,1,1
9,8.539752926394888,7.413552560728917,Age0_F9_m9f2_P9_Y5_UO448,RD9_F5_m1f3_P1_Y3_UO129,RD2_F10_m6f3_P6_Y2_UO664,MXY,0,0.0,0,0,0.0,0,0,0,0.0,0.5625,1,P7_CV0,1,2,0,1,1
9,8.539752926394888,7.413552560728917,R9_F9_m4f7_P4_Y4_UO639,RD4_F9_m10f7_P10_Y2_UO147,RD7_F8_m4f6_P4_Y2_UO709,FXX,1,0.0,1,1,1.0,0,0,0,-9999.0,0.625,1,P7_CV0,1,1,1,2,0
9,8.539752926394888,7.413552560728917,R9_F9_m4f8_P4_Y4_UO690,RD4_F8_m9f4_P9_Y2_UO337,RD8_F7_m6f3_P6_Y2_UO498,MXY,1,0.0,1,1,0.0,0,0,0,-9999.0,0.6875,1,P7_CV0,1,0,2,1,1
9,8.539752926394888,7.413552560728917,R9_F9_m2f9_P2_Y2_UO10,RD2_F6_m2f6_P2_Y0_UO659,RD9_F6_m8f2_P8_Y0_UO359,FXX,3,0.0,1,0,1.0,0,0,0,-9999.0,0.375,1,P7_CV0,1,1,1,1,1
9,8.539752926394888,7.413552560728917,Age0_F9_m9f6_P9_Y5_UO44,RD9_F5_m1f3_P1_Y3_UO129,RD6_F8_m4f6_P4_Y3_UO535,MXY,0,0.0,0,0,0.0,0,0,0,0.0,0.5625,1,P8_CV0,1,1,1,1,1
9,8.539752926394888,7.413552560728917,Age0_F9_m9f6_P9_Y5_UO46,RD9_F5_m1f3_P1_Y3_UO129,RD6_F8_m4f6_P4_Y3_UO535,MXY,0,0.0,0,0,0.0,0,0,0,0.0,0.5625,1,P8_CV0,1,1,1,1,1
9,8.539752926394888,7.413552560728917,Age0_F9_m9f6_P9_Y5_UO48,RD9_F5_m1f3_P1_Y3_UO129,RD6_F8_m4f6_P4_Y3_UO535,MXY,0,0.0,0,0,0.0,0,0,0,0.0,0.5625,1,P8_CV0,1,1,1,1,1
9,8.539752926394888,7.413552560728917,Age0_F9_m9f10_P9_Y5_UO277,RD9_F5_m1f3_P1_Y3_UO129,RD10_F9_m2f7_P2_Y3_UO99,FXX,0,0.0,0,0,0.0,0,0,0,0.0,0.5,1,P8_CV0,1,1,1,1,1
9,8.539752926394888,7.413552560728917,Age0_F9_m9f10_P9_Y5_UO279,RD9_F5_m1f3_P1_Y3_UO129,RD10_F9_m2f7_P2_Y3_UO99,MXY,0,0.0,0,0,0.0,0,0,0,0.0,0.5,1,P8_CV0,1,2,0,1,1
9,8.539752926394888,7.413552560728917,Age0_F9_m9f10_P9_Y5_UO280,RD9_F5_m1f3_P1_Y3_UO129,RD10_F9_m2f7_P2_Y3_UO99,MXY,0,0.0,0,0,0.0,0,0,0,0.0,0.5,1,P8_CV0,1,2,0,0,2
9,8.539752926394888,7.413552560728917,Age0_F9_m9f2_P9_Y5_UO449,RD9_F5_m1f3_P1_Y3_UO129,RD2_F10_m6f3_P6_Y2_UO664,MXY,0,0.0,0,0,0.0,0,0,0,0.0,0.5625,1,P8_CV0,1,2,0,1,1
9,8.539752926394888,7.413552560728917,Age0_F9_m9f2_P9_Y5_UO450,RD9_F5_m1f3_P1_Y3_UO129,RD2_F10_m6f3_P6_Y2_UO664,MXY,0,0.0,0,0,0.0,0,0,0,0.0,0.5625,1,P8_CV0,1,2,0,1,1
9,8.539752926394888,7.413552560728917,Age0_F9_m9f2_P9_Y5_UO451,RD9_F5_m1f3_P1_Y3_UO129,RD2_F10_m6f3_P6_Y2_UO664,FXX,0,0.0,0,0,0.0,0,0,0,0.0,0.5625,1,P8_CV0,1,2,0,1,1
9,8.539752926394888,7.413552560728917,R9_F9_m10f6_P10_Y4_UO694,RD10_F9_m4f3_P4_Y2_UO199,RD6_F9_m2f5_P2_Y2_UO529,FXX,1,0.0,1,1,1.0,0,0,0,-9999.0,0.5625,1,P8_CV0,1,2,0,1,1
9,8.539752926394888,7.413552560728917,R9_F9_m2f3_P2_Y4_UO109,RD2_F5_m10f1_P10_Y2_UO218,RD3_F9_m2f6_P2_Y2_UO114,FXX,1,0.0,1,1,1.0,0,0,0,-9999.0,0.3125,1,P8_CV0,1,1,1,1,1
9,8.539752926394888,7.413552560728917,R9_F9_m6f3_P6_Y4_UO595,RD6_F2_m5f3_P5_Y2_UO639,RD3_F8_m9f2_P9_Y1_UO519,MXY,1,0.0,1,1,0.0,0,0,0,-9999.0,0.4375,1,P8_CV0,1,0,2,2,0
9,8.539752926394888,7.413552560728917,R9_F9_m1f3_P1_Y3_UO219,RD1_F10_m3f5_P3_Y1_UO45,RD3_F4_m1f9_P1_Y0_UO421,MXY,2,0.0,1,0,0.0,0,0,0,-9999.0,0.25,1,P8_CV0,1,1,1,1,1
9,8.539752926394888,7.413552560728917,R9_F9_m1f3_P1_Y3_UO129,RD1_F3_m6f5_P6_Y1_UO14,RD3_F7_m9f2_P9_Y1_UO518,FXX,2,0.0,1,0,1.0,0,0,0,-9999.0,0.5,1,P8_CV0,1,2,0,0,2
9,8.539752926394888,7.413552560728917,Age0_F9_m9f8_P9_Y5_UO146,RD9_F10_m1f2_P1_Y3_UO544,RD8_F6_m6f4_P6_Y2_UO330,FXX,0,0.0,0,0,0.0,0,0,0,0.0,0.6875,1,P9_CV0,1,2,0,1,1
9,8.539752926394888,7.413552560728917,Age0_F9_m9f8_P9_Y5_UO147,RD9_F10_m1f2_P1_Y3_UO544,RD8_F6_m6f4_P6_Y2_UO330,FXX,0,0.0,0,0,0.0,0,0,0,0.0,0.6875,1,P9_CV0,1,2,0,1,1
9,8.539752926394888,7.413552560728917,Age0_F9_m9f8_P9_Y5_UO149,RD9_F10_m1f2_P1_Y3_UO544,RD8_F6_m6f4_P6_Y2_UO330,MXY,0,0.0,0,0,0.0,0,0,0,0.0,0.6875,1,P9_CV0,1,2,0,0,2
9,8.539752926394888,7.413552560728917,Age0_F9_m9f8_P9_Y5_UO150,RD9_F10_m1f2_P1_Y3_UO544,RD8_F6_m6f4_P6_Y2_UO330,MXY,0,0.0,0,0,0.0,0,0,0,0.0,0.6875,1,P9_CV0,1,2,0,1,1
9,8.539752926394888,7.413552560728917,Age0_F9_m9f6_P9_Y5_UO245,RD9_F10_m1f2_P1_Y3_UO544,RD6_F8_m4f3_P4_Y3_UO152,MXY,0,0.0,0,0,0.0,0,0,0,0.0,0.4375,1,P9_CV0,1,2,0,1,1
9,8.539752926394888,7.413552560728917,Age0_F9_m9f6_P9_Y5_UO246,RD9_F10_m1f2_P1_Y3_UO544,RD6_F8_m4f3_P4_Y3_UO152,FXX,0,0.0,0,0,0.0,0,0,0,0.0,0.4375,1,P9_CV0,1,2,0,2,0
9,8.539752926394888,7.413552560728917,Age0_F9_m9f6_P9_Y5_UO247,RD9_F10_m1f2_P1_Y3_UO544,RD6_F8_m4f3_P4_Y3_UO152,FXX,0,0.0,0,0,0.0,0,0,0,0.0,0.4375,1,P9_CV0,1,1,1,1,1
9,8.539752926394888,7.413552560728917,R9_F9_m5f6_P5_Y4_UO297,RD5_F9_m6f10_P6_Y2_UO699,RD6_F9_m10f1_P10_Y2_UO216,MXY,1,0.0,1,1,0.0,0,0,0,-9999.0,0.25,1,P9_CV0,1,0,2,2,0
9,8.539752926394888,7.413552560728917,R9_F9_m1f5_P1_Y4_UO0,RD1_F2_m9f6_P9_Y2_UO547,RD5_F6_m5f9_P5_Y2_UO390,FXX,1,0.0,1,1,1.0,0,0,0,-9999.0,0.625,1,P9_CV0,1,1,1,2,0
9,8.539752926394888,7.413552560728917,R9_F9_m4f6_P4_Y4_UO231,RD4_F8_m2f1_P2_Y2_UO297,RD6_F5_m10f9_P10_Y2_UO413,MXY,1,0.0,1,1,0.0,0,0,0,-9999.0,0.6875,1,P9_CV0,1,1,1,0,2
9,8.539752926394888,7.413552560728917,R9_F9_m5f3_P5_Y4_UO330,RD5_F9_m6f10_P6_Y2_UO699,RD3_F6_m7f9_P7_Y2_UO255,MXY,1,0.0,1,1,0.0,0,0,0,-9999.0,0.375,1,P9_CV0,1,0,2,1,1
9,8.539752926394888,7.413552560728917,R9_F9_m6f10_P6_Y4_UO517,RD6_F8_m7f2_P7_Y2_UO506,RD10_F8_m9f6_P9_Y2_UO548,MXY,1,0.0,1,1,0.0,0,0,0,-9999.0,0.5625,1,P9_CV0,1,1,1,2,0
9,8.539752926394888,7.413552560728917,R9_F9_m1f2_P1_Y3_UO544,RD1_F10_m3f5_P3_Y1_UO45,RD2_F5_m1f3_P1_Y1_UO554,FXX,2,0.0,1,0,1.0,0,0,0,-9999.0,0.5,1,P9_CV0,1,2,0,1,1
10,8.46561485357468,1.194682155135915,R10_F10_m9f4_P9_Y4_UO700,RD9_F4_m8f2_P8_Y2_UO388,RD4_F8_m7f5_P7_Y2_UO691,MXY,1,0.0,1,1,0.0,0,0,0,-9999.0,0.5,1,P0_CV0,1,2,0,0,2
10,8.46561485357468,1.194682155135915,R10_F10_m5f7_P5_Y4_UO61,RD5_F2_m9f2_P9_Y2_UO134,RD7_F8_m6f8_P6_Y1_UO586,MXY,1,0.0,1,1,0.0,0,0,0,-9999.0,0.6875,1,P1_CV0,1,1,1,1,1
10,8.46561485357468,1.194682155135915,R10_F10_m1f5_P1_Y4_UO197,RD1_F8_m10f5_P10_Y2_UO179,RD5_F8_m3f1_P3_Y2_UO190,MXY,1,0.0,1,1,0.0,0,0,0,-9999.0,0.4375,1,P1_CV0,1,0,2,0,2
10,8.46561485357468,1.194682155135915,R10_F10_m1f10_P1_Y4_UO734,RD1_F3_m2f9_P2_Y2_UO10,RD10_F2_m9f2_P9_Y2_UO135,FXX,1,0.0,1,1,1.0,0,0,0,-9999.0,0.5,1,P1_CV0,1,1,1,0,2
10,8.46561485357468,1.194682155135915,R10_F10_m5f3_P5_Y4_UO324,RD5_F2_m9f2_P9_Y2_UO134,RD3_F9_m7f2_P7_Y1_UO166,FXX,1,0.0,1,1,1.0,0,0,0,-9999.0,0.6875,1,P1_CV0,1,1,1,1,1
10,8.46561485357468,1.194682155135915,R10_F10_m9f5_P9_Y4_UO226,RD9_F6_m2f6_P2_Y2_UO669,RD5_F8_m3f1_P3_Y2_UO190,FXX,1,0.0,1,1,1.0,0,0,0,-9999.0,0.625,1,P1_CV0,1,1,1,0,2
10,8.46561485357468,1.194682155135915,R10_F10_m2f6_P2_Y4_UO251,RD2_F1_m3f9_P3_Y2_UO612,RD6_F10_m5f6_P5_Y2_UO370,FXX,1,0.0,1,1,1.0,0,0,0,-9999.0,0.4375,1,P1_CV0,1,0,2,2,0
10,8.46561485357468,1.194682155135915,R10_F10_m1f4_P1_Y4_UO564,RD1_F8_m10f5_P10_Y2_UO179,RD4_F8_m7f5_P7_Y2_UO691,MXY,1,0.0,1,1,0.0,0,0,0,-9999.0,0.375,1,P1_CV0,1,1,1,0,2
10,8.46561485357468,1.194682155135915,R10_F10_m1f10_P1_Y4_UO736,RD1_F3_m2f9_P2_Y2_UO10,RD10_F2_m9f2_P9_Y2_UO135,FXX,1,0.0,1,1,1.0,0,0,0,-9999.0,0.5,1,P1_CV0,1,0,2,1,1
10,8.46561485357468,1.194682155135915,R10_F10_m4f7_P4_Y4_UO217,RD4_F7_m4f7_P4_Y2_UO309,RD7_F8_m2f5_P2_Y2_UO530,FXX,1,0.0,1,1,1.0,0,0,0,-9999.0,0.5625,1,P1_CV0,1,1,1,0,2
10,8.46561485357468,1.194682155135915,R10_F10_m5f2_P5_Y4_UO408,RD5_F1_m7f6_P7_Y2_UO484,RD2_F3_m1f7_P1_Y2_UO481,FXX,1,0.0,1,1,1.0,0,0,0,-9999.0,0.4375,1,P1_CV0,1,1,1,1,1
10,8.46561485357468,1.194682155135915,R10_F10_m8f4_P8_Y4_UO361,RD8_F4_m6f10_P6_Y2_UO536,RD4_F7_m3f4_P3_Y2_UO562,MXY,1,0.0,1,1,0.0,0,0,0,-9999.0,0.375,1,P1_CV0,1,2,0,0,2
10,8.46561485357468,1.194682155135915,R10_F10_m7f9_P7_Y4_UO670,RD7_F8_m1f2_P1_Y2_UO346,RD9_F8_m4f9_P4_Y2_UO401,MXY,1,0.0,1,1,0.0,0,0,0,-9999.0,0.4375,1,P1_CV0,1,0,2,0,2
10,8.46561485357468,1.194682155135915,R10_F10_m5f6_P5_Y4_UO23,RD5_F6_m3f1_P3_Y2_UO195,RD6_F9_m10f1_P10_Y2_UO216,FXX,1,0.0,1,1,1.0,0,0,0,-9999.0,0.4375,1,P1_CV0,1,1,1,1,1
10,8.46561485357468,1.194682155135915,R10_F10_m4f3_P4_Y3_UO255,RD4_F7_m6f9_P6_Y1_UO139,RD3_F9_m5f2_P5_Y1_UO100,MXY,2,0.0,1,0,0.0,0,0,0,-9999.0,0.5,1,P1_CV0,1,1,1,1,1
10,8.46561485357468,1.194682155135915,R10_F10_m2f6_P2_Y0_UO455,R2_F2_m-1f-1_P2_Y-1_U9,R6_F6_m-1f-1_P6_Y-1_U54,FXX,5,0.0,1,0,1.0,0,0,0,-9999.0,0.5,1,P1_CV0,1,1,1,1,1
10,8.46561485357468,1.194682155135915,Age0_F10_m10f5_P10_Y5_UO315,RD10_F1_m10f3_P10_Y3_UO90,RD5_F7_m6f3_P6_Y3_UO119,FXX,0,0.0,0,0,0.0,0,0,0,0.0,0.4375,1,P2_CV0,1,1,1,1,1
10,8.46561485357468,1.194682155135915,Age0_F10_m10f5_P10_Y5_UO317,RD10_F1_m10f3_P10_Y3_UO90,RD5_F7_m6f3_P6_Y3_UO119,FXX,0,0.0,0,0,0.0,0,0,0,0.0,0.4375,1,P2_CV0,1,1,1,1,1
10,8.46561485357468,1.194682155135915,Age0_F10_m10f5_P10_Y5_UO320,RD10_F1_m10f3_P10_Y3_UO90,RD5_F7_m6f3_P6_Y3_UO119,FXX,0,0.0,0,0,0.0,0,0,0,0.0,0.4375,1,P2_CV0,1,1,1,2,0
10,8.46561485357468,1.194682155135915,Age0_F10_m10f5_P10_Y5_UO321,RD10_F1_m10f3_P10_Y3_UO90,RD5_F7_m6f3_P6_Y3_UO119,FXX,0,0.0,0,0,0.0,0,0,0,0.0,0.4375,1,P2_CV0,1,1,1,1,1
10,8.46561485357468,1.194682155135915,Age0_F10_m10f5_P10_Y5_UO322,RD10_F1_m10f3_P10_Y3_UO90,RD5_F7_m6f3_P6_Y3_UO119,MXY,0,0.0,0,0,0.0,0,0,0,0.0,0.4375,1,P2_CV0,1,1,1,1,1
10,8.46561485357468,1.194682155135915,Age0_F10_m10f5_P10_Y5_UO323,RD10_F1_m10f3_P10_Y3_UO90,RD5_F7_m6f3_P6_Y3_UO119,FXX,0,0.0,0,0,0.0,0,0,0,0.0,0.4375,1,P2_CV0,1,1,1,1,1
10,8.46561485357468,1.194682155135915,Age0_F10_m10f5_P10_Y5_UO324,RD10_F1_m10f3_P10_Y3_UO90,RD5_F7_m6f3_P6_Y3_UO119,MXY,0,0.0,0,0,0.0,0,0,0,0.0,0.4375,1,P2_CV0,1,1,1,2,0
10,8.46561485357468,1.194682155135915,Age0_F10_m10f5_P10_Y5_UO325,RD10_F1_m10f3_P10_Y3_UO90,RD5_F7_m6f3_P6_Y3_UO119,MXY,0,0.0,0,0,0.0,0,0,0,0.0,0.4375,1,P2_CV0,1,1,1,1,1
10,8.46561485357468,1.194682155135915,Age0_F10_m10f5_P10_Y5_UO326,RD10_F1_m10f3_P10_Y3_UO90,RD5_F7_m6f3_P6_Y3_UO119,FXX,0,0.0,0,0,0.0,0,0,0,0.0,0.4375,1,P2_CV0,1,1,1,1,1
10,8.46561485357468,1.194682155135915,R10_F10_m2f7_P2_Y4_UO35,RD2_F9_m6f9_P6_Y2_UO728,RD7_F3_m9f3_P9_Y2_UO510,MXY,1,0.0,1,1,0.0,0,0,0,-9999.0,0.4375,1,P2_CV0,1,1,1,1,1
10,8.46561485357468,1.194682155135915,R10_F10_m1f6_P1_Y4_UO82,RD1_F2_m4f6_P4_Y2_UO317,RD6_F8_m6f4_P6_Y2_UO330,MXY,1,0.0,1,1,0.0,0,0,0,-9999.0,0.625,1,P2_CV0,1,1,1,0,2
10,8.46561485357468,1.194682155135915,R10_F10_m2f6_P2_Y4_UO51,RD2_F8_m2f3_P2_Y2_UO528,RD6_F7_m1f6_P1_Y2_UO465,FXX,1,0.0,1,1,1.0,0,0,0,-9999.0,0.4375,1,P2_CV0,1,1,1,1,1
10,8.46561485357468,1.194682155135915,R10_F10_m2f7_P2_Y3_UO99,RD2_F9_m1f6_P1_Y1_UO234,RD7_F9_m7f3_P7_Y1_UO155,MXY,2,0.0,1,0,0.0,0,0,0,-9999.0,0.5,1,P2_CV0,1,1,1,1,1
10,8.46561485357468,1.194682155135915,R10_F10_m2f3_P2_Y2_UO528,RD2_F9_m1f6_P1_Y0_UO515,RD3_F4_m1f3_P1_Y0_UO416,FXX,3,0.0,1,0,1.0,0,0,0,-9999.0,0.375,1,P2_CV0,1,0,2,1,1
10,8.46561485357468,1.194682155135915,R10_F10_m6f3_P6_Y4_UO101,RD6_F9_m2f8_P2_Y2_UO380,RD3_F4_m8f2_P8_Y2_UO459,FXX,1,0.0,1,1,1.0,0,0,0,-9999.0,0.5,1,P3_CV0,1,1,1,2,0
10,8.46561485357468,1.194682155135915,R10_F10_m2f3_P2_Y4_UO496,RD2_F1_m5f7_P5_Y2_UO427,RD3_F5_m1f3_P1_Y2_UO384,MXY,1,0.0,1,1,0.0,0,0,0,-9999.0,0.375,1,P3_CV0,1,1,1,0,2
10,8.46561485357468,1.194682155135915,R10_F10_m2f3_P2_Y4_UO499,RD2_F1_m5f7_P5_Y2_UO427,RD3_F5_m1f3_P1_Y2_UO384,MXY,1,0.0,1,1,0.0,0,0,0,-9999.0,0.375,1,P3_CV0,1,1,1,1,1
10,8.46561485357468,1.194682155135915,Age0_F10_m10f1_P10_Y5_UO33,RD10_F9_m2f5_P2_Y3_UO17,RD1_F10_m3f9_P3_Y2_UO616,MXY,0,0.0,0,0,0.0,0,0,0,0.0,0.3125,1,P5_CV0,1,0,2,1,1
10,8.46561485357468,1.194682155135915,Age0_F10_m10f1_P10_Y5_UO37,RD10_F9_m2f5_P2_Y3_UO17,RD1_F10_m3f9_P3_Y2_UO616,FXX,0,0.0,0,0,0.0,0,0,0,0.0,0.3125,1,P5_CV0,1,0,2,1,1
10,8.46561485357468,1.194682155135915,Age0_F10_m10f1_P10_Y5_UO40,RD10_F9_m2f5_P2_Y3_UO17,RD1_F10_m3f9_P3_Y2_UO616,MXY,0,0.0,0,0,0.0,0,0,0,0.0,0.3125,1,P5_CV0,1,0,2,1,1
10,8.46561485357468,1.194682155135915,Age0_F10_m10f1_P10_Y5_UO41,RD10_F9_m2f5_P2_Y3_UO17,RD1_F10_m3f9_P3_Y2_UO616,MXY,0,0.0,0,0,0.0,0,0,0,0.0,0.3125,1,P5_CV0,1,0,2,2,0
10,8.46561485357468,1.194682155135915,R10_F10_m8f7_P8_Y4_UO327,RD8_F9_m2f5_P2_Y2_UO681,RD7_F8_m4f6_P4_Y2_UO709,FXX,1,0.0,1,1,1.0,0,0,0,-9999.0,0.5625,1,P5_CV0,1,0,2,1,1
10,8.46561485357468,1.194682155135915,R10_F10_m1f6_P1_Y4_UO79,RD1_F2_m4f6_P4_Y2_UO317,RD6_F8_m6f4_P6_Y2_UO330,MXY,1,0.0,1,1,0.0,0,0,0,-9999.0,0.625,1,P5_CV0,1,1,1,0,2
10,8.46561485357468,1.194682155135915,R10_F10_m5f1_P5_Y4_UO530,RD5_F1_m10f3_P10_Y2_UO122,RD1_F7_m6f5_P6_Y0_UO482,MXY,1,0.0,1,1,0.0,0,0,0,-9999.0,0.375,1,P5_CV0,1,1,1,1,1
10,8.46561485357468,1.194682155135915,Age0_F10_m10f9_P10_Y5_UO354,RD10_F9_m2f5_P2_Y3_UO17,RD9_F6_m10f6_P10_Y3_UO539,MXY,0,0.0,0,0,0.0,0,0,0,0.0,0.4375,1,P6_CV0,1,0,2,1,1
10,8.46561485357468,1.194682155135915,Age0_F10_m10f9_P10_Y5_UO355,RD10_F9_m2f5_P2_Y3_UO17,RD9_F6_m10f6_P10_Y3_UO539,FXX,0,0.0,0,0,0.0,0,0,0,0.0,0.4375,1,P6_CV0,1,0,2,1,1
10,8.46561485357468,1.194682155135915,Age0_F10_m10f9_P10_Y5_UO356,RD10_F9_m2f5_P2_Y3_UO17,RD9_F6_m10f6_P10_Y3_UO539,MXY,0,0.0,0,0,0.0,0,0,0,0.0,0.4375,1,P6_CV0,1,1,1,2,0
10,8.46561485357468,1.194682155135915,R10_F10_m1f3_P1_Y4_UO649,RD1_F10_m5f6_P5_Y2_UO372,RD3_F7_m5f8_P5_Y1_UO83,MXY,1,0.0,1,1,0.0,0,0,0,-9999.0,0.375,1,P6_CV0,1,0,2,1,1
10,8.46561485357468,1.194682155135915,R10_F10_m6f3_P6_Y4_UO522,RD6_F9_m2f8_P2_Y2_UO380,RD3_F5_m8f9_P8_Y0_UO18,MXY,1,0.0,1,1,0.0,0,0,0,-9999.0,0.625,1,P6_CV0,1,1,1,1,1
10,8.46561485357468,1.194682155135915,R10_F10_m5f2_P5_Y4_UO709,RD5_F6_m9f3_P9_Y2_UO651,RD2_F4_m8f7_P8_Y2_UO489,MXY,1,0.0,1,1,0.0,0,0,0,-9999.0,0.6875,1,P6_CV0,1,2,0,1,1
10,8.46561485357468,1.194682155135915,R10_F10_m2f7_P2_Y4_UO36,RD2_F9_m6f9_P6_Y2_UO728,RD7_F3_m9f3_P9_Y2_UO510,MXY,1,0.0,1,1,0.0,0,0,0,-9999.0,0.4375,1,P6_CV0,1,0,2,0,2
10,8.46561485357468,1.194682155135915,R10_F10_m3f5_P3_Y4_UO356,RD3_F6_m7f8_P7_Y2_UO99,RD5_F9_m10f9_P10_Y2_UO285,FXX,1,0.0,1,1,1.0,0,0,0,-9999.0,0.6875,1,P6_CV0,1,1,1,0,2
10,8.46561485357468,1.194682155135915,R10_F10_m9f6_P9_Y4_UO239,RD9_F10_m7f2_P7_Y2_UO503,RD6_F9_m3f8_P3_Y2_UO361,MXY,1,0.0,1,1,0.0,0,0,0,-9999.0,0.5625,1,P6_CV0,1,2,0,2,0
10,8.46561485357468,1.194682155135915,R10_F10_m7f3_P7_Y4_UO123,RD7_F3_m5f6_P5_Y2_UO364,RD3_F5_m1f3_P1_Y2_UO384,FXX,1,0.0,1,1,1.0,0,0,0,-9999.0,0.375,1,P6_CV0,1,1,1,1,1
10,8.46561485357468,1.194682155135915,Age0_F10_m10f6_P10_Y5_UO307,RD10_F9_m2f5_P2_Y3_UO17,RD6_F8_m4f3_P4_Y3_UO152,MXY,0,0.0,0,0,0.0,0,0,0,0.0,0.3125,1,P7_CV0,1,0,2,2,0
10,8.46561485357468,1.194682155135915,Age0_F10_m10f6_P10_Y5_UO308,RD10_F9_m2f5_P2_Y3_UO17,RD6_F8_m4f3_P4_Y3_UO152,FXX,0,0.0,0,0,0.0,0,0,0,0.0,0.3125,1,P7_CV0,1,0,2,0,2
10,8.46561485357468,1.194682155135915,Age0_F10_m10f6_P10_Y5_UO311,RD10_F9_m2f5_P2_Y3_UO17,RD6_F8_m4f3_P4_Y3_UO152,MXY,0,0.0,0,0,0.0,0,0,0,0.0,0.3125,1,P7_CV0,1,1,1,2,0
10,8.46561485357468,1.194682155135915,R10_F10_m1f6_P1_Y4_UO15,RD1_F3_m2f9_P2_Y2_UO10,RD6_F8_m9f2_P9_Y2_UO246,MXY,1,0.0,1,1,0.0,0,0,0,-9999.0,0.5625,1,P7_CV0,1,1,1,0,2
10,8.46561485357468,1.194682155135915,R10_F10_m4f7_P4_Y4_UO557,RD4_F8_m6f2_P6_Y2_UO725,RD7_F8_m10f3_P10_Y2_UO117,MXY,1,0.0,1,1,0.0,0,0,0,-9999.0,0.5625,1,P7_CV0,1,2,0,0,2
10,8.46561485357468,1.194682155135915,R10_F10_m1f4_P1_Y4_UO565,RD1_F8_m10f5_P10_Y2_UO179,RD4_F8_m7f5_P7_Y2_UO691,MXY,1,0.0,1,1,0.0,0,0,0,-9999.0,0.375,1,P7_CV0,1,0,2,0,2
10,8.46561485357468,1.194682155135915,R10_F10_m1f10_P1_Y4_UO738,RD1_F3_m2f9_P2_Y2_UO10,RD10_F2_m9f2_P9_Y2_UO135,FXX,1,0.0,1,1,1.0,0,0,0,-9999.0,0.5,1,P7_CV0,1,0,2,2,0
10,8.46561485357468,1.194682155135915,R10_F10_m3f4_P3_Y4_UO150,RD3_F9_m6f3_P6_Y2_UO502,RD4_F7_m3f4_P3_Y2_UO562,FXX,1,0.0,1,1,1.0,0,0,0,-9999.0,0.5625,1,P7_CV0,1,2,0,0,2
10,8.46561485357468,1.194682155135915,R10_F10_m1f10_P1_Y4_UO602,RD1_F10_m6f4_P6_Y2_UO328,RD10_F3_m6f3_P6_Y2_UO664,FXX,1,0.0,1,1,1.0,0,0,0,-9999.0,0.75,1,P7_CV0,1,2,0,0,2
10,8.46561485357468,1.194682155135915,R10_F10_m1f10_P1_Y4_UO471,RD1_F8_m10f5_P10_Y2_UO179,RD10_F9_m6f8_P6_Y2_UO250,FXX,1,0.0,1,1,1.0,0,0,0,-9999.0,0.4375,1,P7_CV0,1,1,1,1,1
10,8.46561485357468,1.194682155135915,R10_F10_m1f5_P1_Y4_UO542,RD1_F3_m2f9_P2_Y2_UO10,RD5_F9_m10f9_P10_Y2_UO285,MXY,1,0.0,1,1,0.0,0,0,0,-9999.0,0.5625,1,P7_CV0,1,2,0,2,0
10,8.46561485357468,1.194682155135915,R10_F10_m9f6_P9_Y4_UO222,RD9_F1_m6f3_P6_Y2_UO500,RD6_F8_m6f4_P6_Y2_UO330,MXY,1,0.0,1,1,0.0,0,0,0,-9999.0,0.8125,1,P7_CV0,1,2,0,1,1
10,8.46561485357468,1.194682155135915,R10_F10_m1f6_P1_Y4_UO17,RD1_F3_m2f9_P2_Y2_UO10,RD6_F8_m9f2_P9_Y2_UO246,MXY,1,0.0,1,1,0.0,0,0,0,-9999.0,0.5625,1,P7_CV0,1,2,0,1,1
10,8.46561485357468,1.194682155135915,R10_F10_m1f5_P1_Y4_UO547,RD1_F3_m2f9_P2_Y2_UO10,RD5_F9_m10f9_P10_Y2_UO285,MXY,1,0.0,1,1,0.0,0,0,0,-9999.0,0.5625,1,P7_CV0,1,1,1,1,1
10,8.46561485357468,1.194682155135915,R10_F10_m10f3_P10_Y2_UO119,RD10_F3_m8f7_P8_Y0_UO466,RD3_F5_m4f2_P4_Y0_UO441,FXX,3,0.0,1,0,1.0,0,0,0,-9999.0,0.5,1,P7_CV0,1,0,2,1,1
10,8.46561485357468,1.194682155135915,Age0_F10_m10f5_P10_Y5_UO312,RD10_F1_m10f3_P10_Y3_UO90,RD5_F7_m6f3_P6_Y3_UO119,MXY,0,0.0,0,0,0.0,0,0,0,0.0,0.4375,1,P8_CV0,1,1,1,1,1
10,8.46561485357468,1.194682155135915,Age0_F10_m10f5_P10_Y5_UO313,RD10_F1_m10f3_P10_Y3_UO90,RD5_F7_m6f3_P6_Y3_UO119,FXX,0,0.0,0,0,0.0,0,0,0,0.0,0.4375,1,P8_CV0,1,1,1,2,0
10,8.46561485357468,1.194682155135915,Age0_F10_m10f5_P10_Y5_UO314,RD10_F1_m10f3_P10_Y3_UO90,RD5_F7_m6f3_P6_Y3_UO119,MXY,0,0.0,0,0,0.0,0,0,0,0.0,0.4375,1,P8_CV0,1,1,1,2,0
10,8.46561485357468,1.194682155135915,Age0_F10_m10f5_P10_Y5_UO316,RD10_F1_m10f3_P10_Y3_UO90,RD5_F7_m6f3_P6_Y3_UO119,FXX,0,0.0,0,0,0.0,0,0,0,0.0,0.4375,1,P8_CV0,1,1,1,2,0
10,8.46561485357468,1.194682155135915,Age0_F10_m10f5_P10_Y5_UO318,RD10_F1_m10f3_P10_Y3_UO90,RD5_F7_m6f3_P6_Y3_UO119,MXY,0,0.0,0,0,0.0,0,0,0,0.0,0.4375,1,P8_CV0,1,1,1,2,0
10,8.46561485357468,1.194682155135915,Age0_F10_m10f5_P10_Y5_UO319,RD10_F1_m10f3_P10_Y3_UO90,RD5_F7_m6f3_P6_Y3_UO119,FXX,0,0.0,0,0,0.0,0,0,0,0.0,0.4375,1,P8_CV0,1,1,1,2,0
10,8.46561485357468,1.194682155135915,R10_F10_m4f5_P4_Y2_UO23,RD4_F6_m10f3_P10_Y0_UO172,RD5_F4_m9f2_P9_Y0_UO129,MXY,3,0.0,1,0,0.0,0,0,0,-9999.0,0.5,1,P8_CV0,1,2,0,0,2
10,8.46561485357468,1.194682155135915,Age0_F10_m10f1_P10_Y5_UO34,RD10_F9_m2f5_P2_Y3_UO17,RD1_F10_m3f9_P3_Y2_UO616,FXX,0,0.0,0,0,0.0,0,0,0,0.0,0.3125,1,P9_CV0,1,0,2,2,0
10,8.46561485357468,1.194682155135915,Age0_F10_m10f1_P10_Y5_UO35,RD10_F9_m2f5_P2_Y3_UO17,RD1_F10_m3f9_P3_Y2_UO616,MXY,0,0.0,0,0,0.0,0,0,0,0.0,0.3125,1,P9_CV0,1,0,2,1,1
10,8.46561485357468,1.194682155135915,Age0_F10_m10f1_P10_Y5_UO36,RD10_F9_m2f5_P2_Y3_UO17,RD1_F10_m3f9_P3_Y2_UO616,FXX,0,0.0,0,0,0.0,0,0,0,0.0,0.3125,1,P9_CV0,1,0,2,1,1
10,8.46561485357468,1.194682155135915,Age0_F10_m10f1_P10_Y5_UO38,RD10_F9_m2f5_P2_Y3_UO17,RD1_F10_m3f9_P3_Y2_UO616,MXY,0,0.0,0,0,0.0,0,0,0,0.0,0.3125,1,P9_CV0,1,0,2,2,0
10,8.46561485357468,1.194682155135915,Age0_F10_m10f1_P10_Y5_UO39,RD10_F9_m2f5_P2_Y3_UO17,RD1_F10_m3f9_P3_Y2_UO616,MXY,0,0.0,0,0,0.0,0,0,0,0.0,0.3125,1,P9_CV0,1,0,2,2,0
10,8.46561485357468,1.194682155135915,Age0_F10_m10f1_P10_Y5_UO42,RD10_F9_m2f5_P2_Y3_UO17,RD1_F10_m3f9_P3_Y2_UO616,FXX,0,0.0,0,0,0.0,0,0,0,0.0,0.3125,1,P9_CV0,1,0,2,2,0
10,8.46561485357468,1.194682155135915,Age0_F10_m10f1_P10_Y5_UO43,RD10_F9_m2f5_P2_Y3_UO17,RD1_F10_m3f9_P3_Y2_UO616,MXY,0,0.0,0,0,0.0,0,0,0,0.0,0.3125,1,P9_CV0,1,0,2,2,0
10,8.46561485357468,1.194682155135915,Age0_F10_m10f6_P10_Y5_UO304,RD10_F9_m2f5_P2_Y3_UO17,RD6_F8_m4f3_P4_Y3_UO152,MXY,0,0.0,0,0,0.0,0,0,0,0.0,0.3125,1,P9_CV0,1,1,1,1,1
10,8.46561485357468,1.194682155135915,Age0_F10_m10f6_P10_Y5_UO305,RD10_F9_m2f5_P2_Y3_UO17,RD6_F8_m4f3_P4_Y3_UO152,FXX,0,0.0,0,0,0.0,0,0,0,0.0,0.3125,1,P9_CV0,1,0,2,1,1
10,8.46561485357468,1.194682155135915,Age0_F10_m10f6_P10_Y5_UO306,RD10_F9_m2f5_P2_Y3_UO17,RD6_F8_m4f3_P4_Y3_UO152,FXX,0,0.0,0,0,0.0,0,0,0,0.0,0.3125,1,P9_CV0,1,0,2,1,1
10,8.46561485357468,1.194682155135915,Age0_F10_m10f6_P10_Y5_UO309,RD10_F9_m2f5_P2_Y3_UO17,RD6_F8_m4f3_P4_Y3_UO152,MXY,0,0.0,0,0,0.0,0,0,0,0.0,0.3125,1,P9_CV0,1,1,1,1,1
10,8.46561485357468,1.194682155135915,Age0_F10_m10f6_P10_Y5_UO310,RD10_F9_m2f5_P2_Y3_UO17,RD6_F8_m4f3_P4_Y3_UO152,FXX,0,0.0,0,0,0.0,0,0,0,0.0,0.3125,1,P9_CV0,1,1,1,0,2
10,8.46561485357468,1.194682155135915,Age0_F10_m10f9_P10_Y5_UO349,RD10_F9_m2f5_P2_Y3_UO17,RD9_F6_m10f6_P10_Y3_UO539,MXY,0,0.0,0,0,0.0,0,0,0,0.0,0.4375,1,P9_CV0,1,1,1,1,1
10,8.46561485357468,1.194682155135915,Age0_F10_m10f9_P10_Y5_UO350,RD10_F9_m2f5_P2_Y3_UO17,RD9_F6_m10f6_P10_Y3_UO539,FXX,0,0.0,0,0,0.0,0,0,0,0.0,0.4375,1,P9_CV0,1,1,1,1,1
10,8.46561485357468,1.194682155135915,Age0_F10_m10f9_P10_Y5_UO351,RD10_F9_m2f5_P2_Y3_UO17,RD9_F6_m10f6_P10_Y3_UO539,FXX,0,0.0,0,0,0.0,0,0,0,0.0,0.4375,1,P9_CV0,1,1,1,2,0
10,8.46561485357468,1.194682155135915,Age0_F10_m10f9_P10_Y5_UO352,RD10_F9_m2f5_P2_Y3_UO17,RD9_F6_m10f6_P10_Y3_UO539,FXX,0,0.0,0,0,0.0,0,0,0,0.0,0.4375,1,P9_CV0,1,0,2,0,2
10,8.46561485357468,1.194682155135915,Age0_F10_m10f9_P10_Y5_UO353,RD10_F9_m2f5_P2_Y3_UO17,RD9_F6_m10f6_P10_Y3_UO539,MXY,0,0.0,0,0,0.0,0,0,0,0.0,0.4375,1,P9_CV0,1,1,1,2,0
10,8.46561485357468,1.194682155135915,Age0_F10_m10f9_P10_Y5_UO357,RD10_F9_m2f5_P2_Y3_UO17,RD9_F6_m10f6_P10_Y3_UO539,MXY,0,0.0,0,0,0.0,0,0,0,0.0,0.4375,1,P9_CV0,1,1,1,0,2
10,8.46561485357468,1.194682155135915,Age0_F10_m10f9_P10_Y5_UO358,RD10_F9_m2f5_P2_Y3_UO17,RD9_F6_m10f6_P10_Y3_UO539,FXX,0,0.0,0,0,0.0,0,0,0,0.0,0.4375,1,P9_CV0,1,0,2,0,2
10,8.46561485357468,1.194682155135915,R10_F10_m3f10_P3_Y4_UO153,RD3_F2_m5f6_P5_Y2_UO592,RD10_F3_m1f3_P1_Y1_UO553,MXY,1,0.0,1,1,0.0,0,0,0,-9999.0,0.5625,1,P9_CV0,1,1,1,0,2
10,8.46561485357468,1.194682155135915,R10_F10_m2f9_P2_Y4_UO368,RD2_F5_m10f1_P10_Y2_UO218,RD9_F7_m4f9_P4_Y2_UO589,FXX,1,0.0,1,1,1.0,0,0,0,-9999.0,0.3125,1,P9_CV0,1,0,2,1,1
10,8.46561485357468,1.194682155135915,R10_F10_m1f3_P1_Y4_UO443,RD1_F6_m10f5_P10_Y2_UO177,RD3_F2_m8f7_P8_Y2_UO278,MXY,1,0.0,1,1,0.0,0,0,0,-9999.0,0.5625,1,P9_CV0,1,2,0,1,1
10,8.46561485357468,1.194682155135915,R10_F10_m3f10_P3_Y4_UO155,RD3_F2_m5f6_P5_Y2_UO592,RD10_F3_m1f3_P1_Y1_UO553,MXY,1,0.0,1,1,0.0,0,0,0,-9999.0,0.5625,1,P9_CV0,1,1,1,0,2
10,8.46561485357468,1.194682155135915,R10_F10_m5f6_P5_Y4_UO293,RD5_F9_m6f10_P6_Y2_UO699,RD6_F9_m10f1_P10_Y2_UO216,MXY,1,0.0,1,1,0.0,0,0,0,-9999.0,0.25,1,P9_CV0,1,0,2,2,0
10,8.46561485357468,1.194682155135915,R10_F10_m9f6_P9_Y4_UO316,RD9_F8_m2f3_P2_Y2_UO527,RD6_F7_m5f6_P5_Y2_UO603,MXY,1,0.0,1,1,0.0,0,0,0,-9999.0,0.5,1,P9_CV0,1,2,0,0,2
10,8.46561485357468,1.194682155135915,R10_F10_m3f10_P3_Y4_UO154,RD3_F2_m5f6_P5_Y2_UO592,RD10_F3_m1f3_P1_Y1_UO553,FXX,1,0.0,1,1,1.0,0,0,0,-9999.0,0.5625,1,P9_CV0,1,1,1,0,2
10,8.46561485357468,1.194682155135915,R10_F10_m9f10_P9_Y3_UO481,RD9_F10_m9f1_P9_Y1_UO280,RD10_F5_m1f10_P1_Y1_UO324,MXY,2,0.0,1,0,0.0,0,0,0,-9999.0,0.375,1,P9_CV0,1,1,1,1,1
10,8.46561485357468,1.194682155135915,R10_F10_m1f6_P1_Y3_UO140,RD1_F3_m6f5_P6_Y1_UO14,RD6_F10_m1f7_P1_Y1_UO459,FXX,2,0.0,1,0,1.0,0,0,0,-9999.0,0.75,1,P9_CV0,1,2,0,1,1
