PatchID,XCOORD,YCOORD,ID,MID,FID,sex,age,size,mature,newmature,layeggs,capture,recapture,state,CDist,Hindex,Species,ClassFile,SubPatchID,L0A0,L0A1,L1A0,L1A1
1,0.5488135039273248,0.7151893663724195,R1_F1_m1f19_P1_Y7_UO548,R1_F1_m1f19_P1_Y5_UO1037,R19_F19_m19f17_P19_Y5_UO957,FXX,1,0.0,0,0,0.0,0,0,0,-9999.0,0.5,1,P0_CV0,1,1,1,1,1
1,0.5488135039273248,0.7151893663724195,R1_F1_m1f19_P1_Y7_UO551,R1_F1_m1f19_P1_Y5_UO1037,R19_F19_m19f17_P19_Y5_UO957,MXY,1,0.0,0,0,0.0,0,0,0,-9999.0,0.5,1,P0_CV0,1,1,1,2,0
1,0.5488135039273248,0.7151893663724195,R1_F1_m1f19_P1_Y7_UO553,R1_F1_m1f19_P1_Y5_UO1037,R19_F19_m19f17_P19_Y5_UO957,FXX,1,0.0,0,0,0.0,0,0,0,-9999.0,0.5,1,P0_CV0,1,1,1,1,1
1,0.5488135039273248,0.7151893663724195,R1_F1_m4f7_P4_Y6_UO274,RD4_F12_m1f19_P1_Y4_UO1307,RD7_F12_m1f19_P1_Y4_UO670,FXX,2,0.0,1,0,1.0,0,0,0,-9999.0,0.5625,1,P0_CV0,1,1,1,2,0
1,0.5488135039273248,0.7151893663724195,RD1_F12_m1f19_P1_Y6_UO367,R1_F1_m1f19_P1_Y4_UO486,R19_F19_m2f19_P2_Y4_UO1443,FXX,2,0.0,1,0,1.0,0,0,0,-9999.0,0.46875,1,P0_CV0,1,2,0,1,1
1,0.5488135039273248,0.7151893663724195,R1_F1_m1f19_P1_Y6_UO395,R1_F1_m10f7_P10_Y4_UO853,RD19_F2_m15f17_P15_Y3_UO237,MXY,2,0.0,1,0,0.0,0,0,0,-9999.0,0.5,1,P10_CV0,1,2,0,1,1
1,0.5488135039273248,0.7151893663724195,R1_F1_m1f19_P1_Y6_UO394,R1_F1_m10f7_P10_Y4_UO853,RD19_F2_m15f17_P15_Y3_UO237,FXX,2,0.0,1,0,1.0,0,0,0,-9999.0,0.5,1,P10_CV0,1,2,0,0,2
1,0.5488135039273248,0.7151893663724195,R1_F1_m1f12_P1_Y6_UO481,R1_F1_m1f12_P1_Y4_UO129,R12_F12_m4f12_P4_Y4_UO27,MXY,2,0.0,1,0,0.0,0,0,0,-9999.0,0.59375,1,P11_CV0,1,1,1,1,1
1,0.5488135039273248,0.7151893663724195,R1_F1_m1f3_P1_Y6_UO1059,RD1_F12_m12f3_P12_Y4_UO430,RD3_F17_m1f19_P1_Y4_UO485,MXY,2,0.0,1,0,0.0,0,0,0,-9999.0,0.5625,1,P11_CV0,1,1,1,1,1
1,0.5488135039273248,0.7151893663724195,R1_F1_m1f19_P1_Y6_UO317,R1_F1_m19f2_P19_Y4_UO197,R19_F19_m19f2_P19_Y4_UO1131,MXY,2,0.0,1,0,0.0,0,0,0,-9999.0,0.65625,1,P11_CV0,1,1,1,1,1
1,0.5488135039273248,0.7151893663724195,R1_F1_m12f4_P12_Y6_UO616,RD12_F1_m1f12_P1_Y4_UO1107,RD4_F12_m1f12_P1_Y4_UO167,MXY,2,0.0,1,0,0.0,0,0,0,-9999.0,0.1875,1,P11_CV0,1,0,2,0,2
1,0.5488135039273248,0.7151893663724195,R1_F1_m1f12_P1_Y6_UO724,RD1_F12_m4f12_P4_Y4_UO1457,R12_F12_m4f12_P4_Y4_UO27,FXX,2,0.0,1,0,1.0,0,0,0,-9999.0,0.46875,1,P11_CV0,1,1,1,1,1
1,0.5488135039273248,0.7151893663724195,R1_F1_m12f4_P12_Y6_UO782,RD12_F1_m1f3_P1_Y4_UO1302,RD4_F12_m1f19_P1_Y4_UO669,FXX,2,0.0,1,0,1.0,0,0,0,-9999.0,0.5,1,P11_CV0,1,2,0,0,2
1,0.5488135039273248,0.7151893663724195,R1_F1_m1f19_P1_Y6_UO318,R1_F1_m19f2_P19_Y4_UO197,R19_F19_m19f2_P19_Y4_UO1131,FXX,2,0.0,1,0,1.0,0,0,0,-9999.0,0.65625,1,P11_CV0,1,1,1,1,1
1,0.5488135039273248,0.7151893663724195,R1_F1_m3f17_P3_Y6_UO399,R3_F3_m17f3_P17_Y4_UO1395,RD17_F3_m3f17_P3_Y4_UO210,FXX,2,0.0,1,0,1.0,0,0,0,-9999.0,0.625,1,P11_CV0,1,1,1,1,1
1,0.5488135039273248,0.7151893663724195,R1_F1_m12f1_P12_Y6_UO931,R12_F12_m12f1_P12_Y4_UO1287,R1_F1_m3f17_P3_Y3_UO479,MXY,2,0.0,1,0,0.0,0,0,0,-9999.0,0.4375,1,P16_CV0,1,1,1,1,1
1,0.5488135039273248,0.7151893663724195,R1_F1_m1f3_P1_Y6_UO1057,RD1_F12_m12f3_P12_Y4_UO430,RD3_F17_m1f19_P1_Y4_UO485,FXX,2,0.0,1,0,1.0,0,0,0,-9999.0,0.5625,1,P16_CV0,1,1,1,1,1
1,0.5488135039273248,0.7151893663724195,R1_F1_m17f2_P17_Y6_UO937,R17_F17_m17f3_P17_Y4_UO225,RD2_F19_m19f2_P19_Y4_UO382,FXX,2,0.0,1,0,1.0,0,0,0,-9999.0,0.5,1,P16_CV0,1,1,1,1,1
1,0.5488135039273248,0.7151893663724195,R1_F1_m1f12_P1_Y6_UO88,R1_F1_m1f19_P1_Y4_UO1123,R12_F12_m4f12_P4_Y4_UO161,FXX,2,0.0,1,0,1.0,0,0,0,-9999.0,0.4375,1,P16_CV0,1,0,2,1,1
1,0.5488135039273248,0.7151893663724195,RD1_F12_m1f3_P1_Y6_UO1058,RD1_F12_m12f3_P12_Y4_UO430,RD3_F17_m1f19_P1_Y4_UO485,FXX,2,0.0,1,0,1.0,0,0,0,-9999.0,0.5625,1,P16_CV0,1,1,1,1,1
1,0.5488135039273248,0.7151893663724195,R1_F1_m1f12_P1_Y6_UO743,R1_F1_m12f4_P12_Y4_UO44,R12_F12_m12f4_P12_Y4_UO1152,MXY,2,0.0,1,0,0.0,0,0,0,-9999.0,0.5,1,P18_CV0,1,0,2,1,1
1,0.5488135039273248,0.7151893663724195,R1_F1_m1f19_P1_Y6_UO1195,R1_F1_m1f19_P1_Y4_UO371,R19_F19_m19f2_P19_Y4_UO1318,MXY,2,0.0,1,0,0.0,0,0,0,-9999.0,0.59375,1,P18_CV0,1,2,0,2,0
1,0.5488135039273248,0.7151893663724195,R1_F1_m12f1_P12_Y6_UO1458,R12_F12_m4f12_P4_Y4_UO162,R1_F1_m1f12_P1_Y4_UO1084,FXX,2,0.0,1,0,1.0,0,0,0,-9999.0,0.53125,1,P18_CV0,1,0,2,2,0
1,0.5488135039273248,0.7151893663724195,R1_F1_m1f19_P1_Y6_UO1111,R1_F1_m19f2_P19_Y4_UO18,R19_F19_m19f2_P19_Y4_UO39,MXY,2,0.0,1,0,0.0,0,0,0,-9999.0,0.90625,1,P18_CV0,1,1,1,1,1
1,0.5488135039273248,0.7151893663724195,R1_F1_m19f2_P19_Y6_UO816,R19_F19_m19f2_P19_Y4_UO1109,R2_F2_m2f19_P2_Y4_UO1439,FXX,2,0.0,1,0,1.0,0,0,0,-9999.0,0.5,1,P18_CV0,1,1,1,1,1
1,0.5488135039273248,0.7151893663724195,R1_F1_m2f19_P2_Y6_UO1091,RD2_F15_m2f19_P2_Y4_UO1379,R19_F19_m19f2_P19_Y4_UO37,MXY,2,0.0,1,0,0.0,0,0,0,-9999.0,0.71875,1,P18_CV0,1,1,1,2,0
1,0.5488135039273248,0.7151893663724195,R1_F1_m1f12_P1_Y6_UO736,R1_F1_m19f2_P19_Y4_UO18,RD12_F4_m16f12_P16_Y4_UO1046,MXY,2,0.0,1,0,0.0,0,0,0,-9999.0,0.75,1,P18_CV0,1,1,1,2,0
1,0.5488135039273248,0.7151893663724195,R1_F1_m19f2_P19_Y6_UO1061,RD19_F2_m2f19_P2_Y4_UO595,R2_F2_m2f19_P2_Y4_UO746,FXX,2,0.0,1,0,1.0,0,0,0,-9999.0,0.53125,1,P18_CV0,1,1,1,1,1
1,0.5488135039273248,0.7151893663724195,R1_F1_m1f2_P1_Y6_UO1050,RD1_F12_m12f3_P12_Y4_UO430,R2_F2_m2f19_P2_Y4_UO597,FXX,2,0.0,1,0,1.0,0,0,0,-9999.0,0.5625,1,P18_CV0,1,1,1,0,2
1,0.5488135039273248,0.7151893663724195,R1_F1_m19f2_P19_Y6_UO391,R19_F19_m1f19_P1_Y4_UO671,RD2_F15_m2f19_P2_Y3_UO1126,MXY,2,0.0,1,0,0.0,0,0,0,-9999.0,0.59375,1,P18_CV0,1,1,1,0,2
1,0.5488135039273248,0.7151893663724195,RD1_F12_m1f12_P1_Y6_UO1525,RD1_F12_m4f12_P4_Y4_UO1457,R12_F12_m12f4_P12_Y3_UO287,FXX,2,0.0,1,0,1.0,0,0,0,-9999.0,0.625,1,P18_CV0,1,2,0,0,2
1,0.5488135039273248,0.7151893663724195,RD1_F12_m4f12_P4_Y6_UO239,R4_F4_m4f12_P4_Y4_UO662,R12_F12_m12f4_P12_Y4_UO639,MXY,2,0.0,1,0,0.0,0,0,0,-9999.0,0.53125,1,P18_CV0,1,1,1,2,0
1,0.5488135039273248,0.7151893663724195,RD1_F19_m2f19_P2_Y6_UO657,R2_F2_m2f19_P2_Y4_UO511,R19_F19_m19f2_P19_Y4_UO1318,MXY,2,0.0,1,0,0.0,0,0,0,-9999.0,0.625,1,P18_CV0,1,0,2,2,0
1,0.5488135039273248,0.7151893663724195,RD1_F19_m19f1_P19_Y6_UO276,R19_F19_m19f2_P19_Y4_UO1109,R1_F1_m1f19_P1_Y4_UO1124,FXX,2,0.0,1,0,1.0,0,0,0,-9999.0,0.46875,1,P18_CV0,1,0,2,2,0
1,0.5488135039273248,0.7151893663724195,RD1_F19_m19f1_P19_Y6_UO277,R19_F19_m19f2_P19_Y4_UO1109,R1_F1_m1f19_P1_Y4_UO1124,MXY,2,0.0,1,0,0.0,0,0,0,-9999.0,0.46875,1,P18_CV0,1,0,2,2,0
1,0.5488135039273248,0.7151893663724195,RD1_F19_m19f2_P19_Y6_UO1038,RD19_F2_m19f2_P19_Y4_UO1130,RD2_F19_m2f19_P2_Y4_UO1444,FXX,2,0.0,1,0,1.0,0,0,0,-9999.0,0.46875,1,P18_CV0,1,2,0,2,0
1,0.5488135039273248,0.7151893663724195,RD1_F19_m19f2_P19_Y6_UO1187,RD19_F2_m19f2_P19_Y4_UO1130,RD2_F19_m19f2_P19_Y3_UO562,FXX,2,0.0,1,0,1.0,0,0,0,-9999.0,0.53125,1,P18_CV0,1,1,1,2,0
1,0.5488135039273248,0.7151893663724195,RD1_F19_m19f2_P19_Y6_UO1189,RD19_F2_m19f2_P19_Y4_UO1130,RD2_F19_m19f2_P19_Y3_UO562,MXY,2,0.0,1,0,0.0,0,0,0,-9999.0,0.53125,1,P18_CV0,1,1,1,1,1
1,0.5488135039273248,0.7151893663724195,RD1_F19_m2f19_P2_Y4_UO596,RD2_F19_m19f2_P19_Y2_UO631,R19_F19_m19f1_P19_Y2_UO403,FXX,4,0.0,1,0,1.0,0,0,0,-9999.0,0.5625,1,P18_CV0,1,1,1,2,0
1,0.5488135039273248,0.7151893663724195,R1_F1_m1f19_P1_Y7_UO545,R1_F1_m1f19_P1_Y5_UO1037,R19_F19_m19f17_P19_Y5_UO957,FXX,1,0.0,0,0,0.0,0,0,0,-9999.0,0.5,1,P1_CV0,1,1,1,1,1
1,0.5488135039273248,0.7151893663724195,R1_F1_m1f19_P1_Y7_UO550,R1_F1_m1f19_P1_Y5_UO1037,R19_F19_m19f17_P19_Y5_UO957,FXX,1,0.0,0,0,0.0,0,0,0,-9999.0,0.5,1,P1_CV0,1,1,1,1,1
1,0.5488135039273248,0.7151893663724195,R1_F1_m1f19_P1_Y7_UO555,R1_F1_m1f19_P1_Y5_UO1037,R19_F19_m19f17_P19_Y5_UO957,FXX,1,0.0,0,0,0.0,0,0,0,-9999.0,0.5,1,P1_CV0,1,1,1,1,1
1,0.5488135039273248,0.7151893663724195,R1_F1_m1f19_P1_Y7_UO557,R1_F1_m1f19_P1_Y5_UO1037,R19_F19_m19f17_P19_Y5_UO957,MXY,1,0.0,0,0,0.0,0,0,0,-9999.0,0.5,1,P1_CV0,1,1,1,2,0
1,0.5488135039273248,0.7151893663724195,R1_F1_m1f19_P1_Y7_UO560,R1_F1_m1f19_P1_Y5_UO1037,R19_F19_m19f17_P19_Y5_UO957,FXX,1,0.0,0,0,0.0,0,0,0,-9999.0,0.5,1,P1_CV0,1,1,1,2,0
1,0.5488135039273248,0.7151893663724195,R1_F1_m19f2_P19_Y6_UO1540,R19_F19_m19f2_P19_Y4_UO17,RD2_F19_m19f2_P19_Y3_UO562,MXY,2,0.0,1,0,0.0,0,0,0,-9999.0,0.71875,1,P1_CV0,1,2,0,2,0
1,0.5488135039273248,0.7151893663724195,R1_F1_m19f2_P19_Y6_UO386,RD19_F2_m19f2_P19_Y4_UO1130,RD2_F19_m19f2_P19_Y4_UO378,FXX,2,0.0,1,0,1.0,0,0,0,-9999.0,0.53125,1,P1_CV0,1,1,1,2,0
1,0.5488135039273248,0.7151893663724195,R1_F1_m1f19_P1_Y6_UO1234,R1_F1_m1f19_P1_Y4_UO19,R19_F19_m19f2_P19_Y4_UO380,MXY,2,0.0,1,0,0.0,0,0,0,-9999.0,0.34375,1,P1_CV0,1,0,2,2,0
1,0.5488135039273248,0.7151893663724195,R1_F1_m1f19_P1_Y6_UO1196,R1_F1_m1f19_P1_Y4_UO371,R19_F19_m19f2_P19_Y4_UO1318,MXY,2,0.0,1,0,0.0,0,0,0,-9999.0,0.59375,1,P1_CV0,1,1,1,2,0
1,0.5488135039273248,0.7151893663724195,R1_F1_m1f19_P1_Y6_UO734,RD1_F19_m2f19_P2_Y4_UO507,R19_F19_m19f2_P19_Y4_UO1128,MXY,2,0.0,1,0,0.0,0,0,0,-9999.0,0.53125,1,P1_CV0,1,1,1,1,1
1,0.5488135039273248,0.7151893663724195,R1_F1_m19f2_P19_Y6_UO718,RD19_F2_m2f19_P2_Y4_UO1449,RD2_F19_m19f2_P19_Y4_UO414,FXX,2,0.0,1,0,1.0,0,0,0,-9999.0,0.625,1,P1_CV0,1,1,1,1,1
1,0.5488135039273248,0.7151893663724195,R1_F1_m1f12_P1_Y6_UO652,R1_F1_m1f19_P1_Y4_UO371,RD12_F4_m7f1_P7_Y4_UO804,MXY,2,0.0,1,0,0.0,0,0,0,-9999.0,0.46875,1,P1_CV0,1,1,1,1,1
1,0.5488135039273248,0.7151893663724195,R1_F1_m1f19_P1_Y6_UO366,R1_F1_m1f19_P1_Y4_UO486,R19_F19_m2f19_P2_Y4_UO1443,MXY,2,0.0,1,0,0.0,0,0,0,-9999.0,0.46875,1,P1_CV0,1,2,0,2,0
1,0.5488135039273248,0.7151893663724195,R1_F1_m1f12_P1_Y6_UO131,R1_F1_m1f12_P1_Y4_UO129,RD12_F4_m16f12_P16_Y4_UO1046,FXX,2,0.0,1,0,1.0,0,0,0,-9999.0,0.59375,1,P1_CV0,1,2,0,1,1
1,0.5488135039273248,0.7151893663724195,RD1_F19_m19f2_P19_Y6_UO510,R19_F19_m19f1_P19_Y4_UO1466,R2_F2_m2f19_P2_Y4_UO1439,MXY,2,0.0,1,0,0.0,0,0,0,-9999.0,0.5,1,P1_CV0,1,1,1,2,0
1,0.5488135039273248,0.7151893663724195,RD1_F3_m3f1_P3_Y7_UO678,RD3_F17_m17f3_P17_Y5_UO298,RD1_F2_m19f2_P19_Y5_UO831,FXX,1,0.0,0,0,0.0,0,0,0,-9999.0,0.53125,1,P2_CV0,1,1,1,0,2
1,0.5488135039273248,0.7151893663724195,R1_F1_m12f1_P12_Y6_UO1429,R12_F12_m4f12_P4_Y4_UO1154,RD1_F12_m1f12_P1_Y4_UO1355,MXY,2,0.0,1,0,0.0,0,0,0,-9999.0,0.65625,1,P2_CV0,1,2,0,2,0
1,0.5488135039273248,0.7151893663724195,R1_F1_m12f4_P12_Y4_UO531,RD12_F1_m12f4_P12_Y2_UO371,RD4_F12_m4f12_P4_Y2_UO436,MXY,4,0.0,1,0,0.0,0,0,0,-9999.0,0.5,1,P2_CV0,1,1,1,0,2
1,0.5488135039273248,0.7151893663724195,R1_F1_m1f12_P1_Y6_UO1524,RD1_F12_m4f12_P4_Y4_UO1457,R12_F12_m12f4_P12_Y3_UO287,MXY,2,0.0,1,0,0.0,0,0,0,-9999.0,0.625,1,P3_CV0,1,2,0,0,2
1,0.5488135039273248,0.7151893663724195,RD1_F12_m12f1_P12_Y6_UO1483,R12_F12_m12f1_P12_Y4_UO592,R1_F1_m1f12_P1_Y4_UO229,MXY,2,0.0,1,0,0.0,0,0,0,-9999.0,0.5,1,P3_CV0,1,2,0,0,2
1,0.5488135039273248,0.7151893663724195,R1_F1_m1f19_P1_Y6_UO732,RD1_F19_m2f19_P2_Y4_UO507,R19_F19_m19f2_P19_Y3_UO1067,FXX,2,0.0,1,0,1.0,0,0,0,-9999.0,0.5625,1,P4_CV0,1,1,1,2,0
1,0.5488135039273248,0.7151893663724195,R1_F1_m1f19_P1_Y6_UO731,RD1_F19_m2f19_P2_Y4_UO507,R19_F19_m19f2_P19_Y3_UO1067,MXY,2,0.0,1,0,0.0,0,0,0,-9999.0,0.5625,1,P4_CV0,1,1,1,2,0
1,0.5488135039273248,0.7151893663724195,R1_F1_m1f19_P1_Y6_UO1477,RD1_F12_m1f12_P1_Y4_UO131,RD19_F1_m12f1_P12_Y4_UO767,FXX,2,0.0,1,0,1.0,0,0,0,-9999.0,0.65625,1,P6_CV0,1,1,1,2,0
2,0.6027633760716439,0.5448831829968969,R2_F2_m2f19_P2_Y7_UO294,R2_F2_m15f2_P15_Y5_UO765,RD19_F1_m1f19_P1_Y5_UO1029,MXY,1,0.0,0,0,0.0,0,0,0,-9999.0,0.53125,1,P0_CV0,1,1,1,1,1
2,0.6027633760716439,0.5448831829968969,R2_F2_m2f19_P2_Y7_UO298,R2_F2_m15f2_P15_Y5_UO765,RD19_F1_m1f19_P1_Y5_UO1029,MXY,1,0.0,0,0,0.0,0,0,0,-9999.0,0.53125,1,P0_CV0,1,1,1,2,0
2,0.6027633760716439,0.5448831829968969,R2_F2_m2f19_P2_Y7_UO299,R2_F2_m15f2_P15_Y5_UO765,RD19_F1_m1f19_P1_Y5_UO1029,MXY,1,0.0,0,0,0.0,0,0,0,-9999.0,0.53125,1,P0_CV0,1,1,1,1,1
2,0.6027633760716439,0.5448831829968969,RD2_F6_m6f19_P6_Y7_UO392,RD6_F5_m6f19_P6_Y5_UO869,R19_F19_m19f2_P19_Y4_UO1128,FXX,1,0.0,0,0,0.0,0,0,0,-9999.0,0.59375,1,P11_CV0,1,2,0,1,1
2,0.6027633760716439,0.5448831829968969,RD2_F19_m2f19_P2_Y6_UO1311,R2_F2_m2f19_P2_Y4_UO745,R19_F19_m19f2_P19_Y4_UO1128,MXY,2,0.0,1,0,0.0,0,0,0,-9999.0,0.53125,1,P11_CV0,1,1,1,2,0
2,0.6027633760716439,0.5448831829968969,R2_F2_m19f2_P19_Y6_UO884,R19_F19_m19f2_P19_Y4_UO1142,RD2_F19_m19f2_P19_Y4_UO378,MXY,2,0.0,1,0,0.0,0,0,0,-9999.0,0.5,1,P14_CV0,1,2,0,2,0
2,0.6027633760716439,0.5448831829968969,R2_F2_m19f2_P19_Y6_UO886,R19_F19_m19f2_P19_Y4_UO1142,RD2_F19_m19f2_P19_Y4_UO378,MXY,2,0.0,1,0,0.0,0,0,0,-9999.0,0.5,1,P14_CV0,1,0,2,2,0
2,0.6027633760716439,0.5448831829968969,R2_F2_m2f19_P2_Y6_UO566,RD2_F19_m19f2_P19_Y4_UO286,R19_F19_m19f2_P19_Y4_UO416,MXY,2,0.0,1,0,0.0,0,0,0,-9999.0,0.65625,1,P14_CV0,1,1,1,2,0
2,0.6027633760716439,0.5448831829968969,RD2_F19_m19f2_P19_Y6_UO1110,R19_F19_m19f2_P19_Y4_UO1142,R2_F2_m2f19_P2_Y4_UO746,MXY,2,0.0,1,0,0.0,0,0,0,-9999.0,0.5,1,P14_CV0,1,0,2,1,1
2,0.6027633760716439,0.5448831829968969,R2_F2_m2f19_P2_Y7_UO295,R2_F2_m15f2_P15_Y5_UO765,RD19_F1_m1f19_P1_Y5_UO1029,FXX,1,0.0,0,0,0.0,0,0,0,-9999.0,0.53125,1,P16_CV0,1,0,2,1,1
2,0.6027633760716439,0.5448831829968969,R2_F2_m2f19_P2_Y7_UO301,R2_F2_m15f2_P15_Y5_UO765,RD19_F1_m1f19_P1_Y5_UO1029,FXX,1,0.0,0,0,0.0,0,0,0,-9999.0,0.53125,1,P16_CV0,1,0,2,1,1
2,0.6027633760716439,0.5448831829968969,R2_F2_m2f19_P2_Y7_UO709,R2_F2_m15f2_P15_Y5_UO765,R19_F19_m19f17_P19_Y5_UO957,MXY,1,0.0,0,0,0.0,0,0,0,-9999.0,0.53125,1,P16_CV0,1,1,1,2,0
2,0.6027633760716439,0.5448831829968969,R2_F2_m2f19_P2_Y7_UO713,R2_F2_m15f2_P15_Y5_UO765,R19_F19_m19f17_P19_Y5_UO957,FXX,1,0.0,0,0,0.0,0,0,0,-9999.0,0.53125,1,P16_CV0,1,2,0,2,0
2,0.6027633760716439,0.5448831829968969,R2_F2_m2f19_P2_Y7_UO718,R2_F2_m15f2_P15_Y5_UO765,R19_F19_m19f17_P19_Y5_UO957,FXX,1,0.0,0,0,0.0,0,0,0,-9999.0,0.53125,1,P16_CV0,1,1,1,2,0
2,0.6027633760716439,0.5448831829968969,R2_F2_m2f19_P2_Y7_UO721,R2_F2_m15f2_P15_Y5_UO765,R19_F19_m19f17_P19_Y5_UO957,FXX,1,0.0,0,0,0.0,0,0,0,-9999.0,0.53125,1,P16_CV0,1,2,0,2,0
2,0.6027633760716439,0.5448831829968969,R2_F2_m2f19_P2_Y7_UO728,R2_F2_m15f2_P15_Y5_UO765,R19_F19_m19f17_P19_Y5_UO957,MXY,1,0.0,0,0,0.0,0,0,0,-9999.0,0.53125,1,P16_CV0,1,1,1,2,0
2,0.6027633760716439,0.5448831829968969,RD2_F15_m15f2_P15_Y7_UO76,R15_F15_m2f19_P2_Y5_UO200,R2_F2_m2f3_P2_Y5_UO184,MXY,1,0.0,0,0,0.0,0,0,0,-9999.0,0.5625,1,P18_CV0,1,1,1,1,1
2,0.6027633760716439,0.5448831829968969,R2_F2_m2f15_P2_Y6_UO1484,R2_F2_m17f3_P17_Y4_UO1194,R15_F15_m15f2_P15_Y4_UO700,MXY,2,0.0,1,0,0.0,0,0,0,-9999.0,0.5625,1,P18_CV0,1,1,1,1,1
2,0.6027633760716439,0.5448831829968969,R2_F2_m2f19_P2_Y6_UO447,RD2_F19_m2f19_P2_Y4_UO1376,RD19_F1_m12f1_P12_Y4_UO767,MXY,2,0.0,1,0,0.0,0,0,0,-9999.0,0.625,1,P18_CV0,1,2,0,1,1
2,0.6027633760716439,0.5448831829968969,R2_F2_m15f17_P15_Y6_UO563,R15_F15_m15f2_P15_Y4_UO1179,R17_F17_m17f3_P17_Y4_UO989,FXX,2,0.0,1,0,1.0,0,0,0,-9999.0,0.71875,1,P18_CV0,1,2,0,1,1
2,0.6027633760716439,0.5448831829968969,R2_F2_m2f19_P2_Y6_UO271,R2_F2_m19f2_P19_Y4_UO1108,R19_F19_m2f19_P2_Y3_UO635,MXY,2,0.0,1,0,0.0,0,0,0,-9999.0,0.625,1,P18_CV0,1,0,2,0,2
2,0.6027633760716439,0.5448831829968969,R2_F2_m2f19_P2_Y6_UO841,RD2_F15_m15f2_P15_Y4_UO1469,R19_F19_m19f2_P19_Y3_UO1067,FXX,2,0.0,1,0,1.0,0,0,0,-9999.0,0.5625,1,P18_CV0,1,1,1,2,0
2,0.6027633760716439,0.5448831829968969,R2_F2_m19f2_P19_Y6_UO1060,RD19_F2_m2f19_P2_Y4_UO595,R2_F2_m2f19_P2_Y4_UO746,MXY,2,0.0,1,0,0.0,0,0,0,-9999.0,0.53125,1,P18_CV0,1,2,0,0,2
2,0.6027633760716439,0.5448831829968969,R2_F2_m19f2_P19_Y6_UO1063,RD19_F2_m2f19_P2_Y4_UO595,R2_F2_m2f19_P2_Y4_UO746,MXY,2,0.0,1,0,0.0,0,0,0,-9999.0,0.53125,1,P18_CV0,1,2,0,1,1
2,0.6027633760716439,0.5448831829968969,R2_F2_m2f19_P2_Y6_UO1231,RD2_F19_m2f19_P2_Y4_UO914,R19_F19_m2f19_P2_Y4_UO749,MXY,2,0.0,1,0,0.0,0,0,0,-9999.0,0.53125,1,P18_CV0,1,1,1,2,0
2,0.6027633760716439,0.5448831829968969,R2_F2_m2f19_P2_Y6_UO881,R2_F2_m2f19_P2_Y4_UO1377,R19_F19_m2f19_P2_Y4_UO1404,MXY,2,0.0,1,0,0.0,0,0,0,-9999.0,0.375,1,P18_CV0,1,0,2,2,0
2,0.6027633760716439,0.5448831829968969,R2_F2_m2f19_P2_Y6_UO268,R2_F2_m19f2_P19_Y4_UO1108,R19_F19_m2f19_P2_Y3_UO635,MXY,2,0.0,1,0,0.0,0,0,0,-9999.0,0.625,1,P18_CV0,1,1,1,1,1
2,0.6027633760716439,0.5448831829968969,R2_F2_m2f19_P2_Y6_UO514,R2_F2_m2f19_P2_Y4_UO1377,RD19_F2_m15f17_P15_Y3_UO237,FXX,2,0.0,1,0,1.0,0,0,0,-9999.0,0.59375,1,P18_CV0,1,2,0,2,0
2,0.6027633760716439,0.5448831829968969,R2_F2_m19f2_P19_Y6_UO1035,RD19_F2_m19f2_P19_Y4_UO1130,RD2_F19_m2f19_P2_Y4_UO1444,FXX,2,0.0,1,0,1.0,0,0,0,-9999.0,0.46875,1,P18_CV0,1,2,0,2,0
2,0.6027633760716439,0.5448831829968969,R2_F2_m2f19_P2_Y6_UO414,RD2_F15_m15f2_P15_Y4_UO1469,R19_F19_m19f2_P19_Y4_UO1128,MXY,2,0.0,1,0,0.0,0,0,0,-9999.0,0.53125,1,P18_CV0,1,1,1,1,1
2,0.6027633760716439,0.5448831829968969,R2_F2_m2f19_P2_Y6_UO446,RD2_F19_m2f19_P2_Y4_UO1376,RD19_F1_m12f1_P12_Y4_UO767,FXX,2,0.0,1,0,1.0,0,0,0,-9999.0,0.625,1,P18_CV0,1,1,1,1,1
2,0.6027633760716439,0.5448831829968969,R2_F2_m2f19_P2_Y6_UO840,RD2_F15_m15f2_P15_Y4_UO1469,R19_F19_m19f2_P19_Y3_UO1067,FXX,2,0.0,1,0,1.0,0,0,0,-9999.0,0.5625,1,P18_CV0,1,1,1,2,0
2,0.6027633760716439,0.5448831829968969,R2_F2_m2f19_P2_Y6_UO842,RD2_F15_m15f2_P15_Y4_UO1469,R19_F19_m19f2_P19_Y3_UO1067,FXX,2,0.0,1,0,1.0,0,0,0,-9999.0,0.5625,1,P18_CV0,1,1,1,1,1
2,0.6027633760716439,0.5448831829968969,R2_F2_m2f19_P2_Y6_UO336,RD2_F19_m19f2_P19_Y4_UO1315,R19_F19_m19f2_P19_Y3_UO1067,FXX,2,0.0,1,0,1.0,0,0,0,-9999.0,0.6875,1,P18_CV0,1,1,1,2,0
2,0.6027633760716439,0.5448831829968969,R2_F2_m19f2_P19_Y6_UO1543,R19_F19_m19f2_P19_Y4_UO17,RD2_F19_m19f2_P19_Y3_UO562,FXX,2,0.0,1,0,1.0,0,0,0,-9999.0,0.71875,1,P18_CV0,1,2,0,2,0
2,0.6027633760716439,0.5448831829968969,RD2_F17_m17f3_P17_Y6_UO594,R17_F17_m3f17_P3_Y4_UO1078,RD3_F17_m1f19_P1_Y4_UO485,MXY,2,0.0,1,0,0.0,0,0,0,-9999.0,0.4375,1,P18_CV0,1,2,0,2,0
2,0.6027633760716439,0.5448831829968969,RD2_F19_m1f12_P1_Y6_UO1251,RD1_F12_m12f4_P12_Y4_UO42,RD12_F1_m1f19_P1_Y4_UO1068,MXY,2,0.0,1,0,0.0,0,0,0,-9999.0,0.375,1,P18_CV0,1,1,1,1,1
2,0.6027633760716439,0.5448831829968969,RD2_F19_m2f19_P2_Y6_UO339,RD2_F19_m19f2_P19_Y4_UO1315,R19_F19_m19f2_P19_Y3_UO1067,MXY,2,0.0,1,0,0.0,0,0,0,-9999.0,0.6875,1,P18_CV0,1,1,1,2,0
2,0.6027633760716439,0.5448831829968969,RD2_F19_m2f19_P2_Y6_UO1128,R2_F2_m2f19_P2_Y4_UO913,R19_F19_m2f19_P2_Y4_UO1442,FXX,2,0.0,1,0,1.0,0,0,0,-9999.0,0.46875,1,P18_CV0,1,1,1,1,1
2,0.6027633760716439,0.5448831829968969,RD2_F19_m19f2_P19_Y6_UO264,R19_F19_m1f19_P1_Y4_UO671,RD2_F19_m19f2_P19_Y4_UO382,MXY,2,0.0,1,0,0.0,0,0,0,-9999.0,0.53125,1,P18_CV0,1,0,2,1,1
2,0.6027633760716439,0.5448831829968969,RD2_F19_m19f2_P19_Y6_UO392,R19_F19_m1f19_P1_Y4_UO671,RD2_F15_m2f19_P2_Y3_UO1126,MXY,2,0.0,1,0,0.0,0,0,0,-9999.0,0.59375,1,P18_CV0,1,1,1,0,2
2,0.6027633760716439,0.5448831829968969,RD2_F19_m19f2_P19_Y6_UO682,RD19_F2_m19f2_P19_Y4_UO1130,RD2_F19_m2f19_P2_Y4_UO1447,FXX,2,0.0,1,0,1.0,0,0,0,-9999.0,0.46875,1,P18_CV0,1,2,0,2,0
2,0.6027633760716439,0.5448831829968969,RD2_F19_m19f2_P19_Y6_UO684,RD19_F2_m19f2_P19_Y4_UO1130,RD2_F19_m2f19_P2_Y4_UO1447,MXY,2,0.0,1,0,0.0,0,0,0,-9999.0,0.46875,1,P18_CV0,1,2,0,2,0
2,0.6027633760716439,0.5448831829968969,RD2_F19_m19f2_P19_Y6_UO685,RD19_F2_m19f2_P19_Y4_UO1130,RD2_F19_m2f19_P2_Y4_UO1447,MXY,2,0.0,1,0,0.0,0,0,0,-9999.0,0.46875,1,P18_CV0,1,2,0,2,0
2,0.6027633760716439,0.5448831829968969,RD2_F19_m19f2_P19_Y6_UO813,R19_F19_m19f2_P19_Y4_UO1109,R2_F2_m2f19_P2_Y4_UO1439,FXX,2,0.0,1,0,1.0,0,0,0,-9999.0,0.5,1,P18_CV0,1,2,0,2,0
2,0.6027633760716439,0.5448831829968969,RD2_F19_m19f2_P19_Y6_UO1544,R19_F19_m19f2_P19_Y4_UO17,RD2_F19_m19f2_P19_Y3_UO562,MXY,2,0.0,1,0,0.0,0,0,0,-9999.0,0.71875,1,P18_CV0,1,1,1,2,0
2,0.6027633760716439,0.5448831829968969,RD2_F19_m2f19_P2_Y5_UO454,R2_F2_m2f19_P2_Y3_UO261,R19_F19_m19f2_P19_Y3_UO1133,MXY,3,0.0,1,0,0.0,0,0,0,-9999.0,0.5625,1,P18_CV0,1,1,1,1,1
2,0.6027633760716439,0.5448831829968969,R2_F2_m19f2_P19_Y4_UO1315,R19_F19_m19f2_P19_Y2_UO609,R2_F2_m2f19_P2_Y2_UO897,FXX,4,0.0,1,0,1.0,0,0,0,-9999.0,0.75,1,P18_CV0,1,0,2,2,0
2,0.6027633760716439,0.5448831829968969,R2_F2_m2f19_P2_Y7_UO708,R2_F2_m15f2_P15_Y5_UO765,R19_F19_m19f17_P19_Y5_UO957,FXX,1,0.0,0,0,0.0,0,0,0,-9999.0,0.53125,1,P1_CV0,1,2,0,2,0
2,0.6027633760716439,0.5448831829968969,R2_F2_m2f19_P2_Y7_UO710,R2_F2_m15f2_P15_Y5_UO765,R19_F19_m19f17_P19_Y5_UO957,MXY,1,0.0,0,0,0.0,0,0,0,-9999.0,0.53125,1,P1_CV0,1,2,0,2,0
2,0.6027633760716439,0.5448831829968969,R2_F2_m2f19_P2_Y7_UO711,R2_F2_m15f2_P15_Y5_UO765,R19_F19_m19f17_P19_Y5_UO957,FXX,1,0.0,0,0,0.0,0,0,0,-9999.0,0.53125,1,P1_CV0,1,2,0,2,0
2,0.6027633760716439,0.5448831829968969,R2_F2_m2f19_P2_Y7_UO723,R2_F2_m15f2_P15_Y5_UO765,R19_F19_m19f17_P19_Y5_UO957,MXY,1,0.0,0,0,0.0,0,0,0,-9999.0,0.53125,1,P1_CV0,1,2,0,2,0
2,0.6027633760716439,0.5448831829968969,R2_F2_m2f19_P2_Y7_UO724,R2_F2_m15f2_P15_Y5_UO765,R19_F19_m19f17_P19_Y5_UO957,MXY,1,0.0,0,0,0.0,0,0,0,-9999.0,0.53125,1,P1_CV0,1,1,1,2,0
2,0.6027633760716439,0.5448831829968969,RD2_F15_m15f2_P15_Y7_UO630,R15_F15_m17f2_P17_Y5_UO999,R2_F2_m2f3_P2_Y5_UO184,MXY,1,0.0,0,0,0.0,0,0,0,-9999.0,0.5,1,P1_CV0,1,0,2,1,1
2,0.6027633760716439,0.5448831829968969,RD2_F15_m15f2_P15_Y7_UO658,RD15_F2_m19f17_P19_Y5_UO966,R2_F2_m2f3_P2_Y5_UO184,MXY,1,0.0,0,0,0.0,0,0,0,-9999.0,0.53125,1,P1_CV0,1,2,0,1,1
2,0.6027633760716439,0.5448831829968969,R2_F2_m19f2_P19_Y6_UO717,RD19_F2_m2f19_P2_Y4_UO1449,RD2_F19_m19f2_P19_Y4_UO414,FXX,2,0.0,1,0,1.0,0,0,0,-9999.0,0.625,1,P1_CV0,1,1,1,2,0
2,0.6027633760716439,0.5448831829968969,R2_F2_m2f19_P2_Y6_UO1093,RD2_F15_m2f19_P2_Y4_UO1379,R19_F19_m19f2_P19_Y4_UO37,MXY,2,0.0,1,0,0.0,0,0,0,-9999.0,0.71875,1,P1_CV0,1,2,0,2,0
2,0.6027633760716439,0.5448831829968969,R2_F2_m19f2_P19_Y6_UO303,RD19_F2_m19f2_P19_Y4_UO1130,RD2_F19_m19f2_P19_Y4_UO378,MXY,2,0.0,1,0,0.0,0,0,0,-9999.0,0.53125,1,P1_CV0,1,1,1,2,0
2,0.6027633760716439,0.5448831829968969,R2_F2_m19f2_P19_Y6_UO300,RD19_F2_m19f2_P19_Y4_UO1130,RD2_F19_m19f2_P19_Y4_UO378,MXY,2,0.0,1,0,0.0,0,0,0,-9999.0,0.53125,1,P1_CV0,1,1,1,2,0
2,0.6027633760716439,0.5448831829968969,R2_F2_m2f19_P2_Y6_UO1410,R2_F2_m2f19_P2_Y4_UO745,R19_F19_m2f19_P2_Y4_UO1443,MXY,2,0.0,1,0,0.0,0,0,0,-9999.0,0.4375,1,P1_CV0,1,1,1,2,0
2,0.6027633760716439,0.5448831829968969,R2_F2_m2f19_P2_Y6_UO1333,R2_F2_m19f1_P19_Y4_UO1467,R19_F19_m2f19_P2_Y4_UO1443,MXY,2,0.0,1,0,0.0,0,0,0,-9999.0,0.5,1,P1_CV0,1,1,1,1,1
2,0.6027633760716439,0.5448831829968969,R2_F2_m15f2_P15_Y6_UO150,RD15_F8_m8f18_P8_Y4_UO943,RD2_F19_m1f12_P1_Y4_UO165,FXX,2,0.0,1,0,1.0,0,0,0,-9999.0,0.34375,1,P1_CV0,1,1,1,2,0
2,0.6027633760716439,0.5448831829968969,RD2_F19_m1f12_P1_Y6_UO480,R1_F1_m1f12_P1_Y4_UO129,R12_F12_m4f12_P4_Y4_UO27,MXY,2,0.0,1,0,0.0,0,0,0,-9999.0,0.59375,1,P1_CV0,1,1,1,1,1
2,0.6027633760716439,0.5448831829968969,RD2_F19_m2f17_P2_Y6_UO236,RD2_F19_m2f19_P2_Y4_UO914,RD17_F3_m3f12_P3_Y2_UO841,FXX,2,0.0,1,0,1.0,0,0,0,-9999.0,0.46875,1,P1_CV0,1,1,1,2,0
2,0.6027633760716439,0.5448831829968969,RD2_F19_m2f19_P2_Y6_UO1408,R2_F2_m2f19_P2_Y4_UO745,R19_F19_m2f19_P2_Y4_UO1443,FXX,2,0.0,1,0,1.0,0,0,0,-9999.0,0.4375,1,P1_CV0,1,2,0,0,2
2,0.6027633760716439,0.5448831829968969,RD2_F19_m19f2_P19_Y6_UO298,RD19_F2_m19f2_P19_Y4_UO1130,RD2_F19_m19f2_P19_Y4_UO378,MXY,2,0.0,1,0,0.0,0,0,0,-9999.0,0.53125,1,P1_CV0,1,2,0,2,0
2,0.6027633760716439,0.5448831829968969,RD2_F19_m19f2_P19_Y6_UO299,RD19_F2_m19f2_P19_Y4_UO1130,RD2_F19_m19f2_P19_Y4_UO378,FXX,2,0.0,1,0,1.0,0,0,0,-9999.0,0.53125,1,P1_CV0,1,1,1,2,0
2,0.6027633760716439,0.5448831829968969,RD2_F19_m19f2_P19_Y6_UO1037,RD19_F2_m19f2_P19_Y4_UO1130,RD2_F19_m2f19_P2_Y4_UO1444,MXY,2,0.0,1,0,0.0,0,0,0,-9999.0,0.46875,1,P1_CV0,1,2,0,2,0
3,0.4236547993389047,0.6458941130666561,R3_F3_m3f17_P3_Y6_UO994,R3_F3_m3f17_P3_Y4_UO324,R17_F17_m3f17_P3_Y4_UO1088,FXX,2,0.0,1,0,1.0,0,0,0,-9999.0,0.53125,1,P0_CV0,1,1,1,0,2
3,0.4236547993389047,0.6458941130666561,RD3_F17_m17f3_P17_Y7_UO174,RD17_F3_m17f2_P17_Y5_UO991,R3_F3_m2f19_P2_Y4_UO923,FXX,1,0.0,0,0,0.0,0,0,0,-9999.0,0.5,1,P11_CV0,1,1,1,1,1
3,0.4236547993389047,0.6458941130666561,RD3_F17_m17f3_P17_Y7_UO800,RD17_F3_m17f2_P17_Y5_UO991,R3_F3_m2f19_P2_Y4_UO923,FXX,1,0.0,0,0,0.0,0,0,0,-9999.0,0.5,1,P11_CV0,1,0,2,1,1
3,0.4236547993389047,0.6458941130666561,RD3_F17_m17f3_P17_Y7_UO801,RD17_F3_m17f2_P17_Y5_UO991,R3_F3_m2f19_P2_Y4_UO923,FXX,1,0.0,0,0,0.0,0,0,0,-9999.0,0.5,1,P11_CV0,1,0,2,0,2
3,0.4236547993389047,0.6458941130666561,RD3_F17_m17f3_P17_Y7_UO810,RD17_F3_m17f2_P17_Y5_UO991,R3_F3_m2f19_P2_Y4_UO923,MXY,1,0.0,0,0,0.0,0,0,0,-9999.0,0.5,1,P11_CV0,1,0,2,1,1
3,0.4236547993389047,0.6458941130666561,RD3_F17_m17f3_P17_Y7_UO814,RD17_F3_m17f2_P17_Y5_UO991,R3_F3_m2f19_P2_Y4_UO923,FXX,1,0.0,0,0,0.0,0,0,0,-9999.0,0.5,1,P11_CV0,1,0,2,1,1
3,0.4236547993389047,0.6458941130666561,R3_F3_m3f17_P3_Y6_UO191,RD3_F1_m1f12_P1_Y4_UO166,RD17_F3_m3f17_P3_Y4_UO525,FXX,2,0.0,1,0,1.0,0,0,0,-9999.0,0.25,1,P11_CV0,1,1,1,1,1
3,0.4236547993389047,0.6458941130666561,R3_F3_m3f17_P3_Y6_UO893,RD3_F1_m1f19_P1_Y4_UO1164,RD17_F3_m1f12_P1_Y4_UO1035,FXX,2,0.0,1,0,1.0,0,0,0,-9999.0,0.53125,1,P11_CV0,1,1,1,2,0
3,0.4236547993389047,0.6458941130666561,R3_F3_m3f17_P3_Y6_UO959,RD3_F12_m12f4_P12_Y4_UO532,RD17_F3_m1f12_P1_Y4_UO1035,FXX,2,0.0,1,0,1.0,0,0,0,-9999.0,0.53125,1,P11_CV0,1,1,1,1,1
3,0.4236547993389047,0.6458941130666561,R3_F3_m3f17_P3_Y7_UO191,R3_F3_m17f2_P17_Y5_UO988,R17_F17_m3f17_P3_Y5_UO927,MXY,1,0.0,0,0,0.0,0,0,0,-9999.0,0.4375,1,P15_CV0,1,1,1,1,1
3,0.4236547993389047,0.6458941130666561,R3_F3_m3f17_P3_Y7_UO192,R3_F3_m17f2_P17_Y5_UO988,R17_F17_m3f17_P3_Y5_UO927,MXY,1,0.0,0,0,0.0,0,0,0,-9999.0,0.4375,1,P15_CV0,1,1,1,1,1
3,0.4236547993389047,0.6458941130666561,R3_F3_m3f17_P3_Y7_UO196,R3_F3_m17f2_P17_Y5_UO988,R17_F17_m3f17_P3_Y5_UO927,MXY,1,0.0,0,0,0.0,0,0,0,-9999.0,0.4375,1,P15_CV0,1,0,2,1,1
3,0.4236547993389047,0.6458941130666561,R3_F3_m3f17_P3_Y7_UO204,R3_F3_m17f2_P17_Y5_UO988,R17_F17_m3f17_P3_Y5_UO927,MXY,1,0.0,0,0,0.0,0,0,0,-9999.0,0.4375,1,P15_CV0,1,0,2,1,1
3,0.4236547993389047,0.6458941130666561,R3_F3_m3f17_P3_Y7_UO687,R3_F3_m3f17_P3_Y5_UO165,RD17_F3_m3f17_P3_Y5_UO243,MXY,1,0.0,0,0,0.0,0,0,0,-9999.0,0.5625,1,P15_CV0,1,2,0,1,1
3,0.4236547993389047,0.6458941130666561,R3_F3_m3f17_P3_Y7_UO446,RD3_F17_m3f17_P3_Y5_UO699,RD17_F3_m1f19_P1_Y4_UO485,FXX,1,0.0,0,0,0.0,0,0,0,-9999.0,0.59375,1,P16_CV0,1,1,1,1,1
3,0.4236547993389047,0.6458941130666561,R3_F3_m3f17_P3_Y7_UO447,RD3_F17_m3f17_P3_Y5_UO699,RD17_F3_m1f19_P1_Y4_UO485,FXX,1,0.0,0,0,0.0,0,0,0,-9999.0,0.59375,1,P16_CV0,1,1,1,2,0
3,0.4236547993389047,0.6458941130666561,R3_F3_m3f17_P3_Y7_UO448,RD3_F17_m3f17_P3_Y5_UO699,RD17_F3_m1f19_P1_Y4_UO485,MXY,1,0.0,0,0,0.0,0,0,0,-9999.0,0.59375,1,P16_CV0,1,1,1,2,0
3,0.4236547993389047,0.6458941130666561,R3_F3_m3f17_P3_Y7_UO449,RD3_F17_m3f17_P3_Y5_UO699,RD17_F3_m1f19_P1_Y4_UO485,MXY,1,0.0,0,0,0.0,0,0,0,-9999.0,0.59375,1,P16_CV0,1,1,1,2,0
3,0.4236547993389047,0.6458941130666561,R3_F3_m3f17_P3_Y7_UO450,RD3_F17_m3f17_P3_Y5_UO699,RD17_F3_m1f19_P1_Y4_UO485,MXY,1,0.0,0,0,0.0,0,0,0,-9999.0,0.59375,1,P16_CV0,1,1,1,2,0
3,0.4236547993389047,0.6458941130666561,R3_F3_m3f17_P3_Y7_UO453,RD3_F17_m3f17_P3_Y5_UO699,RD17_F3_m1f19_P1_Y4_UO485,MXY,1,0.0,0,0,0.0,0,0,0,-9999.0,0.59375,1,P16_CV0,1,1,1,1,1
3,0.4236547993389047,0.6458941130666561,RD3_F17_m17f3_P17_Y7_UO524,RD17_F3_m17f3_P17_Y5_UO36,R3_F3_m17f3_P17_Y5_UO300,FXX,1,0.0,0,0,0.0,0,0,0,-9999.0,0.625,1,P16_CV0,1,1,1,0,2
3,0.4236547993389047,0.6458941130666561,R3_F3_m17f3_P17_Y6_UO587,R17_F17_m3f17_P3_Y4_UO1078,RD3_F17_m1f19_P1_Y4_UO485,MXY,2,0.0,1,0,0.0,0,0,0,-9999.0,0.4375,1,P16_CV0,1,2,0,1,1
3,0.4236547993389047,0.6458941130666561,R3_F3_m17f3_P17_Y6_UO17,RD17_F3_m3f17_P3_Y4_UO34,R3_F3_m17f3_P17_Y4_UO1415,MXY,2,0.0,1,0,0.0,0,0,0,-9999.0,0.46875,1,P16_CV0,1,2,0,1,1
3,0.4236547993389047,0.6458941130666561,RD3_F12_m12f4_P12_Y6_UO538,RD12_F1_m12f3_P12_Y4_UO895,RD4_F12_m1f19_P1_Y4_UO669,MXY,2,0.0,1,0,0.0,0,0,0,-9999.0,0.5,1,P16_CV0,1,1,1,0,2
3,0.4236547993389047,0.6458941130666561,RD3_F17_m17f3_P17_Y6_UO155,R17_F17_m17f3_P17_Y4_UO726,RD3_F15_m8f13_P8_Y4_UO1423,MXY,2,0.0,1,0,0.0,0,0,0,-9999.0,0.6875,1,P16_CV0,1,2,0,0,2
3,0.4236547993389047,0.6458941130666561,RD3_F17_m17f3_P17_Y6_UO588,R17_F17_m3f17_P3_Y4_UO1078,RD3_F17_m1f19_P1_Y4_UO485,FXX,2,0.0,1,0,1.0,0,0,0,-9999.0,0.4375,1,P16_CV0,1,2,0,1,1
3,0.4236547993389047,0.6458941130666561,RD3_F17_m17f3_P17_Y6_UO590,R17_F17_m3f17_P3_Y4_UO1078,RD3_F17_m1f19_P1_Y4_UO485,MXY,2,0.0,1,0,0.0,0,0,0,-9999.0,0.4375,1,P16_CV0,1,2,0,2,0
3,0.4236547993389047,0.6458941130666561,RD3_F17_m17f3_P17_Y6_UO592,R17_F17_m3f17_P3_Y4_UO1078,RD3_F17_m1f19_P1_Y4_UO485,FXX,2,0.0,1,0,1.0,0,0,0,-9999.0,0.4375,1,P16_CV0,1,2,0,2,0
3,0.4236547993389047,0.6458941130666561,RD3_F17_m17f3_P17_Y6_UO1041,RD17_F3_m3f17_P3_Y4_UO754,RD3_F17_m15f2_P15_Y4_UO440,MXY,2,0.0,1,0,0.0,0,0,0,-9999.0,0.59375,1,P16_CV0,1,1,1,1,1
3,0.4236547993389047,0.6458941130666561,RD3_F17_m17f3_P17_Y6_UO864,R17_F17_m17f3_P17_Y4_UO225,R3_F3_m17f3_P17_Y4_UO1415,FXX,2,0.0,1,0,1.0,0,0,0,-9999.0,0.46875,1,P16_CV0,1,0,2,0,2
3,0.4236547993389047,0.6458941130666561,R3_F3_m17f3_P17_Y4_UO987,RD17_F3_m17f3_P17_Y2_UO652,R3_F3_m3f17_P3_Y1_UO935,MXY,4,0.0,1,0,0.0,0,0,0,-9999.0,0.5625,1,P16_CV0,1,2,0,1,1
3,0.4236547993389047,0.6458941130666561,R3_F3_m17f3_P17_Y6_UO580,R17_F17_m3f17_P3_Y4_UO1078,R3_F3_m3f17_P3_Y4_UO454,FXX,2,0.0,1,0,1.0,0,0,0,-9999.0,0.375,1,P18_CV0,1,2,0,0,2
3,0.4236547993389047,0.6458941130666561,R3_F3_m17f3_P17_Y6_UO595,R17_F17_m3f17_P3_Y4_UO1078,RD3_F17_m1f19_P1_Y4_UO485,FXX,2,0.0,1,0,1.0,0,0,0,-9999.0,0.4375,1,P18_CV0,1,2,0,2,0
3,0.4236547993389047,0.6458941130666561,R3_F3_m17f3_P17_Y6_UO579,R17_F17_m3f17_P3_Y4_UO1078,R3_F3_m3f17_P3_Y4_UO454,MXY,2,0.0,1,0,0.0,0,0,0,-9999.0,0.375,1,P18_CV0,1,1,1,0,2
3,0.4236547993389047,0.6458941130666561,R3_F3_m3f17_P3_Y6_UO1296,RD3_F12_m1f19_P1_Y4_UO366,R17_F17_m17f3_P17_Y4_UO989,FXX,2,0.0,1,0,1.0,0,0,0,-9999.0,0.5,1,P18_CV0,1,1,1,0,2
3,0.4236547993389047,0.6458941130666561,R3_F3_m17f3_P17_Y6_UO1039,RD17_F3_m3f17_P3_Y4_UO754,RD3_F17_m15f2_P15_Y4_UO440,FXX,2,0.0,1,0,1.0,0,0,0,-9999.0,0.59375,1,P18_CV0,1,1,1,1,1
3,0.4236547993389047,0.6458941130666561,RD3_F17_m2f19_P2_Y6_UO1127,R2_F2_m2f19_P2_Y4_UO913,R19_F19_m2f19_P2_Y4_UO1442,FXX,2,0.0,1,0,1.0,0,0,0,-9999.0,0.46875,1,P18_CV0,1,2,0,1,1
3,0.4236547993389047,0.6458941130666561,RD3_F17_m17f3_P17_Y6_UO677,RD17_F3_m3f17_P3_Y4_UO34,RD3_F17_m15f2_P15_Y4_UO440,MXY,2,0.0,1,0,0.0,0,0,0,-9999.0,0.5625,1,P18_CV0,1,2,0,1,1
3,0.4236547993389047,0.6458941130666561,RD3_F17_m3f17_P3_Y6_UO888,RD3_F1_m1f19_P1_Y4_UO1164,RD17_F3_m1f12_P1_Y4_UO1035,FXX,2,0.0,1,0,1.0,0,0,0,-9999.0,0.53125,1,P18_CV0,1,1,1,1,1
3,0.4236547993389047,0.6458941130666561,RD3_F17_m17f3_P17_Y6_UO589,R17_F17_m3f17_P3_Y4_UO1078,RD3_F17_m1f19_P1_Y4_UO485,MXY,2,0.0,1,0,0.0,0,0,0,-9999.0,0.4375,1,P18_CV0,1,2,0,2,0
3,0.4236547993389047,0.6458941130666561,RD3_F1_m1f19_P1_Y4_UO22,R1_F1_m1f12_P1_Y2_UO44,RD19_F2_m15f2_P15_Y2_UO1233,FXX,4,0.0,1,0,1.0,0,0,0,-9999.0,0.1875,1,P18_CV0,1,0,2,2,0
3,0.4236547993389047,0.6458941130666561,R3_F3_m3f17_P3_Y7_UO188,R3_F3_m17f2_P17_Y5_UO988,R17_F17_m3f17_P3_Y5_UO927,FXX,1,0.0,0,0,0.0,0,0,0,-9999.0,0.4375,1,P1_CV0,1,1,1,1,1
3,0.4236547993389047,0.6458941130666561,R3_F3_m3f17_P3_Y7_UO190,R3_F3_m17f2_P17_Y5_UO988,R17_F17_m3f17_P3_Y5_UO927,MXY,1,0.0,0,0,0.0,0,0,0,-9999.0,0.4375,1,P1_CV0,1,1,1,1,1
3,0.4236547993389047,0.6458941130666561,R3_F3_m3f17_P3_Y7_UO198,R3_F3_m17f2_P17_Y5_UO988,R17_F17_m3f17_P3_Y5_UO927,MXY,1,0.0,0,0,0.0,0,0,0,-9999.0,0.4375,1,P1_CV0,1,0,2,1,1
3,0.4236547993389047,0.6458941130666561,R3_F3_m3f17_P3_Y7_UO202,R3_F3_m17f2_P17_Y5_UO988,R17_F17_m3f17_P3_Y5_UO927,MXY,1,0.0,0,0,0.0,0,0,0,-9999.0,0.4375,1,P1_CV0,1,0,2,1,1
3,0.4236547993389047,0.6458941130666561,R3_F3_m3f17_P3_Y7_UO530,R3_F3_m17f2_P17_Y5_UO988,R17_F17_m3f17_P3_Y5_UO241,MXY,1,0.0,0,0,0.0,0,0,0,-9999.0,0.53125,1,P1_CV0,1,1,1,1,1
3,0.4236547993389047,0.6458941130666561,R3_F3_m3f17_P3_Y7_UO532,R3_F3_m17f2_P17_Y5_UO988,R17_F17_m3f17_P3_Y5_UO241,FXX,1,0.0,0,0,0.0,0,0,0,-9999.0,0.53125,1,P1_CV0,1,1,1,0,2
3,0.4236547993389047,0.6458941130666561,R3_F3_m3f17_P3_Y7_UO536,R3_F3_m17f2_P17_Y5_UO988,R17_F17_m3f17_P3_Y5_UO241,MXY,1,0.0,0,0,0.0,0,0,0,-9999.0,0.53125,1,P1_CV0,1,1,1,0,2
3,0.4236547993389047,0.6458941130666561,R3_F3_m3f17_P3_Y7_UO538,R3_F3_m17f2_P17_Y5_UO988,R17_F17_m3f17_P3_Y5_UO241,MXY,1,0.0,0,0,0.0,0,0,0,-9999.0,0.53125,1,P1_CV0,1,1,1,1,1
3,0.4236547993389047,0.6458941130666561,RD3_F17_m17f3_P17_Y7_UO179,RD17_F3_m17f2_P17_Y5_UO991,R3_F3_m2f19_P2_Y4_UO923,MXY,1,0.0,0,0,0.0,0,0,0,-9999.0,0.5,1,P1_CV0,1,0,2,1,1
3,0.4236547993389047,0.6458941130666561,RD3_F17_m17f3_P17_Y7_UO205,RD17_F3_m17f2_P17_Y5_UO991,R3_F3_m3f17_P3_Y5_UO499,FXX,1,0.0,0,0,0.0,0,0,0,-9999.0,0.5,1,P1_CV0,1,1,1,1,1
3,0.4236547993389047,0.6458941130666561,RD3_F17_m17f3_P17_Y7_UO211,RD17_F3_m17f2_P17_Y5_UO991,R3_F3_m3f17_P3_Y5_UO499,MXY,1,0.0,0,0,0.0,0,0,0,-9999.0,0.5,1,P1_CV0,1,1,1,0,2
3,0.4236547993389047,0.6458941130666561,R3_F3_m3f17_P3_Y6_UO1235,R3_F3_m17f2_P17_Y4_UO92,RD17_F3_m3f12_P3_Y2_UO841,MXY,2,0.0,1,0,0.0,0,0,0,-9999.0,0.40625,1,P1_CV0,1,0,2,0,2
3,0.4236547993389047,0.6458941130666561,R3_F3_m3f1_P3_Y7_UO676,RD3_F17_m17f3_P17_Y5_UO298,RD1_F2_m19f2_P19_Y5_UO831,MXY,1,0.0,0,0,0.0,0,0,0,-9999.0,0.53125,1,P2_CV0,1,1,1,0,2
3,0.4236547993389047,0.6458941130666561,R3_F3_m3f1_P3_Y7_UO679,RD3_F17_m17f3_P17_Y5_UO298,RD1_F2_m19f2_P19_Y5_UO831,FXX,1,0.0,0,0,0.0,0,0,0,-9999.0,0.53125,1,P2_CV0,1,1,1,0,2
3,0.4236547993389047,0.6458941130666561,R3_F3_m3f1_P3_Y7_UO680,RD3_F17_m17f3_P17_Y5_UO298,RD1_F2_m19f2_P19_Y5_UO831,MXY,1,0.0,0,0,0.0,0,0,0,-9999.0,0.53125,1,P2_CV0,1,1,1,2,0
3,0.4236547993389047,0.6458941130666561,R3_F3_m3f1_P3_Y7_UO684,RD3_F17_m17f3_P17_Y5_UO298,RD1_F2_m19f2_P19_Y5_UO831,MXY,1,0.0,0,0,0.0,0,0,0,-9999.0,0.53125,1,P2_CV0,1,1,1,1,1
3,0.4236547993389047,0.6458941130666561,RD3_F17_m17f3_P17_Y7_UO210,RD17_F3_m17f2_P17_Y5_UO991,R3_F3_m3f17_P3_Y5_UO499,MXY,1,0.0,0,0,0.0,0,0,0,-9999.0,0.5,1,P2_CV0,1,1,1,1,1
3,0.4236547993389047,0.6458941130666561,RD3_F17_m17f3_P17_Y7_UO518,RD17_F3_m17f3_P17_Y5_UO36,R3_F3_m17f3_P17_Y5_UO300,MXY,1,0.0,0,0,0.0,0,0,0,-9999.0,0.625,1,P2_CV0,1,2,0,0,2
3,0.4236547993389047,0.6458941130666561,RD3_F17_m17f3_P17_Y7_UO522,RD17_F3_m17f3_P17_Y5_UO36,R3_F3_m17f3_P17_Y5_UO300,FXX,1,0.0,0,0,0.0,0,0,0,-9999.0,0.625,1,P2_CV0,1,2,0,0,2
3,0.4236547993389047,0.6458941130666561,RD3_F17_m17f3_P17_Y7_UO523,RD17_F3_m17f3_P17_Y5_UO36,R3_F3_m17f3_P17_Y5_UO300,MXY,1,0.0,0,0,0.0,0,0,0,-9999.0,0.625,1,P2_CV0,1,1,1,0,2
3,0.4236547993389047,0.6458941130666561,R3_F3_m3f17_P3_Y6_UO989,R3_F3_m3f17_P3_Y4_UO324,R17_F17_m3f17_P3_Y4_UO1088,FXX,2,0.0,1,0,1.0,0,0,0,-9999.0,0.53125,1,P2_CV0,1,1,1,1,1
3,0.4236547993389047,0.6458941130666561,R3_F3_m3f1_P3_Y6_UO1180,R3_F3_m17f3_P17_Y4_UO1395,R1_F1_m1f12_P1_Y4_UO470,FXX,2,0.0,1,0,1.0,0,0,0,-9999.0,0.5625,1,P2_CV0,1,1,1,1,1
3,0.4236547993389047,0.6458941130666561,R3_F3_m3f17_P3_Y6_UO991,R3_F3_m3f17_P3_Y4_UO324,R17_F17_m3f17_P3_Y4_UO1088,FXX,2,0.0,1,0,1.0,0,0,0,-9999.0,0.53125,1,P2_CV0,1,1,1,0,2
3,0.4236547993389047,0.6458941130666561,R3_F3_m3f17_P3_Y6_UO401,R3_F3_m17f3_P17_Y4_UO1395,RD17_F3_m3f17_P3_Y4_UO210,FXX,2,0.0,1,0,1.0,0,0,0,-9999.0,0.625,1,P2_CV0,1,1,1,1,1
3,0.4236547993389047,0.6458941130666561,R3_F3_m17f3_P17_Y6_UO54,R17_F17_m17f3_P17_Y4_UO994,RD3_F17_m17f3_P17_Y4_UO372,MXY,2,0.0,1,0,0.0,0,0,0,-9999.0,0.53125,1,P2_CV0,1,1,1,1,1
3,0.4236547993389047,0.6458941130666561,R3_F3_m17f3_P17_Y6_UO1148,R17_F17_m3f17_P3_Y4_UO1083,R3_F3_m17f3_P17_Y4_UO1415,FXX,2,0.0,1,0,1.0,0,0,0,-9999.0,0.375,1,P2_CV0,1,0,2,1,1
3,0.4236547993389047,0.6458941130666561,R3_F3_m3f1_P3_Y6_UO1181,R3_F3_m17f3_P17_Y4_UO1395,R1_F1_m1f12_P1_Y4_UO470,MXY,2,0.0,1,0,0.0,0,0,0,-9999.0,0.5625,1,P2_CV0,1,1,1,0,2
3,0.4236547993389047,0.6458941130666561,R3_F3_m12f1_P12_Y6_UO648,RD12_F4_m4f16_P4_Y4_UO789,R1_F1_m3f17_P3_Y3_UO479,FXX,2,0.0,1,0,1.0,0,0,0,-9999.0,0.625,1,P2_CV0,1,2,0,1,1
3,0.4236547993389047,0.6458941130666561,RD3_F17_m3f17_P3_Y6_UO1381,R3_F3_m17f3_P17_Y4_UO636,RD17_F15_m17f3_P17_Y4_UO461,MXY,2,0.0,1,0,0.0,0,0,0,-9999.0,0.46875,1,P2_CV0,1,1,1,1,1
3,0.4236547993389047,0.6458941130666561,RD3_F17_m17f3_P17_Y6_UO55,R17_F17_m17f3_P17_Y4_UO994,RD3_F17_m17f3_P17_Y4_UO372,FXX,2,0.0,1,0,1.0,0,0,0,-9999.0,0.53125,1,P2_CV0,1,2,0,1,1
3,0.4236547993389047,0.6458941130666561,RD3_F17_m3f17_P3_Y6_UO190,RD3_F1_m1f12_P1_Y4_UO166,RD17_F3_m3f17_P3_Y4_UO525,FXX,2,0.0,1,0,1.0,0,0,0,-9999.0,0.25,1,P2_CV0,1,0,2,1,1
3,0.4236547993389047,0.6458941130666561,RD3_F17_m3f17_P3_Y6_UO1376,R3_F3_m17f3_P17_Y4_UO636,RD17_F15_m17f3_P17_Y4_UO461,MXY,2,0.0,1,0,0.0,0,0,0,-9999.0,0.46875,1,P2_CV0,1,0,2,1,1
3,0.4236547993389047,0.6458941130666561,RD3_F17_m3f17_P3_Y6_UO1378,R3_F3_m17f3_P17_Y4_UO636,RD17_F15_m17f3_P17_Y4_UO461,MXY,2,0.0,1,0,0.0,0,0,0,-9999.0,0.46875,1,P2_CV0,1,0,2,1,1
3,0.4236547993389047,0.6458941130666561,RD3_F17_m17f3_P17_Y6_UO1266,RD17_F3_m17f3_P17_Y4_UO375,R3_F3_m17f3_P17_Y4_UO1415,FXX,2,0.0,1,0,1.0,0,0,0,-9999.0,0.46875,1,P2_CV0,1,2,0,1,1
3,0.4236547993389047,0.6458941130666561,RD3_F17_m17f3_P17_Y6_UO1267,RD17_F3_m17f3_P17_Y4_UO375,R3_F3_m17f3_P17_Y4_UO1415,MXY,2,0.0,1,0,0.0,0,0,0,-9999.0,0.46875,1,P2_CV0,1,2,0,1,1
3,0.4236547993389047,0.6458941130666561,RD3_F17_m3f17_P3_Y6_UO990,R3_F3_m3f17_P3_Y4_UO324,R17_F17_m3f17_P3_Y4_UO1088,FXX,2,0.0,1,0,1.0,0,0,0,-9999.0,0.53125,1,P2_CV0,1,0,2,0,2
3,0.4236547993389047,0.6458941130666561,R3_F3_m15f2_P15_Y5_UO775,R15_F15_m15f17_P15_Y3_UO756,R2_F2_m2f19_P2_Y3_UO113,MXY,3,0.0,1,0,0.0,0,0,0,-9999.0,0.5,1,P2_CV0,1,1,1,1,1
3,0.4236547993389047,0.6458941130666561,R3_F3_m3f17_P3_Y6_UO967,RD3_F17_m17f3_P17_Y4_UO777,R17_F17_m17f3_P17_Y4_UO989,FXX,2,0.0,1,0,1.0,0,0,0,-9999.0,0.59375,1,P3_CV0,1,2,0,0,2
3,0.4236547993389047,0.6458941130666561,RD3_F12_m12f1_P12_Y6_UO1072,R12_F12_m12f1_P12_Y4_UO592,R1_F1_m1f12_P1_Y4_UO229,MXY,2,0.0,1,0,0.0,0,0,0,-9999.0,0.5,1,P3_CV0,1,1,1,0,2
3,0.4236547993389047,0.6458941130666561,R3_F3_m1f19_P1_Y6_UO1476,RD1_F12_m1f12_P1_Y4_UO131,RD19_F1_m12f1_P12_Y4_UO767,FXX,2,0.0,1,0,1.0,0,0,0,-9999.0,0.65625,1,P6_CV0,1,1,1,2,0
4,0.4375872112626925,0.8917730007820798,R4_F4_m12f4_P12_Y6_UO935,RD12_F1_m19f2_P19_Y4_UO45,RD4_F12_m12f1_P12_Y4_UO566,MXY,2,0.0,1,0,0.0,0,0,0,-9999.0,0.25,1,P0_CV0,1,1,1,0,2
4,0.4375872112626925,0.8917730007820798,R4_F4_m4f12_P4_Y6_UO969,RD4_F12_m1f19_P1_Y4_UO1307,RD12_F1_m1f12_P1_Y4_UO1036,FXX,2,0.0,1,0,1.0,0,0,0,-9999.0,0.5625,1,P0_CV0,1,0,2,2,0
4,0.4375872112626925,0.8917730007820798,R4_F4_m12f1_P12_Y6_UO1485,RD12_F1_m19f2_P19_Y4_UO45,R1_F1_m1f12_P1_Y4_UO229,MXY,2,0.0,1,0,0.0,0,0,0,-9999.0,0.34375,1,P0_CV0,1,1,1,1,1
4,0.4375872112626925,0.8917730007820798,R4_F4_m7f4_P7_Y6_UO1272,R7_F7_m10f11_P10_Y4_UO1240,RD4_F12_m1f12_P1_Y4_UO167,MXY,2,0.0,1,0,0.0,0,0,0,-9999.0,0.3125,1,P0_CV0,1,1,1,1,1
4,0.4375872112626925,0.8917730007820798,R4_F4_m7f4_P7_Y6_UO1470,R7_F7_m10f11_P10_Y4_UO1240,RD4_F12_m4f12_P4_Y4_UO390,MXY,2,0.0,1,0,0.0,0,0,0,-9999.0,0.59375,1,P0_CV0,1,0,2,0,2
4,0.4375872112626925,0.8917730007820798,R4_F4_m7f4_P7_Y6_UO1276,R7_F7_m10f11_P10_Y4_UO1240,RD4_F12_m1f12_P1_Y4_UO167,MXY,2,0.0,1,0,0.0,0,0,0,-9999.0,0.3125,1,P0_CV0,1,1,1,0,2
4,0.4375872112626925,0.8917730007820798,R4_F4_m4f12_P4_Y6_UO194,RD4_F12_m1f19_P1_Y4_UO1307,RD12_F1_m1f19_P1_Y4_UO1068,MXY,2,0.0,1,0,0.0,0,0,0,-9999.0,0.40625,1,P0_CV0,1,1,1,2,0
4,0.4375872112626925,0.8917730007820798,RD4_F7_m7f4_P7_Y6_UO1472,R7_F7_m10f11_P10_Y4_UO1240,RD4_F12_m4f12_P4_Y4_UO390,MXY,2,0.0,1,0,0.0,0,0,0,-9999.0,0.59375,1,P0_CV0,1,1,1,0,2
4,0.4375872112626925,0.8917730007820798,RD4_F7_m7f4_P7_Y6_UO1519,RD7_F10_m10f11_P10_Y4_UO365,RD4_F12_m1f19_P1_Y4_UO1160,FXX,2,0.0,1,0,1.0,0,0,0,-9999.0,0.40625,1,P0_CV0,1,1,1,1,1
4,0.4375872112626925,0.8917730007820798,RD4_F12_m12f4_P12_Y6_UO933,RD12_F1_m19f2_P19_Y4_UO45,RD4_F12_m12f1_P12_Y4_UO566,MXY,2,0.0,1,0,0.0,0,0,0,-9999.0,0.25,1,P0_CV0,1,1,1,1,1
4,0.4375872112626925,0.8917730007820798,R4_F4_m1f19_P1_Y4_UO1161,R1_F1_m1f2_P1_Y2_UO377,R19_F19_m19f1_P19_Y0_UO1255,MXY,4,0.0,1,0,0.0,0,0,0,-9999.0,0.5,1,P0_CV0,1,0,2,2,0
4,0.4375872112626925,0.8917730007820798,RD4_F12_m12f1_P12_Y4_UO925,R12_F12_m1f12_P1_Y2_UO747,R1_F1_m19f2_P19_Y2_UO253,MXY,4,0.0,1,0,0.0,0,0,0,-9999.0,0.5625,1,P0_CV0,1,1,1,2,0
4,0.4375872112626925,0.8917730007820798,RD4_F7_m7f4_P7_Y7_UO471,RD7_F4_m4f7_P4_Y5_UO67,RD4_F7_m4f7_P4_Y5_UO484,MXY,1,0.0,0,0,0.0,0,0,0,-9999.0,0.53125,1,P10_CV0,1,0,2,1,1
4,0.4375872112626925,0.8917730007820798,RD4_F7_m10f7_P10_Y6_UO1168,R10_F10_m10f7_P10_Y4_UO1120,R7_F7_m10f11_P10_Y4_UO647,FXX,2,0.0,1,0,1.0,0,0,0,-9999.0,0.53125,1,P10_CV0,1,0,2,1,1
4,0.4375872112626925,0.8917730007820798,R4_F4_m7f4_P7_Y6_UO661,R7_F7_m4f12_P4_Y4_UO1155,R4_F4_m12f4_P12_Y4_UO1053,FXX,2,0.0,1,0,1.0,0,0,0,-9999.0,0.5,1,P11_CV0,1,1,1,1,1
4,0.4375872112626925,0.8917730007820798,R4_F4_m12f7_P12_Y6_UO896,RD12_F1_m19f2_P19_Y4_UO45,RD7_F4_m7f1_P7_Y4_UO806,FXX,2,0.0,1,0,1.0,0,0,0,-9999.0,0.375,1,P11_CV0,1,1,1,2,0
4,0.4375872112626925,0.8917730007820798,R4_F4_m4f7_P4_Y6_UO309,RD4_F12_m12f4_P12_Y4_UO533,R7_F7_m4f12_P4_Y4_UO277,FXX,2,0.0,1,0,1.0,0,0,0,-9999.0,0.53125,1,P11_CV0,1,2,0,0,2
4,0.4375872112626925,0.8917730007820798,R4_F4_m4f12_P4_Y6_UO552,R4_F4_m12f4_P12_Y4_UO187,RD12_F1_m3f17_P3_Y4_UO1090,MXY,2,0.0,1,0,0.0,0,0,0,-9999.0,0.53125,1,P11_CV0,1,1,1,0,2
4,0.4375872112626925,0.8917730007820798,R4_F4_m4f12_P4_Y6_UO970,RD4_F12_m1f19_P1_Y4_UO1307,RD12_F1_m1f12_P1_Y4_UO1036,MXY,2,0.0,1,0,0.0,0,0,0,-9999.0,0.5625,1,P11_CV0,1,0,2,2,0
4,0.4375872112626925,0.8917730007820798,R4_F4_m12f7_P12_Y6_UO897,RD12_F1_m19f2_P19_Y4_UO45,RD7_F4_m7f1_P7_Y4_UO806,FXX,2,0.0,1,0,1.0,0,0,0,-9999.0,0.375,1,P11_CV0,1,0,2,1,1
4,0.4375872112626925,0.8917730007820798,R4_F4_m4f12_P4_Y6_UO448,R4_F4_m4f12_P4_Y4_UO821,R12_F12_m4f7_P4_Y4_UO284,FXX,2,0.0,1,0,1.0,0,0,0,-9999.0,0.5625,1,P11_CV0,1,0,2,1,1
4,0.4375872112626925,0.8917730007820798,R4_F4_m7f4_P7_Y6_UO660,R7_F7_m4f12_P4_Y4_UO1155,R4_F4_m12f4_P12_Y4_UO1053,FXX,2,0.0,1,0,1.0,0,0,0,-9999.0,0.5,1,P11_CV0,1,2,0,1,1
4,0.4375872112626925,0.8917730007820798,RD4_F7_m4f12_P4_Y6_UO450,R4_F4_m4f12_P4_Y4_UO821,R12_F12_m4f7_P4_Y4_UO284,MXY,2,0.0,1,0,0.0,0,0,0,-9999.0,0.5625,1,P11_CV0,1,0,2,0,2
4,0.4375872112626925,0.8917730007820798,RD4_F12_m12f4_P12_Y6_UO1022,R12_F12_m12f1_P12_Y4_UO400,RD4_F12_m1f12_P1_Y4_UO167,MXY,2,0.0,1,0,0.0,0,0,0,-9999.0,0.21875,1,P11_CV0,1,0,2,0,2
4,0.4375872112626925,0.8917730007820798,RD4_F12_m12f4_P12_Y6_UO1023,R12_F12_m12f1_P12_Y4_UO400,RD4_F12_m1f12_P1_Y4_UO167,MXY,2,0.0,1,0,0.0,0,0,0,-9999.0,0.21875,1,P11_CV0,1,1,1,1,1
4,0.4375872112626925,0.8917730007820798,RD4_F16_m16f3_P16_Y4_UO221,RD16_F12_m12f4_P12_Y2_UO172,RD3_F17_m3f17_P3_Y2_UO943,FXX,4,0.0,1,0,1.0,0,0,0,-9999.0,0.5625,1,P11_CV0,1,1,1,0,2
4,0.4375872112626925,0.8917730007820798,RD4_F16_m13f18_P13_Y6_UO1507,RD13_F18_m13f18_P13_Y4_UO738,RD18_F8_m18f13_P18_Y3_UO793,MXY,2,0.0,1,0,0.0,0,0,0,-9999.0,0.59375,1,P12_CV0,1,0,2,0,2
4,0.4375872112626925,0.8917730007820798,R4_F4_m12f1_P12_Y6_UO1125,R12_F12_m4f16_P4_Y4_UO791,R1_F1_m3f17_P3_Y3_UO479,FXX,2,0.0,1,0,1.0,0,0,0,-9999.0,0.625,1,P16_CV0,1,2,0,2,0
4,0.4375872112626925,0.8917730007820798,R4_F4_m4f12_P4_Y6_UO638,R4_F4_m4f12_P4_Y4_UO835,RD12_F1_m1f19_P1_Y3_UO998,FXX,2,0.0,1,0,1.0,0,0,0,-9999.0,0.6875,1,P16_CV0,1,0,2,1,1
4,0.4375872112626925,0.8917730007820798,R4_F4_m4f12_P4_Y6_UO475,R4_F4_m12f4_P12_Y4_UO520,RD12_F1_m1f19_P1_Y3_UO998,FXX,2,0.0,1,0,1.0,0,0,0,-9999.0,0.8125,1,P16_CV0,1,1,1,1,1
4,0.4375872112626925,0.8917730007820798,R4_F4_m12f1_P12_Y6_UO1021,RD12_F1_m1f17_P1_Y4_UO1058,RD1_F12_m1f19_P1_Y4_UO181,MXY,2,0.0,1,0,0.0,0,0,0,-9999.0,0.28125,1,P16_CV0,1,0,2,0,2
4,0.4375872112626925,0.8917730007820798,R4_F4_m12f1_P12_Y6_UO1190,RD12_F1_m1f12_P1_Y4_UO310,R1_F1_m1f19_P1_Y4_UO1069,MXY,2,0.0,1,0,0.0,0,0,0,-9999.0,0.28125,1,P16_CV0,1,1,1,1,1
4,0.4375872112626925,0.8917730007820798,RD4_F12_m1f12_P1_Y6_UO87,R1_F1_m1f19_P1_Y4_UO1123,R12_F12_m4f12_P4_Y4_UO161,FXX,2,0.0,1,0,1.0,0,0,0,-9999.0,0.4375,1,P16_CV0,1,0,2,1,1
4,0.4375872112626925,0.8917730007820798,RD4_F12_m12f4_P12_Y6_UO255,R12_F12_m12f3_P12_Y4_UO431,RD4_F12_m4f12_P4_Y4_UO1458,MXY,2,0.0,1,0,0.0,0,0,0,-9999.0,0.46875,1,P16_CV0,1,0,2,0,2
4,0.4375872112626925,0.8917730007820798,RD4_F12_m12f1_P12_Y6_UO1020,RD12_F1_m1f17_P1_Y4_UO1058,RD1_F12_m1f19_P1_Y4_UO181,MXY,2,0.0,1,0,0.0,0,0,0,-9999.0,0.28125,1,P16_CV0,1,1,1,0,2
4,0.4375872112626925,0.8917730007820798,R4_F4_m4f12_P4_Y7_UO33,R4_F4_m4f7_P4_Y5_UO469,RD12_F1_m19f2_P19_Y4_UO1110,MXY,1,0.0,0,0,0.0,0,0,0,-9999.0,0.5625,1,P18_CV0,1,1,1,1,1
4,0.4375872112626925,0.8917730007820798,R4_F4_m4f12_P4_Y7_UO34,R4_F4_m4f7_P4_Y5_UO469,RD12_F1_m19f2_P19_Y4_UO1110,MXY,1,0.0,0,0,0.0,0,0,0,-9999.0,0.5625,1,P18_CV0,1,1,1,1,1
4,0.4375872112626925,0.8917730007820798,R4_F4_m4f12_P4_Y7_UO36,R4_F4_m4f7_P4_Y5_UO469,RD12_F1_m19f2_P19_Y4_UO1110,MXY,1,0.0,0,0,0.0,0,0,0,-9999.0,0.5625,1,P18_CV0,1,2,0,1,1
4,0.4375872112626925,0.8917730007820798,R4_F4_m4f12_P4_Y7_UO39,R4_F4_m4f7_P4_Y5_UO469,RD12_F1_m19f2_P19_Y4_UO1110,MXY,1,0.0,0,0,0.0,0,0,0,-9999.0,0.5625,1,P18_CV0,1,2,0,1,1
4,0.4375872112626925,0.8917730007820798,R4_F4_m4f12_P4_Y7_UO40,R4_F4_m4f7_P4_Y5_UO469,RD12_F1_m19f2_P19_Y4_UO1110,FXX,1,0.0,0,0,0.0,0,0,0,-9999.0,0.5625,1,P18_CV0,1,1,1,2,0
4,0.4375872112626925,0.8917730007820798,R4_F4_m4f12_P4_Y7_UO41,R4_F4_m4f7_P4_Y5_UO469,RD12_F1_m19f2_P19_Y4_UO1110,FXX,1,0.0,0,0,0.0,0,0,0,-9999.0,0.5625,1,P18_CV0,1,2,0,2,0
4,0.4375872112626925,0.8917730007820798,R4_F4_m4f12_P4_Y7_UO43,R4_F4_m4f7_P4_Y5_UO469,RD12_F1_m19f2_P19_Y4_UO1110,FXX,1,0.0,0,0,0.0,0,0,0,-9999.0,0.5625,1,P18_CV0,1,2,0,1,1
4,0.4375872112626925,0.8917730007820798,R4_F4_m4f12_P4_Y7_UO47,R4_F4_m4f7_P4_Y5_UO469,RD12_F1_m19f2_P19_Y4_UO1110,MXY,1,0.0,0,0,0.0,0,0,0,-9999.0,0.5625,1,P18_CV0,1,1,1,1,1
4,0.4375872112626925,0.8917730007820798,R4_F4_m4f12_P4_Y7_UO50,R4_F4_m4f7_P4_Y5_UO469,RD12_F1_m19f2_P19_Y4_UO1110,MXY,1,0.0,0,0,0.0,0,0,0,-9999.0,0.5625,1,P18_CV0,1,2,0,2,0
4,0.4375872112626925,0.8917730007820798,R4_F4_m4f12_P4_Y7_UO51,R4_F4_m4f7_P4_Y5_UO469,RD12_F1_m19f2_P19_Y4_UO1110,MXY,1,0.0,0,0,0.0,0,0,0,-9999.0,0.5625,1,P18_CV0,1,2,0,1,1
4,0.4375872112626925,0.8917730007820798,R4_F4_m4f12_P4_Y7_UO54,R4_F4_m4f7_P4_Y5_UO469,RD12_F1_m19f2_P19_Y4_UO1110,FXX,1,0.0,0,0,0.0,0,0,0,-9999.0,0.5625,1,P18_CV0,1,2,0,2,0
4,0.4375872112626925,0.8917730007820798,R4_F4_m4f12_P4_Y6_UO193,RD4_F12_m1f19_P1_Y4_UO1307,RD12_F1_m1f19_P1_Y4_UO1068,MXY,2,0.0,1,0,0.0,0,0,0,-9999.0,0.40625,1,P18_CV0,1,1,1,2,0
4,0.4375872112626925,0.8917730007820798,R4_F4_m4f12_P4_Y6_UO196,RD4_F12_m1f19_P1_Y4_UO1307,RD12_F1_m1f19_P1_Y4_UO1068,MXY,2,0.0,1,0,0.0,0,0,0,-9999.0,0.40625,1,P18_CV0,1,1,1,2,0
4,0.4375872112626925,0.8917730007820798,R4_F4_m12f4_P12_Y6_UO1395,RD12_F1_m19f2_P19_Y4_UO1320,RD4_F12_m12f1_P12_Y4_UO501,MXY,2,0.0,1,0,0.0,0,0,0,-9999.0,0.53125,1,P18_CV0,1,2,0,1,1
4,0.4375872112626925,0.8917730007820798,R4_F4_m4f12_P4_Y6_UO288,RD4_F12_m1f12_P1_Y4_UO1106,RD12_F1_m1f19_P1_Y4_UO1068,MXY,2,0.0,1,0,0.0,0,0,0,-9999.0,0.3125,1,P18_CV0,1,0,2,2,0
4,0.4375872112626925,0.8917730007820798,R4_F4_m4f12_P4_Y6_UO238,R4_F4_m4f12_P4_Y4_UO662,R12_F12_m12f4_P12_Y4_UO639,MXY,2,0.0,1,0,0.0,0,0,0,-9999.0,0.53125,1,P18_CV0,1,1,1,2,0
4,0.4375872112626925,0.8917730007820798,R4_F4_m4f12_P4_Y6_UO583,R4_F4_m4f12_P4_Y4_UO835,R12_F12_m12f4_P12_Y4_UO1345,MXY,2,0.0,1,0,0.0,0,0,0,-9999.0,0.46875,1,P18_CV0,1,2,0,1,1
4,0.4375872112626925,0.8917730007820798,R4_F4_m4f12_P4_Y6_UO237,R4_F4_m4f12_P4_Y4_UO662,R12_F12_m12f4_P12_Y4_UO639,FXX,2,0.0,1,0,1.0,0,0,0,-9999.0,0.53125,1,P18_CV0,1,1,1,1,1
4,0.4375872112626925,0.8917730007820798,R4_F4_m12f1_P12_Y6_UO1026,R12_F12_m4f12_P4_Y4_UO162,R1_F1_m1f12_P1_Y4_UO1084,FXX,2,0.0,1,0,1.0,0,0,0,-9999.0,0.53125,1,P18_CV0,1,0,2,1,1
4,0.4375872112626925,0.8917730007820798,R4_F4_m12f4_P12_Y6_UO614,RD12_F1_m1f12_P1_Y4_UO1107,RD4_F12_m1f12_P1_Y4_UO167,MXY,2,0.0,1,0,0.0,0,0,0,-9999.0,0.1875,1,P18_CV0,1,0,2,0,2
4,0.4375872112626925,0.8917730007820798,R4_F4_m4f7_P4_Y6_UO457,R4_F4_m12f4_P12_Y4_UO187,R7_F7_m7f1_P7_Y4_UO818,MXY,2,0.0,1,0,0.0,0,0,0,-9999.0,0.53125,1,P18_CV0,1,1,1,1,1
4,0.4375872112626925,0.8917730007820798,RD4_F12_m1f12_P1_Y6_UO1346,RD1_F12_m1f12_P1_Y4_UO1104,R12_F12_m12f4_P12_Y3_UO287,FXX,2,0.0,1,0,1.0,0,0,0,-9999.0,0.625,1,P18_CV0,1,2,0,0,2
4,0.4375872112626925,0.8917730007820798,RD4_F12_m1f12_P1_Y6_UO1514,RD1_F12_m12f4_P12_Y4_UO42,RD12_F4_m16f12_P16_Y4_UO1046,MXY,2,0.0,1,0,0.0,0,0,0,-9999.0,0.53125,1,P18_CV0,1,1,1,1,1
4,0.4375872112626925,0.8917730007820798,RD4_F12_m4f12_P4_Y6_UO286,RD4_F12_m1f12_P1_Y4_UO1106,RD12_F1_m1f19_P1_Y4_UO1068,FXX,2,0.0,1,0,1.0,0,0,0,-9999.0,0.3125,1,P18_CV0,1,0,2,1,1
4,0.4375872112626925,0.8917730007820798,RD4_F12_m12f1_P12_Y6_UO454,RD12_F1_m12f4_P12_Y4_UO1148,R1_F1_m1f12_P1_Y4_UO1038,MXY,2,0.0,1,0,0.0,0,0,0,-9999.0,0.53125,1,P18_CV0,1,1,1,0,2
4,0.4375872112626925,0.8917730007820798,RD4_F12_m12f1_P12_Y6_UO455,RD12_F1_m12f4_P12_Y4_UO1148,R1_F1_m1f12_P1_Y4_UO1038,FXX,2,0.0,1,0,1.0,0,0,0,-9999.0,0.53125,1,P18_CV0,1,2,0,2,0
4,0.4375872112626925,0.8917730007820798,RD4_F12_m12f4_P12_Y6_UO546,R12_F12_m4f12_P4_Y4_UO387,R4_F4_m4f12_P4_Y4_UO1086,FXX,2,0.0,1,0,1.0,0,0,0,-9999.0,0.625,1,P18_CV0,1,2,0,1,1
4,0.4375872112626925,0.8917730007820798,RD4_F12_m12f1_P12_Y6_UO1459,R12_F12_m4f12_P4_Y4_UO162,R1_F1_m1f12_P1_Y4_UO1084,MXY,2,0.0,1,0,0.0,0,0,0,-9999.0,0.53125,1,P18_CV0,1,0,2,1,1
4,0.4375872112626925,0.8917730007820798,RD4_F12_m19f2_P19_Y4_UO1110,R19_F19_m2f19_P2_Y2_UO78,RD2_F19_m19f2_P19_Y2_UO610,MXY,4,0.0,1,0,0.0,0,0,0,-9999.0,0.625,1,P18_CV0,1,2,0,1,1
4,0.4375872112626925,0.8917730007820798,R4_F4_m4f12_P4_Y6_UO798,R4_F4_m4f12_P4_Y4_UO821,RD12_F16_m16f12_P16_Y4_UO148,FXX,2,0.0,1,0,1.0,0,0,0,-9999.0,0.59375,1,P19_CV0,1,0,2,1,1
4,0.4375872112626925,0.8917730007820798,RD4_F7_m7f4_P7_Y6_UO1105,RD7_F10_m10f11_P10_Y4_UO365,RD4_F12_m12f1_P12_Y4_UO566,MXY,2,0.0,1,0,0.0,0,0,0,-9999.0,0.28125,1,P19_CV0,1,1,1,1,1
4,0.4375872112626925,0.8917730007820798,RD4_F7_m7f4_P7_Y6_UO1341,RD7_F4_m12f1_P12_Y4_UO1286,RD4_F7_m7f4_P7_Y4_UO848,FXX,2,0.0,1,0,1.0,0,0,0,-9999.0,0.34375,1,P19_CV0,1,1,1,0,2
4,0.4375872112626925,0.8917730007820798,RD4_F12_m4f7_P4_Y6_UO956,R4_F4_m4f12_P4_Y4_UO821,RD7_F4_m4f16_P4_Y4_UO793,FXX,2,0.0,1,0,1.0,0,0,0,-9999.0,0.5625,1,P19_CV0,1,0,2,1,1
4,0.4375872112626925,0.8917730007820798,RD4_F12_m12f4_P12_Y6_UO529,RD12_F1_m12f4_P12_Y4_UO735,RD4_F7_m7f4_P7_Y4_UO848,FXX,2,0.0,1,0,1.0,0,0,0,-9999.0,0.4375,1,P19_CV0,1,2,0,2,0
4,0.4375872112626925,0.8917730007820798,RD4_F12_m1f19_P1_Y6_UO1233,R1_F1_m1f19_P1_Y4_UO19,R19_F19_m19f2_P19_Y4_UO380,FXX,2,0.0,1,0,1.0,0,0,0,-9999.0,0.34375,1,P1_CV0,1,0,2,2,0
4,0.4375872112626925,0.8917730007820798,RD4_F7_m7f4_P7_Y7_UO778,R7_F7_m7f4_P7_Y5_UO566,RD4_F7_m12f4_P12_Y4_UO405,FXX,1,0.0,0,0,0.0,0,0,0,-9999.0,0.65625,1,P2_CV0,1,2,0,0,2
4,0.4375872112626925,0.8917730007820798,R4_F4_m4f12_P4_Y6_UO911,R4_F4_m4f12_P4_Y4_UO662,RD12_F1_m1f12_P1_Y4_UO1357,FXX,2,0.0,1,0,1.0,0,0,0,-9999.0,0.71875,1,P2_CV0,1,1,1,2,0
4,0.4375872112626925,0.8917730007820798,R4_F4_m12f1_P12_Y6_UO1124,R12_F12_m4f16_P4_Y4_UO791,R1_F1_m3f17_P3_Y3_UO479,FXX,2,0.0,1,0,1.0,0,0,0,-9999.0,0.625,1,P2_CV0,1,1,1,2,0
4,0.4375872112626925,0.8917730007820798,R4_F4_m4f7_P4_Y6_UO954,R4_F4_m4f12_P4_Y4_UO821,RD7_F4_m4f16_P4_Y4_UO793,MXY,2,0.0,1,0,0.0,0,0,0,-9999.0,0.5625,1,P2_CV0,1,0,2,2,0
4,0.4375872112626925,0.8917730007820798,R4_F4_m12f1_P12_Y6_UO786,RD12_F4_m16f13_P16_Y4_UO9,R1_F1_m19f2_P19_Y4_UO195,FXX,2,0.0,1,0,1.0,0,0,0,-9999.0,0.46875,1,P2_CV0,1,0,2,0,2
4,0.4375872112626925,0.8917730007820798,RD4_F12_m12f1_P12_Y6_UO465,RD12_F4_m4f16_P4_Y4_UO789,RD1_F17_m3f17_P3_Y2_UO1156,MXY,2,0.0,1,0,0.0,0,0,0,-9999.0,0.625,1,P2_CV0,1,2,0,1,1
4,0.4375872112626925,0.8917730007820798,RD4_F12_m12f3_P12_Y6_UO1156,RD12_F4_m16f13_P16_Y4_UO9,R3_F3_m17f3_P17_Y4_UO1415,FXX,2,0.0,1,0,1.0,0,0,0,-9999.0,0.3125,1,P2_CV0,1,1,1,1,1
4,0.4375872112626925,0.8917730007820798,R4_F4_m12f4_P12_Y4_UO405,R12_F12_m3f17_P3_Y2_UO236,RD4_F12_m4f12_P4_Y2_UO436,MXY,4,0.0,1,0,0.0,0,0,0,-9999.0,0.625,1,P2_CV0,1,1,1,0,2
4,0.4375872112626925,0.8917730007820798,R4_F4_m4f12_P4_Y7_UO42,R4_F4_m4f7_P4_Y5_UO469,RD12_F1_m19f2_P19_Y4_UO1110,MXY,1,0.0,0,0,0.0,0,0,0,-9999.0,0.5625,1,P3_CV0,1,2,0,2,0
4,0.4375872112626925,0.8917730007820798,R4_F4_m4f12_P4_Y7_UO48,R4_F4_m4f7_P4_Y5_UO469,RD12_F1_m19f2_P19_Y4_UO1110,MXY,1,0.0,0,0,0.0,0,0,0,-9999.0,0.5625,1,P3_CV0,1,1,1,2,0
4,0.4375872112626925,0.8917730007820798,R4_F4_m4f12_P4_Y7_UO53,R4_F4_m4f7_P4_Y5_UO469,RD12_F1_m19f2_P19_Y4_UO1110,MXY,1,0.0,0,0,0.0,0,0,0,-9999.0,0.5625,1,P3_CV0,1,1,1,1,1
4,0.4375872112626925,0.8917730007820798,R4_F4_m7f4_P7_Y6_UO1478,R7_F7_m7f4_P7_Y4_UO1208,RD4_F12_m1f19_P1_Y4_UO1306,FXX,2,0.0,1,0,1.0,0,0,0,-9999.0,0.53125,1,P3_CV0,1,1,1,2,0
4,0.4375872112626925,0.8917730007820798,R4_F4_m7f4_P7_Y6_UO1121,RD7_F10_m11f20_P11_Y4_UO762,R4_F4_m4f12_P4_Y3_UO118,MXY,2,0.0,1,0,0.0,0,0,0,-9999.0,0.5,1,P3_CV0,1,2,0,2,0
4,0.4375872112626925,0.8917730007820798,RD4_F7_m10f11_P10_Y6_UO1461,R10_F10_m10f7_P10_Y4_UO1261,RD11_F20_m11f20_P11_Y3_UO539,MXY,2,0.0,1,0,0.0,0,0,0,-9999.0,0.5,1,P3_CV0,1,0,2,1,1
4,0.4375872112626925,0.8917730007820798,RD4_F7_m10f11_P10_Y6_UO1464,R10_F10_m10f7_P10_Y4_UO1261,RD11_F20_m11f20_P11_Y3_UO539,FXX,2,0.0,1,0,1.0,0,0,0,-9999.0,0.5,1,P3_CV0,1,0,2,1,1
4,0.4375872112626925,0.8917730007820798,RD4_F12_m12f4_P12_Y6_UO768,R12_F12_m12f4_P12_Y4_UO404,R4_F4_m7f4_P7_Y4_UO609,MXY,2,0.0,1,0,0.0,0,0,0,-9999.0,0.59375,1,P3_CV0,1,1,1,1,1
4,0.4375872112626925,0.8917730007820798,R4_F4_m4f12_P4_Y5_UO332,RD4_F7_m7f12_P7_Y3_UO162,R12_F12_m1f19_P1_Y2_UO273,MXY,3,0.0,1,0,0.0,0,0,0,-9999.0,0.625,1,P3_CV0,1,1,1,1,1
4,0.4375872112626925,0.8917730007820798,RD4_F12_m12f4_P12_Y4_UO1149,RD12_F1_m3f17_P3_Y2_UO1155,R4_F4_m4f12_P4_Y2_UO1109,MXY,4,0.0,1,0,0.0,0,0,0,-9999.0,0.5,1,P3_CV0,1,2,0,1,1
4,0.4375872112626925,0.8917730007820798,RD4_F12_m1f19_P1_Y6_UO730,RD1_F19_m2f19_P2_Y4_UO507,R19_F19_m19f2_P19_Y3_UO1067,FXX,2,0.0,1,0,1.0,0,0,0,-9999.0,0.5625,1,P4_CV0,1,1,1,2,0
4,0.4375872112626925,0.8917730007820798,RD4_F7_m10f11_P10_Y6_UO437,RD10_F7_m10f20_P10_Y4_UO168,RD11_F10_m11f20_P11_Y4_UO1285,FXX,2,0.0,1,0,1.0,0,0,0,-9999.0,0.40625,1,P6_CV0,1,2,0,0,2
4,0.4375872112626925,0.8917730007820798,RD4_F7_m7f4_P7_Y7_UO783,R7_F7_m7f4_P7_Y5_UO566,RD4_F7_m12f4_P12_Y4_UO405,FXX,1,0.0,0,0,0.0,0,0,0,-9999.0,0.65625,1,P9_CV0,1,2,0,0,2
5,0.9636627605010293,0.3834415188257777,R5_F5_m5f6_P5_Y7_UO704,R5_F5_m6f2_P6_Y5_UO248,R6_F6_m5f6_P5_Y5_UO87,FXX,1,0.0,0,0,0.0,0,0,0,-9999.0,0.4375,1,P10_CV0,1,2,0,2,0
5,0.9636627605010293,0.3834415188257777,R5_F5_m5f6_P5_Y7_UO707,R5_F5_m6f2_P6_Y5_UO248,R6_F6_m5f6_P5_Y5_UO87,FXX,1,0.0,0,0,0.0,0,0,0,-9999.0,0.4375,1,P10_CV0,1,0,2,2,0
5,0.9636627605010293,0.3834415188257777,R5_F5_m5f6_P5_Y7_UO346,R5_F5_m5f6_P5_Y5_UO85,R6_F6_m5f6_P5_Y5_UO87,FXX,1,0.0,0,0,0.0,0,0,0,-9999.0,0.3125,1,P10_CV0,1,0,2,0,2
5,0.9636627605010293,0.3834415188257777,RD5_F20_m20f11_P20_Y7_UO13,R20_F20_m20f11_P20_Y5_UO26,RD11_F20_m11f20_P11_Y2_UO886,FXX,1,0.0,0,0,0.0,0,0,0,-9999.0,0.25,1,P10_CV0,1,1,1,0,2
5,0.9636627605010293,0.3834415188257777,R5_F5_m5f6_P5_Y7_UO701,R5_F5_m6f2_P6_Y5_UO248,R6_F6_m5f6_P5_Y5_UO87,MXY,1,0.0,0,0,0.0,0,0,0,-9999.0,0.4375,1,P10_CV0,1,2,0,0,2
5,0.9636627605010293,0.3834415188257777,RD5_F6_m5f6_P5_Y6_UO1215,RD5_F6_m6f20_P6_Y4_UO624,RD6_F5_m5f6_P5_Y4_UO1133,FXX,2,0.0,1,0,1.0,0,0,0,-9999.0,0.5,1,P10_CV0,1,1,1,1,1
5,0.9636627605010293,0.3834415188257777,RD5_F6_m5f6_P5_Y6_UO1454,RD5_F6_m6f20_P6_Y4_UO624,RD6_F5_m6f20_P6_Y3_UO577,MXY,2,0.0,1,0,0.0,0,0,0,-9999.0,0.34375,1,P10_CV0,1,1,1,1,1
5,0.9636627605010293,0.3834415188257777,R5_F5_m5f6_P5_Y6_UO1450,RD5_F6_m6f20_P6_Y4_UO624,RD6_F5_m6f20_P6_Y3_UO577,MXY,2,0.0,1,0,0.0,0,0,0,-9999.0,0.34375,1,P10_CV0,1,1,1,1,1
5,0.9636627605010293,0.3834415188257777,RD5_F6_m5f6_P5_Y5_UO87,R5_F5_m6f19_P6_Y3_UO195,RD6_F20_m20f11_P20_Y3_UO1102,MXY,3,0.0,1,0,0.0,0,0,0,-9999.0,0.3125,1,P10_CV0,1,1,1,1,1
5,0.9636627605010293,0.3834415188257777,RD5_F6_m6f19_P6_Y7_UO389,RD6_F5_m6f19_P6_Y5_UO869,R19_F19_m19f2_P19_Y4_UO1128,MXY,1,0.0,0,0,0.0,0,0,0,-9999.0,0.59375,1,P11_CV0,1,2,0,1,1
5,0.9636627605010293,0.3834415188257777,RD5_F6_m6f19_P6_Y7_UO388,RD6_F5_m6f19_P6_Y5_UO869,R19_F19_m19f2_P19_Y4_UO1128,MXY,1,0.0,0,0,0.0,0,0,0,-9999.0,0.59375,1,P11_CV0,1,1,1,1,1
5,0.9636627605010293,0.3834415188257777,RD5_F6_m6f19_P6_Y7_UO398,RD6_F5_m6f19_P6_Y5_UO869,R19_F19_m19f2_P19_Y4_UO1128,FXX,1,0.0,0,0,0.0,0,0,0,-9999.0,0.59375,1,P11_CV0,1,1,1,2,0
5,0.9636627605010293,0.3834415188257777,RD5_F6_m19f2_P19_Y6_UO885,R19_F19_m19f2_P19_Y4_UO1142,RD2_F19_m19f2_P19_Y4_UO378,FXX,2,0.0,1,0,1.0,0,0,0,-9999.0,0.5,1,P14_CV0,1,0,2,2,0
5,0.9636627605010293,0.3834415188257777,RD5_F6_m2f19_P2_Y6_UO1291,R2_F2_m19f2_P19_Y4_UO1108,RD19_F2_m2f17_P2_Y3_UO857,MXY,2,0.0,1,0,0.0,0,0,0,-9999.0,0.5625,1,P15_CV0,1,0,2,1,1
5,0.9636627605010293,0.3834415188257777,RD5_F6_m6f5_P6_Y7_UO154,R6_F6_m6f20_P6_Y5_UO222,RD5_F6_m6f2_P6_Y5_UO1,MXY,1,0.0,0,0,0.0,0,0,0,-9999.0,0.59375,1,P18_CV0,1,1,1,2,0
5,0.9636627605010293,0.3834415188257777,R5_F5_m5f6_P5_Y7_UO305,R5_F5_m6f19_P6_Y5_UO712,RD6_F20_m20f11_P20_Y5_UO379,MXY,1,0.0,0,0,0.0,0,0,0,-9999.0,0.5625,1,P18_CV0,1,1,1,1,1
5,0.9636627605010293,0.3834415188257777,RD5_F6_m6f5_P6_Y7_UO147,R6_F6_m6f20_P6_Y5_UO222,RD5_F6_m6f2_P6_Y5_UO1,MXY,1,0.0,0,0,0.0,0,0,0,-9999.0,0.59375,1,P18_CV0,1,2,0,1,1
5,0.9636627605010293,0.3834415188257777,R5_F5_m5f6_P5_Y7_UO427,RD5_F6_m6f2_P6_Y5_UO249,RD6_F5_m5f6_P5_Y5_UO1006,MXY,1,0.0,0,0,0.0,0,0,0,-9999.0,0.5625,1,P18_CV0,1,2,0,1,1
5,0.9636627605010293,0.3834415188257777,R5_F5_m5f6_P5_Y7_UO433,RD5_F6_m6f2_P6_Y5_UO249,RD6_F5_m5f6_P5_Y5_UO1006,FXX,1,0.0,0,0,0.0,0,0,0,-9999.0,0.5625,1,P18_CV0,1,2,0,1,1
5,0.9636627605010293,0.3834415188257777,R5_F5_m5f6_P5_Y7_UO767,RD5_F6_m6f2_P6_Y5_UO247,R6_F6_m5f6_P5_Y5_UO913,MXY,1,0.0,0,0,0.0,0,0,0,-9999.0,0.6875,1,P18_CV0,1,2,0,0,2
5,0.9636627605010293,0.3834415188257777,R5_F5_m5f6_P5_Y7_UO429,RD5_F6_m6f2_P6_Y5_UO249,RD6_F5_m5f6_P5_Y5_UO1006,MXY,1,0.0,0,0,0.0,0,0,0,-9999.0,0.5625,1,P18_CV0,1,2,0,1,1
5,0.9636627605010293,0.3834415188257777,R5_F5_m5f6_P5_Y7_UO757,RD5_F6_m6f2_P6_Y5_UO247,R6_F6_m5f6_P5_Y5_UO913,MXY,1,0.0,0,0,0.0,0,0,0,-9999.0,0.6875,1,P18_CV0,1,1,1,1,1
5,0.9636627605010293,0.3834415188257777,R5_F5_m5f6_P5_Y7_UO425,RD5_F6_m6f2_P6_Y5_UO249,RD6_F5_m5f6_P5_Y5_UO1006,MXY,1,0.0,0,0,0.0,0,0,0,-9999.0,0.5625,1,P18_CV0,1,2,0,0,2
5,0.9636627605010293,0.3834415188257777,RD5_F6_m6f5_P6_Y7_UO158,R6_F6_m6f20_P6_Y5_UO222,RD5_F6_m6f2_P6_Y5_UO1,FXX,1,0.0,0,0,0.0,0,0,0,-9999.0,0.59375,1,P18_CV0,1,1,1,2,0
5,0.9636627605010293,0.3834415188257777,R5_F5_m5f6_P5_Y7_UO768,RD5_F6_m6f2_P6_Y5_UO247,R6_F6_m5f6_P5_Y5_UO913,MXY,1,0.0,0,0,0.0,0,0,0,-9999.0,0.6875,1,P18_CV0,1,1,1,0,2
5,0.9636627605010293,0.3834415188257777,RD5_F6_m6f19_P6_Y7_UO120,RD6_F5_m5f6_P5_Y5_UO1010,R19_F19_m19f2_P19_Y4_UO39,MXY,1,0.0,0,0,0.0,0,0,0,-9999.0,0.71875,1,P18_CV0,1,2,0,1,1
5,0.9636627605010293,0.3834415188257777,R5_F5_m5f6_P5_Y7_UO777,RD5_F6_m6f2_P6_Y5_UO247,RD6_F5_m5f6_P5_Y5_UO1006,MXY,1,0.0,0,0,0.0,0,0,0,-9999.0,0.5625,1,P18_CV0,1,2,0,1,1
5,0.9636627605010293,0.3834415188257777,RD5_F6_m6f5_P6_Y7_UO157,R6_F6_m6f20_P6_Y5_UO222,RD5_F6_m6f2_P6_Y5_UO1,FXX,1,0.0,0,0,0.0,0,0,0,-9999.0,0.59375,1,P18_CV0,1,0,2,1,1
5,0.9636627605010293,0.3834415188257777,R5_F5_m5f6_P5_Y7_UO765,RD5_F6_m6f2_P6_Y5_UO247,R6_F6_m5f6_P5_Y5_UO913,MXY,1,0.0,0,0,0.0,0,0,0,-9999.0,0.6875,1,P18_CV0,1,1,1,0,2
5,0.9636627605010293,0.3834415188257777,RD5_F6_m6f5_P6_Y7_UO146,R6_F6_m6f20_P6_Y5_UO222,RD5_F6_m6f2_P6_Y5_UO1,MXY,1,0.0,0,0,0.0,0,0,0,-9999.0,0.59375,1,P18_CV0,1,2,0,2,0
5,0.9636627605010293,0.3834415188257777,RD5_F6_m6f19_P6_Y7_UO131,RD6_F5_m5f6_P5_Y5_UO1010,R19_F19_m19f2_P19_Y4_UO39,MXY,1,0.0,0,0,0.0,0,0,0,-9999.0,0.71875,1,P18_CV0,1,1,1,2,0
5,0.9636627605010293,0.3834415188257777,RD5_F6_m6f19_P6_Y7_UO125,RD6_F5_m5f6_P5_Y5_UO1010,R19_F19_m19f2_P19_Y4_UO39,MXY,1,0.0,0,0,0.0,0,0,0,-9999.0,0.71875,1,P18_CV0,1,1,1,2,0
5,0.9636627605010293,0.3834415188257777,RD5_F6_m6f19_P6_Y7_UO119,RD6_F5_m5f6_P5_Y5_UO1010,R19_F19_m19f2_P19_Y4_UO39,MXY,1,0.0,0,0,0.0,0,0,0,-9999.0,0.71875,1,P18_CV0,1,2,0,1,1
5,0.9636627605010293,0.3834415188257777,R5_F5_m5f6_P5_Y7_UO306,R5_F5_m6f19_P6_Y5_UO712,RD6_F20_m20f11_P20_Y5_UO379,MXY,1,0.0,0,0,0.0,0,0,0,-9999.0,0.5625,1,P18_CV0,1,1,1,1,1
5,0.9636627605010293,0.3834415188257777,R5_F5_m5f6_P5_Y7_UO145,RD5_F6_m6f19_P6_Y5_UO28,RD6_F20_m20f11_P20_Y5_UO379,MXY,1,0.0,0,0,0.0,0,0,0,-9999.0,0.5625,1,P18_CV0,1,1,1,1,1
5,0.9636627605010293,0.3834415188257777,R5_F5_m5f6_P5_Y7_UO764,RD5_F6_m6f2_P6_Y5_UO247,R6_F6_m5f6_P5_Y5_UO913,FXX,1,0.0,0,0,0.0,0,0,0,-9999.0,0.6875,1,P18_CV0,1,1,1,1,1
5,0.9636627605010293,0.3834415188257777,R5_F5_m5f6_P5_Y7_UO760,RD5_F6_m6f2_P6_Y5_UO247,R6_F6_m5f6_P5_Y5_UO913,FXX,1,0.0,0,0,0.0,0,0,0,-9999.0,0.6875,1,P18_CV0,1,1,1,0,2
5,0.9636627605010293,0.3834415188257777,RD5_F6_m6f19_P6_Y7_UO118,RD6_F5_m5f6_P5_Y5_UO1010,R19_F19_m19f2_P19_Y4_UO39,MXY,1,0.0,0,0,0.0,0,0,0,-9999.0,0.71875,1,P18_CV0,1,2,0,2,0
5,0.9636627605010293,0.3834415188257777,R5_F5_m6f19_P6_Y6_UO245,RD6_F19_m19f2_P19_Y4_UO1317,RD19_F2_m15f17_P15_Y3_UO237,FXX,2,0.0,1,0,1.0,0,0,0,-9999.0,0.6875,1,P18_CV0,1,2,0,1,1
5,0.9636627605010293,0.3834415188257777,RD5_F6_m6f19_P6_Y6_UO434,RD6_F2_m2f19_P2_Y4_UO594,R19_F19_m19f2_P19_Y3_UO1133,MXY,2,0.0,1,0,0.0,0,0,0,-9999.0,0.59375,1,P18_CV0,1,2,0,1,1
5,0.9636627605010293,0.3834415188257777,R5_F5_m6f5_P6_Y6_UO928,RD6_F19_m1f12_P1_Y4_UO228,R5_F5_m6f20_P6_Y3_UO1063,FXX,2,0.0,1,0,1.0,0,0,0,-9999.0,0.46875,1,P18_CV0,1,0,2,0,2
5,0.9636627605010293,0.3834415188257777,RD5_F6_m2f19_P2_Y6_UO19,RD2_F19_m2f19_P2_Y4_UO1376,R19_F19_m19f2_P19_Y4_UO458,FXX,2,0.0,1,0,1.0,0,0,0,-9999.0,0.5,1,P18_CV0,1,0,2,0,2
5,0.9636627605010293,0.3834415188257777,R5_F5_m6f5_P6_Y6_UO929,RD6_F19_m1f12_P1_Y4_UO228,R5_F5_m6f20_P6_Y3_UO1063,FXX,2,0.0,1,0,1.0,0,0,0,-9999.0,0.46875,1,P18_CV0,1,1,1,0,2
5,0.9636627605010293,0.3834415188257777,RD5_F6_m6f19_P6_Y6_UO345,R6_F6_m6f19_P6_Y4_UO948,RD19_F2_m15f17_P15_Y3_UO237,FXX,2,0.0,1,0,1.0,0,0,0,-9999.0,0.53125,1,P18_CV0,1,2,0,1,1
5,0.9636627605010293,0.3834415188257777,R5_F5_m6f2_P6_Y6_UO1257,RD6_F5_m6f19_P6_Y4_UO1022,RD2_F19_m2f19_P2_Y4_UO1385,FXX,2,0.0,1,0,1.0,0,0,0,-9999.0,0.5625,1,P18_CV0,1,1,1,1,1
5,0.9636627605010293,0.3834415188257777,R5_F5_m6f19_P6_Y6_UO436,RD6_F2_m2f19_P2_Y4_UO594,R19_F19_m19f2_P19_Y3_UO1133,FXX,2,0.0,1,0,1.0,0,0,0,-9999.0,0.59375,1,P18_CV0,1,2,0,2,0
5,0.9636627605010293,0.3834415188257777,R5_F5_m6f19_P6_Y6_UO240,RD6_F19_m19f2_P19_Y4_UO1317,RD19_F2_m15f17_P15_Y3_UO237,MXY,2,0.0,1,0,0.0,0,0,0,-9999.0,0.6875,1,P18_CV0,1,1,1,1,1
5,0.9636627605010293,0.3834415188257777,RD5_F6_m6f19_P6_Y6_UO241,RD6_F19_m19f2_P19_Y4_UO1317,RD19_F2_m15f17_P15_Y3_UO237,MXY,2,0.0,1,0,0.0,0,0,0,-9999.0,0.6875,1,P18_CV0,1,1,1,1,1
5,0.9636627605010293,0.3834415188257777,RD5_F6_m6f20_P6_Y6_UO358,RD6_F19_m19f2_P19_Y4_UO1317,RD20_F11_m10f11_P10_Y4_UO932,FXX,2,0.0,1,0,1.0,0,0,0,-9999.0,0.625,1,P18_CV0,1,1,1,1,1
5,0.9636627605010293,0.3834415188257777,R5_F5_m6f2_P6_Y5_UO247,R6_F6_m5f6_P5_Y3_UO821,R2_F2_m2f19_P2_Y3_UO351,FXX,3,0.0,1,0,1.0,0,0,0,-9999.0,0.5625,1,P18_CV0,1,1,1,0,2
5,0.9636627605010293,0.3834415188257777,R5_F5_m5f6_P5_Y6_UO1160,RD5_F6_m5f6_P5_Y4_UO897,RD6_F10_m11f20_P11_Y4_UO1008,FXX,2,0.0,1,0,1.0,0,0,0,-9999.0,0.46875,1,P19_CV0,1,1,1,1,1
5,0.9636627605010293,0.3834415188257777,R5_F5_m5f6_P5_Y6_UO95,RD5_F6_m20f11_P20_Y4_UO81,RD6_F2_m2f19_P2_Y4_UO510,MXY,2,0.0,1,0,0.0,0,0,0,-9999.0,0.5,1,P1_CV0,1,1,1,1,1
5,0.9636627605010293,0.3834415188257777,RD5_F6_m6f2_P6_Y6_UO402,RD6_F5_m5f6_P5_Y4_UO1132,RD2_F19_m19f2_P19_Y4_UO382,FXX,2,0.0,1,0,1.0,0,0,0,-9999.0,0.53125,1,P1_CV0,1,2,0,1,1
5,0.9636627605010293,0.3834415188257777,RD5_F6_m6f19_P6_Y6_UO346,R6_F6_m6f19_P6_Y4_UO948,RD19_F2_m15f17_P15_Y3_UO237,MXY,2,0.0,1,0,0.0,0,0,0,-9999.0,0.53125,1,P1_CV0,1,2,0,1,1
5,0.9636627605010293,0.3834415188257777,R5_F5_m5f6_P5_Y6_UO1157,RD5_F6_m5f6_P5_Y4_UO897,RD6_F10_m11f20_P11_Y4_UO1008,MXY,2,0.0,1,0,0.0,0,0,0,-9999.0,0.46875,1,P1_CV0,1,1,1,1,1
5,0.9636627605010293,0.3834415188257777,RD5_F6_m6f19_P6_Y6_UO1145,R6_F6_m6f19_P6_Y4_UO948,R19_F19_m19f2_P19_Y3_UO1133,FXX,2,0.0,1,0,1.0,0,0,0,-9999.0,0.53125,1,P1_CV0,1,2,0,2,0
5,0.9636627605010293,0.3834415188257777,R5_F5_m6f2_P6_Y6_UO540,RD6_F2_m19f2_P19_Y4_UO336,R2_F2_m15f17_P15_Y4_UO119,MXY,2,0.0,1,0,0.0,0,0,0,-9999.0,0.5,1,P1_CV0,1,2,0,2,0
5,0.9636627605010293,0.3834415188257777,R5_F5_m6f19_P6_Y6_UO1304,RD6_F2_m19f2_P19_Y4_UO336,R19_F19_m2f19_P2_Y4_UO1443,MXY,2,0.0,1,0,0.0,0,0,0,-9999.0,0.40625,1,P1_CV0,1,2,0,0,2
5,0.9636627605010293,0.3834415188257777,RD5_F6_m19f2_P19_Y6_UO512,R19_F19_m19f1_P19_Y4_UO1466,R2_F2_m2f19_P2_Y4_UO1439,FXX,2,0.0,1,0,1.0,0,0,0,-9999.0,0.5,1,P1_CV0,1,1,1,1,1
5,0.9636627605010293,0.3834415188257777,RD5_F6_m2f19_P2_Y6_UO112,R2_F2_m2f19_P2_Y4_UO913,R19_F19_m19f2_P19_Y4_UO384,FXX,2,0.0,1,0,1.0,0,0,0,-9999.0,0.53125,1,P1_CV0,1,1,1,1,1
5,0.9636627605010293,0.3834415188257777,R5_F5_m6f19_P6_Y6_UO94,RD6_F2_m19f2_P19_Y4_UO336,R19_F19_m19f2_P19_Y4_UO1143,MXY,2,0.0,1,0,0.0,0,0,0,-9999.0,0.46875,1,P1_CV0,1,2,0,2,0
5,0.9636627605010293,0.3834415188257777,R5_F5_m6f2_P6_Y6_UO117,RD6_F5_m6f2_P6_Y4_UO292,R2_F2_m2f19_P2_Y4_UO597,MXY,2,0.0,1,0,0.0,0,0,0,-9999.0,0.625,1,P2_CV0,1,2,0,0,2
5,0.9636627605010293,0.3834415188257777,RD5_F6_m6f2_P6_Y6_UO36,RD6_F5_m6f2_P6_Y4_UO292,R2_F2_m2f19_P2_Y4_UO1439,MXY,2,0.0,1,0,0.0,0,0,0,-9999.0,0.53125,1,P2_CV0,1,2,0,1,1
5,0.9636627605010293,0.3834415188257777,R5_F5_m6f19_P6_Y6_UO460,RD6_F5_m6f2_P6_Y4_UO292,R19_F19_m2f19_P2_Y4_UO749,MXY,2,0.0,1,0,0.0,0,0,0,-9999.0,0.59375,1,P2_CV0,1,1,1,1,1
5,0.9636627605010293,0.3834415188257777,RD5_F6_m6f19_P6_Y6_UO463,RD6_F5_m6f2_P6_Y4_UO292,R19_F19_m2f19_P2_Y4_UO749,MXY,2,0.0,1,0,0.0,0,0,0,-9999.0,0.59375,1,P2_CV0,1,2,0,1,1
5,0.9636627605010293,0.3834415188257777,RD5_F20_m20f11_P20_Y7_UO18,R20_F20_m20f11_P20_Y5_UO398,RD11_F20_m20f11_P20_Y5_UO444,MXY,1,0.0,0,0,0.0,0,0,0,-9999.0,0.5625,1,P3_CV0,1,2,0,2,0
5,0.9636627605010293,0.3834415188257777,R5_F5_m5f6_P5_Y7_UO706,R5_F5_m6f2_P6_Y5_UO248,R6_F6_m5f6_P5_Y5_UO87,FXX,1,0.0,0,0,0.0,0,0,0,-9999.0,0.4375,1,P4_CV0,1,1,1,1,1
5,0.9636627605010293,0.3834415188257777,RD5_F6_m6f19_P6_Y7_UO390,RD6_F5_m6f19_P6_Y5_UO869,R19_F19_m19f2_P19_Y4_UO1128,MXY,1,0.0,0,0,0.0,0,0,0,-9999.0,0.59375,1,P4_CV0,1,1,1,1,1
5,0.9636627605010293,0.3834415188257777,R5_F5_m5f6_P5_Y7_UO702,R5_F5_m6f2_P6_Y5_UO248,R6_F6_m5f6_P5_Y5_UO87,MXY,1,0.0,0,0,0.0,0,0,0,-9999.0,0.4375,1,P4_CV0,1,1,1,2,0
5,0.9636627605010293,0.3834415188257777,RD5_F6_m6f19_P6_Y7_UO391,RD6_F5_m6f19_P6_Y5_UO869,R19_F19_m19f2_P19_Y4_UO1128,FXX,1,0.0,0,0,0.0,0,0,0,-9999.0,0.59375,1,P4_CV0,1,2,0,1,1
5,0.9636627605010293,0.3834415188257777,RD5_F6_m5f6_P5_Y3_UO466,RD5_F6_m5f6_P5_Y1_UO405,R6_F6_m5f6_P5_Y1_UO107,FXX,5,0.0,1,0,1.0,0,0,0,-9999.0,0.625,1,P4_CV0,1,1,1,1,1
5,0.9636627605010293,0.3834415188257777,R5_F5_m5f6_P5_Y7_UO430,RD5_F6_m6f2_P6_Y5_UO249,RD6_F5_m5f6_P5_Y5_UO1006,MXY,1,0.0,0,0,0.0,0,0,0,-9999.0,0.5625,1,P5_CV0,1,2,0,1,1
5,0.9636627605010293,0.3834415188257777,RD5_F6_m6f19_P6_Y7_UO121,RD6_F5_m5f6_P5_Y5_UO1010,R19_F19_m19f2_P19_Y4_UO39,MXY,1,0.0,0,0,0.0,0,0,0,-9999.0,0.71875,1,P5_CV0,1,1,1,2,0
5,0.9636627605010293,0.3834415188257777,RD5_F6_m6f5_P6_Y7_UO150,R6_F6_m6f20_P6_Y5_UO222,RD5_F6_m6f2_P6_Y5_UO1,MXY,1,0.0,0,0,0.0,0,0,0,-9999.0,0.59375,1,P5_CV0,1,1,1,2,0
5,0.9636627605010293,0.3834415188257777,RD5_F6_m6f19_P6_Y7_UO122,RD6_F5_m5f6_P5_Y5_UO1010,R19_F19_m19f2_P19_Y4_UO39,MXY,1,0.0,0,0,0.0,0,0,0,-9999.0,0.71875,1,P5_CV0,1,1,1,2,0
5,0.9636627605010293,0.3834415188257777,RD5_F6_m6f19_P6_Y7_UO129,RD6_F5_m5f6_P5_Y5_UO1010,R19_F19_m19f2_P19_Y4_UO39,MXY,1,0.0,0,0,0.0,0,0,0,-9999.0,0.71875,1,P5_CV0,1,2,0,1,1
5,0.9636627605010293,0.3834415188257777,R5_F5_m5f6_P5_Y7_UO426,RD5_F6_m6f2_P6_Y5_UO249,RD6_F5_m5f6_P5_Y5_UO1006,FXX,1,0.0,0,0,0.0,0,0,0,-9999.0,0.5625,1,P5_CV0,1,2,0,1,1
5,0.9636627605010293,0.3834415188257777,RD5_F6_m6f19_P6_Y7_UO116,RD6_F5_m5f6_P5_Y5_UO1010,R19_F19_m19f2_P19_Y4_UO39,FXX,1,0.0,0,0,0.0,0,0,0,-9999.0,0.71875,1,P5_CV0,1,2,0,1,1
5,0.9636627605010293,0.3834415188257777,R5_F5_m5f6_P5_Y7_UO769,RD5_F6_m6f2_P6_Y5_UO247,RD6_F5_m5f6_P5_Y5_UO1006,FXX,1,0.0,0,0,0.0,0,0,0,-9999.0,0.5625,1,P5_CV0,1,2,0,1,1
5,0.9636627605010293,0.3834415188257777,RD5_F6_m6f5_P6_Y7_UO151,R6_F6_m6f20_P6_Y5_UO222,RD5_F6_m6f2_P6_Y5_UO1,FXX,1,0.0,0,0,0.0,0,0,0,-9999.0,0.59375,1,P5_CV0,1,1,1,2,0
5,0.9636627605010293,0.3834415188257777,R5_F5_m5f6_P5_Y7_UO773,RD5_F6_m6f2_P6_Y5_UO247,RD6_F5_m5f6_P5_Y5_UO1006,MXY,1,0.0,0,0,0.0,0,0,0,-9999.0,0.5625,1,P5_CV0,1,2,0,1,1
5,0.9636627605010293,0.3834415188257777,R5_F5_m5f6_P5_Y7_UO432,RD5_F6_m6f2_P6_Y5_UO249,RD6_F5_m5f6_P5_Y5_UO1006,FXX,1,0.0,0,0,0.0,0,0,0,-9999.0,0.5625,1,P5_CV0,1,2,0,1,1
5,0.9636627605010293,0.3834415188257777,R5_F5_m5f6_P5_Y6_UO1213,RD5_F6_m6f20_P6_Y4_UO624,RD6_F5_m5f6_P5_Y4_UO1133,FXX,2,0.0,1,0,1.0,0,0,0,-9999.0,0.5,1,P5_CV0,1,1,1,1,1
5,0.9636627605010293,0.3834415188257777,RD5_F6_m5f6_P5_Y6_UO1419,R5_F5_m5f6_P5_Y4_UO123,RD6_F19_m19f2_P19_Y4_UO1145,MXY,2,0.0,1,0,0.0,0,0,0,-9999.0,0.53125,1,P5_CV0,1,0,2,0,2
5,0.9636627605010293,0.3834415188257777,RD5_F6_m6f5_P6_Y6_UO744,RD6_F5_m6f19_P6_Y4_UO1022,RD5_F6_m5f6_P5_Y4_UO903,MXY,2,0.0,1,0,0.0,0,0,0,-9999.0,0.5625,1,P5_CV0,1,1,1,0,2
5,0.9636627605010293,0.3834415188257777,R5_F5_m6f5_P6_Y6_UO748,RD6_F5_m6f19_P6_Y4_UO1022,RD5_F6_m5f6_P5_Y4_UO903,FXX,2,0.0,1,0,1.0,0,0,0,-9999.0,0.5625,1,P5_CV0,1,1,1,0,2
5,0.9636627605010293,0.3834415188257777,RD5_F6_m5f6_P5_Y5_UO156,RD5_F6_m5f6_P5_Y3_UO695,R6_F6_m5f6_P5_Y3_UO469,FXX,3,0.0,1,0,1.0,0,0,0,-9999.0,0.5,1,P5_CV0,1,0,2,1,1
5,0.9636627605010293,0.3834415188257777,R5_F5_m6f2_P6_Y2_UO1001,R6_F6_m6f5_P6_Y0_UO303,R2_F2_m19f1_P19_Y0_UO1255,FXX,6,0.0,1,0,1.0,0,0,0,-9999.0,0.625,1,P5_CV0,1,2,0,1,1
5,0.9636627605010293,0.3834415188257777,R5_F5_m5f6_P5_Y7_UO141,RD5_F6_m6f19_P6_Y5_UO28,RD6_F20_m20f11_P20_Y5_UO379,MXY,1,0.0,0,0,0.0,0,0,0,-9999.0,0.5625,1,P9_CV0,1,1,1,1,1
5,0.9636627605010293,0.3834415188257777,R5_F5_m5f6_P5_Y7_UO144,RD5_F6_m6f19_P6_Y5_UO28,RD6_F20_m20f11_P20_Y5_UO379,MXY,1,0.0,0,0,0.0,0,0,0,-9999.0,0.5625,1,P9_CV0,1,0,2,1,1
5,0.9636627605010293,0.3834415188257777,R5_F5_m5f6_P5_Y7_UO308,R5_F5_m6f19_P6_Y5_UO712,RD6_F20_m20f11_P20_Y5_UO379,FXX,1,0.0,0,0,0.0,0,0,0,-9999.0,0.5625,1,P9_CV0,1,1,1,1,1
5,0.9636627605010293,0.3834415188257777,R5_F5_m5f6_P5_Y7_UO142,RD5_F6_m6f19_P6_Y5_UO28,RD6_F20_m20f11_P20_Y5_UO379,FXX,1,0.0,0,0,0.0,0,0,0,-9999.0,0.5625,1,P9_CV0,1,1,1,1,1
6,0.7917250380826646,0.5288949197529045,R6_F6_m6f2_P6_Y6_UO1260,RD6_F5_m6f19_P6_Y4_UO1022,RD2_F19_m2f19_P2_Y4_UO1385,FXX,2,0.0,1,0,1.0,0,0,0,-9999.0,0.5625,1,P0_CV0,1,1,1,1,1
6,0.7917250380826646,0.5288949197529045,RD6_F5_m5f6_P5_Y7_UO345,R5_F5_m5f6_P5_Y5_UO85,R6_F6_m5f6_P5_Y5_UO87,FXX,1,0.0,0,0,0.0,0,0,0,-9999.0,0.3125,1,P10_CV0,1,1,1,1,1
6,0.7917250380826646,0.5288949197529045,RD6_F5_m5f6_P5_Y7_UO344,R5_F5_m5f6_P5_Y5_UO85,R6_F6_m5f6_P5_Y5_UO87,MXY,1,0.0,0,0,0.0,0,0,0,-9999.0,0.3125,1,P10_CV0,1,1,1,1,1
6,0.7917250380826646,0.5288949197529045,RD6_F5_m5f6_P5_Y7_UO349,R5_F5_m5f6_P5_Y5_UO85,R6_F6_m5f6_P5_Y5_UO87,FXX,1,0.0,0,0,0.0,0,0,0,-9999.0,0.3125,1,P10_CV0,1,0,2,1,1
6,0.7917250380826646,0.5288949197529045,RD6_F5_m5f6_P5_Y7_UO348,R5_F5_m5f6_P5_Y5_UO85,R6_F6_m5f6_P5_Y5_UO87,FXX,1,0.0,0,0,0.0,0,0,0,-9999.0,0.3125,1,P10_CV0,1,0,2,0,2
6,0.7917250380826646,0.5288949197529045,RD6_F5_m5f6_P5_Y7_UO705,R5_F5_m6f2_P6_Y5_UO248,R6_F6_m5f6_P5_Y5_UO87,MXY,1,0.0,0,0,0.0,0,0,0,-9999.0,0.4375,1,P10_CV0,1,1,1,2,0
6,0.7917250380826646,0.5288949197529045,RD6_F5_m5f6_P5_Y7_UO343,R5_F5_m5f6_P5_Y5_UO85,R6_F6_m5f6_P5_Y5_UO87,FXX,1,0.0,0,0,0.0,0,0,0,-9999.0,0.3125,1,P10_CV0,1,1,1,1,1
6,0.7917250380826646,0.5288949197529045,RD6_F5_m5f6_P5_Y7_UO347,R5_F5_m5f6_P5_Y5_UO85,R6_F6_m5f6_P5_Y5_UO87,FXX,1,0.0,0,0,0.0,0,0,0,-9999.0,0.3125,1,P10_CV0,1,0,2,0,2
6,0.7917250380826646,0.5288949197529045,R6_F6_m20f11_P20_Y6_UO1353,RD20_F11_m11f20_P11_Y4_UO1297,RD11_F20_m11f20_P11_Y4_UO1002,FXX,2,0.0,1,0,1.0,0,0,0,-9999.0,0.40625,1,P10_CV0,1,2,0,2,0
6,0.7917250380826646,0.5288949197529045,R6_F6_m5f6_P5_Y6_UO1457,RD5_F6_m6f20_P6_Y4_UO624,RD6_F5_m6f20_P6_Y3_UO577,FXX,2,0.0,1,0,1.0,0,0,0,-9999.0,0.34375,1,P10_CV0,1,1,1,1,1
6,0.7917250380826646,0.5288949197529045,RD6_F5_m5f6_P5_Y5_UO85,R5_F5_m6f19_P6_Y3_UO195,RD6_F20_m20f11_P20_Y3_UO1102,FXX,3,0.0,1,0,1.0,0,0,0,-9999.0,0.3125,1,P10_CV0,1,0,2,0,2
6,0.7917250380826646,0.5288949197529045,R6_F6_m6f19_P6_Y7_UO393,RD6_F5_m6f19_P6_Y5_UO869,R19_F19_m19f2_P19_Y4_UO1128,MXY,1,0.0,0,0,0.0,0,0,0,-9999.0,0.59375,1,P11_CV0,1,2,0,1,1
6,0.7917250380826646,0.5288949197529045,R6_F6_m6f19_P6_Y7_UO396,RD6_F5_m6f19_P6_Y5_UO869,R19_F19_m19f2_P19_Y4_UO1128,MXY,1,0.0,0,0,0.0,0,0,0,-9999.0,0.59375,1,P11_CV0,1,1,1,2,0
6,0.7917250380826646,0.5288949197529045,R6_F6_m6f19_P6_Y7_UO394,RD6_F5_m6f19_P6_Y5_UO869,R19_F19_m19f2_P19_Y4_UO1128,MXY,1,0.0,0,0,0.0,0,0,0,-9999.0,0.59375,1,P11_CV0,1,1,1,1,1
6,0.7917250380826646,0.5288949197529045,RD6_F19_m2f19_P2_Y6_UO185,RD2_F15_m2f19_P2_Y4_UO1379,R19_F19_m19f2_P19_Y4_UO1128,FXX,2,0.0,1,0,1.0,0,0,0,-9999.0,0.5625,1,P11_CV0,1,1,1,2,0
6,0.7917250380826646,0.5288949197529045,R6_F6_m19f2_P19_Y6_UO1109,R19_F19_m19f2_P19_Y4_UO1142,R2_F2_m2f19_P2_Y4_UO746,FXX,2,0.0,1,0,1.0,0,0,0,-9999.0,0.5,1,P14_CV0,1,0,2,2,0
6,0.7917250380826646,0.5288949197529045,RD6_F2_m2f19_P2_Y7_UO296,R2_F2_m15f2_P15_Y5_UO765,RD19_F1_m1f19_P1_Y5_UO1029,MXY,1,0.0,0,0,0.0,0,0,0,-9999.0,0.53125,1,P16_CV0,1,0,2,1,1
6,0.7917250380826646,0.5288949197529045,RD6_F2_m2f19_P2_Y7_UO725,R2_F2_m15f2_P15_Y5_UO765,R19_F19_m19f17_P19_Y5_UO957,FXX,1,0.0,0,0,0.0,0,0,0,-9999.0,0.53125,1,P16_CV0,1,1,1,2,0
6,0.7917250380826646,0.5288949197529045,RD6_F5_m5f6_P5_Y7_UO775,RD5_F6_m6f2_P6_Y5_UO247,RD6_F5_m5f6_P5_Y5_UO1006,MXY,1,0.0,0,0,0.0,0,0,0,-9999.0,0.5625,1,P18_CV0,1,2,0,1,1
6,0.7917250380826646,0.5288949197529045,RD6_F5_m5f6_P5_Y7_UO309,R5_F5_m6f19_P6_Y5_UO712,RD6_F20_m20f11_P20_Y5_UO379,MXY,1,0.0,0,0,0.0,0,0,0,-9999.0,0.5625,1,P18_CV0,1,0,2,1,1
6,0.7917250380826646,0.5288949197529045,RD6_F5_m5f6_P5_Y7_UO143,RD5_F6_m6f19_P6_Y5_UO28,RD6_F20_m20f11_P20_Y5_UO379,MXY,1,0.0,0,0,0.0,0,0,0,-9999.0,0.5625,1,P18_CV0,1,0,2,1,1
6,0.7917250380826646,0.5288949197529045,RD6_F5_m5f6_P5_Y7_UO758,RD5_F6_m6f2_P6_Y5_UO247,R6_F6_m5f6_P5_Y5_UO913,MXY,1,0.0,0,0,0.0,0,0,0,-9999.0,0.6875,1,P18_CV0,1,1,1,0,2
6,0.7917250380826646,0.5288949197529045,RD6_F5_m5f6_P5_Y7_UO766,RD5_F6_m6f2_P6_Y5_UO247,R6_F6_m5f6_P5_Y5_UO913,MXY,1,0.0,0,0,0.0,0,0,0,-9999.0,0.6875,1,P18_CV0,1,2,0,0,2
6,0.7917250380826646,0.5288949197529045,RD6_F5_m5f6_P5_Y7_UO762,RD5_F6_m6f2_P6_Y5_UO247,R6_F6_m5f6_P5_Y5_UO913,FXX,1,0.0,0,0,0.0,0,0,0,-9999.0,0.6875,1,P18_CV0,1,1,1,0,2
6,0.7917250380826646,0.5288949197529045,RD6_F5_m5f6_P5_Y7_UO761,RD5_F6_m6f2_P6_Y5_UO247,R6_F6_m5f6_P5_Y5_UO913,FXX,1,0.0,0,0,0.0,0,0,0,-9999.0,0.6875,1,P18_CV0,1,2,0,0,2
6,0.7917250380826646,0.5288949197529045,R6_F6_m6f5_P6_Y7_UO149,R6_F6_m6f20_P6_Y5_UO222,RD5_F6_m6f2_P6_Y5_UO1,FXX,1,0.0,0,0,0.0,0,0,0,-9999.0,0.59375,1,P18_CV0,1,1,1,1,1
6,0.7917250380826646,0.5288949197529045,R6_F6_m6f19_P6_Y7_UO124,RD6_F5_m5f6_P5_Y5_UO1010,R19_F19_m19f2_P19_Y4_UO39,FXX,1,0.0,0,0,0.0,0,0,0,-9999.0,0.71875,1,P18_CV0,1,2,0,2,0
6,0.7917250380826646,0.5288949197529045,RD6_F5_m5f6_P5_Y7_UO428,RD5_F6_m6f2_P6_Y5_UO249,RD6_F5_m5f6_P5_Y5_UO1006,FXX,1,0.0,0,0,0.0,0,0,0,-9999.0,0.5625,1,P18_CV0,1,2,0,0,2
6,0.7917250380826646,0.5288949197529045,RD6_F5_m5f6_P5_Y7_UO774,RD5_F6_m6f2_P6_Y5_UO247,RD6_F5_m5f6_P5_Y5_UO1006,FXX,1,0.0,0,0,0.0,0,0,0,-9999.0,0.5625,1,P18_CV0,1,2,0,1,1
6,0.7917250380826646,0.5288949197529045,RD6_F5_m5f6_P5_Y7_UO759,RD5_F6_m6f2_P6_Y5_UO247,R6_F6_m5f6_P5_Y5_UO913,FXX,1,0.0,0,0,0.0,0,0,0,-9999.0,0.6875,1,P18_CV0,1,2,0,0,2
6,0.7917250380826646,0.5288949197529045,RD6_F5_m5f6_P5_Y7_UO776,RD5_F6_m6f2_P6_Y5_UO247,RD6_F5_m5f6_P5_Y5_UO1006,MXY,1,0.0,0,0,0.0,0,0,0,-9999.0,0.5625,1,P18_CV0,1,1,1,1,1
6,0.7917250380826646,0.5288949197529045,R6_F6_m6f5_P6_Y7_UO155,R6_F6_m6f20_P6_Y5_UO222,RD5_F6_m6f2_P6_Y5_UO1,FXX,1,0.0,0,0,0.0,0,0,0,-9999.0,0.59375,1,P18_CV0,1,0,2,2,0
6,0.7917250380826646,0.5288949197529045,R6_F6_m6f19_P6_Y7_UO127,RD6_F5_m5f6_P5_Y5_UO1010,R19_F19_m19f2_P19_Y4_UO39,FXX,1,0.0,0,0,0.0,0,0,0,-9999.0,0.71875,1,P18_CV0,1,1,1,2,0
6,0.7917250380826646,0.5288949197529045,RD6_F5_m6f19_P6_Y6_UO432,RD6_F2_m2f19_P2_Y4_UO594,R19_F19_m19f2_P19_Y3_UO1133,FXX,2,0.0,1,0,1.0,0,0,0,-9999.0,0.59375,1,P18_CV0,1,2,0,2,0
6,0.7917250380826646,0.5288949197529045,RD6_F2_m2f19_P2_Y6_UO882,R2_F2_m2f19_P2_Y4_UO1377,R19_F19_m2f19_P2_Y4_UO1404,FXX,2,0.0,1,0,1.0,0,0,0,-9999.0,0.375,1,P18_CV0,1,1,1,2,0
6,0.7917250380826646,0.5288949197529045,RD6_F19_m2f19_P2_Y6_UO699,R2_F2_m2f19_P2_Y4_UO745,RD19_F2_m15f17_P15_Y4_UO121,MXY,2,0.0,1,0,0.0,0,0,0,-9999.0,0.53125,1,P18_CV0,1,0,2,2,0
6,0.7917250380826646,0.5288949197529045,R6_F6_m6f19_P6_Y6_UO243,RD6_F19_m19f2_P19_Y4_UO1317,RD19_F2_m15f17_P15_Y3_UO237,FXX,2,0.0,1,0,1.0,0,0,0,-9999.0,0.6875,1,P18_CV0,1,1,1,2,0
6,0.7917250380826646,0.5288949197529045,RD6_F19_m19f2_P19_Y6_UO683,RD19_F2_m19f2_P19_Y4_UO1130,RD2_F19_m2f19_P2_Y4_UO1447,MXY,2,0.0,1,0,0.0,0,0,0,-9999.0,0.46875,1,P18_CV0,1,2,0,1,1
6,0.7917250380826646,0.5288949197529045,RD6_F2_m2f19_P2_Y6_UO1229,RD2_F19_m2f19_P2_Y4_UO914,R19_F19_m2f19_P2_Y4_UO749,MXY,2,0.0,1,0,0.0,0,0,0,-9999.0,0.53125,1,P18_CV0,1,1,1,2,0
6,0.7917250380826646,0.5288949197529045,RD6_F2_m2f19_P2_Y6_UO1264,R2_F2_m19f2_P19_Y4_UO335,R19_F19_m2f19_P2_Y3_UO635,MXY,2,0.0,1,0,0.0,0,0,0,-9999.0,0.53125,1,P18_CV0,1,1,1,1,1
6,0.7917250380826646,0.5288949197529045,RD6_F2_m2f19_P2_Y6_UO270,R2_F2_m19f2_P19_Y4_UO1108,R19_F19_m2f19_P2_Y3_UO635,FXX,2,0.0,1,0,1.0,0,0,0,-9999.0,0.625,1,P18_CV0,1,1,1,0,2
6,0.7917250380826646,0.5288949197529045,RD6_F2_m2f19_P2_Y6_UO569,RD2_F19_m19f2_P19_Y4_UO1316,RD19_F1_m12f1_P12_Y4_UO767,MXY,2,0.0,1,0,0.0,0,0,0,-9999.0,0.71875,1,P18_CV0,1,2,0,1,1
6,0.7917250380826646,0.5288949197529045,RD6_F19_m19f2_P19_Y6_UO504,RD19_F3_m3f17_P3_Y4_UO453,RD2_F19_m2f19_P2_Y4_UO1447,FXX,2,0.0,1,0,1.0,0,0,0,-9999.0,0.40625,1,P18_CV0,1,1,1,1,1
6,0.7917250380826646,0.5288949197529045,RD6_F5_m6f19_P6_Y6_UO1146,R6_F6_m6f19_P6_Y4_UO948,R19_F19_m19f2_P19_Y3_UO1133,MXY,2,0.0,1,0,0.0,0,0,0,-9999.0,0.53125,1,P18_CV0,1,2,0,2,0
6,0.7917250380826646,0.5288949197529045,RD6_F2_m2f19_P2_Y6_UO568,RD2_F19_m19f2_P19_Y4_UO1316,RD19_F1_m12f1_P12_Y4_UO767,FXX,2,0.0,1,0,1.0,0,0,0,-9999.0,0.71875,1,P18_CV0,1,1,1,2,0
6,0.7917250380826646,0.5288949197529045,RD6_F2_m19f2_P19_Y6_UO302,RD19_F2_m19f2_P19_Y4_UO1130,RD2_F19_m19f2_P19_Y4_UO378,MXY,2,0.0,1,0,0.0,0,0,0,-9999.0,0.53125,1,P18_CV0,1,1,1,2,0
6,0.7917250380826646,0.5288949197529045,R6_F6_m2f19_P2_Y6_UO1230,RD2_F19_m2f19_P2_Y4_UO914,R19_F19_m2f19_P2_Y4_UO749,MXY,2,0.0,1,0,0.0,0,0,0,-9999.0,0.53125,1,P18_CV0,1,2,0,2,0
6,0.7917250380826646,0.5288949197529045,R6_F6_m19f2_P19_Y6_UO388,RD19_F2_m19f2_P19_Y4_UO1130,RD2_F19_m19f2_P19_Y4_UO378,FXX,2,0.0,1,0,1.0,0,0,0,-9999.0,0.53125,1,P18_CV0,1,1,1,2,0
6,0.7917250380826646,0.5288949197529045,RD6_F5_m6f19_P6_Y5_UO404,RD6_F5_m5f6_P5_Y3_UO692,R19_F19_m19f2_P19_Y3_UO562,MXY,3,0.0,1,0,0.0,0,0,0,-9999.0,0.4375,1,P18_CV0,1,0,2,1,1
6,0.7917250380826646,0.5288949197529045,R6_F6_m5f6_P5_Y5_UO913,R5_F5_m5f6_P5_Y3_UO618,RD6_F5_m6f2_P6_Y3_UO76,MXY,3,0.0,1,0,0.0,0,0,0,-9999.0,0.8125,1,P18_CV0,1,2,0,1,1
6,0.7917250380826646,0.5288949197529045,R6_F6_m6f19_P6_Y5_UO29,R6_F6_m6f2_P6_Y3_UO142,R19_F19_m2f19_P2_Y3_UO202,FXX,3,0.0,1,0,1.0,0,0,0,-9999.0,0.625,1,P18_CV0,1,1,1,2,0
6,0.7917250380826646,0.5288949197529045,RD6_F20_m20f11_P20_Y7_UO650,RD20_F11_m20f11_P20_Y5_UO805,R11_F11_m10f7_P10_Y4_UO562,FXX,1,0.0,0,0,0.0,0,0,0,-9999.0,0.5625,1,P19_CV0,1,1,1,2,0
6,0.7917250380826646,0.5288949197529045,RD6_F5_m5f6_P5_Y6_UO833,R5_F5_m5f6_P5_Y4_UO123,RD6_F5_m6f20_P6_Y3_UO577,MXY,2,0.0,1,0,0.0,0,0,0,-9999.0,0.40625,1,P19_CV0,1,0,2,0,2
6,0.7917250380826646,0.5288949197529045,R6_F6_m5f6_P5_Y6_UO1452,RD5_F6_m6f20_P6_Y4_UO624,RD6_F5_m6f20_P6_Y3_UO577,MXY,2,0.0,1,0,0.0,0,0,0,-9999.0,0.34375,1,P19_CV0,1,1,1,1,1
6,0.7917250380826646,0.5288949197529045,R6_F6_m20f11_P20_Y6_UO1357,RD20_F11_m11f20_P11_Y4_UO1297,RD11_F20_m11f20_P11_Y4_UO1002,FXX,2,0.0,1,0,1.0,0,0,0,-9999.0,0.40625,1,P19_CV0,1,2,0,2,0
6,0.7917250380826646,0.5288949197529045,RD6_F5_m5f6_P5_Y6_UO830,R5_F5_m5f6_P5_Y4_UO123,RD6_F5_m6f20_P6_Y3_UO577,MXY,2,0.0,1,0,0.0,0,0,0,-9999.0,0.40625,1,P19_CV0,1,0,2,0,2
6,0.7917250380826646,0.5288949197529045,R6_F6_m5f6_P5_Y6_UO1439,RD5_F6_m6f20_P6_Y4_UO624,RD6_F10_m11f20_P11_Y4_UO1008,MXY,2,0.0,1,0,0.0,0,0,0,-9999.0,0.40625,1,P19_CV0,1,1,1,1,1
6,0.7917250380826646,0.5288949197529045,RD6_F5_m5f6_P5_Y6_UO1158,RD5_F6_m5f6_P5_Y4_UO897,RD6_F10_m11f20_P11_Y4_UO1008,FXX,2,0.0,1,0,1.0,0,0,0,-9999.0,0.46875,1,P19_CV0,1,1,1,1,1
6,0.7917250380826646,0.5288949197529045,R6_F6_m5f6_P5_Y6_UO1442,RD5_F6_m6f20_P6_Y4_UO624,RD6_F10_m11f20_P11_Y4_UO1008,FXX,2,0.0,1,0,1.0,0,0,0,-9999.0,0.40625,1,P19_CV0,1,2,0,2,0
6,0.7917250380826646,0.5288949197529045,RD6_F2_m2f19_P2_Y7_UO714,R2_F2_m15f2_P15_Y5_UO765,R19_F19_m19f17_P19_Y5_UO957,FXX,1,0.0,0,0,0.0,0,0,0,-9999.0,0.53125,1,P1_CV0,1,1,1,2,0
6,0.7917250380826646,0.5288949197529045,R6_F6_m19f2_P19_Y6_UO3,R19_F19_m2f19_P2_Y4_UO599,RD2_F19_m19f2_P19_Y4_UO414,FXX,2,0.0,1,0,1.0,0,0,0,-9999.0,0.71875,1,P1_CV0,1,1,1,2,0
6,0.7917250380826646,0.5288949197529045,RD6_F2_m2f19_P2_Y6_UO1265,R2_F2_m19f2_P19_Y4_UO335,R19_F19_m2f19_P2_Y3_UO635,MXY,2,0.0,1,0,0.0,0,0,0,-9999.0,0.53125,1,P1_CV0,1,0,2,1,1
6,0.7917250380826646,0.5288949197529045,R6_F6_m6f19_P6_Y6_UO343,R6_F6_m6f19_P6_Y4_UO948,RD19_F2_m15f17_P15_Y3_UO237,MXY,2,0.0,1,0,0.0,0,0,0,-9999.0,0.53125,1,P1_CV0,1,2,0,1,1
6,0.7917250380826646,0.5288949197529045,R6_F6_m6f19_P6_Y6_UO344,R6_F6_m6f19_P6_Y4_UO948,RD19_F2_m15f17_P15_Y3_UO237,FXX,2,0.0,1,0,1.0,0,0,0,-9999.0,0.53125,1,P1_CV0,1,2,0,2,0
6,0.7917250380826646,0.5288949197529045,RD6_F5_m5f6_P5_Y6_UO753,R5_F5_m5f6_P5_Y4_UO899,RD6_F19_m19f2_P19_Y4_UO411,FXX,2,0.0,1,0,1.0,0,0,0,-9999.0,0.71875,1,P1_CV0,1,1,1,0,2
6,0.7917250380826646,0.5288949197529045,RD6_F5_m5f6_P5_Y6_UO1159,RD5_F6_m5f6_P5_Y4_UO897,RD6_F10_m11f20_P11_Y4_UO1008,MXY,2,0.0,1,0,0.0,0,0,0,-9999.0,0.46875,1,P1_CV0,1,1,1,1,1
6,0.7917250380826646,0.5288949197529045,RD6_F5_m5f6_P5_Y6_UO752,R5_F5_m5f6_P5_Y4_UO899,RD6_F19_m19f2_P19_Y4_UO411,MXY,2,0.0,1,0,0.0,0,0,0,-9999.0,0.71875,1,P1_CV0,1,1,1,0,2
6,0.7917250380826646,0.5288949197529045,R6_F6_m6f19_P6_Y6_UO1308,RD6_F2_m19f2_P19_Y4_UO336,R19_F19_m2f19_P2_Y4_UO1443,MXY,2,0.0,1,0,0.0,0,0,0,-9999.0,0.40625,1,P1_CV0,1,1,1,1,1
6,0.7917250380826646,0.5288949197529045,RD6_F5_m5f6_P5_Y6_UO1420,R5_F5_m5f6_P5_Y4_UO123,RD6_F19_m19f2_P19_Y4_UO1145,FXX,2,0.0,1,0,1.0,0,0,0,-9999.0,0.53125,1,P1_CV0,1,0,2,1,1
6,0.7917250380826646,0.5288949197529045,R6_F6_m19f2_P19_Y6_UO1185,RD19_F2_m19f2_P19_Y4_UO1130,RD2_F19_m19f2_P19_Y3_UO562,FXX,2,0.0,1,0,1.0,0,0,0,-9999.0,0.53125,1,P1_CV0,1,1,1,1,1
6,0.7917250380826646,0.5288949197529045,R6_F6_m5f6_P5_Y6_UO1161,RD5_F6_m5f6_P5_Y4_UO897,RD6_F10_m11f20_P11_Y4_UO1008,MXY,2,0.0,1,0,0.0,0,0,0,-9999.0,0.46875,1,P1_CV0,1,2,0,1,1
6,0.7917250380826646,0.5288949197529045,RD6_F5_m6f19_P6_Y6_UO118,RD6_F2_m19f2_P19_Y4_UO336,R19_F19_m19f2_P19_Y4_UO37,FXX,2,0.0,1,0,1.0,0,0,0,-9999.0,0.65625,1,P1_CV0,1,2,0,2,0
6,0.7917250380826646,0.5288949197529045,RD6_F5_m6f19_P6_Y6_UO1305,RD6_F2_m19f2_P19_Y4_UO336,R19_F19_m2f19_P2_Y4_UO1443,MXY,2,0.0,1,0,0.0,0,0,0,-9999.0,0.40625,1,P1_CV0,1,1,1,2,0
6,0.7917250380826646,0.5288949197529045,R6_F6_m5f6_P5_Y6_UO1418,R5_F5_m5f6_P5_Y4_UO123,RD6_F19_m19f2_P19_Y4_UO1145,FXX,2,0.0,1,0,1.0,0,0,0,-9999.0,0.53125,1,P1_CV0,1,0,2,1,1
6,0.7917250380826646,0.5288949197529045,R6_F6_m6f2_P6_Y6_UO114,RD6_F5_m6f2_P6_Y4_UO292,R2_F2_m2f19_P2_Y4_UO597,MXY,2,0.0,1,0,0.0,0,0,0,-9999.0,0.625,1,P2_CV0,1,1,1,1,1
6,0.7917250380826646,0.5288949197529045,R6_F6_m6f2_P6_Y6_UO33,RD6_F5_m6f2_P6_Y4_UO292,R2_F2_m2f19_P2_Y4_UO1439,MXY,2,0.0,1,0,0.0,0,0,0,-9999.0,0.53125,1,P2_CV0,1,2,0,1,1
6,0.7917250380826646,0.5288949197529045,RD6_F5_m5f6_P5_Y7_UO703,R5_F5_m6f2_P6_Y5_UO248,R6_F6_m5f6_P5_Y5_UO87,FXX,1,0.0,0,0,0.0,0,0,0,-9999.0,0.4375,1,P4_CV0,1,2,0,2,0
6,0.7917250380826646,0.5288949197529045,RD6_F20_m20f11_P20_Y7_UO408,RD20_F11_m11f20_P11_Y5_UO207,RD11_F20_m20f11_P20_Y5_UO840,FXX,1,0.0,0,0,0.0,0,0,0,-9999.0,0.34375,1,P4_CV0,1,0,2,2,0
6,0.7917250380826646,0.5288949197529045,R6_F6_m6f19_P6_Y7_UO395,RD6_F5_m6f19_P6_Y5_UO869,R19_F19_m19f2_P19_Y4_UO1128,FXX,1,0.0,0,0,0.0,0,0,0,-9999.0,0.59375,1,P4_CV0,1,2,0,1,1
6,0.7917250380826646,0.5288949197529045,RD6_F20_m20f11_P20_Y7_UO407,RD20_F11_m11f20_P11_Y5_UO207,RD11_F20_m20f11_P20_Y5_UO840,MXY,1,0.0,0,0,0.0,0,0,0,-9999.0,0.34375,1,P4_CV0,1,0,2,1,1
6,0.7917250380826646,0.5288949197529045,RD6_F5_m6f19_P6_Y5_UO873,R6_F6_m5f6_P5_Y3_UO465,R19_F19_m19f2_P19_Y3_UO1067,MXY,3,0.0,1,0,0.0,0,0,0,-9999.0,0.625,1,P4_CV0,1,2,0,2,0
6,0.7917250380826646,0.5288949197529045,R6_F6_m6f5_P6_Y7_UO148,R6_F6_m6f20_P6_Y5_UO222,RD5_F6_m6f2_P6_Y5_UO1,FXX,1,0.0,0,0,0.0,0,0,0,-9999.0,0.59375,1,P5_CV0,1,1,1,1,1
6,0.7917250380826646,0.5288949197529045,R6_F6_m6f5_P6_Y7_UO153,R6_F6_m6f20_P6_Y5_UO222,RD5_F6_m6f2_P6_Y5_UO1,MXY,1,0.0,0,0,0.0,0,0,0,-9999.0,0.59375,1,P5_CV0,1,0,2,2,0
6,0.7917250380826646,0.5288949197529045,RD6_F5_m5f6_P5_Y7_UO771,RD5_F6_m6f2_P6_Y5_UO247,RD6_F5_m5f6_P5_Y5_UO1006,FXX,1,0.0,0,0,0.0,0,0,0,-9999.0,0.5625,1,P5_CV0,1,1,1,0,2
6,0.7917250380826646,0.5288949197529045,RD6_F5_m5f6_P5_Y7_UO434,RD5_F6_m6f2_P6_Y5_UO249,RD6_F5_m5f6_P5_Y5_UO1006,MXY,1,0.0,0,0,0.0,0,0,0,-9999.0,0.5625,1,P5_CV0,1,2,0,1,1
6,0.7917250380826646,0.5288949197529045,R6_F6_m6f19_P6_Y7_UO130,RD6_F5_m5f6_P5_Y5_UO1010,R19_F19_m19f2_P19_Y4_UO39,MXY,1,0.0,0,0,0.0,0,0,0,-9999.0,0.71875,1,P5_CV0,1,1,1,2,0
6,0.7917250380826646,0.5288949197529045,R6_F6_m6f19_P6_Y7_UO117,RD6_F5_m5f6_P5_Y5_UO1010,R19_F19_m19f2_P19_Y4_UO39,MXY,1,0.0,0,0,0.0,0,0,0,-9999.0,0.71875,1,P5_CV0,1,1,1,1,1
6,0.7917250380826646,0.5288949197529045,R6_F6_m6f19_P6_Y7_UO132,RD6_F5_m5f6_P5_Y5_UO1010,R19_F19_m19f2_P19_Y4_UO39,FXX,1,0.0,0,0,0.0,0,0,0,-9999.0,0.71875,1,P5_CV0,1,2,0,2,0
6,0.7917250380826646,0.5288949197529045,R6_F6_m6f19_P6_Y7_UO128,RD6_F5_m5f6_P5_Y5_UO1010,R19_F19_m19f2_P19_Y4_UO39,FXX,1,0.0,0,0,0.0,0,0,0,-9999.0,0.71875,1,P5_CV0,1,1,1,1,1
6,0.7917250380826646,0.5288949197529045,R6_F6_m5f6_P5_Y6_UO836,R5_F5_m5f6_P5_Y4_UO123,RD6_F5_m6f20_P6_Y3_UO577,MXY,2,0.0,1,0,0.0,0,0,0,-9999.0,0.40625,1,P5_CV0,1,0,2,0,2
6,0.7917250380826646,0.5288949197529045,R6_F6_m5f6_P5_Y6_UO1415,R5_F5_m5f6_P5_Y4_UO123,RD6_F19_m19f2_P19_Y4_UO1145,FXX,2,0.0,1,0,1.0,0,0,0,-9999.0,0.53125,1,P5_CV0,1,0,2,0,2
6,0.7917250380826646,0.5288949197529045,R6_F6_m5f6_P5_Y5_UO1006,RD5_F6_m5f6_P5_Y3_UO470,RD6_F5_m5f6_P5_Y3_UO537,MXY,3,0.0,1,0,0.0,0,0,0,-9999.0,0.5625,1,P5_CV0,1,2,0,1,1
6,0.7917250380826646,0.5288949197529045,RD6_F5_m5f6_P5_Y7_UO307,R5_F5_m6f19_P6_Y5_UO712,RD6_F20_m20f11_P20_Y5_UO379,FXX,1,0.0,0,0,0.0,0,0,0,-9999.0,0.5625,1,P9_CV0,1,1,1,1,1
6,0.7917250380826646,0.5288949197529045,RD6_F5_m5f6_P5_Y7_UO310,R5_F5_m6f19_P6_Y5_UO712,RD6_F20_m20f11_P20_Y5_UO379,MXY,1,0.0,0,0,0.0,0,0,0,-9999.0,0.5625,1,P9_CV0,1,0,2,1,1
6,0.7917250380826646,0.5288949197529045,RD6_F5_m5f6_P5_Y7_UO304,R5_F5_m6f19_P6_Y5_UO712,RD6_F20_m20f11_P20_Y5_UO379,FXX,1,0.0,0,0,0.0,0,0,0,-9999.0,0.5625,1,P9_CV0,1,2,0,1,1
6,0.7917250380826646,0.5288949197529045,RD6_F5_m5f6_P5_Y6_UO977,RD5_F6_m20f11_P20_Y4_UO81,RD6_F5_m5f6_P5_Y4_UO1133,MXY,2,0.0,1,0,0.0,0,0,0,-9999.0,0.53125,1,P9_CV0,1,1,1,0,2
7,0.5680445610939323,0.925596638292661,RD7_F1_m1f19_P1_Y7_UO559,R1_F1_m1f19_P1_Y5_UO1037,R19_F19_m19f17_P19_Y5_UO957,MXY,1,0.0,0,0,0.0,0,0,0,-9999.0,0.5,1,P0_CV0,1,1,1,1,1
7,0.5680445610939323,0.925596638292661,RD7_F4_m12f1_P12_Y6_UO1424,RD12_F1_m19f2_P19_Y4_UO45,RD1_F12_m1f19_P1_Y4_UO1126,FXX,2,0.0,1,0,1.0,0,0,0,-9999.0,0.28125,1,P0_CV0,1,0,2,0,2
7,0.5680445610939323,0.925596638292661,R7_F7_m7f4_P7_Y6_UO159,R7_F7_m10f11_P10_Y4_UO1240,RD4_F7_m7f4_P7_Y4_UO848,FXX,2,0.0,1,0,1.0,0,0,0,-9999.0,0.53125,1,P0_CV0,1,1,1,1,1
7,0.5680445610939323,0.925596638292661,R7_F7_m4f12_P4_Y6_UO794,R4_F4_m4f12_P4_Y4_UO821,RD12_F16_m16f12_P16_Y4_UO148,MXY,2,0.0,1,0,0.0,0,0,0,-9999.0,0.59375,1,P0_CV0,1,1,1,2,0
7,0.5680445610939323,0.925596638292661,RD7_F10_m10f7_P10_Y7_UO354,R10_F10_m7f4_P7_Y5_UO591,RD7_F10_m10f7_P10_Y5_UO901,MXY,1,0.0,0,0,0.0,0,0,0,-9999.0,0.4375,1,P10_CV0,1,1,1,1,1
7,0.5680445610939323,0.925596638292661,R7_F7_m7f4_P7_Y7_UO601,R7_F7_m7f4_P7_Y5_UO566,RD4_F7_m4f7_P4_Y5_UO470,MXY,1,0.0,0,0,0.0,0,0,0,-9999.0,0.59375,1,P10_CV0,1,2,0,1,1
7,0.5680445610939323,0.925596638292661,RD7_F10_m10f7_P10_Y7_UO356,R10_F10_m7f4_P7_Y5_UO591,RD7_F10_m10f7_P10_Y5_UO901,MXY,1,0.0,0,0,0.0,0,0,0,-9999.0,0.4375,1,P10_CV0,1,1,1,1,1
7,0.5680445610939323,0.925596638292661,R7_F7_m7f4_P7_Y7_UO462,RD7_F4_m4f7_P4_Y5_UO67,RD4_F7_m4f7_P4_Y5_UO484,MXY,1,0.0,0,0,0.0,0,0,0,-9999.0,0.53125,1,P10_CV0,1,1,1,2,0
7,0.5680445610939323,0.925596638292661,RD7_F10_m10f7_P10_Y7_UO352,R10_F10_m7f4_P7_Y5_UO591,RD7_F10_m10f7_P10_Y5_UO901,FXX,1,0.0,0,0,0.0,0,0,0,-9999.0,0.4375,1,P10_CV0,1,1,1,1,1
7,0.5680445610939323,0.925596638292661,RD7_F10_m10f20_P10_Y7_UO578,RD10_F7_m10f11_P10_Y5_UO715,RD20_F11_m11f20_P11_Y5_UO396,FXX,1,0.0,0,0,0.0,0,0,0,-9999.0,0.65625,1,P10_CV0,1,1,1,1,1
7,0.5680445610939323,0.925596638292661,R7_F7_m7f4_P7_Y7_UO467,RD7_F4_m4f7_P4_Y5_UO67,RD4_F7_m4f7_P4_Y5_UO484,FXX,1,0.0,0,0,0.0,0,0,0,-9999.0,0.53125,1,P10_CV0,1,1,1,2,0
7,0.5680445610939323,0.925596638292661,R7_F7_m7f4_P7_Y7_UO602,R7_F7_m7f4_P7_Y5_UO566,RD4_F7_m4f7_P4_Y5_UO470,MXY,1,0.0,0,0,0.0,0,0,0,-9999.0,0.59375,1,P10_CV0,1,1,1,1,1
7,0.5680445610939323,0.925596638292661,R7_F7_m7f4_P7_Y7_UO470,RD7_F4_m4f7_P4_Y5_UO67,RD4_F7_m4f7_P4_Y5_UO484,FXX,1,0.0,0,0,0.0,0,0,0,-9999.0,0.53125,1,P10_CV0,1,0,2,1,1
7,0.5680445610939323,0.925596638292661,RD7_F10_m10f20_P10_Y7_UO573,RD10_F7_m10f11_P10_Y5_UO715,RD20_F11_m11f20_P11_Y5_UO396,FXX,1,0.0,0,0,0.0,0,0,0,-9999.0,0.65625,1,P10_CV0,1,2,0,1,1
7,0.5680445610939323,0.925596638292661,R7_F7_m7f4_P7_Y7_UO595,R7_F7_m7f4_P7_Y5_UO566,RD4_F7_m4f7_P4_Y5_UO470,MXY,1,0.0,0,0,0.0,0,0,0,-9999.0,0.59375,1,P10_CV0,1,2,0,1,1
7,0.5680445610939323,0.925596638292661,RD7_F10_m10f20_P10_Y7_UO580,RD10_F7_m10f11_P10_Y5_UO715,RD20_F11_m11f20_P11_Y5_UO396,MXY,1,0.0,0,0,0.0,0,0,0,-9999.0,0.65625,1,P10_CV0,1,2,0,1,1
7,0.5680445610939323,0.925596638292661,R7_F7_m7f4_P7_Y7_UO469,RD7_F4_m4f7_P4_Y5_UO67,RD4_F7_m4f7_P4_Y5_UO484,MXY,1,0.0,0,0,0.0,0,0,0,-9999.0,0.53125,1,P10_CV0,1,1,1,2,0
7,0.5680445610939323,0.925596638292661,R7_F7_m7f4_P7_Y7_UO468,RD7_F4_m4f7_P4_Y5_UO67,RD4_F7_m4f7_P4_Y5_UO484,FXX,1,0.0,0,0,0.0,0,0,0,-9999.0,0.53125,1,P10_CV0,1,1,1,2,0
7,0.5680445610939323,0.925596638292661,R7_F7_m7f4_P7_Y7_UO464,RD7_F4_m4f7_P4_Y5_UO67,RD4_F7_m4f7_P4_Y5_UO484,FXX,1,0.0,0,0,0.0,0,0,0,-9999.0,0.53125,1,P10_CV0,1,0,2,2,0
7,0.5680445610939323,0.925596638292661,R7_F7_m7f4_P7_Y7_UO593,R7_F7_m7f4_P7_Y5_UO566,RD4_F7_m4f7_P4_Y5_UO470,MXY,1,0.0,0,0,0.0,0,0,0,-9999.0,0.59375,1,P10_CV0,1,2,0,1,1
7,0.5680445610939323,0.925596638292661,RD7_F10_m10f7_P10_Y6_UO1165,R10_F10_m10f7_P10_Y4_UO1120,R7_F7_m10f11_P10_Y4_UO647,MXY,2,0.0,1,0,0.0,0,0,0,-9999.0,0.53125,1,P10_CV0,1,1,1,2,0
7,0.5680445610939323,0.925596638292661,RD7_F4_m7f4_P7_Y6_UO1117,RD7_F10_m11f20_P11_Y4_UO762,R4_F4_m4f12_P4_Y3_UO118,MXY,2,0.0,1,0,0.0,0,0,0,-9999.0,0.5,1,P10_CV0,1,2,0,2,0
7,0.5680445610939323,0.925596638292661,R7_F7_m4f7_P4_Y5_UO67,RD4_F7_m7f12_P7_Y3_UO162,R7_F7_m7f10_P7_Y3_UO342,FXX,3,0.0,1,0,1.0,0,0,0,-9999.0,0.5625,1,P10_CV0,1,0,2,1,1
7,0.5680445610939323,0.925596638292661,RD7_F10_m10f7_P10_Y7_UO502,R10_F10_m7f4_P7_Y5_UO591,R7_F7_m7f4_P7_Y5_UO416,MXY,1,0.0,0,0,0.0,0,0,0,-9999.0,0.3125,1,P11_CV0,1,2,0,0,2
7,0.5680445610939323,0.925596638292661,R7_F7_m7f4_P7_Y6_UO628,RD7_F10_m7f4_P7_Y4_UO1210,RD4_F12_m12f4_P12_Y4_UO73,FXX,2,0.0,1,0,1.0,0,0,0,-9999.0,0.5,1,P11_CV0,1,1,1,2,0
7,0.5680445610939323,0.925596638292661,RD7_F4_m4f12_P4_Y6_UO940,R4_F4_m12f4_P12_Y4_UO520,RD12_F4_m12f3_P12_Y4_UO432,FXX,2,0.0,1,0,1.0,0,0,0,-9999.0,0.65625,1,P11_CV0,1,0,2,0,2
7,0.5680445610939323,0.925596638292661,RD7_F10_m7f4_P7_Y6_UO689,RD7_F4_m4f12_P4_Y4_UO1264,RD4_F12_m1f12_P1_Y4_UO167,FXX,2,0.0,1,0,1.0,0,0,0,-9999.0,0.3125,1,P11_CV0,1,1,1,1,1
7,0.5680445610939323,0.925596638292661,R7_F7_m10f7_P10_Y6_UO953,R10_F10_m10f11_P10_Y4_UO362,RD7_F4_m7f1_P7_Y4_UO806,MXY,2,0.0,1,0,0.0,0,0,0,-9999.0,0.40625,1,P11_CV0,1,1,1,2,0
7,0.5680445610939323,0.925596638292661,R7_F7_m4f7_P4_Y6_UO306,RD4_F12_m12f4_P12_Y4_UO533,R7_F7_m4f12_P4_Y4_UO277,MXY,2,0.0,1,0,0.0,0,0,0,-9999.0,0.53125,1,P11_CV0,1,1,1,1,1
7,0.5680445610939323,0.925596638292661,RD7_F4_m4f12_P4_Y6_UO265,R4_F4_m4f12_P4_Y4_UO662,RD12_F1_m1f12_P1_Y4_UO1357,MXY,2,0.0,1,0,0.0,0,0,0,-9999.0,0.71875,1,P11_CV0,1,1,1,2,0
7,0.5680445610939323,0.925596638292661,R7_F7_m7f4_P7_Y5_UO388,R7_F7_m7f10_P7_Y3_UO348,RD4_F7_m7f4_P7_Y1_UO731,FXX,3,0.0,1,0,1.0,0,0,0,-9999.0,0.625,1,P11_CV0,1,2,0,1,1
7,0.5680445610939323,0.925596638292661,RD7_F4_m1f19_P1_Y4_UO670,R1_F1_m1f2_P1_Y2_UO377,R19_F19_m19f6_P19_Y2_UO35,MXY,4,0.0,1,0,0.0,0,0,0,-9999.0,0.5625,1,P11_CV0,1,1,1,1,1
7,0.5680445610939323,0.925596638292661,R7_F7_m12f1_P12_Y6_UO930,R12_F12_m12f1_P12_Y4_UO1287,R1_F1_m3f17_P3_Y3_UO479,FXX,2,0.0,1,0,1.0,0,0,0,-9999.0,0.4375,1,P16_CV0,1,1,1,1,1
7,0.5680445610939323,0.925596638292661,R7_F7_m4f12_P4_Y6_UO474,R4_F4_m12f4_P12_Y4_UO520,RD12_F1_m1f19_P1_Y3_UO998,FXX,2,0.0,1,0,1.0,0,0,0,-9999.0,0.8125,1,P16_CV0,1,1,1,2,0
7,0.5680445610939323,0.925596638292661,R7_F7_m4f12_P4_Y6_UO601,R4_F4_m4f12_P4_Y4_UO835,RD12_F1_m3f17_P3_Y4_UO1090,MXY,2,0.0,1,0,0.0,0,0,0,-9999.0,0.5,1,P16_CV0,1,1,1,1,1
7,0.5680445610939323,0.925596638292661,RD7_F4_m4f12_P4_Y7_UO45,R4_F4_m4f7_P4_Y5_UO469,RD12_F1_m19f2_P19_Y4_UO1110,FXX,1,0.0,0,0,0.0,0,0,0,-9999.0,0.5625,1,P18_CV0,1,1,1,1,1
7,0.5680445610939323,0.925596638292661,RD7_F4_m4f12_P4_Y7_UO35,R4_F4_m4f7_P4_Y5_UO469,RD12_F1_m19f2_P19_Y4_UO1110,FXX,1,0.0,0,0,0.0,0,0,0,-9999.0,0.5625,1,P18_CV0,1,1,1,2,0
7,0.5680445610939323,0.925596638292661,RD7_F4_m4f12_P4_Y6_UO603,R4_F4_m4f12_P4_Y4_UO835,RD12_F1_m3f17_P3_Y4_UO1090,FXX,2,0.0,1,0,1.0,0,0,0,-9999.0,0.5,1,P18_CV0,1,1,1,0,2
7,0.5680445610939323,0.925596638292661,R7_F7_m4f12_P4_Y6_UO195,RD4_F12_m1f19_P1_Y4_UO1307,RD12_F1_m1f19_P1_Y4_UO1068,FXX,2,0.0,1,0,1.0,0,0,0,-9999.0,0.40625,1,P18_CV0,1,0,2,2,0
7,0.5680445610939323,0.925596638292661,RD7_F4_m4f12_P4_Y6_UO602,R4_F4_m4f12_P4_Y4_UO835,RD12_F1_m3f17_P3_Y4_UO1090,MXY,2,0.0,1,0,0.0,0,0,0,-9999.0,0.5,1,P18_CV0,1,1,1,0,2
7,0.5680445610939323,0.925596638292661,RD7_F12_m1f12_P1_Y6_UO132,R1_F1_m1f12_P1_Y4_UO129,RD12_F4_m16f12_P16_Y4_UO1046,MXY,2,0.0,1,0,0.0,0,0,0,-9999.0,0.59375,1,P18_CV0,1,1,1,1,1
7,0.5680445610939323,0.925596638292661,RD7_F4_m4f12_P4_Y6_UO197,RD4_F12_m1f19_P1_Y4_UO1307,RD12_F1_m1f19_P1_Y4_UO1068,FXX,2,0.0,1,0,1.0,0,0,0,-9999.0,0.40625,1,P18_CV0,1,0,2,2,0
7,0.5680445610939323,0.925596638292661,R7_F7_m7f4_P7_Y6_UO692,RD7_F4_m4f12_P4_Y4_UO1264,RD4_F12_m1f12_P1_Y4_UO167,FXX,2,0.0,1,0,1.0,0,0,0,-9999.0,0.3125,1,P18_CV0,1,1,1,0,2
7,0.5680445610939323,0.925596638292661,RD7_F4_m4f12_P4_Y6_UO287,RD4_F12_m1f12_P1_Y4_UO1106,RD12_F1_m1f19_P1_Y4_UO1068,MXY,2,0.0,1,0,0.0,0,0,0,-9999.0,0.3125,1,P18_CV0,1,0,2,2,0
7,0.5680445610939323,0.925596638292661,R7_F7_m7f4_P7_Y6_UO1469,R7_F7_m10f11_P10_Y4_UO1240,RD4_F12_m4f12_P4_Y4_UO390,MXY,2,0.0,1,0,0.0,0,0,0,-9999.0,0.59375,1,P18_CV0,1,2,0,1,1
7,0.5680445610939323,0.925596638292661,RD7_F4_m4f7_P4_Y6_UO458,R4_F4_m12f4_P12_Y4_UO187,R7_F7_m7f1_P7_Y4_UO818,FXX,2,0.0,1,0,1.0,0,0,0,-9999.0,0.53125,1,P18_CV0,1,2,0,1,1
7,0.5680445610939323,0.925596638292661,RD7_F4_m4f12_P4_Y6_UO600,R4_F4_m4f12_P4_Y4_UO835,RD12_F1_m3f17_P3_Y4_UO1090,FXX,2,0.0,1,0,1.0,0,0,0,-9999.0,0.5,1,P18_CV0,1,1,1,1,1
7,0.5680445610939323,0.925596638292661,RD7_F12_m1f12_P1_Y6_UO738,R1_F1_m19f2_P19_Y4_UO18,RD12_F4_m16f12_P16_Y4_UO1046,FXX,2,0.0,1,0,1.0,0,0,0,-9999.0,0.75,1,P18_CV0,1,2,0,1,1
7,0.5680445610939323,0.925596638292661,R7_F7_m10f11_P10_Y6_UO1401,R10_F10_m10f7_P10_Y4_UO1325,RD11_F20_m20f11_P20_Y4_UO1255,FXX,2,0.0,1,0,1.0,0,0,0,-9999.0,0.375,1,P19_CV0,1,1,1,1,1
7,0.5680445610939323,0.925596638292661,RD7_F10_m11f20_P11_Y6_UO170,R11_F11_m11f20_P11_Y4_UO1141,R20_F20_m11f20_P11_Y2_UO886,MXY,2,0.0,1,0,0.0,0,0,0,-9999.0,0.40625,1,P19_CV0,1,1,1,1,1
7,0.5680445610939323,0.925596638292661,RD7_F10_m10f11_P10_Y6_UO1397,R10_F10_m10f7_P10_Y4_UO1325,RD11_F20_m20f11_P20_Y4_UO1255,FXX,2,0.0,1,0,1.0,0,0,0,-9999.0,0.375,1,P19_CV0,1,0,2,1,1
7,0.5680445610939323,0.925596638292661,R7_F7_m7f4_P7_Y6_UO1338,RD7_F4_m12f1_P12_Y4_UO1286,RD4_F7_m7f4_P7_Y4_UO848,MXY,2,0.0,1,0,0.0,0,0,0,-9999.0,0.34375,1,P19_CV0,1,1,1,1,1
7,0.5680445610939323,0.925596638292661,R7_F7_m7f4_P7_Y6_UO1536,R7_F7_m7f4_P7_Y4_UO840,RD4_F12_m1f19_P1_Y4_UO1306,FXX,2,0.0,1,0,1.0,0,0,0,-9999.0,0.5,1,P19_CV0,1,0,2,2,0
7,0.5680445610939323,0.925596638292661,RD7_F4_m12f4_P12_Y6_UO528,RD12_F1_m12f4_P12_Y4_UO735,RD4_F7_m7f4_P7_Y4_UO848,MXY,2,0.0,1,0,0.0,0,0,0,-9999.0,0.4375,1,P19_CV0,1,1,1,0,2
7,0.5680445610939323,0.925596638292661,RD7_F10_m11f20_P11_Y6_UO171,R11_F11_m11f20_P11_Y4_UO1141,R20_F20_m11f20_P11_Y2_UO886,MXY,2,0.0,1,0,0.0,0,0,0,-9999.0,0.40625,1,P19_CV0,1,1,1,1,1
7,0.5680445610939323,0.925596638292661,R7_F7_m4f7_P4_Y6_UO416,R4_F4_m4f12_P4_Y4_UO821,RD7_F4_m4f16_P4_Y4_UO793,MXY,2,0.0,1,0,0.0,0,0,0,-9999.0,0.5625,1,P19_CV0,1,1,1,1,1
7,0.5680445610939323,0.925596638292661,RD7_F10_m11f20_P11_Y6_UO162,R11_F11_m11f20_P11_Y4_UO1141,R20_F20_m11f20_P11_Y2_UO886,FXX,2,0.0,1,0,1.0,0,0,0,-9999.0,0.40625,1,P19_CV0,1,1,1,1,1
7,0.5680445610939323,0.925596638292661,R7_F7_m10f7_P10_Y6_UO425,R10_F10_m10f7_P10_Y4_UO1324,RD7_F10_m4f12_P4_Y3_UO773,MXY,2,0.0,1,0,0.0,0,0,0,-9999.0,0.53125,1,P19_CV0,1,1,1,0,2
7,0.5680445610939323,0.925596638292661,R7_F7_m10f11_P10_Y6_UO442,RD10_F7_m10f20_P10_Y4_UO168,RD11_F10_m11f20_P11_Y4_UO1285,FXX,2,0.0,1,0,1.0,0,0,0,-9999.0,0.40625,1,P19_CV0,1,1,1,0,2
7,0.5680445610939323,0.925596638292661,RD7_F4_m7f4_P7_Y6_UO1340,RD7_F4_m12f1_P12_Y4_UO1286,RD4_F7_m7f4_P7_Y4_UO848,FXX,2,0.0,1,0,1.0,0,0,0,-9999.0,0.34375,1,P19_CV0,1,0,2,0,2
7,0.5680445610939323,0.925596638292661,R7_F7_m7f4_P7_Y6_UO107,RD7_F10_m10f11_P10_Y4_UO361,RD4_F12_m4f12_P4_Y4_UO390,MXY,2,0.0,1,0,0.0,0,0,0,-9999.0,0.4375,1,P19_CV0,1,1,1,2,0
7,0.5680445610939323,0.925596638292661,R7_F7_m7f4_P7_Y6_UO1537,R7_F7_m7f4_P7_Y4_UO840,RD4_F12_m1f19_P1_Y4_UO1306,FXX,2,0.0,1,0,1.0,0,0,0,-9999.0,0.5,1,P19_CV0,1,1,1,2,0
7,0.5680445610939323,0.925596638292661,R7_F7_m7f4_P7_Y7_UO788,R7_F7_m7f4_P7_Y5_UO566,RD4_F7_m12f4_P12_Y4_UO405,FXX,1,0.0,0,0,0.0,0,0,0,-9999.0,0.65625,1,P2_CV0,1,1,1,0,2
7,0.5680445610939323,0.925596638292661,R7_F7_m7f4_P7_Y7_UO785,R7_F7_m7f4_P7_Y5_UO566,RD4_F7_m12f4_P12_Y4_UO405,FXX,1,0.0,0,0,0.0,0,0,0,-9999.0,0.65625,1,P2_CV0,1,2,0,0,2
7,0.5680445610939323,0.925596638292661,R7_F7_m7f4_P7_Y7_UO786,R7_F7_m7f4_P7_Y5_UO566,RD4_F7_m12f4_P12_Y4_UO405,MXY,1,0.0,0,0,0.0,0,0,0,-9999.0,0.65625,1,P2_CV0,1,2,0,0,2
7,0.5680445610939323,0.925596638292661,R7_F7_m7f4_P7_Y7_UO781,R7_F7_m7f4_P7_Y5_UO566,RD4_F7_m12f4_P12_Y4_UO405,MXY,1,0.0,0,0,0.0,0,0,0,-9999.0,0.65625,1,P2_CV0,1,1,1,0,2
7,0.5680445610939323,0.925596638292661,R7_F7_m7f4_P7_Y7_UO789,R7_F7_m7f4_P7_Y5_UO566,RD4_F7_m12f4_P12_Y4_UO405,FXX,1,0.0,0,0,0.0,0,0,0,-9999.0,0.65625,1,P2_CV0,1,1,1,0,2
7,0.5680445610939323,0.925596638292661,RD7_F10_m10f7_P10_Y6_UO544,RD10_F7_m4f12_P4_Y4_UO276,RD7_F4_m12f4_P12_Y4_UO405,MXY,2,0.0,1,0,0.0,0,0,0,-9999.0,0.59375,1,P2_CV0,1,0,2,0,2
7,0.5680445610939323,0.925596638292661,R7_F7_m4f12_P4_Y6_UO1382,RD4_F12_m12f4_P12_Y4_UO693,RD12_F1_m3f17_P3_Y3_UO55,MXY,2,0.0,1,0,0.0,0,0,0,-9999.0,0.5625,1,P2_CV0,1,2,0,1,1
7,0.5680445610939323,0.925596638292661,RD7_F4_m7f4_P7_Y6_UO1028,RD7_F10_m10f11_P10_Y4_UO365,R4_F4_m7f4_P7_Y4_UO609,MXY,2,0.0,1,0,0.0,0,0,0,-9999.0,0.4375,1,P3_CV0,1,0,2,0,2
7,0.5680445610939323,0.925596638292661,RD7_F10_m10f11_P10_Y6_UO75,RD10_F7_m7f4_P7_Y4_UO1203,R11_F11_m11f20_P11_Y4_UO396,FXX,2,0.0,1,0,1.0,0,0,0,-9999.0,0.46875,1,P3_CV0,1,2,0,1,1
7,0.5680445610939323,0.925596638292661,RD7_F4_m4f12_P4_Y6_UO942,R4_F4_m12f4_P12_Y4_UO520,RD12_F4_m12f3_P12_Y4_UO432,FXX,2,0.0,1,0,1.0,0,0,0,-9999.0,0.65625,1,P3_CV0,1,0,2,1,1
7,0.5680445610939323,0.925596638292661,RD7_F4_m7f4_P7_Y6_UO1090,R7_F7_m7f4_P7_Y4_UO839,RD4_F7_m7f4_P7_Y4_UO848,FXX,2,0.0,1,0,1.0,0,0,0,-9999.0,0.4375,1,P3_CV0,1,0,2,1,1
7,0.5680445610939323,0.925596638292661,RD7_F10_m10f7_P10_Y6_UO428,R10_F10_m10f7_P10_Y4_UO1324,RD7_F10_m4f12_P4_Y3_UO773,FXX,2,0.0,1,0,1.0,0,0,0,-9999.0,0.53125,1,P3_CV0,1,2,0,1,1
7,0.5680445610939323,0.925596638292661,R7_F7_m4f12_P4_Y6_UO473,R4_F4_m12f4_P12_Y4_UO520,RD12_F1_m1f19_P1_Y3_UO998,MXY,2,0.0,1,0,0.0,0,0,0,-9999.0,0.8125,1,P3_CV0,1,1,1,1,1
7,0.5680445610939323,0.925596638292661,RD7_F4_m4f7_P4_Y5_UO469,R4_F4_m4f12_P4_Y3_UO770,R7_F7_m10f11_P10_Y2_UO999,FXX,3,0.0,1,0,1.0,0,0,0,-9999.0,0.5,1,P3_CV0,1,1,1,2,0
7,0.5680445610939323,0.925596638292661,R7_F7_m7f4_P7_Y7_UO599,R7_F7_m7f4_P7_Y5_UO566,RD4_F7_m4f7_P4_Y5_UO470,MXY,1,0.0,0,0,0.0,0,0,0,-9999.0,0.59375,1,P9_CV0,1,1,1,1,1
7,0.5680445610939323,0.925596638292661,R7_F7_m7f4_P7_Y7_UO782,R7_F7_m7f4_P7_Y5_UO566,RD4_F7_m12f4_P12_Y4_UO405,MXY,1,0.0,0,0,0.0,0,0,0,-9999.0,0.65625,1,P9_CV0,1,0,2,0,2
7,0.5680445610939323,0.925596638292661,RD7_F10_m10f7_P10_Y7_UO512,R10_F10_m7f4_P7_Y5_UO591,R7_F7_m7f4_P7_Y5_UO416,MXY,1,0.0,0,0,0.0,0,0,0,-9999.0,0.3125,1,P9_CV0,1,2,0,0,2
7,0.5680445610939323,0.925596638292661,RD7_F10_m10f7_P10_Y7_UO505,R10_F10_m7f4_P7_Y5_UO591,R7_F7_m7f4_P7_Y5_UO416,FXX,1,0.0,0,0,0.0,0,0,0,-9999.0,0.3125,1,P9_CV0,1,2,0,0,2
7,0.5680445610939323,0.925596638292661,RD7_F10_m10f7_P10_Y7_UO360,R10_F10_m7f4_P7_Y5_UO591,RD7_F10_m10f7_P10_Y5_UO901,FXX,1,0.0,0,0,0.0,0,0,0,-9999.0,0.4375,1,P9_CV0,1,1,1,1,1
7,0.5680445610939323,0.925596638292661,R7_F7_m7f4_P7_Y7_UO779,R7_F7_m7f4_P7_Y5_UO566,RD4_F7_m12f4_P12_Y4_UO405,FXX,1,0.0,0,0,0.0,0,0,0,-9999.0,0.65625,1,P9_CV0,1,0,2,0,2
7,0.5680445610939323,0.925596638292661,RD7_F10_m10f7_P10_Y7_UO511,R10_F10_m7f4_P7_Y5_UO591,R7_F7_m7f4_P7_Y5_UO416,MXY,1,0.0,0,0,0.0,0,0,0,-9999.0,0.3125,1,P9_CV0,1,2,0,1,1
7,0.5680445610939323,0.925596638292661,RD7_F10_m10f7_P10_Y7_UO362,R10_F10_m7f4_P7_Y5_UO591,RD7_F10_m10f7_P10_Y5_UO901,FXX,1,0.0,0,0,0.0,0,0,0,-9999.0,0.4375,1,P9_CV0,1,1,1,2,0
7,0.5680445610939323,0.925596638292661,R7_F7_m7f4_P7_Y7_UO784,R7_F7_m7f4_P7_Y5_UO566,RD4_F7_m12f4_P12_Y4_UO405,FXX,1,0.0,0,0,0.0,0,0,0,-9999.0,0.65625,1,P9_CV0,1,2,0,0,2
7,0.5680445610939323,0.925596638292661,R7_F7_m7f4_P7_Y7_UO780,R7_F7_m7f4_P7_Y5_UO566,RD4_F7_m12f4_P12_Y4_UO405,FXX,1,0.0,0,0,0.0,0,0,0,-9999.0,0.65625,1,P9_CV0,1,0,2,0,2
7,0.5680445610939323,0.925596638292661,RD7_F10_m11f20_P11_Y6_UO1499,RD11_F20_m11f20_P11_Y4_UO500,RD20_F11_m10f11_P10_Y4_UO932,MXY,2,0.0,1,0,0.0,0,0,0,-9999.0,0.5,1,P9_CV0,1,1,1,1,1
7,0.5680445610939323,0.925596638292661,RD7_F10_m10f7_P10_Y6_UO175,R10_F10_m10f7_P10_Y4_UO1120,RD7_F4_m7f1_P7_Y4_UO806,FXX,2,0.0,1,0,1.0,0,0,0,-9999.0,0.5625,1,P9_CV0,1,2,0,2,0
7,0.5680445610939323,0.925596638292661,R7_F7_m10f11_P10_Y6_UO44,R10_F10_m10f7_P10_Y4_UO1118,RD11_F20_m11f20_P11_Y4_UO1002,MXY,2,0.0,1,0,0.0,0,0,0,-9999.0,0.5,1,P9_CV0,1,2,0,1,1
7,0.5680445610939323,0.925596638292661,R7_F7_m10f7_P10_Y6_UO1164,R10_F10_m10f7_P10_Y4_UO1120,R7_F7_m10f11_P10_Y4_UO647,MXY,2,0.0,1,0,0.0,0,0,0,-9999.0,0.53125,1,P9_CV0,1,0,2,1,1
7,0.5680445610939323,0.925596638292661,RD7_F10_m10f11_P10_Y6_UO625,R10_F10_m10f7_P10_Y4_UO1120,RD11_F10_m10f7_P10_Y4_UO562,FXX,2,0.0,1,0,1.0,0,0,0,-9999.0,0.53125,1,P9_CV0,1,0,2,1,1
7,0.5680445610939323,0.925596638292661,R7_F7_m10f7_P10_Y6_UO182,R10_F10_m10f7_P10_Y4_UO1120,RD7_F4_m7f1_P7_Y4_UO806,FXX,2,0.0,1,0,1.0,0,0,0,-9999.0,0.5625,1,P9_CV0,1,2,0,1,1
7,0.5680445610939323,0.925596638292661,R7_F7_m7f4_P7_Y5_UO566,R7_F7_m7f12_P7_Y3_UO169,RD4_F7_m7f4_P7_Y1_UO731,FXX,3,0.0,1,0,1.0,0,0,0,-9999.0,0.6875,1,P9_CV0,1,1,1,0,2
8,0.07103605819788694,0.08712929970154071,RD8_F15_m15f2_P15_Y7_UO636,R15_F15_m8f18_P8_Y5_UO439,R2_F2_m2f19_P2_Y5_UO82,FXX,1,0.0,0,0,0.0,0,0,0,-9999.0,0.3125,1,P0_CV0,1,1,1,1,1
8,0.07103605819788694,0.08712929970154071,RD8_F15_m15f17_P15_Y7_UO87,R15_F15_m8f18_P8_Y5_UO633,R17_F17_m3f17_P3_Y5_UO927,FXX,1,0.0,0,0,0.0,0,0,0,-9999.0,0.53125,1,P12_CV0,1,1,1,1,1
8,0.07103605819788694,0.08712929970154071,RD8_F13_m13f18_P13_Y7_UO218,RD13_F18_m8f18_P8_Y5_UO972,R18_F18_m13f18_P13_Y5_UO848,MXY,1,0.0,0,0,0.0,0,0,0,-9999.0,0.65625,1,P12_CV0,1,2,0,1,1
8,0.07103605819788694,0.08712929970154071,RD8_F15_m15f17_P15_Y7_UO90,R15_F15_m8f18_P8_Y5_UO633,R17_F17_m3f17_P3_Y5_UO927,FXX,1,0.0,0,0,0.0,0,0,0,-9999.0,0.53125,1,P12_CV0,1,1,1,1,1
8,0.07103605819788694,0.08712929970154071,RD8_F13_m13f18_P13_Y7_UO315,R13_F13_m13f9_P13_Y5_UO146,R18_F18_m18f13_P18_Y4_UO1167,MXY,1,0.0,0,0,0.0,0,0,0,-9999.0,0.5,1,P12_CV0,1,1,1,1,1
8,0.07103605819788694,0.08712929970154071,RD8_F15_m15f17_P15_Y7_UO88,R15_F15_m8f18_P8_Y5_UO633,R17_F17_m3f17_P3_Y5_UO927,FXX,1,0.0,0,0,0.0,0,0,0,-9999.0,0.53125,1,P12_CV0,1,1,1,1,1
8,0.07103605819788694,0.08712929970154071,RD8_F18_m8f13_P8_Y6_UO524,RD8_F15_m2f19_P2_Y4_UO1410,RD13_F18_m18f13_P18_Y4_UO588,FXX,2,0.0,1,0,1.0,0,0,0,-9999.0,0.1875,1,P12_CV0,1,0,2,1,1
8,0.07103605819788694,0.08712929970154071,RD8_F18_m13f18_P13_Y6_UO141,R13_F13_m18f13_P18_Y4_UO857,R18_F18_m13f18_P13_Y4_UO157,MXY,2,0.0,1,0,0.0,0,0,0,-9999.0,0.3125,1,P12_CV0,1,2,0,2,0
8,0.07103605819788694,0.08712929970154071,RD8_F15_m8f18_P8_Y6_UO376,R8_F8_m15f17_P15_Y4_UO866,R18_F18_m18f13_P18_Y3_UO521,MXY,2,0.0,1,0,0.0,0,0,0,-9999.0,0.4375,1,P12_CV0,1,0,2,1,1
8,0.07103605819788694,0.08712929970154071,RD8_F18_m8f18_P8_Y6_UO554,R8_F8_m8f13_P8_Y4_UO50,RD18_F13_m18f13_P18_Y3_UO892,FXX,2,0.0,1,0,1.0,0,0,0,-9999.0,0.5625,1,P12_CV0,1,2,0,1,1
8,0.07103605819788694,0.08712929970154071,RD8_F18_m13f18_P13_Y6_UO26,RD13_F18_m13f18_P13_Y4_UO1101,R18_F18_m13f18_P13_Y4_UO157,MXY,2,0.0,1,0,0.0,0,0,0,-9999.0,0.5,1,P12_CV0,1,1,1,1,1
8,0.07103605819788694,0.08712929970154071,R8_F8_m18f13_P18_Y6_UO1391,R18_F18_m18f13_P18_Y4_UO584,R13_F13_m13f18_P13_Y4_UO397,MXY,2,0.0,1,0,0.0,0,0,0,-9999.0,0.46875,1,P12_CV0,1,1,1,0,2
8,0.07103605819788694,0.08712929970154071,RD8_F18_m18f13_P18_Y6_UO1365,R18_F18_m18f13_P18_Y4_UO203,RD13_F18_m13f18_P13_Y4_UO964,FXX,2,0.0,1,0,1.0,0,0,0,-9999.0,0.375,1,P12_CV0,1,2,0,0,2
8,0.07103605819788694,0.08712929970154071,R8_F8_m8f18_P8_Y6_UO558,R8_F8_m8f13_P8_Y4_UO50,RD18_F13_m18f13_P18_Y3_UO892,MXY,2,0.0,1,0,0.0,0,0,0,-9999.0,0.5625,1,P12_CV0,1,2,0,1,1
8,0.07103605819788694,0.08712929970154071,RD8_F15_m8f13_P8_Y6_UO1512,R8_F8_m8f18_P8_Y4_UO802,RD13_F18_m18f13_P18_Y4_UO253,MXY,2,0.0,1,0,0.0,0,0,0,-9999.0,0.59375,1,P12_CV0,1,0,2,1,1
8,0.07103605819788694,0.08712929970154071,RD8_F18_m13f18_P13_Y4_UO311,R13_F13_m13f18_P13_Y2_UO1324,R18_F18_m18f13_P18_Y2_UO714,FXX,4,0.0,1,0,1.0,0,0,0,-9999.0,0.5625,1,P12_CV0,1,2,0,1,1
8,0.07103605819788694,0.08712929970154071,RD8_F13_m13f18_P13_Y7_UO114,R13_F13_m13f9_P13_Y5_UO146,RD18_F13_m18f13_P18_Y4_UO583,FXX,1,0.0,0,0,0.0,0,0,0,-9999.0,0.5625,1,P15_CV0,1,2,0,2,0
8,0.07103605819788694,0.08712929970154071,RD8_F17_m3f17_P3_Y5_UO927,R3_F3_m17f15_P17_Y3_UO228,RD17_F3_m3f17_P3_Y3_UO808,MXY,3,0.0,1,0,0.0,0,0,0,-9999.0,0.4375,1,P15_CV0,1,1,1,2,0
8,0.07103605819788694,0.08712929970154071,R8_F8_m8f18_P8_Y7_UO418,RD8_F15_m15f2_P15_Y5_UO768,RD18_F8_m15f19_P15_Y5_UO755,FXX,1,0.0,0,0,0.0,0,0,0,-9999.0,0.53125,1,P16_CV0,1,2,0,2,0
8,0.07103605819788694,0.08712929970154071,RD8_F15_m15f2_P15_Y7_UO637,R15_F15_m8f18_P8_Y5_UO439,R2_F2_m2f19_P2_Y5_UO82,MXY,1,0.0,0,0,0.0,0,0,0,-9999.0,0.3125,1,P16_CV0,1,1,1,0,2
8,0.07103605819788694,0.08712929970154071,R8_F8_m8f18_P8_Y7_UO421,RD8_F15_m15f2_P15_Y5_UO768,RD18_F8_m15f19_P15_Y5_UO755,MXY,1,0.0,0,0,0.0,0,0,0,-9999.0,0.53125,1,P16_CV0,1,2,0,2,0
8,0.07103605819788694,0.08712929970154071,RD8_F15_m15f17_P15_Y7_UO0,R15_F15_m8f18_P8_Y5_UO633,RD17_F3_m1f19_P1_Y4_UO485,FXX,1,0.0,0,0,0.0,0,0,0,-9999.0,0.59375,1,P16_CV0,1,2,0,1,1
8,0.07103605819788694,0.08712929970154071,RD8_F15_m15f2_P15_Y7_UO620,R15_F15_m8f18_P8_Y5_UO439,R2_F2_m2f19_P2_Y5_UO82,MXY,1,0.0,0,0,0.0,0,0,0,-9999.0,0.3125,1,P16_CV0,1,1,1,0,2
8,0.07103605819788694,0.08712929970154071,RD8_F15_m15f2_P15_Y7_UO615,R15_F15_m8f18_P8_Y5_UO439,R2_F2_m2f19_P2_Y5_UO82,FXX,1,0.0,0,0,0.0,0,0,0,-9999.0,0.3125,1,P16_CV0,1,1,1,1,1
8,0.07103605819788694,0.08712929970154071,R8_F8_m8f18_P8_Y7_UO413,RD8_F15_m15f2_P15_Y5_UO768,RD18_F8_m15f19_P15_Y5_UO755,FXX,1,0.0,0,0,0.0,0,0,0,-9999.0,0.53125,1,P16_CV0,1,1,1,2,0
8,0.07103605819788694,0.08712929970154071,RD8_F15_m17f3_P17_Y6_UO916,RD17_F3_m3f17_P3_Y4_UO530,RD3_F15_m8f13_P8_Y4_UO1423,MXY,2,0.0,1,0,0.0,0,0,0,-9999.0,0.59375,1,P16_CV0,1,2,0,1,1
8,0.07103605819788694,0.08712929970154071,R8_F8_m8f13_P8_Y6_UO526,RD8_F15_m2f19_P2_Y4_UO1410,RD13_F18_m18f13_P18_Y4_UO588,FXX,2,0.0,1,0,1.0,0,0,0,-9999.0,0.1875,1,P16_CV0,1,0,2,2,0
8,0.07103605819788694,0.08712929970154071,R8_F8_m8f18_P8_Y7_UO375,R8_F8_m8f18_P8_Y5_UO644,R18_F18_m18f13_P18_Y4_UO1167,FXX,1,0.0,0,0,0.0,0,0,0,-9999.0,0.5,1,P17_CV0,1,1,1,1,1
8,0.07103605819788694,0.08712929970154071,R8_F8_m8f18_P8_Y7_UO373,R8_F8_m8f18_P8_Y5_UO644,R18_F18_m18f13_P18_Y4_UO1167,MXY,1,0.0,0,0,0.0,0,0,0,-9999.0,0.5,1,P17_CV0,1,1,1,1,1
8,0.07103605819788694,0.08712929970154071,RD8_F18_m13f18_P13_Y6_UO982,RD13_F16_m16f13_P16_Y4_UO142,R18_F18_m18f13_P18_Y4_UO1167,FXX,2,0.0,1,0,1.0,0,0,0,-9999.0,0.34375,1,P17_CV0,1,1,1,0,2
8,0.07103605819788694,0.08712929970154071,R8_F8_m8f18_P8_Y6_UO128,RD8_F15_m2f19_P2_Y4_UO1409,R18_F18_m13f18_P13_Y4_UO1338,FXX,2,0.0,1,0,1.0,0,0,0,-9999.0,0.40625,1,P17_CV0,1,1,1,0,2
8,0.07103605819788694,0.08712929970154071,R8_F8_m8f18_P8_Y6_UO986,RD8_F15_m15f2_P15_Y4_UO463,R18_F18_m18f13_P18_Y4_UO1167,FXX,2,0.0,1,0,1.0,0,0,0,-9999.0,0.5625,1,P17_CV0,1,1,1,1,1
8,0.07103605819788694,0.08712929970154071,R8_F8_m8f13_P8_Y6_UO1494,RD8_F15_m2f19_P2_Y4_UO1410,RD13_F18_m18f13_P18_Y4_UO1401,MXY,2,0.0,1,0,0.0,0,0,0,-9999.0,0.3125,1,P17_CV0,1,1,1,1,1
8,0.07103605819788694,0.08712929970154071,R8_F8_m8f18_P8_Y6_UO130,RD8_F15_m2f19_P2_Y4_UO1409,R18_F18_m13f18_P13_Y4_UO1338,MXY,2,0.0,1,0,0.0,0,0,0,-9999.0,0.40625,1,P17_CV0,1,1,1,0,2
8,0.07103605819788694,0.08712929970154071,R8_F8_m8f15_P8_Y6_UO209,RD8_F15_m2f19_P2_Y4_UO1410,RD15_F8_m8f13_P8_Y4_UO779,FXX,2,0.0,1,0,1.0,0,0,0,-9999.0,0.375,1,P17_CV0,1,1,1,1,1
8,0.07103605819788694,0.08712929970154071,RD8_F18_m18f13_P18_Y6_UO311,R18_F18_m18f13_P18_Y4_UO203,RD13_F18_m13f18_P13_Y4_UO146,MXY,2,0.0,1,0,0.0,0,0,0,-9999.0,0.375,1,P17_CV0,1,2,0,1,1
8,0.07103605819788694,0.08712929970154071,RD8_F18_m18f13_P18_Y6_UO773,RD18_F13_m13f18_P13_Y4_UO58,RD13_F18_m13f18_P13_Y4_UO74,FXX,2,0.0,1,0,1.0,0,0,0,-9999.0,0.46875,1,P17_CV0,1,2,0,2,0
8,0.07103605819788694,0.08712929970154071,R8_F8_m8f18_P8_Y6_UO983,RD8_F15_m15f2_P15_Y4_UO463,R18_F18_m18f13_P18_Y4_UO1167,FXX,2,0.0,1,0,1.0,0,0,0,-9999.0,0.5625,1,P17_CV0,1,0,2,0,2
8,0.07103605819788694,0.08712929970154071,R8_F8_m8f18_P8_Y6_UO985,RD8_F15_m15f2_P15_Y4_UO463,R18_F18_m18f13_P18_Y4_UO1167,MXY,2,0.0,1,0,0.0,0,0,0,-9999.0,0.5625,1,P17_CV0,1,0,2,1,1
8,0.07103605819788694,0.08712929970154071,RD8_F18_m13f18_P13_Y6_UO655,R13_F13_m13f18_P13_Y4_UO67,R18_F18_m18f13_P18_Y4_UO1417,MXY,2,0.0,1,0,0.0,0,0,0,-9999.0,0.4375,1,P17_CV0,1,1,1,1,1
8,0.07103605819788694,0.08712929970154071,R8_F8_m15f2_P15_Y6_UO1254,RD15_F8_m18f13_P18_Y4_UO64,R2_F2_m19f2_P19_Y4_UO1144,FXX,2,0.0,1,0,1.0,0,0,0,-9999.0,0.375,1,P17_CV0,1,0,2,2,0
8,0.07103605819788694,0.08712929970154071,R8_F8_m18f13_P18_Y6_UO771,RD18_F13_m13f18_P13_Y4_UO58,RD13_F18_m13f18_P13_Y4_UO74,FXX,2,0.0,1,0,1.0,0,0,0,-9999.0,0.46875,1,P17_CV0,1,2,0,2,0
8,0.07103605819788694,0.08712929970154071,RD8_F15_m15f2_P15_Y7_UO627,R15_F15_m17f2_P17_Y5_UO999,R2_F2_m2f3_P2_Y5_UO184,MXY,1,0.0,0,0,0.0,0,0,0,-9999.0,0.5,1,P18_CV0,1,1,1,1,1
8,0.07103605819788694,0.08712929970154071,RD8_F15_m15f2_P15_Y7_UO494,R15_F15_m17f2_P17_Y5_UO999,R2_F2_m2f3_P2_Y5_UO184,FXX,1,0.0,0,0,0.0,0,0,0,-9999.0,0.5,1,P18_CV0,1,0,2,1,1
8,0.07103605819788694,0.08712929970154071,RD8_F15_m15f2_P15_Y7_UO625,R15_F15_m17f2_P17_Y5_UO999,R2_F2_m2f3_P2_Y5_UO184,MXY,1,0.0,0,0,0.0,0,0,0,-9999.0,0.5,1,P18_CV0,1,0,2,1,1
8,0.07103605819788694,0.08712929970154071,R8_F8_m8f18_P8_Y7_UO414,RD8_F15_m15f2_P15_Y5_UO768,RD18_F8_m15f19_P15_Y5_UO755,MXY,1,0.0,0,0,0.0,0,0,0,-9999.0,0.53125,1,P18_CV0,1,1,1,2,0
8,0.07103605819788694,0.08712929970154071,R8_F8_m8f18_P8_Y7_UO64,R8_F8_m8f18_P8_Y5_UO644,RD18_F8_m15f19_P15_Y5_UO755,FXX,1,0.0,0,0,0.0,0,0,0,-9999.0,0.5625,1,P18_CV0,1,1,1,2,0
8,0.07103605819788694,0.08712929970154071,RD8_F15_m15f2_P15_Y7_UO333,R15_F15_m2f19_P2_Y5_UO200,R2_F2_m2f3_P2_Y5_UO184,MXY,1,0.0,0,0,0.0,0,0,0,-9999.0,0.5625,1,P18_CV0,1,1,1,1,1
8,0.07103605819788694,0.08712929970154071,RD8_F15_m15f2_P15_Y7_UO334,R15_F15_m2f19_P2_Y5_UO200,R2_F2_m2f3_P2_Y5_UO184,MXY,1,0.0,0,0,0.0,0,0,0,-9999.0,0.5625,1,P18_CV0,1,1,1,2,0
8,0.07103605819788694,0.08712929970154071,R8_F8_m8f18_P8_Y7_UO410,RD8_F15_m15f2_P15_Y5_UO768,RD18_F8_m15f19_P15_Y5_UO755,MXY,1,0.0,0,0,0.0,0,0,0,-9999.0,0.53125,1,P18_CV0,1,1,1,2,0
8,0.07103605819788694,0.08712929970154071,RD8_F15_m15f2_P15_Y7_UO75,R15_F15_m2f19_P2_Y5_UO200,R2_F2_m2f3_P2_Y5_UO184,MXY,1,0.0,0,0,0.0,0,0,0,-9999.0,0.5625,1,P18_CV0,1,1,1,2,0
8,0.07103605819788694,0.08712929970154071,RD8_F15_m15f2_P15_Y7_UO629,R15_F15_m17f2_P17_Y5_UO999,R2_F2_m2f3_P2_Y5_UO184,MXY,1,0.0,0,0,0.0,0,0,0,-9999.0,0.5,1,P18_CV0,1,0,2,0,2
8,0.07103605819788694,0.08712929970154071,RD8_F15_m15f2_P15_Y7_UO332,R15_F15_m2f19_P2_Y5_UO200,R2_F2_m2f3_P2_Y5_UO184,FXX,1,0.0,0,0,0.0,0,0,0,-9999.0,0.5625,1,P18_CV0,1,1,1,1,1
8,0.07103605819788694,0.08712929970154071,RD8_F15_m15f2_P15_Y7_UO498,RD15_F8_m15f2_P15_Y5_UO686,R2_F2_m2f3_P2_Y5_UO184,MXY,1,0.0,0,0,0.0,0,0,0,-9999.0,0.5625,1,P18_CV0,1,2,0,2,0
8,0.07103605819788694,0.08712929970154071,RD8_F15_m15f2_P15_Y7_UO572,R15_F15_m15f2_P15_Y5_UO681,R2_F2_m2f3_P2_Y5_UO184,MXY,1,0.0,0,0,0.0,0,0,0,-9999.0,0.5625,1,P18_CV0,1,2,0,2,0
8,0.07103605819788694,0.08712929970154071,R8_F8_m8f18_P8_Y7_UO420,RD8_F15_m15f2_P15_Y5_UO768,RD18_F8_m15f19_P15_Y5_UO755,MXY,1,0.0,0,0,0.0,0,0,0,-9999.0,0.53125,1,P18_CV0,1,2,0,2,0
8,0.07103605819788694,0.08712929970154071,R8_F8_m8f18_P8_Y7_UO412,RD8_F15_m15f2_P15_Y5_UO768,RD18_F8_m15f19_P15_Y5_UO755,FXX,1,0.0,0,0,0.0,0,0,0,-9999.0,0.53125,1,P18_CV0,1,1,1,2,0
8,0.07103605819788694,0.08712929970154071,RD8_F18_m18f13_P18_Y6_UO82,R18_F18_m18f13_P18_Y4_UO493,R13_F13_m13f18_P13_Y4_UO706,FXX,2,0.0,1,0,1.0,0,0,0,-9999.0,0.34375,1,P18_CV0,1,2,0,1,1
8,0.07103605819788694,0.08712929970154071,R8_F8_m8f18_P8_Y6_UO1078,RD8_F15_m2f19_P2_Y4_UO747,R18_F18_m13f18_P13_Y4_UO69,FXX,2,0.0,1,0,1.0,0,0,0,-9999.0,0.53125,1,P18_CV0,1,2,0,0,2
8,0.07103605819788694,0.08712929970154071,R8_F8_m8f18_P8_Y6_UO1077,RD8_F15_m2f19_P2_Y4_UO747,R18_F18_m13f18_P13_Y4_UO69,MXY,2,0.0,1,0,0.0,0,0,0,-9999.0,0.53125,1,P18_CV0,1,1,1,1,1
8,0.07103605819788694,0.08712929970154071,R8_F8_m15f2_P15_Y4_UO445,RD15_F8_m15f17_P15_Y2_UO1413,RD2_F19_m19f2_P19_Y2_UO790,MXY,4,0.0,1,0,0.0,0,0,0,-9999.0,0.625,1,P18_CV0,1,2,0,2,0
8,0.07103605819788694,0.08712929970154071,RD8_F15_m15f2_P15_Y7_UO689,R15_F15_m17f2_P17_Y5_UO999,R2_F2_m2f19_P2_Y5_UO82,MXY,1,0.0,0,0,0.0,0,0,0,-9999.0,0.375,1,P1_CV0,1,0,2,1,1
8,0.07103605819788694,0.08712929970154071,RD8_F15_m15f2_P15_Y7_UO500,RD15_F8_m15f2_P15_Y5_UO686,R2_F2_m2f3_P2_Y5_UO184,FXX,1,0.0,0,0,0.0,0,0,0,-9999.0,0.5625,1,P1_CV0,1,1,1,2,0
8,0.07103605819788694,0.08712929970154071,RD8_F15_m15f2_P15_Y7_UO569,R15_F15_m15f2_P15_Y5_UO681,R2_F2_m2f3_P2_Y5_UO184,MXY,1,0.0,0,0,0.0,0,0,0,-9999.0,0.5625,1,P1_CV0,1,1,1,2,0
8,0.07103605819788694,0.08712929970154071,RD8_F15_m15f2_P15_Y7_UO628,R15_F15_m17f2_P17_Y5_UO999,R2_F2_m2f3_P2_Y5_UO184,FXX,1,0.0,0,0,0.0,0,0,0,-9999.0,0.5,1,P1_CV0,1,1,1,1,1
8,0.07103605819788694,0.08712929970154071,RD8_F15_m15f2_P15_Y7_UO246,RD15_F8_m15f2_P15_Y5_UO686,R2_F2_m2f3_P2_Y5_UO184,MXY,1,0.0,0,0,0.0,0,0,0,-9999.0,0.5625,1,P1_CV0,1,1,1,2,0
8,0.07103605819788694,0.08712929970154071,RD8_F15_m15f2_P15_Y7_UO691,R15_F15_m17f2_P17_Y5_UO999,R2_F2_m2f19_P2_Y5_UO82,MXY,1,0.0,0,0,0.0,0,0,0,-9999.0,0.375,1,P1_CV0,1,0,2,1,1
8,0.07103605819788694,0.08712929970154071,RD8_F13_m13f18_P13_Y7_UO234,RD13_F18_m8f18_P8_Y5_UO972,R18_F18_m13f18_P13_Y5_UO848,MXY,1,0.0,0,0,0.0,0,0,0,-9999.0,0.65625,1,P1_CV0,1,2,0,1,1
8,0.07103605819788694,0.08712929970154071,RD8_F18_m18f13_P18_Y7_UO171,RD18_F13_m13f9_P13_Y5_UO147,R13_F13_m15f17_P15_Y2_UO348,FXX,1,0.0,0,0,0.0,0,0,0,-9999.0,0.625,1,P1_CV0,1,1,1,1,1
8,0.07103605819788694,0.08712929970154071,RD8_F15_m15f2_P15_Y7_UO655,RD15_F2_m19f17_P19_Y5_UO966,R2_F2_m2f3_P2_Y5_UO184,FXX,1,0.0,0,0,0.0,0,0,0,-9999.0,0.53125,1,P1_CV0,1,2,0,1,1
8,0.07103605819788694,0.08712929970154071,RD8_F15_m15f2_P15_Y7_UO492,R15_F15_m17f2_P17_Y5_UO999,R2_F2_m2f3_P2_Y5_UO184,MXY,1,0.0,0,0,0.0,0,0,0,-9999.0,0.5,1,P1_CV0,1,0,2,1,1
8,0.07103605819788694,0.08712929970154071,RD8_F15_m15f2_P15_Y6_UO1066,RD15_F8_m8f13_P8_Y4_UO52,RD2_F19_m19f2_P19_Y3_UO562,FXX,2,0.0,1,0,1.0,0,0,0,-9999.0,0.5,1,P1_CV0,1,1,1,2,0
8,0.07103605819788694,0.08712929970154071,RD8_F13_m13f18_P13_Y6_UO766,RD13_F18_m18f13_P18_Y4_UO783,R18_F18_m8f13_P8_Y4_UO48,MXY,2,0.0,1,0,0.0,0,0,0,-9999.0,0.4375,1,P1_CV0,1,1,1,1,1
8,0.07103605819788694,0.08712929970154071,RD8_F15_m15f2_P15_Y6_UO206,RD15_F8_m15f17_P15_Y4_UO865,RD2_F15_m15f17_P15_Y4_UO118,FXX,2,0.0,1,0,1.0,0,0,0,-9999.0,0.46875,1,P1_CV0,1,1,1,1,1
8,0.07103605819788694,0.08712929970154071,RD8_F15_m19f17_P19_Y5_UO966,RD19_F2_m2f19_P2_Y3_UO359,RD17_F3_m3f17_P3_Y3_UO808,FXX,3,0.0,1,0,1.0,0,0,0,-9999.0,0.5,1,P1_CV0,1,2,0,2,0
8,0.07103605819788694,0.08712929970154071,R8_F8_m18f13_P18_Y6_UO59,RD18_F8_m15f17_P15_Y4_UO863,RD13_F18_m13f18_P13_Y4_UO965,FXX,2,0.0,1,0,1.0,0,0,0,-9999.0,0.4375,1,P2_CV0,1,1,1,0,2
8,0.07103605819788694,0.08712929970154071,R8_F8_m15f17_P15_Y6_UO1048,RD15_F8_m15f2_P15_Y4_UO739,RD17_F3_m17f3_P17_Y4_UO1413,FXX,2,0.0,1,0,1.0,0,0,0,-9999.0,0.4375,1,P2_CV0,1,1,1,1,1
8,0.07103605819788694,0.08712929970154071,R8_F8_m15f17_P15_Y6_UO1049,RD15_F8_m15f2_P15_Y4_UO739,RD17_F3_m17f3_P17_Y4_UO1413,MXY,2,0.0,1,0,0.0,0,0,0,-9999.0,0.4375,1,P2_CV0,1,2,0,1,1
8,0.07103605819788694,0.08712929970154071,R8_F8_m15f3_P15_Y5_UO369,RD15_F17_m3f17_P3_Y3_UO481,R3_F3_m17f3_P17_Y2_UO740,MXY,3,0.0,1,0,0.0,0,0,0,-9999.0,0.625,1,P2_CV0,1,2,0,1,1
8,0.07103605819788694,0.08712929970154071,R8_F8_m8f18_P8_Y7_UO368,R8_F8_m8f18_P8_Y5_UO644,R18_F18_m18f13_P18_Y4_UO1167,FXX,1,0.0,0,0,0.0,0,0,0,-9999.0,0.5,1,P7_CV0,1,1,1,1,1
8,0.07103605819788694,0.08712929970154071,R8_F8_m8f18_P8_Y7_UO65,R8_F8_m8f18_P8_Y5_UO644,RD18_F8_m15f19_P15_Y5_UO755,FXX,1,0.0,0,0,0.0,0,0,0,-9999.0,0.5625,1,P7_CV0,1,1,1,2,0
8,0.07103605819788694,0.08712929970154071,R8_F8_m8f18_P8_Y7_UO371,R8_F8_m8f18_P8_Y5_UO644,R18_F18_m18f13_P18_Y4_UO1167,FXX,1,0.0,0,0,0.0,0,0,0,-9999.0,0.5,1,P7_CV0,1,1,1,1,1
8,0.07103605819788694,0.08712929970154071,R8_F8_m8f18_P8_Y7_UO66,R8_F8_m8f18_P8_Y5_UO644,RD18_F8_m15f19_P15_Y5_UO755,MXY,1,0.0,0,0,0.0,0,0,0,-9999.0,0.5625,1,P7_CV0,1,1,1,2,0
8,0.07103605819788694,0.08712929970154071,R8_F8_m8f18_P8_Y7_UO367,R8_F8_m8f18_P8_Y5_UO644,R18_F18_m18f13_P18_Y4_UO1167,FXX,1,0.0,0,0,0.0,0,0,0,-9999.0,0.5,1,P7_CV0,1,1,1,1,1
8,0.07103605819788694,0.08712929970154071,R8_F8_m8f18_P8_Y7_UO369,R8_F8_m8f18_P8_Y5_UO644,R18_F18_m18f13_P18_Y4_UO1167,MXY,1,0.0,0,0,0.0,0,0,0,-9999.0,0.5,1,P7_CV0,1,1,1,1,1
8,0.07103605819788694,0.08712929970154071,RD8_F13_m18f13_P18_Y6_UO809,R18_F18_m18f13_P18_Y4_UO254,R13_F13_m13f18_P13_Y4_UO706,MXY,2,0.0,1,0,0.0,0,0,0,-9999.0,0.4375,1,P7_CV0,1,1,1,1,1
8,0.07103605819788694,0.08712929970154071,R8_F8_m15f19_P15_Y6_UO1488,R15_F15_m8f15_P8_Y4_UO302,R19_F19_m19f2_P19_Y3_UO1067,FXX,2,0.0,1,0,1.0,0,0,0,-9999.0,0.6875,1,P7_CV0,1,2,0,2,0
8,0.07103605819788694,0.08712929970154071,RD8_F18_m18f13_P18_Y6_UO1428,R18_F18_m8f18_P8_Y4_UO1041,RD13_F18_m13f18_P13_Y4_UO74,MXY,2,0.0,1,0,0.0,0,0,0,-9999.0,0.46875,1,P7_CV0,1,1,1,1,1
8,0.07103605819788694,0.08712929970154071,R8_F8_m18f13_P18_Y6_UO534,RD18_F13_m8f13_P8_Y4_UO354,RD13_F18_m18f13_P18_Y4_UO253,FXX,2,0.0,1,0,1.0,0,0,0,-9999.0,0.5625,1,P7_CV0,1,2,0,0,2
8,0.07103605819788694,0.08712929970154071,R8_F8_m18f13_P18_Y6_UO84,R18_F18_m18f13_P18_Y4_UO493,R13_F13_m13f18_P13_Y4_UO706,FXX,2,0.0,1,0,1.0,0,0,0,-9999.0,0.34375,1,P7_CV0,1,2,0,2,0
8,0.07103605819788694,0.08712929970154071,R8_F8_m8f18_P8_Y5_UO644,R8_F8_m18f13_P18_Y3_UO900,R18_F18_m18f13_P18_Y2_UO147,FXX,3,0.0,1,0,1.0,0,0,0,-9999.0,0.625,1,P7_CV0,1,2,0,2,0
8,0.07103605819788694,0.08712929970154071,RD8_F16_m16f14_P16_Y6_UO1222,R16_F16_m16f3_P16_Y4_UO221,RD14_F16_m4f7_P4_Y4_UO687,FXX,2,0.0,1,0,1.0,0,0,0,-9999.0,0.53125,1,P9_CV0,1,2,0,0,2
9,0.02021839744032572,0.832619845547938,R9_F9_m9f18_P9_Y6_UO10,RD9_F16_m16f12_P16_Y4_UO632,R18_F18_m13f18_P13_Y4_UO157,FXX,2,0.0,1,0,1.0,0,0,0,-9999.0,0.4375,1,P0_CV0,1,1,1,0,2
9,0.02021839744032572,0.832619845547938,RD9_F14_m14f9_P14_Y7_UO732,RD14_F16_m16f13_P16_Y5_UO284,R9_F9_m9f14_P9_Y5_UO129,MXY,1,0.0,0,0,0.0,0,0,0,-9999.0,0.6875,1,P11_CV0,1,2,0,0,2
9,0.02021839744032572,0.832619845547938,R9_F9_m9f14_P9_Y7_UO139,RD9_F14_m14f9_P14_Y5_UO554,R14_F14_m12f3_P12_Y4_UO212,MXY,1,0.0,0,0,0.0,0,0,0,-9999.0,0.5,1,P11_CV0,1,1,1,1,1
9,0.02021839744032572,0.832619845547938,R9_F9_m9f14_P9_Y7_UO136,RD9_F14_m14f9_P14_Y5_UO554,R14_F14_m12f3_P12_Y4_UO212,FXX,1,0.0,0,0,0.0,0,0,0,-9999.0,0.5,1,P11_CV0,1,1,1,1,1
9,0.02021839744032572,0.832619845547938,R9_F9_m9f14_P9_Y7_UO133,RD9_F14_m14f9_P14_Y5_UO554,R14_F14_m12f3_P12_Y4_UO212,MXY,1,0.0,0,0,0.0,0,0,0,-9999.0,0.5,1,P11_CV0,1,2,0,1,1
9,0.02021839744032572,0.832619845547938,R9_F9_m9f14_P9_Y7_UO137,RD9_F14_m14f9_P14_Y5_UO554,R14_F14_m12f3_P12_Y4_UO212,MXY,1,0.0,0,0,0.0,0,0,0,-9999.0,0.5,1,P11_CV0,1,1,1,1,1
9,0.02021839744032572,0.832619845547938,RD9_F14_m14f9_P14_Y7_UO730,RD14_F16_m16f13_P16_Y5_UO284,R9_F9_m9f14_P9_Y5_UO129,MXY,1,0.0,0,0,0.0,0,0,0,-9999.0,0.6875,1,P11_CV0,1,1,1,0,2
9,0.02021839744032572,0.832619845547938,R9_F9_m9f14_P9_Y7_UO140,RD9_F14_m14f9_P14_Y5_UO554,R14_F14_m12f3_P12_Y4_UO212,FXX,1,0.0,0,0,0.0,0,0,0,-9999.0,0.5,1,P11_CV0,1,2,0,1,1
9,0.02021839744032572,0.832619845547938,RD9_F14_m16f12_P16_Y6_UO1244,RD16_F13_m18f13_P18_Y4_UO601,RD12_F1_m1f12_P1_Y4_UO1036,FXX,2,0.0,1,0,1.0,0,0,0,-9999.0,0.375,1,P11_CV0,1,1,1,1,1
9,0.02021839744032572,0.832619845547938,RD9_F14_m14f9_P14_Y7_UO737,RD14_F16_m16f13_P16_Y5_UO284,R9_F9_m9f14_P9_Y5_UO129,FXX,1,0.0,0,0,0.0,0,0,0,-9999.0,0.6875,1,P12_CV0,1,2,0,0,2
9,0.02021839744032572,0.832619845547938,RD9_F14_m14f9_P14_Y7_UO744,RD14_F16_m16f13_P16_Y5_UO284,R9_F9_m9f14_P9_Y5_UO730,FXX,1,0.0,0,0,0.0,0,0,0,-9999.0,0.59375,1,P12_CV0,1,1,1,0,2
9,0.02021839744032572,0.832619845547938,RD9_F14_m14f9_P14_Y7_UO739,RD14_F16_m16f13_P16_Y5_UO284,R9_F9_m9f14_P9_Y5_UO730,FXX,1,0.0,0,0,0.0,0,0,0,-9999.0,0.59375,1,P12_CV0,1,1,1,0,2
9,0.02021839744032572,0.832619845547938,RD9_F13_m13f18_P13_Y7_UO239,RD13_F18_m8f18_P8_Y5_UO972,R18_F18_m13f18_P13_Y5_UO848,FXX,1,0.0,0,0,0.0,0,0,0,-9999.0,0.65625,1,P12_CV0,1,2,0,1,1
9,0.02021839744032572,0.832619845547938,RD9_F14_m14f9_P14_Y7_UO742,RD14_F16_m16f13_P16_Y5_UO284,R9_F9_m9f14_P9_Y5_UO730,FXX,1,0.0,0,0,0.0,0,0,0,-9999.0,0.59375,1,P12_CV0,1,1,1,0,2
9,0.02021839744032572,0.832619845547938,RD9_F14_m14f9_P14_Y7_UO733,RD14_F16_m16f13_P16_Y5_UO284,R9_F9_m9f14_P9_Y5_UO129,MXY,1,0.0,0,0,0.0,0,0,0,-9999.0,0.6875,1,P12_CV0,1,1,1,0,2
9,0.02021839744032572,0.832619845547938,RD9_F14_m16f13_P16_Y6_UO39,RD16_F13_m18f13_P18_Y4_UO601,R13_F13_m13f18_P13_Y4_UO516,MXY,2,0.0,1,0,0.0,0,0,0,-9999.0,0.25,1,P12_CV0,1,1,1,1,1
9,0.02021839744032572,0.832619845547938,RD9_F18_m18f13_P18_Y6_UO805,RD18_F13_m13f18_P13_Y4_UO399,RD13_F18_m8f18_P8_Y4_UO985,FXX,2,0.0,1,0,1.0,0,0,0,-9999.0,0.4375,1,P12_CV0,1,2,0,2,0
9,0.02021839744032572,0.832619845547938,R9_F9_m9f14_P9_Y6_UO922,RD9_F18_m8f18_P8_Y4_UO870,RD14_F9_m14f16_P14_Y4_UO1431,MXY,2,0.0,1,0,0.0,0,0,0,-9999.0,0.5,1,P12_CV0,1,2,0,2,0
9,0.02021839744032572,0.832619845547938,RD9_F14_m16f13_P16_Y5_UO284,RD16_F3_m17f3_P17_Y3_UO939,R13_F13_m18f13_P18_Y3_UO892,FXX,3,0.0,1,0,1.0,0,0,0,-9999.0,0.625,1,P12_CV0,1,1,1,0,2
9,0.02021839744032572,0.832619845547938,RD9_F16_m16f14_P16_Y4_UO265,RD16_F12_m12f16_P12_Y2_UO725,R14_F14_m16f13_P16_Y2_UO104,FXX,4,0.0,1,0,1.0,0,0,0,-9999.0,0.375,1,P12_CV0,1,0,2,1,1
9,0.02021839744032572,0.832619845547938,R9_F9_m9f14_P9_Y7_UO5,RD9_F14_m16f14_P16_Y5_UO267,RD14_F9_m14f9_P14_Y4_UO1030,FXX,1,0.0,0,0,0.0,0,0,0,-9999.0,0.5625,1,P13_CV0,1,0,2,0,2
9,0.02021839744032572,0.832619845547938,R9_F9_m9f14_P9_Y7_UO4,RD9_F14_m16f14_P16_Y5_UO267,RD14_F9_m14f9_P14_Y4_UO1030,MXY,1,0.0,0,0,0.0,0,0,0,-9999.0,0.5625,1,P13_CV0,1,1,1,0,2
9,0.02021839744032572,0.832619845547938,R9_F9_m9f14_P9_Y7_UO258,RD9_F14_m14f16_P14_Y5_UO576,R14_F14_m9f14_P9_Y4_UO907,MXY,1,0.0,0,0,0.0,0,0,0,-9999.0,0.28125,1,P13_CV0,1,0,2,1,1
9,0.02021839744032572,0.832619845547938,RD9_F14_m14f9_P14_Y7_UO741,RD14_F16_m16f13_P16_Y5_UO284,R9_F9_m9f14_P9_Y5_UO730,FXX,1,0.0,0,0,0.0,0,0,0,-9999.0,0.59375,1,P13_CV0,1,1,1,0,2
9,0.02021839744032572,0.832619845547938,RD9_F14_m14f9_P14_Y7_UO474,RD14_F9_m14f9_P14_Y5_UO159,R9_F9_m9f14_P9_Y5_UO730,FXX,1,0.0,0,0,0.0,0,0,0,-9999.0,0.625,1,P13_CV0,1,1,1,0,2
9,0.02021839744032572,0.832619845547938,RD9_F14_m14f9_P14_Y7_UO743,RD14_F16_m16f13_P16_Y5_UO284,R9_F9_m9f14_P9_Y5_UO730,MXY,1,0.0,0,0,0.0,0,0,0,-9999.0,0.59375,1,P13_CV0,1,1,1,0,2
9,0.02021839744032572,0.832619845547938,R9_F9_m9f14_P9_Y6_UO1404,RD9_F16_m16f3_P16_Y4_UO728,RD14_F9_m14f16_P14_Y4_UO1431,MXY,2,0.0,1,0,0.0,0,0,0,-9999.0,0.4375,1,P13_CV0,1,1,1,1,1
9,0.02021839744032572,0.832619845547938,R9_F9_m9f14_P9_Y6_UO1405,RD9_F16_m16f3_P16_Y4_UO728,RD14_F9_m14f16_P14_Y4_UO1431,FXX,2,0.0,1,0,1.0,0,0,0,-9999.0,0.4375,1,P13_CV0,1,2,0,1,1
9,0.02021839744032572,0.832619845547938,RD9_F14_m14f9_P14_Y4_UO1030,RD14_F9_m14f9_P14_Y2_UO1370,R9_F9_m9f13_P9_Y2_UO196,MXY,4,0.0,1,0,0.0,0,0,0,-9999.0,0.5625,1,P13_CV0,1,1,1,1,1
9,0.02021839744032572,0.832619845547938,R9_F9_m9f18_P9_Y7_UO80,RD9_F14_m9f14_P9_Y5_UO191,RD18_F8_m15f19_P15_Y5_UO755,FXX,1,0.0,0,0,0.0,0,0,0,-9999.0,0.625,1,P15_CV0,1,1,1,1,1
9,0.02021839744032572,0.832619845547938,RD9_F14_m14f9_P14_Y7_UO473,RD14_F9_m14f9_P14_Y5_UO159,R9_F9_m9f14_P9_Y5_UO730,FXX,1,0.0,0,0,0.0,0,0,0,-9999.0,0.625,1,P15_CV0,1,0,2,0,2
9,0.02021839744032572,0.832619845547938,RD9_F14_m14f9_P14_Y7_UO589,RD14_F9_m14f9_P14_Y5_UO855,RD9_F14_m14f9_P14_Y5_UO347,FXX,1,0.0,0,0,0.0,0,0,0,-9999.0,0.5625,1,P15_CV0,1,1,1,0,2
9,0.02021839744032572,0.832619845547938,RD9_F14_m14f9_P14_Y7_UO544,R14_F14_m14f9_P14_Y5_UO856,RD9_F14_m16f14_P16_Y5_UO260,MXY,1,0.0,0,0,0.0,0,0,0,-9999.0,0.5625,1,P15_CV0,1,1,1,1,1
9,0.02021839744032572,0.832619845547938,R9_F9_m9f18_P9_Y7_UO250,RD9_F14_m9f14_P9_Y5_UO126,RD18_F13_m18f13_P18_Y4_UO583,FXX,1,0.0,0,0,0.0,0,0,0,-9999.0,0.5625,1,P15_CV0,1,0,2,1,1
9,0.02021839744032572,0.832619845547938,R9_F9_m9f13_P9_Y7_UO32,RD9_F14_m9f18_P9_Y5_UO738,R13_F13_m13f18_P13_Y4_UO312,MXY,1,0.0,0,0,0.0,0,0,0,-9999.0,0.5625,1,P15_CV0,1,1,1,0,2
9,0.02021839744032572,0.832619845547938,R9_F9_m9f18_P9_Y7_UO79,RD9_F14_m9f14_P9_Y5_UO191,RD18_F8_m15f19_P15_Y5_UO755,MXY,1,0.0,0,0,0.0,0,0,0,-9999.0,0.625,1,P15_CV0,1,2,0,2,0
9,0.02021839744032572,0.832619845547938,R9_F9_m9f14_P9_Y7_UO81,RD9_F14_m9f14_P9_Y5_UO1015,RD14_F9_m14f9_P14_Y5_UO143,MXY,1,0.0,0,0,0.0,0,0,0,-9999.0,0.53125,1,P15_CV0,1,2,0,0,2
9,0.02021839744032572,0.832619845547938,R9_F9_m9f14_P9_Y7_UO96,RD9_F14_m14f9_P14_Y5_UO349,R14_F14_m12f3_P12_Y4_UO212,MXY,1,0.0,0,0,0.0,0,0,0,-9999.0,0.5,1,P15_CV0,1,1,1,0,2
9,0.02021839744032572,0.832619845547938,R9_F9_m9f14_P9_Y7_UO92,RD9_F14_m14f9_P14_Y5_UO309,R14_F14_m12f3_P12_Y4_UO212,FXX,1,0.0,0,0,0.0,0,0,0,-9999.0,0.5,1,P15_CV0,1,2,0,0,2
9,0.02021839744032572,0.832619845547938,R9_F9_m9f13_P9_Y7_UO31,RD9_F14_m9f18_P9_Y5_UO738,R13_F13_m13f18_P13_Y4_UO312,FXX,1,0.0,0,0,0.0,0,0,0,-9999.0,0.5625,1,P15_CV0,1,2,0,1,1
9,0.02021839744032572,0.832619845547938,R9_F9_m9f13_P9_Y7_UO22,RD9_F14_m9f18_P9_Y5_UO738,R13_F13_m15f17_P15_Y2_UO348,MXY,1,0.0,0,0,0.0,0,0,0,-9999.0,0.59375,1,P15_CV0,1,2,0,1,1
9,0.02021839744032572,0.832619845547938,RD9_F14_m14f9_P14_Y7_UO543,R14_F14_m14f9_P14_Y5_UO856,RD9_F14_m16f14_P16_Y5_UO260,FXX,1,0.0,0,0,0.0,0,0,0,-9999.0,0.5625,1,P15_CV0,1,1,1,1,1
9,0.02021839744032572,0.832619845547938,R9_F9_m9f18_P9_Y7_UO78,RD9_F14_m9f14_P9_Y5_UO191,RD18_F8_m15f19_P15_Y5_UO755,FXX,1,0.0,0,0,0.0,0,0,0,-9999.0,0.625,1,P15_CV0,1,1,1,2,0
9,0.02021839744032572,0.832619845547938,R9_F9_m9f14_P9_Y7_UO95,RD9_F14_m14f9_P14_Y5_UO349,R14_F14_m12f3_P12_Y4_UO212,MXY,1,0.0,0,0,0.0,0,0,0,-9999.0,0.5,1,P15_CV0,1,1,1,0,2
9,0.02021839744032572,0.832619845547938,R9_F9_m9f18_P9_Y7_UO252,RD9_F14_m9f14_P9_Y5_UO126,RD18_F13_m18f13_P18_Y4_UO583,FXX,1,0.0,0,0,0.0,0,0,0,-9999.0,0.5625,1,P15_CV0,1,1,1,0,2
9,0.02021839744032572,0.832619845547938,R9_F9_m9f14_P9_Y7_UO91,RD9_F14_m14f9_P14_Y5_UO309,R14_F14_m12f3_P12_Y4_UO212,MXY,1,0.0,0,0,0.0,0,0,0,-9999.0,0.5,1,P15_CV0,1,1,1,1,1
9,0.02021839744032572,0.832619845547938,RD9_F14_m16f14_P16_Y5_UO258,RD16_F3_m17f3_P17_Y3_UO939,RD14_F9_m14f9_P14_Y3_UO154,MXY,3,0.0,1,0,0.0,0,0,0,-9999.0,0.5625,1,P15_CV0,1,0,2,1,1
9,0.02021839744032572,0.832619845547938,R9_F9_m9f14_P9_Y5_UO191,RD9_F14_m14f9_P14_Y3_UO146,R14_F14_m-1f-1_P16_Y-1_U19,FXX,3,0.0,1,0,1.0,0,0,0,-9999.0,0.75,1,P15_CV0,1,2,0,1,1
9,0.02021839744032572,0.832619845547938,RD9_F14_m14f9_P14_Y5_UO353,RD14_F9_m14f9_P14_Y3_UO944,RD9_F14_m14f9_P14_Y3_UO312,FXX,3,0.0,1,0,1.0,0,0,0,-9999.0,0.5,1,P15_CV0,1,0,2,0,2
9,0.02021839744032572,0.832619845547938,R9_F9_m9f14_P9_Y7_UO29,R9_F9_m9f14_P9_Y5_UO502,R14_F14_m14f16_P14_Y5_UO577,FXX,1,0.0,0,0,0.0,0,0,0,-9999.0,0.375,1,P16_CV0,1,0,2,0,2
9,0.02021839744032572,0.832619845547938,R9_F9_m9f14_P9_Y7_UO263,R9_F9_m9f14_P9_Y5_UO502,R14_F14_m14f9_P14_Y4_UO1360,MXY,1,0.0,0,0,0.0,0,0,0,-9999.0,0.5,1,P16_CV0,1,0,2,1,1
9,0.02021839744032572,0.832619845547938,R9_F9_m9f18_P9_Y7_UO254,RD9_F14_m9f14_P9_Y5_UO126,RD18_F13_m18f13_P18_Y4_UO583,MXY,1,0.0,0,0,0.0,0,0,0,-9999.0,0.5625,1,P16_CV0,1,1,1,0,2
9,0.02021839744032572,0.832619845547938,RD9_F14_m14f9_P14_Y7_UO588,RD14_F9_m14f9_P14_Y5_UO855,RD9_F14_m14f9_P14_Y5_UO347,MXY,1,0.0,0,0,0.0,0,0,0,-9999.0,0.5625,1,P16_CV0,1,0,2,1,1
9,0.02021839744032572,0.832619845547938,R9_F9_m9f18_P9_Y7_UO253,RD9_F14_m9f14_P9_Y5_UO126,RD18_F13_m18f13_P18_Y4_UO583,FXX,1,0.0,0,0,0.0,0,0,0,-9999.0,0.5625,1,P16_CV0,1,2,0,0,2
9,0.02021839744032572,0.832619845547938,RD9_F14_m14f9_P14_Y7_UO613,R14_F14_m14f9_P14_Y5_UO426,RD9_F14_m14f9_P14_Y5_UO347,MXY,1,0.0,0,0,0.0,0,0,0,-9999.0,0.59375,1,P16_CV0,1,1,1,1,1
9,0.02021839744032572,0.832619845547938,R9_F9_m9f14_P9_Y7_UO662,RD9_F14_m14f9_P14_Y5_UO554,R14_F14_m16f13_P16_Y5_UO278,MXY,1,0.0,0,0,0.0,0,0,0,-9999.0,0.59375,1,P16_CV0,1,2,0,1,1
9,0.02021839744032572,0.832619845547938,RD9_F14_m14f9_P14_Y7_UO612,R14_F14_m14f9_P14_Y5_UO426,RD9_F14_m14f9_P14_Y5_UO347,MXY,1,0.0,0,0,0.0,0,0,0,-9999.0,0.59375,1,P16_CV0,1,1,1,1,1
9,0.02021839744032572,0.832619845547938,RD9_F14_m9f14_P9_Y6_UO1531,RD9_F16_m16f3_P16_Y4_UO728,RD14_F16_m12f3_P12_Y4_UO896,FXX,2,0.0,1,0,1.0,0,0,0,-9999.0,0.375,1,P16_CV0,1,1,1,1,1
9,0.02021839744032572,0.832619845547938,R9_F9_m9f14_P9_Y7_UO82,RD9_F14_m9f14_P9_Y5_UO1015,RD14_F9_m14f9_P14_Y5_UO143,MXY,1,0.0,0,0,0.0,0,0,0,-9999.0,0.53125,1,P17_CV0,1,2,0,0,2
9,0.02021839744032572,0.832619845547938,RD9_F14_m16f13_P16_Y6_UO38,RD16_F13_m18f13_P18_Y4_UO601,R13_F13_m13f18_P13_Y4_UO516,FXX,2,0.0,1,0,1.0,0,0,0,-9999.0,0.25,1,P17_CV0,1,1,1,1,1
9,0.02021839744032572,0.832619845547938,RD9_F13_m13f18_P13_Y6_UO284,R13_F13_m13f18_P13_Y4_UO144,R18_F18_m18f13_P18_Y4_UO684,MXY,2,0.0,1,0,0.0,0,0,0,-9999.0,0.59375,1,P17_CV0,1,2,0,1,1
9,0.02021839744032572,0.832619845547938,RD9_F14_m16f3_P16_Y6_UO218,RD16_F13_m13f18_P13_Y4_UO1340,R3_F3_m19f2_P19_Y4_UO457,FXX,2,0.0,1,0,1.0,0,0,0,-9999.0,0.53125,1,P17_CV0,1,2,0,1,1
9,0.02021839744032572,0.832619845547938,RD9_F14_m14f9_P14_Y6_UO521,RD14_F9_m14f9_P14_Y4_UO576,RD9_F16_m16f13_P16_Y3_UO966,MXY,2,0.0,1,0,0.0,0,0,0,-9999.0,0.375,1,P17_CV0,1,2,0,1,1
9,0.02021839744032572,0.832619845547938,RD9_F14_m16f14_P16_Y6_UO123,RD16_F13_m13f18_P13_Y4_UO1340,RD14_F16_m16f12_P16_Y4_UO934,FXX,2,0.0,1,0,1.0,0,0,0,-9999.0,0.71875,1,P17_CV0,1,2,0,1,1
9,0.02021839744032572,0.832619845547938,RD9_F14_m14f9_P14_Y5_UO143,RD14_F9_m14f9_P14_Y3_UO944,RD9_F14_m14f16_P14_Y3_UO85,MXY,3,0.0,1,0,0.0,0,0,0,-9999.0,0.5,1,P17_CV0,1,1,1,0,2
9,0.02021839744032572,0.832619845547938,RD9_F14_m14f16_P14_Y6_UO902,R14_F14_m16f3_P16_Y4_UO730,R16_F16_m4f12_P4_Y4_UO663,FXX,2,0.0,1,0,1.0,0,0,0,-9999.0,0.5,1,P18_CV0,1,1,1,1,1
9,0.02021839744032572,0.832619845547938,R9_F9_m9f13_P9_Y7_UO23,RD9_F14_m9f18_P9_Y5_UO738,R13_F13_m15f17_P15_Y2_UO348,FXX,1,0.0,0,0,0.0,0,0,0,-9999.0,0.59375,1,P1_CV0,1,2,0,0,2
9,0.02021839744032572,0.832619845547938,R9_F9_m9f18_P9_Y7_UO484,RD9_F14_m16f13_P16_Y5_UO269,RD18_F8_m15f2_P15_Y4_UO1014,MXY,1,0.0,0,0,0.0,0,0,0,-9999.0,0.59375,1,P1_CV0,1,2,0,1,1
9,0.02021839744032572,0.832619845547938,R9_F9_m9f18_P9_Y7_UO480,RD9_F14_m16f13_P16_Y5_UO269,RD18_F8_m15f2_P15_Y4_UO1014,FXX,1,0.0,0,0,0.0,0,0,0,-9999.0,0.59375,1,P1_CV0,1,2,0,1,1
9,0.02021839744032572,0.832619845547938,RD9_F18_m18f13_P18_Y7_UO160,RD18_F13_m13f9_P13_Y5_UO147,R13_F13_m15f17_P15_Y2_UO348,MXY,1,0.0,0,0,0.0,0,0,0,-9999.0,0.625,1,P1_CV0,1,2,0,1,1
9,0.02021839744032572,0.832619845547938,R9_F9_m9f18_P9_Y7_UO482,RD9_F14_m16f13_P16_Y5_UO269,RD18_F8_m15f2_P15_Y4_UO1014,MXY,1,0.0,0,0,0.0,0,0,0,-9999.0,0.59375,1,P1_CV0,1,2,0,1,1
9,0.02021839744032572,0.832619845547938,R9_F9_m13f18_P13_Y6_UO767,RD13_F18_m18f13_P18_Y4_UO783,R18_F18_m8f13_P8_Y4_UO48,MXY,2,0.0,1,0,0.0,0,0,0,-9999.0,0.4375,1,P1_CV0,1,1,1,1,1
9,0.02021839744032572,0.832619845547938,R9_F9_m9f14_P9_Y7_UO3,RD9_F14_m16f14_P16_Y5_UO267,RD14_F9_m14f9_P14_Y4_UO1030,MXY,1,0.0,0,0,0.0,0,0,0,-9999.0,0.5625,1,P2_CV0,1,0,2,1,1
9,0.02021839744032572,0.832619845547938,R9_F9_m9f14_P9_Y7_UO11,RD9_F14_m16f14_P16_Y5_UO267,RD14_F9_m14f9_P14_Y4_UO1030,FXX,1,0.0,0,0,0.0,0,0,0,-9999.0,0.5625,1,P2_CV0,1,1,1,1,1
9,0.02021839744032572,0.832619845547938,R9_F9_m9f14_P9_Y7_UO12,RD9_F14_m16f14_P16_Y5_UO267,RD14_F9_m14f9_P14_Y4_UO1030,FXX,1,0.0,0,0,0.0,0,0,0,-9999.0,0.5625,1,P2_CV0,1,1,1,1,1
9,0.02021839744032572,0.832619845547938,RD9_F14_m16f3_P16_Y6_UO66,R16_F16_m16f12_P16_Y4_UO155,R3_F3_m17f3_P17_Y4_UO1415,MXY,2,0.0,1,0,0.0,0,0,0,-9999.0,0.5625,1,P2_CV0,1,1,1,1,1
9,0.02021839744032572,0.832619845547938,RD9_F14_m14f16_P14_Y6_UO228,RD14_F9_m9f14_P9_Y4_UO546,R16_F16_m4f12_P4_Y4_UO1279,FXX,2,0.0,1,0,1.0,0,0,0,-9999.0,0.71875,1,P3_CV0,1,2,0,2,0
9,0.02021839744032572,0.832619845547938,RD9_F14_m14f9_P14_Y6_UO1173,R14_F14_m16f3_P16_Y4_UO730,RD9_F16_m16f13_P16_Y3_UO966,MXY,2,0.0,1,0,0.0,0,0,0,-9999.0,0.40625,1,P5_CV0,1,1,1,1,1
9,0.02021839744032572,0.832619845547938,R9_F9_m14f16_P14_Y6_UO899,R14_F14_m16f3_P16_Y4_UO730,R16_F16_m4f12_P4_Y4_UO663,MXY,2,0.0,1,0,0.0,0,0,0,-9999.0,0.5,1,P5_CV0,1,1,1,1,1
9,0.02021839744032572,0.832619845547938,RD9_F14_m14f16_P14_Y6_UO900,R14_F14_m16f3_P16_Y4_UO730,R16_F16_m4f12_P4_Y4_UO663,MXY,2,0.0,1,0,0.0,0,0,0,-9999.0,0.5,1,P5_CV0,1,0,2,1,1
9,0.02021839744032572,0.832619845547938,RD9_F14_m14f9_P14_Y6_UO1179,R14_F14_m16f3_P16_Y4_UO730,RD9_F16_m16f13_P16_Y3_UO966,FXX,2,0.0,1,0,1.0,0,0,0,-9999.0,0.40625,1,P5_CV0,1,2,0,1,1
9,0.02021839744032572,0.832619845547938,R9_F9_m9f14_P9_Y7_UO26,R9_F9_m9f14_P9_Y5_UO502,R14_F14_m14f16_P14_Y5_UO577,MXY,1,0.0,0,0,0.0,0,0,0,-9999.0,0.375,1,P6_CV0,1,0,2,1,1
9,0.02021839744032572,0.832619845547938,R9_F9_m9f14_P9_Y7_UO28,R9_F9_m9f14_P9_Y5_UO502,R14_F14_m14f16_P14_Y5_UO577,FXX,1,0.0,0,0,0.0,0,0,0,-9999.0,0.375,1,P6_CV0,1,0,2,1,1
9,0.02021839744032572,0.832619845547938,R9_F9_m9f14_P9_Y7_UO24,R9_F9_m9f14_P9_Y5_UO502,R14_F14_m14f16_P14_Y5_UO577,FXX,1,0.0,0,0,0.0,0,0,0,-9999.0,0.375,1,P6_CV0,1,1,1,1,1
9,0.02021839744032572,0.832619845547938,R9_F9_m16f13_P16_Y6_UO1336,RD16_F12_m12f1_P12_Y4_UO766,RD13_F18_m13f18_P13_Y4_UO74,FXX,2,0.0,1,0,1.0,0,0,0,-9999.0,0.53125,1,P6_CV0,1,1,1,2,0
9,0.02021839744032572,0.832619845547938,RD9_F14_m4f7_P4_Y5_UO62,RD4_F7_m7f12_P7_Y3_UO162,R7_F7_m7f10_P7_Y3_UO342,FXX,3,0.0,1,0,1.0,0,0,0,-9999.0,0.5625,1,P6_CV0,1,0,2,2,0
9,0.02021839744032572,0.832619845547938,R9_F9_m9f14_P9_Y7_UO260,R9_F9_m9f14_P9_Y5_UO502,R14_F14_m14f9_P14_Y4_UO1360,MXY,1,0.0,0,0,0.0,0,0,0,-9999.0,0.5,1,P8_CV0,1,0,2,1,1
9,0.02021839744032572,0.832619845547938,R9_F9_m9f14_P9_Y7_UO265,R9_F9_m9f14_P9_Y5_UO502,R14_F14_m14f9_P14_Y4_UO1360,FXX,1,0.0,0,0,0.0,0,0,0,-9999.0,0.5,1,P8_CV0,1,0,2,0,2
9,0.02021839744032572,0.832619845547938,R9_F9_m9f14_P9_Y6_UO369,R9_F9_m9f14_P9_Y4_UO543,RD14_F16_m16f3_P16_Y4_UO729,MXY,2,0.0,1,0,0.0,0,0,0,-9999.0,0.46875,1,P8_CV0,1,0,2,1,1
9,0.02021839744032572,0.832619845547938,RD9_F16_m14f9_P14_Y6_UO520,RD14_F9_m14f9_P14_Y4_UO576,RD9_F16_m16f13_P16_Y3_UO966,FXX,2,0.0,1,0,1.0,0,0,0,-9999.0,0.375,1,P8_CV0,1,1,1,1,1
9,0.02021839744032572,0.832619845547938,RD9_F14_m9f14_P9_Y6_UO352,R9_F9_m14f9_P14_Y4_UO1351,RD14_F16_m4f7_P4_Y4_UO687,FXX,2,0.0,1,0,1.0,0,0,0,-9999.0,0.5,1,P9_CV0,1,1,1,0,2
9,0.02021839744032572,0.832619845547938,RD9_F14_m16f14_P16_Y6_UO1084,R16_F16_m13f18_P13_Y4_UO1100,RD14_F16_m4f7_P4_Y4_UO687,MXY,2,0.0,1,0,0.0,0,0,0,-9999.0,0.5,1,P9_CV0,1,1,1,0,2
9,0.02021839744032572,0.832619845547938,RD9_F14_m16f14_P16_Y6_UO1085,R16_F16_m13f18_P13_Y4_UO1100,RD14_F16_m4f7_P4_Y4_UO687,FXX,2,0.0,1,0,1.0,0,0,0,-9999.0,0.5,1,P9_CV0,1,2,0,1,1
10,0.7781567509498505,0.8700121482468192,RD10_F11_m11f20_P11_Y7_UO621,R11_F11_m10f7_P10_Y5_UO102,RD20_F11_m10f11_P10_Y4_UO1241,MXY,1,0.0,0,0,0.0,0,0,0,-9999.0,0.5625,1,P0_CV0,1,2,0,1,1
10,0.7781567509498505,0.8700121482468192,RD10_F11_m11f20_P11_Y7_UO622,R11_F11_m10f7_P10_Y5_UO102,RD20_F11_m10f11_P10_Y4_UO1241,FXX,1,0.0,0,0,0.0,0,0,0,-9999.0,0.5625,1,P0_CV0,1,2,0,1,1
10,0.7781567509498505,0.8700121482468192,RD10_F11_m11f20_P11_Y7_UO699,R11_F11_m10f7_P10_Y5_UO102,RD20_F11_m10f11_P10_Y4_UO1241,FXX,1,0.0,0,0,0.0,0,0,0,-9999.0,0.5625,1,P0_CV0,1,2,0,1,1
10,0.7781567509498505,0.8700121482468192,RD10_F7_m4f12_P4_Y6_UO797,R4_F4_m4f12_P4_Y4_UO821,RD12_F16_m16f12_P16_Y4_UO148,FXX,2,0.0,1,0,1.0,0,0,0,-9999.0,0.59375,1,P0_CV0,1,0,2,2,0
10,0.7781567509498505,0.8700121482468192,RD10_F7_m7f4_P7_Y6_UO1274,R7_F7_m10f11_P10_Y4_UO1240,RD4_F12_m1f12_P1_Y4_UO167,MXY,2,0.0,1,0,0.0,0,0,0,-9999.0,0.3125,1,P0_CV0,1,1,1,0,2
10,0.7781567509498505,0.8700121482468192,R10_F10_m7f4_P7_Y6_UO160,R7_F7_m10f11_P10_Y4_UO1240,RD4_F7_m7f4_P7_Y4_UO848,FXX,2,0.0,1,0,1.0,0,0,0,-9999.0,0.53125,1,P0_CV0,1,1,1,1,1
10,0.7781567509498505,0.8700121482468192,RD10_F7_m7f4_P7_Y7_UO463,RD7_F4_m4f7_P4_Y5_UO67,RD4_F7_m4f7_P4_Y5_UO484,MXY,1,0.0,0,0,0.0,0,0,0,-9999.0,0.53125,1,P10_CV0,1,0,2,2,0
10,0.7781567509498505,0.8700121482468192,RD10_F7_m7f4_P7_Y7_UO465,RD7_F4_m4f7_P4_Y5_UO67,RD4_F7_m4f7_P4_Y5_UO484,MXY,1,0.0,0,0,0.0,0,0,0,-9999.0,0.53125,1,P10_CV0,1,0,2,2,0
10,0.7781567509498505,0.8700121482468192,RD10_F7_m7f4_P7_Y7_UO466,RD7_F4_m4f7_P4_Y5_UO67,RD4_F7_m4f7_P4_Y5_UO484,FXX,1,0.0,0,0,0.0,0,0,0,-9999.0,0.53125,1,P10_CV0,1,0,2,1,1
10,0.7781567509498505,0.8700121482468192,RD10_F7_m7f4_P7_Y7_UO600,R7_F7_m7f4_P7_Y5_UO566,RD4_F7_m4f7_P4_Y5_UO470,MXY,1,0.0,0,0,0.0,0,0,0,-9999.0,0.59375,1,P10_CV0,1,1,1,1,1
10,0.7781567509498505,0.8700121482468192,RD10_F7_m7f4_P7_Y7_UO604,R7_F7_m7f4_P7_Y5_UO566,RD4_F7_m4f7_P4_Y5_UO470,FXX,1,0.0,0,0,0.0,0,0,0,-9999.0,0.59375,1,P10_CV0,1,0,2,1,1
10,0.7781567509498505,0.8700121482468192,R10_F10_m10f7_P10_Y7_UO353,R10_F10_m7f4_P7_Y5_UO591,RD7_F10_m10f7_P10_Y5_UO901,FXX,1,0.0,0,0,0.0,0,0,0,-9999.0,0.4375,1,P10_CV0,1,1,1,1,1
10,0.7781567509498505,0.8700121482468192,R10_F10_m10f7_P10_Y7_UO355,R10_F10_m7f4_P7_Y5_UO591,RD7_F10_m10f7_P10_Y5_UO901,MXY,1,0.0,0,0,0.0,0,0,0,-9999.0,0.4375,1,P10_CV0,1,1,1,2,0
10,0.7781567509498505,0.8700121482468192,R10_F10_m10f7_P10_Y7_UO357,R10_F10_m7f4_P7_Y5_UO591,RD7_F10_m10f7_P10_Y5_UO901,FXX,1,0.0,0,0,0.0,0,0,0,-9999.0,0.4375,1,P10_CV0,1,1,1,0,2
10,0.7781567509498505,0.8700121482468192,R10_F10_m10f7_P10_Y7_UO358,R10_F10_m7f4_P7_Y5_UO591,RD7_F10_m10f7_P10_Y5_UO901,FXX,1,0.0,0,0,0.0,0,0,0,-9999.0,0.4375,1,P10_CV0,1,1,1,1,1
10,0.7781567509498505,0.8700121482468192,R10_F10_m10f7_P10_Y7_UO359,R10_F10_m7f4_P7_Y5_UO591,RD7_F10_m10f7_P10_Y5_UO901,FXX,1,0.0,0,0,0.0,0,0,0,-9999.0,0.4375,1,P10_CV0,1,1,1,1,1
10,0.7781567509498505,0.8700121482468192,R10_F10_m10f20_P10_Y7_UO576,RD10_F7_m10f11_P10_Y5_UO715,RD20_F11_m11f20_P11_Y5_UO396,FXX,1,0.0,0,0,0.0,0,0,0,-9999.0,0.65625,1,P10_CV0,1,1,1,1,1
10,0.7781567509498505,0.8700121482468192,R10_F10_m10f20_P10_Y7_UO581,RD10_F7_m10f11_P10_Y5_UO715,RD20_F11_m11f20_P11_Y5_UO396,MXY,1,0.0,0,0,0.0,0,0,0,-9999.0,0.65625,1,P10_CV0,1,1,1,1,1
10,0.7781567509498505,0.8700121482468192,R10_F10_m10f20_P10_Y7_UO584,RD10_F7_m10f11_P10_Y5_UO715,RD20_F11_m11f20_P11_Y5_UO396,FXX,1,0.0,0,0,0.0,0,0,0,-9999.0,0.65625,1,P10_CV0,1,2,0,1,1
10,0.7781567509498505,0.8700121482468192,R10_F10_m10f20_P10_Y7_UO585,RD10_F7_m10f11_P10_Y5_UO715,RD20_F11_m11f20_P11_Y5_UO396,FXX,1,0.0,0,0,0.0,0,0,0,-9999.0,0.65625,1,P10_CV0,1,2,0,1,1
10,0.7781567509498505,0.8700121482468192,R10_F10_m10f20_P10_Y7_UO586,RD10_F7_m10f11_P10_Y5_UO715,RD20_F11_m11f20_P11_Y5_UO396,FXX,1,0.0,0,0,0.0,0,0,0,-9999.0,0.65625,1,P10_CV0,1,2,0,1,1
10,0.7781567509498505,0.8700121482468192,RD10_F11_m11f20_P11_Y7_UO69,R11_F11_m20f11_P20_Y5_UO25,RD20_F11_m11f20_P11_Y5_UO392,MXY,1,0.0,0,0,0.0,0,0,0,-9999.0,0.46875,1,P10_CV0,1,1,1,2,0
10,0.7781567509498505,0.8700121482468192,RD10_F11_m11f20_P11_Y7_UO566,R11_F11_m11f20_P11_Y5_UO950,R20_F20_m11f20_P11_Y5_UO750,FXX,1,0.0,0,0,0.0,0,0,0,-9999.0,0.3125,1,P10_CV0,1,0,2,1,1
10,0.7781567509498505,0.8700121482468192,RD10_F11_m11f20_P11_Y7_UO632,RD11_F20_m20f11_P20_Y5_UO441,RD20_F11_m20f11_P20_Y5_UO803,FXX,1,0.0,0,0,0.0,0,0,0,-9999.0,0.65625,1,P10_CV0,1,2,0,1,1
10,0.7781567509498505,0.8700121482468192,RD10_F11_m11f20_P11_Y7_UO669,R11_F11_m10f7_P10_Y5_UO104,R20_F20_m11f20_P11_Y5_UO750,FXX,1,0.0,0,0,0.0,0,0,0,-9999.0,0.40625,1,P10_CV0,1,0,2,1,1
10,0.7781567509498505,0.8700121482468192,RD10_F11_m11f20_P11_Y7_UO747,R11_F11_m20f11_P20_Y5_UO25,RD20_F11_m20f11_P20_Y5_UO803,MXY,1,0.0,0,0,0.0,0,0,0,-9999.0,0.53125,1,P10_CV0,1,2,0,2,0
10,0.7781567509498505,0.8700121482468192,R10_F10_m20f11_P20_Y6_UO1349,RD20_F11_m11f20_P11_Y4_UO1297,RD11_F20_m11f20_P11_Y4_UO1002,FXX,2,0.0,1,0,1.0,0,0,0,-9999.0,0.40625,1,P10_CV0,1,1,1,1,1
10,0.7781567509498505,0.8700121482468192,R10_F10_m10f11_P10_Y6_UO711,R10_F10_m10f7_P10_Y4_UO1118,RD11_F20_m20f11_P20_Y4_UO1251,FXX,2,0.0,1,0,1.0,0,0,0,-9999.0,0.46875,1,P10_CV0,1,2,0,2,0
10,0.7781567509498505,0.8700121482468192,R10_F10_m10f11_P10_Y6_UO1398,R10_F10_m10f7_P10_Y4_UO1325,RD11_F20_m20f11_P20_Y4_UO1255,MXY,2,0.0,1,0,0.0,0,0,0,-9999.0,0.375,1,P10_CV0,1,1,1,0,2
10,0.7781567509498505,0.8700121482468192,R10_F10_m11f20_P11_Y5_UO231,R11_F11_m11f20_P11_Y3_UO849,R20_F20_m20f11_P20_Y3_UO586,MXY,3,0.0,1,0,0.0,0,0,0,-9999.0,0.3125,1,P10_CV0,1,0,2,2,0
10,0.7781567509498505,0.8700121482468192,R10_F10_m11f20_P11_Y5_UO753,RD11_F20_m20f11_P20_Y3_UO1032,R20_F20_m10f11_P10_Y2_UO998,MXY,3,0.0,1,0,0.0,0,0,0,-9999.0,0.3125,1,P10_CV0,1,0,2,2,0
10,0.7781567509498505,0.8700121482468192,RD10_F11_m20f11_P20_Y5_UO443,RD20_F11_m20f11_P20_Y3_UO449,R11_F11_m7f4_P7_Y2_UO276,MXY,3,0.0,1,0,0.0,0,0,0,-9999.0,0.625,1,P10_CV0,1,2,0,0,2
10,0.7781567509498505,0.8700121482468192,R10_F10_m10f7_P10_Y7_UO503,R10_F10_m7f4_P7_Y5_UO591,R7_F7_m7f4_P7_Y5_UO416,MXY,1,0.0,0,0,0.0,0,0,0,-9999.0,0.3125,1,P11_CV0,1,1,1,0,2
10,0.7781567509498505,0.8700121482468192,R10_F10_m10f7_P10_Y7_UO506,R10_F10_m7f4_P7_Y5_UO591,R7_F7_m7f4_P7_Y5_UO416,MXY,1,0.0,0,0,0.0,0,0,0,-9999.0,0.3125,1,P11_CV0,1,2,0,1,1
10,0.7781567509498505,0.8700121482468192,R10_F10_m10f7_P10_Y7_UO508,R10_F10_m7f4_P7_Y5_UO591,R7_F7_m7f4_P7_Y5_UO416,FXX,1,0.0,0,0,0.0,0,0,0,-9999.0,0.3125,1,P11_CV0,1,2,0,1,1
10,0.7781567509498505,0.8700121482468192,R10_F10_m10f7_P10_Y7_UO509,R10_F10_m7f4_P7_Y5_UO591,R7_F7_m7f4_P7_Y5_UO416,FXX,1,0.0,0,0,0.0,0,0,0,-9999.0,0.3125,1,P11_CV0,1,1,1,0,2
10,0.7781567509498505,0.8700121482468192,RD10_F11_m11f20_P11_Y7_UO444,R11_F11_m20f11_P20_Y5_UO887,RD20_F11_m20f11_P20_Y5_UO803,MXY,1,0.0,0,0,0.0,0,0,0,-9999.0,0.5,1,P11_CV0,1,1,1,1,1
10,0.7781567509498505,0.8700121482468192,RD10_F7_m4f12_P4_Y6_UO972,RD4_F12_m1f19_P1_Y4_UO1307,RD12_F1_m1f12_P1_Y4_UO1036,MXY,2,0.0,1,0,0.0,0,0,0,-9999.0,0.5625,1,P11_CV0,1,2,0,2,0
10,0.7781567509498505,0.8700121482468192,R10_F10_m11f20_P11_Y6_UO1326,RD11_F10_m10f11_P10_Y4_UO933,R20_F20_m20f11_P20_Y2_UO1302,FXX,2,0.0,1,0,1.0,0,0,0,-9999.0,0.5,1,P11_CV0,1,1,1,1,1
10,0.7781567509498505,0.8700121482468192,R10_F10_m10f7_P10_Y6_UO181,R10_F10_m10f7_P10_Y4_UO1120,RD7_F4_m7f1_P7_Y4_UO806,MXY,2,0.0,1,0,0.0,0,0,0,-9999.0,0.5625,1,P11_CV0,1,0,2,1,1
10,0.7781567509498505,0.8700121482468192,R10_F10_m10f11_P10_Y6_UO1463,R10_F10_m10f7_P10_Y4_UO1261,RD11_F20_m11f20_P11_Y3_UO539,FXX,2,0.0,1,0,1.0,0,0,0,-9999.0,0.5,1,P11_CV0,1,0,2,1,1
10,0.7781567509498505,0.8700121482468192,R10_F10_m7f4_P7_Y6_UO663,R7_F7_m4f12_P4_Y4_UO1155,R4_F4_m12f4_P12_Y4_UO1053,MXY,2,0.0,1,0,0.0,0,0,0,-9999.0,0.5,1,P11_CV0,1,2,0,2,0
10,0.7781567509498505,0.8700121482468192,R10_F10_m7f4_P7_Y5_UO413,R7_F7_m7f10_P7_Y3_UO348,R4_F4_m10f7_P10_Y2_UO415,FXX,3,0.0,1,0,1.0,0,0,0,-9999.0,0.3125,1,P11_CV0,1,1,1,0,2
10,0.7781567509498505,0.8700121482468192,RD10_F7_m4f12_P4_Y6_UO289,RD4_F12_m1f12_P1_Y4_UO1106,RD12_F1_m1f19_P1_Y4_UO1068,FXX,2,0.0,1,0,1.0,0,0,0,-9999.0,0.3125,1,P18_CV0,1,0,2,1,1
10,0.7781567509498505,0.8700121482468192,RD10_F7_m7f4_P7_Y6_UO109,RD7_F10_m10f11_P10_Y4_UO361,RD4_F12_m4f12_P4_Y4_UO390,FXX,2,0.0,1,0,1.0,0,0,0,-9999.0,0.4375,1,P18_CV0,1,0,2,1,1
10,0.7781567509498505,0.8700121482468192,R10_F10_m7f4_P7_Y6_UO1468,R7_F7_m10f11_P10_Y4_UO1240,RD4_F12_m4f12_P4_Y4_UO390,MXY,2,0.0,1,0,0.0,0,0,0,-9999.0,0.59375,1,P18_CV0,1,0,2,1,1
10,0.7781567509498505,0.8700121482468192,R10_F10_m7f4_P7_Y6_UO1465,R7_F7_m10f11_P10_Y4_UO1240,RD4_F12_m4f12_P4_Y4_UO390,MXY,2,0.0,1,0,0.0,0,0,0,-9999.0,0.59375,1,P18_CV0,1,2,0,1,1
10,0.7781567509498505,0.8700121482468192,RD10_F11_m11f20_P11_Y7_UO57,R11_F11_m11f20_P11_Y5_UO950,RD20_F11_m11f20_P11_Y5_UO392,MXY,1,0.0,0,0,0.0,0,0,0,-9999.0,0.4375,1,P19_CV0,1,1,1,2,0
10,0.7781567509498505,0.8700121482468192,RD10_F20_m20f11_P20_Y7_UO340,RD20_F11_m20f11_P20_Y5_UO805,RD11_F20_m11f20_P11_Y2_UO886,MXY,1,0.0,0,0,0.0,0,0,0,-9999.0,0.40625,1,P19_CV0,1,1,1,2,0
10,0.7781567509498505,0.8700121482468192,RD10_F7_m4f7_P4_Y6_UO957,R4_F4_m4f12_P4_Y4_UO821,RD7_F4_m4f16_P4_Y4_UO793,MXY,2,0.0,1,0,0.0,0,0,0,-9999.0,0.5625,1,P19_CV0,1,1,1,0,2
10,0.7781567509498505,0.8700121482468192,RD10_F7_m7f4_P7_Y6_UO1535,R7_F7_m7f4_P7_Y4_UO840,RD4_F12_m1f19_P1_Y4_UO1306,MXY,2,0.0,1,0,0.0,0,0,0,-9999.0,0.5,1,P19_CV0,1,0,2,2,0
10,0.7781567509498505,0.8700121482468192,RD10_F7_m10f11_P10_Y6_UO617,R10_F10_m10f7_P10_Y4_UO1120,RD11_F10_m10f7_P10_Y4_UO562,MXY,2,0.0,1,0,0.0,0,0,0,-9999.0,0.53125,1,P19_CV0,1,1,1,1,1
10,0.7781567509498505,0.8700121482468192,R10_F10_m11f20_P11_Y6_UO849,RD11_F20_m20f11_P20_Y4_UO1253,R20_F20_m11f20_P11_Y2_UO886,MXY,2,0.0,1,0,0.0,0,0,0,-9999.0,0.21875,1,P19_CV0,1,1,1,2,0
10,0.7781567509498505,0.8700121482468192,R10_F10_m10f7_P10_Y6_UO429,R10_F10_m10f7_P10_Y4_UO1324,RD7_F10_m4f12_P4_Y3_UO773,MXY,2,0.0,1,0,0.0,0,0,0,-9999.0,0.53125,1,P19_CV0,1,2,0,1,1
10,0.7781567509498505,0.8700121482468192,R10_F10_m10f11_P10_Y6_UO618,R10_F10_m10f7_P10_Y4_UO1120,RD11_F10_m10f7_P10_Y4_UO562,MXY,2,0.0,1,0,0.0,0,0,0,-9999.0,0.53125,1,P19_CV0,1,1,1,1,1
10,0.7781567509498505,0.8700121482468192,R10_F10_m11f20_P11_Y6_UO856,RD11_F20_m20f11_P20_Y4_UO1253,R20_F20_m11f20_P11_Y2_UO886,FXX,2,0.0,1,0,1.0,0,0,0,-9999.0,0.21875,1,P19_CV0,1,0,2,1,1
10,0.7781567509498505,0.8700121482468192,R10_F10_m7f4_P7_Y6_UO158,R7_F7_m10f11_P10_Y4_UO1240,RD4_F7_m7f4_P7_Y4_UO848,MXY,2,0.0,1,0,0.0,0,0,0,-9999.0,0.53125,1,P19_CV0,1,2,0,2,0
10,0.7781567509498505,0.8700121482468192,RD10_F11_m11f20_P11_Y6_UO1012,RD11_F10_m11f20_P11_Y4_UO1299,RD20_F11_m11f20_P11_Y4_UO1137,FXX,2,0.0,1,0,1.0,0,0,0,-9999.0,0.5625,1,P19_CV0,1,2,0,0,2
10,0.7781567509498505,0.8700121482468192,RD10_F11_m20f6_P20_Y6_UO498,R20_F20_m20f11_P20_Y4_UO721,RD6_F5_m5f6_P5_Y4_UO1133,FXX,2,0.0,1,0,1.0,0,0,0,-9999.0,0.4375,1,P19_CV0,1,1,1,0,2
10,0.7781567509498505,0.8700121482468192,RD10_F11_m11f20_P11_Y6_UO778,R11_F11_m11f20_P11_Y4_UO1141,RD20_F11_m20f11_P20_Y4_UO1214,MXY,2,0.0,1,0,0.0,0,0,0,-9999.0,0.5,1,P19_CV0,1,1,1,1,1
10,0.7781567509498505,0.8700121482468192,R10_F10_m10f20_P10_Y4_UO172,R10_F10_m20f11_P20_Y2_UO1139,RD20_F11_m11f20_P11_Y2_UO213,FXX,4,0.0,1,0,1.0,0,0,0,-9999.0,0.25,1,P19_CV0,1,1,1,1,1
10,0.7781567509498505,0.8700121482468192,RD10_F7_m7f4_P7_Y6_UO559,R7_F7_m7f4_P7_Y4_UO839,R4_F4_m12f4_P12_Y4_UO184,MXY,2,0.0,1,0,0.0,0,0,0,-9999.0,0.5,1,P3_CV0,1,1,1,1,1
10,0.7781567509498505,0.8700121482468192,RD10_F7_m7f4_P7_Y6_UO1116,RD7_F10_m11f20_P11_Y4_UO762,R4_F4_m4f12_P4_Y3_UO118,MXY,2,0.0,1,0,0.0,0,0,0,-9999.0,0.5,1,P3_CV0,1,2,0,2,0
10,0.7781567509498505,0.8700121482468192,R10_F10_m7f4_P7_Y6_UO1479,R7_F7_m7f4_P7_Y4_UO1208,RD4_F12_m1f19_P1_Y4_UO1306,FXX,2,0.0,1,0,1.0,0,0,0,-9999.0,0.53125,1,P3_CV0,1,1,1,2,0
10,0.7781567509498505,0.8700121482468192,R10_F10_m10f11_P10_Y2_UO1213,R10_F10_m7f4_P7_Y0_UO28,R11_F11_m11f20_P11_Y0_UO880,MXY,6,0.0,1,0,0.0,0,0,0,-9999.0,0.625,1,P3_CV0,1,0,2,1,1
10,0.7781567509498505,0.8700121482468192,R10_F10_m10f20_P10_Y7_UO582,RD10_F7_m10f11_P10_Y5_UO715,RD20_F11_m11f20_P11_Y5_UO396,FXX,1,0.0,0,0,0.0,0,0,0,-9999.0,0.65625,1,P4_CV0,1,2,0,1,1
10,0.7781567509498505,0.8700121482468192,R10_F10_m10f20_P10_Y7_UO583,RD10_F7_m10f11_P10_Y5_UO715,RD20_F11_m11f20_P11_Y5_UO396,MXY,1,0.0,0,0,0.0,0,0,0,-9999.0,0.65625,1,P4_CV0,1,1,1,1,1
10,0.7781567509498505,0.8700121482468192,RD10_F20_m20f11_P20_Y6_UO702,R20_F20_m20f11_P20_Y4_UO721,R11_F11_m6f2_P6_Y3_UO138,FXX,2,0.0,1,0,1.0,0,0,0,-9999.0,0.59375,1,P4_CV0,1,1,1,1,1
10,0.7781567509498505,0.8700121482468192,R10_F10_m20f6_P20_Y6_UO491,R20_F20_m20f11_P20_Y4_UO721,RD6_F5_m5f6_P5_Y4_UO1133,FXX,2,0.0,1,0,1.0,0,0,0,-9999.0,0.4375,1,P5_CV0,1,1,1,0,2
10,0.7781567509498505,0.8700121482468192,RD10_F11_m11f20_P11_Y7_UO268,R11_F11_m10f7_P10_Y5_UO102,R20_F20_m11f20_P11_Y5_UO229,MXY,1,0.0,0,0,0.0,0,0,0,-9999.0,0.40625,1,P6_CV0,1,1,1,1,1
10,0.7781567509498505,0.8700121482468192,RD10_F11_m11f20_P11_Y7_UO608,R11_F11_m20f11_P20_Y5_UO25,R20_F20_m11f20_P11_Y5_UO5,FXX,1,0.0,0,0,0.0,0,0,0,-9999.0,0.40625,1,P6_CV0,1,1,1,2,0
10,0.7781567509498505,0.8700121482468192,RD10_F20_m20f11_P20_Y7_UO383,R20_F20_m20f11_P20_Y5_UO528,R11_F11_m11f20_P11_Y4_UO1285,MXY,1,0.0,0,0,0.0,0,0,0,-9999.0,0.625,1,P6_CV0,1,2,0,1,1
10,0.7781567509498505,0.8700121482468192,RD10_F7_m7f4_P7_Y7_UO590,R7_F7_m7f4_P7_Y5_UO566,RD4_F7_m4f7_P4_Y5_UO470,MXY,1,0.0,0,0,0.0,0,0,0,-9999.0,0.59375,1,P9_CV0,1,1,1,1,1
10,0.7781567509498505,0.8700121482468192,RD10_F7_m7f4_P7_Y7_UO592,R7_F7_m7f4_P7_Y5_UO566,RD4_F7_m4f7_P4_Y5_UO470,MXY,1,0.0,0,0,0.0,0,0,0,-9999.0,0.59375,1,P9_CV0,1,1,1,1,1
10,0.7781567509498505,0.8700121482468192,RD10_F7_m7f4_P7_Y7_UO596,R7_F7_m7f4_P7_Y5_UO566,RD4_F7_m4f7_P4_Y5_UO470,MXY,1,0.0,0,0,0.0,0,0,0,-9999.0,0.59375,1,P9_CV0,1,0,2,1,1
10,0.7781567509498505,0.8700121482468192,RD10_F7_m7f4_P7_Y7_UO597,R7_F7_m7f4_P7_Y5_UO566,RD4_F7_m4f7_P4_Y5_UO470,MXY,1,0.0,0,0,0.0,0,0,0,-9999.0,0.59375,1,P9_CV0,1,2,0,1,1
10,0.7781567509498505,0.8700121482468192,RD10_F7_m7f4_P7_Y7_UO598,R7_F7_m7f4_P7_Y5_UO566,RD4_F7_m4f7_P4_Y5_UO470,FXX,1,0.0,0,0,0.0,0,0,0,-9999.0,0.59375,1,P9_CV0,1,1,1,1,1
10,0.7781567509498505,0.8700121482468192,RD10_F7_m7f4_P7_Y7_UO603,R7_F7_m7f4_P7_Y5_UO566,RD4_F7_m4f7_P4_Y5_UO470,MXY,1,0.0,0,0,0.0,0,0,0,-9999.0,0.59375,1,P9_CV0,1,1,1,1,1
10,0.7781567509498505,0.8700121482468192,RD10_F7_m7f4_P7_Y7_UO787,R7_F7_m7f4_P7_Y5_UO566,RD4_F7_m12f4_P12_Y4_UO405,MXY,1,0.0,0,0,0.0,0,0,0,-9999.0,0.65625,1,P9_CV0,1,2,0,0,2
10,0.7781567509498505,0.8700121482468192,R10_F10_m10f7_P10_Y7_UO350,R10_F10_m7f4_P7_Y5_UO591,RD7_F10_m10f7_P10_Y5_UO901,MXY,1,0.0,0,0,0.0,0,0,0,-9999.0,0.4375,1,P9_CV0,1,1,1,1,1
10,0.7781567509498505,0.8700121482468192,R10_F10_m10f7_P10_Y7_UO351,R10_F10_m7f4_P7_Y5_UO591,RD7_F10_m10f7_P10_Y5_UO901,FXX,1,0.0,0,0,0.0,0,0,0,-9999.0,0.4375,1,P9_CV0,1,1,1,1,1
10,0.7781567509498505,0.8700121482468192,R10_F10_m10f7_P10_Y7_UO514,R10_F10_m7f4_P7_Y5_UO591,R7_F7_m7f4_P7_Y5_UO416,MXY,1,0.0,0,0,0.0,0,0,0,-9999.0,0.3125,1,P9_CV0,1,1,1,1,1
10,0.7781567509498505,0.8700121482468192,R10_F10_m10f7_P10_Y7_UO515,R10_F10_m7f4_P7_Y5_UO591,R7_F7_m7f4_P7_Y5_UO416,FXX,1,0.0,0,0,0.0,0,0,0,-9999.0,0.3125,1,P9_CV0,1,1,1,1,1
10,0.7781567509498505,0.8700121482468192,RD10_F7_m10f7_P10_Y6_UO1169,R10_F10_m10f7_P10_Y4_UO1120,R7_F7_m10f11_P10_Y4_UO647,MXY,2,0.0,1,0,0.0,0,0,0,-9999.0,0.53125,1,P9_CV0,1,2,0,2,0
10,0.7781567509498505,0.8700121482468192,RD10_F7_m10f11_P10_Y6_UO620,R10_F10_m10f7_P10_Y4_UO1120,RD11_F10_m10f7_P10_Y4_UO562,FXX,2,0.0,1,0,1.0,0,0,0,-9999.0,0.53125,1,P9_CV0,1,0,2,1,1
10,0.7781567509498505,0.8700121482468192,R10_F10_m10f7_P10_Y6_UO180,R10_F10_m10f7_P10_Y4_UO1120,RD7_F4_m7f1_P7_Y4_UO806,FXX,2,0.0,1,0,1.0,0,0,0,-9999.0,0.5625,1,P9_CV0,1,0,2,1,1
11,0.978618342232764,0.7991585642167236,R11_F11_m11f20_P11_Y7_UO68,R11_F11_m20f11_P20_Y5_UO25,RD20_F11_m11f20_P11_Y5_UO392,MXY,1,0.0,0,0,0.0,0,0,0,-9999.0,0.46875,1,P10_CV0,1,0,2,2,0
11,0.978618342232764,0.7991585642167236,R11_F11_m11f20_P11_Y7_UO56,R11_F11_m11f20_P11_Y5_UO950,RD20_F11_m11f20_P11_Y5_UO392,FXX,1,0.0,0,0,0.0,0,0,0,-9999.0,0.4375,1,P10_CV0,1,2,0,2,0
11,0.978618342232764,0.7991585642167236,R11_F11_m11f20_P11_Y7_UO563,R11_F11_m11f20_P11_Y5_UO950,R20_F20_m11f20_P11_Y5_UO750,MXY,1,0.0,0,0,0.0,0,0,0,-9999.0,0.3125,1,P10_CV0,1,1,1,2,0
11,0.978618342232764,0.7991585642167236,R11_F11_m11f20_P11_Y7_UO181,R11_F11_m10f7_P10_Y5_UO104,RD20_F11_m11f20_P11_Y5_UO396,MXY,1,0.0,0,0,0.0,0,0,0,-9999.0,0.53125,1,P10_CV0,1,1,1,2,0
11,0.978618342232764,0.7991585642167236,RD11_F20_m20f11_P20_Y7_UO645,R20_F20_m20f11_P20_Y5_UO528,RD11_F20_m20f11_P20_Y5_UO444,MXY,1,0.0,0,0,0.0,0,0,0,-9999.0,0.65625,1,P10_CV0,1,1,1,2,0
11,0.978618342232764,0.7991585642167236,RD11_F20_m20f11_P20_Y7_UO21,R20_F20_m20f11_P20_Y5_UO398,RD11_F20_m20f11_P20_Y5_UO444,FXX,1,0.0,0,0,0.0,0,0,0,-9999.0,0.5625,1,P10_CV0,1,1,1,1,1
11,0.978618342232764,0.7991585642167236,RD11_F10_m10f20_P10_Y7_UO577,RD10_F7_m10f11_P10_Y5_UO715,RD20_F11_m11f20_P11_Y5_UO396,FXX,1,0.0,0,0,0.0,0,0,0,-9999.0,0.65625,1,P10_CV0,1,1,1,1,1
11,0.978618342232764,0.7991585642167236,RD11_F20_m20f11_P20_Y7_UO798,R20_F20_m11f20_P11_Y5_UO625,RD11_F20_m20f11_P20_Y5_UO444,FXX,1,0.0,0,0,0.0,0,0,0,-9999.0,0.46875,1,P10_CV0,1,1,1,1,1
11,0.978618342232764,0.7991585642167236,R11_F11_m11f20_P11_Y7_UO749,R11_F11_m20f11_P20_Y5_UO25,RD20_F11_m20f11_P20_Y5_UO803,FXX,1,0.0,0,0,0.0,0,0,0,-9999.0,0.53125,1,P10_CV0,1,1,1,2,0
11,0.978618342232764,0.7991585642167236,R11_F11_m11f20_P11_Y7_UO70,R11_F11_m20f11_P20_Y5_UO25,RD20_F11_m11f20_P11_Y5_UO392,MXY,1,0.0,0,0,0.0,0,0,0,-9999.0,0.46875,1,P10_CV0,1,2,0,2,0
11,0.978618342232764,0.7991585642167236,RD11_F20_m20f11_P20_Y7_UO363,R20_F20_m20f11_P20_Y5_UO602,R11_F11_m11f20_P11_Y4_UO1285,FXX,1,0.0,0,0,0.0,0,0,0,-9999.0,0.53125,1,P10_CV0,1,1,1,1,1
11,0.978618342232764,0.7991585642167236,RD11_F20_m20f11_P20_Y7_UO796,R20_F20_m11f20_P11_Y5_UO625,RD11_F20_m20f11_P20_Y5_UO444,FXX,1,0.0,0,0,0.0,0,0,0,-9999.0,0.46875,1,P10_CV0,1,0,2,1,1
11,0.978618342232764,0.7991585642167236,R11_F11_m11f20_P11_Y7_UO746,R11_F11_m20f11_P20_Y5_UO25,RD20_F11_m20f11_P20_Y5_UO803,FXX,1,0.0,0,0,0.0,0,0,0,-9999.0,0.53125,1,P10_CV0,1,2,0,2,0
11,0.978618342232764,0.7991585642167236,RD11_F20_m20f11_P20_Y7_UO793,R20_F20_m11f20_P11_Y5_UO625,RD11_F20_m20f11_P20_Y5_UO444,FXX,1,0.0,0,0,0.0,0,0,0,-9999.0,0.46875,1,P10_CV0,1,1,1,1,1
11,0.978618342232764,0.7991585642167236,R11_F11_m11f20_P11_Y7_UO94,RD11_F20_m20f11_P20_Y5_UO441,RD20_F11_m11f20_P11_Y4_UO1002,MXY,1,0.0,0,0,0.0,0,0,0,-9999.0,0.5,1,P10_CV0,1,2,0,0,2
11,0.978618342232764,0.7991585642167236,R11_F11_m11f20_P11_Y7_UO329,RD11_F20_m20f11_P20_Y5_UO447,R20_F20_m11f20_P11_Y5_UO754,MXY,1,0.0,0,0,0.0,0,0,0,-9999.0,0.46875,1,P10_CV0,1,1,1,1,1
11,0.978618342232764,0.7991585642167236,RD11_F10_m10f20_P10_Y7_UO575,RD10_F7_m10f11_P10_Y5_UO715,RD20_F11_m11f20_P11_Y5_UO396,FXX,1,0.0,0,0,0.0,0,0,0,-9999.0,0.65625,1,P10_CV0,1,2,0,1,1
11,0.978618342232764,0.7991585642167236,R11_F11_m11f20_P11_Y7_UO303,R11_F11_m20f11_P20_Y5_UO25,R20_F20_m11f20_P11_Y5_UO754,FXX,1,0.0,0,0,0.0,0,0,0,-9999.0,0.34375,1,P10_CV0,1,1,1,1,1
11,0.978618342232764,0.7991585642167236,R11_F11_m11f20_P11_Y7_UO443,R11_F11_m20f11_P20_Y5_UO887,RD20_F11_m20f11_P20_Y5_UO803,MXY,1,0.0,0,0,0.0,0,0,0,-9999.0,0.5,1,P10_CV0,1,1,1,1,1
11,0.978618342232764,0.7991585642167236,R11_F11_m11f20_P11_Y7_UO183,R11_F11_m10f7_P10_Y5_UO104,RD20_F11_m11f20_P11_Y5_UO396,MXY,1,0.0,0,0,0.0,0,0,0,-9999.0,0.53125,1,P10_CV0,1,1,1,1,1
11,0.978618342232764,0.7991585642167236,R11_F11_m11f20_P11_Y7_UO564,R11_F11_m11f20_P11_Y5_UO950,R20_F20_m11f20_P11_Y5_UO750,MXY,1,0.0,0,0,0.0,0,0,0,-9999.0,0.3125,1,P10_CV0,1,0,2,1,1
11,0.978618342232764,0.7991585642167236,R11_F11_m11f20_P11_Y7_UO85,R11_F11_m20f11_P20_Y5_UO440,R20_F20_m20f11_P20_Y5_UO401,MXY,1,0.0,0,0,0.0,0,0,0,-9999.0,0.5625,1,P10_CV0,1,2,0,1,1
11,0.978618342232764,0.7991585642167236,R11_F11_m11f20_P11_Y7_UO84,R11_F11_m20f11_P20_Y5_UO440,R20_F20_m20f11_P20_Y5_UO401,MXY,1,0.0,0,0,0.0,0,0,0,-9999.0,0.5625,1,P10_CV0,1,2,0,1,1
11,0.978618342232764,0.7991585642167236,R11_F11_m11f20_P11_Y7_UO458,RD11_F20_m20f11_P20_Y5_UO447,R20_F20_m20f11_P20_Y5_UO843,FXX,1,0.0,0,0,0.0,0,0,0,-9999.0,0.59375,1,P10_CV0,1,1,1,0,2
11,0.978618342232764,0.7991585642167236,R11_F11_m11f20_P11_Y7_UO748,R11_F11_m20f11_P20_Y5_UO25,RD20_F11_m20f11_P20_Y5_UO803,MXY,1,0.0,0,0,0.0,0,0,0,-9999.0,0.53125,1,P10_CV0,1,1,1,2,0
11,0.978618342232764,0.7991585642167236,R11_F11_m11f20_P11_Y7_UO457,RD11_F20_m20f11_P20_Y5_UO447,R20_F20_m20f11_P20_Y5_UO843,FXX,1,0.0,0,0,0.0,0,0,0,-9999.0,0.59375,1,P10_CV0,1,2,0,0,2
11,0.978618342232764,0.7991585642167236,RD11_F10_m11f20_P11_Y6_UO1498,RD11_F20_m11f20_P11_Y4_UO500,RD20_F11_m10f11_P10_Y4_UO932,MXY,2,0.0,1,0,0.0,0,0,0,-9999.0,0.5,1,P10_CV0,1,1,1,0,2
11,0.978618342232764,0.7991585642167236,R11_F11_m11f20_P11_Y6_UO1004,RD11_F10_m11f20_P11_Y4_UO1299,RD20_F11_m11f20_P11_Y4_UO1137,FXX,2,0.0,1,0,1.0,0,0,0,-9999.0,0.5625,1,P10_CV0,1,1,1,0,2
11,0.978618342232764,0.7991585642167236,R11_F11_m20f11_P20_Y6_UO1358,RD20_F11_m11f20_P11_Y4_UO1297,RD11_F20_m11f20_P11_Y4_UO1002,FXX,2,0.0,1,0,1.0,0,0,0,-9999.0,0.40625,1,P10_CV0,1,2,0,0,2
11,0.978618342232764,0.7991585642167236,R11_F11_m11f20_P11_Y5_UO948,RD11_F20_m20f11_P20_Y3_UO368,R20_F20_m10f11_P10_Y2_UO998,FXX,3,0.0,1,0,1.0,0,0,0,-9999.0,0.3125,1,P10_CV0,1,0,2,1,1
11,0.978618342232764,0.7991585642167236,RD11_F20_m20f11_P20_Y5_UO401,R20_F20_m11f20_P11_Y3_UO543,RD11_F20_m11f20_P11_Y3_UO1045,MXY,3,0.0,1,0,0.0,0,0,0,-9999.0,0.5,1,P10_CV0,1,2,0,1,1
11,0.978618342232764,0.7991585642167236,RD11_F10_m20f11_P20_Y5_UO24,RD20_F11_m20f11_P20_Y3_UO449,RD11_F20_m20f11_P20_Y2_UO1307,MXY,3,0.0,1,0,0.0,0,0,0,-9999.0,0.375,1,P10_CV0,1,2,0,1,1
11,0.978618342232764,0.7991585642167236,RD11_F10_m10f7_P10_Y7_UO507,R10_F10_m7f4_P7_Y5_UO591,R7_F7_m7f4_P7_Y5_UO416,FXX,1,0.0,0,0,0.0,0,0,0,-9999.0,0.3125,1,P11_CV0,1,2,0,0,2
11,0.978618342232764,0.7991585642167236,R11_F11_m11f20_P11_Y7_UO631,RD11_F20_m20f11_P20_Y5_UO441,RD20_F11_m20f11_P20_Y5_UO803,FXX,1,0.0,0,0,0.0,0,0,0,-9999.0,0.65625,1,P11_CV0,1,2,0,2,0
11,0.978618342232764,0.7991585642167236,R11_F11_m11f20_P11_Y7_UO327,RD11_F20_m20f11_P20_Y5_UO447,R20_F20_m11f20_P11_Y5_UO754,MXY,1,0.0,0,0,0.0,0,0,0,-9999.0,0.46875,1,P11_CV0,1,2,0,2,0
11,0.978618342232764,0.7991585642167236,R11_F11_m11f20_P11_Y7_UO633,RD11_F20_m20f11_P20_Y5_UO441,RD20_F11_m20f11_P20_Y5_UO803,MXY,1,0.0,0,0,0.0,0,0,0,-9999.0,0.65625,1,P11_CV0,1,2,0,2,0
11,0.978618342232764,0.7991585642167236,RD11_F10_m10f7_P10_Y7_UO510,R10_F10_m7f4_P7_Y5_UO591,R7_F7_m7f4_P7_Y5_UO416,FXX,1,0.0,0,0,0.0,0,0,0,-9999.0,0.3125,1,P11_CV0,1,1,1,1,1
11,0.978618342232764,0.7991585642167236,R11_F11_m11f20_P11_Y7_UO456,RD11_F20_m20f11_P20_Y5_UO447,R20_F20_m20f11_P20_Y5_UO843,FXX,1,0.0,0,0,0.0,0,0,0,-9999.0,0.59375,1,P11_CV0,1,2,0,1,1
11,0.978618342232764,0.7991585642167236,R11_F11_m11f20_P11_Y7_UO269,R11_F11_m10f7_P10_Y5_UO102,R20_F20_m11f20_P11_Y5_UO229,FXX,1,0.0,0,0,0.0,0,0,0,-9999.0,0.40625,1,P11_CV0,1,1,1,1,1
11,0.978618342232764,0.7991585642167236,R11_F11_m11f20_P11_Y7_UO697,R11_F11_m10f7_P10_Y5_UO102,RD20_F11_m10f11_P10_Y4_UO1241,FXX,1,0.0,0,0,0.0,0,0,0,-9999.0,0.5625,1,P11_CV0,1,2,0,1,1
11,0.978618342232764,0.7991585642167236,R11_F11_m11f20_P11_Y7_UO184,R11_F11_m20f11_P20_Y5_UO440,RD20_F11_m11f20_P11_Y4_UO1002,FXX,1,0.0,0,0,0.0,0,0,0,-9999.0,0.5,1,P11_CV0,1,2,0,2,0
11,0.978618342232764,0.7991585642167236,RD11_F10_m10f7_P10_Y7_UO504,R10_F10_m7f4_P7_Y5_UO591,R7_F7_m7f4_P7_Y5_UO416,FXX,1,0.0,0,0,0.0,0,0,0,-9999.0,0.3125,1,P11_CV0,1,1,1,0,2
11,0.978618342232764,0.7991585642167236,R11_F11_m11f20_P11_Y7_UO695,R11_F11_m10f7_P10_Y5_UO102,RD20_F11_m10f11_P10_Y4_UO1241,MXY,1,0.0,0,0,0.0,0,0,0,-9999.0,0.5625,1,P11_CV0,1,2,0,1,1
11,0.978618342232764,0.7991585642167236,R11_F11_m11f20_P11_Y7_UO670,R11_F11_m10f7_P10_Y5_UO104,R20_F20_m11f20_P11_Y5_UO750,MXY,1,0.0,0,0,0.0,0,0,0,-9999.0,0.40625,1,P11_CV0,1,1,1,1,1
11,0.978618342232764,0.7991585642167236,RD11_F10_m10f7_P10_Y6_UO177,R10_F10_m10f7_P10_Y4_UO1120,RD7_F4_m7f1_P7_Y4_UO806,MXY,2,0.0,1,0,0.0,0,0,0,-9999.0,0.5625,1,P11_CV0,1,1,1,1,1
11,0.978618342232764,0.7991585642167236,RD11_F10_m7f4_P7_Y6_UO560,R7_F7_m7f4_P7_Y4_UO839,R4_F4_m12f4_P12_Y4_UO184,MXY,2,0.0,1,0,0.0,0,0,0,-9999.0,0.5,1,P11_CV0,1,1,1,2,0
11,0.978618342232764,0.7991585642167236,RD11_F20_m20f11_P20_Y7_UO384,R20_F20_m20f11_P20_Y5_UO528,R11_F11_m11f20_P11_Y4_UO1285,MXY,1,0.0,0,0,0.0,0,0,0,-9999.0,0.625,1,P19_CV0,1,2,0,1,1
11,0.978618342232764,0.7991585642167236,RD11_F20_m20f11_P20_Y7_UO342,RD20_F11_m20f11_P20_Y5_UO805,RD11_F20_m11f20_P11_Y2_UO886,MXY,1,0.0,0,0,0.0,0,0,0,-9999.0,0.40625,1,P19_CV0,1,1,1,2,0
11,0.978618342232764,0.7991585642167236,R11_F11_m11f20_P11_Y7_UO561,R11_F11_m11f20_P11_Y5_UO950,R20_F20_m11f20_P11_Y5_UO750,FXX,1,0.0,0,0,0.0,0,0,0,-9999.0,0.3125,1,P19_CV0,1,1,1,1,1
11,0.978618342232764,0.7991585642167236,RD11_F20_m20f11_P20_Y7_UO438,R20_F20_m20f11_P20_Y5_UO527,R11_F11_m11f20_P11_Y5_UO813,FXX,1,0.0,0,0,0.0,0,0,0,-9999.0,0.625,1,P19_CV0,1,1,1,2,0
11,0.978618342232764,0.7991585642167236,R11_F11_m11f20_P11_Y7_UO187,R11_F11_m20f11_P20_Y5_UO440,RD20_F11_m11f20_P11_Y4_UO1002,FXX,1,0.0,0,0,0.0,0,0,0,-9999.0,0.5,1,P19_CV0,1,2,0,2,0
11,0.978618342232764,0.7991585642167236,RD11_F20_m20f11_P20_Y7_UO337,RD20_F11_m20f11_P20_Y5_UO805,RD11_F20_m11f20_P11_Y2_UO886,FXX,1,0.0,0,0,0.0,0,0,0,-9999.0,0.40625,1,P19_CV0,1,1,1,2,0
11,0.978618342232764,0.7991585642167236,R11_F11_m11f20_P11_Y7_UO565,R11_F11_m11f20_P11_Y5_UO950,R20_F20_m11f20_P11_Y5_UO750,MXY,1,0.0,0,0,0.0,0,0,0,-9999.0,0.3125,1,P19_CV0,1,0,2,1,1
11,0.978618342232764,0.7991585642167236,RD11_F20_m20f11_P20_Y7_UO14,R20_F20_m20f11_P20_Y5_UO26,RD11_F20_m11f20_P11_Y2_UO886,FXX,1,0.0,0,0,0.0,0,0,0,-9999.0,0.25,1,P19_CV0,1,1,1,1,1
11,0.978618342232764,0.7991585642167236,RD11_F20_m20f11_P20_Y7_UO652,RD20_F11_m20f11_P20_Y5_UO805,R11_F11_m10f7_P10_Y4_UO562,FXX,1,0.0,0,0,0.0,0,0,0,-9999.0,0.5625,1,P19_CV0,1,1,1,1,1
11,0.978618342232764,0.7991585642167236,RD11_F20_m20f11_P20_Y7_UO401,RD20_F11_m11f20_P11_Y5_UO207,RD11_F20_m20f11_P20_Y5_UO840,MXY,1,0.0,0,0,0.0,0,0,0,-9999.0,0.34375,1,P19_CV0,1,0,2,1,1
11,0.978618342232764,0.7991585642167236,RD11_F20_m20f11_P20_Y7_UO403,RD20_F11_m11f20_P11_Y5_UO207,RD11_F20_m20f11_P20_Y5_UO840,FXX,1,0.0,0,0,0.0,0,0,0,-9999.0,0.34375,1,P19_CV0,1,0,2,1,1
11,0.978618342232764,0.7991585642167236,RD11_F20_m20f11_P20_Y7_UO646,RD20_F11_m20f11_P20_Y5_UO805,R11_F11_m10f7_P10_Y4_UO562,FXX,1,0.0,0,0,0.0,0,0,0,-9999.0,0.5625,1,P19_CV0,1,1,1,1,1
11,0.978618342232764,0.7991585642167236,RD11_F20_m20f11_P20_Y7_UO341,RD20_F11_m20f11_P20_Y5_UO805,RD11_F20_m11f20_P11_Y2_UO886,MXY,1,0.0,0,0,0.0,0,0,0,-9999.0,0.40625,1,P19_CV0,1,1,1,2,0
11,0.978618342232764,0.7991585642167236,RD11_F20_m20f11_P20_Y7_UO335,RD20_F11_m20f11_P20_Y5_UO805,RD11_F20_m11f20_P11_Y2_UO886,MXY,1,0.0,0,0,0.0,0,0,0,-9999.0,0.40625,1,P19_CV0,1,1,1,2,0
11,0.978618342232764,0.7991585642167236,RD11_F20_m20f11_P20_Y7_UO648,RD20_F11_m20f11_P20_Y5_UO805,R11_F11_m10f7_P10_Y4_UO562,MXY,1,0.0,0,0,0.0,0,0,0,-9999.0,0.5625,1,P19_CV0,1,1,1,2,0
11,0.978618342232764,0.7991585642167236,RD11_F20_m20f11_P20_Y7_UO441,R20_F20_m20f11_P20_Y5_UO527,R11_F11_m11f20_P11_Y5_UO813,MXY,1,0.0,0,0,0.0,0,0,0,-9999.0,0.625,1,P19_CV0,1,1,1,2,0
11,0.978618342232764,0.7991585642167236,RD11_F20_m20f11_P20_Y7_UO382,R20_F20_m20f11_P20_Y5_UO528,R11_F11_m11f20_P11_Y4_UO1285,MXY,1,0.0,0,0,0.0,0,0,0,-9999.0,0.625,1,P19_CV0,1,2,0,2,0
11,0.978618342232764,0.7991585642167236,RD11_F20_m20f11_P20_Y7_UO642,R20_F20_m20f11_P20_Y5_UO528,RD11_F20_m20f11_P20_Y5_UO444,FXX,1,0.0,0,0,0.0,0,0,0,-9999.0,0.65625,1,P19_CV0,1,2,0,0,2
11,0.978618342232764,0.7991585642167236,RD11_F20_m20f11_P20_Y7_UO339,RD20_F11_m20f11_P20_Y5_UO805,RD11_F20_m11f20_P11_Y2_UO886,FXX,1,0.0,0,0,0.0,0,0,0,-9999.0,0.40625,1,P19_CV0,1,1,1,1,1
11,0.978618342232764,0.7991585642167236,RD11_F20_m20f11_P20_Y7_UO643,R20_F20_m20f11_P20_Y5_UO528,RD11_F20_m20f11_P20_Y5_UO444,MXY,1,0.0,0,0,0.0,0,0,0,-9999.0,0.65625,1,P19_CV0,1,2,0,1,1
11,0.978618342232764,0.7991585642167236,R11_F11_m20f11_P20_Y6_UO332,RD20_F11_m11f20_P11_Y4_UO1001,RD11_F10_m7f4_P7_Y4_UO1062,MXY,2,0.0,1,0,0.0,0,0,0,-9999.0,0.46875,1,P19_CV0,1,2,0,1,1
11,0.978618342232764,0.7991585642167236,RD11_F20_m20f11_P20_Y6_UO1356,RD20_F11_m11f20_P11_Y4_UO1297,RD11_F20_m11f20_P11_Y4_UO1002,MXY,2,0.0,1,0,0.0,0,0,0,-9999.0,0.40625,1,P19_CV0,1,2,0,2,0
11,0.978618342232764,0.7991585642167236,RD11_F10_m11f20_P11_Y6_UO665,R11_F11_m11f20_P11_Y4_UO1140,R20_F20_m20f11_P20_Y2_UO1302,MXY,2,0.0,1,0,0.0,0,0,0,-9999.0,0.59375,1,P19_CV0,1,2,0,1,1
11,0.978618342232764,0.7991585642167236,RD11_F20_m20f11_P20_Y6_UO329,RD20_F11_m11f20_P11_Y4_UO1001,RD11_F10_m7f4_P7_Y4_UO1062,MXY,2,0.0,1,0,0.0,0,0,0,-9999.0,0.46875,1,P19_CV0,1,2,0,1,1
11,0.978618342232764,0.7991585642167236,R11_F11_m20f11_P20_Y6_UO1354,RD20_F11_m11f20_P11_Y4_UO1297,RD11_F20_m11f20_P11_Y4_UO1002,MXY,2,0.0,1,0,0.0,0,0,0,-9999.0,0.40625,1,P19_CV0,1,1,1,0,2
11,0.978618342232764,0.7991585642167236,RD11_F10_m10f11_P10_Y6_UO623,R10_F10_m10f7_P10_Y4_UO1120,RD11_F10_m10f7_P10_Y4_UO562,FXX,2,0.0,1,0,1.0,0,0,0,-9999.0,0.53125,1,P19_CV0,1,0,2,2,0
11,0.978618342232764,0.7991585642167236,R11_F11_m11f20_P11_Y6_UO671,R11_F11_m11f20_P11_Y4_UO1140,R20_F20_m20f11_P20_Y2_UO1302,FXX,2,0.0,1,0,1.0,0,0,0,-9999.0,0.59375,1,P19_CV0,1,2,0,1,1
11,0.978618342232764,0.7991585642167236,RD11_F10_m10f11_P10_Y6_UO624,R10_F10_m10f7_P10_Y4_UO1120,RD11_F10_m10f7_P10_Y4_UO562,MXY,2,0.0,1,0,0.0,0,0,0,-9999.0,0.53125,1,P19_CV0,1,0,2,1,1
11,0.978618342232764,0.7991585642167236,RD11_F20_m20f11_P20_Y5_UO805,R20_F20_m11f20_P11_Y3_UO882,RD11_F10_m10f7_P10_Y2_UO1428,FXX,3,0.0,1,0,1.0,0,0,0,-9999.0,0.6875,1,P19_CV0,1,2,0,2,0
11,0.978618342232764,0.7991585642167236,RD11_F20_m20f11_P20_Y7_UO755,R20_F20_m20f11_P20_Y5_UO398,R11_F11_m11f20_P11_Y5_UO813,MXY,1,0.0,0,0,0.0,0,0,0,-9999.0,0.53125,1,P3_CV0,1,0,2,2,0
11,0.978618342232764,0.7991585642167236,RD11_F20_m20f11_P20_Y7_UO753,R20_F20_m20f11_P20_Y5_UO398,R11_F11_m11f20_P11_Y5_UO813,MXY,1,0.0,0,0,0.0,0,0,0,-9999.0,0.53125,1,P3_CV0,1,1,1,2,0
11,0.978618342232764,0.7991585642167236,RD11_F10_m10f7_P10_Y6_UO427,R10_F10_m10f7_P10_Y4_UO1324,RD7_F10_m4f12_P4_Y3_UO773,MXY,2,0.0,1,0,0.0,0,0,0,-9999.0,0.53125,1,P3_CV0,1,1,1,1,1
11,0.978618342232764,0.7991585642167236,RD11_F10_m10f11_P10_Y6_UO1462,R10_F10_m10f7_P10_Y4_UO1261,RD11_F20_m11f20_P11_Y3_UO539,FXX,2,0.0,1,0,1.0,0,0,0,-9999.0,0.5,1,P3_CV0,1,0,2,1,1
11,0.978618342232764,0.7991585642167236,RD11_F20_m20f11_P20_Y7_UO404,RD20_F11_m11f20_P11_Y5_UO207,RD11_F20_m20f11_P20_Y5_UO840,MXY,1,0.0,0,0,0.0,0,0,0,-9999.0,0.34375,1,P4_CV0,1,1,1,2,0
11,0.978618342232764,0.7991585642167236,RD11_F20_m20f11_P20_Y7_UO399,RD20_F11_m11f20_P11_Y5_UO207,RD11_F20_m20f11_P20_Y5_UO840,MXY,1,0.0,0,0,0.0,0,0,0,-9999.0,0.34375,1,P4_CV0,1,1,1,1,1
11,0.978618342232764,0.7991585642167236,R11_F11_m11f20_P11_Y7_UO607,R11_F11_m20f11_P20_Y5_UO25,R20_F20_m11f20_P11_Y5_UO5,MXY,1,0.0,0,0,0.0,0,0,0,-9999.0,0.40625,1,P6_CV0,1,0,2,2,0
11,0.978618342232764,0.7991585642167236,R11_F11_m11f20_P11_Y7_UO605,R11_F11_m20f11_P20_Y5_UO25,R20_F20_m11f20_P11_Y5_UO5,FXX,1,0.0,0,0,0.0,0,0,0,-9999.0,0.40625,1,P6_CV0,1,1,1,1,1
11,0.978618342232764,0.7991585642167236,RD11_F20_m20f11_P20_Y7_UO366,R20_F20_m20f11_P20_Y5_UO602,R11_F11_m11f20_P11_Y4_UO1285,FXX,1,0.0,0,0,0.0,0,0,0,-9999.0,0.53125,1,P6_CV0,1,1,1,1,1
11,0.978618342232764,0.7991585642167236,R11_F11_m11f20_P11_Y7_UO606,R11_F11_m20f11_P20_Y5_UO25,R20_F20_m11f20_P11_Y5_UO5,FXX,1,0.0,0,0,0.0,0,0,0,-9999.0,0.40625,1,P6_CV0,1,0,2,1,1
11,0.978618342232764,0.7991585642167236,RD11_F20_m20f11_P20_Y7_UO386,R20_F20_m20f11_P20_Y5_UO528,R11_F11_m11f20_P11_Y4_UO1285,FXX,1,0.0,0,0,0.0,0,0,0,-9999.0,0.625,1,P6_CV0,1,2,0,0,2
11,0.978618342232764,0.7991585642167236,RD11_F20_m20f11_P20_Y7_UO435,R20_F20_m20f11_P20_Y5_UO527,R11_F11_m11f20_P11_Y5_UO813,FXX,1,0.0,0,0,0.0,0,0,0,-9999.0,0.625,1,P6_CV0,1,1,1,2,0
11,0.978618342232764,0.7991585642167236,RD11_F20_m20f11_P20_Y7_UO439,R20_F20_m20f11_P20_Y5_UO527,R11_F11_m11f20_P11_Y5_UO813,MXY,1,0.0,0,0,0.0,0,0,0,-9999.0,0.625,1,P6_CV0,1,1,1,2,0
11,0.978618342232764,0.7991585642167236,R11_F11_m11f20_P11_Y5_UO813,R11_F11_m11f20_P11_Y3_UO849,RD20_F10_m10f7_P10_Y3_UO667,MXY,3,0.0,1,0,0.0,0,0,0,-9999.0,0.5625,1,P6_CV0,1,0,2,2,0
11,0.978618342232764,0.7991585642167236,RD11_F10_m10f7_P10_Y7_UO361,R10_F10_m7f4_P7_Y5_UO591,RD7_F10_m10f7_P10_Y5_UO901,FXX,1,0.0,0,0,0.0,0,0,0,-9999.0,0.4375,1,P9_CV0,1,1,1,1,1
11,0.978618342232764,0.7991585642167236,RD11_F10_m10f7_P10_Y7_UO517,R10_F10_m7f4_P7_Y5_UO591,R7_F7_m7f4_P7_Y5_UO416,MXY,1,0.0,0,0,0.0,0,0,0,-9999.0,0.3125,1,P9_CV0,1,2,0,1,1
11,0.978618342232764,0.7991585642167236,RD11_F10_m10f11_P10_Y6_UO49,R10_F10_m10f7_P10_Y4_UO1118,RD11_F20_m11f20_P11_Y4_UO1002,FXX,2,0.0,1,0,1.0,0,0,0,-9999.0,0.5,1,P9_CV0,1,2,0,1,1
11,0.978618342232764,0.7991585642167236,RD11_F10_m11f20_P11_Y4_UO500,RD11_F20_m20f11_P20_Y2_UO924,R20_F20_m11f20_P11_Y2_UO1228,FXX,4,0.0,1,0,1.0,0,0,0,-9999.0,0.5,1,P9_CV0,1,1,1,0,2
12,0.46147936225293185,0.7805291762864555,RD12_F1_m1f19_P1_Y7_UO547,R1_F1_m1f19_P1_Y5_UO1037,R19_F19_m19f17_P19_Y5_UO957,MXY,1,0.0,0,0,0.0,0,0,0,-9999.0,0.5,1,P0_CV0,1,1,1,2,0
12,0.46147936225293185,0.7805291762864555,R12_F12_m12f4_P12_Y6_UO105,R12_F12_m1f19_P1_Y4_UO11,RD4_F7_m10f11_P10_Y4_UO1245,MXY,2,0.0,1,0,0.0,0,0,0,-9999.0,0.5,1,P0_CV0,1,2,0,2,0
12,0.46147936225293185,0.7805291762864555,R12_F12_m1f19_P1_Y6_UO1473,RD1_F12_m1f12_P1_Y4_UO131,RD19_F1_m12f1_P12_Y4_UO767,FXX,2,0.0,1,0,1.0,0,0,0,-9999.0,0.65625,1,P0_CV0,1,2,0,2,0
12,0.46147936225293185,0.7805291762864555,R12_F12_m12f4_P12_Y6_UO934,RD12_F1_m19f2_P19_Y4_UO45,RD4_F12_m12f1_P12_Y4_UO566,MXY,2,0.0,1,0,0.0,0,0,0,-9999.0,0.25,1,P0_CV0,1,1,1,0,2
12,0.46147936225293185,0.7805291762864555,R12_F12_m12f4_P12_Y6_UO361,R12_F12_m12f1_P12_Y4_UO592,R4_F4_m4f12_P4_Y4_UO1229,FXX,2,0.0,1,0,1.0,0,0,0,-9999.0,0.5625,1,P0_CV0,1,2,0,1,1
12,0.46147936225293185,0.7805291762864555,RD12_F1_m12f4_P12_Y6_UO1203,R12_F12_m12f4_P12_Y4_UO690,RD4_F12_m1f19_P1_Y4_UO1306,MXY,2,0.0,1,0,0.0,0,0,0,-9999.0,0.53125,1,P0_CV0,1,1,1,2,0
12,0.46147936225293185,0.7805291762864555,R12_F12_m4f7_P4_Y6_UO275,RD4_F12_m1f19_P1_Y4_UO1307,RD7_F12_m1f19_P1_Y4_UO670,FXX,2,0.0,1,0,1.0,0,0,0,-9999.0,0.5625,1,P0_CV0,1,0,2,2,0
12,0.46147936225293185,0.7805291762864555,R12_F12_m12f4_P12_Y6_UO362,R12_F12_m12f1_P12_Y4_UO592,R4_F4_m4f12_P4_Y4_UO1229,FXX,2,0.0,1,0,1.0,0,0,0,-9999.0,0.5625,1,P0_CV0,1,2,0,1,1
12,0.46147936225293185,0.7805291762864555,RD12_F1_m1f12_P1_Y6_UO89,R1_F1_m1f19_P1_Y4_UO1123,R12_F12_m4f12_P4_Y4_UO161,MXY,2,0.0,1,0,0.0,0,0,0,-9999.0,0.4375,1,P0_CV0,1,1,1,1,1
12,0.46147936225293185,0.7805291762864555,RD12_F1_m1f12_P1_Y6_UO995,RD1_F12_m1f12_P1_Y4_UO131,R12_F12_m4f7_P4_Y4_UO686,FXX,2,0.0,1,0,1.0,0,0,0,-9999.0,0.5625,1,P0_CV0,1,2,0,1,1
12,0.46147936225293185,0.7805291762864555,R12_F12_m12f1_P12_Y6_UO1027,R12_F12_m4f12_P4_Y4_UO162,R1_F1_m1f12_P1_Y4_UO1084,FXX,2,0.0,1,0,1.0,0,0,0,-9999.0,0.53125,1,P0_CV0,1,0,2,2,0
12,0.46147936225293185,0.7805291762864555,RD12_F1_m1f19_P1_Y6_UO368,R1_F1_m1f19_P1_Y4_UO486,R19_F19_m2f19_P2_Y4_UO1443,MXY,2,0.0,1,0,0.0,0,0,0,-9999.0,0.46875,1,P0_CV0,1,2,0,1,1
12,0.46147936225293185,0.7805291762864555,RD12_F1_m3f17_P3_Y6_UO192,RD3_F1_m1f12_P1_Y4_UO166,RD17_F3_m3f17_P3_Y4_UO525,FXX,2,0.0,1,0,1.0,0,0,0,-9999.0,0.25,1,P11_CV0,1,0,2,1,1
12,0.46147936225293185,0.7805291762864555,R12_F12_m12f7_P12_Y6_UO895,RD12_F1_m19f2_P19_Y4_UO45,RD7_F4_m7f1_P7_Y4_UO806,MXY,2,0.0,1,0,0.0,0,0,0,-9999.0,0.375,1,P11_CV0,1,0,2,2,0
12,0.46147936225293185,0.7805291762864555,R12_F12_m1f12_P1_Y6_UO725,RD1_F12_m4f12_P4_Y4_UO1457,R12_F12_m4f12_P4_Y4_UO27,MXY,2,0.0,1,0,0.0,0,0,0,-9999.0,0.46875,1,P11_CV0,1,2,0,1,1
12,0.46147936225293185,0.7805291762864555,RD12_F1_m1f19_P1_Y6_UO316,R1_F1_m19f2_P19_Y4_UO197,R19_F19_m19f2_P19_Y4_UO1131,MXY,2,0.0,1,0,0.0,0,0,0,-9999.0,0.65625,1,P11_CV0,1,1,1,1,1
12,0.46147936225293185,0.7805291762864555,RD12_F4_m4f7_P4_Y6_UO308,RD4_F12_m12f4_P12_Y4_UO533,R7_F7_m4f12_P4_Y4_UO277,FXX,2,0.0,1,0,1.0,0,0,0,-9999.0,0.53125,1,P11_CV0,1,2,0,0,2
12,0.46147936225293185,0.7805291762864555,RD12_F16_m16f12_P16_Y6_UO1245,RD16_F13_m18f13_P18_Y4_UO601,RD12_F1_m1f12_P1_Y4_UO1036,MXY,2,0.0,1,0,0.0,0,0,0,-9999.0,0.375,1,P11_CV0,1,0,2,1,1
12,0.46147936225293185,0.7805291762864555,R12_F12_m4f12_P4_Y6_UO941,R4_F4_m12f4_P12_Y4_UO520,RD12_F4_m12f3_P12_Y4_UO432,MXY,2,0.0,1,0,0.0,0,0,0,-9999.0,0.65625,1,P11_CV0,1,2,0,1,1
12,0.46147936225293185,0.7805291762864555,RD12_F16_m16f14_P16_Y6_UO125,RD16_F13_m13f18_P13_Y4_UO1340,RD14_F16_m16f12_P16_Y4_UO934,MXY,2,0.0,1,0,0.0,0,0,0,-9999.0,0.71875,1,P11_CV0,1,2,0,1,1
12,0.46147936225293185,0.7805291762864555,R12_F12_m12f4_P12_Y6_UO360,R12_F12_m12f1_P12_Y4_UO592,R4_F4_m4f12_P4_Y4_UO1229,MXY,2,0.0,1,0,0.0,0,0,0,-9999.0,0.5625,1,P11_CV0,1,2,0,0,2
12,0.46147936225293185,0.7805291762864555,RD12_F1_m1f12_P1_Y6_UO479,R1_F1_m1f12_P1_Y4_UO129,R12_F12_m4f12_P4_Y4_UO27,MXY,2,0.0,1,0,0.0,0,0,0,-9999.0,0.59375,1,P11_CV0,1,2,0,1,1
12,0.46147936225293185,0.7805291762864555,R12_F12_m7f12_P7_Y5_UO945,RD7_F12_m12f4_P12_Y3_UO649,R12_F12_m12f4_P12_Y3_UO287,MXY,3,0.0,1,0,0.0,0,0,0,-9999.0,0.6875,1,P11_CV0,1,2,0,1,1
12,0.46147936225293185,0.7805291762864555,R12_F12_m1f19_P1_Y4_UO669,R1_F1_m1f2_P1_Y2_UO377,R19_F19_m19f6_P19_Y2_UO35,MXY,4,0.0,1,0,0.0,0,0,0,-9999.0,0.5625,1,P11_CV0,1,2,0,0,2
12,0.46147936225293185,0.7805291762864555,RD12_F1_m4f7_P4_Y4_UO285,R4_F4_m4f7_P4_Y2_UO1172,R7_F7_m10f7_P10_Y2_UO329,MXY,4,0.0,1,0,0.0,0,0,0,-9999.0,0.625,1,P11_CV0,1,1,1,1,1
12,0.46147936225293185,0.7805291762864555,RD12_F1_m1f12_P1_Y4_UO496,R1_F1_m7f4_P7_Y2_UO636,R12_F12_m4f7_P4_Y2_UO1329,MXY,4,0.0,1,0,0.0,0,0,0,-9999.0,0.6875,1,P11_CV0,1,1,1,1,1
12,0.46147936225293185,0.7805291762864555,RD12_F4_m4f12_P4_Y6_UO640,R4_F4_m4f12_P4_Y4_UO835,RD12_F1_m1f19_P1_Y3_UO998,MXY,2,0.0,1,0,0.0,0,0,0,-9999.0,0.6875,1,P16_CV0,1,0,2,0,2
12,0.46147936225293185,0.7805291762864555,RD12_F1_m12f4_P12_Y6_UO783,RD12_F1_m1f3_P1_Y4_UO1302,RD4_F12_m1f19_P1_Y4_UO669,MXY,2,0.0,1,0,0.0,0,0,0,-9999.0,0.5,1,P16_CV0,1,1,1,0,2
12,0.46147936225293185,0.7805291762864555,R12_F12_m12f4_P12_Y6_UO531,RD12_F1_m1f19_P1_Y4_UO1305,RD4_F12_m4f12_P4_Y4_UO1458,FXX,2,0.0,1,0,1.0,0,0,0,-9999.0,0.46875,1,P16_CV0,1,1,1,1,1
12,0.46147936225293185,0.7805291762864555,R12_F12_m16f14_P16_Y6_UO126,RD16_F13_m13f18_P13_Y4_UO1340,RD14_F16_m16f12_P16_Y4_UO934,FXX,2,0.0,1,0,1.0,0,0,0,-9999.0,0.71875,1,P17_CV0,1,2,0,1,1
12,0.46147936225293185,0.7805291762864555,R12_F12_m16f13_P16_Y6_UO1282,RD16_F12_m12f4_P12_Y4_UO1054,R13_F13_m18f13_P18_Y4_UO600,FXX,2,0.0,1,0,1.0,0,0,0,-9999.0,0.3125,1,P17_CV0,1,0,2,0,2
12,0.46147936225293185,0.7805291762864555,RD12_F4_m4f12_P4_Y7_UO52,R4_F4_m4f7_P4_Y5_UO469,RD12_F1_m19f2_P19_Y4_UO1110,MXY,1,0.0,0,0,0.0,0,0,0,-9999.0,0.5625,1,P18_CV0,1,1,1,1,1
12,0.46147936225293185,0.7805291762864555,RD12_F4_m4f12_P4_Y7_UO44,R4_F4_m4f7_P4_Y5_UO469,RD12_F1_m19f2_P19_Y4_UO1110,MXY,1,0.0,0,0,0.0,0,0,0,-9999.0,0.5625,1,P18_CV0,1,1,1,2,0
12,0.46147936225293185,0.7805291762864555,RD12_F4_m4f12_P4_Y7_UO37,R4_F4_m4f7_P4_Y5_UO469,RD12_F1_m19f2_P19_Y4_UO1110,MXY,1,0.0,0,0,0.0,0,0,0,-9999.0,0.5625,1,P18_CV0,1,1,1,1,1
12,0.46147936225293185,0.7805291762864555,RD12_F16_m16f12_P16_Y7_UO275,R16_F16_m3f17_P3_Y5_UO244,RD12_F1_m19f2_P19_Y4_UO1110,MXY,1,0.0,0,0,0.0,0,0,0,-9999.0,0.625,1,P18_CV0,1,1,1,0,2
12,0.46147936225293185,0.7805291762864555,RD12_F4_m4f12_P4_Y7_UO38,R4_F4_m4f7_P4_Y5_UO469,RD12_F1_m19f2_P19_Y4_UO1110,MXY,1,0.0,0,0,0.0,0,0,0,-9999.0,0.5625,1,P18_CV0,1,2,0,1,1
12,0.46147936225293185,0.7805291762864555,RD12_F1_m12f1_P12_Y6_UO1025,R12_F12_m4f12_P4_Y4_UO162,R1_F1_m1f12_P1_Y4_UO1084,FXX,2,0.0,1,0,1.0,0,0,0,-9999.0,0.53125,1,P18_CV0,1,1,1,2,0
12,0.46147936225293185,0.7805291762864555,RD12_F1_m1f19_P1_Y6_UO1114,R1_F1_m19f2_P19_Y4_UO18,R19_F19_m19f2_P19_Y4_UO39,MXY,2,0.0,1,0,0.0,0,0,0,-9999.0,0.90625,1,P18_CV0,1,1,1,2,0
12,0.46147936225293185,0.7805291762864555,R12_F12_m1f12_P1_Y6_UO740,R1_F1_m12f4_P12_Y4_UO44,R12_F12_m12f4_P12_Y4_UO1152,MXY,2,0.0,1,0,0.0,0,0,0,-9999.0,0.5,1,P18_CV0,1,0,2,2,0
12,0.46147936225293185,0.7805291762864555,RD12_F1_m1f12_P1_Y6_UO1345,RD1_F12_m1f12_P1_Y4_UO1104,R12_F12_m12f4_P12_Y3_UO287,MXY,2,0.0,1,0,0.0,0,0,0,-9999.0,0.625,1,P18_CV0,1,2,0,0,2
12,0.46147936225293185,0.7805291762864555,RD12_F1_m19f2_P19_Y6_UO263,R19_F19_m1f19_P1_Y4_UO671,RD2_F19_m19f2_P19_Y4_UO382,FXX,2,0.0,1,0,1.0,0,0,0,-9999.0,0.53125,1,P18_CV0,1,1,1,1,1
12,0.46147936225293185,0.7805291762864555,RD12_F1_m12f4_P12_Y6_UO256,R12_F12_m12f3_P12_Y4_UO431,RD4_F12_m4f12_P4_Y4_UO1458,MXY,2,0.0,1,0,0.0,0,0,0,-9999.0,0.46875,1,P18_CV0,1,1,1,0,2
12,0.46147936225293185,0.7805291762864555,RD12_F1_m19f2_P19_Y6_UO502,RD19_F3_m3f17_P3_Y4_UO453,RD2_F19_m2f19_P2_Y4_UO1447,FXX,2,0.0,1,0,1.0,0,0,0,-9999.0,0.40625,1,P18_CV0,1,2,0,1,1
12,0.46147936225293185,0.7805291762864555,RD12_F1_m19f2_P19_Y6_UO572,RD19_F2_m2f19_P2_Y4_UO748,RD2_F19_m2f19_P2_Y4_UO1385,FXX,2,0.0,1,0,1.0,0,0,0,-9999.0,0.53125,1,P18_CV0,1,1,1,2,0
12,0.46147936225293185,0.7805291762864555,RD12_F1_m1f12_P1_Y6_UO1347,RD1_F12_m1f12_P1_Y4_UO1104,R12_F12_m12f4_P12_Y3_UO287,FXX,2,0.0,1,0,1.0,0,0,0,-9999.0,0.625,1,P18_CV0,1,1,1,0,2
12,0.46147936225293185,0.7805291762864555,R12_F12_m1f12_P1_Y6_UO737,R1_F1_m19f2_P19_Y4_UO18,RD12_F4_m16f12_P16_Y4_UO1046,MXY,2,0.0,1,0,0.0,0,0,0,-9999.0,0.75,1,P18_CV0,1,0,2,1,1
12,0.46147936225293185,0.7805291762864555,RD12_F1_m1f12_P1_Y6_UO741,R1_F1_m12f4_P12_Y4_UO44,R12_F12_m12f4_P12_Y4_UO1152,MXY,2,0.0,1,0,0.0,0,0,0,-9999.0,0.5,1,P18_CV0,1,0,2,1,1
12,0.46147936225293185,0.7805291762864555,RD12_F1_m19f2_P19_Y6_UO486,R19_F19_m2f19_P2_Y4_UO599,R2_F2_m19f2_P19_Y2_UO790,FXX,2,0.0,1,0,1.0,0,0,0,-9999.0,0.46875,1,P18_CV0,1,2,0,1,1
12,0.46147936225293185,0.7805291762864555,R12_F12_m3f17_P3_Y6_UO1293,RD3_F12_m1f19_P1_Y4_UO366,R17_F17_m17f3_P17_Y4_UO989,MXY,2,0.0,1,0,0.0,0,0,0,-9999.0,0.5,1,P18_CV0,1,1,1,0,2
12,0.46147936225293185,0.7805291762864555,R12_F12_m12f4_P12_Y6_UO998,R12_F12_m12f4_P12_Y4_UO690,RD4_F12_m12f1_P12_Y4_UO501,MXY,2,0.0,1,0,0.0,0,0,0,-9999.0,0.40625,1,P18_CV0,1,2,0,1,1
12,0.46147936225293185,0.7805291762864555,RD12_F1_m1f12_P1_Y6_UO1516,RD1_F12_m12f4_P12_Y4_UO42,RD12_F4_m16f12_P16_Y4_UO1046,FXX,2,0.0,1,0,1.0,0,0,0,-9999.0,0.53125,1,P18_CV0,1,1,1,1,1
12,0.46147936225293185,0.7805291762864555,R12_F12_m1f19_P1_Y6_UO1112,R1_F1_m19f2_P19_Y4_UO18,R19_F19_m19f2_P19_Y4_UO39,FXX,2,0.0,1,0,1.0,0,0,0,-9999.0,0.90625,1,P18_CV0,1,1,1,2,0
12,0.46147936225293185,0.7805291762864555,R12_F12_m12f4_P12_Y6_UO1201,R12_F12_m12f4_P12_Y4_UO690,RD4_F12_m1f19_P1_Y4_UO1306,MXY,2,0.0,1,0,0.0,0,0,0,-9999.0,0.53125,1,P18_CV0,1,1,1,2,0
12,0.46147936225293185,0.7805291762864555,R12_F12_m12f3_P12_Y6_UO378,RD12_F1_m12f4_P12_Y4_UO1148,R3_F3_m3f17_P3_Y4_UO447,MXY,2,0.0,1,0,0.0,0,0,0,-9999.0,0.46875,1,P18_CV0,1,2,0,1,1
12,0.46147936225293185,0.7805291762864555,RD12_F1_m12f3_P12_Y6_UO379,RD12_F1_m12f4_P12_Y4_UO1148,R3_F3_m3f17_P3_Y4_UO447,FXX,2,0.0,1,0,1.0,0,0,0,-9999.0,0.46875,1,P18_CV0,1,2,0,1,1
12,0.46147936225293185,0.7805291762864555,R12_F12_m1f12_P1_Y6_UO549,RD1_F12_m1f12_P1_Y4_UO1104,RD12_F1_m1f12_P1_Y4_UO1357,FXX,2,0.0,1,0,1.0,0,0,0,-9999.0,0.5625,1,P18_CV0,1,2,0,1,1
12,0.46147936225293185,0.7805291762864555,RD12_F1_m1f12_P1_Y6_UO1515,RD1_F12_m12f4_P12_Y4_UO42,RD12_F4_m16f12_P16_Y4_UO1046,MXY,2,0.0,1,0,0.0,0,0,0,-9999.0,0.53125,1,P18_CV0,1,2,0,1,1
12,0.46147936225293185,0.7805291762864555,R12_F12_m1f19_P1_Y6_UO396,R1_F1_m10f7_P10_Y4_UO853,RD19_F2_m15f17_P15_Y3_UO237,FXX,2,0.0,1,0,1.0,0,0,0,-9999.0,0.5,1,P18_CV0,1,2,0,2,0
12,0.46147936225293185,0.7805291762864555,RD12_F1_m12f4_P12_Y6_UO466,RD12_F4_m4f12_P4_Y4_UO1228,RD4_F12_m12f1_P12_Y4_UO566,FXX,2,0.0,1,0,1.0,0,0,0,-9999.0,0.40625,1,P18_CV0,1,1,1,1,1
12,0.46147936225293185,0.7805291762864555,R12_F12_m4f12_P4_Y6_UO451,R4_F4_m4f12_P4_Y4_UO821,R12_F12_m4f7_P4_Y4_UO284,FXX,2,0.0,1,0,1.0,0,0,0,-9999.0,0.5625,1,P19_CV0,1,1,1,1,1
12,0.46147936225293185,0.7805291762864555,R12_F12_m12f1_P12_Y6_UO1286,RD12_F4_m4f12_P4_Y4_UO1087,R1_F1_m1f12_P1_Y4_UO229,MXY,2,0.0,1,0,0.0,0,0,0,-9999.0,0.5625,1,P19_CV0,1,1,1,0,2
12,0.46147936225293185,0.7805291762864555,RD12_F1_m12f4_P12_Y6_UO547,R12_F12_m4f12_P4_Y4_UO387,R4_F4_m4f12_P4_Y4_UO1086,MXY,2,0.0,1,0,0.0,0,0,0,-9999.0,0.625,1,P19_CV0,1,2,0,1,1
12,0.46147936225293185,0.7805291762864555,R12_F12_m7f4_P7_Y6_UO1032,RD7_F10_m10f11_P10_Y4_UO365,R4_F4_m7f4_P7_Y4_UO609,FXX,2,0.0,1,0,1.0,0,0,0,-9999.0,0.4375,1,P19_CV0,1,1,1,1,1
12,0.46147936225293185,0.7805291762864555,RD12_F7_m7f4_P7_Y6_UO1030,RD7_F10_m10f11_P10_Y4_UO365,R4_F4_m7f4_P7_Y4_UO609,MXY,2,0.0,1,0,0.0,0,0,0,-9999.0,0.4375,1,P19_CV0,1,1,1,0,2
12,0.46147936225293185,0.7805291762864555,RD12_F3_m3f17_P3_Y7_UO194,R3_F3_m17f2_P17_Y5_UO988,R17_F17_m3f17_P3_Y5_UO927,MXY,1,0.0,0,0,0.0,0,0,0,-9999.0,0.4375,1,P1_CV0,1,0,2,1,1
12,0.46147936225293185,0.7805291762864555,RD12_F3_m3f17_P3_Y7_UO203,R3_F3_m17f2_P17_Y5_UO988,R17_F17_m3f17_P3_Y5_UO927,MXY,1,0.0,0,0,0.0,0,0,0,-9999.0,0.4375,1,P1_CV0,1,0,2,1,1
12,0.46147936225293185,0.7805291762864555,RD12_F1_m1f19_P1_Y7_UO554,R1_F1_m1f19_P1_Y5_UO1037,R19_F19_m19f17_P19_Y5_UO957,MXY,1,0.0,0,0,0.0,0,0,0,-9999.0,0.5,1,P1_CV0,1,1,1,2,0
12,0.46147936225293185,0.7805291762864555,RD12_F1_m1f19_P1_Y7_UO552,R1_F1_m1f19_P1_Y5_UO1037,R19_F19_m19f17_P19_Y5_UO957,FXX,1,0.0,0,0,0.0,0,0,0,-9999.0,0.5,1,P1_CV0,1,1,1,1,1
12,0.46147936225293185,0.7805291762864555,RD12_F1_m1f19_P1_Y6_UO1232,R1_F1_m1f19_P1_Y4_UO19,R19_F19_m19f2_P19_Y4_UO380,FXX,2,0.0,1,0,1.0,0,0,0,-9999.0,0.34375,1,P1_CV0,1,1,1,2,0
12,0.46147936225293185,0.7805291762864555,RD12_F1_m19f2_P19_Y6_UO313,RD19_F2_m2f19_P2_Y4_UO1449,RD2_F15_m2f19_P2_Y3_UO1126,MXY,2,0.0,1,0,0.0,0,0,0,-9999.0,0.5,1,P1_CV0,1,1,1,1,1
12,0.46147936225293185,0.7805291762864555,RD12_F1_m1f12_P1_Y6_UO483,R1_F1_m1f12_P1_Y4_UO129,R12_F12_m12f4_P12_Y3_UO287,FXX,2,0.0,1,0,1.0,0,0,0,-9999.0,0.75,1,P1_CV0,1,1,1,0,2
12,0.46147936225293185,0.7805291762864555,RD12_F1_m1f12_P1_Y6_UO482,R1_F1_m1f12_P1_Y4_UO129,R12_F12_m12f4_P12_Y3_UO287,MXY,2,0.0,1,0,0.0,0,0,0,-9999.0,0.75,1,P1_CV0,1,2,0,0,2
12,0.46147936225293185,0.7805291762864555,RD12_F3_m17f3_P17_Y6_UO1147,R17_F17_m3f17_P3_Y4_UO1083,R3_F3_m17f3_P17_Y4_UO1415,MXY,2,0.0,1,0,0.0,0,0,0,-9999.0,0.375,1,P1_CV0,1,0,2,1,1
12,0.46147936225293185,0.7805291762864555,RD12_F1_m1f12_P1_Y6_UO86,R1_F1_m1f19_P1_Y4_UO19,RD12_F1_m1f19_P1_Y4_UO1068,FXX,2,0.0,1,0,1.0,0,0,0,-9999.0,0.21875,1,P1_CV0,1,0,2,2,0
12,0.46147936225293185,0.7805291762864555,RD12_F1_m19f2_P19_Y5_UO831,R19_F19_m19f1_P19_Y3_UO917,R2_F2_m2f17_P2_Y3_UO857,MXY,3,0.0,1,0,0.0,0,0,0,-9999.0,0.4375,1,P1_CV0,1,0,2,1,1
12,0.46147936225293185,0.7805291762864555,RD12_F3_m3f1_P3_Y7_UO674,RD3_F17_m17f3_P17_Y5_UO298,RD1_F2_m19f2_P19_Y5_UO831,FXX,1,0.0,0,0,0.0,0,0,0,-9999.0,0.53125,1,P2_CV0,1,1,1,0,2
12,0.46147936225293185,0.7805291762864555,RD12_F1_m1f12_P1_Y6_UO996,RD1_F12_m1f12_P1_Y4_UO131,R12_F12_m4f7_P4_Y4_UO686,FXX,2,0.0,1,0,1.0,0,0,0,-9999.0,0.5625,1,P2_CV0,1,2,0,1,1
12,0.46147936225293185,0.7805291762864555,R12_F12_m3f17_P3_Y6_UO397,R3_F3_m17f3_P17_Y4_UO1395,RD17_F3_m3f17_P3_Y4_UO210,FXX,2,0.0,1,0,1.0,0,0,0,-9999.0,0.625,1,P2_CV0,1,1,1,0,2
12,0.46147936225293185,0.7805291762864555,RD12_F4_m4f12_P4_Y6_UO1383,RD4_F12_m12f4_P12_Y4_UO693,RD12_F1_m3f17_P3_Y3_UO55,FXX,2,0.0,1,0,1.0,0,0,0,-9999.0,0.5625,1,P2_CV0,1,1,1,1,1
12,0.46147936225293185,0.7805291762864555,RD12_F4_m12f1_P12_Y6_UO464,RD12_F4_m4f16_P4_Y4_UO789,RD1_F17_m3f17_P3_Y2_UO1156,FXX,2,0.0,1,0,1.0,0,0,0,-9999.0,0.625,1,P2_CV0,1,2,0,0,2
12,0.46147936225293185,0.7805291762864555,R12_F12_m4f12_P4_Y6_UO1384,RD4_F12_m12f4_P12_Y4_UO693,RD12_F1_m3f17_P3_Y3_UO55,MXY,2,0.0,1,0,0.0,0,0,0,-9999.0,0.5625,1,P2_CV0,1,1,1,2,0
12,0.46147936225293185,0.7805291762864555,R12_F12_m12f1_P12_Y6_UO785,RD12_F4_m16f13_P16_Y4_UO9,R1_F1_m19f2_P19_Y4_UO195,MXY,2,0.0,1,0,0.0,0,0,0,-9999.0,0.46875,1,P2_CV0,1,1,1,1,1
12,0.46147936225293185,0.7805291762864555,R12_F12_m4f7_P4_Y6_UO417,R4_F4_m4f12_P4_Y4_UO821,RD7_F4_m4f16_P4_Y4_UO793,FXX,2,0.0,1,0,1.0,0,0,0,-9999.0,0.5625,1,P2_CV0,1,1,1,1,1
12,0.46147936225293185,0.7805291762864555,R12_F12_m12f1_P12_Y6_UO756,R12_F12_m1f17_P1_Y4_UO627,RD1_F12_m12f4_P12_Y4_UO531,MXY,2,0.0,1,0,0.0,0,0,0,-9999.0,0.53125,1,P2_CV0,1,2,0,0,2
12,0.46147936225293185,0.7805291762864555,R12_F12_m12f4_P12_Y6_UO90,R12_F12_m12f4_P12_Y4_UO404,RD4_F12_m1f19_P1_Y4_UO1160,MXY,2,0.0,1,0,0.0,0,0,0,-9999.0,0.5625,1,P2_CV0,1,1,1,1,1
12,0.46147936225293185,0.7805291762864555,R12_F12_m12f1_P12_Y6_UO757,R12_F12_m1f17_P1_Y4_UO627,RD1_F12_m12f4_P12_Y4_UO531,MXY,2,0.0,1,0,0.0,0,0,0,-9999.0,0.53125,1,P2_CV0,1,1,1,0,2
12,0.46147936225293185,0.7805291762864555,RD12_F3_m3f17_P3_Y5_UO500,R3_F3_m3f17_P3_Y3_UO375,R17_F17_m17f15_P17_Y3_UO225,MXY,3,0.0,1,0,0.0,0,0,0,-9999.0,0.5625,1,P2_CV0,1,2,0,1,1
12,0.46147936225293185,0.7805291762864555,R12_F12_m17f3_P17_Y5_UO37,RD17_F3_m3f17_P3_Y3_UO374,R3_F3_m3f17_P3_Y3_UO383,FXX,3,0.0,1,0,1.0,0,0,0,-9999.0,0.625,1,P2_CV0,1,0,2,1,1
12,0.46147936225293185,0.7805291762864555,R12_F12_m4f7_P4_Y4_UO686,RD4_F7_m10f7_P10_Y2_UO1187,RD7_F4_m4f12_P4_Y2_UO111,MXY,4,0.0,1,0,0.0,0,0,0,-9999.0,0.5,1,P2_CV0,1,2,0,0,2
12,0.46147936225293185,0.7805291762864555,R12_F12_m1f12_P1_Y6_UO484,R1_F1_m1f12_P1_Y4_UO129,R12_F12_m12f4_P12_Y3_UO287,FXX,2,0.0,1,0,1.0,0,0,0,-9999.0,0.75,1,P3_CV0,1,2,0,0,2
12,0.46147936225293185,0.7805291762864555,R12_F12_m1f12_P1_Y6_UO999,R1_F1_m1f12_P1_Y4_UO227,R12_F12_m4f7_P4_Y4_UO284,FXX,2,0.0,1,0,1.0,0,0,0,-9999.0,0.53125,1,P3_CV0,1,2,0,0,2
12,0.46147936225293185,0.7805291762864555,RD12_F1_m12f1_P12_Y6_UO1538,RD12_F3_m17f3_P17_Y4_UO479,R1_F1_m12f4_P12_Y4_UO1149,MXY,2,0.0,1,0,0.0,0,0,0,-9999.0,0.5,1,P3_CV0,1,1,1,1,1
12,0.46147936225293185,0.7805291762864555,R12_F12_m4f12_P4_Y5_UO335,RD4_F7_m7f12_P7_Y3_UO162,R12_F12_m1f19_P1_Y2_UO273,MXY,3,0.0,1,0,0.0,0,0,0,-9999.0,0.625,1,P3_CV0,1,1,1,1,1
12,0.46147936225293185,0.7805291762864555,RD12_F1_m1f19_P1_Y6_UO1474,RD1_F12_m1f12_P1_Y4_UO131,RD19_F1_m12f1_P12_Y4_UO767,FXX,2,0.0,1,0,1.0,0,0,0,-9999.0,0.65625,1,P6_CV0,1,1,1,2,0
13,0.11827442586893322,0.6399210213275238,R13_F13_m13f18_P13_Y7_UO105,R13_F13_m13f9_P13_Y5_UO146,RD18_F13_m18f13_P18_Y4_UO583,FXX,1,0.0,0,0,0.0,0,0,0,-9999.0,0.5625,1,P12_CV0,1,1,1,2,0
13,0.11827442586893322,0.6399210213275238,R13_F13_m13f18_P13_Y7_UO109,R13_F13_m13f9_P13_Y5_UO146,RD18_F13_m18f13_P18_Y4_UO583,MXY,1,0.0,0,0,0.0,0,0,0,-9999.0,0.5625,1,P12_CV0,1,1,1,1,1
13,0.11827442586893322,0.6399210213275238,R13_F13_m13f18_P13_Y7_UO115,R13_F13_m13f9_P13_Y5_UO146,RD18_F13_m18f13_P18_Y4_UO583,FXX,1,0.0,0,0,0.0,0,0,0,-9999.0,0.5625,1,P12_CV0,1,1,1,1,1
13,0.11827442586893322,0.6399210213275238,R13_F13_m13f18_P13_Y7_UO219,RD13_F18_m8f18_P8_Y5_UO972,R18_F18_m13f18_P13_Y5_UO848,MXY,1,0.0,0,0,0.0,0,0,0,-9999.0,0.65625,1,P12_CV0,1,2,0,1,1
13,0.11827442586893322,0.6399210213275238,R13_F13_m13f18_P13_Y7_UO221,RD13_F18_m8f18_P8_Y5_UO972,R18_F18_m13f18_P13_Y5_UO848,FXX,1,0.0,0,0,0.0,0,0,0,-9999.0,0.65625,1,P12_CV0,1,2,0,1,1
13,0.11827442586893322,0.6399210213275238,R13_F13_m13f18_P13_Y7_UO229,RD13_F18_m8f18_P8_Y5_UO972,R18_F18_m13f18_P13_Y5_UO848,FXX,1,0.0,0,0,0.0,0,0,0,-9999.0,0.65625,1,P12_CV0,1,2,0,1,1
13,0.11827442586893322,0.6399210213275238,R13_F13_m13f18_P13_Y7_UO236,RD13_F18_m8f18_P8_Y5_UO972,R18_F18_m13f18_P13_Y5_UO848,MXY,1,0.0,0,0,0.0,0,0,0,-9999.0,0.65625,1,P12_CV0,1,2,0,0,2
13,0.11827442586893322,0.6399210213275238,R13_F13_m13f18_P13_Y7_UO312,R13_F13_m13f9_P13_Y5_UO146,R18_F18_m18f13_P18_Y4_UO1167,FXX,1,0.0,0,0,0.0,0,0,0,-9999.0,0.5,1,P12_CV0,1,1,1,1,1
13,0.11827442586893322,0.6399210213275238,R13_F13_m13f18_P13_Y7_UO314,R13_F13_m13f9_P13_Y5_UO146,R18_F18_m18f13_P18_Y4_UO1167,MXY,1,0.0,0,0,0.0,0,0,0,-9999.0,0.5,1,P12_CV0,1,1,1,1,1
13,0.11827442586893322,0.6399210213275238,R13_F13_m13f18_P13_Y7_UO316,R13_F13_m13f9_P13_Y5_UO146,R18_F18_m18f13_P18_Y4_UO1167,MXY,1,0.0,0,0,0.0,0,0,0,-9999.0,0.5,1,P12_CV0,1,1,1,1,1
13,0.11827442586893322,0.6399210213275238,R13_F13_m13f18_P13_Y7_UO318,R13_F13_m13f9_P13_Y5_UO146,R18_F18_m18f13_P18_Y4_UO1167,FXX,1,0.0,0,0,0.0,0,0,0,-9999.0,0.5,1,P12_CV0,1,1,1,1,1
13,0.11827442586893322,0.6399210213275238,RD13_F18_m18f13_P18_Y7_UO161,RD18_F13_m13f9_P13_Y5_UO147,R13_F13_m15f17_P15_Y2_UO348,MXY,1,0.0,0,0,0.0,0,0,0,-9999.0,0.625,1,P12_CV0,1,1,1,1,1
13,0.11827442586893322,0.6399210213275238,RD13_F18_m18f13_P18_Y7_UO168,RD18_F13_m13f9_P13_Y5_UO147,R13_F13_m15f17_P15_Y2_UO348,FXX,1,0.0,0,0,0.0,0,0,0,-9999.0,0.625,1,P12_CV0,1,1,1,1,1
13,0.11827442586893322,0.6399210213275238,RD13_F8_m15f2_P15_Y6_UO1067,RD15_F8_m8f13_P8_Y4_UO52,RD2_F19_m19f2_P19_Y3_UO562,FXX,2,0.0,1,0,1.0,0,0,0,-9999.0,0.5,1,P12_CV0,1,2,0,2,0
13,0.11827442586893322,0.6399210213275238,R13_F13_m18f9_P18_Y6_UO258,RD18_F8_m8f18_P8_Y4_UO803,RD9_F14_m9f18_P9_Y4_UO658,MXY,2,0.0,1,0,0.0,0,0,0,-9999.0,0.59375,1,P12_CV0,1,1,1,1,1
13,0.11827442586893322,0.6399210213275238,R13_F13_m13f18_P13_Y6_UO925,R13_F13_m18f13_P18_Y4_UO667,R18_F18_m18f13_P18_Y2_UO872,FXX,2,0.0,1,0,1.0,0,0,0,-9999.0,0.46875,1,P12_CV0,1,2,0,1,1
13,0.11827442586893322,0.6399210213275238,R13_F13_m18f13_P18_Y6_UO1226,R18_F18_m18f13_P18_Y4_UO554,RD13_F18_m18f13_P18_Y4_UO1237,MXY,2,0.0,1,0,0.0,0,0,0,-9999.0,0.625,1,P12_CV0,1,2,0,2,0
13,0.11827442586893322,0.6399210213275238,R13_F13_m13f18_P13_Y6_UO650,RD13_F18_m13f18_P13_Y4_UO738,R18_F18_m13f18_P13_Y4_UO69,MXY,2,0.0,1,0,0.0,0,0,0,-9999.0,0.5625,1,P12_CV0,1,2,0,0,2
13,0.11827442586893322,0.6399210213275238,R13_F13_m13f18_P13_Y6_UO651,RD13_F18_m13f18_P13_Y4_UO738,R18_F18_m13f18_P13_Y4_UO69,MXY,2,0.0,1,0,0.0,0,0,0,-9999.0,0.5625,1,P12_CV0,1,1,1,0,2
13,0.11827442586893322,0.6399210213275238,R13_F13_m13f18_P13_Y6_UO1131,R13_F13_m13f18_P13_Y4_UO67,RD18_F13_m18f13_P18_Y4_UO1365,FXX,2,0.0,1,0,1.0,0,0,0,-9999.0,0.3125,1,P12_CV0,1,1,1,2,0
13,0.11827442586893322,0.6399210213275238,RD13_F18_m8f13_P8_Y6_UO1510,R8_F8_m8f18_P8_Y4_UO802,RD13_F18_m18f13_P18_Y4_UO253,FXX,2,0.0,1,0,1.0,0,0,0,-9999.0,0.59375,1,P12_CV0,1,1,1,1,1
13,0.11827442586893322,0.6399210213275238,RD13_F18_m13f18_P13_Y6_UO1017,R13_F13_m13f18_P13_Y4_UO313,R18_F18_m13f18_P13_Y4_UO157,FXX,2,0.0,1,0,1.0,0,0,0,-9999.0,0.53125,1,P12_CV0,1,1,1,1,1
13,0.11827442586893322,0.6399210213275238,RD13_F18_m18f13_P18_Y6_UO1522,RD18_F13_m13f18_P13_Y4_UO399,RD13_F18_m18f13_P18_Y4_UO588,FXX,2,0.0,1,0,1.0,0,0,0,-9999.0,0.3125,1,P12_CV0,1,0,2,2,0
13,0.11827442586893322,0.6399210213275238,RD13_F18_m18f13_P18_Y6_UO1194,R18_F18_m13f18_P13_Y4_UO268,R13_F13_m13f18_P13_Y4_UO312,MXY,2,0.0,1,0,0.0,0,0,0,-9999.0,0.53125,1,P12_CV0,1,2,0,1,1
13,0.11827442586893322,0.6399210213275238,RD13_F18_m8f18_P8_Y6_UO374,R8_F8_m15f17_P15_Y4_UO866,R18_F18_m18f13_P18_Y3_UO521,MXY,2,0.0,1,0,0.0,0,0,0,-9999.0,0.4375,1,P12_CV0,1,1,1,0,2
13,0.11827442586893322,0.6399210213275238,RD13_F18_m8f13_P8_Y6_UO523,RD8_F15_m2f19_P2_Y4_UO1410,RD13_F18_m18f13_P18_Y4_UO588,MXY,2,0.0,1,0,0.0,0,0,0,-9999.0,0.1875,1,P12_CV0,1,0,2,1,1
13,0.11827442586893322,0.6399210213275238,RD13_F18_m13f18_P13_Y6_UO965,R13_F13_m18f13_P18_Y4_UO668,R18_F18_m18f13_P18_Y4_UO581,MXY,2,0.0,1,0,0.0,0,0,0,-9999.0,0.46875,1,P12_CV0,1,1,1,2,0
13,0.11827442586893322,0.6399210213275238,RD13_F18_m18f13_P18_Y6_UO1225,R18_F18_m18f13_P18_Y4_UO554,RD13_F18_m18f13_P18_Y4_UO1237,FXX,2,0.0,1,0,1.0,0,0,0,-9999.0,0.625,1,P12_CV0,1,2,0,1,1
13,0.11827442586893322,0.6399210213275238,RD13_F18_m18f13_P18_Y6_UO632,R18_F18_m13f18_P13_Y4_UO270,R13_F13_m13f18_P13_Y4_UO397,FXX,2,0.0,1,0,1.0,0,0,0,-9999.0,0.46875,1,P12_CV0,1,1,1,1,1
13,0.11827442586893322,0.6399210213275238,RD13_F18_m18f9_P18_Y6_UO257,RD18_F8_m8f18_P8_Y4_UO803,RD9_F14_m9f18_P9_Y4_UO658,MXY,2,0.0,1,0,0.0,0,0,0,-9999.0,0.59375,1,P12_CV0,1,0,2,2,0
13,0.11827442586893322,0.6399210213275238,RD13_F18_m18f13_P18_Y6_UO221,R18_F18_m18f13_P18_Y4_UO493,R13_F13_m13f18_P13_Y4_UO516,MXY,2,0.0,1,0,0.0,0,0,0,-9999.0,0.34375,1,P12_CV0,1,2,0,0,2
13,0.11827442586893322,0.6399210213275238,RD13_F18_m8f18_P8_Y6_UO199,RD8_F15_m2f19_P2_Y4_UO747,RD18_F13_m13f18_P13_Y4_UO771,FXX,2,0.0,1,0,1.0,0,0,0,-9999.0,0.46875,1,P12_CV0,1,2,0,1,1
13,0.11827442586893322,0.6399210213275238,RD13_F18_m18f13_P18_Y6_UO1367,R18_F18_m18f13_P18_Y4_UO203,RD13_F18_m13f18_P13_Y4_UO964,FXX,2,0.0,1,0,1.0,0,0,0,-9999.0,0.375,1,P12_CV0,1,2,0,1,1
13,0.11827442586893322,0.6399210213275238,RD13_F18_m18f13_P18_Y6_UO806,RD18_F13_m13f18_P13_Y4_UO399,RD13_F18_m8f18_P8_Y4_UO985,FXX,2,0.0,1,0,1.0,0,0,0,-9999.0,0.4375,1,P12_CV0,1,1,1,1,1
13,0.11827442586893322,0.6399210213275238,R13_F13_m13f18_P13_Y7_UO100,R13_F13_m13f9_P13_Y5_UO146,RD18_F13_m18f13_P18_Y4_UO583,MXY,1,0.0,0,0,0.0,0,0,0,-9999.0,0.5625,1,P15_CV0,1,2,0,1,1
13,0.11827442586893322,0.6399210213275238,R13_F13_m13f18_P13_Y7_UO102,R13_F13_m13f9_P13_Y5_UO146,RD18_F13_m18f13_P18_Y4_UO583,FXX,1,0.0,0,0,0.0,0,0,0,-9999.0,0.5625,1,P15_CV0,1,1,1,2,0
13,0.11827442586893322,0.6399210213275238,R13_F13_m13f18_P13_Y7_UO104,R13_F13_m13f9_P13_Y5_UO146,RD18_F13_m18f13_P18_Y4_UO583,FXX,1,0.0,0,0,0.0,0,0,0,-9999.0,0.5625,1,P15_CV0,1,1,1,1,1
13,0.11827442586893322,0.6399210213275238,R13_F13_m13f18_P13_Y7_UO108,R13_F13_m13f9_P13_Y5_UO146,RD18_F13_m18f13_P18_Y4_UO583,FXX,1,0.0,0,0,0.0,0,0,0,-9999.0,0.5625,1,P15_CV0,1,1,1,1,1
13,0.11827442586893322,0.6399210213275238,R13_F13_m13f18_P13_Y7_UO110,R13_F13_m13f9_P13_Y5_UO146,RD18_F13_m18f13_P18_Y4_UO583,MXY,1,0.0,0,0,0.0,0,0,0,-9999.0,0.5625,1,P15_CV0,1,1,1,1,1
13,0.11827442586893322,0.6399210213275238,R13_F13_m13f18_P13_Y7_UO111,R13_F13_m13f9_P13_Y5_UO146,RD18_F13_m18f13_P18_Y4_UO583,FXX,1,0.0,0,0,0.0,0,0,0,-9999.0,0.5625,1,P15_CV0,1,2,0,2,0
13,0.11827442586893322,0.6399210213275238,R13_F13_m13f18_P13_Y7_UO113,R13_F13_m13f9_P13_Y5_UO146,RD18_F13_m18f13_P18_Y4_UO583,FXX,1,0.0,0,0,0.0,0,0,0,-9999.0,0.5625,1,P15_CV0,1,1,1,1,1
13,0.11827442586893322,0.6399210213275238,R13_F13_m13f18_P13_Y6_UO608,RD13_F18_m8f13_P8_Y4_UO1173,R18_F18_m18f13_P18_Y4_UO581,FXX,2,0.0,1,0,1.0,0,0,0,-9999.0,0.4375,1,P15_CV0,1,1,1,1,1
13,0.11827442586893322,0.6399210213275238,R13_F13_m13f18_P13_Y6_UO1197,RD13_F18_m18f13_P18_Y4_UO783,R18_F18_m18f13_P18_Y4_UO581,MXY,2,0.0,1,0,0.0,0,0,0,-9999.0,0.4375,1,P15_CV0,1,0,2,1,1
13,0.11827442586893322,0.6399210213275238,R13_F13_m13f18_P13_Y6_UO612,RD13_F18_m8f13_P8_Y4_UO1173,R18_F18_m18f13_P18_Y4_UO581,MXY,2,0.0,1,0,0.0,0,0,0,-9999.0,0.4375,1,P15_CV0,1,1,1,1,1
13,0.11827442586893322,0.6399210213275238,R13_F13_m13f18_P13_Y7_UO322,R13_F13_m13f9_P13_Y5_UO146,R18_F18_m18f13_P18_Y4_UO1167,MXY,1,0.0,0,0,0.0,0,0,0,-9999.0,0.5,1,P17_CV0,1,1,1,1,1
13,0.11827442586893322,0.6399210213275238,R13_F13_m13f18_P13_Y7_UO323,R13_F13_m13f9_P13_Y5_UO146,R18_F18_m18f13_P18_Y4_UO1167,MXY,1,0.0,0,0,0.0,0,0,0,-9999.0,0.5,1,P17_CV0,1,1,1,1,1
13,0.11827442586893322,0.6399210213275238,RD13_F8_m13f18_P13_Y6_UO1136,RD13_F18_m18f13_P18_Y4_UO1239,R18_F18_m13f18_P13_Y4_UO192,MXY,2,0.0,1,0,0.0,0,0,0,-9999.0,0.6875,1,P17_CV0,1,2,0,2,0
13,0.11827442586893322,0.6399210213275238,RD13_F8_m18f13_P18_Y6_UO862,RD18_F13_m13f18_P13_Y4_UO58,RD13_F18_m13f18_P13_Y4_UO74,FXX,2,0.0,1,0,1.0,0,0,0,-9999.0,0.46875,1,P17_CV0,1,2,0,2,0
13,0.11827442586893322,0.6399210213275238,R13_F13_m13f18_P13_Y6_UO423,R13_F13_m13f18_P13_Y4_UO144,RD18_F13_m18f13_P18_Y4_UO1365,FXX,2,0.0,1,0,1.0,0,0,0,-9999.0,0.375,1,P17_CV0,1,1,1,1,1
13,0.11827442586893322,0.6399210213275238,R13_F13_m13f18_P13_Y6_UO1414,RD13_F18_m8f15_P8_Y4_UO298,R18_F18_m18f13_P18_Y4_UO1167,FXX,2,0.0,1,0,1.0,0,0,0,-9999.0,0.5625,1,P17_CV0,1,0,2,0,2
13,0.11827442586893322,0.6399210213275238,R13_F13_m13f18_P13_Y6_UO1132,R13_F13_m13f18_P13_Y4_UO67,RD18_F13_m18f13_P18_Y4_UO1365,MXY,2,0.0,1,0,0.0,0,0,0,-9999.0,0.3125,1,P17_CV0,1,0,2,2,0
13,0.11827442586893322,0.6399210213275238,R13_F13_m18f13_P18_Y6_UO310,R18_F18_m18f13_P18_Y4_UO203,RD13_F18_m13f18_P13_Y4_UO146,MXY,2,0.0,1,0,0.0,0,0,0,-9999.0,0.375,1,P17_CV0,1,2,0,1,1
13,0.11827442586893322,0.6399210213275238,R13_F13_m13f18_P13_Y6_UO673,R13_F13_m18f13_P18_Y4_UO857,R18_F18_m13f18_P13_Y4_UO1338,MXY,2,0.0,1,0,0.0,0,0,0,-9999.0,0.375,1,P17_CV0,1,2,0,0,2
13,0.11827442586893322,0.6399210213275238,R13_F13_m13f18_P13_Y6_UO653,R13_F13_m13f18_P13_Y4_UO67,R18_F18_m18f13_P18_Y4_UO1417,MXY,2,0.0,1,0,0.0,0,0,0,-9999.0,0.4375,1,P17_CV0,1,1,1,1,1
13,0.11827442586893322,0.6399210213275238,R13_F13_m18f13_P18_Y6_UO477,RD18_F8_m15f17_P15_Y4_UO863,R13_F13_m18f13_P18_Y4_UO600,FXX,2,0.0,1,0,1.0,0,0,0,-9999.0,0.28125,1,P17_CV0,1,0,2,0,2
13,0.11827442586893322,0.6399210213275238,RD13_F18_m18f13_P18_Y6_UO1426,R18_F18_m8f18_P8_Y4_UO1041,RD13_F18_m13f18_P13_Y4_UO74,FXX,2,0.0,1,0,1.0,0,0,0,-9999.0,0.46875,1,P17_CV0,1,0,2,1,1
13,0.11827442586893322,0.6399210213275238,RD13_F18_m13f18_P13_Y6_UO1016,R13_F13_m13f18_P13_Y4_UO313,R18_F18_m13f18_P13_Y4_UO157,FXX,2,0.0,1,0,1.0,0,0,0,-9999.0,0.53125,1,P17_CV0,1,2,0,1,1
13,0.11827442586893322,0.6399210213275238,RD13_F18_m13f18_P13_Y6_UO697,R13_F13_m13f18_P13_Y4_UO144,R18_F18_m13f18_P13_Y4_UO145,FXX,2,0.0,1,0,1.0,0,0,0,-9999.0,0.5,1,P17_CV0,1,2,0,2,0
13,0.11827442586893322,0.6399210213275238,RD13_F18_m13f18_P13_Y6_UO693,R13_F13_m13f18_P13_Y4_UO144,R18_F18_m13f18_P13_Y4_UO145,FXX,2,0.0,1,0,1.0,0,0,0,-9999.0,0.5,1,P17_CV0,1,2,0,2,0
13,0.11827442586893322,0.6399210213275238,RD13_F18_m18f13_P18_Y6_UO476,RD18_F8_m15f17_P15_Y4_UO863,R13_F13_m18f13_P18_Y4_UO600,MXY,2,0.0,1,0,0.0,0,0,0,-9999.0,0.28125,1,P17_CV0,1,0,2,0,2
13,0.11827442586893322,0.6399210213275238,RD13_F18_m13f18_P13_Y6_UO1055,RD13_F18_m8f18_P8_Y4_UO199,R18_F18_m18f13_P18_Y4_UO978,FXX,2,0.0,1,0,1.0,0,0,0,-9999.0,0.375,1,P17_CV0,1,0,2,2,0
13,0.11827442586893322,0.6399210213275238,RD13_F18_m18f13_P18_Y6_UO1427,R18_F18_m8f18_P8_Y4_UO1041,RD13_F18_m13f18_P13_Y4_UO74,MXY,2,0.0,1,0,0.0,0,0,0,-9999.0,0.46875,1,P17_CV0,1,0,2,1,1
13,0.11827442586893322,0.6399210213275238,RD13_F18_m13f18_P13_Y5_UO515,R13_F13_m13f18_P13_Y3_UO604,R18_F18_m18f13_P18_Y2_UO907,FXX,3,0.0,1,0,1.0,0,0,0,-9999.0,0.6875,1,P17_CV0,1,2,0,0,2
13,0.11827442586893322,0.6399210213275238,R13_F13_m13f18_P13_Y4_UO312,R13_F13_m13f18_P13_Y2_UO1324,R18_F18_m18f13_P18_Y2_UO714,MXY,4,0.0,1,0,0.0,0,0,0,-9999.0,0.5625,1,P17_CV0,1,2,0,1,1
13,0.11827442586893322,0.6399210213275238,RD13_F8_m8f18_P8_Y6_UO647,R8_F8_m15f2_P15_Y4_UO462,R18_F18_m18f13_P18_Y4_UO684,FXX,2,0.0,1,0,1.0,0,0,0,-9999.0,0.71875,1,P18_CV0,1,2,0,0,2
13,0.11827442586893322,0.6399210213275238,RD13_F16_m16f3_P16_Y6_UO186,RD16_F12_m12f1_P12_Y4_UO766,R3_F3_m3f17_P3_Y4_UO454,FXX,2,0.0,1,0,1.0,0,0,0,-9999.0,0.5625,1,P18_CV0,1,2,0,1,1
13,0.11827442586893322,0.6399210213275238,RD13_F18_m8f18_P8_Y6_UO643,R8_F8_m15f2_P15_Y4_UO462,R18_F18_m18f13_P18_Y4_UO684,FXX,2,0.0,1,0,1.0,0,0,0,-9999.0,0.71875,1,P18_CV0,1,2,0,1,1
13,0.11827442586893322,0.6399210213275238,RD13_F18_m18f13_P18_Y6_UO220,R18_F18_m18f13_P18_Y4_UO493,R13_F13_m13f18_P13_Y4_UO516,FXX,2,0.0,1,0,1.0,0,0,0,-9999.0,0.34375,1,P18_CV0,1,1,1,0,2
13,0.11827442586893322,0.6399210213275238,R13_F13_m13f18_P13_Y5_UO880,RD13_F16_m3f17_P3_Y3_UO477,RD18_F13_m13f18_P13_Y3_UO422,MXY,3,0.0,1,0,0.0,0,0,0,-9999.0,0.75,1,P18_CV0,1,2,0,2,0
13,0.11827442586893322,0.6399210213275238,R13_F13_m13f18_P13_Y7_UO225,RD13_F18_m8f18_P8_Y5_UO972,R18_F18_m13f18_P13_Y5_UO848,MXY,1,0.0,0,0,0.0,0,0,0,-9999.0,0.65625,1,P1_CV0,1,2,0,0,2
13,0.11827442586893322,0.6399210213275238,R13_F13_m13f18_P13_Y7_UO227,RD13_F18_m8f18_P8_Y5_UO972,R18_F18_m13f18_P13_Y5_UO848,MXY,1,0.0,0,0,0.0,0,0,0,-9999.0,0.65625,1,P1_CV0,1,2,0,1,1
13,0.11827442586893322,0.6399210213275238,R13_F13_m13f18_P13_Y7_UO231,RD13_F18_m8f18_P8_Y5_UO972,R18_F18_m13f18_P13_Y5_UO848,FXX,1,0.0,0,0,0.0,0,0,0,-9999.0,0.65625,1,P1_CV0,1,2,0,0,2
13,0.11827442586893322,0.6399210213275238,R13_F13_m13f18_P13_Y7_UO235,RD13_F18_m8f18_P8_Y5_UO972,R18_F18_m13f18_P13_Y5_UO848,MXY,1,0.0,0,0,0.0,0,0,0,-9999.0,0.65625,1,P1_CV0,1,2,0,1,1
13,0.11827442586893322,0.6399210213275238,R13_F13_m13f18_P13_Y7_UO238,RD13_F18_m8f18_P8_Y5_UO972,R18_F18_m13f18_P13_Y5_UO848,MXY,1,0.0,0,0,0.0,0,0,0,-9999.0,0.65625,1,P1_CV0,1,2,0,1,1
13,0.11827442586893322,0.6399210213275238,R13_F13_m13f18_P13_Y7_UO240,RD13_F18_m8f18_P8_Y5_UO972,R18_F18_m13f18_P13_Y5_UO848,FXX,1,0.0,0,0,0.0,0,0,0,-9999.0,0.65625,1,P1_CV0,1,2,0,0,2
13,0.11827442586893322,0.6399210213275238,R13_F13_m13f18_P13_Y7_UO242,RD13_F18_m8f18_P8_Y5_UO972,R18_F18_m13f18_P13_Y5_UO848,MXY,1,0.0,0,0,0.0,0,0,0,-9999.0,0.65625,1,P1_CV0,1,2,0,0,2
13,0.11827442586893322,0.6399210213275238,R13_F13_m13f18_P13_Y7_UO243,RD13_F18_m8f18_P8_Y5_UO972,R18_F18_m13f18_P13_Y5_UO848,MXY,1,0.0,0,0,0.0,0,0,0,-9999.0,0.65625,1,P1_CV0,1,2,0,1,1
13,0.11827442586893322,0.6399210213275238,RD13_F18_m18f13_P18_Y7_UO159,RD18_F13_m13f9_P13_Y5_UO147,R13_F13_m15f17_P15_Y2_UO348,MXY,1,0.0,0,0,0.0,0,0,0,-9999.0,0.625,1,P1_CV0,1,2,0,1,1
13,0.11827442586893322,0.6399210213275238,RD13_F8_m8f18_P8_Y6_UO146,RD8_F13_m13f18_P13_Y4_UO134,RD18_F13_m18f13_P18_Y3_UO892,FXX,2,0.0,1,0,1.0,0,0,0,-9999.0,0.5625,1,P1_CV0,1,2,0,2,0
13,0.11827442586893322,0.6399210213275238,RD13_F18_m18f13_P18_Y6_UO305,R18_F18_m18f13_P18_Y4_UO63,R13_F13_m8f13_P8_Y4_UO778,FXX,2,0.0,1,0,1.0,0,0,0,-9999.0,0.40625,1,P1_CV0,1,2,0,1,1
13,0.11827442586893322,0.6399210213275238,RD13_F18_m13f18_P13_Y6_UO1138,RD13_F18_m18f13_P18_Y4_UO1239,R18_F18_m13f18_P13_Y4_UO192,FXX,2,0.0,1,0,1.0,0,0,0,-9999.0,0.6875,1,P1_CV0,1,2,0,1,1
13,0.11827442586893322,0.6399210213275238,R13_F13_m18f13_P18_Y6_UO1369,RD18_F8_m15f2_P15_Y4_UO338,RD13_F18_m13f18_P13_Y4_UO74,MXY,2,0.0,1,0,0.0,0,0,0,-9999.0,0.46875,1,P2_CV0,1,2,0,2,0
13,0.11827442586893322,0.6399210213275238,R13_F13_m18f13_P18_Y6_UO29,RD18_F8_m15f17_P15_Y4_UO799,R13_F13_m13f18_P13_Y4_UO397,MXY,2,0.0,1,0,0.0,0,0,0,-9999.0,0.4375,1,P2_CV0,1,1,1,1,1
13,0.11827442586893322,0.6399210213275238,RD13_F18_m13f18_P13_Y6_UO981,RD13_F16_m16f13_P16_Y4_UO142,R18_F18_m18f13_P18_Y4_UO1167,MXY,2,0.0,1,0,0.0,0,0,0,-9999.0,0.34375,1,P2_CV0,1,0,2,0,2
13,0.11827442586893322,0.6399210213275238,R13_F13_m13f18_P13_Y6_UO283,R13_F13_m13f18_P13_Y4_UO144,R18_F18_m18f13_P18_Y4_UO684,FXX,2,0.0,1,0,1.0,0,0,0,-9999.0,0.59375,1,P7_CV0,1,1,1,1,1
13,0.11827442586893322,0.6399210213275238,RD13_F18_m18f13_P18_Y6_UO533,RD18_F13_m8f13_P8_Y4_UO354,RD13_F18_m18f13_P18_Y4_UO253,MXY,2,0.0,1,0,0.0,0,0,0,-9999.0,0.5625,1,P7_CV0,1,1,1,0,2
13,0.11827442586893322,0.6399210213275238,RD13_F18_m13f18_P13_Y6_UO838,RD13_F18_m18f13_P18_Y4_UO851,R18_F18_m8f18_P8_Y4_UO1071,FXX,2,0.0,1,0,1.0,0,0,0,-9999.0,0.40625,1,P7_CV0,1,0,2,1,1
14,0.1433532874090464,0.9446689170495839,RD14_F16_m12f1_P12_Y6_UO334,R12_F12_m4f12_P4_Y4_UO162,RD1_F12_m1f19_P1_Y4_UO487,FXX,2,0.0,1,0,1.0,0,0,0,-9999.0,0.5625,1,P0_CV0,1,1,1,1,1
14,0.1433532874090464,0.9446689170495839,RD14_F16_m12f4_P12_Y6_UO468,RD12_F4_m4f12_P4_Y4_UO1228,RD4_F12_m12f1_P12_Y4_UO566,MXY,2,0.0,1,0,0.0,0,0,0,-9999.0,0.40625,1,P0_CV0,1,1,1,0,2
14,0.1433532874090464,0.9446689170495839,R14_F14_m14f9_P14_Y7_UO791,R14_F14_m9f14_P9_Y5_UO1004,RD9_F14_m9f14_P9_Y5_UO132,FXX,1,0.0,0,0,0.0,0,0,0,-9999.0,0.71875,1,P11_CV0,1,1,1,0,2
14,0.1433532874090464,0.9446689170495839,R14_F14_m14f9_P14_Y7_UO735,RD14_F16_m16f13_P16_Y5_UO284,R9_F9_m9f14_P9_Y5_UO129,FXX,1,0.0,0,0,0.0,0,0,0,-9999.0,0.6875,1,P11_CV0,1,1,1,0,2
14,0.1433532874090464,0.9446689170495839,RD14_F9_m9f14_P9_Y7_UO97,RD9_F14_m14f9_P14_Y5_UO349,R14_F14_m12f3_P12_Y4_UO212,FXX,1,0.0,0,0,0.0,0,0,0,-9999.0,0.5,1,P11_CV0,1,1,1,1,1
14,0.1433532874090464,0.9446689170495839,R14_F14_m14f9_P14_Y7_UO734,RD14_F16_m16f13_P16_Y5_UO284,R9_F9_m9f14_P9_Y5_UO129,MXY,1,0.0,0,0,0.0,0,0,0,-9999.0,0.6875,1,P11_CV0,1,0,2,0,2
14,0.1433532874090464,0.9446689170495839,RD14_F9_m9f14_P9_Y7_UO138,RD9_F14_m14f9_P14_Y5_UO554,R14_F14_m12f3_P12_Y4_UO212,MXY,1,0.0,0,0,0.0,0,0,0,-9999.0,0.5,1,P11_CV0,1,2,0,1,1
14,0.1433532874090464,0.9446689170495839,R14_F14_m14f9_P14_Y7_UO611,R14_F14_m14f9_P14_Y5_UO426,RD9_F14_m14f9_P14_Y5_UO347,FXX,1,0.0,0,0,0.0,0,0,0,-9999.0,0.59375,1,P11_CV0,1,1,1,2,0
14,0.1433532874090464,0.9446689170495839,R14_F14_m9f14_P9_Y6_UO1205,R9_F9_m14f9_P14_Y4_UO1351,RD14_F16_m16f12_P16_Y4_UO934,MXY,2,0.0,1,0,0.0,0,0,0,-9999.0,0.65625,1,P11_CV0,1,2,0,1,1
14,0.1433532874090464,0.9446689170495839,RD14_F16_m4f12_P4_Y6_UO586,R4_F4_m4f12_P4_Y4_UO835,R12_F12_m12f4_P12_Y4_UO1345,MXY,2,0.0,1,0,0.0,0,0,0,-9999.0,0.46875,1,P11_CV0,1,0,2,0,2
14,0.1433532874090464,0.9446689170495839,RD14_F16_m16f12_P16_Y6_UO1248,RD16_F13_m18f13_P18_Y4_UO601,RD12_F1_m1f12_P1_Y4_UO1036,MXY,2,0.0,1,0,0.0,0,0,0,-9999.0,0.375,1,P11_CV0,1,1,1,1,1
14,0.1433532874090464,0.9446689170495839,RD14_F9_m9f14_P9_Y6_UO43,RD9_F14_m9f14_P9_Y4_UO545,RD14_F16_m16f12_P16_Y4_UO934,FXX,2,0.0,1,0,1.0,0,0,0,-9999.0,0.71875,1,P11_CV0,1,2,0,2,0
14,0.1433532874090464,0.9446689170495839,RD14_F16_m16f4_P16_Y6_UO637,RD16_F12_m12f4_P12_Y4_UO1054,RD4_F12_m1f12_P1_Y4_UO1037,FXX,2,0.0,1,0,1.0,0,0,0,-9999.0,0.5,1,P11_CV0,1,0,2,1,1
14,0.1433532874090464,0.9446689170495839,R14_F14_m9f14_P9_Y6_UO1303,R9_F9_m14f9_P14_Y4_UO1351,RD14_F16_m12f3_P12_Y4_UO212,FXX,2,0.0,1,0,1.0,0,0,0,-9999.0,0.46875,1,P11_CV0,1,2,0,0,2
14,0.1433532874090464,0.9446689170495839,R14_F14_m14f9_P14_Y7_UO731,RD14_F16_m16f13_P16_Y5_UO284,R9_F9_m9f14_P9_Y5_UO129,FXX,1,0.0,0,0,0.0,0,0,0,-9999.0,0.6875,1,P12_CV0,1,2,0,0,2
14,0.1433532874090464,0.9446689170495839,R14_F14_m14f9_P14_Y7_UO745,RD14_F16_m16f13_P16_Y5_UO284,R9_F9_m9f14_P9_Y5_UO730,FXX,1,0.0,0,0,0.0,0,0,0,-9999.0,0.59375,1,P12_CV0,1,1,1,0,2
14,0.1433532874090464,0.9446689170495839,RD14_F16_m13f18_P13_Y6_UO1135,R13_F13_m13f18_P13_Y4_UO67,RD18_F13_m18f13_P18_Y4_UO1365,FXX,2,0.0,1,0,1.0,0,0,0,-9999.0,0.3125,1,P12_CV0,1,0,2,1,1
14,0.1433532874090464,0.9446689170495839,R14_F14_m9f18_P9_Y6_UO14,RD9_F16_m16f12_P16_Y4_UO632,R18_F18_m13f18_P13_Y4_UO157,FXX,2,0.0,1,0,1.0,0,0,0,-9999.0,0.4375,1,P12_CV0,1,1,1,0,2
14,0.1433532874090464,0.9446689170495839,RD14_F9_m9f14_P9_Y7_UO9,RD9_F14_m16f14_P16_Y5_UO267,RD14_F9_m14f9_P14_Y4_UO1030,MXY,1,0.0,0,0,0.0,0,0,0,-9999.0,0.5625,1,P13_CV0,1,0,2,0,2
14,0.1433532874090464,0.9446689170495839,R14_F14_m14f9_P14_Y7_UO477,RD14_F9_m14f9_P14_Y5_UO159,R9_F9_m9f14_P9_Y5_UO730,MXY,1,0.0,0,0,0.0,0,0,0,-9999.0,0.625,1,P13_CV0,1,0,2,0,2
14,0.1433532874090464,0.9446689170495839,R14_F14_m14f9_P14_Y7_UO479,RD14_F9_m14f9_P14_Y5_UO159,R9_F9_m9f14_P9_Y5_UO730,FXX,1,0.0,0,0,0.0,0,0,0,-9999.0,0.625,1,P13_CV0,1,2,0,1,1
14,0.1433532874090464,0.9446689170495839,RD14_F9_m9f14_P9_Y7_UO255,RD9_F14_m14f16_P14_Y5_UO576,R14_F14_m9f14_P9_Y4_UO907,MXY,1,0.0,0,0,0.0,0,0,0,-9999.0,0.28125,1,P13_CV0,1,1,1,2,0
14,0.1433532874090464,0.9446689170495839,R14_F14_m14f9_P14_Y7_UO738,RD14_F16_m16f13_P16_Y5_UO284,R9_F9_m9f14_P9_Y5_UO730,FXX,1,0.0,0,0,0.0,0,0,0,-9999.0,0.59375,1,P13_CV0,1,2,0,0,2
14,0.1433532874090464,0.9446689170495839,RD14_F9_m9f14_P9_Y7_UO256,RD9_F14_m14f16_P14_Y5_UO576,R14_F14_m9f14_P9_Y4_UO907,FXX,1,0.0,0,0,0.0,0,0,0,-9999.0,0.28125,1,P13_CV0,1,0,2,1,1
14,0.1433532874090464,0.9446689170495839,RD14_F9_m9f14_P9_Y7_UO8,RD9_F14_m16f14_P16_Y5_UO267,RD14_F9_m14f9_P14_Y4_UO1030,FXX,1,0.0,0,0,0.0,0,0,0,-9999.0,0.5625,1,P13_CV0,1,0,2,1,1
14,0.1433532874090464,0.9446689170495839,R14_F14_m14f9_P14_Y7_UO475,RD14_F9_m14f9_P14_Y5_UO159,R9_F9_m9f14_P9_Y5_UO730,FXX,1,0.0,0,0,0.0,0,0,0,-9999.0,0.625,1,P13_CV0,1,1,1,1,1
14,0.1433532874090464,0.9446689170495839,RD14_F9_m9f14_P9_Y6_UO1321,RD9_F13_m18f13_P18_Y4_UO585,RD14_F16_m16f3_P16_Y4_UO729,MXY,2,0.0,1,0,0.0,0,0,0,-9999.0,0.25,1,P13_CV0,1,0,2,1,1
14,0.1433532874090464,0.9446689170495839,RD14_F9_m9f14_P9_Y6_UO1403,RD9_F16_m16f3_P16_Y4_UO728,RD14_F9_m14f16_P14_Y4_UO1431,FXX,2,0.0,1,0,1.0,0,0,0,-9999.0,0.4375,1,P13_CV0,1,2,0,1,1
14,0.1433532874090464,0.9446689170495839,RD14_F9_m9f14_P9_Y6_UO137,RD9_F16_m16f3_P16_Y4_UO728,R14_F14_m9f14_P9_Y4_UO907,MXY,2,0.0,1,0,0.0,0,0,0,-9999.0,0.3125,1,P13_CV0,1,0,2,1,1
14,0.1433532874090464,0.9446689170495839,R14_F14_m16f3_P16_Y4_UO729,RD16_F12_m12f16_P12_Y2_UO725,RD3_F1_m19f6_P19_Y2_UO32,MXY,4,0.0,1,0,0.0,0,0,0,-9999.0,0.3125,1,P13_CV0,1,0,2,0,2
14,0.1433532874090464,0.9446689170495839,R14_F14_m14f9_P14_Y7_UO478,RD14_F9_m14f9_P14_Y5_UO159,R9_F9_m9f14_P9_Y5_UO730,FXX,1,0.0,0,0,0.0,0,0,0,-9999.0,0.625,1,P15_CV0,1,1,1,1,1
14,0.1433532874090464,0.9446689170495839,R14_F14_m14f9_P14_Y7_UO476,RD14_F9_m14f9_P14_Y5_UO159,R9_F9_m9f14_P9_Y5_UO730,FXX,1,0.0,0,0,0.0,0,0,0,-9999.0,0.625,1,P15_CV0,1,0,2,1,1
14,0.1433532874090464,0.9446689170495839,RD14_F9_m9f14_P9_Y7_UO380,RD9_F14_m14f9_P14_Y5_UO349,RD14_F16_m16f14_P16_Y5_UO258,MXY,1,0.0,0,0,0.0,0,0,0,-9999.0,0.5625,1,P15_CV0,1,1,1,1,1
14,0.1433532874090464,0.9446689170495839,RD14_F9_m9f18_P9_Y7_UO251,RD9_F14_m9f14_P9_Y5_UO126,RD18_F13_m18f13_P18_Y4_UO583,MXY,1,0.0,0,0,0.0,0,0,0,-9999.0,0.5625,1,P15_CV0,1,1,1,0,2
14,0.1433532874090464,0.9446689170495839,R14_F14_m14f9_P14_Y7_UO472,RD14_F9_m14f9_P14_Y5_UO159,R9_F9_m9f14_P9_Y5_UO730,MXY,1,0.0,0,0,0.0,0,0,0,-9999.0,0.625,1,P15_CV0,1,2,0,0,2
14,0.1433532874090464,0.9446689170495839,RD14_F9_m9f14_P9_Y7_UO302,RD9_F14_m9f18_P9_Y5_UO738,R14_F14_m14f16_P14_Y5_UO628,MXY,1,0.0,0,0,0.0,0,0,0,-9999.0,0.53125,1,P15_CV0,1,2,0,2,0
14,0.1433532874090464,0.9446689170495839,R14_F14_m14f9_P14_Y7_UO542,R14_F14_m14f9_P14_Y5_UO856,RD9_F14_m16f14_P16_Y5_UO260,FXX,1,0.0,0,0,0.0,0,0,0,-9999.0,0.5625,1,P15_CV0,1,1,1,1,1
14,0.1433532874090464,0.9446689170495839,R14_F14_m14f9_P14_Y7_UO790,R14_F14_m9f14_P9_Y5_UO1004,RD9_F14_m9f14_P9_Y5_UO132,FXX,1,0.0,0,0,0.0,0,0,0,-9999.0,0.71875,1,P15_CV0,1,1,1,0,2
14,0.1433532874090464,0.9446689170495839,RD14_F9_m9f14_P9_Y6_UO293,R9_F9_m9f14_P9_Y4_UO891,R14_F14_m9f14_P9_Y4_UO907,MXY,2,0.0,1,0,0.0,0,0,0,-9999.0,0.46875,1,P15_CV0,1,1,1,2,0
14,0.1433532874090464,0.9446689170495839,RD14_F9_m9f14_P9_Y6_UO506,RD9_F18_m18f13_P18_Y4_UO683,R14_F14_m9f14_P9_Y4_UO890,FXX,2,0.0,1,0,1.0,0,0,0,-9999.0,0.65625,1,P15_CV0,1,1,1,1,1
14,0.1433532874090464,0.9446689170495839,RD14_F9_m9f18_P9_Y5_UO738,RD9_F14_m14f9_P14_Y3_UO493,R18_F18_m18f13_P18_Y2_UO907,FXX,3,0.0,1,0,1.0,0,0,0,-9999.0,0.5625,1,P15_CV0,1,1,1,1,1
14,0.1433532874090464,0.9446689170495839,R14_F14_m16f14_P16_Y5_UO254,RD16_F3_m17f3_P17_Y3_UO939,RD14_F9_m14f9_P14_Y3_UO154,MXY,3,0.0,1,0,0.0,0,0,0,-9999.0,0.5625,1,P15_CV0,1,0,2,0,2
14,0.1433532874090464,0.9446689170495839,R14_F14_m14f9_P14_Y5_UO159,R14_F14_m14f9_P14_Y3_UO219,R9_F9_m9f13_P9_Y2_UO1074,FXX,3,0.0,1,0,1.0,0,0,0,-9999.0,0.6875,1,P15_CV0,1,1,1,1,1
14,0.1433532874090464,0.9446689170495839,RD14_F9_m9f14_P9_Y7_UO661,RD9_F14_m14f9_P14_Y5_UO554,R14_F14_m16f13_P16_Y5_UO278,MXY,1,0.0,0,0,0.0,0,0,0,-9999.0,0.59375,1,P16_CV0,1,1,1,1,1
14,0.1433532874090464,0.9446689170495839,RD14_F9_m9f14_P9_Y7_UO264,R9_F9_m9f14_P9_Y5_UO502,R14_F14_m14f9_P14_Y4_UO1360,FXX,1,0.0,0,0,0.0,0,0,0,-9999.0,0.5,1,P16_CV0,1,0,2,1,1
14,0.1433532874090464,0.9446689170495839,R14_F14_m14f9_P14_Y7_UO610,R14_F14_m14f9_P14_Y5_UO426,RD9_F14_m14f9_P14_Y5_UO347,MXY,1,0.0,0,0,0.0,0,0,0,-9999.0,0.59375,1,P16_CV0,1,2,0,2,0
14,0.1433532874090464,0.9446689170495839,RD14_F9_m9f14_P9_Y7_UO30,R9_F9_m9f14_P9_Y5_UO502,R14_F14_m14f16_P14_Y5_UO577,FXX,1,0.0,0,0,0.0,0,0,0,-9999.0,0.375,1,P16_CV0,1,0,2,2,0
14,0.1433532874090464,0.9446689170495839,RD14_F9_m9f14_P9_Y7_UO663,RD9_F14_m14f9_P14_Y5_UO554,R14_F14_m16f13_P16_Y5_UO278,FXX,1,0.0,0,0,0.0,0,0,0,-9999.0,0.59375,1,P16_CV0,1,1,1,1,1
14,0.1433532874090464,0.9446689170495839,RD14_F9_m9f14_P9_Y7_UO134,RD9_F14_m14f9_P14_Y5_UO554,R14_F14_m12f3_P12_Y4_UO212,MXY,1,0.0,0,0,0.0,0,0,0,-9999.0,0.5,1,P16_CV0,1,2,0,1,1
14,0.1433532874090464,0.9446689170495839,RD14_F9_m9f14_P9_Y5_UO123,RD9_F14_m16f13_P16_Y3_UO6,R14_F14_m16f13_P16_Y3_UO3,MXY,3,0.0,1,0,0.0,0,0,0,-9999.0,0.625,1,P16_CV0,1,1,1,2,0
14,0.1433532874090464,0.9446689170495839,R14_F14_m14f16_P14_Y5_UO628,RD14_F16_m12f4_P12_Y3_UO657,R16_F16_m16f13_P16_Y3_UO966,MXY,3,0.0,1,0,0.0,0,0,0,-9999.0,0.5,1,P16_CV0,1,1,1,1,1
14,0.1433532874090464,0.9446689170495839,R14_F14_m14f9_P14_Y5_UO555,R14_F14_m16f13_P16_Y3_UO4,R9_F9_m16f12_P16_Y3_UO396,MXY,3,0.0,1,0,0.0,0,0,0,-9999.0,0.5625,1,P16_CV0,1,1,1,0,2
14,0.1433532874090464,0.9446689170495839,RD14_F9_m9f14_P9_Y7_UO83,RD9_F14_m9f14_P9_Y5_UO1015,RD14_F9_m14f9_P14_Y5_UO143,MXY,1,0.0,0,0,0.0,0,0,0,-9999.0,0.53125,1,P17_CV0,1,1,1,0,2
14,0.1433532874090464,0.9446689170495839,R14_F14_m16f3_P16_Y6_UO217,RD16_F13_m13f18_P13_Y4_UO1340,R3_F3_m19f2_P19_Y4_UO457,MXY,2,0.0,1,0,0.0,0,0,0,-9999.0,0.53125,1,P17_CV0,1,2,0,1,1
14,0.1433532874090464,0.9446689170495839,R14_F14_m16f3_P16_Y6_UO213,RD16_F13_m13f18_P13_Y4_UO1340,R3_F3_m19f2_P19_Y4_UO457,FXX,2,0.0,1,0,1.0,0,0,0,-9999.0,0.53125,1,P17_CV0,1,2,0,1,1
14,0.1433532874090464,0.9446689170495839,RD14_F16_m16f13_P16_Y6_UO1243,R16_F16_m3f17_P3_Y4_UO528,R13_F13_m13f18_P13_Y4_UO314,MXY,2,0.0,1,0,0.0,0,0,0,-9999.0,0.53125,1,P17_CV0,1,2,0,0,2
14,0.1433532874090464,0.9446689170495839,R14_F14_m9f18_P9_Y6_UO843,RD9_F14_m9f14_P9_Y4_UO551,R18_F18_m18f13_P18_Y4_UO978,FXX,2,0.0,1,0,1.0,0,0,0,-9999.0,0.5,1,P17_CV0,1,1,1,2,0
14,0.1433532874090464,0.9446689170495839,RD14_F16_m16f13_P16_Y6_UO1238,R16_F16_m3f17_P3_Y4_UO528,R13_F13_m13f18_P13_Y4_UO314,FXX,2,0.0,1,0,1.0,0,0,0,-9999.0,0.53125,1,P17_CV0,1,2,0,1,1
14,0.1433532874090464,0.9446689170495839,RD14_F16_m16f3_P16_Y6_UO215,RD16_F13_m13f18_P13_Y4_UO1340,R3_F3_m19f2_P19_Y4_UO457,FXX,2,0.0,1,0,1.0,0,0,0,-9999.0,0.53125,1,P17_CV0,1,1,1,1,1
14,0.1433532874090464,0.9446689170495839,RD14_F16_m18f13_P18_Y4_UO1237,R18_F18_m18f13_P18_Y2_UO1265,RD13_F18_m18f13_P18_Y2_UO1267,MXY,4,0.0,1,0,0.0,0,0,0,-9999.0,0.75,1,P17_CV0,1,2,0,2,0
14,0.1433532874090464,0.9446689170495839,RD14_F16_m16f12_P16_Y7_UO272,R16_F16_m3f17_P3_Y5_UO244,RD12_F1_m19f2_P19_Y4_UO1110,FXX,1,0.0,0,0,0.0,0,0,0,-9999.0,0.625,1,P18_CV0,1,2,0,0,2
14,0.1433532874090464,0.9446689170495839,RD14_F16_m16f12_P16_Y7_UO277,R16_F16_m3f17_P3_Y5_UO244,RD12_F1_m19f2_P19_Y4_UO1110,MXY,1,0.0,0,0,0.0,0,0,0,-9999.0,0.625,1,P18_CV0,1,1,1,1,1
14,0.1433532874090464,0.9446689170495839,RD14_F16_m16f12_P16_Y7_UO289,R16_F16_m3f17_P3_Y5_UO244,RD12_F1_m19f2_P19_Y4_UO1110,FXX,1,0.0,0,0,0.0,0,0,0,-9999.0,0.625,1,P18_CV0,1,2,0,0,2
14,0.1433532874090464,0.9446689170495839,RD14_F9_m9f18_P9_Y7_UO481,RD9_F14_m16f13_P16_Y5_UO269,RD18_F8_m15f2_P15_Y4_UO1014,FXX,1,0.0,0,0,0.0,0,0,0,-9999.0,0.59375,1,P1_CV0,1,1,1,1,1
14,0.1433532874090464,0.9446689170495839,RD14_F9_m9f14_P9_Y7_UO665,RD9_F14_m14f9_P14_Y5_UO554,R14_F14_m16f13_P16_Y5_UO278,FXX,1,0.0,0,0,0.0,0,0,0,-9999.0,0.59375,1,P2_CV0,1,1,1,1,1
14,0.1433532874090464,0.9446689170495839,RD14_F16_m16f12_P16_Y7_UO274,R16_F16_m3f17_P3_Y5_UO244,RD12_F1_m19f2_P19_Y4_UO1110,FXX,1,0.0,0,0,0.0,0,0,0,-9999.0,0.625,1,P2_CV0,1,1,1,1,1
14,0.1433532874090464,0.9446689170495839,RD14_F9_m9f14_P9_Y7_UO6,RD9_F14_m16f14_P16_Y5_UO267,RD14_F9_m14f9_P14_Y4_UO1030,MXY,1,0.0,0,0,0.0,0,0,0,-9999.0,0.5625,1,P2_CV0,1,1,1,1,1
14,0.1433532874090464,0.9446689170495839,RD14_F16_m16f12_P16_Y7_UO286,R16_F16_m3f17_P3_Y5_UO244,RD12_F1_m19f2_P19_Y4_UO1110,FXX,1,0.0,0,0,0.0,0,0,0,-9999.0,0.625,1,P2_CV0,1,1,1,1,1
14,0.1433532874090464,0.9446689170495839,RD14_F16_m16f12_P16_Y7_UO280,R16_F16_m3f17_P3_Y5_UO244,RD12_F1_m19f2_P19_Y4_UO1110,FXX,1,0.0,0,0,0.0,0,0,0,-9999.0,0.625,1,P2_CV0,1,2,0,1,1
14,0.1433532874090464,0.9446689170495839,RD14_F9_m9f14_P9_Y7_UO664,RD9_F14_m14f9_P14_Y5_UO554,R14_F14_m16f13_P16_Y5_UO278,FXX,1,0.0,0,0,0.0,0,0,0,-9999.0,0.59375,1,P2_CV0,1,2,0,1,1
14,0.1433532874090464,0.9446689170495839,RD14_F16_m16f12_P16_Y7_UO278,R16_F16_m3f17_P3_Y5_UO244,RD12_F1_m19f2_P19_Y4_UO1110,MXY,1,0.0,0,0,0.0,0,0,0,-9999.0,0.625,1,P2_CV0,1,1,1,0,2
14,0.1433532874090464,0.9446689170495839,RD14_F9_m9f18_P9_Y7_UO483,RD9_F14_m16f13_P16_Y5_UO269,RD18_F8_m15f2_P15_Y4_UO1014,MXY,1,0.0,0,0,0.0,0,0,0,-9999.0,0.59375,1,P2_CV0,1,2,0,1,1
14,0.1433532874090464,0.9446689170495839,RD14_F16_m3f17_P3_Y6_UO1152,RD3_F17_m17f3_P17_Y4_UO777,RD17_F3_m17f3_P17_Y4_UO995,FXX,2,0.0,1,0,1.0,0,0,0,-9999.0,0.59375,1,P2_CV0,1,1,1,1,1
14,0.1433532874090464,0.9446689170495839,RD14_F16_m16f3_P16_Y6_UO63,R16_F16_m16f12_P16_Y4_UO155,R3_F3_m17f3_P17_Y4_UO1415,MXY,2,0.0,1,0,0.0,0,0,0,-9999.0,0.5625,1,P2_CV0,1,1,1,1,1
14,0.1433532874090464,0.9446689170495839,RD14_F16_m12f3_P12_Y6_UO1155,RD12_F4_m16f13_P16_Y4_UO9,R3_F3_m17f3_P17_Y4_UO1415,MXY,2,0.0,1,0,0.0,0,0,0,-9999.0,0.3125,1,P2_CV0,1,1,1,1,1
14,0.1433532874090464,0.9446689170495839,RD14_F16_m16f3_P16_Y6_UO1081,RD16_F12_m1f12_P1_Y4_UO230,R3_F3_m17f3_P17_Y4_UO1415,MXY,2,0.0,1,0,0.0,0,0,0,-9999.0,0.4375,1,P2_CV0,1,1,1,0,2
14,0.1433532874090464,0.9446689170495839,R14_F14_m16f3_P16_Y6_UO64,R16_F16_m16f12_P16_Y4_UO155,R3_F3_m17f3_P17_Y4_UO1415,MXY,2,0.0,1,0,0.0,0,0,0,-9999.0,0.5625,1,P2_CV0,1,1,1,1,1
14,0.1433532874090464,0.9446689170495839,R14_F14_m16f13_P16_Y5_UO278,RD16_F3_m17f3_P17_Y3_UO939,R13_F13_m18f13_P18_Y3_UO892,MXY,3,0.0,1,0,0.0,0,0,0,-9999.0,0.625,1,P2_CV0,1,2,0,0,2
14,0.1433532874090464,0.9446689170495839,RD14_F16_m3f17_P3_Y5_UO244,RD3_F17_m17f3_P17_Y3_UO20,RD17_F3_m3f17_P3_Y2_UO1156,FXX,3,0.0,1,0,1.0,0,0,0,-9999.0,0.625,1,P2_CV0,1,1,1,0,2
14,0.1433532874090464,0.9446689170495839,R14_F14_m16f3_P16_Y6_UO1140,RD16_F12_m12f3_P12_Y4_UO101,RD3_F17_m15f2_P15_Y4_UO440,FXX,2,0.0,1,0,1.0,0,0,0,-9999.0,0.5625,1,P3_CV0,1,2,0,2,0
14,0.1433532874090464,0.9446689170495839,RD14_F9_m14f9_P14_Y6_UO1177,R14_F14_m16f3_P16_Y4_UO730,RD9_F16_m16f13_P16_Y3_UO966,MXY,2,0.0,1,0,0.0,0,0,0,-9999.0,0.40625,1,P5_CV0,1,1,1,1,1
14,0.1433532874090464,0.9446689170495839,RD14_F9_m9f14_P9_Y7_UO25,R9_F9_m9f14_P9_Y5_UO502,R14_F14_m14f16_P14_Y5_UO577,FXX,1,0.0,0,0,0.0,0,0,0,-9999.0,0.375,1,P6_CV0,1,1,1,1,1
14,0.1433532874090464,0.9446689170495839,RD14_F9_m9f14_P9_Y7_UO257,RD9_F14_m14f16_P14_Y5_UO576,R14_F14_m9f14_P9_Y4_UO907,FXX,1,0.0,0,0,0.0,0,0,0,-9999.0,0.28125,1,P6_CV0,1,0,2,1,1
14,0.1433532874090464,0.9446689170495839,R14_F14_m9f14_P9_Y6_UO846,RD9_F14_m14f9_P14_Y4_UO1195,RD14_F16_m16f13_P16_Y4_UO264,FXX,2,0.0,1,0,1.0,0,0,0,-9999.0,0.46875,1,P7_CV0,1,1,1,1,1
14,0.1433532874090464,0.9446689170495839,R14_F14_m9f14_P9_Y6_UO920,RD9_F18_m8f18_P8_Y4_UO870,RD14_F9_m14f16_P14_Y4_UO1431,MXY,2,0.0,1,0,0.0,0,0,0,-9999.0,0.5,1,P8_CV0,1,2,0,2,0
14,0.1433532874090464,0.9446689170495839,R14_F14_m14f9_P14_Y6_UO1314,RD14_F9_m14f9_P14_Y4_UO573,RD9_F18_m18f13_P18_Y3_UO510,MXY,2,0.0,1,0,0.0,0,0,0,-9999.0,0.375,1,P8_CV0,1,0,2,2,0
14,0.1433532874090464,0.9446689170495839,RD14_F9_m14f9_P14_Y6_UO522,RD14_F9_m14f9_P14_Y4_UO576,RD9_F16_m16f13_P16_Y3_UO966,MXY,2,0.0,1,0,0.0,0,0,0,-9999.0,0.375,1,P8_CV0,1,2,0,1,1
14,0.1433532874090464,0.9446689170495839,R14_F14_m14f9_P14_Y4_UO576,RD14_F9_m14f9_P14_Y2_UO1370,R9_F9_m14f9_P14_Y2_UO75,FXX,4,0.0,1,0,1.0,0,0,0,-9999.0,0.25,1,P8_CV0,1,1,1,1,1
14,0.1433532874090464,0.9446689170495839,RD14_F16_m16f14_P16_Y6_UO1087,R16_F16_m13f18_P13_Y4_UO1100,RD14_F16_m4f7_P4_Y4_UO687,FXX,2,0.0,1,0,1.0,0,0,0,-9999.0,0.5,1,P9_CV0,1,2,0,0,2
15,0.5218483217500717,0.4146619399905236,R15_F15_m15f2_P15_Y7_UO619,R15_F15_m8f18_P8_Y5_UO439,R2_F2_m2f19_P2_Y5_UO82,FXX,1,0.0,0,0,0.0,0,0,0,-9999.0,0.3125,1,P0_CV0,1,1,1,0,2
15,0.5218483217500717,0.4146619399905236,R15_F15_m15f2_P15_Y7_UO692,R15_F15_m17f2_P17_Y5_UO999,R2_F2_m2f19_P2_Y5_UO82,MXY,1,0.0,0,0,0.0,0,0,0,-9999.0,0.375,1,P0_CV0,1,0,2,0,2
15,0.5218483217500717,0.4146619399905236,R15_F15_m15f2_P15_Y7_UO488,R15_F15_m15f19_P15_Y5_UO760,R2_F2_m2f19_P2_Y5_UO82,FXX,1,0.0,0,0,0.0,0,0,0,-9999.0,0.40625,1,P0_CV0,1,0,2,2,0
15,0.5218483217500717,0.4146619399905236,R15_F15_m15f2_P15_Y7_UO635,R15_F15_m8f18_P8_Y5_UO439,R2_F2_m2f19_P2_Y5_UO82,MXY,1,0.0,0,0,0.0,0,0,0,-9999.0,0.3125,1,P0_CV0,1,1,1,1,1
15,0.5218483217500717,0.4146619399905236,R15_F15_m15f2_P15_Y7_UO694,R15_F15_m17f2_P17_Y5_UO999,R2_F2_m2f19_P2_Y5_UO82,FXX,1,0.0,0,0,0.0,0,0,0,-9999.0,0.375,1,P0_CV0,1,0,2,1,1
15,0.5218483217500717,0.4146619399905236,R15_F15_m15f2_P15_Y7_UO639,R15_F15_m8f18_P8_Y5_UO439,R2_F2_m2f19_P2_Y5_UO82,FXX,1,0.0,0,0,0.0,0,0,0,-9999.0,0.3125,1,P0_CV0,1,1,1,0,2
15,0.5218483217500717,0.4146619399905236,R15_F15_m15f2_P15_Y7_UO616,R15_F15_m8f18_P8_Y5_UO439,R2_F2_m2f19_P2_Y5_UO82,FXX,1,0.0,0,0,0.0,0,0,0,-9999.0,0.3125,1,P0_CV0,1,1,1,0,2
15,0.5218483217500717,0.4146619399905236,R15_F15_m15f2_P15_Y7_UO690,R15_F15_m17f2_P17_Y5_UO999,R2_F2_m2f19_P2_Y5_UO82,FXX,1,0.0,0,0,0.0,0,0,0,-9999.0,0.375,1,P0_CV0,1,0,2,0,2
15,0.5218483217500717,0.4146619399905236,R15_F15_m15f2_P15_Y7_UO638,R15_F15_m8f18_P8_Y5_UO439,R2_F2_m2f19_P2_Y5_UO82,MXY,1,0.0,0,0,0.0,0,0,0,-9999.0,0.3125,1,P0_CV0,1,1,1,0,2
15,0.5218483217500717,0.4146619399905236,RD15_F17_m17f3_P17_Y7_UO805,RD17_F3_m17f2_P17_Y5_UO991,R3_F3_m2f19_P2_Y4_UO923,MXY,1,0.0,0,0,0.0,0,0,0,-9999.0,0.5,1,P11_CV0,1,1,1,0,2
15,0.5218483217500717,0.4146619399905236,RD15_F17_m17f3_P17_Y7_UO799,RD17_F3_m17f2_P17_Y5_UO991,R3_F3_m2f19_P2_Y4_UO923,FXX,1,0.0,0,0,0.0,0,0,0,-9999.0,0.5,1,P11_CV0,1,1,1,0,2
15,0.5218483217500717,0.4146619399905236,R15_F15_m2f19_P2_Y6_UO912,R2_F2_m17f3_P17_Y4_UO1194,R19_F19_m19f2_P19_Y4_UO1113,FXX,2,0.0,1,0,1.0,0,0,0,-9999.0,0.625,1,P11_CV0,1,2,0,0,2
15,0.5218483217500717,0.4146619399905236,R15_F15_m15f17_P15_Y7_UO2,R15_F15_m8f18_P8_Y5_UO633,RD17_F3_m1f19_P1_Y4_UO485,FXX,1,0.0,0,0,0.0,0,0,0,-9999.0,0.59375,1,P12_CV0,1,2,0,1,1
15,0.5218483217500717,0.4146619399905236,RD15_F17_m8f18_P8_Y6_UO868,RD8_F13_m13f18_P13_Y4_UO311,R18_F18_m13f18_P13_Y4_UO157,MXY,2,0.0,1,0,0.0,0,0,0,-9999.0,0.53125,1,P12_CV0,1,2,0,0,2
15,0.5218483217500717,0.4146619399905236,R15_F15_m8f18_P8_Y6_UO555,R8_F8_m8f13_P8_Y4_UO50,RD18_F13_m18f13_P18_Y3_UO892,MXY,2,0.0,1,0,0.0,0,0,0,-9999.0,0.5625,1,P12_CV0,1,2,0,2,0
15,0.5218483217500717,0.4146619399905236,RD15_F8_m8f18_P8_Y6_UO720,RD8_F18_m18f13_P18_Y4_UO885,RD18_F13_m18f13_P18_Y3_UO892,FXX,2,0.0,1,0,1.0,0,0,0,-9999.0,0.625,1,P12_CV0,1,1,1,1,1
15,0.5218483217500717,0.4146619399905236,RD15_F8_m8f18_P8_Y6_UO1079,RD8_F15_m2f19_P2_Y4_UO747,R18_F18_m13f18_P13_Y4_UO69,FXX,2,0.0,1,0,1.0,0,0,0,-9999.0,0.53125,1,P12_CV0,1,1,1,0,2
15,0.5218483217500717,0.4146619399905236,RD15_F8_m8f18_P8_Y6_UO871,RD8_F13_m13f18_P13_Y4_UO311,R18_F18_m13f18_P13_Y4_UO157,MXY,2,0.0,1,0,0.0,0,0,0,-9999.0,0.53125,1,P12_CV0,1,2,0,2,0
15,0.5218483217500717,0.4146619399905236,RD15_F8_m18f13_P18_Y6_UO384,RD18_F8_m8f18_P8_Y4_UO803,R13_F13_m18f13_P18_Y4_UO490,MXY,2,0.0,1,0,0.0,0,0,0,-9999.0,0.5,1,P12_CV0,1,2,0,2,0
15,0.5218483217500717,0.4146619399905236,RD15_F8_m18f9_P18_Y6_UO259,RD18_F8_m8f18_P8_Y4_UO803,RD9_F14_m9f18_P9_Y4_UO658,FXX,2,0.0,1,0,1.0,0,0,0,-9999.0,0.59375,1,P12_CV0,1,0,2,1,1
15,0.5218483217500717,0.4146619399905236,R15_F15_m15f2_P15_Y6_UO1065,RD15_F8_m8f13_P8_Y4_UO52,RD2_F19_m19f2_P19_Y3_UO562,MXY,2,0.0,1,0,0.0,0,0,0,-9999.0,0.5,1,P12_CV0,1,2,0,2,0
15,0.5218483217500717,0.4146619399905236,R15_F15_m8f18_P8_Y5_UO632,R8_F8_m18f13_P18_Y3_UO900,R18_F18_m18f13_P18_Y2_UO147,FXX,3,0.0,1,0,1.0,0,0,0,-9999.0,0.625,1,P12_CV0,1,2,0,0,2
15,0.5218483217500717,0.4146619399905236,RD15_F2_m2f19_P2_Y6_UO1290,R2_F2_m19f2_P19_Y4_UO1108,RD19_F2_m2f17_P2_Y3_UO857,FXX,2,0.0,1,0,1.0,0,0,0,-9999.0,0.5625,1,P15_CV0,1,2,0,2,0
15,0.5218483217500717,0.4146619399905236,RD15_F2_m2f19_P2_Y6_UO1289,R2_F2_m19f2_P19_Y4_UO1108,RD19_F2_m2f17_P2_Y3_UO857,MXY,2,0.0,1,0,0.0,0,0,0,-9999.0,0.5625,1,P15_CV0,1,1,1,2,0
15,0.5218483217500717,0.4146619399905236,RD15_F8_m8f18_P8_Y7_UO411,RD8_F15_m15f2_P15_Y5_UO768,RD18_F8_m15f19_P15_Y5_UO755,FXX,1,0.0,0,0,0.0,0,0,0,-9999.0,0.53125,1,P16_CV0,1,2,0,2,0
15,0.5218483217500717,0.4146619399905236,R15_F15_m15f2_P15_Y7_UO640,R15_F15_m8f18_P8_Y5_UO439,R2_F2_m2f19_P2_Y5_UO82,FXX,1,0.0,0,0,0.0,0,0,0,-9999.0,0.3125,1,P16_CV0,1,1,1,1,1
15,0.5218483217500717,0.4146619399905236,R15_F15_m15f2_P15_Y7_UO617,R15_F15_m8f18_P8_Y5_UO439,R2_F2_m2f19_P2_Y5_UO82,MXY,1,0.0,0,0,0.0,0,0,0,-9999.0,0.3125,1,P16_CV0,1,1,1,1,1
15,0.5218483217500717,0.4146619399905236,RD15_F8_m8f18_P8_Y7_UO423,RD8_F15_m15f2_P15_Y5_UO768,RD18_F8_m15f19_P15_Y5_UO755,MXY,1,0.0,0,0,0.0,0,0,0,-9999.0,0.53125,1,P16_CV0,1,1,1,2,0
15,0.5218483217500717,0.4146619399905236,RD15_F8_m8f18_P8_Y7_UO419,RD8_F15_m15f2_P15_Y5_UO768,RD18_F8_m15f19_P15_Y5_UO755,FXX,1,0.0,0,0,0.0,0,0,0,-9999.0,0.53125,1,P16_CV0,1,1,1,2,0
15,0.5218483217500717,0.4146619399905236,RD15_F8_m8f18_P8_Y7_UO417,RD8_F15_m15f2_P15_Y5_UO768,RD18_F8_m15f19_P15_Y5_UO755,MXY,1,0.0,0,0,0.0,0,0,0,-9999.0,0.53125,1,P16_CV0,1,2,0,2,0
15,0.5218483217500717,0.4146619399905236,R15_F15_m15f17_P15_Y7_UO1,R15_F15_m8f18_P8_Y5_UO633,RD17_F3_m1f19_P1_Y4_UO485,MXY,1,0.0,0,0,0.0,0,0,0,-9999.0,0.59375,1,P16_CV0,1,2,0,1,1
15,0.5218483217500717,0.4146619399905236,RD15_F8_m15f17_P15_Y6_UO562,R15_F15_m15f2_P15_Y4_UO1179,R17_F17_m17f3_P17_Y4_UO989,MXY,2,0.0,1,0,0.0,0,0,0,-9999.0,0.71875,1,P16_CV0,1,1,1,0,2
15,0.5218483217500717,0.4146619399905236,RD15_F2_m17f3_P17_Y6_UO865,R17_F17_m17f3_P17_Y4_UO225,R3_F3_m17f3_P17_Y4_UO1415,MXY,2,0.0,1,0,0.0,0,0,0,-9999.0,0.46875,1,P16_CV0,1,0,2,0,2
15,0.5218483217500717,0.4146619399905236,RD15_F8_m8f13_P8_Y6_UO1495,RD8_F15_m2f19_P2_Y4_UO1410,RD13_F18_m18f13_P18_Y4_UO1401,FXX,2,0.0,1,0,1.0,0,0,0,-9999.0,0.3125,1,P16_CV0,1,1,1,1,1
15,0.5218483217500717,0.4146619399905236,R15_F15_m8f18_P8_Y6_UO1432,RD8_F15_m2f19_P2_Y4_UO1410,R18_F18_m13f18_P13_Y4_UO75,MXY,2,0.0,1,0,0.0,0,0,0,-9999.0,0.28125,1,P16_CV0,1,1,1,1,1
15,0.5218483217500717,0.4146619399905236,R15_F15_m15f2_P15_Y7_UO495,RD15_F8_m15f2_P15_Y5_UO686,R2_F2_m2f3_P2_Y5_UO184,FXX,1,0.0,0,0,0.0,0,0,0,-9999.0,0.5625,1,P18_CV0,1,2,0,2,0
15,0.5218483217500717,0.4146619399905236,R15_F15_m15f2_P15_Y7_UO668,RD15_F2_m2f19_P2_Y5_UO457,R2_F2_m2f3_P2_Y5_UO184,MXY,1,0.0,0,0,0.0,0,0,0,-9999.0,0.5625,1,P18_CV0,1,1,1,2,0
15,0.5218483217500717,0.4146619399905236,R15_F15_m15f2_P15_Y7_UO667,RD15_F2_m2f19_P2_Y5_UO457,R2_F2_m2f3_P2_Y5_UO184,FXX,1,0.0,0,0,0.0,0,0,0,-9999.0,0.5625,1,P18_CV0,1,1,1,1,1
15,0.5218483217500717,0.4146619399905236,R15_F15_m15f2_P15_Y7_UO74,R15_F15_m2f19_P2_Y5_UO200,R2_F2_m2f3_P2_Y5_UO184,MXY,1,0.0,0,0,0.0,0,0,0,-9999.0,0.5625,1,P18_CV0,1,2,0,1,1
15,0.5218483217500717,0.4146619399905236,R15_F15_m15f2_P15_Y7_UO571,R15_F15_m15f2_P15_Y5_UO681,R2_F2_m2f3_P2_Y5_UO184,MXY,1,0.0,0,0,0.0,0,0,0,-9999.0,0.5625,1,P18_CV0,1,1,1,1,1
15,0.5218483217500717,0.4146619399905236,R15_F15_m15f2_P15_Y7_UO666,RD15_F2_m2f19_P2_Y5_UO457,R2_F2_m2f3_P2_Y5_UO184,FXX,1,0.0,0,0,0.0,0,0,0,-9999.0,0.5625,1,P18_CV0,1,2,0,2,0
15,0.5218483217500717,0.4146619399905236,R15_F15_m15f2_P15_Y7_UO659,RD15_F2_m19f17_P19_Y5_UO966,R2_F2_m2f3_P2_Y5_UO184,FXX,1,0.0,0,0,0.0,0,0,0,-9999.0,0.53125,1,P18_CV0,1,2,0,2,0
15,0.5218483217500717,0.4146619399905236,R15_F15_m15f2_P15_Y7_UO626,R15_F15_m17f2_P17_Y5_UO999,R2_F2_m2f3_P2_Y5_UO184,MXY,1,0.0,0,0,0.0,0,0,0,-9999.0,0.5,1,P18_CV0,1,1,1,0,2
15,0.5218483217500717,0.4146619399905236,R15_F15_m15f2_P15_Y7_UO485,R15_F15_m15f19_P15_Y5_UO760,R2_F2_m2f19_P2_Y5_UO82,FXX,1,0.0,0,0,0.0,0,0,0,-9999.0,0.40625,1,P18_CV0,1,1,1,1,1
15,0.5218483217500717,0.4146619399905236,R15_F15_m15f2_P15_Y7_UO656,RD15_F2_m19f17_P19_Y5_UO966,R2_F2_m2f3_P2_Y5_UO184,FXX,1,0.0,0,0,0.0,0,0,0,-9999.0,0.53125,1,P18_CV0,1,1,1,1,1
15,0.5218483217500717,0.4146619399905236,RD15_F8_m8f18_P8_Y7_UO416,RD8_F15_m15f2_P15_Y5_UO768,RD18_F8_m15f19_P15_Y5_UO755,FXX,1,0.0,0,0,0.0,0,0,0,-9999.0,0.53125,1,P18_CV0,1,1,1,2,0
15,0.5218483217500717,0.4146619399905236,R15_F15_m15f2_P15_Y7_UO653,RD15_F2_m19f17_P19_Y5_UO966,R2_F2_m2f3_P2_Y5_UO184,FXX,1,0.0,0,0,0.0,0,0,0,-9999.0,0.53125,1,P18_CV0,1,2,0,2,0
15,0.5218483217500717,0.4146619399905236,R15_F15_m15f2_P15_Y7_UO487,R15_F15_m15f19_P15_Y5_UO760,R2_F2_m2f19_P2_Y5_UO82,FXX,1,0.0,0,0,0.0,0,0,0,-9999.0,0.40625,1,P18_CV0,1,1,1,1,1
15,0.5218483217500717,0.4146619399905236,R15_F15_m15f2_P15_Y7_UO77,R15_F15_m2f19_P2_Y5_UO200,R2_F2_m2f3_P2_Y5_UO184,FXX,1,0.0,0,0,0.0,0,0,0,-9999.0,0.5625,1,P18_CV0,1,0,2,0,2
15,0.5218483217500717,0.4146619399905236,R15_F15_m15f2_P15_Y7_UO654,RD15_F2_m19f17_P19_Y5_UO966,R2_F2_m2f3_P2_Y5_UO184,MXY,1,0.0,0,0,0.0,0,0,0,-9999.0,0.53125,1,P18_CV0,1,1,1,1,1
15,0.5218483217500717,0.4146619399905236,R15_F15_m15f17_P15_Y7_UO376,R15_F15_m2f19_P2_Y5_UO200,R17_F17_m3f17_P3_Y4_UO525,MXY,1,0.0,0,0,0.0,0,0,0,-9999.0,0.53125,1,P18_CV0,1,1,1,1,1
15,0.5218483217500717,0.4146619399905236,R15_F15_m15f2_P15_Y7_UO244,RD15_F8_m15f2_P15_Y5_UO686,R2_F2_m2f3_P2_Y5_UO184,FXX,1,0.0,0,0,0.0,0,0,0,-9999.0,0.5625,1,P18_CV0,1,2,0,1,1
15,0.5218483217500717,0.4146619399905236,RD15_F2_m2f19_P2_Y6_UO515,R2_F2_m2f19_P2_Y4_UO1377,RD19_F2_m15f17_P15_Y3_UO237,FXX,2,0.0,1,0,1.0,0,0,0,-9999.0,0.59375,1,P18_CV0,1,2,0,0,2
15,0.5218483217500717,0.4146619399905236,RD15_F2_m19f2_P19_Y6_UO812,R19_F19_m19f2_P19_Y4_UO1109,R2_F2_m2f19_P2_Y4_UO1439,FXX,2,0.0,1,0,1.0,0,0,0,-9999.0,0.5,1,P18_CV0,1,2,0,1,1
15,0.5218483217500717,0.4146619399905236,RD15_F2_m2f19_P2_Y6_UO269,R2_F2_m19f2_P19_Y4_UO1108,R19_F19_m2f19_P2_Y3_UO635,FXX,2,0.0,1,0,1.0,0,0,0,-9999.0,0.625,1,P18_CV0,1,0,2,1,1
15,0.5218483217500717,0.4146619399905236,RD15_F2_m19f2_P19_Y6_UO681,RD19_F2_m19f2_P19_Y4_UO1130,RD2_F19_m2f19_P2_Y4_UO1447,MXY,2,0.0,1,0,0.0,0,0,0,-9999.0,0.46875,1,P18_CV0,1,1,1,2,0
15,0.5218483217500717,0.4146619399905236,RD15_F2_m2f19_P2_Y6_UO1130,R2_F2_m2f19_P2_Y4_UO913,R19_F19_m2f19_P2_Y4_UO1442,FXX,2,0.0,1,0,1.0,0,0,0,-9999.0,0.46875,1,P18_CV0,1,0,2,1,1
15,0.5218483217500717,0.4146619399905236,RD15_F2_m2f19_P2_Y6_UO1309,R2_F2_m2f19_P2_Y4_UO745,R19_F19_m19f2_P19_Y4_UO1128,MXY,2,0.0,1,0,0.0,0,0,0,-9999.0,0.53125,1,P18_CV0,1,1,1,1,1
15,0.5218483217500717,0.4146619399905236,RD15_F19_m19f2_P19_Y6_UO260,R19_F19_m1f19_P1_Y4_UO671,RD2_F19_m19f2_P19_Y4_UO382,MXY,2,0.0,1,0,0.0,0,0,0,-9999.0,0.53125,1,P18_CV0,1,2,0,1,1
15,0.5218483217500717,0.4146619399905236,R15_F15_m15f2_P15_Y7_UO496,RD15_F8_m15f2_P15_Y5_UO686,R2_F2_m2f3_P2_Y5_UO184,MXY,1,0.0,0,0,0.0,0,0,0,-9999.0,0.5625,1,P1_CV0,1,1,1,1,1
15,0.5218483217500717,0.4146619399905236,R15_F15_m15f2_P15_Y7_UO497,RD15_F8_m15f2_P15_Y5_UO686,R2_F2_m2f3_P2_Y5_UO184,MXY,1,0.0,0,0,0.0,0,0,0,-9999.0,0.5625,1,P1_CV0,1,2,0,1,1
15,0.5218483217500717,0.4146619399905236,RD15_F17_m17f3_P17_Y7_UO808,RD17_F3_m17f2_P17_Y5_UO991,R3_F3_m2f19_P2_Y4_UO923,MXY,1,0.0,0,0,0.0,0,0,0,-9999.0,0.5,1,P1_CV0,1,0,2,0,2
15,0.5218483217500717,0.4146619399905236,R15_F15_m15f2_P15_Y7_UO245,RD15_F8_m15f2_P15_Y5_UO686,R2_F2_m2f3_P2_Y5_UO184,FXX,1,0.0,0,0,0.0,0,0,0,-9999.0,0.5625,1,P1_CV0,1,1,1,2,0
15,0.5218483217500717,0.4146619399905236,RD15_F2_m2f19_P2_Y7_UO719,R2_F2_m15f2_P15_Y5_UO765,R19_F19_m19f17_P19_Y5_UO957,FXX,1,0.0,0,0,0.0,0,0,0,-9999.0,0.53125,1,P1_CV0,1,2,0,2,0
15,0.5218483217500717,0.4146619399905236,R15_F15_m15f2_P15_Y7_UO491,R15_F15_m17f2_P17_Y5_UO999,R2_F2_m2f3_P2_Y5_UO184,FXX,1,0.0,0,0,0.0,0,0,0,-9999.0,0.5,1,P1_CV0,1,1,1,0,2
15,0.5218483217500717,0.4146619399905236,R15_F15_m15f2_P15_Y7_UO499,RD15_F8_m15f2_P15_Y5_UO686,R2_F2_m2f3_P2_Y5_UO184,MXY,1,0.0,0,0,0.0,0,0,0,-9999.0,0.5625,1,P1_CV0,1,1,1,2,0
15,0.5218483217500717,0.4146619399905236,RD15_F2_m2f19_P2_Y7_UO712,R2_F2_m15f2_P15_Y5_UO765,R19_F19_m19f17_P19_Y5_UO957,MXY,1,0.0,0,0,0.0,0,0,0,-9999.0,0.53125,1,P1_CV0,1,1,1,2,0
15,0.5218483217500717,0.4146619399905236,R15_F15_m15f2_P15_Y7_UO493,R15_F15_m17f2_P17_Y5_UO999,R2_F2_m2f3_P2_Y5_UO184,MXY,1,0.0,0,0,0.0,0,0,0,-9999.0,0.5,1,P1_CV0,1,1,1,1,1
15,0.5218483217500717,0.4146619399905236,R15_F15_m15f2_P15_Y7_UO657,RD15_F2_m19f17_P19_Y5_UO966,R2_F2_m2f3_P2_Y5_UO184,FXX,1,0.0,0,0,0.0,0,0,0,-9999.0,0.53125,1,P1_CV0,1,2,0,2,0
15,0.5218483217500717,0.4146619399905236,R15_F15_m15f2_P15_Y7_UO490,R15_F15_m17f2_P17_Y5_UO999,R2_F2_m2f3_P2_Y5_UO184,FXX,1,0.0,0,0,0.0,0,0,0,-9999.0,0.5,1,P1_CV0,1,0,2,1,1
15,0.5218483217500717,0.4146619399905236,R15_F15_m15f2_P15_Y7_UO570,R15_F15_m15f2_P15_Y5_UO681,R2_F2_m2f3_P2_Y5_UO184,FXX,1,0.0,0,0,0.0,0,0,0,-9999.0,0.5625,1,P1_CV0,1,1,1,0,2
15,0.5218483217500717,0.4146619399905236,R15_F15_m15f2_P15_Y6_UO380,RD15_F8_m8f18_P8_Y4_UO800,R2_F2_m19f2_P19_Y4_UO1144,MXY,2,0.0,1,0,0.0,0,0,0,-9999.0,0.5625,1,P1_CV0,1,0,2,2,0
15,0.5218483217500717,0.4146619399905236,RD15_F8_m15f2_P15_Y6_UO800,RD15_F8_m15f17_P15_Y4_UO865,R2_F2_m2f19_P2_Y4_UO1439,FXX,2,0.0,1,0,1.0,0,0,0,-9999.0,0.375,1,P1_CV0,1,1,1,1,1
15,0.5218483217500717,0.4146619399905236,RD15_F8_m15f17_P15_Y6_UO342,R15_F15_m8f13_P8_Y4_UO780,RD17_F3_m3f17_P3_Y4_UO525,FXX,2,0.0,1,0,1.0,0,0,0,-9999.0,0.53125,1,P1_CV0,1,1,1,2,0
15,0.5218483217500717,0.4146619399905236,R15_F15_m15f17_P15_Y6_UO820,RD15_F8_m15f17_P15_Y4_UO865,RD17_F3_m3f12_P3_Y2_UO841,FXX,2,0.0,1,0,1.0,0,0,0,-9999.0,0.375,1,P1_CV0,1,0,2,0,2
15,0.5218483217500717,0.4146619399905236,RD15_F2_m19f2_P19_Y6_UO387,RD19_F2_m19f2_P19_Y4_UO1130,RD2_F19_m19f2_P19_Y4_UO378,FXX,2,0.0,1,0,1.0,0,0,0,-9999.0,0.53125,1,P1_CV0,1,2,0,2,0
15,0.5218483217500717,0.4146619399905236,RD15_F2_m2f19_P2_Y6_UO698,R2_F2_m2f19_P2_Y4_UO745,RD19_F2_m15f17_P15_Y4_UO121,FXX,2,0.0,1,0,1.0,0,0,0,-9999.0,0.53125,1,P1_CV0,1,2,0,2,0
15,0.5218483217500717,0.4146619399905236,RD15_F8_m15f2_P15_Y6_UO1070,RD15_F8_m8f13_P8_Y4_UO52,RD2_F19_m19f2_P19_Y3_UO562,FXX,2,0.0,1,0,1.0,0,0,0,-9999.0,0.5,1,P1_CV0,1,1,1,1,1
15,0.5218483217500717,0.4146619399905236,RD15_F2_m19f2_P19_Y6_UO811,R19_F19_m19f2_P19_Y4_UO1109,R2_F2_m2f19_P2_Y4_UO1439,FXX,2,0.0,1,0,1.0,0,0,0,-9999.0,0.5,1,P1_CV0,1,2,0,1,1
15,0.5218483217500717,0.4146619399905236,R15_F15_m15f17_P15_Y7_UO379,R15_F15_m2f19_P2_Y5_UO200,R17_F17_m3f17_P3_Y4_UO525,FXX,1,0.0,0,0,0.0,0,0,0,-9999.0,0.53125,1,P2_CV0,1,1,1,1,1
15,0.5218483217500717,0.4146619399905236,RD15_F17_m3f17_P3_Y6_UO1153,RD3_F17_m17f3_P17_Y4_UO777,RD17_F3_m17f3_P17_Y4_UO995,MXY,2,0.0,1,0,0.0,0,0,0,-9999.0,0.59375,1,P2_CV0,1,2,0,1,1
15,0.5218483217500717,0.4146619399905236,RD15_F8_m15f2_P15_Y6_UO205,RD15_F8_m15f17_P15_Y4_UO865,RD2_F15_m15f17_P15_Y4_UO118,FXX,2,0.0,1,0,1.0,0,0,0,-9999.0,0.46875,1,P2_CV0,1,0,2,1,1
15,0.5218483217500717,0.4146619399905236,RD15_F8_m15f17_P15_Y6_UO1046,RD15_F8_m15f2_P15_Y4_UO739,RD17_F3_m17f3_P17_Y4_UO1413,MXY,2,0.0,1,0,0.0,0,0,0,-9999.0,0.4375,1,P2_CV0,1,0,2,2,0
15,0.5218483217500717,0.4146619399905236,RD15_F8_m15f17_P15_Y6_UO341,R15_F15_m8f13_P8_Y4_UO780,RD17_F3_m3f17_P3_Y4_UO525,FXX,2,0.0,1,0,1.0,0,0,0,-9999.0,0.53125,1,P2_CV0,1,1,1,1,1
15,0.5218483217500717,0.4146619399905236,RD15_F17_m17f3_P17_Y6_UO56,R17_F17_m17f3_P17_Y4_UO994,RD3_F17_m17f3_P17_Y4_UO372,MXY,2,0.0,1,0,0.0,0,0,0,-9999.0,0.53125,1,P2_CV0,1,0,2,0,2
15,0.5218483217500717,0.4146619399905236,RD15_F8_m15f2_P15_Y6_UO801,RD15_F8_m15f17_P15_Y4_UO865,R2_F2_m2f19_P2_Y4_UO1439,MXY,2,0.0,1,0,0.0,0,0,0,-9999.0,0.375,1,P2_CV0,1,1,1,1,1
15,0.5218483217500717,0.4146619399905236,RD15_F17_m17f3_P17_Y6_UO15,RD17_F3_m3f17_P3_Y4_UO34,R3_F3_m17f3_P17_Y4_UO1415,MXY,2,0.0,1,0,0.0,0,0,0,-9999.0,0.46875,1,P2_CV0,1,1,1,1,1
15,0.5218483217500717,0.4146619399905236,RD15_F8_m15f2_P15_Y5_UO788,R15_F15_m15f17_P15_Y3_UO756,R2_F2_m2f19_P2_Y3_UO113,MXY,3,0.0,1,0,0.0,0,0,0,-9999.0,0.5,1,P2_CV0,1,0,2,1,1
15,0.5218483217500717,0.4146619399905236,RD15_F8_m8f18_P8_Y7_UO63,R8_F8_m8f18_P8_Y5_UO644,RD18_F8_m15f19_P15_Y5_UO755,MXY,1,0.0,0,0,0.0,0,0,0,-9999.0,0.5625,1,P7_CV0,1,1,1,2,0
15,0.5218483217500717,0.4146619399905236,RD15_F8_m8f18_P8_Y7_UO374,R8_F8_m8f18_P8_Y5_UO644,R18_F18_m18f13_P18_Y4_UO1167,FXX,1,0.0,0,0,0.0,0,0,0,-9999.0,0.5,1,P7_CV0,1,1,1,1,1
15,0.5218483217500717,0.4146619399905236,RD15_F8_m8f18_P8_Y7_UO372,R8_F8_m8f18_P8_Y5_UO644,R18_F18_m18f13_P18_Y4_UO1167,MXY,1,0.0,0,0,0.0,0,0,0,-9999.0,0.5,1,P7_CV0,1,1,1,1,1
15,0.5218483217500717,0.4146619399905236,RD15_F8_m8f18_P8_Y7_UO67,R8_F8_m8f18_P8_Y5_UO644,RD18_F8_m15f19_P15_Y5_UO755,FXX,1,0.0,0,0,0.0,0,0,0,-9999.0,0.5625,1,P7_CV0,1,2,0,2,0
15,0.5218483217500717,0.4146619399905236,RD15_F8_m8f13_P8_Y6_UO1513,R8_F8_m8f18_P8_Y4_UO802,RD13_F18_m18f13_P18_Y4_UO253,MXY,2,0.0,1,0,0.0,0,0,0,-9999.0,0.59375,1,P7_CV0,1,0,2,1,1
15,0.5218483217500717,0.4146619399905236,RD15_F8_m15f19_P15_Y6_UO1491,R15_F15_m8f15_P8_Y4_UO302,R19_F19_m19f2_P19_Y3_UO1067,FXX,2,0.0,1,0,1.0,0,0,0,-9999.0,0.6875,1,P7_CV0,1,2,0,2,0
15,0.5218483217500717,0.4146619399905236,RD15_F8_m8f18_P8_Y6_UO644,R8_F8_m15f2_P15_Y4_UO462,R18_F18_m18f13_P18_Y4_UO684,FXX,2,0.0,1,0,1.0,0,0,0,-9999.0,0.71875,1,P7_CV0,1,1,1,1,1
15,0.5218483217500717,0.4146619399905236,RD15_F8_m18f13_P18_Y6_UO1001,R18_F18_m13f18_P13_Y4_UO268,RD13_F18_m18f13_P18_Y4_UO253,FXX,2,0.0,1,0,1.0,0,0,0,-9999.0,0.53125,1,P7_CV0,1,0,2,0,2
15,0.5218483217500717,0.4146619399905236,R15_F15_m15f17_P15_Y6_UO762,R15_F15_m8f15_P8_Y4_UO302,R17_F17_m17f3_P17_Y4_UO224,MXY,2,0.0,1,0,0.0,0,0,0,-9999.0,0.625,1,P7_CV0,1,2,0,2,0
15,0.5218483217500717,0.4146619399905236,RD15_F8_m18f13_P18_Y6_UO83,R18_F18_m18f13_P18_Y4_UO493,R13_F13_m13f18_P13_Y4_UO706,FXX,2,0.0,1,0,1.0,0,0,0,-9999.0,0.34375,1,P7_CV0,1,2,0,2,0
15,0.5218483217500717,0.4146619399905236,RD15_F8_m8f18_P8_Y4_UO1075,R8_F8_m15f17_P15_Y2_UO1253,RD18_F8_m8f13_P8_Y2_UO1347,FXX,4,0.0,1,0,1.0,0,0,0,-9999.0,0.5625,1,P7_CV0,1,1,1,1,1
16,0.26455561210462697,0.7742336894342167,RD16_F12_m1f12_P1_Y6_UO173,R1_F1_m10f7_P10_Y4_UO853,RD12_F3_m3f17_P3_Y4_UO322,MXY,2,0.0,1,0,0.0,0,0,0,-9999.0,0.46875,1,P0_CV0,1,2,0,2,0
16,0.26455561210462697,0.7742336894342167,RD16_F12_m1f19_P1_Y6_UO365,R1_F1_m1f19_P1_Y4_UO486,R19_F19_m2f19_P2_Y4_UO1443,FXX,2,0.0,1,0,1.0,0,0,0,-9999.0,0.46875,1,P0_CV0,1,2,0,2,0
16,0.26455561210462697,0.7742336894342167,RD16_F12_m12f1_P12_Y6_UO1425,RD12_F1_m19f2_P19_Y4_UO45,RD1_F12_m1f19_P1_Y4_UO1126,FXX,2,0.0,1,0,1.0,0,0,0,-9999.0,0.28125,1,P0_CV0,1,0,2,1,1
16,0.26455561210462697,0.7742336894342167,R16_F16_m16f3_P16_Y6_UO65,R16_F16_m16f12_P16_Y4_UO155,R3_F3_m17f3_P17_Y4_UO1415,FXX,2,0.0,1,0,1.0,0,0,0,-9999.0,0.5625,1,P0_CV0,1,0,2,1,1
16,0.26455561210462697,0.7742336894342167,R16_F16_m12f4_P12_Y6_UO1423,R12_F12_m16f13_P16_Y4_UO247,RD4_F12_m12f1_P12_Y4_UO566,MXY,2,0.0,1,0,0.0,0,0,0,-9999.0,0.28125,1,P0_CV0,1,0,2,1,1
16,0.26455561210462697,0.7742336894342167,RD16_F14_m14f9_P14_Y7_UO614,R14_F14_m14f9_P14_Y5_UO426,RD9_F14_m14f9_P14_Y5_UO347,MXY,1,0.0,0,0,0.0,0,0,0,-9999.0,0.59375,1,P11_CV0,1,2,0,2,0
16,0.26455561210462697,0.7742336894342167,RD16_F14_m14f9_P14_Y7_UO729,RD14_F16_m16f13_P16_Y5_UO284,R9_F9_m9f14_P9_Y5_UO129,FXX,1,0.0,0,0,0.0,0,0,0,-9999.0,0.6875,1,P11_CV0,1,1,1,0,2
16,0.26455561210462697,0.7742336894342167,RD16_F4_m4f12_P4_Y6_UO553,R4_F4_m12f4_P12_Y4_UO187,RD12_F1_m3f17_P3_Y4_UO1090,FXX,2,0.0,1,0,1.0,0,0,0,-9999.0,0.53125,1,P11_CV0,1,1,1,2,0
16,0.26455561210462697,0.7742336894342167,RD16_F12_m12f4_P12_Y6_UO615,RD12_F1_m1f12_P1_Y4_UO1107,RD4_F12_m1f12_P1_Y4_UO167,FXX,2,0.0,1,0,1.0,0,0,0,-9999.0,0.1875,1,P11_CV0,1,0,2,0,2
16,0.26455561210462697,0.7742336894342167,R16_F16_m16f14_P16_Y6_UO124,RD16_F13_m13f18_P13_Y4_UO1340,RD14_F16_m16f12_P16_Y4_UO934,FXX,2,0.0,1,0,1.0,0,0,0,-9999.0,0.71875,1,P11_CV0,1,2,0,1,1
16,0.26455561210462697,0.7742336894342167,R16_F16_m16f14_P16_Y6_UO122,RD16_F13_m13f18_P13_Y4_UO1340,RD14_F16_m16f12_P16_Y4_UO934,FXX,2,0.0,1,0,1.0,0,0,0,-9999.0,0.71875,1,P11_CV0,1,2,0,1,1
16,0.26455561210462697,0.7742336894342167,R16_F16_m16f14_P16_Y6_UO1219,R16_F16_m16f3_P16_Y4_UO221,RD14_F16_m4f7_P4_Y4_UO687,FXX,2,0.0,1,0,1.0,0,0,0,-9999.0,0.53125,1,P11_CV0,1,2,0,0,2
16,0.26455561210462697,0.7742336894342167,R16_F16_m16f12_P16_Y6_UO142,RD16_F12_m12f4_P12_Y4_UO1054,R12_F12_m4f7_P4_Y4_UO284,MXY,2,0.0,1,0,0.0,0,0,0,-9999.0,0.53125,1,P11_CV0,1,1,1,0,2
16,0.26455561210462697,0.7742336894342167,R16_F16_m4f7_P4_Y6_UO459,R4_F4_m12f4_P12_Y4_UO187,R7_F7_m7f1_P7_Y4_UO818,MXY,2,0.0,1,0,0.0,0,0,0,-9999.0,0.53125,1,P11_CV0,1,2,0,1,1
16,0.26455561210462697,0.7742336894342167,R16_F16_m16f14_P16_Y6_UO1220,R16_F16_m16f3_P16_Y4_UO221,RD14_F16_m4f7_P4_Y4_UO687,MXY,2,0.0,1,0,0.0,0,0,0,-9999.0,0.53125,1,P11_CV0,1,1,1,0,2
16,0.26455561210462697,0.7742336894342167,R16_F16_m16f4_P16_Y6_UO636,RD16_F12_m12f4_P12_Y4_UO1054,RD4_F12_m1f12_P1_Y4_UO1037,MXY,2,0.0,1,0,0.0,0,0,0,-9999.0,0.5,1,P11_CV0,1,0,2,1,1
16,0.26455561210462697,0.7742336894342167,R16_F16_m16f4_P16_Y6_UO635,RD16_F12_m12f4_P12_Y4_UO1054,RD4_F12_m1f12_P1_Y4_UO1037,FXX,2,0.0,1,0,1.0,0,0,0,-9999.0,0.5,1,P11_CV0,1,0,2,1,1
16,0.26455561210462697,0.7742336894342167,RD16_F3_m2f19_P2_Y4_UO923,RD2_F19_m19f2_P19_Y2_UO631,R19_F19_m19f6_P19_Y2_UO35,MXY,4,0.0,1,0,0.0,0,0,0,-9999.0,0.5625,1,P11_CV0,1,1,1,1,1
16,0.26455561210462697,0.7742336894342167,RD16_F13_m13f18_P13_Y6_UO28,RD13_F18_m13f18_P13_Y4_UO1101,R18_F18_m13f18_P13_Y4_UO157,MXY,2,0.0,1,0,0.0,0,0,0,-9999.0,0.5,1,P12_CV0,1,0,2,0,2
16,0.26455561210462697,0.7742336894342167,R16_F16_m13f18_P13_Y6_UO1508,RD13_F18_m13f18_P13_Y4_UO738,RD18_F8_m18f13_P18_Y3_UO793,MXY,2,0.0,1,0,0.0,0,0,0,-9999.0,0.59375,1,P12_CV0,1,1,1,0,2
16,0.26455561210462697,0.7742336894342167,RD16_F3_m3f17_P3_Y7_UO688,R3_F3_m3f17_P3_Y5_UO165,RD17_F3_m3f17_P3_Y5_UO243,FXX,1,0.0,0,0,0.0,0,0,0,-9999.0,0.5625,1,P15_CV0,1,2,0,1,1
16,0.26455561210462697,0.7742336894342167,RD16_F3_m3f17_P3_Y7_UO533,R3_F3_m17f2_P17_Y5_UO988,R17_F17_m3f17_P3_Y5_UO241,MXY,1,0.0,0,0,0.0,0,0,0,-9999.0,0.53125,1,P16_CV0,1,1,1,1,1
16,0.26455561210462697,0.7742336894342167,RD16_F3_m3f17_P3_Y7_UO537,R3_F3_m17f2_P17_Y5_UO988,R17_F17_m3f17_P3_Y5_UO241,FXX,1,0.0,0,0,0.0,0,0,0,-9999.0,0.53125,1,P16_CV0,1,1,1,0,2
16,0.26455561210462697,0.7742336894342167,RD16_F3_m3f17_P3_Y7_UO539,R3_F3_m17f2_P17_Y5_UO988,R17_F17_m3f17_P3_Y5_UO241,FXX,1,0.0,0,0,0.0,0,0,0,-9999.0,0.53125,1,P16_CV0,1,1,1,1,1
16,0.26455561210462697,0.7742336894342167,RD16_F14_m14f9_P14_Y7_UO609,R14_F14_m14f9_P14_Y5_UO426,RD9_F14_m14f9_P14_Y5_UO347,FXX,1,0.0,0,0,0.0,0,0,0,-9999.0,0.59375,1,P16_CV0,1,0,2,1,1
16,0.26455561210462697,0.7742336894342167,RD16_F13_m13f18_P13_Y7_UO317,R13_F13_m13f9_P13_Y5_UO146,R18_F18_m18f13_P18_Y4_UO1167,MXY,1,0.0,0,0,0.0,0,0,0,-9999.0,0.5,1,P17_CV0,1,1,1,1,1
16,0.26455561210462697,0.7742336894342167,RD16_F13_m13f18_P13_Y6_UO1411,RD13_F18_m8f15_P8_Y4_UO298,R18_F18_m18f13_P18_Y4_UO1167,MXY,2,0.0,1,0,0.0,0,0,0,-9999.0,0.5625,1,P17_CV0,1,0,2,0,2
16,0.26455561210462697,0.7742336894342167,RD16_F14_m16f13_P16_Y6_UO1242,R16_F16_m3f17_P3_Y4_UO528,R13_F13_m13f18_P13_Y4_UO314,MXY,2,0.0,1,0,0.0,0,0,0,-9999.0,0.53125,1,P17_CV0,1,2,0,1,1
16,0.26455561210462697,0.7742336894342167,R16_F16_m16f3_P16_Y6_UO825,RD16_F13_m13f18_P13_Y4_UO1340,RD3_F17_m17f3_P17_Y4_UO372,FXX,2,0.0,1,0,1.0,0,0,0,-9999.0,0.5625,1,P17_CV0,1,1,1,0,2
16,0.26455561210462697,0.7742336894342167,R16_F16_m16f3_P16_Y6_UO822,RD16_F13_m13f18_P13_Y4_UO1340,RD3_F17_m17f3_P17_Y4_UO372,MXY,2,0.0,1,0,0.0,0,0,0,-9999.0,0.5625,1,P17_CV0,1,1,1,0,2
16,0.26455561210462697,0.7742336894342167,R16_F16_m16f3_P16_Y6_UO824,RD16_F13_m13f18_P13_Y4_UO1340,RD3_F17_m17f3_P17_Y4_UO372,FXX,2,0.0,1,0,1.0,0,0,0,-9999.0,0.5625,1,P17_CV0,1,1,1,0,2
16,0.26455561210462697,0.7742336894342167,R16_F16_m16f13_P16_Y6_UO604,R16_F16_m13f18_P13_Y4_UO1100,RD13_F18_m13f18_P13_Y4_UO773,MXY,2,0.0,1,0,0.0,0,0,0,-9999.0,0.46875,1,P17_CV0,1,2,0,0,2
16,0.26455561210462697,0.7742336894342167,R16_F16_m16f13_P16_Y6_UO40,RD16_F13_m18f13_P18_Y4_UO601,R13_F13_m13f18_P13_Y4_UO516,MXY,2,0.0,1,0,0.0,0,0,0,-9999.0,0.25,1,P17_CV0,1,0,2,1,1
16,0.26455561210462697,0.7742336894342167,R16_F16_m16f13_P16_Y6_UO1280,RD16_F12_m12f4_P12_Y4_UO1054,R13_F13_m18f13_P18_Y4_UO600,FXX,2,0.0,1,0,1.0,0,0,0,-9999.0,0.3125,1,P17_CV0,1,1,1,1,1
16,0.26455561210462697,0.7742336894342167,R16_F16_m16f13_P16_Y6_UO1279,RD16_F12_m12f4_P12_Y4_UO1054,R13_F13_m18f13_P18_Y4_UO600,MXY,2,0.0,1,0,0.0,0,0,0,-9999.0,0.3125,1,P17_CV0,1,0,2,1,1
16,0.26455561210462697,0.7742336894342167,R16_F16_m13f18_P13_Y5_UO518,R13_F13_m13f18_P13_Y3_UO604,R18_F18_m18f13_P18_Y2_UO907,FXX,3,0.0,1,0,1.0,0,0,0,-9999.0,0.6875,1,P17_CV0,1,1,1,0,2
16,0.26455561210462697,0.7742336894342167,R16_F16_m16f12_P16_Y7_UO271,R16_F16_m3f17_P3_Y5_UO244,RD12_F1_m19f2_P19_Y4_UO1110,FXX,1,0.0,0,0,0.0,0,0,0,-9999.0,0.625,1,P18_CV0,1,2,0,0,2
16,0.26455561210462697,0.7742336894342167,R16_F16_m16f12_P16_Y7_UO273,R16_F16_m3f17_P3_Y5_UO244,RD12_F1_m19f2_P19_Y4_UO1110,FXX,1,0.0,0,0,0.0,0,0,0,-9999.0,0.625,1,P18_CV0,1,2,0,0,2
16,0.26455561210462697,0.7742336894342167,R16_F16_m16f12_P16_Y7_UO276,R16_F16_m3f17_P3_Y5_UO244,RD12_F1_m19f2_P19_Y4_UO1110,MXY,1,0.0,0,0,0.0,0,0,0,-9999.0,0.625,1,P18_CV0,1,1,1,0,2
16,0.26455561210462697,0.7742336894342167,R16_F16_m16f12_P16_Y7_UO279,R16_F16_m3f17_P3_Y5_UO244,RD12_F1_m19f2_P19_Y4_UO1110,MXY,1,0.0,0,0,0.0,0,0,0,-9999.0,0.625,1,P18_CV0,1,1,1,0,2
16,0.26455561210462697,0.7742336894342167,R16_F16_m16f12_P16_Y7_UO281,R16_F16_m3f17_P3_Y5_UO244,RD12_F1_m19f2_P19_Y4_UO1110,MXY,1,0.0,0,0,0.0,0,0,0,-9999.0,0.625,1,P18_CV0,1,1,1,1,1
16,0.26455561210462697,0.7742336894342167,R16_F16_m16f12_P16_Y7_UO282,R16_F16_m3f17_P3_Y5_UO244,RD12_F1_m19f2_P19_Y4_UO1110,FXX,1,0.0,0,0,0.0,0,0,0,-9999.0,0.625,1,P18_CV0,1,2,0,0,2
16,0.26455561210462697,0.7742336894342167,R16_F16_m16f12_P16_Y7_UO290,R16_F16_m3f17_P3_Y5_UO244,RD12_F1_m19f2_P19_Y4_UO1110,MXY,1,0.0,0,0,0.0,0,0,0,-9999.0,0.625,1,P18_CV0,1,2,0,1,1
16,0.26455561210462697,0.7742336894342167,R16_F16_m16f12_P16_Y7_UO291,R16_F16_m3f17_P3_Y5_UO244,RD12_F1_m19f2_P19_Y4_UO1110,MXY,1,0.0,0,0,0.0,0,0,0,-9999.0,0.625,1,P18_CV0,1,1,1,1,1
16,0.26455561210462697,0.7742336894342167,RD16_F4_m4f12_P4_Y6_UO639,R4_F4_m4f12_P4_Y4_UO835,RD12_F1_m1f19_P1_Y3_UO998,FXX,2,0.0,1,0,1.0,0,0,0,-9999.0,0.6875,1,P18_CV0,1,1,1,2,0
16,0.26455561210462697,0.7742336894342167,RD16_F4_m7f4_P7_Y6_UO691,RD7_F4_m4f12_P4_Y4_UO1264,RD4_F12_m1f12_P1_Y4_UO167,MXY,2,0.0,1,0,0.0,0,0,0,-9999.0,0.3125,1,P18_CV0,1,1,1,0,2
16,0.26455561210462697,0.7742336894342167,RD16_F12_m1f12_P1_Y6_UO739,R1_F1_m19f2_P19_Y4_UO18,RD12_F4_m16f12_P16_Y4_UO1046,FXX,2,0.0,1,0,1.0,0,0,0,-9999.0,0.75,1,P18_CV0,1,2,0,1,1
16,0.26455561210462697,0.7742336894342167,RD16_F12_m1f2_P1_Y6_UO1052,RD1_F12_m12f3_P12_Y4_UO430,R2_F2_m2f19_P2_Y4_UO597,MXY,2,0.0,1,0,0.0,0,0,0,-9999.0,0.5625,1,P18_CV0,1,0,2,1,1
16,0.26455561210462697,0.7742336894342167,RD16_F12_m12f4_P12_Y6_UO467,RD12_F4_m4f12_P4_Y4_UO1228,RD4_F12_m12f1_P12_Y4_UO566,FXX,2,0.0,1,0,1.0,0,0,0,-9999.0,0.40625,1,P18_CV0,1,1,1,0,2
16,0.26455561210462697,0.7742336894342167,RD16_F12_m12f1_P12_Y6_UO1123,RD12_F3_m17f2_P17_Y4_UO90,R1_F1_m1f19_P1_Y4_UO183,MXY,2,0.0,1,0,0.0,0,0,0,-9999.0,0.25,1,P18_CV0,1,0,2,0,2
16,0.26455561210462697,0.7742336894342167,R16_F16_m12f4_P12_Y6_UO1394,RD12_F1_m19f2_P19_Y4_UO1320,RD4_F12_m12f1_P12_Y4_UO501,FXX,2,0.0,1,0,1.0,0,0,0,-9999.0,0.53125,1,P18_CV0,1,1,1,1,1
16,0.26455561210462697,0.7742336894342167,R16_F16_m3f17_P3_Y6_UO892,RD3_F1_m1f19_P1_Y4_UO1164,RD17_F3_m1f12_P1_Y4_UO1035,FXX,2,0.0,1,0,1.0,0,0,0,-9999.0,0.53125,1,P18_CV0,1,0,2,1,1
16,0.26455561210462697,0.7742336894342167,R16_F16_m1f12_P1_Y6_UO550,RD1_F12_m1f12_P1_Y4_UO1104,RD12_F1_m1f12_P1_Y4_UO1357,MXY,2,0.0,1,0,0.0,0,0,0,-9999.0,0.5625,1,P18_CV0,1,2,0,1,1
16,0.26455561210462697,0.7742336894342167,R16_F16_m3f17_P3_Y6_UO1297,RD3_F12_m1f19_P1_Y4_UO366,R17_F17_m17f3_P17_Y4_UO989,FXX,2,0.0,1,0,1.0,0,0,0,-9999.0,0.5,1,P18_CV0,1,1,1,0,2
16,0.26455561210462697,0.7742336894342167,RD16_F4_m4f7_P4_Y6_UO419,R4_F4_m4f12_P4_Y4_UO821,RD7_F4_m4f16_P4_Y4_UO793,MXY,2,0.0,1,0,0.0,0,0,0,-9999.0,0.5625,1,P19_CV0,1,0,2,1,1
16,0.26455561210462697,0.7742336894342167,RD16_F4_m4f7_P4_Y6_UO418,R4_F4_m4f12_P4_Y4_UO821,RD7_F4_m4f16_P4_Y4_UO793,FXX,2,0.0,1,0,1.0,0,0,0,-9999.0,0.5625,1,P19_CV0,1,1,1,1,1
16,0.26455561210462697,0.7742336894342167,RD16_F4_m7f4_P7_Y6_UO1518,RD7_F10_m10f11_P10_Y4_UO365,RD4_F12_m1f19_P1_Y4_UO1160,MXY,2,0.0,1,0,0.0,0,0,0,-9999.0,0.40625,1,P19_CV0,1,0,2,2,0
16,0.26455561210462697,0.7742336894342167,RD16_F12_m4f7_P4_Y6_UO955,R4_F4_m4f12_P4_Y4_UO821,RD7_F4_m4f16_P4_Y4_UO793,MXY,2,0.0,1,0,0.0,0,0,0,-9999.0,0.5625,1,P19_CV0,1,1,1,0,2
16,0.26455561210462697,0.7742336894342167,RD16_F3_m3f17_P3_Y7_UO531,R3_F3_m17f2_P17_Y5_UO988,R17_F17_m3f17_P3_Y5_UO241,MXY,1,0.0,0,0,0.0,0,0,0,-9999.0,0.53125,1,P1_CV0,1,1,1,0,2
16,0.26455561210462697,0.7742336894342167,RD16_F3_m3f17_P3_Y7_UO540,R3_F3_m17f2_P17_Y5_UO988,R17_F17_m3f17_P3_Y5_UO241,FXX,1,0.0,0,0,0.0,0,0,0,-9999.0,0.53125,1,P1_CV0,1,1,1,0,2
16,0.26455561210462697,0.7742336894342167,RD16_F12_m1f19_P1_Y6_UO733,RD1_F19_m2f19_P2_Y4_UO507,R19_F19_m19f2_P19_Y3_UO1067,FXX,2,0.0,1,0,1.0,0,0,0,-9999.0,0.5625,1,P1_CV0,1,1,1,2,0
16,0.26455561210462697,0.7742336894342167,R16_F16_m16f14_P16_Y6_UO1088,R16_F16_m13f18_P13_Y4_UO1100,RD14_F16_m4f7_P4_Y4_UO687,MXY,2,0.0,1,0,0.0,0,0,0,-9999.0,0.5,1,P1_CV0,1,1,1,0,2
16,0.26455561210462697,0.7742336894342167,R16_F16_m16f12_P16_Y7_UO270,R16_F16_m3f17_P3_Y5_UO244,RD12_F1_m19f2_P19_Y4_UO1110,MXY,1,0.0,0,0,0.0,0,0,0,-9999.0,0.625,1,P2_CV0,1,1,1,0,2
16,0.26455561210462697,0.7742336894342167,R16_F16_m16f12_P16_Y7_UO283,R16_F16_m3f17_P3_Y5_UO244,RD12_F1_m19f2_P19_Y4_UO1110,MXY,1,0.0,0,0,0.0,0,0,0,-9999.0,0.625,1,P2_CV0,1,1,1,1,1
16,0.26455561210462697,0.7742336894342167,R16_F16_m16f12_P16_Y7_UO284,R16_F16_m3f17_P3_Y5_UO244,RD12_F1_m19f2_P19_Y4_UO1110,FXX,1,0.0,0,0,0.0,0,0,0,-9999.0,0.625,1,P2_CV0,1,1,1,0,2
16,0.26455561210462697,0.7742336894342167,R16_F16_m16f12_P16_Y7_UO285,R16_F16_m3f17_P3_Y5_UO244,RD12_F1_m19f2_P19_Y4_UO1110,FXX,1,0.0,0,0,0.0,0,0,0,-9999.0,0.625,1,P2_CV0,1,2,0,1,1
16,0.26455561210462697,0.7742336894342167,R16_F16_m16f12_P16_Y7_UO288,R16_F16_m3f17_P3_Y5_UO244,RD12_F1_m19f2_P19_Y4_UO1110,MXY,1,0.0,0,0,0.0,0,0,0,-9999.0,0.625,1,P2_CV0,1,1,1,1,1
16,0.26455561210462697,0.7742336894342167,R16_F16_m16f12_P16_Y7_UO293,R16_F16_m3f17_P3_Y5_UO244,RD12_F1_m19f2_P19_Y4_UO1110,MXY,1,0.0,0,0,0.0,0,0,0,-9999.0,0.625,1,P2_CV0,1,1,1,0,2
16,0.26455561210462697,0.7742336894342167,RD16_F3_m3f17_P3_Y6_UO1389,R3_F3_m17f3_P17_Y4_UO1414,R17_F17_m17f3_P17_Y4_UO107,MXY,2,0.0,1,0,0.0,0,0,0,-9999.0,0.59375,1,P2_CV0,1,1,1,0,2
16,0.26455561210462697,0.7742336894342167,RD16_F3_m3f17_P3_Y6_UO1386,R3_F3_m17f3_P17_Y4_UO1414,R17_F17_m17f3_P17_Y4_UO107,FXX,2,0.0,1,0,1.0,0,0,0,-9999.0,0.59375,1,P2_CV0,1,1,1,1,1
16,0.26455561210462697,0.7742336894342167,RD16_F12_m12f4_P12_Y6_UO91,R12_F12_m12f4_P12_Y4_UO404,RD4_F12_m1f19_P1_Y4_UO1160,FXX,2,0.0,1,0,1.0,0,0,0,-9999.0,0.5625,1,P2_CV0,1,2,0,1,1
16,0.26455561210462697,0.7742336894342167,RD16_F13_m13f18_P13_Y6_UO980,RD13_F16_m16f13_P16_Y4_UO142,R18_F18_m18f13_P18_Y4_UO1167,MXY,2,0.0,1,0,0.0,0,0,0,-9999.0,0.34375,1,P2_CV0,1,1,1,0,2
16,0.26455561210462697,0.7742336894342167,R16_F16_m12f1_P12_Y6_UO453,R12_F12_m4f12_P4_Y4_UO387,RD1_F12_m1f12_P1_Y4_UO1355,MXY,2,0.0,1,0,0.0,0,0,0,-9999.0,0.65625,1,P2_CV0,1,2,0,0,2
16,0.26455561210462697,0.7742336894342167,R16_F16_m16f3_P16_Y6_UO823,RD16_F13_m13f18_P13_Y4_UO1340,RD3_F17_m17f3_P17_Y4_UO372,FXX,2,0.0,1,0,1.0,0,0,0,-9999.0,0.5625,1,P2_CV0,1,2,0,0,2
16,0.26455561210462697,0.7742336894342167,R16_F16_m12f1_P12_Y6_UO784,RD12_F4_m16f13_P16_Y4_UO9,R1_F1_m19f2_P19_Y4_UO195,FXX,2,0.0,1,0,1.0,0,0,0,-9999.0,0.46875,1,P2_CV0,1,0,2,1,1
16,0.26455561210462697,0.7742336894342167,RD16_F3_m3f17_P3_Y5_UO499,R3_F3_m3f17_P3_Y3_UO375,R17_F17_m17f15_P17_Y3_UO225,MXY,3,0.0,1,0,0.0,0,0,0,-9999.0,0.5625,1,P2_CV0,1,1,1,1,1
16,0.26455561210462697,0.7742336894342167,R16_F16_m12f4_P12_Y6_UO769,R12_F12_m12f4_P12_Y4_UO404,R4_F4_m7f4_P7_Y4_UO609,MXY,2,0.0,1,0,0.0,0,0,0,-9999.0,0.59375,1,P3_CV0,1,1,1,0,2
16,0.26455561210462697,0.7742336894342167,R16_F16_m12f1_P12_Y6_UO1287,RD12_F4_m4f12_P4_Y4_UO1087,R1_F1_m1f12_P1_Y4_UO229,FXX,2,0.0,1,0,1.0,0,0,0,-9999.0,0.5625,1,P3_CV0,1,2,0,0,2
16,0.26455561210462697,0.7742336894342167,RD16_F14_m14f9_P14_Y6_UO1171,R14_F14_m16f3_P16_Y4_UO730,RD9_F16_m16f13_P16_Y3_UO966,FXX,2,0.0,1,0,1.0,0,0,0,-9999.0,0.40625,1,P5_CV0,1,2,0,1,1
16,0.26455561210462697,0.7742336894342167,RD16_F4_m4f12_P4_Y5_UO327,RD4_F7_m7f12_P7_Y3_UO162,R12_F12_m1f19_P1_Y2_UO273,FXX,3,0.0,1,0,1.0,0,0,0,-9999.0,0.625,1,P6_CV0,1,1,1,1,1
16,0.26455561210462697,0.7742336894342167,RD16_F14_m9f14_P9_Y6_UO847,RD9_F14_m14f9_P14_Y4_UO1195,RD14_F16_m16f13_P16_Y4_UO264,MXY,2,0.0,1,0,0.0,0,0,0,-9999.0,0.46875,1,P7_CV0,1,1,1,1,1
16,0.26455561210462697,0.7742336894342167,R16_F16_m13f18_P13_Y6_UO837,RD13_F18_m18f13_P18_Y4_UO851,R18_F18_m8f18_P8_Y4_UO1071,FXX,2,0.0,1,0,1.0,0,0,0,-9999.0,0.40625,1,P7_CV0,1,0,2,1,1
16,0.26455561210462697,0.7742336894342167,RD16_F14_m9f14_P9_Y6_UO1015,RD9_F14_m9f14_P9_Y4_UO551,R14_F14_m9f14_P9_Y4_UO907,FXX,2,0.0,1,0,1.0,0,0,0,-9999.0,0.46875,1,P8_CV0,1,1,1,2,0
16,0.26455561210462697,0.7742336894342167,R16_F16_m16f14_P16_Y6_UO1221,R16_F16_m16f3_P16_Y4_UO221,RD14_F16_m4f7_P4_Y4_UO687,FXX,2,0.0,1,0,1.0,0,0,0,-9999.0,0.53125,1,P9_CV0,1,0,2,0,2
16,0.26455561210462697,0.7742336894342167,R16_F16_m16f14_P16_Y6_UO1223,R16_F16_m16f3_P16_Y4_UO221,RD14_F16_m4f7_P4_Y4_UO687,MXY,2,0.0,1,0,0.0,0,0,0,-9999.0,0.53125,1,P9_CV0,1,1,1,0,2
17,0.45615033221654855,0.5684339488686485,R17_F17_m3f17_P3_Y6_UO408,R3_F3_m3f17_P3_Y4_UO324,R17_F17_m17f3_P17_Y4_UO107,FXX,2,0.0,1,0,1.0,0,0,0,-9999.0,0.65625,1,P0_CV0,1,1,1,1,1
17,0.45615033221654855,0.5684339488686485,R17_F17_m3f17_P3_Y6_UO407,R3_F3_m3f17_P3_Y4_UO324,R17_F17_m17f3_P17_Y4_UO107,FXX,2,0.0,1,0,1.0,0,0,0,-9999.0,0.65625,1,P0_CV0,1,2,0,0,2
17,0.45615033221654855,0.5684339488686485,RD17_F3_m3f17_P3_Y4_UO320,RD3_F17_m17f3_P17_Y2_UO669,RD17_F3_m1f3_P1_Y0_UO1080,FXX,4,0.0,1,0,1.0,0,0,0,-9999.0,0.5625,1,P0_CV0,1,1,1,1,1
17,0.45615033221654855,0.5684339488686485,R17_F17_m17f3_P17_Y7_UO176,RD17_F3_m17f2_P17_Y5_UO991,R3_F3_m2f19_P2_Y4_UO923,FXX,1,0.0,0,0,0.0,0,0,0,-9999.0,0.5,1,P11_CV0,1,0,2,1,1
17,0.45615033221654855,0.5684339488686485,R17_F17_m17f3_P17_Y7_UO178,RD17_F3_m17f2_P17_Y5_UO991,R3_F3_m2f19_P2_Y4_UO923,FXX,1,0.0,0,0,0.0,0,0,0,-9999.0,0.5,1,P11_CV0,1,1,1,1,1
17,0.45615033221654855,0.5684339488686485,R17_F17_m17f3_P17_Y7_UO803,RD17_F3_m17f2_P17_Y5_UO991,R3_F3_m2f19_P2_Y4_UO923,MXY,1,0.0,0,0,0.0,0,0,0,-9999.0,0.5,1,P11_CV0,1,1,1,1,1
17,0.45615033221654855,0.5684339488686485,R17_F17_m17f3_P17_Y7_UO804,RD17_F3_m17f2_P17_Y5_UO991,R3_F3_m2f19_P2_Y4_UO923,MXY,1,0.0,0,0,0.0,0,0,0,-9999.0,0.5,1,P11_CV0,1,1,1,0,2
17,0.45615033221654855,0.5684339488686485,R17_F17_m17f3_P17_Y7_UO806,RD17_F3_m17f2_P17_Y5_UO991,R3_F3_m2f19_P2_Y4_UO923,FXX,1,0.0,0,0,0.0,0,0,0,-9999.0,0.5,1,P11_CV0,1,1,1,0,2
17,0.45615033221654855,0.5684339488686485,R17_F17_m17f3_P17_Y7_UO809,RD17_F3_m17f2_P17_Y5_UO991,R3_F3_m2f19_P2_Y4_UO923,FXX,1,0.0,0,0,0.0,0,0,0,-9999.0,0.5,1,P11_CV0,1,0,2,0,2
17,0.45615033221654855,0.5684339488686485,R17_F17_m17f3_P17_Y7_UO811,RD17_F3_m17f2_P17_Y5_UO991,R3_F3_m2f19_P2_Y4_UO923,FXX,1,0.0,0,0,0.0,0,0,0,-9999.0,0.5,1,P11_CV0,1,1,1,1,1
17,0.45615033221654855,0.5684339488686485,R17_F17_m17f3_P17_Y7_UO812,RD17_F3_m17f2_P17_Y5_UO991,R3_F3_m2f19_P2_Y4_UO923,MXY,1,0.0,0,0,0.0,0,0,0,-9999.0,0.5,1,P11_CV0,1,0,2,0,2
17,0.45615033221654855,0.5684339488686485,RD17_F3_m3f17_P3_Y6_UO398,R3_F3_m17f3_P17_Y4_UO1395,RD17_F3_m3f17_P3_Y4_UO210,MXY,2,0.0,1,0,0.0,0,0,0,-9999.0,0.625,1,P11_CV0,1,1,1,0,2
17,0.45615033221654855,0.5684339488686485,RD17_F3_m3f17_P3_Y6_UO961,RD3_F12_m12f4_P12_Y4_UO532,RD17_F3_m1f12_P1_Y4_UO1035,FXX,2,0.0,1,0,1.0,0,0,0,-9999.0,0.53125,1,P11_CV0,1,1,1,2,0
17,0.45615033221654855,0.5684339488686485,RD17_F12_m12f4_P12_Y6_UO1024,R12_F12_m12f1_P12_Y4_UO400,RD4_F12_m1f12_P1_Y4_UO167,FXX,2,0.0,1,0,1.0,0,0,0,-9999.0,0.21875,1,P11_CV0,1,1,1,1,1
17,0.45615033221654855,0.5684339488686485,RD17_F15_m8f18_P8_Y6_UO869,RD8_F13_m13f18_P13_Y4_UO311,R18_F18_m13f18_P13_Y4_UO157,MXY,2,0.0,1,0,0.0,0,0,0,-9999.0,0.53125,1,P12_CV0,1,1,1,1,1
17,0.45615033221654855,0.5684339488686485,RD17_F3_m3f17_P3_Y7_UO199,R3_F3_m17f2_P17_Y5_UO988,R17_F17_m3f17_P3_Y5_UO927,MXY,1,0.0,0,0,0.0,0,0,0,-9999.0,0.4375,1,P15_CV0,1,0,2,1,1
17,0.45615033221654855,0.5684339488686485,RD17_F3_m3f17_P3_Y7_UO200,R3_F3_m17f2_P17_Y5_UO988,R17_F17_m3f17_P3_Y5_UO927,FXX,1,0.0,0,0,0.0,0,0,0,-9999.0,0.4375,1,P15_CV0,1,0,2,1,1
17,0.45615033221654855,0.5684339488686485,RD17_F3_m3f17_P3_Y7_UO451,RD3_F17_m3f17_P3_Y5_UO699,RD17_F3_m1f19_P1_Y4_UO485,MXY,1,0.0,0,0,0.0,0,0,0,-9999.0,0.59375,1,P16_CV0,1,1,1,2,0
17,0.45615033221654855,0.5684339488686485,RD17_F3_m3f17_P3_Y7_UO452,RD3_F17_m3f17_P3_Y5_UO699,RD17_F3_m1f19_P1_Y4_UO485,FXX,1,0.0,0,0,0.0,0,0,0,-9999.0,0.59375,1,P16_CV0,1,1,1,1,1
17,0.45615033221654855,0.5684339488686485,RD17_F3_m3f17_P3_Y7_UO454,RD3_F17_m3f17_P3_Y5_UO699,RD17_F3_m1f19_P1_Y4_UO485,MXY,1,0.0,0,0,0.0,0,0,0,-9999.0,0.59375,1,P16_CV0,1,1,1,1,1
17,0.45615033221654855,0.5684339488686485,RD17_F3_m3f17_P3_Y7_UO534,R3_F3_m17f2_P17_Y5_UO988,R17_F17_m3f17_P3_Y5_UO241,MXY,1,0.0,0,0,0.0,0,0,0,-9999.0,0.53125,1,P16_CV0,1,1,1,1,1
17,0.45615033221654855,0.5684339488686485,RD17_F3_m3f17_P3_Y7_UO535,R3_F3_m17f2_P17_Y5_UO988,R17_F17_m3f17_P3_Y5_UO241,FXX,1,0.0,0,0,0.0,0,0,0,-9999.0,0.53125,1,P16_CV0,1,1,1,0,2
17,0.45615033221654855,0.5684339488686485,RD17_F3_m3f17_P3_Y7_UO541,R3_F3_m17f2_P17_Y5_UO988,R17_F17_m3f17_P3_Y5_UO241,FXX,1,0.0,0,0,0.0,0,0,0,-9999.0,0.53125,1,P16_CV0,1,1,1,0,2
17,0.45615033221654855,0.5684339488686485,RD17_F3_m3f17_P3_Y7_UO685,R3_F3_m3f17_P3_Y5_UO165,RD17_F3_m3f17_P3_Y5_UO243,MXY,1,0.0,0,0,0.0,0,0,0,-9999.0,0.5625,1,P16_CV0,1,2,0,1,1
17,0.45615033221654855,0.5684339488686485,RD17_F3_m3f17_P3_Y7_UO686,R3_F3_m3f17_P3_Y5_UO165,RD17_F3_m3f17_P3_Y5_UO243,FXX,1,0.0,0,0,0.0,0,0,0,-9999.0,0.5625,1,P16_CV0,1,2,0,1,1
17,0.45615033221654855,0.5684339488686485,R17_F17_m17f3_P17_Y7_UO520,RD17_F3_m17f3_P17_Y5_UO36,R3_F3_m17f3_P17_Y5_UO300,FXX,1,0.0,0,0,0.0,0,0,0,-9999.0,0.625,1,P16_CV0,1,1,1,0,2
17,0.45615033221654855,0.5684339488686485,R17_F17_m17f3_P17_Y7_UO521,RD17_F3_m17f3_P17_Y5_UO36,R3_F3_m17f3_P17_Y5_UO300,MXY,1,0.0,0,0,0.0,0,0,0,-9999.0,0.625,1,P16_CV0,1,1,1,0,2
17,0.45615033221654855,0.5684339488686485,R17_F17_m17f3_P17_Y7_UO525,RD17_F3_m17f3_P17_Y5_UO36,R3_F3_m17f3_P17_Y5_UO300,FXX,1,0.0,0,0,0.0,0,0,0,-9999.0,0.625,1,P16_CV0,1,2,0,1,1
17,0.45615033221654855,0.5684339488686485,R17_F17_m17f3_P17_Y7_UO527,RD17_F3_m17f3_P17_Y5_UO36,R3_F3_m17f3_P17_Y5_UO300,FXX,1,0.0,0,0,0.0,0,0,0,-9999.0,0.625,1,P16_CV0,1,1,1,1,1
17,0.45615033221654855,0.5684339488686485,R17_F17_m17f3_P17_Y7_UO529,RD17_F3_m17f3_P17_Y5_UO36,R3_F3_m17f3_P17_Y5_UO300,MXY,1,0.0,0,0,0.0,0,0,0,-9999.0,0.625,1,P16_CV0,1,2,0,1,1
17,0.45615033221654855,0.5684339488686485,RD17_F3_m17f2_P17_Y6_UO939,R17_F17_m17f3_P17_Y4_UO225,RD2_F19_m19f2_P19_Y4_UO382,MXY,2,0.0,1,0,0.0,0,0,0,-9999.0,0.5,1,P16_CV0,1,0,2,2,0
17,0.45615033221654855,0.5684339488686485,RD17_F3_m3f17_P3_Y6_UO1299,RD3_F12_m1f19_P1_Y4_UO366,R17_F17_m17f3_P17_Y4_UO989,FXX,2,0.0,1,0,1.0,0,0,0,-9999.0,0.5,1,P16_CV0,1,1,1,1,1
17,0.45615033221654855,0.5684339488686485,R17_F17_m3f17_P3_Y6_UO295,R3_F3_m3f17_P3_Y4_UO35,R17_F17_m17f3_P17_Y4_UO107,MXY,2,0.0,1,0,0.0,0,0,0,-9999.0,0.625,1,P16_CV0,1,1,1,0,2
17,0.45615033221654855,0.5684339488686485,R17_F17_m3f17_P3_Y6_UO294,R3_F3_m3f17_P3_Y4_UO35,R17_F17_m17f3_P17_Y4_UO107,MXY,2,0.0,1,0,0.0,0,0,0,-9999.0,0.625,1,P16_CV0,1,1,1,1,1
17,0.45615033221654855,0.5684339488686485,R17_F17_m17f3_P17_Y6_UO67,RD17_F3_m3f17_P3_Y4_UO32,RD3_F17_m17f3_P17_Y4_UO282,MXY,2,0.0,1,0,0.0,0,0,0,-9999.0,0.625,1,P16_CV0,1,2,0,0,2
17,0.45615033221654855,0.5684339488686485,R17_F17_m17f2_P17_Y6_UO936,R17_F17_m17f3_P17_Y4_UO225,RD2_F19_m19f2_P19_Y4_UO382,MXY,2,0.0,1,0,0.0,0,0,0,-9999.0,0.5,1,P16_CV0,1,1,1,1,1
17,0.45615033221654855,0.5684339488686485,R17_F17_m17f3_P17_Y6_UO866,R17_F17_m17f3_P17_Y4_UO225,R3_F3_m17f3_P17_Y4_UO1415,FXX,2,0.0,1,0,1.0,0,0,0,-9999.0,0.46875,1,P16_CV0,1,1,1,0,2
17,0.45615033221654855,0.5684339488686485,R17_F17_m17f3_P17_Y6_UO676,RD17_F3_m3f17_P3_Y4_UO34,RD3_F17_m15f2_P15_Y4_UO440,MXY,2,0.0,1,0,0.0,0,0,0,-9999.0,0.5625,1,P16_CV0,1,2,0,2,0
17,0.45615033221654855,0.5684339488686485,R17_F17_m3f17_P3_Y4_UO754,RD3_F17_m17f3_P17_Y2_UO670,RD17_F3_m17f3_P17_Y2_UO1390,FXX,4,0.0,1,0,1.0,0,0,0,-9999.0,0.5625,1,P16_CV0,1,1,1,1,1
17,0.45615033221654855,0.5684339488686485,R17_F17_m1f19_P1_Y4_UO485,R1_F1_m1f3_P1_Y2_UO985,R19_F19_m19f1_P19_Y0_UO1255,MXY,4,0.0,1,0,0.0,0,0,0,-9999.0,0.5625,1,P16_CV0,1,2,0,2,0
17,0.45615033221654855,0.5684339488686485,RD17_F15_m15f2_P15_Y7_UO72,R15_F15_m2f19_P2_Y5_UO200,R2_F2_m2f3_P2_Y5_UO184,MXY,1,0.0,0,0,0.0,0,0,0,-9999.0,0.5625,1,P18_CV0,1,1,1,0,2
17,0.45615033221654855,0.5684339488686485,RD17_F15_m15f2_P15_Y7_UO247,RD15_F8_m15f2_P15_Y5_UO686,R2_F2_m2f3_P2_Y5_UO184,MXY,1,0.0,0,0,0.0,0,0,0,-9999.0,0.5625,1,P18_CV0,1,1,1,1,1
17,0.45615033221654855,0.5684339488686485,RD17_F3_m12f4_P12_Y6_UO530,RD12_F1_m1f19_P1_Y4_UO1305,RD4_F12_m4f12_P4_Y4_UO1458,MXY,2,0.0,1,0,0.0,0,0,0,-9999.0,0.46875,1,P18_CV0,1,1,1,1,1
17,0.45615033221654855,0.5684339488686485,RD17_F3_m3f17_P3_Y6_UO887,RD3_F1_m1f19_P1_Y4_UO1164,RD17_F3_m1f12_P1_Y4_UO1035,MXY,2,0.0,1,0,0.0,0,0,0,-9999.0,0.53125,1,P18_CV0,1,1,1,1,1
17,0.45615033221654855,0.5684339488686485,RD17_F1_m1f19_P1_Y7_UO556,R1_F1_m1f19_P1_Y5_UO1037,R19_F19_m19f17_P19_Y5_UO957,MXY,1,0.0,0,0,0.0,0,0,0,-9999.0,0.5,1,P1_CV0,1,1,1,2,0
17,0.45615033221654855,0.5684339488686485,RD17_F2_m2f19_P2_Y7_UO720,R2_F2_m15f2_P15_Y5_UO765,R19_F19_m19f17_P19_Y5_UO957,MXY,1,0.0,0,0,0.0,0,0,0,-9999.0,0.53125,1,P1_CV0,1,2,0,2,0
17,0.45615033221654855,0.5684339488686485,RD17_F3_m3f17_P3_Y7_UO189,R3_F3_m17f2_P17_Y5_UO988,R17_F17_m3f17_P3_Y5_UO927,FXX,1,0.0,0,0,0.0,0,0,0,-9999.0,0.4375,1,P1_CV0,1,0,2,1,1
17,0.45615033221654855,0.5684339488686485,RD17_F3_m3f17_P3_Y7_UO195,R3_F3_m17f2_P17_Y5_UO988,R17_F17_m3f17_P3_Y5_UO927,MXY,1,0.0,0,0,0.0,0,0,0,-9999.0,0.4375,1,P1_CV0,1,0,2,1,1
17,0.45615033221654855,0.5684339488686485,RD17_F3_m3f17_P3_Y7_UO197,R3_F3_m17f2_P17_Y5_UO988,R17_F17_m3f17_P3_Y5_UO927,FXX,1,0.0,0,0,0.0,0,0,0,-9999.0,0.4375,1,P1_CV0,1,1,1,1,1
17,0.45615033221654855,0.5684339488686485,RD17_F3_m3f17_P3_Y7_UO201,R3_F3_m17f2_P17_Y5_UO988,R17_F17_m3f17_P3_Y5_UO927,FXX,1,0.0,0,0,0.0,0,0,0,-9999.0,0.4375,1,P1_CV0,1,0,2,1,1
17,0.45615033221654855,0.5684339488686485,RD17_F15_m15f2_P15_Y7_UO693,R15_F15_m17f2_P17_Y5_UO999,R2_F2_m2f19_P2_Y5_UO82,MXY,1,0.0,0,0,0.0,0,0,0,-9999.0,0.375,1,P1_CV0,1,0,2,1,1
17,0.45615033221654855,0.5684339488686485,R17_F17_m17f3_P17_Y7_UO173,RD17_F3_m17f2_P17_Y5_UO991,R3_F3_m2f19_P2_Y4_UO923,FXX,1,0.0,0,0,0.0,0,0,0,-9999.0,0.5,1,P1_CV0,1,1,1,1,1
17,0.45615033221654855,0.5684339488686485,R17_F17_m17f3_P17_Y7_UO175,RD17_F3_m17f2_P17_Y5_UO991,R3_F3_m2f19_P2_Y4_UO923,FXX,1,0.0,0,0,0.0,0,0,0,-9999.0,0.5,1,P1_CV0,1,0,2,0,2
17,0.45615033221654855,0.5684339488686485,R17_F17_m17f3_P17_Y7_UO177,RD17_F3_m17f2_P17_Y5_UO991,R3_F3_m2f19_P2_Y4_UO923,MXY,1,0.0,0,0,0.0,0,0,0,-9999.0,0.5,1,P1_CV0,1,1,1,0,2
17,0.45615033221654855,0.5684339488686485,R17_F17_m17f3_P17_Y7_UO180,RD17_F3_m17f2_P17_Y5_UO991,R3_F3_m2f19_P2_Y4_UO923,FXX,1,0.0,0,0,0.0,0,0,0,-9999.0,0.5,1,P1_CV0,1,0,2,1,1
17,0.45615033221654855,0.5684339488686485,R17_F17_m17f3_P17_Y7_UO209,RD17_F3_m17f2_P17_Y5_UO991,R3_F3_m3f17_P3_Y5_UO499,MXY,1,0.0,0,0,0.0,0,0,0,-9999.0,0.5,1,P1_CV0,1,1,1,1,1
17,0.45615033221654855,0.5684339488686485,R17_F17_m17f3_P17_Y7_UO213,RD17_F3_m17f2_P17_Y5_UO991,R3_F3_m3f17_P3_Y5_UO499,FXX,1,0.0,0,0,0.0,0,0,0,-9999.0,0.5,1,P1_CV0,1,1,1,1,1
17,0.45615033221654855,0.5684339488686485,R17_F17_m17f3_P17_Y7_UO215,RD17_F3_m17f2_P17_Y5_UO991,R3_F3_m3f17_P3_Y5_UO499,MXY,1,0.0,0,0,0.0,0,0,0,-9999.0,0.5,1,P1_CV0,1,0,2,0,2
17,0.45615033221654855,0.5684339488686485,R17_F17_m17f3_P17_Y7_UO802,RD17_F3_m17f2_P17_Y5_UO991,R3_F3_m2f19_P2_Y4_UO923,FXX,1,0.0,0,0,0.0,0,0,0,-9999.0,0.5,1,P1_CV0,1,1,1,1,1
17,0.45615033221654855,0.5684339488686485,R17_F17_m17f3_P17_Y7_UO815,RD17_F3_m17f2_P17_Y5_UO991,R3_F3_m2f19_P2_Y4_UO923,MXY,1,0.0,0,0,0.0,0,0,0,-9999.0,0.5,1,P1_CV0,1,0,2,1,1
17,0.45615033221654855,0.5684339488686485,RD17_F3_m3f17_P3_Y6_UO1236,R3_F3_m17f2_P17_Y4_UO92,RD17_F3_m3f12_P3_Y2_UO841,MXY,2,0.0,1,0,0.0,0,0,0,-9999.0,0.40625,1,P1_CV0,1,0,2,0,2
17,0.45615033221654855,0.5684339488686485,R17_F17_m17f3_P17_Y6_UO6,R17_F17_m3f17_P3_Y4_UO1083,R3_F3_m17f3_P17_Y4_UO1415,FXX,2,0.0,1,0,1.0,0,0,0,-9999.0,0.375,1,P1_CV0,1,1,1,1,1
17,0.45615033221654855,0.5684339488686485,R17_F17_m3f17_P3_Y6_UO1237,R3_F3_m17f2_P17_Y4_UO92,RD17_F3_m3f12_P3_Y2_UO841,MXY,2,0.0,1,0,0.0,0,0,0,-9999.0,0.40625,1,P1_CV0,1,0,2,0,2
17,0.45615033221654855,0.5684339488686485,RD17_F3_m17f3_P17_Y5_UO656,RD17_F3_m17f3_P17_Y3_UO832,R3_F3_m3f12_P3_Y2_UO841,FXX,3,0.0,1,0,1.0,0,0,0,-9999.0,0.5,1,P1_CV0,1,0,2,0,2
17,0.45615033221654855,0.5684339488686485,RD17_F3_m17f2_P17_Y5_UO988,RD17_F3_m3f17_P3_Y3_UO374,R2_F2_m19f1_P19_Y2_UO1127,FXX,3,0.0,1,0,1.0,0,0,0,-9999.0,0.4375,1,P1_CV0,1,0,2,0,2
17,0.45615033221654855,0.5684339488686485,R17_F17_m17f2_P17_Y5_UO991,RD17_F3_m3f17_P3_Y3_UO374,R2_F2_m19f1_P19_Y2_UO1127,FXX,3,0.0,1,0,1.0,0,0,0,-9999.0,0.4375,1,P1_CV0,1,0,2,0,2
17,0.45615033221654855,0.5684339488686485,RD17_F3_m3f1_P3_Y7_UO677,RD3_F17_m17f3_P17_Y5_UO298,RD1_F2_m19f2_P19_Y5_UO831,FXX,1,0.0,0,0,0.0,0,0,0,-9999.0,0.53125,1,P2_CV0,1,1,1,0,2
17,0.45615033221654855,0.5684339488686485,RD17_F3_m3f1_P3_Y7_UO681,RD3_F17_m17f3_P17_Y5_UO298,RD1_F2_m19f2_P19_Y5_UO831,FXX,1,0.0,0,0,0.0,0,0,0,-9999.0,0.53125,1,P2_CV0,1,1,1,2,0
17,0.45615033221654855,0.5684339488686485,RD17_F3_m3f1_P3_Y7_UO682,RD3_F17_m17f3_P17_Y5_UO298,RD1_F2_m19f2_P19_Y5_UO831,MXY,1,0.0,0,0,0.0,0,0,0,-9999.0,0.53125,1,P2_CV0,1,1,1,1,1
17,0.45615033221654855,0.5684339488686485,R17_F17_m17f3_P17_Y7_UO206,RD17_F3_m17f2_P17_Y5_UO991,R3_F3_m3f17_P3_Y5_UO499,FXX,1,0.0,0,0,0.0,0,0,0,-9999.0,0.5,1,P2_CV0,1,1,1,1,1
17,0.45615033221654855,0.5684339488686485,R17_F17_m17f3_P17_Y7_UO207,RD17_F3_m17f2_P17_Y5_UO991,R3_F3_m3f17_P3_Y5_UO499,MXY,1,0.0,0,0,0.0,0,0,0,-9999.0,0.5,1,P2_CV0,1,0,2,1,1
17,0.45615033221654855,0.5684339488686485,R17_F17_m17f3_P17_Y7_UO208,RD17_F3_m17f2_P17_Y5_UO991,R3_F3_m3f17_P3_Y5_UO499,MXY,1,0.0,0,0,0.0,0,0,0,-9999.0,0.5,1,P2_CV0,1,1,1,0,2
17,0.45615033221654855,0.5684339488686485,R17_F17_m17f3_P17_Y7_UO214,RD17_F3_m17f2_P17_Y5_UO991,R3_F3_m3f17_P3_Y5_UO499,FXX,1,0.0,0,0,0.0,0,0,0,-9999.0,0.5,1,P2_CV0,1,1,1,1,1
17,0.45615033221654855,0.5684339488686485,R17_F17_m17f3_P17_Y7_UO216,RD17_F3_m17f2_P17_Y5_UO991,R3_F3_m3f17_P3_Y5_UO499,MXY,1,0.0,0,0,0.0,0,0,0,-9999.0,0.5,1,P2_CV0,1,1,1,0,2
17,0.45615033221654855,0.5684339488686485,R17_F17_m17f3_P17_Y7_UO217,RD17_F3_m17f2_P17_Y5_UO991,R3_F3_m3f17_P3_Y5_UO499,FXX,1,0.0,0,0,0.0,0,0,0,-9999.0,0.5,1,P2_CV0,1,1,1,0,2
17,0.45615033221654855,0.5684339488686485,R17_F17_m17f3_P17_Y7_UO519,RD17_F3_m17f3_P17_Y5_UO36,R3_F3_m17f3_P17_Y5_UO300,MXY,1,0.0,0,0,0.0,0,0,0,-9999.0,0.625,1,P2_CV0,1,2,0,1,1
17,0.45615033221654855,0.5684339488686485,R17_F17_m17f3_P17_Y7_UO526,RD17_F3_m17f3_P17_Y5_UO36,R3_F3_m17f3_P17_Y5_UO300,FXX,1,0.0,0,0,0.0,0,0,0,-9999.0,0.625,1,P2_CV0,1,2,0,0,2
17,0.45615033221654855,0.5684339488686485,R17_F17_m17f3_P17_Y7_UO528,RD17_F3_m17f3_P17_Y5_UO36,R3_F3_m17f3_P17_Y5_UO300,FXX,1,0.0,0,0,0.0,0,0,0,-9999.0,0.625,1,P2_CV0,1,2,0,0,2
17,0.45615033221654855,0.5684339488686485,RD17_F3_m3f17_P3_Y6_UO410,R3_F3_m3f17_P3_Y4_UO324,R17_F17_m17f3_P17_Y4_UO107,MXY,2,0.0,1,0,0.0,0,0,0,-9999.0,0.65625,1,P2_CV0,1,1,1,1,1
17,0.45615033221654855,0.5684339488686485,R17_F17_m17f3_P17_Y6_UO7,R17_F17_m3f17_P3_Y4_UO1083,R3_F3_m17f3_P17_Y4_UO1415,FXX,2,0.0,1,0,1.0,0,0,0,-9999.0,0.375,1,P2_CV0,1,0,2,1,1
17,0.45615033221654855,0.5684339488686485,R17_F17_m17f3_P17_Y6_UO21,RD17_F15_m17f3_P17_Y4_UO1268,R3_F3_m19f2_P19_Y4_UO457,FXX,2,0.0,1,0,1.0,0,0,0,-9999.0,0.46875,1,P2_CV0,1,1,1,1,1
17,0.45615033221654855,0.5684339488686485,R17_F17_m17f3_P17_Y6_UO157,R17_F17_m17f3_P17_Y4_UO726,RD3_F15_m8f13_P8_Y4_UO1423,FXX,2,0.0,1,0,1.0,0,0,0,-9999.0,0.6875,1,P2_CV0,1,1,1,1,1
17,0.45615033221654855,0.5684339488686485,R17_F17_m17f3_P17_Y6_UO914,RD17_F3_m3f17_P3_Y4_UO530,RD3_F15_m8f13_P8_Y4_UO1423,FXX,2,0.0,1,0,1.0,0,0,0,-9999.0,0.59375,1,P2_CV0,1,0,2,0,2
17,0.45615033221654855,0.5684339488686485,R17_F17_m17f3_P17_Y6_UO1269,RD17_F3_m17f3_P17_Y4_UO375,R3_F3_m17f3_P17_Y4_UO1415,FXX,2,0.0,1,0,1.0,0,0,0,-9999.0,0.46875,1,P2_CV0,1,1,1,1,1
17,0.45615033221654855,0.5684339488686485,R17_F17_m17f3_P17_Y6_UO1150,R17_F17_m3f17_P3_Y4_UO1083,R3_F3_m17f3_P17_Y4_UO1415,FXX,2,0.0,1,0,1.0,0,0,0,-9999.0,0.375,1,P2_CV0,1,2,0,1,1
17,0.45615033221654855,0.5684339488686485,R17_F17_m17f3_P17_Y6_UO915,RD17_F3_m3f17_P3_Y4_UO530,RD3_F15_m8f13_P8_Y4_UO1423,MXY,2,0.0,1,0,0.0,0,0,0,-9999.0,0.59375,1,P2_CV0,1,0,2,1,1
17,0.45615033221654855,0.5684339488686485,R17_F17_m3f17_P3_Y6_UO189,RD3_F1_m1f12_P1_Y4_UO166,RD17_F3_m3f17_P3_Y4_UO525,MXY,2,0.0,1,0,0.0,0,0,0,-9999.0,0.25,1,P2_CV0,1,0,2,0,2
17,0.45615033221654855,0.5684339488686485,RD17_F3_m17f3_P17_Y5_UO653,RD17_F3_m17f3_P17_Y3_UO832,R3_F3_m3f12_P3_Y2_UO841,MXY,3,0.0,1,0,0.0,0,0,0,-9999.0,0.5,1,P2_CV0,1,0,2,0,2
18,0.018789800436355142,0.6176354970758771,RD18_F13_m13f18_P13_Y7_UO98,R13_F13_m13f9_P13_Y5_UO146,RD18_F13_m18f13_P18_Y4_UO583,FXX,1,0.0,0,0,0.0,0,0,0,-9999.0,0.5625,1,P12_CV0,1,1,1,2,0
18,0.018789800436355142,0.6176354970758771,RD18_F13_m13f18_P13_Y7_UO103,R13_F13_m13f9_P13_Y5_UO146,RD18_F13_m18f13_P18_Y4_UO583,MXY,1,0.0,0,0,0.0,0,0,0,-9999.0,0.5625,1,P12_CV0,1,2,0,2,0
18,0.018789800436355142,0.6176354970758771,RD18_F13_m13f18_P13_Y7_UO220,RD13_F18_m8f18_P8_Y5_UO972,R18_F18_m13f18_P13_Y5_UO848,MXY,1,0.0,0,0,0.0,0,0,0,-9999.0,0.65625,1,P12_CV0,1,2,0,1,1
18,0.018789800436355142,0.6176354970758771,RD18_F13_m13f18_P13_Y7_UO226,RD13_F18_m8f18_P8_Y5_UO972,R18_F18_m13f18_P13_Y5_UO848,FXX,1,0.0,0,0,0.0,0,0,0,-9999.0,0.65625,1,P12_CV0,1,2,0,0,2
18,0.018789800436355142,0.6176354970758771,RD18_F13_m13f18_P13_Y7_UO230,RD13_F18_m8f18_P8_Y5_UO972,R18_F18_m13f18_P13_Y5_UO848,FXX,1,0.0,0,0,0.0,0,0,0,-9999.0,0.65625,1,P12_CV0,1,2,0,1,1
18,0.018789800436355142,0.6176354970758771,RD18_F13_m13f18_P13_Y7_UO232,RD13_F18_m8f18_P8_Y5_UO972,R18_F18_m13f18_P13_Y5_UO848,FXX,1,0.0,0,0,0.0,0,0,0,-9999.0,0.65625,1,P12_CV0,1,2,0,0,2
18,0.018789800436355142,0.6176354970758771,RD18_F13_m13f18_P13_Y7_UO233,RD13_F18_m8f18_P8_Y5_UO972,R18_F18_m13f18_P13_Y5_UO848,MXY,1,0.0,0,0,0.0,0,0,0,-9999.0,0.65625,1,P12_CV0,1,2,0,1,1
18,0.018789800436355142,0.6176354970758771,RD18_F13_m13f18_P13_Y7_UO237,RD13_F18_m8f18_P8_Y5_UO972,R18_F18_m13f18_P13_Y5_UO848,MXY,1,0.0,0,0,0.0,0,0,0,-9999.0,0.65625,1,P12_CV0,1,2,0,1,1
18,0.018789800436355142,0.6176354970758771,RD18_F13_m13f18_P13_Y7_UO313,R13_F13_m13f9_P13_Y5_UO146,R18_F18_m18f13_P18_Y4_UO1167,MXY,1,0.0,0,0,0.0,0,0,0,-9999.0,0.5,1,P12_CV0,1,1,1,1,1
18,0.018789800436355142,0.6176354970758771,RD18_F13_m13f18_P13_Y7_UO320,R13_F13_m13f9_P13_Y5_UO146,R18_F18_m18f13_P18_Y4_UO1167,MXY,1,0.0,0,0,0.0,0,0,0,-9999.0,0.5,1,P12_CV0,1,1,1,1,1
18,0.018789800436355142,0.6176354970758771,RD18_F13_m13f18_P13_Y7_UO321,R13_F13_m13f9_P13_Y5_UO146,R18_F18_m18f13_P18_Y4_UO1167,MXY,1,0.0,0,0,0.0,0,0,0,-9999.0,0.5,1,P12_CV0,1,1,1,1,1
18,0.018789800436355142,0.6176354970758771,R18_F18_m18f13_P18_Y7_UO164,RD18_F13_m13f9_P13_Y5_UO147,R13_F13_m15f17_P15_Y2_UO348,FXX,1,0.0,0,0,0.0,0,0,0,-9999.0,0.625,1,P12_CV0,1,1,1,2,0
18,0.018789800436355142,0.6176354970758771,R18_F18_m18f13_P18_Y7_UO165,RD18_F13_m13f9_P13_Y5_UO147,R13_F13_m15f17_P15_Y2_UO348,FXX,1,0.0,0,0,0.0,0,0,0,-9999.0,0.625,1,P12_CV0,1,2,0,2,0
18,0.018789800436355142,0.6176354970758771,R18_F18_m18f13_P18_Y7_UO167,RD18_F13_m13f9_P13_Y5_UO147,R13_F13_m15f17_P15_Y2_UO348,MXY,1,0.0,0,0,0.0,0,0,0,-9999.0,0.625,1,P12_CV0,1,1,1,2,0
18,0.018789800436355142,0.6176354970758771,R18_F18_m18f13_P18_Y7_UO169,RD18_F13_m13f9_P13_Y5_UO147,R13_F13_m15f17_P15_Y2_UO348,MXY,1,0.0,0,0,0.0,0,0,0,-9999.0,0.625,1,P12_CV0,1,2,0,2,0
18,0.018789800436355142,0.6176354970758771,R18_F18_m18f13_P18_Y7_UO170,RD18_F13_m13f9_P13_Y5_UO147,R13_F13_m15f17_P15_Y2_UO348,MXY,1,0.0,0,0,0.0,0,0,0,-9999.0,0.625,1,P12_CV0,1,1,1,2,0
18,0.018789800436355142,0.6176354970758771,RD18_F8_m18f13_P18_Y6_UO383,RD18_F8_m8f18_P8_Y4_UO803,R13_F13_m18f13_P18_Y4_UO490,FXX,2,0.0,1,0,1.0,0,0,0,-9999.0,0.5,1,P12_CV0,1,1,1,2,0
18,0.018789800436355142,0.6176354970758771,RD18_F8_m8f18_P8_Y6_UO148,RD8_F13_m13f18_P13_Y4_UO134,RD18_F13_m18f13_P18_Y3_UO892,MXY,2,0.0,1,0,0.0,0,0,0,-9999.0,0.5625,1,P12_CV0,1,2,0,1,1
18,0.018789800436355142,0.6176354970758771,RD18_F8_m8f18_P8_Y6_UO200,RD8_F15_m2f19_P2_Y4_UO747,RD18_F13_m13f18_P13_Y4_UO771,MXY,2,0.0,1,0,0.0,0,0,0,-9999.0,0.46875,1,P12_CV0,1,1,1,0,2
18,0.018789800436355142,0.6176354970758771,RD18_F13_m13f18_P13_Y6_UO422,R13_F13_m13f18_P13_Y4_UO144,RD18_F13_m18f13_P18_Y4_UO1365,MXY,2,0.0,1,0,0.0,0,0,0,-9999.0,0.375,1,P12_CV0,1,1,1,1,1
18,0.018789800436355142,0.6176354970758771,RD18_F13_m18f13_P18_Y6_UO1521,RD18_F13_m13f18_P13_Y4_UO399,RD13_F18_m18f13_P18_Y4_UO588,MXY,2,0.0,1,0,0.0,0,0,0,-9999.0,0.3125,1,P12_CV0,1,1,1,2,0
18,0.018789800436355142,0.6176354970758771,RD18_F13_m18f13_P18_Y6_UO1002,R18_F18_m13f18_P13_Y4_UO268,RD13_F18_m18f13_P18_Y4_UO253,MXY,2,0.0,1,0,0.0,0,0,0,-9999.0,0.53125,1,P12_CV0,1,1,1,0,2
18,0.018789800436355142,0.6176354970758771,R18_F18_m18f13_P18_Y6_UO536,RD18_F13_m13f18_P13_Y4_UO58,R13_F13_m13f18_P13_Y4_UO516,MXY,2,0.0,1,0,0.0,0,0,0,-9999.0,0.4375,1,P12_CV0,1,2,0,1,1
18,0.018789800436355142,0.6176354970758771,R18_F18_m18f13_P18_Y6_UO1393,R18_F18_m18f13_P18_Y4_UO584,R13_F13_m13f18_P13_Y4_UO397,FXX,2,0.0,1,0,1.0,0,0,0,-9999.0,0.46875,1,P12_CV0,1,1,1,1,1
18,0.018789800436355142,0.6176354970758771,R18_F18_m18f13_P18_Y6_UO1227,R18_F18_m18f13_P18_Y4_UO554,RD13_F18_m18f13_P18_Y4_UO1237,MXY,2,0.0,1,0,0.0,0,0,0,-9999.0,0.625,1,P12_CV0,1,2,0,2,0
18,0.018789800436355142,0.6176354970758771,R18_F18_m13f18_P13_Y6_UO964,R13_F13_m18f13_P18_Y4_UO668,R18_F18_m18f13_P18_Y4_UO581,MXY,2,0.0,1,0,0.0,0,0,0,-9999.0,0.46875,1,P12_CV0,1,1,1,1,1
18,0.018789800436355142,0.6176354970758771,R18_F18_m13f18_P13_Y6_UO927,R13_F13_m18f13_P18_Y4_UO667,R18_F18_m18f13_P18_Y2_UO872,FXX,2,0.0,1,0,1.0,0,0,0,-9999.0,0.46875,1,P12_CV0,1,1,1,1,1
18,0.018789800436355142,0.6176354970758771,R18_F18_m18f13_P18_Y6_UO1228,R18_F18_m18f13_P18_Y4_UO554,RD13_F18_m18f13_P18_Y4_UO1237,FXX,2,0.0,1,0,1.0,0,0,0,-9999.0,0.625,1,P12_CV0,1,2,0,1,1
18,0.018789800436355142,0.6176354970758771,R18_F18_m18f13_P18_Y6_UO807,RD18_F13_m13f18_P13_Y4_UO399,RD13_F18_m8f18_P8_Y4_UO985,FXX,2,0.0,1,0,1.0,0,0,0,-9999.0,0.4375,1,P12_CV0,1,2,0,2,0
18,0.018789800436355142,0.6176354970758771,R18_F18_m13f18_P13_Y6_UO27,RD13_F18_m13f18_P13_Y4_UO1101,R18_F18_m13f18_P13_Y4_UO157,MXY,2,0.0,1,0,0.0,0,0,0,-9999.0,0.5,1,P12_CV0,1,0,2,0,2
18,0.018789800436355142,0.6176354970758771,R18_F18_m18f13_P18_Y6_UO1193,R18_F18_m13f18_P13_Y4_UO268,R13_F13_m13f18_P13_Y4_UO312,FXX,2,0.0,1,0,1.0,0,0,0,-9999.0,0.53125,1,P12_CV0,1,2,0,0,2
18,0.018789800436355142,0.6176354970758771,R18_F18_m18f13_P18_Y6_UO364,R18_F18_m13f18_P13_Y4_UO268,R13_F13_m13f18_P13_Y4_UO397,FXX,2,0.0,1,0,1.0,0,0,0,-9999.0,0.46875,1,P12_CV0,1,1,1,0,2
18,0.018789800436355142,0.6176354970758771,R18_F18_m18f13_P18_Y6_UO634,R18_F18_m13f18_P13_Y4_UO270,R13_F13_m13f18_P13_Y4_UO397,MXY,2,0.0,1,0,0.0,0,0,0,-9999.0,0.46875,1,P12_CV0,1,2,0,1,1
18,0.018789800436355142,0.6176354970758771,R18_F18_m18f13_P18_Y6_UO363,R18_F18_m13f18_P13_Y4_UO268,R13_F13_m13f18_P13_Y4_UO397,FXX,2,0.0,1,0,1.0,0,0,0,-9999.0,0.46875,1,P12_CV0,1,2,0,0,2
18,0.018789800436355142,0.6176354970758771,R18_F18_m13f18_P13_Y6_UO649,RD13_F18_m13f18_P13_Y4_UO738,R18_F18_m13f18_P13_Y4_UO69,MXY,2,0.0,1,0,0.0,0,0,0,-9999.0,0.5625,1,P12_CV0,1,1,1,0,2
18,0.018789800436355142,0.6176354970758771,R18_F18_m13f18_P13_Y6_UO1018,R13_F13_m13f18_P13_Y4_UO313,R18_F18_m13f18_P13_Y4_UO157,MXY,2,0.0,1,0,0.0,0,0,0,-9999.0,0.53125,1,P12_CV0,1,1,1,0,2
18,0.018789800436355142,0.6176354970758771,R18_F18_m13f9_P13_Y5_UO147,R13_F13_m13f18_P13_Y3_UO88,R9_F9_m14f9_P14_Y3_UO990,FXX,3,0.0,1,0,1.0,0,0,0,-9999.0,0.625,1,P12_CV0,1,2,0,2,0
18,0.018789800436355142,0.6176354970758771,RD18_F13_m13f18_P13_Y7_UO99,R13_F13_m13f9_P13_Y5_UO146,RD18_F13_m18f13_P18_Y4_UO583,FXX,1,0.0,0,0,0.0,0,0,0,-9999.0,0.5625,1,P15_CV0,1,2,0,1,1
18,0.018789800436355142,0.6176354970758771,RD18_F13_m13f18_P13_Y7_UO106,R13_F13_m13f9_P13_Y5_UO146,RD18_F13_m18f13_P18_Y4_UO583,MXY,1,0.0,0,0,0.0,0,0,0,-9999.0,0.5625,1,P15_CV0,1,1,1,1,1
18,0.018789800436355142,0.6176354970758771,RD18_F13_m13f18_P13_Y7_UO112,R13_F13_m13f9_P13_Y5_UO146,RD18_F13_m18f13_P18_Y4_UO583,MXY,1,0.0,0,0,0.0,0,0,0,-9999.0,0.5625,1,P15_CV0,1,2,0,2,0
18,0.018789800436355142,0.6176354970758771,RD18_F13_m13f18_P13_Y6_UO611,RD13_F18_m8f13_P8_Y4_UO1173,R18_F18_m18f13_P18_Y4_UO581,FXX,2,0.0,1,0,1.0,0,0,0,-9999.0,0.4375,1,P15_CV0,1,1,1,1,1
18,0.018789800436355142,0.6176354970758771,R18_F18_m8f13_P8_Y6_UO1493,RD8_F15_m2f19_P2_Y4_UO1410,RD13_F18_m18f13_P18_Y4_UO1401,MXY,2,0.0,1,0,0.0,0,0,0,-9999.0,0.3125,1,P16_CV0,1,1,1,2,0
18,0.018789800436355142,0.6176354970758771,RD18_F13_m13f18_P13_Y7_UO319,R13_F13_m13f9_P13_Y5_UO146,R18_F18_m18f13_P18_Y4_UO1167,MXY,1,0.0,0,0,0.0,0,0,0,-9999.0,0.5,1,P17_CV0,1,1,1,1,1
18,0.018789800436355142,0.6176354970758771,RD18_F13_m13f18_P13_Y7_UO324,R13_F13_m13f9_P13_Y5_UO146,R18_F18_m18f13_P18_Y4_UO1167,FXX,1,0.0,0,0,0.0,0,0,0,-9999.0,0.5,1,P17_CV0,1,1,1,1,1
18,0.018789800436355142,0.6176354970758771,RD18_F8_m18f13_P18_Y6_UO770,RD18_F13_m13f18_P13_Y4_UO58,RD13_F18_m13f18_P13_Y4_UO74,MXY,2,0.0,1,0,0.0,0,0,0,-9999.0,0.46875,1,P17_CV0,1,1,1,2,0
18,0.018789800436355142,0.6176354970758771,RD18_F8_m13f18_P13_Y6_UO656,R13_F13_m13f18_P13_Y4_UO67,R18_F18_m18f13_P18_Y4_UO1417,FXX,2,0.0,1,0,1.0,0,0,0,-9999.0,0.4375,1,P17_CV0,1,1,1,1,1
18,0.018789800436355142,0.6176354970758771,RD18_F13_m13f18_P13_Y6_UO472,RD13_F18_m13f18_P13_Y4_UO23,R18_F18_m18f13_P18_Y4_UO1417,FXX,2,0.0,1,0,1.0,0,0,0,-9999.0,0.59375,1,P17_CV0,1,2,0,0,2
18,0.018789800436355142,0.6176354970758771,RD18_F13_m13f18_P13_Y6_UO421,R13_F13_m13f18_P13_Y4_UO144,RD18_F13_m18f13_P18_Y4_UO1365,FXX,2,0.0,1,0,1.0,0,0,0,-9999.0,0.375,1,P17_CV0,1,2,0,0,2
18,0.018789800436355142,0.6176354970758771,RD18_F13_m13f18_P13_Y6_UO1053,RD13_F18_m8f18_P8_Y4_UO199,R18_F18_m18f13_P18_Y4_UO978,FXX,2,0.0,1,0,1.0,0,0,0,-9999.0,0.375,1,P17_CV0,1,1,1,2,0
18,0.018789800436355142,0.6176354970758771,RD18_F13_m18f13_P18_Y6_UO1372,R18_F18_m18f13_P18_Y4_UO1403,RD13_F18_m13f18_P13_Y4_UO74,MXY,2,0.0,1,0,0.0,0,0,0,-9999.0,0.40625,1,P17_CV0,1,1,1,1,1
18,0.018789800436355142,0.6176354970758771,R18_F18_m13f18_P13_Y6_UO140,R13_F13_m18f13_P18_Y4_UO857,R18_F18_m13f18_P13_Y4_UO157,MXY,2,0.0,1,0,0.0,0,0,0,-9999.0,0.3125,1,P17_CV0,1,2,0,1,1
18,0.018789800436355142,0.6176354970758771,R18_F18_m18f13_P18_Y6_UO312,R18_F18_m18f13_P18_Y4_UO203,RD13_F18_m13f18_P13_Y4_UO146,MXY,2,0.0,1,0,0.0,0,0,0,-9999.0,0.375,1,P17_CV0,1,2,0,1,1
18,0.018789800436355142,0.6176354970758771,R18_F18_m18f13_P18_Y6_UO597,R18_F18_m8f18_P8_Y4_UO1041,RD13_F18_m13f18_P13_Y4_UO773,MXY,2,0.0,1,0,0.0,0,0,0,-9999.0,0.5,1,P17_CV0,1,1,1,1,1
18,0.018789800436355142,0.6176354970758771,R18_F18_m18f13_P18_Y6_UO861,RD18_F13_m13f18_P13_Y4_UO58,RD13_F18_m13f18_P13_Y4_UO74,MXY,2,0.0,1,0,0.0,0,0,0,-9999.0,0.46875,1,P17_CV0,1,1,1,2,0
18,0.018789800436355142,0.6176354970758771,R18_F18_m18f13_P18_Y6_UO1373,R18_F18_m18f13_P18_Y4_UO1403,RD13_F18_m13f18_P13_Y4_UO74,MXY,2,0.0,1,0,0.0,0,0,0,-9999.0,0.40625,1,P17_CV0,1,2,0,1,1
18,0.018789800436355142,0.6176354970758771,R18_F18_m18f13_P18_Y6_UO385,RD18_F8_m8f18_P8_Y4_UO803,R13_F13_m18f13_P18_Y4_UO490,FXX,2,0.0,1,0,1.0,0,0,0,-9999.0,0.5,1,P17_CV0,1,2,0,2,0
18,0.018789800436355142,0.6176354970758771,R18_F18_m13f18_P13_Y6_UO1056,RD13_F18_m8f18_P8_Y4_UO199,R18_F18_m18f13_P18_Y4_UO978,MXY,2,0.0,1,0,0.0,0,0,0,-9999.0,0.375,1,P17_CV0,1,1,1,2,0
18,0.018789800436355142,0.6176354970758771,R18_F18_m13f18_P13_Y6_UO1413,RD13_F18_m8f15_P8_Y4_UO298,R18_F18_m18f13_P18_Y4_UO1167,FXX,2,0.0,1,0,1.0,0,0,0,-9999.0,0.5625,1,P17_CV0,1,1,1,0,2
18,0.018789800436355142,0.6176354970758771,R18_F18_m13f18_P13_Y6_UO694,R13_F13_m13f18_P13_Y4_UO144,R18_F18_m13f18_P13_Y4_UO145,FXX,2,0.0,1,0,1.0,0,0,0,-9999.0,0.5,1,P17_CV0,1,2,0,1,1
18,0.018789800436355142,0.6176354970758771,R18_F18_m13f18_P13_Y6_UO695,R13_F13_m13f18_P13_Y4_UO144,R18_F18_m13f18_P13_Y4_UO145,FXX,2,0.0,1,0,1.0,0,0,0,-9999.0,0.5,1,P17_CV0,1,2,0,2,0
18,0.018789800436355142,0.6176354970758771,R18_F18_m13f18_P13_Y6_UO1134,R13_F13_m13f18_P13_Y4_UO67,RD18_F13_m18f13_P18_Y4_UO1365,MXY,2,0.0,1,0,0.0,0,0,0,-9999.0,0.3125,1,P17_CV0,1,1,1,2,0
18,0.018789800436355142,0.6176354970758771,R18_F18_m13f18_P13_Y6_UO654,R13_F13_m13f18_P13_Y4_UO67,R18_F18_m18f13_P18_Y4_UO1417,FXX,2,0.0,1,0,1.0,0,0,0,-9999.0,0.4375,1,P17_CV0,1,1,1,1,1
18,0.018789800436355142,0.6176354970758771,R18_F18_m18f13_P18_Y6_UO686,R18_F18_m13f18_P13_Y4_UO514,RD13_F18_m13f18_P13_Y4_UO773,MXY,2,0.0,1,0,0.0,0,0,0,-9999.0,0.375,1,P17_CV0,1,2,0,1,1
18,0.018789800436355142,0.6176354970758771,R18_F18_m13f18_P13_Y6_UO1019,R13_F13_m13f18_P13_Y4_UO313,R18_F18_m13f18_P13_Y4_UO157,MXY,2,0.0,1,0,0.0,0,0,0,-9999.0,0.53125,1,P17_CV0,1,1,1,1,1
18,0.018789800436355142,0.6176354970758771,R18_F18_m13f18_P13_Y6_UO471,RD13_F18_m13f18_P13_Y4_UO23,R18_F18_m18f13_P18_Y4_UO1417,MXY,2,0.0,1,0,0.0,0,0,0,-9999.0,0.59375,1,P17_CV0,1,2,0,0,2
18,0.018789800436355142,0.6176354970758771,R18_F18_m13f18_P13_Y6_UO858,RD13_F18_m8f18_P8_Y4_UO199,R18_F18_m18f13_P18_Y3_UO521,FXX,2,0.0,1,0,1.0,0,0,0,-9999.0,0.4375,1,P17_CV0,1,0,2,2,0
18,0.018789800436355142,0.6176354970758771,R18_F18_m13f18_P13_Y5_UO516,R13_F13_m13f18_P13_Y3_UO604,R18_F18_m18f13_P18_Y2_UO907,FXX,3,0.0,1,0,1.0,0,0,0,-9999.0,0.6875,1,P17_CV0,1,1,1,0,2
18,0.018789800436355142,0.6176354970758771,R18_F18_m18f13_P18_Y4_UO1167,RD18_F8_m15f2_P15_Y2_UO731,RD13_F8_m8f18_P8_Y2_UO1207,MXY,4,0.0,1,0,0.0,0,0,0,-9999.0,0.375,1,P17_CV0,1,0,2,0,2
18,0.018789800436355142,0.6176354970758771,RD18_F8_m8f18_P8_Y7_UO422,RD8_F15_m15f2_P15_Y5_UO768,RD18_F8_m15f19_P15_Y5_UO755,MXY,1,0.0,0,0,0.0,0,0,0,-9999.0,0.53125,1,P18_CV0,1,1,1,2,0
18,0.018789800436355142,0.6176354970758771,RD18_F8_m8f18_P8_Y6_UO204,RD8_F15_m2f19_P2_Y4_UO747,RD18_F13_m13f18_P13_Y4_UO771,FXX,2,0.0,1,0,1.0,0,0,0,-9999.0,0.46875,1,P18_CV0,1,1,1,0,2
18,0.018789800436355142,0.6176354970758771,R18_F18_m13f18_P13_Y6_UO609,RD13_F18_m8f13_P8_Y4_UO1173,R18_F18_m18f13_P18_Y4_UO581,FXX,2,0.0,1,0,1.0,0,0,0,-9999.0,0.4375,1,P18_CV0,1,1,1,2,0
18,0.018789800436355142,0.6176354970758771,RD18_F13_m13f18_P13_Y7_UO222,RD13_F18_m8f18_P8_Y5_UO972,R18_F18_m13f18_P13_Y5_UO848,MXY,1,0.0,0,0,0.0,0,0,0,-9999.0,0.65625,1,P1_CV0,1,2,0,0,2
18,0.018789800436355142,0.6176354970758771,RD18_F13_m13f18_P13_Y7_UO223,RD13_F18_m8f18_P8_Y5_UO972,R18_F18_m13f18_P13_Y5_UO848,FXX,1,0.0,0,0,0.0,0,0,0,-9999.0,0.65625,1,P1_CV0,1,2,0,1,1
18,0.018789800436355142,0.6176354970758771,RD18_F13_m13f18_P13_Y7_UO224,RD13_F18_m8f18_P8_Y5_UO972,R18_F18_m13f18_P13_Y5_UO848,MXY,1,0.0,0,0,0.0,0,0,0,-9999.0,0.65625,1,P1_CV0,1,2,0,1,1
18,0.018789800436355142,0.6176354970758771,RD18_F13_m13f18_P13_Y7_UO228,RD13_F18_m8f18_P8_Y5_UO972,R18_F18_m13f18_P13_Y5_UO848,MXY,1,0.0,0,0,0.0,0,0,0,-9999.0,0.65625,1,P1_CV0,1,2,0,0,2
18,0.018789800436355142,0.6176354970758771,RD18_F13_m13f18_P13_Y7_UO241,RD13_F18_m8f18_P8_Y5_UO972,R18_F18_m13f18_P13_Y5_UO848,MXY,1,0.0,0,0,0.0,0,0,0,-9999.0,0.65625,1,P1_CV0,1,2,0,0,2
18,0.018789800436355142,0.6176354970758771,R18_F18_m18f13_P18_Y7_UO162,RD18_F13_m13f9_P13_Y5_UO147,R13_F13_m15f17_P15_Y2_UO348,MXY,1,0.0,0,0,0.0,0,0,0,-9999.0,0.625,1,P1_CV0,1,2,0,2,0
18,0.018789800436355142,0.6176354970758771,R18_F18_m18f13_P18_Y7_UO163,RD18_F13_m13f9_P13_Y5_UO147,R13_F13_m15f17_P15_Y2_UO348,MXY,1,0.0,0,0,0.0,0,0,0,-9999.0,0.625,1,P1_CV0,1,1,1,1,1
18,0.018789800436355142,0.6176354970758771,R18_F18_m18f13_P18_Y7_UO166,RD18_F13_m13f9_P13_Y5_UO147,R13_F13_m15f17_P15_Y2_UO348,MXY,1,0.0,0,0,0.0,0,0,0,-9999.0,0.625,1,P1_CV0,1,1,1,1,1
18,0.018789800436355142,0.6176354970758771,RD18_F8_m15f2_P15_Y6_UO381,RD15_F8_m8f18_P8_Y4_UO800,R2_F2_m19f2_P19_Y4_UO1144,FXX,2,0.0,1,0,1.0,0,0,0,-9999.0,0.5625,1,P1_CV0,1,1,1,2,0
18,0.018789800436355142,0.6176354970758771,R18_F18_m13f18_P13_Y6_UO765,RD13_F18_m18f13_P18_Y4_UO783,R18_F18_m8f13_P8_Y4_UO48,FXX,2,0.0,1,0,1.0,0,0,0,-9999.0,0.4375,1,P1_CV0,1,1,1,0,2
18,0.018789800436355142,0.6176354970758771,RD18_F13_m15f17_P15_Y2_UO348,R15_F15_m15f2_P15_Y0_UO1242,R17_F17_m3f17_P3_Y0_UO59,MXY,6,0.0,1,0,0.0,0,0,0,-9999.0,0.625,1,P1_CV0,1,1,1,1,1
18,0.018789800436355142,0.6176354970758771,RD18_F8_m15f2_P15_Y6_UO799,RD15_F8_m15f17_P15_Y4_UO865,R2_F2_m2f19_P2_Y4_UO1439,FXX,2,0.0,1,0,1.0,0,0,0,-9999.0,0.375,1,P2_CV0,1,1,1,0,2
18,0.018789800436355142,0.6176354970758771,RD18_F13_m18f13_P18_Y6_UO30,RD18_F8_m15f17_P15_Y4_UO799,R13_F13_m13f18_P13_Y4_UO397,FXX,2,0.0,1,0,1.0,0,0,0,-9999.0,0.4375,1,P2_CV0,1,2,0,1,1
18,0.018789800436355142,0.6176354970758771,RD18_F13_m18f13_P18_Y6_UO478,RD18_F8_m15f17_P15_Y4_UO863,R13_F13_m18f13_P18_Y4_UO600,FXX,2,0.0,1,0,1.0,0,0,0,-9999.0,0.28125,1,P2_CV0,1,1,1,0,2
18,0.018789800436355142,0.6176354970758771,RD18_F13_m16f13_P16_Y6_UO1335,RD16_F12_m12f1_P12_Y4_UO766,RD13_F18_m13f18_P13_Y4_UO74,MXY,2,0.0,1,0,0.0,0,0,0,-9999.0,0.53125,1,P6_CV0,1,2,0,2,0
18,0.018789800436355142,0.6176354970758771,R18_F18_m18f13_P18_Y6_UO1003,R18_F18_m13f18_P13_Y4_UO268,RD13_F18_m18f13_P18_Y4_UO253,MXY,2,0.0,1,0,0.0,0,0,0,-9999.0,0.53125,1,P7_CV0,1,2,0,0,2
18,0.018789800436355142,0.6176354970758771,R18_F18_m18f13_P18_Y6_UO810,R18_F18_m18f13_P18_Y4_UO254,R13_F13_m13f18_P13_Y4_UO706,FXX,2,0.0,1,0,1.0,0,0,0,-9999.0,0.4375,1,P7_CV0,1,1,1,1,1
19,0.6120957227224214,0.6169339968747569,RD19_F1_m1f19_P1_Y7_UO558,R1_F1_m1f19_P1_Y5_UO1037,R19_F19_m19f17_P19_Y5_UO957,MXY,1,0.0,0,0,0.0,0,0,0,-9999.0,0.5,1,P0_CV0,1,1,1,1,1
19,0.6120957227224214,0.6169339968747569,RD19_F2_m2f19_P2_Y7_UO300,R2_F2_m15f2_P15_Y5_UO765,RD19_F1_m1f19_P1_Y5_UO1029,FXX,1,0.0,0,0,0.0,0,0,0,-9999.0,0.53125,1,P0_CV0,1,0,2,2,0
19,0.6120957227224214,0.6169339968747569,RD19_F1_m1f19_P1_Y5_UO1037,RD1_F12_m7f4_P7_Y3_UO212,RD19_F2_m2f19_P2_Y3_UO905,FXX,3,0.0,1,0,1.0,0,0,0,-9999.0,0.5,1,P0_CV0,1,0,2,1,1
19,0.6120957227224214,0.6169339968747569,R19_F19_m1f12_P1_Y6_UO172,R1_F1_m10f7_P10_Y4_UO853,RD12_F3_m3f17_P3_Y4_UO322,FXX,2,0.0,1,0,1.0,0,0,0,-9999.0,0.46875,1,P10_CV0,1,1,1,0,2
19,0.6120957227224214,0.6169339968747569,R19_F19_m1f2_P1_Y6_UO1051,RD1_F12_m12f3_P12_Y4_UO430,R2_F2_m2f19_P2_Y4_UO597,FXX,2,0.0,1,0,1.0,0,0,0,-9999.0,0.5625,1,P11_CV0,1,1,1,1,1
19,0.6120957227224214,0.6169339968747569,R19_F19_m2f19_P2_Y6_UO224,RD2_F15_m17f3_P17_Y4_UO1188,R19_F19_m19f2_P19_Y4_UO1113,FXX,2,0.0,1,0,1.0,0,0,0,-9999.0,0.59375,1,P11_CV0,1,0,2,2,0
19,0.6120957227224214,0.6169339968747569,R19_F19_m19f2_P19_Y4_UO1128,R19_F19_m19f1_P19_Y2_UO406,R2_F2_m19f2_P19_Y0_UO154,MXY,4,0.0,1,0,0.0,0,0,0,-9999.0,0.5625,1,P11_CV0,1,1,1,1,1
19,0.6120957227224214,0.6169339968747569,R19_F19_m19f2_P19_Y4_UO1142,R19_F19_m2f19_P2_Y2_UO640,RD2_F17_m17f3_P17_Y2_UO958,FXX,4,0.0,1,0,1.0,0,0,0,-9999.0,0.5,1,P14_CV0,1,1,1,2,0
19,0.6120957227224214,0.6169339968747569,RD19_F2_m2f19_P2_Y7_UO297,R2_F2_m15f2_P15_Y5_UO765,RD19_F1_m1f19_P1_Y5_UO1029,FXX,1,0.0,0,0,0.0,0,0,0,-9999.0,0.53125,1,P16_CV0,1,0,2,1,1
19,0.6120957227224214,0.6169339968747569,RD19_F2_m2f19_P2_Y7_UO716,R2_F2_m15f2_P15_Y5_UO765,R19_F19_m19f17_P19_Y5_UO957,FXX,1,0.0,0,0,0.0,0,0,0,-9999.0,0.53125,1,P16_CV0,1,1,1,2,0
19,0.6120957227224214,0.6169339968747569,RD19_F2_m2f19_P2_Y7_UO726,R2_F2_m15f2_P15_Y5_UO765,R19_F19_m19f17_P19_Y5_UO957,FXX,1,0.0,0,0,0.0,0,0,0,-9999.0,0.53125,1,P16_CV0,1,2,0,2,0
19,0.6120957227224214,0.6169339968747569,RD19_F2_m15f17_P15_Y6_UO565,R15_F15_m15f2_P15_Y4_UO1179,R17_F17_m17f3_P17_Y4_UO989,FXX,2,0.0,1,0,1.0,0,0,0,-9999.0,0.71875,1,P16_CV0,1,2,0,0,2
19,0.6120957227224214,0.6169339968747569,R19_F19_m19f2_P19_Y6_UO503,RD19_F3_m3f17_P3_Y4_UO453,RD2_F19_m2f19_P2_Y4_UO1447,MXY,2,0.0,1,0,0.0,0,0,0,-9999.0,0.40625,1,P16_CV0,1,1,1,0,2
19,0.6120957227224214,0.6169339968747569,RD19_F2_m2f19_P2_Y6_UO1407,R2_F2_m2f19_P2_Y4_UO745,R19_F19_m2f19_P2_Y4_UO1443,MXY,2,0.0,1,0,0.0,0,0,0,-9999.0,0.4375,1,P18_CV0,1,2,0,2,0
19,0.6120957227224214,0.6169339968747569,RD19_F2_m2f19_P2_Y6_UO390,RD2_F19_m19f2_P19_Y4_UO1315,RD19_F2_m15f17_P15_Y3_UO237,MXY,2,0.0,1,0,0.0,0,0,0,-9999.0,0.6875,1,P18_CV0,1,1,1,1,1
19,0.6120957227224214,0.6169339968747569,RD19_F2_m2f19_P2_Y6_UO570,RD2_F19_m19f2_P19_Y4_UO1316,RD19_F1_m12f1_P12_Y4_UO767,FXX,2,0.0,1,0,1.0,0,0,0,-9999.0,0.71875,1,P18_CV0,1,1,1,2,0
19,0.6120957227224214,0.6169339968747569,RD19_F2_m19f2_P19_Y6_UO1064,RD19_F2_m2f19_P2_Y4_UO595,R2_F2_m2f19_P2_Y4_UO746,MXY,2,0.0,1,0,0.0,0,0,0,-9999.0,0.53125,1,P18_CV0,1,1,1,1,1
19,0.6120957227224214,0.6169339968747569,R19_F19_m2f19_P2_Y6_UO1288,R2_F2_m19f2_P19_Y4_UO1108,RD19_F2_m2f17_P2_Y3_UO857,MXY,2,0.0,1,0,0.0,0,0,0,-9999.0,0.5625,1,P18_CV0,1,1,1,1,1
19,0.6120957227224214,0.6169339968747569,R19_F19_m19f2_P19_Y6_UO0,R19_F19_m2f19_P2_Y4_UO599,RD2_F19_m19f2_P19_Y4_UO414,MXY,2,0.0,1,0,0.0,0,0,0,-9999.0,0.71875,1,P18_CV0,1,1,1,2,0
19,0.6120957227224214,0.6169339968747569,R19_F19_m19f2_P19_Y6_UO1,R19_F19_m2f19_P2_Y4_UO599,RD2_F19_m19f2_P19_Y4_UO414,MXY,2,0.0,1,0,0.0,0,0,0,-9999.0,0.71875,1,P18_CV0,1,1,1,1,1
19,0.6120957227224214,0.6169339968747569,R19_F19_m19f2_P19_Y6_UO4,R19_F19_m2f19_P2_Y4_UO599,RD2_F19_m19f2_P19_Y4_UO414,FXX,2,0.0,1,0,1.0,0,0,0,-9999.0,0.71875,1,P18_CV0,1,2,0,1,1
19,0.6120957227224214,0.6169339968747569,R19_F19_m19f2_P19_Y6_UO301,RD19_F2_m19f2_P19_Y4_UO1130,RD2_F19_m19f2_P19_Y4_UO378,MXY,2,0.0,1,0,0.0,0,0,0,-9999.0,0.53125,1,P18_CV0,1,2,0,2,0
19,0.6120957227224214,0.6169339968747569,R19_F19_m19f2_P19_Y6_UO314,RD19_F2_m2f19_P2_Y4_UO1449,RD2_F15_m2f19_P2_Y3_UO1126,MXY,2,0.0,1,0,0.0,0,0,0,-9999.0,0.5,1,P18_CV0,1,0,2,0,2
19,0.6120957227224214,0.6169339968747569,R19_F19_m19f2_P19_Y6_UO489,R19_F19_m2f19_P2_Y4_UO599,R2_F2_m19f2_P19_Y2_UO790,MXY,2,0.0,1,0,0.0,0,0,0,-9999.0,0.46875,1,P18_CV0,1,1,1,0,2
19,0.6120957227224214,0.6169339968747569,R19_F19_m19f2_P19_Y6_UO505,RD19_F3_m3f17_P3_Y4_UO453,RD2_F19_m2f19_P2_Y4_UO1447,MXY,2,0.0,1,0,0.0,0,0,0,-9999.0,0.40625,1,P18_CV0,1,2,0,0,2
19,0.6120957227224214,0.6169339968747569,R19_F19_m19f2_P19_Y6_UO574,RD19_F2_m2f19_P2_Y4_UO748,RD2_F19_m2f19_P2_Y4_UO1385,MXY,2,0.0,1,0,0.0,0,0,0,-9999.0,0.53125,1,P18_CV0,1,0,2,2,0
19,0.6120957227224214,0.6169339968747569,R19_F19_m19f2_P19_Y6_UO1034,RD19_F2_m19f2_P19_Y4_UO1130,RD2_F19_m2f19_P2_Y4_UO1444,MXY,2,0.0,1,0,0.0,0,0,0,-9999.0,0.46875,1,P18_CV0,1,2,0,2,0
19,0.6120957227224214,0.6169339968747569,R19_F19_m19f2_P19_Y6_UO1542,R19_F19_m19f2_P19_Y4_UO17,RD2_F19_m19f2_P19_Y3_UO562,MXY,2,0.0,1,0,0.0,0,0,0,-9999.0,0.71875,1,P18_CV0,1,2,0,0,2
19,0.6120957227224214,0.6169339968747569,R19_F19_m19f2_P19_Y4_UO39,R19_F19_m19f2_P19_Y2_UO598,RD2_F19_m19f1_P19_Y2_UO4,MXY,4,0.0,1,0,0.0,0,0,0,-9999.0,0.875,1,P18_CV0,1,2,0,1,1
19,0.6120957227224214,0.6169339968747569,RD19_F1_m1f19_P1_Y7_UO546,R1_F1_m1f19_P1_Y5_UO1037,R19_F19_m19f17_P19_Y5_UO957,MXY,1,0.0,0,0,0.0,0,0,0,-9999.0,0.5,1,P1_CV0,1,1,1,2,0
19,0.6120957227224214,0.6169339968747569,RD19_F1_m1f19_P1_Y7_UO549,R1_F1_m1f19_P1_Y5_UO1037,R19_F19_m19f17_P19_Y5_UO957,FXX,1,0.0,0,0,0.0,0,0,0,-9999.0,0.5,1,P1_CV0,1,1,1,2,0
19,0.6120957227224214,0.6169339968747569,RD19_F2_m2f19_P2_Y7_UO722,R2_F2_m15f2_P15_Y5_UO765,R19_F19_m19f17_P19_Y5_UO957,FXX,1,0.0,0,0,0.0,0,0,0,-9999.0,0.53125,1,P1_CV0,1,2,0,2,0
19,0.6120957227224214,0.6169339968747569,RD19_F2_m2f19_P2_Y6_UO1334,R2_F2_m19f1_P19_Y4_UO1467,R19_F19_m2f19_P2_Y4_UO1443,FXX,2,0.0,1,0,1.0,0,0,0,-9999.0,0.5,1,P1_CV0,1,1,1,2,0
19,0.6120957227224214,0.6169339968747569,RD19_F2_m19f2_P19_Y6_UO815,R19_F19_m19f2_P19_Y4_UO1109,R2_F2_m2f19_P2_Y4_UO1439,MXY,2,0.0,1,0,0.0,0,0,0,-9999.0,0.5,1,P1_CV0,1,2,0,1,1
19,0.6120957227224214,0.6169339968747569,R19_F19_m2f19_P2_Y6_UO567,RD2_F19_m19f2_P19_Y4_UO286,R19_F19_m19f2_P19_Y4_UO416,FXX,2,0.0,1,0,1.0,0,0,0,-9999.0,0.65625,1,P1_CV0,1,2,0,2,0
19,0.6120957227224214,0.6169339968747569,R19_F19_m2f19_P2_Y6_UO1330,R2_F2_m19f1_P19_Y4_UO1467,R19_F19_m2f19_P2_Y4_UO1443,MXY,2,0.0,1,0,0.0,0,0,0,-9999.0,0.5,1,P1_CV0,1,2,0,1,1
19,0.6120957227224214,0.6169339968747569,R19_F19_m19f2_P19_Y6_UO716,RD19_F2_m2f19_P2_Y4_UO1449,RD2_F19_m19f2_P19_Y4_UO414,MXY,2,0.0,1,0,0.0,0,0,0,-9999.0,0.625,1,P1_CV0,1,1,1,1,1
19,0.6120957227224214,0.6169339968747569,R19_F19_m19f2_P19_Y6_UO719,RD19_F2_m2f19_P2_Y4_UO1449,RD2_F19_m19f2_P19_Y4_UO414,MXY,2,0.0,1,0,0.0,0,0,0,-9999.0,0.625,1,P1_CV0,1,1,1,2,0
19,0.6120957227224214,0.6169339968747569,R19_F19_m19f2_P19_Y6_UO814,R19_F19_m19f2_P19_Y4_UO1109,R2_F2_m2f19_P2_Y4_UO1439,MXY,2,0.0,1,0,0.0,0,0,0,-9999.0,0.5,1,P1_CV0,1,1,1,1,1
19,0.6120957227224214,0.6169339968747569,R19_F19_m19f2_P19_Y6_UO1033,RD19_F2_m19f2_P19_Y4_UO1130,RD2_F19_m2f19_P2_Y4_UO1444,FXX,2,0.0,1,0,1.0,0,0,0,-9999.0,0.46875,1,P1_CV0,1,2,0,2,0
19,0.6120957227224214,0.6169339968747569,R19_F19_m19f2_P19_Y6_UO1186,RD19_F2_m19f2_P19_Y4_UO1130,RD2_F19_m19f2_P19_Y3_UO562,MXY,2,0.0,1,0,0.0,0,0,0,-9999.0,0.53125,1,P1_CV0,1,2,0,1,1
19,0.6120957227224214,0.6169339968747569,R19_F19_m19f2_P19_Y6_UO1541,R19_F19_m19f2_P19_Y4_UO17,RD2_F19_m19f2_P19_Y3_UO562,FXX,2,0.0,1,0,1.0,0,0,0,-9999.0,0.71875,1,P1_CV0,1,1,1,1,1
19,0.6120957227224214,0.6169339968747569,R19_F19_m19f17_P19_Y5_UO957,RD19_F2_m2f19_P2_Y3_UO359,RD17_F3_m3f17_P3_Y3_UO808,MXY,3,0.0,1,0,0.0,0,0,0,-9999.0,0.5,1,P1_CV0,1,2,0,2,0
19,0.6120957227224214,0.6169339968747569,RD19_F1_m1f12_P1_Y6_UO1523,RD1_F12_m4f12_P4_Y4_UO1457,R12_F12_m12f4_P12_Y3_UO287,MXY,2,0.0,1,0,0.0,0,0,0,-9999.0,0.625,1,P3_CV0,1,2,0,0,2
19,0.6120957227224214,0.6169339968747569,R19_F19_m1f12_P1_Y6_UO1526,RD1_F12_m4f12_P4_Y4_UO1457,R12_F12_m12f4_P12_Y3_UO287,FXX,2,0.0,1,0,1.0,0,0,0,-9999.0,0.625,1,P3_CV0,1,2,0,0,2
19,0.6120957227224214,0.6169339968747569,RD19_F1_m1f19_P1_Y6_UO1475,RD1_F12_m1f12_P1_Y4_UO131,RD19_F1_m12f1_P12_Y4_UO767,MXY,2,0.0,1,0,0.0,0,0,0,-9999.0,0.65625,1,P6_CV0,1,2,0,2,0
20,0.9437480785146242,0.6818202991034834,RD20_F11_m11f20_P11_Y7_UO459,R11_F11_m20f11_P20_Y5_UO25,RD20_F11_m10f11_P10_Y4_UO1241,FXX,1,0.0,0,0,0.0,0,0,0,-9999.0,0.5,1,P0_CV0,1,2,0,2,0
20,0.9437480785146242,0.6818202991034834,RD20_F11_m11f20_P11_Y7_UO623,R11_F11_m10f7_P10_Y5_UO102,RD20_F11_m10f11_P10_Y4_UO1241,FXX,1,0.0,0,0,0.0,0,0,0,-9999.0,0.5625,1,P0_CV0,1,2,0,1,1
20,0.9437480785146242,0.6818202991034834,RD20_F11_m11f20_P11_Y7_UO698,R11_F11_m10f7_P10_Y5_UO102,RD20_F11_m10f11_P10_Y4_UO1241,FXX,1,0.0,0,0,0.0,0,0,0,-9999.0,0.5625,1,P0_CV0,1,2,0,1,1
20,0.9437480785146242,0.6818202991034834,RD20_F11_m11f20_P11_Y7_UO700,R11_F11_m10f7_P10_Y5_UO102,RD20_F11_m10f11_P10_Y4_UO1241,MXY,1,0.0,0,0,0.0,0,0,0,-9999.0,0.5625,1,P0_CV0,1,2,0,1,1
20,0.9437480785146242,0.6818202991034834,RD20_F11_m11f20_P11_Y7_UO71,R11_F11_m20f11_P20_Y5_UO25,RD20_F11_m11f20_P11_Y5_UO392,FXX,1,0.0,0,0,0.0,0,0,0,-9999.0,0.46875,1,P10_CV0,1,2,0,2,0
20,0.9437480785146242,0.6818202991034834,RD20_F11_m11f20_P11_Y7_UO86,R11_F11_m20f11_P20_Y5_UO440,R20_F20_m20f11_P20_Y5_UO401,FXX,1,0.0,0,0,0.0,0,0,0,-9999.0,0.5625,1,P10_CV0,1,2,0,1,1
20,0.9437480785146242,0.6818202991034834,RD20_F11_m11f20_P11_Y7_UO442,R11_F11_m20f11_P20_Y5_UO887,RD20_F11_m20f11_P20_Y5_UO803,FXX,1,0.0,0,0,0.0,0,0,0,-9999.0,0.5,1,P10_CV0,1,2,0,1,1
20,0.9437480785146242,0.6818202991034834,RD20_F11_m11f20_P11_Y7_UO445,R11_F11_m20f11_P20_Y5_UO887,RD20_F11_m20f11_P20_Y5_UO803,MXY,1,0.0,0,0,0.0,0,0,0,-9999.0,0.5,1,P10_CV0,1,2,0,1,1
20,0.9437480785146242,0.6818202991034834,RD20_F11_m11f20_P11_Y7_UO460,R11_F11_m20f11_P20_Y5_UO25,RD20_F11_m10f11_P10_Y4_UO1241,MXY,1,0.0,0,0,0.0,0,0,0,-9999.0,0.5,1,P10_CV0,1,1,1,2,0
20,0.9437480785146242,0.6818202991034834,RD20_F11_m11f20_P11_Y7_UO461,R11_F11_m20f11_P20_Y5_UO25,RD20_F11_m10f11_P10_Y4_UO1241,MXY,1,0.0,0,0,0.0,0,0,0,-9999.0,0.5,1,P10_CV0,1,2,0,2,0
20,0.9437480785146242,0.6818202991034834,RD20_F11_m11f20_P11_Y7_UO562,R11_F11_m11f20_P11_Y5_UO950,R20_F20_m11f20_P11_Y5_UO750,MXY,1,0.0,0,0,0.0,0,0,0,-9999.0,0.3125,1,P10_CV0,1,0,2,1,1
20,0.9437480785146242,0.6818202991034834,RD20_F11_m11f20_P11_Y7_UO634,RD11_F20_m20f11_P20_Y5_UO441,RD20_F11_m20f11_P20_Y5_UO803,FXX,1,0.0,0,0,0.0,0,0,0,-9999.0,0.65625,1,P10_CV0,1,2,0,1,1
20,0.9437480785146242,0.6818202991034834,RD20_F11_m11f20_P11_Y7_UO671,R11_F11_m10f7_P10_Y5_UO104,R20_F20_m11f20_P11_Y5_UO750,FXX,1,0.0,0,0,0.0,0,0,0,-9999.0,0.40625,1,P10_CV0,1,0,2,0,2
20,0.9437480785146242,0.6818202991034834,R20_F20_m20f11_P20_Y7_UO15,R20_F20_m20f11_P20_Y5_UO26,RD11_F20_m11f20_P11_Y2_UO886,FXX,1,0.0,0,0,0.0,0,0,0,-9999.0,0.25,1,P10_CV0,1,1,1,0,2
20,0.9437480785146242,0.6818202991034834,R20_F20_m20f11_P20_Y7_UO364,R20_F20_m20f11_P20_Y5_UO602,R11_F11_m11f20_P11_Y4_UO1285,MXY,1,0.0,0,0,0.0,0,0,0,-9999.0,0.53125,1,P10_CV0,1,1,1,1,1
20,0.9437480785146242,0.6818202991034834,R20_F20_m20f11_P20_Y7_UO365,R20_F20_m20f11_P20_Y5_UO602,R11_F11_m11f20_P11_Y4_UO1285,MXY,1,0.0,0,0,0.0,0,0,0,-9999.0,0.53125,1,P10_CV0,1,1,1,0,2
20,0.9437480785146242,0.6818202991034834,R20_F20_m20f11_P20_Y7_UO641,R20_F20_m20f11_P20_Y5_UO528,RD11_F20_m20f11_P20_Y5_UO444,FXX,1,0.0,0,0,0.0,0,0,0,-9999.0,0.65625,1,P10_CV0,1,2,0,2,0
20,0.9437480785146242,0.6818202991034834,R20_F20_m20f11_P20_Y7_UO644,R20_F20_m20f11_P20_Y5_UO528,RD11_F20_m20f11_P20_Y5_UO444,FXX,1,0.0,0,0,0.0,0,0,0,-9999.0,0.65625,1,P10_CV0,1,1,1,0,2
20,0.9437480785146242,0.6818202991034834,R20_F20_m20f11_P20_Y7_UO792,R20_F20_m11f20_P11_Y5_UO625,RD11_F20_m20f11_P20_Y5_UO444,MXY,1,0.0,0,0,0.0,0,0,0,-9999.0,0.46875,1,P10_CV0,1,2,0,0,2
20,0.9437480785146242,0.6818202991034834,R20_F20_m20f11_P20_Y7_UO795,R20_F20_m11f20_P11_Y5_UO625,RD11_F20_m20f11_P20_Y5_UO444,MXY,1,0.0,0,0,0.0,0,0,0,-9999.0,0.46875,1,P10_CV0,1,1,1,0,2
20,0.9437480785146242,0.6818202991034834,R20_F20_m20f11_P20_Y7_UO797,R20_F20_m11f20_P11_Y5_UO625,RD11_F20_m20f11_P20_Y5_UO444,MXY,1,0.0,0,0,0.0,0,0,0,-9999.0,0.46875,1,P10_CV0,1,0,2,0,2
20,0.9437480785146242,0.6818202991034834,RD20_F11_m11f20_P11_Y6_UO857,RD11_F20_m20f11_P20_Y4_UO1253,R20_F20_m11f20_P11_Y2_UO886,FXX,2,0.0,1,0,1.0,0,0,0,-9999.0,0.21875,1,P10_CV0,1,0,2,0,2
20,0.9437480785146242,0.6818202991034834,R20_F20_m20f11_P20_Y5_UO602,R20_F20_m11f20_P11_Y3_UO546,R11_F11_m20f11_P20_Y3_UO447,FXX,3,0.0,1,0,1.0,0,0,0,-9999.0,0.5,1,P10_CV0,1,0,2,1,1
20,0.9437480785146242,0.6818202991034834,R20_F20_m20f11_P20_Y5_UO26,RD20_F11_m20f11_P20_Y3_UO449,RD11_F20_m20f11_P20_Y2_UO1307,FXX,3,0.0,1,0,1.0,0,0,0,-9999.0,0.375,1,P10_CV0,1,2,0,1,1
20,0.9437480785146242,0.6818202991034834,R20_F20_m11f20_P11_Y5_UO392,RD11_F20_m11f20_P11_Y3_UO878,R20_F20_m20f11_P20_Y3_UO703,MXY,3,0.0,1,0,0.0,0,0,0,-9999.0,0.5625,1,P10_CV0,1,1,1,2,0
20,0.9437480785146242,0.6818202991034834,RD20_F10_m10f7_P10_Y7_UO501,R10_F10_m7f4_P7_Y5_UO591,R7_F7_m7f4_P7_Y5_UO416,FXX,1,0.0,0,0,0.0,0,0,0,-9999.0,0.3125,1,P11_CV0,1,1,1,1,1
20,0.9437480785146242,0.6818202991034834,RD20_F11_m11f20_P11_Y7_UO182,R11_F11_m10f7_P10_Y5_UO104,RD20_F11_m11f20_P11_Y5_UO396,FXX,1,0.0,0,0,0.0,0,0,0,-9999.0,0.53125,1,P11_CV0,1,2,0,1,1
20,0.9437480785146242,0.6818202991034834,RD20_F11_m11f20_P11_Y7_UO186,R11_F11_m20f11_P20_Y5_UO440,RD20_F11_m11f20_P11_Y4_UO1002,FXX,1,0.0,0,0,0.0,0,0,0,-9999.0,0.5,1,P11_CV0,1,2,0,1,1
20,0.9437480785146242,0.6818202991034834,RD20_F11_m11f20_P11_Y7_UO266,R11_F11_m10f7_P10_Y5_UO102,R20_F20_m11f20_P11_Y5_UO229,MXY,1,0.0,0,0,0.0,0,0,0,-9999.0,0.40625,1,P11_CV0,1,1,1,1,1
20,0.9437480785146242,0.6818202991034834,RD20_F11_m11f20_P11_Y7_UO267,R11_F11_m10f7_P10_Y5_UO102,R20_F20_m11f20_P11_Y5_UO229,FXX,1,0.0,0,0,0.0,0,0,0,-9999.0,0.40625,1,P11_CV0,1,1,1,0,2
20,0.9437480785146242,0.6818202991034834,RD20_F11_m11f20_P11_Y7_UO455,RD11_F20_m20f11_P20_Y5_UO447,R20_F20_m20f11_P20_Y5_UO843,FXX,1,0.0,0,0,0.0,0,0,0,-9999.0,0.59375,1,P11_CV0,1,1,1,1,1
20,0.9437480785146242,0.6818202991034834,RD20_F11_m11f20_P11_Y7_UO624,R11_F11_m10f7_P10_Y5_UO102,RD20_F11_m10f11_P10_Y4_UO1241,MXY,1,0.0,0,0,0.0,0,0,0,-9999.0,0.5625,1,P11_CV0,1,2,0,1,1
20,0.9437480785146242,0.6818202991034834,RD20_F11_m11f20_P11_Y7_UO673,R11_F11_m10f7_P10_Y5_UO104,R20_F20_m11f20_P11_Y5_UO750,FXX,1,0.0,0,0,0.0,0,0,0,-9999.0,0.40625,1,P11_CV0,1,0,2,1,1
20,0.9437480785146242,0.6818202991034834,RD20_F6_m19f2_P19_Y6_UO1062,RD19_F2_m2f19_P2_Y4_UO595,R2_F2_m2f19_P2_Y4_UO746,FXX,2,0.0,1,0,1.0,0,0,0,-9999.0,0.53125,1,P18_CV0,1,1,1,1,1
20,0.9437480785146242,0.6818202991034834,RD20_F11_m11f20_P11_Y7_UO55,R11_F11_m11f20_P11_Y5_UO950,RD20_F11_m11f20_P11_Y5_UO392,FXX,1,0.0,0,0,0.0,0,0,0,-9999.0,0.4375,1,P19_CV0,1,2,0,2,0
20,0.9437480785146242,0.6818202991034834,RD20_F11_m11f20_P11_Y7_UO59,R11_F11_m11f20_P11_Y5_UO950,RD20_F11_m11f20_P11_Y5_UO392,MXY,1,0.0,0,0,0.0,0,0,0,-9999.0,0.4375,1,P19_CV0,1,1,1,2,0
20,0.9437480785146242,0.6818202991034834,RD20_F11_m11f20_P11_Y7_UO185,R11_F11_m20f11_P20_Y5_UO440,RD20_F11_m11f20_P11_Y4_UO1002,MXY,1,0.0,0,0,0.0,0,0,0,-9999.0,0.5,1,P19_CV0,1,2,0,1,1
20,0.9437480785146242,0.6818202991034834,R20_F20_m20f11_P20_Y7_UO16,R20_F20_m20f11_P20_Y5_UO26,RD11_F20_m11f20_P11_Y2_UO886,FXX,1,0.0,0,0,0.0,0,0,0,-9999.0,0.25,1,P19_CV0,1,1,1,2,0
20,0.9437480785146242,0.6818202991034834,R20_F20_m20f11_P20_Y7_UO336,RD20_F11_m20f11_P20_Y5_UO805,RD11_F20_m11f20_P11_Y2_UO886,FXX,1,0.0,0,0,0.0,0,0,0,-9999.0,0.40625,1,P19_CV0,1,1,1,2,0
20,0.9437480785146242,0.6818202991034834,R20_F20_m20f11_P20_Y7_UO338,RD20_F11_m20f11_P20_Y5_UO805,RD11_F20_m11f20_P11_Y2_UO886,MXY,1,0.0,0,0,0.0,0,0,0,-9999.0,0.40625,1,P19_CV0,1,1,1,1,1
20,0.9437480785146242,0.6818202991034834,R20_F20_m20f11_P20_Y7_UO387,R20_F20_m20f11_P20_Y5_UO528,R11_F11_m11f20_P11_Y4_UO1285,MXY,1,0.0,0,0,0.0,0,0,0,-9999.0,0.625,1,P19_CV0,1,2,0,0,2
20,0.9437480785146242,0.6818202991034834,R20_F20_m20f11_P20_Y7_UO402,RD20_F11_m11f20_P11_Y5_UO207,RD11_F20_m20f11_P20_Y5_UO840,MXY,1,0.0,0,0,0.0,0,0,0,-9999.0,0.34375,1,P19_CV0,1,0,2,2,0
20,0.9437480785146242,0.6818202991034834,R20_F20_m20f11_P20_Y7_UO437,R20_F20_m20f11_P20_Y5_UO527,R11_F11_m11f20_P11_Y5_UO813,FXX,1,0.0,0,0,0.0,0,0,0,-9999.0,0.625,1,P19_CV0,1,1,1,2,0
20,0.9437480785146242,0.6818202991034834,R20_F20_m20f11_P20_Y7_UO649,RD20_F11_m20f11_P20_Y5_UO805,R11_F11_m10f7_P10_Y4_UO562,FXX,1,0.0,0,0,0.0,0,0,0,-9999.0,0.5625,1,P19_CV0,1,1,1,1,1
20,0.9437480785146242,0.6818202991034834,RD20_F11_m20f11_P20_Y6_UO330,RD20_F11_m11f20_P11_Y4_UO1001,RD11_F10_m7f4_P7_Y4_UO1062,MXY,2,0.0,1,0,0.0,0,0,0,-9999.0,0.46875,1,P19_CV0,1,2,0,1,1
20,0.9437480785146242,0.6818202991034834,RD20_F11_m20f11_P20_Y6_UO1364,RD20_F11_m11f20_P11_Y4_UO1297,RD11_F20_m11f20_P11_Y4_UO1002,MXY,2,0.0,1,0,0.0,0,0,0,-9999.0,0.40625,1,P19_CV0,1,1,1,2,0
20,0.9437480785146242,0.6818202991034834,RD20_F11_m20f11_P20_Y6_UO323,RD20_F11_m11f20_P11_Y4_UO1001,RD11_F10_m7f4_P7_Y4_UO1062,FXX,2,0.0,1,0,1.0,0,0,0,-9999.0,0.46875,1,P19_CV0,1,1,1,1,1
20,0.9437480785146242,0.6818202991034834,RD20_F11_m11f20_P11_Y6_UO851,RD11_F20_m20f11_P20_Y4_UO1253,R20_F20_m11f20_P11_Y2_UO886,FXX,2,0.0,1,0,1.0,0,0,0,-9999.0,0.21875,1,P19_CV0,1,0,2,2,0
20,0.9437480785146242,0.6818202991034834,R20_F20_m20f11_P20_Y6_UO328,RD20_F11_m11f20_P11_Y4_UO1001,RD11_F10_m7f4_P7_Y4_UO1062,FXX,2,0.0,1,0,1.0,0,0,0,-9999.0,0.46875,1,P19_CV0,1,2,0,1,1
20,0.9437480785146242,0.6818202991034834,R20_F20_m11f20_P11_Y6_UO876,RD11_F10_m10f11_P10_Y4_UO358,RD20_F11_m11f20_P11_Y4_UO1137,FXX,2,0.0,1,0,1.0,0,0,0,-9999.0,0.5,1,P19_CV0,1,2,0,0,2
20,0.9437480785146242,0.6818202991034834,R20_F20_m10f11_P10_Y6_UO441,RD10_F7_m10f20_P10_Y4_UO168,RD11_F10_m11f20_P11_Y4_UO1285,FXX,2,0.0,1,0,1.0,0,0,0,-9999.0,0.40625,1,P19_CV0,1,2,0,1,1
20,0.9437480785146242,0.6818202991034834,R20_F20_m11f20_P11_Y6_UO780,R11_F11_m11f20_P11_Y4_UO1141,RD20_F11_m20f11_P20_Y4_UO1214,FXX,2,0.0,1,0,1.0,0,0,0,-9999.0,0.5,1,P19_CV0,1,1,1,1,1
20,0.9437480785146242,0.6818202991034834,R20_F20_m20f11_P20_Y6_UO325,RD20_F11_m11f20_P11_Y4_UO1001,RD11_F10_m7f4_P7_Y4_UO1062,MXY,2,0.0,1,0,0.0,0,0,0,-9999.0,0.46875,1,P19_CV0,1,2,0,2,0
20,0.9437480785146242,0.6818202991034834,R20_F20_m20f11_P20_Y6_UO251,R20_F20_m20f11_P20_Y4_UO721,RD11_F10_m10f7_P10_Y4_UO562,FXX,2,0.0,1,0,1.0,0,0,0,-9999.0,0.375,1,P19_CV0,1,0,2,0,2
20,0.9437480785146242,0.6818202991034834,R20_F20_m20f11_P20_Y6_UO708,R20_F20_m20f11_P20_Y4_UO721,R11_F11_m6f2_P6_Y3_UO138,FXX,2,0.0,1,0,1.0,0,0,0,-9999.0,0.59375,1,P19_CV0,1,2,0,0,2
20,0.9437480785146242,0.6818202991034834,R20_F20_m20f11_P20_Y6_UO321,RD20_F11_m11f20_P11_Y4_UO1001,RD11_F10_m7f4_P7_Y4_UO1062,MXY,2,0.0,1,0,0.0,0,0,0,-9999.0,0.46875,1,P19_CV0,1,1,1,1,1
20,0.9437480785146242,0.6818202991034834,R20_F20_m11f20_P11_Y6_UO878,RD11_F10_m10f11_P10_Y4_UO358,RD20_F11_m11f20_P11_Y4_UO1137,MXY,2,0.0,1,0,0.0,0,0,0,-9999.0,0.5,1,P19_CV0,1,1,1,1,1
20,0.9437480785146242,0.6818202991034834,R20_F20_m20f11_P20_Y7_UO19,R20_F20_m20f11_P20_Y5_UO398,RD11_F20_m20f11_P20_Y5_UO444,FXX,1,0.0,0,0,0.0,0,0,0,-9999.0,0.5625,1,P3_CV0,1,1,1,2,0
20,0.9437480785146242,0.6818202991034834,R20_F20_m20f11_P20_Y7_UO20,R20_F20_m20f11_P20_Y5_UO398,RD11_F20_m20f11_P20_Y5_UO444,MXY,1,0.0,0,0,0.0,0,0,0,-9999.0,0.5625,1,P3_CV0,1,1,1,1,1
20,0.9437480785146242,0.6818202991034834,RD20_F10_m10f20_P10_Y7_UO574,RD10_F7_m10f11_P10_Y5_UO715,RD20_F11_m11f20_P11_Y5_UO396,FXX,1,0.0,0,0,0.0,0,0,0,-9999.0,0.65625,1,P4_CV0,1,2,0,1,1
20,0.9437480785146242,0.6818202991034834,R20_F20_m20f11_P20_Y7_UO400,RD20_F11_m11f20_P11_Y5_UO207,RD11_F20_m20f11_P20_Y5_UO840,FXX,1,0.0,0,0,0.0,0,0,0,-9999.0,0.34375,1,P4_CV0,1,1,1,2,0
20,0.9437480785146242,0.6818202991034834,R20_F20_m20f11_P20_Y7_UO405,RD20_F11_m11f20_P11_Y5_UO207,RD11_F20_m20f11_P20_Y5_UO840,MXY,1,0.0,0,0,0.0,0,0,0,-9999.0,0.34375,1,P4_CV0,1,1,1,1,1
20,0.9437480785146242,0.6818202991034834,R20_F20_m20f11_P20_Y7_UO406,RD20_F11_m11f20_P11_Y5_UO207,RD11_F20_m20f11_P20_Y5_UO840,FXX,1,0.0,0,0,0.0,0,0,0,-9999.0,0.34375,1,P4_CV0,1,1,1,1,1
20,0.9437480785146242,0.6818202991034834,R20_F20_m20f11_P20_Y6_UO705,R20_F20_m20f11_P20_Y4_UO721,R11_F11_m6f2_P6_Y3_UO138,FXX,2,0.0,1,0,1.0,0,0,0,-9999.0,0.59375,1,P4_CV0,1,2,0,0,2
20,0.9437480785146242,0.6818202991034834,R20_F20_m20f6_P20_Y6_UO496,R20_F20_m20f11_P20_Y4_UO721,RD6_F5_m5f6_P5_Y4_UO1133,FXX,2,0.0,1,0,1.0,0,0,0,-9999.0,0.4375,1,P5_CV0,1,1,1,0,2
20,0.9437480785146242,0.6818202991034834,R20_F20_m20f11_P20_Y7_UO381,R20_F20_m20f11_P20_Y5_UO528,R11_F11_m11f20_P11_Y4_UO1285,MXY,1,0.0,0,0,0.0,0,0,0,-9999.0,0.625,1,P6_CV0,1,2,0,2,0
20,0.9437480785146242,0.6818202991034834,R20_F20_m20f11_P20_Y7_UO436,R20_F20_m20f11_P20_Y5_UO527,R11_F11_m11f20_P11_Y5_UO813,MXY,1,0.0,0,0,0.0,0,0,0,-9999.0,0.625,1,P6_CV0,1,1,1,2,0
20,0.9437480785146242,0.6818202991034834,R20_F20_m20f11_P20_Y7_UO440,R20_F20_m20f11_P20_Y5_UO527,R11_F11_m11f20_P11_Y5_UO813,MXY,1,0.0,0,0,0.0,0,0,0,-9999.0,0.625,1,P6_CV0,1,1,1,2,0
20,0.9437480785146242,0.6818202991034834,R20_F20_m20f11_P20_Y7_UO750,R20_F20_m20f11_P20_Y5_UO398,R11_F11_m11f20_P11_Y5_UO813,MXY,1,0.0,0,0,0.0,0,0,0,-9999.0,0.53125,1,P6_CV0,1,0,2,2,0
20,0.9437480785146242,0.6818202991034834,R20_F20_m20f11_P20_Y7_UO752,R20_F20_m20f11_P20_Y5_UO398,R11_F11_m11f20_P11_Y5_UO813,FXX,1,0.0,0,0,0.0,0,0,0,-9999.0,0.53125,1,P6_CV0,1,0,2,2,0
20,0.9437480785146242,0.6818202991034834,R20_F20_m20f11_P20_Y7_UO754,R20_F20_m20f11_P20_Y5_UO398,R11_F11_m11f20_P11_Y5_UO813,MXY,1,0.0,0,0,0.0,0,0,0,-9999.0,0.53125,1,P6_CV0,1,0,2,1,1
20,0.9437480785146242,0.6818202991034834,RD20_F11_m11f20_P11_Y4_UO1285,RD11_F20_m20f11_P20_Y2_UO1299,RD20_F11_m20f11_P20_Y2_UO1146,MXY,4,0.0,1,0,0.0,0,0,0,-9999.0,0.5625,1,P6_CV0,1,2,0,1,1
20,0.9437480785146242,0.6818202991034834,RD20_F11_m10f11_P10_Y6_UO712,R10_F10_m10f7_P10_Y4_UO1118,RD11_F20_m20f11_P20_Y4_UO1251,FXX,2,0.0,1,0,1.0,0,0,0,-9999.0,0.46875,1,P9_CV0,1,1,1,2,0
