PatchID,XCOORD,YCOORD,ID,MID,FID,sex,age,size,mature,newmature,layeggs,capture,recapture,state,CDist,Hindex,Species,ClassFile,SubPatchID,L0A0,L0A1,L1A0,L1A1
1,0.5488135039273248,0.7151893663724195,Age0_F1_m1f16_P1_Y15_UO624,RD1_F4_m9f18_P9_Y13_UO190,RD16_F7_m7f10_P7_Y13_UO1068,MXY,0,0.0,0,0,0.0,0,0,0,0.0,0.470703125,1,P0_CV0,1,2,0,0,2
1,0.5488135039273248,0.7151893663724195,Age0_F1_m1f16_P1_Y15_UO626,RD1_F4_m9f18_P9_Y13_UO190,RD16_F7_m7f10_P7_Y13_UO1068,FXX,0,0.0,0,0,0.0,0,0,0,0.0,0.470703125,1,P0_CV0,1,2,0,0,2
1,0.5488135039273248,0.7151893663724195,Age0_F1_m1f16_P1_Y15_UO627,RD1_F4_m9f18_P9_Y13_UO190,RD16_F7_m7f10_P7_Y13_UO1068,MXY,0,0.0,0,0,0.0,0,0,0,0.0,0.470703125,1,P0_CV0,1,1,1,0,2
1,0.5488135039273248,0.7151893663724195,R1_F1_m7f16_P7_Y14_UO610,R7_F7_m13f14_P13_Y12_UO1195,RD16_F14_m10f20_P10_Y12_UO659,FXX,1,0.0,1,1,1.0,0,0,0,-9999.0,0.5,1,P0_CV0,1,0,2,1,1
1,0.5488135039273248,0.7151893663724195,Age0_F1_m1f11_P1_Y15_UO568,RD1_F7_m7f13_P7_Y13_UO408,R11_F11_m11f7_P11_Y13_UO1160,MXY,0,0.0,0,0,0.0,0,0,0,0.0,0.49609375,1,P10_CV0,1,1,1,1,1
1,0.5488135039273248,0.7151893663724195,Age0_F1_m1f11_P1_Y15_UO569,RD1_F7_m7f13_P7_Y13_UO408,R11_F11_m11f7_P11_Y13_UO1160,MXY,0,0.0,0,0,0.0,0,0,0,0.0,0.49609375,1,P10_CV0,1,1,1,0,2
1,0.5488135039273248,0.7151893663724195,Age0_F1_m1f11_P1_Y15_UO570,RD1_F7_m7f13_P7_Y13_UO408,R11_F11_m11f7_P11_Y13_UO1160,FXX,0,0.0,0,0,0.0,0,0,0,0.0,0.49609375,1,P10_CV0,1,1,1,0,2
1,0.5488135039273248,0.7151893663724195,Age0_F1_m1f11_P1_Y15_UO571,RD1_F7_m7f13_P7_Y13_UO408,R11_F11_m11f7_P11_Y13_UO1160,FXX,0,0.0,0,0,0.0,0,0,0,0.0,0.49609375,1,P10_CV0,1,1,1,0,2
1,0.5488135039273248,0.7151893663724195,Age0_F1_m1f11_P1_Y15_UO572,RD1_F7_m7f13_P7_Y13_UO408,R11_F11_m11f7_P11_Y13_UO1160,MXY,0,0.0,0,0,0.0,0,0,0,0.0,0.49609375,1,P10_CV0,1,1,1,1,1
1,0.5488135039273248,0.7151893663724195,Age0_F1_m1f11_P1_Y15_UO573,RD1_F7_m7f13_P7_Y13_UO408,R11_F11_m11f7_P11_Y13_UO1160,FXX,0,0.0,0,0,0.0,0,0,0,0.0,0.49609375,1,P10_CV0,1,2,0,1,1
1,0.5488135039273248,0.7151893663724195,R1_F1_m13f2_P13_Y14_UO522,R13_F13_m8f6_P8_Y12_UO372,RD2_F6_m6f20_P6_Y12_UO420,FXX,1,0.0,1,1,1.0,0,0,0,-9999.0,0.533203125,1,P11_CV0,1,0,2,0,2
1,0.5488135039273248,0.7151893663724195,R1_F1_m5f9_P5_Y14_UO739,R5_F5_m5f11_P5_Y12_UO685,R9_F9_m20f5_P20_Y10_UO450,MXY,1,0.0,1,1,0.0,0,0,0,-9999.0,0.53125,1,P11_CV0,1,1,1,0,2
1,0.5488135039273248,0.7151893663724195,R1_F1_m1f7_P1_Y14_UO45,R1_F1_m12f7_P12_Y12_UO922,RD7_F12_m5f11_P5_Y12_UO1285,MXY,1,0.0,1,1,0.0,0,0,0,-9999.0,0.572265625,1,P11_CV0,1,0,2,1,1
1,0.5488135039273248,0.7151893663724195,R1_F1_m5f9_P5_Y14_UO737,R5_F5_m5f11_P5_Y12_UO685,R9_F9_m20f5_P20_Y10_UO450,MXY,1,0.0,1,1,0.0,0,0,0,-9999.0,0.53125,1,P11_CV0,1,2,0,2,0
1,0.5488135039273248,0.7151893663724195,R1_F1_m6f17_P6_Y14_UO1114,R6_F6_m6f20_P6_Y12_UO421,RD17_F10_m10f4_P10_Y12_UO303,MXY,1,0.0,1,1,0.0,0,0,0,-9999.0,0.541015625,1,P11_CV0,1,1,1,1,1
1,0.5488135039273248,0.7151893663724195,R1_F1_m5f9_P5_Y14_UO730,R5_F5_m5f11_P5_Y12_UO685,R9_F9_m20f5_P20_Y10_UO450,FXX,1,0.0,1,1,1.0,0,0,0,-9999.0,0.53125,1,P11_CV0,1,1,1,2,0
1,0.5488135039273248,0.7151893663724195,R1_F1_m2f20_P2_Y13_UO863,RD2_F10_m10f6_P10_Y11_UO897,R20_F20_m9f14_P9_Y10_UO1040,MXY,2,0.0,1,0,0.0,0,0,0,-9999.0,0.52734375,1,P11_CV0,1,1,1,1,1
1,0.5488135039273248,0.7151893663724195,Age0_F1_m1f2_P1_Y15_UO285,R1_F1_m1f17_P1_Y13_UO583,RD2_F1_m6f16_P6_Y13_UO238,FXX,0,0.0,0,0,0.0,0,0,0,0.0,0.53125,1,P12_CV0,1,0,2,1,1
1,0.5488135039273248,0.7151893663724195,Age0_F1_m1f2_P1_Y15_UO287,R1_F1_m1f17_P1_Y13_UO583,RD2_F1_m6f16_P6_Y13_UO238,FXX,0,0.0,0,0,0.0,0,0,0,0.0,0.53125,1,P12_CV0,1,0,2,0,2
1,0.5488135039273248,0.7151893663724195,Age0_F1_m1f2_P1_Y15_UO288,R1_F1_m1f17_P1_Y13_UO583,RD2_F1_m6f16_P6_Y13_UO238,FXX,0,0.0,0,0,0.0,0,0,0,0.0,0.53125,1,P12_CV0,1,0,2,0,2
1,0.5488135039273248,0.7151893663724195,Age0_F1_m1f16_P1_Y15_UO623,RD1_F4_m9f18_P9_Y13_UO190,RD16_F7_m7f10_P7_Y13_UO1068,FXX,0,0.0,0,0,0.0,0,0,0,0.0,0.470703125,1,P13_CV0,1,1,1,0,2
1,0.5488135039273248,0.7151893663724195,Age0_F1_m1f16_P1_Y15_UO625,RD1_F4_m9f18_P9_Y13_UO190,RD16_F7_m7f10_P7_Y13_UO1068,FXX,0,0.0,0,0,0.0,0,0,0,0.0,0.470703125,1,P13_CV0,1,2,0,0,2
1,0.5488135039273248,0.7151893663724195,Age0_F1_m1f12_P1_Y15_UO631,R1_F1_m12f18_P12_Y13_UO468,R12_F12_m5f15_P5_Y13_UO482,FXX,0,0.0,0,0,0.0,0,0,0,0.0,0.470703125,1,P13_CV0,1,1,1,0,2
1,0.5488135039273248,0.7151893663724195,Age0_F1_m1f5_P1_Y15_UO839,RD1_F10_m19f7_P19_Y13_UO1381,R5_F5_m5f1_P5_Y13_UO453,FXX,0,0.0,0,0,0.0,0,0,0,0.0,0.478515625,1,P13_CV0,1,0,2,2,0
1,0.5488135039273248,0.7151893663724195,Age0_F1_m1f5_P1_Y15_UO842,RD1_F10_m19f7_P19_Y13_UO1381,R5_F5_m5f1_P5_Y13_UO453,MXY,0,0.0,0,0,0.0,0,0,0,0.0,0.478515625,1,P13_CV0,1,0,2,2,0
1,0.5488135039273248,0.7151893663724195,Age0_F1_m1f2_P1_Y15_UO1312,RD1_F7_m1f5_P1_Y13_UO538,RD2_F3_m3f4_P3_Y13_UO167,MXY,0,0.0,0,0,0.0,0,0,0,0.0,0.494140625,1,P13_CV0,1,1,1,1,1
1,0.5488135039273248,0.7151893663724195,Age0_F1_m1f2_P1_Y15_UO1314,RD1_F7_m1f5_P1_Y13_UO538,RD2_F3_m3f4_P3_Y13_UO167,FXX,0,0.0,0,0,0.0,0,0,0,0.0,0.494140625,1,P13_CV0,1,1,1,2,0
1,0.5488135039273248,0.7151893663724195,Age0_F1_m1f2_P1_Y15_UO1315,RD1_F7_m1f5_P1_Y13_UO538,RD2_F3_m3f4_P3_Y13_UO167,MXY,0,0.0,0,0,0.0,0,0,0,0.0,0.494140625,1,P13_CV0,1,1,1,2,0
1,0.5488135039273248,0.7151893663724195,R1_F1_m1f5_P1_Y13_UO538,R1_F1_m1f7_P1_Y11_UO1237,R5_F5_m5f19_P5_Y11_UO584,FXX,2,0.0,1,0,1.0,0,0,0,-9999.0,0.53515625,1,P13_CV0,1,1,1,1,1
1,0.5488135039273248,0.7151893663724195,R1_F1_m12f19_P12_Y14_UO774,R12_F12_m12f2_P12_Y12_UO932,R19_F19_m18f17_P18_Y12_UO1131,FXX,1,0.0,1,1,1.0,0,0,0,-9999.0,0.5078125,1,P14_CV0,1,2,0,2,0
1,0.5488135039273248,0.7151893663724195,R1_F1_m5f8_P5_Y14_UO1069,R5_F5_m13f18_P13_Y12_UO1294,RD8_F16_m15f1_P15_Y12_UO463,FXX,1,0.0,1,1,1.0,0,0,0,-9999.0,0.55078125,1,P14_CV0,1,2,0,2,0
1,0.5488135039273248,0.7151893663724195,R1_F1_m11f13_P11_Y14_UO1166,RD11_F9_m9f16_P9_Y12_UO522,RD13_F3_m3f20_P3_Y12_UO339,MXY,1,0.0,1,1,0.0,0,0,0,-9999.0,0.576171875,1,P14_CV0,1,0,2,0,2
1,0.5488135039273248,0.7151893663724195,R1_F1_m6f20_P6_Y14_UO404,RD6_F5_m10f7_P10_Y12_UO264,R20_F20_m17f16_P17_Y12_UO190,MXY,1,0.0,1,1,0.0,0,0,0,-9999.0,0.509765625,1,P14_CV0,1,0,2,0,2
1,0.5488135039273248,0.7151893663724195,R1_F1_m19f16_P19_Y13_UO210,R19_F19_m16f8_P16_Y11_UO648,R16_F16_m15f20_P15_Y11_UO123,MXY,2,0.0,1,0,0.0,0,0,0,-9999.0,0.55078125,1,P14_CV0,1,1,1,1,1
1,0.5488135039273248,0.7151893663724195,Age0_F1_m1f3_P1_Y15_UO849,RD1_F16_m16f7_P16_Y13_UO732,R3_F3_m5f15_P5_Y13_UO479,FXX,0,0.0,0,0,0.0,0,0,0,0.0,0.505859375,1,P15_CV0,1,2,0,2,0
1,0.5488135039273248,0.7151893663724195,Age0_F1_m1f3_P1_Y15_UO850,RD1_F16_m16f7_P16_Y13_UO732,R3_F3_m5f15_P5_Y13_UO479,MXY,0,0.0,0,0,0.0,0,0,0,0.0,0.505859375,1,P15_CV0,1,2,0,1,1
1,0.5488135039273248,0.7151893663724195,Age0_F1_m1f3_P1_Y15_UO851,RD1_F16_m16f7_P16_Y13_UO732,R3_F3_m5f15_P5_Y13_UO479,FXX,0,0.0,0,0,0.0,0,0,0,0.0,0.505859375,1,P15_CV0,1,1,1,2,0
1,0.5488135039273248,0.7151893663724195,Age0_F1_m1f3_P1_Y15_UO852,RD1_F16_m16f7_P16_Y13_UO732,R3_F3_m5f15_P5_Y13_UO479,FXX,0,0.0,0,0,0.0,0,0,0,0.0,0.505859375,1,P15_CV0,1,2,0,2,0
1,0.5488135039273248,0.7151893663724195,Age0_F1_m1f3_P1_Y15_UO853,RD1_F16_m16f7_P16_Y13_UO732,R3_F3_m5f15_P5_Y13_UO479,FXX,0,0.0,0,0,0.0,0,0,0,0.0,0.505859375,1,P15_CV0,1,2,0,1,1
1,0.5488135039273248,0.7151893663724195,Age0_F1_m1f3_P1_Y15_UO854,RD1_F16_m16f7_P16_Y13_UO732,R3_F3_m5f15_P5_Y13_UO479,MXY,0,0.0,0,0,0.0,0,0,0,0.0,0.505859375,1,P15_CV0,1,1,1,1,1
1,0.5488135039273248,0.7151893663724195,Age0_F1_m1f3_P1_Y15_UO855,RD1_F16_m16f7_P16_Y13_UO732,R3_F3_m5f15_P5_Y13_UO479,MXY,0,0.0,0,0,0.0,0,0,0,0.0,0.505859375,1,P15_CV0,1,2,0,2,0
1,0.5488135039273248,0.7151893663724195,Age0_F1_m1f3_P1_Y15_UO856,RD1_F16_m16f7_P16_Y13_UO732,R3_F3_m5f15_P5_Y13_UO479,FXX,0,0.0,0,0,0.0,0,0,0,0.0,0.505859375,1,P15_CV0,1,2,0,2,0
1,0.5488135039273248,0.7151893663724195,Age0_F1_m1f3_P1_Y15_UO857,RD1_F16_m16f7_P16_Y13_UO732,R3_F3_m5f15_P5_Y13_UO479,FXX,0,0.0,0,0,0.0,0,0,0,0.0,0.505859375,1,P15_CV0,1,1,1,1,1
1,0.5488135039273248,0.7151893663724195,Age0_F1_m1f19_P1_Y15_UO983,RD1_F10_m19f7_P19_Y13_UO1381,R19_F19_m19f5_P19_Y13_UO928,FXX,0,0.0,0,0,0.0,0,0,0,0.0,0.515625,1,P15_CV0,1,1,1,2,0
1,0.5488135039273248,0.7151893663724195,R1_F1_m16f7_P16_Y13_UO732,RD16_F5_m13f3_P13_Y11_UO656,RD7_F20_m20f9_P20_Y11_UO1046,FXX,2,0.0,1,0,1.0,0,0,0,-9999.0,0.5390625,1,P15_CV0,1,1,1,2,0
1,0.5488135039273248,0.7151893663724195,R1_F1_m1f12_P1_Y14_UO918,RD1_F17_m17f7_P17_Y12_UO15,R12_F12_m12f3_P12_Y12_UO1096,MXY,1,0.0,1,1,0.0,0,0,0,-9999.0,0.537109375,1,P17_CV0,1,2,0,2,0
1,0.5488135039273248,0.7151893663724195,Age0_F1_m1f2_P1_Y15_UO176,RD1_F9_m9f13_P9_Y13_UO1112,R2_F2_m15f7_P15_Y13_UO1062,FXX,0,0.0,0,0,0.0,0,0,0,0.0,0.494140625,1,P1_CV0,1,0,2,0,2
1,0.5488135039273248,0.7151893663724195,Age0_F1_m1f2_P1_Y15_UO178,RD1_F9_m9f13_P9_Y13_UO1112,R2_F2_m15f7_P15_Y13_UO1062,FXX,0,0.0,0,0,0.0,0,0,0,0.0,0.494140625,1,P1_CV0,1,1,1,0,2
1,0.5488135039273248,0.7151893663724195,Age0_F1_m1f2_P1_Y15_UO181,RD1_F9_m9f13_P9_Y13_UO1112,R2_F2_m15f7_P15_Y13_UO1062,FXX,0,0.0,0,0,0.0,0,0,0,0.0,0.494140625,1,P1_CV0,1,2,0,0,2
1,0.5488135039273248,0.7151893663724195,Age0_F1_m1f2_P1_Y15_UO182,RD1_F9_m9f13_P9_Y13_UO1112,R2_F2_m15f7_P15_Y13_UO1062,FXX,0,0.0,0,0,0.0,0,0,0,0.0,0.494140625,1,P1_CV0,1,0,2,1,1
1,0.5488135039273248,0.7151893663724195,Age0_F1_m1f2_P1_Y15_UO183,RD1_F9_m9f13_P9_Y13_UO1112,R2_F2_m15f7_P15_Y13_UO1062,FXX,0,0.0,0,0,0.0,0,0,0,0.0,0.494140625,1,P1_CV0,1,0,2,0,2
1,0.5488135039273248,0.7151893663724195,R1_F1_m6f5_P6_Y12_UO788,R6_F6_m1f5_P1_Y10_UO1311,R5_F5_m5f6_P5_Y10_UO1221,MXY,3,0.0,1,0,0.0,0,0,0,-9999.0,0.54296875,1,P1_CV0,1,1,1,0,2
1,0.5488135039273248,0.7151893663724195,Age0_F1_m1f2_P1_Y15_UO286,R1_F1_m1f17_P1_Y13_UO583,RD2_F1_m6f16_P6_Y13_UO238,FXX,0,0.0,0,0,0.0,0,0,0,0.0,0.53125,1,P2_CV0,1,0,2,0,2
1,0.5488135039273248,0.7151893663724195,Age0_F1_m1f2_P1_Y15_UO289,R1_F1_m1f17_P1_Y13_UO583,RD2_F1_m6f16_P6_Y13_UO238,MXY,0,0.0,0,0,0.0,0,0,0,0.0,0.53125,1,P2_CV0,1,0,2,0,2
1,0.5488135039273248,0.7151893663724195,Age0_F1_m1f13_P1_Y15_UO304,RD1_F19_m15f6_P15_Y13_UO430,RD13_F11_m11f14_P11_Y13_UO64,MXY,0,0.0,0,0,0.0,0,0,0,0.0,0.51953125,1,P2_CV0,1,1,1,0,2
1,0.5488135039273248,0.7151893663724195,Age0_F1_m1f13_P1_Y15_UO305,RD1_F19_m15f6_P15_Y13_UO430,RD13_F11_m11f14_P11_Y13_UO64,FXX,0,0.0,0,0,0.0,0,0,0,0.0,0.51953125,1,P2_CV0,1,1,1,0,2
1,0.5488135039273248,0.7151893663724195,Age0_F1_m1f16_P1_Y15_UO435,R1_F1_m14f5_P14_Y13_UO1372,RD16_F14_m9f1_P9_Y12_UO390,FXX,0,0.0,0,0,0.0,0,0,0,0.0,0.556640625,1,P2_CV0,1,2,0,0,2
1,0.5488135039273248,0.7151893663724195,Age0_F1_m1f16_P1_Y15_UO437,R1_F1_m14f5_P14_Y13_UO1372,RD16_F14_m9f1_P9_Y12_UO390,MXY,0,0.0,0,0,0.0,0,0,0,0.0,0.556640625,1,P2_CV0,1,1,1,1,1
1,0.5488135039273248,0.7151893663724195,Age0_F1_m1f16_P1_Y15_UO438,R1_F1_m14f5_P14_Y13_UO1372,RD16_F14_m9f1_P9_Y12_UO390,MXY,0,0.0,0,0,0.0,0,0,0,0.0,0.556640625,1,P2_CV0,1,2,0,0,2
1,0.5488135039273248,0.7151893663724195,R1_F1_m19f10_P19_Y14_UO1241,RD19_F7_m19f18_P19_Y12_UO116,RD10_F18_m9f3_P9_Y12_UO846,FXX,1,0.0,1,1,1.0,0,0,0,-9999.0,0.546875,1,P2_CV0,1,1,1,0,2
1,0.5488135039273248,0.7151893663724195,R1_F1_m1f17_P1_Y13_UO583,RD1_F7_m6f19_P6_Y11_UO81,R17_F17_m3f11_P3_Y11_UO420,FXX,2,0.0,1,0,1.0,0,0,0,-9999.0,0.48046875,1,P2_CV0,1,0,2,1,1
1,0.5488135039273248,0.7151893663724195,R1_F1_m8f6_P8_Y14_UO546,R8_F8_m10f4_P10_Y12_UO305,R6_F6_m19f20_P19_Y12_UO147,MXY,1,0.0,1,1,0.0,0,0,0,-9999.0,0.55078125,1,P3_CV0,1,0,2,0,2
1,0.5488135039273248,0.7151893663724195,Age0_F1_m1f16_P1_Y15_UO436,R1_F1_m14f5_P14_Y13_UO1372,RD16_F14_m9f1_P9_Y12_UO390,MXY,0,0.0,0,0,0.0,0,0,0,0.0,0.556640625,1,P4_CV0,1,2,0,0,2
1,0.5488135039273248,0.7151893663724195,Age0_F1_m1f16_P1_Y15_UO439,R1_F1_m14f5_P14_Y13_UO1372,RD16_F14_m9f1_P9_Y12_UO390,MXY,0,0.0,0,0,0.0,0,0,0,0.0,0.556640625,1,P4_CV0,1,2,0,1,1
1,0.5488135039273248,0.7151893663724195,R1_F1_m17f2_P17_Y14_UO897,R17_F17_m13f8_P13_Y12_UO329,R2_F2_m1f3_P1_Y12_UO1224,FXX,1,0.0,1,1,1.0,0,0,0,-9999.0,0.544921875,1,P4_CV0,1,1,1,0,2
1,0.5488135039273248,0.7151893663724195,Age0_F1_m1f12_P1_Y15_UO628,R1_F1_m12f18_P12_Y13_UO468,R12_F12_m5f15_P5_Y13_UO482,FXX,0,0.0,0,0,0.0,0,0,0,0.0,0.470703125,1,P5_CV0,1,0,2,2,0
1,0.5488135039273248,0.7151893663724195,Age0_F1_m1f12_P1_Y15_UO629,R1_F1_m12f18_P12_Y13_UO468,R12_F12_m5f15_P5_Y13_UO482,MXY,0,0.0,0,0,0.0,0,0,0,0.0,0.470703125,1,P5_CV0,1,1,1,1,1
1,0.5488135039273248,0.7151893663724195,Age0_F1_m1f12_P1_Y15_UO630,R1_F1_m12f18_P12_Y13_UO468,R12_F12_m5f15_P5_Y13_UO482,MXY,0,0.0,0,0,0.0,0,0,0,0.0,0.470703125,1,P5_CV0,1,1,1,1,1
1,0.5488135039273248,0.7151893663724195,Age0_F1_m1f12_P1_Y15_UO632,R1_F1_m12f18_P12_Y13_UO468,R12_F12_m5f15_P5_Y13_UO482,FXX,0,0.0,0,0,0.0,0,0,0,0.0,0.470703125,1,P5_CV0,1,1,1,0,2
1,0.5488135039273248,0.7151893663724195,Age0_F1_m1f13_P1_Y15_UO997,R1_F1_m12f18_P12_Y13_UO468,RD13_F18_m18f4_P18_Y13_UO709,FXX,0,0.0,0,0,0.0,0,0,0,0.0,0.46484375,1,P5_CV0,1,2,0,1,1
1,0.5488135039273248,0.7151893663724195,Age0_F1_m1f13_P1_Y15_UO999,R1_F1_m12f18_P12_Y13_UO468,RD13_F18_m18f4_P18_Y13_UO709,MXY,0,0.0,0,0,0.0,0,0,0,0.0,0.46484375,1,P5_CV0,1,1,1,2,0
1,0.5488135039273248,0.7151893663724195,Age0_F1_m1f13_P1_Y15_UO1000,R1_F1_m12f18_P12_Y13_UO468,RD13_F18_m18f4_P18_Y13_UO709,FXX,0,0.0,0,0,0.0,0,0,0,0.0,0.46484375,1,P5_CV0,1,1,1,1,1
1,0.5488135039273248,0.7151893663724195,Age0_F1_m1f13_P1_Y15_UO1002,R1_F1_m12f18_P12_Y13_UO468,RD13_F18_m18f4_P18_Y13_UO709,FXX,0,0.0,0,0,0.0,0,0,0,0.0,0.46484375,1,P5_CV0,1,1,1,1,1
1,0.5488135039273248,0.7151893663724195,R1_F1_m1f4_P1_Y14_UO831,RD1_F17_m11f13_P11_Y12_UO75,RD4_F20_m20f4_P20_Y12_UO441,MXY,1,0.0,1,1,0.0,0,0,0,-9999.0,0.541015625,1,P6_CV0,1,2,0,1,1
1,0.5488135039273248,0.7151893663724195,R1_F1_m1f17_P1_Y14_UO842,RD1_F17_m11f13_P11_Y12_UO75,RD17_F15_m15f2_P15_Y12_UO771,FXX,1,0.0,1,1,1.0,0,0,0,-9999.0,0.513671875,1,P6_CV0,1,0,2,1,1
1,0.5488135039273248,0.7151893663724195,R1_F1_m5f8_P5_Y14_UO1067,R5_F5_m13f18_P13_Y12_UO1294,RD8_F16_m15f1_P15_Y12_UO463,FXX,1,0.0,1,1,1.0,0,0,0,-9999.0,0.55078125,1,P6_CV0,1,2,0,1,1
1,0.5488135039273248,0.7151893663724195,Age0_F1_m1f13_P1_Y15_UO303,RD1_F19_m15f6_P15_Y13_UO430,RD13_F11_m11f14_P11_Y13_UO64,MXY,0,0.0,0,0,0.0,0,0,0,0.0,0.51953125,1,P7_CV0,1,1,1,2,0
1,0.5488135039273248,0.7151893663724195,Age0_F1_m1f13_P1_Y15_UO306,RD1_F19_m15f6_P15_Y13_UO430,RD13_F11_m11f14_P11_Y13_UO64,FXX,0,0.0,0,0,0.0,0,0,0,0.0,0.51953125,1,P7_CV0,1,1,1,0,2
1,0.5488135039273248,0.7151893663724195,Age0_F1_m1f13_P1_Y15_UO307,RD1_F19_m15f6_P15_Y13_UO430,RD13_F11_m11f14_P11_Y13_UO64,FXX,0,0.0,0,0,0.0,0,0,0,0.0,0.51953125,1,P7_CV0,1,1,1,1,1
1,0.5488135039273248,0.7151893663724195,Age0_F1_m1f3_P1_Y15_UO709,RD1_F10_m19f7_P19_Y13_UO1381,R3_F3_m2f5_P2_Y13_UO1179,MXY,0,0.0,0,0,0.0,0,0,0,0.0,0.521484375,1,P7_CV0,1,2,0,1,1
1,0.5488135039273248,0.7151893663724195,Age0_F1_m1f5_P1_Y15_UO840,RD1_F10_m19f7_P19_Y13_UO1381,R5_F5_m5f1_P5_Y13_UO453,FXX,0,0.0,0,0,0.0,0,0,0,0.0,0.478515625,1,P7_CV0,1,0,2,1,1
1,0.5488135039273248,0.7151893663724195,Age0_F1_m1f5_P1_Y15_UO841,RD1_F10_m19f7_P19_Y13_UO1381,R5_F5_m5f1_P5_Y13_UO453,MXY,0,0.0,0,0,0.0,0,0,0,0.0,0.478515625,1,P7_CV0,1,1,1,1,1
1,0.5488135039273248,0.7151893663724195,Age0_F1_m1f5_P1_Y15_UO843,RD1_F10_m19f7_P19_Y13_UO1381,R5_F5_m5f1_P5_Y13_UO453,MXY,0,0.0,0,0,0.0,0,0,0,0.0,0.478515625,1,P7_CV0,1,0,2,2,0
1,0.5488135039273248,0.7151893663724195,Age0_F1_m1f19_P1_Y15_UO981,RD1_F10_m19f7_P19_Y13_UO1381,R19_F19_m19f5_P19_Y13_UO928,FXX,0,0.0,0,0,0.0,0,0,0,0.0,0.515625,1,P7_CV0,1,1,1,2,0
1,0.5488135039273248,0.7151893663724195,Age0_F1_m1f19_P1_Y15_UO982,RD1_F10_m19f7_P19_Y13_UO1381,R19_F19_m19f5_P19_Y13_UO928,MXY,0,0.0,0,0,0.0,0,0,0,0.0,0.515625,1,P7_CV0,1,2,0,1,1
1,0.5488135039273248,0.7151893663724195,Age0_F1_m1f19_P1_Y15_UO984,RD1_F10_m19f7_P19_Y13_UO1381,R19_F19_m19f5_P19_Y13_UO928,FXX,0,0.0,0,0,0.0,0,0,0,0.0,0.515625,1,P7_CV0,1,2,0,1,1
1,0.5488135039273248,0.7151893663724195,Age0_F1_m1f19_P1_Y15_UO985,RD1_F10_m19f7_P19_Y13_UO1381,R19_F19_m19f5_P19_Y13_UO928,FXX,0,0.0,0,0,0.0,0,0,0,0.0,0.515625,1,P7_CV0,1,1,1,1,1
1,0.5488135039273248,0.7151893663724195,Age0_F1_m1f13_P1_Y15_UO998,R1_F1_m12f18_P12_Y13_UO468,RD13_F18_m18f4_P18_Y13_UO709,MXY,0,0.0,0,0,0.0,0,0,0,0.0,0.46484375,1,P7_CV0,1,1,1,0,2
1,0.5488135039273248,0.7151893663724195,Age0_F1_m1f13_P1_Y15_UO1001,R1_F1_m12f18_P12_Y13_UO468,RD13_F18_m18f4_P18_Y13_UO709,MXY,0,0.0,0,0,0.0,0,0,0,0.0,0.46484375,1,P7_CV0,1,0,2,0,2
1,0.5488135039273248,0.7151893663724195,Age0_F1_m1f2_P1_Y15_UO1313,RD1_F7_m1f5_P1_Y13_UO538,RD2_F3_m3f4_P3_Y13_UO167,MXY,0,0.0,0,0,0.0,0,0,0,0.0,0.494140625,1,P8_CV0,1,1,1,0,2
1,0.5488135039273248,0.7151893663724195,Age0_F1_m1f2_P1_Y15_UO177,RD1_F9_m9f13_P9_Y13_UO1112,R2_F2_m15f7_P15_Y13_UO1062,FXX,0,0.0,0,0,0.0,0,0,0,0.0,0.494140625,1,P9_CV0,1,1,1,1,1
1,0.5488135039273248,0.7151893663724195,Age0_F1_m1f2_P1_Y15_UO179,RD1_F9_m9f13_P9_Y13_UO1112,R2_F2_m15f7_P15_Y13_UO1062,MXY,0,0.0,0,0,0.0,0,0,0,0.0,0.494140625,1,P9_CV0,1,1,1,0,2
1,0.5488135039273248,0.7151893663724195,Age0_F1_m1f2_P1_Y15_UO180,RD1_F9_m9f13_P9_Y13_UO1112,R2_F2_m15f7_P15_Y13_UO1062,FXX,0,0.0,0,0,0.0,0,0,0,0.0,0.494140625,1,P9_CV0,1,1,1,0,2
1,0.5488135039273248,0.7151893663724195,Age0_F1_m1f3_P1_Y15_UO705,RD1_F10_m19f7_P19_Y13_UO1381,R3_F3_m2f5_P2_Y13_UO1179,MXY,0,0.0,0,0,0.0,0,0,0,0.0,0.521484375,1,P9_CV0,1,1,1,0,2
1,0.5488135039273248,0.7151893663724195,Age0_F1_m1f3_P1_Y15_UO706,RD1_F10_m19f7_P19_Y13_UO1381,R3_F3_m2f5_P2_Y13_UO1179,FXX,0,0.0,0,0,0.0,0,0,0,0.0,0.521484375,1,P9_CV0,1,1,1,1,1
1,0.5488135039273248,0.7151893663724195,Age0_F1_m1f3_P1_Y15_UO707,RD1_F10_m19f7_P19_Y13_UO1381,R3_F3_m2f5_P2_Y13_UO1179,MXY,0,0.0,0,0,0.0,0,0,0,0.0,0.521484375,1,P9_CV0,1,2,0,2,0
1,0.5488135039273248,0.7151893663724195,Age0_F1_m1f3_P1_Y15_UO708,RD1_F10_m19f7_P19_Y13_UO1381,R3_F3_m2f5_P2_Y13_UO1179,FXX,0,0.0,0,0,0.0,0,0,0,0.0,0.521484375,1,P9_CV0,1,1,1,1,1
1,0.5488135039273248,0.7151893663724195,Age0_F1_m1f3_P1_Y15_UO710,RD1_F10_m19f7_P19_Y13_UO1381,R3_F3_m2f5_P2_Y13_UO1179,MXY,0,0.0,0,0,0.0,0,0,0,0.0,0.521484375,1,P9_CV0,1,2,0,2,0
1,0.5488135039273248,0.7151893663724195,Age0_F1_m1f3_P1_Y15_UO711,RD1_F10_m19f7_P19_Y13_UO1381,R3_F3_m2f5_P2_Y13_UO1179,MXY,0,0.0,0,0,0.0,0,0,0,0.0,0.521484375,1,P9_CV0,1,1,1,1,1
1,0.5488135039273248,0.7151893663724195,R1_F1_m10f12_P10_Y12_UO173,R10_F10_m10f19_P10_Y10_UO690,RD12_F1_m6f20_P6_Y10_UO835,MXY,3,0.0,1,0,0.0,0,0,0,-9999.0,0.55859375,1,P9_CV0,1,0,2,1,1
2,0.6027633760716439,0.5448831829968969,Age0_F2_m2f7_P2_Y15_UO370,R2_F2_m7f10_P7_Y13_UO1071,R7_F7_m19f14_P19_Y13_UO1090,MXY,0,0.0,0,0,0.0,0,0,0,0.0,0.46875,1,P0_CV0,1,1,1,0,2
2,0.6027633760716439,0.5448831829968969,Age0_F2_m2f7_P2_Y15_UO372,R2_F2_m7f10_P7_Y13_UO1071,R7_F7_m19f14_P19_Y13_UO1090,MXY,0,0.0,0,0,0.0,0,0,0,0.0,0.46875,1,P0_CV0,1,2,0,0,2
2,0.6027633760716439,0.5448831829968969,Age0_F2_m2f7_P2_Y15_UO373,R2_F2_m7f10_P7_Y13_UO1071,R7_F7_m19f14_P19_Y13_UO1090,FXX,0,0.0,0,0,0.0,0,0,0,0.0,0.46875,1,P0_CV0,1,1,1,0,2
2,0.6027633760716439,0.5448831829968969,Age0_F2_m2f18_P2_Y15_UO1409,R2_F2_m2f18_P2_Y13_UO649,R18_F18_m18f20_P18_Y12_UO604,MXY,0,0.0,0,0,0.0,0,0,0,0.0,0.474609375,1,P0_CV0,1,1,1,1,1
2,0.6027633760716439,0.5448831829968969,Age0_F2_m2f18_P2_Y15_UO1412,R2_F2_m2f18_P2_Y13_UO649,R18_F18_m18f20_P18_Y12_UO604,FXX,0,0.0,0,0,0.0,0,0,0,0.0,0.474609375,1,P0_CV0,1,0,2,0,2
2,0.6027633760716439,0.5448831829968969,Age0_F2_m2f18_P2_Y15_UO1413,R2_F2_m2f18_P2_Y13_UO649,R18_F18_m18f20_P18_Y12_UO604,FXX,0,0.0,0,0,0.0,0,0,0,0.0,0.474609375,1,P0_CV0,1,0,2,1,1
2,0.6027633760716439,0.5448831829968969,R2_F2_m14f16_P14_Y14_UO1268,R14_F14_m9f3_P9_Y12_UO722,RD16_F18_m13f14_P13_Y12_UO1196,MXY,1,0.0,1,1,0.0,0,0,0,-9999.0,0.486328125,1,P0_CV0,1,1,1,0,2
2,0.6027633760716439,0.5448831829968969,Age0_F2_m2f13_P2_Y15_UO1056,RD2_F18_m1f19_P1_Y13_UO802,R13_F13_m15f5_P15_Y13_UO1218,FXX,0,0.0,0,0,0.0,0,0,0,0.0,0.515625,1,P10_CV0,1,0,2,1,1
2,0.6027633760716439,0.5448831829968969,Age0_F2_m2f13_P2_Y15_UO1057,RD2_F18_m1f19_P1_Y13_UO802,R13_F13_m15f5_P15_Y13_UO1218,FXX,0,0.0,0,0,0.0,0,0,0,0.0,0.515625,1,P10_CV0,1,0,2,1,1
2,0.6027633760716439,0.5448831829968969,Age0_F2_m2f11_P2_Y15_UO1168,R2_F2_m2f5_P2_Y13_UO1178,RD11_F6_m6f4_P6_Y13_UO1196,MXY,0,0.0,0,0,0.0,0,0,0,0.0,0.521484375,1,P10_CV0,1,1,1,1,1
2,0.6027633760716439,0.5448831829968969,Age0_F2_m2f3_P2_Y15_UO426,R2_F2_m15f6_P15_Y13_UO940,R3_F3_m3f17_P3_Y13_UO1025,MXY,0,0.0,0,0,0.0,0,0,0,0.0,0.478515625,1,P12_CV0,1,1,1,1,1
2,0.6027633760716439,0.5448831829968969,Age0_F2_m2f3_P2_Y15_UO428,R2_F2_m15f6_P15_Y13_UO940,R3_F3_m3f17_P3_Y13_UO1025,FXX,0,0.0,0,0,0.0,0,0,0,0.0,0.478515625,1,P12_CV0,1,2,0,1,1
2,0.6027633760716439,0.5448831829968969,Age0_F2_m2f14_P2_Y15_UO504,R2_F2_m7f18_P7_Y13_UO87,RD14_F10_m7f14_P7_Y13_UO918,FXX,0,0.0,0,0,0.0,0,0,0,0.0,0.46484375,1,P12_CV0,1,1,1,1,1
2,0.6027633760716439,0.5448831829968969,Age0_F2_m2f14_P2_Y15_UO505,R2_F2_m7f18_P7_Y13_UO87,RD14_F10_m7f14_P7_Y13_UO918,MXY,0,0.0,0,0,0.0,0,0,0,0.0,0.46484375,1,P12_CV0,1,0,2,1,1
2,0.6027633760716439,0.5448831829968969,Age0_F2_m2f14_P2_Y15_UO506,R2_F2_m7f18_P7_Y13_UO87,RD14_F10_m7f14_P7_Y13_UO918,MXY,0,0.0,0,0,0.0,0,0,0,0.0,0.46484375,1,P12_CV0,1,0,2,1,1
2,0.6027633760716439,0.5448831829968969,Age0_F2_m2f14_P2_Y15_UO508,R2_F2_m7f18_P7_Y13_UO87,RD14_F10_m7f14_P7_Y13_UO918,MXY,0,0.0,0,0,0.0,0,0,0,0.0,0.46484375,1,P12_CV0,1,1,1,1,1
2,0.6027633760716439,0.5448831829968969,Age0_F2_m2f11_P2_Y15_UO1167,R2_F2_m2f5_P2_Y13_UO1178,RD11_F6_m6f4_P6_Y13_UO1196,MXY,0,0.0,0,0,0.0,0,0,0,0.0,0.521484375,1,P12_CV0,1,1,1,0,2
2,0.6027633760716439,0.5448831829968969,Age0_F2_m2f11_P2_Y15_UO1169,R2_F2_m2f5_P2_Y13_UO1178,RD11_F6_m6f4_P6_Y13_UO1196,FXX,0,0.0,0,0,0.0,0,0,0,0.0,0.521484375,1,P12_CV0,1,1,1,1,1
2,0.6027633760716439,0.5448831829968969,Age0_F2_m2f4_P2_Y15_UO1360,R2_F2_m2f5_P2_Y13_UO1178,RD4_F9_m14f13_P14_Y13_UO1342,MXY,0,0.0,0,0,0.0,0,0,0,0.0,0.51171875,1,P12_CV0,1,2,0,2,0
2,0.6027633760716439,0.5448831829968969,Age0_F2_m2f17_P2_Y15_UO317,R2_F2_m7f18_P7_Y13_UO87,R17_F17_m1f6_P1_Y12_UO64,FXX,0,0.0,0,0,0.0,0,0,0,0.0,0.52734375,1,P13_CV0,1,1,1,2,0
2,0.6027633760716439,0.5448831829968969,Age0_F2_m2f7_P2_Y15_UO371,R2_F2_m7f10_P7_Y13_UO1071,R7_F7_m19f14_P19_Y13_UO1090,FXX,0,0.0,0,0,0.0,0,0,0,0.0,0.46875,1,P13_CV0,1,2,0,0,2
2,0.6027633760716439,0.5448831829968969,Age0_F2_m2f12_P2_Y15_UO749,R2_F2_m15f6_P15_Y13_UO940,R12_F12_m5f15_P5_Y13_UO482,MXY,0,0.0,0,0,0.0,0,0,0,0.0,0.48828125,1,P13_CV0,1,2,0,0,2
2,0.6027633760716439,0.5448831829968969,Age0_F2_m2f12_P2_Y15_UO750,R2_F2_m15f6_P15_Y13_UO940,R12_F12_m5f15_P5_Y13_UO482,FXX,0,0.0,0,0,0.0,0,0,0,0.0,0.48828125,1,P13_CV0,1,2,0,1,1
2,0.6027633760716439,0.5448831829968969,Age0_F2_m2f12_P2_Y15_UO751,R2_F2_m15f6_P15_Y13_UO940,R12_F12_m5f15_P5_Y13_UO482,MXY,0,0.0,0,0,0.0,0,0,0,0.0,0.48828125,1,P13_CV0,1,1,1,0,2
2,0.6027633760716439,0.5448831829968969,Age0_F2_m2f12_P2_Y15_UO752,R2_F2_m15f6_P15_Y13_UO940,R12_F12_m5f15_P5_Y13_UO482,FXX,0,0.0,0,0,0.0,0,0,0,0.0,0.48828125,1,P13_CV0,1,2,0,1,1
2,0.6027633760716439,0.5448831829968969,Age0_F2_m2f8_P2_Y15_UO1346,RD2_F10_m10f11_P10_Y13_UO698,RD8_F17_m3f4_P3_Y13_UO955,MXY,0,0.0,0,0,0.0,0,0,0,0.0,0.54296875,1,P13_CV0,1,1,1,2,0
2,0.6027633760716439,0.5448831829968969,Age0_F2_m2f8_P2_Y15_UO1348,RD2_F10_m10f11_P10_Y13_UO698,RD8_F17_m3f4_P3_Y13_UO955,MXY,0,0.0,0,0,0.0,0,0,0,0.0,0.54296875,1,P13_CV0,1,1,1,1,1
2,0.6027633760716439,0.5448831829968969,Age0_F2_m2f8_P2_Y15_UO1349,RD2_F10_m10f11_P10_Y13_UO698,RD8_F17_m3f4_P3_Y13_UO955,FXX,0,0.0,0,0,0.0,0,0,0,0.0,0.54296875,1,P13_CV0,1,1,1,0,2
2,0.6027633760716439,0.5448831829968969,R2_F2_m12f17_P12_Y14_UO374,R12_F12_m13f16_P13_Y12_UO268,RD17_F15_m15f2_P15_Y12_UO771,MXY,1,0.0,1,1,0.0,0,0,0,-9999.0,0.51171875,1,P14_CV0,1,0,2,0,2
2,0.6027633760716439,0.5448831829968969,Age0_F2_m2f17_P2_Y15_UO315,R2_F2_m7f18_P7_Y13_UO87,R17_F17_m1f6_P1_Y12_UO64,MXY,0,0.0,0,0,0.0,0,0,0,0.0,0.52734375,1,P15_CV0,1,2,0,2,0
2,0.6027633760716439,0.5448831829968969,Age0_F2_m2f17_P2_Y15_UO316,R2_F2_m7f18_P7_Y13_UO87,R17_F17_m1f6_P1_Y12_UO64,FXX,0,0.0,0,0,0.0,0,0,0,0.0,0.52734375,1,P15_CV0,1,1,1,1,1
2,0.6027633760716439,0.5448831829968969,Age0_F2_m2f17_P2_Y15_UO318,R2_F2_m7f18_P7_Y13_UO87,R17_F17_m1f6_P1_Y12_UO64,FXX,0,0.0,0,0,0.0,0,0,0,0.0,0.52734375,1,P15_CV0,1,2,0,1,1
2,0.6027633760716439,0.5448831829968969,Age0_F2_m2f17_P2_Y15_UO319,R2_F2_m7f18_P7_Y13_UO87,R17_F17_m1f6_P1_Y12_UO64,FXX,0,0.0,0,0,0.0,0,0,0,0.0,0.52734375,1,P15_CV0,1,2,0,1,1
2,0.6027633760716439,0.5448831829968969,Age0_F2_m2f6_P2_Y15_UO375,RD2_F8_m8f6_P8_Y13_UO4,R6_F6_m6f1_P6_Y13_UO1279,MXY,0,0.0,0,0,0.0,0,0,0,0.0,0.54296875,1,P15_CV0,1,1,1,0,2
2,0.6027633760716439,0.5448831829968969,Age0_F2_m2f6_P2_Y15_UO376,RD2_F8_m8f6_P8_Y13_UO4,R6_F6_m6f1_P6_Y13_UO1279,FXX,0,0.0,0,0,0.0,0,0,0,0.0,0.54296875,1,P15_CV0,1,2,0,2,0
2,0.6027633760716439,0.5448831829968969,Age0_F2_m2f6_P2_Y15_UO377,RD2_F8_m8f6_P8_Y13_UO4,R6_F6_m6f1_P6_Y13_UO1279,FXX,0,0.0,0,0,0.0,0,0,0,0.0,0.54296875,1,P15_CV0,1,1,1,0,2
2,0.6027633760716439,0.5448831829968969,Age0_F2_m2f3_P2_Y15_UO427,R2_F2_m15f6_P15_Y13_UO940,R3_F3_m3f17_P3_Y13_UO1025,FXX,0,0.0,0,0,0.0,0,0,0,0.0,0.478515625,1,P15_CV0,1,1,1,1,1
2,0.6027633760716439,0.5448831829968969,Age0_F2_m2f3_P2_Y15_UO429,R2_F2_m15f6_P15_Y13_UO940,R3_F3_m3f17_P3_Y13_UO1025,FXX,0,0.0,0,0,0.0,0,0,0,0.0,0.478515625,1,P15_CV0,1,2,0,1,1
2,0.6027633760716439,0.5448831829968969,Age0_F2_m2f3_P2_Y15_UO430,R2_F2_m15f6_P15_Y13_UO940,R3_F3_m3f17_P3_Y13_UO1025,FXX,0,0.0,0,0,0.0,0,0,0,0.0,0.478515625,1,P15_CV0,1,2,0,1,1
2,0.6027633760716439,0.5448831829968969,Age0_F2_m2f3_P2_Y15_UO431,R2_F2_m15f6_P15_Y13_UO940,R3_F3_m3f17_P3_Y13_UO1025,FXX,0,0.0,0,0,0.0,0,0,0,0.0,0.478515625,1,P15_CV0,1,1,1,1,1
2,0.6027633760716439,0.5448831829968969,Age0_F2_m2f14_P2_Y15_UO507,R2_F2_m7f18_P7_Y13_UO87,RD14_F10_m7f14_P7_Y13_UO918,MXY,0,0.0,0,0,0.0,0,0,0,0.0,0.46484375,1,P15_CV0,1,0,2,1,1
2,0.6027633760716439,0.5448831829968969,Age0_F2_m2f14_P2_Y15_UO509,R2_F2_m7f18_P7_Y13_UO87,RD14_F10_m7f14_P7_Y13_UO918,MXY,0,0.0,0,0,0.0,0,0,0,0.0,0.46484375,1,P15_CV0,1,1,1,1,1
2,0.6027633760716439,0.5448831829968969,Age0_F2_m2f14_P2_Y15_UO510,R2_F2_m7f18_P7_Y13_UO87,RD14_F10_m7f14_P7_Y13_UO918,MXY,0,0.0,0,0,0.0,0,0,0,0.0,0.46484375,1,P15_CV0,1,0,2,1,1
2,0.6027633760716439,0.5448831829968969,Age0_F2_m2f14_P2_Y15_UO511,R2_F2_m7f18_P7_Y13_UO87,RD14_F10_m7f14_P7_Y13_UO918,FXX,0,0.0,0,0,0.0,0,0,0,0.0,0.46484375,1,P15_CV0,1,0,2,1,1
2,0.6027633760716439,0.5448831829968969,Age0_F2_m2f7_P2_Y15_UO600,R2_F2_m15f6_P15_Y13_UO940,R7_F7_m7f13_P7_Y13_UO172,MXY,0,0.0,0,0,0.0,0,0,0,0.0,0.484375,1,P15_CV0,1,1,1,1,1
2,0.6027633760716439,0.5448831829968969,Age0_F2_m2f7_P2_Y15_UO601,R2_F2_m15f6_P15_Y13_UO940,R7_F7_m7f13_P7_Y13_UO172,FXX,0,0.0,0,0,0.0,0,0,0,0.0,0.484375,1,P15_CV0,1,1,1,0,2
2,0.6027633760716439,0.5448831829968969,Age0_F2_m2f7_P2_Y15_UO602,R2_F2_m15f6_P15_Y13_UO940,R7_F7_m7f13_P7_Y13_UO172,MXY,0,0.0,0,0,0.0,0,0,0,0.0,0.484375,1,P15_CV0,1,2,0,0,2
2,0.6027633760716439,0.5448831829968969,Age0_F2_m2f7_P2_Y15_UO603,R2_F2_m15f6_P15_Y13_UO940,R7_F7_m7f13_P7_Y13_UO172,MXY,0,0.0,0,0,0.0,0,0,0,0.0,0.484375,1,P15_CV0,1,2,0,1,1
2,0.6027633760716439,0.5448831829968969,Age0_F2_m2f7_P2_Y15_UO604,R2_F2_m15f6_P15_Y13_UO940,R7_F7_m7f13_P7_Y13_UO172,FXX,0,0.0,0,0,0.0,0,0,0,0.0,0.484375,1,P15_CV0,1,1,1,1,1
2,0.6027633760716439,0.5448831829968969,Age0_F2_m2f7_P2_Y15_UO605,R2_F2_m15f6_P15_Y13_UO940,R7_F7_m7f13_P7_Y13_UO172,FXX,0,0.0,0,0,0.0,0,0,0,0.0,0.484375,1,P15_CV0,1,2,0,0,2
2,0.6027633760716439,0.5448831829968969,Age0_F2_m2f17_P2_Y15_UO688,R2_F2_m15f6_P15_Y13_UO940,R17_F17_m17f4_P17_Y13_UO305,FXX,0,0.0,0,0,0.0,0,0,0,0.0,0.501953125,1,P15_CV0,1,2,0,1,1
2,0.6027633760716439,0.5448831829968969,Age0_F2_m2f17_P2_Y15_UO690,R2_F2_m15f6_P15_Y13_UO940,R17_F17_m17f4_P17_Y13_UO305,FXX,0,0.0,0,0,0.0,0,0,0,0.0,0.501953125,1,P15_CV0,1,2,0,0,2
2,0.6027633760716439,0.5448831829968969,Age0_F2_m2f17_P2_Y15_UO691,R2_F2_m15f6_P15_Y13_UO940,R17_F17_m17f4_P17_Y13_UO305,MXY,0,0.0,0,0,0.0,0,0,0,0.0,0.501953125,1,P15_CV0,1,2,0,1,1
2,0.6027633760716439,0.5448831829968969,Age0_F2_m2f12_P2_Y15_UO753,R2_F2_m15f6_P15_Y13_UO940,R12_F12_m5f15_P5_Y13_UO482,FXX,0,0.0,0,0,0.0,0,0,0,0.0,0.48828125,1,P15_CV0,1,1,1,0,2
2,0.6027633760716439,0.5448831829968969,Age0_F2_m2f17_P2_Y15_UO931,R2_F2_m15f6_P15_Y13_UO940,RD17_F3_m3f7_P3_Y13_UO625,MXY,0,0.0,0,0,0.0,0,0,0,0.0,0.509765625,1,P15_CV0,1,2,0,0,2
2,0.6027633760716439,0.5448831829968969,Age0_F2_m2f17_P2_Y15_UO932,R2_F2_m15f6_P15_Y13_UO940,RD17_F3_m3f7_P3_Y13_UO625,FXX,0,0.0,0,0,0.0,0,0,0,0.0,0.509765625,1,P15_CV0,1,1,1,1,1
2,0.6027633760716439,0.5448831829968969,Age0_F2_m2f17_P2_Y15_UO933,R2_F2_m15f6_P15_Y13_UO940,RD17_F3_m3f7_P3_Y13_UO625,FXX,0,0.0,0,0,0.0,0,0,0,0.0,0.509765625,1,P15_CV0,1,2,0,0,2
2,0.6027633760716439,0.5448831829968969,Age0_F2_m2f18_P2_Y15_UO1410,R2_F2_m2f18_P2_Y13_UO649,R18_F18_m18f20_P18_Y12_UO604,FXX,0,0.0,0,0,0.0,0,0,0,0.0,0.474609375,1,P15_CV0,1,0,2,1,1
2,0.6027633760716439,0.5448831829968969,Age0_F2_m2f18_P2_Y15_UO1411,R2_F2_m2f18_P2_Y13_UO649,R18_F18_m18f20_P18_Y12_UO604,MXY,0,0.0,0,0,0.0,0,0,0,0.0,0.474609375,1,P15_CV0,1,1,1,2,0
2,0.6027633760716439,0.5448831829968969,Age0_F2_m2f18_P2_Y15_UO1414,R2_F2_m2f18_P2_Y13_UO649,R18_F18_m18f20_P18_Y12_UO604,FXX,0,0.0,0,0,0.0,0,0,0,0.0,0.474609375,1,P15_CV0,1,1,1,0,2
2,0.6027633760716439,0.5448831829968969,R2_F2_m2f18_P2_Y13_UO649,R2_F2_m2f3_P2_Y11_UO588,RD18_F15_m15f11_P15_Y11_UO263,FXX,2,0.0,1,0,1.0,0,0,0,-9999.0,0.4609375,1,P15_CV0,1,0,2,1,1
2,0.6027633760716439,0.5448831829968969,Age0_F2_m2f16_P2_Y15_UO145,RD2_F10_m10f11_P10_Y13_UO698,RD16_F1_m1f17_P1_Y13_UO1353,MXY,0,0.0,0,0,0.0,0,0,0,0.0,0.513671875,1,P16_CV0,1,0,2,1,1
2,0.6027633760716439,0.5448831829968969,Age0_F2_m2f16_P2_Y15_UO148,RD2_F10_m10f11_P10_Y13_UO698,RD16_F1_m1f17_P1_Y13_UO1353,MXY,0,0.0,0,0,0.0,0,0,0,0.0,0.513671875,1,P16_CV0,1,0,2,1,1
2,0.6027633760716439,0.5448831829968969,Age0_F2_m2f8_P2_Y15_UO1347,RD2_F10_m10f11_P10_Y13_UO698,RD8_F17_m3f4_P3_Y13_UO955,MXY,0,0.0,0,0,0.0,0,0,0,0.0,0.54296875,1,P16_CV0,1,1,1,1,1
2,0.6027633760716439,0.5448831829968969,R2_F2_m10f11_P10_Y13_UO698,RD10_F2_m20f10_P20_Y11_UO668,RD11_F6_m6f5_P6_Y11_UO1331,FXX,2,0.0,1,0,1.0,0,0,0,-9999.0,0.54296875,1,P16_CV0,1,0,2,1,1
2,0.6027633760716439,0.5448831829968969,R2_F2_m2f8_P2_Y14_UO297,R2_F2_m11f12_P11_Y12_UO1050,RD8_F12_m12f10_P12_Y12_UO437,MXY,1,0.0,1,1,0.0,0,0,0,-9999.0,0.544921875,1,P19_CV0,1,1,1,1,1
2,0.6027633760716439,0.5448831829968969,R2_F2_m2f17_P2_Y14_UO1279,R2_F2_m2f6_P2_Y12_UO895,RD17_F9_m1f15_P1_Y12_UO322,MXY,1,0.0,1,1,0.0,0,0,0,-9999.0,0.505859375,1,P1_CV0,1,1,1,0,2
2,0.6027633760716439,0.5448831829968969,Age0_F2_m2f16_P2_Y15_UO146,RD2_F10_m10f11_P10_Y13_UO698,RD16_F1_m1f17_P1_Y13_UO1353,MXY,0,0.0,0,0,0.0,0,0,0,0.0,0.513671875,1,P2_CV0,1,0,2,2,0
2,0.6027633760716439,0.5448831829968969,Age0_F2_m2f16_P2_Y15_UO147,RD2_F10_m10f11_P10_Y13_UO698,RD16_F1_m1f17_P1_Y13_UO1353,MXY,0,0.0,0,0,0.0,0,0,0,0.0,0.513671875,1,P2_CV0,1,0,2,1,1
2,0.6027633760716439,0.5448831829968969,R2_F2_m11f13_P11_Y14_UO854,R11_F11_m11f4_P11_Y12_UO806,RD13_F18_m19f4_P19_Y12_UO132,MXY,1,0.0,1,1,0.0,0,0,0,-9999.0,0.501953125,1,P2_CV0,1,1,1,1,1
2,0.6027633760716439,0.5448831829968969,Age0_F2_m2f11_P2_Y15_UO440,RD2_F15_m15f5_P15_Y13_UO1223,RD11_F6_m6f4_P6_Y13_UO1196,FXX,0,0.0,0,0,0.0,0,0,0,0.0,0.509765625,1,P3_CV0,1,0,2,1,1
2,0.6027633760716439,0.5448831829968969,Age0_F2_m2f11_P2_Y15_UO441,RD2_F15_m15f5_P15_Y13_UO1223,RD11_F6_m6f4_P6_Y13_UO1196,MXY,0,0.0,0,0,0.0,0,0,0,0.0,0.509765625,1,P3_CV0,1,1,1,2,0
2,0.6027633760716439,0.5448831829968969,Age0_F2_m2f11_P2_Y15_UO442,RD2_F15_m15f5_P15_Y13_UO1223,RD11_F6_m6f4_P6_Y13_UO1196,MXY,0,0.0,0,0,0.0,0,0,0,0.0,0.509765625,1,P3_CV0,1,1,1,0,2
2,0.6027633760716439,0.5448831829968969,Age0_F2_m2f1_P2_Y15_UO447,RD2_F15_m15f5_P15_Y13_UO1223,RD1_F2_m12f5_P12_Y13_UO149,FXX,0,0.0,0,0,0.0,0,0,0,0.0,0.5390625,1,P3_CV0,1,0,2,2,0
2,0.6027633760716439,0.5448831829968969,Age0_F2_m2f8_P2_Y15_UO591,R2_F2_m2f14_P2_Y13_UO1233,R8_F8_m8f7_P8_Y13_UO0,MXY,0,0.0,0,0,0.0,0,0,0,0.0,0.46875,1,P3_CV0,1,2,0,2,0
2,0.6027633760716439,0.5448831829968969,Age0_F2_m2f13_P2_Y15_UO1058,RD2_F18_m1f19_P1_Y13_UO802,R13_F13_m15f5_P15_Y13_UO1218,FXX,0,0.0,0,0,0.0,0,0,0,0.0,0.515625,1,P3_CV0,1,1,1,0,2
2,0.6027633760716439,0.5448831829968969,R2_F2_m18f16_P18_Y13_UO1055,R18_F18_m10f19_P10_Y11_UO224,R16_F16_m16f9_P16_Y11_UO343,FXX,2,0.0,1,0,1.0,0,0,0,-9999.0,0.42578125,1,P3_CV0,1,2,0,0,2
2,0.6027633760716439,0.5448831829968969,R2_F2_m15f5_P15_Y13_UO1219,R15_F15_m15f13_P15_Y11_UO566,RD5_F7_m9f7_P9_Y10_UO1287,FXX,2,0.0,1,0,1.0,0,0,0,-9999.0,0.50390625,1,P3_CV0,1,1,1,0,2
2,0.6027633760716439,0.5448831829968969,Age0_F2_m2f1_P2_Y15_UO448,RD2_F15_m15f5_P15_Y13_UO1223,RD1_F2_m12f5_P12_Y13_UO149,FXX,0,0.0,0,0,0.0,0,0,0,0.0,0.5390625,1,P4_CV0,1,0,2,2,0
2,0.6027633760716439,0.5448831829968969,Age0_F2_m2f1_P2_Y15_UO449,RD2_F15_m15f5_P15_Y13_UO1223,RD1_F2_m12f5_P12_Y13_UO149,MXY,0,0.0,0,0,0.0,0,0,0,0.0,0.5390625,1,P4_CV0,1,1,1,2,0
2,0.6027633760716439,0.5448831829968969,Age0_F2_m2f1_P2_Y15_UO450,RD2_F15_m15f5_P15_Y13_UO1223,RD1_F2_m12f5_P12_Y13_UO149,FXX,0,0.0,0,0,0.0,0,0,0,0.0,0.5390625,1,P4_CV0,1,1,1,1,1
2,0.6027633760716439,0.5448831829968969,Age0_F2_m2f17_P2_Y15_UO687,R2_F2_m15f6_P15_Y13_UO940,R17_F17_m17f4_P17_Y13_UO305,MXY,0,0.0,0,0,0.0,0,0,0,0.0,0.501953125,1,P4_CV0,1,2,0,0,2
2,0.6027633760716439,0.5448831829968969,Age0_F2_m2f17_P2_Y15_UO689,R2_F2_m15f6_P15_Y13_UO940,R17_F17_m17f4_P17_Y13_UO305,FXX,0,0.0,0,0,0.0,0,0,0,0.0,0.501953125,1,P4_CV0,1,2,0,1,1
2,0.6027633760716439,0.5448831829968969,Age0_F2_m2f4_P2_Y15_UO1359,R2_F2_m2f5_P2_Y13_UO1178,RD4_F9_m14f13_P14_Y13_UO1342,FXX,0,0.0,0,0,0.0,0,0,0,0.0,0.51171875,1,P4_CV0,1,2,0,2,0
2,0.6027633760716439,0.5448831829968969,Age0_F2_m2f4_P2_Y15_UO1361,R2_F2_m2f5_P2_Y13_UO1178,RD4_F9_m14f13_P14_Y13_UO1342,FXX,0,0.0,0,0,0.0,0,0,0,0.0,0.51171875,1,P4_CV0,1,2,0,1,1
2,0.6027633760716439,0.5448831829968969,Age0_F2_m2f17_P2_Y15_UO930,R2_F2_m15f6_P15_Y13_UO940,RD17_F3_m3f7_P3_Y13_UO625,MXY,0,0.0,0,0,0.0,0,0,0,0.0,0.509765625,1,P5_CV0,1,2,0,0,2
2,0.6027633760716439,0.5448831829968969,Age0_F2_m2f17_P2_Y15_UO934,R2_F2_m15f6_P15_Y13_UO940,RD17_F3_m3f7_P3_Y13_UO625,MXY,0,0.0,0,0,0.0,0,0,0,0.0,0.509765625,1,P5_CV0,1,2,0,1,1
2,0.6027633760716439,0.5448831829968969,Age0_F2_m2f9_P2_Y15_UO884,R2_F2_m7f10_P7_Y13_UO1071,RD9_F20_m20f3_P20_Y13_UO605,MXY,0,0.0,0,0,0.0,0,0,0,0.0,0.478515625,1,P8_CV0,1,1,1,0,2
2,0.6027633760716439,0.5448831829968969,Age0_F2_m2f9_P2_Y15_UO885,R2_F2_m7f10_P7_Y13_UO1071,RD9_F20_m20f3_P20_Y13_UO605,MXY,0,0.0,0,0,0.0,0,0,0,0.0,0.478515625,1,P8_CV0,1,2,0,1,1
2,0.6027633760716439,0.5448831829968969,Age0_F2_m2f9_P2_Y15_UO886,R2_F2_m7f10_P7_Y13_UO1071,RD9_F20_m20f3_P20_Y13_UO605,MXY,0,0.0,0,0,0.0,0,0,0,0.0,0.478515625,1,P8_CV0,1,2,0,1,1
2,0.6027633760716439,0.5448831829968969,Age0_F2_m2f9_P2_Y15_UO887,R2_F2_m7f10_P7_Y13_UO1071,RD9_F20_m20f3_P20_Y13_UO605,FXX,0,0.0,0,0,0.0,0,0,0,0.0,0.478515625,1,P8_CV0,1,2,0,1,1
2,0.6027633760716439,0.5448831829968969,R2_F2_m16f20_P16_Y14_UO1005,R16_F16_m16f15_P16_Y12_UO1247,R20_F20_m20f5_P20_Y11_UO679,FXX,1,0.0,1,1,1.0,0,0,0,-9999.0,0.513671875,1,P8_CV0,1,1,1,1,1
2,0.6027633760716439,0.5448831829968969,R2_F2_m3f4_P3_Y13_UO167,R3_F3_m3f14_P3_Y11_UO1269,RD4_F14_m5f10_P5_Y11_UO1321,MXY,2,0.0,1,0,0.0,0,0,0,-9999.0,0.453125,1,P8_CV0,1,1,1,1,1
2,0.6027633760716439,0.5448831829968969,Age0_F2_m2f6_P2_Y15_UO374,RD2_F8_m8f6_P8_Y13_UO4,R6_F6_m6f1_P6_Y13_UO1279,MXY,0,0.0,0,0,0.0,0,0,0,0.0,0.54296875,1,P9_CV0,1,1,1,2,0
2,0.6027633760716439,0.5448831829968969,Age0_F2_m2f6_P2_Y15_UO378,RD2_F8_m8f6_P8_Y13_UO4,R6_F6_m6f1_P6_Y13_UO1279,MXY,0,0.0,0,0,0.0,0,0,0,0.0,0.54296875,1,P9_CV0,1,2,0,2,0
2,0.6027633760716439,0.5448831829968969,Age0_F2_m2f6_P2_Y15_UO379,RD2_F8_m8f6_P8_Y13_UO4,R6_F6_m6f1_P6_Y13_UO1279,MXY,0,0.0,0,0,0.0,0,0,0,0.0,0.54296875,1,P9_CV0,1,1,1,1,1
2,0.6027633760716439,0.5448831829968969,Age0_F2_m2f8_P2_Y15_UO589,R2_F2_m2f14_P2_Y13_UO1233,R8_F8_m8f7_P8_Y13_UO0,FXX,0,0.0,0,0,0.0,0,0,0,0.0,0.46875,1,P9_CV0,1,2,0,2,0
2,0.6027633760716439,0.5448831829968969,Age0_F2_m2f8_P2_Y15_UO590,R2_F2_m2f14_P2_Y13_UO1233,R8_F8_m8f7_P8_Y13_UO0,MXY,0,0.0,0,0,0.0,0,0,0,0.0,0.46875,1,P9_CV0,1,2,0,2,0
2,0.6027633760716439,0.5448831829968969,R2_F2_m2f18_P2_Y14_UO1319,R2_F2_m2f16_P2_Y12_UO453,R18_F18_m18f14_P18_Y12_UO753,MXY,1,0.0,1,1,0.0,0,0,0,-9999.0,0.517578125,1,P9_CV0,1,0,2,1,1
2,0.6027633760716439,0.5448831829968969,R2_F2_m3f16_P3_Y14_UO1139,RD3_F1_m11f4_P11_Y12_UO688,R16_F16_m14f11_P14_Y12_UO1181,FXX,1,0.0,1,1,1.0,0,0,0,-9999.0,0.49609375,1,P9_CV0,1,0,2,1,1
3,0.4236547993389047,0.6458941130666561,Age0_F3_m3f9_P3_Y15_UO1329,RD3_F20_m4f15_P4_Y13_UO252,RD9_F18_m14f2_P14_Y13_UO552,MXY,0,0.0,0,0,0.0,0,0,0,0.0,0.505859375,1,P0_CV0,1,1,1,1,1
3,0.4236547993389047,0.6458941130666561,R3_F3_m1f12_P1_Y14_UO920,RD1_F17_m17f7_P17_Y12_UO15,R12_F12_m12f3_P12_Y12_UO1096,MXY,1,0.0,1,1,0.0,0,0,0,-9999.0,0.537109375,1,P0_CV0,1,2,0,2,0
3,0.4236547993389047,0.6458941130666561,R3_F3_m3f5_P3_Y13_UO982,R3_F3_m3f14_P3_Y11_UO1269,R5_F5_m1f5_P1_Y10_UO1312,FXX,2,0.0,1,0,1.0,0,0,0,-9999.0,0.50390625,1,P0_CV0,1,0,2,1,1
3,0.4236547993389047,0.6458941130666561,Age0_F3_m3f7_P3_Y15_UO279,R3_F3_m3f17_P3_Y13_UO1031,RD7_F19_m19f7_P19_Y11_UO936,MXY,0,0.0,0,0,0.0,0,0,0,0.0,0.521484375,1,P10_CV0,1,1,1,0,2
3,0.4236547993389047,0.6458941130666561,Age0_F3_m3f7_P3_Y15_UO280,R3_F3_m3f17_P3_Y13_UO1031,RD7_F19_m19f7_P19_Y11_UO936,MXY,0,0.0,0,0,0.0,0,0,0,0.0,0.521484375,1,P10_CV0,1,1,1,0,2
3,0.4236547993389047,0.6458941130666561,Age0_F3_m3f7_P3_Y15_UO281,R3_F3_m3f17_P3_Y13_UO1031,RD7_F19_m19f7_P19_Y11_UO936,MXY,0,0.0,0,0,0.0,0,0,0,0.0,0.521484375,1,P10_CV0,1,1,1,1,1
3,0.4236547993389047,0.6458941130666561,R3_F3_m3f19_P3_Y14_UO764,RD3_F1_m11f4_P11_Y12_UO688,RD19_F8_m8f6_P8_Y12_UO375,FXX,1,0.0,1,1,1.0,0,0,0,-9999.0,0.505859375,1,P10_CV0,1,1,1,1,1
3,0.4236547993389047,0.6458941130666561,Age0_F3_m3f16_P3_Y15_UO1006,RD3_F13_m4f9_P4_Y13_UO164,RD16_F1_m19f18_P19_Y12_UO118,FXX,0,0.0,0,0,0.0,0,0,0,0.0,0.541015625,1,P11_CV0,1,1,1,1,1
3,0.4236547993389047,0.6458941130666561,Age0_F3_m3f1_P3_Y15_UO1105,RD3_F13_m4f9_P4_Y13_UO164,RD1_F2_m2f20_P2_Y13_UO863,FXX,0,0.0,0,0,0.0,0,0,0,0.0,0.50390625,1,P11_CV0,1,2,0,2,0
3,0.4236547993389047,0.6458941130666561,Age0_F3_m3f1_P3_Y15_UO1106,RD3_F13_m4f9_P4_Y13_UO164,RD1_F2_m2f20_P2_Y13_UO863,MXY,0,0.0,0,0,0.0,0,0,0,0.0,0.50390625,1,P11_CV0,1,1,1,2,0
3,0.4236547993389047,0.6458941130666561,Age0_F3_m3f1_P3_Y15_UO1107,RD3_F13_m4f9_P4_Y13_UO164,RD1_F2_m2f20_P2_Y13_UO863,MXY,0,0.0,0,0,0.0,0,0,0,0.0,0.50390625,1,P11_CV0,1,0,2,1,1
3,0.4236547993389047,0.6458941130666561,R3_F3_m11f13_P11_Y14_UO1169,RD11_F9_m9f16_P9_Y12_UO522,RD13_F3_m3f20_P3_Y12_UO339,FXX,1,0.0,1,1,1.0,0,0,0,-9999.0,0.576171875,1,P11_CV0,1,0,2,0,2
3,0.4236547993389047,0.6458941130666561,R3_F3_m2f17_P2_Y14_UO1281,R2_F2_m2f6_P2_Y12_UO895,RD17_F9_m1f15_P1_Y12_UO322,MXY,1,0.0,1,1,0.0,0,0,0,-9999.0,0.505859375,1,P11_CV0,1,1,1,1,1
3,0.4236547993389047,0.6458941130666561,Age0_F3_m3f2_P3_Y15_UO223,R3_F3_m3f8_P3_Y13_UO575,RD2_F1_m6f16_P6_Y13_UO238,FXX,0,0.0,0,0,0.0,0,0,0,0.0,0.546875,1,P12_CV0,1,0,2,0,2
3,0.4236547993389047,0.6458941130666561,Age0_F3_m3f2_P3_Y15_UO227,R3_F3_m3f8_P3_Y13_UO575,RD2_F1_m6f16_P6_Y13_UO238,FXX,0,0.0,0,0,0.0,0,0,0,0.0,0.546875,1,P12_CV0,1,1,1,1,1
3,0.4236547993389047,0.6458941130666561,Age0_F3_m3f2_P3_Y15_UO230,R3_F3_m3f8_P3_Y13_UO575,RD2_F1_m6f16_P6_Y13_UO238,FXX,0,0.0,0,0,0.0,0,0,0,0.0,0.546875,1,P12_CV0,1,1,1,0,2
3,0.4236547993389047,0.6458941130666561,Age0_F3_m3f15_P3_Y15_UO1117,RD3_F5_m5f15_P5_Y13_UO769,R15_F15_m11f14_P11_Y13_UO62,MXY,0,0.0,0,0,0.0,0,0,0,0.0,0.494140625,1,P12_CV0,1,2,0,1,1
3,0.4236547993389047,0.6458941130666561,Age0_F3_m3f15_P3_Y15_UO1119,RD3_F5_m5f15_P5_Y13_UO769,R15_F15_m11f14_P11_Y13_UO62,FXX,0,0.0,0,0,0.0,0,0,0,0.0,0.494140625,1,P12_CV0,1,2,0,1,1
3,0.4236547993389047,0.6458941130666561,Age0_F3_m3f7_P3_Y15_UO276,R3_F3_m3f17_P3_Y13_UO1031,RD7_F19_m19f7_P19_Y11_UO936,FXX,0,0.0,0,0,0.0,0,0,0,0.0,0.521484375,1,P13_CV0,1,1,1,1,1
3,0.4236547993389047,0.6458941130666561,Age0_F3_m3f7_P3_Y15_UO277,R3_F3_m3f17_P3_Y13_UO1031,RD7_F19_m19f7_P19_Y11_UO936,FXX,0,0.0,0,0,0.0,0,0,0,0.0,0.521484375,1,P13_CV0,1,1,1,0,2
3,0.4236547993389047,0.6458941130666561,Age0_F3_m3f7_P3_Y15_UO278,R3_F3_m3f17_P3_Y13_UO1031,RD7_F19_m19f7_P19_Y11_UO936,MXY,0,0.0,0,0,0.0,0,0,0,0.0,0.521484375,1,P13_CV0,1,1,1,1,1
3,0.4236547993389047,0.6458941130666561,Age0_F3_m3f7_P3_Y15_UO282,R3_F3_m3f17_P3_Y13_UO1031,RD7_F19_m19f7_P19_Y11_UO936,MXY,0,0.0,0,0,0.0,0,0,0,0.0,0.521484375,1,P13_CV0,1,1,1,0,2
3,0.4236547993389047,0.6458941130666561,Age0_F3_m3f14_P3_Y15_UO836,R3_F3_m3f8_P3_Y13_UO575,RD14_F5_m5f11_P5_Y13_UO320,MXY,0,0.0,0,0,0.0,0,0,0,0.0,0.51953125,1,P13_CV0,1,1,1,1,1
3,0.4236547993389047,0.6458941130666561,Age0_F3_m3f14_P3_Y15_UO837,R3_F3_m3f8_P3_Y13_UO575,RD14_F5_m5f11_P5_Y13_UO320,MXY,0,0.0,0,0,0.0,0,0,0,0.0,0.51953125,1,P13_CV0,1,1,1,0,2
3,0.4236547993389047,0.6458941130666561,Age0_F3_m3f9_P3_Y15_UO1331,RD3_F8_m4f7_P4_Y13_UO639,R9_F9_m20f3_P20_Y13_UO415,MXY,0,0.0,0,0,0.0,0,0,0,0.0,0.490234375,1,P13_CV0,1,1,1,2,0
3,0.4236547993389047,0.6458941130666561,R3_F3_m20f2_P20_Y14_UO453,RD20_F16_m13f10_P13_Y12_UO162,RD2_F5_m5f11_P5_Y12_UO683,FXX,1,0.0,1,1,1.0,0,0,0,-9999.0,0.525390625,1,P13_CV0,1,1,1,0,2
3,0.4236547993389047,0.6458941130666561,R3_F3_m18f16_P18_Y13_UO997,R18_F18_m10f1_P10_Y11_UO907,R16_F16_m16f13_P16_Y11_UO230,MXY,2,0.0,1,0,0.0,0,0,0,-9999.0,0.51171875,1,P13_CV0,1,0,2,0,2
3,0.4236547993389047,0.6458941130666561,Age0_F3_m3f19_P3_Y15_UO1108,RD3_F10_m17f4_P17_Y13_UO303,RD19_F9_m9f13_P9_Y13_UO1118,FXX,0,0.0,0,0,0.0,0,0,0,0.0,0.50390625,1,P14_CV0,1,2,0,1,1
3,0.4236547993389047,0.6458941130666561,Age0_F3_m3f19_P3_Y15_UO1109,RD3_F10_m17f4_P17_Y13_UO303,RD19_F9_m9f13_P9_Y13_UO1118,MXY,0,0.0,0,0,0.0,0,0,0,0.0,0.50390625,1,P14_CV0,1,2,0,2,0
3,0.4236547993389047,0.6458941130666561,Age0_F3_m3f19_P3_Y15_UO1110,RD3_F10_m17f4_P17_Y13_UO303,RD19_F9_m9f13_P9_Y13_UO1118,FXX,0,0.0,0,0,0.0,0,0,0,0.0,0.50390625,1,P14_CV0,1,2,0,1,1
3,0.4236547993389047,0.6458941130666561,Age0_F3_m3f19_P3_Y15_UO1111,RD3_F10_m17f4_P17_Y13_UO303,RD19_F9_m9f13_P9_Y13_UO1118,FXX,0,0.0,0,0,0.0,0,0,0,0.0,0.50390625,1,P14_CV0,1,2,0,0,2
3,0.4236547993389047,0.6458941130666561,R3_F3_m19f8_P19_Y13_UO665,R19_F19_m16f8_P16_Y11_UO648,RD8_F13_m18f1_P18_Y11_UO353,MXY,2,0.0,1,0,0.0,0,0,0,-9999.0,0.48828125,1,P14_CV0,1,1,1,2,0
3,0.4236547993389047,0.6458941130666561,Age0_F3_m3f2_P3_Y15_UO224,R3_F3_m3f8_P3_Y13_UO575,RD2_F1_m6f16_P6_Y13_UO238,MXY,0,0.0,0,0,0.0,0,0,0,0.0,0.546875,1,P15_CV0,1,1,1,1,1
3,0.4236547993389047,0.6458941130666561,Age0_F3_m3f2_P3_Y15_UO225,R3_F3_m3f8_P3_Y13_UO575,RD2_F1_m6f16_P6_Y13_UO238,FXX,0,0.0,0,0,0.0,0,0,0,0.0,0.546875,1,P15_CV0,1,0,2,1,1
3,0.4236547993389047,0.6458941130666561,Age0_F3_m3f2_P3_Y15_UO226,R3_F3_m3f8_P3_Y13_UO575,RD2_F1_m6f16_P6_Y13_UO238,MXY,0,0.0,0,0,0.0,0,0,0,0.0,0.546875,1,P15_CV0,1,1,1,1,1
3,0.4236547993389047,0.6458941130666561,Age0_F3_m3f2_P3_Y15_UO228,R3_F3_m3f8_P3_Y13_UO575,RD2_F1_m6f16_P6_Y13_UO238,FXX,0,0.0,0,0,0.0,0,0,0,0.0,0.546875,1,P15_CV0,1,1,1,0,2
3,0.4236547993389047,0.6458941130666561,Age0_F3_m3f2_P3_Y15_UO229,R3_F3_m3f8_P3_Y13_UO575,RD2_F1_m6f16_P6_Y13_UO238,FXX,0,0.0,0,0,0.0,0,0,0,0.0,0.546875,1,P15_CV0,1,0,2,0,2
3,0.4236547993389047,0.6458941130666561,Age0_F3_m3f14_P3_Y15_UO833,R3_F3_m3f8_P3_Y13_UO575,RD14_F5_m5f11_P5_Y13_UO320,MXY,0,0.0,0,0,0.0,0,0,0,0.0,0.51953125,1,P15_CV0,1,1,1,1,1
3,0.4236547993389047,0.6458941130666561,Age0_F3_m3f14_P3_Y15_UO834,R3_F3_m3f8_P3_Y13_UO575,RD14_F5_m5f11_P5_Y13_UO320,FXX,0,0.0,0,0,0.0,0,0,0,0.0,0.51953125,1,P15_CV0,1,1,1,1,1
3,0.4236547993389047,0.6458941130666561,Age0_F3_m3f14_P3_Y15_UO835,R3_F3_m3f8_P3_Y13_UO575,RD14_F5_m5f11_P5_Y13_UO320,MXY,0,0.0,0,0,0.0,0,0,0,0.0,0.51953125,1,P15_CV0,1,0,2,1,1
3,0.4236547993389047,0.6458941130666561,Age0_F3_m3f14_P3_Y15_UO838,R3_F3_m3f8_P3_Y13_UO575,RD14_F5_m5f11_P5_Y13_UO320,FXX,0,0.0,0,0,0.0,0,0,0,0.0,0.51953125,1,P15_CV0,1,0,2,1,1
3,0.4236547993389047,0.6458941130666561,R3_F3_m5f20_P5_Y14_UO932,R5_F5_m5f3_P5_Y12_UO814,RD20_F12_m12f7_P12_Y12_UO923,MXY,1,0.0,1,1,0.0,0,0,0,-9999.0,0.546875,1,P15_CV0,1,2,0,0,2
3,0.4236547993389047,0.6458941130666561,R3_F3_m5f15_P5_Y13_UO479,RD5_F17_m17f6_P17_Y11_UO634,RD15_F18_m18f16_P18_Y11_UO9,MXY,2,0.0,1,0,0.0,0,0,0,-9999.0,0.47265625,1,P15_CV0,1,2,0,1,1
3,0.4236547993389047,0.6458941130666561,Age0_F3_m3f5_P3_Y15_UO334,RD3_F2_m2f9_P2_Y13_UO1148,RD5_F4_m2f6_P2_Y13_UO987,MXY,0,0.0,0,0,0.0,0,0,0,0.0,0.470703125,1,P16_CV0,1,1,1,1,1
3,0.4236547993389047,0.6458941130666561,Age0_F3_m3f5_P3_Y15_UO335,RD3_F2_m2f9_P2_Y13_UO1148,RD5_F4_m2f6_P2_Y13_UO987,MXY,0,0.0,0,0,0.0,0,0,0,0.0,0.470703125,1,P16_CV0,1,1,1,2,0
3,0.4236547993389047,0.6458941130666561,Age0_F3_m3f5_P3_Y15_UO336,RD3_F2_m2f9_P2_Y13_UO1148,RD5_F4_m2f6_P2_Y13_UO987,MXY,0,0.0,0,0,0.0,0,0,0,0.0,0.470703125,1,P16_CV0,1,0,2,2,0
3,0.4236547993389047,0.6458941130666561,Age0_F3_m3f5_P3_Y15_UO337,RD3_F2_m2f9_P2_Y13_UO1148,RD5_F4_m2f6_P2_Y13_UO987,FXX,0,0.0,0,0,0.0,0,0,0,0.0,0.470703125,1,P16_CV0,1,0,2,1,1
3,0.4236547993389047,0.6458941130666561,Age0_F3_m3f5_P3_Y15_UO338,RD3_F2_m2f9_P2_Y13_UO1148,RD5_F4_m2f6_P2_Y13_UO987,MXY,0,0.0,0,0,0.0,0,0,0,0.0,0.470703125,1,P16_CV0,1,1,1,1,1
3,0.4236547993389047,0.6458941130666561,Age0_F3_m3f5_P3_Y15_UO339,RD3_F2_m2f9_P2_Y13_UO1148,RD5_F4_m2f6_P2_Y13_UO987,FXX,0,0.0,0,0,0.0,0,0,0,0.0,0.470703125,1,P16_CV0,1,1,1,2,0
3,0.4236547993389047,0.6458941130666561,Age0_F3_m3f5_P3_Y15_UO340,RD3_F2_m2f9_P2_Y13_UO1148,RD5_F4_m2f6_P2_Y13_UO987,FXX,0,0.0,0,0,0.0,0,0,0,0.0,0.470703125,1,P16_CV0,1,0,2,2,0
3,0.4236547993389047,0.6458941130666561,Age0_F3_m3f16_P3_Y15_UO875,RD3_F2_m2f9_P2_Y13_UO1148,R16_F16_m12f8_P12_Y12_UO1141,FXX,0,0.0,0,0,0.0,0,0,0,0.0,0.501953125,1,P16_CV0,1,1,1,2,0
3,0.4236547993389047,0.6458941130666561,Age0_F3_m3f16_P3_Y15_UO879,RD3_F2_m2f9_P2_Y13_UO1148,R16_F16_m12f8_P12_Y12_UO1141,FXX,0,0.0,0,0,0.0,0,0,0,0.0,0.501953125,1,P16_CV0,1,1,1,2,0
3,0.4236547993389047,0.6458941130666561,R3_F3_m2f9_P2_Y13_UO1148,R2_F2_m15f17_P15_Y11_UO90,R9_F9_m9f7_P9_Y11_UO334,FXX,2,0.0,1,0,1.0,0,0,0,-9999.0,0.46484375,1,P16_CV0,1,0,2,2,0
3,0.4236547993389047,0.6458941130666561,Age0_F3_m3f12_P3_Y15_UO211,RD3_F20_m4f15_P4_Y13_UO252,RD12_F11_m6f7_P6_Y13_UO363,MXY,0,0.0,0,0,0.0,0,0,0,0.0,0.49609375,1,P17_CV0,1,0,2,0,2
3,0.4236547993389047,0.6458941130666561,Age0_F3_m3f17_P3_Y15_UO644,RD3_F20_m4f15_P4_Y13_UO252,R17_F17_m17f20_P17_Y13_UO498,MXY,0,0.0,0,0,0.0,0,0,0,0.0,0.529296875,1,P17_CV0,1,1,1,0,2
3,0.4236547993389047,0.6458941130666561,Age0_F3_m3f16_P3_Y15_UO876,RD3_F2_m2f9_P2_Y13_UO1148,R16_F16_m12f8_P12_Y12_UO1141,MXY,0,0.0,0,0,0.0,0,0,0,0.0,0.501953125,1,P17_CV0,1,1,1,2,0
3,0.4236547993389047,0.6458941130666561,Age0_F3_m3f16_P3_Y15_UO877,RD3_F2_m2f9_P2_Y13_UO1148,R16_F16_m12f8_P12_Y12_UO1141,FXX,0,0.0,0,0,0.0,0,0,0,0.0,0.501953125,1,P17_CV0,1,1,1,2,0
3,0.4236547993389047,0.6458941130666561,Age0_F3_m3f16_P3_Y15_UO878,RD3_F2_m2f9_P2_Y13_UO1148,R16_F16_m12f8_P12_Y12_UO1141,MXY,0,0.0,0,0,0.0,0,0,0,0.0,0.501953125,1,P17_CV0,1,1,1,2,0
3,0.4236547993389047,0.6458941130666561,Age0_F3_m3f9_P3_Y15_UO1327,RD3_F20_m4f15_P4_Y13_UO252,RD9_F18_m14f2_P14_Y13_UO552,MXY,0,0.0,0,0,0.0,0,0,0,0.0,0.505859375,1,P17_CV0,1,1,1,2,0
3,0.4236547993389047,0.6458941130666561,Age0_F3_m3f9_P3_Y15_UO1328,RD3_F20_m4f15_P4_Y13_UO252,RD9_F18_m14f2_P14_Y13_UO552,MXY,0,0.0,0,0,0.0,0,0,0,0.0,0.505859375,1,P17_CV0,1,0,2,2,0
3,0.4236547993389047,0.6458941130666561,R3_F3_m4f15_P4_Y13_UO252,R4_F4_m4f10_P4_Y11_UO917,RD15_F16_m13f14_P13_Y11_UO10,FXX,2,0.0,1,0,1.0,0,0,0,-9999.0,0.51171875,1,P17_CV0,1,0,2,1,1
3,0.4236547993389047,0.6458941130666561,Age0_F3_m3f15_P3_Y15_UO1118,RD3_F5_m5f15_P5_Y13_UO769,R15_F15_m11f14_P11_Y13_UO62,MXY,0,0.0,0,0,0.0,0,0,0,0.0,0.494140625,1,P18_CV0,1,2,0,0,2
3,0.4236547993389047,0.6458941130666561,R3_F3_m17f2_P17_Y14_UO899,R17_F17_m13f8_P13_Y12_UO329,R2_F2_m1f3_P1_Y12_UO1224,FXX,1,0.0,1,1,1.0,0,0,0,-9999.0,0.544921875,1,P18_CV0,1,2,0,1,1
3,0.4236547993389047,0.6458941130666561,R3_F3_m17f15_P17_Y14_UO180,RD17_F7_m7f6_P7_Y12_UO31,R15_F15_m9f12_P9_Y12_UO1093,FXX,1,0.0,1,1,1.0,0,0,0,-9999.0,0.521484375,1,P19_CV0,1,2,0,2,0
3,0.4236547993389047,0.6458941130666561,R3_F3_m17f4_P17_Y13_UO303,RD17_F18_m18f8_P18_Y11_UO1160,RD4_F7_m2f13_P2_Y11_UO1064,FXX,2,0.0,1,0,1.0,0,0,0,-9999.0,0.5,1,P2_CV0,1,2,0,1,1
3,0.4236547993389047,0.6458941130666561,R3_F3_m15f17_P15_Y12_UO621,RD15_F13_m13f8_P13_Y10_UO14,RD17_F14_m18f11_P18_Y10_UO413,FXX,3,0.0,1,0,1.0,0,0,0,-9999.0,0.5546875,1,P2_CV0,1,2,0,0,2
3,0.4236547993389047,0.6458941130666561,Age0_F3_m3f2_P3_Y15_UO474,R3_F3_m4f5_P4_Y13_UO1350,R2_F2_m2f16_P2_Y13_UO400,MXY,0,0.0,0,0,0.0,0,0,0,0.0,0.505859375,1,P3_CV0,1,1,1,1,1
3,0.4236547993389047,0.6458941130666561,Age0_F3_m3f2_P3_Y15_UO475,R3_F3_m4f5_P4_Y13_UO1350,R2_F2_m2f16_P2_Y13_UO400,MXY,0,0.0,0,0,0.0,0,0,0,0.0,0.505859375,1,P3_CV0,1,0,2,2,0
3,0.4236547993389047,0.6458941130666561,Age0_F3_m3f2_P3_Y15_UO476,R3_F3_m4f5_P4_Y13_UO1350,R2_F2_m2f16_P2_Y13_UO400,FXX,0,0.0,0,0,0.0,0,0,0,0.0,0.505859375,1,P3_CV0,1,1,1,2,0
3,0.4236547993389047,0.6458941130666561,Age0_F3_m3f2_P3_Y15_UO477,R3_F3_m4f5_P4_Y13_UO1350,R2_F2_m2f16_P2_Y13_UO400,MXY,0,0.0,0,0,0.0,0,0,0,0.0,0.505859375,1,P3_CV0,1,0,2,1,1
3,0.4236547993389047,0.6458941130666561,Age0_F3_m3f2_P3_Y15_UO478,R3_F3_m4f5_P4_Y13_UO1350,R2_F2_m2f16_P2_Y13_UO400,FXX,0,0.0,0,0,0.0,0,0,0,0.0,0.505859375,1,P3_CV0,1,1,1,1,1
3,0.4236547993389047,0.6458941130666561,Age0_F3_m3f2_P3_Y15_UO479,R3_F3_m4f5_P4_Y13_UO1350,R2_F2_m2f16_P2_Y13_UO400,FXX,0,0.0,0,0,0.0,0,0,0,0.0,0.505859375,1,P3_CV0,1,1,1,1,1
3,0.4236547993389047,0.6458941130666561,Age0_F3_m3f14_P3_Y15_UO776,R3_F3_m3f19_P3_Y13_UO1258,RD14_F3_m15f5_P15_Y13_UO1222,MXY,0,0.0,0,0,0.0,0,0,0,0.0,0.5234375,1,P3_CV0,1,0,2,0,2
3,0.4236547993389047,0.6458941130666561,Age0_F3_m3f14_P3_Y15_UO777,R3_F3_m3f19_P3_Y13_UO1258,RD14_F3_m15f5_P15_Y13_UO1222,MXY,0,0.0,0,0,0.0,0,0,0,0.0,0.5234375,1,P3_CV0,1,1,1,1,1
3,0.4236547993389047,0.6458941130666561,Age0_F3_m3f14_P3_Y15_UO781,R3_F3_m3f19_P3_Y13_UO1258,RD14_F3_m15f5_P15_Y13_UO1222,MXY,0,0.0,0,0,0.0,0,0,0,0.0,0.5234375,1,P3_CV0,1,1,1,1,1
3,0.4236547993389047,0.6458941130666561,R3_F3_m10f7_P10_Y14_UO1012,RD10_F19_m3f13_P3_Y12_UO939,R7_F7_m7f15_P7_Y12_UO1216,MXY,1,0.0,1,1,0.0,0,0,0,-9999.0,0.515625,1,P3_CV0,1,1,1,1,1
3,0.4236547993389047,0.6458941130666561,R3_F3_m10f7_P10_Y14_UO1009,RD10_F19_m3f13_P3_Y12_UO939,R7_F7_m7f15_P7_Y12_UO1216,FXX,1,0.0,1,1,1.0,0,0,0,-9999.0,0.515625,1,P3_CV0,1,0,2,1,1
3,0.4236547993389047,0.6458941130666561,R3_F3_m4f5_P4_Y13_UO1350,RD4_F15_m15f1_P15_Y11_UO1025,RD5_F7_m9f7_P9_Y10_UO1287,FXX,2,0.0,1,0,1.0,0,0,0,-9999.0,0.52734375,1,P3_CV0,1,1,1,2,0
3,0.4236547993389047,0.6458941130666561,R3_F3_m3f16_P3_Y14_UO509,RD3_F1_m11f4_P11_Y12_UO688,R16_F16_m3f13_P3_Y12_UO475,FXX,1,0.0,1,1,1.0,0,0,0,-9999.0,0.55078125,1,P6_CV0,1,0,2,2,0
3,0.4236547993389047,0.6458941130666561,Age0_F3_m3f17_P3_Y15_UO642,RD3_F20_m4f15_P4_Y13_UO252,R17_F17_m17f20_P17_Y13_UO498,MXY,0,0.0,0,0,0.0,0,0,0,0.0,0.529296875,1,P7_CV0,1,0,2,1,1
3,0.4236547993389047,0.6458941130666561,Age0_F3_m3f17_P3_Y15_UO643,RD3_F20_m4f15_P4_Y13_UO252,R17_F17_m17f20_P17_Y13_UO498,FXX,0,0.0,0,0,0.0,0,0,0,0.0,0.529296875,1,P7_CV0,1,0,2,0,2
3,0.4236547993389047,0.6458941130666561,Age0_F3_m3f9_P3_Y15_UO1330,RD3_F8_m4f7_P4_Y13_UO639,R9_F9_m20f3_P20_Y13_UO415,MXY,0,0.0,0,0,0.0,0,0,0,0.0,0.490234375,1,P7_CV0,1,0,2,2,0
3,0.4236547993389047,0.6458941130666561,Age0_F3_m3f9_P3_Y15_UO1332,RD3_F8_m4f7_P4_Y13_UO639,R9_F9_m20f3_P20_Y13_UO415,MXY,0,0.0,0,0,0.0,0,0,0,0.0,0.490234375,1,P7_CV0,1,0,2,1,1
3,0.4236547993389047,0.6458941130666561,R3_F3_m14f16_P14_Y14_UO1270,R14_F14_m9f3_P9_Y12_UO722,RD16_F18_m13f14_P13_Y12_UO1196,FXX,1,0.0,1,1,1.0,0,0,0,-9999.0,0.486328125,1,P7_CV0,1,1,1,0,2
3,0.4236547993389047,0.6458941130666561,R3_F3_m17f12_P17_Y14_UO868,R17_F17_m18f10_P18_Y12_UO292,RD12_F18_m1f3_P1_Y12_UO1046,FXX,1,0.0,1,1,1.0,0,0,0,-9999.0,0.5390625,1,P7_CV0,1,0,2,0,2
3,0.4236547993389047,0.6458941130666561,Age0_F3_m3f12_P3_Y15_UO209,RD3_F20_m4f15_P4_Y13_UO252,RD12_F11_m6f7_P6_Y13_UO363,MXY,0,0.0,0,0,0.0,0,0,0,0.0,0.49609375,1,P8_CV0,1,0,2,0,2
3,0.4236547993389047,0.6458941130666561,Age0_F3_m3f12_P3_Y15_UO210,RD3_F20_m4f15_P4_Y13_UO252,RD12_F11_m6f7_P6_Y13_UO363,FXX,0,0.0,0,0,0.0,0,0,0,0.0,0.49609375,1,P8_CV0,1,0,2,1,1
3,0.4236547993389047,0.6458941130666561,Age0_F3_m3f6_P3_Y15_UO1370,R3_F3_m3f19_P3_Y13_UO1258,R6_F6_m6f1_P6_Y13_UO1277,FXX,0,0.0,0,0,0.0,0,0,0,0.0,0.53125,1,P8_CV0,1,1,1,1,1
3,0.4236547993389047,0.6458941130666561,Age0_F3_m3f6_P3_Y15_UO1371,R3_F3_m3f19_P3_Y13_UO1258,R6_F6_m6f1_P6_Y13_UO1277,MXY,0,0.0,0,0,0.0,0,0,0,0.0,0.53125,1,P8_CV0,1,0,2,1,1
3,0.4236547993389047,0.6458941130666561,R3_F3_m16f20_P16_Y14_UO991,R16_F16_m16f15_P16_Y12_UO1247,R20_F20_m20f5_P20_Y11_UO679,FXX,1,0.0,1,1,1.0,0,0,0,-9999.0,0.513671875,1,P8_CV0,1,1,1,0,2
3,0.4236547993389047,0.6458941130666561,R3_F3_m2f18_P2_Y13_UO133,R2_F2_m15f17_P15_Y11_UO90,R18_F18_m18f1_P18_Y11_UO354,MXY,2,0.0,1,0,0.0,0,0,0,-9999.0,0.4765625,1,P8_CV0,1,2,0,2,0
3,0.4236547993389047,0.6458941130666561,Age0_F3_m3f14_P3_Y15_UO778,R3_F3_m3f19_P3_Y13_UO1258,RD14_F3_m15f5_P15_Y13_UO1222,FXX,0,0.0,0,0,0.0,0,0,0,0.0,0.5234375,1,P9_CV0,1,1,1,1,1
3,0.4236547993389047,0.6458941130666561,Age0_F3_m3f14_P3_Y15_UO779,R3_F3_m3f19_P3_Y13_UO1258,RD14_F3_m15f5_P15_Y13_UO1222,FXX,0,0.0,0,0,0.0,0,0,0,0.0,0.5234375,1,P9_CV0,1,0,2,0,2
3,0.4236547993389047,0.6458941130666561,Age0_F3_m3f14_P3_Y15_UO780,R3_F3_m3f19_P3_Y13_UO1258,RD14_F3_m15f5_P15_Y13_UO1222,MXY,0,0.0,0,0,0.0,0,0,0,0.0,0.5234375,1,P9_CV0,1,1,1,0,2
3,0.4236547993389047,0.6458941130666561,Age0_F3_m3f14_P3_Y15_UO782,R3_F3_m3f19_P3_Y13_UO1258,RD14_F3_m15f5_P15_Y13_UO1222,FXX,0,0.0,0,0,0.0,0,0,0,0.0,0.5234375,1,P9_CV0,1,1,1,1,1
3,0.4236547993389047,0.6458941130666561,Age0_F3_m3f16_P3_Y15_UO1007,RD3_F13_m4f9_P4_Y13_UO164,RD16_F1_m19f18_P19_Y12_UO118,MXY,0,0.0,0,0,0.0,0,0,0,0.0,0.541015625,1,P9_CV0,1,0,2,1,1
3,0.4236547993389047,0.6458941130666561,Age0_F3_m3f16_P3_Y15_UO1008,RD3_F13_m4f9_P4_Y13_UO164,RD16_F1_m19f18_P19_Y12_UO118,MXY,0,0.0,0,0,0.0,0,0,0,0.0,0.541015625,1,P9_CV0,1,1,1,1,1
3,0.4236547993389047,0.6458941130666561,Age0_F3_m3f6_P3_Y15_UO1369,R3_F3_m3f19_P3_Y13_UO1258,R6_F6_m6f1_P6_Y13_UO1277,FXX,0,0.0,0,0,0.0,0,0,0,0.0,0.53125,1,P9_CV0,1,1,1,2,0
3,0.4236547993389047,0.6458941130666561,R3_F3_m3f16_P3_Y14_UO510,RD3_F1_m11f4_P11_Y12_UO688,R16_F16_m3f13_P3_Y12_UO475,MXY,1,0.0,1,1,0.0,0,0,0,-9999.0,0.55078125,1,P9_CV0,1,0,2,2,0
3,0.4236547993389047,0.6458941130666561,R3_F3_m3f19_P3_Y14_UO765,RD3_F1_m11f4_P11_Y12_UO688,RD19_F8_m8f6_P8_Y12_UO375,MXY,1,0.0,1,1,0.0,0,0,0,-9999.0,0.505859375,1,P9_CV0,1,2,0,1,1
4,0.4375872112626925,0.8917730007820798,Age0_F4_m4f16_P4_Y15_UO96,R4_F4_m15f1_P15_Y13_UO751,R16_F16_m13f14_P13_Y12_UO1196,FXX,0,0.0,0,0,0.0,0,0,0,0.0,0.46875,1,P0_CV0,1,1,1,0,2
4,0.4375872112626925,0.8917730007820798,Age0_F4_m4f16_P4_Y15_UO97,R4_F4_m15f1_P15_Y13_UO751,R16_F16_m13f14_P13_Y12_UO1196,MXY,0,0.0,0,0,0.0,0,0,0,0.0,0.46875,1,P0_CV0,1,1,1,0,2
4,0.4375872112626925,0.8917730007820798,Age0_F4_m4f16_P4_Y15_UO98,R4_F4_m15f1_P15_Y13_UO751,R16_F16_m13f14_P13_Y12_UO1196,MXY,0,0.0,0,0,0.0,0,0,0,0.0,0.46875,1,P0_CV0,1,1,1,0,2
4,0.4375872112626925,0.8917730007820798,Age0_F4_m4f16_P4_Y15_UO99,R4_F4_m15f1_P15_Y13_UO751,R16_F16_m13f14_P13_Y12_UO1196,FXX,0,0.0,0,0,0.0,0,0,0,0.0,0.46875,1,P0_CV0,1,1,1,0,2
4,0.4375872112626925,0.8917730007820798,Age0_F4_m4f10_P4_Y15_UO880,R4_F4_m4f6_P4_Y13_UO527,R10_F10_m3f16_P3_Y13_UO522,FXX,0,0.0,0,0,0.0,0,0,0,0.0,0.443359375,1,P0_CV0,1,1,1,1,1
4,0.4375872112626925,0.8917730007820798,Age0_F4_m4f10_P4_Y15_UO881,R4_F4_m4f6_P4_Y13_UO527,R10_F10_m3f16_P3_Y13_UO522,MXY,0,0.0,0,0,0.0,0,0,0,0.0,0.443359375,1,P0_CV0,1,1,1,1,1
4,0.4375872112626925,0.8917730007820798,Age0_F4_m4f10_P4_Y15_UO882,R4_F4_m4f6_P4_Y13_UO527,R10_F10_m3f16_P3_Y13_UO522,FXX,0,0.0,0,0,0.0,0,0,0,0.0,0.443359375,1,P0_CV0,1,1,1,1,1
4,0.4375872112626925,0.8917730007820798,Age0_F4_m4f10_P4_Y15_UO883,R4_F4_m4f6_P4_Y13_UO527,R10_F10_m3f16_P3_Y13_UO522,FXX,0,0.0,0,0,0.0,0,0,0,0.0,0.443359375,1,P0_CV0,1,1,1,1,1
4,0.4375872112626925,0.8917730007820798,Age0_F4_m4f2_P4_Y15_UO1033,R4_F4_m4f6_P4_Y13_UO527,RD2_F6_m11f10_P11_Y13_UO1395,MXY,0,0.0,0,0,0.0,0,0,0,0.0,0.46875,1,P0_CV0,1,0,2,1,1
4,0.4375872112626925,0.8917730007820798,Age0_F4_m4f2_P4_Y15_UO1035,R4_F4_m4f6_P4_Y13_UO527,RD2_F6_m11f10_P11_Y13_UO1395,MXY,0,0.0,0,0,0.0,0,0,0,0.0,0.46875,1,P0_CV0,1,0,2,1,1
4,0.4375872112626925,0.8917730007820798,Age0_F4_m4f2_P4_Y15_UO1037,R4_F4_m4f6_P4_Y13_UO527,RD2_F6_m11f10_P11_Y13_UO1395,MXY,0,0.0,0,0,0.0,0,0,0,0.0,0.46875,1,P0_CV0,1,0,2,0,2
4,0.4375872112626925,0.8917730007820798,R4_F4_m4f6_P4_Y13_UO527,RD4_F9_m9f19_P9_Y11_UO107,RD6_F14_m14f4_P14_Y11_UO837,FXX,2,0.0,1,0,1.0,0,0,0,-9999.0,0.43359375,1,P0_CV0,1,0,2,0,2
4,0.4375872112626925,0.8917730007820798,Age0_F4_m4f15_P4_Y15_UO17,R4_F4_m5f11_P5_Y13_UO322,R15_F15_m1f2_P1_Y13_UO1126,FXX,0,0.0,0,0,0.0,0,0,0,0.0,0.513671875,1,P10_CV0,1,1,1,0,2
4,0.4375872112626925,0.8917730007820798,Age0_F4_m4f15_P4_Y15_UO18,R4_F4_m5f11_P5_Y13_UO322,R15_F15_m1f2_P1_Y13_UO1126,FXX,0,0.0,0,0,0.0,0,0,0,0.0,0.513671875,1,P10_CV0,1,1,1,0,2
4,0.4375872112626925,0.8917730007820798,Age0_F4_m4f12_P4_Y15_UO1021,R4_F4_m4f19_P4_Y13_UO1385,R12_F12_m4f9_P4_Y13_UO162,FXX,0,0.0,0,0,0.0,0,0,0,0.0,0.46875,1,P11_CV0,1,2,0,1,1
4,0.4375872112626925,0.8917730007820798,Age0_F4_m4f12_P4_Y15_UO1022,R4_F4_m4f19_P4_Y13_UO1385,R12_F12_m4f9_P4_Y13_UO162,MXY,0,0.0,0,0,0.0,0,0,0,0.0,0.46875,1,P11_CV0,1,1,1,0,2
4,0.4375872112626925,0.8917730007820798,Age0_F4_m4f12_P4_Y15_UO1023,R4_F4_m4f19_P4_Y13_UO1385,R12_F12_m4f9_P4_Y13_UO162,MXY,0,0.0,0,0,0.0,0,0,0,0.0,0.46875,1,P11_CV0,1,1,1,0,2
4,0.4375872112626925,0.8917730007820798,R4_F4_m4f12_P4_Y14_UO341,RD4_F17_m18f17_P18_Y12_UO1125,R12_F12_m4f19_P4_Y12_UO1012,MXY,1,0.0,1,1,0.0,0,0,0,-9999.0,0.529296875,1,P11_CV0,1,1,1,2,0
4,0.4375872112626925,0.8917730007820798,Age0_F4_m4f6_P4_Y15_UO1003,RD4_F11_m17f1_P17_Y13_UO848,R6_F6_m6f18_P6_Y13_UO1004,FXX,0,0.0,0,0,0.0,0,0,0,0.0,0.513671875,1,P12_CV0,1,0,2,1,1
4,0.4375872112626925,0.8917730007820798,Age0_F4_m4f6_P4_Y15_UO1004,RD4_F11_m17f1_P17_Y13_UO848,R6_F6_m6f18_P6_Y13_UO1004,FXX,0,0.0,0,0,0.0,0,0,0,0.0,0.513671875,1,P12_CV0,1,1,1,2,0
4,0.4375872112626925,0.8917730007820798,Age0_F4_m4f6_P4_Y15_UO1005,RD4_F11_m17f1_P17_Y13_UO848,R6_F6_m6f18_P6_Y13_UO1004,MXY,0,0.0,0,0,0.0,0,0,0,0.0,0.513671875,1,P12_CV0,1,0,2,2,0
4,0.4375872112626925,0.8917730007820798,Age0_F4_m4f15_P4_Y15_UO14,R4_F4_m5f11_P5_Y13_UO322,R15_F15_m1f2_P1_Y13_UO1126,MXY,0,0.0,0,0,0.0,0,0,0,0.0,0.513671875,1,P13_CV0,1,1,1,1,1
4,0.4375872112626925,0.8917730007820798,Age0_F4_m4f15_P4_Y15_UO15,R4_F4_m5f11_P5_Y13_UO322,R15_F15_m1f2_P1_Y13_UO1126,FXX,0,0.0,0,0,0.0,0,0,0,0.0,0.513671875,1,P13_CV0,1,1,1,1,1
4,0.4375872112626925,0.8917730007820798,Age0_F4_m4f15_P4_Y15_UO16,R4_F4_m5f11_P5_Y13_UO322,R15_F15_m1f2_P1_Y13_UO1126,FXX,0,0.0,0,0,0.0,0,0,0,0.0,0.513671875,1,P13_CV0,1,1,1,0,2
4,0.4375872112626925,0.8917730007820798,Age0_F4_m4f14_P4_Y15_UO265,R4_F4_m5f11_P5_Y13_UO322,RD14_F3_m15f14_P15_Y13_UO326,FXX,0,0.0,0,0,0.0,0,0,0,0.0,0.529296875,1,P13_CV0,1,1,1,1,1
4,0.4375872112626925,0.8917730007820798,Age0_F4_m4f14_P4_Y15_UO266,R4_F4_m5f11_P5_Y13_UO322,RD14_F3_m15f14_P15_Y13_UO326,FXX,0,0.0,0,0,0.0,0,0,0,0.0,0.529296875,1,P13_CV0,1,1,1,2,0
4,0.4375872112626925,0.8917730007820798,Age0_F4_m4f14_P4_Y15_UO268,R4_F4_m5f11_P5_Y13_UO322,RD14_F3_m15f14_P15_Y13_UO326,FXX,0,0.0,0,0,0.0,0,0,0,0.0,0.529296875,1,P13_CV0,1,1,1,1,1
4,0.4375872112626925,0.8917730007820798,Age0_F4_m4f14_P4_Y15_UO270,R4_F4_m5f11_P5_Y13_UO322,RD14_F3_m15f14_P15_Y13_UO326,MXY,0,0.0,0,0,0.0,0,0,0,0.0,0.529296875,1,P13_CV0,1,1,1,2,0
4,0.4375872112626925,0.8917730007820798,Age0_F4_m4f14_P4_Y15_UO271,R4_F4_m5f11_P5_Y13_UO322,RD14_F3_m15f14_P15_Y13_UO326,FXX,0,0.0,0,0,0.0,0,0,0,0.0,0.529296875,1,P13_CV0,1,1,1,0,2
4,0.4375872112626925,0.8917730007820798,Age0_F4_m4f10_P4_Y15_UO763,RD4_F18_m20f19_P20_Y13_UO1035,RD10_F13_m19f7_P19_Y13_UO1383,MXY,0,0.0,0,0,0.0,0,0,0,0.0,0.513671875,1,P13_CV0,1,0,2,2,0
4,0.4375872112626925,0.8917730007820798,Age0_F4_m4f10_P4_Y15_UO764,RD4_F18_m20f19_P20_Y13_UO1035,RD10_F13_m19f7_P19_Y13_UO1383,FXX,0,0.0,0,0,0.0,0,0,0,0.0,0.513671875,1,P13_CV0,1,0,2,2,0
4,0.4375872112626925,0.8917730007820798,Age0_F4_m4f10_P4_Y15_UO765,RD4_F18_m20f19_P20_Y13_UO1035,RD10_F13_m19f7_P19_Y13_UO1383,MXY,0,0.0,0,0,0.0,0,0,0,0.0,0.513671875,1,P13_CV0,1,0,2,1,1
4,0.4375872112626925,0.8917730007820798,Age0_F4_m4f10_P4_Y15_UO766,RD4_F18_m20f19_P20_Y13_UO1035,RD10_F13_m19f7_P19_Y13_UO1383,MXY,0,0.0,0,0,0.0,0,0,0,0.0,0.513671875,1,P13_CV0,1,1,1,1,1
4,0.4375872112626925,0.8917730007820798,Age0_F4_m4f20_P4_Y15_UO1170,RD4_F18_m20f19_P20_Y13_UO1035,RD20_F16_m3f13_P3_Y12_UO475,FXX,0,0.0,0,0,0.0,0,0,0,0.0,0.54296875,1,P13_CV0,1,0,2,2,0
4,0.4375872112626925,0.8917730007820798,Age0_F4_m4f20_P4_Y15_UO1172,RD4_F18_m20f19_P20_Y13_UO1035,RD20_F16_m3f13_P3_Y12_UO475,MXY,0,0.0,0,0,0.0,0,0,0,0.0,0.54296875,1,P13_CV0,1,1,1,2,0
4,0.4375872112626925,0.8917730007820798,Age0_F4_m4f20_P4_Y15_UO1173,RD4_F18_m20f19_P20_Y13_UO1035,RD20_F16_m3f13_P3_Y12_UO475,MXY,0,0.0,0,0,0.0,0,0,0,0.0,0.54296875,1,P13_CV0,1,1,1,2,0
4,0.4375872112626925,0.8917730007820798,Age0_F4_m4f20_P4_Y15_UO1174,RD4_F18_m20f19_P20_Y13_UO1035,RD20_F16_m3f13_P3_Y12_UO475,FXX,0,0.0,0,0,0.0,0,0,0,0.0,0.54296875,1,P13_CV0,1,0,2,2,0
4,0.4375872112626925,0.8917730007820798,Age0_F4_m4f20_P4_Y15_UO1177,RD4_F18_m20f19_P20_Y13_UO1035,RD20_F16_m3f13_P3_Y12_UO475,FXX,0,0.0,0,0,0.0,0,0,0,0.0,0.54296875,1,P13_CV0,1,0,2,2,0
4,0.4375872112626925,0.8917730007820798,R4_F4_m1f8_P1_Y14_UO946,RD1_F9_m13f18_P13_Y12_UO1297,R8_F8_m14f13_P14_Y11_UO852,MXY,1,0.0,1,1,0.0,0,0,0,-9999.0,0.486328125,1,P13_CV0,1,1,1,0,2
4,0.4375872112626925,0.8917730007820798,R4_F4_m5f11_P5_Y13_UO322,RD5_F17_m17f6_P17_Y11_UO634,RD11_F6_m6f5_P6_Y11_UO1331,FXX,2,0.0,1,0,1.0,0,0,0,-9999.0,0.52734375,1,P13_CV0,1,2,0,1,1
4,0.4375872112626925,0.8917730007820798,R4_F4_m16f4_P16_Y13_UO1046,R16_F16_m16f8_P16_Y11_UO653,R4_F4_m4f5_P4_Y11_UO840,FXX,2,0.0,1,0,1.0,0,0,0,-9999.0,0.47265625,1,P13_CV0,1,0,2,1,1
4,0.4375872112626925,0.8917730007820798,R4_F4_m12f19_P12_Y14_UO772,R12_F12_m12f2_P12_Y12_UO932,R19_F19_m18f17_P18_Y12_UO1131,FXX,1,0.0,1,1,1.0,0,0,0,-9999.0,0.5078125,1,P14_CV0,1,2,0,1,1
4,0.4375872112626925,0.8917730007820798,Age0_F4_m4f3_P4_Y15_UO443,R4_F4_m4f7_P4_Y13_UO1255,R3_F3_m4f9_P4_Y13_UO161,FXX,0,0.0,0,0,0.0,0,0,0,0.0,0.48828125,1,P15_CV0,1,0,2,2,0
4,0.4375872112626925,0.8917730007820798,Age0_F4_m4f3_P4_Y15_UO445,R4_F4_m4f7_P4_Y13_UO1255,R3_F3_m4f9_P4_Y13_UO161,FXX,0,0.0,0,0,0.0,0,0,0,0.0,0.48828125,1,P15_CV0,1,1,1,2,0
4,0.4375872112626925,0.8917730007820798,Age0_F4_m4f20_P4_Y15_UO774,R4_F4_m4f9_P4_Y13_UO1033,RD20_F2_m4f12_P4_Y11_UO244,FXX,0,0.0,0,0,0.0,0,0,0,0.0,0.498046875,1,P15_CV0,1,2,0,1,1
4,0.4375872112626925,0.8917730007820798,R4_F4_m4f17_P4_Y13_UO784,RD4_F5_m5f10_P5_Y11_UO1320,RD17_F8_m8f2_P8_Y9_UO58,MXY,2,0.0,1,0,0.0,0,0,0,-9999.0,0.43359375,1,P15_CV0,1,2,0,1,1
4,0.4375872112626925,0.8917730007820798,R4_F4_m3f4_P3_Y13_UO166,R3_F3_m3f14_P3_Y11_UO1269,RD4_F14_m5f10_P5_Y11_UO1321,MXY,2,0.0,1,0,0.0,0,0,0,-9999.0,0.453125,1,P15_CV0,1,1,1,1,1
4,0.4375872112626925,0.8917730007820798,Age0_F4_m4f20_P4_Y15_UO389,RD4_F6_m6f1_P6_Y13_UO75,RD20_F16_m3f13_P3_Y12_UO475,FXX,0,0.0,0,0,0.0,0,0,0,0.0,0.53125,1,P17_CV0,1,0,2,2,0
4,0.4375872112626925,0.8917730007820798,Age0_F4_m4f20_P4_Y15_UO390,RD4_F6_m6f1_P6_Y13_UO75,RD20_F16_m3f13_P3_Y12_UO475,FXX,0,0.0,0,0,0.0,0,0,0,0.0,0.53125,1,P17_CV0,1,0,2,2,0
4,0.4375872112626925,0.8917730007820798,Age0_F4_m4f20_P4_Y15_UO391,RD4_F6_m6f1_P6_Y13_UO75,RD20_F16_m3f13_P3_Y12_UO475,MXY,0,0.0,0,0,0.0,0,0,0,0.0,0.53125,1,P17_CV0,1,0,2,2,0
4,0.4375872112626925,0.8917730007820798,Age0_F4_m4f20_P4_Y15_UO393,RD4_F6_m6f1_P6_Y13_UO75,RD20_F16_m3f13_P3_Y12_UO475,FXX,0,0.0,0,0,0.0,0,0,0,0.0,0.53125,1,P17_CV0,1,1,1,2,0
4,0.4375872112626925,0.8917730007820798,Age0_F4_m4f1_P4_Y15_UO500,RD4_F11_m17f1_P17_Y13_UO848,R1_F1_m6f5_P6_Y12_UO788,MXY,0,0.0,0,0,0.0,0,0,0,0.0,0.53125,1,P17_CV0,1,0,2,1,1
4,0.4375872112626925,0.8917730007820798,Age0_F4_m4f18_P4_Y15_UO1373,R4_F4_m3f7_P3_Y13_UO872,R18_F18_m18f16_P18_Y13_UO1056,FXX,0,0.0,0,0,0.0,0,0,0,0.0,0.470703125,1,P17_CV0,1,1,1,0,2
4,0.4375872112626925,0.8917730007820798,Age0_F4_m4f18_P4_Y15_UO1374,R4_F4_m3f7_P3_Y13_UO872,R18_F18_m18f16_P18_Y13_UO1056,MXY,0,0.0,0,0,0.0,0,0,0,0.0,0.470703125,1,P17_CV0,1,2,0,1,1
4,0.4375872112626925,0.8917730007820798,R4_F4_m3f7_P3_Y13_UO872,R3_F3_m3f4_P3_Y11_UO773,RD7_F20_m20f10_P20_Y11_UO38,FXX,2,0.0,1,0,1.0,0,0,0,-9999.0,0.515625,1,P17_CV0,1,2,0,1,1
4,0.4375872112626925,0.8917730007820798,R4_F4_m2f9_P2_Y13_UO1147,R2_F2_m15f17_P15_Y11_UO90,R9_F9_m9f7_P9_Y11_UO334,MXY,2,0.0,1,0,0.0,0,0,0,-9999.0,0.46484375,1,P17_CV0,1,1,1,2,0
4,0.4375872112626925,0.8917730007820798,R4_F4_m4f16_P4_Y13_UO827,R4_F4_m6f15_P6_Y11_UO1409,R16_F16_m11f7_P11_Y11_UO437,FXX,2,0.0,1,0,1.0,0,0,0,-9999.0,0.5234375,1,P17_CV0,1,1,1,0,2
4,0.4375872112626925,0.8917730007820798,R4_F4_m17f1_P17_Y13_UO848,RD17_F8_m18f5_P18_Y11_UO599,R1_F1_m4f7_P4_Y11_UO300,FXX,2,0.0,1,0,1.0,0,0,0,-9999.0,0.51953125,1,P17_CV0,1,1,1,2,0
4,0.4375872112626925,0.8917730007820798,Age0_F4_m4f3_P4_Y15_UO444,R4_F4_m4f7_P4_Y13_UO1255,R3_F3_m4f9_P4_Y13_UO161,MXY,0,0.0,0,0,0.0,0,0,0,0.0,0.48828125,1,P18_CV0,1,0,2,2,0
4,0.4375872112626925,0.8917730007820798,Age0_F4_m4f3_P4_Y15_UO446,R4_F4_m4f7_P4_Y13_UO1255,R3_F3_m4f9_P4_Y13_UO161,MXY,0,0.0,0,0,0.0,0,0,0,0.0,0.48828125,1,P18_CV0,1,0,2,2,0
4,0.4375872112626925,0.8917730007820798,Age0_F4_m4f9_P4_Y15_UO607,RD4_F6_m17f4_P17_Y13_UO310,RD9_F4_m4f7_P4_Y13_UO1256,MXY,0,0.0,0,0,0.0,0,0,0,0.0,0.498046875,1,P18_CV0,1,1,1,0,2
4,0.4375872112626925,0.8917730007820798,Age0_F4_m4f9_P4_Y15_UO608,RD4_F6_m17f4_P17_Y13_UO310,RD9_F4_m4f7_P4_Y13_UO1256,FXX,0,0.0,0,0,0.0,0,0,0,0.0,0.498046875,1,P18_CV0,1,1,1,0,2
4,0.4375872112626925,0.8917730007820798,R4_F4_m10f11_P10_Y14_UO6,RD10_F19_m3f13_P3_Y12_UO939,R11_F11_m11f17_P11_Y12_UO12,MXY,1,0.0,1,1,0.0,0,0,0,-9999.0,0.513671875,1,P19_CV0,1,1,1,1,1
4,0.4375872112626925,0.8917730007820798,R4_F4_m14f9_P14_Y14_UO147,RD14_F2_m2f12_P2_Y12_UO286,RD9_F5_m5f10_P5_Y12_UO626,MXY,1,0.0,1,1,0.0,0,0,0,-9999.0,0.521484375,1,P19_CV0,1,2,0,1,1
4,0.4375872112626925,0.8917730007820798,R4_F4_m19f2_P19_Y14_UO75,RD19_F1_m1f13_P1_Y12_UO496,R2_F2_m3f20_P3_Y12_UO345,MXY,1,0.0,1,1,0.0,0,0,0,-9999.0,0.544921875,1,P19_CV0,1,2,0,0,2
4,0.4375872112626925,0.8917730007820798,R4_F4_m1f14_P1_Y14_UO924,RD1_F17_m17f7_P17_Y12_UO15,R14_F14_m14f8_P14_Y12_UO963,MXY,1,0.0,1,1,0.0,0,0,0,-9999.0,0.58984375,1,P19_CV0,1,1,1,1,1
4,0.4375872112626925,0.8917730007820798,Age0_F4_m4f1_P4_Y15_UO501,RD4_F11_m17f1_P17_Y13_UO848,R1_F1_m6f5_P6_Y12_UO788,MXY,0,0.0,0,0,0.0,0,0,0,0.0,0.53125,1,P1_CV0,1,1,1,1,1
4,0.4375872112626925,0.8917730007820798,Age0_F4_m4f1_P4_Y15_UO502,RD4_F11_m17f1_P17_Y13_UO848,R1_F1_m6f5_P6_Y12_UO788,FXX,0,0.0,0,0,0.0,0,0,0,0.0,0.53125,1,P1_CV0,1,2,0,1,1
4,0.4375872112626925,0.8917730007820798,Age0_F4_m4f1_P4_Y15_UO503,RD4_F11_m17f1_P17_Y13_UO848,R1_F1_m6f5_P6_Y12_UO788,FXX,0,0.0,0,0,0.0,0,0,0,0.0,0.53125,1,P1_CV0,1,0,2,1,1
4,0.4375872112626925,0.8917730007820798,Age0_F4_m4f15_P4_Y15_UO907,R4_F4_m4f19_P4_Y13_UO1385,R15_F15_m15f12_P15_Y13_UO951,FXX,0,0.0,0,0,0.0,0,0,0,0.0,0.494140625,1,P1_CV0,1,2,0,0,2
4,0.4375872112626925,0.8917730007820798,Age0_F4_m4f15_P4_Y15_UO909,R4_F4_m4f19_P4_Y13_UO1385,R15_F15_m15f12_P15_Y13_UO951,MXY,0,0.0,0,0,0.0,0,0,0,0.0,0.494140625,1,P1_CV0,1,0,2,0,2
4,0.4375872112626925,0.8917730007820798,R4_F4_m4f19_P4_Y13_UO1385,R4_F4_m6f15_P6_Y11_UO1409,RD19_F3_m3f7_P3_Y11_UO557,FXX,2,0.0,1,0,1.0,0,0,0,-9999.0,0.45703125,1,P1_CV0,1,1,1,0,2
4,0.4375872112626925,0.8917730007820798,Age0_F4_m4f9_P4_Y15_UO606,RD4_F6_m17f4_P17_Y13_UO310,RD9_F4_m4f7_P4_Y13_UO1256,MXY,0,0.0,0,0,0.0,0,0,0,0.0,0.498046875,1,P2_CV0,1,1,1,0,2
4,0.4375872112626925,0.8917730007820798,R4_F4_m14f15_P14_Y14_UO651,RD14_F1_m1f6_P1_Y12_UO673,RD15_F7_m7f1_P7_Y12_UO102,FXX,1,0.0,1,1,1.0,0,0,0,-9999.0,0.521484375,1,P2_CV0,1,1,1,0,2
4,0.4375872112626925,0.8917730007820798,R4_F4_m4f16_P4_Y14_UO913,RD4_F1_m17f1_P17_Y12_UO52,R16_F16_m16f15_P16_Y12_UO1250,MXY,1,0.0,1,1,0.0,0,0,0,-9999.0,0.564453125,1,P2_CV0,1,1,1,0,2
4,0.4375872112626925,0.8917730007820798,Age0_F4_m4f20_P4_Y15_UO771,R4_F4_m4f9_P4_Y13_UO1033,RD20_F2_m4f12_P4_Y11_UO244,MXY,0,0.0,0,0,0.0,0,0,0,0.0,0.498046875,1,P3_CV0,1,2,0,1,1
4,0.4375872112626925,0.8917730007820798,Age0_F4_m4f20_P4_Y15_UO772,R4_F4_m4f9_P4_Y13_UO1033,RD20_F2_m4f12_P4_Y11_UO244,FXX,0,0.0,0,0,0.0,0,0,0,0.0,0.498046875,1,P3_CV0,1,2,0,1,1
4,0.4375872112626925,0.8917730007820798,Age0_F4_m4f20_P4_Y15_UO773,R4_F4_m4f9_P4_Y13_UO1033,RD20_F2_m4f12_P4_Y11_UO244,FXX,0,0.0,0,0,0.0,0,0,0,0.0,0.498046875,1,P3_CV0,1,2,0,1,1
4,0.4375872112626925,0.8917730007820798,Age0_F4_m4f20_P4_Y15_UO775,R4_F4_m4f9_P4_Y13_UO1033,RD20_F2_m4f12_P4_Y11_UO244,FXX,0,0.0,0,0,0.0,0,0,0,0.0,0.498046875,1,P3_CV0,1,2,0,1,1
4,0.4375872112626925,0.8917730007820798,Age0_F4_m4f15_P4_Y15_UO905,R4_F4_m4f19_P4_Y13_UO1385,R15_F15_m15f12_P15_Y13_UO951,MXY,0,0.0,0,0,0.0,0,0,0,0.0,0.494140625,1,P3_CV0,1,2,0,0,2
4,0.4375872112626925,0.8917730007820798,Age0_F4_m4f15_P4_Y15_UO906,R4_F4_m4f19_P4_Y13_UO1385,R15_F15_m15f12_P15_Y13_UO951,FXX,0,0.0,0,0,0.0,0,0,0,0.0,0.494140625,1,P3_CV0,1,2,0,1,1
4,0.4375872112626925,0.8917730007820798,Age0_F4_m4f15_P4_Y15_UO908,R4_F4_m4f19_P4_Y13_UO1385,R15_F15_m15f12_P15_Y13_UO951,MXY,0,0.0,0,0,0.0,0,0,0,0.0,0.494140625,1,P3_CV0,1,2,0,1,1
4,0.4375872112626925,0.8917730007820798,Age0_F4_m4f18_P4_Y15_UO1372,R4_F4_m3f7_P3_Y13_UO872,R18_F18_m18f16_P18_Y13_UO1056,MXY,0,0.0,0,0,0.0,0,0,0,0.0,0.470703125,1,P3_CV0,1,2,0,0,2
4,0.4375872112626925,0.8917730007820798,R4_F4_m4f3_P4_Y13_UO1156,RD4_F15_m15f1_P15_Y11_UO1025,R3_F3_m4f10_P4_Y11_UO607,FXX,2,0.0,1,0,1.0,0,0,0,-9999.0,0.51953125,1,P3_CV0,1,1,1,1,1
4,0.4375872112626925,0.8917730007820798,R4_F4_m1f14_P1_Y11_UO278,R1_F1_m17f19_P17_Y9_UO678,RD14_F16_m16f8_P16_Y9_UO986,MXY,4,0.0,1,0,0.0,0,0,0,-9999.0,0.5234375,1,P3_CV0,1,1,1,1,1
4,0.4375872112626925,0.8917730007820798,R4_F4_m4f12_P4_Y14_UO745,R4_F4_m4f11_P4_Y12_UO1019,RD12_F18_m1f3_P1_Y12_UO1046,MXY,1,0.0,1,1,0.0,0,0,0,-9999.0,0.544921875,1,P5_CV0,1,0,2,2,0
4,0.4375872112626925,0.8917730007820798,R4_F4_m4f12_P4_Y14_UO746,R4_F4_m4f11_P4_Y12_UO1019,RD12_F18_m1f3_P1_Y12_UO1046,FXX,1,0.0,1,1,1.0,0,0,0,-9999.0,0.544921875,1,P5_CV0,1,1,1,0,2
4,0.4375872112626925,0.8917730007820798,R4_F4_m4f11_P4_Y12_UO1019,RD4_F12_m1f2_P1_Y10_UO1226,RD11_F20_m20f14_P20_Y9_UO637,FXX,3,0.0,1,0,1.0,0,0,0,-9999.0,0.54296875,1,P5_CV0,1,1,1,1,1
4,0.4375872112626925,0.8917730007820798,Age0_F4_m4f14_P4_Y15_UO267,R4_F4_m5f11_P5_Y13_UO322,RD14_F3_m15f14_P15_Y13_UO326,MXY,0,0.0,0,0,0.0,0,0,0,0.0,0.529296875,1,P6_CV0,1,1,1,1,1
4,0.4375872112626925,0.8917730007820798,Age0_F4_m4f14_P4_Y15_UO269,R4_F4_m5f11_P5_Y13_UO322,RD14_F3_m15f14_P15_Y13_UO326,FXX,0,0.0,0,0,0.0,0,0,0,0.0,0.529296875,1,P6_CV0,1,1,1,0,2
4,0.4375872112626925,0.8917730007820798,Age0_F4_m4f20_P4_Y15_UO392,RD4_F6_m6f1_P6_Y13_UO75,RD20_F16_m3f13_P3_Y12_UO475,FXX,0,0.0,0,0,0.0,0,0,0,0.0,0.53125,1,P6_CV0,1,1,1,2,0
4,0.4375872112626925,0.8917730007820798,Age0_F4_m4f20_P4_Y15_UO1171,RD4_F18_m20f19_P20_Y13_UO1035,RD20_F16_m3f13_P3_Y12_UO475,MXY,0,0.0,0,0,0.0,0,0,0,0.0,0.54296875,1,P6_CV0,1,0,2,2,0
4,0.4375872112626925,0.8917730007820798,Age0_F4_m4f20_P4_Y15_UO1175,RD4_F18_m20f19_P20_Y13_UO1035,RD20_F16_m3f13_P3_Y12_UO475,MXY,0,0.0,0,0,0.0,0,0,0,0.0,0.54296875,1,P6_CV0,1,1,1,2,0
4,0.4375872112626925,0.8917730007820798,Age0_F4_m4f20_P4_Y15_UO1176,RD4_F18_m20f19_P20_Y13_UO1035,RD20_F16_m3f13_P3_Y12_UO475,MXY,0,0.0,0,0,0.0,0,0,0,0.0,0.54296875,1,P6_CV0,1,0,2,2,0
4,0.4375872112626925,0.8917730007820798,Age0_F4_m4f2_P4_Y15_UO1034,R4_F4_m4f6_P4_Y13_UO527,RD2_F6_m11f10_P11_Y13_UO1395,MXY,0,0.0,0,0,0.0,0,0,0,0.0,0.46875,1,P7_CV0,1,0,2,1,1
4,0.4375872112626925,0.8917730007820798,Age0_F4_m4f2_P4_Y15_UO1036,R4_F4_m4f6_P4_Y13_UO527,RD2_F6_m11f10_P11_Y13_UO1395,MXY,0,0.0,0,0,0.0,0,0,0,0.0,0.46875,1,P7_CV0,1,0,2,1,1
4,0.4375872112626925,0.8917730007820798,Age0_F4_m4f2_P4_Y15_UO1038,R4_F4_m4f6_P4_Y13_UO527,RD2_F6_m11f10_P11_Y13_UO1395,MXY,0,0.0,0,0,0.0,0,0,0,0.0,0.46875,1,P7_CV0,1,0,2,1,1
4,0.4375872112626925,0.8917730007820798,R4_F4_m4f12_P4_Y14_UO748,R4_F4_m4f11_P4_Y12_UO1019,RD12_F18_m1f3_P1_Y12_UO1046,FXX,1,0.0,1,1,1.0,0,0,0,-9999.0,0.544921875,1,P7_CV0,1,1,1,1,1
4,0.4375872112626925,0.8917730007820798,R4_F4_m9f8_P9_Y14_UO574,R9_F9_m9f12_P9_Y12_UO1084,R8_F8_m18f1_P18_Y11_UO353,FXX,1,0.0,1,1,1.0,0,0,0,-9999.0,0.529296875,1,P8_CV0,1,2,0,1,1
4,0.4375872112626925,0.8917730007820798,R4_F4_m4f18_P4_Y13_UO233,RD4_F11_m11f5_P11_Y11_UO523,RD18_F14_m14f9_P14_Y11_UO867,MXY,2,0.0,1,0,0.0,0,0,0,-9999.0,0.4921875,1,P9_CV0,1,1,1,1,1
5,0.9636627605010293,0.3834415188257777,Age0_F5_m5f1_P5_Y15_UO406,RD5_F16_m16f6_P16_Y13_UO1209,R1_F1_m6f5_P6_Y12_UO788,MXY,0,0.0,0,0,0.0,0,0,0,0.0,0.5,1,P0_CV0,1,2,0,0,2
5,0.9636627605010293,0.3834415188257777,Age0_F5_m5f1_P5_Y15_UO410,RD5_F16_m16f6_P16_Y13_UO1209,R1_F1_m6f5_P6_Y12_UO788,MXY,0,0.0,0,0,0.0,0,0,0,0.0,0.5,1,P0_CV0,1,2,0,0,2
5,0.9636627605010293,0.3834415188257777,Age0_F5_m5f1_P5_Y15_UO412,RD5_F16_m16f6_P16_Y13_UO1209,R1_F1_m6f5_P6_Y12_UO788,MXY,0,0.0,0,0,0.0,0,0,0,0.0,0.5,1,P0_CV0,1,1,1,0,2
5,0.9636627605010293,0.3834415188257777,Age0_F5_m5f1_P5_Y15_UO414,RD5_F16_m16f6_P16_Y13_UO1209,R1_F1_m6f5_P6_Y12_UO788,MXY,0,0.0,0,0,0.0,0,0,0,0.0,0.5,1,P0_CV0,1,2,0,1,1
5,0.9636627605010293,0.3834415188257777,R5_F5_m3f5_P3_Y13_UO979,R3_F3_m3f14_P3_Y11_UO1269,R5_F5_m1f5_P1_Y10_UO1312,MXY,2,0.0,1,0,0.0,0,0,0,-9999.0,0.50390625,1,P0_CV0,1,0,2,1,1
5,0.9636627605010293,0.3834415188257777,R5_F5_m20f3_P20_Y13_UO606,R20_F20_m2f16_P2_Y11_UO1314,R3_F3_m7f1_P7_Y11_UO1179,MXY,2,0.0,1,0,0.0,0,0,0,-9999.0,0.4921875,1,P10_CV0,1,1,1,2,0
5,0.9636627605010293,0.3834415188257777,R5_F5_m1f4_P1_Y14_UO784,R1_F1_m1f4_P1_Y12_UO396,R4_F4_m13f9_P13_Y12_UO1101,MXY,1,0.0,1,1,0.0,0,0,0,-9999.0,0.55078125,1,P11_CV0,1,1,1,1,1
5,0.9636627605010293,0.3834415188257777,R5_F5_m5f3_P5_Y14_UO1310,R5_F5_m13f18_P13_Y12_UO1294,RD3_F12_m5f17_P5_Y12_UO1187,MXY,1,0.0,1,1,0.0,0,0,0,-9999.0,0.53515625,1,P11_CV0,1,2,0,0,2
5,0.9636627605010293,0.3834415188257777,R5_F5_m5f3_P5_Y14_UO1305,R5_F5_m13f18_P13_Y12_UO1294,RD3_F12_m5f17_P5_Y12_UO1187,FXX,1,0.0,1,1,1.0,0,0,0,-9999.0,0.53515625,1,P11_CV0,1,2,0,0,2
5,0.9636627605010293,0.3834415188257777,R5_F5_m5f9_P5_Y14_UO734,R5_F5_m5f11_P5_Y12_UO685,R9_F9_m20f5_P20_Y10_UO450,FXX,1,0.0,1,1,1.0,0,0,0,-9999.0,0.53125,1,P11_CV0,1,2,0,2,0
5,0.9636627605010293,0.3834415188257777,R5_F5_m14f8_P14_Y14_UO487,RD14_F4_m4f14_P4_Y12_UO851,RD8_F10_m6f15_P6_Y12_UO643,MXY,1,0.0,1,1,0.0,0,0,0,-9999.0,0.568359375,1,P11_CV0,1,1,1,1,1
5,0.9636627605010293,0.3834415188257777,R5_F5_m5f3_P5_Y14_UO1309,R5_F5_m13f18_P13_Y12_UO1294,RD3_F12_m5f17_P5_Y12_UO1187,FXX,1,0.0,1,1,1.0,0,0,0,-9999.0,0.53515625,1,P11_CV0,1,2,0,1,1
5,0.9636627605010293,0.3834415188257777,R5_F5_m2f16_P2_Y14_UO872,R2_F2_m16f20_P16_Y12_UO1077,RD16_F17_m3f13_P3_Y12_UO944,FXX,1,0.0,1,1,1.0,0,0,0,-9999.0,0.568359375,1,P11_CV0,1,0,2,0,2
5,0.9636627605010293,0.3834415188257777,R5_F5_m19f16_P19_Y14_UO1231,R19_F19_m4f11_P4_Y12_UO1156,RD16_F8_m2f6_P2_Y12_UO898,MXY,1,0.0,1,1,0.0,0,0,0,-9999.0,0.50390625,1,P11_CV0,1,1,1,2,0
5,0.9636627605010293,0.3834415188257777,R5_F5_m5f9_P5_Y14_UO741,R5_F5_m5f11_P5_Y12_UO685,R9_F9_m20f5_P20_Y10_UO450,FXX,1,0.0,1,1,1.0,0,0,0,-9999.0,0.53125,1,P13_CV0,1,2,0,0,2
5,0.9636627605010293,0.3834415188257777,R5_F5_m14f17_P14_Y14_UO1206,RD14_F2_m2f12_P2_Y12_UO286,RD17_F1_m1f6_P1_Y12_UO64,FXX,1,0.0,1,1,1.0,0,0,0,-9999.0,0.53125,1,P13_CV0,1,2,0,2,0
5,0.9636627605010293,0.3834415188257777,R5_F5_m5f20_P5_Y14_UO931,R5_F5_m5f3_P5_Y12_UO814,RD20_F12_m12f7_P12_Y12_UO923,FXX,1,0.0,1,1,1.0,0,0,0,-9999.0,0.546875,1,P13_CV0,1,1,1,0,2
5,0.9636627605010293,0.3834415188257777,R5_F5_m19f1_P19_Y13_UO668,RD19_F15_m2f9_P2_Y11_UO468,RD1_F19_m13f14_P13_Y11_UO14,MXY,2,0.0,1,0,0.0,0,0,0,-9999.0,0.49609375,1,P13_CV0,1,0,2,0,2
5,0.9636627605010293,0.3834415188257777,R5_F5_m5f3_P5_Y14_UO310,R5_F5_m13f18_P13_Y12_UO1294,R3_F3_m10f12_P10_Y12_UO173,MXY,1,0.0,1,1,0.0,0,0,0,-9999.0,0.5546875,1,P14_CV0,1,1,1,1,1
5,0.9636627605010293,0.3834415188257777,R5_F5_m5f8_P5_Y14_UO1073,R5_F5_m13f18_P13_Y12_UO1294,RD8_F16_m15f1_P15_Y12_UO463,MXY,1,0.0,1,1,0.0,0,0,0,-9999.0,0.55078125,1,P14_CV0,1,2,0,2,0
5,0.9636627605010293,0.3834415188257777,R5_F5_m5f3_P5_Y14_UO1307,R5_F5_m13f18_P13_Y12_UO1294,RD3_F12_m5f17_P5_Y12_UO1187,FXX,1,0.0,1,1,1.0,0,0,0,-9999.0,0.53515625,1,P14_CV0,1,2,0,1,1
5,0.9636627605010293,0.3834415188257777,R5_F5_m5f3_P5_Y14_UO312,R5_F5_m13f18_P13_Y12_UO1294,R3_F3_m10f12_P10_Y12_UO173,FXX,1,0.0,1,1,1.0,0,0,0,-9999.0,0.5546875,1,P14_CV0,1,1,1,0,2
5,0.9636627605010293,0.3834415188257777,R5_F5_m11f13_P11_Y14_UO1174,RD11_F9_m9f16_P9_Y12_UO522,RD13_F3_m3f20_P3_Y12_UO339,FXX,1,0.0,1,1,1.0,0,0,0,-9999.0,0.576171875,1,P14_CV0,1,0,2,0,2
5,0.9636627605010293,0.3834415188257777,R5_F5_m7f10_P7_Y13_UO1065,R7_F7_m1f6_P1_Y11_UO860,R10_F10_m10f6_P10_Y11_UO893,MXY,2,0.0,1,0,0.0,0,0,0,-9999.0,0.46484375,1,P14_CV0,1,2,0,0,2
5,0.9636627605010293,0.3834415188257777,R5_F5_m5f20_P5_Y14_UO929,R5_F5_m5f3_P5_Y12_UO814,RD20_F12_m12f7_P12_Y12_UO923,FXX,1,0.0,1,1,1.0,0,0,0,-9999.0,0.546875,1,P15_CV0,1,0,2,0,2
5,0.9636627605010293,0.3834415188257777,R5_F5_m5f20_P5_Y14_UO928,R5_F5_m5f3_P5_Y12_UO814,RD20_F12_m12f7_P12_Y12_UO923,MXY,1,0.0,1,1,0.0,0,0,0,-9999.0,0.546875,1,P15_CV0,1,1,1,0,2
5,0.9636627605010293,0.3834415188257777,R5_F5_m8f1_P8_Y14_UO1086,RD8_F10_m10f7_P10_Y12_UO254,R1_F1_m16f14_P16_Y12_UO1055,MXY,1,0.0,1,1,0.0,0,0,0,-9999.0,0.54296875,1,P15_CV0,1,2,0,1,1
5,0.9636627605010293,0.3834415188257777,R5_F5_m10f7_P10_Y13_UO1337,R10_F10_m2f3_P2_Y11_UO591,RD7_F15_m6f2_P6_Y10_UO850,MXY,2,0.0,1,0,0.0,0,0,0,-9999.0,0.51953125,1,P15_CV0,1,2,0,1,1
5,0.9636627605010293,0.3834415188257777,R5_F5_m18f2_P18_Y13_UO1323,R18_F18_m18f1_P18_Y11_UO323,RD2_F19_m19f4_P19_Y10_UO779,MXY,2,0.0,1,0,0.0,0,0,0,-9999.0,0.51953125,1,P16_CV0,1,0,2,0,2
5,0.9636627605010293,0.3834415188257777,Age0_F5_m5f4_P5_Y15_UO184,RD5_F10_m4f1_P4_Y13_UO118,R4_F4_m9f7_P9_Y11_UO334,FXX,0,0.0,0,0,0.0,0,0,0,0.0,0.490234375,1,P17_CV0,1,1,1,2,0
5,0.9636627605010293,0.3834415188257777,Age0_F5_m5f4_P5_Y15_UO185,RD5_F10_m4f1_P4_Y13_UO118,R4_F4_m9f7_P9_Y11_UO334,MXY,0,0.0,0,0,0.0,0,0,0,0.0,0.490234375,1,P17_CV0,1,2,0,0,2
5,0.9636627605010293,0.3834415188257777,Age0_F5_m5f4_P5_Y15_UO186,RD5_F10_m4f1_P4_Y13_UO118,R4_F4_m9f7_P9_Y11_UO334,MXY,0,0.0,0,0,0.0,0,0,0,0.0,0.490234375,1,P17_CV0,1,1,1,1,1
5,0.9636627605010293,0.3834415188257777,Age0_F5_m5f10_P5_Y15_UO530,R5_F5_m5f10_P5_Y13_UO179,R10_F10_m4f10_P4_Y13_UO1272,FXX,0,0.0,0,0,0.0,0,0,0,0.0,0.517578125,1,P17_CV0,1,1,1,1,1
5,0.9636627605010293,0.3834415188257777,Age0_F5_m5f10_P5_Y15_UO531,R5_F5_m5f10_P5_Y13_UO179,R10_F10_m4f10_P4_Y13_UO1272,MXY,0,0.0,0,0,0.0,0,0,0,0.0,0.517578125,1,P17_CV0,1,1,1,1,1
5,0.9636627605010293,0.3834415188257777,Age0_F5_m5f10_P5_Y15_UO534,R5_F5_m5f10_P5_Y13_UO179,R10_F10_m4f10_P4_Y13_UO1272,FXX,0,0.0,0,0,0.0,0,0,0,0.0,0.517578125,1,P17_CV0,1,1,1,2,0
5,0.9636627605010293,0.3834415188257777,Age0_F5_m5f10_P5_Y15_UO535,R5_F5_m5f10_P5_Y13_UO179,R10_F10_m4f10_P4_Y13_UO1272,FXX,0,0.0,0,0,0.0,0,0,0,0.0,0.517578125,1,P17_CV0,1,1,1,1,1
5,0.9636627605010293,0.3834415188257777,R5_F5_m5f15_P5_Y13_UO1318,RD5_F15_m15f14_P15_Y11_UO491,R15_F15_m15f14_P15_Y11_UO492,FXX,2,0.0,1,0,1.0,0,0,0,-9999.0,0.546875,1,P17_CV0,1,0,2,0,2
5,0.9636627605010293,0.3834415188257777,R5_F5_m5f4_P5_Y13_UO1215,R5_F5_m3f7_P3_Y11_UO509,RD4_F11_m11f5_P11_Y11_UO1264,MXY,2,0.0,1,0,0.0,0,0,0,-9999.0,0.5390625,1,P17_CV0,1,2,0,1,1
5,0.9636627605010293,0.3834415188257777,Age0_F5_m5f9_P5_Y15_UO29,RD5_F10_m4f1_P4_Y13_UO118,RD9_F4_m4f7_P4_Y13_UO1256,FXX,0,0.0,0,0,0.0,0,0,0,0.0,0.51171875,1,P18_CV0,1,1,1,2,0
5,0.9636627605010293,0.3834415188257777,Age0_F5_m5f9_P5_Y15_UO30,RD5_F10_m4f1_P4_Y13_UO118,RD9_F4_m4f7_P4_Y13_UO1256,MXY,0,0.0,0,0,0.0,0,0,0,0.0,0.51171875,1,P18_CV0,1,1,1,0,2
5,0.9636627605010293,0.3834415188257777,Age0_F5_m5f9_P5_Y15_UO31,RD5_F10_m4f1_P4_Y13_UO118,RD9_F4_m4f7_P4_Y13_UO1256,FXX,0,0.0,0,0,0.0,0,0,0,0.0,0.51171875,1,P18_CV0,1,1,1,2,0
5,0.9636627605010293,0.3834415188257777,Age0_F5_m5f9_P5_Y15_UO32,RD5_F10_m4f1_P4_Y13_UO118,RD9_F4_m4f7_P4_Y13_UO1256,MXY,0,0.0,0,0,0.0,0,0,0,0.0,0.51171875,1,P18_CV0,1,0,2,0,2
5,0.9636627605010293,0.3834415188257777,Age0_F5_m5f9_P5_Y15_UO36,RD5_F10_m4f1_P4_Y13_UO118,RD9_F4_m4f7_P4_Y13_UO1256,MXY,0,0.0,0,0,0.0,0,0,0,0.0,0.51171875,1,P18_CV0,1,1,1,1,1
5,0.9636627605010293,0.3834415188257777,R5_F5_m10f12_P10_Y14_UO116,RD10_F7_m10f1_P10_Y12_UO1207,RD12_F9_m9f12_P9_Y12_UO1085,FXX,1,0.0,1,1,1.0,0,0,0,-9999.0,0.591796875,1,P18_CV0,1,1,1,1,1
5,0.9636627605010293,0.3834415188257777,R5_F5_m5f10_P5_Y14_UO1097,RD5_F2_m2f16_P2_Y12_UO451,RD10_F16_m16f3_P16_Y12_UO513,MXY,1,0.0,1,1,0.0,0,0,0,-9999.0,0.544921875,1,P18_CV0,1,0,2,1,1
5,0.9636627605010293,0.3834415188257777,R5_F5_m5f20_P5_Y12_UO566,RD5_F17_m9f14_P9_Y10_UO1045,RD20_F7_m7f5_P7_Y9_UO83,MXY,3,0.0,1,0,0.0,0,0,0,-9999.0,0.48828125,1,P18_CV0,1,2,0,1,1
5,0.9636627605010293,0.3834415188257777,R5_F5_m5f10_P5_Y14_UO1092,RD5_F2_m2f16_P2_Y12_UO451,RD10_F16_m16f3_P16_Y12_UO513,FXX,1,0.0,1,1,1.0,0,0,0,-9999.0,0.544921875,1,P19_CV0,1,1,1,0,2
5,0.9636627605010293,0.3834415188257777,R5_F5_m20f5_P20_Y14_UO401,RD20_F6_m6f11_P6_Y12_UO763,RD5_F3_m3f13_P3_Y12_UO488,FXX,1,0.0,1,1,1.0,0,0,0,-9999.0,0.529296875,1,P19_CV0,1,1,1,2,0
5,0.9636627605010293,0.3834415188257777,R5_F5_m11f16_P11_Y13_UO1016,R11_F11_m11f18_P11_Y11_UO526,R16_F16_m13f3_P13_Y10_UO1020,MXY,2,0.0,1,0,0.0,0,0,0,-9999.0,0.5,1,P19_CV0,1,2,0,0,2
5,0.9636627605010293,0.3834415188257777,Age0_F5_m5f1_P5_Y15_UO407,RD5_F16_m16f6_P16_Y13_UO1209,R1_F1_m6f5_P6_Y12_UO788,MXY,0,0.0,0,0,0.0,0,0,0,0.0,0.5,1,P1_CV0,1,1,1,0,2
5,0.9636627605010293,0.3834415188257777,Age0_F5_m5f1_P5_Y15_UO408,RD5_F16_m16f6_P16_Y13_UO1209,R1_F1_m6f5_P6_Y12_UO788,FXX,0,0.0,0,0,0.0,0,0,0,0.0,0.5,1,P1_CV0,1,1,1,1,1
5,0.9636627605010293,0.3834415188257777,Age0_F5_m5f1_P5_Y15_UO409,RD5_F16_m16f6_P16_Y13_UO1209,R1_F1_m6f5_P6_Y12_UO788,FXX,0,0.0,0,0,0.0,0,0,0,0.0,0.5,1,P1_CV0,1,1,1,0,2
5,0.9636627605010293,0.3834415188257777,Age0_F5_m5f1_P5_Y15_UO411,RD5_F16_m16f6_P16_Y13_UO1209,R1_F1_m6f5_P6_Y12_UO788,MXY,0,0.0,0,0,0.0,0,0,0,0.0,0.5,1,P1_CV0,1,2,0,0,2
5,0.9636627605010293,0.3834415188257777,Age0_F5_m5f1_P5_Y15_UO413,RD5_F16_m16f6_P16_Y13_UO1209,R1_F1_m6f5_P6_Y12_UO788,FXX,0,0.0,0,0,0.0,0,0,0,0.0,0.5,1,P1_CV0,1,2,0,1,1
5,0.9636627605010293,0.3834415188257777,R5_F5_m9f3_P9_Y14_UO294,R9_F9_m9f3_P9_Y12_UO845,R3_F3_m10f7_P10_Y12_UO258,MXY,1,0.0,1,1,0.0,0,0,0,-9999.0,0.515625,1,P2_CV0,1,2,0,0,2
5,0.9636627605010293,0.3834415188257777,Age0_F5_m5f17_P5_Y15_UO1085,RD5_F10_m4f1_P4_Y13_UO118,RD17_F3_m19f20_P19_Y12_UO148,FXX,0,0.0,0,0,0.0,0,0,0,0.0,0.564453125,1,P3_CV0,1,1,1,1,1
5,0.9636627605010293,0.3834415188257777,Age0_F5_m5f17_P5_Y15_UO1086,RD5_F10_m4f1_P4_Y13_UO118,RD17_F3_m19f20_P19_Y12_UO148,FXX,0,0.0,0,0,0.0,0,0,0,0.0,0.564453125,1,P3_CV0,1,2,0,0,2
5,0.9636627605010293,0.3834415188257777,Age0_F5_m5f17_P5_Y15_UO1089,RD5_F10_m4f1_P4_Y13_UO118,RD17_F3_m19f20_P19_Y12_UO148,FXX,0,0.0,0,0,0.0,0,0,0,0.0,0.564453125,1,P3_CV0,1,2,0,1,1
5,0.9636627605010293,0.3834415188257777,R5_F5_m15f5_P15_Y13_UO1224,R15_F15_m15f13_P15_Y11_UO566,RD5_F7_m9f7_P9_Y10_UO1287,FXX,2,0.0,1,0,1.0,0,0,0,-9999.0,0.50390625,1,P3_CV0,1,2,0,1,1
5,0.9636627605010293,0.3834415188257777,R5_F5_m4f19_P4_Y14_UO259,R4_F4_m4f11_P4_Y12_UO1019,RD19_F8_m8f6_P8_Y12_UO375,MXY,1,0.0,1,1,0.0,0,0,0,-9999.0,0.513671875,1,P5_CV0,1,2,0,1,1
5,0.9636627605010293,0.3834415188257777,R5_F5_m9f13_P9_Y14_UO124,RD9_F2_m13f19_P13_Y12_UO154,RD13_F14_m12f7_P12_Y11_UO799,FXX,1,0.0,1,1,1.0,0,0,0,-9999.0,0.47265625,1,P5_CV0,1,0,2,0,2
5,0.9636627605010293,0.3834415188257777,R5_F5_m9f15_P9_Y14_UO706,RD9_F15_m17f4_P17_Y12_UO1124,R15_F15_m2f16_P2_Y12_UO454,FXX,1,0.0,1,1,1.0,0,0,0,-9999.0,0.533203125,1,P5_CV0,1,0,2,0,2
5,0.9636627605010293,0.3834415188257777,R5_F5_m6f2_P6_Y14_UO326,R6_F6_m15f2_P15_Y12_UO780,RD2_F5_m5f11_P5_Y12_UO683,FXX,1,0.0,1,1,1.0,0,0,0,-9999.0,0.529296875,1,P5_CV0,1,0,2,0,2
5,0.9636627605010293,0.3834415188257777,R5_F5_m1f2_P1_Y14_UO657,RD1_F19_m3f13_P3_Y12_UO480,RD2_F5_m5f11_P5_Y12_UO683,MXY,1,0.0,1,1,0.0,0,0,0,-9999.0,0.572265625,1,P6_CV0,1,0,2,2,0
5,0.9636627605010293,0.3834415188257777,R5_F5_m3f16_P3_Y14_UO514,RD3_F1_m11f4_P11_Y12_UO688,R16_F16_m3f13_P3_Y12_UO475,MXY,1,0.0,1,1,0.0,0,0,0,-9999.0,0.55078125,1,P6_CV0,1,0,2,2,0
5,0.9636627605010293,0.3834415188257777,R5_F5_m1f16_P1_Y11_UO552,R1_F1_m9f12_P9_Y9_UO399,RD16_F12_m12f9_P12_Y9_UO486,FXX,4,0.0,1,0,1.0,0,0,0,-9999.0,0.515625,1,P6_CV0,1,1,1,1,1
5,0.9636627605010293,0.3834415188257777,Age0_F5_m5f9_P5_Y15_UO33,RD5_F10_m4f1_P4_Y13_UO118,RD9_F4_m4f7_P4_Y13_UO1256,FXX,0,0.0,0,0,0.0,0,0,0,0.0,0.51171875,1,P7_CV0,1,1,1,1,1
5,0.9636627605010293,0.3834415188257777,Age0_F5_m5f9_P5_Y15_UO34,RD5_F10_m4f1_P4_Y13_UO118,RD9_F4_m4f7_P4_Y13_UO1256,MXY,0,0.0,0,0,0.0,0,0,0,0.0,0.51171875,1,P7_CV0,1,1,1,2,0
5,0.9636627605010293,0.3834415188257777,Age0_F5_m5f9_P5_Y15_UO35,RD5_F10_m4f1_P4_Y13_UO118,RD9_F4_m4f7_P4_Y13_UO1256,MXY,0,0.0,0,0,0.0,0,0,0,0.0,0.51171875,1,P7_CV0,1,0,2,2,0
5,0.9636627605010293,0.3834415188257777,Age0_F5_m5f12_P5_Y15_UO126,RD5_F10_m4f1_P4_Y13_UO118,RD12_F11_m6f7_P6_Y13_UO363,FXX,0,0.0,0,0,0.0,0,0,0,0.0,0.50390625,1,P7_CV0,1,1,1,2,0
5,0.9636627605010293,0.3834415188257777,Age0_F5_m5f12_P5_Y15_UO127,RD5_F10_m4f1_P4_Y13_UO118,RD12_F11_m6f7_P6_Y13_UO363,FXX,0,0.0,0,0,0.0,0,0,0,0.0,0.50390625,1,P7_CV0,1,0,2,2,0
5,0.9636627605010293,0.3834415188257777,Age0_F5_m5f12_P5_Y15_UO128,RD5_F10_m4f1_P4_Y13_UO118,RD12_F11_m6f7_P6_Y13_UO363,FXX,0,0.0,0,0,0.0,0,0,0,0.0,0.50390625,1,P7_CV0,1,0,2,1,1
5,0.9636627605010293,0.3834415188257777,Age0_F5_m5f4_P5_Y15_UO187,RD5_F10_m4f1_P4_Y13_UO118,R4_F4_m9f7_P9_Y11_UO334,FXX,0,0.0,0,0,0.0,0,0,0,0.0,0.490234375,1,P7_CV0,1,1,1,1,1
5,0.9636627605010293,0.3834415188257777,Age0_F5_m5f4_P5_Y15_UO188,RD5_F10_m4f1_P4_Y13_UO118,R4_F4_m9f7_P9_Y11_UO334,MXY,0,0.0,0,0,0.0,0,0,0,0.0,0.490234375,1,P7_CV0,1,0,2,1,1
5,0.9636627605010293,0.3834415188257777,Age0_F5_m5f4_P5_Y15_UO189,RD5_F10_m4f1_P4_Y13_UO118,R4_F4_m9f7_P9_Y11_UO334,FXX,0,0.0,0,0,0.0,0,0,0,0.0,0.490234375,1,P7_CV0,1,1,1,1,1
5,0.9636627605010293,0.3834415188257777,Age0_F5_m5f4_P5_Y15_UO190,RD5_F10_m4f1_P4_Y13_UO118,R4_F4_m9f7_P9_Y11_UO334,FXX,0,0.0,0,0,0.0,0,0,0,0.0,0.490234375,1,P7_CV0,1,2,0,1,1
5,0.9636627605010293,0.3834415188257777,Age0_F5_m5f4_P5_Y15_UO191,RD5_F10_m4f1_P4_Y13_UO118,R4_F4_m9f7_P9_Y11_UO334,MXY,0,0.0,0,0,0.0,0,0,0,0.0,0.490234375,1,P7_CV0,1,2,0,2,0
5,0.9636627605010293,0.3834415188257777,Age0_F5_m5f4_P5_Y15_UO192,RD5_F10_m4f1_P4_Y13_UO118,R4_F4_m9f7_P9_Y11_UO334,MXY,0,0.0,0,0,0.0,0,0,0,0.0,0.490234375,1,P7_CV0,1,1,1,1,1
5,0.9636627605010293,0.3834415188257777,Age0_F5_m5f10_P5_Y15_UO527,R5_F5_m5f10_P5_Y13_UO179,R10_F10_m4f10_P4_Y13_UO1272,MXY,0,0.0,0,0,0.0,0,0,0,0.0,0.517578125,1,P7_CV0,1,1,1,1,1
5,0.9636627605010293,0.3834415188257777,Age0_F5_m5f10_P5_Y15_UO528,R5_F5_m5f10_P5_Y13_UO179,R10_F10_m4f10_P4_Y13_UO1272,FXX,0,0.0,0,0,0.0,0,0,0,0.0,0.517578125,1,P7_CV0,1,2,0,0,2
5,0.9636627605010293,0.3834415188257777,Age0_F5_m5f10_P5_Y15_UO529,R5_F5_m5f10_P5_Y13_UO179,R10_F10_m4f10_P4_Y13_UO1272,FXX,0,0.0,0,0,0.0,0,0,0,0.0,0.517578125,1,P7_CV0,1,2,0,1,1
5,0.9636627605010293,0.3834415188257777,Age0_F5_m5f10_P5_Y15_UO532,R5_F5_m5f10_P5_Y13_UO179,R10_F10_m4f10_P4_Y13_UO1272,MXY,0,0.0,0,0,0.0,0,0,0,0.0,0.517578125,1,P7_CV0,1,1,1,1,1
5,0.9636627605010293,0.3834415188257777,Age0_F5_m5f10_P5_Y15_UO533,R5_F5_m5f10_P5_Y13_UO179,R10_F10_m4f10_P4_Y13_UO1272,MXY,0,0.0,0,0,0.0,0,0,0,0.0,0.517578125,1,P7_CV0,1,2,0,1,1
5,0.9636627605010293,0.3834415188257777,Age0_F5_m5f10_P5_Y15_UO536,R5_F5_m5f10_P5_Y13_UO179,R10_F10_m4f10_P4_Y13_UO1272,MXY,0,0.0,0,0,0.0,0,0,0,0.0,0.517578125,1,P7_CV0,1,0,2,2,0
5,0.9636627605010293,0.3834415188257777,Age0_F5_m5f17_P5_Y15_UO1084,RD5_F10_m4f1_P4_Y13_UO118,RD17_F3_m19f20_P19_Y12_UO148,FXX,0,0.0,0,0,0.0,0,0,0,0.0,0.564453125,1,P7_CV0,1,2,0,1,1
5,0.9636627605010293,0.3834415188257777,Age0_F5_m5f17_P5_Y15_UO1087,RD5_F10_m4f1_P4_Y13_UO118,RD17_F3_m19f20_P19_Y12_UO148,MXY,0,0.0,0,0,0.0,0,0,0,0.0,0.564453125,1,P7_CV0,1,1,1,0,2
5,0.9636627605010293,0.3834415188257777,Age0_F5_m5f17_P5_Y15_UO1088,RD5_F10_m4f1_P4_Y13_UO118,RD17_F3_m19f20_P19_Y12_UO148,MXY,0,0.0,0,0,0.0,0,0,0,0.0,0.564453125,1,P7_CV0,1,2,0,0,2
5,0.9636627605010293,0.3834415188257777,R5_F5_m5f11_P5_Y14_UO623,R5_F5_m5f10_P5_Y12_UO627,RD11_F17_m8f9_P8_Y11_UO1303,MXY,1,0.0,1,1,0.0,0,0,0,-9999.0,0.544921875,1,P7_CV0,1,1,1,0,2
5,0.9636627605010293,0.3834415188257777,R5_F5_m4f1_P4_Y13_UO118,RD4_F11_m11f5_P11_Y11_UO1266,RD1_F7_m7f16_P7_Y11_UO171,FXX,2,0.0,1,0,1.0,0,0,0,-9999.0,0.52734375,1,P7_CV0,1,1,1,1,1
5,0.9636627605010293,0.3834415188257777,Age0_F5_m5f12_P5_Y15_UO121,RD5_F10_m4f1_P4_Y13_UO118,RD12_F11_m6f7_P6_Y13_UO363,FXX,0,0.0,0,0,0.0,0,0,0,0.0,0.50390625,1,P8_CV0,1,0,2,2,0
5,0.9636627605010293,0.3834415188257777,Age0_F5_m5f12_P5_Y15_UO122,RD5_F10_m4f1_P4_Y13_UO118,RD12_F11_m6f7_P6_Y13_UO363,FXX,0,0.0,0,0,0.0,0,0,0,0.0,0.50390625,1,P8_CV0,1,1,1,1,1
5,0.9636627605010293,0.3834415188257777,Age0_F5_m5f12_P5_Y15_UO123,RD5_F10_m4f1_P4_Y13_UO118,RD12_F11_m6f7_P6_Y13_UO363,FXX,0,0.0,0,0,0.0,0,0,0,0.0,0.50390625,1,P8_CV0,1,1,1,0,2
5,0.9636627605010293,0.3834415188257777,Age0_F5_m5f12_P5_Y15_UO124,RD5_F10_m4f1_P4_Y13_UO118,RD12_F11_m6f7_P6_Y13_UO363,FXX,0,0.0,0,0,0.0,0,0,0,0.0,0.50390625,1,P8_CV0,1,0,2,1,1
5,0.9636627605010293,0.3834415188257777,Age0_F5_m5f12_P5_Y15_UO125,RD5_F10_m4f1_P4_Y13_UO118,RD12_F11_m6f7_P6_Y13_UO363,FXX,0,0.0,0,0,0.0,0,0,0,0.0,0.50390625,1,P8_CV0,1,1,1,0,2
5,0.9636627605010293,0.3834415188257777,R5_F5_m16f20_P16_Y14_UO998,R16_F16_m16f15_P16_Y12_UO1247,R20_F20_m20f5_P20_Y11_UO679,FXX,1,0.0,1,1,1.0,0,0,0,-9999.0,0.513671875,1,P8_CV0,1,1,1,0,2
5,0.9636627605010293,0.3834415188257777,R5_F5_m18f16_P18_Y13_UO998,R18_F18_m10f1_P10_Y11_UO907,R16_F16_m16f13_P16_Y11_UO230,MXY,2,0.0,1,0,0.0,0,0,0,-9999.0,0.51171875,1,P8_CV0,1,0,2,0,2
5,0.9636627605010293,0.3834415188257777,R5_F5_m16f11_P16_Y14_UO462,R16_F16_m20f16_P20_Y12_UO1275,R11_F11_m19f4_P19_Y12_UO8,MXY,1,0.0,1,1,0.0,0,0,0,-9999.0,0.56640625,1,P9_CV0,1,1,1,1,1
5,0.9636627605010293,0.3834415188257777,R5_F5_m11f1_P11_Y14_UO556,RD11_F4_m4f17_P4_Y12_UO1262,RD1_F19_m19f18_P19_Y12_UO118,MXY,1,0.0,1,1,0.0,0,0,0,-9999.0,0.546875,1,P9_CV0,1,0,2,0,2
5,0.9636627605010293,0.3834415188257777,R5_F5_m20f11_P20_Y14_UO476,RD20_F9_m9f16_P9_Y12_UO517,R11_F11_m11f4_P11_Y12_UO689,MXY,1,0.0,1,1,0.0,0,0,0,-9999.0,0.5703125,1,P9_CV0,1,1,1,2,0
5,0.9636627605010293,0.3834415188257777,R5_F5_m1f19_P1_Y13_UO800,R1_F1_m5f11_P5_Y11_UO754,R19_F19_m19f7_P19_Y11_UO936,MXY,2,0.0,1,0,0.0,0,0,0,-9999.0,0.52734375,1,P9_CV0,1,1,1,1,1
6,0.7917250380826646,0.5288949197529045,Age0_F6_m6f3_P6_Y15_UO417,R6_F6_m14f18_P14_Y13_UO1229,R3_F3_m16f12_P16_Y13_UO134,FXX,0,0.0,0,0,0.0,0,0,0,0.0,0.50390625,1,P0_CV0,1,2,0,2,0
6,0.7917250380826646,0.5288949197529045,Age0_F6_m6f3_P6_Y15_UO418,R6_F6_m14f18_P14_Y13_UO1229,R3_F3_m16f12_P16_Y13_UO134,MXY,0,0.0,0,0,0.0,0,0,0,0.0,0.50390625,1,P0_CV0,1,1,1,2,0
6,0.7917250380826646,0.5288949197529045,Age0_F6_m6f4_P6_Y15_UO701,RD6_F13_m13f4_P13_Y13_UO894,RD4_F2_m2f9_P2_Y13_UO1147,MXY,0,0.0,0,0,0.0,0,0,0,0.0,0.49609375,1,P10_CV0,1,2,0,1,1
6,0.7917250380826646,0.5288949197529045,Age0_F6_m6f4_P6_Y15_UO702,RD6_F13_m13f4_P13_Y13_UO894,RD4_F2_m2f9_P2_Y13_UO1147,MXY,0,0.0,0,0,0.0,0,0,0,0.0,0.49609375,1,P10_CV0,1,1,1,2,0
6,0.7917250380826646,0.5288949197529045,Age0_F6_m6f4_P6_Y15_UO703,RD6_F13_m13f4_P13_Y13_UO894,RD4_F2_m2f9_P2_Y13_UO1147,FXX,0,0.0,0,0,0.0,0,0,0,0.0,0.49609375,1,P10_CV0,1,2,0,1,1
6,0.7917250380826646,0.5288949197529045,Age0_F6_m6f4_P6_Y15_UO704,RD6_F13_m13f4_P13_Y13_UO894,RD4_F2_m2f9_P2_Y13_UO1147,MXY,0,0.0,0,0,0.0,0,0,0,0.0,0.49609375,1,P10_CV0,1,2,0,2,0
6,0.7917250380826646,0.5288949197529045,Age0_F6_m6f11_P6_Y15_UO911,RD6_F13_m13f4_P13_Y13_UO894,R11_F11_m12f7_P12_Y12_UO921,MXY,0,0.0,0,0,0.0,0,0,0,0.0,0.552734375,1,P10_CV0,1,2,0,1,1
6,0.7917250380826646,0.5288949197529045,Age0_F6_m6f11_P6_Y15_UO912,RD6_F13_m13f4_P13_Y13_UO894,R11_F11_m12f7_P12_Y12_UO921,MXY,0,0.0,0,0,0.0,0,0,0,0.0,0.552734375,1,P10_CV0,1,2,0,1,1
6,0.7917250380826646,0.5288949197529045,R6_F6_m6f8_P6_Y14_UO978,R6_F6_m6f20_P6_Y12_UO421,R8_F8_m14f13_P14_Y11_UO852,FXX,1,0.0,1,1,1.0,0,0,0,-9999.0,0.501953125,1,P11_CV0,1,1,1,1,1
6,0.7917250380826646,0.5288949197529045,R6_F6_m6f11_P6_Y14_UO58,RD6_F10_m16f20_P16_Y12_UO1075,R11_F11_m19f4_P19_Y12_UO8,MXY,1,0.0,1,1,0.0,0,0,0,-9999.0,0.609375,1,P11_CV0,1,2,0,1,1
6,0.7917250380826646,0.5288949197529045,R6_F6_m12f8_P12_Y14_UO769,RD12_F1_m1f3_P1_Y12_UO1042,RD8_F16_m15f1_P15_Y12_UO463,FXX,1,0.0,1,1,1.0,0,0,0,-9999.0,0.548828125,1,P11_CV0,1,0,2,0,2
6,0.7917250380826646,0.5288949197529045,R6_F6_m6f17_P6_Y14_UO1121,R6_F6_m6f20_P6_Y12_UO421,RD17_F10_m10f4_P10_Y12_UO303,FXX,1,0.0,1,1,1.0,0,0,0,-9999.0,0.541015625,1,P11_CV0,1,1,1,1,1
6,0.7917250380826646,0.5288949197529045,R6_F6_m4f12_P4_Y14_UO346,RD4_F17_m18f17_P18_Y12_UO1125,R12_F12_m4f19_P4_Y12_UO1012,FXX,1,0.0,1,1,1.0,0,0,0,-9999.0,0.529296875,1,P11_CV0,1,1,1,2,0
6,0.7917250380826646,0.5288949197529045,R6_F6_m6f18_P6_Y13_UO1003,R6_F6_m19f1_P19_Y11_UO480,RD18_F14_m14f9_P14_Y11_UO867,MXY,2,0.0,1,0,0.0,0,0,0,-9999.0,0.5078125,1,P12_CV0,1,1,1,1,1
6,0.7917250380826646,0.5288949197529045,Age0_F6_m6f3_P6_Y15_UO415,R6_F6_m14f18_P14_Y13_UO1229,R3_F3_m16f12_P16_Y13_UO134,MXY,0,0.0,0,0,0.0,0,0,0,0.0,0.50390625,1,P13_CV0,1,2,0,1,1
6,0.7917250380826646,0.5288949197529045,Age0_F6_m6f3_P6_Y15_UO416,R6_F6_m14f18_P14_Y13_UO1229,R3_F3_m16f12_P16_Y13_UO134,MXY,0,0.0,0,0,0.0,0,0,0,0.0,0.50390625,1,P13_CV0,1,2,0,2,0
6,0.7917250380826646,0.5288949197529045,Age0_F6_m6f3_P6_Y15_UO419,R6_F6_m14f18_P14_Y13_UO1229,R3_F3_m16f12_P16_Y13_UO134,MXY,0,0.0,0,0,0.0,0,0,0,0.0,0.50390625,1,P13_CV0,1,2,0,2,0
6,0.7917250380826646,0.5288949197529045,Age0_F6_m6f3_P6_Y15_UO420,R6_F6_m14f18_P14_Y13_UO1229,R3_F3_m16f12_P16_Y13_UO134,MXY,0,0.0,0,0,0.0,0,0,0,0.0,0.50390625,1,P13_CV0,1,2,0,1,1
6,0.7917250380826646,0.5288949197529045,Age0_F6_m6f3_P6_Y15_UO421,R6_F6_m14f18_P14_Y13_UO1229,R3_F3_m16f12_P16_Y13_UO134,FXX,0,0.0,0,0,0.0,0,0,0,0.0,0.50390625,1,P13_CV0,1,2,0,2,0
6,0.7917250380826646,0.5288949197529045,Age0_F6_m6f2_P6_Y15_UO537,R6_F6_m14f18_P14_Y13_UO1229,R2_F2_m2f11_P2_Y13_UO1297,FXX,0,0.0,0,0,0.0,0,0,0,0.0,0.47265625,1,P13_CV0,1,1,1,1,1
6,0.7917250380826646,0.5288949197529045,Age0_F6_m6f2_P6_Y15_UO539,R6_F6_m14f18_P14_Y13_UO1229,R2_F2_m2f11_P2_Y13_UO1297,MXY,0,0.0,0,0,0.0,0,0,0,0.0,0.47265625,1,P13_CV0,1,0,2,1,1
6,0.7917250380826646,0.5288949197529045,Age0_F6_m6f2_P6_Y15_UO540,R6_F6_m14f18_P14_Y13_UO1229,R2_F2_m2f11_P2_Y13_UO1297,FXX,0,0.0,0,0,0.0,0,0,0,0.0,0.47265625,1,P13_CV0,1,1,1,2,0
6,0.7917250380826646,0.5288949197529045,Age0_F6_m6f2_P6_Y15_UO541,R6_F6_m14f18_P14_Y13_UO1229,R2_F2_m2f11_P2_Y13_UO1297,MXY,0,0.0,0,0,0.0,0,0,0,0.0,0.47265625,1,P13_CV0,1,1,1,2,0
6,0.7917250380826646,0.5288949197529045,Age0_F6_m6f13_P6_Y15_UO593,R6_F6_m3f19_P3_Y13_UO45,R13_F13_m9f18_P9_Y12_UO528,FXX,0,0.0,0,0,0.0,0,0,0,0.0,0.5703125,1,P13_CV0,1,1,1,2,0
6,0.7917250380826646,0.5288949197529045,Age0_F6_m6f13_P6_Y15_UO594,R6_F6_m3f19_P3_Y13_UO45,R13_F13_m9f18_P9_Y12_UO528,FXX,0,0.0,0,0,0.0,0,0,0,0.0,0.5703125,1,P13_CV0,1,1,1,1,1
6,0.7917250380826646,0.5288949197529045,Age0_F6_m6f13_P6_Y15_UO595,R6_F6_m3f19_P3_Y13_UO45,R13_F13_m9f18_P9_Y12_UO528,MXY,0,0.0,0,0,0.0,0,0,0,0.0,0.5703125,1,P13_CV0,1,2,0,1,1
6,0.7917250380826646,0.5288949197529045,Age0_F6_m6f18_P6_Y15_UO738,R6_F6_m3f19_P3_Y13_UO45,R18_F18_m18f4_P18_Y13_UO708,FXX,0,0.0,0,0,0.0,0,0,0,0.0,0.517578125,1,P13_CV0,1,1,1,1,1
6,0.7917250380826646,0.5288949197529045,Age0_F6_m6f18_P6_Y15_UO739,R6_F6_m3f19_P3_Y13_UO45,R18_F18_m18f4_P18_Y13_UO708,MXY,0,0.0,0,0,0.0,0,0,0,0.0,0.517578125,1,P13_CV0,1,1,1,1,1
6,0.7917250380826646,0.5288949197529045,Age0_F6_m6f18_P6_Y15_UO741,R6_F6_m3f19_P3_Y13_UO45,R18_F18_m18f4_P18_Y13_UO708,FXX,0,0.0,0,0,0.0,0,0,0,0.0,0.517578125,1,P13_CV0,1,1,1,1,1
6,0.7917250380826646,0.5288949197529045,Age0_F6_m6f5_P6_Y15_UO1262,R6_F6_m14f18_P14_Y13_UO1229,RD5_F3_m1f19_P1_Y13_UO800,FXX,0,0.0,0,0,0.0,0,0,0,0.0,0.513671875,1,P13_CV0,1,1,1,1,1
6,0.7917250380826646,0.5288949197529045,Age0_F6_m6f5_P6_Y15_UO1265,R6_F6_m14f18_P14_Y13_UO1229,RD5_F3_m1f19_P1_Y13_UO800,MXY,0,0.0,0,0,0.0,0,0,0,0.0,0.513671875,1,P13_CV0,1,1,1,2,0
6,0.7917250380826646,0.5288949197529045,R6_F6_m5f8_P5_Y14_UO1068,R5_F5_m13f18_P13_Y12_UO1294,RD8_F16_m15f1_P15_Y12_UO463,FXX,1,0.0,1,1,1.0,0,0,0,-9999.0,0.55078125,1,P14_CV0,1,1,1,2,0
6,0.7917250380826646,0.5288949197529045,R6_F6_m5f8_P5_Y14_UO1074,R5_F5_m13f18_P13_Y12_UO1294,RD8_F16_m15f1_P15_Y12_UO463,FXX,1,0.0,1,1,1.0,0,0,0,-9999.0,0.55078125,1,P14_CV0,1,1,1,1,1
6,0.7917250380826646,0.5288949197529045,R6_F6_m13f3_P13_Y14_UO1267,R13_F13_m13f19_P13_Y12_UO493,R3_F3_m19f20_P19_Y12_UO148,MXY,1,0.0,1,1,0.0,0,0,0,-9999.0,0.578125,1,P14_CV0,1,2,0,0,2
6,0.7917250380826646,0.5288949197529045,R6_F6_m1f6_P1_Y13_UO681,R1_F1_m1f6_P1_Y11_UO866,RD6_F19_m1f4_P1_Y7_UO1120,FXX,2,0.0,1,0,1.0,0,0,0,-9999.0,0.45703125,1,P14_CV0,1,2,0,0,2
6,0.7917250380826646,0.5288949197529045,Age0_F6_m6f2_P6_Y15_UO538,R6_F6_m14f18_P14_Y13_UO1229,R2_F2_m2f11_P2_Y13_UO1297,MXY,0,0.0,0,0,0.0,0,0,0,0.0,0.47265625,1,P16_CV0,1,2,0,1,1
6,0.7917250380826646,0.5288949197529045,Age0_F6_m6f4_P6_Y15_UO699,RD6_F13_m13f4_P13_Y13_UO894,RD4_F2_m2f9_P2_Y13_UO1147,FXX,0,0.0,0,0,0.0,0,0,0,0.0,0.49609375,1,P17_CV0,1,1,1,1,1
6,0.7917250380826646,0.5288949197529045,Age0_F6_m6f4_P6_Y15_UO700,RD6_F13_m13f4_P13_Y13_UO894,RD4_F2_m2f9_P2_Y13_UO1147,FXX,0,0.0,0,0,0.0,0,0,0,0.0,0.49609375,1,P17_CV0,1,2,0,1,1
6,0.7917250380826646,0.5288949197529045,Age0_F6_m6f15_P6_Y15_UO971,R6_F6_m16f7_P16_Y13_UO678,RD15_F10_m11f10_P11_Y13_UO1393,FXX,0,0.0,0,0,0.0,0,0,0,0.0,0.49609375,1,P17_CV0,1,1,1,2,0
6,0.7917250380826646,0.5288949197529045,Age0_F6_m6f15_P6_Y15_UO974,R6_F6_m16f7_P16_Y13_UO678,RD15_F10_m11f10_P11_Y13_UO1393,FXX,0,0.0,0,0,0.0,0,0,0,0.0,0.49609375,1,P17_CV0,1,1,1,1,1
6,0.7917250380826646,0.5288949197529045,Age0_F6_m6f15_P6_Y15_UO975,R6_F6_m16f7_P16_Y13_UO678,RD15_F10_m11f10_P11_Y13_UO1393,MXY,0,0.0,0,0,0.0,0,0,0,0.0,0.49609375,1,P17_CV0,1,1,1,0,2
6,0.7917250380826646,0.5288949197529045,R6_F6_m16f7_P16_Y13_UO678,RD16_F3_m3f4_P3_Y11_UO776,R7_F7_m20f1_P20_Y11_UO1355,FXX,2,0.0,1,0,1.0,0,0,0,-9999.0,0.48828125,1,P17_CV0,1,1,1,1,1
6,0.7917250380826646,0.5288949197529045,Age0_F6_m6f5_P6_Y15_UO1079,R6_F6_m20f14_P20_Y13_UO265,R5_F5_m5f20_P5_Y12_UO566,MXY,0,0.0,0,0,0.0,0,0,0,0.0,0.505859375,1,P18_CV0,1,2,0,0,2
6,0.7917250380826646,0.5288949197529045,Age0_F6_m6f5_P6_Y15_UO1081,R6_F6_m20f14_P20_Y13_UO265,R5_F5_m5f20_P5_Y12_UO566,MXY,0,0.0,0,0,0.0,0,0,0,0.0,0.505859375,1,P18_CV0,1,1,1,1,1
6,0.7917250380826646,0.5288949197529045,Age0_F6_m6f5_P6_Y15_UO1082,R6_F6_m20f14_P20_Y13_UO265,R5_F5_m5f20_P5_Y12_UO566,MXY,0,0.0,0,0,0.0,0,0,0,0.0,0.505859375,1,P18_CV0,1,1,1,1,1
6,0.7917250380826646,0.5288949197529045,Age0_F6_m6f5_P6_Y15_UO1083,R6_F6_m20f14_P20_Y13_UO265,R5_F5_m5f20_P5_Y12_UO566,MXY,0,0.0,0,0,0.0,0,0,0,0.0,0.505859375,1,P18_CV0,1,2,0,1,1
6,0.7917250380826646,0.5288949197529045,Age0_F6_m6f8_P6_Y15_UO1297,RD6_F16_m2f15_P2_Y13_UO1267,RD8_F1_m4f17_P4_Y13_UO1002,FXX,0,0.0,0,0,0.0,0,0,0,0.0,0.47265625,1,P18_CV0,1,2,0,1,1
6,0.7917250380826646,0.5288949197529045,Age0_F6_m6f8_P6_Y15_UO1300,RD6_F16_m2f15_P2_Y13_UO1267,RD8_F1_m4f17_P4_Y13_UO1002,MXY,0,0.0,0,0,0.0,0,0,0,0.0,0.47265625,1,P18_CV0,1,1,1,2,0
6,0.7917250380826646,0.5288949197529045,R6_F6_m17f13_P17_Y14_UO1257,RD17_F2_m2f13_P2_Y12_UO695,RD13_F3_m3f20_P3_Y12_UO339,FXX,1,0.0,1,1,1.0,0,0,0,-9999.0,0.55078125,1,P18_CV0,1,1,1,1,1
6,0.7917250380826646,0.5288949197529045,Age0_F6_m6f13_P6_Y15_UO592,R6_F6_m3f19_P3_Y13_UO45,R13_F13_m9f18_P9_Y12_UO528,MXY,0,0.0,0,0,0.0,0,0,0,0.0,0.5703125,1,P19_CV0,1,1,1,1,1
6,0.7917250380826646,0.5288949197529045,Age0_F6_m6f13_P6_Y15_UO596,R6_F6_m3f19_P3_Y13_UO45,R13_F13_m9f18_P9_Y12_UO528,FXX,0,0.0,0,0,0.0,0,0,0,0.0,0.5703125,1,P19_CV0,1,2,0,1,1
6,0.7917250380826646,0.5288949197529045,Age0_F6_m6f13_P6_Y15_UO597,R6_F6_m3f19_P3_Y13_UO45,R13_F13_m9f18_P9_Y12_UO528,MXY,0,0.0,0,0,0.0,0,0,0,0.0,0.5703125,1,P19_CV0,1,2,0,1,1
6,0.7917250380826646,0.5288949197529045,Age0_F6_m6f13_P6_Y15_UO598,R6_F6_m3f19_P3_Y13_UO45,R13_F13_m9f18_P9_Y12_UO528,MXY,0,0.0,0,0,0.0,0,0,0,0.0,0.5703125,1,P19_CV0,1,1,1,1,1
6,0.7917250380826646,0.5288949197529045,Age0_F6_m6f13_P6_Y15_UO599,R6_F6_m3f19_P3_Y13_UO45,R13_F13_m9f18_P9_Y12_UO528,MXY,0,0.0,0,0,0.0,0,0,0,0.0,0.5703125,1,P19_CV0,1,2,0,0,2
6,0.7917250380826646,0.5288949197529045,R6_F6_m10f12_P10_Y14_UO112,RD10_F7_m10f1_P10_Y12_UO1207,RD12_F9_m9f12_P9_Y12_UO1085,MXY,1,0.0,1,1,0.0,0,0,0,-9999.0,0.591796875,1,P19_CV0,1,2,0,2,0
6,0.7917250380826646,0.5288949197529045,R6_F6_m6f12_P6_Y14_UO602,RD6_F18_m18f10_P18_Y12_UO293,RD12_F9_m9f12_P9_Y12_UO1085,FXX,1,0.0,1,1,1.0,0,0,0,-9999.0,0.556640625,1,P19_CV0,1,1,1,1,1
6,0.7917250380826646,0.5288949197529045,Age0_F6_m6f9_P6_Y15_UO66,RD6_F15_m15f6_P15_Y13_UO427,RD9_F20_m20f3_P20_Y13_UO605,FXX,0,0.0,0,0,0.0,0,0,0,0.0,0.5,1,P2_CV0,1,0,2,0,2
6,0.7917250380826646,0.5288949197529045,Age0_F6_m6f10_P6_Y15_UO1053,R6_F6_m6f13_P6_Y13_UO1107,R10_F10_m19f20_P19_Y12_UO150,FXX,0,0.0,0,0,0.0,0,0,0,0.0,0.572265625,1,P3_CV0,1,2,0,0,2
6,0.7917250380826646,0.5288949197529045,Age0_F6_m6f10_P6_Y15_UO1055,R6_F6_m6f13_P6_Y13_UO1107,R10_F10_m19f20_P19_Y12_UO150,FXX,0,0.0,0,0,0.0,0,0,0,0.0,0.572265625,1,P3_CV0,1,1,1,0,2
6,0.7917250380826646,0.5288949197529045,Age0_F6_m6f5_P6_Y15_UO1078,R6_F6_m20f14_P20_Y13_UO265,R5_F5_m5f20_P5_Y12_UO566,MXY,0,0.0,0,0,0.0,0,0,0,0.0,0.505859375,1,P3_CV0,1,1,1,1,1
6,0.7917250380826646,0.5288949197529045,Age0_F6_m6f5_P6_Y15_UO1080,R6_F6_m20f14_P20_Y13_UO265,R5_F5_m5f20_P5_Y12_UO566,MXY,0,0.0,0,0,0.0,0,0,0,0.0,0.505859375,1,P3_CV0,1,1,1,0,2
6,0.7917250380826646,0.5288949197529045,Age0_F6_m6f8_P6_Y15_UO1298,RD6_F16_m2f15_P2_Y13_UO1267,RD8_F1_m4f17_P4_Y13_UO1002,MXY,0,0.0,0,0,0.0,0,0,0,0.0,0.47265625,1,P3_CV0,1,1,1,2,0
6,0.7917250380826646,0.5288949197529045,Age0_F6_m6f8_P6_Y15_UO1299,RD6_F16_m2f15_P2_Y13_UO1267,RD8_F1_m4f17_P4_Y13_UO1002,FXX,0,0.0,0,0,0.0,0,0,0,0.0,0.47265625,1,P3_CV0,1,2,0,2,0
6,0.7917250380826646,0.5288949197529045,R6_F6_m7f15_P7_Y12_UO1216,RD7_F19_m15f8_P15_Y10_UO970,R15_F15_m15f8_P15_Y10_UO967,MXY,3,0.0,1,0,0.0,0,0,0,-9999.0,0.515625,1,P3_CV0,1,1,1,2,0
6,0.7917250380826646,0.5288949197529045,Age0_F6_m6f10_P6_Y15_UO1054,R6_F6_m6f13_P6_Y13_UO1107,R10_F10_m19f20_P19_Y12_UO150,MXY,0,0.0,0,0,0.0,0,0,0,0.0,0.572265625,1,P4_CV0,1,2,0,0,2
6,0.7917250380826646,0.5288949197529045,Age0_F6_m6f8_P6_Y15_UO1193,R6_F6_m6f13_P6_Y13_UO1101,RD8_F4_m13f9_P13_Y12_UO1101,FXX,0,0.0,0,0,0.0,0,0,0,0.0,0.546875,1,P4_CV0,1,1,1,0,2
6,0.7917250380826646,0.5288949197529045,Age0_F6_m6f8_P6_Y15_UO1195,R6_F6_m6f13_P6_Y13_UO1101,RD8_F4_m13f9_P13_Y12_UO1101,FXX,0,0.0,0,0,0.0,0,0,0,0.0,0.546875,1,P4_CV0,1,1,1,0,2
6,0.7917250380826646,0.5288949197529045,R6_F6_m13f4_P13_Y13_UO900,RD13_F11_m11f18_P11_Y11_UO534,RD4_F9_m7f5_P7_Y10_UO603,FXX,2,0.0,1,0,1.0,0,0,0,-9999.0,0.52734375,1,P5_CV0,1,2,0,0,2
6,0.7917250380826646,0.5288949197529045,Age0_F6_m6f11_P6_Y15_UO910,RD6_F13_m13f4_P13_Y13_UO894,R11_F11_m12f7_P12_Y12_UO921,MXY,0,0.0,0,0,0.0,0,0,0,0.0,0.552734375,1,P6_CV0,1,1,1,0,2
6,0.7917250380826646,0.5288949197529045,Age0_F6_m6f11_P6_Y15_UO913,RD6_F13_m13f4_P13_Y13_UO894,R11_F11_m12f7_P12_Y12_UO921,FXX,0,0.0,0,0,0.0,0,0,0,0.0,0.552734375,1,P6_CV0,1,1,1,1,1
6,0.7917250380826646,0.5288949197529045,Age0_F6_m6f11_P6_Y15_UO914,RD6_F13_m13f4_P13_Y13_UO894,R11_F11_m12f7_P12_Y12_UO921,FXX,0,0.0,0,0,0.0,0,0,0,0.0,0.552734375,1,P6_CV0,1,2,0,1,1
6,0.7917250380826646,0.5288949197529045,Age0_F6_m6f18_P6_Y15_UO740,R6_F6_m3f19_P3_Y13_UO45,R18_F18_m18f4_P18_Y13_UO708,FXX,0,0.0,0,0,0.0,0,0,0,0.0,0.517578125,1,P7_CV0,1,2,0,1,1
6,0.7917250380826646,0.5288949197529045,Age0_F6_m6f18_P6_Y15_UO742,R6_F6_m3f19_P3_Y13_UO45,R18_F18_m18f4_P18_Y13_UO708,MXY,0,0.0,0,0,0.0,0,0,0,0.0,0.517578125,1,P7_CV0,1,2,0,1,1
6,0.7917250380826646,0.5288949197529045,Age0_F6_m6f15_P6_Y15_UO972,R6_F6_m16f7_P16_Y13_UO678,RD15_F10_m11f10_P11_Y13_UO1393,MXY,0,0.0,0,0,0.0,0,0,0,0.0,0.49609375,1,P7_CV0,1,1,1,1,1
6,0.7917250380826646,0.5288949197529045,Age0_F6_m6f15_P6_Y15_UO973,R6_F6_m16f7_P16_Y13_UO678,RD15_F10_m11f10_P11_Y13_UO1393,MXY,0,0.0,0,0,0.0,0,0,0,0.0,0.49609375,1,P7_CV0,1,2,0,1,1
6,0.7917250380826646,0.5288949197529045,Age0_F6_m6f5_P6_Y15_UO1050,R6_F6_m18f4_P18_Y13_UO706,RD5_F3_m1f19_P1_Y13_UO800,FXX,0,0.0,0,0,0.0,0,0,0,0.0,0.494140625,1,P7_CV0,1,1,1,0,2
6,0.7917250380826646,0.5288949197529045,Age0_F6_m6f5_P6_Y15_UO1051,R6_F6_m18f4_P18_Y13_UO706,RD5_F3_m1f19_P1_Y13_UO800,MXY,0,0.0,0,0,0.0,0,0,0,0.0,0.494140625,1,P7_CV0,1,0,2,0,2
6,0.7917250380826646,0.5288949197529045,Age0_F6_m6f5_P6_Y15_UO1052,R6_F6_m18f4_P18_Y13_UO706,RD5_F3_m1f19_P1_Y13_UO800,FXX,0,0.0,0,0,0.0,0,0,0,0.0,0.494140625,1,P7_CV0,1,1,1,2,0
6,0.7917250380826646,0.5288949197529045,R6_F6_m6f12_P6_Y14_UO606,RD6_F18_m18f10_P18_Y12_UO293,RD12_F9_m9f12_P9_Y12_UO1085,FXX,1,0.0,1,1,1.0,0,0,0,-9999.0,0.556640625,1,P7_CV0,1,2,0,1,1
6,0.7917250380826646,0.5288949197529045,Age0_F6_m6f9_P6_Y15_UO67,RD6_F15_m15f6_P15_Y13_UO427,RD9_F20_m20f3_P20_Y13_UO605,MXY,0,0.0,0,0,0.0,0,0,0,0.0,0.5,1,P8_CV0,1,0,2,2,0
6,0.7917250380826646,0.5288949197529045,Age0_F6_m6f9_P6_Y15_UO68,RD6_F15_m15f6_P15_Y13_UO427,RD9_F20_m20f3_P20_Y13_UO605,FXX,0,0.0,0,0,0.0,0,0,0,0.0,0.5,1,P8_CV0,1,0,2,1,1
6,0.7917250380826646,0.5288949197529045,Age0_F6_m6f9_P6_Y15_UO69,RD6_F15_m15f6_P15_Y13_UO427,RD9_F20_m20f3_P20_Y13_UO605,MXY,0,0.0,0,0,0.0,0,0,0,0.0,0.5,1,P8_CV0,1,1,1,1,1
6,0.7917250380826646,0.5288949197529045,Age0_F6_m6f9_P6_Y15_UO70,RD6_F15_m15f6_P15_Y13_UO427,RD9_F20_m20f3_P20_Y13_UO605,FXX,0,0.0,0,0,0.0,0,0,0,0.0,0.5,1,P8_CV0,1,0,2,1,1
6,0.7917250380826646,0.5288949197529045,Age0_F6_m6f9_P6_Y15_UO71,RD6_F15_m15f6_P15_Y13_UO427,RD9_F20_m20f3_P20_Y13_UO605,MXY,0,0.0,0,0,0.0,0,0,0,0.0,0.5,1,P8_CV0,1,0,2,1,1
6,0.7917250380826646,0.5288949197529045,Age0_F6_m6f9_P6_Y15_UO72,RD6_F15_m15f6_P15_Y13_UO427,RD9_F20_m20f3_P20_Y13_UO605,MXY,0,0.0,0,0,0.0,0,0,0,0.0,0.5,1,P8_CV0,1,1,1,1,1
6,0.7917250380826646,0.5288949197529045,Age0_F6_m6f9_P6_Y15_UO73,RD6_F15_m15f6_P15_Y13_UO427,RD9_F20_m20f3_P20_Y13_UO605,FXX,0,0.0,0,0,0.0,0,0,0,0.0,0.5,1,P8_CV0,1,0,2,1,1
6,0.7917250380826646,0.5288949197529045,Age0_F6_m6f8_P6_Y15_UO1194,R6_F6_m6f13_P6_Y13_UO1101,RD8_F4_m13f9_P13_Y12_UO1101,MXY,0,0.0,0,0,0.0,0,0,0,0.0,0.546875,1,P8_CV0,1,2,0,0,2
6,0.7917250380826646,0.5288949197529045,Age0_F6_m6f8_P6_Y15_UO1196,R6_F6_m6f13_P6_Y13_UO1101,RD8_F4_m13f9_P13_Y12_UO1101,FXX,0,0.0,0,0,0.0,0,0,0,0.0,0.546875,1,P8_CV0,1,2,0,0,2
6,0.7917250380826646,0.5288949197529045,Age0_F6_m6f8_P6_Y15_UO1197,R6_F6_m6f13_P6_Y13_UO1101,RD8_F4_m13f9_P13_Y12_UO1101,MXY,0,0.0,0,0,0.0,0,0,0,0.0,0.546875,1,P8_CV0,1,1,1,0,2
6,0.7917250380826646,0.5288949197529045,R6_F6_m18f9_P18_Y14_UO538,R18_F18_m20f16_P20_Y12_UO1271,R9_F9_m10f4_P10_Y12_UO301,MXY,1,0.0,1,1,0.0,0,0,0,-9999.0,0.517578125,1,P8_CV0,1,0,2,2,0
6,0.7917250380826646,0.5288949197529045,R6_F6_m20f11_P20_Y14_UO1235,RD20_F15_m15f5_P15_Y12_UO198,R11_F11_m19f4_P19_Y12_UO8,MXY,1,0.0,1,1,0.0,0,0,0,-9999.0,0.587890625,1,P8_CV0,1,2,0,2,0
6,0.7917250380826646,0.5288949197529045,R6_F6_m15f14_P15_Y13_UO329,R15_F15_m4f8_P4_Y11_UO1019,R14_F14_m1f12_P1_Y8_UO981,FXX,2,0.0,1,0,1.0,0,0,0,-9999.0,0.53125,1,P8_CV0,1,0,2,1,1
6,0.7917250380826646,0.5288949197529045,R6_F6_m6f7_P6_Y13_UO364,RD6_F10_m10f12_P10_Y11_UO431,R7_F7_m7f20_P7_Y11_UO1208,MXY,2,0.0,1,0,0.0,0,0,0,-9999.0,0.48046875,1,P8_CV0,1,1,1,1,1
6,0.7917250380826646,0.5288949197529045,Age0_F6_m6f5_P6_Y15_UO1049,R6_F6_m18f4_P18_Y13_UO706,RD5_F3_m1f19_P1_Y13_UO800,FXX,0,0.0,0,0,0.0,0,0,0,0.0,0.494140625,1,P9_CV0,1,1,1,0,2
6,0.7917250380826646,0.5288949197529045,Age0_F6_m6f5_P6_Y15_UO1261,R6_F6_m14f18_P14_Y13_UO1229,RD5_F3_m1f19_P1_Y13_UO800,FXX,0,0.0,0,0,0.0,0,0,0,0.0,0.513671875,1,P9_CV0,1,1,1,1,1
6,0.7917250380826646,0.5288949197529045,Age0_F6_m6f5_P6_Y15_UO1263,R6_F6_m14f18_P14_Y13_UO1229,RD5_F3_m1f19_P1_Y13_UO800,FXX,0,0.0,0,0,0.0,0,0,0,0.0,0.513671875,1,P9_CV0,1,1,1,0,2
6,0.7917250380826646,0.5288949197529045,Age0_F6_m6f5_P6_Y15_UO1264,R6_F6_m14f18_P14_Y13_UO1229,RD5_F3_m1f19_P1_Y13_UO800,FXX,0,0.0,0,0,0.0,0,0,0,0.0,0.513671875,1,P9_CV0,1,0,2,0,2
6,0.7917250380826646,0.5288949197529045,R6_F6_m6f11_P6_Y14_UO54,RD6_F10_m16f20_P16_Y12_UO1075,R11_F11_m19f4_P19_Y12_UO8,MXY,1,0.0,1,1,0.0,0,0,0,-9999.0,0.609375,1,P9_CV0,1,2,0,1,1
6,0.7917250380826646,0.5288949197529045,R6_F6_m6f11_P6_Y14_UO55,RD6_F10_m16f20_P16_Y12_UO1075,R11_F11_m19f4_P19_Y12_UO8,MXY,1,0.0,1,1,0.0,0,0,0,-9999.0,0.609375,1,P9_CV0,1,1,1,1,1
6,0.7917250380826646,0.5288949197529045,R6_F6_m6f1_P6_Y13_UO1279,RD6_F12_m10f5_P10_Y11_UO194,RD1_F3_m19f15_P19_Y9_UO958,MXY,2,0.0,1,0,0.0,0,0,0,-9999.0,0.51953125,1,P9_CV0,1,2,0,1,1
7,0.5680445610939323,0.925596638292661,R7_F7_m7f9_P7_Y14_UO1030,R7_F7_m13f14_P13_Y12_UO1195,R9_F9_m9f12_P9_Y12_UO1089,MXY,1,0.0,1,1,0.0,0,0,0,-9999.0,0.5078125,1,P0_CV0,1,1,1,2,0
7,0.5680445610939323,0.925596638292661,R7_F7_m7f9_P7_Y14_UO1034,R7_F7_m13f14_P13_Y12_UO1195,R9_F9_m9f12_P9_Y12_UO1089,FXX,1,0.0,1,1,1.0,0,0,0,-9999.0,0.5078125,1,P0_CV0,1,1,1,1,1
7,0.5680445610939323,0.925596638292661,Age0_F7_m7f10_P7_Y15_UO157,R7_F7_m7f13_P7_Y13_UO405,R10_F10_m12f7_P12_Y13_UO30,MXY,0,0.0,0,0,0.0,0,0,0,0.0,0.50390625,1,P10_CV0,1,1,1,2,0
7,0.5680445610939323,0.925596638292661,Age0_F7_m7f10_P7_Y15_UO158,R7_F7_m7f13_P7_Y13_UO405,R10_F10_m12f7_P12_Y13_UO30,MXY,0,0.0,0,0,0.0,0,0,0,0.0,0.50390625,1,P10_CV0,1,0,2,2,0
7,0.5680445610939323,0.925596638292661,Age0_F7_m7f10_P7_Y15_UO161,R7_F7_m7f13_P7_Y13_UO405,R10_F10_m12f7_P12_Y13_UO30,MXY,0,0.0,0,0,0.0,0,0,0,0.0,0.50390625,1,P10_CV0,1,2,0,1,1
7,0.5680445610939323,0.925596638292661,Age0_F7_m7f16_P7_Y15_UO652,RD7_F14_m7f14_P7_Y13_UO911,R16_F16_m16f13_P16_Y13_UO1170,MXY,0,0.0,0,0,0.0,0,0,0,0.0,0.45703125,1,P10_CV0,1,1,1,1,1
7,0.5680445610939323,0.925596638292661,Age0_F7_m7f16_P7_Y15_UO653,RD7_F14_m7f14_P7_Y13_UO911,R16_F16_m16f13_P16_Y13_UO1170,FXX,0,0.0,0,0,0.0,0,0,0,0.0,0.45703125,1,P10_CV0,1,1,1,1,1
7,0.5680445610939323,0.925596638292661,Age0_F7_m7f16_P7_Y15_UO654,RD7_F14_m7f14_P7_Y13_UO911,R16_F16_m16f13_P16_Y13_UO1170,FXX,0,0.0,0,0,0.0,0,0,0,0.0,0.45703125,1,P10_CV0,1,1,1,0,2
7,0.5680445610939323,0.925596638292661,R7_F7_m12f4_P12_Y11_UO1379,R12_F12_m3f1_P3_Y9_UO1014,RD4_F19_m7f14_P7_Y9_UO1102,MXY,4,0.0,1,0,0.0,0,0,0,-9999.0,0.546875,1,P10_CV0,1,0,2,1,1
7,0.5680445610939323,0.925596638292661,R7_F7_m19f7_P19_Y11_UO936,R19_F19_m10f12_P10_Y9_UO699,RD7_F19_m19f13_P19_Y9_UO1205,MXY,4,0.0,1,0,0.0,0,0,0,-9999.0,0.5703125,1,P10_CV0,1,0,2,1,1
7,0.5680445610939323,0.925596638292661,R7_F7_m7f11_P7_Y14_UO366,RD7_F10_m10f20_P10_Y12_UO669,RD11_F16_m9f18_P9_Y12_UO530,MXY,1,0.0,1,1,0.0,0,0,0,-9999.0,0.56640625,1,P11_CV0,1,1,1,2,0
7,0.5680445610939323,0.925596638292661,Age0_F7_m7f3_P7_Y15_UO107,RD7_F14_m7f14_P7_Y13_UO911,R3_F3_m13f12_P13_Y13_UO1359,MXY,0,0.0,0,0,0.0,0,0,0,0.0,0.482421875,1,P13_CV0,1,1,1,1,1
7,0.5680445610939323,0.925596638292661,Age0_F7_m7f3_P7_Y15_UO108,RD7_F14_m7f14_P7_Y13_UO911,R3_F3_m13f12_P13_Y13_UO1359,MXY,0,0.0,0,0,0.0,0,0,0,0.0,0.482421875,1,P13_CV0,1,1,1,0,2
7,0.5680445610939323,0.925596638292661,Age0_F7_m7f3_P7_Y15_UO109,RD7_F14_m7f14_P7_Y13_UO911,R3_F3_m13f12_P13_Y13_UO1359,FXX,0,0.0,0,0,0.0,0,0,0,0.0,0.482421875,1,P13_CV0,1,0,2,0,2
7,0.5680445610939323,0.925596638292661,Age0_F7_m7f3_P7_Y15_UO110,RD7_F14_m7f14_P7_Y13_UO911,R3_F3_m13f12_P13_Y13_UO1359,FXX,0,0.0,0,0,0.0,0,0,0,0.0,0.482421875,1,P13_CV0,1,1,1,1,1
7,0.5680445610939323,0.925596638292661,Age0_F7_m7f3_P7_Y15_UO111,RD7_F14_m7f14_P7_Y13_UO911,R3_F3_m13f12_P13_Y13_UO1359,MXY,0,0.0,0,0,0.0,0,0,0,0.0,0.482421875,1,P13_CV0,1,1,1,1,1
7,0.5680445610939323,0.925596638292661,Age0_F7_m7f4_P7_Y15_UO133,RD7_F14_m7f14_P7_Y13_UO911,RD4_F2_m2f9_P2_Y13_UO1147,FXX,0,0.0,0,0,0.0,0,0,0,0.0,0.451171875,1,P13_CV0,1,0,2,1,1
7,0.5680445610939323,0.925596638292661,Age0_F7_m7f4_P7_Y15_UO136,RD7_F14_m7f14_P7_Y13_UO911,RD4_F2_m2f9_P2_Y13_UO1147,FXX,0,0.0,0,0,0.0,0,0,0,0.0,0.451171875,1,P13_CV0,1,0,2,1,1
7,0.5680445610939323,0.925596638292661,Age0_F7_m7f4_P7_Y15_UO137,RD7_F14_m7f14_P7_Y13_UO911,RD4_F2_m2f9_P2_Y13_UO1147,FXX,0,0.0,0,0,0.0,0,0,0,0.0,0.451171875,1,P13_CV0,1,1,1,1,1
7,0.5680445610939323,0.925596638292661,Age0_F7_m7f16_P7_Y15_UO651,RD7_F14_m7f14_P7_Y13_UO911,R16_F16_m16f13_P16_Y13_UO1170,FXX,0,0.0,0,0,0.0,0,0,0,0.0,0.45703125,1,P13_CV0,1,1,1,1,1
7,0.5680445610939323,0.925596638292661,Age0_F7_m7f17_P7_Y15_UO677,R7_F7_m11f19_P11_Y13_UO248,R17_F17_m1f6_P1_Y12_UO64,MXY,0,0.0,0,0,0.0,0,0,0,0.0,0.529296875,1,P13_CV0,1,2,0,1,1
7,0.5680445610939323,0.925596638292661,Age0_F7_m7f17_P7_Y15_UO679,R7_F7_m11f19_P11_Y13_UO248,R17_F17_m1f6_P1_Y12_UO64,MXY,0,0.0,0,0,0.0,0,0,0,0.0,0.529296875,1,P13_CV0,1,1,1,1,1
7,0.5680445610939323,0.925596638292661,Age0_F7_m7f17_P7_Y15_UO680,R7_F7_m11f19_P11_Y13_UO248,R17_F17_m1f6_P1_Y12_UO64,MXY,0,0.0,0,0,0.0,0,0,0,0.0,0.529296875,1,P13_CV0,1,1,1,0,2
7,0.5680445610939323,0.925596638292661,Age0_F7_m7f17_P7_Y15_UO682,R7_F7_m11f19_P11_Y13_UO248,R17_F17_m1f6_P1_Y12_UO64,FXX,0,0.0,0,0,0.0,0,0,0,0.0,0.529296875,1,P13_CV0,1,2,0,1,1
7,0.5680445610939323,0.925596638292661,Age0_F7_m7f20_P7_Y15_UO993,RD7_F14_m7f14_P7_Y13_UO911,RD20_F7_m2f20_P2_Y13_UO864,MXY,0,0.0,0,0,0.0,0,0,0,0.0,0.482421875,1,P13_CV0,1,1,1,0,2
7,0.5680445610939323,0.925596638292661,Age0_F7_m7f20_P7_Y15_UO994,RD7_F14_m7f14_P7_Y13_UO911,RD20_F7_m2f20_P2_Y13_UO864,FXX,0,0.0,0,0,0.0,0,0,0,0.0,0.482421875,1,P13_CV0,1,0,2,1,1
7,0.5680445610939323,0.925596638292661,Age0_F7_m7f20_P7_Y15_UO996,RD7_F14_m7f14_P7_Y13_UO911,RD20_F7_m2f20_P2_Y13_UO864,FXX,0,0.0,0,0,0.0,0,0,0,0.0,0.482421875,1,P13_CV0,1,0,2,0,2
7,0.5680445610939323,0.925596638292661,Age0_F7_m7f4_P7_Y15_UO1357,RD7_F14_m7f14_P7_Y13_UO911,RD4_F15_m14f5_P14_Y13_UO389,MXY,0,0.0,0,0,0.0,0,0,0,0.0,0.4765625,1,P13_CV0,1,1,1,1,1
7,0.5680445610939323,0.925596638292661,Age0_F7_m7f4_P7_Y15_UO1358,RD7_F14_m7f14_P7_Y13_UO911,RD4_F15_m14f5_P14_Y13_UO389,FXX,0,0.0,0,0,0.0,0,0,0,0.0,0.4765625,1,P13_CV0,1,1,1,1,1
7,0.5680445610939323,0.925596638292661,R7_F7_m7f1_P7_Y14_UO1046,R7_F7_m14f11_P14_Y12_UO1170,R1_F1_m1f6_P1_Y12_UO63,FXX,1,0.0,1,1,1.0,0,0,0,-9999.0,0.513671875,1,P13_CV0,1,1,1,0,2
7,0.5680445610939323,0.925596638292661,R7_F7_m16f15_P16_Y13_UO562,RD16_F9_m1f6_P1_Y11_UO864,R15_F15_m15f3_P15_Y11_UO1374,MXY,2,0.0,1,0,0.0,0,0,0,-9999.0,0.46484375,1,P13_CV0,1,0,2,1,1
7,0.5680445610939323,0.925596638292661,Age0_F7_m7f5_P7_Y15_UO486,RD7_F6_m15f9_P15_Y13_UO374,RD5_F3_m7f10_P7_Y13_UO1065,MXY,0,0.0,0,0,0.0,0,0,0,0.0,0.48828125,1,P14_CV0,1,2,0,0,2
7,0.5680445610939323,0.925596638292661,Age0_F7_m7f5_P7_Y15_UO489,RD7_F6_m15f9_P15_Y13_UO374,RD5_F3_m7f10_P7_Y13_UO1065,MXY,0,0.0,0,0,0.0,0,0,0,0.0,0.48828125,1,P14_CV0,1,2,0,0,2
7,0.5680445610939323,0.925596638292661,Age0_F7_m7f5_P7_Y15_UO490,RD7_F6_m15f9_P15_Y13_UO374,RD5_F3_m7f10_P7_Y13_UO1065,FXX,0,0.0,0,0,0.0,0,0,0,0.0,0.48828125,1,P14_CV0,1,2,0,0,2
7,0.5680445610939323,0.925596638292661,Age0_F7_m7f2_P7_Y15_UO683,RD7_F4_m19f8_P19_Y13_UO662,R2_F2_m15f7_P15_Y13_UO1062,MXY,0,0.0,0,0,0.0,0,0,0,0.0,0.484375,1,P14_CV0,1,2,0,1,1
7,0.5680445610939323,0.925596638292661,Age0_F7_m7f19_P7_Y15_UO1344,RD7_F4_m19f8_P19_Y13_UO662,RD19_F20_m17f1_P17_Y13_UO844,MXY,0,0.0,0,0,0.0,0,0,0,0.0,0.50390625,1,P14_CV0,1,2,0,1,1
7,0.5680445610939323,0.925596638292661,Age0_F7_m7f10_P7_Y15_UO159,R7_F7_m7f13_P7_Y13_UO405,R10_F10_m12f7_P12_Y13_UO30,MXY,0,0.0,0,0,0.0,0,0,0,0.0,0.50390625,1,P15_CV0,1,1,1,2,0
7,0.5680445610939323,0.925596638292661,Age0_F7_m7f10_P7_Y15_UO160,R7_F7_m7f13_P7_Y13_UO405,R10_F10_m12f7_P12_Y13_UO30,FXX,0,0.0,0,0,0.0,0,0,0,0.0,0.50390625,1,P15_CV0,1,2,0,2,0
7,0.5680445610939323,0.925596638292661,Age0_F7_m7f5_P7_Y15_UO810,R7_F7_m7f18_P7_Y13_UO77,R5_F5_m5f4_P5_Y13_UO1215,MXY,0,0.0,0,0,0.0,0,0,0,0.0,0.515625,1,P15_CV0,1,2,0,1,1
7,0.5680445610939323,0.925596638292661,Age0_F7_m7f5_P7_Y15_UO813,R7_F7_m7f18_P7_Y13_UO77,R5_F5_m5f4_P5_Y13_UO1215,FXX,0,0.0,0,0,0.0,0,0,0,0.0,0.515625,1,P15_CV0,1,2,0,1,1
7,0.5680445610939323,0.925596638292661,Age0_F7_m7f5_P7_Y15_UO814,R7_F7_m7f18_P7_Y13_UO77,R5_F5_m5f4_P5_Y13_UO1215,MXY,0,0.0,0,0,0.0,0,0,0,0.0,0.515625,1,P15_CV0,1,2,0,2,0
7,0.5680445610939323,0.925596638292661,Age0_F7_m7f5_P7_Y15_UO815,R7_F7_m7f18_P7_Y13_UO77,R5_F5_m5f4_P5_Y13_UO1215,FXX,0,0.0,0,0,0.0,0,0,0,0.0,0.515625,1,P15_CV0,1,2,0,0,2
7,0.5680445610939323,0.925596638292661,Age0_F7_m7f8_P7_Y15_UO818,R7_F7_m7f11_P7_Y13_UO1365,RD8_F3_m3f19_P3_Y13_UO48,MXY,0,0.0,0,0,0.0,0,0,0,0.0,0.54296875,1,P15_CV0,1,0,2,0,2
7,0.5680445610939323,0.925596638292661,Age0_F7_m7f20_P7_Y15_UO992,RD7_F14_m7f14_P7_Y13_UO911,RD20_F7_m2f20_P2_Y13_UO864,MXY,0,0.0,0,0,0.0,0,0,0,0.0,0.482421875,1,P15_CV0,1,0,2,1,1
7,0.5680445610939323,0.925596638292661,Age0_F7_m7f20_P7_Y15_UO995,RD7_F14_m7f14_P7_Y13_UO911,RD20_F7_m2f20_P2_Y13_UO864,MXY,0,0.0,0,0,0.0,0,0,0,0.0,0.482421875,1,P15_CV0,1,0,2,1,1
7,0.5680445610939323,0.925596638292661,Age0_F7_m7f4_P7_Y15_UO1217,R7_F7_m7f18_P7_Y13_UO79,R4_F4_m20f3_P20_Y13_UO603,MXY,0,0.0,0,0,0.0,0,0,0,0.0,0.4921875,1,P15_CV0,1,1,1,1,1
7,0.5680445610939323,0.925596638292661,Age0_F7_m7f4_P7_Y15_UO1218,R7_F7_m7f18_P7_Y13_UO79,R4_F4_m20f3_P20_Y13_UO603,FXX,0,0.0,0,0,0.0,0,0,0,0.0,0.4921875,1,P15_CV0,1,1,1,1,1
7,0.5680445610939323,0.925596638292661,Age0_F7_m7f4_P7_Y15_UO1219,R7_F7_m7f18_P7_Y13_UO79,R4_F4_m20f3_P20_Y13_UO603,FXX,0,0.0,0,0,0.0,0,0,0,0.0,0.4921875,1,P15_CV0,1,1,1,1,1
7,0.5680445610939323,0.925596638292661,Age0_F7_m7f19_P7_Y15_UO1245,R7_F7_m7f18_P7_Y13_UO79,RD19_F11_m11f16_P11_Y13_UO816,FXX,0,0.0,0,0,0.0,0,0,0,0.0,0.513671875,1,P15_CV0,1,2,0,2,0
7,0.5680445610939323,0.925596638292661,Age0_F7_m7f19_P7_Y15_UO1247,R7_F7_m7f18_P7_Y13_UO79,RD19_F11_m11f16_P11_Y13_UO816,MXY,0,0.0,0,0,0.0,0,0,0,0.0,0.513671875,1,P15_CV0,1,2,0,1,1
7,0.5680445610939323,0.925596638292661,Age0_F7_m7f19_P7_Y15_UO1248,R7_F7_m7f18_P7_Y13_UO79,RD19_F11_m11f16_P11_Y13_UO816,MXY,0,0.0,0,0,0.0,0,0,0,0.0,0.513671875,1,P15_CV0,1,0,2,1,1
7,0.5680445610939323,0.925596638292661,Age0_F7_m7f19_P7_Y15_UO1249,R7_F7_m7f18_P7_Y13_UO79,RD19_F11_m11f16_P11_Y13_UO816,FXX,0,0.0,0,0,0.0,0,0,0,0.0,0.513671875,1,P15_CV0,1,0,2,2,0
7,0.5680445610939323,0.925596638292661,Age0_F7_m7f17_P7_Y15_UO678,R7_F7_m11f19_P11_Y13_UO248,R17_F17_m1f6_P1_Y12_UO64,MXY,0,0.0,0,0,0.0,0,0,0,0.0,0.529296875,1,P16_CV0,1,2,0,0,2
7,0.5680445610939323,0.925596638292661,Age0_F7_m7f17_P7_Y15_UO681,R7_F7_m11f19_P11_Y13_UO248,R17_F17_m1f6_P1_Y12_UO64,MXY,0,0.0,0,0,0.0,0,0,0,0.0,0.529296875,1,P16_CV0,1,2,0,1,1
7,0.5680445610939323,0.925596638292661,Age0_F7_m7f4_P7_Y15_UO1231,RD7_F15_m15f5_P15_Y13_UO1221,R4_F4_m4f3_P4_Y13_UO503,MXY,0,0.0,0,0,0.0,0,0,0,0.0,0.466796875,1,P16_CV0,1,1,1,1,1
7,0.5680445610939323,0.925596638292661,Age0_F7_m7f4_P7_Y15_UO134,RD7_F14_m7f14_P7_Y13_UO911,RD4_F2_m2f9_P2_Y13_UO1147,FXX,0,0.0,0,0,0.0,0,0,0,0.0,0.451171875,1,P17_CV0,1,0,2,1,1
7,0.5680445610939323,0.925596638292661,Age0_F7_m7f4_P7_Y15_UO135,RD7_F14_m7f14_P7_Y13_UO911,RD4_F2_m2f9_P2_Y13_UO1147,FXX,0,0.0,0,0,0.0,0,0,0,0.0,0.451171875,1,P17_CV0,1,1,1,1,1
7,0.5680445610939323,0.925596638292661,Age0_F7_m7f5_P7_Y15_UO811,R7_F7_m7f18_P7_Y13_UO77,R5_F5_m5f4_P5_Y13_UO1215,FXX,0,0.0,0,0,0.0,0,0,0,0.0,0.515625,1,P17_CV0,1,2,0,0,2
7,0.5680445610939323,0.925596638292661,Age0_F7_m7f5_P7_Y15_UO812,R7_F7_m7f18_P7_Y13_UO77,R5_F5_m5f4_P5_Y13_UO1215,FXX,0,0.0,0,0,0.0,0,0,0,0.0,0.515625,1,P17_CV0,1,2,0,1,1
7,0.5680445610939323,0.925596638292661,Age0_F7_m7f5_P7_Y15_UO816,R7_F7_m7f18_P7_Y13_UO77,R5_F5_m5f4_P5_Y13_UO1215,MXY,0,0.0,0,0,0.0,0,0,0,0.0,0.515625,1,P17_CV0,1,2,0,2,0
7,0.5680445610939323,0.925596638292661,Age0_F7_m7f8_P7_Y15_UO817,R7_F7_m7f11_P7_Y13_UO1365,RD8_F3_m3f19_P3_Y13_UO48,FXX,0,0.0,0,0,0.0,0,0,0,0.0,0.54296875,1,P19_CV0,1,1,1,0,2
7,0.5680445610939323,0.925596638292661,Age0_F7_m7f8_P7_Y15_UO819,R7_F7_m7f11_P7_Y13_UO1365,RD8_F3_m3f19_P3_Y13_UO48,FXX,0,0.0,0,0,0.0,0,0,0,0.0,0.54296875,1,P19_CV0,1,1,1,0,2
7,0.5680445610939323,0.925596638292661,Age0_F7_m7f8_P7_Y15_UO820,R7_F7_m7f11_P7_Y13_UO1365,RD8_F3_m3f19_P3_Y13_UO48,MXY,0,0.0,0,0,0.0,0,0,0,0.0,0.54296875,1,P19_CV0,1,1,1,1,1
7,0.5680445610939323,0.925596638292661,Age0_F7_m7f8_P7_Y15_UO821,R7_F7_m7f11_P7_Y13_UO1365,RD8_F3_m3f19_P3_Y13_UO48,MXY,0,0.0,0,0,0.0,0,0,0,0.0,0.54296875,1,P19_CV0,1,1,1,1,1
7,0.5680445610939323,0.925596638292661,Age0_F7_m7f8_P7_Y15_UO822,R7_F7_m7f11_P7_Y13_UO1365,RD8_F3_m3f19_P3_Y13_UO48,MXY,0,0.0,0,0,0.0,0,0,0,0.0,0.54296875,1,P19_CV0,1,1,1,1,1
7,0.5680445610939323,0.925596638292661,Age0_F7_m7f8_P7_Y15_UO823,R7_F7_m7f11_P7_Y13_UO1365,RD8_F3_m3f19_P3_Y13_UO48,MXY,0,0.0,0,0,0.0,0,0,0,0.0,0.54296875,1,P19_CV0,1,0,2,0,2
7,0.5680445610939323,0.925596638292661,R7_F7_m7f11_P7_Y14_UO369,RD7_F10_m10f20_P10_Y12_UO669,RD11_F16_m9f18_P9_Y12_UO530,FXX,1,0.0,1,1,1.0,0,0,0,-9999.0,0.56640625,1,P19_CV0,1,1,1,2,0
7,0.5680445610939323,0.925596638292661,R7_F7_m7f14_P7_Y14_UO1180,R7_F7_m13f14_P13_Y12_UO1195,R14_F14_m14f8_P14_Y12_UO963,FXX,1,0.0,1,1,1.0,0,0,0,-9999.0,0.51171875,1,P19_CV0,1,0,2,1,1
7,0.5680445610939323,0.925596638292661,R7_F7_m7f18_P7_Y14_UO493,RD7_F3_m3f20_P3_Y12_UO336,R18_F18_m18f17_P18_Y12_UO1129,FXX,1,0.0,1,1,1.0,0,0,0,-9999.0,0.517578125,1,P19_CV0,1,1,1,2,0
7,0.5680445610939323,0.925596638292661,R7_F7_m7f11_P7_Y14_UO365,RD7_F10_m10f20_P10_Y12_UO669,RD11_F16_m9f18_P9_Y12_UO530,MXY,1,0.0,1,1,0.0,0,0,0,-9999.0,0.56640625,1,P19_CV0,1,1,1,2,0
7,0.5680445610939323,0.925596638292661,R7_F7_m7f18_P7_Y14_UO499,RD7_F3_m3f20_P3_Y12_UO336,R18_F18_m18f17_P18_Y12_UO1129,MXY,1,0.0,1,1,0.0,0,0,0,-9999.0,0.517578125,1,P19_CV0,1,1,1,2,0
7,0.5680445610939323,0.925596638292661,R7_F7_m7f12_P7_Y12_UO809,R7_F7_m19f4_P19_Y10_UO782,R12_F12_m5f6_P5_Y10_UO932,MXY,3,0.0,1,0,0.0,0,0,0,-9999.0,0.52734375,1,P19_CV0,1,0,2,1,1
7,0.5680445610939323,0.925596638292661,Age0_F7_m7f4_P7_Y15_UO78,RD7_F16_m16f10_P16_Y13_UO627,R4_F4_m20f3_P20_Y13_UO603,MXY,0,0.0,0,0,0.0,0,0,0,0.0,0.4921875,1,P1_CV0,1,2,0,2,0
7,0.5680445610939323,0.925596638292661,Age0_F7_m7f4_P7_Y15_UO79,RD7_F16_m16f10_P16_Y13_UO627,R4_F4_m20f3_P20_Y13_UO603,MXY,0,0.0,0,0,0.0,0,0,0,0.0,0.4921875,1,P1_CV0,1,1,1,1,1
7,0.5680445610939323,0.925596638292661,Age0_F7_m7f2_P7_Y15_UO684,RD7_F4_m19f8_P19_Y13_UO662,R2_F2_m15f7_P15_Y13_UO1062,FXX,0,0.0,0,0,0.0,0,0,0,0.0,0.484375,1,P1_CV0,1,0,2,1,1
7,0.5680445610939323,0.925596638292661,Age0_F7_m7f2_P7_Y15_UO685,RD7_F4_m19f8_P19_Y13_UO662,R2_F2_m15f7_P15_Y13_UO1062,FXX,0,0.0,0,0,0.0,0,0,0,0.0,0.484375,1,P1_CV0,1,1,1,1,1
7,0.5680445610939323,0.925596638292661,Age0_F7_m7f2_P7_Y15_UO686,RD7_F4_m19f8_P19_Y13_UO662,R2_F2_m15f7_P15_Y13_UO1062,FXX,0,0.0,0,0,0.0,0,0,0,0.0,0.484375,1,P1_CV0,1,1,1,1,1
7,0.5680445610939323,0.925596638292661,Age0_F7_m7f5_P7_Y15_UO487,RD7_F6_m15f9_P15_Y13_UO374,RD5_F3_m7f10_P7_Y13_UO1065,MXY,0,0.0,0,0,0.0,0,0,0,0.0,0.48828125,1,P2_CV0,1,2,0,0,2
7,0.5680445610939323,0.925596638292661,Age0_F7_m7f5_P7_Y15_UO488,RD7_F6_m15f9_P15_Y13_UO374,RD5_F3_m7f10_P7_Y13_UO1065,MXY,0,0.0,0,0,0.0,0,0,0,0.0,0.48828125,1,P2_CV0,1,2,0,0,2
7,0.5680445610939323,0.925596638292661,Age0_F7_m7f9_P7_Y15_UO1199,RD7_F15_m15f5_P15_Y13_UO1221,R9_F9_m2f11_P2_Y13_UO1298,MXY,0,0.0,0,0,0.0,0,0,0,0.0,0.474609375,1,P2_CV0,1,0,2,0,2
7,0.5680445610939323,0.925596638292661,Age0_F7_m7f9_P7_Y15_UO1200,RD7_F15_m15f5_P15_Y13_UO1221,R9_F9_m2f11_P2_Y13_UO1298,FXX,0,0.0,0,0,0.0,0,0,0,0.0,0.474609375,1,P2_CV0,1,0,2,1,1
7,0.5680445610939323,0.925596638292661,Age0_F7_m7f4_P7_Y15_UO1228,RD7_F15_m15f5_P15_Y13_UO1221,R4_F4_m4f3_P4_Y13_UO503,FXX,0,0.0,0,0,0.0,0,0,0,0.0,0.466796875,1,P2_CV0,1,0,2,0,2
7,0.5680445610939323,0.925596638292661,Age0_F7_m7f4_P7_Y15_UO1229,RD7_F15_m15f5_P15_Y13_UO1221,R4_F4_m4f3_P4_Y13_UO503,FXX,0,0.0,0,0,0.0,0,0,0,0.0,0.466796875,1,P2_CV0,1,0,2,0,2
7,0.5680445610939323,0.925596638292661,Age0_F7_m7f4_P7_Y15_UO1230,RD7_F15_m15f5_P15_Y13_UO1221,R4_F4_m4f3_P4_Y13_UO503,FXX,0,0.0,0,0,0.0,0,0,0,0.0,0.466796875,1,P2_CV0,1,0,2,1,1
7,0.5680445610939323,0.925596638292661,Age0_F7_m7f19_P7_Y15_UO1246,R7_F7_m7f18_P7_Y13_UO79,RD19_F11_m11f16_P11_Y13_UO816,FXX,0,0.0,0,0,0.0,0,0,0,0.0,0.513671875,1,P2_CV0,1,0,2,2,0
7,0.5680445610939323,0.925596638292661,Age0_F7_m7f19_P7_Y15_UO1250,R7_F7_m7f18_P7_Y13_UO79,RD19_F11_m11f16_P11_Y13_UO816,FXX,0,0.0,0,0,0.0,0,0,0,0.0,0.513671875,1,P2_CV0,1,1,1,1,1
7,0.5680445610939323,0.925596638292661,R7_F7_m17f19_P17_Y14_UO65,RD17_F16_m16f4_P16_Y12_UO608,R19_F19_m19f10_P19_Y12_UO119,MXY,1,0.0,1,1,0.0,0,0,0,-9999.0,0.52734375,1,P2_CV0,1,1,1,1,1
7,0.5680445610939323,0.925596638292661,R7_F7_m11f10_P11_Y13_UO1040,R11_F11_m11f20_P11_Y11_UO1276,R10_F10_m12f17_P12_Y10_UO754,FXX,2,0.0,1,0,1.0,0,0,0,-9999.0,0.55859375,1,P2_CV0,1,1,1,0,2
7,0.5680445610939323,0.925596638292661,Age0_F7_m7f9_P7_Y15_UO1198,RD7_F15_m15f5_P15_Y13_UO1221,R9_F9_m2f11_P2_Y13_UO1298,FXX,0,0.0,0,0,0.0,0,0,0,0.0,0.474609375,1,P5_CV0,1,1,1,1,1
7,0.5680445610939323,0.925596638292661,R7_F7_m9f10_P9_Y14_UO433,RD9_F2_m2f1_P2_Y12_UO1234,R10_F10_m14f8_P14_Y12_UO968,FXX,1,0.0,1,1,1.0,0,0,0,-9999.0,0.5625,1,P7_CV0,1,1,1,1,1
7,0.5680445610939323,0.925596638292661,R7_F7_m17f12_P17_Y14_UO863,R17_F17_m18f10_P18_Y12_UO292,RD12_F18_m1f3_P1_Y12_UO1046,FXX,1,0.0,1,1,1.0,0,0,0,-9999.0,0.5390625,1,P7_CV0,1,0,2,1,1
7,0.5680445610939323,0.925596638292661,Age0_F7_m7f4_P7_Y15_UO80,RD7_F16_m16f10_P16_Y13_UO627,R4_F4_m20f3_P20_Y13_UO603,FXX,0,0.0,0,0,0.0,0,0,0,0.0,0.4921875,1,P8_CV0,1,2,0,1,1
7,0.5680445610939323,0.925596638292661,Age0_F7_m7f4_P7_Y15_UO81,RD7_F16_m16f10_P16_Y13_UO627,R4_F4_m20f3_P20_Y13_UO603,FXX,0,0.0,0,0,0.0,0,0,0,0.0,0.4921875,1,P8_CV0,1,2,0,2,0
7,0.5680445610939323,0.925596638292661,Age0_F7_m7f4_P7_Y15_UO82,RD7_F16_m16f10_P16_Y13_UO627,R4_F4_m20f3_P20_Y13_UO603,FXX,0,0.0,0,0,0.0,0,0,0,0.0,0.4921875,1,P8_CV0,1,2,0,1,1
7,0.5680445610939323,0.925596638292661,Age0_F7_m7f4_P7_Y15_UO1215,R7_F7_m7f18_P7_Y13_UO79,R4_F4_m20f3_P20_Y13_UO603,FXX,0,0.0,0,0,0.0,0,0,0,0.0,0.4921875,1,P8_CV0,1,0,2,1,1
7,0.5680445610939323,0.925596638292661,Age0_F7_m7f4_P7_Y15_UO1216,R7_F7_m7f18_P7_Y13_UO79,R4_F4_m20f3_P20_Y13_UO603,FXX,0,0.0,0,0,0.0,0,0,0,0.0,0.4921875,1,P8_CV0,1,1,1,1,1
7,0.5680445610939323,0.925596638292661,Age0_F7_m7f4_P7_Y15_UO1220,R7_F7_m7f18_P7_Y13_UO79,R4_F4_m20f3_P20_Y13_UO603,MXY,0,0.0,0,0,0.0,0,0,0,0.0,0.4921875,1,P8_CV0,1,1,1,1,1
7,0.5680445610939323,0.925596638292661,Age0_F7_m7f19_P7_Y15_UO1342,RD7_F4_m19f8_P19_Y13_UO662,RD19_F20_m17f1_P17_Y13_UO844,MXY,0,0.0,0,0,0.0,0,0,0,0.0,0.50390625,1,P9_CV0,1,1,1,1,1
7,0.5680445610939323,0.925596638292661,Age0_F7_m7f19_P7_Y15_UO1343,RD7_F4_m19f8_P19_Y13_UO662,RD19_F20_m17f1_P17_Y13_UO844,FXX,0,0.0,0,0,0.0,0,0,0,0.0,0.50390625,1,P9_CV0,1,1,1,1,1
7,0.5680445610939323,0.925596638292661,Age0_F7_m7f19_P7_Y15_UO1345,RD7_F4_m19f8_P19_Y13_UO662,RD19_F20_m17f1_P17_Y13_UO844,FXX,0,0.0,0,0,0.0,0,0,0,0.0,0.50390625,1,P9_CV0,1,2,0,1,1
8,0.07103605819788694,0.08712929970154071,Age0_F8_m8f14_P8_Y15_UO986,R8_F8_m13f4_P13_Y13_UO896,RD14_F4_m4f18_P4_Y13_UO235,MXY,0,0.0,0,0,0.0,0,0,0,0.0,0.509765625,1,P10_CV0,1,1,1,1,1
8,0.07103605819788694,0.08712929970154071,Age0_F8_m8f14_P8_Y15_UO991,R8_F8_m13f4_P13_Y13_UO896,RD14_F4_m4f18_P4_Y13_UO235,MXY,0,0.0,0,0,0.0,0,0,0,0.0,0.509765625,1,P10_CV0,1,1,1,0,2
8,0.07103605819788694,0.08712929970154071,Age0_F8_m8f20_P8_Y15_UO1096,R8_F8_m13f8_P13_Y13_UO219,RD20_F3_m13f14_P13_Y13_UO758,FXX,0,0.0,0,0,0.0,0,0,0,0.0,0.537109375,1,P10_CV0,1,1,1,0,2
8,0.07103605819788694,0.08712929970154071,Age0_F8_m8f20_P8_Y15_UO1097,R8_F8_m13f8_P13_Y13_UO219,RD20_F3_m13f14_P13_Y13_UO758,MXY,0,0.0,0,0,0.0,0,0,0,0.0,0.537109375,1,P10_CV0,1,2,0,0,2
8,0.07103605819788694,0.08712929970154071,Age0_F8_m8f9_P8_Y15_UO1350,R8_F8_m13f4_P13_Y13_UO896,RD9_F13_m13f18_P13_Y13_UO963,FXX,0,0.0,0,0,0.0,0,0,0,0.0,0.52734375,1,P10_CV0,1,2,0,2,0
8,0.07103605819788694,0.08712929970154071,Age0_F8_m8f9_P8_Y15_UO1351,R8_F8_m13f4_P13_Y13_UO896,RD9_F13_m13f18_P13_Y13_UO963,FXX,0,0.0,0,0,0.0,0,0,0,0.0,0.52734375,1,P10_CV0,1,2,0,2,0
8,0.07103605819788694,0.08712929970154071,Age0_F8_m8f9_P8_Y15_UO1352,R8_F8_m13f4_P13_Y13_UO896,RD9_F13_m13f18_P13_Y13_UO963,MXY,0,0.0,0,0,0.0,0,0,0,0.0,0.52734375,1,P10_CV0,1,2,0,1,1
8,0.07103605819788694,0.08712929970154071,Age0_F8_m8f9_P8_Y15_UO1355,R8_F8_m13f4_P13_Y13_UO896,RD9_F13_m13f18_P13_Y13_UO963,FXX,0,0.0,0,0,0.0,0,0,0,0.0,0.52734375,1,P10_CV0,1,1,1,2,0
8,0.07103605819788694,0.08712929970154071,Age0_F8_m8f17_P8_Y15_UO219,R8_F8_m10f3_P10_Y13_UO1313,R17_F17_m17f9_P17_Y13_UO890,FXX,0,0.0,0,0,0.0,0,0,0,0.0,0.498046875,1,P11_CV0,1,2,0,0,2
8,0.07103605819788694,0.08712929970154071,Age0_F8_m8f17_P8_Y15_UO220,R8_F8_m10f3_P10_Y13_UO1313,R17_F17_m17f9_P17_Y13_UO890,FXX,0,0.0,0,0,0.0,0,0,0,0.0,0.498046875,1,P11_CV0,1,2,0,0,2
8,0.07103605819788694,0.08712929970154071,Age0_F8_m8f17_P8_Y15_UO221,R8_F8_m10f3_P10_Y13_UO1313,R17_F17_m17f9_P17_Y13_UO890,FXX,0,0.0,0,0,0.0,0,0,0,0.0,0.498046875,1,P11_CV0,1,2,0,0,2
8,0.07103605819788694,0.08712929970154071,Age0_F8_m8f17_P8_Y15_UO222,R8_F8_m10f3_P10_Y13_UO1313,R17_F17_m17f9_P17_Y13_UO890,MXY,0,0.0,0,0,0.0,0,0,0,0.0,0.498046875,1,P11_CV0,1,2,0,0,2
8,0.07103605819788694,0.08712929970154071,Age0_F8_m8f1_P8_Y15_UO950,RD8_F3_m3f7_P3_Y13_UO624,RD1_F2_m2f20_P2_Y13_UO863,FXX,0,0.0,0,0,0.0,0,0,0,0.0,0.521484375,1,P11_CV0,1,1,1,1,1
8,0.07103605819788694,0.08712929970154071,Age0_F8_m8f1_P8_Y15_UO951,RD8_F3_m3f7_P3_Y13_UO624,RD1_F2_m2f20_P2_Y13_UO863,FXX,0,0.0,0,0,0.0,0,0,0,0.0,0.521484375,1,P11_CV0,1,2,0,2,0
8,0.07103605819788694,0.08712929970154071,Age0_F8_m8f1_P8_Y15_UO952,RD8_F3_m3f7_P3_Y13_UO624,RD1_F2_m2f20_P2_Y13_UO863,FXX,0,0.0,0,0,0.0,0,0,0,0.0,0.521484375,1,P11_CV0,1,2,0,1,1
8,0.07103605819788694,0.08712929970154071,Age0_F8_m8f1_P8_Y15_UO954,RD8_F3_m3f7_P3_Y13_UO624,RD1_F2_m2f20_P2_Y13_UO863,MXY,0,0.0,0,0,0.0,0,0,0,0.0,0.521484375,1,P11_CV0,1,1,1,0,2
8,0.07103605819788694,0.08712929970154071,Age0_F8_m8f1_P8_Y15_UO955,RD8_F3_m3f7_P3_Y13_UO624,RD1_F2_m2f20_P2_Y13_UO863,MXY,0,0.0,0,0,0.0,0,0,0,0.0,0.521484375,1,P11_CV0,1,1,1,0,2
8,0.07103605819788694,0.08712929970154071,Age0_F8_m8f1_P8_Y15_UO956,RD8_F3_m3f7_P3_Y13_UO624,RD1_F2_m2f20_P2_Y13_UO863,MXY,0,0.0,0,0,0.0,0,0,0,0.0,0.521484375,1,P11_CV0,1,2,0,0,2
8,0.07103605819788694,0.08712929970154071,R8_F8_m8f5_P8_Y14_UO695,R8_F8_m8f1_P8_Y12_UO902,RD5_F11_m11f8_P11_Y12_UO892,FXX,1,0.0,1,1,1.0,0,0,0,-9999.0,0.54296875,1,P11_CV0,1,2,0,2,0
8,0.07103605819788694,0.08712929970154071,R8_F8_m6f17_P6_Y14_UO1122,R6_F6_m6f20_P6_Y12_UO421,RD17_F10_m10f4_P10_Y12_UO303,FXX,1,0.0,1,1,1.0,0,0,0,-9999.0,0.541015625,1,P11_CV0,1,1,1,1,1
8,0.07103605819788694,0.08712929970154071,R8_F8_m8f6_P8_Y14_UO541,R8_F8_m10f4_P10_Y12_UO305,R6_F6_m19f20_P19_Y12_UO147,MXY,1,0.0,1,1,0.0,0,0,0,-9999.0,0.55078125,1,P11_CV0,1,0,2,0,2
8,0.07103605819788694,0.08712929970154071,Age0_F8_m8f10_P8_Y15_UO308,R8_F8_m4f18_P4_Y13_UO234,R10_F10_m10f11_P10_Y13_UO693,FXX,0,0.0,0,0,0.0,0,0,0,0.0,0.517578125,1,P12_CV0,1,0,2,1,1
8,0.07103605819788694,0.08712929970154071,Age0_F8_m8f10_P8_Y15_UO309,R8_F8_m4f18_P4_Y13_UO234,R10_F10_m10f11_P10_Y13_UO693,MXY,0,0.0,0,0,0.0,0,0,0,0.0,0.517578125,1,P12_CV0,1,0,2,1,1
8,0.07103605819788694,0.08712929970154071,Age0_F8_m8f10_P8_Y15_UO310,R8_F8_m4f18_P4_Y13_UO234,R10_F10_m10f11_P10_Y13_UO693,FXX,0,0.0,0,0,0.0,0,0,0,0.0,0.517578125,1,P12_CV0,1,1,1,2,0
8,0.07103605819788694,0.08712929970154071,Age0_F8_m8f18_P8_Y15_UO433,R8_F8_m18f19_P18_Y13_UO1404,R18_F18_m18f12_P18_Y13_UO271,MXY,0,0.0,0,0,0.0,0,0,0,0.0,0.552734375,1,P12_CV0,1,1,1,0,2
8,0.07103605819788694,0.08712929970154071,Age0_F8_m8f18_P8_Y15_UO434,R8_F8_m18f19_P18_Y13_UO1404,R18_F18_m18f12_P18_Y13_UO271,FXX,0,0.0,0,0,0.0,0,0,0,0.0,0.552734375,1,P12_CV0,1,2,0,0,2
8,0.07103605819788694,0.08712929970154071,Age0_F8_m8f9_P8_Y15_UO916,RD8_F11_m8f17_P8_Y13_UO1344,RD9_F13_m13f18_P13_Y13_UO963,FXX,0,0.0,0,0,0.0,0,0,0,0.0,0.53125,1,P12_CV0,1,2,0,1,1
8,0.07103605819788694,0.08712929970154071,Age0_F8_m8f9_P8_Y15_UO918,RD8_F11_m8f17_P8_Y13_UO1344,RD9_F13_m13f18_P13_Y13_UO963,MXY,0,0.0,0,0,0.0,0,0,0,0.0,0.53125,1,P12_CV0,1,2,0,1,1
8,0.07103605819788694,0.08712929970154071,Age0_F8_m8f9_P8_Y15_UO919,RD8_F11_m8f17_P8_Y13_UO1344,RD9_F13_m13f18_P13_Y13_UO963,FXX,0,0.0,0,0,0.0,0,0,0,0.0,0.53125,1,P12_CV0,1,1,1,1,1
8,0.07103605819788694,0.08712929970154071,Age0_F8_m8f9_P8_Y15_UO920,RD8_F11_m8f17_P8_Y13_UO1344,RD9_F13_m13f18_P13_Y13_UO963,FXX,0,0.0,0,0,0.0,0,0,0,0.0,0.53125,1,P12_CV0,1,1,1,2,0
8,0.07103605819788694,0.08712929970154071,Age0_F8_m8f9_P8_Y15_UO1353,R8_F8_m13f4_P13_Y13_UO896,RD9_F13_m13f18_P13_Y13_UO963,FXX,0,0.0,0,0,0.0,0,0,0,0.0,0.52734375,1,P12_CV0,1,2,0,1,1
8,0.07103605819788694,0.08712929970154071,Age0_F8_m8f9_P8_Y15_UO1354,R8_F8_m13f4_P13_Y13_UO896,RD9_F13_m13f18_P13_Y13_UO963,MXY,0,0.0,0,0,0.0,0,0,0,0.0,0.52734375,1,P12_CV0,1,1,1,2,0
8,0.07103605819788694,0.08712929970154071,Age0_F8_m8f9_P8_Y15_UO1356,R8_F8_m13f4_P13_Y13_UO896,RD9_F13_m13f18_P13_Y13_UO963,MXY,0,0.0,0,0,0.0,0,0,0,0.0,0.52734375,1,P12_CV0,1,2,0,1,1
8,0.07103605819788694,0.08712929970154071,Age0_F8_m8f17_P8_Y15_UO1024,R8_F8_m7f18_P7_Y13_UO82,R17_F17_m1f6_P1_Y12_UO64,FXX,0,0.0,0,0,0.0,0,0,0,0.0,0.52734375,1,P13_CV0,1,1,1,0,2
8,0.07103605819788694,0.08712929970154071,Age0_F8_m8f17_P8_Y15_UO1028,R8_F8_m7f18_P7_Y13_UO82,R17_F17_m1f6_P1_Y12_UO64,FXX,0,0.0,0,0,0.0,0,0,0,0.0,0.52734375,1,P13_CV0,1,1,1,2,0
8,0.07103605819788694,0.08712929970154071,Age0_F8_m8f17_P8_Y15_UO1030,R8_F8_m7f18_P7_Y13_UO82,R17_F17_m1f6_P1_Y12_UO64,MXY,0,0.0,0,0,0.0,0,0,0,0.0,0.52734375,1,P13_CV0,1,1,1,1,1
8,0.07103605819788694,0.08712929970154071,Age0_F8_m8f4_P8_Y15_UO1044,RD8_F3_m3f7_P3_Y13_UO624,R4_F4_m4f8_P4_Y13_UO902,FXX,0,0.0,0,0,0.0,0,0,0,0.0,0.5078125,1,P13_CV0,1,1,1,1,1
8,0.07103605819788694,0.08712929970154071,Age0_F8_m8f4_P8_Y15_UO1047,RD8_F3_m3f7_P3_Y13_UO624,R4_F4_m4f8_P4_Y13_UO902,FXX,0,0.0,0,0,0.0,0,0,0,0.0,0.5078125,1,P13_CV0,1,1,1,1,1
8,0.07103605819788694,0.08712929970154071,Age0_F8_m8f1_P8_Y15_UO1222,R8_F8_m10f3_P10_Y13_UO1313,R1_F1_m4f15_P4_Y13_UO251,MXY,0,0.0,0,0,0.0,0,0,0,0.0,0.505859375,1,P13_CV0,1,1,1,1,1
8,0.07103605819788694,0.08712929970154071,R8_F8_m10f3_P10_Y13_UO1313,R10_F10_m20f5_P20_Y11_UO675,R3_F3_m4f10_P4_Y11_UO607,FXX,2,0.0,1,0,1.0,0,0,0,-9999.0,0.5,1,P13_CV0,1,2,0,0,2
8,0.07103605819788694,0.08712929970154071,R8_F8_m9f13_P9_Y13_UO1111,RD9_F14_m9f20_P9_Y11_UO363,R13_F13_m13f17_P13_Y11_UO284,MXY,2,0.0,1,0,0.0,0,0,0,-9999.0,0.5078125,1,P14_CV0,1,2,0,1,1
8,0.07103605819788694,0.08712929970154071,Age0_F8_m8f4_P8_Y15_UO456,RD8_F11_m8f17_P8_Y13_UO1344,R4_F4_m4f17_P4_Y13_UO784,MXY,0,0.0,0,0,0.0,0,0,0,0.0,0.484375,1,P15_CV0,1,1,1,1,1
8,0.07103605819788694,0.08712929970154071,Age0_F8_m8f4_P8_Y15_UO457,RD8_F11_m8f17_P8_Y13_UO1344,R4_F4_m4f17_P4_Y13_UO784,FXX,0,0.0,0,0,0.0,0,0,0,0.0,0.484375,1,P15_CV0,1,2,0,1,1
8,0.07103605819788694,0.08712929970154071,Age0_F8_m8f4_P8_Y15_UO458,RD8_F11_m8f17_P8_Y13_UO1344,R4_F4_m4f17_P4_Y13_UO784,MXY,0,0.0,0,0,0.0,0,0,0,0.0,0.484375,1,P15_CV0,1,1,1,1,1
8,0.07103605819788694,0.08712929970154071,Age0_F8_m8f4_P8_Y15_UO459,RD8_F11_m8f17_P8_Y13_UO1344,R4_F4_m4f17_P4_Y13_UO784,MXY,0,0.0,0,0,0.0,0,0,0,0.0,0.484375,1,P15_CV0,1,2,0,0,2
8,0.07103605819788694,0.08712929970154071,Age0_F8_m8f4_P8_Y15_UO460,RD8_F11_m8f17_P8_Y13_UO1344,R4_F4_m4f17_P4_Y13_UO784,MXY,0,0.0,0,0,0.0,0,0,0,0.0,0.484375,1,P15_CV0,1,2,0,0,2
8,0.07103605819788694,0.08712929970154071,Age0_F8_m8f4_P8_Y15_UO461,RD8_F11_m8f17_P8_Y13_UO1344,R4_F4_m4f17_P4_Y13_UO784,FXX,0,0.0,0,0,0.0,0,0,0,0.0,0.484375,1,P15_CV0,1,1,1,2,0
8,0.07103605819788694,0.08712929970154071,Age0_F8_m8f4_P8_Y15_UO462,RD8_F11_m8f17_P8_Y13_UO1344,R4_F4_m4f17_P4_Y13_UO784,MXY,0,0.0,0,0,0.0,0,0,0,0.0,0.484375,1,P15_CV0,1,2,0,0,2
8,0.07103605819788694,0.08712929970154071,Age0_F8_m8f4_P8_Y15_UO463,RD8_F11_m8f17_P8_Y13_UO1344,R4_F4_m4f17_P4_Y13_UO784,FXX,0,0.0,0,0,0.0,0,0,0,0.0,0.484375,1,P15_CV0,1,1,1,1,1
8,0.07103605819788694,0.08712929970154071,Age0_F8_m8f9_P8_Y15_UO915,RD8_F11_m8f17_P8_Y13_UO1344,RD9_F13_m13f18_P13_Y13_UO963,FXX,0,0.0,0,0,0.0,0,0,0,0.0,0.53125,1,P15_CV0,1,2,0,2,0
8,0.07103605819788694,0.08712929970154071,Age0_F8_m8f9_P8_Y15_UO917,RD8_F11_m8f17_P8_Y13_UO1344,RD9_F13_m13f18_P13_Y13_UO963,FXX,0,0.0,0,0,0.0,0,0,0,0.0,0.53125,1,P15_CV0,1,1,1,1,1
8,0.07103605819788694,0.08712929970154071,Age0_F8_m8f17_P8_Y15_UO1025,R8_F8_m7f18_P7_Y13_UO82,R17_F17_m1f6_P1_Y12_UO64,MXY,0,0.0,0,0,0.0,0,0,0,0.0,0.52734375,1,P15_CV0,1,2,0,0,2
8,0.07103605819788694,0.08712929970154071,Age0_F8_m8f17_P8_Y15_UO1026,R8_F8_m7f18_P7_Y13_UO82,R17_F17_m1f6_P1_Y12_UO64,MXY,0,0.0,0,0,0.0,0,0,0,0.0,0.52734375,1,P15_CV0,1,1,1,1,1
8,0.07103605819788694,0.08712929970154071,Age0_F8_m8f17_P8_Y15_UO1027,R8_F8_m7f18_P7_Y13_UO82,R17_F17_m1f6_P1_Y12_UO64,MXY,0,0.0,0,0,0.0,0,0,0,0.0,0.52734375,1,P15_CV0,1,1,1,1,1
8,0.07103605819788694,0.08712929970154071,Age0_F8_m8f17_P8_Y15_UO1029,R8_F8_m7f18_P7_Y13_UO82,R17_F17_m1f6_P1_Y12_UO64,FXX,0,0.0,0,0,0.0,0,0,0,0.0,0.52734375,1,P15_CV0,1,2,0,0,2
8,0.07103605819788694,0.08712929970154071,Age0_F8_m8f17_P8_Y15_UO1031,R8_F8_m7f18_P7_Y13_UO82,R17_F17_m1f6_P1_Y12_UO64,MXY,0,0.0,0,0,0.0,0,0,0,0.0,0.52734375,1,P15_CV0,1,1,1,0,2
8,0.07103605819788694,0.08712929970154071,Age0_F8_m8f17_P8_Y15_UO1032,R8_F8_m7f18_P7_Y13_UO82,R17_F17_m1f6_P1_Y12_UO64,FXX,0,0.0,0,0,0.0,0,0,0,0.0,0.52734375,1,P15_CV0,1,2,0,0,2
8,0.07103605819788694,0.08712929970154071,R8_F8_m12f9_P12_Y14_UO778,R12_F12_m12f10_P12_Y12_UO863,R9_F9_m9f12_P9_Y12_UO1089,FXX,1,0.0,1,1,1.0,0,0,0,-9999.0,0.564453125,1,P15_CV0,1,1,1,1,1
8,0.07103605819788694,0.08712929970154071,R8_F8_m11f20_P11_Y13_UO1083,RD11_F10_m10f20_P10_Y11_UO613,RD20_F17_m17f16_P17_Y11_UO1202,MXY,2,0.0,1,0,0.0,0,0,0,-9999.0,0.5078125,1,P15_CV0,1,2,0,1,1
8,0.07103605819788694,0.08712929970154071,Age0_F8_m8f10_P8_Y15_UO311,R8_F8_m4f18_P4_Y13_UO234,R10_F10_m10f11_P10_Y13_UO693,MXY,0,0.0,0,0,0.0,0,0,0,0.0,0.517578125,1,P16_CV0,1,0,2,0,2
8,0.07103605819788694,0.08712929970154071,Age0_F8_m8f1_P8_Y15_UO1221,R8_F8_m10f3_P10_Y13_UO1313,R1_F1_m4f15_P4_Y13_UO251,MXY,0,0.0,0,0,0.0,0,0,0,0.0,0.505859375,1,P17_CV0,1,1,1,1,1
8,0.07103605819788694,0.08712929970154071,Age0_F8_m8f1_P8_Y15_UO1223,R8_F8_m10f3_P10_Y13_UO1313,R1_F1_m4f15_P4_Y13_UO251,MXY,0,0.0,0,0,0.0,0,0,0,0.0,0.505859375,1,P17_CV0,1,1,1,1,1
8,0.07103605819788694,0.08712929970154071,Age0_F8_m8f9_P8_Y15_UO824,RD8_F3_m3f7_P3_Y13_UO624,R9_F9_m16f10_P16_Y12_UO799,MXY,0,0.0,0,0,0.0,0,0,0,0.0,0.5390625,1,P19_CV0,1,2,0,0,2
8,0.07103605819788694,0.08712929970154071,Age0_F8_m8f9_P8_Y15_UO825,RD8_F3_m3f7_P3_Y13_UO624,R9_F9_m16f10_P16_Y12_UO799,MXY,0,0.0,0,0,0.0,0,0,0,0.0,0.5390625,1,P19_CV0,1,2,0,0,2
8,0.07103605819788694,0.08712929970154071,R8_F8_m2f8_P2_Y14_UO301,R2_F2_m11f12_P11_Y12_UO1050,RD8_F12_m12f10_P12_Y12_UO437,MXY,1,0.0,1,1,0.0,0,0,0,-9999.0,0.544921875,1,P19_CV0,1,2,0,1,1
8,0.07103605819788694,0.08712929970154071,R8_F8_m8f6_P8_Y14_UO596,RD8_F9_m9f12_P9_Y12_UO1091,RD6_F1_m6f14_P6_Y12_UO995,MXY,1,0.0,1,1,0.0,0,0,0,-9999.0,0.560546875,1,P19_CV0,1,0,2,2,0
8,0.07103605819788694,0.08712929970154071,Age0_F8_m8f14_P8_Y15_UO174,R8_F8_m18f16_P18_Y13_UO1060,RD14_F4_m4f18_P4_Y13_UO235,FXX,0,0.0,0,0,0.0,0,0,0,0.0,0.458984375,1,P3_CV0,1,0,2,1,1
8,0.07103605819788694,0.08712929970154071,Age0_F8_m8f14_P8_Y15_UO175,R8_F8_m18f16_P18_Y13_UO1060,RD14_F4_m4f18_P4_Y13_UO235,FXX,0,0.0,0,0,0.0,0,0,0,0.0,0.458984375,1,P3_CV0,1,0,2,0,2
8,0.07103605819788694,0.08712929970154071,R8_F8_m18f14_P18_Y14_UO799,R18_F18_m8f19_P8_Y12_UO1289,RD14_F9_m9f6_P9_Y12_UO230,FXX,1,0.0,1,1,1.0,0,0,0,-9999.0,0.5390625,1,P3_CV0,1,2,0,1,1
8,0.07103605819788694,0.08712929970154071,Age0_F8_m8f15_P8_Y15_UO26,RD8_F3_m3f7_P3_Y13_UO624,RD15_F5_m19f11_P19_Y13_UO557,FXX,0,0.0,0,0,0.0,0,0,0,0.0,0.521484375,1,P5_CV0,1,1,1,1,1
8,0.07103605819788694,0.08712929970154071,Age0_F8_m8f15_P8_Y15_UO27,RD8_F3_m3f7_P3_Y13_UO624,RD15_F5_m19f11_P19_Y13_UO557,MXY,0,0.0,0,0,0.0,0,0,0,0.0,0.521484375,1,P5_CV0,1,1,1,2,0
8,0.07103605819788694,0.08712929970154071,Age0_F8_m8f15_P8_Y15_UO28,RD8_F3_m3f7_P3_Y13_UO624,RD15_F5_m19f11_P19_Y13_UO557,MXY,0,0.0,0,0,0.0,0,0,0,0.0,0.521484375,1,P5_CV0,1,1,1,0,2
8,0.07103605819788694,0.08712929970154071,Age0_F8_m8f9_P8_Y15_UO826,RD8_F3_m3f7_P3_Y13_UO624,R9_F9_m16f10_P16_Y12_UO799,FXX,0,0.0,0,0,0.0,0,0,0,0.0,0.5390625,1,P5_CV0,1,2,0,0,2
8,0.07103605819788694,0.08712929970154071,Age0_F8_m8f9_P8_Y15_UO827,RD8_F3_m3f7_P3_Y13_UO624,R9_F9_m16f10_P16_Y12_UO799,MXY,0,0.0,0,0,0.0,0,0,0,0.0,0.5390625,1,P5_CV0,1,2,0,1,1
8,0.07103605819788694,0.08712929970154071,Age0_F8_m8f9_P8_Y15_UO828,RD8_F3_m3f7_P3_Y13_UO624,R9_F9_m16f10_P16_Y12_UO799,FXX,0,0.0,0,0,0.0,0,0,0,0.0,0.5390625,1,P5_CV0,1,2,0,0,2
8,0.07103605819788694,0.08712929970154071,Age0_F8_m8f1_P8_Y15_UO953,RD8_F3_m3f7_P3_Y13_UO624,RD1_F2_m2f20_P2_Y13_UO863,FXX,0,0.0,0,0,0.0,0,0,0,0.0,0.521484375,1,P5_CV0,1,1,1,0,2
8,0.07103605819788694,0.08712929970154071,Age0_F8_m8f4_P8_Y15_UO1043,RD8_F3_m3f7_P3_Y13_UO624,R4_F4_m4f8_P4_Y13_UO902,MXY,0,0.0,0,0,0.0,0,0,0,0.0,0.5078125,1,P5_CV0,1,1,1,1,1
8,0.07103605819788694,0.08712929970154071,Age0_F8_m8f4_P8_Y15_UO1045,RD8_F3_m3f7_P3_Y13_UO624,R4_F4_m4f8_P4_Y13_UO902,FXX,0,0.0,0,0,0.0,0,0,0,0.0,0.5078125,1,P5_CV0,1,2,0,2,0
8,0.07103605819788694,0.08712929970154071,Age0_F8_m8f4_P8_Y15_UO1046,RD8_F3_m3f7_P3_Y13_UO624,R4_F4_m4f8_P4_Y13_UO902,FXX,0,0.0,0,0,0.0,0,0,0,0.0,0.5078125,1,P5_CV0,1,1,1,2,0
8,0.07103605819788694,0.08712929970154071,Age0_F8_m8f4_P8_Y15_UO1048,RD8_F3_m3f7_P3_Y13_UO624,R4_F4_m4f8_P4_Y13_UO902,FXX,0,0.0,0,0,0.0,0,0,0,0.0,0.5078125,1,P5_CV0,1,1,1,2,0
8,0.07103605819788694,0.08712929970154071,Age0_F8_m8f13_P8_Y15_UO129,R8_F8_m13f8_P13_Y13_UO219,RD13_F9_m18f19_P18_Y13_UO1402,FXX,0,0.0,0,0,0.0,0,0,0,0.0,0.544921875,1,P7_CV0,1,2,0,0,2
8,0.07103605819788694,0.08712929970154071,Age0_F8_m8f13_P8_Y15_UO130,R8_F8_m13f8_P13_Y13_UO219,RD13_F9_m18f19_P18_Y13_UO1402,FXX,0,0.0,0,0,0.0,0,0,0,0.0,0.544921875,1,P7_CV0,1,2,0,1,1
8,0.07103605819788694,0.08712929970154071,Age0_F8_m8f20_P8_Y15_UO1093,R8_F8_m13f8_P13_Y13_UO219,RD20_F3_m13f14_P13_Y13_UO758,MXY,0,0.0,0,0,0.0,0,0,0,0.0,0.537109375,1,P7_CV0,1,1,1,1,1
8,0.07103605819788694,0.08712929970154071,Age0_F8_m8f20_P8_Y15_UO1094,R8_F8_m13f8_P13_Y13_UO219,RD20_F3_m13f14_P13_Y13_UO758,FXX,0,0.0,0,0,0.0,0,0,0,0.0,0.537109375,1,P7_CV0,1,1,1,1,1
8,0.07103605819788694,0.08712929970154071,Age0_F8_m8f20_P8_Y15_UO1095,R8_F8_m13f8_P13_Y13_UO219,RD20_F3_m13f14_P13_Y13_UO758,MXY,0,0.0,0,0,0.0,0,0,0,0.0,0.537109375,1,P7_CV0,1,2,0,1,1
8,0.07103605819788694,0.08712929970154071,R8_F8_m16f14_P16_Y14_UO675,RD16_F7_m7f3_P7_Y12_UO726,R14_F14_m14f8_P14_Y12_UO963,MXY,1,0.0,1,1,0.0,0,0,0,-9999.0,0.552734375,1,P7_CV0,1,1,1,1,1
8,0.07103605819788694,0.08712929970154071,R8_F8_m13f8_P13_Y13_UO219,RD13_F14_m3f15_P3_Y11_UO401,RD8_F10_m10f18_P10_Y11_UO562,FXX,2,0.0,1,0,1.0,0,0,0,-9999.0,0.51171875,1,P7_CV0,1,2,0,0,2
8,0.07103605819788694,0.08712929970154071,Age0_F8_m8f13_P8_Y15_UO131,R8_F8_m13f8_P13_Y13_UO219,RD13_F9_m18f19_P18_Y13_UO1402,FXX,0,0.0,0,0,0.0,0,0,0,0.0,0.544921875,1,P8_CV0,1,2,0,1,1
8,0.07103605819788694,0.08712929970154071,Age0_F8_m8f13_P8_Y15_UO132,R8_F8_m13f8_P13_Y13_UO219,RD13_F9_m18f19_P18_Y13_UO1402,MXY,0,0.0,0,0,0.0,0,0,0,0.0,0.544921875,1,P8_CV0,1,2,0,0,2
8,0.07103605819788694,0.08712929970154071,Age0_F8_m8f18_P8_Y15_UO432,R8_F8_m18f19_P18_Y13_UO1404,R18_F18_m18f12_P18_Y13_UO271,MXY,0,0.0,0,0,0.0,0,0,0,0.0,0.552734375,1,P8_CV0,1,1,1,0,2
8,0.07103605819788694,0.08712929970154071,R8_F8_m18f9_P18_Y14_UO533,R18_F18_m20f16_P20_Y12_UO1271,R9_F9_m10f4_P10_Y12_UO301,FXX,1,0.0,1,1,1.0,0,0,0,-9999.0,0.517578125,1,P8_CV0,1,0,2,2,0
8,0.07103605819788694,0.08712929970154071,R8_F8_m18f1_P18_Y11_UO353,R18_F18_m18f17_P18_Y9_UO596,RD1_F11_m4f13_P4_Y9_UO851,MXY,4,0.0,1,0,0.0,0,0,0,-9999.0,0.4765625,1,P8_CV0,1,2,0,2,0
8,0.07103605819788694,0.08712929970154071,Age0_F8_m8f14_P8_Y15_UO170,R8_F8_m18f16_P18_Y13_UO1060,RD14_F4_m4f18_P4_Y13_UO235,MXY,0,0.0,0,0,0.0,0,0,0,0.0,0.458984375,1,P9_CV0,1,0,2,0,2
8,0.07103605819788694,0.08712929970154071,Age0_F8_m8f14_P8_Y15_UO171,R8_F8_m18f16_P18_Y13_UO1060,RD14_F4_m4f18_P4_Y13_UO235,MXY,0,0.0,0,0,0.0,0,0,0,0.0,0.458984375,1,P9_CV0,1,0,2,0,2
8,0.07103605819788694,0.08712929970154071,Age0_F8_m8f14_P8_Y15_UO172,R8_F8_m18f16_P18_Y13_UO1060,RD14_F4_m4f18_P4_Y13_UO235,FXX,0,0.0,0,0,0.0,0,0,0,0.0,0.458984375,1,P9_CV0,1,0,2,1,1
8,0.07103605819788694,0.08712929970154071,Age0_F8_m8f14_P8_Y15_UO173,R8_F8_m18f16_P18_Y13_UO1060,RD14_F4_m4f18_P4_Y13_UO235,FXX,0,0.0,0,0,0.0,0,0,0,0.0,0.458984375,1,P9_CV0,1,0,2,1,1
8,0.07103605819788694,0.08712929970154071,Age0_F8_m8f14_P8_Y15_UO987,R8_F8_m13f4_P13_Y13_UO896,RD14_F4_m4f18_P4_Y13_UO235,MXY,0,0.0,0,0,0.0,0,0,0,0.0,0.509765625,1,P9_CV0,1,1,1,1,1
8,0.07103605819788694,0.08712929970154071,Age0_F8_m8f14_P8_Y15_UO988,R8_F8_m13f4_P13_Y13_UO896,RD14_F4_m4f18_P4_Y13_UO235,FXX,0,0.0,0,0,0.0,0,0,0,0.0,0.509765625,1,P9_CV0,1,1,1,2,0
8,0.07103605819788694,0.08712929970154071,Age0_F8_m8f14_P8_Y15_UO989,R8_F8_m13f4_P13_Y13_UO896,RD14_F4_m4f18_P4_Y13_UO235,MXY,0,0.0,0,0,0.0,0,0,0,0.0,0.509765625,1,P9_CV0,1,1,1,2,0
8,0.07103605819788694,0.08712929970154071,Age0_F8_m8f14_P8_Y15_UO990,R8_F8_m13f4_P13_Y13_UO896,RD14_F4_m4f18_P4_Y13_UO235,FXX,0,0.0,0,0,0.0,0,0,0,0.0,0.509765625,1,P9_CV0,1,1,1,1,1
9,0.02021839744032572,0.832619845547938,R9_F9_m1f14_P1_Y14_UO921,RD1_F17_m17f7_P17_Y12_UO15,R14_F14_m14f8_P14_Y12_UO963,FXX,1,0.0,1,1,1.0,0,0,0,-9999.0,0.58984375,1,P0_CV0,1,2,0,1,1
9,0.02021839744032572,0.832619845547938,R9_F9_m1f17_P1_Y13_UO513,RD1_F13_m13f19_P13_Y11_UO717,RD17_F14_m11f20_P11_Y10_UO987,MXY,2,0.0,1,0,0.0,0,0,0,-9999.0,0.46875,1,P0_CV0,1,2,0,2,0
9,0.02021839744032572,0.832619845547938,R9_F9_m14f2_P14_Y13_UO552,R14_F14_m14f1_P14_Y11_UO546,RD2_F20_m15f2_P15_Y11_UO165,MXY,2,0.0,1,0,0.0,0,0,0,-9999.0,0.5,1,P0_CV0,1,1,1,2,0
9,0.02021839744032572,0.832619845547938,Age0_F9_m9f18_P9_Y15_UO0,RD9_F18_m5f1_P5_Y13_UO491,R18_F18_m18f10_P18_Y13_UO550,MXY,0,0.0,0,0,0.0,0,0,0,0.0,0.49609375,1,P10_CV0,1,0,2,2,0
9,0.02021839744032572,0.832619845547938,Age0_F9_m9f18_P9_Y15_UO1,RD9_F18_m5f1_P5_Y13_UO491,R18_F18_m18f10_P18_Y13_UO550,MXY,0,0.0,0,0,0.0,0,0,0,0.0,0.49609375,1,P10_CV0,1,2,0,1,1
9,0.02021839744032572,0.832619845547938,Age0_F9_m9f18_P9_Y15_UO2,RD9_F18_m5f1_P5_Y13_UO491,R18_F18_m18f10_P18_Y13_UO550,MXY,0,0.0,0,0,0.0,0,0,0,0.0,0.49609375,1,P10_CV0,1,1,1,1,1
9,0.02021839744032572,0.832619845547938,Age0_F9_m9f18_P9_Y15_UO3,RD9_F18_m5f1_P5_Y13_UO491,R18_F18_m18f10_P18_Y13_UO550,FXX,0,0.0,0,0,0.0,0,0,0,0.0,0.49609375,1,P10_CV0,1,1,1,2,0
9,0.02021839744032572,0.832619845547938,Age0_F9_m9f18_P9_Y15_UO5,RD9_F18_m5f1_P5_Y13_UO491,R18_F18_m18f10_P18_Y13_UO550,MXY,0,0.0,0,0,0.0,0,0,0,0.0,0.49609375,1,P10_CV0,1,0,2,1,1
9,0.02021839744032572,0.832619845547938,Age0_F9_m9f18_P9_Y15_UO6,RD9_F18_m5f1_P5_Y13_UO491,R18_F18_m18f10_P18_Y13_UO550,FXX,0,0.0,0,0,0.0,0,0,0,0.0,0.49609375,1,P10_CV0,1,1,1,2,0
9,0.02021839744032572,0.832619845547938,Age0_F9_m9f15_P9_Y15_UO859,RD9_F16_m16f6_P16_Y13_UO340,RD15_F6_m6f16_P6_Y13_UO237,FXX,0,0.0,0,0,0.0,0,0,0,0.0,0.53515625,1,P10_CV0,1,1,1,1,1
9,0.02021839744032572,0.832619845547938,Age0_F9_m9f2_P9_Y15_UO1063,RD9_F16_m16f5_P16_Y13_UO715,R2_F2_m19f4_P19_Y10_UO779,MXY,0,0.0,0,0,0.0,0,0,0,0.0,0.505859375,1,P10_CV0,1,1,1,1,1
9,0.02021839744032572,0.832619845547938,Age0_F9_m9f2_P9_Y15_UO1064,RD9_F16_m16f5_P16_Y13_UO715,R2_F2_m19f4_P19_Y10_UO779,FXX,0,0.0,0,0,0.0,0,0,0,0.0,0.505859375,1,P10_CV0,1,0,2,1,1
9,0.02021839744032572,0.832619845547938,Age0_F9_m9f2_P9_Y15_UO1065,RD9_F16_m16f5_P16_Y13_UO715,R2_F2_m19f4_P19_Y10_UO779,MXY,0,0.0,0,0,0.0,0,0,0,0.0,0.505859375,1,P10_CV0,1,0,2,1,1
9,0.02021839744032572,0.832619845547938,R9_F9_m16f5_P16_Y13_UO715,R16_F16_m16f8_P16_Y11_UO653,R5_F5_m15f2_P15_Y11_UO135,FXX,2,0.0,1,0,1.0,0,0,0,-9999.0,0.48828125,1,P10_CV0,1,1,1,1,1
9,0.02021839744032572,0.832619845547938,R9_F9_m2f14_P2_Y13_UO1238,RD2_F13_m17f4_P17_Y11_UO981,RD14_F12_m2f16_P2_Y11_UO1316,FXX,2,0.0,1,0,1.0,0,0,0,-9999.0,0.44921875,1,P10_CV0,1,2,0,2,0
9,0.02021839744032572,0.832619845547938,Age0_F9_m9f18_P9_Y15_UO234,RD9_F12_m12f1_P12_Y13_UO443,RD18_F5_m5f6_P5_Y10_UO1221,MXY,0,0.0,0,0,0.0,0,0,0,0.0,0.51953125,1,P11_CV0,1,1,1,1,1
9,0.02021839744032572,0.832619845547938,Age0_F9_m9f18_P9_Y15_UO235,RD9_F12_m12f1_P12_Y13_UO443,RD18_F5_m5f6_P5_Y10_UO1221,FXX,0,0.0,0,0,0.0,0,0,0,0.0,0.51953125,1,P11_CV0,1,2,0,2,0
9,0.02021839744032572,0.832619845547938,Age0_F9_m9f18_P9_Y15_UO236,RD9_F12_m12f1_P12_Y13_UO443,RD18_F5_m5f6_P5_Y10_UO1221,MXY,0,0.0,0,0,0.0,0,0,0,0.0,0.51953125,1,P11_CV0,1,1,1,2,0
9,0.02021839744032572,0.832619845547938,Age0_F9_m9f18_P9_Y15_UO237,RD9_F12_m12f1_P12_Y13_UO443,RD18_F5_m5f6_P5_Y10_UO1221,MXY,0,0.0,0,0,0.0,0,0,0,0.0,0.51953125,1,P11_CV0,1,2,0,2,0
9,0.02021839744032572,0.832619845547938,Age0_F9_m9f18_P9_Y15_UO238,RD9_F12_m12f1_P12_Y13_UO443,RD18_F5_m5f6_P5_Y10_UO1221,FXX,0,0.0,0,0,0.0,0,0,0,0.0,0.51953125,1,P11_CV0,1,2,0,2,0
9,0.02021839744032572,0.832619845547938,Age0_F9_m9f18_P9_Y15_UO239,RD9_F12_m12f1_P12_Y13_UO443,RD18_F5_m5f6_P5_Y10_UO1221,FXX,0,0.0,0,0,0.0,0,0,0,0.0,0.51953125,1,P11_CV0,1,1,1,1,1
9,0.02021839744032572,0.832619845547938,Age0_F9_m9f18_P9_Y15_UO241,RD9_F12_m12f1_P12_Y13_UO443,RD18_F5_m5f6_P5_Y10_UO1221,MXY,0,0.0,0,0,0.0,0,0,0,0.0,0.51953125,1,P11_CV0,1,1,1,1,1
9,0.02021839744032572,0.832619845547938,Age0_F9_m9f18_P9_Y15_UO243,RD9_F12_m12f1_P12_Y13_UO443,RD18_F5_m5f6_P5_Y10_UO1221,MXY,0,0.0,0,0,0.0,0,0,0,0.0,0.51953125,1,P11_CV0,1,2,0,2,0
9,0.02021839744032572,0.832619845547938,R9_F9_m8f15_P8_Y14_UO1192,R8_F8_m8f1_P8_Y12_UO902,R15_F15_m2f16_P2_Y12_UO454,FXX,1,0.0,1,1,1.0,0,0,0,-9999.0,0.53125,1,P11_CV0,1,1,1,0,2
9,0.02021839744032572,0.832619845547938,R9_F9_m14f8_P14_Y14_UO489,RD14_F4_m4f14_P4_Y12_UO851,RD8_F10_m6f15_P6_Y12_UO643,FXX,1,0.0,1,1,1.0,0,0,0,-9999.0,0.568359375,1,P11_CV0,1,2,0,1,1
9,0.02021839744032572,0.832619845547938,R9_F9_m20f3_P20_Y14_UO83,R20_F20_m11f2_P11_Y12_UO1243,RD3_F12_m5f17_P5_Y12_UO1187,FXX,1,0.0,1,1,1.0,0,0,0,-9999.0,0.482421875,1,P11_CV0,1,2,0,0,2
9,0.02021839744032572,0.832619845547938,R9_F9_m18f5_P18_Y14_UO961,RD18_F13_m16f20_P16_Y12_UO1081,RD5_F11_m11f8_P11_Y12_UO892,MXY,1,0.0,1,1,0.0,0,0,0,-9999.0,0.578125,1,P11_CV0,1,2,0,1,1
9,0.02021839744032572,0.832619845547938,Age0_F9_m9f15_P9_Y15_UO858,RD9_F16_m16f6_P16_Y13_UO340,RD15_F6_m6f16_P6_Y13_UO237,FXX,0,0.0,0,0,0.0,0,0,0,0.0,0.53515625,1,P12_CV0,1,2,0,0,2
9,0.02021839744032572,0.832619845547938,R9_F9_m18f8_P18_Y14_UO192,R18_F18_m18f10_P18_Y12_UO296,R8_F8_m12f15_P12_Y12_UO184,MXY,1,0.0,1,1,0.0,0,0,0,-9999.0,0.537109375,1,P12_CV0,1,1,1,0,2
9,0.02021839744032572,0.832619845547938,R9_F9_m13f18_P13_Y13_UO963,RD13_F12_m12f4_P12_Y11_UO1385,R18_F18_m18f5_P18_Y11_UO1283,MXY,2,0.0,1,0,0.0,0,0,0,-9999.0,0.52734375,1,P12_CV0,1,1,1,2,0
9,0.02021839744032572,0.832619845547938,Age0_F9_m9f18_P9_Y15_UO4,RD9_F18_m5f1_P5_Y13_UO491,R18_F18_m18f10_P18_Y13_UO550,FXX,0,0.0,0,0,0.0,0,0,0,0.0,0.49609375,1,P13_CV0,1,2,0,1,1
9,0.02021839744032572,0.832619845547938,Age0_F9_m9f12_P9_Y15_UO20,RD9_F18_m5f1_P5_Y13_UO491,RD12_F11_m6f7_P6_Y13_UO363,MXY,0,0.0,0,0,0.0,0,0,0,0.0,0.494140625,1,P13_CV0,1,1,1,2,0
9,0.02021839744032572,0.832619845547938,Age0_F9_m9f12_P9_Y15_UO21,RD9_F18_m5f1_P5_Y13_UO491,RD12_F11_m6f7_P6_Y13_UO363,MXY,0,0.0,0,0,0.0,0,0,0,0.0,0.494140625,1,P13_CV0,1,0,2,1,1
9,0.02021839744032572,0.832619845547938,Age0_F9_m9f12_P9_Y15_UO22,RD9_F18_m5f1_P5_Y13_UO491,RD12_F11_m6f7_P6_Y13_UO363,FXX,0,0.0,0,0,0.0,0,0,0,0.0,0.494140625,1,P13_CV0,1,1,1,0,2
9,0.02021839744032572,0.832619845547938,Age0_F9_m9f12_P9_Y15_UO23,RD9_F18_m5f1_P5_Y13_UO491,RD12_F11_m6f7_P6_Y13_UO363,MXY,0,0.0,0,0,0.0,0,0,0,0.0,0.494140625,1,P13_CV0,1,1,1,1,1
9,0.02021839744032572,0.832619845547938,Age0_F9_m9f12_P9_Y15_UO24,RD9_F18_m5f1_P5_Y13_UO491,RD12_F11_m6f7_P6_Y13_UO363,FXX,0,0.0,0,0,0.0,0,0,0,0.0,0.494140625,1,P13_CV0,1,0,2,1,1
9,0.02021839744032572,0.832619845547938,Age0_F9_m9f18_P9_Y15_UO240,RD9_F12_m12f1_P12_Y13_UO443,RD18_F5_m5f6_P5_Y10_UO1221,MXY,0,0.0,0,0,0.0,0,0,0,0.0,0.51953125,1,P13_CV0,1,2,0,2,0
9,0.02021839744032572,0.832619845547938,Age0_F9_m9f18_P9_Y15_UO242,RD9_F12_m12f1_P12_Y13_UO443,RD18_F5_m5f6_P5_Y10_UO1221,FXX,0,0.0,0,0,0.0,0,0,0,0.0,0.51953125,1,P13_CV0,1,2,0,2,0
9,0.02021839744032572,0.832619845547938,Age0_F9_m9f13_P9_Y15_UO1276,R9_F9_m14f13_P14_Y13_UO1343,R13_F13_m13f20_P13_Y13_UO257,MXY,0,0.0,0,0,0.0,0,0,0,0.0,0.5,1,P13_CV0,1,1,1,2,0
9,0.02021839744032572,0.832619845547938,Age0_F9_m9f13_P9_Y15_UO1281,R9_F9_m14f13_P14_Y13_UO1343,R13_F13_m13f20_P13_Y13_UO257,FXX,0,0.0,0,0,0.0,0,0,0,0.0,0.5,1,P13_CV0,1,1,1,2,0
9,0.02021839744032572,0.832619845547938,Age0_F9_m9f13_P9_Y15_UO1282,R9_F9_m14f13_P14_Y13_UO1343,R13_F13_m13f20_P13_Y13_UO257,MXY,0,0.0,0,0,0.0,0,0,0,0.0,0.5,1,P13_CV0,1,1,1,2,0
9,0.02021839744032572,0.832619845547938,Age0_F9_m9f13_P9_Y15_UO1283,R9_F9_m14f13_P14_Y13_UO1343,R13_F13_m13f20_P13_Y13_UO257,FXX,0,0.0,0,0,0.0,0,0,0,0.0,0.5,1,P13_CV0,1,1,1,2,0
9,0.02021839744032572,0.832619845547938,Age0_F9_m9f13_P9_Y15_UO1284,R9_F9_m14f13_P14_Y13_UO1343,R13_F13_m13f20_P13_Y13_UO257,FXX,0,0.0,0,0,0.0,0,0,0,0.0,0.5,1,P13_CV0,1,1,1,2,0
9,0.02021839744032572,0.832619845547938,R9_F9_m1f8_P1_Y14_UO945,RD1_F9_m13f18_P13_Y12_UO1297,R8_F8_m14f13_P14_Y11_UO852,FXX,1,0.0,1,1,1.0,0,0,0,-9999.0,0.486328125,1,P13_CV0,1,0,2,1,1
9,0.02021839744032572,0.832619845547938,R9_F9_m9f13_P9_Y14_UO123,RD9_F2_m13f19_P13_Y12_UO154,RD13_F14_m12f7_P12_Y11_UO799,MXY,1,0.0,1,1,0.0,0,0,0,-9999.0,0.47265625,1,P13_CV0,1,0,2,0,2
9,0.02021839744032572,0.832619845547938,R9_F9_m12f1_P12_Y13_UO443,RD12_F6_m6f10_P6_Y11_UO704,R1_F1_m1f10_P1_Y11_UO1038,FXX,2,0.0,1,0,1.0,0,0,0,-9999.0,0.5,1,P13_CV0,1,1,1,2,0
9,0.02021839744032572,0.832619845547938,R9_F9_m9f7_P9_Y14_UO97,R9_F9_m9f16_P9_Y12_UO523,R7_F7_m3f7_P3_Y11_UO558,FXX,1,0.0,1,1,1.0,0,0,0,-9999.0,0.525390625,1,P14_CV0,1,2,0,1,1
9,0.02021839744032572,0.832619845547938,R9_F9_m12f17_P12_Y14_UO375,R12_F12_m13f16_P13_Y12_UO268,RD17_F15_m15f2_P15_Y12_UO771,MXY,1,0.0,1,1,0.0,0,0,0,-9999.0,0.51171875,1,P14_CV0,1,0,2,0,2
9,0.02021839744032572,0.832619845547938,R9_F9_m9f7_P9_Y14_UO95,R9_F9_m9f16_P9_Y12_UO523,R7_F7_m3f7_P3_Y11_UO558,FXX,1,0.0,1,1,1.0,0,0,0,-9999.0,0.525390625,1,P14_CV0,1,1,1,1,1
9,0.02021839744032572,0.832619845547938,R9_F9_m9f12_P9_Y14_UO568,R9_F9_m9f16_P9_Y12_UO523,RD12_F8_m8f16_P8_Y12_UO272,MXY,1,0.0,1,1,0.0,0,0,0,-9999.0,0.603515625,1,P14_CV0,1,1,1,1,1
9,0.02021839744032572,0.832619845547938,R9_F9_m9f12_P9_Y14_UO572,R9_F9_m9f16_P9_Y12_UO523,RD12_F8_m8f16_P8_Y12_UO272,MXY,1,0.0,1,1,0.0,0,0,0,-9999.0,0.603515625,1,P14_CV0,1,1,1,2,0
9,0.02021839744032572,0.832619845547938,R9_F9_m19f16_P19_Y13_UO208,R19_F19_m16f8_P16_Y11_UO648,R16_F16_m15f20_P15_Y11_UO123,FXX,2,0.0,1,0,1.0,0,0,0,-9999.0,0.55078125,1,P14_CV0,1,1,1,2,0
9,0.02021839744032572,0.832619845547938,Age0_F9_m9f4_P9_Y15_UO255,RD9_F17_m17f4_P17_Y13_UO311,R4_F4_m4f3_P4_Y13_UO503,FXX,0,0.0,0,0,0.0,0,0,0,0.0,0.46484375,1,P16_CV0,1,1,1,2,0
9,0.02021839744032572,0.832619845547938,Age0_F9_m9f4_P9_Y15_UO256,RD9_F17_m17f4_P17_Y13_UO311,R4_F4_m4f3_P4_Y13_UO503,FXX,0,0.0,0,0,0.0,0,0,0,0.0,0.46484375,1,P16_CV0,1,1,1,0,2
9,0.02021839744032572,0.832619845547938,Age0_F9_m9f4_P9_Y15_UO258,RD9_F17_m17f4_P17_Y13_UO311,R4_F4_m4f3_P4_Y13_UO503,MXY,0,0.0,0,0,0.0,0,0,0,0.0,0.46484375,1,P16_CV0,1,1,1,0,2
9,0.02021839744032572,0.832619845547938,Age0_F9_m9f4_P9_Y15_UO259,RD9_F17_m17f4_P17_Y13_UO311,R4_F4_m4f3_P4_Y13_UO503,FXX,0,0.0,0,0,0.0,0,0,0,0.0,0.46484375,1,P16_CV0,1,1,1,1,1
9,0.02021839744032572,0.832619845547938,R9_F9_m8f3_P8_Y13_UO188,RD8_F6_m2f18_P2_Y11_UO572,RD3_F18_m18f11_P18_Y11_UO997,MXY,2,0.0,1,0,0.0,0,0,0,-9999.0,0.46875,1,P16_CV0,1,1,1,1,1
9,0.02021839744032572,0.832619845547938,Age0_F9_m9f4_P9_Y15_UO100,RD9_F13_m13f8_P13_Y13_UO216,RD4_F2_m2f9_P2_Y13_UO1147,FXX,0,0.0,0,0,0.0,0,0,0,0.0,0.48828125,1,P17_CV0,1,2,0,1,1
9,0.02021839744032572,0.832619845547938,Age0_F9_m9f4_P9_Y15_UO101,RD9_F13_m13f8_P13_Y13_UO216,RD4_F2_m2f9_P2_Y13_UO1147,MXY,0,0.0,0,0,0.0,0,0,0,0.0,0.48828125,1,P17_CV0,1,1,1,2,0
9,0.02021839744032572,0.832619845547938,Age0_F9_m9f4_P9_Y15_UO102,RD9_F13_m13f8_P13_Y13_UO216,RD4_F2_m2f9_P2_Y13_UO1147,FXX,0,0.0,0,0,0.0,0,0,0,0.0,0.48828125,1,P17_CV0,1,2,0,2,0
9,0.02021839744032572,0.832619845547938,Age0_F9_m9f4_P9_Y15_UO104,RD9_F13_m13f8_P13_Y13_UO216,RD4_F2_m2f9_P2_Y13_UO1147,MXY,0,0.0,0,0,0.0,0,0,0,0.0,0.48828125,1,P17_CV0,1,2,0,2,0
9,0.02021839744032572,0.832619845547938,Age0_F9_m9f18_P9_Y15_UO272,RD9_F17_m17f4_P17_Y13_UO311,RD18_F19_m17f1_P17_Y13_UO117,MXY,0,0.0,0,0,0.0,0,0,0,0.0,0.486328125,1,P17_CV0,1,1,1,2,0
9,0.02021839744032572,0.832619845547938,Age0_F9_m9f18_P9_Y15_UO275,RD9_F17_m17f4_P17_Y13_UO311,RD18_F19_m17f1_P17_Y13_UO117,MXY,0,0.0,0,0,0.0,0,0,0,0.0,0.486328125,1,P17_CV0,1,1,1,1,1
9,0.02021839744032572,0.832619845547938,R9_F9_m18f14_P18_Y14_UO422,R18_F18_m13f6_P13_Y12_UO347,R14_F14_m14f8_P14_Y12_UO963,MXY,1,0.0,1,1,0.0,0,0,0,-9999.0,0.52734375,1,P19_CV0,1,1,1,0,2
9,0.02021839744032572,0.832619845547938,R9_F9_m9f7_P9_Y14_UO96,R9_F9_m9f16_P9_Y12_UO523,R7_F7_m3f7_P3_Y11_UO558,MXY,1,0.0,1,1,0.0,0,0,0,-9999.0,0.525390625,1,P1_CV0,1,0,2,1,1
9,0.02021839744032572,0.832619845547938,R9_F9_m9f12_P9_Y14_UO520,RD9_F1_m10f1_P10_Y12_UO1210,RD12_F8_m19f18_P19_Y12_UO114,MXY,1,0.0,1,1,0.0,0,0,0,-9999.0,0.6015625,1,P2_CV0,1,1,1,1,1
9,0.02021839744032572,0.832619845547938,R9_F9_m9f10_P9_Y14_UO188,R9_F9_m9f3_P9_Y12_UO845,R10_F10_m20f4_P20_Y12_UO449,FXX,1,0.0,1,1,1.0,0,0,0,-9999.0,0.517578125,1,P2_CV0,1,1,1,0,2
9,0.02021839744032572,0.832619845547938,R9_F9_m9f3_P9_Y14_UO291,R9_F9_m9f3_P9_Y12_UO845,R3_F3_m10f7_P10_Y12_UO258,FXX,1,0.0,1,1,1.0,0,0,0,-9999.0,0.515625,1,P2_CV0,1,2,0,0,2
9,0.02021839744032572,0.832619845547938,Age0_F9_m9f4_P9_Y15_UO257,RD9_F17_m17f4_P17_Y13_UO311,R4_F4_m4f3_P4_Y13_UO503,MXY,0,0.0,0,0,0.0,0,0,0,0.0,0.46484375,1,P4_CV0,1,1,1,2,0
9,0.02021839744032572,0.832619845547938,Age0_F9_m9f18_P9_Y15_UO273,RD9_F17_m17f4_P17_Y13_UO311,RD18_F19_m17f1_P17_Y13_UO117,FXX,0,0.0,0,0,0.0,0,0,0,0.0,0.486328125,1,P4_CV0,1,1,1,2,0
9,0.02021839744032572,0.832619845547938,Age0_F9_m9f18_P9_Y15_UO274,RD9_F17_m17f4_P17_Y13_UO311,RD18_F19_m17f1_P17_Y13_UO117,MXY,0,0.0,0,0,0.0,0,0,0,0.0,0.486328125,1,P4_CV0,1,1,1,2,0
9,0.02021839744032572,0.832619845547938,Age0_F9_m9f13_P9_Y15_UO1277,R9_F9_m14f13_P14_Y13_UO1343,R13_F13_m13f20_P13_Y13_UO257,MXY,0,0.0,0,0,0.0,0,0,0,0.0,0.5,1,P4_CV0,1,1,1,2,0
9,0.02021839744032572,0.832619845547938,Age0_F9_m9f13_P9_Y15_UO1278,R9_F9_m14f13_P14_Y13_UO1343,R13_F13_m13f20_P13_Y13_UO257,MXY,0,0.0,0,0,0.0,0,0,0,0.0,0.5,1,P4_CV0,1,1,1,2,0
9,0.02021839744032572,0.832619845547938,Age0_F9_m9f13_P9_Y15_UO1279,R9_F9_m14f13_P14_Y13_UO1343,R13_F13_m13f20_P13_Y13_UO257,MXY,0,0.0,0,0,0.0,0,0,0,0.0,0.5,1,P4_CV0,1,1,1,2,0
9,0.02021839744032572,0.832619845547938,Age0_F9_m9f13_P9_Y15_UO1280,R9_F9_m14f13_P14_Y13_UO1343,R13_F13_m13f20_P13_Y13_UO257,MXY,0,0.0,0,0,0.0,0,0,0,0.0,0.5,1,P4_CV0,1,1,1,2,0
9,0.02021839744032572,0.832619845547938,R9_F9_m2f16_P2_Y14_UO873,R2_F2_m16f20_P16_Y12_UO1077,RD16_F17_m3f13_P3_Y12_UO944,MXY,1,0.0,1,1,0.0,0,0,0,-9999.0,0.568359375,1,P4_CV0,1,1,1,1,1
9,0.02021839744032572,0.832619845547938,R9_F9_m14f13_P14_Y13_UO1343,R14_F14_m17f15_P17_Y11_UO1249,RD13_F8_m5f3_P5_Y11_UO415,FXX,2,0.0,1,0,1.0,0,0,0,-9999.0,0.49609375,1,P4_CV0,1,0,2,2,0
9,0.02021839744032572,0.832619845547938,R9_F9_m9f1_P9_Y14_UO791,RD9_F15_m17f4_P17_Y12_UO1124,R1_F1_m1f6_P1_Y12_UO63,MXY,1,0.0,1,1,0.0,0,0,0,-9999.0,0.55859375,1,P5_CV0,1,1,1,1,1
9,0.02021839744032572,0.832619845547938,R9_F9_m6f2_P6_Y14_UO325,R6_F6_m15f2_P15_Y12_UO780,RD2_F5_m5f11_P5_Y12_UO683,FXX,1,0.0,1,1,1.0,0,0,0,-9999.0,0.529296875,1,P5_CV0,1,0,2,0,2
9,0.02021839744032572,0.832619845547938,R9_F9_m4f19_P4_Y14_UO257,R4_F4_m4f11_P4_Y12_UO1019,RD19_F8_m8f6_P8_Y12_UO375,MXY,1,0.0,1,1,0.0,0,0,0,-9999.0,0.513671875,1,P5_CV0,1,1,1,0,2
9,0.02021839744032572,0.832619845547938,R9_F9_m13f8_P13_Y12_UO1115,RD13_F16_m16f4_P16_Y10_UO550,R8_F8_m15f13_P15_Y9_UO335,FXX,3,0.0,1,0,1.0,0,0,0,-9999.0,0.48828125,1,P5_CV0,1,1,1,1,1
9,0.02021839744032572,0.832619845547938,R9_F9_m12f7_P12_Y12_UO925,R12_F12_m11f17_P11_Y10_UO1118,R7_F7_m14f7_P14_Y10_UO24,FXX,3,0.0,1,0,1.0,0,0,0,-9999.0,0.578125,1,P6_CV0,1,1,1,1,1
9,0.02021839744032572,0.832619845547938,Age0_F9_m9f4_P9_Y15_UO103,RD9_F13_m13f8_P13_Y13_UO216,RD4_F2_m2f9_P2_Y13_UO1147,MXY,0,0.0,0,0,0.0,0,0,0,0.0,0.48828125,1,P7_CV0,1,2,0,1,1
9,0.02021839744032572,0.832619845547938,Age0_F9_m9f4_P9_Y15_UO105,RD9_F13_m13f8_P13_Y13_UO216,RD4_F2_m2f9_P2_Y13_UO1147,MXY,0,0.0,0,0,0.0,0,0,0,0.0,0.48828125,1,P7_CV0,1,1,1,2,0
9,0.02021839744032572,0.832619845547938,Age0_F9_m9f4_P9_Y15_UO106,RD9_F13_m13f8_P13_Y13_UO216,RD4_F2_m2f9_P2_Y13_UO1147,MXY,0,0.0,0,0,0.0,0,0,0,0.0,0.48828125,1,P7_CV0,1,2,0,1,1
9,0.02021839744032572,0.832619845547938,Age0_F9_m9f15_P9_Y15_UO294,RD9_F4_m10f3_P10_Y13_UO1305,RD15_F10_m11f10_P11_Y13_UO1393,FXX,0,0.0,0,0,0.0,0,0,0,0.0,0.501953125,1,P7_CV0,1,2,0,1,1
9,0.02021839744032572,0.832619845547938,Age0_F9_m9f15_P9_Y15_UO295,RD9_F4_m10f3_P10_Y13_UO1305,RD15_F10_m11f10_P11_Y13_UO1393,MXY,0,0.0,0,0,0.0,0,0,0,0.0,0.501953125,1,P7_CV0,1,1,1,0,2
9,0.02021839744032572,0.832619845547938,Age0_F9_m9f15_P9_Y15_UO296,RD9_F4_m10f3_P10_Y13_UO1305,RD15_F10_m11f10_P11_Y13_UO1393,FXX,0,0.0,0,0,0.0,0,0,0,0.0,0.501953125,1,P7_CV0,1,1,1,0,2
9,0.02021839744032572,0.832619845547938,Age0_F9_m9f15_P9_Y15_UO297,RD9_F4_m10f3_P10_Y13_UO1305,RD15_F10_m11f10_P11_Y13_UO1393,MXY,0,0.0,0,0,0.0,0,0,0,0.0,0.501953125,1,P7_CV0,1,1,1,1,1
9,0.02021839744032572,0.832619845547938,Age0_F9_m9f15_P9_Y15_UO298,RD9_F4_m10f3_P10_Y13_UO1305,RD15_F10_m11f10_P11_Y13_UO1393,FXX,0,0.0,0,0,0.0,0,0,0,0.0,0.501953125,1,P7_CV0,1,2,0,0,2
9,0.02021839744032572,0.832619845547938,Age0_F9_m9f2_P9_Y15_UO1062,RD9_F16_m16f5_P16_Y13_UO715,R2_F2_m19f4_P19_Y10_UO779,MXY,0,0.0,0,0,0.0,0,0,0,0.0,0.505859375,1,P7_CV0,1,2,0,0,2
9,0.02021839744032572,0.832619845547938,Age0_F9_m9f2_P9_Y15_UO1066,RD9_F16_m16f5_P16_Y13_UO715,R2_F2_m19f4_P19_Y10_UO779,MXY,0,0.0,0,0,0.0,0,0,0,0.0,0.505859375,1,P7_CV0,1,1,1,1,1
9,0.02021839744032572,0.832619845547938,R9_F9_m9f19_P9_Y14_UO393,RD9_F2_m2f1_P2_Y12_UO1234,RD19_F10_m9f3_P9_Y12_UO714,MXY,1,0.0,1,1,0.0,0,0,0,-9999.0,0.537109375,1,P7_CV0,1,2,0,0,2
9,0.02021839744032572,0.832619845547938,R9_F9_m9f19_P9_Y14_UO396,RD9_F2_m2f1_P2_Y12_UO1234,RD19_F10_m9f3_P9_Y12_UO714,FXX,1,0.0,1,1,1.0,0,0,0,-9999.0,0.537109375,1,P7_CV0,1,1,1,0,2
9,0.02021839744032572,0.832619845547938,R9_F9_m9f10_P9_Y14_UO435,RD9_F2_m2f1_P2_Y12_UO1234,R10_F10_m14f8_P14_Y12_UO968,MXY,1,0.0,1,1,0.0,0,0,0,-9999.0,0.5625,1,P7_CV0,1,1,1,1,1
9,0.02021839744032572,0.832619845547938,Age0_F9_m9f12_P9_Y15_UO19,RD9_F18_m5f1_P5_Y13_UO491,RD12_F11_m6f7_P6_Y13_UO363,MXY,0,0.0,0,0,0.0,0,0,0,0.0,0.494140625,1,P8_CV0,1,1,1,1,1
9,0.02021839744032572,0.832619845547938,Age0_F9_m9f12_P9_Y15_UO25,RD9_F18_m5f1_P5_Y13_UO491,RD12_F11_m6f7_P6_Y13_UO363,FXX,0,0.0,0,0,0.0,0,0,0,0.0,0.494140625,1,P8_CV0,1,1,1,2,0
9,0.02021839744032572,0.832619845547938,R9_F9_m1f15_P1_Y14_UO1238,R1_F1_m1f6_P1_Y12_UO675,R15_F15_m4f11_P4_Y12_UO1152,FXX,1,0.0,1,1,1.0,0,0,0,-9999.0,0.51171875,1,P8_CV0,1,1,1,1,1
9,0.02021839744032572,0.832619845547938,R9_F9_m10f3_P10_Y13_UO1305,R10_F10_m20f5_P20_Y11_UO675,R3_F3_m4f10_P4_Y11_UO607,FXX,2,0.0,1,0,1.0,0,0,0,-9999.0,0.5,1,P8_CV0,1,1,1,0,2
9,0.02021839744032572,0.832619845547938,R9_F9_m5f3_P5_Y14_UO308,R5_F5_m13f18_P13_Y12_UO1294,R3_F3_m10f12_P10_Y12_UO173,FXX,1,0.0,1,1,1.0,0,0,0,-9999.0,0.5546875,1,P9_CV0,1,1,1,1,1
10,0.7781567509498505,0.8700121482468192,Age0_F10_m10f19_P10_Y15_UO1285,RD10_F14_m14f13_P14_Y13_UO1154,R19_F19_m16f12_P16_Y13_UO135,MXY,0,0.0,0,0,0.0,0,0,0,0.0,0.52734375,1,P0_CV0,1,2,0,2,0
10,0.7781567509498505,0.8700121482468192,Age0_F10_m10f19_P10_Y15_UO1288,RD10_F14_m14f13_P14_Y13_UO1154,R19_F19_m16f12_P16_Y13_UO135,FXX,0,0.0,0,0,0.0,0,0,0,0.0,0.52734375,1,P0_CV0,1,2,0,2,0
10,0.7781567509498505,0.8700121482468192,Age0_F10_m10f19_P10_Y15_UO1289,RD10_F14_m14f13_P14_Y13_UO1154,R19_F19_m16f12_P16_Y13_UO135,FXX,0,0.0,0,0,0.0,0,0,0,0.0,0.52734375,1,P0_CV0,1,2,0,2,0
10,0.7781567509498505,0.8700121482468192,Age0_F10_m10f19_P10_Y15_UO1290,RD10_F14_m14f13_P14_Y13_UO1154,R19_F19_m16f12_P16_Y13_UO135,MXY,0,0.0,0,0,0.0,0,0,0,0.0,0.52734375,1,P0_CV0,1,2,0,2,0
10,0.7781567509498505,0.8700121482468192,Age0_F10_m10f18_P10_Y15_UO1398,RD10_F6_m6f20_P6_Y13_UO634,R18_F18_m18f20_P18_Y12_UO603,FXX,0,0.0,0,0,0.0,0,0,0,0.0,0.5078125,1,P0_CV0,1,2,0,0,2
10,0.7781567509498505,0.8700121482468192,Age0_F10_m10f19_P10_Y15_UO231,RD10_F6_m16f6_P16_Y13_UO338,RD19_F20_m17f1_P17_Y13_UO844,FXX,0,0.0,0,0,0.0,0,0,0,0.0,0.50390625,1,P10_CV0,1,1,1,0,2
10,0.7781567509498505,0.8700121482468192,Age0_F10_m10f19_P10_Y15_UO232,RD10_F6_m16f6_P16_Y13_UO338,RD19_F20_m17f1_P17_Y13_UO844,MXY,0,0.0,0,0,0.0,0,0,0,0.0,0.50390625,1,P10_CV0,1,1,1,1,1
10,0.7781567509498505,0.8700121482468192,Age0_F10_m10f19_P10_Y15_UO233,RD10_F6_m16f6_P16_Y13_UO338,RD19_F20_m17f1_P17_Y13_UO844,FXX,0,0.0,0,0,0.0,0,0,0,0.0,0.50390625,1,P10_CV0,1,2,0,0,2
10,0.7781567509498505,0.8700121482468192,Age0_F10_m10f5_P10_Y15_UO312,R10_F10_m5f17_P5_Y13_UO1252,RD5_F15_m10f7_P10_Y13_UO1337,MXY,0,0.0,0,0,0.0,0,0,0,0.0,0.49609375,1,P10_CV0,1,1,1,2,0
10,0.7781567509498505,0.8700121482468192,Age0_F10_m10f5_P10_Y15_UO313,R10_F10_m5f17_P5_Y13_UO1252,RD5_F15_m10f7_P10_Y13_UO1337,FXX,0,0.0,0,0,0.0,0,0,0,0.0,0.49609375,1,P10_CV0,1,1,1,2,0
10,0.7781567509498505,0.8700121482468192,Age0_F10_m10f4_P10_Y15_UO1011,R10_F10_m5f17_P5_Y13_UO1252,RD4_F13_m13f14_P13_Y13_UO754,MXY,0,0.0,0,0,0.0,0,0,0,0.0,0.517578125,1,P10_CV0,1,1,1,1,1
10,0.7781567509498505,0.8700121482468192,Age0_F10_m10f4_P10_Y15_UO1012,R10_F10_m5f17_P5_Y13_UO1252,RD4_F13_m13f14_P13_Y13_UO754,FXX,0,0.0,0,0,0.0,0,0,0,0.0,0.517578125,1,P10_CV0,1,0,2,2,0
10,0.7781567509498505,0.8700121482468192,Age0_F10_m10f9_P10_Y15_UO1133,R10_F10_m5f17_P5_Y13_UO1252,R9_F9_m20f3_P20_Y13_UO415,MXY,0,0.0,0,0,0.0,0,0,0,0.0,0.505859375,1,P10_CV0,1,2,0,2,0
10,0.7781567509498505,0.8700121482468192,Age0_F10_m10f9_P10_Y15_UO1137,R10_F10_m5f17_P5_Y13_UO1252,R9_F9_m20f3_P20_Y13_UO415,FXX,0,0.0,0,0,0.0,0,0,0,0.0,0.505859375,1,P10_CV0,1,1,1,2,0
10,0.7781567509498505,0.8700121482468192,Age0_F10_m10f9_P10_Y15_UO1139,R10_F10_m5f17_P5_Y13_UO1252,R9_F9_m20f3_P20_Y13_UO415,FXX,0,0.0,0,0,0.0,0,0,0,0.0,0.505859375,1,P10_CV0,1,2,0,1,1
10,0.7781567509498505,0.8700121482468192,Age0_F10_m10f18_P10_Y15_UO1397,RD10_F6_m6f20_P6_Y13_UO634,R18_F18_m18f20_P18_Y12_UO603,MXY,0,0.0,0,0,0.0,0,0,0,0.0,0.5078125,1,P10_CV0,1,1,1,1,1
10,0.7781567509498505,0.8700121482468192,Age0_F10_m10f18_P10_Y15_UO1399,RD10_F6_m6f20_P6_Y13_UO634,R18_F18_m18f20_P18_Y12_UO603,FXX,0,0.0,0,0,0.0,0,0,0,0.0,0.5078125,1,P10_CV0,1,0,2,1,1
10,0.7781567509498505,0.8700121482468192,R10_F10_m12f8_P12_Y14_UO699,R12_F12_m13f16_P13_Y12_UO265,R8_F8_m12f15_P12_Y12_UO184,FXX,1,0.0,1,1,1.0,0,0,0,-9999.0,0.5390625,1,P10_CV0,1,0,2,1,1
10,0.7781567509498505,0.8700121482468192,R10_F10_m10f13_P10_Y14_UO30,RD10_F19_m3f13_P3_Y12_UO939,RD13_F8_m8f16_P8_Y12_UO278,MXY,1,0.0,1,1,0.0,0,0,0,-9999.0,0.5546875,1,P10_CV0,1,1,1,0,2
10,0.7781567509498505,0.8700121482468192,R10_F10_m13f19_P13_Y14_UO92,R13_F13_m8f6_P8_Y12_UO372,RD19_F9_m9f6_P9_Y12_UO227,MXY,1,0.0,1,1,0.0,0,0,0,-9999.0,0.49609375,1,P10_CV0,1,2,0,0,2
10,0.7781567509498505,0.8700121482468192,R10_F10_m6f20_P6_Y13_UO634,R6_F6_m4f10_P4_Y11_UO921,R20_F20_m20f15_P20_Y11_UO233,FXX,2,0.0,1,0,1.0,0,0,0,-9999.0,0.52734375,1,P10_CV0,1,1,1,1,1
10,0.7781567509498505,0.8700121482468192,R10_F10_m5f17_P5_Y13_UO1252,R5_F5_m15f2_P15_Y11_UO166,RD17_F8_m16f15_P16_Y11_UO734,FXX,2,0.0,1,0,1.0,0,0,0,-9999.0,0.47265625,1,P10_CV0,1,1,1,2,0
10,0.7781567509498505,0.8700121482468192,R10_F10_m10f11_P10_Y13_UO13,R10_F10_m19f11_P19_Y11_UO1292,R11_F11_m12f4_P12_Y11_UO1379,MXY,2,0.0,1,0,0.0,0,0,0,-9999.0,0.51953125,1,P10_CV0,1,0,2,1,1
10,0.7781567509498505,0.8700121482468192,R10_F10_m10f3_P10_Y14_UO642,RD10_F6_m13f12_P13_Y12_UO472,R3_F3_m3f12_P3_Y12_UO1256,MXY,1,0.0,1,1,0.0,0,0,0,-9999.0,0.517578125,1,P11_CV0,1,1,1,1,1
10,0.7781567509498505,0.8700121482468192,R10_F10_m1f9_P1_Y13_UO444,RD1_F18_m18f3_P18_Y11_UO1079,R9_F9_m20f5_P20_Y10_UO450,MXY,2,0.0,1,0,0.0,0,0,0,-9999.0,0.45703125,1,P11_CV0,1,1,1,1,1
10,0.7781567509498505,0.8700121482468192,Age0_F10_m10f3_P10_Y15_UO58,RD10_F11_m11f16_P11_Y13_UO817,R3_F3_m3f17_P3_Y13_UO1025,MXY,0,0.0,0,0,0.0,0,0,0,0.0,0.494140625,1,P12_CV0,1,2,0,2,0
10,0.7781567509498505,0.8700121482468192,Age0_F10_m10f3_P10_Y15_UO61,RD10_F11_m11f16_P11_Y13_UO817,R3_F3_m3f17_P3_Y13_UO1025,FXX,0,0.0,0,0,0.0,0,0,0,0.0,0.494140625,1,P12_CV0,1,0,2,2,0
10,0.7781567509498505,0.8700121482468192,Age0_F10_m10f3_P10_Y15_UO63,RD10_F11_m11f16_P11_Y13_UO817,R3_F3_m3f17_P3_Y13_UO1025,MXY,0,0.0,0,0,0.0,0,0,0,0.0,0.494140625,1,P12_CV0,1,0,2,2,0
10,0.7781567509498505,0.8700121482468192,Age0_F10_m10f3_P10_Y15_UO64,RD10_F11_m11f16_P11_Y13_UO817,R3_F3_m3f17_P3_Y13_UO1025,MXY,0,0.0,0,0,0.0,0,0,0,0.0,0.494140625,1,P12_CV0,1,2,0,2,0
10,0.7781567509498505,0.8700121482468192,Age0_F10_m10f3_P10_Y15_UO65,RD10_F11_m11f16_P11_Y13_UO817,R3_F3_m3f17_P3_Y13_UO1025,MXY,0,0.0,0,0,0.0,0,0,0,0.0,0.494140625,1,P12_CV0,1,2,0,2,0
10,0.7781567509498505,0.8700121482468192,Age0_F10_m10f4_P10_Y15_UO1009,R10_F10_m5f17_P5_Y13_UO1252,RD4_F13_m13f14_P13_Y13_UO754,FXX,0,0.0,0,0,0.0,0,0,0,0.0,0.517578125,1,P12_CV0,1,2,0,1,1
10,0.7781567509498505,0.8700121482468192,Age0_F10_m10f4_P10_Y15_UO1010,R10_F10_m5f17_P5_Y13_UO1252,RD4_F13_m13f14_P13_Y13_UO754,MXY,0,0.0,0,0,0.0,0,0,0,0.0,0.517578125,1,P12_CV0,1,2,0,1,1
10,0.7781567509498505,0.8700121482468192,Age0_F10_m10f4_P10_Y15_UO1013,R10_F10_m5f17_P5_Y13_UO1252,RD4_F13_m13f14_P13_Y13_UO754,FXX,0,0.0,0,0,0.0,0,0,0,0.0,0.517578125,1,P12_CV0,1,1,1,1,1
10,0.7781567509498505,0.8700121482468192,Age0_F10_m10f18_P10_Y15_UO1014,RD10_F11_m11f16_P11_Y13_UO817,R18_F18_m18f12_P18_Y13_UO271,MXY,0,0.0,0,0,0.0,0,0,0,0.0,0.53125,1,P12_CV0,1,1,1,1,1
10,0.7781567509498505,0.8700121482468192,Age0_F10_m10f18_P10_Y15_UO1018,RD10_F11_m11f16_P11_Y13_UO817,R18_F18_m18f12_P18_Y13_UO271,MXY,0,0.0,0,0,0.0,0,0,0,0.0,0.53125,1,P12_CV0,1,1,1,1,1
10,0.7781567509498505,0.8700121482468192,Age0_F10_m10f18_P10_Y15_UO1019,RD10_F11_m11f16_P11_Y13_UO817,R18_F18_m18f12_P18_Y13_UO271,MXY,0,0.0,0,0,0.0,0,0,0,0.0,0.53125,1,P12_CV0,1,2,0,1,1
10,0.7781567509498505,0.8700121482468192,R10_F10_m11f18_P11_Y14_UO1291,RD11_F4_m4f17_P4_Y12_UO1262,R18_F18_m18f20_P18_Y12_UO603,FXX,1,0.0,1,1,1.0,0,0,0,-9999.0,0.490234375,1,P12_CV0,1,0,2,1,1
10,0.7781567509498505,0.8700121482468192,Age0_F10_m10f16_P10_Y15_UO1092,R10_F10_m10f13_P10_Y13_UO823,RD16_F11_m11f20_P11_Y13_UO1079,FXX,0,0.0,0,0,0.0,0,0,0,0.0,0.490234375,1,P13_CV0,1,1,1,1,1
10,0.7781567509498505,0.8700121482468192,Age0_F10_m10f9_P10_Y15_UO1134,R10_F10_m5f17_P5_Y13_UO1252,R9_F9_m20f3_P20_Y13_UO415,MXY,0,0.0,0,0,0.0,0,0,0,0.0,0.505859375,1,P13_CV0,1,1,1,1,1
10,0.7781567509498505,0.8700121482468192,Age0_F10_m10f9_P10_Y15_UO1135,R10_F10_m5f17_P5_Y13_UO1252,R9_F9_m20f3_P20_Y13_UO415,MXY,0,0.0,0,0,0.0,0,0,0,0.0,0.505859375,1,P13_CV0,1,0,2,1,1
10,0.7781567509498505,0.8700121482468192,Age0_F10_m10f9_P10_Y15_UO1136,R10_F10_m5f17_P5_Y13_UO1252,R9_F9_m20f3_P20_Y13_UO415,MXY,0,0.0,0,0,0.0,0,0,0,0.0,0.505859375,1,P13_CV0,1,2,0,1,1
10,0.7781567509498505,0.8700121482468192,Age0_F10_m10f9_P10_Y15_UO1138,R10_F10_m5f17_P5_Y13_UO1252,R9_F9_m20f3_P20_Y13_UO415,FXX,0,0.0,0,0,0.0,0,0,0,0.0,0.505859375,1,P13_CV0,1,0,2,1,1
10,0.7781567509498505,0.8700121482468192,R10_F10_m10f3_P10_Y14_UO634,RD10_F6_m13f12_P13_Y12_UO472,R3_F3_m3f12_P3_Y12_UO1256,MXY,1,0.0,1,1,0.0,0,0,0,-9999.0,0.517578125,1,P13_CV0,1,1,1,1,1
10,0.7781567509498505,0.8700121482468192,R10_F10_m20f16_P20_Y14_UO814,RD20_F18_m18f14_P18_Y12_UO754,R16_F16_m16f7_P16_Y12_UO1150,MXY,1,0.0,1,1,0.0,0,0,0,-9999.0,0.505859375,1,P13_CV0,1,2,0,1,1
10,0.7781567509498505,0.8700121482468192,R10_F10_m12f1_P12_Y13_UO439,RD12_F6_m6f10_P6_Y11_UO704,R1_F1_m1f10_P1_Y11_UO1038,MXY,2,0.0,1,0,0.0,0,0,0,-9999.0,0.5,1,P13_CV0,1,2,0,2,0
10,0.7781567509498505,0.8700121482468192,R10_F10_m5f1_P5_Y13_UO454,RD5_F9_m9f5_P9_Y11_UO1190,R1_F1_m13f8_P13_Y11_UO85,MXY,2,0.0,1,0,0.0,0,0,0,-9999.0,0.44140625,1,P13_CV0,1,1,1,0,2
10,0.7781567509498505,0.8700121482468192,R10_F10_m5f3_P5_Y14_UO1302,R5_F5_m13f18_P13_Y12_UO1294,RD3_F12_m5f17_P5_Y12_UO1187,FXX,1,0.0,1,1,1.0,0,0,0,-9999.0,0.53515625,1,P14_CV0,1,2,0,1,1
10,0.7781567509498505,0.8700121482468192,Age0_F10_m10f5_P10_Y15_UO314,R10_F10_m5f17_P5_Y13_UO1252,RD5_F15_m10f7_P10_Y13_UO1337,FXX,0,0.0,0,0,0.0,0,0,0,0.0,0.49609375,1,P15_CV0,1,1,1,2,0
10,0.7781567509498505,0.8700121482468192,Age0_F10_m10f3_P10_Y15_UO59,RD10_F11_m11f16_P11_Y13_UO817,R3_F3_m3f17_P3_Y13_UO1025,FXX,0,0.0,0,0,0.0,0,0,0,0.0,0.494140625,1,P16_CV0,1,1,1,2,0
10,0.7781567509498505,0.8700121482468192,Age0_F10_m10f3_P10_Y15_UO60,RD10_F11_m11f16_P11_Y13_UO817,R3_F3_m3f17_P3_Y13_UO1025,FXX,0,0.0,0,0,0.0,0,0,0,0.0,0.494140625,1,P16_CV0,1,1,1,2,0
10,0.7781567509498505,0.8700121482468192,Age0_F10_m10f3_P10_Y15_UO62,RD10_F11_m11f16_P11_Y13_UO817,R3_F3_m3f17_P3_Y13_UO1025,MXY,0,0.0,0,0,0.0,0,0,0,0.0,0.494140625,1,P16_CV0,1,1,1,2,0
10,0.7781567509498505,0.8700121482468192,Age0_F10_m10f1_P10_Y15_UO692,RD10_F14_m14f13_P14_Y13_UO1154,RD1_F2_m12f5_P12_Y13_UO149,FXX,0,0.0,0,0,0.0,0,0,0,0.0,0.560546875,1,P16_CV0,1,1,1,2,0
10,0.7781567509498505,0.8700121482468192,Age0_F10_m10f1_P10_Y15_UO693,RD10_F14_m14f13_P14_Y13_UO1154,RD1_F2_m12f5_P12_Y13_UO149,FXX,0,0.0,0,0,0.0,0,0,0,0.0,0.560546875,1,P16_CV0,1,2,0,2,0
10,0.7781567509498505,0.8700121482468192,Age0_F10_m10f1_P10_Y15_UO694,RD10_F14_m14f13_P14_Y13_UO1154,RD1_F2_m12f5_P12_Y13_UO149,MXY,0,0.0,0,0,0.0,0,0,0,0.0,0.560546875,1,P16_CV0,1,2,0,2,0
10,0.7781567509498505,0.8700121482468192,Age0_F10_m10f1_P10_Y15_UO696,RD10_F14_m14f13_P14_Y13_UO1154,RD1_F2_m12f5_P12_Y13_UO149,MXY,0,0.0,0,0,0.0,0,0,0,0.0,0.560546875,1,P16_CV0,1,2,0,2,0
10,0.7781567509498505,0.8700121482468192,Age0_F10_m10f1_P10_Y15_UO698,RD10_F14_m14f13_P14_Y13_UO1154,RD1_F2_m12f5_P12_Y13_UO149,MXY,0,0.0,0,0,0.0,0,0,0,0.0,0.560546875,1,P16_CV0,1,1,1,2,0
10,0.7781567509498505,0.8700121482468192,Age0_F10_m10f7_P10_Y15_UO754,RD10_F6_m16f6_P16_Y13_UO338,RD7_F4_m2f19_P2_Y13_UO1027,FXX,0,0.0,0,0,0.0,0,0,0,0.0,0.5234375,1,P16_CV0,1,1,1,1,1
10,0.7781567509498505,0.8700121482468192,Age0_F10_m10f7_P10_Y15_UO755,RD10_F6_m16f6_P16_Y13_UO338,RD7_F4_m2f19_P2_Y13_UO1027,MXY,0,0.0,0,0,0.0,0,0,0,0.0,0.5234375,1,P16_CV0,1,1,1,1,1
10,0.7781567509498505,0.8700121482468192,Age0_F10_m10f7_P10_Y15_UO756,RD10_F6_m16f6_P16_Y13_UO338,RD7_F4_m2f19_P2_Y13_UO1027,FXX,0,0.0,0,0,0.0,0,0,0,0.0,0.5234375,1,P16_CV0,1,2,0,0,2
10,0.7781567509498505,0.8700121482468192,Age0_F10_m10f7_P10_Y15_UO757,RD10_F6_m16f6_P16_Y13_UO338,RD7_F4_m2f19_P2_Y13_UO1027,FXX,0,0.0,0,0,0.0,0,0,0,0.0,0.5234375,1,P16_CV0,1,1,1,0,2
10,0.7781567509498505,0.8700121482468192,Age0_F10_m10f7_P10_Y15_UO758,RD10_F6_m16f6_P16_Y13_UO338,RD7_F4_m2f19_P2_Y13_UO1027,MXY,0,0.0,0,0,0.0,0,0,0,0.0,0.5234375,1,P16_CV0,1,1,1,1,1
10,0.7781567509498505,0.8700121482468192,Age0_F10_m10f18_P10_Y15_UO1015,RD10_F11_m11f16_P11_Y13_UO817,R18_F18_m18f12_P18_Y13_UO271,MXY,0,0.0,0,0,0.0,0,0,0,0.0,0.53125,1,P16_CV0,1,1,1,1,1
10,0.7781567509498505,0.8700121482468192,Age0_F10_m10f18_P10_Y15_UO1016,RD10_F11_m11f16_P11_Y13_UO817,R18_F18_m18f12_P18_Y13_UO271,FXX,0,0.0,0,0,0.0,0,0,0,0.0,0.53125,1,P16_CV0,1,1,1,1,1
10,0.7781567509498505,0.8700121482468192,Age0_F10_m10f18_P10_Y15_UO1017,RD10_F11_m11f16_P11_Y13_UO817,R18_F18_m18f12_P18_Y13_UO271,FXX,0,0.0,0,0,0.0,0,0,0,0.0,0.53125,1,P16_CV0,1,0,2,1,1
10,0.7781567509498505,0.8700121482468192,Age0_F10_m10f18_P10_Y15_UO1020,RD10_F11_m11f16_P11_Y13_UO817,R18_F18_m18f12_P18_Y13_UO271,MXY,0,0.0,0,0,0.0,0,0,0,0.0,0.53125,1,P16_CV0,1,2,0,1,1
10,0.7781567509498505,0.8700121482468192,Age0_F10_m10f19_P10_Y15_UO1286,RD10_F14_m14f13_P14_Y13_UO1154,R19_F19_m16f12_P16_Y13_UO135,MXY,0,0.0,0,0,0.0,0,0,0,0.0,0.52734375,1,P16_CV0,1,2,0,2,0
10,0.7781567509498505,0.8700121482468192,Age0_F10_m10f19_P10_Y15_UO1287,RD10_F14_m14f13_P14_Y13_UO1154,R19_F19_m16f12_P16_Y13_UO135,MXY,0,0.0,0,0,0.0,0,0,0,0.0,0.52734375,1,P16_CV0,1,2,0,2,0
10,0.7781567509498505,0.8700121482468192,Age0_F10_m10f19_P10_Y15_UO1291,RD10_F14_m14f13_P14_Y13_UO1154,R19_F19_m16f12_P16_Y13_UO135,FXX,0,0.0,0,0,0.0,0,0,0,0.0,0.52734375,1,P16_CV0,1,2,0,2,0
10,0.7781567509498505,0.8700121482468192,R10_F10_m15f2_P15_Y13_UO601,R15_F15_m15f17_P15_Y11_UO95,RD2_F20_m15f2_P15_Y11_UO165,MXY,2,0.0,1,0,0.0,0,0,0,-9999.0,0.4609375,1,P16_CV0,1,1,1,1,1
10,0.7781567509498505,0.8700121482468192,Age0_F10_m10f16_P10_Y15_UO1090,R10_F10_m10f13_P10_Y13_UO823,RD16_F11_m11f20_P11_Y13_UO1079,MXY,0,0.0,0,0,0.0,0,0,0,0.0,0.490234375,1,P17_CV0,1,2,0,0,2
10,0.7781567509498505,0.8700121482468192,Age0_F10_m10f16_P10_Y15_UO1091,R10_F10_m10f13_P10_Y13_UO823,RD16_F11_m11f20_P11_Y13_UO1079,MXY,0,0.0,0,0,0.0,0,0,0,0.0,0.490234375,1,P17_CV0,1,2,0,0,2
10,0.7781567509498505,0.8700121482468192,R10_F10_m3f7_P3_Y13_UO622,R3_F3_m3f4_P3_Y11_UO773,RD7_F20_m20f10_P20_Y11_UO38,MXY,2,0.0,1,0,0.0,0,0,0,-9999.0,0.515625,1,P17_CV0,1,2,0,1,1
10,0.7781567509498505,0.8700121482468192,R10_F10_m12f3_P12_Y12_UO1094,R12_F12_m12f6_P12_Y10_UO1141,R3_F3_m6f17_P6_Y9_UO1192,FXX,3,0.0,1,0,1.0,0,0,0,-9999.0,0.484375,1,P17_CV0,1,1,1,2,0
10,0.7781567509498505,0.8700121482468192,R10_F10_m10f12_P10_Y14_UO115,RD10_F7_m10f1_P10_Y12_UO1207,RD12_F9_m9f12_P9_Y12_UO1085,FXX,1,0.0,1,1,1.0,0,0,0,-9999.0,0.591796875,1,P19_CV0,1,1,1,1,1
10,0.7781567509498505,0.8700121482468192,R10_F10_m10f7_P10_Y14_UO1011,RD10_F19_m3f13_P3_Y12_UO939,R7_F7_m7f15_P7_Y12_UO1216,FXX,1,0.0,1,1,1.0,0,0,0,-9999.0,0.515625,1,P19_CV0,1,0,2,1,1
10,0.7781567509498505,0.8700121482468192,R10_F10_m4f12_P4_Y11_UO250,R4_F4_m10f6_P10_Y9_UO563,R12_F12_m8f4_P8_Y9_UO21,MXY,4,0.0,1,0,0.0,0,0,0,-9999.0,0.484375,1,P1_CV0,1,2,0,0,2
10,0.7781567509498505,0.8700121482468192,Age0_F10_m10f14_P10_Y15_UO341,RD10_F6_m6f16_P6_Y13_UO239,RD14_F9_m3f7_P3_Y13_UO874,MXY,0,0.0,0,0,0.0,0,0,0,0.0,0.548828125,1,P2_CV0,1,2,0,0,2
10,0.7781567509498505,0.8700121482468192,Age0_F10_m10f14_P10_Y15_UO342,RD10_F6_m6f16_P6_Y13_UO239,RD14_F9_m3f7_P3_Y13_UO874,MXY,0,0.0,0,0,0.0,0,0,0,0.0,0.548828125,1,P2_CV0,1,1,1,1,1
10,0.7781567509498505,0.8700121482468192,Age0_F10_m10f14_P10_Y15_UO343,RD10_F6_m6f16_P6_Y13_UO239,RD14_F9_m3f7_P3_Y13_UO874,MXY,0,0.0,0,0,0.0,0,0,0,0.0,0.548828125,1,P2_CV0,1,0,2,1,1
10,0.7781567509498505,0.8700121482468192,R10_F10_m19f10_P19_Y14_UO1242,RD19_F7_m19f18_P19_Y12_UO116,RD10_F18_m9f3_P9_Y12_UO846,FXX,1,0.0,1,1,1.0,0,0,0,-9999.0,0.546875,1,P2_CV0,1,1,1,0,2
10,0.7781567509498505,0.8700121482468192,R10_F10_m4f20_P4_Y14_UO104,RD4_F9_m17f4_P17_Y12_UO32,R20_F20_m5f20_P5_Y12_UO748,MXY,1,0.0,1,1,0.0,0,0,0,-9999.0,0.55078125,1,P2_CV0,1,2,0,2,0
10,0.7781567509498505,0.8700121482468192,R10_F10_m14f5_P14_Y13_UO1375,RD14_F8_m6f11_P6_Y11_UO1260,RD5_F7_m9f7_P9_Y10_UO1287,MXY,2,0.0,1,0,0.0,0,0,0,-9999.0,0.5234375,1,P2_CV0,1,2,0,2,0
10,0.7781567509498505,0.8700121482468192,Age0_F10_m10f2_P10_Y15_UO49,RD10_F6_m6f16_P6_Y13_UO239,R2_F2_m2f16_P2_Y13_UO400,MXY,0,0.0,0,0,0.0,0,0,0,0.0,0.533203125,1,P3_CV0,1,0,2,1,1
10,0.7781567509498505,0.8700121482468192,Age0_F10_m10f2_P10_Y15_UO50,RD10_F6_m6f16_P6_Y13_UO239,R2_F2_m2f16_P2_Y13_UO400,MXY,0,0.0,0,0,0.0,0,0,0,0.0,0.533203125,1,P3_CV0,1,0,2,1,1
10,0.7781567509498505,0.8700121482468192,Age0_F10_m10f2_P10_Y15_UO51,RD10_F6_m6f16_P6_Y13_UO239,R2_F2_m2f16_P2_Y13_UO400,MXY,0,0.0,0,0,0.0,0,0,0,0.0,0.533203125,1,P3_CV0,1,0,2,1,1
10,0.7781567509498505,0.8700121482468192,R10_F10_m13f19_P13_Y14_UO87,R13_F13_m8f6_P8_Y12_UO372,RD19_F9_m9f6_P9_Y12_UO227,MXY,1,0.0,1,1,0.0,0,0,0,-9999.0,0.49609375,1,P3_CV0,1,1,1,0,2
10,0.7781567509498505,0.8700121482468192,R10_F10_m10f11_P10_Y14_UO5,RD10_F19_m3f13_P3_Y12_UO939,R11_F11_m11f17_P11_Y12_UO12,MXY,1,0.0,1,1,0.0,0,0,0,-9999.0,0.513671875,1,P3_CV0,1,1,1,0,2
10,0.7781567509498505,0.8700121482468192,R10_F10_m19f20_P19_Y12_UO150,RD19_F2_m2f4_P2_Y10_UO698,R20_F20_m20f6_P20_Y10_UO568,MXY,3,0.0,1,0,0.0,0,0,0,-9999.0,0.6015625,1,P3_CV0,1,1,1,0,2
10,0.7781567509498505,0.8700121482468192,Age0_F10_m10f1_P10_Y15_UO695,RD10_F14_m14f13_P14_Y13_UO1154,RD1_F2_m12f5_P12_Y13_UO149,FXX,0,0.0,0,0,0.0,0,0,0,0.0,0.560546875,1,P4_CV0,1,2,0,2,0
10,0.7781567509498505,0.8700121482468192,Age0_F10_m10f1_P10_Y15_UO697,RD10_F14_m14f13_P14_Y13_UO1154,RD1_F2_m12f5_P12_Y13_UO149,MXY,0,0.0,0,0,0.0,0,0,0,0.0,0.560546875,1,P4_CV0,1,1,1,2,0
10,0.7781567509498505,0.8700121482468192,R10_F10_m6f2_P6_Y14_UO321,R6_F6_m15f2_P15_Y12_UO780,RD2_F5_m5f11_P5_Y12_UO683,MXY,1,0.0,1,1,0.0,0,0,0,-9999.0,0.529296875,1,P5_CV0,1,0,2,1,1
10,0.7781567509498505,0.8700121482468192,R10_F10_m12f19_P12_Y11_UO320,R12_F12_m12f13_P12_Y9_UO378,R19_F19_m19f18_P19_Y9_UO1261,FXX,4,0.0,1,0,1.0,0,0,0,-9999.0,0.484375,1,P5_CV0,1,1,1,1,1
10,0.7781567509498505,0.8700121482468192,R10_F10_m5f8_P5_Y14_UO1071,R5_F5_m13f18_P13_Y12_UO1294,RD8_F16_m15f1_P15_Y12_UO463,FXX,1,0.0,1,1,1.0,0,0,0,-9999.0,0.55078125,1,P6_CV0,1,2,0,2,0
10,0.7781567509498505,0.8700121482468192,R10_F10_m1f7_P1_Y14_UO43,R1_F1_m12f7_P12_Y12_UO922,RD7_F12_m5f11_P5_Y12_UO1285,MXY,1,0.0,1,1,0.0,0,0,0,-9999.0,0.572265625,1,P6_CV0,1,0,2,1,1
10,0.7781567509498505,0.8700121482468192,R10_F10_m10f4_P10_Y13_UO1164,RD10_F14_m14f4_P14_Y11_UO835,RD4_F6_m16f15_P16_Y11_UO731,FXX,2,0.0,1,0,1.0,0,0,0,-9999.0,0.45703125,1,P6_CV0,1,0,2,1,1
10,0.7781567509498505,0.8700121482468192,R10_F10_m13f9_P13_Y14_UO1214,RD13_F20_m1f3_P1_Y12_UO1041,R9_F9_m13f8_P13_Y12_UO327,FXX,1,0.0,1,1,1.0,0,0,0,-9999.0,0.552734375,1,P7_CV0,1,1,1,1,1
10,0.7781567509498505,0.8700121482468192,R10_F10_m15f18_P15_Y14_UO170,R15_F15_m19f18_P19_Y12_UO1004,RD18_F8_m8f6_P8_Y12_UO387,MXY,1,0.0,1,1,0.0,0,0,0,-9999.0,0.525390625,1,P7_CV0,1,2,0,0,2
10,0.7781567509498505,0.8700121482468192,R10_F10_m12f18_P12_Y12_UO1167,RD12_F16_m19f13_P19_Y10_UO729,R18_F18_m18f5_P18_Y8_UO81,FXX,3,0.0,1,0,1.0,0,0,0,-9999.0,0.5546875,1,P8_CV0,1,2,0,1,1
10,0.7781567509498505,0.8700121482468192,R10_F10_m14f9_P14_Y14_UO145,RD14_F2_m2f12_P2_Y12_UO286,RD9_F5_m5f10_P5_Y12_UO626,FXX,1,0.0,1,1,1.0,0,0,0,-9999.0,0.521484375,1,P9_CV0,1,2,0,1,1
10,0.7781567509498505,0.8700121482468192,R10_F10_m20f10_P20_Y14_UO632,RD20_F19_m19f4_P19_Y12_UO9,RD10_F19_m19f20_P19_Y12_UO150,FXX,1,0.0,1,1,1.0,0,0,0,-9999.0,0.599609375,1,P9_CV0,1,0,2,1,1
11,0.978618342232764,0.7991585642167236,Age0_F11_m11f3_P11_Y15_UO359,RD11_F10_m14f3_P14_Y13_UO718,R3_F3_m3f5_P3_Y13_UO980,FXX,0,0.0,0,0,0.0,0,0,0,0.0,0.513671875,1,P0_CV0,1,0,2,1,1
11,0.978618342232764,0.7991585642167236,Age0_F11_m11f3_P11_Y15_UO362,RD11_F10_m14f3_P14_Y13_UO718,R3_F3_m3f5_P3_Y13_UO980,FXX,0,0.0,0,0,0.0,0,0,0,0.0,0.513671875,1,P0_CV0,1,1,1,2,0
11,0.978618342232764,0.7991585642167236,Age0_F11_m11f3_P11_Y15_UO363,RD11_F10_m14f3_P14_Y13_UO718,R3_F3_m3f5_P3_Y13_UO980,MXY,0,0.0,0,0,0.0,0,0,0,0.0,0.513671875,1,P0_CV0,1,2,0,1,1
11,0.978618342232764,0.7991585642167236,Age0_F11_m11f3_P11_Y15_UO364,RD11_F10_m14f3_P14_Y13_UO718,R3_F3_m3f5_P3_Y13_UO980,MXY,0,0.0,0,0,0.0,0,0,0,0.0,0.513671875,1,P0_CV0,1,1,1,1,1
11,0.978618342232764,0.7991585642167236,Age0_F11_m11f3_P11_Y15_UO365,RD11_F10_m14f3_P14_Y13_UO718,R3_F3_m3f5_P3_Y13_UO980,FXX,0,0.0,0,0,0.0,0,0,0,0.0,0.513671875,1,P0_CV0,1,1,1,1,1
11,0.978618342232764,0.7991585642167236,R11_F11_m11f18_P11_Y14_UO1290,RD11_F4_m4f17_P4_Y12_UO1262,R18_F18_m18f20_P18_Y12_UO603,MXY,1,0.0,1,1,0.0,0,0,0,-9999.0,0.490234375,1,P0_CV0,1,1,1,1,1
11,0.978618342232764,0.7991585642167236,Age0_F11_m11f9_P11_Y15_UO283,RD11_F3_m13f20_P13_Y13_UO253,RD9_F18_m8f3_P8_Y13_UO188,MXY,0,0.0,0,0,0.0,0,0,0,0.0,0.486328125,1,P10_CV0,1,2,0,2,0
11,0.978618342232764,0.7991585642167236,Age0_F11_m11f14_P11_Y15_UO902,RD11_F3_m13f20_P13_Y13_UO253,RD14_F2_m2f5_P2_Y13_UO1182,FXX,0,0.0,0,0,0.0,0,0,0,0.0,0.515625,1,P10_CV0,1,2,0,1,1
11,0.978618342232764,0.7991585642167236,Age0_F11_m11f14_P11_Y15_UO903,RD11_F3_m13f20_P13_Y13_UO253,RD14_F2_m2f5_P2_Y13_UO1182,MXY,0,0.0,0,0,0.0,0,0,0,0.0,0.515625,1,P10_CV0,1,2,0,2,0
11,0.978618342232764,0.7991585642167236,Age0_F11_m11f14_P11_Y15_UO904,RD11_F3_m13f20_P13_Y13_UO253,RD14_F2_m2f5_P2_Y13_UO1182,MXY,0,0.0,0,0,0.0,0,0,0,0.0,0.515625,1,P10_CV0,1,2,0,1,1
11,0.978618342232764,0.7991585642167236,Age0_F11_m11f3_P11_Y15_UO921,RD11_F3_m13f20_P13_Y13_UO253,RD3_F18_m18f16_P18_Y13_UO997,FXX,0,0.0,0,0,0.0,0,0,0,0.0,0.5078125,1,P10_CV0,1,1,1,1,1
11,0.978618342232764,0.7991585642167236,Age0_F11_m11f19_P11_Y15_UO1267,RD11_F10_m14f3_P14_Y13_UO718,R19_F19_m8f6_P8_Y12_UO375,MXY,0,0.0,0,0,0.0,0,0,0,0.0,0.50390625,1,P10_CV0,1,1,1,1,1
11,0.978618342232764,0.7991585642167236,R11_F11_m7f11_P7_Y13_UO1366,RD7_F1_m7f20_P7_Y11_UO682,R11_F11_m12f4_P12_Y11_UO1379,FXX,2,0.0,1,0,1.0,0,0,0,-9999.0,0.51171875,1,P10_CV0,1,1,1,1,1
11,0.978618342232764,0.7991585642167236,Age0_F11_m11f12_P11_Y15_UO491,RD11_F4_m13f5_P13_Y13_UO298,R12_F12_m4f9_P4_Y13_UO162,MXY,0,0.0,0,0,0.0,0,0,0,0.0,0.490234375,1,P11_CV0,1,0,2,2,0
11,0.978618342232764,0.7991585642167236,Age0_F11_m11f12_P11_Y15_UO494,RD11_F4_m13f5_P13_Y13_UO298,R12_F12_m4f9_P4_Y13_UO162,FXX,0,0.0,0,0,0.0,0,0,0,0.0,0.490234375,1,P11_CV0,1,0,2,2,0
11,0.978618342232764,0.7991585642167236,Age0_F11_m11f14_P11_Y15_UO1067,RD11_F10_m13f3_P13_Y13_UO856,RD14_F12_m12f6_P12_Y13_UO762,FXX,0,0.0,0,0,0.0,0,0,0,0.0,0.5390625,1,P11_CV0,1,1,1,1,1
11,0.978618342232764,0.7991585642167236,Age0_F11_m11f14_P11_Y15_UO1068,RD11_F10_m13f3_P13_Y13_UO856,RD14_F12_m12f6_P12_Y13_UO762,MXY,0,0.0,0,0,0.0,0,0,0,0.0,0.5390625,1,P11_CV0,1,1,1,1,1
11,0.978618342232764,0.7991585642167236,Age0_F11_m11f14_P11_Y15_UO1069,RD11_F10_m13f3_P13_Y13_UO856,RD14_F12_m12f6_P12_Y13_UO762,FXX,0,0.0,0,0,0.0,0,0,0,0.0,0.5390625,1,P11_CV0,1,0,2,1,1
11,0.978618342232764,0.7991585642167236,Age0_F11_m11f14_P11_Y15_UO1070,RD11_F10_m13f3_P13_Y13_UO856,RD14_F12_m12f6_P12_Y13_UO762,MXY,0,0.0,0,0,0.0,0,0,0,0.0,0.5390625,1,P11_CV0,1,0,2,1,1
11,0.978618342232764,0.7991585642167236,R11_F11_m11f13_P11_Y14_UO1175,RD11_F9_m9f16_P9_Y12_UO522,RD13_F3_m3f20_P3_Y12_UO339,MXY,1,0.0,1,1,0.0,0,0,0,-9999.0,0.576171875,1,P11_CV0,1,0,2,1,1
11,0.978618342232764,0.7991585642167236,R11_F11_m11f13_P11_Y14_UO1172,RD11_F9_m9f16_P9_Y12_UO522,RD13_F3_m3f20_P3_Y12_UO339,MXY,1,0.0,1,1,0.0,0,0,0,-9999.0,0.576171875,1,P11_CV0,1,1,1,0,2
11,0.978618342232764,0.7991585642167236,Age0_F11_m11f5_P11_Y15_UO394,RD11_F15_m18f12_P18_Y13_UO274,RD5_F18_m18f16_P18_Y13_UO998,FXX,0,0.0,0,0,0.0,0,0,0,0.0,0.51953125,1,P12_CV0,1,0,2,0,2
11,0.978618342232764,0.7991585642167236,Age0_F11_m11f5_P11_Y15_UO397,RD11_F15_m18f12_P18_Y13_UO274,RD5_F18_m18f16_P18_Y13_UO998,FXX,0,0.0,0,0,0.0,0,0,0,0.0,0.51953125,1,P12_CV0,1,0,2,0,2
11,0.978618342232764,0.7991585642167236,Age0_F11_m11f19_P11_Y15_UO1151,RD11_F15_m18f12_P18_Y13_UO274,R19_F19_m19f11_P19_Y13_UO558,MXY,0,0.0,0,0,0.0,0,0,0,0.0,0.52734375,1,P12_CV0,1,1,1,1,1
11,0.978618342232764,0.7991585642167236,Age0_F11_m11f19_P11_Y15_UO1152,RD11_F15_m18f12_P18_Y13_UO274,R19_F19_m19f11_P19_Y13_UO558,FXX,0,0.0,0,0,0.0,0,0,0,0.0,0.52734375,1,P12_CV0,1,1,1,1,1
11,0.978618342232764,0.7991585642167236,R11_F11_m11f19_P11_Y14_UO1101,RD11_F4_m4f17_P4_Y12_UO1262,R19_F19_m18f17_P18_Y12_UO1131,FXX,1,0.0,1,1,1.0,0,0,0,-9999.0,0.494140625,1,P12_CV0,1,1,1,0,2
11,0.978618342232764,0.7991585642167236,R11_F11_m11f19_P11_Y14_UO1104,RD11_F4_m4f17_P4_Y12_UO1262,R19_F19_m18f17_P18_Y12_UO1131,FXX,1,0.0,1,1,1.0,0,0,0,-9999.0,0.494140625,1,P12_CV0,1,1,1,2,0
11,0.978618342232764,0.7991585642167236,Age0_F11_m11f17_P11_Y15_UO75,R11_F11_m17f1_P17_Y13_UO116,RD17_F12_m14f9_P14_Y13_UO426,FXX,0,0.0,0,0,0.0,0,0,0,0.0,0.494140625,1,P13_CV0,1,1,1,1,1
11,0.978618342232764,0.7991585642167236,Age0_F11_m11f12_P11_Y15_UO492,RD11_F4_m13f5_P13_Y13_UO298,R12_F12_m4f9_P4_Y13_UO162,FXX,0,0.0,0,0,0.0,0,0,0,0.0,0.490234375,1,P13_CV0,1,0,2,2,0
11,0.978618342232764,0.7991585642167236,Age0_F11_m11f12_P11_Y15_UO493,RD11_F4_m13f5_P13_Y13_UO298,R12_F12_m4f9_P4_Y13_UO162,MXY,0,0.0,0,0,0.0,0,0,0,0.0,0.490234375,1,P13_CV0,1,1,1,2,0
11,0.978618342232764,0.7991585642167236,Age0_F11_m11f10_P11_Y15_UO495,R11_F11_m20f10_P20_Y13_UO1075,RD10_F8_m5f1_P5_Y13_UO454,MXY,0,0.0,0,0,0.0,0,0,0,0.0,0.458984375,1,P13_CV0,1,2,0,0,2
11,0.978618342232764,0.7991585642167236,Age0_F11_m11f10_P11_Y15_UO496,R11_F11_m20f10_P20_Y13_UO1075,RD10_F8_m5f1_P5_Y13_UO454,MXY,0,0.0,0,0,0.0,0,0,0,0.0,0.458984375,1,P13_CV0,1,1,1,0,2
11,0.978618342232764,0.7991585642167236,Age0_F11_m11f10_P11_Y15_UO497,R11_F11_m20f10_P20_Y13_UO1075,RD10_F8_m5f1_P5_Y13_UO454,FXX,0,0.0,0,0,0.0,0,0,0,0.0,0.458984375,1,P13_CV0,1,1,1,0,2
11,0.978618342232764,0.7991585642167236,Age0_F11_m11f10_P11_Y15_UO498,R11_F11_m20f10_P20_Y13_UO1075,RD10_F8_m5f1_P5_Y13_UO454,MXY,0,0.0,0,0,0.0,0,0,0,0.0,0.458984375,1,P13_CV0,1,2,0,0,2
11,0.978618342232764,0.7991585642167236,Age0_F11_m11f10_P11_Y15_UO499,R11_F11_m20f10_P20_Y13_UO1075,RD10_F8_m5f1_P5_Y13_UO454,FXX,0,0.0,0,0,0.0,0,0,0,0.0,0.458984375,1,P13_CV0,1,1,1,0,2
11,0.978618342232764,0.7991585642167236,Age0_F11_m11f1_P11_Y15_UO745,R11_F11_m17f1_P17_Y13_UO116,R1_F1_m4f15_P4_Y13_UO251,MXY,0,0.0,0,0,0.0,0,0,0,0.0,0.4921875,1,P13_CV0,1,0,2,1,1
11,0.978618342232764,0.7991585642167236,Age0_F11_m11f1_P11_Y15_UO746,R11_F11_m17f1_P17_Y13_UO116,R1_F1_m4f15_P4_Y13_UO251,FXX,0,0.0,0,0,0.0,0,0,0,0.0,0.4921875,1,P13_CV0,1,0,2,1,1
11,0.978618342232764,0.7991585642167236,Age0_F11_m11f1_P11_Y15_UO747,R11_F11_m17f1_P17_Y13_UO116,R1_F1_m4f15_P4_Y13_UO251,FXX,0,0.0,0,0,0.0,0,0,0,0.0,0.4921875,1,P13_CV0,1,0,2,1,1
11,0.978618342232764,0.7991585642167236,Age0_F11_m11f1_P11_Y15_UO748,R11_F11_m17f1_P17_Y13_UO116,R1_F1_m4f15_P4_Y13_UO251,FXX,0,0.0,0,0,0.0,0,0,0,0.0,0.4921875,1,P13_CV0,1,0,2,1,1
11,0.978618342232764,0.7991585642167236,Age0_F11_m11f14_P11_Y15_UO829,R11_F11_m20f10_P20_Y13_UO1075,RD14_F18_m19f1_P19_Y13_UO667,MXY,0,0.0,0,0,0.0,0,0,0,0.0,0.486328125,1,P13_CV0,1,1,1,0,2
11,0.978618342232764,0.7991585642167236,Age0_F11_m11f14_P11_Y15_UO830,R11_F11_m20f10_P20_Y13_UO1075,RD14_F18_m19f1_P19_Y13_UO667,FXX,0,0.0,0,0,0.0,0,0,0,0.0,0.486328125,1,P13_CV0,1,2,0,0,2
11,0.978618342232764,0.7991585642167236,Age0_F11_m11f14_P11_Y15_UO831,R11_F11_m20f10_P20_Y13_UO1075,RD14_F18_m19f1_P19_Y13_UO667,FXX,0,0.0,0,0,0.0,0,0,0,0.0,0.486328125,1,P13_CV0,1,1,1,0,2
11,0.978618342232764,0.7991585642167236,Age0_F11_m11f14_P11_Y15_UO832,R11_F11_m20f10_P20_Y13_UO1075,RD14_F18_m19f1_P19_Y13_UO667,MXY,0,0.0,0,0,0.0,0,0,0,0.0,0.486328125,1,P13_CV0,1,2,0,0,2
11,0.978618342232764,0.7991585642167236,Age0_F11_m11f3_P11_Y15_UO922,RD11_F3_m13f20_P13_Y13_UO253,RD3_F18_m18f16_P18_Y13_UO997,FXX,0,0.0,0,0,0.0,0,0,0,0.0,0.5078125,1,P13_CV0,1,1,1,1,1
11,0.978618342232764,0.7991585642167236,R11_F11_m11f13_P11_Y14_UO1163,RD11_F9_m9f16_P9_Y12_UO522,RD13_F3_m3f20_P3_Y12_UO339,MXY,1,0.0,1,1,0.0,0,0,0,-9999.0,0.576171875,1,P14_CV0,1,0,2,0,2
11,0.978618342232764,0.7991585642167236,R11_F11_m12f19_P12_Y14_UO777,R12_F12_m12f2_P12_Y12_UO932,R19_F19_m18f17_P18_Y12_UO1131,FXX,1,0.0,1,1,1.0,0,0,0,-9999.0,0.5078125,1,P14_CV0,1,1,1,2,0
11,0.978618342232764,0.7991585642167236,Age0_F11_m11f9_P11_Y15_UO284,RD11_F3_m13f20_P13_Y13_UO253,RD9_F18_m8f3_P8_Y13_UO188,MXY,0,0.0,0,0,0.0,0,0,0,0.0,0.486328125,1,P16_CV0,1,2,0,2,0
11,0.978618342232764,0.7991585642167236,Age0_F11_m11f9_P11_Y15_UO584,R11_F11_m2f19_P2_Y13_UO1029,RD9_F10_m10f13_P10_Y13_UO825,FXX,0,0.0,0,0,0.0,0,0,0,0.0,0.515625,1,P16_CV0,1,1,1,0,2
11,0.978618342232764,0.7991585642167236,Age0_F11_m11f7_P11_Y15_UO1391,RD11_F7_m9f18_P9_Y13_UO199,RD7_F4_m2f19_P2_Y13_UO1027,FXX,0,0.0,0,0,0.0,0,0,0,0.0,0.517578125,1,P16_CV0,1,1,1,1,1
11,0.978618342232764,0.7991585642167236,Age0_F11_m11f7_P11_Y15_UO1393,RD11_F7_m9f18_P9_Y13_UO199,RD7_F4_m2f19_P2_Y13_UO1027,FXX,0,0.0,0,0,0.0,0,0,0,0.0,0.517578125,1,P16_CV0,1,0,2,0,2
11,0.978618342232764,0.7991585642167236,R11_F11_m2f19_P2_Y13_UO1029,RD2_F1_m14f1_P14_Y11_UO989,R19_F19_m10f19_P10_Y10_UO684,FXX,2,0.0,1,0,1.0,0,0,0,-9999.0,0.55859375,1,P16_CV0,1,1,1,0,2
11,0.978618342232764,0.7991585642167236,Age0_F11_m11f1_P11_Y15_UO743,R11_F11_m17f1_P17_Y13_UO116,R1_F1_m4f15_P4_Y13_UO251,FXX,0,0.0,0,0,0.0,0,0,0,0.0,0.4921875,1,P17_CV0,1,0,2,1,1
11,0.978618342232764,0.7991585642167236,Age0_F11_m11f1_P11_Y15_UO744,R11_F11_m17f1_P17_Y13_UO116,R1_F1_m4f15_P4_Y13_UO251,FXX,0,0.0,0,0,0.0,0,0,0,0.0,0.4921875,1,P17_CV0,1,0,2,1,1
11,0.978618342232764,0.7991585642167236,R11_F11_m20f4_P20_Y14_UO42,RD20_F8_m8f6_P8_Y12_UO376,RD4_F9_m9f7_P9_Y11_UO334,FXX,1,0.0,1,1,1.0,0,0,0,-9999.0,0.46875,1,P17_CV0,1,1,1,1,1
11,0.978618342232764,0.7991585642167236,Age0_F11_m11f15_P11_Y15_UO737,R11_F11_m11f16_P11_Y13_UO1017,RD15_F10_m11f10_P11_Y13_UO1393,FXX,0,0.0,0,0,0.0,0,0,0,0.0,0.501953125,1,P18_CV0,1,2,0,1,1
11,0.978618342232764,0.7991585642167236,R11_F11_m11f16_P11_Y13_UO1017,R11_F11_m11f18_P11_Y11_UO526,R16_F16_m13f3_P13_Y10_UO1020,FXX,2,0.0,1,0,1.0,0,0,0,-9999.0,0.5,1,P18_CV0,1,2,0,0,2
11,0.978618342232764,0.7991585642167236,R11_F11_m9f7_P9_Y14_UO93,R9_F9_m9f16_P9_Y12_UO523,R7_F7_m3f7_P3_Y11_UO558,MXY,1,0.0,1,1,0.0,0,0,0,-9999.0,0.525390625,1,P1_CV0,1,1,1,1,1
11,0.978618342232764,0.7991585642167236,Age0_F11_m11f17_P11_Y15_UO74,R11_F11_m17f1_P17_Y13_UO116,RD17_F12_m14f9_P14_Y13_UO426,FXX,0,0.0,0,0,0.0,0,0,0,0.0,0.494140625,1,P2_CV0,1,0,2,1,1
11,0.978618342232764,0.7991585642167236,Age0_F11_m11f17_P11_Y15_UO76,R11_F11_m17f1_P17_Y13_UO116,RD17_F12_m14f9_P14_Y13_UO426,MXY,0,0.0,0,0,0.0,0,0,0,0.0,0.494140625,1,P2_CV0,1,0,2,1,1
11,0.978618342232764,0.7991585642167236,Age0_F11_m11f17_P11_Y15_UO77,R11_F11_m17f1_P17_Y13_UO116,RD17_F12_m14f9_P14_Y13_UO426,FXX,0,0.0,0,0,0.0,0,0,0,0.0,0.494140625,1,P2_CV0,1,1,1,1,1
11,0.978618342232764,0.7991585642167236,R11_F11_m11f20_P11_Y14_UO157,RD11_F4_m4f17_P4_Y12_UO1262,R20_F20_m5f20_P5_Y12_UO748,MXY,1,0.0,1,1,0.0,0,0,0,-9999.0,0.51171875,1,P2_CV0,1,0,2,2,0
11,0.978618342232764,0.7991585642167236,R11_F11_m11f10_P11_Y14_UO580,RD11_F19_m18f20_P18_Y12_UO601,RD10_F18_m9f3_P9_Y12_UO846,MXY,1,0.0,1,1,0.0,0,0,0,-9999.0,0.490234375,1,P2_CV0,1,1,1,1,1
11,0.978618342232764,0.7991585642167236,Age0_F11_m11f12_P11_Y15_UO167,RD11_F3_m13f20_P13_Y13_UO253,R12_F12_m17f16_P17_Y13_UO1302,MXY,0,0.0,0,0,0.0,0,0,0,0.0,0.501953125,1,P3_CV0,1,2,0,1,1
11,0.978618342232764,0.7991585642167236,Age0_F11_m11f12_P11_Y15_UO168,RD11_F3_m13f20_P13_Y13_UO253,R12_F12_m17f16_P17_Y13_UO1302,FXX,0,0.0,0,0,0.0,0,0,0,0.0,0.501953125,1,P3_CV0,1,2,0,1,1
11,0.978618342232764,0.7991585642167236,Age0_F11_m11f12_P11_Y15_UO169,RD11_F3_m13f20_P13_Y13_UO253,R12_F12_m17f16_P17_Y13_UO1302,MXY,0,0.0,0,0,0.0,0,0,0,0.0,0.501953125,1,P3_CV0,1,2,0,1,1
11,0.978618342232764,0.7991585642167236,Age0_F11_m11f9_P11_Y15_UO731,RD11_F7_m9f18_P9_Y13_UO199,R9_F9_m2f11_P2_Y13_UO1298,MXY,0,0.0,0,0,0.0,0,0,0,0.0,0.4609375,1,P5_CV0,1,1,1,1,1
11,0.978618342232764,0.7991585642167236,Age0_F11_m11f9_P11_Y15_UO732,RD11_F7_m9f18_P9_Y13_UO199,R9_F9_m2f11_P2_Y13_UO1298,FXX,0,0.0,0,0,0.0,0,0,0,0.0,0.4609375,1,P5_CV0,1,0,2,1,1
11,0.978618342232764,0.7991585642167236,Age0_F11_m11f9_P11_Y15_UO733,RD11_F7_m9f18_P9_Y13_UO199,R9_F9_m2f11_P2_Y13_UO1298,MXY,0,0.0,0,0,0.0,0,0,0,0.0,0.4609375,1,P5_CV0,1,0,2,2,0
11,0.978618342232764,0.7991585642167236,Age0_F11_m11f9_P11_Y15_UO734,RD11_F7_m9f18_P9_Y13_UO199,R9_F9_m2f11_P2_Y13_UO1298,FXX,0,0.0,0,0,0.0,0,0,0,0.0,0.4609375,1,P5_CV0,1,1,1,1,1
11,0.978618342232764,0.7991585642167236,Age0_F11_m11f19_P11_Y15_UO1148,RD11_F15_m18f12_P18_Y13_UO274,R19_F19_m19f11_P19_Y13_UO558,MXY,0,0.0,0,0,0.0,0,0,0,0.0,0.52734375,1,P5_CV0,1,1,1,0,2
11,0.978618342232764,0.7991585642167236,Age0_F11_m11f19_P11_Y15_UO1149,RD11_F15_m18f12_P18_Y13_UO274,R19_F19_m19f11_P19_Y13_UO558,MXY,0,0.0,0,0,0.0,0,0,0,0.0,0.52734375,1,P5_CV0,1,1,1,0,2
11,0.978618342232764,0.7991585642167236,Age0_F11_m11f19_P11_Y15_UO1150,RD11_F15_m18f12_P18_Y13_UO274,R19_F19_m19f11_P19_Y13_UO558,MXY,0,0.0,0,0,0.0,0,0,0,0.0,0.52734375,1,P5_CV0,1,1,1,0,2
11,0.978618342232764,0.7991585642167236,Age0_F11_m11f19_P11_Y15_UO1153,RD11_F15_m18f12_P18_Y13_UO274,R19_F19_m19f11_P19_Y13_UO558,MXY,0,0.0,0,0,0.0,0,0,0,0.0,0.52734375,1,P5_CV0,1,1,1,0,2
11,0.978618342232764,0.7991585642167236,Age0_F11_m11f7_P11_Y15_UO1390,RD11_F7_m9f18_P9_Y13_UO199,RD7_F4_m2f19_P2_Y13_UO1027,MXY,0,0.0,0,0,0.0,0,0,0,0.0,0.517578125,1,P5_CV0,1,1,1,1,1
11,0.978618342232764,0.7991585642167236,Age0_F11_m11f7_P11_Y15_UO1392,RD11_F7_m9f18_P9_Y13_UO199,RD7_F4_m2f19_P2_Y13_UO1027,FXX,0,0.0,0,0,0.0,0,0,0,0.0,0.517578125,1,P5_CV0,1,0,2,0,2
11,0.978618342232764,0.7991585642167236,R11_F11_m12f7_P12_Y12_UO921,R12_F12_m11f17_P11_Y10_UO1118,R7_F7_m14f7_P14_Y10_UO24,MXY,3,0.0,1,0,0.0,0,0,0,-9999.0,0.578125,1,P6_CV0,1,1,1,0,2
11,0.978618342232764,0.7991585642167236,Age0_F11_m11f19_P11_Y15_UO422,RD11_F10_m14f3_P14_Y13_UO718,R19_F19_m19f4_P19_Y13_UO790,MXY,0,0.0,0,0,0.0,0,0,0,0.0,0.490234375,1,P7_CV0,1,2,0,1,1
11,0.978618342232764,0.7991585642167236,Age0_F11_m11f19_P11_Y15_UO425,RD11_F10_m14f3_P14_Y13_UO718,R19_F19_m19f4_P19_Y13_UO790,MXY,0,0.0,0,0,0.0,0,0,0,0.0,0.490234375,1,P7_CV0,1,2,0,1,1
11,0.978618342232764,0.7991585642167236,Age0_F11_m11f15_P11_Y15_UO735,R11_F11_m11f16_P11_Y13_UO1017,RD15_F10_m11f10_P11_Y13_UO1393,MXY,0,0.0,0,0,0.0,0,0,0,0.0,0.501953125,1,P7_CV0,1,2,0,1,1
11,0.978618342232764,0.7991585642167236,Age0_F11_m11f15_P11_Y15_UO736,R11_F11_m11f16_P11_Y13_UO1017,RD15_F10_m11f10_P11_Y13_UO1393,FXX,0,0.0,0,0,0.0,0,0,0,0.0,0.501953125,1,P7_CV0,1,2,0,0,2
11,0.978618342232764,0.7991585642167236,Age0_F11_m11f5_P11_Y15_UO395,RD11_F15_m18f12_P18_Y13_UO274,RD5_F18_m18f16_P18_Y13_UO998,FXX,0,0.0,0,0,0.0,0,0,0,0.0,0.51953125,1,P8_CV0,1,0,2,0,2
11,0.978618342232764,0.7991585642167236,Age0_F11_m11f5_P11_Y15_UO396,RD11_F15_m18f12_P18_Y13_UO274,RD5_F18_m18f16_P18_Y13_UO998,MXY,0,0.0,0,0,0.0,0,0,0,0.0,0.51953125,1,P8_CV0,1,0,2,0,2
11,0.978618342232764,0.7991585642167236,Age0_F11_m11f5_P11_Y15_UO398,RD11_F15_m18f12_P18_Y13_UO274,RD5_F18_m18f16_P18_Y13_UO998,MXY,0,0.0,0,0,0.0,0,0,0,0.0,0.51953125,1,P8_CV0,1,0,2,0,2
11,0.978618342232764,0.7991585642167236,Age0_F11_m11f9_P11_Y15_UO581,R11_F11_m2f19_P2_Y13_UO1029,RD9_F10_m10f13_P10_Y13_UO825,FXX,0,0.0,0,0,0.0,0,0,0,0.0,0.515625,1,P8_CV0,1,2,0,1,1
11,0.978618342232764,0.7991585642167236,Age0_F11_m11f9_P11_Y15_UO582,R11_F11_m2f19_P2_Y13_UO1029,RD9_F10_m10f13_P10_Y13_UO825,FXX,0,0.0,0,0,0.0,0,0,0,0.0,0.515625,1,P8_CV0,1,1,1,1,1
11,0.978618342232764,0.7991585642167236,Age0_F11_m11f9_P11_Y15_UO583,R11_F11_m2f19_P2_Y13_UO1029,RD9_F10_m10f13_P10_Y13_UO825,MXY,0,0.0,0,0,0.0,0,0,0,0.0,0.515625,1,P8_CV0,1,2,0,0,2
11,0.978618342232764,0.7991585642167236,R11_F11_m16f20_P16_Y14_UO995,R16_F16_m16f15_P16_Y12_UO1247,R20_F20_m20f5_P20_Y11_UO679,MXY,1,0.0,1,1,0.0,0,0,0,-9999.0,0.513671875,1,P8_CV0,1,1,1,1,1
11,0.978618342232764,0.7991585642167236,Age0_F11_m11f3_P11_Y15_UO360,RD11_F10_m14f3_P14_Y13_UO718,R3_F3_m3f5_P3_Y13_UO980,FXX,0,0.0,0,0,0.0,0,0,0,0.0,0.513671875,1,P9_CV0,1,1,1,1,1
11,0.978618342232764,0.7991585642167236,Age0_F11_m11f3_P11_Y15_UO361,RD11_F10_m14f3_P14_Y13_UO718,R3_F3_m3f5_P3_Y13_UO980,FXX,0,0.0,0,0,0.0,0,0,0,0.0,0.513671875,1,P9_CV0,1,1,1,1,1
11,0.978618342232764,0.7991585642167236,Age0_F11_m11f19_P11_Y15_UO423,RD11_F10_m14f3_P14_Y13_UO718,R19_F19_m19f4_P19_Y13_UO790,FXX,0,0.0,0,0,0.0,0,0,0,0.0,0.490234375,1,P9_CV0,1,2,0,1,1
11,0.978618342232764,0.7991585642167236,Age0_F11_m11f19_P11_Y15_UO424,RD11_F10_m14f3_P14_Y13_UO718,R19_F19_m19f4_P19_Y13_UO790,MXY,0,0.0,0,0,0.0,0,0,0,0.0,0.490234375,1,P9_CV0,1,2,0,0,2
11,0.978618342232764,0.7991585642167236,Age0_F11_m11f19_P11_Y15_UO1266,RD11_F10_m14f3_P14_Y13_UO718,R19_F19_m8f6_P8_Y12_UO375,MXY,0,0.0,0,0,0.0,0,0,0,0.0,0.50390625,1,P9_CV0,1,2,0,0,2
11,0.978618342232764,0.7991585642167236,Age0_F11_m11f19_P11_Y15_UO1268,RD11_F10_m14f3_P14_Y13_UO718,R19_F19_m8f6_P8_Y12_UO375,FXX,0,0.0,0,0,0.0,0,0,0,0.0,0.50390625,1,P9_CV0,1,2,0,1,1
11,0.978618342232764,0.7991585642167236,Age0_F11_m11f19_P11_Y15_UO1269,RD11_F10_m14f3_P14_Y13_UO718,R19_F19_m8f6_P8_Y12_UO375,MXY,0,0.0,0,0,0.0,0,0,0,0.0,0.50390625,1,P9_CV0,1,1,1,1,1
11,0.978618342232764,0.7991585642167236,Age0_F11_m11f5_P11_Y15_UO1292,RD11_F2_m2f5_P2_Y13_UO1247,RD5_F16_m14f3_P14_Y13_UO721,FXX,0,0.0,0,0,0.0,0,0,0,0.0,0.525390625,1,P9_CV0,1,2,0,1,1
11,0.978618342232764,0.7991585642167236,Age0_F11_m11f5_P11_Y15_UO1293,RD11_F2_m2f5_P2_Y13_UO1247,RD5_F16_m14f3_P14_Y13_UO721,FXX,0,0.0,0,0,0.0,0,0,0,0.0,0.525390625,1,P9_CV0,1,1,1,1,1
11,0.978618342232764,0.7991585642167236,Age0_F11_m11f5_P11_Y15_UO1294,RD11_F2_m2f5_P2_Y13_UO1247,RD5_F16_m14f3_P14_Y13_UO721,FXX,0,0.0,0,0,0.0,0,0,0,0.0,0.525390625,1,P9_CV0,1,1,1,1,1
11,0.978618342232764,0.7991585642167236,Age0_F11_m11f5_P11_Y15_UO1295,RD11_F2_m2f5_P2_Y13_UO1247,RD5_F16_m14f3_P14_Y13_UO721,MXY,0,0.0,0,0,0.0,0,0,0,0.0,0.525390625,1,P9_CV0,1,1,1,1,1
11,0.978618342232764,0.7991585642167236,Age0_F11_m11f5_P11_Y15_UO1296,RD11_F2_m2f5_P2_Y13_UO1247,RD5_F16_m14f3_P14_Y13_UO721,MXY,0,0.0,0,0,0.0,0,0,0,0.0,0.525390625,1,P9_CV0,1,1,1,1,1
11,0.978618342232764,0.7991585642167236,R11_F11_m11f1_P11_Y14_UO547,RD11_F4_m4f17_P4_Y12_UO1262,RD1_F19_m19f18_P19_Y12_UO118,FXX,1,0.0,1,1,1.0,0,0,0,-9999.0,0.546875,1,P9_CV0,1,0,2,1,1
12,0.46147936225293185,0.7805291762864555,R12_F12_m7f9_P7_Y14_UO1032,R7_F7_m13f14_P13_Y12_UO1195,R9_F9_m9f12_P9_Y12_UO1089,FXX,1,0.0,1,1,1.0,0,0,0,-9999.0,0.5078125,1,P0_CV0,1,1,1,1,1
12,0.46147936225293185,0.7805291762864555,Age0_F12_m12f7_P12_Y15_UO354,R12_F12_m12f7_P12_Y13_UO29,RD7_F4_m2f19_P2_Y13_UO1027,MXY,0,0.0,0,0,0.0,0,0,0,0.0,0.53125,1,P10_CV0,1,0,2,1,1
12,0.46147936225293185,0.7805291762864555,Age0_F12_m12f2_P12_Y15_UO888,R12_F12_m12f7_P12_Y13_UO29,R2_F2_m15f7_P15_Y13_UO1062,MXY,0,0.0,0,0,0.0,0,0,0,0.0,0.4921875,1,P10_CV0,1,1,1,1,1
12,0.46147936225293185,0.7805291762864555,Age0_F12_m12f2_P12_Y15_UO889,R12_F12_m12f7_P12_Y13_UO29,R2_F2_m15f7_P15_Y13_UO1062,MXY,0,0.0,0,0,0.0,0,0,0,0.0,0.4921875,1,P10_CV0,1,1,1,1,1
12,0.46147936225293185,0.7805291762864555,Age0_F12_m12f2_P12_Y15_UO890,R12_F12_m12f7_P12_Y13_UO29,R2_F2_m15f7_P15_Y13_UO1062,MXY,0,0.0,0,0,0.0,0,0,0,0.0,0.4921875,1,P10_CV0,1,0,2,1,1
12,0.46147936225293185,0.7805291762864555,Age0_F12_m12f19_P12_Y15_UO1363,R12_F12_m12f7_P12_Y13_UO29,R19_F19_m19f4_P19_Y13_UO790,FXX,0,0.0,0,0,0.0,0,0,0,0.0,0.48046875,1,P10_CV0,1,1,1,1,1
12,0.46147936225293185,0.7805291762864555,Age0_F12_m12f19_P12_Y15_UO1364,R12_F12_m12f7_P12_Y13_UO29,R19_F19_m19f4_P19_Y13_UO790,FXX,0,0.0,0,0,0.0,0,0,0,0.0,0.48046875,1,P10_CV0,1,1,1,1,1
12,0.46147936225293185,0.7805291762864555,Age0_F12_m12f19_P12_Y15_UO1365,R12_F12_m12f7_P12_Y13_UO29,R19_F19_m19f4_P19_Y13_UO790,FXX,0,0.0,0,0,0.0,0,0,0,0.0,0.48046875,1,P10_CV0,1,1,1,1,1
12,0.46147936225293185,0.7805291762864555,Age0_F12_m12f19_P12_Y15_UO1366,R12_F12_m12f7_P12_Y13_UO29,R19_F19_m19f4_P19_Y13_UO790,FXX,0,0.0,0,0,0.0,0,0,0,0.0,0.48046875,1,P10_CV0,1,1,1,1,1
12,0.46147936225293185,0.7805291762864555,Age0_F12_m12f19_P12_Y15_UO1367,R12_F12_m12f7_P12_Y13_UO29,R19_F19_m19f4_P19_Y13_UO790,FXX,0,0.0,0,0,0.0,0,0,0,0.0,0.48046875,1,P10_CV0,1,1,1,1,1
12,0.46147936225293185,0.7805291762864555,Age0_F12_m12f19_P12_Y15_UO1368,R12_F12_m12f7_P12_Y13_UO29,R19_F19_m19f4_P19_Y13_UO790,MXY,0,0.0,0,0,0.0,0,0,0,0.0,0.48046875,1,P10_CV0,1,1,1,1,1
12,0.46147936225293185,0.7805291762864555,Age0_F12_m12f8_P12_Y15_UO329,RD12_F18_m18f19_P18_Y13_UO1401,R8_F8_m6f1_P6_Y13_UO71,MXY,0,0.0,0,0,0.0,0,0,0,0.0,0.533203125,1,P11_CV0,1,1,1,1,1
12,0.46147936225293185,0.7805291762864555,Age0_F12_m12f8_P12_Y15_UO330,RD12_F18_m18f19_P18_Y13_UO1401,R8_F8_m6f1_P6_Y13_UO71,FXX,0,0.0,0,0,0.0,0,0,0,0.0,0.533203125,1,P11_CV0,1,1,1,1,1
12,0.46147936225293185,0.7805291762864555,Age0_F12_m12f8_P12_Y15_UO331,RD12_F18_m18f19_P18_Y13_UO1401,R8_F8_m6f1_P6_Y13_UO71,MXY,0,0.0,0,0,0.0,0,0,0,0.0,0.533203125,1,P11_CV0,1,1,1,0,2
12,0.46147936225293185,0.7805291762864555,Age0_F12_m12f8_P12_Y15_UO333,RD12_F18_m18f19_P18_Y13_UO1401,R8_F8_m6f1_P6_Y13_UO71,MXY,0,0.0,0,0,0.0,0,0,0,0.0,0.533203125,1,P11_CV0,1,2,0,1,1
12,0.46147936225293185,0.7805291762864555,Age0_F12_m12f1_P12_Y15_UO1382,RD12_F18_m18f19_P18_Y13_UO1401,RD1_F2_m2f20_P2_Y13_UO863,MXY,0,0.0,0,0,0.0,0,0,0,0.0,0.552734375,1,P11_CV0,1,2,0,0,2
12,0.46147936225293185,0.7805291762864555,Age0_F12_m12f1_P12_Y15_UO1383,RD12_F18_m18f19_P18_Y13_UO1401,RD1_F2_m2f20_P2_Y13_UO863,MXY,0,0.0,0,0,0.0,0,0,0,0.0,0.552734375,1,P11_CV0,1,2,0,1,1
12,0.46147936225293185,0.7805291762864555,Age0_F12_m12f1_P12_Y15_UO1384,RD12_F18_m18f19_P18_Y13_UO1401,RD1_F2_m2f20_P2_Y13_UO863,FXX,0,0.0,0,0,0.0,0,0,0,0.0,0.552734375,1,P11_CV0,1,1,1,1,1
12,0.46147936225293185,0.7805291762864555,Age0_F12_m12f1_P12_Y15_UO1385,RD12_F18_m18f19_P18_Y13_UO1401,RD1_F2_m2f20_P2_Y13_UO863,FXX,0,0.0,0,0,0.0,0,0,0,0.0,0.552734375,1,P11_CV0,1,1,1,1,1
12,0.46147936225293185,0.7805291762864555,Age0_F12_m12f1_P12_Y15_UO1386,RD12_F18_m18f19_P18_Y13_UO1401,RD1_F2_m2f20_P2_Y13_UO863,FXX,0,0.0,0,0,0.0,0,0,0,0.0,0.552734375,1,P11_CV0,1,1,1,0,2
12,0.46147936225293185,0.7805291762864555,Age0_F12_m12f1_P12_Y15_UO1387,RD12_F18_m18f19_P18_Y13_UO1401,RD1_F2_m2f20_P2_Y13_UO863,FXX,0,0.0,0,0,0.0,0,0,0,0.0,0.552734375,1,P11_CV0,1,1,1,1,1
12,0.46147936225293185,0.7805291762864555,Age0_F12_m12f1_P12_Y15_UO1388,RD12_F18_m18f19_P18_Y13_UO1401,RD1_F2_m2f20_P2_Y13_UO863,MXY,0,0.0,0,0,0.0,0,0,0,0.0,0.552734375,1,P11_CV0,1,1,1,0,2
12,0.46147936225293185,0.7805291762864555,Age0_F12_m12f1_P12_Y15_UO1389,RD12_F18_m18f19_P18_Y13_UO1401,RD1_F2_m2f20_P2_Y13_UO863,FXX,0,0.0,0,0,0.0,0,0,0,0.0,0.552734375,1,P11_CV0,1,1,1,0,2
12,0.46147936225293185,0.7805291762864555,R12_F12_m10f3_P10_Y14_UO640,RD10_F6_m13f12_P13_Y12_UO472,R3_F3_m3f12_P3_Y12_UO1256,FXX,1,0.0,1,1,1.0,0,0,0,-9999.0,0.517578125,1,P11_CV0,1,1,1,0,2
12,0.46147936225293185,0.7805291762864555,R12_F12_m12f10_P12_Y14_UO846,R12_F12_m12f18_P12_Y12_UO1166,R10_F10_m14f8_P14_Y12_UO962,MXY,1,0.0,1,1,0.0,0,0,0,-9999.0,0.572265625,1,P11_CV0,1,1,1,0,2
12,0.46147936225293185,0.7805291762864555,R12_F12_m12f10_P12_Y14_UO847,R12_F12_m12f18_P12_Y12_UO1166,R10_F10_m14f8_P14_Y12_UO962,FXX,1,0.0,1,1,1.0,0,0,0,-9999.0,0.572265625,1,P11_CV0,1,1,1,0,2
12,0.46147936225293185,0.7805291762864555,R12_F12_m12f9_P12_Y14_UO782,R12_F12_m12f10_P12_Y12_UO863,R9_F9_m9f12_P9_Y12_UO1089,FXX,1,0.0,1,1,1.0,0,0,0,-9999.0,0.564453125,1,P11_CV0,1,1,1,1,1
12,0.46147936225293185,0.7805291762864555,R12_F12_m12f1_P12_Y14_UO1016,RD12_F2_m2f20_P2_Y12_UO736,R1_F1_m18f14_P18_Y12_UO750,MXY,1,0.0,1,1,0.0,0,0,0,-9999.0,0.53125,1,P11_CV0,1,2,0,0,2
12,0.46147936225293185,0.7805291762864555,R12_F12_m12f1_P12_Y14_UO1017,RD12_F2_m2f20_P2_Y12_UO736,R1_F1_m18f14_P18_Y12_UO750,MXY,1,0.0,1,1,0.0,0,0,0,-9999.0,0.53125,1,P11_CV0,1,1,1,0,2
12,0.46147936225293185,0.7805291762864555,R12_F12_m18f19_P18_Y13_UO1401,R18_F18_m18f11_P18_Y11_UO638,R19_F19_m10f19_P10_Y10_UO684,FXX,2,0.0,1,0,1.0,0,0,0,-9999.0,0.578125,1,P11_CV0,1,2,0,0,2
12,0.46147936225293185,0.7805291762864555,R12_F12_m9f18_P9_Y12_UO526,R9_F9_m9f7_P9_Y10_UO1290,R18_F18_m18f5_P18_Y8_UO81,FXX,3,0.0,1,0,1.0,0,0,0,-9999.0,0.56640625,1,P11_CV0,1,2,0,1,1
12,0.46147936225293185,0.7805291762864555,Age0_F12_m12f7_P12_Y15_UO1270,RD12_F16_m16f6_P16_Y13_UO341,R7_F7_m7f14_P7_Y13_UO920,FXX,0,0.0,0,0,0.0,0,0,0,0.0,0.462890625,1,P12_CV0,1,1,1,1,1
12,0.46147936225293185,0.7805291762864555,Age0_F12_m12f7_P12_Y15_UO1273,RD12_F16_m16f6_P16_Y13_UO341,R7_F7_m7f14_P7_Y13_UO920,MXY,0,0.0,0,0,0.0,0,0,0,0.0,0.462890625,1,P12_CV0,1,1,1,0,2
12,0.46147936225293185,0.7805291762864555,Age0_F12_m12f7_P12_Y15_UO1274,RD12_F16_m16f6_P16_Y13_UO341,R7_F7_m7f14_P7_Y13_UO920,MXY,0,0.0,0,0,0.0,0,0,0,0.0,0.462890625,1,P12_CV0,1,1,1,1,1
12,0.46147936225293185,0.7805291762864555,Age0_F12_m12f7_P12_Y15_UO1275,RD12_F16_m16f6_P16_Y13_UO341,R7_F7_m7f14_P7_Y13_UO920,FXX,0,0.0,0,0,0.0,0,0,0,0.0,0.462890625,1,P12_CV0,1,0,2,1,1
12,0.46147936225293185,0.7805291762864555,Age0_F12_m12f10_P12_Y15_UO290,RD12_F19_m19f14_P19_Y13_UO1084,RD10_F8_m5f1_P5_Y13_UO454,FXX,0,0.0,0,0,0.0,0,0,0,0.0,0.45703125,1,P13_CV0,1,1,1,0,2
12,0.46147936225293185,0.7805291762864555,Age0_F12_m12f10_P12_Y15_UO291,RD12_F19_m19f14_P19_Y13_UO1084,RD10_F8_m5f1_P5_Y13_UO454,MXY,0,0.0,0,0,0.0,0,0,0,0.0,0.45703125,1,P13_CV0,1,1,1,0,2
12,0.46147936225293185,0.7805291762864555,Age0_F12_m12f10_P12_Y15_UO292,RD12_F19_m19f14_P19_Y13_UO1084,RD10_F8_m5f1_P5_Y13_UO454,MXY,0,0.0,0,0,0.0,0,0,0,0.0,0.45703125,1,P13_CV0,1,1,1,0,2
12,0.46147936225293185,0.7805291762864555,Age0_F12_m12f10_P12_Y15_UO293,RD12_F19_m19f14_P19_Y13_UO1084,RD10_F8_m5f1_P5_Y13_UO454,MXY,0,0.0,0,0,0.0,0,0,0,0.0,0.45703125,1,P13_CV0,1,1,1,0,2
12,0.46147936225293185,0.7805291762864555,Age0_F12_m12f1_P12_Y15_UO611,RD12_F3_m3f1_P3_Y13_UO280,R1_F1_m1f12_P1_Y13_UO876,FXX,0,0.0,0,0,0.0,0,0,0,0.0,0.5,1,P13_CV0,1,1,1,0,2
12,0.46147936225293185,0.7805291762864555,Age0_F12_m12f1_P12_Y15_UO612,RD12_F3_m3f1_P3_Y13_UO280,R1_F1_m1f12_P1_Y13_UO876,FXX,0,0.0,0,0,0.0,0,0,0,0.0,0.5,1,P13_CV0,1,1,1,1,1
12,0.46147936225293185,0.7805291762864555,Age0_F12_m12f1_P12_Y15_UO613,RD12_F3_m3f1_P3_Y13_UO280,R1_F1_m1f12_P1_Y13_UO876,MXY,0,0.0,0,0,0.0,0,0,0,0.0,0.5,1,P13_CV0,1,1,1,1,1
12,0.46147936225293185,0.7805291762864555,Age0_F12_m12f10_P12_Y15_UO960,RD12_F19_m19f14_P19_Y13_UO1084,R10_F10_m3f16_P3_Y13_UO522,FXX,0,0.0,0,0,0.0,0,0,0,0.0,0.462890625,1,P13_CV0,1,2,0,1,1
12,0.46147936225293185,0.7805291762864555,Age0_F12_m12f10_P12_Y15_UO961,RD12_F19_m19f14_P19_Y13_UO1084,R10_F10_m3f16_P3_Y13_UO522,MXY,0,0.0,0,0,0.0,0,0,0,0.0,0.462890625,1,P13_CV0,1,2,0,1,1
12,0.46147936225293185,0.7805291762864555,Age0_F12_m12f10_P12_Y15_UO962,RD12_F19_m19f14_P19_Y13_UO1084,R10_F10_m3f16_P3_Y13_UO522,FXX,0,0.0,0,0,0.0,0,0,0,0.0,0.462890625,1,P13_CV0,1,2,0,1,1
12,0.46147936225293185,0.7805291762864555,Age0_F12_m12f7_P12_Y15_UO1271,RD12_F16_m16f6_P16_Y13_UO341,R7_F7_m7f14_P7_Y13_UO920,MXY,0,0.0,0,0,0.0,0,0,0,0.0,0.462890625,1,P13_CV0,1,0,2,1,1
12,0.46147936225293185,0.7805291762864555,Age0_F12_m12f7_P12_Y15_UO1272,RD12_F16_m16f6_P16_Y13_UO341,R7_F7_m7f14_P7_Y13_UO920,MXY,0,0.0,0,0,0.0,0,0,0,0.0,0.462890625,1,P13_CV0,1,1,1,1,1
12,0.46147936225293185,0.7805291762864555,R12_F12_m12f8_P12_Y14_UO698,R12_F12_m13f16_P13_Y12_UO265,R8_F8_m12f15_P12_Y12_UO184,MXY,1,0.0,1,1,0.0,0,0,0,-9999.0,0.5390625,1,P13_CV0,1,0,2,1,1
12,0.46147936225293185,0.7805291762864555,R12_F12_m7f1_P7_Y14_UO1044,R7_F7_m14f11_P14_Y12_UO1170,R1_F1_m1f6_P1_Y12_UO63,MXY,1,0.0,1,1,0.0,0,0,0,-9999.0,0.513671875,1,P13_CV0,1,2,0,1,1
12,0.46147936225293185,0.7805291762864555,R12_F12_m7f1_P7_Y14_UO1045,R7_F7_m14f11_P14_Y12_UO1170,R1_F1_m1f6_P1_Y12_UO63,FXX,1,0.0,1,1,1.0,0,0,0,-9999.0,0.513671875,1,P13_CV0,1,0,2,1,1
12,0.46147936225293185,0.7805291762864555,R12_F12_m16f6_P16_Y13_UO341,R16_F16_m16f8_P16_Y11_UO645,R6_F6_m6f15_P6_Y11_UO1406,FXX,2,0.0,1,0,1.0,0,0,0,-9999.0,0.48828125,1,P13_CV0,1,0,2,1,1
12,0.46147936225293185,0.7805291762864555,R12_F12_m12f8_P12_Y14_UO280,R12_F12_m11f4_P11_Y12_UO691,R8_F8_m9f16_P9_Y12_UO741,FXX,1,0.0,1,1,1.0,0,0,0,-9999.0,0.541015625,1,P14_CV0,1,1,1,2,0
12,0.46147936225293185,0.7805291762864555,R12_F12_m12f7_P12_Y14_UO216,R12_F12_m13f16_P13_Y12_UO268,RD7_F2_m5f19_P5_Y12_UO560,FXX,1,0.0,1,1,1.0,0,0,0,-9999.0,0.544921875,1,P14_CV0,1,1,1,0,2
12,0.46147936225293185,0.7805291762864555,Age0_F12_m12f7_P12_Y15_UO353,R12_F12_m12f7_P12_Y13_UO29,RD7_F4_m2f19_P2_Y13_UO1027,FXX,0,0.0,0,0,0.0,0,0,0,0.0,0.53125,1,P16_CV0,1,0,2,1,1
12,0.46147936225293185,0.7805291762864555,Age0_F12_m12f7_P12_Y15_UO355,R12_F12_m12f7_P12_Y13_UO29,RD7_F4_m2f19_P2_Y13_UO1027,FXX,0,0.0,0,0,0.0,0,0,0,0.0,0.53125,1,P16_CV0,1,1,1,1,1
12,0.46147936225293185,0.7805291762864555,Age0_F12_m12f7_P12_Y15_UO356,R12_F12_m12f7_P12_Y13_UO29,RD7_F4_m2f19_P2_Y13_UO1027,MXY,0,0.0,0,0,0.0,0,0,0,0.0,0.53125,1,P16_CV0,1,0,2,1,1
12,0.46147936225293185,0.7805291762864555,Age0_F12_m12f7_P12_Y15_UO357,R12_F12_m12f7_P12_Y13_UO29,RD7_F4_m2f19_P2_Y13_UO1027,FXX,0,0.0,0,0,0.0,0,0,0,0.0,0.53125,1,P16_CV0,1,1,1,1,1
12,0.46147936225293185,0.7805291762864555,Age0_F12_m12f7_P12_Y15_UO358,R12_F12_m12f7_P12_Y13_UO29,RD7_F4_m2f19_P2_Y13_UO1027,MXY,0,0.0,0,0,0.0,0,0,0,0.0,0.53125,1,P16_CV0,1,1,1,1,1
12,0.46147936225293185,0.7805291762864555,Age0_F12_m12f14_P12_Y15_UO1181,R12_F12_m4f19_P4_Y13_UO1384,RD14_F4_m4f18_P4_Y13_UO235,MXY,0,0.0,0,0,0.0,0,0,0,0.0,0.474609375,1,P17_CV0,1,0,2,0,2
12,0.46147936225293185,0.7805291762864555,Age0_F12_m12f14_P12_Y15_UO1184,R12_F12_m4f19_P4_Y13_UO1384,RD14_F4_m4f18_P4_Y13_UO235,FXX,0,0.0,0,0,0.0,0,0,0,0.0,0.474609375,1,P17_CV0,1,0,2,1,1
12,0.46147936225293185,0.7805291762864555,Age0_F12_m12f14_P12_Y15_UO1186,R12_F12_m4f19_P4_Y13_UO1384,RD14_F4_m4f18_P4_Y13_UO235,MXY,0,0.0,0,0,0.0,0,0,0,0.0,0.474609375,1,P17_CV0,1,1,1,0,2
12,0.46147936225293185,0.7805291762864555,R12_F12_m12f17_P12_Y14_UO142,R12_F12_m12f3_P12_Y12_UO1095,R17_F17_m1f3_P1_Y12_UO1047,MXY,1,0.0,1,1,0.0,0,0,0,-9999.0,0.515625,1,P17_CV0,1,0,2,2,0
12,0.46147936225293185,0.7805291762864555,R12_F12_m4f19_P4_Y13_UO1384,R4_F4_m6f15_P6_Y11_UO1409,RD19_F3_m3f7_P3_Y11_UO557,FXX,2,0.0,1,0,1.0,0,0,0,-9999.0,0.45703125,1,P17_CV0,1,1,1,0,2
12,0.46147936225293185,0.7805291762864555,R12_F12_m2f18_P2_Y14_UO1313,R2_F2_m2f16_P2_Y12_UO453,R18_F18_m18f14_P18_Y12_UO753,FXX,1,0.0,1,1,1.0,0,0,0,-9999.0,0.517578125,1,P18_CV0,1,0,2,1,1
12,0.46147936225293185,0.7805291762864555,Age0_F12_m12f10_P12_Y15_UO957,RD12_F19_m19f14_P19_Y13_UO1084,R10_F10_m3f16_P3_Y13_UO522,FXX,0,0.0,0,0,0.0,0,0,0,0.0,0.462890625,1,P19_CV0,1,2,0,1,1
12,0.46147936225293185,0.7805291762864555,Age0_F12_m12f10_P12_Y15_UO958,RD12_F19_m19f14_P19_Y13_UO1084,R10_F10_m3f16_P3_Y13_UO522,MXY,0,0.0,0,0,0.0,0,0,0,0.0,0.462890625,1,P19_CV0,1,2,0,1,1
12,0.46147936225293185,0.7805291762864555,Age0_F12_m12f10_P12_Y15_UO959,RD12_F19_m19f14_P19_Y13_UO1084,R10_F10_m3f16_P3_Y13_UO522,MXY,0,0.0,0,0,0.0,0,0,0,0.0,0.462890625,1,P19_CV0,1,1,1,1,1
12,0.46147936225293185,0.7805291762864555,R12_F12_m7f18_P7_Y14_UO498,RD7_F3_m3f20_P3_Y12_UO336,R18_F18_m18f17_P18_Y12_UO1129,MXY,1,0.0,1,1,0.0,0,0,0,-9999.0,0.517578125,1,P19_CV0,1,1,1,2,0
12,0.46147936225293185,0.7805291762864555,R12_F12_m12f5_P12_Y14_UO448,R12_F12_m12f18_P12_Y12_UO1166,R5_F5_m8f18_P8_Y12_UO576,MXY,1,0.0,1,1,0.0,0,0,0,-9999.0,0.537109375,1,P19_CV0,1,1,1,0,2
12,0.46147936225293185,0.7805291762864555,R12_F12_m3f16_P3_Y13_UO524,R3_F3_m14f6_P14_Y11_UO902,R16_F16_m13f3_P13_Y10_UO1020,MXY,2,0.0,1,0,0.0,0,0,0,-9999.0,0.453125,1,P19_CV0,1,2,0,1,1
12,0.46147936225293185,0.7805291762864555,Age0_F12_m12f2_P12_Y15_UO891,R12_F12_m12f7_P12_Y13_UO29,R2_F2_m15f7_P15_Y13_UO1062,MXY,0,0.0,0,0,0.0,0,0,0,0.0,0.4921875,1,P1_CV0,1,1,1,1,1
12,0.46147936225293185,0.7805291762864555,Age0_F12_m12f2_P12_Y15_UO892,R12_F12_m12f7_P12_Y13_UO29,R2_F2_m15f7_P15_Y13_UO1062,MXY,0,0.0,0,0,0.0,0,0,0,0.0,0.4921875,1,P1_CV0,1,1,1,1,1
12,0.46147936225293185,0.7805291762864555,R12_F12_m17f19_P17_Y14_UO63,RD17_F16_m16f4_P16_Y12_UO608,R19_F19_m19f10_P19_Y12_UO119,FXX,1,0.0,1,1,1.0,0,0,0,-9999.0,0.52734375,1,P2_CV0,1,2,0,2,0
12,0.46147936225293185,0.7805291762864555,R12_F12_m8f3_P8_Y14_UO712,RD8_F10_m10f7_P10_Y12_UO254,R3_F3_m19f20_P19_Y12_UO148,MXY,1,0.0,1,1,0.0,0,0,0,-9999.0,0.5703125,1,P3_CV0,1,2,0,1,1
12,0.46147936225293185,0.7805291762864555,Age0_F12_m12f15_P12_Y15_UO465,RD12_F3_m3f1_P3_Y13_UO280,RD15_F5_m19f11_P19_Y13_UO557,FXX,0,0.0,0,0,0.0,0,0,0,0.0,0.505859375,1,P5_CV0,1,0,2,0,2
12,0.46147936225293185,0.7805291762864555,Age0_F12_m12f15_P12_Y15_UO466,RD12_F3_m3f1_P3_Y13_UO280,RD15_F5_m19f11_P19_Y13_UO557,FXX,0,0.0,0,0,0.0,0,0,0,0.0,0.505859375,1,P5_CV0,1,0,2,1,1
12,0.46147936225293185,0.7805291762864555,R12_F12_m1f17_P1_Y14_UO841,RD1_F17_m11f13_P11_Y12_UO75,RD17_F15_m15f2_P15_Y12_UO771,MXY,1,0.0,1,1,0.0,0,0,0,-9999.0,0.513671875,1,P6_CV0,1,0,2,1,1
12,0.46147936225293185,0.7805291762864555,R12_F12_m12f8_P12_Y14_UO770,RD12_F1_m1f3_P1_Y12_UO1042,RD8_F16_m15f1_P15_Y12_UO463,FXX,1,0.0,1,1,1.0,0,0,0,-9999.0,0.548828125,1,P6_CV0,1,1,1,0,2
12,0.46147936225293185,0.7805291762864555,R12_F12_m11f20_P11_Y10_UO987,R11_F11_m11f2_P11_Y8_UO89,RD20_F1_m19f16_P19_Y7_UO510,MXY,5,0.0,1,0,0.0,0,0,0,-9999.0,0.46875,1,P6_CV0,1,2,0,2,0
12,0.46147936225293185,0.7805291762864555,Age0_F12_m12f19_P12_Y15_UO1362,R12_F12_m12f7_P12_Y13_UO29,R19_F19_m19f4_P19_Y13_UO790,FXX,0,0.0,0,0,0.0,0,0,0,0.0,0.48046875,1,P7_CV0,1,1,1,1,1
12,0.46147936225293185,0.7805291762864555,R12_F12_m4f12_P4_Y14_UO747,R4_F4_m4f11_P4_Y12_UO1019,RD12_F18_m1f3_P1_Y12_UO1046,MXY,1,0.0,1,1,0.0,0,0,0,-9999.0,0.544921875,1,P7_CV0,1,0,2,1,1
12,0.46147936225293185,0.7805291762864555,Age0_F12_m12f8_P12_Y15_UO328,RD12_F18_m18f19_P18_Y13_UO1401,R8_F8_m6f1_P6_Y13_UO71,MXY,0,0.0,0,0,0.0,0,0,0,0.0,0.533203125,1,P8_CV0,1,2,0,1,1
12,0.46147936225293185,0.7805291762864555,Age0_F12_m12f8_P12_Y15_UO332,RD12_F18_m18f19_P18_Y13_UO1401,R8_F8_m6f1_P6_Y13_UO71,FXX,0,0.0,0,0,0.0,0,0,0,0.0,0.533203125,1,P8_CV0,1,2,0,1,1
12,0.46147936225293185,0.7805291762864555,Age0_F12_m12f15_P12_Y15_UO464,RD12_F3_m3f1_P3_Y13_UO280,RD15_F5_m19f11_P19_Y13_UO557,MXY,0,0.0,0,0,0.0,0,0,0,0.0,0.505859375,1,P8_CV0,1,0,2,1,1
12,0.46147936225293185,0.7805291762864555,Age0_F12_m12f1_P12_Y15_UO609,RD12_F3_m3f1_P3_Y13_UO280,R1_F1_m1f12_P1_Y13_UO876,MXY,0,0.0,0,0,0.0,0,0,0,0.0,0.5,1,P8_CV0,1,0,2,1,1
12,0.46147936225293185,0.7805291762864555,Age0_F12_m12f1_P12_Y15_UO610,RD12_F3_m3f1_P3_Y13_UO280,R1_F1_m1f12_P1_Y13_UO876,MXY,0,0.0,0,0,0.0,0,0,0,0.0,0.5,1,P8_CV0,1,0,2,1,1
12,0.46147936225293185,0.7805291762864555,Age0_F12_m12f5_P12_Y15_UO977,RD12_F3_m3f1_P3_Y13_UO280,RD5_F3_m1f19_P1_Y13_UO800,FXX,0,0.0,0,0,0.0,0,0,0,0.0,0.505859375,1,P8_CV0,1,0,2,2,0
12,0.46147936225293185,0.7805291762864555,Age0_F12_m12f5_P12_Y15_UO978,RD12_F3_m3f1_P3_Y13_UO280,RD5_F3_m1f19_P1_Y13_UO800,FXX,0,0.0,0,0,0.0,0,0,0,0.0,0.505859375,1,P8_CV0,1,0,2,1,1
12,0.46147936225293185,0.7805291762864555,Age0_F12_m12f5_P12_Y15_UO979,RD12_F3_m3f1_P3_Y13_UO280,RD5_F3_m1f19_P1_Y13_UO800,MXY,0,0.0,0,0,0.0,0,0,0,0.0,0.505859375,1,P8_CV0,1,0,2,0,2
12,0.46147936225293185,0.7805291762864555,R12_F12_m12f10_P12_Y14_UO131,R12_F12_m12f15_P12_Y12_UO186,RD10_F13_m13f11_P13_Y12_UO49,MXY,1,0.0,1,1,0.0,0,0,0,-9999.0,0.505859375,1,P8_CV0,1,2,0,2,0
12,0.46147936225293185,0.7805291762864555,R12_F12_m11f19_P11_Y13_UO883,R11_F11_m17f13_P17_Y11_UO825,R19_F19_m6f20_P6_Y8_UO670,MXY,2,0.0,1,0,0.0,0,0,0,-9999.0,0.49609375,1,P8_CV0,1,2,0,1,1
12,0.46147936225293185,0.7805291762864555,R12_F12_m6f7_P6_Y13_UO363,RD6_F10_m10f12_P10_Y11_UO431,R7_F7_m7f20_P7_Y11_UO1208,MXY,2,0.0,1,0,0.0,0,0,0,-9999.0,0.48046875,1,P8_CV0,1,0,2,1,1
12,0.46147936225293185,0.7805291762864555,Age0_F12_m12f5_P12_Y15_UO976,RD12_F3_m3f1_P3_Y13_UO280,RD5_F3_m1f19_P1_Y13_UO800,FXX,0,0.0,0,0,0.0,0,0,0,0.0,0.505859375,1,P9_CV0,1,1,1,2,0
12,0.46147936225293185,0.7805291762864555,Age0_F12_m12f5_P12_Y15_UO980,RD12_F3_m3f1_P3_Y13_UO280,RD5_F3_m1f19_P1_Y13_UO800,MXY,0,0.0,0,0,0.0,0,0,0,0.0,0.505859375,1,P9_CV0,1,0,2,0,2
12,0.46147936225293185,0.7805291762864555,Age0_F12_m12f14_P12_Y15_UO1182,R12_F12_m4f19_P4_Y13_UO1384,RD14_F4_m4f18_P4_Y13_UO235,MXY,0,0.0,0,0,0.0,0,0,0,0.0,0.474609375,1,P9_CV0,1,1,1,1,1
12,0.46147936225293185,0.7805291762864555,Age0_F12_m12f14_P12_Y15_UO1183,R12_F12_m4f19_P4_Y13_UO1384,RD14_F4_m4f18_P4_Y13_UO235,FXX,0,0.0,0,0,0.0,0,0,0,0.0,0.474609375,1,P9_CV0,1,1,1,0,2
12,0.46147936225293185,0.7805291762864555,Age0_F12_m12f14_P12_Y15_UO1185,R12_F12_m4f19_P4_Y13_UO1384,RD14_F4_m4f18_P4_Y13_UO235,MXY,0,0.0,0,0,0.0,0,0,0,0.0,0.474609375,1,P9_CV0,1,1,1,0,2
12,0.46147936225293185,0.7805291762864555,R12_F12_m16f11_P16_Y14_UO464,R16_F16_m20f16_P20_Y12_UO1275,R11_F11_m19f4_P19_Y12_UO8,FXX,1,0.0,1,1,1.0,0,0,0,-9999.0,0.56640625,1,P9_CV0,1,1,1,1,1
12,0.46147936225293185,0.7805291762864555,R12_F12_m12f7_P12_Y14_UO222,R12_F12_m13f16_P13_Y12_UO268,RD7_F2_m5f19_P5_Y12_UO560,FXX,1,0.0,1,1,1.0,0,0,0,-9999.0,0.544921875,1,P9_CV0,1,1,1,0,2
12,0.46147936225293185,0.7805291762864555,R12_F12_m12f7_P12_Y14_UO219,R12_F12_m13f16_P13_Y12_UO268,RD7_F2_m5f19_P5_Y12_UO560,FXX,1,0.0,1,1,1.0,0,0,0,-9999.0,0.544921875,1,P9_CV0,1,0,2,0,2
13,0.11827442586893322,0.6399210213275238,R13_F13_m13f5_P13_Y13_UO297,RD13_F18_m15f11_P15_Y11_UO258,R5_F5_m5f19_P5_Y11_UO584,MXY,2,0.0,1,0,0.0,0,0,0,-9999.0,0.5,1,P0_CV0,1,0,2,2,0
13,0.11827442586893322,0.6399210213275238,Age0_F13_m13f20_P13_Y15_UO521,RD13_F16_m19f17_P19_Y13_UO268,RD20_F6_m8f1_P8_Y13_UO529,FXX,0,0.0,0,0,0.0,0,0,0,0.0,0.556640625,1,P10_CV0,1,2,0,1,1
13,0.11827442586893322,0.6399210213275238,Age0_F13_m13f17_P13_Y15_UO1225,RD13_F16_m19f17_P19_Y13_UO268,RD17_F3_m3f7_P3_Y13_UO625,FXX,0,0.0,0,0,0.0,0,0,0,0.0,0.537109375,1,P10_CV0,1,2,0,1,1
13,0.11827442586893322,0.6399210213275238,Age0_F13_m13f17_P13_Y15_UO1226,RD13_F16_m19f17_P19_Y13_UO268,RD17_F3_m3f7_P3_Y13_UO625,FXX,0,0.0,0,0,0.0,0,0,0,0.0,0.537109375,1,P10_CV0,1,2,0,0,2
13,0.11827442586893322,0.6399210213275238,R13_F13_m13f19_P13_Y14_UO89,R13_F13_m8f6_P8_Y12_UO372,RD19_F9_m9f6_P9_Y12_UO227,MXY,1,0.0,1,1,0.0,0,0,0,-9999.0,0.49609375,1,P10_CV0,1,1,1,1,1
13,0.11827442586893322,0.6399210213275238,R13_F13_m13f19_P13_Y14_UO90,R13_F13_m8f6_P8_Y12_UO372,RD19_F9_m9f6_P9_Y12_UO227,MXY,1,0.0,1,1,0.0,0,0,0,-9999.0,0.49609375,1,P10_CV0,1,1,1,1,1
13,0.11827442586893322,0.6399210213275238,R13_F13_m19f17_P19_Y13_UO268,R19_F19_m19f7_P19_Y11_UO943,RD17_F6_m8f9_P8_Y11_UO1303,FXX,2,0.0,1,0,1.0,0,0,0,-9999.0,0.55859375,1,P10_CV0,1,2,0,0,2
13,0.11827442586893322,0.6399210213275238,R13_F13_m13f14_P13_Y13_UO759,RD13_F12_m12f4_P12_Y11_UO1385,RD14_F5_m11f1_P11_Y10_UO461,FXX,2,0.0,1,0,1.0,0,0,0,-9999.0,0.5625,1,P10_CV0,1,2,0,0,2
13,0.11827442586893322,0.6399210213275238,R13_F13_m8f6_P8_Y12_UO372,RD8_F11_m11f1_P11_Y10_UO464,R6_F6_m6f15_P6_Y10_UO647,FXX,3,0.0,1,0,1.0,0,0,0,-9999.0,0.484375,1,P10_CV0,1,1,1,1,1
13,0.11827442586893322,0.6399210213275238,R13_F13_m8f5_P8_Y14_UO690,R8_F8_m8f1_P8_Y12_UO902,RD5_F11_m11f8_P11_Y12_UO892,MXY,1,0.0,1,1,0.0,0,0,0,-9999.0,0.54296875,1,P11_CV0,1,2,0,1,1
13,0.11827442586893322,0.6399210213275238,Age0_F13_m13f18_P13_Y15_UO575,RD13_F14_m9f18_P9_Y13_UO202,R18_F18_m18f12_P18_Y13_UO271,MXY,0,0.0,0,0,0.0,0,0,0,0.0,0.501953125,1,P12_CV0,1,1,1,0,2
13,0.11827442586893322,0.6399210213275238,Age0_F13_m13f18_P13_Y15_UO579,RD13_F14_m9f18_P9_Y13_UO202,R18_F18_m18f12_P18_Y13_UO271,MXY,0,0.0,0,0,0.0,0,0,0,0.0,0.501953125,1,P12_CV0,1,1,1,1,1
13,0.11827442586893322,0.6399210213275238,Age0_F13_m13f18_P13_Y15_UO580,RD13_F14_m9f18_P9_Y13_UO202,R18_F18_m18f12_P18_Y13_UO271,FXX,0,0.0,0,0,0.0,0,0,0,0.0,0.501953125,1,P12_CV0,1,0,2,0,2
13,0.11827442586893322,0.6399210213275238,Age0_F13_m13f6_P13_Y15_UO1099,RD13_F19_m1f5_P1_Y13_UO537,R6_F6_m6f18_P6_Y13_UO1003,FXX,0,0.0,0,0,0.0,0,0,0,0.0,0.521484375,1,P12_CV0,1,1,1,1,1
13,0.11827442586893322,0.6399210213275238,Age0_F13_m13f6_P13_Y15_UO1100,RD13_F19_m1f5_P1_Y13_UO537,R6_F6_m6f18_P6_Y13_UO1003,MXY,0,0.0,0,0,0.0,0,0,0,0.0,0.521484375,1,P12_CV0,1,1,1,1,1
13,0.11827442586893322,0.6399210213275238,Age0_F13_m13f6_P13_Y15_UO1102,RD13_F19_m1f5_P1_Y13_UO537,R6_F6_m6f18_P6_Y13_UO1003,MXY,0,0.0,0,0,0.0,0,0,0,0.0,0.521484375,1,P12_CV0,1,0,2,1,1
13,0.11827442586893322,0.6399210213275238,Age0_F13_m13f7_P13_Y15_UO1071,R13_F13_m2f16_P2_Y13_UO403,R7_F7_m19f14_P19_Y13_UO1090,FXX,0,0.0,0,0,0.0,0,0,0,0.0,0.478515625,1,P13_CV0,1,2,0,1,1
13,0.11827442586893322,0.6399210213275238,Age0_F13_m13f7_P13_Y15_UO1075,R13_F13_m2f16_P2_Y13_UO403,R7_F7_m19f14_P19_Y13_UO1090,FXX,0,0.0,0,0,0.0,0,0,0,0.0,0.478515625,1,P13_CV0,1,1,1,0,2
13,0.11827442586893322,0.6399210213275238,Age0_F13_m13f6_P13_Y15_UO1098,RD13_F19_m1f5_P1_Y13_UO537,R6_F6_m6f18_P6_Y13_UO1003,FXX,0,0.0,0,0,0.0,0,0,0,0.0,0.521484375,1,P13_CV0,1,1,1,0,2
13,0.11827442586893322,0.6399210213275238,Age0_F13_m13f6_P13_Y15_UO1101,RD13_F19_m1f5_P1_Y13_UO537,R6_F6_m6f18_P6_Y13_UO1003,FXX,0,0.0,0,0,0.0,0,0,0,0.0,0.521484375,1,P13_CV0,1,1,1,1,1
13,0.11827442586893322,0.6399210213275238,Age0_F13_m13f6_P13_Y15_UO1103,RD13_F19_m1f5_P1_Y13_UO537,R6_F6_m6f18_P6_Y13_UO1003,FXX,0,0.0,0,0,0.0,0,0,0,0.0,0.521484375,1,P13_CV0,1,0,2,0,2
13,0.11827442586893322,0.6399210213275238,Age0_F13_m13f6_P13_Y15_UO1104,RD13_F19_m1f5_P1_Y13_UO537,R6_F6_m6f18_P6_Y13_UO1003,FXX,0,0.0,0,0,0.0,0,0,0,0.0,0.521484375,1,P13_CV0,1,1,1,2,0
13,0.11827442586893322,0.6399210213275238,Age0_F13_m13f1_P13_Y15_UO1164,R13_F13_m8f18_P8_Y13_UO689,R1_F1_m1f12_P1_Y13_UO876,MXY,0,0.0,0,0,0.0,0,0,0,0.0,0.4921875,1,P13_CV0,1,1,1,0,2
13,0.11827442586893322,0.6399210213275238,Age0_F13_m13f1_P13_Y15_UO1166,R13_F13_m8f18_P8_Y13_UO689,R1_F1_m1f12_P1_Y13_UO876,FXX,0,0.0,0,0,0.0,0,0,0,0.0,0.4921875,1,P13_CV0,1,1,1,1,1
13,0.11827442586893322,0.6399210213275238,Age0_F13_m13f10_P13_Y15_UO1333,RD13_F19_m1f5_P1_Y13_UO537,R10_F10_m3f16_P3_Y13_UO522,FXX,0,0.0,0,0,0.0,0,0,0,0.0,0.494140625,1,P13_CV0,1,1,1,2,0
13,0.11827442586893322,0.6399210213275238,Age0_F13_m13f10_P13_Y15_UO1334,RD13_F19_m1f5_P1_Y13_UO537,R10_F10_m3f16_P3_Y13_UO522,MXY,0,0.0,0,0,0.0,0,0,0,0.0,0.494140625,1,P13_CV0,1,1,1,2,0
13,0.11827442586893322,0.6399210213275238,Age0_F13_m13f10_P13_Y15_UO1335,RD13_F19_m1f5_P1_Y13_UO537,R10_F10_m3f16_P3_Y13_UO522,FXX,0,0.0,0,0,0.0,0,0,0,0.0,0.494140625,1,P13_CV0,1,1,1,2,0
13,0.11827442586893322,0.6399210213275238,Age0_F13_m13f10_P13_Y15_UO1338,RD13_F19_m1f5_P1_Y13_UO537,R10_F10_m3f16_P3_Y13_UO522,MXY,0,0.0,0,0,0.0,0,0,0,0.0,0.494140625,1,P13_CV0,1,1,1,1,1
13,0.11827442586893322,0.6399210213275238,Age0_F13_m13f10_P13_Y15_UO1341,RD13_F19_m1f5_P1_Y13_UO537,R10_F10_m3f16_P3_Y13_UO522,FXX,0,0.0,0,0,0.0,0,0,0,0.0,0.494140625,1,P13_CV0,1,1,1,2,0
13,0.11827442586893322,0.6399210213275238,R13_F13_m1f8_P1_Y14_UO951,RD1_F9_m13f18_P13_Y12_UO1297,R8_F8_m14f13_P14_Y11_UO852,FXX,1,0.0,1,1,1.0,0,0,0,-9999.0,0.486328125,1,P13_CV0,1,0,2,1,1
13,0.11827442586893322,0.6399210213275238,R13_F13_m13f3_P13_Y14_UO1266,R13_F13_m13f19_P13_Y12_UO493,R3_F3_m19f20_P19_Y12_UO148,FXX,1,0.0,1,1,1.0,0,0,0,-9999.0,0.578125,1,P14_CV0,1,2,0,0,2
13,0.11827442586893322,0.6399210213275238,R13_F13_m5f3_P5_Y14_UO307,R5_F5_m13f18_P13_Y12_UO1294,R3_F3_m10f12_P10_Y12_UO173,MXY,1,0.0,1,1,0.0,0,0,0,-9999.0,0.5546875,1,P14_CV0,1,1,1,0,2
13,0.11827442586893322,0.6399210213275238,R13_F13_m13f3_P13_Y14_UO1262,R13_F13_m13f19_P13_Y12_UO493,R3_F3_m19f20_P19_Y12_UO148,FXX,1,0.0,1,1,1.0,0,0,0,-9999.0,0.578125,1,P14_CV0,1,2,0,0,2
13,0.11827442586893322,0.6399210213275238,Age0_F13_m13f11_P13_Y15_UO556,RD13_F9_m3f4_P3_Y13_UO169,RD11_F18_m12f6_P12_Y13_UO763,MXY,0,0.0,0,0,0.0,0,0,0,0.0,0.5,1,P15_CV0,1,1,1,1,1
13,0.11827442586893322,0.6399210213275238,Age0_F13_m13f11_P13_Y15_UO557,RD13_F9_m3f4_P3_Y13_UO169,RD11_F18_m12f6_P12_Y13_UO763,MXY,0,0.0,0,0,0.0,0,0,0,0.0,0.5,1,P15_CV0,1,1,1,1,1
13,0.11827442586893322,0.6399210213275238,Age0_F13_m13f11_P13_Y15_UO559,RD13_F9_m3f4_P3_Y13_UO169,RD11_F18_m12f6_P12_Y13_UO763,MXY,0,0.0,0,0,0.0,0,0,0,0.0,0.5,1,P15_CV0,1,2,0,1,1
13,0.11827442586893322,0.6399210213275238,Age0_F13_m13f11_P13_Y15_UO561,RD13_F9_m3f4_P3_Y13_UO169,RD11_F18_m12f6_P12_Y13_UO763,FXX,0,0.0,0,0,0.0,0,0,0,0.0,0.5,1,P15_CV0,1,1,1,1,1
13,0.11827442586893322,0.6399210213275238,Age0_F13_m13f11_P13_Y15_UO562,RD13_F9_m3f4_P3_Y13_UO169,RD11_F18_m12f6_P12_Y13_UO763,FXX,0,0.0,0,0,0.0,0,0,0,0.0,0.5,1,P15_CV0,1,2,0,1,1
13,0.11827442586893322,0.6399210213275238,Age0_F13_m13f11_P13_Y15_UO566,RD13_F9_m3f4_P3_Y13_UO169,RD11_F18_m12f6_P12_Y13_UO763,MXY,0,0.0,0,0,0.0,0,0,0,0.0,0.5,1,P15_CV0,1,1,1,1,1
13,0.11827442586893322,0.6399210213275238,Age0_F13_m13f4_P13_Y15_UO799,R13_F13_m8f18_P8_Y13_UO689,R4_F4_m7f13_P7_Y13_UO409,FXX,0,0.0,0,0,0.0,0,0,0,0.0,0.486328125,1,P15_CV0,1,1,1,1,1
13,0.11827442586893322,0.6399210213275238,R13_F13_m13f12_P13_Y14_UO357,R13_F13_m9f3_P9_Y12_UO847,R12_F12_m12f3_P12_Y12_UO1096,FXX,1,0.0,1,1,1.0,0,0,0,-9999.0,0.48828125,1,P17_CV0,1,1,1,1,1
13,0.11827442586893322,0.6399210213275238,R13_F13_m19f12_P19_Y14_UO678,RD19_F7_m19f18_P19_Y12_UO116,R12_F12_m12f3_P12_Y12_UO1096,MXY,1,0.0,1,1,0.0,0,0,0,-9999.0,0.54296875,1,P17_CV0,1,1,1,1,1
13,0.11827442586893322,0.6399210213275238,R13_F13_m18f5_P18_Y14_UO972,RD18_F13_m16f20_P16_Y12_UO1081,RD5_F11_m11f8_P11_Y12_UO892,FXX,1,0.0,1,1,1.0,0,0,0,-9999.0,0.578125,1,P18_CV0,1,1,1,2,0
13,0.11827442586893322,0.6399210213275238,Age0_F13_m13f10_P13_Y15_UO1336,RD13_F19_m1f5_P1_Y13_UO537,R10_F10_m3f16_P3_Y13_UO522,FXX,0,0.0,0,0,0.0,0,0,0,0.0,0.494140625,1,P19_CV0,1,1,1,1,1
13,0.11827442586893322,0.6399210213275238,Age0_F13_m13f10_P13_Y15_UO1337,RD13_F19_m1f5_P1_Y13_UO537,R10_F10_m3f16_P3_Y13_UO522,MXY,0,0.0,0,0,0.0,0,0,0,0.0,0.494140625,1,P19_CV0,1,1,1,2,0
13,0.11827442586893322,0.6399210213275238,Age0_F13_m13f10_P13_Y15_UO1339,RD13_F19_m1f5_P1_Y13_UO537,R10_F10_m3f16_P3_Y13_UO522,MXY,0,0.0,0,0,0.0,0,0,0,0.0,0.494140625,1,P19_CV0,1,1,1,2,0
13,0.11827442586893322,0.6399210213275238,Age0_F13_m13f10_P13_Y15_UO1340,RD13_F19_m1f5_P1_Y13_UO537,R10_F10_m3f16_P3_Y13_UO522,MXY,0,0.0,0,0,0.0,0,0,0,0.0,0.494140625,1,P19_CV0,1,1,1,2,0
13,0.11827442586893322,0.6399210213275238,R13_F13_m10f12_P10_Y14_UO118,RD10_F7_m10f1_P10_Y12_UO1207,RD12_F9_m9f12_P9_Y12_UO1085,MXY,1,0.0,1,1,0.0,0,0,0,-9999.0,0.591796875,1,P19_CV0,1,2,0,1,1
13,0.11827442586893322,0.6399210213275238,R13_F13_m13f15_P13_Y14_UO1204,R13_F13_m9f3_P9_Y12_UO847,RD15_F7_m7f1_P7_Y12_UO102,FXX,1,0.0,1,1,1.0,0,0,0,-9999.0,0.5078125,1,P2_CV0,1,1,1,1,1
13,0.11827442586893322,0.6399210213275238,R13_F13_m13f15_P13_Y14_UO1201,R13_F13_m9f3_P9_Y12_UO847,RD15_F7_m7f1_P7_Y12_UO102,MXY,1,0.0,1,1,0.0,0,0,0,-9999.0,0.5078125,1,P2_CV0,1,2,0,1,1
13,0.11827442586893322,0.6399210213275238,R13_F13_m13f15_P13_Y14_UO1202,R13_F13_m9f3_P9_Y12_UO847,RD15_F7_m7f1_P7_Y12_UO102,MXY,1,0.0,1,1,0.0,0,0,0,-9999.0,0.5078125,1,P2_CV0,1,1,1,0,2
13,0.11827442586893322,0.6399210213275238,R13_F13_m13f15_P13_Y14_UO1197,R13_F13_m9f3_P9_Y12_UO847,RD15_F7_m7f1_P7_Y12_UO102,MXY,1,0.0,1,1,0.0,0,0,0,-9999.0,0.5078125,1,P2_CV0,1,1,1,0,2
13,0.11827442586893322,0.6399210213275238,R13_F13_m13f15_P13_Y14_UO1194,R13_F13_m9f3_P9_Y12_UO847,RD15_F7_m7f1_P7_Y12_UO102,FXX,1,0.0,1,1,1.0,0,0,0,-9999.0,0.5078125,1,P2_CV0,1,1,1,1,1
13,0.11827442586893322,0.6399210213275238,R13_F13_m8f9_P8_Y13_UO1151,R8_F8_m11f7_P11_Y11_UO439,RD9_F10_m10f2_P10_Y11_UO878,MXY,2,0.0,1,0,0.0,0,0,0,-9999.0,0.5078125,1,P2_CV0,1,2,0,0,2
13,0.11827442586893322,0.6399210213275238,R13_F13_m13f3_P13_Y14_UO1260,R13_F13_m13f19_P13_Y12_UO493,R3_F3_m19f20_P19_Y12_UO148,MXY,1,0.0,1,1,0.0,0,0,0,-9999.0,0.578125,1,P3_CV0,1,1,1,0,2
13,0.11827442586893322,0.6399210213275238,R13_F13_m2f19_P2_Y14_UO1226,R2_F2_m2f6_P2_Y12_UO899,RD19_F3_m3f14_P3_Y11_UO1272,FXX,1,0.0,1,1,1.0,0,0,0,-9999.0,0.482421875,1,P3_CV0,1,1,1,2,0
13,0.11827442586893322,0.6399210213275238,R13_F13_m13f7_P13_Y14_UO1160,R13_F13_m8f1_P8_Y12_UO912,R7_F7_m7f15_P7_Y12_UO1215,FXX,1,0.0,1,1,1.0,0,0,0,-9999.0,0.533203125,1,P3_CV0,1,1,1,1,1
13,0.11827442586893322,0.6399210213275238,R13_F13_m13f8_P13_Y14_UO1019,RD13_F16_m16f14_P16_Y12_UO1057,R8_F8_m14f13_P14_Y11_UO852,MXY,1,0.0,1,1,0.0,0,0,0,-9999.0,0.484375,1,P3_CV0,1,1,1,1,1
13,0.11827442586893322,0.6399210213275238,R13_F13_m15f5_P15_Y13_UO1218,R15_F15_m15f13_P15_Y11_UO566,RD5_F7_m9f7_P9_Y10_UO1287,MXY,2,0.0,1,0,0.0,0,0,0,-9999.0,0.50390625,1,P3_CV0,1,1,1,1,1
13,0.11827442586893322,0.6399210213275238,R13_F13_m13f18_P13_Y14_UO975,R13_F13_m8f1_P8_Y12_UO912,R18_F18_m18f17_P18_Y12_UO1129,MXY,1,0.0,1,1,0.0,0,0,0,-9999.0,0.5234375,1,P4_CV0,1,2,0,1,1
13,0.11827442586893322,0.6399210213275238,Age0_F13_m13f11_P13_Y15_UO558,RD13_F9_m3f4_P3_Y13_UO169,RD11_F18_m12f6_P12_Y13_UO763,MXY,0,0.0,0,0,0.0,0,0,0,0.0,0.5,1,P5_CV0,1,2,0,1,1
13,0.11827442586893322,0.6399210213275238,Age0_F13_m13f11_P13_Y15_UO560,RD13_F9_m3f4_P3_Y13_UO169,RD11_F18_m12f6_P12_Y13_UO763,MXY,0,0.0,0,0,0.0,0,0,0,0.0,0.5,1,P5_CV0,1,2,0,1,1
13,0.11827442586893322,0.6399210213275238,Age0_F13_m13f11_P13_Y15_UO563,RD13_F9_m3f4_P3_Y13_UO169,RD11_F18_m12f6_P12_Y13_UO763,MXY,0,0.0,0,0,0.0,0,0,0,0.0,0.5,1,P5_CV0,1,1,1,1,1
13,0.11827442586893322,0.6399210213275238,Age0_F13_m13f11_P13_Y15_UO564,RD13_F9_m3f4_P3_Y13_UO169,RD11_F18_m12f6_P12_Y13_UO763,FXX,0,0.0,0,0,0.0,0,0,0,0.0,0.5,1,P5_CV0,1,2,0,1,1
13,0.11827442586893322,0.6399210213275238,Age0_F13_m13f11_P13_Y15_UO565,RD13_F9_m3f4_P3_Y13_UO169,RD11_F18_m12f6_P12_Y13_UO763,MXY,0,0.0,0,0,0.0,0,0,0,0.0,0.5,1,P5_CV0,1,2,0,1,1
13,0.11827442586893322,0.6399210213275238,Age0_F13_m13f11_P13_Y15_UO567,RD13_F9_m3f4_P3_Y13_UO169,RD11_F18_m12f6_P12_Y13_UO763,FXX,0,0.0,0,0,0.0,0,0,0,0.0,0.5,1,P5_CV0,1,1,1,1,1
13,0.11827442586893322,0.6399210213275238,Age0_F13_m13f18_P13_Y15_UO574,RD13_F14_m9f18_P9_Y13_UO202,R18_F18_m18f12_P18_Y13_UO271,MXY,0,0.0,0,0,0.0,0,0,0,0.0,0.501953125,1,P5_CV0,1,0,2,1,1
13,0.11827442586893322,0.6399210213275238,Age0_F13_m13f18_P13_Y15_UO576,RD13_F14_m9f18_P9_Y13_UO202,R18_F18_m18f12_P18_Y13_UO271,FXX,0,0.0,0,0,0.0,0,0,0,0.0,0.501953125,1,P5_CV0,1,1,1,1,1
13,0.11827442586893322,0.6399210213275238,Age0_F13_m13f18_P13_Y15_UO577,RD13_F14_m9f18_P9_Y13_UO202,R18_F18_m18f12_P18_Y13_UO271,MXY,0,0.0,0,0,0.0,0,0,0,0.0,0.501953125,1,P5_CV0,1,0,2,0,2
13,0.11827442586893322,0.6399210213275238,Age0_F13_m13f18_P13_Y15_UO578,RD13_F14_m9f18_P9_Y13_UO202,R18_F18_m18f12_P18_Y13_UO271,FXX,0,0.0,0,0,0.0,0,0,0,0.0,0.501953125,1,P5_CV0,1,1,1,1,1
13,0.11827442586893322,0.6399210213275238,Age0_F13_m13f17_P13_Y15_UO1224,RD13_F16_m19f17_P19_Y13_UO268,RD17_F3_m3f7_P3_Y13_UO625,FXX,0,0.0,0,0,0.0,0,0,0,0.0,0.537109375,1,P5_CV0,1,1,1,0,2
13,0.11827442586893322,0.6399210213275238,Age0_F13_m13f17_P13_Y15_UO1227,RD13_F16_m19f17_P19_Y13_UO268,RD17_F3_m3f7_P3_Y13_UO625,MXY,0,0.0,0,0,0.0,0,0,0,0.0,0.537109375,1,P5_CV0,1,2,0,1,1
13,0.11827442586893322,0.6399210213275238,R13_F13_m3f16_P3_Y14_UO508,RD3_F1_m11f4_P11_Y12_UO688,R16_F16_m3f13_P3_Y12_UO475,FXX,1,0.0,1,1,1.0,0,0,0,-9999.0,0.55078125,1,P6_CV0,1,0,2,2,0
13,0.11827442586893322,0.6399210213275238,Age0_F13_m13f20_P13_Y15_UO522,RD13_F16_m19f17_P19_Y13_UO268,RD20_F6_m8f1_P8_Y13_UO529,MXY,0,0.0,0,0,0.0,0,0,0,0.0,0.556640625,1,P7_CV0,1,2,0,1,1
13,0.11827442586893322,0.6399210213275238,Age0_F13_m13f20_P13_Y15_UO523,RD13_F16_m19f17_P19_Y13_UO268,RD20_F6_m8f1_P8_Y13_UO529,MXY,0,0.0,0,0,0.0,0,0,0,0.0,0.556640625,1,P7_CV0,1,2,0,0,2
13,0.11827442586893322,0.6399210213275238,Age0_F13_m13f20_P13_Y15_UO524,RD13_F16_m19f17_P19_Y13_UO268,RD20_F6_m8f1_P8_Y13_UO529,MXY,0,0.0,0,0,0.0,0,0,0,0.0,0.556640625,1,P7_CV0,1,2,0,0,2
13,0.11827442586893322,0.6399210213275238,Age0_F13_m13f20_P13_Y15_UO525,RD13_F16_m19f17_P19_Y13_UO268,RD20_F6_m8f1_P8_Y13_UO529,MXY,0,0.0,0,0,0.0,0,0,0,0.0,0.556640625,1,P7_CV0,1,2,0,0,2
13,0.11827442586893322,0.6399210213275238,Age0_F13_m13f20_P13_Y15_UO526,RD13_F16_m19f17_P19_Y13_UO268,RD20_F6_m8f1_P8_Y13_UO529,MXY,0,0.0,0,0,0.0,0,0,0,0.0,0.556640625,1,P7_CV0,1,2,0,1,1
13,0.11827442586893322,0.6399210213275238,R13_F13_m19f1_P19_Y14_UO202,R19_F19_m4f11_P4_Y12_UO1156,RD1_F8_m8f6_P8_Y12_UO383,FXX,1,0.0,1,1,1.0,0,0,0,-9999.0,0.494140625,1,P7_CV0,1,0,2,1,1
13,0.11827442586893322,0.6399210213275238,R13_F13_m12f10_P12_Y14_UO849,R12_F12_m12f18_P12_Y12_UO1166,R10_F10_m14f8_P14_Y12_UO962,FXX,1,0.0,1,1,1.0,0,0,0,-9999.0,0.572265625,1,P7_CV0,1,1,1,0,2
13,0.11827442586893322,0.6399210213275238,R13_F13_m13f9_P13_Y14_UO1213,RD13_F20_m1f3_P1_Y12_UO1041,R9_F9_m13f8_P13_Y12_UO327,MXY,1,0.0,1,1,0.0,0,0,0,-9999.0,0.552734375,1,P7_CV0,1,1,1,1,1
13,0.11827442586893322,0.6399210213275238,R13_F13_m18f4_P18_Y13_UO709,RD18_F14_m14f1_P14_Y11_UO988,RD4_F7_m7f11_P7_Y11_UO956,MXY,2,0.0,1,0,0.0,0,0,0,-9999.0,0.4609375,1,P7_CV0,1,1,1,1,1
13,0.11827442586893322,0.6399210213275238,Age0_F13_m13f4_P13_Y15_UO795,R13_F13_m8f18_P8_Y13_UO689,R4_F4_m7f13_P7_Y13_UO409,FXX,0,0.0,0,0,0.0,0,0,0,0.0,0.486328125,1,P8_CV0,1,1,1,1,1
13,0.11827442586893322,0.6399210213275238,Age0_F13_m13f4_P13_Y15_UO796,R13_F13_m8f18_P8_Y13_UO689,R4_F4_m7f13_P7_Y13_UO409,MXY,0,0.0,0,0,0.0,0,0,0,0.0,0.486328125,1,P8_CV0,1,1,1,1,1
13,0.11827442586893322,0.6399210213275238,Age0_F13_m13f4_P13_Y15_UO797,R13_F13_m8f18_P8_Y13_UO689,R4_F4_m7f13_P7_Y13_UO409,FXX,0,0.0,0,0,0.0,0,0,0,0.0,0.486328125,1,P8_CV0,1,1,1,1,1
13,0.11827442586893322,0.6399210213275238,Age0_F13_m13f4_P13_Y15_UO798,R13_F13_m8f18_P8_Y13_UO689,R4_F4_m7f13_P7_Y13_UO409,MXY,0,0.0,0,0,0.0,0,0,0,0.0,0.486328125,1,P8_CV0,1,1,1,1,1
13,0.11827442586893322,0.6399210213275238,Age0_F13_m13f4_P13_Y15_UO800,R13_F13_m8f18_P8_Y13_UO689,R4_F4_m7f13_P7_Y13_UO409,MXY,0,0.0,0,0,0.0,0,0,0,0.0,0.486328125,1,P8_CV0,1,1,1,1,1
13,0.11827442586893322,0.6399210213275238,Age0_F13_m13f7_P13_Y15_UO1072,R13_F13_m2f16_P2_Y13_UO403,R7_F7_m19f14_P19_Y13_UO1090,FXX,0,0.0,0,0,0.0,0,0,0,0.0,0.478515625,1,P8_CV0,1,2,0,0,2
13,0.11827442586893322,0.6399210213275238,Age0_F13_m13f7_P13_Y15_UO1073,R13_F13_m2f16_P2_Y13_UO403,R7_F7_m19f14_P19_Y13_UO1090,FXX,0,0.0,0,0,0.0,0,0,0,0.0,0.478515625,1,P8_CV0,1,1,1,1,1
13,0.11827442586893322,0.6399210213275238,Age0_F13_m13f7_P13_Y15_UO1074,R13_F13_m2f16_P2_Y13_UO403,R7_F7_m19f14_P19_Y13_UO1090,FXX,0,0.0,0,0,0.0,0,0,0,0.0,0.478515625,1,P8_CV0,1,1,1,1,1
13,0.11827442586893322,0.6399210213275238,Age0_F13_m13f7_P13_Y15_UO1076,R13_F13_m2f16_P2_Y13_UO403,R7_F7_m19f14_P19_Y13_UO1090,MXY,0,0.0,0,0,0.0,0,0,0,0.0,0.478515625,1,P8_CV0,1,1,1,1,1
13,0.11827442586893322,0.6399210213275238,Age0_F13_m13f7_P13_Y15_UO1077,R13_F13_m2f16_P2_Y13_UO403,R7_F7_m19f14_P19_Y13_UO1090,MXY,0,0.0,0,0,0.0,0,0,0,0.0,0.478515625,1,P8_CV0,1,2,0,1,1
13,0.11827442586893322,0.6399210213275238,Age0_F13_m13f1_P13_Y15_UO1165,R13_F13_m8f18_P8_Y13_UO689,R1_F1_m1f12_P1_Y13_UO876,FXX,0,0.0,0,0,0.0,0,0,0,0.0,0.4921875,1,P8_CV0,1,0,2,0,2
13,0.11827442586893322,0.6399210213275238,R13_F13_m16f14_P16_Y14_UO330,R16_F16_m20f16_P20_Y12_UO1275,RD14_F4_m4f5_P4_Y11_UO840,MXY,1,0.0,1,1,0.0,0,0,0,-9999.0,0.490234375,1,P8_CV0,1,1,1,2,0
13,0.11827442586893322,0.6399210213275238,R13_F13_m9f16_P9_Y14_UO827,R9_F9_m6f11_P6_Y12_UO761,R16_F16_m14f11_P14_Y12_UO1181,MXY,1,0.0,1,1,0.0,0,0,0,-9999.0,0.474609375,1,P8_CV0,1,2,0,0,2
13,0.11827442586893322,0.6399210213275238,R13_F13_m8f18_P8_Y13_UO689,RD8_F5_m2f16_P2_Y11_UO1315,RD18_F14_m14f1_P14_Y11_UO991,FXX,2,0.0,1,0,1.0,0,0,0,-9999.0,0.46875,1,P8_CV0,1,0,2,0,2
13,0.11827442586893322,0.6399210213275238,R13_F13_m2f16_P2_Y13_UO403,RD2_F13_m17f4_P17_Y11_UO981,R16_F16_m16f13_P16_Y11_UO230,FXX,2,0.0,1,0,1.0,0,0,0,-9999.0,0.484375,1,P8_CV0,1,2,0,1,1
13,0.11827442586893322,0.6399210213275238,R13_F13_m18f19_P18_Y13_UO1402,R18_F18_m18f11_P18_Y11_UO638,R19_F19_m10f19_P10_Y10_UO684,MXY,2,0.0,1,0,0.0,0,0,0,-9999.0,0.578125,1,P8_CV0,1,2,0,1,1
13,0.11827442586893322,0.6399210213275238,R13_F13_m2f18_P2_Y14_UO1312,R2_F2_m2f16_P2_Y12_UO453,R18_F18_m18f14_P18_Y12_UO753,MXY,1,0.0,1,1,0.0,0,0,0,-9999.0,0.517578125,1,P9_CV0,1,1,1,1,1
13,0.11827442586893322,0.6399210213275238,R13_F13_m3f16_P3_Y14_UO1141,RD3_F1_m11f4_P11_Y12_UO688,R16_F16_m14f11_P14_Y12_UO1181,MXY,1,0.0,1,1,0.0,0,0,0,-9999.0,0.49609375,1,P9_CV0,1,1,1,1,1
14,0.1433532874090464,0.9446689170495839,Age0_F14_m14f13_P14_Y15_UO1238,RD14_F1_m1f11_P1_Y13_UO1136,R13_F13_m13f5_P13_Y13_UO297,FXX,0,0.0,0,0,0.0,0,0,0,0.0,0.470703125,1,P0_CV0,1,0,2,1,1
14,0.1433532874090464,0.9446689170495839,Age0_F14_m14f13_P14_Y15_UO1239,RD14_F1_m1f11_P1_Y13_UO1136,R13_F13_m13f5_P13_Y13_UO297,MXY,0,0.0,0,0,0.0,0,0,0,0.0,0.470703125,1,P0_CV0,1,0,2,1,1
14,0.1433532874090464,0.9446689170495839,Age0_F14_m14f13_P14_Y15_UO1243,RD14_F1_m1f11_P1_Y13_UO1136,R13_F13_m13f5_P13_Y13_UO297,MXY,0,0.0,0,0,0.0,0,0,0,0.0,0.470703125,1,P0_CV0,1,0,2,1,1
14,0.1433532874090464,0.9446689170495839,R14_F14_m1f12_P1_Y14_UO917,RD1_F17_m17f7_P17_Y12_UO15,R12_F12_m12f3_P12_Y12_UO1096,MXY,1,0.0,1,1,0.0,0,0,0,-9999.0,0.537109375,1,P0_CV0,1,1,1,2,0
14,0.1433532874090464,0.9446689170495839,Age0_F14_m14f20_P14_Y15_UO1120,R14_F14_m14f6_P14_Y13_UO34,R20_F20_m16f13_P16_Y13_UO1173,FXX,0,0.0,0,0,0.0,0,0,0,0.0,0.498046875,1,P10_CV0,1,2,0,1,1
14,0.1433532874090464,0.9446689170495839,Age0_F14_m14f20_P14_Y15_UO1121,R14_F14_m14f6_P14_Y13_UO34,R20_F20_m16f13_P16_Y13_UO1173,MXY,0,0.0,0,0,0.0,0,0,0,0.0,0.498046875,1,P10_CV0,1,2,0,1,1
14,0.1433532874090464,0.9446689170495839,Age0_F14_m14f20_P14_Y15_UO1123,R14_F14_m14f6_P14_Y13_UO34,R20_F20_m16f13_P16_Y13_UO1173,FXX,0,0.0,0,0,0.0,0,0,0,0.0,0.498046875,1,P10_CV0,1,2,0,2,0
14,0.1433532874090464,0.9446689170495839,R14_F14_m14f16_P14_Y14_UO557,RD14_F12_m12f15_P12_Y12_UO183,R16_F16_m16f15_P16_Y12_UO1249,MXY,1,0.0,1,1,0.0,0,0,0,-9999.0,0.5390625,1,P10_CV0,1,2,0,0,2
14,0.1433532874090464,0.9446689170495839,R14_F14_m13f19_P13_Y14_UO91,R13_F13_m8f6_P8_Y12_UO372,RD19_F9_m9f6_P9_Y12_UO227,FXX,1,0.0,1,1,1.0,0,0,0,-9999.0,0.49609375,1,P10_CV0,1,1,1,0,2
14,0.1433532874090464,0.9446689170495839,R14_F14_m14f16_P14_Y14_UO562,RD14_F12_m12f15_P12_Y12_UO183,R16_F16_m16f15_P16_Y12_UO1249,MXY,1,0.0,1,1,0.0,0,0,0,-9999.0,0.5390625,1,P10_CV0,1,1,1,2,0
14,0.1433532874090464,0.9446689170495839,R14_F14_m13f4_P13_Y13_UO898,RD13_F11_m11f18_P11_Y11_UO534,RD4_F9_m7f5_P7_Y10_UO603,MXY,2,0.0,1,0,0.0,0,0,0,-9999.0,0.52734375,1,P10_CV0,1,2,0,1,1
14,0.1433532874090464,0.9446689170495839,R14_F14_m20f3_P20_Y13_UO123,RD20_F10_m10f20_P10_Y11_UO690,R3_F3_m7f1_P7_Y11_UO1179,MXY,2,0.0,1,0,0.0,0,0,0,-9999.0,0.50390625,1,P10_CV0,1,1,1,1,1
14,0.1433532874090464,0.9446689170495839,Age0_F14_m14f1_P14_Y15_UO674,R14_F14_m14f6_P14_Y13_UO34,R1_F1_m1f15_P1_Y13_UO421,FXX,0,0.0,0,0,0.0,0,0,0,0.0,0.482421875,1,P11_CV0,1,1,1,2,0
14,0.1433532874090464,0.9446689170495839,Age0_F14_m14f10_P14_Y15_UO937,R14_F14_m14f18_P14_Y13_UO1226,R10_F10_m1f9_P1_Y13_UO444,MXY,0,0.0,0,0,0.0,0,0,0,0.0,0.478515625,1,P11_CV0,1,2,0,0,2
14,0.1433532874090464,0.9446689170495839,Age0_F14_m14f10_P14_Y15_UO938,R14_F14_m14f18_P14_Y13_UO1226,R10_F10_m1f9_P1_Y13_UO444,MXY,0,0.0,0,0,0.0,0,0,0,0.0,0.478515625,1,P11_CV0,1,2,0,2,0
14,0.1433532874090464,0.9446689170495839,R14_F14_m4f12_P4_Y14_UO339,RD4_F17_m18f17_P18_Y12_UO1125,R12_F12_m4f19_P4_Y12_UO1012,FXX,1,0.0,1,1,1.0,0,0,0,-9999.0,0.529296875,1,P11_CV0,1,1,1,1,1
14,0.1433532874090464,0.9446689170495839,Age0_F14_m14f6_P14_Y15_UO1207,R14_F14_m19f1_P19_Y13_UO670,R6_F6_m6f18_P6_Y13_UO1004,FXX,0,0.0,0,0,0.0,0,0,0,0.0,0.501953125,1,P12_CV0,1,0,2,1,1
14,0.1433532874090464,0.9446689170495839,Age0_F14_m14f6_P14_Y15_UO1209,R14_F14_m19f1_P19_Y13_UO670,R6_F6_m6f18_P6_Y13_UO1004,FXX,0,0.0,0,0,0.0,0,0,0,0.0,0.501953125,1,P12_CV0,1,0,2,0,2
14,0.1433532874090464,0.9446689170495839,Age0_F14_m14f6_P14_Y15_UO1211,R14_F14_m19f1_P19_Y13_UO670,R6_F6_m6f18_P6_Y13_UO1004,FXX,0,0.0,0,0,0.0,0,0,0,0.0,0.501953125,1,P12_CV0,1,0,2,0,2
14,0.1433532874090464,0.9446689170495839,Age0_F14_m14f6_P14_Y15_UO1213,R14_F14_m19f1_P19_Y13_UO670,R6_F6_m6f18_P6_Y13_UO1004,FXX,0,0.0,0,0,0.0,0,0,0,0.0,0.501953125,1,P12_CV0,1,0,2,0,2
14,0.1433532874090464,0.9446689170495839,Age0_F14_m14f6_P14_Y15_UO1214,R14_F14_m19f1_P19_Y13_UO670,R6_F6_m6f18_P6_Y13_UO1004,FXX,0,0.0,0,0,0.0,0,0,0,0.0,0.501953125,1,P12_CV0,1,0,2,0,2
14,0.1433532874090464,0.9446689170495839,R14_F14_m11f1_P11_Y14_UO548,RD11_F4_m4f17_P4_Y12_UO1262,RD1_F19_m19f18_P19_Y12_UO118,FXX,1,0.0,1,1,1.0,0,0,0,-9999.0,0.546875,1,P12_CV0,1,0,2,1,1
14,0.1433532874090464,0.9446689170495839,R14_F14_m14f15_P14_Y13_UO277,RD14_F8_m6f11_P6_Y11_UO1260,R15_F15_m12f4_P12_Y11_UO1387,MXY,2,0.0,1,0,0.0,0,0,0,-9999.0,0.53515625,1,P12_CV0,1,1,1,2,0
14,0.1433532874090464,0.9446689170495839,Age0_F14_m14f8_P14_Y15_UO647,R14_F14_m19f1_P19_Y13_UO670,R8_F8_m18f1_P18_Y11_UO353,FXX,0,0.0,0,0,0.0,0,0,0,0.0,0.486328125,1,P13_CV0,1,1,1,1,1
14,0.1433532874090464,0.9446689170495839,Age0_F14_m14f8_P14_Y15_UO648,R14_F14_m19f1_P19_Y13_UO670,R8_F8_m18f1_P18_Y11_UO353,MXY,0,0.0,0,0,0.0,0,0,0,0.0,0.486328125,1,P13_CV0,1,1,1,1,1
14,0.1433532874090464,0.9446689170495839,Age0_F14_m14f10_P14_Y15_UO935,R14_F14_m14f18_P14_Y13_UO1226,R10_F10_m1f9_P1_Y13_UO444,MXY,0,0.0,0,0,0.0,0,0,0,0.0,0.478515625,1,P13_CV0,1,1,1,0,2
14,0.1433532874090464,0.9446689170495839,Age0_F14_m14f10_P14_Y15_UO936,R14_F14_m14f18_P14_Y13_UO1226,R10_F10_m1f9_P1_Y13_UO444,FXX,0,0.0,0,0,0.0,0,0,0,0.0,0.478515625,1,P13_CV0,1,2,0,1,1
14,0.1433532874090464,0.9446689170495839,Age0_F14_m14f6_P14_Y15_UO1206,R14_F14_m19f1_P19_Y13_UO670,R6_F6_m6f18_P6_Y13_UO1004,FXX,0,0.0,0,0,0.0,0,0,0,0.0,0.501953125,1,P13_CV0,1,0,2,0,2
14,0.1433532874090464,0.9446689170495839,Age0_F14_m14f6_P14_Y15_UO1208,R14_F14_m19f1_P19_Y13_UO670,R6_F6_m6f18_P6_Y13_UO1004,FXX,0,0.0,0,0,0.0,0,0,0,0.0,0.501953125,1,P13_CV0,1,0,2,1,1
14,0.1433532874090464,0.9446689170495839,Age0_F14_m14f6_P14_Y15_UO1210,R14_F14_m19f1_P19_Y13_UO670,R6_F6_m6f18_P6_Y13_UO1004,MXY,0,0.0,0,0,0.0,0,0,0,0.0,0.501953125,1,P13_CV0,1,0,2,0,2
14,0.1433532874090464,0.9446689170495839,Age0_F14_m14f6_P14_Y15_UO1212,R14_F14_m19f1_P19_Y13_UO670,R6_F6_m6f18_P6_Y13_UO1004,MXY,0,0.0,0,0,0.0,0,0,0,0.0,0.501953125,1,P13_CV0,1,0,2,0,2
14,0.1433532874090464,0.9446689170495839,R14_F14_m14f17_P14_Y14_UO1207,RD14_F2_m2f12_P2_Y12_UO286,RD17_F1_m1f6_P1_Y12_UO64,FXX,1,0.0,1,1,1.0,0,0,0,-9999.0,0.53125,1,P13_CV0,1,2,0,1,1
14,0.1433532874090464,0.9446689170495839,R14_F14_m14f11_P14_Y14_UO1039,RD14_F2_m2f12_P2_Y12_UO286,RD11_F10_m3f2_P3_Y11_UO1002,MXY,1,0.0,1,1,0.0,0,0,0,-9999.0,0.51953125,1,P13_CV0,1,2,0,2,0
14,0.1433532874090464,0.9446689170495839,R14_F14_m2f11_P2_Y14_UO32,R2_F2_m2f6_P2_Y12_UO895,RD11_F10_m3f2_P3_Y11_UO1002,MXY,1,0.0,1,1,0.0,0,0,0,-9999.0,0.521484375,1,P13_CV0,1,2,0,2,0
14,0.1433532874090464,0.9446689170495839,R14_F14_m14f18_P14_Y13_UO1226,RD14_F3_m3f6_P3_Y11_UO455,RD18_F14_m14f1_P14_Y11_UO991,FXX,2,0.0,1,0,1.0,0,0,0,-9999.0,0.5,1,P13_CV0,1,2,0,1,1
14,0.1433532874090464,0.9446689170495839,R14_F14_m4f3_P4_Y13_UO1157,RD4_F15_m15f1_P15_Y11_UO1025,R3_F3_m4f10_P4_Y11_UO607,FXX,2,0.0,1,0,1.0,0,0,0,-9999.0,0.51953125,1,P13_CV0,1,1,1,1,1
14,0.1433532874090464,0.9446689170495839,R14_F14_m19f1_P19_Y13_UO670,RD19_F15_m2f9_P2_Y11_UO468,RD1_F19_m13f14_P13_Y11_UO14,FXX,2,0.0,1,0,1.0,0,0,0,-9999.0,0.49609375,1,P13_CV0,1,0,2,0,2
14,0.1433532874090464,0.9446689170495839,Age0_F14_m14f1_P14_Y15_UO671,R14_F14_m14f6_P14_Y13_UO34,R1_F1_m1f15_P1_Y13_UO421,MXY,0,0.0,0,0,0.0,0,0,0,0.0,0.482421875,1,P14_CV0,1,1,1,2,0
14,0.1433532874090464,0.9446689170495839,Age0_F14_m14f1_P14_Y15_UO672,R14_F14_m14f6_P14_Y13_UO34,R1_F1_m1f15_P1_Y13_UO421,FXX,0,0.0,0,0,0.0,0,0,0,0.0,0.482421875,1,P14_CV0,1,2,0,2,0
14,0.1433532874090464,0.9446689170495839,Age0_F14_m14f1_P14_Y15_UO673,R14_F14_m14f6_P14_Y13_UO34,R1_F1_m1f15_P1_Y13_UO421,FXX,0,0.0,0,0,0.0,0,0,0,0.0,0.482421875,1,P14_CV0,1,1,1,2,0
14,0.1433532874090464,0.9446689170495839,Age0_F14_m14f1_P14_Y15_UO675,R14_F14_m14f6_P14_Y13_UO34,R1_F1_m1f15_P1_Y13_UO421,FXX,0,0.0,0,0,0.0,0,0,0,0.0,0.482421875,1,P14_CV0,1,1,1,2,0
14,0.1433532874090464,0.9446689170495839,Age0_F14_m14f1_P14_Y15_UO676,R14_F14_m14f6_P14_Y13_UO34,R1_F1_m1f15_P1_Y13_UO421,FXX,0,0.0,0,0,0.0,0,0,0,0.0,0.482421875,1,P14_CV0,1,1,1,2,0
14,0.1433532874090464,0.9446689170495839,Age0_F14_m14f20_P14_Y15_UO1122,R14_F14_m14f6_P14_Y13_UO34,R20_F20_m16f13_P16_Y13_UO1173,MXY,0,0.0,0,0,0.0,0,0,0,0.0,0.498046875,1,P14_CV0,1,1,1,2,0
14,0.1433532874090464,0.9446689170495839,Age0_F14_m14f20_P14_Y15_UO1124,R14_F14_m14f6_P14_Y13_UO34,R20_F20_m16f13_P16_Y13_UO1173,MXY,0,0.0,0,0,0.0,0,0,0,0.0,0.498046875,1,P14_CV0,1,2,0,2,0
14,0.1433532874090464,0.9446689170495839,Age0_F14_m14f20_P14_Y15_UO1125,R14_F14_m14f6_P14_Y13_UO34,R20_F20_m16f13_P16_Y13_UO1173,MXY,0,0.0,0,0,0.0,0,0,0,0.0,0.498046875,1,P14_CV0,1,1,1,1,1
14,0.1433532874090464,0.9446689170495839,Age0_F14_m14f10_P14_Y15_UO248,R14_F14_m14f12_P14_Y13_UO1050,R10_F10_m10f4_P10_Y13_UO1169,MXY,0,0.0,0,0,0.0,0,0,0,0.0,0.470703125,1,P17_CV0,1,1,1,1,1
14,0.1433532874090464,0.9446689170495839,Age0_F14_m14f10_P14_Y15_UO249,R14_F14_m14f12_P14_Y13_UO1050,R10_F10_m10f4_P10_Y13_UO1169,FXX,0,0.0,0,0,0.0,0,0,0,0.0,0.470703125,1,P17_CV0,1,2,0,2,0
14,0.1433532874090464,0.9446689170495839,Age0_F14_m14f10_P14_Y15_UO250,R14_F14_m14f12_P14_Y13_UO1050,R10_F10_m10f4_P10_Y13_UO1169,FXX,0,0.0,0,0,0.0,0,0,0,0.0,0.470703125,1,P17_CV0,1,2,0,1,1
14,0.1433532874090464,0.9446689170495839,Age0_F14_m14f10_P14_Y15_UO252,R14_F14_m14f12_P14_Y13_UO1050,R10_F10_m10f4_P10_Y13_UO1169,FXX,0,0.0,0,0,0.0,0,0,0,0.0,0.470703125,1,P17_CV0,1,2,0,2,0
14,0.1433532874090464,0.9446689170495839,Age0_F14_m14f10_P14_Y15_UO253,R14_F14_m14f12_P14_Y13_UO1050,R10_F10_m10f4_P10_Y13_UO1169,FXX,0,0.0,0,0,0.0,0,0,0,0.0,0.470703125,1,P17_CV0,1,2,0,2,0
14,0.1433532874090464,0.9446689170495839,Age0_F14_m14f13_P14_Y15_UO1394,R14_F14_m14f12_P14_Y13_UO1050,RD13_F18_m18f4_P18_Y13_UO709,MXY,0,0.0,0,0,0.0,0,0,0,0.0,0.47265625,1,P17_CV0,1,0,2,1,1
14,0.1433532874090464,0.9446689170495839,R14_F14_m14f12_P14_Y13_UO1050,R14_F14_m17f15_P17_Y11_UO1249,R12_F12_m4f18_P4_Y11_UO1030,FXX,2,0.0,1,0,1.0,0,0,0,-9999.0,0.484375,1,P17_CV0,1,1,1,2,0
14,0.1433532874090464,0.9446689170495839,R14_F14_m14f7_P14_Y14_UO1133,RD14_F6_m6f12_P6_Y12_UO834,RD7_F2_m5f19_P5_Y12_UO560,FXX,1,0.0,1,1,1.0,0,0,0,-9999.0,0.5546875,1,P19_CV0,1,2,0,0,2
14,0.1433532874090464,0.9446689170495839,R14_F14_m14f3_P14_Y14_UO821,R14_F14_m3f13_P3_Y12_UO951,R3_F3_m2f18_P2_Y12_UO883,MXY,1,0.0,1,1,0.0,0,0,0,-9999.0,0.498046875,1,P19_CV0,1,0,2,1,1
14,0.1433532874090464,0.9446689170495839,R14_F14_m10f20_P10_Y12_UO667,RD10_F1_m1f14_P1_Y10_UO1319,RD20_F9_m9f14_P9_Y10_UO1040,FXX,3,0.0,1,0,1.0,0,0,0,-9999.0,0.56640625,1,P19_CV0,1,0,2,2,0
14,0.1433532874090464,0.9446689170495839,Age0_F14_m14f3_P14_Y15_UO1375,RD14_F1_m1f11_P1_Y13_UO1136,R3_F3_m3f14_P3_Y11_UO1271,FXX,0,0.0,0,0,0.0,0,0,0,0.0,0.451171875,1,P1_CV0,1,0,2,0,2
14,0.1433532874090464,0.9446689170495839,R14_F14_m11f10_P11_Y14_UO586,RD11_F19_m18f20_P18_Y12_UO601,RD10_F18_m9f3_P9_Y12_UO846,MXY,1,0.0,1,1,0.0,0,0,0,-9999.0,0.490234375,1,P2_CV0,1,1,1,1,1
14,0.1433532874090464,0.9446689170495839,R14_F14_m12f2_P12_Y14_UO281,R12_F12_m11f4_P11_Y12_UO691,R2_F2_m19f18_P19_Y12_UO113,FXX,1,0.0,1,1,1.0,0,0,0,-9999.0,0.564453125,1,P2_CV0,1,2,0,0,2
14,0.1433532874090464,0.9446689170495839,R14_F14_m14f9_P14_Y13_UO422,R14_F14_m7f1_P7_Y11_UO1177,RD9_F6_m6f19_P6_Y11_UO80,MXY,2,0.0,1,0,0.0,0,0,0,-9999.0,0.515625,1,P2_CV0,1,1,1,2,0
14,0.1433532874090464,0.9446689170495839,R14_F14_m14f3_P14_Y13_UO722,R14_F14_m9f20_P9_Y11_UO357,R3_F3_m11f20_P11_Y11_UO1278,FXX,2,0.0,1,0,1.0,0,0,0,-9999.0,0.5234375,1,P2_CV0,1,1,1,1,1
14,0.1433532874090464,0.9446689170495839,Age0_F14_m14f4_P14_Y15_UO656,R14_F14_m14f8_P14_Y13_UO1292,R4_F4_m1f14_P1_Y11_UO278,FXX,0,0.0,0,0,0.0,0,0,0,0.0,0.51953125,1,P3_CV0,1,1,1,1,1
14,0.1433532874090464,0.9446689170495839,R14_F14_m10f11_P10_Y14_UO8,RD10_F19_m3f13_P3_Y12_UO939,R11_F11_m11f17_P11_Y12_UO12,FXX,1,0.0,1,1,1.0,0,0,0,-9999.0,0.513671875,1,P3_CV0,1,1,1,1,1
14,0.1433532874090464,0.9446689170495839,Age0_F14_m14f10_P14_Y15_UO251,R14_F14_m14f12_P14_Y13_UO1050,R10_F10_m10f4_P10_Y13_UO1169,MXY,0,0.0,0,0,0.0,0,0,0,0.0,0.470703125,1,P4_CV0,1,2,0,2,0
14,0.1433532874090464,0.9446689170495839,Age0_F14_m14f10_P14_Y15_UO254,R14_F14_m14f12_P14_Y13_UO1050,R10_F10_m10f4_P10_Y13_UO1169,FXX,0,0.0,0,0,0.0,0,0,0,0.0,0.470703125,1,P4_CV0,1,2,0,1,1
14,0.1433532874090464,0.9446689170495839,Age0_F14_m14f13_P14_Y15_UO1240,RD14_F1_m1f11_P1_Y13_UO1136,R13_F13_m13f5_P13_Y13_UO297,FXX,0,0.0,0,0,0.0,0,0,0,0.0,0.470703125,1,P5_CV0,1,0,2,1,1
14,0.1433532874090464,0.9446689170495839,Age0_F14_m14f13_P14_Y15_UO1241,RD14_F1_m1f11_P1_Y13_UO1136,R13_F13_m13f5_P13_Y13_UO297,FXX,0,0.0,0,0,0.0,0,0,0,0.0,0.470703125,1,P5_CV0,1,0,2,1,1
14,0.1433532874090464,0.9446689170495839,Age0_F14_m14f13_P14_Y15_UO1242,RD14_F1_m1f11_P1_Y13_UO1136,R13_F13_m13f5_P13_Y13_UO297,MXY,0,0.0,0,0,0.0,0,0,0,0.0,0.470703125,1,P5_CV0,1,0,2,1,1
14,0.1433532874090464,0.9446689170495839,Age0_F14_m14f13_P14_Y15_UO1244,RD14_F1_m1f11_P1_Y13_UO1136,R13_F13_m13f5_P13_Y13_UO297,MXY,0,0.0,0,0,0.0,0,0,0,0.0,0.470703125,1,P5_CV0,1,0,2,1,1
14,0.1433532874090464,0.9446689170495839,Age0_F14_m14f3_P14_Y15_UO1376,RD14_F1_m1f11_P1_Y13_UO1136,R3_F3_m3f14_P3_Y11_UO1271,MXY,0,0.0,0,0,0.0,0,0,0,0.0,0.451171875,1,P5_CV0,1,1,1,1,1
14,0.1433532874090464,0.9446689170495839,Age0_F14_m14f3_P14_Y15_UO1377,RD14_F1_m1f11_P1_Y13_UO1136,R3_F3_m3f14_P3_Y11_UO1271,FXX,0,0.0,0,0,0.0,0,0,0,0.0,0.451171875,1,P5_CV0,1,0,2,1,1
14,0.1433532874090464,0.9446689170495839,Age0_F14_m14f3_P14_Y15_UO1378,RD14_F1_m1f11_P1_Y13_UO1136,R3_F3_m3f14_P3_Y11_UO1271,FXX,0,0.0,0,0,0.0,0,0,0,0.0,0.451171875,1,P5_CV0,1,0,2,1,1
14,0.1433532874090464,0.9446689170495839,Age0_F14_m14f3_P14_Y15_UO1379,RD14_F1_m1f11_P1_Y13_UO1136,R3_F3_m3f14_P3_Y11_UO1271,MXY,0,0.0,0,0,0.0,0,0,0,0.0,0.451171875,1,P5_CV0,1,1,1,0,2
14,0.1433532874090464,0.9446689170495839,Age0_F14_m14f3_P14_Y15_UO1380,RD14_F1_m1f11_P1_Y13_UO1136,R3_F3_m3f14_P3_Y11_UO1271,FXX,0,0.0,0,0,0.0,0,0,0,0.0,0.451171875,1,P5_CV0,1,0,2,0,2
14,0.1433532874090464,0.9446689170495839,Age0_F14_m14f3_P14_Y15_UO1381,RD14_F1_m1f11_P1_Y13_UO1136,R3_F3_m3f14_P3_Y11_UO1271,MXY,0,0.0,0,0,0.0,0,0,0,0.0,0.451171875,1,P5_CV0,1,1,1,1,1
14,0.1433532874090464,0.9446689170495839,R14_F14_m3f7_P3_Y13_UO874,R3_F3_m3f4_P3_Y11_UO773,RD7_F20_m20f10_P20_Y11_UO38,MXY,2,0.0,1,0,0.0,0,0,0,-9999.0,0.515625,1,P5_CV0,1,1,1,1,1
14,0.1433532874090464,0.9446689170495839,Age0_F14_m14f13_P14_Y15_UO1395,R14_F14_m14f12_P14_Y13_UO1050,RD13_F18_m18f4_P18_Y13_UO709,MXY,0,0.0,0,0,0.0,0,0,0,0.0,0.47265625,1,P7_CV0,1,2,0,1,1
14,0.1433532874090464,0.9446689170495839,Age0_F14_m14f13_P14_Y15_UO1396,R14_F14_m14f12_P14_Y13_UO1050,RD13_F18_m18f4_P18_Y13_UO709,MXY,0,0.0,0,0,0.0,0,0,0,0.0,0.47265625,1,P7_CV0,1,2,0,1,1
14,0.1433532874090464,0.9446689170495839,R14_F14_m6f12_P6_Y14_UO609,RD6_F18_m18f10_P18_Y12_UO293,RD12_F9_m9f12_P9_Y12_UO1085,FXX,1,0.0,1,1,1.0,0,0,0,-9999.0,0.556640625,1,P7_CV0,1,1,1,1,1
14,0.1433532874090464,0.9446689170495839,R14_F14_m4f3_P4_Y13_UO227,RD4_F2_m13f3_P13_Y11_UO658,R3_F3_m6f20_P6_Y11_UO458,MXY,2,0.0,1,0,0.0,0,0,0,-9999.0,0.53515625,1,P7_CV0,1,0,2,0,2
14,0.1433532874090464,0.9446689170495839,Age0_F14_m14f12_P14_Y15_UO585,R14_F14_m14f8_P14_Y13_UO1292,R12_F12_m11f19_P11_Y13_UO883,MXY,0,0.0,0,0,0.0,0,0,0,0.0,0.505859375,1,P8_CV0,1,1,1,1,1
14,0.1433532874090464,0.9446689170495839,Age0_F14_m14f12_P14_Y15_UO586,R14_F14_m14f8_P14_Y13_UO1292,R12_F12_m11f19_P11_Y13_UO883,MXY,0,0.0,0,0,0.0,0,0,0,0.0,0.505859375,1,P8_CV0,1,2,0,0,2
14,0.1433532874090464,0.9446689170495839,Age0_F14_m14f12_P14_Y15_UO587,R14_F14_m14f8_P14_Y13_UO1292,R12_F12_m11f19_P11_Y13_UO883,FXX,0,0.0,0,0,0.0,0,0,0,0.0,0.505859375,1,P8_CV0,1,1,1,2,0
14,0.1433532874090464,0.9446689170495839,Age0_F14_m14f12_P14_Y15_UO588,R14_F14_m14f8_P14_Y13_UO1292,R12_F12_m11f19_P11_Y13_UO883,FXX,0,0.0,0,0,0.0,0,0,0,0.0,0.505859375,1,P8_CV0,1,2,0,1,1
14,0.1433532874090464,0.9446689170495839,Age0_F14_m14f8_P14_Y15_UO645,R14_F14_m19f1_P19_Y13_UO670,R8_F8_m18f1_P18_Y11_UO353,FXX,0,0.0,0,0,0.0,0,0,0,0.0,0.486328125,1,P8_CV0,1,1,1,1,1
14,0.1433532874090464,0.9446689170495839,Age0_F14_m14f8_P14_Y15_UO646,R14_F14_m19f1_P19_Y13_UO670,R8_F8_m18f1_P18_Y11_UO353,MXY,0,0.0,0,0,0.0,0,0,0,0.0,0.486328125,1,P8_CV0,1,1,1,1,1
14,0.1433532874090464,0.9446689170495839,Age0_F14_m14f8_P14_Y15_UO649,R14_F14_m19f1_P19_Y13_UO670,R8_F8_m18f1_P18_Y11_UO353,MXY,0,0.0,0,0,0.0,0,0,0,0.0,0.486328125,1,P8_CV0,1,1,1,1,1
14,0.1433532874090464,0.9446689170495839,Age0_F14_m14f8_P14_Y15_UO650,R14_F14_m19f1_P19_Y13_UO670,R8_F8_m18f1_P18_Y11_UO353,FXX,0,0.0,0,0,0.0,0,0,0,0.0,0.486328125,1,P8_CV0,1,1,1,1,1
14,0.1433532874090464,0.9446689170495839,Age0_F14_m14f4_P14_Y15_UO655,R14_F14_m14f8_P14_Y13_UO1292,R4_F4_m1f14_P1_Y11_UO278,MXY,0,0.0,0,0,0.0,0,0,0,0.0,0.51953125,1,P8_CV0,1,2,0,1,1
14,0.1433532874090464,0.9446689170495839,Age0_F14_m14f4_P14_Y15_UO657,R14_F14_m14f8_P14_Y13_UO1292,R4_F4_m1f14_P1_Y11_UO278,FXX,0,0.0,0,0,0.0,0,0,0,0.0,0.51953125,1,P8_CV0,1,2,0,1,1
14,0.1433532874090464,0.9446689170495839,Age0_F14_m14f4_P14_Y15_UO658,R14_F14_m14f8_P14_Y13_UO1292,R4_F4_m1f14_P1_Y11_UO278,FXX,0,0.0,0,0,0.0,0,0,0,0.0,0.51953125,1,P8_CV0,1,1,1,2,0
14,0.1433532874090464,0.9446689170495839,R14_F14_m14f3_P14_Y14_UO823,R14_F14_m3f13_P3_Y12_UO951,R3_F3_m2f18_P2_Y12_UO883,MXY,1,0.0,1,1,0.0,0,0,0,-9999.0,0.498046875,1,P8_CV0,1,1,1,0,2
14,0.1433532874090464,0.9446689170495839,R14_F14_m3f16_P3_Y14_UO1144,RD3_F1_m11f4_P11_Y12_UO688,R16_F16_m14f11_P14_Y12_UO1181,MXY,1,0.0,1,1,0.0,0,0,0,-9999.0,0.49609375,1,P8_CV0,1,1,1,1,1
14,0.1433532874090464,0.9446689170495839,R14_F14_m14f8_P14_Y14_UO488,RD14_F4_m4f14_P4_Y12_UO851,RD8_F10_m6f15_P6_Y12_UO643,MXY,1,0.0,1,1,0.0,0,0,0,-9999.0,0.568359375,1,P8_CV0,1,1,1,1,1
14,0.1433532874090464,0.9446689170495839,R14_F14_m14f3_P14_Y14_UO820,R14_F14_m3f13_P3_Y12_UO951,R3_F3_m2f18_P2_Y12_UO883,FXX,1,0.0,1,1,1.0,0,0,0,-9999.0,0.498046875,1,P8_CV0,1,1,1,0,2
14,0.1433532874090464,0.9446689170495839,R14_F14_m14f8_P14_Y13_UO1292,R14_F14_m4f8_P4_Y11_UO1018,RD8_F14_m2f17_P2_Y9_UO493,FXX,2,0.0,1,0,1.0,0,0,0,-9999.0,0.515625,1,P8_CV0,1,1,1,1,1
14,0.1433532874090464,0.9446689170495839,R14_F14_m14f9_P14_Y14_UO148,RD14_F2_m2f12_P2_Y12_UO286,RD9_F5_m5f10_P5_Y12_UO626,FXX,1,0.0,1,1,1.0,0,0,0,-9999.0,0.521484375,1,P9_CV0,1,2,0,1,1
14,0.1433532874090464,0.9446689170495839,R14_F14_m6f11_P6_Y14_UO57,RD6_F10_m16f20_P16_Y12_UO1075,R11_F11_m19f4_P19_Y12_UO8,MXY,1,0.0,1,1,0.0,0,0,0,-9999.0,0.609375,1,P9_CV0,1,2,0,1,1
14,0.1433532874090464,0.9446689170495839,R14_F14_m3f19_P3_Y14_UO766,RD3_F1_m11f4_P11_Y12_UO688,RD19_F8_m8f6_P8_Y12_UO375,FXX,1,0.0,1,1,1.0,0,0,0,-9999.0,0.505859375,1,P9_CV0,1,2,0,1,1
14,0.1433532874090464,0.9446689170495839,R14_F14_m16f1_P16_Y13_UO659,R16_F16_m13f19_P13_Y11_UO721,R1_F1_m4f7_P4_Y11_UO300,FXX,2,0.0,1,0,1.0,0,0,0,-9999.0,0.51171875,1,P9_CV0,1,2,0,1,1
14,0.1433532874090464,0.9446689170495839,R14_F14_m9f20_P9_Y11_UO357,RD9_F18_m14f9_P14_Y9_UO590,R20_F20_m14f9_P14_Y8_UO133,FXX,4,0.0,1,0,1.0,0,0,0,-9999.0,0.484375,1,P9_CV0,1,0,2,2,0
15,0.5218483217500717,0.4146619399905236,Age0_F15_m15f18_P15_Y15_UO1112,R15_F15_m15f2_P15_Y13_UO597,R18_F18_m18f20_P18_Y12_UO603,FXX,0,0.0,0,0,0.0,0,0,0,0.0,0.474609375,1,P0_CV0,1,1,1,1,1
15,0.5218483217500717,0.4146619399905236,Age0_F15_m15f18_P15_Y15_UO1115,R15_F15_m15f2_P15_Y13_UO597,R18_F18_m18f20_P18_Y12_UO603,MXY,0,0.0,0,0,0.0,0,0,0,0.0,0.474609375,1,P0_CV0,1,2,0,1,1
15,0.5218483217500717,0.4146619399905236,Age0_F15_m15f18_P15_Y15_UO1116,R15_F15_m15f2_P15_Y13_UO597,R18_F18_m18f20_P18_Y12_UO603,FXX,0,0.0,0,0,0.0,0,0,0,0.0,0.474609375,1,P0_CV0,1,1,1,1,1
15,0.5218483217500717,0.4146619399905236,Age0_F15_m15f6_P15_Y15_UO801,RD15_F6_m19f4_P19_Y13_UO789,R6_F6_m20f3_P20_Y13_UO413,MXY,0,0.0,0,0,0.0,0,0,0,0.0,0.498046875,1,P10_CV0,1,1,1,2,0
15,0.5218483217500717,0.4146619399905236,Age0_F15_m15f6_P15_Y15_UO802,RD15_F6_m19f4_P19_Y13_UO789,R6_F6_m20f3_P20_Y13_UO413,FXX,0,0.0,0,0,0.0,0,0,0,0.0,0.498046875,1,P10_CV0,1,1,1,2,0
15,0.5218483217500717,0.4146619399905236,Age0_F15_m15f6_P15_Y15_UO803,RD15_F6_m19f4_P19_Y13_UO789,R6_F6_m20f3_P20_Y13_UO413,FXX,0,0.0,0,0,0.0,0,0,0,0.0,0.498046875,1,P10_CV0,1,1,1,0,2
15,0.5218483217500717,0.4146619399905236,Age0_F15_m15f6_P15_Y15_UO808,RD15_F6_m19f4_P19_Y13_UO789,R6_F6_m20f3_P20_Y13_UO413,FXX,0,0.0,0,0,0.0,0,0,0,0.0,0.498046875,1,P10_CV0,1,2,0,2,0
15,0.5218483217500717,0.4146619399905236,Age0_F15_m15f6_P15_Y15_UO809,RD15_F6_m19f4_P19_Y13_UO789,R6_F6_m20f3_P20_Y13_UO413,MXY,0,0.0,0,0,0.0,0,0,0,0.0,0.498046875,1,P10_CV0,1,1,1,0,2
15,0.5218483217500717,0.4146619399905236,Age0_F15_m15f2_P15_Y15_UO1039,RD15_F4_m16f5_P16_Y13_UO714,R2_F2_m13f18_P13_Y13_UO964,MXY,0,0.0,0,0,0.0,0,0,0,0.0,0.5078125,1,P10_CV0,1,2,0,0,2
15,0.5218483217500717,0.4146619399905236,Age0_F15_m15f2_P15_Y15_UO1040,RD15_F4_m16f5_P16_Y13_UO714,R2_F2_m13f18_P13_Y13_UO964,FXX,0,0.0,0,0,0.0,0,0,0,0.0,0.5078125,1,P10_CV0,1,1,1,1,1
15,0.5218483217500717,0.4146619399905236,Age0_F15_m15f2_P15_Y15_UO1042,RD15_F4_m16f5_P16_Y13_UO714,R2_F2_m13f18_P13_Y13_UO964,FXX,0,0.0,0,0,0.0,0,0,0,0.0,0.5078125,1,P10_CV0,1,2,0,0,2
15,0.5218483217500717,0.4146619399905236,R15_F15_m2f18_P2_Y14_UO1062,R2_F2_m16f20_P16_Y12_UO1077,R18_F18_m18f17_P18_Y12_UO1129,MXY,1,0.0,1,1,0.0,0,0,0,-9999.0,0.55859375,1,P10_CV0,1,1,1,2,0
15,0.5218483217500717,0.4146619399905236,R15_F15_m16f20_P16_Y14_UO992,R16_F16_m16f15_P16_Y12_UO1247,R20_F20_m20f5_P20_Y11_UO679,MXY,1,0.0,1,1,0.0,0,0,0,-9999.0,0.513671875,1,P10_CV0,1,2,0,0,2
15,0.5218483217500717,0.4146619399905236,R15_F15_m18f5_P18_Y14_UO966,RD18_F13_m16f20_P16_Y12_UO1081,RD5_F11_m11f8_P11_Y12_UO892,FXX,1,0.0,1,1,1.0,0,0,0,-9999.0,0.578125,1,P11_CV0,1,1,1,1,1
15,0.5218483217500717,0.4146619399905236,Age0_F15_m15f2_P15_Y15_UO164,R15_F15_m15f6_P15_Y13_UO429,R2_F2_m2f5_P2_Y13_UO1244,MXY,0,0.0,0,0,0.0,0,0,0,0.0,0.517578125,1,P12_CV0,1,1,1,1,1
15,0.5218483217500717,0.4146619399905236,Age0_F15_m15f20_P15_Y15_UO861,RD15_F7_m7f14_P7_Y13_UO919,RD20_F16_m3f13_P3_Y12_UO475,MXY,0,0.0,0,0,0.0,0,0,0,0.0,0.505859375,1,P12_CV0,1,0,2,1,1
15,0.5218483217500717,0.4146619399905236,Age0_F15_m15f20_P15_Y15_UO863,RD15_F7_m7f14_P7_Y13_UO919,RD20_F16_m3f13_P3_Y12_UO475,MXY,0,0.0,0,0,0.0,0,0,0,0.0,0.505859375,1,P12_CV0,1,1,1,1,1
15,0.5218483217500717,0.4146619399905236,Age0_F15_m15f3_P15_Y15_UO1251,RD15_F16_m9f16_P9_Y13_UO805,R3_F3_m3f17_P3_Y13_UO1026,FXX,0,0.0,0,0,0.0,0,0,0,0.0,0.46875,1,P12_CV0,1,1,1,2,0
15,0.5218483217500717,0.4146619399905236,Age0_F15_m15f3_P15_Y15_UO1253,RD15_F16_m9f16_P9_Y13_UO805,R3_F3_m3f17_P3_Y13_UO1026,FXX,0,0.0,0,0,0.0,0,0,0,0.0,0.46875,1,P12_CV0,1,1,1,1,1
15,0.5218483217500717,0.4146619399905236,Age0_F15_m15f3_P15_Y15_UO1255,RD15_F16_m9f16_P9_Y13_UO805,R3_F3_m3f17_P3_Y13_UO1026,FXX,0,0.0,0,0,0.0,0,0,0,0.0,0.46875,1,P12_CV0,1,1,1,1,1
15,0.5218483217500717,0.4146619399905236,Age0_F15_m15f3_P15_Y15_UO1256,RD15_F16_m9f16_P9_Y13_UO805,R3_F3_m3f17_P3_Y13_UO1026,FXX,0,0.0,0,0,0.0,0,0,0,0.0,0.46875,1,P12_CV0,1,1,1,2,0
15,0.5218483217500717,0.4146619399905236,Age0_F15_m15f3_P15_Y15_UO1258,RD15_F16_m9f16_P9_Y13_UO805,R3_F3_m3f17_P3_Y13_UO1026,MXY,0,0.0,0,0,0.0,0,0,0,0.0,0.46875,1,P12_CV0,1,1,1,1,1
15,0.5218483217500717,0.4146619399905236,R15_F15_m15f8_P15_Y14_UO263,R15_F15_m4f14_P4_Y12_UO854,RD8_F12_m12f10_P12_Y12_UO437,MXY,1,0.0,1,1,0.0,0,0,0,-9999.0,0.5703125,1,P12_CV0,1,2,0,1,1
15,0.5218483217500717,0.4146619399905236,R15_F15_m1f12_P1_Y13_UO1264,RD1_F13_m13f19_P13_Y11_UO717,R12_F12_m12f4_P12_Y11_UO1383,MXY,2,0.0,1,0,0.0,0,0,0,-9999.0,0.5078125,1,P12_CV0,1,1,1,2,0
15,0.5218483217500717,0.4146619399905236,Age0_F15_m15f3_P15_Y15_UO1316,R15_F15_m15f9_P15_Y13_UO376,R3_F3_m13f12_P13_Y13_UO1359,MXY,0,0.0,0,0,0.0,0,0,0,0.0,0.51953125,1,P13_CV0,1,1,1,1,1
15,0.5218483217500717,0.4146619399905236,Age0_F15_m15f3_P15_Y15_UO1317,R15_F15_m15f9_P15_Y13_UO376,R3_F3_m13f12_P13_Y13_UO1359,MXY,0,0.0,0,0,0.0,0,0,0,0.0,0.51953125,1,P13_CV0,1,2,0,1,1
15,0.5218483217500717,0.4146619399905236,Age0_F15_m15f3_P15_Y15_UO1318,R15_F15_m15f9_P15_Y13_UO376,R3_F3_m13f12_P13_Y13_UO1359,FXX,0,0.0,0,0,0.0,0,0,0,0.0,0.51953125,1,P13_CV0,1,0,2,0,2
15,0.5218483217500717,0.4146619399905236,Age0_F15_m15f3_P15_Y15_UO1320,R15_F15_m15f9_P15_Y13_UO376,R3_F3_m13f12_P13_Y13_UO1359,MXY,0,0.0,0,0,0.0,0,0,0,0.0,0.51953125,1,P13_CV0,1,2,0,0,2
15,0.5218483217500717,0.4146619399905236,R15_F15_m15f16_P15_Y14_UO877,RD15_F9_m9f3_P9_Y12_UO849,R16_F16_m15f20_P15_Y11_UO123,FXX,1,0.0,1,1,1.0,0,0,0,-9999.0,0.546875,1,P13_CV0,1,2,0,0,2
15,0.5218483217500717,0.4146619399905236,R15_F15_m18f14_P18_Y14_UO423,R18_F18_m13f6_P13_Y12_UO347,R14_F14_m14f8_P14_Y12_UO963,MXY,1,0.0,1,1,0.0,0,0,0,-9999.0,0.52734375,1,P13_CV0,1,1,1,1,1
15,0.5218483217500717,0.4146619399905236,R15_F15_m14f11_P14_Y12_UO1171,R14_F14_m14f16_P14_Y10_UO917,RD11_F8_m9f13_P9_Y10_UO496,MXY,3,0.0,1,0,0.0,0,0,0,-9999.0,0.46484375,1,P13_CV0,1,1,1,0,2
15,0.5218483217500717,0.4146619399905236,Age0_F15_m15f8_P15_Y15_UO769,R15_F15_m15f1_P15_Y13_UO749,RD8_F16_m9f13_P9_Y13_UO1111,MXY,0,0.0,0,0,0.0,0,0,0,0.0,0.505859375,1,P14_CV0,1,1,1,1,1
15,0.5218483217500717,0.4146619399905236,Age0_F15_m15f13_P15_Y15_UO117,R15_F15_m17f1_P17_Y13_UO842,RD13_F3_m17f6_P17_Y13_UO357,FXX,0,0.0,0,0,0.0,0,0,0,0.0,0.501953125,1,P15_CV0,1,2,0,1,1
15,0.5218483217500717,0.4146619399905236,Age0_F15_m15f13_P15_Y15_UO118,R15_F15_m17f1_P17_Y13_UO842,RD13_F3_m17f6_P17_Y13_UO357,MXY,0,0.0,0,0,0.0,0,0,0,0.0,0.501953125,1,P15_CV0,1,2,0,1,1
15,0.5218483217500717,0.4146619399905236,Age0_F15_m15f13_P15_Y15_UO120,R15_F15_m17f1_P17_Y13_UO842,RD13_F3_m17f6_P17_Y13_UO357,FXX,0,0.0,0,0,0.0,0,0,0,0.0,0.501953125,1,P15_CV0,1,2,0,1,1
15,0.5218483217500717,0.4146619399905236,Age0_F15_m15f6_P15_Y15_UO804,RD15_F6_m19f4_P19_Y13_UO789,R6_F6_m20f3_P20_Y13_UO413,FXX,0,0.0,0,0,0.0,0,0,0,0.0,0.498046875,1,P15_CV0,1,1,1,0,2
15,0.5218483217500717,0.4146619399905236,Age0_F15_m15f6_P15_Y15_UO805,RD15_F6_m19f4_P19_Y13_UO789,R6_F6_m20f3_P20_Y13_UO413,MXY,0,0.0,0,0,0.0,0,0,0,0.0,0.498046875,1,P15_CV0,1,1,1,1,1
15,0.5218483217500717,0.4146619399905236,Age0_F15_m15f6_P15_Y15_UO806,RD15_F6_m19f4_P19_Y13_UO789,R6_F6_m20f3_P20_Y13_UO413,FXX,0,0.0,0,0,0.0,0,0,0,0.0,0.498046875,1,P15_CV0,1,1,1,1,1
15,0.5218483217500717,0.4146619399905236,Age0_F15_m15f6_P15_Y15_UO807,RD15_F6_m19f4_P19_Y13_UO789,R6_F6_m20f3_P20_Y13_UO413,MXY,0,0.0,0,0,0.0,0,0,0,0.0,0.498046875,1,P15_CV0,1,1,1,0,2
15,0.5218483217500717,0.4146619399905236,Age0_F15_m15f2_P15_Y15_UO1041,RD15_F4_m16f5_P16_Y13_UO714,R2_F2_m13f18_P13_Y13_UO964,MXY,0,0.0,0,0,0.0,0,0,0,0.0,0.5078125,1,P15_CV0,1,1,1,0,2
15,0.5218483217500717,0.4146619399905236,Age0_F15_m15f2_P15_Y15_UO844,R15_F15_m15f2_P15_Y13_UO598,R2_F2_m15f7_P15_Y13_UO1062,FXX,0,0.0,0,0,0.0,0,0,0,0.0,0.470703125,1,P16_CV0,1,1,1,1,1
15,0.5218483217500717,0.4146619399905236,Age0_F15_m15f2_P15_Y15_UO846,R15_F15_m15f2_P15_Y13_UO598,R2_F2_m15f7_P15_Y13_UO1062,MXY,0,0.0,0,0,0.0,0,0,0,0.0,0.470703125,1,P16_CV0,1,2,0,0,2
15,0.5218483217500717,0.4146619399905236,Age0_F15_m15f2_P15_Y15_UO847,R15_F15_m15f2_P15_Y13_UO598,R2_F2_m15f7_P15_Y13_UO1062,MXY,0,0.0,0,0,0.0,0,0,0,0.0,0.470703125,1,P16_CV0,1,2,0,0,2
15,0.5218483217500717,0.4146619399905236,Age0_F15_m15f18_P15_Y15_UO1113,R15_F15_m15f2_P15_Y13_UO597,R18_F18_m18f20_P18_Y12_UO603,FXX,0,0.0,0,0,0.0,0,0,0,0.0,0.474609375,1,P16_CV0,1,1,1,1,1
15,0.5218483217500717,0.4146619399905236,Age0_F15_m15f18_P15_Y15_UO1114,R15_F15_m15f2_P15_Y13_UO597,R18_F18_m18f20_P18_Y12_UO603,FXX,0,0.0,0,0,0.0,0,0,0,0.0,0.474609375,1,P16_CV0,1,2,0,1,1
15,0.5218483217500717,0.4146619399905236,R15_F15_m15f2_P15_Y13_UO598,R15_F15_m15f17_P15_Y11_UO95,RD2_F20_m15f2_P15_Y11_UO165,FXX,2,0.0,1,0,1.0,0,0,0,-9999.0,0.4609375,1,P16_CV0,1,1,1,1,1
15,0.5218483217500717,0.4146619399905236,Age0_F15_m15f13_P15_Y15_UO119,R15_F15_m17f1_P17_Y13_UO842,RD13_F3_m17f6_P17_Y13_UO357,FXX,0,0.0,0,0,0.0,0,0,0,0.0,0.501953125,1,P17_CV0,1,2,0,1,1
15,0.5218483217500717,0.4146619399905236,Age0_F15_m15f2_P15_Y15_UO1059,R15_F15_m15f1_P15_Y13_UO749,R2_F2_m5f15_P5_Y13_UO1320,FXX,0,0.0,0,0,0.0,0,0,0,0.0,0.525390625,1,P17_CV0,1,1,1,0,2
15,0.5218483217500717,0.4146619399905236,Age0_F15_m15f17_P15_Y15_UO1301,R15_F15_m15f12_P15_Y13_UO953,R17_F17_m17f15_P17_Y13_UO458,FXX,0,0.0,0,0,0.0,0,0,0,0.0,0.501953125,1,P18_CV0,1,1,1,1,1
15,0.5218483217500717,0.4146619399905236,Age0_F15_m15f17_P15_Y15_UO1302,R15_F15_m15f12_P15_Y13_UO953,R17_F17_m17f15_P17_Y13_UO458,MXY,0,0.0,0,0,0.0,0,0,0,0.0,0.501953125,1,P18_CV0,1,1,1,1,1
15,0.5218483217500717,0.4146619399905236,Age0_F15_m15f17_P15_Y15_UO1303,R15_F15_m15f12_P15_Y13_UO953,R17_F17_m17f15_P17_Y13_UO458,MXY,0,0.0,0,0,0.0,0,0,0,0.0,0.501953125,1,P18_CV0,1,1,1,1,1
15,0.5218483217500717,0.4146619399905236,Age0_F15_m15f17_P15_Y15_UO1305,R15_F15_m15f12_P15_Y13_UO953,R17_F17_m17f15_P17_Y13_UO458,MXY,0,0.0,0,0,0.0,0,0,0,0.0,0.501953125,1,P18_CV0,1,1,1,1,1
15,0.5218483217500717,0.4146619399905236,Age0_F15_m15f12_P15_Y15_UO1201,R15_F15_m1f17_P1_Y13_UO1352,RD12_F3_m3f16_P3_Y13_UO524,MXY,0,0.0,0,0,0.0,0,0,0,0.0,0.46875,1,P19_CV0,1,1,1,2,0
15,0.5218483217500717,0.4146619399905236,Age0_F15_m15f12_P15_Y15_UO1203,R15_F15_m1f17_P1_Y13_UO1352,RD12_F3_m3f16_P3_Y13_UO524,FXX,0,0.0,0,0,0.0,0,0,0,0.0,0.46875,1,P19_CV0,1,1,1,1,1
15,0.5218483217500717,0.4146619399905236,Age0_F15_m15f12_P15_Y15_UO1204,R15_F15_m1f17_P1_Y13_UO1352,RD12_F3_m3f16_P3_Y13_UO524,FXX,0,0.0,0,0,0.0,0,0,0,0.0,0.46875,1,P19_CV0,1,1,1,2,0
15,0.5218483217500717,0.4146619399905236,Age0_F15_m15f12_P15_Y15_UO1205,R15_F15_m1f17_P1_Y13_UO1352,RD12_F3_m3f16_P3_Y13_UO524,MXY,0,0.0,0,0,0.0,0,0,0,0.0,0.46875,1,P19_CV0,1,1,1,2,0
15,0.5218483217500717,0.4146619399905236,Age0_F15_m15f2_P15_Y15_UO845,R15_F15_m15f2_P15_Y13_UO598,R2_F2_m15f7_P15_Y13_UO1062,FXX,0,0.0,0,0,0.0,0,0,0,0.0,0.470703125,1,P1_CV0,1,2,0,0,2
15,0.5218483217500717,0.4146619399905236,Age0_F15_m15f2_P15_Y15_UO848,R15_F15_m15f2_P15_Y13_UO598,R2_F2_m15f7_P15_Y13_UO1062,FXX,0,0.0,0,0,0.0,0,0,0,0.0,0.470703125,1,P1_CV0,1,1,1,0,2
15,0.5218483217500717,0.4146619399905236,Age0_F15_m15f2_P15_Y15_UO162,R15_F15_m15f6_P15_Y13_UO429,R2_F2_m2f5_P2_Y13_UO1244,FXX,0,0.0,0,0,0.0,0,0,0,0.0,0.517578125,1,P2_CV0,1,1,1,0,2
15,0.5218483217500717,0.4146619399905236,Age0_F15_m15f2_P15_Y15_UO163,R15_F15_m15f6_P15_Y13_UO429,R2_F2_m2f5_P2_Y13_UO1244,MXY,0,0.0,0,0,0.0,0,0,0,0.0,0.517578125,1,P2_CV0,1,1,1,0,2
15,0.5218483217500717,0.4146619399905236,Age0_F15_m15f2_P15_Y15_UO165,R15_F15_m15f6_P15_Y13_UO429,R2_F2_m2f5_P2_Y13_UO1244,FXX,0,0.0,0,0,0.0,0,0,0,0.0,0.517578125,1,P2_CV0,1,1,1,1,1
15,0.5218483217500717,0.4146619399905236,Age0_F15_m15f2_P15_Y15_UO166,R15_F15_m15f6_P15_Y13_UO429,R2_F2_m2f5_P2_Y13_UO1244,FXX,0,0.0,0,0,0.0,0,0,0,0.0,0.517578125,1,P2_CV0,1,1,1,0,2
15,0.5218483217500717,0.4146619399905236,Age0_F15_m15f12_P15_Y15_UO1202,R15_F15_m1f17_P1_Y13_UO1352,RD12_F3_m3f16_P3_Y13_UO524,FXX,0,0.0,0,0,0.0,0,0,0,0.0,0.46875,1,P2_CV0,1,1,1,2,0
15,0.5218483217500717,0.4146619399905236,Age0_F15_m15f3_P15_Y15_UO1319,R15_F15_m15f9_P15_Y13_UO376,R3_F3_m13f12_P13_Y13_UO1359,FXX,0,0.0,0,0,0.0,0,0,0,0.0,0.51953125,1,P2_CV0,1,2,0,1,1
15,0.5218483217500717,0.4146619399905236,Age0_F15_m15f3_P15_Y15_UO1321,R15_F15_m15f9_P15_Y13_UO376,R3_F3_m13f12_P13_Y13_UO1359,FXX,0,0.0,0,0,0.0,0,0,0,0.0,0.51953125,1,P2_CV0,1,2,0,0,2
15,0.5218483217500717,0.4146619399905236,Age0_F15_m15f3_P15_Y15_UO1322,R15_F15_m15f9_P15_Y13_UO376,R3_F3_m13f12_P13_Y13_UO1359,FXX,0,0.0,0,0,0.0,0,0,0,0.0,0.51953125,1,P2_CV0,1,1,1,1,1
15,0.5218483217500717,0.4146619399905236,R15_F15_m15f6_P15_Y13_UO429,RD15_F14_m18f13_P18_Y11_UO699,R6_F6_m20f2_P20_Y11_UO446,FXX,2,0.0,1,0,1.0,0,0,0,-9999.0,0.5078125,1,P2_CV0,1,0,2,0,2
15,0.5218483217500717,0.4146619399905236,R15_F15_m1f17_P1_Y13_UO1352,R1_F1_m16f9_P16_Y11_UO1125,R17_F17_m18f3_P18_Y11_UO1078,FXX,2,0.0,1,0,1.0,0,0,0,-9999.0,0.484375,1,P2_CV0,1,0,2,2,0
15,0.5218483217500717,0.4146619399905236,Age0_F15_m15f20_P15_Y15_UO89,R15_F15_m15f12_P15_Y13_UO953,RD20_F5_m19f8_P19_Y13_UO396,MXY,0,0.0,0,0,0.0,0,0,0,0.0,0.517578125,1,P3_CV0,1,0,2,1,1
15,0.5218483217500717,0.4146619399905236,Age0_F15_m15f20_P15_Y15_UO90,R15_F15_m15f12_P15_Y13_UO953,RD20_F5_m19f8_P19_Y13_UO396,FXX,0,0.0,0,0,0.0,0,0,0,0.0,0.517578125,1,P3_CV0,1,0,2,1,1
15,0.5218483217500717,0.4146619399905236,Age0_F15_m15f20_P15_Y15_UO91,R15_F15_m15f12_P15_Y13_UO953,RD20_F5_m19f8_P19_Y13_UO396,FXX,0,0.0,0,0,0.0,0,0,0,0.0,0.517578125,1,P3_CV0,1,1,1,2,0
15,0.5218483217500717,0.4146619399905236,Age0_F15_m15f20_P15_Y15_UO92,R15_F15_m15f12_P15_Y13_UO953,RD20_F5_m19f8_P19_Y13_UO396,MXY,0,0.0,0,0,0.0,0,0,0,0.0,0.517578125,1,P3_CV0,1,1,1,1,1
15,0.5218483217500717,0.4146619399905236,Age0_F15_m15f20_P15_Y15_UO93,R15_F15_m15f12_P15_Y13_UO953,RD20_F5_m19f8_P19_Y13_UO396,MXY,0,0.0,0,0,0.0,0,0,0,0.0,0.517578125,1,P3_CV0,1,0,2,2,0
15,0.5218483217500717,0.4146619399905236,Age0_F15_m15f20_P15_Y15_UO94,R15_F15_m15f12_P15_Y13_UO953,RD20_F5_m19f8_P19_Y13_UO396,FXX,0,0.0,0,0,0.0,0,0,0,0.0,0.517578125,1,P3_CV0,1,1,1,2,0
15,0.5218483217500717,0.4146619399905236,Age0_F15_m15f20_P15_Y15_UO95,R15_F15_m15f12_P15_Y13_UO953,RD20_F5_m19f8_P19_Y13_UO396,MXY,0,0.0,0,0,0.0,0,0,0,0.0,0.517578125,1,P3_CV0,1,0,2,2,0
15,0.5218483217500717,0.4146619399905236,Age0_F15_m15f17_P15_Y15_UO1304,R15_F15_m15f12_P15_Y13_UO953,R17_F17_m17f15_P17_Y13_UO458,FXX,0,0.0,0,0,0.0,0,0,0,0.0,0.501953125,1,P3_CV0,1,1,1,1,1
15,0.5218483217500717,0.4146619399905236,R15_F15_m15f12_P15_Y13_UO953,RD15_F18_m14f5_P14_Y11_UO1336,R12_F12_m20f9_P20_Y11_UO1016,FXX,2,0.0,1,0,1.0,0,0,0,-9999.0,0.53125,1,P3_CV0,1,0,2,2,0
15,0.5218483217500717,0.4146619399905236,R15_F15_m3f2_P3_Y13_UO577,RD3_F1_m4f7_P4_Y11_UO297,RD2_F8_m8f1_P8_Y11_UO217,MXY,2,0.0,1,0,0.0,0,0,0,-9999.0,0.53515625,1,P3_CV0,1,1,1,1,1
15,0.5218483217500717,0.4146619399905236,R15_F15_m15f18_P15_Y14_UO172,R15_F15_m19f18_P19_Y12_UO1004,RD18_F8_m8f6_P8_Y12_UO387,MXY,1,0.0,1,1,0.0,0,0,0,-9999.0,0.525390625,1,P5_CV0,1,2,0,1,1
15,0.5218483217500717,0.4146619399905236,R15_F15_m19f11_P19_Y13_UO557,R19_F19_m19f7_P19_Y11_UO943,RD11_F3_m3f4_P3_Y11_UO774,MXY,2,0.0,1,0,0.0,0,0,0,-9999.0,0.52734375,1,P5_CV0,1,0,2,1,1
15,0.5218483217500717,0.4146619399905236,Age0_F15_m15f20_P15_Y15_UO860,RD15_F7_m7f14_P7_Y13_UO919,RD20_F16_m3f13_P3_Y12_UO475,FXX,0,0.0,0,0,0.0,0,0,0,0.0,0.505859375,1,P6_CV0,1,1,1,1,1
15,0.5218483217500717,0.4146619399905236,Age0_F15_m15f20_P15_Y15_UO862,RD15_F7_m7f14_P7_Y13_UO919,RD20_F16_m3f13_P3_Y12_UO475,MXY,0,0.0,0,0,0.0,0,0,0,0.0,0.505859375,1,P6_CV0,1,1,1,1,1
15,0.5218483217500717,0.4146619399905236,Age0_F15_m15f20_P15_Y15_UO864,RD15_F7_m7f14_P7_Y13_UO919,RD20_F16_m3f13_P3_Y12_UO475,FXX,0,0.0,0,0,0.0,0,0,0,0.0,0.505859375,1,P6_CV0,1,0,2,1,1
15,0.5218483217500717,0.4146619399905236,Age0_F15_m15f3_P15_Y15_UO969,R15_F15_m6f1_P6_Y13_UO72,R3_F3_m10f7_P10_Y12_UO258,MXY,0,0.0,0,0,0.0,0,0,0,0.0,0.513671875,1,P6_CV0,1,1,1,1,1
15,0.5218483217500717,0.4146619399905236,Age0_F15_m15f3_P15_Y15_UO970,R15_F15_m6f1_P6_Y13_UO72,R3_F3_m10f7_P10_Y12_UO258,FXX,0,0.0,0,0,0.0,0,0,0,0.0,0.513671875,1,P6_CV0,1,1,1,1,1
15,0.5218483217500717,0.4146619399905236,R15_F15_m15f14_P15_Y13_UO323,R15_F15_m4f8_P4_Y11_UO1019,R14_F14_m1f12_P1_Y8_UO981,MXY,2,0.0,1,0,0.0,0,0,0,-9999.0,0.53125,1,P6_CV0,1,1,1,1,1
15,0.5218483217500717,0.4146619399905236,R15_F15_m11f10_P11_Y13_UO1393,R11_F11_m20f5_P20_Y11_UO677,RD10_F14_m20f10_P20_Y11_UO487,MXY,2,0.0,1,0,0.0,0,0,0,-9999.0,0.50390625,1,P7_CV0,1,2,0,1,1
15,0.5218483217500717,0.4146619399905236,Age0_F15_m15f8_P15_Y15_UO767,R15_F15_m15f1_P15_Y13_UO749,RD8_F16_m9f13_P9_Y13_UO1111,MXY,0,0.0,0,0,0.0,0,0,0,0.0,0.505859375,1,P8_CV0,1,1,1,1,1
15,0.5218483217500717,0.4146619399905236,Age0_F15_m15f8_P15_Y15_UO768,R15_F15_m15f1_P15_Y13_UO749,RD8_F16_m9f13_P9_Y13_UO1111,FXX,0,0.0,0,0,0.0,0,0,0,0.0,0.505859375,1,P8_CV0,1,2,0,0,2
15,0.5218483217500717,0.4146619399905236,Age0_F15_m15f8_P15_Y15_UO770,R15_F15_m15f1_P15_Y13_UO749,RD8_F16_m9f13_P9_Y13_UO1111,FXX,0,0.0,0,0,0.0,0,0,0,0.0,0.505859375,1,P8_CV0,1,2,0,1,1
15,0.5218483217500717,0.4146619399905236,Age0_F15_m15f2_P15_Y15_UO1060,R15_F15_m15f1_P15_Y13_UO749,R2_F2_m5f15_P5_Y13_UO1320,MXY,0,0.0,0,0,0.0,0,0,0,0.0,0.525390625,1,P8_CV0,1,0,2,0,2
15,0.5218483217500717,0.4146619399905236,Age0_F15_m15f2_P15_Y15_UO1061,R15_F15_m15f1_P15_Y13_UO749,R2_F2_m5f15_P5_Y13_UO1320,MXY,0,0.0,0,0,0.0,0,0,0,0.0,0.525390625,1,P8_CV0,1,0,2,0,2
15,0.5218483217500717,0.4146619399905236,R15_F15_m6f1_P6_Y13_UO72,RD6_F3_m18f11_P18_Y11_UO637,RD1_F13_m13f14_P13_Y11_UO502,FXX,2,0.0,1,0,1.0,0,0,0,-9999.0,0.48828125,1,P8_CV0,1,2,0,2,0
15,0.5218483217500717,0.4146619399905236,Age0_F15_m15f3_P15_Y15_UO1252,RD15_F16_m9f16_P9_Y13_UO805,R3_F3_m3f17_P3_Y13_UO1026,FXX,0,0.0,0,0,0.0,0,0,0,0.0,0.46875,1,P9_CV0,1,1,1,2,0
15,0.5218483217500717,0.4146619399905236,Age0_F15_m15f3_P15_Y15_UO1254,RD15_F16_m9f16_P9_Y13_UO805,R3_F3_m3f17_P3_Y13_UO1026,FXX,0,0.0,0,0,0.0,0,0,0,0.0,0.46875,1,P9_CV0,1,1,1,2,0
15,0.5218483217500717,0.4146619399905236,Age0_F15_m15f3_P15_Y15_UO1257,RD15_F16_m9f16_P9_Y13_UO805,R3_F3_m3f17_P3_Y13_UO1026,MXY,0,0.0,0,0,0.0,0,0,0,0.0,0.46875,1,P9_CV0,1,1,1,1,1
15,0.5218483217500717,0.4146619399905236,Age0_F15_m15f3_P15_Y15_UO1259,RD15_F16_m9f16_P9_Y13_UO805,R3_F3_m3f17_P3_Y13_UO1026,MXY,0,0.0,0,0,0.0,0,0,0,0.0,0.46875,1,P9_CV0,1,1,1,2,0
15,0.5218483217500717,0.4146619399905236,Age0_F15_m15f3_P15_Y15_UO1260,RD15_F16_m9f16_P9_Y13_UO805,R3_F3_m3f17_P3_Y13_UO1026,MXY,0,0.0,0,0,0.0,0,0,0,0.0,0.46875,1,P9_CV0,1,1,1,1,1
15,0.5218483217500717,0.4146619399905236,R15_F15_m15f16_P15_Y14_UO896,RD15_F9_m9f3_P9_Y12_UO849,R16_F16_m15f20_P15_Y11_UO123,FXX,1,0.0,1,1,1.0,0,0,0,-9999.0,0.546875,1,P9_CV0,1,2,0,1,1
15,0.5218483217500717,0.4146619399905236,R15_F15_m15f16_P15_Y14_UO888,RD15_F9_m9f3_P9_Y12_UO849,R16_F16_m15f20_P15_Y11_UO123,FXX,1,0.0,1,1,1.0,0,0,0,-9999.0,0.546875,1,P9_CV0,1,2,0,1,1
16,0.26455561210462697,0.7742336894342167,Age0_F16_m16f18_P16_Y15_UO260,RD16_F8_m8f9_P8_Y13_UO1150,R18_F18_m18f20_P18_Y12_UO603,MXY,0,0.0,0,0,0.0,0,0,0,0.0,0.498046875,1,P0_CV0,1,1,1,1,1
16,0.26455561210462697,0.7742336894342167,Age0_F16_m16f18_P16_Y15_UO261,RD16_F8_m8f9_P8_Y13_UO1150,R18_F18_m18f20_P18_Y12_UO603,FXX,0,0.0,0,0,0.0,0,0,0,0.0,0.498046875,1,P0_CV0,1,1,1,0,2
16,0.26455561210462697,0.7742336894342167,Age0_F16_m16f18_P16_Y15_UO262,RD16_F8_m8f9_P8_Y13_UO1150,R18_F18_m18f20_P18_Y12_UO603,MXY,0,0.0,0,0,0.0,0,0,0,0.0,0.498046875,1,P0_CV0,1,2,0,0,2
16,0.26455561210462697,0.7742336894342167,Age0_F16_m16f18_P16_Y15_UO264,RD16_F8_m8f9_P8_Y13_UO1150,R18_F18_m18f20_P18_Y12_UO603,FXX,0,0.0,0,0,0.0,0,0,0,0.0,0.498046875,1,P0_CV0,1,2,0,0,2
16,0.26455561210462697,0.7742336894342167,Age0_F16_m16f14_P16_Y15_UO1178,R16_F16_m16f4_P16_Y13_UO1045,RD14_F18_m19f1_P19_Y13_UO667,MXY,0,0.0,0,0,0.0,0,0,0,0.0,0.484375,1,P10_CV0,1,2,0,1,1
16,0.26455561210462697,0.7742336894342167,Age0_F16_m16f14_P16_Y15_UO1179,R16_F16_m16f4_P16_Y13_UO1045,RD14_F18_m19f1_P19_Y13_UO667,FXX,0,0.0,0,0,0.0,0,0,0,0.0,0.484375,1,P10_CV0,1,0,2,1,1
16,0.26455561210462697,0.7742336894342167,Age0_F16_m16f14_P16_Y15_UO1180,R16_F16_m16f4_P16_Y13_UO1045,RD14_F18_m19f1_P19_Y13_UO667,MXY,0,0.0,0,0,0.0,0,0,0,0.0,0.484375,1,P10_CV0,1,1,1,1,1
16,0.26455561210462697,0.7742336894342167,R16_F16_m3f19_P3_Y14_UO759,RD3_F1_m11f4_P11_Y12_UO688,RD19_F8_m8f6_P8_Y12_UO375,MXY,1,0.0,1,1,0.0,0,0,0,-9999.0,0.505859375,1,P10_CV0,1,2,0,1,1
16,0.26455561210462697,0.7742336894342167,R16_F16_m16f20_P16_Y14_UO993,R16_F16_m16f15_P16_Y12_UO1247,R20_F20_m20f5_P20_Y11_UO679,FXX,1,0.0,1,1,1.0,0,0,0,-9999.0,0.513671875,1,P10_CV0,1,2,0,0,2
16,0.26455561210462697,0.7742336894342167,R16_F16_m1f19_P1_Y14_UO724,RD1_F19_m3f13_P3_Y12_UO480,RD19_F8_m8f6_P8_Y12_UO375,FXX,1,0.0,1,1,1.0,0,0,0,-9999.0,0.529296875,1,P10_CV0,1,2,0,0,2
16,0.26455561210462697,0.7742336894342167,R16_F16_m16f20_P16_Y14_UO1003,R16_F16_m16f15_P16_Y12_UO1247,R20_F20_m20f5_P20_Y11_UO679,MXY,1,0.0,1,1,0.0,0,0,0,-9999.0,0.513671875,1,P10_CV0,1,1,1,0,2
16,0.26455561210462697,0.7742336894342167,R16_F16_m13f14_P13_Y13_UO752,RD13_F12_m12f4_P12_Y11_UO1385,RD14_F5_m11f1_P11_Y10_UO461,MXY,2,0.0,1,0,0.0,0,0,0,-9999.0,0.5625,1,P10_CV0,1,2,0,0,2
16,0.26455561210462697,0.7742336894342167,Age0_F16_m16f12_P16_Y15_UO366,RD16_F13_m13f5_P13_Y13_UO300,R12_F12_m19f5_P19_Y13_UO929,MXY,0,0.0,0,0,0.0,0,0,0,0.0,0.5078125,1,P11_CV0,1,1,1,1,1
16,0.26455561210462697,0.7742336894342167,Age0_F16_m16f12_P16_Y15_UO367,RD16_F13_m13f5_P13_Y13_UO300,R12_F12_m19f5_P19_Y13_UO929,MXY,0,0.0,0,0,0.0,0,0,0,0.0,0.5078125,1,P11_CV0,1,0,2,2,0
16,0.26455561210462697,0.7742336894342167,Age0_F16_m16f12_P16_Y15_UO368,RD16_F13_m13f5_P13_Y13_UO300,R12_F12_m19f5_P19_Y13_UO929,MXY,0,0.0,0,0,0.0,0,0,0,0.0,0.5078125,1,P11_CV0,1,0,2,2,0
16,0.26455561210462697,0.7742336894342167,R16_F16_m5f9_P5_Y14_UO740,R5_F5_m5f11_P5_Y12_UO685,R9_F9_m20f5_P20_Y10_UO450,MXY,1,0.0,1,1,0.0,0,0,0,-9999.0,0.53125,1,P11_CV0,1,1,1,1,1
16,0.26455561210462697,0.7742336894342167,R16_F16_m9f10_P9_Y14_UO186,R9_F9_m9f3_P9_Y12_UO845,R10_F10_m20f4_P20_Y12_UO449,FXX,1,0.0,1,1,1.0,0,0,0,-9999.0,0.517578125,1,P11_CV0,1,2,0,0,2
16,0.26455561210462697,0.7742336894342167,R16_F16_m5f7_P5_Y12_UO916,RD5_F19_m11f10_P11_Y10_UO793,RD7_F8_m8f10_P8_Y10_UO285,FXX,3,0.0,1,0,1.0,0,0,0,-9999.0,0.4609375,1,P11_CV0,1,0,2,1,1
16,0.26455561210462697,0.7742336894342167,Age0_F16_m16f7_P16_Y15_UO636,RD16_F8_m8f9_P8_Y13_UO1150,R7_F7_m7f14_P7_Y13_UO920,FXX,0,0.0,0,0,0.0,0,0,0,0.0,0.47265625,1,P12_CV0,1,1,1,0,2
16,0.26455561210462697,0.7742336894342167,Age0_F16_m16f7_P16_Y15_UO637,RD16_F8_m8f9_P8_Y13_UO1150,R7_F7_m7f14_P7_Y13_UO920,FXX,0,0.0,0,0,0.0,0,0,0,0.0,0.47265625,1,P12_CV0,1,1,1,0,2
16,0.26455561210462697,0.7742336894342167,Age0_F16_m16f7_P16_Y15_UO641,RD16_F8_m8f9_P8_Y13_UO1150,R7_F7_m7f14_P7_Y13_UO920,MXY,0,0.0,0,0,0.0,0,0,0,0.0,0.47265625,1,P12_CV0,1,1,1,0,2
16,0.26455561210462697,0.7742336894342167,Age0_F16_m16f12_P16_Y15_UO1189,RD16_F6_m13f14_P13_Y13_UO755,R12_F12_m11f19_P11_Y13_UO883,FXX,0,0.0,0,0,0.0,0,0,0,0.0,0.529296875,1,P12_CV0,1,2,0,1,1
16,0.26455561210462697,0.7742336894342167,Age0_F16_m16f12_P16_Y15_UO1191,RD16_F6_m13f14_P13_Y13_UO755,R12_F12_m11f19_P11_Y13_UO883,FXX,0,0.0,0,0,0.0,0,0,0,0.0,0.529296875,1,P12_CV0,1,1,1,1,1
16,0.26455561210462697,0.7742336894342167,Age0_F16_m16f12_P16_Y15_UO1192,RD16_F6_m13f14_P13_Y13_UO755,R12_F12_m11f19_P11_Y13_UO883,FXX,0,0.0,0,0,0.0,0,0,0,0.0,0.529296875,1,P12_CV0,1,1,1,1,1
16,0.26455561210462697,0.7742336894342167,R16_F16_m15f5_P15_Y14_UO486,R15_F15_m4f14_P4_Y12_UO854,RD5_F11_m11f8_P11_Y12_UO892,FXX,1,0.0,1,1,1.0,0,0,0,-9999.0,0.5703125,1,P12_CV0,1,2,0,1,1
16,0.26455561210462697,0.7742336894342167,R16_F16_m13f14_P13_Y13_UO755,RD13_F12_m12f4_P12_Y11_UO1385,RD14_F5_m11f1_P11_Y10_UO461,FXX,2,0.0,1,0,1.0,0,0,0,-9999.0,0.5625,1,P12_CV0,1,1,1,0,2
16,0.26455561210462697,0.7742336894342167,Age0_F16_m16f12_P16_Y15_UO369,RD16_F13_m13f5_P13_Y13_UO300,R12_F12_m19f5_P19_Y13_UO929,FXX,0,0.0,0,0,0.0,0,0,0,0.0,0.5078125,1,P13_CV0,1,1,1,1,1
16,0.26455561210462697,0.7742336894342167,Age0_F16_m16f10_P16_Y15_UO715,RD16_F12_m12f1_P12_Y13_UO438,RD10_F4_m4f16_P4_Y13_UO774,FXX,0,0.0,0,0,0.0,0,0,0,0.0,0.505859375,1,P13_CV0,1,1,1,2,0
16,0.26455561210462697,0.7742336894342167,Age0_F16_m16f10_P16_Y15_UO716,RD16_F12_m12f1_P12_Y13_UO438,RD10_F4_m4f16_P4_Y13_UO774,MXY,0,0.0,0,0,0.0,0,0,0,0.0,0.505859375,1,P13_CV0,1,1,1,1,1
16,0.26455561210462697,0.7742336894342167,Age0_F16_m16f10_P16_Y15_UO717,RD16_F12_m12f1_P12_Y13_UO438,RD10_F4_m4f16_P4_Y13_UO774,MXY,0,0.0,0,0,0.0,0,0,0,0.0,0.505859375,1,P13_CV0,1,1,1,1,1
16,0.26455561210462697,0.7742336894342167,Age0_F16_m16f10_P16_Y15_UO718,RD16_F12_m12f1_P12_Y13_UO438,RD10_F4_m4f16_P4_Y13_UO774,FXX,0,0.0,0,0,0.0,0,0,0,0.0,0.505859375,1,P13_CV0,1,1,1,1,1
16,0.26455561210462697,0.7742336894342167,R16_F16_m16f14_P16_Y14_UO331,R16_F16_m20f16_P20_Y12_UO1275,RD14_F4_m4f5_P4_Y11_UO840,FXX,1,0.0,1,1,1.0,0,0,0,-9999.0,0.490234375,1,P13_CV0,1,0,2,0,2
16,0.26455561210462697,0.7742336894342167,R16_F16_m16f14_P16_Y14_UO328,R16_F16_m20f16_P20_Y12_UO1275,RD14_F4_m4f5_P4_Y11_UO840,MXY,1,0.0,1,1,0.0,0,0,0,-9999.0,0.490234375,1,P13_CV0,1,1,1,0,2
16,0.26455561210462697,0.7742336894342167,R16_F16_m13f5_P13_Y13_UO300,RD13_F18_m15f11_P15_Y11_UO258,R5_F5_m5f19_P5_Y11_UO584,FXX,2,0.0,1,0,1.0,0,0,0,-9999.0,0.5,1,P13_CV0,1,0,2,1,1
16,0.26455561210462697,0.7742336894342167,Age0_F16_m16f19_P16_Y15_UO614,RD16_F17_m10f13_P10_Y13_UO820,RD19_F9_m9f13_P9_Y13_UO1118,FXX,0,0.0,0,0,0.0,0,0,0,0.0,0.490234375,1,P14_CV0,1,2,0,0,2
16,0.26455561210462697,0.7742336894342167,Age0_F16_m16f19_P16_Y15_UO616,RD16_F17_m10f13_P10_Y13_UO820,RD19_F9_m9f13_P9_Y13_UO1118,MXY,0,0.0,0,0,0.0,0,0,0,0.0,0.490234375,1,P14_CV0,1,2,0,0,2
16,0.26455561210462697,0.7742336894342167,Age0_F16_m16f19_P16_Y15_UO617,RD16_F17_m10f13_P10_Y13_UO820,RD19_F9_m9f13_P9_Y13_UO1118,MXY,0,0.0,0,0,0.0,0,0,0,0.0,0.490234375,1,P14_CV0,1,2,0,1,1
16,0.26455561210462697,0.7742336894342167,R16_F16_m16f13_P16_Y13_UO262,RD16_F17_m17f7_P17_Y11_UO273,RD13_F15_m1f19_P1_Y11_UO462,FXX,2,0.0,1,0,1.0,0,0,0,-9999.0,0.50390625,1,P14_CV0,1,1,1,1,1
16,0.26455561210462697,0.7742336894342167,Age0_F16_m16f12_P16_Y15_UO1154,R16_F16_m4f5_P4_Y13_UO100,R12_F12_m11f19_P11_Y13_UO883,FXX,0,0.0,0,0,0.0,0,0,0,0.0,0.478515625,1,P15_CV0,1,1,1,1,1
16,0.26455561210462697,0.7742336894342167,Age0_F16_m16f12_P16_Y15_UO1155,R16_F16_m4f5_P4_Y13_UO100,R12_F12_m11f19_P11_Y13_UO883,FXX,0,0.0,0,0,0.0,0,0,0,0.0,0.478515625,1,P15_CV0,1,1,1,1,1
16,0.26455561210462697,0.7742336894342167,Age0_F16_m16f12_P16_Y15_UO1158,R16_F16_m4f5_P4_Y13_UO100,R12_F12_m11f19_P11_Y13_UO883,FXX,0,0.0,0,0,0.0,0,0,0,0.0,0.478515625,1,P15_CV0,1,1,1,2,0
16,0.26455561210462697,0.7742336894342167,Age0_F16_m16f12_P16_Y15_UO1159,R16_F16_m4f5_P4_Y13_UO100,R12_F12_m11f19_P11_Y13_UO883,FXX,0,0.0,0,0,0.0,0,0,0,0.0,0.478515625,1,P15_CV0,1,1,1,1,1
16,0.26455561210462697,0.7742336894342167,R16_F16_m4f5_P4_Y13_UO100,RD4_F5_m5f10_P5_Y11_UO1320,R5_F5_m7f20_P7_Y11_UO688,FXX,2,0.0,1,0,1.0,0,0,0,-9999.0,0.4609375,1,P15_CV0,1,0,2,1,1
16,0.26455561210462697,0.7742336894342167,Age0_F16_m16f10_P16_Y15_UO712,RD16_F12_m12f1_P12_Y13_UO438,RD10_F4_m4f16_P4_Y13_UO774,FXX,0,0.0,0,0,0.0,0,0,0,0.0,0.505859375,1,P17_CV0,1,1,1,1,1
16,0.26455561210462697,0.7742336894342167,Age0_F16_m16f10_P16_Y15_UO713,RD16_F12_m12f1_P12_Y13_UO438,RD10_F4_m4f16_P4_Y13_UO774,MXY,0,0.0,0,0,0.0,0,0,0,0.0,0.505859375,1,P17_CV0,1,1,1,1,1
16,0.26455561210462697,0.7742336894342167,Age0_F16_m16f10_P16_Y15_UO714,RD16_F12_m12f1_P12_Y13_UO438,RD10_F4_m4f16_P4_Y13_UO774,FXX,0,0.0,0,0,0.0,0,0,0,0.0,0.505859375,1,P17_CV0,1,1,1,1,1
16,0.26455561210462697,0.7742336894342167,R16_F16_m19f12_P19_Y14_UO679,RD19_F7_m19f18_P19_Y12_UO116,R12_F12_m12f3_P12_Y12_UO1096,MXY,1,0.0,1,1,0.0,0,0,0,-9999.0,0.54296875,1,P17_CV0,1,0,2,1,1
16,0.26455561210462697,0.7742336894342167,R16_F16_m4f16_P4_Y13_UO829,R4_F4_m6f15_P6_Y11_UO1409,R16_F16_m11f7_P11_Y11_UO437,MXY,2,0.0,1,0,0.0,0,0,0,-9999.0,0.5234375,1,P17_CV0,1,1,1,0,2
16,0.26455561210462697,0.7742336894342167,R16_F16_m12f8_P12_Y12_UO1141,R12_F12_m12f6_P12_Y10_UO1141,RD8_F12_m12f2_P12_Y9_UO1070,MXY,3,0.0,1,0,0.0,0,0,0,-9999.0,0.5390625,1,P17_CV0,1,2,0,1,1
16,0.26455561210462697,0.7742336894342167,R16_F16_m5f10_P5_Y14_UO1099,RD5_F2_m2f16_P2_Y12_UO451,RD10_F16_m16f3_P16_Y12_UO513,MXY,1,0.0,1,1,0.0,0,0,0,-9999.0,0.544921875,1,P18_CV0,1,1,1,0,2
16,0.26455561210462697,0.7742336894342167,R16_F16_m10f13_P10_Y14_UO28,RD10_F19_m3f13_P3_Y12_UO939,RD13_F8_m8f16_P8_Y12_UO278,FXX,1,0.0,1,1,1.0,0,0,0,-9999.0,0.5546875,1,P19_CV0,1,1,1,1,1
16,0.26455561210462697,0.7742336894342167,R16_F16_m1f2_P1_Y14_UO1284,R1_F1_m1f4_P1_Y12_UO396,R2_F2_m3f20_P3_Y12_UO345,FXX,1,0.0,1,1,1.0,0,0,0,-9999.0,0.544921875,1,P19_CV0,1,1,1,2,0
16,0.26455561210462697,0.7742336894342167,R16_F16_m7f11_P7_Y14_UO364,RD7_F10_m10f20_P10_Y12_UO669,RD11_F16_m9f18_P9_Y12_UO530,MXY,1,0.0,1,1,0.0,0,0,0,-9999.0,0.56640625,1,P19_CV0,1,1,1,1,1
16,0.26455561210462697,0.7742336894342167,R16_F16_m1f14_P1_Y14_UO922,RD1_F17_m17f7_P17_Y12_UO15,R14_F14_m14f8_P14_Y12_UO963,FXX,1,0.0,1,1,1.0,0,0,0,-9999.0,0.58984375,1,P19_CV0,1,1,1,1,1
16,0.26455561210462697,0.7742336894342167,R16_F16_m16f14_P16_Y14_UO668,RD16_F7_m7f3_P7_Y12_UO726,R14_F14_m14f8_P14_Y12_UO963,FXX,1,0.0,1,1,1.0,0,0,0,-9999.0,0.552734375,1,P19_CV0,1,0,2,1,1
16,0.26455561210462697,0.7742336894342167,Age0_F16_m16f18_P16_Y15_UO263,RD16_F8_m8f9_P8_Y13_UO1150,R18_F18_m18f20_P18_Y12_UO603,MXY,0,0.0,0,0,0.0,0,0,0,0.0,0.498046875,1,P2_CV0,1,1,1,1,1
16,0.26455561210462697,0.7742336894342167,Age0_F16_m16f2_P16_Y15_UO380,RD16_F8_m8f9_P8_Y13_UO1150,RD2_F6_m11f10_P11_Y13_UO1395,MXY,0,0.0,0,0,0.0,0,0,0,0.0,0.505859375,1,P2_CV0,1,1,1,0,2
16,0.26455561210462697,0.7742336894342167,Age0_F16_m16f2_P16_Y15_UO382,RD16_F8_m8f9_P8_Y13_UO1150,RD2_F6_m11f10_P11_Y13_UO1395,FXX,0,0.0,0,0,0.0,0,0,0,0.0,0.505859375,1,P2_CV0,1,2,0,1,1
16,0.26455561210462697,0.7742336894342167,Age0_F16_m16f2_P16_Y15_UO383,RD16_F8_m8f9_P8_Y13_UO1150,RD2_F6_m11f10_P11_Y13_UO1395,FXX,0,0.0,0,0,0.0,0,0,0,0.0,0.505859375,1,P2_CV0,1,2,0,1,1
16,0.26455561210462697,0.7742336894342167,Age0_F16_m16f2_P16_Y15_UO387,RD16_F8_m8f9_P8_Y13_UO1150,RD2_F6_m11f10_P11_Y13_UO1395,MXY,0,0.0,0,0,0.0,0,0,0,0.0,0.505859375,1,P2_CV0,1,2,0,0,2
16,0.26455561210462697,0.7742336894342167,Age0_F16_m16f2_P16_Y15_UO388,RD16_F8_m8f9_P8_Y13_UO1150,RD2_F6_m11f10_P11_Y13_UO1395,MXY,0,0.0,0,0,0.0,0,0,0,0.0,0.505859375,1,P2_CV0,1,1,1,1,1
16,0.26455561210462697,0.7742336894342167,Age0_F16_m16f7_P16_Y15_UO633,RD16_F8_m8f9_P8_Y13_UO1150,R7_F7_m7f14_P7_Y13_UO920,MXY,0,0.0,0,0,0.0,0,0,0,0.0,0.47265625,1,P2_CV0,1,1,1,0,2
16,0.26455561210462697,0.7742336894342167,Age0_F16_m16f7_P16_Y15_UO634,RD16_F8_m8f9_P8_Y13_UO1150,R7_F7_m7f14_P7_Y13_UO920,FXX,0,0.0,0,0,0.0,0,0,0,0.0,0.47265625,1,P2_CV0,1,2,0,0,2
16,0.26455561210462697,0.7742336894342167,Age0_F16_m16f7_P16_Y15_UO635,RD16_F8_m8f9_P8_Y13_UO1150,R7_F7_m7f14_P7_Y13_UO920,FXX,0,0.0,0,0,0.0,0,0,0,0.0,0.47265625,1,P2_CV0,1,2,0,0,2
16,0.26455561210462697,0.7742336894342167,Age0_F16_m16f7_P16_Y15_UO638,RD16_F8_m8f9_P8_Y13_UO1150,R7_F7_m7f14_P7_Y13_UO920,FXX,0,0.0,0,0,0.0,0,0,0,0.0,0.47265625,1,P2_CV0,1,1,1,0,2
16,0.26455561210462697,0.7742336894342167,Age0_F16_m16f7_P16_Y15_UO639,RD16_F8_m8f9_P8_Y13_UO1150,R7_F7_m7f14_P7_Y13_UO920,FXX,0,0.0,0,0,0.0,0,0,0,0.0,0.47265625,1,P2_CV0,1,2,0,0,2
16,0.26455561210462697,0.7742336894342167,Age0_F16_m16f7_P16_Y15_UO640,RD16_F8_m8f9_P8_Y13_UO1150,R7_F7_m7f14_P7_Y13_UO920,MXY,0,0.0,0,0,0.0,0,0,0,0.0,0.47265625,1,P2_CV0,1,1,1,0,2
16,0.26455561210462697,0.7742336894342167,Age0_F16_m16f2_P16_Y15_UO667,RD16_F8_m8f9_P8_Y13_UO1150,R2_F2_m19f4_P19_Y10_UO779,FXX,0,0.0,0,0,0.0,0,0,0,0.0,0.515625,1,P2_CV0,1,2,0,1,1
16,0.26455561210462697,0.7742336894342167,Age0_F16_m16f2_P16_Y15_UO668,RD16_F8_m8f9_P8_Y13_UO1150,R2_F2_m19f4_P19_Y10_UO779,FXX,0,0.0,0,0,0.0,0,0,0,0.0,0.515625,1,P2_CV0,1,1,1,1,1
16,0.26455561210462697,0.7742336894342167,Age0_F16_m16f2_P16_Y15_UO670,RD16_F8_m8f9_P8_Y13_UO1150,R2_F2_m19f4_P19_Y10_UO779,MXY,0,0.0,0,0,0.0,0,0,0,0.0,0.515625,1,P2_CV0,1,2,0,1,1
16,0.26455561210462697,0.7742336894342167,Age0_F16_m16f12_P16_Y15_UO872,RD16_F8_m8f9_P8_Y13_UO1150,RD12_F17_m11f20_P11_Y10_UO987,MXY,0,0.0,0,0,0.0,0,0,0,0.0,0.48828125,1,P2_CV0,1,2,0,1,1
16,0.26455561210462697,0.7742336894342167,Age0_F16_m16f12_P16_Y15_UO874,RD16_F8_m8f9_P8_Y13_UO1150,RD12_F17_m11f20_P11_Y10_UO987,FXX,0,0.0,0,0,0.0,0,0,0,0.0,0.48828125,1,P2_CV0,1,2,0,1,1
16,0.26455561210462697,0.7742336894342167,R16_F16_m8f9_P8_Y13_UO1150,R8_F8_m11f7_P11_Y11_UO439,RD9_F10_m10f2_P10_Y11_UO878,FXX,2,0.0,1,0,1.0,0,0,0,-9999.0,0.5078125,1,P2_CV0,1,2,0,0,2
16,0.26455561210462697,0.7742336894342167,R16_F16_m10f7_P10_Y14_UO1008,RD10_F19_m3f13_P3_Y12_UO939,R7_F7_m7f15_P7_Y12_UO1216,MXY,1,0.0,1,1,0.0,0,0,0,-9999.0,0.515625,1,P3_CV0,1,1,1,1,1
16,0.26455561210462697,0.7742336894342167,Age0_F16_m16f12_P16_Y15_UO871,RD16_F8_m8f9_P8_Y13_UO1150,RD12_F17_m11f20_P11_Y10_UO987,MXY,0,0.0,0,0,0.0,0,0,0,0.0,0.48828125,1,P6_CV0,1,2,0,1,1
16,0.26455561210462697,0.7742336894342167,Age0_F16_m16f12_P16_Y15_UO873,RD16_F8_m8f9_P8_Y13_UO1150,RD12_F17_m11f20_P11_Y10_UO987,FXX,0,0.0,0,0,0.0,0,0,0,0.0,0.48828125,1,P6_CV0,1,2,0,1,1
16,0.26455561210462697,0.7742336894342167,R16_F16_m3f15_P3_Y14_UO136,R3_F3_m3f13_P3_Y12_UO477,R15_F15_m15f2_P15_Y12_UO784,MXY,1,0.0,1,1,0.0,0,0,0,-9999.0,0.53125,1,P6_CV0,1,0,2,2,0
16,0.26455561210462697,0.7742336894342167,R16_F16_m12f8_P12_Y14_UO767,RD12_F1_m1f3_P1_Y12_UO1042,RD8_F16_m15f1_P15_Y12_UO463,FXX,1,0.0,1,1,1.0,0,0,0,-9999.0,0.548828125,1,P6_CV0,1,0,2,0,2
16,0.26455561210462697,0.7742336894342167,Age0_F16_m16f2_P16_Y15_UO381,RD16_F8_m8f9_P8_Y13_UO1150,RD2_F6_m11f10_P11_Y13_UO1395,FXX,0,0.0,0,0,0.0,0,0,0,0.0,0.505859375,1,P7_CV0,1,2,0,1,1
16,0.26455561210462697,0.7742336894342167,Age0_F16_m16f2_P16_Y15_UO384,RD16_F8_m8f9_P8_Y13_UO1150,RD2_F6_m11f10_P11_Y13_UO1395,MXY,0,0.0,0,0,0.0,0,0,0,0.0,0.505859375,1,P7_CV0,1,2,0,1,1
16,0.26455561210462697,0.7742336894342167,Age0_F16_m16f2_P16_Y15_UO385,RD16_F8_m8f9_P8_Y13_UO1150,RD2_F6_m11f10_P11_Y13_UO1395,FXX,0,0.0,0,0,0.0,0,0,0,0.0,0.505859375,1,P7_CV0,1,1,1,0,2
16,0.26455561210462697,0.7742336894342167,Age0_F16_m16f2_P16_Y15_UO386,RD16_F8_m8f9_P8_Y13_UO1150,RD2_F6_m11f10_P11_Y13_UO1395,FXX,0,0.0,0,0,0.0,0,0,0,0.0,0.505859375,1,P7_CV0,1,1,1,0,2
16,0.26455561210462697,0.7742336894342167,Age0_F16_m16f2_P16_Y15_UO666,RD16_F8_m8f9_P8_Y13_UO1150,R2_F2_m19f4_P19_Y10_UO779,FXX,0,0.0,0,0,0.0,0,0,0,0.0,0.515625,1,P7_CV0,1,2,0,0,2
16,0.26455561210462697,0.7742336894342167,Age0_F16_m16f2_P16_Y15_UO669,RD16_F8_m8f9_P8_Y13_UO1150,R2_F2_m19f4_P19_Y10_UO779,MXY,0,0.0,0,0,0.0,0,0,0,0.0,0.515625,1,P7_CV0,1,2,0,0,2
16,0.26455561210462697,0.7742336894342167,R16_F16_m16f14_P16_Y14_UO665,RD16_F7_m7f3_P7_Y12_UO726,R14_F14_m14f8_P14_Y12_UO963,FXX,1,0.0,1,1,1.0,0,0,0,-9999.0,0.552734375,1,P7_CV0,1,2,0,1,1
16,0.26455561210462697,0.7742336894342167,R16_F16_m16f19_P16_Y14_UO387,RD16_F7_m7f3_P7_Y12_UO726,R19_F19_m19f7_P19_Y11_UO936,FXX,1,0.0,1,1,1.0,0,0,0,-9999.0,0.54296875,1,P7_CV0,1,0,2,1,1
16,0.26455561210462697,0.7742336894342167,R16_F16_m1f12_P1_Y14_UO728,RD1_F17_m11f13_P11_Y12_UO75,R12_F12_m12f9_P12_Y12_UO1107,MXY,1,0.0,1,1,0.0,0,0,0,-9999.0,0.5546875,1,P7_CV0,1,1,1,1,1
16,0.26455561210462697,0.7742336894342167,Age0_F16_m16f19_P16_Y15_UO615,RD16_F17_m10f13_P10_Y13_UO820,RD19_F9_m9f13_P9_Y13_UO1118,MXY,0,0.0,0,0,0.0,0,0,0,0.0,0.490234375,1,P8_CV0,1,2,0,1,1
16,0.26455561210462697,0.7742336894342167,Age0_F16_m16f12_P16_Y15_UO1156,R16_F16_m4f5_P4_Y13_UO100,R12_F12_m11f19_P11_Y13_UO883,FXX,0,0.0,0,0,0.0,0,0,0,0.0,0.478515625,1,P8_CV0,1,1,1,1,1
16,0.26455561210462697,0.7742336894342167,Age0_F16_m16f12_P16_Y15_UO1157,R16_F16_m4f5_P4_Y13_UO100,R12_F12_m11f19_P11_Y13_UO883,FXX,0,0.0,0,0,0.0,0,0,0,0.0,0.478515625,1,P8_CV0,1,1,1,2,0
16,0.26455561210462697,0.7742336894342167,Age0_F16_m16f12_P16_Y15_UO1160,R16_F16_m4f5_P4_Y13_UO100,R12_F12_m11f19_P11_Y13_UO883,FXX,0,0.0,0,0,0.0,0,0,0,0.0,0.478515625,1,P8_CV0,1,1,1,2,0
16,0.26455561210462697,0.7742336894342167,Age0_F16_m16f12_P16_Y15_UO1161,R16_F16_m4f5_P4_Y13_UO100,R12_F12_m11f19_P11_Y13_UO883,MXY,0,0.0,0,0,0.0,0,0,0,0.0,0.478515625,1,P8_CV0,1,1,1,0,2
16,0.26455561210462697,0.7742336894342167,Age0_F16_m16f12_P16_Y15_UO1162,R16_F16_m4f5_P4_Y13_UO100,R12_F12_m11f19_P11_Y13_UO883,MXY,0,0.0,0,0,0.0,0,0,0,0.0,0.478515625,1,P8_CV0,1,1,1,1,1
16,0.26455561210462697,0.7742336894342167,Age0_F16_m16f12_P16_Y15_UO1163,R16_F16_m4f5_P4_Y13_UO100,R12_F12_m11f19_P11_Y13_UO883,MXY,0,0.0,0,0,0.0,0,0,0,0.0,0.478515625,1,P8_CV0,1,1,1,1,1
16,0.26455561210462697,0.7742336894342167,Age0_F16_m16f12_P16_Y15_UO1187,RD16_F6_m13f14_P13_Y13_UO755,R12_F12_m11f19_P11_Y13_UO883,MXY,0,0.0,0,0,0.0,0,0,0,0.0,0.529296875,1,P8_CV0,1,2,0,0,2
16,0.26455561210462697,0.7742336894342167,Age0_F16_m16f12_P16_Y15_UO1188,RD16_F6_m13f14_P13_Y13_UO755,R12_F12_m11f19_P11_Y13_UO883,MXY,0,0.0,0,0,0.0,0,0,0,0.0,0.529296875,1,P8_CV0,1,2,0,0,2
16,0.26455561210462697,0.7742336894342167,Age0_F16_m16f12_P16_Y15_UO1190,RD16_F6_m13f14_P13_Y13_UO755,R12_F12_m11f19_P11_Y13_UO883,MXY,0,0.0,0,0,0.0,0,0,0,0.0,0.529296875,1,P8_CV0,1,1,1,0,2
16,0.26455561210462697,0.7742336894342167,R16_F16_m16f20_P16_Y14_UO997,R16_F16_m16f15_P16_Y12_UO1247,R20_F20_m20f5_P20_Y11_UO679,MXY,1,0.0,1,1,0.0,0,0,0,-9999.0,0.513671875,1,P8_CV0,1,1,1,0,2
16,0.26455561210462697,0.7742336894342167,R16_F16_m16f20_P16_Y14_UO994,R16_F16_m16f15_P16_Y12_UO1247,R20_F20_m20f5_P20_Y11_UO679,MXY,1,0.0,1,1,0.0,0,0,0,-9999.0,0.513671875,1,P8_CV0,1,2,0,1,1
16,0.26455561210462697,0.7742336894342167,R16_F16_m19f18_P19_Y12_UO118,RD19_F2_m2f4_P2_Y10_UO698,RD18_F9_m7f9_P7_Y10_UO1246,MXY,3,0.0,1,0,0.0,0,0,0,-9999.0,0.6015625,1,P9_CV0,1,1,1,0,2
17,0.45615033221654855,0.5684339488686485,Age0_F17_m17f16_P17_Y15_UO469,RD17_F3_m3f5_P3_Y13_UO981,R16_F16_m16f13_P16_Y13_UO1170,FXX,0,0.0,0,0,0.0,0,0,0,0.0,0.490234375,1,P10_CV0,1,1,1,1,1
17,0.45615033221654855,0.5684339488686485,Age0_F17_m17f16_P17_Y15_UO470,RD17_F3_m3f5_P3_Y13_UO981,R16_F16_m16f13_P16_Y13_UO1170,MXY,0,0.0,0,0,0.0,0,0,0,0.0,0.490234375,1,P10_CV0,1,1,1,1,1
17,0.45615033221654855,0.5684339488686485,Age0_F17_m17f16_P17_Y15_UO473,RD17_F3_m3f5_P3_Y13_UO981,R16_F16_m16f13_P16_Y13_UO1170,MXY,0,0.0,0,0,0.0,0,0,0,0.0,0.490234375,1,P10_CV0,1,1,1,0,2
17,0.45615033221654855,0.5684339488686485,Age0_F17_m17f7_P17_Y15_UO923,R17_F17_m17f9_P17_Y13_UO892,RD7_F19_m19f7_P19_Y11_UO936,FXX,0,0.0,0,0,0.0,0,0,0,0.0,0.533203125,1,P10_CV0,1,1,1,1,1
17,0.45615033221654855,0.5684339488686485,Age0_F17_m17f7_P17_Y15_UO924,R17_F17_m17f9_P17_Y13_UO892,RD7_F19_m19f7_P19_Y11_UO936,FXX,0,0.0,0,0,0.0,0,0,0,0.0,0.533203125,1,P10_CV0,1,1,1,2,0
17,0.45615033221654855,0.5684339488686485,Age0_F17_m17f7_P17_Y15_UO926,R17_F17_m17f9_P17_Y13_UO892,RD7_F19_m19f7_P19_Y11_UO936,FXX,0,0.0,0,0,0.0,0,0,0,0.0,0.533203125,1,P10_CV0,1,1,1,0,2
17,0.45615033221654855,0.5684339488686485,Age0_F17_m17f7_P17_Y15_UO929,R17_F17_m17f9_P17_Y13_UO892,RD7_F19_m19f7_P19_Y11_UO936,FXX,0,0.0,0,0,0.0,0,0,0,0.0,0.533203125,1,P10_CV0,1,1,1,1,1
17,0.45615033221654855,0.5684339488686485,R17_F17_m6f20_P6_Y12_UO421,RD6_F3_m12f6_P12_Y10_UO1142,R20_F20_m20f6_P20_Y10_UO563,FXX,3,0.0,1,0,1.0,0,0,0,-9999.0,0.58203125,1,P11_CV0,1,2,0,1,1
17,0.45615033221654855,0.5684339488686485,Age0_F17_m17f4_P17_Y15_UO896,R17_F17_m17f15_P17_Y13_UO462,RD4_F13_m13f14_P13_Y13_UO754,FXX,0,0.0,0,0,0.0,0,0,0,0.0,0.517578125,1,P12_CV0,1,1,1,0,2
17,0.45615033221654855,0.5684339488686485,Age0_F17_m17f4_P17_Y15_UO897,R17_F17_m17f15_P17_Y13_UO462,RD4_F13_m13f14_P13_Y13_UO754,FXX,0,0.0,0,0,0.0,0,0,0,0.0,0.517578125,1,P12_CV0,1,0,2,1,1
17,0.45615033221654855,0.5684339488686485,Age0_F17_m17f4_P17_Y15_UO898,R17_F17_m17f15_P17_Y13_UO462,RD4_F13_m13f14_P13_Y13_UO754,MXY,0,0.0,0,0,0.0,0,0,0,0.0,0.517578125,1,P12_CV0,1,2,0,2,0
17,0.45615033221654855,0.5684339488686485,Age0_F17_m17f4_P17_Y15_UO901,R17_F17_m17f15_P17_Y13_UO462,RD4_F13_m13f14_P13_Y13_UO754,FXX,0,0.0,0,0,0.0,0,0,0,0.0,0.517578125,1,P12_CV0,1,1,1,1,1
17,0.45615033221654855,0.5684339488686485,Age0_F17_m17f4_P17_Y15_UO1416,RD17_F1_m1f12_P1_Y13_UO1265,R4_F4_m4f8_P4_Y13_UO902,MXY,0,0.0,0,0,0.0,0,0,0,0.0,0.50390625,1,P12_CV0,1,0,2,2,0
17,0.45615033221654855,0.5684339488686485,Age0_F17_m17f4_P17_Y15_UO1418,RD17_F1_m1f12_P1_Y13_UO1265,R4_F4_m4f8_P4_Y13_UO902,FXX,0,0.0,0,0,0.0,0,0,0,0.0,0.50390625,1,P12_CV0,1,0,2,2,0
17,0.45615033221654855,0.5684339488686485,Age0_F17_m17f4_P17_Y15_UO1421,RD17_F1_m1f12_P1_Y13_UO1265,R4_F4_m4f8_P4_Y13_UO902,MXY,0,0.0,0,0,0.0,0,0,0,0.0,0.50390625,1,P12_CV0,1,0,2,2,0
17,0.45615033221654855,0.5684339488686485,Age0_F17_m17f4_P17_Y15_UO1426,RD17_F1_m1f12_P1_Y13_UO1265,R4_F4_m4f8_P4_Y13_UO902,FXX,0,0.0,0,0,0.0,0,0,0,0.0,0.50390625,1,P12_CV0,1,1,1,2,0
17,0.45615033221654855,0.5684339488686485,R17_F17_m15f8_P15_Y14_UO262,R15_F15_m4f14_P4_Y12_UO854,RD8_F12_m12f10_P12_Y12_UO437,FXX,1,0.0,1,1,1.0,0,0,0,-9999.0,0.5703125,1,P12_CV0,1,1,1,0,2
17,0.45615033221654855,0.5684339488686485,Age0_F17_m17f4_P17_Y15_UO1415,RD17_F1_m1f12_P1_Y13_UO1265,R4_F4_m4f8_P4_Y13_UO902,MXY,0,0.0,0,0,0.0,0,0,0,0.0,0.50390625,1,P13_CV0,1,0,2,2,0
17,0.45615033221654855,0.5684339488686485,Age0_F17_m17f4_P17_Y15_UO1417,RD17_F1_m1f12_P1_Y13_UO1265,R4_F4_m4f8_P4_Y13_UO902,FXX,0,0.0,0,0,0.0,0,0,0,0.0,0.50390625,1,P13_CV0,1,0,2,2,0
17,0.45615033221654855,0.5684339488686485,Age0_F17_m17f4_P17_Y15_UO1419,RD17_F1_m1f12_P1_Y13_UO1265,R4_F4_m4f8_P4_Y13_UO902,MXY,0,0.0,0,0,0.0,0,0,0,0.0,0.50390625,1,P13_CV0,1,0,2,2,0
17,0.45615033221654855,0.5684339488686485,Age0_F17_m17f4_P17_Y15_UO1420,RD17_F1_m1f12_P1_Y13_UO1265,R4_F4_m4f8_P4_Y13_UO902,FXX,0,0.0,0,0,0.0,0,0,0,0.0,0.50390625,1,P13_CV0,1,0,2,2,0
17,0.45615033221654855,0.5684339488686485,Age0_F17_m17f4_P17_Y15_UO1422,RD17_F1_m1f12_P1_Y13_UO1265,R4_F4_m4f8_P4_Y13_UO902,FXX,0,0.0,0,0,0.0,0,0,0,0.0,0.50390625,1,P13_CV0,1,0,2,2,0
17,0.45615033221654855,0.5684339488686485,Age0_F17_m17f4_P17_Y15_UO1423,RD17_F1_m1f12_P1_Y13_UO1265,R4_F4_m4f8_P4_Y13_UO902,FXX,0,0.0,0,0,0.0,0,0,0,0.0,0.50390625,1,P13_CV0,1,0,2,2,0
17,0.45615033221654855,0.5684339488686485,Age0_F17_m17f4_P17_Y15_UO1424,RD17_F1_m1f12_P1_Y13_UO1265,R4_F4_m4f8_P4_Y13_UO902,FXX,0,0.0,0,0,0.0,0,0,0,0.0,0.50390625,1,P13_CV0,1,1,1,2,0
17,0.45615033221654855,0.5684339488686485,Age0_F17_m17f4_P17_Y15_UO1425,RD17_F1_m1f12_P1_Y13_UO1265,R4_F4_m4f8_P4_Y13_UO902,FXX,0,0.0,0,0,0.0,0,0,0,0.0,0.50390625,1,P13_CV0,1,0,2,2,0
17,0.45615033221654855,0.5684339488686485,R17_F17_m16f6_P16_Y13_UO337,R16_F16_m16f8_P16_Y11_UO645,R6_F6_m6f15_P6_Y11_UO1406,FXX,2,0.0,1,0,1.0,0,0,0,-9999.0,0.48828125,1,P13_CV0,1,0,2,1,1
17,0.45615033221654855,0.5684339488686485,R17_F17_m12f7_P12_Y14_UO220,R12_F12_m13f16_P13_Y12_UO268,RD7_F2_m5f19_P5_Y12_UO560,MXY,1,0.0,1,1,0.0,0,0,0,-9999.0,0.544921875,1,P14_CV0,1,0,2,0,2
17,0.45615033221654855,0.5684339488686485,Age0_F17_m17f20_P17_Y15_UO193,RD17_F5_m10f4_P10_Y13_UO1167,R20_F20_m20f6_P20_Y13_UO880,MXY,0,0.0,0,0,0.0,0,0,0,0.0,0.4921875,1,P15_CV0,1,0,2,2,0
17,0.45615033221654855,0.5684339488686485,Age0_F17_m17f20_P17_Y15_UO196,RD17_F5_m10f4_P10_Y13_UO1167,R20_F20_m20f6_P20_Y13_UO880,MXY,0,0.0,0,0,0.0,0,0,0,0.0,0.4921875,1,P15_CV0,1,0,2,2,0
17,0.45615033221654855,0.5684339488686485,Age0_F17_m17f20_P17_Y15_UO198,RD17_F5_m10f4_P10_Y13_UO1167,R20_F20_m20f6_P20_Y13_UO880,FXX,0,0.0,0,0,0.0,0,0,0,0.0,0.4921875,1,P15_CV0,1,0,2,1,1
17,0.45615033221654855,0.5684339488686485,Age0_F17_m17f20_P17_Y15_UO199,RD17_F5_m10f4_P10_Y13_UO1167,R20_F20_m20f6_P20_Y13_UO880,MXY,0,0.0,0,0,0.0,0,0,0,0.0,0.4921875,1,P15_CV0,1,0,2,2,0
17,0.45615033221654855,0.5684339488686485,Age0_F17_m17f20_P17_Y15_UO200,RD17_F5_m10f4_P10_Y13_UO1167,R20_F20_m20f6_P20_Y13_UO880,FXX,0,0.0,0,0,0.0,0,0,0,0.0,0.4921875,1,P15_CV0,1,0,2,1,1
17,0.45615033221654855,0.5684339488686485,Age0_F17_m17f20_P17_Y15_UO201,RD17_F5_m10f4_P10_Y13_UO1167,R20_F20_m20f6_P20_Y13_UO880,FXX,0,0.0,0,0,0.0,0,0,0,0.0,0.4921875,1,P15_CV0,1,0,2,1,1
17,0.45615033221654855,0.5684339488686485,R17_F17_m8f1_P8_Y14_UO1091,RD8_F10_m10f7_P10_Y12_UO254,R1_F1_m16f14_P16_Y12_UO1055,MXY,1,0.0,1,1,0.0,0,0,0,-9999.0,0.54296875,1,P15_CV0,1,1,1,1,1
17,0.45615033221654855,0.5684339488686485,Age0_F17_m17f4_P17_Y15_UO41,R17_F17_m17f9_P17_Y13_UO892,R4_F4_m4f3_P4_Y13_UO503,MXY,0,0.0,0,0,0.0,0,0,0,0.0,0.462890625,1,P16_CV0,1,1,1,1,1
17,0.45615033221654855,0.5684339488686485,Age0_F17_m17f4_P17_Y15_UO42,R17_F17_m17f9_P17_Y13_UO892,R4_F4_m4f3_P4_Y13_UO503,FXX,0,0.0,0,0,0.0,0,0,0,0.0,0.462890625,1,P16_CV0,1,1,1,0,2
17,0.45615033221654855,0.5684339488686485,Age0_F17_m17f4_P17_Y15_UO44,R17_F17_m17f9_P17_Y13_UO892,R4_F4_m4f3_P4_Y13_UO503,MXY,0,0.0,0,0,0.0,0,0,0,0.0,0.462890625,1,P16_CV0,1,1,1,2,0
17,0.45615033221654855,0.5684339488686485,Age0_F17_m17f4_P17_Y15_UO45,R17_F17_m17f9_P17_Y13_UO892,R4_F4_m4f3_P4_Y13_UO503,MXY,0,0.0,0,0,0.0,0,0,0,0.0,0.462890625,1,P16_CV0,1,1,1,0,2
17,0.45615033221654855,0.5684339488686485,Age0_F17_m17f4_P17_Y15_UO48,R17_F17_m17f9_P17_Y13_UO892,R4_F4_m4f3_P4_Y13_UO503,FXX,0,0.0,0,0,0.0,0,0,0,0.0,0.462890625,1,P16_CV0,1,1,1,2,0
17,0.45615033221654855,0.5684339488686485,Age0_F17_m17f14_P17_Y15_UO939,R17_F17_m17f1_P17_Y13_UO849,R14_F14_m14f9_P14_Y13_UO422,FXX,0,0.0,0,0,0.0,0,0,0,0.0,0.517578125,1,P17_CV0,1,1,1,1,1
17,0.45615033221654855,0.5684339488686485,Age0_F17_m17f14_P17_Y15_UO942,R17_F17_m17f1_P17_Y13_UO849,R14_F14_m14f9_P14_Y13_UO422,MXY,0,0.0,0,0,0.0,0,0,0,0.0,0.517578125,1,P17_CV0,1,1,1,1,1
17,0.45615033221654855,0.5684339488686485,Age0_F17_m17f14_P17_Y15_UO943,R17_F17_m17f1_P17_Y13_UO849,R14_F14_m14f9_P14_Y13_UO422,FXX,0,0.0,0,0,0.0,0,0,0,0.0,0.517578125,1,P17_CV0,1,0,2,1,1
17,0.45615033221654855,0.5684339488686485,Age0_F17_m17f14_P17_Y15_UO945,R17_F17_m17f1_P17_Y13_UO849,R14_F14_m14f9_P14_Y13_UO422,FXX,0,0.0,0,0,0.0,0,0,0,0.0,0.517578125,1,P17_CV0,1,2,0,1,1
17,0.45615033221654855,0.5684339488686485,Age0_F17_m17f14_P17_Y15_UO946,R17_F17_m17f1_P17_Y13_UO849,R14_F14_m14f9_P14_Y13_UO422,MXY,0,0.0,0,0,0.0,0,0,0,0.0,0.517578125,1,P17_CV0,1,1,1,1,1
17,0.45615033221654855,0.5684339488686485,Age0_F17_m17f14_P17_Y15_UO947,R17_F17_m17f1_P17_Y13_UO849,R14_F14_m14f9_P14_Y13_UO422,MXY,0,0.0,0,0,0.0,0,0,0,0.0,0.517578125,1,P17_CV0,1,1,1,1,1
17,0.45615033221654855,0.5684339488686485,Age0_F17_m17f14_P17_Y15_UO949,R17_F17_m17f1_P17_Y13_UO849,R14_F14_m14f9_P14_Y13_UO422,MXY,0,0.0,0,0,0.0,0,0,0,0.0,0.517578125,1,P17_CV0,1,0,2,1,1
17,0.45615033221654855,0.5684339488686485,R17_F17_m13f12_P13_Y14_UO352,R13_F13_m9f3_P9_Y12_UO847,R12_F12_m12f3_P12_Y12_UO1096,MXY,1,0.0,1,1,0.0,0,0,0,-9999.0,0.48828125,1,P17_CV0,1,1,1,1,1
17,0.45615033221654855,0.5684339488686485,R17_F17_m17f16_P17_Y14_UO474,R17_F17_m18f10_P18_Y12_UO292,R16_F16_m12f8_P12_Y12_UO1141,MXY,1,0.0,1,1,0.0,0,0,0,-9999.0,0.53515625,1,P17_CV0,1,2,0,0,2
17,0.45615033221654855,0.5684339488686485,R17_F17_m17f16_P17_Y14_UO467,R17_F17_m18f10_P18_Y12_UO292,R16_F16_m12f8_P12_Y12_UO1141,FXX,1,0.0,1,1,1.0,0,0,0,-9999.0,0.53515625,1,P17_CV0,1,1,1,0,2
17,0.45615033221654855,0.5684339488686485,R17_F17_m17f13_P17_Y14_UO1252,RD17_F2_m2f13_P2_Y12_UO695,RD13_F3_m3f20_P3_Y12_UO339,MXY,1,0.0,1,1,0.0,0,0,0,-9999.0,0.55078125,1,P18_CV0,1,1,1,1,1
17,0.45615033221654855,0.5684339488686485,R17_F17_m17f13_P17_Y14_UO1250,RD17_F2_m2f13_P2_Y12_UO695,RD13_F3_m3f20_P3_Y12_UO339,FXX,1,0.0,1,1,1.0,0,0,0,-9999.0,0.55078125,1,P18_CV0,1,1,1,1,1
17,0.45615033221654855,0.5684339488686485,R17_F17_m2f13_P2_Y12_UO695,RD2_F6_m6f20_P6_Y10_UO836,RD13_F12_m9f14_P9_Y10_UO169,FXX,3,0.0,1,0,1.0,0,0,0,-9999.0,0.5625,1,P18_CV0,1,2,0,2,0
17,0.45615033221654855,0.5684339488686485,R17_F17_m15f8_P15_Y14_UO272,R15_F15_m4f14_P4_Y12_UO854,RD8_F12_m12f10_P12_Y12_UO437,FXX,1,0.0,1,1,1.0,0,0,0,-9999.0,0.5703125,1,P19_CV0,1,1,1,1,1
17,0.45615033221654855,0.5684339488686485,Age0_F17_m17f14_P17_Y15_UO940,R17_F17_m17f1_P17_Y13_UO849,R14_F14_m14f9_P14_Y13_UO422,FXX,0,0.0,0,0,0.0,0,0,0,0.0,0.517578125,1,P2_CV0,1,0,2,1,1
17,0.45615033221654855,0.5684339488686485,Age0_F17_m17f14_P17_Y15_UO941,R17_F17_m17f1_P17_Y13_UO849,R14_F14_m14f9_P14_Y13_UO422,MXY,0,0.0,0,0,0.0,0,0,0,0.0,0.517578125,1,P2_CV0,1,0,2,1,1
17,0.45615033221654855,0.5684339488686485,Age0_F17_m17f14_P17_Y15_UO944,R17_F17_m17f1_P17_Y13_UO849,R14_F14_m14f9_P14_Y13_UO422,FXX,0,0.0,0,0,0.0,0,0,0,0.0,0.517578125,1,P2_CV0,1,1,1,1,1
17,0.45615033221654855,0.5684339488686485,Age0_F17_m17f14_P17_Y15_UO948,R17_F17_m17f1_P17_Y13_UO849,R14_F14_m14f9_P14_Y13_UO422,MXY,0,0.0,0,0,0.0,0,0,0,0.0,0.517578125,1,P2_CV0,1,0,2,1,1
17,0.45615033221654855,0.5684339488686485,R17_F17_m1f17_P1_Y13_UO585,RD1_F7_m6f19_P6_Y11_UO81,R17_F17_m3f11_P3_Y11_UO420,MXY,2,0.0,1,0,0.0,0,0,0,-9999.0,0.48046875,1,P2_CV0,1,0,2,2,0
17,0.45615033221654855,0.5684339488686485,Age0_F17_m17f4_P17_Y15_UO43,R17_F17_m17f9_P17_Y13_UO892,R4_F4_m4f3_P4_Y13_UO503,MXY,0,0.0,0,0,0.0,0,0,0,0.0,0.462890625,1,P4_CV0,1,1,1,2,0
17,0.45615033221654855,0.5684339488686485,Age0_F17_m17f4_P17_Y15_UO46,R17_F17_m17f9_P17_Y13_UO892,R4_F4_m4f3_P4_Y13_UO503,FXX,0,0.0,0,0,0.0,0,0,0,0.0,0.462890625,1,P4_CV0,1,1,1,2,0
17,0.45615033221654855,0.5684339488686485,Age0_F17_m17f4_P17_Y15_UO47,R17_F17_m17f9_P17_Y13_UO892,R4_F4_m4f3_P4_Y13_UO503,FXX,0,0.0,0,0,0.0,0,0,0,0.0,0.462890625,1,P4_CV0,1,1,1,2,0
17,0.45615033221654855,0.5684339488686485,Age0_F17_m17f7_P17_Y15_UO925,R17_F17_m17f9_P17_Y13_UO892,RD7_F19_m19f7_P19_Y11_UO936,MXY,0,0.0,0,0,0.0,0,0,0,0.0,0.533203125,1,P4_CV0,1,1,1,2,0
17,0.45615033221654855,0.5684339488686485,Age0_F17_m17f7_P17_Y15_UO927,R17_F17_m17f9_P17_Y13_UO892,RD7_F19_m19f7_P19_Y11_UO936,MXY,0,0.0,0,0,0.0,0,0,0,0.0,0.533203125,1,P4_CV0,1,1,1,1,1
17,0.45615033221654855,0.5684339488686485,Age0_F17_m17f7_P17_Y15_UO928,R17_F17_m17f9_P17_Y13_UO892,RD7_F19_m19f7_P19_Y11_UO936,MXY,0,0.0,0,0,0.0,0,0,0,0.0,0.533203125,1,P4_CV0,1,1,1,0,2
17,0.45615033221654855,0.5684339488686485,Age0_F17_m17f16_P17_Y15_UO1306,RD17_F5_m10f4_P10_Y13_UO1167,RD16_F14_m9f1_P9_Y12_UO390,FXX,0,0.0,0,0,0.0,0,0,0,0.0,0.5234375,1,P4_CV0,1,0,2,1,1
17,0.45615033221654855,0.5684339488686485,Age0_F17_m17f16_P17_Y15_UO1308,RD17_F5_m10f4_P10_Y13_UO1167,RD16_F14_m9f1_P9_Y12_UO390,MXY,0,0.0,0,0,0.0,0,0,0,0.0,0.5234375,1,P4_CV0,1,0,2,0,2
17,0.45615033221654855,0.5684339488686485,Age0_F17_m17f16_P17_Y15_UO1309,RD17_F5_m10f4_P10_Y13_UO1167,RD16_F14_m9f1_P9_Y12_UO390,FXX,0,0.0,0,0,0.0,0,0,0,0.0,0.5234375,1,P4_CV0,1,1,1,1,1
17,0.45615033221654855,0.5684339488686485,Age0_F17_m17f16_P17_Y15_UO1311,RD17_F5_m10f4_P10_Y13_UO1167,RD16_F14_m9f1_P9_Y12_UO390,FXX,0,0.0,0,0,0.0,0,0,0,0.0,0.5234375,1,P4_CV0,1,1,1,1,1
17,0.45615033221654855,0.5684339488686485,R17_F17_m17f4_P17_Y13_UO305,RD17_F18_m18f8_P18_Y11_UO1160,RD4_F7_m2f13_P2_Y11_UO1064,MXY,2,0.0,1,0,0.0,0,0,0,-9999.0,0.5,1,P4_CV0,1,2,0,1,1
17,0.45615033221654855,0.5684339488686485,R17_F17_m17f9_P17_Y13_UO892,RD17_F18_m18f8_P18_Y11_UO1160,R9_F9_m20f5_P20_Y10_UO450,FXX,2,0.0,1,0,1.0,0,0,0,-9999.0,0.49609375,1,P4_CV0,1,2,0,1,1
17,0.45615033221654855,0.5684339488686485,Age0_F17_m17f20_P17_Y15_UO194,RD17_F5_m10f4_P10_Y13_UO1167,R20_F20_m20f6_P20_Y13_UO880,MXY,0,0.0,0,0,0.0,0,0,0,0.0,0.4921875,1,P6_CV0,1,0,2,1,1
17,0.45615033221654855,0.5684339488686485,Age0_F17_m17f20_P17_Y15_UO195,RD17_F5_m10f4_P10_Y13_UO1167,R20_F20_m20f6_P20_Y13_UO880,FXX,0,0.0,0,0,0.0,0,0,0,0.0,0.4921875,1,P6_CV0,1,0,2,0,2
17,0.45615033221654855,0.5684339488686485,Age0_F17_m17f20_P17_Y15_UO197,RD17_F5_m10f4_P10_Y13_UO1167,R20_F20_m20f6_P20_Y13_UO880,FXX,0,0.0,0,0,0.0,0,0,0,0.0,0.4921875,1,P6_CV0,1,0,2,1,1
17,0.45615033221654855,0.5684339488686485,Age0_F17_m17f19_P17_Y15_UO325,RD17_F5_m10f4_P10_Y13_UO1167,RD19_F20_m17f1_P17_Y13_UO844,FXX,0,0.0,0,0,0.0,0,0,0,0.0,0.48828125,1,P6_CV0,1,1,1,1,1
17,0.45615033221654855,0.5684339488686485,Age0_F17_m17f19_P17_Y15_UO327,RD17_F5_m10f4_P10_Y13_UO1167,RD19_F20_m17f1_P17_Y13_UO844,FXX,0,0.0,0,0,0.0,0,0,0,0.0,0.48828125,1,P6_CV0,1,1,1,1,1
17,0.45615033221654855,0.5684339488686485,Age0_F17_m17f16_P17_Y15_UO1307,RD17_F5_m10f4_P10_Y13_UO1167,RD16_F14_m9f1_P9_Y12_UO390,MXY,0,0.0,0,0,0.0,0,0,0,0.0,0.5234375,1,P6_CV0,1,0,2,1,1
17,0.45615033221654855,0.5684339488686485,Age0_F17_m17f16_P17_Y15_UO1310,RD17_F5_m10f4_P10_Y13_UO1167,RD16_F14_m9f1_P9_Y12_UO390,FXX,0,0.0,0,0,0.0,0,0,0,0.0,0.5234375,1,P6_CV0,1,0,2,2,0
17,0.45615033221654855,0.5684339488686485,R17_F17_m10f4_P10_Y13_UO1167,RD10_F14_m14f4_P14_Y11_UO835,RD4_F6_m16f15_P16_Y11_UO731,FXX,2,0.0,1,0,1.0,0,0,0,-9999.0,0.45703125,1,P6_CV0,1,0,2,1,1
17,0.45615033221654855,0.5684339488686485,R17_F17_m17f12_P17_Y14_UO864,R17_F17_m18f10_P18_Y12_UO292,RD12_F18_m1f3_P1_Y12_UO1046,MXY,1,0.0,1,1,0.0,0,0,0,-9999.0,0.5390625,1,P7_CV0,1,1,1,1,1
17,0.45615033221654855,0.5684339488686485,R17_F17_m17f16_P17_Y14_UO468,R17_F17_m18f10_P18_Y12_UO292,R16_F16_m12f8_P12_Y12_UO1141,FXX,1,0.0,1,1,1.0,0,0,0,-9999.0,0.53515625,1,P7_CV0,1,2,0,0,2
17,0.45615033221654855,0.5684339488686485,R17_F17_m17f12_P17_Y14_UO859,R17_F17_m18f10_P18_Y12_UO292,RD12_F18_m1f3_P1_Y12_UO1046,MXY,1,0.0,1,1,0.0,0,0,0,-9999.0,0.5390625,1,P7_CV0,1,1,1,1,1
17,0.45615033221654855,0.5684339488686485,R17_F17_m17f15_P17_Y14_UO181,RD17_F7_m7f6_P7_Y12_UO31,R15_F15_m9f12_P9_Y12_UO1093,MXY,1,0.0,1,1,0.0,0,0,0,-9999.0,0.521484375,1,P7_CV0,1,1,1,2,0
17,0.45615033221654855,0.5684339488686485,R17_F17_m6f20_P6_Y13_UO633,R6_F6_m4f10_P4_Y11_UO921,R20_F20_m20f15_P20_Y11_UO233,FXX,2,0.0,1,0,1.0,0,0,0,-9999.0,0.52734375,1,P7_CV0,1,2,0,1,1
17,0.45615033221654855,0.5684339488686485,R17_F17_m17f20_P17_Y13_UO498,RD17_F3_m3f7_P3_Y11_UO513,R20_F20_m20f15_P20_Y11_UO233,MXY,2,0.0,1,0,0.0,0,0,0,-9999.0,0.546875,1,P7_CV0,1,1,1,0,2
17,0.45615033221654855,0.5684339488686485,Age0_F17_m17f16_P17_Y15_UO467,RD17_F3_m3f5_P3_Y13_UO981,R16_F16_m16f13_P16_Y13_UO1170,MXY,0,0.0,0,0,0.0,0,0,0,0.0,0.490234375,1,P8_CV0,1,1,1,0,2
17,0.45615033221654855,0.5684339488686485,Age0_F17_m17f16_P17_Y15_UO468,RD17_F3_m3f5_P3_Y13_UO981,R16_F16_m16f13_P16_Y13_UO1170,MXY,0,0.0,0,0,0.0,0,0,0,0.0,0.490234375,1,P8_CV0,1,1,1,2,0
17,0.45615033221654855,0.5684339488686485,Age0_F17_m17f16_P17_Y15_UO471,RD17_F3_m3f5_P3_Y13_UO981,R16_F16_m16f13_P16_Y13_UO1170,FXX,0,0.0,0,0,0.0,0,0,0,0.0,0.490234375,1,P8_CV0,1,1,1,2,0
17,0.45615033221654855,0.5684339488686485,Age0_F17_m17f16_P17_Y15_UO472,RD17_F3_m3f5_P3_Y13_UO981,R16_F16_m16f13_P16_Y13_UO1170,FXX,0,0.0,0,0,0.0,0,0,0,0.0,0.490234375,1,P8_CV0,1,1,1,2,0
17,0.45615033221654855,0.5684339488686485,Age0_F17_m17f4_P17_Y15_UO893,R17_F17_m17f15_P17_Y13_UO462,RD4_F13_m13f14_P13_Y13_UO754,FXX,0,0.0,0,0,0.0,0,0,0,0.0,0.517578125,1,P8_CV0,1,0,2,0,2
17,0.45615033221654855,0.5684339488686485,Age0_F17_m17f4_P17_Y15_UO894,R17_F17_m17f15_P17_Y13_UO462,RD4_F13_m13f14_P13_Y13_UO754,MXY,0,0.0,0,0,0.0,0,0,0,0.0,0.517578125,1,P8_CV0,1,1,1,0,2
17,0.45615033221654855,0.5684339488686485,Age0_F17_m17f4_P17_Y15_UO895,R17_F17_m17f15_P17_Y13_UO462,RD4_F13_m13f14_P13_Y13_UO754,FXX,0,0.0,0,0,0.0,0,0,0,0.0,0.517578125,1,P8_CV0,1,1,1,0,2
17,0.45615033221654855,0.5684339488686485,Age0_F17_m17f4_P17_Y15_UO899,R17_F17_m17f15_P17_Y13_UO462,RD4_F13_m13f14_P13_Y13_UO754,MXY,0,0.0,0,0,0.0,0,0,0,0.0,0.517578125,1,P8_CV0,1,1,1,2,0
17,0.45615033221654855,0.5684339488686485,Age0_F17_m17f4_P17_Y15_UO900,R17_F17_m17f15_P17_Y13_UO462,RD4_F13_m13f14_P13_Y13_UO754,FXX,0,0.0,0,0,0.0,0,0,0,0.0,0.517578125,1,P8_CV0,1,1,1,0,2
17,0.45615033221654855,0.5684339488686485,R17_F17_m14f8_P14_Y13_UO1295,R14_F14_m4f8_P4_Y11_UO1018,RD8_F14_m2f17_P2_Y9_UO493,FXX,2,0.0,1,0,1.0,0,0,0,-9999.0,0.515625,1,P8_CV0,1,1,1,1,1
17,0.45615033221654855,0.5684339488686485,Age0_F17_m17f19_P17_Y15_UO320,RD17_F5_m10f4_P10_Y13_UO1167,RD19_F20_m17f1_P17_Y13_UO844,FXX,0,0.0,0,0,0.0,0,0,0,0.0,0.48828125,1,P9_CV0,1,1,1,0,2
17,0.45615033221654855,0.5684339488686485,Age0_F17_m17f19_P17_Y15_UO321,RD17_F5_m10f4_P10_Y13_UO1167,RD19_F20_m17f1_P17_Y13_UO844,FXX,0,0.0,0,0,0.0,0,0,0,0.0,0.48828125,1,P9_CV0,1,1,1,1,1
17,0.45615033221654855,0.5684339488686485,Age0_F17_m17f19_P17_Y15_UO322,RD17_F5_m10f4_P10_Y13_UO1167,RD19_F20_m17f1_P17_Y13_UO844,MXY,0,0.0,0,0,0.0,0,0,0,0.0,0.48828125,1,P9_CV0,1,1,1,0,2
17,0.45615033221654855,0.5684339488686485,Age0_F17_m17f19_P17_Y15_UO323,RD17_F5_m10f4_P10_Y13_UO1167,RD19_F20_m17f1_P17_Y13_UO844,FXX,0,0.0,0,0,0.0,0,0,0,0.0,0.48828125,1,P9_CV0,1,1,1,1,1
17,0.45615033221654855,0.5684339488686485,Age0_F17_m17f19_P17_Y15_UO324,RD17_F5_m10f4_P10_Y13_UO1167,RD19_F20_m17f1_P17_Y13_UO844,MXY,0,0.0,0,0,0.0,0,0,0,0.0,0.48828125,1,P9_CV0,1,1,1,1,1
17,0.45615033221654855,0.5684339488686485,Age0_F17_m17f19_P17_Y15_UO326,RD17_F5_m10f4_P10_Y13_UO1167,RD19_F20_m17f1_P17_Y13_UO844,MXY,0,0.0,0,0,0.0,0,0,0,0.0,0.48828125,1,P9_CV0,1,1,1,1,1
18,0.018789800436355142,0.6176354970758771,R18_F18_m18f20_P18_Y12_UO603,RD18_F9_m3f5_P3_Y10_UO858,RD20_F9_m9f11_P9_Y10_UO1146,MXY,3,0.0,1,0,0.0,0,0,0,-9999.0,0.48828125,1,P0_CV0,1,1,1,1,1
18,0.018789800436355142,0.6176354970758771,Age0_F18_m18f9_P18_Y15_UO83,RD18_F11_m11f19_P11_Y13_UO570,RD9_F14_m14f8_P14_Y13_UO1293,MXY,0,0.0,0,0,0.0,0,0,0,0.0,0.529296875,1,P10_CV0,1,0,2,1,1
18,0.018789800436355142,0.6176354970758771,Age0_F18_m18f9_P18_Y15_UO85,RD18_F11_m11f19_P11_Y13_UO570,RD9_F14_m14f8_P14_Y13_UO1293,FXX,0,0.0,0,0,0.0,0,0,0,0.0,0.529296875,1,P10_CV0,1,0,2,1,1
18,0.018789800436355142,0.6176354970758771,Age0_F18_m18f9_P18_Y15_UO88,RD18_F11_m11f19_P11_Y13_UO570,RD9_F14_m14f8_P14_Y13_UO1293,FXX,0,0.0,0,0,0.0,0,0,0,0.0,0.529296875,1,P10_CV0,1,0,2,1,1
18,0.018789800436355142,0.6176354970758771,Age0_F18_m18f6_P18_Y15_UO244,R18_F18_m18f1_P18_Y13_UO333,R6_F6_m20f3_P20_Y13_UO413,FXX,0,0.0,0,0,0.0,0,0,0,0.0,0.501953125,1,P10_CV0,1,0,2,1,1
18,0.018789800436355142,0.6176354970758771,Age0_F18_m18f7_P18_Y15_UO345,R18_F18_m18f19_P18_Y13_UO1400,R7_F7_m12f4_P12_Y11_UO1379,FXX,0,0.0,0,0,0.0,0,0,0,0.0,0.5625,1,P10_CV0,1,1,1,2,0
18,0.018789800436355142,0.6176354970758771,Age0_F18_m18f7_P18_Y15_UO347,R18_F18_m18f19_P18_Y13_UO1400,R7_F7_m12f4_P12_Y11_UO1379,FXX,0,0.0,0,0,0.0,0,0,0,0.0,0.5625,1,P10_CV0,1,1,1,1,1
18,0.018789800436355142,0.6176354970758771,Age0_F18_m18f20_P18_Y15_UO963,RD18_F11_m10f11_P10_Y13_UO14,R20_F20_m20f6_P20_Y13_UO880,MXY,0,0.0,0,0,0.0,0,0,0,0.0,0.5234375,1,P10_CV0,1,0,2,1,1
18,0.018789800436355142,0.6176354970758771,Age0_F18_m18f20_P18_Y15_UO964,RD18_F11_m10f11_P10_Y13_UO14,R20_F20_m20f6_P20_Y13_UO880,FXX,0,0.0,0,0,0.0,0,0,0,0.0,0.5234375,1,P10_CV0,1,0,2,1,1
18,0.018789800436355142,0.6176354970758771,Age0_F18_m18f20_P18_Y15_UO966,RD18_F11_m10f11_P10_Y13_UO14,R20_F20_m20f6_P20_Y13_UO880,MXY,0,0.0,0,0,0.0,0,0,0,0.0,0.5234375,1,P10_CV0,1,0,2,1,1
18,0.018789800436355142,0.6176354970758771,Age0_F18_m18f20_P18_Y15_UO968,RD18_F11_m10f11_P10_Y13_UO14,R20_F20_m20f6_P20_Y13_UO880,FXX,0,0.0,0,0,0.0,0,0,0,0.0,0.5234375,1,P10_CV0,1,0,2,1,1
18,0.018789800436355142,0.6176354970758771,Age0_F18_m18f6_P18_Y15_UO1140,RD18_F11_m10f11_P10_Y13_UO14,R6_F6_m6f1_P6_Y13_UO1279,FXX,0,0.0,0,0,0.0,0,0,0,0.0,0.51953125,1,P10_CV0,1,1,1,1,1
18,0.018789800436355142,0.6176354970758771,Age0_F18_m18f6_P18_Y15_UO1141,RD18_F11_m10f11_P10_Y13_UO14,R6_F6_m6f1_P6_Y13_UO1279,MXY,0,0.0,0,0,0.0,0,0,0,0.0,0.51953125,1,P10_CV0,1,1,1,1,1
18,0.018789800436355142,0.6176354970758771,Age0_F18_m18f6_P18_Y15_UO1142,RD18_F11_m10f11_P10_Y13_UO14,R6_F6_m6f1_P6_Y13_UO1279,FXX,0,0.0,0,0,0.0,0,0,0,0.0,0.51953125,1,P10_CV0,1,1,1,1,1
18,0.018789800436355142,0.6176354970758771,Age0_F18_m18f6_P18_Y15_UO1143,RD18_F11_m10f11_P10_Y13_UO14,R6_F6_m6f1_P6_Y13_UO1279,FXX,0,0.0,0,0,0.0,0,0,0,0.0,0.51953125,1,P10_CV0,1,1,1,1,1
18,0.018789800436355142,0.6176354970758771,Age0_F18_m18f6_P18_Y15_UO1145,RD18_F11_m10f11_P10_Y13_UO14,R6_F6_m6f1_P6_Y13_UO1279,FXX,0,0.0,0,0,0.0,0,0,0,0.0,0.51953125,1,P10_CV0,1,1,1,2,0
18,0.018789800436355142,0.6176354970758771,Age0_F18_m18f6_P18_Y15_UO1146,RD18_F11_m10f11_P10_Y13_UO14,R6_F6_m6f1_P6_Y13_UO1279,FXX,0,0.0,0,0,0.0,0,0,0,0.0,0.51953125,1,P10_CV0,1,1,1,1,1
18,0.018789800436355142,0.6176354970758771,Age0_F18_m18f6_P18_Y15_UO1147,RD18_F11_m10f11_P10_Y13_UO14,R6_F6_m6f1_P6_Y13_UO1279,FXX,0,0.0,0,0,0.0,0,0,0,0.0,0.51953125,1,P10_CV0,1,1,1,1,1
18,0.018789800436355142,0.6176354970758771,R18_F18_m7f18_P7_Y14_UO500,RD7_F3_m3f20_P3_Y12_UO336,R18_F18_m18f17_P18_Y12_UO1129,FXX,1,0.0,1,1,1.0,0,0,0,-9999.0,0.517578125,1,P10_CV0,1,1,1,1,1
18,0.018789800436355142,0.6176354970758771,R18_F18_m11f19_P11_Y13_UO570,R11_F11_m20f5_P20_Y11_UO507,R19_F19_m19f7_P19_Y11_UO942,FXX,2,0.0,1,0,1.0,0,0,0,-9999.0,0.54296875,1,P10_CV0,1,0,2,2,0
18,0.018789800436355142,0.6176354970758771,R18_F18_m18f5_P18_Y14_UO960,RD18_F13_m16f20_P16_Y12_UO1081,RD5_F11_m11f8_P11_Y12_UO892,MXY,1,0.0,1,1,0.0,0,0,0,-9999.0,0.578125,1,P11_CV0,1,2,0,2,0
18,0.018789800436355142,0.6176354970758771,R18_F18_m2f7_P2_Y14_UO230,R2_F2_m16f20_P16_Y12_UO1077,RD7_F8_m10f7_P10_Y12_UO261,MXY,1,0.0,1,1,0.0,0,0,0,-9999.0,0.580078125,1,P11_CV0,1,2,0,1,1
18,0.018789800436355142,0.6176354970758771,R18_F18_m18f9_P18_Y14_UO539,R18_F18_m20f16_P20_Y12_UO1271,R9_F9_m10f4_P10_Y12_UO301,MXY,1,0.0,1,1,0.0,0,0,0,-9999.0,0.517578125,1,P11_CV0,1,1,1,1,1
18,0.018789800436355142,0.6176354970758771,R18_F18_m18f5_P18_Y14_UO971,RD18_F13_m16f20_P16_Y12_UO1081,RD5_F11_m11f8_P11_Y12_UO892,FXX,1,0.0,1,1,1.0,0,0,0,-9999.0,0.578125,1,P11_CV0,1,2,0,2,0
18,0.018789800436355142,0.6176354970758771,R18_F18_m18f8_P18_Y14_UO199,R18_F18_m18f10_P18_Y12_UO296,R8_F8_m12f15_P12_Y12_UO184,MXY,1,0.0,1,1,0.0,0,0,0,-9999.0,0.537109375,1,P12_CV0,1,2,0,0,2
18,0.018789800436355142,0.6176354970758771,R18_F18_m18f8_P18_Y14_UO196,R18_F18_m18f10_P18_Y12_UO296,R8_F8_m12f15_P12_Y12_UO184,MXY,1,0.0,1,1,0.0,0,0,0,-9999.0,0.537109375,1,P12_CV0,1,2,0,1,1
18,0.018789800436355142,0.6176354970758771,R18_F18_m18f12_P18_Y13_UO271,RD18_F15_m18f5_P18_Y11_UO1200,R12_F12_m12f4_P12_Y11_UO1383,MXY,2,0.0,1,0,0.0,0,0,0,-9999.0,0.52734375,1,P12_CV0,1,1,1,0,2
18,0.018789800436355142,0.6176354970758771,Age0_F18_m18f6_P18_Y15_UO245,R18_F18_m18f1_P18_Y13_UO333,R6_F6_m20f3_P20_Y13_UO413,FXX,0,0.0,0,0,0.0,0,0,0,0.0,0.501953125,1,P13_CV0,1,1,1,1,1
18,0.018789800436355142,0.6176354970758771,Age0_F18_m18f6_P18_Y15_UO246,R18_F18_m18f1_P18_Y13_UO333,R6_F6_m20f3_P20_Y13_UO413,FXX,0,0.0,0,0,0.0,0,0,0,0.0,0.501953125,1,P13_CV0,1,1,1,2,0
18,0.018789800436355142,0.6176354970758771,Age0_F18_m18f6_P18_Y15_UO247,R18_F18_m18f1_P18_Y13_UO333,R6_F6_m20f3_P20_Y13_UO413,MXY,0,0.0,0,0,0.0,0,0,0,0.0,0.501953125,1,P13_CV0,1,0,2,1,1
18,0.018789800436355142,0.6176354970758771,Age0_F18_m18f4_P18_Y15_UO480,R18_F18_m18f1_P18_Y13_UO333,R4_F4_m20f3_P20_Y13_UO603,FXX,0,0.0,0,0,0.0,0,0,0,0.0,0.478515625,1,P13_CV0,1,0,2,2,0
18,0.018789800436355142,0.6176354970758771,Age0_F18_m18f4_P18_Y15_UO481,R18_F18_m18f1_P18_Y13_UO333,R4_F4_m20f3_P20_Y13_UO603,FXX,0,0.0,0,0,0.0,0,0,0,0.0,0.478515625,1,P13_CV0,1,0,2,2,0
18,0.018789800436355142,0.6176354970758771,Age0_F18_m18f4_P18_Y15_UO483,R18_F18_m18f1_P18_Y13_UO333,R4_F4_m20f3_P20_Y13_UO603,FXX,0,0.0,0,0,0.0,0,0,0,0.0,0.478515625,1,P13_CV0,1,0,2,2,0
18,0.018789800436355142,0.6176354970758771,Age0_F18_m18f4_P18_Y15_UO484,R18_F18_m18f1_P18_Y13_UO333,R4_F4_m20f3_P20_Y13_UO603,FXX,0,0.0,0,0,0.0,0,0,0,0.0,0.478515625,1,P13_CV0,1,0,2,2,0
18,0.018789800436355142,0.6176354970758771,R18_F18_m19f14_P19_Y14_UO239,RD19_F1_m1f13_P1_Y12_UO496,RD14_F4_m4f5_P4_Y11_UO840,MXY,1,0.0,1,1,0.0,0,0,0,-9999.0,0.498046875,1,P13_CV0,1,1,1,1,1
18,0.018789800436355142,0.6176354970758771,R18_F18_m18f14_P18_Y14_UO407,R18_F18_m13f6_P13_Y12_UO347,R14_F14_m14f8_P14_Y12_UO963,MXY,1,0.0,1,1,0.0,0,0,0,-9999.0,0.52734375,1,P13_CV0,1,2,0,1,1
18,0.018789800436355142,0.6176354970758771,R18_F18_m18f14_P18_Y14_UO417,R18_F18_m13f6_P13_Y12_UO347,R14_F14_m14f8_P14_Y12_UO963,MXY,1,0.0,1,1,0.0,0,0,0,-9999.0,0.52734375,1,P13_CV0,1,1,1,1,1
18,0.018789800436355142,0.6176354970758771,R18_F18_m18f1_P18_Y13_UO333,R18_F18_m13f19_P13_Y11_UO715,R1_F1_m13f8_P13_Y11_UO85,FXX,2,0.0,1,0,1.0,0,0,0,-9999.0,0.46484375,1,P13_CV0,1,0,2,2,0
18,0.018789800436355142,0.6176354970758771,Age0_F18_m18f20_P18_Y15_UO965,RD18_F11_m10f11_P10_Y13_UO14,R20_F20_m20f6_P20_Y13_UO880,FXX,0,0.0,0,0,0.0,0,0,0,0.0,0.5234375,1,P15_CV0,1,0,2,2,0
18,0.018789800436355142,0.6176354970758771,Age0_F18_m18f20_P18_Y15_UO967,RD18_F11_m10f11_P10_Y13_UO14,R20_F20_m20f6_P20_Y13_UO880,FXX,0,0.0,0,0,0.0,0,0,0,0.0,0.5234375,1,P15_CV0,1,0,2,1,1
18,0.018789800436355142,0.6176354970758771,R18_F18_m8f1_P8_Y14_UO1090,RD8_F10_m10f7_P10_Y12_UO254,R1_F1_m16f14_P16_Y12_UO1055,MXY,1,0.0,1,1,0.0,0,0,0,-9999.0,0.54296875,1,P15_CV0,1,0,2,0,2
18,0.018789800436355142,0.6176354970758771,R18_F18_m17f15_P17_Y13_UO613,R17_F17_m2f6_P2_Y11_UO1225,R15_F15_m15f14_P15_Y11_UO492,FXX,2,0.0,1,0,1.0,0,0,0,-9999.0,0.53125,1,P17_CV0,1,1,1,1,1
18,0.018789800436355142,0.6176354970758771,R18_F18_m17f1_P17_Y13_UO846,RD17_F8_m18f5_P18_Y11_UO599,R1_F1_m4f7_P4_Y11_UO300,MXY,2,0.0,1,0,0.0,0,0,0,-9999.0,0.51953125,1,P17_CV0,1,1,1,1,1
18,0.018789800436355142,0.6176354970758771,R18_F18_m18f5_P18_Y14_UO963,RD18_F13_m16f20_P16_Y12_UO1081,RD5_F11_m11f8_P11_Y12_UO892,MXY,1,0.0,1,1,0.0,0,0,0,-9999.0,0.578125,1,P18_CV0,1,1,1,2,0
18,0.018789800436355142,0.6176354970758771,R18_F18_m18f5_P18_Y14_UO962,RD18_F13_m16f20_P16_Y12_UO1081,RD5_F11_m11f8_P11_Y12_UO892,FXX,1,0.0,1,1,1.0,0,0,0,-9999.0,0.578125,1,P18_CV0,1,2,0,2,0
18,0.018789800436355142,0.6176354970758771,R18_F18_m7f14_P7_Y14_UO1182,R7_F7_m13f14_P13_Y12_UO1195,R14_F14_m14f8_P14_Y12_UO963,FXX,1,0.0,1,1,1.0,0,0,0,-9999.0,0.51171875,1,P19_CV0,1,1,1,2,0
18,0.018789800436355142,0.6176354970758771,R18_F18_m8f6_P8_Y14_UO590,RD8_F9_m9f12_P9_Y12_UO1091,RD6_F1_m6f14_P6_Y12_UO995,FXX,1,0.0,1,1,1.0,0,0,0,-9999.0,0.560546875,1,P19_CV0,1,2,0,2,0
18,0.018789800436355142,0.6176354970758771,R18_F18_m18f14_P18_Y14_UO426,R18_F18_m13f6_P13_Y12_UO347,R14_F14_m14f8_P14_Y12_UO963,FXX,1,0.0,1,1,1.0,0,0,0,-9999.0,0.52734375,1,P19_CV0,1,1,1,1,1
18,0.018789800436355142,0.6176354970758771,R18_F18_m18f14_P18_Y14_UO428,R18_F18_m13f6_P13_Y12_UO347,R14_F14_m14f8_P14_Y12_UO963,FXX,1,0.0,1,1,1.0,0,0,0,-9999.0,0.52734375,1,P19_CV0,1,2,0,0,2
18,0.018789800436355142,0.6176354970758771,R18_F18_m10f13_P10_Y14_UO27,RD10_F19_m3f13_P3_Y12_UO939,RD13_F8_m8f16_P8_Y12_UO278,MXY,1,0.0,1,1,0.0,0,0,0,-9999.0,0.5546875,1,P19_CV0,1,1,1,0,2
18,0.018789800436355142,0.6176354970758771,R18_F18_m18f14_P18_Y14_UO408,R18_F18_m13f6_P13_Y12_UO347,R14_F14_m14f8_P14_Y12_UO963,MXY,1,0.0,1,1,0.0,0,0,0,-9999.0,0.52734375,1,P19_CV0,1,1,1,1,1
18,0.018789800436355142,0.6176354970758771,R18_F18_m2f8_P2_Y14_UO298,R2_F2_m11f12_P11_Y12_UO1050,RD8_F12_m12f10_P12_Y12_UO437,MXY,1,0.0,1,1,0.0,0,0,0,-9999.0,0.544921875,1,P19_CV0,1,1,1,0,2
18,0.018789800436355142,0.6176354970758771,R18_F18_m3f13_P3_Y12_UO951,R3_F3_m3f1_P3_Y10_UO320,RD13_F5_m11f3_P11_Y9_UO273,FXX,3,0.0,1,0,1.0,0,0,0,-9999.0,0.515625,1,P19_CV0,1,0,2,1,1
18,0.018789800436355142,0.6176354970758771,Age0_F18_m18f15_P18_Y15_UO114,RD18_F7_m6f12_P6_Y13_UO1389,R15_F15_m7f1_P7_Y12_UO102,FXX,0,0.0,0,0,0.0,0,0,0,0.0,0.51953125,1,P2_CV0,1,2,0,0,2
18,0.018789800436355142,0.6176354970758771,Age0_F18_m18f15_P18_Y15_UO116,RD18_F7_m6f12_P6_Y13_UO1389,R15_F15_m7f1_P7_Y12_UO102,MXY,0,0.0,0,0,0.0,0,0,0,0.0,0.51953125,1,P2_CV0,1,2,0,0,2
18,0.018789800436355142,0.6176354970758771,R18_F18_m9f12_P9_Y14_UO518,RD9_F1_m10f1_P10_Y12_UO1210,RD12_F8_m19f18_P19_Y12_UO114,MXY,1,0.0,1,1,0.0,0,0,0,-9999.0,0.6015625,1,P2_CV0,1,2,0,1,1
18,0.018789800436355142,0.6176354970758771,R18_F18_m14f15_P14_Y14_UO654,RD14_F1_m1f6_P1_Y12_UO673,RD15_F7_m7f1_P7_Y12_UO102,FXX,1,0.0,1,1,1.0,0,0,0,-9999.0,0.521484375,1,P2_CV0,1,2,0,0,2
18,0.018789800436355142,0.6176354970758771,R18_F18_m19f10_P19_Y14_UO1245,RD19_F7_m19f18_P19_Y12_UO116,RD10_F18_m9f3_P9_Y12_UO846,FXX,1,0.0,1,1,1.0,0,0,0,-9999.0,0.546875,1,P2_CV0,1,1,1,0,2
18,0.018789800436355142,0.6176354970758771,R18_F18_m13f15_P13_Y14_UO1198,R13_F13_m9f3_P9_Y12_UO847,RD15_F7_m7f1_P7_Y12_UO102,MXY,1,0.0,1,1,0.0,0,0,0,-9999.0,0.5078125,1,P2_CV0,1,2,0,1,1
18,0.018789800436355142,0.6176354970758771,Age0_F18_m18f17_P18_Y15_UO349,R18_F18_m18f19_P18_Y13_UO1400,RD17_F3_m3f7_P3_Y13_UO625,FXX,0,0.0,0,0,0.0,0,0,0,0.0,0.546875,1,P5_CV0,1,1,1,0,2
18,0.018789800436355142,0.6176354970758771,Age0_F18_m18f17_P18_Y15_UO350,R18_F18_m18f19_P18_Y13_UO1400,RD17_F3_m3f7_P3_Y13_UO625,FXX,0,0.0,0,0,0.0,0,0,0,0.0,0.546875,1,P5_CV0,1,2,0,1,1
18,0.018789800436355142,0.6176354970758771,Age0_F18_m18f9_P18_Y15_UO452,R18_F18_m15f12_P15_Y13_UO952,RD9_F14_m14f8_P14_Y13_UO1293,FXX,0,0.0,0,0,0.0,0,0,0,0.0,0.5234375,1,P5_CV0,1,2,0,1,1
18,0.018789800436355142,0.6176354970758771,Age0_F18_m18f9_P18_Y15_UO453,R18_F18_m15f12_P15_Y13_UO952,RD9_F14_m14f8_P14_Y13_UO1293,MXY,0,0.0,0,0,0.0,0,0,0,0.0,0.5234375,1,P5_CV0,1,1,1,0,2
18,0.018789800436355142,0.6176354970758771,Age0_F18_m18f9_P18_Y15_UO455,R18_F18_m15f12_P15_Y13_UO952,RD9_F14_m14f8_P14_Y13_UO1293,FXX,0,0.0,0,0,0.0,0,0,0,0.0,0.5234375,1,P5_CV0,1,1,1,1,1
18,0.018789800436355142,0.6176354970758771,R18_F18_m18f20_P18_Y12_UO600,RD18_F9_m3f5_P3_Y10_UO858,RD20_F9_m9f11_P9_Y10_UO1146,MXY,3,0.0,1,0,0.0,0,0,0,-9999.0,0.48828125,1,P6_CV0,1,1,1,2,0
18,0.018789800436355142,0.6176354970758771,Age0_F18_m18f14_P18_Y15_UO618,RD18_F7_m6f12_P6_Y13_UO1389,RD14_F4_m4f3_P4_Y13_UO227,MXY,0,0.0,0,0,0.0,0,0,0,0.0,0.525390625,1,P7_CV0,1,1,1,0,2
18,0.018789800436355142,0.6176354970758771,Age0_F18_m18f14_P18_Y15_UO621,RD18_F7_m6f12_P6_Y13_UO1389,RD14_F4_m4f3_P4_Y13_UO227,FXX,0,0.0,0,0,0.0,0,0,0,0.0,0.525390625,1,P7_CV0,1,1,1,0,2
18,0.018789800436355142,0.6176354970758771,Age0_F18_m18f14_P18_Y15_UO622,RD18_F7_m6f12_P6_Y13_UO1389,RD14_F4_m4f3_P4_Y13_UO227,MXY,0,0.0,0,0,0.0,0,0,0,0.0,0.525390625,1,P7_CV0,1,0,2,0,2
18,0.018789800436355142,0.6176354970758771,R18_F18_m18f4_P18_Y13_UO708,RD18_F14_m14f1_P14_Y11_UO988,RD4_F7_m7f11_P7_Y11_UO956,MXY,2,0.0,1,0,0.0,0,0,0,-9999.0,0.4609375,1,P7_CV0,1,2,0,1,1
18,0.018789800436355142,0.6176354970758771,Age0_F18_m18f19_P18_Y15_UO53,RD18_F7_m6f12_P6_Y13_UO1389,RD19_F2_m4f19_P4_Y12_UO1009,FXX,0,0.0,0,0,0.0,0,0,0,0.0,0.5390625,1,P8_CV0,1,0,2,1,1
18,0.018789800436355142,0.6176354970758771,Age0_F18_m18f9_P18_Y15_UO84,RD18_F11_m11f19_P11_Y13_UO570,RD9_F14_m14f8_P14_Y13_UO1293,MXY,0,0.0,0,0,0.0,0,0,0,0.0,0.529296875,1,P8_CV0,1,0,2,1,1
18,0.018789800436355142,0.6176354970758771,Age0_F18_m18f9_P18_Y15_UO86,RD18_F11_m11f19_P11_Y13_UO570,RD9_F14_m14f8_P14_Y13_UO1293,MXY,0,0.0,0,0,0.0,0,0,0,0.0,0.529296875,1,P8_CV0,1,1,1,1,1
18,0.018789800436355142,0.6176354970758771,Age0_F18_m18f9_P18_Y15_UO87,RD18_F11_m11f19_P11_Y13_UO570,RD9_F14_m14f8_P14_Y13_UO1293,FXX,0,0.0,0,0,0.0,0,0,0,0.0,0.529296875,1,P8_CV0,1,0,2,1,1
18,0.018789800436355142,0.6176354970758771,Age0_F18_m18f15_P18_Y15_UO112,RD18_F7_m6f12_P6_Y13_UO1389,R15_F15_m7f1_P7_Y12_UO102,FXX,0,0.0,0,0,0.0,0,0,0,0.0,0.51953125,1,P8_CV0,1,1,1,0,2
18,0.018789800436355142,0.6176354970758771,Age0_F18_m18f15_P18_Y15_UO113,RD18_F7_m6f12_P6_Y13_UO1389,R15_F15_m7f1_P7_Y12_UO102,FXX,0,0.0,0,0,0.0,0,0,0,0.0,0.51953125,1,P8_CV0,1,1,1,1,1
18,0.018789800436355142,0.6176354970758771,Age0_F18_m18f15_P18_Y15_UO115,RD18_F7_m6f12_P6_Y13_UO1389,R15_F15_m7f1_P7_Y12_UO102,FXX,0,0.0,0,0,0.0,0,0,0,0.0,0.51953125,1,P8_CV0,1,2,0,0,2
18,0.018789800436355142,0.6176354970758771,Age0_F18_m18f7_P18_Y15_UO344,R18_F18_m18f19_P18_Y13_UO1400,R7_F7_m12f4_P12_Y11_UO1379,FXX,0,0.0,0,0,0.0,0,0,0,0.0,0.5625,1,P8_CV0,1,1,1,2,0
18,0.018789800436355142,0.6176354970758771,Age0_F18_m18f7_P18_Y15_UO346,R18_F18_m18f19_P18_Y13_UO1400,R7_F7_m12f4_P12_Y11_UO1379,MXY,0,0.0,0,0,0.0,0,0,0,0.0,0.5625,1,P8_CV0,1,1,1,0,2
18,0.018789800436355142,0.6176354970758771,Age0_F18_m18f17_P18_Y15_UO348,R18_F18_m18f19_P18_Y13_UO1400,RD17_F3_m3f7_P3_Y13_UO625,MXY,0,0.0,0,0,0.0,0,0,0,0.0,0.546875,1,P8_CV0,1,1,1,1,1
18,0.018789800436355142,0.6176354970758771,Age0_F18_m18f17_P18_Y15_UO351,R18_F18_m18f19_P18_Y13_UO1400,RD17_F3_m3f7_P3_Y13_UO625,MXY,0,0.0,0,0,0.0,0,0,0,0.0,0.546875,1,P8_CV0,1,2,0,2,0
18,0.018789800436355142,0.6176354970758771,Age0_F18_m18f17_P18_Y15_UO352,R18_F18_m18f19_P18_Y13_UO1400,RD17_F3_m3f7_P3_Y13_UO625,FXX,0,0.0,0,0,0.0,0,0,0,0.0,0.546875,1,P8_CV0,1,1,1,2,0
18,0.018789800436355142,0.6176354970758771,Age0_F18_m18f9_P18_Y15_UO451,R18_F18_m15f12_P15_Y13_UO952,RD9_F14_m14f8_P14_Y13_UO1293,FXX,0,0.0,0,0,0.0,0,0,0,0.0,0.5234375,1,P8_CV0,1,1,1,0,2
18,0.018789800436355142,0.6176354970758771,Age0_F18_m18f9_P18_Y15_UO454,R18_F18_m15f12_P15_Y13_UO952,RD9_F14_m14f8_P14_Y13_UO1293,MXY,0,0.0,0,0,0.0,0,0,0,0.0,0.5234375,1,P8_CV0,1,0,2,0,2
18,0.018789800436355142,0.6176354970758771,Age0_F18_m18f4_P18_Y15_UO482,R18_F18_m18f1_P18_Y13_UO333,R4_F4_m20f3_P20_Y13_UO603,FXX,0,0.0,0,0,0.0,0,0,0,0.0,0.478515625,1,P8_CV0,1,1,1,2,0
18,0.018789800436355142,0.6176354970758771,Age0_F18_m18f4_P18_Y15_UO485,R18_F18_m18f1_P18_Y13_UO333,R4_F4_m20f3_P20_Y13_UO603,FXX,0,0.0,0,0,0.0,0,0,0,0.0,0.478515625,1,P8_CV0,1,0,2,2,0
18,0.018789800436355142,0.6176354970758771,Age0_F18_m18f14_P18_Y15_UO619,RD18_F7_m6f12_P6_Y13_UO1389,RD14_F4_m4f3_P4_Y13_UO227,FXX,0,0.0,0,0,0.0,0,0,0,0.0,0.525390625,1,P8_CV0,1,0,2,0,2
18,0.018789800436355142,0.6176354970758771,Age0_F18_m18f14_P18_Y15_UO620,RD18_F7_m6f12_P6_Y13_UO1389,RD14_F4_m4f3_P4_Y13_UO227,FXX,0,0.0,0,0,0.0,0,0,0,0.0,0.525390625,1,P8_CV0,1,0,2,0,2
18,0.018789800436355142,0.6176354970758771,R18_F18_m18f9_P18_Y14_UO534,R18_F18_m20f16_P20_Y12_UO1271,R9_F9_m10f4_P10_Y12_UO301,FXX,1,0.0,1,1,1.0,0,0,0,-9999.0,0.517578125,1,P8_CV0,1,1,1,1,1
18,0.018789800436355142,0.6176354970758771,R18_F18_m18f9_P18_Y14_UO535,R18_F18_m20f16_P20_Y12_UO1271,R9_F9_m10f4_P10_Y12_UO301,MXY,1,0.0,1,1,0.0,0,0,0,-9999.0,0.517578125,1,P8_CV0,1,0,2,2,0
18,0.018789800436355142,0.6176354970758771,R18_F18_m9f16_P9_Y14_UO826,R9_F9_m6f11_P6_Y12_UO761,R16_F16_m14f11_P14_Y12_UO1181,FXX,1,0.0,1,1,1.0,0,0,0,-9999.0,0.474609375,1,P8_CV0,1,1,1,0,2
18,0.018789800436355142,0.6176354970758771,R18_F18_m18f9_P18_Y14_UO537,R18_F18_m20f16_P20_Y12_UO1271,R9_F9_m10f4_P10_Y12_UO301,FXX,1,0.0,1,1,1.0,0,0,0,-9999.0,0.517578125,1,P8_CV0,1,1,1,2,0
18,0.018789800436355142,0.6176354970758771,R18_F18_m6f12_P6_Y13_UO1389,RD6_F20_m20f16_P20_Y11_UO749,RD12_F4_m16f7_P16_Y11_UO883,FXX,2,0.0,1,0,1.0,0,0,0,-9999.0,0.515625,1,P8_CV0,1,1,1,0,2
18,0.018789800436355142,0.6176354970758771,R18_F18_m13f11_P13_Y12_UO48,RD13_F16_m16f4_P16_Y10_UO550,RD11_F8_m9f13_P9_Y10_UO496,MXY,3,0.0,1,0,0.0,0,0,0,-9999.0,0.46875,1,P8_CV0,1,2,0,1,1
18,0.018789800436355142,0.6176354970758771,Age0_F18_m18f19_P18_Y15_UO52,RD18_F7_m6f12_P6_Y13_UO1389,RD19_F2_m4f19_P4_Y12_UO1009,FXX,0,0.0,0,0,0.0,0,0,0,0.0,0.5390625,1,P9_CV0,1,1,1,1,1
18,0.018789800436355142,0.6176354970758771,Age0_F18_m18f19_P18_Y15_UO54,RD18_F7_m6f12_P6_Y13_UO1389,RD19_F2_m4f19_P4_Y12_UO1009,FXX,0,0.0,0,0,0.0,0,0,0,0.0,0.5390625,1,P9_CV0,1,1,1,1,1
18,0.018789800436355142,0.6176354970758771,Age0_F18_m18f19_P18_Y15_UO55,RD18_F7_m6f12_P6_Y13_UO1389,RD19_F2_m4f19_P4_Y12_UO1009,FXX,0,0.0,0,0,0.0,0,0,0,0.0,0.5390625,1,P9_CV0,1,1,1,1,1
18,0.018789800436355142,0.6176354970758771,Age0_F18_m18f19_P18_Y15_UO56,RD18_F7_m6f12_P6_Y13_UO1389,RD19_F2_m4f19_P4_Y12_UO1009,MXY,0,0.0,0,0,0.0,0,0,0,0.0,0.5390625,1,P9_CV0,1,0,2,1,1
18,0.018789800436355142,0.6176354970758771,Age0_F18_m18f19_P18_Y15_UO57,RD18_F7_m6f12_P6_Y13_UO1389,RD19_F2_m4f19_P4_Y12_UO1009,MXY,0,0.0,0,0,0.0,0,0,0,0.0,0.5390625,1,P9_CV0,1,0,2,1,1
18,0.018789800436355142,0.6176354970758771,Age0_F18_m18f6_P18_Y15_UO1144,RD18_F11_m10f11_P10_Y13_UO14,R6_F6_m6f1_P6_Y13_UO1279,FXX,0,0.0,0,0,0.0,0,0,0,0.0,0.51953125,1,P9_CV0,1,1,1,1,1
18,0.018789800436355142,0.6176354970758771,R18_F18_m9f16_P9_Y13_UO806,RD9_F14_m9f20_P9_Y11_UO363,R16_F16_m13f3_P13_Y10_UO1020,FXX,2,0.0,1,0,1.0,0,0,0,-9999.0,0.484375,1,P9_CV0,1,2,0,1,1
19,0.6120957227224214,0.6169339968747569,R19_F19_m1f12_P1_Y14_UO915,RD1_F17_m17f7_P17_Y12_UO15,R12_F12_m12f3_P12_Y12_UO1096,FXX,1,0.0,1,1,1.0,0,0,0,-9999.0,0.537109375,1,P0_CV0,1,1,1,2,0
19,0.6120957227224214,0.6169339968747569,R19_F19_m16f12_P16_Y13_UO135,R16_F16_m13f19_P13_Y11_UO721,RD12_F20_m20f10_P20_Y11_UO42,MXY,2,0.0,1,0,0.0,0,0,0,-9999.0,0.5078125,1,P0_CV0,1,2,0,2,0
19,0.6120957227224214,0.6169339968747569,Age0_F19_m19f16_P19_Y15_UO299,RD19_F7_m13f14_P13_Y13_UO756,RD16_F13_m13f14_P13_Y13_UO752,FXX,0,0.0,0,0,0.0,0,0,0,0.0,0.5625,1,P10_CV0,1,2,0,0,2
19,0.6120957227224214,0.6169339968747569,Age0_F19_m19f16_P19_Y15_UO300,RD19_F7_m13f14_P13_Y13_UO756,RD16_F13_m13f14_P13_Y13_UO752,MXY,0,0.0,0,0,0.0,0,0,0,0.0,0.5625,1,P10_CV0,1,2,0,0,2
19,0.6120957227224214,0.6169339968747569,Age0_F19_m19f16_P19_Y15_UO301,RD19_F7_m13f14_P13_Y13_UO756,RD16_F13_m13f14_P13_Y13_UO752,FXX,0,0.0,0,0,0.0,0,0,0,0.0,0.5625,1,P10_CV0,1,2,0,0,2
19,0.6120957227224214,0.6169339968747569,Age0_F19_m19f16_P19_Y15_UO302,RD19_F7_m13f14_P13_Y13_UO756,RD16_F13_m13f14_P13_Y13_UO752,MXY,0,0.0,0,0,0.0,0,0,0,0.0,0.5625,1,P10_CV0,1,2,0,0,2
19,0.6120957227224214,0.6169339968747569,Age0_F19_m19f5_P19_Y15_UO662,RD19_F7_m13f14_P13_Y13_UO756,R5_F5_m5f1_P5_Y13_UO453,MXY,0,0.0,0,0,0.0,0,0,0,0.0,0.501953125,1,P10_CV0,1,1,1,1,1
19,0.6120957227224214,0.6169339968747569,Age0_F19_m19f5_P19_Y15_UO663,RD19_F7_m13f14_P13_Y13_UO756,R5_F5_m5f1_P5_Y13_UO453,MXY,0,0.0,0,0,0.0,0,0,0,0.0,0.501953125,1,P10_CV0,1,1,1,1,1
19,0.6120957227224214,0.6169339968747569,Age0_F19_m19f5_P19_Y15_UO664,RD19_F7_m13f14_P13_Y13_UO756,R5_F5_m5f1_P5_Y13_UO453,MXY,0,0.0,0,0,0.0,0,0,0,0.0,0.501953125,1,P10_CV0,1,1,1,1,1
19,0.6120957227224214,0.6169339968747569,Age0_F19_m19f5_P19_Y15_UO665,RD19_F7_m13f14_P13_Y13_UO756,R5_F5_m5f1_P5_Y13_UO453,MXY,0,0.0,0,0,0.0,0,0,0,0.0,0.501953125,1,P10_CV0,1,1,1,1,1
19,0.6120957227224214,0.6169339968747569,R19_F19_m2f18_P2_Y14_UO1061,R2_F2_m16f20_P16_Y12_UO1077,R18_F18_m18f17_P18_Y12_UO1129,MXY,1,0.0,1,1,0.0,0,0,0,-9999.0,0.55859375,1,P10_CV0,1,2,0,2,0
19,0.6120957227224214,0.6169339968747569,R19_F19_m19f16_P19_Y14_UO1233,R19_F19_m4f11_P4_Y12_UO1156,RD16_F8_m2f6_P2_Y12_UO898,MXY,1,0.0,1,1,0.0,0,0,0,-9999.0,0.50390625,1,P10_CV0,1,2,0,1,1
19,0.6120957227224214,0.6169339968747569,R19_F19_m14f16_P14_Y14_UO560,RD14_F12_m12f15_P12_Y12_UO183,R16_F16_m16f15_P16_Y12_UO1249,MXY,1,0.0,1,1,0.0,0,0,0,-9999.0,0.5390625,1,P10_CV0,1,1,1,2,0
19,0.6120957227224214,0.6169339968747569,R19_F19_m4f20_P4_Y14_UO106,RD4_F9_m17f4_P17_Y12_UO32,R20_F20_m5f20_P5_Y12_UO748,MXY,1,0.0,1,1,0.0,0,0,0,-9999.0,0.55078125,1,P11_CV0,1,2,0,1,1
19,0.6120957227224214,0.6169339968747569,R19_F19_m1f4_P1_Y14_UO787,R1_F1_m1f4_P1_Y12_UO396,R4_F4_m13f9_P13_Y12_UO1101,MXY,1,0.0,1,1,0.0,0,0,0,-9999.0,0.55078125,1,P11_CV0,1,1,1,1,1
19,0.6120957227224214,0.6169339968747569,Age0_F19_m19f2_P19_Y15_UO785,RD19_F8_m8f18_P8_Y13_UO688,RD2_F1_m6f16_P6_Y13_UO238,FXX,0,0.0,0,0,0.0,0,0,0,0.0,0.525390625,1,P12_CV0,1,1,1,0,2
19,0.6120957227224214,0.6169339968747569,Age0_F19_m19f2_P19_Y15_UO787,RD19_F8_m8f18_P8_Y13_UO688,RD2_F1_m6f16_P6_Y13_UO238,FXX,0,0.0,0,0,0.0,0,0,0,0.0,0.525390625,1,P12_CV0,1,1,1,0,2
19,0.6120957227224214,0.6169339968747569,Age0_F19_m19f2_P19_Y15_UO788,RD19_F8_m8f18_P8_Y13_UO688,RD2_F1_m6f16_P6_Y13_UO238,FXX,0,0.0,0,0,0.0,0,0,0,0.0,0.525390625,1,P12_CV0,1,1,1,0,2
19,0.6120957227224214,0.6169339968747569,Age0_F19_m19f2_P19_Y15_UO789,RD19_F8_m8f18_P8_Y13_UO688,RD2_F1_m6f16_P6_Y13_UO238,FXX,0,0.0,0,0,0.0,0,0,0,0.0,0.525390625,1,P12_CV0,1,1,1,0,2
19,0.6120957227224214,0.6169339968747569,Age0_F19_m19f2_P19_Y15_UO790,RD19_F8_m8f18_P8_Y13_UO688,RD2_F1_m6f16_P6_Y13_UO238,FXX,0,0.0,0,0,0.0,0,0,0,0.0,0.525390625,1,P12_CV0,1,1,1,0,2
19,0.6120957227224214,0.6169339968747569,R19_F19_m15f5_P15_Y14_UO478,R15_F15_m4f14_P4_Y12_UO854,RD5_F11_m11f8_P11_Y12_UO892,FXX,1,0.0,1,1,1.0,0,0,0,-9999.0,0.5703125,1,P12_CV0,1,2,0,1,1
19,0.6120957227224214,0.6169339968747569,Age0_F19_m19f4_P19_Y15_UO202,R19_F19_m19f5_P19_Y13_UO39,R4_F4_m20f3_P20_Y13_UO603,FXX,0,0.0,0,0,0.0,0,0,0,0.0,0.5078125,1,P13_CV0,1,1,1,2,0
19,0.6120957227224214,0.6169339968747569,Age0_F19_m19f4_P19_Y15_UO204,R19_F19_m19f5_P19_Y13_UO39,R4_F4_m20f3_P20_Y13_UO603,MXY,0,0.0,0,0,0.0,0,0,0,0.0,0.5078125,1,P13_CV0,1,0,2,2,0
19,0.6120957227224214,0.6169339968747569,Age0_F19_m19f12_P19_Y15_UO514,RD19_F8_m8f18_P8_Y13_UO688,RD12_F3_m3f16_P3_Y13_UO524,MXY,0,0.0,0,0,0.0,0,0,0,0.0,0.4609375,1,P13_CV0,1,2,0,1,1
19,0.6120957227224214,0.6169339968747569,Age0_F19_m19f12_P19_Y15_UO516,RD19_F8_m8f18_P8_Y13_UO688,RD12_F3_m3f16_P3_Y13_UO524,FXX,0,0.0,0,0,0.0,0,0,0,0.0,0.4609375,1,P13_CV0,1,2,0,1,1
19,0.6120957227224214,0.6169339968747569,Age0_F19_m19f12_P19_Y15_UO520,RD19_F8_m8f18_P8_Y13_UO688,RD12_F3_m3f16_P3_Y13_UO524,MXY,0,0.0,0,0,0.0,0,0,0,0.0,0.4609375,1,P13_CV0,1,2,0,0,2
19,0.6120957227224214,0.6169339968747569,Age0_F19_m19f5_P19_Y15_UO659,RD19_F7_m13f14_P13_Y13_UO756,R5_F5_m5f1_P5_Y13_UO453,MXY,0,0.0,0,0,0.0,0,0,0,0.0,0.501953125,1,P13_CV0,1,1,1,1,1
19,0.6120957227224214,0.6169339968747569,Age0_F19_m19f5_P19_Y15_UO660,RD19_F7_m13f14_P13_Y13_UO756,R5_F5_m5f1_P5_Y13_UO453,MXY,0,0.0,0,0,0.0,0,0,0,0.0,0.501953125,1,P13_CV0,1,1,1,1,1
19,0.6120957227224214,0.6169339968747569,Age0_F19_m19f5_P19_Y15_UO661,RD19_F7_m13f14_P13_Y13_UO756,R5_F5_m5f1_P5_Y13_UO453,FXX,0,0.0,0,0,0.0,0,0,0,0.0,0.501953125,1,P13_CV0,1,1,1,1,1
19,0.6120957227224214,0.6169339968747569,Age0_F19_m19f2_P19_Y15_UO783,RD19_F8_m8f18_P8_Y13_UO688,RD2_F1_m6f16_P6_Y13_UO238,MXY,0,0.0,0,0,0.0,0,0,0,0.0,0.525390625,1,P13_CV0,1,1,1,0,2
19,0.6120957227224214,0.6169339968747569,Age0_F19_m19f2_P19_Y15_UO784,RD19_F8_m8f18_P8_Y13_UO688,RD2_F1_m6f16_P6_Y13_UO238,MXY,0,0.0,0,0,0.0,0,0,0,0.0,0.525390625,1,P13_CV0,1,1,1,0,2
19,0.6120957227224214,0.6169339968747569,Age0_F19_m19f2_P19_Y15_UO786,RD19_F8_m8f18_P8_Y13_UO688,RD2_F1_m6f16_P6_Y13_UO238,MXY,0,0.0,0,0,0.0,0,0,0,0.0,0.525390625,1,P13_CV0,1,1,1,0,2
19,0.6120957227224214,0.6169339968747569,Age0_F19_m19f2_P19_Y15_UO791,RD19_F8_m8f18_P8_Y13_UO688,RD2_F1_m6f16_P6_Y13_UO238,FXX,0,0.0,0,0,0.0,0,0,0,0.0,0.525390625,1,P13_CV0,1,1,1,0,2
19,0.6120957227224214,0.6169339968747569,Age0_F19_m19f2_P19_Y15_UO792,RD19_F8_m8f18_P8_Y13_UO688,RD2_F1_m6f16_P6_Y13_UO238,MXY,0,0.0,0,0,0.0,0,0,0,0.0,0.525390625,1,P13_CV0,1,1,1,0,2
19,0.6120957227224214,0.6169339968747569,Age0_F19_m19f2_P19_Y15_UO793,RD19_F8_m8f18_P8_Y13_UO688,RD2_F1_m6f16_P6_Y13_UO238,FXX,0,0.0,0,0,0.0,0,0,0,0.0,0.525390625,1,P13_CV0,1,1,1,0,2
19,0.6120957227224214,0.6169339968747569,Age0_F19_m19f2_P19_Y15_UO794,RD19_F8_m8f18_P8_Y13_UO688,RD2_F1_m6f16_P6_Y13_UO238,FXX,0,0.0,0,0,0.0,0,0,0,0.0,0.525390625,1,P13_CV0,1,1,1,0,2
19,0.6120957227224214,0.6169339968747569,R19_F19_m19f14_P19_Y14_UO245,RD19_F1_m1f13_P1_Y12_UO496,RD14_F4_m4f5_P4_Y11_UO840,MXY,1,0.0,1,1,0.0,0,0,0,-9999.0,0.498046875,1,P13_CV0,1,2,0,1,1
19,0.6120957227224214,0.6169339968747569,R19_F19_m19f14_P19_Y14_UO237,RD19_F1_m1f13_P1_Y12_UO496,RD14_F4_m4f5_P4_Y11_UO840,FXX,1,0.0,1,1,1.0,0,0,0,-9999.0,0.498046875,1,P13_CV0,1,2,0,1,1
19,0.6120957227224214,0.6169339968747569,R19_F19_m19f2_P19_Y14_UO73,RD19_F1_m1f13_P1_Y12_UO496,R2_F2_m3f20_P3_Y12_UO345,MXY,1,0.0,1,1,0.0,0,0,0,-9999.0,0.544921875,1,P13_CV0,1,2,0,1,1
19,0.6120957227224214,0.6169339968747569,R19_F19_m8f18_P8_Y13_UO688,RD8_F5_m2f16_P2_Y11_UO1315,RD18_F14_m14f1_P14_Y11_UO991,FXX,2,0.0,1,0,1.0,0,0,0,-9999.0,0.46875,1,P13_CV0,1,2,0,0,2
19,0.6120957227224214,0.6169339968747569,R19_F19_m19f5_P19_Y13_UO39,R19_F19_m19f7_P19_Y11_UO943,R5_F5_m7f20_P7_Y11_UO688,FXX,2,0.0,1,0,1.0,0,0,0,-9999.0,0.5234375,1,P13_CV0,1,1,1,1,1
19,0.6120957227224214,0.6169339968747569,R19_F19_m19f11_P19_Y11_UO1291,RD19_F8_m8f4_P8_Y9_UO18,R11_F11_m20f7_P20_Y9_UO1377,FXX,4,0.0,1,0,1.0,0,0,0,-9999.0,0.4921875,1,P15_CV0,1,0,2,1,1
19,0.6120957227224214,0.6169339968747569,Age0_F19_m19f2_P19_Y15_UO138,R19_F19_m3f7_P3_Y13_UO620,R2_F2_m5f15_P5_Y13_UO1320,FXX,0,0.0,0,0,0.0,0,0,0,0.0,0.53125,1,P17_CV0,1,0,2,1,1
19,0.6120957227224214,0.6169339968747569,Age0_F19_m19f2_P19_Y15_UO139,R19_F19_m3f7_P3_Y13_UO620,R2_F2_m5f15_P5_Y13_UO1320,MXY,0,0.0,0,0,0.0,0,0,0,0.0,0.53125,1,P17_CV0,1,1,1,1,1
19,0.6120957227224214,0.6169339968747569,Age0_F19_m19f2_P19_Y15_UO140,R19_F19_m3f7_P3_Y13_UO620,R2_F2_m5f15_P5_Y13_UO1320,MXY,0,0.0,0,0,0.0,0,0,0,0.0,0.53125,1,P17_CV0,1,0,2,1,1
19,0.6120957227224214,0.6169339968747569,Age0_F19_m19f2_P19_Y15_UO141,R19_F19_m3f7_P3_Y13_UO620,R2_F2_m5f15_P5_Y13_UO1320,FXX,0,0.0,0,0,0.0,0,0,0,0.0,0.53125,1,P17_CV0,1,0,2,0,2
19,0.6120957227224214,0.6169339968747569,Age0_F19_m19f2_P19_Y15_UO142,R19_F19_m3f7_P3_Y13_UO620,R2_F2_m5f15_P5_Y13_UO1320,FXX,0,0.0,0,0,0.0,0,0,0,0.0,0.53125,1,P17_CV0,1,1,1,1,1
19,0.6120957227224214,0.6169339968747569,Age0_F19_m19f2_P19_Y15_UO143,R19_F19_m3f7_P3_Y13_UO620,R2_F2_m5f15_P5_Y13_UO1320,MXY,0,0.0,0,0,0.0,0,0,0,0.0,0.53125,1,P17_CV0,1,1,1,1,1
19,0.6120957227224214,0.6169339968747569,Age0_F19_m19f2_P19_Y15_UO144,R19_F19_m3f7_P3_Y13_UO620,R2_F2_m5f15_P5_Y13_UO1320,FXX,0,0.0,0,0,0.0,0,0,0,0.0,0.53125,1,P17_CV0,1,0,2,1,1
19,0.6120957227224214,0.6169339968747569,Age0_F19_m19f2_P19_Y15_UO544,R19_F19_m10f13_P10_Y13_UO821,R2_F2_m15f7_P15_Y13_UO1062,FXX,0,0.0,0,0,0.0,0,0,0,0.0,0.4765625,1,P17_CV0,1,1,1,0,2
19,0.6120957227224214,0.6169339968747569,Age0_F19_m19f2_P19_Y15_UO545,R19_F19_m10f13_P10_Y13_UO821,R2_F2_m15f7_P15_Y13_UO1062,FXX,0,0.0,0,0,0.0,0,0,0,0.0,0.4765625,1,P17_CV0,1,0,2,0,2
19,0.6120957227224214,0.6169339968747569,Age0_F19_m19f2_P19_Y15_UO546,R19_F19_m10f13_P10_Y13_UO821,R2_F2_m15f7_P15_Y13_UO1062,FXX,0,0.0,0,0,0.0,0,0,0,0.0,0.4765625,1,P17_CV0,1,1,1,0,2
19,0.6120957227224214,0.6169339968747569,Age0_F19_m19f2_P19_Y15_UO547,R19_F19_m10f13_P10_Y13_UO821,R2_F2_m15f7_P15_Y13_UO1062,FXX,0,0.0,0,0,0.0,0,0,0,0.0,0.4765625,1,P17_CV0,1,1,1,0,2
19,0.6120957227224214,0.6169339968747569,Age0_F19_m19f2_P19_Y15_UO548,R19_F19_m10f13_P10_Y13_UO821,R2_F2_m15f7_P15_Y13_UO1062,FXX,0,0.0,0,0,0.0,0,0,0,0.0,0.4765625,1,P17_CV0,1,0,2,0,2
19,0.6120957227224214,0.6169339968747569,R19_F19_m10f13_P10_Y13_UO821,R10_F10_m20f5_P20_Y11_UO675,RD13_F9_m9f7_P9_Y11_UO331,FXX,2,0.0,1,0,1.0,0,0,0,-9999.0,0.47265625,1,P17_CV0,1,1,1,0,2
19,0.6120957227224214,0.6169339968747569,R19_F19_m17f13_P17_Y14_UO1247,RD17_F2_m2f13_P2_Y12_UO695,RD13_F3_m3f20_P3_Y12_UO339,MXY,1,0.0,1,1,0.0,0,0,0,-9999.0,0.55078125,1,P18_CV0,1,1,1,1,1
19,0.6120957227224214,0.6169339968747569,R19_F19_m6f5_P6_Y11_UO1333,R6_F6_m6f1_P6_Y9_UO118,RD5_F15_m18f6_P18_Y8_UO1270,MXY,4,0.0,1,0,0.0,0,0,0,-9999.0,0.5703125,1,P18_CV0,1,0,2,1,1
19,0.6120957227224214,0.6169339968747569,Age0_F19_m19f12_P19_Y15_UO512,RD19_F8_m8f18_P8_Y13_UO688,RD12_F3_m3f16_P3_Y13_UO524,FXX,0,0.0,0,0,0.0,0,0,0,0.0,0.4609375,1,P19_CV0,1,2,0,0,2
19,0.6120957227224214,0.6169339968747569,Age0_F19_m19f12_P19_Y15_UO513,RD19_F8_m8f18_P8_Y13_UO688,RD12_F3_m3f16_P3_Y13_UO524,FXX,0,0.0,0,0,0.0,0,0,0,0.0,0.4609375,1,P19_CV0,1,2,0,0,2
19,0.6120957227224214,0.6169339968747569,Age0_F19_m19f12_P19_Y15_UO515,RD19_F8_m8f18_P8_Y13_UO688,RD12_F3_m3f16_P3_Y13_UO524,FXX,0,0.0,0,0,0.0,0,0,0,0.0,0.4609375,1,P19_CV0,1,2,0,1,1
19,0.6120957227224214,0.6169339968747569,Age0_F19_m19f12_P19_Y15_UO517,RD19_F8_m8f18_P8_Y13_UO688,RD12_F3_m3f16_P3_Y13_UO524,MXY,0,0.0,0,0,0.0,0,0,0,0.0,0.4609375,1,P19_CV0,1,2,0,0,2
19,0.6120957227224214,0.6169339968747569,Age0_F19_m19f12_P19_Y15_UO518,RD19_F8_m8f18_P8_Y13_UO688,RD12_F3_m3f16_P3_Y13_UO524,FXX,0,0.0,0,0,0.0,0,0,0,0.0,0.4609375,1,P19_CV0,1,2,0,1,1
19,0.6120957227224214,0.6169339968747569,Age0_F19_m19f12_P19_Y15_UO519,RD19_F8_m8f18_P8_Y13_UO688,RD12_F3_m3f16_P3_Y13_UO524,FXX,0,0.0,0,0,0.0,0,0,0,0.0,0.4609375,1,P19_CV0,1,2,0,0,2
19,0.6120957227224214,0.6169339968747569,R19_F19_m19f2_P19_Y14_UO76,RD19_F1_m1f13_P1_Y12_UO496,R2_F2_m3f20_P3_Y12_UO345,FXX,1,0.0,1,1,1.0,0,0,0,-9999.0,0.544921875,1,P19_CV0,1,1,1,1,1
19,0.6120957227224214,0.6169339968747569,R19_F19_m8f6_P8_Y14_UO592,RD8_F9_m9f12_P9_Y12_UO1091,RD6_F1_m6f14_P6_Y12_UO995,FXX,1,0.0,1,1,1.0,0,0,0,-9999.0,0.560546875,1,P19_CV0,1,1,1,2,0
19,0.6120957227224214,0.6169339968747569,Age0_F19_m19f2_P19_Y15_UO542,R19_F19_m10f13_P10_Y13_UO821,R2_F2_m15f7_P15_Y13_UO1062,MXY,0,0.0,0,0,0.0,0,0,0,0.0,0.4765625,1,P1_CV0,1,1,1,0,2
19,0.6120957227224214,0.6169339968747569,Age0_F19_m19f2_P19_Y15_UO543,R19_F19_m10f13_P10_Y13_UO821,R2_F2_m15f7_P15_Y13_UO1062,MXY,0,0.0,0,0,0.0,0,0,0,0.0,0.4765625,1,P1_CV0,1,1,1,0,2
19,0.6120957227224214,0.6169339968747569,R19_F19_m19f17_P19_Y14_UO250,RD19_F11_m11f4_P11_Y12_UO808,RD17_F9_m1f15_P1_Y12_UO322,MXY,1,0.0,1,1,0.0,0,0,0,-9999.0,0.49609375,1,P1_CV0,1,1,1,1,1
19,0.6120957227224214,0.6169339968747569,Age0_F19_m19f18_P19_Y15_UO38,RD19_F20_m20f19_P20_Y13_UO905,R18_F18_m18f4_P18_Y13_UO708,MXY,0,0.0,0,0,0.0,0,0,0,0.0,0.478515625,1,P2_CV0,1,1,1,2,0
19,0.6120957227224214,0.6169339968747569,R19_F19_m19f12_P19_Y14_UO680,RD19_F7_m19f18_P19_Y12_UO116,R12_F12_m12f3_P12_Y12_UO1096,FXX,1,0.0,1,1,1.0,0,0,0,-9999.0,0.54296875,1,P2_CV0,1,1,1,1,1
19,0.6120957227224214,0.6169339968747569,R19_F19_m19f12_P19_Y14_UO677,RD19_F7_m19f18_P19_Y12_UO116,R12_F12_m12f3_P12_Y12_UO1096,FXX,1,0.0,1,1,1.0,0,0,0,-9999.0,0.54296875,1,P2_CV0,1,1,1,1,1
19,0.6120957227224214,0.6169339968747569,R19_F19_m19f10_P19_Y14_UO1246,RD19_F7_m19f18_P19_Y12_UO116,RD10_F18_m9f3_P9_Y12_UO846,FXX,1,0.0,1,1,1.0,0,0,0,-9999.0,0.546875,1,P2_CV0,1,1,1,0,2
19,0.6120957227224214,0.6169339968747569,R19_F19_m19f10_P19_Y14_UO1244,RD19_F7_m19f18_P19_Y12_UO116,RD10_F18_m9f3_P9_Y12_UO846,FXX,1,0.0,1,1,1.0,0,0,0,-9999.0,0.546875,1,P2_CV0,1,1,1,0,2
19,0.6120957227224214,0.6169339968747569,R19_F19_m13f3_P13_Y14_UO1261,R13_F13_m13f19_P13_Y12_UO493,R3_F3_m19f20_P19_Y12_UO148,MXY,1,0.0,1,1,0.0,0,0,0,-9999.0,0.578125,1,P3_CV0,1,1,1,0,2
19,0.6120957227224214,0.6169339968747569,Age0_F19_m19f10_P19_Y15_UO1402,RD19_F8_m8f17_P8_Y13_UO286,R10_F10_m10f4_P10_Y13_UO1169,MXY,0,0.0,0,0,0.0,0,0,0,0.0,0.498046875,1,P4_CV0,1,2,0,0,2
19,0.6120957227224214,0.6169339968747569,Age0_F19_m19f10_P19_Y15_UO1403,RD19_F8_m8f17_P8_Y13_UO286,R10_F10_m10f4_P10_Y13_UO1169,FXX,0,0.0,0,0,0.0,0,0,0,0.0,0.498046875,1,P4_CV0,1,2,0,0,2
19,0.6120957227224214,0.6169339968747569,Age0_F19_m19f10_P19_Y15_UO1405,RD19_F8_m8f17_P8_Y13_UO286,R10_F10_m10f4_P10_Y13_UO1169,MXY,0,0.0,0,0,0.0,0,0,0,0.0,0.498046875,1,P4_CV0,1,2,0,0,2
19,0.6120957227224214,0.6169339968747569,Age0_F19_m19f10_P19_Y15_UO1406,RD19_F8_m8f17_P8_Y13_UO286,R10_F10_m10f4_P10_Y13_UO1169,MXY,0,0.0,0,0,0.0,0,0,0,0.0,0.498046875,1,P4_CV0,1,2,0,0,2
19,0.6120957227224214,0.6169339968747569,Age0_F19_m19f10_P19_Y15_UO1407,RD19_F8_m8f17_P8_Y13_UO286,R10_F10_m10f4_P10_Y13_UO1169,MXY,0,0.0,0,0,0.0,0,0,0,0.0,0.498046875,1,P4_CV0,1,2,0,0,2
19,0.6120957227224214,0.6169339968747569,R19_F19_m15f6_P15_Y14_UO439,R15_F15_m1f13_P1_Y12_UO501,R6_F6_m11f17_P11_Y12_UO14,MXY,1,0.0,1,1,0.0,0,0,0,-9999.0,0.53125,1,P4_CV0,1,2,0,1,1
19,0.6120957227224214,0.6169339968747569,R19_F19_m19f11_P19_Y13_UO558,R19_F19_m19f7_P19_Y11_UO943,RD11_F3_m3f4_P3_Y11_UO774,MXY,2,0.0,1,0,0.0,0,0,0,-9999.0,0.52734375,1,P5_CV0,1,2,0,1,1
19,0.6120957227224214,0.6169339968747569,Age0_F19_m19f18_P19_Y15_UO37,RD19_F20_m20f19_P20_Y13_UO905,R18_F18_m18f4_P18_Y13_UO708,MXY,0,0.0,0,0,0.0,0,0,0,0.0,0.478515625,1,P7_CV0,1,2,0,2,0
19,0.6120957227224214,0.6169339968747569,Age0_F19_m19f18_P19_Y15_UO39,RD19_F20_m20f19_P20_Y13_UO905,R18_F18_m18f4_P18_Y13_UO708,FXX,0,0.0,0,0,0.0,0,0,0,0.0,0.478515625,1,P7_CV0,1,1,1,0,2
19,0.6120957227224214,0.6169339968747569,Age0_F19_m19f18_P19_Y15_UO40,RD19_F20_m20f19_P20_Y13_UO905,R18_F18_m18f4_P18_Y13_UO708,MXY,0,0.0,0,0,0.0,0,0,0,0.0,0.478515625,1,P7_CV0,1,1,1,1,1
19,0.6120957227224214,0.6169339968747569,Age0_F19_m19f10_P19_Y15_UO1400,RD19_F8_m8f17_P8_Y13_UO286,R10_F10_m10f4_P10_Y13_UO1169,FXX,0,0.0,0,0,0.0,0,0,0,0.0,0.498046875,1,P7_CV0,1,2,0,0,2
19,0.6120957227224214,0.6169339968747569,Age0_F19_m19f10_P19_Y15_UO1401,RD19_F8_m8f17_P8_Y13_UO286,R10_F10_m10f4_P10_Y13_UO1169,FXX,0,0.0,0,0,0.0,0,0,0,0.0,0.498046875,1,P7_CV0,1,2,0,1,1
19,0.6120957227224214,0.6169339968747569,Age0_F19_m19f10_P19_Y15_UO1404,RD19_F8_m8f17_P8_Y13_UO286,R10_F10_m10f4_P10_Y13_UO1169,MXY,0,0.0,0,0,0.0,0,0,0,0.0,0.498046875,1,P7_CV0,1,2,0,0,2
19,0.6120957227224214,0.6169339968747569,Age0_F19_m19f10_P19_Y15_UO1408,RD19_F8_m8f17_P8_Y13_UO286,R10_F10_m10f4_P10_Y13_UO1169,FXX,0,0.0,0,0,0.0,0,0,0,0.0,0.498046875,1,P7_CV0,1,2,0,1,1
19,0.6120957227224214,0.6169339968747569,R19_F19_m19f1_P19_Y14_UO206,R19_F19_m4f11_P4_Y12_UO1156,RD1_F8_m8f6_P8_Y12_UO383,MXY,1,0.0,1,1,0.0,0,0,0,-9999.0,0.494140625,1,P7_CV0,1,2,0,0,2
19,0.6120957227224214,0.6169339968747569,R19_F19_m19f1_P19_Y14_UO207,R19_F19_m4f11_P4_Y12_UO1156,RD1_F8_m8f6_P8_Y12_UO383,MXY,1,0.0,1,1,0.0,0,0,0,-9999.0,0.494140625,1,P7_CV0,1,2,0,1,1
19,0.6120957227224214,0.6169339968747569,R19_F19_m13f9_P13_Y14_UO1218,RD13_F20_m1f3_P1_Y12_UO1041,R9_F9_m13f8_P13_Y12_UO327,MXY,1,0.0,1,1,0.0,0,0,0,-9999.0,0.552734375,1,P7_CV0,1,1,1,1,1
19,0.6120957227224214,0.6169339968747569,R19_F19_m17f14_P17_Y14_UO1154,RD17_F2_m2f1_P2_Y12_UO1239,RD14_F9_m9f1_P9_Y12_UO506,MXY,1,0.0,1,1,0.0,0,0,0,-9999.0,0.5625,1,P7_CV0,1,1,1,1,1
19,0.6120957227224214,0.6169339968747569,R19_F19_m11f14_P11_Y13_UO60,R11_F11_m11f18_P11_Y11_UO526,R14_F14_m14f10_P14_Y11_UO53,FXX,2,0.0,1,0,1.0,0,0,0,-9999.0,0.53125,1,P7_CV0,1,2,0,0,2
19,0.6120957227224214,0.6169339968747569,Age0_F19_m19f4_P19_Y15_UO203,R19_F19_m19f5_P19_Y13_UO39,R4_F4_m20f3_P20_Y13_UO603,MXY,0,0.0,0,0,0.0,0,0,0,0.0,0.5078125,1,P8_CV0,1,1,1,1,1
19,0.6120957227224214,0.6169339968747569,Age0_F19_m19f4_P19_Y15_UO205,R19_F19_m19f5_P19_Y13_UO39,R4_F4_m20f3_P20_Y13_UO603,FXX,0,0.0,0,0,0.0,0,0,0,0.0,0.5078125,1,P8_CV0,1,1,1,1,1
19,0.6120957227224214,0.6169339968747569,Age0_F19_m19f4_P19_Y15_UO206,R19_F19_m19f5_P19_Y13_UO39,R4_F4_m20f3_P20_Y13_UO603,FXX,0,0.0,0,0,0.0,0,0,0,0.0,0.5078125,1,P8_CV0,1,0,2,2,0
19,0.6120957227224214,0.6169339968747569,Age0_F19_m19f4_P19_Y15_UO207,R19_F19_m19f5_P19_Y13_UO39,R4_F4_m20f3_P20_Y13_UO603,FXX,0,0.0,0,0,0.0,0,0,0,0.0,0.5078125,1,P8_CV0,1,1,1,2,0
19,0.6120957227224214,0.6169339968747569,Age0_F19_m19f4_P19_Y15_UO208,R19_F19_m19f5_P19_Y13_UO39,R4_F4_m20f3_P20_Y13_UO603,FXX,0,0.0,0,0,0.0,0,0,0,0.0,0.5078125,1,P8_CV0,1,2,0,2,0
19,0.6120957227224214,0.6169339968747569,R19_F19_m15f16_P15_Y14_UO882,RD15_F9_m9f3_P9_Y12_UO849,R16_F16_m15f20_P15_Y11_UO123,FXX,1,0.0,1,1,1.0,0,0,0,-9999.0,0.546875,1,P9_CV0,1,2,0,0,2
19,0.6120957227224214,0.6169339968747569,R19_F19_m4f19_P4_Y12_UO1009,RD4_F12_m19f3_P19_Y10_UO393,R19_F19_m6f14_P6_Y10_UO96,MXY,3,0.0,1,0,0.0,0,0,0,-9999.0,0.5625,1,P9_CV0,1,1,1,2,0
20,0.9437480785146242,0.6818202991034834,R20_F20_m11f10_P11_Y14_UO578,RD11_F19_m18f20_P18_Y12_UO601,RD10_F18_m9f3_P9_Y12_UO846,FXX,1,0.0,1,1,1.0,0,0,0,-9999.0,0.490234375,1,P0_CV0,1,2,0,1,1
20,0.9437480785146242,0.6818202991034834,Age0_F20_m20f18_P20_Y15_UO865,R20_F20_m20f17_P20_Y13_UO673,R18_F18_m11f19_P11_Y13_UO567,FXX,0,0.0,0,0,0.0,0,0,0,0.0,0.513671875,1,P10_CV0,1,2,0,2,0
20,0.9437480785146242,0.6818202991034834,Age0_F20_m20f18_P20_Y15_UO866,R20_F20_m20f17_P20_Y13_UO673,R18_F18_m11f19_P11_Y13_UO567,MXY,0,0.0,0,0,0.0,0,0,0,0.0,0.513671875,1,P10_CV0,1,2,0,2,0
20,0.9437480785146242,0.6818202991034834,Age0_F20_m20f18_P20_Y15_UO867,R20_F20_m20f17_P20_Y13_UO673,R18_F18_m11f19_P11_Y13_UO567,FXX,0,0.0,0,0,0.0,0,0,0,0.0,0.513671875,1,P10_CV0,1,1,1,1,1
20,0.9437480785146242,0.6818202991034834,Age0_F20_m20f16_P20_Y15_UO1233,R20_F20_m20f19_P20_Y13_UO1409,R16_F16_m16f13_P16_Y13_UO1170,MXY,0,0.0,0,0,0.0,0,0,0,0.0,0.498046875,1,P10_CV0,1,2,0,1,1
20,0.9437480785146242,0.6818202991034834,Age0_F20_m20f16_P20_Y15_UO1236,R20_F20_m20f19_P20_Y13_UO1409,R16_F16_m16f13_P16_Y13_UO1170,MXY,0,0.0,0,0,0.0,0,0,0,0.0,0.498046875,1,P10_CV0,1,2,0,2,0
20,0.9437480785146242,0.6818202991034834,Age0_F20_m20f16_P20_Y15_UO1237,R20_F20_m20f19_P20_Y13_UO1409,R16_F16_m16f13_P16_Y13_UO1170,MXY,0,0.0,0,0,0.0,0,0,0,0.0,0.498046875,1,P10_CV0,1,2,0,1,1
20,0.9437480785146242,0.6818202991034834,R20_F20_m20f16_P20_Y14_UO815,RD20_F18_m18f14_P18_Y12_UO754,R16_F16_m16f7_P16_Y12_UO1150,FXX,1,0.0,1,1,1.0,0,0,0,-9999.0,0.505859375,1,P10_CV0,1,2,0,1,1
20,0.9437480785146242,0.6818202991034834,R20_F20_m20f19_P20_Y14_UO565,R20_F20_m11f2_P11_Y12_UO1243,RD19_F8_m8f6_P8_Y12_UO375,FXX,1,0.0,1,1,1.0,0,0,0,-9999.0,0.46484375,1,P10_CV0,1,2,0,0,2
20,0.9437480785146242,0.6818202991034834,R20_F20_m13f14_P13_Y13_UO758,RD13_F12_m12f4_P12_Y11_UO1385,RD14_F5_m11f1_P11_Y10_UO461,MXY,2,0.0,1,0,0.0,0,0,0,-9999.0,0.5625,1,P10_CV0,1,1,1,1,1
20,0.9437480785146242,0.6818202991034834,Age0_F20_m20f1_P20_Y15_UO549,RD20_F7_m20f6_P20_Y13_UO878,RD1_F2_m2f20_P2_Y13_UO863,FXX,0,0.0,0,0,0.0,0,0,0,0.0,0.52734375,1,P11_CV0,1,0,2,2,0
20,0.9437480785146242,0.6818202991034834,Age0_F20_m20f1_P20_Y15_UO550,RD20_F7_m20f6_P20_Y13_UO878,RD1_F2_m2f20_P2_Y13_UO863,MXY,0,0.0,0,0,0.0,0,0,0,0.0,0.52734375,1,P11_CV0,1,1,1,2,0
20,0.9437480785146242,0.6818202991034834,Age0_F20_m20f1_P20_Y15_UO553,RD20_F7_m20f6_P20_Y13_UO878,RD1_F2_m2f20_P2_Y13_UO863,FXX,0,0.0,0,0,0.0,0,0,0,0.0,0.52734375,1,P11_CV0,1,1,1,1,1
20,0.9437480785146242,0.6818202991034834,Age0_F20_m20f1_P20_Y15_UO555,RD20_F7_m20f6_P20_Y13_UO878,RD1_F2_m2f20_P2_Y13_UO863,FXX,0,0.0,0,0,0.0,0,0,0,0.0,0.52734375,1,P11_CV0,1,1,1,1,1
20,0.9437480785146242,0.6818202991034834,R20_F20_m12f9_P12_Y14_UO781,R12_F12_m12f10_P12_Y12_UO863,R9_F9_m9f12_P9_Y12_UO1089,FXX,1,0.0,1,1,1.0,0,0,0,-9999.0,0.564453125,1,P11_CV0,1,1,1,1,1
20,0.9437480785146242,0.6818202991034834,Age0_F20_m20f2_P20_Y15_UO10,R20_F20_m20f19_P20_Y13_UO1409,RD2_F1_m6f16_P6_Y13_UO238,FXX,0,0.0,0,0,0.0,0,0,0,0.0,0.55078125,1,P12_CV0,1,1,1,1,1
20,0.9437480785146242,0.6818202991034834,Age0_F20_m20f2_P20_Y15_UO11,R20_F20_m20f19_P20_Y13_UO1409,RD2_F1_m6f16_P6_Y13_UO238,MXY,0,0.0,0,0,0.0,0,0,0,0.0,0.55078125,1,P12_CV0,1,1,1,0,2
20,0.9437480785146242,0.6818202991034834,Age0_F20_m20f2_P20_Y15_UO12,R20_F20_m20f19_P20_Y13_UO1409,RD2_F1_m6f16_P6_Y13_UO238,MXY,0,0.0,0,0,0.0,0,0,0,0.0,0.55078125,1,P12_CV0,1,1,1,0,2
20,0.9437480785146242,0.6818202991034834,Age0_F20_m20f2_P20_Y15_UO13,R20_F20_m20f19_P20_Y13_UO1409,RD2_F1_m6f16_P6_Y13_UO238,MXY,0,0.0,0,0,0.0,0,0,0,0.0,0.55078125,1,P12_CV0,1,1,1,1,1
20,0.9437480785146242,0.6818202991034834,Age0_F20_m20f15_P20_Y15_UO149,R20_F20_m20f19_P20_Y13_UO1409,RD15_F6_m6f16_P6_Y13_UO237,MXY,0,0.0,0,0,0.0,0,0,0,0.0,0.55078125,1,P12_CV0,1,2,0,0,2
20,0.9437480785146242,0.6818202991034834,Age0_F20_m20f15_P20_Y15_UO153,R20_F20_m20f19_P20_Y13_UO1409,RD15_F6_m6f16_P6_Y13_UO237,FXX,0,0.0,0,0,0.0,0,0,0,0.0,0.55078125,1,P12_CV0,1,2,0,1,1
20,0.9437480785146242,0.6818202991034834,Age0_F20_m20f15_P20_Y15_UO154,R20_F20_m20f19_P20_Y13_UO1409,RD15_F6_m6f16_P6_Y13_UO237,MXY,0,0.0,0,0,0.0,0,0,0,0.0,0.55078125,1,P12_CV0,1,2,0,0,2
20,0.9437480785146242,0.6818202991034834,Age0_F20_m20f15_P20_Y15_UO156,R20_F20_m20f19_P20_Y13_UO1409,RD15_F6_m6f16_P6_Y13_UO237,MXY,0,0.0,0,0,0.0,0,0,0,0.0,0.55078125,1,P12_CV0,1,1,1,0,2
20,0.9437480785146242,0.6818202991034834,Age0_F20_m20f14_P20_Y15_UO400,R20_F20_m20f19_P20_Y13_UO1409,R14_F14_m14f15_P14_Y13_UO277,FXX,0,0.0,0,0,0.0,0,0,0,0.0,0.52734375,1,P12_CV0,1,2,0,2,0
20,0.9437480785146242,0.6818202991034834,Age0_F20_m20f14_P20_Y15_UO401,R20_F20_m20f19_P20_Y13_UO1409,R14_F14_m14f15_P14_Y13_UO277,MXY,0,0.0,0,0,0.0,0,0,0,0.0,0.52734375,1,P12_CV0,1,2,0,1,1
20,0.9437480785146242,0.6818202991034834,Age0_F20_m20f14_P20_Y15_UO402,R20_F20_m20f19_P20_Y13_UO1409,R14_F14_m14f15_P14_Y13_UO277,MXY,0,0.0,0,0,0.0,0,0,0,0.0,0.52734375,1,P12_CV0,1,1,1,1,1
20,0.9437480785146242,0.6818202991034834,Age0_F20_m20f14_P20_Y15_UO403,R20_F20_m20f19_P20_Y13_UO1409,R14_F14_m14f15_P14_Y13_UO277,MXY,0,0.0,0,0,0.0,0,0,0,0.0,0.52734375,1,P12_CV0,1,2,0,2,0
20,0.9437480785146242,0.6818202991034834,Age0_F20_m20f14_P20_Y15_UO404,R20_F20_m20f19_P20_Y13_UO1409,R14_F14_m14f15_P14_Y13_UO277,FXX,0,0.0,0,0,0.0,0,0,0,0.0,0.52734375,1,P12_CV0,1,1,1,1,1
20,0.9437480785146242,0.6818202991034834,Age0_F20_m20f14_P20_Y15_UO405,R20_F20_m20f19_P20_Y13_UO1409,R14_F14_m14f15_P14_Y13_UO277,FXX,0,0.0,0,0,0.0,0,0,0,0.0,0.52734375,1,P12_CV0,1,2,0,2,0
20,0.9437480785146242,0.6818202991034834,R20_F20_m10f3_P10_Y14_UO646,RD10_F6_m13f12_P13_Y12_UO472,R3_F3_m3f12_P3_Y12_UO1256,MXY,1,0.0,1,1,0.0,0,0,0,-9999.0,0.517578125,1,P13_CV0,1,1,1,1,1
20,0.9437480785146242,0.6818202991034834,R20_F20_m20f6_P20_Y14_UO48,RD20_F19_m19f4_P19_Y12_UO9,RD6_F7_m12f15_P12_Y12_UO189,MXY,1,0.0,1,1,0.0,0,0,0,-9999.0,0.5703125,1,P13_CV0,1,1,1,2,0
20,0.9437480785146242,0.6818202991034834,R20_F20_m20f16_P20_Y14_UO813,RD20_F18_m18f14_P18_Y12_UO754,R16_F16_m16f7_P16_Y12_UO1150,MXY,1,0.0,1,1,0.0,0,0,0,-9999.0,0.505859375,1,P13_CV0,1,2,0,1,1
20,0.9437480785146242,0.6818202991034834,R20_F20_m18f16_P18_Y13_UO993,R18_F18_m10f1_P10_Y11_UO907,R16_F16_m16f13_P16_Y11_UO230,MXY,2,0.0,1,0,0.0,0,0,0,-9999.0,0.51171875,1,P13_CV0,1,0,2,1,1
20,0.9437480785146242,0.6818202991034834,R20_F20_m12f8_P12_Y14_UO279,R12_F12_m11f4_P11_Y12_UO691,R8_F8_m9f16_P9_Y12_UO741,MXY,1,0.0,1,1,0.0,0,0,0,-9999.0,0.541015625,1,P14_CV0,1,1,1,1,1
20,0.9437480785146242,0.6818202991034834,Age0_F20_m20f5_P20_Y15_UO214,RD20_F7_m20f6_P20_Y13_UO878,RD5_F3_m11f16_P11_Y13_UO1016,FXX,0,0.0,0,0,0.0,0,0,0,0.0,0.513671875,1,P15_CV0,1,1,1,0,2
20,0.9437480785146242,0.6818202991034834,Age0_F20_m20f5_P20_Y15_UO216,RD20_F7_m20f6_P20_Y13_UO878,RD5_F3_m11f16_P11_Y13_UO1016,MXY,0,0.0,0,0,0.0,0,0,0,0.0,0.513671875,1,P15_CV0,1,1,1,1,1
20,0.9437480785146242,0.6818202991034834,Age0_F20_m20f5_P20_Y15_UO217,RD20_F7_m20f6_P20_Y13_UO878,RD5_F3_m11f16_P11_Y13_UO1016,FXX,0,0.0,0,0,0.0,0,0,0,0.0,0.513671875,1,P15_CV0,1,1,1,0,2
20,0.9437480785146242,0.6818202991034834,Age0_F20_m20f1_P20_Y15_UO551,RD20_F7_m20f6_P20_Y13_UO878,RD1_F2_m2f20_P2_Y13_UO863,FXX,0,0.0,0,0,0.0,0,0,0,0.0,0.52734375,1,P15_CV0,1,1,1,0,2
20,0.9437480785146242,0.6818202991034834,Age0_F20_m20f1_P20_Y15_UO552,RD20_F7_m20f6_P20_Y13_UO878,RD1_F2_m2f20_P2_Y13_UO863,MXY,0,0.0,0,0,0.0,0,0,0,0.0,0.52734375,1,P15_CV0,1,1,1,0,2
20,0.9437480785146242,0.6818202991034834,Age0_F20_m20f1_P20_Y15_UO554,RD20_F7_m20f6_P20_Y13_UO878,RD1_F2_m2f20_P2_Y13_UO863,FXX,0,0.0,0,0,0.0,0,0,0,0.0,0.52734375,1,P15_CV0,1,0,2,1,1
20,0.9437480785146242,0.6818202991034834,Age0_F20_m20f1_P20_Y15_UO723,R20_F20_m20f17_P20_Y13_UO676,R1_F1_m14f7_P14_Y13_UO211,MXY,0,0.0,0,0,0.0,0,0,0,0.0,0.48828125,1,P15_CV0,1,2,0,0,2
20,0.9437480785146242,0.6818202991034834,Age0_F20_m20f1_P20_Y15_UO724,R20_F20_m20f17_P20_Y13_UO676,R1_F1_m14f7_P14_Y13_UO211,FXX,0,0.0,0,0,0.0,0,0,0,0.0,0.48828125,1,P15_CV0,1,2,0,0,2
20,0.9437480785146242,0.6818202991034834,Age0_F20_m20f1_P20_Y15_UO725,R20_F20_m20f17_P20_Y13_UO676,R1_F1_m14f7_P14_Y13_UO211,MXY,0,0.0,0,0,0.0,0,0,0,0.0,0.48828125,1,P15_CV0,1,2,0,0,2
20,0.9437480785146242,0.6818202991034834,Age0_F20_m20f1_P20_Y15_UO730,R20_F20_m20f17_P20_Y13_UO676,R1_F1_m14f7_P14_Y13_UO211,FXX,0,0.0,0,0,0.0,0,0,0,0.0,0.48828125,1,P15_CV0,1,2,0,0,2
20,0.9437480785146242,0.6818202991034834,Age0_F20_m20f18_P20_Y15_UO868,R20_F20_m20f17_P20_Y13_UO673,R18_F18_m11f19_P11_Y13_UO567,MXY,0,0.0,0,0,0.0,0,0,0,0.0,0.513671875,1,P15_CV0,1,2,0,2,0
20,0.9437480785146242,0.6818202991034834,Age0_F20_m20f18_P20_Y15_UO869,R20_F20_m20f17_P20_Y13_UO673,R18_F18_m11f19_P11_Y13_UO567,FXX,0,0.0,0,0,0.0,0,0,0,0.0,0.513671875,1,P15_CV0,1,2,0,2,0
20,0.9437480785146242,0.6818202991034834,Age0_F20_m20f18_P20_Y15_UO870,R20_F20_m20f17_P20_Y13_UO673,R18_F18_m11f19_P11_Y13_UO567,MXY,0,0.0,0,0,0.0,0,0,0,0.0,0.513671875,1,P15_CV0,1,1,1,2,0
20,0.9437480785146242,0.6818202991034834,R20_F20_m17f1_P17_Y14_UO532,R17_F17_m13f8_P13_Y12_UO329,R1_F1_m16f14_P16_Y12_UO1055,MXY,1,0.0,1,1,0.0,0,0,0,-9999.0,0.552734375,1,P15_CV0,1,2,0,0,2
20,0.9437480785146242,0.6818202991034834,R20_F20_m20f17_P20_Y13_UO673,R20_F20_m2f16_P2_Y11_UO1314,R17_F17_m13f3_P13_Y11_UO663,FXX,2,0.0,1,0,1.0,0,0,0,-9999.0,0.484375,1,P15_CV0,1,2,0,1,1
20,0.9437480785146242,0.6818202991034834,R20_F20_m20f17_P20_Y13_UO676,R20_F20_m2f16_P2_Y11_UO1314,R17_F17_m13f3_P13_Y11_UO663,FXX,2,0.0,1,0,1.0,0,0,0,-9999.0,0.484375,1,P15_CV0,1,2,0,1,1
20,0.9437480785146242,0.6818202991034834,Age0_F20_m20f2_P20_Y15_UO7,R20_F20_m20f19_P20_Y13_UO1409,RD2_F1_m6f16_P6_Y13_UO238,FXX,0,0.0,0,0,0.0,0,0,0,0.0,0.55078125,1,P16_CV0,1,1,1,0,2
20,0.9437480785146242,0.6818202991034834,Age0_F20_m20f2_P20_Y15_UO8,R20_F20_m20f19_P20_Y13_UO1409,RD2_F1_m6f16_P6_Y13_UO238,FXX,0,0.0,0,0,0.0,0,0,0,0.0,0.55078125,1,P16_CV0,1,1,1,1,1
20,0.9437480785146242,0.6818202991034834,Age0_F20_m20f2_P20_Y15_UO9,R20_F20_m20f19_P20_Y13_UO1409,RD2_F1_m6f16_P6_Y13_UO238,FXX,0,0.0,0,0,0.0,0,0,0,0.0,0.55078125,1,P16_CV0,1,1,1,0,2
20,0.9437480785146242,0.6818202991034834,Age0_F20_m20f15_P20_Y15_UO150,R20_F20_m20f19_P20_Y13_UO1409,RD15_F6_m6f16_P6_Y13_UO237,FXX,0,0.0,0,0,0.0,0,0,0,0.0,0.55078125,1,P16_CV0,1,1,1,0,2
20,0.9437480785146242,0.6818202991034834,Age0_F20_m20f15_P20_Y15_UO151,R20_F20_m20f19_P20_Y13_UO1409,RD15_F6_m6f16_P6_Y13_UO237,MXY,0,0.0,0,0,0.0,0,0,0,0.0,0.55078125,1,P16_CV0,1,1,1,0,2
20,0.9437480785146242,0.6818202991034834,Age0_F20_m20f15_P20_Y15_UO152,R20_F20_m20f19_P20_Y13_UO1409,RD15_F6_m6f16_P6_Y13_UO237,FXX,0,0.0,0,0,0.0,0,0,0,0.0,0.55078125,1,P16_CV0,1,1,1,1,1
20,0.9437480785146242,0.6818202991034834,Age0_F20_m20f15_P20_Y15_UO155,R20_F20_m20f19_P20_Y13_UO1409,RD15_F6_m6f16_P6_Y13_UO237,FXX,0,0.0,0,0,0.0,0,0,0,0.0,0.55078125,1,P16_CV0,1,2,0,0,2
20,0.9437480785146242,0.6818202991034834,Age0_F20_m20f14_P20_Y15_UO399,R20_F20_m20f19_P20_Y13_UO1409,R14_F14_m14f15_P14_Y13_UO277,MXY,0,0.0,0,0,0.0,0,0,0,0.0,0.52734375,1,P16_CV0,1,1,1,1,1
20,0.9437480785146242,0.6818202991034834,Age0_F20_m20f16_P20_Y15_UO720,R20_F20_m20f19_P20_Y13_UO1409,RD16_F4_m4f16_P4_Y13_UO829,FXX,0,0.0,0,0,0.0,0,0,0,0.0,0.521484375,1,P16_CV0,1,2,0,1,1
20,0.9437480785146242,0.6818202991034834,Age0_F20_m20f16_P20_Y15_UO1232,R20_F20_m20f19_P20_Y13_UO1409,R16_F16_m16f13_P16_Y13_UO1170,MXY,0,0.0,0,0,0.0,0,0,0,0.0,0.498046875,1,P16_CV0,1,2,0,2,0
20,0.9437480785146242,0.6818202991034834,Age0_F20_m20f16_P20_Y15_UO1234,R20_F20_m20f19_P20_Y13_UO1409,R16_F16_m16f13_P16_Y13_UO1170,MXY,0,0.0,0,0,0.0,0,0,0,0.0,0.498046875,1,P16_CV0,1,2,0,0,2
20,0.9437480785146242,0.6818202991034834,Age0_F20_m20f16_P20_Y15_UO1235,R20_F20_m20f19_P20_Y13_UO1409,R16_F16_m16f13_P16_Y13_UO1170,FXX,0,0.0,0,0,0.0,0,0,0,0.0,0.498046875,1,P16_CV0,1,2,0,1,1
20,0.9437480785146242,0.6818202991034834,Age0_F20_m20f16_P20_Y15_UO719,R20_F20_m20f19_P20_Y13_UO1409,RD16_F4_m4f16_P4_Y13_UO829,MXY,0,0.0,0,0,0.0,0,0,0,0.0,0.521484375,1,P17_CV0,1,1,1,1,1
20,0.9437480785146242,0.6818202991034834,Age0_F20_m20f16_P20_Y15_UO721,R20_F20_m20f19_P20_Y13_UO1409,RD16_F4_m4f16_P4_Y13_UO829,MXY,0,0.0,0,0,0.0,0,0,0,0.0,0.521484375,1,P17_CV0,1,1,1,0,2
20,0.9437480785146242,0.6818202991034834,Age0_F20_m20f16_P20_Y15_UO722,R20_F20_m20f19_P20_Y13_UO1409,RD16_F4_m4f16_P4_Y13_UO829,MXY,0,0.0,0,0,0.0,0,0,0,0.0,0.521484375,1,P17_CV0,1,1,1,0,2
20,0.9437480785146242,0.6818202991034834,Age0_F20_m20f17_P20_Y15_UO759,RD20_F8_m8f9_P8_Y13_UO1152,R17_F17_m17f20_P17_Y13_UO498,MXY,0,0.0,0,0,0.0,0,0,0,0.0,0.52734375,1,P17_CV0,1,2,0,1,1
20,0.9437480785146242,0.6818202991034834,Age0_F20_m20f17_P20_Y15_UO761,RD20_F8_m8f9_P8_Y13_UO1152,R17_F17_m17f20_P17_Y13_UO498,FXX,0,0.0,0,0,0.0,0,0,0,0.0,0.52734375,1,P17_CV0,1,1,1,0,2
20,0.9437480785146242,0.6818202991034834,Age0_F20_m20f17_P20_Y15_UO762,RD20_F8_m8f9_P8_Y13_UO1152,R17_F17_m17f20_P17_Y13_UO498,MXY,0,0.0,0,0,0.0,0,0,0,0.0,0.52734375,1,P17_CV0,1,2,0,1,1
20,0.9437480785146242,0.6818202991034834,R20_F20_m9f12_P9_Y14_UO519,RD9_F1_m10f1_P10_Y12_UO1210,RD12_F8_m19f18_P19_Y12_UO114,MXY,1,0.0,1,1,0.0,0,0,0,-9999.0,0.6015625,1,P18_CV0,1,1,1,0,2
20,0.9437480785146242,0.6818202991034834,Age0_F20_m20f5_P20_Y15_UO212,RD20_F7_m20f6_P20_Y13_UO878,RD5_F3_m11f16_P11_Y13_UO1016,MXY,0,0.0,0,0,0.0,0,0,0,0.0,0.513671875,1,P19_CV0,1,1,1,1,1
20,0.9437480785146242,0.6818202991034834,Age0_F20_m20f5_P20_Y15_UO213,RD20_F7_m20f6_P20_Y13_UO878,RD5_F3_m11f16_P11_Y13_UO1016,MXY,0,0.0,0,0,0.0,0,0,0,0.0,0.513671875,1,P19_CV0,1,1,1,1,1
20,0.9437480785146242,0.6818202991034834,Age0_F20_m20f5_P20_Y15_UO215,RD20_F7_m20f6_P20_Y13_UO878,RD5_F3_m11f16_P11_Y13_UO1016,FXX,0,0.0,0,0,0.0,0,0,0,0.0,0.513671875,1,P19_CV0,1,1,1,1,1
20,0.9437480785146242,0.6818202991034834,Age0_F20_m20f5_P20_Y15_UO218,RD20_F7_m20f6_P20_Y13_UO878,RD5_F3_m11f16_P11_Y13_UO1016,MXY,0,0.0,0,0,0.0,0,0,0,0.0,0.513671875,1,P19_CV0,1,1,1,1,1
20,0.9437480785146242,0.6818202991034834,Age0_F20_m20f12_P20_Y15_UO1325,R20_F20_m9f16_P9_Y13_UO814,RD12_F17_m11f20_P11_Y10_UO987,FXX,0,0.0,0,0,0.0,0,0,0,0.0,0.4765625,1,P19_CV0,1,2,0,2,0
20,0.9437480785146242,0.6818202991034834,R20_F20_m20f5_P20_Y14_UO398,RD20_F6_m6f11_P6_Y12_UO763,RD5_F3_m3f13_P3_Y12_UO488,FXX,1,0.0,1,1,1.0,0,0,0,-9999.0,0.529296875,1,P19_CV0,1,2,0,2,0
20,0.9437480785146242,0.6818202991034834,Age0_F20_m20f15_P20_Y15_UO1126,R20_F20_m20f14_P20_Y13_UO264,R15_F15_m15f12_P15_Y13_UO951,FXX,0,0.0,0,0,0.0,0,0,0,0.0,0.52734375,1,P3_CV0,1,2,0,1,1
20,0.9437480785146242,0.6818202991034834,Age0_F20_m20f15_P20_Y15_UO1127,R20_F20_m20f14_P20_Y13_UO264,R15_F15_m15f12_P15_Y13_UO951,MXY,0,0.0,0,0,0.0,0,0,0,0.0,0.52734375,1,P3_CV0,1,2,0,1,1
20,0.9437480785146242,0.6818202991034834,Age0_F20_m20f15_P20_Y15_UO1128,R20_F20_m20f14_P20_Y13_UO264,R15_F15_m15f12_P15_Y13_UO951,MXY,0,0.0,0,0,0.0,0,0,0,0.0,0.52734375,1,P3_CV0,1,1,1,1,1
20,0.9437480785146242,0.6818202991034834,Age0_F20_m20f15_P20_Y15_UO1129,R20_F20_m20f14_P20_Y13_UO264,R15_F15_m15f12_P15_Y13_UO951,FXX,0,0.0,0,0,0.0,0,0,0,0.0,0.52734375,1,P3_CV0,1,1,1,1,1
20,0.9437480785146242,0.6818202991034834,Age0_F20_m20f15_P20_Y15_UO1130,R20_F20_m20f14_P20_Y13_UO264,R15_F15_m15f12_P15_Y13_UO951,MXY,0,0.0,0,0,0.0,0,0,0,0.0,0.52734375,1,P3_CV0,1,1,1,0,2
20,0.9437480785146242,0.6818202991034834,Age0_F20_m20f15_P20_Y15_UO1131,R20_F20_m20f14_P20_Y13_UO264,R15_F15_m15f12_P15_Y13_UO951,MXY,0,0.0,0,0,0.0,0,0,0,0.0,0.52734375,1,P3_CV0,1,2,0,1,1
20,0.9437480785146242,0.6818202991034834,Age0_F20_m20f15_P20_Y15_UO1132,R20_F20_m20f14_P20_Y13_UO264,R15_F15_m15f12_P15_Y13_UO951,FXX,0,0.0,0,0,0.0,0,0,0,0.0,0.52734375,1,P3_CV0,1,2,0,1,1
20,0.9437480785146242,0.6818202991034834,R20_F20_m20f10_P20_Y14_UO630,RD20_F19_m19f4_P19_Y12_UO9,RD10_F19_m19f20_P19_Y12_UO150,FXX,1,0.0,1,1,1.0,0,0,0,-9999.0,0.599609375,1,P3_CV0,1,1,1,1,1
20,0.9437480785146242,0.6818202991034834,R20_F20_m10f7_P10_Y14_UO1015,RD10_F19_m3f13_P3_Y12_UO939,R7_F7_m7f15_P7_Y12_UO1216,FXX,1,0.0,1,1,1.0,0,0,0,-9999.0,0.515625,1,P3_CV0,1,0,2,1,1
20,0.9437480785146242,0.6818202991034834,Age0_F20_m20f1_P20_Y15_UO726,R20_F20_m20f17_P20_Y13_UO676,R1_F1_m14f7_P14_Y13_UO211,MXY,0,0.0,0,0,0.0,0,0,0,0.0,0.48828125,1,P5_CV0,1,1,1,0,2
20,0.9437480785146242,0.6818202991034834,Age0_F20_m20f1_P20_Y15_UO727,R20_F20_m20f17_P20_Y13_UO676,R1_F1_m14f7_P14_Y13_UO211,MXY,0,0.0,0,0,0.0,0,0,0,0.0,0.48828125,1,P5_CV0,1,2,0,1,1
20,0.9437480785146242,0.6818202991034834,Age0_F20_m20f1_P20_Y15_UO728,R20_F20_m20f17_P20_Y13_UO676,R1_F1_m14f7_P14_Y13_UO211,MXY,0,0.0,0,0,0.0,0,0,0,0.0,0.48828125,1,P5_CV0,1,1,1,1,1
20,0.9437480785146242,0.6818202991034834,Age0_F20_m20f1_P20_Y15_UO729,R20_F20_m20f17_P20_Y13_UO676,R1_F1_m14f7_P14_Y13_UO211,FXX,0,0.0,0,0,0.0,0,0,0,0.0,0.48828125,1,P5_CV0,1,2,0,0,2
20,0.9437480785146242,0.6818202991034834,R20_F20_m20f3_P20_Y14_UO86,R20_F20_m11f2_P11_Y12_UO1243,RD3_F12_m5f17_P5_Y12_UO1187,MXY,1,0.0,1,1,0.0,0,0,0,-9999.0,0.482421875,1,P5_CV0,1,2,0,0,2
20,0.9437480785146242,0.6818202991034834,Age0_F20_m20f12_P20_Y15_UO1323,R20_F20_m9f16_P9_Y13_UO814,RD12_F17_m11f20_P11_Y10_UO987,MXY,0,0.0,0,0,0.0,0,0,0,0.0,0.4765625,1,P6_CV0,1,2,0,2,0
20,0.9437480785146242,0.6818202991034834,Age0_F20_m20f12_P20_Y15_UO1324,R20_F20_m9f16_P9_Y13_UO814,RD12_F17_m11f20_P11_Y10_UO987,FXX,0,0.0,0,0,0.0,0,0,0,0.0,0.4765625,1,P6_CV0,1,1,1,2,0
20,0.9437480785146242,0.6818202991034834,Age0_F20_m20f12_P20_Y15_UO1326,R20_F20_m9f16_P9_Y13_UO814,RD12_F17_m11f20_P11_Y10_UO987,FXX,0,0.0,0,0,0.0,0,0,0,0.0,0.4765625,1,P6_CV0,1,1,1,2,0
20,0.9437480785146242,0.6818202991034834,Age0_F20_m20f17_P20_Y15_UO760,RD20_F8_m8f9_P8_Y13_UO1152,R17_F17_m17f20_P17_Y13_UO498,MXY,0,0.0,0,0,0.0,0,0,0,0.0,0.52734375,1,P7_CV0,1,2,0,0,2
20,0.9437480785146242,0.6818202991034834,R20_F20_m20f15_P20_Y14_UO61,RD20_F9_m9f16_P9_Y12_UO517,RD15_F8_m8f6_P8_Y12_UO379,FXX,1,0.0,1,1,1.0,0,0,0,-9999.0,0.548828125,1,P7_CV0,1,1,1,1,1
20,0.9437480785146242,0.6818202991034834,R20_F20_m19f3_P19_Y14_UO337,RD19_F17_m16f7_P16_Y12_UO1144,RD3_F8_m8f4_P8_Y11_UO890,MXY,1,0.0,1,1,0.0,0,0,0,-9999.0,0.498046875,1,P8_CV0,1,2,0,0,2
20,0.9437480785146242,0.6818202991034834,R20_F20_m11f15_P11_Y13_UO224,R11_F11_m4f12_P4_Y11_UO247,RD15_F8_m8f4_P8_Y11_UO888,MXY,2,0.0,1,0,0.0,0,0,0,-9999.0,0.49609375,1,P8_CV0,1,2,0,1,1
20,0.9437480785146242,0.6818202991034834,R20_F20_m2f8_P2_Y14_UO296,R2_F2_m11f12_P11_Y12_UO1050,RD8_F12_m12f10_P12_Y12_UO437,FXX,1,0.0,1,1,1.0,0,0,0,-9999.0,0.544921875,1,P9_CV0,1,1,1,1,1
20,0.9437480785146242,0.6818202991034834,R20_F20_m20f6_P20_Y14_UO49,RD20_F19_m19f4_P19_Y12_UO9,RD6_F7_m12f15_P12_Y12_UO189,FXX,1,0.0,1,1,1.0,0,0,0,-9999.0,0.5703125,1,P9_CV0,1,1,1,1,1
20,0.9437480785146242,0.6818202991034834,R20_F20_m20f10_P20_Y14_UO629,RD20_F19_m19f4_P19_Y12_UO9,RD10_F19_m19f20_P19_Y12_UO150,FXX,1,0.0,1,1,1.0,0,0,0,-9999.0,0.599609375,1,P9_CV0,1,0,2,1,1
20,0.9437480785146242,0.6818202991034834,R20_F20_m20f10_P20_Y14_UO631,RD20_F19_m19f4_P19_Y12_UO9,RD10_F19_m19f20_P19_Y12_UO150,MXY,1,0.0,1,1,0.0,0,0,0,-9999.0,0.599609375,1,P9_CV0,1,0,2,1,1
