PatchID,XCOORD,YCOORD,ID,MID,FID,sex,age,size,mature,newmature,layeggs,capture,recapture,state,CDist,Hindex,Species,ClassFile,SubPatchID,L0A0,L0A1,L1A0,L1A1
1,1.0,0.0,Age0_F1_m1f2_P1_Y4_UO29,R1_F1_m1f20_P1_Y2_UO881,R2_F2_m2f1_P2_Y2_UO946,MXY,0,0.0,0,0,0.0,0,0,0,0.0,0.5,1,P0_CV0,1,1,1,2,0
1,1.0,0.0,Age0_F1_m1f2_P1_Y4_UO31,R1_F1_m1f20_P1_Y2_UO881,R2_F2_m2f1_P2_Y2_UO946,MXY,0,0.0,0,0,0.0,0,0,0,0.0,0.5,1,P0_CV0,1,2,0,2,0
1,1.0,0.0,Age0_F1_m1f20_P1_Y4_UO270,R1_F1_m1f2_P1_Y2_UO1435,R20_F20_m20f19_P20_Y2_UO905,MXY,0,0.0,0,0,0.0,0,0,0,0.0,0.25,1,P0_CV0,1,1,1,2,0
1,1.0,0.0,Age0_F1_m1f2_P1_Y4_UO272,R1_F1_m1f20_P1_Y2_UO881,R2_F2_m2f1_P2_Y1_UO449,MXY,0,0.0,0,0,0.0,0,0,0,0.0,0.625,1,P0_CV0,1,2,0,1,1
1,1.0,0.0,Age0_F1_m1f2_P1_Y4_UO273,R1_F1_m1f20_P1_Y2_UO881,R2_F2_m2f1_P2_Y1_UO449,MXY,0,0.0,0,0,0.0,0,0,0,0.0,0.625,1,P0_CV0,1,2,0,0,2
1,1.0,0.0,Age0_F1_m1f2_P1_Y4_UO274,R1_F1_m1f20_P1_Y2_UO881,R2_F2_m2f1_P2_Y1_UO449,FXX,0,0.0,0,0,0.0,0,0,0,0.0,0.625,1,P0_CV0,1,2,0,1,1
1,1.0,0.0,Age0_F1_m1f20_P1_Y4_UO404,R1_F1_m1f2_P1_Y2_UO1435,R20_F20_m20f1_P20_Y2_UO425,MXY,0,0.0,0,0,0.0,0,0,0,0.0,0.4375,1,P0_CV0,1,1,1,1,1
1,1.0,0.0,Age0_F1_m1f20_P1_Y4_UO405,R1_F1_m1f2_P1_Y2_UO1435,R20_F20_m20f1_P20_Y2_UO425,FXX,0,0.0,0,0,0.0,0,0,0,0.0,0.4375,1,P0_CV0,1,2,0,1,1
1,1.0,0.0,Age0_F1_m1f20_P1_Y4_UO406,R1_F1_m1f2_P1_Y2_UO1435,R20_F20_m20f1_P20_Y2_UO425,FXX,0,0.0,0,0,0.0,0,0,0,0.0,0.4375,1,P0_CV0,1,1,1,1,1
1,1.0,0.0,Age0_F1_m1f2_P1_Y4_UO464,R1_F1_m1f2_P1_Y2_UO1451,R2_F2_m2f1_P2_Y2_UO760,MXY,0,0.0,0,0,0.0,0,0,0,0.0,0.5,1,P0_CV0,1,1,1,0,2
1,1.0,0.0,Age0_F1_m1f2_P1_Y4_UO465,R1_F1_m1f2_P1_Y2_UO1451,R2_F2_m2f1_P2_Y2_UO760,FXX,0,0.0,0,0,0.0,0,0,0,0.0,0.5,1,P0_CV0,1,1,1,0,2
1,1.0,0.0,Age0_F1_m1f2_P1_Y4_UO466,R1_F1_m1f2_P1_Y2_UO1451,R2_F2_m2f1_P2_Y2_UO760,FXX,0,0.0,0,0,0.0,0,0,0,0.0,0.5,1,P0_CV0,1,1,1,1,1
1,1.0,0.0,Age0_F1_m1f20_P1_Y4_UO512,R1_F1_m1f20_P1_Y2_UO1368,R20_F20_m1f20_P1_Y2_UO471,FXX,0,0.0,0,0,0.0,0,0,0,0.0,0.5625,1,P0_CV0,1,1,1,0,2
1,1.0,0.0,Age0_F1_m1f20_P1_Y4_UO513,R1_F1_m1f20_P1_Y2_UO1368,R20_F20_m1f20_P1_Y2_UO471,FXX,0,0.0,0,0,0.0,0,0,0,0.0,0.5625,1,P0_CV0,1,1,1,2,0
1,1.0,0.0,Age0_F1_m1f20_P1_Y4_UO514,R1_F1_m1f20_P1_Y2_UO1368,R20_F20_m1f20_P1_Y2_UO471,MXY,0,0.0,0,0,0.0,0,0,0,0.0,0.5625,1,P0_CV0,1,2,0,0,2
1,1.0,0.0,Age0_F1_m1f2_P1_Y4_UO545,R1_F1_m1f2_P1_Y2_UO1435,R2_F2_m2f1_P2_Y1_UO1119,MXY,0,0.0,0,0,0.0,0,0,0,0.0,0.625,1,P0_CV0,1,1,1,1,1
1,1.0,0.0,Age0_F1_m1f2_P1_Y4_UO547,R1_F1_m1f2_P1_Y2_UO1435,R2_F2_m2f1_P2_Y1_UO1119,MXY,0,0.0,0,0,0.0,0,0,0,0.0,0.625,1,P0_CV0,1,1,1,1,1
1,1.0,0.0,Age0_F1_m1f2_P1_Y4_UO549,R1_F1_m1f2_P1_Y2_UO1435,R2_F2_m2f1_P2_Y1_UO1119,MXY,0,0.0,0,0,0.0,0,0,0,0.0,0.625,1,P0_CV0,1,1,1,1,1
1,1.0,0.0,Age0_F1_m1f2_P1_Y4_UO638,R1_F1_m1f20_P1_Y2_UO879,R2_F2_m2f1_P2_Y2_UO941,MXY,0,0.0,0,0,0.0,0,0,0,0.0,0.5,1,P0_CV0,1,1,1,1,1
1,1.0,0.0,Age0_F1_m1f2_P1_Y4_UO639,R1_F1_m1f20_P1_Y2_UO879,R2_F2_m2f1_P2_Y2_UO941,MXY,0,0.0,0,0,0.0,0,0,0,0.0,0.5,1,P0_CV0,1,2,0,1,1
1,1.0,0.0,Age0_F1_m1f2_P1_Y4_UO640,R1_F1_m1f20_P1_Y2_UO879,R2_F2_m2f1_P2_Y2_UO941,FXX,0,0.0,0,0,0.0,0,0,0,0.0,0.5,1,P0_CV0,1,2,0,1,1
1,1.0,0.0,Age0_F1_m1f2_P1_Y4_UO742,R1_F1_m20f19_P20_Y2_UO896,R2_F2_m2f1_P2_Y1_UO107,MXY,0,0.0,0,0,0.0,0,0,0,0.0,0.625,1,P0_CV0,1,2,0,1,1
1,1.0,0.0,Age0_F1_m1f2_P1_Y4_UO743,R1_F1_m20f19_P20_Y2_UO896,R2_F2_m2f1_P2_Y1_UO107,FXX,0,0.0,0,0,0.0,0,0,0,0.0,0.625,1,P0_CV0,1,2,0,1,1
1,1.0,0.0,Age0_F1_m1f2_P1_Y4_UO745,R1_F1_m20f19_P20_Y2_UO896,R2_F2_m2f1_P2_Y1_UO107,MXY,0,0.0,0,0,0.0,0,0,0,0.0,0.625,1,P0_CV0,1,2,0,2,0
1,1.0,0.0,Age0_F1_m1f2_P1_Y4_UO871,RD1_F2_m2f3_P2_Y2_UO195,R2_F2_m2f1_P2_Y1_UO680,MXY,0,0.0,0,0,0.0,0,0,0,0.0,0.5,1,P0_CV0,1,2,0,0,2
1,1.0,0.0,Age0_F1_m1f2_P1_Y4_UO872,RD1_F2_m2f3_P2_Y2_UO195,R2_F2_m2f1_P2_Y1_UO680,FXX,0,0.0,0,0,0.0,0,0,0,0.0,0.5,1,P0_CV0,1,2,0,1,1
1,1.0,0.0,Age0_F1_m1f2_P1_Y4_UO873,RD1_F2_m2f3_P2_Y2_UO195,R2_F2_m2f1_P2_Y1_UO680,FXX,0,0.0,0,0,0.0,0,0,0,0.0,0.5,1,P0_CV0,1,1,1,1,1
1,1.0,0.0,Age0_F1_m1f2_P1_Y4_UO875,RD1_F2_m2f3_P2_Y2_UO195,R2_F2_m2f1_P2_Y1_UO680,MXY,0,0.0,0,0,0.0,0,0,0,0.0,0.5,1,P0_CV0,1,2,0,1,1
1,1.0,0.0,Age0_F1_m1f2_P1_Y4_UO876,RD1_F2_m2f3_P2_Y2_UO195,R2_F2_m2f1_P2_Y1_UO680,MXY,0,0.0,0,0,0.0,0,0,0,0.0,0.5,1,P0_CV0,1,2,0,1,1
1,1.0,0.0,Age0_F1_m1f20_P1_Y4_UO1137,R1_F1_m20f19_P20_Y2_UO896,R20_F20_m20f19_P20_Y2_UO235,MXY,0,0.0,0,0,0.0,0,0,0,0.0,0.5625,1,P0_CV0,1,1,1,2,0
1,1.0,0.0,Age0_F1_m1f20_P1_Y4_UO1138,R1_F1_m20f19_P20_Y2_UO896,R20_F20_m20f19_P20_Y2_UO235,MXY,0,0.0,0,0,0.0,0,0,0,0.0,0.5625,1,P0_CV0,1,1,1,2,0
1,1.0,0.0,Age0_F1_m1f20_P1_Y4_UO1169,RD1_F2_m2f3_P2_Y2_UO195,R20_F20_m20f1_P20_Y2_UO646,FXX,0,0.0,0,0,0.0,0,0,0,0.0,0.4375,1,P0_CV0,1,1,1,1,1
1,1.0,0.0,Age0_F1_m1f20_P1_Y4_UO1171,RD1_F2_m2f3_P2_Y2_UO195,R20_F20_m20f1_P20_Y2_UO646,FXX,0,0.0,0,0,0.0,0,0,0,0.0,0.4375,1,P0_CV0,1,2,0,2,0
1,1.0,0.0,Age0_F1_m1f20_P1_Y4_UO1459,R1_F1_m20f19_P20_Y2_UO896,R20_F20_m20f19_P20_Y2_UO326,FXX,0,0.0,0,0,0.0,0,0,0,0.0,0.6875,1,P0_CV0,1,2,0,1,1
1,1.0,0.0,R1_F1_m1f20_P1_Y3_UO265,R1_F1_m1f20_P1_Y1_UO192,R20_F20_m20f19_P20_Y0_UO885,FXX,1,0.0,1,1,1.0,0,0,0,-9999.0,0.5,1,P0_CV0,1,0,2,1,1
1,1.0,0.0,R1_F1_m20f19_P20_Y2_UO896,R20_F20_m1f2_P1_Y0_UO731,R19_F19_m19f18_P19_Y0_UO838,FXX,2,0.0,1,0,1.0,0,0,0,-9999.0,0.75,1,P0_CV0,1,2,0,1,1
1,1.0,0.0,R1_F1_m1f20_P1_Y1_UO195,R1_F1_m-1f-1_P1_Y-1_U18,R20_F20_m-1f-1_P20_Y-1_U74,FXX,3,0.0,1,0,1.0,0,0,0,-9999.0,0.75,1,P0_CV0,1,2,0,2,0
1,1.0,0.0,Age0_F1_m1f20_P1_Y4_UO1407,RD1_F2_m2f3_P2_Y2_UO195,R20_F20_m20f19_P20_Y2_UO45,MXY,0,0.0,0,0,0.0,0,0,0,0.0,0.4375,1,P17_CV0,1,1,1,2,0
1,1.0,0.0,Age0_F1_m1f20_P1_Y4_UO1408,RD1_F2_m2f3_P2_Y2_UO195,R20_F20_m20f19_P20_Y2_UO45,MXY,0,0.0,0,0,0.0,0,0,0,0.0,0.4375,1,P17_CV0,1,1,1,0,2
1,1.0,0.0,R1_F1_m20f19_P20_Y3_UO14,R20_F20_m20f19_P20_Y1_UO666,RD19_F18_m19f18_P19_Y1_UO1064,MXY,1,0.0,1,1,0.0,0,0,0,-9999.0,0.125,1,P17_CV0,1,0,2,1,1
1,1.0,0.0,Age0_F1_m1f20_P1_Y4_UO1460,R1_F1_m20f19_P20_Y2_UO896,R20_F20_m20f19_P20_Y2_UO326,MXY,0,0.0,0,0,0.0,0,0,0,0.0,0.6875,1,P18_CV0,1,2,0,1,1
1,1.0,0.0,Age0_F1_m1f20_P1_Y4_UO1461,R1_F1_m20f19_P20_Y2_UO896,R20_F20_m20f19_P20_Y2_UO326,FXX,0,0.0,0,0,0.0,0,0,0,0.0,0.6875,1,P18_CV0,1,1,1,1,1
1,1.0,0.0,Age0_F1_m1f20_P1_Y4_UO1462,R1_F1_m20f19_P20_Y2_UO896,R20_F20_m20f19_P20_Y2_UO326,MXY,0,0.0,0,0,0.0,0,0,0,0.0,0.6875,1,P18_CV0,1,1,1,0,2
1,1.0,0.0,Age0_F1_m1f20_P1_Y4_UO1463,R1_F1_m20f19_P20_Y2_UO896,R20_F20_m20f19_P20_Y2_UO326,FXX,0,0.0,0,0,0.0,0,0,0,0.0,0.6875,1,P18_CV0,1,2,0,2,0
1,1.0,0.0,R1_F1_m1f20_P1_Y3_UO263,R1_F1_m1f20_P1_Y1_UO192,R20_F20_m20f19_P20_Y0_UO885,FXX,1,0.0,1,1,1.0,0,0,0,-9999.0,0.5,1,P18_CV0,1,0,2,1,1
1,1.0,0.0,Age0_F1_m1f20_P1_Y4_UO201,R1_F1_m1f20_P1_Y2_UO1337,R20_F20_m20f19_P20_Y2_UO1205,FXX,0,0.0,0,0,0.0,0,0,0,0.0,0.3125,1,P19_CV0,1,0,2,1,1
1,1.0,0.0,Age0_F1_m1f20_P1_Y4_UO203,R1_F1_m1f20_P1_Y2_UO1337,R20_F20_m20f19_P20_Y2_UO1205,MXY,0,0.0,0,0,0.0,0,0,0,0.0,0.3125,1,P19_CV0,1,0,2,2,0
1,1.0,0.0,Age0_F1_m1f20_P1_Y4_UO269,R1_F1_m1f2_P1_Y2_UO1435,R20_F20_m20f19_P20_Y2_UO905,MXY,0,0.0,0,0,0.0,0,0,0,0.0,0.25,1,P19_CV0,1,1,1,1,1
1,1.0,0.0,Age0_F1_m1f20_P1_Y4_UO271,R1_F1_m1f2_P1_Y2_UO1435,R20_F20_m20f19_P20_Y2_UO905,FXX,0,0.0,0,0,0.0,0,0,0,0.0,0.25,1,P19_CV0,1,1,1,1,1
1,1.0,0.0,Age0_F1_m1f20_P1_Y4_UO493,R1_F1_m1f20_P1_Y2_UO1337,R20_F20_m20f19_P20_Y2_UO905,FXX,0,0.0,0,0,0.0,0,0,0,0.0,0.25,1,P19_CV0,1,0,2,0,2
1,1.0,0.0,Age0_F1_m1f20_P1_Y4_UO495,R1_F1_m1f20_P1_Y2_UO1337,R20_F20_m20f19_P20_Y2_UO905,MXY,0,0.0,0,0,0.0,0,0,0,0.0,0.25,1,P19_CV0,1,0,2,2,0
1,1.0,0.0,Age0_F1_m1f20_P1_Y4_UO497,R1_F1_m1f20_P1_Y2_UO1337,R20_F20_m20f19_P20_Y2_UO905,MXY,0,0.0,0,0,0.0,0,0,0,0.0,0.25,1,P19_CV0,1,0,2,1,1
1,1.0,0.0,Age0_F1_m1f20_P1_Y4_UO539,R1_F1_m1f20_P1_Y2_UO1364,R20_F20_m20f19_P20_Y2_UO38,FXX,0,0.0,0,0,0.0,0,0,0,0.0,0.6875,1,P19_CV0,1,2,0,0,2
1,1.0,0.0,Age0_F1_m1f20_P1_Y4_UO540,R1_F1_m1f20_P1_Y2_UO1364,R20_F20_m20f19_P20_Y2_UO38,MXY,0,0.0,0,0,0.0,0,0,0,0.0,0.6875,1,P19_CV0,1,2,0,0,2
1,1.0,0.0,Age0_F1_m1f20_P1_Y4_UO541,R1_F1_m1f20_P1_Y2_UO1364,R20_F20_m20f19_P20_Y2_UO38,MXY,0,0.0,0,0,0.0,0,0,0,0.0,0.6875,1,P19_CV0,1,2,0,0,2
1,1.0,0.0,Age0_F1_m1f20_P1_Y4_UO1103,R1_F1_m1f20_P1_Y2_UO1364,RD20_F19_m19f20_P19_Y2_UO668,MXY,0,0.0,0,0,0.0,0,0,0,0.0,0.625,1,P19_CV0,1,2,0,2,0
1,1.0,0.0,Age0_F1_m1f20_P1_Y4_UO1104,R1_F1_m1f20_P1_Y2_UO1364,RD20_F19_m19f20_P19_Y2_UO668,MXY,0,0.0,0,0,0.0,0,0,0,0.0,0.625,1,P19_CV0,1,1,1,2,0
1,1.0,0.0,Age0_F1_m1f20_P1_Y4_UO1105,R1_F1_m1f20_P1_Y2_UO1364,RD20_F19_m19f20_P19_Y2_UO668,MXY,0,0.0,0,0,0.0,0,0,0,0.0,0.625,1,P19_CV0,1,1,1,1,1
1,1.0,0.0,Age0_F1_m1f20_P1_Y4_UO1106,R1_F1_m1f20_P1_Y2_UO1364,RD20_F19_m19f20_P19_Y2_UO668,MXY,0,0.0,0,0,0.0,0,0,0,0.0,0.625,1,P19_CV0,1,2,0,2,0
1,1.0,0.0,R1_F1_m1f20_P1_Y3_UO889,R1_F1_m1f20_P1_Y1_UO422,R20_F20_m20f19_P20_Y0_UO888,MXY,1,0.0,1,1,0.0,0,0,0,-9999.0,0.375,1,P19_CV0,1,1,1,0,2
1,1.0,0.0,R1_F1_m1f20_P1_Y3_UO688,R1_F1_m1f20_P1_Y1_UO58,RD20_F19_m19f20_P19_Y0_UO1188,MXY,1,0.0,1,1,0.0,0,0,0,-9999.0,0.875,1,P19_CV0,1,1,1,1,1
1,1.0,0.0,R1_F1_m1f20_P1_Y3_UO892,R1_F1_m1f20_P1_Y1_UO422,R20_F20_m20f19_P20_Y0_UO888,MXY,1,0.0,1,1,0.0,0,0,0,-9999.0,0.375,1,P19_CV0,1,1,1,0,2
1,1.0,0.0,R1_F1_m1f20_P1_Y3_UO1101,R1_F1_m1f20_P1_Y1_UO422,R20_F20_m20f19_P20_Y0_UO1348,FXX,1,0.0,1,1,1.0,0,0,0,-9999.0,0.375,1,P19_CV0,1,1,1,0,2
1,1.0,0.0,R1_F1_m1f20_P1_Y3_UO687,R1_F1_m1f20_P1_Y1_UO58,RD20_F19_m19f20_P19_Y0_UO1188,FXX,1,0.0,1,1,1.0,0,0,0,-9999.0,0.875,1,P19_CV0,1,1,1,1,1
1,1.0,0.0,R1_F1_m20f1_P20_Y2_UO512,R20_F20_m20f19_P20_Y0_UO799,RD1_F20_m20f19_P20_Y0_UO815,MXY,2,0.0,1,0,0.0,0,0,0,-9999.0,0.25,1,P19_CV0,1,0,2,1,1
1,1.0,0.0,R1_F1_m1f20_P1_Y2_UO1364,R1_F1_m1f2_P1_Y0_UO18,R20_F20_m-1f-1_P20_Y-1_U83,FXX,2,0.0,1,0,1.0,0,0,0,-9999.0,0.75,1,P19_CV0,1,2,0,1,1
1,1.0,0.0,R1_F1_m20f19_P20_Y0_UO87,R20_F20_m-1f-1_P20_Y-1_U76,R19_F19_m-1f-1_P19_Y-1_U25,MXY,4,0.0,1,0,0.0,0,0,0,-9999.0,0.0,1,P19_CV0,1,0,2,2,0
1,1.0,0.0,Age0_F1_m1f2_P1_Y4_UO30,R1_F1_m1f20_P1_Y2_UO881,R2_F2_m2f1_P2_Y2_UO946,FXX,0,0.0,0,0,0.0,0,0,0,0.0,0.5,1,P1_CV0,1,2,0,1,1
1,1.0,0.0,Age0_F1_m1f20_P1_Y4_UO200,R1_F1_m1f20_P1_Y2_UO1337,R20_F20_m20f19_P20_Y2_UO1205,FXX,0,0.0,0,0,0.0,0,0,0,0.0,0.3125,1,P1_CV0,1,0,2,0,2
1,1.0,0.0,Age0_F1_m1f20_P1_Y4_UO202,R1_F1_m1f20_P1_Y2_UO1337,R20_F20_m20f19_P20_Y2_UO1205,MXY,0,0.0,0,0,0.0,0,0,0,0.0,0.3125,1,P1_CV0,1,0,2,1,1
1,1.0,0.0,Age0_F1_m1f2_P1_Y4_UO467,R1_F1_m1f2_P1_Y2_UO1451,R2_F2_m2f1_P2_Y2_UO760,FXX,0,0.0,0,0,0.0,0,0,0,0.0,0.5,1,P1_CV0,1,1,1,1,1
1,1.0,0.0,Age0_F1_m1f20_P1_Y4_UO494,R1_F1_m1f20_P1_Y2_UO1337,R20_F20_m20f19_P20_Y2_UO905,FXX,0,0.0,0,0,0.0,0,0,0,0.0,0.25,1,P1_CV0,1,0,2,1,1
1,1.0,0.0,Age0_F1_m1f20_P1_Y4_UO496,R1_F1_m1f20_P1_Y2_UO1337,R20_F20_m20f19_P20_Y2_UO905,MXY,0,0.0,0,0,0.0,0,0,0,0.0,0.25,1,P1_CV0,1,0,2,2,0
1,1.0,0.0,Age0_F1_m1f20_P1_Y4_UO498,R1_F1_m1f20_P1_Y2_UO1337,R20_F20_m20f19_P20_Y2_UO905,FXX,0,0.0,0,0,0.0,0,0,0,0.0,0.25,1,P1_CV0,1,0,2,1,1
1,1.0,0.0,Age0_F1_m1f20_P1_Y4_UO515,R1_F1_m1f20_P1_Y2_UO1368,R20_F20_m1f20_P1_Y2_UO471,FXX,0,0.0,0,0,0.0,0,0,0,0.0,0.5625,1,P1_CV0,1,1,1,1,1
1,1.0,0.0,Age0_F1_m1f2_P1_Y4_UO546,R1_F1_m1f2_P1_Y2_UO1435,R2_F2_m2f1_P2_Y1_UO1119,MXY,0,0.0,0,0,0.0,0,0,0,0.0,0.625,1,P1_CV0,1,2,0,1,1
1,1.0,0.0,Age0_F1_m1f2_P1_Y4_UO548,R1_F1_m1f2_P1_Y2_UO1435,R2_F2_m2f1_P2_Y1_UO1119,FXX,0,0.0,0,0,0.0,0,0,0,0.0,0.625,1,P1_CV0,1,1,1,1,1
1,1.0,0.0,Age0_F1_m1f2_P1_Y4_UO741,R1_F1_m20f19_P20_Y2_UO896,R2_F2_m2f1_P2_Y1_UO107,MXY,0,0.0,0,0,0.0,0,0,0,0.0,0.625,1,P1_CV0,1,2,0,2,0
1,1.0,0.0,Age0_F1_m1f2_P1_Y4_UO744,R1_F1_m20f19_P20_Y2_UO896,R2_F2_m2f1_P2_Y1_UO107,FXX,0,0.0,0,0,0.0,0,0,0,0.0,0.625,1,P1_CV0,1,1,1,2,0
1,1.0,0.0,Age0_F1_m1f2_P1_Y4_UO803,R1_F1_m1f20_P1_Y2_UO1365,R2_F2_m2f3_P2_Y2_UO219,MXY,0,0.0,0,0,0.0,0,0,0,0.0,0.625,1,P1_CV0,1,2,0,2,0
1,1.0,0.0,Age0_F1_m1f2_P1_Y4_UO804,R1_F1_m1f20_P1_Y2_UO1365,R2_F2_m2f3_P2_Y2_UO219,MXY,0,0.0,0,0,0.0,0,0,0,0.0,0.625,1,P1_CV0,1,2,0,1,1
1,1.0,0.0,R1_F1_m1f2_P1_Y3_UO642,R1_F1_m1f2_P1_Y1_UO442,R2_F2_m2f3_P2_Y1_UO860,MXY,1,0.0,1,1,0.0,0,0,0,-9999.0,0.5,1,P1_CV0,1,2,0,2,0
1,1.0,0.0,R1_F1_m1f2_P1_Y3_UO762,R1_F1_m1f20_P1_Y1_UO58,R2_F2_m2f3_P2_Y1_UO860,MXY,1,0.0,1,1,0.0,0,0,0,-9999.0,0.5,1,P1_CV0,1,1,1,2,0
1,1.0,0.0,R1_F1_m1f2_P1_Y2_UO1448,R1_F1_m1f2_P1_Y0_UO730,R2_F2_m1f2_P1_Y0_UO23,MXY,2,0.0,1,0,0.0,0,0,0,-9999.0,0.75,1,P1_CV0,1,1,1,2,0
1,1.0,0.0,R1_F1_m1f2_P1_Y2_UO754,R1_F1_m1f2_P1_Y0_UO730,RD2_F3_m3f4_P3_Y0_UO922,MXY,2,0.0,1,0,0.0,0,0,0,-9999.0,0.875,1,P1_CV0,1,2,0,1,1
1,1.0,0.0,R1_F1_m1f20_P1_Y2_UO724,R1_F1_m1f2_P1_Y0_UO1135,R20_F20_m20f19_P20_Y0_UO420,MXY,2,0.0,1,0,0.0,0,0,0,-9999.0,0.625,1,P1_CV0,1,1,1,2,0
1,1.0,0.0,R1_F1_m2f3_P2_Y2_UO216,R2_F2_m2f3_P2_Y0_UO194,R3_F3_m3f4_P3_Y0_UO692,MXY,2,0.0,1,0,0.0,0,0,0,-9999.0,0.5,1,P1_CV0,1,2,0,1,1
1,1.0,0.0,Age0_F1_m1f2_P1_Y4_UO800,R1_F1_m1f20_P1_Y2_UO1365,R2_F2_m2f3_P2_Y2_UO219,FXX,0,0.0,0,0,0.0,0,0,0,0.0,0.625,1,P2_CV0,1,2,0,1,1
1,1.0,0.0,Age0_F1_m1f2_P1_Y4_UO801,R1_F1_m1f20_P1_Y2_UO1365,R2_F2_m2f3_P2_Y2_UO219,MXY,0,0.0,0,0,0.0,0,0,0,0.0,0.625,1,P2_CV0,1,2,0,1,1
1,1.0,0.0,Age0_F1_m1f2_P1_Y4_UO802,R1_F1_m1f20_P1_Y2_UO1365,R2_F2_m2f3_P2_Y2_UO219,FXX,0,0.0,0,0,0.0,0,0,0,0.0,0.625,1,P2_CV0,1,2,0,0,2
1,1.0,0.0,Age0_F1_m1f2_P1_Y4_UO870,RD1_F2_m2f3_P2_Y2_UO195,R2_F2_m2f1_P2_Y1_UO680,MXY,0,0.0,0,0,0.0,0,0,0,0.0,0.5,1,P2_CV0,1,2,0,0,2
1,1.0,0.0,Age0_F1_m1f2_P1_Y4_UO874,RD1_F2_m2f3_P2_Y2_UO195,R2_F2_m2f1_P2_Y1_UO680,MXY,0,0.0,0,0,0.0,0,0,0,0.0,0.5,1,P2_CV0,1,1,1,1,1
1,1.0,0.0,Age0_F1_m1f20_P1_Y4_UO1170,RD1_F2_m2f3_P2_Y2_UO195,R20_F20_m20f1_P20_Y2_UO646,FXX,0,0.0,0,0,0.0,0,0,0,0.0,0.4375,1,P2_CV0,1,1,1,2,0
1,1.0,0.0,Age0_F1_m1f20_P1_Y4_UO1172,RD1_F2_m2f3_P2_Y2_UO195,R20_F20_m20f1_P20_Y2_UO646,FXX,0,0.0,0,0,0.0,0,0,0,0.0,0.4375,1,P2_CV0,1,2,0,1,1
1,1.0,0.0,Age0_F1_m1f20_P1_Y4_UO1173,RD1_F2_m2f3_P2_Y2_UO195,R20_F20_m20f1_P20_Y2_UO646,FXX,0,0.0,0,0,0.0,0,0,0,0.0,0.4375,1,P2_CV0,1,2,0,2,0
1,1.0,0.0,Age0_F1_m1f20_P1_Y4_UO1404,RD1_F2_m2f3_P2_Y2_UO195,R20_F20_m20f19_P20_Y2_UO45,MXY,0,0.0,0,0,0.0,0,0,0,0.0,0.4375,1,P2_CV0,1,1,1,2,0
1,1.0,0.0,Age0_F1_m1f20_P1_Y4_UO1405,RD1_F2_m2f3_P2_Y2_UO195,R20_F20_m20f19_P20_Y2_UO45,MXY,0,0.0,0,0,0.0,0,0,0,0.0,0.4375,1,P2_CV0,1,1,1,2,0
1,1.0,0.0,Age0_F1_m1f20_P1_Y4_UO1406,RD1_F2_m2f3_P2_Y2_UO195,R20_F20_m20f19_P20_Y2_UO45,FXX,0,0.0,0,0,0.0,0,0,0,0.0,0.4375,1,P2_CV0,1,1,1,2,0
1,1.0,0.0,R1_F1_m2f3_P2_Y2_UO195,R2_F2_m2f3_P2_Y0_UO194,R3_F3_m-1f-1_P3_Y-1_U17,FXX,2,0.0,1,0,1.0,0,0,0,-9999.0,0.5,1,P2_CV0,1,2,0,1,1
1,1.0,0.0,R1_F1_m1f2_P1_Y3_UO375,R1_F1_m1f20_P1_Y1_UO418,R2_F2_m2f3_P2_Y1_UO230,MXY,1,0.0,1,1,0.0,0,0,0,-9999.0,0.5,1,P3_CV0,1,1,1,2,0
2,0.9510565162951535,0.3090169943749474,Age0_F2_m2f3_P2_Y4_UO779,R2_F2_m2f1_P2_Y2_UO762,R3_F3_m3f2_P3_Y2_UO927,MXY,0,0.0,0,0,0.0,0,0,0,0.0,0.4375,1,P0_CV0,1,1,1,1,1
2,0.9510565162951535,0.3090169943749474,Age0_F2_m2f1_P2_Y4_UO825,RD2_F1_m1f20_P1_Y2_UO423,R1_F1_m1f20_P1_Y2_UO472,FXX,0,0.0,0,0,0.0,0,0,0,0.0,0.3125,1,P0_CV0,1,0,2,0,2
2,0.9510565162951535,0.3090169943749474,Age0_F2_m2f1_P2_Y4_UO828,RD2_F1_m1f20_P1_Y2_UO423,R1_F1_m1f20_P1_Y2_UO472,MXY,0,0.0,0,0,0.0,0,0,0,0.0,0.3125,1,P0_CV0,1,1,1,0,2
2,0.9510565162951535,0.3090169943749474,R2_F2_m3f2_P3_Y3_UO760,R3_F3_m3f4_P3_Y1_UO372,R2_F2_m1f2_P1_Y0_UO23,MXY,1,0.0,1,1,0.0,0,0,0,-9999.0,0.375,1,P0_CV0,1,0,2,0,2
2,0.9510565162951535,0.3090169943749474,R2_F2_m1f20_P1_Y2_UO423,R1_F1_m1f20_P1_Y0_UO744,R20_F20_m20f1_P20_Y0_UO1276,FXX,2,0.0,1,0,1.0,0,0,0,-9999.0,0.25,1,P0_CV0,1,1,1,1,1
2,0.9510565162951535,0.3090169943749474,R2_F2_m2f1_P2_Y2_UO759,R2_F2_m2f1_P2_Y0_UO493,R1_F1_m2f1_P2_Y0_UO993,FXX,2,0.0,1,0,1.0,0,0,0,-9999.0,0.25,1,P0_CV0,1,0,2,2,0
2,0.9510565162951535,0.3090169943749474,R2_F2_m2f1_P2_Y1_UO449,R2_F2_m-1f-1_P2_Y-1_U53,R1_F1_m-1f-1_P1_Y-1_U61,MXY,3,0.0,1,0,0.0,0,0,0,-9999.0,0.75,1,P0_CV0,1,1,1,0,2
2,0.9510565162951535,0.3090169943749474,R2_F2_m2f1_P2_Y1_UO1023,R2_F2_m-1f-1_P2_Y-1_U35,R1_F1_m-1f-1_P1_Y-1_U16,FXX,3,0.0,1,0,1.0,0,0,0,-9999.0,0.5,1,P0_CV0,1,2,0,1,1
2,0.9510565162951535,0.3090169943749474,Age0_F2_m2f1_P2_Y4_UO824,RD2_F1_m1f20_P1_Y2_UO423,R1_F1_m1f20_P1_Y2_UO472,MXY,0,0.0,0,0,0.0,0,0,0,0.0,0.3125,1,P18_CV0,1,0,2,2,0
2,0.9510565162951535,0.3090169943749474,Age0_F2_m2f1_P2_Y4_UO826,RD2_F1_m1f20_P1_Y2_UO423,R1_F1_m1f20_P1_Y2_UO472,FXX,0,0.0,0,0,0.0,0,0,0,0.0,0.3125,1,P18_CV0,1,0,2,1,1
2,0.9510565162951535,0.3090169943749474,Age0_F2_m2f1_P2_Y4_UO827,RD2_F1_m1f20_P1_Y2_UO423,R1_F1_m1f20_P1_Y2_UO472,FXX,0,0.0,0,0,0.0,0,0,0,0.0,0.3125,1,P18_CV0,1,1,1,1,1
2,0.9510565162951535,0.3090169943749474,Age0_F2_m2f3_P2_Y4_UO657,R2_F2_m2f1_P2_Y2_UO1461,R3_F3_m3f4_P3_Y2_UO569,FXX,0,0.0,0,0,0.0,0,0,0,0.0,0.375,1,P19_CV0,1,0,2,1,1
2,0.9510565162951535,0.3090169943749474,Age0_F2_m2f3_P2_Y4_UO662,R2_F2_m2f1_P2_Y2_UO1461,R3_F3_m3f4_P3_Y2_UO569,MXY,0,0.0,0,0,0.0,0,0,0,0.0,0.375,1,P19_CV0,1,0,2,1,1
2,0.9510565162951535,0.3090169943749474,Age0_F2_m2f3_P2_Y4_UO663,R2_F2_m2f1_P2_Y2_UO1461,R3_F3_m3f4_P3_Y2_UO569,FXX,0,0.0,0,0,0.0,0,0,0,0.0,0.375,1,P19_CV0,1,1,1,1,1
2,0.9510565162951535,0.3090169943749474,R2_F2_m2f1_P2_Y3_UO1020,R2_F2_m2f1_P2_Y1_UO16,R1_F1_m1f20_P1_Y0_UO1313,MXY,1,0.0,1,1,0.0,0,0,0,-9999.0,0.375,1,P19_CV0,1,2,0,1,1
2,0.9510565162951535,0.3090169943749474,R2_F2_m2f1_P2_Y3_UO484,R2_F2_m2f3_P2_Y1_UO289,R1_F1_m1f20_P1_Y0_UO1313,MXY,1,0.0,1,1,0.0,0,0,0,-9999.0,0.25,1,P19_CV0,1,1,1,2,0
2,0.9510565162951535,0.3090169943749474,R2_F2_m2f1_P2_Y3_UO1019,R2_F2_m2f1_P2_Y1_UO16,R1_F1_m1f20_P1_Y0_UO1313,MXY,1,0.0,1,1,0.0,0,0,0,-9999.0,0.375,1,P19_CV0,1,1,1,1,1
2,0.9510565162951535,0.3090169943749474,R2_F2_m2f1_P2_Y3_UO1012,R2_F2_m2f1_P2_Y1_UO16,R1_F1_m1f20_P1_Y0_UO1313,FXX,1,0.0,1,1,1.0,0,0,0,-9999.0,0.375,1,P19_CV0,1,1,1,1,1
2,0.9510565162951535,0.3090169943749474,Age0_F2_m2f3_P2_Y4_UO15,R2_F2_m2f3_P2_Y2_UO218,R3_F3_m3f2_P3_Y1_UO265,MXY,0,0.0,0,0,0.0,0,0,0,0.0,0.375,1,P1_CV0,1,1,1,2,0
2,0.9510565162951535,0.3090169943749474,Age0_F2_m2f3_P2_Y4_UO17,R2_F2_m2f3_P2_Y2_UO218,R3_F3_m3f2_P3_Y1_UO265,FXX,0,0.0,0,0,0.0,0,0,0,0.0,0.375,1,P1_CV0,1,0,2,2,0
2,0.9510565162951535,0.3090169943749474,Age0_F2_m2f3_P2_Y4_UO18,R2_F2_m2f3_P2_Y2_UO218,R3_F3_m3f2_P3_Y1_UO265,MXY,0,0.0,0,0,0.0,0,0,0,0.0,0.375,1,P1_CV0,1,0,2,1,1
2,0.9510565162951535,0.3090169943749474,Age0_F2_m2f3_P2_Y4_UO164,R2_F2_m2f1_P2_Y2_UO942,R3_F3_m3f4_P3_Y2_UO1373,MXY,0,0.0,0,0,0.0,0,0,0,0.0,0.5,1,P1_CV0,1,2,0,1,1
2,0.9510565162951535,0.3090169943749474,Age0_F2_m2f3_P2_Y4_UO165,R2_F2_m2f1_P2_Y2_UO942,R3_F3_m3f4_P3_Y2_UO1373,MXY,0,0.0,0,0,0.0,0,0,0,0.0,0.5,1,P1_CV0,1,1,1,0,2
2,0.9510565162951535,0.3090169943749474,Age0_F2_m2f3_P2_Y4_UO166,R2_F2_m2f1_P2_Y2_UO942,R3_F3_m3f4_P3_Y2_UO1373,MXY,0,0.0,0,0,0.0,0,0,0,0.0,0.5,1,P1_CV0,1,1,1,1,1
2,0.9510565162951535,0.3090169943749474,Age0_F2_m2f3_P2_Y4_UO167,R2_F2_m2f1_P2_Y2_UO942,R3_F3_m3f4_P3_Y2_UO1373,MXY,0,0.0,0,0,0.0,0,0,0,0.0,0.5,1,P1_CV0,1,2,0,2,0
2,0.9510565162951535,0.3090169943749474,Age0_F2_m2f3_P2_Y4_UO168,R2_F2_m2f1_P2_Y2_UO942,R3_F3_m3f4_P3_Y2_UO1373,MXY,0,0.0,0,0,0.0,0,0,0,0.0,0.5,1,P1_CV0,1,1,1,1,1
2,0.9510565162951535,0.3090169943749474,Age0_F2_m2f3_P2_Y4_UO169,R2_F2_m2f1_P2_Y2_UO942,R3_F3_m3f4_P3_Y2_UO1373,MXY,0,0.0,0,0,0.0,0,0,0,0.0,0.5,1,P1_CV0,1,2,0,0,2
2,0.9510565162951535,0.3090169943749474,Age0_F2_m2f3_P2_Y4_UO170,R2_F2_m2f1_P2_Y2_UO942,R3_F3_m3f4_P3_Y2_UO1373,FXX,0,0.0,0,0,0.0,0,0,0,0.0,0.5,1,P1_CV0,1,1,1,2,0
2,0.9510565162951535,0.3090169943749474,Age0_F2_m2f3_P2_Y4_UO171,R2_F2_m2f1_P2_Y2_UO942,R3_F3_m3f4_P3_Y2_UO1373,MXY,0,0.0,0,0,0.0,0,0,0,0.0,0.5,1,P1_CV0,1,2,0,2,0
2,0.9510565162951535,0.3090169943749474,Age0_F2_m2f3_P2_Y4_UO172,R2_F2_m2f1_P2_Y2_UO942,R3_F3_m3f4_P3_Y2_UO1373,FXX,0,0.0,0,0,0.0,0,0,0,0.0,0.5,1,P1_CV0,1,1,1,1,1
2,0.9510565162951535,0.3090169943749474,Age0_F2_m2f3_P2_Y4_UO296,R2_F2_m2f1_P2_Y2_UO942,R3_F3_m3f4_P3_Y2_UO64,FXX,0,0.0,0,0,0.0,0,0,0,0.0,0.375,1,P1_CV0,1,1,1,1,1
2,0.9510565162951535,0.3090169943749474,Age0_F2_m2f3_P2_Y4_UO297,R2_F2_m2f1_P2_Y2_UO942,R3_F3_m3f4_P3_Y2_UO64,MXY,0,0.0,0,0,0.0,0,0,0,0.0,0.375,1,P1_CV0,1,2,0,0,2
2,0.9510565162951535,0.3090169943749474,Age0_F2_m2f3_P2_Y4_UO298,R2_F2_m2f1_P2_Y2_UO942,R3_F3_m3f4_P3_Y2_UO64,FXX,0,0.0,0,0,0.0,0,0,0,0.0,0.375,1,P1_CV0,1,2,0,2,0
2,0.9510565162951535,0.3090169943749474,Age0_F2_m2f3_P2_Y4_UO300,R2_F2_m2f1_P2_Y2_UO942,R3_F3_m3f4_P3_Y2_UO64,FXX,0,0.0,0,0,0.0,0,0,0,0.0,0.375,1,P1_CV0,1,1,1,2,0
2,0.9510565162951535,0.3090169943749474,Age0_F2_m2f1_P2_Y4_UO1025,R2_F2_m2f3_P2_Y2_UO187,R1_F1_m1f2_P1_Y2_UO1448,MXY,0,0.0,0,0,0.0,0,0,0,0.0,0.625,1,P1_CV0,1,1,1,2,0
2,0.9510565162951535,0.3090169943749474,Age0_F2_m2f1_P2_Y4_UO1026,R2_F2_m2f3_P2_Y2_UO187,R1_F1_m1f2_P1_Y2_UO1448,FXX,0,0.0,0,0,0.0,0,0,0,0.0,0.625,1,P1_CV0,1,1,1,2,0
2,0.9510565162951535,0.3090169943749474,Age0_F2_m2f1_P2_Y4_UO1027,R2_F2_m2f3_P2_Y2_UO187,R1_F1_m1f2_P1_Y2_UO1448,MXY,0,0.0,0,0,0.0,0,0,0,0.0,0.625,1,P1_CV0,1,1,1,1,1
2,0.9510565162951535,0.3090169943749474,Age0_F2_m2f1_P2_Y4_UO1028,R2_F2_m2f3_P2_Y2_UO187,R1_F1_m1f2_P1_Y2_UO1448,MXY,0,0.0,0,0,0.0,0,0,0,0.0,0.625,1,P1_CV0,1,2,0,2,0
2,0.9510565162951535,0.3090169943749474,Age0_F2_m2f1_P2_Y4_UO1030,R2_F2_m2f3_P2_Y2_UO187,R1_F1_m1f2_P1_Y2_UO1448,FXX,0,0.0,0,0,0.0,0,0,0,0.0,0.625,1,P1_CV0,1,0,2,1,1
2,0.9510565162951535,0.3090169943749474,Age0_F2_m2f1_P2_Y4_UO1034,R2_F2_m2f3_P2_Y2_UO187,R1_F1_m1f2_P1_Y2_UO1448,MXY,0,0.0,0,0,0.0,0,0,0,0.0,0.625,1,P1_CV0,1,1,1,1,1
2,0.9510565162951535,0.3090169943749474,Age0_F2_m2f1_P2_Y4_UO1036,R2_F2_m2f3_P2_Y2_UO187,R1_F1_m1f2_P1_Y2_UO1448,MXY,0,0.0,0,0,0.0,0,0,0,0.0,0.625,1,P1_CV0,1,1,1,2,0
2,0.9510565162951535,0.3090169943749474,Age0_F2_m2f1_P2_Y4_UO1038,R2_F2_m2f3_P2_Y2_UO187,R1_F1_m1f2_P1_Y2_UO1448,MXY,0,0.0,0,0,0.0,0,0,0,0.0,0.625,1,P1_CV0,1,1,1,1,1
2,0.9510565162951535,0.3090169943749474,R2_F2_m2f3_P2_Y3_UO748,R2_F2_m2f3_P2_Y1_UO534,R3_F3_m3f4_P3_Y1_UO1002,FXX,1,0.0,1,1,1.0,0,0,0,-9999.0,0.25,1,P1_CV0,1,1,1,2,0
2,0.9510565162951535,0.3090169943749474,R2_F2_m2f3_P2_Y3_UO540,R2_F2_m2f1_P2_Y1_UO166,R3_F3_m4f5_P4_Y1_UO831,FXX,1,0.0,1,1,1.0,0,0,0,-9999.0,0.75,1,P1_CV0,1,2,0,2,0
2,0.9510565162951535,0.3090169943749474,R2_F2_m2f3_P2_Y3_UO1075,R2_F2_m2f3_P2_Y1_UO289,R3_F3_m3f4_P3_Y1_UO218,MXY,1,0.0,1,1,0.0,0,0,0,-9999.0,0.25,1,P1_CV0,1,0,2,2,0
2,0.9510565162951535,0.3090169943749474,R2_F2_m2f3_P2_Y3_UO1145,R2_F2_m2f3_P2_Y1_UO534,R3_F3_m3f2_P3_Y1_UO889,FXX,1,0.0,1,1,1.0,0,0,0,-9999.0,0.375,1,P1_CV0,1,2,0,0,2
2,0.9510565162951535,0.3090169943749474,R2_F2_m2f1_P2_Y3_UO489,R2_F2_m2f3_P2_Y1_UO289,R1_F1_m1f20_P1_Y0_UO1313,MXY,1,0.0,1,1,0.0,0,0,0,-9999.0,0.25,1,P1_CV0,1,2,0,1,1
2,0.9510565162951535,0.3090169943749474,R2_F2_m2f3_P2_Y3_UO1074,R2_F2_m2f3_P2_Y1_UO289,R3_F3_m3f4_P3_Y1_UO218,FXX,1,0.0,1,1,1.0,0,0,0,-9999.0,0.25,1,P1_CV0,1,0,2,1,1
2,0.9510565162951535,0.3090169943749474,R2_F2_m2f1_P2_Y3_UO488,R2_F2_m2f3_P2_Y1_UO289,R1_F1_m1f20_P1_Y0_UO1313,FXX,1,0.0,1,1,1.0,0,0,0,-9999.0,0.25,1,P1_CV0,1,2,0,2,0
2,0.9510565162951535,0.3090169943749474,R2_F2_m2f3_P2_Y3_UO1141,R2_F2_m2f3_P2_Y1_UO534,R3_F3_m3f2_P3_Y1_UO889,FXX,1,0.0,1,1,1.0,0,0,0,-9999.0,0.375,1,P1_CV0,1,1,1,1,1
2,0.9510565162951535,0.3090169943749474,R2_F2_m2f3_P2_Y3_UO41,R2_F2_m2f3_P2_Y1_UO289,R3_F3_m3f4_P3_Y1_UO218,MXY,1,0.0,1,1,0.0,0,0,0,-9999.0,0.25,1,P1_CV0,1,0,2,2,0
2,0.9510565162951535,0.3090169943749474,R2_F2_m2f3_P2_Y3_UO1146,R2_F2_m2f3_P2_Y1_UO534,R3_F3_m3f2_P3_Y1_UO889,MXY,1,0.0,1,1,0.0,0,0,0,-9999.0,0.375,1,P1_CV0,1,2,0,1,1
2,0.9510565162951535,0.3090169943749474,R2_F2_m2f3_P2_Y3_UO545,R2_F2_m2f1_P2_Y1_UO166,R3_F3_m4f5_P4_Y1_UO831,MXY,1,0.0,1,1,0.0,0,0,0,-9999.0,0.75,1,P1_CV0,1,2,0,2,0
2,0.9510565162951535,0.3090169943749474,R2_F2_m2f3_P2_Y3_UO544,R2_F2_m2f1_P2_Y1_UO166,R3_F3_m4f5_P4_Y1_UO831,MXY,1,0.0,1,1,0.0,0,0,0,-9999.0,0.75,1,P1_CV0,1,1,1,2,0
2,0.9510565162951535,0.3090169943749474,R2_F2_m2f3_P2_Y3_UO39,R2_F2_m2f3_P2_Y1_UO289,R3_F3_m3f4_P3_Y1_UO218,FXX,1,0.0,1,1,1.0,0,0,0,-9999.0,0.25,1,P1_CV0,1,0,2,2,0
2,0.9510565162951535,0.3090169943749474,R2_F2_m2f1_P2_Y2_UO766,R2_F2_m2f1_P2_Y0_UO493,R1_F1_m2f1_P2_Y0_UO993,FXX,2,0.0,1,0,1.0,0,0,0,-9999.0,0.25,1,P1_CV0,1,0,2,1,1
2,0.9510565162951535,0.3090169943749474,R2_F2_m2f1_P2_Y2_UO946,R2_F2_m2f1_P2_Y0_UO488,R1_F1_m1f20_P1_Y0_UO967,MXY,2,0.0,1,0,0.0,0,0,0,-9999.0,0.5,1,P1_CV0,1,1,1,2,0
2,0.9510565162951535,0.3090169943749474,R2_F2_m2f1_P2_Y1_UO107,R2_F2_m-1f-1_P2_Y-1_U72,R1_F1_m-1f-1_P1_Y-1_U39,MXY,3,0.0,1,0,0.0,0,0,0,-9999.0,0.5,1,P1_CV0,1,1,1,2,0
2,0.9510565162951535,0.3090169943749474,Age0_F2_m2f3_P2_Y4_UO14,R2_F2_m2f3_P2_Y2_UO218,R3_F3_m3f2_P3_Y1_UO265,FXX,0,0.0,0,0,0.0,0,0,0,0.0,0.375,1,P2_CV0,1,0,2,1,1
2,0.9510565162951535,0.3090169943749474,Age0_F2_m2f3_P2_Y4_UO16,R2_F2_m2f3_P2_Y2_UO218,R3_F3_m3f2_P3_Y1_UO265,MXY,0,0.0,0,0,0.0,0,0,0,0.0,0.375,1,P2_CV0,1,0,2,1,1
2,0.9510565162951535,0.3090169943749474,Age0_F2_m2f3_P2_Y4_UO19,R2_F2_m2f3_P2_Y2_UO218,R3_F3_m3f2_P3_Y1_UO265,MXY,0,0.0,0,0,0.0,0,0,0,0.0,0.375,1,P2_CV0,1,0,2,2,0
2,0.9510565162951535,0.3090169943749474,Age0_F2_m2f3_P2_Y4_UO20,R2_F2_m2f3_P2_Y2_UO218,R3_F3_m3f2_P3_Y1_UO265,FXX,0,0.0,0,0,0.0,0,0,0,0.0,0.375,1,P2_CV0,1,0,2,1,1
2,0.9510565162951535,0.3090169943749474,Age0_F2_m2f3_P2_Y4_UO21,R2_F2_m2f3_P2_Y2_UO218,R3_F3_m3f2_P3_Y1_UO265,MXY,0,0.0,0,0,0.0,0,0,0,0.0,0.375,1,P2_CV0,1,1,1,2,0
2,0.9510565162951535,0.3090169943749474,Age0_F2_m2f3_P2_Y4_UO774,R2_F2_m2f1_P2_Y2_UO762,R3_F3_m3f2_P3_Y2_UO927,MXY,0,0.0,0,0,0.0,0,0,0,0.0,0.4375,1,P2_CV0,1,1,1,1,1
2,0.9510565162951535,0.3090169943749474,Age0_F2_m2f3_P2_Y4_UO775,R2_F2_m2f1_P2_Y2_UO762,R3_F3_m3f2_P3_Y2_UO927,FXX,0,0.0,0,0,0.0,0,0,0,0.0,0.4375,1,P2_CV0,1,1,1,1,1
2,0.9510565162951535,0.3090169943749474,Age0_F2_m2f3_P2_Y4_UO776,R2_F2_m2f1_P2_Y2_UO762,R3_F3_m3f2_P3_Y2_UO927,MXY,0,0.0,0,0,0.0,0,0,0,0.0,0.4375,1,P2_CV0,1,1,1,1,1
2,0.9510565162951535,0.3090169943749474,Age0_F2_m2f3_P2_Y4_UO777,R2_F2_m2f1_P2_Y2_UO762,R3_F3_m3f2_P3_Y2_UO927,FXX,0,0.0,0,0,0.0,0,0,0,0.0,0.4375,1,P2_CV0,1,1,1,1,1
2,0.9510565162951535,0.3090169943749474,Age0_F2_m2f3_P2_Y4_UO778,R2_F2_m2f1_P2_Y2_UO762,R3_F3_m3f2_P3_Y2_UO927,FXX,0,0.0,0,0,0.0,0,0,0,0.0,0.4375,1,P2_CV0,1,1,1,1,1
2,0.9510565162951535,0.3090169943749474,Age0_F2_m2f3_P2_Y4_UO780,R2_F2_m2f1_P2_Y2_UO762,R3_F3_m3f2_P3_Y2_UO927,MXY,0,0.0,0,0,0.0,0,0,0,0.0,0.4375,1,P2_CV0,1,1,1,1,1
2,0.9510565162951535,0.3090169943749474,Age0_F2_m2f1_P2_Y4_UO1029,R2_F2_m2f3_P2_Y2_UO187,R1_F1_m1f2_P1_Y2_UO1448,MXY,0,0.0,0,0,0.0,0,0,0,0.0,0.625,1,P2_CV0,1,2,0,1,1
2,0.9510565162951535,0.3090169943749474,Age0_F2_m2f1_P2_Y4_UO1031,R2_F2_m2f3_P2_Y2_UO187,R1_F1_m1f2_P1_Y2_UO1448,MXY,0,0.0,0,0,0.0,0,0,0,0.0,0.625,1,P2_CV0,1,2,0,1,1
2,0.9510565162951535,0.3090169943749474,Age0_F2_m2f1_P2_Y4_UO1032,R2_F2_m2f3_P2_Y2_UO187,R1_F1_m1f2_P1_Y2_UO1448,MXY,0,0.0,0,0,0.0,0,0,0,0.0,0.625,1,P2_CV0,1,1,1,1,1
2,0.9510565162951535,0.3090169943749474,Age0_F2_m2f1_P2_Y4_UO1033,R2_F2_m2f3_P2_Y2_UO187,R1_F1_m1f2_P1_Y2_UO1448,MXY,0,0.0,0,0,0.0,0,0,0,0.0,0.625,1,P2_CV0,1,1,1,1,1
2,0.9510565162951535,0.3090169943749474,Age0_F2_m2f1_P2_Y4_UO1035,R2_F2_m2f3_P2_Y2_UO187,R1_F1_m1f2_P1_Y2_UO1448,FXX,0,0.0,0,0,0.0,0,0,0,0.0,0.625,1,P2_CV0,1,2,0,1,1
2,0.9510565162951535,0.3090169943749474,Age0_F2_m2f1_P2_Y4_UO1037,R2_F2_m2f3_P2_Y2_UO187,R1_F1_m1f2_P1_Y2_UO1448,MXY,0,0.0,0,0,0.0,0,0,0,0.0,0.625,1,P2_CV0,1,1,1,1,1
2,0.9510565162951535,0.3090169943749474,Age0_F2_m2f1_P2_Y4_UO1039,R2_F2_m2f3_P2_Y2_UO187,R1_F1_m1f2_P1_Y2_UO1448,FXX,0,0.0,0,0,0.0,0,0,0,0.0,0.625,1,P2_CV0,1,1,1,2,0
2,0.9510565162951535,0.3090169943749474,R2_F2_m2f3_P2_Y3_UO1138,R2_F2_m2f1_P2_Y1_UO378,R3_F3_m3f2_P3_Y1_UO452,FXX,1,0.0,1,1,1.0,0,0,0,-9999.0,0.25,1,P2_CV0,1,0,2,0,2
2,0.9510565162951535,0.3090169943749474,R2_F2_m2f3_P2_Y3_UO746,R2_F2_m2f3_P2_Y1_UO534,R3_F3_m3f4_P3_Y1_UO1002,MXY,1,0.0,1,1,0.0,0,0,0,-9999.0,0.25,1,P2_CV0,1,1,1,2,0
2,0.9510565162951535,0.3090169943749474,R2_F2_m2f3_P2_Y3_UO1134,R2_F2_m2f1_P2_Y1_UO378,R3_F3_m3f2_P3_Y1_UO452,FXX,1,0.0,1,1,1.0,0,0,0,-9999.0,0.25,1,P2_CV0,1,0,2,0,2
2,0.9510565162951535,0.3090169943749474,R2_F2_m3f4_P3_Y3_UO612,R3_F3_m3f4_P3_Y1_UO1000,R4_F4_m4f5_P4_Y1_UO706,FXX,1,0.0,1,1,1.0,0,0,0,-9999.0,0.25,1,P2_CV0,1,1,1,0,2
2,0.9510565162951535,0.3090169943749474,R2_F2_m2f3_P2_Y3_UO747,R2_F2_m2f3_P2_Y1_UO534,R3_F3_m3f4_P3_Y1_UO1002,FXX,1,0.0,1,1,1.0,0,0,0,-9999.0,0.25,1,P2_CV0,1,1,1,1,1
2,0.9510565162951535,0.3090169943749474,R2_F2_m2f3_P2_Y3_UO1076,R2_F2_m2f3_P2_Y1_UO289,R3_F3_m3f4_P3_Y1_UO218,FXX,1,0.0,1,1,1.0,0,0,0,-9999.0,0.25,1,P2_CV0,1,1,1,2,0
2,0.9510565162951535,0.3090169943749474,R2_F2_m2f3_P2_Y3_UO40,R2_F2_m2f3_P2_Y1_UO289,R3_F3_m3f4_P3_Y1_UO218,MXY,1,0.0,1,1,0.0,0,0,0,-9999.0,0.25,1,P2_CV0,1,0,2,1,1
2,0.9510565162951535,0.3090169943749474,R2_F2_m2f3_P2_Y3_UO1079,R2_F2_m2f3_P2_Y1_UO289,R3_F3_m3f4_P3_Y1_UO218,MXY,1,0.0,1,1,0.0,0,0,0,-9999.0,0.25,1,P2_CV0,1,0,2,2,0
2,0.9510565162951535,0.3090169943749474,R2_F2_m2f3_P2_Y2_UO219,R2_F2_m2f3_P2_Y0_UO194,R3_F3_m3f4_P3_Y0_UO692,MXY,2,0.0,1,0,0.0,0,0,0,-9999.0,0.5,1,P2_CV0,1,2,0,1,1
2,0.9510565162951535,0.3090169943749474,R2_F2_m2f3_P2_Y2_UO1136,R2_F2_m2f1_P2_Y0_UO488,R3_F3_m3f2_P3_Y0_UO1158,MXY,2,0.0,1,0,0.0,0,0,0,-9999.0,0.625,1,P2_CV0,1,1,1,1,1
2,0.9510565162951535,0.3090169943749474,R2_F2_m2f3_P2_Y2_UO189,R2_F2_m2f3_P2_Y0_UO196,R3_F3_m3f2_P3_Y0_UO1167,MXY,2,0.0,1,0,0.0,0,0,0,-9999.0,0.5,1,P2_CV0,1,0,2,0,2
2,0.9510565162951535,0.3090169943749474,R2_F2_m2f1_P2_Y2_UO1167,R2_F2_m2f3_P2_Y0_UO196,R1_F1_m2f3_P2_Y0_UO188,MXY,2,0.0,1,0,0.0,0,0,0,-9999.0,0.375,1,P2_CV0,1,1,1,1,1
2,0.9510565162951535,0.3090169943749474,R2_F2_m2f1_P2_Y2_UO1162,R2_F2_m2f3_P2_Y0_UO196,R1_F1_m2f3_P2_Y0_UO188,MXY,2,0.0,1,0,0.0,0,0,0,-9999.0,0.375,1,P2_CV0,1,1,1,1,1
2,0.9510565162951535,0.3090169943749474,R2_F2_m2f3_P2_Y2_UO218,R2_F2_m2f3_P2_Y0_UO194,R3_F3_m3f4_P3_Y0_UO692,FXX,2,0.0,1,0,1.0,0,0,0,-9999.0,0.5,1,P2_CV0,1,1,1,1,1
2,0.9510565162951535,0.3090169943749474,Age0_F2_m2f3_P2_Y4_UO295,R2_F2_m2f1_P2_Y2_UO942,R3_F3_m3f4_P3_Y2_UO64,FXX,0,0.0,0,0,0.0,0,0,0,0.0,0.375,1,P3_CV0,1,1,1,0,2
2,0.9510565162951535,0.3090169943749474,Age0_F2_m2f3_P2_Y4_UO299,R2_F2_m2f1_P2_Y2_UO942,R3_F3_m3f4_P3_Y2_UO64,MXY,0,0.0,0,0,0.0,0,0,0,0.0,0.375,1,P3_CV0,1,0,2,2,0
2,0.9510565162951535,0.3090169943749474,Age0_F2_m2f3_P2_Y4_UO301,R2_F2_m2f1_P2_Y2_UO942,R3_F3_m3f4_P3_Y2_UO64,FXX,0,0.0,0,0,0.0,0,0,0,0.0,0.375,1,P3_CV0,1,1,1,1,1
2,0.9510565162951535,0.3090169943749474,Age0_F2_m2f3_P2_Y4_UO658,R2_F2_m2f1_P2_Y2_UO1461,R3_F3_m3f4_P3_Y2_UO569,MXY,0,0.0,0,0,0.0,0,0,0,0.0,0.375,1,P3_CV0,1,1,1,2,0
2,0.9510565162951535,0.3090169943749474,Age0_F2_m2f3_P2_Y4_UO659,R2_F2_m2f1_P2_Y2_UO1461,R3_F3_m3f4_P3_Y2_UO569,FXX,0,0.0,0,0,0.0,0,0,0,0.0,0.375,1,P3_CV0,1,0,2,1,1
2,0.9510565162951535,0.3090169943749474,Age0_F2_m2f3_P2_Y4_UO660,R2_F2_m2f1_P2_Y2_UO1461,R3_F3_m3f4_P3_Y2_UO569,MXY,0,0.0,0,0,0.0,0,0,0,0.0,0.375,1,P3_CV0,1,1,1,1,1
2,0.9510565162951535,0.3090169943749474,Age0_F2_m2f3_P2_Y4_UO661,R2_F2_m2f1_P2_Y2_UO1461,R3_F3_m3f4_P3_Y2_UO569,MXY,0,0.0,0,0,0.0,0,0,0,0.0,0.375,1,P3_CV0,1,0,2,2,0
2,0.9510565162951535,0.3090169943749474,Age0_F2_m2f3_P2_Y4_UO664,R2_F2_m2f1_P2_Y2_UO1461,R3_F3_m3f4_P3_Y2_UO569,MXY,0,0.0,0,0,0.0,0,0,0,0.0,0.375,1,P3_CV0,1,1,1,1,1
2,0.9510565162951535,0.3090169943749474,R2_F2_m2f3_P2_Y3_UO539,R2_F2_m2f1_P2_Y1_UO166,R3_F3_m4f5_P4_Y1_UO831,FXX,1,0.0,1,1,1.0,0,0,0,-9999.0,0.75,1,P3_CV0,1,1,1,1,1
2,0.9510565162951535,0.3090169943749474,R2_F2_m3f4_P3_Y2_UO62,R3_F3_m3f2_P3_Y0_UO1037,R4_F4_m-1f-1_P4_Y-1_U40,FXX,2,0.0,1,0,1.0,0,0,0,-9999.0,0.25,1,P3_CV0,1,0,2,1,1
3,0.8090169943749475,0.5877852522924731,Age0_F3_m3f4_P3_Y4_UO438,R3_F3_m3f2_P3_Y2_UO1230,R4_F4_m4f5_P4_Y1_UO833,FXX,0,0.0,0,0,0.0,0,0,0,0.0,0.625,1,P0_CV0,1,2,0,0,2
3,0.8090169943749475,0.5877852522924731,Age0_F3_m3f4_P3_Y4_UO439,R3_F3_m3f2_P3_Y2_UO1230,R4_F4_m4f5_P4_Y1_UO833,MXY,0,0.0,0,0,0.0,0,0,0,0.0,0.625,1,P0_CV0,1,2,0,1,1
3,0.8090169943749475,0.5877852522924731,Age0_F3_m3f4_P3_Y4_UO440,R3_F3_m3f2_P3_Y2_UO1230,R4_F4_m4f5_P4_Y1_UO833,MXY,0,0.0,0,0,0.0,0,0,0,0.0,0.625,1,P0_CV0,1,2,0,1,1
3,0.8090169943749475,0.5877852522924731,Age0_F3_m3f4_P3_Y4_UO442,R3_F3_m3f2_P3_Y2_UO1230,R4_F4_m4f5_P4_Y1_UO833,FXX,0,0.0,0,0,0.0,0,0,0,0.0,0.625,1,P0_CV0,1,2,0,0,2
3,0.8090169943749475,0.5877852522924731,Age0_F3_m3f4_P3_Y4_UO443,R3_F3_m3f2_P3_Y2_UO1230,R4_F4_m4f5_P4_Y1_UO833,FXX,0,0.0,0,0,0.0,0,0,0,0.0,0.625,1,P0_CV0,1,2,0,1,1
3,0.8090169943749475,0.5877852522924731,Age0_F3_m3f2_P3_Y4_UO1421,R3_F3_m3f2_P3_Y2_UO929,R2_F2_m2f1_P2_Y1_UO107,MXY,0,0.0,0,0,0.0,0,0,0,0.0,0.5625,1,P0_CV0,1,2,0,1,1
3,0.8090169943749475,0.5877852522924731,Age0_F3_m3f2_P3_Y4_UO1422,R3_F3_m3f2_P3_Y2_UO929,R2_F2_m2f1_P2_Y1_UO107,FXX,0,0.0,0,0,0.0,0,0,0,0.0,0.5625,1,P0_CV0,1,2,0,1,1
3,0.8090169943749475,0.5877852522924731,Age0_F3_m3f2_P3_Y4_UO1423,R3_F3_m3f2_P3_Y2_UO929,R2_F2_m2f1_P2_Y1_UO107,FXX,0,0.0,0,0,0.0,0,0,0,0.0,0.5625,1,P0_CV0,1,2,0,1,1
3,0.8090169943749475,0.5877852522924731,R3_F3_m3f2_P3_Y3_UO1023,R3_F3_m3f4_P3_Y1_UO518,R2_F2_m1f2_P1_Y0_UO23,FXX,1,0.0,1,1,1.0,0,0,0,-9999.0,0.625,1,P0_CV0,1,1,1,2,0
3,0.8090169943749475,0.5877852522924731,R3_F3_m3f2_P3_Y3_UO454,R3_F3_m3f2_P3_Y1_UO648,R2_F2_m2f1_P2_Y1_UO449,MXY,1,0.0,1,1,0.0,0,0,0,-9999.0,0.75,1,P0_CV0,1,2,0,1,1
3,0.8090169943749475,0.5877852522924731,R3_F3_m3f2_P3_Y3_UO1022,R3_F3_m3f4_P3_Y1_UO518,R2_F2_m1f2_P1_Y0_UO23,FXX,1,0.0,1,1,1.0,0,0,0,-9999.0,0.625,1,P0_CV0,1,1,1,1,1
3,0.8090169943749475,0.5877852522924731,R3_F3_m3f2_P3_Y3_UO755,R3_F3_m3f4_P3_Y1_UO372,R2_F2_m1f2_P1_Y0_UO23,MXY,1,0.0,1,1,0.0,0,0,0,-9999.0,0.375,1,P0_CV0,1,1,1,1,1
3,0.8090169943749475,0.5877852522924731,R3_F3_m3f2_P3_Y3_UO759,R3_F3_m3f4_P3_Y1_UO372,R2_F2_m1f2_P1_Y0_UO23,MXY,1,0.0,1,1,0.0,0,0,0,-9999.0,0.375,1,P0_CV0,1,1,1,0,2
3,0.8090169943749475,0.5877852522924731,R3_F3_m3f2_P3_Y3_UO758,R3_F3_m3f4_P3_Y1_UO372,R2_F2_m1f2_P1_Y0_UO23,FXX,1,0.0,1,1,1.0,0,0,0,-9999.0,0.375,1,P0_CV0,1,0,2,2,0
3,0.8090169943749475,0.5877852522924731,R3_F3_m3f2_P3_Y3_UO455,R3_F3_m3f2_P3_Y1_UO648,R2_F2_m2f1_P2_Y1_UO449,FXX,1,0.0,1,1,1.0,0,0,0,-9999.0,0.75,1,P0_CV0,1,1,1,1,1
3,0.8090169943749475,0.5877852522924731,R3_F3_m3f4_P3_Y2_UO348,RD3_F2_m2f1_P2_Y0_UO1104,R4_F4_m3f2_P3_Y0_UO975,MXY,2,0.0,1,0,0.0,0,0,0,-9999.0,0.375,1,P0_CV0,1,0,2,1,1
3,0.8090169943749475,0.5877852522924731,Age0_F3_m3f2_P3_Y4_UO1416,R3_F3_m3f2_P3_Y2_UO929,R2_F2_m2f1_P2_Y1_UO107,FXX,0,0.0,0,0,0.0,0,0,0,0.0,0.5625,1,P1_CV0,1,1,1,1,1
3,0.8090169943749475,0.5877852522924731,Age0_F3_m3f2_P3_Y4_UO1417,R3_F3_m3f2_P3_Y2_UO929,R2_F2_m2f1_P2_Y1_UO107,MXY,0,0.0,0,0,0.0,0,0,0,0.0,0.5625,1,P1_CV0,1,2,0,1,1
3,0.8090169943749475,0.5877852522924731,Age0_F3_m3f2_P3_Y4_UO1418,R3_F3_m3f2_P3_Y2_UO929,R2_F2_m2f1_P2_Y1_UO107,FXX,0,0.0,0,0,0.0,0,0,0,0.0,0.5625,1,P1_CV0,1,2,0,1,1
3,0.8090169943749475,0.5877852522924731,Age0_F3_m3f2_P3_Y4_UO1419,R3_F3_m3f2_P3_Y2_UO929,R2_F2_m2f1_P2_Y1_UO107,FXX,0,0.0,0,0,0.0,0,0,0,0.0,0.5625,1,P1_CV0,1,1,1,1,1
3,0.8090169943749475,0.5877852522924731,Age0_F3_m3f2_P3_Y4_UO1420,R3_F3_m3f2_P3_Y2_UO929,R2_F2_m2f1_P2_Y1_UO107,FXX,0,0.0,0,0,0.0,0,0,0,0.0,0.5625,1,P1_CV0,1,2,0,1,1
3,0.8090169943749475,0.5877852522924731,R3_F3_m3f4_P3_Y3_UO471,R3_F3_m2f3_P2_Y1_UO533,R4_F4_m-1f-1_P4_Y-1_U65,FXX,1,0.0,1,1,1.0,0,0,0,-9999.0,0.25,1,P1_CV0,1,1,1,2,0
3,0.8090169943749475,0.5877852522924731,R3_F3_m3f4_P3_Y3_UO466,R3_F3_m2f3_P2_Y1_UO533,R4_F4_m-1f-1_P4_Y-1_U65,MXY,1,0.0,1,1,0.0,0,0,0,-9999.0,0.25,1,P1_CV0,1,0,2,1,1
3,0.8090169943749475,0.5877852522924731,R3_F3_m3f4_P3_Y3_UO811,R3_F3_m2f3_P2_Y1_UO533,R4_F4_m-1f-1_P4_Y-1_U40,FXX,1,0.0,1,1,1.0,0,0,0,-9999.0,0.25,1,P1_CV0,1,1,1,2,0
3,0.8090169943749475,0.5877852522924731,R3_F3_m3f2_P3_Y3_UO325,R3_F3_m3f4_P3_Y1_UO1003,R2_F2_m2f3_P2_Y1_UO860,FXX,1,0.0,1,1,1.0,0,0,0,-9999.0,0.125,1,P1_CV0,1,0,2,2,0
3,0.8090169943749475,0.5877852522924731,R3_F3_m3f2_P3_Y3_UO332,R3_F3_m3f4_P3_Y1_UO1003,R2_F2_m2f3_P2_Y1_UO860,FXX,1,0.0,1,1,1.0,0,0,0,-9999.0,0.125,1,P1_CV0,1,1,1,2,0
3,0.8090169943749475,0.5877852522924731,R3_F3_m2f1_P2_Y3_UO485,R2_F2_m2f3_P2_Y1_UO289,R1_F1_m1f20_P1_Y0_UO1313,MXY,1,0.0,1,1,0.0,0,0,0,-9999.0,0.25,1,P1_CV0,1,0,2,1,1
3,0.8090169943749475,0.5877852522924731,R3_F3_m3f4_P3_Y3_UO809,R3_F3_m2f3_P2_Y1_UO533,R4_F4_m-1f-1_P4_Y-1_U40,MXY,1,0.0,1,1,0.0,0,0,0,-9999.0,0.25,1,P1_CV0,1,0,2,2,0
3,0.8090169943749475,0.5877852522924731,R3_F3_m3f4_P3_Y3_UO803,R3_F3_m2f3_P2_Y1_UO533,R4_F4_m-1f-1_P4_Y-1_U40,MXY,1,0.0,1,1,0.0,0,0,0,-9999.0,0.25,1,P1_CV0,1,0,2,2,0
3,0.8090169943749475,0.5877852522924731,R3_F3_m3f4_P3_Y2_UO1373,R3_F3_m3f2_P3_Y0_UO1037,R4_F4_m4f3_P4_Y0_UO63,MXY,2,0.0,1,0,0.0,0,0,0,-9999.0,0.5,1,P1_CV0,1,2,0,1,1
3,0.8090169943749475,0.5877852522924731,R3_F3_m3f2_P3_Y1_UO262,R3_F3_m-1f-1_P3_Y-1_U12,R2_F2_m-1f-1_P2_Y-1_U28,FXX,3,0.0,1,0,1.0,0,0,0,-9999.0,0.25,1,P1_CV0,1,0,2,1,1
3,0.8090169943749475,0.5877852522924731,Age0_F3_m3f4_P3_Y4_UO112,R3_F3_m3f4_P3_Y2_UO1363,R4_F4_m4f3_P4_Y2_UO850,MXY,0,0.0,0,0,0.0,0,0,0,0.0,0.6875,1,P2_CV0,1,1,1,0,2
3,0.8090169943749475,0.5877852522924731,Age0_F3_m3f4_P3_Y4_UO113,R3_F3_m3f4_P3_Y2_UO1363,R4_F4_m4f3_P4_Y2_UO850,FXX,0,0.0,0,0,0.0,0,0,0,0.0,0.6875,1,P2_CV0,1,1,1,0,2
3,0.8090169943749475,0.5877852522924731,Age0_F3_m3f4_P3_Y4_UO114,R3_F3_m3f4_P3_Y2_UO1363,R4_F4_m4f3_P4_Y2_UO850,MXY,0,0.0,0,0,0.0,0,0,0,0.0,0.6875,1,P2_CV0,1,1,1,0,2
3,0.8090169943749475,0.5877852522924731,Age0_F3_m3f4_P3_Y4_UO115,R3_F3_m3f4_P3_Y2_UO1363,R4_F4_m4f3_P4_Y2_UO850,MXY,0,0.0,0,0,0.0,0,0,0,0.0,0.6875,1,P2_CV0,1,1,1,0,2
3,0.8090169943749475,0.5877852522924731,Age0_F3_m3f4_P3_Y4_UO116,R3_F3_m3f4_P3_Y2_UO1363,R4_F4_m4f3_P4_Y2_UO850,MXY,0,0.0,0,0,0.0,0,0,0,0.0,0.6875,1,P2_CV0,1,2,0,0,2
3,0.8090169943749475,0.5877852522924731,Age0_F3_m3f4_P3_Y4_UO117,R3_F3_m3f4_P3_Y2_UO1363,R4_F4_m4f3_P4_Y2_UO850,MXY,0,0.0,0,0,0.0,0,0,0,0.0,0.6875,1,P2_CV0,1,2,0,0,2
3,0.8090169943749475,0.5877852522924731,Age0_F3_m3f4_P3_Y4_UO118,R3_F3_m3f4_P3_Y2_UO1363,R4_F4_m4f3_P4_Y2_UO850,FXX,0,0.0,0,0,0.0,0,0,0,0.0,0.6875,1,P2_CV0,1,1,1,0,2
3,0.8090169943749475,0.5877852522924731,Age0_F3_m3f4_P3_Y4_UO119,R3_F3_m3f4_P3_Y2_UO1363,R4_F4_m4f3_P4_Y2_UO850,FXX,0,0.0,0,0,0.0,0,0,0,0.0,0.6875,1,P2_CV0,1,1,1,0,2
3,0.8090169943749475,0.5877852522924731,Age0_F3_m3f4_P3_Y4_UO120,R3_F3_m3f4_P3_Y2_UO1363,R4_F4_m4f3_P4_Y2_UO850,MXY,0,0.0,0,0,0.0,0,0,0,0.0,0.6875,1,P2_CV0,1,2,0,0,2
3,0.8090169943749475,0.5877852522924731,Age0_F3_m3f4_P3_Y4_UO121,R3_F3_m3f4_P3_Y2_UO1363,R4_F4_m4f3_P4_Y2_UO850,MXY,0,0.0,0,0,0.0,0,0,0,0.0,0.6875,1,P2_CV0,1,1,1,0,2
3,0.8090169943749475,0.5877852522924731,Age0_F3_m3f4_P3_Y4_UO122,R3_F3_m3f4_P3_Y2_UO1363,R4_F4_m4f3_P4_Y2_UO850,FXX,0,0.0,0,0,0.0,0,0,0,0.0,0.6875,1,P2_CV0,1,1,1,0,2
3,0.8090169943749475,0.5877852522924731,Age0_F3_m3f4_P3_Y4_UO123,R3_F3_m3f4_P3_Y2_UO1363,R4_F4_m4f3_P4_Y2_UO850,FXX,0,0.0,0,0,0.0,0,0,0,0.0,0.6875,1,P2_CV0,1,2,0,0,2
3,0.8090169943749475,0.5877852522924731,Age0_F3_m3f2_P3_Y4_UO302,R3_F3_m3f2_P3_Y2_UO926,R2_F2_m2f3_P2_Y2_UO189,MXY,0,0.0,0,0,0.0,0,0,0,0.0,0.5625,1,P2_CV0,1,0,2,0,2
3,0.8090169943749475,0.5877852522924731,Age0_F3_m3f2_P3_Y4_UO303,R3_F3_m3f2_P3_Y2_UO926,R2_F2_m2f3_P2_Y2_UO189,MXY,0,0.0,0,0,0.0,0,0,0,0.0,0.5625,1,P2_CV0,1,1,1,0,2
3,0.8090169943749475,0.5877852522924731,Age0_F3_m3f2_P3_Y4_UO304,R3_F3_m3f2_P3_Y2_UO926,R2_F2_m2f3_P2_Y2_UO189,MXY,0,0.0,0,0,0.0,0,0,0,0.0,0.5625,1,P2_CV0,1,0,2,0,2
3,0.8090169943749475,0.5877852522924731,Age0_F3_m3f2_P3_Y4_UO305,R3_F3_m3f2_P3_Y2_UO926,R2_F2_m2f3_P2_Y2_UO189,FXX,0,0.0,0,0,0.0,0,0,0,0.0,0.5625,1,P2_CV0,1,1,1,0,2
3,0.8090169943749475,0.5877852522924731,Age0_F3_m3f2_P3_Y4_UO306,R3_F3_m3f2_P3_Y2_UO926,R2_F2_m2f3_P2_Y2_UO189,MXY,0,0.0,0,0,0.0,0,0,0,0.0,0.5625,1,P2_CV0,1,0,2,0,2
3,0.8090169943749475,0.5877852522924731,Age0_F3_m3f2_P3_Y4_UO307,R3_F3_m3f2_P3_Y2_UO926,R2_F2_m2f3_P2_Y2_UO189,FXX,0,0.0,0,0,0.0,0,0,0,0.0,0.5625,1,P2_CV0,1,1,1,0,2
3,0.8090169943749475,0.5877852522924731,Age0_F3_m3f2_P3_Y4_UO308,R3_F3_m3f2_P3_Y2_UO926,R2_F2_m2f3_P2_Y2_UO189,MXY,0,0.0,0,0,0.0,0,0,0,0.0,0.5625,1,P2_CV0,1,0,2,0,2
3,0.8090169943749475,0.5877852522924731,Age0_F3_m3f2_P3_Y4_UO309,R3_F3_m3f2_P3_Y2_UO926,R2_F2_m2f3_P2_Y2_UO189,FXX,0,0.0,0,0,0.0,0,0,0,0.0,0.5625,1,P2_CV0,1,0,2,0,2
3,0.8090169943749475,0.5877852522924731,Age0_F3_m3f2_P3_Y4_UO310,R3_F3_m3f2_P3_Y2_UO926,R2_F2_m2f3_P2_Y2_UO189,FXX,0,0.0,0,0,0.0,0,0,0,0.0,0.5625,1,P2_CV0,1,1,1,0,2
3,0.8090169943749475,0.5877852522924731,Age0_F3_m3f2_P3_Y4_UO311,R3_F3_m3f2_P3_Y2_UO926,R2_F2_m2f3_P2_Y2_UO189,FXX,0,0.0,0,0,0.0,0,0,0,0.0,0.5625,1,P2_CV0,1,0,2,0,2
3,0.8090169943749475,0.5877852522924731,Age0_F3_m3f4_P3_Y4_UO757,RD3_F4_m5f6_P5_Y2_UO695,R4_F4_m4f5_P4_Y2_UO949,MXY,0,0.0,0,0,0.0,0,0,0,0.0,0.4375,1,P2_CV0,1,1,1,1,1
3,0.8090169943749475,0.5877852522924731,Age0_F3_m3f4_P3_Y4_UO759,RD3_F4_m5f6_P5_Y2_UO695,R4_F4_m4f5_P4_Y2_UO949,FXX,0,0.0,0,0,0.0,0,0,0,0.0,0.4375,1,P2_CV0,1,1,1,1,1
3,0.8090169943749475,0.5877852522924731,Age0_F3_m3f4_P3_Y4_UO761,RD3_F4_m5f6_P5_Y2_UO695,R4_F4_m4f5_P4_Y2_UO949,MXY,0,0.0,0,0,0.0,0,0,0,0.0,0.4375,1,P2_CV0,1,2,0,1,1
3,0.8090169943749475,0.5877852522924731,Age0_F3_m3f4_P3_Y4_UO762,RD3_F4_m5f6_P5_Y2_UO695,R4_F4_m4f5_P4_Y2_UO949,MXY,0,0.0,0,0,0.0,0,0,0,0.0,0.4375,1,P2_CV0,1,2,0,1,1
3,0.8090169943749475,0.5877852522924731,R3_F3_m3f2_P3_Y3_UO456,R3_F3_m3f2_P3_Y1_UO648,R2_F2_m2f1_P2_Y1_UO449,MXY,1,0.0,1,1,0.0,0,0,0,-9999.0,0.75,1,P2_CV0,1,1,1,1,1
3,0.8090169943749475,0.5877852522924731,R3_F3_m3f2_P3_Y3_UO1027,R3_F3_m3f4_P3_Y1_UO518,R2_F2_m1f2_P1_Y0_UO23,MXY,1,0.0,1,1,0.0,0,0,0,-9999.0,0.625,1,P2_CV0,1,1,1,2,0
3,0.8090169943749475,0.5877852522924731,R3_F3_m3f2_P3_Y3_UO461,R3_F3_m3f2_P3_Y1_UO648,R2_F2_m2f1_P2_Y1_UO449,FXX,1,0.0,1,1,1.0,0,0,0,-9999.0,0.75,1,P2_CV0,1,2,0,1,1
3,0.8090169943749475,0.5877852522924731,R3_F3_m3f2_P3_Y3_UO272,R3_F3_m3f4_P3_Y1_UO1003,R2_F2_m2f1_P2_Y1_UO1022,FXX,1,0.0,1,1,1.0,0,0,0,-9999.0,0.25,1,P2_CV0,1,0,2,1,1
3,0.8090169943749475,0.5877852522924731,R3_F3_m3f2_P3_Y3_UO1028,R3_F3_m3f4_P3_Y1_UO518,R2_F2_m1f2_P1_Y0_UO23,FXX,1,0.0,1,1,1.0,0,0,0,-9999.0,0.625,1,P2_CV0,1,2,0,1,1
3,0.8090169943749475,0.5877852522924731,R3_F3_m3f4_P3_Y3_UO615,R3_F3_m3f4_P3_Y1_UO1000,R4_F4_m4f5_P4_Y1_UO706,MXY,1,0.0,1,1,0.0,0,0,0,-9999.0,0.25,1,P2_CV0,1,1,1,0,2
3,0.8090169943749475,0.5877852522924731,R3_F3_m3f2_P3_Y3_UO274,R3_F3_m3f4_P3_Y1_UO1003,R2_F2_m2f1_P2_Y1_UO1022,FXX,1,0.0,1,1,1.0,0,0,0,-9999.0,0.25,1,P2_CV0,1,0,2,1,1
3,0.8090169943749475,0.5877852522924731,R3_F3_m3f2_P3_Y3_UO276,R3_F3_m3f4_P3_Y1_UO1003,R2_F2_m2f1_P2_Y1_UO1022,FXX,1,0.0,1,1,1.0,0,0,0,-9999.0,0.25,1,P2_CV0,1,0,2,1,1
3,0.8090169943749475,0.5877852522924731,R3_F3_m3f2_P3_Y3_UO273,R3_F3_m3f4_P3_Y1_UO1003,R2_F2_m2f1_P2_Y1_UO1022,FXX,1,0.0,1,1,1.0,0,0,0,-9999.0,0.25,1,P2_CV0,1,0,2,2,0
3,0.8090169943749475,0.5877852522924731,R3_F3_m3f4_P3_Y3_UO613,R3_F3_m3f4_P3_Y1_UO1000,R4_F4_m4f5_P4_Y1_UO706,MXY,1,0.0,1,1,0.0,0,0,0,-9999.0,0.25,1,P2_CV0,1,1,1,0,2
3,0.8090169943749475,0.5877852522924731,R3_F3_m3f2_P3_Y3_UO271,R3_F3_m3f4_P3_Y1_UO1003,R2_F2_m2f1_P2_Y1_UO1022,MXY,1,0.0,1,1,0.0,0,0,0,-9999.0,0.25,1,P2_CV0,1,0,2,2,0
3,0.8090169943749475,0.5877852522924731,R3_F3_m3f2_P3_Y3_UO327,R3_F3_m3f4_P3_Y1_UO1003,R2_F2_m2f3_P2_Y1_UO860,MXY,1,0.0,1,1,0.0,0,0,0,-9999.0,0.125,1,P2_CV0,1,1,1,2,0
3,0.8090169943749475,0.5877852522924731,R3_F3_m3f4_P3_Y3_UO611,R3_F3_m3f4_P3_Y1_UO1000,R4_F4_m4f5_P4_Y1_UO706,FXX,1,0.0,1,1,1.0,0,0,0,-9999.0,0.25,1,P2_CV0,1,0,2,0,2
3,0.8090169943749475,0.5877852522924731,R3_F3_m3f2_P3_Y3_UO1025,R3_F3_m3f4_P3_Y1_UO518,R2_F2_m1f2_P1_Y0_UO23,MXY,1,0.0,1,1,0.0,0,0,0,-9999.0,0.625,1,P2_CV0,1,2,0,2,0
3,0.8090169943749475,0.5877852522924731,R3_F3_m2f3_P2_Y3_UO744,R2_F2_m2f3_P2_Y1_UO534,R3_F3_m3f4_P3_Y1_UO1002,MXY,1,0.0,1,1,0.0,0,0,0,-9999.0,0.25,1,P2_CV0,1,1,1,1,1
3,0.8090169943749475,0.5877852522924731,R3_F3_m3f2_P3_Y2_UO927,R3_F3_m3f2_P3_Y0_UO1025,R2_F2_m2f1_P2_Y0_UO388,MXY,2,0.0,1,0,0.0,0,0,0,-9999.0,0.625,1,P2_CV0,1,2,0,0,2
3,0.8090169943749475,0.5877852522924731,R3_F3_m4f3_P4_Y2_UO653,R4_F4_m4f3_P4_Y0_UO227,R3_F3_m-1f-1_P3_Y-1_U17,FXX,2,0.0,1,0,1.0,0,0,0,-9999.0,0.5,1,P2_CV0,1,1,1,0,2
3,0.8090169943749475,0.5877852522924731,R3_F3_m3f2_P3_Y2_UO923,R3_F3_m3f2_P3_Y0_UO1025,R2_F2_m2f1_P2_Y0_UO388,FXX,2,0.0,1,0,1.0,0,0,0,-9999.0,0.625,1,P2_CV0,1,2,0,0,2
3,0.8090169943749475,0.5877852522924731,R3_F3_m2f1_P2_Y2_UO1160,R2_F2_m2f3_P2_Y0_UO196,R1_F1_m2f3_P2_Y0_UO188,MXY,2,0.0,1,0,0.0,0,0,0,-9999.0,0.375,1,P2_CV0,1,0,2,1,1
3,0.8090169943749475,0.5877852522924731,Age0_F3_m3f4_P3_Y4_UO584,R3_F3_m3f4_P3_Y2_UO575,R4_F4_m4f5_P4_Y1_UO833,FXX,0,0.0,0,0,0.0,0,0,0,0.0,0.625,1,P3_CV0,1,1,1,1,1
3,0.8090169943749475,0.5877852522924731,Age0_F3_m3f4_P3_Y4_UO585,R3_F3_m3f4_P3_Y2_UO575,R4_F4_m4f5_P4_Y1_UO833,FXX,0,0.0,0,0,0.0,0,0,0,0.0,0.625,1,P3_CV0,1,1,1,1,1
3,0.8090169943749475,0.5877852522924731,Age0_F3_m3f4_P3_Y4_UO586,R3_F3_m3f4_P3_Y2_UO575,R4_F4_m4f5_P4_Y1_UO833,MXY,0,0.0,0,0,0.0,0,0,0,0.0,0.625,1,P3_CV0,1,2,0,1,1
3,0.8090169943749475,0.5877852522924731,Age0_F3_m3f4_P3_Y4_UO587,R3_F3_m3f4_P3_Y2_UO575,R4_F4_m4f5_P4_Y1_UO833,FXX,0,0.0,0,0,0.0,0,0,0,0.0,0.625,1,P3_CV0,1,1,1,1,1
3,0.8090169943749475,0.5877852522924731,Age0_F3_m3f4_P3_Y4_UO588,R3_F3_m3f4_P3_Y2_UO575,R4_F4_m4f5_P4_Y1_UO833,MXY,0,0.0,0,0,0.0,0,0,0,0.0,0.625,1,P3_CV0,1,1,1,1,1
3,0.8090169943749475,0.5877852522924731,Age0_F3_m3f4_P3_Y4_UO589,R3_F3_m3f4_P3_Y2_UO575,R4_F4_m4f5_P4_Y1_UO833,MXY,0,0.0,0,0,0.0,0,0,0,0.0,0.625,1,P3_CV0,1,2,0,1,1
3,0.8090169943749475,0.5877852522924731,R3_F3_m3f2_P3_Y3_UO757,R3_F3_m3f4_P3_Y1_UO372,R2_F2_m1f2_P1_Y0_UO23,FXX,1,0.0,1,1,1.0,0,0,0,-9999.0,0.375,1,P3_CV0,1,1,1,1,1
3,0.8090169943749475,0.5877852522924731,R3_F3_m3f4_P3_Y3_UO807,R3_F3_m2f3_P2_Y1_UO533,R4_F4_m-1f-1_P4_Y-1_U40,MXY,1,0.0,1,1,0.0,0,0,0,-9999.0,0.25,1,P3_CV0,1,1,1,1,1
3,0.8090169943749475,0.5877852522924731,R3_F3_m3f4_P3_Y3_UO464,R3_F3_m2f3_P2_Y1_UO533,R4_F4_m-1f-1_P4_Y-1_U65,MXY,1,0.0,1,1,0.0,0,0,0,-9999.0,0.25,1,P3_CV0,1,1,1,1,1
3,0.8090169943749475,0.5877852522924731,R3_F3_m3f4_P3_Y3_UO810,R3_F3_m2f3_P2_Y1_UO533,R4_F4_m-1f-1_P4_Y-1_U40,MXY,1,0.0,1,1,0.0,0,0,0,-9999.0,0.25,1,P3_CV0,1,1,1,1,1
3,0.8090169943749475,0.5877852522924731,R3_F3_m3f4_P3_Y2_UO569,R3_F3_m3f2_P3_Y0_UO753,R4_F4_m4f5_P4_Y0_UO769,MXY,2,0.0,1,0,0.0,0,0,0,-9999.0,0.5,1,P3_CV0,1,1,1,1,1
3,0.8090169943749475,0.5877852522924731,R3_F3_m3f4_P3_Y2_UO575,R3_F3_m3f2_P3_Y0_UO753,R4_F4_m4f5_P4_Y0_UO769,FXX,2,0.0,1,0,1.0,0,0,0,-9999.0,0.5,1,P3_CV0,1,1,1,0,2
3,0.8090169943749475,0.5877852522924731,Age0_F3_m3f4_P3_Y4_UO437,R3_F3_m3f2_P3_Y2_UO1230,R4_F4_m4f5_P4_Y1_UO833,MXY,0,0.0,0,0,0.0,0,0,0,0.0,0.625,1,P4_CV0,1,2,0,1,1
3,0.8090169943749475,0.5877852522924731,Age0_F3_m3f4_P3_Y4_UO441,R3_F3_m3f2_P3_Y2_UO1230,R4_F4_m4f5_P4_Y1_UO833,MXY,0,0.0,0,0,0.0,0,0,0,0.0,0.625,1,P4_CV0,1,2,0,1,1
3,0.8090169943749475,0.5877852522924731,Age0_F3_m3f4_P3_Y4_UO516,RD3_F4_m5f6_P5_Y2_UO695,R4_F4_m4f5_P4_Y1_UO833,FXX,0,0.0,0,0,0.0,0,0,0,0.0,0.5625,1,P4_CV0,1,1,1,0,2
3,0.8090169943749475,0.5877852522924731,Age0_F3_m3f4_P3_Y4_UO522,RD3_F4_m5f6_P5_Y2_UO695,R4_F4_m4f5_P4_Y1_UO833,MXY,0,0.0,0,0,0.0,0,0,0,0.0,0.5625,1,P4_CV0,1,2,0,1,1
3,0.8090169943749475,0.5877852522924731,Age0_F3_m3f4_P3_Y4_UO523,RD3_F4_m5f6_P5_Y2_UO695,R4_F4_m4f5_P4_Y1_UO833,MXY,0,0.0,0,0,0.0,0,0,0,0.0,0.5625,1,P4_CV0,1,2,0,0,2
3,0.8090169943749475,0.5877852522924731,Age0_F3_m3f4_P3_Y4_UO517,RD3_F4_m5f6_P5_Y2_UO695,R4_F4_m4f5_P4_Y1_UO833,FXX,0,0.0,0,0,0.0,0,0,0,0.0,0.5625,1,P5_CV0,1,2,0,1,1
3,0.8090169943749475,0.5877852522924731,Age0_F3_m3f4_P3_Y4_UO518,RD3_F4_m5f6_P5_Y2_UO695,R4_F4_m4f5_P4_Y1_UO833,MXY,0,0.0,0,0,0.0,0,0,0,0.0,0.5625,1,P5_CV0,1,2,0,0,2
3,0.8090169943749475,0.5877852522924731,Age0_F3_m3f4_P3_Y4_UO519,RD3_F4_m5f6_P5_Y2_UO695,R4_F4_m4f5_P4_Y1_UO833,FXX,0,0.0,0,0,0.0,0,0,0,0.0,0.5625,1,P5_CV0,1,1,1,1,1
3,0.8090169943749475,0.5877852522924731,Age0_F3_m3f4_P3_Y4_UO520,RD3_F4_m5f6_P5_Y2_UO695,R4_F4_m4f5_P4_Y1_UO833,MXY,0,0.0,0,0,0.0,0,0,0,0.0,0.5625,1,P5_CV0,1,1,1,1,1
3,0.8090169943749475,0.5877852522924731,Age0_F3_m3f4_P3_Y4_UO521,RD3_F4_m5f6_P5_Y2_UO695,R4_F4_m4f5_P4_Y1_UO833,FXX,0,0.0,0,0,0.0,0,0,0,0.0,0.5625,1,P5_CV0,1,1,1,1,1
3,0.8090169943749475,0.5877852522924731,Age0_F3_m3f4_P3_Y4_UO758,RD3_F4_m5f6_P5_Y2_UO695,R4_F4_m4f5_P4_Y2_UO949,FXX,0,0.0,0,0,0.0,0,0,0,0.0,0.4375,1,P5_CV0,1,2,0,1,1
3,0.8090169943749475,0.5877852522924731,Age0_F3_m3f4_P3_Y4_UO760,RD3_F4_m5f6_P5_Y2_UO695,R4_F4_m4f5_P4_Y2_UO949,FXX,0,0.0,0,0,0.0,0,0,0,0.0,0.4375,1,P5_CV0,1,2,0,0,2
4,0.5877852522924731,0.8090169943749475,Age0_F4_m4f3_P4_Y4_UO1132,R4_F4_m4f5_P4_Y2_UO366,R3_F3_m3f4_P3_Y2_UO348,FXX,0,0.0,0,0,0.0,0,0,0,0.0,0.5,1,P0_CV0,1,0,2,1,1
4,0.5877852522924731,0.8090169943749475,Age0_F4_m4f3_P4_Y4_UO99,R4_F4_m3f2_P3_Y2_UO1080,R3_F3_m4f5_P4_Y2_UO228,MXY,0,0.0,0,0,0.0,0,0,0,0.0,0.4375,1,P1_CV0,1,0,2,0,2
4,0.5877852522924731,0.8090169943749475,Age0_F4_m4f3_P4_Y4_UO104,R4_F4_m3f2_P3_Y2_UO1080,R3_F3_m4f5_P4_Y2_UO228,MXY,0,0.0,0,0,0.0,0,0,0,0.0,0.4375,1,P1_CV0,1,1,1,0,2
4,0.5877852522924731,0.8090169943749475,R4_F4_m4f3_P4_Y3_UO1048,RD4_F3_m3f2_P3_Y1_UO262,R3_F3_m3f2_P3_Y1_UO514,FXX,1,0.0,1,1,1.0,0,0,0,-9999.0,0.25,1,P1_CV0,1,0,2,1,1
4,0.5877852522924731,0.8090169943749475,R4_F4_m4f3_P4_Y3_UO1051,RD4_F3_m3f2_P3_Y1_UO262,R3_F3_m3f2_P3_Y1_UO514,FXX,1,0.0,1,1,1.0,0,0,0,-9999.0,0.25,1,P1_CV0,1,0,2,1,1
4,0.5877852522924731,0.8090169943749475,R4_F4_m4f3_P4_Y3_UO407,RD4_F3_m3f2_P3_Y1_UO262,R3_F3_m4f3_P4_Y1_UO923,FXX,1,0.0,1,1,1.0,0,0,0,-9999.0,0.25,1,P1_CV0,1,0,2,1,1
4,0.5877852522924731,0.8090169943749475,R4_F4_m4f3_P4_Y3_UO1114,RD4_F3_m3f2_P3_Y1_UO262,R3_F3_m3f4_P3_Y1_UO1001,FXX,1,0.0,1,1,1.0,0,0,0,-9999.0,0.125,1,P1_CV0,1,0,2,1,1
4,0.5877852522924731,0.8090169943749475,R4_F4_m4f3_P4_Y3_UO1117,RD4_F3_m3f2_P3_Y1_UO262,R3_F3_m3f4_P3_Y1_UO1001,MXY,1,0.0,1,1,0.0,0,0,0,-9999.0,0.125,1,P1_CV0,1,0,2,1,1
4,0.5877852522924731,0.8090169943749475,R4_F4_m4f3_P4_Y3_UO1053,RD4_F3_m3f2_P3_Y1_UO262,R3_F3_m3f2_P3_Y1_UO514,MXY,1,0.0,1,1,0.0,0,0,0,-9999.0,0.25,1,P1_CV0,1,0,2,0,2
4,0.5877852522924731,0.8090169943749475,R4_F4_m3f4_P3_Y3_UO465,R3_F3_m2f3_P2_Y1_UO533,R4_F4_m-1f-1_P4_Y-1_U65,FXX,1,0.0,1,1,1.0,0,0,0,-9999.0,0.25,1,P1_CV0,1,1,1,2,0
4,0.5877852522924731,0.8090169943749475,R4_F4_m4f3_P4_Y3_UO1046,RD4_F3_m3f2_P3_Y1_UO262,R3_F3_m3f2_P3_Y1_UO514,FXX,1,0.0,1,1,1.0,0,0,0,-9999.0,0.25,1,P1_CV0,1,0,2,1,1
4,0.5877852522924731,0.8090169943749475,R4_F4_m4f3_P4_Y3_UO411,RD4_F3_m3f2_P3_Y1_UO262,R3_F3_m4f3_P4_Y1_UO923,MXY,1,0.0,1,1,0.0,0,0,0,-9999.0,0.25,1,P1_CV0,1,0,2,2,0
4,0.5877852522924731,0.8090169943749475,Age0_F4_m4f3_P4_Y4_UO100,R4_F4_m3f2_P3_Y2_UO1080,R3_F3_m4f5_P4_Y2_UO228,MXY,0,0.0,0,0,0.0,0,0,0,0.0,0.4375,1,P2_CV0,1,0,2,0,2
4,0.5877852522924731,0.8090169943749475,Age0_F4_m4f3_P4_Y4_UO101,R4_F4_m3f2_P3_Y2_UO1080,R3_F3_m4f5_P4_Y2_UO228,MXY,0,0.0,0,0,0.0,0,0,0,0.0,0.4375,1,P2_CV0,1,1,1,0,2
4,0.5877852522924731,0.8090169943749475,Age0_F4_m4f3_P4_Y4_UO102,R4_F4_m3f2_P3_Y2_UO1080,R3_F3_m4f5_P4_Y2_UO228,MXY,0,0.0,0,0,0.0,0,0,0,0.0,0.4375,1,P2_CV0,1,0,2,1,1
4,0.5877852522924731,0.8090169943749475,Age0_F4_m4f3_P4_Y4_UO103,R4_F4_m3f2_P3_Y2_UO1080,R3_F3_m4f5_P4_Y2_UO228,MXY,0,0.0,0,0,0.0,0,0,0,0.0,0.4375,1,P2_CV0,1,1,1,1,1
4,0.5877852522924731,0.8090169943749475,Age0_F4_m4f3_P4_Y4_UO173,R4_F4_m4f3_P4_Y2_UO444,R3_F3_m3f2_P3_Y0_UO1167,MXY,0,0.0,0,0,0.0,0,0,0,0.0,0.625,1,P2_CV0,1,0,2,2,0
4,0.5877852522924731,0.8090169943749475,Age0_F4_m4f3_P4_Y4_UO174,R4_F4_m4f3_P4_Y2_UO444,R3_F3_m3f2_P3_Y0_UO1167,FXX,0,0.0,0,0,0.0,0,0,0,0.0,0.625,1,P2_CV0,1,0,2,1,1
4,0.5877852522924731,0.8090169943749475,Age0_F4_m4f3_P4_Y4_UO175,R4_F4_m4f3_P4_Y2_UO444,R3_F3_m3f2_P3_Y0_UO1167,FXX,0,0.0,0,0,0.0,0,0,0,0.0,0.625,1,P2_CV0,1,0,2,0,2
4,0.5877852522924731,0.8090169943749475,Age0_F4_m4f3_P4_Y4_UO176,R4_F4_m4f3_P4_Y2_UO444,R3_F3_m3f2_P3_Y0_UO1167,MXY,0,0.0,0,0,0.0,0,0,0,0.0,0.625,1,P2_CV0,1,0,2,2,0
4,0.5877852522924731,0.8090169943749475,Age0_F4_m4f3_P4_Y4_UO177,R4_F4_m4f3_P4_Y2_UO444,R3_F3_m3f2_P3_Y0_UO1167,MXY,0,0.0,0,0,0.0,0,0,0,0.0,0.625,1,P2_CV0,1,1,1,1,1
4,0.5877852522924731,0.8090169943749475,Age0_F4_m4f3_P4_Y4_UO178,R4_F4_m4f3_P4_Y2_UO444,R3_F3_m3f2_P3_Y0_UO1167,MXY,0,0.0,0,0,0.0,0,0,0,0.0,0.625,1,P2_CV0,1,1,1,0,2
4,0.5877852522924731,0.8090169943749475,Age0_F4_m4f3_P4_Y4_UO179,R4_F4_m4f3_P4_Y2_UO444,R3_F3_m3f2_P3_Y0_UO1167,MXY,0,0.0,0,0,0.0,0,0,0,0.0,0.625,1,P2_CV0,1,0,2,0,2
4,0.5877852522924731,0.8090169943749475,Age0_F4_m4f3_P4_Y4_UO342,R4_F4_m4f3_P4_Y2_UO847,RD3_F4_m4f3_P4_Y2_UO1419,FXX,0,0.0,0,0,0.0,0,0,0,0.0,0.5625,1,P2_CV0,1,1,1,1,1
4,0.5877852522924731,0.8090169943749475,Age0_F4_m4f3_P4_Y4_UO345,R4_F4_m4f3_P4_Y2_UO847,RD3_F4_m4f3_P4_Y2_UO1419,MXY,0,0.0,0,0,0.0,0,0,0,0.0,0.5625,1,P2_CV0,1,1,1,1,1
4,0.5877852522924731,0.8090169943749475,Age0_F4_m4f3_P4_Y4_UO346,R4_F4_m4f3_P4_Y2_UO847,RD3_F4_m4f3_P4_Y2_UO1419,FXX,0,0.0,0,0,0.0,0,0,0,0.0,0.5625,1,P2_CV0,1,1,1,2,0
4,0.5877852522924731,0.8090169943749475,Age0_F4_m4f3_P4_Y4_UO347,R4_F4_m4f3_P4_Y2_UO847,RD3_F4_m4f3_P4_Y2_UO1419,MXY,0,0.0,0,0,0.0,0,0,0,0.0,0.5625,1,P2_CV0,1,1,1,1,1
4,0.5877852522924731,0.8090169943749475,Age0_F4_m4f3_P4_Y4_UO350,R4_F4_m4f3_P4_Y2_UO847,RD3_F4_m4f3_P4_Y2_UO1419,MXY,0,0.0,0,0,0.0,0,0,0,0.0,0.5625,1,P2_CV0,1,1,1,0,2
4,0.5877852522924731,0.8090169943749475,Age0_F4_m4f5_P4_Y4_UO351,R4_F4_m4f3_P4_Y2_UO847,R5_F5_m5f4_P5_Y2_UO5,MXY,0,0.0,0,0,0.0,0,0,0,0.0,0.625,1,P2_CV0,1,2,0,0,2
4,0.5877852522924731,0.8090169943749475,Age0_F4_m4f5_P4_Y4_UO355,R4_F4_m4f3_P4_Y2_UO847,R5_F5_m5f4_P5_Y2_UO5,MXY,0,0.0,0,0,0.0,0,0,0,0.0,0.625,1,P2_CV0,1,2,0,1,1
4,0.5877852522924731,0.8090169943749475,Age0_F4_m4f3_P4_Y4_UO566,R4_F4_m4f3_P4_Y2_UO637,R3_F3_m3f2_P3_Y0_UO1167,FXX,0,0.0,0,0,0.0,0,0,0,0.0,0.625,1,P2_CV0,1,0,2,1,1
4,0.5877852522924731,0.8090169943749475,Age0_F4_m4f3_P4_Y4_UO567,R4_F4_m4f3_P4_Y2_UO637,R3_F3_m3f2_P3_Y0_UO1167,MXY,0,0.0,0,0,0.0,0,0,0,0.0,0.625,1,P2_CV0,1,2,0,0,2
4,0.5877852522924731,0.8090169943749475,Age0_F4_m4f3_P4_Y4_UO680,R4_F4_m4f3_P4_Y2_UO851,R3_F3_m3f4_P3_Y2_UO1360,FXX,0,0.0,0,0,0.0,0,0,0,0.0,0.6875,1,P2_CV0,1,2,0,0,2
4,0.5877852522924731,0.8090169943749475,Age0_F4_m4f3_P4_Y4_UO681,R4_F4_m4f3_P4_Y2_UO851,R3_F3_m3f4_P3_Y2_UO1360,MXY,0,0.0,0,0,0.0,0,0,0,0.0,0.6875,1,P2_CV0,1,1,1,0,2
4,0.5877852522924731,0.8090169943749475,Age0_F4_m4f3_P4_Y4_UO682,R4_F4_m4f3_P4_Y2_UO851,R3_F3_m3f4_P3_Y2_UO1360,MXY,0,0.0,0,0,0.0,0,0,0,0.0,0.6875,1,P2_CV0,1,1,1,0,2
4,0.5877852522924731,0.8090169943749475,Age0_F4_m4f3_P4_Y4_UO683,R4_F4_m4f3_P4_Y2_UO851,R3_F3_m3f4_P3_Y2_UO1360,FXX,0,0.0,0,0,0.0,0,0,0,0.0,0.6875,1,P2_CV0,1,2,0,0,2
4,0.5877852522924731,0.8090169943749475,Age0_F4_m4f3_P4_Y4_UO684,R4_F4_m4f3_P4_Y2_UO851,R3_F3_m3f4_P3_Y2_UO1360,MXY,0,0.0,0,0,0.0,0,0,0,0.0,0.6875,1,P2_CV0,1,2,0,0,2
4,0.5877852522924731,0.8090169943749475,Age0_F4_m4f3_P4_Y4_UO685,R4_F4_m4f3_P4_Y2_UO851,R3_F3_m3f4_P3_Y2_UO1360,MXY,0,0.0,0,0,0.0,0,0,0,0.0,0.6875,1,P2_CV0,1,1,1,0,2
4,0.5877852522924731,0.8090169943749475,Age0_F4_m4f5_P4_Y4_UO719,R4_F4_m4f3_P4_Y2_UO444,R5_F5_m5f6_P5_Y2_UO892,FXX,0,0.0,0,0,0.0,0,0,0,0.0,0.5,1,P2_CV0,1,1,1,2,0
4,0.5877852522924731,0.8090169943749475,Age0_F4_m4f5_P4_Y4_UO721,R4_F4_m4f3_P4_Y2_UO444,R5_F5_m5f6_P5_Y2_UO892,FXX,0,0.0,0,0,0.0,0,0,0,0.0,0.5,1,P2_CV0,1,1,1,1,1
4,0.5877852522924731,0.8090169943749475,Age0_F4_m4f3_P4_Y4_UO1198,R4_F4_m4f5_P4_Y2_UO310,R3_F3_m3f2_P3_Y0_UO1167,MXY,0,0.0,0,0,0.0,0,0,0,0.0,0.75,1,P2_CV0,1,2,0,2,0
4,0.5877852522924731,0.8090169943749475,Age0_F4_m4f3_P4_Y4_UO1223,R4_F4_m4f5_P4_Y2_UO1353,R3_F3_m3f4_P3_Y2_UO1360,MXY,0,0.0,0,0,0.0,0,0,0,0.0,0.5625,1,P2_CV0,1,1,1,1,1
4,0.5877852522924731,0.8090169943749475,Age0_F4_m4f3_P4_Y4_UO1224,R4_F4_m4f5_P4_Y2_UO1353,R3_F3_m3f4_P3_Y2_UO1360,MXY,0,0.0,0,0,0.0,0,0,0,0.0,0.5625,1,P2_CV0,1,1,1,1,1
4,0.5877852522924731,0.8090169943749475,Age0_F4_m4f5_P4_Y4_UO1375,R4_F4_m4f3_P4_Y2_UO847,R5_F5_m5f6_P5_Y2_UO467,MXY,0,0.0,0,0,0.0,0,0,0,0.0,0.625,1,P2_CV0,1,2,0,0,2
4,0.5877852522924731,0.8090169943749475,Age0_F4_m4f5_P4_Y4_UO1377,R4_F4_m4f3_P4_Y2_UO847,R5_F5_m5f6_P5_Y2_UO467,MXY,0,0.0,0,0,0.0,0,0,0,0.0,0.625,1,P2_CV0,1,2,0,1,1
4,0.5877852522924731,0.8090169943749475,Age0_F4_m4f5_P4_Y4_UO1378,R4_F4_m4f3_P4_Y2_UO847,R5_F5_m5f6_P5_Y2_UO467,MXY,0,0.0,0,0,0.0,0,0,0,0.0,0.625,1,P2_CV0,1,2,0,1,1
4,0.5877852522924731,0.8090169943749475,Age0_F4_m4f5_P4_Y4_UO1379,R4_F4_m4f3_P4_Y2_UO847,R5_F5_m5f6_P5_Y2_UO467,FXX,0,0.0,0,0,0.0,0,0,0,0.0,0.625,1,P2_CV0,1,2,0,2,0
4,0.5877852522924731,0.8090169943749475,R4_F4_m4f5_P4_Y2_UO949,R4_F4_m4f3_P4_Y0_UO223,R5_F5_m5f6_P5_Y0_UO393,MXY,2,0.0,1,0,0.0,0,0,0,-9999.0,0.5,1,P2_CV0,1,2,0,1,1
4,0.5877852522924731,0.8090169943749475,R4_F4_m4f3_P4_Y2_UO851,R4_F4_m4f3_P4_Y0_UO223,R3_F3_m3f2_P3_Y0_UO670,FXX,2,0.0,1,0,1.0,0,0,0,-9999.0,0.625,1,P2_CV0,1,2,0,0,2
4,0.5877852522924731,0.8090169943749475,R4_F4_m4f5_P4_Y2_UO227,R4_F4_m4f3_P4_Y0_UO764,R5_F5_m5f6_P5_Y0_UO367,MXY,2,0.0,1,0,0.0,0,0,0,-9999.0,0.25,1,P2_CV0,1,1,1,0,2
4,0.5877852522924731,0.8090169943749475,R4_F4_m4f3_P4_Y0_UO223,R4_F4_m-1f-1_P4_Y-1_U89,R3_F3_m-1f-1_P3_Y-1_U75,FXX,4,0.0,1,0,1.0,0,0,0,-9999.0,0.5,1,P2_CV0,1,2,0,1,1
4,0.5877852522924731,0.8090169943749475,Age0_F4_m4f3_P4_Y4_UO343,R4_F4_m4f3_P4_Y2_UO847,RD3_F4_m4f3_P4_Y2_UO1419,FXX,0,0.0,0,0,0.0,0,0,0,0.0,0.5625,1,P3_CV0,1,1,1,2,0
4,0.5877852522924731,0.8090169943749475,Age0_F4_m4f3_P4_Y4_UO344,R4_F4_m4f3_P4_Y2_UO847,RD3_F4_m4f3_P4_Y2_UO1419,MXY,0,0.0,0,0,0.0,0,0,0,0.0,0.5625,1,P3_CV0,1,1,1,1,1
4,0.5877852522924731,0.8090169943749475,Age0_F4_m4f3_P4_Y4_UO348,R4_F4_m4f3_P4_Y2_UO847,RD3_F4_m4f3_P4_Y2_UO1419,MXY,0,0.0,0,0,0.0,0,0,0,0.0,0.5625,1,P3_CV0,1,1,1,0,2
4,0.5877852522924731,0.8090169943749475,Age0_F4_m4f3_P4_Y4_UO349,R4_F4_m4f3_P4_Y2_UO847,RD3_F4_m4f3_P4_Y2_UO1419,FXX,0,0.0,0,0,0.0,0,0,0,0.0,0.5625,1,P3_CV0,1,1,1,2,0
4,0.5877852522924731,0.8090169943749475,Age0_F4_m4f5_P4_Y4_UO352,R4_F4_m4f3_P4_Y2_UO847,R5_F5_m5f4_P5_Y2_UO5,MXY,0,0.0,0,0,0.0,0,0,0,0.0,0.625,1,P3_CV0,1,2,0,1,1
4,0.5877852522924731,0.8090169943749475,Age0_F4_m4f5_P4_Y4_UO353,R4_F4_m4f3_P4_Y2_UO847,R5_F5_m5f4_P5_Y2_UO5,MXY,0,0.0,0,0,0.0,0,0,0,0.0,0.625,1,P3_CV0,1,1,1,0,2
4,0.5877852522924731,0.8090169943749475,Age0_F4_m4f5_P4_Y4_UO354,R4_F4_m4f3_P4_Y2_UO847,R5_F5_m5f4_P5_Y2_UO5,FXX,0,0.0,0,0,0.0,0,0,0,0.0,0.625,1,P3_CV0,1,1,1,1,1
4,0.5877852522924731,0.8090169943749475,Age0_F4_m4f5_P4_Y4_UO356,R4_F4_m4f3_P4_Y2_UO847,R5_F5_m5f4_P5_Y2_UO5,MXY,0,0.0,0,0,0.0,0,0,0,0.0,0.625,1,P3_CV0,1,1,1,0,2
4,0.5877852522924731,0.8090169943749475,Age0_F4_m4f3_P4_Y4_UO563,R4_F4_m4f3_P4_Y2_UO637,R3_F3_m3f2_P3_Y0_UO1167,MXY,0,0.0,0,0,0.0,0,0,0,0.0,0.625,1,P3_CV0,1,1,1,1,1
4,0.5877852522924731,0.8090169943749475,Age0_F4_m4f3_P4_Y4_UO564,R4_F4_m4f3_P4_Y2_UO637,R3_F3_m3f2_P3_Y0_UO1167,FXX,0,0.0,0,0,0.0,0,0,0,0.0,0.625,1,P3_CV0,1,0,2,0,2
4,0.5877852522924731,0.8090169943749475,Age0_F4_m4f3_P4_Y4_UO565,R4_F4_m4f3_P4_Y2_UO637,R3_F3_m3f2_P3_Y0_UO1167,MXY,0,0.0,0,0,0.0,0,0,0,0.0,0.625,1,P3_CV0,1,1,1,1,1
4,0.5877852522924731,0.8090169943749475,Age0_F4_m4f3_P4_Y4_UO568,R4_F4_m4f3_P4_Y2_UO637,R3_F3_m3f2_P3_Y0_UO1167,MXY,0,0.0,0,0,0.0,0,0,0,0.0,0.625,1,P3_CV0,1,0,2,0,2
4,0.5877852522924731,0.8090169943749475,Age0_F4_m4f3_P4_Y4_UO1225,R4_F4_m4f5_P4_Y2_UO1353,R3_F3_m3f4_P3_Y2_UO1360,MXY,0,0.0,0,0,0.0,0,0,0,0.0,0.5625,1,P3_CV0,1,0,2,0,2
4,0.5877852522924731,0.8090169943749475,Age0_F4_m4f3_P4_Y4_UO1226,R4_F4_m4f5_P4_Y2_UO1353,R3_F3_m3f4_P3_Y2_UO1360,MXY,0,0.0,0,0,0.0,0,0,0,0.0,0.5625,1,P3_CV0,1,1,1,0,2
4,0.5877852522924731,0.8090169943749475,R4_F4_m4f5_P4_Y3_UO171,R4_F4_m3f4_P3_Y1_UO221,R5_F5_m5f4_P5_Y1_UO551,FXX,1,0.0,1,1,1.0,0,0,0,-9999.0,0.5,1,P3_CV0,1,1,1,2,0
4,0.5877852522924731,0.8090169943749475,R4_F4_m4f3_P4_Y3_UO1111,RD4_F3_m3f2_P3_Y1_UO262,R3_F3_m3f4_P3_Y1_UO1001,MXY,1,0.0,1,1,0.0,0,0,0,-9999.0,0.125,1,P3_CV0,1,0,2,0,2
4,0.5877852522924731,0.8090169943749475,R4_F4_m4f3_P4_Y3_UO999,R4_F4_m3f4_P3_Y1_UO221,R3_F3_m3f2_P3_Y1_UO452,MXY,1,0.0,1,1,0.0,0,0,0,-9999.0,0.375,1,P3_CV0,1,0,2,2,0
4,0.5877852522924731,0.8090169943749475,R4_F4_m4f5_P4_Y3_UO175,R4_F4_m3f4_P3_Y1_UO221,R5_F5_m5f4_P5_Y1_UO551,FXX,1,0.0,1,1,1.0,0,0,0,-9999.0,0.5,1,P3_CV0,1,1,1,1,1
4,0.5877852522924731,0.8090169943749475,R4_F4_m4f3_P4_Y3_UO406,RD4_F3_m3f2_P3_Y1_UO262,R3_F3_m4f3_P4_Y1_UO923,FXX,1,0.0,1,1,1.0,0,0,0,-9999.0,0.25,1,P3_CV0,1,0,2,2,0
4,0.5877852522924731,0.8090169943749475,R4_F4_m4f3_P4_Y3_UO1003,R4_F4_m3f4_P3_Y1_UO221,R3_F3_m3f2_P3_Y1_UO452,FXX,1,0.0,1,1,1.0,0,0,0,-9999.0,0.375,1,P3_CV0,1,0,2,1,1
4,0.5877852522924731,0.8090169943749475,R4_F4_m4f3_P4_Y3_UO1005,R4_F4_m3f4_P3_Y1_UO221,R3_F3_m3f2_P3_Y1_UO452,MXY,1,0.0,1,1,0.0,0,0,0,-9999.0,0.375,1,P3_CV0,1,0,2,0,2
4,0.5877852522924731,0.8090169943749475,R4_F4_m4f3_P4_Y3_UO401,RD4_F3_m3f2_P3_Y1_UO262,R3_F3_m4f3_P4_Y1_UO923,FXX,1,0.0,1,1,1.0,0,0,0,-9999.0,0.25,1,P3_CV0,1,0,2,1,1
4,0.5877852522924731,0.8090169943749475,R4_F4_m4f3_P4_Y2_UO1415,R4_F4_m4f3_P4_Y0_UO227,R3_F3_m3f4_P3_Y0_UO776,MXY,2,0.0,1,0,0.0,0,0,0,-9999.0,0.5,1,P3_CV0,1,0,2,0,2
4,0.5877852522924731,0.8090169943749475,R4_F4_m4f3_P4_Y2_UO650,R4_F4_m4f3_P4_Y0_UO227,R3_F3_m-1f-1_P3_Y-1_U17,FXX,2,0.0,1,0,1.0,0,0,0,-9999.0,0.5,1,P3_CV0,1,1,1,0,2
4,0.5877852522924731,0.8090169943749475,Age0_F4_m4f3_P4_Y4_UO1102,R4_F4_m4f5_P4_Y2_UO366,R3_F3_m3f4_P3_Y2_UO569,MXY,0,0.0,0,0,0.0,0,0,0,0.0,0.5625,1,P4_CV0,1,0,2,1,1
4,0.5877852522924731,0.8090169943749475,Age0_F4_m4f5_P4_Y4_UO1467,R4_F4_m4f5_P4_Y2_UO314,R5_F5_m5f4_P5_Y2_UO1456,MXY,0,0.0,0,0,0.0,0,0,0,0.0,0.4375,1,P4_CV0,1,1,1,1,1
4,0.5877852522924731,0.8090169943749475,Age0_F4_m4f5_P4_Y4_UO1468,R4_F4_m4f5_P4_Y2_UO314,R5_F5_m5f4_P5_Y2_UO1456,FXX,0,0.0,0,0,0.0,0,0,0,0.0,0.4375,1,P4_CV0,1,1,1,2,0
4,0.5877852522924731,0.8090169943749475,R4_F4_m4f5_P4_Y3_UO174,R4_F4_m3f4_P3_Y1_UO221,R5_F5_m5f4_P5_Y1_UO551,FXX,1,0.0,1,1,1.0,0,0,0,-9999.0,0.5,1,P4_CV0,1,1,1,0,2
4,0.5877852522924731,0.8090169943749475,R4_F4_m4f5_P4_Y2_UO309,R4_F4_m4f3_P4_Y0_UO223,R5_F5_m5f6_P5_Y0_UO330,FXX,2,0.0,1,0,1.0,0,0,0,-9999.0,0.75,1,P4_CV0,1,2,0,2,0
4,0.5877852522924731,0.8090169943749475,R4_F4_m4f5_P4_Y2_UO310,R4_F4_m4f3_P4_Y0_UO223,R5_F5_m5f6_P5_Y0_UO330,FXX,2,0.0,1,0,1.0,0,0,0,-9999.0,0.75,1,P4_CV0,1,2,0,2,0
4,0.5877852522924731,0.8090169943749475,R4_F4_m4f5_P4_Y1_UO706,RD4_F5_m-1f-1_P5_Y-1_U2,R5_F5_m-1f-1_P5_Y-1_U42,MXY,3,0.0,1,0,0.0,0,0,0,-9999.0,0.5,1,P4_CV0,1,1,1,0,2
4,0.5877852522924731,0.8090169943749475,R4_F4_m4f5_P4_Y1_UO833,R4_F4_m-1f-1_P4_Y-1_U14,R5_F5_m-1f-1_P5_Y-1_U31,MXY,3,0.0,1,0,0.0,0,0,0,-9999.0,0.75,1,P4_CV0,1,2,0,1,1
4,0.5877852522924731,0.8090169943749475,Age0_F4_m4f5_P4_Y4_UO717,R4_F4_m4f3_P4_Y2_UO444,R5_F5_m5f6_P5_Y2_UO892,MXY,0,0.0,0,0,0.0,0,0,0,0.0,0.5,1,P5_CV0,1,1,1,2,0
4,0.5877852522924731,0.8090169943749475,Age0_F4_m4f5_P4_Y4_UO718,R4_F4_m4f3_P4_Y2_UO444,R5_F5_m5f6_P5_Y2_UO892,MXY,0,0.0,0,0,0.0,0,0,0,0.0,0.5,1,P5_CV0,1,1,1,1,1
4,0.5877852522924731,0.8090169943749475,Age0_F4_m4f5_P4_Y4_UO720,R4_F4_m4f3_P4_Y2_UO444,R5_F5_m5f6_P5_Y2_UO892,MXY,0,0.0,0,0,0.0,0,0,0,0.0,0.5,1,P5_CV0,1,1,1,1,1
4,0.5877852522924731,0.8090169943749475,Age0_F4_m4f5_P4_Y4_UO722,R4_F4_m4f3_P4_Y2_UO444,R5_F5_m5f6_P5_Y2_UO892,FXX,0,0.0,0,0,0.0,0,0,0,0.0,0.5,1,P5_CV0,1,1,1,0,2
4,0.5877852522924731,0.8090169943749475,Age0_F4_m4f5_P4_Y4_UO937,RD4_F5_m5f6_P5_Y2_UO984,R5_F5_m5f6_P5_Y2_UO304,FXX,0,0.0,0,0,0.0,0,0,0,0.0,0.375,1,P5_CV0,1,0,2,0,2
4,0.5877852522924731,0.8090169943749475,Age0_F4_m4f5_P4_Y4_UO938,RD4_F5_m5f6_P5_Y2_UO984,R5_F5_m5f6_P5_Y2_UO304,MXY,0,0.0,0,0,0.0,0,0,0,0.0,0.375,1,P5_CV0,1,1,1,1,1
4,0.5877852522924731,0.8090169943749475,Age0_F4_m4f5_P4_Y4_UO939,RD4_F5_m5f6_P5_Y2_UO984,R5_F5_m5f6_P5_Y2_UO304,MXY,0,0.0,0,0,0.0,0,0,0,0.0,0.375,1,P5_CV0,1,0,2,0,2
4,0.5877852522924731,0.8090169943749475,Age0_F4_m4f5_P4_Y4_UO940,RD4_F5_m5f6_P5_Y2_UO984,R5_F5_m5f6_P5_Y2_UO304,MXY,0,0.0,0,0,0.0,0,0,0,0.0,0.375,1,P5_CV0,1,0,2,0,2
4,0.5877852522924731,0.8090169943749475,Age0_F4_m4f5_P4_Y4_UO941,RD4_F5_m5f6_P5_Y2_UO984,R5_F5_m5f6_P5_Y2_UO304,FXX,0,0.0,0,0,0.0,0,0,0,0.0,0.375,1,P5_CV0,1,0,2,0,2
4,0.5877852522924731,0.8090169943749475,Age0_F4_m4f5_P4_Y4_UO942,RD4_F5_m5f6_P5_Y2_UO984,R5_F5_m5f6_P5_Y2_UO304,FXX,0,0.0,0,0,0.0,0,0,0,0.0,0.375,1,P5_CV0,1,0,2,1,1
4,0.5877852522924731,0.8090169943749475,Age0_F4_m4f5_P4_Y4_UO943,RD4_F5_m5f6_P5_Y2_UO984,R5_F5_m5f6_P5_Y2_UO304,FXX,0,0.0,0,0,0.0,0,0,0,0.0,0.375,1,P5_CV0,1,0,2,0,2
4,0.5877852522924731,0.8090169943749475,Age0_F4_m4f5_P4_Y4_UO944,RD4_F5_m5f6_P5_Y2_UO984,R5_F5_m5f6_P5_Y2_UO304,MXY,0,0.0,0,0,0.0,0,0,0,0.0,0.375,1,P5_CV0,1,1,1,1,1
4,0.5877852522924731,0.8090169943749475,Age0_F4_m4f5_P4_Y4_UO1376,R4_F4_m4f3_P4_Y2_UO847,R5_F5_m5f6_P5_Y2_UO467,FXX,0,0.0,0,0,0.0,0,0,0,0.0,0.625,1,P5_CV0,1,2,0,0,2
4,0.5877852522924731,0.8090169943749475,Age0_F4_m4f5_P4_Y4_UO1380,R4_F4_m4f3_P4_Y2_UO847,R5_F5_m5f6_P5_Y2_UO467,MXY,0,0.0,0,0,0.0,0,0,0,0.0,0.625,1,P5_CV0,1,2,0,0,2
4,0.5877852522924731,0.8090169943749475,Age0_F4_m4f5_P4_Y4_UO1381,R4_F4_m4f3_P4_Y2_UO847,R5_F5_m5f6_P5_Y2_UO467,FXX,0,0.0,0,0,0.0,0,0,0,0.0,0.625,1,P5_CV0,1,2,0,1,1
4,0.5877852522924731,0.8090169943749475,R4_F4_m5f6_P5_Y2_UO984,R5_F5_m5f6_P5_Y0_UO395,R6_F6_m6f5_P6_Y0_UO1328,FXX,2,0.0,1,0,1.0,0,0,0,-9999.0,0.375,1,P5_CV0,1,1,1,1,1
4,0.5877852522924731,0.8090169943749475,R4_F4_m5f6_P5_Y2_UO465,R5_F5_m6f7_P6_Y0_UO167,R6_F6_m6f7_P6_Y0_UO908,FXX,2,0.0,1,0,1.0,0,0,0,-9999.0,0.625,1,P5_CV0,1,2,0,2,0
5,0.30901699437494745,0.9510565162951535,Age0_F5_m5f4_P5_Y4_UO220,R5_F5_m5f6_P5_Y2_UO967,R4_F4_m4f5_P4_Y2_UO227,FXX,0,0.0,0,0,0.0,0,0,0,0.0,0.3125,1,P2_CV0,1,0,2,1,1
5,0.30901699437494745,0.9510565162951535,Age0_F5_m5f4_P5_Y4_UO221,R5_F5_m5f6_P5_Y2_UO967,R4_F4_m4f5_P4_Y2_UO227,FXX,0,0.0,0,0,0.0,0,0,0,0.0,0.3125,1,P2_CV0,1,1,1,1,1
5,0.30901699437494745,0.9510565162951535,Age0_F5_m5f4_P5_Y4_UO222,R5_F5_m5f6_P5_Y2_UO967,R4_F4_m4f5_P4_Y2_UO227,MXY,0,0.0,0,0,0.0,0,0,0,0.0,0.3125,1,P2_CV0,1,1,1,0,2
5,0.30901699437494745,0.9510565162951535,Age0_F5_m5f4_P5_Y4_UO223,R5_F5_m5f6_P5_Y2_UO967,R4_F4_m4f5_P4_Y2_UO227,FXX,0,0.0,0,0,0.0,0,0,0,0.0,0.3125,1,P2_CV0,1,1,1,1,1
5,0.30901699437494745,0.9510565162951535,Age0_F5_m5f4_P5_Y4_UO746,R5_F5_m5f6_P5_Y2_UO986,R4_F4_m4f3_P4_Y2_UO640,MXY,0,0.0,0,0,0.0,0,0,0,0.0,0.4375,1,P2_CV0,1,2,0,1,1
5,0.30901699437494745,0.9510565162951535,Age0_F5_m5f4_P5_Y4_UO1187,R5_F5_m5f4_P5_Y2_UO346,R4_F4_m4f3_P4_Y2_UO640,MXY,0,0.0,0,0,0.0,0,0,0,0.0,0.375,1,P2_CV0,1,1,1,1,1
5,0.30901699437494745,0.9510565162951535,Age0_F5_m5f6_P5_Y4_UO151,R5_F5_m5f4_P5_Y2_UO129,R6_F6_m6f7_P6_Y2_UO878,MXY,0,0.0,0,0,0.0,0,0,0,0.0,0.3125,1,P3_CV0,1,0,2,1,1
5,0.30901699437494745,0.9510565162951535,Age0_F5_m5f6_P5_Y4_UO152,R5_F5_m5f4_P5_Y2_UO129,R6_F6_m6f7_P6_Y2_UO878,MXY,0,0.0,0,0,0.0,0,0,0,0.0,0.3125,1,P3_CV0,1,0,2,0,2
5,0.30901699437494745,0.9510565162951535,Age0_F5_m5f6_P5_Y4_UO154,R5_F5_m5f4_P5_Y2_UO129,R6_F6_m6f7_P6_Y2_UO878,MXY,0,0.0,0,0,0.0,0,0,0,0.0,0.3125,1,P3_CV0,1,0,2,1,1
5,0.30901699437494745,0.9510565162951535,Age0_F5_m5f6_P5_Y4_UO155,R5_F5_m5f4_P5_Y2_UO129,R6_F6_m6f7_P6_Y2_UO878,FXX,0,0.0,0,0,0.0,0,0,0,0.0,0.3125,1,P3_CV0,1,1,1,0,2
5,0.30901699437494745,0.9510565162951535,Age0_F5_m5f6_P5_Y4_UO156,R5_F5_m5f4_P5_Y2_UO129,R6_F6_m6f7_P6_Y2_UO878,FXX,0,0.0,0,0,0.0,0,0,0,0.0,0.3125,1,P3_CV0,1,1,1,1,1
5,0.30901699437494745,0.9510565162951535,Age0_F5_m5f6_P5_Y4_UO387,R5_F5_m5f4_P5_Y2_UO129,R6_F6_m6f7_P6_Y2_UO22,MXY,0,0.0,0,0,0.0,0,0,0,0.0,0.3125,1,P3_CV0,1,0,2,1,1
5,0.30901699437494745,0.9510565162951535,Age0_F5_m5f6_P5_Y4_UO388,R5_F5_m5f4_P5_Y2_UO129,R6_F6_m6f7_P6_Y2_UO22,MXY,0,0.0,0,0,0.0,0,0,0,0.0,0.3125,1,P3_CV0,1,1,1,1,1
5,0.30901699437494745,0.9510565162951535,Age0_F5_m5f6_P5_Y4_UO389,R5_F5_m5f4_P5_Y2_UO129,R6_F6_m6f7_P6_Y2_UO22,MXY,0,0.0,0,0,0.0,0,0,0,0.0,0.3125,1,P3_CV0,1,0,2,1,1
5,0.30901699437494745,0.9510565162951535,Age0_F5_m5f6_P5_Y4_UO390,R5_F5_m5f4_P5_Y2_UO129,R6_F6_m6f7_P6_Y2_UO22,MXY,0,0.0,0,0,0.0,0,0,0,0.0,0.3125,1,P3_CV0,1,0,2,1,1
5,0.30901699437494745,0.9510565162951535,Age0_F5_m5f6_P5_Y4_UO391,R5_F5_m5f4_P5_Y2_UO129,R6_F6_m6f7_P6_Y2_UO22,MXY,0,0.0,0,0,0.0,0,0,0,0.0,0.3125,1,P3_CV0,1,0,2,1,1
5,0.30901699437494745,0.9510565162951535,Age0_F5_m5f6_P5_Y4_UO392,R5_F5_m5f4_P5_Y2_UO129,R6_F6_m6f7_P6_Y2_UO22,FXX,0,0.0,0,0,0.0,0,0,0,0.0,0.3125,1,P3_CV0,1,0,2,0,2
5,0.30901699437494745,0.9510565162951535,Age0_F5_m5f4_P5_Y4_UO476,R5_F5_m5f4_P5_Y2_UO1321,R4_F4_m4f3_P4_Y2_UO164,MXY,0,0.0,0,0,0.0,0,0,0,0.0,0.375,1,P3_CV0,1,0,2,1,1
5,0.30901699437494745,0.9510565162951535,Age0_F5_m5f4_P5_Y4_UO477,R5_F5_m5f4_P5_Y2_UO1321,R4_F4_m4f3_P4_Y2_UO164,FXX,0,0.0,0,0,0.0,0,0,0,0.0,0.375,1,P3_CV0,1,0,2,1,1
5,0.30901699437494745,0.9510565162951535,Age0_F5_m5f4_P5_Y4_UO478,R5_F5_m5f4_P5_Y2_UO1321,R4_F4_m4f3_P4_Y2_UO164,FXX,0,0.0,0,0,0.0,0,0,0,0.0,0.375,1,P3_CV0,1,0,2,0,2
5,0.30901699437494745,0.9510565162951535,Age0_F5_m5f4_P5_Y4_UO479,R5_F5_m5f4_P5_Y2_UO1321,R4_F4_m4f3_P4_Y2_UO164,FXX,0,0.0,0,0,0.0,0,0,0,0.0,0.375,1,P3_CV0,1,0,2,0,2
5,0.30901699437494745,0.9510565162951535,Age0_F5_m5f4_P5_Y4_UO480,R5_F5_m5f4_P5_Y2_UO1321,R4_F4_m4f3_P4_Y2_UO164,MXY,0,0.0,0,0,0.0,0,0,0,0.0,0.375,1,P3_CV0,1,0,2,1,1
5,0.30901699437494745,0.9510565162951535,Age0_F5_m5f4_P5_Y4_UO481,R5_F5_m5f4_P5_Y2_UO1321,R4_F4_m4f3_P4_Y2_UO164,FXX,0,0.0,0,0,0.0,0,0,0,0.0,0.375,1,P3_CV0,1,0,2,0,2
5,0.30901699437494745,0.9510565162951535,Age0_F5_m5f4_P5_Y4_UO665,R5_F5_m5f4_P5_Y2_UO1453,R4_F4_m4f5_P4_Y2_UO1111,MXY,0,0.0,0,0,0.0,0,0,0,0.0,0.1875,1,P3_CV0,1,0,2,0,2
5,0.30901699437494745,0.9510565162951535,Age0_F5_m5f4_P5_Y4_UO666,R5_F5_m5f4_P5_Y2_UO1453,R4_F4_m4f5_P4_Y2_UO1111,MXY,0,0.0,0,0,0.0,0,0,0,0.0,0.1875,1,P3_CV0,1,0,2,2,0
5,0.30901699437494745,0.9510565162951535,Age0_F5_m5f4_P5_Y4_UO667,R5_F5_m5f4_P5_Y2_UO1453,R4_F4_m4f5_P4_Y2_UO1111,MXY,0,0.0,0,0,0.0,0,0,0,0.0,0.1875,1,P3_CV0,1,0,2,1,1
5,0.30901699437494745,0.9510565162951535,Age0_F5_m5f4_P5_Y4_UO668,R5_F5_m5f4_P5_Y2_UO1453,R4_F4_m4f5_P4_Y2_UO1111,MXY,0,0.0,0,0,0.0,0,0,0,0.0,0.1875,1,P3_CV0,1,0,2,1,1
5,0.30901699437494745,0.9510565162951535,Age0_F5_m5f4_P5_Y4_UO669,R5_F5_m5f4_P5_Y2_UO1453,R4_F4_m4f5_P4_Y2_UO1111,MXY,0,0.0,0,0,0.0,0,0,0,0.0,0.1875,1,P3_CV0,1,0,2,2,0
5,0.30901699437494745,0.9510565162951535,Age0_F5_m5f4_P5_Y4_UO670,R5_F5_m5f4_P5_Y2_UO1453,R4_F4_m4f5_P4_Y2_UO1111,MXY,0,0.0,0,0,0.0,0,0,0,0.0,0.1875,1,P3_CV0,1,0,2,0,2
5,0.30901699437494745,0.9510565162951535,Age0_F5_m5f6_P5_Y4_UO914,R5_F5_m5f4_P5_Y2_UO256,R6_F6_m6f5_P6_Y2_UO1267,FXX,0,0.0,0,0,0.0,0,0,0,0.0,0.375,1,P3_CV0,1,0,2,1,1
5,0.30901699437494745,0.9510565162951535,Age0_F5_m5f6_P5_Y4_UO915,R5_F5_m5f4_P5_Y2_UO256,R6_F6_m6f5_P6_Y2_UO1267,MXY,0,0.0,0,0,0.0,0,0,0,0.0,0.375,1,P3_CV0,1,0,2,1,1
5,0.30901699437494745,0.9510565162951535,Age0_F5_m5f6_P5_Y4_UO916,R5_F5_m5f4_P5_Y2_UO256,R6_F6_m6f5_P6_Y2_UO1267,FXX,0,0.0,0,0,0.0,0,0,0,0.0,0.375,1,P3_CV0,1,0,2,2,0
5,0.30901699437494745,0.9510565162951535,Age0_F5_m5f6_P5_Y4_UO917,R5_F5_m5f4_P5_Y2_UO256,R6_F6_m6f5_P6_Y2_UO1267,MXY,0,0.0,0,0,0.0,0,0,0,0.0,0.375,1,P3_CV0,1,0,2,0,2
5,0.30901699437494745,0.9510565162951535,Age0_F5_m5f6_P5_Y4_UO918,R5_F5_m5f4_P5_Y2_UO256,R6_F6_m6f5_P6_Y2_UO1267,FXX,0,0.0,0,0,0.0,0,0,0,0.0,0.375,1,P3_CV0,1,0,2,1,1
5,0.30901699437494745,0.9510565162951535,Age0_F5_m5f4_P5_Y4_UO995,R5_F5_m5f6_P5_Y2_UO967,R4_F4_m4f3_P4_Y2_UO1415,FXX,0,0.0,0,0,0.0,0,0,0,0.0,0.4375,1,P3_CV0,1,0,2,0,2
5,0.30901699437494745,0.9510565162951535,Age0_F5_m5f4_P5_Y4_UO998,R5_F5_m5f6_P5_Y2_UO967,R4_F4_m4f3_P4_Y2_UO1415,FXX,0,0.0,0,0,0.0,0,0,0,0.0,0.4375,1,P3_CV0,1,0,2,0,2
5,0.30901699437494745,0.9510565162951535,Age0_F5_m5f6_P5_Y4_UO1086,R5_F5_m5f4_P5_Y2_UO175,R6_F6_m6f5_P6_Y2_UO1267,MXY,0,0.0,0,0,0.0,0,0,0,0.0,0.3125,1,P3_CV0,1,0,2,0,2
5,0.30901699437494745,0.9510565162951535,Age0_F5_m5f6_P5_Y4_UO1087,R5_F5_m5f4_P5_Y2_UO175,R6_F6_m6f5_P6_Y2_UO1267,FXX,0,0.0,0,0,0.0,0,0,0,0.0,0.3125,1,P3_CV0,1,0,2,0,2
5,0.30901699437494745,0.9510565162951535,Age0_F5_m5f6_P5_Y4_UO1088,R5_F5_m5f4_P5_Y2_UO175,R6_F6_m6f5_P6_Y2_UO1267,FXX,0,0.0,0,0,0.0,0,0,0,0.0,0.3125,1,P3_CV0,1,0,2,1,1
5,0.30901699437494745,0.9510565162951535,Age0_F5_m5f6_P5_Y4_UO1089,R5_F5_m5f4_P5_Y2_UO175,R6_F6_m6f5_P6_Y2_UO1267,FXX,0,0.0,0,0,0.0,0,0,0,0.0,0.3125,1,P3_CV0,1,0,2,0,2
5,0.30901699437494745,0.9510565162951535,Age0_F5_m5f6_P5_Y4_UO1090,R5_F5_m5f4_P5_Y2_UO175,R6_F6_m6f5_P6_Y2_UO1267,FXX,0,0.0,0,0,0.0,0,0,0,0.0,0.3125,1,P3_CV0,1,0,2,0,2
5,0.30901699437494745,0.9510565162951535,Age0_F5_m5f6_P5_Y4_UO1174,R5_F5_m5f4_P5_Y2_UO129,R6_F6_m6f7_P6_Y2_UO615,MXY,0,0.0,0,0,0.0,0,0,0,0.0,0.25,1,P3_CV0,1,1,1,1,1
5,0.30901699437494745,0.9510565162951535,Age0_F5_m5f6_P5_Y4_UO1176,R5_F5_m5f4_P5_Y2_UO129,R6_F6_m6f7_P6_Y2_UO615,FXX,0,0.0,0,0,0.0,0,0,0,0.0,0.25,1,P3_CV0,1,1,1,1,1
5,0.30901699437494745,0.9510565162951535,Age0_F5_m5f6_P5_Y4_UO1177,R5_F5_m5f4_P5_Y2_UO129,R6_F6_m6f7_P6_Y2_UO615,MXY,0,0.0,0,0,0.0,0,0,0,0.0,0.25,1,P3_CV0,1,1,1,1,1
5,0.30901699437494745,0.9510565162951535,R5_F5_m5f4_P5_Y3_UO714,R5_F5_m5f6_P5_Y1_UO127,R4_F4_m-1f-1_P4_Y-1_U65,MXY,1,0.0,1,1,0.0,0,0,0,-9999.0,0.125,1,P3_CV0,1,0,2,1,1
5,0.30901699437494745,0.9510565162951535,R5_F5_m5f4_P5_Y3_UO373,R5_F5_m5f6_P5_Y1_UO131,R4_F4_m-1f-1_P4_Y-1_U40,MXY,1,0.0,1,1,0.0,0,0,0,-9999.0,0.125,1,P3_CV0,1,0,2,1,1
5,0.30901699437494745,0.9510565162951535,R5_F5_m5f4_P5_Y2_UO1321,R5_F5_m6f7_P6_Y0_UO167,R4_F4_m-1f-1_P4_Y-1_U23,FXX,2,0.0,1,0,1.0,0,0,0,-9999.0,0.375,1,P3_CV0,1,0,2,0,2
5,0.30901699437494745,0.9510565162951535,R5_F5_m5f4_P5_Y2_UO1456,R5_F5_m5f6_P5_Y0_UO1207,R4_F4_m-1f-1_P4_Y-1_U40,MXY,2,0.0,1,0,0.0,0,0,0,-9999.0,0.125,1,P3_CV0,1,0,2,1,1
5,0.30901699437494745,0.9510565162951535,R5_F5_m4f5_P4_Y1_UO415,R4_F4_m-1f-1_P4_Y-1_U18,R5_F5_m-1f-1_P5_Y-1_U9,MXY,3,0.0,1,0,0.0,0,0,0,-9999.0,0.5,1,P3_CV0,1,1,1,1,1
5,0.30901699437494745,0.9510565162951535,Age0_F5_m5f4_P5_Y4_UO747,R5_F5_m5f6_P5_Y2_UO986,R4_F4_m4f3_P4_Y2_UO640,FXX,0,0.0,0,0,0.0,0,0,0,0.0,0.4375,1,P4_CV0,1,2,0,1,1
5,0.30901699437494745,0.9510565162951535,Age0_F5_m5f4_P5_Y4_UO1188,R5_F5_m5f4_P5_Y2_UO346,R4_F4_m4f3_P4_Y2_UO640,FXX,0,0.0,0,0,0.0,0,0,0,0.0,0.375,1,P4_CV0,1,1,1,0,2
5,0.30901699437494745,0.9510565162951535,Age0_F5_m5f4_P5_Y4_UO1189,R5_F5_m5f4_P5_Y2_UO346,R4_F4_m4f3_P4_Y2_UO640,MXY,0,0.0,0,0,0.0,0,0,0,0.0,0.375,1,P4_CV0,1,1,1,0,2
5,0.30901699437494745,0.9510565162951535,R5_F5_m5f4_P5_Y3_UO333,R5_F5_m5f6_P5_Y1_UO597,R4_F4_m4f5_P4_Y1_UO706,MXY,1,0.0,1,1,0.0,0,0,0,-9999.0,0.375,1,P4_CV0,1,0,2,0,2
5,0.30901699437494745,0.9510565162951535,R5_F5_m5f4_P5_Y3_UO366,R5_F5_m5f6_P5_Y1_UO131,R4_F4_m-1f-1_P4_Y-1_U40,FXX,1,0.0,1,1,1.0,0,0,0,-9999.0,0.125,1,P4_CV0,1,0,2,1,1
5,0.30901699437494745,0.9510565162951535,R5_F5_m4f5_P4_Y2_UO230,R4_F4_m4f3_P4_Y0_UO764,R5_F5_m5f6_P5_Y0_UO367,MXY,2,0.0,1,0,0.0,0,0,0,-9999.0,0.25,1,P4_CV0,1,0,2,0,2
5,0.30901699437494745,0.9510565162951535,R5_F5_m5f4_P5_Y2_UO910,R5_F5_m5f4_P5_Y0_UO588,R4_F4_m4f3_P4_Y0_UO63,FXX,2,0.0,1,0,1.0,0,0,0,-9999.0,0.25,1,P4_CV0,1,1,1,1,1
5,0.30901699437494745,0.9510565162951535,R5_F5_m5f4_P5_Y2_UO347,R5_F5_m5f4_P5_Y0_UO588,R4_F4_m4f3_P4_Y0_UO63,MXY,2,0.0,1,0,0.0,0,0,0,-9999.0,0.25,1,P4_CV0,1,1,1,1,1
5,0.30901699437494745,0.9510565162951535,Age0_F5_m5f4_P5_Y4_UO224,R5_F5_m5f6_P5_Y2_UO967,R4_F4_m4f5_P4_Y2_UO227,FXX,0,0.0,0,0,0.0,0,0,0,0.0,0.3125,1,P5_CV0,1,0,2,1,1
5,0.30901699437494745,0.9510565162951535,Age0_F5_m5f4_P5_Y4_UO225,R5_F5_m5f6_P5_Y2_UO967,R4_F4_m4f5_P4_Y2_UO227,MXY,0,0.0,0,0,0.0,0,0,0,0.0,0.3125,1,P5_CV0,1,0,2,1,1
5,0.30901699437494745,0.9510565162951535,Age0_F5_m5f4_P5_Y4_UO226,R5_F5_m5f6_P5_Y2_UO967,R4_F4_m4f5_P4_Y2_UO227,FXX,0,0.0,0,0,0.0,0,0,0,0.0,0.3125,1,P5_CV0,1,1,1,0,2
5,0.30901699437494745,0.9510565162951535,Age0_F5_m5f4_P5_Y4_UO227,R5_F5_m5f6_P5_Y2_UO967,R4_F4_m4f5_P4_Y2_UO227,MXY,0,0.0,0,0,0.0,0,0,0,0.0,0.3125,1,P5_CV0,1,0,2,0,2
5,0.30901699437494745,0.9510565162951535,Age0_F5_m5f4_P5_Y4_UO262,R5_F5_m5f6_P5_Y2_UO967,R4_F4_m5f6_P5_Y2_UO1183,FXX,0,0.0,0,0,0.0,0,0,0,0.0,0.3125,1,P5_CV0,1,0,2,0,2
5,0.30901699437494745,0.9510565162951535,Age0_F5_m5f4_P5_Y4_UO263,R5_F5_m5f6_P5_Y2_UO967,R4_F4_m5f6_P5_Y2_UO1183,MXY,0,0.0,0,0,0.0,0,0,0,0.0,0.3125,1,P5_CV0,1,1,1,0,2
5,0.30901699437494745,0.9510565162951535,Age0_F5_m5f6_P5_Y4_UO723,R5_F5_m5f6_P5_Y2_UO1099,R6_F6_m6f7_P6_Y2_UO1215,MXY,0,0.0,0,0,0.0,0,0,0,0.0,0.5,1,P5_CV0,1,0,2,0,2
5,0.30901699437494745,0.9510565162951535,Age0_F5_m5f6_P5_Y4_UO724,R5_F5_m5f6_P5_Y2_UO1099,R6_F6_m6f7_P6_Y2_UO1215,MXY,0,0.0,0,0,0.0,0,0,0,0.0,0.5,1,P5_CV0,1,0,2,0,2
5,0.30901699437494745,0.9510565162951535,Age0_F5_m5f6_P5_Y4_UO725,R5_F5_m5f6_P5_Y2_UO1099,R6_F6_m6f7_P6_Y2_UO1215,MXY,0,0.0,0,0,0.0,0,0,0,0.0,0.5,1,P5_CV0,1,0,2,0,2
5,0.30901699437494745,0.9510565162951535,Age0_F5_m5f6_P5_Y4_UO726,R5_F5_m5f6_P5_Y2_UO1099,R6_F6_m6f7_P6_Y2_UO1215,MXY,0,0.0,0,0,0.0,0,0,0,0.0,0.5,1,P5_CV0,1,0,2,0,2
5,0.30901699437494745,0.9510565162951535,Age0_F5_m5f6_P5_Y4_UO919,R5_F5_m5f6_P5_Y2_UO986,R6_F6_m6f7_P6_Y2_UO714,FXX,0,0.0,0,0,0.0,0,0,0,0.0,0.5625,1,P5_CV0,1,2,0,1,1
5,0.30901699437494745,0.9510565162951535,Age0_F5_m5f6_P5_Y4_UO920,R5_F5_m5f6_P5_Y2_UO986,R6_F6_m6f7_P6_Y2_UO714,MXY,0,0.0,0,0,0.0,0,0,0,0.0,0.5625,1,P5_CV0,1,1,1,1,1
5,0.30901699437494745,0.9510565162951535,Age0_F5_m5f6_P5_Y4_UO967,R5_F5_m5f6_P5_Y2_UO967,R6_F6_m6f5_P6_Y2_UO1235,FXX,0,0.0,0,0,0.0,0,0,0,0.0,0.3125,1,P5_CV0,1,0,2,0,2
5,0.30901699437494745,0.9510565162951535,Age0_F5_m5f6_P5_Y4_UO968,R5_F5_m5f6_P5_Y2_UO967,R6_F6_m6f5_P6_Y2_UO1235,FXX,0,0.0,0,0,0.0,0,0,0,0.0,0.3125,1,P5_CV0,1,0,2,1,1
5,0.30901699437494745,0.9510565162951535,Age0_F5_m5f6_P5_Y4_UO969,R5_F5_m5f6_P5_Y2_UO967,R6_F6_m6f5_P6_Y2_UO1235,MXY,0,0.0,0,0,0.0,0,0,0,0.0,0.3125,1,P5_CV0,1,0,2,0,2
5,0.30901699437494745,0.9510565162951535,Age0_F5_m5f6_P5_Y4_UO970,R5_F5_m5f6_P5_Y2_UO967,R6_F6_m6f5_P6_Y2_UO1235,FXX,0,0.0,0,0,0.0,0,0,0,0.0,0.3125,1,P5_CV0,1,1,1,0,2
5,0.30901699437494745,0.9510565162951535,Age0_F5_m5f4_P5_Y4_UO994,R5_F5_m5f6_P5_Y2_UO967,R4_F4_m4f3_P4_Y2_UO1415,MXY,0,0.0,0,0,0.0,0,0,0,0.0,0.4375,1,P5_CV0,1,0,2,1,1
5,0.30901699437494745,0.9510565162951535,Age0_F5_m5f4_P5_Y4_UO996,R5_F5_m5f6_P5_Y2_UO967,R4_F4_m4f3_P4_Y2_UO1415,FXX,0,0.0,0,0,0.0,0,0,0,0.0,0.4375,1,P5_CV0,1,0,2,1,1
5,0.30901699437494745,0.9510565162951535,Age0_F5_m5f4_P5_Y4_UO997,R5_F5_m5f6_P5_Y2_UO967,R4_F4_m4f3_P4_Y2_UO1415,FXX,0,0.0,0,0,0.0,0,0,0,0.0,0.4375,1,P5_CV0,1,0,2,0,2
5,0.30901699437494745,0.9510565162951535,Age0_F5_m5f6_P5_Y4_UO1203,R5_F5_m5f4_P5_Y2_UO909,R6_F6_m6f7_P6_Y2_UO714,MXY,0,0.0,0,0,0.0,0,0,0,0.0,0.5,1,P5_CV0,1,1,1,0,2
5,0.30901699437494745,0.9510565162951535,Age0_F5_m5f6_P5_Y4_UO1204,R5_F5_m5f4_P5_Y2_UO909,R6_F6_m6f7_P6_Y2_UO714,FXX,0,0.0,0,0,0.0,0,0,0,0.0,0.5,1,P5_CV0,1,2,0,0,2
5,0.30901699437494745,0.9510565162951535,R5_F5_m5f6_P5_Y3_UO197,R5_F5_m5f6_P5_Y1_UO127,R6_F6_m6f5_P6_Y1_UO751,FXX,1,0.0,1,1,1.0,0,0,0,-9999.0,0.375,1,P5_CV0,1,0,2,0,2
5,0.30901699437494745,0.9510565162951535,R5_F5_m5f6_P5_Y3_UO514,R5_F5_m5f6_P5_Y1_UO595,R6_F6_m6f5_P6_Y1_UO751,FXX,1,0.0,1,1,1.0,0,0,0,-9999.0,0.375,1,P5_CV0,1,1,1,1,1
5,0.30901699437494745,0.9510565162951535,R5_F5_m5f6_P5_Y3_UO196,R5_F5_m5f6_P5_Y1_UO127,R6_F6_m6f5_P6_Y1_UO751,MXY,1,0.0,1,1,0.0,0,0,0,-9999.0,0.375,1,P5_CV0,1,1,1,0,2
5,0.30901699437494745,0.9510565162951535,R5_F5_m5f6_P5_Y3_UO203,R5_F5_m5f6_P5_Y1_UO127,R6_F6_m6f5_P6_Y1_UO751,FXX,1,0.0,1,1,1.0,0,0,0,-9999.0,0.375,1,P5_CV0,1,1,1,0,2
5,0.30901699437494745,0.9510565162951535,R5_F5_m5f4_P5_Y2_UO1454,R5_F5_m5f6_P5_Y0_UO1207,R4_F4_m-1f-1_P4_Y-1_U40,MXY,2,0.0,1,0,0.0,0,0,0,-9999.0,0.125,1,P5_CV0,1,0,2,1,1
5,0.30901699437494745,0.9510565162951535,R5_F5_m5f4_P5_Y2_UO177,R5_F5_m5f6_P5_Y0_UO615,R4_F4_m-1f-1_P4_Y-1_U40,FXX,2,0.0,1,0,1.0,0,0,0,-9999.0,0.125,1,P5_CV0,1,1,1,1,1
5,0.30901699437494745,0.9510565162951535,R5_F5_m5f6_P5_Y2_UO1181,R5_F5_m6f5_P6_Y0_UO1326,R6_F6_m6f7_P6_Y0_UO1088,MXY,2,0.0,1,0,0.0,0,0,0,-9999.0,0.25,1,P5_CV0,1,1,1,1,1
5,0.30901699437494745,0.9510565162951535,R5_F5_m5f6_P5_Y2_UO968,R5_F5_m5f6_P5_Y0_UO1207,R6_F6_m-1f-1_P6_Y-1_U78,FXX,2,0.0,1,0,1.0,0,0,0,-9999.0,0.375,1,P5_CV0,1,1,1,1,1
5,0.30901699437494745,0.9510565162951535,R5_F5_m5f6_P5_Y2_UO892,R5_F5_m5f6_P5_Y0_UO395,R6_F6_m6f5_P6_Y0_UO674,MXY,2,0.0,1,0,0.0,0,0,0,-9999.0,0.5,1,P5_CV0,1,2,0,1,1
5,0.30901699437494745,0.9510565162951535,R5_F5_m5f6_P5_Y2_UO306,R5_F5_m5f6_P5_Y0_UO368,R6_F6_m-1f-1_P6_Y-1_U34,MXY,2,0.0,1,0,0.0,0,0,0,-9999.0,0.375,1,P5_CV0,1,1,1,0,2
5,0.30901699437494745,0.9510565162951535,R5_F5_m5f6_P5_Y2_UO521,R5_F5_m6f7_P6_Y0_UO167,R6_F6_m6f5_P6_Y0_UO672,MXY,2,0.0,1,0,0.0,0,0,0,-9999.0,0.625,1,P5_CV0,1,1,1,1,1
5,0.30901699437494745,0.9510565162951535,Age0_F5_m5f6_P5_Y4_UO149,R5_F5_m5f4_P5_Y2_UO129,R6_F6_m6f7_P6_Y2_UO878,MXY,0,0.0,0,0,0.0,0,0,0,0.0,0.3125,1,P6_CV0,1,1,1,1,1
5,0.30901699437494745,0.9510565162951535,Age0_F5_m5f6_P5_Y4_UO150,R5_F5_m5f4_P5_Y2_UO129,R6_F6_m6f7_P6_Y2_UO878,FXX,0,0.0,0,0,0.0,0,0,0,0.0,0.3125,1,P6_CV0,1,0,2,1,1
5,0.30901699437494745,0.9510565162951535,Age0_F5_m5f6_P5_Y4_UO153,R5_F5_m5f4_P5_Y2_UO129,R6_F6_m6f7_P6_Y2_UO878,FXX,0,0.0,0,0,0.0,0,0,0,0.0,0.3125,1,P6_CV0,1,1,1,1,1
5,0.30901699437494745,0.9510565162951535,Age0_F5_m5f4_P5_Y4_UO261,R5_F5_m5f6_P5_Y2_UO967,R4_F4_m5f6_P5_Y2_UO1183,MXY,0,0.0,0,0,0.0,0,0,0,0.0,0.3125,1,P6_CV0,1,0,2,1,1
5,0.30901699437494745,0.9510565162951535,Age0_F5_m5f4_P5_Y4_UO264,R5_F5_m5f6_P5_Y2_UO967,R4_F4_m5f6_P5_Y2_UO1183,FXX,0,0.0,0,0,0.0,0,0,0,0.0,0.3125,1,P6_CV0,1,1,1,0,2
5,0.30901699437494745,0.9510565162951535,Age0_F5_m5f6_P5_Y4_UO1139,R5_F5_m5f4_P5_Y2_UO1453,R6_F6_m6f7_P6_Y2_UO615,FXX,0,0.0,0,0,0.0,0,0,0,0.0,0.25,1,P6_CV0,1,1,1,2,0
5,0.30901699437494745,0.9510565162951535,Age0_F5_m5f6_P5_Y4_UO1140,R5_F5_m5f4_P5_Y2_UO1453,R6_F6_m6f7_P6_Y2_UO615,FXX,0,0.0,0,0,0.0,0,0,0,0.0,0.25,1,P6_CV0,1,1,1,1,1
5,0.30901699437494745,0.9510565162951535,Age0_F5_m5f6_P5_Y4_UO1141,R5_F5_m5f4_P5_Y2_UO1453,R6_F6_m6f7_P6_Y2_UO615,MXY,0,0.0,0,0,0.0,0,0,0,0.0,0.25,1,P6_CV0,1,1,1,1,1
5,0.30901699437494745,0.9510565162951535,Age0_F5_m5f6_P5_Y4_UO1175,R5_F5_m5f4_P5_Y2_UO129,R6_F6_m6f7_P6_Y2_UO615,MXY,0,0.0,0,0,0.0,0,0,0,0.0,0.25,1,P6_CV0,1,1,1,1,1
5,0.30901699437494745,0.9510565162951535,Age0_F5_m5f6_P5_Y4_UO1178,R5_F5_m5f4_P5_Y2_UO129,R6_F6_m6f7_P6_Y2_UO615,MXY,0,0.0,0,0,0.0,0,0,0,0.0,0.25,1,P6_CV0,1,0,2,1,1
5,0.30901699437494745,0.9510565162951535,R5_F5_m5f4_P5_Y2_UO1203,RD5_F6_m6f7_P6_Y0_UO856,RD4_F5_m-1f-1_P5_Y-1_U76,MXY,2,0.0,1,0,0.0,0,0,0,-9999.0,0.625,1,P6_CV0,1,1,1,1,1
6,6.123233995736766e-17,1.0,R6_F6_m6f5_P6_Y3_UO360,R6_F6_m6f5_P6_Y1_UO736,R5_F5_m4f3_P4_Y1_UO926,FXX,1,0.0,1,1,1.0,0,0,0,-9999.0,0.375,1,P2_CV0,1,1,1,0,2
6,6.123233995736766e-17,1.0,R6_F6_m6f5_P6_Y3_UO359,R6_F6_m6f5_P6_Y1_UO736,R5_F5_m4f3_P4_Y1_UO926,MXY,1,0.0,1,1,0.0,0,0,0,-9999.0,0.375,1,P2_CV0,1,2,0,1,1
6,6.123233995736766e-17,1.0,R6_F6_m6f5_P6_Y3_UO361,R6_F6_m6f5_P6_Y1_UO736,R5_F5_m4f3_P4_Y1_UO926,FXX,1,0.0,1,1,1.0,0,0,0,-9999.0,0.375,1,P2_CV0,1,1,1,2,0
6,6.123233995736766e-17,1.0,R6_F6_m6f7_P6_Y3_UO736,R6_F6_m5f4_P5_Y1_UO556,RD7_F6_m6f7_P6_Y0_UO908,FXX,1,0.0,1,1,1.0,0,0,0,-9999.0,0.625,1,P3_CV0,1,2,0,2,0
6,6.123233995736766e-17,1.0,R6_F6_m6f7_P6_Y3_UO737,R6_F6_m5f4_P5_Y1_UO556,RD7_F6_m6f7_P6_Y0_UO908,FXX,1,0.0,1,1,1.0,0,0,0,-9999.0,0.625,1,P3_CV0,1,2,0,1,1
6,6.123233995736766e-17,1.0,R6_F6_m6f5_P6_Y3_UO918,RD6_F7_m7f8_P7_Y1_UO52,R5_F5_m5f4_P5_Y1_UO554,MXY,1,0.0,1,1,0.0,0,0,0,-9999.0,0.5,1,P3_CV0,1,2,0,2,0
6,6.123233995736766e-17,1.0,R6_F6_m6f7_P6_Y3_UO739,R6_F6_m5f4_P5_Y1_UO556,RD7_F6_m6f7_P6_Y0_UO908,FXX,1,0.0,1,1,1.0,0,0,0,-9999.0,0.625,1,P3_CV0,1,2,0,1,1
6,6.123233995736766e-17,1.0,R6_F6_m6f5_P6_Y3_UO923,RD6_F7_m7f8_P7_Y1_UO52,R5_F5_m5f4_P5_Y1_UO554,MXY,1,0.0,1,1,0.0,0,0,0,-9999.0,0.5,1,P3_CV0,1,1,1,2,0
6,6.123233995736766e-17,1.0,R6_F6_m6f5_P6_Y2_UO1267,R6_F6_m6f7_P6_Y0_UO853,R5_F5_m4f5_P4_Y0_UO209,MXY,2,0.0,1,0,0.0,0,0,0,-9999.0,0.5,1,P3_CV0,1,0,2,1,1
6,6.123233995736766e-17,1.0,R6_F6_m5f4_P5_Y3_UO368,R5_F5_m5f6_P5_Y1_UO131,R4_F4_m-1f-1_P4_Y-1_U40,FXX,1,0.0,1,1,1.0,0,0,0,-9999.0,0.125,1,P4_CV0,1,0,2,1,1
6,6.123233995736766e-17,1.0,R6_F6_m6f5_P6_Y3_UO598,R6_F6_m6f5_P6_Y1_UO736,R5_F5_m5f6_P5_Y1_UO124,MXY,1,0.0,1,1,0.0,0,0,0,-9999.0,0.375,1,P4_CV0,1,1,1,1,1
6,6.123233995736766e-17,1.0,R6_F6_m6f5_P6_Y3_UO594,R6_F6_m6f5_P6_Y1_UO736,R5_F5_m5f6_P5_Y1_UO124,FXX,1,0.0,1,1,1.0,0,0,0,-9999.0,0.375,1,P4_CV0,1,1,1,1,1
6,6.123233995736766e-17,1.0,R6_F6_m6f5_P6_Y3_UO593,R6_F6_m6f5_P6_Y1_UO736,R5_F5_m5f6_P5_Y1_UO124,MXY,1,0.0,1,1,0.0,0,0,0,-9999.0,0.375,1,P4_CV0,1,1,1,0,2
6,6.123233995736766e-17,1.0,R6_F6_m4f5_P4_Y2_UO365,R4_F4_m4f5_P4_Y0_UO203,R5_F5_m5f6_P5_Y0_UO394,FXX,2,0.0,1,0,1.0,0,0,0,-9999.0,0.625,1,P4_CV0,1,1,1,2,0
6,6.123233995736766e-17,1.0,R6_F6_m6f5_P6_Y2_UO1438,R6_F6_m6f7_P6_Y0_UO854,R5_F5_m5f6_P5_Y0_UO394,MXY,2,0.0,1,0,0.0,0,0,0,-9999.0,0.375,1,P4_CV0,1,1,1,2,0
6,6.123233995736766e-17,1.0,Age0_F6_m6f5_P6_Y4_UO529,R6_F6_m6f7_P6_Y2_UO361,R5_F5_m5f6_P5_Y2_UO306,MXY,0,0.0,0,0,0.0,0,0,0,0.0,0.5625,1,P5_CV0,1,1,1,0,2
6,6.123233995736766e-17,1.0,Age0_F6_m6f5_P6_Y4_UO530,R6_F6_m6f7_P6_Y2_UO361,R5_F5_m5f6_P5_Y2_UO306,FXX,0,0.0,0,0,0.0,0,0,0,0.0,0.5625,1,P5_CV0,1,2,0,1,1
6,6.123233995736766e-17,1.0,Age0_F6_m6f5_P6_Y4_UO531,R6_F6_m6f7_P6_Y2_UO361,R5_F5_m5f6_P5_Y2_UO306,MXY,0,0.0,0,0,0.0,0,0,0,0.0,0.5625,1,P5_CV0,1,2,0,0,2
6,6.123233995736766e-17,1.0,Age0_F6_m6f5_P6_Y4_UO532,R6_F6_m6f7_P6_Y2_UO361,R5_F5_m5f6_P5_Y2_UO306,FXX,0,0.0,0,0,0.0,0,0,0,0.0,0.5625,1,P5_CV0,1,1,1,0,2
6,6.123233995736766e-17,1.0,Age0_F6_m6f5_P6_Y4_UO533,R6_F6_m6f7_P6_Y2_UO361,R5_F5_m5f6_P5_Y2_UO306,MXY,0,0.0,0,0,0.0,0,0,0,0.0,0.5625,1,P5_CV0,1,1,1,1,1
6,6.123233995736766e-17,1.0,Age0_F6_m6f5_P6_Y4_UO534,R6_F6_m6f7_P6_Y2_UO361,R5_F5_m5f6_P5_Y2_UO306,FXX,0,0.0,0,0,0.0,0,0,0,0.0,0.5625,1,P5_CV0,1,2,0,0,2
6,6.123233995736766e-17,1.0,Age0_F6_m6f5_P6_Y4_UO535,R6_F6_m6f7_P6_Y2_UO361,R5_F5_m5f6_P5_Y2_UO306,FXX,0,0.0,0,0,0.0,0,0,0,0.0,0.5625,1,P5_CV0,1,2,0,1,1
6,6.123233995736766e-17,1.0,Age0_F6_m6f5_P6_Y4_UO536,R6_F6_m6f7_P6_Y2_UO361,R5_F5_m5f6_P5_Y2_UO306,MXY,0,0.0,0,0,0.0,0,0,0,0.0,0.5625,1,P5_CV0,1,2,0,0,2
6,6.123233995736766e-17,1.0,Age0_F6_m6f5_P6_Y4_UO537,R6_F6_m6f7_P6_Y2_UO361,R5_F5_m5f6_P5_Y2_UO306,FXX,0,0.0,0,0,0.0,0,0,0,0.0,0.5625,1,P5_CV0,1,1,1,0,2
6,6.123233995736766e-17,1.0,Age0_F6_m6f5_P6_Y4_UO538,R6_F6_m6f7_P6_Y2_UO361,R5_F5_m5f6_P5_Y2_UO306,FXX,0,0.0,0,0,0.0,0,0,0,0.0,0.5625,1,P5_CV0,1,2,0,0,2
6,6.123233995736766e-17,1.0,Age0_F6_m6f5_P6_Y4_UO690,R6_F6_m6f7_P6_Y2_UO361,RD5_F6_m6f7_P6_Y2_UO23,MXY,0,0.0,0,0,0.0,0,0,0,0.0,0.625,1,P5_CV0,1,1,1,0,2
6,6.123233995736766e-17,1.0,Age0_F6_m6f5_P6_Y4_UO691,R6_F6_m6f7_P6_Y2_UO361,RD5_F6_m6f7_P6_Y2_UO23,MXY,0,0.0,0,0,0.0,0,0,0,0.0,0.625,1,P5_CV0,1,2,0,0,2
6,6.123233995736766e-17,1.0,Age0_F6_m6f5_P6_Y4_UO692,R6_F6_m6f7_P6_Y2_UO361,RD5_F6_m6f7_P6_Y2_UO23,MXY,0,0.0,0,0,0.0,0,0,0,0.0,0.625,1,P5_CV0,1,2,0,0,2
6,6.123233995736766e-17,1.0,Age0_F6_m6f5_P6_Y4_UO693,R6_F6_m6f7_P6_Y2_UO361,RD5_F6_m6f7_P6_Y2_UO23,MXY,0,0.0,0,0,0.0,0,0,0,0.0,0.625,1,P5_CV0,1,2,0,1,1
6,6.123233995736766e-17,1.0,Age0_F6_m6f5_P6_Y4_UO694,R6_F6_m6f7_P6_Y2_UO361,RD5_F6_m6f7_P6_Y2_UO23,FXX,0,0.0,0,0,0.0,0,0,0,0.0,0.625,1,P5_CV0,1,2,0,0,2
6,6.123233995736766e-17,1.0,Age0_F6_m6f5_P6_Y4_UO988,R6_F6_m6f5_P6_Y2_UO1057,R5_F5_m5f4_P5_Y2_UO1204,MXY,0,0.0,0,0,0.0,0,0,0,0.0,0.5,1,P5_CV0,1,1,1,0,2
6,6.123233995736766e-17,1.0,Age0_F6_m6f5_P6_Y4_UO1142,R6_F6_m6f7_P6_Y2_UO780,RD5_F6_m6f7_P6_Y2_UO23,FXX,0,0.0,0,0,0.0,0,0,0,0.0,0.4375,1,P5_CV0,1,0,2,1,1
6,6.123233995736766e-17,1.0,Age0_F6_m6f5_P6_Y4_UO1143,R6_F6_m6f7_P6_Y2_UO780,RD5_F6_m6f7_P6_Y2_UO23,FXX,0,0.0,0,0,0.0,0,0,0,0.0,0.4375,1,P5_CV0,1,1,1,0,2
6,6.123233995736766e-17,1.0,Age0_F6_m6f5_P6_Y4_UO1144,R6_F6_m6f7_P6_Y2_UO780,RD5_F6_m6f7_P6_Y2_UO23,MXY,0,0.0,0,0,0.0,0,0,0,0.0,0.4375,1,P5_CV0,1,1,1,1,1
6,6.123233995736766e-17,1.0,Age0_F6_m6f5_P6_Y4_UO1145,R6_F6_m6f7_P6_Y2_UO780,RD5_F6_m6f7_P6_Y2_UO23,MXY,0,0.0,0,0,0.0,0,0,0,0.0,0.4375,1,P5_CV0,1,1,1,1,1
6,6.123233995736766e-17,1.0,Age0_F6_m6f5_P6_Y4_UO1146,R6_F6_m6f7_P6_Y2_UO780,RD5_F6_m6f7_P6_Y2_UO23,FXX,0,0.0,0,0,0.0,0,0,0,0.0,0.4375,1,P5_CV0,1,0,2,0,2
6,6.123233995736766e-17,1.0,Age0_F6_m6f5_P6_Y4_UO1147,R6_F6_m6f7_P6_Y2_UO780,RD5_F6_m6f7_P6_Y2_UO23,FXX,0,0.0,0,0,0.0,0,0,0,0.0,0.4375,1,P5_CV0,1,0,2,0,2
6,6.123233995736766e-17,1.0,Age0_F6_m6f5_P6_Y4_UO1148,R6_F6_m6f7_P6_Y2_UO780,RD5_F6_m6f7_P6_Y2_UO23,MXY,0,0.0,0,0,0.0,0,0,0,0.0,0.4375,1,P5_CV0,1,0,2,1,1
6,6.123233995736766e-17,1.0,Age0_F6_m6f5_P6_Y4_UO1162,R6_F6_m6f5_P6_Y2_UO1265,R5_F5_m5f4_P5_Y2_UO1454,MXY,0,0.0,0,0,0.0,0,0,0,0.0,0.3125,1,P5_CV0,1,0,2,0,2
6,6.123233995736766e-17,1.0,Age0_F6_m6f5_P6_Y4_UO1163,R6_F6_m6f5_P6_Y2_UO1265,R5_F5_m5f4_P5_Y2_UO1454,MXY,0,0.0,0,0,0.0,0,0,0,0.0,0.3125,1,P5_CV0,1,0,2,0,2
6,6.123233995736766e-17,1.0,Age0_F6_m6f5_P6_Y4_UO1164,R6_F6_m6f5_P6_Y2_UO1265,R5_F5_m5f4_P5_Y2_UO1454,FXX,0,0.0,0,0,0.0,0,0,0,0.0,0.3125,1,P5_CV0,1,1,1,0,2
6,6.123233995736766e-17,1.0,Age0_F6_m6f5_P6_Y4_UO1165,R6_F6_m6f5_P6_Y2_UO1265,R5_F5_m5f4_P5_Y2_UO1454,FXX,0,0.0,0,0,0.0,0,0,0,0.0,0.3125,1,P5_CV0,1,0,2,0,2
6,6.123233995736766e-17,1.0,Age0_F6_m6f5_P6_Y4_UO1166,R6_F6_m6f5_P6_Y2_UO1265,R5_F5_m5f4_P5_Y2_UO1454,MXY,0,0.0,0,0,0.0,0,0,0,0.0,0.3125,1,P5_CV0,1,1,1,1,1
6,6.123233995736766e-17,1.0,Age0_F6_m6f5_P6_Y4_UO1167,R6_F6_m6f5_P6_Y2_UO1265,R5_F5_m5f4_P5_Y2_UO1454,MXY,0,0.0,0,0,0.0,0,0,0,0.0,0.3125,1,P5_CV0,1,1,1,0,2
6,6.123233995736766e-17,1.0,Age0_F6_m6f5_P6_Y4_UO1168,R6_F6_m6f5_P6_Y2_UO1265,R5_F5_m5f4_P5_Y2_UO1454,FXX,0,0.0,0,0,0.0,0,0,0,0.0,0.3125,1,P5_CV0,1,1,1,1,1
6,6.123233995736766e-17,1.0,Age0_F6_m6f5_P6_Y4_UO1241,R6_F6_m6f7_P6_Y2_UO360,R5_F5_m5f6_P5_Y2_UO1008,MXY,0,0.0,0,0,0.0,0,0,0,0.0,0.5625,1,P5_CV0,1,1,1,2,0
6,6.123233995736766e-17,1.0,Age0_F6_m6f5_P6_Y4_UO1242,R6_F6_m6f7_P6_Y2_UO360,R5_F5_m5f6_P5_Y2_UO1008,FXX,0,0.0,0,0,0.0,0,0,0,0.0,0.5625,1,P5_CV0,1,1,1,1,1
6,6.123233995736766e-17,1.0,Age0_F6_m6f5_P6_Y4_UO1243,R6_F6_m6f7_P6_Y2_UO360,R5_F5_m5f6_P5_Y2_UO1008,FXX,0,0.0,0,0,0.0,0,0,0,0.0,0.5625,1,P5_CV0,1,1,1,1,1
6,6.123233995736766e-17,1.0,Age0_F6_m6f5_P6_Y4_UO1244,R6_F6_m6f7_P6_Y2_UO360,R5_F5_m5f6_P5_Y2_UO1008,MXY,0,0.0,0,0,0.0,0,0,0,0.0,0.5625,1,P5_CV0,1,1,1,2,0
6,6.123233995736766e-17,1.0,Age0_F6_m6f5_P6_Y4_UO1245,R6_F6_m6f7_P6_Y2_UO360,R5_F5_m5f6_P5_Y2_UO1008,FXX,0,0.0,0,0,0.0,0,0,0,0.0,0.5625,1,P5_CV0,1,1,1,1,1
6,6.123233995736766e-17,1.0,Age0_F6_m6f5_P6_Y4_UO1246,R6_F6_m6f7_P6_Y2_UO360,R5_F5_m5f6_P5_Y2_UO1008,FXX,0,0.0,0,0,0.0,0,0,0,0.0,0.5625,1,P5_CV0,1,1,1,2,0
6,6.123233995736766e-17,1.0,Age0_F6_m6f5_P6_Y4_UO1247,R6_F6_m6f7_P6_Y2_UO360,R5_F5_m5f6_P5_Y2_UO1008,FXX,0,0.0,0,0,0.0,0,0,0,0.0,0.5625,1,P5_CV0,1,1,1,2,0
6,6.123233995736766e-17,1.0,R6_F6_m6f7_P6_Y3_UO189,RD6_F7_m7f8_P7_Y1_UO78,R7_F7_m6f5_P6_Y0_UO878,FXX,1,0.0,1,1,1.0,0,0,0,-9999.0,0.25,1,P5_CV0,1,0,2,2,0
6,6.123233995736766e-17,1.0,R6_F6_m6f5_P6_Y3_UO585,RD6_F7_m7f8_P7_Y1_UO78,R5_F5_m5f6_P5_Y1_UO130,FXX,1,0.0,1,1,1.0,0,0,0,-9999.0,0.125,1,P5_CV0,1,0,2,1,1
6,6.123233995736766e-17,1.0,R6_F6_m6f5_P6_Y3_UO576,RD6_F7_m7f8_P7_Y1_UO78,R5_F5_m5f6_P5_Y1_UO130,MXY,1,0.0,1,1,0.0,0,0,0,-9999.0,0.125,1,P5_CV0,1,0,2,1,1
6,6.123233995736766e-17,1.0,R6_F6_m6f7_P6_Y3_UO735,R6_F6_m5f4_P5_Y1_UO556,RD7_F6_m6f7_P6_Y0_UO908,FXX,1,0.0,1,1,1.0,0,0,0,-9999.0,0.625,1,P5_CV0,1,2,0,1,1
6,6.123233995736766e-17,1.0,R6_F6_m6f5_P6_Y3_UO571,RD6_F7_m7f8_P7_Y1_UO78,R5_F5_m5f6_P5_Y1_UO130,FXX,1,0.0,1,1,1.0,0,0,0,-9999.0,0.125,1,P5_CV0,1,0,2,1,1
6,6.123233995736766e-17,1.0,R6_F6_m6f5_P6_Y3_UO363,R6_F6_m6f5_P6_Y1_UO736,R5_F5_m4f3_P4_Y1_UO926,MXY,1,0.0,1,1,0.0,0,0,0,-9999.0,0.375,1,P5_CV0,1,0,2,1,1
6,6.123233995736766e-17,1.0,R6_F6_m6f5_P6_Y3_UO596,R6_F6_m6f5_P6_Y1_UO736,R5_F5_m5f6_P5_Y1_UO124,MXY,1,0.0,1,1,0.0,0,0,0,-9999.0,0.375,1,P5_CV0,1,1,1,2,0
6,6.123233995736766e-17,1.0,R6_F6_m6f5_P6_Y3_UO584,RD6_F7_m7f8_P7_Y1_UO78,R5_F5_m5f6_P5_Y1_UO130,FXX,1,0.0,1,1,1.0,0,0,0,-9999.0,0.125,1,P5_CV0,1,0,2,2,0
6,6.123233995736766e-17,1.0,R6_F6_m6f7_P6_Y3_UO187,RD6_F7_m7f8_P7_Y1_UO78,R7_F7_m6f5_P6_Y0_UO878,MXY,1,0.0,1,1,0.0,0,0,0,-9999.0,0.25,1,P5_CV0,1,1,1,0,2
6,6.123233995736766e-17,1.0,R6_F6_m6f7_P6_Y3_UO190,RD6_F7_m7f8_P7_Y1_UO78,R7_F7_m6f5_P6_Y0_UO878,FXX,1,0.0,1,1,1.0,0,0,0,-9999.0,0.25,1,P5_CV0,1,1,1,2,0
6,6.123233995736766e-17,1.0,R6_F6_m6f5_P6_Y3_UO364,R6_F6_m6f5_P6_Y1_UO736,R5_F5_m4f3_P4_Y1_UO926,MXY,1,0.0,1,1,0.0,0,0,0,-9999.0,0.375,1,P5_CV0,1,2,0,0,2
6,6.123233995736766e-17,1.0,R6_F6_m6f7_P6_Y2_UO361,R6_F6_m6f7_P6_Y0_UO1267,R7_F7_m7f6_P7_Y0_UO1079,FXX,2,0.0,1,0,1.0,0,0,0,-9999.0,0.75,1,P5_CV0,1,2,0,1,1
6,6.123233995736766e-17,1.0,R6_F6_m6f5_P6_Y2_UO48,R6_F6_m6f7_P6_Y0_UO853,R5_F5_m5f6_P5_Y0_UO325,FXX,2,0.0,1,0,1.0,0,0,0,-9999.0,0.625,1,P5_CV0,1,1,1,0,2
6,6.123233995736766e-17,1.0,R6_F6_m6f7_P6_Y2_UO1215,R6_F6_m6f5_P6_Y0_UO450,R7_F7_m7f6_P7_Y0_UO1298,MXY,2,0.0,1,0,0.0,0,0,0,-9999.0,0.625,1,P5_CV0,1,0,2,0,2
6,6.123233995736766e-17,1.0,R6_F6_m6f5_P6_Y2_UO1235,R6_F6_m7f6_P7_Y0_UO25,R5_F5_m5f6_P5_Y0_UO1214,MXY,2,0.0,1,0,0.0,0,0,0,-9999.0,0.25,1,P5_CV0,1,1,1,0,2
6,6.123233995736766e-17,1.0,R6_F6_m6f5_P6_Y2_UO527,R6_F6_m6f7_P6_Y0_UO893,R5_F5_m5f6_P5_Y0_UO325,FXX,2,0.0,1,0,1.0,0,0,0,-9999.0,0.625,1,P5_CV0,1,1,1,1,1
6,6.123233995736766e-17,1.0,R6_F6_m6f5_P6_Y2_UO107,R6_F6_m6f5_P6_Y0_UO450,R5_F5_m5f6_P5_Y0_UO393,MXY,2,0.0,1,0,0.0,0,0,0,-9999.0,0.625,1,P5_CV0,1,1,1,0,2
6,6.123233995736766e-17,1.0,R6_F6_m6f5_P6_Y2_UO525,R6_F6_m6f7_P6_Y0_UO893,R5_F5_m5f6_P5_Y0_UO325,FXX,2,0.0,1,0,1.0,0,0,0,-9999.0,0.625,1,P5_CV0,1,1,1,1,1
6,6.123233995736766e-17,1.0,Age0_F6_m6f5_P6_Y4_UO53,R6_F6_m6f7_P6_Y2_UO708,R5_F5_m5f6_P5_Y2_UO692,MXY,0,0.0,0,0,0.0,0,0,0,0.0,0.5,1,P6_CV0,1,2,0,2,0
6,6.123233995736766e-17,1.0,Age0_F6_m6f5_P6_Y4_UO54,R6_F6_m6f7_P6_Y2_UO708,R5_F5_m5f6_P5_Y2_UO692,FXX,0,0.0,0,0,0.0,0,0,0,0.0,0.5,1,P6_CV0,1,2,0,1,1
6,6.123233995736766e-17,1.0,Age0_F6_m6f5_P6_Y4_UO55,R6_F6_m6f7_P6_Y2_UO708,R5_F5_m5f6_P5_Y2_UO692,MXY,0,0.0,0,0,0.0,0,0,0,0.0,0.5,1,P6_CV0,1,1,1,0,2
6,6.123233995736766e-17,1.0,Age0_F6_m6f5_P6_Y4_UO56,R6_F6_m6f7_P6_Y2_UO708,R5_F5_m5f6_P5_Y2_UO692,FXX,0,0.0,0,0,0.0,0,0,0,0.0,0.5,1,P6_CV0,1,2,0,1,1
6,6.123233995736766e-17,1.0,Age0_F6_m6f5_P6_Y4_UO57,R6_F6_m6f7_P6_Y2_UO708,R5_F5_m5f6_P5_Y2_UO692,FXX,0,0.0,0,0,0.0,0,0,0,0.0,0.5,1,P6_CV0,1,1,1,1,1
6,6.123233995736766e-17,1.0,Age0_F6_m6f7_P6_Y4_UO945,R6_F6_m6f7_P6_Y2_UO708,R7_F7_m7f6_P7_Y2_UO661,FXX,0,0.0,0,0,0.0,0,0,0,0.0,0.4375,1,P6_CV0,1,1,1,2,0
6,6.123233995736766e-17,1.0,Age0_F6_m6f7_P6_Y4_UO946,R6_F6_m6f7_P6_Y2_UO708,R7_F7_m7f6_P7_Y2_UO661,MXY,0,0.0,0,0,0.0,0,0,0,0.0,0.4375,1,P6_CV0,1,1,1,2,0
6,6.123233995736766e-17,1.0,Age0_F6_m6f7_P6_Y4_UO947,R6_F6_m6f7_P6_Y2_UO708,R7_F7_m7f6_P7_Y2_UO661,FXX,0,0.0,0,0,0.0,0,0,0,0.0,0.4375,1,P6_CV0,1,1,1,2,0
6,6.123233995736766e-17,1.0,Age0_F6_m6f7_P6_Y4_UO948,R6_F6_m6f7_P6_Y2_UO708,R7_F7_m7f6_P7_Y2_UO661,MXY,0,0.0,0,0,0.0,0,0,0,0.0,0.4375,1,P6_CV0,1,1,1,2,0
6,6.123233995736766e-17,1.0,Age0_F6_m6f7_P6_Y4_UO949,R6_F6_m6f7_P6_Y2_UO708,R7_F7_m7f6_P7_Y2_UO661,FXX,0,0.0,0,0,0.0,0,0,0,0.0,0.4375,1,P6_CV0,1,1,1,2,0
6,6.123233995736766e-17,1.0,Age0_F6_m6f7_P6_Y4_UO950,R6_F6_m6f7_P6_Y2_UO708,R7_F7_m7f6_P7_Y2_UO661,MXY,0,0.0,0,0,0.0,0,0,0,0.0,0.4375,1,P6_CV0,1,1,1,2,0
6,6.123233995736766e-17,1.0,Age0_F6_m6f7_P6_Y4_UO951,R6_F6_m6f7_P6_Y2_UO708,R7_F7_m7f6_P7_Y2_UO661,FXX,0,0.0,0,0,0.0,0,0,0,0.0,0.4375,1,P6_CV0,1,1,1,2,0
6,6.123233995736766e-17,1.0,Age0_F6_m6f7_P6_Y4_UO952,R6_F6_m6f7_P6_Y2_UO708,R7_F7_m7f6_P7_Y2_UO661,FXX,0,0.0,0,0,0.0,0,0,0,0.0,0.4375,1,P6_CV0,1,1,1,1,1
6,6.123233995736766e-17,1.0,Age0_F6_m6f5_P6_Y4_UO985,R6_F6_m6f5_P6_Y2_UO1057,R5_F5_m5f4_P5_Y2_UO1204,MXY,0,0.0,0,0,0.0,0,0,0,0.0,0.5,1,P6_CV0,1,0,2,0,2
6,6.123233995736766e-17,1.0,Age0_F6_m6f5_P6_Y4_UO986,R6_F6_m6f5_P6_Y2_UO1057,R5_F5_m5f4_P5_Y2_UO1204,FXX,0,0.0,0,0,0.0,0,0,0,0.0,0.5,1,P6_CV0,1,0,2,0,2
6,6.123233995736766e-17,1.0,Age0_F6_m6f5_P6_Y4_UO987,R6_F6_m6f5_P6_Y2_UO1057,R5_F5_m5f4_P5_Y2_UO1204,MXY,0,0.0,0,0,0.0,0,0,0,0.0,0.5,1,P6_CV0,1,0,2,0,2
6,6.123233995736766e-17,1.0,Age0_F6_m6f5_P6_Y4_UO989,R6_F6_m6f5_P6_Y2_UO1057,R5_F5_m5f4_P5_Y2_UO1204,FXX,0,0.0,0,0,0.0,0,0,0,0.0,0.5,1,P6_CV0,1,0,2,0,2
6,6.123233995736766e-17,1.0,Age0_F6_m6f5_P6_Y4_UO990,R6_F6_m6f5_P6_Y2_UO1057,R5_F5_m5f4_P5_Y2_UO1204,MXY,0,0.0,0,0,0.0,0,0,0,0.0,0.5,1,P6_CV0,1,1,1,0,2
6,6.123233995736766e-17,1.0,R6_F6_m7f8_P7_Y3_UO124,R7_F7_m7f8_P7_Y1_UO50,R8_F8_m8f9_P8_Y1_UO804,MXY,1,0.0,1,1,0.0,0,0,0,-9999.0,0.5,1,P6_CV0,1,0,2,1,1
6,6.123233995736766e-17,1.0,R6_F6_m6f7_P6_Y3_UO188,RD6_F7_m7f8_P7_Y1_UO78,R7_F7_m6f5_P6_Y0_UO878,MXY,1,0.0,1,1,0.0,0,0,0,-9999.0,0.25,1,P6_CV0,1,0,2,1,1
6,6.123233995736766e-17,1.0,R6_F6_m6f5_P6_Y3_UO917,RD6_F7_m7f8_P7_Y1_UO52,R5_F5_m5f4_P5_Y1_UO554,FXX,1,0.0,1,1,1.0,0,0,0,-9999.0,0.5,1,P6_CV0,1,1,1,1,1
6,6.123233995736766e-17,1.0,R6_F6_m6f7_P6_Y3_UO192,RD6_F7_m7f8_P7_Y1_UO78,R7_F7_m6f5_P6_Y0_UO878,FXX,1,0.0,1,1,1.0,0,0,0,-9999.0,0.25,1,P6_CV0,1,1,1,1,1
6,6.123233995736766e-17,1.0,R6_F6_m6f7_P6_Y3_UO194,RD6_F7_m7f8_P7_Y1_UO78,R7_F7_m6f5_P6_Y0_UO878,FXX,1,0.0,1,1,1.0,0,0,0,-9999.0,0.25,1,P6_CV0,1,1,1,0,2
6,6.123233995736766e-17,1.0,R6_F6_m6f5_P6_Y3_UO916,RD6_F7_m7f8_P7_Y1_UO52,R5_F5_m5f4_P5_Y1_UO554,MXY,1,0.0,1,1,0.0,0,0,0,-9999.0,0.5,1,P6_CV0,1,1,1,2,0
6,6.123233995736766e-17,1.0,R6_F6_m6f5_P6_Y3_UO924,RD6_F7_m7f8_P7_Y1_UO52,R5_F5_m5f4_P5_Y1_UO554,MXY,1,0.0,1,1,0.0,0,0,0,-9999.0,0.5,1,P6_CV0,1,1,1,2,0
6,6.123233995736766e-17,1.0,R6_F6_m6f5_P6_Y3_UO572,RD6_F7_m7f8_P7_Y1_UO78,R5_F5_m5f6_P5_Y1_UO130,FXX,1,0.0,1,1,1.0,0,0,0,-9999.0,0.125,1,P6_CV0,1,0,2,2,0
6,6.123233995736766e-17,1.0,R6_F6_m6f7_P6_Y2_UO878,RD6_F5_m5f6_P5_Y0_UO622,R7_F7_m7f6_P7_Y0_UO1081,MXY,2,0.0,1,0,0.0,0,0,0,-9999.0,0.5,1,P6_CV0,1,1,1,1,1
6,6.123233995736766e-17,1.0,Age0_F6_m6f7_P6_Y4_UO1199,R6_F6_m6f7_P6_Y2_UO1105,R7_F7_m7f6_P7_Y2_UO778,FXX,0,0.0,0,0,0.0,0,0,0,0.0,0.8125,1,P7_CV0,1,2,0,1,1
6,6.123233995736766e-17,1.0,R6_F6_m6f7_P6_Y3_UO882,R6_F6_m5f4_P5_Y1_UO556,R7_F7_m7f8_P7_Y1_UO186,FXX,1,0.0,1,1,1.0,0,0,0,-9999.0,0.625,1,P7_CV0,1,1,1,2,0
6,6.123233995736766e-17,1.0,R6_F6_m6f7_P6_Y3_UO885,R6_F6_m5f4_P5_Y1_UO556,R7_F7_m7f8_P7_Y1_UO186,FXX,1,0.0,1,1,1.0,0,0,0,-9999.0,0.625,1,P7_CV0,1,1,1,1,1
7,-0.30901699437494734,0.9510565162951536,R7_F7_m6f5_P6_Y3_UO925,RD6_F7_m7f8_P7_Y1_UO52,R5_F5_m5f4_P5_Y1_UO554,MXY,1,0.0,1,1,0.0,0,0,0,-9999.0,0.5,1,P3_CV0,1,2,0,2,0
7,-0.30901699437494734,0.9510565162951536,Age0_F7_m7f6_P7_Y4_UO459,R7_F7_m7f6_P7_Y2_UO30,R6_F6_m6f5_P6_Y2_UO1437,MXY,0,0.0,0,0,0.0,0,0,0,0.0,0.5,1,P4_CV0,1,1,1,1,1
7,-0.30901699437494734,0.9510565162951536,Age0_F7_m7f6_P7_Y4_UO462,R7_F7_m7f6_P7_Y2_UO30,R6_F6_m6f5_P6_Y2_UO1437,MXY,0,0.0,0,0,0.0,0,0,0,0.0,0.5,1,P4_CV0,1,0,2,2,0
7,-0.30901699437494734,0.9510565162951536,Age0_F7_m7f6_P7_Y4_UO463,R7_F7_m7f6_P7_Y2_UO30,R6_F6_m6f5_P6_Y2_UO1437,MXY,0,0.0,0,0,0.0,0,0,0,0.0,0.5,1,P4_CV0,1,0,2,1,1
7,-0.30901699437494734,0.9510565162951536,Age0_F7_m7f6_P7_Y4_UO617,R7_F7_m6f5_P6_Y2_UO1058,R6_F6_m6f5_P6_Y2_UO1438,FXX,0,0.0,0,0,0.0,0,0,0,0.0,0.375,1,P4_CV0,1,0,2,2,0
7,-0.30901699437494734,0.9510565162951536,Age0_F7_m7f6_P7_Y4_UO618,R7_F7_m6f5_P6_Y2_UO1058,R6_F6_m6f5_P6_Y2_UO1438,MXY,0,0.0,0,0,0.0,0,0,0,0.0,0.375,1,P4_CV0,1,1,1,2,0
7,-0.30901699437494734,0.9510565162951536,Age0_F7_m7f6_P7_Y4_UO619,R7_F7_m6f5_P6_Y2_UO1058,R6_F6_m6f5_P6_Y2_UO1438,FXX,0,0.0,0,0,0.0,0,0,0,0.0,0.375,1,P4_CV0,1,1,1,1,1
7,-0.30901699437494734,0.9510565162951536,Age0_F7_m7f6_P7_Y4_UO1015,R7_F7_m6f5_P6_Y2_UO1058,R6_F6_m6f5_P6_Y2_UO1438,MXY,0,0.0,0,0,0.0,0,0,0,0.0,0.375,1,P4_CV0,1,0,2,2,0
7,-0.30901699437494734,0.9510565162951536,Age0_F7_m7f6_P7_Y4_UO1017,R7_F7_m6f5_P6_Y2_UO1058,R6_F6_m6f5_P6_Y2_UO1438,MXY,0,0.0,0,0,0.0,0,0,0,0.0,0.375,1,P4_CV0,1,0,2,1,1
7,-0.30901699437494734,0.9510565162951536,Age0_F7_m7f6_P7_Y4_UO1018,R7_F7_m6f5_P6_Y2_UO1058,R6_F6_m6f5_P6_Y2_UO1438,FXX,0,0.0,0,0,0.0,0,0,0,0.0,0.375,1,P4_CV0,1,0,2,1,1
7,-0.30901699437494734,0.9510565162951536,Age0_F7_m7f6_P7_Y4_UO1019,R7_F7_m6f5_P6_Y2_UO1058,R6_F6_m6f5_P6_Y2_UO1438,MXY,0,0.0,0,0,0.0,0,0,0,0.0,0.375,1,P4_CV0,1,1,1,1,1
7,-0.30901699437494734,0.9510565162951536,Age0_F7_m7f8_P7_Y4_UO86,R7_F7_m7f6_P7_Y2_UO769,R8_F8_m8f7_P8_Y2_UO246,FXX,0,0.0,0,0,0.0,0,0,0,0.0,0.5625,1,P5_CV0,1,1,1,1,1
7,-0.30901699437494734,0.9510565162951536,Age0_F7_m7f8_P7_Y4_UO87,R7_F7_m7f6_P7_Y2_UO769,R8_F8_m8f7_P8_Y2_UO246,FXX,0,0.0,0,0,0.0,0,0,0,0.0,0.5625,1,P5_CV0,1,1,1,1,1
7,-0.30901699437494734,0.9510565162951536,Age0_F7_m7f8_P7_Y4_UO88,R7_F7_m7f6_P7_Y2_UO769,R8_F8_m8f7_P8_Y2_UO246,MXY,0,0.0,0,0,0.0,0,0,0,0.0,0.5625,1,P5_CV0,1,1,1,1,1
7,-0.30901699437494734,0.9510565162951536,Age0_F7_m7f8_P7_Y4_UO89,R7_F7_m7f6_P7_Y2_UO769,R8_F8_m8f7_P8_Y2_UO246,FXX,0,0.0,0,0,0.0,0,0,0,0.0,0.5625,1,P5_CV0,1,1,1,1,1
7,-0.30901699437494734,0.9510565162951536,Age0_F7_m7f8_P7_Y4_UO90,R7_F7_m7f6_P7_Y2_UO769,R8_F8_m8f7_P8_Y2_UO246,MXY,0,0.0,0,0,0.0,0,0,0,0.0,0.5625,1,P5_CV0,1,1,1,1,1
7,-0.30901699437494734,0.9510565162951536,Age0_F7_m7f8_P7_Y4_UO91,R7_F7_m7f6_P7_Y2_UO769,R8_F8_m8f7_P8_Y2_UO246,MXY,0,0.0,0,0,0.0,0,0,0,0.0,0.5625,1,P5_CV0,1,1,1,1,1
7,-0.30901699437494734,0.9510565162951536,Age0_F7_m7f6_P7_Y4_UO458,R7_F7_m7f6_P7_Y2_UO30,R6_F6_m6f5_P6_Y2_UO1437,MXY,0,0.0,0,0,0.0,0,0,0,0.0,0.5,1,P5_CV0,1,1,1,1,1
7,-0.30901699437494734,0.9510565162951536,Age0_F7_m7f6_P7_Y4_UO460,R7_F7_m7f6_P7_Y2_UO30,R6_F6_m6f5_P6_Y2_UO1437,FXX,0,0.0,0,0,0.0,0,0,0,0.0,0.5,1,P5_CV0,1,0,2,1,1
7,-0.30901699437494734,0.9510565162951536,Age0_F7_m7f6_P7_Y4_UO461,R7_F7_m7f6_P7_Y2_UO30,R6_F6_m6f5_P6_Y2_UO1437,MXY,0,0.0,0,0,0.0,0,0,0,0.0,0.5,1,P5_CV0,1,0,2,1,1
7,-0.30901699437494734,0.9510565162951536,Age0_F7_m7f6_P7_Y4_UO616,R7_F7_m6f5_P6_Y2_UO1058,R6_F6_m6f5_P6_Y2_UO1438,FXX,0,0.0,0,0,0.0,0,0,0,0.0,0.375,1,P5_CV0,1,0,2,2,0
7,-0.30901699437494734,0.9510565162951536,Age0_F7_m7f6_P7_Y4_UO620,R7_F7_m6f5_P6_Y2_UO1058,R6_F6_m6f5_P6_Y2_UO1438,FXX,0,0.0,0,0,0.0,0,0,0,0.0,0.375,1,P5_CV0,1,1,1,2,0
7,-0.30901699437494734,0.9510565162951536,Age0_F7_m7f6_P7_Y4_UO621,R7_F7_m6f5_P6_Y2_UO1058,R6_F6_m6f5_P6_Y2_UO1438,FXX,0,0.0,0,0,0.0,0,0,0,0.0,0.375,1,P5_CV0,1,1,1,1,1
7,-0.30901699437494734,0.9510565162951536,Age0_F7_m7f6_P7_Y4_UO622,R7_F7_m6f5_P6_Y2_UO1058,R6_F6_m6f5_P6_Y2_UO1438,MXY,0,0.0,0,0,0.0,0,0,0,0.0,0.375,1,P5_CV0,1,0,2,2,0
7,-0.30901699437494734,0.9510565162951536,Age0_F7_m7f6_P7_Y4_UO623,R7_F7_m6f5_P6_Y2_UO1058,R6_F6_m6f5_P6_Y2_UO1438,MXY,0,0.0,0,0,0.0,0,0,0,0.0,0.375,1,P5_CV0,1,0,2,1,1
7,-0.30901699437494734,0.9510565162951536,Age0_F7_m7f6_P7_Y4_UO624,R7_F7_m6f5_P6_Y2_UO1058,R6_F6_m6f5_P6_Y2_UO1438,FXX,0,0.0,0,0,0.0,0,0,0,0.0,0.375,1,P5_CV0,1,0,2,2,0
7,-0.30901699437494734,0.9510565162951536,Age0_F7_m7f8_P7_Y4_UO641,R7_F7_m7f6_P7_Y2_UO663,R8_F8_m8f7_P8_Y2_UO246,FXX,0,0.0,0,0,0.0,0,0,0,0.0,0.4375,1,P5_CV0,1,0,2,2,0
7,-0.30901699437494734,0.9510565162951536,Age0_F7_m7f8_P7_Y4_UO642,R7_F7_m7f6_P7_Y2_UO663,R8_F8_m8f7_P8_Y2_UO246,MXY,0,0.0,0,0,0.0,0,0,0,0.0,0.4375,1,P5_CV0,1,0,2,2,0
7,-0.30901699437494734,0.9510565162951536,Age0_F7_m7f8_P7_Y4_UO643,R7_F7_m7f6_P7_Y2_UO663,R8_F8_m8f7_P8_Y2_UO246,FXX,0,0.0,0,0,0.0,0,0,0,0.0,0.4375,1,P5_CV0,1,0,2,2,0
7,-0.30901699437494734,0.9510565162951536,Age0_F7_m7f8_P7_Y4_UO644,R7_F7_m7f6_P7_Y2_UO663,R8_F8_m8f7_P8_Y2_UO246,FXX,0,0.0,0,0,0.0,0,0,0,0.0,0.4375,1,P5_CV0,1,0,2,2,0
7,-0.30901699437494734,0.9510565162951536,Age0_F7_m7f8_P7_Y4_UO1008,R7_F7_m7f6_P7_Y2_UO861,R8_F8_m8f7_P8_Y2_UO248,FXX,0,0.0,0,0,0.0,0,0,0,0.0,0.6875,1,P5_CV0,1,0,2,2,0
7,-0.30901699437494734,0.9510565162951536,Age0_F7_m7f8_P7_Y4_UO1010,R7_F7_m7f6_P7_Y2_UO861,R8_F8_m8f7_P8_Y2_UO248,MXY,0,0.0,0,0,0.0,0,0,0,0.0,0.6875,1,P5_CV0,1,1,1,2,0
7,-0.30901699437494734,0.9510565162951536,Age0_F7_m7f8_P7_Y4_UO1012,R7_F7_m7f6_P7_Y2_UO861,R8_F8_m8f7_P8_Y2_UO248,MXY,0,0.0,0,0,0.0,0,0,0,0.0,0.6875,1,P5_CV0,1,1,1,2,0
7,-0.30901699437494734,0.9510565162951536,Age0_F7_m7f6_P7_Y4_UO1016,R7_F7_m6f5_P6_Y2_UO1058,R6_F6_m6f5_P6_Y2_UO1438,FXX,0,0.0,0,0,0.0,0,0,0,0.0,0.375,1,P5_CV0,1,0,2,2,0
7,-0.30901699437494734,0.9510565162951536,Age0_F7_m7f6_P7_Y4_UO1020,R7_F7_m6f5_P6_Y2_UO1058,R6_F6_m6f5_P6_Y2_UO1438,MXY,0,0.0,0,0,0.0,0,0,0,0.0,0.375,1,P5_CV0,1,1,1,2,0
7,-0.30901699437494734,0.9510565162951536,Age0_F7_m7f6_P7_Y4_UO1021,R7_F7_m6f5_P6_Y2_UO1058,R6_F6_m6f5_P6_Y2_UO1438,MXY,0,0.0,0,0,0.0,0,0,0,0.0,0.375,1,P5_CV0,1,0,2,2,0
7,-0.30901699437494734,0.9510565162951536,Age0_F7_m7f8_P7_Y4_UO1248,R7_F7_m7f6_P7_Y2_UO28,R8_F8_m8f7_P8_Y2_UO740,FXX,0,0.0,0,0,0.0,0,0,0,0.0,0.625,1,P5_CV0,1,2,0,1,1
7,-0.30901699437494734,0.9510565162951536,Age0_F7_m7f8_P7_Y4_UO1251,R7_F7_m7f6_P7_Y2_UO28,R8_F8_m8f7_P8_Y2_UO740,MXY,0,0.0,0,0,0.0,0,0,0,0.0,0.625,1,P5_CV0,1,1,1,1,1
7,-0.30901699437494734,0.9510565162951536,Age0_F7_m7f6_P7_Y4_UO1294,R7_F7_m7f6_P7_Y2_UO1403,R6_F6_m6f5_P6_Y2_UO1235,MXY,0,0.0,0,0,0.0,0,0,0,0.0,0.4375,1,P5_CV0,1,1,1,0,2
7,-0.30901699437494734,0.9510565162951536,Age0_F7_m7f6_P7_Y4_UO1295,R7_F7_m7f6_P7_Y2_UO1403,R6_F6_m6f5_P6_Y2_UO1235,FXX,0,0.0,0,0,0.0,0,0,0,0.0,0.4375,1,P5_CV0,1,1,1,0,2
7,-0.30901699437494734,0.9510565162951536,Age0_F7_m7f6_P7_Y4_UO1296,R7_F7_m7f6_P7_Y2_UO1403,R6_F6_m6f5_P6_Y2_UO1235,FXX,0,0.0,0,0,0.0,0,0,0,0.0,0.4375,1,P5_CV0,1,1,1,1,1
7,-0.30901699437494734,0.9510565162951536,Age0_F7_m7f6_P7_Y4_UO1308,R7_F7_m7f6_P7_Y2_UO28,R6_F6_m6f7_P6_Y2_UO714,FXX,0,0.0,0,0,0.0,0,0,0,0.0,0.6875,1,P5_CV0,1,2,0,1,1
7,-0.30901699437494734,0.9510565162951536,Age0_F7_m7f6_P7_Y4_UO1309,R7_F7_m7f6_P7_Y2_UO28,R6_F6_m6f7_P6_Y2_UO714,MXY,0,0.0,0,0,0.0,0,0,0,0.0,0.6875,1,P5_CV0,1,2,0,1,1
7,-0.30901699437494734,0.9510565162951536,Age0_F7_m7f6_P7_Y4_UO1310,R7_F7_m7f6_P7_Y2_UO28,R6_F6_m6f7_P6_Y2_UO714,MXY,0,0.0,0,0,0.0,0,0,0,0.0,0.6875,1,P5_CV0,1,2,0,1,1
7,-0.30901699437494734,0.9510565162951536,Age0_F7_m7f6_P7_Y4_UO1311,R7_F7_m7f6_P7_Y2_UO28,R6_F6_m6f7_P6_Y2_UO714,MXY,0,0.0,0,0,0.0,0,0,0,0.0,0.6875,1,P5_CV0,1,2,0,0,2
7,-0.30901699437494734,0.9510565162951536,Age0_F7_m7f6_P7_Y4_UO1312,R7_F7_m7f6_P7_Y2_UO28,R6_F6_m6f7_P6_Y2_UO714,FXX,0,0.0,0,0,0.0,0,0,0,0.0,0.6875,1,P5_CV0,1,2,0,0,2
7,-0.30901699437494734,0.9510565162951536,Age0_F7_m7f6_P7_Y4_UO1313,R7_F7_m7f6_P7_Y2_UO28,R6_F6_m6f7_P6_Y2_UO714,MXY,0,0.0,0,0,0.0,0,0,0,0.0,0.6875,1,P5_CV0,1,2,0,0,2
7,-0.30901699437494734,0.9510565162951536,Age0_F7_m7f6_P7_Y4_UO1314,R7_F7_m7f6_P7_Y2_UO28,R6_F6_m6f7_P6_Y2_UO714,MXY,0,0.0,0,0,0.0,0,0,0,0.0,0.6875,1,P5_CV0,1,2,0,1,1
7,-0.30901699437494734,0.9510565162951536,Age0_F7_m7f6_P7_Y4_UO1315,R7_F7_m7f6_P7_Y2_UO28,R6_F6_m6f7_P6_Y2_UO714,FXX,0,0.0,0,0,0.0,0,0,0,0.0,0.6875,1,P5_CV0,1,2,0,0,2
7,-0.30901699437494734,0.9510565162951536,Age0_F7_m7f6_P7_Y4_UO1316,R7_F7_m7f6_P7_Y2_UO28,R6_F6_m6f7_P6_Y2_UO714,MXY,0,0.0,0,0,0.0,0,0,0,0.0,0.6875,1,P5_CV0,1,2,0,0,2
7,-0.30901699437494734,0.9510565162951536,Age0_F7_m7f8_P7_Y4_UO1393,R7_F7_m7f6_P7_Y2_UO770,R8_F8_m8f7_P8_Y2_UO1171,FXX,0,0.0,0,0,0.0,0,0,0,0.0,0.5625,1,P5_CV0,1,0,2,0,2
7,-0.30901699437494734,0.9510565162951536,Age0_F7_m7f8_P7_Y4_UO1394,R7_F7_m7f6_P7_Y2_UO770,R8_F8_m8f7_P8_Y2_UO1171,FXX,0,0.0,0,0,0.0,0,0,0,0.0,0.5625,1,P5_CV0,1,0,2,0,2
7,-0.30901699437494734,0.9510565162951536,Age0_F7_m7f8_P7_Y4_UO1395,R7_F7_m7f6_P7_Y2_UO770,R8_F8_m8f7_P8_Y2_UO1171,MXY,0,0.0,0,0,0.0,0,0,0,0.0,0.5625,1,P5_CV0,1,0,2,0,2
7,-0.30901699437494734,0.9510565162951536,Age0_F7_m7f8_P7_Y4_UO1396,R7_F7_m7f6_P7_Y2_UO770,R8_F8_m8f7_P8_Y2_UO1171,MXY,0,0.0,0,0,0.0,0,0,0,0.0,0.5625,1,P5_CV0,1,1,1,0,2
7,-0.30901699437494734,0.9510565162951536,Age0_F7_m7f8_P7_Y4_UO1397,R7_F7_m7f6_P7_Y2_UO770,R8_F8_m8f7_P8_Y2_UO1171,FXX,0,0.0,0,0,0.0,0,0,0,0.0,0.5625,1,P5_CV0,1,0,2,0,2
7,-0.30901699437494734,0.9510565162951536,Age0_F7_m7f8_P7_Y4_UO1398,R7_F7_m7f6_P7_Y2_UO770,R8_F8_m8f7_P8_Y2_UO1171,FXX,0,0.0,0,0,0.0,0,0,0,0.0,0.5625,1,P5_CV0,1,0,2,0,2
7,-0.30901699437494734,0.9510565162951536,Age0_F7_m7f8_P7_Y4_UO1399,R7_F7_m7f6_P7_Y2_UO770,R8_F8_m8f7_P8_Y2_UO1171,FXX,0,0.0,0,0,0.0,0,0,0,0.0,0.5625,1,P5_CV0,1,0,2,0,2
7,-0.30901699437494734,0.9510565162951536,Age0_F7_m7f6_P7_Y4_UO1477,R7_F7_m7f6_P7_Y2_UO767,R6_F6_m6f7_P6_Y2_UO1215,MXY,0,0.0,0,0,0.0,0,0,0,0.0,0.5625,1,P5_CV0,1,0,2,0,2
7,-0.30901699437494734,0.9510565162951536,Age0_F7_m7f6_P7_Y4_UO1478,R7_F7_m7f6_P7_Y2_UO767,R6_F6_m6f7_P6_Y2_UO1215,FXX,0,0.0,0,0,0.0,0,0,0,0.0,0.5625,1,P5_CV0,1,0,2,0,2
7,-0.30901699437494734,0.9510565162951536,Age0_F7_m7f6_P7_Y4_UO1479,R7_F7_m7f6_P7_Y2_UO767,R6_F6_m6f7_P6_Y2_UO1215,MXY,0,0.0,0,0,0.0,0,0,0,0.0,0.5625,1,P5_CV0,1,0,2,0,2
7,-0.30901699437494734,0.9510565162951536,R7_F7_m7f6_P7_Y3_UO473,R7_F7_m7f8_P7_Y1_UO183,R6_F6_m6f5_P6_Y1_UO751,FXX,1,0.0,1,1,1.0,0,0,0,-9999.0,0.5,1,P5_CV0,1,1,1,1,1
7,-0.30901699437494734,0.9510565162951536,R7_F7_m7f6_P7_Y3_UO352,RD7_F8_m7f6_P7_Y1_UO764,RD6_F5_m5f6_P5_Y1_UO593,FXX,1,0.0,1,1,1.0,0,0,0,-9999.0,0.375,1,P5_CV0,1,0,2,2,0
7,-0.30901699437494734,0.9510565162951536,R7_F7_m7f8_P7_Y3_UO382,RD7_F8_m7f6_P7_Y1_UO764,RD8_F7_m7f6_P7_Y0_UO1079,MXY,1,0.0,1,1,0.0,0,0,0,-9999.0,0.625,1,P5_CV0,1,1,1,2,0
7,-0.30901699437494734,0.9510565162951536,R7_F7_m7f6_P7_Y3_UO104,R7_F7_m7f8_P7_Y1_UO183,R6_F6_m6f5_P6_Y1_UO743,FXX,1,0.0,1,1,1.0,0,0,0,-9999.0,0.5,1,P5_CV0,1,2,0,1,1
7,-0.30901699437494734,0.9510565162951536,R7_F7_m7f6_P7_Y3_UO519,R7_F7_m7f8_P7_Y1_UO763,RD6_F5_m5f6_P5_Y1_UO593,MXY,1,0.0,1,1,0.0,0,0,0,-9999.0,0.375,1,P5_CV0,1,1,1,1,1
7,-0.30901699437494734,0.9510565162951536,R7_F7_m7f8_P7_Y3_UO380,RD7_F8_m7f6_P7_Y1_UO764,RD8_F7_m7f6_P7_Y0_UO1079,MXY,1,0.0,1,1,0.0,0,0,0,-9999.0,0.625,1,P5_CV0,1,1,1,1,1
7,-0.30901699437494734,0.9510565162951536,R7_F7_m7f6_P7_Y3_UO356,RD7_F8_m7f6_P7_Y1_UO764,RD6_F5_m5f6_P5_Y1_UO593,FXX,1,0.0,1,1,1.0,0,0,0,-9999.0,0.375,1,P5_CV0,1,0,2,1,1
7,-0.30901699437494734,0.9510565162951536,R7_F7_m7f6_P7_Y3_UO354,RD7_F8_m7f6_P7_Y1_UO764,RD6_F5_m5f6_P5_Y1_UO593,MXY,1,0.0,1,1,0.0,0,0,0,-9999.0,0.375,1,P5_CV0,1,0,2,0,2
7,-0.30901699437494734,0.9510565162951536,R7_F7_m7f8_P7_Y3_UO151,RD7_F8_m7f6_P7_Y1_UO764,R8_F8_m8f9_P8_Y1_UO587,FXX,1,0.0,1,1,1.0,0,0,0,-9999.0,0.5,1,P5_CV0,1,1,1,2,0
7,-0.30901699437494734,0.9510565162951536,R7_F7_m7f8_P7_Y3_UO383,RD7_F8_m7f6_P7_Y1_UO764,RD8_F7_m7f6_P7_Y0_UO1079,FXX,1,0.0,1,1,1.0,0,0,0,-9999.0,0.625,1,P5_CV0,1,1,1,1,1
7,-0.30901699437494734,0.9510565162951536,R7_F7_m6f5_P6_Y2_UO1058,R6_F6_m6f7_P6_Y0_UO363,R5_F5_m5f6_P5_Y0_UO1214,FXX,2,0.0,1,0,1.0,0,0,0,-9999.0,0.375,1,P5_CV0,1,0,2,1,1
7,-0.30901699437494734,0.9510565162951536,Age0_F7_m7f8_P7_Y4_UO645,R7_F7_m7f6_P7_Y2_UO663,R8_F8_m8f7_P8_Y2_UO246,MXY,0,0.0,0,0,0.0,0,0,0,0.0,0.4375,1,P6_CV0,1,0,2,2,0
7,-0.30901699437494734,0.9510565162951536,Age0_F7_m7f6_P7_Y4_UO1297,R7_F7_m7f6_P7_Y2_UO1403,R6_F6_m6f5_P6_Y2_UO1235,MXY,0,0.0,0,0,0.0,0,0,0,0.0,0.4375,1,P6_CV0,1,2,0,0,2
7,-0.30901699437494734,0.9510565162951536,R7_F7_m7f6_P7_Y3_UO480,R7_F7_m7f8_P7_Y1_UO183,R6_F6_m6f5_P6_Y1_UO751,MXY,1,0.0,1,1,0.0,0,0,0,-9999.0,0.5,1,P6_CV0,1,1,1,0,2
7,-0.30901699437494734,0.9510565162951536,R7_F7_m7f8_P7_Y3_UO120,R7_F7_m7f8_P7_Y1_UO50,R8_F8_m8f9_P8_Y1_UO804,FXX,1,0.0,1,1,1.0,0,0,0,-9999.0,0.5,1,P6_CV0,1,2,0,1,1
7,-0.30901699437494734,0.9510565162951536,R7_F7_m7f8_P7_Y3_UO784,R7_F7_m7f8_P7_Y1_UO178,R8_F8_m8f9_P8_Y1_UO1085,FXX,1,0.0,1,1,1.0,0,0,0,-9999.0,0.375,1,P6_CV0,1,1,1,2,0
7,-0.30901699437494734,0.9510565162951536,R7_F7_m7f6_P7_Y3_UO482,R7_F7_m7f8_P7_Y1_UO183,R6_F6_m6f5_P6_Y1_UO751,FXX,1,0.0,1,1,1.0,0,0,0,-9999.0,0.5,1,P6_CV0,1,2,0,0,2
7,-0.30901699437494734,0.9510565162951536,R7_F7_m7f8_P7_Y3_UO130,R7_F7_m7f8_P7_Y1_UO50,R8_F8_m8f9_P8_Y1_UO804,MXY,1,0.0,1,1,0.0,0,0,0,-9999.0,0.5,1,P6_CV0,1,1,1,1,1
7,-0.30901699437494734,0.9510565162951536,R7_F7_m7f8_P7_Y3_UO605,R7_F7_m7f8_P7_Y1_UO50,R8_F8_m8f9_P8_Y1_UO587,MXY,1,0.0,1,1,0.0,0,0,0,-9999.0,0.375,1,P6_CV0,1,2,0,1,1
7,-0.30901699437494734,0.9510565162951536,R7_F7_m7f8_P7_Y3_UO601,R7_F7_m7f8_P7_Y1_UO50,R8_F8_m8f9_P8_Y1_UO587,FXX,1,0.0,1,1,1.0,0,0,0,-9999.0,0.375,1,P6_CV0,1,2,0,0,2
7,-0.30901699437494734,0.9510565162951536,R7_F7_m7f6_P7_Y2_UO660,R7_F7_m7f6_P7_Y0_UO1137,R6_F6_m6f7_P6_Y0_UO1087,FXX,2,0.0,1,0,1.0,0,0,0,-9999.0,0.25,1,P6_CV0,1,0,2,1,1
7,-0.30901699437494734,0.9510565162951536,R7_F7_m7f6_P7_Y2_UO663,R7_F7_m7f6_P7_Y0_UO1137,R6_F6_m6f7_P6_Y0_UO1087,FXX,2,0.0,1,0,1.0,0,0,0,-9999.0,0.25,1,P6_CV0,1,0,2,2,0
7,-0.30901699437494734,0.9510565162951536,R7_F7_m7f6_P7_Y2_UO1400,R7_F7_m7f6_P7_Y0_UO916,R6_F6_m6f5_P6_Y0_UO1147,MXY,2,0.0,1,0,0.0,0,0,0,-9999.0,0.625,1,P6_CV0,1,2,0,1,1
7,-0.30901699437494734,0.9510565162951536,R7_F7_m7f6_P7_Y1_UO772,R7_F7_m-1f-1_P7_Y-1_U28,R6_F6_m-1f-1_P6_Y-1_U89,MXY,3,0.0,1,0,0.0,0,0,0,-9999.0,0.5,1,P6_CV0,1,0,2,2,0
7,-0.30901699437494734,0.9510565162951536,Age0_F7_m7f8_P7_Y4_UO1009,R7_F7_m7f6_P7_Y2_UO861,R8_F8_m8f7_P8_Y2_UO248,FXX,0,0.0,0,0,0.0,0,0,0,0.0,0.6875,1,P7_CV0,1,0,2,2,0
7,-0.30901699437494734,0.9510565162951536,Age0_F7_m7f8_P7_Y4_UO1011,R7_F7_m7f6_P7_Y2_UO861,R8_F8_m8f7_P8_Y2_UO248,FXX,0,0.0,0,0,0.0,0,0,0,0.0,0.6875,1,P7_CV0,1,0,2,2,0
7,-0.30901699437494734,0.9510565162951536,Age0_F7_m7f8_P7_Y4_UO1249,R7_F7_m7f6_P7_Y2_UO28,R8_F8_m8f7_P8_Y2_UO740,MXY,0,0.0,0,0,0.0,0,0,0,0.0,0.625,1,P7_CV0,1,1,1,1,1
7,-0.30901699437494734,0.9510565162951536,Age0_F7_m7f8_P7_Y4_UO1250,R7_F7_m7f6_P7_Y2_UO28,R8_F8_m8f7_P8_Y2_UO740,FXX,0,0.0,0,0,0.0,0,0,0,0.0,0.625,1,P7_CV0,1,1,1,0,2
7,-0.30901699437494734,0.9510565162951536,Age0_F7_m7f8_P7_Y4_UO1252,R7_F7_m7f6_P7_Y2_UO28,R8_F8_m8f7_P8_Y2_UO740,FXX,0,0.0,0,0,0.0,0,0,0,0.0,0.625,1,P7_CV0,1,1,1,1,1
7,-0.30901699437494734,0.9510565162951536,R7_F7_m7f6_P7_Y3_UO517,R7_F7_m7f8_P7_Y1_UO763,RD6_F5_m5f6_P5_Y1_UO593,MXY,1,0.0,1,1,0.0,0,0,0,-9999.0,0.375,1,P7_CV0,1,1,1,1,1
7,-0.30901699437494734,0.9510565162951536,R7_F7_m7f6_P7_Y3_UO515,R7_F7_m7f8_P7_Y1_UO763,RD6_F5_m5f6_P5_Y1_UO593,FXX,1,0.0,1,1,1.0,0,0,0,-9999.0,0.375,1,P7_CV0,1,1,1,2,0
7,-0.30901699437494734,0.9510565162951536,R7_F7_m7f6_P7_Y3_UO518,R7_F7_m7f8_P7_Y1_UO763,RD6_F5_m5f6_P5_Y1_UO593,FXX,1,0.0,1,1,1.0,0,0,0,-9999.0,0.375,1,P7_CV0,1,1,1,1,1
7,-0.30901699437494734,0.9510565162951536,R7_F7_m8f7_P8_Y3_UO850,R8_F8_m8f9_P8_Y1_UO591,R7_F7_m7f8_P7_Y1_UO186,MXY,1,0.0,1,1,0.0,0,0,0,-9999.0,0.5,1,P7_CV0,1,2,0,1,1
7,-0.30901699437494734,0.9510565162951536,R7_F7_m7f6_P7_Y3_UO520,R7_F7_m7f8_P7_Y1_UO763,RD6_F5_m5f6_P5_Y1_UO593,FXX,1,0.0,1,1,1.0,0,0,0,-9999.0,0.375,1,P7_CV0,1,1,1,1,1
7,-0.30901699437494734,0.9510565162951536,R7_F7_m7f6_P7_Y2_UO777,R7_F7_m7f8_P7_Y0_UO739,R6_F6_m6f5_P6_Y0_UO451,FXX,2,0.0,1,0,1.0,0,0,0,-9999.0,0.75,1,P7_CV0,1,2,0,1,1
7,-0.30901699437494734,0.9510565162951536,R7_F7_m7f8_P7_Y1_UO758,R7_F7_m-1f-1_P7_Y-1_U66,R8_F8_m-1f-1_P8_Y-1_U91,MXY,3,0.0,1,0,0.0,0,0,0,-9999.0,0.5,1,P7_CV0,1,1,1,2,0
7,-0.30901699437494734,0.9510565162951536,R7_F7_m7f8_P7_Y3_UO121,R7_F7_m7f8_P7_Y1_UO50,R8_F8_m8f9_P8_Y1_UO804,FXX,1,0.0,1,1,1.0,0,0,0,-9999.0,0.5,1,P8_CV0,1,0,2,1,1
7,-0.30901699437494734,0.9510565162951536,R7_F7_m7f8_P7_Y3_UO602,R7_F7_m7f8_P7_Y1_UO50,R8_F8_m8f9_P8_Y1_UO587,MXY,1,0.0,1,1,0.0,0,0,0,-9999.0,0.375,1,P8_CV0,1,2,0,0,2
7,-0.30901699437494734,0.9510565162951536,R7_F7_m7f8_P7_Y3_UO153,RD7_F8_m7f6_P7_Y1_UO764,R8_F8_m8f9_P8_Y1_UO587,FXX,1,0.0,1,1,1.0,0,0,0,-9999.0,0.5,1,P8_CV0,1,1,1,1,1
7,-0.30901699437494734,0.9510565162951536,R7_F7_m7f8_P7_Y3_UO603,R7_F7_m7f8_P7_Y1_UO50,R8_F8_m8f9_P8_Y1_UO587,FXX,1,0.0,1,1,1.0,0,0,0,-9999.0,0.375,1,P8_CV0,1,1,1,1,1
8,-0.587785252292473,0.8090169943749475,Age0_F8_m8f9_P8_Y4_UO59,R8_F8_m8f7_P8_Y2_UO336,R9_F9_m10f11_P10_Y2_UO386,FXX,0,0.0,0,0,0.0,0,0,0,0.0,0.6875,1,P10_CV0,1,1,1,0,2
8,-0.587785252292473,0.8090169943749475,Age0_F8_m8f9_P8_Y4_UO60,R8_F8_m8f7_P8_Y2_UO336,R9_F9_m10f11_P10_Y2_UO386,FXX,0,0.0,0,0,0.0,0,0,0,0.0,0.6875,1,P10_CV0,1,1,1,0,2
8,-0.587785252292473,0.8090169943749475,Age0_F8_m8f9_P8_Y4_UO61,R8_F8_m8f7_P8_Y2_UO336,R9_F9_m10f11_P10_Y2_UO386,MXY,0,0.0,0,0,0.0,0,0,0,0.0,0.6875,1,P10_CV0,1,1,1,0,2
8,-0.587785252292473,0.8090169943749475,Age0_F8_m8f9_P8_Y4_UO62,R8_F8_m8f7_P8_Y2_UO336,R9_F9_m10f11_P10_Y2_UO386,FXX,0,0.0,0,0,0.0,0,0,0,0.0,0.6875,1,P10_CV0,1,1,1,0,2
8,-0.587785252292473,0.8090169943749475,Age0_F8_m8f7_P8_Y4_UO701,RD8_F9_m10f11_P10_Y2_UO80,R7_F7_m7f6_P7_Y1_UO772,MXY,0,0.0,0,0,0.0,0,0,0,0.0,0.375,1,P11_CV0,1,0,2,1,1
8,-0.587785252292473,0.8090169943749475,Age0_F8_m8f7_P8_Y4_UO703,RD8_F9_m10f11_P10_Y2_UO80,R7_F7_m7f6_P7_Y1_UO772,FXX,0,0.0,0,0,0.0,0,0,0,0.0,0.375,1,P11_CV0,1,0,2,1,1
8,-0.587785252292473,0.8090169943749475,Age0_F8_m8f7_P8_Y4_UO704,RD8_F9_m10f11_P10_Y2_UO80,R7_F7_m7f6_P7_Y1_UO772,MXY,0,0.0,0,0,0.0,0,0,0,0.0,0.375,1,P11_CV0,1,0,2,1,1
8,-0.587785252292473,0.8090169943749475,Age0_F8_m8f7_P8_Y4_UO705,RD8_F9_m10f11_P10_Y2_UO80,R7_F7_m7f6_P7_Y1_UO772,MXY,0,0.0,0,0,0.0,0,0,0,0.0,0.375,1,P11_CV0,1,0,2,1,1
8,-0.587785252292473,0.8090169943749475,R8_F8_m10f11_P10_Y2_UO80,R10_F10_m11f12_P11_Y0_UO434,R11_F11_m11f10_P11_Y0_UO667,FXX,2,0.0,1,0,1.0,0,0,0,-9999.0,0.25,1,P11_CV0,1,0,2,0,2
8,-0.587785252292473,0.8090169943749475,Age0_F8_m8f7_P8_Y4_UO1205,R8_F8_m8f9_P8_Y2_UO806,R7_F7_m7f6_P7_Y2_UO201,FXX,0,0.0,0,0,0.0,0,0,0,0.0,0.5,1,P4_CV0,1,1,1,0,2
8,-0.587785252292473,0.8090169943749475,Age0_F8_m8f7_P8_Y4_UO1208,R8_F8_m8f9_P8_Y2_UO806,R7_F7_m7f6_P7_Y2_UO201,MXY,0,0.0,0,0,0.0,0,0,0,0.0,0.5,1,P4_CV0,1,1,1,0,2
8,-0.587785252292473,0.8090169943749475,Age0_F8_m8f7_P8_Y4_UO1210,R8_F8_m8f9_P8_Y2_UO806,R7_F7_m7f6_P7_Y2_UO201,MXY,0,0.0,0,0,0.0,0,0,0,0.0,0.5,1,P4_CV0,1,1,1,0,2
8,-0.587785252292473,0.8090169943749475,Age0_F8_m8f7_P8_Y4_UO1283,R8_F8_m8f7_P8_Y2_UO412,R7_F7_m7f6_P7_Y2_UO201,FXX,0,0.0,0,0,0.0,0,0,0,0.0,0.4375,1,P4_CV0,1,0,2,0,2
8,-0.587785252292473,0.8090169943749475,Age0_F8_m8f7_P8_Y4_UO1285,R8_F8_m8f7_P8_Y2_UO412,R7_F7_m7f6_P7_Y2_UO201,FXX,0,0.0,0,0,0.0,0,0,0,0.0,0.4375,1,P4_CV0,1,0,2,0,2
8,-0.587785252292473,0.8090169943749475,Age0_F8_m8f7_P8_Y4_UO1286,R8_F8_m8f7_P8_Y2_UO412,R7_F7_m7f6_P7_Y2_UO201,MXY,0,0.0,0,0,0.0,0,0,0,0.0,0.4375,1,P4_CV0,1,1,1,0,2
8,-0.587785252292473,0.8090169943749475,Age0_F8_m8f7_P8_Y4_UO1290,R8_F8_m8f7_P8_Y2_UO412,R7_F7_m7f6_P7_Y2_UO201,FXX,0,0.0,0,0,0.0,0,0,0,0.0,0.4375,1,P4_CV0,1,0,2,0,2
8,-0.587785252292473,0.8090169943749475,Age0_F8_m8f7_P8_Y4_UO1291,R8_F8_m8f7_P8_Y2_UO412,R7_F7_m7f6_P7_Y2_UO201,MXY,0,0.0,0,0,0.0,0,0,0,0.0,0.4375,1,P4_CV0,1,0,2,0,2
8,-0.587785252292473,0.8090169943749475,Age0_F8_m8f7_P8_Y4_UO1292,R8_F8_m8f7_P8_Y2_UO412,R7_F7_m7f6_P7_Y2_UO201,FXX,0,0.0,0,0,0.0,0,0,0,0.0,0.4375,1,P4_CV0,1,1,1,0,2
8,-0.587785252292473,0.8090169943749475,Age0_F8_m8f7_P8_Y4_UO1293,R8_F8_m8f7_P8_Y2_UO412,R7_F7_m7f6_P7_Y2_UO201,MXY,0,0.0,0,0,0.0,0,0,0,0.0,0.4375,1,P4_CV0,1,1,1,0,2
8,-0.587785252292473,0.8090169943749475,Age0_F8_m8f7_P8_Y4_UO432,R8_F8_m8f7_P8_Y2_UO253,R7_F7_m7f8_P7_Y1_UO758,FXX,0,0.0,0,0,0.0,0,0,0,0.0,0.5625,1,P5_CV0,1,2,0,2,0
8,-0.587785252292473,0.8090169943749475,Age0_F8_m8f7_P8_Y4_UO604,R8_F8_m8f7_P8_Y2_UO254,R7_F7_m7f6_P7_Y2_UO476,FXX,0,0.0,0,0,0.0,0,0,0,0.0,0.5625,1,P5_CV0,1,1,1,1,1
8,-0.587785252292473,0.8090169943749475,Age0_F8_m8f7_P8_Y4_UO606,R8_F8_m8f7_P8_Y2_UO254,R7_F7_m7f6_P7_Y2_UO476,MXY,0,0.0,0,0,0.0,0,0,0,0.0,0.5625,1,P5_CV0,1,1,1,1,1
8,-0.587785252292473,0.8090169943749475,Age0_F8_m8f7_P8_Y4_UO609,R8_F8_m8f7_P8_Y2_UO254,R7_F7_m7f6_P7_Y2_UO476,MXY,0,0.0,0,0,0.0,0,0,0,0.0,0.5625,1,P5_CV0,1,1,1,1,1
8,-0.587785252292473,0.8090169943749475,Age0_F8_m8f7_P8_Y4_UO610,R8_F8_m8f7_P8_Y2_UO254,R7_F7_m7f6_P7_Y2_UO476,MXY,0,0.0,0,0,0.0,0,0,0,0.0,0.5625,1,P5_CV0,1,0,2,1,1
8,-0.587785252292473,0.8090169943749475,Age0_F8_m8f9_P8_Y4_UO1228,R8_F8_m8f7_P8_Y2_UO253,RD9_F10_m10f11_P10_Y2_UO1431,FXX,0,0.0,0,0,0.0,0,0,0,0.0,0.375,1,P5_CV0,1,1,1,1,1
8,-0.587785252292473,0.8090169943749475,Age0_F8_m8f9_P8_Y4_UO1229,R8_F8_m8f7_P8_Y2_UO253,RD9_F10_m10f11_P10_Y2_UO1431,FXX,0,0.0,0,0,0.0,0,0,0,0.0,0.375,1,P5_CV0,1,1,1,1,1
8,-0.587785252292473,0.8090169943749475,Age0_F8_m8f9_P8_Y4_UO1233,R8_F8_m8f7_P8_Y2_UO254,RD9_F10_m10f11_P10_Y2_UO1086,FXX,0,0.0,0,0,0.0,0,0,0,0.0,0.625,1,P5_CV0,1,2,0,1,1
8,-0.587785252292473,0.8090169943749475,Age0_F8_m8f9_P8_Y4_UO1234,R8_F8_m8f7_P8_Y2_UO254,RD9_F10_m10f11_P10_Y2_UO1086,MXY,0,0.0,0,0,0.0,0,0,0,0.0,0.625,1,P5_CV0,1,2,0,2,0
8,-0.587785252292473,0.8090169943749475,Age0_F8_m8f9_P8_Y4_UO1235,R8_F8_m8f7_P8_Y2_UO254,RD9_F10_m10f11_P10_Y2_UO1086,MXY,0,0.0,0,0,0.0,0,0,0,0.0,0.625,1,P5_CV0,1,2,0,1,1
8,-0.587785252292473,0.8090169943749475,Age0_F8_m8f9_P8_Y4_UO1238,R8_F8_m8f7_P8_Y2_UO254,RD9_F10_m10f11_P10_Y2_UO1086,MXY,0,0.0,0,0,0.0,0,0,0,0.0,0.625,1,P5_CV0,1,1,1,2,0
8,-0.587785252292473,0.8090169943749475,Age0_F8_m8f9_P8_Y4_UO1240,R8_F8_m8f7_P8_Y2_UO254,RD9_F10_m10f11_P10_Y2_UO1086,MXY,0,0.0,0,0,0.0,0,0,0,0.0,0.625,1,P5_CV0,1,2,0,1,1
8,-0.587785252292473,0.8090169943749475,Age0_F8_m8f7_P8_Y4_UO1253,R8_F8_m8f7_P8_Y2_UO253,R7_F7_m7f6_P7_Y2_UO1400,FXX,0,0.0,0,0,0.0,0,0,0,0.0,0.625,1,P5_CV0,1,2,0,2,0
8,-0.587785252292473,0.8090169943749475,Age0_F8_m8f7_P8_Y4_UO1254,R8_F8_m8f7_P8_Y2_UO253,R7_F7_m7f6_P7_Y2_UO1400,FXX,0,0.0,0,0,0.0,0,0,0,0.0,0.625,1,P5_CV0,1,2,0,1,1
8,-0.587785252292473,0.8090169943749475,Age0_F8_m8f7_P8_Y4_UO1255,R8_F8_m8f7_P8_Y2_UO253,R7_F7_m7f6_P7_Y2_UO1400,MXY,0,0.0,0,0,0.0,0,0,0,0.0,0.625,1,P5_CV0,1,2,0,1,1
8,-0.587785252292473,0.8090169943749475,Age0_F8_m8f7_P8_Y4_UO1256,R8_F8_m8f7_P8_Y2_UO253,R7_F7_m7f6_P7_Y2_UO1400,MXY,0,0.0,0,0,0.0,0,0,0,0.0,0.625,1,P5_CV0,1,2,0,1,1
8,-0.587785252292473,0.8090169943749475,Age0_F8_m8f7_P8_Y4_UO1258,R8_F8_m8f7_P8_Y2_UO253,R7_F7_m7f6_P7_Y2_UO1400,MXY,0,0.0,0,0,0.0,0,0,0,0.0,0.625,1,P5_CV0,1,2,0,1,1
8,-0.587785252292473,0.8090169943749475,Age0_F8_m8f7_P8_Y4_UO1260,R8_F8_m8f7_P8_Y2_UO253,R7_F7_m7f6_P7_Y2_UO1400,MXY,0,0.0,0,0,0.0,0,0,0,0.0,0.625,1,P5_CV0,1,2,0,2,0
8,-0.587785252292473,0.8090169943749475,R8_F8_m8f9_P8_Y3_UO386,R8_F8_m7f6_P7_Y1_UO458,RD9_F8_m8f7_P8_Y1_UO306,MXY,1,0.0,1,1,0.0,0,0,0,-9999.0,0.375,1,P5_CV0,1,0,2,0,2
8,-0.587785252292473,0.8090169943749475,R8_F8_m8f9_P8_Y3_UO218,R8_F8_m7f6_P7_Y1_UO457,RD9_F8_m8f7_P8_Y1_UO306,MXY,1,0.0,1,1,0.0,0,0,0,-9999.0,0.375,1,P5_CV0,1,0,2,1,1
8,-0.587785252292473,0.8090169943749475,R8_F8_m8f7_P8_Y3_UO625,R8_F8_m7f6_P7_Y1_UO458,R7_F7_m6f5_P6_Y0_UO878,FXX,1,0.0,1,1,1.0,0,0,0,-9999.0,0.5,1,P5_CV0,1,1,1,0,2
8,-0.587785252292473,0.8090169943749475,R8_F8_m8f7_P8_Y3_UO626,R8_F8_m7f6_P7_Y1_UO458,R7_F7_m6f5_P6_Y0_UO878,MXY,1,0.0,1,1,0.0,0,0,0,-9999.0,0.5,1,P5_CV0,1,0,2,1,1
8,-0.587785252292473,0.8090169943749475,R8_F8_m8f7_P8_Y3_UO966,R8_F8_m8f7_P8_Y1_UO641,RD7_F6_m6f7_P6_Y0_UO908,FXX,1,0.0,1,1,1.0,0,0,0,-9999.0,0.375,1,P5_CV0,1,2,0,2,0
8,-0.587785252292473,0.8090169943749475,R8_F8_m8f7_P8_Y3_UO628,R8_F8_m7f6_P7_Y1_UO458,R7_F7_m6f5_P6_Y0_UO878,FXX,1,0.0,1,1,1.0,0,0,0,-9999.0,0.5,1,P5_CV0,1,1,1,1,1
8,-0.587785252292473,0.8090169943749475,R8_F8_m8f7_P8_Y3_UO629,R8_F8_m7f6_P7_Y1_UO458,R7_F7_m6f5_P6_Y0_UO878,MXY,1,0.0,1,1,0.0,0,0,0,-9999.0,0.5,1,P5_CV0,1,1,1,1,1
8,-0.587785252292473,0.8090169943749475,R8_F8_m8f7_P8_Y3_UO962,R8_F8_m8f7_P8_Y1_UO641,RD7_F6_m6f7_P6_Y0_UO908,FXX,1,0.0,1,1,1.0,0,0,0,-9999.0,0.375,1,P5_CV0,1,2,0,2,0
8,-0.587785252292473,0.8090169943749475,R8_F8_m8f7_P8_Y3_UO963,R8_F8_m8f7_P8_Y1_UO641,RD7_F6_m6f7_P6_Y0_UO908,FXX,1,0.0,1,1,1.0,0,0,0,-9999.0,0.375,1,P5_CV0,1,1,1,2,0
8,-0.587785252292473,0.8090169943749475,R8_F8_m8f7_P8_Y2_UO246,RD8_F9_m9f8_P9_Y0_UO33,RD7_F6_m6f5_P6_Y0_UO878,MXY,2,0.0,1,0,0.0,0,0,0,-9999.0,0.625,1,P5_CV0,1,0,2,2,0
8,-0.587785252292473,0.8090169943749475,R8_F8_m8f7_P8_Y2_UO1173,R8_F8_m8f7_P8_Y0_UO517,RD7_F6_m6f5_P6_Y0_UO878,MXY,2,0.0,1,0,0.0,0,0,0,-9999.0,0.625,1,P5_CV0,1,1,1,0,2
8,-0.587785252292473,0.8090169943749475,R8_F8_m8f7_P8_Y2_UO254,RD8_F9_m9f8_P9_Y0_UO33,RD7_F6_m6f5_P6_Y0_UO878,FXX,2,0.0,1,0,1.0,0,0,0,-9999.0,0.625,1,P5_CV0,1,1,1,2,0
8,-0.587785252292473,0.8090169943749475,Age0_F8_m8f7_P8_Y4_UO605,R8_F8_m8f7_P8_Y2_UO254,R7_F7_m7f6_P7_Y2_UO476,FXX,0,0.0,0,0,0.0,0,0,0,0.0,0.5625,1,P6_CV0,1,1,1,1,1
8,-0.587785252292473,0.8090169943749475,Age0_F8_m8f7_P8_Y4_UO607,R8_F8_m8f7_P8_Y2_UO254,R7_F7_m7f6_P7_Y2_UO476,MXY,0,0.0,0,0,0.0,0,0,0,0.0,0.5625,1,P6_CV0,1,0,2,1,1
8,-0.587785252292473,0.8090169943749475,Age0_F8_m8f7_P8_Y4_UO608,R8_F8_m8f7_P8_Y2_UO254,R7_F7_m7f6_P7_Y2_UO476,FXX,0,0.0,0,0,0.0,0,0,0,0.0,0.5625,1,P6_CV0,1,1,1,1,1
8,-0.587785252292473,0.8090169943749475,Age0_F8_m8f7_P8_Y4_UO702,RD8_F9_m10f11_P10_Y2_UO80,R7_F7_m7f6_P7_Y1_UO772,MXY,0,0.0,0,0,0.0,0,0,0,0.0,0.375,1,P6_CV0,1,0,2,1,1
8,-0.587785252292473,0.8090169943749475,Age0_F8_m8f7_P8_Y4_UO706,RD8_F9_m10f11_P10_Y2_UO80,R7_F7_m7f6_P7_Y1_UO772,FXX,0,0.0,0,0,0.0,0,0,0,0.0,0.375,1,P6_CV0,1,0,2,1,1
8,-0.587785252292473,0.8090169943749475,Age0_F8_m8f7_P8_Y4_UO1257,R8_F8_m8f7_P8_Y2_UO253,R7_F7_m7f6_P7_Y2_UO1400,MXY,0,0.0,0,0,0.0,0,0,0,0.0,0.625,1,P6_CV0,1,2,0,2,0
8,-0.587785252292473,0.8090169943749475,Age0_F8_m8f7_P8_Y4_UO1259,R8_F8_m8f7_P8_Y2_UO253,R7_F7_m7f6_P7_Y2_UO1400,FXX,0,0.0,0,0,0.0,0,0,0,0.0,0.625,1,P6_CV0,1,2,0,1,1
8,-0.587785252292473,0.8090169943749475,R8_F8_m8f9_P8_Y3_UO663,R8_F8_m8f7_P8_Y1_UO303,RD9_F8_m8f9_P8_Y0_UO560,MXY,1,0.0,1,1,0.0,0,0,0,-9999.0,0.625,1,P6_CV0,1,2,0,0,2
8,-0.587785252292473,0.8090169943749475,R8_F8_m7f6_P7_Y3_UO110,R7_F7_m7f8_P7_Y1_UO183,R6_F6_m6f5_P6_Y1_UO743,FXX,1,0.0,1,1,1.0,0,0,0,-9999.0,0.5,1,P6_CV0,1,2,0,0,2
8,-0.587785252292473,0.8090169943749475,R8_F8_m8f9_P8_Y3_UO660,R8_F8_m8f7_P8_Y1_UO303,RD9_F8_m8f9_P8_Y0_UO560,MXY,1,0.0,1,1,0.0,0,0,0,-9999.0,0.625,1,P6_CV0,1,2,0,0,2
8,-0.587785252292473,0.8090169943749475,Age0_F8_m8f9_P8_Y4_UO58,R8_F8_m8f7_P8_Y2_UO336,R9_F9_m10f11_P10_Y2_UO386,FXX,0,0.0,0,0,0.0,0,0,0,0.0,0.6875,1,P7_CV0,1,1,1,0,2
8,-0.587785252292473,0.8090169943749475,Age0_F8_m8f9_P8_Y4_UO63,R8_F8_m8f7_P8_Y2_UO336,R9_F9_m10f11_P10_Y2_UO386,FXX,0,0.0,0,0,0.0,0,0,0,0.0,0.6875,1,P7_CV0,1,1,1,0,2
8,-0.587785252292473,0.8090169943749475,Age0_F8_m8f7_P8_Y4_UO433,R8_F8_m8f7_P8_Y2_UO253,R7_F7_m7f8_P7_Y1_UO758,MXY,0,0.0,0,0,0.0,0,0,0,0.0,0.5625,1,P7_CV0,1,1,1,2,0
8,-0.587785252292473,0.8090169943749475,Age0_F8_m8f7_P8_Y4_UO434,R8_F8_m8f7_P8_Y2_UO253,R7_F7_m7f8_P7_Y1_UO758,MXY,0,0.0,0,0,0.0,0,0,0,0.0,0.5625,1,P7_CV0,1,2,0,2,0
8,-0.587785252292473,0.8090169943749475,Age0_F8_m8f7_P8_Y4_UO435,R8_F8_m8f7_P8_Y2_UO253,R7_F7_m7f8_P7_Y1_UO758,MXY,0,0.0,0,0,0.0,0,0,0,0.0,0.5625,1,P7_CV0,1,1,1,2,0
8,-0.587785252292473,0.8090169943749475,Age0_F8_m8f7_P8_Y4_UO436,R8_F8_m8f7_P8_Y2_UO253,R7_F7_m7f8_P7_Y1_UO758,FXX,0,0.0,0,0,0.0,0,0,0,0.0,0.5625,1,P7_CV0,1,1,1,2,0
8,-0.587785252292473,0.8090169943749475,R8_F8_m8f7_P8_Y3_UO238,R8_F8_m8f9_P8_Y1_UO362,R7_F7_m7f8_P7_Y1_UO46,FXX,1,0.0,1,1,1.0,0,0,0,-9999.0,0.375,1,P7_CV0,1,2,0,2,0
8,-0.587785252292473,0.8090169943749475,R8_F8_m8f9_P8_Y3_UO1009,R8_F8_m8f7_P8_Y1_UO1103,R9_F9_m9f8_P9_Y1_UO723,FXX,1,0.0,1,1,1.0,0,0,0,-9999.0,0.5,1,P7_CV0,1,2,0,0,2
8,-0.587785252292473,0.8090169943749475,R8_F8_m8f9_P8_Y3_UO214,R8_F8_m7f6_P7_Y1_UO457,RD9_F8_m8f7_P8_Y1_UO306,FXX,1,0.0,1,1,1.0,0,0,0,-9999.0,0.375,1,P7_CV0,1,0,2,0,2
8,-0.587785252292473,0.8090169943749475,R8_F8_m8f9_P8_Y3_UO212,R8_F8_m7f6_P7_Y1_UO457,RD9_F8_m8f7_P8_Y1_UO306,MXY,1,0.0,1,1,0.0,0,0,0,-9999.0,0.375,1,P7_CV0,1,0,2,0,2
8,-0.587785252292473,0.8090169943749475,R8_F8_m8f7_P8_Y3_UO852,R8_F8_m8f9_P8_Y1_UO591,R7_F7_m7f8_P7_Y1_UO186,MXY,1,0.0,1,1,0.0,0,0,0,-9999.0,0.5,1,P7_CV0,1,2,0,1,1
8,-0.587785252292473,0.8090169943749475,R8_F8_m8f9_P8_Y3_UO216,R8_F8_m7f6_P7_Y1_UO457,RD9_F8_m8f7_P8_Y1_UO306,FXX,1,0.0,1,1,1.0,0,0,0,-9999.0,0.375,1,P7_CV0,1,1,1,1,1
8,-0.587785252292473,0.8090169943749475,R8_F8_m8f7_P8_Y3_UO851,R8_F8_m8f9_P8_Y1_UO591,R7_F7_m7f8_P7_Y1_UO186,MXY,1,0.0,1,1,0.0,0,0,0,-9999.0,0.5,1,P7_CV0,1,1,1,1,1
8,-0.587785252292473,0.8090169943749475,R8_F8_m9f8_P9_Y3_UO673,R9_F9_m9f8_P9_Y1_UO726,R8_F8_m8f9_P8_Y1_UO807,MXY,1,0.0,1,1,0.0,0,0,0,-9999.0,0.625,1,P7_CV0,1,1,1,2,0
8,-0.587785252292473,0.8090169943749475,R8_F8_m8f7_P8_Y3_UO708,R8_F8_m8f9_P8_Y1_UO407,R7_F7_m7f8_P7_Y1_UO186,FXX,1,0.0,1,1,1.0,0,0,0,-9999.0,0.75,1,P7_CV0,1,2,0,2,0
8,-0.587785252292473,0.8090169943749475,R8_F8_m8f7_P8_Y2_UO739,RD8_F9_m9f8_P9_Y0_UO33,R7_F7_m7f6_P7_Y0_UO1074,FXX,2,0.0,1,0,1.0,0,0,0,-9999.0,0.625,1,P7_CV0,1,1,1,2,0
8,-0.587785252292473,0.8090169943749475,R8_F8_m8f7_P8_Y2_UO249,RD8_F9_m9f8_P9_Y0_UO33,RD7_F6_m6f5_P6_Y0_UO878,MXY,2,0.0,1,0,0.0,0,0,0,-9999.0,0.625,1,P7_CV0,1,2,0,1,1
8,-0.587785252292473,0.8090169943749475,R8_F8_m9f10_P9_Y2_UO74,R9_F9_m9f8_P9_Y0_UO460,R10_F10_m10f11_P10_Y0_UO1357,MXY,2,0.0,1,0,0.0,0,0,0,-9999.0,0.625,1,P7_CV0,1,2,0,2,0
8,-0.587785252292473,0.8090169943749475,R8_F8_m8f7_P8_Y2_UO334,R8_F8_m8f7_P8_Y0_UO517,R7_F7_m7f8_P7_Y0_UO641,FXX,2,0.0,1,0,1.0,0,0,0,-9999.0,0.75,1,P7_CV0,1,1,1,1,1
8,-0.587785252292473,0.8090169943749475,R8_F8_m8f7_P8_Y2_UO740,RD8_F9_m9f8_P9_Y0_UO33,R7_F7_m7f6_P7_Y0_UO1074,MXY,2,0.0,1,0,0.0,0,0,0,-9999.0,0.625,1,P7_CV0,1,1,1,1,1
8,-0.587785252292473,0.8090169943749475,R8_F8_m8f7_P8_Y2_UO738,RD8_F9_m9f8_P9_Y0_UO33,R7_F7_m7f6_P7_Y0_UO1074,FXX,2,0.0,1,0,1.0,0,0,0,-9999.0,0.625,1,P7_CV0,1,0,2,2,0
8,-0.587785252292473,0.8090169943749475,R8_F8_m8f7_P8_Y1_UO1103,R8_F8_m-1f-1_P8_Y-1_U76,R7_F7_m-1f-1_P7_Y-1_U78,FXX,3,0.0,1,0,1.0,0,0,0,-9999.0,0.5,1,P7_CV0,1,1,1,1,1
8,-0.587785252292473,0.8090169943749475,R8_F8_m8f9_P8_Y0_UO1006,R8_F8_m-1f-1_P8_Y-1_U64,R9_F9_m-1f-1_P9_Y-1_U42,FXX,4,0.0,1,0,1.0,0,0,0,-9999.0,0.25,1,P7_CV0,1,0,2,0,2
8,-0.587785252292473,0.8090169943749475,Age0_F8_m8f7_P8_Y4_UO1206,R8_F8_m8f9_P8_Y2_UO806,R7_F7_m7f6_P7_Y2_UO201,FXX,0,0.0,0,0,0.0,0,0,0,0.0,0.5,1,P8_CV0,1,1,1,0,2
8,-0.587785252292473,0.8090169943749475,Age0_F8_m8f7_P8_Y4_UO1207,R8_F8_m8f9_P8_Y2_UO806,R7_F7_m7f6_P7_Y2_UO201,MXY,0,0.0,0,0,0.0,0,0,0,0.0,0.5,1,P8_CV0,1,1,1,0,2
8,-0.587785252292473,0.8090169943749475,Age0_F8_m8f7_P8_Y4_UO1209,R8_F8_m8f9_P8_Y2_UO806,R7_F7_m7f6_P7_Y2_UO201,MXY,0,0.0,0,0,0.0,0,0,0,0.0,0.5,1,P8_CV0,1,1,1,0,2
8,-0.587785252292473,0.8090169943749475,Age0_F8_m8f7_P8_Y4_UO1211,R8_F8_m8f9_P8_Y2_UO806,R7_F7_m7f6_P7_Y2_UO201,MXY,0,0.0,0,0,0.0,0,0,0,0.0,0.5,1,P8_CV0,1,1,1,0,2
8,-0.587785252292473,0.8090169943749475,Age0_F8_m8f7_P8_Y4_UO1212,R8_F8_m8f9_P8_Y2_UO806,R7_F7_m7f6_P7_Y2_UO201,MXY,0,0.0,0,0,0.0,0,0,0,0.0,0.5,1,P8_CV0,1,1,1,0,2
8,-0.587785252292473,0.8090169943749475,Age0_F8_m8f7_P8_Y4_UO1213,R8_F8_m8f9_P8_Y2_UO806,R7_F7_m7f6_P7_Y2_UO201,FXX,0,0.0,0,0,0.0,0,0,0,0.0,0.5,1,P8_CV0,1,1,1,0,2
8,-0.587785252292473,0.8090169943749475,Age0_F8_m8f9_P8_Y4_UO1232,R8_F8_m8f7_P8_Y2_UO254,RD9_F10_m10f11_P10_Y2_UO1086,MXY,0,0.0,0,0,0.0,0,0,0,0.0,0.625,1,P8_CV0,1,2,0,1,1
8,-0.587785252292473,0.8090169943749475,Age0_F8_m8f9_P8_Y4_UO1236,R8_F8_m8f7_P8_Y2_UO254,RD9_F10_m10f11_P10_Y2_UO1086,MXY,0,0.0,0,0,0.0,0,0,0,0.0,0.625,1,P8_CV0,1,2,0,2,0
8,-0.587785252292473,0.8090169943749475,Age0_F8_m8f9_P8_Y4_UO1237,R8_F8_m8f7_P8_Y2_UO254,RD9_F10_m10f11_P10_Y2_UO1086,FXX,0,0.0,0,0,0.0,0,0,0,0.0,0.625,1,P8_CV0,1,2,0,2,0
8,-0.587785252292473,0.8090169943749475,Age0_F8_m8f9_P8_Y4_UO1239,R8_F8_m8f7_P8_Y2_UO254,RD9_F10_m10f11_P10_Y2_UO1086,FXX,0,0.0,0,0,0.0,0,0,0,0.0,0.625,1,P8_CV0,1,2,0,2,0
8,-0.587785252292473,0.8090169943749475,Age0_F8_m8f7_P8_Y4_UO1284,R8_F8_m8f7_P8_Y2_UO412,R7_F7_m7f6_P7_Y2_UO201,FXX,0,0.0,0,0,0.0,0,0,0,0.0,0.4375,1,P8_CV0,1,0,2,0,2
8,-0.587785252292473,0.8090169943749475,Age0_F8_m8f7_P8_Y4_UO1287,R8_F8_m8f7_P8_Y2_UO412,R7_F7_m7f6_P7_Y2_UO201,FXX,0,0.0,0,0,0.0,0,0,0,0.0,0.4375,1,P8_CV0,1,1,1,0,2
8,-0.587785252292473,0.8090169943749475,Age0_F8_m8f7_P8_Y4_UO1288,R8_F8_m8f7_P8_Y2_UO412,R7_F7_m7f6_P7_Y2_UO201,FXX,0,0.0,0,0,0.0,0,0,0,0.0,0.4375,1,P8_CV0,1,1,1,0,2
8,-0.587785252292473,0.8090169943749475,Age0_F8_m8f7_P8_Y4_UO1289,R8_F8_m8f7_P8_Y2_UO412,R7_F7_m7f6_P7_Y2_UO201,MXY,0,0.0,0,0,0.0,0,0,0,0.0,0.4375,1,P8_CV0,1,0,2,0,2
8,-0.587785252292473,0.8090169943749475,R8_F8_m9f10_P9_Y3_UO843,R9_F9_m9f10_P9_Y1_UO5,R10_F10_m10f11_P10_Y1_UO499,FXX,1,0.0,1,1,1.0,0,0,0,-9999.0,0.125,1,P8_CV0,1,0,2,0,2
8,-0.587785252292473,0.8090169943749475,Age0_F8_m8f9_P8_Y4_UO1227,R8_F8_m8f7_P8_Y2_UO253,RD9_F10_m10f11_P10_Y2_UO1431,MXY,0,0.0,0,0,0.0,0,0,0,0.0,0.375,1,P9_CV0,1,1,1,2,0
8,-0.587785252292473,0.8090169943749475,Age0_F8_m8f9_P8_Y4_UO1230,R8_F8_m8f7_P8_Y2_UO253,RD9_F10_m10f11_P10_Y2_UO1431,FXX,0,0.0,0,0,0.0,0,0,0,0.0,0.375,1,P9_CV0,1,1,1,1,1
8,-0.587785252292473,0.8090169943749475,Age0_F8_m8f9_P8_Y4_UO1231,R8_F8_m8f7_P8_Y2_UO253,RD9_F10_m10f11_P10_Y2_UO1431,MXY,0,0.0,0,0,0.0,0,0,0,0.0,0.375,1,P9_CV0,1,1,1,2,0
9,-0.8090169943749473,0.5877852522924732,Age0_F9_m9f10_P9_Y4_UO1083,R9_F9_m9f10_P9_Y2_UO1333,R10_F10_m9f8_P9_Y2_UO83,MXY,0,0.0,0,0,0.0,0,0,0,0.0,0.5625,1,P10_CV0,1,0,2,1,1
9,-0.8090169943749473,0.5877852522924732,Age0_F9_m9f10_P9_Y4_UO1084,R9_F9_m9f10_P9_Y2_UO1333,R10_F10_m9f8_P9_Y2_UO83,MXY,0,0.0,0,0,0.0,0,0,0,0.0,0.5625,1,P10_CV0,1,0,2,1,1
9,-0.8090169943749473,0.5877852522924732,Age0_F9_m9f10_P9_Y4_UO1085,R9_F9_m9f10_P9_Y2_UO1333,R10_F10_m9f8_P9_Y2_UO83,MXY,0,0.0,0,0,0.0,0,0,0,0.0,0.5625,1,P10_CV0,1,0,2,1,1
9,-0.8090169943749473,0.5877852522924732,R9_F9_m9f10_P9_Y3_UO589,R9_F9_m9f8_P9_Y1_UO728,R10_F10_m10f11_P10_Y1_UO497,MXY,1,0.0,1,1,0.0,0,0,0,-9999.0,0.375,1,P10_CV0,1,2,0,2,0
9,-0.8090169943749473,0.5877852522924732,Age0_F9_m9f8_P9_Y4_UO192,R9_F9_m8f7_P8_Y2_UO411,R8_F8_m8f7_P8_Y2_UO1173,MXY,0,0.0,0,0,0.0,0,0,0,0.0,0.5625,1,P5_CV0,1,2,0,0,2
9,-0.8090169943749473,0.5877852522924732,Age0_F9_m9f8_P9_Y4_UO614,R9_F9_m10f9_P10_Y2_UO1090,R8_F8_m8f7_P8_Y2_UO1171,MXY,0,0.0,0,0,0.0,0,0,0,0.0,0.625,1,P5_CV0,1,1,1,1,1
9,-0.8090169943749473,0.5877852522924732,Age0_F9_m9f8_P9_Y4_UO615,R9_F9_m10f9_P10_Y2_UO1090,R8_F8_m8f7_P8_Y2_UO1171,MXY,0,0.0,0,0,0.0,0,0,0,0.0,0.625,1,P5_CV0,1,1,1,1,1
9,-0.8090169943749473,0.5877852522924732,Age0_F9_m9f8_P9_Y4_UO772,R9_F9_m9f10_P9_Y2_UO750,R8_F8_m8f7_P8_Y2_UO1178,MXY,0,0.0,0,0,0.0,0,0,0,0.0,0.625,1,P5_CV0,1,0,2,0,2
9,-0.8090169943749473,0.5877852522924732,Age0_F9_m9f8_P9_Y4_UO773,R9_F9_m9f10_P9_Y2_UO750,R8_F8_m8f7_P8_Y2_UO1178,MXY,0,0.0,0,0,0.0,0,0,0,0.0,0.625,1,P5_CV0,1,1,1,1,1
9,-0.8090169943749473,0.5877852522924732,Age0_F9_m9f8_P9_Y4_UO1277,R9_F9_m9f10_P9_Y2_UO1027,R8_F8_m8f7_P8_Y2_UO1173,MXY,0,0.0,0,0,0.0,0,0,0,0.0,0.5625,1,P5_CV0,1,0,2,0,2
9,-0.8090169943749473,0.5877852522924732,R9_F9_m9f10_P9_Y3_UO498,RD9_F8_m8f7_P8_Y1_UO1100,R10_F10_m10f11_P10_Y1_UO499,MXY,1,0.0,1,1,0.0,0,0,0,-9999.0,0.375,1,P6_CV0,1,0,2,0,2
9,-0.8090169943749473,0.5877852522924732,R9_F9_m9f10_P9_Y3_UO503,RD9_F8_m8f7_P8_Y1_UO1100,R10_F10_m10f11_P10_Y1_UO499,MXY,1,0.0,1,1,0.0,0,0,0,-9999.0,0.375,1,P6_CV0,1,1,1,1,1
9,-0.8090169943749473,0.5877852522924732,R9_F9_m9f8_P9_Y2_UO564,R9_F9_m9f8_P9_Y0_UO478,R8_F8_m8f7_P8_Y0_UO1049,MXY,2,0.0,1,0,0.0,0,0,0,-9999.0,0.5,1,P6_CV0,1,1,1,1,1
9,-0.8090169943749473,0.5877852522924732,Age0_F9_m9f8_P9_Y4_UO77,R9_F9_m9f10_P9_Y2_UO749,R8_F8_m8f7_P8_Y2_UO740,MXY,0,0.0,0,0,0.0,0,0,0,0.0,0.625,1,P7_CV0,1,1,1,2,0
9,-0.8090169943749473,0.5877852522924732,Age0_F9_m9f8_P9_Y4_UO191,R9_F9_m8f7_P8_Y2_UO411,R8_F8_m8f7_P8_Y2_UO1173,FXX,0,0.0,0,0,0.0,0,0,0,0.0,0.5625,1,P7_CV0,1,1,1,0,2
9,-0.8090169943749473,0.5877852522924732,Age0_F9_m9f8_P9_Y4_UO193,R9_F9_m8f7_P8_Y2_UO411,R8_F8_m8f7_P8_Y2_UO1173,MXY,0,0.0,0,0,0.0,0,0,0,0.0,0.5625,1,P7_CV0,1,1,1,0,2
9,-0.8090169943749473,0.5877852522924732,Age0_F9_m9f8_P9_Y4_UO241,R9_F9_m10f9_P10_Y2_UO1090,R8_F8_m8f7_P8_Y2_UO740,MXY,0,0.0,0,0,0.0,0,0,0,0.0,0.625,1,P7_CV0,1,2,0,2,0
9,-0.8090169943749473,0.5877852522924732,Age0_F9_m9f8_P9_Y4_UO407,R9_F9_m9f8_P9_Y2_UO1019,R8_F8_m8f7_P8_Y2_UO1465,MXY,0,0.0,0,0,0.0,0,0,0,0.0,0.625,1,P7_CV0,1,2,0,2,0
9,-0.8090169943749473,0.5877852522924732,Age0_F9_m9f8_P9_Y4_UO411,R9_F9_m9f8_P9_Y2_UO1019,R8_F8_m8f7_P8_Y2_UO1465,FXX,0,0.0,0,0,0.0,0,0,0,0.0,0.625,1,P7_CV0,1,2,0,2,0
9,-0.8090169943749473,0.5877852522924732,Age0_F9_m9f8_P9_Y4_UO444,R9_F9_m9f10_P9_Y2_UO1442,R8_F8_m8f7_P8_Y2_UO249,FXX,0,0.0,0,0,0.0,0,0,0,0.0,0.5625,1,P7_CV0,1,2,0,0,2
9,-0.8090169943749473,0.5877852522924732,Age0_F9_m9f8_P9_Y4_UO445,R9_F9_m9f10_P9_Y2_UO1442,R8_F8_m8f7_P8_Y2_UO249,FXX,0,0.0,0,0,0.0,0,0,0,0.0,0.5625,1,P7_CV0,1,2,0,1,1
9,-0.8090169943749473,0.5877852522924732,Age0_F9_m9f8_P9_Y4_UO446,R9_F9_m9f10_P9_Y2_UO1442,R8_F8_m8f7_P8_Y2_UO249,MXY,0,0.0,0,0,0.0,0,0,0,0.0,0.5625,1,P7_CV0,1,2,0,1,1
9,-0.8090169943749473,0.5877852522924732,Age0_F9_m9f8_P9_Y4_UO447,R9_F9_m9f10_P9_Y2_UO1442,R8_F8_m8f7_P8_Y2_UO249,FXX,0,0.0,0,0,0.0,0,0,0,0.0,0.5625,1,P7_CV0,1,2,0,0,2
9,-0.8090169943749473,0.5877852522924732,Age0_F9_m9f8_P9_Y4_UO455,R9_F9_m9f8_P9_Y2_UO359,R8_F8_m8f9_P8_Y1_UO1081,FXX,0,0.0,0,0,0.0,0,0,0,0.0,0.4375,1,P7_CV0,1,0,2,1,1
9,-0.8090169943749473,0.5877852522924732,Age0_F9_m9f8_P9_Y4_UO884,R9_F9_m9f10_P9_Y2_UO750,R8_F8_m8f7_P8_Y2_UO1465,MXY,0,0.0,0,0,0.0,0,0,0,0.0,0.625,1,P7_CV0,1,1,1,1,1
9,-0.8090169943749473,0.5877852522924732,Age0_F9_m9f8_P9_Y4_UO885,R9_F9_m9f10_P9_Y2_UO750,R8_F8_m8f7_P8_Y2_UO1465,FXX,0,0.0,0,0,0.0,0,0,0,0.0,0.625,1,P7_CV0,1,1,1,2,0
9,-0.8090169943749473,0.5877852522924732,Age0_F9_m9f8_P9_Y4_UO886,R9_F9_m9f10_P9_Y2_UO750,R8_F8_m8f7_P8_Y2_UO1465,MXY,0,0.0,0,0,0.0,0,0,0,0.0,0.625,1,P7_CV0,1,1,1,1,1
9,-0.8090169943749473,0.5877852522924732,Age0_F9_m9f8_P9_Y4_UO887,R9_F9_m9f10_P9_Y2_UO750,R8_F8_m8f7_P8_Y2_UO1465,FXX,0,0.0,0,0,0.0,0,0,0,0.0,0.625,1,P7_CV0,1,1,1,1,1
9,-0.8090169943749473,0.5877852522924732,Age0_F9_m9f10_P9_Y4_UO1265,R9_F9_m9f10_P9_Y2_UO1027,R10_F10_m10f11_P10_Y2_UO170,FXX,0,0.0,0,0,0.0,0,0,0,0.0,0.4375,1,P7_CV0,1,0,2,1,1
9,-0.8090169943749473,0.5877852522924732,Age0_F9_m9f10_P9_Y4_UO1266,R9_F9_m9f10_P9_Y2_UO1027,R10_F10_m10f11_P10_Y2_UO170,MXY,0,0.0,0,0,0.0,0,0,0,0.0,0.4375,1,P7_CV0,1,0,2,1,1
9,-0.8090169943749473,0.5877852522924732,Age0_F9_m9f10_P9_Y4_UO1268,R9_F9_m9f10_P9_Y2_UO1027,R10_F10_m10f11_P10_Y2_UO170,MXY,0,0.0,0,0,0.0,0,0,0,0.0,0.4375,1,P7_CV0,1,0,2,0,2
9,-0.8090169943749473,0.5877852522924732,Age0_F9_m9f8_P9_Y4_UO1274,R9_F9_m9f10_P9_Y2_UO1027,R8_F8_m8f7_P8_Y2_UO1173,FXX,0,0.0,0,0,0.0,0,0,0,0.0,0.5625,1,P7_CV0,1,0,2,0,2
9,-0.8090169943749473,0.5877852522924732,Age0_F9_m9f8_P9_Y4_UO1275,R9_F9_m9f10_P9_Y2_UO1027,R8_F8_m8f7_P8_Y2_UO1173,FXX,0,0.0,0,0,0.0,0,0,0,0.0,0.5625,1,P7_CV0,1,1,1,0,2
9,-0.8090169943749473,0.5877852522924732,Age0_F9_m9f8_P9_Y4_UO1276,R9_F9_m9f10_P9_Y2_UO1027,R8_F8_m8f7_P8_Y2_UO1173,MXY,0,0.0,0,0,0.0,0,0,0,0.0,0.5625,1,P7_CV0,1,0,2,0,2
9,-0.8090169943749473,0.5877852522924732,Age0_F9_m9f8_P9_Y4_UO1278,R9_F9_m9f10_P9_Y2_UO1027,R8_F8_m8f7_P8_Y2_UO1173,FXX,0,0.0,0,0,0.0,0,0,0,0.0,0.5625,1,P7_CV0,1,1,1,0,2
9,-0.8090169943749473,0.5877852522924732,Age0_F9_m9f8_P9_Y4_UO1279,R9_F9_m8f7_P8_Y2_UO411,R8_F8_m8f7_P8_Y2_UO249,FXX,0,0.0,0,0,0.0,0,0,0,0.0,0.5625,1,P7_CV0,1,2,0,1,1
9,-0.8090169943749473,0.5877852522924732,Age0_F9_m9f8_P9_Y4_UO1280,R9_F9_m8f7_P8_Y2_UO411,R8_F8_m8f7_P8_Y2_UO249,MXY,0,0.0,0,0,0.0,0,0,0,0.0,0.5625,1,P7_CV0,1,2,0,0,2
9,-0.8090169943749473,0.5877852522924732,Age0_F9_m9f8_P9_Y4_UO1281,R9_F9_m8f7_P8_Y2_UO411,R8_F8_m8f7_P8_Y2_UO249,FXX,0,0.0,0,0,0.0,0,0,0,0.0,0.5625,1,P7_CV0,1,2,0,0,2
9,-0.8090169943749473,0.5877852522924732,Age0_F9_m9f8_P9_Y4_UO1282,R9_F9_m8f7_P8_Y2_UO411,R8_F8_m8f7_P8_Y2_UO249,MXY,0,0.0,0,0,0.0,0,0,0,0.0,0.5625,1,P7_CV0,1,2,0,1,1
9,-0.8090169943749473,0.5877852522924732,R9_F9_m9f10_P9_Y3_UO587,R9_F9_m9f8_P9_Y1_UO728,R10_F10_m10f11_P10_Y1_UO497,MXY,1,0.0,1,1,0.0,0,0,0,-9999.0,0.375,1,P7_CV0,1,2,0,2,0
9,-0.8090169943749473,0.5877852522924732,R9_F9_m9f8_P9_Y3_UO671,R9_F9_m9f8_P9_Y1_UO726,R8_F8_m8f9_P8_Y1_UO807,FXX,1,0.0,1,1,1.0,0,0,0,-9999.0,0.625,1,P7_CV0,1,2,0,2,0
9,-0.8090169943749473,0.5877852522924732,R9_F9_m9f8_P9_Y3_UO986,R9_F9_m9f8_P9_Y1_UO726,R8_F8_m8f9_P8_Y1_UO807,MXY,1,0.0,1,1,0.0,0,0,0,-9999.0,0.625,1,P7_CV0,1,2,0,2,0
9,-0.8090169943749473,0.5877852522924732,R9_F9_m9f8_P9_Y2_UO359,R9_F9_m9f8_P9_Y0_UO185,R8_F8_m8f9_P8_Y0_UO132,FXX,2,0.0,1,0,1.0,0,0,0,-9999.0,0.625,1,P7_CV0,1,1,1,2,0
9,-0.8090169943749473,0.5877852522924732,R9_F9_m9f10_P9_Y2_UO1441,R9_F9_m9f8_P9_Y0_UO513,R10_F10_m10f9_P10_Y0_UO72,FXX,2,0.0,1,0,1.0,0,0,0,-9999.0,0.5,1,P7_CV0,1,1,1,1,1
9,-0.8090169943749473,0.5877852522924732,R9_F9_m9f8_P9_Y2_UO691,R9_F9_m9f8_P9_Y0_UO1319,R8_F8_m8f9_P8_Y0_UO1004,FXX,2,0.0,1,0,1.0,0,0,0,-9999.0,0.375,1,P7_CV0,1,1,1,0,2
9,-0.8090169943749473,0.5877852522924732,R9_F9_m10f9_P10_Y2_UO206,RD10_F9_m9f8_P9_Y0_UO510,R9_F9_m9f8_P9_Y0_UO458,MXY,2,0.0,1,0,0.0,0,0,0,-9999.0,0.375,1,P7_CV0,1,0,2,2,0
9,-0.8090169943749473,0.5877852522924732,R9_F9_m9f10_P9_Y2_UO73,R9_F9_m9f8_P9_Y0_UO460,R10_F10_m10f11_P10_Y0_UO1357,MXY,2,0.0,1,0,0.0,0,0,0,-9999.0,0.625,1,P7_CV0,1,1,1,0,2
9,-0.8090169943749473,0.5877852522924732,Age0_F9_m9f8_P9_Y4_UO75,R9_F9_m9f10_P9_Y2_UO749,R8_F8_m8f7_P8_Y2_UO740,MXY,0,0.0,0,0,0.0,0,0,0,0.0,0.625,1,P8_CV0,1,0,2,2,0
9,-0.8090169943749473,0.5877852522924732,Age0_F9_m9f8_P9_Y4_UO76,R9_F9_m9f10_P9_Y2_UO749,R8_F8_m8f7_P8_Y2_UO740,MXY,0,0.0,0,0,0.0,0,0,0,0.0,0.625,1,P8_CV0,1,0,2,1,1
9,-0.8090169943749473,0.5877852522924732,Age0_F9_m9f8_P9_Y4_UO456,R9_F9_m9f8_P9_Y2_UO359,R8_F8_m8f9_P8_Y1_UO1081,FXX,0,0.0,0,0,0.0,0,0,0,0.0,0.4375,1,P8_CV0,1,1,1,2,0
9,-0.8090169943749473,0.5877852522924732,Age0_F9_m9f8_P9_Y4_UO457,R9_F9_m9f8_P9_Y2_UO359,R8_F8_m8f9_P8_Y1_UO1081,MXY,0,0.0,0,0,0.0,0,0,0,0.0,0.4375,1,P8_CV0,1,0,2,1,1
9,-0.8090169943749473,0.5877852522924732,Age0_F9_m9f8_P9_Y4_UO768,R9_F9_m9f10_P9_Y2_UO750,R8_F8_m8f7_P8_Y2_UO1178,MXY,0,0.0,0,0,0.0,0,0,0,0.0,0.625,1,P8_CV0,1,0,2,1,1
9,-0.8090169943749473,0.5877852522924732,Age0_F9_m9f8_P9_Y4_UO769,R9_F9_m9f10_P9_Y2_UO750,R8_F8_m8f7_P8_Y2_UO1178,FXX,0,0.0,0,0,0.0,0,0,0,0.0,0.625,1,P8_CV0,1,0,2,0,2
9,-0.8090169943749473,0.5877852522924732,Age0_F9_m9f8_P9_Y4_UO770,R9_F9_m9f10_P9_Y2_UO750,R8_F8_m8f7_P8_Y2_UO1178,MXY,0,0.0,0,0,0.0,0,0,0,0.0,0.625,1,P8_CV0,1,0,2,0,2
9,-0.8090169943749473,0.5877852522924732,Age0_F9_m9f8_P9_Y4_UO771,R9_F9_m9f10_P9_Y2_UO750,R8_F8_m8f7_P8_Y2_UO1178,MXY,0,0.0,0,0,0.0,0,0,0,0.0,0.625,1,P8_CV0,1,0,2,0,2
9,-0.8090169943749473,0.5877852522924732,Age0_F9_m9f8_P9_Y4_UO852,R9_F9_m9f10_P9_Y2_UO1391,R8_F8_m8f9_P8_Y1_UO804,MXY,0,0.0,0,0,0.0,0,0,0,0.0,0.75,1,P8_CV0,1,1,1,2,0
9,-0.8090169943749473,0.5877852522924732,Age0_F9_m9f8_P9_Y4_UO854,R9_F9_m9f10_P9_Y2_UO1391,R8_F8_m8f9_P8_Y1_UO804,FXX,0,0.0,0,0,0.0,0,0,0,0.0,0.75,1,P8_CV0,1,1,1,2,0
9,-0.8090169943749473,0.5877852522924732,Age0_F9_m9f8_P9_Y4_UO855,R9_F9_m9f10_P9_Y2_UO1391,R8_F8_m8f9_P8_Y1_UO804,FXX,0,0.0,0,0,0.0,0,0,0,0.0,0.75,1,P8_CV0,1,1,1,2,0
9,-0.8090169943749473,0.5877852522924732,Age0_F9_m9f8_P9_Y4_UO883,R9_F9_m9f10_P9_Y2_UO750,R8_F8_m8f7_P8_Y2_UO1465,MXY,0,0.0,0,0,0.0,0,0,0,0.0,0.625,1,P8_CV0,1,1,1,2,0
9,-0.8090169943749473,0.5877852522924732,Age0_F9_m9f10_P9_Y4_UO892,R9_F9_m9f10_P9_Y2_UO729,R10_F10_m10f9_P10_Y2_UO657,MXY,0,0.0,0,0,0.0,0,0,0,0.0,0.625,1,P8_CV0,1,0,2,2,0
9,-0.8090169943749473,0.5877852522924732,Age0_F9_m9f10_P9_Y4_UO895,R9_F9_m9f10_P9_Y2_UO729,R10_F10_m10f9_P10_Y2_UO657,MXY,0,0.0,0,0,0.0,0,0,0,0.0,0.625,1,P8_CV0,1,2,0,2,0
9,-0.8090169943749473,0.5877852522924732,Age0_F9_m9f10_P9_Y4_UO1270,R9_F9_m9f10_P9_Y2_UO729,R10_F10_m10f11_P10_Y2_UO987,MXY,0,0.0,0,0,0.0,0,0,0,0.0,0.4375,1,P8_CV0,1,1,1,2,0
9,-0.8090169943749473,0.5877852522924732,Age0_F9_m9f10_P9_Y4_UO1272,R9_F9_m9f10_P9_Y2_UO729,R10_F10_m10f11_P10_Y2_UO987,FXX,0,0.0,0,0,0.0,0,0,0,0.0,0.4375,1,P8_CV0,1,0,2,1,1
9,-0.8090169943749473,0.5877852522924732,Age0_F9_m9f10_P9_Y4_UO1273,R9_F9_m9f10_P9_Y2_UO729,R10_F10_m10f11_P10_Y2_UO987,MXY,0,0.0,0,0,0.0,0,0,0,0.0,0.4375,1,P8_CV0,1,0,2,1,1
9,-0.8090169943749473,0.5877852522924732,Age0_F9_m9f8_P9_Y4_UO1383,R9_F9_m9f10_P9_Y2_UO1391,R8_F8_m8f9_P8_Y1_UO1081,MXY,0,0.0,0,0,0.0,0,0,0,0.0,0.5,1,P8_CV0,1,0,2,2,0
9,-0.8090169943749473,0.5877852522924732,Age0_F9_m9f8_P9_Y4_UO1385,R9_F9_m9f10_P9_Y2_UO1391,R8_F8_m8f9_P8_Y1_UO1081,FXX,0,0.0,0,0,0.0,0,0,0,0.0,0.5,1,P8_CV0,1,0,2,1,1
9,-0.8090169943749473,0.5877852522924732,Age0_F9_m9f8_P9_Y4_UO1386,R9_F9_m9f10_P9_Y2_UO1391,R8_F8_m8f9_P8_Y1_UO1081,MXY,0,0.0,0,0,0.0,0,0,0,0.0,0.5,1,P8_CV0,1,0,2,1,1
9,-0.8090169943749473,0.5877852522924732,R9_F9_m9f8_P9_Y3_UO985,R9_F9_m9f8_P9_Y1_UO726,R8_F8_m8f9_P8_Y1_UO807,MXY,1,0.0,1,1,0.0,0,0,0,-9999.0,0.625,1,P8_CV0,1,1,1,2,0
9,-0.8090169943749473,0.5877852522924732,R9_F9_m9f10_P9_Y3_UO442,R9_F9_m8f9_P8_Y1_UO806,R10_F10_m10f9_P10_Y0_UO243,MXY,1,0.0,1,1,0.0,0,0,0,-9999.0,0.5,1,P8_CV0,1,2,0,2,0
9,-0.8090169943749473,0.5877852522924732,R9_F9_m9f8_P9_Y3_UO23,R9_F9_m9f8_P9_Y1_UO728,R8_F8_m8f9_P8_Y1_UO152,FXX,1,0.0,1,1,1.0,0,0,0,-9999.0,0.375,1,P8_CV0,1,1,1,0,2
9,-0.8090169943749473,0.5877852522924732,R9_F9_m9f8_P9_Y3_UO553,R9_F9_m9f8_P9_Y1_UO433,R8_F8_m8f9_P8_Y1_UO804,MXY,1,0.0,1,1,0.0,0,0,0,-9999.0,0.625,1,P8_CV0,1,0,2,2,0
9,-0.8090169943749473,0.5877852522924732,R9_F9_m9f8_P9_Y3_UO983,R9_F9_m9f8_P9_Y1_UO726,R8_F8_m8f9_P8_Y1_UO807,FXX,1,0.0,1,1,1.0,0,0,0,-9999.0,0.625,1,P8_CV0,1,2,0,2,0
9,-0.8090169943749473,0.5877852522924732,R9_F9_m9f10_P9_Y3_UO844,R9_F9_m9f10_P9_Y1_UO5,R10_F10_m10f11_P10_Y1_UO499,MXY,1,0.0,1,1,0.0,0,0,0,-9999.0,0.125,1,P8_CV0,1,0,2,1,1
9,-0.8090169943749473,0.5877852522924732,R9_F9_m10f11_P10_Y2_UO1086,R10_F10_m9f8_P9_Y0_UO184,R11_F11_m11f12_P11_Y0_UO656,MXY,2,0.0,1,0,0.0,0,0,0,-9999.0,0.625,1,P8_CV0,1,2,0,1,1
9,-0.8090169943749473,0.5877852522924732,Age0_F9_m9f8_P9_Y4_UO242,R9_F9_m10f9_P10_Y2_UO1090,R8_F8_m8f7_P8_Y2_UO740,FXX,0,0.0,0,0,0.0,0,0,0,0.0,0.625,1,P9_CV0,1,2,0,0,2
9,-0.8090169943749473,0.5877852522924732,Age0_F9_m9f8_P9_Y4_UO243,R9_F9_m10f9_P10_Y2_UO1090,R8_F8_m8f7_P8_Y2_UO740,FXX,0,0.0,0,0,0.0,0,0,0,0.0,0.625,1,P9_CV0,1,1,1,1,1
9,-0.8090169943749473,0.5877852522924732,Age0_F9_m9f8_P9_Y4_UO408,R9_F9_m9f8_P9_Y2_UO1019,R8_F8_m8f7_P8_Y2_UO1465,FXX,0,0.0,0,0,0.0,0,0,0,0.0,0.625,1,P9_CV0,1,2,0,1,1
9,-0.8090169943749473,0.5877852522924732,Age0_F9_m9f8_P9_Y4_UO409,R9_F9_m9f8_P9_Y2_UO1019,R8_F8_m8f7_P8_Y2_UO1465,MXY,0,0.0,0,0,0.0,0,0,0,0.0,0.625,1,P9_CV0,1,2,0,1,1
9,-0.8090169943749473,0.5877852522924732,Age0_F9_m9f8_P9_Y4_UO410,R9_F9_m9f8_P9_Y2_UO1019,R8_F8_m8f7_P8_Y2_UO1465,FXX,0,0.0,0,0,0.0,0,0,0,0.0,0.625,1,P9_CV0,1,2,0,1,1
9,-0.8090169943749473,0.5877852522924732,Age0_F9_m9f10_P9_Y4_UO474,R9_F9_m9f10_P9_Y2_UO328,R10_F10_m10f9_P10_Y2_UO603,FXX,0,0.0,0,0,0.0,0,0,0,0.0,0.5,1,P9_CV0,1,0,2,1,1
9,-0.8090169943749473,0.5877852522924732,Age0_F9_m9f10_P9_Y4_UO475,R9_F9_m9f10_P9_Y2_UO328,R10_F10_m10f9_P10_Y2_UO603,MXY,0,0.0,0,0,0.0,0,0,0,0.0,0.5,1,P9_CV0,1,1,1,1,1
9,-0.8090169943749473,0.5877852522924732,Age0_F9_m9f8_P9_Y4_UO613,R9_F9_m10f9_P10_Y2_UO1090,R8_F8_m8f7_P8_Y2_UO1171,MXY,0,0.0,0,0,0.0,0,0,0,0.0,0.625,1,P9_CV0,1,1,1,0,2
9,-0.8090169943749473,0.5877852522924732,Age0_F9_m9f8_P9_Y4_UO853,R9_F9_m9f10_P9_Y2_UO1391,R8_F8_m8f9_P8_Y1_UO804,FXX,0,0.0,0,0,0.0,0,0,0,0.0,0.75,1,P9_CV0,1,1,1,2,0
9,-0.8090169943749473,0.5877852522924732,Age0_F9_m9f10_P9_Y4_UO890,R9_F9_m9f10_P9_Y2_UO729,R10_F10_m10f9_P10_Y2_UO657,FXX,0,0.0,0,0,0.0,0,0,0,0.0,0.625,1,P9_CV0,1,1,1,1,1
9,-0.8090169943749473,0.5877852522924732,Age0_F9_m9f10_P9_Y4_UO891,R9_F9_m9f10_P9_Y2_UO729,R10_F10_m10f9_P10_Y2_UO657,FXX,0,0.0,0,0,0.0,0,0,0,0.0,0.625,1,P9_CV0,1,0,2,1,1
9,-0.8090169943749473,0.5877852522924732,Age0_F9_m9f10_P9_Y4_UO893,R9_F9_m9f10_P9_Y2_UO729,R10_F10_m10f9_P10_Y2_UO657,FXX,0,0.0,0,0,0.0,0,0,0,0.0,0.625,1,P9_CV0,1,0,2,1,1
9,-0.8090169943749473,0.5877852522924732,Age0_F9_m9f10_P9_Y4_UO894,R9_F9_m9f10_P9_Y2_UO729,R10_F10_m10f9_P10_Y2_UO657,MXY,0,0.0,0,0,0.0,0,0,0,0.0,0.625,1,P9_CV0,1,1,1,2,0
9,-0.8090169943749473,0.5877852522924732,Age0_F9_m9f10_P9_Y4_UO1091,R9_F9_m9f10_P9_Y2_UO679,RD10_F11_m11f10_P11_Y2_UO140,MXY,0,0.0,0,0,0.0,0,0,0,0.0,0.375,1,P9_CV0,1,0,2,0,2
9,-0.8090169943749473,0.5877852522924732,Age0_F9_m9f10_P9_Y4_UO1092,R9_F9_m9f10_P9_Y2_UO679,RD10_F11_m11f10_P11_Y2_UO140,FXX,0,0.0,0,0,0.0,0,0,0,0.0,0.375,1,P9_CV0,1,1,1,0,2
9,-0.8090169943749473,0.5877852522924732,Age0_F9_m9f10_P9_Y4_UO1093,R9_F9_m9f10_P9_Y2_UO679,RD10_F11_m11f10_P11_Y2_UO140,FXX,0,0.0,0,0,0.0,0,0,0,0.0,0.375,1,P9_CV0,1,1,1,1,1
9,-0.8090169943749473,0.5877852522924732,Age0_F9_m9f10_P9_Y4_UO1094,R9_F9_m9f10_P9_Y2_UO679,RD10_F11_m11f10_P11_Y2_UO140,MXY,0,0.0,0,0,0.0,0,0,0,0.0,0.375,1,P9_CV0,1,2,0,1,1
9,-0.8090169943749473,0.5877852522924732,Age0_F9_m9f10_P9_Y4_UO1267,R9_F9_m9f10_P9_Y2_UO1027,R10_F10_m10f11_P10_Y2_UO170,MXY,0,0.0,0,0,0.0,0,0,0,0.0,0.4375,1,P9_CV0,1,0,2,0,2
9,-0.8090169943749473,0.5877852522924732,Age0_F9_m9f10_P9_Y4_UO1269,R9_F9_m9f10_P9_Y2_UO729,R10_F10_m10f11_P10_Y2_UO987,FXX,0,0.0,0,0,0.0,0,0,0,0.0,0.4375,1,P9_CV0,1,1,1,1,1
9,-0.8090169943749473,0.5877852522924732,Age0_F9_m9f10_P9_Y4_UO1271,R9_F9_m9f10_P9_Y2_UO729,R10_F10_m10f11_P10_Y2_UO987,FXX,0,0.0,0,0,0.0,0,0,0,0.0,0.4375,1,P9_CV0,1,0,2,2,0
9,-0.8090169943749473,0.5877852522924732,Age0_F9_m9f8_P9_Y4_UO1382,R9_F9_m9f10_P9_Y2_UO1391,R8_F8_m8f9_P8_Y1_UO1081,FXX,0,0.0,0,0,0.0,0,0,0,0.0,0.5,1,P9_CV0,1,0,2,2,0
9,-0.8090169943749473,0.5877852522924732,Age0_F9_m9f8_P9_Y4_UO1384,R9_F9_m9f10_P9_Y2_UO1391,R8_F8_m8f9_P8_Y1_UO1081,FXX,0,0.0,0,0,0.0,0,0,0,0.0,0.5,1,P9_CV0,1,0,2,1,1
9,-0.8090169943749473,0.5877852522924732,Age0_F9_m9f8_P9_Y4_UO1387,R9_F9_m9f10_P9_Y2_UO1391,R8_F8_m8f9_P8_Y1_UO1081,MXY,0,0.0,0,0,0.0,0,0,0,0.0,0.5,1,P9_CV0,1,0,2,1,1
9,-0.8090169943749473,0.5877852522924732,R9_F9_m9f10_P9_Y3_UO444,R9_F9_m8f9_P8_Y1_UO806,R10_F10_m10f9_P10_Y0_UO243,FXX,1,0.0,1,1,1.0,0,0,0,-9999.0,0.5,1,P9_CV0,1,1,1,1,1
9,-0.8090169943749473,0.5877852522924732,R9_F9_m9f8_P9_Y2_UO1019,RD9_F10_m10f11_P10_Y0_UO507,R8_F8_m8f9_P8_Y0_UO132,FXX,2,0.0,1,0,1.0,0,0,0,-9999.0,0.625,1,P9_CV0,1,2,0,2,0
9,-0.8090169943749473,0.5877852522924732,R9_F9_m9f10_P9_Y2_UO679,RD9_F10_m10f11_P10_Y0_UO216,R10_F10_m10f11_P10_Y0_UO505,FXX,2,0.0,1,0,1.0,0,0,0,-9999.0,0.375,1,P9_CV0,1,1,1,0,2
10,-0.9510565162951535,0.3090169943749475,Age0_F10_m10f11_P10_Y4_UO139,R10_F10_m10f9_P10_Y2_UO601,R11_F11_m11f10_P11_Y1_UO547,MXY,0,0.0,0,0,0.0,0,0,0,0.0,0.625,1,P10_CV0,1,1,1,2,0
10,-0.9510565162951535,0.3090169943749475,Age0_F10_m10f11_P10_Y4_UO290,R10_F10_m10f9_P10_Y2_UO91,R11_F11_m11f10_P11_Y2_UO922,FXX,0,0.0,0,0,0.0,0,0,0,0.0,0.75,1,P10_CV0,1,1,1,1,1
10,-0.9510565162951535,0.3090169943749475,Age0_F10_m10f9_P10_Y4_UO448,RD10_F11_m11f12_P11_Y2_UO1381,R9_F9_m9f10_P9_Y2_UO683,FXX,0,0.0,0,0,0.0,0,0,0,0.0,0.4375,1,P10_CV0,1,0,2,2,0
10,-0.9510565162951535,0.3090169943749475,Age0_F10_m10f9_P10_Y4_UO449,RD10_F11_m11f12_P11_Y2_UO1381,R9_F9_m9f10_P9_Y2_UO683,MXY,0,0.0,0,0,0.0,0,0,0,0.0,0.4375,1,P10_CV0,1,1,1,2,0
10,-0.9510565162951535,0.3090169943749475,Age0_F10_m10f9_P10_Y4_UO829,R10_F10_m10f9_P10_Y2_UO601,R9_F9_m9f10_P9_Y2_UO681,FXX,0,0.0,0,0,0.0,0,0,0,0.0,0.5,1,P10_CV0,1,0,2,1,1
10,-0.9510565162951535,0.3090169943749475,Age0_F10_m10f11_P10_Y4_UO1355,R10_F10_m10f9_P10_Y2_UO1089,R11_F11_m11f10_P11_Y2_UO40,FXX,0,0.0,0,0,0.0,0,0,0,0.0,0.5625,1,P10_CV0,1,1,1,0,2
10,-0.9510565162951535,0.3090169943749475,Age0_F10_m10f11_P10_Y4_UO1356,R10_F10_m10f9_P10_Y2_UO1089,R11_F11_m11f10_P11_Y2_UO40,FXX,0,0.0,0,0,0.0,0,0,0,0.0,0.5625,1,P10_CV0,1,2,0,1,1
10,-0.9510565162951535,0.3090169943749475,Age0_F10_m10f11_P10_Y4_UO1358,R10_F10_m10f9_P10_Y2_UO1089,R11_F11_m11f10_P11_Y2_UO40,MXY,0,0.0,0,0,0.0,0,0,0,0.0,0.5625,1,P10_CV0,1,2,0,0,2
10,-0.9510565162951535,0.3090169943749475,Age0_F10_m10f11_P10_Y4_UO1373,R10_F10_m10f11_P10_Y2_UO704,R11_F11_m11f10_P11_Y0_UO667,MXY,0,0.0,0,0,0.0,0,0,0,0.0,0.375,1,P10_CV0,1,0,2,0,2
10,-0.9510565162951535,0.3090169943749475,Age0_F10_m10f11_P10_Y4_UO1374,R10_F10_m10f11_P10_Y2_UO704,R11_F11_m11f10_P11_Y0_UO667,FXX,0,0.0,0,0,0.0,0,0,0,0.0,0.375,1,P10_CV0,1,1,1,0,2
10,-0.9510565162951535,0.3090169943749475,Age0_F10_m10f9_P10_Y4_UO1446,R10_F10_m10f9_P10_Y2_UO608,R9_F9_m10f11_P10_Y2_UO386,MXY,0,0.0,0,0,0.0,0,0,0,0.0,0.5,1,P10_CV0,1,1,1,1,1
10,-0.9510565162951535,0.3090169943749475,Age0_F10_m10f11_P10_Y4_UO1464,R10_F10_m10f11_P10_Y2_UO1429,R11_F11_m11f10_P11_Y2_UO914,MXY,0,0.0,0,0,0.0,0,0,0,0.0,0.375,1,P10_CV0,1,1,1,1,1
10,-0.9510565162951535,0.3090169943749475,R10_F10_m10f11_P10_Y2_UO1088,R10_F10_m9f8_P9_Y0_UO184,R11_F11_m11f12_P11_Y0_UO656,FXX,2,0.0,1,0,1.0,0,0,0,-9999.0,0.625,1,P10_CV0,1,1,1,0,2
10,-0.9510565162951535,0.3090169943749475,Age0_F10_m10f11_P10_Y4_UO43,RD10_F11_m11f12_P11_Y2_UO903,RD11_F10_m10f11_P10_Y2_UO1472,MXY,0,0.0,0,0,0.0,0,0,0,0.0,0.3125,1,P11_CV0,1,0,2,1,1
10,-0.9510565162951535,0.3090169943749475,Age0_F10_m10f11_P10_Y4_UO44,RD10_F11_m11f12_P11_Y2_UO903,RD11_F10_m10f11_P10_Y2_UO1472,MXY,0,0.0,0,0,0.0,0,0,0,0.0,0.3125,1,P11_CV0,1,0,2,2,0
10,-0.9510565162951535,0.3090169943749475,Age0_F10_m10f11_P10_Y4_UO45,RD10_F11_m11f12_P11_Y2_UO903,RD11_F10_m10f11_P10_Y2_UO1472,FXX,0,0.0,0,0,0.0,0,0,0,0.0,0.3125,1,P11_CV0,1,1,1,0,2
10,-0.9510565162951535,0.3090169943749475,Age0_F10_m10f11_P10_Y4_UO46,RD10_F11_m11f12_P11_Y2_UO903,RD11_F10_m10f11_P10_Y2_UO1472,MXY,0,0.0,0,0,0.0,0,0,0,0.0,0.3125,1,P11_CV0,1,1,1,1,1
10,-0.9510565162951535,0.3090169943749475,Age0_F10_m10f11_P10_Y4_UO47,RD10_F11_m11f12_P11_Y2_UO903,RD11_F10_m10f11_P10_Y2_UO1472,MXY,0,0.0,0,0,0.0,0,0,0,0.0,0.3125,1,P11_CV0,1,1,1,1,1
10,-0.9510565162951535,0.3090169943749475,Age0_F10_m10f11_P10_Y4_UO92,R10_F10_m10f9_P10_Y2_UO1089,R11_F11_m11f12_P11_Y2_UO901,FXX,0,0.0,0,0,0.0,0,0,0,0.0,0.4375,1,P11_CV0,1,1,1,0,2
10,-0.9510565162951535,0.3090169943749475,Age0_F10_m10f11_P10_Y4_UO357,R10_F10_m10f11_P10_Y2_UO209,R11_F11_m12f13_P12_Y2_UO1285,FXX,0,0.0,0,0,0.0,0,0,0,0.0,0.5,1,P11_CV0,1,2,0,0,2
10,-0.9510565162951535,0.3090169943749475,Age0_F10_m10f11_P10_Y4_UO358,R10_F10_m10f11_P10_Y2_UO209,R11_F11_m12f13_P12_Y2_UO1285,MXY,0,0.0,0,0,0.0,0,0,0,0.0,0.5,1,P11_CV0,1,2,0,1,1
10,-0.9510565162951535,0.3090169943749475,Age0_F10_m10f11_P10_Y4_UO359,R10_F10_m10f11_P10_Y2_UO209,R11_F11_m12f13_P12_Y2_UO1285,FXX,0,0.0,0,0,0.0,0,0,0,0.0,0.5,1,P11_CV0,1,2,0,0,2
10,-0.9510565162951535,0.3090169943749475,Age0_F10_m10f11_P10_Y4_UO550,R10_F10_m10f9_P10_Y2_UO601,RD11_F10_m10f11_P10_Y2_UO1472,FXX,0,0.0,0,0,0.0,0,0,0,0.0,0.4375,1,P11_CV0,1,0,2,1,1
10,-0.9510565162951535,0.3090169943749475,Age0_F10_m10f11_P10_Y4_UO551,R10_F10_m10f9_P10_Y2_UO601,RD11_F10_m10f11_P10_Y2_UO1472,MXY,0,0.0,0,0,0.0,0,0,0,0.0,0.4375,1,P11_CV0,1,1,1,1,1
10,-0.9510565162951535,0.3090169943749475,Age0_F10_m10f11_P10_Y4_UO553,R10_F10_m10f9_P10_Y2_UO601,RD11_F10_m10f11_P10_Y2_UO1472,MXY,0,0.0,0,0,0.0,0,0,0,0.0,0.4375,1,P11_CV0,1,0,2,2,0
10,-0.9510565162951535,0.3090169943749475,Age0_F10_m10f11_P10_Y4_UO957,R10_F10_m10f9_P10_Y2_UO608,R11_F11_m11f12_P11_Y2_UO901,MXY,0,0.0,0,0,0.0,0,0,0,0.0,0.3125,1,P11_CV0,1,1,1,1,1
10,-0.9510565162951535,0.3090169943749475,Age0_F10_m10f11_P10_Y4_UO958,R10_F10_m10f9_P10_Y2_UO608,R11_F11_m11f12_P11_Y2_UO901,MXY,0,0.0,0,0,0.0,0,0,0,0.0,0.3125,1,P11_CV0,1,0,2,1,1
10,-0.9510565162951535,0.3090169943749475,Age0_F10_m10f11_P10_Y4_UO961,R10_F10_m10f9_P10_Y2_UO608,R11_F11_m11f12_P11_Y2_UO901,MXY,0,0.0,0,0,0.0,0,0,0,0.0,0.3125,1,P11_CV0,1,1,1,1,1
10,-0.9510565162951535,0.3090169943749475,Age0_F10_m10f11_P10_Y4_UO962,R10_F10_m10f9_P10_Y2_UO608,R11_F11_m11f12_P11_Y2_UO901,MXY,0,0.0,0,0,0.0,0,0,0,0.0,0.3125,1,P11_CV0,1,1,1,2,0
10,-0.9510565162951535,0.3090169943749475,Age0_F10_m10f11_P10_Y4_UO1190,R10_F10_m10f9_P10_Y2_UO97,RD11_F10_m10f11_P10_Y2_UO1472,FXX,0,0.0,0,0,0.0,0,0,0,0.0,0.5,1,P11_CV0,1,0,2,0,2
10,-0.9510565162951535,0.3090169943749475,Age0_F10_m10f11_P10_Y4_UO1191,R10_F10_m10f9_P10_Y2_UO97,RD11_F10_m10f11_P10_Y2_UO1472,MXY,0,0.0,0,0,0.0,0,0,0,0.0,0.5,1,P11_CV0,1,0,2,1,1
10,-0.9510565162951535,0.3090169943749475,Age0_F10_m10f11_P10_Y4_UO1193,R10_F10_m10f9_P10_Y2_UO97,RD11_F10_m10f11_P10_Y2_UO1472,MXY,0,0.0,0,0,0.0,0,0,0,0.0,0.5,1,P11_CV0,1,1,1,0,2
10,-0.9510565162951535,0.3090169943749475,Age0_F10_m10f11_P10_Y4_UO764,R10_F10_m10f9_P10_Y2_UO624,RD11_F12_m12f13_P12_Y2_UO846,FXX,0,0.0,0,0,0.0,0,0,0,0.0,0.6875,1,P12_CV0,1,2,0,1,1
10,-0.9510565162951535,0.3090169943749475,Age0_F10_m10f11_P10_Y4_UO765,R10_F10_m10f9_P10_Y2_UO624,RD11_F12_m12f13_P12_Y2_UO846,FXX,0,0.0,0,0,0.0,0,0,0,0.0,0.6875,1,P12_CV0,1,2,0,2,0
10,-0.9510565162951535,0.3090169943749475,R10_F10_m11f12_P11_Y2_UO1379,R11_F11_m11f12_P11_Y0_UO433,R12_F12_m13f12_P13_Y0_UO318,MXY,2,0.0,1,0,0.0,0,0,0,-9999.0,0.375,1,P12_CV0,1,0,2,0,2
10,-0.9510565162951535,0.3090169943749475,Age0_F10_m10f9_P10_Y4_UO1402,R10_F10_m10f9_P10_Y2_UO91,R9_F9_m9f8_P9_Y2_UO564,FXX,0,0.0,0,0,0.0,0,0,0,0.0,0.6875,1,P6_CV0,1,1,1,1,1
10,-0.9510565162951535,0.3090169943749475,Age0_F10_m10f9_P10_Y4_UO1403,R10_F10_m10f9_P10_Y2_UO91,R9_F9_m9f8_P9_Y2_UO564,FXX,0,0.0,0,0,0.0,0,0,0,0.0,0.6875,1,P6_CV0,1,1,1,0,2
10,-0.9510565162951535,0.3090169943749475,Age0_F10_m10f9_P10_Y4_UO163,R10_F10_m10f9_P10_Y2_UO236,R9_F9_m9f8_P9_Y2_UO688,MXY,0,0.0,0,0,0.0,0,0,0,0.0,0.5,1,P7_CV0,1,1,1,0,2
10,-0.9510565162951535,0.3090169943749475,Age0_F10_m10f9_P10_Y4_UO373,R10_F10_m10f9_P10_Y2_UO91,R9_F9_m9f10_P9_Y2_UO73,FXX,0,0.0,0,0,0.0,0,0,0,0.0,0.75,1,P7_CV0,1,1,1,0,2
10,-0.9510565162951535,0.3090169943749475,Age0_F10_m10f9_P10_Y4_UO374,R10_F10_m10f9_P10_Y2_UO91,R9_F9_m9f10_P9_Y2_UO73,MXY,0,0.0,0,0,0.0,0,0,0,0.0,0.75,1,P7_CV0,1,1,1,0,2
10,-0.9510565162951535,0.3090169943749475,Age0_F10_m10f9_P10_Y4_UO375,R10_F10_m10f9_P10_Y2_UO91,R9_F9_m9f10_P9_Y2_UO73,MXY,0,0.0,0,0,0.0,0,0,0,0.0,0.75,1,P7_CV0,1,2,0,0,2
10,-0.9510565162951535,0.3090169943749475,Age0_F10_m10f9_P10_Y4_UO483,R10_F10_m10f9_P10_Y2_UO624,R9_F9_m9f10_P9_Y2_UO73,FXX,0,0.0,0,0,0.0,0,0,0,0.0,0.5625,1,P7_CV0,1,0,2,1,1
10,-0.9510565162951535,0.3090169943749475,Age0_F10_m10f9_P10_Y4_UO485,R10_F10_m10f9_P10_Y2_UO624,R9_F9_m9f10_P9_Y2_UO73,MXY,0,0.0,0,0,0.0,0,0,0,0.0,0.5625,1,P7_CV0,1,1,1,0,2
10,-0.9510565162951535,0.3090169943749475,Age0_F10_m10f9_P10_Y4_UO486,R10_F10_m10f9_P10_Y2_UO624,R9_F9_m9f10_P9_Y2_UO73,MXY,0,0.0,0,0,0.0,0,0,0,0.0,0.5625,1,P7_CV0,1,1,1,0,2
10,-0.9510565162951535,0.3090169943749475,Age0_F10_m10f9_P10_Y4_UO526,R10_F10_m10f11_P10_Y2_UO1316,R9_F9_m9f8_P9_Y1_UO723,MXY,0,0.0,0,0,0.0,0,0,0,0.0,0.375,1,P7_CV0,1,2,0,1,1
10,-0.9510565162951535,0.3090169943749475,Age0_F10_m10f9_P10_Y4_UO527,R10_F10_m10f11_P10_Y2_UO1316,R9_F9_m9f8_P9_Y1_UO723,MXY,0,0.0,0,0,0.0,0,0,0,0.0,0.375,1,P7_CV0,1,2,0,1,1
10,-0.9510565162951535,0.3090169943749475,Age0_F10_m10f9_P10_Y4_UO528,R10_F10_m10f11_P10_Y2_UO1316,R9_F9_m9f8_P9_Y1_UO723,MXY,0,0.0,0,0,0.0,0,0,0,0.0,0.375,1,P7_CV0,1,2,0,1,1
10,-0.9510565162951535,0.3090169943749475,Age0_F10_m10f9_P10_Y4_UO877,R10_F10_m10f11_P10_Y2_UO381,R9_F9_m9f10_P9_Y2_UO73,FXX,0,0.0,0,0,0.0,0,0,0,0.0,0.6875,1,P7_CV0,1,1,1,1,1
10,-0.9510565162951535,0.3090169943749475,Age0_F10_m10f9_P10_Y4_UO878,R10_F10_m10f11_P10_Y2_UO381,R9_F9_m9f10_P9_Y2_UO73,MXY,0,0.0,0,0,0.0,0,0,0,0.0,0.6875,1,P7_CV0,1,2,0,1,1
10,-0.9510565162951535,0.3090169943749475,Age0_F10_m10f9_P10_Y4_UO1200,R10_F10_m9f10_P9_Y2_UO307,R9_F9_m9f10_P9_Y2_UO73,MXY,0,0.0,0,0,0.0,0,0,0,0.0,0.5625,1,P7_CV0,1,1,1,0,2
10,-0.9510565162951535,0.3090169943749475,Age0_F10_m10f9_P10_Y4_UO1202,R10_F10_m9f10_P9_Y2_UO307,R9_F9_m9f10_P9_Y2_UO73,MXY,0,0.0,0,0,0.0,0,0,0,0.0,0.5625,1,P7_CV0,1,1,1,0,2
10,-0.9510565162951535,0.3090169943749475,Age0_F10_m10f9_P10_Y4_UO161,R10_F10_m10f9_P10_Y2_UO236,R9_F9_m9f8_P9_Y2_UO688,FXX,0,0.0,0,0,0.0,0,0,0,0.0,0.5,1,P8_CV0,1,1,1,0,2
10,-0.9510565162951535,0.3090169943749475,Age0_F10_m10f9_P10_Y4_UO162,R10_F10_m10f9_P10_Y2_UO236,R9_F9_m9f8_P9_Y2_UO688,FXX,0,0.0,0,0,0.0,0,0,0,0.0,0.5,1,P8_CV0,1,1,1,0,2
10,-0.9510565162951535,0.3090169943749475,Age0_F10_m10f11_P10_Y4_UO287,R10_F10_m10f9_P10_Y2_UO91,R11_F11_m11f10_P11_Y2_UO922,FXX,0,0.0,0,0,0.0,0,0,0,0.0,0.75,1,P8_CV0,1,2,0,2,0
10,-0.9510565162951535,0.3090169943749475,Age0_F10_m10f11_P10_Y4_UO288,R10_F10_m10f9_P10_Y2_UO91,R11_F11_m11f10_P11_Y2_UO922,FXX,0,0.0,0,0,0.0,0,0,0,0.0,0.75,1,P8_CV0,1,1,1,1,1
10,-0.9510565162951535,0.3090169943749475,Age0_F10_m10f11_P10_Y4_UO289,R10_F10_m10f9_P10_Y2_UO91,R11_F11_m11f10_P11_Y2_UO922,FXX,0,0.0,0,0,0.0,0,0,0,0.0,0.75,1,P8_CV0,1,1,1,2,0
10,-0.9510565162951535,0.3090169943749475,Age0_F10_m10f9_P10_Y4_UO376,R10_F10_m10f9_P10_Y2_UO91,R9_F9_m9f10_P9_Y2_UO73,FXX,0,0.0,0,0,0.0,0,0,0,0.0,0.75,1,P8_CV0,1,2,0,1,1
10,-0.9510565162951535,0.3090169943749475,Age0_F10_m10f9_P10_Y4_UO377,R10_F10_m10f9_P10_Y2_UO91,R9_F9_m9f10_P9_Y2_UO73,FXX,0,0.0,0,0,0.0,0,0,0,0.0,0.75,1,P8_CV0,1,1,1,1,1
10,-0.9510565162951535,0.3090169943749475,Age0_F10_m10f9_P10_Y4_UO378,R10_F10_m10f9_P10_Y2_UO91,R9_F9_m9f10_P9_Y2_UO73,MXY,0,0.0,0,0,0.0,0,0,0,0.0,0.75,1,P8_CV0,1,1,1,1,1
10,-0.9510565162951535,0.3090169943749475,Age0_F10_m10f9_P10_Y4_UO542,R10_F10_m10f9_P10_Y2_UO1294,RD9_F10_m10f11_P10_Y2_UO1086,FXX,0,0.0,0,0,0.0,0,0,0,0.0,0.625,1,P8_CV0,1,2,0,0,2
10,-0.9510565162951535,0.3090169943749475,Age0_F10_m10f9_P10_Y4_UO543,R10_F10_m10f9_P10_Y2_UO1294,RD9_F10_m10f11_P10_Y2_UO1086,MXY,0,0.0,0,0,0.0,0,0,0,0.0,0.625,1,P8_CV0,1,2,0,2,0
10,-0.9510565162951535,0.3090169943749475,Age0_F10_m10f9_P10_Y4_UO544,R10_F10_m10f9_P10_Y2_UO1294,RD9_F10_m10f11_P10_Y2_UO1086,MXY,0,0.0,0,0,0.0,0,0,0,0.0,0.625,1,P8_CV0,1,2,0,0,2
10,-0.9510565162951535,0.3090169943749475,Age0_F10_m10f9_P10_Y4_UO1123,R10_F10_m10f9_P10_Y2_UO608,RD9_F10_m10f11_P10_Y1_UO502,MXY,0,0.0,0,0,0.0,0,0,0,0.0,0.3125,1,P8_CV0,1,0,2,1,1
10,-0.9510565162951535,0.3090169943749475,Age0_F10_m10f9_P10_Y4_UO1125,R10_F10_m10f9_P10_Y2_UO608,RD9_F10_m10f11_P10_Y1_UO502,FXX,0,0.0,0,0,0.0,0,0,0,0.0,0.3125,1,P8_CV0,1,1,1,1,1
10,-0.9510565162951535,0.3090169943749475,Age0_F10_m10f9_P10_Y4_UO1319,R10_F10_m10f11_P10_Y2_UO384,R9_F9_m9f10_P9_Y2_UO728,MXY,0,0.0,0,0,0.0,0,0,0,0.0,0.625,1,P8_CV0,1,1,1,1,1
10,-0.9510565162951535,0.3090169943749475,Age0_F10_m10f9_P10_Y4_UO1400,R10_F10_m10f9_P10_Y2_UO91,R9_F9_m9f8_P9_Y2_UO564,FXX,0,0.0,0,0,0.0,0,0,0,0.0,0.6875,1,P8_CV0,1,2,0,0,2
10,-0.9510565162951535,0.3090169943749475,Age0_F10_m10f9_P10_Y4_UO1401,R10_F10_m10f9_P10_Y2_UO91,R9_F9_m9f8_P9_Y2_UO564,FXX,0,0.0,0,0,0.0,0,0,0,0.0,0.6875,1,P8_CV0,1,2,0,1,1
10,-0.9510565162951535,0.3090169943749475,R10_F10_m10f9_P10_Y3_UO81,R10_F10_m10f11_P10_Y1_UO320,R9_F9_m9f8_P9_Y1_UO970,FXX,1,0.0,1,1,1.0,0,0,0,-9999.0,0.375,1,P8_CV0,1,1,1,0,2
10,-0.9510565162951535,0.3090169943749475,Age0_F10_m10f11_P10_Y4_UO93,R10_F10_m10f9_P10_Y2_UO1089,R11_F11_m11f12_P11_Y2_UO901,MXY,0,0.0,0,0,0.0,0,0,0,0.0,0.4375,1,P9_CV0,1,0,2,1,1
10,-0.9510565162951535,0.3090169943749475,Age0_F10_m10f11_P10_Y4_UO94,R10_F10_m10f9_P10_Y2_UO1089,R11_F11_m11f12_P11_Y2_UO901,FXX,0,0.0,0,0,0.0,0,0,0,0.0,0.4375,1,P9_CV0,1,1,1,1,1
10,-0.9510565162951535,0.3090169943749475,Age0_F10_m10f11_P10_Y4_UO95,R10_F10_m10f9_P10_Y2_UO1089,R11_F11_m11f12_P11_Y2_UO901,FXX,0,0.0,0,0,0.0,0,0,0,0.0,0.4375,1,P9_CV0,1,1,1,0,2
10,-0.9510565162951535,0.3090169943749475,Age0_F10_m10f11_P10_Y4_UO140,R10_F10_m10f9_P10_Y2_UO601,R11_F11_m11f10_P11_Y1_UO547,FXX,0,0.0,0,0,0.0,0,0,0,0.0,0.625,1,P9_CV0,1,2,0,2,0
10,-0.9510565162951535,0.3090169943749475,Age0_F10_m10f11_P10_Y4_UO141,R10_F10_m10f9_P10_Y2_UO601,R11_F11_m11f10_P11_Y1_UO547,FXX,0,0.0,0,0,0.0,0,0,0,0.0,0.625,1,P9_CV0,1,2,0,2,0
10,-0.9510565162951535,0.3090169943749475,Age0_F10_m10f11_P10_Y4_UO142,R10_F10_m10f9_P10_Y2_UO601,R11_F11_m11f10_P11_Y1_UO547,FXX,0,0.0,0,0,0.0,0,0,0,0.0,0.625,1,P9_CV0,1,0,2,2,0
10,-0.9510565162951535,0.3090169943749475,Age0_F10_m10f9_P10_Y4_UO482,R10_F10_m10f9_P10_Y2_UO624,R9_F9_m9f10_P9_Y2_UO73,MXY,0,0.0,0,0,0.0,0,0,0,0.0,0.5625,1,P9_CV0,1,2,0,1,1
10,-0.9510565162951535,0.3090169943749475,Age0_F10_m10f9_P10_Y4_UO484,R10_F10_m10f9_P10_Y2_UO624,R9_F9_m9f10_P9_Y2_UO73,MXY,0,0.0,0,0,0.0,0,0,0,0.0,0.5625,1,P9_CV0,1,1,1,0,2
10,-0.9510565162951535,0.3090169943749475,Age0_F10_m10f9_P10_Y4_UO524,R10_F10_m10f11_P10_Y2_UO1316,R9_F9_m9f8_P9_Y1_UO723,FXX,0,0.0,0,0,0.0,0,0,0,0.0,0.375,1,P9_CV0,1,2,0,1,1
10,-0.9510565162951535,0.3090169943749475,Age0_F10_m10f9_P10_Y4_UO525,R10_F10_m10f11_P10_Y2_UO1316,R9_F9_m9f8_P9_Y1_UO723,FXX,0,0.0,0,0,0.0,0,0,0,0.0,0.375,1,P9_CV0,1,1,1,1,1
10,-0.9510565162951535,0.3090169943749475,Age0_F10_m10f11_P10_Y4_UO552,R10_F10_m10f9_P10_Y2_UO601,RD11_F10_m10f11_P10_Y2_UO1472,MXY,0,0.0,0,0,0.0,0,0,0,0.0,0.4375,1,P9_CV0,1,1,1,2,0
10,-0.9510565162951535,0.3090169943749475,Age0_F10_m10f11_P10_Y4_UO763,R10_F10_m10f9_P10_Y2_UO624,RD11_F12_m12f13_P12_Y2_UO846,MXY,0,0.0,0,0,0.0,0,0,0,0.0,0.6875,1,P9_CV0,1,2,0,2,0
10,-0.9510565162951535,0.3090169943749475,Age0_F10_m10f9_P10_Y4_UO830,R10_F10_m10f9_P10_Y2_UO601,R9_F9_m9f10_P9_Y2_UO681,MXY,0,0.0,0,0,0.0,0,0,0,0.0,0.5,1,P9_CV0,1,2,0,1,1
10,-0.9510565162951535,0.3090169943749475,Age0_F10_m10f9_P10_Y4_UO831,R10_F10_m10f9_P10_Y2_UO601,R9_F9_m9f10_P9_Y2_UO681,MXY,0,0.0,0,0,0.0,0,0,0,0.0,0.5,1,P9_CV0,1,0,2,1,1
10,-0.9510565162951535,0.3090169943749475,Age0_F10_m10f9_P10_Y4_UO879,R10_F10_m10f11_P10_Y2_UO381,R9_F9_m9f10_P9_Y2_UO73,FXX,0,0.0,0,0,0.0,0,0,0,0.0,0.6875,1,P9_CV0,1,1,1,1,1
10,-0.9510565162951535,0.3090169943749475,Age0_F10_m10f11_P10_Y4_UO959,R10_F10_m10f9_P10_Y2_UO608,R11_F11_m11f12_P11_Y2_UO901,FXX,0,0.0,0,0,0.0,0,0,0,0.0,0.3125,1,P9_CV0,1,0,2,2,0
10,-0.9510565162951535,0.3090169943749475,Age0_F10_m10f11_P10_Y4_UO960,R10_F10_m10f9_P10_Y2_UO608,R11_F11_m11f12_P11_Y2_UO901,FXX,0,0.0,0,0,0.0,0,0,0,0.0,0.3125,1,P9_CV0,1,1,1,1,1
10,-0.9510565162951535,0.3090169943749475,Age0_F10_m10f9_P10_Y4_UO1124,R10_F10_m10f9_P10_Y2_UO608,RD9_F10_m10f11_P10_Y1_UO502,MXY,0,0.0,0,0,0.0,0,0,0,0.0,0.3125,1,P9_CV0,1,1,1,1,1
10,-0.9510565162951535,0.3090169943749475,Age0_F10_m10f11_P10_Y4_UO1192,R10_F10_m10f9_P10_Y2_UO97,RD11_F10_m10f11_P10_Y2_UO1472,MXY,0,0.0,0,0,0.0,0,0,0,0.0,0.5,1,P9_CV0,1,0,2,1,1
10,-0.9510565162951535,0.3090169943749475,Age0_F10_m10f9_P10_Y4_UO1201,R10_F10_m9f10_P9_Y2_UO307,R9_F9_m9f10_P9_Y2_UO73,FXX,0,0.0,0,0,0.0,0,0,0,0.0,0.5625,1,P9_CV0,1,0,2,0,2
10,-0.9510565162951535,0.3090169943749475,Age0_F10_m10f9_P10_Y4_UO1317,R10_F10_m10f11_P10_Y2_UO384,R9_F9_m9f10_P9_Y2_UO728,FXX,0,0.0,0,0,0.0,0,0,0,0.0,0.625,1,P9_CV0,1,2,0,1,1
10,-0.9510565162951535,0.3090169943749475,Age0_F10_m10f9_P10_Y4_UO1318,R10_F10_m10f11_P10_Y2_UO384,R9_F9_m9f10_P9_Y2_UO728,MXY,0,0.0,0,0,0.0,0,0,0,0.0,0.625,1,P9_CV0,1,1,1,1,1
10,-0.9510565162951535,0.3090169943749475,Age0_F10_m10f11_P10_Y4_UO1357,R10_F10_m10f9_P10_Y2_UO1089,R11_F11_m11f10_P11_Y2_UO40,FXX,0,0.0,0,0,0.0,0,0,0,0.0,0.5625,1,P9_CV0,1,1,1,0,2
10,-0.9510565162951535,0.3090169943749475,Age0_F10_m10f9_P10_Y4_UO1445,R10_F10_m10f9_P10_Y2_UO608,R9_F9_m10f11_P10_Y2_UO386,MXY,0,0.0,0,0,0.0,0,0,0,0.0,0.5,1,P9_CV0,1,2,0,1,1
10,-0.9510565162951535,0.3090169943749475,Age0_F10_m10f9_P10_Y4_UO1447,R10_F10_m10f9_P10_Y2_UO608,R9_F9_m10f11_P10_Y2_UO386,MXY,0,0.0,0,0,0.0,0,0,0,0.0,0.5,1,P9_CV0,1,1,1,1,1
10,-0.9510565162951535,0.3090169943749475,Age0_F10_m10f9_P10_Y4_UO1448,R10_F10_m10f9_P10_Y2_UO608,R9_F9_m10f11_P10_Y2_UO386,MXY,0,0.0,0,0,0.0,0,0,0,0.0,0.5,1,P9_CV0,1,1,1,1,1
10,-0.9510565162951535,0.3090169943749475,Age0_F10_m10f9_P10_Y4_UO1449,R10_F10_m10f9_P10_Y2_UO608,R9_F9_m10f11_P10_Y2_UO386,MXY,0,0.0,0,0,0.0,0,0,0,0.0,0.5,1,P9_CV0,1,1,1,1,1
10,-0.9510565162951535,0.3090169943749475,Age0_F10_m10f9_P10_Y4_UO1450,R10_F10_m10f9_P10_Y2_UO608,R9_F9_m10f11_P10_Y2_UO386,MXY,0,0.0,0,0,0.0,0,0,0,0.0,0.5,1,P9_CV0,1,2,0,1,1
10,-0.9510565162951535,0.3090169943749475,Age0_F10_m10f11_P10_Y4_UO1465,R10_F10_m10f11_P10_Y2_UO1429,R11_F11_m11f10_P11_Y2_UO914,MXY,0,0.0,0,0,0.0,0,0,0,0.0,0.375,1,P9_CV0,1,1,1,1,1
10,-0.9510565162951535,0.3090169943749475,Age0_F10_m10f11_P10_Y4_UO1466,R10_F10_m10f11_P10_Y2_UO1429,R11_F11_m11f10_P11_Y2_UO914,FXX,0,0.0,0,0,0.0,0,0,0,0.0,0.375,1,P9_CV0,1,1,1,2,0
10,-0.9510565162951535,0.3090169943749475,R10_F10_m10f9_P10_Y3_UO69,R10_F10_m10f11_P10_Y1_UO320,R9_F9_m9f8_P9_Y1_UO970,MXY,1,0.0,1,1,0.0,0,0,0,-9999.0,0.375,1,P9_CV0,1,1,1,0,2
10,-0.9510565162951535,0.3090169943749475,R10_F10_m10f11_P10_Y2_UO170,R10_F10_m10f9_P10_Y0_UO501,R11_F11_m11f10_P11_Y0_UO1016,MXY,2,0.0,1,0,0.0,0,0,0,-9999.0,0.375,1,P9_CV0,1,0,2,1,1
11,-1.0,1.2246467991473532e-16,Age0_F11_m11f12_P11_Y4_UO231,R11_F11_m11f10_P11_Y2_UO142,RD12_F11_m11f12_P11_Y2_UO583,MXY,0,0.0,0,0,0.0,0,0,0,0.0,0.3125,1,P10_CV0,1,1,1,1,1
11,-1.0,1.2246467991473532e-16,Age0_F11_m11f12_P11_Y4_UO234,R11_F11_m11f10_P11_Y2_UO142,RD12_F11_m11f12_P11_Y2_UO583,MXY,0,0.0,0,0,0.0,0,0,0,0.0,0.3125,1,P10_CV0,1,2,0,2,0
11,-1.0,1.2246467991473532e-16,Age0_F11_m11f12_P11_Y4_UO235,R11_F11_m11f10_P11_Y2_UO142,RD12_F11_m11f12_P11_Y2_UO583,FXX,0,0.0,0,0,0.0,0,0,0,0.0,0.3125,1,P10_CV0,1,1,1,0,2
11,-1.0,1.2246467991473532e-16,Age0_F11_m11f12_P11_Y4_UO237,R11_F11_m11f10_P11_Y2_UO142,RD12_F11_m11f12_P11_Y2_UO583,MXY,0,0.0,0,0,0.0,0,0,0,0.0,0.3125,1,P10_CV0,1,1,1,2,0
11,-1.0,1.2246467991473532e-16,Age0_F11_m11f12_P11_Y4_UO239,R11_F11_m11f10_P11_Y2_UO142,RD12_F11_m11f12_P11_Y2_UO583,MXY,0,0.0,0,0,0.0,0,0,0,0.0,0.3125,1,P10_CV0,1,0,2,1,1
11,-1.0,1.2246467991473532e-16,Age0_F11_m11f12_P11_Y4_UO240,R11_F11_m11f10_P11_Y2_UO142,RD12_F11_m11f12_P11_Y2_UO583,MXY,0,0.0,0,0,0.0,0,0,0,0.0,0.3125,1,P10_CV0,1,1,1,1,1
11,-1.0,1.2246467991473532e-16,Age0_F11_m11f12_P11_Y4_UO323,R11_F11_m11f12_P11_Y2_UO900,RD12_F11_m11f12_P11_Y2_UO583,FXX,0,0.0,0,0,0.0,0,0,0,0.0,0.25,1,P10_CV0,1,1,1,1,1
11,-1.0,1.2246467991473532e-16,Age0_F11_m11f12_P11_Y4_UO324,R11_F11_m11f12_P11_Y2_UO900,RD12_F11_m11f12_P11_Y2_UO583,MXY,0,0.0,0,0,0.0,0,0,0,0.0,0.25,1,P10_CV0,1,1,1,1,1
11,-1.0,1.2246467991473532e-16,Age0_F11_m11f12_P11_Y4_UO326,R11_F11_m11f12_P11_Y2_UO900,RD12_F11_m11f12_P11_Y2_UO583,MXY,0,0.0,0,0,0.0,0,0,0,0.0,0.25,1,P10_CV0,1,0,2,1,1
11,-1.0,1.2246467991473532e-16,Age0_F11_m11f12_P11_Y4_UO327,R11_F11_m11f12_P11_Y2_UO900,RD12_F11_m11f12_P11_Y2_UO583,FXX,0,0.0,0,0,0.0,0,0,0,0.0,0.25,1,P10_CV0,1,0,2,2,0
11,-1.0,1.2246467991473532e-16,Age0_F11_m11f12_P11_Y4_UO328,R11_F11_m11f12_P11_Y2_UO900,RD12_F11_m11f12_P11_Y2_UO583,FXX,0,0.0,0,0,0.0,0,0,0,0.0,0.25,1,P10_CV0,1,1,1,1,1
11,-1.0,1.2246467991473532e-16,Age0_F11_m11f12_P11_Y4_UO329,R11_F11_m11f12_P11_Y2_UO900,RD12_F11_m11f12_P11_Y2_UO583,MXY,0,0.0,0,0,0.0,0,0,0,0.0,0.25,1,P10_CV0,1,0,2,2,0
11,-1.0,1.2246467991473532e-16,Age0_F11_m11f10_P11_Y4_UO676,R11_F11_m11f10_P11_Y2_UO918,R10_F10_m10f11_P10_Y2_UO745,MXY,0,0.0,0,0,0.0,0,0,0,0.0,0.4375,1,P10_CV0,1,1,1,2,0
11,-1.0,1.2246467991473532e-16,Age0_F11_m11f10_P11_Y4_UO767,R11_F11_m12f13_P12_Y2_UO1283,R10_F10_m10f11_P10_Y1_UO499,MXY,0,0.0,0,0,0.0,0,0,0,0.0,0.3125,1,P10_CV0,1,1,1,0,2
11,-1.0,1.2246467991473532e-16,Age0_F11_m11f12_P11_Y4_UO1214,R11_F11_m11f10_P11_Y2_UO918,R12_F12_m12f11_P12_Y2_UO545,MXY,0,0.0,0,0,0.0,0,0,0,0.0,0.5625,1,P10_CV0,1,0,2,1,1
11,-1.0,1.2246467991473532e-16,Age0_F11_m11f12_P11_Y4_UO1217,R11_F11_m11f10_P11_Y2_UO918,R12_F12_m12f11_P12_Y2_UO545,MXY,0,0.0,0,0,0.0,0,0,0,0.0,0.5625,1,P10_CV0,1,1,1,1,1
11,-1.0,1.2246467991473532e-16,Age0_F11_m11f12_P11_Y4_UO1218,R11_F11_m11f10_P11_Y2_UO918,R12_F12_m12f11_P12_Y2_UO545,FXX,0,0.0,0,0,0.0,0,0,0,0.0,0.5625,1,P10_CV0,1,0,2,1,1
11,-1.0,1.2246467991473532e-16,R11_F11_m11f12_P11_Y3_UO58,R11_F11_m11f12_P11_Y1_UO1055,R12_F12_m12f11_P12_Y0_UO171,MXY,1,0.0,1,1,0.0,0,0,0,-9999.0,0.75,1,P10_CV0,1,2,0,1,1
11,-1.0,1.2246467991473532e-16,R11_F11_m11f12_P11_Y3_UO52,R11_F11_m11f12_P11_Y1_UO1055,R12_F12_m12f11_P12_Y0_UO171,FXX,1,0.0,1,1,1.0,0,0,0,-9999.0,0.75,1,P10_CV0,1,1,1,1,1
11,-1.0,1.2246467991473532e-16,R11_F11_m11f12_P11_Y2_UO811,RD11_F10_m10f11_P10_Y0_UO991,R12_F12_m12f11_P12_Y0_UO1363,FXX,2,0.0,1,0,1.0,0,0,0,-9999.0,0.625,1,P10_CV0,1,0,2,2,0
11,-1.0,1.2246467991473532e-16,R11_F11_m11f12_P11_Y2_UO1152,RD11_F12_m12f13_P12_Y0_UO101,R12_F12_m12f11_P12_Y0_UO645,FXX,2,0.0,1,0,1.0,0,0,0,-9999.0,0.375,1,P10_CV0,1,2,0,1,1
11,-1.0,1.2246467991473532e-16,R11_F11_m11f10_P11_Y2_UO914,R11_F11_m11f10_P11_Y0_UO938,R10_F10_m10f11_P10_Y0_UO77,MXY,2,0.0,1,0,0.0,0,0,0,-9999.0,0.625,1,P10_CV0,1,2,0,2,0
11,-1.0,1.2246467991473532e-16,R11_F11_m11f10_P11_Y2_UO40,R11_F11_m11f10_P11_Y0_UO938,R10_F10_m10f11_P10_Y0_UO212,MXY,2,0.0,1,0,0.0,0,0,0,-9999.0,0.5,1,P10_CV0,1,2,0,1,1
11,-1.0,1.2246467991473532e-16,R11_F11_m11f10_P11_Y1_UO547,R11_F11_m-1f-1_P11_Y-1_U10,R10_F10_m-1f-1_P10_Y-1_U0,MXY,3,0.0,1,0,0.0,0,0,0,-9999.0,0.75,1,P10_CV0,1,1,1,2,0
11,-1.0,1.2246467991473532e-16,R11_F11_m11f12_P11_Y1_UO26,R11_F11_m-1f-1_P11_Y-1_U34,R12_F12_m-1f-1_P12_Y-1_U65,FXX,3,0.0,1,0,1.0,0,0,0,-9999.0,0.25,1,P10_CV0,1,1,1,1,1
11,-1.0,1.2246467991473532e-16,Age0_F11_m11f12_P11_Y4_UO325,R11_F11_m11f12_P11_Y2_UO900,RD12_F11_m11f12_P11_Y2_UO583,MXY,0,0.0,0,0,0.0,0,0,0,0.0,0.25,1,P11_CV0,1,1,1,2,0
11,-1.0,1.2246467991473532e-16,R11_F11_m11f12_P11_Y3_UO915,R11_F11_m11f12_P11_Y1_UO1055,R12_F12_m12f11_P12_Y1_UO935,MXY,1,0.0,1,1,0.0,0,0,0,-9999.0,0.5,1,P11_CV0,1,2,0,0,2
11,-1.0,1.2246467991473532e-16,R11_F11_m12f13_P12_Y3_UO751,RD12_F11_m11f12_P11_Y1_UO1053,R13_F13_m13f14_P13_Y1_UO794,MXY,1,0.0,1,1,0.0,0,0,0,-9999.0,0.25,1,P11_CV0,1,0,2,0,2
11,-1.0,1.2246467991473532e-16,R11_F11_m11f10_P11_Y3_UO992,R11_F11_m11f12_P11_Y1_UO493,R10_F10_m10f9_P10_Y1_UO569,MXY,1,0.0,1,1,0.0,0,0,0,-9999.0,0.625,1,P11_CV0,1,1,1,2,0
11,-1.0,1.2246467991473532e-16,R11_F11_m11f12_P11_Y3_UO937,R11_F11_m10f11_P10_Y1_UO310,R12_F12_m12f11_P12_Y1_UO92,MXY,1,0.0,1,1,0.0,0,0,0,-9999.0,0.375,1,P11_CV0,1,0,2,1,1
11,-1.0,1.2246467991473532e-16,R11_F11_m11f12_P11_Y3_UO913,R11_F11_m11f12_P11_Y1_UO1055,R12_F12_m12f11_P12_Y1_UO935,MXY,1,0.0,1,1,0.0,0,0,0,-9999.0,0.5,1,P11_CV0,1,1,1,0,2
11,-1.0,1.2246467991473532e-16,R11_F11_m11f12_P11_Y2_UO901,R11_F11_m11f12_P11_Y0_UO306,R12_F12_m11f12_P11_Y0_UO435,MXY,2,0.0,1,0,0.0,0,0,0,-9999.0,0.25,1,P11_CV0,1,0,2,1,1
11,-1.0,1.2246467991473532e-16,Age0_F11_m11f10_P11_Y4_UO766,R11_F11_m12f13_P12_Y2_UO1283,R10_F10_m10f11_P10_Y1_UO499,MXY,0,0.0,0,0,0.0,0,0,0,0.0,0.3125,1,P12_CV0,1,0,2,1,1
11,-1.0,1.2246467991473532e-16,Age0_F11_m11f12_P11_Y4_UO330,R11_F11_m11f10_P11_Y2_UO619,R12_F12_m12f13_P12_Y2_UO1282,FXX,0,0.0,0,0,0.0,0,0,0,0.0,0.375,1,P13_CV0,1,1,1,0,2
11,-1.0,1.2246467991473532e-16,Age0_F11_m11f12_P11_Y4_UO333,R11_F11_m11f10_P11_Y2_UO619,R12_F12_m12f13_P12_Y2_UO1282,FXX,0,0.0,0,0,0.0,0,0,0,0.0,0.375,1,P13_CV0,1,0,2,1,1
11,-1.0,1.2246467991473532e-16,Age0_F11_m11f12_P11_Y4_UO336,R11_F11_m11f10_P11_Y2_UO619,R12_F12_m12f13_P12_Y2_UO1282,FXX,0,0.0,0,0,0.0,0,0,0,0.0,0.375,1,P13_CV0,1,0,2,1,1
11,-1.0,1.2246467991473532e-16,R11_F11_m12f13_P12_Y3_UO397,R12_F12_m13f14_P13_Y1_UO792,RD13_F14_m14f15_P14_Y1_UO19,FXX,1,0.0,1,1,1.0,0,0,0,-9999.0,0.25,1,P14_CV0,1,1,1,0,2
11,-1.0,1.2246467991473532e-16,Age0_F11_m11f12_P11_Y4_UO331,R11_F11_m11f10_P11_Y2_UO619,R12_F12_m12f13_P12_Y2_UO1282,FXX,0,0.0,0,0,0.0,0,0,0,0.0,0.375,1,P8_CV0,1,1,1,0,2
11,-1.0,1.2246467991473532e-16,Age0_F11_m11f12_P11_Y4_UO332,R11_F11_m11f10_P11_Y2_UO619,R12_F12_m12f13_P12_Y2_UO1282,FXX,0,0.0,0,0,0.0,0,0,0,0.0,0.375,1,P8_CV0,1,0,2,1,1
11,-1.0,1.2246467991473532e-16,Age0_F11_m11f12_P11_Y4_UO334,R11_F11_m11f10_P11_Y2_UO619,R12_F12_m12f13_P12_Y2_UO1282,MXY,0,0.0,0,0,0.0,0,0,0,0.0,0.375,1,P8_CV0,1,1,1,1,1
11,-1.0,1.2246467991473532e-16,Age0_F11_m11f12_P11_Y4_UO335,R11_F11_m11f10_P11_Y2_UO619,R12_F12_m12f13_P12_Y2_UO1282,MXY,0,0.0,0,0,0.0,0,0,0,0.0,0.375,1,P8_CV0,1,1,1,1,1
11,-1.0,1.2246467991473532e-16,Age0_F11_m11f12_P11_Y4_UO337,R11_F11_m11f10_P11_Y2_UO619,R12_F12_m12f13_P12_Y2_UO1282,MXY,0,0.0,0,0,0.0,0,0,0,0.0,0.375,1,P8_CV0,1,1,1,1,1
11,-1.0,1.2246467991473532e-16,Age0_F11_m11f10_P11_Y4_UO361,R11_F11_m11f10_P11_Y2_UO697,R10_F10_m10f11_P10_Y2_UO987,MXY,0,0.0,0,0,0.0,0,0,0,0.0,0.5,1,P8_CV0,1,1,1,1,1
11,-1.0,1.2246467991473532e-16,Age0_F11_m11f10_P11_Y4_UO362,R11_F11_m11f10_P11_Y2_UO697,R10_F10_m10f11_P10_Y2_UO987,FXX,0,0.0,0,0,0.0,0,0,0,0.0,0.5,1,P8_CV0,1,1,1,1,1
11,-1.0,1.2246467991473532e-16,Age0_F11_m11f10_P11_Y4_UO364,R11_F11_m11f10_P11_Y2_UO697,R10_F10_m10f11_P10_Y2_UO987,FXX,0,0.0,0,0,0.0,0,0,0,0.0,0.5,1,P8_CV0,1,1,1,2,0
11,-1.0,1.2246467991473532e-16,Age0_F11_m11f10_P11_Y4_UO367,R11_F11_m11f10_P11_Y2_UO697,R10_F10_m10f11_P10_Y2_UO987,FXX,0,0.0,0,0,0.0,0,0,0,0.0,0.5,1,P8_CV0,1,1,1,1,1
11,-1.0,1.2246467991473532e-16,Age0_F11_m11f10_P11_Y4_UO671,R11_F11_m11f10_P11_Y2_UO918,R10_F10_m10f11_P10_Y2_UO745,FXX,0,0.0,0,0,0.0,0,0,0,0.0,0.4375,1,P8_CV0,1,0,2,1,1
11,-1.0,1.2246467991473532e-16,Age0_F11_m11f10_P11_Y4_UO672,R11_F11_m11f10_P11_Y2_UO918,R10_F10_m10f11_P10_Y2_UO745,FXX,0,0.0,0,0,0.0,0,0,0,0.0,0.4375,1,P8_CV0,1,2,0,1,1
11,-1.0,1.2246467991473532e-16,Age0_F11_m11f10_P11_Y4_UO673,R11_F11_m11f10_P11_Y2_UO918,R10_F10_m10f11_P10_Y2_UO745,FXX,0,0.0,0,0,0.0,0,0,0,0.0,0.4375,1,P8_CV0,1,2,0,2,0
11,-1.0,1.2246467991473532e-16,Age0_F11_m11f10_P11_Y4_UO674,R11_F11_m11f10_P11_Y2_UO918,R10_F10_m10f11_P10_Y2_UO745,MXY,0,0.0,0,0,0.0,0,0,0,0.0,0.4375,1,P8_CV0,1,0,2,2,0
11,-1.0,1.2246467991473532e-16,Age0_F11_m11f10_P11_Y4_UO675,R11_F11_m11f10_P11_Y2_UO918,R10_F10_m10f11_P10_Y2_UO745,MXY,0,0.0,0,0,0.0,0,0,0,0.0,0.4375,1,P8_CV0,1,1,1,1,1
11,-1.0,1.2246467991473532e-16,Age0_F11_m11f10_P11_Y4_UO708,R11_F11_m11f10_P11_Y2_UO697,R10_F10_m10f9_P10_Y2_UO604,MXY,0,0.0,0,0,0.0,0,0,0,0.0,0.625,1,P8_CV0,1,2,0,1,1
11,-1.0,1.2246467991473532e-16,Age0_F11_m11f10_P11_Y4_UO710,R11_F11_m11f10_P11_Y2_UO697,R10_F10_m10f9_P10_Y2_UO604,MXY,0,0.0,0,0,0.0,0,0,0,0.0,0.625,1,P8_CV0,1,1,1,1,1
11,-1.0,1.2246467991473532e-16,Age0_F11_m11f10_P11_Y4_UO711,R11_F11_m11f10_P11_Y2_UO697,R10_F10_m10f9_P10_Y2_UO604,FXX,0,0.0,0,0,0.0,0,0,0,0.0,0.625,1,P8_CV0,1,1,1,2,0
11,-1.0,1.2246467991473532e-16,Age0_F11_m11f10_P11_Y4_UO1096,R11_F11_m11f10_P11_Y2_UO619,R10_F10_m10f9_P10_Y2_UO607,MXY,0,0.0,0,0,0.0,0,0,0,0.0,0.375,1,P8_CV0,1,0,2,1,1
11,-1.0,1.2246467991473532e-16,Age0_F11_m11f10_P11_Y4_UO1097,R11_F11_m11f10_P11_Y2_UO619,R10_F10_m10f9_P10_Y2_UO607,MXY,0,0.0,0,0,0.0,0,0,0,0.0,0.375,1,P8_CV0,1,0,2,0,2
11,-1.0,1.2246467991473532e-16,R11_F11_m10f9_P10_Y2_UO397,R10_F10_m10f11_P10_Y0_UO1284,R9_F9_m9f8_P9_Y0_UO1320,MXY,2,0.0,1,0,0.0,0,0,0,-9999.0,0.375,1,P8_CV0,1,1,1,1,1
11,-1.0,1.2246467991473532e-16,R11_F11_m10f9_P10_Y2_UO824,R10_F10_m10f11_P10_Y0_UO211,R9_F9_m-1f-1_P9_Y-1_U11,MXY,2,0.0,1,0,0.0,0,0,0,-9999.0,0.625,1,P8_CV0,1,2,0,2,0
11,-1.0,1.2246467991473532e-16,R11_F11_m11f10_P11_Y2_UO1258,RD11_F12_m12f11_P12_Y0_UO957,R10_F10_m10f9_P10_Y0_UO73,MXY,2,0.0,1,0,0.0,0,0,0,-9999.0,0.625,1,P8_CV0,1,2,0,2,0
11,-1.0,1.2246467991473532e-16,Age0_F11_m11f12_P11_Y4_UO229,R11_F11_m11f10_P11_Y2_UO142,RD12_F11_m11f12_P11_Y2_UO583,FXX,0,0.0,0,0,0.0,0,0,0,0.0,0.3125,1,P9_CV0,1,1,1,2,0
11,-1.0,1.2246467991473532e-16,Age0_F11_m11f12_P11_Y4_UO230,R11_F11_m11f10_P11_Y2_UO142,RD12_F11_m11f12_P11_Y2_UO583,FXX,0,0.0,0,0,0.0,0,0,0,0.0,0.3125,1,P9_CV0,1,0,2,1,1
11,-1.0,1.2246467991473532e-16,Age0_F11_m11f12_P11_Y4_UO232,R11_F11_m11f10_P11_Y2_UO142,RD12_F11_m11f12_P11_Y2_UO583,FXX,0,0.0,0,0,0.0,0,0,0,0.0,0.3125,1,P9_CV0,1,0,2,1,1
11,-1.0,1.2246467991473532e-16,Age0_F11_m11f12_P11_Y4_UO233,R11_F11_m11f10_P11_Y2_UO142,RD12_F11_m11f12_P11_Y2_UO583,FXX,0,0.0,0,0,0.0,0,0,0,0.0,0.3125,1,P9_CV0,1,0,2,0,2
11,-1.0,1.2246467991473532e-16,Age0_F11_m11f12_P11_Y4_UO236,R11_F11_m11f10_P11_Y2_UO142,RD12_F11_m11f12_P11_Y2_UO583,FXX,0,0.0,0,0,0.0,0,0,0,0.0,0.3125,1,P9_CV0,1,2,0,2,0
11,-1.0,1.2246467991473532e-16,Age0_F11_m11f12_P11_Y4_UO238,R11_F11_m11f10_P11_Y2_UO142,RD12_F11_m11f12_P11_Y2_UO583,FXX,0,0.0,0,0,0.0,0,0,0,0.0,0.3125,1,P9_CV0,1,2,0,2,0
11,-1.0,1.2246467991473532e-16,Age0_F11_m11f10_P11_Y4_UO360,R11_F11_m11f10_P11_Y2_UO697,R10_F10_m10f11_P10_Y2_UO987,FXX,0,0.0,0,0,0.0,0,0,0,0.0,0.5,1,P9_CV0,1,1,1,1,1
11,-1.0,1.2246467991473532e-16,Age0_F11_m11f10_P11_Y4_UO363,R11_F11_m11f10_P11_Y2_UO697,R10_F10_m10f11_P10_Y2_UO987,FXX,0,0.0,0,0,0.0,0,0,0,0.0,0.5,1,P9_CV0,1,1,1,2,0
11,-1.0,1.2246467991473532e-16,Age0_F11_m11f10_P11_Y4_UO365,R11_F11_m11f10_P11_Y2_UO697,R10_F10_m10f11_P10_Y2_UO987,MXY,0,0.0,0,0,0.0,0,0,0,0.0,0.5,1,P9_CV0,1,1,1,1,1
11,-1.0,1.2246467991473532e-16,Age0_F11_m11f10_P11_Y4_UO366,R11_F11_m11f10_P11_Y2_UO697,R10_F10_m10f11_P10_Y2_UO987,FXX,0,0.0,0,0,0.0,0,0,0,0.0,0.5,1,P9_CV0,1,1,1,2,0
11,-1.0,1.2246467991473532e-16,Age0_F11_m11f10_P11_Y4_UO368,R11_F11_m11f10_P11_Y2_UO697,R10_F10_m10f11_P10_Y2_UO987,MXY,0,0.0,0,0,0.0,0,0,0,0.0,0.5,1,P9_CV0,1,1,1,1,1
11,-1.0,1.2246467991473532e-16,Age0_F11_m11f10_P11_Y4_UO369,R11_F11_m11f10_P11_Y2_UO697,R10_F10_m10f11_P10_Y2_UO987,FXX,0,0.0,0,0,0.0,0,0,0,0.0,0.5,1,P9_CV0,1,1,1,2,0
11,-1.0,1.2246467991473532e-16,Age0_F11_m11f10_P11_Y4_UO707,R11_F11_m11f10_P11_Y2_UO697,R10_F10_m10f9_P10_Y2_UO604,FXX,0,0.0,0,0,0.0,0,0,0,0.0,0.625,1,P9_CV0,1,1,1,1,1
11,-1.0,1.2246467991473532e-16,Age0_F11_m11f10_P11_Y4_UO709,R11_F11_m11f10_P11_Y2_UO697,R10_F10_m10f9_P10_Y2_UO604,MXY,0,0.0,0,0,0.0,0,0,0,0.0,0.625,1,P9_CV0,1,2,0,1,1
11,-1.0,1.2246467991473532e-16,Age0_F11_m11f10_P11_Y4_UO712,R11_F11_m11f10_P11_Y2_UO697,R10_F10_m10f9_P10_Y2_UO604,FXX,0,0.0,0,0,0.0,0,0,0,0.0,0.625,1,P9_CV0,1,1,1,2,0
11,-1.0,1.2246467991473532e-16,Age0_F11_m11f10_P11_Y4_UO713,R11_F11_m11f10_P11_Y2_UO697,R10_F10_m10f9_P10_Y2_UO604,MXY,0,0.0,0,0,0.0,0,0,0,0.0,0.625,1,P9_CV0,1,2,0,2,0
11,-1.0,1.2246467991473532e-16,Age0_F11_m11f10_P11_Y4_UO714,R11_F11_m11f10_P11_Y2_UO697,R10_F10_m10f9_P10_Y2_UO604,FXX,0,0.0,0,0,0.0,0,0,0,0.0,0.625,1,P9_CV0,1,1,1,2,0
11,-1.0,1.2246467991473532e-16,Age0_F11_m11f10_P11_Y4_UO1095,R11_F11_m11f10_P11_Y2_UO619,R10_F10_m10f9_P10_Y2_UO607,MXY,0,0.0,0,0,0.0,0,0,0,0.0,0.375,1,P9_CV0,1,0,2,1,1
11,-1.0,1.2246467991473532e-16,Age0_F11_m11f10_P11_Y4_UO1098,R11_F11_m11f10_P11_Y2_UO619,R10_F10_m10f9_P10_Y2_UO607,MXY,0,0.0,0,0,0.0,0,0,0,0.0,0.375,1,P9_CV0,1,0,2,1,1
11,-1.0,1.2246467991473532e-16,Age0_F11_m11f10_P11_Y4_UO1099,R11_F11_m11f10_P11_Y2_UO619,R10_F10_m10f9_P10_Y2_UO607,FXX,0,0.0,0,0,0.0,0,0,0,0.0,0.375,1,P9_CV0,1,0,2,0,2
11,-1.0,1.2246467991473532e-16,Age0_F11_m11f10_P11_Y4_UO1100,R11_F11_m11f10_P11_Y2_UO619,R10_F10_m10f9_P10_Y2_UO607,FXX,0,0.0,0,0,0.0,0,0,0,0.0,0.375,1,P9_CV0,1,0,2,1,1
11,-1.0,1.2246467991473532e-16,Age0_F11_m11f10_P11_Y4_UO1101,R11_F11_m11f10_P11_Y2_UO619,R10_F10_m10f9_P10_Y2_UO607,MXY,0,0.0,0,0,0.0,0,0,0,0.0,0.375,1,P9_CV0,1,0,2,0,2
11,-1.0,1.2246467991473532e-16,Age0_F11_m11f12_P11_Y4_UO1215,R11_F11_m11f10_P11_Y2_UO918,R12_F12_m12f11_P12_Y2_UO545,MXY,0,0.0,0,0,0.0,0,0,0,0.0,0.5625,1,P9_CV0,1,2,0,1,1
11,-1.0,1.2246467991473532e-16,Age0_F11_m11f12_P11_Y4_UO1216,R11_F11_m11f10_P11_Y2_UO918,R12_F12_m12f11_P12_Y2_UO545,FXX,0,0.0,0,0,0.0,0,0,0,0.0,0.5625,1,P9_CV0,1,2,0,1,1
11,-1.0,1.2246467991473532e-16,Age0_F11_m11f12_P11_Y4_UO1219,R11_F11_m11f10_P11_Y2_UO918,R12_F12_m12f11_P12_Y2_UO545,FXX,0,0.0,0,0,0.0,0,0,0,0.0,0.5625,1,P9_CV0,1,1,1,1,1
11,-1.0,1.2246467991473532e-16,Age0_F11_m11f12_P11_Y4_UO1359,R11_F11_m11f10_P11_Y2_UO919,R12_F12_m12f11_P12_Y2_UO545,FXX,0,0.0,0,0,0.0,0,0,0,0.0,0.5625,1,P9_CV0,1,2,0,1,1
11,-1.0,1.2246467991473532e-16,Age0_F11_m11f12_P11_Y4_UO1360,R11_F11_m11f10_P11_Y2_UO919,R12_F12_m12f11_P12_Y2_UO545,MXY,0,0.0,0,0,0.0,0,0,0,0.0,0.5625,1,P9_CV0,1,2,0,1,1
11,-1.0,1.2246467991473532e-16,Age0_F11_m11f12_P11_Y4_UO1361,R11_F11_m11f10_P11_Y2_UO919,R12_F12_m12f11_P12_Y2_UO545,FXX,0,0.0,0,0,0.0,0,0,0,0.0,0.5625,1,P9_CV0,1,1,1,1,1
11,-1.0,1.2246467991473532e-16,Age0_F11_m11f12_P11_Y4_UO1362,R11_F11_m11f10_P11_Y2_UO919,R12_F12_m12f11_P12_Y2_UO545,MXY,0,0.0,0,0,0.0,0,0,0,0.0,0.5625,1,P9_CV0,1,0,2,1,1
11,-1.0,1.2246467991473532e-16,Age0_F11_m11f12_P11_Y4_UO1363,R11_F11_m11f10_P11_Y2_UO919,R12_F12_m12f11_P12_Y2_UO545,FXX,0,0.0,0,0,0.0,0,0,0,0.0,0.5625,1,P9_CV0,1,1,1,1,1
11,-1.0,1.2246467991473532e-16,Age0_F11_m11f12_P11_Y4_UO1364,R11_F11_m11f10_P11_Y2_UO919,R12_F12_m12f11_P12_Y2_UO545,MXY,0,0.0,0,0,0.0,0,0,0,0.0,0.5625,1,P9_CV0,1,0,2,1,1
11,-1.0,1.2246467991473532e-16,Age0_F11_m11f12_P11_Y4_UO1365,R11_F11_m11f10_P11_Y2_UO919,R12_F12_m12f11_P12_Y2_UO545,FXX,0,0.0,0,0,0.0,0,0,0,0.0,0.5625,1,P9_CV0,1,1,1,1,1
11,-1.0,1.2246467991473532e-16,R11_F11_m11f10_P11_Y3_UO83,R11_F11_m11f10_P11_Y1_UO995,R10_F10_m10f9_P10_Y0_UO243,FXX,1,0.0,1,1,1.0,0,0,0,-9999.0,0.625,1,P9_CV0,1,2,0,1,1
11,-1.0,1.2246467991473532e-16,R11_F11_m10f9_P10_Y3_UO76,R10_F10_m10f11_P10_Y1_UO320,R9_F9_m9f8_P9_Y1_UO970,MXY,1,0.0,1,1,0.0,0,0,0,-9999.0,0.375,1,P9_CV0,1,0,2,0,2
11,-1.0,1.2246467991473532e-16,R11_F11_m11f10_P11_Y3_UO32,R11_F11_m11f10_P11_Y1_UO995,R10_F10_m-1f-1_P10_Y-1_U89,MXY,1,0.0,1,1,0.0,0,0,0,-9999.0,0.75,1,P9_CV0,1,2,0,1,1
11,-1.0,1.2246467991473532e-16,R11_F11_m11f10_P11_Y3_UO87,R11_F11_m11f10_P11_Y1_UO995,R10_F10_m10f9_P10_Y0_UO243,MXY,1,0.0,1,1,0.0,0,0,0,-9999.0,0.625,1,P9_CV0,1,1,1,2,0
11,-1.0,1.2246467991473532e-16,R11_F11_m11f10_P11_Y3_UO678,R11_F11_m11f12_P11_Y1_UO1055,R10_F10_m-1f-1_P10_Y-1_U89,MXY,1,0.0,1,1,0.0,0,0,0,-9999.0,0.5,1,P9_CV0,1,1,1,0,2
11,-1.0,1.2246467991473532e-16,R11_F11_m11f10_P11_Y3_UO950,R11_F11_m11f10_P11_Y1_UO995,R10_F10_m10f9_P10_Y1_UO569,MXY,1,0.0,1,1,0.0,0,0,0,-9999.0,1.0,1,P9_CV0,1,2,0,1,1
11,-1.0,1.2246467991473532e-16,R11_F11_m11f10_P11_Y3_UO675,R11_F11_m11f12_P11_Y1_UO1055,R10_F10_m-1f-1_P10_Y-1_U89,FXX,1,0.0,1,1,1.0,0,0,0,-9999.0,0.5,1,P9_CV0,1,0,2,0,2
11,-1.0,1.2246467991473532e-16,R11_F11_m11f10_P11_Y2_UO134,RD11_F10_m10f11_P10_Y0_UO991,R10_F10_m10f9_P10_Y0_UO243,FXX,2,0.0,1,0,1.0,0,0,0,-9999.0,0.375,1,P9_CV0,1,1,1,2,0
11,-1.0,1.2246467991473532e-16,R11_F11_m11f12_P11_Y2_UO582,R11_F11_m11f10_P11_Y0_UO662,R12_F12_m12f11_P12_Y0_UO645,MXY,2,0.0,1,0,0.0,0,0,0,-9999.0,0.25,1,P9_CV0,1,1,1,1,1
12,-0.9510565162951538,-0.3090169943749469,Age0_F12_m12f13_P12_Y4_UO10,R12_F12_m12f13_P12_Y2_UO104,R13_F13_m13f14_P13_Y2_UO869,FXX,0,0.0,0,0,0.0,0,0,0,0.0,0.625,1,P10_CV0,1,1,1,0,2
12,-0.9510565162951538,-0.3090169943749469,Age0_F12_m12f13_P12_Y4_UO11,R12_F12_m12f13_P12_Y2_UO104,R13_F13_m13f14_P13_Y2_UO869,MXY,0,0.0,0,0,0.0,0,0,0,0.0,0.625,1,P10_CV0,1,2,0,0,2
12,-0.9510565162951538,-0.3090169943749469,Age0_F12_m12f13_P12_Y4_UO12,R12_F12_m12f13_P12_Y2_UO104,R13_F13_m13f14_P13_Y2_UO869,MXY,0,0.0,0,0,0.0,0,0,0,0.0,0.625,1,P10_CV0,1,1,1,0,2
12,-0.9510565162951538,-0.3090169943749469,Age0_F12_m12f13_P12_Y4_UO247,R12_F12_m12f13_P12_Y2_UO406,R13_F13_m13f12_P13_Y2_UO35,FXX,0,0.0,0,0,0.0,0,0,0,0.0,0.5625,1,P10_CV0,1,2,0,0,2
12,-0.9510565162951538,-0.3090169943749469,Age0_F12_m12f13_P12_Y4_UO250,R12_F12_m12f13_P12_Y2_UO406,R13_F13_m13f12_P13_Y2_UO35,MXY,0,0.0,0,0,0.0,0,0,0,0.0,0.5625,1,P10_CV0,1,2,0,2,0
12,-0.9510565162951538,-0.3090169943749469,Age0_F12_m12f11_P12_Y4_UO499,R12_F12_m12f13_P12_Y2_UO840,R11_F11_m11f10_P11_Y2_UO914,MXY,0,0.0,0,0,0.0,0,0,0,0.0,0.75,1,P10_CV0,1,2,0,1,1
12,-0.9510565162951538,-0.3090169943749469,Age0_F12_m12f11_P12_Y4_UO500,R12_F12_m12f13_P12_Y2_UO840,R11_F11_m11f10_P11_Y2_UO914,FXX,0,0.0,0,0,0.0,0,0,0,0.0,0.75,1,P10_CV0,1,2,0,2,0
12,-0.9510565162951538,-0.3090169943749469,Age0_F12_m12f11_P12_Y4_UO502,R12_F12_m12f13_P12_Y2_UO840,R11_F11_m11f10_P11_Y2_UO914,FXX,0,0.0,0,0,0.0,0,0,0,0.0,0.75,1,P10_CV0,1,2,0,2,0
12,-0.9510565162951538,-0.3090169943749469,Age0_F12_m12f13_P12_Y4_UO787,R12_F12_m12f11_P12_Y2_UO543,R13_F13_m13f12_P13_Y2_UO822,MXY,0,0.0,0,0,0.0,0,0,0,0.0,0.4375,1,P10_CV0,1,0,2,2,0
12,-0.9510565162951538,-0.3090169943749469,Age0_F12_m12f13_P12_Y4_UO788,R12_F12_m12f11_P12_Y2_UO543,R13_F13_m13f12_P13_Y2_UO822,FXX,0,0.0,0,0,0.0,0,0,0,0.0,0.4375,1,P10_CV0,1,1,1,2,0
12,-0.9510565162951538,-0.3090169943749469,Age0_F12_m12f13_P12_Y4_UO790,R12_F12_m12f11_P12_Y2_UO543,R13_F13_m13f12_P13_Y2_UO822,FXX,0,0.0,0,0,0.0,0,0,0,0.0,0.4375,1,P10_CV0,1,1,1,1,1
12,-0.9510565162951538,-0.3090169943749469,Age0_F12_m12f13_P12_Y4_UO792,R12_F12_m12f11_P12_Y2_UO543,R13_F13_m13f12_P13_Y2_UO822,FXX,0,0.0,0,0,0.0,0,0,0,0.0,0.4375,1,P10_CV0,1,1,1,1,1
12,-0.9510565162951538,-0.3090169943749469,Age0_F12_m12f13_P12_Y4_UO793,R12_F12_m12f11_P12_Y2_UO543,R13_F13_m13f12_P13_Y2_UO822,MXY,0,0.0,0,0,0.0,0,0,0,0.0,0.4375,1,P10_CV0,1,1,1,1,1
12,-0.9510565162951538,-0.3090169943749469,Age0_F12_m12f11_P12_Y4_UO805,R12_F12_m12f13_P12_Y2_UO406,R11_F11_m11f12_P11_Y2_UO1154,MXY,0,0.0,0,0,0.0,0,0,0,0.0,0.4375,1,P10_CV0,1,1,1,2,0
12,-0.9510565162951538,-0.3090169943749469,Age0_F12_m12f11_P12_Y4_UO806,R12_F12_m12f13_P12_Y2_UO406,R11_F11_m11f12_P11_Y2_UO1154,MXY,0,0.0,0,0,0.0,0,0,0,0.0,0.4375,1,P10_CV0,1,1,1,1,1
12,-0.9510565162951538,-0.3090169943749469,Age0_F12_m12f11_P12_Y4_UO807,R12_F12_m12f13_P12_Y2_UO406,R11_F11_m11f12_P11_Y2_UO1154,FXX,0,0.0,0,0,0.0,0,0,0,0.0,0.4375,1,P10_CV0,1,1,1,2,0
12,-0.9510565162951538,-0.3090169943749469,Age0_F12_m12f11_P12_Y4_UO808,R12_F12_m12f13_P12_Y2_UO406,R11_F11_m11f12_P11_Y2_UO1154,FXX,0,0.0,0,0,0.0,0,0,0,0.0,0.4375,1,P10_CV0,1,1,1,2,0
12,-0.9510565162951538,-0.3090169943749469,Age0_F12_m12f11_P12_Y4_UO809,R12_F12_m12f13_P12_Y2_UO406,R11_F11_m11f12_P11_Y2_UO1154,MXY,0,0.0,0,0,0.0,0,0,0,0.0,0.4375,1,P10_CV0,1,1,1,1,1
12,-0.9510565162951538,-0.3090169943749469,Age0_F12_m12f11_P12_Y4_UO810,R12_F12_m12f13_P12_Y2_UO406,R11_F11_m11f12_P11_Y2_UO1154,MXY,0,0.0,0,0,0.0,0,0,0,0.0,0.4375,1,P10_CV0,1,1,1,1,1
12,-0.9510565162951538,-0.3090169943749469,Age0_F12_m12f11_P12_Y4_UO811,R12_F12_m12f13_P12_Y2_UO406,R11_F11_m11f12_P11_Y2_UO1154,MXY,0,0.0,0,0,0.0,0,0,0,0.0,0.4375,1,P10_CV0,1,1,1,2,0
12,-0.9510565162951538,-0.3090169943749469,Age0_F12_m12f11_P12_Y4_UO1110,R12_F12_m12f13_P12_Y2_UO408,R11_F11_m11f10_P11_Y1_UO719,MXY,0,0.0,0,0,0.0,0,0,0,0.0,0.375,1,P10_CV0,1,0,2,2,0
12,-0.9510565162951538,-0.3090169943749469,Age0_F12_m12f11_P12_Y4_UO1111,R12_F12_m12f13_P12_Y2_UO408,R11_F11_m11f10_P11_Y1_UO719,FXX,0,0.0,0,0,0.0,0,0,0,0.0,0.375,1,P10_CV0,1,1,1,2,0
12,-0.9510565162951538,-0.3090169943749469,Age0_F12_m12f11_P12_Y4_UO1112,R12_F12_m12f13_P12_Y2_UO408,R11_F11_m11f10_P11_Y1_UO719,MXY,0,0.0,0,0,0.0,0,0,0,0.0,0.375,1,P10_CV0,1,0,2,2,0
12,-0.9510565162951538,-0.3090169943749469,Age0_F12_m12f11_P12_Y4_UO1113,R12_F12_m12f13_P12_Y2_UO408,R11_F11_m11f10_P11_Y1_UO719,FXX,0,0.0,0,0,0.0,0,0,0,0.0,0.375,1,P10_CV0,1,0,2,2,0
12,-0.9510565162951538,-0.3090169943749469,Age0_F12_m12f11_P12_Y4_UO1114,R12_F12_m12f13_P12_Y2_UO408,R11_F11_m11f10_P11_Y1_UO719,MXY,0,0.0,0,0,0.0,0,0,0,0.0,0.375,1,P10_CV0,1,0,2,2,0
12,-0.9510565162951538,-0.3090169943749469,R12_F12_m11f12_P11_Y3_UO56,R11_F11_m11f12_P11_Y1_UO1055,R12_F12_m12f11_P12_Y0_UO171,FXX,1,0.0,1,1,1.0,0,0,0,-9999.0,0.75,1,P10_CV0,1,2,0,1,1
12,-0.9510565162951538,-0.3090169943749469,R12_F12_m12f11_P12_Y3_UO859,R12_F12_m12f11_P12_Y1_UO984,R11_F11_m11f10_P11_Y1_UO400,MXY,1,0.0,1,1,0.0,0,0,0,-9999.0,0.5,1,P10_CV0,1,2,0,0,2
12,-0.9510565162951538,-0.3090169943749469,R12_F12_m11f10_P11_Y3_UO866,R11_F11_m11f12_P11_Y1_UO604,R10_F10_m10f9_P10_Y1_UO283,MXY,1,0.0,1,1,0.0,0,0,0,-9999.0,0.625,1,P10_CV0,1,1,1,2,0
12,-0.9510565162951538,-0.3090169943749469,R12_F12_m12f11_P12_Y3_UO930,R12_F12_m12f11_P12_Y1_UO88,R11_F11_m11f10_P11_Y1_UO720,FXX,1,0.0,1,1,1.0,0,0,0,-9999.0,0.25,1,P10_CV0,1,0,2,1,1
12,-0.9510565162951538,-0.3090169943749469,R12_F12_m12f13_P12_Y2_UO842,R12_F12_m12f11_P12_Y0_UO172,R13_F13_m13f12_P13_Y0_UO399,MXY,2,0.0,1,0,0.0,0,0,0,-9999.0,0.875,1,P10_CV0,1,2,0,2,0
12,-0.9510565162951538,-0.3090169943749469,R12_F12_m12f11_P12_Y2_UO226,R12_F12_m12f11_P12_Y0_UO704,R11_F11_m11f10_P11_Y0_UO107,FXX,2,0.0,1,0,1.0,0,0,0,-9999.0,0.625,1,P10_CV0,1,2,0,1,1
12,-0.9510565162951538,-0.3090169943749469,R12_F12_m12f13_P12_Y2_UO408,R12_F12_m12f11_P12_Y0_UO267,R13_F13_m13f14_P13_Y0_UO1205,FXX,2,0.0,1,0,1.0,0,0,0,-9999.0,0.5,1,P10_CV0,1,1,1,2,0
12,-0.9510565162951538,-0.3090169943749469,R12_F12_m12f13_P12_Y2_UO104,R12_F12_m12f11_P12_Y0_UO172,R13_F13_m13f14_P13_Y0_UO281,FXX,2,0.0,1,0,1.0,0,0,0,-9999.0,0.75,1,P10_CV0,1,2,0,0,2
12,-0.9510565162951538,-0.3090169943749469,R12_F12_m11f12_P11_Y2_UO583,R11_F11_m11f10_P11_Y0_UO662,R12_F12_m12f11_P12_Y0_UO645,MXY,2,0.0,1,0,0.0,0,0,0,-9999.0,0.25,1,P10_CV0,1,1,1,1,1
12,-0.9510565162951538,-0.3090169943749469,R12_F12_m12f11_P12_Y1_UO83,R12_F12_m-1f-1_P12_Y-1_U84,R11_F11_m-1f-1_P11_Y-1_U69,MXY,3,0.0,1,0,0.0,0,0,0,-9999.0,0.25,1,P10_CV0,1,1,1,0,2
12,-0.9510565162951538,-0.3090169943749469,Age0_F12_m12f13_P12_Y4_UO4,R12_F12_m12f11_P12_Y2_UO1393,R13_F13_m13f12_P13_Y2_UO818,MXY,0,0.0,0,0,0.0,0,0,0,0.0,0.5625,1,P11_CV0,1,1,1,2,0
12,-0.9510565162951538,-0.3090169943749469,Age0_F12_m12f13_P12_Y4_UO5,R12_F12_m12f11_P12_Y2_UO1393,R13_F13_m13f12_P13_Y2_UO818,FXX,0,0.0,0,0,0.0,0,0,0,0.0,0.5625,1,P11_CV0,1,1,1,1,1
12,-0.9510565162951538,-0.3090169943749469,Age0_F12_m12f13_P12_Y4_UO6,R12_F12_m12f11_P12_Y2_UO1393,R13_F13_m13f12_P13_Y2_UO818,FXX,0,0.0,0,0,0.0,0,0,0,0.0,0.5625,1,P11_CV0,1,1,1,2,0
12,-0.9510565162951538,-0.3090169943749469,Age0_F12_m12f13_P12_Y4_UO7,R12_F12_m12f11_P12_Y2_UO1393,R13_F13_m13f12_P13_Y2_UO818,MXY,0,0.0,0,0,0.0,0,0,0,0.0,0.5625,1,P11_CV0,1,2,0,1,1
12,-0.9510565162951538,-0.3090169943749469,Age0_F12_m12f13_P12_Y4_UO8,R12_F12_m12f11_P12_Y2_UO1393,R13_F13_m13f12_P13_Y2_UO818,FXX,0,0.0,0,0,0.0,0,0,0,0.0,0.5625,1,P11_CV0,1,1,1,2,0
12,-0.9510565162951538,-0.3090169943749469,Age0_F12_m12f13_P12_Y4_UO9,R12_F12_m12f11_P12_Y2_UO1393,R13_F13_m13f12_P13_Y2_UO818,FXX,0,0.0,0,0,0.0,0,0,0,0.0,0.5625,1,P11_CV0,1,1,1,1,1
12,-0.9510565162951538,-0.3090169943749469,Age0_F12_m12f11_P12_Y4_UO124,R12_F12_m12f11_P12_Y2_UO1396,RD11_F12_m12f13_P12_Y2_UO846,MXY,0,0.0,0,0,0.0,0,0,0,0.0,0.8125,1,P11_CV0,1,2,0,1,1
12,-0.9510565162951538,-0.3090169943749469,Age0_F12_m12f11_P12_Y4_UO125,R12_F12_m12f11_P12_Y2_UO1396,RD11_F12_m12f13_P12_Y2_UO846,FXX,0,0.0,0,0,0.0,0,0,0,0.0,0.8125,1,P11_CV0,1,2,0,1,1
12,-0.9510565162951538,-0.3090169943749469,Age0_F12_m12f11_P12_Y4_UO126,R12_F12_m12f11_P12_Y2_UO1396,RD11_F12_m12f13_P12_Y2_UO846,FXX,0,0.0,0,0,0.0,0,0,0,0.0,0.8125,1,P11_CV0,1,2,0,1,1
12,-0.9510565162951538,-0.3090169943749469,Age0_F12_m12f11_P12_Y4_UO129,R12_F12_m12f11_P12_Y2_UO1396,RD11_F12_m12f13_P12_Y2_UO846,FXX,0,0.0,0,0,0.0,0,0,0,0.0,0.8125,1,P11_CV0,1,2,0,1,1
12,-0.9510565162951538,-0.3090169943749469,Age0_F12_m12f13_P12_Y4_UO418,R12_F12_m12f13_P12_Y2_UO1288,R13_F13_m13f12_P13_Y2_UO821,FXX,0,0.0,0,0,0.0,0,0,0,0.0,0.375,1,P11_CV0,1,1,1,1,1
12,-0.9510565162951538,-0.3090169943749469,Age0_F12_m12f13_P12_Y4_UO420,R12_F12_m12f13_P12_Y2_UO1288,R13_F13_m13f12_P13_Y2_UO821,FXX,0,0.0,0,0,0.0,0,0,0,0.0,0.375,1,P11_CV0,1,1,1,2,0
12,-0.9510565162951538,-0.3090169943749469,Age0_F12_m12f13_P12_Y4_UO1053,R12_F12_m12f11_P12_Y2_UO1393,R13_F13_m13f12_P13_Y2_UO801,MXY,0,0.0,0,0,0.0,0,0,0,0.0,0.5625,1,P11_CV0,1,1,1,1,1
12,-0.9510565162951538,-0.3090169943749469,Age0_F12_m12f13_P12_Y4_UO1056,R12_F12_m12f11_P12_Y2_UO1393,R13_F13_m13f12_P13_Y2_UO801,FXX,0,0.0,0,0,0.0,0,0,0,0.0,0.5625,1,P11_CV0,1,1,1,0,2
12,-0.9510565162951538,-0.3090169943749469,Age0_F12_m12f11_P12_Y4_UO1424,R12_F12_m12f11_P12_Y2_UO543,R11_F11_m11f12_P11_Y2_UO901,MXY,0,0.0,0,0,0.0,0,0,0,0.0,0.375,1,P11_CV0,1,1,1,1,1
12,-0.9510565162951538,-0.3090169943749469,Age0_F12_m12f11_P12_Y4_UO1425,R12_F12_m12f11_P12_Y2_UO543,R11_F11_m11f12_P11_Y2_UO901,MXY,0,0.0,0,0,0.0,0,0,0,0.0,0.375,1,P11_CV0,1,1,1,0,2
12,-0.9510565162951538,-0.3090169943749469,Age0_F12_m12f11_P12_Y4_UO1426,R12_F12_m12f11_P12_Y2_UO543,R11_F11_m11f12_P11_Y2_UO901,MXY,0,0.0,0,0,0.0,0,0,0,0.0,0.375,1,P11_CV0,1,0,2,0,2
12,-0.9510565162951538,-0.3090169943749469,Age0_F12_m12f11_P12_Y4_UO1428,R12_F12_m12f11_P12_Y2_UO543,R11_F11_m11f12_P11_Y2_UO901,MXY,0,0.0,0,0,0.0,0,0,0,0.0,0.375,1,P11_CV0,1,1,1,2,0
12,-0.9510565162951538,-0.3090169943749469,Age0_F12_m12f11_P12_Y4_UO1429,R12_F12_m12f11_P12_Y2_UO543,R11_F11_m11f12_P11_Y2_UO901,MXY,0,0.0,0,0,0.0,0,0,0,0.0,0.375,1,P11_CV0,1,0,2,2,0
12,-0.9510565162951538,-0.3090169943749469,R12_F12_m12f11_P12_Y3_UO425,RD12_F13_m13f12_P13_Y1_UO247,R11_F11_m11f10_P11_Y1_UO279,MXY,1,0.0,1,1,0.0,0,0,0,-9999.0,0.5,1,P11_CV0,1,1,1,2,0
12,-0.9510565162951538,-0.3090169943749469,R12_F12_m12f13_P12_Y3_UO414,RD12_F11_m11f12_P11_Y1_UO1053,R13_F13_m13f14_P13_Y1_UO112,MXY,1,0.0,1,1,0.0,0,0,0,-9999.0,0.75,1,P11_CV0,1,1,1,0,2
12,-0.9510565162951538,-0.3090169943749469,R12_F12_m11f10_P11_Y3_UO988,R11_F11_m11f12_P11_Y1_UO493,R10_F10_m10f9_P10_Y1_UO569,FXX,1,0.0,1,1,1.0,0,0,0,-9999.0,0.625,1,P11_CV0,1,1,1,0,2
12,-0.9510565162951538,-0.3090169943749469,R12_F12_m12f11_P12_Y3_UO422,RD12_F13_m13f12_P13_Y1_UO247,R11_F11_m11f10_P11_Y1_UO279,MXY,1,0.0,1,1,0.0,0,0,0,-9999.0,0.5,1,P11_CV0,1,1,1,1,1
12,-0.9510565162951538,-0.3090169943749469,R12_F12_m12f11_P12_Y3_UO566,R12_F12_m12f13_P12_Y1_UO331,R11_F11_m11f12_P11_Y1_UO583,MXY,1,0.0,1,1,0.0,0,0,0,-9999.0,0.5,1,P11_CV0,1,1,1,0,2
12,-0.9510565162951538,-0.3090169943749469,R12_F12_m12f13_P12_Y3_UO417,RD12_F11_m11f12_P11_Y1_UO1053,R13_F13_m13f14_P13_Y1_UO112,FXX,1,0.0,1,1,1.0,0,0,0,-9999.0,0.75,1,P11_CV0,1,2,0,1,1
12,-0.9510565162951538,-0.3090169943749469,R12_F12_m12f11_P12_Y3_UO568,R12_F12_m12f13_P12_Y1_UO331,R11_F11_m11f12_P11_Y1_UO583,FXX,1,0.0,1,1,1.0,0,0,0,-9999.0,0.5,1,P11_CV0,1,0,2,0,2
12,-0.9510565162951538,-0.3090169943749469,Age0_F12_m12f11_P12_Y4_UO127,R12_F12_m12f11_P12_Y2_UO1396,RD11_F12_m12f13_P12_Y2_UO846,MXY,0,0.0,0,0,0.0,0,0,0,0.0,0.8125,1,P12_CV0,1,2,0,1,1
12,-0.9510565162951538,-0.3090169943749469,Age0_F12_m12f11_P12_Y4_UO128,R12_F12_m12f11_P12_Y2_UO1396,RD11_F12_m12f13_P12_Y2_UO846,MXY,0,0.0,0,0,0.0,0,0,0,0.0,0.8125,1,P12_CV0,1,2,0,1,1
12,-0.9510565162951538,-0.3090169943749469,Age0_F12_m12f11_P12_Y4_UO130,R12_F12_m12f11_P12_Y2_UO1396,RD11_F12_m12f13_P12_Y2_UO846,MXY,0,0.0,0,0,0.0,0,0,0,0.0,0.8125,1,P12_CV0,1,2,0,1,1
12,-0.9510565162951538,-0.3090169943749469,Age0_F12_m12f11_P12_Y4_UO131,R12_F12_m12f11_P12_Y2_UO1396,RD11_F12_m12f13_P12_Y2_UO846,FXX,0,0.0,0,0,0.0,0,0,0,0.0,0.8125,1,P12_CV0,1,2,0,1,1
12,-0.9510565162951538,-0.3090169943749469,Age0_F12_m12f13_P12_Y4_UO246,R12_F12_m12f13_P12_Y2_UO406,R13_F13_m13f12_P13_Y2_UO35,MXY,0,0.0,0,0,0.0,0,0,0,0.0,0.5625,1,P12_CV0,1,1,1,2,0
12,-0.9510565162951538,-0.3090169943749469,Age0_F12_m12f13_P12_Y4_UO248,R12_F12_m12f13_P12_Y2_UO406,R13_F13_m13f12_P13_Y2_UO35,FXX,0,0.0,0,0,0.0,0,0,0,0.0,0.5625,1,P12_CV0,1,2,0,1,1
12,-0.9510565162951538,-0.3090169943749469,Age0_F12_m12f13_P12_Y4_UO249,R12_F12_m12f13_P12_Y2_UO406,R13_F13_m13f12_P13_Y2_UO35,MXY,0,0.0,0,0,0.0,0,0,0,0.0,0.5625,1,P12_CV0,1,1,1,0,2
12,-0.9510565162951538,-0.3090169943749469,Age0_F12_m12f13_P12_Y4_UO251,R12_F12_m12f13_P12_Y2_UO406,R13_F13_m13f12_P13_Y2_UO35,MXY,0,0.0,0,0,0.0,0,0,0,0.0,0.5625,1,P12_CV0,1,1,1,1,1
12,-0.9510565162951538,-0.3090169943749469,Age0_F12_m12f13_P12_Y4_UO417,R12_F12_m12f13_P12_Y2_UO1288,R13_F13_m13f12_P13_Y2_UO821,MXY,0,0.0,0,0,0.0,0,0,0,0.0,0.375,1,P12_CV0,1,1,1,1,1
12,-0.9510565162951538,-0.3090169943749469,Age0_F12_m12f13_P12_Y4_UO419,R12_F12_m12f13_P12_Y2_UO1288,R13_F13_m13f12_P13_Y2_UO821,FXX,0,0.0,0,0,0.0,0,0,0,0.0,0.375,1,P12_CV0,1,1,1,2,0
12,-0.9510565162951538,-0.3090169943749469,Age0_F12_m12f13_P12_Y4_UO421,R12_F12_m12f13_P12_Y2_UO1288,R13_F13_m13f12_P13_Y2_UO821,FXX,0,0.0,0,0,0.0,0,0,0,0.0,0.375,1,P12_CV0,1,1,1,1,1
12,-0.9510565162951538,-0.3090169943749469,Age0_F12_m12f13_P12_Y4_UO422,R12_F12_m12f13_P12_Y2_UO1288,R13_F13_m13f12_P13_Y2_UO821,FXX,0,0.0,0,0,0.0,0,0,0,0.0,0.375,1,P12_CV0,1,0,2,1,1
12,-0.9510565162951538,-0.3090169943749469,Age0_F12_m12f11_P12_Y4_UO501,R12_F12_m12f13_P12_Y2_UO840,R11_F11_m11f10_P11_Y2_UO914,MXY,0,0.0,0,0,0.0,0,0,0,0.0,0.75,1,P12_CV0,1,2,0,1,1
12,-0.9510565162951538,-0.3090169943749469,Age0_F12_m12f11_P12_Y4_UO503,R12_F12_m12f13_P12_Y2_UO840,R11_F11_m11f10_P11_Y2_UO914,MXY,0,0.0,0,0,0.0,0,0,0,0.0,0.75,1,P12_CV0,1,2,0,1,1
12,-0.9510565162951538,-0.3090169943749469,Age0_F12_m12f11_P12_Y4_UO504,R12_F12_m12f13_P12_Y2_UO840,R11_F11_m11f10_P11_Y2_UO914,MXY,0,0.0,0,0,0.0,0,0,0,0.0,0.75,1,P12_CV0,1,2,0,1,1
12,-0.9510565162951538,-0.3090169943749469,Age0_F12_m12f11_P12_Y4_UO555,R12_F12_m12f13_P12_Y2_UO840,R11_F11_m11f10_P11_Y2_UO1258,FXX,0,0.0,0,0,0.0,0,0,0,0.0,0.75,1,P12_CV0,1,2,0,2,0
12,-0.9510565162951538,-0.3090169943749469,Age0_F12_m12f11_P12_Y4_UO556,R12_F12_m12f13_P12_Y2_UO840,R11_F11_m11f10_P11_Y2_UO1258,MXY,0,0.0,0,0,0.0,0,0,0,0.0,0.75,1,P12_CV0,1,2,0,2,0
12,-0.9510565162951538,-0.3090169943749469,Age0_F12_m12f11_P12_Y4_UO1474,R12_F12_m12f11_P12_Y2_UO990,RD11_F10_m10f9_P10_Y1_UO283,MXY,0,0.0,0,0,0.0,0,0,0,0.0,0.5,1,P12_CV0,1,1,1,1,1
12,-0.9510565162951538,-0.3090169943749469,Age0_F12_m12f11_P12_Y4_UO1475,R12_F12_m12f11_P12_Y2_UO990,RD11_F10_m10f9_P10_Y1_UO283,FXX,0,0.0,0,0,0.0,0,0,0,0.0,0.5,1,P12_CV0,1,1,1,2,0
12,-0.9510565162951538,-0.3090169943749469,R12_F12_m12f13_P12_Y3_UO420,RD12_F11_m11f12_P11_Y1_UO1053,R13_F13_m13f14_P13_Y1_UO112,FXX,1,0.0,1,1,1.0,0,0,0,-9999.0,0.75,1,P12_CV0,1,1,1,1,1
12,-0.9510565162951538,-0.3090169943749469,Age0_F12_m12f13_P12_Y4_UO1054,R12_F12_m12f11_P12_Y2_UO1393,R13_F13_m13f12_P13_Y2_UO801,MXY,0,0.0,0,0,0.0,0,0,0,0.0,0.5625,1,P13_CV0,1,1,1,1,1
12,-0.9510565162951538,-0.3090169943749469,Age0_F12_m12f13_P12_Y4_UO1055,R12_F12_m12f11_P12_Y2_UO1393,R13_F13_m13f12_P13_Y2_UO801,MXY,0,0.0,0,0,0.0,0,0,0,0.0,0.5625,1,P13_CV0,1,1,1,1,1
12,-0.9510565162951538,-0.3090169943749469,Age0_F12_m12f13_P12_Y4_UO1057,R12_F12_m12f11_P12_Y2_UO1393,R13_F13_m13f12_P13_Y2_UO801,FXX,0,0.0,0,0,0.0,0,0,0,0.0,0.5625,1,P13_CV0,1,1,1,1,1
12,-0.9510565162951538,-0.3090169943749469,Age0_F12_m12f13_P12_Y4_UO13,R12_F12_m12f13_P12_Y2_UO104,R13_F13_m13f14_P13_Y2_UO869,FXX,0,0.0,0,0,0.0,0,0,0,0.0,0.625,1,P14_CV0,1,2,0,0,2
12,-0.9510565162951538,-0.3090169943749469,Age0_F12_m12f11_P12_Y4_UO554,R12_F12_m12f13_P12_Y2_UO840,R11_F11_m11f10_P11_Y2_UO1258,FXX,0,0.0,0,0,0.0,0,0,0,0.0,0.75,1,P8_CV0,1,2,0,2,0
12,-0.9510565162951538,-0.3090169943749469,Age0_F12_m12f11_P12_Y4_UO557,R12_F12_m12f13_P12_Y2_UO840,R11_F11_m11f10_P11_Y2_UO1258,FXX,0,0.0,0,0,0.0,0,0,0,0.0,0.75,1,P8_CV0,1,2,0,1,1
12,-0.9510565162951538,-0.3090169943749469,Age0_F12_m12f11_P12_Y4_UO558,R12_F12_m12f13_P12_Y2_UO840,R11_F11_m11f10_P11_Y2_UO1258,FXX,0,0.0,0,0,0.0,0,0,0,0.0,0.75,1,P8_CV0,1,2,0,1,1
12,-0.9510565162951538,-0.3090169943749469,Age0_F12_m12f11_P12_Y4_UO559,R12_F12_m12f13_P12_Y2_UO840,R11_F11_m11f10_P11_Y2_UO1258,FXX,0,0.0,0,0,0.0,0,0,0,0.0,0.75,1,P8_CV0,1,2,0,2,0
12,-0.9510565162951538,-0.3090169943749469,Age0_F12_m12f11_P12_Y4_UO1473,R12_F12_m12f11_P12_Y2_UO990,RD11_F10_m10f9_P10_Y1_UO283,MXY,0,0.0,0,0,0.0,0,0,0,0.0,0.5,1,P8_CV0,1,2,0,2,0
12,-0.9510565162951538,-0.3090169943749469,Age0_F12_m12f11_P12_Y4_UO1476,R12_F12_m12f11_P12_Y2_UO990,RD11_F10_m10f9_P10_Y1_UO283,MXY,0,0.0,0,0,0.0,0,0,0,0.0,0.5,1,P8_CV0,1,1,1,2,0
12,-0.9510565162951538,-0.3090169943749469,R12_F12_m11f10_P11_Y2_UO622,R11_F11_m11f12_P11_Y0_UO433,R10_F10_m10f9_P10_Y0_UO244,MXY,2,0.0,1,0,0.0,0,0,0,-9999.0,0.375,1,P8_CV0,1,1,1,0,2
12,-0.9510565162951538,-0.3090169943749469,Age0_F12_m12f13_P12_Y4_UO786,R12_F12_m12f11_P12_Y2_UO543,R13_F13_m13f12_P13_Y2_UO822,FXX,0,0.0,0,0,0.0,0,0,0,0.0,0.4375,1,P9_CV0,1,1,1,1,1
12,-0.9510565162951538,-0.3090169943749469,Age0_F12_m12f13_P12_Y4_UO789,R12_F12_m12f11_P12_Y2_UO543,R13_F13_m13f12_P13_Y2_UO822,MXY,0,0.0,0,0,0.0,0,0,0,0.0,0.4375,1,P9_CV0,1,0,2,2,0
12,-0.9510565162951538,-0.3090169943749469,Age0_F12_m12f13_P12_Y4_UO791,R12_F12_m12f11_P12_Y2_UO543,R13_F13_m13f12_P13_Y2_UO822,FXX,0,0.0,0,0,0.0,0,0,0,0.0,0.4375,1,P9_CV0,1,1,1,2,0
12,-0.9510565162951538,-0.3090169943749469,Age0_F12_m12f11_P12_Y4_UO1427,R12_F12_m12f11_P12_Y2_UO543,R11_F11_m11f12_P11_Y2_UO901,MXY,0,0.0,0,0,0.0,0,0,0,0.0,0.375,1,P9_CV0,1,0,2,1,1
12,-0.9510565162951538,-0.3090169943749469,R12_F12_m12f11_P12_Y3_UO421,RD12_F13_m13f12_P13_Y1_UO247,R11_F11_m11f10_P11_Y1_UO279,MXY,1,0.0,1,1,0.0,0,0,0,-9999.0,0.5,1,P9_CV0,1,2,0,2,0
12,-0.9510565162951538,-0.3090169943749469,R12_F12_m12f11_P12_Y3_UO48,R12_F12_m13f14_P13_Y1_UO792,R11_F11_m11f10_P11_Y1_UO716,MXY,1,0.0,1,1,0.0,0,0,0,-9999.0,0.125,1,P9_CV0,1,0,2,1,1
12,-0.9510565162951538,-0.3090169943749469,R12_F12_m12f11_P12_Y3_UO46,R12_F12_m13f14_P13_Y1_UO792,R11_F11_m11f10_P11_Y1_UO716,FXX,1,0.0,1,1,1.0,0,0,0,-9999.0,0.125,1,P9_CV0,1,0,2,1,1
12,-0.9510565162951538,-0.3090169943749469,R12_F12_m12f11_P12_Y2_UO545,RD12_F11_m11f10_P11_Y0_UO935,R11_F11_m10f11_P10_Y0_UO1285,MXY,2,0.0,1,0,0.0,0,0,0,-9999.0,0.5,1,P9_CV0,1,1,1,0,2
13,-0.8090169943749476,-0.587785252292473,Age0_F13_m13f12_P13_Y4_UO257,R13_F13_m13f12_P13_Y2_UO1234,R12_F12_m12f11_P12_Y2_UO223,FXX,0,0.0,0,0,0.0,0,0,0,0.0,0.5,1,P10_CV0,1,1,1,2,0
13,-0.8090169943749476,-0.587785252292473,Age0_F13_m13f12_P13_Y4_UO258,R13_F13_m13f12_P13_Y2_UO1234,R12_F12_m12f11_P12_Y2_UO223,FXX,0,0.0,0,0,0.0,0,0,0,0.0,0.5,1,P10_CV0,1,1,1,1,1
13,-0.8090169943749476,-0.587785252292473,Age0_F13_m13f12_P13_Y4_UO259,R13_F13_m13f12_P13_Y2_UO1234,R12_F12_m12f11_P12_Y2_UO223,FXX,0,0.0,0,0,0.0,0,0,0,0.0,0.5,1,P10_CV0,1,1,1,1,1
13,-0.8090169943749476,-0.587785252292473,Age0_F13_m13f12_P13_Y4_UO260,R13_F13_m13f12_P13_Y2_UO1234,R12_F12_m12f11_P12_Y2_UO223,FXX,0,0.0,0,0,0.0,0,0,0,0.0,0.5,1,P10_CV0,1,1,1,2,0
13,-0.8090169943749476,-0.587785252292473,Age0_F13_m13f12_P13_Y4_UO266,R13_F13_m13f14_P13_Y2_UO673,R12_F12_m12f11_P12_Y1_UO83,MXY,0,0.0,0,0,0.0,0,0,0,0.0,0.4375,1,P10_CV0,1,1,1,0,2
13,-0.8090169943749476,-0.587785252292473,Age0_F13_m13f12_P13_Y4_UO686,R13_F13_m13f12_P13_Y2_UO528,R12_F12_m12f11_P12_Y2_UO223,MXY,0,0.0,0,0,0.0,0,0,0,0.0,0.5,1,P10_CV0,1,0,2,1,1
13,-0.8090169943749476,-0.587785252292473,Age0_F13_m13f12_P13_Y4_UO687,R13_F13_m13f12_P13_Y2_UO528,R12_F12_m12f11_P12_Y2_UO223,FXX,0,0.0,0,0,0.0,0,0,0,0.0,0.5,1,P10_CV0,1,1,1,1,1
13,-0.8090169943749476,-0.587785252292473,Age0_F13_m13f12_P13_Y4_UO688,R13_F13_m13f12_P13_Y2_UO528,R12_F12_m12f11_P12_Y2_UO223,MXY,0,0.0,0,0,0.0,0,0,0,0.0,0.5,1,P10_CV0,1,1,1,1,1
13,-0.8090169943749476,-0.587785252292473,Age0_F13_m13f12_P13_Y4_UO689,R13_F13_m13f12_P13_Y2_UO528,R12_F12_m12f11_P12_Y2_UO223,FXX,0,0.0,0,0,0.0,0,0,0,0.0,0.5,1,P10_CV0,1,1,1,1,1
13,-0.8090169943749476,-0.587785252292473,Age0_F13_m13f12_P13_Y4_UO1261,R13_F13_m13f14_P13_Y2_UO341,R12_F12_m12f13_P12_Y2_UO842,MXY,0,0.0,0,0,0.0,0,0,0,0.0,0.6875,1,P10_CV0,1,2,0,2,0
13,-0.8090169943749476,-0.587785252292473,Age0_F13_m13f12_P13_Y4_UO1262,R13_F13_m13f14_P13_Y2_UO341,R12_F12_m12f13_P12_Y2_UO842,FXX,0,0.0,0,0,0.0,0,0,0,0.0,0.6875,1,P10_CV0,1,2,0,1,1
13,-0.8090169943749476,-0.587785252292473,Age0_F13_m13f12_P13_Y4_UO1264,R13_F13_m13f14_P13_Y2_UO341,R12_F12_m12f13_P12_Y2_UO842,MXY,0,0.0,0,0,0.0,0,0,0,0.0,0.6875,1,P10_CV0,1,2,0,2,0
13,-0.8090169943749476,-0.587785252292473,R13_F13_m13f12_P13_Y2_UO530,R13_F13_m12f11_P12_Y0_UO951,R12_F12_m12f13_P12_Y0_UO718,MXY,2,0.0,1,0,0.0,0,0,0,-9999.0,0.375,1,P10_CV0,1,0,2,0,2
13,-0.8090169943749476,-0.587785252292473,Age0_F13_m13f12_P13_Y4_UO64,R13_F13_m13f14_P13_Y2_UO341,R12_F12_m12f13_P12_Y2_UO1290,FXX,0,0.0,0,0,0.0,0,0,0,0.0,0.4375,1,P11_CV0,1,1,1,0,2
13,-0.8090169943749476,-0.587785252292473,Age0_F13_m13f12_P13_Y4_UO65,R13_F13_m13f14_P13_Y2_UO341,R12_F12_m12f13_P12_Y2_UO1290,MXY,0,0.0,0,0,0.0,0,0,0,0.0,0.4375,1,P11_CV0,1,2,0,2,0
13,-0.8090169943749476,-0.587785252292473,Age0_F13_m13f14_P13_Y4_UO630,R13_F13_m13f12_P13_Y2_UO1233,R14_F14_m13f14_P13_Y1_UO108,FXX,0,0.0,0,0,0.0,0,0,0,0.0,0.6875,1,P11_CV0,1,2,0,1,1
13,-0.8090169943749476,-0.587785252292473,Age0_F13_m13f14_P13_Y4_UO632,R13_F13_m13f12_P13_Y2_UO1233,R14_F14_m13f14_P13_Y1_UO108,FXX,0,0.0,0,0,0.0,0,0,0,0.0,0.6875,1,P11_CV0,1,1,1,1,1
13,-0.8090169943749476,-0.587785252292473,Age0_F13_m13f14_P13_Y4_UO1117,R13_F13_m13f14_P13_Y2_UO340,R14_F14_m14f13_P14_Y1_UO1113,FXX,0,0.0,0,0,0.0,0,0,0,0.0,0.5,1,P11_CV0,1,2,0,1,1
13,-0.8090169943749476,-0.587785252292473,Age0_F13_m13f14_P13_Y4_UO1118,R13_F13_m13f14_P13_Y2_UO340,R14_F14_m14f13_P14_Y1_UO1113,MXY,0,0.0,0,0,0.0,0,0,0,0.0,0.5,1,P11_CV0,1,0,2,1,1
13,-0.8090169943749476,-0.587785252292473,Age0_F13_m13f14_P13_Y4_UO1119,R13_F13_m13f14_P13_Y2_UO340,R14_F14_m14f13_P14_Y1_UO1113,MXY,0,0.0,0,0,0.0,0,0,0,0.0,0.5,1,P11_CV0,1,1,1,1,1
13,-0.8090169943749476,-0.587785252292473,Age0_F13_m13f12_P13_Y4_UO1263,R13_F13_m13f14_P13_Y2_UO341,R12_F12_m12f13_P12_Y2_UO842,MXY,0,0.0,0,0,0.0,0,0,0,0.0,0.6875,1,P11_CV0,1,2,0,1,1
13,-0.8090169943749476,-0.587785252292473,R13_F13_m12f13_P12_Y3_UO774,R12_F12_m12f11_P12_Y1_UO984,R13_F13_m13f14_P13_Y1_UO794,MXY,1,0.0,1,1,0.0,0,0,0,-9999.0,0.25,1,P11_CV0,1,1,1,1,1
13,-0.8090169943749476,-0.587785252292473,R13_F13_m13f12_P13_Y2_UO34,R13_F13_m13f12_P13_Y0_UO1258,RD12_F13_m13f14_P13_Y0_UO835,MXY,2,0.0,1,0,0.0,0,0,0,-9999.0,0.625,1,P11_CV0,1,0,2,0,2
13,-0.8090169943749476,-0.587785252292473,R13_F13_m13f12_P13_Y2_UO819,R13_F13_m13f12_P13_Y0_UO317,R12_F12_m12f11_P12_Y0_UO645,MXY,2,0.0,1,0,0.0,0,0,0,-9999.0,0.375,1,P11_CV0,1,0,2,2,0
13,-0.8090169943749476,-0.587785252292473,R13_F13_m13f12_P13_Y2_UO821,R13_F13_m13f12_P13_Y0_UO317,R12_F12_m12f11_P12_Y0_UO645,MXY,2,0.0,1,0,0.0,0,0,0,-9999.0,0.375,1,P11_CV0,1,0,2,2,0
13,-0.8090169943749476,-0.587785252292473,R13_F13_m13f12_P13_Y2_UO818,R13_F13_m13f12_P13_Y0_UO317,R12_F12_m12f11_P12_Y0_UO645,MXY,2,0.0,1,0,0.0,0,0,0,-9999.0,0.375,1,P11_CV0,1,1,1,2,0
13,-0.8090169943749476,-0.587785252292473,Age0_F13_m13f12_P13_Y4_UO66,R13_F13_m13f14_P13_Y2_UO341,R12_F12_m12f13_P12_Y2_UO1290,FXX,0,0.0,0,0,0.0,0,0,0,0.0,0.4375,1,P12_CV0,1,1,1,1,1
13,-0.8090169943749476,-0.587785252292473,Age0_F13_m13f12_P13_Y4_UO145,R13_F13_m13f12_P13_Y2_UO294,R12_F12_m12f13_P12_Y2_UO1284,MXY,0,0.0,0,0,0.0,0,0,0,0.0,0.4375,1,P12_CV0,1,2,0,0,2
13,-0.8090169943749476,-0.587785252292473,Age0_F13_m13f12_P13_Y4_UO146,R13_F13_m13f12_P13_Y2_UO294,R12_F12_m12f13_P12_Y2_UO1284,MXY,0,0.0,0,0,0.0,0,0,0,0.0,0.4375,1,P12_CV0,1,1,1,0,2
13,-0.8090169943749476,-0.587785252292473,Age0_F13_m13f14_P13_Y4_UO158,R13_F13_m13f14_P13_Y2_UO672,R14_F14_m14f15_P14_Y2_UO274,MXY,0,0.0,0,0,0.0,0,0,0,0.0,0.4375,1,P12_CV0,1,2,0,2,0
13,-0.8090169943749476,-0.587785252292473,Age0_F13_m13f14_P13_Y4_UO159,R13_F13_m13f14_P13_Y2_UO672,R14_F14_m14f15_P14_Y2_UO274,MXY,0,0.0,0,0,0.0,0,0,0,0.0,0.4375,1,P12_CV0,1,1,1,2,0
13,-0.8090169943749476,-0.587785252292473,Age0_F13_m13f14_P13_Y4_UO160,R13_F13_m13f14_P13_Y2_UO672,R14_F14_m14f15_P14_Y2_UO274,MXY,0,0.0,0,0,0.0,0,0,0,0.0,0.4375,1,P12_CV0,1,1,1,1,1
13,-0.8090169943749476,-0.587785252292473,Age0_F13_m13f14_P13_Y4_UO187,R13_F13_m12f13_P12_Y2_UO539,R14_F14_m-1f-1_P14_Y-1_U23,FXX,0,0.0,0,0,0.0,0,0,0,0.0,0.75,1,P12_CV0,1,2,0,1,1
13,-0.8090169943749476,-0.587785252292473,Age0_F13_m13f14_P13_Y4_UO189,R13_F13_m12f13_P12_Y2_UO539,R14_F14_m-1f-1_P14_Y-1_U23,MXY,0,0.0,0,0,0.0,0,0,0,0.0,0.75,1,P12_CV0,1,1,1,1,1
13,-0.8090169943749476,-0.587785252292473,Age0_F13_m13f12_P13_Y4_UO265,R13_F13_m13f14_P13_Y2_UO673,R12_F12_m12f11_P12_Y1_UO83,MXY,0,0.0,0,0,0.0,0,0,0,0.0,0.4375,1,P12_CV0,1,1,1,1,1
13,-0.8090169943749476,-0.587785252292473,Age0_F13_m13f12_P13_Y4_UO267,R13_F13_m13f14_P13_Y2_UO673,R12_F12_m12f11_P12_Y1_UO83,FXX,0,0.0,0,0,0.0,0,0,0,0.0,0.4375,1,P12_CV0,1,1,1,0,2
13,-0.8090169943749476,-0.587785252292473,Age0_F13_m13f12_P13_Y4_UO268,R13_F13_m13f14_P13_Y2_UO673,R12_F12_m12f11_P12_Y1_UO83,MXY,0,0.0,0,0,0.0,0,0,0,0.0,0.4375,1,P12_CV0,1,1,1,1,1
13,-0.8090169943749476,-0.587785252292473,Age0_F13_m13f14_P13_Y4_UO423,R13_F13_m13f12_P13_Y2_UO460,R14_F14_m14f13_P14_Y1_UO352,MXY,0,0.0,0,0,0.0,0,0,0,0.0,0.3125,1,P12_CV0,1,1,1,0,2
13,-0.8090169943749476,-0.587785252292473,Age0_F13_m13f14_P13_Y4_UO424,R13_F13_m13f12_P13_Y2_UO460,R14_F14_m14f13_P14_Y1_UO352,MXY,0,0.0,0,0,0.0,0,0,0,0.0,0.3125,1,P12_CV0,1,1,1,0,2
13,-0.8090169943749476,-0.587785252292473,Age0_F13_m13f14_P13_Y4_UO425,R13_F13_m13f12_P13_Y2_UO460,R14_F14_m14f13_P14_Y1_UO352,FXX,0,0.0,0,0,0.0,0,0,0,0.0,0.3125,1,P12_CV0,1,1,1,0,2
13,-0.8090169943749476,-0.587785252292473,Age0_F13_m13f14_P13_Y4_UO699,R13_F13_m12f13_P12_Y2_UO539,R14_F14_m14f13_P14_Y1_UO1113,FXX,0,0.0,0,0,0.0,0,0,0,0.0,0.5,1,P12_CV0,1,1,1,1,1
13,-0.8090169943749476,-0.587785252292473,Age0_F13_m13f14_P13_Y4_UO700,R13_F13_m12f13_P12_Y2_UO539,R14_F14_m14f13_P14_Y1_UO1113,FXX,0,0.0,0,0,0.0,0,0,0,0.0,0.5,1,P12_CV0,1,2,0,2,0
13,-0.8090169943749476,-0.587785252292473,Age0_F13_m13f14_P13_Y4_UO833,R13_F13_m14f15_P14_Y2_UO1422,R14_F14_m14f13_P14_Y1_UO352,FXX,0,0.0,0,0,0.0,0,0,0,0.0,0.375,1,P12_CV0,1,1,1,1,1
13,-0.8090169943749476,-0.587785252292473,Age0_F13_m13f14_P13_Y4_UO835,R13_F13_m13f14_P13_Y2_UO672,R14_F14_m14f13_P14_Y1_UO671,MXY,0,0.0,0,0,0.0,0,0,0,0.0,0.4375,1,P12_CV0,1,1,1,1,1
13,-0.8090169943749476,-0.587785252292473,Age0_F13_m13f14_P13_Y4_UO836,R13_F13_m13f14_P13_Y2_UO672,R14_F14_m14f13_P14_Y1_UO671,FXX,0,0.0,0,0,0.0,0,0,0,0.0,0.4375,1,P12_CV0,1,1,1,0,2
13,-0.8090169943749476,-0.587785252292473,Age0_F13_m13f12_P13_Y4_UO991,R13_F13_m13f12_P13_Y2_UO460,R12_F12_m12f13_P12_Y2_UO1284,FXX,0,0.0,0,0,0.0,0,0,0,0.0,0.375,1,P12_CV0,1,1,1,0,2
13,-0.8090169943749476,-0.587785252292473,Age0_F13_m13f12_P13_Y4_UO992,R13_F13_m13f12_P13_Y2_UO460,R12_F12_m12f13_P12_Y2_UO1284,FXX,0,0.0,0,0,0.0,0,0,0,0.0,0.375,1,P12_CV0,1,1,1,0,2
13,-0.8090169943749476,-0.587785252292473,Age0_F13_m13f12_P13_Y4_UO993,R13_F13_m13f12_P13_Y2_UO460,R12_F12_m12f13_P12_Y2_UO1284,FXX,0,0.0,0,0,0.0,0,0,0,0.0,0.375,1,P12_CV0,1,2,0,0,2
13,-0.8090169943749476,-0.587785252292473,Age0_F13_m13f14_P13_Y4_UO1005,R13_F13_m13f14_P13_Y2_UO865,R14_F14_m13f14_P13_Y1_UO108,FXX,0,0.0,0,0,0.0,0,0,0,0.0,0.75,1,P12_CV0,1,2,0,0,2
13,-0.8090169943749476,-0.587785252292473,Age0_F13_m13f14_P13_Y4_UO1007,R13_F13_m13f14_P13_Y2_UO865,R14_F14_m13f14_P13_Y1_UO108,FXX,0,0.0,0,0,0.0,0,0,0,0.0,0.75,1,P12_CV0,1,2,0,1,1
13,-0.8090169943749476,-0.587785252292473,Age0_F13_m13f14_P13_Y4_UO1115,R13_F13_m13f14_P13_Y2_UO340,R14_F14_m14f13_P14_Y1_UO1113,FXX,0,0.0,0,0,0.0,0,0,0,0.0,0.5,1,P12_CV0,1,0,2,2,0
13,-0.8090169943749476,-0.587785252292473,Age0_F13_m13f14_P13_Y4_UO1116,R13_F13_m13f14_P13_Y2_UO340,R14_F14_m14f13_P14_Y1_UO1113,FXX,0,0.0,0,0,0.0,0,0,0,0.0,0.5,1,P12_CV0,1,1,1,1,1
13,-0.8090169943749476,-0.587785252292473,Age0_F13_m13f14_P13_Y4_UO1307,R13_F13_m13f12_P13_Y2_UO294,R14_F14_m14f13_P14_Y1_UO1113,MXY,0,0.0,0,0,0.0,0,0,0,0.0,0.5,1,P12_CV0,1,1,1,1,1
13,-0.8090169943749476,-0.587785252292473,R13_F13_m13f14_P13_Y2_UO864,R13_F13_m13f12_P13_Y0_UO1236,R14_F14_m14f15_P14_Y0_UO1124,MXY,2,0.0,1,0,0.0,0,0,0,-9999.0,0.5,1,P12_CV0,1,1,1,0,2
13,-0.8090169943749476,-0.587785252292473,R13_F13_m12f13_P12_Y2_UO539,R12_F12_m12f13_P12_Y0_UO717,R13_F13_m13f12_P13_Y0_UO399,FXX,2,0.0,1,0,1.0,0,0,0,-9999.0,0.5,1,P12_CV0,1,1,1,1,1
13,-0.8090169943749476,-0.587785252292473,Age0_F13_m13f12_P13_Y4_UO22,R13_F13_m13f14_P13_Y2_UO1212,RD12_F11_m11f10_P11_Y2_UO622,MXY,0,0.0,0,0,0.0,0,0,0,0.0,0.3125,1,P13_CV0,1,0,2,1,1
13,-0.8090169943749476,-0.587785252292473,Age0_F13_m13f12_P13_Y4_UO23,R13_F13_m13f14_P13_Y2_UO1212,RD12_F11_m11f10_P11_Y2_UO622,FXX,0,0.0,0,0,0.0,0,0,0,0.0,0.3125,1,P13_CV0,1,1,1,1,1
13,-0.8090169943749476,-0.587785252292473,Age0_F13_m13f12_P13_Y4_UO143,R13_F13_m13f12_P13_Y2_UO294,R12_F12_m12f13_P12_Y2_UO1284,MXY,0,0.0,0,0,0.0,0,0,0,0.0,0.4375,1,P13_CV0,1,2,0,0,2
13,-0.8090169943749476,-0.587785252292473,Age0_F13_m13f12_P13_Y4_UO144,R13_F13_m13f12_P13_Y2_UO294,R12_F12_m12f13_P12_Y2_UO1284,FXX,0,0.0,0,0,0.0,0,0,0,0.0,0.4375,1,P13_CV0,1,1,1,0,2
13,-0.8090169943749476,-0.587785252292473,Age0_F13_m13f14_P13_Y4_UO188,R13_F13_m12f13_P12_Y2_UO539,R14_F14_m-1f-1_P14_Y-1_U23,MXY,0,0.0,0,0,0.0,0,0,0,0.0,0.75,1,P13_CV0,1,2,0,0,2
13,-0.8090169943749476,-0.587785252292473,Age0_F13_m13f14_P13_Y4_UO190,R13_F13_m12f13_P12_Y2_UO539,R14_F14_m-1f-1_P14_Y-1_U23,MXY,0,0.0,0,0,0.0,0,0,0,0.0,0.75,1,P13_CV0,1,2,0,0,2
13,-0.8090169943749476,-0.587785252292473,Age0_F13_m13f14_P13_Y4_UO244,R13_F13_m13f12_P13_Y2_UO294,R14_F14_m14f13_P14_Y1_UO1113,MXY,0,0.0,0,0,0.0,0,0,0,0.0,0.5,1,P13_CV0,1,1,1,1,1
13,-0.8090169943749476,-0.587785252292473,Age0_F13_m13f14_P13_Y4_UO245,R13_F13_m13f12_P13_Y2_UO294,R14_F14_m14f13_P14_Y1_UO1113,FXX,0,0.0,0,0,0.0,0,0,0,0.0,0.5,1,P13_CV0,1,2,0,2,0
13,-0.8090169943749476,-0.587785252292473,Age0_F13_m13f12_P13_Y4_UO255,R13_F13_m13f14_P13_Y2_UO975,R12_F12_m12f11_P12_Y2_UO545,MXY,0,0.0,0,0,0.0,0,0,0,0.0,0.625,1,P13_CV0,1,1,1,1,1
13,-0.8090169943749476,-0.587785252292473,Age0_F13_m13f14_P13_Y4_UO508,R13_F13_m13f12_P13_Y2_UO299,RD14_F13_m13f14_P13_Y2_UO868,MXY,0,0.0,0,0,0.0,0,0,0,0.0,0.5,1,P13_CV0,1,0,2,1,1
13,-0.8090169943749476,-0.587785252292473,Age0_F13_m13f14_P13_Y4_UO631,R13_F13_m13f12_P13_Y2_UO1233,R14_F14_m13f14_P13_Y1_UO108,MXY,0,0.0,0,0,0.0,0,0,0,0.0,0.6875,1,P13_CV0,1,2,0,1,1
13,-0.8090169943749476,-0.587785252292473,Age0_F13_m13f14_P13_Y4_UO633,R13_F13_m13f12_P13_Y2_UO1233,R14_F14_m13f14_P13_Y1_UO108,MXY,0,0.0,0,0,0.0,0,0,0,0.0,0.6875,1,P13_CV0,1,1,1,1,1
13,-0.8090169943749476,-0.587785252292473,Age0_F13_m13f14_P13_Y4_UO832,R13_F13_m14f15_P14_Y2_UO1422,R14_F14_m14f13_P14_Y1_UO352,MXY,0,0.0,0,0,0.0,0,0,0,0.0,0.375,1,P13_CV0,1,1,1,0,2
13,-0.8090169943749476,-0.587785252292473,Age0_F13_m13f14_P13_Y4_UO834,R13_F13_m14f15_P14_Y2_UO1422,R14_F14_m14f13_P14_Y1_UO352,FXX,0,0.0,0,0,0.0,0,0,0,0.0,0.375,1,P13_CV0,1,1,1,1,1
13,-0.8090169943749476,-0.587785252292473,Age0_F13_m13f12_P13_Y4_UO972,R13_F13_m13f12_P13_Y2_UO299,RD12_F11_m11f10_P11_Y2_UO622,MXY,0,0.0,0,0,0.0,0,0,0,0.0,0.4375,1,P13_CV0,1,0,2,1,1
13,-0.8090169943749476,-0.587785252292473,Age0_F13_m13f14_P13_Y4_UO1006,R13_F13_m13f14_P13_Y2_UO865,R14_F14_m13f14_P13_Y1_UO108,FXX,0,0.0,0,0,0.0,0,0,0,0.0,0.75,1,P13_CV0,1,1,1,1,1
13,-0.8090169943749476,-0.587785252292473,Age0_F13_m13f14_P13_Y4_UO1107,R13_F13_m13f14_P13_Y2_UO971,R14_F14_m13f12_P13_Y2_UO180,MXY,0,0.0,0,0,0.0,0,0,0,0.0,0.5,1,P13_CV0,1,1,1,0,2
13,-0.8090169943749476,-0.587785252292473,Age0_F13_m13f14_P13_Y4_UO1108,R13_F13_m13f14_P13_Y2_UO971,R14_F14_m13f12_P13_Y2_UO180,FXX,0,0.0,0,0,0.0,0,0,0,0.0,0.5,1,P13_CV0,1,1,1,0,2
13,-0.8090169943749476,-0.587785252292473,Age0_F13_m13f14_P13_Y4_UO1109,R13_F13_m13f14_P13_Y2_UO971,R14_F14_m13f12_P13_Y2_UO180,MXY,0,0.0,0,0,0.0,0,0,0,0.0,0.5,1,P13_CV0,1,1,1,1,1
13,-0.8090169943749476,-0.587785252292473,Age0_F13_m13f14_P13_Y4_UO1304,R13_F13_m13f12_P13_Y2_UO294,R14_F14_m14f13_P14_Y1_UO1113,FXX,0,0.0,0,0,0.0,0,0,0,0.0,0.5,1,P13_CV0,1,1,1,2,0
13,-0.8090169943749476,-0.587785252292473,Age0_F13_m13f14_P13_Y4_UO1305,R13_F13_m13f12_P13_Y2_UO294,R14_F14_m14f13_P14_Y1_UO1113,MXY,0,0.0,0,0,0.0,0,0,0,0.0,0.5,1,P13_CV0,1,2,0,2,0
13,-0.8090169943749476,-0.587785252292473,Age0_F13_m13f14_P13_Y4_UO1306,R13_F13_m13f12_P13_Y2_UO294,R14_F14_m14f13_P14_Y1_UO1113,MXY,0,0.0,0,0,0.0,0,0,0,0.0,0.5,1,P13_CV0,1,1,1,0,2
13,-0.8090169943749476,-0.587785252292473,Age0_F13_m13f14_P13_Y4_UO1371,R13_F13_m13f12_P13_Y2_UO294,RD14_F13_m13f14_P13_Y2_UO868,MXY,0,0.0,0,0,0.0,0,0,0,0.0,0.5,1,P13_CV0,1,0,2,1,1
13,-0.8090169943749476,-0.587785252292473,Age0_F13_m13f14_P13_Y4_UO1372,R13_F13_m13f12_P13_Y2_UO294,RD14_F13_m13f14_P13_Y2_UO868,FXX,0,0.0,0,0,0.0,0,0,0,0.0,0.5,1,P13_CV0,1,2,0,0,2
13,-0.8090169943749476,-0.587785252292473,Age0_F13_m13f14_P13_Y4_UO1452,R13_F13_m13f12_P13_Y2_UO299,RD14_F15_m15f14_P15_Y2_UO726,MXY,0,0.0,0,0,0.0,0,0,0,0.0,0.4375,1,P13_CV0,1,1,1,1,1
13,-0.8090169943749476,-0.587785252292473,Age0_F13_m13f14_P13_Y4_UO1453,R13_F13_m13f12_P13_Y2_UO299,RD14_F15_m15f14_P15_Y2_UO726,FXX,0,0.0,0,0,0.0,0,0,0,0.0,0.4375,1,P13_CV0,1,1,1,0,2
13,-0.8090169943749476,-0.587785252292473,Age0_F13_m13f14_P13_Y4_UO1454,R13_F13_m13f12_P13_Y2_UO299,RD14_F15_m15f14_P15_Y2_UO726,FXX,0,0.0,0,0,0.0,0,0,0,0.0,0.4375,1,P13_CV0,1,1,1,0,2
13,-0.8090169943749476,-0.587785252292473,R13_F13_m13f12_P13_Y2_UO299,R13_F13_m13f14_P13_Y0_UO791,R12_F12_m12f11_P12_Y0_UO541,FXX,2,0.0,1,0,1.0,0,0,0,-9999.0,0.5,1,P13_CV0,1,1,1,1,1
13,-0.8090169943749476,-0.587785252292473,R13_F13_m13f14_P13_Y2_UO1213,R13_F13_m13f14_P13_Y0_UO280,R14_F14_m14f13_P14_Y0_UO1044,MXY,2,0.0,1,0,0.0,0,0,0,-9999.0,0.25,1,P13_CV0,1,0,2,0,2
13,-0.8090169943749476,-0.587785252292473,R13_F13_m14f15_P14_Y2_UO981,RD14_F13_m13f14_P13_Y0_UO1114,R15_F15_m15f14_P15_Y0_UO1196,MXY,2,0.0,1,0,0.0,0,0,0,-9999.0,0.875,1,P13_CV0,1,1,1,1,1
13,-0.8090169943749476,-0.587785252292473,R13_F13_m13f12_P13_Y2_UO294,R13_F13_m13f14_P13_Y0_UO791,R12_F12_m12f11_P12_Y0_UO541,FXX,2,0.0,1,0,1.0,0,0,0,-9999.0,0.5,1,P13_CV0,1,1,1,1,1
13,-0.8090169943749476,-0.587785252292473,R13_F13_m13f12_P13_Y2_UO296,R13_F13_m13f14_P13_Y0_UO791,R12_F12_m12f11_P12_Y0_UO541,MXY,2,0.0,1,0,0.0,0,0,0,-9999.0,0.5,1,P13_CV0,1,1,1,1,1
13,-0.8090169943749476,-0.587785252292473,R13_F13_m14f15_P14_Y2_UO1422,R14_F14_m14f15_P14_Y0_UO679,R15_F15_m15f14_P15_Y0_UO1281,FXX,2,0.0,1,0,1.0,0,0,0,-9999.0,0.5,1,P13_CV0,1,1,1,1,1
13,-0.8090169943749476,-0.587785252292473,R13_F13_m13f12_P13_Y2_UO298,R13_F13_m13f14_P13_Y0_UO791,R12_F12_m12f11_P12_Y0_UO541,MXY,2,0.0,1,0,0.0,0,0,0,-9999.0,0.5,1,P13_CV0,1,1,1,1,1
13,-0.8090169943749476,-0.587785252292473,Age0_F13_m13f14_P13_Y4_UO157,R13_F13_m13f14_P13_Y2_UO672,R14_F14_m14f15_P14_Y2_UO274,MXY,0,0.0,0,0,0.0,0,0,0,0.0,0.4375,1,P14_CV0,1,1,1,1,1
13,-0.8090169943749476,-0.587785252292473,Age0_F13_m13f14_P13_Y4_UO505,R13_F13_m13f12_P13_Y2_UO299,RD14_F13_m13f14_P13_Y2_UO868,FXX,0,0.0,0,0,0.0,0,0,0,0.0,0.5,1,P14_CV0,1,1,1,2,0
13,-0.8090169943749476,-0.587785252292473,Age0_F13_m13f14_P13_Y4_UO506,R13_F13_m13f12_P13_Y2_UO299,RD14_F13_m13f14_P13_Y2_UO868,FXX,0,0.0,0,0,0.0,0,0,0,0.0,0.5,1,P14_CV0,1,1,1,2,0
13,-0.8090169943749476,-0.587785252292473,Age0_F13_m13f14_P13_Y4_UO507,R13_F13_m13f12_P13_Y2_UO299,RD14_F13_m13f14_P13_Y2_UO868,FXX,0,0.0,0,0,0.0,0,0,0,0.0,0.5,1,P14_CV0,1,1,1,1,1
13,-0.8090169943749476,-0.587785252292473,Age0_F13_m13f14_P13_Y4_UO1370,R13_F13_m13f12_P13_Y2_UO294,RD14_F13_m13f14_P13_Y2_UO868,MXY,0,0.0,0,0,0.0,0,0,0,0.0,0.5,1,P14_CV0,1,0,2,2,0
13,-0.8090169943749476,-0.587785252292473,R13_F13_m13f14_P13_Y2_UO869,R13_F13_m13f12_P13_Y0_UO1236,R14_F14_m14f15_P14_Y0_UO1124,MXY,2,0.0,1,0,0.0,0,0,0,-9999.0,0.5,1,P14_CV0,1,1,1,0,2
13,-0.8090169943749476,-0.587785252292473,Age0_F13_m13f14_P13_Y4_UO611,R13_F13_m13f12_P13_Y2_UO294,RD14_F15_m15f14_P15_Y2_UO726,MXY,0,0.0,0,0,0.0,0,0,0,0.0,0.4375,1,P15_CV0,1,0,2,0,2
13,-0.8090169943749476,-0.587785252292473,Age0_F13_m13f14_P13_Y4_UO612,R13_F13_m13f12_P13_Y2_UO294,RD14_F15_m15f14_P15_Y2_UO726,MXY,0,0.0,0,0,0.0,0,0,0,0.0,0.4375,1,P15_CV0,1,2,0,0,2
13,-0.8090169943749476,-0.587785252292473,Age0_F13_m13f14_P13_Y4_UO1451,R13_F13_m13f12_P13_Y2_UO299,RD14_F15_m15f14_P15_Y2_UO726,MXY,0,0.0,0,0,0.0,0,0,0,0.0,0.4375,1,P15_CV0,1,1,1,0,2
13,-0.8090169943749476,-0.587785252292473,Age0_F13_m13f12_P13_Y4_UO971,R13_F13_m13f12_P13_Y2_UO299,RD12_F11_m11f10_P11_Y2_UO622,MXY,0,0.0,0,0,0.0,0,0,0,0.0,0.4375,1,P8_CV0,1,1,1,1,1
13,-0.8090169943749476,-0.587785252292473,Age0_F13_m13f12_P13_Y4_UO256,R13_F13_m13f14_P13_Y2_UO975,R12_F12_m12f11_P12_Y2_UO545,MXY,0,0.0,0,0,0.0,0,0,0,0.0,0.625,1,P9_CV0,1,1,1,0,2
14,-0.5877852522924732,-0.8090169943749473,Age0_F14_m14f13_P14_Y4_UO213,RD14_F13_m13f12_P13_Y2_UO459,R13_F13_m13f12_P13_Y2_UO32,MXY,0,0.0,0,0,0.0,0,0,0,0.0,0.5,1,P10_CV0,1,0,2,2,0
14,-0.5877852522924732,-0.8090169943749473,Age0_F14_m14f13_P14_Y4_UO294,RD14_F13_m13f12_P13_Y2_UO295,R13_F13_m13f12_P13_Y2_UO530,MXY,0,0.0,0,0,0.0,0,0,0,0.0,0.4375,1,P10_CV0,1,1,1,1,1
14,-0.5877852522924732,-0.8090169943749473,Age0_F14_m14f13_P14_Y4_UO573,R14_F14_m13f14_P13_Y2_UO77,R13_F13_m13f12_P13_Y2_UO300,FXX,0,0.0,0,0,0.0,0,0,0,0.0,0.5625,1,P10_CV0,1,1,1,1,1
14,-0.5877852522924732,-0.8090169943749473,Age0_F14_m14f15_P14_Y4_UO581,RD14_F13_m13f12_P13_Y2_UO459,R15_F15_m15f14_P15_Y2_UO463,FXX,0,0.0,0,0,0.0,0,0,0,0.0,0.5,1,P10_CV0,1,0,2,1,1
14,-0.5877852522924732,-0.8090169943749473,Age0_F14_m14f15_P14_Y4_UO601,RD14_F13_m13f12_P13_Y2_UO459,R15_F15_m15f16_P15_Y2_UO627,MXY,0,0.0,0,0,0.0,0,0,0,0.0,0.375,1,P10_CV0,1,0,2,2,0
14,-0.5877852522924732,-0.8090169943749473,Age0_F14_m14f13_P14_Y4_UO794,RD14_F13_m13f12_P13_Y2_UO295,R13_F13_m13f12_P13_Y2_UO530,MXY,0,0.0,0,0,0.0,0,0,0,0.0,0.4375,1,P10_CV0,1,0,2,1,1
14,-0.5877852522924732,-0.8090169943749473,Age0_F14_m14f13_P14_Y4_UO795,RD14_F13_m13f12_P13_Y2_UO295,R13_F13_m13f12_P13_Y2_UO530,FXX,0,0.0,0,0,0.0,0,0,0,0.0,0.4375,1,P10_CV0,1,1,1,0,2
14,-0.5877852522924732,-0.8090169943749473,Age0_F14_m14f13_P14_Y4_UO796,RD14_F13_m13f12_P13_Y2_UO295,R13_F13_m13f12_P13_Y2_UO530,FXX,0,0.0,0,0,0.0,0,0,0,0.0,0.4375,1,P10_CV0,1,0,2,1,1
14,-0.5877852522924732,-0.8090169943749473,Age0_F14_m14f13_P14_Y4_UO214,RD14_F13_m13f12_P13_Y2_UO459,R13_F13_m13f12_P13_Y2_UO32,FXX,0,0.0,0,0,0.0,0,0,0,0.0,0.5,1,P11_CV0,1,1,1,1,1
14,-0.5877852522924732,-0.8090169943749473,Age0_F14_m14f13_P14_Y4_UO215,RD14_F13_m13f12_P13_Y2_UO459,R13_F13_m13f12_P13_Y2_UO32,FXX,0,0.0,0,0,0.0,0,0,0,0.0,0.5,1,P11_CV0,1,1,1,1,1
14,-0.5877852522924732,-0.8090169943749473,Age0_F14_m14f13_P14_Y4_UO926,R14_F14_m14f15_P14_Y2_UO785,R13_F13_m13f12_P13_Y2_UO32,MXY,0,0.0,0,0,0.0,0,0,0,0.0,0.5625,1,P11_CV0,1,1,1,0,2
14,-0.5877852522924732,-0.8090169943749473,Age0_F14_m14f13_P14_Y4_UO927,R14_F14_m14f15_P14_Y2_UO785,R13_F13_m13f12_P13_Y2_UO32,FXX,0,0.0,0,0,0.0,0,0,0,0.0,0.5625,1,P11_CV0,1,0,2,1,1
14,-0.5877852522924732,-0.8090169943749473,Age0_F14_m14f13_P14_Y4_UO964,RD14_F13_m13f12_P13_Y2_UO295,R13_F13_m13f12_P13_Y2_UO34,MXY,0,0.0,0,0,0.0,0,0,0,0.0,0.5625,1,P11_CV0,1,1,1,1,1
14,-0.5877852522924732,-0.8090169943749473,Age0_F14_m14f13_P14_Y4_UO965,RD14_F13_m13f12_P13_Y2_UO295,R13_F13_m13f12_P13_Y2_UO34,MXY,0,0.0,0,0,0.0,0,0,0,0.0,0.5625,1,P11_CV0,1,0,2,0,2
14,-0.5877852522924732,-0.8090169943749473,Age0_F14_m14f13_P14_Y4_UO2,RD14_F15_m15f14_P15_Y2_UO731,R13_F13_m13f12_P13_Y2_UO35,FXX,0,0.0,0,0,0.0,0,0,0,0.0,0.6875,1,P12_CV0,1,2,0,0,2
14,-0.5877852522924732,-0.8090169943749473,Age0_F14_m14f13_P14_Y4_UO109,R14_F14_m14f13_P14_Y2_UO281,R13_F13_m13f14_P13_Y2_UO342,MXY,0,0.0,0,0,0.0,0,0,0,0.0,0.5,1,P12_CV0,1,1,1,1,1
14,-0.5877852522924732,-0.8090169943749473,Age0_F14_m14f13_P14_Y4_UO110,R14_F14_m14f13_P14_Y2_UO281,R13_F13_m13f14_P13_Y2_UO342,FXX,0,0.0,0,0,0.0,0,0,0,0.0,0.5,1,P12_CV0,1,1,1,1,1
14,-0.5877852522924732,-0.8090169943749473,Age0_F14_m14f13_P14_Y4_UO111,R14_F14_m14f13_P14_Y2_UO281,R13_F13_m13f14_P13_Y2_UO342,FXX,0,0.0,0,0,0.0,0,0,0,0.0,0.5,1,P12_CV0,1,1,1,1,1
14,-0.5877852522924732,-0.8090169943749473,Age0_F14_m14f15_P14_Y4_UO291,R14_F14_m14f13_P14_Y2_UO279,R15_F15_m15f14_P15_Y2_UO735,FXX,0,0.0,0,0,0.0,0,0,0,0.0,0.625,1,P12_CV0,1,1,1,1,1
14,-0.5877852522924732,-0.8090169943749473,Age0_F14_m14f13_P14_Y4_UO715,R14_F14_m14f13_P14_Y2_UO281,R13_F13_m13f12_P13_Y2_UO182,FXX,0,0.0,0,0,0.0,0,0,0,0.0,0.375,1,P12_CV0,1,1,1,1,1
14,-0.5877852522924732,-0.8090169943749473,Age0_F14_m14f13_P14_Y4_UO716,R14_F14_m14f13_P14_Y2_UO281,R13_F13_m13f12_P13_Y2_UO182,FXX,0,0.0,0,0,0.0,0,0,0,0.0,0.375,1,P12_CV0,1,0,2,1,1
14,-0.5877852522924732,-0.8090169943749473,Age0_F14_m14f13_P14_Y4_UO896,R14_F14_m14f13_P14_Y2_UO279,R13_F13_m13f12_P13_Y2_UO531,MXY,0,0.0,0,0,0.0,0,0,0,0.0,0.4375,1,P12_CV0,1,0,2,0,2
14,-0.5877852522924732,-0.8090169943749473,Age0_F14_m14f13_P14_Y4_UO897,R14_F14_m14f13_P14_Y2_UO279,R13_F13_m13f12_P13_Y2_UO531,FXX,0,0.0,0,0,0.0,0,0,0,0.0,0.4375,1,P12_CV0,1,0,2,1,1
14,-0.5877852522924732,-0.8090169943749473,Age0_F14_m14f13_P14_Y4_UO898,R14_F14_m14f13_P14_Y2_UO279,R13_F13_m13f12_P13_Y2_UO531,FXX,0,0.0,0,0,0.0,0,0,0,0.0,0.4375,1,P12_CV0,1,0,2,2,0
14,-0.5877852522924732,-0.8090169943749473,Age0_F14_m14f13_P14_Y4_UO1067,RD14_F13_m13f12_P13_Y2_UO295,R13_F13_m12f13_P12_Y2_UO1281,FXX,0,0.0,0,0,0.0,0,0,0,0.0,0.4375,1,P12_CV0,1,2,0,1,1
14,-0.5877852522924732,-0.8090169943749473,Age0_F14_m14f13_P14_Y4_UO1068,RD14_F13_m13f12_P13_Y2_UO295,R13_F13_m12f13_P12_Y2_UO1281,MXY,0,0.0,0,0,0.0,0,0,0,0.0,0.4375,1,P12_CV0,1,2,0,0,2
14,-0.5877852522924732,-0.8090169943749473,Age0_F14_m14f13_P14_Y4_UO1326,R14_F14_m14f15_P14_Y2_UO1070,R13_F13_m12f13_P12_Y2_UO1281,MXY,0,0.0,0,0,0.0,0,0,0,0.0,0.4375,1,P12_CV0,1,1,1,1,1
14,-0.5877852522924732,-0.8090169943749473,R14_F14_m14f13_P14_Y3_UO980,R14_F14_m14f15_P14_Y1_UO578,R13_F13_m13f12_P13_Y1_UO239,MXY,1,0.0,1,1,0.0,0,0,0,-9999.0,0.625,1,P12_CV0,1,1,1,2,0
14,-0.5877852522924732,-0.8090169943749473,R14_F14_m14f13_P14_Y3_UO1093,R14_F14_m14f15_P14_Y1_UO1057,R13_F13_m13f14_P13_Y1_UO877,FXX,1,0.0,1,1,1.0,0,0,0,-9999.0,0.375,1,P12_CV0,1,1,1,0,2
14,-0.5877852522924732,-0.8090169943749473,Age0_F14_m14f13_P14_Y4_UO0,RD14_F15_m15f14_P15_Y2_UO731,R13_F13_m13f12_P13_Y2_UO35,MXY,0,0.0,0,0,0.0,0,0,0,0.0,0.6875,1,P13_CV0,1,2,0,1,1
14,-0.5877852522924732,-0.8090169943749473,Age0_F14_m14f13_P14_Y4_UO1,RD14_F15_m15f14_P15_Y2_UO731,R13_F13_m13f12_P13_Y2_UO35,FXX,0,0.0,0,0,0.0,0,0,0,0.0,0.6875,1,P13_CV0,1,2,0,0,2
14,-0.5877852522924732,-0.8090169943749473,Age0_F14_m14f13_P14_Y4_UO3,RD14_F15_m15f14_P15_Y2_UO731,R13_F13_m13f12_P13_Y2_UO35,MXY,0,0.0,0,0,0.0,0,0,0,0.0,0.6875,1,P13_CV0,1,1,1,1,1
14,-0.5877852522924732,-0.8090169943749473,Age0_F14_m14f13_P14_Y4_UO24,R14_F14_m14f15_P14_Y2_UO275,R13_F13_m13f12_P13_Y2_UO801,FXX,0,0.0,0,0,0.0,0,0,0,0.0,0.3125,1,P13_CV0,1,1,1,1,1
14,-0.5877852522924732,-0.8090169943749473,Age0_F14_m14f15_P14_Y4_UO148,RD14_F13_m13f12_P13_Y2_UO295,R15_F15_m15f16_P15_Y2_UO1032,FXX,0,0.0,0,0,0.0,0,0,0,0.0,0.5,1,P13_CV0,1,1,1,1,1
14,-0.5877852522924732,-0.8090169943749473,Age0_F14_m14f15_P14_Y4_UO228,RD14_F13_m12f13_P12_Y2_UO101,R15_F15_m15f14_P15_Y2_UO710,MXY,0,0.0,0,0,0.0,0,0,0,0.0,0.75,1,P13_CV0,1,1,1,0,2
14,-0.5877852522924732,-0.8090169943749473,Age0_F14_m14f13_P14_Y4_UO292,RD14_F13_m13f12_P13_Y2_UO295,R13_F13_m13f12_P13_Y2_UO530,FXX,0,0.0,0,0,0.0,0,0,0,0.0,0.4375,1,P13_CV0,1,0,2,0,2
14,-0.5877852522924732,-0.8090169943749473,Age0_F14_m14f13_P14_Y4_UO293,RD14_F13_m13f12_P13_Y2_UO295,R13_F13_m13f12_P13_Y2_UO530,FXX,0,0.0,0,0,0.0,0,0,0,0.0,0.4375,1,P13_CV0,1,0,2,0,2
14,-0.5877852522924732,-0.8090169943749473,Age0_F14_m14f13_P14_Y4_UO572,R14_F14_m13f14_P13_Y2_UO77,R13_F13_m13f12_P13_Y2_UO300,FXX,0,0.0,0,0,0.0,0,0,0,0.0,0.5625,1,P13_CV0,1,1,1,0,2
14,-0.5877852522924732,-0.8090169943749473,Age0_F14_m14f13_P14_Y4_UO574,R14_F14_m13f14_P13_Y2_UO77,R13_F13_m13f12_P13_Y2_UO300,FXX,0,0.0,0,0,0.0,0,0,0,0.0,0.5625,1,P13_CV0,1,2,0,0,2
14,-0.5877852522924732,-0.8090169943749473,Age0_F14_m14f13_P14_Y4_UO798,RD14_F13_m12f13_P12_Y2_UO101,R13_F13_m13f14_P13_Y2_UO342,MXY,0,0.0,0,0,0.0,0,0,0,0.0,0.625,1,P13_CV0,1,2,0,1,1
14,-0.5877852522924732,-0.8090169943749473,Age0_F14_m14f13_P14_Y4_UO928,R14_F14_m14f15_P14_Y2_UO785,R13_F13_m13f12_P13_Y2_UO32,MXY,0,0.0,0,0,0.0,0,0,0,0.0,0.5625,1,P13_CV0,1,0,2,0,2
14,-0.5877852522924732,-0.8090169943749473,Age0_F14_m14f13_P14_Y4_UO929,R14_F14_m14f15_P14_Y2_UO785,R13_F13_m13f12_P13_Y2_UO32,FXX,0,0.0,0,0,0.0,0,0,0,0.0,0.5625,1,P13_CV0,1,1,1,0,2
14,-0.5877852522924732,-0.8090169943749473,Age0_F14_m14f13_P14_Y4_UO963,RD14_F13_m13f12_P13_Y2_UO295,R13_F13_m13f12_P13_Y2_UO34,MXY,0,0.0,0,0,0.0,0,0,0,0.0,0.5625,1,P13_CV0,1,1,1,0,2
14,-0.5877852522924732,-0.8090169943749473,Age0_F14_m14f13_P14_Y4_UO966,RD14_F13_m13f12_P13_Y2_UO295,R13_F13_m13f12_P13_Y2_UO34,MXY,0,0.0,0,0,0.0,0,0,0,0.0,0.5625,1,P13_CV0,1,1,1,0,2
14,-0.5877852522924732,-0.8090169943749473,Age0_F14_m14f13_P14_Y4_UO1069,RD14_F13_m13f12_P13_Y2_UO295,R13_F13_m12f13_P12_Y2_UO1281,FXX,0,0.0,0,0,0.0,0,0,0,0.0,0.4375,1,P13_CV0,1,2,0,1,1
14,-0.5877852522924732,-0.8090169943749473,Age0_F14_m14f13_P14_Y4_UO1159,R14_F14_m14f15_P14_Y2_UO1010,R13_F13_m13f14_P13_Y1_UO113,MXY,0,0.0,0,0,0.0,0,0,0,0.0,0.875,1,P13_CV0,1,1,1,1,1
14,-0.5877852522924732,-0.8090169943749473,Age0_F14_m14f13_P14_Y4_UO1160,R14_F14_m14f15_P14_Y2_UO1010,R13_F13_m13f14_P13_Y1_UO113,MXY,0,0.0,0,0,0.0,0,0,0,0.0,0.875,1,P13_CV0,1,2,0,1,1
14,-0.5877852522924732,-0.8090169943749473,Age0_F14_m14f13_P14_Y4_UO1161,R14_F14_m14f15_P14_Y2_UO1010,R13_F13_m13f14_P13_Y1_UO113,FXX,0,0.0,0,0,0.0,0,0,0,0.0,0.875,1,P13_CV0,1,2,0,1,1
14,-0.5877852522924732,-0.8090169943749473,Age0_F14_m14f15_P14_Y4_UO1221,RD14_F15_m15f14_P15_Y2_UO731,R15_F15_m15f14_P15_Y2_UO463,MXY,0,0.0,0,0,0.0,0,0,0,0.0,0.6875,1,P13_CV0,1,1,1,0,2
14,-0.5877852522924732,-0.8090169943749473,Age0_F14_m14f15_P14_Y4_UO1301,RD14_F15_m15f14_P15_Y2_UO731,R15_F15_m15f14_P15_Y2_UO733,MXY,0,0.0,0,0,0.0,0,0,0,0.0,0.75,1,P13_CV0,1,2,0,0,2
14,-0.5877852522924732,-0.8090169943749473,Age0_F14_m14f15_P14_Y4_UO1302,RD14_F15_m15f14_P15_Y2_UO731,R15_F15_m15f14_P15_Y2_UO733,MXY,0,0.0,0,0,0.0,0,0,0,0.0,0.75,1,P13_CV0,1,2,0,0,2
14,-0.5877852522924732,-0.8090169943749473,Age0_F14_m14f15_P14_Y4_UO1303,RD14_F15_m15f14_P15_Y2_UO731,R15_F15_m15f14_P15_Y2_UO733,MXY,0,0.0,0,0,0.0,0,0,0,0.0,0.75,1,P13_CV0,1,2,0,0,2
14,-0.5877852522924732,-0.8090169943749473,Age0_F14_m14f13_P14_Y4_UO1327,R14_F14_m14f15_P14_Y2_UO1070,R13_F13_m12f13_P12_Y2_UO1281,MXY,0,0.0,0,0,0.0,0,0,0,0.0,0.4375,1,P13_CV0,1,1,1,1,1
14,-0.5877852522924732,-0.8090169943749473,Age0_F14_m14f13_P14_Y4_UO1328,R14_F14_m14f15_P14_Y2_UO1070,R13_F13_m12f13_P12_Y2_UO1281,MXY,0,0.0,0,0,0.0,0,0,0,0.0,0.4375,1,P13_CV0,1,1,1,1,1
14,-0.5877852522924732,-0.8090169943749473,Age0_F14_m14f15_P14_Y4_UO1339,R14_F14_m14f15_P14_Y2_UO275,R15_F15_m15f14_P15_Y2_UO462,FXX,0,0.0,0,0,0.0,0,0,0,0.0,0.4375,1,P13_CV0,1,1,1,1,1
14,-0.5877852522924732,-0.8090169943749473,Age0_F14_m14f15_P14_Y4_UO1340,R14_F14_m14f15_P14_Y2_UO275,R15_F15_m15f14_P15_Y2_UO462,FXX,0,0.0,0,0,0.0,0,0,0,0.0,0.4375,1,P13_CV0,1,1,1,1,1
14,-0.5877852522924732,-0.8090169943749473,R14_F14_m14f13_P14_Y3_UO185,R14_F14_m14f15_P14_Y1_UO1057,R13_F13_m13f14_P13_Y1_UO794,FXX,1,0.0,1,1,1.0,0,0,0,-9999.0,0.25,1,P13_CV0,1,1,1,2,0
14,-0.5877852522924732,-0.8090169943749473,R14_F14_m14f15_P14_Y3_UO820,R14_F14_m14f15_P14_Y1_UO1057,R15_F15_m15f14_P15_Y1_UO843,FXX,1,0.0,1,1,1.0,0,0,0,-9999.0,0.625,1,P13_CV0,1,1,1,2,0
14,-0.5877852522924732,-0.8090169943749473,R14_F14_m14f13_P14_Y3_UO182,R14_F14_m14f15_P14_Y1_UO1057,R13_F13_m13f14_P13_Y1_UO794,MXY,1,0.0,1,1,0.0,0,0,0,-9999.0,0.25,1,P13_CV0,1,0,2,1,1
14,-0.5877852522924732,-0.8090169943749473,R14_F14_m14f15_P14_Y3_UO1128,R14_F14_m14f15_P14_Y1_UO1061,R15_F15_m15f14_P15_Y0_UO1281,MXY,1,0.0,1,1,0.0,0,0,0,-9999.0,0.5,1,P13_CV0,1,1,1,2,0
14,-0.5877852522924732,-0.8090169943749473,R14_F14_m14f15_P14_Y3_UO1127,R14_F14_m14f15_P14_Y1_UO1061,R15_F15_m15f14_P15_Y0_UO1281,MXY,1,0.0,1,1,0.0,0,0,0,-9999.0,0.5,1,P13_CV0,1,2,0,1,1
14,-0.5877852522924732,-0.8090169943749473,R14_F14_m14f15_P14_Y3_UO1125,R14_F14_m14f15_P14_Y1_UO1061,R15_F15_m15f14_P15_Y0_UO1281,FXX,1,0.0,1,1,1.0,0,0,0,-9999.0,0.5,1,P13_CV0,1,1,1,2,0
14,-0.5877852522924732,-0.8090169943749473,R14_F14_m14f13_P14_Y3_UO556,R14_F14_m14f15_P14_Y1_UO356,R13_F13_m14f13_P14_Y1_UO1110,MXY,1,0.0,1,1,0.0,0,0,0,-9999.0,0.375,1,P13_CV0,1,1,1,1,1
14,-0.5877852522924732,-0.8090169943749473,R14_F14_m14f13_P14_Y3_UO180,R14_F14_m14f15_P14_Y1_UO1057,R13_F13_m13f14_P13_Y1_UO794,FXX,1,0.0,1,1,1.0,0,0,0,-9999.0,0.25,1,P13_CV0,1,1,1,2,0
14,-0.5877852522924732,-0.8090169943749473,R14_F14_m14f13_P14_Y1_UO671,R14_F14_m-1f-1_P14_Y-1_U56,R13_F13_m-1f-1_P13_Y-1_U85,MXY,3,0.0,1,0,0.0,0,0,0,-9999.0,0.25,1,P13_CV0,1,0,2,1,1
14,-0.5877852522924732,-0.8090169943749473,R14_F14_m13f14_P13_Y1_UO108,R13_F13_m-1f-1_P13_Y-1_U43,R14_F14_m-1f-1_P14_Y-1_U76,MXY,3,0.0,1,0,0.0,0,0,0,-9999.0,1.0,1,P13_CV0,1,2,0,0,2
14,-0.5877852522924732,-0.8090169943749473,R14_F14_m-1f-1_P14_Y-1_U23,-9999,-9999,MXY,5,0.0,1,0,0.0,0,0,0,-9999.0,1.0,1,P13_CV0,1,2,0,0,2
14,-0.5877852522924732,-0.8090169943749473,Age0_F14_m14f13_P14_Y4_UO25,R14_F14_m14f15_P14_Y2_UO275,R13_F13_m13f12_P13_Y2_UO801,MXY,0,0.0,0,0,0.0,0,0,0,0.0,0.3125,1,P14_CV0,1,1,1,1,1
14,-0.5877852522924732,-0.8090169943749473,Age0_F14_m14f13_P14_Y4_UO26,R14_F14_m14f15_P14_Y2_UO275,R13_F13_m13f12_P13_Y2_UO801,MXY,0,0.0,0,0,0.0,0,0,0,0.0,0.3125,1,P14_CV0,1,0,2,1,1
14,-0.5877852522924732,-0.8090169943749473,Age0_F14_m14f15_P14_Y4_UO194,R14_F14_m14f15_P14_Y2_UO789,R15_F15_m15f14_P15_Y2_UO956,FXX,0,0.0,0,0,0.0,0,0,0,0.0,0.625,1,P14_CV0,1,1,1,0,2
14,-0.5877852522924732,-0.8090169943749473,Age0_F14_m14f15_P14_Y4_UO195,R14_F14_m14f15_P14_Y2_UO789,R15_F15_m15f14_P15_Y2_UO956,MXY,0,0.0,0,0,0.0,0,0,0,0.0,0.625,1,P14_CV0,1,1,1,1,1
14,-0.5877852522924732,-0.8090169943749473,Age0_F14_m14f15_P14_Y4_UO196,R14_F14_m14f15_P14_Y2_UO789,R15_F15_m15f14_P15_Y2_UO956,MXY,0,0.0,0,0,0.0,0,0,0,0.0,0.625,1,P14_CV0,1,2,0,0,2
14,-0.5877852522924732,-0.8090169943749473,Age0_F14_m14f15_P14_Y4_UO197,R14_F14_m14f15_P14_Y2_UO789,R15_F15_m15f14_P15_Y2_UO956,MXY,0,0.0,0,0,0.0,0,0,0,0.0,0.625,1,P14_CV0,1,2,0,0,2
14,-0.5877852522924732,-0.8090169943749473,Age0_F14_m14f15_P14_Y4_UO198,R14_F14_m14f15_P14_Y2_UO789,R15_F15_m15f14_P15_Y2_UO956,MXY,0,0.0,0,0,0.0,0,0,0,0.0,0.625,1,P14_CV0,1,2,0,0,2
14,-0.5877852522924732,-0.8090169943749473,Age0_F14_m14f15_P14_Y4_UO199,R14_F14_m14f15_P14_Y2_UO789,R15_F15_m15f14_P15_Y2_UO956,FXX,0,0.0,0,0,0.0,0,0,0,0.0,0.625,1,P14_CV0,1,2,0,1,1
14,-0.5877852522924732,-0.8090169943749473,Age0_F14_m14f15_P14_Y4_UO509,R14_F14_m14f15_P14_Y2_UO275,RD15_F16_m16f17_P16_Y2_UO393,FXX,0,0.0,0,0,0.0,0,0,0,0.0,0.3125,1,P14_CV0,1,1,1,2,0
14,-0.5877852522924732,-0.8090169943749473,Age0_F14_m14f15_P14_Y4_UO510,R14_F14_m14f15_P14_Y2_UO275,RD15_F16_m16f17_P16_Y2_UO393,FXX,0,0.0,0,0,0.0,0,0,0,0.0,0.3125,1,P14_CV0,1,0,2,2,0
14,-0.5877852522924732,-0.8090169943749473,Age0_F14_m14f15_P14_Y4_UO511,R14_F14_m14f15_P14_Y2_UO275,RD15_F16_m16f17_P16_Y2_UO393,FXX,0,0.0,0,0,0.0,0,0,0,0.0,0.3125,1,P14_CV0,1,1,1,2,0
14,-0.5877852522924732,-0.8090169943749473,Age0_F14_m14f15_P14_Y4_UO582,RD14_F13_m13f12_P13_Y2_UO459,R15_F15_m15f14_P15_Y2_UO463,FXX,0,0.0,0,0,0.0,0,0,0,0.0,0.5,1,P14_CV0,1,0,2,1,1
14,-0.5877852522924732,-0.8090169943749473,Age0_F14_m14f15_P14_Y4_UO583,RD14_F13_m13f12_P13_Y2_UO459,R15_F15_m15f14_P15_Y2_UO463,FXX,0,0.0,0,0,0.0,0,0,0,0.0,0.5,1,P14_CV0,1,0,2,1,1
14,-0.5877852522924732,-0.8090169943749473,Age0_F14_m14f15_P14_Y4_UO602,RD14_F13_m13f12_P13_Y2_UO459,R15_F15_m15f16_P15_Y2_UO627,FXX,0,0.0,0,0,0.0,0,0,0,0.0,0.375,1,P14_CV0,1,0,2,2,0
14,-0.5877852522924732,-0.8090169943749473,Age0_F14_m14f15_P14_Y4_UO603,RD14_F13_m13f12_P13_Y2_UO459,R15_F15_m15f16_P15_Y2_UO627,MXY,0,0.0,0,0,0.0,0,0,0,0.0,0.375,1,P14_CV0,1,1,1,2,0
14,-0.5877852522924732,-0.8090169943749473,Age0_F14_m14f15_P14_Y4_UO748,R14_F14_m14f15_P14_Y2_UO1069,R15_F15_m16f17_P16_Y2_UO450,FXX,0,0.0,0,0,0.0,0,0,0,0.0,0.375,1,P14_CV0,1,0,2,0,2
14,-0.5877852522924732,-0.8090169943749473,Age0_F14_m14f15_P14_Y4_UO750,R14_F14_m14f15_P14_Y2_UO1069,R15_F15_m16f17_P16_Y2_UO450,MXY,0,0.0,0,0,0.0,0,0,0,0.0,0.375,1,P14_CV0,1,0,2,0,2
14,-0.5877852522924732,-0.8090169943749473,Age0_F14_m14f13_P14_Y4_UO797,RD14_F13_m12f13_P12_Y2_UO101,R13_F13_m13f14_P13_Y2_UO342,FXX,0,0.0,0,0,0.0,0,0,0,0.0,0.625,1,P14_CV0,1,2,0,0,2
14,-0.5877852522924732,-0.8090169943749473,Age0_F14_m14f13_P14_Y4_UO799,RD14_F13_m12f13_P12_Y2_UO101,R13_F13_m13f14_P13_Y2_UO342,MXY,0,0.0,0,0,0.0,0,0,0,0.0,0.625,1,P14_CV0,1,1,1,0,2
14,-0.5877852522924732,-0.8090169943749473,Age0_F14_m14f15_P14_Y4_UO1220,RD14_F15_m15f14_P15_Y2_UO731,R15_F15_m15f14_P15_Y2_UO463,FXX,0,0.0,0,0,0.0,0,0,0,0.0,0.6875,1,P14_CV0,1,2,0,0,2
14,-0.5877852522924732,-0.8090169943749473,Age0_F14_m14f15_P14_Y4_UO1222,RD14_F15_m15f14_P15_Y2_UO731,R15_F15_m15f14_P15_Y2_UO463,MXY,0,0.0,0,0,0.0,0,0,0,0.0,0.6875,1,P14_CV0,1,1,1,0,2
14,-0.5877852522924732,-0.8090169943749473,Age0_F14_m14f15_P14_Y4_UO1341,R14_F14_m14f15_P14_Y2_UO275,R15_F15_m15f14_P15_Y2_UO462,FXX,0,0.0,0,0,0.0,0,0,0,0.0,0.4375,1,P14_CV0,1,1,1,1,1
14,-0.5877852522924732,-0.8090169943749473,R14_F14_m14f13_P14_Y3_UO229,R14_F14_m14f15_P14_Y1_UO356,RD13_F14_m14f15_P14_Y1_UO19,FXX,1,0.0,1,1,1.0,0,0,0,-9999.0,0.375,1,P14_CV0,1,1,1,0,2
14,-0.5877852522924732,-0.8090169943749473,R14_F14_m14f15_P14_Y3_UO789,R14_F14_m14f15_P14_Y1_UO1057,R15_F15_m15f16_P15_Y0_UO1,FXX,1,0.0,1,1,1.0,0,0,0,-9999.0,0.375,1,P14_CV0,1,0,2,0,2
14,-0.5877852522924732,-0.8090169943749473,R14_F14_m14f15_P14_Y2_UO1069,RD14_F15_m15f16_P15_Y0_UO104,R15_F15_m15f14_P15_Y0_UO1196,FXX,2,0.0,1,0,1.0,0,0,0,-9999.0,0.5,1,P14_CV0,1,0,2,0,2
14,-0.5877852522924732,-0.8090169943749473,R14_F14_m14f15_P14_Y2_UO789,R14_F14_m14f15_P14_Y0_UO1126,R15_F15_m15f16_P15_Y0_UO604,FXX,2,0.0,1,0,1.0,0,0,0,-9999.0,0.75,1,P14_CV0,1,2,0,0,2
14,-0.5877852522924732,-0.8090169943749473,Age0_F14_m14f15_P14_Y4_UO749,R14_F14_m14f15_P14_Y2_UO1069,R15_F15_m16f17_P16_Y2_UO450,MXY,0,0.0,0,0,0.0,0,0,0,0.0,0.375,1,P15_CV0,1,0,2,0,2
14,-0.5877852522924732,-0.8090169943749473,Age0_F14_m14f15_P14_Y4_UO751,R14_F14_m14f15_P14_Y2_UO1069,R15_F15_m16f17_P16_Y2_UO450,MXY,0,0.0,0,0,0.0,0,0,0,0.0,0.375,1,P15_CV0,1,0,2,1,1
14,-0.5877852522924732,-0.8090169943749473,Age0_F14_m14f15_P14_Y4_UO752,R14_F14_m14f15_P14_Y2_UO1069,R15_F15_m16f17_P16_Y2_UO450,FXX,0,0.0,0,0,0.0,0,0,0,0.0,0.375,1,P15_CV0,1,0,2,0,2
14,-0.5877852522924732,-0.8090169943749473,Age0_F14_m14f15_P14_Y4_UO1179,R14_F14_m14f15_P14_Y2_UO1010,R15_F15_m15f16_P15_Y2_UO1015,FXX,0,0.0,0,0,0.0,0,0,0,0.0,0.6875,1,P15_CV0,1,2,0,2,0
14,-0.5877852522924732,-0.8090169943749473,Age0_F14_m14f15_P14_Y4_UO1180,R14_F14_m14f15_P14_Y2_UO1010,R15_F15_m15f16_P15_Y2_UO1015,MXY,0,0.0,0,0,0.0,0,0,0,0.0,0.6875,1,P15_CV0,1,0,2,2,0
14,-0.5877852522924732,-0.8090169943749473,Age0_F14_m14f15_P14_Y4_UO1181,R14_F14_m14f15_P14_Y2_UO1010,R15_F15_m15f16_P15_Y2_UO1015,FXX,0,0.0,0,0,0.0,0,0,0,0.0,0.6875,1,P15_CV0,1,1,1,2,0
14,-0.5877852522924732,-0.8090169943749473,Age0_F14_m14f15_P14_Y4_UO147,RD14_F13_m13f12_P13_Y2_UO295,R15_F15_m15f16_P15_Y2_UO1032,MXY,0,0.0,0,0,0.0,0,0,0,0.0,0.5,1,P16_CV0,1,1,1,2,0
15,-0.30901699437494756,-0.9510565162951535,Age0_F15_m15f14_P15_Y4_UO653,R15_F15_m15f14_P15_Y2_UO317,R14_F14_m13f14_P13_Y1_UO108,FXX,0,0.0,0,0,0.0,0,0,0,0.0,0.625,1,P12_CV0,1,1,1,0,2
15,-0.30901699437494756,-0.9510565162951535,Age0_F15_m15f14_P15_Y4_UO656,R15_F15_m15f14_P15_Y2_UO317,R14_F14_m13f14_P13_Y1_UO108,MXY,0,0.0,0,0,0.0,0,0,0,0.0,0.625,1,P12_CV0,1,1,1,0,2
15,-0.30901699437494756,-0.9510565162951535,R15_F15_m15f14_P15_Y3_UO99,R15_F15_m15f16_P15_Y1_UO955,R14_F14_m14f13_P14_Y1_UO352,MXY,1,0.0,1,1,0.0,0,0,0,-9999.0,0.375,1,P12_CV0,1,0,2,2,0
15,-0.30901699437494756,-0.9510565162951535,R15_F15_m15f14_P15_Y3_UO344,R15_F15_m15f16_P15_Y1_UO952,R14_F14_m14f13_P14_Y1_UO352,FXX,1,0.0,1,1,1.0,0,0,0,-9999.0,0.375,1,P12_CV0,1,0,2,0,2
15,-0.30901699437494756,-0.9510565162951535,R15_F15_m15f14_P15_Y3_UO93,R15_F15_m15f16_P15_Y1_UO955,R14_F14_m14f13_P14_Y1_UO352,MXY,1,0.0,1,1,0.0,0,0,0,-9999.0,0.375,1,P12_CV0,1,1,1,2,0
15,-0.30901699437494756,-0.9510565162951535,R15_F15_m14f13_P14_Y3_UO388,R14_F14_m14f15_P14_Y1_UO578,R13_F13_m13f14_P13_Y1_UO886,MXY,1,0.0,1,1,0.0,0,0,0,-9999.0,0.375,1,P12_CV0,1,1,1,1,1
15,-0.30901699437494756,-0.9510565162951535,R15_F15_m15f14_P15_Y2_UO318,R15_F15_m15f16_P15_Y0_UO1106,R14_F14_m14f13_P14_Y0_UO875,FXX,2,0.0,1,0,1.0,0,0,0,-9999.0,0.25,1,P12_CV0,1,0,2,1,1
15,-0.30901699437494756,-0.9510565162951535,Age0_F15_m15f16_P15_Y4_UO42,R15_F15_m14f15_P14_Y2_UO500,R16_F16_m16f15_P16_Y2_UO238,MXY,0,0.0,0,0,0.0,0,0,0,0.0,0.75,1,P13_CV0,1,0,2,2,0
15,-0.30901699437494756,-0.9510565162951535,Age0_F15_m15f14_P15_Y4_UO652,R15_F15_m15f14_P15_Y2_UO317,R14_F14_m13f14_P13_Y1_UO108,FXX,0,0.0,0,0,0.0,0,0,0,0.0,0.625,1,P13_CV0,1,1,1,0,2
15,-0.30901699437494756,-0.9510565162951535,Age0_F15_m15f14_P15_Y4_UO654,R15_F15_m15f14_P15_Y2_UO317,R14_F14_m13f14_P13_Y1_UO108,MXY,0,0.0,0,0,0.0,0,0,0,0.0,0.625,1,P13_CV0,1,1,1,0,2
15,-0.30901699437494756,-0.9510565162951535,Age0_F15_m15f14_P15_Y4_UO655,R15_F15_m15f14_P15_Y2_UO317,R14_F14_m13f14_P13_Y1_UO108,MXY,0,0.0,0,0,0.0,0,0,0,0.0,0.625,1,P13_CV0,1,1,1,0,2
15,-0.30901699437494756,-0.9510565162951535,Age0_F15_m15f14_P15_Y4_UO728,R15_F15_m15f16_P15_Y2_UO1014,R14_F14_m14f13_P14_Y1_UO671,FXX,0,0.0,0,0,0.0,0,0,0,0.0,0.4375,1,P13_CV0,1,1,1,1,1
15,-0.30901699437494756,-0.9510565162951535,Age0_F15_m15f14_P15_Y4_UO730,R15_F15_m15f16_P15_Y2_UO1014,R14_F14_m14f13_P14_Y1_UO671,MXY,0,0.0,0,0,0.0,0,0,0,0.0,0.4375,1,P13_CV0,1,0,2,2,0
15,-0.30901699437494756,-0.9510565162951535,Age0_F15_m15f14_P15_Y4_UO731,R15_F15_m15f16_P15_Y2_UO1014,R14_F14_m14f13_P14_Y1_UO671,FXX,0,0.0,0,0,0.0,0,0,0,0.0,0.4375,1,P13_CV0,1,0,2,2,0
15,-0.30901699437494756,-0.9510565162951535,Age0_F15_m15f14_P15_Y4_UO732,R15_F15_m15f16_P15_Y2_UO1014,R14_F14_m14f13_P14_Y1_UO671,FXX,0,0.0,0,0,0.0,0,0,0,0.0,0.4375,1,P13_CV0,1,1,1,1,1
15,-0.30901699437494756,-0.9510565162951535,Age0_F15_m15f14_P15_Y4_UO903,R15_F15_m15f14_P15_Y2_UO1426,R14_F14_m14f13_P14_Y2_UO72,FXX,0,0.0,0,0,0.0,0,0,0,0.0,0.75,1,P13_CV0,1,2,0,1,1
15,-0.30901699437494756,-0.9510565162951535,Age0_F15_m15f14_P15_Y4_UO904,R15_F15_m15f14_P15_Y2_UO1426,R14_F14_m14f13_P14_Y2_UO72,MXY,0,0.0,0,0,0.0,0,0,0,0.0,0.75,1,P13_CV0,1,2,0,1,1
15,-0.30901699437494756,-0.9510565162951535,Age0_F15_m15f14_P15_Y4_UO907,R15_F15_m15f14_P15_Y2_UO1426,R14_F14_m14f13_P14_Y2_UO72,MXY,0,0.0,0,0,0.0,0,0,0,0.0,0.75,1,P13_CV0,1,2,0,1,1
15,-0.30901699437494756,-0.9510565162951535,Age0_F15_m15f14_P15_Y4_UO1430,R15_F15_m15f16_P15_Y2_UO1014,R14_F14_m13f12_P13_Y2_UO180,FXX,0,0.0,0,0,0.0,0,0,0,0.0,0.4375,1,P13_CV0,1,1,1,2,0
15,-0.30901699437494756,-0.9510565162951535,Age0_F15_m15f14_P15_Y4_UO1433,R15_F15_m15f16_P15_Y2_UO1014,R14_F14_m13f12_P13_Y2_UO180,MXY,0,0.0,0,0,0.0,0,0,0,0.0,0.4375,1,P13_CV0,1,1,1,1,1
15,-0.30901699437494756,-0.9510565162951535,Age0_F15_m15f14_P15_Y4_UO1434,R15_F15_m15f16_P15_Y2_UO1014,R14_F14_m13f12_P13_Y2_UO180,FXX,0,0.0,0,0,0.0,0,0,0,0.0,0.4375,1,P13_CV0,1,0,2,2,0
15,-0.30901699437494756,-0.9510565162951535,Age0_F15_m15f14_P15_Y4_UO1436,R15_F15_m15f16_P15_Y2_UO1014,R14_F14_m13f12_P13_Y2_UO180,FXX,0,0.0,0,0,0.0,0,0,0,0.0,0.4375,1,P13_CV0,1,1,1,2,0
15,-0.30901699437494756,-0.9510565162951535,Age0_F15_m15f14_P15_Y4_UO1438,R15_F15_m15f16_P15_Y2_UO515,R14_F14_m14f13_P14_Y1_UO671,MXY,0,0.0,0,0,0.0,0,0,0,0.0,0.5625,1,P13_CV0,1,1,1,2,0
15,-0.30901699437494756,-0.9510565162951535,Age0_F15_m15f14_P15_Y4_UO1439,R15_F15_m15f16_P15_Y2_UO515,R14_F14_m14f13_P14_Y1_UO671,FXX,0,0.0,0,0,0.0,0,0,0,0.0,0.5625,1,P13_CV0,1,1,1,1,1
15,-0.30901699437494756,-0.9510565162951535,Age0_F15_m15f14_P15_Y4_UO1440,R15_F15_m15f16_P15_Y2_UO515,R14_F14_m14f13_P14_Y1_UO671,FXX,0,0.0,0,0,0.0,0,0,0,0.0,0.5625,1,P13_CV0,1,1,1,0,2
15,-0.30901699437494756,-0.9510565162951535,Age0_F15_m15f14_P15_Y4_UO1443,R15_F15_m15f16_P15_Y2_UO515,R14_F14_m14f13_P14_Y1_UO671,FXX,0,0.0,0,0,0.0,0,0,0,0.0,0.5625,1,P13_CV0,1,1,1,2,0
15,-0.30901699437494756,-0.9510565162951535,Age0_F15_m15f14_P15_Y4_UO1444,R15_F15_m15f16_P15_Y2_UO515,R14_F14_m14f13_P14_Y1_UO671,FXX,0,0.0,0,0,0.0,0,0,0,0.0,0.5625,1,P13_CV0,1,0,2,1,1
15,-0.30901699437494756,-0.9510565162951535,R15_F15_m14f13_P14_Y3_UO631,R14_F14_m14f15_P14_Y1_UO1060,R13_F13_m13f12_P13_Y1_UO239,MXY,1,0.0,1,1,0.0,0,0,0,-9999.0,0.625,1,P13_CV0,1,2,0,2,0
15,-0.30901699437494756,-0.9510565162951535,R15_F15_m15f14_P15_Y2_UO733,R15_F15_m15f16_P15_Y0_UO1107,R14_F14_m-1f-1_P14_Y-1_U26,MXY,2,0.0,1,0,0.0,0,0,0,-9999.0,0.75,1,P13_CV0,1,2,0,0,2
15,-0.30901699437494756,-0.9510565162951535,R15_F15_m15f14_P15_Y2_UO711,R15_F15_m15f14_P15_Y0_UO1194,R14_F14_m14f15_P14_Y0_UO833,MXY,2,0.0,1,0,0.0,0,0,0,-9999.0,0.75,1,P13_CV0,1,2,0,1,1
15,-0.30901699437494756,-0.9510565162951535,R15_F15_m14f15_P14_Y2_UO500,RD14_F13_m13f14_P13_Y0_UO1115,R15_F15_m15f14_P15_Y0_UO158,FXX,2,0.0,1,0,1.0,0,0,0,-9999.0,0.875,1,P13_CV0,1,1,1,1,1
15,-0.30901699437494756,-0.9510565162951535,Age0_F15_m15f14_P15_Y4_UO277,R15_F15_m15f14_P15_Y2_UO1426,RD14_F13_m13f14_P13_Y2_UO868,MXY,0,0.0,0,0,0.0,0,0,0,0.0,0.5625,1,P14_CV0,1,2,0,1,1
15,-0.30901699437494756,-0.9510565162951535,Age0_F15_m15f16_P15_Y4_UO1058,R15_F15_m15f16_P15_Y2_UO515,RD16_F15_m15f16_P15_Y2_UO899,FXX,0,0.0,0,0,0.0,0,0,0,0.0,0.625,1,P14_CV0,1,0,2,1,1
15,-0.30901699437494756,-0.9510565162951535,Age0_F15_m15f16_P15_Y4_UO1061,R15_F15_m15f16_P15_Y2_UO515,RD16_F15_m15f16_P15_Y2_UO899,MXY,0,0.0,0,0,0.0,0,0,0,0.0,0.625,1,P14_CV0,1,1,1,2,0
15,-0.30901699437494756,-0.9510565162951535,Age0_F15_m15f16_P15_Y4_UO1062,R15_F15_m15f16_P15_Y2_UO515,RD16_F15_m15f16_P15_Y2_UO899,MXY,0,0.0,0,0,0.0,0,0,0,0.0,0.625,1,P14_CV0,1,1,1,1,1
15,-0.30901699437494756,-0.9510565162951535,Age0_F15_m15f16_P15_Y4_UO1065,R15_F15_m15f16_P15_Y2_UO515,RD16_F15_m15f16_P15_Y2_UO899,FXX,0,0.0,0,0,0.0,0,0,0,0.0,0.625,1,P14_CV0,1,1,1,2,0
15,-0.30901699437494756,-0.9510565162951535,Age0_F15_m15f16_P15_Y4_UO1342,R15_F15_m15f14_P15_Y2_UO1426,R16_F16_m16f15_P16_Y2_UO240,FXX,0,0.0,0,0,0.0,0,0,0,0.0,0.625,1,P14_CV0,1,2,0,1,1
15,-0.30901699437494756,-0.9510565162951535,Age0_F15_m15f16_P15_Y4_UO1344,R15_F15_m15f14_P15_Y2_UO1426,R16_F16_m16f15_P16_Y2_UO240,MXY,0,0.0,0,0,0.0,0,0,0,0.0,0.625,1,P14_CV0,1,1,1,1,1
15,-0.30901699437494756,-0.9510565162951535,Age0_F15_m15f16_P15_Y4_UO1345,R15_F15_m15f14_P15_Y2_UO1426,R16_F16_m16f15_P16_Y2_UO240,FXX,0,0.0,0,0,0.0,0,0,0,0.0,0.625,1,P14_CV0,1,1,1,1,1
15,-0.30901699437494756,-0.9510565162951535,Age0_F15_m15f16_P15_Y4_UO1347,R15_F15_m15f14_P15_Y2_UO1426,R16_F16_m16f15_P16_Y2_UO240,FXX,0,0.0,0,0,0.0,0,0,0,0.0,0.625,1,P14_CV0,1,2,0,1,1
15,-0.30901699437494756,-0.9510565162951535,Age0_F15_m15f14_P15_Y4_UO1437,R15_F15_m15f16_P15_Y2_UO515,R14_F14_m14f13_P14_Y1_UO671,FXX,0,0.0,0,0,0.0,0,0,0,0.0,0.5625,1,P14_CV0,1,0,2,1,1
15,-0.30901699437494756,-0.9510565162951535,Age0_F15_m15f14_P15_Y4_UO1441,R15_F15_m15f16_P15_Y2_UO515,R14_F14_m14f13_P14_Y1_UO671,MXY,0,0.0,0,0,0.0,0,0,0,0.0,0.5625,1,P14_CV0,1,0,2,1,1
15,-0.30901699437494756,-0.9510565162951535,Age0_F15_m15f14_P15_Y4_UO1442,R15_F15_m15f16_P15_Y2_UO515,R14_F14_m14f13_P14_Y1_UO671,MXY,0,0.0,0,0,0.0,0,0,0,0.0,0.5625,1,P14_CV0,1,1,1,1,1
15,-0.30901699437494756,-0.9510565162951535,R15_F15_m15f16_P15_Y2_UO515,R15_F15_m15f14_P15_Y0_UO1294,R16_F16_m-1f-1_P16_Y-1_U66,FXX,2,0.0,1,0,1.0,0,0,0,-9999.0,0.875,1,P14_CV0,1,1,1,1,1
15,-0.30901699437494756,-0.9510565162951535,R15_F15_m15f14_P15_Y2_UO1245,R15_F15_m15f14_P15_Y0_UO1294,R14_F14_m14f15_P14_Y0_UO831,FXX,2,0.0,1,0,1.0,0,0,0,-9999.0,0.75,1,P14_CV0,1,2,0,0,2
15,-0.30901699437494756,-0.9510565162951535,R15_F15_m15f14_P15_Y2_UO1158,R15_F15_m15f14_P15_Y0_UO159,R14_F14_m-1f-1_P14_Y-1_U26,MXY,2,0.0,1,0,0.0,0,0,0,-9999.0,0.875,1,P14_CV0,1,1,1,0,2
15,-0.30901699437494756,-0.9510565162951535,R15_F15_m15f16_P15_Y2_UO1034,R15_F15_m15f14_P15_Y0_UO1294,R16_F16_m17f18_P17_Y0_UO652,MXY,2,0.0,1,0,0.0,0,0,0,-9999.0,0.5,1,P14_CV0,1,1,1,0,2
15,-0.30901699437494756,-0.9510565162951535,R15_F15_m15f16_P15_Y1_UO952,R15_F15_m-1f-1_P15_Y-1_U49,R16_F16_m-1f-1_P16_Y-1_U18,FXX,3,0.0,1,0,1.0,0,0,0,-9999.0,0.5,1,P14_CV0,1,1,1,1,1
15,-0.30901699437494756,-0.9510565162951535,Age0_F15_m15f16_P15_Y4_UO38,R15_F15_m14f15_P14_Y2_UO500,R16_F16_m16f15_P16_Y2_UO238,MXY,0,0.0,0,0,0.0,0,0,0,0.0,0.75,1,P15_CV0,1,0,2,1,1
15,-0.30901699437494756,-0.9510565162951535,Age0_F15_m15f16_P15_Y4_UO39,R15_F15_m14f15_P14_Y2_UO500,R16_F16_m16f15_P16_Y2_UO238,MXY,0,0.0,0,0,0.0,0,0,0,0.0,0.75,1,P15_CV0,1,0,2,0,2
15,-0.30901699437494756,-0.9510565162951535,Age0_F15_m15f16_P15_Y4_UO40,R15_F15_m14f15_P14_Y2_UO500,R16_F16_m16f15_P16_Y2_UO238,MXY,0,0.0,0,0,0.0,0,0,0,0.0,0.75,1,P15_CV0,1,1,1,2,0
15,-0.30901699437494756,-0.9510565162951535,Age0_F15_m15f16_P15_Y4_UO41,R15_F15_m14f15_P14_Y2_UO500,R16_F16_m16f15_P16_Y2_UO238,FXX,0,0.0,0,0,0.0,0,0,0,0.0,0.75,1,P15_CV0,1,1,1,2,0
15,-0.30901699437494756,-0.9510565162951535,Age0_F15_m15f14_P15_Y4_UO278,R15_F15_m15f14_P15_Y2_UO1426,RD14_F13_m13f14_P13_Y2_UO868,MXY,0,0.0,0,0,0.0,0,0,0,0.0,0.5625,1,P15_CV0,1,2,0,0,2
15,-0.30901699437494756,-0.9510565162951535,Age0_F15_m15f14_P15_Y4_UO279,R15_F15_m15f14_P15_Y2_UO1426,RD14_F13_m13f14_P13_Y2_UO868,FXX,0,0.0,0,0,0.0,0,0,0,0.0,0.5625,1,P15_CV0,1,0,2,1,1
15,-0.30901699437494756,-0.9510565162951535,Age0_F15_m15f14_P15_Y4_UO280,R15_F15_m15f14_P15_Y2_UO1426,RD14_F13_m13f14_P13_Y2_UO868,MXY,0,0.0,0,0,0.0,0,0,0,0.0,0.5625,1,P15_CV0,1,1,1,1,1
15,-0.30901699437494756,-0.9510565162951535,Age0_F15_m15f14_P15_Y4_UO281,R15_F15_m15f14_P15_Y2_UO1426,RD14_F13_m13f14_P13_Y2_UO868,MXY,0,0.0,0,0,0.0,0,0,0,0.0,0.5625,1,P15_CV0,1,1,1,1,1
15,-0.30901699437494756,-0.9510565162951535,Age0_F15_m15f14_P15_Y4_UO282,R15_F15_m15f14_P15_Y2_UO1426,RD14_F13_m13f14_P13_Y2_UO868,MXY,0,0.0,0,0,0.0,0,0,0,0.0,0.5625,1,P15_CV0,1,0,2,1,1
15,-0.30901699437494756,-0.9510565162951535,Age0_F15_m15f16_P15_Y4_UO341,R15_F15_m14f15_P14_Y2_UO500,R16_F16_m-1f-1_P16_Y-1_U95,FXX,0,0.0,0,0,0.0,0,0,0,0.0,0.6875,1,P15_CV0,1,1,1,1,1
15,-0.30901699437494756,-0.9510565162951535,Age0_F15_m15f16_P15_Y4_UO590,R15_F15_m15f16_P15_Y2_UO1014,R16_F16_m16f15_P16_Y2_UO238,MXY,0,0.0,0,0,0.0,0,0,0,0.0,0.625,1,P15_CV0,1,0,2,2,0
15,-0.30901699437494756,-0.9510565162951535,Age0_F15_m15f16_P15_Y4_UO591,R15_F15_m15f16_P15_Y2_UO1014,R16_F16_m16f15_P16_Y2_UO238,FXX,0,0.0,0,0,0.0,0,0,0,0.0,0.625,1,P15_CV0,1,0,2,1,1
15,-0.30901699437494756,-0.9510565162951535,Age0_F15_m15f16_P15_Y4_UO592,R15_F15_m15f16_P15_Y2_UO1014,R16_F16_m16f15_P16_Y2_UO238,FXX,0,0.0,0,0,0.0,0,0,0,0.0,0.625,1,P15_CV0,1,1,1,1,1
15,-0.30901699437494756,-0.9510565162951535,Age0_F15_m15f16_P15_Y4_UO593,R15_F15_m15f16_P15_Y2_UO1014,R16_F16_m16f15_P16_Y2_UO238,MXY,0,0.0,0,0,0.0,0,0,0,0.0,0.625,1,P15_CV0,1,1,1,1,1
15,-0.30901699437494756,-0.9510565162951535,Age0_F15_m15f16_P15_Y4_UO594,R15_F15_m15f16_P15_Y2_UO1014,R16_F16_m16f15_P16_Y2_UO238,FXX,0,0.0,0,0,0.0,0,0,0,0.0,0.625,1,P15_CV0,1,1,1,1,1
15,-0.30901699437494756,-0.9510565162951535,Age0_F15_m15f16_P15_Y4_UO595,R15_F15_m15f16_P15_Y2_UO1014,R16_F16_m16f15_P16_Y2_UO238,FXX,0,0.0,0,0,0.0,0,0,0,0.0,0.625,1,P15_CV0,1,0,2,2,0
15,-0.30901699437494756,-0.9510565162951535,Age0_F15_m15f16_P15_Y4_UO596,R15_F15_m15f16_P15_Y2_UO1014,R16_F16_m16f15_P16_Y2_UO238,MXY,0,0.0,0,0,0.0,0,0,0,0.0,0.625,1,P15_CV0,1,0,2,2,0
15,-0.30901699437494756,-0.9510565162951535,Age0_F15_m15f16_P15_Y4_UO597,R15_F15_m15f16_P15_Y2_UO1014,R16_F16_m16f15_P16_Y2_UO238,FXX,0,0.0,0,0,0.0,0,0,0,0.0,0.625,1,P15_CV0,1,0,2,1,1
15,-0.30901699437494756,-0.9510565162951535,Age0_F15_m15f14_P15_Y4_UO727,R15_F15_m15f16_P15_Y2_UO1014,R14_F14_m14f13_P14_Y1_UO671,FXX,0,0.0,0,0,0.0,0,0,0,0.0,0.4375,1,P15_CV0,1,0,2,1,1
15,-0.30901699437494756,-0.9510565162951535,Age0_F15_m15f14_P15_Y4_UO729,R15_F15_m15f16_P15_Y2_UO1014,R14_F14_m14f13_P14_Y1_UO671,MXY,0,0.0,0,0,0.0,0,0,0,0.0,0.4375,1,P15_CV0,1,1,1,1,1
15,-0.30901699437494756,-0.9510565162951535,Age0_F15_m15f14_P15_Y4_UO733,R15_F15_m15f16_P15_Y2_UO1014,R14_F14_m14f13_P14_Y1_UO671,FXX,0,0.0,0,0,0.0,0,0,0,0.0,0.4375,1,P15_CV0,1,0,2,1,1
15,-0.30901699437494756,-0.9510565162951535,Age0_F15_m15f14_P15_Y4_UO902,R15_F15_m15f14_P15_Y2_UO1426,R14_F14_m14f13_P14_Y2_UO72,FXX,0,0.0,0,0,0.0,0,0,0,0.0,0.75,1,P15_CV0,1,2,0,1,1
15,-0.30901699437494756,-0.9510565162951535,Age0_F15_m15f14_P15_Y4_UO905,R15_F15_m15f14_P15_Y2_UO1426,R14_F14_m14f13_P14_Y2_UO72,MXY,0,0.0,0,0,0.0,0,0,0,0.0,0.75,1,P15_CV0,1,2,0,1,1
15,-0.30901699437494756,-0.9510565162951535,Age0_F15_m15f14_P15_Y4_UO906,R15_F15_m15f14_P15_Y2_UO1426,R14_F14_m14f13_P14_Y2_UO72,MXY,0,0.0,0,0,0.0,0,0,0,0.0,0.75,1,P15_CV0,1,1,1,1,1
15,-0.30901699437494756,-0.9510565162951535,Age0_F15_m15f14_P15_Y4_UO908,R15_F15_m15f14_P15_Y2_UO1426,R14_F14_m14f13_P14_Y2_UO72,MXY,0,0.0,0,0,0.0,0,0,0,0.0,0.75,1,P15_CV0,1,1,1,1,1
15,-0.30901699437494756,-0.9510565162951535,Age0_F15_m15f14_P15_Y4_UO909,R15_F15_m15f14_P15_Y2_UO1426,R14_F14_m14f13_P14_Y2_UO72,MXY,0,0.0,0,0,0.0,0,0,0,0.0,0.75,1,P15_CV0,1,1,1,1,1
15,-0.30901699437494756,-0.9510565162951535,Age0_F15_m15f16_P15_Y4_UO1343,R15_F15_m15f14_P15_Y2_UO1426,R16_F16_m16f15_P16_Y2_UO240,MXY,0,0.0,0,0,0.0,0,0,0,0.0,0.625,1,P15_CV0,1,1,1,1,1
15,-0.30901699437494756,-0.9510565162951535,Age0_F15_m15f16_P15_Y4_UO1346,R15_F15_m15f14_P15_Y2_UO1426,R16_F16_m16f15_P16_Y2_UO240,MXY,0,0.0,0,0,0.0,0,0,0,0.0,0.625,1,P15_CV0,1,1,1,1,1
15,-0.30901699437494756,-0.9510565162951535,Age0_F15_m15f16_P15_Y4_UO1348,R15_F15_m15f14_P15_Y2_UO1426,R16_F16_m16f15_P16_Y2_UO240,FXX,0,0.0,0,0,0.0,0,0,0,0.0,0.625,1,P15_CV0,1,2,0,1,1
15,-0.30901699437494756,-0.9510565162951535,Age0_F15_m15f16_P15_Y4_UO1349,R15_F15_m15f14_P15_Y2_UO1426,R16_F16_m16f15_P16_Y2_UO240,MXY,0,0.0,0,0,0.0,0,0,0,0.0,0.625,1,P15_CV0,1,1,1,1,1
15,-0.30901699437494756,-0.9510565162951535,Age0_F15_m15f16_P15_Y4_UO1350,R15_F15_m15f14_P15_Y2_UO1426,R16_F16_m16f15_P16_Y2_UO240,FXX,0,0.0,0,0,0.0,0,0,0,0.0,0.625,1,P15_CV0,1,1,1,1,1
15,-0.30901699437494756,-0.9510565162951535,Age0_F15_m15f16_P15_Y4_UO1351,R15_F15_m15f14_P15_Y2_UO1426,R16_F16_m16f15_P16_Y2_UO240,MXY,0,0.0,0,0,0.0,0,0,0,0.0,0.625,1,P15_CV0,1,1,1,1,1
15,-0.30901699437494756,-0.9510565162951535,Age0_F15_m15f14_P15_Y4_UO1431,R15_F15_m15f16_P15_Y2_UO1014,R14_F14_m13f12_P13_Y2_UO180,MXY,0,0.0,0,0,0.0,0,0,0,0.0,0.4375,1,P15_CV0,1,0,2,2,0
15,-0.30901699437494756,-0.9510565162951535,Age0_F15_m15f14_P15_Y4_UO1432,R15_F15_m15f16_P15_Y2_UO1014,R14_F14_m13f12_P13_Y2_UO180,MXY,0,0.0,0,0,0.0,0,0,0,0.0,0.4375,1,P15_CV0,1,0,2,1,1
15,-0.30901699437494756,-0.9510565162951535,Age0_F15_m15f14_P15_Y4_UO1435,R15_F15_m15f16_P15_Y2_UO1014,R14_F14_m13f12_P13_Y2_UO180,FXX,0,0.0,0,0,0.0,0,0,0,0.0,0.4375,1,P15_CV0,1,1,1,2,0
15,-0.30901699437494756,-0.9510565162951535,R15_F15_m15f16_P15_Y3_UO907,R15_F15_m15f16_P15_Y1_UO955,R16_F16_m16f17_P16_Y1_UO144,FXX,1,0.0,1,1,1.0,0,0,0,-9999.0,0.625,1,P15_CV0,1,2,0,1,1
15,-0.30901699437494756,-0.9510565162951535,R15_F15_m15f16_P15_Y3_UO903,R15_F15_m15f16_P15_Y1_UO955,R16_F16_m16f17_P16_Y1_UO144,MXY,1,0.0,1,1,0.0,0,0,0,-9999.0,0.625,1,P15_CV0,1,1,1,2,0
15,-0.30901699437494756,-0.9510565162951535,R15_F15_m15f14_P15_Y2_UO320,R15_F15_m15f16_P15_Y0_UO1106,R14_F14_m14f13_P14_Y0_UO875,MXY,2,0.0,1,0,0.0,0,0,0,-9999.0,0.25,1,P15_CV0,1,0,2,1,1
15,-0.30901699437494756,-0.9510565162951535,R15_F15_m15f16_P15_Y2_UO426,R15_F15_m15f14_P15_Y0_UO1195,R16_F16_m-1f-1_P16_Y-1_U16,MXY,2,0.0,1,0,0.0,0,0,0,-9999.0,0.625,1,P15_CV0,1,1,1,0,2
15,-0.30901699437494756,-0.9510565162951535,R15_F15_m15f14_P15_Y2_UO2,R15_F15_m15f16_P15_Y0_UO1095,R14_F14_m-1f-1_P14_Y-1_U26,MXY,2,0.0,1,0,0.0,0,0,0,-9999.0,0.75,1,P15_CV0,1,2,0,1,1
15,-0.30901699437494756,-0.9510565162951535,R15_F15_m15f14_P15_Y2_UO735,R15_F15_m15f16_P15_Y0_UO1107,R14_F14_m-1f-1_P14_Y-1_U26,MXY,2,0.0,1,0,0.0,0,0,0,-9999.0,0.75,1,P15_CV0,1,2,0,1,1
15,-0.30901699437494756,-0.9510565162951535,R15_F15_m15f16_P15_Y2_UO1015,R15_F15_m15f14_P15_Y0_UO1294,R16_F16_m-1f-1_P16_Y-1_U95,MXY,2,0.0,1,0,0.0,0,0,0,-9999.0,0.625,1,P15_CV0,1,1,1,2,0
15,-0.30901699437494756,-0.9510565162951535,R15_F15_m15f16_P15_Y2_UO659,R15_F15_m15f16_P15_Y0_UO1364,R16_F16_m-1f-1_P16_Y-1_U95,MXY,2,0.0,1,0,0.0,0,0,0,-9999.0,0.375,1,P15_CV0,1,0,2,0,2
15,-0.30901699437494756,-0.9510565162951535,R15_F15_m15f14_P15_Y2_UO1426,R15_F15_m15f16_P15_Y0_UO1315,R14_F14_m-1f-1_P14_Y-1_U23,FXX,2,0.0,1,0,1.0,0,0,0,-9999.0,0.625,1,P15_CV0,1,1,1,0,2
15,-0.30901699437494756,-0.9510565162951535,R15_F15_m-1f-1_P16_Y-1_U32,-9999,-9999,MXY,6,0.0,1,0,0.0,0,0,0,-9999.0,0.0,1,P15_CV0,1,0,2,1,1
15,-0.30901699437494756,-0.9510565162951535,Age0_F15_m15f16_P15_Y4_UO1059,R15_F15_m15f16_P15_Y2_UO515,RD16_F15_m15f16_P15_Y2_UO899,FXX,0,0.0,0,0,0.0,0,0,0,0.0,0.625,1,P16_CV0,1,0,2,2,0
15,-0.30901699437494756,-0.9510565162951535,Age0_F15_m15f16_P15_Y4_UO1060,R15_F15_m15f16_P15_Y2_UO515,RD16_F15_m15f16_P15_Y2_UO899,FXX,0,0.0,0,0,0.0,0,0,0,0.0,0.625,1,P16_CV0,1,0,2,2,0
15,-0.30901699437494756,-0.9510565162951535,Age0_F15_m15f16_P15_Y4_UO1063,R15_F15_m15f16_P15_Y2_UO515,RD16_F15_m15f16_P15_Y2_UO899,MXY,0,0.0,0,0,0.0,0,0,0,0.0,0.625,1,P16_CV0,1,1,1,1,1
15,-0.30901699437494756,-0.9510565162951535,Age0_F15_m15f16_P15_Y4_UO1064,R15_F15_m15f16_P15_Y2_UO515,RD16_F15_m15f16_P15_Y2_UO899,FXX,0,0.0,0,0,0.0,0,0,0,0.0,0.625,1,P16_CV0,1,1,1,2,0
15,-0.30901699437494756,-0.9510565162951535,Age0_F15_m15f16_P15_Y4_UO1066,R15_F15_m15f16_P15_Y2_UO515,RD16_F15_m15f16_P15_Y2_UO899,MXY,0,0.0,0,0,0.0,0,0,0,0.0,0.625,1,P16_CV0,1,0,2,2,0
15,-0.30901699437494756,-0.9510565162951535,R15_F15_m15f16_P15_Y2_UO1032,R15_F15_m15f14_P15_Y0_UO1294,R16_F16_m17f18_P17_Y0_UO652,MXY,2,0.0,1,0,0.0,0,0,0,-9999.0,0.5,1,P16_CV0,1,1,1,1,1
15,-0.30901699437494756,-0.9510565162951535,R15_F15_m15f16_P15_Y2_UO11,R15_F15_m15f14_P15_Y0_UO1194,R16_F16_m16f17_P16_Y0_UO378,MXY,2,0.0,1,0,0.0,0,0,0,-9999.0,0.625,1,P16_CV0,1,0,2,0,2
16,-1.8369701987210297e-16,-1.0,Age0_F16_m16f17_P16_Y4_UO181,R16_F16_m16f15_P16_Y2_UO1257,R17_F17_m17f18_P17_Y2_UO112,FXX,0,0.0,0,0,0.0,0,0,0,0.0,0.4375,1,P13_CV0,1,2,0,1,1
16,-1.8369701987210297e-16,-1.0,Age0_F16_m16f17_P16_Y4_UO183,R16_F16_m16f15_P16_Y2_UO1257,R17_F17_m17f18_P17_Y2_UO112,FXX,0,0.0,0,0,0.0,0,0,0,0.0,0.4375,1,P13_CV0,1,2,0,1,1
16,-1.8369701987210297e-16,-1.0,Age0_F16_m16f17_P16_Y4_UO184,R16_F16_m16f15_P16_Y2_UO1257,R17_F17_m17f18_P17_Y2_UO112,FXX,0,0.0,0,0,0.0,0,0,0,0.0,0.4375,1,P13_CV0,1,0,2,0,2
16,-1.8369701987210297e-16,-1.0,Age0_F16_m16f15_P16_Y4_UO1044,R16_F16_m16f17_P16_Y2_UO390,R15_F15_m15f14_P15_Y2_UO1428,MXY,0,0.0,0,0,0.0,0,0,0,0.0,0.5,1,P13_CV0,1,1,1,0,2
16,-1.8369701987210297e-16,-1.0,Age0_F16_m16f15_P16_Y4_UO1045,R16_F16_m16f17_P16_Y2_UO390,R15_F15_m15f14_P15_Y2_UO1428,FXX,0,0.0,0,0,0.0,0,0,0,0.0,0.5,1,P13_CV0,1,1,1,1,1
16,-1.8369701987210297e-16,-1.0,Age0_F16_m16f15_P16_Y4_UO1046,R16_F16_m16f17_P16_Y2_UO390,R15_F15_m15f14_P15_Y2_UO1428,FXX,0,0.0,0,0,0.0,0,0,0,0.0,0.5,1,P13_CV0,1,0,2,0,2
16,-1.8369701987210297e-16,-1.0,Age0_F16_m16f15_P16_Y4_UO1049,R16_F16_m16f17_P16_Y2_UO390,R15_F15_m15f14_P15_Y2_UO1428,FXX,0,0.0,0,0,0.0,0,0,0,0.0,0.5,1,P13_CV0,1,0,2,0,2
16,-1.8369701987210297e-16,-1.0,R16_F16_m16f15_P16_Y3_UO254,R16_F16_m16f15_P16_Y1_UO914,R15_F15_m-1f-1_P14_Y-1_U61,MXY,1,0.0,1,1,0.0,0,0,0,-9999.0,0.375,1,P13_CV0,1,0,2,2,0
16,-1.8369701987210297e-16,-1.0,R16_F16_m16f15_P16_Y3_UO253,R16_F16_m16f15_P16_Y1_UO914,R15_F15_m-1f-1_P14_Y-1_U61,FXX,1,0.0,1,1,1.0,0,0,0,-9999.0,0.375,1,P13_CV0,1,2,0,2,0
16,-1.8369701987210297e-16,-1.0,R16_F16_m16f15_P16_Y3_UO255,R16_F16_m16f15_P16_Y1_UO914,R15_F15_m-1f-1_P14_Y-1_U61,MXY,1,0.0,1,1,0.0,0,0,0,-9999.0,0.375,1,P13_CV0,1,0,2,0,2
16,-1.8369701987210297e-16,-1.0,Age0_F16_m16f17_P16_Y4_UO80,RD16_F15_m15f14_P15_Y2_UO642,R17_F17_m17f18_P17_Y2_UO481,MXY,0,0.0,0,0,0.0,0,0,0,0.0,0.5,1,P14_CV0,1,1,1,1,1
16,-1.8369701987210297e-16,-1.0,Age0_F16_m16f17_P16_Y4_UO81,RD16_F15_m15f14_P15_Y2_UO642,R17_F17_m17f18_P17_Y2_UO481,MXY,0,0.0,0,0,0.0,0,0,0,0.0,0.5,1,P14_CV0,1,1,1,1,1
16,-1.8369701987210297e-16,-1.0,Age0_F16_m16f17_P16_Y4_UO82,RD16_F15_m15f14_P15_Y2_UO642,R17_F17_m17f18_P17_Y2_UO481,MXY,0,0.0,0,0,0.0,0,0,0,0.0,0.5,1,P14_CV0,1,1,1,1,1
16,-1.8369701987210297e-16,-1.0,Age0_F16_m16f17_P16_Y4_UO83,RD16_F15_m15f14_P15_Y2_UO642,R17_F17_m17f18_P17_Y2_UO481,FXX,0,0.0,0,0,0.0,0,0,0,0.0,0.5,1,P14_CV0,1,0,2,1,1
16,-1.8369701987210297e-16,-1.0,Age0_F16_m16f17_P16_Y4_UO84,RD16_F15_m15f14_P15_Y2_UO642,R17_F17_m17f18_P17_Y2_UO481,FXX,0,0.0,0,0,0.0,0,0,0,0.0,0.5,1,P14_CV0,1,1,1,1,1
16,-1.8369701987210297e-16,-1.0,Age0_F16_m16f17_P16_Y4_UO85,RD16_F15_m15f14_P15_Y2_UO642,R17_F17_m17f18_P17_Y2_UO481,MXY,0,0.0,0,0,0.0,0,0,0,0.0,0.5,1,P14_CV0,1,1,1,1,1
16,-1.8369701987210297e-16,-1.0,Age0_F16_m16f15_P16_Y4_UO1075,RD16_F15_m15f14_P15_Y2_UO725,R15_F15_m15f16_P15_Y2_UO627,MXY,0,0.0,0,0,0.0,0,0,0,0.0,0.375,1,P14_CV0,1,1,1,1,1
16,-1.8369701987210297e-16,-1.0,Age0_F16_m16f15_P16_Y4_UO1076,RD16_F15_m15f14_P15_Y2_UO725,R15_F15_m15f16_P15_Y2_UO627,FXX,0,0.0,0,0,0.0,0,0,0,0.0,0.375,1,P14_CV0,1,0,2,1,1
16,-1.8369701987210297e-16,-1.0,Age0_F16_m16f15_P16_Y4_UO1077,RD16_F15_m15f14_P15_Y2_UO725,R15_F15_m15f16_P15_Y2_UO627,FXX,0,0.0,0,0,0.0,0,0,0,0.0,0.375,1,P14_CV0,1,2,0,1,1
16,-1.8369701987210297e-16,-1.0,Age0_F16_m16f15_P16_Y4_UO1078,RD16_F15_m15f14_P15_Y2_UO725,R15_F15_m15f16_P15_Y2_UO627,FXX,0,0.0,0,0,0.0,0,0,0,0.0,0.375,1,P14_CV0,1,1,1,1,1
16,-1.8369701987210297e-16,-1.0,Age0_F16_m16f15_P16_Y4_UO1079,RD16_F15_m15f14_P15_Y2_UO725,R15_F15_m15f16_P15_Y2_UO627,MXY,0,0.0,0,0,0.0,0,0,0,0.0,0.375,1,P14_CV0,1,0,2,1,1
16,-1.8369701987210297e-16,-1.0,Age0_F16_m16f15_P16_Y4_UO1080,RD16_F15_m15f14_P15_Y2_UO725,R15_F15_m15f16_P15_Y2_UO627,MXY,0,0.0,0,0,0.0,0,0,0,0.0,0.375,1,P14_CV0,1,2,0,1,1
16,-1.8369701987210297e-16,-1.0,Age0_F16_m16f15_P16_Y4_UO1081,RD16_F15_m15f14_P15_Y2_UO725,R15_F15_m15f16_P15_Y2_UO627,FXX,0,0.0,0,0,0.0,0,0,0,0.0,0.375,1,P14_CV0,1,0,2,1,1
16,-1.8369701987210297e-16,-1.0,Age0_F16_m16f15_P16_Y4_UO1082,RD16_F15_m15f14_P15_Y2_UO725,R15_F15_m15f16_P15_Y2_UO627,MXY,0,0.0,0,0,0.0,0,0,0,0.0,0.375,1,P14_CV0,1,0,2,1,1
16,-1.8369701987210297e-16,-1.0,Age0_F16_m16f17_P16_Y4_UO1151,RD16_F15_m15f14_P15_Y2_UO725,R17_F17_m17f18_P17_Y2_UO488,MXY,0,0.0,0,0,0.0,0,0,0,0.0,0.375,1,P14_CV0,1,2,0,0,2
16,-1.8369701987210297e-16,-1.0,Age0_F16_m16f17_P16_Y4_UO1153,RD16_F15_m15f14_P15_Y2_UO725,R17_F17_m17f18_P17_Y2_UO488,FXX,0,0.0,0,0,0.0,0,0,0,0.0,0.375,1,P14_CV0,1,1,1,0,2
16,-1.8369701987210297e-16,-1.0,R16_F16_m16f15_P16_Y3_UO1108,R16_F16_m16f15_P16_Y1_UO916,R15_F15_m15f16_P15_Y1_UO953,MXY,1,0.0,1,1,0.0,0,0,0,-9999.0,0.375,1,P14_CV0,1,1,1,2,0
16,-1.8369701987210297e-16,-1.0,R16_F16_m16f17_P16_Y3_UO619,R16_F16_m16f15_P16_Y1_UO916,R17_F17_m-1f-1_P17_Y-1_U27,MXY,1,0.0,1,1,0.0,0,0,0,-9999.0,0.375,1,P14_CV0,1,0,2,1,1
16,-1.8369701987210297e-16,-1.0,R16_F16_m16f15_P16_Y3_UO533,R16_F16_m16f15_P16_Y1_UO914,R15_F15_m15f16_P15_Y1_UO946,FXX,1,0.0,1,1,1.0,0,0,0,-9999.0,0.375,1,P14_CV0,1,1,1,2,0
16,-1.8369701987210297e-16,-1.0,R16_F16_m16f15_P16_Y3_UO2,RD16_F17_m17f16_P17_Y1_UO1045,R15_F15_m15f16_P15_Y0_UO1,MXY,1,0.0,1,1,0.0,0,0,0,-9999.0,0.625,1,P14_CV0,1,1,1,1,1
16,-1.8369701987210297e-16,-1.0,R16_F16_m16f15_P16_Y2_UO940,R16_F16_m16f15_P16_Y0_UO232,R15_F15_m15f16_P15_Y0_UO1,FXX,2,0.0,1,0,1.0,0,0,0,-9999.0,0.25,1,P14_CV0,1,0,2,1,1
16,-1.8369701987210297e-16,-1.0,Age0_F16_m16f17_P16_Y4_UO393,R16_F16_m16f17_P16_Y2_UO1149,R17_F17_m17f18_P17_Y2_UO488,MXY,0,0.0,0,0,0.0,0,0,0,0.0,0.375,1,P15_CV0,1,2,0,1,1
16,-1.8369701987210297e-16,-1.0,Age0_F16_m16f17_P16_Y4_UO397,R16_F16_m16f17_P16_Y2_UO1149,R17_F17_m17f18_P17_Y2_UO488,MXY,0,0.0,0,0,0.0,0,0,0,0.0,0.375,1,P15_CV0,1,2,0,1,1
16,-1.8369701987210297e-16,-1.0,Age0_F16_m16f17_P16_Y4_UO399,R16_F16_m16f17_P16_Y2_UO1149,R17_F17_m17f18_P17_Y2_UO488,MXY,0,0.0,0,0,0.0,0,0,0,0.0,0.375,1,P15_CV0,1,2,0,1,1
16,-1.8369701987210297e-16,-1.0,Age0_F16_m16f15_P16_Y4_UO859,R16_F16_m17f18_P17_Y2_UO1121,R15_F15_m15f16_P15_Y2_UO659,MXY,0,0.0,0,0,0.0,0,0,0,0.0,0.4375,1,P15_CV0,1,1,1,1,1
16,-1.8369701987210297e-16,-1.0,Age0_F16_m16f15_P16_Y4_UO860,R16_F16_m17f18_P17_Y2_UO1121,R15_F15_m15f16_P15_Y2_UO659,FXX,0,0.0,0,0,0.0,0,0,0,0.0,0.4375,1,P15_CV0,1,1,1,1,1
16,-1.8369701987210297e-16,-1.0,Age0_F16_m16f15_P16_Y4_UO861,R16_F16_m17f18_P17_Y2_UO1121,R15_F15_m15f16_P15_Y2_UO659,MXY,0,0.0,0,0,0.0,0,0,0,0.0,0.4375,1,P15_CV0,1,1,1,1,1
16,-1.8369701987210297e-16,-1.0,Age0_F16_m16f15_P16_Y4_UO862,R16_F16_m17f18_P17_Y2_UO1121,R15_F15_m15f16_P15_Y2_UO659,MXY,0,0.0,0,0,0.0,0,0,0,0.0,0.4375,1,P15_CV0,1,1,1,1,1
16,-1.8369701987210297e-16,-1.0,Age0_F16_m16f15_P16_Y4_UO863,R16_F16_m17f18_P17_Y2_UO1121,R15_F15_m15f16_P15_Y2_UO659,FXX,0,0.0,0,0,0.0,0,0,0,0.0,0.4375,1,P15_CV0,1,1,1,1,1
16,-1.8369701987210297e-16,-1.0,Age0_F16_m16f15_P16_Y4_UO864,R16_F16_m17f18_P17_Y2_UO1121,R15_F15_m15f16_P15_Y2_UO659,MXY,0,0.0,0,0,0.0,0,0,0,0.0,0.4375,1,P15_CV0,1,1,1,1,1
16,-1.8369701987210297e-16,-1.0,Age0_F16_m16f15_P16_Y4_UO865,R16_F16_m17f18_P17_Y2_UO1121,R15_F15_m15f16_P15_Y2_UO659,FXX,0,0.0,0,0,0.0,0,0,0,0.0,0.4375,1,P15_CV0,1,1,1,1,1
16,-1.8369701987210297e-16,-1.0,Age0_F16_m16f15_P16_Y4_UO866,R16_F16_m17f18_P17_Y2_UO1121,R15_F15_m15f16_P15_Y2_UO659,FXX,0,0.0,0,0,0.0,0,0,0,0.0,0.4375,1,P15_CV0,1,1,1,1,1
16,-1.8369701987210297e-16,-1.0,Age0_F16_m16f15_P16_Y4_UO867,R16_F16_m17f18_P17_Y2_UO1121,R15_F15_m15f16_P15_Y2_UO659,MXY,0,0.0,0,0,0.0,0,0,0,0.0,0.4375,1,P15_CV0,1,1,1,1,1
16,-1.8369701987210297e-16,-1.0,Age0_F16_m16f15_P16_Y4_UO868,R16_F16_m17f18_P17_Y2_UO1121,R15_F15_m15f16_P15_Y2_UO659,MXY,0,0.0,0,0,0.0,0,0,0,0.0,0.4375,1,P15_CV0,1,1,1,1,1
16,-1.8369701987210297e-16,-1.0,Age0_F16_m16f15_P16_Y4_UO869,R16_F16_m17f18_P17_Y2_UO1121,R15_F15_m15f16_P15_Y2_UO659,FXX,0,0.0,0,0,0.0,0,0,0,0.0,0.4375,1,P15_CV0,1,1,1,1,1
16,-1.8369701987210297e-16,-1.0,Age0_F16_m16f17_P16_Y4_UO999,R16_F16_m16f17_P16_Y2_UO448,R17_F17_m17f18_P17_Y2_UO110,MXY,0,0.0,0,0,0.0,0,0,0,0.0,0.375,1,P15_CV0,1,0,2,2,0
16,-1.8369701987210297e-16,-1.0,Age0_F16_m16f17_P16_Y4_UO1000,R16_F16_m16f17_P16_Y2_UO448,R17_F17_m17f18_P17_Y2_UO110,FXX,0,0.0,0,0,0.0,0,0,0,0.0,0.375,1,P15_CV0,1,0,2,2,0
16,-1.8369701987210297e-16,-1.0,Age0_F16_m16f17_P16_Y4_UO1001,R16_F16_m16f17_P16_Y2_UO448,R17_F17_m17f18_P17_Y2_UO110,MXY,0,0.0,0,0,0.0,0,0,0,0.0,0.375,1,P15_CV0,1,0,2,2,0
16,-1.8369701987210297e-16,-1.0,Age0_F16_m16f17_P16_Y4_UO1002,R16_F16_m16f17_P16_Y2_UO448,R17_F17_m17f18_P17_Y2_UO110,FXX,0,0.0,0,0,0.0,0,0,0,0.0,0.375,1,P15_CV0,1,0,2,2,0
16,-1.8369701987210297e-16,-1.0,Age0_F16_m16f17_P16_Y4_UO1003,R16_F16_m16f17_P16_Y2_UO448,R17_F17_m17f18_P17_Y2_UO110,FXX,0,0.0,0,0,0.0,0,0,0,0.0,0.375,1,P15_CV0,1,0,2,2,0
16,-1.8369701987210297e-16,-1.0,Age0_F16_m16f15_P16_Y4_UO1043,R16_F16_m16f17_P16_Y2_UO390,R15_F15_m15f14_P15_Y2_UO1428,MXY,0,0.0,0,0,0.0,0,0,0,0.0,0.5,1,P15_CV0,1,0,2,1,1
16,-1.8369701987210297e-16,-1.0,Age0_F16_m16f15_P16_Y4_UO1047,R16_F16_m16f17_P16_Y2_UO390,R15_F15_m15f14_P15_Y2_UO1428,FXX,0,0.0,0,0,0.0,0,0,0,0.0,0.5,1,P15_CV0,1,0,2,1,1
16,-1.8369701987210297e-16,-1.0,Age0_F16_m16f15_P16_Y4_UO1048,R16_F16_m16f17_P16_Y2_UO390,R15_F15_m15f14_P15_Y2_UO1428,FXX,0,0.0,0,0,0.0,0,0,0,0.0,0.5,1,P15_CV0,1,1,1,0,2
16,-1.8369701987210297e-16,-1.0,R16_F16_m16f15_P16_Y3_UO1083,RD16_F17_m17f16_P17_Y1_UO1045,R15_F15_m15f16_P15_Y1_UO953,MXY,1,0.0,1,1,0.0,0,0,0,-9999.0,0.75,1,P15_CV0,1,2,0,2,0
16,-1.8369701987210297e-16,-1.0,R16_F16_m16f17_P16_Y3_UO492,R16_F16_m16f15_P16_Y1_UO532,R17_F17_m17f16_P17_Y1_UO853,MXY,1,0.0,1,1,0.0,0,0,0,-9999.0,0.375,1,P15_CV0,1,1,1,0,2
16,-1.8369701987210297e-16,-1.0,R16_F16_m16f15_P16_Y3_UO1084,RD16_F17_m17f16_P17_Y1_UO1045,R15_F15_m15f16_P15_Y1_UO953,FXX,1,0.0,1,1,1.0,0,0,0,-9999.0,0.75,1,P15_CV0,1,1,1,1,1
16,-1.8369701987210297e-16,-1.0,R16_F16_m16f15_P16_Y3_UO532,R16_F16_m16f15_P16_Y1_UO914,R15_F15_m15f16_P15_Y1_UO946,FXX,1,0.0,1,1,1.0,0,0,0,-9999.0,0.375,1,P15_CV0,1,0,2,1,1
16,-1.8369701987210297e-16,-1.0,R16_F16_m16f17_P16_Y3_UO209,R16_F16_m16f17_P16_Y1_UO1121,R17_F17_m17f18_P17_Y1_UO1131,FXX,1,0.0,1,1,1.0,0,0,0,-9999.0,0.5,1,P15_CV0,1,1,1,1,1
16,-1.8369701987210297e-16,-1.0,R16_F16_m16f15_P16_Y3_UO252,R16_F16_m16f15_P16_Y1_UO609,R15_F15_m15f16_P15_Y0_UO1,MXY,1,0.0,1,1,0.0,0,0,0,-9999.0,0.125,1,P15_CV0,1,0,2,1,1
16,-1.8369701987210297e-16,-1.0,R16_F16_m16f15_P16_Y3_UO534,R16_F16_m16f15_P16_Y1_UO914,R15_F15_m15f16_P15_Y1_UO946,MXY,1,0.0,1,1,0.0,0,0,0,-9999.0,0.375,1,P15_CV0,1,1,1,1,1
16,-1.8369701987210297e-16,-1.0,R16_F16_m16f17_P16_Y3_UO491,R16_F16_m16f15_P16_Y1_UO532,R17_F17_m17f16_P17_Y1_UO853,MXY,1,0.0,1,1,0.0,0,0,0,-9999.0,0.375,1,P15_CV0,1,1,1,0,2
16,-1.8369701987210297e-16,-1.0,R16_F16_m16f17_P16_Y3_UO495,R16_F16_m16f15_P16_Y1_UO532,R17_F17_m17f16_P17_Y1_UO853,FXX,1,0.0,1,1,1.0,0,0,0,-9999.0,0.375,1,P15_CV0,1,1,1,0,2
16,-1.8369701987210297e-16,-1.0,R16_F16_m16f15_P16_Y3_UO535,R16_F16_m16f15_P16_Y1_UO914,R15_F15_m15f16_P15_Y1_UO946,FXX,1,0.0,1,1,1.0,0,0,0,-9999.0,0.375,1,P15_CV0,1,1,1,1,1
16,-1.8369701987210297e-16,-1.0,R16_F16_m16f15_P16_Y3_UO932,R16_F16_m16f15_P16_Y1_UO530,R15_F15_m15f16_P15_Y1_UO953,MXY,1,0.0,1,1,0.0,0,0,0,-9999.0,0.375,1,P15_CV0,1,1,1,2,0
16,-1.8369701987210297e-16,-1.0,R16_F16_m16f15_P16_Y3_UO251,R16_F16_m16f15_P16_Y1_UO609,R15_F15_m15f16_P15_Y0_UO1,MXY,1,0.0,1,1,0.0,0,0,0,-9999.0,0.125,1,P15_CV0,1,0,2,1,1
16,-1.8369701987210297e-16,-1.0,R16_F16_m16f15_P16_Y3_UO826,R16_F16_m16f15_P16_Y1_UO921,R15_F15_m15f14_P15_Y0_UO1281,MXY,1,0.0,1,1,0.0,0,0,0,-9999.0,0.375,1,P15_CV0,1,1,1,1,1
16,-1.8369701987210297e-16,-1.0,R16_F16_m16f17_P16_Y3_UO870,R16_F16_m16f17_P16_Y1_UO575,R17_F17_m17f16_P17_Y0_UO523,FXX,1,0.0,1,1,1.0,0,0,0,-9999.0,0.625,1,P15_CV0,1,1,1,2,0
16,-1.8369701987210297e-16,-1.0,R16_F16_m16f15_P16_Y3_UO531,R16_F16_m16f15_P16_Y1_UO914,R15_F15_m15f16_P15_Y1_UO946,MXY,1,0.0,1,1,0.0,0,0,0,-9999.0,0.375,1,P15_CV0,1,1,1,0,2
16,-1.8369701987210297e-16,-1.0,R16_F16_m17f18_P17_Y2_UO1121,R17_F17_m17f16_P17_Y0_UO476,R18_F18_m18f19_P18_Y0_UO302,FXX,2,0.0,1,0,1.0,0,0,0,-9999.0,0.5,1,P15_CV0,1,2,0,2,0
16,-1.8369701987210297e-16,-1.0,R16_F16_m16f17_P16_Y2_UO1149,R16_F16_m16f15_P16_Y0_UO232,R17_F17_m17f16_P17_Y0_UO470,FXX,2,0.0,1,0,1.0,0,0,0,-9999.0,0.375,1,P15_CV0,1,1,1,2,0
16,-1.8369701987210297e-16,-1.0,R16_F16_m16f17_P16_Y2_UO390,R16_F16_m16f15_P16_Y0_UO414,R17_F17_m17f16_P17_Y0_UO523,FXX,2,0.0,1,0,1.0,0,0,0,-9999.0,0.375,1,P15_CV0,1,0,2,1,1
16,-1.8369701987210297e-16,-1.0,R16_F16_m16f15_P16_Y2_UO238,R16_F16_m15f14_P15_Y0_UO1296,R15_F15_m15f16_P15_Y0_UO182,MXY,2,0.0,1,0,0.0,0,0,0,-9999.0,0.625,1,P15_CV0,1,0,2,1,1
16,-1.8369701987210297e-16,-1.0,R16_F16_m16f15_P16_Y1_UO609,R16_F16_m-1f-1_P16_Y-1_U70,RD15_F16_m-1f-1_P16_Y-1_U32,FXX,3,0.0,1,0,1.0,0,0,0,-9999.0,0.0,1,P15_CV0,1,0,2,2,0
16,-1.8369701987210297e-16,-1.0,Age0_F16_m16f17_P16_Y4_UO78,RD16_F15_m15f14_P15_Y2_UO642,R17_F17_m17f18_P17_Y2_UO481,FXX,0,0.0,0,0,0.0,0,0,0,0.0,0.5,1,P16_CV0,1,2,0,1,1
16,-1.8369701987210297e-16,-1.0,Age0_F16_m16f17_P16_Y4_UO79,RD16_F15_m15f14_P15_Y2_UO642,R17_F17_m17f18_P17_Y2_UO481,FXX,0,0.0,0,0,0.0,0,0,0,0.0,0.5,1,P16_CV0,1,2,0,1,1
16,-1.8369701987210297e-16,-1.0,Age0_F16_m16f17_P16_Y4_UO180,R16_F16_m16f15_P16_Y2_UO1257,R17_F17_m17f18_P17_Y2_UO112,MXY,0,0.0,0,0,0.0,0,0,0,0.0,0.4375,1,P16_CV0,1,1,1,1,1
16,-1.8369701987210297e-16,-1.0,Age0_F16_m16f17_P16_Y4_UO182,R16_F16_m16f15_P16_Y2_UO1257,R17_F17_m17f18_P17_Y2_UO112,FXX,0,0.0,0,0,0.0,0,0,0,0.0,0.4375,1,P16_CV0,1,2,0,0,2
16,-1.8369701987210297e-16,-1.0,R16_F16_m16f17_P16_Y3_UO868,R16_F16_m16f17_P16_Y1_UO575,R17_F17_m17f16_P17_Y0_UO523,FXX,1,0.0,1,1,1.0,0,0,0,-9999.0,0.625,1,P16_CV0,1,1,1,2,0
16,-1.8369701987210297e-16,-1.0,R16_F16_m16f17_P16_Y3_UO872,R16_F16_m16f17_P16_Y1_UO575,R17_F17_m17f16_P17_Y0_UO523,FXX,1,0.0,1,1,1.0,0,0,0,-9999.0,0.625,1,P16_CV0,1,1,1,2,0
16,-1.8369701987210297e-16,-1.0,R16_F16_m16f15_P16_Y3_UO145,R16_F16_m16f17_P16_Y1_UO1122,R15_F15_m-1f-1_P16_Y-1_U32,FXX,1,0.0,1,1,1.0,0,0,0,-9999.0,0.125,1,P16_CV0,1,1,1,1,1
16,-1.8369701987210297e-16,-1.0,R16_F16_m16f15_P16_Y3_UO1,RD16_F17_m17f16_P17_Y1_UO1045,R15_F15_m15f16_P15_Y0_UO1,FXX,1,0.0,1,1,1.0,0,0,0,-9999.0,0.625,1,P16_CV0,1,1,1,1,1
16,-1.8369701987210297e-16,-1.0,R16_F16_m16f15_P16_Y3_UO1081,RD16_F17_m17f16_P17_Y1_UO1045,R15_F15_m15f16_P15_Y1_UO953,MXY,1,0.0,1,1,0.0,0,0,0,-9999.0,0.75,1,P16_CV0,1,2,0,2,0
16,-1.8369701987210297e-16,-1.0,R16_F16_m16f17_P16_Y3_UO281,R16_F16_m16f17_P16_Y1_UO1121,R17_F17_m-1f-1_P17_Y-1_U27,FXX,1,0.0,1,1,1.0,0,0,0,-9999.0,0.375,1,P16_CV0,1,1,1,1,1
16,-1.8369701987210297e-16,-1.0,R16_F16_m16f17_P16_Y3_UO869,R16_F16_m16f17_P16_Y1_UO575,R17_F17_m17f16_P17_Y0_UO523,FXX,1,0.0,1,1,1.0,0,0,0,-9999.0,0.625,1,P16_CV0,1,1,1,2,0
16,-1.8369701987210297e-16,-1.0,R16_F16_m17f16_P17_Y2_UO1060,R17_F17_m17f16_P17_Y0_UO897,R16_F16_m-1f-1_P17_Y-1_U26,MXY,2,0.0,1,0,0.0,0,0,0,-9999.0,0.625,1,P16_CV0,1,2,0,2,0
16,-1.8369701987210297e-16,-1.0,R16_F16_m17f16_P17_Y2_UO1063,R17_F17_m17f16_P17_Y0_UO897,R16_F16_m-1f-1_P17_Y-1_U26,MXY,2,0.0,1,0,0.0,0,0,0,-9999.0,0.625,1,P16_CV0,1,1,1,2,0
16,-1.8369701987210297e-16,-1.0,R16_F16_m15f16_P15_Y2_UO899,R15_F15_m15f14_P15_Y0_UO81,R16_F16_m-1f-1_P17_Y-1_U26,MXY,2,0.0,1,0,0.0,0,0,0,-9999.0,0.375,1,P16_CV0,1,0,2,2,0
16,-1.8369701987210297e-16,-1.0,Age0_F16_m16f17_P16_Y4_UO394,R16_F16_m16f17_P16_Y2_UO1149,R17_F17_m17f18_P17_Y2_UO488,FXX,0,0.0,0,0,0.0,0,0,0,0.0,0.375,1,P17_CV0,1,1,1,1,1
16,-1.8369701987210297e-16,-1.0,Age0_F16_m16f17_P16_Y4_UO395,R16_F16_m16f17_P16_Y2_UO1149,R17_F17_m17f18_P17_Y2_UO488,FXX,0,0.0,0,0,0.0,0,0,0,0.0,0.375,1,P17_CV0,1,1,1,1,1
16,-1.8369701987210297e-16,-1.0,Age0_F16_m16f17_P16_Y4_UO396,R16_F16_m16f17_P16_Y2_UO1149,R17_F17_m17f18_P17_Y2_UO488,MXY,0,0.0,0,0,0.0,0,0,0,0.0,0.375,1,P17_CV0,1,1,1,1,1
16,-1.8369701987210297e-16,-1.0,Age0_F16_m16f17_P16_Y4_UO398,R16_F16_m16f17_P16_Y2_UO1149,R17_F17_m17f18_P17_Y2_UO488,FXX,0,0.0,0,0,0.0,0,0,0,0.0,0.375,1,P17_CV0,1,2,0,1,1
16,-1.8369701987210297e-16,-1.0,Age0_F16_m16f17_P16_Y4_UO400,R16_F16_m16f17_P16_Y2_UO1149,R17_F17_m17f18_P17_Y2_UO488,FXX,0,0.0,0,0,0.0,0,0,0,0.0,0.375,1,P17_CV0,1,2,0,1,1
16,-1.8369701987210297e-16,-1.0,Age0_F16_m16f17_P16_Y4_UO401,R16_F16_m16f17_P16_Y2_UO1149,R17_F17_m17f18_P17_Y2_UO488,MXY,0,0.0,0,0,0.0,0,0,0,0.0,0.375,1,P17_CV0,1,2,0,1,1
16,-1.8369701987210297e-16,-1.0,Age0_F16_m16f17_P16_Y4_UO402,R16_F16_m16f17_P16_Y2_UO1149,R17_F17_m17f18_P17_Y2_UO488,FXX,0,0.0,0,0,0.0,0,0,0,0.0,0.375,1,P17_CV0,1,2,0,1,1
16,-1.8369701987210297e-16,-1.0,Age0_F16_m16f17_P16_Y4_UO403,R16_F16_m16f17_P16_Y2_UO1149,R17_F17_m17f18_P17_Y2_UO488,FXX,0,0.0,0,0,0.0,0,0,0,0.0,0.375,1,P17_CV0,1,2,0,1,1
16,-1.8369701987210297e-16,-1.0,Age0_F16_m16f17_P16_Y4_UO1004,R16_F16_m16f17_P16_Y2_UO448,R17_F17_m17f18_P17_Y2_UO110,FXX,0,0.0,0,0,0.0,0,0,0,0.0,0.375,1,P17_CV0,1,0,2,2,0
16,-1.8369701987210297e-16,-1.0,Age0_F16_m16f17_P16_Y4_UO1149,RD16_F15_m15f14_P15_Y2_UO725,R17_F17_m17f18_P17_Y2_UO488,FXX,0,0.0,0,0,0.0,0,0,0,0.0,0.375,1,P17_CV0,1,2,0,0,2
16,-1.8369701987210297e-16,-1.0,Age0_F16_m16f17_P16_Y4_UO1150,RD16_F15_m15f14_P15_Y2_UO725,R17_F17_m17f18_P17_Y2_UO488,MXY,0,0.0,0,0,0.0,0,0,0,0.0,0.375,1,P17_CV0,1,1,1,0,2
16,-1.8369701987210297e-16,-1.0,Age0_F16_m16f17_P16_Y4_UO1152,RD16_F15_m15f14_P15_Y2_UO725,R17_F17_m17f18_P17_Y2_UO488,FXX,0,0.0,0,0,0.0,0,0,0,0.0,0.375,1,P17_CV0,1,1,1,0,2
16,-1.8369701987210297e-16,-1.0,Age0_F16_m16f17_P16_Y4_UO1154,RD16_F15_m15f14_P15_Y2_UO725,R17_F17_m17f18_P17_Y2_UO488,FXX,0,0.0,0,0,0.0,0,0,0,0.0,0.375,1,P17_CV0,1,2,0,0,2
17,0.30901699437494723,-0.9510565162951536,Age0_F17_m17f16_P17_Y4_UO204,R17_F17_m17f16_P17_Y2_UO1186,R16_F16_m-1f-1_P16_Y-1_U95,FXX,0,0.0,0,0,0.0,0,0,0,0.0,0.625,1,P14_CV0,1,2,0,1,1
17,0.30901699437494723,-0.9510565162951536,Age0_F17_m17f16_P17_Y4_UO206,R17_F17_m17f16_P17_Y2_UO1186,R16_F16_m-1f-1_P16_Y-1_U95,FXX,0,0.0,0,0,0.0,0,0,0,0.0,0.625,1,P14_CV0,1,2,0,1,1
17,0.30901699437494723,-0.9510565162951536,Age0_F17_m17f16_P17_Y4_UO210,R17_F17_m17f16_P17_Y2_UO1186,R16_F16_m-1f-1_P16_Y-1_U95,FXX,0,0.0,0,0,0.0,0,0,0,0.0,0.625,1,P14_CV0,1,2,0,0,2
17,0.30901699437494723,-0.9510565162951536,R17_F17_m17f16_P17_Y3_UO526,R17_F17_m17f18_P17_Y1_UO1135,R16_F16_m16f15_P16_Y0_UO416,FXX,1,0.0,1,1,1.0,0,0,0,-9999.0,0.625,1,P14_CV0,1,2,0,2,0
17,0.30901699437494723,-0.9510565162951536,R17_F17_m17f16_P17_Y3_UO547,R17_F17_m17f18_P17_Y1_UO1139,R16_F16_m16f15_P16_Y0_UO416,FXX,1,0.0,1,1,1.0,0,0,0,-9999.0,0.625,1,P14_CV0,1,1,1,2,0
17,0.30901699437494723,-0.9510565162951536,R17_F17_m17f16_P17_Y2_UO1184,R17_F17_m17f16_P17_Y0_UO49,R16_F16_m16f15_P16_Y0_UO11,MXY,2,0.0,1,0,0.0,0,0,0,-9999.0,0.75,1,P14_CV0,1,2,0,2,0
17,0.30901699437494723,-0.9510565162951536,Age0_F17_m17f16_P17_Y4_UO205,R17_F17_m17f16_P17_Y2_UO1186,R16_F16_m-1f-1_P16_Y-1_U95,MXY,0,0.0,0,0,0.0,0,0,0,0.0,0.625,1,P15_CV0,1,1,1,0,2
17,0.30901699437494723,-0.9510565162951536,Age0_F17_m17f16_P17_Y4_UO207,R17_F17_m17f16_P17_Y2_UO1186,R16_F16_m-1f-1_P16_Y-1_U95,MXY,0,0.0,0,0,0.0,0,0,0,0.0,0.625,1,P15_CV0,1,2,0,1,1
17,0.30901699437494723,-0.9510565162951536,Age0_F17_m17f16_P17_Y4_UO208,R17_F17_m17f16_P17_Y2_UO1186,R16_F16_m-1f-1_P16_Y-1_U95,MXY,0,0.0,0,0,0.0,0,0,0,0.0,0.625,1,P15_CV0,1,1,1,2,0
17,0.30901699437494723,-0.9510565162951536,Age0_F17_m17f16_P17_Y4_UO209,R17_F17_m17f16_P17_Y2_UO1186,R16_F16_m-1f-1_P16_Y-1_U95,MXY,0,0.0,0,0,0.0,0,0,0,0.0,0.625,1,P15_CV0,1,2,0,1,1
17,0.30901699437494723,-0.9510565162951536,Age0_F17_m17f16_P17_Y4_UO734,R17_F17_m17f16_P17_Y2_UO1062,R16_F16_m16f17_P16_Y2_UO1141,MXY,0,0.0,0,0,0.0,0,0,0,0.0,0.5,1,P15_CV0,1,1,1,2,0
17,0.30901699437494723,-0.9510565162951536,Age0_F17_m17f16_P17_Y4_UO737,R17_F17_m17f16_P17_Y2_UO1062,R16_F16_m16f17_P16_Y2_UO1141,MXY,0,0.0,0,0,0.0,0,0,0,0.0,0.5,1,P15_CV0,1,1,1,2,0
17,0.30901699437494723,-0.9510565162951536,Age0_F17_m17f16_P17_Y4_UO739,R17_F17_m17f16_P17_Y2_UO1062,R16_F16_m16f17_P16_Y2_UO1141,MXY,0,0.0,0,0,0.0,0,0,0,0.0,0.5,1,P15_CV0,1,1,1,2,0
17,0.30901699437494723,-0.9510565162951536,Age0_F17_m17f16_P17_Y4_UO973,R17_F17_m17f18_P17_Y2_UO1195,R16_F16_m16f17_P16_Y2_UO1143,FXX,0,0.0,0,0,0.0,0,0,0,0.0,0.3125,1,P15_CV0,1,1,1,1,1
17,0.30901699437494723,-0.9510565162951536,Age0_F17_m17f16_P17_Y4_UO974,R17_F17_m17f18_P17_Y2_UO1195,R16_F16_m16f17_P16_Y2_UO1143,MXY,0,0.0,0,0,0.0,0,0,0,0.0,0.3125,1,P15_CV0,1,2,0,2,0
17,0.30901699437494723,-0.9510565162951536,Age0_F17_m17f16_P17_Y4_UO976,R17_F17_m17f18_P17_Y2_UO1195,R16_F16_m16f17_P16_Y2_UO1143,MXY,0,0.0,0,0,0.0,0,0,0,0.0,0.3125,1,P15_CV0,1,0,2,1,1
17,0.30901699437494723,-0.9510565162951536,Age0_F17_m17f16_P17_Y4_UO978,R17_F17_m17f18_P17_Y2_UO1195,R16_F16_m16f17_P16_Y2_UO1143,MXY,0,0.0,0,0,0.0,0,0,0,0.0,0.3125,1,P15_CV0,1,0,2,1,1
17,0.30901699437494723,-0.9510565162951536,R17_F17_m16f15_P16_Y3_UO257,R16_F16_m16f15_P16_Y1_UO914,R15_F15_m-1f-1_P14_Y-1_U61,MXY,1,0.0,1,1,0.0,0,0,0,-9999.0,0.375,1,P15_CV0,1,0,2,2,0
17,0.30901699437494723,-0.9510565162951536,R17_F17_m16f15_P16_Y3_UO828,R16_F16_m16f15_P16_Y1_UO921,R15_F15_m15f14_P15_Y0_UO1281,MXY,1,0.0,1,1,0.0,0,0,0,-9999.0,0.375,1,P15_CV0,1,1,1,1,1
17,0.30901699437494723,-0.9510565162951536,R17_F17_m16f17_P16_Y3_UO493,R16_F16_m16f15_P16_Y1_UO532,R17_F17_m17f16_P17_Y1_UO853,MXY,1,0.0,1,1,0.0,0,0,0,-9999.0,0.375,1,P15_CV0,1,2,0,0,2
17,0.30901699437494723,-0.9510565162951536,R17_F17_m17f16_P17_Y3_UO296,R17_F17_m17f16_P17_Y1_UO977,R16_F16_m16f17_P16_Y1_UO171,MXY,1,0.0,1,1,0.0,0,0,0,-9999.0,0.5,1,P15_CV0,1,1,1,0,2
17,0.30901699437494723,-0.9510565162951536,R17_F17_m17f16_P17_Y3_UO294,R17_F17_m17f16_P17_Y1_UO977,R16_F16_m16f17_P16_Y1_UO171,MXY,1,0.0,1,1,0.0,0,0,0,-9999.0,0.5,1,P15_CV0,1,1,1,0,2
17,0.30901699437494723,-0.9510565162951536,Age0_F17_m17f18_P17_Y4_UO132,R17_F17_m17f18_P17_Y2_UO484,R18_F18_m18f19_P18_Y2_UO828,FXX,0,0.0,0,0,0.0,0,0,0,0.0,0.5625,1,P16_CV0,1,1,1,1,1
17,0.30901699437494723,-0.9510565162951536,Age0_F17_m17f18_P17_Y4_UO133,R17_F17_m17f18_P17_Y2_UO484,R18_F18_m18f19_P18_Y2_UO828,MXY,0,0.0,0,0,0.0,0,0,0,0.0,0.5625,1,P16_CV0,1,0,2,0,2
17,0.30901699437494723,-0.9510565162951536,Age0_F17_m17f18_P17_Y4_UO314,R17_F17_m17f18_P17_Y2_UO484,R18_F18_m18f19_P18_Y2_UO827,MXY,0,0.0,0,0,0.0,0,0,0,0.0,0.5625,1,P16_CV0,1,0,2,2,0
17,0.30901699437494723,-0.9510565162951536,Age0_F17_m17f16_P17_Y4_UO320,R17_F17_m17f18_P17_Y2_UO1195,RD16_F15_m15f16_P15_Y2_UO899,FXX,0,0.0,0,0,0.0,0,0,0,0.0,0.3125,1,P16_CV0,1,0,2,1,1
17,0.30901699437494723,-0.9510565162951536,Age0_F17_m17f16_P17_Y4_UO321,R17_F17_m17f18_P17_Y2_UO1195,RD16_F15_m15f16_P15_Y2_UO899,MXY,0,0.0,0,0,0.0,0,0,0,0.0,0.3125,1,P16_CV0,1,1,1,1,1
17,0.30901699437494723,-0.9510565162951536,Age0_F17_m17f18_P17_Y4_UO379,R17_F17_m17f18_P17_Y2_UO484,R18_F18_m18f17_P18_Y2_UO287,MXY,0,0.0,0,0,0.0,0,0,0,0.0,0.5,1,P16_CV0,1,1,1,1,1
17,0.30901699437494723,-0.9510565162951536,Age0_F17_m17f18_P17_Y4_UO380,R17_F17_m17f18_P17_Y2_UO484,R18_F18_m18f17_P18_Y2_UO287,FXX,0,0.0,0,0,0.0,0,0,0,0.0,0.5,1,P16_CV0,1,1,1,2,0
17,0.30901699437494723,-0.9510565162951536,Age0_F17_m17f18_P17_Y4_UO381,R17_F17_m17f18_P17_Y2_UO484,R18_F18_m18f17_P18_Y2_UO287,FXX,0,0.0,0,0,0.0,0,0,0,0.0,0.5,1,P16_CV0,1,1,1,0,2
17,0.30901699437494723,-0.9510565162951536,Age0_F17_m17f18_P17_Y4_UO382,R17_F17_m17f18_P17_Y2_UO484,R18_F18_m18f17_P18_Y2_UO287,MXY,0,0.0,0,0,0.0,0,0,0,0.0,0.5,1,P16_CV0,1,1,1,1,1
17,0.30901699437494723,-0.9510565162951536,Age0_F17_m17f18_P17_Y4_UO383,R17_F17_m17f18_P17_Y2_UO484,R18_F18_m18f17_P18_Y2_UO287,FXX,0,0.0,0,0,0.0,0,0,0,0.0,0.5,1,P16_CV0,1,1,1,1,1
17,0.30901699437494723,-0.9510565162951536,Age0_F17_m17f18_P17_Y4_UO386,R17_F17_m17f18_P17_Y2_UO484,R18_F18_m18f17_P18_Y2_UO287,FXX,0,0.0,0,0,0.0,0,0,0,0.0,0.5,1,P16_CV0,1,1,1,1,1
17,0.30901699437494723,-0.9510565162951536,Age0_F17_m17f16_P17_Y4_UO735,R17_F17_m17f16_P17_Y2_UO1062,R16_F16_m16f17_P16_Y2_UO1141,FXX,0,0.0,0,0,0.0,0,0,0,0.0,0.5,1,P16_CV0,1,0,2,2,0
17,0.30901699437494723,-0.9510565162951536,Age0_F17_m17f16_P17_Y4_UO736,R17_F17_m17f16_P17_Y2_UO1062,R16_F16_m16f17_P16_Y2_UO1141,FXX,0,0.0,0,0,0.0,0,0,0,0.0,0.5,1,P16_CV0,1,0,2,2,0
17,0.30901699437494723,-0.9510565162951536,Age0_F17_m17f16_P17_Y4_UO738,R17_F17_m17f16_P17_Y2_UO1062,R16_F16_m16f17_P16_Y2_UO1141,MXY,0,0.0,0,0,0.0,0,0,0,0.0,0.5,1,P16_CV0,1,2,0,2,0
17,0.30901699437494723,-0.9510565162951536,Age0_F17_m17f16_P17_Y4_UO740,R17_F17_m17f16_P17_Y2_UO1062,R16_F16_m16f17_P16_Y2_UO1141,MXY,0,0.0,0,0,0.0,0,0,0,0.0,0.5,1,P16_CV0,1,0,2,2,0
17,0.30901699437494723,-0.9510565162951536,Age0_F17_m17f16_P17_Y4_UO1127,R17_F17_m17f18_P17_Y2_UO483,RD16_F15_m15f16_P15_Y2_UO899,MXY,0,0.0,0,0,0.0,0,0,0,0.0,0.375,1,P16_CV0,1,0,2,1,1
17,0.30901699437494723,-0.9510565162951536,Age0_F17_m17f16_P17_Y4_UO1128,R17_F17_m17f18_P17_Y2_UO483,RD16_F15_m15f16_P15_Y2_UO899,FXX,0,0.0,0,0,0.0,0,0,0,0.0,0.375,1,P16_CV0,1,1,1,1,1
17,0.30901699437494723,-0.9510565162951536,Age0_F17_m17f16_P17_Y4_UO1129,R17_F17_m17f18_P17_Y2_UO483,RD16_F15_m15f16_P15_Y2_UO899,MXY,0,0.0,0,0,0.0,0,0,0,0.0,0.375,1,P16_CV0,1,0,2,1,1
17,0.30901699437494723,-0.9510565162951536,Age0_F17_m17f16_P17_Y4_UO1130,R17_F17_m17f18_P17_Y2_UO483,RD16_F15_m15f16_P15_Y2_UO899,FXX,0,0.0,0,0,0.0,0,0,0,0.0,0.375,1,P16_CV0,1,1,1,1,1
17,0.30901699437494723,-0.9510565162951536,R17_F17_m17f18_P17_Y2_UO480,R17_F17_m17f16_P17_Y0_UO528,R18_F18_m18f19_P18_Y0_UO302,FXX,2,0.0,1,0,1.0,0,0,0,-9999.0,0.375,1,P16_CV0,1,1,1,0,2
17,0.30901699437494723,-0.9510565162951536,R17_F17_m17f18_P17_Y2_UO485,R17_F17_m17f16_P17_Y0_UO528,R18_F18_m18f19_P18_Y0_UO302,FXX,2,0.0,1,0,1.0,0,0,0,-9999.0,0.375,1,P16_CV0,1,2,0,0,2
17,0.30901699437494723,-0.9510565162951536,R17_F17_m17f18_P17_Y2_UO481,R17_F17_m17f16_P17_Y0_UO528,R18_F18_m18f19_P18_Y0_UO302,MXY,2,0.0,1,0,0.0,0,0,0,-9999.0,0.375,1,P16_CV0,1,1,1,0,2
17,0.30901699437494723,-0.9510565162951536,R17_F17_m17f16_P17_Y2_UO1066,R17_F17_m17f16_P17_Y0_UO897,R16_F16_m-1f-1_P17_Y-1_U26,MXY,2,0.0,1,0,0.0,0,0,0,-9999.0,0.625,1,P16_CV0,1,1,1,2,0
17,0.30901699437494723,-0.9510565162951536,R17_F17_m17f18_P17_Y2_UO114,R17_F17_m17f18_P17_Y0_UO681,R18_F18_m18f17_P18_Y0_UO153,MXY,2,0.0,1,0,0.0,0,0,0,-9999.0,0.5,1,P16_CV0,1,1,1,2,0
17,0.30901699437494723,-0.9510565162951536,R17_F17_m17f18_P17_Y1_UO1135,R17_F17_m-1f-1_P17_Y-1_U11,R18_F18_m-1f-1_P18_Y-1_U64,FXX,3,0.0,1,0,1.0,0,0,0,-9999.0,0.75,1,P16_CV0,1,2,0,1,1
17,0.30901699437494723,-0.9510565162951536,Age0_F17_m17f16_P17_Y4_UO318,R17_F17_m17f18_P17_Y2_UO1195,RD16_F15_m15f16_P15_Y2_UO899,FXX,0,0.0,0,0,0.0,0,0,0,0.0,0.3125,1,P17_CV0,1,0,2,2,0
17,0.30901699437494723,-0.9510565162951536,Age0_F17_m17f16_P17_Y4_UO319,R17_F17_m17f18_P17_Y2_UO1195,RD16_F15_m15f16_P15_Y2_UO899,MXY,0,0.0,0,0,0.0,0,0,0,0.0,0.3125,1,P17_CV0,1,1,1,1,1
17,0.30901699437494723,-0.9510565162951536,Age0_F17_m17f16_P17_Y4_UO322,R17_F17_m17f18_P17_Y2_UO1195,RD16_F15_m15f16_P15_Y2_UO899,FXX,0,0.0,0,0,0.0,0,0,0,0.0,0.3125,1,P17_CV0,1,1,1,1,1
17,0.30901699437494723,-0.9510565162951536,Age0_F17_m17f18_P17_Y4_UO698,R17_F17_m17f18_P17_Y2_UO1195,R18_F18_m18f17_P18_Y2_UO1047,FXX,0,0.0,0,0,0.0,0,0,0,0.0,0.375,1,P17_CV0,1,1,1,0,2
17,0.30901699437494723,-0.9510565162951536,Age0_F17_m17f16_P17_Y4_UO930,R17_F17_m17f18_P17_Y2_UO483,RD16_F17_m17f16_P17_Y2_UO1060,MXY,0,0.0,0,0,0.0,0,0,0,0.0,0.5,1,P17_CV0,1,1,1,1,1
17,0.30901699437494723,-0.9510565162951536,Age0_F17_m17f16_P17_Y4_UO931,R17_F17_m17f18_P17_Y2_UO483,RD16_F17_m17f16_P17_Y2_UO1060,MXY,0,0.0,0,0,0.0,0,0,0,0.0,0.5,1,P17_CV0,1,2,0,1,1
17,0.30901699437494723,-0.9510565162951536,Age0_F17_m17f16_P17_Y4_UO932,R17_F17_m17f18_P17_Y2_UO483,RD16_F17_m17f16_P17_Y2_UO1060,MXY,0,0.0,0,0,0.0,0,0,0,0.0,0.5,1,P17_CV0,1,1,1,1,1
17,0.30901699437494723,-0.9510565162951536,Age0_F17_m17f16_P17_Y4_UO933,R17_F17_m17f18_P17_Y2_UO483,RD16_F17_m17f16_P17_Y2_UO1060,FXX,0,0.0,0,0,0.0,0,0,0,0.0,0.5,1,P17_CV0,1,2,0,1,1
17,0.30901699437494723,-0.9510565162951536,Age0_F17_m17f16_P17_Y4_UO934,R17_F17_m17f18_P17_Y2_UO483,RD16_F17_m17f16_P17_Y2_UO1060,MXY,0,0.0,0,0,0.0,0,0,0,0.0,0.5,1,P17_CV0,1,1,1,1,1
17,0.30901699437494723,-0.9510565162951536,Age0_F17_m17f16_P17_Y4_UO935,R17_F17_m17f18_P17_Y2_UO483,RD16_F17_m17f16_P17_Y2_UO1060,MXY,0,0.0,0,0,0.0,0,0,0,0.0,0.5,1,P17_CV0,1,2,0,1,1
17,0.30901699437494723,-0.9510565162951536,Age0_F17_m17f16_P17_Y4_UO936,R17_F17_m17f18_P17_Y2_UO483,RD16_F17_m17f16_P17_Y2_UO1060,MXY,0,0.0,0,0,0.0,0,0,0,0.0,0.5,1,P17_CV0,1,2,0,1,1
17,0.30901699437494723,-0.9510565162951536,Age0_F17_m17f16_P17_Y4_UO975,R17_F17_m17f18_P17_Y2_UO1195,R16_F16_m16f17_P16_Y2_UO1143,FXX,0,0.0,0,0,0.0,0,0,0,0.0,0.3125,1,P17_CV0,1,1,1,2,0
17,0.30901699437494723,-0.9510565162951536,Age0_F17_m17f16_P17_Y4_UO977,R17_F17_m17f18_P17_Y2_UO1195,R16_F16_m16f17_P16_Y2_UO1143,FXX,0,0.0,0,0,0.0,0,0,0,0.0,0.3125,1,P17_CV0,1,1,1,2,0
17,0.30901699437494723,-0.9510565162951536,Age0_F17_m17f16_P17_Y4_UO1126,R17_F17_m17f18_P17_Y2_UO483,RD16_F15_m15f16_P15_Y2_UO899,FXX,0,0.0,0,0,0.0,0,0,0,0.0,0.375,1,P17_CV0,1,0,2,1,1
17,0.30901699437494723,-0.9510565162951536,Age0_F17_m17f16_P17_Y4_UO1131,R17_F17_m17f18_P17_Y2_UO483,RD16_F15_m15f16_P15_Y2_UO899,MXY,0,0.0,0,0,0.0,0,0,0,0.0,0.375,1,P17_CV0,1,0,2,1,1
17,0.30901699437494723,-0.9510565162951536,Age0_F17_m17f18_P17_Y4_UO1320,R17_F17_m17f18_P17_Y2_UO1195,R18_F18_m18f19_P18_Y2_UO435,FXX,0,0.0,0,0,0.0,0,0,0,0.0,0.375,1,P17_CV0,1,1,1,1,1
17,0.30901699437494723,-0.9510565162951536,Age0_F17_m17f18_P17_Y4_UO1321,R17_F17_m17f18_P17_Y2_UO1195,R18_F18_m18f19_P18_Y2_UO435,MXY,0,0.0,0,0,0.0,0,0,0,0.0,0.375,1,P17_CV0,1,0,2,0,2
17,0.30901699437494723,-0.9510565162951536,Age0_F17_m17f18_P17_Y4_UO1324,R17_F17_m17f18_P17_Y2_UO1195,R18_F18_m18f19_P18_Y2_UO435,FXX,0,0.0,0,0,0.0,0,0,0,0.0,0.375,1,P17_CV0,1,1,1,2,0
17,0.30901699437494723,-0.9510565162951536,R17_F17_m17f18_P17_Y3_UO800,R17_F17_m17f18_P17_Y1_UO1141,R18_F18_m18f17_P18_Y1_UO9,MXY,1,0.0,1,1,0.0,0,0,0,-9999.0,0.625,1,P17_CV0,1,1,1,0,2
17,0.30901699437494723,-0.9510565162951536,R17_F17_m17f18_P17_Y3_UO801,R17_F17_m17f18_P17_Y1_UO1141,R18_F18_m18f17_P18_Y1_UO9,MXY,1,0.0,1,1,0.0,0,0,0,-9999.0,0.625,1,P17_CV0,1,2,0,1,1
17,0.30901699437494723,-0.9510565162951536,R17_F17_m17f16_P17_Y3_UO881,R17_F17_m17f18_P17_Y1_UO1132,R16_F16_m16f17_P16_Y1_UO175,FXX,1,0.0,1,1,1.0,0,0,0,-9999.0,0.5,1,P17_CV0,1,1,1,0,2
17,0.30901699437494723,-0.9510565162951536,R17_F17_m17f18_P17_Y3_UO139,R17_F17_m17f18_P17_Y1_UO1128,R18_F18_m18f19_P18_Y1_UO66,FXX,1,0.0,1,1,1.0,0,0,0,-9999.0,0.5,1,P17_CV0,1,1,1,2,0
17,0.30901699437494723,-0.9510565162951536,R17_F17_m17f18_P17_Y3_UO134,R17_F17_m17f18_P17_Y1_UO1128,R18_F18_m18f19_P18_Y1_UO66,FXX,1,0.0,1,1,1.0,0,0,0,-9999.0,0.5,1,P17_CV0,1,1,1,2,0
17,0.30901699437494723,-0.9510565162951536,R17_F17_m17f18_P17_Y3_UO957,R17_F17_m17f18_P17_Y1_UO1128,R18_F18_m18f17_P18_Y1_UO214,FXX,1,0.0,1,1,1.0,0,0,0,-9999.0,0.625,1,P17_CV0,1,1,1,2,0
17,0.30901699437494723,-0.9510565162951536,R17_F17_m17f18_P17_Y2_UO479,R17_F17_m17f16_P17_Y0_UO528,R18_F18_m18f19_P18_Y0_UO302,MXY,2,0.0,1,0,0.0,0,0,0,-9999.0,0.375,1,P17_CV0,1,1,1,1,1
17,0.30901699437494723,-0.9510565162951536,R17_F17_m17f16_P17_Y2_UO1408,R17_F17_m17f18_P17_Y0_UO494,R16_F16_m16f15_P16_Y0_UO11,MXY,2,0.0,1,0,0.0,0,0,0,-9999.0,0.5,1,P17_CV0,1,1,1,1,1
17,0.30901699437494723,-0.9510565162951536,R17_F17_m17f18_P17_Y2_UO488,R17_F17_m17f16_P17_Y0_UO528,R18_F18_m18f19_P18_Y0_UO302,MXY,2,0.0,1,0,0.0,0,0,0,-9999.0,0.375,1,P17_CV0,1,2,0,0,2
17,0.30901699437494723,-0.9510565162951536,R17_F17_m17f18_P17_Y1_UO991,R17_F17_m-1f-1_P17_Y-1_U49,R18_F18_m-1f-1_P18_Y-1_U11,FXX,3,0.0,1,0,1.0,0,0,0,-9999.0,0.75,1,P17_CV0,1,1,1,0,2
17,0.30901699437494723,-0.9510565162951536,Age0_F17_m17f18_P17_Y4_UO134,R17_F17_m17f18_P17_Y2_UO484,R18_F18_m18f19_P18_Y2_UO828,FXX,0,0.0,0,0,0.0,0,0,0,0.0,0.5625,1,P18_CV0,1,1,1,1,1
17,0.30901699437494723,-0.9510565162951536,Age0_F17_m17f18_P17_Y4_UO135,R17_F17_m17f18_P17_Y2_UO484,R18_F18_m18f19_P18_Y2_UO828,MXY,0,0.0,0,0,0.0,0,0,0,0.0,0.5625,1,P18_CV0,1,1,1,0,2
17,0.30901699437494723,-0.9510565162951536,Age0_F17_m17f18_P17_Y4_UO136,R17_F17_m17f18_P17_Y2_UO484,R18_F18_m18f19_P18_Y2_UO828,MXY,0,0.0,0,0,0.0,0,0,0,0.0,0.5625,1,P18_CV0,1,1,1,0,2
17,0.30901699437494723,-0.9510565162951536,Age0_F17_m17f18_P17_Y4_UO137,R17_F17_m17f18_P17_Y2_UO484,R18_F18_m18f19_P18_Y2_UO828,MXY,0,0.0,0,0,0.0,0,0,0,0.0,0.5625,1,P18_CV0,1,1,1,0,2
17,0.30901699437494723,-0.9510565162951536,Age0_F17_m17f18_P17_Y4_UO138,R17_F17_m17f18_P17_Y2_UO484,R18_F18_m18f19_P18_Y2_UO828,MXY,0,0.0,0,0,0.0,0,0,0,0.0,0.5625,1,P18_CV0,1,0,2,1,1
17,0.30901699437494723,-0.9510565162951536,Age0_F17_m17f18_P17_Y4_UO312,R17_F17_m17f18_P17_Y2_UO484,R18_F18_m18f19_P18_Y2_UO827,FXX,0,0.0,0,0,0.0,0,0,0,0.0,0.5625,1,P18_CV0,1,0,2,2,0
17,0.30901699437494723,-0.9510565162951536,Age0_F17_m17f18_P17_Y4_UO313,R17_F17_m17f18_P17_Y2_UO484,R18_F18_m18f19_P18_Y2_UO827,FXX,0,0.0,0,0,0.0,0,0,0,0.0,0.5625,1,P18_CV0,1,1,1,1,1
17,0.30901699437494723,-0.9510565162951536,Age0_F17_m17f18_P17_Y4_UO315,R17_F17_m17f18_P17_Y2_UO484,R18_F18_m18f19_P18_Y2_UO827,FXX,0,0.0,0,0,0.0,0,0,0,0.0,0.5625,1,P18_CV0,1,0,2,1,1
17,0.30901699437494723,-0.9510565162951536,Age0_F17_m17f18_P17_Y4_UO316,R17_F17_m17f18_P17_Y2_UO484,R18_F18_m18f19_P18_Y2_UO827,MXY,0,0.0,0,0,0.0,0,0,0,0.0,0.5625,1,P18_CV0,1,1,1,1,1
17,0.30901699437494723,-0.9510565162951536,Age0_F17_m17f18_P17_Y4_UO317,R17_F17_m17f18_P17_Y2_UO484,R18_F18_m18f19_P18_Y2_UO827,FXX,0,0.0,0,0,0.0,0,0,0,0.0,0.5625,1,P18_CV0,1,0,2,2,0
17,0.30901699437494723,-0.9510565162951536,Age0_F17_m17f18_P17_Y4_UO384,R17_F17_m17f18_P17_Y2_UO484,R18_F18_m18f17_P18_Y2_UO287,FXX,0,0.0,0,0,0.0,0,0,0,0.0,0.5,1,P18_CV0,1,1,1,1,1
17,0.30901699437494723,-0.9510565162951536,Age0_F17_m17f18_P17_Y4_UO385,R17_F17_m17f18_P17_Y2_UO484,R18_F18_m18f17_P18_Y2_UO287,MXY,0,0.0,0,0,0.0,0,0,0,0.0,0.5,1,P18_CV0,1,1,1,1,1
17,0.30901699437494723,-0.9510565162951536,Age0_F17_m17f18_P17_Y4_UO695,R17_F17_m17f18_P17_Y2_UO1195,R18_F18_m18f17_P18_Y2_UO1047,FXX,0,0.0,0,0,0.0,0,0,0,0.0,0.375,1,P18_CV0,1,2,0,1,1
17,0.30901699437494723,-0.9510565162951536,Age0_F17_m17f18_P17_Y4_UO696,R17_F17_m17f18_P17_Y2_UO1195,R18_F18_m18f17_P18_Y2_UO1047,MXY,0,0.0,0,0,0.0,0,0,0,0.0,0.375,1,P18_CV0,1,1,1,0,2
17,0.30901699437494723,-0.9510565162951536,Age0_F17_m17f18_P17_Y4_UO697,R17_F17_m17f18_P17_Y2_UO1195,R18_F18_m18f17_P18_Y2_UO1047,MXY,0,0.0,0,0,0.0,0,0,0,0.0,0.375,1,P18_CV0,1,1,1,1,1
17,0.30901699437494723,-0.9510565162951536,Age0_F17_m17f18_P17_Y4_UO841,R17_F17_m17f18_P17_Y2_UO484,R18_F18_m18f19_P18_Y2_UO827,FXX,0,0.0,0,0,0.0,0,0,0,0.0,0.5625,1,P18_CV0,1,1,1,2,0
17,0.30901699437494723,-0.9510565162951536,Age0_F17_m17f18_P17_Y4_UO842,R17_F17_m17f18_P17_Y2_UO484,R18_F18_m18f19_P18_Y2_UO827,FXX,0,0.0,0,0,0.0,0,0,0,0.0,0.5625,1,P18_CV0,1,1,1,1,1
17,0.30901699437494723,-0.9510565162951536,Age0_F17_m17f18_P17_Y4_UO843,R17_F17_m17f18_P17_Y2_UO484,R18_F18_m18f19_P18_Y2_UO827,FXX,0,0.0,0,0,0.0,0,0,0,0.0,0.5625,1,P18_CV0,1,1,1,2,0
17,0.30901699437494723,-0.9510565162951536,Age0_F17_m17f18_P17_Y4_UO844,R17_F17_m17f18_P17_Y2_UO484,R18_F18_m18f19_P18_Y2_UO827,MXY,0,0.0,0,0,0.0,0,0,0,0.0,0.5625,1,P18_CV0,1,0,2,2,0
17,0.30901699437494723,-0.9510565162951536,Age0_F17_m17f18_P17_Y4_UO845,R17_F17_m17f18_P17_Y2_UO484,R18_F18_m18f19_P18_Y2_UO827,MXY,0,0.0,0,0,0.0,0,0,0,0.0,0.5625,1,P18_CV0,1,1,1,2,0
17,0.30901699437494723,-0.9510565162951536,Age0_F17_m17f18_P17_Y4_UO846,R17_F17_m17f18_P17_Y2_UO484,R18_F18_m18f19_P18_Y2_UO827,FXX,0,0.0,0,0,0.0,0,0,0,0.0,0.5625,1,P18_CV0,1,1,1,1,1
17,0.30901699437494723,-0.9510565162951536,Age0_F17_m17f18_P17_Y4_UO1322,R17_F17_m17f18_P17_Y2_UO1195,R18_F18_m18f19_P18_Y2_UO435,MXY,0,0.0,0,0,0.0,0,0,0,0.0,0.375,1,P18_CV0,1,2,0,1,1
17,0.30901699437494723,-0.9510565162951536,Age0_F17_m17f18_P17_Y4_UO1323,R17_F17_m17f18_P17_Y2_UO1195,R18_F18_m18f19_P18_Y2_UO435,FXX,0,0.0,0,0,0.0,0,0,0,0.0,0.375,1,P18_CV0,1,1,1,2,0
17,0.30901699437494723,-0.9510565162951536,Age0_F17_m17f18_P17_Y4_UO1325,R17_F17_m17f18_P17_Y2_UO1195,R18_F18_m18f19_P18_Y2_UO435,MXY,0,0.0,0,0,0.0,0,0,0,0.0,0.375,1,P18_CV0,1,2,0,2,0
17,0.30901699437494723,-0.9510565162951536,R17_F17_m17f18_P17_Y3_UO60,RD17_F16_m16f17_P16_Y1_UO172,R18_F18_m18f19_P18_Y1_UO962,MXY,1,0.0,1,1,0.0,0,0,0,-9999.0,0.375,1,P18_CV0,1,1,1,0,2
18,0.5877852522924729,-0.8090169943749476,Age0_F18_m18f17_P18_Y4_UO105,RD18_F19_m20f1_P20_Y2_UO913,R17_F17_m17f16_P17_Y1_UO853,MXY,0,0.0,0,0,0.0,0,0,0,0.0,0.375,1,P0_CV0,1,1,1,1,1
18,0.5877852522924729,-0.8090169943749476,Age0_F18_m18f17_P18_Y4_UO106,RD18_F19_m20f1_P20_Y2_UO913,R17_F17_m17f16_P17_Y1_UO853,FXX,0,0.0,0,0,0.0,0,0,0,0.0,0.375,1,P0_CV0,1,2,0,1,1
18,0.5877852522924729,-0.8090169943749476,Age0_F18_m18f17_P18_Y4_UO107,RD18_F19_m20f1_P20_Y2_UO913,R17_F17_m17f16_P17_Y1_UO853,MXY,0,0.0,0,0,0.0,0,0,0,0.0,0.375,1,P0_CV0,1,2,0,1,1
18,0.5877852522924729,-0.8090169943749476,Age0_F18_m18f19_P18_Y4_UO487,R18_F18_m18f19_P18_Y2_UO439,R19_F19_m19f20_P19_Y2_UO667,FXX,0,0.0,0,0,0.0,0,0,0,0.0,0.5,1,P0_CV0,1,0,2,1,1
18,0.5877852522924729,-0.8090169943749476,Age0_F18_m18f19_P18_Y4_UO489,R18_F18_m18f19_P18_Y2_UO439,R19_F19_m19f20_P19_Y2_UO667,FXX,0,0.0,0,0,0.0,0,0,0,0.0,0.5,1,P0_CV0,1,1,1,2,0
18,0.5877852522924729,-0.8090169943749476,Age0_F18_m18f19_P18_Y4_UO491,R18_F18_m18f19_P18_Y2_UO439,R19_F19_m19f20_P19_Y2_UO667,MXY,0,0.0,0,0,0.0,0,0,0,0.0,0.5,1,P0_CV0,1,2,0,2,0
18,0.5877852522924729,-0.8090169943749476,Age0_F18_m18f19_P18_Y4_UO492,R18_F18_m18f19_P18_Y2_UO439,R19_F19_m19f20_P19_Y2_UO667,MXY,0,0.0,0,0,0.0,0,0,0,0.0,0.5,1,P0_CV0,1,1,1,1,1
18,0.5877852522924729,-0.8090169943749476,Age0_F18_m18f17_P18_Y4_UO108,RD18_F19_m20f1_P20_Y2_UO913,R17_F17_m17f16_P17_Y1_UO853,MXY,0,0.0,0,0,0.0,0,0,0,0.0,0.375,1,P15_CV0,1,2,0,1,1
18,0.5877852522924729,-0.8090169943749476,Age0_F18_m18f17_P18_Y4_UO412,R18_F18_m18f17_P18_Y2_UO999,R17_F17_m17f18_P17_Y2_UO114,MXY,0,0.0,0,0,0.0,0,0,0,0.0,0.4375,1,P15_CV0,1,0,2,2,0
18,0.5877852522924729,-0.8090169943749476,Age0_F18_m18f17_P18_Y4_UO413,R18_F18_m18f17_P18_Y2_UO999,R17_F17_m17f18_P17_Y2_UO114,FXX,0,0.0,0,0,0.0,0,0,0,0.0,0.4375,1,P15_CV0,1,1,1,2,0
18,0.5877852522924729,-0.8090169943749476,Age0_F18_m18f17_P18_Y4_UO414,R18_F18_m18f17_P18_Y2_UO999,R17_F17_m17f18_P17_Y2_UO114,MXY,0,0.0,0,0,0.0,0,0,0,0.0,0.4375,1,P15_CV0,1,0,2,2,0
18,0.5877852522924729,-0.8090169943749476,Age0_F18_m18f17_P18_Y4_UO415,R18_F18_m18f17_P18_Y2_UO999,R17_F17_m17f18_P17_Y2_UO114,MXY,0,0.0,0,0,0.0,0,0,0,0.0,0.4375,1,P15_CV0,1,0,2,2,0
18,0.5877852522924729,-0.8090169943749476,Age0_F18_m18f19_P18_Y4_UO468,R18_F18_m18f17_P18_Y2_UO999,R19_F19_m19f20_P19_Y2_UO599,MXY,0,0.0,0,0,0.0,0,0,0,0.0,0.25,1,P15_CV0,1,0,2,1,1
18,0.5877852522924729,-0.8090169943749476,Age0_F18_m18f19_P18_Y4_UO469,R18_F18_m18f17_P18_Y2_UO999,R19_F19_m19f20_P19_Y2_UO599,FXX,0,0.0,0,0,0.0,0,0,0,0.0,0.25,1,P15_CV0,1,0,2,2,0
18,0.5877852522924729,-0.8090169943749476,Age0_F18_m18f19_P18_Y4_UO471,R18_F18_m18f17_P18_Y2_UO999,R19_F19_m19f20_P19_Y2_UO599,FXX,0,0.0,0,0,0.0,0,0,0,0.0,0.25,1,P15_CV0,1,0,2,1,1
18,0.5877852522924729,-0.8090169943749476,Age0_F18_m18f19_P18_Y4_UO473,R18_F18_m18f17_P18_Y2_UO999,R19_F19_m19f20_P19_Y2_UO599,MXY,0,0.0,0,0,0.0,0,0,0,0.0,0.25,1,P15_CV0,1,0,2,2,0
18,0.5877852522924729,-0.8090169943749476,Age0_F18_m18f17_P18_Y4_UO1182,R18_F18_m18f19_P18_Y2_UO433,R17_F17_m17f16_P17_Y1_UO853,MXY,0,0.0,0,0,0.0,0,0,0,0.0,0.5,1,P15_CV0,1,1,1,1,1
18,0.5877852522924729,-0.8090169943749476,Age0_F18_m18f17_P18_Y4_UO1184,R18_F18_m18f19_P18_Y2_UO433,R17_F17_m17f16_P17_Y1_UO853,MXY,0,0.0,0,0,0.0,0,0,0,0.0,0.5,1,P15_CV0,1,1,1,1,1
18,0.5877852522924729,-0.8090169943749476,Age0_F18_m18f17_P18_Y4_UO1186,R18_F18_m18f19_P18_Y2_UO433,R17_F17_m17f16_P17_Y1_UO853,FXX,0,0.0,0,0,0.0,0,0,0,0.0,0.5,1,P15_CV0,1,1,1,1,1
18,0.5877852522924729,-0.8090169943749476,Age0_F18_m18f19_P18_Y4_UO1469,R18_F18_m18f17_P18_Y2_UO999,R19_F19_m19f18_P19_Y0_UO838,MXY,0,0.0,0,0,0.0,0,0,0,0.0,0.4375,1,P15_CV0,1,0,2,2,0
18,0.5877852522924729,-0.8090169943749476,Age0_F18_m18f19_P18_Y4_UO1470,R18_F18_m18f17_P18_Y2_UO999,R19_F19_m19f18_P19_Y0_UO838,FXX,0,0.0,0,0,0.0,0,0,0,0.0,0.4375,1,P15_CV0,1,0,2,2,0
18,0.5877852522924729,-0.8090169943749476,R18_F18_m17f16_P17_Y3_UO292,R17_F17_m17f16_P17_Y1_UO977,R16_F16_m16f17_P16_Y1_UO171,FXX,1,0.0,1,1,1.0,0,0,0,-9999.0,0.5,1,P15_CV0,1,0,2,0,2
18,0.5877852522924729,-0.8090169943749476,Age0_F18_m18f17_P18_Y4_UO416,R18_F18_m18f17_P18_Y2_UO999,R17_F17_m17f18_P17_Y2_UO114,MXY,0,0.0,0,0,0.0,0,0,0,0.0,0.4375,1,P16_CV0,1,1,1,2,0
18,0.5877852522924729,-0.8090169943749476,Age0_F18_m18f19_P18_Y4_UO625,R18_F18_m18f17_P18_Y2_UO1274,R19_F19_m20f19_P20_Y2_UO231,MXY,0,0.0,0,0,0.0,0,0,0,0.0,0.4375,1,P16_CV0,1,2,0,1,1
18,0.5877852522924729,-0.8090169943749476,Age0_F18_m18f19_P18_Y4_UO627,R18_F18_m18f17_P18_Y2_UO1274,R19_F19_m20f19_P20_Y2_UO231,FXX,0,0.0,0,0,0.0,0,0,0,0.0,0.4375,1,P16_CV0,1,2,0,2,0
18,0.5877852522924729,-0.8090169943749476,Age0_F18_m18f19_P18_Y4_UO628,R18_F18_m18f17_P18_Y2_UO1274,R19_F19_m20f19_P20_Y2_UO231,MXY,0,0.0,0,0,0.0,0,0,0,0.0,0.4375,1,P16_CV0,1,2,0,1,1
18,0.5877852522924729,-0.8090169943749476,Age0_F18_m18f19_P18_Y4_UO629,R18_F18_m18f17_P18_Y2_UO1274,R19_F19_m20f19_P20_Y2_UO231,FXX,0,0.0,0,0,0.0,0,0,0,0.0,0.4375,1,P16_CV0,1,1,1,2,0
18,0.5877852522924729,-0.8090169943749476,Age0_F18_m18f17_P18_Y4_UO1194,R18_F18_m18f17_P18_Y2_UO1274,R17_F17_m17f16_P17_Y2_UO1408,MXY,0,0.0,0,0,0.0,0,0,0,0.0,0.4375,1,P16_CV0,1,1,1,2,0
18,0.5877852522924729,-0.8090169943749476,Age0_F18_m18f17_P18_Y4_UO1197,R18_F18_m18f17_P18_Y2_UO1274,R17_F17_m17f16_P17_Y2_UO1408,FXX,0,0.0,0,0,0.0,0,0,0,0.0,0.4375,1,P16_CV0,1,2,0,1,1
18,0.5877852522924729,-0.8090169943749476,Age0_F18_m18f19_P18_Y4_UO1329,R18_F18_m18f17_P18_Y2_UO1274,R19_F19_m19f18_P19_Y2_UO562,MXY,0,0.0,0,0,0.0,0,0,0,0.0,0.4375,1,P16_CV0,1,1,1,1,1
18,0.5877852522924729,-0.8090169943749476,Age0_F18_m18f17_P18_Y4_UO1333,R18_F18_m18f17_P18_Y2_UO1274,R17_F17_m17f18_P17_Y2_UO109,FXX,0,0.0,0,0,0.0,0,0,0,0.0,0.4375,1,P16_CV0,1,2,0,2,0
18,0.5877852522924729,-0.8090169943749476,Age0_F18_m18f17_P18_Y4_UO1334,R18_F18_m18f17_P18_Y2_UO1274,R17_F17_m17f18_P17_Y2_UO109,FXX,0,0.0,0,0,0.0,0,0,0,0.0,0.4375,1,P16_CV0,1,2,0,2,0
18,0.5877852522924729,-0.8090169943749476,Age0_F18_m18f17_P18_Y4_UO1335,R18_F18_m18f17_P18_Y2_UO1274,R17_F17_m17f18_P17_Y2_UO109,FXX,0,0.0,0,0,0.0,0,0,0,0.0,0.4375,1,P16_CV0,1,2,0,2,0
18,0.5877852522924729,-0.8090169943749476,Age0_F18_m18f17_P18_Y4_UO1336,R18_F18_m18f17_P18_Y2_UO1274,R17_F17_m17f18_P17_Y2_UO109,MXY,0,0.0,0,0,0.0,0,0,0,0.0,0.4375,1,P16_CV0,1,2,0,2,0
18,0.5877852522924729,-0.8090169943749476,Age0_F18_m18f17_P18_Y4_UO1337,R18_F18_m18f17_P18_Y2_UO1274,R17_F17_m17f18_P17_Y2_UO109,FXX,0,0.0,0,0,0.0,0,0,0,0.0,0.4375,1,P16_CV0,1,2,0,2,0
18,0.5877852522924729,-0.8090169943749476,Age0_F18_m18f17_P18_Y4_UO1338,R18_F18_m18f17_P18_Y2_UO1274,R17_F17_m17f18_P17_Y2_UO109,MXY,0,0.0,0,0,0.0,0,0,0,0.0,0.4375,1,P16_CV0,1,2,0,2,0
18,0.5877852522924729,-0.8090169943749476,Age0_F18_m18f17_P18_Y4_UO1410,RD18_F19_m19f18_P19_Y2_UO756,R17_F17_m17f18_P17_Y2_UO112,FXX,0,0.0,0,0,0.0,0,0,0,0.0,0.3125,1,P16_CV0,1,1,1,1,1
18,0.5877852522924729,-0.8090169943749476,Age0_F18_m18f17_P18_Y4_UO1411,RD18_F19_m19f18_P19_Y2_UO756,R17_F17_m17f18_P17_Y2_UO112,MXY,0,0.0,0,0,0.0,0,0,0,0.0,0.3125,1,P16_CV0,1,1,1,0,2
18,0.5877852522924729,-0.8090169943749476,Age0_F18_m18f17_P18_Y4_UO1412,RD18_F19_m19f18_P19_Y2_UO756,R17_F17_m17f18_P17_Y2_UO112,MXY,0,0.0,0,0,0.0,0,0,0,0.0,0.3125,1,P16_CV0,1,0,2,1,1
18,0.5877852522924729,-0.8090169943749476,Age0_F18_m18f17_P18_Y4_UO1413,RD18_F19_m19f18_P19_Y2_UO756,R17_F17_m17f18_P17_Y2_UO112,MXY,0,0.0,0,0,0.0,0,0,0,0.0,0.3125,1,P16_CV0,1,1,1,0,2
18,0.5877852522924729,-0.8090169943749476,Age0_F18_m18f17_P18_Y4_UO1415,RD18_F19_m19f18_P19_Y2_UO756,R17_F17_m17f18_P17_Y2_UO112,MXY,0,0.0,0,0,0.0,0,0,0,0.0,0.3125,1,P16_CV0,1,1,1,1,1
18,0.5877852522924729,-0.8090169943749476,R18_F18_m18f17_P18_Y3_UO286,R18_F18_m17f18_P17_Y1_UO837,R17_F17_m16f17_P16_Y1_UO169,FXX,1,0.0,1,1,1.0,0,0,0,-9999.0,0.625,1,P16_CV0,1,1,1,0,2
18,0.5877852522924729,-0.8090169943749476,R18_F18_m18f17_P18_Y3_UO976,R18_F18_m18f17_P18_Y1_UO1142,R17_F17_m17f16_P17_Y1_UO1047,FXX,1,0.0,1,1,1.0,0,0,0,-9999.0,0.75,1,P16_CV0,1,1,1,2,0
18,0.5877852522924729,-0.8090169943749476,R18_F18_m17f16_P17_Y3_UO879,R17_F17_m17f18_P17_Y1_UO1132,R16_F16_m16f17_P16_Y1_UO175,MXY,1,0.0,1,1,0.0,0,0,0,-9999.0,0.5,1,P16_CV0,1,1,1,0,2
18,0.5877852522924729,-0.8090169943749476,Age0_F18_m18f17_P18_Y4_UO67,R18_F18_m18f19_P18_Y2_UO433,RD17_F18_m18f17_P18_Y2_UO1280,FXX,0,0.0,0,0,0.0,0,0,0,0.0,0.4375,1,P17_CV0,1,1,1,1,1
18,0.5877852522924729,-0.8090169943749476,Age0_F18_m18f17_P18_Y4_UO70,R18_F18_m18f19_P18_Y2_UO433,RD17_F18_m18f17_P18_Y2_UO1280,MXY,0,0.0,0,0,0.0,0,0,0,0.0,0.4375,1,P17_CV0,1,0,2,1,1
18,0.5877852522924729,-0.8090169943749476,Age0_F18_m18f19_P18_Y4_UO488,R18_F18_m18f19_P18_Y2_UO439,R19_F19_m19f20_P19_Y2_UO667,MXY,0,0.0,0,0,0.0,0,0,0,0.0,0.5,1,P17_CV0,1,1,1,2,0
18,0.5877852522924729,-0.8090169943749476,Age0_F18_m18f19_P18_Y4_UO490,R18_F18_m18f19_P18_Y2_UO439,R19_F19_m19f20_P19_Y2_UO667,FXX,0,0.0,0,0,0.0,0,0,0,0.0,0.5,1,P17_CV0,1,2,0,1,1
18,0.5877852522924729,-0.8090169943749476,Age0_F18_m18f17_P18_Y4_UO634,R18_F18_m18f19_P18_Y2_UO433,R17_F17_m17f18_P17_Y2_UO110,FXX,0,0.0,0,0,0.0,0,0,0,0.0,0.5,1,P17_CV0,1,0,2,1,1
18,0.5877852522924729,-0.8090169943749476,Age0_F18_m18f17_P18_Y4_UO635,R18_F18_m18f19_P18_Y2_UO433,R17_F17_m17f18_P17_Y2_UO110,FXX,0,0.0,0,0,0.0,0,0,0,0.0,0.5,1,P17_CV0,1,0,2,1,1
18,0.5877852522924729,-0.8090169943749476,Age0_F18_m18f17_P18_Y4_UO636,R18_F18_m18f19_P18_Y2_UO433,R17_F17_m17f18_P17_Y2_UO110,FXX,0,0.0,0,0,0.0,0,0,0,0.0,0.5,1,P17_CV0,1,0,2,1,1
18,0.5877852522924729,-0.8090169943749476,Age0_F18_m18f17_P18_Y4_UO637,R18_F18_m18f19_P18_Y2_UO433,R17_F17_m17f18_P17_Y2_UO110,MXY,0,0.0,0,0,0.0,0,0,0,0.0,0.5,1,P17_CV0,1,0,2,1,1
18,0.5877852522924729,-0.8090169943749476,Age0_F18_m18f19_P18_Y4_UO816,R18_F18_m18f19_P18_Y2_UO433,R19_F19_m20f1_P20_Y2_UO402,FXX,0,0.0,0,0,0.0,0,0,0,0.0,0.4375,1,P17_CV0,1,0,2,0,2
18,0.5877852522924729,-0.8090169943749476,Age0_F18_m18f19_P18_Y4_UO819,R18_F18_m18f19_P18_Y2_UO433,R19_F19_m20f1_P20_Y2_UO402,MXY,0,0.0,0,0,0.0,0,0,0,0.0,0.4375,1,P17_CV0,1,0,2,1,1
18,0.5877852522924729,-0.8090169943749476,Age0_F18_m18f17_P18_Y4_UO1183,R18_F18_m18f19_P18_Y2_UO433,R17_F17_m17f16_P17_Y1_UO853,MXY,0,0.0,0,0,0.0,0,0,0,0.0,0.5,1,P17_CV0,1,1,1,0,2
18,0.5877852522924729,-0.8090169943749476,Age0_F18_m18f17_P18_Y4_UO1185,R18_F18_m18f19_P18_Y2_UO433,R17_F17_m17f16_P17_Y1_UO853,FXX,0,0.0,0,0,0.0,0,0,0,0.0,0.5,1,P17_CV0,1,1,1,1,1
18,0.5877852522924729,-0.8090169943749476,Age0_F18_m18f17_P18_Y4_UO1195,R18_F18_m18f17_P18_Y2_UO1274,R17_F17_m17f16_P17_Y2_UO1408,FXX,0,0.0,0,0,0.0,0,0,0,0.0,0.4375,1,P17_CV0,1,2,0,2,0
18,0.5877852522924729,-0.8090169943749476,Age0_F18_m18f17_P18_Y4_UO1196,R18_F18_m18f17_P18_Y2_UO1274,R17_F17_m17f16_P17_Y2_UO1408,FXX,0,0.0,0,0,0.0,0,0,0,0.0,0.4375,1,P17_CV0,1,2,0,1,1
18,0.5877852522924729,-0.8090169943749476,Age0_F18_m18f19_P18_Y4_UO1330,R18_F18_m18f17_P18_Y2_UO1274,R19_F19_m19f18_P19_Y2_UO562,FXX,0,0.0,0,0,0.0,0,0,0,0.0,0.4375,1,P17_CV0,1,2,0,1,1
18,0.5877852522924729,-0.8090169943749476,Age0_F18_m18f19_P18_Y4_UO1331,R18_F18_m18f17_P18_Y2_UO1274,R19_F19_m19f18_P19_Y2_UO562,MXY,0,0.0,0,0,0.0,0,0,0,0.0,0.4375,1,P17_CV0,1,1,1,1,1
18,0.5877852522924729,-0.8090169943749476,Age0_F18_m18f19_P18_Y4_UO1332,R18_F18_m18f17_P18_Y2_UO1274,R19_F19_m19f18_P19_Y2_UO562,MXY,0,0.0,0,0,0.0,0,0,0,0.0,0.4375,1,P17_CV0,1,1,1,1,1
18,0.5877852522924729,-0.8090169943749476,Age0_F18_m18f17_P18_Y4_UO1409,RD18_F19_m19f18_P19_Y2_UO756,R17_F17_m17f18_P17_Y2_UO112,MXY,0,0.0,0,0,0.0,0,0,0,0.0,0.3125,1,P17_CV0,1,2,0,1,1
18,0.5877852522924729,-0.8090169943749476,Age0_F18_m18f17_P18_Y4_UO1414,RD18_F19_m19f18_P19_Y2_UO756,R17_F17_m17f18_P17_Y2_UO112,FXX,0,0.0,0,0,0.0,0,0,0,0.0,0.3125,1,P17_CV0,1,1,1,1,1
18,0.5877852522924729,-0.8090169943749476,Age0_F18_m18f19_P18_Y4_UO1471,R18_F18_m18f17_P18_Y2_UO999,R19_F19_m19f18_P19_Y0_UO838,MXY,0,0.0,0,0,0.0,0,0,0,0.0,0.4375,1,P17_CV0,1,0,2,2,0
18,0.5877852522924729,-0.8090169943749476,Age0_F18_m18f19_P18_Y4_UO1472,R18_F18_m18f17_P18_Y2_UO999,R19_F19_m19f18_P19_Y0_UO838,FXX,0,0.0,0,0,0.0,0,0,0,0.0,0.4375,1,P17_CV0,1,1,1,2,0
18,0.5877852522924729,-0.8090169943749476,R18_F18_m18f19_P18_Y3_UO318,R18_F18_m17f18_P17_Y1_UO837,RD19_F18_m19f18_P19_Y1_UO1064,FXX,1,0.0,1,1,1.0,0,0,0,-9999.0,0.5,1,P17_CV0,1,1,1,1,1
18,0.5877852522924729,-0.8090169943749476,R18_F18_m19f18_P19_Y2_UO756,R19_F19_m19f18_P19_Y0_UO1248,R18_F18_m18f19_P18_Y0_UO291,FXX,2,0.0,1,0,1.0,0,0,0,-9999.0,0.125,1,P17_CV0,1,1,1,1,1
18,0.5877852522924729,-0.8090169943749476,R18_F18_m18f19_P18_Y2_UO436,R18_F18_m18f19_P18_Y0_UO296,R19_F19_m19f18_P19_Y0_UO838,FXX,2,0.0,1,0,1.0,0,0,0,-9999.0,0.5,1,P17_CV0,1,2,0,1,1
18,0.5877852522924729,-0.8090169943749476,Age0_F18_m18f17_P18_Y4_UO68,R18_F18_m18f19_P18_Y2_UO433,RD17_F18_m18f17_P18_Y2_UO1280,FXX,0,0.0,0,0,0.0,0,0,0,0.0,0.4375,1,P18_CV0,1,1,1,0,2
18,0.5877852522924729,-0.8090169943749476,Age0_F18_m18f17_P18_Y4_UO69,R18_F18_m18f19_P18_Y2_UO433,RD17_F18_m18f17_P18_Y2_UO1280,MXY,0,0.0,0,0,0.0,0,0,0,0.0,0.4375,1,P18_CV0,1,0,2,1,1
18,0.5877852522924729,-0.8090169943749476,Age0_F18_m18f17_P18_Y4_UO71,R18_F18_m18f19_P18_Y2_UO433,RD17_F18_m18f17_P18_Y2_UO1280,MXY,0,0.0,0,0,0.0,0,0,0,0.0,0.4375,1,P18_CV0,1,0,2,1,1
18,0.5877852522924729,-0.8090169943749476,Age0_F18_m18f19_P18_Y4_UO185,RD18_F19_m20f1_P20_Y2_UO913,R19_F19_m19f20_P19_Y2_UO1075,MXY,0,0.0,0,0,0.0,0,0,0,0.0,0.375,1,P18_CV0,1,0,2,2,0
18,0.5877852522924729,-0.8090169943749476,Age0_F18_m18f19_P18_Y4_UO186,RD18_F19_m20f1_P20_Y2_UO913,R19_F19_m19f20_P19_Y2_UO1075,FXX,0,0.0,0,0,0.0,0,0,0,0.0,0.375,1,P18_CV0,1,1,1,1,1
18,0.5877852522924729,-0.8090169943749476,Age0_F18_m18f19_P18_Y4_UO815,R18_F18_m18f19_P18_Y2_UO433,R19_F19_m20f1_P20_Y2_UO402,MXY,0,0.0,0,0,0.0,0,0,0,0.0,0.4375,1,P18_CV0,1,0,2,0,2
18,0.5877852522924729,-0.8090169943749476,Age0_F18_m18f19_P18_Y4_UO817,R18_F18_m18f19_P18_Y2_UO433,R19_F19_m20f1_P20_Y2_UO402,MXY,0,0.0,0,0,0.0,0,0,0,0.0,0.4375,1,P18_CV0,1,0,2,0,2
18,0.5877852522924729,-0.8090169943749476,Age0_F18_m18f19_P18_Y4_UO818,R18_F18_m18f19_P18_Y2_UO433,R19_F19_m20f1_P20_Y2_UO402,MXY,0,0.0,0,0,0.0,0,0,0,0.0,0.4375,1,P18_CV0,1,0,2,1,1
18,0.5877852522924729,-0.8090169943749476,Age0_F18_m18f19_P18_Y4_UO910,R18_F18_m18f19_P18_Y2_UO834,RD19_F18_m18f17_P18_Y2_UO1270,FXX,0,0.0,0,0,0.0,0,0,0,0.0,0.5625,1,P18_CV0,1,1,1,0,2
18,0.5877852522924729,-0.8090169943749476,Age0_F18_m18f19_P18_Y4_UO911,R18_F18_m18f19_P18_Y2_UO834,RD19_F18_m18f17_P18_Y2_UO1270,MXY,0,0.0,0,0,0.0,0,0,0,0.0,0.5625,1,P18_CV0,1,1,1,0,2
18,0.5877852522924729,-0.8090169943749476,Age0_F18_m18f19_P18_Y4_UO912,R18_F18_m18f19_P18_Y2_UO834,RD19_F18_m18f17_P18_Y2_UO1270,MXY,0,0.0,0,0,0.0,0,0,0,0.0,0.5625,1,P18_CV0,1,1,1,1,1
18,0.5877852522924729,-0.8090169943749476,Age0_F18_m18f19_P18_Y4_UO913,R18_F18_m18f19_P18_Y2_UO834,RD19_F18_m18f17_P18_Y2_UO1270,MXY,0,0.0,0,0,0.0,0,0,0,0.0,0.5625,1,P18_CV0,1,1,1,1,1
18,0.5877852522924729,-0.8090169943749476,R18_F18_m18f17_P18_Y3_UO437,R18_F18_m18f17_P18_Y1_UO1094,R17_F17_m18f19_P18_Y1_UO68,MXY,1,0.0,1,1,0.0,0,0,0,-9999.0,0.5,1,P18_CV0,1,1,1,1,1
18,0.5877852522924729,-0.8090169943749476,R18_F18_m19f18_P19_Y3_UO1037,R19_F19_m19f18_P19_Y1_UO1068,R18_F18_m18f19_P18_Y1_UO224,FXX,1,0.0,1,1,1.0,0,0,0,-9999.0,0.5,1,P18_CV0,1,1,1,1,1
18,0.5877852522924729,-0.8090169943749476,R18_F18_m18f19_P18_Y3_UO115,R18_F18_m18f17_P18_Y1_UO1094,R19_F19_m18f19_P18_Y1_UO957,MXY,1,0.0,1,1,0.0,0,0,0,-9999.0,0.625,1,P18_CV0,1,1,1,2,0
18,0.5877852522924729,-0.8090169943749476,R18_F18_m18f19_P18_Y3_UO168,R18_F18_m18f19_P18_Y1_UO223,R19_F19_m19f18_P19_Y1_UO911,MXY,1,0.0,1,1,0.0,0,0,0,-9999.0,1.0,1,P18_CV0,1,2,0,2,0
18,0.5877852522924729,-0.8090169943749476,R18_F18_m18f19_P18_Y3_UO841,R18_F18_m18f17_P18_Y1_UO1094,R19_F19_m19f20_P19_Y1_UO873,FXX,1,0.0,1,1,1.0,0,0,0,-9999.0,0.375,1,P18_CV0,1,1,1,2,0
18,0.5877852522924729,-0.8090169943749476,R18_F18_m18f19_P18_Y3_UO116,R18_F18_m18f17_P18_Y1_UO1094,R19_F19_m18f19_P18_Y1_UO957,FXX,1,0.0,1,1,1.0,0,0,0,-9999.0,0.625,1,P18_CV0,1,2,0,2,0
18,0.5877852522924729,-0.8090169943749476,R18_F18_m18f19_P18_Y3_UO838,R18_F18_m18f17_P18_Y1_UO1094,R19_F19_m19f20_P19_Y1_UO873,FXX,1,0.0,1,1,1.0,0,0,0,-9999.0,0.375,1,P18_CV0,1,1,1,2,0
18,0.5877852522924729,-0.8090169943749476,R18_F18_m18f19_P18_Y3_UO113,R18_F18_m18f17_P18_Y1_UO1094,R19_F19_m18f19_P18_Y1_UO957,FXX,1,0.0,1,1,1.0,0,0,0,-9999.0,0.625,1,P18_CV0,1,1,1,2,0
18,0.5877852522924729,-0.8090169943749476,R18_F18_m18f19_P18_Y3_UO170,R18_F18_m18f19_P18_Y1_UO223,R19_F19_m19f18_P19_Y1_UO911,MXY,1,0.0,1,1,0.0,0,0,0,-9999.0,1.0,1,P18_CV0,1,2,0,1,1
18,0.5877852522924729,-0.8090169943749476,R18_F18_m18f19_P18_Y3_UO167,R18_F18_m18f19_P18_Y1_UO223,R19_F19_m19f18_P19_Y1_UO911,FXX,1,0.0,1,1,1.0,0,0,0,-9999.0,1.0,1,P18_CV0,1,2,0,1,1
18,0.5877852522924729,-0.8090169943749476,R18_F18_m18f17_P18_Y3_UO432,R18_F18_m18f17_P18_Y1_UO1094,R17_F17_m18f19_P18_Y1_UO68,MXY,1,0.0,1,1,0.0,0,0,0,-9999.0,0.5,1,P18_CV0,1,1,1,2,0
18,0.5877852522924729,-0.8090169943749476,R18_F18_m18f19_P18_Y3_UO165,R18_F18_m18f19_P18_Y1_UO223,R19_F19_m19f18_P19_Y1_UO911,FXX,1,0.0,1,1,1.0,0,0,0,-9999.0,1.0,1,P18_CV0,1,2,0,1,1
18,0.5877852522924729,-0.8090169943749476,R18_F18_m18f19_P18_Y3_UO653,R18_F18_m18f17_P18_Y1_UO1092,R19_F19_m19f20_P19_Y1_UO327,FXX,1,0.0,1,1,1.0,0,0,0,-9999.0,0.75,1,P18_CV0,1,2,0,0,2
18,0.5877852522924729,-0.8090169943749476,R18_F18_m18f19_P18_Y2_UO834,R18_F18_m18f19_P18_Y0_UO296,R19_F19_m-1f-1_P19_Y-1_U22,FXX,2,0.0,1,0,1.0,0,0,0,-9999.0,0.75,1,P18_CV0,1,2,0,1,1
18,0.5877852522924729,-0.8090169943749476,R18_F18_m18f19_P18_Y2_UO827,R18_F18_m18f19_P18_Y0_UO296,R19_F19_m-1f-1_P19_Y-1_U22,MXY,2,0.0,1,0,0.0,0,0,0,-9999.0,0.75,1,P18_CV0,1,1,1,2,0
18,0.5877852522924729,-0.8090169943749476,R18_F18_m18f19_P18_Y2_UO828,R18_F18_m18f19_P18_Y0_UO296,R19_F19_m-1f-1_P19_Y-1_U22,MXY,2,0.0,1,0,0.0,0,0,0,-9999.0,0.75,1,P18_CV0,1,1,1,1,1
18,0.5877852522924729,-0.8090169943749476,R18_F18_m18f19_P18_Y1_UO94,RD18_F19_m-1f-1_P19_Y-1_U35,R19_F19_m-1f-1_P19_Y-1_U31,FXX,3,0.0,1,0,1.0,0,0,0,-9999.0,0.75,1,P18_CV0,1,2,0,0,2
18,0.5877852522924729,-0.8090169943749476,Age0_F18_m18f19_P18_Y4_UO470,R18_F18_m18f17_P18_Y2_UO999,R19_F19_m19f20_P19_Y2_UO599,FXX,0,0.0,0,0,0.0,0,0,0,0.0,0.25,1,P19_CV0,1,0,2,2,0
18,0.5877852522924729,-0.8090169943749476,Age0_F18_m18f19_P18_Y4_UO472,R18_F18_m18f17_P18_Y2_UO999,R19_F19_m19f20_P19_Y2_UO599,MXY,0,0.0,0,0,0.0,0,0,0,0.0,0.25,1,P19_CV0,1,0,2,2,0
18,0.5877852522924729,-0.8090169943749476,Age0_F18_m18f19_P18_Y4_UO626,R18_F18_m18f17_P18_Y2_UO1274,R19_F19_m20f19_P20_Y2_UO231,MXY,0,0.0,0,0,0.0,0,0,0,0.0,0.4375,1,P19_CV0,1,1,1,1,1
19,0.8090169943749473,-0.5877852522924734,Age0_F19_m19f18_P19_Y4_UO27,RD19_F20_m20f19_P20_Y2_UO1207,R18_F18_m18f19_P18_Y2_UO828,MXY,0,0.0,0,0,0.0,0,0,0,0.0,0.4375,1,P0_CV0,1,1,1,2,0
19,0.8090169943749473,-0.5877852522924734,Age0_F19_m19f18_P19_Y4_UO73,R19_F19_m19f20_P19_Y2_UO579,R18_F18_m18f19_P18_Y2_UO828,FXX,0,0.0,0,0,0.0,0,0,0,0.0,0.5,1,P0_CV0,1,0,2,0,2
19,0.8090169943749473,-0.5877852522924734,Age0_F19_m19f18_P19_Y4_UO646,R19_F19_m19f20_P19_Y2_UO1074,RD18_F17_m17f18_P17_Y2_UO1193,FXX,0,0.0,0,0,0.0,0,0,0,0.0,0.375,1,P0_CV0,1,0,2,1,1
19,0.8090169943749473,-0.5877852522924734,Age0_F19_m19f18_P19_Y4_UO647,R19_F19_m19f20_P19_Y2_UO1074,RD18_F17_m17f18_P17_Y2_UO1193,FXX,0,0.0,0,0,0.0,0,0,0,0.0,0.375,1,P0_CV0,1,1,1,1,1
19,0.8090169943749473,-0.5877852522924734,Age0_F19_m19f20_P19_Y4_UO880,R19_F19_m19f18_P19_Y2_UO559,R20_F20_m20f1_P20_Y2_UO646,MXY,0,0.0,0,0,0.0,0,0,0,0.0,0.4375,1,P0_CV0,1,0,2,1,1
19,0.8090169943749473,-0.5877852522924734,Age0_F19_m19f20_P19_Y4_UO882,R19_F19_m19f18_P19_Y2_UO559,R20_F20_m20f1_P20_Y2_UO646,MXY,0,0.0,0,0,0.0,0,0,0,0.0,0.4375,1,P0_CV0,1,0,2,1,1
19,0.8090169943749473,-0.5877852522924734,Age0_F19_m19f18_P19_Y4_UO252,R19_F19_m20f1_P20_Y2_UO645,RD18_F17_m17f18_P17_Y2_UO1193,FXX,0,0.0,0,0,0.0,0,0,0,0.0,0.3125,1,P15_CV0,1,1,1,1,1
19,0.8090169943749473,-0.5877852522924734,Age0_F19_m19f18_P19_Y4_UO253,R19_F19_m20f1_P20_Y2_UO645,RD18_F17_m17f18_P17_Y2_UO1193,FXX,0,0.0,0,0,0.0,0,0,0,0.0,0.3125,1,P15_CV0,1,2,0,2,0
19,0.8090169943749473,-0.5877852522924734,Age0_F19_m19f18_P19_Y4_UO254,R19_F19_m20f1_P20_Y2_UO645,RD18_F17_m17f18_P17_Y2_UO1193,FXX,0,0.0,0,0,0.0,0,0,0,0.0,0.3125,1,P15_CV0,1,2,0,0,2
19,0.8090169943749473,-0.5877852522924734,Age0_F19_m19f18_P19_Y4_UO569,R19_F19_m19f20_P19_Y2_UO600,RD18_F17_m17f18_P17_Y2_UO1193,FXX,0,0.0,0,0,0.0,0,0,0,0.0,0.1875,1,P15_CV0,1,1,1,1,1
19,0.8090169943749473,-0.5877852522924734,Age0_F19_m19f18_P19_Y4_UO570,R19_F19_m19f20_P19_Y2_UO600,RD18_F17_m17f18_P17_Y2_UO1193,MXY,0,0.0,0,0,0.0,0,0,0,0.0,0.1875,1,P15_CV0,1,1,1,0,2
19,0.8090169943749473,-0.5877852522924734,Age0_F19_m19f18_P19_Y4_UO571,R19_F19_m19f20_P19_Y2_UO600,RD18_F17_m17f18_P17_Y2_UO1193,MXY,0,0.0,0,0,0.0,0,0,0,0.0,0.1875,1,P15_CV0,1,1,1,1,1
19,0.8090169943749473,-0.5877852522924734,Age0_F19_m19f18_P19_Y4_UO648,R19_F19_m19f20_P19_Y2_UO1074,RD18_F17_m17f18_P17_Y2_UO1193,MXY,0,0.0,0,0,0.0,0,0,0,0.0,0.375,1,P15_CV0,1,1,1,0,2
19,0.8090169943749473,-0.5877852522924734,Age0_F19_m19f20_P19_Y4_UO450,R19_F19_m19f18_P19_Y2_UO757,R20_F20_m20f19_P20_Y2_UO1197,MXY,0,0.0,0,0,0.0,0,0,0,0.0,0.3125,1,P17_CV0,1,2,0,1,1
19,0.8090169943749473,-0.5877852522924734,Age0_F19_m19f18_P19_Y4_UO598,R19_F19_m19f18_P19_Y2_UO907,R18_F18_m18f19_P18_Y2_UO837,MXY,0,0.0,0,0,0.0,0,0,0,0.0,0.625,1,P17_CV0,1,1,1,1,1
19,0.8090169943749473,-0.5877852522924734,Age0_F19_m19f18_P19_Y4_UO600,R19_F19_m19f18_P19_Y2_UO907,R18_F18_m18f19_P18_Y2_UO837,FXX,0,0.0,0,0,0.0,0,0,0,0.0,0.625,1,P17_CV0,1,1,1,0,2
19,0.8090169943749473,-0.5877852522924734,Age0_F19_m19f20_P19_Y4_UO782,R19_F19_m19f18_P19_Y2_UO757,R20_F20_m20f19_P20_Y2_UO38,FXX,0,0.0,0,0,0.0,0,0,0,0.0,0.375,1,P17_CV0,1,1,1,1,1
19,0.8090169943749473,-0.5877852522924734,Age0_F19_m19f20_P19_Y4_UO783,R19_F19_m19f18_P19_Y2_UO757,R20_F20_m20f19_P20_Y2_UO38,MXY,0,0.0,0,0,0.0,0,0,0,0.0,0.375,1,P17_CV0,1,2,0,1,1
19,0.8090169943749473,-0.5877852522924734,Age0_F19_m19f20_P19_Y4_UO784,R19_F19_m19f18_P19_Y2_UO757,R20_F20_m20f19_P20_Y2_UO38,FXX,0,0.0,0,0,0.0,0,0,0,0.0,0.375,1,P17_CV0,1,2,0,0,2
19,0.8090169943749473,-0.5877852522924734,Age0_F19_m19f20_P19_Y4_UO785,R19_F19_m19f18_P19_Y2_UO757,R20_F20_m20f19_P20_Y2_UO38,MXY,0,0.0,0,0,0.0,0,0,0,0.0,0.375,1,P17_CV0,1,1,1,2,0
19,0.8090169943749473,-0.5877852522924734,Age0_F19_m19f20_P19_Y4_UO847,R19_F19_m19f18_P19_Y2_UO757,R20_F20_m20f19_P20_Y2_UO1197,FXX,0,0.0,0,0,0.0,0,0,0,0.0,0.3125,1,P17_CV0,1,1,1,2,0
19,0.8090169943749473,-0.5877852522924734,Age0_F19_m19f20_P19_Y4_UO849,R19_F19_m19f18_P19_Y2_UO757,R20_F20_m20f19_P20_Y2_UO1197,MXY,0,0.0,0,0,0.0,0,0,0,0.0,0.3125,1,P17_CV0,1,1,1,2,0
19,0.8090169943749473,-0.5877852522924734,Age0_F19_m19f20_P19_Y4_UO850,R19_F19_m19f18_P19_Y2_UO757,R20_F20_m20f19_P20_Y2_UO1197,FXX,0,0.0,0,0,0.0,0,0,0,0.0,0.3125,1,P17_CV0,1,1,1,0,2
19,0.8090169943749473,-0.5877852522924734,Age0_F19_m19f20_P19_Y4_UO1298,R19_F19_m19f18_P19_Y2_UO875,R20_F20_m20f19_P20_Y2_UO235,MXY,0,0.0,0,0,0.0,0,0,0,0.0,0.5625,1,P17_CV0,1,0,2,1,1
19,0.8090169943749473,-0.5877852522924734,Age0_F19_m19f20_P19_Y4_UO1299,R19_F19_m19f18_P19_Y2_UO875,R20_F20_m20f19_P20_Y2_UO235,MXY,0,0.0,0,0,0.0,0,0,0,0.0,0.5625,1,P17_CV0,1,1,1,1,1
19,0.8090169943749473,-0.5877852522924734,Age0_F19_m19f20_P19_Y4_UO1300,R19_F19_m19f18_P19_Y2_UO875,R20_F20_m20f19_P20_Y2_UO235,FXX,0,0.0,0,0,0.0,0,0,0,0.0,0.5625,1,P17_CV0,1,1,1,1,1
19,0.8090169943749473,-0.5877852522924734,R19_F19_m19f18_P19_Y3_UO246,R19_F19_m19f18_P19_Y1_UO1068,R18_F18_m18f19_P18_Y1_UO66,FXX,1,0.0,1,1,1.0,0,0,0,-9999.0,0.125,1,P17_CV0,1,0,2,1,1
19,0.8090169943749473,-0.5877852522924734,R19_F19_m18f19_P18_Y3_UO716,R18_F18_m17f18_P17_Y1_UO837,RD19_F18_m18f19_P18_Y1_UO491,FXX,1,0.0,1,1,1.0,0,0,0,-9999.0,0.875,1,P17_CV0,1,2,0,0,2
19,0.8090169943749473,-0.5877852522924734,R19_F19_m19f18_P19_Y2_UO965,R19_F19_m19f18_P19_Y0_UO1306,R18_F18_m18f19_P18_Y0_UO291,FXX,2,0.0,1,0,1.0,0,0,0,-9999.0,0.375,1,P17_CV0,1,1,1,1,1
19,0.8090169943749473,-0.5877852522924734,Age0_F19_m19f18_P19_Y4_UO28,RD19_F20_m20f19_P20_Y2_UO1207,R18_F18_m18f19_P18_Y2_UO828,MXY,0,0.0,0,0,0.0,0,0,0,0.0,0.4375,1,P18_CV0,1,1,1,0,2
19,0.8090169943749473,-0.5877852522924734,Age0_F19_m19f18_P19_Y4_UO72,R19_F19_m19f20_P19_Y2_UO579,R18_F18_m18f19_P18_Y2_UO828,FXX,0,0.0,0,0,0.0,0,0,0,0.0,0.5,1,P18_CV0,1,1,1,2,0
19,0.8090169943749473,-0.5877852522924734,Age0_F19_m19f18_P19_Y4_UO74,R19_F19_m19f20_P19_Y2_UO579,R18_F18_m18f19_P18_Y2_UO828,MXY,0,0.0,0,0,0.0,0,0,0,0.0,0.5,1,P18_CV0,1,1,1,1,1
19,0.8090169943749473,-0.5877852522924734,Age0_F19_m19f18_P19_Y4_UO275,R19_F19_m19f20_P19_Y2_UO122,R18_F18_m18f19_P18_Y2_UO828,MXY,0,0.0,0,0,0.0,0,0,0,0.0,0.375,1,P18_CV0,1,1,1,1,1
19,0.8090169943749473,-0.5877852522924734,Age0_F19_m19f18_P19_Y4_UO276,R19_F19_m19f20_P19_Y2_UO122,R18_F18_m18f19_P18_Y2_UO828,FXX,0,0.0,0,0,0.0,0,0,0,0.0,0.375,1,P18_CV0,1,1,1,0,2
19,0.8090169943749473,-0.5877852522924734,Age0_F19_m19f20_P19_Y4_UO338,R19_F19_m19f18_P19_Y2_UO963,R20_F20_m20f19_P20_Y2_UO1197,FXX,0,0.0,0,0,0.0,0,0,0,0.0,0.4375,1,P18_CV0,1,0,2,0,2
19,0.8090169943749473,-0.5877852522924734,Age0_F19_m19f20_P19_Y4_UO339,R19_F19_m19f18_P19_Y2_UO963,R20_F20_m20f19_P20_Y2_UO1197,MXY,0,0.0,0,0,0.0,0,0,0,0.0,0.4375,1,P18_CV0,1,0,2,2,0
19,0.8090169943749473,-0.5877852522924734,Age0_F19_m19f20_P19_Y4_UO340,R19_F19_m19f18_P19_Y2_UO963,R20_F20_m20f19_P20_Y2_UO1197,FXX,0,0.0,0,0,0.0,0,0,0,0.0,0.4375,1,P18_CV0,1,1,1,2,0
19,0.8090169943749473,-0.5877852522924734,Age0_F19_m19f20_P19_Y4_UO370,R19_F19_m19f18_P19_Y2_UO963,R20_F20_m20f19_P20_Y2_UO326,FXX,0,0.0,0,0,0.0,0,0,0,0.0,0.5,1,P18_CV0,1,1,1,2,0
19,0.8090169943749473,-0.5877852522924734,Age0_F19_m19f20_P19_Y4_UO371,R19_F19_m19f18_P19_Y2_UO963,R20_F20_m20f19_P20_Y2_UO326,FXX,0,0.0,0,0,0.0,0,0,0,0.0,0.5,1,P18_CV0,1,1,1,0,2
19,0.8090169943749473,-0.5877852522924734,Age0_F19_m19f20_P19_Y4_UO372,R19_F19_m19f18_P19_Y2_UO963,R20_F20_m20f19_P20_Y2_UO326,FXX,0,0.0,0,0,0.0,0,0,0,0.0,0.5,1,P18_CV0,1,0,2,0,2
19,0.8090169943749473,-0.5877852522924734,Age0_F19_m19f18_P19_Y4_UO428,R19_F19_m19f18_P19_Y2_UO560,R18_F18_m18f19_P18_Y2_UO827,MXY,0,0.0,0,0,0.0,0,0,0,0.0,0.625,1,P18_CV0,1,0,2,1,1
19,0.8090169943749473,-0.5877852522924734,Age0_F19_m19f20_P19_Y4_UO451,R19_F19_m19f18_P19_Y2_UO757,R20_F20_m20f19_P20_Y2_UO1197,FXX,0,0.0,0,0,0.0,0,0,0,0.0,0.3125,1,P18_CV0,1,1,1,2,0
19,0.8090169943749473,-0.5877852522924734,Age0_F19_m19f20_P19_Y4_UO452,R19_F19_m19f18_P19_Y2_UO757,R20_F20_m20f19_P20_Y2_UO1197,FXX,0,0.0,0,0,0.0,0,0,0,0.0,0.3125,1,P18_CV0,1,1,1,1,1
19,0.8090169943749473,-0.5877852522924734,Age0_F19_m19f20_P19_Y4_UO453,R19_F19_m19f18_P19_Y2_UO757,R20_F20_m20f19_P20_Y2_UO1197,MXY,0,0.0,0,0,0.0,0,0,0,0.0,0.3125,1,P18_CV0,1,1,1,2,0
19,0.8090169943749473,-0.5877852522924734,Age0_F19_m19f20_P19_Y4_UO454,R19_F19_m19f18_P19_Y2_UO757,R20_F20_m20f19_P20_Y2_UO1197,FXX,0,0.0,0,0,0.0,0,0,0,0.0,0.3125,1,P18_CV0,1,0,2,0,2
19,0.8090169943749473,-0.5877852522924734,Age0_F19_m19f18_P19_Y4_UO560,R19_F19_m19f20_P19_Y2_UO122,R18_F18_m18f17_P18_Y2_UO1047,MXY,0,0.0,0,0,0.0,0,0,0,0.0,0.25,1,P18_CV0,1,1,1,0,2
19,0.8090169943749473,-0.5877852522924734,Age0_F19_m19f18_P19_Y4_UO599,R19_F19_m19f18_P19_Y2_UO907,R18_F18_m18f19_P18_Y2_UO837,MXY,0,0.0,0,0,0.0,0,0,0,0.0,0.625,1,P18_CV0,1,1,1,2,0
19,0.8090169943749473,-0.5877852522924734,Age0_F19_m19f18_P19_Y4_UO678,R19_F19_m19f20_P19_Y2_UO119,R18_F18_m18f19_P18_Y2_UO437,FXX,0,0.0,0,0,0.0,0,0,0,0.0,0.25,1,P18_CV0,1,1,1,0,2
19,0.8090169943749473,-0.5877852522924734,Age0_F19_m19f18_P19_Y4_UO679,R19_F19_m19f20_P19_Y2_UO119,R18_F18_m18f19_P18_Y2_UO437,MXY,0,0.0,0,0,0.0,0,0,0,0.0,0.25,1,P18_CV0,1,1,1,1,1
19,0.8090169943749473,-0.5877852522924734,Age0_F19_m19f20_P19_Y4_UO781,R19_F19_m19f18_P19_Y2_UO757,R20_F20_m20f19_P20_Y2_UO38,FXX,0,0.0,0,0,0.0,0,0,0,0.0,0.375,1,P18_CV0,1,2,0,2,0
19,0.8090169943749473,-0.5877852522924734,Age0_F19_m19f18_P19_Y4_UO812,R19_F19_m19f20_P19_Y2_UO597,R18_F18_m18f19_P18_Y2_UO828,FXX,0,0.0,0,0,0.0,0,0,0,0.0,0.4375,1,P18_CV0,1,1,1,2,0
19,0.8090169943749473,-0.5877852522924734,Age0_F19_m19f18_P19_Y4_UO813,R19_F19_m19f20_P19_Y2_UO597,R18_F18_m18f19_P18_Y2_UO828,MXY,0,0.0,0,0,0.0,0,0,0,0.0,0.4375,1,P18_CV0,1,1,1,1,1
19,0.8090169943749473,-0.5877852522924734,Age0_F19_m19f18_P19_Y4_UO814,R19_F19_m19f20_P19_Y2_UO597,R18_F18_m18f19_P18_Y2_UO828,FXX,0,0.0,0,0,0.0,0,0,0,0.0,0.4375,1,P18_CV0,1,2,0,1,1
19,0.8090169943749473,-0.5877852522924734,Age0_F19_m19f18_P19_Y4_UO837,R19_F19_m19f18_P19_Y2_UO1208,R18_F18_m18f17_P18_Y2_UO1047,FXX,0,0.0,0,0,0.0,0,0,0,0.0,0.375,1,P18_CV0,1,2,0,0,2
19,0.8090169943749473,-0.5877852522924734,Age0_F19_m19f18_P19_Y4_UO838,R19_F19_m19f18_P19_Y2_UO1208,R18_F18_m18f17_P18_Y2_UO1047,MXY,0,0.0,0,0,0.0,0,0,0,0.0,0.375,1,P18_CV0,1,2,0,0,2
19,0.8090169943749473,-0.5877852522924734,Age0_F19_m19f18_P19_Y4_UO839,R19_F19_m19f18_P19_Y2_UO1208,R18_F18_m18f17_P18_Y2_UO1047,FXX,0,0.0,0,0,0.0,0,0,0,0.0,0.375,1,P18_CV0,1,2,0,0,2
19,0.8090169943749473,-0.5877852522924734,Age0_F19_m19f18_P19_Y4_UO840,R19_F19_m19f18_P19_Y2_UO1208,R18_F18_m18f17_P18_Y2_UO1047,MXY,0,0.0,0,0,0.0,0,0,0,0.0,0.375,1,P18_CV0,1,2,0,0,2
19,0.8090169943749473,-0.5877852522924734,Age0_F19_m19f20_P19_Y4_UO848,R19_F19_m19f18_P19_Y2_UO757,R20_F20_m20f19_P20_Y2_UO1197,FXX,0,0.0,0,0,0.0,0,0,0,0.0,0.3125,1,P18_CV0,1,0,2,2,0
19,0.8090169943749473,-0.5877852522924734,Age0_F19_m19f20_P19_Y4_UO851,R19_F19_m19f18_P19_Y2_UO757,R20_F20_m20f19_P20_Y2_UO1197,FXX,0,0.0,0,0,0.0,0,0,0,0.0,0.3125,1,P18_CV0,1,0,2,1,1
19,0.8090169943749473,-0.5877852522924734,Age0_F19_m19f18_P19_Y4_UO888,R19_F19_m20f1_P20_Y2_UO645,R18_F18_m18f19_P18_Y2_UO837,FXX,0,0.0,0,0,0.0,0,0,0,0.0,0.5625,1,P18_CV0,1,2,0,1,1
19,0.8090169943749473,-0.5877852522924734,Age0_F19_m19f18_P19_Y4_UO889,R19_F19_m20f1_P20_Y2_UO645,R18_F18_m18f19_P18_Y2_UO837,MXY,0,0.0,0,0,0.0,0,0,0,0.0,0.5625,1,P18_CV0,1,2,0,0,2
19,0.8090169943749473,-0.5877852522924734,Age0_F19_m19f18_P19_Y4_UO979,R19_F19_m19f18_P19_Y2_UO559,R18_F18_m18f17_P18_Y2_UO1047,MXY,0,0.0,0,0,0.0,0,0,0,0.0,0.5,1,P18_CV0,1,1,1,0,2
19,0.8090169943749473,-0.5877852522924734,Age0_F19_m19f20_P19_Y4_UO1040,R19_F19_m19f18_P19_Y2_UO907,R20_F20_m20f19_P20_Y2_UO1199,MXY,0,0.0,0,0,0.0,0,0,0,0.0,0.5,1,P18_CV0,1,1,1,0,2
19,0.8090169943749473,-0.5877852522924734,Age0_F19_m19f20_P19_Y4_UO1041,R19_F19_m19f18_P19_Y2_UO907,R20_F20_m20f19_P20_Y2_UO1199,FXX,0,0.0,0,0,0.0,0,0,0,0.0,0.5,1,P18_CV0,1,1,1,2,0
19,0.8090169943749473,-0.5877852522924734,Age0_F19_m19f20_P19_Y4_UO1042,R19_F19_m19f18_P19_Y2_UO907,R20_F20_m20f19_P20_Y2_UO1199,FXX,0,0.0,0,0,0.0,0,0,0,0.0,0.5,1,P18_CV0,1,1,1,1,1
19,0.8090169943749473,-0.5877852522924734,R19_F19_m19f18_P19_Y3_UO1034,R19_F19_m19f18_P19_Y1_UO1068,R18_F18_m18f19_P18_Y1_UO224,FXX,1,0.0,1,1,1.0,0,0,0,-9999.0,0.5,1,P18_CV0,1,1,1,1,1
19,0.8090169943749473,-0.5877852522924734,R19_F19_m19f18_P19_Y3_UO1039,R19_F19_m19f18_P19_Y1_UO1068,R18_F18_m18f19_P18_Y1_UO224,MXY,1,0.0,1,1,0.0,0,0,0,-9999.0,0.5,1,P18_CV0,1,1,1,1,1
19,0.8090169943749473,-0.5877852522924734,R19_F19_m19f18_P19_Y3_UO247,R19_F19_m19f18_P19_Y1_UO1068,R18_F18_m18f19_P18_Y1_UO66,FXX,1,0.0,1,1,1.0,0,0,0,-9999.0,0.125,1,P18_CV0,1,0,2,0,2
19,0.8090169943749473,-0.5877852522924734,R19_F19_m19f18_P19_Y3_UO224,R19_F19_m19f18_P19_Y1_UO1068,R18_F18_m18f19_P18_Y1_UO224,MXY,1,0.0,1,1,0.0,0,0,0,-9999.0,0.5,1,P18_CV0,1,1,1,1,1
19,0.8090169943749473,-0.5877852522924734,R19_F19_m19f18_P19_Y3_UO1042,R19_F19_m19f18_P19_Y1_UO1068,R18_F18_m18f19_P18_Y1_UO224,MXY,1,0.0,1,1,0.0,0,0,0,-9999.0,0.5,1,P18_CV0,1,1,1,1,1
19,0.8090169943749473,-0.5877852522924734,R19_F19_m19f18_P19_Y3_UO221,R19_F19_m19f18_P19_Y1_UO1068,R18_F18_m18f19_P18_Y1_UO224,FXX,1,0.0,1,1,1.0,0,0,0,-9999.0,0.5,1,P18_CV0,1,1,1,1,1
19,0.8090169943749473,-0.5877852522924734,R19_F19_m19f18_P19_Y3_UO1033,R19_F19_m19f18_P19_Y1_UO1068,R18_F18_m18f19_P18_Y1_UO224,FXX,1,0.0,1,1,1.0,0,0,0,-9999.0,0.5,1,P18_CV0,1,1,1,1,1
19,0.8090169943749473,-0.5877852522924734,R19_F19_m20f19_P20_Y2_UO1304,R20_F20_m20f19_P20_Y0_UO799,R19_F19_m19f18_P19_Y0_UO335,MXY,2,0.0,1,0,0.0,0,0,0,-9999.0,0.25,1,P18_CV0,1,0,2,2,0
19,0.8090169943749473,-0.5877852522924734,R19_F19_m19f20_P19_Y2_UO1075,R19_F19_m19f20_P19_Y0_UO748,R20_F20_m20f1_P20_Y0_UO175,MXY,2,0.0,1,0,0.0,0,0,0,-9999.0,0.5,1,P18_CV0,1,1,1,1,1
19,0.8090169943749473,-0.5877852522924734,Age0_F19_m19f20_P19_Y4_UO96,R19_F19_m19f18_P19_Y2_UO559,R20_F20_m20f19_P20_Y2_UO191,MXY,0,0.0,0,0,0.0,0,0,0,0.0,0.25,1,P19_CV0,1,0,2,0,2
19,0.8090169943749473,-0.5877852522924734,Age0_F19_m19f20_P19_Y4_UO97,R19_F19_m19f18_P19_Y2_UO559,R20_F20_m20f19_P20_Y2_UO191,MXY,0,0.0,0,0,0.0,0,0,0,0.0,0.25,1,P19_CV0,1,0,2,0,2
19,0.8090169943749473,-0.5877852522924734,Age0_F19_m19f20_P19_Y4_UO98,R19_F19_m19f18_P19_Y2_UO559,R20_F20_m20f19_P20_Y2_UO191,FXX,0,0.0,0,0,0.0,0,0,0,0.0,0.25,1,P19_CV0,1,0,2,0,2
19,0.8090169943749473,-0.5877852522924734,Age0_F19_m19f18_P19_Y4_UO426,R19_F19_m19f18_P19_Y2_UO560,R18_F18_m18f19_P18_Y2_UO827,MXY,0,0.0,0,0,0.0,0,0,0,0.0,0.625,1,P19_CV0,1,1,1,2,0
19,0.8090169943749473,-0.5877852522924734,Age0_F19_m19f18_P19_Y4_UO427,R19_F19_m19f18_P19_Y2_UO560,R18_F18_m18f19_P18_Y2_UO827,FXX,0,0.0,0,0,0.0,0,0,0,0.0,0.625,1,P19_CV0,1,1,1,1,1
19,0.8090169943749473,-0.5877852522924734,Age0_F19_m19f18_P19_Y4_UO561,R19_F19_m19f20_P19_Y2_UO122,R18_F18_m18f17_P18_Y2_UO1047,FXX,0,0.0,0,0,0.0,0,0,0,0.0,0.25,1,P19_CV0,1,1,1,0,2
19,0.8090169943749473,-0.5877852522924734,Age0_F19_m19f18_P19_Y4_UO562,R19_F19_m19f20_P19_Y2_UO122,R18_F18_m18f17_P18_Y2_UO1047,FXX,0,0.0,0,0,0.0,0,0,0,0.0,0.25,1,P19_CV0,1,1,1,0,2
19,0.8090169943749473,-0.5877852522924734,Age0_F19_m19f18_P19_Y4_UO677,R19_F19_m19f20_P19_Y2_UO119,R18_F18_m18f19_P18_Y2_UO437,MXY,0,0.0,0,0,0.0,0,0,0,0.0,0.25,1,P19_CV0,1,1,1,0,2
19,0.8090169943749473,-0.5877852522924734,Age0_F19_m19f20_P19_Y4_UO881,R19_F19_m19f18_P19_Y2_UO559,R20_F20_m20f1_P20_Y2_UO646,FXX,0,0.0,0,0,0.0,0,0,0,0.0,0.4375,1,P19_CV0,1,1,1,1,1
19,0.8090169943749473,-0.5877852522924734,Age0_F19_m19f18_P19_Y4_UO980,R19_F19_m19f18_P19_Y2_UO559,R18_F18_m18f17_P18_Y2_UO1047,FXX,0,0.0,0,0,0.0,0,0,0,0.0,0.5,1,P19_CV0,1,1,1,0,2
19,0.8090169943749473,-0.5877852522924734,Age0_F19_m19f20_P19_Y4_UO981,R19_F19_m19f18_P19_Y2_UO963,R20_F20_m20f19_P20_Y2_UO371,FXX,0,0.0,0,0,0.0,0,0,0,0.0,0.5625,1,P19_CV0,1,0,2,2,0
19,0.8090169943749473,-0.5877852522924734,Age0_F19_m19f20_P19_Y4_UO982,R19_F19_m19f18_P19_Y2_UO963,R20_F20_m20f19_P20_Y2_UO371,FXX,0,0.0,0,0,0.0,0,0,0,0.0,0.5625,1,P19_CV0,1,0,2,1,1
19,0.8090169943749473,-0.5877852522924734,Age0_F19_m19f20_P19_Y4_UO983,R19_F19_m19f18_P19_Y2_UO963,R20_F20_m20f19_P20_Y2_UO371,MXY,0,0.0,0,0,0.0,0,0,0,0.0,0.5625,1,P19_CV0,1,0,2,2,0
19,0.8090169943749473,-0.5877852522924734,Age0_F19_m19f20_P19_Y4_UO984,R19_F19_m19f18_P19_Y2_UO963,R20_F20_m20f19_P20_Y2_UO371,MXY,0,0.0,0,0,0.0,0,0,0,0.0,0.5625,1,P19_CV0,1,1,1,1,1
19,0.8090169943749473,-0.5877852522924734,Age0_F19_m19f20_P19_Y4_UO1022,R19_F19_m19f20_P19_Y2_UO119,R20_F20_m20f19_P20_Y2_UO46,MXY,0,0.0,0,0,0.0,0,0,0,0.0,0.1875,1,P19_CV0,1,0,2,1,1
19,0.8090169943749473,-0.5877852522924734,Age0_F19_m19f20_P19_Y4_UO1023,R19_F19_m19f20_P19_Y2_UO119,R20_F20_m20f19_P20_Y2_UO46,FXX,0,0.0,0,0,0.0,0,0,0,0.0,0.1875,1,P19_CV0,1,0,2,1,1
19,0.8090169943749473,-0.5877852522924734,Age0_F19_m19f20_P19_Y4_UO1024,R19_F19_m19f20_P19_Y2_UO119,R20_F20_m20f19_P20_Y2_UO46,MXY,0,0.0,0,0,0.0,0,0,0,0.0,0.1875,1,P19_CV0,1,0,2,1,1
19,0.8090169943749473,-0.5877852522924734,Age0_F19_m19f20_P19_Y4_UO1050,R19_F19_m19f20_P19_Y2_UO597,R20_F20_m20f19_P20_Y2_UO38,FXX,0,0.0,0,0,0.0,0,0,0,0.0,0.375,1,P19_CV0,1,1,1,1,1
19,0.8090169943749473,-0.5877852522924734,Age0_F19_m19f20_P19_Y4_UO1051,R19_F19_m19f20_P19_Y2_UO597,R20_F20_m20f19_P20_Y2_UO38,FXX,0,0.0,0,0,0.0,0,0,0,0.0,0.375,1,P19_CV0,1,2,0,1,1
19,0.8090169943749473,-0.5877852522924734,Age0_F19_m19f20_P19_Y4_UO1052,R19_F19_m19f20_P19_Y2_UO597,R20_F20_m20f19_P20_Y2_UO38,FXX,0,0.0,0,0,0.0,0,0,0,0.0,0.375,1,P19_CV0,1,1,1,1,1
19,0.8090169943749473,-0.5877852522924734,Age0_F19_m19f18_P19_Y4_UO1120,R19_F19_m19f20_P19_Y2_UO119,R18_F18_m18f19_P18_Y2_UO837,FXX,0,0.0,0,0,0.0,0,0,0,0.0,0.375,1,P19_CV0,1,1,1,0,2
19,0.8090169943749473,-0.5877852522924734,Age0_F19_m19f18_P19_Y4_UO1121,R19_F19_m19f20_P19_Y2_UO119,R18_F18_m18f19_P18_Y2_UO837,MXY,0,0.0,0,0,0.0,0,0,0,0.0,0.375,1,P19_CV0,1,1,1,0,2
19,0.8090169943749473,-0.5877852522924734,Age0_F19_m19f18_P19_Y4_UO1122,R19_F19_m19f20_P19_Y2_UO119,R18_F18_m18f19_P18_Y2_UO837,MXY,0,0.0,0,0,0.0,0,0,0,0.0,0.375,1,P19_CV0,1,1,1,0,2
19,0.8090169943749473,-0.5877852522924734,R19_F19_m19f18_P19_Y2_UO563,R19_F19_m19f20_P19_Y0_UO1190,R18_F18_m18f19_P18_Y0_UO291,FXX,2,0.0,1,0,1.0,0,0,0,-9999.0,0.5,1,P19_CV0,1,1,1,0,2
19,0.8090169943749473,-0.5877852522924734,R19_F19_m19f20_P19_Y2_UO596,R19_F19_m19f18_P19_Y0_UO337,R20_F20_m-1f-1_P20_Y-1_U26,MXY,2,0.0,1,0,0.0,0,0,0,-9999.0,0.125,1,P19_CV0,1,1,1,1,1
19,0.8090169943749473,-0.5877852522924734,R19_F19_m19f20_P19_Y2_UO121,R19_F19_m20f19_P20_Y0_UO1342,R20_F20_m20f19_P20_Y0_UO1338,MXY,2,0.0,1,0,0.0,0,0,0,-9999.0,0.0,1,P19_CV0,1,0,2,0,2
20,0.9510565162951535,-0.3090169943749477,Age0_F20_m20f19_P20_Y4_UO50,R20_F20_m20f19_P20_Y2_UO577,R19_F19_m19f18_P19_Y2_UO908,MXY,0,0.0,0,0,0.0,0,0,0,0.0,0.5,1,P0_CV0,1,2,0,2,0
20,0.9510565162951535,-0.3090169943749477,Age0_F20_m20f19_P20_Y4_UO51,R20_F20_m20f19_P20_Y2_UO577,R19_F19_m19f18_P19_Y2_UO908,MXY,0,0.0,0,0,0.0,0,0,0,0.0,0.5,1,P0_CV0,1,2,0,2,0
20,0.9510565162951535,-0.3090169943749477,Age0_F20_m20f19_P20_Y4_UO283,R20_F20_m20f19_P20_Y2_UO576,RD19_F20_m20f19_P20_Y0_UO1348,FXX,0,0.0,0,0,0.0,0,0,0,0.0,0.375,1,P0_CV0,1,0,2,2,0
20,0.9510565162951535,-0.3090169943749477,Age0_F20_m20f19_P20_Y4_UO286,R20_F20_m20f19_P20_Y2_UO576,RD19_F20_m20f19_P20_Y0_UO1348,FXX,0,0.0,0,0,0.0,0,0,0,0.0,0.375,1,P0_CV0,1,1,1,2,0
20,0.9510565162951535,-0.3090169943749477,Age0_F20_m20f1_P20_Y4_UO649,RD20_F19_m19f20_P19_Y2_UO595,R1_F1_m1f20_P1_Y1_UO776,FXX,0,0.0,0,0,0.0,0,0,0,0.0,0.3125,1,P0_CV0,1,1,1,1,1
20,0.9510565162951535,-0.3090169943749477,Age0_F20_m20f1_P20_Y4_UO650,RD20_F19_m19f20_P19_Y2_UO595,R1_F1_m1f20_P1_Y1_UO776,MXY,0,0.0,0,0,0.0,0,0,0,0.0,0.3125,1,P0_CV0,1,1,1,0,2
20,0.9510565162951535,-0.3090169943749477,Age0_F20_m20f1_P20_Y4_UO820,R20_F20_m20f19_P20_Y2_UO576,R1_F1_m1f20_P1_Y2_UO504,FXX,0,0.0,0,0,0.0,0,0,0,0.0,0.5625,1,P0_CV0,1,0,2,2,0
20,0.9510565162951535,-0.3090169943749477,Age0_F20_m20f1_P20_Y4_UO821,R20_F20_m20f19_P20_Y2_UO576,R1_F1_m1f20_P1_Y2_UO504,MXY,0,0.0,0,0,0.0,0,0,0,0.0,0.5625,1,P0_CV0,1,1,1,2,0
20,0.9510565162951535,-0.3090169943749477,Age0_F20_m20f1_P20_Y4_UO822,R20_F20_m20f19_P20_Y2_UO576,R1_F1_m1f20_P1_Y2_UO504,MXY,0,0.0,0,0,0.0,0,0,0,0.0,0.5625,1,P0_CV0,1,2,0,2,0
20,0.9510565162951535,-0.3090169943749477,Age0_F20_m20f1_P20_Y4_UO823,R20_F20_m20f19_P20_Y2_UO576,R1_F1_m1f20_P1_Y2_UO504,MXY,0,0.0,0,0,0.0,0,0,0,0.0,0.5625,1,P0_CV0,1,0,2,2,0
20,0.9510565162951535,-0.3090169943749477,Age0_F20_m20f1_P20_Y4_UO900,R20_F20_m20f1_P20_Y2_UO647,R1_F1_m1f20_P1_Y1_UO199,FXX,0,0.0,0,0,0.0,0,0,0,0.0,0.3125,1,P0_CV0,1,1,1,1,1
20,0.9510565162951535,-0.3090169943749477,Age0_F20_m20f19_P20_Y4_UO1157,R20_F20_m20f19_P20_Y2_UO577,R19_F19_m20f19_P20_Y2_UO231,MXY,0,0.0,0,0,0.0,0,0,0,0.0,0.5,1,P0_CV0,1,0,2,2,0
20,0.9510565162951535,-0.3090169943749477,Age0_F20_m20f19_P20_Y4_UO1158,R20_F20_m20f19_P20_Y2_UO577,R19_F19_m20f19_P20_Y2_UO231,MXY,0,0.0,0,0,0.0,0,0,0,0.0,0.5,1,P0_CV0,1,0,2,2,0
20,0.9510565162951535,-0.3090169943749477,Age0_F20_m20f19_P20_Y4_UO1455,R20_F20_m20f1_P20_Y2_UO609,R19_F19_m20f1_P20_Y2_UO418,FXX,0,0.0,0,0,0.0,0,0,0,0.0,0.25,1,P0_CV0,1,1,1,1,1
20,0.9510565162951535,-0.3090169943749477,Age0_F20_m20f19_P20_Y4_UO1456,R20_F20_m20f1_P20_Y2_UO609,R19_F19_m20f1_P20_Y2_UO418,FXX,0,0.0,0,0,0.0,0,0,0,0.0,0.25,1,P0_CV0,1,0,2,1,1
20,0.9510565162951535,-0.3090169943749477,Age0_F20_m20f19_P20_Y4_UO921,R20_F20_m20f19_P20_Y2_UO192,RD19_F18_m18f17_P18_Y2_UO1039,MXY,0,0.0,0,0,0.0,0,0,0,0.0,0.25,1,P16_CV0,1,0,2,2,0
20,0.9510565162951535,-0.3090169943749477,Age0_F20_m20f19_P20_Y4_UO922,R20_F20_m20f19_P20_Y2_UO192,RD19_F18_m18f17_P18_Y2_UO1039,MXY,0,0.0,0,0,0.0,0,0,0,0.0,0.25,1,P16_CV0,1,0,2,2,0
20,0.9510565162951535,-0.3090169943749477,Age0_F20_m20f19_P20_Y4_UO924,R20_F20_m20f19_P20_Y2_UO192,RD19_F18_m18f17_P18_Y2_UO1039,FXX,0,0.0,0,0,0.0,0,0,0,0.0,0.25,1,P16_CV0,1,0,2,1,1
20,0.9510565162951535,-0.3090169943749477,Age0_F20_m20f19_P20_Y4_UO48,R20_F20_m20f19_P20_Y2_UO577,R19_F19_m19f18_P19_Y2_UO908,FXX,0,0.0,0,0,0.0,0,0,0,0.0,0.5,1,P17_CV0,1,2,0,1,1
20,0.9510565162951535,-0.3090169943749477,Age0_F20_m20f19_P20_Y4_UO49,R20_F20_m20f19_P20_Y2_UO577,R19_F19_m19f18_P19_Y2_UO908,MXY,0,0.0,0,0,0.0,0,0,0,0.0,0.5,1,P17_CV0,1,1,1,1,1
20,0.9510565162951535,-0.3090169943749477,Age0_F20_m20f19_P20_Y4_UO52,R20_F20_m20f19_P20_Y2_UO577,R19_F19_m19f18_P19_Y2_UO908,FXX,0,0.0,0,0,0.0,0,0,0,0.0,0.5,1,P17_CV0,1,1,1,1,1
20,0.9510565162951535,-0.3090169943749477,Age0_F20_m20f19_P20_Y4_UO212,R20_F20_m20f1_P20_Y2_UO717,R19_F19_m19f18_P19_Y2_UO908,MXY,0,0.0,0,0,0.0,0,0,0,0.0,0.375,1,P17_CV0,1,1,1,1,1
20,0.9510565162951535,-0.3090169943749477,Age0_F20_m20f19_P20_Y4_UO857,RD20_F19_m19f20_P19_Y2_UO595,R19_F19_m19f18_P19_Y0_UO838,FXX,0,0.0,0,0,0.0,0,0,0,0.0,0.3125,1,P17_CV0,1,0,2,1,1
20,0.9510565162951535,-0.3090169943749477,R20_F20_m20f19_P20_Y3_UO15,R20_F20_m20f19_P20_Y1_UO666,RD19_F18_m19f18_P19_Y1_UO1064,MXY,1,0.0,1,1,0.0,0,0,0,-9999.0,0.125,1,P17_CV0,1,0,2,1,1
20,0.9510565162951535,-0.3090169943749477,R20_F20_m19f18_P19_Y3_UO242,R19_F19_m19f18_P19_Y1_UO1068,R18_F18_m18f19_P18_Y1_UO66,FXX,1,0.0,1,1,1.0,0,0,0,-9999.0,0.125,1,P17_CV0,1,0,2,1,1
20,0.9510565162951535,-0.3090169943749477,R20_F20_m20f19_P20_Y2_UO46,R20_F20_m20f19_P20_Y0_UO1352,R19_F19_m19f18_P19_Y0_UO838,MXY,2,0.0,1,0,0.0,0,0,0,-9999.0,0.375,1,P17_CV0,1,0,2,2,0
20,0.9510565162951535,-0.3090169943749477,Age0_F20_m20f1_P20_Y4_UO35,R20_F20_m20f1_P20_Y2_UO1323,RD1_F2_m2f3_P2_Y2_UO216,FXX,0,0.0,0,0,0.0,0,0,0,0.0,0.5,1,P18_CV0,1,2,0,1,1
20,0.9510565162951535,-0.3090169943749477,Age0_F20_m20f19_P20_Y4_UO217,R20_F20_m20f19_P20_Y2_UO1305,R19_F19_m19f20_P19_Y1_UO326,MXY,0,0.0,0,0,0.0,0,0,0,0.0,0.5,1,P18_CV0,1,0,2,0,2
20,0.9510565162951535,-0.3090169943749477,Age0_F20_m20f19_P20_Y4_UO284,R20_F20_m20f19_P20_Y2_UO576,RD19_F20_m20f19_P20_Y0_UO1348,FXX,0,0.0,0,0,0.0,0,0,0,0.0,0.375,1,P18_CV0,1,1,1,2,0
20,0.9510565162951535,-0.3090169943749477,Age0_F20_m20f19_P20_Y4_UO285,R20_F20_m20f19_P20_Y2_UO576,RD19_F20_m20f19_P20_Y0_UO1348,FXX,0,0.0,0,0,0.0,0,0,0,0.0,0.375,1,P18_CV0,1,0,2,2,0
20,0.9510565162951535,-0.3090169943749477,Age0_F20_m20f1_P20_Y4_UO431,R20_F20_m20f19_P20_Y2_UO1354,R1_F1_m1f20_P1_Y1_UO199,FXX,0,0.0,0,0,0.0,0,0,0,0.0,0.375,1,P18_CV0,1,0,2,1,1
20,0.9510565162951535,-0.3090169943749477,Age0_F20_m20f1_P20_Y4_UO576,R20_F20_m20f1_P20_Y2_UO1222,R1_F1_m1f20_P1_Y2_UO472,FXX,0,0.0,0,0,0.0,0,0,0,0.0,0.3125,1,P18_CV0,1,1,1,1,1
20,0.9510565162951535,-0.3090169943749477,Age0_F20_m20f1_P20_Y4_UO579,R20_F20_m20f1_P20_Y2_UO1222,R1_F1_m1f20_P1_Y2_UO472,FXX,0,0.0,0,0,0.0,0,0,0,0.0,0.3125,1,P18_CV0,1,1,1,1,1
20,0.9510565162951535,-0.3090169943749477,Age0_F20_m20f1_P20_Y4_UO651,RD20_F19_m19f20_P19_Y2_UO595,R1_F1_m1f20_P1_Y1_UO776,MXY,0,0.0,0,0,0.0,0,0,0,0.0,0.3125,1,P18_CV0,1,0,2,1,1
20,0.9510565162951535,-0.3090169943749477,Age0_F20_m20f19_P20_Y4_UO856,RD20_F19_m19f20_P19_Y2_UO595,R19_F19_m19f18_P19_Y0_UO838,FXX,0,0.0,0,0,0.0,0,0,0,0.0,0.3125,1,P18_CV0,1,1,1,1,1
20,0.9510565162951535,-0.3090169943749477,Age0_F20_m20f19_P20_Y4_UO858,RD20_F19_m19f20_P19_Y2_UO595,R19_F19_m19f18_P19_Y0_UO838,FXX,0,0.0,0,0,0.0,0,0,0,0.0,0.3125,1,P18_CV0,1,1,1,2,0
20,0.9510565162951535,-0.3090169943749477,Age0_F20_m20f1_P20_Y4_UO954,R20_F20_m20f19_P20_Y2_UO232,R1_F1_m1f2_P1_Y2_UO753,FXX,0,0.0,0,0,0.0,0,0,0,0.0,0.6875,1,P18_CV0,1,1,1,1,1
20,0.9510565162951535,-0.3090169943749477,Age0_F20_m20f1_P20_Y4_UO955,R20_F20_m20f19_P20_Y2_UO232,R1_F1_m1f2_P1_Y2_UO753,MXY,0,0.0,0,0,0.0,0,0,0,0.0,0.6875,1,P18_CV0,1,2,0,1,1
20,0.9510565162951535,-0.3090169943749477,Age0_F20_m20f19_P20_Y4_UO1013,R20_F20_m20f19_P20_Y2_UO503,R19_F19_m19f18_P19_Y2_UO962,FXX,0,0.0,0,0,0.0,0,0,0,0.0,0.25,1,P18_CV0,1,0,2,1,1
20,0.9510565162951535,-0.3090169943749477,Age0_F20_m20f19_P20_Y4_UO1014,R20_F20_m20f19_P20_Y2_UO503,R19_F19_m19f18_P19_Y2_UO962,MXY,0,0.0,0,0,0.0,0,0,0,0.0,0.25,1,P18_CV0,1,0,2,2,0
20,0.9510565162951535,-0.3090169943749477,Age0_F20_m20f19_P20_Y4_UO1070,R20_F20_m20f1_P20_Y2_UO1323,R19_F19_m19f20_P19_Y2_UO599,FXX,0,0.0,0,0,0.0,0,0,0,0.0,0.3125,1,P18_CV0,1,1,1,1,1
20,0.9510565162951535,-0.3090169943749477,Age0_F20_m20f19_P20_Y4_UO1071,R20_F20_m20f1_P20_Y2_UO1323,R19_F19_m19f20_P19_Y2_UO599,FXX,0,0.0,0,0,0.0,0,0,0,0.0,0.3125,1,P18_CV0,1,1,1,2,0
20,0.9510565162951535,-0.3090169943749477,Age0_F20_m20f19_P20_Y4_UO1072,R20_F20_m20f1_P20_Y2_UO1323,R19_F19_m19f20_P19_Y2_UO599,FXX,0,0.0,0,0,0.0,0,0,0,0.0,0.3125,1,P18_CV0,1,0,2,1,1
20,0.9510565162951535,-0.3090169943749477,Age0_F20_m20f19_P20_Y4_UO1074,R20_F20_m20f1_P20_Y2_UO1323,R19_F19_m19f20_P19_Y2_UO599,MXY,0,0.0,0,0,0.0,0,0,0,0.0,0.3125,1,P18_CV0,1,1,1,2,0
20,0.9510565162951535,-0.3090169943749477,Age0_F20_m20f1_P20_Y4_UO1135,R20_F20_m20f1_P20_Y2_UO1325,R1_F1_m20f19_P20_Y0_UO87,FXX,0,0.0,0,0,0.0,0,0,0,0.0,0.25,1,P18_CV0,1,0,2,2,0
20,0.9510565162951535,-0.3090169943749477,Age0_F20_m20f1_P20_Y4_UO1353,R20_F20_m20f1_P20_Y2_UO1323,R1_F1_m1f20_P1_Y1_UO199,FXX,0,0.0,0,0,0.0,0,0,0,0.0,0.375,1,P18_CV0,1,0,2,2,0
20,0.9510565162951535,-0.3090169943749477,Age0_F20_m20f1_P20_Y4_UO1354,R20_F20_m20f1_P20_Y2_UO1323,R1_F1_m1f20_P1_Y1_UO199,MXY,0,0.0,0,0,0.0,0,0,0,0.0,0.375,1,P18_CV0,1,0,2,2,0
20,0.9510565162951535,-0.3090169943749477,Age0_F20_m20f19_P20_Y4_UO1388,R20_F20_m20f1_P20_Y2_UO428,R19_F19_m19f20_P19_Y1_UO873,MXY,0,0.0,0,0,0.0,0,0,0,0.0,0.125,1,P18_CV0,1,0,2,1,1
20,0.9510565162951535,-0.3090169943749477,Age0_F20_m20f19_P20_Y4_UO1389,R20_F20_m20f1_P20_Y2_UO428,R19_F19_m19f20_P19_Y1_UO873,MXY,0,0.0,0,0,0.0,0,0,0,0.0,0.125,1,P18_CV0,1,1,1,1,1
20,0.9510565162951535,-0.3090169943749477,Age0_F20_m20f19_P20_Y4_UO1390,R20_F20_m20f1_P20_Y2_UO428,R19_F19_m19f20_P19_Y1_UO873,FXX,0,0.0,0,0,0.0,0,0,0,0.0,0.125,1,P18_CV0,1,1,1,2,0
20,0.9510565162951535,-0.3090169943749477,Age0_F20_m20f19_P20_Y4_UO1392,R20_F20_m20f1_P20_Y2_UO428,R19_F19_m19f20_P19_Y1_UO873,MXY,0,0.0,0,0,0.0,0,0,0,0.0,0.125,1,P18_CV0,1,1,1,1,1
20,0.9510565162951535,-0.3090169943749477,R20_F20_m20f19_P20_Y3_UO22,R20_F20_m20f19_P20_Y1_UO666,RD19_F18_m19f18_P19_Y1_UO1064,FXX,1,0.0,1,1,1.0,0,0,0,-9999.0,0.125,1,P18_CV0,1,0,2,1,1
20,0.9510565162951535,-0.3090169943749477,R20_F20_m20f19_P20_Y3_UO155,R20_F20_m20f19_P20_Y1_UO666,R19_F19_m19f20_P19_Y1_UO873,MXY,1,0.0,1,1,0.0,0,0,0,-9999.0,0.125,1,P18_CV0,1,0,2,2,0
20,0.9510565162951535,-0.3090169943749477,R20_F20_m20f19_P20_Y3_UO159,R20_F20_m20f19_P20_Y1_UO666,R19_F19_m19f20_P19_Y1_UO873,FXX,1,0.0,1,1,1.0,0,0,0,-9999.0,0.125,1,P18_CV0,1,1,1,2,0
20,0.9510565162951535,-0.3090169943749477,R20_F20_m20f19_P20_Y3_UO162,R20_F20_m20f19_P20_Y1_UO666,R19_F19_m19f20_P19_Y1_UO873,MXY,1,0.0,1,1,0.0,0,0,0,-9999.0,0.125,1,P18_CV0,1,1,1,2,0
20,0.9510565162951535,-0.3090169943749477,R20_F20_m20f1_P20_Y2_UO510,R20_F20_m20f19_P20_Y0_UO799,RD1_F20_m20f19_P20_Y0_UO815,FXX,2,0.0,1,0,1.0,0,0,0,-9999.0,0.25,1,P18_CV0,1,0,2,0,2
20,0.9510565162951535,-0.3090169943749477,R20_F20_m20f19_P20_Y2_UO1197,R20_F20_m20f19_P20_Y0_UO92,R19_F19_m19f20_P19_Y0_UO1187,MXY,2,0.0,1,0,0.0,0,0,0,-9999.0,0.5,1,P18_CV0,1,1,1,1,1
20,0.9510565162951535,-0.3090169943749477,R20_F20_m19f18_P19_Y1_UO911,R19_F19_m-1f-1_P19_Y-1_U74,R18_F18_m-1f-1_P18_Y-1_U59,MXY,3,0.0,1,0,0.0,0,0,0,-9999.0,1.0,1,P18_CV0,1,2,0,1,1
20,0.9510565162951535,-0.3090169943749477,Age0_F20_m20f19_P20_Y4_UO211,R20_F20_m20f1_P20_Y2_UO717,R19_F19_m19f18_P19_Y2_UO908,FXX,0,0.0,0,0,0.0,0,0,0,0.0,0.375,1,P19_CV0,1,1,1,2,0
20,0.9510565162951535,-0.3090169943749477,Age0_F20_m20f19_P20_Y4_UO216,R20_F20_m20f19_P20_Y2_UO1305,R19_F19_m19f20_P19_Y1_UO326,MXY,0,0.0,0,0,0.0,0,0,0,0.0,0.5,1,P19_CV0,1,0,2,1,1
20,0.9510565162951535,-0.3090169943749477,Age0_F20_m20f19_P20_Y4_UO218,R20_F20_m20f19_P20_Y2_UO1305,R19_F19_m19f20_P19_Y1_UO326,MXY,0,0.0,0,0,0.0,0,0,0,0.0,0.5,1,P19_CV0,1,0,2,1,1
20,0.9510565162951535,-0.3090169943749477,Age0_F20_m20f19_P20_Y4_UO219,R20_F20_m20f19_P20_Y2_UO1305,R19_F19_m19f20_P19_Y1_UO326,MXY,0,0.0,0,0,0.0,0,0,0,0.0,0.5,1,P19_CV0,1,1,1,0,2
20,0.9510565162951535,-0.3090169943749477,Age0_F20_m20f1_P20_Y4_UO429,R20_F20_m20f19_P20_Y2_UO1354,R1_F1_m1f20_P1_Y1_UO199,FXX,0,0.0,0,0,0.0,0,0,0,0.0,0.375,1,P19_CV0,1,0,2,1,1
20,0.9510565162951535,-0.3090169943749477,Age0_F20_m20f1_P20_Y4_UO430,R20_F20_m20f19_P20_Y2_UO1354,R1_F1_m1f20_P1_Y1_UO199,FXX,0,0.0,0,0,0.0,0,0,0,0.0,0.375,1,P19_CV0,1,1,1,1,1
20,0.9510565162951535,-0.3090169943749477,Age0_F20_m20f1_P20_Y4_UO899,R20_F20_m20f1_P20_Y2_UO647,R1_F1_m1f20_P1_Y1_UO199,MXY,0,0.0,0,0,0.0,0,0,0,0.0,0.3125,1,P19_CV0,1,0,2,2,0
20,0.9510565162951535,-0.3090169943749477,Age0_F20_m20f1_P20_Y4_UO901,R20_F20_m20f1_P20_Y2_UO647,R1_F1_m1f20_P1_Y1_UO199,FXX,0,0.0,0,0,0.0,0,0,0,0.0,0.3125,1,P19_CV0,1,1,1,2,0
20,0.9510565162951535,-0.3090169943749477,Age0_F20_m20f19_P20_Y4_UO923,R20_F20_m20f19_P20_Y2_UO192,RD19_F18_m18f17_P18_Y2_UO1039,FXX,0,0.0,0,0,0.0,0,0,0,0.0,0.25,1,P19_CV0,1,1,1,1,1
20,0.9510565162951535,-0.3090169943749477,Age0_F20_m20f19_P20_Y4_UO925,R20_F20_m20f19_P20_Y2_UO192,RD19_F18_m18f17_P18_Y2_UO1039,MXY,0,0.0,0,0,0.0,0,0,0,0.0,0.25,1,P19_CV0,1,0,2,2,0
20,0.9510565162951535,-0.3090169943749477,Age0_F20_m20f19_P20_Y4_UO1073,R20_F20_m20f1_P20_Y2_UO1323,R19_F19_m19f20_P19_Y2_UO599,MXY,0,0.0,0,0,0.0,0,0,0,0.0,0.3125,1,P19_CV0,1,1,1,1,1
20,0.9510565162951535,-0.3090169943749477,Age0_F20_m20f1_P20_Y4_UO1133,R20_F20_m20f1_P20_Y2_UO1325,R1_F1_m20f19_P20_Y0_UO87,MXY,0,0.0,0,0,0.0,0,0,0,0.0,0.25,1,P19_CV0,1,1,1,1,1
20,0.9510565162951535,-0.3090169943749477,Age0_F20_m20f1_P20_Y4_UO1134,R20_F20_m20f1_P20_Y2_UO1325,R1_F1_m20f19_P20_Y0_UO87,MXY,0,0.0,0,0,0.0,0,0,0,0.0,0.25,1,P19_CV0,1,1,1,2,0
20,0.9510565162951535,-0.3090169943749477,Age0_F20_m20f1_P20_Y4_UO1136,R20_F20_m20f1_P20_Y2_UO1325,R1_F1_m20f19_P20_Y0_UO87,FXX,0,0.0,0,0,0.0,0,0,0,0.0,0.25,1,P19_CV0,1,0,2,1,1
20,0.9510565162951535,-0.3090169943749477,Age0_F20_m20f19_P20_Y4_UO1155,R20_F20_m20f19_P20_Y2_UO577,R19_F19_m20f19_P20_Y2_UO231,MXY,0,0.0,0,0,0.0,0,0,0,0.0,0.5,1,P19_CV0,1,0,2,1,1
20,0.9510565162951535,-0.3090169943749477,Age0_F20_m20f19_P20_Y4_UO1156,R20_F20_m20f19_P20_Y2_UO577,R19_F19_m20f19_P20_Y2_UO231,FXX,0,0.0,0,0,0.0,0,0,0,0.0,0.5,1,P19_CV0,1,1,1,2,0
20,0.9510565162951535,-0.3090169943749477,Age0_F20_m20f1_P20_Y4_UO1352,R20_F20_m20f1_P20_Y2_UO1323,R1_F1_m1f20_P1_Y1_UO199,FXX,0,0.0,0,0,0.0,0,0,0,0.0,0.375,1,P19_CV0,1,1,1,2,0
20,0.9510565162951535,-0.3090169943749477,Age0_F20_m20f1_P20_Y4_UO1366,R20_F20_m19f20_P19_Y2_UO120,RD1_F20_m20f1_P20_Y2_UO512,FXX,0,0.0,0,0,0.0,0,0,0,0.0,0.125,1,P19_CV0,1,0,2,1,1
20,0.9510565162951535,-0.3090169943749477,Age0_F20_m20f1_P20_Y4_UO1367,R20_F20_m19f20_P19_Y2_UO120,RD1_F20_m20f1_P20_Y2_UO512,MXY,0,0.0,0,0,0.0,0,0,0,0.0,0.125,1,P19_CV0,1,0,2,1,1
20,0.9510565162951535,-0.3090169943749477,Age0_F20_m20f1_P20_Y4_UO1368,R20_F20_m19f20_P19_Y2_UO120,RD1_F20_m20f1_P20_Y2_UO512,FXX,0,0.0,0,0,0.0,0,0,0,0.0,0.125,1,P19_CV0,1,0,2,0,2
20,0.9510565162951535,-0.3090169943749477,Age0_F20_m20f1_P20_Y4_UO1369,R20_F20_m19f20_P19_Y2_UO120,RD1_F20_m20f1_P20_Y2_UO512,MXY,0,0.0,0,0,0.0,0,0,0,0.0,0.125,1,P19_CV0,1,0,2,1,1
20,0.9510565162951535,-0.3090169943749477,Age0_F20_m20f19_P20_Y4_UO1391,R20_F20_m20f1_P20_Y2_UO428,R19_F19_m19f20_P19_Y1_UO873,MXY,0,0.0,0,0,0.0,0,0,0,0.0,0.125,1,P19_CV0,1,1,1,2,0
20,0.9510565162951535,-0.3090169943749477,Age0_F20_m20f19_P20_Y4_UO1457,R20_F20_m20f1_P20_Y2_UO609,R19_F19_m20f1_P20_Y2_UO418,MXY,0,0.0,0,0,0.0,0,0,0,0.0,0.25,1,P19_CV0,1,1,1,0,2
20,0.9510565162951535,-0.3090169943749477,Age0_F20_m20f19_P20_Y4_UO1458,R20_F20_m20f1_P20_Y2_UO609,R19_F19_m20f1_P20_Y2_UO418,FXX,0,0.0,0,0,0.0,0,0,0,0.0,0.25,1,P19_CV0,1,0,2,0,2
20,0.9510565162951535,-0.3090169943749477,R20_F20_m1f20_P1_Y3_UO1096,R1_F1_m1f20_P1_Y1_UO422,R20_F20_m20f19_P20_Y0_UO1348,FXX,1,0.0,1,1,1.0,0,0,0,-9999.0,0.375,1,P19_CV0,1,1,1,1,1
20,0.9510565162951535,-0.3090169943749477,R20_F20_m19f20_P19_Y0_UO1190,R19_F19_m-1f-1_P19_Y-1_U64,R20_F20_m-1f-1_P20_Y-1_U30,FXX,4,0.0,1,0,1.0,0,0,0,-9999.0,1.0,1,P19_CV0,1,2,0,1,1
20,0.9510565162951535,-0.3090169943749477,Age0_F20_m20f1_P20_Y4_UO32,R20_F20_m20f1_P20_Y2_UO1323,RD1_F2_m2f3_P2_Y2_UO216,MXY,0,0.0,0,0,0.0,0,0,0,0.0,0.5,1,P1_CV0,1,1,1,1,1
20,0.9510565162951535,-0.3090169943749477,Age0_F20_m20f1_P20_Y4_UO33,R20_F20_m20f1_P20_Y2_UO1323,RD1_F2_m2f3_P2_Y2_UO216,FXX,0,0.0,0,0,0.0,0,0,0,0.0,0.5,1,P1_CV0,1,1,1,1,1
20,0.9510565162951535,-0.3090169943749477,Age0_F20_m20f1_P20_Y4_UO34,R20_F20_m20f1_P20_Y2_UO1323,RD1_F2_m2f3_P2_Y2_UO216,FXX,0,0.0,0,0,0.0,0,0,0,0.0,0.5,1,P1_CV0,1,1,1,1,1
20,0.9510565162951535,-0.3090169943749477,Age0_F20_m20f1_P20_Y4_UO36,R20_F20_m20f1_P20_Y2_UO1323,RD1_F2_m2f3_P2_Y2_UO216,MXY,0,0.0,0,0,0.0,0,0,0,0.0,0.5,1,P1_CV0,1,2,0,1,1
20,0.9510565162951535,-0.3090169943749477,Age0_F20_m20f1_P20_Y4_UO37,R20_F20_m20f1_P20_Y2_UO1323,RD1_F2_m2f3_P2_Y2_UO216,FXX,0,0.0,0,0,0.0,0,0,0,0.0,0.5,1,P1_CV0,1,2,0,1,1
20,0.9510565162951535,-0.3090169943749477,Age0_F20_m20f1_P20_Y4_UO753,R20_F20_m20f19_P20_Y2_UO577,R1_F1_m1f2_P1_Y2_UO753,MXY,0,0.0,0,0,0.0,0,0,0,0.0,0.6875,1,P1_CV0,1,1,1,2,0
20,0.9510565162951535,-0.3090169943749477,Age0_F20_m20f1_P20_Y4_UO754,R20_F20_m20f19_P20_Y2_UO577,R1_F1_m1f2_P1_Y2_UO753,FXX,0,0.0,0,0,0.0,0,0,0,0.0,0.6875,1,P1_CV0,1,1,1,2,0
20,0.9510565162951535,-0.3090169943749477,Age0_F20_m20f1_P20_Y4_UO755,R20_F20_m20f19_P20_Y2_UO577,R1_F1_m1f2_P1_Y2_UO753,FXX,0,0.0,0,0,0.0,0,0,0,0.0,0.6875,1,P1_CV0,1,1,1,1,1
20,0.9510565162951535,-0.3090169943749477,Age0_F20_m20f1_P20_Y4_UO756,R20_F20_m20f19_P20_Y2_UO577,R1_F1_m1f2_P1_Y2_UO753,FXX,0,0.0,0,0,0.0,0,0,0,0.0,0.6875,1,P1_CV0,1,1,1,1,1
20,0.9510565162951535,-0.3090169943749477,Age0_F20_m20f1_P20_Y4_UO953,R20_F20_m20f19_P20_Y2_UO232,R1_F1_m1f2_P1_Y2_UO753,FXX,0,0.0,0,0,0.0,0,0,0,0.0,0.6875,1,P1_CV0,1,1,1,0,2
20,0.9510565162951535,-0.3090169943749477,Age0_F20_m20f1_P20_Y4_UO956,R20_F20_m20f19_P20_Y2_UO232,R1_F1_m1f2_P1_Y2_UO753,FXX,0,0.0,0,0,0.0,0,0,0,0.0,0.6875,1,P1_CV0,1,1,1,1,1
20,0.9510565162951535,-0.3090169943749477,R20_F20_m1f2_P1_Y3_UO764,R1_F1_m1f20_P1_Y1_UO58,R2_F2_m2f3_P2_Y1_UO860,FXX,1,0.0,1,1,1.0,0,0,0,-9999.0,0.5,1,P1_CV0,1,2,0,2,0
20,0.9510565162951535,-0.3090169943749477,Age0_F20_m20f1_P20_Y4_UO575,R20_F20_m20f1_P20_Y2_UO1222,R1_F1_m1f20_P1_Y2_UO472,MXY,0,0.0,0,0,0.0,0,0,0,0.0,0.3125,1,P2_CV0,1,0,2,1,1
20,0.9510565162951535,-0.3090169943749477,Age0_F20_m20f1_P20_Y4_UO577,R20_F20_m20f1_P20_Y2_UO1222,R1_F1_m1f20_P1_Y2_UO472,FXX,0,0.0,0,0,0.0,0,0,0,0.0,0.3125,1,P2_CV0,1,1,1,1,1
20,0.9510565162951535,-0.3090169943749477,Age0_F20_m20f1_P20_Y4_UO578,R20_F20_m20f1_P20_Y2_UO1222,R1_F1_m1f20_P1_Y2_UO472,FXX,0,0.0,0,0,0.0,0,0,0,0.0,0.3125,1,P2_CV0,1,1,1,1,1
20,0.9510565162951535,-0.3090169943749477,Age0_F20_m20f1_P20_Y4_UO580,R20_F20_m20f1_P20_Y2_UO1222,R1_F1_m1f20_P1_Y2_UO472,MXY,0,0.0,0,0,0.0,0,0,0,0.0,0.3125,1,P2_CV0,1,1,1,1,1
