
CDmetaPOP Release 2025.07.28-09:09:09 Version version 3.08

Author(s): Erin L Landguth, Casey Day, et al.

Session runtime inputs from: radius4/inputs//RunVars.csv


Session popvars inputs from: popvars/PopVars.csv


Parallel processing across Monte Carlo replicates started across 1 cores.


On run: 0


DoPreProcess(): 0:00:00.068159
GetMetrics() Initial: 0:00:00.010313
The file ind-1.csv has been created
DoUpdate(): 0:00:00.031868
DoCDClimate(): 0:00:00.005080
DoMate() and DoOffspring: 0:00:00.048192
The file ind0.csv has been created
Second DoUpdate(): 0:00:00.057267
DoEmigration(): 0:00:00.188932
DoOutMortality(): 0:00:00.009334
The file ind0.csv has been created
Third DoUpdate(): 0:00:00.054272
DoImmigration(): 0:00:00.089919
DoInMortality(): 0:00:00.012286
GetMetrics(): 0:00:00.008395
End Generation/Year Loop0: 0:00:00.478226

DoCDClimate(): 0:00:00.001131
DoMate() and DoOffspring: 0:00:00.027190
The file ind1.csv has been created
Second DoUpdate(): 0:00:00.037227
DoEmigration(): 0:00:00.161896
DoOutMortality(): 0:00:00.012750
The file ind1.csv has been created
Third DoUpdate(): 0:00:00.046915
DoImmigration(): 0:00:00.089689
DoInMortality(): 0:00:00.014702
GetMetrics(): 0:00:00.007889
End Generation/Year Loop1: 0:00:00.402308

DoCDClimate(): 0:00:00.000924
DoMate() and DoOffspring: 0:00:00.030341
The file ind2.csv has been created
Second DoUpdate(): 0:00:00.048734
DoEmigration(): 0:00:00.174628
DoOutMortality(): 0:00:00.012399
The file ind2.csv has been created
Third DoUpdate(): 0:00:00.053910
DoImmigration(): 0:00:00.083482
DoInMortality(): 0:00:00.018027
GetMetrics(): 0:00:00.007712
End Generation/Year Loop2: 0:00:00.431355

DoCDClimate(): 0:00:00.000897
DoMate() and DoOffspring: 0:00:00.026402
The file ind3.csv has been created
Second DoUpdate(): 0:00:00.032836
DoEmigration(): 0:00:00.155109
DoOutMortality(): 0:00:00.011893
The file ind3.csv has been created
Third DoUpdate(): 0:00:00.049641
DoImmigration(): 0:00:00.081615
DoInMortality(): 0:00:00.015483
GetMetrics(): 0:00:00.008193
End Generation/Year Loop3: 0:00:00.383052

DoCDClimate(): 0:00:00.001044
DoMate() and DoOffspring: 0:00:00.035088
The file ind4.csv has been created
Second DoUpdate(): 0:00:00.037060
DoEmigration(): 0:00:00.171526
DoOutMortality(): 0:00:00.012575
The file ind4.csv has been created
Third DoUpdate(): 0:00:00.047959
DoImmigration(): 0:00:00.080379
DoInMortality(): 0:00:00.016331
GetMetrics(): 0:00:00.006791
End Generation/Year Loop4: 0:00:00.410232

DoCDClimate(): 0:00:00.001074
DoMate() and DoOffspring: 0:00:00.021960
The file ind5.csv has been created
Second DoUpdate(): 0:00:00.034865
DoEmigration(): 0:00:00.151733
DoOutMortality(): 0:00:00.013321
The file ind5.csv has been created
Third DoUpdate(): 0:00:00.049867
DoImmigration(): 0:00:00.080013
DoInMortality(): 0:00:00.016351
GetMetrics(): 0:00:00.007080
End Generation/Year Loop5: 0:00:00.377971

DoCDClimate(): 0:00:00.001533
DoMate() and DoOffspring: 0:00:00.037138
The file ind6.csv has been created
Second DoUpdate(): 0:00:00.035457
DoEmigration(): 0:00:00.212170
DoOutMortality(): 0:00:00.023654
The file ind6.csv has been created
Third DoUpdate(): 0:00:00.052925
DoImmigration(): 0:00:00.085246
DoInMortality(): 0:00:00.017559
GetMetrics(): 0:00:00.007318
End Generation/Year Loop6: 0:00:00.474455

DoCDClimate(): 0:00:00.001139
DoMate() and DoOffspring: 0:00:00.018343
The file ind7.csv has been created
Second DoUpdate(): 0:00:00.033863
DoEmigration(): 0:00:00.137078
DoOutMortality(): 0:00:00.013974
The file ind7.csv has been created
Third DoUpdate(): 0:00:00.048119
DoImmigration(): 0:00:00.080546
DoInMortality(): 0:00:00.018025
GetMetrics(): 0:00:00.006857
End Generation/Year Loop7: 0:00:00.358809

DoCDClimate(): 0:00:00.001449
DoMate() and DoOffspring: 0:00:00.035101
The file ind8.csv has been created
Second DoUpdate(): 0:00:00.032482
DoEmigration(): 0:00:00.176657
DoOutMortality(): 0:00:00.013656
The file ind8.csv has been created
Third DoUpdate(): 0:00:00.050968
DoImmigration(): 0:00:00.095934
DoInMortality(): 0:00:00.017290
GetMetrics(): 0:00:00.007167
End Generation/Year Loop8: 0:00:00.431365

DoCDClimate(): 0:00:00.000879
DoMate() and DoOffspring: 0:00:00.023383
The file ind9.csv has been created
Second DoUpdate(): 0:00:00.040009
DoEmigration(): 0:00:00.141231
DoOutMortality(): 0:00:00.013054
The file ind9.csv has been created
Third DoUpdate(): 0:00:00.049882
DoImmigration(): 0:00:00.080151
DoInMortality(): 0:00:00.016908
GetMetrics(): 0:00:00.007168
End Generation/Year Loop9: 0:00:00.373624

DoCDClimate(): 0:00:00.000890
DoMate() and DoOffspring: 0:00:00.033421
The file ind10.csv has been created
Second DoUpdate(): 0:00:00.031792
DoEmigration(): 0:00:00.184399
DoOutMortality(): 0:00:00.012992
The file ind10.csv has been created
Third DoUpdate(): 0:00:00.050246
DoImmigration(): 0:00:00.076901
DoInMortality(): 0:00:00.015426
GetMetrics(): 0:00:00.007510
End Generation/Year Loop10: 0:00:00.414662

DoCDClimate(): 0:00:00.000856
DoMate() and DoOffspring: 0:00:00.017189
The file ind11.csv has been created
Second DoUpdate(): 0:00:00.032042
DoEmigration(): 0:00:00.141039
DoOutMortality(): 0:00:00.013009
The file ind11.csv has been created
Third DoUpdate(): 0:00:00.048397
DoImmigration(): 0:00:00.079559
DoInMortality(): 0:00:00.016077
GetMetrics(): 0:00:00.007023
End Generation/Year Loop11: 0:00:00.356410

DoCDClimate(): 0:00:00.001268
DoMate() and DoOffspring: 0:00:00.036443
The file ind12.csv has been created
Second DoUpdate(): 0:00:00.034456
DoEmigration(): 0:00:00.182564
DoOutMortality(): 0:00:00.012970
The file ind12.csv has been created
Third DoUpdate(): 0:00:00.048669
DoImmigration(): 0:00:00.082294
DoInMortality(): 0:00:00.015819
GetMetrics(): 0:00:00.007290
End Generation/Year Loop12: 0:00:00.422398

DoCDClimate(): 0:00:00.000883
DoMate() and DoOffspring: 0:00:00.016267
The file ind13.csv has been created
Second DoUpdate(): 0:00:00.033972
DoEmigration(): 0:00:00.123348
DoOutMortality(): 0:00:00.013858
The file ind13.csv has been created
Third DoUpdate(): 0:00:00.046168
DoImmigration(): 0:00:00.076502
DoInMortality(): 0:00:00.015368
GetMetrics(): 0:00:00.007890
End Generation/Year Loop13: 0:00:00.335113

DoCDClimate(): 0:00:00.001539
DoMate() and DoOffspring: 0:00:00.045817
The file ind14.csv has been created
Second DoUpdate(): 0:00:00.034449
DoEmigration(): 0:00:00.193646
DoOutMortality(): 0:00:00.012598
The file ind14.csv has been created
Third DoUpdate(): 0:00:00.047232
DoImmigration(): 0:00:00.081050
DoInMortality(): 0:00:00.016443
GetMetrics(): 0:00:00.007185
End Generation/Year Loop14: 0:00:00.441149

DoCDClimate(): 0:00:00.000866
DoMate() and DoOffspring: 0:00:00.015390
The file ind15.csv has been created
Second DoUpdate(): 0:00:00.034283
DoEmigration(): 0:00:00.143831
DoOutMortality(): 0:00:00.012080
The file ind15.csv has been created
Third DoUpdate(): 0:00:00.050409
DoImmigration(): 0:00:00.083319
DoInMortality(): 0:00:00.014735
GetMetrics(): 0:00:00.007257
End Generation/Year Loop15: 0:00:00.363679

DoCDClimate(): 0:00:00.001579
DoMate() and DoOffspring: 0:00:00.028641
The file ind16.csv has been created
Second DoUpdate(): 0:00:00.024173
DoEmigration(): 0:00:00.139996
DoOutMortality(): 0:00:00.009194
The file ind16.csv has been created
Third DoUpdate(): 0:00:00.036870
DoImmigration(): 0:00:00.059996
DoInMortality(): 0:00:00.011731
GetMetrics(): 0:00:00.005856
End Generation/Year Loop16: 0:00:00.319851

DoCDClimate(): 0:00:00.001930
DoMate() and DoOffspring: 0:00:00.014801
The file ind17.csv has been created
Second DoUpdate(): 0:00:00.024410
DoEmigration(): 0:00:00.098497
DoOutMortality(): 0:00:00.008958
The file ind17.csv has been created
Third DoUpdate(): 0:00:00.036174
DoImmigration(): 0:00:00.057908
DoInMortality(): 0:00:00.011140
GetMetrics(): 0:00:00.005527
End Generation/Year Loop17: 0:00:00.261759

DoCDClimate(): 0:00:00.008313
DoMate() and DoOffspring: 0:00:00.053186
The file ind18.csv has been created
Second DoUpdate(): 0:00:00.024532
DoEmigration(): 0:00:00.163333
DoOutMortality(): 0:00:00.009701
The file ind18.csv has been created
Third DoUpdate(): 0:00:00.037930
DoImmigration(): 0:00:00.060360
DoInMortality(): 0:00:00.012044
GetMetrics(): 0:00:00.005502
End Generation/Year Loop18: 0:00:00.382029

DoCDClimate(): 0:00:00.007536
DoMate() and DoOffspring: 0:00:00.016663
The file ind19.csv has been created
Second DoUpdate(): 0:00:00.024567
DoEmigration(): 0:00:00.082973
DoOutMortality(): 0:00:00.009594
The file ind19.csv has been created
Third DoUpdate(): 0:00:00.035635
DoImmigration(): 0:00:00.055340
DoInMortality(): 0:00:00.011786
GetMetrics(): 0:00:00.005482
End Generation/Year Loop19: 0:00:00.268504

DoCDClimate(): 0:00:00.000891
DoMate() and DoOffspring: 0:00:00.031293
The file ind20.csv has been created
Second DoUpdate(): 0:00:00.024588
DoEmigration(): 0:00:00.138598
DoOutMortality(): 0:00:00.009137
The file ind20.csv has been created
Third DoUpdate(): 0:00:00.036647
DoImmigration(): 0:00:00.059169
DoInMortality(): 0:00:00.011816
GetMetrics(): 0:00:00.005561
End Generation/Year Loop20: 0:00:00.318557

DoCDClimate(): 0:00:00.006335
DoMate() and DoOffspring: 0:00:00.041477
The file ind21.csv has been created
Second DoUpdate(): 0:00:00.026770
DoEmigration(): 0:00:00.108483
DoOutMortality(): 0:00:00.009586
The file ind21.csv has been created
Third DoUpdate(): 0:00:00.038068
DoImmigration(): 0:00:00.083744
DoInMortality(): 0:00:00.012222
GetMetrics(): 0:00:00.005581
End Generation/Year Loop21: 0:00:00.336404

DoCDClimate(): 0:00:00.005714
DoMate() and DoOffspring: 0:00:00.030883
The file ind22.csv has been created
Second DoUpdate(): 0:00:00.026263
DoEmigration(): 0:00:00.138005
DoOutMortality(): 0:00:00.008987
The file ind22.csv has been created
Third DoUpdate(): 0:00:00.036625
DoImmigration(): 0:00:00.059271
DoInMortality(): 0:00:00.011275
GetMetrics(): 0:00:00.005952
End Generation/Year Loop22: 0:00:00.335862

DoCDClimate(): 0:00:00.001165
DoMate() and DoOffspring: 0:00:00.017223
The file ind23.csv has been created
Second DoUpdate(): 0:00:00.027970
DoEmigration(): 0:00:00.101214
DoOutMortality(): 0:00:00.009169
The file ind23.csv has been created
Third DoUpdate(): 0:00:00.038248
DoImmigration(): 0:00:00.059468
DoInMortality(): 0:00:00.011173
GetMetrics(): 0:00:00.005367
End Generation/Year Loop23: 0:00:00.271292

DoCDClimate(): 0:00:00.014519
DoMate() and DoOffspring: 0:00:00.053763
The file ind24.csv has been created
Second DoUpdate(): 0:00:00.034428
DoEmigration(): 0:00:00.186883
DoOutMortality(): 0:00:00.013528
The file ind24.csv has been created
Third DoUpdate(): 0:00:00.049363
DoImmigration(): 0:00:00.081679
DoInMortality(): 0:00:00.015878
GetMetrics(): 0:00:00.007580
End Generation/Year Loop24: 0:00:00.469892

DoCDClimate(): 0:00:00.001321
DoMate() and DoOffspring: 0:00:00.023465
The file ind25.csv has been created
Second DoUpdate(): 0:00:00.038096
DoEmigration(): 0:00:00.134399
DoOutMortality(): 0:00:00.012821
The file ind25.csv has been created
Third DoUpdate(): 0:00:00.050089
DoImmigration(): 0:00:00.082092
DoInMortality(): 0:00:00.014675
GetMetrics(): 0:00:00.007625
End Generation/Year Loop25: 0:00:00.365497

DoCDClimate(): 0:00:00.000904
DoMate() and DoOffspring: 0:00:00.043442
The file ind26.csv has been created
Second DoUpdate(): 0:00:00.037857
DoEmigration(): 0:00:00.189539
DoOutMortality(): 0:00:00.012834
The file ind26.csv has been created
Third DoUpdate(): 0:00:00.053539
DoImmigration(): 0:00:00.085013
DoInMortality(): 0:00:00.016228
GetMetrics(): 0:00:00.007047
End Generation/Year Loop26: 0:00:00.447106

DoCDClimate(): 0:00:00.001564
DoMate() and DoOffspring: 0:00:00.024759
The file ind27.csv has been created
Second DoUpdate(): 0:00:00.043805
DoEmigration(): 0:00:00.137390
DoOutMortality(): 0:00:00.012394
The file ind27.csv has been created
Third DoUpdate(): 0:00:00.052342
DoImmigration(): 0:00:00.082549
DoInMortality(): 0:00:00.015512
GetMetrics(): 0:00:00.008224
End Generation/Year Loop27: 0:00:00.379727

DoCDClimate(): 0:00:00.001209
DoMate() and DoOffspring: 0:00:00.049081
The file ind28.csv has been created
Second DoUpdate(): 0:00:00.037525
DoEmigration(): 0:00:00.185102
DoOutMortality(): 0:00:00.014487
The file ind28.csv has been created
Third DoUpdate(): 0:00:00.051359
DoImmigration(): 0:00:00.082758
DoInMortality(): 0:00:00.016939
GetMetrics(): 0:00:00.007642
End Generation/Year Loop28: 0:00:00.446882

DoCDClimate(): 0:00:00.001379
DoMate() and DoOffspring: 0:00:00.019625
The file ind29.csv has been created
Second DoUpdate(): 0:00:00.034686
DoEmigration(): 0:00:00.113258
DoOutMortality(): 0:00:00.013466
The file ind29.csv has been created
Third DoUpdate(): 0:00:00.048882
DoImmigration(): 0:00:00.077114
DoInMortality(): 0:00:00.015435
GetMetrics(): 0:00:00.007517
End Generation/Year Loop29: 0:00:00.332041

DoCDClimate(): 0:00:00.001086
DoMate() and DoOffspring: 0:00:00.052105
The file ind30.csv has been created
Second DoUpdate(): 0:00:00.035057
DoEmigration(): 0:00:00.190285
DoOutMortality(): 0:00:00.012358
The file ind30.csv has been created
Third DoUpdate(): 0:00:00.055014
DoImmigration(): 0:00:00.084305
DoInMortality(): 0:00:00.014814
GetMetrics(): 0:00:00.007782
End Generation/Year Loop30: 0:00:00.453935

DoCDClimate(): 0:00:00.001155
DoMate() and DoOffspring: 0:00:00.017225
The file ind31.csv has been created
Second DoUpdate(): 0:00:00.034600
DoEmigration(): 0:00:00.109649
DoOutMortality(): 0:00:00.011134
The file ind31.csv has been created
Third DoUpdate(): 0:00:00.049770
DoImmigration(): 0:00:00.074396
DoInMortality(): 0:00:00.015155
GetMetrics(): 0:00:00.006746
End Generation/Year Loop31: 0:00:00.321007

DoCDClimate(): 0:00:00.001801
DoMate() and DoOffspring: 0:00:00.049124
The file ind32.csv has been created
Second DoUpdate(): 0:00:00.042660
DoEmigration(): 0:00:00.198068
DoOutMortality(): 0:00:00.012631
The file ind32.csv has been created
Third DoUpdate(): 0:00:00.050908
DoImmigration(): 0:00:00.080974
DoInMortality(): 0:00:00.014938
GetMetrics(): 0:00:00.007581
End Generation/Year Loop32: 0:00:00.459627

DoCDClimate(): 0:00:00.001058
DoMate() and DoOffspring: 0:00:00.015972
The file ind33.csv has been created
Second DoUpdate(): 0:00:00.036851
DoEmigration(): 0:00:00.089711
DoOutMortality(): 0:00:00.011414
The file ind33.csv has been created
Third DoUpdate(): 0:00:00.045600
DoImmigration(): 0:00:00.074065
DoInMortality(): 0:00:00.014597
GetMetrics(): 0:00:00.007402
End Generation/Year Loop33: 0:00:00.297602

DoCDClimate(): 0:00:00.000895
DoMate() and DoOffspring: 0:00:00.057014
The file ind34.csv has been created
Second DoUpdate(): 0:00:00.033164
DoEmigration(): 0:00:00.213720
DoOutMortality(): 0:00:00.011518
The file ind34.csv has been created
Third DoUpdate(): 0:00:00.052799
DoImmigration(): 0:00:00.082275
DoInMortality(): 0:00:00.013582
GetMetrics(): 0:00:00.007723
End Generation/Year Loop34: 0:00:00.474215

DoCDClimate(): 0:00:00.001092
DoMate() and DoOffspring: 0:00:00.014018
The file ind35.csv has been created
Second DoUpdate(): 0:00:00.036183
DoEmigration(): 0:00:00.083422
DoOutMortality(): 0:00:00.012488
The file ind35.csv has been created
Third DoUpdate(): 0:00:00.046173
DoImmigration(): 0:00:00.075060
DoInMortality(): 0:00:00.017020
GetMetrics(): 0:00:00.007214
End Generation/Year Loop35: 0:00:00.294129

DoCDClimate(): 0:00:00.001142
DoMate() and DoOffspring: 0:00:00.070270
The file ind36.csv has been created
Second DoUpdate(): 0:00:00.034685
DoEmigration(): 0:00:00.211828
DoOutMortality(): 0:00:00.011315
The file ind36.csv has been created
Third DoUpdate(): 0:00:00.051448
DoImmigration(): 0:00:00.080188
DoInMortality(): 0:00:00.013839
GetMetrics(): 0:00:00.008080
End Generation/Year Loop36: 0:00:00.483885

DoCDClimate(): 0:00:00.001236
DoMate() and DoOffspring: 0:00:00.012756
The file ind37.csv has been created
Second DoUpdate(): 0:00:00.038731
DoEmigration(): 0:00:00.083876
DoOutMortality(): 0:00:00.011631
The file ind37.csv has been created
Third DoUpdate(): 0:00:00.048180
DoImmigration(): 0:00:00.075013
DoInMortality(): 0:00:00.015611
GetMetrics(): 0:00:00.008336
End Generation/Year Loop37: 0:00:00.295632

DoCDClimate(): 0:00:00.001146
DoMate() and DoOffspring: 0:00:00.082163
The file ind38.csv has been created
Second DoUpdate(): 0:00:00.038186
DoEmigration(): 0:00:00.229445
DoOutMortality(): 0:00:00.012681
The file ind38.csv has been created
Third DoUpdate(): 0:00:00.053292
DoImmigration(): 0:00:00.087935
DoInMortality(): 0:00:00.013745
GetMetrics(): 0:00:00.008069
End Generation/Year Loop38: 0:00:00.527132

DoCDClimate(): 0:00:00.001433
DoMate() and DoOffspring: 0:00:00.012957
The file ind39.csv has been created
Second DoUpdate(): 0:00:00.039418
DoEmigration(): 0:00:00.080733
DoOutMortality(): 0:00:00.012404
The file ind39.csv has been created
Third DoUpdate(): 0:00:00.057632
DoImmigration(): 0:00:00.076119
DoInMortality(): 0:00:00.016764
GetMetrics(): 0:00:00.008869
End Generation/Year Loop39: 0:00:00.306764

DoCDClimate(): 0:00:00.001159
DoMate() and DoOffspring: 0:00:00.069801
The file ind40.csv has been created
Second DoUpdate(): 0:00:00.033879
DoEmigration(): 0:00:00.218839
DoOutMortality(): 0:00:00.012103
The file ind40.csv has been created
Third DoUpdate(): 0:00:00.052723
DoImmigration(): 0:00:00.084510
DoInMortality(): 0:00:00.015394
GetMetrics(): 0:00:00.007337
End Generation/Year Loop40: 0:00:00.496287

DoCDClimate(): 0:00:00.001256
DoMate() and DoOffspring: 0:00:00.013199
The file ind41.csv has been created
Second DoUpdate(): 0:00:00.037912
DoEmigration(): 0:00:00.081503
DoOutMortality(): 0:00:00.011519
The file ind41.csv has been created
Third DoUpdate(): 0:00:00.047141
DoImmigration(): 0:00:00.072256
DoInMortality(): 0:00:00.014663
GetMetrics(): 0:00:00.007400
End Generation/Year Loop41: 0:00:00.287127

DoCDClimate(): 0:00:00.001270
DoMate() and DoOffspring: 0:00:00.072451
The file ind42.csv has been created
Second DoUpdate(): 0:00:00.034429
DoEmigration(): 0:00:00.224264
DoOutMortality(): 0:00:00.011741
The file ind42.csv has been created
Third DoUpdate(): 0:00:00.053353
DoImmigration(): 0:00:00.081991
DoInMortality(): 0:00:00.014270
GetMetrics(): 0:00:00.007861
End Generation/Year Loop42: 0:00:00.502106

DoCDClimate(): 0:00:00.001113
DoMate() and DoOffspring: 0:00:00.010066
The file ind43.csv has been created
Second DoUpdate(): 0:00:00.034819
DoEmigration(): 0:00:00.086584
DoOutMortality(): 0:00:00.010594
The file ind43.csv has been created
Third DoUpdate(): 0:00:00.049381
DoImmigration(): 0:00:00.074863
DoInMortality(): 0:00:00.014799
GetMetrics(): 0:00:00.007756
End Generation/Year Loop43: 0:00:00.290622

DoCDClimate(): 0:00:00.001298
DoMate() and DoOffspring: 0:00:00.069415
The file ind44.csv has been created
Second DoUpdate(): 0:00:00.034123
DoEmigration(): 0:00:00.229765
DoOutMortality(): 0:00:00.011553
The file ind44.csv has been created
Third DoUpdate(): 0:00:00.051475
DoImmigration(): 0:00:00.082430
DoInMortality(): 0:00:00.014520
GetMetrics(): 0:00:00.007192
End Generation/Year Loop44: 0:00:00.502044

DoCDClimate(): 0:00:00.000914
DoMate() and DoOffspring: 0:00:00.010508
The file ind45.csv has been created
Second DoUpdate(): 0:00:00.037453
DoEmigration(): 0:00:00.069868
DoOutMortality(): 0:00:00.010498
The file ind45.csv has been created
Third DoUpdate(): 0:00:00.047152
DoImmigration(): 0:00:00.073000
DoInMortality(): 0:00:00.014517
GetMetrics(): 0:00:00.007298
End Generation/Year Loop45: 0:00:00.271482

DoCDClimate(): 0:00:00.001291
DoMate() and DoOffspring: 0:00:00.073982
The file ind46.csv has been created
Second DoUpdate(): 0:00:00.034128
DoEmigration(): 0:00:00.539698
DoOutMortality(): 0:00:00.009183
The file ind46.csv has been created
Third DoUpdate(): 0:00:00.068753
DoImmigration(): 0:00:00.098930
DoInMortality(): 0:00:00.020293
GetMetrics(): 0:00:00.007698
End Generation/Year Loop46: 0:00:00.854431

DoCDClimate(): 0:00:00.001749
DoMate() and DoOffspring: 0:00:00.017228
The file ind47.csv has been created
Second DoUpdate(): 0:00:00.037544
DoEmigration(): 0:00:00.101295
DoOutMortality(): 0:00:00.012097
The file ind47.csv has been created
Third DoUpdate(): 0:00:00.050245
DoImmigration(): 0:00:00.080307
DoInMortality(): 0:00:00.013450
GetMetrics(): 0:00:00.007292
End Generation/Year Loop47: 0:00:00.322500

DoCDClimate(): 0:00:00.001333
DoMate() and DoOffspring: 0:00:00.069193
The file ind48.csv has been created
Second DoUpdate(): 0:00:00.032884
DoEmigration(): 0:00:00.208476
DoOutMortality(): 0:00:00.010332
The file ind48.csv has been created
Third DoUpdate(): 0:00:00.052506
DoImmigration(): 0:00:00.080634
DoInMortality(): 0:00:00.014859
GetMetrics(): 0:00:00.007351
End Generation/Year Loop48: 0:00:00.478420

DoCDClimate(): 0:00:00.001131
DoMate() and DoOffspring: 0:00:00.015037
The file ind49.csv has been created
Second DoUpdate(): 0:00:00.039222
DoEmigration(): 0:00:00.087584
DoOutMortality(): 0:00:00.011157
The file ind49.csv has been created
Third DoUpdate(): 0:00:00.049170
DoImmigration(): 0:00:00.111733
DoInMortality(): 0:00:00.028744
GetMetrics(): 0:00:00.007380
End Generation/Year Loop49: 0:00:00.352160

DoCDClimate(): 0:00:00.001377
DoMate() and DoOffspring: 0:00:00.068794
The file ind50.csv has been created
Second DoUpdate(): 0:00:00.033545
DoEmigration(): 0:00:00.214830
DoOutMortality(): 0:00:00.010892
The file ind50.csv has been created
Third DoUpdate(): 0:00:00.049878
DoImmigration(): 0:00:00.080577
DoInMortality(): 0:00:00.013219
GetMetrics(): 0:00:00.007685
End Generation/Year Loop50: 0:00:00.481340

DoCDClimate(): 0:00:00.001441
DoMate() and DoOffspring: 0:00:00.010381
The file ind51.csv has been created
Second DoUpdate(): 0:00:00.039566
DoEmigration(): 0:00:00.065554
DoOutMortality(): 0:00:00.010413
The file ind51.csv has been created
Third DoUpdate(): 0:00:00.045991
DoImmigration(): 0:00:00.072001
DoInMortality(): 0:00:00.013305
GetMetrics(): 0:00:00.007687
End Generation/Year Loop51: 0:00:00.267262

DoCDClimate(): 0:00:00.001131
DoMate() and DoOffspring: 0:00:00.075290
The file ind52.csv has been created
Second DoUpdate(): 0:00:00.031375
DoEmigration(): 0:00:00.211816
DoOutMortality(): 0:00:00.011205
The file ind52.csv has been created
Third DoUpdate(): 0:00:00.055186
DoImmigration(): 0:00:00.083173
DoInMortality(): 0:00:00.012812
GetMetrics(): 0:00:00.007332
End Generation/Year Loop52: 0:00:00.490283

DoCDClimate(): 0:00:00.000916
DoMate() and DoOffspring: 0:00:00.013574
The file ind53.csv has been created
Second DoUpdate(): 0:00:00.035857
DoEmigration(): 0:00:00.057060
DoOutMortality(): 0:00:00.010875
The file ind53.csv has been created
Third DoUpdate(): 0:00:00.045915
DoImmigration(): 0:00:00.069506
DoInMortality(): 0:00:00.013120
GetMetrics(): 0:00:00.007340
End Generation/Year Loop53: 0:00:00.255066

DoCDClimate(): 0:00:00.001294
DoMate() and DoOffspring: 0:00:00.073037
The file ind54.csv has been created
Second DoUpdate(): 0:00:00.033999
DoEmigration(): 0:00:00.211857
DoOutMortality(): 0:00:00.010257
The file ind54.csv has been created
Third DoUpdate(): 0:00:00.049958
DoImmigration(): 0:00:00.082481
DoInMortality(): 0:00:00.013089
GetMetrics(): 0:00:00.007603
End Generation/Year Loop54: 0:00:00.484527

DoCDClimate(): 0:00:00.001350
DoMate() and DoOffspring: 0:00:00.010795
The file ind55.csv has been created
Second DoUpdate(): 0:00:00.035556
DoEmigration(): 0:00:00.081289
DoOutMortality(): 0:00:00.011270
The file ind55.csv has been created
Third DoUpdate(): 0:00:00.047948
DoImmigration(): 0:00:00.075248
DoInMortality(): 0:00:00.014195
GetMetrics(): 0:00:00.007168
End Generation/Year Loop55: 0:00:00.285502

DoCDClimate(): 0:00:00.000906
DoMate() and DoOffspring: 0:00:00.070393
The file ind56.csv has been created
Second DoUpdate(): 0:00:00.032437
DoEmigration(): 0:00:00.218685
DoOutMortality(): 0:00:00.012129
The file ind56.csv has been created
Third DoUpdate(): 0:00:00.051362
DoImmigration(): 0:00:00.082788
DoInMortality(): 0:00:00.013194
GetMetrics(): 0:00:00.008117
End Generation/Year Loop56: 0:00:00.490836

DoCDClimate(): 0:00:00.001434
DoMate() and DoOffspring: 0:00:00.008908
The file ind57.csv has been created
Second DoUpdate(): 0:00:00.035630
DoEmigration(): 0:00:00.051971
DoOutMortality(): 0:00:00.010824
The file ind57.csv has been created
Third DoUpdate(): 0:00:00.042038
DoImmigration(): 0:00:00.064014
DoInMortality(): 0:00:00.013140
GetMetrics(): 0:00:00.006553
End Generation/Year Loop57: 0:00:00.235692

DoCDClimate(): 0:00:00.001155
DoMate() and DoOffspring: 0:00:00.081608
The file ind58.csv has been created
Second DoUpdate(): 0:00:00.032253
DoEmigration(): 0:00:00.223030
DoOutMortality(): 0:00:00.011072
The file ind58.csv has been created
Third DoUpdate(): 0:00:00.050447
DoImmigration(): 0:00:00.079975
DoInMortality(): 0:00:00.011966
GetMetrics(): 0:00:00.007416
End Generation/Year Loop58: 0:00:00.500055

DoCDClimate(): 0:00:00.001521
DoMate() and DoOffspring: 0:00:00.008097
The file ind59.csv has been created
Second DoUpdate(): 0:00:00.038183
DoEmigration(): 0:00:00.054005
DoOutMortality(): 0:00:00.011228
The file ind59.csv has been created
Third DoUpdate(): 0:00:00.044701
DoImmigration(): 0:00:00.067737
DoInMortality(): 0:00:00.013467
GetMetrics(): 0:00:00.006944
End Generation/Year Loop59: 0:00:00.246835

DoCDClimate(): 0:00:00.001577
DoMate() and DoOffspring: 0:00:00.079409
The file ind60.csv has been created
Second DoUpdate(): 0:00:00.031721
DoEmigration(): 0:00:00.223362
DoOutMortality(): 0:00:00.012375
The file ind60.csv has been created
Third DoUpdate(): 0:00:00.052398
DoImmigration(): 0:00:00.081769
DoInMortality(): 0:00:00.013254
GetMetrics(): 0:00:00.007150
End Generation/Year Loop60: 0:00:00.504037

DoCDClimate(): 0:00:00.001268
DoMate() and DoOffspring: 0:00:00.008055
The file ind61.csv has been created
Second DoUpdate(): 0:00:00.032884
DoEmigration(): 0:00:00.036429
DoOutMortality(): 0:00:00.007015
The file ind61.csv has been created
Third DoUpdate(): 0:00:00.033422
DoImmigration(): 0:00:00.051714
DoInMortality(): 0:00:00.009334
GetMetrics(): 0:00:00.005468
End Generation/Year Loop61: 0:00:00.186617

DoCDClimate(): 0:00:00.001605
DoMate() and DoOffspring: 0:00:00.059148
The file ind62.csv has been created
Second DoUpdate(): 0:00:00.023709
DoEmigration(): 0:00:00.176036
DoOutMortality(): 0:00:00.007898
The file ind62.csv has been created
Third DoUpdate(): 0:00:00.038119
DoImmigration(): 0:00:00.060329
DoInMortality(): 0:00:00.009499
GetMetrics(): 0:00:00.005443
End Generation/Year Loop62: 0:00:00.386074

DoCDClimate(): 0:00:00.010341
DoMate() and DoOffspring: 0:00:00.014654
The file ind63.csv has been created
Second DoUpdate(): 0:00:00.027448
DoEmigration(): 0:00:00.028047
DoOutMortality(): 0:00:00.007210
The file ind63.csv has been created
Third DoUpdate(): 0:00:00.033414
DoImmigration(): 0:00:00.049530
DoInMortality(): 0:00:00.009812
GetMetrics(): 0:00:00.005286
End Generation/Year Loop63: 0:00:00.193747

DoCDClimate(): 0:00:00.010759
DoMate() and DoOffspring: 0:00:00.068472
The file ind64.csv has been created
Second DoUpdate(): 0:00:00.024262
DoEmigration(): 0:00:00.168954
DoOutMortality(): 0:00:00.007679
The file ind64.csv has been created
Third DoUpdate(): 0:00:00.037085
DoImmigration(): 0:00:00.059014
DoInMortality(): 0:00:00.009336
GetMetrics(): 0:00:00.005249
End Generation/Year Loop64: 0:00:00.413337

DoCDClimate(): 0:00:00.016028
DoMate() and DoOffspring: 0:00:00.040670
The file ind65.csv has been created
Second DoUpdate(): 0:00:00.027926
DoEmigration(): 0:00:00.029611
DoOutMortality(): 0:00:00.007068
The file ind65.csv has been created
Third DoUpdate(): 0:00:00.046231
DoImmigration(): 0:00:00.050984
DoInMortality(): 0:00:00.009279
GetMetrics(): 0:00:00.005229
End Generation/Year Loop65: 0:00:00.242489

DoCDClimate(): 0:00:00.002517
DoMate() and DoOffspring: 0:00:00.091605
The file ind66.csv has been created
Second DoUpdate(): 0:00:00.032028
DoEmigration(): 0:00:00.220968
DoOutMortality(): 0:00:00.010540
The file ind66.csv has been created
Third DoUpdate(): 0:00:00.055483
DoImmigration(): 0:00:00.082974
DoInMortality(): 0:00:00.012524
GetMetrics(): 0:00:00.007394
End Generation/Year Loop66: 0:00:00.522683

DoCDClimate(): 0:00:00.001097
DoMate() and DoOffspring: 0:00:00.008568
The file ind67.csv has been created
Second DoUpdate(): 0:00:00.038776
DoEmigration(): 0:00:00.040146
DoOutMortality(): 0:00:00.009919
The file ind67.csv has been created
Third DoUpdate(): 0:00:00.044660
DoImmigration(): 0:00:00.068679
DoInMortality(): 0:00:00.012634
GetMetrics(): 0:00:00.006982
End Generation/Year Loop67: 0:00:00.232069

DoCDClimate(): 0:00:00.000892
DoMate() and DoOffspring: 0:00:00.086788
The file ind68.csv has been created
Second DoUpdate(): 0:00:00.030550
DoEmigration(): 0:00:00.218601
DoOutMortality(): 0:00:00.010010
The file ind68.csv has been created
Third DoUpdate(): 0:00:00.049616
DoImmigration(): 0:00:00.081395
DoInMortality(): 0:00:00.012568
GetMetrics(): 0:00:00.007252
End Generation/Year Loop68: 0:00:00.498449

DoCDClimate(): 0:00:00.001153
DoMate() and DoOffspring: 0:00:00.010397
The file ind69.csv has been created
Second DoUpdate(): 0:00:00.037371
DoEmigration(): 0:00:00.036272
DoOutMortality(): 0:00:00.009724
The file ind69.csv has been created
Third DoUpdate(): 0:00:00.044519
DoImmigration(): 0:00:00.066664
DoInMortality(): 0:00:00.012323
GetMetrics(): 0:00:00.007616
End Generation/Year Loop69: 0:00:00.227797

DoCDClimate(): 0:00:00.001076
DoMate() and DoOffspring: 0:00:00.086195
The file ind70.csv has been created
Second DoUpdate(): 0:00:00.030943
DoEmigration(): 0:00:00.210201
DoOutMortality(): 0:00:00.010429
The file ind70.csv has been created
Third DoUpdate(): 0:00:00.053038
DoImmigration(): 0:00:00.084134
DoInMortality(): 0:00:00.013578
GetMetrics(): 0:00:00.006740
End Generation/Year Loop70: 0:00:00.497239

DoCDClimate(): 0:00:00.001670
DoMate() and DoOffspring: 0:00:00.011903
The file ind71.csv has been created
Second DoUpdate(): 0:00:00.039001
DoEmigration(): 0:00:00.037950
DoOutMortality(): 0:00:00.008645
The file ind71.csv has been created
Third DoUpdate(): 0:00:00.044525
DoImmigration(): 0:00:00.066889
DoInMortality(): 0:00:00.012132
GetMetrics(): 0:00:00.006769
End Generation/Year Loop71: 0:00:00.230688

DoCDClimate(): 0:00:00.001355
DoMate() and DoOffspring: 0:00:00.089607
The file ind72.csv has been created
Second DoUpdate(): 0:00:00.030887
DoEmigration(): 0:00:00.228092
DoOutMortality(): 0:00:00.010541
The file ind72.csv has been created
Third DoUpdate(): 0:00:00.051311
DoImmigration(): 0:00:00.079768
DoInMortality(): 0:00:00.013290
GetMetrics(): 0:00:00.006838
End Generation/Year Loop72: 0:00:00.511939

DoCDClimate(): 0:00:00.000963
DoMate() and DoOffspring: 0:00:00.007261
The file ind73.csv has been created
Second DoUpdate(): 0:00:00.031134
DoEmigration(): 0:00:00.037428
DoOutMortality(): 0:00:00.009545
The file ind73.csv has been created
Third DoUpdate(): 0:00:00.043805
DoImmigration(): 0:00:00.067628
DoInMortality(): 0:00:00.013895
GetMetrics(): 0:00:00.007468
End Generation/Year Loop73: 0:00:00.219684

DoCDClimate(): 0:00:00.001109
DoMate() and DoOffspring: 0:00:00.081326
The file ind74.csv has been created
Second DoUpdate(): 0:00:00.023379
DoEmigration(): 0:00:00.162874
DoOutMortality(): 0:00:00.007346
The file ind74.csv has been created
Third DoUpdate(): 0:00:00.037097
DoImmigration(): 0:00:00.059231
DoInMortality(): 0:00:00.008978
GetMetrics(): 0:00:00.005232
End Generation/Year Loop74: 0:00:00.387117

DoCDClimate(): 0:00:00.006029
DoMate() and DoOffspring: 0:00:00.041586
The file ind75.csv has been created
Second DoUpdate(): 0:00:00.038174
DoEmigration(): 0:00:00.036035
DoOutMortality(): 0:00:00.010060
The file ind75.csv has been created
Third DoUpdate(): 0:00:00.045909
DoImmigration(): 0:00:00.068387
DoInMortality(): 0:00:00.012074
GetMetrics(): 0:00:00.006358
End Generation/Year Loop75: 0:00:00.267534

DoCDClimate(): 0:00:00.000899
DoMate() and DoOffspring: 0:00:00.061466
The file ind76.csv has been created
Second DoUpdate(): 0:00:00.023383
DoEmigration(): 0:00:00.167538
DoOutMortality(): 0:00:00.025003
The file ind76.csv has been created
Third DoUpdate(): 0:00:00.049660
DoImmigration(): 0:00:00.059281
DoInMortality(): 0:00:00.009116
GetMetrics(): 0:00:00.005312
End Generation/Year Loop76: 0:00:00.402642

DoCDClimate(): 0:00:00.000927
DoMate() and DoOffspring: 0:00:00.005710
The file ind77.csv has been created
Second DoUpdate(): 0:00:00.025368
DoEmigration(): 0:00:00.021927
DoOutMortality(): 0:00:00.006784
The file ind77.csv has been created
Third DoUpdate(): 0:00:00.031647
DoImmigration(): 0:00:00.048502
DoInMortality(): 0:00:00.008452
GetMetrics(): 0:00:00.004900
End Generation/Year Loop77: 0:00:00.156443

DoCDClimate(): 0:00:00.001046
DoMate() and DoOffspring: 0:00:00.058997
The file ind78.csv has been created
Second DoUpdate(): 0:00:00.022678
DoEmigration(): 0:00:00.169414
DoOutMortality(): 0:00:00.008001
The file ind78.csv has been created
Third DoUpdate(): 0:00:00.037523
DoImmigration(): 0:00:00.058781
DoInMortality(): 0:00:00.008549
GetMetrics(): 0:00:00.005020
End Generation/Year Loop78: 0:00:00.372995

DoCDClimate(): 0:00:00.000921
DoMate() and DoOffspring: 0:00:00.007484
The file ind79.csv has been created
Second DoUpdate(): 0:00:00.025088
DoEmigration(): 0:00:00.020636
DoOutMortality(): 0:00:00.006342
The file ind79.csv has been created
Third DoUpdate(): 0:00:00.030128
DoImmigration(): 0:00:00.045925
DoInMortality(): 0:00:00.008371
GetMetrics(): 0:00:00.004741
End Generation/Year Loop79: 0:00:00.150444

DoCDClimate(): 0:00:00.007181
DoMate() and DoOffspring: 0:00:00.061444
The file ind80.csv has been created
Second DoUpdate(): 0:00:00.022159
DoEmigration(): 0:00:00.189138
DoOutMortality(): 0:00:00.007707
The file ind80.csv has been created
Third DoUpdate(): 0:00:00.038901
DoImmigration(): 0:00:00.061940
DoInMortality(): 0:00:00.009237
GetMetrics(): 0:00:00.005366
End Generation/Year Loop80: 0:00:00.407725

DoCDClimate(): 0:00:00.005150
DoMate() and DoOffspring: 0:00:00.022420
The file ind81.csv has been created
Second DoUpdate(): 0:00:00.027023
DoEmigration(): 0:00:00.022232
DoOutMortality(): 0:00:00.006648
The file ind81.csv has been created
Third DoUpdate(): 0:00:00.032115
DoImmigration(): 0:00:00.048613
DoInMortality(): 0:00:00.008792
GetMetrics(): 0:00:00.004918
End Generation/Year Loop81: 0:00:00.182864

DoCDClimate(): 0:00:00.013908
DoMate() and DoOffspring: 0:00:00.095515
The file ind82.csv has been created
Second DoUpdate(): 0:00:00.030843
DoEmigration(): 0:00:00.221171
DoOutMortality(): 0:00:00.009971
The file ind82.csv has been created
Third DoUpdate(): 0:00:00.050791
DoImmigration(): 0:00:00.079949
DoInMortality(): 0:00:00.011475
GetMetrics(): 0:00:00.007174
End Generation/Year Loop82: 0:00:00.527544

DoCDClimate(): 0:00:00.001576
DoMate() and DoOffspring: 0:00:00.008412
The file ind83.csv has been created
Second DoUpdate(): 0:00:00.037782
DoEmigration(): 0:00:00.031449
DoOutMortality(): 0:00:00.008528
The file ind83.csv has been created
Third DoUpdate(): 0:00:00.044921
DoImmigration(): 0:00:00.066277
DoInMortality(): 0:00:00.012853
GetMetrics(): 0:00:00.006339
End Generation/Year Loop83: 0:00:00.218491

DoCDClimate(): 0:00:00.001287
DoMate() and DoOffspring: 0:00:00.096704
The file ind84.csv has been created
Second DoUpdate(): 0:00:00.031980
DoEmigration(): 0:00:00.226834
DoOutMortality(): 0:00:00.010494
The file ind84.csv has been created
Third DoUpdate(): 0:00:00.054200
DoImmigration(): 0:00:00.081227
DoInMortality(): 0:00:00.012533
GetMetrics(): 0:00:00.006926
End Generation/Year Loop84: 0:00:00.523324

DoCDClimate(): 0:00:00.000905
DoMate() and DoOffspring: 0:00:00.007645
The file ind85.csv has been created
Second DoUpdate(): 0:00:00.035376
DoEmigration(): 0:00:00.031547
DoOutMortality(): 0:00:00.008985
The file ind85.csv has been created
Third DoUpdate(): 0:00:00.042377
DoImmigration(): 0:00:00.067224
DoInMortality(): 0:00:00.012107
GetMetrics(): 0:00:00.006982
End Generation/Year Loop85: 0:00:00.214454

DoCDClimate(): 0:00:00.000896
DoMate() and DoOffspring: 0:00:00.090204
The file ind86.csv has been created
Second DoUpdate(): 0:00:00.033587
DoEmigration(): 0:00:00.226344
DoOutMortality(): 0:00:00.009399
The file ind86.csv has been created
Third DoUpdate(): 0:00:00.051574
DoImmigration(): 0:00:00.084682
DoInMortality(): 0:00:00.013035
GetMetrics(): 0:00:00.007278
End Generation/Year Loop86: 0:00:00.517673

DoCDClimate(): 0:00:00.001156
DoMate() and DoOffspring: 0:00:00.006476
The file ind87.csv has been created
Second DoUpdate(): 0:00:00.032513
DoEmigration(): 0:00:00.032410
DoOutMortality(): 0:00:00.008945
The file ind87.csv has been created
Third DoUpdate(): 0:00:00.042022
DoImmigration(): 0:00:00.067652
DoInMortality(): 0:00:00.011239
GetMetrics(): 0:00:00.006466
End Generation/Year Loop87: 0:00:00.209688

DoCDClimate(): 0:00:00.001777
DoMate() and DoOffspring: 0:00:00.090744
The file ind88.csv has been created
Second DoUpdate(): 0:00:00.033181
DoEmigration(): 0:00:00.224684
DoOutMortality(): 0:00:00.010162
The file ind88.csv has been created
Third DoUpdate(): 0:00:00.050024
DoImmigration(): 0:00:00.087444
DoInMortality(): 0:00:00.010997
GetMetrics(): 0:00:00.006802
End Generation/Year Loop88: 0:00:00.516820

DoCDClimate(): 0:00:00.001323
DoMate() and DoOffspring: 0:00:00.007552
The file ind89.csv has been created
Second DoUpdate(): 0:00:00.030656
DoEmigration(): 0:00:00.031856
DoOutMortality(): 0:00:00.008154
The file ind89.csv has been created
Third DoUpdate(): 0:00:00.042708
DoImmigration(): 0:00:00.064078
DoInMortality(): 0:00:00.010407
GetMetrics(): 0:00:00.006066
End Generation/Year Loop89: 0:00:00.203884

DoCDClimate(): 0:00:00.001447
DoMate() and DoOffspring: 0:00:00.081991
The file ind90.csv has been created
Second DoUpdate(): 0:00:00.030054
DoEmigration(): 0:00:00.230240
DoOutMortality(): 0:00:00.009307
The file ind90.csv has been created
Third DoUpdate(): 0:00:00.049577
DoImmigration(): 0:00:00.078530
DoInMortality(): 0:00:00.011042
GetMetrics(): 0:00:00.007467
End Generation/Year Loop90: 0:00:00.500486

DoCDClimate(): 0:00:00.001228
DoMate() and DoOffspring: 0:00:00.005001
The file ind91.csv has been created
Second DoUpdate(): 0:00:00.035716
DoEmigration(): 0:00:00.031289
DoOutMortality(): 0:00:00.008482
The file ind91.csv has been created
Third DoUpdate(): 0:00:00.041762
DoImmigration(): 0:00:00.068159
DoInMortality(): 0:00:00.012865
GetMetrics(): 0:00:00.007306
End Generation/Year Loop91: 0:00:00.212907

DoCDClimate(): 0:00:00.001403
DoMate() and DoOffspring: 0:00:00.091488
The file ind92.csv has been created
Second DoUpdate(): 0:00:00.030698
DoEmigration(): 0:00:00.232599
DoOutMortality(): 0:00:00.009395
The file ind92.csv has been created
Third DoUpdate(): 0:00:00.049309
DoImmigration(): 0:00:00.083966
DoInMortality(): 0:00:00.011032
GetMetrics(): 0:00:00.006766
End Generation/Year Loop92: 0:00:00.517773

DoCDClimate(): 0:00:00.000906
DoMate() and DoOffspring: 0:00:00.006122
The file ind93.csv has been created
Second DoUpdate(): 0:00:00.032414
DoEmigration(): 0:00:00.023000
DoOutMortality(): 0:00:00.006075
The file ind93.csv has been created
Third DoUpdate(): 0:00:00.039443
DoImmigration(): 0:00:00.068227
DoInMortality(): 0:00:00.015238
GetMetrics(): 0:00:00.008551
End Generation/Year Loop93: 0:00:00.201644

DoCDClimate(): 0:00:00.000899
DoMate() and DoOffspring: 0:00:00.087630
The file ind94.csv has been created
Second DoUpdate(): 0:00:00.032139
DoEmigration(): 0:00:00.228617
DoOutMortality(): 0:00:00.008794
The file ind94.csv has been created
Third DoUpdate(): 0:00:00.049916
DoImmigration(): 0:00:00.081351
DoInMortality(): 0:00:00.010752
GetMetrics(): 0:00:00.007804
End Generation/Year Loop94: 0:00:00.508961

DoCDClimate(): 0:00:00.000889
DoMate() and DoOffspring: 0:00:00.008315
The file ind95.csv has been created
Second DoUpdate(): 0:00:00.032856
DoEmigration(): 0:00:00.033662
DoOutMortality(): 0:00:00.007763
The file ind95.csv has been created
Third DoUpdate(): 0:00:00.044344
DoImmigration(): 0:00:00.067664
DoInMortality(): 0:00:00.011090
GetMetrics(): 0:00:00.006777
End Generation/Year Loop95: 0:00:00.214321

DoCDClimate(): 0:00:00.001325
DoMate() and DoOffspring: 0:00:00.091137
The file ind96.csv has been created
Second DoUpdate(): 0:00:00.032784
DoEmigration(): 0:00:00.234461
DoOutMortality(): 0:00:00.008589
The file ind96.csv has been created
Third DoUpdate(): 0:00:00.053931
DoImmigration(): 0:00:00.081163
DoInMortality(): 0:00:00.010463
GetMetrics(): 0:00:00.007852
End Generation/Year Loop96: 0:00:00.522563

DoCDClimate(): 0:00:00.001342
DoMate() and DoOffspring: 0:00:00.006814
The file ind97.csv has been created
Second DoUpdate(): 0:00:00.034683
DoEmigration(): 0:00:00.036926
DoOutMortality(): 0:00:00.007998
The file ind97.csv has been created
Third DoUpdate(): 0:00:00.043162
DoImmigration(): 0:00:00.066837
DoInMortality(): 0:00:00.010334
GetMetrics(): 0:00:00.007077
End Generation/Year Loop97: 0:00:00.216143

DoCDClimate(): 0:00:00.000918
DoMate() and DoOffspring: 0:00:00.096852
The file ind98.csv has been created
Second DoUpdate(): 0:00:00.032431
DoEmigration(): 0:00:00.231839
DoOutMortality(): 0:00:00.009499
The file ind98.csv has been created
Third DoUpdate(): 0:00:00.051433
DoImmigration(): 0:00:00.081830
DoInMortality(): 0:00:00.011158
GetMetrics(): 0:00:00.006832
End Generation/Year Loop98: 0:00:00.525047

DoCDClimate(): 0:00:00.000888
DoMate() and DoOffspring: 0:00:00.008901
The file ind99.csv has been created
Second DoUpdate(): 0:00:00.032824
DoEmigration(): 0:00:00.031775
DoOutMortality(): 0:00:00.007394
The file ind99.csv has been created
Third DoUpdate(): 0:00:00.044879
DoImmigration(): 0:00:00.067274
DoInMortality(): 0:00:00.009915
GetMetrics(): 0:00:00.006751
End Generation/Year Loop99: 0:00:00.211707

The file summary_popAllTime.csv has been created
The file summary_classAllTime.csv has been created
DoPostProcess(): 0:00:00.024596
End Monte Carlo Loop0: 0:00:37.338969

DoPreProcess(): 0:00:00.069590
GetMetrics() Initial: 0:00:00.009764
The file ind-1.csv has been created
DoUpdate(): 0:00:00.035879
DoCDClimate(): 0:00:00.005093
DoMate() and DoOffspring: 0:00:00.040083
The file ind0.csv has been created
Second DoUpdate(): 0:00:00.044637
DoEmigration(): 0:00:00.176934
DoOutMortality(): 0:00:00.008815
The file ind0.csv has been created
Third DoUpdate(): 0:00:00.055232
DoImmigration(): 0:00:00.093526
DoInMortality(): 0:00:00.017134
GetMetrics(): 0:00:00.008140
End Generation/Year Loop0: 0:00:00.451815

DoCDClimate(): 0:00:00.001545
DoMate() and DoOffspring: 0:00:00.029924
The file ind1.csv has been created
Second DoUpdate(): 0:00:00.031203
DoEmigration(): 0:00:00.157274
DoOutMortality(): 0:00:00.011738
The file ind1.csv has been created
Third DoUpdate(): 0:00:00.048551
DoImmigration(): 0:00:00.082496
DoInMortality(): 0:00:00.015856
GetMetrics(): 0:00:00.008059
End Generation/Year Loop1: 0:00:00.389156

DoCDClimate(): 0:00:00.001087
DoMate() and DoOffspring: 0:00:00.030139
The file ind2.csv has been created
Second DoUpdate(): 0:00:00.032919
DoEmigration(): 0:00:00.165192
DoOutMortality(): 0:00:00.012210
The file ind2.csv has been created
Third DoUpdate(): 0:00:00.049469
DoImmigration(): 0:00:00.081085
DoInMortality(): 0:00:00.014992
GetMetrics(): 0:00:00.007103
End Generation/Year Loop2: 0:00:00.395015

DoCDClimate(): 0:00:00.001096
DoMate() and DoOffspring: 0:00:00.028929
The file ind3.csv has been created
Second DoUpdate(): 0:00:00.034723
DoEmigration(): 0:00:00.157482
DoOutMortality(): 0:00:00.012525
The file ind3.csv has been created
Third DoUpdate(): 0:00:00.051097
DoImmigration(): 0:00:00.079940
DoInMortality(): 0:00:00.016480
GetMetrics(): 0:00:00.007325
End Generation/Year Loop3: 0:00:00.390540

DoCDClimate(): 0:00:00.001465
DoMate() and DoOffspring: 0:00:00.034475
The file ind4.csv has been created
Second DoUpdate(): 0:00:00.035914
DoEmigration(): 0:00:00.168817
DoOutMortality(): 0:00:00.012795
The file ind4.csv has been created
Third DoUpdate(): 0:00:00.048537
DoImmigration(): 0:00:00.080534
DoInMortality(): 0:00:00.016102
GetMetrics(): 0:00:00.007997
End Generation/Year Loop4: 0:00:00.407694

DoCDClimate(): 0:00:00.000909
DoMate() and DoOffspring: 0:00:00.018194
The file ind5.csv has been created
Second DoUpdate(): 0:00:00.024864
DoEmigration(): 0:00:00.114150
DoOutMortality(): 0:00:00.009620
The file ind5.csv has been created
Third DoUpdate(): 0:00:00.036409
DoImmigration(): 0:00:00.058531
DoInMortality(): 0:00:00.012073
GetMetrics(): 0:00:00.005707
End Generation/Year Loop5: 0:00:00.281658

DoCDClimate(): 0:00:00.014952
DoMate() and DoOffspring: 0:00:00.036505
The file ind6.csv has been created
Second DoUpdate(): 0:00:00.025965
DoEmigration(): 0:00:00.117261
DoOutMortality(): 0:00:00.009089
The file ind6.csv has been created
Third DoUpdate(): 0:00:00.034938
DoImmigration(): 0:00:00.056327
DoInMortality(): 0:00:00.012043
GetMetrics(): 0:00:00.005972
End Generation/Year Loop6: 0:00:00.322744

DoCDClimate(): 0:00:00.001201
DoMate() and DoOffspring: 0:00:00.030453
The file ind7.csv has been created
Second DoUpdate(): 0:00:00.038691
DoEmigration(): 0:00:00.136128
DoOutMortality(): 0:00:00.012688
The file ind7.csv has been created
Third DoUpdate(): 0:00:00.049090
DoImmigration(): 0:00:00.080250
DoInMortality(): 0:00:00.016530
GetMetrics(): 0:00:00.007609
End Generation/Year Loop7: 0:00:00.388054

DoCDClimate(): 0:00:00.000917
DoMate() and DoOffspring: 0:00:00.039836
The file ind8.csv has been created
Second DoUpdate(): 0:00:00.034019
DoEmigration(): 0:00:00.166257
DoOutMortality(): 0:00:00.012287
The file ind8.csv has been created
Third DoUpdate(): 0:00:00.047277
DoImmigration(): 0:00:00.077595
DoInMortality(): 0:00:00.016520
GetMetrics(): 0:00:00.007850
End Generation/Year Loop8: 0:00:00.404668

DoCDClimate(): 0:00:00.001604
DoMate() and DoOffspring: 0:00:00.027236
The file ind9.csv has been created
Second DoUpdate(): 0:00:00.034361
DoEmigration(): 0:00:00.138321
DoOutMortality(): 0:00:00.013483
The file ind9.csv has been created
Third DoUpdate(): 0:00:00.050839
DoImmigration(): 0:00:00.197999
DoInMortality(): 0:00:00.017967
GetMetrics(): 0:00:00.008005
End Generation/Year Loop9: 0:00:00.491071

DoCDClimate(): 0:00:00.001330
DoMate() and DoOffspring: 0:00:00.046520
The file ind10.csv has been created
Second DoUpdate(): 0:00:00.034440
DoEmigration(): 0:00:00.159277
DoOutMortality(): 0:00:00.011195
The file ind10.csv has been created
Third DoUpdate(): 0:00:00.045556
DoImmigration(): 0:00:00.074506
DoInMortality(): 0:00:00.015327
GetMetrics(): 0:00:00.007784
End Generation/Year Loop10: 0:00:00.397510

DoCDClimate(): 0:00:00.001216
DoMate() and DoOffspring: 0:00:00.030489
The file ind11.csv has been created
Second DoUpdate(): 0:00:00.037842
DoEmigration(): 0:00:00.129213
DoOutMortality(): 0:00:00.012194
The file ind11.csv has been created
Third DoUpdate(): 0:00:00.050191
DoImmigration(): 0:00:00.079046
DoInMortality(): 0:00:00.016047
GetMetrics(): 0:00:00.008052
End Generation/Year Loop11: 0:00:00.365774

DoCDClimate(): 0:00:00.001110
DoMate() and DoOffspring: 0:00:00.043689
The file ind12.csv has been created
Second DoUpdate(): 0:00:00.034136
DoEmigration(): 0:00:00.177405
DoOutMortality(): 0:00:00.013589
The file ind12.csv has been created
Third DoUpdate(): 0:00:00.049363
DoImmigration(): 0:00:00.080241
DoInMortality(): 0:00:00.014858
GetMetrics(): 0:00:00.007419
End Generation/Year Loop12: 0:00:00.423280

DoCDClimate(): 0:00:00.000886
DoMate() and DoOffspring: 0:00:00.025370
The file ind13.csv has been created
Second DoUpdate(): 0:00:00.035930
DoEmigration(): 0:00:00.141096
DoOutMortality(): 0:00:00.012796
The file ind13.csv has been created
Third DoUpdate(): 0:00:00.051324
DoImmigration(): 0:00:00.083123
DoInMortality(): 0:00:00.016169
GetMetrics(): 0:00:00.007798
End Generation/Year Loop13: 0:00:00.376615

DoCDClimate(): 0:00:00.001077
DoMate() and DoOffspring: 0:00:00.048508
The file ind14.csv has been created
Second DoUpdate(): 0:00:00.035527
DoEmigration(): 0:00:00.183329
DoOutMortality(): 0:00:00.012953
The file ind14.csv has been created
Third DoUpdate(): 0:00:00.061375
DoImmigration(): 0:00:00.101651
DoInMortality(): 0:00:00.019689
GetMetrics(): 0:00:00.009424
End Generation/Year Loop14: 0:00:00.475041

DoCDClimate(): 0:00:00.001277
DoMate() and DoOffspring: 0:00:00.023189
The file ind15.csv has been created
Second DoUpdate(): 0:00:00.042068
DoEmigration(): 0:00:00.131853
DoOutMortality(): 0:00:00.013349
The file ind15.csv has been created
Third DoUpdate(): 0:00:00.049426
DoImmigration(): 0:00:00.079617
DoInMortality(): 0:00:00.016436
GetMetrics(): 0:00:00.007196
End Generation/Year Loop15: 0:00:00.365548

DoCDClimate(): 0:00:00.000907
DoMate() and DoOffspring: 0:00:00.042703
The file ind16.csv has been created
Second DoUpdate(): 0:00:00.024734
DoEmigration(): 0:00:00.151194
DoOutMortality(): 0:00:00.009219
The file ind16.csv has been created
Third DoUpdate(): 0:00:00.037513
DoImmigration(): 0:00:00.059034
DoInMortality(): 0:00:00.010932
GetMetrics(): 0:00:00.005462
End Generation/Year Loop16: 0:00:00.342117

DoCDClimate(): 0:00:00.005260
DoMate() and DoOffspring: 0:00:00.028077
The file ind17.csv has been created
Second DoUpdate(): 0:00:00.025198
DoEmigration(): 0:00:00.083825
DoOutMortality(): 0:00:00.009642
The file ind17.csv has been created
Third DoUpdate(): 0:00:00.038321
DoImmigration(): 0:00:00.108403
DoInMortality(): 0:00:00.014298
GetMetrics(): 0:00:00.005938
End Generation/Year Loop17: 0:00:00.330881

DoCDClimate(): 0:00:00.004077
DoMate() and DoOffspring: 0:00:00.039263
The file ind18.csv has been created
Second DoUpdate(): 0:00:00.026490
DoEmigration(): 0:00:00.145882
DoOutMortality(): 0:00:00.008836
The file ind18.csv has been created
Third DoUpdate(): 0:00:00.036657
DoImmigration(): 0:00:00.059318
DoInMortality(): 0:00:00.011135
GetMetrics(): 0:00:00.005363
End Generation/Year Loop18: 0:00:00.337569

DoCDClimate(): 0:00:00.003221
DoMate() and DoOffspring: 0:00:00.040013
The file ind19.csv has been created
Second DoUpdate(): 0:00:00.025617
DoEmigration(): 0:00:00.069550
DoOutMortality(): 0:00:00.009060
The file ind19.csv has been created
Third DoUpdate(): 0:00:00.035057
DoImmigration(): 0:00:00.056006
DoInMortality(): 0:00:00.011182
GetMetrics(): 0:00:00.005459
End Generation/Year Loop19: 0:00:00.256154

DoCDClimate(): 0:00:00.006103
DoMate() and DoOffspring: 0:00:00.049929
The file ind20.csv has been created
Second DoUpdate(): 0:00:00.023114
DoEmigration(): 0:00:00.147721
DoOutMortality(): 0:00:00.008736
The file ind20.csv has been created
Third DoUpdate(): 0:00:00.036593
DoImmigration(): 0:00:00.090163
DoInMortality(): 0:00:00.011477
GetMetrics(): 0:00:00.005988
End Generation/Year Loop20: 0:00:00.388268

DoCDClimate(): 0:00:00.000925
DoMate() and DoOffspring: 0:00:00.010812
The file ind21.csv has been created
Second DoUpdate(): 0:00:00.025519
DoEmigration(): 0:00:00.070357
DoOutMortality(): 0:00:00.008729
The file ind21.csv has been created
Third DoUpdate(): 0:00:00.035960
DoImmigration(): 0:00:00.056112
DoInMortality(): 0:00:00.011237
GetMetrics(): 0:00:00.005490
End Generation/Year Loop21: 0:00:00.225998

DoCDClimate(): 0:00:00.005884
DoMate() and DoOffspring: 0:00:00.042023
The file ind22.csv has been created
Second DoUpdate(): 0:00:00.024659
DoEmigration(): 0:00:00.153895
DoOutMortality(): 0:00:00.009275
The file ind22.csv has been created
Third DoUpdate(): 0:00:00.036859
DoImmigration(): 0:00:00.059181
DoInMortality(): 0:00:00.011056
GetMetrics(): 0:00:00.005580
End Generation/Year Loop22: 0:00:00.351365

DoCDClimate(): 0:00:00.000998
DoMate() and DoOffspring: 0:00:00.009223
The file ind23.csv has been created
Second DoUpdate(): 0:00:00.024486
DoEmigration(): 0:00:00.058796
DoOutMortality(): 0:00:00.008669
The file ind23.csv has been created
Third DoUpdate(): 0:00:00.035019
DoImmigration(): 0:00:00.053768
DoInMortality(): 0:00:00.011059
GetMetrics(): 0:00:00.005727
End Generation/Year Loop23: 0:00:00.208495

DoCDClimate(): 0:00:00.006779
DoMate() and DoOffspring: 0:00:00.048630
The file ind24.csv has been created
Second DoUpdate(): 0:00:00.025004
DoEmigration(): 0:00:00.186491
DoOutMortality(): 0:00:00.009417
The file ind24.csv has been created
Third DoUpdate(): 0:00:00.037561
DoImmigration(): 0:00:00.058874
DoInMortality(): 0:00:00.010914
GetMetrics(): 0:00:00.005411
End Generation/Year Loop24: 0:00:00.407475

DoCDClimate(): 0:00:00.022839
DoMate() and DoOffspring: 0:00:00.032602
The file ind25.csv has been created
Second DoUpdate(): 0:00:00.043970
DoEmigration(): 0:00:00.105291
DoOutMortality(): 0:00:00.013479
The file ind25.csv has been created
Third DoUpdate(): 0:00:00.047085
DoImmigration(): 0:00:00.073735
DoInMortality(): 0:00:00.017024
GetMetrics(): 0:00:00.007728
End Generation/Year Loop25: 0:00:00.372396

DoCDClimate(): 0:00:00.000911
DoMate() and DoOffspring: 0:00:00.059901
The file ind26.csv has been created
Second DoUpdate(): 0:00:00.027425
DoEmigration(): 0:00:00.152675
DoOutMortality(): 0:00:00.008962
The file ind26.csv has been created
Third DoUpdate(): 0:00:00.037043
DoImmigration(): 0:00:00.072757
DoInMortality(): 0:00:00.011952
GetMetrics(): 0:00:00.005806
End Generation/Year Loop26: 0:00:00.378116

DoCDClimate(): 0:00:00.001013
DoMate() and DoOffspring: 0:00:00.010276
The file ind27.csv has been created
Second DoUpdate(): 0:00:00.026346
DoEmigration(): 0:00:00.064304
DoOutMortality(): 0:00:00.009070
The file ind27.csv has been created
Third DoUpdate(): 0:00:00.034900
DoImmigration(): 0:00:00.053414
DoInMortality(): 0:00:00.011127
GetMetrics(): 0:00:00.005491
End Generation/Year Loop27: 0:00:00.217101

DoCDClimate(): 0:00:00.001640
DoMate() and DoOffspring: 0:00:00.072507
The file ind28.csv has been created
Second DoUpdate(): 0:00:00.035746
DoEmigration(): 0:00:00.211526
DoOutMortality(): 0:00:00.012306
The file ind28.csv has been created
Third DoUpdate(): 0:00:00.052476
DoImmigration(): 0:00:00.081433
DoInMortality(): 0:00:00.015703
GetMetrics(): 0:00:00.007494
End Generation/Year Loop28: 0:00:00.492113

DoCDClimate(): 0:00:00.000872
DoMate() and DoOffspring: 0:00:00.015764
The file ind29.csv has been created
Second DoUpdate(): 0:00:00.044885
DoEmigration(): 0:00:00.096150
DoOutMortality(): 0:00:00.011808
The file ind29.csv has been created
Third DoUpdate(): 0:00:00.046951
DoImmigration(): 0:00:00.076095
DoInMortality(): 0:00:00.016025
GetMetrics(): 0:00:00.007482
End Generation/Year Loop29: 0:00:00.316842

DoCDClimate(): 0:00:00.001040
DoMate() and DoOffspring: 0:00:00.071232
The file ind30.csv has been created
Second DoUpdate(): 0:00:00.033695
DoEmigration(): 0:00:00.204975
DoOutMortality(): 0:00:00.013065
The file ind30.csv has been created
Third DoUpdate(): 0:00:00.050397
DoImmigration(): 0:00:00.081709
DoInMortality(): 0:00:00.016793
GetMetrics(): 0:00:00.006768
End Generation/Year Loop30: 0:00:00.480692

DoCDClimate(): 0:00:00.000924
DoMate() and DoOffspring: 0:00:00.017518
The file ind31.csv has been created
Second DoUpdate(): 0:00:00.036963
DoEmigration(): 0:00:00.090306
DoOutMortality(): 0:00:00.010974
The file ind31.csv has been created
Third DoUpdate(): 0:00:00.046369
DoImmigration(): 0:00:00.070870
DoInMortality(): 0:00:00.015293
GetMetrics(): 0:00:00.008059
End Generation/Year Loop31: 0:00:00.299061

DoCDClimate(): 0:00:00.001155
DoMate() and DoOffspring: 0:00:00.058010
The file ind32.csv has been created
Second DoUpdate(): 0:00:00.032798
DoEmigration(): 0:00:00.198596
DoOutMortality(): 0:00:00.012329
The file ind32.csv has been created
Third DoUpdate(): 0:00:00.050002
DoImmigration(): 0:00:00.079500
DoInMortality(): 0:00:00.013948
GetMetrics(): 0:00:00.007261
End Generation/Year Loop32: 0:00:00.454543

DoCDClimate(): 0:00:00.001135
DoMate() and DoOffspring: 0:00:00.012088
The file ind33.csv has been created
Second DoUpdate(): 0:00:00.033511
DoEmigration(): 0:00:00.066290
DoOutMortality(): 0:00:00.011887
The file ind33.csv has been created
Third DoUpdate(): 0:00:00.044119
DoImmigration(): 0:00:00.070538
DoInMortality(): 0:00:00.014376
GetMetrics(): 0:00:00.007657
End Generation/Year Loop33: 0:00:00.262715

DoCDClimate(): 0:00:00.000921
DoMate() and DoOffspring: 0:00:00.075671
The file ind34.csv has been created
Second DoUpdate(): 0:00:00.034385
DoEmigration(): 0:00:00.200850
DoOutMortality(): 0:00:00.011496
The file ind34.csv has been created
Third DoUpdate(): 0:00:00.049175
DoImmigration(): 0:00:00.080689
DoInMortality(): 0:00:00.015545
GetMetrics(): 0:00:00.007202
End Generation/Year Loop34: 0:00:00.477359

DoCDClimate(): 0:00:00.001848
DoMate() and DoOffspring: 0:00:00.016804
The file ind35.csv has been created
Second DoUpdate(): 0:00:00.036913
DoEmigration(): 0:00:00.076605
DoOutMortality(): 0:00:00.011085
The file ind35.csv has been created
Third DoUpdate(): 0:00:00.042999
DoImmigration(): 0:00:00.068635
DoInMortality(): 0:00:00.013410
GetMetrics(): 0:00:00.007496
End Generation/Year Loop35: 0:00:00.277247

DoCDClimate(): 0:00:00.001077
DoMate() and DoOffspring: 0:00:00.068604
The file ind36.csv has been created
Second DoUpdate(): 0:00:00.032036
DoEmigration(): 0:00:00.209127
DoOutMortality(): 0:00:00.012781
The file ind36.csv has been created
Third DoUpdate(): 0:00:00.050544
DoImmigration(): 0:00:00.077472
DoInMortality(): 0:00:00.014475
GetMetrics(): 0:00:00.007140
End Generation/Year Loop36: 0:00:00.474051

DoCDClimate(): 0:00:00.000872
DoMate() and DoOffspring: 0:00:00.011134
The file ind37.csv has been created
Second DoUpdate(): 0:00:00.034396
DoEmigration(): 0:00:00.092987
DoOutMortality(): 0:00:00.015229
The file ind37.csv has been created
Third DoUpdate(): 0:00:00.060175
DoImmigration(): 0:00:00.084906
DoInMortality(): 0:00:00.017316
GetMetrics(): 0:00:00.008388
End Generation/Year Loop37: 0:00:00.326182

DoCDClimate(): 0:00:00.001258
DoMate() and DoOffspring: 0:00:00.085412
The file ind38.csv has been created
Second DoUpdate(): 0:00:00.036731
DoEmigration(): 0:00:00.221493
DoOutMortality(): 0:00:00.012427
The file ind38.csv has been created
Third DoUpdate(): 0:00:00.054312
DoImmigration(): 0:00:00.086597
DoInMortality(): 0:00:00.015822
GetMetrics(): 0:00:00.007494
End Generation/Year Loop38: 0:00:00.522723

DoCDClimate(): 0:00:00.001088
DoMate() and DoOffspring: 0:00:00.012604
The file ind39.csv has been created
Second DoUpdate(): 0:00:00.036562
DoEmigration(): 0:00:00.048806
DoOutMortality(): 0:00:00.010981
The file ind39.csv has been created
Third DoUpdate(): 0:00:00.042311
DoImmigration(): 0:00:00.067851
DoInMortality(): 0:00:00.013986
GetMetrics(): 0:00:00.007178
End Generation/Year Loop39: 0:00:00.242445

DoCDClimate(): 0:00:00.001287
DoMate() and DoOffspring: 0:00:00.080606
The file ind40.csv has been created
Second DoUpdate(): 0:00:00.030950
DoEmigration(): 0:00:00.215893
DoOutMortality(): 0:00:00.012589
The file ind40.csv has been created
Third DoUpdate(): 0:00:00.050961
DoImmigration(): 0:00:00.077413
DoInMortality(): 0:00:00.014939
GetMetrics(): 0:00:00.007025
End Generation/Year Loop40: 0:00:00.492675

DoCDClimate(): 0:00:00.001248
DoMate() and DoOffspring: 0:00:00.013254
The file ind41.csv has been created
Second DoUpdate(): 0:00:00.036235
DoEmigration(): 0:00:00.051415
DoOutMortality(): 0:00:00.011021
The file ind41.csv has been created
Third DoUpdate(): 0:00:00.043759
DoImmigration(): 0:00:00.066129
DoInMortality(): 0:00:00.013072
GetMetrics(): 0:00:00.006927
End Generation/Year Loop41: 0:00:00.243906

DoCDClimate(): 0:00:00.001096
DoMate() and DoOffspring: 0:00:00.083070
The file ind42.csv has been created
Second DoUpdate(): 0:00:00.032396
DoEmigration(): 0:00:00.219152
DoOutMortality(): 0:00:00.013023
The file ind42.csv has been created
Third DoUpdate(): 0:00:00.050898
DoImmigration(): 0:00:00.081204
DoInMortality(): 0:00:00.015632
GetMetrics(): 0:00:00.007510
End Generation/Year Loop42: 0:00:00.504563

DoCDClimate(): 0:00:00.001309
DoMate() and DoOffspring: 0:00:00.012254
The file ind43.csv has been created
Second DoUpdate(): 0:00:00.036679
DoEmigration(): 0:00:00.064642
DoOutMortality(): 0:00:00.012574
The file ind43.csv has been created
Third DoUpdate(): 0:00:00.046452
DoImmigration(): 0:00:00.068631
DoInMortality(): 0:00:00.015021
GetMetrics(): 0:00:00.007315
End Generation/Year Loop43: 0:00:00.265989

DoCDClimate(): 0:00:00.001116
DoMate() and DoOffspring: 0:00:00.068797
The file ind44.csv has been created
Second DoUpdate(): 0:00:00.032573
DoEmigration(): 0:00:00.210558
DoOutMortality(): 0:00:00.011959
The file ind44.csv has been created
Third DoUpdate(): 0:00:00.047255
DoImmigration(): 0:00:00.078840
DoInMortality(): 0:00:00.015548
GetMetrics(): 0:00:00.006794
End Generation/Year Loop44: 0:00:00.474582

DoCDClimate(): 0:00:00.000875
DoMate() and DoOffspring: 0:00:00.011299
The file ind45.csv has been created
Second DoUpdate(): 0:00:00.035970
DoEmigration(): 0:00:00.069321
DoOutMortality(): 0:00:00.012554
The file ind45.csv has been created
Third DoUpdate(): 0:00:00.045966
DoImmigration(): 0:00:00.071879
DoInMortality(): 0:00:00.015742
GetMetrics(): 0:00:00.007834
End Generation/Year Loop45: 0:00:00.272664

DoCDClimate(): 0:00:00.001142
DoMate() and DoOffspring: 0:00:00.073051
The file ind46.csv has been created
Second DoUpdate(): 0:00:00.033306
DoEmigration(): 0:00:00.221223
DoOutMortality(): 0:00:00.011867
The file ind46.csv has been created
Third DoUpdate(): 0:00:00.053119
DoImmigration(): 0:00:00.082210
DoInMortality(): 0:00:00.015455
GetMetrics(): 0:00:00.007647
End Generation/Year Loop46: 0:00:00.499590

DoCDClimate(): 0:00:00.001175
DoMate() and DoOffspring: 0:00:00.011208
The file ind47.csv has been created
Second DoUpdate(): 0:00:00.035544
DoEmigration(): 0:00:00.057269
DoOutMortality(): 0:00:00.012173
The file ind47.csv has been created
Third DoUpdate(): 0:00:00.048047
DoImmigration(): 0:00:00.073138
DoInMortality(): 0:00:00.016104
GetMetrics(): 0:00:00.007575
End Generation/Year Loop47: 0:00:00.262501

DoCDClimate(): 0:00:00.001319
DoMate() and DoOffspring: 0:00:00.086308
The file ind48.csv has been created
Second DoUpdate(): 0:00:00.034288
DoEmigration(): 0:00:00.224124
DoOutMortality(): 0:00:00.013878
The file ind48.csv has been created
Third DoUpdate(): 0:00:00.051647
DoImmigration(): 0:00:00.079811
DoInMortality(): 0:00:00.015643
GetMetrics(): 0:00:00.006925
End Generation/Year Loop48: 0:00:00.514623

DoCDClimate(): 0:00:00.001112
DoMate() and DoOffspring: 0:00:00.010125
The file ind49.csv has been created
Second DoUpdate(): 0:00:00.037161
DoEmigration(): 0:00:00.056109
DoOutMortality(): 0:00:00.011571
The file ind49.csv has been created
Third DoUpdate(): 0:00:00.046212
DoImmigration(): 0:00:00.068978
DoInMortality(): 0:00:00.015571
GetMetrics(): 0:00:00.008031
End Generation/Year Loop49: 0:00:00.255156

DoCDClimate(): 0:00:00.000901
DoMate() and DoOffspring: 0:00:00.085280
The file ind50.csv has been created
Second DoUpdate(): 0:00:00.035223
DoEmigration(): 0:00:00.229267
DoOutMortality(): 0:00:00.012262
The file ind50.csv has been created
Third DoUpdate(): 0:00:00.054174
DoImmigration(): 0:00:00.084923
DoInMortality(): 0:00:00.014613
GetMetrics(): 0:00:00.006452
End Generation/Year Loop50: 0:00:00.523687

DoCDClimate(): 0:00:00.001605
DoMate() and DoOffspring: 0:00:00.009061
The file ind51.csv has been created
Second DoUpdate(): 0:00:00.032791
DoEmigration(): 0:00:00.034845
DoOutMortality(): 0:00:00.012141
The file ind51.csv has been created
Third DoUpdate(): 0:00:00.042031
DoImmigration(): 0:00:00.062709
DoInMortality(): 0:00:00.014491
GetMetrics(): 0:00:00.007255
End Generation/Year Loop51: 0:00:00.217629

DoCDClimate(): 0:00:00.001481
DoMate() and DoOffspring: 0:00:00.089763
The file ind52.csv has been created
Second DoUpdate(): 0:00:00.030165
DoEmigration(): 0:00:00.224049
DoOutMortality(): 0:00:00.012241
The file ind52.csv has been created
Third DoUpdate(): 0:00:00.050942
DoImmigration(): 0:00:00.082199
DoInMortality(): 0:00:00.015609
GetMetrics(): 0:00:00.007074
End Generation/Year Loop52: 0:00:00.514147

DoCDClimate(): 0:00:00.001236
DoMate() and DoOffspring: 0:00:00.008194
The file ind53.csv has been created
Second DoUpdate(): 0:00:00.035134
DoEmigration(): 0:00:00.031611
DoOutMortality(): 0:00:00.012778
The file ind53.csv has been created
Third DoUpdate(): 0:00:00.047816
DoImmigration(): 0:00:00.062764
DoInMortality(): 0:00:00.014082
GetMetrics(): 0:00:00.006177
End Generation/Year Loop53: 0:00:00.220588

DoCDClimate(): 0:00:00.001538
DoMate() and DoOffspring: 0:00:00.093123
The file ind54.csv has been created
Second DoUpdate(): 0:00:00.031723
DoEmigration(): 0:00:00.229670
DoOutMortality(): 0:00:00.013713
The file ind54.csv has been created
Third DoUpdate(): 0:00:00.052496
DoImmigration(): 0:00:00.083434
DoInMortality(): 0:00:00.014417
GetMetrics(): 0:00:00.007689
End Generation/Year Loop54: 0:00:00.528316

DoCDClimate(): 0:00:00.001106
DoMate() and DoOffspring: 0:00:00.007514
The file ind55.csv has been created
Second DoUpdate(): 0:00:00.036150
DoEmigration(): 0:00:00.032340
DoOutMortality(): 0:00:00.012529
The file ind55.csv has been created
Third DoUpdate(): 0:00:00.044428
DoImmigration(): 0:00:00.068020
DoInMortality(): 0:00:00.015212
GetMetrics(): 0:00:00.006835
End Generation/Year Loop55: 0:00:00.224400

DoCDClimate(): 0:00:00.001302
DoMate() and DoOffspring: 0:00:00.093757
The file ind56.csv has been created
Second DoUpdate(): 0:00:00.033593
DoEmigration(): 0:00:00.232784
DoOutMortality(): 0:00:00.011880
The file ind56.csv has been created
Third DoUpdate(): 0:00:00.052792
DoImmigration(): 0:00:00.085507
DoInMortality(): 0:00:00.016004
GetMetrics(): 0:00:00.007383
End Generation/Year Loop56: 0:00:00.536091

DoCDClimate(): 0:00:00.001181
DoMate() and DoOffspring: 0:00:00.009585
The file ind57.csv has been created
Second DoUpdate(): 0:00:00.035702
DoEmigration(): 0:00:00.032985
DoOutMortality(): 0:00:00.011964
The file ind57.csv has been created
Third DoUpdate(): 0:00:00.051411
DoImmigration(): 0:00:00.065872
DoInMortality(): 0:00:00.014339
GetMetrics(): 0:00:00.007104
End Generation/Year Loop57: 0:00:00.230825

DoCDClimate(): 0:00:00.001123
DoMate() and DoOffspring: 0:00:00.086198
The file ind58.csv has been created
Second DoUpdate(): 0:00:00.030878
DoEmigration(): 0:00:00.224870
DoOutMortality(): 0:00:00.012371
The file ind58.csv has been created
Third DoUpdate(): 0:00:00.051623
DoImmigration(): 0:00:00.080224
DoInMortality(): 0:00:00.015404
GetMetrics(): 0:00:00.006745
End Generation/Year Loop58: 0:00:00.510166

DoCDClimate(): 0:00:00.001301
DoMate() and DoOffspring: 0:00:00.006668
The file ind59.csv has been created
Second DoUpdate(): 0:00:00.034850
DoEmigration(): 0:00:00.031432
DoOutMortality(): 0:00:00.010320
The file ind59.csv has been created
Third DoUpdate(): 0:00:00.043351
DoImmigration(): 0:00:00.066552
DoInMortality(): 0:00:00.014168
GetMetrics(): 0:00:00.006367
End Generation/Year Loop59: 0:00:00.215332

DoCDClimate(): 0:00:00.001272
DoMate() and DoOffspring: 0:00:00.089756
The file ind60.csv has been created
Second DoUpdate(): 0:00:00.031501
DoEmigration(): 0:00:00.226417
DoOutMortality(): 0:00:00.012049
The file ind60.csv has been created
Third DoUpdate(): 0:00:00.051942
DoImmigration(): 0:00:00.087982
DoInMortality(): 0:00:00.015363
GetMetrics(): 0:00:00.007599
End Generation/Year Loop60: 0:00:00.524159

DoCDClimate(): 0:00:00.001168
DoMate() and DoOffspring: 0:00:00.007815
The file ind61.csv has been created
Second DoUpdate(): 0:00:00.036678
DoEmigration(): 0:00:00.030479
DoOutMortality(): 0:00:00.012175
The file ind61.csv has been created
Third DoUpdate(): 0:00:00.045559
DoImmigration(): 0:00:00.066436
DoInMortality(): 0:00:00.014296
GetMetrics(): 0:00:00.006528
End Generation/Year Loop61: 0:00:00.221422

DoCDClimate(): 0:00:00.001446
DoMate() and DoOffspring: 0:00:00.131754
The file ind62.csv has been created
Second DoUpdate(): 0:00:00.035138
DoEmigration(): 0:00:00.235132
DoOutMortality(): 0:00:00.012341
The file ind62.csv has been created
Third DoUpdate(): 0:00:00.051842
DoImmigration(): 0:00:00.078579
DoInMortality(): 0:00:00.015433
GetMetrics(): 0:00:00.006562
End Generation/Year Loop62: 0:00:00.568927

DoCDClimate(): 0:00:00.001168
DoMate() and DoOffspring: 0:00:00.009186
The file ind63.csv has been created
Second DoUpdate(): 0:00:00.033948
DoEmigration(): 0:00:00.031377
DoOutMortality(): 0:00:00.010445
The file ind63.csv has been created
Third DoUpdate(): 0:00:00.044415
DoImmigration(): 0:00:00.069296
DoInMortality(): 0:00:00.014190
GetMetrics(): 0:00:00.007394
End Generation/Year Loop63: 0:00:00.223254

DoCDClimate(): 0:00:00.001408
DoMate() and DoOffspring: 0:00:00.090245
The file ind64.csv has been created
Second DoUpdate(): 0:00:00.031263
DoEmigration(): 0:00:00.227206
DoOutMortality(): 0:00:00.012025
The file ind64.csv has been created
Third DoUpdate(): 0:00:00.050615
DoImmigration(): 0:00:00.078494
DoInMortality(): 0:00:00.013941
GetMetrics(): 0:00:00.007708
End Generation/Year Loop64: 0:00:00.514009

DoCDClimate(): 0:00:00.000934
DoMate() and DoOffspring: 0:00:00.008042
The file ind65.csv has been created
Second DoUpdate(): 0:00:00.032747
DoEmigration(): 0:00:00.033848
DoOutMortality(): 0:00:00.012093
The file ind65.csv has been created
Third DoUpdate(): 0:00:00.046968
DoImmigration(): 0:00:00.067075
DoInMortality(): 0:00:00.014010
GetMetrics(): 0:00:00.006750
End Generation/Year Loop65: 0:00:00.223382

DoCDClimate(): 0:00:00.000906
DoMate() and DoOffspring: 0:00:00.090117
The file ind66.csv has been created
Second DoUpdate(): 0:00:00.034348
DoEmigration(): 0:00:00.223078
DoOutMortality(): 0:00:00.012610
The file ind66.csv has been created
Third DoUpdate(): 0:00:00.055691
DoImmigration(): 0:00:00.080695
DoInMortality(): 0:00:00.015261
GetMetrics(): 0:00:00.007249
End Generation/Year Loop66: 0:00:00.521139

DoCDClimate(): 0:00:00.001611
DoMate() and DoOffspring: 0:00:00.006172
The file ind67.csv has been created
Second DoUpdate(): 0:00:00.032944
DoEmigration(): 0:00:00.029132
DoOutMortality(): 0:00:00.012568
The file ind67.csv has been created
Third DoUpdate(): 0:00:00.043457
DoImmigration(): 0:00:00.063023
DoInMortality(): 0:00:00.012899
GetMetrics(): 0:00:00.006442
End Generation/Year Loop67: 0:00:00.209279

DoCDClimate(): 0:00:00.001132
DoMate() and DoOffspring: 0:00:00.089890
The file ind68.csv has been created
Second DoUpdate(): 0:00:00.031624
DoEmigration(): 0:00:00.226263
DoOutMortality(): 0:00:00.011473
The file ind68.csv has been created
Third DoUpdate(): 0:00:00.051243
DoImmigration(): 0:00:00.076729
DoInMortality(): 0:00:00.013352
GetMetrics(): 0:00:00.007081
End Generation/Year Loop68: 0:00:00.509626

DoCDClimate(): 0:00:00.001494
DoMate() and DoOffspring: 0:00:00.008695
The file ind69.csv has been created
Second DoUpdate(): 0:00:00.034298
DoEmigration(): 0:00:00.033098
DoOutMortality(): 0:00:00.010783
The file ind69.csv has been created
Third DoUpdate(): 0:00:00.044642
DoImmigration(): 0:00:00.068134
DoInMortality(): 0:00:00.014250
GetMetrics(): 0:00:00.006832
End Generation/Year Loop69: 0:00:00.223182

DoCDClimate(): 0:00:00.001225
DoMate() and DoOffspring: 0:00:00.090514
The file ind70.csv has been created
Second DoUpdate(): 0:00:00.032040
DoEmigration(): 0:00:00.221020
DoOutMortality(): 0:00:00.011954
The file ind70.csv has been created
Third DoUpdate(): 0:00:00.050417
DoImmigration(): 0:00:00.080447
DoInMortality(): 0:00:00.013787
GetMetrics(): 0:00:00.006977
End Generation/Year Loop70: 0:00:00.509252

DoCDClimate(): 0:00:00.001113
DoMate() and DoOffspring: 0:00:00.008177
The file ind71.csv has been created
Second DoUpdate(): 0:00:00.032315
DoEmigration(): 0:00:00.032392
DoOutMortality(): 0:00:00.011707
The file ind71.csv has been created
Third DoUpdate(): 0:00:00.044228
DoImmigration(): 0:00:00.063756
DoInMortality(): 0:00:00.013824
GetMetrics(): 0:00:00.006911
End Generation/Year Loop71: 0:00:00.215217

DoCDClimate(): 0:00:00.000903
DoMate() and DoOffspring: 0:00:00.090712
The file ind72.csv has been created
Second DoUpdate(): 0:00:00.031081
DoEmigration(): 0:00:00.266459
DoOutMortality(): 0:00:00.011783
The file ind72.csv has been created
Third DoUpdate(): 0:00:00.050228
DoImmigration(): 0:00:00.080900
DoInMortality(): 0:00:00.013750
GetMetrics(): 0:00:00.006422
End Generation/Year Loop72: 0:00:00.553311

DoCDClimate(): 0:00:00.001370
DoMate() and DoOffspring: 0:00:00.008549
The file ind73.csv has been created
Second DoUpdate(): 0:00:00.034607
DoEmigration(): 0:00:00.034528
DoOutMortality(): 0:00:00.010710
The file ind73.csv has been created
Third DoUpdate(): 0:00:00.043808
DoImmigration(): 0:00:00.067594
DoInMortality(): 0:00:00.013958
GetMetrics(): 0:00:00.006980
End Generation/Year Loop73: 0:00:00.223495

DoCDClimate(): 0:00:00.001107
DoMate() and DoOffspring: 0:00:00.085564
The file ind74.csv has been created
Second DoUpdate(): 0:00:00.032291
DoEmigration(): 0:00:00.215364
DoOutMortality(): 0:00:00.012601
The file ind74.csv has been created
Third DoUpdate(): 0:00:00.051759
DoImmigration(): 0:00:00.081748
DoInMortality(): 0:00:00.014297
GetMetrics(): 0:00:00.007343
End Generation/Year Loop74: 0:00:00.503329

DoCDClimate(): 0:00:00.001091
DoMate() and DoOffspring: 0:00:00.008191
The file ind75.csv has been created
Second DoUpdate(): 0:00:00.031077
DoEmigration(): 0:00:00.031570
DoOutMortality(): 0:00:00.011709
The file ind75.csv has been created
Third DoUpdate(): 0:00:00.043605
DoImmigration(): 0:00:00.066857
DoInMortality(): 0:00:00.013591
GetMetrics(): 0:00:00.005871
End Generation/Year Loop75: 0:00:00.215041

DoCDClimate(): 0:00:00.001080
DoMate() and DoOffspring: 0:00:00.082201
The file ind76.csv has been created
Second DoUpdate(): 0:00:00.030041
DoEmigration(): 0:00:00.221636
DoOutMortality(): 0:00:00.011772
The file ind76.csv has been created
Third DoUpdate(): 0:00:00.053147
DoImmigration(): 0:00:00.080341
DoInMortality(): 0:00:00.013320
GetMetrics(): 0:00:00.006641
End Generation/Year Loop76: 0:00:00.501297

DoCDClimate(): 0:00:00.001605
DoMate() and DoOffspring: 0:00:00.009063
The file ind77.csv has been created
Second DoUpdate(): 0:00:00.031992
DoEmigration(): 0:00:00.031771
DoOutMortality(): 0:00:00.012176
The file ind77.csv has been created
Third DoUpdate(): 0:00:00.039411
DoImmigration(): 0:00:00.066453
DoInMortality(): 0:00:00.013677
GetMetrics(): 0:00:00.007371
End Generation/Year Loop77: 0:00:00.214699

DoCDClimate(): 0:00:00.000902
DoMate() and DoOffspring: 0:00:00.093181
The file ind78.csv has been created
Second DoUpdate(): 0:00:00.029718
DoEmigration(): 0:00:00.221258
DoOutMortality(): 0:00:00.013817
The file ind78.csv has been created
Third DoUpdate(): 0:00:00.050537
DoImmigration(): 0:00:00.082030
DoInMortality(): 0:00:00.014738
GetMetrics(): 0:00:00.006822
End Generation/Year Loop78: 0:00:00.514179

DoCDClimate(): 0:00:00.001195
DoMate() and DoOffspring: 0:00:00.007319
The file ind79.csv has been created
Second DoUpdate(): 0:00:00.031369
DoEmigration(): 0:00:00.031737
DoOutMortality(): 0:00:00.011104
The file ind79.csv has been created
Third DoUpdate(): 0:00:00.041849
DoImmigration(): 0:00:00.063757
DoInMortality(): 0:00:00.012646
GetMetrics(): 0:00:00.006684
End Generation/Year Loop79: 0:00:00.208336

DoCDClimate(): 0:00:00.000879
DoMate() and DoOffspring: 0:00:00.081384
The file ind80.csv has been created
Second DoUpdate(): 0:00:00.031986
DoEmigration(): 0:00:00.287384
DoOutMortality(): 0:00:00.011580
The file ind80.csv has been created
Third DoUpdate(): 0:00:00.049879
DoImmigration(): 0:00:00.079637
DoInMortality(): 0:00:00.015253
GetMetrics(): 0:00:00.006934
End Generation/Year Loop80: 0:00:00.566297

DoCDClimate(): 0:00:00.000896
DoMate() and DoOffspring: 0:00:00.010170
The file ind81.csv has been created
Second DoUpdate(): 0:00:00.032359
DoEmigration(): 0:00:00.032592
DoOutMortality(): 0:00:00.011091
The file ind81.csv has been created
Third DoUpdate(): 0:00:00.040059
DoImmigration(): 0:00:00.066736
DoInMortality(): 0:00:00.013094
GetMetrics(): 0:00:00.006992
End Generation/Year Loop81: 0:00:00.215162

DoCDClimate(): 0:00:00.001426
DoMate() and DoOffspring: 0:00:00.084280
The file ind82.csv has been created
Second DoUpdate(): 0:00:00.030801
DoEmigration(): 0:00:00.224957
DoOutMortality(): 0:00:00.011655
The file ind82.csv has been created
Third DoUpdate(): 0:00:00.050902
DoImmigration(): 0:00:00.084488
DoInMortality(): 0:00:00.015631
GetMetrics(): 0:00:00.006631
End Generation/Year Loop82: 0:00:00.511570

DoCDClimate(): 0:00:00.001108
DoMate() and DoOffspring: 0:00:00.009487
The file ind83.csv has been created
Second DoUpdate(): 0:00:00.033616
DoEmigration(): 0:00:00.031885
DoOutMortality(): 0:00:00.013559
The file ind83.csv has been created
Third DoUpdate(): 0:00:00.035576
DoImmigration(): 0:00:00.073264
DoInMortality(): 0:00:00.011864
GetMetrics(): 0:00:00.006630
End Generation/Year Loop83: 0:00:00.217994

DoCDClimate(): 0:00:00.001205
DoMate() and DoOffspring: 0:00:00.095448
The file ind84.csv has been created
Second DoUpdate(): 0:00:00.031450
DoEmigration(): 0:00:00.230254
DoOutMortality(): 0:00:00.012767
The file ind84.csv has been created
Third DoUpdate(): 0:00:00.050774
DoImmigration(): 0:00:00.082161
DoInMortality(): 0:00:00.013613
GetMetrics(): 0:00:00.007938
End Generation/Year Loop84: 0:00:00.531023

DoCDClimate(): 0:00:00.001129
DoMate() and DoOffspring: 0:00:00.008427
The file ind85.csv has been created
Second DoUpdate(): 0:00:00.035947
DoEmigration(): 0:00:00.032459
DoOutMortality(): 0:00:00.010547
The file ind85.csv has been created
Third DoUpdate(): 0:00:00.045886
DoImmigration(): 0:00:00.068683
DoInMortality(): 0:00:00.013888
GetMetrics(): 0:00:00.006619
End Generation/Year Loop85: 0:00:00.224677

DoCDClimate(): 0:00:00.001148
DoMate() and DoOffspring: 0:00:00.088089
The file ind86.csv has been created
Second DoUpdate(): 0:00:00.030545
DoEmigration(): 0:00:00.231007
DoOutMortality(): 0:00:00.012435
The file ind86.csv has been created
Third DoUpdate(): 0:00:00.050542
DoImmigration(): 0:00:00.082501
DoInMortality(): 0:00:00.013590
GetMetrics(): 0:00:00.007056
End Generation/Year Loop86: 0:00:00.517734

DoCDClimate(): 0:00:00.001481
DoMate() and DoOffspring: 0:00:00.009771
The file ind87.csv has been created
Second DoUpdate(): 0:00:00.035526
DoEmigration(): 0:00:00.030393
DoOutMortality(): 0:00:00.011227
The file ind87.csv has been created
Third DoUpdate(): 0:00:00.042502
DoImmigration(): 0:00:00.063702
DoInMortality(): 0:00:00.013336
GetMetrics(): 0:00:00.006905
End Generation/Year Loop87: 0:00:00.215931

DoCDClimate(): 0:00:00.000903
DoMate() and DoOffspring: 0:00:00.082971
The file ind88.csv has been created
Second DoUpdate(): 0:00:00.029661
DoEmigration(): 0:00:00.227446
DoOutMortality(): 0:00:00.011163
The file ind88.csv has been created
Third DoUpdate(): 0:00:00.051021
DoImmigration(): 0:00:00.081991
DoInMortality(): 0:00:00.013988
GetMetrics(): 0:00:00.007422
End Generation/Year Loop88: 0:00:00.507534

DoCDClimate(): 0:00:00.001144
DoMate() and DoOffspring: 0:00:00.009112
The file ind89.csv has been created
Second DoUpdate(): 0:00:00.034995
DoEmigration(): 0:00:00.030825
DoOutMortality(): 0:00:00.011327
The file ind89.csv has been created
Third DoUpdate(): 0:00:00.042046
DoImmigration(): 0:00:00.065804
DoInMortality(): 0:00:00.014590
GetMetrics(): 0:00:00.007970
End Generation/Year Loop89: 0:00:00.218961

DoCDClimate(): 0:00:00.001112
DoMate() and DoOffspring: 0:00:00.094433
The file ind90.csv has been created
Second DoUpdate(): 0:00:00.030209
DoEmigration(): 0:00:00.230889
DoOutMortality(): 0:00:00.011747
The file ind90.csv has been created
Third DoUpdate(): 0:00:00.050843
DoImmigration(): 0:00:00.082720
DoInMortality(): 0:00:00.014451
GetMetrics(): 0:00:00.008188
End Generation/Year Loop90: 0:00:00.526059

DoCDClimate(): 0:00:00.001167
DoMate() and DoOffspring: 0:00:00.008549
The file ind91.csv has been created
Second DoUpdate(): 0:00:00.037086
DoEmigration(): 0:00:00.030352
DoOutMortality(): 0:00:00.011195
The file ind91.csv has been created
Third DoUpdate(): 0:00:00.042075
DoImmigration(): 0:00:00.069079
DoInMortality(): 0:00:00.014789
GetMetrics(): 0:00:00.006827
End Generation/Year Loop91: 0:00:00.222148

DoCDClimate(): 0:00:00.001571
DoMate() and DoOffspring: 0:00:00.090316
The file ind92.csv has been created
Second DoUpdate(): 0:00:00.032027
DoEmigration(): 0:00:00.224537
DoOutMortality(): 0:00:00.011200
The file ind92.csv has been created
Third DoUpdate(): 0:00:00.050446
DoImmigration(): 0:00:00.087833
DoInMortality(): 0:00:00.015902
GetMetrics(): 0:00:00.007200
End Generation/Year Loop92: 0:00:00.521958

DoCDClimate(): 0:00:00.001175
DoMate() and DoOffspring: 0:00:00.008326
The file ind93.csv has been created
Second DoUpdate(): 0:00:00.037035
DoEmigration(): 0:00:00.030982
DoOutMortality(): 0:00:00.010506
The file ind93.csv has been created
Third DoUpdate(): 0:00:00.044487
DoImmigration(): 0:00:00.068768
DoInMortality(): 0:00:00.014201
GetMetrics(): 0:00:00.006870
End Generation/Year Loop93: 0:00:00.223049

DoCDClimate(): 0:00:00.000973
DoMate() and DoOffspring: 0:00:00.141369
The file ind94.csv has been created
Second DoUpdate(): 0:00:00.034014
DoEmigration(): 0:00:00.230669
DoOutMortality(): 0:00:00.011634
The file ind94.csv has been created
Third DoUpdate(): 0:00:00.051367
DoImmigration(): 0:00:00.082142
DoInMortality(): 0:00:00.013865
GetMetrics(): 0:00:00.007706
End Generation/Year Loop94: 0:00:00.574835

DoCDClimate(): 0:00:00.001238
DoMate() and DoOffspring: 0:00:00.008844
The file ind95.csv has been created
Second DoUpdate(): 0:00:00.035802
DoEmigration(): 0:00:00.031422
DoOutMortality(): 0:00:00.011490
The file ind95.csv has been created
Third DoUpdate(): 0:00:00.042893
DoImmigration(): 0:00:00.066913
DoInMortality(): 0:00:00.012981
GetMetrics(): 0:00:00.006942
End Generation/Year Loop95: 0:00:00.219254

DoCDClimate(): 0:00:00.001326
DoMate() and DoOffspring: 0:00:00.095053
The file ind96.csv has been created
Second DoUpdate(): 0:00:00.031251
DoEmigration(): 0:00:00.231021
DoOutMortality(): 0:00:00.012576
The file ind96.csv has been created
Third DoUpdate(): 0:00:00.051151
DoImmigration(): 0:00:00.082337
DoInMortality(): 0:00:00.014719
GetMetrics(): 0:00:00.007671
End Generation/Year Loop96: 0:00:00.528413

DoCDClimate(): 0:00:00.001572
DoMate() and DoOffspring: 0:00:00.009157
The file ind97.csv has been created
Second DoUpdate(): 0:00:00.037794
DoEmigration(): 0:00:00.033472
DoOutMortality(): 0:00:00.010186
The file ind97.csv has been created
Third DoUpdate(): 0:00:00.043400
DoImmigration(): 0:00:00.069136
DoInMortality(): 0:00:00.014598
GetMetrics(): 0:00:00.007077
End Generation/Year Loop97: 0:00:00.227224

DoCDClimate(): 0:00:00.001456
DoMate() and DoOffspring: 0:00:00.089780
The file ind98.csv has been created
Second DoUpdate(): 0:00:00.031108
DoEmigration(): 0:00:00.228345
DoOutMortality(): 0:00:00.011843
The file ind98.csv has been created
Third DoUpdate(): 0:00:00.050279
DoImmigration(): 0:00:00.083105
DoInMortality(): 0:00:00.015194
GetMetrics(): 0:00:00.007298
End Generation/Year Loop98: 0:00:00.519463

DoCDClimate(): 0:00:00.001100
DoMate() and DoOffspring: 0:00:00.007897
The file ind99.csv has been created
Second DoUpdate(): 0:00:00.035440
DoEmigration(): 0:00:00.031627
DoOutMortality(): 0:00:00.011536
The file ind99.csv has been created
Third DoUpdate(): 0:00:00.043713
DoImmigration(): 0:00:00.065981
DoInMortality(): 0:00:00.012889
GetMetrics(): 0:00:00.006989
End Generation/Year Loop99: 0:00:00.218308

The file summary_popAllTime.csv has been created
The file summary_classAllTime.csv has been created
DoPostProcess(): 0:00:00.025576
End Monte Carlo Loop1: 0:00:37.351337

DoPreProcess(): 0:00:00.066568
GetMetrics() Initial: 0:00:00.010548
The file ind-1.csv has been created
DoUpdate(): 0:00:00.035448
DoCDClimate(): 0:00:00.002692
DoMate() and DoOffspring: 0:00:00.045571
The file ind0.csv has been created
Second DoUpdate(): 0:00:00.043069
DoEmigration(): 0:00:00.195896
DoOutMortality(): 0:00:00.008776
The file ind0.csv has been created
Third DoUpdate(): 0:00:00.055297
DoImmigration(): 0:00:00.096625
DoInMortality(): 0:00:00.013167
GetMetrics(): 0:00:00.007413
End Generation/Year Loop0: 0:00:00.471410

DoCDClimate(): 0:00:00.001876
DoMate() and DoOffspring: 0:00:00.023984
The file ind1.csv has been created
Second DoUpdate(): 0:00:00.032631
DoEmigration(): 0:00:00.139789
DoOutMortality(): 0:00:00.010533
The file ind1.csv has been created
Third DoUpdate(): 0:00:00.049809
DoImmigration(): 0:00:00.078327
DoInMortality(): 0:00:00.015428
GetMetrics(): 0:00:00.008102
End Generation/Year Loop1: 0:00:00.362688

DoCDClimate(): 0:00:00.001103
DoMate() and DoOffspring: 0:00:00.045239
The file ind2.csv has been created
Second DoUpdate(): 0:00:00.039723
DoEmigration(): 0:00:00.199074
DoOutMortality(): 0:00:00.012707
The file ind2.csv has been created
Third DoUpdate(): 0:00:00.049685
DoImmigration(): 0:00:00.081140
DoInMortality(): 0:00:00.016547
GetMetrics(): 0:00:00.008068
End Generation/Year Loop2: 0:00:00.454405

DoCDClimate(): 0:00:00.001575
DoMate() and DoOffspring: 0:00:00.019566
The file ind3.csv has been created
Second DoUpdate(): 0:00:00.033817
DoEmigration(): 0:00:00.118977
DoOutMortality(): 0:00:00.012674
The file ind3.csv has been created
Third DoUpdate(): 0:00:00.050897
DoImmigration(): 0:00:00.083547
DoInMortality(): 0:00:00.016156
GetMetrics(): 0:00:00.007854
End Generation/Year Loop3: 0:00:00.345935

DoCDClimate(): 0:00:00.001240
DoMate() and DoOffspring: 0:00:00.051907
The file ind4.csv has been created
Second DoUpdate(): 0:00:00.033503
DoEmigration(): 0:00:00.206411
DoOutMortality(): 0:00:00.013033
The file ind4.csv has been created
Third DoUpdate(): 0:00:00.050031
DoImmigration(): 0:00:00.083850
DoInMortality(): 0:00:00.016749
GetMetrics(): 0:00:00.007662
End Generation/Year Loop4: 0:00:00.465181

DoCDClimate(): 0:00:00.001149
DoMate() and DoOffspring: 0:00:00.014617
The file ind5.csv has been created
Second DoUpdate(): 0:00:00.033644
DoEmigration(): 0:00:00.117933
DoOutMortality(): 0:00:00.013968
The file ind5.csv has been created
Third DoUpdate(): 0:00:00.051222
DoImmigration(): 0:00:00.082087
DoInMortality(): 0:00:00.016472
GetMetrics(): 0:00:00.008008
End Generation/Year Loop5: 0:00:00.340364

DoCDClimate(): 0:00:00.001460
DoMate() and DoOffspring: 0:00:00.053141
The file ind6.csv has been created
Second DoUpdate(): 0:00:00.035898
DoEmigration(): 0:00:00.199420
DoOutMortality(): 0:00:00.014893
The file ind6.csv has been created
Third DoUpdate(): 0:00:00.051084
DoImmigration(): 0:00:00.082834
DoInMortality(): 0:00:00.019315
GetMetrics(): 0:00:00.008201
End Generation/Year Loop6: 0:00:00.467270

DoCDClimate(): 0:00:00.001163
DoMate() and DoOffspring: 0:00:00.017926
The file ind7.csv has been created
Second DoUpdate(): 0:00:00.033630
DoEmigration(): 0:00:00.101468
DoOutMortality(): 0:00:00.018146
The file ind7.csv has been created
Third DoUpdate(): 0:00:00.051085
DoImmigration(): 0:00:00.081710
DoInMortality(): 0:00:00.020087
GetMetrics(): 0:00:00.007563
End Generation/Year Loop7: 0:00:00.334164

DoCDClimate(): 0:00:00.001430
DoMate() and DoOffspring: 0:00:00.060379
The file ind8.csv has been created
Second DoUpdate(): 0:00:00.033687
DoEmigration(): 0:00:00.201357
DoOutMortality(): 0:00:00.014759
The file ind8.csv has been created
Third DoUpdate(): 0:00:00.050552
DoImmigration(): 0:00:00.081991
DoInMortality(): 0:00:00.018311
GetMetrics(): 0:00:00.007447
End Generation/Year Loop8: 0:00:00.470645

DoCDClimate(): 0:00:00.001142
DoMate() and DoOffspring: 0:00:00.025706
The file ind9.csv has been created
Second DoUpdate(): 0:00:00.039772
DoEmigration(): 0:00:00.118769
DoOutMortality(): 0:00:00.013383
The file ind9.csv has been created
Third DoUpdate(): 0:00:00.052583
DoImmigration(): 0:00:00.080326
DoInMortality(): 0:00:00.016877
GetMetrics(): 0:00:00.008201
End Generation/Year Loop9: 0:00:00.357735

DoCDClimate(): 0:00:00.001112
DoMate() and DoOffspring: 0:00:00.056918
The file ind10.csv has been created
Second DoUpdate(): 0:00:00.032675
DoEmigration(): 0:00:00.199019
DoOutMortality(): 0:00:00.012711
The file ind10.csv has been created
Third DoUpdate(): 0:00:00.051232
DoImmigration(): 0:00:00.078595
DoInMortality(): 0:00:00.016052
GetMetrics(): 0:00:00.007879
End Generation/Year Loop10: 0:00:00.456976

DoCDClimate(): 0:00:00.001367
DoMate() and DoOffspring: 0:00:00.016344
The file ind11.csv has been created
Second DoUpdate(): 0:00:00.033810
DoEmigration(): 0:00:00.117922
DoOutMortality(): 0:00:00.014157
The file ind11.csv has been created
Third DoUpdate(): 0:00:00.051465
DoImmigration(): 0:00:00.080653
DoInMortality(): 0:00:00.017146
GetMetrics(): 0:00:00.007359
End Generation/Year Loop11: 0:00:00.341034

DoCDClimate(): 0:00:00.000986
DoMate() and DoOffspring: 0:00:00.055684
The file ind12.csv has been created
Second DoUpdate(): 0:00:00.033403
DoEmigration(): 0:00:00.198361
DoOutMortality(): 0:00:00.013811
The file ind12.csv has been created
Third DoUpdate(): 0:00:00.050747
DoImmigration(): 0:00:00.081706
DoInMortality(): 0:00:00.017489
GetMetrics(): 0:00:00.007691
End Generation/Year Loop12: 0:00:00.460798

DoCDClimate(): 0:00:00.001343
DoMate() and DoOffspring: 0:00:00.017042
The file ind13.csv has been created
Second DoUpdate(): 0:00:00.034323
DoEmigration(): 0:00:00.100344
DoOutMortality(): 0:00:00.012378
The file ind13.csv has been created
Third DoUpdate(): 0:00:00.048610
DoImmigration(): 0:00:00.077855
DoInMortality(): 0:00:00.017346
GetMetrics(): 0:00:00.009507
End Generation/Year Loop13: 0:00:00.319738

DoCDClimate(): 0:00:00.001391
DoMate() and DoOffspring: 0:00:00.065396
The file ind14.csv has been created
Second DoUpdate(): 0:00:00.032948
DoEmigration(): 0:00:00.201407
DoOutMortality(): 0:00:00.013539
The file ind14.csv has been created
Third DoUpdate(): 0:00:00.050830
DoImmigration(): 0:00:00.087309
DoInMortality(): 0:00:00.018247
GetMetrics(): 0:00:00.007339
End Generation/Year Loop14: 0:00:00.479303

DoCDClimate(): 0:00:00.001756
DoMate() and DoOffspring: 0:00:00.015800
The file ind15.csv has been created
Second DoUpdate(): 0:00:00.034269
DoEmigration(): 0:00:00.111841
DoOutMortality(): 0:00:00.012303
The file ind15.csv has been created
Third DoUpdate(): 0:00:00.050391
DoImmigration(): 0:00:00.075537
DoInMortality(): 0:00:00.016118
GetMetrics(): 0:00:00.007946
End Generation/Year Loop15: 0:00:00.326737

DoCDClimate(): 0:00:00.001784
DoMate() and DoOffspring: 0:00:00.059483
The file ind16.csv has been created
Second DoUpdate(): 0:00:00.033518
DoEmigration(): 0:00:00.188172
DoOutMortality(): 0:00:00.013615
The file ind16.csv has been created
Third DoUpdate(): 0:00:00.049931
DoImmigration(): 0:00:00.080140
DoInMortality(): 0:00:00.017256
GetMetrics(): 0:00:00.006885
End Generation/Year Loop16: 0:00:00.451707

DoCDClimate(): 0:00:00.001680
DoMate() and DoOffspring: 0:00:00.023599
The file ind17.csv has been created
Second DoUpdate(): 0:00:00.036802
DoEmigration(): 0:00:00.114741
DoOutMortality(): 0:00:00.012431
The file ind17.csv has been created
Third DoUpdate(): 0:00:00.052005
DoImmigration(): 0:00:00.076985
DoInMortality(): 0:00:00.016794
GetMetrics(): 0:00:00.008700
End Generation/Year Loop17: 0:00:00.344840

DoCDClimate(): 0:00:00.001179
DoMate() and DoOffspring: 0:00:00.054419
The file ind18.csv has been created
Second DoUpdate(): 0:00:00.034508
DoEmigration(): 0:00:00.179761
DoOutMortality(): 0:00:00.012983
The file ind18.csv has been created
Third DoUpdate(): 0:00:00.051479
DoImmigration(): 0:00:00.079528
DoInMortality(): 0:00:00.016191
GetMetrics(): 0:00:00.007534
End Generation/Year Loop18: 0:00:00.438719

DoCDClimate(): 0:00:00.000946
DoMate() and DoOffspring: 0:00:00.022121
The file ind19.csv has been created
Second DoUpdate(): 0:00:00.033734
DoEmigration(): 0:00:00.099748
DoOutMortality(): 0:00:00.012571
The file ind19.csv has been created
Third DoUpdate(): 0:00:00.046482
DoImmigration(): 0:00:00.074567
DoInMortality(): 0:00:00.016550
GetMetrics(): 0:00:00.007601
End Generation/Year Loop19: 0:00:00.315510

DoCDClimate(): 0:00:00.000904
DoMate() and DoOffspring: 0:00:00.053100
The file ind20.csv has been created
Second DoUpdate(): 0:00:00.038118
DoEmigration(): 0:00:00.194336
DoOutMortality(): 0:00:00.012412
The file ind20.csv has been created
Third DoUpdate(): 0:00:00.050713
DoImmigration(): 0:00:00.084254
DoInMortality(): 0:00:00.015322
GetMetrics(): 0:00:00.007223
End Generation/Year Loop20: 0:00:00.457668

DoCDClimate(): 0:00:00.000914
DoMate() and DoOffspring: 0:00:00.015358
The file ind21.csv has been created
Second DoUpdate(): 0:00:00.031642
DoEmigration(): 0:00:00.093224
DoOutMortality(): 0:00:00.011760
The file ind21.csv has been created
Third DoUpdate(): 0:00:00.048451
DoImmigration(): 0:00:00.073297
DoInMortality(): 0:00:00.014877
GetMetrics(): 0:00:00.006850
End Generation/Year Loop21: 0:00:00.297666

DoCDClimate(): 0:00:00.001418
DoMate() and DoOffspring: 0:00:00.059295
The file ind22.csv has been created
Second DoUpdate(): 0:00:00.032135
DoEmigration(): 0:00:00.203830
DoOutMortality(): 0:00:00.013226
The file ind22.csv has been created
Third DoUpdate(): 0:00:00.052395
DoImmigration(): 0:00:00.079563
DoInMortality(): 0:00:00.015719
GetMetrics(): 0:00:00.007836
End Generation/Year Loop22: 0:00:00.466143

DoCDClimate(): 0:00:00.000906
DoMate() and DoOffspring: 0:00:00.015277
The file ind23.csv has been created
Second DoUpdate(): 0:00:00.032305
DoEmigration(): 0:00:00.080208
DoOutMortality(): 0:00:00.012390
The file ind23.csv has been created
Third DoUpdate(): 0:00:00.046979
DoImmigration(): 0:00:00.071466
DoInMortality(): 0:00:00.015911
GetMetrics(): 0:00:00.007647
End Generation/Year Loop23: 0:00:00.283954

DoCDClimate(): 0:00:00.001171
DoMate() and DoOffspring: 0:00:00.065224
The file ind24.csv has been created
Second DoUpdate(): 0:00:00.035748
DoEmigration(): 0:00:00.197557
DoOutMortality(): 0:00:00.012289
The file ind24.csv has been created
Third DoUpdate(): 0:00:00.049867
DoImmigration(): 0:00:00.078727
DoInMortality(): 0:00:00.016210
GetMetrics(): 0:00:00.007724
End Generation/Year Loop24: 0:00:00.465419

DoCDClimate(): 0:00:00.001139
DoMate() and DoOffspring: 0:00:00.015358
The file ind25.csv has been created
Second DoUpdate(): 0:00:00.031237
DoEmigration(): 0:00:00.067439
DoOutMortality(): 0:00:00.013016
The file ind25.csv has been created
Third DoUpdate(): 0:00:00.045304
DoImmigration(): 0:00:00.070729
DoInMortality(): 0:00:00.016608
GetMetrics(): 0:00:00.007448
End Generation/Year Loop25: 0:00:00.269543

DoCDClimate(): 0:00:00.001415
DoMate() and DoOffspring: 0:00:00.072613
The file ind26.csv has been created
Second DoUpdate(): 0:00:00.032384
DoEmigration(): 0:00:00.230260
DoOutMortality(): 0:00:00.014478
The file ind26.csv has been created
Third DoUpdate(): 0:00:00.053302
DoImmigration(): 0:00:00.083058
DoInMortality(): 0:00:00.015676
GetMetrics(): 0:00:00.007865
End Generation/Year Loop26: 0:00:00.511874

DoCDClimate(): 0:00:00.001323
DoMate() and DoOffspring: 0:00:00.014395
The file ind27.csv has been created
Second DoUpdate(): 0:00:00.034917
DoEmigration(): 0:00:00.068470
DoOutMortality(): 0:00:00.012065
The file ind27.csv has been created
Third DoUpdate(): 0:00:00.046585
DoImmigration(): 0:00:00.070960
DoInMortality(): 0:00:00.013509
GetMetrics(): 0:00:00.007579
End Generation/Year Loop27: 0:00:00.271015

DoCDClimate(): 0:00:00.000886
DoMate() and DoOffspring: 0:00:00.058329
The file ind28.csv has been created
Second DoUpdate(): 0:00:00.032430
DoEmigration(): 0:00:00.156386
DoOutMortality(): 0:00:00.009284
The file ind28.csv has been created
Third DoUpdate(): 0:00:00.037444
DoImmigration(): 0:00:00.059311
DoInMortality(): 0:00:00.011004
GetMetrics(): 0:00:00.005395
End Generation/Year Loop28: 0:00:00.371503

DoCDClimate(): 0:00:00.004604
DoMate() and DoOffspring: 0:00:00.009964
The file ind29.csv has been created
Second DoUpdate(): 0:00:00.026455
DoEmigration(): 0:00:00.048298
DoOutMortality(): 0:00:00.008730
The file ind29.csv has been created
Third DoUpdate(): 0:00:00.033929
DoImmigration(): 0:00:00.080095
DoInMortality(): 0:00:00.011138
GetMetrics(): 0:00:00.005322
End Generation/Year Loop29: 0:00:00.246503

DoCDClimate(): 0:00:00.008699
DoMate() and DoOffspring: 0:00:00.052339
The file ind30.csv has been created
Second DoUpdate(): 0:00:00.023198
DoEmigration(): 0:00:00.152988
DoOutMortality(): 0:00:00.009021
The file ind30.csv has been created
Third DoUpdate(): 0:00:00.037610
DoImmigration(): 0:00:00.059648
DoInMortality(): 0:00:00.011057
GetMetrics(): 0:00:00.005382
End Generation/Year Loop30: 0:00:00.368017

DoCDClimate(): 0:00:00.009838
DoMate() and DoOffspring: 0:00:00.016178
The file ind31.csv has been created
Second DoUpdate(): 0:00:00.028055
DoEmigration(): 0:00:00.056445
DoOutMortality(): 0:00:00.009067
The file ind31.csv has been created
Third DoUpdate(): 0:00:00.035089
DoImmigration(): 0:00:00.053941
DoInMortality(): 0:00:00.011062
GetMetrics(): 0:00:00.005202
End Generation/Year Loop31: 0:00:00.230561

DoCDClimate(): 0:00:00.007156
DoMate() and DoOffspring: 0:00:00.140877
The file ind32.csv has been created
Second DoUpdate(): 0:00:00.033681
DoEmigration(): 0:00:00.210539
DoOutMortality(): 0:00:00.012585
The file ind32.csv has been created
Third DoUpdate(): 0:00:00.052985
DoImmigration(): 0:00:00.088570
DoInMortality(): 0:00:00.018864
GetMetrics(): 0:00:00.008199
End Generation/Year Loop32: 0:00:00.576594

DoCDClimate(): 0:00:00.001333
DoMate() and DoOffspring: 0:00:00.015131
The file ind33.csv has been created
Second DoUpdate(): 0:00:00.035798
DoEmigration(): 0:00:00.111515
DoOutMortality(): 0:00:00.013678
The file ind33.csv has been created
Third DoUpdate(): 0:00:00.048590
DoImmigration(): 0:00:00.079029
DoInMortality(): 0:00:00.017401
GetMetrics(): 0:00:00.007490
End Generation/Year Loop33: 0:00:00.331837

DoCDClimate(): 0:00:00.001274
DoMate() and DoOffspring: 0:00:00.071627
The file ind34.csv has been created
Second DoUpdate(): 0:00:00.032816
DoEmigration(): 0:00:00.212866
DoOutMortality(): 0:00:00.012387
The file ind34.csv has been created
Third DoUpdate(): 0:00:00.052464
DoImmigration(): 0:00:00.081790
DoInMortality(): 0:00:00.015121
GetMetrics(): 0:00:00.007064
End Generation/Year Loop34: 0:00:00.488001

DoCDClimate(): 0:00:00.001631
DoMate() and DoOffspring: 0:00:00.010860
The file ind35.csv has been created
Second DoUpdate(): 0:00:00.033510
DoEmigration(): 0:00:00.081155
DoOutMortality(): 0:00:00.012794
The file ind35.csv has been created
Third DoUpdate(): 0:00:00.048330
DoImmigration(): 0:00:00.074547
DoInMortality(): 0:00:00.015445
GetMetrics(): 0:00:00.007625
End Generation/Year Loop35: 0:00:00.286442

DoCDClimate(): 0:00:00.001458
DoMate() and DoOffspring: 0:00:00.073687
The file ind36.csv has been created
Second DoUpdate(): 0:00:00.037027
DoEmigration(): 0:00:00.210081
DoOutMortality(): 0:00:00.012865
The file ind36.csv has been created
Third DoUpdate(): 0:00:00.050975
DoImmigration(): 0:00:00.081969
DoInMortality(): 0:00:00.016983
GetMetrics(): 0:00:00.011295
End Generation/Year Loop36: 0:00:00.497093

DoCDClimate(): 0:00:00.001146
DoMate() and DoOffspring: 0:00:00.012002
The file ind37.csv has been created
Second DoUpdate(): 0:00:00.036949
DoEmigration(): 0:00:00.088525
DoOutMortality(): 0:00:00.014894
The file ind37.csv has been created
Third DoUpdate(): 0:00:00.051177
DoImmigration(): 0:00:00.076288
DoInMortality(): 0:00:00.015513
GetMetrics(): 0:00:00.008057
End Generation/Year Loop37: 0:00:00.304993

DoCDClimate(): 0:00:00.001173
DoMate() and DoOffspring: 0:00:00.068812
The file ind38.csv has been created
Second DoUpdate(): 0:00:00.032848
DoEmigration(): 0:00:00.215419
DoOutMortality(): 0:00:00.011425
The file ind38.csv has been created
Third DoUpdate(): 0:00:00.049971
DoImmigration(): 0:00:00.082575
DoInMortality(): 0:00:00.013453
GetMetrics(): 0:00:00.007376
End Generation/Year Loop38: 0:00:00.483593

DoCDClimate(): 0:00:00.001126
DoMate() and DoOffspring: 0:00:00.010893
The file ind39.csv has been created
Second DoUpdate(): 0:00:00.037260
DoEmigration(): 0:00:00.069314
DoOutMortality(): 0:00:00.011583
The file ind39.csv has been created
Third DoUpdate(): 0:00:00.047584
DoImmigration(): 0:00:00.075265
DoInMortality(): 0:00:00.014866
GetMetrics(): 0:00:00.007292
End Generation/Year Loop39: 0:00:00.275844

DoCDClimate(): 0:00:00.001770
DoMate() and DoOffspring: 0:00:00.085846
The file ind40.csv has been created
Second DoUpdate(): 0:00:00.032120
DoEmigration(): 0:00:00.219948
DoOutMortality(): 0:00:00.012599
The file ind40.csv has been created
Third DoUpdate(): 0:00:00.052870
DoImmigration(): 0:00:00.084904
DoInMortality(): 0:00:00.014754
GetMetrics(): 0:00:00.008623
End Generation/Year Loop40: 0:00:00.513703

DoCDClimate(): 0:00:00.000908
DoMate() and DoOffspring: 0:00:00.010005
The file ind41.csv has been created
Second DoUpdate(): 0:00:00.039255
DoEmigration(): 0:00:00.058777
DoOutMortality(): 0:00:00.012100
The file ind41.csv has been created
Third DoUpdate(): 0:00:00.046429
DoImmigration(): 0:00:00.073146
DoInMortality(): 0:00:00.013606
GetMetrics(): 0:00:00.007682
End Generation/Year Loop41: 0:00:00.262942

DoCDClimate(): 0:00:00.001142
DoMate() and DoOffspring: 0:00:00.081504
The file ind42.csv has been created
Second DoUpdate(): 0:00:00.031329
DoEmigration(): 0:00:00.222308
DoOutMortality(): 0:00:00.011809
The file ind42.csv has been created
Third DoUpdate(): 0:00:00.049689
DoImmigration(): 0:00:00.083692
DoInMortality(): 0:00:00.014838
GetMetrics(): 0:00:00.007173
End Generation/Year Loop42: 0:00:00.504494

DoCDClimate(): 0:00:00.000909
DoMate() and DoOffspring: 0:00:00.010540
The file ind43.csv has been created
Second DoUpdate(): 0:00:00.036058
DoEmigration(): 0:00:00.051646
DoOutMortality(): 0:00:00.012579
The file ind43.csv has been created
Third DoUpdate(): 0:00:00.045475
DoImmigration(): 0:00:00.074290
DoInMortality(): 0:00:00.016643
GetMetrics(): 0:00:00.007304
End Generation/Year Loop43: 0:00:00.256671

DoCDClimate(): 0:00:00.001672
DoMate() and DoOffspring: 0:00:00.082215
The file ind44.csv has been created
Second DoUpdate(): 0:00:00.029518
DoEmigration(): 0:00:00.227057
DoOutMortality(): 0:00:00.013074
The file ind44.csv has been created
Third DoUpdate(): 0:00:00.051453
DoImmigration(): 0:00:00.081952
DoInMortality(): 0:00:00.015532
GetMetrics(): 0:00:00.007318
End Generation/Year Loop44: 0:00:00.510809

DoCDClimate(): 0:00:00.001223
DoMate() and DoOffspring: 0:00:00.008776
The file ind45.csv has been created
Second DoUpdate(): 0:00:00.045001
DoEmigration(): 0:00:00.038668
DoOutMortality(): 0:00:00.012828
The file ind45.csv has been created
Third DoUpdate(): 0:00:00.045544
DoImmigration(): 0:00:00.067503
DoInMortality(): 0:00:00.014284
GetMetrics(): 0:00:00.007021
End Generation/Year Loop45: 0:00:00.241393

DoCDClimate(): 0:00:00.000903
DoMate() and DoOffspring: 0:00:00.099981
The file ind46.csv has been created
Second DoUpdate(): 0:00:00.031384
DoEmigration(): 0:00:00.230927
DoOutMortality(): 0:00:00.012781
The file ind46.csv has been created
Third DoUpdate(): 0:00:00.048829
DoImmigration(): 0:00:00.080566
DoInMortality(): 0:00:00.015153
GetMetrics(): 0:00:00.006895
End Generation/Year Loop46: 0:00:00.528162

DoCDClimate(): 0:00:00.000914
DoMate() and DoOffspring: 0:00:00.006780
The file ind47.csv has been created
Second DoUpdate(): 0:00:00.034693
DoEmigration(): 0:00:00.032779
DoOutMortality(): 0:00:00.010448
The file ind47.csv has been created
Third DoUpdate(): 0:00:00.042611
DoImmigration(): 0:00:00.064761
DoInMortality(): 0:00:00.014308
GetMetrics(): 0:00:00.006743
End Generation/Year Loop47: 0:00:00.215232

DoCDClimate(): 0:00:00.000908
DoMate() and DoOffspring: 0:00:00.093479
The file ind48.csv has been created
Second DoUpdate(): 0:00:00.030099
DoEmigration(): 0:00:00.223978
DoOutMortality(): 0:00:00.012631
The file ind48.csv has been created
Third DoUpdate(): 0:00:00.051042
DoImmigration(): 0:00:00.084056
DoInMortality(): 0:00:00.014055
GetMetrics(): 0:00:00.007134
End Generation/Year Loop48: 0:00:00.518345

DoCDClimate(): 0:00:00.001302
DoMate() and DoOffspring: 0:00:00.009030
The file ind49.csv has been created
Second DoUpdate(): 0:00:00.038707
DoEmigration(): 0:00:00.031821
DoOutMortality(): 0:00:00.011586
The file ind49.csv has been created
Third DoUpdate(): 0:00:00.042597
DoImmigration(): 0:00:00.063257
DoInMortality(): 0:00:00.014122
GetMetrics(): 0:00:00.006851
End Generation/Year Loop49: 0:00:00.220490

DoCDClimate(): 0:00:00.001147
DoMate() and DoOffspring: 0:00:00.086891
The file ind50.csv has been created
Second DoUpdate(): 0:00:00.031847
DoEmigration(): 0:00:00.227552
DoOutMortality(): 0:00:00.010974
The file ind50.csv has been created
Third DoUpdate(): 0:00:00.050392
DoImmigration(): 0:00:00.080391
DoInMortality(): 0:00:00.015236
GetMetrics(): 0:00:00.007572
End Generation/Year Loop50: 0:00:00.513064

DoCDClimate(): 0:00:00.001355
DoMate() and DoOffspring: 0:00:00.009694
The file ind51.csv has been created
Second DoUpdate(): 0:00:00.035451
DoEmigration(): 0:00:00.032128
DoOutMortality(): 0:00:00.009970
The file ind51.csv has been created
Third DoUpdate(): 0:00:00.043361
DoImmigration(): 0:00:00.067916
DoInMortality(): 0:00:00.014228
GetMetrics(): 0:00:00.007206
End Generation/Year Loop51: 0:00:00.222094

DoCDClimate(): 0:00:00.001426
DoMate() and DoOffspring: 0:00:00.096937
The file ind52.csv has been created
Second DoUpdate(): 0:00:00.033916
DoEmigration(): 0:00:00.235670
DoOutMortality(): 0:00:00.010933
The file ind52.csv has been created
Third DoUpdate(): 0:00:00.053035
DoImmigration(): 0:00:00.081564
DoInMortality(): 0:00:00.015143
GetMetrics(): 0:00:00.006885
End Generation/Year Loop52: 0:00:00.536012

DoCDClimate(): 0:00:00.001341
DoMate() and DoOffspring: 0:00:00.008485
The file ind53.csv has been created
Second DoUpdate(): 0:00:00.033605
DoEmigration(): 0:00:00.031551
DoOutMortality(): 0:00:00.011112
The file ind53.csv has been created
Third DoUpdate(): 0:00:00.043015
DoImmigration(): 0:00:00.064733
DoInMortality(): 0:00:00.013151
GetMetrics(): 0:00:00.006830
End Generation/Year Loop53: 0:00:00.214314

DoCDClimate(): 0:00:00.001203
DoMate() and DoOffspring: 0:00:00.086451
The file ind54.csv has been created
Second DoUpdate(): 0:00:00.029965
DoEmigration(): 0:00:00.217447
DoOutMortality(): 0:00:00.012603
The file ind54.csv has been created
Third DoUpdate(): 0:00:00.049711
DoImmigration(): 0:00:00.080356
DoInMortality(): 0:00:00.015014
GetMetrics(): 0:00:00.008177
End Generation/Year Loop54: 0:00:00.501290

DoCDClimate(): 0:00:00.001103
DoMate() and DoOffspring: 0:00:00.010080
The file ind55.csv has been created
Second DoUpdate(): 0:00:00.033408
DoEmigration(): 0:00:00.034362
DoOutMortality(): 0:00:00.010625
The file ind55.csv has been created
Third DoUpdate(): 0:00:00.044244
DoImmigration(): 0:00:00.064295
DoInMortality(): 0:00:00.013113
GetMetrics(): 0:00:00.007067
End Generation/Year Loop55: 0:00:00.219025

DoCDClimate(): 0:00:00.001106
DoMate() and DoOffspring: 0:00:00.094944
The file ind56.csv has been created
Second DoUpdate(): 0:00:00.031352
DoEmigration(): 0:00:00.227483
DoOutMortality(): 0:00:00.011061
The file ind56.csv has been created
Third DoUpdate(): 0:00:00.051569
DoImmigration(): 0:00:00.081325
DoInMortality(): 0:00:00.013789
GetMetrics(): 0:00:00.006409
End Generation/Year Loop56: 0:00:00.519878

DoCDClimate(): 0:00:00.001309
DoMate() and DoOffspring: 0:00:00.007855
The file ind57.csv has been created
Second DoUpdate(): 0:00:00.034976
DoEmigration(): 0:00:00.035442
DoOutMortality(): 0:00:00.010243
The file ind57.csv has been created
Third DoUpdate(): 0:00:00.042914
DoImmigration(): 0:00:00.064396
DoInMortality(): 0:00:00.013805
GetMetrics(): 0:00:00.007227
End Generation/Year Loop57: 0:00:00.219162

DoCDClimate(): 0:00:00.001427
DoMate() and DoOffspring: 0:00:00.089663
The file ind58.csv has been created
Second DoUpdate(): 0:00:00.031382
DoEmigration(): 0:00:00.227807
DoOutMortality(): 0:00:00.011851
The file ind58.csv has been created
Third DoUpdate(): 0:00:00.053397
DoImmigration(): 0:00:00.082332
DoInMortality(): 0:00:00.014120
GetMetrics(): 0:00:00.007155
End Generation/Year Loop58: 0:00:00.519795

DoCDClimate(): 0:00:00.000910
DoMate() and DoOffspring: 0:00:00.008341
The file ind59.csv has been created
Second DoUpdate(): 0:00:00.033214
DoEmigration(): 0:00:00.032033
DoOutMortality(): 0:00:00.010068
The file ind59.csv has been created
Third DoUpdate(): 0:00:00.042658
DoImmigration(): 0:00:00.066098
DoInMortality(): 0:00:00.013701
GetMetrics(): 0:00:00.007318
End Generation/Year Loop59: 0:00:00.215557

DoCDClimate(): 0:00:00.001102
DoMate() and DoOffspring: 0:00:00.098705
The file ind60.csv has been created
Second DoUpdate(): 0:00:00.033074
DoEmigration(): 0:00:00.261568
DoOutMortality(): 0:00:00.011647
The file ind60.csv has been created
Third DoUpdate(): 0:00:00.052351
DoImmigration(): 0:00:00.082120
DoInMortality(): 0:00:00.012608
GetMetrics(): 0:00:00.006825
End Generation/Year Loop60: 0:00:00.560833

DoCDClimate(): 0:00:00.001223
DoMate() and DoOffspring: 0:00:00.008060
The file ind61.csv has been created
Second DoUpdate(): 0:00:00.038069
DoEmigration(): 0:00:00.033941
DoOutMortality(): 0:00:00.009975
The file ind61.csv has been created
Third DoUpdate(): 0:00:00.041801
DoImmigration(): 0:00:00.064596
DoInMortality(): 0:00:00.013123
GetMetrics(): 0:00:00.007536
End Generation/Year Loop61: 0:00:00.219065

DoCDClimate(): 0:00:00.001341
DoMate() and DoOffspring: 0:00:00.089413
The file ind62.csv has been created
Second DoUpdate(): 0:00:00.031699
DoEmigration(): 0:00:00.229133
DoOutMortality(): 0:00:00.012183
The file ind62.csv has been created
Third DoUpdate(): 0:00:00.050094
DoImmigration(): 0:00:00.080507
DoInMortality(): 0:00:00.013244
GetMetrics(): 0:00:00.006833
End Generation/Year Loop62: 0:00:00.515093

DoCDClimate(): 0:00:00.001258
DoMate() and DoOffspring: 0:00:00.006732
The file ind63.csv has been created
Second DoUpdate(): 0:00:00.036450
DoEmigration(): 0:00:00.032363
DoOutMortality(): 0:00:00.010567
The file ind63.csv has been created
Third DoUpdate(): 0:00:00.044137
DoImmigration(): 0:00:00.064935
DoInMortality(): 0:00:00.011744
GetMetrics(): 0:00:00.006969
End Generation/Year Loop63: 0:00:00.216368

DoCDClimate(): 0:00:00.000912
DoMate() and DoOffspring: 0:00:00.093870
The file ind64.csv has been created
Second DoUpdate(): 0:00:00.031799
DoEmigration(): 0:00:00.227175
DoOutMortality(): 0:00:00.010377
The file ind64.csv has been created
Third DoUpdate(): 0:00:00.050865
DoImmigration(): 0:00:00.080990
DoInMortality(): 0:00:00.013028
GetMetrics(): 0:00:00.006761
End Generation/Year Loop64: 0:00:00.516422

DoCDClimate(): 0:00:00.001403
DoMate() and DoOffspring: 0:00:00.008438
The file ind65.csv has been created
Second DoUpdate(): 0:00:00.035006
DoEmigration(): 0:00:00.035390
DoOutMortality(): 0:00:00.009757
The file ind65.csv has been created
Third DoUpdate(): 0:00:00.043955
DoImmigration(): 0:00:00.066981
DoInMortality(): 0:00:00.012591
GetMetrics(): 0:00:00.006730
End Generation/Year Loop65: 0:00:00.220545

DoCDClimate(): 0:00:00.001323
DoMate() and DoOffspring: 0:00:00.095134
The file ind66.csv has been created
Second DoUpdate(): 0:00:00.032098
DoEmigration(): 0:00:00.225283
DoOutMortality(): 0:00:00.011915
The file ind66.csv has been created
Third DoUpdate(): 0:00:00.050346
DoImmigration(): 0:00:00.082764
DoInMortality(): 0:00:00.013024
GetMetrics(): 0:00:00.007270
End Generation/Year Loop66: 0:00:00.519612

DoCDClimate(): 0:00:00.001155
DoMate() and DoOffspring: 0:00:00.008487
The file ind67.csv has been created
Second DoUpdate(): 0:00:00.036440
DoEmigration(): 0:00:00.030821
DoOutMortality(): 0:00:00.009246
The file ind67.csv has been created
Third DoUpdate(): 0:00:00.042239
DoImmigration(): 0:00:00.063781
DoInMortality(): 0:00:00.012371
GetMetrics(): 0:00:00.006997
End Generation/Year Loop67: 0:00:00.211959

DoCDClimate(): 0:00:00.001243
DoMate() and DoOffspring: 0:00:00.090380
The file ind68.csv has been created
Second DoUpdate(): 0:00:00.031004
DoEmigration(): 0:00:00.234773
DoOutMortality(): 0:00:00.009597
The file ind68.csv has been created
Third DoUpdate(): 0:00:00.053114
DoImmigration(): 0:00:00.081536
DoInMortality(): 0:00:00.013264
GetMetrics(): 0:00:00.008088
End Generation/Year Loop68: 0:00:00.523551

DoCDClimate(): 0:00:00.001131
DoMate() and DoOffspring: 0:00:00.007711
The file ind69.csv has been created
Second DoUpdate(): 0:00:00.035604
DoEmigration(): 0:00:00.031493
DoOutMortality(): 0:00:00.011191
The file ind69.csv has been created
Third DoUpdate(): 0:00:00.046482
DoImmigration(): 0:00:00.065907
DoInMortality(): 0:00:00.012578
GetMetrics(): 0:00:00.006452
End Generation/Year Loop69: 0:00:00.218928

DoCDClimate(): 0:00:00.001111
DoMate() and DoOffspring: 0:00:00.074978
The file ind70.csv has been created
Second DoUpdate(): 0:00:00.024404
DoEmigration(): 0:00:00.226905
DoOutMortality(): 0:00:00.012145
The file ind70.csv has been created
Third DoUpdate(): 0:00:00.052154
DoImmigration(): 0:00:00.080747
DoInMortality(): 0:00:00.012840
GetMetrics(): 0:00:00.006952
End Generation/Year Loop70: 0:00:00.492507

DoCDClimate(): 0:00:00.001787
DoMate() and DoOffspring: 0:00:00.010004
The file ind71.csv has been created
Second DoUpdate(): 0:00:00.034176
DoEmigration(): 0:00:00.029310
DoOutMortality(): 0:00:00.011134
The file ind71.csv has been created
Third DoUpdate(): 0:00:00.042410
DoImmigration(): 0:00:00.062920
DoInMortality(): 0:00:00.011804
GetMetrics(): 0:00:00.006639
End Generation/Year Loop71: 0:00:00.210461

DoCDClimate(): 0:00:00.001506
DoMate() and DoOffspring: 0:00:00.089548
The file ind72.csv has been created
Second DoUpdate(): 0:00:00.030503
DoEmigration(): 0:00:00.222993
DoOutMortality(): 0:00:00.010625
The file ind72.csv has been created
Third DoUpdate(): 0:00:00.050782
DoImmigration(): 0:00:00.082014
DoInMortality(): 0:00:00.012866
GetMetrics(): 0:00:00.006678
End Generation/Year Loop72: 0:00:00.508062

DoCDClimate(): 0:00:00.001100
DoMate() and DoOffspring: 0:00:00.010672
The file ind73.csv has been created
Second DoUpdate(): 0:00:00.038420
DoEmigration(): 0:00:00.030925
DoOutMortality(): 0:00:00.009606
The file ind73.csv has been created
Third DoUpdate(): 0:00:00.042747
DoImmigration(): 0:00:00.068240
DoInMortality(): 0:00:00.012417
GetMetrics(): 0:00:00.006788
End Generation/Year Loop73: 0:00:00.222202

DoCDClimate(): 0:00:00.001303
DoMate() and DoOffspring: 0:00:00.098056
The file ind74.csv has been created
Second DoUpdate(): 0:00:00.031064
DoEmigration(): 0:00:00.249372
DoOutMortality(): 0:00:00.012536
The file ind74.csv has been created
Third DoUpdate(): 0:00:00.059548
DoImmigration(): 0:00:00.091812
DoInMortality(): 0:00:00.015532
GetMetrics(): 0:00:00.007202
End Generation/Year Loop74: 0:00:00.566941

DoCDClimate(): 0:00:00.001170
DoMate() and DoOffspring: 0:00:00.010944
The file ind75.csv has been created
Second DoUpdate(): 0:00:00.037710
DoEmigration(): 0:00:00.030952
DoOutMortality(): 0:00:00.009213
The file ind75.csv has been created
Third DoUpdate(): 0:00:00.044213
DoImmigration(): 0:00:00.066405
DoInMortality(): 0:00:00.012162
GetMetrics(): 0:00:00.006407
End Generation/Year Loop75: 0:00:00.219457

DoCDClimate(): 0:00:00.001119
DoMate() and DoOffspring: 0:00:00.098859
The file ind76.csv has been created
Second DoUpdate(): 0:00:00.030450
DoEmigration(): 0:00:00.231981
DoOutMortality(): 0:00:00.010901
The file ind76.csv has been created
Third DoUpdate(): 0:00:00.051315
DoImmigration(): 0:00:00.082419
DoInMortality(): 0:00:00.013840
GetMetrics(): 0:00:00.006842
End Generation/Year Loop76: 0:00:00.528005

DoCDClimate(): 0:00:00.001020
DoMate() and DoOffspring: 0:00:00.008840
The file ind77.csv has been created
Second DoUpdate(): 0:00:00.035254
DoEmigration(): 0:00:00.032368
DoOutMortality(): 0:00:00.009189
The file ind77.csv has been created
Third DoUpdate(): 0:00:00.045500
DoImmigration(): 0:00:00.068341
DoInMortality(): 0:00:00.012174
GetMetrics(): 0:00:00.008167
End Generation/Year Loop77: 0:00:00.221711

DoCDClimate(): 0:00:00.001127
DoMate() and DoOffspring: 0:00:00.089170
The file ind78.csv has been created
Second DoUpdate(): 0:00:00.032140
DoEmigration(): 0:00:00.223739
DoOutMortality(): 0:00:00.010201
The file ind78.csv has been created
Third DoUpdate(): 0:00:00.051192
DoImmigration(): 0:00:00.080565
DoInMortality(): 0:00:00.012582
GetMetrics(): 0:00:00.007591
End Generation/Year Loop78: 0:00:00.509446

DoCDClimate(): 0:00:00.001109
DoMate() and DoOffspring: 0:00:00.007665
The file ind79.csv has been created
Second DoUpdate(): 0:00:00.037263
DoEmigration(): 0:00:00.032315
DoOutMortality(): 0:00:00.008898
The file ind79.csv has been created
Third DoUpdate(): 0:00:00.044058
DoImmigration(): 0:00:00.064806
DoInMortality(): 0:00:00.011550
GetMetrics(): 0:00:00.006569
End Generation/Year Loop79: 0:00:00.214806

DoCDClimate(): 0:00:00.001098
DoMate() and DoOffspring: 0:00:00.095611
The file ind80.csv has been created
Second DoUpdate(): 0:00:00.032219
DoEmigration(): 0:00:00.227943
DoOutMortality(): 0:00:00.010042
The file ind80.csv has been created
Third DoUpdate(): 0:00:00.049171
DoImmigration(): 0:00:00.082879
DoInMortality(): 0:00:00.012244
GetMetrics(): 0:00:00.007191
End Generation/Year Loop80: 0:00:00.518890

DoCDClimate(): 0:00:00.000882
DoMate() and DoOffspring: 0:00:00.010042
The file ind81.csv has been created
Second DoUpdate(): 0:00:00.037962
DoEmigration(): 0:00:00.031757
DoOutMortality(): 0:00:00.008773
The file ind81.csv has been created
Third DoUpdate(): 0:00:00.042084
DoImmigration(): 0:00:00.068175
DoInMortality(): 0:00:00.011767
GetMetrics(): 0:00:00.006141
End Generation/Year Loop81: 0:00:00.218149

DoCDClimate(): 0:00:00.001179
DoMate() and DoOffspring: 0:00:00.088910
The file ind82.csv has been created
Second DoUpdate(): 0:00:00.031500
DoEmigration(): 0:00:00.227943
DoOutMortality(): 0:00:00.010634
The file ind82.csv has been created
Third DoUpdate(): 0:00:00.053404
DoImmigration(): 0:00:00.083034
DoInMortality(): 0:00:00.012368
GetMetrics(): 0:00:00.006959
End Generation/Year Loop82: 0:00:00.516196

DoCDClimate(): 0:00:00.001094
DoMate() and DoOffspring: 0:00:00.009075
The file ind83.csv has been created
Second DoUpdate(): 0:00:00.037544
DoEmigration(): 0:00:00.030686
DoOutMortality(): 0:00:00.009421
The file ind83.csv has been created
Third DoUpdate(): 0:00:00.043873
DoImmigration(): 0:00:00.067024
DoInMortality(): 0:00:00.011454
GetMetrics(): 0:00:00.007090
End Generation/Year Loop83: 0:00:00.217936

DoCDClimate(): 0:00:00.000950
DoMate() and DoOffspring: 0:00:00.096567
The file ind84.csv has been created
Second DoUpdate(): 0:00:00.031669
DoEmigration(): 0:00:00.225666
DoOutMortality(): 0:00:00.010278
The file ind84.csv has been created
Third DoUpdate(): 0:00:00.049272
DoImmigration(): 0:00:00.080883
DoInMortality(): 0:00:00.013282
GetMetrics(): 0:00:00.006842
End Generation/Year Loop84: 0:00:00.515844

DoCDClimate(): 0:00:00.001457
DoMate() and DoOffspring: 0:00:00.010531
The file ind85.csv has been created
Second DoUpdate(): 0:00:00.037153
DoEmigration(): 0:00:00.029700
DoOutMortality(): 0:00:00.009894
The file ind85.csv has been created
Third DoUpdate(): 0:00:00.042488
DoImmigration(): 0:00:00.067448
DoInMortality(): 0:00:00.013476
GetMetrics(): 0:00:00.007698
End Generation/Year Loop85: 0:00:00.220417

DoCDClimate(): 0:00:00.000993
DoMate() and DoOffspring: 0:00:00.086581
The file ind86.csv has been created
Second DoUpdate(): 0:00:00.031649
DoEmigration(): 0:00:00.209605
DoOutMortality(): 0:00:00.010594
The file ind86.csv has been created
Third DoUpdate(): 0:00:00.050976
DoImmigration(): 0:00:00.080946
DoInMortality(): 0:00:00.012168
GetMetrics(): 0:00:00.007870
End Generation/Year Loop86: 0:00:00.492384

DoCDClimate(): 0:00:00.000910
DoMate() and DoOffspring: 0:00:00.011385
The file ind87.csv has been created
Second DoUpdate(): 0:00:00.039677
DoEmigration(): 0:00:00.030977
DoOutMortality(): 0:00:00.008937
The file ind87.csv has been created
Third DoUpdate(): 0:00:00.041682
DoImmigration(): 0:00:00.062797
DoInMortality(): 0:00:00.012318
GetMetrics(): 0:00:00.006952
End Generation/Year Loop87: 0:00:00.216311

DoCDClimate(): 0:00:00.001105
DoMate() and DoOffspring: 0:00:00.093085
The file ind88.csv has been created
Second DoUpdate(): 0:00:00.030195
DoEmigration(): 0:00:00.225101
DoOutMortality(): 0:00:00.010266
The file ind88.csv has been created
Third DoUpdate(): 0:00:00.051276
DoImmigration(): 0:00:00.081442
DoInMortality(): 0:00:00.012602
GetMetrics(): 0:00:00.007681
End Generation/Year Loop88: 0:00:00.513504

DoCDClimate(): 0:00:00.000938
DoMate() and DoOffspring: 0:00:00.008164
The file ind89.csv has been created
Second DoUpdate(): 0:00:00.038171
DoEmigration(): 0:00:00.033149
DoOutMortality(): 0:00:00.009573
The file ind89.csv has been created
Third DoUpdate(): 0:00:00.040941
DoImmigration(): 0:00:00.066126
DoInMortality(): 0:00:00.011278
GetMetrics(): 0:00:00.005858
End Generation/Year Loop89: 0:00:00.214716

DoCDClimate(): 0:00:00.001514
DoMate() and DoOffspring: 0:00:00.101065
The file ind90.csv has been created
Second DoUpdate(): 0:00:00.032279
DoEmigration(): 0:00:00.227299
DoOutMortality(): 0:00:00.010185
The file ind90.csv has been created
Third DoUpdate(): 0:00:00.049342
DoImmigration(): 0:00:00.079996
DoInMortality(): 0:00:00.012137
GetMetrics(): 0:00:00.008114
End Generation/Year Loop90: 0:00:00.522472

DoCDClimate(): 0:00:00.001181
DoMate() and DoOffspring: 0:00:00.008279
The file ind91.csv has been created
Second DoUpdate(): 0:00:00.041034
DoEmigration(): 0:00:00.033293
DoOutMortality(): 0:00:00.008297
The file ind91.csv has been created
Third DoUpdate(): 0:00:00.042709
DoImmigration(): 0:00:00.066419
DoInMortality(): 0:00:00.011523
GetMetrics(): 0:00:00.006935
End Generation/Year Loop91: 0:00:00.219957

DoCDClimate(): 0:00:00.001322
DoMate() and DoOffspring: 0:00:00.097041
The file ind92.csv has been created
Second DoUpdate(): 0:00:00.031283
DoEmigration(): 0:00:00.227629
DoOutMortality(): 0:00:00.009575
The file ind92.csv has been created
Third DoUpdate(): 0:00:00.051537
DoImmigration(): 0:00:00.082523
DoInMortality(): 0:00:00.011706
GetMetrics(): 0:00:00.007111
End Generation/Year Loop92: 0:00:00.520159

DoCDClimate(): 0:00:00.000947
DoMate() and DoOffspring: 0:00:00.007664
The file ind93.csv has been created
Second DoUpdate(): 0:00:00.038566
DoEmigration(): 0:00:00.033294
DoOutMortality(): 0:00:00.010001
The file ind93.csv has been created
Third DoUpdate(): 0:00:00.042087
DoImmigration(): 0:00:00.065240
DoInMortality(): 0:00:00.012224
GetMetrics(): 0:00:00.006049
End Generation/Year Loop93: 0:00:00.216645

DoCDClimate(): 0:00:00.001309
DoMate() and DoOffspring: 0:00:00.096311
The file ind94.csv has been created
Second DoUpdate(): 0:00:00.030687
DoEmigration(): 0:00:00.221906
DoOutMortality(): 0:00:00.011768
The file ind94.csv has been created
Third DoUpdate(): 0:00:00.049302
DoImmigration(): 0:00:00.080516
DoInMortality(): 0:00:00.012992
GetMetrics(): 0:00:00.006889
End Generation/Year Loop94: 0:00:00.511960

DoCDClimate(): 0:00:00.001407
DoMate() and DoOffspring: 0:00:00.008804
The file ind95.csv has been created
Second DoUpdate(): 0:00:00.037085
DoEmigration(): 0:00:00.032674
DoOutMortality(): 0:00:00.008450
The file ind95.csv has been created
Third DoUpdate(): 0:00:00.043623
DoImmigration(): 0:00:00.065908
DoInMortality(): 0:00:00.011752
GetMetrics(): 0:00:00.006607
End Generation/Year Loop95: 0:00:00.216740

DoCDClimate(): 0:00:00.001289
DoMate() and DoOffspring: 0:00:00.091858
The file ind96.csv has been created
Second DoUpdate(): 0:00:00.031110
DoEmigration(): 0:00:00.215704
DoOutMortality(): 0:00:00.013395
The file ind96.csv has been created
Third DoUpdate(): 0:00:00.051440
DoImmigration(): 0:00:00.079871
DoInMortality(): 0:00:00.011633
GetMetrics(): 0:00:00.007051
End Generation/Year Loop96: 0:00:00.503822

DoCDClimate(): 0:00:00.001069
DoMate() and DoOffspring: 0:00:00.010272
The file ind97.csv has been created
Second DoUpdate(): 0:00:00.035475
DoEmigration(): 0:00:00.031681
DoOutMortality(): 0:00:00.008631
The file ind97.csv has been created
Third DoUpdate(): 0:00:00.041502
DoImmigration(): 0:00:00.065786
DoInMortality(): 0:00:00.012153
GetMetrics(): 0:00:00.006592
End Generation/Year Loop97: 0:00:00.213433

DoCDClimate(): 0:00:00.001132
DoMate() and DoOffspring: 0:00:00.084904
The file ind98.csv has been created
Second DoUpdate(): 0:00:00.033417
DoEmigration(): 0:00:00.214253
DoOutMortality(): 0:00:00.009307
The file ind98.csv has been created
Third DoUpdate(): 0:00:00.050596
DoImmigration(): 0:00:00.079260
DoInMortality(): 0:00:00.013034
GetMetrics(): 0:00:00.007156
End Generation/Year Loop98: 0:00:00.493422

DoCDClimate(): 0:00:00.002075
DoMate() and DoOffspring: 0:00:00.009198
The file ind99.csv has been created
Second DoUpdate(): 0:00:00.034413
DoEmigration(): 0:00:00.030496
DoOutMortality(): 0:00:00.010434
The file ind99.csv has been created
Third DoUpdate(): 0:00:00.043882
DoImmigration(): 0:00:00.066089
DoInMortality(): 0:00:00.012966
GetMetrics(): 0:00:00.006780
End Generation/Year Loop99: 0:00:00.216810

The file summary_popAllTime.csv has been created
The file summary_classAllTime.csv has been created
DoPostProcess(): 0:00:00.024545
End Monte Carlo Loop2: 0:00:37.800777

