PatchID,XCOORD,YCOORD,ID,MID,FID,sex,age,size,mature,newmature,layeggs,capture,recapture,state,CDist,Hindex,Species,ClassFile,SubPatchID,L0A0,L0A1,L1A0,L1A1
1,4.359949021420038,0.38889347741837,RD1_F5_m5f2_P5_Y37_UO86,RD5_F1_m5f2_P5_Y35_UO45,RD2_F6_m9f2_P9_Y34_UO32,FXX,1,0.0,0,0,0.0,0,0,0,-9999.0,0.5318880081176758,1,P1_CV0,1,1,1,2,0
1,4.359949021420038,0.38889347741837,RD1_F5_m5f2_P5_Y37_UO87,RD5_F1_m5f2_P5_Y35_UO45,RD2_F6_m9f2_P9_Y34_UO32,FXX,1,0.0,0,0,0.0,0,0,0,-9999.0,0.5318880081176758,1,P1_CV0,1,1,1,2,0
1,4.359949021420038,0.38889347741837,RD1_F5_m5f2_P5_Y37_UO92,RD5_F1_m5f2_P5_Y35_UO45,RD2_F6_m9f2_P9_Y34_UO32,FXX,1,0.0,0,0,0.0,0,0,0,-9999.0,0.5318880081176758,1,P1_CV0,1,0,2,2,0
1,4.359949021420038,0.38889347741837,RD1_F5_m5f2_P5_Y37_UO167,RD5_F1_m5f1_P5_Y35_UO81,RD2_F6_m9f2_P9_Y34_UO32,FXX,1,0.0,0,0,0.0,0,0,0,-9999.0,0.5329446792602539,1,P1_CV0,1,1,1,0,2
1,4.359949021420038,0.38889347741837,RD1_F5_m5f2_P5_Y37_UO168,RD5_F1_m5f1_P5_Y35_UO81,RD2_F6_m9f2_P9_Y34_UO32,FXX,1,0.0,0,0,0.0,0,0,0,-9999.0,0.5329446792602539,1,P1_CV0,1,1,1,1,1
1,4.359949021420038,0.38889347741837,RD1_F5_m5f2_P5_Y35_UO45,RD5_F1_m5f1_P5_Y33_UO48,RD2_F9_m6f9_P6_Y33_UO17,FXX,3,0.0,1,0,1.0,0,0,0,-9999.0,0.5329875946044922,1,P1_CV0,1,0,2,2,0
1,4.359949021420038,0.38889347741837,RD1_F5_m5f3_P5_Y37_UO10,RD5_F1_m5f3_P5_Y35_UO192,RD3_F2_m9f6_P9_Y35_UO149,MXY,1,0.0,0,0,0.0,0,0,0,-9999.0,0.5338163375854492,1,P2_CV0,1,1,1,1,1
1,4.359949021420038,0.38889347741837,RD1_F5_m5f3_P5_Y37_UO12,RD5_F1_m5f3_P5_Y35_UO192,RD3_F2_m9f6_P9_Y35_UO149,MXY,1,0.0,0,0,0.0,0,0,0,-9999.0,0.5338163375854492,1,P2_CV0,1,1,1,1,1
1,4.359949021420038,0.38889347741837,RD1_F5_m5f3_P5_Y37_UO14,RD5_F1_m5f3_P5_Y35_UO192,RD3_F2_m9f6_P9_Y35_UO149,MXY,1,0.0,0,0,0.0,0,0,0,-9999.0,0.5338163375854492,1,P2_CV0,1,1,1,1,1
1,4.359949021420038,0.38889347741837,RD1_F5_m5f3_P5_Y37_UO15,RD5_F1_m5f3_P5_Y35_UO192,RD3_F2_m9f6_P9_Y35_UO149,FXX,1,0.0,0,0,0.0,0,0,0,-9999.0,0.5338163375854492,1,P2_CV0,1,1,1,1,1
1,4.359949021420038,0.38889347741837,RD1_F5_m5f3_P5_Y37_UO17,RD5_F2_m9f6_P9_Y35_UO158,RD3_F7_m7f3_P7_Y34_UO386,MXY,1,0.0,0,0,0.0,0,0,0,-9999.0,0.5333576202392578,1,P2_CV0,1,1,1,1,1
1,4.359949021420038,0.38889347741837,RD1_F5_m5f3_P5_Y37_UO20,RD5_F2_m9f6_P9_Y35_UO158,RD3_F7_m7f3_P7_Y34_UO386,MXY,1,0.0,0,0,0.0,0,0,0,-9999.0,0.5333576202392578,1,P2_CV0,1,0,2,2,0
1,4.359949021420038,0.38889347741837,RD1_F5_m5f3_P5_Y37_UO23,RD5_F2_m9f6_P9_Y35_UO158,RD3_F2_m9f6_P9_Y35_UO149,MXY,1,0.0,0,0,0.0,0,0,0,-9999.0,0.5346870422363281,1,P2_CV0,1,0,2,1,1
1,4.359949021420038,0.38889347741837,RD1_F5_m5f3_P5_Y37_UO25,RD5_F2_m9f6_P9_Y35_UO158,RD3_F2_m9f6_P9_Y35_UO149,MXY,1,0.0,0,0,0.0,0,0,0,-9999.0,0.5346870422363281,1,P2_CV0,1,0,2,2,0
1,4.359949021420038,0.38889347741837,RD1_F5_m1f5_P1_Y36_UO468,RD1_F5_m1f5_P1_Y34_UO198,RD5_F1_m5f2_P5_Y34_UO176,FXX,2,0.0,1,0,1.0,0,0,0,-9999.0,0.5326070785522461,1,P2_CV0,1,0,2,0,2
1,4.359949021420038,0.38889347741837,RD1_F5_m1f5_P1_Y36_UO607,RD1_F5_m2f3_P2_Y34_UO459,RD5_F2_m5f2_P5_Y34_UO462,MXY,2,0.0,1,0,0.0,0,0,0,-9999.0,0.5322332382202148,1,P2_CV0,1,0,2,1,1
1,4.359949021420038,0.38889347741837,RD1_F5_m1f5_P1_Y36_UO716,RD1_F5_m3f6_P3_Y34_UO730,RD5_F1_m5f1_P5_Y34_UO331,MXY,2,0.0,1,0,0.0,0,0,0,-9999.0,0.5303812026977539,1,P2_CV0,1,1,1,1,1
1,4.359949021420038,0.38889347741837,RD1_F5_m1f5_P1_Y36_UO295,RD1_F5_m2f3_P2_Y34_UO459,RD5_F1_m5f2_P5_Y34_UO176,FXX,2,0.0,1,0,1.0,0,0,0,-9999.0,0.531977653503418,1,P2_CV0,1,0,2,1,1
1,4.359949021420038,0.38889347741837,RD1_F5_m5f2_P5_Y35_UO49,RD5_F1_m5f1_P5_Y33_UO48,RD2_F9_m6f9_P6_Y33_UO17,MXY,3,0.0,1,0,0.0,0,0,0,-9999.0,0.5329875946044922,1,P2_CV0,1,0,2,2,0
1,4.359949021420038,0.38889347741837,RD1_F5_m5f2_P5_Y37_UO28,RD5_F1_m5f3_P5_Y35_UO98,RD2_F6_m6f9_P6_Y34_UO496,MXY,1,0.0,0,0,0.0,0,0,0,-9999.0,0.5322723388671875,1,P3_CV0,1,1,1,2,0
1,4.359949021420038,0.38889347741837,RD1_F5_m5f2_P5_Y37_UO49,RD5_F1_m5f3_P5_Y35_UO98,RD2_F6_m6f9_P6_Y34_UO496,FXX,1,0.0,0,0,0.0,0,0,0,-9999.0,0.5322723388671875,1,P3_CV0,1,1,1,1,1
1,4.359949021420038,0.38889347741837,RD1_F5_m5f2_P5_Y37_UO55,RD5_F1_m5f3_P5_Y35_UO169,RD2_F6_m6f9_P6_Y34_UO496,MXY,1,0.0,0,0,0.0,0,0,0,-9999.0,0.5323467254638672,1,P3_CV0,1,1,1,0,2
1,4.359949021420038,0.38889347741837,RD1_F5_m5f2_P5_Y37_UO56,RD5_F1_m5f3_P5_Y35_UO169,RD2_F6_m6f9_P6_Y34_UO496,MXY,1,0.0,0,0,0.0,0,0,0,-9999.0,0.5323467254638672,1,P3_CV0,1,2,0,1,1
1,4.359949021420038,0.38889347741837,RD1_F5_m5f2_P5_Y37_UO59,RD5_F1_m5f3_P5_Y35_UO169,RD2_F6_m6f9_P6_Y34_UO496,MXY,1,0.0,0,0,0.0,0,0,0,-9999.0,0.5323467254638672,1,P3_CV0,1,1,1,1,1
1,4.359949021420038,0.38889347741837,RD1_F5_m5f2_P5_Y37_UO60,RD5_F1_m5f3_P5_Y35_UO169,RD2_F6_m6f9_P6_Y34_UO496,FXX,1,0.0,0,0,0.0,0,0,0,-9999.0,0.5323467254638672,1,P3_CV0,1,2,0,1,1
1,4.359949021420038,0.38889347741837,RD1_F5_m5f2_P5_Y37_UO61,RD5_F1_m5f3_P5_Y35_UO169,RD2_F6_m6f9_P6_Y34_UO496,MXY,1,0.0,0,0,0.0,0,0,0,-9999.0,0.5323467254638672,1,P3_CV0,1,2,0,1,1
1,4.359949021420038,0.38889347741837,RD1_F5_m5f2_P5_Y37_UO111,RD5_F1_m5f3_P5_Y35_UO98,RD2_F6_m6f9_P6_Y34_UO496,FXX,1,0.0,0,0,0.0,0,0,0,-9999.0,0.5322723388671875,1,P3_CV0,1,1,1,1,1
1,4.359949021420038,0.38889347741837,RD1_F5_m5f2_P5_Y37_UO0,RD5_F1_m5f3_P5_Y35_UO192,RD2_F9_m9f2_P9_Y34_UO433,MXY,1,0.0,0,0,0.0,0,0,0,-9999.0,0.5327234268188477,1,P4_CV0,1,1,1,0,2
1,4.359949021420038,0.38889347741837,RD1_F5_m5f2_P5_Y37_UO2,RD5_F1_m5f3_P5_Y35_UO192,RD2_F9_m9f2_P9_Y34_UO433,MXY,1,0.0,0,0,0.0,0,0,0,-9999.0,0.5327234268188477,1,P4_CV0,1,1,1,0,2
1,4.359949021420038,0.38889347741837,RD1_F5_m5f2_P5_Y37_UO3,RD5_F1_m5f3_P5_Y35_UO192,RD2_F9_m9f2_P9_Y34_UO433,MXY,1,0.0,0,0,0.0,0,0,0,-9999.0,0.5327234268188477,1,P4_CV0,1,1,1,0,2
1,4.359949021420038,0.38889347741837,RD1_F5_m5f2_P5_Y37_UO4,RD5_F1_m5f3_P5_Y35_UO192,RD2_F9_m9f2_P9_Y34_UO433,FXX,1,0.0,0,0,0.0,0,0,0,-9999.0,0.5327234268188477,1,P4_CV0,1,1,1,0,2
1,4.359949021420038,0.38889347741837,RD1_F5_m5f2_P5_Y37_UO5,RD5_F1_m5f3_P5_Y35_UO192,RD2_F9_m9f2_P9_Y34_UO433,FXX,1,0.0,0,0,0.0,0,0,0,-9999.0,0.5327234268188477,1,P4_CV0,1,1,1,0,2
1,4.359949021420038,0.38889347741837,RD1_F5_m5f2_P5_Y37_UO7,RD5_F1_m5f3_P5_Y35_UO192,RD2_F9_m9f2_P9_Y34_UO433,FXX,1,0.0,0,0,0.0,0,0,0,-9999.0,0.5327234268188477,1,P4_CV0,1,1,1,0,2
1,4.359949021420038,0.38889347741837,RD1_F5_m5f2_P5_Y37_UO54,RD5_F1_m5f3_P5_Y35_UO169,RD2_F6_m6f9_P6_Y34_UO496,MXY,1,0.0,0,0,0.0,0,0,0,-9999.0,0.5323467254638672,1,P4_CV0,1,2,0,0,2
1,4.359949021420038,0.38889347741837,RD1_F5_m5f3_P5_Y37_UO209,RD5_F1_m5f3_P5_Y35_UO169,RD3_F2_m3f5_P3_Y34_UO516,MXY,1,0.0,0,0,0.0,0,0,0,-9999.0,0.5327301025390625,1,P4_CV0,1,1,1,0,2
1,4.359949021420038,0.38889347741837,RD1_F5_m5f3_P5_Y37_UO211,RD5_F1_m5f3_P5_Y35_UO169,RD3_F2_m3f5_P3_Y34_UO516,FXX,1,0.0,0,0,0.0,0,0,0,-9999.0,0.5327301025390625,1,P4_CV0,1,1,1,0,2
1,4.359949021420038,0.38889347741837,RD1_F5_m5f3_P5_Y37_UO214,RD5_F1_m5f3_P5_Y35_UO169,RD3_F2_m3f5_P3_Y34_UO516,MXY,1,0.0,0,0,0.0,0,0,0,-9999.0,0.5327301025390625,1,P4_CV0,1,1,1,0,2
1,4.359949021420038,0.38889347741837,RD1_F5_m5f3_P5_Y35_UO93,RD5_F1_m5f2_P5_Y33_UO25,RD3_F7_m6f2_P6_Y32_UO165,MXY,3,0.0,1,0,0.0,0,0,0,-9999.0,0.5327968597412109,1,P4_CV0,1,1,1,1,1
1,4.359949021420038,0.38889347741837,RD1_F5_m5f3_P5_Y37_UO18,RD5_F2_m9f6_P9_Y35_UO158,RD3_F7_m7f3_P7_Y34_UO386,FXX,1,0.0,0,0,0.0,0,0,0,-9999.0,0.5333576202392578,1,P5_CV0,1,1,1,1,1
1,4.359949021420038,0.38889347741837,RD1_F5_m5f3_P5_Y37_UO19,RD5_F2_m9f6_P9_Y35_UO158,RD3_F7_m7f3_P7_Y34_UO386,MXY,1,0.0,0,0,0.0,0,0,0,-9999.0,0.5333576202392578,1,P5_CV0,1,1,1,2,0
1,4.359949021420038,0.38889347741837,RD1_F5_m5f3_P5_Y37_UO42,RD5_F1_m5f1_P5_Y35_UO81,RD3_F7_m7f3_P7_Y34_UO386,FXX,1,0.0,0,0,0.0,0,0,0,-9999.0,0.533564567565918,1,P5_CV0,1,1,1,1,1
1,4.359949021420038,0.38889347741837,RD1_F5_m5f3_P5_Y37_UO43,RD5_F1_m5f1_P5_Y35_UO81,RD3_F7_m7f3_P7_Y34_UO386,FXX,1,0.0,0,0,0.0,0,0,0,-9999.0,0.533564567565918,1,P5_CV0,1,2,0,1,1
1,4.359949021420038,0.38889347741837,RD1_F5_m5f3_P5_Y37_UO44,RD5_F1_m5f1_P5_Y35_UO81,RD3_F7_m7f3_P7_Y34_UO386,MXY,1,0.0,0,0,0.0,0,0,0,-9999.0,0.533564567565918,1,P5_CV0,1,2,0,1,1
1,4.359949021420038,0.38889347741837,RD1_F5_m5f3_P5_Y37_UO45,RD5_F1_m5f1_P5_Y35_UO81,RD3_F7_m7f3_P7_Y34_UO386,MXY,1,0.0,0,0,0.0,0,0,0,-9999.0,0.533564567565918,1,P5_CV0,1,1,1,1,1
1,4.359949021420038,0.38889347741837,RD1_F5_m1f5_P1_Y36_UO334,RD1_F5_m1f5_P1_Y34_UO674,RD5_F3_m5f1_P5_Y32_UO264,FXX,2,0.0,1,0,1.0,0,0,0,-9999.0,0.5301799774169922,1,P5_CV0,1,2,0,0,2
1,4.359949021420038,0.38889347741837,RD1_F5_m5f2_P5_Y37_UO26,RD5_F1_m5f3_P5_Y35_UO98,RD2_F6_m6f9_P6_Y34_UO496,FXX,1,0.0,0,0,0.0,0,0,0,-9999.0,0.5322723388671875,1,P6_CV0,1,2,0,1,1
1,4.359949021420038,0.38889347741837,RD1_F5_m5f2_P5_Y37_UO29,RD5_F1_m5f3_P5_Y35_UO98,RD2_F6_m6f9_P6_Y34_UO496,MXY,1,0.0,0,0,0.0,0,0,0,-9999.0,0.5322723388671875,1,P6_CV0,1,2,0,2,0
1,4.359949021420038,0.38889347741837,RD1_F5_m5f2_P5_Y37_UO48,RD5_F1_m5f3_P5_Y35_UO98,RD2_F6_m6f9_P6_Y34_UO496,FXX,1,0.0,0,0,0.0,0,0,0,-9999.0,0.5322723388671875,1,P6_CV0,1,2,0,1,1
1,4.359949021420038,0.38889347741837,RD1_F5_m5f2_P5_Y37_UO112,RD5_F1_m5f3_P5_Y35_UO98,RD2_F6_m6f9_P6_Y34_UO496,MXY,1,0.0,0,0,0.0,0,0,0,-9999.0,0.5322723388671875,1,P6_CV0,1,2,0,2,0
1,4.359949021420038,0.38889347741837,RD1_F5_m5f2_P5_Y37_UO113,RD5_F1_m5f3_P5_Y35_UO98,RD2_F6_m6f9_P6_Y34_UO496,MXY,1,0.0,0,0,0.0,0,0,0,-9999.0,0.5322723388671875,1,P6_CV0,1,1,1,1,1
1,4.359949021420038,0.38889347741837,RD1_F5_m5f2_P5_Y37_UO170,RD5_F1_m5f1_P5_Y35_UO81,RD2_F6_m9f2_P9_Y34_UO32,MXY,1,0.0,0,0,0.0,0,0,0,-9999.0,0.5329446792602539,1,P6_CV0,1,2,0,0,2
1,4.359949021420038,0.38889347741837,RD1_F5_m1f5_P1_Y36_UO326,RD1_F5_m1f5_P1_Y34_UO134,RD5_F1_m5f1_P5_Y34_UO368,FXX,2,0.0,1,0,1.0,0,0,0,-9999.0,0.5338964462280273,1,P6_CV0,1,2,0,0,2
1,4.359949021420038,0.38889347741837,RD1_F5_m1f5_P1_Y36_UO327,RD1_F5_m1f5_P1_Y34_UO134,RD5_F1_m5f1_P5_Y34_UO368,MXY,2,0.0,1,0,0.0,0,0,0,-9999.0,0.5338964462280273,1,P6_CV0,1,2,0,0,2
1,4.359949021420038,0.38889347741837,RD1_F5_m1f5_P1_Y36_UO323,RD1_F5_m1f5_P1_Y34_UO134,RD5_F1_m5f1_P5_Y34_UO368,FXX,2,0.0,1,0,1.0,0,0,0,-9999.0,0.5338964462280273,1,P6_CV0,1,2,0,1,1
1,4.359949021420038,0.38889347741837,RD1_F5_m1f5_P1_Y36_UO418,RD1_F5_m3f6_P3_Y34_UO70,RD5_F3_m5f3_P5_Y34_UO335,FXX,2,0.0,1,0,1.0,0,0,0,-9999.0,0.5329141616821289,1,P6_CV0,1,2,0,0,2
2,5.496624778787091,6.529835889274153,RD2_F9_m2f9_P2_Y36_UO240,RD2_F3_m6f9_P6_Y34_UO309,RD9_F6_m9f2_P9_Y34_UO165,MXY,2,0.0,1,0,0.0,0,0,0,-9999.0,0.531468391418457,1,P0_CV0,1,1,1,0,2
2,5.496624778787091,6.529835889274153,RD2_F9_m9f2_P9_Y37_UO147,RD9_F2_m9f2_P9_Y35_UO72,RD2_F6_m9f2_P9_Y34_UO32,MXY,1,0.0,0,0,0.0,0,0,0,-9999.0,0.5342016220092773,1,P1_CV0,1,1,1,1,1
2,5.496624778787091,6.529835889274153,RD2_F5_m5f2_P5_Y37_UO91,RD5_F1_m5f2_P5_Y35_UO45,RD2_F6_m9f2_P9_Y34_UO32,FXX,1,0.0,0,0,0.0,0,0,0,-9999.0,0.5318880081176758,1,P1_CV0,1,0,2,1,1
2,5.496624778787091,6.529835889274153,RD2_F5_m5f2_P5_Y37_UO88,RD5_F1_m5f2_P5_Y35_UO45,RD2_F6_m9f2_P9_Y34_UO32,MXY,1,0.0,0,0,0.0,0,0,0,-9999.0,0.5318880081176758,1,P1_CV0,1,0,2,1,1
2,5.496624778787091,6.529835889274153,RD2_F5_m5f2_P5_Y37_UO90,RD5_F1_m5f2_P5_Y35_UO45,RD2_F6_m9f2_P9_Y34_UO32,FXX,1,0.0,0,0,0.0,0,0,0,-9999.0,0.5318880081176758,1,P1_CV0,1,1,1,2,0
2,5.496624778787091,6.529835889274153,RD2_F5_m5f2_P5_Y37_UO169,RD5_F1_m5f1_P5_Y35_UO81,RD2_F6_m9f2_P9_Y34_UO32,MXY,1,0.0,0,0,0.0,0,0,0,-9999.0,0.5329446792602539,1,P1_CV0,1,1,1,1,1
2,5.496624778787091,6.529835889274153,RD2_F9_m9f2_P9_Y37_UO153,RD9_F2_m9f2_P9_Y35_UO72,RD2_F6_m9f2_P9_Y34_UO32,MXY,1,0.0,0,0,0.0,0,0,0,-9999.0,0.5342016220092773,1,P1_CV0,1,1,1,1,1
2,5.496624778787091,6.529835889274153,RD2_F9_m9f2_P9_Y37_UO152,RD9_F2_m9f2_P9_Y35_UO72,RD2_F6_m9f2_P9_Y34_UO32,FXX,1,0.0,0,0,0.0,0,0,0,-9999.0,0.5342016220092773,1,P1_CV0,1,0,2,1,1
2,5.496624778787091,6.529835889274153,RD2_F9_m2f9_P2_Y36_UO586,RD2_F9_m6f9_P6_Y34_UO480,RD9_F2_m5f1_P5_Y34_UO333,FXX,2,0.0,1,0,1.0,0,0,0,-9999.0,0.5324163436889648,1,P1_CV0,1,0,2,1,1
2,5.496624778787091,6.529835889274153,RD2_F3_m5f3_P5_Y36_UO579,RD5_F1_m5f1_P5_Y34_UO193,RD3_F2_m5f1_P5_Y34_UO487,FXX,2,0.0,1,0,1.0,0,0,0,-9999.0,0.532282829284668,1,P1_CV0,1,1,1,0,2
2,5.496624778787091,6.529835889274153,RD2_F6_m9f2_P9_Y36_UO560,RD9_F2_m5f2_P5_Y34_UO402,RD2_F6_m9f2_P9_Y34_UO169,MXY,2,0.0,1,0,0.0,0,0,0,-9999.0,0.5303211212158203,1,P1_CV0,1,1,1,1,1
2,5.496624778787091,6.529835889274153,RD2_F9_m2f9_P2_Y36_UO161,RD2_F3_m5f1_P5_Y34_UO75,RD9_F6_m1f5_P1_Y32_UO143,MXY,2,0.0,1,0,0.0,0,0,0,-9999.0,0.5291414260864258,1,P1_CV0,1,0,2,2,0
2,5.496624778787091,6.529835889274153,RD2_F9_m6f2_P6_Y36_UO174,RD6_F3_m6f2_P6_Y34_UO712,RD2_F3_m7f3_P7_Y34_UO429,FXX,2,0.0,1,0,1.0,0,0,0,-9999.0,0.531315803527832,1,P1_CV0,1,0,2,2,0
2,5.496624778787091,6.529835889274153,RD2_F9_m6f9_P6_Y36_UO389,RD6_F2_m6f2_P6_Y34_UO710,RD9_F2_m6f9_P6_Y34_UO170,FXX,2,0.0,1,0,1.0,0,0,0,-9999.0,0.5329742431640625,1,P1_CV0,1,0,2,1,1
2,5.496624778787091,6.529835889274153,RD2_F9_m2f9_P2_Y36_UO163,RD2_F3_m5f1_P5_Y34_UO75,RD9_F6_m1f5_P1_Y32_UO143,FXX,2,0.0,1,0,1.0,0,0,0,-9999.0,0.5291414260864258,1,P1_CV0,1,0,2,1,1
2,5.496624778787091,6.529835889274153,RD2_F9_m2f5_P2_Y36_UO719,RD2_F6_m9f6_P9_Y34_UO15,RD5_F1_m5f3_P5_Y34_UO321,FXX,2,0.0,1,0,1.0,0,0,0,-9999.0,0.5307044982910156,1,P1_CV0,1,0,2,0,2
2,5.496624778787091,6.529835889274153,RD2_F9_m9f6_P9_Y37_UO164,RD9_F2_m9f2_P9_Y35_UO72,RD6_F2_m2f6_P2_Y34_UO550,MXY,1,0.0,0,0,0.0,0,0,0,-9999.0,0.5363130569458008,1,P2_CV0,1,1,1,1,1
2,5.496624778787091,6.529835889274153,RD2_F5_m5f3_P5_Y37_UO9,RD5_F1_m5f3_P5_Y35_UO192,RD3_F2_m9f6_P9_Y35_UO149,MXY,1,0.0,0,0,0.0,0,0,0,-9999.0,0.5338163375854492,1,P2_CV0,1,1,1,1,1
2,5.496624778787091,6.529835889274153,RD2_F9_m9f2_P9_Y37_UO144,RD9_F2_m9f2_P9_Y35_UO72,RD2_F6_m9f2_P9_Y34_UO32,MXY,1,0.0,0,0,0.0,0,0,0,-9999.0,0.5342016220092773,1,P2_CV0,1,1,1,0,2
2,5.496624778787091,6.529835889274153,RD2_F5_m5f3_P5_Y37_UO24,RD5_F2_m9f6_P9_Y35_UO158,RD3_F2_m9f6_P9_Y35_UO149,MXY,1,0.0,0,0,0.0,0,0,0,-9999.0,0.5346870422363281,1,P2_CV0,1,0,2,2,0
2,5.496624778787091,6.529835889274153,RD2_F9_m9f2_P9_Y37_UO141,RD9_F2_m9f2_P9_Y35_UO72,RD2_F6_m9f2_P9_Y34_UO32,MXY,1,0.0,0,0,0.0,0,0,0,-9999.0,0.5342016220092773,1,P2_CV0,1,0,2,0,2
2,5.496624778787091,6.529835889274153,RD2_F9_m9f2_P9_Y37_UO148,RD9_F2_m9f2_P9_Y35_UO72,RD2_F6_m9f2_P9_Y34_UO32,MXY,1,0.0,0,0,0.0,0,0,0,-9999.0,0.5342016220092773,1,P2_CV0,1,0,2,0,2
2,5.496624778787091,6.529835889274153,RD2_F9_m9f6_P9_Y37_UO206,RD9_F2_m9f2_P9_Y35_UO72,RD6_F3_m5f3_P5_Y35_UO91,FXX,1,0.0,0,0,0.0,0,0,0,-9999.0,0.5352058410644531,1,P2_CV0,1,1,1,1,1
2,5.496624778787091,6.529835889274153,RD2_F9_m9f2_P9_Y37_UO142,RD9_F2_m9f2_P9_Y35_UO72,RD2_F6_m9f2_P9_Y34_UO32,FXX,1,0.0,0,0,0.0,0,0,0,-9999.0,0.5342016220092773,1,P2_CV0,1,0,2,0,2
2,5.496624778787091,6.529835889274153,RD2_F9_m9f6_P9_Y37_UO205,RD9_F2_m9f2_P9_Y35_UO72,RD6_F3_m5f3_P5_Y35_UO91,FXX,1,0.0,0,0,0.0,0,0,0,-9999.0,0.5352058410644531,1,P2_CV0,1,1,1,1,1
2,5.496624778787091,6.529835889274153,RD2_F5_m5f3_P5_Y37_UO21,RD5_F2_m9f6_P9_Y35_UO158,RD3_F2_m9f6_P9_Y35_UO149,FXX,1,0.0,0,0,0.0,0,0,0,-9999.0,0.5346870422363281,1,P2_CV0,1,1,1,1,1
2,5.496624778787091,6.529835889274153,RD2_F5_m5f3_P5_Y37_UO16,RD5_F1_m5f3_P5_Y35_UO192,RD3_F2_m9f6_P9_Y35_UO149,FXX,1,0.0,0,0,0.0,0,0,0,-9999.0,0.5338163375854492,1,P2_CV0,1,1,1,1,1
2,5.496624778787091,6.529835889274153,RD2_F9_m9f6_P9_Y37_UO194,RD9_F2_m9f2_P9_Y35_UO72,RD6_F3_m5f3_P5_Y35_UO91,MXY,1,0.0,0,0,0.0,0,0,0,-9999.0,0.5352058410644531,1,P2_CV0,1,0,2,0,2
2,5.496624778787091,6.529835889274153,RD2_F9_m9f6_P9_Y37_UO203,RD9_F2_m9f2_P9_Y35_UO72,RD6_F3_m5f3_P5_Y35_UO91,MXY,1,0.0,0,0,0.0,0,0,0,-9999.0,0.5352058410644531,1,P2_CV0,1,1,1,0,2
2,5.496624778787091,6.529835889274153,RD2_F9_m9f2_P9_Y37_UO143,RD9_F2_m9f2_P9_Y35_UO72,RD2_F6_m9f2_P9_Y34_UO32,MXY,1,0.0,0,0,0.0,0,0,0,-9999.0,0.5342016220092773,1,P2_CV0,1,1,1,0,2
2,5.496624778787091,6.529835889274153,RD2_F9_m9f6_P9_Y37_UO192,RD9_F2_m9f2_P9_Y35_UO72,RD6_F3_m5f3_P5_Y35_UO91,MXY,1,0.0,0,0,0.0,0,0,0,-9999.0,0.5352058410644531,1,P2_CV0,1,1,1,1,1
2,5.496624778787091,6.529835889274153,RD2_F6_m9f2_P9_Y36_UO153,RD9_F2_m9f2_P9_Y34_UO25,RD2_F9_m6f2_P6_Y34_UO718,MXY,2,0.0,1,0,0.0,0,0,0,-9999.0,0.5309581756591797,1,P2_CV0,1,1,1,2,0
2,5.496624778787091,6.529835889274153,RD2_F6_m2f6_P2_Y36_UO119,RD2_F5_m1f5_P1_Y34_UO504,RD6_F2_m3f5_P3_Y34_UO210,MXY,2,0.0,1,0,0.0,0,0,0,-9999.0,0.5311279296875,1,P2_CV0,1,0,2,1,1
2,5.496624778787091,6.529835889274153,RD2_F9_m6f2_P6_Y36_UO146,RD6_F9_m2f3_P2_Y34_UO242,RD2_F9_m2f3_P2_Y34_UO454,FXX,2,0.0,1,0,1.0,0,0,0,-9999.0,0.532649040222168,1,P2_CV0,1,1,1,1,1
2,5.496624778787091,6.529835889274153,RD2_F9_m2f9_P2_Y36_UO352,RD2_F6_m3f6_P3_Y34_UO734,RD9_F6_m2f3_P2_Y34_UO453,MXY,2,0.0,1,0,0.0,0,0,0,-9999.0,0.5309648513793945,1,P2_CV0,1,1,1,2,0
2,5.496624778787091,6.529835889274153,RD2_F3_m6f3_P6_Y36_UO747,RD6_F9_m6f2_P6_Y34_UO719,RD3_F2_m3f5_P3_Y34_UO5,MXY,2,0.0,1,0,0.0,0,0,0,-9999.0,0.5309638977050781,1,P2_CV0,1,0,2,1,1
2,5.496624778787091,6.529835889274153,RD2_F3_m6f2_P6_Y36_UO453,RD6_F2_m6f9_P6_Y34_UO142,RD2_F6_m3f2_P3_Y34_UO594,FXX,2,0.0,1,0,1.0,0,0,0,-9999.0,0.5309638977050781,1,P2_CV0,1,1,1,1,1
2,5.496624778787091,6.529835889274153,RD2_F9_m6f2_P6_Y36_UO580,RD6_F2_m6f9_P6_Y34_UO239,RD2_F6_m9f2_P9_Y34_UO169,MXY,2,0.0,1,0,0.0,0,0,0,-9999.0,0.5310783386230469,1,P2_CV0,1,1,1,1,1
2,5.496624778787091,6.529835889274153,RD2_F9_m2f3_P2_Y36_UO260,RD2_F5_m1f5_P1_Y34_UO202,RD3_F2_m3f2_P3_Y34_UO100,MXY,2,0.0,1,0,0.0,0,0,0,-9999.0,0.531651496887207,1,P2_CV0,1,0,2,0,2
2,5.496624778787091,6.529835889274153,RD2_F3_m6f3_P6_Y36_UO186,RD6_F2_m9f2_P9_Y34_UO55,RD3_F6_m2f3_P2_Y34_UO123,FXX,2,0.0,1,0,1.0,0,0,0,-9999.0,0.5331697463989258,1,P2_CV0,1,1,1,0,2
2,5.496624778787091,6.529835889274153,RD2_F6_m9f2_P9_Y36_UO44,RD9_F6_m3f7_P3_Y34_UO359,RD2_F5_m1f5_P1_Y34_UO201,FXX,2,0.0,1,0,1.0,0,0,0,-9999.0,0.5316839218139648,1,P2_CV0,1,1,1,0,2
2,5.496624778787091,6.529835889274153,RD2_F9_m6f2_P6_Y36_UO144,RD6_F9_m2f3_P2_Y34_UO242,RD2_F9_m2f3_P2_Y34_UO454,FXX,2,0.0,1,0,1.0,0,0,0,-9999.0,0.532649040222168,1,P2_CV0,1,1,1,2,0
2,5.496624778787091,6.529835889274153,RD2_F3_m5f2_P5_Y36_UO316,RD5_F3_m6f2_P6_Y34_UO272,RD2_F9_m2f3_P2_Y34_UO454,MXY,2,0.0,1,0,0.0,0,0,0,-9999.0,0.5312719345092773,1,P2_CV0,1,0,2,1,1
2,5.496624778787091,6.529835889274153,RD2_F3_m6f2_P6_Y36_UO490,RD6_F9_m2f6_P2_Y34_UO657,RD2_F9_m2f3_P2_Y34_UO454,MXY,2,0.0,1,0,0.0,0,0,0,-9999.0,0.5315742492675781,1,P2_CV0,1,0,2,2,0
2,5.496624778787091,6.529835889274153,RD2_F3_m2f6_P2_Y36_UO120,RD2_F5_m1f5_P1_Y34_UO504,RD6_F2_m3f5_P3_Y34_UO210,FXX,2,0.0,1,0,1.0,0,0,0,-9999.0,0.5311279296875,1,P2_CV0,1,0,2,2,0
2,5.496624778787091,6.529835889274153,RD2_F9_m6f3_P6_Y36_UO271,RD6_F9_m6f9_P6_Y34_UO143,RD3_F2_m5f1_P5_Y34_UO487,MXY,2,0.0,1,0,0.0,0,0,0,-9999.0,0.5321826934814453,1,P2_CV0,1,0,2,0,2
2,5.496624778787091,6.529835889274153,RD2_F6_m4f7_P4_Y34_UO609,RD4_F7_m3f2_P3_Y32_UO194,RD7_F3_m6f9_P6_Y32_UO66,FXX,4,0.0,1,0,1.0,0,0,0,-9999.0,0.532073974609375,1,P2_CV0,1,1,1,1,1
2,5.496624778787091,6.529835889274153,RD2_F3_m5f2_P5_Y34_UO462,RD5_F3_m7f4_P7_Y32_UO442,RD2_F6_m9f2_P9_Y32_UO232,MXY,4,0.0,1,0,0.0,0,0,0,-9999.0,0.5321750640869141,1,P2_CV0,1,1,1,0,2
2,5.496624778787091,6.529835889274153,RD2_F5_m5f2_P5_Y37_UO110,RD5_F1_m5f3_P5_Y35_UO98,RD2_F6_m6f9_P6_Y34_UO496,MXY,1,0.0,0,0,0.0,0,0,0,-9999.0,0.5322723388671875,1,P3_CV0,1,1,1,0,2
2,5.496624778787091,6.529835889274153,RD2_F5_m5f2_P5_Y37_UO114,RD5_F1_m5f3_P5_Y35_UO98,RD2_F6_m6f9_P6_Y34_UO496,MXY,1,0.0,0,0,0.0,0,0,0,-9999.0,0.5322723388671875,1,P3_CV0,1,0,2,0,2
2,5.496624778787091,6.529835889274153,RD2_F9_m6f2_P6_Y36_UO11,RD6_F3_m6f9_P6_Y34_UO639,RD2_F5_m3f6_P3_Y34_UO71,MXY,2,0.0,1,0,0.0,0,0,0,-9999.0,0.5320959091186523,1,P3_CV0,1,0,2,1,1
2,5.496624778787091,6.529835889274153,RD2_F6_m9f6_P9_Y36_UO478,RD9_F2_m9f2_P9_Y34_UO542,RD6_F9_m6f9_P6_Y34_UO666,FXX,2,0.0,1,0,1.0,0,0,0,-9999.0,0.5320262908935547,1,P3_CV0,1,1,1,1,1
2,5.496624778787091,6.529835889274153,RD2_F6_m9f6_P9_Y36_UO729,RD9_F6_m3f6_P3_Y34_UO356,RD6_F9_m6f9_P6_Y34_UO310,FXX,2,0.0,1,0,1.0,0,0,0,-9999.0,0.5326700210571289,1,P3_CV0,1,0,2,1,1
2,5.496624778787091,6.529835889274153,RD2_F3_m5f1_P5_Y36_UO642,RD5_F3_m6f9_P6_Y34_UO600,RD1_F5_m2f3_P2_Y34_UO246,MXY,2,0.0,1,0,0.0,0,0,0,-9999.0,0.5321645736694336,1,P3_CV0,1,1,1,1,1
2,5.496624778787091,6.529835889274153,RD2_F9_m6f3_P6_Y36_UO281,RD6_F9_m2f3_P2_Y34_UO460,RD3_F6_m9f2_P9_Y34_UO54,MXY,2,0.0,1,0,0.0,0,0,0,-9999.0,0.532313346862793,1,P3_CV0,1,0,2,1,1
2,5.496624778787091,6.529835889274153,RD2_F3_m5f2_P5_Y36_UO191,RD5_F3_m6f2_P6_Y34_UO272,RD2_F9_m2f6_P2_Y34_UO552,MXY,2,0.0,1,0,0.0,0,0,0,-9999.0,0.5326318740844727,1,P3_CV0,1,1,1,1,1
2,5.496624778787091,6.529835889274153,RD2_F6_m6f2_P6_Y37_UO175,RD6_F3_m5f3_P5_Y35_UO92,RD2_F9_m9f2_P9_Y34_UO433,MXY,1,0.0,0,0,0.0,0,0,0,-9999.0,0.532649040222168,1,P4_CV0,1,0,2,1,1
2,5.496624778787091,6.529835889274153,RD2_F5_m5f2_P5_Y37_UO53,RD5_F1_m5f3_P5_Y35_UO169,RD2_F6_m6f9_P6_Y34_UO496,MXY,1,0.0,0,0,0.0,0,0,0,-9999.0,0.5323467254638672,1,P4_CV0,1,1,1,1,1
2,5.496624778787091,6.529835889274153,RD2_F9_m9f6_P9_Y37_UO160,RD9_F2_m9f2_P9_Y35_UO72,RD6_F2_m2f6_P2_Y34_UO550,MXY,1,0.0,0,0,0.0,0,0,0,-9999.0,0.5363130569458008,1,P4_CV0,1,1,1,1,1
2,5.496624778787091,6.529835889274153,RD2_F9_m9f6_P9_Y37_UO157,RD9_F2_m9f2_P9_Y35_UO72,RD6_F2_m2f6_P2_Y34_UO550,MXY,1,0.0,0,0,0.0,0,0,0,-9999.0,0.5363130569458008,1,P4_CV0,1,1,1,1,1
2,5.496624778787091,6.529835889274153,RD2_F9_m9f6_P9_Y37_UO156,RD9_F2_m9f2_P9_Y35_UO72,RD6_F2_m2f6_P2_Y34_UO550,MXY,1,0.0,0,0,0.0,0,0,0,-9999.0,0.5363130569458008,1,P4_CV0,1,1,1,1,1
2,5.496624778787091,6.529835889274153,RD2_F5_m5f3_P5_Y37_UO212,RD5_F1_m5f3_P5_Y35_UO169,RD3_F2_m3f5_P3_Y34_UO516,FXX,1,0.0,0,0,0.0,0,0,0,-9999.0,0.5327301025390625,1,P4_CV0,1,1,1,0,2
2,5.496624778787091,6.529835889274153,RD2_F5_m5f3_P5_Y37_UO215,RD5_F1_m5f3_P5_Y35_UO169,RD3_F2_m3f5_P3_Y34_UO516,MXY,1,0.0,0,0,0.0,0,0,0,-9999.0,0.5327301025390625,1,P4_CV0,1,1,1,0,2
2,5.496624778787091,6.529835889274153,RD2_F6_m6f2_P6_Y37_UO183,RD6_F3_m5f3_P5_Y35_UO92,RD2_F9_m9f2_P9_Y34_UO433,MXY,1,0.0,0,0,0.0,0,0,0,-9999.0,0.532649040222168,1,P4_CV0,1,1,1,0,2
2,5.496624778787091,6.529835889274153,RD2_F5_m5f3_P5_Y37_UO210,RD5_F1_m5f3_P5_Y35_UO169,RD3_F2_m3f5_P3_Y34_UO516,MXY,1,0.0,0,0,0.0,0,0,0,-9999.0,0.5327301025390625,1,P4_CV0,1,1,1,0,2
2,5.496624778787091,6.529835889274153,RD2_F9_m9f6_P9_Y37_UO158,RD9_F2_m9f2_P9_Y35_UO72,RD6_F2_m2f6_P2_Y34_UO550,MXY,1,0.0,0,0,0.0,0,0,0,-9999.0,0.5363130569458008,1,P4_CV0,1,1,1,1,1
2,5.496624778787091,6.529835889274153,RD2_F5_m5f2_P5_Y37_UO6,RD5_F1_m5f3_P5_Y35_UO192,RD2_F9_m9f2_P9_Y34_UO433,FXX,1,0.0,0,0,0.0,0,0,0,-9999.0,0.5327234268188477,1,P4_CV0,1,1,1,0,2
2,5.496624778787091,6.529835889274153,RD2_F6_m9f6_P9_Y36_UO625,RD9_F6_m3f2_P3_Y34_UO47,RD6_F2_m9f6_P9_Y34_UO218,FXX,2,0.0,1,0,1.0,0,0,0,-9999.0,0.530604362487793,1,P4_CV0,1,0,2,0,2
2,5.496624778787091,6.529835889274153,RD2_F3_m7f3_P7_Y36_UO235,RD7_F4_m8f4_P8_Y34_UO285,RD3_F7_m4f7_P4_Y34_UO364,MXY,2,0.0,1,0,0.0,0,0,0,-9999.0,0.5324497222900391,1,P4_CV0,1,2,0,0,2
2,5.496624778787091,6.529835889274153,RD2_F6_m9f2_P9_Y36_UO639,RD9_F6_m2f3_P2_Y34_UO245,RD2_F3_m5f2_P5_Y34_UO564,MXY,2,0.0,1,0,0.0,0,0,0,-9999.0,0.5335474014282227,1,P4_CV0,1,1,1,1,1
2,5.496624778787091,6.529835889274153,RD2_F6_m9f2_P9_Y36_UO487,RD9_F6_m2f6_P2_Y34_UO130,RD2_F3_m6f2_P6_Y32_UO165,FXX,2,0.0,1,0,1.0,0,0,0,-9999.0,0.5307836532592773,1,P4_CV0,1,0,2,1,1
2,5.496624778787091,6.529835889274153,RD2_F3_m7f4_P7_Y36_UO289,RD7_F4_m8f4_P8_Y34_UO445,RD4_F7_m3f6_P3_Y34_UO534,MXY,2,0.0,1,0,0.0,0,0,0,-9999.0,0.5319080352783203,1,P4_CV0,1,1,1,1,1
2,5.496624778787091,6.529835889274153,RD2_F3_m7f3_P7_Y36_UO697,RD7_F3_m5f2_P5_Y34_UO563,RD3_F7_m4f7_P4_Y34_UO632,FXX,2,0.0,1,0,1.0,0,0,0,-9999.0,0.5330266952514648,1,P4_CV0,1,0,2,2,0
2,5.496624778787091,6.529835889274153,RD2_F9_m6f2_P6_Y36_UO94,RD6_F2_m6f3_P6_Y34_UO595,RD2_F3_m5f2_P5_Y34_UO564,FXX,2,0.0,1,0,1.0,0,0,0,-9999.0,0.5328636169433594,1,P4_CV0,1,0,2,1,1
2,5.496624778787091,6.529835889274153,RD2_F6_m9f2_P9_Y36_UO461,RD9_F6_m3f6_P3_Y34_UO356,RD2_F6_m9f2_P9_Y34_UO207,FXX,2,0.0,1,0,1.0,0,0,0,-9999.0,0.5316972732543945,1,P4_CV0,1,0,2,0,2
2,5.496624778787091,6.529835889274153,RD2_F3_m7f4_P7_Y36_UO566,RD7_F3_m7f4_P7_Y34_UO686,RD4_F7_m4f8_P4_Y34_UO492,FXX,2,0.0,1,0,1.0,0,0,0,-9999.0,0.5305881500244141,1,P4_CV0,1,1,1,2,0
2,5.496624778787091,6.529835889274153,RD2_F9_m9f2_P9_Y35_UO55,RD9_F6_m3f5_P3_Y33_UO94,RD2_F9_m6f9_P6_Y33_UO15,FXX,3,0.0,1,0,1.0,0,0,0,-9999.0,0.5376148223876953,1,P4_CV0,1,0,2,1,1
2,5.496624778787091,6.529835889274153,RD2_F3_m3f5_P3_Y34_UO516,RD3_F7_m3f5_P3_Y32_UO210,RD5_F1_m5f3_P5_Y32_UO100,MXY,4,0.0,1,0,0.0,0,0,0,-9999.0,0.5325145721435547,1,P4_CV0,1,0,2,0,2
2,5.496624778787091,6.529835889274153,RD2_F3_m7f3_P7_Y36_UO138,RD7_F3_m2f6_P2_Y34_UO127,RD3_F6_m2f6_P2_Y34_UO549,FXX,2,0.0,1,0,1.0,0,0,0,-9999.0,0.5338678359985352,1,P5_CV0,1,1,1,2,0
2,5.496624778787091,6.529835889274153,RD2_F6_m2f3_P2_Y36_UO407,RD2_F6_m9f6_P9_Y34_UO15,RD3_F6_m2f5_P2_Y34_UO23,FXX,2,0.0,1,0,1.0,0,0,0,-9999.0,0.5301456451416016,1,P5_CV0,1,0,2,1,1
2,5.496624778787091,6.529835889274153,RD2_F6_m9f2_P9_Y36_UO221,RD9_F6_m2f3_P2_Y34_UO245,RD2_F3_m7f3_P7_Y34_UO429,MXY,2,0.0,1,0,0.0,0,0,0,-9999.0,0.5321722030639648,1,P5_CV0,1,0,2,1,1
2,5.496624778787091,6.529835889274153,RD2_F9_m2f5_P2_Y36_UO455,RD2_F6_m9f6_P9_Y34_UO588,RD5_F1_m5f3_P5_Y34_UO334,FXX,2,0.0,1,0,1.0,0,0,0,-9999.0,0.5329256057739258,1,P5_CV0,1,1,1,0,2
2,5.496624778787091,6.529835889274153,RD2_F9_m2f9_P2_Y36_UO246,RD2_F3_m6f9_P6_Y34_UO309,RD9_F6_m9f2_P9_Y34_UO165,FXX,2,0.0,1,0,1.0,0,0,0,-9999.0,0.531468391418457,1,P5_CV0,1,0,2,1,1
2,5.496624778787091,6.529835889274153,RD2_F9_m9f6_P9_Y37_UO190,RD9_F2_m9f2_P9_Y35_UO72,RD6_F3_m5f3_P5_Y35_UO91,MXY,1,0.0,0,0,0.0,0,0,0,-9999.0,0.5352058410644531,1,P6_CV0,1,0,2,1,1
2,5.496624778787091,6.529835889274153,RD2_F9_m9f6_P9_Y37_UO199,RD9_F2_m9f2_P9_Y35_UO72,RD6_F3_m5f3_P5_Y35_UO91,FXX,1,0.0,0,0,0.0,0,0,0,-9999.0,0.5352058410644531,1,P6_CV0,1,0,2,1,1
2,5.496624778787091,6.529835889274153,RD2_F6_m6f2_P6_Y37_UO187,RD6_F3_m5f3_P5_Y35_UO92,RD2_F9_m9f2_P9_Y34_UO433,MXY,1,0.0,0,0,0.0,0,0,0,-9999.0,0.532649040222168,1,P6_CV0,1,0,2,1,1
2,5.496624778787091,6.529835889274153,RD2_F6_m6f2_P6_Y37_UO189,RD6_F3_m5f3_P5_Y35_UO92,RD2_F9_m9f2_P9_Y34_UO433,FXX,1,0.0,0,0,0.0,0,0,0,-9999.0,0.532649040222168,1,P6_CV0,1,0,2,1,1
2,5.496624778787091,6.529835889274153,RD2_F9_m9f6_P9_Y37_UO207,RD9_F2_m9f2_P9_Y35_UO72,RD6_F3_m5f3_P5_Y35_UO91,FXX,1,0.0,0,0,0.0,0,0,0,-9999.0,0.5352058410644531,1,P6_CV0,1,0,2,0,2
2,5.496624778787091,6.529835889274153,RD2_F6_m6f2_P6_Y37_UO173,RD6_F3_m5f3_P5_Y35_UO92,RD2_F9_m9f2_P9_Y34_UO433,FXX,1,0.0,0,0,0.0,0,0,0,-9999.0,0.532649040222168,1,P6_CV0,1,1,1,0,2
2,5.496624778787091,6.529835889274153,RD2_F9_m9f6_P9_Y37_UO200,RD9_F2_m9f2_P9_Y35_UO72,RD6_F3_m5f3_P5_Y35_UO91,FXX,1,0.0,0,0,0.0,0,0,0,-9999.0,0.5352058410644531,1,P6_CV0,1,1,1,1,1
2,5.496624778787091,6.529835889274153,RD2_F9_m9f6_P9_Y37_UO197,RD9_F2_m9f2_P9_Y35_UO72,RD6_F3_m5f3_P5_Y35_UO91,MXY,1,0.0,0,0,0.0,0,0,0,-9999.0,0.5352058410644531,1,P6_CV0,1,1,1,0,2
2,5.496624778787091,6.529835889274153,RD2_F6_m6f2_P6_Y37_UO176,RD6_F3_m5f3_P5_Y35_UO92,RD2_F9_m9f2_P9_Y34_UO433,MXY,1,0.0,0,0,0.0,0,0,0,-9999.0,0.532649040222168,1,P6_CV0,1,1,1,0,2
2,5.496624778787091,6.529835889274153,RD2_F9_m6f2_P6_Y32_UO165,RD6_F2_m9f2_P9_Y30_UO171,RD2_F6_m2f5_P2_Y29_UO110,MXY,6,0.0,1,0,0.0,0,0,0,-9999.0,0.5288429260253906,1,P6_CV0,1,0,2,2,0
3,4.20367802087489,4.955022315058112,RD3_F6_m9f2_P9_Y36_UO458,RD9_F6_m3f6_P3_Y34_UO356,RD2_F6_m9f2_P9_Y34_UO207,FXX,2,0.0,1,0,1.0,0,0,0,-9999.0,0.5316972732543945,1,P0_CV0,1,0,2,1,1
3,4.20367802087489,4.955022315058112,RD3_F6_m9f2_P9_Y36_UO597,RD9_F6_m2f3_P2_Y34_UO245,RD2_F6_m9f2_P9_Y34_UO208,FXX,2,0.0,1,0,1.0,0,0,0,-9999.0,0.5321998596191406,1,P0_CV0,1,1,1,1,1
3,4.20367802087489,4.955022315058112,RD3_F2_m5f2_P5_Y36_UO200,RD5_F2_m9f6_P9_Y34_UO338,RD2_F6_m9f2_P9_Y34_UO207,MXY,2,0.0,1,0,0.0,0,0,0,-9999.0,0.5327939987182617,1,P0_CV0,1,0,2,1,1
3,4.20367802087489,4.955022315058112,RD3_F6_m9f6_P9_Y36_UO753,RD9_F2_m9f2_P9_Y34_UO542,RD6_F2_m9f2_P9_Y34_UO355,FXX,2,0.0,1,0,1.0,0,0,0,-9999.0,0.5317802429199219,1,P0_CV0,1,1,1,2,0
3,4.20367802087489,4.955022315058112,RD3_F5_m5f2_P5_Y37_UO89,RD5_F1_m5f2_P5_Y35_UO45,RD2_F6_m9f2_P9_Y34_UO32,MXY,1,0.0,0,0,0.0,0,0,0,-9999.0,0.5318880081176758,1,P1_CV0,1,0,2,1,1
3,4.20367802087489,4.955022315058112,RD3_F7_m7f3_P7_Y37_UO125,RD7_F3_m7f4_P7_Y35_UO99,RD3_F6_m9f6_P9_Y35_UO152,FXX,1,0.0,0,0,0.0,0,0,0,-9999.0,0.534459114074707,1,P1_CV0,1,1,1,1,1
3,4.20367802087489,4.955022315058112,RD3_F7_m7f3_P7_Y37_UO134,RD7_F3_m7f4_P7_Y35_UO99,RD3_F6_m9f6_P9_Y35_UO152,MXY,1,0.0,0,0,0.0,0,0,0,-9999.0,0.534459114074707,1,P1_CV0,1,1,1,2,0
3,4.20367802087489,4.955022315058112,RD3_F7_m7f3_P7_Y37_UO115,RD7_F3_m7f4_P7_Y35_UO99,RD3_F6_m9f6_P9_Y35_UO152,FXX,1,0.0,0,0,0.0,0,0,0,-9999.0,0.534459114074707,1,P1_CV0,1,2,0,2,0
3,4.20367802087489,4.955022315058112,RD3_F7_m7f3_P7_Y37_UO131,RD7_F3_m7f4_P7_Y35_UO99,RD3_F6_m9f6_P9_Y35_UO152,MXY,1,0.0,0,0,0.0,0,0,0,-9999.0,0.534459114074707,1,P1_CV0,1,1,1,1,1
3,4.20367802087489,4.955022315058112,RD3_F6_m2f9_P2_Y36_UO584,RD2_F9_m6f9_P6_Y34_UO480,RD9_F2_m5f1_P5_Y34_UO333,MXY,2,0.0,1,0,0.0,0,0,0,-9999.0,0.5324163436889648,1,P1_CV0,1,0,2,1,1
3,4.20367802087489,4.955022315058112,RD3_F7_m3f7_P3_Y36_UO270,RD3_F2_m9f2_P9_Y34_UO545,RD7_F4_m8f4_P8_Y34_UO698,FXX,2,0.0,1,0,1.0,0,0,0,-9999.0,0.5319070816040039,1,P1_CV0,1,1,1,0,2
3,4.20367802087489,4.955022315058112,RD3_F7_m4f8_P4_Y36_UO374,RD4_F8_m4f8_P4_Y34_UO79,RD8_F4_m7f3_P7_Y34_UO387,FXX,2,0.0,1,0,1.0,0,0,0,-9999.0,0.5335779190063477,1,P1_CV0,1,2,0,1,1
3,4.20367802087489,4.955022315058112,RD3_F2_m6f2_P6_Y36_UO410,RD6_F3_m2f6_P2_Y34_UO206,RD2_F6_m9f2_P9_Y34_UO169,MXY,2,0.0,1,0,0.0,0,0,0,-9999.0,0.5303125381469727,1,P1_CV0,1,0,2,1,1
3,4.20367802087489,4.955022315058112,RD3_F2_m9f6_P9_Y36_UO477,RD9_F2_m9f2_P9_Y34_UO542,RD6_F9_m6f9_P6_Y34_UO666,FXX,2,0.0,1,0,1.0,0,0,0,-9999.0,0.5320262908935547,1,P1_CV0,1,1,1,1,1
3,4.20367802087489,4.955022315058112,RD3_F7_m7f4_P7_Y35_UO183,RD7_F3_m5f1_P5_Y33_UO53,RD4_F7_m4f8_P4_Y33_UO60,FXX,3,0.0,1,0,1.0,0,0,0,-9999.0,0.5322208404541016,1,P1_CV0,1,0,2,1,1
3,4.20367802087489,4.955022315058112,RD3_F7_m7f3_P7_Y37_UO139,RD7_F3_m7f4_P7_Y35_UO99,RD3_F6_m9f6_P9_Y35_UO152,MXY,1,0.0,0,0,0.0,0,0,0,-9999.0,0.534459114074707,1,P2_CV0,1,2,0,2,0
3,4.20367802087489,4.955022315058112,RD3_F7_m7f3_P7_Y37_UO128,RD7_F3_m7f4_P7_Y35_UO99,RD3_F6_m9f6_P9_Y35_UO152,MXY,1,0.0,0,0,0.0,0,0,0,-9999.0,0.534459114074707,1,P2_CV0,1,2,0,1,1
3,4.20367802087489,4.955022315058112,RD3_F7_m7f3_P7_Y37_UO124,RD7_F3_m7f4_P7_Y35_UO99,RD3_F6_m9f6_P9_Y35_UO152,MXY,1,0.0,0,0,0.0,0,0,0,-9999.0,0.534459114074707,1,P2_CV0,1,2,0,1,1
3,4.20367802087489,4.955022315058112,RD3_F5_m5f3_P5_Y37_UO8,RD5_F1_m5f3_P5_Y35_UO192,RD3_F2_m9f6_P9_Y35_UO149,FXX,1,0.0,0,0,0.0,0,0,0,-9999.0,0.5338163375854492,1,P2_CV0,1,1,1,1,1
3,4.20367802087489,4.955022315058112,RD3_F5_m5f3_P5_Y37_UO22,RD5_F2_m9f6_P9_Y35_UO158,RD3_F2_m9f6_P9_Y35_UO149,FXX,1,0.0,0,0,0.0,0,0,0,-9999.0,0.5346870422363281,1,P2_CV0,1,1,1,2,0
3,4.20367802087489,4.955022315058112,RD3_F7_m7f3_P7_Y37_UO140,RD7_F3_m7f4_P7_Y35_UO99,RD3_F6_m9f6_P9_Y35_UO152,MXY,1,0.0,0,0,0.0,0,0,0,-9999.0,0.534459114074707,1,P2_CV0,1,1,1,1,1
3,4.20367802087489,4.955022315058112,RD3_F7_m7f3_P7_Y37_UO120,RD7_F3_m7f4_P7_Y35_UO99,RD3_F6_m9f6_P9_Y35_UO152,FXX,1,0.0,0,0,0.0,0,0,0,-9999.0,0.534459114074707,1,P2_CV0,1,1,1,2,0
3,4.20367802087489,4.955022315058112,RD3_F2_m2f3_P2_Y37_UO71,RD2_F3_m5f3_P5_Y35_UO190,RD3_F2_m9f6_P9_Y35_UO149,MXY,1,0.0,0,0,0.0,0,0,0,-9999.0,0.5338163375854492,1,P2_CV0,1,1,1,2,0
3,4.20367802087489,4.955022315058112,RD3_F7_m7f3_P7_Y37_UO116,RD7_F3_m7f4_P7_Y35_UO99,RD3_F6_m9f6_P9_Y35_UO152,FXX,1,0.0,0,0,0.0,0,0,0,-9999.0,0.534459114074707,1,P2_CV0,1,1,1,1,1
3,4.20367802087489,4.955022315058112,RD3_F7_m4f8_P4_Y36_UO616,RD4_F8_m4f8_P4_Y34_UO581,RD8_F4_m8f4_P8_Y34_UO40,FXX,2,0.0,1,0,1.0,0,0,0,-9999.0,0.5316476821899414,1,P2_CV0,1,0,2,1,1
3,4.20367802087489,4.955022315058112,RD3_F6_m3f5_P3_Y36_UO572,RD3_F6_m9f6_P9_Y34_UO625,RD5_F2_m5f3_P5_Y34_UO511,MXY,2,0.0,1,0,0.0,0,0,0,-9999.0,0.5317249298095703,1,P2_CV0,1,1,1,1,1
3,4.20367802087489,4.955022315058112,RD3_F6_m9f2_P9_Y36_UO598,RD9_F6_m2f3_P2_Y34_UO245,RD2_F6_m9f2_P9_Y34_UO208,MXY,2,0.0,1,0,0.0,0,0,0,-9999.0,0.5321998596191406,1,P2_CV0,1,1,1,1,1
3,4.20367802087489,4.955022315058112,RD3_F2_m9f2_P9_Y36_UO15,RD9_F2_m6f2_P6_Y34_UO425,RD2_F3_m5f1_P5_Y34_UO229,FXX,2,0.0,1,0,1.0,0,0,0,-9999.0,0.530329704284668,1,P2_CV0,1,2,0,2,0
3,4.20367802087489,4.955022315058112,RD3_F7_m3f6_P3_Y36_UO665,RD3_F7_m3f5_P3_Y34_UO185,RD6_F2_m9f6_P9_Y34_UO587,MXY,2,0.0,1,0,0.0,0,0,0,-9999.0,0.5309600830078125,1,P2_CV0,1,0,2,1,1
3,4.20367802087489,4.955022315058112,RD3_F6_m9f2_P9_Y36_UO127,RD9_F6_m9f2_P9_Y34_UO4,RD2_F9_m2f3_P2_Y34_UO454,FXX,2,0.0,1,0,1.0,0,0,0,-9999.0,0.5317516326904297,1,P2_CV0,1,0,2,0,2
3,4.20367802087489,4.955022315058112,RD3_F5_m1f5_P1_Y36_UO301,RD1_F5_m1f5_P1_Y34_UO674,RD5_F1_m5f2_P5_Y34_UO96,FXX,2,0.0,1,0,1.0,0,0,0,-9999.0,0.5315656661987305,1,P2_CV0,1,1,1,0,2
3,4.20367802087489,4.955022315058112,RD3_F5_m1f5_P1_Y36_UO717,RD1_F5_m3f6_P3_Y34_UO730,RD5_F1_m5f1_P5_Y34_UO331,FXX,2,0.0,1,0,1.0,0,0,0,-9999.0,0.5303812026977539,1,P2_CV0,1,1,1,2,0
3,4.20367802087489,4.955022315058112,RD3_F7_m4f8_P4_Y36_UO614,RD4_F8_m4f8_P4_Y34_UO581,RD8_F4_m8f4_P8_Y34_UO40,MXY,2,0.0,1,0,0.0,0,0,0,-9999.0,0.5316476821899414,1,P2_CV0,1,1,1,1,1
3,4.20367802087489,4.955022315058112,RD3_F6_m9f2_P9_Y36_UO754,RD9_F6_m9f6_P9_Y34_UO336,RD2_F9_m6f2_P6_Y34_UO539,MXY,2,0.0,1,0,0.0,0,0,0,-9999.0,0.532984733581543,1,P2_CV0,1,0,2,1,1
3,4.20367802087489,4.955022315058112,RD3_F5_m2f6_P2_Y36_UO118,RD2_F5_m1f5_P1_Y34_UO504,RD6_F2_m3f5_P3_Y34_UO210,FXX,2,0.0,1,0,1.0,0,0,0,-9999.0,0.5311279296875,1,P2_CV0,1,1,1,2,0
3,4.20367802087489,4.955022315058112,RD3_F6_m9f2_P9_Y36_UO125,RD9_F6_m9f2_P9_Y34_UO4,RD2_F9_m2f3_P2_Y34_UO454,FXX,2,0.0,1,0,1.0,0,0,0,-9999.0,0.5317516326904297,1,P2_CV0,1,0,2,0,2
3,4.20367802087489,4.955022315058112,RD3_F2_m9f6_P9_Y36_UO274,RD9_F6_m3f5_P3_Y34_UO212,RD6_F9_m2f3_P2_Y34_UO631,MXY,2,0.0,1,0,0.0,0,0,0,-9999.0,0.5328960418701172,1,P2_CV0,1,1,1,1,1
3,4.20367802087489,4.955022315058112,RD3_F7_m3f5_P3_Y36_UO512,RD3_F2_m6f2_P6_Y34_UO228,RD5_F1_m5f2_P5_Y34_UO461,FXX,2,0.0,1,0,1.0,0,0,0,-9999.0,0.5321769714355469,1,P2_CV0,1,2,0,0,2
3,4.20367802087489,4.955022315058112,RD3_F6_m2f3_P2_Y36_UO259,RD2_F5_m1f5_P1_Y34_UO202,RD3_F2_m3f2_P3_Y34_UO100,MXY,2,0.0,1,0,0.0,0,0,0,-9999.0,0.531651496887207,1,P2_CV0,1,0,2,1,1
3,4.20367802087489,4.955022315058112,RD3_F7_m4f7_P4_Y36_UO582,RD4_F7_m4f7_P4_Y34_UO607,RD7_F3_m5f1_P5_Y32_UO146,FXX,2,0.0,1,0,1.0,0,0,0,-9999.0,0.529759407043457,1,P2_CV0,1,1,1,0,2
3,4.20367802087489,4.955022315058112,RD3_F2_m6f2_P6_Y36_UO618,RD6_F2_m6f9_P6_Y34_UO239,RD2_F9_m2f3_P2_Y34_UO454,MXY,2,0.0,1,0,0.0,0,0,0,-9999.0,0.532078742980957,1,P2_CV0,1,1,1,1,1
3,4.20367802087489,4.955022315058112,RD3_F6_m2f5_P2_Y36_UO228,RD2_F9_m6f9_P6_Y34_UO521,RD5_F1_m5f2_P5_Y34_UO176,MXY,2,0.0,1,0,0.0,0,0,0,-9999.0,0.5319709777832031,1,P2_CV0,1,0,2,0,2
3,4.20367802087489,4.955022315058112,RD3_F7_m4f8_P4_Y36_UO356,RD4_F7_m4f7_P4_Y34_UO138,RD8_F4_m8f4_P8_Y34_UO642,FXX,2,0.0,1,0,1.0,0,0,0,-9999.0,0.5310258865356445,1,P2_CV0,1,0,2,0,2
3,4.20367802087489,4.955022315058112,RD3_F7_m3f7_P3_Y36_UO268,RD3_F2_m9f2_P9_Y34_UO545,RD7_F4_m8f4_P8_Y34_UO698,FXX,2,0.0,1,0,1.0,0,0,0,-9999.0,0.5319070816040039,1,P2_CV0,1,1,1,0,2
3,4.20367802087489,4.955022315058112,RD3_F5_m1f5_P1_Y36_UO471,RD1_F5_m1f5_P1_Y34_UO198,RD5_F1_m5f2_P5_Y34_UO176,MXY,2,0.0,1,0,0.0,0,0,0,-9999.0,0.5326070785522461,1,P2_CV0,1,0,2,1,1
3,4.20367802087489,4.955022315058112,RD3_F7_m3f2_P3_Y36_UO621,RD3_F7_m4f7_P4_Y34_UO723,RD2_F6_m3f5_P3_Y34_UO516,MXY,2,0.0,1,0,0.0,0,0,0,-9999.0,0.5327510833740234,1,P2_CV0,1,0,2,0,2
3,4.20367802087489,4.955022315058112,RD3_F7_m3f6_P3_Y36_UO387,RD3_F6_m9f6_P9_Y34_UO625,RD6_F2_m6f3_P6_Y34_UO196,FXX,2,0.0,1,0,1.0,0,0,0,-9999.0,0.5316524505615234,1,P2_CV0,1,1,1,1,1
3,4.20367802087489,4.955022315058112,RD3_F6_m3f5_P3_Y36_UO148,RD3_F6_m2f6_P2_Y34_UO554,RD5_F3_m7f4_P7_Y34_UO9,FXX,2,0.0,1,0,1.0,0,0,0,-9999.0,0.5325384140014648,1,P2_CV0,1,0,2,1,1
3,4.20367802087489,4.955022315058112,RD3_F5_m5f2_P5_Y37_UO27,RD5_F1_m5f3_P5_Y35_UO98,RD2_F6_m6f9_P6_Y34_UO496,MXY,1,0.0,0,0,0.0,0,0,0,-9999.0,0.5322723388671875,1,P3_CV0,1,1,1,1,1
3,4.20367802087489,4.955022315058112,RD3_F5_m5f2_P5_Y37_UO58,RD5_F1_m5f3_P5_Y35_UO169,RD2_F6_m6f9_P6_Y34_UO496,MXY,1,0.0,0,0,0.0,0,0,0,-9999.0,0.5323467254638672,1,P3_CV0,1,1,1,1,1
3,4.20367802087489,4.955022315058112,RD3_F5_m5f2_P5_Y37_UO57,RD5_F1_m5f3_P5_Y35_UO169,RD2_F6_m6f9_P6_Y34_UO496,FXX,1,0.0,0,0,0.0,0,0,0,-9999.0,0.5323467254638672,1,P3_CV0,1,1,1,1,1
3,4.20367802087489,4.955022315058112,RD3_F5_m5f2_P5_Y37_UO50,RD5_F1_m5f3_P5_Y35_UO98,RD2_F6_m6f9_P6_Y34_UO496,FXX,1,0.0,0,0,0.0,0,0,0,-9999.0,0.5322723388671875,1,P3_CV0,1,1,1,2,0
3,4.20367802087489,4.955022315058112,RD3_F2_m5f1_P5_Y36_UO641,RD5_F3_m6f9_P6_Y34_UO600,RD1_F5_m2f3_P2_Y34_UO246,FXX,2,0.0,1,0,1.0,0,0,0,-9999.0,0.5321645736694336,1,P3_CV0,1,1,1,1,1
3,4.20367802087489,4.955022315058112,RD3_F6_m2f9_P2_Y36_UO351,RD2_F6_m3f6_P3_Y34_UO734,RD9_F6_m2f3_P2_Y34_UO453,MXY,2,0.0,1,0,0.0,0,0,0,-9999.0,0.5309648513793945,1,P3_CV0,1,2,0,2,0
3,4.20367802087489,4.955022315058112,RD3_F5_m5f2_P5_Y37_UO51,RD5_F1_m5f3_P5_Y35_UO169,RD2_F6_m6f9_P6_Y34_UO496,MXY,1,0.0,0,0,0.0,0,0,0,-9999.0,0.5323467254638672,1,P4_CV0,1,1,1,0,2
3,4.20367802087489,4.955022315058112,RD3_F5_m5f3_P5_Y37_UO217,RD5_F1_m5f3_P5_Y35_UO169,RD3_F2_m3f5_P3_Y34_UO516,MXY,1,0.0,0,0,0.0,0,0,0,-9999.0,0.5327301025390625,1,P4_CV0,1,1,1,0,2
3,4.20367802087489,4.955022315058112,RD3_F5_m5f2_P5_Y37_UO1,RD5_F1_m5f3_P5_Y35_UO192,RD2_F9_m9f2_P9_Y34_UO433,MXY,1,0.0,0,0,0.0,0,0,0,-9999.0,0.5327234268188477,1,P4_CV0,1,1,1,0,2
3,4.20367802087489,4.955022315058112,RD3_F2_m2f3_P2_Y37_UO77,RD2_F3_m5f3_P5_Y35_UO190,RD3_F2_m9f6_P9_Y35_UO149,FXX,1,0.0,0,0,0.0,0,0,0,-9999.0,0.5338163375854492,1,P4_CV0,1,1,1,2,0
3,4.20367802087489,4.955022315058112,RD3_F2_m2f3_P2_Y37_UO63,RD2_F3_m5f3_P5_Y35_UO190,RD3_F2_m9f6_P9_Y35_UO149,FXX,1,0.0,0,0,0.0,0,0,0,-9999.0,0.5338163375854492,1,P4_CV0,1,1,1,2,0
3,4.20367802087489,4.955022315058112,RD3_F5_m5f3_P5_Y37_UO13,RD5_F1_m5f3_P5_Y35_UO192,RD3_F2_m9f6_P9_Y35_UO149,FXX,1,0.0,0,0,0.0,0,0,0,-9999.0,0.5338163375854492,1,P4_CV0,1,1,1,1,1
3,4.20367802087489,4.955022315058112,RD3_F5_m5f3_P5_Y37_UO216,RD5_F1_m5f3_P5_Y35_UO169,RD3_F2_m3f5_P3_Y34_UO516,MXY,1,0.0,0,0,0.0,0,0,0,-9999.0,0.5327301025390625,1,P4_CV0,1,1,1,0,2
3,4.20367802087489,4.955022315058112,RD3_F6_m6f2_P6_Y37_UO185,RD6_F3_m5f3_P5_Y35_UO92,RD2_F9_m9f2_P9_Y34_UO433,MXY,1,0.0,0,0,0.0,0,0,0,-9999.0,0.532649040222168,1,P4_CV0,1,1,1,1,1
3,4.20367802087489,4.955022315058112,RD3_F5_m5f2_P5_Y37_UO62,RD5_F1_m5f3_P5_Y35_UO169,RD2_F6_m6f9_P6_Y34_UO496,MXY,1,0.0,0,0,0.0,0,0,0,-9999.0,0.5323467254638672,1,P4_CV0,1,2,0,0,2
3,4.20367802087489,4.955022315058112,RD3_F5_m5f3_P5_Y37_UO213,RD5_F1_m5f3_P5_Y35_UO169,RD3_F2_m3f5_P3_Y34_UO516,MXY,1,0.0,0,0,0.0,0,0,0,-9999.0,0.5327301025390625,1,P4_CV0,1,1,1,0,2
3,4.20367802087489,4.955022315058112,RD3_F7_m4f7_P4_Y36_UO58,RD4_F7_m3f5_P3_Y34_UO209,RD7_F4_m7f4_P7_Y34_UO706,MXY,2,0.0,1,0,0.0,0,0,0,-9999.0,0.5319890975952148,1,P4_CV0,1,0,2,2,0
3,4.20367802087489,4.955022315058112,RD3_F2_m5f1_P5_Y36_UO105,RD5_F1_m5f2_P5_Y34_UO222,RD1_F5_m3f2_P3_Y34_UO519,FXX,2,0.0,1,0,1.0,0,0,0,-9999.0,0.5318431854248047,1,P4_CV0,1,1,1,0,2
3,4.20367802087489,4.955022315058112,RD3_F2_m9f2_P9_Y36_UO122,RD9_F6_m9f2_P9_Y34_UO4,RD2_F9_m2f3_P2_Y34_UO454,MXY,2,0.0,1,0,0.0,0,0,0,-9999.0,0.5317516326904297,1,P4_CV0,1,1,1,1,1
3,4.20367802087489,4.955022315058112,RD3_F7_m3f5_P3_Y36_UO48,RD3_F6_m2f6_P2_Y34_UO554,RD5_F1_m5f2_P5_Y32_UO511,MXY,2,0.0,1,0,0.0,0,0,0,-9999.0,0.5331611633300781,1,P4_CV0,1,0,2,1,1
3,4.20367802087489,4.955022315058112,RD3_F7_m4f7_P4_Y36_UO223,RD4_F8_m4f7_P4_Y34_UO440,RD7_F4_m8f4_P8_Y34_UO286,MXY,2,0.0,1,0,0.0,0,0,0,-9999.0,0.5339794158935547,1,P4_CV0,1,0,2,0,2
3,4.20367802087489,4.955022315058112,RD3_F6_m9f6_P9_Y36_UO731,RD9_F6_m3f6_P3_Y34_UO356,RD6_F9_m6f9_P6_Y34_UO310,FXX,2,0.0,1,0,1.0,0,0,0,-9999.0,0.5326700210571289,1,P4_CV0,1,0,2,1,1
3,4.20367802087489,4.955022315058112,RD3_F6_m9f6_P9_Y36_UO445,RD9_F2_m9f2_P9_Y34_UO435,RD6_F2_m6f3_P6_Y34_UO721,MXY,2,0.0,1,0,0.0,0,0,0,-9999.0,0.5325784683227539,1,P4_CV0,1,1,1,0,2
3,4.20367802087489,4.955022315058112,RD3_F6_m9f6_P9_Y36_UO444,RD9_F2_m9f2_P9_Y34_UO435,RD6_F2_m6f3_P6_Y34_UO721,MXY,2,0.0,1,0,0.0,0,0,0,-9999.0,0.5325784683227539,1,P4_CV0,1,1,1,0,2
3,4.20367802087489,4.955022315058112,RD3_F6_m9f6_P9_Y36_UO277,RD9_F6_m3f5_P3_Y34_UO212,RD6_F9_m2f3_P2_Y34_UO631,FXX,2,0.0,1,0,1.0,0,0,0,-9999.0,0.5328960418701172,1,P4_CV0,1,1,1,1,1
3,4.20367802087489,4.955022315058112,RD3_F6_m9f6_P9_Y36_UO669,RD9_F2_m9f6_P9_Y34_UO590,RD6_F3_m7f3_P7_Y34_UO279,MXY,2,0.0,1,0,0.0,0,0,0,-9999.0,0.5320072174072266,1,P4_CV0,1,2,0,2,0
3,4.20367802087489,4.955022315058112,RD3_F6_m9f2_P9_Y36_UO126,RD9_F6_m9f2_P9_Y34_UO4,RD2_F9_m2f3_P2_Y34_UO454,MXY,2,0.0,1,0,0.0,0,0,0,-9999.0,0.5317516326904297,1,P4_CV0,1,0,2,1,1
3,4.20367802087489,4.955022315058112,RD3_F7_m3f5_P3_Y36_UO152,RD3_F6_m2f6_P2_Y34_UO554,RD5_F3_m7f4_P7_Y34_UO9,FXX,2,0.0,1,0,1.0,0,0,0,-9999.0,0.5325384140014648,1,P4_CV0,1,0,2,0,2
3,4.20367802087489,4.955022315058112,RD3_F2_m5f2_P5_Y36_UO180,RD5_F1_m5f2_P5_Y34_UO37,RD2_F9_m6f2_P6_Y34_UO226,FXX,2,0.0,1,0,1.0,0,0,0,-9999.0,0.530726432800293,1,P4_CV0,1,1,1,1,1
3,4.20367802087489,4.955022315058112,RD3_F6_m9f6_P9_Y36_UO443,RD9_F2_m9f2_P9_Y34_UO435,RD6_F2_m6f3_P6_Y34_UO721,MXY,2,0.0,1,0,0.0,0,0,0,-9999.0,0.5325784683227539,1,P4_CV0,1,1,1,0,2
3,4.20367802087489,4.955022315058112,RD3_F6_m9f6_P9_Y36_UO214,RD9_F6_m2f6_P2_Y34_UO130,RD6_F2_m9f6_P9_Y34_UO587,FXX,2,0.0,1,0,1.0,0,0,0,-9999.0,0.5323352813720703,1,P4_CV0,1,1,1,1,1
3,4.20367802087489,4.955022315058112,RD3_F6_m3f7_P3_Y36_UO384,RD3_F6_m9f6_P9_Y34_UO17,RD7_F3_m5f3_P5_Y34_UO366,FXX,2,0.0,1,0,1.0,0,0,0,-9999.0,0.5311737060546875,1,P4_CV0,1,0,2,2,0
3,4.20367802087489,4.955022315058112,RD3_F5_m1f5_P1_Y36_UO537,RD1_F5_m3f6_P3_Y34_UO70,RD5_F2_m5f1_P5_Y34_UO236,MXY,2,0.0,1,0,0.0,0,0,0,-9999.0,0.5332202911376953,1,P4_CV0,1,1,1,0,2
3,4.20367802087489,4.955022315058112,RD3_F5_m3f5_P3_Y36_UO513,RD3_F2_m6f2_P6_Y34_UO228,RD5_F1_m5f2_P5_Y34_UO461,FXX,2,0.0,1,0,1.0,0,0,0,-9999.0,0.5321769714355469,1,P4_CV0,1,0,2,0,2
3,4.20367802087489,4.955022315058112,RD3_F7_m4f8_P4_Y36_UO404,RD4_F8_m4f8_P4_Y34_UO493,RD8_F4_m8f4_P8_Y34_UO642,FXX,2,0.0,1,0,1.0,0,0,0,-9999.0,0.5291824340820312,1,P4_CV0,1,1,1,1,1
3,4.20367802087489,4.955022315058112,RD3_F7_m4f8_P4_Y36_UO167,RD4_F7_m3f6_P3_Y34_UO404,RD8_F4_m7f4_P7_Y34_UO274,FXX,2,0.0,1,0,1.0,0,0,0,-9999.0,0.5304794311523438,1,P4_CV0,1,1,1,0,2
3,4.20367802087489,4.955022315058112,RD3_F2_m9f6_P9_Y36_UO624,RD9_F6_m3f2_P3_Y34_UO47,RD6_F2_m9f6_P9_Y34_UO218,FXX,2,0.0,1,0,1.0,0,0,0,-9999.0,0.530604362487793,1,P4_CV0,1,1,1,0,2
3,4.20367802087489,4.955022315058112,RD3_F7_m4f7_P4_Y36_UO226,RD4_F8_m4f7_P4_Y34_UO440,RD7_F4_m8f4_P8_Y34_UO286,FXX,2,0.0,1,0,1.0,0,0,0,-9999.0,0.5339794158935547,1,P4_CV0,1,0,2,0,2
3,4.20367802087489,4.955022315058112,RD3_F6_m9f6_P9_Y36_UO466,RD9_F2_m6f3_P6_Y34_UO323,RD6_F2_m6f3_P6_Y34_UO721,FXX,2,0.0,1,0,1.0,0,0,0,-9999.0,0.5318164825439453,1,P5_CV0,1,1,1,0,2
3,4.20367802087489,4.955022315058112,RD3_F2_m5f2_P5_Y36_UO283,RD5_F1_m5f1_P5_Y34_UO299,RD2_F3_m7f3_P7_Y34_UO429,MXY,2,0.0,1,0,0.0,0,0,0,-9999.0,0.5316658020019531,1,P5_CV0,1,0,2,1,1
3,4.20367802087489,4.955022315058112,RD3_F7_m3f6_P3_Y36_UO563,RD3_F2_m9f2_P9_Y34_UO30,RD6_F3_m2f6_P2_Y34_UO128,FXX,2,0.0,1,0,1.0,0,0,0,-9999.0,0.5317564010620117,1,P5_CV0,1,1,1,1,1
3,4.20367802087489,4.955022315058112,RD3_F6_m2f3_P2_Y36_UO517,RD2_F9_m6f9_P6_Y34_UO315,RD3_F6_m2f6_P2_Y34_UO549,MXY,2,0.0,1,0,0.0,0,0,0,-9999.0,0.533747673034668,1,P5_CV0,1,0,2,1,1
3,4.20367802087489,4.955022315058112,RD3_F6_m9f2_P9_Y36_UO222,RD9_F6_m2f3_P2_Y34_UO245,RD2_F3_m7f3_P7_Y34_UO429,FXX,2,0.0,1,0,1.0,0,0,0,-9999.0,0.5321722030639648,1,P5_CV0,1,1,1,2,0
3,4.20367802087489,4.955022315058112,RD3_F7_m7f4_P7_Y35_UO179,RD7_F3_m5f1_P5_Y33_UO53,RD4_F7_m4f8_P4_Y33_UO60,MXY,3,0.0,1,0,0.0,0,0,0,-9999.0,0.5322208404541016,1,P5_CV0,1,0,2,1,1
3,4.20367802087489,4.955022315058112,RD3_F5_m5f2_P5_Y37_UO46,RD5_F1_m5f3_P5_Y35_UO98,RD2_F6_m6f9_P6_Y34_UO496,MXY,1,0.0,0,0,0.0,0,0,0,-9999.0,0.5322723388671875,1,P6_CV0,1,1,1,1,1
3,4.20367802087489,4.955022315058112,RD3_F6_m6f2_P6_Y37_UO180,RD6_F3_m5f3_P5_Y35_UO92,RD2_F9_m9f2_P9_Y34_UO433,MXY,1,0.0,0,0,0.0,0,0,0,-9999.0,0.532649040222168,1,P6_CV0,1,1,1,1,1
3,4.20367802087489,4.955022315058112,RD3_F5_m5f2_P5_Y37_UO47,RD5_F1_m5f3_P5_Y35_UO98,RD2_F6_m6f9_P6_Y34_UO496,FXX,1,0.0,0,0,0.0,0,0,0,-9999.0,0.5322723388671875,1,P6_CV0,1,1,1,1,1
3,4.20367802087489,4.955022315058112,RD3_F6_m6f2_P6_Y37_UO171,RD6_F3_m5f3_P5_Y35_UO92,RD2_F9_m9f2_P9_Y34_UO433,FXX,1,0.0,0,0,0.0,0,0,0,-9999.0,0.532649040222168,1,P6_CV0,1,1,1,1,1
4,2.046486340378425,9.289064495259955,RD4_F7_m3f2_P3_Y36_UO248,RD3_F6_m9f6_P9_Y34_UO486,RD2_F6_m9f2_P9_Y34_UO29,MXY,2,0.0,1,0,0.0,0,0,0,-9999.0,0.5306682586669922,1,P0_CV0,1,1,1,0,2
4,2.046486340378425,9.289064495259955,RD4_F7_m4f7_P4_Y36_UO129,RD4_F7_m4f7_P4_Y34_UO438,RD7_F3_m6f2_P6_Y34_UO627,MXY,2,0.0,1,0,0.0,0,0,0,-9999.0,0.5323448181152344,1,P0_CV0,1,2,0,0,2
4,2.046486340378425,9.289064495259955,RD4_F7_m4f7_P4_Y36_UO435,RD4_F7_m4f7_P4_Y34_UO438,RD7_F4_m7f4_P7_Y34_UO48,MXY,2,0.0,1,0,0.0,0,0,0,-9999.0,0.5319080352783203,1,P0_CV0,1,1,1,2,0
4,2.046486340378425,9.289064495259955,RD4_F7_m3f2_P3_Y36_UO247,RD3_F6_m9f6_P9_Y34_UO486,RD2_F6_m9f2_P9_Y34_UO29,FXX,2,0.0,1,0,1.0,0,0,0,-9999.0,0.5306682586669922,1,P0_CV0,1,0,2,0,2
4,2.046486340378425,9.289064495259955,RD4_F7_m4f7_P4_Y36_UO130,RD4_F7_m4f7_P4_Y34_UO438,RD7_F3_m6f2_P6_Y34_UO627,FXX,2,0.0,1,0,1.0,0,0,0,-9999.0,0.5323448181152344,1,P0_CV0,1,2,0,1,1
4,2.046486340378425,9.289064495259955,RD4_F7_m3f2_P3_Y36_UO250,RD3_F6_m9f6_P9_Y34_UO486,RD2_F6_m9f2_P9_Y34_UO29,MXY,2,0.0,1,0,0.0,0,0,0,-9999.0,0.5306682586669922,1,P0_CV0,1,0,2,0,2
4,2.046486340378425,9.289064495259955,RD4_F7_m7f3_P7_Y37_UO135,RD7_F3_m7f4_P7_Y35_UO99,RD3_F6_m9f6_P9_Y35_UO152,MXY,1,0.0,0,0,0.0,0,0,0,-9999.0,0.534459114074707,1,P1_CV0,1,1,1,2,0
4,2.046486340378425,9.289064495259955,RD4_F7_m7f3_P7_Y37_UO119,RD7_F3_m7f4_P7_Y35_UO99,RD3_F6_m9f6_P9_Y35_UO152,FXX,1,0.0,0,0,0.0,0,0,0,-9999.0,0.534459114074707,1,P1_CV0,1,0,2,1,1
4,2.046486340378425,9.289064495259955,RD4_F7_m7f3_P7_Y37_UO130,RD7_F3_m7f4_P7_Y35_UO99,RD3_F6_m9f6_P9_Y35_UO152,MXY,1,0.0,0,0,0.0,0,0,0,-9999.0,0.534459114074707,1,P1_CV0,1,2,0,2,0
4,2.046486340378425,9.289064495259955,RD4_F7_m7f3_P7_Y37_UO132,RD7_F3_m7f4_P7_Y35_UO99,RD3_F6_m9f6_P9_Y35_UO152,MXY,1,0.0,0,0,0.0,0,0,0,-9999.0,0.534459114074707,1,P1_CV0,1,1,1,1,1
4,2.046486340378425,9.289064495259955,RD4_F7_m7f3_P7_Y37_UO126,RD7_F3_m7f4_P7_Y35_UO99,RD3_F6_m9f6_P9_Y35_UO152,FXX,1,0.0,0,0,0.0,0,0,0,-9999.0,0.534459114074707,1,P1_CV0,1,1,1,1,1
4,2.046486340378425,9.289064495259955,RD4_F7_m7f3_P7_Y37_UO127,RD7_F3_m7f4_P7_Y35_UO99,RD3_F6_m9f6_P9_Y35_UO152,FXX,1,0.0,0,0,0.0,0,0,0,-9999.0,0.534459114074707,1,P1_CV0,1,2,0,1,1
4,2.046486340378425,9.289064495259955,RD4_F8_m4f7_P4_Y36_UO652,RD4_F8_m4f8_P4_Y34_UO79,RD7_F4_m8f4_P8_Y34_UO112,FXX,2,0.0,1,0,1.0,0,0,0,-9999.0,0.5335769653320312,1,P1_CV0,1,1,1,1,1
4,2.046486340378425,9.289064495259955,RD4_F8_m4f8_P4_Y36_UO211,RD4_F8_m4f7_P4_Y34_UO494,RD8_F4_m8f4_P8_Y34_UO415,MXY,2,0.0,1,0,0.0,0,0,0,-9999.0,0.5309925079345703,1,P1_CV0,1,0,2,2,0
4,2.046486340378425,9.289064495259955,RD4_F8_m4f8_P4_Y36_UO209,RD4_F8_m4f7_P4_Y34_UO494,RD8_F4_m8f4_P8_Y34_UO415,FXX,2,0.0,1,0,1.0,0,0,0,-9999.0,0.5309925079345703,1,P1_CV0,1,1,1,2,0
4,2.046486340378425,9.289064495259955,RD4_F8_m4f7_P4_Y36_UO378,RD4_F8_m4f8_P4_Y34_UO79,RD7_F3_m5f3_P5_Y34_UO424,MXY,2,0.0,1,0,0.0,0,0,0,-9999.0,0.5329093933105469,1,P1_CV0,1,2,0,0,2
4,2.046486340378425,9.289064495259955,RD4_F8_m4f7_P4_Y36_UO670,RD4_F8_m4f7_P4_Y34_UO477,RD7_F3_m5f3_P5_Y34_UO424,FXX,2,0.0,1,0,1.0,0,0,0,-9999.0,0.530879020690918,1,P1_CV0,1,0,2,0,2
4,2.046486340378425,9.289064495259955,RD4_F8_m4f7_P4_Y36_UO379,RD4_F8_m4f8_P4_Y34_UO79,RD7_F3_m5f3_P5_Y34_UO424,MXY,2,0.0,1,0,0.0,0,0,0,-9999.0,0.5329093933105469,1,P1_CV0,1,1,1,0,2
4,2.046486340378425,9.289064495259955,RD4_F8_m4f7_P4_Y36_UO169,RD4_F7_m3f5_P3_Y34_UO186,RD7_F3_m5f3_P5_Y34_UO366,FXX,2,0.0,1,0,1.0,0,0,0,-9999.0,0.5308017730712891,1,P1_CV0,1,1,1,1,1
4,2.046486340378425,9.289064495259955,RD4_F8_m4f8_P4_Y36_UO376,RD4_F8_m4f8_P4_Y34_UO79,RD8_F4_m7f3_P7_Y34_UO387,MXY,2,0.0,1,0,0.0,0,0,0,-9999.0,0.5335779190063477,1,P1_CV0,1,1,1,2,0
4,2.046486340378425,9.289064495259955,RD4_F8_m4f7_P4_Y36_UO377,RD4_F8_m4f8_P4_Y34_UO79,RD7_F3_m5f3_P5_Y34_UO424,MXY,2,0.0,1,0,0.0,0,0,0,-9999.0,0.5329093933105469,1,P1_CV0,1,1,1,0,2
4,2.046486340378425,9.289064495259955,RD4_F7_m3f5_P3_Y36_UO743,RD3_F6_m9f6_P9_Y34_UO623,RD5_F1_m5f3_P5_Y34_UO91,FXX,2,0.0,1,0,1.0,0,0,0,-9999.0,0.5317516326904297,1,P1_CV0,1,1,1,0,2
4,2.046486340378425,9.289064495259955,RD4_F8_m4f7_P4_Y36_UO653,RD4_F8_m4f8_P4_Y34_UO79,RD7_F4_m8f4_P8_Y34_UO112,FXX,2,0.0,1,0,1.0,0,0,0,-9999.0,0.5335769653320312,1,P1_CV0,1,2,0,1,1
4,2.046486340378425,9.289064495259955,RD4_F8_m4f8_P4_Y36_UO208,RD4_F8_m4f7_P4_Y34_UO494,RD8_F4_m8f4_P8_Y34_UO415,MXY,2,0.0,1,0,0.0,0,0,0,-9999.0,0.5309925079345703,1,P1_CV0,1,1,1,2,0
4,2.046486340378425,9.289064495259955,RD4_F7_m7f3_P7_Y37_UO122,RD7_F3_m7f4_P7_Y35_UO99,RD3_F6_m9f6_P9_Y35_UO152,MXY,1,0.0,0,0,0.0,0,0,0,-9999.0,0.534459114074707,1,P2_CV0,1,1,1,1,1
4,2.046486340378425,9.289064495259955,RD4_F7_m7f3_P7_Y37_UO138,RD7_F3_m7f4_P7_Y35_UO99,RD3_F6_m9f6_P9_Y35_UO152,MXY,1,0.0,0,0,0.0,0,0,0,-9999.0,0.534459114074707,1,P2_CV0,1,0,2,2,0
4,2.046486340378425,9.289064495259955,RD4_F7_m7f3_P7_Y37_UO136,RD7_F3_m7f4_P7_Y35_UO99,RD3_F6_m9f6_P9_Y35_UO152,MXY,1,0.0,0,0,0.0,0,0,0,-9999.0,0.534459114074707,1,P2_CV0,1,0,2,2,0
4,2.046486340378425,9.289064495259955,RD4_F7_m7f3_P7_Y37_UO129,RD7_F3_m7f4_P7_Y35_UO99,RD3_F6_m9f6_P9_Y35_UO152,FXX,1,0.0,0,0,0.0,0,0,0,-9999.0,0.534459114074707,1,P2_CV0,1,0,2,1,1
4,2.046486340378425,9.289064495259955,RD4_F7_m7f3_P7_Y37_UO133,RD7_F3_m7f4_P7_Y35_UO99,RD3_F6_m9f6_P9_Y35_UO152,MXY,1,0.0,0,0,0.0,0,0,0,-9999.0,0.534459114074707,1,P2_CV0,1,2,0,2,0
4,2.046486340378425,9.289064495259955,RD4_F7_m7f3_P7_Y37_UO117,RD7_F3_m7f4_P7_Y35_UO99,RD3_F6_m9f6_P9_Y35_UO152,FXX,1,0.0,0,0,0.0,0,0,0,-9999.0,0.534459114074707,1,P2_CV0,1,0,2,2,0
4,2.046486340378425,9.289064495259955,RD4_F8_m4f8_P4_Y36_UO196,RD4_F8_m4f8_P4_Y34_UO581,RD8_F4_m8f4_P8_Y34_UO642,MXY,2,0.0,1,0,0.0,0,0,0,-9999.0,0.5305471420288086,1,P2_CV0,1,1,1,1,1
4,2.046486340378425,9.289064495259955,RD4_F8_m4f8_P4_Y36_UO194,RD4_F8_m4f8_P4_Y34_UO581,RD8_F4_m8f4_P8_Y34_UO642,FXX,2,0.0,1,0,1.0,0,0,0,-9999.0,0.5305471420288086,1,P2_CV0,1,0,2,1,1
4,2.046486340378425,9.289064495259955,RD4_F7_m4f8_P4_Y36_UO451,RD4_F7_m4f7_P4_Y34_UO438,RD8_F4_m8f4_P8_Y34_UO642,FXX,2,0.0,1,0,1.0,0,0,0,-9999.0,0.5306730270385742,1,P2_CV0,1,1,1,0,2
4,2.046486340378425,9.289064495259955,RD4_F7_m4f7_P4_Y36_UO433,RD4_F7_m4f7_P4_Y34_UO438,RD7_F4_m7f4_P7_Y34_UO48,MXY,2,0.0,1,0,0.0,0,0,0,-9999.0,0.5319080352783203,1,P2_CV0,1,1,1,2,0
4,2.046486340378425,9.289064495259955,RD4_F8_m4f8_P4_Y36_UO574,RD4_F8_m4f7_P4_Y34_UO524,RD8_F4_m7f4_P7_Y34_UO274,FXX,2,0.0,1,0,1.0,0,0,0,-9999.0,0.5308446884155273,1,P2_CV0,1,1,1,0,2
4,2.046486340378425,9.289064495259955,RD4_F8_m4f8_P4_Y36_UO74,RD4_F8_m4f8_P4_Y34_UO33,RD8_F4_m8f4_P8_Y34_UO88,MXY,2,0.0,1,0,0.0,0,0,0,-9999.0,0.5294523239135742,1,P2_CV0,1,0,2,1,1
4,2.046486340378425,9.289064495259955,RD4_F8_m4f7_P4_Y36_UO738,RD4_F7_m4f7_P4_Y34_UO607,RD7_F3_m7f3_P7_Y34_UO283,FXX,2,0.0,1,0,1.0,0,0,0,-9999.0,0.5307750701904297,1,P2_CV0,1,2,0,0,2
4,2.046486340378425,9.289064495259955,RD4_F8_m4f7_P4_Y36_UO644,RD4_F7_m3f2_P3_Y34_UO46,RD7_F3_m5f3_P5_Y34_UO366,MXY,2,0.0,1,0,0.0,0,0,0,-9999.0,0.5310487747192383,1,P2_CV0,1,1,1,1,1
4,2.046486340378425,9.289064495259955,RD4_F7_m4f8_P4_Y36_UO355,RD4_F7_m4f7_P4_Y34_UO138,RD8_F4_m8f4_P8_Y34_UO642,MXY,2,0.0,1,0,0.0,0,0,0,-9999.0,0.5310258865356445,1,P2_CV0,1,0,2,0,2
4,2.046486340378425,9.289064495259955,RD4_F8_m4f8_P4_Y36_UO405,RD4_F8_m4f8_P4_Y34_UO493,RD8_F4_m8f4_P8_Y34_UO642,MXY,2,0.0,1,0,0.0,0,0,0,-9999.0,0.5291824340820312,1,P2_CV0,1,0,2,0,2
4,2.046486340378425,9.289064495259955,RD4_F8_m4f8_P4_Y36_UO93,RD4_F8_m4f7_P4_Y34_UO476,RD8_F4_m8f4_P8_Y34_UO40,MXY,2,0.0,1,0,0.0,0,0,0,-9999.0,0.5309066772460938,1,P2_CV0,1,1,1,0,2
4,2.046486340378425,9.289064495259955,RD4_F8_m4f7_P4_Y36_UO441,RD4_F8_m4f7_P4_Y34_UO477,RD7_F4_m7f4_P7_Y34_UO273,FXX,2,0.0,1,0,1.0,0,0,0,-9999.0,0.5302228927612305,1,P2_CV0,1,1,1,0,2
4,2.046486340378425,9.289064495259955,RD4_F8_m4f7_P4_Y36_UO491,RD4_F8_m4f7_P4_Y34_UO477,RD7_F3_m5f3_P5_Y34_UO424,FXX,2,0.0,1,0,1.0,0,0,0,-9999.0,0.530879020690918,1,P2_CV0,1,1,1,0,2
4,2.046486340378425,9.289064495259955,RD4_F7_m3f5_P3_Y36_UO573,RD3_F6_m9f6_P9_Y34_UO625,RD5_F2_m5f3_P5_Y34_UO511,FXX,2,0.0,1,0,1.0,0,0,0,-9999.0,0.5317249298095703,1,P2_CV0,1,0,2,0,2
4,2.046486340378425,9.289064495259955,RD4_F7_m3f5_P3_Y36_UO514,RD3_F2_m6f2_P6_Y34_UO228,RD5_F1_m5f2_P5_Y34_UO461,MXY,2,0.0,1,0,0.0,0,0,0,-9999.0,0.5321769714355469,1,P2_CV0,1,0,2,2,0
4,2.046486340378425,9.289064495259955,RD4_F8_m4f8_P4_Y36_UO452,RD4_F7_m4f7_P4_Y34_UO438,RD8_F4_m8f4_P8_Y34_UO642,MXY,2,0.0,1,0,0.0,0,0,0,-9999.0,0.5306730270385742,1,P2_CV0,1,1,1,1,1
4,2.046486340378425,9.289064495259955,RD4_F7_m3f5_P3_Y36_UO59,RD3_F7_m4f7_P4_Y34_UO723,RD5_F2_m6f9_P6_Y34_UO371,MXY,2,0.0,1,0,0.0,0,0,0,-9999.0,0.5324258804321289,1,P2_CV0,1,0,2,0,2
4,2.046486340378425,9.289064495259955,RD4_F7_m3f6_P3_Y36_UO562,RD3_F2_m9f2_P9_Y34_UO30,RD6_F3_m2f6_P2_Y34_UO128,MXY,2,0.0,1,0,0.0,0,0,0,-9999.0,0.5317564010620117,1,P2_CV0,1,0,2,0,2
4,2.046486340378425,9.289064495259955,RD4_F7_m4f7_P4_Y36_UO645,RD4_F7_m3f2_P3_Y34_UO46,RD7_F3_m5f3_P5_Y34_UO366,FXX,2,0.0,1,0,1.0,0,0,0,-9999.0,0.5310487747192383,1,P2_CV0,1,1,1,1,1
4,2.046486340378425,9.289064495259955,RD4_F8_m4f7_P4_Y36_UO291,RD4_F7_m4f7_P4_Y34_UO172,RD7_F3_m6f2_P6_Y34_UO627,FXX,2,0.0,1,0,1.0,0,0,0,-9999.0,0.5315933227539062,1,P2_CV0,1,1,1,0,2
4,2.046486340378425,9.289064495259955,RD4_F8_m4f8_P4_Y36_UO617,RD4_F8_m4f8_P4_Y34_UO581,RD8_F4_m8f4_P8_Y34_UO40,FXX,2,0.0,1,0,1.0,0,0,0,-9999.0,0.5316476821899414,1,P2_CV0,1,0,2,1,1
4,2.046486340378425,9.289064495259955,RD4_F8_m4f8_P4_Y36_UO403,RD4_F8_m4f8_P4_Y34_UO493,RD8_F4_m8f4_P8_Y34_UO642,MXY,2,0.0,1,0,0.0,0,0,0,-9999.0,0.5291824340820312,1,P2_CV0,1,1,1,1,1
4,2.046486340378425,9.289064495259955,RD4_F7_m4f7_P4_Y36_UO434,RD4_F7_m4f7_P4_Y34_UO438,RD7_F4_m7f4_P7_Y34_UO48,MXY,2,0.0,1,0,0.0,0,0,0,-9999.0,0.5319080352783203,1,P2_CV0,1,1,1,1,1
4,2.046486340378425,9.289064495259955,RD4_F7_m2f6_P2_Y34_UO655,RD2_F5_m1f5_P1_Y32_UO403,RD6_F9_m6f2_P6_Y32_UO327,MXY,4,0.0,1,0,0.0,0,0,0,-9999.0,0.5308570861816406,1,P2_CV0,1,0,2,0,2
4,2.046486340378425,9.289064495259955,RD4_F8_m4f7_P4_Y34_UO381,RD4_F7_m4f7_P4_Y32_UO248,RD7_F3_m7f3_P7_Y32_UO496,MXY,4,0.0,1,0,0.0,0,0,0,-9999.0,0.5322494506835938,1,P2_CV0,1,0,2,2,0
4,2.046486340378425,9.289064495259955,RD4_F8_m4f8_P4_Y36_UO354,RD4_F7_m4f7_P4_Y34_UO138,RD8_F4_m8f4_P8_Y34_UO642,MXY,2,0.0,1,0,0.0,0,0,0,-9999.0,0.5310258865356445,1,P3_CV0,1,0,2,0,2
4,2.046486340378425,9.289064495259955,RD4_F8_m4f7_P4_Y36_UO372,RD4_F7_m4f7_P4_Y34_UO138,RD7_F4_m7f4_P7_Y34_UO706,FXX,2,0.0,1,0,1.0,0,0,0,-9999.0,0.5326519012451172,1,P3_CV0,1,0,2,1,1
4,2.046486340378425,9.289064495259955,RD4_F7_m3f6_P3_Y36_UO711,RD3_F6_m9f6_P9_Y34_UO17,RD6_F3_m6f3_P6_Y34_UO190,MXY,2,0.0,1,0,0.0,0,0,0,-9999.0,0.5304079055786133,1,P4_CV0,1,1,1,2,0
4,2.046486340378425,9.289064495259955,RD4_F8_m4f8_P4_Y36_UO193,RD4_F8_m4f8_P4_Y34_UO581,RD8_F4_m8f4_P8_Y34_UO642,MXY,2,0.0,1,0,0.0,0,0,0,-9999.0,0.5305471420288086,1,P4_CV0,1,0,2,1,1
4,2.046486340378425,9.289064495259955,RD4_F8_m4f7_P4_Y36_UO657,RD4_F7_m3f6_P3_Y34_UO73,RD7_F3_m7f3_P7_Y34_UO282,MXY,2,0.0,1,0,0.0,0,0,0,-9999.0,0.5319957733154297,1,P4_CV0,1,1,1,1,1
4,2.046486340378425,9.289064495259955,RD4_F7_m4f8_P4_Y36_UO575,RD4_F8_m4f7_P4_Y34_UO524,RD8_F4_m7f4_P7_Y34_UO274,MXY,2,0.0,1,0,0.0,0,0,0,-9999.0,0.5308446884155273,1,P4_CV0,1,1,1,1,1
4,2.046486340378425,9.289064495259955,RD4_F8_m4f8_P4_Y36_UO188,RD4_F8_m4f7_P4_Y34_UO702,RD8_F4_m7f3_P7_Y34_UO343,FXX,2,0.0,1,0,1.0,0,0,0,-9999.0,0.5322465896606445,1,P4_CV0,1,0,2,0,2
4,2.046486340378425,9.289064495259955,RD4_F7_m3f7_P3_Y36_UO135,RD3_F2_m5f3_P5_Y34_UO665,RD7_F4_m8f4_P8_Y34_UO698,FXX,2,0.0,1,0,1.0,0,0,0,-9999.0,0.533106803894043,1,P4_CV0,1,1,1,0,2
4,2.046486340378425,9.289064495259955,RD4_F8_m4f7_P4_Y36_UO373,RD4_F7_m4f7_P4_Y34_UO138,RD7_F4_m7f4_P7_Y34_UO706,MXY,2,0.0,1,0,0.0,0,0,0,-9999.0,0.5326519012451172,1,P4_CV0,1,1,1,1,1
4,2.046486340378425,9.289064495259955,RD4_F7_m3f7_P3_Y36_UO131,RD3_F2_m5f3_P5_Y34_UO665,RD7_F4_m8f4_P8_Y34_UO698,MXY,2,0.0,1,0,0.0,0,0,0,-9999.0,0.533106803894043,1,P4_CV0,1,0,2,0,2
4,2.046486340378425,9.289064495259955,RD4_F8_m4f7_P4_Y36_UO737,RD4_F7_m4f7_P4_Y34_UO607,RD7_F3_m7f3_P7_Y34_UO283,MXY,2,0.0,1,0,0.0,0,0,0,-9999.0,0.5307750701904297,1,P4_CV0,1,0,2,0,2
4,2.046486340378425,9.289064495259955,RD4_F8_m4f8_P4_Y36_UO192,RD4_F8_m4f8_P4_Y34_UO581,RD8_F4_m8f4_P8_Y34_UO642,FXX,2,0.0,1,0,1.0,0,0,0,-9999.0,0.5305471420288086,1,P4_CV0,1,1,1,1,1
4,2.046486340378425,9.289064495259955,RD4_F8_m4f7_P4_Y36_UO656,RD4_F7_m3f6_P3_Y34_UO73,RD7_F3_m7f3_P7_Y34_UO282,MXY,2,0.0,1,0,0.0,0,0,0,-9999.0,0.5319957733154297,1,P4_CV0,1,2,0,0,2
4,2.046486340378425,9.289064495259955,RD4_F8_m4f7_P4_Y36_UO658,RD4_F7_m3f6_P3_Y34_UO73,RD7_F3_m7f3_P7_Y34_UO282,FXX,2,0.0,1,0,1.0,0,0,0,-9999.0,0.5319957733154297,1,P4_CV0,1,1,1,0,2
4,2.046486340378425,9.289064495259955,RD4_F8_m4f7_P4_Y36_UO583,RD4_F7_m4f7_P4_Y34_UO607,RD7_F3_m5f1_P5_Y32_UO146,FXX,2,0.0,1,0,1.0,0,0,0,-9999.0,0.529759407043457,1,P4_CV0,1,1,1,0,2
4,2.046486340378425,9.289064495259955,RD4_F7_m4f7_P4_Y36_UO533,RD4_F7_m4f7_P4_Y34_UO172,RD7_F4_m7f4_P7_Y34_UO273,FXX,2,0.0,1,0,1.0,0,0,0,-9999.0,0.5303382873535156,1,P4_CV0,1,0,2,0,2
4,2.046486340378425,9.289064495259955,RD4_F8_m4f7_P4_Y36_UO740,RD4_F7_m4f7_P4_Y34_UO607,RD7_F3_m7f3_P7_Y34_UO283,FXX,2,0.0,1,0,1.0,0,0,0,-9999.0,0.5307750701904297,1,P4_CV0,1,2,0,1,1
4,2.046486340378425,9.289064495259955,RD4_F8_m4f7_P4_Y36_UO338,RD4_F8_m4f8_P4_Y34_UO493,RD7_F3_m7f3_P7_Y34_UO386,MXY,2,0.0,1,0,0.0,0,0,0,-9999.0,0.5309238433837891,1,P4_CV0,1,2,0,2,0
4,2.046486340378425,9.289064495259955,RD4_F8_m4f7_P4_Y36_UO371,RD4_F7_m4f7_P4_Y34_UO138,RD7_F4_m7f4_P7_Y34_UO706,MXY,2,0.0,1,0,0.0,0,0,0,-9999.0,0.5326519012451172,1,P4_CV0,1,1,1,1,1
4,2.046486340378425,9.289064495259955,RD4_F8_m4f8_P4_Y36_UO402,RD4_F8_m4f8_P4_Y34_UO493,RD8_F4_m8f4_P8_Y34_UO642,MXY,2,0.0,1,0,0.0,0,0,0,-9999.0,0.5291824340820312,1,P4_CV0,1,1,1,0,2
4,2.046486340378425,9.289064495259955,RD4_F8_m4f8_P4_Y36_UO29,RD4_F8_m4f7_P4_Y34_UO702,RD8_F4_m8f4_P8_Y34_UO88,MXY,2,0.0,1,0,0.0,0,0,0,-9999.0,0.5314140319824219,1,P4_CV0,1,1,1,2,0
4,2.046486340378425,9.289064495259955,RD4_F7_m4f7_P4_Y36_UO293,RD4_F7_m4f7_P4_Y34_UO172,RD7_F3_m6f2_P6_Y34_UO627,FXX,2,0.0,1,0,1.0,0,0,0,-9999.0,0.5315933227539062,1,P4_CV0,1,1,1,0,2
4,2.046486340378425,9.289064495259955,RD4_F7_m4f8_P4_Y36_UO73,RD4_F8_m4f8_P4_Y34_UO33,RD8_F4_m8f4_P8_Y34_UO88,FXX,2,0.0,1,0,1.0,0,0,0,-9999.0,0.5294523239135742,1,P4_CV0,1,0,2,1,1
4,2.046486340378425,9.289064495259955,RD4_F8_m4f7_P4_Y36_UO532,RD4_F7_m4f7_P4_Y34_UO172,RD7_F4_m7f4_P7_Y34_UO273,MXY,2,0.0,1,0,0.0,0,0,0,-9999.0,0.5303382873535156,1,P4_CV0,1,0,2,0,2
4,2.046486340378425,9.289064495259955,RD4_F8_m4f7_P4_Y34_UO52,RD4_F8_m4f8_P4_Y32_UO86,RD7_F3_m5f3_P5_Y32_UO641,MXY,4,0.0,1,0,0.0,0,0,0,-9999.0,0.53173828125,1,P4_CV0,1,1,1,0,2
4,2.046486340378425,9.289064495259955,RD4_F8_m4f7_P4_Y36_UO339,RD4_F8_m4f8_P4_Y34_UO493,RD7_F3_m7f3_P7_Y34_UO386,FXX,2,0.0,1,0,1.0,0,0,0,-9999.0,0.5309238433837891,1,P5_CV0,1,2,0,1,1
4,2.046486340378425,9.289064495259955,RD4_F8_m4f7_P4_Y36_UO348,RD4_F8_m4f7_P4_Y34_UO477,RD7_F4_m4f8_P4_Y33_UO60,FXX,2,0.0,1,0,1.0,0,0,0,-9999.0,0.5328903198242188,1,P5_CV0,1,0,2,0,2
4,2.046486340378425,9.289064495259955,RD4_F7_m4f8_P4_Y36_UO549,RD4_F8_m4f7_P4_Y34_UO476,RD8_F4_m8f4_P8_Y34_UO468,MXY,2,0.0,1,0,0.0,0,0,0,-9999.0,0.5315370559692383,1,P5_CV0,1,2,0,0,2
4,2.046486340378425,9.289064495259955,RD4_F7_m3f6_P3_Y36_UO713,RD3_F6_m9f6_P9_Y34_UO17,RD6_F3_m6f3_P6_Y34_UO190,MXY,2,0.0,1,0,0.0,0,0,0,-9999.0,0.5304079055786133,1,P5_CV0,1,0,2,1,1
4,2.046486340378425,9.289064495259955,RD4_F8_m4f7_P4_Y36_UO340,RD4_F8_m4f8_P4_Y34_UO493,RD7_F3_m7f3_P7_Y34_UO386,FXX,2,0.0,1,0,1.0,0,0,0,-9999.0,0.5309238433837891,1,P5_CV0,1,1,1,1,1
4,2.046486340378425,9.289064495259955,RD4_F8_m4f8_P4_Y36_UO375,RD4_F8_m4f8_P4_Y34_UO79,RD8_F4_m7f3_P7_Y34_UO387,FXX,2,0.0,1,0,1.0,0,0,0,-9999.0,0.5335779190063477,1,P5_CV0,1,1,1,1,1
4,2.046486340378425,9.289064495259955,RD4_F7_m3f5_P3_Y36_UO646,RD3_F6_m9f2_P9_Y34_UO163,RD5_F1_m5f3_P5_Y34_UO322,FXX,2,0.0,1,0,1.0,0,0,0,-9999.0,0.5303449630737305,1,P5_CV0,1,2,0,1,1
4,2.046486340378425,9.289064495259955,RD4_F7_m3f5_P3_Y36_UO396,RD3_F6_m9f6_P9_Y34_UO486,RD5_F3_m5f2_P5_Y34_UO223,MXY,2,0.0,1,0,0.0,0,0,0,-9999.0,0.5320005416870117,1,P8_CV0,1,2,0,1,1
4,2.046486340378425,9.289064495259955,RD4_F8_m4f7_P4_Y36_UO166,RD4_F8_m4f7_P4_Y34_UO477,RD7_F4_m8f4_P8_Y34_UO112,FXX,2,0.0,1,0,1.0,0,0,0,-9999.0,0.5315465927124023,1,P8_CV0,1,2,0,1,1
4,2.046486340378425,9.289064495259955,RD4_F8_m4f7_P4_Y36_UO655,RD4_F8_m4f8_P4_Y34_UO79,RD7_F4_m8f4_P8_Y34_UO112,FXX,2,0.0,1,0,1.0,0,0,0,-9999.0,0.5335769653320312,1,P8_CV0,1,1,1,1,1
4,2.046486340378425,9.289064495259955,RD4_F8_m4f7_P4_Y36_UO654,RD4_F8_m4f8_P4_Y34_UO79,RD7_F4_m8f4_P8_Y34_UO112,FXX,2,0.0,1,0,1.0,0,0,0,-9999.0,0.5335769653320312,1,P8_CV0,1,0,2,1,1
5,2.9965467367452314,4.002409126542999,RD5_F1_m5f2_P5_Y36_UO97,RD5_F1_m5f3_P5_Y34_UO664,RD2_F6_m9f2_P9_Y34_UO208,FXX,2,0.0,1,0,1.0,0,0,0,-9999.0,0.5325498580932617,1,P0_CV0,1,0,2,1,1
5,2.9965467367452314,4.002409126542999,RD5_F1_m5f1_P5_Y36_UO631,RD5_F2_m9f2_P9_Y34_UO611,RD1_F5_m5f3_P5_Y31_UO86,MXY,2,0.0,1,0,0.0,0,0,0,-9999.0,0.5324134826660156,1,P0_CV0,1,0,2,1,1
5,2.9965467367452314,4.002409126542999,RD5_F1_m5f1_P5_Y36_UO633,RD5_F2_m9f2_P9_Y34_UO611,RD1_F5_m5f3_P5_Y31_UO86,MXY,2,0.0,1,0,0.0,0,0,0,-9999.0,0.5324134826660156,1,P0_CV0,1,1,1,1,1
5,2.9965467367452314,4.002409126542999,RD5_F1_m5f1_P5_Y36_UO198,RD5_F1_m5f1_P5_Y34_UO81,RD1_F5_m1f5_P1_Y34_UO677,MXY,2,0.0,1,0,0.0,0,0,0,-9999.0,0.5312290191650391,1,P1_CV0,1,1,1,2,0
5,2.9965467367452314,4.002409126542999,RD5_F3_m2f9_P2_Y36_UO159,RD2_F3_m5f1_P5_Y34_UO75,RD9_F6_m1f5_P1_Y32_UO143,MXY,2,0.0,1,0,0.0,0,0,0,-9999.0,0.5291414260864258,1,P1_CV0,1,0,2,2,0
5,2.9965467367452314,4.002409126542999,RD5_F1_m5f3_P5_Y36_UO637,RD5_F1_m5f1_P5_Y34_UO313,RD3_F7_m4f8_P4_Y34_UO78,FXX,2,0.0,1,0,1.0,0,0,0,-9999.0,0.5331134796142578,1,P1_CV0,1,1,1,2,0
5,2.9965467367452314,4.002409126542999,RD5_F2_m9f6_P9_Y36_UO752,RD9_F2_m9f2_P9_Y34_UO542,RD6_F2_m9f2_P9_Y34_UO355,FXX,2,0.0,1,0,1.0,0,0,0,-9999.0,0.5317802429199219,1,P1_CV0,1,1,1,1,1
5,2.9965467367452314,4.002409126542999,RD5_F1_m5f2_P5_Y36_UO264,RD5_F3_m2f6_P2_Y34_UO553,RD2_F6_m9f2_P9_Y34_UO169,FXX,2,0.0,1,0,1.0,0,0,0,-9999.0,0.5326509475708008,1,P1_CV0,1,0,2,1,1
5,2.9965467367452314,4.002409126542999,RD5_F2_m6f3_P6_Y36_UO522,RD6_F9_m2f6_P2_Y34_UO657,RD3_F7_m4f8_P4_Y34_UO78,FXX,2,0.0,1,0,1.0,0,0,0,-9999.0,0.5329923629760742,1,P1_CV0,1,1,1,0,2
5,2.9965467367452314,4.002409126542999,RD5_F1_m5f1_P5_Y36_UO199,RD5_F1_m5f1_P5_Y34_UO81,RD1_F5_m1f5_P1_Y34_UO677,MXY,2,0.0,1,0,0.0,0,0,0,-9999.0,0.5312290191650391,1,P1_CV0,1,1,1,2,0
5,2.9965467367452314,4.002409126542999,RD5_F3_m7f3_P7_Y36_UO704,RD7_F4_m8f4_P8_Y34_UO285,RD3_F2_m3f5_P3_Y34_UO5,FXX,2,0.0,1,0,1.0,0,0,0,-9999.0,0.5312652587890625,1,P1_CV0,1,1,1,1,1
5,2.9965467367452314,4.002409126542999,RD5_F1_m5f3_P5_Y36_UO254,RD5_F1_m5f2_P5_Y34_UO37,RD3_F7_m3f5_P3_Y34_UO118,MXY,2,0.0,1,0,0.0,0,0,0,-9999.0,0.5306425094604492,1,P1_CV0,1,1,1,0,2
5,2.9965467367452314,4.002409126542999,RD5_F1_m5f2_P5_Y36_UO265,RD5_F3_m2f6_P2_Y34_UO553,RD2_F6_m9f2_P9_Y34_UO169,MXY,2,0.0,1,0,0.0,0,0,0,-9999.0,0.5326509475708008,1,P1_CV0,1,1,1,2,0
5,2.9965467367452314,4.002409126542999,RD5_F2_m6f3_P6_Y36_UO330,RD6_F3_m6f2_P6_Y34_UO712,RD3_F5_m2f9_P2_Y34_UO288,MXY,2,0.0,1,0,0.0,0,0,0,-9999.0,0.5301179885864258,1,P1_CV0,1,0,2,2,0
5,2.9965467367452314,4.002409126542999,RD5_F2_m2f3_P2_Y37_UO67,RD2_F3_m5f3_P5_Y35_UO190,RD3_F2_m9f6_P9_Y35_UO149,MXY,1,0.0,0,0,0.0,0,0,0,-9999.0,0.5338163375854492,1,P2_CV0,1,1,1,2,0
5,2.9965467367452314,4.002409126542999,RD5_F2_m2f3_P2_Y37_UO65,RD2_F3_m5f3_P5_Y35_UO190,RD3_F2_m9f6_P9_Y35_UO149,FXX,1,0.0,0,0,0.0,0,0,0,-9999.0,0.5338163375854492,1,P2_CV0,1,1,1,2,0
5,2.9965467367452314,4.002409126542999,RD5_F2_m2f3_P2_Y37_UO76,RD2_F3_m5f3_P5_Y35_UO190,RD3_F2_m9f6_P9_Y35_UO149,MXY,1,0.0,0,0,0.0,0,0,0,-9999.0,0.5338163375854492,1,P2_CV0,1,1,1,1,1
5,2.9965467367452314,4.002409126542999,RD5_F2_m6f2_P6_Y36_UO75,RD6_F9_m6f9_P6_Y34_UO143,RD2_F9_m6f2_P6_Y34_UO539,FXX,2,0.0,1,0,1.0,0,0,0,-9999.0,0.5314426422119141,1,P2_CV0,1,0,2,0,2
5,2.9965467367452314,4.002409126542999,RD5_F3_m2f3_P2_Y36_UO518,RD2_F9_m6f9_P6_Y34_UO315,RD3_F6_m2f6_P2_Y34_UO549,MXY,2,0.0,1,0,0.0,0,0,0,-9999.0,0.533747673034668,1,P2_CV0,1,0,2,1,1
5,2.9965467367452314,4.002409126542999,RD5_F1_m5f3_P5_Y36_UO400,RD5_F2_m3f2_P3_Y34_UO470,RD3_F6_m2f6_P2_Y34_UO655,FXX,2,0.0,1,0,1.0,0,0,0,-9999.0,0.5309581756591797,1,P2_CV0,1,0,2,1,1
5,2.9965467367452314,4.002409126542999,RD5_F2_m9f2_P9_Y36_UO84,RD9_F2_m6f2_P6_Y34_UO425,RD2_F6_m9f2_P9_Y34_UO29,MXY,2,0.0,1,0,0.0,0,0,0,-9999.0,0.5307245254516602,1,P2_CV0,1,0,2,0,2
5,2.9965467367452314,4.002409126542999,RD5_F1_m5f2_P5_Y36_UO72,RD5_F1_m5f3_P5_Y34_UO606,RD2_F9_m2f5_P2_Y34_UO508,FXX,2,0.0,1,0,1.0,0,0,0,-9999.0,0.5321893692016602,1,P2_CV0,1,1,1,2,0
5,2.9965467367452314,4.002409126542999,RD5_F3_m6f3_P6_Y36_UO183,RD6_F2_m9f2_P9_Y34_UO55,RD3_F6_m2f3_P2_Y34_UO123,MXY,2,0.0,1,0,0.0,0,0,0,-9999.0,0.5331697463989258,1,P2_CV0,1,1,1,0,2
5,2.9965467367452314,4.002409126542999,RD5_F1_m5f2_P5_Y36_UO220,RD5_F1_m5f2_P5_Y34_UO251,RD2_F6_m3f7_P3_Y34_UO0,FXX,2,0.0,1,0,1.0,0,0,0,-9999.0,0.5302715301513672,1,P2_CV0,1,0,2,1,1
5,2.9965467367452314,4.002409126542999,RD5_F3_m7f3_P7_Y36_UO213,RD7_F4_m8f4_P8_Y34_UO43,RD3_F6_m2f6_P2_Y34_UO655,MXY,2,0.0,1,0,0.0,0,0,0,-9999.0,0.5308017730712891,1,P2_CV0,1,0,2,0,2
5,2.9965467367452314,4.002409126542999,RD5_F3_m5f2_P5_Y36_UO671,RD5_F1_m5f1_P5_Y34_UO193,RD2_F3_m7f4_P7_Y34_UO661,FXX,2,0.0,1,0,1.0,0,0,0,-9999.0,0.5303726196289062,1,P2_CV0,1,2,0,1,1
5,2.9965467367452314,4.002409126542999,RD5_F3_m6f2_P6_Y36_UO95,RD6_F2_m6f3_P6_Y34_UO595,RD2_F3_m5f2_P5_Y34_UO564,MXY,2,0.0,1,0,0.0,0,0,0,-9999.0,0.5328636169433594,1,P2_CV0,1,1,1,1,1
5,2.9965467367452314,4.002409126542999,RD5_F1_m5f2_P5_Y36_UO381,RD5_F1_m5f3_P5_Y34_UO664,RD2_F9_m6f2_P6_Y34_UO539,FXX,2,0.0,1,0,1.0,0,0,0,-9999.0,0.532740592956543,1,P2_CV0,1,2,0,0,2
5,2.9965467367452314,4.002409126542999,RD5_F1_m5f3_P5_Y36_UO203,RD5_F1_m5f1_P5_Y34_UO540,RD3_F2_m9f6_P9_Y34_UO482,MXY,2,0.0,1,0,0.0,0,0,0,-9999.0,0.5302906036376953,1,P2_CV0,1,1,1,1,1
5,2.9965467367452314,4.002409126542999,RD5_F1_m5f2_P5_Y36_UO313,RD5_F3_m6f2_P6_Y34_UO272,RD2_F9_m2f3_P2_Y34_UO454,MXY,2,0.0,1,0,0.0,0,0,0,-9999.0,0.5312719345092773,1,P2_CV0,1,1,1,2,0
5,2.9965467367452314,4.002409126542999,RD5_F1_m5f3_P5_Y36_UO201,RD5_F1_m5f1_P5_Y34_UO540,RD3_F2_m9f6_P9_Y34_UO482,MXY,2,0.0,1,0,0.0,0,0,0,-9999.0,0.5302906036376953,1,P2_CV0,1,1,1,0,2
5,2.9965467367452314,4.002409126542999,RD5_F3_m6f2_P6_Y36_UO726,RD6_F9_m2f3_P2_Y34_UO451,RD2_F9_m2f3_P2_Y34_UO454,MXY,2,0.0,1,0,0.0,0,0,0,-9999.0,0.5322914123535156,1,P2_CV0,1,1,1,1,1
5,2.9965467367452314,4.002409126542999,RD5_F1_m5f2_P5_Y36_UO557,RD5_F2_m5f1_P5_Y34_UO565,RD2_F9_m2f6_P2_Y34_UO550,MXY,2,0.0,1,0,0.0,0,0,0,-9999.0,0.5338582992553711,1,P2_CV0,1,1,1,1,1
5,2.9965467367452314,4.002409126542999,RD5_F1_m5f2_P5_Y36_UO219,RD5_F1_m5f2_P5_Y34_UO251,RD2_F6_m3f7_P3_Y34_UO0,MXY,2,0.0,1,0,0.0,0,0,0,-9999.0,0.5302715301513672,1,P2_CV0,1,1,1,1,1
5,2.9965467367452314,4.002409126542999,RD5_F1_m5f2_P5_Y36_UO380,RD5_F1_m5f3_P5_Y34_UO664,RD2_F9_m6f2_P6_Y34_UO539,FXX,2,0.0,1,0,1.0,0,0,0,-9999.0,0.532740592956543,1,P2_CV0,1,1,1,0,2
5,2.9965467367452314,4.002409126542999,RD5_F1_m5f1_P5_Y36_UO231,RD5_F3_m6f9_P6_Y34_UO600,RD1_F5_m3f6_P3_Y34_UO537,MXY,2,0.0,1,0,0.0,0,0,0,-9999.0,0.5320644378662109,1,P2_CV0,1,1,1,0,2
5,2.9965467367452314,4.002409126542999,RD5_F3_m6f3_P6_Y36_UO22,RD6_F3_m2f6_P2_Y34_UO656,RD3_F6_m2f6_P2_Y34_UO549,MXY,2,0.0,1,0,0.0,0,0,0,-9999.0,0.5329341888427734,1,P2_CV0,1,0,2,2,0
5,2.9965467367452314,4.002409126542999,RD5_F2_m3f2_P3_Y36_UO620,RD3_F7_m4f7_P4_Y34_UO723,RD2_F6_m3f5_P3_Y34_UO516,MXY,2,0.0,1,0,0.0,0,0,0,-9999.0,0.5327510833740234,1,P2_CV0,1,0,2,1,1
5,2.9965467367452314,4.002409126542999,RD5_F1_m5f1_P5_Y36_UO640,RD5_F3_m6f9_P6_Y34_UO600,RD1_F5_m2f3_P2_Y34_UO246,MXY,2,0.0,1,0,0.0,0,0,0,-9999.0,0.5321645736694336,1,P2_CV0,1,0,2,1,1
5,2.9965467367452314,4.002409126542999,RD5_F1_m5f2_P5_Y36_UO690,RD5_F3_m6f9_P6_Y34_UO600,RD2_F9_m2f3_P2_Y34_UO454,FXX,2,0.0,1,0,1.0,0,0,0,-9999.0,0.5318069458007812,1,P2_CV0,1,1,1,1,1
5,2.9965467367452314,4.002409126542999,RD5_F1_m5f2_P5_Y36_UO689,RD5_F3_m6f9_P6_Y34_UO600,RD2_F9_m2f3_P2_Y34_UO454,FXX,2,0.0,1,0,1.0,0,0,0,-9999.0,0.5318069458007812,1,P3_CV0,1,0,2,0,2
5,2.9965467367452314,4.002409126542999,RD5_F1_m5f1_P5_Y36_UO634,RD5_F2_m9f2_P9_Y34_UO611,RD1_F5_m5f3_P5_Y31_UO86,FXX,2,0.0,1,0,1.0,0,0,0,-9999.0,0.5324134826660156,1,P3_CV0,1,1,1,2,0
5,2.9965467367452314,4.002409126542999,RD5_F1_m5f1_P5_Y36_UO632,RD5_F2_m9f2_P9_Y34_UO611,RD1_F5_m5f3_P5_Y31_UO86,MXY,2,0.0,1,0,0.0,0,0,0,-9999.0,0.5324134826660156,1,P3_CV0,1,1,1,2,0
5,2.9965467367452314,4.002409126542999,RD5_F1_m5f3_P5_Y36_UO636,RD5_F1_m5f1_P5_Y34_UO313,RD3_F7_m4f8_P4_Y34_UO78,MXY,2,0.0,1,0,0.0,0,0,0,-9999.0,0.5331134796142578,1,P3_CV0,1,1,1,2,0
5,2.9965467367452314,4.002409126542999,RD5_F2_m6f9_P6_Y36_UO485,RD6_F3_m6f9_P6_Y34_UO639,RD9_F2_m5f2_P5_Y34_UO249,MXY,2,0.0,1,0,0.0,0,0,0,-9999.0,0.5309944152832031,1,P3_CV0,1,1,1,2,0
5,2.9965467367452314,4.002409126542999,RD5_F1_m5f3_P5_Y36_UO205,RD5_F1_m5f3_P5_Y34_UO725,RD3_F7_m4f7_P4_Y34_UO364,FXX,2,0.0,1,0,1.0,0,0,0,-9999.0,0.5323991775512695,1,P3_CV0,1,0,2,2,0
5,2.9965467367452314,4.002409126542999,RD5_F1_m5f2_P5_Y36_UO315,RD5_F3_m6f2_P6_Y34_UO272,RD2_F9_m2f3_P2_Y34_UO454,MXY,2,0.0,1,0,0.0,0,0,0,-9999.0,0.5312719345092773,1,P3_CV0,1,0,2,2,0
5,2.9965467367452314,4.002409126542999,RD5_F1_m5f3_P5_Y36_UO207,RD5_F1_m5f3_P5_Y34_UO725,RD3_F7_m4f7_P4_Y34_UO364,FXX,2,0.0,1,0,1.0,0,0,0,-9999.0,0.5323991775512695,1,P3_CV0,1,1,1,2,0
5,2.9965467367452314,4.002409126542999,RD5_F2_m6f3_P6_Y36_UO282,RD6_F9_m2f3_P2_Y34_UO460,RD3_F6_m9f2_P9_Y34_UO54,FXX,2,0.0,1,0,1.0,0,0,0,-9999.0,0.532313346862793,1,P3_CV0,1,1,1,1,1
5,2.9965467367452314,4.002409126542999,RD5_F1_m5f3_P5_Y36_UO635,RD5_F1_m5f1_P5_Y34_UO313,RD3_F7_m4f8_P4_Y34_UO78,FXX,2,0.0,1,0,1.0,0,0,0,-9999.0,0.5331134796142578,1,P3_CV0,1,1,1,1,1
5,2.9965467367452314,4.002409126542999,RD5_F2_m9f6_P9_Y36_UO41,RD9_F2_m5f2_P5_Y34_UO402,RD6_F3_m2f3_P2_Y34_UO458,FXX,2,0.0,1,0,1.0,0,0,0,-9999.0,0.5313215255737305,1,P3_CV0,1,2,0,1,1
5,2.9965467367452314,4.002409126542999,RD5_F3_m6f2_P6_Y36_UO14,RD6_F3_m6f9_P6_Y34_UO639,RD2_F5_m3f6_P3_Y34_UO71,FXX,2,0.0,1,0,1.0,0,0,0,-9999.0,0.5320959091186523,1,P3_CV0,1,0,2,1,1
5,2.9965467367452314,4.002409126542999,RD5_F1_m5f3_P5_Y36_UO638,RD5_F1_m5f1_P5_Y34_UO313,RD3_F7_m4f8_P4_Y34_UO78,MXY,2,0.0,1,0,0.0,0,0,0,-9999.0,0.5331134796142578,1,P3_CV0,1,1,1,2,0
5,2.9965467367452314,4.002409126542999,RD5_F1_m5f2_P5_Y36_UO190,RD5_F3_m6f2_P6_Y34_UO272,RD2_F9_m2f6_P2_Y34_UO552,MXY,2,0.0,1,0,0.0,0,0,0,-9999.0,0.5326318740844727,1,P3_CV0,1,1,1,1,1
5,2.9965467367452314,4.002409126542999,RD5_F2_m6f9_P6_Y34_UO496,RD6_F3_m2f3_P2_Y32_UO379,RD9_F2_m6f9_P6_Y32_UO65,MXY,4,0.0,1,0,0.0,0,0,0,-9999.0,0.5317478179931641,1,P3_CV0,1,1,1,1,1
5,2.9965467367452314,4.002409126542999,RD5_F2_m2f3_P2_Y37_UO79,RD2_F3_m5f3_P5_Y35_UO190,RD3_F2_m9f6_P9_Y35_UO149,MXY,1,0.0,0,0,0.0,0,0,0,-9999.0,0.5338163375854492,1,P4_CV0,1,1,1,1,1
5,2.9965467367452314,4.002409126542999,RD5_F2_m2f3_P2_Y37_UO64,RD2_F3_m5f3_P5_Y35_UO190,RD3_F2_m9f6_P9_Y35_UO149,MXY,1,0.0,0,0,0.0,0,0,0,-9999.0,0.5338163375854492,1,P4_CV0,1,1,1,2,0
5,2.9965467367452314,4.002409126542999,RD5_F1_m5f1_P5_Y36_UO104,RD5_F1_m5f2_P5_Y34_UO222,RD1_F5_m3f2_P3_Y34_UO519,FXX,2,0.0,1,0,1.0,0,0,0,-9999.0,0.5318431854248047,1,P4_CV0,1,2,0,1,1
5,2.9965467367452314,4.002409126542999,RD5_F3_m5f3_P5_Y36_UO202,RD5_F1_m5f1_P5_Y34_UO540,RD3_F2_m9f6_P9_Y34_UO482,FXX,2,0.0,1,0,1.0,0,0,0,-9999.0,0.5302906036376953,1,P4_CV0,1,1,1,1,1
5,2.9965467367452314,4.002409126542999,RD5_F2_m9f6_P9_Y36_UO216,RD9_F6_m2f6_P2_Y34_UO130,RD6_F2_m9f6_P9_Y34_UO587,FXX,2,0.0,1,0,1.0,0,0,0,-9999.0,0.5323352813720703,1,P4_CV0,1,0,2,2,0
5,2.9965467367452314,4.002409126542999,RD5_F1_m5f2_P5_Y36_UO98,RD5_F1_m5f3_P5_Y34_UO664,RD2_F6_m9f2_P9_Y34_UO208,MXY,2,0.0,1,0,0.0,0,0,0,-9999.0,0.5325498580932617,1,P4_CV0,1,0,2,0,2
5,2.9965467367452314,4.002409126542999,RD5_F1_m5f2_P5_Y36_UO103,RD5_F1_m5f2_P5_Y34_UO222,RD2_F3_m7f3_P7_Y34_UO429,FXX,2,0.0,1,0,1.0,0,0,0,-9999.0,0.5323953628540039,1,P4_CV0,1,1,1,2,0
5,2.9965467367452314,4.002409126542999,RD5_F1_m5f2_P5_Y36_UO96,RD5_F1_m5f3_P5_Y34_UO664,RD2_F6_m9f2_P9_Y34_UO208,FXX,2,0.0,1,0,1.0,0,0,0,-9999.0,0.5325498580932617,1,P4_CV0,1,0,2,1,1
5,2.9965467367452314,4.002409126542999,RD5_F1_m5f2_P5_Y36_UO336,RD5_F1_m5f3_P5_Y34_UO179,RD2_F9_m2f6_P2_Y34_UO552,MXY,2,0.0,1,0,0.0,0,0,0,-9999.0,0.5334901809692383,1,P4_CV0,1,1,1,1,1
5,2.9965467367452314,4.002409126542999,RD5_F2_m9f6_P9_Y36_UO276,RD9_F6_m3f5_P3_Y34_UO212,RD6_F9_m2f3_P2_Y34_UO631,MXY,2,0.0,1,0,0.0,0,0,0,-9999.0,0.5328960418701172,1,P4_CV0,1,1,1,1,1
5,2.9965467367452314,4.002409126542999,RD5_F1_m5f3_P5_Y36_UO253,RD5_F1_m5f2_P5_Y34_UO37,RD3_F7_m3f5_P3_Y34_UO118,FXX,2,0.0,1,0,1.0,0,0,0,-9999.0,0.5306425094604492,1,P4_CV0,1,0,2,1,1
5,2.9965467367452314,4.002409126542999,RD5_F1_m5f3_P5_Y36_UO206,RD5_F1_m5f3_P5_Y34_UO725,RD3_F7_m4f7_P4_Y34_UO364,FXX,2,0.0,1,0,1.0,0,0,0,-9999.0,0.5323991775512695,1,P4_CV0,1,2,0,2,0
5,2.9965467367452314,4.002409126542999,RD5_F1_m5f2_P5_Y36_UO171,RD5_F1_m5f3_P5_Y34_UO664,RD2_F3_m7f4_P7_Y34_UO661,MXY,2,0.0,1,0,0.0,0,0,0,-9999.0,0.5315704345703125,1,P4_CV0,1,1,1,0,2
5,2.9965467367452314,4.002409126542999,RD5_F1_m5f1_P5_Y36_UO256,RD5_F3_m2f6_P2_Y34_UO553,RD1_F5_m3f7_P3_Y34_UO700,MXY,2,0.0,1,0,0.0,0,0,0,-9999.0,0.5331935882568359,1,P4_CV0,1,0,2,1,1
5,2.9965467367452314,4.002409126542999,RD5_F3_m7f3_P7_Y36_UO694,RD7_F3_m5f2_P5_Y34_UO563,RD3_F7_m4f7_P4_Y34_UO632,MXY,2,0.0,1,0,0.0,0,0,0,-9999.0,0.5330266952514648,1,P4_CV0,1,0,2,2,0
5,2.9965467367452314,4.002409126542999,RD5_F1_m5f2_P5_Y36_UO99,RD5_F1_m5f3_P5_Y34_UO664,RD2_F6_m9f2_P9_Y34_UO208,MXY,2,0.0,1,0,0.0,0,0,0,-9999.0,0.5325498580932617,1,P4_CV0,1,1,1,1,1
5,2.9965467367452314,4.002409126542999,RD5_F1_m5f1_P5_Y36_UO106,RD5_F1_m5f2_P5_Y34_UO222,RD1_F5_m3f2_P3_Y34_UO519,FXX,2,0.0,1,0,1.0,0,0,0,-9999.0,0.5318431854248047,1,P4_CV0,1,1,1,2,0
5,2.9965467367452314,4.002409126542999,RD5_F3_m7f4_P7_Y36_UO569,RD7_F3_m7f4_P7_Y34_UO686,RD4_F7_m4f8_P4_Y34_UO492,FXX,2,0.0,1,0,1.0,0,0,0,-9999.0,0.5305881500244141,1,P4_CV0,1,1,1,1,1
5,2.9965467367452314,4.002409126542999,RD5_F1_m5f2_P5_Y36_UO181,RD5_F1_m5f2_P5_Y34_UO37,RD2_F9_m6f2_P6_Y34_UO226,MXY,2,0.0,1,0,0.0,0,0,0,-9999.0,0.530726432800293,1,P4_CV0,1,0,2,1,1
5,2.9965467367452314,4.002409126542999,RD5_F2_m9f6_P9_Y36_UO622,RD9_F6_m3f2_P3_Y34_UO47,RD6_F2_m9f6_P9_Y34_UO218,FXX,2,0.0,1,0,1.0,0,0,0,-9999.0,0.530604362487793,1,P4_CV0,1,1,1,1,1
5,2.9965467367452314,4.002409126542999,RD5_F1_m5f2_P5_Y36_UO262,RD5_F3_m2f6_P2_Y34_UO553,RD2_F6_m9f2_P9_Y34_UO169,MXY,2,0.0,1,0,0.0,0,0,0,-9999.0,0.5326509475708008,1,P4_CV0,1,0,2,2,0
5,2.9965467367452314,4.002409126542999,RD5_F2_m9f6_P9_Y36_UO215,RD9_F6_m2f6_P2_Y34_UO130,RD6_F2_m9f6_P9_Y34_UO587,FXX,2,0.0,1,0,1.0,0,0,0,-9999.0,0.5323352813720703,1,P4_CV0,1,0,2,1,1
5,2.9965467367452314,4.002409126542999,RD5_F1_m5f2_P5_Y36_UO189,RD5_F3_m6f2_P6_Y34_UO272,RD2_F9_m2f6_P2_Y34_UO552,FXX,2,0.0,1,0,1.0,0,0,0,-9999.0,0.5326318740844727,1,P4_CV0,1,1,1,1,1
5,2.9965467367452314,4.002409126542999,RD5_F2_m6f3_P6_Y36_UO21,RD6_F2_m6f3_P6_Y34_UO77,RD3_F2_m5f2_P5_Y34_UO36,FXX,2,0.0,1,0,1.0,0,0,0,-9999.0,0.5319805145263672,1,P5_CV0,1,1,1,1,1
5,2.9965467367452314,4.002409126542999,RD5_F1_m5f1_P5_Y36_UO30,RD5_F2_m9f2_P9_Y34_UO408,RD1_F5_m5f2_P5_Y33_UO74,FXX,2,0.0,1,0,1.0,0,0,0,-9999.0,0.5330877304077148,1,P5_CV0,1,1,1,0,2
5,2.9965467367452314,4.002409126542999,RD5_F1_m5f2_P5_Y36_UO100,RD5_F1_m5f2_P5_Y34_UO222,RD2_F3_m7f3_P7_Y34_UO429,MXY,2,0.0,1,0,0.0,0,0,0,-9999.0,0.5323953628540039,1,P5_CV0,1,0,2,1,1
5,2.9965467367452314,4.002409126542999,RD5_F1_m5f1_P5_Y36_UO197,RD5_F1_m5f1_P5_Y34_UO81,RD1_F5_m1f5_P1_Y34_UO677,MXY,2,0.0,1,0,0.0,0,0,0,-9999.0,0.5312290191650391,1,P5_CV0,1,1,1,2,0
5,2.9965467367452314,4.002409126542999,RD5_F1_m5f2_P5_Y36_UO178,RD5_F1_m5f2_P5_Y34_UO37,RD2_F9_m6f2_P6_Y34_UO226,FXX,2,0.0,1,0,1.0,0,0,0,-9999.0,0.530726432800293,1,P5_CV0,1,1,1,2,0
5,2.9965467367452314,4.002409126542999,RD5_F1_m5f2_P5_Y36_UO668,RD5_F2_m9f2_P9_Y34_UO408,RD2_F3_m7f3_P7_Y34_UO429,FXX,2,0.0,1,0,1.0,0,0,0,-9999.0,0.5317487716674805,1,P5_CV0,1,1,1,2,0
5,2.9965467367452314,4.002409126542999,RD5_F1_m5f2_P5_Y36_UO284,RD5_F1_m5f1_P5_Y34_UO299,RD2_F3_m7f3_P7_Y34_UO429,FXX,2,0.0,1,0,1.0,0,0,0,-9999.0,0.5316658020019531,1,P5_CV0,1,0,2,1,1
5,2.9965467367452314,4.002409126542999,RD5_F1_m5f2_P5_Y36_UO101,RD5_F1_m5f2_P5_Y34_UO222,RD2_F3_m7f3_P7_Y34_UO429,MXY,2,0.0,1,0,0.0,0,0,0,-9999.0,0.5323953628540039,1,P5_CV0,1,1,1,2,0
5,2.9965467367452314,4.002409126542999,RD5_F1_m5f2_P5_Y36_UO667,RD5_F2_m9f2_P9_Y34_UO408,RD2_F3_m7f3_P7_Y34_UO429,MXY,2,0.0,1,0,0.0,0,0,0,-9999.0,0.5317487716674805,1,P5_CV0,1,1,1,1,1
5,2.9965467367452314,4.002409126542999,RD5_F1_m5f2_P5_Y36_UO179,RD5_F1_m5f2_P5_Y34_UO37,RD2_F9_m6f2_P6_Y34_UO226,FXX,2,0.0,1,0,1.0,0,0,0,-9999.0,0.530726432800293,1,P5_CV0,1,0,2,1,1
5,2.9965467367452314,4.002409126542999,RD5_F1_m5f3_P5_Y36_UO165,RD5_F3_m6f9_P6_Y34_UO667,RD3_F2_m5f2_P5_Y34_UO36,FXX,2,0.0,1,0,1.0,0,0,0,-9999.0,0.5315818786621094,1,P5_CV0,1,1,1,1,1
5,2.9965467367452314,4.002409126542999,RD5_F3_m7f3_P7_Y34_UO386,RD7_F3_m7f4_P7_Y32_UO182,RD3_F6_m2f5_P2_Y32_UO627,MXY,4,0.0,1,0,0.0,0,0,0,-9999.0,0.5320281982421875,1,P5_CV0,1,1,1,2,0
5,2.9965467367452314,4.002409126542999,RD5_F3_m7f4_P7_Y36_UO110,RD7_F3_m7f4_P7_Y34_UO686,RD4_F8_m4f8_P4_Y34_UO213,MXY,2,0.0,1,0,0.0,0,0,0,-9999.0,0.5316133499145508,1,P8_CV0,1,1,1,1,1
5,2.9965467367452314,4.002409126542999,RD5_F1_m5f3_P5_Y36_UO578,RD5_F1_m5f1_P5_Y34_UO193,RD3_F2_m5f1_P5_Y34_UO487,FXX,2,0.0,1,0,1.0,0,0,0,-9999.0,0.532282829284668,1,P8_CV0,1,1,1,1,1
5,2.9965467367452314,4.002409126542999,RD5_F1_m5f2_P5_Y36_UO672,RD5_F1_m5f1_P5_Y34_UO193,RD2_F3_m7f4_P7_Y34_UO661,FXX,2,0.0,1,0,1.0,0,0,0,-9999.0,0.5303726196289062,1,P8_CV0,1,1,1,0,2
6,6.211338327692949,7.937131414155586,RD6_F3_m7f3_P7_Y36_UO60,RD7_F3_m6f2_P6_Y34_UO227,RD3_F7_m3f5_P3_Y34_UO362,MXY,2,0.0,1,0,0.0,0,0,0,-9999.0,0.5316829681396484,1,P0_CV0,1,0,2,0,2
6,6.211338327692949,7.937131414155586,RD6_F9_m9f2_P9_Y37_UO151,RD9_F2_m9f2_P9_Y35_UO72,RD2_F6_m9f2_P9_Y34_UO32,FXX,1,0.0,0,0,0.0,0,0,0,-9999.0,0.5342016220092773,1,P1_CV0,1,1,1,1,1
6,6.211338327692949,7.937131414155586,RD6_F2_m9f6_P9_Y36_UO599,RD9_F6_m2f6_P2_Y34_UO130,RD6_F9_m2f3_P2_Y34_UO126,MXY,2,0.0,1,0,0.0,0,0,0,-9999.0,0.5333642959594727,1,P1_CV0,1,0,2,0,2
6,6.211338327692949,7.937131414155586,RD6_F2_m9f6_P9_Y36_UO602,RD9_F6_m2f6_P2_Y34_UO130,RD6_F9_m2f3_P2_Y34_UO126,MXY,2,0.0,1,0,0.0,0,0,0,-9999.0,0.5333642959594727,1,P1_CV0,1,0,2,0,2
6,6.211338327692949,7.937131414155586,RD6_F3_m5f3_P5_Y36_UO252,RD5_F1_m5f2_P5_Y34_UO37,RD3_F7_m3f5_P3_Y34_UO118,MXY,2,0.0,1,0,0.0,0,0,0,-9999.0,0.5306425094604492,1,P1_CV0,1,1,1,1,1
6,6.211338327692949,7.937131414155586,RD6_F3_m5f2_P5_Y36_UO266,RD5_F3_m2f6_P2_Y34_UO553,RD2_F6_m9f2_P9_Y34_UO169,FXX,2,0.0,1,0,1.0,0,0,0,-9999.0,0.5326509475708008,1,P1_CV0,1,1,1,1,1
6,6.211338327692949,7.937131414155586,RD6_F3_m6f3_P6_Y36_UO329,RD6_F3_m6f2_P6_Y34_UO712,RD3_F5_m2f9_P2_Y34_UO288,FXX,2,0.0,1,0,1.0,0,0,0,-9999.0,0.5301179885864258,1,P1_CV0,1,0,2,1,1
6,6.211338327692949,7.937131414155586,RD6_F3_m6f2_P6_Y36_UO409,RD6_F3_m2f6_P2_Y34_UO206,RD2_F6_m9f2_P9_Y34_UO169,MXY,2,0.0,1,0,0.0,0,0,0,-9999.0,0.5303125381469727,1,P1_CV0,1,1,1,1,1
6,6.211338327692949,7.937131414155586,RD6_F3_m7f3_P7_Y36_UO238,RD7_F4_m8f4_P8_Y34_UO285,RD3_F7_m4f7_P4_Y34_UO364,FXX,2,0.0,1,0,1.0,0,0,0,-9999.0,0.5324497222900391,1,P1_CV0,1,2,0,0,2
6,6.211338327692949,7.937131414155586,RD6_F9_m2f9_P2_Y36_UO164,RD2_F3_m5f1_P5_Y34_UO75,RD9_F6_m1f5_P1_Y32_UO143,FXX,2,0.0,1,0,1.0,0,0,0,-9999.0,0.5291414260864258,1,P1_CV0,1,0,2,1,1
6,6.211338327692949,7.937131414155586,RD6_F2_m9f2_P9_Y34_UO542,RD9_F2_m6f3_P6_Y32_UO581,RD2_F6_m9f2_P9_Y32_UO475,FXX,4,0.0,1,0,1.0,0,0,0,-9999.0,0.5313072204589844,1,P1_CV0,1,1,1,1,1
6,6.211338327692949,7.937131414155586,RD6_F2_m2f3_P2_Y37_UO72,RD2_F3_m5f3_P5_Y35_UO190,RD3_F2_m9f6_P9_Y35_UO149,FXX,1,0.0,0,0,0.0,0,0,0,-9999.0,0.5338163375854492,1,P2_CV0,1,1,1,2,0
6,6.211338327692949,7.937131414155586,RD6_F2_m2f3_P2_Y37_UO85,RD2_F3_m5f3_P5_Y35_UO190,RD3_F2_m9f6_P9_Y35_UO149,MXY,1,0.0,0,0,0.0,0,0,0,-9999.0,0.5338163375854492,1,P2_CV0,1,1,1,2,0
6,6.211338327692949,7.937131414155586,RD6_F9_m9f2_P9_Y37_UO146,RD9_F2_m9f2_P9_Y35_UO72,RD2_F6_m9f2_P9_Y34_UO32,MXY,1,0.0,0,0,0.0,0,0,0,-9999.0,0.5342016220092773,1,P2_CV0,1,0,2,1,1
6,6.211338327692949,7.937131414155586,RD6_F9_m9f2_P9_Y37_UO149,RD9_F2_m9f2_P9_Y35_UO72,RD2_F6_m9f2_P9_Y34_UO32,FXX,1,0.0,0,0,0.0,0,0,0,-9999.0,0.5342016220092773,1,P2_CV0,1,1,1,1,1
6,6.211338327692949,7.937131414155586,RD6_F9_m9f2_P9_Y37_UO150,RD9_F2_m9f2_P9_Y35_UO72,RD2_F6_m9f2_P9_Y34_UO32,FXX,1,0.0,0,0,0.0,0,0,0,-9999.0,0.5342016220092773,1,P2_CV0,1,0,2,0,2
6,6.211338327692949,7.937131414155586,RD6_F9_m9f2_P9_Y37_UO154,RD9_F2_m9f2_P9_Y35_UO72,RD2_F6_m9f2_P9_Y34_UO32,MXY,1,0.0,0,0,0.0,0,0,0,-9999.0,0.5342016220092773,1,P2_CV0,1,1,1,0,2
6,6.211338327692949,7.937131414155586,RD6_F9_m9f2_P9_Y37_UO155,RD9_F2_m9f2_P9_Y35_UO72,RD2_F6_m9f2_P9_Y34_UO32,MXY,1,0.0,0,0,0.0,0,0,0,-9999.0,0.5342016220092773,1,P2_CV0,1,0,2,1,1
6,6.211338327692949,7.937131414155586,RD6_F9_m9f6_P9_Y37_UO161,RD9_F2_m9f2_P9_Y35_UO72,RD6_F2_m2f6_P2_Y34_UO550,MXY,1,0.0,0,0,0.0,0,0,0,-9999.0,0.5363130569458008,1,P2_CV0,1,1,1,1,1
6,6.211338327692949,7.937131414155586,RD6_F9_m9f6_P9_Y37_UO163,RD9_F2_m9f2_P9_Y35_UO72,RD6_F2_m2f6_P2_Y34_UO550,MXY,1,0.0,0,0,0.0,0,0,0,-9999.0,0.5363130569458008,1,P2_CV0,1,1,1,1,1
6,6.211338327692949,7.937131414155586,RD6_F9_m9f6_P9_Y37_UO165,RD9_F2_m9f2_P9_Y35_UO72,RD6_F2_m2f6_P2_Y34_UO550,MXY,1,0.0,0,0,0.0,0,0,0,-9999.0,0.5363130569458008,1,P2_CV0,1,1,1,1,1
6,6.211338327692949,7.937131414155586,RD6_F9_m9f6_P9_Y37_UO193,RD9_F2_m9f2_P9_Y35_UO72,RD6_F3_m5f3_P5_Y35_UO91,FXX,1,0.0,0,0,0.0,0,0,0,-9999.0,0.5352058410644531,1,P2_CV0,1,1,1,1,1
6,6.211338327692949,7.937131414155586,RD6_F9_m9f6_P9_Y37_UO201,RD9_F2_m9f2_P9_Y35_UO72,RD6_F3_m5f3_P5_Y35_UO91,FXX,1,0.0,0,0,0.0,0,0,0,-9999.0,0.5352058410644531,1,P2_CV0,1,1,1,0,2
6,6.211338327692949,7.937131414155586,RD6_F9_m9f6_P9_Y37_UO204,RD9_F2_m9f2_P9_Y35_UO72,RD6_F3_m5f3_P5_Y35_UO91,FXX,1,0.0,0,0,0.0,0,0,0,-9999.0,0.5352058410644531,1,P2_CV0,1,1,1,0,2
6,6.211338327692949,7.937131414155586,RD6_F2_m3f6_P3_Y36_UO450,RD3_F7_m4f7_P4_Y34_UO723,RD6_F3_m8f4_P8_Y30_UO640,MXY,2,0.0,1,0,0.0,0,0,0,-9999.0,0.5339345932006836,1,P2_CV0,1,1,1,2,0
6,6.211338327692949,7.937131414155586,RD6_F2_m9f2_P9_Y36_UO117,RD9_F6_m9f6_P9_Y34_UO336,RD2_F6_m3f7_P3_Y34_UO0,MXY,2,0.0,1,0,0.0,0,0,0,-9999.0,0.5325088500976562,1,P2_CV0,1,0,2,2,0
6,6.211338327692949,7.937131414155586,RD6_F2_m9f2_P9_Y36_UO629,RD9_F6_m9f6_P9_Y34_UO336,RD2_F6_m3f2_P3_Y34_UO594,FXX,2,0.0,1,0,1.0,0,0,0,-9999.0,0.532505989074707,1,P2_CV0,1,0,2,2,0
6,6.211338327692949,7.937131414155586,RD6_F2_m6f3_P6_Y36_UO90,RD6_F3_m7f4_P7_Y34_UO49,RD3_F2_m5f1_P5_Y34_UO332,MXY,2,0.0,1,0,0.0,0,0,0,-9999.0,0.5308027267456055,1,P2_CV0,1,0,2,0,2
6,6.211338327692949,7.937131414155586,RD6_F2_m6f9_P6_Y36_UO366,RD6_F2_m6f9_P6_Y34_UO481,RD9_F6_m2f5_P2_Y34_UO507,FXX,2,0.0,1,0,1.0,0,0,0,-9999.0,0.5334157943725586,1,P2_CV0,1,1,1,0,2
6,6.211338327692949,7.937131414155586,RD6_F3_m6f3_P6_Y36_UO88,RD6_F3_m7f4_P7_Y34_UO49,RD3_F2_m5f1_P5_Y34_UO332,FXX,2,0.0,1,0,1.0,0,0,0,-9999.0,0.5308027267456055,1,P2_CV0,1,0,2,1,1
6,6.211338327692949,7.937131414155586,RD6_F3_m6f3_P6_Y36_UO331,RD6_F3_m6f2_P6_Y34_UO712,RD3_F5_m2f9_P2_Y34_UO288,FXX,2,0.0,1,0,1.0,0,0,0,-9999.0,0.5301179885864258,1,P2_CV0,1,0,2,1,1
6,6.211338327692949,7.937131414155586,RD6_F3_m6f2_P6_Y36_UO723,RD6_F9_m2f3_P2_Y34_UO451,RD2_F9_m2f3_P2_Y34_UO454,FXX,2,0.0,1,0,1.0,0,0,0,-9999.0,0.5322914123535156,1,P2_CV0,1,1,1,1,1
6,6.211338327692949,7.937131414155586,RD6_F3_m7f4_P7_Y36_UO481,RD7_F4_m7f3_P7_Y34_UO319,RD4_F8_m4f7_P4_Y34_UO478,FXX,2,0.0,1,0,1.0,0,0,0,-9999.0,0.5318117141723633,1,P2_CV0,1,2,0,1,1
6,6.211338327692949,7.937131414155586,RD6_F9_m6f9_P6_Y36_UO483,RD6_F3_m6f9_P6_Y34_UO639,RD9_F2_m5f2_P5_Y34_UO249,FXX,2,0.0,1,0,1.0,0,0,0,-9999.0,0.5309944152832031,1,P2_CV0,1,1,1,2,0
6,6.211338327692949,7.937131414155586,RD6_F9_m6f3_P6_Y36_UO187,RD6_F2_m9f2_P9_Y34_UO55,RD3_F6_m2f3_P2_Y34_UO123,FXX,2,0.0,1,0,1.0,0,0,0,-9999.0,0.5331697463989258,1,P2_CV0,1,1,1,0,2
6,6.211338327692949,7.937131414155586,RD6_F9_m6f2_P6_Y36_UO454,RD6_F2_m6f9_P6_Y34_UO142,RD2_F6_m3f2_P3_Y34_UO594,FXX,2,0.0,1,0,1.0,0,0,0,-9999.0,0.5309638977050781,1,P2_CV0,1,0,2,2,0
6,6.211338327692949,7.937131414155586,RD6_F9_m6f3_P6_Y36_UO523,RD6_F9_m2f6_P2_Y34_UO657,RD3_F7_m4f8_P4_Y34_UO78,MXY,2,0.0,1,0,0.0,0,0,0,-9999.0,0.5329923629760742,1,P2_CV0,1,1,1,1,1
6,6.211338327692949,7.937131414155586,RD6_F9_m2f3_P2_Y36_UO261,RD2_F5_m1f5_P1_Y34_UO202,RD3_F2_m3f2_P3_Y34_UO100,FXX,2,0.0,1,0,1.0,0,0,0,-9999.0,0.531651496887207,1,P2_CV0,1,0,2,1,1
6,6.211338327692949,7.937131414155586,RD6_F9_m6f9_P6_Y36_UO367,RD6_F2_m6f9_P6_Y34_UO481,RD9_F6_m2f5_P2_Y34_UO507,FXX,2,0.0,1,0,1.0,0,0,0,-9999.0,0.5334157943725586,1,P2_CV0,1,1,1,0,2
6,6.211338327692949,7.937131414155586,RD6_F9_m2f6_P2_Y36_UO393,RD2_F9_m6f9_P6_Y34_UO329,RD6_F2_m3f5_P3_Y34_UO210,MXY,2,0.0,1,0,0.0,0,0,0,-9999.0,0.5330047607421875,1,P2_CV0,1,1,1,1,1
6,6.211338327692949,7.937131414155586,RD6_F9_m6f3_P6_Y36_UO86,RD6_F3_m7f4_P7_Y34_UO49,RD3_F2_m5f1_P5_Y34_UO332,MXY,2,0.0,1,0,0.0,0,0,0,-9999.0,0.5308027267456055,1,P2_CV0,1,0,2,1,1
6,6.211338327692949,7.937131414155586,RD6_F9_m6f2_P6_Y36_UO619,RD6_F2_m6f9_P6_Y34_UO239,RD2_F9_m2f3_P2_Y34_UO454,FXX,2,0.0,1,0,1.0,0,0,0,-9999.0,0.532078742980957,1,P2_CV0,1,1,1,0,2
6,6.211338327692949,7.937131414155586,RD6_F9_m6f9_P6_Y36_UO369,RD6_F2_m6f9_P6_Y34_UO481,RD9_F6_m2f5_P2_Y34_UO507,MXY,2,0.0,1,0,0.0,0,0,0,-9999.0,0.5334157943725586,1,P2_CV0,1,2,0,0,2
6,6.211338327692949,7.937131414155586,RD6_F9_m2f9_P2_Y36_UO663,RD2_F5_m3f2_P3_Y34_UO471,RD9_F6_m3f5_P3_Y34_UO121,FXX,2,0.0,1,0,1.0,0,0,0,-9999.0,0.5309629440307617,1,P2_CV0,1,1,1,1,1
6,6.211338327692949,7.937131414155586,RD6_F9_m6f2_P6_Y36_UO142,RD6_F9_m2f3_P2_Y34_UO242,RD2_F9_m2f3_P2_Y34_UO454,FXX,2,0.0,1,0,1.0,0,0,0,-9999.0,0.532649040222168,1,P2_CV0,1,2,0,1,1
6,6.211338327692949,7.937131414155586,RD6_F9_m6f3_P6_Y36_UO89,RD6_F3_m7f4_P7_Y34_UO49,RD3_F2_m5f1_P5_Y34_UO332,FXX,2,0.0,1,0,1.0,0,0,0,-9999.0,0.5308027267456055,1,P2_CV0,1,0,2,2,0
6,6.211338327692949,7.937131414155586,RD6_F9_m6f9_P6_Y36_UO559,RD6_F2_m6f9_P6_Y34_UO239,RD9_F6_m2f5_P2_Y34_UO507,FXX,2,0.0,1,0,1.0,0,0,0,-9999.0,0.5322275161743164,1,P2_CV0,1,2,0,0,2
6,6.211338327692949,7.937131414155586,RD6_F9_m2f9_P2_Y36_UO473,RD2_F6_m3f6_P3_Y34_UO538,RD9_F6_m2f3_P2_Y34_UO453,MXY,2,0.0,1,0,0.0,0,0,0,-9999.0,0.5325489044189453,1,P2_CV0,1,0,2,2,0
6,6.211338327692949,7.937131414155586,RD6_F3_m9f6_P9_Y35_UO152,RD9_F2_m3f2_P3_Y33_UO131,RD6_F9_m6f3_P6_Y33_UO33,MXY,3,0.0,1,0,0.0,0,0,0,-9999.0,0.5346870422363281,1,P2_CV0,1,1,1,1,1
6,6.211338327692949,7.937131414155586,RD6_F9_m3f2_P3_Y34_UO594,RD3_F2_m5f2_P5_Y32_UO675,RD2_F9_m2f5_P2_Y32_UO629,MXY,4,0.0,1,0,0.0,0,0,0,-9999.0,0.5308170318603516,1,P2_CV0,1,1,1,2,0
6,6.211338327692949,7.937131414155586,RD6_F2_m6f2_P6_Y36_UO63,RD6_F9_m2f3_P2_Y34_UO460,RD2_F6_m3f5_P3_Y34_UO363,MXY,2,0.0,1,0,0.0,0,0,0,-9999.0,0.5317392349243164,1,P3_CV0,1,1,1,2,0
6,6.211338327692949,7.937131414155586,RD6_F2_m6f2_P6_Y36_UO64,RD6_F9_m2f3_P2_Y34_UO460,RD2_F6_m3f5_P3_Y34_UO363,MXY,2,0.0,1,0,0.0,0,0,0,-9999.0,0.5317392349243164,1,P3_CV0,1,2,0,2,0
6,6.211338327692949,7.937131414155586,RD6_F2_m9f6_P9_Y36_UO39,RD9_F2_m5f2_P5_Y34_UO402,RD6_F3_m2f3_P2_Y34_UO458,FXX,2,0.0,1,0,1.0,0,0,0,-9999.0,0.5313215255737305,1,P3_CV0,1,2,0,0,2
6,6.211338327692949,7.937131414155586,RD6_F2_m5f1_P5_Y36_UO643,RD5_F3_m6f9_P6_Y34_UO600,RD1_F5_m2f3_P2_Y34_UO246,MXY,2,0.0,1,0,0.0,0,0,0,-9999.0,0.5321645736694336,1,P3_CV0,1,2,0,0,2
6,6.211338327692949,7.937131414155586,RD6_F3_m2f3_P2_Y36_UO756,RD2_F5_m1f5_P1_Y34_UO202,RD3_F6_m9f2_P9_Y34_UO54,FXX,2,0.0,1,0,1.0,0,0,0,-9999.0,0.5329427719116211,1,P3_CV0,1,1,1,0,2
6,6.211338327692949,7.937131414155586,RD6_F9_m6f2_P6_Y36_UO145,RD6_F9_m2f3_P2_Y34_UO242,RD2_F9_m2f3_P2_Y34_UO454,MXY,2,0.0,1,0,0.0,0,0,0,-9999.0,0.532649040222168,1,P3_CV0,1,2,0,2,0
6,6.211338327692949,7.937131414155586,RD6_F9_m6f2_P6_Y36_UO13,RD6_F3_m6f9_P6_Y34_UO639,RD2_F5_m3f6_P3_Y34_UO71,FXX,2,0.0,1,0,1.0,0,0,0,-9999.0,0.5320959091186523,1,P3_CV0,1,0,2,1,1
6,6.211338327692949,7.937131414155586,RD6_F9_m6f2_P6_Y36_UO62,RD6_F9_m2f3_P2_Y34_UO460,RD2_F6_m3f5_P3_Y34_UO363,FXX,2,0.0,1,0,1.0,0,0,0,-9999.0,0.5317392349243164,1,P3_CV0,1,0,2,2,0
6,6.211338327692949,7.937131414155586,RD6_F2_m2f3_P2_Y37_UO73,RD2_F3_m5f3_P5_Y35_UO190,RD3_F2_m9f6_P9_Y35_UO149,MXY,1,0.0,0,0,0.0,0,0,0,-9999.0,0.5338163375854492,1,P4_CV0,1,1,1,2,0
6,6.211338327692949,7.937131414155586,RD6_F2_m2f3_P2_Y37_UO75,RD2_F3_m5f3_P5_Y35_UO190,RD3_F2_m9f6_P9_Y35_UO149,MXY,1,0.0,0,0,0.0,0,0,0,-9999.0,0.5338163375854492,1,P4_CV0,1,1,1,2,0
6,6.211338327692949,7.937131414155586,RD6_F2_m2f3_P2_Y37_UO78,RD2_F3_m5f3_P5_Y35_UO190,RD3_F2_m9f6_P9_Y35_UO149,MXY,1,0.0,0,0,0.0,0,0,0,-9999.0,0.5338163375854492,1,P4_CV0,1,1,1,1,1
6,6.211338327692949,7.937131414155586,RD6_F2_m2f3_P2_Y37_UO81,RD2_F3_m5f3_P5_Y35_UO190,RD3_F2_m9f6_P9_Y35_UO149,FXX,1,0.0,0,0,0.0,0,0,0,-9999.0,0.5338163375854492,1,P4_CV0,1,1,1,2,0
6,6.211338327692949,7.937131414155586,RD6_F9_m9f6_P9_Y37_UO159,RD9_F2_m9f2_P9_Y35_UO72,RD6_F2_m2f6_P2_Y34_UO550,MXY,1,0.0,0,0,0.0,0,0,0,-9999.0,0.5363130569458008,1,P4_CV0,1,1,1,1,1
6,6.211338327692949,7.937131414155586,RD6_F2_m3f5_P3_Y36_UO52,RD3_F6_m2f6_P2_Y34_UO554,RD5_F1_m5f2_P5_Y32_UO511,FXX,2,0.0,1,0,1.0,0,0,0,-9999.0,0.5331611633300781,1,P4_CV0,1,1,1,2,0
6,6.211338327692949,7.937131414155586,RD6_F3_m5f2_P5_Y36_UO337,RD5_F1_m5f3_P5_Y34_UO179,RD2_F9_m2f6_P2_Y34_UO552,MXY,2,0.0,1,0,0.0,0,0,0,-9999.0,0.5334901809692383,1,P4_CV0,1,1,1,1,1
6,6.211338327692949,7.937131414155586,RD6_F3_m6f3_P6_Y36_UO87,RD6_F3_m7f4_P7_Y34_UO49,RD3_F2_m5f1_P5_Y34_UO332,MXY,2,0.0,1,0,0.0,0,0,0,-9999.0,0.5308027267456055,1,P4_CV0,1,0,2,0,2
6,6.211338327692949,7.937131414155586,RD6_F3_m7f3_P7_Y36_UO734,RD7_F3_m5f2_P5_Y34_UO563,RD3_F7_m3f5_P3_Y34_UO362,MXY,2,0.0,1,0,0.0,0,0,0,-9999.0,0.5326375961303711,1,P4_CV0,1,1,1,1,1
6,6.211338327692949,7.937131414155586,RD6_F9_m2f6_P2_Y34_UO551,RD2_F9_m2f6_P2_Y32_UO347,RD6_F9_m2f5_P2_Y32_UO171,FXX,4,0.0,1,0,1.0,0,0,0,-9999.0,0.5350112915039062,1,P4_CV0,1,0,2,2,0
6,6.211338327692949,7.937131414155586,RD6_F2_m3f6_P3_Y36_UO715,RD3_F6_m9f6_P9_Y34_UO17,RD6_F3_m6f3_P6_Y34_UO190,MXY,2,0.0,1,0,0.0,0,0,0,-9999.0,0.5304079055786133,1,P5_CV0,1,1,1,1,1
6,6.211338327692949,7.937131414155586,RD6_F3_m2f6_P2_Y36_UO439,RD2_F3_m6f2_P6_Y34_UO191,RD6_F3_m6f3_P6_Y34_UO190,FXX,2,0.0,1,0,1.0,0,0,0,-9999.0,0.531306266784668,1,P5_CV0,1,0,2,2,0
6,6.211338327692949,7.937131414155586,RD6_F3_m2f3_P2_Y36_UO521,RD2_F9_m6f9_P6_Y34_UO315,RD3_F6_m2f6_P2_Y34_UO549,FXX,2,0.0,1,0,1.0,0,0,0,-9999.0,0.533747673034668,1,P5_CV0,1,2,0,0,2
6,6.211338327692949,7.937131414155586,RD6_F3_m7f3_P7_Y36_UO565,RD7_F3_m6f2_P6_Y34_UO227,RD3_F6_m9f6_P9_Y34_UO16,FXX,2,0.0,1,0,1.0,0,0,0,-9999.0,0.5314483642578125,1,P5_CV0,1,1,1,1,1
6,6.211338327692949,7.937131414155586,RD6_F9_m6f3_P6_Y36_UO19,RD6_F2_m6f3_P6_Y34_UO77,RD3_F2_m5f2_P5_Y34_UO36,FXX,2,0.0,1,0,1.0,0,0,0,-9999.0,0.5319805145263672,1,P5_CV0,1,0,2,1,1
6,6.211338327692949,7.937131414155586,RD6_F9_m2f6_P2_Y36_UO440,RD2_F3_m6f2_P6_Y34_UO191,RD6_F3_m6f3_P6_Y34_UO190,FXX,2,0.0,1,0,1.0,0,0,0,-9999.0,0.531306266784668,1,P5_CV0,1,0,2,2,0
6,6.211338327692949,7.937131414155586,RD6_F9_m6f3_P6_Y36_UO20,RD6_F2_m6f3_P6_Y34_UO77,RD3_F2_m5f2_P5_Y34_UO36,MXY,2,0.0,1,0,0.0,0,0,0,-9999.0,0.5319805145263672,1,P5_CV0,1,0,2,2,0
6,6.211338327692949,7.937131414155586,RD6_F9_m2f6_P2_Y34_UO546,RD2_F9_m2f6_P2_Y32_UO347,RD6_F9_m2f5_P2_Y32_UO171,FXX,4,0.0,1,0,1.0,0,0,0,-9999.0,0.5350112915039062,1,P5_CV0,1,1,1,2,0
6,6.211338327692949,7.937131414155586,RD6_F9_m9f6_P9_Y37_UO191,RD9_F2_m9f2_P9_Y35_UO72,RD6_F3_m5f3_P5_Y35_UO91,FXX,1,0.0,0,0,0.0,0,0,0,-9999.0,0.5352058410644531,1,P6_CV0,1,1,1,0,2
6,6.211338327692949,7.937131414155586,RD6_F9_m9f6_P9_Y37_UO195,RD9_F2_m9f2_P9_Y35_UO72,RD6_F3_m5f3_P5_Y35_UO91,MXY,1,0.0,0,0,0.0,0,0,0,-9999.0,0.5352058410644531,1,P6_CV0,1,1,1,0,2
6,6.211338327692949,7.937131414155586,RD6_F9_m9f6_P9_Y37_UO196,RD9_F2_m9f2_P9_Y35_UO72,RD6_F3_m5f3_P5_Y35_UO91,FXX,1,0.0,0,0,0.0,0,0,0,-9999.0,0.5352058410644531,1,P6_CV0,1,1,1,0,2
6,6.211338327692949,7.937131414155586,RD6_F9_m9f6_P9_Y37_UO198,RD9_F2_m9f2_P9_Y35_UO72,RD6_F3_m5f3_P5_Y35_UO91,FXX,1,0.0,0,0,0.0,0,0,0,-9999.0,0.5352058410644531,1,P6_CV0,1,0,2,1,1
6,6.211338327692949,7.937131414155586,RD6_F9_m9f6_P9_Y37_UO202,RD9_F2_m9f2_P9_Y35_UO72,RD6_F3_m5f3_P5_Y35_UO91,MXY,1,0.0,0,0,0.0,0,0,0,-9999.0,0.5352058410644531,1,P6_CV0,1,0,2,1,1
6,6.211338327692949,7.937131414155586,RD6_F9_m9f6_P9_Y37_UO208,RD9_F2_m9f2_P9_Y35_UO72,RD6_F3_m5f3_P5_Y35_UO91,FXX,1,0.0,0,0,0.0,0,0,0,-9999.0,0.5352058410644531,1,P6_CV0,1,0,2,1,1
6,6.211338327692949,7.937131414155586,RD6_F3_m6f2_P6_Y36_UO701,RD6_F9_m2f3_P2_Y34_UO242,RD2_F3_m6f2_P6_Y32_UO165,MXY,2,0.0,1,0,0.0,0,0,0,-9999.0,0.5309247970581055,1,P6_CV0,1,1,1,2,0
6,6.211338327692949,7.937131414155586,RD6_F9_m6f2_P6_Y36_UO700,RD6_F9_m2f3_P2_Y34_UO242,RD2_F3_m6f2_P6_Y32_UO165,FXX,2,0.0,1,0,1.0,0,0,0,-9999.0,0.5309247970581055,1,P6_CV0,1,1,1,2,0
6,6.211338327692949,7.937131414155586,RD6_F9_m6f2_P6_Y36_UO699,RD6_F9_m2f3_P2_Y34_UO242,RD2_F3_m6f2_P6_Y32_UO165,FXX,2,0.0,1,0,1.0,0,0,0,-9999.0,0.5309247970581055,1,P6_CV0,1,1,1,2,0
6,6.211338327692949,7.937131414155586,RD6_F9_m5f1_P5_Y35_UO144,RD5_F2_m6f3_P6_Y33_UO30,RD1_F5_m5f2_P5_Y32_UO198,MXY,3,0.0,1,0,0.0,0,0,0,-9999.0,0.5338783264160156,1,P6_CV0,1,1,1,1,1
7,1.3457994534493356,7.703671818986196,RD7_F3_m2f9_P2_Y36_UO588,RD2_F9_m6f9_P6_Y34_UO480,RD9_F2_m5f1_P5_Y34_UO333,FXX,2,0.0,1,0,1.0,0,0,0,-9999.0,0.5324163436889648,1,P1_CV0,1,0,2,1,1
7,1.3457994534493356,7.703671818986196,RD7_F3_m2f5_P2_Y36_UO720,RD2_F6_m9f6_P9_Y34_UO15,RD5_F1_m5f3_P5_Y34_UO321,FXX,2,0.0,1,0,1.0,0,0,0,-9999.0,0.5307044982910156,1,P1_CV0,1,0,2,0,2
7,1.3457994534493356,7.703671818986196,RD7_F3_m5f3_P5_Y36_UO479,RD5_F3_m7f3_P7_Y34_UO175,RD3_F2_m9f2_P9_Y34_UO254,MXY,2,0.0,1,0,0.0,0,0,0,-9999.0,0.5320615768432617,1,P1_CV0,1,1,1,1,1
7,1.3457994534493356,7.703671818986196,RD7_F3_m6f2_P6_Y36_UO176,RD6_F3_m6f2_P6_Y34_UO712,RD2_F3_m7f3_P7_Y34_UO429,FXX,2,0.0,1,0,1.0,0,0,0,-9999.0,0.531315803527832,1,P1_CV0,1,0,2,2,0
7,1.3457994534493356,7.703671818986196,RD7_F3_m6f9_P6_Y36_UO390,RD6_F2_m6f2_P6_Y34_UO710,RD9_F2_m6f9_P6_Y34_UO170,FXX,2,0.0,1,0,1.0,0,0,0,-9999.0,0.5329742431640625,1,P1_CV0,1,0,2,1,1
7,1.3457994534493356,7.703671818986196,RD7_F3_m7f3_P7_Y36_UO31,RD7_F3_m7f4_P7_Y34_UO686,RD3_F2_m9f2_P9_Y34_UO254,FXX,2,0.0,1,0,1.0,0,0,0,-9999.0,0.5325698852539062,1,P1_CV0,1,1,1,2,0
7,1.3457994534493356,7.703671818986196,RD7_F3_m7f3_P7_Y36_UO706,RD7_F4_m8f4_P8_Y34_UO285,RD3_F2_m3f5_P3_Y34_UO5,MXY,2,0.0,1,0,0.0,0,0,0,-9999.0,0.5312652587890625,1,P1_CV0,1,1,1,1,1
7,1.3457994534493356,7.703671818986196,RD7_F4_m8f4_P8_Y36_UO8,RD8_F4_m8f4_P8_Y34_UO44,RD4_F7_m4f8_P4_Y34_UO525,FXX,2,0.0,1,0,1.0,0,0,0,-9999.0,0.5304546356201172,1,P1_CV0,1,0,2,2,0
7,1.3457994534493356,7.703671818986196,RD7_F4_m4f8_P4_Y37_UO34,RD4_F8_m4f7_P4_Y35_UO27,RD8_F4_m3f5_P3_Y34_UO120,MXY,1,0.0,0,0,0.0,0,0,0,-9999.0,0.5330114364624023,1,P2_CV0,1,1,1,2,0
7,1.3457994534493356,7.703671818986196,RD7_F4_m4f8_P4_Y37_UO36,RD4_F8_m4f7_P4_Y35_UO27,RD8_F4_m3f5_P3_Y34_UO120,FXX,1,0.0,0,0,0.0,0,0,0,-9999.0,0.5330114364624023,1,P2_CV0,1,1,1,1,1
7,1.3457994534493356,7.703671818986196,RD7_F4_m4f8_P4_Y37_UO38,RD4_F8_m4f7_P4_Y35_UO27,RD8_F4_m3f5_P3_Y34_UO120,FXX,1,0.0,0,0,0.0,0,0,0,-9999.0,0.5330114364624023,1,P2_CV0,1,1,1,1,1
7,1.3457994534493356,7.703671818986196,RD7_F4_m4f8_P4_Y37_UO39,RD4_F8_m4f7_P4_Y35_UO27,RD8_F4_m3f5_P3_Y34_UO120,MXY,1,0.0,0,0,0.0,0,0,0,-9999.0,0.5330114364624023,1,P2_CV0,1,1,1,0,2
7,1.3457994534493356,7.703671818986196,RD7_F4_m4f7_P4_Y37_UO94,RD4_F8_m4f7_P4_Y35_UO27,RD7_F3_m2f6_P2_Y34_UO655,MXY,1,0.0,0,0,0.0,0,0,0,-9999.0,0.5330066680908203,1,P2_CV0,1,0,2,0,2
7,1.3457994534493356,7.703671818986196,RD7_F4_m4f7_P4_Y37_UO97,RD4_F8_m4f7_P4_Y35_UO27,RD7_F3_m2f6_P2_Y34_UO655,FXX,1,0.0,0,0,0.0,0,0,0,-9999.0,0.5330066680908203,1,P2_CV0,1,0,2,0,2
7,1.3457994534493356,7.703671818986196,RD7_F4_m4f7_P4_Y37_UO101,RD4_F8_m4f7_P4_Y35_UO27,RD7_F3_m2f6_P2_Y34_UO655,FXX,1,0.0,0,0,0.0,0,0,0,-9999.0,0.5330066680908203,1,P2_CV0,1,0,2,1,1
7,1.3457994534493356,7.703671818986196,RD7_F4_m4f7_P4_Y37_UO102,RD4_F8_m4f7_P4_Y35_UO27,RD7_F3_m2f6_P2_Y34_UO655,FXX,1,0.0,0,0,0.0,0,0,0,-9999.0,0.5330066680908203,1,P2_CV0,1,0,2,0,2
7,1.3457994534493356,7.703671818986196,RD7_F4_m4f7_P4_Y37_UO103,RD4_F8_m4f7_P4_Y35_UO27,RD7_F3_m2f6_P2_Y34_UO655,MXY,1,0.0,0,0,0.0,0,0,0,-9999.0,0.5330066680908203,1,P2_CV0,1,0,2,0,2
7,1.3457994534493356,7.703671818986196,RD7_F4_m4f7_P4_Y37_UO104,RD4_F8_m4f7_P4_Y35_UO27,RD7_F3_m2f6_P2_Y34_UO655,MXY,1,0.0,0,0,0.0,0,0,0,-9999.0,0.5330066680908203,1,P2_CV0,1,0,2,0,2
7,1.3457994534493356,7.703671818986196,RD7_F3_m2f9_P2_Y36_UO660,RD2_F5_m3f2_P3_Y34_UO471,RD9_F6_m3f5_P3_Y34_UO121,FXX,2,0.0,1,0,1.0,0,0,0,-9999.0,0.5309629440307617,1,P2_CV0,1,0,2,1,1
7,1.3457994534493356,7.703671818986196,RD7_F3_m2f9_P2_Y36_UO661,RD2_F5_m3f2_P3_Y34_UO471,RD9_F6_m3f5_P3_Y34_UO121,FXX,2,0.0,1,0,1.0,0,0,0,-9999.0,0.5309629440307617,1,P2_CV0,1,0,2,1,1
7,1.3457994534493356,7.703671818986196,RD7_F3_m2f9_P2_Y36_UO662,RD2_F5_m3f2_P3_Y34_UO471,RD9_F6_m3f5_P3_Y34_UO121,FXX,2,0.0,1,0,1.0,0,0,0,-9999.0,0.5309629440307617,1,P2_CV0,1,2,0,1,1
7,1.3457994534493356,7.703671818986196,RD7_F3_m7f3_P7_Y36_UO212,RD7_F4_m8f4_P8_Y34_UO43,RD3_F6_m2f6_P2_Y34_UO655,FXX,2,0.0,1,0,1.0,0,0,0,-9999.0,0.5308017730712891,1,P2_CV0,1,0,2,0,2
7,1.3457994534493356,7.703671818986196,RD7_F3_m7f4_P7_Y36_UO287,RD7_F4_m8f4_P8_Y34_UO445,RD4_F7_m3f6_P3_Y34_UO534,FXX,2,0.0,1,0,1.0,0,0,0,-9999.0,0.5319080352783203,1,P2_CV0,1,0,2,1,1
7,1.3457994534493356,7.703671818986196,RD7_F3_m7f3_P7_Y36_UO495,RD7_F3_m6f2_P6_Y34_UO227,RD3_F6_m4f7_P4_Y32_UO695,FXX,2,0.0,1,0,1.0,0,0,0,-9999.0,0.5322275161743164,1,P2_CV0,1,1,1,1,1
7,1.3457994534493356,7.703671818986196,RD7_F3_m7f3_P7_Y36_UO705,RD7_F4_m8f4_P8_Y34_UO285,RD3_F2_m3f5_P3_Y34_UO5,FXX,2,0.0,1,0,1.0,0,0,0,-9999.0,0.5312652587890625,1,P2_CV0,1,1,1,1,1
7,1.3457994534493356,7.703671818986196,RD7_F4_m8f4_P8_Y36_UO67,RD8_F4_m7f4_P7_Y34_UO10,RD4_F8_m4f7_P4_Y34_UO478,MXY,2,0.0,1,0,0.0,0,0,0,-9999.0,0.5305662155151367,1,P2_CV0,1,1,1,0,2
7,1.3457994534493356,7.703671818986196,RD7_F4_m7f4_P7_Y36_UO480,RD7_F4_m7f3_P7_Y34_UO319,RD4_F8_m4f7_P4_Y34_UO478,FXX,2,0.0,1,0,1.0,0,0,0,-9999.0,0.5318117141723633,1,P2_CV0,1,2,0,1,1
7,1.3457994534493356,7.703671818986196,RD7_F4_m7f4_P7_Y36_UO447,RD7_F3_m5f1_P5_Y34_UO74,RD4_F8_m4f8_P4_Y32_UO634,MXY,2,0.0,1,0,0.0,0,0,0,-9999.0,0.5312070846557617,1,P2_CV0,1,0,2,2,0
7,1.3457994534493356,7.703671818986196,RD7_F4_m7f4_P7_Y36_UO446,RD7_F3_m5f1_P5_Y34_UO74,RD4_F8_m4f8_P4_Y32_UO634,MXY,2,0.0,1,0,0.0,0,0,0,-9999.0,0.5312070846557617,1,P2_CV0,1,0,2,1,1
7,1.3457994534493356,7.703671818986196,RD7_F4_m8f4_P8_Y36_UO448,RD8_F4_m7f4_P7_Y34_UO148,RD4_F8_m4f8_P4_Y34_UO51,MXY,2,0.0,1,0,0.0,0,0,0,-9999.0,0.530604362487793,1,P2_CV0,1,0,2,2,0
7,1.3457994534493356,7.703671818986196,RD7_F4_m8f4_P8_Y36_UO47,RD8_F4_m8f4_P8_Y34_UO394,RD4_F7_m3f5_P3_Y34_UO187,MXY,2,0.0,1,0,0.0,0,0,0,-9999.0,0.5302600860595703,1,P2_CV0,1,2,0,0,2
7,1.3457994534493356,7.703671818986196,RD7_F4_m8f4_P8_Y36_UO508,RD8_F4_m7f3_P7_Y34_UO305,RD4_F7_m3f2_P3_Y34_UO593,FXX,2,0.0,1,0,1.0,0,0,0,-9999.0,0.5313825607299805,1,P2_CV0,1,0,2,1,1
7,1.3457994534493356,7.703671818986196,RD7_F3_m2f3_P2_Y34_UO631,RD2_F3_m7f3_P7_Y32_UO241,RD3_F7_m4f7_P4_Y32_UO695,MXY,4,0.0,1,0,0.0,0,0,0,-9999.0,0.5327548980712891,1,P2_CV0,1,1,1,2,0
7,1.3457994534493356,7.703671818986196,RD7_F4_m3f2_P3_Y33_UO133,RD3_F7_m4f7_P4_Y31_UO226,RD2_F9_m5f3_P5_Y30_UO409,FXX,5,0.0,1,0,1.0,0,0,0,-9999.0,0.5350685119628906,1,P2_CV0,1,0,2,0,2
7,1.3457994534493356,7.703671818986196,RD7_F3_m5f1_P5_Y36_UO232,RD5_F3_m6f9_P6_Y34_UO600,RD1_F5_m3f6_P3_Y34_UO537,MXY,2,0.0,1,0,0.0,0,0,0,-9999.0,0.5320644378662109,1,P3_CV0,1,2,0,1,1
7,1.3457994534493356,7.703671818986196,RD7_F3_m5f2_P5_Y36_UO314,RD5_F3_m6f2_P6_Y34_UO272,RD2_F9_m2f3_P2_Y34_UO454,MXY,2,0.0,1,0,0.0,0,0,0,-9999.0,0.5312719345092773,1,P3_CV0,1,1,1,2,0
7,1.3457994534493356,7.703671818986196,RD7_F3_m5f1_P5_Y36_UO630,RD5_F2_m9f2_P9_Y34_UO611,RD1_F5_m5f3_P5_Y31_UO86,FXX,2,0.0,1,0,1.0,0,0,0,-9999.0,0.5324134826660156,1,P3_CV0,1,0,2,2,0
7,1.3457994534493356,7.703671818986196,RD7_F3_m6f2_P6_Y36_UO2,RD6_F2_m9f2_P9_Y34_UO55,RD2_F3_m6f2_P6_Y32_UO165,FXX,2,0.0,1,0,1.0,0,0,0,-9999.0,0.5305891036987305,1,P3_CV0,1,1,1,1,1
7,1.3457994534493356,7.703671818986196,RD7_F3_m6f9_P6_Y36_UO484,RD6_F3_m6f9_P6_Y34_UO639,RD9_F2_m5f2_P5_Y34_UO249,MXY,2,0.0,1,0,0.0,0,0,0,-9999.0,0.5309944152832031,1,P3_CV0,1,1,1,1,1
7,1.3457994534493356,7.703671818986196,RD7_F3_m6f2_P6_Y36_UO702,RD6_F9_m2f3_P2_Y34_UO242,RD2_F3_m6f2_P6_Y32_UO165,FXX,2,0.0,1,0,1.0,0,0,0,-9999.0,0.5309247970581055,1,P3_CV0,1,1,1,2,0
7,1.3457994534493356,7.703671818986196,RD7_F4_m8f4_P8_Y36_UO509,RD8_F4_m7f3_P7_Y34_UO305,RD4_F7_m3f2_P3_Y34_UO593,MXY,2,0.0,1,0,0.0,0,0,0,-9999.0,0.5313825607299805,1,P3_CV0,1,1,1,1,1
7,1.3457994534493356,7.703671818986196,RD7_F4_m8f4_P8_Y36_UO555,RD8_F4_m7f3_P7_Y34_UO306,RD4_F7_m3f6_P3_Y34_UO567,FXX,2,0.0,1,0,1.0,0,0,0,-9999.0,0.5319337844848633,1,P3_CV0,1,1,1,0,2
7,1.3457994534493356,7.703671818986196,RD7_F3_m6f9_P6_Y34_UO600,RD6_F9_m2f9_P2_Y32_UO318,RD9_F6_m9f2_P9_Y32_UO536,FXX,4,0.0,1,0,1.0,0,0,0,-9999.0,0.5313224792480469,1,P3_CV0,1,1,1,0,2
7,1.3457994534493356,7.703671818986196,RD7_F3_m2f5_P2_Y36_UO115,RD2_F9_m6f2_P6_Y34_UO621,RD5_F1_m5f2_P5_Y34_UO390,MXY,2,0.0,1,0,0.0,0,0,0,-9999.0,0.5315761566162109,1,P4_CV0,1,0,2,1,1
7,1.3457994534493356,7.703671818986196,RD7_F3_m7f3_P7_Y36_UO236,RD7_F4_m8f4_P8_Y34_UO285,RD3_F7_m4f7_P4_Y34_UO364,FXX,2,0.0,1,0,1.0,0,0,0,-9999.0,0.5324497222900391,1,P4_CV0,1,2,0,0,2
7,1.3457994534493356,7.703671818986196,RD7_F3_m7f4_P7_Y36_UO359,RD7_F3_m7f4_P7_Y34_UO686,RD4_F8_m4f7_P4_Y34_UO396,MXY,2,0.0,1,0,0.0,0,0,0,-9999.0,0.5306663513183594,1,P4_CV0,1,0,2,1,1
7,1.3457994534493356,7.703671818986196,RD7_F4_m7f3_P7_Y36_UO677,RD7_F3_m2f6_P2_Y34_UO127,RD3_F6_m4f7_P4_Y32_UO695,MXY,2,0.0,1,0,0.0,0,0,0,-9999.0,0.5325002670288086,1,P4_CV0,1,1,1,1,1
7,1.3457994534493356,7.703671818986196,RD7_F4_m8f4_P8_Y36_UO65,RD8_F4_m7f4_P7_Y34_UO10,RD4_F8_m4f7_P4_Y34_UO478,FXX,2,0.0,1,0,1.0,0,0,0,-9999.0,0.5305662155151367,1,P4_CV0,1,1,1,0,2
7,1.3457994534493356,7.703671818986196,RD7_F4_m8f4_P8_Y36_UO430,RD8_F4_m8f4_P8_Y34_UO464,RD4_F7_m3f6_P3_Y34_UO534,MXY,2,0.0,1,0,0.0,0,0,0,-9999.0,0.5324068069458008,1,P4_CV0,1,2,0,1,1
7,1.3457994534493356,7.703671818986196,RD7_F4_m8f4_P8_Y36_UO684,RD8_F4_m7f3_P7_Y34_UO342,RD4_F8_m4f7_P4_Y34_UO610,MXY,2,0.0,1,0,0.0,0,0,0,-9999.0,0.5322132110595703,1,P4_CV0,1,0,2,2,0
7,1.3457994534493356,7.703671818986196,RD7_F4_m8f4_P8_Y36_UO590,RD8_F4_m7f4_P7_Y34_UO683,RD4_F7_m4f7_P4_Y34_UO52,FXX,2,0.0,1,0,1.0,0,0,0,-9999.0,0.5315475463867188,1,P4_CV0,1,1,1,1,1
7,1.3457994534493356,7.703671818986196,RD7_F4_m8f4_P8_Y36_UO431,RD8_F4_m8f4_P8_Y34_UO464,RD4_F7_m3f6_P3_Y34_UO534,FXX,2,0.0,1,0,1.0,0,0,0,-9999.0,0.5324068069458008,1,P4_CV0,1,2,0,1,1
7,1.3457994534493356,7.703671818986196,RD7_F4_m7f4_P7_Y36_UO358,RD7_F3_m7f4_P7_Y34_UO686,RD4_F8_m4f7_P4_Y34_UO396,MXY,2,0.0,1,0,0.0,0,0,0,-9999.0,0.5306663513183594,1,P4_CV0,1,0,2,2,0
7,1.3457994534493356,7.703671818986196,RD7_F4_m8f4_P8_Y36_UO612,RD8_F4_m7f3_P7_Y34_UO342,RD4_F8_m4f8_P4_Y34_UO50,FXX,2,0.0,1,0,1.0,0,0,0,-9999.0,0.5313282012939453,1,P4_CV0,1,1,1,1,1
7,1.3457994534493356,7.703671818986196,RD7_F4_m8f4_P8_Y36_UO682,RD8_F4_m7f3_P7_Y34_UO342,RD4_F8_m4f7_P4_Y34_UO610,FXX,2,0.0,1,0,1.0,0,0,0,-9999.0,0.5322132110595703,1,P4_CV0,1,1,1,2,0
7,1.3457994534493356,7.703671818986196,RD7_F3_m2f9_P2_Y36_UO242,RD2_F3_m6f9_P6_Y34_UO309,RD9_F6_m9f2_P9_Y34_UO165,FXX,2,0.0,1,0,1.0,0,0,0,-9999.0,0.531468391418457,1,P5_CV0,1,1,1,0,2
7,1.3457994534493356,7.703671818986196,RD7_F3_m2f3_P2_Y36_UO406,RD2_F6_m9f6_P9_Y34_UO15,RD3_F6_m2f5_P2_Y34_UO23,MXY,2,0.0,1,0,0.0,0,0,0,-9999.0,0.5301456451416016,1,P5_CV0,1,0,2,1,1
7,1.3457994534493356,7.703671818986196,RD7_F3_m7f3_P7_Y36_UO137,RD7_F3_m2f6_P2_Y34_UO127,RD3_F6_m2f6_P2_Y34_UO549,MXY,2,0.0,1,0,0.0,0,0,0,-9999.0,0.5338678359985352,1,P5_CV0,1,2,0,1,1
7,1.3457994534493356,7.703671818986196,RD7_F4_m8f4_P8_Y36_UO305,RD8_F4_m7f4_P7_Y34_UO10,RD4_F8_m4f7_P4_Y34_UO396,MXY,2,0.0,1,0,0.0,0,0,0,-9999.0,0.5300207138061523,1,P5_CV0,1,1,1,1,1
7,1.3457994534493356,7.703671818986196,RD7_F4_m8f4_P8_Y36_UO304,RD8_F4_m7f4_P7_Y34_UO10,RD4_F8_m4f7_P4_Y34_UO396,FXX,2,0.0,1,0,1.0,0,0,0,-9999.0,0.5300207138061523,1,P5_CV0,1,0,2,0,2
8,1.8443986564691528,11.780027217250101,RD8_F4_m8f4_P8_Y36_UO9,RD8_F4_m8f4_P8_Y34_UO44,RD4_F7_m4f8_P4_Y34_UO525,MXY,2,0.0,1,0,0.0,0,0,0,-9999.0,0.5304546356201172,1,P1_CV0,1,1,1,2,0
8,1.8443986564691528,11.780027217250101,RD8_F4_m8f4_P8_Y36_UO5,RD8_F4_m8f4_P8_Y34_UO44,RD4_F7_m4f8_P4_Y34_UO525,MXY,2,0.0,1,0,0.0,0,0,0,-9999.0,0.5304546356201172,1,P1_CV0,1,1,1,1,1
8,1.8443986564691528,11.780027217250101,RD8_F4_m8f4_P8_Y36_UO4,RD8_F4_m8f4_P8_Y34_UO44,RD4_F7_m4f8_P4_Y34_UO525,FXX,2,0.0,1,0,1.0,0,0,0,-9999.0,0.5304546356201172,1,P1_CV0,1,2,0,2,0
8,1.8443986564691528,11.780027217250101,RD8_F4_m7f3_P7_Y36_UO35,RD7_F3_m7f4_P7_Y34_UO686,RD3_F2_m9f2_P9_Y34_UO254,FXX,2,0.0,1,0,1.0,0,0,0,-9999.0,0.5325698852539062,1,P1_CV0,1,0,2,2,0
8,1.8443986564691528,11.780027217250101,RD8_F4_m4f8_P4_Y37_UO30,RD4_F8_m4f7_P4_Y35_UO27,RD8_F4_m3f5_P3_Y34_UO120,FXX,1,0.0,0,0,0.0,0,0,0,-9999.0,0.5330114364624023,1,P2_CV0,1,1,1,1,1
8,1.8443986564691528,11.780027217250101,RD8_F4_m4f8_P4_Y37_UO32,RD4_F8_m4f7_P4_Y35_UO27,RD8_F4_m3f5_P3_Y34_UO120,FXX,1,0.0,0,0,0.0,0,0,0,-9999.0,0.5330114364624023,1,P2_CV0,1,1,1,1,1
8,1.8443986564691528,11.780027217250101,RD8_F4_m4f8_P4_Y37_UO33,RD4_F8_m4f7_P4_Y35_UO27,RD8_F4_m3f5_P3_Y34_UO120,MXY,1,0.0,0,0,0.0,0,0,0,-9999.0,0.5330114364624023,1,P2_CV0,1,1,1,0,2
8,1.8443986564691528,11.780027217250101,RD8_F4_m4f8_P4_Y37_UO35,RD4_F8_m4f7_P4_Y35_UO27,RD8_F4_m3f5_P3_Y34_UO120,MXY,1,0.0,0,0,0.0,0,0,0,-9999.0,0.5330114364624023,1,P2_CV0,1,1,1,0,2
8,1.8443986564691528,11.780027217250101,RD8_F4_m4f8_P4_Y37_UO40,RD4_F8_m4f7_P4_Y35_UO27,RD8_F4_m3f5_P3_Y34_UO120,MXY,1,0.0,0,0,0.0,0,0,0,-9999.0,0.5330114364624023,1,P2_CV0,1,1,1,1,1
8,1.8443986564691528,11.780027217250101,RD8_F4_m4f8_P4_Y37_UO41,RD4_F8_m4f7_P4_Y35_UO27,RD8_F4_m3f5_P3_Y34_UO120,MXY,1,0.0,0,0,0.0,0,0,0,-9999.0,0.5330114364624023,1,P2_CV0,1,1,1,1,1
8,1.8443986564691528,11.780027217250101,RD8_F4_m4f7_P4_Y37_UO93,RD4_F8_m4f7_P4_Y35_UO27,RD7_F3_m2f6_P2_Y34_UO655,MXY,1,0.0,0,0,0.0,0,0,0,-9999.0,0.5330066680908203,1,P2_CV0,1,0,2,0,2
8,1.8443986564691528,11.780027217250101,RD8_F4_m4f7_P4_Y37_UO95,RD4_F8_m4f7_P4_Y35_UO27,RD7_F3_m2f6_P2_Y34_UO655,FXX,1,0.0,0,0,0.0,0,0,0,-9999.0,0.5330066680908203,1,P2_CV0,1,0,2,0,2
8,1.8443986564691528,11.780027217250101,RD8_F4_m4f7_P4_Y37_UO96,RD4_F8_m4f7_P4_Y35_UO27,RD7_F3_m2f6_P2_Y34_UO655,FXX,1,0.0,0,0,0.0,0,0,0,-9999.0,0.5330066680908203,1,P2_CV0,1,0,2,1,1
8,1.8443986564691528,11.780027217250101,RD8_F4_m4f7_P4_Y37_UO98,RD4_F8_m4f7_P4_Y35_UO27,RD7_F3_m2f6_P2_Y34_UO655,FXX,1,0.0,0,0,0.0,0,0,0,-9999.0,0.5330066680908203,1,P2_CV0,1,0,2,0,2
8,1.8443986564691528,11.780027217250101,RD8_F4_m4f7_P4_Y37_UO99,RD4_F8_m4f7_P4_Y35_UO27,RD7_F3_m2f6_P2_Y34_UO655,MXY,1,0.0,0,0,0.0,0,0,0,-9999.0,0.5330066680908203,1,P2_CV0,1,0,2,1,1
8,1.8443986564691528,11.780027217250101,RD8_F4_m4f7_P4_Y37_UO100,RD4_F8_m4f7_P4_Y35_UO27,RD7_F3_m2f6_P2_Y34_UO655,FXX,1,0.0,0,0,0.0,0,0,0,-9999.0,0.5330066680908203,1,P2_CV0,1,0,2,0,2
8,1.8443986564691528,11.780027217250101,RD8_F4_m4f7_P4_Y37_UO105,RD4_F8_m4f7_P4_Y35_UO27,RD7_F3_m2f6_P2_Y34_UO655,FXX,1,0.0,0,0,0.0,0,0,0,-9999.0,0.5330066680908203,1,P2_CV0,1,0,2,1,1
8,1.8443986564691528,11.780027217250101,RD8_F4_m4f7_P4_Y37_UO106,RD4_F8_m4f7_P4_Y35_UO27,RD7_F3_m2f6_P2_Y34_UO655,FXX,1,0.0,0,0,0.0,0,0,0,-9999.0,0.5330066680908203,1,P2_CV0,1,0,2,0,2
8,1.8443986564691528,11.780027217250101,RD8_F4_m4f7_P4_Y37_UO107,RD4_F8_m4f7_P4_Y35_UO27,RD7_F3_m2f6_P2_Y34_UO655,MXY,1,0.0,0,0,0.0,0,0,0,-9999.0,0.5330066680908203,1,P2_CV0,1,0,2,0,2
8,1.8443986564691528,11.780027217250101,RD8_F4_m4f7_P4_Y37_UO108,RD4_F8_m4f7_P4_Y35_UO27,RD7_F3_m2f6_P2_Y34_UO655,FXX,1,0.0,0,0,0.0,0,0,0,-9999.0,0.5330066680908203,1,P2_CV0,1,0,2,0,2
8,1.8443986564691528,11.780027217250101,RD8_F4_m4f7_P4_Y37_UO109,RD4_F8_m4f7_P4_Y35_UO27,RD7_F3_m2f6_P2_Y34_UO655,MXY,1,0.0,0,0,0.0,0,0,0,-9999.0,0.5330066680908203,1,P2_CV0,1,0,2,1,1
8,1.8443986564691528,11.780027217250101,RD8_F4_m8f4_P8_Y36_UO505,RD8_F4_m7f3_P7_Y34_UO305,RD4_F7_m3f2_P3_Y34_UO593,MXY,2,0.0,1,0,0.0,0,0,0,-9999.0,0.5313825607299805,1,P2_CV0,1,0,2,2,0
8,1.8443986564691528,11.780027217250101,RD8_F4_m8f4_P8_Y36_UO69,RD8_F4_m7f4_P7_Y34_UO10,RD4_F8_m4f7_P4_Y34_UO478,MXY,2,0.0,1,0,0.0,0,0,0,-9999.0,0.5305662155151367,1,P2_CV0,1,1,1,0,2
8,1.8443986564691528,11.780027217250101,RD8_F4_m8f4_P8_Y36_UO553,RD8_F4_m7f3_P7_Y34_UO306,RD4_F7_m3f6_P3_Y34_UO567,FXX,2,0.0,1,0,1.0,0,0,0,-9999.0,0.5319337844848633,1,P2_CV0,1,2,0,0,2
8,1.8443986564691528,11.780027217250101,RD8_F4_m8f4_P8_Y36_UO46,RD8_F4_m8f4_P8_Y34_UO394,RD4_F7_m3f5_P3_Y34_UO187,FXX,2,0.0,1,0,1.0,0,0,0,-9999.0,0.5302600860595703,1,P2_CV0,1,2,0,1,1
8,1.8443986564691528,11.780027217250101,RD8_F4_m7f4_P7_Y36_UO285,RD7_F4_m8f4_P8_Y34_UO445,RD4_F7_m3f6_P3_Y34_UO534,MXY,2,0.0,1,0,0.0,0,0,0,-9999.0,0.5319080352783203,1,P2_CV0,1,0,2,2,0
8,1.8443986564691528,11.780027217250101,RD8_F4_m4f7_P4_Y35_UO27,RD4_F7_m3f5_P3_Y33_UO81,RD7_F4_m3f7_P3_Y32_UO449,FXX,3,0.0,1,0,1.0,0,0,0,-9999.0,0.53515625,1,P2_CV0,1,0,2,1,1
8,1.8443986564691528,11.780027217250101,RD8_F4_m8f4_P8_Y36_UO554,RD8_F4_m7f3_P7_Y34_UO306,RD4_F7_m3f6_P3_Y34_UO567,FXX,2,0.0,1,0,1.0,0,0,0,-9999.0,0.5319337844848633,1,P3_CV0,1,2,0,1,1
8,1.8443986564691528,11.780027217250101,RD8_F4_m7f4_P7_Y36_UO28,RD7_F3_m7f3_P7_Y34_UO316,RD4_F8_m4f8_P4_Y34_UO34,MXY,2,0.0,1,0,0.0,0,0,0,-9999.0,0.5303869247436523,1,P4_CV0,1,1,1,1,1
8,1.8443986564691528,11.780027217250101,RD8_F4_m7f4_P7_Y36_UO286,RD7_F4_m8f4_P8_Y34_UO445,RD4_F7_m3f6_P3_Y34_UO534,MXY,2,0.0,1,0,0.0,0,0,0,-9999.0,0.5319080352783203,1,P4_CV0,1,0,2,1,1
8,1.8443986564691528,11.780027217250101,RD8_F4_m8f4_P8_Y36_UO347,RD8_F4_m7f4_P7_Y34_UO8,RD4_F7_m4f7_P4_Y34_UO380,MXY,2,0.0,1,0,0.0,0,0,0,-9999.0,0.5307331085205078,1,P4_CV0,1,1,1,0,2
8,1.8443986564691528,11.780027217250101,RD8_F4_m8f4_P8_Y36_UO593,RD8_F4_m7f4_P7_Y34_UO683,RD4_F7_m4f7_P4_Y34_UO52,FXX,2,0.0,1,0,1.0,0,0,0,-9999.0,0.5315475463867188,1,P4_CV0,1,0,2,0,2
8,1.8443986564691528,11.780027217250101,RD8_F4_m8f4_P8_Y36_UO70,RD8_F4_m7f4_P7_Y34_UO10,RD4_F8_m4f7_P4_Y34_UO478,FXX,2,0.0,1,0,1.0,0,0,0,-9999.0,0.5305662155151367,1,P4_CV0,1,1,1,0,2
8,1.8443986564691528,11.780027217250101,RD8_F4_m7f3_P7_Y36_UO309,RD7_F3_m7f4_P7_Y34_UO708,RD3_F7_m4f7_P4_Y34_UO632,FXX,2,0.0,1,0,1.0,0,0,0,-9999.0,0.5318813323974609,1,P4_CV0,1,0,2,2,0
8,1.8443986564691528,11.780027217250101,RD8_F4_m8f4_P8_Y36_UO686,RD8_F4_m7f3_P7_Y34_UO342,RD4_F8_m4f7_P4_Y34_UO610,MXY,2,0.0,1,0,0.0,0,0,0,-9999.0,0.5322132110595703,1,P4_CV0,1,0,2,1,1
8,1.8443986564691528,11.780027217250101,RD8_F4_m8f4_P8_Y36_UO680,RD8_F4_m7f3_P7_Y34_UO342,RD4_F8_m4f7_P4_Y34_UO610,FXX,2,0.0,1,0,1.0,0,0,0,-9999.0,0.5322132110595703,1,P4_CV0,1,1,1,2,0
8,1.8443986564691528,11.780027217250101,RD8_F4_m7f3_P7_Y36_UO693,RD7_F3_m5f2_P5_Y34_UO563,RD3_F7_m4f7_P4_Y34_UO632,MXY,2,0.0,1,0,0.0,0,0,0,-9999.0,0.5330266952514648,1,P4_CV0,1,0,2,2,0
8,1.8443986564691528,11.780027217250101,RD8_F4_m7f3_P7_Y36_UO34,RD7_F3_m7f4_P7_Y34_UO686,RD3_F2_m9f2_P9_Y34_UO254,FXX,2,0.0,1,0,1.0,0,0,0,-9999.0,0.5325698852539062,1,P4_CV0,1,0,2,2,0
8,1.8443986564691528,11.780027217250101,RD8_F4_m8f4_P8_Y36_UO426,RD8_F4_m8f4_P8_Y34_UO464,RD4_F7_m3f6_P3_Y34_UO534,MXY,2,0.0,1,0,0.0,0,0,0,-9999.0,0.5324068069458008,1,P4_CV0,1,2,0,0,2
8,1.8443986564691528,11.780027217250101,RD8_F4_m8f4_P8_Y36_UO611,RD8_F4_m7f3_P7_Y34_UO342,RD4_F8_m4f8_P4_Y34_UO50,FXX,2,0.0,1,0,1.0,0,0,0,-9999.0,0.5313282012939453,1,P4_CV0,1,2,0,0,2
8,1.8443986564691528,11.780027217250101,RD8_F4_m8f4_P8_Y36_UO610,RD8_F4_m7f3_P7_Y34_UO342,RD4_F8_m4f8_P4_Y34_UO50,MXY,2,0.0,1,0,0.0,0,0,0,-9999.0,0.5313282012939453,1,P4_CV0,1,1,1,0,2
8,1.8443986564691528,11.780027217250101,RD8_F4_m7f4_P7_Y36_UO475,RD7_F3_m2f5_P2_Y34_UO20,RD4_F7_m4f7_P4_Y34_UO53,MXY,2,0.0,1,0,0.0,0,0,0,-9999.0,0.5306558609008789,1,P4_CV0,1,0,2,2,0
8,1.8443986564691528,11.780027217250101,RD8_F4_m8f4_P8_Y36_UO427,RD8_F4_m8f4_P8_Y34_UO464,RD4_F7_m3f6_P3_Y34_UO534,MXY,2,0.0,1,0,0.0,0,0,0,-9999.0,0.5324068069458008,1,P4_CV0,1,1,1,1,1
8,1.8443986564691528,11.780027217250101,RD8_F4_m7f3_P7_Y36_UO735,RD7_F3_m5f2_P5_Y34_UO563,RD3_F7_m3f5_P3_Y34_UO362,FXX,2,0.0,1,0,1.0,0,0,0,-9999.0,0.5326375961303711,1,P4_CV0,1,0,2,1,1
8,1.8443986564691528,11.780027217250101,RD8_F4_m7f3_P7_Y36_UO733,RD7_F3_m5f2_P5_Y34_UO563,RD3_F7_m3f5_P3_Y34_UO362,MXY,2,0.0,1,0,0.0,0,0,0,-9999.0,0.5326375961303711,1,P4_CV0,1,0,2,1,1
8,1.8443986564691528,11.780027217250101,RD8_F4_m8f4_P8_Y36_UO591,RD8_F4_m7f4_P7_Y34_UO683,RD4_F7_m4f7_P4_Y34_UO52,FXX,2,0.0,1,0,1.0,0,0,0,-9999.0,0.5315475463867188,1,P4_CV0,1,1,1,0,2
8,1.8443986564691528,11.780027217250101,RD8_F4_m8f4_P8_Y36_UO595,RD8_F4_m7f4_P7_Y34_UO683,RD4_F7_m4f7_P4_Y34_UO52,MXY,2,0.0,1,0,0.0,0,0,0,-9999.0,0.5315475463867188,1,P4_CV0,1,1,1,0,2
8,1.8443986564691528,11.780027217250101,RD8_F4_m7f4_P7_Y36_UO112,RD7_F3_m7f4_P7_Y34_UO686,RD4_F8_m4f8_P4_Y34_UO213,FXX,2,0.0,1,0,1.0,0,0,0,-9999.0,0.5316133499145508,1,P4_CV0,1,0,2,1,1
8,1.8443986564691528,11.780027217250101,RD8_F4_m8f4_P8_Y36_UO608,RD8_F4_m7f3_P7_Y34_UO342,RD4_F8_m4f8_P4_Y34_UO50,MXY,2,0.0,1,0,0.0,0,0,0,-9999.0,0.5313282012939453,1,P4_CV0,1,0,2,1,1
8,1.8443986564691528,11.780027217250101,RD8_F4_m7f4_P7_Y36_UO571,RD7_F3_m7f4_P7_Y34_UO686,RD4_F7_m4f8_P4_Y34_UO492,MXY,2,0.0,1,0,0.0,0,0,0,-9999.0,0.5305881500244141,1,P4_CV0,1,0,2,1,1
8,1.8443986564691528,11.780027217250101,RD8_F4_m8f4_P8_Y36_UO429,RD8_F4_m8f4_P8_Y34_UO464,RD4_F7_m3f6_P3_Y34_UO534,MXY,2,0.0,1,0,0.0,0,0,0,-9999.0,0.5324068069458008,1,P4_CV0,1,2,0,1,1
8,1.8443986564691528,11.780027217250101,RD8_F4_m7f3_P7_Y36_UO311,RD7_F3_m7f4_P7_Y34_UO708,RD3_F7_m4f7_P4_Y34_UO632,MXY,2,0.0,1,0,0.0,0,0,0,-9999.0,0.5318813323974609,1,P4_CV0,1,0,2,2,0
8,1.8443986564691528,11.780027217250101,RD8_F4_m8f4_P8_Y36_UO341,RD8_F4_m7f4_P7_Y34_UO8,RD4_F7_m4f7_P4_Y34_UO380,FXX,2,0.0,1,0,1.0,0,0,0,-9999.0,0.5307331085205078,1,P4_CV0,1,1,1,0,2
8,1.8443986564691528,11.780027217250101,RD8_F4_m8f4_P8_Y36_UO25,RD8_F4_m8f4_P8_Y34_UO464,RD4_F8_m4f8_P4_Y34_UO34,FXX,2,0.0,1,0,1.0,0,0,0,-9999.0,0.5301122665405273,1,P4_CV0,1,1,1,0,2
8,1.8443986564691528,11.780027217250101,RD8_F4_m7f3_P7_Y36_UO32,RD7_F3_m7f4_P7_Y34_UO686,RD3_F2_m9f2_P9_Y34_UO254,FXX,2,0.0,1,0,1.0,0,0,0,-9999.0,0.5325698852539062,1,P4_CV0,1,0,2,2,0
8,1.8443986564691528,11.780027217250101,RD8_F4_m7f3_P7_Y36_UO732,RD7_F3_m5f2_P5_Y34_UO563,RD3_F7_m3f5_P3_Y34_UO362,FXX,2,0.0,1,0,1.0,0,0,0,-9999.0,0.5326375961303711,1,P4_CV0,1,0,2,1,1
8,1.8443986564691528,11.780027217250101,RD8_F4_m8f4_P8_Y36_UO594,RD8_F4_m7f4_P7_Y34_UO683,RD4_F7_m4f7_P4_Y34_UO52,FXX,2,0.0,1,0,1.0,0,0,0,-9999.0,0.5315475463867188,1,P4_CV0,1,0,2,0,2
8,1.8443986564691528,11.780027217250101,RD8_F4_m4f7_P4_Y35_UO136,RD4_F7_m3f2_P3_Y33_UO133,RD7_F4_m3f7_P3_Y32_UO449,FXX,3,0.0,1,0,1.0,0,0,0,-9999.0,0.5331993103027344,1,P4_CV0,1,0,2,0,2
8,1.8443986564691528,11.780027217250101,RD8_F4_m8f4_P8_Y34_UO465,RD8_F4_m7f3_P7_Y32_UO245,RD4_F8_m4f8_P4_Y32_UO448,MXY,4,0.0,1,0,0.0,0,0,0,-9999.0,0.5320072174072266,1,P4_CV0,1,2,0,0,2
8,1.8443986564691528,11.780027217250101,RD8_F4_m7f3_P7_Y36_UO140,RD7_F3_m2f6_P2_Y34_UO127,RD3_F6_m2f6_P2_Y34_UO549,FXX,2,0.0,1,0,1.0,0,0,0,-9999.0,0.5338678359985352,1,P5_CV0,1,0,2,1,1
8,1.8443986564691528,11.780027217250101,RD8_F4_m7f4_P7_Y36_UO109,RD7_F3_m7f4_P7_Y34_UO686,RD4_F8_m4f8_P4_Y34_UO213,MXY,2,0.0,1,0,0.0,0,0,0,-9999.0,0.5316133499145508,1,P8_CV0,1,0,2,1,1
9,8.539752926394888,7.413552560728917,RD9_F2_m5f2_P5_Y36_UO423,RD5_F1_m5f3_P5_Y34_UO177,RD2_F6_m9f2_P9_Y34_UO208,FXX,2,0.0,1,0,1.0,0,0,0,-9999.0,0.5316810607910156,1,P0_CV0,1,0,2,0,2
9,8.539752926394888,7.413552560728917,RD9_F2_m9f2_P9_Y36_UO457,RD9_F6_m3f6_P3_Y34_UO356,RD2_F6_m9f2_P9_Y34_UO207,FXX,2,0.0,1,0,1.0,0,0,0,-9999.0,0.5316972732543945,1,P0_CV0,1,0,2,0,2
9,8.539752926394888,7.413552560728917,RD9_F6_m9f2_P9_Y36_UO462,RD9_F6_m3f6_P3_Y34_UO356,RD2_F6_m9f2_P9_Y34_UO207,MXY,2,0.0,1,0,0.0,0,0,0,-9999.0,0.5316972732543945,1,P0_CV0,1,0,2,1,1
9,8.539752926394888,7.413552560728917,RD9_F2_m6f2_P6_Y36_UO177,RD6_F3_m6f2_P6_Y34_UO712,RD2_F3_m7f3_P7_Y34_UO429,FXX,2,0.0,1,0,1.0,0,0,0,-9999.0,0.531315803527832,1,P1_CV0,1,0,2,2,0
9,8.539752926394888,7.413552560728917,RD9_F2_m9f6_P9_Y36_UO476,RD9_F2_m9f2_P9_Y34_UO542,RD6_F9_m6f9_P6_Y34_UO666,FXX,2,0.0,1,0,1.0,0,0,0,-9999.0,0.5320262908935547,1,P1_CV0,1,1,1,1,1
9,8.539752926394888,7.413552560728917,RD9_F2_m6f3_P6_Y36_UO272,RD6_F9_m6f9_P6_Y34_UO143,RD3_F2_m5f1_P5_Y34_UO487,FXX,2,0.0,1,0,1.0,0,0,0,-9999.0,0.5321826934814453,1,P1_CV0,1,0,2,0,2
9,8.539752926394888,7.413552560728917,RD9_F2_m3f7_P3_Y36_UO267,RD3_F2_m9f2_P9_Y34_UO545,RD7_F4_m8f4_P8_Y34_UO698,FXX,2,0.0,1,0,1.0,0,0,0,-9999.0,0.5319070816040039,1,P1_CV0,1,1,1,0,2
9,8.539752926394888,7.413552560728917,RD9_F2_m5f1_P5_Y36_UO255,RD5_F3_m2f6_P2_Y34_UO553,RD1_F5_m3f7_P3_Y34_UO700,MXY,2,0.0,1,0,0.0,0,0,0,-9999.0,0.5331935882568359,1,P1_CV0,1,0,2,1,1
9,8.539752926394888,7.413552560728917,RD9_F2_m6f9_P6_Y36_UO391,RD6_F2_m6f2_P6_Y34_UO710,RD9_F2_m6f9_P6_Y34_UO170,FXX,2,0.0,1,0,1.0,0,0,0,-9999.0,0.5329742431640625,1,P1_CV0,1,0,2,1,1
9,8.539752926394888,7.413552560728917,RD9_F6_m2f3_P2_Y36_UO408,RD2_F6_m9f6_P9_Y34_UO15,RD3_F6_m2f5_P2_Y34_UO23,FXX,2,0.0,1,0,1.0,0,0,0,-9999.0,0.5301456451416016,1,P1_CV0,1,1,1,1,1
9,8.539752926394888,7.413552560728917,RD9_F6_m9f6_P9_Y36_UO750,RD9_F2_m9f2_P9_Y34_UO542,RD6_F2_m9f2_P9_Y34_UO355,FXX,2,0.0,1,0,1.0,0,0,0,-9999.0,0.5317802429199219,1,P1_CV0,1,0,2,0,2
9,8.539752926394888,7.413552560728917,RD9_F6_m3f5_P3_Y36_UO77,RD3_F7_m4f7_P4_Y34_UO379,RD5_F1_m5f3_P5_Y34_UO92,FXX,2,0.0,1,0,1.0,0,0,0,-9999.0,0.5319910049438477,1,P1_CV0,1,1,1,1,1
9,8.539752926394888,7.413552560728917,RD9_F6_m9f6_P9_Y36_UO604,RD9_F6_m2f6_P2_Y34_UO130,RD6_F9_m2f3_P2_Y34_UO126,FXX,2,0.0,1,0,1.0,0,0,0,-9999.0,0.5333642959594727,1,P1_CV0,1,1,1,2,0
9,8.539752926394888,7.413552560728917,RD9_F6_m7f4_P7_Y35_UO110,RD7_F3_m5f1_P5_Y33_UO53,RD4_F8_m4f7_P4_Y31_UO60,MXY,3,0.0,1,0,0.0,0,0,0,-9999.0,0.5342311859130859,1,P1_CV0,1,0,2,1,1
9,8.539752926394888,7.413552560728917,RD9_F2_m2f3_P2_Y37_UO82,RD2_F3_m5f3_P5_Y35_UO190,RD3_F2_m9f6_P9_Y35_UO149,MXY,1,0.0,0,0,0.0,0,0,0,-9999.0,0.5338163375854492,1,P2_CV0,1,1,1,1,1
9,8.539752926394888,7.413552560728917,RD9_F2_m5f1_P5_Y36_UO362,RD5_F2_m9f2_P9_Y34_UO408,RD1_F5_m1f5_P1_Y34_UO647,FXX,2,0.0,1,0,1.0,0,0,0,-9999.0,0.5314254760742188,1,P2_CV0,1,0,2,1,1
9,8.539752926394888,7.413552560728917,RD9_F2_m9f2_P9_Y36_UO628,RD9_F6_m9f6_P9_Y34_UO336,RD2_F6_m3f2_P3_Y34_UO594,FXX,2,0.0,1,0,1.0,0,0,0,-9999.0,0.532505989074707,1,P2_CV0,1,1,1,2,0
9,8.539752926394888,7.413552560728917,RD9_F2_m6f2_P6_Y36_UO725,RD6_F9_m2f3_P2_Y34_UO451,RD2_F9_m2f3_P2_Y34_UO454,MXY,2,0.0,1,0,0.0,0,0,0,-9999.0,0.5322914123535156,1,P2_CV0,1,0,2,2,0
9,8.539752926394888,7.413552560728917,RD9_F2_m9f2_P9_Y36_UO43,RD9_F6_m3f7_P3_Y34_UO359,RD2_F5_m1f5_P1_Y34_UO201,FXX,2,0.0,1,0,1.0,0,0,0,-9999.0,0.5316839218139648,1,P2_CV0,1,0,2,1,1
9,8.539752926394888,7.413552560728917,RD9_F2_m6f3_P6_Y36_UO436,RD6_F9_m2f6_P2_Y34_UO657,RD3_F7_m4f8_P4_Y34_UO78,FXX,2,0.0,1,0,1.0,0,0,0,-9999.0,0.5329923629760742,1,P2_CV0,1,1,1,2,0
9,8.539752926394888,7.413552560728917,RD9_F2_m5f2_P5_Y36_UO172,RD5_F1_m5f3_P5_Y34_UO664,RD2_F3_m7f4_P7_Y34_UO661,MXY,2,0.0,1,0,0.0,0,0,0,-9999.0,0.5315704345703125,1,P2_CV0,1,1,1,0,2
9,8.539752926394888,7.413552560728917,RD9_F2_m9f2_P9_Y36_UO85,RD9_F2_m6f2_P6_Y34_UO425,RD2_F6_m9f2_P9_Y34_UO29,FXX,2,0.0,1,0,1.0,0,0,0,-9999.0,0.5307245254516602,1,P2_CV0,1,0,2,1,1
9,8.539752926394888,7.413552560728917,RD9_F2_m9f6_P9_Y36_UO273,RD9_F6_m3f5_P3_Y34_UO212,RD6_F9_m2f3_P2_Y34_UO631,MXY,2,0.0,1,0,0.0,0,0,0,-9999.0,0.5328960418701172,1,P2_CV0,1,1,1,1,1
9,8.539752926394888,7.413552560728917,RD9_F2_m3f6_P3_Y36_UO666,RD3_F7_m3f5_P3_Y34_UO185,RD6_F2_m9f6_P9_Y34_UO587,FXX,2,0.0,1,0,1.0,0,0,0,-9999.0,0.5309600830078125,1,P2_CV0,1,1,1,1,1
9,8.539752926394888,7.413552560728917,RD9_F6_m3f7_P3_Y36_UO386,RD3_F6_m9f6_P9_Y34_UO17,RD7_F3_m5f3_P5_Y34_UO366,MXY,2,0.0,1,0,0.0,0,0,0,-9999.0,0.5311737060546875,1,P2_CV0,1,0,2,2,0
9,8.539752926394888,7.413552560728917,RD9_F6_m2f5_P2_Y36_UO107,RD2_F5_m1f5_P1_Y34_UO202,RD5_F3_m2f6_P2_Y34_UO204,FXX,2,0.0,1,0,1.0,0,0,0,-9999.0,0.5319423675537109,1,P2_CV0,1,0,2,1,1
9,8.539752926394888,7.413552560728917,RD9_F6_m9f2_P9_Y36_UO155,RD9_F2_m9f2_P9_Y34_UO25,RD2_F9_m6f2_P6_Y34_UO718,FXX,2,0.0,1,0,1.0,0,0,0,-9999.0,0.5309581756591797,1,P2_CV0,1,2,0,1,1
9,8.539752926394888,7.413552560728917,RD9_F6_m3f7_P3_Y36_UO748,RD3_F6_m2f3_P2_Y34_UO243,RD7_F3_m6f2_P6_Y34_UO225,FXX,2,0.0,1,0,1.0,0,0,0,-9999.0,0.5320205688476562,1,P2_CV0,1,1,1,1,1
9,8.539752926394888,7.413552560728917,RD9_F6_m2f9_P2_Y36_UO158,RD2_F3_m5f1_P5_Y34_UO75,RD9_F6_m1f5_P1_Y32_UO143,MXY,2,0.0,1,0,0.0,0,0,0,-9999.0,0.5291414260864258,1,P2_CV0,1,0,2,1,1
9,8.539752926394888,7.413552560728917,RD9_F6_m9f2_P9_Y36_UO16,RD9_F2_m6f2_P6_Y34_UO425,RD2_F3_m5f1_P5_Y34_UO229,FXX,2,0.0,1,0,1.0,0,0,0,-9999.0,0.530329704284668,1,P2_CV0,1,2,0,1,1
9,8.539752926394888,7.413552560728917,RD9_F6_m9f2_P9_Y36_UO154,RD9_F2_m9f2_P9_Y34_UO25,RD2_F9_m6f2_P6_Y34_UO718,MXY,2,0.0,1,0,0.0,0,0,0,-9999.0,0.5309581756591797,1,P2_CV0,1,1,1,1,1
9,8.539752926394888,7.413552560728917,RD9_F6_m3f5_P3_Y36_UO510,RD3_F2_m6f2_P6_Y34_UO228,RD5_F1_m5f2_P5_Y34_UO461,MXY,2,0.0,1,0,0.0,0,0,0,-9999.0,0.5321769714355469,1,P2_CV0,1,1,1,1,1
9,8.539752926394888,7.413552560728917,RD9_F6_m9f6_P9_Y36_UO558,RD9_F2_m6f3_P6_Y34_UO441,RD6_F3_m5f3_P5_Y34_UO423,FXX,2,0.0,1,0,1.0,0,0,0,-9999.0,0.5313940048217773,1,P2_CV0,1,1,1,0,2
9,8.539752926394888,7.413552560728917,RD9_F6_m3f5_P3_Y36_UO149,RD3_F6_m2f6_P2_Y34_UO554,RD5_F3_m7f4_P7_Y34_UO9,MXY,2,0.0,1,0,0.0,0,0,0,-9999.0,0.5325384140014648,1,P2_CV0,1,0,2,1,1
9,8.539752926394888,7.413552560728917,RD9_F6_m9f2_P9_Y36_UO121,RD9_F6_m9f2_P9_Y34_UO4,RD2_F9_m2f3_P2_Y34_UO454,FXX,2,0.0,1,0,1.0,0,0,0,-9999.0,0.5317516326904297,1,P2_CV0,1,1,1,0,2
9,8.539752926394888,7.413552560728917,RD9_F6_m2f5_P2_Y34_UO507,RD2_F3_m7f3_P7_Y32_UO492,RD5_F1_m5f2_P5_Y32_UO560,MXY,4,0.0,1,0,0.0,0,0,0,-9999.0,0.5325889587402344,1,P2_CV0,1,1,1,1,1
9,8.539752926394888,7.413552560728917,RD9_F2_m9f6_P9_Y36_UO401,RD9_F6_m2f3_P2_Y34_UO245,RD6_F9_m6f3_P6_Y34_UO197,MXY,2,0.0,1,0,0.0,0,0,0,-9999.0,0.5326948165893555,1,P3_CV0,1,1,1,1,1
9,8.539752926394888,7.413552560728917,RD9_F2_m6f3_P6_Y36_UO280,RD6_F9_m2f3_P2_Y34_UO460,RD3_F6_m9f2_P9_Y34_UO54,MXY,2,0.0,1,0,0.0,0,0,0,-9999.0,0.532313346862793,1,P3_CV0,1,2,0,1,1
9,8.539752926394888,7.413552560728917,RD9_F2_m6f2_P6_Y36_UO1,RD6_F2_m9f2_P9_Y34_UO55,RD2_F3_m6f2_P6_Y32_UO165,MXY,2,0.0,1,0,0.0,0,0,0,-9999.0,0.5305891036987305,1,P3_CV0,1,1,1,1,1
9,8.539752926394888,7.413552560728917,RD9_F6_m9f6_P9_Y36_UO730,RD9_F6_m3f6_P3_Y34_UO356,RD6_F9_m6f9_P6_Y34_UO310,MXY,2,0.0,1,0,0.0,0,0,0,-9999.0,0.5326700210571289,1,P3_CV0,1,0,2,1,1
9,8.539752926394888,7.413552560728917,RD9_F6_m3f5_P3_Y36_UO76,RD3_F7_m4f7_P4_Y34_UO379,RD5_F1_m5f3_P5_Y34_UO92,MXY,2,0.0,1,0,0.0,0,0,0,-9999.0,0.5319910049438477,1,P3_CV0,1,1,1,1,1
9,8.539752926394888,7.413552560728917,RD9_F6_m9f6_P9_Y36_UO38,RD9_F2_m5f2_P5_Y34_UO402,RD6_F3_m2f3_P2_Y34_UO458,FXX,2,0.0,1,0,1.0,0,0,0,-9999.0,0.5313215255737305,1,P3_CV0,1,2,0,0,2
9,8.539752926394888,7.413552560728917,RD9_F6_m2f9_P2_Y36_UO472,RD2_F6_m3f6_P3_Y34_UO538,RD9_F6_m2f3_P2_Y34_UO453,MXY,2,0.0,1,0,0.0,0,0,0,-9999.0,0.5325489044189453,1,P3_CV0,1,1,1,2,0
9,8.539752926394888,7.413552560728917,RD9_F2_m2f3_P2_Y37_UO66,RD2_F3_m5f3_P5_Y35_UO190,RD3_F2_m9f6_P9_Y35_UO149,FXX,1,0.0,0,0,0.0,0,0,0,-9999.0,0.5338163375854492,1,P4_CV0,1,1,1,2,0
9,8.539752926394888,7.413552560728917,RD9_F2_m2f3_P2_Y37_UO68,RD2_F3_m5f3_P5_Y35_UO190,RD3_F2_m9f6_P9_Y35_UO149,MXY,1,0.0,0,0,0.0,0,0,0,-9999.0,0.5338163375854492,1,P4_CV0,1,1,1,2,0
9,8.539752926394888,7.413552560728917,RD9_F2_m2f3_P2_Y37_UO69,RD2_F3_m5f3_P5_Y35_UO190,RD3_F2_m9f6_P9_Y35_UO149,FXX,1,0.0,0,0,0.0,0,0,0,-9999.0,0.5338163375854492,1,P4_CV0,1,1,1,2,0
9,8.539752926394888,7.413552560728917,RD9_F2_m2f3_P2_Y37_UO70,RD2_F3_m5f3_P5_Y35_UO190,RD3_F2_m9f6_P9_Y35_UO149,FXX,1,0.0,0,0,0.0,0,0,0,-9999.0,0.5338163375854492,1,P4_CV0,1,1,1,1,1
9,8.539752926394888,7.413552560728917,RD9_F2_m2f3_P2_Y37_UO74,RD2_F3_m5f3_P5_Y35_UO190,RD3_F2_m9f6_P9_Y35_UO149,FXX,1,0.0,0,0,0.0,0,0,0,-9999.0,0.5338163375854492,1,P4_CV0,1,1,1,2,0
9,8.539752926394888,7.413552560728917,RD9_F2_m2f3_P2_Y37_UO80,RD2_F3_m5f3_P5_Y35_UO190,RD3_F2_m9f6_P9_Y35_UO149,MXY,1,0.0,0,0,0.0,0,0,0,-9999.0,0.5338163375854492,1,P4_CV0,1,1,1,2,0
9,8.539752926394888,7.413552560728917,RD9_F2_m2f3_P2_Y37_UO83,RD2_F3_m5f3_P5_Y35_UO190,RD3_F2_m9f6_P9_Y35_UO149,MXY,1,0.0,0,0,0.0,0,0,0,-9999.0,0.5338163375854492,1,P4_CV0,1,1,1,1,1
9,8.539752926394888,7.413552560728917,RD9_F2_m2f3_P2_Y37_UO84,RD2_F3_m5f3_P5_Y35_UO190,RD3_F2_m9f6_P9_Y35_UO149,MXY,1,0.0,0,0,0.0,0,0,0,-9999.0,0.5338163375854492,1,P4_CV0,1,1,1,1,1
9,8.539752926394888,7.413552560728917,RD9_F6_m6f2_P6_Y37_UO174,RD6_F3_m5f3_P5_Y35_UO92,RD2_F9_m9f2_P9_Y34_UO433,MXY,1,0.0,0,0,0.0,0,0,0,-9999.0,0.532649040222168,1,P4_CV0,1,0,2,1,1
9,8.539752926394888,7.413552560728917,RD9_F6_m6f2_P6_Y37_UO177,RD6_F3_m5f3_P5_Y35_UO92,RD2_F9_m9f2_P9_Y34_UO433,FXX,1,0.0,0,0,0.0,0,0,0,-9999.0,0.532649040222168,1,P4_CV0,1,1,1,1,1
9,8.539752926394888,7.413552560728917,RD9_F6_m6f2_P6_Y37_UO178,RD6_F3_m5f3_P5_Y35_UO92,RD2_F9_m9f2_P9_Y34_UO433,MXY,1,0.0,0,0,0.0,0,0,0,-9999.0,0.532649040222168,1,P4_CV0,1,0,2,1,1
9,8.539752926394888,7.413552560728917,RD9_F6_m6f2_P6_Y37_UO182,RD6_F3_m5f3_P5_Y35_UO92,RD2_F9_m9f2_P9_Y34_UO433,MXY,1,0.0,0,0,0.0,0,0,0,-9999.0,0.532649040222168,1,P4_CV0,1,0,2,1,1
9,8.539752926394888,7.413552560728917,RD9_F6_m6f2_P6_Y37_UO188,RD6_F3_m5f3_P5_Y35_UO92,RD2_F9_m9f2_P9_Y34_UO433,MXY,1,0.0,0,0,0.0,0,0,0,-9999.0,0.532649040222168,1,P4_CV0,1,0,2,0,2
9,8.539752926394888,7.413552560728917,RD9_F2_m3f5_P3_Y36_UO744,RD3_F6_m9f6_P9_Y34_UO623,RD5_F1_m5f3_P5_Y34_UO91,MXY,2,0.0,1,0,0.0,0,0,0,-9999.0,0.5317516326904297,1,P4_CV0,1,1,1,0,2
9,8.539752926394888,7.413552560728917,RD9_F2_m3f5_P3_Y36_UO151,RD3_F6_m2f6_P2_Y34_UO554,RD5_F3_m7f4_P7_Y34_UO9,FXX,2,0.0,1,0,1.0,0,0,0,-9999.0,0.5325384140014648,1,P4_CV0,1,0,2,1,1
9,8.539752926394888,7.413552560728917,RD9_F2_m9f6_P9_Y36_UO626,RD9_F6_m3f2_P3_Y34_UO47,RD6_F2_m9f6_P9_Y34_UO218,MXY,2,0.0,1,0,0.0,0,0,0,-9999.0,0.530604362487793,1,P4_CV0,1,1,1,0,2
9,8.539752926394888,7.413552560728917,RD9_F2_m9f2_P9_Y36_UO124,RD9_F6_m9f2_P9_Y34_UO4,RD2_F9_m2f3_P2_Y34_UO454,FXX,2,0.0,1,0,1.0,0,0,0,-9999.0,0.5317516326904297,1,P4_CV0,1,2,0,1,1
9,8.539752926394888,7.413552560728917,RD9_F2_m9f2_P9_Y36_UO123,RD9_F6_m9f2_P9_Y34_UO4,RD2_F9_m2f3_P2_Y34_UO454,FXX,2,0.0,1,0,1.0,0,0,0,-9999.0,0.5317516326904297,1,P4_CV0,1,1,1,1,1
9,8.539752926394888,7.413552560728917,RD9_F2_m6f3_P6_Y36_UO91,RD6_F3_m7f4_P7_Y34_UO49,RD3_F2_m5f1_P5_Y34_UO332,MXY,2,0.0,1,0,0.0,0,0,0,-9999.0,0.5308027267456055,1,P4_CV0,1,0,2,1,1
9,8.539752926394888,7.413552560728917,RD9_F2_m9f2_P9_Y36_UO432,RD9_F2_m6f3_P6_Y34_UO323,RD2_F6_m3f5_P3_Y34_UO516,FXX,2,0.0,1,0,1.0,0,0,0,-9999.0,0.5317459106445312,1,P4_CV0,1,0,2,0,2
9,8.539752926394888,7.413552560728917,RD9_F2_m9f6_P9_Y36_UO275,RD9_F6_m3f5_P3_Y34_UO212,RD6_F9_m2f3_P2_Y34_UO631,FXX,2,0.0,1,0,1.0,0,0,0,-9999.0,0.5328960418701172,1,P4_CV0,1,1,1,1,1
9,8.539752926394888,7.413552560728917,RD9_F2_m9f6_P9_Y36_UO217,RD9_F6_m2f6_P2_Y34_UO130,RD6_F2_m9f6_P9_Y34_UO587,MXY,2,0.0,1,0,0.0,0,0,0,-9999.0,0.5323352813720703,1,P4_CV0,1,0,2,2,0
9,8.539752926394888,7.413552560728917,RD9_F2_m9f6_P9_Y36_UO623,RD9_F6_m3f2_P3_Y34_UO47,RD6_F2_m9f6_P9_Y34_UO218,MXY,2,0.0,1,0,0.0,0,0,0,-9999.0,0.530604362487793,1,P4_CV0,1,0,2,1,1
9,8.539752926394888,7.413552560728917,RD9_F6_m9f6_P9_Y36_UO728,RD9_F6_m3f6_P3_Y34_UO356,RD6_F9_m6f9_P6_Y34_UO310,FXX,2,0.0,1,0,1.0,0,0,0,-9999.0,0.5326700210571289,1,P4_CV0,1,1,1,2,0
9,8.539752926394888,7.413552560728917,RD9_F6_m9f2_P9_Y36_UO465,RD9_F6_m9f2_P9_Y34_UO24,RD2_F3_m5f2_P5_Y34_UO564,MXY,2,0.0,1,0,0.0,0,0,0,-9999.0,0.5324382781982422,1,P4_CV0,1,0,2,1,1
9,8.539752926394888,7.413552560728917,RD9_F6_m3f5_P3_Y36_UO746,RD3_F6_m9f6_P9_Y34_UO623,RD5_F1_m5f3_P5_Y34_UO91,MXY,2,0.0,1,0,0.0,0,0,0,-9999.0,0.5317516326904297,1,P4_CV0,1,1,1,0,2
9,8.539752926394888,7.413552560728917,RD9_F6_m9f6_P9_Y36_UO727,RD9_F6_m3f6_P3_Y34_UO356,RD6_F9_m6f9_P6_Y34_UO310,FXX,2,0.0,1,0,1.0,0,0,0,-9999.0,0.5326700210571289,1,P4_CV0,1,1,1,1,1
9,8.539752926394888,7.413552560728917,RD9_F6_m3f7_P3_Y36_UO134,RD3_F2_m5f3_P5_Y34_UO665,RD7_F4_m8f4_P8_Y34_UO698,FXX,2,0.0,1,0,1.0,0,0,0,-9999.0,0.533106803894043,1,P4_CV0,1,0,2,1,1
9,8.539752926394888,7.413552560728917,RD9_F6_m3f7_P3_Y36_UO133,RD3_F2_m5f3_P5_Y34_UO665,RD7_F4_m8f4_P8_Y34_UO698,MXY,2,0.0,1,0,0.0,0,0,0,-9999.0,0.533106803894043,1,P4_CV0,1,0,2,1,1
9,8.539752926394888,7.413552560728917,RD9_F6_m3f5_P3_Y36_UO150,RD3_F6_m2f6_P2_Y34_UO554,RD5_F3_m7f4_P7_Y34_UO9,FXX,2,0.0,1,0,1.0,0,0,0,-9999.0,0.5325384140014648,1,P4_CV0,1,1,1,0,2
9,8.539752926394888,7.413552560728917,RD9_F6_m3f5_P3_Y34_UO514,RD3_F7_m3f5_P3_Y32_UO210,RD5_F1_m5f3_P5_Y32_UO100,MXY,4,0.0,1,0,0.0,0,0,0,-9999.0,0.5325145721435547,1,P4_CV0,1,0,2,0,2
9,8.539752926394888,7.413552560728917,RD9_F6_m2f3_P2_Y36_UO707,RD2_F6_m9f6_P9_Y34_UO588,RD3_F7_m4f7_P4_Y34_UO450,FXX,2,0.0,1,0,1.0,0,0,0,-9999.0,0.5307483673095703,1,P5_CV0,1,1,1,0,2
9,8.539752926394888,7.413552560728917,RD9_F6_m3f7_P3_Y36_UO749,RD3_F6_m2f3_P2_Y34_UO243,RD7_F3_m6f2_P6_Y34_UO225,MXY,2,0.0,1,0,0.0,0,0,0,-9999.0,0.5320205688476562,1,P5_CV0,1,0,2,2,0
9,8.539752926394888,7.413552560728917,RD9_F6_m9f2_P9_Y36_UO464,RD9_F6_m9f2_P9_Y34_UO24,RD2_F3_m5f2_P5_Y34_UO564,FXX,2,0.0,1,0,1.0,0,0,0,-9999.0,0.5324382781982422,1,P5_CV0,1,0,2,1,1
9,8.539752926394888,7.413552560728917,RD9_F6_m6f2_P6_Y37_UO172,RD6_F3_m5f3_P5_Y35_UO92,RD2_F9_m9f2_P9_Y34_UO433,FXX,1,0.0,0,0,0.0,0,0,0,-9999.0,0.532649040222168,1,P6_CV0,1,0,2,1,1
9,8.539752926394888,7.413552560728917,RD9_F6_m6f2_P6_Y37_UO179,RD6_F3_m5f3_P5_Y35_UO92,RD2_F9_m9f2_P9_Y34_UO433,MXY,1,0.0,0,0,0.0,0,0,0,-9999.0,0.532649040222168,1,P6_CV0,1,1,1,0,2
9,8.539752926394888,7.413552560728917,RD9_F6_m6f2_P6_Y37_UO181,RD6_F3_m5f3_P5_Y35_UO92,RD2_F9_m9f2_P9_Y34_UO433,MXY,1,0.0,0,0,0.0,0,0,0,-9999.0,0.532649040222168,1,P6_CV0,1,1,1,0,2
9,8.539752926394888,7.413552560728917,RD9_F6_m6f2_P6_Y37_UO184,RD6_F3_m5f3_P5_Y35_UO92,RD2_F9_m9f2_P9_Y34_UO433,FXX,1,0.0,0,0,0.0,0,0,0,-9999.0,0.532649040222168,1,P6_CV0,1,0,2,0,2
9,8.539752926394888,7.413552560728917,RD9_F6_m6f2_P6_Y37_UO186,RD6_F3_m5f3_P5_Y35_UO92,RD2_F9_m9f2_P9_Y34_UO433,MXY,1,0.0,0,0,0.0,0,0,0,-9999.0,0.532649040222168,1,P6_CV0,1,1,1,1,1
9,8.539752926394888,7.413552560728917,RD9_F2_m9f2_P9_Y36_UO486,RD9_F6_m2f6_P2_Y34_UO130,RD2_F3_m6f2_P6_Y32_UO165,MXY,2,0.0,1,0,0.0,0,0,0,-9999.0,0.5307836532592773,1,P6_CV0,1,0,2,2,0
9,8.539752926394888,7.413552560728917,RD9_F6_m9f2_P9_Y36_UO489,RD9_F6_m2f6_P2_Y34_UO130,RD2_F3_m6f2_P6_Y32_UO165,FXX,2,0.0,1,0,1.0,0,0,0,-9999.0,0.5307836532592773,1,P6_CV0,1,0,2,1,1
