PatchID,XCOORD,YCOORD,ID,MID,FID,sex,age,size,mature,newmature,layeggs,capture,recapture,state,CDist,Hindex,Species,ClassFile,SubPatchID,L0A0,L0A1,L1A0,L1A1
1,4.359949021420038,0.38889347741837,Age0_F1_m1f5_P1_Y20_UO319,RD1_F5_m1f5_P1_Y18_UO373,RD5_F1_m5f2_P5_Y18_UO699,FXX,0,0.0,0,0,0.0,0,0,0,0.0,0.521240234375,1,P0_CV0,1,1,1,0,2
1,4.359949021420038,0.38889347741837,Age0_F1_m1f5_P1_Y20_UO324,RD1_F5_m1f5_P1_Y18_UO373,RD5_F1_m5f2_P5_Y18_UO699,FXX,0,0.0,0,0,0.0,0,0,0,0.0,0.521240234375,1,P0_CV0,1,1,1,0,2
1,4.359949021420038,0.38889347741837,Age0_F1_m1f5_P1_Y20_UO325,RD1_F5_m1f5_P1_Y18_UO80,RD5_F2_m6f9_P6_Y18_UO128,MXY,0,0.0,0,0,0.0,0,0,0,0.0,0.528564453125,1,P0_CV0,1,1,1,1,1
1,4.359949021420038,0.38889347741837,Age0_F1_m1f5_P1_Y20_UO430,RD1_F5_m1f5_P1_Y18_UO122,RD5_F1_m5f3_P5_Y18_UO419,MXY,0,0.0,0,0,0.0,0,0,0,0.0,0.5439453125,1,P0_CV0,1,1,1,0,2
1,4.359949021420038,0.38889347741837,Age0_F1_m1f5_P1_Y20_UO431,RD1_F5_m1f5_P1_Y18_UO122,RD5_F1_m5f3_P5_Y18_UO419,FXX,0,0.0,0,0,0.0,0,0,0,0.0,0.5439453125,1,P0_CV0,1,1,1,0,2
1,4.359949021420038,0.38889347741837,Age0_F1_m1f5_P1_Y20_UO468,RD1_F5_m3f2_P3_Y18_UO237,RD5_F1_m5f2_P5_Y18_UO699,FXX,0,0.0,0,0,0.0,0,0,0,0.0,0.538818359375,1,P0_CV0,1,0,2,0,2
1,4.359949021420038,0.38889347741837,Age0_F1_m1f5_P1_Y20_UO41,RD1_F5_m1f5_P1_Y18_UO530,RD5_F1_m5f3_P5_Y18_UO437,FXX,0,0.0,0,0,0.0,0,0,0,0.0,0.528076171875,1,P1_CV0,1,0,2,0,2
1,4.359949021420038,0.38889347741837,Age0_F1_m1f5_P1_Y20_UO43,RD1_F5_m1f5_P1_Y18_UO530,RD5_F1_m5f3_P5_Y18_UO437,FXX,0,0.0,0,0,0.0,0,0,0,0.0,0.528076171875,1,P1_CV0,1,0,2,1,1
1,4.359949021420038,0.38889347741837,Age0_F1_m1f5_P1_Y20_UO96,RD1_F5_m1f5_P1_Y18_UO594,RD5_F1_m5f3_P5_Y18_UO462,MXY,0,0.0,0,0,0.0,0,0,0,0.0,0.528076171875,1,P1_CV0,1,0,2,0,2
1,4.359949021420038,0.38889347741837,Age0_F1_m1f5_P1_Y20_UO349,RD1_F5_m1f5_P1_Y18_UO665,RD5_F1_m5f3_P5_Y18_UO434,FXX,0,0.0,0,0,0.0,0,0,0,0.0,0.53076171875,1,P1_CV0,1,1,1,0,2
1,4.359949021420038,0.38889347741837,Age0_F1_m1f5_P1_Y20_UO351,RD1_F5_m1f5_P1_Y18_UO665,RD5_F1_m5f3_P5_Y18_UO434,MXY,0,0.0,0,0,0.0,0,0,0,0.0,0.53076171875,1,P1_CV0,1,0,2,0,2
1,4.359949021420038,0.38889347741837,Age0_F1_m1f5_P1_Y20_UO352,RD1_F5_m1f5_P1_Y18_UO665,RD5_F1_m5f3_P5_Y18_UO434,MXY,0,0.0,0,0,0.0,0,0,0,0.0,0.53076171875,1,P1_CV0,1,0,2,0,2
1,4.359949021420038,0.38889347741837,Age0_F1_m1f5_P1_Y20_UO502,RD1_F5_m3f6_P3_Y18_UO12,RD5_F3_m7f3_P7_Y18_UO54,MXY,0,0.0,0,0,0.0,0,0,0,0.0,0.541015625,1,P1_CV0,1,1,1,2,0
1,4.359949021420038,0.38889347741837,Age0_F1_m1f5_P1_Y20_UO504,RD1_F5_m3f6_P3_Y18_UO12,RD5_F3_m7f3_P7_Y18_UO54,FXX,0,0.0,0,0,0.0,0,0,0,0.0,0.541015625,1,P1_CV0,1,1,1,2,0
1,4.359949021420038,0.38889347741837,Age0_F1_m1f5_P1_Y20_UO551,RD1_F5_m1f5_P1_Y18_UO288,RD5_F1_m5f1_P5_Y18_UO336,FXX,0,0.0,0,0,0.0,0,0,0,0.0,0.516845703125,1,P1_CV0,1,2,0,0,2
1,4.359949021420038,0.38889347741837,Age0_F1_m1f5_P1_Y20_UO553,RD1_F5_m1f5_P1_Y18_UO288,RD5_F1_m5f1_P5_Y18_UO336,FXX,0,0.0,0,0,0.0,0,0,0,0.0,0.516845703125,1,P1_CV0,1,2,0,0,2
1,4.359949021420038,0.38889347741837,Age0_F1_m1f5_P1_Y20_UO627,RD1_F5_m3f6_P3_Y18_UO10,RD5_F1_m5f3_P5_Y18_UO434,FXX,0,0.0,0,0,0.0,0,0,0,0.0,0.53662109375,1,P1_CV0,1,1,1,0,2
1,4.359949021420038,0.38889347741837,Age0_F1_m1f5_P1_Y20_UO629,RD1_F5_m3f6_P3_Y18_UO10,RD5_F1_m5f3_P5_Y18_UO434,FXX,0,0.0,0,0,0.0,0,0,0,0.0,0.53662109375,1,P1_CV0,1,0,2,1,1
1,4.359949021420038,0.38889347741837,Age0_F1_m1f5_P1_Y20_UO630,RD1_F5_m3f6_P3_Y18_UO10,RD5_F1_m5f3_P5_Y18_UO434,FXX,0,0.0,0,0,0.0,0,0,0,0.0,0.53662109375,1,P1_CV0,1,2,0,1,1
1,4.359949021420038,0.38889347741837,Age0_F1_m1f5_P1_Y20_UO650,RD1_F5_m1f5_P1_Y18_UO122,RD5_F1_m1f5_P1_Y17_UO221,FXX,0,0.0,0,0,0.0,0,0,0,0.0,0.53271484375,1,P1_CV0,1,2,0,0,2
1,4.359949021420038,0.38889347741837,R1_F1_m1f5_P1_Y18_UO663,RD1_F5_m3f6_P3_Y16_UO586,RD5_F1_m5f2_P5_Y16_UO539,MXY,2,0.0,1,0,0.0,0,0,0,-9999.0,0.5419921875,1,P1_CV0,1,1,1,0,2
1,4.359949021420038,0.38889347741837,R1_F1_m3f7_P3_Y18_UO365,RD3_F5_m3f2_P3_Y16_UO690,RD7_F4_m8f4_P8_Y16_UO32,MXY,2,0.0,1,0,0.0,0,0,0,-9999.0,0.54541015625,1,P1_CV0,1,1,1,1,1
1,4.359949021420038,0.38889347741837,R1_F1_m1f5_P1_Y18_UO120,RD1_F5_m1f5_P1_Y16_UO524,RD5_F1_m5f3_P5_Y16_UO705,MXY,2,0.0,1,0,0.0,0,0,0,-9999.0,0.53125,1,P1_CV0,1,1,1,0,2
1,4.359949021420038,0.38889347741837,Age0_F1_m1f5_P1_Y20_UO47,RD1_F5_m1f5_P1_Y18_UO538,RD5_F1_m5f2_P5_Y18_UO131,MXY,0,0.0,0,0,0.0,0,0,0,0.0,0.54443359375,1,P2_CV0,1,0,2,0,2
1,4.359949021420038,0.38889347741837,Age0_F1_m1f5_P1_Y20_UO81,RD1_F5_m3f6_P3_Y18_UO12,RD5_F3_m2f6_P2_Y18_UO567,FXX,0,0.0,0,0,0.0,0,0,0,0.0,0.538818359375,1,P2_CV0,1,1,1,0,2
1,4.359949021420038,0.38889347741837,Age0_F1_m1f5_P1_Y20_UO82,RD1_F5_m3f6_P3_Y18_UO12,RD5_F3_m2f6_P2_Y18_UO567,FXX,0,0.0,0,0,0.0,0,0,0,0.0,0.538818359375,1,P2_CV0,1,0,2,1,1
1,4.359949021420038,0.38889347741837,Age0_F1_m1f5_P1_Y20_UO83,RD1_F5_m3f6_P3_Y18_UO12,RD5_F3_m2f6_P2_Y18_UO567,MXY,0,0.0,0,0,0.0,0,0,0,0.0,0.538818359375,1,P2_CV0,1,1,1,0,2
1,4.359949021420038,0.38889347741837,Age0_F1_m1f5_P1_Y20_UO97,RD1_F5_m1f5_P1_Y18_UO594,RD5_F1_m5f3_P5_Y18_UO462,FXX,0,0.0,0,0,0.0,0,0,0,0.0,0.528076171875,1,P2_CV0,1,0,2,1,1
1,4.359949021420038,0.38889347741837,Age0_F1_m1f5_P1_Y20_UO109,RD1_F5_m3f6_P3_Y18_UO10,RD5_F2_m9f6_P9_Y18_UO450,MXY,0,0.0,0,0,0.0,0,0,0,0.0,0.5537109375,1,P2_CV0,1,0,2,1,1
1,4.359949021420038,0.38889347741837,Age0_F1_m1f5_P1_Y20_UO160,RD1_F5_m1f5_P1_Y18_UO447,RD5_F1_m5f1_P5_Y18_UO502,FXX,0,0.0,0,0,0.0,0,0,0,0.0,0.525634765625,1,P2_CV0,1,0,2,1,1
1,4.359949021420038,0.38889347741837,Age0_F1_m1f5_P1_Y20_UO161,RD1_F5_m1f5_P1_Y18_UO447,RD5_F1_m5f1_P5_Y18_UO502,FXX,0,0.0,0,0,0.0,0,0,0,0.0,0.525634765625,1,P2_CV0,1,0,2,2,0
1,4.359949021420038,0.38889347741837,Age0_F1_m1f5_P1_Y20_UO162,RD1_F5_m1f5_P1_Y18_UO447,RD5_F1_m5f1_P5_Y18_UO502,FXX,0,0.0,0,0,0.0,0,0,0,0.0,0.525634765625,1,P2_CV0,1,0,2,2,0
1,4.359949021420038,0.38889347741837,Age0_F1_m1f5_P1_Y20_UO194,RD1_F5_m1f5_P1_Y18_UO288,RD5_F2_m9f6_P9_Y18_UO450,MXY,0,0.0,0,0,0.0,0,0,0,0.0,0.537109375,1,P2_CV0,1,1,1,0,2
1,4.359949021420038,0.38889347741837,Age0_F1_m1f5_P1_Y20_UO243,RD1_F5_m3f7_P3_Y18_UO501,RD5_F1_m5f1_P5_Y18_UO502,MXY,0,0.0,0,0,0.0,0,0,0,0.0,0.5400390625,1,P2_CV0,1,2,0,1,1
1,4.359949021420038,0.38889347741837,Age0_F1_m1f5_P1_Y20_UO244,RD1_F5_m3f7_P3_Y18_UO501,RD5_F1_m5f1_P5_Y18_UO502,MXY,0,0.0,0,0,0.0,0,0,0,0.0,0.5400390625,1,P2_CV0,1,0,2,1,1
1,4.359949021420038,0.38889347741837,Age0_F1_m1f5_P1_Y20_UO469,RD1_F5_m3f2_P3_Y18_UO237,RD5_F1_m5f2_P5_Y18_UO699,MXY,0,0.0,0,0,0.0,0,0,0,0.0,0.538818359375,1,P2_CV0,1,0,2,1,1
1,4.359949021420038,0.38889347741837,Age0_F1_m1f5_P1_Y20_UO470,RD1_F5_m3f2_P3_Y18_UO237,RD5_F1_m5f2_P5_Y18_UO699,FXX,0,0.0,0,0,0.0,0,0,0,0.0,0.538818359375,1,P2_CV0,1,0,2,1,1
1,4.359949021420038,0.38889347741837,Age0_F1_m1f5_P1_Y20_UO523,RD1_F5_m2f9_P2_Y18_UO637,RD5_F1_m5f2_P5_Y18_UO309,MXY,0,0.0,0,0,0.0,0,0,0,0.0,0.524169921875,1,P2_CV0,1,1,1,1,1
1,4.359949021420038,0.38889347741837,Age0_F1_m1f5_P1_Y20_UO539,RD1_F5_m1f5_P1_Y18_UO694,RD5_F1_m5f3_P5_Y18_UO435,MXY,0,0.0,0,0,0.0,0,0,0,0.0,0.522216796875,1,P2_CV0,1,0,2,0,2
1,4.359949021420038,0.38889347741837,Age0_F1_m1f5_P1_Y20_UO540,RD1_F5_m1f5_P1_Y18_UO694,RD5_F1_m5f3_P5_Y18_UO435,MXY,0,0.0,0,0,0.0,0,0,0,0.0,0.522216796875,1,P2_CV0,1,0,2,1,1
1,4.359949021420038,0.38889347741837,Age0_F1_m1f5_P1_Y20_UO753,RD1_F5_m3f2_P3_Y18_UO701,RD5_F1_m5f2_P5_Y16_UO92,MXY,0,0.0,0,0,0.0,0,0,0,0.0,0.52099609375,1,P2_CV0,1,0,2,1,1
1,4.359949021420038,0.38889347741837,Age0_F1_m1f5_P1_Y20_UO754,RD1_F5_m3f2_P3_Y18_UO701,RD5_F1_m5f2_P5_Y16_UO92,MXY,0,0.0,0,0,0.0,0,0,0,0.0,0.52099609375,1,P2_CV0,1,0,2,2,0
1,4.359949021420038,0.38889347741837,Age0_F1_m1f5_P1_Y20_UO755,RD1_F5_m3f2_P3_Y18_UO701,RD5_F1_m5f2_P5_Y16_UO92,FXX,0,0.0,0,0,0.0,0,0,0,0.0,0.52099609375,1,P2_CV0,1,0,2,2,0
1,4.359949021420038,0.38889347741837,R1_F1_m1f5_P1_Y18_UO694,RD1_F5_m3f7_P3_Y16_UO206,RD5_F1_m5f2_P5_Y16_UO539,FXX,2,0.0,1,0,1.0,0,0,0,-9999.0,0.52490234375,1,P2_CV0,1,0,2,0,2
1,4.359949021420038,0.38889347741837,Age0_F1_m1f5_P1_Y20_UO242,RD1_F5_m3f7_P3_Y18_UO501,RD5_F1_m5f1_P5_Y18_UO502,MXY,0,0.0,0,0,0.0,0,0,0,0.0,0.5400390625,1,P3_CV0,1,0,2,1,1
1,4.359949021420038,0.38889347741837,Age0_F1_m1f5_P1_Y20_UO245,RD1_F5_m3f7_P3_Y18_UO501,RD5_F1_m5f1_P5_Y18_UO502,FXX,0,0.0,0,0,0.0,0,0,0,0.0,0.5400390625,1,P3_CV0,1,1,1,1,1
1,4.359949021420038,0.38889347741837,Age0_F1_m1f5_P1_Y20_UO246,RD1_F5_m3f7_P3_Y18_UO501,RD5_F1_m5f1_P5_Y18_UO502,MXY,0,0.0,0,0,0.0,0,0,0,0.0,0.5400390625,1,P3_CV0,1,1,1,1,1
1,4.359949021420038,0.38889347741837,Age0_F1_m1f5_P1_Y20_UO247,RD1_F5_m3f7_P3_Y18_UO501,RD5_F1_m5f1_P5_Y18_UO502,FXX,0,0.0,0,0,0.0,0,0,0,0.0,0.5400390625,1,P3_CV0,1,0,2,1,1
1,4.359949021420038,0.38889347741837,Age0_F1_m1f5_P1_Y20_UO42,RD1_F5_m1f5_P1_Y18_UO530,RD5_F1_m5f3_P5_Y18_UO437,MXY,0,0.0,0,0,0.0,0,0,0,0.0,0.528076171875,1,P4_CV0,1,0,2,1,1
1,4.359949021420038,0.38889347741837,Age0_F1_m1f5_P1_Y20_UO44,RD1_F5_m1f5_P1_Y18_UO530,RD5_F1_m5f3_P5_Y18_UO437,FXX,0,0.0,0,0,0.0,0,0,0,0.0,0.528076171875,1,P4_CV0,1,0,2,0,2
1,4.359949021420038,0.38889347741837,Age0_F1_m1f5_P1_Y20_UO45,RD1_F5_m1f5_P1_Y18_UO538,RD5_F1_m5f2_P5_Y18_UO131,FXX,0,0.0,0,0,0.0,0,0,0,0.0,0.54443359375,1,P4_CV0,1,1,1,0,2
1,4.359949021420038,0.38889347741837,Age0_F1_m1f5_P1_Y20_UO46,RD1_F5_m1f5_P1_Y18_UO538,RD5_F1_m5f2_P5_Y18_UO131,FXX,0,0.0,0,0,0.0,0,0,0,0.0,0.54443359375,1,P4_CV0,1,0,2,0,2
1,4.359949021420038,0.38889347741837,Age0_F1_m1f5_P1_Y20_UO48,RD1_F5_m1f5_P1_Y18_UO538,RD5_F1_m5f2_P5_Y18_UO131,MXY,0,0.0,0,0,0.0,0,0,0,0.0,0.54443359375,1,P4_CV0,1,1,1,0,2
1,4.359949021420038,0.38889347741837,Age0_F1_m1f5_P1_Y20_UO49,RD1_F5_m1f5_P1_Y18_UO538,RD5_F1_m5f2_P5_Y18_UO131,MXY,0,0.0,0,0,0.0,0,0,0,0.0,0.54443359375,1,P4_CV0,1,1,1,0,2
1,4.359949021420038,0.38889347741837,Age0_F1_m1f5_P1_Y20_UO69,RD1_F5_m1f5_P1_Y18_UO666,RD5_F1_m5f2_P5_Y18_UO45,MXY,0,0.0,0,0,0.0,0,0,0,0.0,0.5478515625,1,P4_CV0,1,0,2,0,2
1,4.359949021420038,0.38889347741837,Age0_F1_m1f5_P1_Y20_UO70,RD1_F5_m1f5_P1_Y18_UO666,RD5_F1_m5f2_P5_Y18_UO45,MXY,0,0.0,0,0,0.0,0,0,0,0.0,0.5478515625,1,P4_CV0,1,0,2,0,2
1,4.359949021420038,0.38889347741837,Age0_F1_m1f5_P1_Y20_UO71,RD1_F5_m1f5_P1_Y18_UO666,RD5_F1_m5f2_P5_Y18_UO45,FXX,0,0.0,0,0,0.0,0,0,0,0.0,0.5478515625,1,P4_CV0,1,0,2,0,2
1,4.359949021420038,0.38889347741837,Age0_F1_m1f5_P1_Y20_UO80,RD1_F5_m3f6_P3_Y18_UO12,RD5_F3_m2f6_P2_Y18_UO567,MXY,0,0.0,0,0,0.0,0,0,0,0.0,0.538818359375,1,P4_CV0,1,0,2,1,1
1,4.359949021420038,0.38889347741837,Age0_F1_m1f5_P1_Y20_UO84,RD1_F5_m3f6_P3_Y18_UO12,RD5_F3_m2f6_P2_Y18_UO567,FXX,0,0.0,0,0,0.0,0,0,0,0.0,0.538818359375,1,P4_CV0,1,0,2,1,1
1,4.359949021420038,0.38889347741837,Age0_F1_m1f5_P1_Y20_UO110,RD1_F5_m3f6_P3_Y18_UO10,RD5_F2_m9f6_P9_Y18_UO450,MXY,0,0.0,0,0,0.0,0,0,0,0.0,0.5537109375,1,P4_CV0,1,1,1,2,0
1,4.359949021420038,0.38889347741837,Age0_F1_m1f5_P1_Y20_UO111,RD1_F5_m3f6_P3_Y18_UO10,RD5_F2_m9f6_P9_Y18_UO450,FXX,0,0.0,0,0,0.0,0,0,0,0.0,0.5537109375,1,P4_CV0,1,1,1,1,1
1,4.359949021420038,0.38889347741837,Age0_F1_m1f5_P1_Y20_UO112,RD1_F5_m3f6_P3_Y18_UO10,RD5_F2_m9f6_P9_Y18_UO450,MXY,0,0.0,0,0,0.0,0,0,0,0.0,0.5537109375,1,P4_CV0,1,1,1,2,0
1,4.359949021420038,0.38889347741837,Age0_F1_m1f5_P1_Y20_UO192,RD1_F5_m1f5_P1_Y18_UO288,RD5_F2_m9f6_P9_Y18_UO450,FXX,0,0.0,0,0,0.0,0,0,0,0.0,0.537109375,1,P4_CV0,1,0,2,1,1
1,4.359949021420038,0.38889347741837,Age0_F1_m1f5_P1_Y20_UO193,RD1_F5_m1f5_P1_Y18_UO288,RD5_F2_m9f6_P9_Y18_UO450,FXX,0,0.0,0,0,0.0,0,0,0,0.0,0.537109375,1,P4_CV0,1,0,2,0,2
1,4.359949021420038,0.38889347741837,Age0_F1_m1f5_P1_Y20_UO326,RD1_F5_m1f5_P1_Y18_UO80,RD5_F2_m6f9_P6_Y18_UO128,MXY,0,0.0,0,0,0.0,0,0,0,0.0,0.528564453125,1,P4_CV0,1,1,1,2,0
1,4.359949021420038,0.38889347741837,Age0_F1_m1f5_P1_Y20_UO503,RD1_F5_m3f6_P3_Y18_UO12,RD5_F3_m7f3_P7_Y18_UO54,MXY,0,0.0,0,0,0.0,0,0,0,0.0,0.541015625,1,P4_CV0,1,1,1,1,1
1,4.359949021420038,0.38889347741837,Age0_F1_m1f5_P1_Y20_UO552,RD1_F5_m1f5_P1_Y18_UO288,RD5_F1_m5f1_P5_Y18_UO336,FXX,0,0.0,0,0,0.0,0,0,0,0.0,0.516845703125,1,P4_CV0,1,2,0,0,2
1,4.359949021420038,0.38889347741837,Age0_F1_m1f5_P1_Y20_UO554,RD1_F5_m1f5_P1_Y18_UO288,RD5_F1_m5f1_P5_Y18_UO336,MXY,0,0.0,0,0,0.0,0,0,0,0.0,0.516845703125,1,P4_CV0,1,2,0,0,2
1,4.359949021420038,0.38889347741837,Age0_F1_m1f5_P1_Y20_UO628,RD1_F5_m3f6_P3_Y18_UO10,RD5_F1_m5f3_P5_Y18_UO434,MXY,0,0.0,0,0,0.0,0,0,0,0.0,0.53662109375,1,P4_CV0,1,2,0,0,2
1,4.359949021420038,0.38889347741837,Age0_F1_m1f5_P1_Y20_UO631,RD1_F5_m3f6_P3_Y18_UO10,RD5_F1_m5f3_P5_Y18_UO434,MXY,0,0.0,0,0,0.0,0,0,0,0.0,0.53662109375,1,P4_CV0,1,0,2,0,2
1,4.359949021420038,0.38889347741837,Age0_F1_m1f5_P1_Y20_UO645,RD1_F5_m3f6_P3_Y18_UO10,RD5_F1_m1f5_P1_Y17_UO222,MXY,0,0.0,0,0,0.0,0,0,0,0.0,0.5439453125,1,P4_CV0,1,0,2,1,1
1,4.359949021420038,0.38889347741837,Age0_F1_m1f5_P1_Y20_UO646,RD1_F5_m3f6_P3_Y18_UO10,RD5_F1_m1f5_P1_Y17_UO222,FXX,0,0.0,0,0,0.0,0,0,0,0.0,0.5439453125,1,P4_CV0,1,0,2,0,2
1,4.359949021420038,0.38889347741837,Age0_F1_m1f5_P1_Y20_UO647,RD1_F5_m3f6_P3_Y18_UO10,RD5_F1_m1f5_P1_Y17_UO222,FXX,0,0.0,0,0,0.0,0,0,0,0.0,0.5439453125,1,P4_CV0,1,1,1,1,1
1,4.359949021420038,0.38889347741837,Age0_F1_m1f5_P1_Y20_UO648,RD1_F5_m3f6_P3_Y18_UO10,RD5_F1_m1f5_P1_Y17_UO222,MXY,0,0.0,0,0,0.0,0,0,0,0.0,0.5439453125,1,P4_CV0,1,0,2,0,2
1,4.359949021420038,0.38889347741837,Age0_F1_m1f5_P1_Y20_UO716,RD1_F5_m1f5_P1_Y18_UO588,RD5_F1_m5f1_P5_Y18_UO25,MXY,0,0.0,0,0,0.0,0,0,0,0.0,0.537353515625,1,P4_CV0,1,0,2,2,0
1,4.359949021420038,0.38889347741837,Age0_F1_m1f5_P1_Y20_UO717,RD1_F5_m1f5_P1_Y18_UO588,RD5_F1_m5f1_P5_Y18_UO25,FXX,0,0.0,0,0,0.0,0,0,0,0.0,0.537353515625,1,P4_CV0,1,0,2,1,1
1,4.359949021420038,0.38889347741837,Age0_F1_m1f5_P1_Y20_UO719,RD1_F5_m1f5_P1_Y18_UO588,RD5_F1_m5f1_P5_Y18_UO25,MXY,0,0.0,0,0,0.0,0,0,0,0.0,0.537353515625,1,P4_CV0,1,0,2,2,0
1,4.359949021420038,0.38889347741837,Age0_F1_m1f5_P1_Y20_UO737,RD1_F5_m1f5_P1_Y18_UO287,RD5_F1_m5f2_P5_Y18_UO91,FXX,0,0.0,0,0,0.0,0,0,0,0.0,0.51416015625,1,P4_CV0,1,0,2,0,2
1,4.359949021420038,0.38889347741837,R1_F1_m1f5_P1_Y18_UO272,RD1_F5_m3f7_P3_Y16_UO206,RD5_F1_m5f2_P5_Y16_UO308,MXY,2,0.0,1,0,0.0,0,0,0,-9999.0,0.5068359375,1,P4_CV0,1,0,2,2,0
1,4.359949021420038,0.38889347741837,R1_F1_m3f6_P3_Y18_UO10,RD3_F6_m3f7_P3_Y16_UO84,RD6_F2_m9f6_P9_Y16_UO179,FXX,2,0.0,1,0,1.0,0,0,0,-9999.0,0.5537109375,1,P4_CV0,1,1,1,1,1
1,4.359949021420038,0.38889347741837,Age0_F1_m1f5_P1_Y20_UO72,RD1_F5_m1f5_P1_Y18_UO666,RD5_F1_m5f2_P5_Y18_UO45,FXX,0,0.0,0,0,0.0,0,0,0,0.0,0.5478515625,1,P5_CV0,1,0,2,0,2
1,4.359949021420038,0.38889347741837,Age0_F1_m1f5_P1_Y20_UO159,RD1_F5_m1f5_P1_Y18_UO447,RD5_F1_m5f1_P5_Y18_UO502,MXY,0,0.0,0,0,0.0,0,0,0,0.0,0.525634765625,1,P5_CV0,1,0,2,1,1
1,4.359949021420038,0.38889347741837,Age0_F1_m1f5_P1_Y20_UO320,RD1_F5_m1f5_P1_Y18_UO373,RD5_F1_m5f2_P5_Y18_UO699,FXX,0,0.0,0,0,0.0,0,0,0,0.0,0.521240234375,1,P5_CV0,1,0,2,1,1
1,4.359949021420038,0.38889347741837,Age0_F1_m1f5_P1_Y20_UO321,RD1_F5_m1f5_P1_Y18_UO373,RD5_F1_m5f2_P5_Y18_UO699,FXX,0,0.0,0,0,0.0,0,0,0,0.0,0.521240234375,1,P5_CV0,1,0,2,1,1
1,4.359949021420038,0.38889347741837,Age0_F1_m1f5_P1_Y20_UO322,RD1_F5_m1f5_P1_Y18_UO373,RD5_F1_m5f2_P5_Y18_UO699,FXX,0,0.0,0,0,0.0,0,0,0,0.0,0.521240234375,1,P5_CV0,1,0,2,0,2
1,4.359949021420038,0.38889347741837,Age0_F1_m1f5_P1_Y20_UO323,RD1_F5_m1f5_P1_Y18_UO373,RD5_F1_m5f2_P5_Y18_UO699,FXX,0,0.0,0,0,0.0,0,0,0,0.0,0.521240234375,1,P5_CV0,1,1,1,1,1
1,4.359949021420038,0.38889347741837,Age0_F1_m1f5_P1_Y20_UO350,RD1_F5_m1f5_P1_Y18_UO665,RD5_F1_m5f3_P5_Y18_UO434,FXX,0,0.0,0,0,0.0,0,0,0,0.0,0.53076171875,1,P5_CV0,1,0,2,0,2
1,4.359949021420038,0.38889347741837,Age0_F1_m1f5_P1_Y20_UO520,RD1_F5_m2f9_P2_Y18_UO637,RD5_F1_m5f2_P5_Y18_UO309,FXX,0,0.0,0,0,0.0,0,0,0,0.0,0.524169921875,1,P5_CV0,1,2,0,0,2
1,4.359949021420038,0.38889347741837,Age0_F1_m1f5_P1_Y20_UO521,RD1_F5_m2f9_P2_Y18_UO637,RD5_F1_m5f2_P5_Y18_UO309,MXY,0,0.0,0,0,0.0,0,0,0,0.0,0.524169921875,1,P5_CV0,1,1,1,1,1
1,4.359949021420038,0.38889347741837,Age0_F1_m1f5_P1_Y20_UO522,RD1_F5_m2f9_P2_Y18_UO637,RD5_F1_m5f2_P5_Y18_UO309,MXY,0,0.0,0,0,0.0,0,0,0,0.0,0.524169921875,1,P5_CV0,1,1,1,1,1
1,4.359949021420038,0.38889347741837,Age0_F1_m1f5_P1_Y20_UO610,RD1_F5_m1f5_P1_Y18_UO373,RD5_F1_m1f5_P1_Y17_UO176,MXY,0,0.0,0,0,0.0,0,0,0,0.0,0.535400390625,1,P5_CV0,1,0,2,0,2
1,4.359949021420038,0.38889347741837,Age0_F1_m1f5_P1_Y20_UO611,RD1_F5_m1f5_P1_Y18_UO373,RD5_F1_m1f5_P1_Y17_UO176,FXX,0,0.0,0,0,0.0,0,0,0,0.0,0.535400390625,1,P5_CV0,1,1,1,1,1
1,4.359949021420038,0.38889347741837,Age0_F1_m1f5_P1_Y20_UO612,RD1_F5_m1f5_P1_Y18_UO373,RD5_F1_m1f5_P1_Y17_UO176,FXX,0,0.0,0,0,0.0,0,0,0,0.0,0.535400390625,1,P5_CV0,1,1,1,0,2
1,4.359949021420038,0.38889347741837,Age0_F1_m1f5_P1_Y20_UO613,RD1_F5_m1f5_P1_Y18_UO373,RD5_F1_m1f5_P1_Y17_UO176,MXY,0,0.0,0,0,0.0,0,0,0,0.0,0.535400390625,1,P5_CV0,1,0,2,0,2
1,4.359949021420038,0.38889347741837,Age0_F1_m1f5_P1_Y20_UO718,RD1_F5_m1f5_P1_Y18_UO588,RD5_F1_m5f1_P5_Y18_UO25,MXY,0,0.0,0,0,0.0,0,0,0,0.0,0.537353515625,1,P5_CV0,1,0,2,1,1
1,4.359949021420038,0.38889347741837,Age0_F1_m1f5_P1_Y20_UO736,RD1_F5_m1f5_P1_Y18_UO287,RD5_F1_m5f2_P5_Y18_UO91,MXY,0,0.0,0,0,0.0,0,0,0,0.0,0.51416015625,1,P5_CV0,1,0,2,1,1
1,4.359949021420038,0.38889347741837,Age0_F1_m1f5_P1_Y20_UO738,RD1_F5_m1f5_P1_Y18_UO287,RD5_F1_m5f2_P5_Y18_UO91,FXX,0,0.0,0,0,0.0,0,0,0,0.0,0.51416015625,1,P5_CV0,1,0,2,0,2
1,4.359949021420038,0.38889347741837,R1_F1_m1f5_P1_Y18_UO446,RD1_F5_m1f5_P1_Y16_UO116,RD5_F1_m5f3_P5_Y16_UO706,MXY,2,0.0,1,0,0.0,0,0,0,-9999.0,0.50537109375,1,P5_CV0,1,1,1,1,1
1,4.359949021420038,0.38889347741837,R1_F1_m1f5_P1_Y18_UO588,RD1_F5_m3f6_P3_Y16_UO555,RD5_F3_m7f4_P7_Y16_UO298,FXX,2,0.0,1,0,1.0,0,0,0,-9999.0,0.537109375,1,P5_CV0,1,0,2,1,1
1,4.359949021420038,0.38889347741837,Age0_F1_m1f5_P1_Y20_UO649,RD1_F5_m1f5_P1_Y18_UO122,RD5_F1_m1f5_P1_Y17_UO221,MXY,0,0.0,0,0,0.0,0,0,0,0.0,0.53271484375,1,P6_CV0,1,0,2,1,1
2,5.496624778787091,6.529835889274153,Age0_F2_m2f5_P2_Y20_UO227,RD2_F5_m1f5_P1_Y18_UO121,RD5_F1_m5f2_P5_Y18_UO699,FXX,0,0.0,0,0,0.0,0,0,0,0.0,0.52783203125,1,P0_CV0,1,0,2,0,2
2,5.496624778787091,6.529835889274153,Age0_F2_m2f9_P2_Y20_UO348,RD2_F9_m6f2_P6_Y18_UO609,RD9_F2_m6f9_P6_Y18_UO640,MXY,0,0.0,0,0,0.0,0,0,0,0.0,0.5166015625,1,P0_CV0,1,2,0,1,1
2,5.496624778787091,6.529835889274153,Age0_F2_m2f5_P2_Y20_UO654,RD2_F9_m2f5_P2_Y18_UO189,RD5_F1_m5f2_P5_Y18_UO699,FXX,0,0.0,0,0,0.0,0,0,0,0.0,0.532470703125,1,P0_CV0,1,1,1,1,1
2,5.496624778787091,6.529835889274153,R2_F2_m6f3_P6_Y19_UO52,RD6_F9_m2f3_P2_Y17_UO126,RD3_F5_m3f2_P3_Y17_UO11,MXY,1,0.0,1,1,0.0,0,0,0,-9999.0,0.54443359375,1,P0_CV0,1,1,1,1,1
2,5.496624778787091,6.529835889274153,R2_F2_m6f3_P6_Y18_UO473,RD6_F9_m2f5_P2_Y16_UO258,RD3_F2_m9f2_P9_Y16_UO141,FXX,2,0.0,1,0,1.0,0,0,0,-9999.0,0.55224609375,1,P0_CV0,1,0,2,1,1
2,5.496624778787091,6.529835889274153,Age0_F2_m2f6_P2_Y20_UO19,RD2_F5_m1f5_P1_Y18_UO517,RD6_F3_m7f3_P7_Y18_UO212,MXY,0,0.0,0,0,0.0,0,0,0,0.0,0.5302734375,1,P1_CV0,1,0,2,0,2
2,5.496624778787091,6.529835889274153,Age0_F2_m2f5_P2_Y20_UO55,RD2_F5_m2f5_P2_Y18_UO179,RD5_F1_m5f3_P5_Y18_UO421,MXY,0,0.0,0,0,0.0,0,0,0,0.0,0.537353515625,1,P1_CV0,1,1,1,1,1
2,5.496624778787091,6.529835889274153,Age0_F2_m2f5_P2_Y20_UO56,RD2_F5_m2f5_P2_Y18_UO179,RD5_F1_m5f3_P5_Y18_UO421,FXX,0,0.0,0,0,0.0,0,0,0,0.0,0.537353515625,1,P1_CV0,1,0,2,1,1
2,5.496624778787091,6.529835889274153,Age0_F2_m2f5_P2_Y20_UO64,RD2_F9_m6f2_P6_Y18_UO609,RD5_F1_m5f3_P5_Y18_UO435,MXY,0,0.0,0,0,0.0,0,0,0,0.0,0.51123046875,1,P1_CV0,1,1,1,0,2
2,5.496624778787091,6.529835889274153,Age0_F2_m2f3_P2_Y20_UO241,RD2_F3_m7f4_P7_Y18_UO247,RD3_F6_m3f7_P3_Y18_UO361,FXX,0,0.0,0,0,0.0,0,0,0,0.0,0.534423828125,1,P1_CV0,1,1,1,0,2
2,5.496624778787091,6.529835889274153,Age0_F2_m2f6_P2_Y20_UO467,RD2_F5_m2f5_P2_Y18_UO369,RD6_F2_m9f6_P9_Y18_UO478,MXY,0,0.0,0,0,0.0,0,0,0,0.0,0.526123046875,1,P1_CV0,1,1,1,1,1
2,5.496624778787091,6.529835889274153,Age0_F2_m2f6_P2_Y20_UO482,RD2_F9_m2f5_P2_Y18_UO366,RD6_F3_m7f3_P7_Y18_UO212,MXY,0,0.0,0,0,0.0,0,0,0,0.0,0.5234375,1,P1_CV0,1,1,1,0,2
2,5.496624778787091,6.529835889274153,Age0_F2_m2f3_P2_Y20_UO485,RD2_F9_m2f5_P2_Y18_UO282,RD3_F6_m9f6_P9_Y18_UO657,MXY,0,0.0,0,0,0.0,0,0,0,0.0,0.549560546875,1,P1_CV0,1,0,2,2,0
2,5.496624778787091,6.529835889274153,Age0_F2_m2f9_P2_Y20_UO524,RD2_F9_m6f3_P6_Y18_UO473,RD9_F2_m5f1_P5_Y18_UO506,FXX,0,0.0,0,0,0.0,0,0,0,0.0,0.549072265625,1,P1_CV0,1,0,2,2,0
2,5.496624778787091,6.529835889274153,Age0_F2_m2f9_P2_Y20_UO525,RD2_F9_m6f3_P6_Y18_UO473,RD9_F2_m5f1_P5_Y18_UO506,MXY,0,0.0,0,0,0.0,0,0,0,0.0,0.549072265625,1,P1_CV0,1,0,2,2,0
2,5.496624778787091,6.529835889274153,Age0_F2_m2f5_P2_Y20_UO655,RD2_F9_m2f5_P2_Y18_UO189,RD5_F1_m5f2_P5_Y18_UO699,FXX,0,0.0,0,0,0.0,0,0,0,0.0,0.532470703125,1,P1_CV0,1,0,2,1,1
2,5.496624778787091,6.529835889274153,Age0_F2_m2f5_P2_Y20_UO671,RD2_F5_m1f5_P1_Y18_UO153,RD5_F1_m5f3_P5_Y18_UO421,FXX,0,0.0,0,0,0.0,0,0,0,0.0,0.547607421875,1,P1_CV0,1,1,1,1,1
2,5.496624778787091,6.529835889274153,Age0_F2_m2f5_P2_Y20_UO672,RD2_F5_m1f5_P1_Y18_UO153,RD5_F1_m5f3_P5_Y18_UO421,MXY,0,0.0,0,0,0.0,0,0,0,0.0,0.547607421875,1,P1_CV0,1,0,2,1,1
2,5.496624778787091,6.529835889274153,Age0_F2_m2f3_P2_Y20_UO36,RD2_F9_m6f3_P6_Y18_UO473,RD3_F6_m9f2_P9_Y18_UO581,MXY,0,0.0,0,0,0.0,0,0,0,0.0,0.535400390625,1,P2_CV0,1,1,1,1,1
2,5.496624778787091,6.529835889274153,Age0_F2_m2f3_P2_Y20_UO60,RD2_F6_m9f2_P9_Y18_UO524,RD3_F5_m3f6_P3_Y18_UO201,MXY,0,0.0,0,0,0.0,0,0,0,0.0,0.545654296875,1,P2_CV0,1,1,1,1,1
2,5.496624778787091,6.529835889274153,Age0_F2_m2f5_P2_Y20_UO68,RD2_F5_m1f5_P1_Y18_UO154,RD5_F3_m6f3_P6_Y18_UO198,MXY,0,0.0,0,0,0.0,0,0,0,0.0,0.53759765625,1,P2_CV0,1,1,1,0,2
2,5.496624778787091,6.529835889274153,Age0_F2_m2f3_P2_Y20_UO93,RD2_F9_m2f9_P2_Y18_UO107,RD3_F7_m4f7_P4_Y18_UO232,MXY,0,0.0,0,0,0.0,0,0,0,0.0,0.506103515625,1,P2_CV0,1,1,1,0,2
2,5.496624778787091,6.529835889274153,Age0_F2_m2f9_P2_Y20_UO140,RD2_F3_m6f2_P6_Y18_UO528,RD9_F2_m5f1_P5_Y18_UO552,MXY,0,0.0,0,0,0.0,0,0,0,0.0,0.5205078125,1,P2_CV0,1,1,1,1,1
2,5.496624778787091,6.529835889274153,Age0_F2_m2f9_P2_Y20_UO221,RD2_F5_m1f5_P1_Y18_UO153,RD9_F6_m9f2_P9_Y18_UO571,FXX,0,0.0,0,0,0.0,0,0,0,0.0,0.530029296875,1,P2_CV0,1,1,1,0,2
2,5.496624778787091,6.529835889274153,Age0_F2_m2f9_P2_Y20_UO222,RD2_F5_m1f5_P1_Y18_UO153,RD9_F6_m9f2_P9_Y18_UO571,MXY,0,0.0,0,0,0.0,0,0,0,0.0,0.530029296875,1,P2_CV0,1,2,0,0,2
2,5.496624778787091,6.529835889274153,Age0_F2_m2f3_P2_Y20_UO248,RD2_F5_m1f5_P1_Y18_UO270,RD3_F2_m6f3_P6_Y18_UO197,MXY,0,0.0,0,0,0.0,0,0,0,0.0,0.521728515625,1,P2_CV0,1,0,2,2,0
2,5.496624778787091,6.529835889274153,Age0_F2_m2f5_P2_Y20_UO425,RD2_F9_m2f6_P2_Y18_UO261,RD5_F1_m5f2_P5_Y18_UO136,FXX,0,0.0,0,0,0.0,0,0,0,0.0,0.544189453125,1,P2_CV0,1,2,0,1,1
2,5.496624778787091,6.529835889274153,Age0_F2_m2f5_P2_Y20_UO426,RD2_F9_m2f6_P2_Y18_UO261,RD5_F1_m5f2_P5_Y18_UO136,MXY,0,0.0,0,0,0.0,0,0,0,0.0,0.544189453125,1,P2_CV0,1,1,1,1,1
2,5.496624778787091,6.529835889274153,Age0_F2_m2f5_P2_Y20_UO600,RD2_F6_m9f2_P9_Y18_UO524,RD5_F1_m5f2_P5_Y18_UO699,MXY,0,0.0,0,0,0.0,0,0,0,0.0,0.532470703125,1,P2_CV0,1,1,1,1,1
2,5.496624778787091,6.529835889274153,Age0_F2_m2f5_P2_Y20_UO601,RD2_F6_m9f2_P9_Y18_UO524,RD5_F1_m5f2_P5_Y18_UO699,FXX,0,0.0,0,0,0.0,0,0,0,0.0,0.532470703125,1,P2_CV0,1,0,2,1,1
2,5.496624778787091,6.529835889274153,Age0_F2_m2f5_P2_Y20_UO615,RD2_F6_m3f7_P3_Y18_UO497,RD5_F1_m5f1_P5_Y18_UO559,MXY,0,0.0,0,0,0.0,0,0,0,0.0,0.52490234375,1,P2_CV0,1,0,2,0,2
2,5.496624778787091,6.529835889274153,Age0_F2_m2f9_P2_Y20_UO694,RD2_F5_m1f5_P1_Y18_UO270,RD9_F6_m9f6_P9_Y16_UO654,MXY,0,0.0,0,0,0.0,0,0,0,0.0,0.51953125,1,P2_CV0,1,0,2,2,0
2,5.496624778787091,6.529835889274153,Age0_F2_m2f9_P2_Y20_UO695,RD2_F5_m1f5_P1_Y18_UO270,RD9_F6_m9f6_P9_Y16_UO654,FXX,0,0.0,0,0,0.0,0,0,0,0.0,0.51953125,1,P2_CV0,1,0,2,2,0
2,5.496624778787091,6.529835889274153,Age0_F2_m2f3_P2_Y20_UO728,RD2_F6_m9f2_P9_Y18_UO103,RD3_F6_m9f2_P9_Y18_UO581,FXX,0,0.0,0,0,0.0,0,0,0,0.0,0.521240234375,1,P2_CV0,1,2,0,2,0
2,5.496624778787091,6.529835889274153,Age0_F2_m2f3_P2_Y20_UO729,RD2_F6_m9f2_P9_Y18_UO103,RD3_F6_m9f2_P9_Y18_UO581,MXY,0,0.0,0,0,0.0,0,0,0,0.0,0.521240234375,1,P2_CV0,1,1,1,0,2
2,5.496624778787091,6.529835889274153,Age0_F2_m2f3_P2_Y20_UO730,RD2_F6_m9f2_P9_Y18_UO103,RD3_F6_m9f2_P9_Y18_UO581,MXY,0,0.0,0,0,0.0,0,0,0,0.0,0.521240234375,1,P2_CV0,1,1,1,0,2
2,5.496624778787091,6.529835889274153,R2_F2_m1f5_P1_Y18_UO154,RD1_F5_m1f5_P1_Y16_UO438,RD5_F1_m5f2_P5_Y16_UO329,FXX,2,0.0,1,0,1.0,0,0,0,-9999.0,0.53857421875,1,P2_CV0,1,0,2,0,2
2,5.496624778787091,6.529835889274153,R2_F2_m1f5_P1_Y18_UO270,RD1_F5_m3f7_P3_Y16_UO206,RD5_F1_m5f2_P5_Y16_UO308,FXX,2,0.0,1,0,1.0,0,0,0,-9999.0,0.5068359375,1,P2_CV0,1,0,2,2,0
2,5.496624778787091,6.529835889274153,Age0_F2_m2f3_P2_Y20_UO7,RD2_F9_m2f5_P2_Y18_UO443,RD3_F2_m6f3_P6_Y18_UO197,FXX,0,0.0,0,0,0.0,0,0,0,0.0,0.52197265625,1,P3_CV0,1,1,1,2,0
2,5.496624778787091,6.529835889274153,Age0_F2_m2f3_P2_Y20_UO8,RD2_F9_m2f5_P2_Y18_UO443,RD3_F2_m6f3_P6_Y18_UO197,FXX,0,0.0,0,0,0.0,0,0,0,0.0,0.52197265625,1,P3_CV0,1,1,1,1,1
2,5.496624778787091,6.529835889274153,Age0_F2_m2f3_P2_Y20_UO59,RD2_F6_m9f2_P9_Y18_UO524,RD3_F5_m3f6_P3_Y18_UO201,MXY,0,0.0,0,0,0.0,0,0,0,0.0,0.545654296875,1,P3_CV0,1,1,1,1,1
2,5.496624778787091,6.529835889274153,Age0_F2_m2f5_P2_Y20_UO67,RD2_F5_m1f5_P1_Y18_UO154,RD5_F3_m6f3_P6_Y18_UO198,MXY,0,0.0,0,0,0.0,0,0,0,0.0,0.53759765625,1,P3_CV0,1,0,2,0,2
2,5.496624778787091,6.529835889274153,Age0_F2_m2f5_P2_Y20_UO94,RD2_F5_m1f5_P1_Y18_UO517,RD5_F1_m5f1_P5_Y18_UO559,MXY,0,0.0,0,0,0.0,0,0,0,0.0,0.526123046875,1,P3_CV0,1,0,2,0,2
2,5.496624778787091,6.529835889274153,Age0_F2_m2f5_P2_Y20_UO95,RD2_F5_m1f5_P1_Y18_UO517,RD5_F1_m5f1_P5_Y18_UO559,FXX,0,0.0,0,0,0.0,0,0,0,0.0,0.526123046875,1,P3_CV0,1,1,1,0,2
2,5.496624778787091,6.529835889274153,Age0_F2_m2f3_P2_Y20_UO163,RD2_F5_m3f7_P3_Y18_UO511,RD3_F2_m6f3_P6_Y18_UO50,MXY,0,0.0,0,0,0.0,0,0,0,0.0,0.533935546875,1,P3_CV0,1,1,1,1,1
2,5.496624778787091,6.529835889274153,Age0_F2_m2f3_P2_Y20_UO164,RD2_F5_m3f7_P3_Y18_UO511,RD3_F2_m6f3_P6_Y18_UO50,MXY,0,0.0,0,0,0.0,0,0,0,0.0,0.533935546875,1,P3_CV0,1,2,0,1,1
2,5.496624778787091,6.529835889274153,Age0_F2_m2f3_P2_Y20_UO165,RD2_F5_m3f7_P3_Y18_UO511,RD3_F2_m6f3_P6_Y18_UO50,MXY,0,0.0,0,0,0.0,0,0,0,0.0,0.533935546875,1,P3_CV0,1,1,1,1,1
2,5.496624778787091,6.529835889274153,Age0_F2_m2f9_P2_Y20_UO206,RD2_F3_m7f4_P7_Y18_UO452,RD9_F6_m9f6_P9_Y18_UO258,MXY,0,0.0,0,0,0.0,0,0,0,0.0,0.528564453125,1,P3_CV0,1,0,2,2,0
2,5.496624778787091,6.529835889274153,Age0_F2_m2f9_P2_Y20_UO374,RD2_F3_m5f1_P5_Y18_UO555,RD9_F6_m9f6_P9_Y16_UO654,FXX,0,0.0,0,0,0.0,0,0,0,0.0,0.52392578125,1,P3_CV0,1,0,2,1,1
2,5.496624778787091,6.529835889274153,Age0_F2_m2f6_P2_Y20_UO420,RD2_F3_m7f4_P7_Y18_UO452,RD6_F9_m6f3_P6_Y18_UO199,FXX,0,0.0,0,0,0.0,0,0,0,0.0,0.540283203125,1,P3_CV0,1,2,0,2,0
2,5.496624778787091,6.529835889274153,Age0_F2_m2f6_P2_Y20_UO421,RD2_F3_m7f4_P7_Y18_UO452,RD6_F9_m6f3_P6_Y18_UO199,MXY,0,0.0,0,0,0.0,0,0,0,0.0,0.540283203125,1,P3_CV0,1,0,2,1,1
2,5.496624778787091,6.529835889274153,Age0_F2_m2f6_P2_Y20_UO422,RD2_F3_m7f4_P7_Y18_UO452,RD6_F9_m6f3_P6_Y18_UO199,MXY,0,0.0,0,0,0.0,0,0,0,0.0,0.540283203125,1,P3_CV0,1,0,2,1,1
2,5.496624778787091,6.529835889274153,Age0_F2_m2f9_P2_Y20_UO479,RD2_F5_m1f5_P1_Y18_UO121,RD9_F2_m3f7_P3_Y18_UO586,FXX,0,0.0,0,0,0.0,0,0,0,0.0,0.531494140625,1,P3_CV0,1,0,2,1,1
2,5.496624778787091,6.529835889274153,Age0_F2_m2f9_P2_Y20_UO480,RD2_F5_m1f5_P1_Y18_UO121,RD9_F2_m3f7_P3_Y18_UO586,FXX,0,0.0,0,0,0.0,0,0,0,0.0,0.531494140625,1,P3_CV0,1,1,1,0,2
2,5.496624778787091,6.529835889274153,Age0_F2_m2f9_P2_Y20_UO481,RD2_F5_m1f5_P1_Y18_UO121,RD9_F2_m3f7_P3_Y18_UO586,MXY,0,0.0,0,0,0.0,0,0,0,0.0,0.531494140625,1,P3_CV0,1,1,1,0,2
2,5.496624778787091,6.529835889274153,Age0_F2_m2f3_P2_Y20_UO575,RD2_F3_m5f1_P5_Y18_UO555,RD3_F7_m4f7_P4_Y18_UO232,FXX,0,0.0,0,0,0.0,0,0,0,0.0,0.514892578125,1,P3_CV0,1,1,1,0,2
2,5.496624778787091,6.529835889274153,Age0_F2_m2f5_P2_Y20_UO614,RD2_F6_m3f7_P3_Y18_UO497,RD5_F1_m5f1_P5_Y18_UO559,MXY,0,0.0,0,0,0.0,0,0,0,0.0,0.52490234375,1,P3_CV0,1,1,1,0,2
2,5.496624778787091,6.529835889274153,Age0_F2_m2f3_P2_Y20_UO685,RD2_F5_m1f5_P1_Y18_UO153,RD3_F2_m6f3_P6_Y18_UO197,MXY,0,0.0,0,0,0.0,0,0,0,0.0,0.53759765625,1,P3_CV0,1,1,1,1,1
2,5.496624778787091,6.529835889274153,Age0_F2_m2f3_P2_Y20_UO686,RD2_F5_m1f5_P1_Y18_UO153,RD3_F2_m6f3_P6_Y18_UO197,MXY,0,0.0,0,0,0.0,0,0,0,0.0,0.53759765625,1,P3_CV0,1,0,2,1,1
2,5.496624778787091,6.529835889274153,Age0_F2_m2f5_P2_Y20_UO706,RD2_F3_m7f4_P7_Y18_UO452,RD5_F1_m5f2_P5_Y18_UO46,FXX,0,0.0,0,0,0.0,0,0,0,0.0,0.548828125,1,P3_CV0,1,2,0,1,1
2,5.496624778787091,6.529835889274153,Age0_F2_m2f5_P2_Y20_UO707,RD2_F3_m7f4_P7_Y18_UO452,RD5_F1_m5f2_P5_Y18_UO46,FXX,0,0.0,0,0,0.0,0,0,0,0.0,0.548828125,1,P3_CV0,1,1,1,1,1
2,5.496624778787091,6.529835889274153,Age0_F2_m2f3_P2_Y20_UO720,RD2_F9_m6f9_P6_Y18_UO345,RD3_F5_m3f6_P3_Y18_UO201,MXY,0,0.0,0,0,0.0,0,0,0,0.0,0.523681640625,1,P3_CV0,1,1,1,0,2
2,5.496624778787091,6.529835889274153,Age0_F2_m2f6_P2_Y20_UO20,RD2_F5_m1f5_P1_Y18_UO517,RD6_F3_m7f3_P7_Y18_UO212,FXX,0,0.0,0,0,0.0,0,0,0,0.0,0.5302734375,1,P4_CV0,1,1,1,1,1
2,5.496624778787091,6.529835889274153,Age0_F2_m2f5_P2_Y20_UO28,RD2_F9_m2f5_P2_Y18_UO714,RD5_F1_m5f3_P5_Y18_UO5,FXX,0,0.0,0,0,0.0,0,0,0,0.0,0.530517578125,1,P4_CV0,1,1,1,0,2
2,5.496624778787091,6.529835889274153,Age0_F2_m2f5_P2_Y20_UO29,RD2_F9_m2f5_P2_Y18_UO714,RD5_F1_m5f3_P5_Y18_UO5,MXY,0,0.0,0,0,0.0,0,0,0,0.0,0.530517578125,1,P4_CV0,1,2,0,0,2
2,5.496624778787091,6.529835889274153,Age0_F2_m2f5_P2_Y20_UO30,RD2_F9_m2f5_P2_Y18_UO714,RD5_F1_m5f3_P5_Y18_UO5,FXX,0,0.0,0,0,0.0,0,0,0,0.0,0.530517578125,1,P4_CV0,1,1,1,0,2
2,5.496624778787091,6.529835889274153,Age0_F2_m2f3_P2_Y20_UO92,RD2_F9_m2f9_P2_Y18_UO107,RD3_F7_m4f7_P4_Y18_UO232,FXX,0,0.0,0,0,0.0,0,0,0,0.0,0.506103515625,1,P4_CV0,1,2,0,0,2
2,5.496624778787091,6.529835889274153,Age0_F2_m2f5_P2_Y20_UO107,RD2_F9_m6f2_P6_Y18_UO401,RD5_F1_m5f2_P5_Y18_UO240,FXX,0,0.0,0,0,0.0,0,0,0,0.0,0.548095703125,1,P4_CV0,1,1,1,1,1
2,5.496624778787091,6.529835889274153,Age0_F2_m2f5_P2_Y20_UO108,RD2_F9_m6f2_P6_Y18_UO401,RD5_F1_m5f2_P5_Y18_UO240,FXX,0,0.0,0,0,0.0,0,0,0,0.0,0.548095703125,1,P4_CV0,1,0,2,1,1
2,5.496624778787091,6.529835889274153,Age0_F2_m2f9_P2_Y20_UO141,RD2_F3_m6f2_P6_Y18_UO528,RD9_F2_m5f1_P5_Y18_UO552,FXX,0,0.0,0,0,0.0,0,0,0,0.0,0.5205078125,1,P4_CV0,1,0,2,1,1
2,5.496624778787091,6.529835889274153,Age0_F2_m2f3_P2_Y20_UO143,RD2_F3_m2f3_P2_Y18_UO679,RD3_F5_m1f5_P1_Y18_UO371,MXY,0,0.0,0,0,0.0,0,0,0,0.0,0.54296875,1,P4_CV0,1,2,0,1,1
2,5.496624778787091,6.529835889274153,Age0_F2_m2f3_P2_Y20_UO144,RD2_F3_m2f3_P2_Y18_UO679,RD3_F5_m1f5_P1_Y18_UO371,FXX,0,0.0,0,0,0.0,0,0,0,0.0,0.54296875,1,P4_CV0,1,2,0,1,1
2,5.496624778787091,6.529835889274153,Age0_F2_m2f3_P2_Y20_UO240,RD2_F3_m7f4_P7_Y18_UO247,RD3_F6_m3f7_P3_Y18_UO361,FXX,0,0.0,0,0,0.0,0,0,0,0.0,0.534423828125,1,P4_CV0,1,1,1,1,1
2,5.496624778787091,6.529835889274153,Age0_F2_m2f9_P2_Y20_UO304,RD2_F9_m2f6_P2_Y18_UO261,RD9_F2_m6f9_P6_Y18_UO34,FXX,0,0.0,0,0,0.0,0,0,0,0.0,0.543701171875,1,P4_CV0,1,0,2,1,1
2,5.496624778787091,6.529835889274153,Age0_F2_m2f9_P2_Y20_UO305,RD2_F9_m2f6_P2_Y18_UO261,RD9_F2_m6f9_P6_Y18_UO34,MXY,0,0.0,0,0,0.0,0,0,0,0.0,0.543701171875,1,P4_CV0,1,1,1,1,1
2,5.496624778787091,6.529835889274153,Age0_F2_m2f9_P2_Y20_UO375,RD2_F3_m5f1_P5_Y18_UO555,RD9_F6_m9f6_P9_Y16_UO654,MXY,0,0.0,0,0,0.0,0,0,0,0.0,0.52392578125,1,P4_CV0,1,0,2,1,1
2,5.496624778787091,6.529835889274153,Age0_F2_m2f9_P2_Y20_UO376,RD2_F3_m5f1_P5_Y18_UO555,RD9_F6_m9f6_P9_Y16_UO654,MXY,0,0.0,0,0,0.0,0,0,0,0.0,0.52392578125,1,P4_CV0,1,0,2,1,1
2,5.496624778787091,6.529835889274153,Age0_F2_m2f3_P2_Y20_UO576,RD2_F3_m5f1_P5_Y18_UO555,RD3_F7_m4f7_P4_Y18_UO232,FXX,0,0.0,0,0,0.0,0,0,0,0.0,0.514892578125,1,P4_CV0,1,1,1,0,2
2,5.496624778787091,6.529835889274153,Age0_F2_m2f3_P2_Y20_UO577,RD2_F3_m5f1_P5_Y18_UO555,RD3_F7_m4f7_P4_Y18_UO232,FXX,0,0.0,0,0,0.0,0,0,0,0.0,0.514892578125,1,P4_CV0,1,1,1,1,1
2,5.496624778787091,6.529835889274153,Age0_F2_m2f9_P2_Y20_UO583,RD2_F9_m2f6_P2_Y18_UO261,RD9_F6_m9f2_P9_Y18_UO578,MXY,0,0.0,0,0,0.0,0,0,0,0.0,0.5322265625,1,P4_CV0,1,1,1,1,1
2,5.496624778787091,6.529835889274153,Age0_F2_m2f9_P2_Y20_UO584,RD2_F9_m2f6_P2_Y18_UO261,RD9_F6_m9f2_P9_Y18_UO578,FXX,0,0.0,0,0,0.0,0,0,0,0.0,0.5322265625,1,P4_CV0,1,1,1,1,1
2,5.496624778787091,6.529835889274153,Age0_F2_m2f3_P2_Y20_UO683,RD2_F9_m2f5_P2_Y18_UO714,RD3_F6_m3f7_P3_Y18_UO361,MXY,0,0.0,0,0,0.0,0,0,0,0.0,0.5380859375,1,P4_CV0,1,1,1,0,2
2,5.496624778787091,6.529835889274153,Age0_F2_m2f3_P2_Y20_UO684,RD2_F9_m2f5_P2_Y18_UO714,RD3_F6_m3f7_P3_Y18_UO361,MXY,0,0.0,0,0,0.0,0,0,0,0.0,0.5380859375,1,P4_CV0,1,1,1,0,2
2,5.496624778787091,6.529835889274153,Age0_F2_m2f5_P2_Y20_UO705,RD2_F3_m7f4_P7_Y18_UO452,RD5_F1_m5f2_P5_Y18_UO46,FXX,0,0.0,0,0,0.0,0,0,0,0.0,0.548828125,1,P4_CV0,1,1,1,1,1
2,5.496624778787091,6.529835889274153,R2_F2_m3f6_P3_Y18_UO306,RD3_F5_m1f5_P1_Y16_UO440,RD6_F9_m9f2_P9_Y15_UO304,MXY,2,0.0,1,0,0.0,0,0,0,-9999.0,0.5126953125,1,P4_CV0,1,1,1,1,1
2,5.496624778787091,6.529835889274153,Age0_F2_m2f3_P2_Y20_UO142,RD2_F3_m2f3_P2_Y18_UO679,RD3_F5_m1f5_P1_Y18_UO371,FXX,0,0.0,0,0,0.0,0,0,0,0.0,0.54296875,1,P5_CV0,1,2,0,1,1
2,5.496624778787091,6.529835889274153,Age0_F2_m2f3_P2_Y20_UO202,RD2_F9_m6f2_P6_Y18_UO401,RD3_F6_m9f6_P9_Y18_UO533,MXY,0,0.0,0,0,0.0,0,0,0,0.0,0.53857421875,1,P5_CV0,1,1,1,1,1
2,5.496624778787091,6.529835889274153,Age0_F2_m2f3_P2_Y20_UO203,RD2_F9_m6f2_P6_Y18_UO401,RD3_F6_m9f6_P9_Y18_UO533,FXX,0,0.0,0,0,0.0,0,0,0,0.0,0.53857421875,1,P5_CV0,1,1,1,1,1
2,5.496624778787091,6.529835889274153,Age0_F2_m2f5_P2_Y20_UO228,RD2_F5_m1f5_P1_Y18_UO121,RD5_F1_m5f2_P5_Y18_UO699,MXY,0,0.0,0,0,0.0,0,0,0,0.0,0.52783203125,1,P5_CV0,1,1,1,1,1
2,5.496624778787091,6.529835889274153,Age0_F2_m2f9_P2_Y20_UO231,RD2_F9_m2f5_P2_Y18_UO189,RD9_F6_m9f2_P9_Y18_UO100,MXY,0,0.0,0,0,0.0,0,0,0,0.0,0.5322265625,1,P5_CV0,1,2,0,1,1
2,5.496624778787091,6.529835889274153,Age0_F2_m2f9_P2_Y20_UO232,RD2_F9_m2f5_P2_Y18_UO189,RD9_F6_m9f2_P9_Y18_UO100,FXX,0,0.0,0,0,0.0,0,0,0,0.0,0.5322265625,1,P5_CV0,1,2,0,2,0
2,5.496624778787091,6.529835889274153,Age0_F2_m2f3_P2_Y20_UO486,RD2_F9_m2f5_P2_Y18_UO282,RD3_F6_m9f6_P9_Y18_UO657,FXX,0,0.0,0,0,0.0,0,0,0,0.0,0.549560546875,1,P5_CV0,1,1,1,1,1
2,5.496624778787091,6.529835889274153,Age0_F2_m2f3_P2_Y20_UO517,RD2_F5_m1f5_P1_Y18_UO121,RD3_F7_m4f8_P4_Y18_UO216,MXY,0,0.0,0,0,0.0,0,0,0,0.0,0.53759765625,1,P5_CV0,1,1,1,1,1
2,5.496624778787091,6.529835889274153,Age0_F2_m2f3_P2_Y20_UO518,RD2_F5_m1f5_P1_Y18_UO121,RD3_F7_m4f8_P4_Y18_UO216,MXY,0,0.0,0,0,0.0,0,0,0,0.0,0.53759765625,1,P5_CV0,1,0,2,1,1
2,5.496624778787091,6.529835889274153,Age0_F2_m2f5_P2_Y20_UO593,RD2_F3_m6f2_P6_Y18_UO528,RD5_F1_m5f2_P5_Y16_UO92,FXX,0,0.0,0,0,0.0,0,0,0,0.0,0.51806640625,1,P5_CV0,1,0,2,1,1
2,5.496624778787091,6.529835889274153,Age0_F2_m2f5_P2_Y20_UO594,RD2_F3_m6f2_P6_Y18_UO528,RD5_F1_m5f2_P5_Y16_UO92,MXY,0,0.0,0,0,0.0,0,0,0,0.0,0.51806640625,1,P5_CV0,1,0,2,1,1
2,5.496624778787091,6.529835889274153,R2_F2_m9f2_P9_Y19_UO238,RD9_F6_m2f3_P2_Y17_UO119,RD2_F9_m2f6_P2_Y16_UO50,MXY,1,0.0,1,1,0.0,0,0,0,-9999.0,0.546875,1,P5_CV0,1,2,0,1,1
2,5.496624778787091,6.529835889274153,Age0_F2_m2f9_P2_Y20_UO207,RD2_F3_m7f4_P7_Y18_UO452,RD9_F6_m9f6_P9_Y18_UO258,MXY,0,0.0,0,0,0.0,0,0,0,0.0,0.528564453125,1,P8_CV0,1,1,1,1,1
2,5.496624778787091,6.529835889274153,Age0_F2_m2f9_P2_Y20_UO208,RD2_F3_m7f4_P7_Y18_UO452,RD9_F6_m9f6_P9_Y18_UO258,MXY,0,0.0,0,0,0.0,0,0,0,0.0,0.528564453125,1,P8_CV0,1,0,2,1,1
2,5.496624778787091,6.529835889274153,Age0_F2_m2f6_P2_Y20_UO466,RD2_F5_m2f5_P2_Y18_UO369,RD6_F2_m9f6_P9_Y18_UO478,FXX,0,0.0,0,0,0.0,0,0,0,0.0,0.526123046875,1,P8_CV0,1,1,1,1,1
3,4.20367802087489,4.955022315058112,Age0_F3_m3f6_P3_Y20_UO79,RD3_F5_m1f5_P1_Y18_UO531,RD6_F2_m9f6_P9_Y18_UO478,MXY,0,0.0,0,0,0.0,0,0,0,0.0,0.532958984375,1,P0_CV0,1,1,1,2,0
3,4.20367802087489,4.955022315058112,Age0_F3_m3f7_P3_Y20_UO104,RD3_F7_m4f8_P4_Y18_UO711,RD7_F4_m7f3_P7_Y16_UO213,FXX,0,0.0,0,0,0.0,0,0,0,0.0,0.517822265625,1,P0_CV0,1,0,2,0,2
3,4.20367802087489,4.955022315058112,Age0_F3_m3f7_P3_Y20_UO105,RD3_F7_m4f8_P4_Y18_UO711,RD7_F4_m7f3_P7_Y16_UO213,MXY,0,0.0,0,0,0.0,0,0,0,0.0,0.517822265625,1,P0_CV0,1,0,2,0,2
3,4.20367802087489,4.955022315058112,Age0_F3_m3f7_P3_Y20_UO106,RD3_F7_m4f8_P4_Y18_UO711,RD7_F4_m7f3_P7_Y16_UO213,MXY,0,0.0,0,0,0.0,0,0,0,0.0,0.517822265625,1,P0_CV0,1,1,1,0,2
3,4.20367802087489,4.955022315058112,Age0_F3_m3f6_P3_Y20_UO134,RD3_F5_m1f5_P1_Y18_UO664,RD6_F9_m2f6_P2_Y18_UO32,MXY,0,0.0,0,0,0.0,0,0,0,0.0,0.5498046875,1,P0_CV0,1,0,2,1,1
3,4.20367802087489,4.955022315058112,Age0_F3_m3f6_P3_Y20_UO135,RD3_F5_m1f5_P1_Y18_UO664,RD6_F9_m2f6_P2_Y18_UO32,FXX,0,0.0,0,0,0.0,0,0,0,0.0,0.5498046875,1,P0_CV0,1,0,2,1,1
3,4.20367802087489,4.955022315058112,Age0_F3_m3f6_P3_Y20_UO137,RD3_F5_m1f5_P1_Y18_UO664,RD6_F9_m2f6_P2_Y18_UO32,MXY,0,0.0,0,0,0.0,0,0,0,0.0,0.5498046875,1,P0_CV0,1,1,1,1,1
3,4.20367802087489,4.955022315058112,Age0_F3_m3f6_P3_Y20_UO138,RD3_F5_m1f5_P1_Y18_UO664,RD6_F9_m2f6_P2_Y18_UO32,FXX,0,0.0,0,0,0.0,0,0,0,0.0,0.5498046875,1,P0_CV0,1,1,1,1,1
3,4.20367802087489,4.955022315058112,Age0_F3_m3f7_P3_Y20_UO461,RD3_F5_m2f9_P2_Y18_UO685,RD7_F4_m7f3_P7_Y16_UO213,MXY,0,0.0,0,0,0.0,0,0,0,0.0,0.52734375,1,P0_CV0,1,1,1,1,1
3,4.20367802087489,4.955022315058112,Age0_F3_m3f7_P3_Y20_UO463,RD3_F5_m2f9_P2_Y18_UO685,RD7_F4_m7f3_P7_Y16_UO213,FXX,0,0.0,0,0,0.0,0,0,0,0.0,0.52734375,1,P0_CV0,1,1,1,1,1
3,4.20367802087489,4.955022315058112,R3_F3_m6f3_P6_Y19_UO51,RD6_F9_m2f3_P2_Y17_UO126,RD3_F5_m3f2_P3_Y17_UO11,MXY,1,0.0,1,1,0.0,0,0,0,-9999.0,0.54443359375,1,P0_CV0,1,1,1,2,0
3,4.20367802087489,4.955022315058112,R3_F3_m1f5_P1_Y18_UO531,RD1_F5_m1f5_P1_Y16_UO18,RD5_F1_m2f3_P2_Y15_UO62,FXX,2,0.0,1,0,1.0,0,0,0,-9999.0,0.53662109375,1,P0_CV0,1,0,2,2,0
3,4.20367802087489,4.955022315058112,Age0_F3_m3f6_P3_Y20_UO76,RD3_F5_m1f5_P1_Y18_UO531,RD6_F2_m9f6_P9_Y18_UO478,MXY,0,0.0,0,0,0.0,0,0,0,0.0,0.532958984375,1,P1_CV0,1,1,1,2,0
3,4.20367802087489,4.955022315058112,Age0_F3_m3f6_P3_Y20_UO77,RD3_F5_m1f5_P1_Y18_UO531,RD6_F2_m9f6_P9_Y18_UO478,FXX,0,0.0,0,0,0.0,0,0,0,0.0,0.532958984375,1,P1_CV0,1,1,1,2,0
3,4.20367802087489,4.955022315058112,Age0_F3_m3f6_P3_Y20_UO78,RD3_F5_m1f5_P1_Y18_UO531,RD6_F2_m9f6_P9_Y18_UO478,MXY,0,0.0,0,0,0.0,0,0,0,0.0,0.532958984375,1,P1_CV0,1,1,1,2,0
3,4.20367802087489,4.955022315058112,Age0_F3_m3f2_P3_Y20_UO432,RD3_F7_m4f8_P4_Y18_UO39,RD2_F5_m1f5_P1_Y18_UO662,FXX,0,0.0,0,0,0.0,0,0,0,0.0,0.534423828125,1,P1_CV0,1,2,0,0,2
3,4.20367802087489,4.955022315058112,Age0_F3_m3f2_P3_Y20_UO433,RD3_F7_m4f8_P4_Y18_UO39,RD2_F5_m1f5_P1_Y18_UO662,FXX,0,0.0,0,0,0.0,0,0,0,0.0,0.534423828125,1,P1_CV0,1,1,1,0,2
3,4.20367802087489,4.955022315058112,Age0_F3_m3f2_P3_Y20_UO435,RD3_F7_m4f8_P4_Y18_UO39,RD2_F5_m1f5_P1_Y18_UO662,FXX,0,0.0,0,0,0.0,0,0,0,0.0,0.534423828125,1,P1_CV0,1,1,1,0,2
3,4.20367802087489,4.955022315058112,R3_F3_m7f4_P7_Y19_UO117,RD7_F4_m8f4_P8_Y17_UO358,RD4_F8_m4f7_P4_Y17_UO310,FXX,1,0.0,1,1,1.0,0,0,0,-9999.0,0.54736328125,1,P1_CV0,1,2,0,1,1
3,4.20367802087489,4.955022315058112,R3_F3_m3f7_P3_Y18_UO361,RD3_F5_m3f2_P3_Y16_UO690,RD7_F4_m8f4_P8_Y16_UO32,MXY,2,0.0,1,0,0.0,0,0,0,-9999.0,0.54541015625,1,P1_CV0,1,0,2,0,2
3,4.20367802087489,4.955022315058112,R3_F3_m4f8_P4_Y18_UO711,RD4_F8_m4f7_P4_Y16_UO510,RD8_F4_m7f3_P7_Y16_UO213,FXX,2,0.0,1,0,1.0,0,0,0,-9999.0,0.51416015625,1,P1_CV0,1,0,2,0,2
3,4.20367802087489,4.955022315058112,Age0_F3_m3f2_P3_Y20_UO171,RD3_F6_m9f6_P9_Y18_UO279,RD2_F5_m1f5_P1_Y16_UO196,MXY,0,0.0,0,0,0.0,0,0,0,0.0,0.520263671875,1,P2_CV0,1,1,1,1,1
3,4.20367802087489,4.955022315058112,Age0_F3_m3f2_P3_Y20_UO172,RD3_F6_m9f6_P9_Y18_UO279,RD2_F5_m1f5_P1_Y16_UO196,MXY,0,0.0,0,0,0.0,0,0,0,0.0,0.520263671875,1,P2_CV0,1,1,1,0,2
3,4.20367802087489,4.955022315058112,Age0_F3_m3f2_P3_Y20_UO173,RD3_F6_m9f6_P9_Y18_UO279,RD2_F5_m1f5_P1_Y16_UO196,MXY,0,0.0,0,0,0.0,0,0,0,0.0,0.520263671875,1,P2_CV0,1,1,1,1,1
3,4.20367802087489,4.955022315058112,Age0_F3_m3f2_P3_Y20_UO174,RD3_F6_m9f6_P9_Y18_UO279,RD2_F5_m1f5_P1_Y16_UO196,MXY,0,0.0,0,0,0.0,0,0,0,0.0,0.520263671875,1,P2_CV0,1,1,1,1,1
3,4.20367802087489,4.955022315058112,Age0_F3_m3f2_P3_Y20_UO175,RD3_F6_m9f6_P9_Y18_UO279,RD2_F5_m1f5_P1_Y16_UO196,MXY,0,0.0,0,0,0.0,0,0,0,0.0,0.520263671875,1,P2_CV0,1,1,1,0,2
3,4.20367802087489,4.955022315058112,Age0_F3_m3f6_P3_Y20_UO176,RD3_F5_m1f5_P1_Y18_UO372,RD6_F2_m9f6_P9_Y18_UO645,MXY,0,0.0,0,0,0.0,0,0,0,0.0,0.519287109375,1,P2_CV0,1,1,1,2,0
3,4.20367802087489,4.955022315058112,Age0_F3_m3f6_P3_Y20_UO178,RD3_F5_m1f5_P1_Y18_UO372,RD6_F2_m9f6_P9_Y18_UO645,FXX,0,0.0,0,0,0.0,0,0,0,0.0,0.519287109375,1,P2_CV0,1,1,1,1,1
3,4.20367802087489,4.955022315058112,Age0_F3_m3f6_P3_Y20_UO179,RD3_F5_m1f5_P1_Y18_UO372,RD6_F2_m9f6_P9_Y18_UO645,MXY,0,0.0,0,0,0.0,0,0,0,0.0,0.519287109375,1,P2_CV0,1,1,1,1,1
3,4.20367802087489,4.955022315058112,Age0_F3_m3f7_P3_Y20_UO199,RD3_F5_m2f9_P2_Y18_UO685,RD7_F4_m8f4_P8_Y18_UO348,MXY,0,0.0,0,0,0.0,0,0,0,0.0,0.528076171875,1,P2_CV0,1,2,0,2,0
3,4.20367802087489,4.955022315058112,Age0_F3_m3f7_P3_Y20_UO200,RD3_F5_m2f9_P2_Y18_UO685,RD7_F4_m8f4_P8_Y18_UO348,FXX,0,0.0,0,0,0.0,0,0,0,0.0,0.528076171875,1,P2_CV0,1,1,1,2,0
3,4.20367802087489,4.955022315058112,Age0_F3_m3f7_P3_Y20_UO201,RD3_F5_m2f9_P2_Y18_UO685,RD7_F4_m8f4_P8_Y18_UO348,FXX,0,0.0,0,0,0.0,0,0,0,0.0,0.528076171875,1,P2_CV0,1,1,1,2,0
3,4.20367802087489,4.955022315058112,Age0_F3_m3f2_P3_Y20_UO238,RD3_F2_m9f2_P9_Y18_UO582,RD2_F5_m1f5_P1_Y16_UO196,MXY,0,0.0,0,0,0.0,0,0,0,0.0,0.50439453125,1,P2_CV0,1,2,0,0,2
3,4.20367802087489,4.955022315058112,Age0_F3_m3f2_P3_Y20_UO239,RD3_F2_m9f2_P9_Y18_UO582,RD2_F5_m1f5_P1_Y16_UO196,MXY,0,0.0,0,0,0.0,0,0,0,0.0,0.50439453125,1,P2_CV0,1,2,0,1,1
3,4.20367802087489,4.955022315058112,Age0_F3_m3f7_P3_Y20_UO266,RD3_F5_m1f5_P1_Y18_UO372,RD7_F3_m6f2_P6_Y18_UO178,MXY,0,0.0,0,0,0.0,0,0,0,0.0,0.51904296875,1,P2_CV0,1,2,0,2,0
3,4.20367802087489,4.955022315058112,Age0_F3_m3f7_P3_Y20_UO267,RD3_F5_m1f5_P1_Y18_UO372,RD7_F3_m6f2_P6_Y18_UO178,MXY,0,0.0,0,0,0.0,0,0,0,0.0,0.51904296875,1,P2_CV0,1,2,0,1,1
3,4.20367802087489,4.955022315058112,Age0_F3_m3f7_P3_Y20_UO270,RD3_F5_m1f5_P1_Y18_UO372,RD7_F3_m6f2_P6_Y18_UO178,MXY,0,0.0,0,0,0.0,0,0,0,0.0,0.51904296875,1,P2_CV0,1,1,1,2,0
3,4.20367802087489,4.955022315058112,Age0_F3_m3f5_P3_Y20_UO314,RD3_F2_m3f6_P3_Y18_UO8,RD5_F1_m5f2_P5_Y18_UO309,MXY,0,0.0,0,0,0.0,0,0,0,0.0,0.5380859375,1,P2_CV0,1,0,2,1,1
3,4.20367802087489,4.955022315058112,Age0_F3_m3f5_P3_Y20_UO315,RD3_F2_m3f6_P3_Y18_UO8,RD5_F1_m5f2_P5_Y18_UO309,FXX,0,0.0,0,0,0.0,0,0,0,0.0,0.5380859375,1,P2_CV0,1,0,2,0,2
3,4.20367802087489,4.955022315058112,Age0_F3_m3f5_P3_Y20_UO316,RD3_F2_m3f6_P3_Y18_UO8,RD5_F1_m5f2_P5_Y18_UO309,MXY,0,0.0,0,0,0.0,0,0,0,0.0,0.5380859375,1,P2_CV0,1,0,2,1,1
3,4.20367802087489,4.955022315058112,Age0_F3_m3f5_P3_Y20_UO317,RD3_F2_m3f6_P3_Y18_UO8,RD5_F1_m5f2_P5_Y18_UO309,FXX,0,0.0,0,0,0.0,0,0,0,0.0,0.5380859375,1,P2_CV0,1,0,2,1,1
3,4.20367802087489,4.955022315058112,Age0_F3_m3f5_P3_Y20_UO318,RD3_F2_m3f6_P3_Y18_UO8,RD5_F1_m5f2_P5_Y18_UO309,MXY,0,0.0,0,0,0.0,0,0,0,0.0,0.5380859375,1,P2_CV0,1,1,1,0,2
3,4.20367802087489,4.955022315058112,Age0_F3_m3f6_P3_Y20_UO363,RD3_F7_m4f7_P4_Y18_UO386,RD6_F2_m9f6_P9_Y18_UO645,FXX,0,0.0,0,0,0.0,0,0,0,0.0,0.531982421875,1,P2_CV0,1,2,0,1,1
3,4.20367802087489,4.955022315058112,Age0_F3_m3f6_P3_Y20_UO364,RD3_F7_m4f7_P4_Y18_UO386,RD6_F2_m9f6_P9_Y18_UO645,MXY,0,0.0,0,0,0.0,0,0,0,0.0,0.531982421875,1,P2_CV0,1,1,1,1,1
3,4.20367802087489,4.955022315058112,Age0_F3_m3f6_P3_Y20_UO366,RD3_F7_m4f7_P4_Y18_UO386,RD6_F2_m9f6_P9_Y18_UO645,FXX,0,0.0,0,0,0.0,0,0,0,0.0,0.531982421875,1,P2_CV0,1,1,1,1,1
3,4.20367802087489,4.955022315058112,Age0_F3_m3f6_P3_Y20_UO428,RD3_F6_m9f6_P9_Y18_UO279,RD6_F2_m9f6_P9_Y18_UO374,FXX,0,0.0,0,0,0.0,0,0,0,0.0,0.5400390625,1,P2_CV0,1,0,2,1,1
3,4.20367802087489,4.955022315058112,Age0_F3_m3f7_P3_Y20_UO460,RD3_F5_m2f9_P2_Y18_UO685,RD7_F4_m7f3_P7_Y16_UO213,FXX,0,0.0,0,0,0.0,0,0,0,0.0,0.52734375,1,P2_CV0,1,2,0,1,1
3,4.20367802087489,4.955022315058112,Age0_F3_m3f7_P3_Y20_UO462,RD3_F5_m2f9_P2_Y18_UO685,RD7_F4_m7f3_P7_Y16_UO213,FXX,0,0.0,0,0,0.0,0,0,0,0.0,0.52734375,1,P2_CV0,1,1,1,1,1
3,4.20367802087489,4.955022315058112,Age0_F3_m3f2_P3_Y20_UO531,RD3_F2_m9f2_P9_Y18_UO582,RD2_F9_m6f9_P6_Y18_UO111,MXY,0,0.0,0,0,0.0,0,0,0,0.0,0.5283203125,1,P2_CV0,1,2,0,2,0
3,4.20367802087489,4.955022315058112,Age0_F3_m3f2_P3_Y20_UO532,RD3_F2_m9f2_P9_Y18_UO582,RD2_F9_m6f9_P6_Y18_UO111,FXX,0,0.0,0,0,0.0,0,0,0,0.0,0.5283203125,1,P2_CV0,1,2,0,1,1
3,4.20367802087489,4.955022315058112,Age0_F3_m3f2_P3_Y20_UO533,RD3_F2_m9f2_P9_Y18_UO582,RD2_F9_m6f9_P6_Y18_UO111,MXY,0,0.0,0,0,0.0,0,0,0,0.0,0.5283203125,1,P2_CV0,1,2,0,2,0
3,4.20367802087489,4.955022315058112,Age0_F3_m3f2_P3_Y20_UO534,RD3_F2_m9f2_P9_Y18_UO582,RD2_F9_m6f9_P6_Y18_UO111,FXX,0,0.0,0,0,0.0,0,0,0,0.0,0.5283203125,1,P2_CV0,1,2,0,2,0
3,4.20367802087489,4.955022315058112,Age0_F3_m3f2_P3_Y20_UO651,RD3_F2_m9f2_P9_Y18_UO582,RD2_F9_m2f9_P2_Y18_UO686,MXY,0,0.0,0,0,0.0,0,0,0,0.0,0.52587890625,1,P2_CV0,1,1,1,1,1
3,4.20367802087489,4.955022315058112,Age0_F3_m3f2_P3_Y20_UO652,RD3_F2_m9f2_P9_Y18_UO582,RD2_F9_m2f9_P2_Y18_UO686,MXY,0,0.0,0,0,0.0,0,0,0,0.0,0.52587890625,1,P2_CV0,1,1,1,1,1
3,4.20367802087489,4.955022315058112,R3_F3_m9f2_P9_Y18_UO581,RD9_F6_m9f2_P9_Y16_UO451,RD2_F5_m1f5_P1_Y16_UO236,MXY,2,0.0,1,0,0.0,0,0,0,-9999.0,0.5185546875,1,P2_CV0,1,2,0,1,1
3,4.20367802087489,4.955022315058112,R3_F3_m3f5_P3_Y18_UO276,RD3_F6_m3f7_P3_Y16_UO84,RD5_F1_m5f2_P5_Y16_UO462,MXY,2,0.0,1,0,0.0,0,0,0,-9999.0,0.5419921875,1,P2_CV0,1,0,2,1,1
3,4.20367802087489,4.955022315058112,R3_F3_m3f5_P3_Y18_UO90,RD3_F5_m3f2_P3_Y16_UO713,RD5_F1_m5f2_P5_Y16_UO538,FXX,2,0.0,1,0,1.0,0,0,0,-9999.0,0.52685546875,1,P2_CV0,1,0,2,0,2
3,4.20367802087489,4.955022315058112,R3_F3_m9f6_P9_Y18_UO259,RD9_F6_m9f6_P9_Y16_UO674,RD6_F9_m2f5_P2_Y16_UO608,FXX,2,0.0,1,0,1.0,0,0,0,-9999.0,0.51318359375,1,P2_CV0,1,2,0,1,1
3,4.20367802087489,4.955022315058112,R3_F3_m3f2_P3_Y18_UO702,RD3_F5_m1f5_P1_Y16_UO436,RD2_F6_m2f6_P2_Y16_UO167,FXX,2,0.0,1,0,1.0,0,0,0,-9999.0,0.53125,1,P2_CV0,1,1,1,0,2
3,4.20367802087489,4.955022315058112,R3_F3_m1f5_P1_Y18_UO521,RD1_F5_m1f5_P1_Y16_UO351,RD5_F1_m5f1_P5_Y16_UO341,MXY,2,0.0,1,0,0.0,0,0,0,-9999.0,0.51318359375,1,P2_CV0,1,2,0,1,1
3,4.20367802087489,4.955022315058112,R3_F3_m4f7_P4_Y18_UO302,RD4_F8_m4f8_P4_Y16_UO38,RD7_F3_m7f4_P7_Y16_UO295,MXY,2,0.0,1,0,0.0,0,0,0,-9999.0,0.5234375,1,P2_CV0,1,2,0,0,2
3,4.20367802087489,4.955022315058112,Age0_F3_m3f6_P3_Y20_UO365,RD3_F7_m4f7_P4_Y18_UO386,RD6_F2_m9f6_P9_Y18_UO645,FXX,0,0.0,0,0,0.0,0,0,0,0.0,0.531982421875,1,P3_CV0,1,2,0,1,1
3,4.20367802087489,4.955022315058112,Age0_F3_m3f6_P3_Y20_UO367,RD3_F7_m4f7_P4_Y18_UO386,RD6_F2_m9f6_P9_Y18_UO645,FXX,0,0.0,0,0,0.0,0,0,0,0.0,0.531982421875,1,P3_CV0,1,1,1,1,1
3,4.20367802087489,4.955022315058112,Age0_F3_m3f6_P3_Y20_UO368,RD3_F7_m4f7_P4_Y18_UO386,RD6_F2_m9f6_P9_Y18_UO645,MXY,0,0.0,0,0,0.0,0,0,0,0.0,0.531982421875,1,P3_CV0,1,1,1,1,1
3,4.20367802087489,4.955022315058112,Age0_F3_m3f5_P3_Y20_UO450,RD3_F5_m1f5_P1_Y18_UO372,RD5_F1_m1f5_P1_Y17_UO176,MXY,0,0.0,0,0,0.0,0,0,0,0.0,0.535400390625,1,P3_CV0,1,1,1,0,2
3,4.20367802087489,4.955022315058112,Age0_F3_m3f5_P3_Y20_UO453,RD3_F5_m1f5_P1_Y18_UO372,RD5_F1_m1f5_P1_Y17_UO176,MXY,0,0.0,0,0,0.0,0,0,0,0.0,0.535400390625,1,P3_CV0,1,1,1,0,2
3,4.20367802087489,4.955022315058112,Age0_F3_m3f2_P3_Y20_UO653,RD3_F2_m9f2_P9_Y18_UO582,RD2_F9_m2f9_P2_Y18_UO686,FXX,0,0.0,0,0,0.0,0,0,0,0.0,0.52587890625,1,P3_CV0,1,1,1,1,1
3,4.20367802087489,4.955022315058112,R3_F3_m7f3_P7_Y19_UO217,RD7_F3_m7f4_P7_Y17_UO335,RD3_F7_m2f6_P2_Y16_UO528,FXX,1,0.0,1,1,1.0,0,0,0,-9999.0,0.53857421875,1,P3_CV0,1,1,1,2,0
3,4.20367802087489,4.955022315058112,R3_F3_m7f3_P7_Y19_UO28,RD7_F3_m7f4_P7_Y17_UO330,RD3_F7_m2f6_P2_Y16_UO528,FXX,1,0.0,1,1,1.0,0,0,0,-9999.0,0.53857421875,1,P3_CV0,1,1,1,2,0
3,4.20367802087489,4.955022315058112,R3_F3_m3f6_P3_Y18_UO201,RD3_F2_m6f3_P6_Y16_UO160,RD6_F2_m6f2_P6_Y16_UO163,MXY,2,0.0,1,0,0.0,0,0,0,-9999.0,0.55078125,1,P3_CV0,1,0,2,0,2
3,4.20367802087489,4.955022315058112,Age0_F3_m3f6_P3_Y20_UO177,RD3_F5_m1f5_P1_Y18_UO372,RD6_F2_m9f6_P9_Y18_UO645,FXX,0,0.0,0,0,0.0,0,0,0,0.0,0.519287109375,1,P4_CV0,1,1,1,2,0
3,4.20367802087489,4.955022315058112,Age0_F3_m3f6_P3_Y20_UO180,RD3_F5_m1f5_P1_Y18_UO372,RD6_F2_m9f6_P9_Y18_UO645,MXY,0,0.0,0,0,0.0,0,0,0,0.0,0.519287109375,1,P4_CV0,1,1,1,2,0
3,4.20367802087489,4.955022315058112,Age0_F3_m3f7_P3_Y20_UO268,RD3_F5_m1f5_P1_Y18_UO372,RD7_F3_m6f2_P6_Y18_UO178,MXY,0,0.0,0,0,0.0,0,0,0,0.0,0.51904296875,1,P4_CV0,1,2,0,1,1
3,4.20367802087489,4.955022315058112,Age0_F3_m3f7_P3_Y20_UO269,RD3_F5_m1f5_P1_Y18_UO372,RD7_F3_m6f2_P6_Y18_UO178,FXX,0,0.0,0,0,0.0,0,0,0,0.0,0.51904296875,1,P4_CV0,1,2,0,2,0
3,4.20367802087489,4.955022315058112,Age0_F3_m3f5_P3_Y20_UO451,RD3_F5_m1f5_P1_Y18_UO372,RD5_F1_m1f5_P1_Y17_UO176,FXX,0,0.0,0,0,0.0,0,0,0,0.0,0.535400390625,1,P4_CV0,1,1,1,0,2
3,4.20367802087489,4.955022315058112,Age0_F3_m3f5_P3_Y20_UO452,RD3_F5_m1f5_P1_Y18_UO372,RD5_F1_m1f5_P1_Y17_UO176,FXX,0,0.0,0,0,0.0,0,0,0,0.0,0.535400390625,1,P4_CV0,1,0,2,0,2
3,4.20367802087489,4.955022315058112,Age0_F3_m3f5_P3_Y20_UO454,RD3_F5_m1f5_P1_Y18_UO372,RD5_F1_m1f5_P1_Y17_UO176,MXY,0,0.0,0,0,0.0,0,0,0,0.0,0.535400390625,1,P4_CV0,1,1,1,1,1
3,4.20367802087489,4.955022315058112,Age0_F3_m3f5_P3_Y20_UO511,RD3_F5_m1f5_P1_Y18_UO372,RD5_F3_m4f7_P4_Y17_UO315,FXX,0,0.0,0,0,0.0,0,0,0,0.0,0.528076171875,1,P4_CV0,1,1,1,1,1
3,4.20367802087489,4.955022315058112,Age0_F3_m3f5_P3_Y20_UO514,RD3_F5_m1f5_P1_Y18_UO372,RD5_F3_m4f7_P4_Y17_UO315,MXY,0,0.0,0,0,0.0,0,0,0,0.0,0.528076171875,1,P4_CV0,1,1,1,2,0
3,4.20367802087489,4.955022315058112,R3_F3_m7f4_P7_Y19_UO98,RD7_F4_m8f4_P8_Y17_UO358,RD4_F8_m4f8_P4_Y17_UO181,MXY,1,0.0,1,1,0.0,0,0,0,-9999.0,0.55126953125,1,P4_CV0,1,2,0,1,1
3,4.20367802087489,4.955022315058112,R3_F3_m7f3_P7_Y19_UO34,RD7_F3_m7f4_P7_Y17_UO330,RD3_F7_m2f6_P2_Y16_UO528,FXX,1,0.0,1,1,1.0,0,0,0,-9999.0,0.53857421875,1,P4_CV0,1,1,1,2,0
3,4.20367802087489,4.955022315058112,R3_F3_m6f9_P6_Y19_UO197,RD6_F9_m2f3_P2_Y17_UO126,RD9_F6_m6f2_P6_Y16_UO732,FXX,1,0.0,1,1,1.0,0,0,0,-9999.0,0.5576171875,1,P4_CV0,1,2,0,2,0
3,4.20367802087489,4.955022315058112,R3_F3_m7f3_P7_Y19_UO33,RD7_F3_m7f4_P7_Y17_UO330,RD3_F7_m2f6_P2_Y16_UO528,FXX,1,0.0,1,1,1.0,0,0,0,-9999.0,0.53857421875,1,P4_CV0,1,1,1,1,1
3,4.20367802087489,4.955022315058112,R3_F3_m6f9_P6_Y19_UO196,RD6_F9_m2f3_P2_Y17_UO126,RD9_F6_m6f2_P6_Y16_UO732,MXY,1,0.0,1,1,0.0,0,0,0,-9999.0,0.5576171875,1,P4_CV0,1,1,1,1,1
3,4.20367802087489,4.955022315058112,R3_F3_m4f7_P4_Y18_UO21,RD4_F8_m4f8_P4_Y16_UO552,RD7_F3_m2f5_P2_Y16_UO607,FXX,2,0.0,1,0,1.0,0,0,0,-9999.0,0.52734375,1,P4_CV0,1,0,2,0,2
3,4.20367802087489,4.955022315058112,R3_F3_m6f3_P6_Y18_UO50,RD6_F9_m2f5_P2_Y16_UO187,RD3_F7_m4f7_P4_Y16_UO666,MXY,2,0.0,1,0,0.0,0,0,0,-9999.0,0.5224609375,1,P4_CV0,1,1,1,1,1
3,4.20367802087489,4.955022315058112,Age0_F3_m3f6_P3_Y20_UO39,RD3_F5_m1f5_P1_Y18_UO531,RD6_F9_m6f9_P6_Y18_UO184,FXX,0,0.0,0,0,0.0,0,0,0,0.0,0.533935546875,1,P5_CV0,1,1,1,1,1
3,4.20367802087489,4.955022315058112,Age0_F3_m3f6_P3_Y20_UO40,RD3_F5_m1f5_P1_Y18_UO531,RD6_F9_m6f9_P6_Y18_UO184,MXY,0,0.0,0,0,0.0,0,0,0,0.0,0.533935546875,1,P5_CV0,1,1,1,1,1
3,4.20367802087489,4.955022315058112,Age0_F3_m3f6_P3_Y20_UO136,RD3_F5_m1f5_P1_Y18_UO664,RD6_F9_m2f6_P2_Y18_UO32,MXY,0,0.0,0,0,0.0,0,0,0,0.0,0.5498046875,1,P5_CV0,1,0,2,1,1
3,4.20367802087489,4.955022315058112,Age0_F3_m3f6_P3_Y20_UO139,RD3_F5_m1f5_P1_Y18_UO664,RD6_F9_m2f6_P2_Y18_UO32,MXY,0,0.0,0,0,0.0,0,0,0,0.0,0.5498046875,1,P5_CV0,1,0,2,1,1
3,4.20367802087489,4.955022315058112,Age0_F3_m3f6_P3_Y20_UO427,RD3_F6_m9f6_P9_Y18_UO279,RD6_F2_m9f6_P9_Y18_UO374,MXY,0,0.0,0,0,0.0,0,0,0,0.0,0.5400390625,1,P5_CV0,1,0,2,1,1
3,4.20367802087489,4.955022315058112,Age0_F3_m3f6_P3_Y20_UO429,RD3_F6_m9f6_P9_Y18_UO279,RD6_F2_m9f6_P9_Y18_UO374,MXY,0,0.0,0,0,0.0,0,0,0,0.0,0.5400390625,1,P5_CV0,1,1,1,1,1
3,4.20367802087489,4.955022315058112,Age0_F3_m3f2_P3_Y20_UO434,RD3_F7_m4f8_P4_Y18_UO39,RD2_F5_m1f5_P1_Y18_UO662,FXX,0,0.0,0,0,0.0,0,0,0,0.0,0.534423828125,1,P5_CV0,1,2,0,1,1
3,4.20367802087489,4.955022315058112,R3_F3_m6f9_P6_Y19_UO199,RD6_F9_m2f3_P2_Y17_UO126,RD9_F6_m6f2_P6_Y16_UO732,MXY,1,0.0,1,1,0.0,0,0,0,-9999.0,0.5576171875,1,P5_CV0,1,2,0,2,0
3,4.20367802087489,4.955022315058112,R3_F3_m9f6_P9_Y18_UO533,RD9_F6_m3f2_P3_Y16_UO3,RD6_F2_m9f2_P9_Y16_UO686,MXY,2,0.0,1,0,0.0,0,0,0,-9999.0,0.5283203125,1,P5_CV0,1,1,1,0,2
3,4.20367802087489,4.955022315058112,Age0_F3_m3f5_P3_Y20_UO512,RD3_F5_m1f5_P1_Y18_UO372,RD5_F3_m4f7_P4_Y17_UO315,MXY,0,0.0,0,0,0.0,0,0,0,0.0,0.528076171875,1,P6_CV0,1,1,1,1,1
3,4.20367802087489,4.955022315058112,Age0_F3_m3f5_P3_Y20_UO513,RD3_F5_m1f5_P1_Y18_UO372,RD5_F3_m4f7_P4_Y17_UO315,MXY,0,0.0,0,0,0.0,0,0,0,0.0,0.528076171875,1,P6_CV0,1,1,1,2,0
3,4.20367802087489,4.955022315058112,Age0_F3_m3f5_P3_Y20_UO515,RD3_F5_m1f5_P1_Y18_UO372,RD5_F3_m4f7_P4_Y17_UO315,MXY,0,0.0,0,0,0.0,0,0,0,0.0,0.528076171875,1,P6_CV0,1,1,1,2,0
3,4.20367802087489,4.955022315058112,Age0_F3_m3f5_P3_Y20_UO516,RD3_F5_m1f5_P1_Y18_UO372,RD5_F3_m4f7_P4_Y17_UO315,FXX,0,0.0,0,0,0.0,0,0,0,0.0,0.528076171875,1,P6_CV0,1,1,1,2,0
3,4.20367802087489,4.955022315058112,R3_F3_m5f1_P5_Y19_UO13,RD5_F3_m7f3_P7_Y17_UO277,RD1_F5_m1f5_P1_Y17_UO216,FXX,1,0.0,1,1,1.0,0,0,0,-9999.0,0.5361328125,1,P6_CV0,1,2,0,0,2
4,2.046486340378425,9.289064495259955,Age0_F4_m4f7_P4_Y20_UO225,RD4_F8_m4f7_P4_Y18_UO113,RD7_F4_m4f7_P4_Y17_UO210,FXX,0,0.0,0,0,0.0,0,0,0,0.0,0.5361328125,1,P0_CV0,1,1,1,0,2
4,2.046486340378425,9.289064495259955,Age0_F4_m4f7_P4_Y20_UO226,RD4_F8_m4f7_P4_Y18_UO113,RD7_F4_m4f7_P4_Y17_UO210,MXY,0,0.0,0,0,0.0,0,0,0,0.0,0.5361328125,1,P0_CV0,1,1,1,1,1
4,2.046486340378425,9.289064495259955,Age0_F4_m4f8_P4_Y20_UO271,RD4_F7_m4f7_P4_Y18_UO381,RD8_F4_m4f7_P4_Y17_UO160,MXY,0,0.0,0,0,0.0,0,0,0,0.0,0.535400390625,1,P0_CV0,1,1,1,0,2
4,2.046486340378425,9.289064495259955,Age0_F4_m4f8_P4_Y20_UO273,RD4_F7_m4f7_P4_Y18_UO381,RD8_F4_m4f7_P4_Y17_UO160,FXX,0,0.0,0,0,0.0,0,0,0,0.0,0.535400390625,1,P0_CV0,1,1,1,0,2
4,2.046486340378425,9.289064495259955,Age0_F4_m4f8_P4_Y20_UO274,RD4_F7_m4f7_P4_Y18_UO381,RD8_F4_m4f7_P4_Y17_UO160,MXY,0,0.0,0,0,0.0,0,0,0,0.0,0.535400390625,1,P0_CV0,1,1,1,0,2
4,2.046486340378425,9.289064495259955,R4_F4_m7f4_P7_Y19_UO50,RD7_F3_m7f4_P7_Y17_UO335,RD4_F8_m4f7_P4_Y17_UO306,MXY,1,0.0,1,1,0.0,0,0,0,-9999.0,0.56396484375,1,P0_CV0,1,1,1,2,0
4,2.046486340378425,9.289064495259955,Age0_F4_m4f7_P4_Y20_UO57,RD4_F8_m4f8_P4_Y18_UO424,RD7_F3_m6f2_P6_Y18_UO178,FXX,0,0.0,0,0,0.0,0,0,0,0.0,0.52197265625,1,P1_CV0,1,1,1,1,1
4,2.046486340378425,9.289064495259955,Age0_F4_m4f8_P4_Y20_UO472,RD4_F8_m4f8_P4_Y18_UO236,RD8_F4_m8f4_P8_Y18_UO391,MXY,0,0.0,0,0,0.0,0,0,0,0.0,0.523193359375,1,P1_CV0,1,1,1,1,1
4,2.046486340378425,9.289064495259955,R4_F4_m4f7_P4_Y16_UO662,RD4_F8_m4f8_P4_Y14_UO426,RD7_F3_m2f9_P2_Y14_UO573,MXY,4,0.0,1,0,0.0,0,0,0,-9999.0,0.5595703125,1,P1_CV0,1,1,1,2,0
4,2.046486340378425,9.289064495259955,Age0_F4_m4f8_P4_Y20_UO13,RD4_F8_m4f7_P4_Y18_UO113,RD8_F4_m7f3_P7_Y18_UO673,FXX,0,0.0,0,0,0.0,0,0,0,0.0,0.5380859375,1,P2_CV0,1,1,1,1,1
4,2.046486340378425,9.289064495259955,Age0_F4_m4f8_P4_Y20_UO15,RD4_F8_m4f7_P4_Y18_UO113,RD8_F4_m7f3_P7_Y18_UO673,MXY,0,0.0,0,0,0.0,0,0,0,0.0,0.5380859375,1,P2_CV0,1,2,0,0,2
4,2.046486340378425,9.289064495259955,Age0_F4_m4f8_P4_Y20_UO16,RD4_F8_m4f7_P4_Y18_UO113,RD8_F4_m7f3_P7_Y18_UO673,FXX,0,0.0,0,0,0.0,0,0,0,0.0,0.5380859375,1,P2_CV0,1,1,1,0,2
4,2.046486340378425,9.289064495259955,Age0_F4_m4f7_P4_Y20_UO58,RD4_F8_m4f8_P4_Y18_UO424,RD7_F3_m6f2_P6_Y18_UO178,FXX,0,0.0,0,0,0.0,0,0,0,0.0,0.52197265625,1,P2_CV0,1,1,1,1,1
4,2.046486340378425,9.289064495259955,Age0_F4_m4f7_P4_Y20_UO186,RD4_F8_m4f7_P4_Y18_UO646,RD7_F3_m6f2_P6_Y18_UO561,FXX,0,0.0,0,0,0.0,0,0,0,0.0,0.540283203125,1,P2_CV0,1,1,1,1,1
4,2.046486340378425,9.289064495259955,Age0_F4_m4f7_P4_Y20_UO188,RD4_F8_m4f7_P4_Y18_UO646,RD7_F3_m6f2_P6_Y18_UO561,FXX,0,0.0,0,0,0.0,0,0,0,0.0,0.540283203125,1,P2_CV0,1,1,1,2,0
4,2.046486340378425,9.289064495259955,Age0_F4_m4f7_P4_Y20_UO189,RD4_F8_m4f7_P4_Y18_UO646,RD7_F3_m6f2_P6_Y18_UO561,FXX,0,0.0,0,0,0.0,0,0,0,0.0,0.540283203125,1,P2_CV0,1,0,2,2,0
4,2.046486340378425,9.289064495259955,Age0_F4_m4f8_P4_Y20_UO355,RD4_F8_m4f7_P4_Y18_UO225,RD8_F4_m7f4_P7_Y18_UO167,FXX,0,0.0,0,0,0.0,0,0,0,0.0,0.504150390625,1,P2_CV0,1,0,2,2,0
4,2.046486340378425,9.289064495259955,Age0_F4_m4f8_P4_Y20_UO356,RD4_F8_m4f7_P4_Y18_UO225,RD8_F4_m7f4_P7_Y18_UO167,MXY,0,0.0,0,0,0.0,0,0,0,0.0,0.504150390625,1,P2_CV0,1,0,2,0,2
4,2.046486340378425,9.289064495259955,Age0_F4_m4f8_P4_Y20_UO588,RD4_F8_m4f7_P4_Y18_UO285,RD8_F4_m7f3_P7_Y18_UO250,FXX,0,0.0,0,0,0.0,0,0,0,0.0,0.519287109375,1,P2_CV0,1,1,1,0,2
4,2.046486340378425,9.289064495259955,R4_F4_m8f4_P8_Y19_UO75,RD8_F4_m7f3_P7_Y17_UO281,RD4_F8_m4f7_P4_Y17_UO310,FXX,1,0.0,1,1,1.0,0,0,0,-9999.0,0.53955078125,1,P2_CV0,1,1,1,1,1
4,2.046486340378425,9.289064495259955,Age0_F4_m4f7_P4_Y20_UO299,RD4_F8_m4f8_P4_Y18_UO219,RD7_F4_m8f4_P8_Y18_UO628,MXY,0,0.0,0,0,0.0,0,0,0,0.0,0.532958984375,1,P3_CV0,1,1,1,0,2
4,2.046486340378425,9.289064495259955,Age0_F4_m4f7_P4_Y20_UO300,RD4_F8_m4f8_P4_Y18_UO219,RD7_F4_m8f4_P8_Y18_UO628,MXY,0,0.0,0,0,0.0,0,0,0,0.0,0.532958984375,1,P3_CV0,1,1,1,1,1
4,2.046486340378425,9.289064495259955,Age0_F4_m4f7_P4_Y20_UO302,RD4_F8_m4f8_P4_Y18_UO219,RD7_F4_m8f4_P8_Y18_UO628,MXY,0,0.0,0,0,0.0,0,0,0,0.0,0.532958984375,1,P3_CV0,1,0,2,1,1
4,2.046486340378425,9.289064495259955,Age0_F4_m4f7_P4_Y20_UO309,RD4_F7_m4f7_P4_Y18_UO187,RD7_F4_m4f8_P4_Y17_UO231,FXX,0,0.0,0,0,0.0,0,0,0,0.0,0.552001953125,1,P3_CV0,1,0,2,1,1
4,2.046486340378425,9.289064495259955,Age0_F4_m4f7_P4_Y20_UO311,RD4_F7_m4f7_P4_Y18_UO187,RD7_F4_m4f8_P4_Y17_UO231,MXY,0,0.0,0,0,0.0,0,0,0,0.0,0.552001953125,1,P3_CV0,1,0,2,2,0
4,2.046486340378425,9.289064495259955,Age0_F4_m4f7_P4_Y20_UO313,RD4_F7_m4f7_P4_Y18_UO187,RD7_F4_m4f8_P4_Y17_UO231,FXX,0,0.0,0,0,0.0,0,0,0,0.0,0.552001953125,1,P3_CV0,1,0,2,1,1
4,2.046486340378425,9.289064495259955,Age0_F4_m4f7_P4_Y20_UO441,RD4_F8_m4f8_P4_Y18_UO547,RD7_F4_m8f4_P8_Y18_UO628,FXX,0,0.0,0,0,0.0,0,0,0,0.0,0.53271484375,1,P3_CV0,1,0,2,1,1
4,2.046486340378425,9.289064495259955,Age0_F4_m4f7_P4_Y20_UO442,RD4_F8_m4f8_P4_Y18_UO547,RD7_F4_m8f4_P8_Y18_UO628,MXY,0,0.0,0,0,0.0,0,0,0,0.0,0.53271484375,1,P3_CV0,1,1,1,0,2
4,2.046486340378425,9.289064495259955,Age0_F4_m4f7_P4_Y20_UO446,RD4_F8_m4f8_P4_Y18_UO547,RD7_F4_m8f4_P8_Y18_UO628,FXX,0,0.0,0,0,0.0,0,0,0,0.0,0.53271484375,1,P3_CV0,1,1,1,2,0
4,2.046486340378425,9.289064495259955,Age0_F4_m4f7_P4_Y20_UO476,RD4_F8_m4f7_P4_Y18_UO22,RD7_F4_m4f8_P4_Y17_UO231,FXX,0,0.0,0,0,0.0,0,0,0,0.0,0.54248046875,1,P3_CV0,1,0,2,2,0
4,2.046486340378425,9.289064495259955,Age0_F4_m4f7_P4_Y20_UO477,RD4_F8_m4f7_P4_Y18_UO22,RD7_F4_m4f8_P4_Y17_UO231,FXX,0,0.0,0,0,0.0,0,0,0,0.0,0.54248046875,1,P3_CV0,1,0,2,2,0
4,2.046486340378425,9.289064495259955,Age0_F4_m4f7_P4_Y20_UO478,RD4_F8_m4f7_P4_Y18_UO22,RD7_F4_m4f8_P4_Y17_UO231,MXY,0,0.0,0,0,0.0,0,0,0,0.0,0.54248046875,1,P3_CV0,1,0,2,2,0
4,2.046486340378425,9.289064495259955,Age0_F4_m4f8_P4_Y20_UO565,RD4_F8_m4f7_P4_Y18_UO383,RD8_F4_m8f4_P8_Y18_UO354,FXX,0,0.0,0,0,0.0,0,0,0,0.0,0.533203125,1,P3_CV0,1,1,1,0,2
4,2.046486340378425,9.289064495259955,Age0_F4_m4f8_P4_Y20_UO569,RD4_F8_m4f7_P4_Y18_UO383,RD8_F4_m8f4_P8_Y18_UO354,MXY,0,0.0,0,0,0.0,0,0,0,0.0,0.533203125,1,P3_CV0,1,1,1,1,1
4,2.046486340378425,9.289064495259955,Age0_F4_m4f8_P4_Y20_UO571,RD4_F8_m4f7_P4_Y18_UO383,RD8_F4_m8f4_P8_Y18_UO354,MXY,0,0.0,0,0,0.0,0,0,0,0.0,0.533203125,1,P3_CV0,1,1,1,1,1
4,2.046486340378425,9.289064495259955,Age0_F4_m4f7_P4_Y20_UO740,RD4_F7_m3f5_P3_Y18_UO299,RD7_F4_m4f8_P4_Y17_UO231,MXY,0,0.0,0,0,0.0,0,0,0,0.0,0.549072265625,1,P3_CV0,1,1,1,2,0
4,2.046486340378425,9.289064495259955,Age0_F4_m4f7_P4_Y20_UO742,RD4_F7_m3f5_P3_Y18_UO299,RD7_F4_m4f8_P4_Y17_UO231,FXX,0,0.0,0,0,0.0,0,0,0,0.0,0.549072265625,1,P3_CV0,1,0,2,1,1
4,2.046486340378425,9.289064495259955,R4_F4_m7f3_P7_Y19_UO31,RD7_F3_m7f4_P7_Y17_UO330,RD3_F7_m2f6_P2_Y16_UO528,FXX,1,0.0,1,1,1.0,0,0,0,-9999.0,0.53857421875,1,P3_CV0,1,1,1,1,1
4,2.046486340378425,9.289064495259955,R4_F4_m7f3_P7_Y19_UO27,RD7_F3_m7f4_P7_Y17_UO330,RD3_F7_m2f6_P2_Y16_UO528,MXY,1,0.0,1,1,0.0,0,0,0,-9999.0,0.53857421875,1,P3_CV0,1,1,1,2,0
4,2.046486340378425,9.289064495259955,R4_F4_m8f4_P8_Y17_UO87,RD8_F4_m8f4_P8_Y15_UO365,RD4_F7_m3f7_P3_Y15_UO333,MXY,3,0.0,1,0,0.0,0,0,0,-9999.0,0.564453125,1,P3_CV0,1,1,1,2,0
4,2.046486340378425,9.289064495259955,R4_F4_m4f7_P4_Y16_UO45,RD4_F7_m4f7_P4_Y14_UO116,RD7_F3_m7f4_P7_Y14_UO292,FXX,4,0.0,1,0,1.0,0,0,0,-9999.0,0.564453125,1,P3_CV0,1,2,0,2,0
4,2.046486340378425,9.289064495259955,Age0_F4_m4f8_P4_Y20_UO12,RD4_F8_m4f7_P4_Y18_UO113,RD8_F4_m7f3_P7_Y18_UO673,MXY,0,0.0,0,0,0.0,0,0,0,0.0,0.5380859375,1,P4_CV0,1,2,0,0,2
4,2.046486340378425,9.289064495259955,Age0_F4_m4f8_P4_Y20_UO14,RD4_F8_m4f7_P4_Y18_UO113,RD8_F4_m7f3_P7_Y18_UO673,FXX,0,0.0,0,0,0.0,0,0,0,0.0,0.5380859375,1,P4_CV0,1,1,1,0,2
4,2.046486340378425,9.289064495259955,Age0_F4_m4f7_P4_Y20_UO185,RD4_F8_m4f7_P4_Y18_UO646,RD7_F3_m6f2_P6_Y18_UO561,MXY,0,0.0,0,0,0.0,0,0,0,0.0,0.540283203125,1,P4_CV0,1,1,1,2,0
4,2.046486340378425,9.289064495259955,Age0_F4_m4f7_P4_Y20_UO187,RD4_F8_m4f7_P4_Y18_UO646,RD7_F3_m6f2_P6_Y18_UO561,MXY,0,0.0,0,0,0.0,0,0,0,0.0,0.540283203125,1,P4_CV0,1,2,0,1,1
4,2.046486340378425,9.289064495259955,Age0_F4_m4f7_P4_Y20_UO223,RD4_F8_m4f7_P4_Y18_UO113,RD7_F4_m4f7_P4_Y17_UO210,MXY,0,0.0,0,0,0.0,0,0,0,0.0,0.5361328125,1,P4_CV0,1,1,1,1,1
4,2.046486340378425,9.289064495259955,Age0_F4_m4f7_P4_Y20_UO224,RD4_F8_m4f7_P4_Y18_UO113,RD7_F4_m4f7_P4_Y17_UO210,FXX,0,0.0,0,0,0.0,0,0,0,0.0,0.5361328125,1,P4_CV0,1,1,1,1,1
4,2.046486340378425,9.289064495259955,Age0_F4_m4f7_P4_Y20_UO301,RD4_F8_m4f8_P4_Y18_UO219,RD7_F4_m8f4_P8_Y18_UO628,FXX,0,0.0,0,0,0.0,0,0,0,0.0,0.532958984375,1,P4_CV0,1,0,2,1,1
4,2.046486340378425,9.289064495259955,Age0_F4_m4f7_P4_Y20_UO303,RD4_F8_m4f8_P4_Y18_UO219,RD7_F4_m8f4_P8_Y18_UO628,FXX,0,0.0,0,0,0.0,0,0,0,0.0,0.532958984375,1,P4_CV0,1,0,2,1,1
4,2.046486340378425,9.289064495259955,Age0_F4_m4f7_P4_Y20_UO306,RD4_F7_m4f7_P4_Y18_UO187,RD7_F4_m4f8_P4_Y17_UO231,MXY,0,0.0,0,0,0.0,0,0,0,0.0,0.552001953125,1,P4_CV0,1,0,2,2,0
4,2.046486340378425,9.289064495259955,Age0_F4_m4f7_P4_Y20_UO307,RD4_F7_m4f7_P4_Y18_UO187,RD7_F4_m4f8_P4_Y17_UO231,FXX,0,0.0,0,0,0.0,0,0,0,0.0,0.552001953125,1,P4_CV0,1,0,2,1,1
4,2.046486340378425,9.289064495259955,Age0_F4_m4f7_P4_Y20_UO308,RD4_F7_m4f7_P4_Y18_UO187,RD7_F4_m4f8_P4_Y17_UO231,MXY,0,0.0,0,0,0.0,0,0,0,0.0,0.552001953125,1,P4_CV0,1,1,1,1,1
4,2.046486340378425,9.289064495259955,Age0_F4_m4f7_P4_Y20_UO310,RD4_F7_m4f7_P4_Y18_UO187,RD7_F4_m4f8_P4_Y17_UO231,FXX,0,0.0,0,0,0.0,0,0,0,0.0,0.552001953125,1,P4_CV0,1,1,1,1,1
4,2.046486340378425,9.289064495259955,Age0_F4_m4f7_P4_Y20_UO312,RD4_F7_m4f7_P4_Y18_UO187,RD7_F4_m4f8_P4_Y17_UO231,FXX,0,0.0,0,0,0.0,0,0,0,0.0,0.552001953125,1,P4_CV0,1,1,1,1,1
4,2.046486340378425,9.289064495259955,Age0_F4_m4f8_P4_Y20_UO471,RD4_F8_m4f8_P4_Y18_UO236,RD8_F4_m8f4_P8_Y18_UO391,FXX,0,0.0,0,0,0.0,0,0,0,0.0,0.523193359375,1,P4_CV0,1,1,1,1,1
4,2.046486340378425,9.289064495259955,Age0_F4_m4f8_P4_Y20_UO473,RD4_F8_m4f8_P4_Y18_UO236,RD8_F4_m8f4_P8_Y18_UO391,FXX,0,0.0,0,0,0.0,0,0,0,0.0,0.523193359375,1,P4_CV0,1,1,1,2,0
4,2.046486340378425,9.289064495259955,Age0_F4_m4f8_P4_Y20_UO585,RD4_F8_m4f7_P4_Y18_UO285,RD8_F4_m7f3_P7_Y18_UO250,FXX,0,0.0,0,0,0.0,0,0,0,0.0,0.519287109375,1,P4_CV0,1,0,2,1,1
4,2.046486340378425,9.289064495259955,Age0_F4_m4f8_P4_Y20_UO586,RD4_F8_m4f7_P4_Y18_UO285,RD8_F4_m7f3_P7_Y18_UO250,FXX,0,0.0,0,0,0.0,0,0,0,0.0,0.519287109375,1,P4_CV0,1,2,0,1,1
4,2.046486340378425,9.289064495259955,Age0_F4_m4f8_P4_Y20_UO587,RD4_F8_m4f7_P4_Y18_UO285,RD8_F4_m7f3_P7_Y18_UO250,FXX,0,0.0,0,0,0.0,0,0,0,0.0,0.519287109375,1,P4_CV0,1,2,0,0,2
4,2.046486340378425,9.289064495259955,Age0_F4_m4f8_P4_Y20_UO589,RD4_F8_m4f7_P4_Y18_UO285,RD8_F4_m7f3_P7_Y18_UO250,FXX,0,0.0,0,0,0.0,0,0,0,0.0,0.519287109375,1,P4_CV0,1,1,1,1,1
4,2.046486340378425,9.289064495259955,Age0_F4_m4f8_P4_Y20_UO590,RD4_F8_m4f7_P4_Y18_UO285,RD8_F4_m7f3_P7_Y18_UO250,FXX,0,0.0,0,0,0.0,0,0,0,0.0,0.519287109375,1,P4_CV0,1,1,1,1,1
4,2.046486340378425,9.289064495259955,Age0_F4_m4f8_P4_Y20_UO591,RD4_F8_m4f7_P4_Y18_UO285,RD8_F4_m7f3_P7_Y18_UO250,FXX,0,0.0,0,0,0.0,0,0,0,0.0,0.519287109375,1,P4_CV0,1,1,1,1,1
4,2.046486340378425,9.289064495259955,Age0_F4_m4f8_P4_Y20_UO592,RD4_F8_m4f7_P4_Y18_UO285,RD8_F4_m7f3_P7_Y18_UO250,FXX,0,0.0,0,0,0.0,0,0,0,0.0,0.519287109375,1,P4_CV0,1,0,2,0,2
4,2.046486340378425,9.289064495259955,Age0_F4_m4f8_P4_Y20_UO666,RD4_F8_m4f7_P4_Y18_UO433,RD8_F4_m7f4_P7_Y18_UO480,MXY,0,0.0,0,0,0.0,0,0,0,0.0,0.544677734375,1,P4_CV0,1,2,0,2,0
4,2.046486340378425,9.289064495259955,Age0_F4_m4f8_P4_Y20_UO667,RD4_F8_m4f7_P4_Y18_UO433,RD8_F4_m7f4_P7_Y18_UO480,MXY,0,0.0,0,0,0.0,0,0,0,0.0,0.544677734375,1,P4_CV0,1,1,1,2,0
4,2.046486340378425,9.289064495259955,Age0_F4_m4f8_P4_Y20_UO668,RD4_F8_m4f7_P4_Y18_UO433,RD8_F4_m7f4_P7_Y18_UO480,FXX,0,0.0,0,0,0.0,0,0,0,0.0,0.544677734375,1,P4_CV0,1,2,0,2,0
4,2.046486340378425,9.289064495259955,Age0_F4_m4f8_P4_Y20_UO669,RD4_F8_m4f7_P4_Y18_UO433,RD8_F4_m7f4_P7_Y18_UO480,MXY,0,0.0,0,0,0.0,0,0,0,0.0,0.544677734375,1,P4_CV0,1,1,1,2,0
4,2.046486340378425,9.289064495259955,Age0_F4_m4f8_P4_Y20_UO670,RD4_F8_m4f7_P4_Y18_UO433,RD8_F4_m7f4_P7_Y18_UO480,MXY,0,0.0,0,0,0.0,0,0,0,0.0,0.544677734375,1,P4_CV0,1,1,1,2,0
4,2.046486340378425,9.289064495259955,Age0_F4_m4f7_P4_Y20_UO739,RD4_F7_m3f5_P3_Y18_UO299,RD7_F4_m4f8_P4_Y17_UO231,MXY,0,0.0,0,0,0.0,0,0,0,0.0,0.549072265625,1,P4_CV0,1,1,1,1,1
4,2.046486340378425,9.289064495259955,Age0_F4_m4f7_P4_Y20_UO741,RD4_F7_m3f5_P3_Y18_UO299,RD7_F4_m4f8_P4_Y17_UO231,FXX,0,0.0,0,0,0.0,0,0,0,0.0,0.549072265625,1,P4_CV0,1,1,1,1,1
4,2.046486340378425,9.289064495259955,Age0_F4_m4f7_P4_Y20_UO743,RD4_F7_m3f5_P3_Y18_UO299,RD7_F4_m4f8_P4_Y17_UO231,MXY,0,0.0,0,0,0.0,0,0,0,0.0,0.549072265625,1,P4_CV0,1,0,2,2,0
4,2.046486340378425,9.289064495259955,Age0_F4_m4f7_P4_Y20_UO744,RD4_F7_m3f5_P3_Y18_UO299,RD7_F4_m4f8_P4_Y17_UO231,MXY,0,0.0,0,0,0.0,0,0,0,0.0,0.549072265625,1,P4_CV0,1,0,2,2,0
4,2.046486340378425,9.289064495259955,Age0_F4_m4f7_P4_Y20_UO745,RD4_F7_m3f5_P3_Y18_UO299,RD7_F4_m4f8_P4_Y17_UO231,FXX,0,0.0,0,0,0.0,0,0,0,0.0,0.549072265625,1,P4_CV0,1,1,1,1,1
4,2.046486340378425,9.289064495259955,R4_F4_m7f4_P7_Y19_UO113,RD7_F4_m8f4_P8_Y17_UO358,RD4_F8_m4f7_P4_Y17_UO310,MXY,1,0.0,1,1,0.0,0,0,0,-9999.0,0.54736328125,1,P4_CV0,1,1,1,1,1
4,2.046486340378425,9.289064495259955,R4_F4_m7f4_P7_Y19_UO97,RD7_F4_m8f4_P8_Y17_UO358,RD4_F8_m4f8_P4_Y17_UO181,FXX,1,0.0,1,1,1.0,0,0,0,-9999.0,0.55126953125,1,P4_CV0,1,2,0,2,0
4,2.046486340378425,9.289064495259955,R4_F4_m7f4_P7_Y19_UO91,RD7_F4_m8f4_P8_Y17_UO358,RD4_F8_m4f8_P4_Y17_UO181,MXY,1,0.0,1,1,0.0,0,0,0,-9999.0,0.55126953125,1,P4_CV0,1,1,1,2,0
4,2.046486340378425,9.289064495259955,R4_F4_m4f7_P4_Y18_UO286,RD4_F8_m4f8_P4_Y16_UO41,RD7_F3_m4f8_P4_Y15_UO98,FXX,2,0.0,1,0,1.0,0,0,0,-9999.0,0.5146484375,1,P4_CV0,1,1,1,1,1
4,2.046486340378425,9.289064495259955,R4_F4_m4f7_P4_Y18_UO649,RD4_F8_m4f8_P4_Y16_UO371,RD7_F3_m7f3_P7_Y16_UO498,MXY,2,0.0,1,0,0.0,0,0,0,-9999.0,0.54052734375,1,P4_CV0,1,1,1,1,1
4,2.046486340378425,9.289064495259955,R4_F4_m4f8_P4_Y18_UO218,RD4_F8_m4f8_P4_Y16_UO391,RD8_F4_m8f4_P8_Y16_UO60,MXY,2,0.0,1,0,0.0,0,0,0,-9999.0,0.5439453125,1,P4_CV0,1,1,1,1,1
4,2.046486340378425,9.289064495259955,Age0_F4_m4f8_P4_Y20_UO272,RD4_F7_m4f7_P4_Y18_UO381,RD8_F4_m4f7_P4_Y17_UO160,MXY,0,0.0,0,0,0.0,0,0,0,0.0,0.535400390625,1,P5_CV0,1,1,1,1,1
4,2.046486340378425,9.289064495259955,Age0_F4_m4f8_P4_Y20_UO275,RD4_F7_m4f7_P4_Y18_UO381,RD8_F4_m4f7_P4_Y17_UO160,MXY,0,0.0,0,0,0.0,0,0,0,0.0,0.535400390625,1,P5_CV0,1,1,1,1,1
4,2.046486340378425,9.289064495259955,Age0_F4_m4f8_P4_Y20_UO353,RD4_F8_m4f7_P4_Y18_UO225,RD8_F4_m7f4_P7_Y18_UO167,MXY,0,0.0,0,0,0.0,0,0,0,0.0,0.504150390625,1,P5_CV0,1,1,1,2,0
4,2.046486340378425,9.289064495259955,Age0_F4_m4f8_P4_Y20_UO354,RD4_F8_m4f7_P4_Y18_UO225,RD8_F4_m7f4_P7_Y18_UO167,FXX,0,0.0,0,0,0.0,0,0,0,0.0,0.504150390625,1,P5_CV0,1,0,2,2,0
4,2.046486340378425,9.289064495259955,Age0_F4_m4f7_P4_Y20_UO443,RD4_F8_m4f8_P4_Y18_UO547,RD7_F4_m8f4_P8_Y18_UO628,FXX,0,0.0,0,0,0.0,0,0,0,0.0,0.53271484375,1,P5_CV0,1,0,2,1,1
4,2.046486340378425,9.289064495259955,Age0_F4_m4f7_P4_Y20_UO444,RD4_F8_m4f8_P4_Y18_UO547,RD7_F4_m8f4_P8_Y18_UO628,FXX,0,0.0,0,0,0.0,0,0,0,0.0,0.53271484375,1,P5_CV0,1,1,1,2,0
4,2.046486340378425,9.289064495259955,Age0_F4_m4f7_P4_Y20_UO445,RD4_F8_m4f8_P4_Y18_UO547,RD7_F4_m8f4_P8_Y18_UO628,MXY,0,0.0,0,0,0.0,0,0,0,0.0,0.53271484375,1,P5_CV0,1,1,1,1,1
4,2.046486340378425,9.289064495259955,Age0_F4_m4f7_P4_Y20_UO474,RD4_F8_m4f7_P4_Y18_UO22,RD7_F4_m4f8_P4_Y17_UO231,MXY,0,0.0,0,0,0.0,0,0,0,0.0,0.54248046875,1,P5_CV0,1,0,2,1,1
4,2.046486340378425,9.289064495259955,Age0_F4_m4f7_P4_Y20_UO475,RD4_F8_m4f7_P4_Y18_UO22,RD7_F4_m4f8_P4_Y17_UO231,MXY,0,0.0,0,0,0.0,0,0,0,0.0,0.54248046875,1,P5_CV0,1,0,2,2,0
4,2.046486340378425,9.289064495259955,Age0_F4_m4f8_P4_Y20_UO566,RD4_F8_m4f7_P4_Y18_UO383,RD8_F4_m8f4_P8_Y18_UO354,FXX,0,0.0,0,0,0.0,0,0,0,0.0,0.533203125,1,P5_CV0,1,1,1,1,1
4,2.046486340378425,9.289064495259955,Age0_F4_m4f8_P4_Y20_UO567,RD4_F8_m4f7_P4_Y18_UO383,RD8_F4_m8f4_P8_Y18_UO354,MXY,0,0.0,0,0,0.0,0,0,0,0.0,0.533203125,1,P5_CV0,1,1,1,1,1
4,2.046486340378425,9.289064495259955,Age0_F4_m4f8_P4_Y20_UO568,RD4_F8_m4f7_P4_Y18_UO383,RD8_F4_m8f4_P8_Y18_UO354,MXY,0,0.0,0,0,0.0,0,0,0,0.0,0.533203125,1,P5_CV0,1,1,1,1,1
4,2.046486340378425,9.289064495259955,Age0_F4_m4f8_P4_Y20_UO570,RD4_F8_m4f7_P4_Y18_UO383,RD8_F4_m8f4_P8_Y18_UO354,MXY,0,0.0,0,0,0.0,0,0,0,0.0,0.533203125,1,P5_CV0,1,1,1,1,1
4,2.046486340378425,9.289064495259955,Age0_F4_m4f8_P4_Y20_UO578,RD4_F8_m4f7_P4_Y18_UO382,RD8_F4_m7f4_P7_Y18_UO167,FXX,0,0.0,0,0,0.0,0,0,0,0.0,0.52001953125,1,P5_CV0,1,0,2,0,2
4,2.046486340378425,9.289064495259955,Age0_F4_m4f8_P4_Y20_UO579,RD4_F8_m4f7_P4_Y18_UO382,RD8_F4_m7f4_P7_Y18_UO167,FXX,0,0.0,0,0,0.0,0,0,0,0.0,0.52001953125,1,P5_CV0,1,1,1,1,1
4,2.046486340378425,9.289064495259955,Age0_F4_m4f8_P4_Y20_UO580,RD4_F8_m4f7_P4_Y18_UO382,RD8_F4_m7f4_P7_Y18_UO167,FXX,0,0.0,0,0,0.0,0,0,0,0.0,0.52001953125,1,P5_CV0,1,1,1,0,2
4,2.046486340378425,9.289064495259955,Age0_F4_m4f8_P4_Y20_UO581,RD4_F8_m4f7_P4_Y18_UO382,RD8_F4_m7f4_P7_Y18_UO167,MXY,0,0.0,0,0,0.0,0,0,0,0.0,0.52001953125,1,P5_CV0,1,1,1,0,2
4,2.046486340378425,9.289064495259955,Age0_F4_m4f8_P4_Y20_UO582,RD4_F8_m4f7_P4_Y18_UO382,RD8_F4_m7f4_P7_Y18_UO167,MXY,0,0.0,0,0,0.0,0,0,0,0.0,0.52001953125,1,P5_CV0,1,1,1,0,2
4,2.046486340378425,9.289064495259955,R4_F4_m4f7_P4_Y18_UO426,RD4_F8_m4f8_P4_Y16_UO181,RD7_F3_m7f3_P7_Y16_UO498,FXX,2,0.0,1,0,1.0,0,0,0,-9999.0,0.53759765625,1,P5_CV0,1,1,1,2,0
4,2.046486340378425,9.289064495259955,R4_F4_m4f7_P4_Y18_UO382,RD4_F7_m3f5_P3_Y16_UO433,RD7_F4_m8f4_P8_Y16_UO32,FXX,2,0.0,1,0,1.0,0,0,0,-9999.0,0.54345703125,1,P5_CV0,1,1,1,0,2
4,2.046486340378425,9.289064495259955,R4_F4_m4f7_P4_Y18_UO384,RD4_F7_m3f5_P3_Y16_UO433,RD7_F4_m8f4_P8_Y16_UO32,MXY,2,0.0,1,0,0.0,0,0,0,-9999.0,0.54345703125,1,P5_CV0,1,1,1,0,2
5,2.9965467367452314,4.002409126542999,Age0_F5_m5f1_P5_Y20_UO17,RD5_F1_m5f2_P5_Y18_UO243,RD1_F5_m1f5_P1_Y18_UO595,MXY,0,0.0,0,0,0.0,0,0,0,0.0,0.532470703125,1,P0_CV0,1,1,1,1,1
5,2.9965467367452314,4.002409126542999,Age0_F5_m5f3_P5_Y20_UO32,RD5_F1_m5f2_P5_Y18_UO696,RD3_F5_m1f5_P1_Y18_UO371,MXY,0,0.0,0,0,0.0,0,0,0,0.0,0.521240234375,1,P0_CV0,1,0,2,0,2
5,2.9965467367452314,4.002409126542999,Age0_F5_m5f3_P5_Y20_UO37,RD5_F2_m5f2_P5_Y18_UO241,RD3_F6_m3f5_P3_Y18_UO295,MXY,0,0.0,0,0,0.0,0,0,0,0.0,0.531005859375,1,P0_CV0,1,2,0,0,2
5,2.9965467367452314,4.002409126542999,Age0_F5_m5f3_P5_Y20_UO38,RD5_F2_m5f2_P5_Y18_UO241,RD3_F6_m3f5_P3_Y18_UO295,MXY,0,0.0,0,0,0.0,0,0,0,0.0,0.531005859375,1,P0_CV0,1,1,1,1,1
5,2.9965467367452314,4.002409126542999,Age0_F5_m5f2_P5_Y20_UO195,RD5_F2_m6f2_P6_Y18_UO330,RD2_F5_m1f5_P1_Y18_UO710,MXY,0,0.0,0,0,0.0,0,0,0,0.0,0.538818359375,1,P0_CV0,1,0,2,1,1
5,2.9965467367452314,4.002409126542999,Age0_F5_m5f1_P5_Y20_UO293,RD5_F1_m5f1_P5_Y18_UO29,RD1_F5_m1f5_P1_Y18_UO680,FXX,0,0.0,0,0,0.0,0,0,0,0.0,0.525390625,1,P0_CV0,1,0,2,0,2
5,2.9965467367452314,4.002409126542999,Age0_F5_m5f1_P5_Y20_UO378,RD5_F3_m5f3_P5_Y18_UO461,RD1_F5_m1f5_P1_Y18_UO680,MXY,0,0.0,0,0,0.0,0,0,0,0.0,0.52587890625,1,P0_CV0,1,1,1,0,2
5,2.9965467367452314,4.002409126542999,Age0_F5_m5f1_P5_Y20_UO400,RD5_F1_m5f1_P5_Y18_UO29,RD1_F5_m1f5_P1_Y18_UO680,MXY,0,0.0,0,0,0.0,0,0,0,0.0,0.525390625,1,P0_CV0,1,0,2,1,1
5,2.9965467367452314,4.002409126542999,Age0_F5_m5f1_P5_Y20_UO483,RD5_F2_m6f2_P6_Y18_UO330,RD1_F5_m1f5_P1_Y18_UO313,FXX,0,0.0,0,0,0.0,0,0,0,0.0,0.52587890625,1,P0_CV0,1,0,2,1,1
5,2.9965467367452314,4.002409126542999,Age0_F5_m5f2_P5_Y20_UO595,RD5_F2_m5f2_P5_Y18_UO241,RD2_F9_m2f5_P2_Y18_UO370,FXX,0,0.0,0,0,0.0,0,0,0,0.0,0.53515625,1,P0_CV0,1,1,1,2,0
5,2.9965467367452314,4.002409126542999,Age0_F5_m5f2_P5_Y20_UO596,RD5_F2_m5f2_P5_Y18_UO241,RD2_F9_m2f5_P2_Y18_UO370,FXX,0,0.0,0,0,0.0,0,0,0,0.0,0.53515625,1,P0_CV0,1,1,1,1,1
5,2.9965467367452314,4.002409126542999,Age0_F5_m5f1_P5_Y20_UO715,RD5_F1_m5f2_P5_Y18_UO696,RD1_F5_m3f5_P3_Y18_UO296,MXY,0,0.0,0,0,0.0,0,0,0,0.0,0.51953125,1,P0_CV0,1,1,1,1,1
5,2.9965467367452314,4.002409126542999,Age0_F5_m5f1_P5_Y20_UO733,RD5_F2_m9f2_P9_Y18_UO570,RD1_F5_m1f5_P1_Y18_UO680,FXX,0,0.0,0,0,0.0,0,0,0,0.0,0.517333984375,1,P0_CV0,1,1,1,1,1
5,2.9965467367452314,4.002409126542999,Age0_F5_m5f1_P5_Y20_UO734,RD5_F2_m9f2_P9_Y18_UO570,RD1_F5_m1f5_P1_Y18_UO680,FXX,0,0.0,0,0,0.0,0,0,0,0.0,0.517333984375,1,P0_CV0,1,0,2,0,2
5,2.9965467367452314,4.002409126542999,Age0_F5_m5f1_P5_Y20_UO735,RD5_F2_m9f2_P9_Y18_UO570,RD1_F5_m1f5_P1_Y18_UO680,MXY,0,0.0,0,0,0.0,0,0,0,0.0,0.517333984375,1,P0_CV0,1,0,2,1,1
5,2.9965467367452314,4.002409126542999,R5_F5_m5f2_P5_Y18_UO241,RD5_F3_m2f5_P2_Y16_UO75,RD2_F9_m6f2_P6_Y16_UO162,FXX,2,0.0,1,0,1.0,0,0,0,-9999.0,0.54736328125,1,P0_CV0,1,2,0,1,1
5,2.9965467367452314,4.002409126542999,R5_F5_m6f2_P6_Y17_UO113,RD6_F3_m7f3_P7_Y15_UO178,RD2_F3_m5f1_P5_Y15_UO67,FXX,3,0.0,1,0,1.0,0,0,0,-9999.0,0.54296875,1,P0_CV0,1,1,1,1,1
5,2.9965467367452314,4.002409126542999,Age0_F5_m5f1_P5_Y20_UO283,RD5_F1_m5f1_P5_Y18_UO508,RD1_F5_m1f5_P1_Y18_UO40,FXX,0,0.0,0,0,0.0,0,0,0,0.0,0.53271484375,1,P1_CV0,1,0,2,1,1
5,2.9965467367452314,4.002409126542999,Age0_F5_m5f1_P5_Y20_UO379,RD5_F3_m5f3_P5_Y18_UO461,RD1_F5_m1f5_P1_Y18_UO680,FXX,0,0.0,0,0,0.0,0,0,0,0.0,0.52587890625,1,P1_CV0,1,0,2,2,0
5,2.9965467367452314,4.002409126542999,Age0_F5_m5f2_P5_Y20_UO423,RD5_F3_m5f3_P5_Y18_UO461,RD2_F9_m2f9_P2_Y18_UO652,MXY,0,0.0,0,0,0.0,0,0,0,0.0,0.5390625,1,P1_CV0,1,1,1,0,2
5,2.9965467367452314,4.002409126542999,Age0_F5_m5f1_P5_Y20_UO687,RD5_F1_m5f1_P5_Y18_UO507,RD1_F5_m1f5_P1_Y18_UO120,MXY,0,0.0,0,0,0.0,0,0,0,0.0,0.53857421875,1,P1_CV0,1,1,1,1,1
5,2.9965467367452314,4.002409126542999,Age0_F5_m5f3_P5_Y20_UO708,RD5_F1_m5f1_P5_Y18_UO507,RD3_F7_m3f5_P3_Y18_UO276,FXX,0,0.0,0,0,0.0,0,0,0,0.0,0.5439453125,1,P1_CV0,1,0,2,2,0
5,2.9965467367452314,4.002409126542999,R5_F5_m5f3_P5_Y18_UO463,RD5_F1_m5f3_P5_Y16_UO224,RD3_F7_m4f7_P4_Y16_UO396,MXY,2,0.0,1,0,0.0,0,0,0,-9999.0,0.53857421875,1,P1_CV0,1,1,1,1,1
5,2.9965467367452314,4.002409126542999,R5_F5_m5f3_P5_Y18_UO461,RD5_F1_m5f3_P5_Y16_UO224,RD3_F7_m4f7_P4_Y16_UO396,FXX,2,0.0,1,0,1.0,0,0,0,-9999.0,0.53857421875,1,P1_CV0,1,1,1,1,1
5,2.9965467367452314,4.002409126542999,Age0_F5_m5f2_P5_Y20_UO190,RD5_F1_m5f3_P5_Y18_UO4,RD2_F9_m6f2_P6_Y18_UO560,FXX,0,0.0,0,0,0.0,0,0,0,0.0,0.53515625,1,P2_CV0,1,1,1,0,2
5,2.9965467367452314,4.002409126542999,Age0_F5_m5f2_P5_Y20_UO191,RD5_F1_m5f3_P5_Y18_UO4,RD2_F9_m6f2_P6_Y18_UO560,MXY,0,0.0,0,0,0.0,0,0,0,0.0,0.53515625,1,P2_CV0,1,0,2,1,1
5,2.9965467367452314,4.002409126542999,Age0_F5_m5f2_P5_Y20_UO204,RD5_F1_m5f2_P5_Y18_UO135,RD2_F5_m1f5_P1_Y16_UO196,MXY,0,0.0,0,0,0.0,0,0,0,0.0,0.5185546875,1,P2_CV0,1,2,0,0,2
5,2.9965467367452314,4.002409126542999,Age0_F5_m5f2_P5_Y20_UO205,RD5_F1_m5f2_P5_Y18_UO135,RD2_F5_m1f5_P1_Y16_UO196,MXY,0,0.0,0,0,0.0,0,0,0,0.0,0.5185546875,1,P2_CV0,1,2,0,0,2
5,2.9965467367452314,4.002409126542999,Age0_F5_m5f1_P5_Y20_UO250,RD5_F2_m9f6_P9_Y18_UO644,RD1_F5_m1f5_P1_Y18_UO591,MXY,0,0.0,0,0,0.0,0,0,0,0.0,0.52880859375,1,P2_CV0,1,1,1,2,0
5,2.9965467367452314,4.002409126542999,Age0_F5_m5f3_P5_Y20_UO404,RD5_F1_m5f3_P5_Y18_UO151,RD3_F6_m9f2_P9_Y18_UO581,MXY,0,0.0,0,0,0.0,0,0,0,0.0,0.53125,1,P2_CV0,1,1,1,2,0
5,2.9965467367452314,4.002409126542999,Age0_F5_m5f3_P5_Y20_UO405,RD5_F1_m5f3_P5_Y18_UO151,RD3_F6_m9f2_P9_Y18_UO581,MXY,0,0.0,0,0,0.0,0,0,0,0.0,0.53125,1,P2_CV0,1,1,1,1,1
5,2.9965467367452314,4.002409126542999,Age0_F5_m5f2_P5_Y20_UO409,RD5_F1_m5f1_P5_Y18_UO622,RD2_F9_m6f2_P6_Y18_UO560,FXX,0,0.0,0,0,0.0,0,0,0,0.0,0.544677734375,1,P2_CV0,1,2,0,1,1
5,2.9965467367452314,4.002409126542999,Age0_F5_m5f2_P5_Y20_UO410,RD5_F1_m5f1_P5_Y18_UO622,RD2_F9_m6f2_P6_Y18_UO560,FXX,0,0.0,0,0,0.0,0,0,0,0.0,0.544677734375,1,P2_CV0,1,1,1,0,2
5,2.9965467367452314,4.002409126542999,Age0_F5_m5f1_P5_Y20_UO418,RD5_F1_m5f2_P5_Y18_UO134,RD1_F5_m1f5_P1_Y18_UO40,FXX,0,0.0,0,0,0.0,0,0,0,0.0,0.533203125,1,P2_CV0,1,1,1,0,2
5,2.9965467367452314,4.002409126542999,Age0_F5_m5f2_P5_Y20_UO424,RD5_F3_m5f3_P5_Y18_UO461,RD2_F9_m2f9_P2_Y18_UO652,FXX,0,0.0,0,0,0.0,0,0,0,0.0,0.5390625,1,P2_CV0,1,2,0,1,1
5,2.9965467367452314,4.002409126542999,Age0_F5_m5f3_P5_Y20_UO464,RD5_F1_m5f2_P5_Y18_UO310,RD3_F7_m3f5_P3_Y18_UO194,FXX,0,0.0,0,0,0.0,0,0,0,0.0,0.5146484375,1,P2_CV0,1,0,2,2,0
5,2.9965467367452314,4.002409126542999,Age0_F5_m5f3_P5_Y20_UO465,RD5_F1_m5f2_P5_Y18_UO310,RD3_F7_m3f5_P3_Y18_UO194,FXX,0,0.0,0,0,0.0,0,0,0,0.0,0.5146484375,1,P2_CV0,1,2,0,1,1
5,2.9965467367452314,4.002409126542999,Age0_F5_m5f1_P5_Y20_UO541,RD5_F1_m5f2_P5_Y18_UO577,RD1_F5_m1f5_P1_Y18_UO516,MXY,0,0.0,0,0,0.0,0,0,0,0.0,0.5458984375,1,P2_CV0,1,2,0,1,1
5,2.9965467367452314,4.002409126542999,Age0_F5_m5f1_P5_Y20_UO549,RD5_F2_m6f2_P6_Y18_UO527,RD1_F5_m1f5_P1_Y18_UO591,FXX,0,0.0,0,0,0.0,0,0,0,0.0,0.53125,1,P2_CV0,1,0,2,0,2
5,2.9965467367452314,4.002409126542999,Age0_F5_m5f1_P5_Y20_UO550,RD5_F2_m6f2_P6_Y18_UO527,RD1_F5_m1f5_P1_Y18_UO591,MXY,0,0.0,0,0,0.0,0,0,0,0.0,0.53125,1,P2_CV0,1,0,2,1,1
5,2.9965467367452314,4.002409126542999,Age0_F5_m5f3_P5_Y20_UO632,RD5_F1_m5f2_P5_Y18_UO135,RD3_F6_m9f2_P9_Y18_UO581,FXX,0,0.0,0,0,0.0,0,0,0,0.0,0.53271484375,1,P2_CV0,1,2,0,1,1
5,2.9965467367452314,4.002409126542999,Age0_F5_m5f3_P5_Y20_UO633,RD5_F1_m5f2_P5_Y18_UO135,RD3_F6_m9f2_P9_Y18_UO581,FXX,0,0.0,0,0,0.0,0,0,0,0.0,0.53271484375,1,P2_CV0,1,2,0,1,1
5,2.9965467367452314,4.002409126542999,Age0_F5_m5f2_P5_Y20_UO677,RD5_F1_m5f2_P5_Y18_UO310,RD2_F5_m1f5_P1_Y16_UO196,MXY,0,0.0,0,0,0.0,0,0,0,0.0,0.50634765625,1,P2_CV0,1,2,0,0,2
5,2.9965467367452314,4.002409126542999,Age0_F5_m5f3_P5_Y20_UO679,RD5_F1_m5f1_P5_Y18_UO503,RD3_F2_m6f3_P6_Y18_UO50,MXY,0,0.0,0,0,0.0,0,0,0,0.0,0.5341796875,1,P2_CV0,1,1,1,1,1
5,2.9965467367452314,4.002409126542999,Age0_F5_m5f3_P5_Y20_UO709,RD5_F1_m5f1_P5_Y18_UO507,RD3_F7_m3f5_P3_Y18_UO276,FXX,0,0.0,0,0,0.0,0,0,0,0.0,0.5439453125,1,P2_CV0,1,1,1,2,0
5,2.9965467367452314,4.002409126542999,Age0_F5_m5f3_P5_Y20_UO751,RD5_F2_m9f6_P9_Y18_UO704,RD3_F7_m4f7_P4_Y18_UO232,MXY,0,0.0,0,0,0.0,0,0,0,0.0,0.51953125,1,P2_CV0,1,2,0,0,2
5,2.9965467367452314,4.002409126542999,Age0_F5_m5f3_P5_Y20_UO752,RD5_F2_m9f6_P9_Y18_UO704,RD3_F7_m4f7_P4_Y18_UO232,MXY,0,0.0,0,0,0.0,0,0,0,0.0,0.51953125,1,P2_CV0,1,2,0,0,2
5,2.9965467367452314,4.002409126542999,R5_F5_m5f1_P5_Y18_UO503,RD5_F3_m6f9_P6_Y16_UO638,RD1_F5_m1f5_P1_Y16_UO680,FXX,2,0.0,1,0,1.0,0,0,0,-9999.0,0.5458984375,1,P2_CV0,1,1,1,2,0
5,2.9965467367452314,4.002409126542999,R5_F5_m2f6_P2_Y18_UO567,RD2_F3_m6f2_P6_Y16_UO715,RD6_F9_m6f9_P6_Y16_UO51,MXY,2,0.0,1,0,0.0,0,0,0,-9999.0,0.52392578125,1,P2_CV0,1,1,1,0,2
5,2.9965467367452314,4.002409126542999,R5_F5_m9f6_P9_Y18_UO450,RD9_F2_m3f6_P3_Y16_UO147,RD6_F9_m6f2_P6_Y16_UO567,MXY,2,0.0,1,0,0.0,0,0,0,-9999.0,0.5537109375,1,P2_CV0,1,0,2,1,1
5,2.9965467367452314,4.002409126542999,R5_F5_m5f2_P5_Y18_UO577,RD5_F3_m6f2_P6_Y16_UO362,RD2_F9_m2f9_P2_Y14_UO571,FXX,2,0.0,1,0,1.0,0,0,0,-9999.0,0.55517578125,1,P2_CV0,1,1,1,1,1
5,2.9965467367452314,4.002409126542999,R5_F5_m5f2_P5_Y18_UO134,RD5_F1_m5f3_P5_Y16_UO480,RD2_F3_m7f4_P7_Y14_UO170,FXX,2,0.0,1,0,1.0,0,0,0,-9999.0,0.546875,1,P2_CV0,1,2,0,0,2
5,2.9965467367452314,4.002409126542999,R5_F5_m9f6_P9_Y18_UO704,RD9_F6_m9f2_P9_Y16_UO373,RD6_F2_m9f6_P9_Y16_UO579,FXX,2,0.0,1,0,1.0,0,0,0,-9999.0,0.52490234375,1,P2_CV0,1,1,1,1,1
5,2.9965467367452314,4.002409126542999,R5_F5_m3f7_P3_Y19_UO169,RD3_F6_m2f9_P2_Y17_UO138,RD7_F3_m3f5_P3_Y16_UO417,MXY,1,0.0,1,1,0.0,0,0,0,-9999.0,0.5302734375,1,P3_CV0,1,2,0,1,1
5,2.9965467367452314,4.002409126542999,Age0_F5_m5f1_P5_Y20_UO24,RD5_F1_m5f3_P5_Y18_UO4,RD1_F5_m1f5_P1_Y18_UO709,FXX,0,0.0,0,0,0.0,0,0,0,0.0,0.53076171875,1,P4_CV0,1,0,2,2,0
5,2.9965467367452314,4.002409126542999,Age0_F5_m5f1_P5_Y20_UO25,RD5_F1_m5f3_P5_Y18_UO4,RD1_F5_m1f5_P1_Y18_UO709,MXY,0,0.0,0,0,0.0,0,0,0,0.0,0.53076171875,1,P4_CV0,1,1,1,0,2
5,2.9965467367452314,4.002409126542999,Age0_F5_m5f2_P5_Y20_UO75,RD5_F1_m5f1_P5_Y18_UO31,RD2_F9_m2f5_P2_Y18_UO370,MXY,0,0.0,0,0,0.0,0,0,0,0.0,0.5302734375,1,P4_CV0,1,1,1,2,0
5,2.9965467367452314,4.002409126542999,Age0_F5_m5f1_P5_Y20_UO214,RD5_F1_m5f3_P5_Y18_UO4,RD1_F5_m1f5_P1_Y18_UO591,FXX,0,0.0,0,0,0.0,0,0,0,0.0,0.53369140625,1,P4_CV0,1,0,2,2,0
5,2.9965467367452314,4.002409126542999,Age0_F5_m5f1_P5_Y20_UO294,RD5_F1_m5f1_P5_Y18_UO29,RD1_F5_m1f5_P1_Y18_UO680,FXX,0,0.0,0,0,0.0,0,0,0,0.0,0.525390625,1,P4_CV0,1,1,1,0,2
5,2.9965467367452314,4.002409126542999,Age0_F5_m5f1_P5_Y20_UO401,RD5_F1_m5f1_P5_Y18_UO29,RD1_F5_m1f5_P1_Y18_UO680,MXY,0,0.0,0,0,0.0,0,0,0,0.0,0.525390625,1,P4_CV0,1,1,1,2,0
5,2.9965467367452314,4.002409126542999,Age0_F5_m5f1_P5_Y20_UO402,RD5_F1_m5f1_P5_Y18_UO29,RD1_F5_m1f5_P1_Y18_UO680,FXX,0,0.0,0,0,0.0,0,0,0,0.0,0.525390625,1,P4_CV0,1,0,2,0,2
5,2.9965467367452314,4.002409126542999,Age0_F5_m5f1_P5_Y20_UO403,RD5_F1_m5f1_P5_Y18_UO29,RD1_F5_m1f5_P1_Y18_UO680,FXX,0,0.0,0,0,0.0,0,0,0,0.0,0.525390625,1,P4_CV0,1,1,1,2,0
5,2.9965467367452314,4.002409126542999,Age0_F5_m5f1_P5_Y20_UO419,RD5_F1_m5f2_P5_Y18_UO134,RD1_F5_m1f5_P1_Y18_UO40,FXX,0,0.0,0,0,0.0,0,0,0,0.0,0.533203125,1,P4_CV0,1,1,1,1,1
5,2.9965467367452314,4.002409126542999,Age0_F5_m5f3_P5_Y20_UO626,RD5_F2_m9f6_P9_Y18_UO644,RD3_F7_m4f7_P4_Y18_UO232,MXY,0,0.0,0,0,0.0,0,0,0,0.0,0.517333984375,1,P4_CV0,1,2,0,1,1
5,2.9965467367452314,4.002409126542999,Age0_F5_m5f3_P5_Y20_UO678,RD5_F1_m5f1_P5_Y18_UO503,RD3_F2_m6f3_P6_Y18_UO50,MXY,0,0.0,0,0,0.0,0,0,0,0.0,0.5341796875,1,P4_CV0,1,1,1,1,1
5,2.9965467367452314,4.002409126542999,R5_F5_m5f2_P5_Y18_UO46,RD5_F1_m5f3_P5_Y16_UO358,RD2_F9_m6f2_P6_Y16_UO730,MXY,2,0.0,1,0,0.0,0,0,0,-9999.0,0.5537109375,1,P4_CV0,1,1,1,2,0
5,2.9965467367452314,4.002409126542999,R5_F5_m5f3_P5_Y18_UO4,RD5_F3_m6f2_P6_Y16_UO362,RD3_F7_m4f7_P4_Y16_UO666,FXX,2,0.0,1,0,1.0,0,0,0,-9999.0,0.5302734375,1,P4_CV0,1,1,1,1,1
5,2.9965467367452314,4.002409126542999,R5_F5_m5f3_P5_Y18_UO5,RD5_F3_m6f2_P6_Y16_UO362,RD3_F7_m4f7_P4_Y16_UO666,MXY,2,0.0,1,0,0.0,0,0,0,-9999.0,0.5302734375,1,P4_CV0,1,2,0,0,2
5,2.9965467367452314,4.002409126542999,R5_F5_m5f1_P5_Y16_UO599,RD5_F1_m5f2_P5_Y14_UO108,RD1_F5_m1f5_P1_Y14_UO29,FXX,4,0.0,1,0,1.0,0,0,0,-9999.0,0.5478515625,1,P4_CV0,1,0,2,2,0
5,2.9965467367452314,4.002409126542999,Age0_F5_m5f1_P5_Y20_UO0,RD5_F2_m5f1_P5_Y18_UO268,RD1_F5_m1f5_P1_Y18_UO595,MXY,0,0.0,0,0,0.0,0,0,0,0.0,0.521240234375,1,P5_CV0,1,1,1,0,2
5,2.9965467367452314,4.002409126542999,Age0_F5_m5f1_P5_Y20_UO18,RD5_F1_m5f2_P5_Y18_UO243,RD1_F5_m1f5_P1_Y18_UO595,MXY,0,0.0,0,0,0.0,0,0,0,0.0,0.532470703125,1,P5_CV0,1,1,1,1,1
5,2.9965467367452314,4.002409126542999,Age0_F5_m5f1_P5_Y20_UO26,RD5_F1_m5f3_P5_Y18_UO4,RD1_F5_m1f5_P1_Y18_UO709,MXY,0,0.0,0,0,0.0,0,0,0,0.0,0.53076171875,1,P5_CV0,1,1,1,0,2
5,2.9965467367452314,4.002409126542999,Age0_F5_m5f1_P5_Y20_UO27,RD5_F1_m5f3_P5_Y18_UO4,RD1_F5_m1f5_P1_Y18_UO709,FXX,0,0.0,0,0,0.0,0,0,0,0.0,0.53076171875,1,P5_CV0,1,1,1,2,0
5,2.9965467367452314,4.002409126542999,Age0_F5_m5f3_P5_Y20_UO31,RD5_F1_m5f2_P5_Y18_UO696,RD3_F5_m1f5_P1_Y18_UO371,MXY,0,0.0,0,0,0.0,0,0,0,0.0,0.521240234375,1,P5_CV0,1,0,2,0,2
5,2.9965467367452314,4.002409126542999,Age0_F5_m5f2_P5_Y20_UO131,RD5_F2_m9f2_P9_Y18_UO570,RD2_F5_m1f5_P1_Y18_UO662,MXY,0,0.0,0,0,0.0,0,0,0,0.0,0.53173828125,1,P5_CV0,1,1,1,1,1
5,2.9965467367452314,4.002409126542999,Age0_F5_m5f2_P5_Y20_UO132,RD5_F2_m9f2_P9_Y18_UO570,RD2_F5_m1f5_P1_Y18_UO662,MXY,0,0.0,0,0,0.0,0,0,0,0.0,0.53173828125,1,P5_CV0,1,2,0,0,2
5,2.9965467367452314,4.002409126542999,Age0_F5_m5f2_P5_Y20_UO133,RD5_F2_m9f2_P9_Y18_UO570,RD2_F5_m1f5_P1_Y18_UO662,MXY,0,0.0,0,0,0.0,0,0,0,0.0,0.53173828125,1,P5_CV0,1,1,1,0,2
5,2.9965467367452314,4.002409126542999,Age0_F5_m5f2_P5_Y20_UO196,RD5_F2_m6f2_P6_Y18_UO330,RD2_F5_m1f5_P1_Y18_UO710,FXX,0,0.0,0,0,0.0,0,0,0,0.0,0.538818359375,1,P5_CV0,1,0,2,1,1
5,2.9965467367452314,4.002409126542999,Age0_F5_m5f2_P5_Y20_UO197,RD5_F2_m6f2_P6_Y18_UO330,RD2_F5_m1f5_P1_Y18_UO710,MXY,0,0.0,0,0,0.0,0,0,0,0.0,0.538818359375,1,P5_CV0,1,0,2,1,1
5,2.9965467367452314,4.002409126542999,Age0_F5_m5f2_P5_Y20_UO198,RD5_F2_m6f2_P6_Y18_UO330,RD2_F5_m1f5_P1_Y18_UO710,MXY,0,0.0,0,0,0.0,0,0,0,0.0,0.538818359375,1,P5_CV0,1,0,2,0,2
5,2.9965467367452314,4.002409126542999,Age0_F5_m5f1_P5_Y20_UO212,RD5_F1_m5f3_P5_Y18_UO4,RD1_F5_m1f5_P1_Y18_UO591,MXY,0,0.0,0,0,0.0,0,0,0,0.0,0.53369140625,1,P5_CV0,1,0,2,2,0
5,2.9965467367452314,4.002409126542999,Age0_F5_m5f1_P5_Y20_UO213,RD5_F1_m5f3_P5_Y18_UO4,RD1_F5_m1f5_P1_Y18_UO591,FXX,0,0.0,0,0,0.0,0,0,0,0.0,0.53369140625,1,P5_CV0,1,1,1,1,1
5,2.9965467367452314,4.002409126542999,Age0_F5_m5f1_P5_Y20_UO215,RD5_F1_m5f3_P5_Y18_UO4,RD1_F5_m1f5_P1_Y18_UO591,MXY,0,0.0,0,0,0.0,0,0,0,0.0,0.53369140625,1,P5_CV0,1,1,1,0,2
5,2.9965467367452314,4.002409126542999,Age0_F5_m5f1_P5_Y20_UO249,RD5_F2_m9f6_P9_Y18_UO644,RD1_F5_m1f5_P1_Y18_UO591,FXX,0,0.0,0,0,0.0,0,0,0,0.0,0.52880859375,1,P5_CV0,1,1,1,1,1
5,2.9965467367452314,4.002409126542999,Age0_F5_m5f1_P5_Y20_UO251,RD5_F2_m9f6_P9_Y18_UO644,RD1_F5_m1f5_P1_Y18_UO591,FXX,0,0.0,0,0,0.0,0,0,0,0.0,0.52880859375,1,P5_CV0,1,1,1,1,1
5,2.9965467367452314,4.002409126542999,Age0_F5_m5f2_P5_Y20_UO327,RD5_F2_m3f6_P3_Y18_UO203,RD2_F6_m2f5_P2_Y18_UO604,FXX,0,0.0,0,0,0.0,0,0,0,0.0,0.533935546875,1,P5_CV0,1,0,2,0,2
5,2.9965467367452314,4.002409126542999,Age0_F5_m5f2_P5_Y20_UO328,RD5_F2_m3f6_P3_Y18_UO203,RD2_F6_m2f5_P2_Y18_UO604,MXY,0,0.0,0,0,0.0,0,0,0,0.0,0.533935546875,1,P5_CV0,1,0,2,1,1
5,2.9965467367452314,4.002409126542999,Age0_F5_m5f1_P5_Y20_UO484,RD5_F2_m6f2_P6_Y18_UO330,RD1_F5_m1f5_P1_Y18_UO313,MXY,0,0.0,0,0,0.0,0,0,0,0.0,0.52587890625,1,P5_CV0,1,0,2,1,1
5,2.9965467367452314,4.002409126542999,Age0_F5_m5f1_P5_Y20_UO542,RD5_F1_m5f2_P5_Y18_UO577,RD1_F5_m1f5_P1_Y18_UO516,MXY,0,0.0,0,0,0.0,0,0,0,0.0,0.5458984375,1,P5_CV0,1,2,0,1,1
5,2.9965467367452314,4.002409126542999,Age0_F5_m5f3_P5_Y20_UO547,RD5_F1_m5f2_P5_Y18_UO135,RD3_F2_m9f6_P9_Y18_UO532,MXY,0,0.0,0,0,0.0,0,0,0,0.0,0.53759765625,1,P5_CV0,1,0,2,0,2
5,2.9965467367452314,4.002409126542999,Age0_F5_m5f3_P5_Y20_UO548,RD5_F1_m5f2_P5_Y18_UO135,RD3_F2_m9f6_P9_Y18_UO532,FXX,0,0.0,0,0,0.0,0,0,0,0.0,0.53759765625,1,P5_CV0,1,0,2,0,2
5,2.9965467367452314,4.002409126542999,Age0_F5_m5f2_P5_Y20_UO573,RD5_F2_m6f2_P6_Y18_UO404,RD2_F9_m2f5_P2_Y18_UO370,FXX,0,0.0,0,0,0.0,0,0,0,0.0,0.535888671875,1,P5_CV0,1,0,2,1,1
5,2.9965467367452314,4.002409126542999,R5_F5_m3f6_P3_Y19_UO147,RD3_F6_m2f9_P2_Y17_UO138,RD6_F9_m6f2_P6_Y17_UO112,MXY,1,0.0,1,1,0.0,0,0,0,-9999.0,0.5263671875,1,P5_CV0,1,2,0,2,0
5,2.9965467367452314,4.002409126542999,R5_F5_m1f5_P1_Y17_UO196,RD1_F5_m2f3_P2_Y15_UO56,RD5_F2_m9f2_P9_Y15_UO3,MXY,3,0.0,1,0,0.0,0,0,0,-9999.0,0.5341796875,1,P6_CV0,1,2,0,1,1
5,2.9965467367452314,4.002409126542999,Age0_F5_m5f2_P5_Y20_UO73,RD5_F1_m5f1_P5_Y18_UO31,RD2_F9_m2f5_P2_Y18_UO370,MXY,0,0.0,0,0,0.0,0,0,0,0.0,0.5302734375,1,P8_CV0,1,0,2,2,0
5,2.9965467367452314,4.002409126542999,Age0_F5_m5f2_P5_Y20_UO74,RD5_F1_m5f1_P5_Y18_UO31,RD2_F9_m2f5_P2_Y18_UO370,MXY,0,0.0,0,0,0.0,0,0,0,0.0,0.5302734375,1,P8_CV0,1,1,1,2,0
5,2.9965467367452314,4.002409126542999,Age0_F5_m5f2_P5_Y20_UO329,RD5_F2_m3f6_P3_Y18_UO203,RD2_F6_m2f5_P2_Y18_UO604,FXX,0,0.0,0,0,0.0,0,0,0,0.0,0.533935546875,1,P8_CV0,1,1,1,1,1
5,2.9965467367452314,4.002409126542999,Age0_F5_m5f2_P5_Y20_UO572,RD5_F2_m6f2_P6_Y18_UO404,RD2_F9_m2f5_P2_Y18_UO370,FXX,0,0.0,0,0,0.0,0,0,0,0.0,0.535888671875,1,P8_CV0,1,0,2,1,1
5,2.9965467367452314,4.002409126542999,Age0_F5_m5f2_P5_Y20_UO574,RD5_F2_m6f2_P6_Y18_UO404,RD2_F9_m2f5_P2_Y18_UO370,FXX,0,0.0,0,0,0.0,0,0,0,0.0,0.535888671875,1,P8_CV0,1,0,2,1,1
5,2.9965467367452314,4.002409126542999,R5_F5_m3f2_P3_Y19_UO18,RD3_F5_m1f5_P1_Y17_UO192,RD2_F3_m9f2_P9_Y16_UO687,FXX,1,0.0,1,1,1.0,0,0,0,-9999.0,0.51416015625,1,P8_CV0,1,2,0,2,0
6,6.211338327692949,7.937131414155586,Age0_F6_m6f2_P6_Y20_UO2,RD6_F2_m5f1_P5_Y18_UO269,RD2_F9_m2f5_P2_Y18_UO370,MXY,0,0.0,0,0,0.0,0,0,0,0.0,0.52392578125,1,P0_CV0,1,1,1,2,0
6,6.211338327692949,7.937131414155586,Age0_F6_m6f2_P6_Y20_UO66,RD6_F9_m2f9_P2_Y18_UO464,RD2_F9_m2f9_P2_Y18_UO652,MXY,0,0.0,0,0,0.0,0,0,0,0.0,0.522216796875,1,P0_CV0,1,2,0,2,0
6,6.211338327692949,7.937131414155586,Age0_F6_m6f9_P6_Y20_UO380,RD6_F2_m3f5_P3_Y18_UO254,RD9_F2_m9f6_P9_Y18_UO15,FXX,0,0.0,0,0,0.0,0,0,0,0.0,0.53173828125,1,P0_CV0,1,2,0,1,1
6,6.211338327692949,7.937131414155586,Age0_F6_m6f9_P6_Y20_UO382,RD6_F2_m3f5_P3_Y18_UO254,RD9_F2_m9f6_P9_Y18_UO15,FXX,0,0.0,0,0,0.0,0,0,0,0.0,0.53173828125,1,P0_CV0,1,1,1,0,2
6,6.211338327692949,7.937131414155586,Age0_F6_m6f3_P6_Y20_UO217,RD6_F3_m5f2_P5_Y18_UO93,RD3_F6_m3f7_P3_Y18_UO361,FXX,0,0.0,0,0,0.0,0,0,0,0.0,0.526611328125,1,P1_CV0,1,0,2,1,1
6,6.211338327692949,7.937131414155586,Age0_F6_m6f3_P6_Y20_UO218,RD6_F3_m5f2_P5_Y18_UO93,RD3_F6_m3f7_P3_Y18_UO361,FXX,0,0.0,0,0,0.0,0,0,0,0.0,0.526611328125,1,P1_CV0,1,0,2,0,2
6,6.211338327692949,7.937131414155586,Age0_F6_m6f3_P6_Y20_UO219,RD6_F3_m5f2_P5_Y18_UO93,RD3_F6_m3f7_P3_Y18_UO361,MXY,0,0.0,0,0,0.0,0,0,0,0.0,0.526611328125,1,P1_CV0,1,0,2,0,2
6,6.211338327692949,7.937131414155586,Age0_F6_m6f3_P6_Y20_UO731,RD6_F9_m2f9_P2_Y18_UO598,RD3_F6_m9f6_P9_Y18_UO657,FXX,0,0.0,0,0,0.0,0,0,0,0.0,0.55322265625,1,P1_CV0,1,2,0,1,1
6,6.211338327692949,7.937131414155586,R6_F6_m7f3_P7_Y18_UO213,RD7_F3_m7f4_P7_Y16_UO294,RD3_F7_m4f7_P4_Y16_UO666,MXY,2,0.0,1,0,0.0,0,0,0,-9999.0,0.52392578125,1,P1_CV0,1,2,0,1,1
6,6.211338327692949,7.937131414155586,Age0_F6_m6f2_P6_Y20_UO65,RD6_F9_m2f9_P2_Y18_UO464,RD2_F9_m2f9_P2_Y18_UO652,MXY,0,0.0,0,0,0.0,0,0,0,0.0,0.522216796875,1,P2_CV0,1,2,0,1,1
6,6.211338327692949,7.937131414155586,Age0_F6_m6f3_P6_Y20_UO229,RD6_F9_m2f9_P2_Y18_UO460,RD3_F6_m9f6_P9_Y18_UO533,FXX,0,0.0,0,0,0.0,0,0,0,0.0,0.52880859375,1,P2_CV0,1,1,1,0,2
6,6.211338327692949,7.937131414155586,Age0_F6_m6f3_P6_Y20_UO230,RD6_F9_m2f9_P2_Y18_UO460,RD3_F6_m9f6_P9_Y18_UO533,MXY,0,0.0,0,0,0.0,0,0,0,0.0,0.52880859375,1,P2_CV0,1,2,0,0,2
6,6.211338327692949,7.937131414155586,Age0_F6_m6f9_P6_Y20_UO234,RD6_F9_m6f2_P6_Y18_UO611,RD9_F2_m9f6_P9_Y18_UO15,MXY,0,0.0,0,0,0.0,0,0,0,0.0,0.51904296875,1,P2_CV0,1,1,1,0,2
6,6.211338327692949,7.937131414155586,Age0_F6_m6f9_P6_Y20_UO235,RD6_F9_m6f2_P6_Y18_UO611,RD9_F2_m9f6_P9_Y18_UO15,FXX,0,0.0,0,0,0.0,0,0,0,0.0,0.51904296875,1,P2_CV0,1,1,1,0,2
6,6.211338327692949,7.937131414155586,Age0_F6_m6f2_P6_Y20_UO295,RD6_F9_m2f5_P2_Y18_UO190,RD2_F9_m6f2_P6_Y18_UO560,MXY,0,0.0,0,0,0.0,0,0,0,0.0,0.540283203125,1,P2_CV0,1,0,2,2,0
6,6.211338327692949,7.937131414155586,Age0_F6_m6f2_P6_Y20_UO296,RD6_F9_m2f5_P2_Y18_UO190,RD2_F9_m6f2_P6_Y18_UO560,MXY,0,0.0,0,0,0.0,0,0,0,0.0,0.540283203125,1,P2_CV0,1,1,1,2,0
6,6.211338327692949,7.937131414155586,Age0_F6_m6f2_P6_Y20_UO297,RD6_F9_m2f5_P2_Y18_UO190,RD2_F9_m6f2_P6_Y18_UO560,MXY,0,0.0,0,0,0.0,0,0,0,0.0,0.540283203125,1,P2_CV0,1,1,1,1,1
6,6.211338327692949,7.937131414155586,Age0_F6_m6f2_P6_Y20_UO298,RD6_F9_m2f5_P2_Y18_UO190,RD2_F9_m6f2_P6_Y18_UO560,FXX,0,0.0,0,0,0.0,0,0,0,0.0,0.540283203125,1,P2_CV0,1,1,1,1,1
6,6.211338327692949,7.937131414155586,Age0_F6_m6f9_P6_Y20_UO381,RD6_F2_m3f5_P3_Y18_UO254,RD9_F2_m9f6_P9_Y18_UO15,MXY,0,0.0,0,0,0.0,0,0,0,0.0,0.53173828125,1,P2_CV0,1,2,0,0,2
6,6.211338327692949,7.937131414155586,Age0_F6_m6f9_P6_Y20_UO396,RD6_F9_m6f9_P6_Y18_UO660,RD9_F2_m6f9_P6_Y18_UO34,FXX,0,0.0,0,0,0.0,0,0,0,0.0,0.53857421875,1,P2_CV0,1,0,2,0,2
6,6.211338327692949,7.937131414155586,Age0_F6_m6f9_P6_Y20_UO397,RD6_F9_m6f9_P6_Y18_UO660,RD9_F2_m6f9_P6_Y18_UO34,MXY,0,0.0,0,0,0.0,0,0,0,0.0,0.53857421875,1,P2_CV0,1,0,2,1,1
6,6.211338327692949,7.937131414155586,Age0_F6_m6f9_P6_Y20_UO417,RD6_F9_m6f9_P6_Y18_UO660,RD9_F6_m9f2_P9_Y18_UO571,FXX,0,0.0,0,0,0.0,0,0,0,0.0,0.5263671875,1,P2_CV0,1,0,2,0,2
6,6.211338327692949,7.937131414155586,Age0_F6_m6f3_P6_Y20_UO455,RD6_F9_m6f9_P6_Y18_UO36,RD3_F5_m1f5_P1_Y18_UO540,FXX,0,0.0,0,0,0.0,0,0,0,0.0,0.5439453125,1,P2_CV0,1,0,2,1,1
6,6.211338327692949,7.937131414155586,Age0_F6_m6f3_P6_Y20_UO498,RD6_F9_m6f9_P6_Y18_UO36,RD3_F6_m9f6_P9_Y18_UO317,MXY,0,0.0,0,0,0.0,0,0,0,0.0,0.540771484375,1,P2_CV0,1,0,2,2,0
6,6.211338327692949,7.937131414155586,Age0_F6_m6f3_P6_Y20_UO499,RD6_F9_m6f9_P6_Y18_UO36,RD3_F6_m9f6_P9_Y18_UO317,MXY,0,0.0,0,0,0.0,0,0,0,0.0,0.540771484375,1,P2_CV0,1,1,1,1,1
6,6.211338327692949,7.937131414155586,Age0_F6_m6f3_P6_Y20_UO500,RD6_F9_m6f9_P6_Y18_UO36,RD3_F6_m9f6_P9_Y18_UO317,MXY,0,0.0,0,0,0.0,0,0,0,0.0,0.540771484375,1,P2_CV0,1,1,1,1,1
6,6.211338327692949,7.937131414155586,Age0_F6_m6f3_P6_Y20_UO501,RD6_F9_m6f9_P6_Y18_UO36,RD3_F6_m9f6_P9_Y18_UO317,FXX,0,0.0,0,0,0.0,0,0,0,0.0,0.540771484375,1,P2_CV0,1,1,1,1,1
6,6.211338327692949,7.937131414155586,Age0_F6_m6f2_P6_Y20_UO597,RD6_F9_m2f5_P2_Y18_UO138,RD2_F9_m2f6_P2_Y18_UO568,FXX,0,0.0,0,0,0.0,0,0,0,0.0,0.528564453125,1,P2_CV0,1,0,2,0,2
6,6.211338327692949,7.937131414155586,Age0_F6_m6f2_P6_Y20_UO598,RD6_F9_m2f5_P2_Y18_UO138,RD2_F9_m2f6_P2_Y18_UO568,MXY,0,0.0,0,0,0.0,0,0,0,0.0,0.528564453125,1,P2_CV0,1,1,1,0,2
6,6.211338327692949,7.937131414155586,Age0_F6_m6f2_P6_Y20_UO599,RD6_F9_m2f5_P2_Y18_UO138,RD2_F9_m2f6_P2_Y18_UO568,FXX,0,0.0,0,0,0.0,0,0,0,0.0,0.528564453125,1,P2_CV0,1,0,2,0,2
6,6.211338327692949,7.937131414155586,Age0_F6_m6f3_P6_Y20_UO699,RD6_F9_m6f9_P6_Y18_UO347,RD3_F7_m4f7_P4_Y18_UO232,FXX,0,0.0,0,0,0.0,0,0,0,0.0,0.50537109375,1,P2_CV0,1,2,0,1,1
6,6.211338327692949,7.937131414155586,R6_F6_m6f9_P6_Y18_UO36,RD6_F9_m6f2_P6_Y16_UO731,RD9_F2_m9f2_P9_Y16_UO222,FXX,2,0.0,1,0,1.0,0,0,0,-9999.0,0.5458984375,1,P2_CV0,1,0,2,1,1
6,6.211338327692949,7.937131414155586,R6_F6_m3f5_P3_Y18_UO192,RD3_F5_m3f2_P3_Y16_UO713,RD5_F1_m5f1_P5_Y16_UO341,MXY,2,0.0,1,0,0.0,0,0,0,-9999.0,0.5068359375,1,P2_CV0,1,0,2,0,2
6,6.211338327692949,7.937131414155586,R6_F6_m6f9_P6_Y18_UO347,RD6_F9_m6f3_P6_Y16_UO243,RD9_F2_m6f2_P6_Y16_UO1,FXX,2,0.0,1,0,1.0,0,0,0,-9999.0,0.49658203125,1,P2_CV0,1,1,1,1,1
6,6.211338327692949,7.937131414155586,R6_F6_m6f2_P6_Y18_UO526,RD6_F9_m2f9_P2_Y16_UO545,RD2_F9_m2f5_P2_Y16_UO701,MXY,2,0.0,1,0,0.0,0,0,0,-9999.0,0.525390625,1,P2_CV0,1,1,1,2,0
6,6.211338327692949,7.937131414155586,Age0_F6_m6f3_P6_Y20_UO50,RD6_F9_m6f2_P6_Y18_UO611,RD3_F7_m4f7_P4_Y18_UO224,FXX,0,0.0,0,0,0.0,0,0,0,0.0,0.52392578125,1,P3_CV0,1,1,1,0,2
6,6.211338327692949,7.937131414155586,Age0_F6_m6f3_P6_Y20_UO52,RD6_F9_m6f2_P6_Y18_UO611,RD3_F7_m4f7_P4_Y18_UO224,MXY,0,0.0,0,0,0.0,0,0,0,0.0,0.52392578125,1,P3_CV0,1,1,1,1,1
6,6.211338327692949,7.937131414155586,Age0_F6_m6f3_P6_Y20_UO54,RD6_F9_m6f2_P6_Y18_UO611,RD3_F7_m4f7_P4_Y18_UO224,MXY,0,0.0,0,0,0.0,0,0,0,0.0,0.52392578125,1,P3_CV0,1,1,1,1,1
6,6.211338327692949,7.937131414155586,Age0_F6_m6f9_P6_Y20_UO233,RD6_F9_m6f2_P6_Y18_UO611,RD9_F2_m9f6_P9_Y18_UO15,FXX,0,0.0,0,0,0.0,0,0,0,0.0,0.51904296875,1,P3_CV0,1,1,1,0,2
6,6.211338327692949,7.937131414155586,Age0_F6_m6f9_P6_Y20_UO236,RD6_F9_m6f2_P6_Y18_UO611,RD9_F2_m9f6_P9_Y18_UO15,FXX,0,0.0,0,0,0.0,0,0,0,0.0,0.51904296875,1,P3_CV0,1,1,1,0,2
6,6.211338327692949,7.937131414155586,Age0_F6_m6f9_P6_Y20_UO237,RD6_F9_m6f2_P6_Y18_UO611,RD9_F2_m9f6_P9_Y18_UO15,FXX,0,0.0,0,0,0.0,0,0,0,0.0,0.51904296875,1,P3_CV0,1,1,1,0,2
6,6.211338327692949,7.937131414155586,Age0_F6_m6f2_P6_Y20_UO383,RD6_F9_m6f2_P6_Y18_UO611,RD2_F9_m2f5_P2_Y18_UO181,FXX,0,0.0,0,0,0.0,0,0,0,0.0,0.510498046875,1,P3_CV0,1,0,2,1,1
6,6.211338327692949,7.937131414155586,R6_F6_m9f2_P9_Y19_UO234,RD9_F6_m2f3_P2_Y17_UO119,RD2_F9_m2f6_P2_Y16_UO50,FXX,1,0.0,1,1,1.0,0,0,0,-9999.0,0.546875,1,P3_CV0,1,2,0,1,1
6,6.211338327692949,7.937131414155586,R6_F6_m9f2_P9_Y19_UO250,RD9_F6_m2f3_P2_Y17_UO119,RD2_F9_m2f6_P2_Y16_UO50,MXY,1,0.0,1,1,0.0,0,0,0,-9999.0,0.546875,1,P3_CV0,1,2,0,1,1
6,6.211338327692949,7.937131414155586,R6_F6_m3f7_P3_Y19_UO164,RD3_F6_m2f9_P2_Y17_UO138,RD7_F3_m3f5_P3_Y16_UO417,MXY,1,0.0,1,1,0.0,0,0,0,-9999.0,0.5302734375,1,P3_CV0,1,2,0,2,0
6,6.211338327692949,7.937131414155586,R6_F6_m6f2_P6_Y18_UO611,RD6_F9_m6f3_P6_Y16_UO243,RD2_F5_m5f1_P5_Y15_UO75,FXX,2,0.0,1,0,1.0,0,0,0,-9999.0,0.5029296875,1,P3_CV0,1,0,2,0,2
6,6.211338327692949,7.937131414155586,Age0_F6_m6f3_P6_Y20_UO51,RD6_F9_m6f2_P6_Y18_UO611,RD3_F7_m4f7_P4_Y18_UO224,FXX,0,0.0,0,0,0.0,0,0,0,0.0,0.52392578125,1,P4_CV0,1,1,1,1,1
6,6.211338327692949,7.937131414155586,Age0_F6_m6f3_P6_Y20_UO53,RD6_F9_m6f2_P6_Y18_UO611,RD3_F7_m4f7_P4_Y18_UO224,FXX,0,0.0,0,0,0.0,0,0,0,0.0,0.52392578125,1,P4_CV0,1,1,1,1,1
6,6.211338327692949,7.937131414155586,Age0_F6_m6f3_P6_Y20_UO115,RD6_F2_m9f6_P9_Y18_UO0,RD3_F7_m4f8_P4_Y18_UO216,MXY,0,0.0,0,0,0.0,0,0,0,0.0,0.52880859375,1,P4_CV0,1,2,0,0,2
6,6.211338327692949,7.937131414155586,Age0_F6_m6f3_P6_Y20_UO116,RD6_F2_m9f6_P9_Y18_UO0,RD3_F7_m4f8_P4_Y18_UO216,MXY,0,0.0,0,0,0.0,0,0,0,0.0,0.52880859375,1,P4_CV0,1,1,1,0,2
6,6.211338327692949,7.937131414155586,Age0_F6_m6f2_P6_Y20_UO332,RD6_F9_m6f9_P6_Y18_UO129,RD2_F9_m6f9_P6_Y18_UO185,MXY,0,0.0,0,0,0.0,0,0,0,0.0,0.528076171875,1,P4_CV0,1,0,2,1,1
6,6.211338327692949,7.937131414155586,Age0_F6_m6f3_P6_Y20_UO346,RD6_F9_m2f9_P2_Y18_UO464,RD3_F5_m1f5_P1_Y18_UO540,FXX,0,0.0,0,0,0.0,0,0,0,0.0,0.5234375,1,P4_CV0,1,0,2,1,1
6,6.211338327692949,7.937131414155586,Age0_F6_m6f3_P6_Y20_UO347,RD6_F9_m2f9_P2_Y18_UO464,RD3_F5_m1f5_P1_Y18_UO540,FXX,0,0.0,0,0,0.0,0,0,0,0.0,0.5234375,1,P4_CV0,1,1,1,1,1
6,6.211338327692949,7.937131414155586,Age0_F6_m6f2_P6_Y20_UO395,RD6_F9_m2f9_P2_Y18_UO464,RD2_F9_m2f9_P2_Y18_UO487,MXY,0,0.0,0,0,0.0,0,0,0,0.0,0.512451171875,1,P4_CV0,1,0,2,1,1
6,6.211338327692949,7.937131414155586,Age0_F6_m6f2_P6_Y20_UO436,RD6_F2_m6f3_P6_Y18_UO170,RD2_F5_m3f6_P3_Y18_UO306,FXX,0,0.0,0,0,0.0,0,0,0,0.0,0.522216796875,1,P4_CV0,1,1,1,0,2
6,6.211338327692949,7.937131414155586,Age0_F6_m6f2_P6_Y20_UO437,RD6_F2_m6f3_P6_Y18_UO170,RD2_F5_m3f6_P3_Y18_UO306,MXY,0,0.0,0,0,0.0,0,0,0,0.0,0.522216796875,1,P4_CV0,1,0,2,1,1
6,6.211338327692949,7.937131414155586,Age0_F6_m6f2_P6_Y20_UO438,RD6_F2_m6f3_P6_Y18_UO170,RD2_F5_m3f6_P3_Y18_UO306,FXX,0,0.0,0,0,0.0,0,0,0,0.0,0.522216796875,1,P4_CV0,1,2,0,1,1
6,6.211338327692949,7.937131414155586,Age0_F6_m6f2_P6_Y20_UO439,RD6_F2_m6f3_P6_Y18_UO170,RD2_F5_m3f6_P3_Y18_UO306,MXY,0,0.0,0,0,0.0,0,0,0,0.0,0.522216796875,1,P4_CV0,1,1,1,0,2
6,6.211338327692949,7.937131414155586,Age0_F6_m6f2_P6_Y20_UO440,RD6_F2_m6f3_P6_Y18_UO170,RD2_F5_m3f6_P3_Y18_UO306,FXX,0,0.0,0,0,0.0,0,0,0,0.0,0.522216796875,1,P4_CV0,1,0,2,2,0
6,6.211338327692949,7.937131414155586,Age0_F6_m6f3_P6_Y20_UO456,RD6_F9_m6f9_P6_Y18_UO36,RD3_F5_m1f5_P1_Y18_UO540,FXX,0,0.0,0,0,0.0,0,0,0,0.0,0.5439453125,1,P4_CV0,1,0,2,1,1
6,6.211338327692949,7.937131414155586,Age0_F6_m6f2_P6_Y20_UO526,RD6_F2_m3f6_P3_Y18_UO320,RD2_F9_m6f3_P6_Y18_UO47,MXY,0,0.0,0,0,0.0,0,0,0,0.0,0.521240234375,1,P4_CV0,1,1,1,0,2
6,6.211338327692949,7.937131414155586,Age0_F6_m6f2_P6_Y20_UO529,RD6_F2_m3f6_P3_Y18_UO320,RD2_F9_m6f3_P6_Y18_UO47,FXX,0,0.0,0,0,0.0,0,0,0,0.0,0.521240234375,1,P4_CV0,1,1,1,1,1
6,6.211338327692949,7.937131414155586,Age0_F6_m6f3_P6_Y20_UO700,RD6_F9_m6f9_P6_Y18_UO347,RD3_F7_m4f7_P4_Y18_UO232,FXX,0,0.0,0,0,0.0,0,0,0,0.0,0.50537109375,1,P4_CV0,1,1,1,1,1
6,6.211338327692949,7.937131414155586,R6_F6_m3f7_P3_Y19_UO212,RD3_F6_m2f3_P2_Y17_UO292,RD7_F3_m6f3_P6_Y17_UO52,MXY,1,0.0,1,1,0.0,0,0,0,-9999.0,0.52880859375,1,P4_CV0,1,1,1,1,1
6,6.211338327692949,7.937131414155586,R6_F6_m6f9_P6_Y18_UO129,RD6_F9_m6f3_P6_Y16_UO29,RD9_F6_m2f6_P2_Y16_UO363,FXX,2,0.0,1,0,1.0,0,0,0,-9999.0,0.52490234375,1,P4_CV0,1,0,2,0,2
6,6.211338327692949,7.937131414155586,Age0_F6_m6f2_P6_Y20_UO166,RD6_F9_m6f2_P6_Y18_UO403,RD2_F9_m6f3_P6_Y18_UO47,MXY,0,0.0,0,0,0.0,0,0,0,0.0,0.53564453125,1,P5_CV0,1,1,1,1,1
6,6.211338327692949,7.937131414155586,Age0_F6_m6f2_P6_Y20_UO167,RD6_F9_m6f2_P6_Y18_UO403,RD2_F9_m6f3_P6_Y18_UO47,MXY,0,0.0,0,0,0.0,0,0,0,0.0,0.53564453125,1,P5_CV0,1,1,1,0,2
6,6.211338327692949,7.937131414155586,Age0_F6_m6f2_P6_Y20_UO168,RD6_F9_m6f2_P6_Y18_UO403,RD2_F9_m6f3_P6_Y18_UO47,MXY,0,0.0,0,0,0.0,0,0,0,0.0,0.53564453125,1,P5_CV0,1,0,2,0,2
6,6.211338327692949,7.937131414155586,Age0_F6_m6f2_P6_Y20_UO169,RD6_F9_m6f2_P6_Y18_UO403,RD2_F9_m6f3_P6_Y18_UO47,FXX,0,0.0,0,0,0.0,0,0,0,0.0,0.53564453125,1,P5_CV0,1,1,1,0,2
6,6.211338327692949,7.937131414155586,Age0_F6_m6f2_P6_Y20_UO170,RD6_F9_m6f2_P6_Y18_UO403,RD2_F9_m6f3_P6_Y18_UO47,FXX,0,0.0,0,0,0.0,0,0,0,0.0,0.53564453125,1,P5_CV0,1,0,2,1,1
6,6.211338327692949,7.937131414155586,Age0_F6_m6f3_P6_Y20_UO216,RD6_F3_m5f2_P5_Y18_UO93,RD3_F6_m3f7_P3_Y18_UO361,MXY,0,0.0,0,0,0.0,0,0,0,0.0,0.526611328125,1,P5_CV0,1,0,2,1,1
6,6.211338327692949,7.937131414155586,Age0_F6_m6f3_P6_Y20_UO220,RD6_F3_m5f2_P5_Y18_UO93,RD3_F6_m3f7_P3_Y18_UO361,FXX,0,0.0,0,0,0.0,0,0,0,0.0,0.526611328125,1,P5_CV0,1,0,2,1,1
6,6.211338327692949,7.937131414155586,Age0_F6_m6f2_P6_Y20_UO330,RD6_F9_m6f9_P6_Y18_UO129,RD2_F9_m6f9_P6_Y18_UO185,FXX,0,0.0,0,0,0.0,0,0,0,0.0,0.528076171875,1,P5_CV0,1,1,1,1,1
6,6.211338327692949,7.937131414155586,Age0_F6_m6f2_P6_Y20_UO331,RD6_F9_m6f9_P6_Y18_UO129,RD2_F9_m6f9_P6_Y18_UO185,MXY,0,0.0,0,0,0.0,0,0,0,0.0,0.528076171875,1,P5_CV0,1,1,1,1,1
6,6.211338327692949,7.937131414155586,Age0_F6_m6f2_P6_Y20_UO333,RD6_F9_m6f9_P6_Y18_UO129,RD2_F9_m6f9_P6_Y18_UO185,FXX,0,0.0,0,0,0.0,0,0,0,0.0,0.528076171875,1,P5_CV0,1,0,2,1,1
6,6.211338327692949,7.937131414155586,Age0_F6_m6f9_P6_Y20_UO416,RD6_F9_m6f9_P6_Y18_UO660,RD9_F6_m9f2_P9_Y18_UO571,FXX,0,0.0,0,0,0.0,0,0,0,0.0,0.5263671875,1,P5_CV0,1,0,2,0,2
6,6.211338327692949,7.937131414155586,Age0_F6_m6f3_P6_Y20_UO505,RD6_F9_m6f9_P6_Y18_UO304,RD3_F5_m1f5_P1_Y18_UO520,FXX,0,0.0,0,0,0.0,0,0,0,0.0,0.5244140625,1,P5_CV0,1,2,0,1,1
6,6.211338327692949,7.937131414155586,Age0_F6_m6f3_P6_Y20_UO506,RD6_F9_m6f9_P6_Y18_UO304,RD3_F5_m1f5_P1_Y18_UO520,FXX,0,0.0,0,0,0.0,0,0,0,0.0,0.5244140625,1,P5_CV0,1,1,1,1,1
6,6.211338327692949,7.937131414155586,Age0_F6_m6f3_P6_Y20_UO507,RD6_F9_m6f9_P6_Y18_UO304,RD3_F5_m1f5_P1_Y18_UO520,MXY,0,0.0,0,0,0.0,0,0,0,0.0,0.5244140625,1,P5_CV0,1,1,1,1,1
6,6.211338327692949,7.937131414155586,Age0_F6_m6f3_P6_Y20_UO508,RD6_F9_m6f9_P6_Y18_UO304,RD3_F5_m1f5_P1_Y18_UO520,FXX,0,0.0,0,0,0.0,0,0,0,0.0,0.5244140625,1,P5_CV0,1,1,1,1,1
6,6.211338327692949,7.937131414155586,Age0_F6_m6f3_P6_Y20_UO509,RD6_F9_m6f9_P6_Y18_UO304,RD3_F5_m1f5_P1_Y18_UO520,MXY,0,0.0,0,0,0.0,0,0,0,0.0,0.5244140625,1,P5_CV0,1,1,1,1,1
6,6.211338327692949,7.937131414155586,Age0_F6_m6f3_P6_Y20_UO510,RD6_F9_m6f9_P6_Y18_UO304,RD3_F5_m1f5_P1_Y18_UO520,MXY,0,0.0,0,0,0.0,0,0,0,0.0,0.5244140625,1,P5_CV0,1,1,1,1,1
6,6.211338327692949,7.937131414155586,Age0_F6_m6f2_P6_Y20_UO527,RD6_F2_m3f6_P3_Y18_UO320,RD2_F9_m6f3_P6_Y18_UO47,FXX,0,0.0,0,0,0.0,0,0,0,0.0,0.521240234375,1,P5_CV0,1,2,0,2,0
6,6.211338327692949,7.937131414155586,Age0_F6_m6f2_P6_Y20_UO528,RD6_F2_m3f6_P3_Y18_UO320,RD2_F9_m6f3_P6_Y18_UO47,MXY,0,0.0,0,0,0.0,0,0,0,0.0,0.521240234375,1,P5_CV0,1,1,1,1,1
6,6.211338327692949,7.937131414155586,Age0_F6_m6f2_P6_Y20_UO530,RD6_F2_m3f6_P3_Y18_UO320,RD2_F9_m6f3_P6_Y18_UO47,FXX,0,0.0,0,0,0.0,0,0,0,0.0,0.521240234375,1,P5_CV0,1,2,0,0,2
6,6.211338327692949,7.937131414155586,Age0_F6_m6f3_P6_Y20_UO732,RD6_F9_m2f9_P2_Y18_UO598,RD3_F6_m9f6_P9_Y18_UO657,FXX,0,0.0,0,0,0.0,0,0,0,0.0,0.55322265625,1,P5_CV0,1,0,2,2,0
6,6.211338327692949,7.937131414155586,R6_F6_m9f2_P9_Y19_UO236,RD9_F6_m2f3_P2_Y17_UO119,RD2_F9_m2f6_P2_Y16_UO50,MXY,1,0.0,1,1,0.0,0,0,0,-9999.0,0.546875,1,P5_CV0,1,2,0,1,1
6,6.211338327692949,7.937131414155586,R6_F6_m9f2_P9_Y19_UO248,RD9_F6_m2f3_P2_Y17_UO119,RD2_F9_m2f6_P2_Y16_UO50,MXY,1,0.0,1,1,0.0,0,0,0,-9999.0,0.546875,1,P5_CV0,1,2,0,1,1
6,6.211338327692949,7.937131414155586,R6_F6_m9f2_P9_Y19_UO241,RD9_F6_m2f3_P2_Y17_UO119,RD2_F9_m2f6_P2_Y16_UO50,MXY,1,0.0,1,1,0.0,0,0,0,-9999.0,0.546875,1,P5_CV0,1,2,0,1,1
6,6.211338327692949,7.937131414155586,R6_F6_m9f2_P9_Y19_UO240,RD9_F6_m2f3_P2_Y17_UO119,RD2_F9_m2f6_P2_Y16_UO50,MXY,1,0.0,1,1,0.0,0,0,0,-9999.0,0.546875,1,P5_CV0,1,2,0,1,1
6,6.211338327692949,7.937131414155586,R6_F6_m3f7_P3_Y19_UO174,RD3_F6_m2f9_P2_Y17_UO138,RD7_F4_m4f8_P4_Y16_UO420,FXX,1,0.0,1,1,1.0,0,0,0,-9999.0,0.5400390625,1,P5_CV0,1,1,1,0,2
6,6.211338327692949,7.937131414155586,R6_F6_m3f7_P3_Y19_UO181,RD3_F6_m2f9_P2_Y17_UO138,RD7_F4_m4f8_P4_Y16_UO420,FXX,1,0.0,1,1,1.0,0,0,0,-9999.0,0.5400390625,1,P5_CV0,1,1,1,1,1
6,6.211338327692949,7.937131414155586,R6_F6_m3f7_P3_Y19_UO162,RD3_F6_m2f9_P2_Y17_UO138,RD7_F3_m3f5_P3_Y16_UO417,MXY,1,0.0,1,1,0.0,0,0,0,-9999.0,0.5302734375,1,P5_CV0,1,1,1,2,0
6,6.211338327692949,7.937131414155586,R6_F6_m5f2_P5_Y18_UO93,RD5_F1_m5f3_P5_Y16_UO480,RD2_F9_m2f6_P2_Y16_UO364,FXX,2,0.0,1,0,1.0,0,0,0,-9999.0,0.5078125,1,P5_CV0,1,0,2,1,1
6,6.211338327692949,7.937131414155586,R6_F6_m6f3_P6_Y18_UO471,RD6_F9_m2f5_P2_Y16_UO258,RD3_F2_m9f2_P9_Y16_UO141,FXX,2,0.0,1,0,1.0,0,0,0,-9999.0,0.55224609375,1,P5_CV0,1,0,2,1,1
6,6.211338327692949,7.937131414155586,Age0_F6_m6f2_P6_Y20_UO1,RD6_F2_m5f1_P5_Y18_UO269,RD2_F9_m2f5_P2_Y18_UO370,FXX,0,0.0,0,0,0.0,0,0,0,0.0,0.52392578125,1,P8_CV0,1,1,1,2,0
6,6.211338327692949,7.937131414155586,Age0_F6_m6f2_P6_Y20_UO384,RD6_F9_m6f2_P6_Y18_UO611,RD2_F9_m2f5_P2_Y18_UO181,MXY,0,0.0,0,0,0.0,0,0,0,0.0,0.510498046875,1,P8_CV0,1,0,2,1,1
6,6.211338327692949,7.937131414155586,Age0_F6_m6f2_P6_Y20_UO385,RD6_F9_m6f2_P6_Y18_UO611,RD2_F9_m2f5_P2_Y18_UO181,FXX,0,0.0,0,0,0.0,0,0,0,0.0,0.510498046875,1,P8_CV0,1,0,2,0,2
6,6.211338327692949,7.937131414155586,Age0_F6_m6f2_P6_Y20_UO386,RD6_F9_m6f2_P6_Y18_UO611,RD2_F9_m2f5_P2_Y18_UO181,FXX,0,0.0,0,0,0.0,0,0,0,0.0,0.510498046875,1,P8_CV0,1,0,2,0,2
6,6.211338327692949,7.937131414155586,R6_F6_m6f3_P6_Y18_UO613,RD6_F3_m5f2_P5_Y16_UO527,RD3_F7_m3f2_P3_Y16_UO106,MXY,2,0.0,1,0,0.0,0,0,0,-9999.0,0.50927734375,1,P8_CV0,1,0,2,0,2
7,1.3457994534493356,7.703671818986196,R7_F7_m4f7_P4_Y17_UO210,RD4_F8_m4f8_P4_Y15_UO243,RD7_F3_m2f3_P2_Y15_UO61,MXY,3,0.0,1,0,0.0,0,0,0,-9999.0,0.52734375,1,P0_CV0,1,0,2,1,1
7,1.3457994534493356,7.703671818986196,Age0_F7_m7f4_P7_Y20_UO119,RD7_F4_m8f4_P8_Y18_UO626,RD4_F8_m4f7_P4_Y18_UO227,MXY,0,0.0,0,0,0.0,0,0,0,0.0,0.516845703125,1,P1_CV0,1,1,1,1,1
7,1.3457994534493356,7.703671818986196,Age0_F7_m7f3_P7_Y20_UO276,RD7_F3_m2f5_P2_Y18_UO343,RD3_F6_m3f7_P3_Y18_UO361,FXX,0,0.0,0,0,0.0,0,0,0,0.0,0.5283203125,1,P1_CV0,1,1,1,0,2
7,1.3457994534493356,7.703671818986196,Age0_F7_m7f3_P7_Y20_UO277,RD7_F3_m2f5_P2_Y18_UO343,RD3_F6_m3f7_P3_Y18_UO361,FXX,0,0.0,0,0,0.0,0,0,0,0.0,0.5283203125,1,P1_CV0,1,0,2,1,1
7,1.3457994534493356,7.703671818986196,Age0_F7_m7f3_P7_Y20_UO279,RD7_F3_m2f5_P2_Y18_UO343,RD3_F6_m3f7_P3_Y18_UO361,MXY,0,0.0,0,0,0.0,0,0,0,0.0,0.5283203125,1,P1_CV0,1,0,2,0,2
7,1.3457994534493356,7.703671818986196,Age0_F7_m7f3_P7_Y20_UO281,RD7_F3_m2f5_P2_Y18_UO343,RD3_F6_m3f7_P3_Y18_UO361,FXX,0,0.0,0,0,0.0,0,0,0,0.0,0.5283203125,1,P1_CV0,1,1,1,1,1
7,1.3457994534493356,7.703671818986196,Age0_F7_m7f3_P7_Y20_UO288,RD7_F4_m8f4_P8_Y18_UO634,RD3_F5_m1f5_P1_Y18_UO521,MXY,0,0.0,0,0,0.0,0,0,0,0.0,0.517578125,1,P1_CV0,1,1,1,0,2
7,1.3457994534493356,7.703671818986196,Age0_F7_m7f3_P7_Y20_UO291,RD7_F4_m8f4_P8_Y18_UO634,RD3_F5_m1f5_P1_Y18_UO521,MXY,0,0.0,0,0,0.0,0,0,0,0.0,0.517578125,1,P1_CV0,1,1,1,2,0
7,1.3457994534493356,7.703671818986196,Age0_F7_m7f4_P7_Y20_UO3,RD7_F4_m7f4_P7_Y18_UO606,RD4_F8_m4f8_P4_Y18_UO218,FXX,0,0.0,0,0,0.0,0,0,0,0.0,0.539306640625,1,P2_CV0,1,1,1,1,1
7,1.3457994534493356,7.703671818986196,Age0_F7_m7f4_P7_Y20_UO5,RD7_F4_m7f4_P7_Y18_UO606,RD4_F8_m4f8_P4_Y18_UO218,FXX,0,0.0,0,0,0.0,0,0,0,0.0,0.539306640625,1,P2_CV0,1,1,1,1,1
7,1.3457994534493356,7.703671818986196,Age0_F7_m7f4_P7_Y20_UO6,RD7_F4_m7f4_P7_Y18_UO606,RD4_F8_m4f8_P4_Y18_UO218,MXY,0,0.0,0,0,0.0,0,0,0,0.0,0.539306640625,1,P2_CV0,1,0,2,0,2
7,1.3457994534493356,7.703671818986196,Age0_F7_m7f4_P7_Y20_UO117,RD7_F4_m8f4_P8_Y18_UO626,RD4_F8_m4f7_P4_Y18_UO227,FXX,0,0.0,0,0,0.0,0,0,0,0.0,0.516845703125,1,P2_CV0,1,1,1,0,2
7,1.3457994534493356,7.703671818986196,Age0_F7_m7f4_P7_Y20_UO118,RD7_F4_m8f4_P8_Y18_UO626,RD4_F8_m4f7_P4_Y18_UO227,FXX,0,0.0,0,0,0.0,0,0,0,0.0,0.516845703125,1,P2_CV0,1,1,1,2,0
7,1.3457994534493356,7.703671818986196,Age0_F7_m7f4_P7_Y20_UO120,RD7_F4_m8f4_P8_Y18_UO626,RD4_F8_m4f7_P4_Y18_UO227,MXY,0,0.0,0,0,0.0,0,0,0,0.0,0.516845703125,1,P2_CV0,1,1,1,1,1
7,1.3457994534493356,7.703671818986196,Age0_F7_m7f3_P7_Y20_UO259,RD7_F4_m7f4_P7_Y18_UO606,RD3_F5_m1f5_P1_Y18_UO521,MXY,0,0.0,0,0,0.0,0,0,0,0.0,0.52392578125,1,P2_CV0,1,1,1,0,2
7,1.3457994534493356,7.703671818986196,Age0_F7_m7f3_P7_Y20_UO260,RD7_F4_m7f4_P7_Y18_UO606,RD3_F5_m1f5_P1_Y18_UO521,FXX,0,0.0,0,0,0.0,0,0,0,0.0,0.52392578125,1,P2_CV0,1,1,1,0,2
7,1.3457994534493356,7.703671818986196,Age0_F7_m7f3_P7_Y20_UO261,RD7_F4_m7f4_P7_Y18_UO606,RD3_F5_m1f5_P1_Y18_UO521,FXX,0,0.0,0,0,0.0,0,0,0,0.0,0.52392578125,1,P2_CV0,1,1,1,1,1
7,1.3457994534493356,7.703671818986196,Age0_F7_m7f3_P7_Y20_UO262,RD7_F4_m7f4_P7_Y18_UO606,RD3_F5_m1f5_P1_Y18_UO521,MXY,0,0.0,0,0,0.0,0,0,0,0.0,0.52392578125,1,P2_CV0,1,1,1,1,1
7,1.3457994534493356,7.703671818986196,Age0_F7_m7f3_P7_Y20_UO263,RD7_F4_m7f4_P7_Y18_UO606,RD3_F5_m1f5_P1_Y18_UO521,MXY,0,0.0,0,0,0.0,0,0,0,0.0,0.52392578125,1,P2_CV0,1,1,1,0,2
7,1.3457994534493356,7.703671818986196,Age0_F7_m7f3_P7_Y20_UO264,RD7_F4_m7f4_P7_Y18_UO606,RD3_F5_m1f5_P1_Y18_UO521,MXY,0,0.0,0,0,0.0,0,0,0,0.0,0.52392578125,1,P2_CV0,1,1,1,0,2
7,1.3457994534493356,7.703671818986196,Age0_F7_m7f3_P7_Y20_UO265,RD7_F4_m7f4_P7_Y18_UO606,RD3_F5_m1f5_P1_Y18_UO521,FXX,0,0.0,0,0,0.0,0,0,0,0.0,0.52392578125,1,P2_CV0,1,1,1,1,1
7,1.3457994534493356,7.703671818986196,Age0_F7_m7f3_P7_Y20_UO278,RD7_F3_m2f5_P2_Y18_UO343,RD3_F6_m3f7_P3_Y18_UO361,MXY,0,0.0,0,0,0.0,0,0,0,0.0,0.5283203125,1,P2_CV0,1,1,1,1,1
7,1.3457994534493356,7.703671818986196,Age0_F7_m7f3_P7_Y20_UO280,RD7_F3_m2f5_P2_Y18_UO343,RD3_F6_m3f7_P3_Y18_UO361,FXX,0,0.0,0,0,0.0,0,0,0,0.0,0.5283203125,1,P2_CV0,1,1,1,0,2
7,1.3457994534493356,7.703671818986196,Age0_F7_m7f3_P7_Y20_UO282,RD7_F3_m2f5_P2_Y18_UO343,RD3_F6_m3f7_P3_Y18_UO361,FXX,0,0.0,0,0,0.0,0,0,0,0.0,0.5283203125,1,P2_CV0,1,0,2,1,1
7,1.3457994534493356,7.703671818986196,Age0_F7_m7f3_P7_Y20_UO289,RD7_F4_m8f4_P8_Y18_UO634,RD3_F5_m1f5_P1_Y18_UO521,MXY,0,0.0,0,0,0.0,0,0,0,0.0,0.517578125,1,P2_CV0,1,1,1,1,1
7,1.3457994534493356,7.703671818986196,Age0_F7_m7f3_P7_Y20_UO290,RD7_F4_m8f4_P8_Y18_UO634,RD3_F5_m1f5_P1_Y18_UO521,FXX,0,0.0,0,0,0.0,0,0,0,0.0,0.517578125,1,P2_CV0,1,1,1,1,1
7,1.3457994534493356,7.703671818986196,Age0_F7_m7f3_P7_Y20_UO292,RD7_F4_m8f4_P8_Y18_UO634,RD3_F5_m1f5_P1_Y18_UO521,MXY,0,0.0,0,0,0.0,0,0,0,0.0,0.517578125,1,P2_CV0,1,1,1,1,1
7,1.3457994534493356,7.703671818986196,Age0_F7_m7f4_P7_Y20_UO602,RD7_F4_m7f4_P7_Y18_UO169,RD4_F7_m3f5_P3_Y18_UO196,MXY,0,0.0,0,0,0.0,0,0,0,0.0,0.501708984375,1,P2_CV0,1,0,2,1,1
7,1.3457994534493356,7.703671818986196,Age0_F7_m7f4_P7_Y20_UO603,RD7_F4_m7f4_P7_Y18_UO169,RD4_F7_m3f5_P3_Y18_UO196,FXX,0,0.0,0,0,0.0,0,0,0,0.0,0.501708984375,1,P2_CV0,1,2,0,1,1
7,1.3457994534493356,7.703671818986196,Age0_F7_m7f4_P7_Y20_UO604,RD7_F4_m7f4_P7_Y18_UO169,RD4_F7_m3f5_P3_Y18_UO196,FXX,0,0.0,0,0,0.0,0,0,0,0.0,0.501708984375,1,P2_CV0,1,0,2,1,1
7,1.3457994534493356,7.703671818986196,Age0_F7_m7f4_P7_Y20_UO605,RD7_F4_m7f4_P7_Y18_UO169,RD4_F7_m3f5_P3_Y18_UO196,FXX,0,0.0,0,0,0.0,0,0,0,0.0,0.501708984375,1,P2_CV0,1,1,1,0,2
7,1.3457994534493356,7.703671818986196,Age0_F7_m7f4_P7_Y20_UO606,RD7_F4_m7f4_P7_Y18_UO169,RD4_F7_m3f5_P3_Y18_UO196,FXX,0,0.0,0,0,0.0,0,0,0,0.0,0.501708984375,1,P2_CV0,1,0,2,1,1
7,1.3457994534493356,7.703671818986196,Age0_F7_m7f4_P7_Y20_UO607,RD7_F4_m7f4_P7_Y18_UO169,RD4_F7_m3f5_P3_Y18_UO196,MXY,0,0.0,0,0,0.0,0,0,0,0.0,0.501708984375,1,P2_CV0,1,2,0,1,1
7,1.3457994534493356,7.703671818986196,Age0_F7_m7f4_P7_Y20_UO722,RD7_F4_m7f4_P7_Y18_UO125,RD4_F7_m3f5_P3_Y18_UO196,MXY,0,0.0,0,0,0.0,0,0,0,0.0,0.5234375,1,P2_CV0,1,1,1,0,2
7,1.3457994534493356,7.703671818986196,Age0_F7_m7f4_P7_Y20_UO723,RD7_F4_m7f4_P7_Y18_UO125,RD4_F7_m3f5_P3_Y18_UO196,FXX,0,0.0,0,0,0.0,0,0,0,0.0,0.5234375,1,P2_CV0,1,1,1,0,2
7,1.3457994534493356,7.703671818986196,Age0_F7_m7f4_P7_Y20_UO724,RD7_F4_m7f4_P7_Y18_UO125,RD4_F7_m3f5_P3_Y18_UO196,FXX,0,0.0,0,0,0.0,0,0,0,0.0,0.5234375,1,P2_CV0,1,0,2,0,2
7,1.3457994534493356,7.703671818986196,Age0_F7_m7f4_P7_Y20_UO725,RD7_F4_m7f4_P7_Y18_UO125,RD4_F7_m3f5_P3_Y18_UO196,FXX,0,0.0,0,0,0.0,0,0,0,0.0,0.5234375,1,P2_CV0,1,1,1,0,2
7,1.3457994534493356,7.703671818986196,Age0_F7_m7f4_P7_Y20_UO727,RD7_F4_m7f4_P7_Y18_UO125,RD4_F7_m3f5_P3_Y18_UO196,MXY,0,0.0,0,0,0.0,0,0,0,0.0,0.5234375,1,P2_CV0,1,1,1,1,1
7,1.3457994534493356,7.703671818986196,R7_F7_m7f4_P7_Y18_UO606,RD7_F3_m2f5_P2_Y16_UO637,RD4_F7_m3f2_P3_Y16_UO603,FXX,2,0.0,1,0,1.0,0,0,0,-9999.0,0.53466796875,1,P2_CV0,1,0,2,0,2
7,1.3457994534493356,7.703671818986196,R7_F7_m6f2_P6_Y18_UO178,RD6_F9_m2f6_P2_Y16_UO354,RD2_F5_m1f5_P1_Y16_UO616,MXY,2,0.0,1,0,0.0,0,0,0,-9999.0,0.52001953125,1,P2_CV0,1,2,0,2,0
7,1.3457994534493356,7.703671818986196,R7_F7_m6f9_P6_Y18_UO641,RD6_F9_m2f9_P2_Y16_UO321,RD9_F2_m6f2_P6_Y16_UO563,FXX,2,0.0,1,0,1.0,0,0,0,-9999.0,0.5302734375,1,P2_CV0,1,1,1,1,1
7,1.3457994534493356,7.703671818986196,R7_F7_m6f2_P6_Y18_UO561,RD6_F3_m7f4_P7_Y16_UO299,RD2_F6_m2f6_P2_Y16_UO167,MXY,2,0.0,1,0,0.0,0,0,0,-9999.0,0.5400390625,1,P2_CV0,1,1,1,1,1
7,1.3457994534493356,7.703671818986196,R7_F7_m7f3_P7_Y18_UO676,RD7_F3_m2f5_P2_Y16_UO637,RD3_F7_m4f8_P4_Y16_UO421,MXY,2,0.0,1,0,0.0,0,0,0,-9999.0,0.53125,1,P2_CV0,1,1,1,0,2
7,1.3457994534493356,7.703671818986196,R7_F7_m2f5_P2_Y18_UO343,RD2_F9_m2f6_P2_Y16_UO253,RD5_F1_m5f3_P5_Y16_UO151,FXX,2,0.0,1,0,1.0,0,0,0,-9999.0,0.51123046875,1,P2_CV0,1,1,1,1,1
7,1.3457994534493356,7.703671818986196,Age0_F7_m7f3_P7_Y20_UO148,RD7_F4_m8f4_P8_Y18_UO627,RD3_F5_m3f6_P3_Y18_UO201,FXX,0,0.0,0,0,0.0,0,0,0,0.0,0.536376953125,1,P3_CV0,1,0,2,0,2
7,1.3457994534493356,7.703671818986196,Age0_F7_m7f3_P7_Y20_UO149,RD7_F4_m8f4_P8_Y18_UO627,RD3_F5_m3f6_P3_Y18_UO201,MXY,0,0.0,0,0,0.0,0,0,0,0.0,0.536376953125,1,P3_CV0,1,0,2,1,1
7,1.3457994534493356,7.703671818986196,Age0_F7_m7f3_P7_Y20_UO150,RD7_F4_m8f4_P8_Y18_UO627,RD3_F5_m3f6_P3_Y18_UO201,MXY,0,0.0,0,0,0.0,0,0,0,0.0,0.536376953125,1,P3_CV0,1,0,2,1,1
7,1.3457994534493356,7.703671818986196,Age0_F7_m7f3_P7_Y20_UO151,RD7_F4_m8f4_P8_Y18_UO627,RD3_F5_m3f6_P3_Y18_UO201,FXX,0,0.0,0,0,0.0,0,0,0,0.0,0.536376953125,1,P3_CV0,1,0,2,1,1
7,1.3457994534493356,7.703671818986196,Age0_F7_m7f3_P7_Y20_UO152,RD7_F4_m8f4_P8_Y18_UO627,RD3_F5_m3f6_P3_Y18_UO201,MXY,0,0.0,0,0,0.0,0,0,0,0.0,0.536376953125,1,P3_CV0,1,0,2,1,1
7,1.3457994534493356,7.703671818986196,Age0_F7_m7f3_P7_Y20_UO153,RD7_F4_m8f4_P8_Y18_UO627,RD3_F5_m3f6_P3_Y18_UO201,FXX,0,0.0,0,0,0.0,0,0,0,0.0,0.536376953125,1,P3_CV0,1,0,2,0,2
7,1.3457994534493356,7.703671818986196,Age0_F7_m7f3_P7_Y20_UO154,RD7_F4_m8f4_P8_Y18_UO627,RD3_F5_m3f6_P3_Y18_UO201,FXX,0,0.0,0,0,0.0,0,0,0,0.0,0.536376953125,1,P3_CV0,1,0,2,0,2
7,1.3457994534493356,7.703671818986196,Age0_F7_m7f3_P7_Y20_UO155,RD7_F4_m8f4_P8_Y18_UO627,RD3_F5_m3f6_P3_Y18_UO201,FXX,0,0.0,0,0,0.0,0,0,0,0.0,0.536376953125,1,P3_CV0,1,0,2,1,1
7,1.3457994534493356,7.703671818986196,Age0_F7_m7f3_P7_Y20_UO156,RD7_F4_m8f4_P8_Y18_UO627,RD3_F5_m3f6_P3_Y18_UO201,FXX,0,0.0,0,0,0.0,0,0,0,0.0,0.536376953125,1,P3_CV0,1,0,2,0,2
7,1.3457994534493356,7.703671818986196,Age0_F7_m7f3_P7_Y20_UO157,RD7_F4_m8f4_P8_Y18_UO627,RD3_F5_m3f6_P3_Y18_UO201,MXY,0,0.0,0,0,0.0,0,0,0,0.0,0.536376953125,1,P3_CV0,1,0,2,1,1
7,1.3457994534493356,7.703671818986196,Age0_F7_m7f3_P7_Y20_UO158,RD7_F4_m8f4_P8_Y18_UO627,RD3_F5_m3f6_P3_Y18_UO201,FXX,0,0.0,0,0,0.0,0,0,0,0.0,0.536376953125,1,P3_CV0,1,0,2,0,2
7,1.3457994534493356,7.703671818986196,Age0_F7_m7f4_P7_Y20_UO556,RD7_F4_m8f4_P8_Y18_UO627,RD4_F8_m4f8_P4_Y18_UO218,MXY,0,0.0,0,0,0.0,0,0,0,0.0,0.532958984375,1,P3_CV0,1,0,2,0,2
7,1.3457994534493356,7.703671818986196,Age0_F7_m7f4_P7_Y20_UO558,RD7_F4_m8f4_P8_Y18_UO627,RD4_F8_m4f8_P4_Y18_UO218,MXY,0,0.0,0,0,0.0,0,0,0,0.0,0.532958984375,1,P3_CV0,1,1,1,1,1
7,1.3457994534493356,7.703671818986196,Age0_F7_m7f4_P7_Y20_UO560,RD7_F4_m8f4_P8_Y18_UO627,RD4_F8_m4f8_P4_Y18_UO218,FXX,0,0.0,0,0,0.0,0,0,0,0.0,0.532958984375,1,P3_CV0,1,1,1,1,1
7,1.3457994534493356,7.703671818986196,Age0_F7_m7f4_P7_Y20_UO561,RD7_F4_m8f4_P8_Y18_UO627,RD4_F8_m4f8_P4_Y18_UO218,FXX,0,0.0,0,0,0.0,0,0,0,0.0,0.532958984375,1,P3_CV0,1,1,1,2,0
7,1.3457994534493356,7.703671818986196,Age0_F7_m7f4_P7_Y20_UO563,RD7_F4_m8f4_P8_Y18_UO627,RD4_F8_m4f8_P4_Y18_UO218,FXX,0,0.0,0,0,0.0,0,0,0,0.0,0.532958984375,1,P3_CV0,1,0,2,0,2
7,1.3457994534493356,7.703671818986196,Age0_F7_m7f3_P7_Y20_UO634,RD7_F3_m5f1_P5_Y18_UO338,RD3_F6_m9f6_P9_Y18_UO705,MXY,0,0.0,0,0,0.0,0,0,0,0.0,0.51904296875,1,P3_CV0,1,0,2,0,2
7,1.3457994534493356,7.703671818986196,Age0_F7_m7f3_P7_Y20_UO635,RD7_F3_m5f1_P5_Y18_UO338,RD3_F6_m9f6_P9_Y18_UO705,MXY,0,0.0,0,0,0.0,0,0,0,0.0,0.51904296875,1,P3_CV0,1,1,1,0,2
7,1.3457994534493356,7.703671818986196,Age0_F7_m7f3_P7_Y20_UO637,RD7_F3_m5f1_P5_Y18_UO338,RD3_F6_m9f6_P9_Y18_UO705,FXX,0,0.0,0,0,0.0,0,0,0,0.0,0.51904296875,1,P3_CV0,1,1,1,0,2
7,1.3457994534493356,7.703671818986196,Age0_F7_m7f3_P7_Y20_UO638,RD7_F3_m5f1_P5_Y18_UO338,RD3_F6_m9f6_P9_Y18_UO705,FXX,0,0.0,0,0,0.0,0,0,0,0.0,0.51904296875,1,P3_CV0,1,0,2,0,2
7,1.3457994534493356,7.703671818986196,Age0_F7_m7f3_P7_Y20_UO639,RD7_F3_m5f1_P5_Y18_UO338,RD3_F6_m9f6_P9_Y18_UO705,MXY,0,0.0,0,0,0.0,0,0,0,0.0,0.51904296875,1,P3_CV0,1,1,1,0,2
7,1.3457994534493356,7.703671818986196,Age0_F7_m7f3_P7_Y20_UO640,RD7_F3_m5f1_P5_Y18_UO338,RD3_F6_m9f6_P9_Y18_UO705,FXX,0,0.0,0,0,0.0,0,0,0,0.0,0.51904296875,1,P3_CV0,1,1,1,0,2
7,1.3457994534493356,7.703671818986196,Age0_F7_m7f3_P7_Y20_UO642,RD7_F3_m5f1_P5_Y18_UO338,RD3_F6_m9f6_P9_Y18_UO705,FXX,0,0.0,0,0,0.0,0,0,0,0.0,0.51904296875,1,P3_CV0,1,1,1,0,2
7,1.3457994534493356,7.703671818986196,Age0_F7_m7f3_P7_Y20_UO643,RD7_F3_m5f1_P5_Y18_UO338,RD3_F6_m9f6_P9_Y18_UO705,MXY,0,0.0,0,0,0.0,0,0,0,0.0,0.51904296875,1,P3_CV0,1,2,0,0,2
7,1.3457994534493356,7.703671818986196,Age0_F7_m7f3_P7_Y20_UO644,RD7_F3_m5f1_P5_Y18_UO338,RD3_F6_m9f6_P9_Y18_UO705,MXY,0,0.0,0,0,0.0,0,0,0,0.0,0.51904296875,1,P3_CV0,1,0,2,0,2
7,1.3457994534493356,7.703671818986196,R7_F7_m3f6_P3_Y19_UO142,RD3_F6_m2f9_P2_Y17_UO138,RD6_F9_m6f2_P6_Y17_UO112,FXX,1,0.0,1,1,1.0,0,0,0,-9999.0,0.5263671875,1,P3_CV0,1,2,0,1,1
7,1.3457994534493356,7.703671818986196,R7_F7_m4f7_P4_Y19_UO106,RD4_F8_m4f8_P4_Y17_UO269,RD7_F4_m4f7_P4_Y16_UO662,MXY,1,0.0,1,1,0.0,0,0,0,-9999.0,0.55078125,1,P3_CV0,1,0,2,1,1
7,1.3457994534493356,7.703671818986196,R7_F7_m3f6_P3_Y19_UO146,RD3_F6_m2f9_P2_Y17_UO138,RD6_F9_m6f2_P6_Y17_UO112,FXX,1,0.0,1,1,1.0,0,0,0,-9999.0,0.5263671875,1,P3_CV0,1,1,1,1,1
7,1.3457994534493356,7.703671818986196,R7_F7_m8f4_P8_Y18_UO627,RD8_F4_m8f4_P8_Y16_UO333,RD4_F7_m4f8_P4_Y16_UO55,FXX,2,0.0,1,0,1.0,0,0,0,-9999.0,0.52197265625,1,P3_CV0,1,0,2,1,1
7,1.3457994534493356,7.703671818986196,R7_F7_m8f4_P8_Y18_UO628,RD8_F4_m8f4_P8_Y16_UO333,RD4_F7_m4f8_P4_Y16_UO55,MXY,2,0.0,1,0,0.0,0,0,0,-9999.0,0.52197265625,1,P3_CV0,1,0,2,1,1
7,1.3457994534493356,7.703671818986196,Age0_F7_m7f4_P7_Y20_UO4,RD7_F4_m7f4_P7_Y18_UO606,RD4_F8_m4f8_P4_Y18_UO218,FXX,0,0.0,0,0,0.0,0,0,0,0.0,0.539306640625,1,P4_CV0,1,1,1,0,2
7,1.3457994534493356,7.703671818986196,Age0_F7_m7f4_P7_Y20_UO555,RD7_F4_m8f4_P8_Y18_UO627,RD4_F8_m4f8_P4_Y18_UO218,FXX,0,0.0,0,0,0.0,0,0,0,0.0,0.532958984375,1,P4_CV0,1,1,1,0,2
7,1.3457994534493356,7.703671818986196,Age0_F7_m7f4_P7_Y20_UO557,RD7_F4_m8f4_P8_Y18_UO627,RD4_F8_m4f8_P4_Y18_UO218,MXY,0,0.0,0,0,0.0,0,0,0,0.0,0.532958984375,1,P4_CV0,1,1,1,1,1
7,1.3457994534493356,7.703671818986196,Age0_F7_m7f4_P7_Y20_UO559,RD7_F4_m8f4_P8_Y18_UO627,RD4_F8_m4f8_P4_Y18_UO218,FXX,0,0.0,0,0,0.0,0,0,0,0.0,0.532958984375,1,P4_CV0,1,1,1,1,1
7,1.3457994534493356,7.703671818986196,Age0_F7_m7f4_P7_Y20_UO562,RD7_F4_m8f4_P8_Y18_UO627,RD4_F8_m4f8_P4_Y18_UO218,MXY,0,0.0,0,0,0.0,0,0,0,0.0,0.532958984375,1,P4_CV0,1,1,1,0,2
7,1.3457994534493356,7.703671818986196,Age0_F7_m7f4_P7_Y20_UO564,RD7_F4_m8f4_P8_Y18_UO627,RD4_F8_m4f8_P4_Y18_UO218,FXX,0,0.0,0,0,0.0,0,0,0,0.0,0.532958984375,1,P4_CV0,1,1,1,2,0
7,1.3457994534493356,7.703671818986196,Age0_F7_m7f3_P7_Y20_UO636,RD7_F3_m5f1_P5_Y18_UO338,RD3_F6_m9f6_P9_Y18_UO705,MXY,0,0.0,0,0,0.0,0,0,0,0.0,0.51904296875,1,P4_CV0,1,1,1,0,2
7,1.3457994534493356,7.703671818986196,Age0_F7_m7f3_P7_Y20_UO641,RD7_F3_m5f1_P5_Y18_UO338,RD3_F6_m9f6_P9_Y18_UO705,MXY,0,0.0,0,0,0.0,0,0,0,0.0,0.51904296875,1,P4_CV0,1,1,1,0,2
7,1.3457994534493356,7.703671818986196,Age0_F7_m7f4_P7_Y20_UO690,RD7_F3_m2f6_P2_Y18_UO60,RD4_F8_m4f8_P4_Y18_UO545,FXX,0,0.0,0,0,0.0,0,0,0,0.0,0.522216796875,1,P4_CV0,1,0,2,1,1
7,1.3457994534493356,7.703671818986196,Age0_F7_m7f4_P7_Y20_UO691,RD7_F3_m2f6_P2_Y18_UO60,RD4_F8_m4f8_P4_Y18_UO545,MXY,0,0.0,0,0,0.0,0,0,0,0.0,0.522216796875,1,P4_CV0,1,1,1,1,1
7,1.3457994534493356,7.703671818986196,Age0_F7_m7f4_P7_Y20_UO693,RD7_F3_m2f6_P2_Y18_UO60,RD4_F8_m4f8_P4_Y18_UO545,FXX,0,0.0,0,0,0.0,0,0,0,0.0,0.522216796875,1,P4_CV0,1,2,0,1,1
7,1.3457994534493356,7.703671818986196,R7_F7_m4f7_P4_Y19_UO271,RD4_F8_m4f7_P4_Y17_UO266,RD7_F4_m4f8_P4_Y16_UO420,MXY,1,0.0,1,1,0.0,0,0,0,-9999.0,0.5654296875,1,P4_CV0,1,1,1,1,1
7,1.3457994534493356,7.703671818986196,R7_F7_m3f7_P3_Y19_UO192,RD3_F6_m2f3_P2_Y17_UO292,RD7_F4_m4f8_P4_Y16_UO420,FXX,1,0.0,1,1,1.0,0,0,0,-9999.0,0.54150390625,1,P4_CV0,1,0,2,0,2
7,1.3457994534493356,7.703671818986196,R7_F7_m2f6_P2_Y18_UO60,RD2_F5_m1f5_P1_Y16_UO195,RD6_F9_m9f2_P9_Y15_UO300,FXX,2,0.0,1,0,1.0,0,0,0,-9999.0,0.5009765625,1,P4_CV0,1,1,1,0,2
7,1.3457994534493356,7.703671818986196,Age0_F7_m7f4_P7_Y20_UO608,RD7_F4_m7f4_P7_Y18_UO169,RD4_F7_m3f5_P3_Y18_UO196,FXX,0,0.0,0,0,0.0,0,0,0,0.0,0.501708984375,1,P5_CV0,1,1,1,0,2
7,1.3457994534493356,7.703671818986196,Age0_F7_m7f4_P7_Y20_UO609,RD7_F4_m7f4_P7_Y18_UO169,RD4_F7_m3f5_P3_Y18_UO196,MXY,0,0.0,0,0,0.0,0,0,0,0.0,0.501708984375,1,P5_CV0,1,2,0,2,0
7,1.3457994534493356,7.703671818986196,Age0_F7_m7f4_P7_Y20_UO688,RD7_F3_m2f6_P2_Y18_UO60,RD4_F8_m4f8_P4_Y18_UO545,MXY,0,0.0,0,0,0.0,0,0,0,0.0,0.522216796875,1,P5_CV0,1,1,1,1,1
7,1.3457994534493356,7.703671818986196,Age0_F7_m7f4_P7_Y20_UO689,RD7_F3_m2f6_P2_Y18_UO60,RD4_F8_m4f8_P4_Y18_UO545,MXY,0,0.0,0,0,0.0,0,0,0,0.0,0.522216796875,1,P5_CV0,1,1,1,1,1
7,1.3457994534493356,7.703671818986196,Age0_F7_m7f4_P7_Y20_UO692,RD7_F3_m2f6_P2_Y18_UO60,RD4_F8_m4f8_P4_Y18_UO545,MXY,0,0.0,0,0,0.0,0,0,0,0.0,0.522216796875,1,P5_CV0,1,2,0,1,1
7,1.3457994534493356,7.703671818986196,R7_F7_m3f7_P3_Y19_UO163,RD3_F6_m2f9_P2_Y17_UO138,RD7_F3_m3f5_P3_Y16_UO417,FXX,1,0.0,1,1,1.0,0,0,0,-9999.0,0.5302734375,1,P5_CV0,1,2,0,2,0
7,1.3457994534493356,7.703671818986196,R7_F7_m3f7_P3_Y19_UO165,RD3_F6_m2f9_P2_Y17_UO138,RD7_F3_m3f5_P3_Y16_UO417,MXY,1,0.0,1,1,0.0,0,0,0,-9999.0,0.5302734375,1,P5_CV0,1,1,1,1,1
7,1.3457994534493356,7.703671818986196,R7_F7_m7f4_P7_Y18_UO169,RD7_F3_m2f5_P2_Y16_UO637,RD4_F8_m4f7_P4_Y16_UO94,FXX,2,0.0,1,0,1.0,0,0,0,-9999.0,0.49658203125,1,P5_CV0,1,1,1,1,1
7,1.3457994534493356,7.703671818986196,Age0_F7_m7f4_P7_Y20_UO721,RD7_F4_m7f4_P7_Y18_UO125,RD4_F7_m3f5_P3_Y18_UO196,FXX,0,0.0,0,0,0.0,0,0,0,0.0,0.5234375,1,P6_CV0,1,0,2,1,1
7,1.3457994534493356,7.703671818986196,Age0_F7_m7f4_P7_Y20_UO726,RD7_F4_m7f4_P7_Y18_UO125,RD4_F7_m3f5_P3_Y18_UO196,FXX,0,0.0,0,0,0.0,0,0,0,0.0,0.5234375,1,P6_CV0,1,1,1,1,1
7,1.3457994534493356,7.703671818986196,R7_F7_m4f8_P4_Y19_UO151,RD4_F8_m4f7_P4_Y17_UO266,RD8_F4_m8f4_P8_Y17_UO68,MXY,1,0.0,1,1,0.0,0,0,0,-9999.0,0.5625,1,P6_CV0,1,1,1,1,1
7,1.3457994534493356,7.703671818986196,R7_F7_m3f2_P3_Y19_UO24,RD3_F5_m1f5_P1_Y17_UO192,RD2_F3_m9f2_P9_Y16_UO687,FXX,1,0.0,1,1,1.0,0,0,0,-9999.0,0.51416015625,1,P8_CV0,1,2,0,1,1
8,1.8443986564691528,11.780027217250101,Age0_F8_m8f4_P8_Y20_UO336,RD8_F4_m7f3_P7_Y18_UO158,RD4_F8_m4f8_P4_Y18_UO38,FXX,0,0.0,0,0,0.0,0,0,0,0.0,0.522705078125,1,P0_CV0,1,0,2,0,2
8,1.8443986564691528,11.780027217250101,Age0_F8_m8f4_P8_Y20_UO342,RD8_F4_m7f3_P7_Y18_UO158,RD4_F8_m4f8_P4_Y18_UO38,FXX,0,0.0,0,0,0.0,0,0,0,0.0,0.522705078125,1,P0_CV0,1,0,2,0,2
8,1.8443986564691528,11.780027217250101,Age0_F8_m8f4_P8_Y20_UO388,RD8_F4_m8f4_P8_Y18_UO393,RD4_F8_m4f8_P4_Y18_UO38,MXY,0,0.0,0,0,0.0,0,0,0,0.0,0.52490234375,1,P0_CV0,1,2,0,1,1
8,1.8443986564691528,11.780027217250101,Age0_F8_m8f4_P8_Y20_UO392,RD8_F4_m8f4_P8_Y18_UO393,RD4_F8_m4f8_P4_Y18_UO38,MXY,0,0.0,0,0,0.0,0,0,0,0.0,0.52490234375,1,P0_CV0,1,1,1,0,2
8,1.8443986564691528,11.780027217250101,Age0_F8_m8f4_P8_Y20_UO681,RD8_F4_m7f3_P7_Y18_UO210,RD4_F7_m3f5_P3_Y18_UO196,MXY,0,0.0,0,0,0.0,0,0,0,0.0,0.515380859375,1,P1_CV0,1,2,0,1,1
8,1.8443986564691528,11.780027217250101,Age0_F8_m8f4_P8_Y20_UO682,RD8_F4_m7f3_P7_Y18_UO210,RD4_F7_m3f5_P3_Y18_UO196,FXX,0,0.0,0,0,0.0,0,0,0,0.0,0.515380859375,1,P1_CV0,1,2,0,0,2
8,1.8443986564691528,11.780027217250101,R8_F8_m4f7_P4_Y19_UO100,RD4_F8_m4f8_P4_Y17_UO269,RD7_F4_m4f7_P4_Y16_UO662,FXX,1,0.0,1,1,1.0,0,0,0,-9999.0,0.55078125,1,P1_CV0,1,0,2,2,0
8,1.8443986564691528,11.780027217250101,Age0_F8_m8f4_P8_Y20_UO680,RD8_F4_m7f3_P7_Y18_UO210,RD4_F7_m3f5_P3_Y18_UO196,MXY,0,0.0,0,0,0.0,0,0,0,0.0,0.515380859375,1,P2_CV0,1,2,0,0,2
8,1.8443986564691528,11.780027217250101,R8_F8_m8f4_P8_Y18_UO73,RD8_F4_m8f4_P8_Y16_UO333,RD4_F7_m3f7_P3_Y16_UO77,MXY,2,0.0,1,0,0.0,0,0,0,-9999.0,0.521484375,1,P2_CV0,1,1,1,2,0
8,1.8443986564691528,11.780027217250101,Age0_F8_m8f4_P8_Y20_UO98,RD8_F4_m7f3_P7_Y18_UO408,RD4_F8_m8f4_P8_Y17_UO87,FXX,0,0.0,0,0,0.0,0,0,0,0.0,0.561767578125,1,P3_CV0,1,2,0,1,1
8,1.8443986564691528,11.780027217250101,Age0_F8_m8f4_P8_Y20_UO99,RD8_F4_m7f3_P7_Y18_UO408,RD4_F8_m8f4_P8_Y17_UO87,MXY,0,0.0,0,0,0.0,0,0,0,0.0,0.561767578125,1,P3_CV0,1,0,2,1,1
8,1.8443986564691528,11.780027217250101,Age0_F8_m8f4_P8_Y20_UO100,RD8_F4_m7f3_P7_Y18_UO408,RD4_F8_m8f4_P8_Y17_UO87,MXY,0,0.0,0,0,0.0,0,0,0,0.0,0.561767578125,1,P3_CV0,1,1,1,1,1
8,1.8443986564691528,11.780027217250101,Age0_F8_m8f4_P8_Y20_UO101,RD8_F4_m7f3_P7_Y18_UO408,RD4_F8_m8f4_P8_Y17_UO87,FXX,0,0.0,0,0,0.0,0,0,0,0.0,0.561767578125,1,P3_CV0,1,1,1,1,1
8,1.8443986564691528,11.780027217250101,Age0_F8_m8f4_P8_Y20_UO102,RD8_F4_m7f3_P7_Y18_UO408,RD4_F8_m8f4_P8_Y17_UO87,MXY,0,0.0,0,0,0.0,0,0,0,0.0,0.561767578125,1,P3_CV0,1,0,2,2,0
8,1.8443986564691528,11.780027217250101,Age0_F8_m8f4_P8_Y20_UO618,RD8_F4_m8f4_P8_Y18_UO491,RD4_F7_m4f8_P4_Y18_UO423,MXY,0,0.0,0,0,0.0,0,0,0,0.0,0.52978515625,1,P3_CV0,1,0,2,0,2
8,1.8443986564691528,11.780027217250101,Age0_F8_m8f4_P8_Y20_UO619,RD8_F4_m8f4_P8_Y18_UO491,RD4_F7_m4f8_P4_Y18_UO423,FXX,0,0.0,0,0,0.0,0,0,0,0.0,0.52978515625,1,P3_CV0,1,0,2,0,2
8,1.8443986564691528,11.780027217250101,Age0_F8_m8f4_P8_Y20_UO620,RD8_F4_m8f4_P8_Y18_UO491,RD4_F7_m4f8_P4_Y18_UO423,FXX,0,0.0,0,0,0.0,0,0,0,0.0,0.52978515625,1,P3_CV0,1,0,2,1,1
8,1.8443986564691528,11.780027217250101,Age0_F8_m8f4_P8_Y20_UO621,RD8_F4_m8f4_P8_Y18_UO491,RD4_F7_m4f8_P4_Y18_UO423,MXY,0,0.0,0,0,0.0,0,0,0,0.0,0.52978515625,1,P3_CV0,1,0,2,1,1
8,1.8443986564691528,11.780027217250101,R8_F8_m4f8_P4_Y19_UO128,RD4_F8_m4f7_P4_Y17_UO266,RD8_F4_m7f4_P7_Y17_UO326,MXY,1,0.0,1,1,0.0,0,0,0,-9999.0,0.5625,1,P3_CV0,1,2,0,1,1
8,1.8443986564691528,11.780027217250101,R8_F8_m4f8_P4_Y19_UO127,RD4_F8_m4f7_P4_Y17_UO266,RD8_F4_m7f4_P7_Y17_UO326,MXY,1,0.0,1,1,0.0,0,0,0,-9999.0,0.5625,1,P3_CV0,1,2,0,1,1
8,1.8443986564691528,11.780027217250101,R8_F8_m4f8_P4_Y19_UO152,RD4_F8_m4f7_P4_Y17_UO266,RD8_F4_m8f4_P8_Y17_UO68,MXY,1,0.0,1,1,0.0,0,0,0,-9999.0,0.5625,1,P3_CV0,1,2,0,1,1
8,1.8443986564691528,11.780027217250101,R8_F8_m4f7_P4_Y19_UO107,RD4_F8_m4f8_P4_Y17_UO269,RD7_F4_m4f7_P4_Y16_UO662,MXY,1,0.0,1,1,0.0,0,0,0,-9999.0,0.55078125,1,P3_CV0,1,0,2,2,0
8,1.8443986564691528,11.780027217250101,R8_F8_m4f8_P4_Y19_UO125,RD4_F8_m4f7_P4_Y17_UO266,RD8_F4_m7f4_P7_Y17_UO326,FXX,1,0.0,1,1,1.0,0,0,0,-9999.0,0.5625,1,P3_CV0,1,2,0,1,1
8,1.8443986564691528,11.780027217250101,Age0_F8_m8f4_P8_Y20_UO88,RD8_F4_m8f4_P8_Y18_UO393,RD4_F7_m4f7_P4_Y18_UO284,MXY,0,0.0,0,0,0.0,0,0,0,0.0,0.518798828125,1,P4_CV0,1,1,1,1,1
8,1.8443986564691528,11.780027217250101,Age0_F8_m8f4_P8_Y20_UO89,RD8_F4_m8f4_P8_Y18_UO393,RD4_F7_m4f7_P4_Y18_UO284,MXY,0,0.0,0,0,0.0,0,0,0,0.0,0.518798828125,1,P4_CV0,1,1,1,2,0
8,1.8443986564691528,11.780027217250101,Age0_F8_m8f4_P8_Y20_UO91,RD8_F4_m8f4_P8_Y18_UO393,RD4_F7_m4f7_P4_Y18_UO284,MXY,0,0.0,0,0,0.0,0,0,0,0.0,0.518798828125,1,P4_CV0,1,1,1,0,2
8,1.8443986564691528,11.780027217250101,Age0_F8_m8f4_P8_Y20_UO103,RD8_F4_m7f3_P7_Y18_UO408,RD4_F8_m8f4_P8_Y17_UO87,MXY,0,0.0,0,0,0.0,0,0,0,0.0,0.561767578125,1,P4_CV0,1,0,2,2,0
8,1.8443986564691528,11.780027217250101,Age0_F8_m8f4_P8_Y20_UO122,RD8_F4_m7f3_P7_Y18_UO408,RD4_F8_m4f7_P4_Y18_UO384,FXX,0,0.0,0,0,0.0,0,0,0,0.0,0.55126953125,1,P4_CV0,1,1,1,1,1
8,1.8443986564691528,11.780027217250101,Age0_F8_m8f4_P8_Y20_UO123,RD8_F4_m7f3_P7_Y18_UO408,RD4_F8_m4f7_P4_Y18_UO384,MXY,0,0.0,0,0,0.0,0,0,0,0.0,0.55126953125,1,P4_CV0,1,0,2,0,2
8,1.8443986564691528,11.780027217250101,Age0_F8_m8f4_P8_Y20_UO127,RD8_F4_m7f3_P7_Y18_UO408,RD4_F8_m4f7_P4_Y18_UO384,FXX,0,0.0,0,0,0.0,0,0,0,0.0,0.55126953125,1,P4_CV0,1,1,1,0,2
8,1.8443986564691528,11.780027217250101,Age0_F8_m8f4_P8_Y20_UO130,RD8_F4_m7f3_P7_Y18_UO408,RD4_F8_m4f7_P4_Y18_UO384,MXY,0,0.0,0,0,0.0,0,0,0,0.0,0.55126953125,1,P4_CV0,1,1,1,0,2
8,1.8443986564691528,11.780027217250101,Age0_F8_m8f4_P8_Y20_UO334,RD8_F4_m7f3_P7_Y18_UO158,RD4_F8_m4f8_P4_Y18_UO38,MXY,0,0.0,0,0,0.0,0,0,0,0.0,0.522705078125,1,P4_CV0,1,0,2,0,2
8,1.8443986564691528,11.780027217250101,Age0_F8_m8f4_P8_Y20_UO335,RD8_F4_m7f3_P7_Y18_UO158,RD4_F8_m4f8_P4_Y18_UO38,FXX,0,0.0,0,0,0.0,0,0,0,0.0,0.522705078125,1,P4_CV0,1,1,1,1,1
8,1.8443986564691528,11.780027217250101,Age0_F8_m8f4_P8_Y20_UO337,RD8_F4_m7f3_P7_Y18_UO158,RD4_F8_m4f8_P4_Y18_UO38,MXY,0,0.0,0,0,0.0,0,0,0,0.0,0.522705078125,1,P4_CV0,1,0,2,0,2
8,1.8443986564691528,11.780027217250101,Age0_F8_m8f4_P8_Y20_UO338,RD8_F4_m7f3_P7_Y18_UO158,RD4_F8_m4f8_P4_Y18_UO38,FXX,0,0.0,0,0,0.0,0,0,0,0.0,0.522705078125,1,P4_CV0,1,1,1,1,1
8,1.8443986564691528,11.780027217250101,Age0_F8_m8f4_P8_Y20_UO339,RD8_F4_m7f3_P7_Y18_UO158,RD4_F8_m4f8_P4_Y18_UO38,FXX,0,0.0,0,0,0.0,0,0,0,0.0,0.522705078125,1,P4_CV0,1,0,2,0,2
8,1.8443986564691528,11.780027217250101,Age0_F8_m8f4_P8_Y20_UO340,RD8_F4_m7f3_P7_Y18_UO158,RD4_F8_m4f8_P4_Y18_UO38,MXY,0,0.0,0,0,0.0,0,0,0,0.0,0.522705078125,1,P4_CV0,1,1,1,0,2
8,1.8443986564691528,11.780027217250101,Age0_F8_m8f4_P8_Y20_UO341,RD8_F4_m7f3_P7_Y18_UO158,RD4_F8_m4f8_P4_Y18_UO38,MXY,0,0.0,0,0,0.0,0,0,0,0.0,0.522705078125,1,P4_CV0,1,0,2,0,2
8,1.8443986564691528,11.780027217250101,Age0_F8_m8f4_P8_Y20_UO343,RD8_F4_m7f3_P7_Y18_UO158,RD4_F8_m4f8_P4_Y18_UO38,MXY,0,0.0,0,0,0.0,0,0,0,0.0,0.522705078125,1,P4_CV0,1,1,1,1,1
8,1.8443986564691528,11.780027217250101,Age0_F8_m8f4_P8_Y20_UO344,RD8_F4_m7f3_P7_Y18_UO158,RD4_F8_m4f8_P4_Y18_UO38,MXY,0,0.0,0,0,0.0,0,0,0,0.0,0.522705078125,1,P4_CV0,1,1,1,1,1
8,1.8443986564691528,11.780027217250101,Age0_F8_m8f4_P8_Y20_UO345,RD8_F4_m7f3_P7_Y18_UO158,RD4_F8_m4f8_P4_Y18_UO38,FXX,0,0.0,0,0,0.0,0,0,0,0.0,0.522705078125,1,P4_CV0,1,0,2,0,2
8,1.8443986564691528,11.780027217250101,Age0_F8_m8f4_P8_Y20_UO487,RD8_F4_m7f3_P7_Y18_UO158,RD4_F7_m4f7_P4_Y18_UO649,FXX,0,0.0,0,0,0.0,0,0,0,0.0,0.529541015625,1,P4_CV0,1,1,1,0,2
8,1.8443986564691528,11.780027217250101,Age0_F8_m8f4_P8_Y20_UO488,RD8_F4_m7f3_P7_Y18_UO158,RD4_F7_m4f7_P4_Y18_UO649,FXX,0,0.0,0,0,0.0,0,0,0,0.0,0.529541015625,1,P4_CV0,1,1,1,0,2
8,1.8443986564691528,11.780027217250101,Age0_F8_m8f4_P8_Y20_UO489,RD8_F4_m7f3_P7_Y18_UO158,RD4_F7_m4f7_P4_Y18_UO649,FXX,0,0.0,0,0,0.0,0,0,0,0.0,0.529541015625,1,P4_CV0,1,1,1,0,2
8,1.8443986564691528,11.780027217250101,Age0_F8_m8f4_P8_Y20_UO490,RD8_F4_m7f3_P7_Y18_UO158,RD4_F7_m4f7_P4_Y18_UO649,MXY,0,0.0,0,0,0.0,0,0,0,0.0,0.529541015625,1,P4_CV0,1,1,1,0,2
8,1.8443986564691528,11.780027217250101,Age0_F8_m8f4_P8_Y20_UO491,RD8_F4_m7f3_P7_Y18_UO158,RD4_F7_m4f7_P4_Y18_UO649,MXY,0,0.0,0,0,0.0,0,0,0,0.0,0.529541015625,1,P4_CV0,1,0,2,0,2
8,1.8443986564691528,11.780027217250101,Age0_F8_m8f4_P8_Y20_UO492,RD8_F4_m7f3_P7_Y18_UO158,RD4_F7_m4f7_P4_Y18_UO649,FXX,0,0.0,0,0,0.0,0,0,0,0.0,0.529541015625,1,P4_CV0,1,0,2,1,1
8,1.8443986564691528,11.780027217250101,Age0_F8_m8f4_P8_Y20_UO493,RD8_F4_m7f3_P7_Y18_UO158,RD4_F7_m4f7_P4_Y18_UO649,MXY,0,0.0,0,0,0.0,0,0,0,0.0,0.529541015625,1,P4_CV0,1,1,1,0,2
8,1.8443986564691528,11.780027217250101,Age0_F8_m8f4_P8_Y20_UO494,RD8_F4_m7f3_P7_Y18_UO158,RD4_F7_m4f7_P4_Y18_UO649,MXY,0,0.0,0,0,0.0,0,0,0,0.0,0.529541015625,1,P4_CV0,1,0,2,0,2
8,1.8443986564691528,11.780027217250101,Age0_F8_m8f4_P8_Y20_UO495,RD8_F4_m7f3_P7_Y18_UO158,RD4_F7_m4f7_P4_Y18_UO649,MXY,0,0.0,0,0,0.0,0,0,0,0.0,0.529541015625,1,P4_CV0,1,1,1,0,2
8,1.8443986564691528,11.780027217250101,Age0_F8_m8f4_P8_Y20_UO496,RD8_F4_m7f3_P7_Y18_UO158,RD4_F7_m4f7_P4_Y18_UO649,FXX,0,0.0,0,0,0.0,0,0,0,0.0,0.529541015625,1,P4_CV0,1,1,1,1,1
8,1.8443986564691528,11.780027217250101,Age0_F8_m8f4_P8_Y20_UO497,RD8_F4_m7f3_P7_Y18_UO158,RD4_F7_m4f7_P4_Y18_UO649,FXX,0,0.0,0,0,0.0,0,0,0,0.0,0.529541015625,1,P4_CV0,1,1,1,0,2
8,1.8443986564691528,11.780027217250101,Age0_F8_m8f4_P8_Y20_UO535,RD8_F4_m7f4_P7_Y18_UO333,RD4_F8_m4f7_P4_Y18_UO432,FXX,0,0.0,0,0,0.0,0,0,0,0.0,0.53955078125,1,P4_CV0,1,0,2,1,1
8,1.8443986564691528,11.780027217250101,Age0_F8_m8f4_P8_Y20_UO536,RD8_F4_m7f4_P7_Y18_UO333,RD4_F8_m4f7_P4_Y18_UO432,FXX,0,0.0,0,0,0.0,0,0,0,0.0,0.53955078125,1,P4_CV0,1,1,1,1,1
8,1.8443986564691528,11.780027217250101,Age0_F8_m8f4_P8_Y20_UO537,RD8_F4_m7f4_P7_Y18_UO333,RD4_F8_m4f7_P4_Y18_UO432,FXX,0,0.0,0,0,0.0,0,0,0,0.0,0.53955078125,1,P4_CV0,1,2,0,1,1
8,1.8443986564691528,11.780027217250101,Age0_F8_m8f4_P8_Y20_UO538,RD8_F4_m7f4_P7_Y18_UO333,RD4_F8_m4f7_P4_Y18_UO432,FXX,0,0.0,0,0,0.0,0,0,0,0.0,0.53955078125,1,P4_CV0,1,0,2,1,1
8,1.8443986564691528,11.780027217250101,Age0_F8_m8f4_P8_Y20_UO616,RD8_F4_m8f4_P8_Y18_UO491,RD4_F7_m4f8_P4_Y18_UO423,FXX,0,0.0,0,0,0.0,0,0,0,0.0,0.52978515625,1,P4_CV0,1,0,2,0,2
8,1.8443986564691528,11.780027217250101,Age0_F8_m8f4_P8_Y20_UO617,RD8_F4_m8f4_P8_Y18_UO491,RD4_F7_m4f8_P4_Y18_UO423,MXY,0,0.0,0,0,0.0,0,0,0,0.0,0.52978515625,1,P4_CV0,1,0,2,0,2
8,1.8443986564691528,11.780027217250101,Age0_F8_m8f4_P8_Y20_UO622,RD8_F4_m8f4_P8_Y18_UO491,RD4_F7_m4f8_P4_Y18_UO423,FXX,0,0.0,0,0,0.0,0,0,0,0.0,0.52978515625,1,P4_CV0,1,0,2,1,1
8,1.8443986564691528,11.780027217250101,Age0_F8_m8f4_P8_Y20_UO623,RD8_F4_m8f4_P8_Y18_UO491,RD4_F7_m4f8_P4_Y18_UO423,MXY,0,0.0,0,0,0.0,0,0,0,0.0,0.52978515625,1,P4_CV0,1,0,2,1,1
8,1.8443986564691528,11.780027217250101,Age0_F8_m8f4_P8_Y20_UO624,RD8_F4_m8f4_P8_Y18_UO491,RD4_F7_m4f8_P4_Y18_UO423,MXY,0,0.0,0,0,0.0,0,0,0,0.0,0.52978515625,1,P4_CV0,1,0,2,1,1
8,1.8443986564691528,11.780027217250101,Age0_F8_m8f4_P8_Y20_UO625,RD8_F4_m8f4_P8_Y18_UO491,RD4_F7_m4f8_P4_Y18_UO423,MXY,0,0.0,0,0,0.0,0,0,0,0.0,0.52978515625,1,P4_CV0,1,0,2,1,1
8,1.8443986564691528,11.780027217250101,Age0_F8_m8f4_P8_Y20_UO656,RD8_F4_m7f3_P7_Y18_UO158,RD4_F8_m4f8_P4_Y18_UO218,MXY,0,0.0,0,0,0.0,0,0,0,0.0,0.53125,1,P4_CV0,1,1,1,0,2
8,1.8443986564691528,11.780027217250101,Age0_F8_m8f4_P8_Y20_UO657,RD8_F4_m7f3_P7_Y18_UO158,RD4_F8_m4f8_P4_Y18_UO218,FXX,0,0.0,0,0,0.0,0,0,0,0.0,0.53125,1,P4_CV0,1,1,1,1,1
8,1.8443986564691528,11.780027217250101,Age0_F8_m8f4_P8_Y20_UO658,RD8_F4_m7f3_P7_Y18_UO158,RD4_F8_m4f8_P4_Y18_UO218,MXY,0,0.0,0,0,0.0,0,0,0,0.0,0.53125,1,P4_CV0,1,1,1,1,1
8,1.8443986564691528,11.780027217250101,Age0_F8_m8f4_P8_Y20_UO659,RD8_F4_m7f3_P7_Y18_UO158,RD4_F8_m4f8_P4_Y18_UO218,MXY,0,0.0,0,0,0.0,0,0,0,0.0,0.53125,1,P4_CV0,1,1,1,0,2
8,1.8443986564691528,11.780027217250101,Age0_F8_m8f4_P8_Y20_UO660,RD8_F4_m7f3_P7_Y18_UO158,RD4_F8_m4f8_P4_Y18_UO218,FXX,0,0.0,0,0,0.0,0,0,0,0.0,0.53125,1,P4_CV0,1,1,1,0,2
8,1.8443986564691528,11.780027217250101,Age0_F8_m8f4_P8_Y20_UO661,RD8_F4_m7f3_P7_Y18_UO158,RD4_F8_m4f8_P4_Y18_UO218,FXX,0,0.0,0,0,0.0,0,0,0,0.0,0.53125,1,P4_CV0,1,1,1,0,2
8,1.8443986564691528,11.780027217250101,Age0_F8_m8f4_P8_Y20_UO662,RD8_F4_m7f3_P7_Y18_UO158,RD4_F8_m4f8_P4_Y18_UO218,MXY,0,0.0,0,0,0.0,0,0,0,0.0,0.53125,1,P4_CV0,1,1,1,0,2
8,1.8443986564691528,11.780027217250101,Age0_F8_m8f4_P8_Y20_UO663,RD8_F4_m7f3_P7_Y18_UO158,RD4_F8_m4f8_P4_Y18_UO218,FXX,0,0.0,0,0,0.0,0,0,0,0.0,0.53125,1,P4_CV0,1,1,1,0,2
8,1.8443986564691528,11.780027217250101,Age0_F8_m8f4_P8_Y20_UO664,RD8_F4_m7f3_P7_Y18_UO158,RD4_F8_m4f8_P4_Y18_UO218,FXX,0,0.0,0,0,0.0,0,0,0,0.0,0.53125,1,P4_CV0,1,1,1,0,2
8,1.8443986564691528,11.780027217250101,Age0_F8_m8f4_P8_Y20_UO665,RD8_F4_m7f3_P7_Y18_UO158,RD4_F8_m4f8_P4_Y18_UO218,FXX,0,0.0,0,0,0.0,0,0,0,0.0,0.53125,1,P4_CV0,1,0,2,0,2
8,1.8443986564691528,11.780027217250101,R8_F8_m4f7_P4_Y19_UO270,RD4_F8_m4f7_P4_Y17_UO266,RD7_F4_m4f8_P4_Y16_UO420,FXX,1,0.0,1,1,1.0,0,0,0,-9999.0,0.5654296875,1,P4_CV0,1,1,1,0,2
8,1.8443986564691528,11.780027217250101,R8_F8_m4f7_P4_Y19_UO277,RD4_F8_m4f7_P4_Y17_UO266,RD7_F4_m4f8_P4_Y16_UO420,FXX,1,0.0,1,1,1.0,0,0,0,-9999.0,0.5654296875,1,P4_CV0,1,1,1,1,1
8,1.8443986564691528,11.780027217250101,R8_F8_m7f4_P7_Y18_UO480,RD7_F3_m5f2_P5_Y16_UO400,RD4_F8_m4f8_P4_Y16_UO422,MXY,2,0.0,1,0,0.0,0,0,0,-9999.0,0.5517578125,1,P4_CV0,1,1,1,2,0
8,1.8443986564691528,11.780027217250101,R8_F8_m8f4_P8_Y18_UO399,RD8_F4_m8f4_P8_Y16_UO27,RD4_F8_m4f7_P4_Y16_UO94,FXX,2,0.0,1,0,1.0,0,0,0,-9999.0,0.52294921875,1,P4_CV0,1,0,2,1,1
8,1.8443986564691528,11.780027217250101,R8_F8_m7f4_P7_Y18_UO333,RD7_F4_m8f4_P8_Y16_UO71,RD4_F7_m3f7_P3_Y16_UO77,FXX,2,0.0,1,0,1.0,0,0,0,-9999.0,0.54150390625,1,P4_CV0,1,1,1,1,1
8,1.8443986564691528,11.780027217250101,Age0_F8_m8f4_P8_Y20_UO85,RD8_F4_m8f4_P8_Y18_UO393,RD4_F7_m4f7_P4_Y18_UO284,FXX,0,0.0,0,0,0.0,0,0,0,0.0,0.518798828125,1,P5_CV0,1,2,0,1,1
8,1.8443986564691528,11.780027217250101,Age0_F8_m8f4_P8_Y20_UO86,RD8_F4_m8f4_P8_Y18_UO393,RD4_F7_m4f7_P4_Y18_UO284,MXY,0,0.0,0,0,0.0,0,0,0,0.0,0.518798828125,1,P5_CV0,1,2,0,0,2
8,1.8443986564691528,11.780027217250101,Age0_F8_m8f4_P8_Y20_UO87,RD8_F4_m8f4_P8_Y18_UO393,RD4_F7_m4f7_P4_Y18_UO284,FXX,0,0.0,0,0,0.0,0,0,0,0.0,0.518798828125,1,P5_CV0,1,2,0,0,2
8,1.8443986564691528,11.780027217250101,Age0_F8_m8f4_P8_Y20_UO90,RD8_F4_m8f4_P8_Y18_UO393,RD4_F7_m4f7_P4_Y18_UO284,MXY,0,0.0,0,0,0.0,0,0,0,0.0,0.518798828125,1,P5_CV0,1,1,1,0,2
8,1.8443986564691528,11.780027217250101,Age0_F8_m8f4_P8_Y20_UO121,RD8_F4_m7f3_P7_Y18_UO408,RD4_F8_m4f7_P4_Y18_UO384,FXX,0,0.0,0,0,0.0,0,0,0,0.0,0.55126953125,1,P5_CV0,1,1,1,0,2
8,1.8443986564691528,11.780027217250101,Age0_F8_m8f4_P8_Y20_UO124,RD8_F4_m7f3_P7_Y18_UO408,RD4_F8_m4f7_P4_Y18_UO384,MXY,0,0.0,0,0,0.0,0,0,0,0.0,0.55126953125,1,P5_CV0,1,1,1,0,2
8,1.8443986564691528,11.780027217250101,Age0_F8_m8f4_P8_Y20_UO125,RD8_F4_m7f3_P7_Y18_UO408,RD4_F8_m4f7_P4_Y18_UO384,MXY,0,0.0,0,0,0.0,0,0,0,0.0,0.55126953125,1,P5_CV0,1,0,2,1,1
8,1.8443986564691528,11.780027217250101,Age0_F8_m8f4_P8_Y20_UO126,RD8_F4_m7f3_P7_Y18_UO408,RD4_F8_m4f7_P4_Y18_UO384,MXY,0,0.0,0,0,0.0,0,0,0,0.0,0.55126953125,1,P5_CV0,1,2,0,0,2
8,1.8443986564691528,11.780027217250101,Age0_F8_m8f4_P8_Y20_UO128,RD8_F4_m7f3_P7_Y18_UO408,RD4_F8_m4f7_P4_Y18_UO384,MXY,0,0.0,0,0,0.0,0,0,0,0.0,0.55126953125,1,P5_CV0,1,1,1,0,2
8,1.8443986564691528,11.780027217250101,Age0_F8_m8f4_P8_Y20_UO129,RD8_F4_m7f3_P7_Y18_UO408,RD4_F8_m4f7_P4_Y18_UO384,MXY,0,0.0,0,0,0.0,0,0,0,0.0,0.55126953125,1,P5_CV0,1,1,1,0,2
8,1.8443986564691528,11.780027217250101,Age0_F8_m8f4_P8_Y20_UO387,RD8_F4_m8f4_P8_Y18_UO393,RD4_F8_m4f8_P4_Y18_UO38,FXX,0,0.0,0,0,0.0,0,0,0,0.0,0.52490234375,1,P5_CV0,1,1,1,0,2
8,1.8443986564691528,11.780027217250101,Age0_F8_m8f4_P8_Y20_UO389,RD8_F4_m8f4_P8_Y18_UO393,RD4_F8_m4f8_P4_Y18_UO38,MXY,0,0.0,0,0,0.0,0,0,0,0.0,0.52490234375,1,P5_CV0,1,1,1,0,2
8,1.8443986564691528,11.780027217250101,Age0_F8_m8f4_P8_Y20_UO390,RD8_F4_m8f4_P8_Y18_UO393,RD4_F8_m4f8_P4_Y18_UO38,FXX,0,0.0,0,0,0.0,0,0,0,0.0,0.52490234375,1,P5_CV0,1,0,2,0,2
8,1.8443986564691528,11.780027217250101,Age0_F8_m8f4_P8_Y20_UO391,RD8_F4_m8f4_P8_Y18_UO393,RD4_F8_m4f8_P4_Y18_UO38,FXX,0,0.0,0,0,0.0,0,0,0,0.0,0.52490234375,1,P5_CV0,1,1,1,2,0
8,1.8443986564691528,11.780027217250101,Age0_F8_m8f4_P8_Y20_UO393,RD8_F4_m8f4_P8_Y18_UO393,RD4_F8_m4f8_P4_Y18_UO38,FXX,0,0.0,0,0,0.0,0,0,0,0.0,0.52490234375,1,P5_CV0,1,1,1,0,2
8,1.8443986564691528,11.780027217250101,Age0_F8_m8f4_P8_Y20_UO394,RD8_F4_m8f4_P8_Y18_UO393,RD4_F8_m4f8_P4_Y18_UO38,FXX,0,0.0,0,0,0.0,0,0,0,0.0,0.52490234375,1,P5_CV0,1,1,1,1,1
8,1.8443986564691528,11.780027217250101,R8_F8_m8f4_P8_Y18_UO358,RD8_F4_m8f4_P8_Y16_UO27,RD4_F8_m4f7_P4_Y16_UO94,FXX,2,0.0,1,0,1.0,0,0,0,-9999.0,0.52294921875,1,P5_CV0,1,1,1,1,1
8,1.8443986564691528,11.780027217250101,R8_F8_m7f4_P7_Y18_UO167,RD7_F3_m2f5_P2_Y16_UO637,RD4_F8_m4f7_P4_Y16_UO94,MXY,2,0.0,1,0,0.0,0,0,0,-9999.0,0.49658203125,1,P5_CV0,1,0,2,1,1
8,1.8443986564691528,11.780027217250101,R8_F8_m4f8_P4_Y19_UO135,RD4_F8_m4f7_P4_Y17_UO266,RD8_F4_m7f4_P7_Y17_UO326,FXX,1,0.0,1,1,1.0,0,0,0,-9999.0,0.5625,1,P6_CV0,1,2,0,1,1
8,1.8443986564691528,11.780027217250101,R8_F8_m4f8_P4_Y19_UO155,RD4_F8_m4f7_P4_Y17_UO266,RD8_F4_m8f4_P8_Y17_UO68,MXY,1,0.0,1,1,0.0,0,0,0,-9999.0,0.5625,1,P6_CV0,1,1,1,1,1
8,1.8443986564691528,11.780027217250101,R8_F8_m4f8_P4_Y19_UO131,RD4_F8_m4f7_P4_Y17_UO266,RD8_F4_m7f4_P7_Y17_UO326,FXX,1,0.0,1,1,1.0,0,0,0,-9999.0,0.5625,1,P6_CV0,1,2,0,1,1
8,1.8443986564691528,11.780027217250101,R8_F8_m4f8_P4_Y19_UO124,RD4_F8_m4f7_P4_Y17_UO266,RD8_F4_m7f4_P7_Y17_UO326,MXY,1,0.0,1,1,0.0,0,0,0,-9999.0,0.5625,1,P6_CV0,1,2,0,1,1
9,8.539752926394888,7.413552560728917,Age0_F9_m9f6_P9_Y20_UO414,RD9_F6_m3f5_P3_Y18_UO119,RD6_F9_m2f6_P2_Y18_UO32,FXX,0,0.0,0,0,0.0,0,0,0,0.0,0.5478515625,1,P0_CV0,1,0,2,1,1
9,8.539752926394888,7.413552560728917,Age0_F9_m9f6_P9_Y20_UO415,RD9_F6_m3f5_P3_Y18_UO119,RD6_F9_m2f6_P2_Y18_UO32,MXY,0,0.0,0,0,0.0,0,0,0,0.0,0.5478515625,1,P0_CV0,1,1,1,2,0
9,8.539752926394888,7.413552560728917,Age0_F9_m9f6_P9_Y20_UO747,RD9_F2_m9f2_P9_Y18_UO101,RD6_F9_m6f3_P6_Y18_UO474,FXX,0,0.0,0,0,0.0,0,0,0,0.0,0.5380859375,1,P0_CV0,1,1,1,0,2
9,8.539752926394888,7.413552560728917,Age0_F9_m9f6_P9_Y20_UO749,RD9_F2_m9f2_P9_Y18_UO101,RD6_F9_m6f3_P6_Y18_UO474,FXX,0,0.0,0,0,0.0,0,0,0,0.0,0.5380859375,1,P0_CV0,1,1,1,0,2
9,8.539752926394888,7.413552560728917,Age0_F9_m9f2_P9_Y20_UO22,RD9_F2_m9f2_P9_Y18_UO102,RD2_F9_m6f9_P6_Y18_UO111,MXY,0,0.0,0,0,0.0,0,0,0,0.0,0.531005859375,1,P2_CV0,1,2,0,1,1
9,8.539752926394888,7.413552560728917,Age0_F9_m9f2_P9_Y20_UO23,RD9_F2_m9f2_P9_Y18_UO102,RD2_F9_m6f9_P6_Y18_UO111,MXY,0,0.0,0,0,0.0,0,0,0,0.0,0.531005859375,1,P2_CV0,1,1,1,1,1
9,8.539752926394888,7.413552560728917,Age0_F9_m9f6_P9_Y20_UO61,RD9_F2_m9f6_P9_Y18_UO260,RD6_F2_m5f3_P5_Y18_UO3,MXY,0,0.0,0,0,0.0,0,0,0,0.0,0.521728515625,1,P2_CV0,1,2,0,1,1
9,8.539752926394888,7.413552560728917,Age0_F9_m9f6_P9_Y20_UO62,RD9_F2_m9f6_P9_Y18_UO260,RD6_F2_m5f3_P5_Y18_UO3,MXY,0,0.0,0,0,0.0,0,0,0,0.0,0.521728515625,1,P2_CV0,1,2,0,1,1
9,8.539752926394888,7.413552560728917,Age0_F9_m9f6_P9_Y20_UO63,RD9_F2_m9f6_P9_Y18_UO260,RD6_F2_m5f3_P5_Y18_UO3,MXY,0,0.0,0,0,0.0,0,0,0,0.0,0.521728515625,1,P2_CV0,1,2,0,0,2
9,8.539752926394888,7.413552560728917,Age0_F9_m9f2_P9_Y20_UO113,RD9_F6_m2f9_P2_Y18_UO108,RD2_F5_m1f5_P1_Y18_UO539,MXY,0,0.0,0,0,0.0,0,0,0,0.0,0.52001953125,1,P2_CV0,1,0,2,1,1
9,8.539752926394888,7.413552560728917,Age0_F9_m9f2_P9_Y20_UO114,RD9_F6_m2f9_P2_Y18_UO108,RD2_F5_m1f5_P1_Y18_UO539,FXX,0,0.0,0,0,0.0,0,0,0,0.0,0.52001953125,1,P2_CV0,1,1,1,0,2
9,8.539752926394888,7.413552560728917,Age0_F9_m9f2_P9_Y20_UO210,RD9_F2_m9f6_P9_Y18_UO375,RD2_F9_m6f2_P6_Y18_UO177,FXX,0,0.0,0,0,0.0,0,0,0,0.0,0.52490234375,1,P2_CV0,1,2,0,2,0
9,8.539752926394888,7.413552560728917,Age0_F9_m9f2_P9_Y20_UO211,RD9_F2_m9f6_P9_Y18_UO375,RD2_F9_m6f2_P6_Y18_UO177,FXX,0,0.0,0,0,0.0,0,0,0,0.0,0.52490234375,1,P2_CV0,1,2,0,1,1
9,8.539752926394888,7.413552560728917,Age0_F9_m9f6_P9_Y20_UO252,RD9_F6_m3f5_P3_Y18_UO294,RD6_F2_m9f6_P9_Y18_UO645,MXY,0,0.0,0,0,0.0,0,0,0,0.0,0.517578125,1,P2_CV0,1,2,0,1,1
9,8.539752926394888,7.413552560728917,Age0_F9_m9f6_P9_Y20_UO253,RD9_F6_m3f5_P3_Y18_UO294,RD6_F2_m9f6_P9_Y18_UO645,MXY,0,0.0,0,0,0.0,0,0,0,0.0,0.517578125,1,P2_CV0,1,1,1,1,1
9,8.539752926394888,7.413552560728917,Age0_F9_m9f6_P9_Y20_UO254,RD9_F6_m3f5_P3_Y18_UO294,RD6_F2_m9f6_P9_Y18_UO645,MXY,0,0.0,0,0,0.0,0,0,0,0.0,0.517578125,1,P2_CV0,1,1,1,2,0
9,8.539752926394888,7.413552560728917,Age0_F9_m9f2_P9_Y20_UO258,RD9_F2_m9f2_P9_Y18_UO573,RD2_F9_m6f9_P6_Y18_UO360,MXY,0,0.0,0,0,0.0,0,0,0,0.0,0.521728515625,1,P2_CV0,1,1,1,0,2
9,8.539752926394888,7.413552560728917,Age0_F9_m9f6_P9_Y20_UO360,RD9_F2_m9f2_P9_Y18_UO102,RD6_F2_m9f6_P9_Y18_UO645,MXY,0,0.0,0,0,0.0,0,0,0,0.0,0.522216796875,1,P2_CV0,1,2,0,1,1
9,8.539752926394888,7.413552560728917,Age0_F9_m9f2_P9_Y20_UO369,RD9_F2_m9f2_P9_Y18_UO439,RD2_F9_m2f9_P2_Y18_UO686,MXY,0,0.0,0,0,0.0,0,0,0,0.0,0.530517578125,1,P2_CV0,1,2,0,1,1
9,8.539752926394888,7.413552560728917,Age0_F9_m9f6_P9_Y20_UO406,RD9_F2_m6f9_P6_Y18_UO639,RD6_F9_m6f2_P6_Y18_UO563,MXY,0,0.0,0,0,0.0,0,0,0,0.0,0.53515625,1,P2_CV0,1,0,2,2,0
9,8.539752926394888,7.413552560728917,Age0_F9_m9f6_P9_Y20_UO407,RD9_F2_m6f9_P6_Y18_UO639,RD6_F9_m6f2_P6_Y18_UO563,MXY,0,0.0,0,0,0.0,0,0,0,0.0,0.53515625,1,P2_CV0,1,2,0,2,0
9,8.539752926394888,7.413552560728917,Age0_F9_m9f6_P9_Y20_UO408,RD9_F2_m6f9_P6_Y18_UO639,RD6_F9_m6f2_P6_Y18_UO563,FXX,0,0.0,0,0,0.0,0,0,0,0.0,0.53515625,1,P2_CV0,1,0,2,2,0
9,8.539752926394888,7.413552560728917,Age0_F9_m9f6_P9_Y20_UO447,RD9_F2_m9f2_P9_Y18_UO573,RD6_F9_m6f2_P6_Y18_UO526,FXX,0,0.0,0,0,0.0,0,0,0,0.0,0.5234375,1,P2_CV0,1,0,2,1,1
9,8.539752926394888,7.413552560728917,Age0_F9_m9f6_P9_Y20_UO448,RD9_F2_m9f2_P9_Y18_UO573,RD6_F9_m6f2_P6_Y18_UO526,FXX,0,0.0,0,0,0.0,0,0,0,0.0,0.5234375,1,P2_CV0,1,1,1,1,1
9,8.539752926394888,7.413552560728917,Age0_F9_m9f6_P9_Y20_UO449,RD9_F2_m9f2_P9_Y18_UO573,RD6_F9_m6f2_P6_Y18_UO526,FXX,0,0.0,0,0,0.0,0,0,0,0.0,0.5234375,1,P2_CV0,1,1,1,1,1
9,8.539752926394888,7.413552560728917,Age0_F9_m9f6_P9_Y20_UO519,RD9_F6_m9f6_P9_Y18_UO278,RD6_F9_m6f9_P6_Y18_UO638,FXX,0,0.0,0,0,0.0,0,0,0,0.0,0.540283203125,1,P2_CV0,1,0,2,1,1
9,8.539752926394888,7.413552560728917,R9_F9_m6f9_P6_Y18_UO639,RD6_F9_m2f9_P2_Y16_UO321,RD9_F2_m6f2_P6_Y16_UO563,FXX,2,0.0,1,0,1.0,0,0,0,-9999.0,0.5302734375,1,P2_CV0,1,1,1,2,0
9,8.539752926394888,7.413552560728917,R9_F9_m9f6_P9_Y18_UO260,RD9_F6_m9f6_P9_Y16_UO674,RD6_F9_m2f5_P2_Y16_UO608,FXX,2,0.0,1,0,1.0,0,0,0,-9999.0,0.51318359375,1,P2_CV0,1,2,0,1,1
9,8.539752926394888,7.413552560728917,R9_F9_m9f6_P9_Y18_UO643,RD9_F6_m9f6_P9_Y16_UO655,RD6_F9_m6f3_P6_Y16_UO352,FXX,2,0.0,1,0,1.0,0,0,0,-9999.0,0.5205078125,1,P2_CV0,1,0,2,1,1
9,8.539752926394888,7.413552560728917,Age0_F9_m9f6_P9_Y20_UO9,RD9_F2_m6f2_P6_Y18_UO328,RD6_F3_m6f2_P6_Y18_UO610,FXX,0,0.0,0,0,0.0,0,0,0,0.0,0.524658203125,1,P3_CV0,1,0,2,1,1
9,8.539752926394888,7.413552560728917,Age0_F9_m9f6_P9_Y20_UO10,RD9_F2_m6f2_P6_Y18_UO328,RD6_F3_m6f2_P6_Y18_UO610,MXY,0,0.0,0,0,0.0,0,0,0,0.0,0.524658203125,1,P3_CV0,1,1,1,1,1
9,8.539752926394888,7.413552560728917,Age0_F9_m9f2_P9_Y20_UO370,RD9_F2_m9f2_P9_Y18_UO439,RD2_F9_m2f9_P2_Y18_UO686,MXY,0,0.0,0,0,0.0,0,0,0,0.0,0.530517578125,1,P3_CV0,1,0,2,1,1
9,8.539752926394888,7.413552560728917,Age0_F9_m9f2_P9_Y20_UO398,RD9_F6_m9f6_P9_Y18_UO655,RD2_F9_m2f9_P2_Y18_UO686,FXX,0,0.0,0,0,0.0,0,0,0,0.0,0.546630859375,1,P3_CV0,1,2,0,2,0
9,8.539752926394888,7.413552560728917,Age0_F9_m9f6_P9_Y20_UO457,RD9_F2_m9f2_P9_Y18_UO440,RD6_F9_m6f2_P6_Y18_UO717,FXX,0,0.0,0,0,0.0,0,0,0,0.0,0.514404296875,1,P3_CV0,1,1,1,0,2
9,8.539752926394888,7.413552560728917,Age0_F9_m9f6_P9_Y20_UO458,RD9_F2_m9f2_P9_Y18_UO440,RD6_F9_m6f2_P6_Y18_UO717,FXX,0,0.0,0,0,0.0,0,0,0,0.0,0.514404296875,1,P3_CV0,1,1,1,0,2
9,8.539752926394888,7.413552560728917,R9_F9_m3f7_P3_Y18_UO585,RD3_F5_m1f5_P1_Y16_UO508,RD7_F4_m8f4_P8_Y16_UO32,FXX,2,0.0,1,0,1.0,0,0,0,-9999.0,0.53173828125,1,P3_CV0,1,0,2,1,1
9,8.539752926394888,7.413552560728917,R9_F9_m9f6_P9_Y18_UO266,RD9_F6_m3f2_P3_Y16_UO3,RD6_F3_m4f8_P4_Y15_UO99,MXY,2,0.0,1,0,0.0,0,0,0,-9999.0,0.5185546875,1,P3_CV0,1,2,0,1,1
9,8.539752926394888,7.413552560728917,Age0_F9_m9f2_P9_Y20_UO21,RD9_F2_m9f2_P9_Y18_UO102,RD2_F9_m6f9_P6_Y18_UO111,MXY,0,0.0,0,0,0.0,0,0,0,0.0,0.531005859375,1,P4_CV0,1,2,0,1,1
9,8.539752926394888,7.413552560728917,Age0_F9_m9f6_P9_Y20_UO145,RD9_F2_m9f2_P9_Y18_UO440,RD6_F9_m9f6_P9_Y17_UO36,FXX,0,0.0,0,0,0.0,0,0,0,0.0,0.520751953125,1,P4_CV0,1,1,1,1,1
9,8.539752926394888,7.413552560728917,Age0_F9_m9f6_P9_Y20_UO146,RD9_F2_m9f2_P9_Y18_UO440,RD6_F9_m9f6_P9_Y17_UO36,FXX,0,0.0,0,0,0.0,0,0,0,0.0,0.520751953125,1,P4_CV0,1,0,2,1,1
9,8.539752926394888,7.413552560728917,Age0_F9_m9f6_P9_Y20_UO147,RD9_F2_m9f2_P9_Y18_UO440,RD6_F9_m9f6_P9_Y17_UO36,FXX,0,0.0,0,0,0.0,0,0,0,0.0,0.520751953125,1,P4_CV0,1,1,1,0,2
9,8.539752926394888,7.413552560728917,Age0_F9_m9f2_P9_Y20_UO182,RD9_F2_m9f2_P9_Y18_UO102,RD2_F9_m2f5_P2_Y18_UO370,MXY,0,0.0,0,0,0.0,0,0,0,0.0,0.5234375,1,P4_CV0,1,1,1,1,1
9,8.539752926394888,7.413552560728917,Age0_F9_m9f2_P9_Y20_UO209,RD9_F2_m9f6_P9_Y18_UO375,RD2_F9_m6f2_P6_Y18_UO177,FXX,0,0.0,0,0,0.0,0,0,0,0.0,0.52490234375,1,P4_CV0,1,2,0,1,1
9,8.539752926394888,7.413552560728917,Age0_F9_m9f2_P9_Y20_UO255,RD9_F2_m9f2_P9_Y18_UO573,RD2_F9_m6f9_P6_Y18_UO360,MXY,0,0.0,0,0,0.0,0,0,0,0.0,0.521728515625,1,P4_CV0,1,1,1,0,2
9,8.539752926394888,7.413552560728917,Age0_F9_m9f2_P9_Y20_UO256,RD9_F2_m9f2_P9_Y18_UO573,RD2_F9_m6f9_P6_Y18_UO360,MXY,0,0.0,0,0,0.0,0,0,0,0.0,0.521728515625,1,P4_CV0,1,1,1,0,2
9,8.539752926394888,7.413552560728917,Age0_F9_m9f2_P9_Y20_UO257,RD9_F2_m9f2_P9_Y18_UO573,RD2_F9_m6f9_P6_Y18_UO360,MXY,0,0.0,0,0,0.0,0,0,0,0.0,0.521728515625,1,P4_CV0,1,1,1,0,2
9,8.539752926394888,7.413552560728917,Age0_F9_m9f6_P9_Y20_UO284,RD9_F2_m9f6_P9_Y18_UO375,RD6_F9_m6f3_P6_Y18_UO474,FXX,0,0.0,0,0,0.0,0,0,0,0.0,0.541015625,1,P4_CV0,1,1,1,1,1
9,8.539752926394888,7.413552560728917,Age0_F9_m9f6_P9_Y20_UO285,RD9_F2_m9f6_P9_Y18_UO375,RD6_F9_m6f3_P6_Y18_UO474,FXX,0,0.0,0,0,0.0,0,0,0,0.0,0.541015625,1,P4_CV0,1,1,1,1,1
9,8.539752926394888,7.413552560728917,Age0_F9_m9f6_P9_Y20_UO286,RD9_F2_m9f6_P9_Y18_UO375,RD6_F9_m6f3_P6_Y18_UO474,FXX,0,0.0,0,0,0.0,0,0,0,0.0,0.541015625,1,P4_CV0,1,0,2,1,1
9,8.539752926394888,7.413552560728917,Age0_F9_m9f6_P9_Y20_UO287,RD9_F2_m9f6_P9_Y18_UO375,RD6_F9_m6f3_P6_Y18_UO474,MXY,0,0.0,0,0,0.0,0,0,0,0.0,0.541015625,1,P4_CV0,1,0,2,0,2
9,8.539752926394888,7.413552560728917,Age0_F9_m9f6_P9_Y20_UO361,RD9_F2_m9f2_P9_Y18_UO102,RD6_F2_m9f6_P9_Y18_UO645,MXY,0,0.0,0,0,0.0,0,0,0,0.0,0.522216796875,1,P4_CV0,1,2,0,1,1
9,8.539752926394888,7.413552560728917,Age0_F9_m9f6_P9_Y20_UO362,RD9_F2_m9f2_P9_Y18_UO102,RD6_F2_m9f6_P9_Y18_UO645,MXY,0,0.0,0,0,0.0,0,0,0,0.0,0.522216796875,1,P4_CV0,1,2,0,1,1
9,8.539752926394888,7.413552560728917,Age0_F9_m9f6_P9_Y20_UO377,RD9_F6_m2f9_P2_Y18_UO108,RD6_F2_m9f2_P9_Y18_UO104,MXY,0,0.0,0,0,0.0,0,0,0,0.0,0.510986328125,1,P4_CV0,1,0,2,0,2
9,8.539752926394888,7.413552560728917,Age0_F9_m9f6_P9_Y20_UO459,RD9_F2_m9f2_P9_Y18_UO440,RD6_F9_m6f2_P6_Y18_UO717,FXX,0,0.0,0,0,0.0,0,0,0,0.0,0.514404296875,1,P4_CV0,1,2,0,0,2
9,8.539752926394888,7.413552560728917,Age0_F9_m9f2_P9_Y20_UO696,RD9_F2_m9f2_P9_Y18_UO101,RD2_F5_m3f6_P3_Y18_UO306,MXY,0,0.0,0,0,0.0,0,0,0,0.0,0.518310546875,1,P4_CV0,1,1,1,1,1
9,8.539752926394888,7.413552560728917,Age0_F9_m9f2_P9_Y20_UO697,RD9_F2_m9f2_P9_Y18_UO101,RD2_F5_m3f6_P3_Y18_UO306,MXY,0,0.0,0,0,0.0,0,0,0,0.0,0.518310546875,1,P4_CV0,1,2,0,1,1
9,8.539752926394888,7.413552560728917,Age0_F9_m9f2_P9_Y20_UO698,RD9_F2_m9f2_P9_Y18_UO101,RD2_F5_m3f6_P3_Y18_UO306,MXY,0,0.0,0,0,0.0,0,0,0,0.0,0.518310546875,1,P4_CV0,1,1,1,0,2
9,8.539752926394888,7.413552560728917,Age0_F9_m9f6_P9_Y20_UO701,RD9_F2_m9f6_P9_Y18_UO375,RD6_F2_m9f6_P9_Y18_UO374,FXX,0,0.0,0,0,0.0,0,0,0,0.0,0.52978515625,1,P4_CV0,1,0,2,1,1
9,8.539752926394888,7.413552560728917,Age0_F9_m9f6_P9_Y20_UO704,RD9_F2_m9f6_P9_Y18_UO375,RD6_F2_m9f6_P9_Y18_UO374,FXX,0,0.0,0,0,0.0,0,0,0,0.0,0.52978515625,1,P4_CV0,1,2,0,0,2
9,8.539752926394888,7.413552560728917,Age0_F9_m9f2_P9_Y20_UO710,RD9_F2_m9f2_P9_Y18_UO101,RD2_F9_m6f9_P6_Y18_UO360,FXX,0,0.0,0,0,0.0,0,0,0,0.0,0.52294921875,1,P4_CV0,1,2,0,0,2
9,8.539752926394888,7.413552560728917,Age0_F9_m9f2_P9_Y20_UO711,RD9_F2_m9f2_P9_Y18_UO101,RD2_F9_m6f9_P6_Y18_UO360,FXX,0,0.0,0,0,0.0,0,0,0,0.0,0.52294921875,1,P4_CV0,1,2,0,0,2
9,8.539752926394888,7.413552560728917,Age0_F9_m9f2_P9_Y20_UO712,RD9_F2_m9f2_P9_Y18_UO101,RD2_F9_m6f9_P6_Y18_UO360,FXX,0,0.0,0,0,0.0,0,0,0,0.0,0.52294921875,1,P4_CV0,1,2,0,0,2
9,8.539752926394888,7.413552560728917,Age0_F9_m9f2_P9_Y20_UO713,RD9_F2_m9f2_P9_Y18_UO101,RD2_F9_m6f9_P6_Y18_UO360,MXY,0,0.0,0,0,0.0,0,0,0,0.0,0.52294921875,1,P4_CV0,1,2,0,0,2
9,8.539752926394888,7.413552560728917,Age0_F9_m9f2_P9_Y20_UO714,RD9_F2_m9f2_P9_Y18_UO101,RD2_F9_m6f9_P6_Y18_UO360,MXY,0,0.0,0,0,0.0,0,0,0,0.0,0.52294921875,1,P4_CV0,1,2,0,0,2
9,8.539752926394888,7.413552560728917,Age0_F9_m9f6_P9_Y20_UO746,RD9_F2_m9f2_P9_Y18_UO101,RD6_F9_m6f3_P6_Y18_UO474,FXX,0,0.0,0,0,0.0,0,0,0,0.0,0.5380859375,1,P4_CV0,1,1,1,0,2
9,8.539752926394888,7.413552560728917,Age0_F9_m9f6_P9_Y20_UO748,RD9_F2_m9f2_P9_Y18_UO101,RD6_F9_m6f3_P6_Y18_UO474,MXY,0,0.0,0,0,0.0,0,0,0,0.0,0.5380859375,1,P4_CV0,1,1,1,0,2
9,8.539752926394888,7.413552560728917,Age0_F9_m9f6_P9_Y20_UO750,RD9_F2_m9f2_P9_Y18_UO101,RD6_F9_m6f3_P6_Y18_UO474,MXY,0,0.0,0,0,0.0,0,0,0,0.0,0.5380859375,1,P4_CV0,1,1,1,0,2
9,8.539752926394888,7.413552560728917,R9_F9_m6f9_P6_Y19_UO200,RD6_F9_m2f3_P2_Y17_UO126,RD9_F6_m6f2_P6_Y16_UO732,FXX,1,0.0,1,1,1.0,0,0,0,-9999.0,0.5576171875,1,P4_CV0,1,2,0,2,0
9,8.539752926394888,7.413552560728917,R9_F9_m6f9_P6_Y19_UO63,RD6_F9_m2f3_P2_Y17_UO126,RD9_F6_m9f6_P9_Y17_UO36,FXX,1,0.0,1,1,1.0,0,0,0,-9999.0,0.53173828125,1,P4_CV0,1,2,0,2,0
9,8.539752926394888,7.413552560728917,Age0_F9_m9f2_P9_Y20_UO34,RD9_F2_m9f6_P9_Y18_UO656,RD2_F9_m2f5_P2_Y18_UO367,MXY,0,0.0,0,0,0.0,0,0,0,0.0,0.54150390625,1,P5_CV0,1,1,1,1,1
9,8.539752926394888,7.413552560728917,Age0_F9_m9f6_P9_Y20_UO357,RD9_F2_m6f9_P6_Y18_UO182,RD6_F2_m9f6_P9_Y18_UO478,MXY,0,0.0,0,0,0.0,0,0,0,0.0,0.5302734375,1,P5_CV0,1,2,0,1,1
9,8.539752926394888,7.413552560728917,Age0_F9_m9f6_P9_Y20_UO358,RD9_F2_m6f9_P6_Y18_UO182,RD6_F2_m9f6_P9_Y18_UO478,MXY,0,0.0,0,0,0.0,0,0,0,0.0,0.5302734375,1,P5_CV0,1,2,0,1,1
9,8.539752926394888,7.413552560728917,Age0_F9_m9f6_P9_Y20_UO359,RD9_F2_m6f9_P6_Y18_UO182,RD6_F2_m9f6_P9_Y18_UO478,MXY,0,0.0,0,0,0.0,0,0,0,0.0,0.5302734375,1,P5_CV0,1,2,0,1,1
9,8.539752926394888,7.413552560728917,Age0_F9_m9f6_P9_Y20_UO411,RD9_F6_m3f5_P3_Y18_UO119,RD6_F9_m2f6_P2_Y18_UO32,FXX,0,0.0,0,0,0.0,0,0,0,0.0,0.5478515625,1,P5_CV0,1,1,1,2,0
9,8.539752926394888,7.413552560728917,Age0_F9_m9f6_P9_Y20_UO412,RD9_F6_m3f5_P3_Y18_UO119,RD6_F9_m2f6_P2_Y18_UO32,FXX,0,0.0,0,0,0.0,0,0,0,0.0,0.5478515625,1,P5_CV0,1,0,2,1,1
9,8.539752926394888,7.413552560728917,Age0_F9_m9f6_P9_Y20_UO413,RD9_F6_m3f5_P3_Y18_UO119,RD6_F9_m2f6_P2_Y18_UO32,FXX,0,0.0,0,0,0.0,0,0,0,0.0,0.5478515625,1,P5_CV0,1,0,2,1,1
9,8.539752926394888,7.413552560728917,Age0_F9_m9f6_P9_Y20_UO543,RD9_F2_m9f6_P9_Y18_UO656,RD6_F9_m6f9_P6_Y18_UO184,FXX,0,0.0,0,0,0.0,0,0,0,0.0,0.545654296875,1,P5_CV0,1,1,1,0,2
9,8.539752926394888,7.413552560728917,Age0_F9_m9f6_P9_Y20_UO544,RD9_F2_m9f6_P9_Y18_UO656,RD6_F9_m6f9_P6_Y18_UO184,MXY,0,0.0,0,0,0.0,0,0,0,0.0,0.545654296875,1,P5_CV0,1,2,0,0,2
9,8.539752926394888,7.413552560728917,Age0_F9_m9f6_P9_Y20_UO545,RD9_F2_m9f6_P9_Y18_UO656,RD6_F9_m6f9_P6_Y18_UO184,MXY,0,0.0,0,0,0.0,0,0,0,0.0,0.545654296875,1,P5_CV0,1,1,1,0,2
9,8.539752926394888,7.413552560728917,Age0_F9_m9f6_P9_Y20_UO546,RD9_F2_m9f6_P9_Y18_UO656,RD6_F9_m6f9_P6_Y18_UO184,FXX,0,0.0,0,0,0.0,0,0,0,0.0,0.545654296875,1,P5_CV0,1,1,1,1,1
9,8.539752926394888,7.413552560728917,Age0_F9_m9f6_P9_Y20_UO673,RD9_F2_m9f6_P9_Y18_UO656,RD6_F9_m6f2_P6_Y18_UO563,MXY,0,0.0,0,0,0.0,0,0,0,0.0,0.550048828125,1,P5_CV0,1,1,1,1,1
9,8.539752926394888,7.413552560728917,Age0_F9_m9f6_P9_Y20_UO674,RD9_F2_m9f6_P9_Y18_UO656,RD6_F9_m6f2_P6_Y18_UO563,MXY,0,0.0,0,0,0.0,0,0,0,0.0,0.550048828125,1,P5_CV0,1,0,2,1,1
9,8.539752926394888,7.413552560728917,Age0_F9_m9f6_P9_Y20_UO675,RD9_F2_m9f6_P9_Y18_UO656,RD6_F9_m6f2_P6_Y18_UO563,MXY,0,0.0,0,0,0.0,0,0,0,0.0,0.550048828125,1,P5_CV0,1,1,1,1,1
9,8.539752926394888,7.413552560728917,Age0_F9_m9f6_P9_Y20_UO676,RD9_F2_m9f6_P9_Y18_UO656,RD6_F9_m6f2_P6_Y18_UO563,FXX,0,0.0,0,0,0.0,0,0,0,0.0,0.550048828125,1,P5_CV0,1,1,1,1,1
9,8.539752926394888,7.413552560728917,Age0_F9_m9f6_P9_Y20_UO702,RD9_F2_m9f6_P9_Y18_UO375,RD6_F2_m9f6_P9_Y18_UO374,MXY,0,0.0,0,0,0.0,0,0,0,0.0,0.52978515625,1,P5_CV0,1,1,1,0,2
9,8.539752926394888,7.413552560728917,Age0_F9_m9f6_P9_Y20_UO703,RD9_F2_m9f6_P9_Y18_UO375,RD6_F2_m9f6_P9_Y18_UO374,FXX,0,0.0,0,0,0.0,0,0,0,0.0,0.52978515625,1,P5_CV0,1,1,1,0,2
9,8.539752926394888,7.413552560728917,R9_F9_m6f9_P6_Y18_UO182,RD6_F3_m5f2_P5_Y16_UO527,RD9_F6_m9f6_P9_Y16_UO384,FXX,2,0.0,1,0,1.0,0,0,0,-9999.0,0.53125,1,P5_CV0,1,2,0,0,2
9,8.539752926394888,7.413552560728917,R9_F9_m9f6_P9_Y18_UO265,RD9_F6_m3f2_P3_Y16_UO3,RD6_F3_m4f8_P4_Y15_UO99,FXX,2,0.0,1,0,1.0,0,0,0,-9999.0,0.5185546875,1,P5_CV0,1,2,0,1,1
9,8.539752926394888,7.413552560728917,R9_F9_m9f6_P9_Y18_UO656,RD9_F6_m9f6_P9_Y16_UO89,RD6_F9_m6f2_P6_Y16_UO567,FXX,2,0.0,1,0,1.0,0,0,0,-9999.0,0.56005859375,1,P5_CV0,1,1,1,0,2
9,8.539752926394888,7.413552560728917,Age0_F9_m9f6_P9_Y20_UO11,RD9_F2_m6f2_P6_Y18_UO328,RD6_F3_m6f2_P6_Y18_UO610,MXY,0,0.0,0,0,0.0,0,0,0,0.0,0.524658203125,1,P8_CV0,1,1,1,0,2
9,8.539752926394888,7.413552560728917,Age0_F9_m9f2_P9_Y20_UO33,RD9_F2_m9f6_P9_Y18_UO656,RD2_F9_m2f5_P2_Y18_UO367,FXX,0,0.0,0,0,0.0,0,0,0,0.0,0.54150390625,1,P8_CV0,1,1,1,0,2
9,8.539752926394888,7.413552560728917,Age0_F9_m9f2_P9_Y20_UO35,RD9_F2_m9f6_P9_Y18_UO656,RD2_F9_m2f5_P2_Y18_UO367,MXY,0,0.0,0,0,0.0,0,0,0,0.0,0.54150390625,1,P8_CV0,1,1,1,0,2
9,8.539752926394888,7.413552560728917,Age0_F9_m9f2_P9_Y20_UO181,RD9_F2_m9f2_P9_Y18_UO102,RD2_F9_m2f5_P2_Y18_UO370,FXX,0,0.0,0,0,0.0,0,0,0,0.0,0.5234375,1,P8_CV0,1,0,2,1,1
9,8.539752926394888,7.413552560728917,Age0_F9_m9f2_P9_Y20_UO183,RD9_F2_m9f2_P9_Y18_UO102,RD2_F9_m2f5_P2_Y18_UO370,FXX,0,0.0,0,0,0.0,0,0,0,0.0,0.5234375,1,P8_CV0,1,1,1,1,1
9,8.539752926394888,7.413552560728917,Age0_F9_m9f2_P9_Y20_UO184,RD9_F2_m9f2_P9_Y18_UO102,RD2_F9_m2f5_P2_Y18_UO370,MXY,0,0.0,0,0,0.0,0,0,0,0.0,0.5234375,1,P8_CV0,1,0,2,1,1
9,8.539752926394888,7.413552560728917,Age0_F9_m9f2_P9_Y20_UO371,RD9_F2_m6f2_P6_Y18_UO328,RD2_F9_m6f3_P6_Y18_UO171,MXY,0,0.0,0,0,0.0,0,0,0,0.0,0.5390625,1,P8_CV0,1,2,0,1,1
9,8.539752926394888,7.413552560728917,Age0_F9_m9f2_P9_Y20_UO372,RD9_F2_m6f2_P6_Y18_UO328,RD2_F9_m6f3_P6_Y18_UO171,FXX,0,0.0,0,0,0.0,0,0,0,0.0,0.5390625,1,P8_CV0,1,2,0,2,0
9,8.539752926394888,7.413552560728917,Age0_F9_m9f2_P9_Y20_UO373,RD9_F2_m6f2_P6_Y18_UO328,RD2_F9_m6f3_P6_Y18_UO171,FXX,0,0.0,0,0,0.0,0,0,0,0.0,0.5390625,1,P8_CV0,1,1,1,2,0
9,8.539752926394888,7.413552560728917,Age0_F9_m9f2_P9_Y20_UO399,RD9_F6_m9f6_P9_Y18_UO655,RD2_F9_m2f9_P2_Y18_UO686,MXY,0,0.0,0,0,0.0,0,0,0,0.0,0.546630859375,1,P8_CV0,1,1,1,1,1
9,8.539752926394888,7.413552560728917,R9_F9_m6f9_P6_Y18_UO687,RD6_F2_m6f9_P6_Y16_UO279,RD9_F2_m9f2_P9_Y16_UO536,MXY,2,0.0,1,0,0.0,0,0,0,-9999.0,0.5341796875,1,P8_CV0,1,1,1,2,0
