PatchID,XCOORD,YCOORD,ID,MID,FID,sex,age,size,mature,newmature,layeggs,capture,recapture,state,CDist,Hindex,Species,ClassFile,SubPatchID,L0A0,L0A1,L1A0,L1A1
1,4.359949021420038,0.38889347741837,Age0_F1_m1f5_P1_Y22_UO17,RD1_F5_m1f5_P1_Y20_UO322,RD5_F1_m5f1_P5_Y20_UO400,MXY,0,0.0,0,0,0.0,0,0,0,0.0,0.5233154296875,1,P0_CV0,1,0,2,0,2
1,4.359949021420038,0.38889347741837,Age0_F1_m1f5_P1_Y22_UO18,RD1_F5_m1f5_P1_Y20_UO322,RD5_F1_m5f1_P5_Y20_UO400,FXX,0,0.0,0,0,0.0,0,0,0,0.0,0.5233154296875,1,P0_CV0,1,0,2,0,2
1,4.359949021420038,0.38889347741837,Age0_F1_m1f5_P1_Y22_UO60,RD1_F5_m3f7_P3_Y20_UO463,RD5_F1_m5f1_P5_Y20_UO715,MXY,0,0.0,0,0,0.0,0,0,0,0.0,0.5234375,1,P0_CV0,1,1,1,1,1
1,4.359949021420038,0.38889347741837,Age0_F1_m1f5_P1_Y22_UO61,RD1_F5_m3f7_P3_Y20_UO463,RD5_F1_m5f1_P5_Y20_UO715,MXY,0,0.0,0,0,0.0,0,0,0,0.0,0.5234375,1,P0_CV0,1,1,1,1,1
1,4.359949021420038,0.38889347741837,Age0_F1_m1f5_P1_Y22_UO62,RD1_F5_m3f7_P3_Y20_UO463,RD5_F1_m5f1_P5_Y20_UO715,MXY,0,0.0,0,0,0.0,0,0,0,0.0,0.5234375,1,P0_CV0,1,0,2,2,0
1,4.359949021420038,0.38889347741837,Age0_F1_m1f5_P1_Y22_UO63,RD1_F5_m3f7_P3_Y20_UO463,RD5_F1_m5f1_P5_Y20_UO715,MXY,0,0.0,0,0,0.0,0,0,0,0.0,0.5234375,1,P0_CV0,1,1,1,1,1
1,4.359949021420038,0.38889347741837,Age0_F1_m1f5_P1_Y22_UO84,RD1_F5_m1f5_P1_Y20_UO611,RD5_F1_m5f3_P5_Y20_UO37,FXX,0,0.0,0,0,0.0,0,0,0,0.0,0.533203125,1,P0_CV0,1,2,0,0,2
1,4.359949021420038,0.38889347741837,Age0_F1_m1f5_P1_Y22_UO85,RD1_F5_m1f5_P1_Y20_UO611,RD5_F1_m5f3_P5_Y20_UO37,FXX,0,0.0,0,0,0.0,0,0,0,0.0,0.533203125,1,P0_CV0,1,1,1,0,2
1,4.359949021420038,0.38889347741837,Age0_F1_m1f5_P1_Y22_UO207,RD1_F5_m1f5_P1_Y20_UO324,RD5_F1_m5f1_P5_Y20_UO17,MXY,0,0.0,0,0,0.0,0,0,0,0.0,0.52685546875,1,P0_CV0,1,0,2,1,1
1,4.359949021420038,0.38889347741837,Age0_F1_m1f5_P1_Y22_UO208,RD1_F5_m1f5_P1_Y20_UO324,RD5_F1_m5f1_P5_Y20_UO17,FXX,0,0.0,0,0,0.0,0,0,0,0.0,0.52685546875,1,P0_CV0,1,1,1,1,1
1,4.359949021420038,0.38889347741837,Age0_F1_m1f5_P1_Y22_UO234,RD1_F5_m3f7_P3_Y20_UO463,RD5_F1_m5f1_P5_Y20_UO18,MXY,0,0.0,0,0,0.0,0,0,0,0.0,0.5299072265625,1,P0_CV0,1,1,1,1,1
1,4.359949021420038,0.38889347741837,Age0_F1_m1f5_P1_Y22_UO389,RD1_F5_m1f5_P1_Y20_UO245,RD5_F1_m5f1_P5_Y20_UO400,MXY,0,0.0,0,0,0.0,0,0,0,0.0,0.53271484375,1,P0_CV0,1,1,1,1,1
1,4.359949021420038,0.38889347741837,Age0_F1_m1f5_P1_Y22_UO390,RD1_F5_m1f5_P1_Y20_UO245,RD5_F1_m5f1_P5_Y20_UO400,MXY,0,0.0,0,0,0.0,0,0,0,0.0,0.53271484375,1,P0_CV0,1,0,2,1,1
1,4.359949021420038,0.38889347741837,Age0_F1_m1f5_P1_Y22_UO450,RD1_F5_m3f7_P3_Y20_UO463,RD5_F1_m5f3_P5_Y20_UO752,MXY,0,0.0,0,0,0.0,0,0,0,0.0,0.5234375,1,P0_CV0,1,1,1,1,1
1,4.359949021420038,0.38889347741837,Age0_F1_m1f5_P1_Y22_UO534,RD1_F5_m1f5_P1_Y20_UO755,RD5_F1_m5f1_P5_Y20_UO17,MXY,0,0.0,0,0,0.0,0,0,0,0.0,0.5267333984375,1,P0_CV0,1,1,1,1,1
1,4.359949021420038,0.38889347741837,Age0_F1_m1f5_P1_Y22_UO535,RD1_F5_m1f5_P1_Y20_UO755,RD5_F1_m5f1_P5_Y20_UO17,FXX,0,0.0,0,0,0.0,0,0,0,0.0,0.5267333984375,1,P0_CV0,1,0,2,2,0
1,4.359949021420038,0.38889347741837,Age0_F1_m1f5_P1_Y22_UO538,RD1_F5_m1f5_P1_Y20_UO755,RD5_F1_m5f1_P5_Y20_UO17,MXY,0,0.0,0,0,0.0,0,0,0,0.0,0.5267333984375,1,P0_CV0,1,1,1,1,1
1,4.359949021420038,0.38889347741837,Age0_F1_m1f5_P1_Y22_UO703,RD1_F5_m1f5_P1_Y20_UO324,RD5_F1_m5f1_P5_Y20_UO541,FXX,0,0.0,0,0,0.0,0,0,0,0.0,0.5335693359375,1,P0_CV0,1,2,0,1,1
1,4.359949021420038,0.38889347741837,Age0_F1_m1f5_P1_Y22_UO704,RD1_F5_m1f5_P1_Y20_UO324,RD5_F1_m5f1_P5_Y20_UO541,MXY,0,0.0,0,0,0.0,0,0,0,0.0,0.5335693359375,1,P0_CV0,1,2,0,1,1
1,4.359949021420038,0.38889347741837,Age0_F1_m1f5_P1_Y22_UO722,RD1_F5_m3f6_P3_Y20_UO367,RD5_F1_m5f3_P5_Y20_UO37,MXY,0,0.0,0,0,0.0,0,0,0,0.0,0.531494140625,1,P0_CV0,1,1,1,1,1
1,4.359949021420038,0.38889347741837,Age0_F1_m1f5_P1_Y22_UO723,RD1_F5_m3f6_P3_Y20_UO367,RD5_F1_m5f3_P5_Y20_UO37,FXX,0,0.0,0,0,0.0,0,0,0,0.0,0.531494140625,1,P0_CV0,1,2,0,0,2
1,4.359949021420038,0.38889347741837,Age0_F1_m1f5_P1_Y22_UO724,RD1_F5_m3f6_P3_Y20_UO367,RD5_F1_m5f3_P5_Y20_UO37,FXX,0,0.0,0,0,0.0,0,0,0,0.0,0.531494140625,1,P0_CV0,1,2,0,1,1
1,4.359949021420038,0.38889347741837,R1_F1_m1f5_P1_Y20_UO325,RD1_F5_m1f5_P1_Y18_UO80,RD5_F2_m6f9_P6_Y18_UO128,MXY,2,0.0,1,0,0.0,0,0,0,-9999.0,0.528564453125,1,P0_CV0,1,1,1,1,1
1,4.359949021420038,0.38889347741837,Age0_F1_m1f5_P1_Y22_UO142,RD1_F5_m1f5_P1_Y20_UO650,RD5_F1_m5f1_P5_Y20_UO25,FXX,0,0.0,0,0,0.0,0,0,0,0.0,0.53173828125,1,P1_CV0,1,1,1,0,2
1,4.359949021420038,0.38889347741837,Age0_F1_m1f5_P1_Y22_UO144,RD1_F5_m1f5_P1_Y20_UO650,RD5_F1_m5f1_P5_Y20_UO25,FXX,0,0.0,0,0,0.0,0,0,0,0.0,0.53173828125,1,P1_CV0,1,1,1,0,2
1,4.359949021420038,0.38889347741837,Age0_F1_m1f5_P1_Y22_UO260,RD1_F5_m1f5_P1_Y20_UO46,RD5_F3_m6f3_P6_Y20_UO219,MXY,0,0.0,0,0,0.0,0,0,0,0.0,0.5355224609375,1,P1_CV0,1,0,2,0,2
1,4.359949021420038,0.38889347741837,Age0_F1_m1f5_P1_Y22_UO261,RD1_F5_m1f5_P1_Y20_UO46,RD5_F3_m6f3_P6_Y20_UO219,MXY,0,0.0,0,0,0.0,0,0,0,0.0,0.5355224609375,1,P1_CV0,1,0,2,0,2
1,4.359949021420038,0.38889347741837,Age0_F1_m1f5_P1_Y22_UO262,RD1_F5_m1f5_P1_Y20_UO46,RD5_F3_m6f3_P6_Y20_UO219,FXX,0,0.0,0,0,0.0,0,0,0,0.0,0.5355224609375,1,P1_CV0,1,0,2,0,2
1,4.359949021420038,0.38889347741837,Age0_F1_m1f5_P1_Y22_UO387,RD1_F5_m1f5_P1_Y20_UO504,RD5_F3_m6f2_P6_Y20_UO526,MXY,0,0.0,0,0,0.0,0,0,0,0.0,0.5311279296875,1,P1_CV0,1,1,1,1,1
1,4.359949021420038,0.38889347741837,R1_F1_m1f5_P1_Y20_UO650,RD1_F5_m1f5_P1_Y18_UO122,RD5_F1_m1f5_P1_Y17_UO221,FXX,2,0.0,1,0,1.0,0,0,0,-9999.0,0.53271484375,1,P1_CV0,1,2,0,0,2
1,4.359949021420038,0.38889347741837,R1_F1_m2f6_P2_Y20_UO482,RD2_F9_m2f5_P2_Y18_UO366,RD6_F3_m7f3_P7_Y18_UO212,MXY,2,0.0,1,0,0.0,0,0,0,-9999.0,0.5234375,1,P1_CV0,1,1,1,0,2
1,4.359949021420038,0.38889347741837,R1_F1_m3f7_P3_Y18_UO361,RD3_F5_m3f2_P3_Y16_UO690,RD7_F4_m8f4_P8_Y16_UO32,MXY,4,0.0,1,0,0.0,0,0,0,-9999.0,0.54541015625,1,P1_CV0,1,0,2,0,2
1,4.359949021420038,0.38889347741837,Age0_F1_m1f5_P1_Y22_UO129,RD1_F5_m1f5_P1_Y20_UO755,RD5_F1_m5f2_P5_Y20_UO132,FXX,0,0.0,0,0,0.0,0,0,0,0.0,0.5263671875,1,P2_CV0,1,1,1,1,1
1,4.359949021420038,0.38889347741837,Age0_F1_m1f5_P1_Y22_UO448,RD1_F5_m3f7_P3_Y20_UO463,RD5_F1_m5f3_P5_Y20_UO752,MXY,0,0.0,0,0,0.0,0,0,0,0.0,0.5234375,1,P2_CV0,1,1,1,1,1
1,4.359949021420038,0.38889347741837,Age0_F1_m1f5_P1_Y22_UO449,RD1_F5_m3f7_P3_Y20_UO463,RD5_F1_m5f3_P5_Y20_UO752,MXY,0,0.0,0,0,0.0,0,0,0,0.0,0.5234375,1,P2_CV0,1,1,1,0,2
1,4.359949021420038,0.38889347741837,Age0_F1_m1f5_P1_Y22_UO502,RD1_F5_m1f5_P1_Y20_UO611,RD5_F1_m5f3_P5_Y20_UO751,MXY,0,0.0,0,0,0.0,0,0,0,0.0,0.5274658203125,1,P2_CV0,1,1,1,0,2
1,4.359949021420038,0.38889347741837,Age0_F1_m1f5_P1_Y22_UO536,RD1_F5_m1f5_P1_Y20_UO755,RD5_F1_m5f1_P5_Y20_UO17,MXY,0,0.0,0,0,0.0,0,0,0,0.0,0.5267333984375,1,P2_CV0,1,1,1,2,0
1,4.359949021420038,0.38889347741837,Age0_F1_m1f5_P1_Y22_UO537,RD1_F5_m1f5_P1_Y20_UO755,RD5_F1_m5f1_P5_Y20_UO17,MXY,0,0.0,0,0,0.0,0,0,0,0.0,0.5267333984375,1,P2_CV0,1,1,1,1,1
1,4.359949021420038,0.38889347741837,Age0_F1_m1f5_P1_Y22_UO702,RD1_F5_m1f5_P1_Y20_UO324,RD5_F1_m5f1_P5_Y20_UO541,MXY,0,0.0,0,0,0.0,0,0,0,0.0,0.5335693359375,1,P2_CV0,1,2,0,0,2
1,4.359949021420038,0.38889347741837,R1_F1_m1f5_P1_Y20_UO81,RD1_F5_m3f6_P3_Y18_UO12,RD5_F3_m2f6_P2_Y18_UO567,FXX,2,0.0,1,0,1.0,0,0,0,-9999.0,0.538818359375,1,P2_CV0,1,1,1,0,2
1,4.359949021420038,0.38889347741837,R1_F1_m1f5_P1_Y20_UO47,RD1_F5_m1f5_P1_Y18_UO538,RD5_F1_m5f2_P5_Y18_UO131,MXY,2,0.0,1,0,0.0,0,0,0,-9999.0,0.54443359375,1,P2_CV0,1,0,2,0,2
1,4.359949021420038,0.38889347741837,R1_F1_m1f5_P1_Y20_UO162,RD1_F5_m1f5_P1_Y18_UO447,RD5_F1_m5f1_P5_Y18_UO502,FXX,2,0.0,1,0,1.0,0,0,0,-9999.0,0.525634765625,1,P2_CV0,1,0,2,2,0
1,4.359949021420038,0.38889347741837,Age0_F1_m1f5_P1_Y22_UO614,RD1_F5_m3f6_P3_Y20_UO367,RD5_F1_m5f1_P5_Y20_UO542,MXY,0,0.0,0,0,0.0,0,0,0,0.0,0.5389404296875,1,P3_CV0,1,1,1,0,2
1,4.359949021420038,0.38889347741837,Age0_F1_m1f5_P1_Y22_UO615,RD1_F5_m3f6_P3_Y20_UO367,RD5_F1_m5f1_P5_Y20_UO542,MXY,0,0.0,0,0,0.0,0,0,0,0.0,0.5389404296875,1,P3_CV0,1,1,1,2,0
1,4.359949021420038,0.38889347741837,Age0_F1_m1f5_P1_Y22_UO616,RD1_F5_m3f6_P3_Y20_UO367,RD5_F1_m5f1_P5_Y20_UO542,MXY,0,0.0,0,0,0.0,0,0,0,0.0,0.5389404296875,1,P3_CV0,1,2,0,2,0
1,4.359949021420038,0.38889347741837,Age0_F1_m1f5_P1_Y22_UO725,RD1_F5_m3f6_P3_Y20_UO367,RD5_F1_m5f3_P5_Y20_UO37,FXX,0,0.0,0,0,0.0,0,0,0,0.0,0.531494140625,1,P3_CV0,1,1,1,1,1
1,4.359949021420038,0.38889347741837,R1_F1_m5f2_P5_Y21_UO110,RD5_F3_m7f3_P7_Y19_UO34,RD2_F6_m9f2_P9_Y19_UO250,MXY,1,0.0,1,1,0.0,0,0,0,-9999.0,0.542724609375,1,P3_CV0,1,2,0,2,0
1,4.359949021420038,0.38889347741837,R1_F1_m5f2_P5_Y21_UO114,RD5_F3_m7f3_P7_Y19_UO34,RD2_F6_m9f2_P9_Y19_UO250,FXX,1,0.0,1,1,1.0,0,0,0,-9999.0,0.542724609375,1,P3_CV0,1,1,1,1,1
1,4.359949021420038,0.38889347741837,Age0_F1_m1f5_P1_Y22_UO143,RD1_F5_m1f5_P1_Y20_UO650,RD5_F1_m5f1_P5_Y20_UO25,FXX,0,0.0,0,0,0.0,0,0,0,0.0,0.53173828125,1,P4_CV0,1,1,1,0,2
1,4.359949021420038,0.38889347741837,Age0_F1_m1f5_P1_Y22_UO145,RD1_F5_m1f5_P1_Y20_UO650,RD5_F1_m5f1_P5_Y20_UO25,MXY,0,0.0,0,0,0.0,0,0,0,0.0,0.53173828125,1,P4_CV0,1,1,1,0,2
1,4.359949021420038,0.38889347741837,Age0_F1_m1f5_P1_Y22_UO176,RD1_F5_m1f5_P1_Y20_UO45,RD5_F2_m9f2_P9_Y20_UO184,FXX,0,0.0,0,0,0.0,0,0,0,0.0,0.533935546875,1,P4_CV0,1,0,2,0,2
1,4.359949021420038,0.38889347741837,Age0_F1_m1f5_P1_Y22_UO178,RD1_F5_m1f5_P1_Y20_UO45,RD5_F2_m9f2_P9_Y20_UO184,FXX,0,0.0,0,0,0.0,0,0,0,0.0,0.533935546875,1,P4_CV0,1,0,2,1,1
1,4.359949021420038,0.38889347741837,Age0_F1_m1f5_P1_Y22_UO323,RD1_F5_m2f5_P2_Y20_UO108,RD5_F1_m5f1_P5_Y20_UO25,FXX,0,0.0,0,0,0.0,0,0,0,0.0,0.5394287109375,1,P4_CV0,1,1,1,0,2
1,4.359949021420038,0.38889347741837,Age0_F1_m1f5_P1_Y22_UO324,RD1_F5_m2f5_P2_Y20_UO108,RD5_F1_m5f1_P5_Y20_UO25,MXY,0,0.0,0,0,0.0,0,0,0,0.0,0.5394287109375,1,P4_CV0,1,1,1,1,1
1,4.359949021420038,0.38889347741837,Age0_F1_m1f5_P1_Y22_UO325,RD1_F5_m2f5_P2_Y20_UO108,RD5_F1_m5f1_P5_Y20_UO25,FXX,0,0.0,0,0,0.0,0,0,0,0.0,0.5394287109375,1,P4_CV0,1,1,1,1,1
1,4.359949021420038,0.38889347741837,Age0_F1_m1f5_P1_Y22_UO331,RD1_F5_m1f5_P1_Y20_UO324,RD5_F3_m7f3_P7_Y20_UO636,FXX,0,0.0,0,0,0.0,0,0,0,0.0,0.5201416015625,1,P4_CV0,1,0,2,0,2
1,4.359949021420038,0.38889347741837,Age0_F1_m1f5_P1_Y22_UO332,RD1_F5_m1f5_P1_Y20_UO324,RD5_F3_m7f3_P7_Y20_UO636,MXY,0,0.0,0,0,0.0,0,0,0,0.0,0.5201416015625,1,P4_CV0,1,2,0,0,2
1,4.359949021420038,0.38889347741837,Age0_F1_m1f5_P1_Y22_UO333,RD1_F5_m1f5_P1_Y20_UO324,RD5_F3_m7f3_P7_Y20_UO636,MXY,0,0.0,0,0,0.0,0,0,0,0.0,0.5201416015625,1,P4_CV0,1,0,2,0,2
1,4.359949021420038,0.38889347741837,Age0_F1_m1f5_P1_Y22_UO334,RD1_F5_m1f5_P1_Y20_UO324,RD5_F3_m7f3_P7_Y20_UO636,MXY,0,0.0,0,0,0.0,0,0,0,0.0,0.5201416015625,1,P4_CV0,1,1,1,0,2
1,4.359949021420038,0.38889347741837,Age0_F1_m1f5_P1_Y22_UO386,RD1_F5_m1f5_P1_Y20_UO504,RD5_F3_m6f2_P6_Y20_UO526,FXX,0,0.0,0,0,0.0,0,0,0,0.0,0.5311279296875,1,P4_CV0,1,0,2,1,1
1,4.359949021420038,0.38889347741837,Age0_F1_m1f5_P1_Y22_UO388,RD1_F5_m1f5_P1_Y20_UO504,RD5_F3_m6f2_P6_Y20_UO526,FXX,0,0.0,0,0,0.0,0,0,0,0.0,0.5311279296875,1,P4_CV0,1,2,0,1,1
1,4.359949021420038,0.38889347741837,Age0_F1_m1f5_P1_Y22_UO413,RD1_F5_m1f5_P1_Y20_UO322,RD5_F1_m5f2_P5_Y18_UO46,FXX,0,0.0,0,0,0.0,0,0,0,0.0,0.5374755859375,1,P4_CV0,1,0,2,1,1
1,4.359949021420038,0.38889347741837,Age0_F1_m1f5_P1_Y22_UO415,RD1_F5_m1f5_P1_Y20_UO322,RD5_F1_m5f2_P5_Y18_UO46,FXX,0,0.0,0,0,0.0,0,0,0,0.0,0.5374755859375,1,P4_CV0,1,1,1,1,1
1,4.359949021420038,0.38889347741837,Age0_F1_m1f5_P1_Y22_UO416,RD1_F5_m1f5_P1_Y20_UO322,RD5_F1_m5f2_P5_Y18_UO46,FXX,0,0.0,0,0,0.0,0,0,0,0.0,0.5374755859375,1,P4_CV0,1,0,2,1,1
1,4.359949021420038,0.38889347741837,Age0_F1_m1f5_P1_Y22_UO473,RD1_F5_m1f5_P1_Y20_UO646,RD5_F1_m5f1_P5_Y20_UO26,MXY,0,0.0,0,0,0.0,0,0,0,0.0,0.537353515625,1,P4_CV0,1,1,1,0,2
1,4.359949021420038,0.38889347741837,Age0_F1_m1f5_P1_Y22_UO491,RD1_F5_m1f5_P1_Y20_UO46,RD5_F1_m5f2_P5_Y20_UO75,FXX,0,0.0,0,0,0.0,0,0,0,0.0,0.537353515625,1,P4_CV0,1,1,1,1,1
1,4.359949021420038,0.38889347741837,Age0_F1_m1f5_P1_Y22_UO492,RD1_F5_m1f5_P1_Y20_UO46,RD5_F1_m5f2_P5_Y20_UO75,MXY,0,0.0,0,0,0.0,0,0,0,0.0,0.537353515625,1,P4_CV0,1,1,1,1,1
1,4.359949021420038,0.38889347741837,Age0_F1_m1f5_P1_Y22_UO493,RD1_F5_m1f5_P1_Y20_UO46,RD5_F1_m5f2_P5_Y20_UO75,MXY,0,0.0,0,0,0.0,0,0,0,0.0,0.537353515625,1,P4_CV0,1,0,2,1,1
1,4.359949021420038,0.38889347741837,Age0_F1_m1f5_P1_Y22_UO558,RD1_F5_m1f5_P1_Y20_UO46,RD5_F3_m3f7_P3_Y19_UO162,MXY,0,0.0,0,0,0.0,0,0,0,0.0,0.537353515625,1,P4_CV0,1,1,1,1,1
1,4.359949021420038,0.38889347741837,Age0_F1_m1f5_P1_Y22_UO643,RD1_F5_m1f5_P1_Y20_UO46,RD5_F2_m6f2_P6_Y20_UO167,MXY,0,0.0,0,0,0.0,0,0,0,0.0,0.5400390625,1,P4_CV0,1,0,2,0,2
1,4.359949021420038,0.38889347741837,Age0_F1_m1f5_P1_Y22_UO697,RD1_F5_m1f5_P1_Y20_UO192,RD5_F1_m5f3_P5_Y20_UO626,MXY,0,0.0,0,0,0.0,0,0,0,0.0,0.5272216796875,1,P4_CV0,1,1,1,1,1
1,4.359949021420038,0.38889347741837,Age0_F1_m1f5_P1_Y22_UO698,RD1_F5_m1f5_P1_Y20_UO192,RD5_F1_m5f3_P5_Y20_UO626,FXX,0,0.0,0,0,0.0,0,0,0,0.0,0.5272216796875,1,P4_CV0,1,1,1,0,2
1,4.359949021420038,0.38889347741837,R1_F1_m5f3_P5_Y21_UO206,RD5_F3_m7f3_P7_Y19_UO34,RD3_F7_m4f7_P4_Y19_UO271,FXX,1,0.0,1,1,1.0,0,0,0,-9999.0,0.552001953125,1,P4_CV0,1,2,0,2,0
1,4.359949021420038,0.38889347741837,R1_F1_m1f5_P1_Y20_UO46,RD1_F5_m1f5_P1_Y18_UO538,RD5_F1_m5f2_P5_Y18_UO131,FXX,2,0.0,1,0,1.0,0,0,0,-9999.0,0.54443359375,1,P4_CV0,1,0,2,0,2
1,4.359949021420038,0.38889347741837,Age0_F1_m1f5_P1_Y22_UO15,RD1_F5_m1f5_P1_Y20_UO322,RD5_F1_m5f1_P5_Y20_UO400,MXY,0,0.0,0,0,0.0,0,0,0,0.0,0.5233154296875,1,P5_CV0,1,0,2,0,2
1,4.359949021420038,0.38889347741837,Age0_F1_m1f5_P1_Y22_UO16,RD1_F5_m1f5_P1_Y20_UO322,RD5_F1_m5f1_P5_Y20_UO400,MXY,0,0.0,0,0,0.0,0,0,0,0.0,0.5233154296875,1,P5_CV0,1,0,2,1,1
1,4.359949021420038,0.38889347741837,Age0_F1_m1f5_P1_Y22_UO83,RD1_F5_m1f5_P1_Y20_UO611,RD5_F1_m5f3_P5_Y20_UO37,MXY,0,0.0,0,0,0.0,0,0,0,0.0,0.533203125,1,P5_CV0,1,2,0,0,2
1,4.359949021420038,0.38889347741837,Age0_F1_m1f5_P1_Y22_UO128,RD1_F5_m1f5_P1_Y20_UO755,RD5_F1_m5f2_P5_Y20_UO132,MXY,0,0.0,0,0,0.0,0,0,0,0.0,0.5263671875,1,P5_CV0,1,1,1,1,1
1,4.359949021420038,0.38889347741837,Age0_F1_m1f5_P1_Y22_UO130,RD1_F5_m1f5_P1_Y20_UO755,RD5_F1_m5f2_P5_Y20_UO132,FXX,0,0.0,0,0,0.0,0,0,0,0.0,0.5263671875,1,P5_CV0,1,1,1,1,1
1,4.359949021420038,0.38889347741837,Age0_F1_m1f5_P1_Y22_UO131,RD1_F5_m1f5_P1_Y20_UO755,RD5_F1_m5f2_P5_Y20_UO132,FXX,0,0.0,0,0,0.0,0,0,0,0.0,0.5263671875,1,P5_CV0,1,1,1,1,1
1,4.359949021420038,0.38889347741837,Age0_F1_m1f5_P1_Y22_UO132,RD1_F5_m1f5_P1_Y20_UO755,RD5_F1_m5f2_P5_Y20_UO132,MXY,0,0.0,0,0,0.0,0,0,0,0.0,0.5263671875,1,P5_CV0,1,1,1,1,1
1,4.359949021420038,0.38889347741837,Age0_F1_m1f5_P1_Y22_UO235,RD1_F5_m3f7_P3_Y20_UO463,RD5_F1_m5f1_P5_Y20_UO18,FXX,0,0.0,0,0,0.0,0,0,0,0.0,0.5299072265625,1,P5_CV0,1,0,2,0,2
1,4.359949021420038,0.38889347741837,Age0_F1_m1f5_P1_Y22_UO236,RD1_F5_m3f7_P3_Y20_UO463,RD5_F1_m5f1_P5_Y20_UO18,FXX,0,0.0,0,0,0.0,0,0,0,0.0,0.5299072265625,1,P5_CV0,1,0,2,1,1
1,4.359949021420038,0.38889347741837,Age0_F1_m1f5_P1_Y22_UO253,RD1_F5_m1f5_P1_Y20_UO322,RD5_F1_m5f1_P5_Y20_UO26,FXX,0,0.0,0,0,0.0,0,0,0,0.0,0.5260009765625,1,P5_CV0,1,1,1,0,2
1,4.359949021420038,0.38889347741837,Age0_F1_m1f5_P1_Y22_UO254,RD1_F5_m1f5_P1_Y20_UO322,RD5_F1_m5f1_P5_Y20_UO26,FXX,0,0.0,0,0,0.0,0,0,0,0.0,0.5260009765625,1,P5_CV0,1,0,2,0,2
1,4.359949021420038,0.38889347741837,Age0_F1_m1f5_P1_Y22_UO255,RD1_F5_m1f5_P1_Y20_UO322,RD5_F1_m5f1_P5_Y20_UO26,MXY,0,0.0,0,0,0.0,0,0,0,0.0,0.5260009765625,1,P5_CV0,1,1,1,0,2
1,4.359949021420038,0.38889347741837,Age0_F1_m1f5_P1_Y22_UO414,RD1_F5_m1f5_P1_Y20_UO322,RD5_F1_m5f2_P5_Y18_UO46,MXY,0,0.0,0,0,0.0,0,0,0,0.0,0.5374755859375,1,P5_CV0,1,1,1,1,1
1,4.359949021420038,0.38889347741837,Age0_F1_m1f5_P1_Y22_UO472,RD1_F5_m1f5_P1_Y20_UO646,RD5_F1_m5f1_P5_Y20_UO26,FXX,0,0.0,0,0,0.0,0,0,0,0.0,0.537353515625,1,P5_CV0,1,0,2,0,2
1,4.359949021420038,0.38889347741837,Age0_F1_m1f5_P1_Y22_UO474,RD1_F5_m1f5_P1_Y20_UO646,RD5_F1_m5f1_P5_Y20_UO26,MXY,0,0.0,0,0,0.0,0,0,0,0.0,0.537353515625,1,P5_CV0,1,1,1,0,2
1,4.359949021420038,0.38889347741837,Age0_F1_m1f5_P1_Y22_UO499,RD1_F5_m1f5_P1_Y20_UO611,RD5_F1_m5f3_P5_Y20_UO751,MXY,0,0.0,0,0,0.0,0,0,0,0.0,0.5274658203125,1,P5_CV0,1,1,1,0,2
1,4.359949021420038,0.38889347741837,Age0_F1_m1f5_P1_Y22_UO500,RD1_F5_m1f5_P1_Y20_UO611,RD5_F1_m5f3_P5_Y20_UO751,MXY,0,0.0,0,0,0.0,0,0,0,0.0,0.5274658203125,1,P5_CV0,1,1,1,1,1
1,4.359949021420038,0.38889347741837,Age0_F1_m1f5_P1_Y22_UO501,RD1_F5_m1f5_P1_Y20_UO611,RD5_F1_m5f3_P5_Y20_UO751,FXX,0,0.0,0,0,0.0,0,0,0,0.0,0.5274658203125,1,P5_CV0,1,2,0,1,1
1,4.359949021420038,0.38889347741837,Age0_F1_m1f5_P1_Y22_UO555,RD1_F5_m1f5_P1_Y20_UO46,RD5_F3_m3f7_P3_Y19_UO162,MXY,0,0.0,0,0,0.0,0,0,0,0.0,0.537353515625,1,P5_CV0,1,1,1,1,1
1,4.359949021420038,0.38889347741837,Age0_F1_m1f5_P1_Y22_UO556,RD1_F5_m1f5_P1_Y20_UO46,RD5_F3_m3f7_P3_Y19_UO162,FXX,0,0.0,0,0,0.0,0,0,0,0.0,0.537353515625,1,P5_CV0,1,0,2,1,1
1,4.359949021420038,0.38889347741837,Age0_F1_m1f5_P1_Y22_UO557,RD1_F5_m1f5_P1_Y20_UO46,RD5_F3_m3f7_P3_Y19_UO162,FXX,0,0.0,0,0,0.0,0,0,0,0.0,0.537353515625,1,P5_CV0,1,1,1,1,1
1,4.359949021420038,0.38889347741837,Age0_F1_m1f5_P1_Y22_UO644,RD1_F5_m1f5_P1_Y20_UO46,RD5_F2_m6f2_P6_Y20_UO167,FXX,0,0.0,0,0,0.0,0,0,0,0.0,0.5400390625,1,P5_CV0,1,0,2,0,2
1,4.359949021420038,0.38889347741837,Age0_F1_m1f5_P1_Y22_UO645,RD1_F5_m1f5_P1_Y20_UO46,RD5_F2_m6f2_P6_Y20_UO167,FXX,0,0.0,0,0,0.0,0,0,0,0.0,0.5400390625,1,P5_CV0,1,0,2,0,2
1,4.359949021420038,0.38889347741837,R1_F1_m2f9_P2_Y20_UO231,RD2_F9_m2f5_P2_Y18_UO189,RD9_F6_m9f2_P9_Y18_UO100,MXY,2,0.0,1,0,0.0,0,0,0,-9999.0,0.5322265625,1,P5_CV0,1,2,0,1,1
1,4.359949021420038,0.38889347741837,R1_F1_m1f5_P1_Y20_UO738,RD1_F5_m1f5_P1_Y18_UO287,RD5_F1_m5f2_P5_Y18_UO91,FXX,2,0.0,1,0,1.0,0,0,0,-9999.0,0.51416015625,1,P5_CV0,1,0,2,0,2
1,4.359949021420038,0.38889347741837,Age0_F1_m1f5_P1_Y22_UO177,RD1_F5_m1f5_P1_Y20_UO45,RD5_F2_m9f2_P9_Y20_UO184,MXY,0,0.0,0,0,0.0,0,0,0,0.0,0.533935546875,1,P8_CV0,1,1,1,1,1
2,5.496624778787091,6.529835889274153,Age0_F2_m2f9_P2_Y22_UO135,RD2_F5_m1f5_P1_Y20_UO84,RD9_F2_m5f3_P5_Y20_UO38,FXX,0,0.0,0,0,0.0,0,0,0,0.0,0.534912109375,1,P0_CV0,1,0,2,0,2
2,5.496624778787091,6.529835889274153,Age0_F2_m2f5_P2_Y22_UO148,RD2_F6_m2f3_P2_Y20_UO7,RD5_F1_m5f3_P5_Y20_UO37,MXY,0,0.0,0,0,0.0,0,0,0,0.0,0.5264892578125,1,P0_CV0,1,1,1,1,1
2,5.496624778787091,6.529835889274153,Age0_F2_m2f3_P2_Y22_UO171,RD2_F3_m5f1_P5_Y20_UO734,RD3_F7_m3f6_P3_Y20_UO368,FXX,0,0.0,0,0,0.0,0,0,0,0.0,0.524658203125,1,P0_CV0,1,1,1,0,2
2,5.496624778787091,6.529835889274153,Age0_F2_m2f3_P2_Y22_UO424,RD2_F6_m3f6_P3_Y20_UO138,RD3_F7_m3f7_P3_Y20_UO267,FXX,0,0.0,0,0,0.0,0,0,0,0.0,0.534423828125,1,P0_CV0,1,1,1,0,2
2,5.496624778787091,6.529835889274153,Age0_F2_m2f3_P2_Y22_UO426,RD2_F6_m3f6_P3_Y20_UO138,RD3_F7_m3f7_P3_Y20_UO267,FXX,0,0.0,0,0,0.0,0,0,0,0.0,0.534423828125,1,P0_CV0,1,1,1,1,1
2,5.496624778787091,6.529835889274153,Age0_F2_m2f5_P2_Y22_UO733,RD2_F6_m9f6_P9_Y20_UO543,RD5_F1_m5f1_P5_Y20_UO17,MXY,0,0.0,0,0,0.0,0,0,0,0.0,0.5390625,1,P0_CV0,1,1,1,1,1
2,5.496624778787091,6.529835889274153,Age0_F2_m2f5_P2_Y22_UO735,RD2_F6_m9f6_P9_Y20_UO543,RD5_F1_m5f1_P5_Y20_UO17,MXY,0,0.0,0,0,0.0,0,0,0,0.0,0.5390625,1,P0_CV0,1,1,1,0,2
2,5.496624778787091,6.529835889274153,R2_F2_m3f6_P3_Y21_UO137,RD3_F7_m3f6_P3_Y19_UO146,RD6_F3_m6f3_P6_Y19_UO51,FXX,1,0.0,1,1,1.0,0,0,0,-9999.0,0.535400390625,1,P0_CV0,1,2,0,1,1
2,5.496624778787091,6.529835889274153,R2_F2_m9f6_P9_Y21_UO6,RD9_F6_m3f7_P3_Y19_UO181,RD6_F3_m6f3_P6_Y19_UO51,MXY,1,0.0,1,1,0.0,0,0,0,-9999.0,0.542236328125,1,P0_CV0,1,2,0,2,0
2,5.496624778787091,6.529835889274153,R2_F2_m2f9_P2_Y20_UO348,RD2_F9_m6f2_P6_Y18_UO609,RD9_F2_m6f9_P6_Y18_UO640,MXY,2,0.0,1,0,0.0,0,0,0,-9999.0,0.5166015625,1,P0_CV0,1,2,0,1,1
2,5.496624778787091,6.529835889274153,Age0_F2_m2f6_P2_Y22_UO73,RD2_F3_m6f3_P6_Y20_UO217,RD6_F9_m2f9_P2_Y20_UO222,MXY,0,0.0,0,0,0.0,0,0,0,0.0,0.5283203125,1,P1_CV0,1,1,1,1,1
2,5.496624778787091,6.529835889274153,Age0_F2_m2f6_P2_Y22_UO75,RD2_F3_m6f3_P6_Y20_UO217,RD6_F9_m2f9_P2_Y20_UO222,MXY,0,0.0,0,0,0.0,0,0,0,0.0,0.5283203125,1,P1_CV0,1,1,1,1,1
2,5.496624778787091,6.529835889274153,Age0_F2_m2f6_P2_Y22_UO76,RD2_F3_m6f3_P6_Y20_UO217,RD6_F9_m2f9_P2_Y20_UO222,FXX,0,0.0,0,0,0.0,0,0,0,0.0,0.5283203125,1,P1_CV0,1,1,1,1,1
2,5.496624778787091,6.529835889274153,Age0_F2_m2f9_P2_Y22_UO136,RD2_F5_m3f2_P3_Y20_UO433,RD9_F2_m3f2_P3_Y20_UO533,MXY,0,0.0,0,0,0.0,0,0,0,0.0,0.5313720703125,1,P1_CV0,1,2,0,1,1
2,5.496624778787091,6.529835889274153,Age0_F2_m2f9_P2_Y22_UO137,RD2_F5_m3f2_P3_Y20_UO433,RD9_F2_m3f2_P3_Y20_UO533,FXX,0,0.0,0,0,0.0,0,0,0,0.0,0.5313720703125,1,P1_CV0,1,1,1,1,1
2,5.496624778787091,6.529835889274153,Age0_F2_m2f9_P2_Y22_UO138,RD2_F5_m3f2_P3_Y20_UO433,RD9_F2_m3f2_P3_Y20_UO533,FXX,0,0.0,0,0,0.0,0,0,0,0.0,0.5313720703125,1,P1_CV0,1,1,1,1,1
2,5.496624778787091,6.529835889274153,Age0_F2_m2f3_P2_Y22_UO184,RD2_F9_m6f3_P6_Y20_UO731,RD3_F7_m3f5_P3_Y20_UO513,MXY,0,0.0,0,0,0.0,0,0,0,0.0,0.5406494140625,1,P1_CV0,1,2,0,2,0
2,5.496624778787091,6.529835889274153,Age0_F2_m2f3_P2_Y22_UO185,RD2_F9_m6f3_P6_Y20_UO731,RD3_F7_m3f5_P3_Y20_UO513,FXX,0,0.0,0,0,0.0,0,0,0,0.0,0.5406494140625,1,P1_CV0,1,2,0,1,1
2,5.496624778787091,6.529835889274153,Age0_F2_m2f3_P2_Y22_UO186,RD2_F9_m6f3_P6_Y20_UO731,RD3_F7_m3f5_P3_Y20_UO513,FXX,0,0.0,0,0,0.0,0,0,0,0.0,0.5406494140625,1,P1_CV0,1,1,1,2,0
2,5.496624778787091,6.529835889274153,Age0_F2_m2f5_P2_Y22_UO309,RD2_F9_m2f5_P2_Y20_UO425,RD5_F1_m5f2_P5_Y20_UO423,MXY,0,0.0,0,0,0.0,0,0,0,0.0,0.5416259765625,1,P1_CV0,1,2,0,0,2
2,5.496624778787091,6.529835889274153,Age0_F2_m2f5_P2_Y22_UO310,RD2_F9_m2f5_P2_Y20_UO425,RD5_F1_m5f2_P5_Y20_UO423,FXX,0,0.0,0,0,0.0,0,0,0,0.0,0.5416259765625,1,P1_CV0,1,1,1,0,2
2,5.496624778787091,6.529835889274153,Age0_F2_m2f3_P2_Y22_UO400,RD2_F3_m6f3_P6_Y20_UO217,RD3_F7_m3f7_P3_Y20_UO267,FXX,0,0.0,0,0,0.0,0,0,0,0.0,0.5228271484375,1,P1_CV0,1,1,1,1,1
2,5.496624778787091,6.529835889274153,Age0_F2_m2f3_P2_Y22_UO401,RD2_F3_m6f3_P6_Y20_UO217,RD3_F7_m3f7_P3_Y20_UO267,MXY,0,0.0,0,0,0.0,0,0,0,0.0,0.5228271484375,1,P1_CV0,1,1,1,2,0
2,5.496624778787091,6.529835889274153,Age0_F2_m2f6_P2_Y22_UO551,RD2_F6_m2f3_P2_Y20_UO203,RD6_F2_m3f6_P3_Y20_UO76,MXY,0,0.0,0,0,0.0,0,0,0,0.0,0.5357666015625,1,P1_CV0,1,1,1,1,1
2,5.496624778787091,6.529835889274153,R2_F2_m6f3_P6_Y20_UO217,RD6_F3_m5f2_P5_Y18_UO93,RD3_F6_m3f7_P3_Y18_UO361,FXX,2,0.0,1,0,1.0,0,0,0,-9999.0,0.526611328125,1,P1_CV0,1,0,2,1,1
2,5.496624778787091,6.529835889274153,Age0_F2_m2f9_P2_Y22_UO2,RD2_F5_m1f5_P1_Y20_UO737,RD9_F6_m9f2_P9_Y20_UO258,MXY,0,0.0,0,0,0.0,0,0,0,0.0,0.5179443359375,1,P2_CV0,1,0,2,0,2
2,5.496624778787091,6.529835889274153,Age0_F2_m2f9_P2_Y22_UO4,RD2_F5_m1f5_P1_Y20_UO737,RD9_F6_m9f2_P9_Y20_UO258,MXY,0,0.0,0,0,0.0,0,0,0,0.0,0.5179443359375,1,P2_CV0,1,1,1,0,2
2,5.496624778787091,6.529835889274153,Age0_F2_m2f6_P2_Y22_UO74,RD2_F3_m6f3_P6_Y20_UO217,RD6_F9_m2f9_P2_Y20_UO222,FXX,0,0.0,0,0,0.0,0,0,0,0.0,0.5283203125,1,P2_CV0,1,1,1,1,1
2,5.496624778787091,6.529835889274153,Age0_F2_m2f6_P2_Y22_UO193,RD2_F6_m9f6_P9_Y20_UO519,RD6_F3_m4f7_P4_Y19_UO271,MXY,0,0.0,0,0,0.0,0,0,0,0.0,0.5528564453125,1,P2_CV0,1,1,1,1,1
2,5.496624778787091,6.529835889274153,Age0_F2_m2f5_P2_Y22_UO311,RD2_F9_m2f5_P2_Y20_UO425,RD5_F1_m5f2_P5_Y20_UO423,MXY,0,0.0,0,0,0.0,0,0,0,0.0,0.5416259765625,1,P2_CV0,1,2,0,0,2
2,5.496624778787091,6.529835889274153,Age0_F2_m2f9_P2_Y22_UO346,RD2_F3_m7f4_P7_Y20_UO118,RD9_F6_m9f2_P9_Y20_UO698,FXX,0,0.0,0,0,0.0,0,0,0,0.0,0.517578125,1,P2_CV0,1,0,2,1,1
2,5.496624778787091,6.529835889274153,Age0_F2_m2f5_P2_Y22_UO348,RD2_F9_m2f9_P2_Y20_UO221,RD5_F2_m9f2_P9_Y20_UO184,FXX,0,0.0,0,0,0.0,0,0,0,0.0,0.5267333984375,1,P2_CV0,1,0,2,0,2
2,5.496624778787091,6.529835889274153,Age0_F2_m2f5_P2_Y22_UO352,RD2_F9_m2f9_P2_Y20_UO221,RD5_F2_m9f2_P9_Y20_UO184,MXY,0,0.0,0,0,0.0,0,0,0,0.0,0.5267333984375,1,P2_CV0,1,0,2,1,1
2,5.496624778787091,6.529835889274153,Age0_F2_m2f6_P2_Y22_UO391,RD2_F3_m7f4_P7_Y20_UO118,RD6_F9_m9f2_P9_Y19_UO238,MXY,0,0.0,0,0,0.0,0,0,0,0.0,0.5318603515625,1,P2_CV0,1,2,0,1,1
2,5.496624778787091,6.529835889274153,Age0_F2_m2f3_P2_Y22_UO399,RD2_F3_m6f3_P6_Y20_UO217,RD3_F7_m3f7_P3_Y20_UO267,MXY,0,0.0,0,0,0.0,0,0,0,0.0,0.5228271484375,1,P2_CV0,1,1,1,0,2
2,5.496624778787091,6.529835889274153,Age0_F2_m2f9_P2_Y22_UO408,RD2_F9_m2f5_P2_Y20_UO425,RD9_F2_m9f2_P9_Y20_UO113,MXY,0,0.0,0,0,0.0,0,0,0,0.0,0.5321044921875,1,P2_CV0,1,1,1,0,2
2,5.496624778787091,6.529835889274153,Age0_F2_m2f9_P2_Y22_UO409,RD2_F9_m2f5_P2_Y20_UO425,RD9_F2_m9f2_P9_Y20_UO113,FXX,0,0.0,0,0,0.0,0,0,0,0.0,0.5321044921875,1,P2_CV0,1,1,1,1,1
2,5.496624778787091,6.529835889274153,Age0_F2_m2f9_P2_Y22_UO410,RD2_F9_m2f5_P2_Y20_UO425,RD9_F2_m9f2_P9_Y20_UO113,MXY,0,0.0,0,0,0.0,0,0,0,0.0,0.5321044921875,1,P2_CV0,1,1,1,2,0
2,5.496624778787091,6.529835889274153,Age0_F2_m2f9_P2_Y22_UO411,RD2_F9_m2f5_P2_Y20_UO425,RD9_F2_m9f2_P9_Y20_UO113,FXX,0,0.0,0,0,0.0,0,0,0,0.0,0.5321044921875,1,P2_CV0,1,1,1,1,1
2,5.496624778787091,6.529835889274153,Age0_F2_m2f9_P2_Y22_UO412,RD2_F9_m2f5_P2_Y20_UO425,RD9_F2_m9f2_P9_Y20_UO113,MXY,0,0.0,0,0,0.0,0,0,0,0.0,0.5321044921875,1,P2_CV0,1,1,1,2,0
2,5.496624778787091,6.529835889274153,Age0_F2_m2f3_P2_Y22_UO425,RD2_F6_m3f6_P3_Y20_UO138,RD3_F7_m3f7_P3_Y20_UO267,FXX,0,0.0,0,0,0.0,0,0,0,0.0,0.534423828125,1,P2_CV0,1,2,0,1,1
2,5.496624778787091,6.529835889274153,Age0_F2_m2f6_P2_Y22_UO672,RD2_F6_m2f6_P2_Y20_UO466,RD6_F9_m2f3_P2_Y20_UO730,FXX,0,0.0,0,0,0.0,0,0,0,0.0,0.523681640625,1,P2_CV0,1,0,2,1,1
2,5.496624778787091,6.529835889274153,Age0_F2_m2f6_P2_Y22_UO673,RD2_F6_m2f6_P2_Y20_UO466,RD6_F9_m2f3_P2_Y20_UO730,MXY,0,0.0,0,0,0.0,0,0,0,0.0,0.523681640625,1,P2_CV0,1,1,1,0,2
2,5.496624778787091,6.529835889274153,R2_F2_m6f2_P6_Y20_UO297,RD6_F9_m2f5_P2_Y18_UO190,RD2_F9_m6f2_P6_Y18_UO560,MXY,2,0.0,1,0,0.0,0,0,0,-9999.0,0.540283203125,1,P2_CV0,1,1,1,1,1
2,5.496624778787091,6.529835889274153,R2_F2_m9f6_P9_Y20_UO360,RD9_F2_m9f2_P9_Y18_UO102,RD6_F2_m9f6_P9_Y18_UO645,MXY,2,0.0,1,0,0.0,0,0,0,-9999.0,0.522216796875,1,P2_CV0,1,2,0,1,1
2,5.496624778787091,6.529835889274153,Age0_F2_m2f5_P2_Y22_UO146,RD2_F6_m2f3_P2_Y20_UO7,RD5_F1_m5f3_P5_Y20_UO37,FXX,0,0.0,0,0,0.0,0,0,0,0.0,0.5264892578125,1,P3_CV0,1,1,1,1,1
2,5.496624778787091,6.529835889274153,Age0_F2_m2f5_P2_Y22_UO147,RD2_F6_m2f3_P2_Y20_UO7,RD5_F1_m5f3_P5_Y20_UO37,FXX,0,0.0,0,0,0.0,0,0,0,0.0,0.5264892578125,1,P3_CV0,1,2,0,1,1
2,5.496624778787091,6.529835889274153,Age0_F2_m2f3_P2_Y22_UO169,RD2_F3_m5f1_P5_Y20_UO734,RD3_F7_m3f6_P3_Y20_UO368,FXX,0,0.0,0,0,0.0,0,0,0,0.0,0.524658203125,1,P3_CV0,1,0,2,0,2
2,5.496624778787091,6.529835889274153,Age0_F2_m2f3_P2_Y22_UO170,RD2_F3_m5f1_P5_Y20_UO734,RD3_F7_m3f6_P3_Y20_UO368,FXX,0,0.0,0,0,0.0,0,0,0,0.0,0.524658203125,1,P3_CV0,1,1,1,0,2
2,5.496624778787091,6.529835889274153,Age0_F2_m2f5_P2_Y22_UO574,RD2_F6_m2f3_P2_Y20_UO7,RD5_F1_m5f1_P5_Y20_UO25,MXY,0,0.0,0,0,0.0,0,0,0,0.0,0.5263671875,1,P3_CV0,1,2,0,1,1
2,5.496624778787091,6.529835889274153,R2_F2_m3f6_P3_Y21_UO141,RD3_F7_m3f6_P3_Y19_UO146,RD6_F3_m6f3_P6_Y19_UO51,MXY,1,0.0,1,1,0.0,0,0,0,-9999.0,0.535400390625,1,P3_CV0,1,1,1,2,0
2,5.496624778787091,6.529835889274153,R2_F2_m2f3_P2_Y20_UO163,RD2_F5_m3f7_P3_Y18_UO511,RD3_F2_m6f3_P6_Y18_UO50,MXY,2,0.0,1,0,0.0,0,0,0,-9999.0,0.533935546875,1,P3_CV0,1,1,1,1,1
2,5.496624778787091,6.529835889274153,Age0_F2_m2f9_P2_Y22_UO3,RD2_F5_m1f5_P1_Y20_UO737,RD9_F6_m9f2_P9_Y20_UO258,FXX,0,0.0,0,0,0.0,0,0,0,0.0,0.5179443359375,1,P4_CV0,1,1,1,0,2
2,5.496624778787091,6.529835889274153,Age0_F2_m2f6_P2_Y22_UO191,RD2_F6_m9f6_P9_Y20_UO519,RD6_F3_m4f7_P4_Y19_UO271,MXY,0,0.0,0,0,0.0,0,0,0,0.0,0.5528564453125,1,P4_CV0,1,0,2,1,1
2,5.496624778787091,6.529835889274153,Age0_F2_m2f6_P2_Y22_UO192,RD2_F6_m9f6_P9_Y20_UO519,RD6_F3_m4f7_P4_Y19_UO271,MXY,0,0.0,0,0,0.0,0,0,0,0.0,0.5528564453125,1,P4_CV0,1,1,1,2,0
2,5.496624778787091,6.529835889274153,Age0_F2_m2f6_P2_Y22_UO194,RD2_F6_m9f6_P9_Y20_UO519,RD6_F3_m4f7_P4_Y19_UO271,MXY,0,0.0,0,0,0.0,0,0,0,0.0,0.5528564453125,1,P4_CV0,1,1,1,0,2
2,5.496624778787091,6.529835889274153,Age0_F2_m2f5_P2_Y22_UO209,RD2_F9_m6f3_P6_Y20_UO347,RD5_F1_m5f2_P5_Y20_UO75,FXX,0,0.0,0,0,0.0,0,0,0,0.0,0.52685546875,1,P4_CV0,1,1,1,2,0
2,5.496624778787091,6.529835889274153,Age0_F2_m2f5_P2_Y22_UO210,RD2_F9_m6f3_P6_Y20_UO347,RD5_F1_m5f2_P5_Y20_UO75,FXX,0,0.0,0,0,0.0,0,0,0,0.0,0.52685546875,1,P4_CV0,1,0,2,1,1
2,5.496624778787091,6.529835889274153,Age0_F2_m2f9_P2_Y22_UO293,RD2_F6_m9f6_P9_Y20_UO701,RD9_F6_m3f5_P3_Y18_UO276,MXY,0,0.0,0,0,0.0,0,0,0,0.0,0.535888671875,1,P4_CV0,1,0,2,0,2
2,5.496624778787091,6.529835889274153,Age0_F2_m2f9_P2_Y22_UO294,RD2_F6_m9f6_P9_Y20_UO701,RD9_F6_m3f5_P3_Y18_UO276,MXY,0,0.0,0,0,0.0,0,0,0,0.0,0.535888671875,1,P4_CV0,1,0,2,1,1
2,5.496624778787091,6.529835889274153,Age0_F2_m2f9_P2_Y22_UO295,RD2_F6_m9f6_P9_Y20_UO701,RD9_F6_m3f5_P3_Y18_UO276,MXY,0,0.0,0,0,0.0,0,0,0,0.0,0.535888671875,1,P4_CV0,1,0,2,2,0
2,5.496624778787091,6.529835889274153,Age0_F2_m2f9_P2_Y22_UO345,RD2_F3_m7f4_P7_Y20_UO118,RD9_F6_m9f2_P9_Y20_UO698,MXY,0,0.0,0,0,0.0,0,0,0,0.0,0.517578125,1,P4_CV0,1,0,2,1,1
2,5.496624778787091,6.529835889274153,Age0_F2_m2f9_P2_Y22_UO347,RD2_F3_m7f4_P7_Y20_UO118,RD9_F6_m9f2_P9_Y20_UO698,FXX,0,0.0,0,0,0.0,0,0,0,0.0,0.517578125,1,P4_CV0,1,0,2,1,1
2,5.496624778787091,6.529835889274153,Age0_F2_m2f6_P2_Y22_UO646,RD2_F9_m2f5_P2_Y20_UO705,RD6_F9_m6f2_P6_Y20_UO395,FXX,0,0.0,0,0,0.0,0,0,0,0.0,0.5306396484375,1,P4_CV0,1,1,1,2,0
2,5.496624778787091,6.529835889274153,Age0_F2_m2f6_P2_Y22_UO647,RD2_F9_m2f5_P2_Y20_UO705,RD6_F9_m6f2_P6_Y20_UO395,MXY,0,0.0,0,0,0.0,0,0,0,0.0,0.5306396484375,1,P4_CV0,1,1,1,1,1
2,5.496624778787091,6.529835889274153,Age0_F2_m2f6_P2_Y22_UO648,RD2_F9_m2f5_P2_Y20_UO705,RD6_F9_m6f2_P6_Y20_UO395,FXX,0,0.0,0,0,0.0,0,0,0,0.0,0.5306396484375,1,P4_CV0,1,1,1,1,1
2,5.496624778787091,6.529835889274153,R2_F2_m1f5_P1_Y20_UO737,RD1_F5_m1f5_P1_Y18_UO287,RD5_F1_m5f2_P5_Y18_UO91,FXX,2,0.0,1,0,1.0,0,0,0,-9999.0,0.51416015625,1,P4_CV0,1,0,2,0,2
2,5.496624778787091,6.529835889274153,R2_F2_m3f6_P3_Y18_UO306,RD3_F5_m1f5_P1_Y16_UO440,RD6_F9_m9f2_P9_Y15_UO304,MXY,4,0.0,1,0,0.0,0,0,0,-9999.0,0.5126953125,1,P4_CV0,1,1,1,1,1
2,5.496624778787091,6.529835889274153,Age0_F2_m2f3_P2_Y22_UO228,RD2_F9_m6f3_P6_Y20_UO50,RD3_F5_m1f5_P1_Y20_UO736,MXY,0,0.0,0,0,0.0,0,0,0,0.0,0.51904296875,1,P5_CV0,1,0,2,1,1
2,5.496624778787091,6.529835889274153,Age0_F2_m2f3_P2_Y22_UO229,RD2_F9_m6f3_P6_Y20_UO50,RD3_F5_m1f5_P1_Y20_UO736,FXX,0,0.0,0,0,0.0,0,0,0,0.0,0.51904296875,1,P5_CV0,1,1,1,1,1
2,5.496624778787091,6.529835889274153,Age0_F2_m2f3_P2_Y22_UO230,RD2_F9_m6f3_P6_Y20_UO50,RD3_F5_m1f5_P1_Y20_UO736,MXY,0,0.0,0,0,0.0,0,0,0,0.0,0.51904296875,1,P5_CV0,1,1,1,0,2
2,5.496624778787091,6.529835889274153,Age0_F2_m2f6_P2_Y22_UO392,RD2_F3_m7f4_P7_Y20_UO118,RD6_F9_m9f2_P9_Y19_UO238,MXY,0,0.0,0,0,0.0,0,0,0,0.0,0.5318603515625,1,P5_CV0,1,1,1,2,0
2,5.496624778787091,6.529835889274153,Age0_F2_m2f6_P2_Y22_UO393,RD2_F3_m7f4_P7_Y20_UO118,RD6_F9_m9f2_P9_Y19_UO238,MXY,0,0.0,0,0,0.0,0,0,0,0.0,0.5318603515625,1,P5_CV0,1,2,0,1,1
2,5.496624778787091,6.529835889274153,Age0_F2_m2f6_P2_Y22_UO394,RD2_F3_m7f4_P7_Y20_UO118,RD6_F9_m9f2_P9_Y19_UO238,FXX,0,0.0,0,0,0.0,0,0,0,0.0,0.5318603515625,1,P5_CV0,1,2,0,1,1
2,5.496624778787091,6.529835889274153,Age0_F2_m2f3_P2_Y22_UO520,RD2_F6_m9f6_P9_Y20_UO543,RD3_F5_m2f9_P2_Y20_UO694,FXX,0,0.0,0,0,0.0,0,0,0,0.0,0.5325927734375,1,P5_CV0,1,0,2,1,1
2,5.496624778787091,6.529835889274153,Age0_F2_m2f3_P2_Y22_UO521,RD2_F6_m9f6_P9_Y20_UO543,RD3_F5_m2f9_P2_Y20_UO694,FXX,0,0.0,0,0,0.0,0,0,0,0.0,0.5325927734375,1,P5_CV0,1,1,1,1,1
2,5.496624778787091,6.529835889274153,Age0_F2_m2f3_P2_Y22_UO522,RD2_F6_m9f6_P9_Y20_UO543,RD3_F5_m2f9_P2_Y20_UO694,MXY,0,0.0,0,0,0.0,0,0,0,0.0,0.5325927734375,1,P5_CV0,1,0,2,1,1
2,5.496624778787091,6.529835889274153,Age0_F2_m2f6_P2_Y22_UO549,RD2_F6_m2f3_P2_Y20_UO203,RD6_F2_m3f6_P3_Y20_UO76,MXY,0,0.0,0,0,0.0,0,0,0,0.0,0.5357666015625,1,P5_CV0,1,1,1,1,1
2,5.496624778787091,6.529835889274153,Age0_F2_m2f6_P2_Y22_UO550,RD2_F6_m2f3_P2_Y20_UO203,RD6_F2_m3f6_P3_Y20_UO76,MXY,0,0.0,0,0,0.0,0,0,0,0.0,0.5357666015625,1,P5_CV0,1,2,0,2,0
2,5.496624778787091,6.529835889274153,Age0_F2_m2f9_P2_Y22_UO591,RD2_F9_m6f3_P6_Y20_UO506,RD9_F6_m9f6_P9_Y20_UO675,MXY,0,0.0,0,0,0.0,0,0,0,0.0,0.5372314453125,1,P5_CV0,1,2,0,0,2
2,5.496624778787091,6.529835889274153,Age0_F2_m2f9_P2_Y22_UO592,RD2_F9_m6f3_P6_Y20_UO506,RD9_F6_m9f6_P9_Y20_UO675,MXY,0,0.0,0,0,0.0,0,0,0,0.0,0.5372314453125,1,P5_CV0,1,2,0,1,1
2,5.496624778787091,6.529835889274153,Age0_F2_m2f9_P2_Y22_UO593,RD2_F9_m6f3_P6_Y20_UO506,RD9_F6_m9f6_P9_Y20_UO675,FXX,0,0.0,0,0,0.0,0,0,0,0.0,0.5372314453125,1,P5_CV0,1,0,2,2,0
2,5.496624778787091,6.529835889274153,Age0_F2_m2f3_P2_Y22_UO649,RD2_F9_m6f3_P6_Y20_UO731,RD3_F7_m4f7_P4_Y20_UO475,FXX,0,0.0,0,0,0.0,0,0,0,0.0,0.5478515625,1,P5_CV0,1,1,1,2,0
2,5.496624778787091,6.529835889274153,Age0_F2_m2f3_P2_Y22_UO650,RD2_F9_m6f3_P6_Y20_UO731,RD3_F7_m4f7_P4_Y20_UO475,MXY,0,0.0,0,0,0.0,0,0,0,0.0,0.5478515625,1,P5_CV0,1,1,1,1,1
2,5.496624778787091,6.529835889274153,Age0_F2_m2f3_P2_Y22_UO651,RD2_F9_m6f3_P6_Y20_UO731,RD3_F7_m4f7_P4_Y20_UO475,MXY,0,0.0,0,0,0.0,0,0,0,0.0,0.5478515625,1,P5_CV0,1,1,1,1,1
2,5.496624778787091,6.529835889274153,Age0_F2_m2f5_P2_Y22_UO734,RD2_F6_m9f6_P9_Y20_UO543,RD5_F1_m5f1_P5_Y20_UO17,MXY,0,0.0,0,0,0.0,0,0,0,0.0,0.5390625,1,P5_CV0,1,1,1,1,1
2,5.496624778787091,6.529835889274153,R2_F2_m2f3_P2_Y20_UO203,RD2_F9_m6f2_P6_Y18_UO401,RD3_F6_m9f6_P9_Y18_UO533,FXX,2,0.0,1,0,1.0,0,0,0,-9999.0,0.53857421875,1,P5_CV0,1,1,1,1,1
2,5.496624778787091,6.529835889274153,R2_F2_m3f6_P3_Y20_UO136,RD3_F5_m1f5_P1_Y18_UO664,RD6_F9_m2f6_P2_Y18_UO32,MXY,2,0.0,1,0,0.0,0,0,0,-9999.0,0.5498046875,1,P5_CV0,1,0,2,1,1
2,5.496624778787091,6.529835889274153,Age0_F2_m2f3_P2_Y22_UO182,RD2_F9_m6f3_P6_Y20_UO731,RD3_F7_m3f5_P3_Y20_UO513,FXX,0,0.0,0,0,0.0,0,0,0,0.0,0.5406494140625,1,P6_CV0,1,2,0,2,0
2,5.496624778787091,6.529835889274153,Age0_F2_m2f3_P2_Y22_UO183,RD2_F9_m6f3_P6_Y20_UO731,RD3_F7_m3f5_P3_Y20_UO513,FXX,0,0.0,0,0,0.0,0,0,0,0.0,0.5406494140625,1,P6_CV0,1,2,0,1,1
2,5.496624778787091,6.529835889274153,Age0_F2_m2f5_P2_Y22_UO349,RD2_F9_m2f9_P2_Y20_UO221,RD5_F2_m9f2_P9_Y20_UO184,MXY,0,0.0,0,0,0.0,0,0,0,0.0,0.5267333984375,1,P8_CV0,1,1,1,0,2
2,5.496624778787091,6.529835889274153,Age0_F2_m2f5_P2_Y22_UO350,RD2_F9_m2f9_P2_Y20_UO221,RD5_F2_m9f2_P9_Y20_UO184,MXY,0,0.0,0,0,0.0,0,0,0,0.0,0.5267333984375,1,P8_CV0,1,0,2,1,1
2,5.496624778787091,6.529835889274153,Age0_F2_m2f5_P2_Y22_UO351,RD2_F9_m2f9_P2_Y20_UO221,RD5_F2_m9f2_P9_Y20_UO184,FXX,0,0.0,0,0,0.0,0,0,0,0.0,0.5267333984375,1,P8_CV0,1,0,2,0,2
2,5.496624778787091,6.529835889274153,Age0_F2_m2f9_P2_Y22_UO395,RD2_F6_m2f6_P2_Y20_UO466,RD9_F2_m5f3_P5_Y20_UO38,MXY,0,0.0,0,0,0.0,0,0,0,0.0,0.528564453125,1,P8_CV0,1,1,1,1,1
2,5.496624778787091,6.529835889274153,Age0_F2_m2f9_P2_Y22_UO396,RD2_F6_m2f6_P2_Y20_UO466,RD9_F2_m5f3_P5_Y20_UO38,MXY,0,0.0,0,0,0.0,0,0,0,0.0,0.528564453125,1,P8_CV0,1,2,0,0,2
2,5.496624778787091,6.529835889274153,Age0_F2_m2f9_P2_Y22_UO397,RD2_F6_m2f6_P2_Y20_UO466,RD9_F2_m5f3_P5_Y20_UO38,FXX,0,0.0,0,0,0.0,0,0,0,0.0,0.528564453125,1,P8_CV0,1,1,1,1,1
2,5.496624778787091,6.529835889274153,Age0_F2_m2f9_P2_Y22_UO398,RD2_F6_m2f6_P2_Y20_UO466,RD9_F2_m5f3_P5_Y20_UO38,FXX,0,0.0,0,0,0.0,0,0,0,0.0,0.528564453125,1,P8_CV0,1,0,2,2,0
2,5.496624778787091,6.529835889274153,Age0_F2_m2f6_P2_Y22_UO674,RD2_F6_m2f6_P2_Y20_UO466,RD6_F9_m2f3_P2_Y20_UO730,FXX,0,0.0,0,0,0.0,0,0,0,0.0,0.523681640625,1,P8_CV0,1,1,1,0,2
2,5.496624778787091,6.529835889274153,R2_F2_m6f2_P6_Y20_UO384,RD6_F9_m6f2_P6_Y18_UO611,RD2_F9_m2f5_P2_Y18_UO181,MXY,2,0.0,1,0,0.0,0,0,0,-9999.0,0.510498046875,1,P8_CV0,1,0,2,1,1
2,5.496624778787091,6.529835889274153,R2_F2_m2f6_P2_Y20_UO466,RD2_F5_m2f5_P2_Y18_UO369,RD6_F2_m9f6_P9_Y18_UO478,FXX,2,0.0,1,0,1.0,0,0,0,-9999.0,0.526123046875,1,P8_CV0,1,1,1,1,1
3,4.20367802087489,4.955022315058112,Age0_F3_m3f2_P3_Y22_UO114,RD3_F6_m2f5_P2_Y20_UO227,RD2_F6_m9f6_P9_Y20_UO406,FXX,0,0.0,0,0,0.0,0,0,0,0.0,0.531494140625,1,P0_CV0,1,0,2,1,1
3,4.20367802087489,4.955022315058112,Age0_F3_m3f2_P3_Y22_UO153,RD3_F6_m9f6_P9_Y20_UO414,RD2_F9_m2f5_P2_Y20_UO594,FXX,0,0.0,0,0,0.0,0,0,0,0.0,0.532958984375,1,P0_CV0,1,0,2,0,2
3,4.20367802087489,4.955022315058112,Age0_F3_m3f2_P3_Y22_UO154,RD3_F6_m9f6_P9_Y20_UO414,RD2_F9_m2f5_P2_Y20_UO594,FXX,0,0.0,0,0,0.0,0,0,0,0.0,0.532958984375,1,P0_CV0,1,0,2,1,1
3,4.20367802087489,4.955022315058112,Age0_F3_m3f2_P3_Y22_UO155,RD3_F6_m9f6_P9_Y20_UO414,RD2_F9_m2f5_P2_Y20_UO594,FXX,0,0.0,0,0,0.0,0,0,0,0.0,0.532958984375,1,P0_CV0,1,0,2,0,2
3,4.20367802087489,4.955022315058112,Age0_F3_m3f2_P3_Y22_UO353,RD3_F6_m9f6_P9_Y20_UO414,RD2_F9_m2f9_P2_Y20_UO583,MXY,0,0.0,0,0,0.0,0,0,0,0.0,0.5400390625,1,P0_CV0,1,0,2,0,2
3,4.20367802087489,4.955022315058112,Age0_F3_m3f2_P3_Y22_UO358,RD3_F6_m9f6_P9_Y20_UO414,RD2_F9_m2f9_P2_Y20_UO583,FXX,0,0.0,0,0,0.0,0,0,0,0.0,0.5400390625,1,P0_CV0,1,1,1,1,1
3,4.20367802087489,4.955022315058112,R3_F3_m2f6_P2_Y21_UO144,RD2_F5_m3f2_P3_Y19_UO18,RD6_F3_m6f3_P6_Y19_UO51,MXY,1,0.0,1,1,0.0,0,0,0,-9999.0,0.529296875,1,P0_CV0,1,1,1,2,0
3,4.20367802087489,4.955022315058112,R3_F3_m9f6_P9_Y20_UO414,RD9_F6_m3f5_P3_Y18_UO119,RD6_F9_m2f6_P2_Y18_UO32,FXX,2,0.0,1,0,1.0,0,0,0,-9999.0,0.5478515625,1,P0_CV0,1,0,2,1,1
3,4.20367802087489,4.955022315058112,Age0_F3_m3f7_P3_Y22_UO552,RD3_F5_m2f5_P2_Y20_UO56,RD7_F4_m8f4_P8_Y20_UO102,MXY,0,0.0,0,0,0.0,0,0,0,0.0,0.549560546875,1,P1_CV0,1,0,2,2,0
3,4.20367802087489,4.955022315058112,Age0_F3_m3f7_P3_Y22_UO553,RD3_F5_m2f5_P2_Y20_UO56,RD7_F4_m8f4_P8_Y20_UO102,FXX,0,0.0,0,0,0.0,0,0,0,0.0,0.549560546875,1,P1_CV0,1,0,2,2,0
3,4.20367802087489,4.955022315058112,Age0_F3_m3f7_P3_Y22_UO554,RD3_F5_m2f5_P2_Y20_UO56,RD7_F4_m8f4_P8_Y20_UO102,MXY,0,0.0,0,0,0.0,0,0,0,0.0,0.549560546875,1,P1_CV0,1,0,2,1,1
3,4.20367802087489,4.955022315058112,R3_F3_m2f5_P2_Y20_UO672,RD2_F5_m1f5_P1_Y18_UO153,RD5_F1_m5f3_P5_Y18_UO421,MXY,2,0.0,1,0,0.0,0,0,0,-9999.0,0.547607421875,1,P1_CV0,1,0,2,1,1
3,4.20367802087489,4.955022315058112,Age0_F3_m3f7_P3_Y22_UO45,RD3_F6_m3f6_P3_Y20_UO428,RD7_F3_m2f3_P2_Y20_UO720,FXX,0,0.0,0,0,0.0,0,0,0,0.0,0.5318603515625,1,P2_CV0,1,1,1,0,2
3,4.20367802087489,4.955022315058112,Age0_F3_m3f7_P3_Y22_UO46,RD3_F6_m3f6_P3_Y20_UO428,RD7_F3_m2f3_P2_Y20_UO720,MXY,0,0.0,0,0,0.0,0,0,0,0.0,0.5318603515625,1,P2_CV0,1,0,2,0,2
3,4.20367802087489,4.955022315058112,Age0_F3_m3f7_P3_Y22_UO47,RD3_F6_m3f6_P3_Y20_UO428,RD7_F3_m2f3_P2_Y20_UO720,FXX,0,0.0,0,0,0.0,0,0,0,0.0,0.5318603515625,1,P2_CV0,1,1,1,1,1
3,4.20367802087489,4.955022315058112,Age0_F3_m3f7_P3_Y22_UO51,RD3_F6_m3f6_P3_Y20_UO428,RD7_F3_m2f3_P2_Y20_UO720,FXX,0,0.0,0,0,0.0,0,0,0,0.0,0.5318603515625,1,P2_CV0,1,0,2,0,2
3,4.20367802087489,4.955022315058112,Age0_F3_m3f7_P3_Y22_UO52,RD3_F6_m3f6_P3_Y20_UO428,RD7_F3_m2f3_P2_Y20_UO720,MXY,0,0.0,0,0,0.0,0,0,0,0.0,0.5318603515625,1,P2_CV0,1,1,1,1,1
3,4.20367802087489,4.955022315058112,Age0_F3_m3f2_P3_Y22_UO111,RD3_F6_m2f5_P2_Y20_UO227,RD2_F6_m9f6_P9_Y20_UO406,FXX,0,0.0,0,0,0.0,0,0,0,0.0,0.531494140625,1,P2_CV0,1,0,2,1,1
3,4.20367802087489,4.955022315058112,Age0_F3_m3f2_P3_Y22_UO112,RD3_F6_m2f5_P2_Y20_UO227,RD2_F6_m9f6_P9_Y20_UO406,MXY,0,0.0,0,0,0.0,0,0,0,0.0,0.531494140625,1,P2_CV0,1,0,2,1,1
3,4.20367802087489,4.955022315058112,Age0_F3_m3f2_P3_Y22_UO113,RD3_F6_m2f5_P2_Y20_UO227,RD2_F6_m9f6_P9_Y20_UO406,MXY,0,0.0,0,0,0.0,0,0,0,0.0,0.531494140625,1,P2_CV0,1,0,2,1,1
3,4.20367802087489,4.955022315058112,Age0_F3_m3f2_P3_Y22_UO115,RD3_F6_m2f5_P2_Y20_UO227,RD2_F6_m9f6_P9_Y20_UO406,MXY,0,0.0,0,0,0.0,0,0,0,0.0,0.531494140625,1,P2_CV0,1,0,2,1,1
3,4.20367802087489,4.955022315058112,Age0_F3_m3f7_P3_Y22_UO267,RD3_F6_m2f6_P2_Y20_UO420,RD7_F4_m8f4_P8_Y18_UO73,MXY,0,0.0,0,0,0.0,0,0,0,0.0,0.5308837890625,1,P2_CV0,1,1,1,2,0
3,4.20367802087489,4.955022315058112,Age0_F3_m3f7_P3_Y22_UO268,RD3_F6_m2f6_P2_Y20_UO420,RD7_F4_m8f4_P8_Y18_UO73,MXY,0,0.0,0,0,0.0,0,0,0,0.0,0.5308837890625,1,P2_CV0,1,1,1,2,0
3,4.20367802087489,4.955022315058112,Age0_F3_m3f2_P3_Y22_UO692,RD3_F2_m9f6_P9_Y20_UO703,RD2_F6_m9f6_P9_Y20_UO360,MXY,0,0.0,0,0,0.0,0,0,0,0.0,0.5260009765625,1,P2_CV0,1,1,1,0,2
3,4.20367802087489,4.955022315058112,Age0_F3_m3f2_P3_Y22_UO693,RD3_F2_m9f6_P9_Y20_UO703,RD2_F6_m9f6_P9_Y20_UO360,FXX,0,0.0,0,0,0.0,0,0,0,0.0,0.5260009765625,1,P2_CV0,1,2,0,1,1
3,4.20367802087489,4.955022315058112,Age0_F3_m3f2_P3_Y22_UO696,RD3_F2_m9f6_P9_Y20_UO703,RD2_F6_m9f6_P9_Y20_UO360,MXY,0,0.0,0,0,0.0,0,0,0,0.0,0.5260009765625,1,P2_CV0,1,2,0,0,2
3,4.20367802087489,4.955022315058112,R3_F3_m9f2_P9_Y20_UO23,RD9_F2_m9f2_P9_Y18_UO102,RD2_F9_m6f9_P6_Y18_UO111,MXY,2,0.0,1,0,0.0,0,0,0,-9999.0,0.531005859375,1,P2_CV0,1,1,1,1,1
3,4.20367802087489,4.955022315058112,R3_F3_m3f6_P3_Y20_UO428,RD3_F6_m9f6_P9_Y18_UO279,RD6_F2_m9f6_P9_Y18_UO374,FXX,2,0.0,1,0,1.0,0,0,0,-9999.0,0.5400390625,1,P2_CV0,1,0,2,1,1
3,4.20367802087489,4.955022315058112,Age0_F3_m3f7_P3_Y22_UO48,RD3_F6_m3f6_P3_Y20_UO428,RD7_F3_m2f3_P2_Y20_UO720,MXY,0,0.0,0,0,0.0,0,0,0,0.0,0.5318603515625,1,P3_CV0,1,1,1,0,2
3,4.20367802087489,4.955022315058112,Age0_F3_m3f7_P3_Y22_UO49,RD3_F6_m3f6_P3_Y20_UO428,RD7_F3_m2f3_P2_Y20_UO720,FXX,0,0.0,0,0,0.0,0,0,0,0.0,0.5318603515625,1,P3_CV0,1,0,2,1,1
3,4.20367802087489,4.955022315058112,Age0_F3_m3f7_P3_Y22_UO50,RD3_F6_m3f6_P3_Y20_UO428,RD7_F3_m2f3_P2_Y20_UO720,FXX,0,0.0,0,0,0.0,0,0,0,0.0,0.5318603515625,1,P3_CV0,1,0,2,0,2
3,4.20367802087489,4.955022315058112,Age0_F3_m3f7_P3_Y22_UO53,RD3_F6_m3f6_P3_Y20_UO428,RD7_F3_m2f3_P2_Y20_UO720,FXX,0,0.0,0,0,0.0,0,0,0,0.0,0.5318603515625,1,P3_CV0,1,0,2,0,2
3,4.20367802087489,4.955022315058112,Age0_F3_m3f6_P3_Y22_UO217,RD3_F6_m9f6_P9_Y20_UO414,RD6_F9_m6f3_P6_Y20_UO52,MXY,0,0.0,0,0,0.0,0,0,0,0.0,0.535888671875,1,P3_CV0,1,0,2,1,1
3,4.20367802087489,4.955022315058112,Age0_F3_m3f6_P3_Y22_UO218,RD3_F6_m9f6_P9_Y20_UO414,RD6_F9_m6f3_P6_Y20_UO52,MXY,0,0.0,0,0,0.0,0,0,0,0.0,0.535888671875,1,P3_CV0,1,0,2,0,2
3,4.20367802087489,4.955022315058112,Age0_F3_m3f6_P3_Y22_UO219,RD3_F6_m9f6_P9_Y20_UO414,RD6_F9_m6f3_P6_Y20_UO52,MXY,0,0.0,0,0,0.0,0,0,0,0.0,0.535888671875,1,P3_CV0,1,1,1,2,0
3,4.20367802087489,4.955022315058112,Age0_F3_m3f6_P3_Y22_UO220,RD3_F6_m9f6_P9_Y20_UO414,RD6_F9_m6f3_P6_Y20_UO52,FXX,0,0.0,0,0,0.0,0,0,0,0.0,0.535888671875,1,P3_CV0,1,0,2,1,1
3,4.20367802087489,4.955022315058112,Age0_F3_m3f7_P3_Y22_UO269,RD3_F6_m2f6_P2_Y20_UO420,RD7_F4_m8f4_P8_Y18_UO73,MXY,0,0.0,0,0,0.0,0,0,0,0.0,0.5308837890625,1,P3_CV0,1,1,1,2,0
3,4.20367802087489,4.955022315058112,Age0_F3_m3f7_P3_Y22_UO582,RD3_F6_m9f2_P9_Y20_UO712,RD7_F4_m4f7_P4_Y19_UO107,MXY,0,0.0,0,0,0.0,0,0,0,0.0,0.536865234375,1,P3_CV0,1,1,1,1,1
3,4.20367802087489,4.955022315058112,R3_F3_m7f3_P7_Y21_UO256,RD7_F3_m7f3_P7_Y19_UO28,RD3_F7_m4f7_P4_Y19_UO271,MXY,1,0.0,1,1,0.0,0,0,0,-9999.0,0.552001953125,1,P3_CV0,1,1,1,2,0
3,4.20367802087489,4.955022315058112,R3_F3_m3f6_P3_Y20_UO368,RD3_F7_m4f7_P4_Y18_UO386,RD6_F2_m9f6_P9_Y18_UO645,MXY,2,0.0,1,0,0.0,0,0,0,-9999.0,0.531982421875,1,P3_CV0,1,1,1,1,1
3,4.20367802087489,4.955022315058112,R3_F3_m9f6_P9_Y18_UO266,RD9_F6_m3f2_P3_Y16_UO3,RD6_F3_m4f8_P4_Y15_UO99,MXY,4,0.0,1,0,0.0,0,0,0,-9999.0,0.5185546875,1,P3_CV0,1,2,0,1,1
3,4.20367802087489,4.955022315058112,Age0_F3_m3f7_P3_Y22_UO98,RD3_F6_m9f6_P9_Y20_UO145,RD7_F3_m5f1_P5_Y20_UO0,MXY,0,0.0,0,0,0.0,0,0,0,0.0,0.52099609375,1,P4_CV0,1,1,1,1,1
3,4.20367802087489,4.955022315058112,Age0_F3_m3f7_P3_Y22_UO99,RD3_F6_m9f6_P9_Y20_UO145,RD7_F3_m5f1_P5_Y20_UO0,FXX,0,0.0,0,0,0.0,0,0,0,0.0,0.52099609375,1,P4_CV0,1,2,0,0,2
3,4.20367802087489,4.955022315058112,Age0_F3_m3f7_P3_Y22_UO100,RD3_F6_m9f6_P9_Y20_UO145,RD7_F3_m5f1_P5_Y20_UO0,MXY,0,0.0,0,0,0.0,0,0,0,0.0,0.52099609375,1,P4_CV0,1,0,2,0,2
3,4.20367802087489,4.955022315058112,Age0_F3_m3f7_P3_Y22_UO101,RD3_F6_m9f6_P9_Y20_UO145,RD7_F3_m5f1_P5_Y20_UO0,MXY,0,0.0,0,0,0.0,0,0,0,0.0,0.52099609375,1,P4_CV0,1,1,1,0,2
3,4.20367802087489,4.955022315058112,Age0_F3_m3f7_P3_Y22_UO103,RD3_F6_m9f6_P9_Y20_UO145,RD7_F3_m5f1_P5_Y20_UO0,FXX,0,0.0,0,0,0.0,0,0,0,0.0,0.52099609375,1,P4_CV0,1,2,0,0,2
3,4.20367802087489,4.955022315058112,Age0_F3_m3f2_P3_Y22_UO354,RD3_F6_m9f6_P9_Y20_UO414,RD2_F9_m2f9_P2_Y20_UO583,FXX,0,0.0,0,0,0.0,0,0,0,0.0,0.5400390625,1,P4_CV0,1,1,1,2,0
3,4.20367802087489,4.955022315058112,Age0_F3_m3f2_P3_Y22_UO355,RD3_F6_m9f6_P9_Y20_UO414,RD2_F9_m2f9_P2_Y20_UO583,MXY,0,0.0,0,0,0.0,0,0,0,0.0,0.5400390625,1,P4_CV0,1,0,2,1,1
3,4.20367802087489,4.955022315058112,Age0_F3_m3f2_P3_Y22_UO356,RD3_F6_m9f6_P9_Y20_UO414,RD2_F9_m2f9_P2_Y20_UO583,FXX,0,0.0,0,0,0.0,0,0,0,0.0,0.5400390625,1,P4_CV0,1,0,2,1,1
3,4.20367802087489,4.955022315058112,Age0_F3_m3f2_P3_Y22_UO357,RD3_F6_m9f6_P9_Y20_UO414,RD2_F9_m2f9_P2_Y20_UO583,MXY,0,0.0,0,0,0.0,0,0,0,0.0,0.5400390625,1,P4_CV0,1,1,1,0,2
3,4.20367802087489,4.955022315058112,Age0_F3_m3f2_P3_Y22_UO503,RD3_F6_m9f6_P9_Y20_UO145,RD2_F9_m3f6_P3_Y18_UO306,MXY,0,0.0,0,0,0.0,0,0,0,0.0,0.5167236328125,1,P4_CV0,1,0,2,2,0
3,4.20367802087489,4.955022315058112,Age0_F3_m3f2_P3_Y22_UO504,RD3_F6_m9f6_P9_Y20_UO145,RD2_F9_m3f6_P3_Y18_UO306,FXX,0,0.0,0,0,0.0,0,0,0,0.0,0.5167236328125,1,P4_CV0,1,2,0,2,0
3,4.20367802087489,4.955022315058112,Age0_F3_m3f2_P3_Y22_UO505,RD3_F6_m9f6_P9_Y20_UO145,RD2_F9_m3f6_P3_Y18_UO306,FXX,0,0.0,0,0,0.0,0,0,0,0.0,0.5167236328125,1,P4_CV0,1,1,1,2,0
3,4.20367802087489,4.955022315058112,Age0_F3_m3f7_P3_Y22_UO578,RD3_F6_m9f2_P9_Y20_UO712,RD7_F4_m4f7_P4_Y19_UO107,FXX,0,0.0,0,0,0.0,0,0,0,0.0,0.536865234375,1,P4_CV0,1,1,1,1,1
3,4.20367802087489,4.955022315058112,Age0_F3_m3f7_P3_Y22_UO579,RD3_F6_m9f2_P9_Y20_UO712,RD7_F4_m4f7_P4_Y19_UO107,MXY,0,0.0,0,0,0.0,0,0,0,0.0,0.536865234375,1,P4_CV0,1,1,1,1,1
3,4.20367802087489,4.955022315058112,Age0_F3_m3f7_P3_Y22_UO580,RD3_F6_m9f2_P9_Y20_UO712,RD7_F4_m4f7_P4_Y19_UO107,FXX,0,0.0,0,0,0.0,0,0,0,0.0,0.536865234375,1,P4_CV0,1,1,1,1,1
3,4.20367802087489,4.955022315058112,Age0_F3_m3f7_P3_Y22_UO581,RD3_F6_m9f2_P9_Y20_UO712,RD7_F4_m4f7_P4_Y19_UO107,FXX,0,0.0,0,0,0.0,0,0,0,0.0,0.536865234375,1,P4_CV0,1,1,1,1,1
3,4.20367802087489,4.955022315058112,Age0_F3_m3f7_P3_Y22_UO583,RD3_F6_m9f2_P9_Y20_UO712,RD7_F4_m4f7_P4_Y19_UO107,FXX,0,0.0,0,0,0.0,0,0,0,0.0,0.536865234375,1,P4_CV0,1,1,1,1,1
3,4.20367802087489,4.955022315058112,Age0_F3_m3f2_P3_Y22_UO699,RD3_F6_m9f6_P9_Y20_UO145,RD2_F5_m1f5_P1_Y20_UO554,MXY,0,0.0,0,0,0.0,0,0,0,0.0,0.518798828125,1,P4_CV0,1,2,0,1,1
3,4.20367802087489,4.955022315058112,Age0_F3_m3f2_P3_Y22_UO700,RD3_F6_m9f6_P9_Y20_UO145,RD2_F5_m1f5_P1_Y20_UO554,MXY,0,0.0,0,0,0.0,0,0,0,0.0,0.518798828125,1,P4_CV0,1,2,0,1,1
3,4.20367802087489,4.955022315058112,Age0_F3_m3f2_P3_Y22_UO701,RD3_F6_m9f6_P9_Y20_UO145,RD2_F5_m1f5_P1_Y20_UO554,MXY,0,0.0,0,0,0.0,0,0,0,0.0,0.518798828125,1,P4_CV0,1,2,0,1,1
3,4.20367802087489,4.955022315058112,R3_F3_m7f3_P7_Y21_UO46,RD7_F3_m5f1_P5_Y19_UO13,RD3_F7_m4f7_P4_Y19_UO271,MXY,1,0.0,1,1,0.0,0,0,0,-9999.0,0.55078125,1,P4_CV0,1,1,1,1,1
3,4.20367802087489,4.955022315058112,R3_F3_m2f5_P2_Y21_UO218,RD2_F3_m6f9_P6_Y19_UO197,RD5_F1_m1f5_P1_Y18_UO272,FXX,1,0.0,1,1,1.0,0,0,0,-9999.0,0.5322265625,1,P4_CV0,1,1,1,2,0
3,4.20367802087489,4.955022315058112,R3_F3_m5f3_P5_Y21_UO203,RD5_F3_m7f3_P7_Y19_UO34,RD3_F7_m4f7_P4_Y19_UO271,MXY,1,0.0,1,1,0.0,0,0,0,-9999.0,0.552001953125,1,P4_CV0,1,1,1,2,0
3,4.20367802087489,4.955022315058112,R3_F3_m2f9_P2_Y21_UO240,RD2_F3_m6f9_P6_Y19_UO197,RD9_F6_m3f7_P3_Y19_UO164,FXX,1,0.0,1,1,1.0,0,0,0,-9999.0,0.5439453125,1,P4_CV0,1,2,0,2,0
3,4.20367802087489,4.955022315058112,R3_F3_m2f9_P2_Y21_UO241,RD2_F3_m6f9_P6_Y19_UO197,RD9_F6_m3f7_P3_Y19_UO164,MXY,1,0.0,1,1,0.0,0,0,0,-9999.0,0.5439453125,1,P4_CV0,1,2,0,2,0
3,4.20367802087489,4.955022315058112,R3_F3_m5f3_P5_Y21_UO202,RD5_F3_m7f3_P7_Y19_UO34,RD3_F7_m4f7_P4_Y19_UO271,FXX,1,0.0,1,1,1.0,0,0,0,-9999.0,0.552001953125,1,P4_CV0,1,1,1,1,1
3,4.20367802087489,4.955022315058112,R3_F3_m2f3_P2_Y20_UO144,RD2_F3_m2f3_P2_Y18_UO679,RD3_F5_m1f5_P1_Y18_UO371,FXX,2,0.0,1,0,1.0,0,0,0,-9999.0,0.54296875,1,P4_CV0,1,2,0,1,1
3,4.20367802087489,4.955022315058112,R3_F3_m9f6_P9_Y20_UO750,RD9_F2_m9f2_P9_Y18_UO101,RD6_F9_m6f3_P6_Y18_UO474,MXY,2,0.0,1,0,0.0,0,0,0,-9999.0,0.5380859375,1,P4_CV0,1,1,1,0,2
3,4.20367802087489,4.955022315058112,R3_F3_m2f9_P2_Y20_UO304,RD2_F9_m2f6_P2_Y18_UO261,RD9_F2_m6f9_P6_Y18_UO34,FXX,2,0.0,1,0,1.0,0,0,0,-9999.0,0.543701171875,1,P4_CV0,1,0,2,1,1
3,4.20367802087489,4.955022315058112,R3_F3_m1f5_P1_Y20_UO110,RD1_F5_m3f6_P3_Y18_UO10,RD5_F2_m9f6_P9_Y18_UO450,MXY,2,0.0,1,0,0.0,0,0,0,-9999.0,0.5537109375,1,P4_CV0,1,1,1,2,0
3,4.20367802087489,4.955022315058112,R3_F3_m4f7_P4_Y20_UO743,RD4_F7_m3f5_P3_Y18_UO299,RD7_F4_m4f8_P4_Y17_UO231,MXY,2,0.0,1,0,0.0,0,0,0,-9999.0,0.549072265625,1,P4_CV0,1,0,2,2,0
3,4.20367802087489,4.955022315058112,R3_F3_m9f2_P9_Y20_UO712,RD9_F2_m9f2_P9_Y18_UO101,RD2_F9_m6f9_P6_Y18_UO360,FXX,2,0.0,1,0,1.0,0,0,0,-9999.0,0.52294921875,1,P4_CV0,1,2,0,0,2
3,4.20367802087489,4.955022315058112,Age0_F3_m3f7_P3_Y22_UO102,RD3_F6_m9f6_P9_Y20_UO145,RD7_F3_m5f1_P5_Y20_UO0,FXX,0,0.0,0,0,0.0,0,0,0,0.0,0.52099609375,1,P5_CV0,1,2,0,1,1
3,4.20367802087489,4.955022315058112,Age0_F3_m3f2_P3_Y22_UO156,RD3_F6_m9f6_P9_Y20_UO414,RD2_F9_m2f5_P2_Y20_UO594,MXY,0,0.0,0,0,0.0,0,0,0,0.0,0.532958984375,1,P5_CV0,1,0,2,1,1
3,4.20367802087489,4.955022315058112,Age0_F3_m3f2_P3_Y22_UO157,RD3_F6_m9f6_P9_Y20_UO414,RD2_F9_m2f5_P2_Y20_UO594,FXX,0,0.0,0,0,0.0,0,0,0,0.0,0.532958984375,1,P5_CV0,1,0,2,0,2
3,4.20367802087489,4.955022315058112,Age0_F3_m3f2_P3_Y22_UO158,RD3_F6_m9f6_P9_Y20_UO414,RD2_F9_m2f5_P2_Y20_UO594,MXY,0,0.0,0,0,0.0,0,0,0,0.0,0.532958984375,1,P5_CV0,1,0,2,0,2
3,4.20367802087489,4.955022315058112,Age0_F3_m3f5_P3_Y22_UO461,RD3_F2_m9f6_P9_Y20_UO703,RD5_F3_m3f7_P3_Y19_UO162,FXX,0,0.0,0,0,0.0,0,0,0,0.0,0.530029296875,1,P5_CV0,1,2,0,1,1
3,4.20367802087489,4.955022315058112,Age0_F3_m3f5_P3_Y22_UO462,RD3_F2_m9f6_P9_Y20_UO703,RD5_F3_m3f7_P3_Y19_UO162,MXY,0,0.0,0,0,0.0,0,0,0,0.0,0.530029296875,1,P5_CV0,1,1,1,1,1
3,4.20367802087489,4.955022315058112,Age0_F3_m3f5_P3_Y22_UO463,RD3_F2_m9f6_P9_Y20_UO703,RD5_F3_m3f7_P3_Y19_UO162,FXX,0,0.0,0,0,0.0,0,0,0,0.0,0.530029296875,1,P5_CV0,1,1,1,1,1
3,4.20367802087489,4.955022315058112,Age0_F3_m3f5_P3_Y22_UO464,RD3_F2_m9f6_P9_Y20_UO703,RD5_F3_m3f7_P3_Y19_UO162,MXY,0,0.0,0,0,0.0,0,0,0,0.0,0.530029296875,1,P5_CV0,1,2,0,1,1
3,4.20367802087489,4.955022315058112,Age0_F3_m3f5_P3_Y22_UO465,RD3_F2_m9f6_P9_Y20_UO703,RD5_F3_m3f7_P3_Y19_UO162,MXY,0,0.0,0,0,0.0,0,0,0,0.0,0.530029296875,1,P5_CV0,1,1,1,1,1
3,4.20367802087489,4.955022315058112,Age0_F3_m3f5_P3_Y22_UO466,RD3_F2_m9f6_P9_Y20_UO703,RD5_F3_m3f7_P3_Y19_UO162,FXX,0,0.0,0,0,0.0,0,0,0,0.0,0.530029296875,1,P5_CV0,1,0,2,1,1
3,4.20367802087489,4.955022315058112,Age0_F3_m3f5_P3_Y22_UO666,RD3_F6_m9f2_P9_Y20_UO181,RD5_F1_m5f3_P5_Y20_UO31,MXY,0,0.0,0,0,0.0,0,0,0,0.0,0.5223388671875,1,P5_CV0,1,0,2,0,2
3,4.20367802087489,4.955022315058112,Age0_F3_m3f5_P3_Y22_UO667,RD3_F6_m9f2_P9_Y20_UO181,RD5_F1_m5f3_P5_Y20_UO31,FXX,0,0.0,0,0,0.0,0,0,0,0.0,0.5223388671875,1,P5_CV0,1,0,2,0,2
3,4.20367802087489,4.955022315058112,Age0_F3_m3f2_P3_Y22_UO694,RD3_F2_m9f6_P9_Y20_UO703,RD2_F6_m9f6_P9_Y20_UO360,FXX,0,0.0,0,0,0.0,0,0,0,0.0,0.5260009765625,1,P5_CV0,1,1,1,1,1
3,4.20367802087489,4.955022315058112,Age0_F3_m3f2_P3_Y22_UO695,RD3_F2_m9f6_P9_Y20_UO703,RD2_F6_m9f6_P9_Y20_UO360,FXX,0,0.0,0,0,0.0,0,0,0,0.0,0.5260009765625,1,P5_CV0,1,1,1,1,1
3,4.20367802087489,4.955022315058112,Age0_F3_m3f5_P3_Y22_UO761,RD3_F6_m9f2_P9_Y20_UO181,RD5_F1_m5f1_P5_Y20_UO18,MXY,0,0.0,0,0,0.0,0,0,0,0.0,0.5279541015625,1,P5_CV0,1,1,1,1,1
3,4.20367802087489,4.955022315058112,Age0_F3_m3f5_P3_Y22_UO762,RD3_F6_m9f2_P9_Y20_UO181,RD5_F1_m5f1_P5_Y20_UO18,FXX,0,0.0,0,0,0.0,0,0,0,0.0,0.5279541015625,1,P5_CV0,1,0,2,1,1
3,4.20367802087489,4.955022315058112,Age0_F3_m3f5_P3_Y22_UO763,RD3_F6_m9f2_P9_Y20_UO181,RD5_F1_m5f1_P5_Y20_UO18,FXX,0,0.0,0,0,0.0,0,0,0,0.0,0.5279541015625,1,P5_CV0,1,1,1,2,0
3,4.20367802087489,4.955022315058112,Age0_F3_m3f5_P3_Y22_UO764,RD3_F6_m9f2_P9_Y20_UO181,RD5_F1_m5f1_P5_Y20_UO18,MXY,0,0.0,0,0,0.0,0,0,0,0.0,0.5279541015625,1,P5_CV0,1,1,1,2,0
3,4.20367802087489,4.955022315058112,Age0_F3_m3f5_P3_Y22_UO765,RD3_F6_m9f2_P9_Y20_UO181,RD5_F1_m5f1_P5_Y20_UO18,MXY,0,0.0,0,0,0.0,0,0,0,0.0,0.5279541015625,1,P5_CV0,1,0,2,0,2
3,4.20367802087489,4.955022315058112,R3_F3_m4f7_P4_Y20_UO444,RD4_F8_m4f8_P4_Y18_UO547,RD7_F4_m8f4_P8_Y18_UO628,FXX,2,0.0,1,0,1.0,0,0,0,-9999.0,0.53271484375,1,P5_CV0,1,1,1,2,0
3,4.20367802087489,4.955022315058112,R3_F3_m7f4_P7_Y21_UO265,RD7_F3_m5f1_P5_Y19_UO13,RD4_F7_m8f4_P8_Y18_UO628,MXY,1,0.0,1,1,0.0,0,0,0,-9999.0,0.529052734375,1,P6_CV0,1,1,1,1,1
3,4.20367802087489,4.955022315058112,Age0_F3_m3f5_P3_Y22_UO668,RD3_F6_m9f2_P9_Y20_UO181,RD5_F1_m5f3_P5_Y20_UO31,MXY,0,0.0,0,0,0.0,0,0,0,0.0,0.5223388671875,1,P8_CV0,1,0,2,0,2
3,4.20367802087489,4.955022315058112,Age0_F3_m3f5_P3_Y22_UO669,RD3_F6_m9f2_P9_Y20_UO181,RD5_F1_m5f3_P5_Y20_UO31,MXY,0,0.0,0,0,0.0,0,0,0,0.0,0.5223388671875,1,P8_CV0,1,0,2,1,1
3,4.20367802087489,4.955022315058112,Age0_F3_m3f5_P3_Y22_UO670,RD3_F6_m9f2_P9_Y20_UO181,RD5_F1_m5f3_P5_Y20_UO31,MXY,0,0.0,0,0,0.0,0,0,0,0.0,0.5223388671875,1,P8_CV0,1,0,2,0,2
3,4.20367802087489,4.955022315058112,Age0_F3_m3f5_P3_Y22_UO671,RD3_F6_m9f2_P9_Y20_UO181,RD5_F1_m5f3_P5_Y20_UO31,FXX,0,0.0,0,0,0.0,0,0,0,0.0,0.5223388671875,1,P8_CV0,1,0,2,0,2
3,4.20367802087489,4.955022315058112,Age0_F3_m3f5_P3_Y22_UO760,RD3_F6_m9f2_P9_Y20_UO181,RD5_F1_m5f1_P5_Y20_UO18,MXY,0,0.0,0,0,0.0,0,0,0,0.0,0.5279541015625,1,P8_CV0,1,1,1,1,1
3,4.20367802087489,4.955022315058112,R3_F3_m9f2_P9_Y20_UO181,RD9_F2_m9f2_P9_Y18_UO102,RD2_F9_m2f5_P2_Y18_UO370,FXX,2,0.0,1,0,1.0,0,0,0,-9999.0,0.5234375,1,P8_CV0,1,0,2,1,1
4,2.046486340378425,9.289064495259955,Age0_F4_m4f7_P4_Y22_UO624,RD4_F8_m4f7_P4_Y20_UO188,RD7_F3_m5f1_P5_Y20_UO735,FXX,0,0.0,0,0,0.0,0,0,0,0.0,0.52880859375,1,P0_CV0,1,0,2,1,1
4,2.046486340378425,9.289064495259955,Age0_F4_m4f7_P4_Y22_UO627,RD4_F8_m4f7_P4_Y20_UO188,RD7_F3_m5f1_P5_Y20_UO735,MXY,0,0.0,0,0,0.0,0,0,0,0.0,0.52880859375,1,P0_CV0,1,0,2,2,0
4,2.046486340378425,9.289064495259955,R4_F4_m4f7_P4_Y20_UO226,RD4_F8_m4f7_P4_Y18_UO113,RD7_F4_m4f7_P4_Y17_UO210,MXY,2,0.0,1,0,0.0,0,0,0,-9999.0,0.5361328125,1,P0_CV0,1,1,1,1,1
4,2.046486340378425,9.289064495259955,Age0_F4_m4f8_P4_Y22_UO283,RD4_F8_m4f7_P4_Y20_UO446,RD8_F4_m7f4_P7_Y20_UO119,MXY,0,0.0,0,0,0.0,0,0,0,0.0,0.5247802734375,1,P1_CV0,1,1,1,2,0
4,2.046486340378425,9.289064495259955,Age0_F4_m4f7_P4_Y22_UO726,RD4_F7_m3f6_P3_Y20_UO366,RD7_F4_m8f4_P8_Y20_UO681,FXX,0,0.0,0,0,0.0,0,0,0,0.0,0.523681640625,1,P1_CV0,1,1,1,2,0
4,2.046486340378425,9.289064495259955,Age0_F4_m4f7_P4_Y22_UO729,RD4_F7_m3f6_P3_Y20_UO366,RD7_F4_m8f4_P8_Y20_UO681,MXY,0,0.0,0,0,0.0,0,0,0,0.0,0.523681640625,1,P1_CV0,1,1,1,0,2
4,2.046486340378425,9.289064495259955,Age0_F4_m4f7_P4_Y22_UO95,RD4_F8_m4f8_P4_Y20_UO13,RD7_F3_m2f5_P2_Y20_UO600,FXX,0,0.0,0,0,0.0,0,0,0,0.0,0.5352783203125,1,P2_CV0,1,2,0,1,1
4,2.046486340378425,9.289064495259955,Age0_F4_m4f7_P4_Y22_UO96,RD4_F8_m4f8_P4_Y20_UO13,RD7_F3_m2f5_P2_Y20_UO600,FXX,0,0.0,0,0,0.0,0,0,0,0.0,0.5352783203125,1,P2_CV0,1,1,1,2,0
4,2.046486340378425,9.289064495259955,Age0_F4_m4f7_P4_Y22_UO97,RD4_F8_m4f8_P4_Y20_UO13,RD7_F3_m2f5_P2_Y20_UO600,MXY,0,0.0,0,0,0.0,0,0,0,0.0,0.5352783203125,1,P2_CV0,1,2,0,1,1
4,2.046486340378425,9.289064495259955,Age0_F4_m4f7_P4_Y22_UO133,RD4_F8_m4f7_P4_Y20_UO310,RD7_F3_m2f3_P2_Y20_UO93,MXY,0,0.0,0,0,0.0,0,0,0,0.0,0.529052734375,1,P2_CV0,1,1,1,1,1
4,2.046486340378425,9.289064495259955,Age0_F4_m4f7_P4_Y22_UO134,RD4_F8_m4f7_P4_Y20_UO310,RD7_F3_m2f3_P2_Y20_UO93,FXX,0,0.0,0,0,0.0,0,0,0,0.0,0.529052734375,1,P2_CV0,1,1,1,1,1
4,2.046486340378425,9.289064495259955,Age0_F4_m4f7_P4_Y22_UO211,RD4_F7_m4f8_P4_Y20_UO354,RD7_F4_m8f4_P8_Y18_UO73,FXX,0,0.0,0,0,0.0,0,0,0,0.0,0.5128173828125,1,P2_CV0,1,1,1,2,0
4,2.046486340378425,9.289064495259955,Age0_F4_m4f7_P4_Y22_UO212,RD4_F7_m4f8_P4_Y20_UO354,RD7_F4_m8f4_P8_Y18_UO73,MXY,0,0.0,0,0,0.0,0,0,0,0.0,0.5128173828125,1,P2_CV0,1,1,1,2,0
4,2.046486340378425,9.289064495259955,Age0_F4_m4f7_P4_Y22_UO215,RD4_F7_m4f8_P4_Y20_UO354,RD7_F4_m8f4_P8_Y18_UO73,FXX,0,0.0,0,0,0.0,0,0,0,0.0,0.5128173828125,1,P2_CV0,1,0,2,2,0
4,2.046486340378425,9.289064495259955,Age0_F4_m4f7_P4_Y22_UO273,RD4_F7_m3f6_P3_Y20_UO366,RD7_F3_m2f3_P2_Y20_UO93,MXY,0,0.0,0,0,0.0,0,0,0,0.0,0.51904296875,1,P2_CV0,1,1,1,0,2
4,2.046486340378425,9.289064495259955,Age0_F4_m4f7_P4_Y22_UO274,RD4_F7_m3f6_P3_Y20_UO366,RD7_F3_m2f3_P2_Y20_UO93,FXX,0,0.0,0,0,0.0,0,0,0,0.0,0.51904296875,1,P2_CV0,1,1,1,0,2
4,2.046486340378425,9.289064495259955,Age0_F4_m4f7_P4_Y22_UO275,RD4_F7_m3f6_P3_Y20_UO366,RD7_F3_m2f3_P2_Y20_UO93,MXY,0,0.0,0,0,0.0,0,0,0,0.0,0.51904296875,1,P2_CV0,1,2,0,0,2
4,2.046486340378425,9.289064495259955,Age0_F4_m4f8_P4_Y22_UO301,RD4_F8_m4f7_P4_Y20_UO188,RD8_F4_m4f8_P4_Y19_UO155,MXY,0,0.0,0,0,0.0,0,0,0,0.0,0.5513916015625,1,P2_CV0,1,0,2,2,0
4,2.046486340378425,9.289064495259955,Age0_F4_m4f8_P4_Y22_UO302,RD4_F8_m4f7_P4_Y20_UO188,RD8_F4_m4f8_P4_Y19_UO155,FXX,0,0.0,0,0,0.0,0,0,0,0.0,0.5513916015625,1,P2_CV0,1,0,2,1,1
4,2.046486340378425,9.289064495259955,Age0_F4_m4f8_P4_Y22_UO304,RD4_F8_m4f7_P4_Y20_UO188,RD8_F4_m4f8_P4_Y19_UO155,MXY,0,0.0,0,0,0.0,0,0,0,0.0,0.5513916015625,1,P2_CV0,1,0,2,2,0
4,2.046486340378425,9.289064495259955,Age0_F4_m4f8_P4_Y22_UO305,RD4_F8_m4f7_P4_Y20_UO188,RD8_F4_m4f8_P4_Y19_UO155,FXX,0,0.0,0,0,0.0,0,0,0,0.0,0.5513916015625,1,P2_CV0,1,2,0,2,0
4,2.046486340378425,9.289064495259955,Age0_F4_m4f7_P4_Y22_UO427,RD4_F8_m4f7_P4_Y20_UO189,RD7_F4_m8f4_P8_Y20_UO89,MXY,0,0.0,0,0,0.0,0,0,0,0.0,0.529541015625,1,P2_CV0,1,0,2,2,0
4,2.046486340378425,9.289064495259955,Age0_F4_m4f7_P4_Y22_UO428,RD4_F8_m4f7_P4_Y20_UO189,RD7_F4_m8f4_P8_Y20_UO89,FXX,0,0.0,0,0,0.0,0,0,0,0.0,0.529541015625,1,P2_CV0,1,0,2,2,0
4,2.046486340378425,9.289064495259955,Age0_F4_m4f7_P4_Y22_UO429,RD4_F8_m4f7_P4_Y20_UO189,RD7_F4_m8f4_P8_Y20_UO89,FXX,0,0.0,0,0,0.0,0,0,0,0.0,0.529541015625,1,P2_CV0,1,1,1,2,0
4,2.046486340378425,9.289064495259955,Age0_F4_m4f7_P4_Y22_UO432,RD4_F8_m4f7_P4_Y20_UO189,RD7_F4_m8f4_P8_Y20_UO89,FXX,0,0.0,0,0,0.0,0,0,0,0.0,0.529541015625,1,P2_CV0,1,1,1,2,0
4,2.046486340378425,9.289064495259955,Age0_F4_m4f7_P4_Y22_UO516,RD4_F8_m4f7_P4_Y20_UO310,RD7_F4_m7f3_P7_Y18_UO676,MXY,0,0.0,0,0,0.0,0,0,0,0.0,0.5416259765625,1,P2_CV0,1,0,2,1,1
4,2.046486340378425,9.289064495259955,Age0_F4_m4f7_P4_Y22_UO625,RD4_F8_m4f7_P4_Y20_UO188,RD7_F3_m5f1_P5_Y20_UO735,MXY,0,0.0,0,0,0.0,0,0,0,0.0,0.52880859375,1,P2_CV0,1,0,2,2,0
4,2.046486340378425,9.289064495259955,Age0_F4_m4f7_P4_Y22_UO626,RD4_F8_m4f7_P4_Y20_UO188,RD7_F3_m5f1_P5_Y20_UO735,FXX,0,0.0,0,0,0.0,0,0,0,0.0,0.52880859375,1,P2_CV0,1,0,2,1,1
4,2.046486340378425,9.289064495259955,Age0_F4_m4f7_P4_Y22_UO727,RD4_F7_m3f6_P3_Y20_UO366,RD7_F4_m8f4_P8_Y20_UO681,MXY,0,0.0,0,0,0.0,0,0,0,0.0,0.523681640625,1,P2_CV0,1,2,0,1,1
4,2.046486340378425,9.289064495259955,Age0_F4_m4f7_P4_Y22_UO728,RD4_F7_m3f6_P3_Y20_UO366,RD7_F4_m8f4_P8_Y20_UO681,MXY,0,0.0,0,0,0.0,0,0,0,0.0,0.523681640625,1,P2_CV0,1,2,0,0,2
4,2.046486340378425,9.289064495259955,Age0_F4_m4f7_P4_Y22_UO730,RD4_F7_m3f6_P3_Y20_UO366,RD7_F4_m8f4_P8_Y20_UO681,MXY,0,0.0,0,0,0.0,0,0,0,0.0,0.523681640625,1,P2_CV0,1,1,1,1,1
4,2.046486340378425,9.289064495259955,Age0_F4_m4f7_P4_Y22_UO731,RD4_F7_m3f6_P3_Y20_UO366,RD7_F4_m8f4_P8_Y20_UO681,MXY,0,0.0,0,0,0.0,0,0,0,0.0,0.523681640625,1,P2_CV0,1,2,0,1,1
4,2.046486340378425,9.289064495259955,Age0_F4_m4f7_P4_Y22_UO732,RD4_F7_m3f6_P3_Y20_UO366,RD7_F4_m8f4_P8_Y20_UO681,MXY,0,0.0,0,0,0.0,0,0,0,0.0,0.523681640625,1,P2_CV0,1,1,1,1,1
4,2.046486340378425,9.289064495259955,R4_F4_m8f4_P8_Y21_UO286,RD8_F4_m8f4_P8_Y19_UO75,RD4_F8_m7f4_P7_Y18_UO480,FXX,1,0.0,1,1,1.0,0,0,0,-9999.0,0.545654296875,1,P2_CV0,1,1,1,1,1
4,2.046486340378425,9.289064495259955,R4_F4_m8f4_P8_Y21_UO60,RD8_F4_m7f4_P7_Y19_UO97,RD4_F7_m7f3_P7_Y18_UO676,MXY,1,0.0,1,1,0.0,0,0,0,-9999.0,0.541259765625,1,P2_CV0,1,1,1,1,1
4,2.046486340378425,9.289064495259955,R4_F4_m3f5_P3_Y20_UO318,RD3_F2_m3f6_P3_Y18_UO8,RD5_F1_m5f2_P5_Y18_UO309,MXY,2,0.0,1,0,0.0,0,0,0,-9999.0,0.5380859375,1,P2_CV0,1,1,1,0,2
4,2.046486340378425,9.289064495259955,R4_F4_m4f7_P4_Y20_UO189,RD4_F8_m4f7_P4_Y18_UO646,RD7_F3_m6f2_P6_Y18_UO561,FXX,2,0.0,1,0,1.0,0,0,0,-9999.0,0.540283203125,1,P2_CV0,1,0,2,2,0
4,2.046486340378425,9.289064495259955,R4_F4_m3f6_P3_Y20_UO366,RD3_F7_m4f7_P4_Y18_UO386,RD6_F2_m9f6_P9_Y18_UO645,FXX,2,0.0,1,0,1.0,0,0,0,-9999.0,0.531982421875,1,P2_CV0,1,1,1,1,1
4,2.046486340378425,9.289064495259955,R4_F4_m3f5_P3_Y18_UO90,RD3_F5_m3f2_P3_Y16_UO713,RD5_F1_m5f2_P5_Y16_UO538,FXX,4,0.0,1,0,1.0,0,0,0,-9999.0,0.52685546875,1,P2_CV0,1,0,2,0,2
4,2.046486340378425,9.289064495259955,Age0_F4_m4f8_P4_Y22_UO1,RD4_F7_m4f8_P4_Y20_UO565,RD8_F4_m8f4_P8_Y20_UO123,FXX,0,0.0,0,0,0.0,0,0,0,0.0,0.542236328125,1,P3_CV0,1,1,1,0,2
4,2.046486340378425,9.289064495259955,Age0_F4_m4f8_P4_Y22_UO57,RD4_F8_m4f7_P4_Y20_UO446,RD8_F4_m7f3_P7_Y20_UO639,FXX,0,0.0,0,0,0.0,0,0,0,0.0,0.52587890625,1,P3_CV0,1,0,2,1,1
4,2.046486340378425,9.289064495259955,Age0_F4_m4f8_P4_Y22_UO58,RD4_F8_m4f7_P4_Y20_UO446,RD8_F4_m7f3_P7_Y20_UO639,MXY,0,0.0,0,0,0.0,0,0,0,0.0,0.52587890625,1,P3_CV0,1,1,1,1,1
4,2.046486340378425,9.289064495259955,Age0_F4_m4f8_P4_Y22_UO59,RD4_F8_m4f7_P4_Y20_UO446,RD8_F4_m7f3_P7_Y20_UO639,FXX,0,0.0,0,0,0.0,0,0,0,0.0,0.52587890625,1,P3_CV0,1,1,1,1,1
4,2.046486340378425,9.289064495259955,Age0_F4_m4f8_P4_Y22_UO141,RD4_F8_m4f8_P4_Y20_UO578,RD8_F4_m7f3_P7_Y20_UO639,FXX,0,0.0,0,0,0.0,0,0,0,0.0,0.51953125,1,P3_CV0,1,0,2,0,2
4,2.046486340378425,9.289064495259955,Age0_F4_m4f8_P4_Y22_UO225,RD4_F7_m3f2_P3_Y20_UO434,RD8_F4_m7f3_P7_Y20_UO150,FXX,0,0.0,0,0,0.0,0,0,0,0.0,0.535400390625,1,P3_CV0,1,1,1,1,1
4,2.046486340378425,9.289064495259955,Age0_F4_m4f8_P4_Y22_UO284,RD4_F8_m4f7_P4_Y20_UO446,RD8_F4_m7f4_P7_Y20_UO119,FXX,0,0.0,0,0,0.0,0,0,0,0.0,0.5247802734375,1,P3_CV0,1,0,2,1,1
4,2.046486340378425,9.289064495259955,Age0_F4_m4f7_P4_Y22_UO565,RD4_F8_m4f8_P4_Y20_UO668,RD7_F4_m7f3_P7_Y20_UO157,MXY,0,0.0,0,0,0.0,0,0,0,0.0,0.54052734375,1,P3_CV0,1,1,1,1,1
4,2.046486340378425,9.289064495259955,Age0_F4_m4f7_P4_Y22_UO566,RD4_F8_m4f8_P4_Y20_UO668,RD7_F4_m7f3_P7_Y20_UO157,FXX,0,0.0,0,0,0.0,0,0,0,0.0,0.54052734375,1,P3_CV0,1,1,1,2,0
4,2.046486340378425,9.289064495259955,Age0_F4_m4f7_P4_Y22_UO567,RD4_F8_m4f8_P4_Y20_UO668,RD7_F4_m7f3_P7_Y20_UO157,FXX,0,0.0,0,0,0.0,0,0,0,0.0,0.54052734375,1,P3_CV0,1,1,1,1,1
4,2.046486340378425,9.289064495259955,Age0_F4_m4f8_P4_Y22_UO0,RD4_F7_m4f8_P4_Y20_UO565,RD8_F4_m8f4_P8_Y20_UO123,FXX,0,0.0,0,0,0.0,0,0,0,0.0,0.542236328125,1,P4_CV0,1,0,2,0,2
4,2.046486340378425,9.289064495259955,Age0_F4_m4f8_P4_Y22_UO43,RD4_F7_m3f2_P3_Y20_UO434,RD8_F4_m8f4_P8_Y20_UO341,MXY,0,0.0,0,0,0.0,0,0,0,0.0,0.528564453125,1,P4_CV0,1,1,1,0,2
4,2.046486340378425,9.289064495259955,Age0_F4_m4f8_P4_Y22_UO44,RD4_F7_m3f2_P3_Y20_UO434,RD8_F4_m8f4_P8_Y20_UO341,MXY,0,0.0,0,0,0.0,0,0,0,0.0,0.528564453125,1,P4_CV0,1,1,1,0,2
4,2.046486340378425,9.289064495259955,Age0_F4_m4f8_P4_Y22_UO250,RD4_F7_m3f6_P3_Y20_UO177,RD8_F4_m4f8_P4_Y19_UO155,MXY,0,0.0,0,0,0.0,0,0,0,0.0,0.5408935546875,1,P4_CV0,1,2,0,2,0
4,2.046486340378425,9.289064495259955,Age0_F4_m4f7_P4_Y22_UO298,RD4_F8_m4f8_P4_Y20_UO586,RD7_F4_m8f4_P8_Y20_UO91,FXX,0,0.0,0,0,0.0,0,0,0,0.0,0.51904296875,1,P4_CV0,1,1,1,1,1
4,2.046486340378425,9.289064495259955,Age0_F4_m4f7_P4_Y22_UO299,RD4_F8_m4f8_P4_Y20_UO586,RD7_F4_m8f4_P8_Y20_UO91,FXX,0,0.0,0,0,0.0,0,0,0,0.0,0.51904296875,1,P4_CV0,1,1,1,1,1
4,2.046486340378425,9.289064495259955,Age0_F4_m4f7_P4_Y22_UO300,RD4_F8_m4f8_P4_Y20_UO586,RD7_F4_m8f4_P8_Y20_UO91,FXX,0,0.0,0,0,0.0,0,0,0,0.0,0.51904296875,1,P4_CV0,1,2,0,0,2
4,2.046486340378425,9.289064495259955,Age0_F4_m4f8_P4_Y22_UO335,RD4_F8_m4f8_P4_Y20_UO586,RD8_F4_m8f4_P8_Y20_UO123,FXX,0,0.0,0,0,0.0,0,0,0,0.0,0.5352783203125,1,P4_CV0,1,1,1,0,2
4,2.046486340378425,9.289064495259955,Age0_F4_m4f8_P4_Y22_UO336,RD4_F8_m4f8_P4_Y20_UO586,RD8_F4_m8f4_P8_Y20_UO123,FXX,0,0.0,0,0,0.0,0,0,0,0.0,0.5352783203125,1,P4_CV0,1,1,1,0,2
4,2.046486340378425,9.289064495259955,Age0_F4_m4f8_P4_Y22_UO337,RD4_F8_m4f8_P4_Y20_UO586,RD8_F4_m8f4_P8_Y20_UO123,FXX,0,0.0,0,0,0.0,0,0,0,0.0,0.5352783203125,1,P4_CV0,1,1,1,0,2
4,2.046486340378425,9.289064495259955,Age0_F4_m4f8_P4_Y22_UO338,RD4_F8_m4f8_P4_Y20_UO586,RD8_F4_m8f4_P8_Y20_UO123,MXY,0,0.0,0,0,0.0,0,0,0,0.0,0.5352783203125,1,P4_CV0,1,1,1,1,1
4,2.046486340378425,9.289064495259955,Age0_F4_m4f8_P4_Y22_UO402,RD4_F8_m4f7_P4_Y20_UO745,RD8_F4_m8f4_P8_Y20_UO88,MXY,0,0.0,0,0,0.0,0,0,0,0.0,0.533935546875,1,P4_CV0,1,0,2,2,0
4,2.046486340378425,9.289064495259955,Age0_F4_m4f8_P4_Y22_UO403,RD4_F8_m4f7_P4_Y20_UO745,RD8_F4_m8f4_P8_Y20_UO88,MXY,0,0.0,0,0,0.0,0,0,0,0.0,0.533935546875,1,P4_CV0,1,2,0,2,0
4,2.046486340378425,9.289064495259955,Age0_F4_m4f8_P4_Y22_UO404,RD4_F8_m4f7_P4_Y20_UO745,RD8_F4_m8f4_P8_Y20_UO88,FXX,0,0.0,0,0,0.0,0,0,0,0.0,0.533935546875,1,P4_CV0,1,2,0,0,2
4,2.046486340378425,9.289064495259955,Age0_F4_m4f8_P4_Y22_UO417,RD4_F7_m4f8_P4_Y20_UO354,RD8_F4_m8f4_P8_Y20_UO617,MXY,0,0.0,0,0,0.0,0,0,0,0.0,0.5169677734375,1,P4_CV0,1,0,2,1,1
4,2.046486340378425,9.289064495259955,Age0_F4_m4f8_P4_Y22_UO419,RD4_F7_m4f8_P4_Y20_UO354,RD8_F4_m8f4_P8_Y20_UO617,MXY,0,0.0,0,0,0.0,0,0,0,0.0,0.5169677734375,1,P4_CV0,1,0,2,1,1
4,2.046486340378425,9.289064495259955,Age0_F4_m4f7_P4_Y22_UO430,RD4_F8_m4f7_P4_Y20_UO189,RD7_F4_m8f4_P8_Y20_UO89,FXX,0,0.0,0,0,0.0,0,0,0,0.0,0.529541015625,1,P4_CV0,1,0,2,2,0
4,2.046486340378425,9.289064495259955,Age0_F4_m4f7_P4_Y22_UO431,RD4_F8_m4f7_P4_Y20_UO189,RD7_F4_m8f4_P8_Y20_UO89,FXX,0,0.0,0,0,0.0,0,0,0,0.0,0.529541015625,1,P4_CV0,1,1,1,2,0
4,2.046486340378425,9.289064495259955,Age0_F4_m4f8_P4_Y22_UO476,RD4_F7_m3f2_P3_Y20_UO434,RD8_F4_m8f4_P8_Y20_UO656,MXY,0,0.0,0,0,0.0,0,0,0,0.0,0.5328369140625,1,P4_CV0,1,2,0,1,1
4,2.046486340378425,9.289064495259955,Age0_F4_m4f8_P4_Y22_UO477,RD4_F7_m3f2_P3_Y20_UO434,RD8_F4_m8f4_P8_Y20_UO656,MXY,0,0.0,0,0,0.0,0,0,0,0.0,0.5328369140625,1,P4_CV0,1,2,0,0,2
4,2.046486340378425,9.289064495259955,Age0_F4_m4f8_P4_Y22_UO482,RD4_F8_m4f8_P4_Y20_UO668,RD8_F4_m8f4_P8_Y20_UO123,FXX,0,0.0,0,0,0.0,0,0,0,0.0,0.5479736328125,1,P4_CV0,1,1,1,1,1
4,2.046486340378425,9.289064495259955,Age0_F4_m4f8_P4_Y22_UO483,RD4_F8_m4f8_P4_Y20_UO668,RD8_F4_m8f4_P8_Y20_UO123,FXX,0,0.0,0,0,0.0,0,0,0,0.0,0.5479736328125,1,P4_CV0,1,1,1,1,1
4,2.046486340378425,9.289064495259955,Age0_F4_m4f8_P4_Y22_UO484,RD4_F8_m4f8_P4_Y20_UO668,RD8_F4_m8f4_P8_Y20_UO123,MXY,0,0.0,0,0,0.0,0,0,0,0.0,0.5479736328125,1,P4_CV0,1,1,1,1,1
4,2.046486340378425,9.289064495259955,Age0_F4_m4f7_P4_Y22_UO517,RD4_F8_m4f7_P4_Y20_UO310,RD7_F4_m7f3_P7_Y18_UO676,MXY,0,0.0,0,0,0.0,0,0,0,0.0,0.5416259765625,1,P4_CV0,1,1,1,1,1
4,2.046486340378425,9.289064495259955,Age0_F4_m4f7_P4_Y22_UO518,RD4_F8_m4f7_P4_Y20_UO310,RD7_F4_m7f3_P7_Y18_UO676,FXX,0,0.0,0,0,0.0,0,0,0,0.0,0.5416259765625,1,P4_CV0,1,2,0,1,1
4,2.046486340378425,9.289064495259955,Age0_F4_m4f7_P4_Y22_UO519,RD4_F8_m4f7_P4_Y20_UO310,RD7_F4_m7f3_P7_Y18_UO676,FXX,0,0.0,0,0,0.0,0,0,0,0.0,0.5416259765625,1,P4_CV0,1,1,1,0,2
4,2.046486340378425,9.289064495259955,R4_F4_m8f4_P8_Y21_UO59,RD8_F4_m7f4_P7_Y19_UO97,RD4_F7_m7f3_P7_Y18_UO676,FXX,1,0.0,1,1,1.0,0,0,0,-9999.0,0.541259765625,1,P4_CV0,1,2,0,1,1
4,2.046486340378425,9.289064495259955,Age0_F4_m4f8_P4_Y22_UO41,RD4_F7_m3f2_P3_Y20_UO434,RD8_F4_m8f4_P8_Y20_UO341,FXX,0,0.0,0,0,0.0,0,0,0,0.0,0.528564453125,1,P5_CV0,1,1,1,0,2
4,2.046486340378425,9.289064495259955,Age0_F4_m4f8_P4_Y22_UO42,RD4_F7_m3f2_P3_Y20_UO434,RD8_F4_m8f4_P8_Y20_UO341,MXY,0,0.0,0,0,0.0,0,0,0,0.0,0.528564453125,1,P5_CV0,1,1,1,1,1
4,2.046486340378425,9.289064495259955,Age0_F4_m4f8_P4_Y22_UO139,RD4_F8_m4f8_P4_Y20_UO578,RD8_F4_m7f3_P7_Y20_UO639,FXX,0,0.0,0,0,0.0,0,0,0,0.0,0.51953125,1,P5_CV0,1,1,1,0,2
4,2.046486340378425,9.289064495259955,Age0_F4_m4f8_P4_Y22_UO140,RD4_F8_m4f8_P4_Y20_UO578,RD8_F4_m7f3_P7_Y20_UO639,FXX,0,0.0,0,0,0.0,0,0,0,0.0,0.51953125,1,P5_CV0,1,1,1,0,2
4,2.046486340378425,9.289064495259955,Age0_F4_m4f7_P4_Y22_UO213,RD4_F7_m4f8_P4_Y20_UO354,RD7_F4_m8f4_P8_Y18_UO73,MXY,0,0.0,0,0,0.0,0,0,0,0.0,0.5128173828125,1,P5_CV0,1,1,1,2,0
4,2.046486340378425,9.289064495259955,Age0_F4_m4f7_P4_Y22_UO214,RD4_F7_m4f8_P4_Y20_UO354,RD7_F4_m8f4_P8_Y18_UO73,FXX,0,0.0,0,0,0.0,0,0,0,0.0,0.5128173828125,1,P5_CV0,1,0,2,2,0
4,2.046486340378425,9.289064495259955,Age0_F4_m4f7_P4_Y22_UO216,RD4_F7_m4f8_P4_Y20_UO354,RD7_F4_m8f4_P8_Y18_UO73,FXX,0,0.0,0,0,0.0,0,0,0,0.0,0.5128173828125,1,P5_CV0,1,1,1,2,0
4,2.046486340378425,9.289064495259955,Age0_F4_m4f8_P4_Y22_UO226,RD4_F7_m3f2_P3_Y20_UO434,RD8_F4_m7f3_P7_Y20_UO150,MXY,0,0.0,0,0,0.0,0,0,0,0.0,0.535400390625,1,P5_CV0,1,1,1,1,1
4,2.046486340378425,9.289064495259955,Age0_F4_m4f8_P4_Y22_UO227,RD4_F7_m3f2_P3_Y20_UO434,RD8_F4_m7f3_P7_Y20_UO150,MXY,0,0.0,0,0,0.0,0,0,0,0.0,0.535400390625,1,P5_CV0,1,1,1,1,1
4,2.046486340378425,9.289064495259955,Age0_F4_m4f8_P4_Y22_UO276,RD4_F7_m4f8_P4_Y20_UO579,RD8_F4_m8f4_P8_Y20_UO124,MXY,0,0.0,0,0,0.0,0,0,0,0.0,0.53564453125,1,P5_CV0,1,1,1,0,2
4,2.046486340378425,9.289064495259955,Age0_F4_m4f8_P4_Y22_UO277,RD4_F7_m4f8_P4_Y20_UO579,RD8_F4_m8f4_P8_Y20_UO124,FXX,0,0.0,0,0,0.0,0,0,0,0.0,0.53564453125,1,P5_CV0,1,1,1,1,1
4,2.046486340378425,9.289064495259955,Age0_F4_m4f8_P4_Y22_UO278,RD4_F7_m4f8_P4_Y20_UO579,RD8_F4_m8f4_P8_Y20_UO124,MXY,0,0.0,0,0,0.0,0,0,0,0.0,0.53564453125,1,P5_CV0,1,0,2,1,1
4,2.046486340378425,9.289064495259955,Age0_F4_m4f8_P4_Y22_UO279,RD4_F7_m4f8_P4_Y20_UO579,RD8_F4_m8f4_P8_Y20_UO124,FXX,0,0.0,0,0,0.0,0,0,0,0.0,0.53564453125,1,P5_CV0,1,1,1,0,2
4,2.046486340378425,9.289064495259955,Age0_F4_m4f8_P4_Y22_UO418,RD4_F7_m4f8_P4_Y20_UO354,RD8_F4_m8f4_P8_Y20_UO617,MXY,0,0.0,0,0,0.0,0,0,0,0.0,0.5169677734375,1,P5_CV0,1,0,2,1,1
4,2.046486340378425,9.289064495259955,Age0_F4_m4f8_P4_Y22_UO475,RD4_F7_m3f2_P3_Y20_UO434,RD8_F4_m8f4_P8_Y20_UO656,FXX,0,0.0,0,0,0.0,0,0,0,0.0,0.5328369140625,1,P5_CV0,1,1,1,1,1
4,2.046486340378425,9.289064495259955,Age0_F4_m4f8_P4_Y22_UO478,RD4_F7_m3f2_P3_Y20_UO434,RD8_F4_m8f4_P8_Y20_UO656,FXX,0,0.0,0,0,0.0,0,0,0,0.0,0.5328369140625,1,P5_CV0,1,2,0,0,2
4,2.046486340378425,9.289064495259955,Age0_F4_m4f8_P4_Y22_UO496,RD4_F8_m4f8_P4_Y20_UO566,RD8_F4_m4f8_P4_Y19_UO124,MXY,0,0.0,0,0,0.0,0,0,0,0.0,0.5478515625,1,P5_CV0,1,1,1,1,1
4,2.046486340378425,9.289064495259955,Age0_F4_m4f8_P4_Y22_UO497,RD4_F8_m4f8_P4_Y20_UO566,RD8_F4_m4f8_P4_Y19_UO124,FXX,0,0.0,0,0,0.0,0,0,0,0.0,0.5478515625,1,P5_CV0,1,2,0,0,2
4,2.046486340378425,9.289064495259955,Age0_F4_m4f8_P4_Y22_UO251,RD4_F7_m3f6_P3_Y20_UO177,RD8_F4_m4f8_P4_Y19_UO155,MXY,0,0.0,0,0,0.0,0,0,0,0.0,0.5408935546875,1,P6_CV0,1,2,0,1,1
4,2.046486340378425,9.289064495259955,Age0_F4_m4f8_P4_Y22_UO252,RD4_F7_m3f6_P3_Y20_UO177,RD8_F4_m4f8_P4_Y19_UO155,FXX,0,0.0,0,0,0.0,0,0,0,0.0,0.5408935546875,1,P6_CV0,1,2,0,1,1
4,2.046486340378425,9.289064495259955,Age0_F4_m4f8_P4_Y22_UO303,RD4_F8_m4f7_P4_Y20_UO188,RD8_F4_m4f8_P4_Y19_UO155,FXX,0,0.0,0,0,0.0,0,0,0,0.0,0.5513916015625,1,P6_CV0,1,1,1,2,0
4,2.046486340378425,9.289064495259955,Age0_F4_m4f8_P4_Y22_UO494,RD4_F8_m4f8_P4_Y20_UO566,RD8_F4_m4f8_P4_Y19_UO124,MXY,0,0.0,0,0,0.0,0,0,0,0.0,0.5478515625,1,P6_CV0,1,1,1,2,0
4,2.046486340378425,9.289064495259955,Age0_F4_m4f8_P4_Y22_UO495,RD4_F8_m4f8_P4_Y20_UO566,RD8_F4_m4f8_P4_Y19_UO124,MXY,0,0.0,0,0,0.0,0,0,0,0.0,0.5478515625,1,P6_CV0,1,1,1,1,1
4,2.046486340378425,9.289064495259955,Age0_F4_m4f8_P4_Y22_UO498,RD4_F8_m4f8_P4_Y20_UO566,RD8_F4_m4f8_P4_Y19_UO124,MXY,0,0.0,0,0,0.0,0,0,0,0.0,0.5478515625,1,P6_CV0,1,2,0,2,0
5,2.9965467367452314,4.002409126542999,Age0_F5_m5f2_P5_Y22_UO315,RD5_F1_m5f1_P5_Y20_UO483,RD2_F6_m9f6_P9_Y20_UO360,MXY,0,0.0,0,0,0.0,0,0,0,0.0,0.5240478515625,1,P0_CV0,1,1,1,0,2
5,2.9965467367452314,4.002409126542999,Age0_F5_m5f2_P5_Y22_UO459,RD5_F2_m5f1_P5_Y20_UO293,RD2_F6_m9f6_P9_Y20_UO406,FXX,0,0.0,0,0,0.0,0,0,0,0.0,0.5302734375,1,P0_CV0,1,0,2,1,1
5,2.9965467367452314,4.002409126542999,Age0_F5_m5f3_P5_Y22_UO748,RD5_F1_m5f1_P5_Y20_UO483,RD3_F6_m9f6_P9_Y20_UO750,MXY,0,0.0,0,0,0.0,0,0,0,0.0,0.531982421875,1,P0_CV0,1,0,2,1,1
5,2.9965467367452314,4.002409126542999,R5_F5_m2f6_P2_Y21_UO150,RD2_F5_m3f2_P3_Y19_UO18,RD6_F3_m6f3_P6_Y19_UO51,MXY,1,0.0,1,1,0.0,0,0,0,-9999.0,0.529296875,1,P0_CV0,1,1,1,2,0
5,2.9965467367452314,4.002409126542999,R5_F5_m5f2_P5_Y20_UO596,RD5_F2_m5f2_P5_Y18_UO241,RD2_F9_m2f5_P2_Y18_UO370,FXX,2,0.0,1,0,1.0,0,0,0,-9999.0,0.53515625,1,P0_CV0,1,1,1,1,1
5,2.9965467367452314,4.002409126542999,Age0_F5_m5f3_P5_Y22_UO201,RD5_F1_m5f1_P5_Y20_UO419,RD3_F6_m2f5_P2_Y20_UO672,FXX,0,0.0,0,0,0.0,0,0,0,0.0,0.5404052734375,1,P1_CV0,1,0,2,2,0
5,2.9965467367452314,4.002409126542999,Age0_F5_m5f3_P5_Y22_UO203,RD5_F1_m5f1_P5_Y20_UO419,RD3_F6_m2f5_P2_Y20_UO672,FXX,0,0.0,0,0,0.0,0,0,0,0.0,0.5404052734375,1,P1_CV0,1,0,2,0,2
5,2.9965467367452314,4.002409126542999,Age0_F5_m5f1_P5_Y22_UO526,RD5_F1_m5f2_P5_Y20_UO190,RD1_F5_m1f5_P1_Y20_UO502,MXY,0,0.0,0,0,0.0,0,0,0,0.0,0.5380859375,1,P1_CV0,1,2,0,1,1
5,2.9965467367452314,4.002409126542999,Age0_F5_m5f1_P5_Y22_UO528,RD5_F1_m5f2_P5_Y20_UO190,RD1_F5_m1f5_P1_Y20_UO502,MXY,0,0.0,0,0,0.0,0,0,0,0.0,0.5380859375,1,P1_CV0,1,2,0,1,1
5,2.9965467367452314,4.002409126542999,Age0_F5_m5f1_P5_Y22_UO529,RD5_F1_m5f2_P5_Y20_UO190,RD1_F5_m1f5_P1_Y20_UO502,FXX,0,0.0,0,0,0.0,0,0,0,0.0,0.5380859375,1,P1_CV0,1,2,0,1,1
5,2.9965467367452314,4.002409126542999,Age0_F5_m5f2_P5_Y22_UO632,RD5_F1_m5f3_P5_Y20_UO708,RD2_F6_m9f6_P9_Y20_UO10,FXX,0,0.0,0,0,0.0,0,0,0,0.0,0.5343017578125,1,P1_CV0,1,0,2,2,0
5,2.9965467367452314,4.002409126542999,Age0_F5_m5f2_P5_Y22_UO634,RD5_F1_m5f3_P5_Y20_UO708,RD2_F6_m9f6_P9_Y20_UO10,FXX,0,0.0,0,0,0.0,0,0,0,0.0,0.5343017578125,1,P1_CV0,1,1,1,1,1
5,2.9965467367452314,4.002409126542999,R5_F5_m5f1_P5_Y20_UO687,RD5_F1_m5f1_P5_Y18_UO507,RD1_F5_m1f5_P1_Y18_UO120,MXY,2,0.0,1,0,0.0,0,0,0,-9999.0,0.53857421875,1,P1_CV0,1,1,1,1,1
5,2.9965467367452314,4.002409126542999,Age0_F5_m5f1_P5_Y22_UO9,RD5_F1_m5f3_P5_Y20_UO708,RD1_F5_m2f9_P2_Y20_UO140,MXY,0,0.0,0,0,0.0,0,0,0,0.0,0.5322265625,1,P2_CV0,1,0,2,2,0
5,2.9965467367452314,4.002409126542999,Age0_F5_m5f1_P5_Y22_UO10,RD5_F1_m5f3_P5_Y20_UO708,RD1_F5_m2f9_P2_Y20_UO140,MXY,0,0.0,0,0,0.0,0,0,0,0.0,0.5322265625,1,P2_CV0,1,0,2,1,1
5,2.9965467367452314,4.002409126542999,Age0_F5_m5f1_P5_Y22_UO11,RD5_F1_m5f3_P5_Y20_UO708,RD1_F5_m2f9_P2_Y20_UO140,FXX,0,0.0,0,0,0.0,0,0,0,0.0,0.5322265625,1,P2_CV0,1,1,1,1,1
5,2.9965467367452314,4.002409126542999,Age0_F5_m5f3_P5_Y22_UO19,RD5_F1_m5f1_P5_Y20_UO418,RD3_F7_m3f7_P3_Y20_UO267,MXY,0,0.0,0,0,0.0,0,0,0,0.0,0.526123046875,1,P2_CV0,1,1,1,0,2
5,2.9965467367452314,4.002409126542999,Age0_F5_m5f3_P5_Y22_UO20,RD5_F1_m5f1_P5_Y20_UO418,RD3_F7_m3f7_P3_Y20_UO267,MXY,0,0.0,0,0,0.0,0,0,0,0.0,0.526123046875,1,P2_CV0,1,1,1,0,2
5,2.9965467367452314,4.002409126542999,Age0_F5_m5f3_P5_Y22_UO21,RD5_F1_m5f1_P5_Y20_UO418,RD3_F7_m3f7_P3_Y20_UO267,FXX,0,0.0,0,0,0.0,0,0,0,0.0,0.526123046875,1,P2_CV0,1,1,1,0,2
5,2.9965467367452314,4.002409126542999,Age0_F5_m5f1_P5_Y22_UO64,RD5_F2_m5f3_P5_Y20_UO632,RD1_F5_m1f5_P1_Y20_UO70,MXY,0,0.0,0,0,0.0,0,0,0,0.0,0.540283203125,1,P2_CV0,1,1,1,1,1
5,2.9965467367452314,4.002409126542999,Age0_F5_m5f1_P5_Y22_UO65,RD5_F2_m5f3_P5_Y20_UO632,RD1_F5_m1f5_P1_Y20_UO70,FXX,0,0.0,0,0,0.0,0,0,0,0.0,0.540283203125,1,P2_CV0,1,1,1,0,2
5,2.9965467367452314,4.002409126542999,Age0_F5_m5f1_P5_Y22_UO187,RD5_F1_m5f1_P5_Y20_UO418,RD1_F5_m2f9_P2_Y20_UO140,FXX,0,0.0,0,0,0.0,0,0,0,0.0,0.52685546875,1,P2_CV0,1,0,2,1,1
5,2.9965467367452314,4.002409126542999,Age0_F5_m5f1_P5_Y22_UO188,RD5_F1_m5f1_P5_Y20_UO418,RD1_F5_m2f9_P2_Y20_UO140,MXY,0,0.0,0,0,0.0,0,0,0,0.0,0.52685546875,1,P2_CV0,1,1,1,1,1
5,2.9965467367452314,4.002409126542999,Age0_F5_m5f1_P5_Y22_UO189,RD5_F1_m5f1_P5_Y20_UO418,RD1_F5_m2f9_P2_Y20_UO140,FXX,0,0.0,0,0,0.0,0,0,0,0.0,0.52685546875,1,P2_CV0,1,2,0,1,1
5,2.9965467367452314,4.002409126542999,Age0_F5_m5f1_P5_Y22_UO190,RD5_F1_m5f1_P5_Y20_UO418,RD1_F5_m2f9_P2_Y20_UO140,FXX,0,0.0,0,0,0.0,0,0,0,0.0,0.52685546875,1,P2_CV0,1,1,1,1,1
5,2.9965467367452314,4.002409126542999,Age0_F5_m5f2_P5_Y22_UO231,RD5_F1_m5f3_P5_Y20_UO464,RD2_F6_m9f6_P9_Y20_UO360,FXX,0,0.0,0,0,0.0,0,0,0,0.0,0.5184326171875,1,P2_CV0,1,1,1,1,1
5,2.9965467367452314,4.002409126542999,Age0_F5_m5f2_P5_Y22_UO232,RD5_F1_m5f3_P5_Y20_UO464,RD2_F6_m9f6_P9_Y20_UO360,FXX,0,0.0,0,0,0.0,0,0,0,0.0,0.5184326171875,1,P2_CV0,1,1,1,1,1
5,2.9965467367452314,4.002409126542999,Age0_F5_m5f2_P5_Y22_UO233,RD5_F1_m5f3_P5_Y20_UO464,RD2_F6_m9f6_P9_Y20_UO360,MXY,0,0.0,0,0,0.0,0,0,0,0.0,0.5184326171875,1,P2_CV0,1,1,1,2,0
5,2.9965467367452314,4.002409126542999,Age0_F5_m5f2_P5_Y22_UO256,RD5_F3_m6f9_P6_Y20_UO235,RD2_F6_m9f6_P9_Y20_UO62,FXX,0,0.0,0,0,0.0,0,0,0,0.0,0.5203857421875,1,P2_CV0,1,2,0,0,2
5,2.9965467367452314,4.002409126542999,Age0_F5_m5f2_P5_Y22_UO257,RD5_F3_m6f9_P6_Y20_UO235,RD2_F6_m9f6_P9_Y20_UO62,FXX,0,0.0,0,0,0.0,0,0,0,0.0,0.5203857421875,1,P2_CV0,1,1,1,1,1
5,2.9965467367452314,4.002409126542999,Age0_F5_m5f2_P5_Y22_UO258,RD5_F3_m6f9_P6_Y20_UO235,RD2_F6_m9f6_P9_Y20_UO62,MXY,0,0.0,0,0,0.0,0,0,0,0.0,0.5203857421875,1,P2_CV0,1,1,1,1,1
5,2.9965467367452314,4.002409126542999,Age0_F5_m5f2_P5_Y22_UO259,RD5_F3_m6f9_P6_Y20_UO235,RD2_F6_m9f6_P9_Y20_UO62,MXY,0,0.0,0,0,0.0,0,0,0,0.0,0.5203857421875,1,P2_CV0,1,1,1,0,2
5,2.9965467367452314,4.002409126542999,Age0_F5_m5f2_P5_Y22_UO314,RD5_F1_m5f1_P5_Y20_UO483,RD2_F6_m9f6_P9_Y20_UO360,MXY,0,0.0,0,0,0.0,0,0,0,0.0,0.5240478515625,1,P2_CV0,1,1,1,2,0
5,2.9965467367452314,4.002409126542999,Age0_F5_m5f2_P5_Y22_UO316,RD5_F1_m5f1_P5_Y20_UO483,RD2_F6_m9f6_P9_Y20_UO360,MXY,0,0.0,0,0,0.0,0,0,0,0.0,0.5240478515625,1,P2_CV0,1,1,1,2,0
5,2.9965467367452314,4.002409126542999,Age0_F5_m5f1_P5_Y22_UO317,RD5_F3_m7f3_P7_Y20_UO148,RD1_F5_m3f2_P3_Y20_UO175,MXY,0,0.0,0,0,0.0,0,0,0,0.0,0.5283203125,1,P2_CV0,1,0,2,0,2
5,2.9965467367452314,4.002409126542999,Age0_F5_m5f3_P5_Y22_UO326,RD5_F1_m5f2_P5_Y20_UO410,RD3_F6_m9f2_P9_Y20_UO23,FXX,0,0.0,0,0,0.0,0,0,0,0.0,0.537841796875,1,P2_CV0,1,1,1,0,2
5,2.9965467367452314,4.002409126542999,Age0_F5_m5f3_P5_Y22_UO327,RD5_F1_m5f2_P5_Y20_UO410,RD3_F6_m9f2_P9_Y20_UO23,MXY,0,0.0,0,0,0.0,0,0,0,0.0,0.537841796875,1,P2_CV0,1,2,0,0,2
5,2.9965467367452314,4.002409126542999,Age0_F5_m5f1_P5_Y22_UO433,RD5_F1_m5f3_P5_Y20_UO465,RD1_F5_m1f5_P1_Y20_UO70,MXY,0,0.0,0,0,0.0,0,0,0,0.0,0.53125,1,P2_CV0,1,1,1,0,2
5,2.9965467367452314,4.002409126542999,Age0_F5_m5f1_P5_Y22_UO434,RD5_F1_m5f3_P5_Y20_UO465,RD1_F5_m1f5_P1_Y20_UO70,FXX,0,0.0,0,0,0.0,0,0,0,0.0,0.53125,1,P2_CV0,1,1,1,0,2
5,2.9965467367452314,4.002409126542999,Age0_F5_m5f2_P5_Y22_UO460,RD5_F2_m5f1_P5_Y20_UO293,RD2_F6_m9f6_P9_Y20_UO406,MXY,0,0.0,0,0,0.0,0,0,0,0.0,0.5302734375,1,P2_CV0,1,0,2,1,1
5,2.9965467367452314,4.002409126542999,Age0_F5_m5f1_P5_Y22_UO527,RD5_F1_m5f2_P5_Y20_UO190,RD1_F5_m1f5_P1_Y20_UO502,FXX,0,0.0,0,0,0.0,0,0,0,0.0,0.5380859375,1,P2_CV0,1,0,2,1,1
5,2.9965467367452314,4.002409126542999,Age0_F5_m5f2_P5_Y22_UO539,RD5_F1_m5f2_P5_Y20_UO410,RD2_F6_m3f7_P3_Y20_UO105,FXX,0,0.0,0,0,0.0,0,0,0,0.0,0.53125,1,P2_CV0,1,0,2,0,2
5,2.9965467367452314,4.002409126542999,Age0_F5_m5f2_P5_Y22_UO540,RD5_F1_m5f2_P5_Y20_UO410,RD2_F6_m3f7_P3_Y20_UO105,FXX,0,0.0,0,0,0.0,0,0,0,0.0,0.53125,1,P2_CV0,1,1,1,0,2
5,2.9965467367452314,4.002409126542999,Age0_F5_m5f3_P5_Y22_UO601,RD5_F1_m5f3_P5_Y20_UO548,RD3_F5_m2f9_P2_Y20_UO694,MXY,0,0.0,0,0,0.0,0,0,0,0.0,0.528564453125,1,P2_CV0,1,0,2,1,1
5,2.9965467367452314,4.002409126542999,Age0_F5_m5f3_P5_Y22_UO602,RD5_F1_m5f3_P5_Y20_UO548,RD3_F5_m2f9_P2_Y20_UO694,FXX,0,0.0,0,0,0.0,0,0,0,0.0,0.528564453125,1,P2_CV0,1,0,2,1,1
5,2.9965467367452314,4.002409126542999,Age0_F5_m5f1_P5_Y22_UO636,RD5_F1_m5f1_P5_Y20_UO403,RD1_F5_m3f2_P3_Y20_UO531,MXY,0,0.0,0,0,0.0,0,0,0,0.0,0.52685546875,1,P2_CV0,1,2,0,2,0
5,2.9965467367452314,4.002409126542999,Age0_F5_m5f1_P5_Y22_UO637,RD5_F1_m5f1_P5_Y20_UO403,RD1_F5_m3f2_P3_Y20_UO531,MXY,0,0.0,0,0,0.0,0,0,0,0.0,0.52685546875,1,P2_CV0,1,1,1,2,0
5,2.9965467367452314,4.002409126542999,Age0_F5_m5f3_P5_Y22_UO677,RD5_F1_m5f1_P5_Y20_UO418,RD3_F6_m2f3_P2_Y20_UO685,FXX,0,0.0,0,0,0.0,0,0,0,0.0,0.535400390625,1,P2_CV0,1,2,0,1,1
5,2.9965467367452314,4.002409126542999,Age0_F5_m5f3_P5_Y22_UO678,RD5_F1_m5f1_P5_Y20_UO418,RD3_F6_m2f3_P2_Y20_UO685,MXY,0,0.0,0,0,0.0,0,0,0,0.0,0.535400390625,1,P2_CV0,1,2,0,1,1
5,2.9965467367452314,4.002409126542999,R5_F5_m5f3_P5_Y20_UO632,RD5_F1_m5f2_P5_Y18_UO135,RD3_F6_m9f2_P9_Y18_UO581,FXX,2,0.0,1,0,1.0,0,0,0,-9999.0,0.53271484375,1,P2_CV0,1,2,0,1,1
5,2.9965467367452314,4.002409126542999,Age0_F5_m5f1_P5_Y22_UO200,RD5_F3_m7f3_P7_Y20_UO153,RD1_F5_m1f5_P1_Y20_UO47,MXY,0,0.0,0,0,0.0,0,0,0,0.0,0.5404052734375,1,P3_CV0,1,0,2,0,2
5,2.9965467367452314,4.002409126542999,Age0_F5_m5f2_P5_Y22_UO297,RD5_F3_m7f3_P7_Y20_UO148,RD2_F5_m1f5_P1_Y20_UO719,FXX,0,0.0,0,0,0.0,0,0,0,0.0,0.536865234375,1,P3_CV0,1,0,2,1,1
5,2.9965467367452314,4.002409126542999,Age0_F5_m5f2_P5_Y22_UO523,RD5_F3_m7f3_P7_Y20_UO148,RD2_F5_m1f5_P1_Y20_UO523,FXX,0,0.0,0,0,0.0,0,0,0,0.0,0.5302734375,1,P3_CV0,1,1,1,1,1
5,2.9965467367452314,4.002409126542999,Age0_F5_m5f2_P5_Y22_UO524,RD5_F3_m7f3_P7_Y20_UO148,RD2_F5_m1f5_P1_Y20_UO523,FXX,0,0.0,0,0,0.0,0,0,0,0.0,0.5302734375,1,P3_CV0,1,0,2,1,1
5,2.9965467367452314,4.002409126542999,Age0_F5_m5f2_P5_Y22_UO525,RD5_F3_m7f3_P7_Y20_UO148,RD2_F5_m1f5_P1_Y20_UO523,FXX,0,0.0,0,0,0.0,0,0,0,0.0,0.5302734375,1,P3_CV0,1,0,2,1,1
5,2.9965467367452314,4.002409126542999,Age0_F5_m5f2_P5_Y22_UO633,RD5_F1_m5f3_P5_Y20_UO708,RD2_F6_m9f6_P9_Y20_UO10,FXX,0,0.0,0,0,0.0,0,0,0,0.0,0.5343017578125,1,P3_CV0,1,1,1,1,1
5,2.9965467367452314,4.002409126542999,Age0_F5_m5f2_P5_Y22_UO635,RD5_F1_m5f3_P5_Y20_UO708,RD2_F6_m9f6_P9_Y20_UO10,MXY,0,0.0,0,0,0.0,0,0,0,0.0,0.5343017578125,1,P3_CV0,1,1,1,2,0
5,2.9965467367452314,4.002409126542999,Age0_F5_m5f3_P5_Y22_UO675,RD5_F1_m5f1_P5_Y20_UO418,RD3_F6_m2f3_P2_Y20_UO685,MXY,0,0.0,0,0,0.0,0,0,0,0.0,0.535400390625,1,P3_CV0,1,1,1,0,2
5,2.9965467367452314,4.002409126542999,Age0_F5_m5f3_P5_Y22_UO676,RD5_F1_m5f1_P5_Y20_UO418,RD3_F6_m2f3_P2_Y20_UO685,MXY,0,0.0,0,0,0.0,0,0,0,0.0,0.535400390625,1,P3_CV0,1,1,1,0,2
5,2.9965467367452314,4.002409126542999,Age0_F5_m5f3_P5_Y22_UO741,RD5_F1_m5f1_P5_Y20_UO249,RD3_F2_m9f2_P9_Y20_UO370,FXX,0,0.0,0,0,0.0,0,0,0,0.0,0.5296630859375,1,P3_CV0,1,0,2,0,2
5,2.9965467367452314,4.002409126542999,Age0_F5_m5f3_P5_Y22_UO742,RD5_F1_m5f1_P5_Y20_UO249,RD3_F2_m9f2_P9_Y20_UO370,MXY,0,0.0,0,0,0.0,0,0,0,0.0,0.5296630859375,1,P3_CV0,1,0,2,1,1
5,2.9965467367452314,4.002409126542999,Age0_F5_m5f1_P5_Y22_UO66,RD5_F2_m5f3_P5_Y20_UO632,RD1_F5_m1f5_P1_Y20_UO70,MXY,0,0.0,0,0,0.0,0,0,0,0.0,0.540283203125,1,P4_CV0,1,1,1,0,2
5,2.9965467367452314,4.002409126542999,Age0_F5_m5f3_P5_Y22_UO71,RD5_F1_m5f3_P5_Y20_UO548,RD3_F7_m4f7_P4_Y20_UO743,FXX,0,0.0,0,0,0.0,0,0,0,0.0,0.5433349609375,1,P4_CV0,1,0,2,1,1
5,2.9965467367452314,4.002409126542999,Age0_F5_m5f3_P5_Y22_UO72,RD5_F1_m5f3_P5_Y20_UO548,RD3_F7_m4f7_P4_Y20_UO743,FXX,0,0.0,0,0,0.0,0,0,0,0.0,0.5433349609375,1,P4_CV0,1,0,2,1,1
5,2.9965467367452314,4.002409126542999,Age0_F5_m5f2_P5_Y22_UO105,RD5_F1_m5f2_P5_Y20_UO196,RD2_F5_m1f5_P1_Y20_UO554,FXX,0,0.0,0,0,0.0,0,0,0,0.0,0.52783203125,1,P4_CV0,1,1,1,1,1
5,2.9965467367452314,4.002409126542999,Age0_F5_m5f3_P5_Y22_UO202,RD5_F1_m5f1_P5_Y20_UO419,RD3_F6_m2f5_P2_Y20_UO672,MXY,0,0.0,0,0,0.0,0,0,0,0.0,0.5404052734375,1,P4_CV0,1,1,1,0,2
5,2.9965467367452314,4.002409126542999,Age0_F5_m5f2_P5_Y22_UO285,RD5_F1_m5f3_P5_Y20_UO548,RD2_F5_m1f5_P1_Y20_UO554,FXX,0,0.0,0,0,0.0,0,0,0,0.0,0.5272216796875,1,P4_CV0,1,1,1,0,2
5,2.9965467367452314,4.002409126542999,Age0_F5_m5f2_P5_Y22_UO288,RD5_F1_m5f3_P5_Y20_UO548,RD2_F5_m1f5_P1_Y20_UO554,FXX,0,0.0,0,0,0.0,0,0,0,0.0,0.5272216796875,1,P4_CV0,1,1,1,0,2
5,2.9965467367452314,4.002409126542999,Age0_F5_m5f2_P5_Y22_UO296,RD5_F3_m7f3_P7_Y20_UO148,RD2_F5_m1f5_P1_Y20_UO719,MXY,0,0.0,0,0,0.0,0,0,0,0.0,0.536865234375,1,P4_CV0,1,0,2,1,1
5,2.9965467367452314,4.002409126542999,Age0_F5_m5f2_P5_Y22_UO312,RD5_F2_m5f1_P5_Y20_UO24,RD2_F9_m6f2_P6_Y20_UO297,FXX,0,0.0,0,0,0.0,0,0,0,0.0,0.5355224609375,1,P4_CV0,1,0,2,2,0
5,2.9965467367452314,4.002409126542999,Age0_F5_m5f2_P5_Y22_UO313,RD5_F2_m5f1_P5_Y20_UO24,RD2_F9_m6f2_P6_Y20_UO297,MXY,0,0.0,0,0,0.0,0,0,0,0.0,0.5355224609375,1,P4_CV0,1,0,2,2,0
5,2.9965467367452314,4.002409126542999,Age0_F5_m5f3_P5_Y22_UO506,RD5_F1_m5f1_P5_Y20_UO27,RD3_F7_m4f7_P4_Y20_UO743,FXX,0,0.0,0,0,0.0,0,0,0,0.0,0.5399169921875,1,P4_CV0,1,1,1,2,0
5,2.9965467367452314,4.002409126542999,Age0_F5_m5f1_P5_Y22_UO638,RD5_F1_m5f1_P5_Y20_UO403,RD1_F5_m3f2_P3_Y20_UO531,MXY,0,0.0,0,0,0.0,0,0,0,0.0,0.52685546875,1,P4_CV0,1,1,1,2,0
5,2.9965467367452314,4.002409126542999,Age0_F5_m5f1_P5_Y22_UO690,RD5_F1_m5f1_P5_Y20_UO483,RD1_F5_m2f3_P2_Y20_UO143,FXX,0,0.0,0,0,0.0,0,0,0,0.0,0.534423828125,1,P4_CV0,1,1,1,1,1
5,2.9965467367452314,4.002409126542999,Age0_F5_m5f1_P5_Y22_UO691,RD5_F1_m5f1_P5_Y20_UO483,RD1_F5_m2f3_P2_Y20_UO143,MXY,0,0.0,0,0,0.0,0,0,0,0.0,0.534423828125,1,P4_CV0,1,1,1,2,0
5,2.9965467367452314,4.002409126542999,Age0_F5_m5f1_P5_Y22_UO717,RD5_F2_m9f6_P9_Y20_UO286,RD1_F5_m1f5_P1_Y20_UO649,FXX,0,0.0,0,0,0.0,0,0,0,0.0,0.536865234375,1,P4_CV0,1,0,2,2,0
5,2.9965467367452314,4.002409126542999,Age0_F5_m5f3_P5_Y22_UO749,RD5_F1_m5f1_P5_Y20_UO483,RD3_F6_m9f6_P9_Y20_UO750,FXX,0,0.0,0,0,0.0,0,0,0,0.0,0.531982421875,1,P4_CV0,1,1,1,0,2
5,2.9965467367452314,4.002409126542999,Age0_F5_m5f3_P5_Y22_UO750,RD5_F1_m5f1_P5_Y20_UO483,RD3_F6_m9f6_P9_Y20_UO750,FXX,0,0.0,0,0,0.0,0,0,0,0.0,0.531982421875,1,P4_CV0,1,1,1,0,2
5,2.9965467367452314,4.002409126542999,Age0_F5_m5f1_P5_Y22_UO766,RD5_F3_m7f4_P7_Y20_UO4,RD1_F5_m2f9_P2_Y20_UO231,MXY,0,0.0,0,0,0.0,0,0,0,0.0,0.5357666015625,1,P4_CV0,1,2,0,1,1
5,2.9965467367452314,4.002409126542999,Age0_F5_m5f1_P5_Y22_UO767,RD5_F3_m7f4_P7_Y20_UO4,RD1_F5_m2f9_P2_Y20_UO231,FXX,0,0.0,0,0,0.0,0,0,0,0.0,0.5357666015625,1,P4_CV0,1,1,1,1,1
5,2.9965467367452314,4.002409126542999,R5_F5_m5f1_P5_Y20_UO24,RD5_F1_m5f3_P5_Y18_UO4,RD1_F5_m1f5_P1_Y18_UO709,FXX,2,0.0,1,0,1.0,0,0,0,-9999.0,0.53076171875,1,P4_CV0,1,0,2,2,0
5,2.9965467367452314,4.002409126542999,R5_F5_m9f6_P9_Y20_UO286,RD9_F2_m9f6_P9_Y18_UO375,RD6_F9_m6f3_P6_Y18_UO474,FXX,2,0.0,1,0,1.0,0,0,0,-9999.0,0.541015625,1,P4_CV0,1,0,2,1,1
5,2.9965467367452314,4.002409126542999,R5_F5_m5f3_P5_Y20_UO626,RD5_F2_m9f6_P9_Y18_UO644,RD3_F7_m4f7_P4_Y18_UO232,MXY,2,0.0,1,0,0.0,0,0,0,-9999.0,0.517333984375,1,P4_CV0,1,2,0,1,1
5,2.9965467367452314,4.002409126542999,R5_F5_m7f3_P7_Y20_UO641,RD7_F3_m5f1_P5_Y18_UO338,RD3_F6_m9f6_P9_Y18_UO705,MXY,2,0.0,1,0,0.0,0,0,0,-9999.0,0.51904296875,1,P4_CV0,1,1,1,0,2
5,2.9965467367452314,4.002409126542999,Age0_F5_m5f3_P5_Y22_UO70,RD5_F1_m5f3_P5_Y20_UO548,RD3_F7_m4f7_P4_Y20_UO743,MXY,0,0.0,0,0,0.0,0,0,0,0.0,0.5433349609375,1,P5_CV0,1,0,2,1,1
5,2.9965467367452314,4.002409126542999,Age0_F5_m5f2_P5_Y22_UO104,RD5_F1_m5f2_P5_Y20_UO196,RD2_F5_m1f5_P1_Y20_UO554,FXX,0,0.0,0,0,0.0,0,0,0,0.0,0.52783203125,1,P5_CV0,1,1,1,0,2
5,2.9965467367452314,4.002409126542999,Age0_F5_m5f2_P5_Y22_UO106,RD5_F1_m5f2_P5_Y20_UO196,RD2_F5_m1f5_P1_Y20_UO554,FXX,0,0.0,0,0,0.0,0,0,0,0.0,0.52783203125,1,P5_CV0,1,1,1,0,2
5,2.9965467367452314,4.002409126542999,Age0_F5_m5f2_P5_Y22_UO126,RD5_F2_m5f1_P5_Y20_UO24,RD2_F9_m2f5_P2_Y20_UO594,FXX,0,0.0,0,0,0.0,0,0,0,0.0,0.5244140625,1,P5_CV0,1,0,2,1,1
5,2.9965467367452314,4.002409126542999,Age0_F5_m5f2_P5_Y22_UO127,RD5_F2_m5f1_P5_Y20_UO24,RD2_F9_m2f5_P2_Y20_UO594,FXX,0,0.0,0,0,0.0,0,0,0,0.0,0.5244140625,1,P5_CV0,1,0,2,2,0
5,2.9965467367452314,4.002409126542999,Age0_F5_m5f2_P5_Y22_UO286,RD5_F1_m5f3_P5_Y20_UO548,RD2_F5_m1f5_P1_Y20_UO554,FXX,0,0.0,0,0,0.0,0,0,0,0.0,0.5272216796875,1,P5_CV0,1,1,1,0,2
5,2.9965467367452314,4.002409126542999,Age0_F5_m5f2_P5_Y22_UO287,RD5_F1_m5f3_P5_Y20_UO548,RD2_F5_m1f5_P1_Y20_UO554,MXY,0,0.0,0,0,0.0,0,0,0,0.0,0.5272216796875,1,P5_CV0,1,1,1,0,2
5,2.9965467367452314,4.002409126542999,Age0_F5_m5f3_P5_Y22_UO507,RD5_F1_m5f1_P5_Y20_UO27,RD3_F7_m4f7_P4_Y20_UO743,MXY,0,0.0,0,0,0.0,0,0,0,0.0,0.5399169921875,1,P5_CV0,1,1,1,2,0
5,2.9965467367452314,4.002409126542999,Age0_F5_m5f3_P5_Y22_UO547,RD5_F1_m5f1_P5_Y20_UO403,RD3_F5_m1f5_P1_Y20_UO159,MXY,0,0.0,0,0,0.0,0,0,0,0.0,0.5255126953125,1,P5_CV0,1,0,2,2,0
5,2.9965467367452314,4.002409126542999,Age0_F5_m5f3_P5_Y22_UO548,RD5_F1_m5f1_P5_Y20_UO403,RD3_F5_m1f5_P1_Y20_UO159,MXY,0,0.0,0,0,0.0,0,0,0,0.0,0.5255126953125,1,P5_CV0,1,1,1,1,1
5,2.9965467367452314,4.002409126542999,Age0_F5_m5f3_P5_Y22_UO743,RD5_F1_m5f1_P5_Y20_UO249,RD3_F2_m9f2_P9_Y20_UO370,FXX,0,0.0,0,0,0.0,0,0,0,0.0,0.5296630859375,1,P5_CV0,1,0,2,1,1
5,2.9965467367452314,4.002409126542999,R5_F5_m6f3_P6_Y20_UO732,RD6_F9_m2f9_P2_Y18_UO598,RD3_F6_m9f6_P9_Y18_UO657,FXX,2,0.0,1,0,1.0,0,0,0,-9999.0,0.55322265625,1,P5_CV0,1,0,2,2,0
5,2.9965467367452314,4.002409126542999,R5_F5_m5f2_P5_Y20_UO196,RD5_F2_m6f2_P6_Y18_UO330,RD2_F5_m1f5_P1_Y18_UO710,FXX,2,0.0,1,0,1.0,0,0,0,-9999.0,0.538818359375,1,P5_CV0,1,0,2,1,1
5,2.9965467367452314,4.002409126542999,R5_F5_m5f1_P5_Y20_UO18,RD5_F1_m5f2_P5_Y18_UO243,RD1_F5_m1f5_P1_Y18_UO595,MXY,2,0.0,1,0,0.0,0,0,0,-9999.0,0.532470703125,1,P5_CV0,1,1,1,1,1
5,2.9965467367452314,4.002409126542999,Age0_F5_m5f1_P5_Y22_UO608,RD5_F3_m7f3_P7_Y20_UO155,RD1_F5_m1f5_P1_Y20_UO649,MXY,0,0.0,0,0,0.0,0,0,0,0.0,0.5345458984375,1,P6_CV0,1,0,2,2,0
5,2.9965467367452314,4.002409126542999,R5_F5_m2f9_P2_Y21_UO92,RD2_F5_m3f2_P3_Y19_UO18,RD9_F6_m9f2_P9_Y19_UO241,FXX,1,0.0,1,1,1.0,0,0,0,-9999.0,0.530517578125,1,P8_CV0,1,2,0,1,1
6,6.211338327692949,7.937131414155586,Age0_F6_m6f9_P6_Y22_UO330,RD6_F9_m2f5_P2_Y20_UO654,RD9_F6_m9f2_P9_Y20_UO255,FXX,0,0.0,0,0,0.0,0,0,0,0.0,0.527099609375,1,P0_CV0,1,0,2,1,1
6,6.211338327692949,7.937131414155586,Age0_F6_m6f3_P6_Y22_UO597,RD6_F9_m2f5_P2_Y20_UO654,RD3_F6_m3f2_P3_Y20_UO238,MXY,0,0.0,0,0,0.0,0,0,0,0.0,0.5184326171875,1,P0_CV0,1,2,0,0,2
6,6.211338327692949,7.937131414155586,Age0_F6_m6f3_P6_Y22_UO598,RD6_F9_m2f5_P2_Y20_UO654,RD3_F6_m3f2_P3_Y20_UO238,FXX,0,0.0,0,0,0.0,0,0,0,0.0,0.5184326171875,1,P0_CV0,1,2,0,1,1
6,6.211338327692949,7.937131414155586,Age0_F6_m6f3_P6_Y22_UO600,RD6_F9_m2f5_P2_Y20_UO654,RD3_F6_m3f2_P3_Y20_UO238,MXY,0,0.0,0,0,0.0,0,0,0,0.0,0.5184326171875,1,P0_CV0,1,1,1,1,1
6,6.211338327692949,7.937131414155586,Age0_F6_m6f9_P6_Y22_UO642,RD6_F9_m2f5_P2_Y20_UO654,RD9_F2_m9f2_P9_Y20_UO369,FXX,0,0.0,0,0,0.0,0,0,0,0.0,0.531494140625,1,P0_CV0,1,1,1,0,2
6,6.211338327692949,7.937131414155586,Age0_F6_m6f2_P6_Y22_UO754,RD6_F2_m9f2_P9_Y20_UO209,RD2_F6_m3f7_P3_Y20_UO105,FXX,0,0.0,0,0,0.0,0,0,0,0.0,0.5213623046875,1,P0_CV0,1,1,1,1,1
6,6.211338327692949,7.937131414155586,Age0_F6_m6f2_P6_Y22_UO755,RD6_F2_m9f2_P9_Y20_UO209,RD2_F6_m3f7_P3_Y20_UO105,MXY,0,0.0,0,0,0.0,0,0,0,0.0,0.5213623046875,1,P0_CV0,1,1,1,0,2
6,6.211338327692949,7.937131414155586,R6_F6_m2f6_P2_Y21_UO149,RD2_F5_m3f2_P3_Y19_UO18,RD6_F3_m6f3_P6_Y19_UO51,MXY,1,0.0,1,1,0.0,0,0,0,-9999.0,0.529296875,1,P0_CV0,1,2,0,2,0
6,6.211338327692949,7.937131414155586,R6_F6_m6f9_P6_Y20_UO382,RD6_F2_m3f5_P3_Y18_UO254,RD9_F2_m9f6_P9_Y18_UO15,FXX,2,0.0,1,0,1.0,0,0,0,-9999.0,0.53173828125,1,P0_CV0,1,1,1,0,2
6,6.211338327692949,7.937131414155586,Age0_F6_m6f2_P6_Y22_UO629,RD6_F9_m2f5_P2_Y20_UO107,RD2_F3_m2f5_P2_Y20_UO55,MXY,0,0.0,0,0,0.0,0,0,0,0.0,0.542724609375,1,P1_CV0,1,1,1,1,1
6,6.211338327692949,7.937131414155586,Age0_F6_m6f2_P6_Y22_UO630,RD6_F9_m2f5_P2_Y20_UO107,RD2_F3_m2f5_P2_Y20_UO55,MXY,0,0.0,0,0,0.0,0,0,0,0.0,0.542724609375,1,P1_CV0,1,1,1,1,1
6,6.211338327692949,7.937131414155586,Age0_F6_m6f2_P6_Y22_UO631,RD6_F9_m2f5_P2_Y20_UO107,RD2_F3_m2f5_P2_Y20_UO55,MXY,0,0.0,0,0,0.0,0,0,0,0.0,0.542724609375,1,P1_CV0,1,1,1,1,1
6,6.211338327692949,7.937131414155586,R6_F6_m2f6_P2_Y20_UO467,RD2_F5_m2f5_P2_Y18_UO369,RD6_F2_m9f6_P9_Y18_UO478,MXY,2,0.0,1,0,0.0,0,0,0,-9999.0,0.526123046875,1,P1_CV0,1,1,1,1,1
6,6.211338327692949,7.937131414155586,Age0_F6_m6f9_P6_Y22_UO123,RD6_F9_m6f2_P6_Y20_UO527,RD9_F6_m9f6_P9_Y20_UO407,FXX,0,0.0,0,0,0.0,0,0,0,0.0,0.5281982421875,1,P2_CV0,1,2,0,2,0
6,6.211338327692949,7.937131414155586,Age0_F6_m6f9_P6_Y22_UO124,RD6_F9_m6f2_P6_Y20_UO527,RD9_F6_m9f6_P9_Y20_UO407,FXX,0,0.0,0,0,0.0,0,0,0,0.0,0.5281982421875,1,P2_CV0,1,2,0,2,0
6,6.211338327692949,7.937131414155586,Age0_F6_m6f3_P6_Y22_UO222,RD6_F3_m5f2_P5_Y20_UO327,RD3_F6_m3f2_P3_Y20_UO172,MXY,0,0.0,0,0,0.0,0,0,0,0.0,0.527099609375,1,P2_CV0,1,0,2,0,2
6,6.211338327692949,7.937131414155586,Age0_F6_m6f9_P6_Y22_UO318,RD6_F9_m6f2_P6_Y20_UO386,RD9_F2_m9f2_P9_Y20_UO369,FXX,0,0.0,0,0,0.0,0,0,0,0.0,0.5205078125,1,P2_CV0,1,1,1,1,1
6,6.211338327692949,7.937131414155586,Age0_F6_m6f9_P6_Y22_UO319,RD6_F9_m6f2_P6_Y20_UO386,RD9_F2_m9f2_P9_Y20_UO369,FXX,0,0.0,0,0,0.0,0,0,0,0.0,0.5205078125,1,P2_CV0,1,1,1,0,2
6,6.211338327692949,7.937131414155586,Age0_F6_m6f9_P6_Y22_UO320,RD6_F9_m6f2_P6_Y20_UO386,RD9_F2_m9f2_P9_Y20_UO369,MXY,0,0.0,0,0,0.0,0,0,0,0.0,0.5205078125,1,P2_CV0,1,1,1,0,2
6,6.211338327692949,7.937131414155586,Age0_F6_m6f9_P6_Y22_UO322,RD6_F9_m6f2_P6_Y20_UO386,RD9_F2_m9f2_P9_Y20_UO369,MXY,0,0.0,0,0,0.0,0,0,0,0.0,0.5205078125,1,P2_CV0,1,1,1,1,1
6,6.211338327692949,7.937131414155586,Age0_F6_m6f3_P6_Y22_UO599,RD6_F9_m2f5_P2_Y20_UO654,RD3_F6_m3f2_P3_Y20_UO238,MXY,0,0.0,0,0,0.0,0,0,0,0.0,0.5184326171875,1,P2_CV0,1,1,1,1,1
6,6.211338327692949,7.937131414155586,Age0_F6_m6f3_P6_Y22_UO603,RD6_F2_m9f6_P9_Y20_UO408,RD3_F6_m9f2_P9_Y20_UO23,FXX,0,0.0,0,0,0.0,0,0,0,0.0,0.5330810546875,1,P2_CV0,1,1,1,2,0
6,6.211338327692949,7.937131414155586,Age0_F6_m6f3_P6_Y22_UO604,RD6_F2_m9f6_P9_Y20_UO408,RD3_F6_m9f2_P9_Y20_UO23,FXX,0,0.0,0,0,0.0,0,0,0,0.0,0.5330810546875,1,P2_CV0,1,1,1,1,1
6,6.211338327692949,7.937131414155586,Age0_F6_m6f3_P6_Y22_UO605,RD6_F2_m9f6_P9_Y20_UO408,RD3_F6_m9f2_P9_Y20_UO23,MXY,0,0.0,0,0,0.0,0,0,0,0.0,0.5330810546875,1,P2_CV0,1,0,2,1,1
6,6.211338327692949,7.937131414155586,Age0_F6_m6f3_P6_Y22_UO606,RD6_F2_m9f6_P9_Y20_UO408,RD3_F6_m9f2_P9_Y20_UO23,FXX,0,0.0,0,0,0.0,0,0,0,0.0,0.5330810546875,1,P2_CV0,1,0,2,1,1
6,6.211338327692949,7.937131414155586,Age0_F6_m6f3_P6_Y22_UO607,RD6_F2_m9f6_P9_Y20_UO408,RD3_F6_m9f2_P9_Y20_UO23,MXY,0,0.0,0,0,0.0,0,0,0,0.0,0.5330810546875,1,P2_CV0,1,1,1,2,0
6,6.211338327692949,7.937131414155586,Age0_F6_m6f9_P6_Y22_UO617,RD6_F9_m6f2_P6_Y20_UO386,RD9_F6_m3f5_P3_Y18_UO276,MXY,0,0.0,0,0,0.0,0,0,0,0.0,0.5262451171875,1,P2_CV0,1,0,2,0,2
6,6.211338327692949,7.937131414155586,Age0_F6_m6f9_P6_Y22_UO620,RD6_F9_m6f2_P6_Y20_UO386,RD9_F6_m3f5_P3_Y18_UO276,FXX,0,0.0,0,0,0.0,0,0,0,0.0,0.5262451171875,1,P2_CV0,1,0,2,0,2
6,6.211338327692949,7.937131414155586,Age0_F6_m6f9_P6_Y22_UO639,RD6_F9_m2f5_P2_Y20_UO654,RD9_F2_m9f2_P9_Y20_UO369,MXY,0,0.0,0,0,0.0,0,0,0,0.0,0.531494140625,1,P2_CV0,1,2,0,2,0
6,6.211338327692949,7.937131414155586,Age0_F6_m6f9_P6_Y22_UO640,RD6_F9_m2f5_P2_Y20_UO654,RD9_F2_m9f2_P9_Y20_UO369,MXY,0,0.0,0,0,0.0,0,0,0,0.0,0.531494140625,1,P2_CV0,1,1,1,1,1
6,6.211338327692949,7.937131414155586,Age0_F6_m6f9_P6_Y22_UO641,RD6_F9_m2f5_P2_Y20_UO654,RD9_F2_m9f2_P9_Y20_UO369,FXX,0,0.0,0,0,0.0,0,0,0,0.0,0.531494140625,1,P2_CV0,1,2,0,2,0
6,6.211338327692949,7.937131414155586,R6_F6_m6f9_P6_Y20_UO417,RD6_F9_m6f9_P6_Y18_UO660,RD9_F6_m9f2_P9_Y18_UO571,FXX,2,0.0,1,0,1.0,0,0,0,-9999.0,0.5263671875,1,P2_CV0,1,0,2,0,2
6,6.211338327692949,7.937131414155586,Age0_F6_m6f3_P6_Y22_UO27,RD6_F9_m6f3_P6_Y20_UO346,RD3_F6_m2f3_P2_Y20_UO685,FXX,0,0.0,0,0,0.0,0,0,0,0.0,0.530517578125,1,P3_CV0,1,0,2,2,0
6,6.211338327692949,7.937131414155586,Age0_F6_m6f3_P6_Y22_UO28,RD6_F9_m6f3_P6_Y20_UO346,RD3_F6_m2f3_P2_Y20_UO685,FXX,0,0.0,0,0,0.0,0,0,0,0.0,0.530517578125,1,P3_CV0,1,0,2,1,1
6,6.211338327692949,7.937131414155586,Age0_F6_m6f3_P6_Y22_UO108,RD6_F9_m6f2_P6_Y20_UO386,RD3_F6_m2f3_P2_Y20_UO685,MXY,0,0.0,0,0,0.0,0,0,0,0.0,0.5240478515625,1,P3_CV0,1,1,1,0,2
6,6.211338327692949,7.937131414155586,Age0_F6_m6f3_P6_Y22_UO109,RD6_F9_m6f2_P6_Y20_UO386,RD3_F6_m2f3_P2_Y20_UO685,FXX,0,0.0,0,0,0.0,0,0,0,0.0,0.5240478515625,1,P3_CV0,1,0,2,0,2
6,6.211338327692949,7.937131414155586,Age0_F6_m6f2_P6_Y22_UO122,RD6_F3_m7f4_P7_Y20_UO690,RD2_F9_m2f3_P2_Y20_UO163,MXY,0,0.0,0,0,0.0,0,0,0,0.0,0.528076171875,1,P3_CV0,1,1,1,0,2
6,6.211338327692949,7.937131414155586,R6_F6_m3f6_P3_Y21_UO139,RD3_F7_m3f6_P3_Y19_UO146,RD6_F3_m6f3_P6_Y19_UO51,MXY,1,0.0,1,1,0.0,0,0,0,-9999.0,0.535400390625,1,P3_CV0,1,1,1,1,1
6,6.211338327692949,7.937131414155586,Age0_F6_m6f3_P6_Y22_UO26,RD6_F9_m6f3_P6_Y20_UO346,RD3_F6_m2f3_P2_Y20_UO685,FXX,0,0.0,0,0,0.0,0,0,0,0.0,0.530517578125,1,P4_CV0,1,1,1,2,0
6,6.211338327692949,7.937131414155586,Age0_F6_m6f2_P6_Y22_UO67,RD6_F9_m6f3_P6_Y20_UO346,RD2_F9_m2f3_P2_Y20_UO485,MXY,0,0.0,0,0,0.0,0,0,0,0.0,0.5364990234375,1,P4_CV0,1,0,2,2,0
6,6.211338327692949,7.937131414155586,Age0_F6_m6f2_P6_Y22_UO68,RD6_F9_m6f3_P6_Y20_UO346,RD2_F9_m2f3_P2_Y20_UO485,MXY,0,0.0,0,0,0.0,0,0,0,0.0,0.5364990234375,1,P4_CV0,1,0,2,1,1
6,6.211338327692949,7.937131414155586,Age0_F6_m6f2_P6_Y22_UO69,RD6_F9_m6f3_P6_Y20_UO346,RD2_F9_m2f3_P2_Y20_UO485,MXY,0,0.0,0,0,0.0,0,0,0,0.0,0.5364990234375,1,P4_CV0,1,0,2,1,1
6,6.211338327692949,7.937131414155586,Age0_F6_m6f2_P6_Y22_UO121,RD6_F3_m7f4_P7_Y20_UO690,RD2_F9_m2f3_P2_Y20_UO163,MXY,0,0.0,0,0,0.0,0,0,0,0.0,0.528076171875,1,P4_CV0,1,0,2,1,1
6,6.211338327692949,7.937131414155586,Age0_F6_m6f2_P6_Y22_UO237,RD6_F2_m9f2_P9_Y20_UO209,RD2_F5_m1f5_P1_Y20_UO719,MXY,0,0.0,0,0,0.0,0,0,0,0.0,0.5311279296875,1,P4_CV0,1,1,1,1,1
6,6.211338327692949,7.937131414155586,Age0_F6_m6f2_P6_Y22_UO238,RD6_F2_m9f2_P9_Y20_UO209,RD2_F5_m1f5_P1_Y20_UO719,MXY,0,0.0,0,0,0.0,0,0,0,0.0,0.5311279296875,1,P4_CV0,1,1,1,1,1
6,6.211338327692949,7.937131414155586,Age0_F6_m6f2_P6_Y22_UO239,RD6_F2_m9f2_P9_Y20_UO209,RD2_F5_m1f5_P1_Y20_UO719,FXX,0,0.0,0,0,0.0,0,0,0,0.0,0.5311279296875,1,P4_CV0,1,1,1,1,1
6,6.211338327692949,7.937131414155586,Age0_F6_m6f2_P6_Y22_UO240,RD6_F2_m9f2_P9_Y20_UO209,RD2_F5_m1f5_P1_Y20_UO719,MXY,0,0.0,0,0,0.0,0,0,0,0.0,0.5311279296875,1,P4_CV0,1,1,1,2,0
6,6.211338327692949,7.937131414155586,Age0_F6_m6f3_P6_Y22_UO306,RD6_F3_m6f3_P6_Y20_UO53,RD3_F6_m9f2_P9_Y20_UO371,MXY,0,0.0,0,0,0.0,0,0,0,0.0,0.531494140625,1,P4_CV0,1,1,1,1,1
6,6.211338327692949,7.937131414155586,Age0_F6_m6f3_P6_Y22_UO307,RD6_F3_m6f3_P6_Y20_UO53,RD3_F6_m9f2_P9_Y20_UO371,MXY,0,0.0,0,0,0.0,0,0,0,0.0,0.531494140625,1,P4_CV0,1,2,0,0,2
6,6.211338327692949,7.937131414155586,Age0_F6_m6f9_P6_Y22_UO328,RD6_F9_m2f5_P2_Y20_UO654,RD9_F6_m9f2_P9_Y20_UO255,MXY,0,0.0,0,0,0.0,0,0,0,0.0,0.527099609375,1,P4_CV0,1,2,0,1,1
6,6.211338327692949,7.937131414155586,Age0_F6_m6f9_P6_Y22_UO329,RD6_F9_m2f5_P2_Y20_UO654,RD9_F6_m9f2_P9_Y20_UO255,MXY,0,0.0,0,0,0.0,0,0,0,0.0,0.527099609375,1,P4_CV0,1,1,1,1,1
6,6.211338327692949,7.937131414155586,Age0_F6_m6f2_P6_Y22_UO373,RD6_F9_m2f3_P2_Y20_UO576,RD2_F6_m9f2_P9_Y20_UO256,MXY,0,0.0,0,0,0.0,0,0,0,0.0,0.518310546875,1,P4_CV0,1,1,1,0,2
6,6.211338327692949,7.937131414155586,Age0_F6_m6f2_P6_Y22_UO374,RD6_F9_m2f3_P2_Y20_UO576,RD2_F6_m9f2_P9_Y20_UO256,FXX,0,0.0,0,0,0.0,0,0,0,0.0,0.518310546875,1,P4_CV0,1,1,1,0,2
6,6.211338327692949,7.937131414155586,Age0_F6_m6f2_P6_Y22_UO375,RD6_F9_m2f3_P2_Y20_UO576,RD2_F6_m9f2_P9_Y20_UO256,FXX,0,0.0,0,0,0.0,0,0,0,0.0,0.518310546875,1,P4_CV0,1,2,0,0,2
6,6.211338327692949,7.937131414155586,Age0_F6_m6f3_P6_Y22_UO445,RD6_F3_m7f4_P7_Y20_UO690,RD3_F6_m2f5_P2_Y20_UO672,FXX,0,0.0,0,0,0.0,0,0,0,0.0,0.534912109375,1,P4_CV0,1,0,2,1,1
6,6.211338327692949,7.937131414155586,Age0_F6_m6f3_P6_Y22_UO446,RD6_F3_m7f4_P7_Y20_UO690,RD3_F6_m2f5_P2_Y20_UO672,FXX,0,0.0,0,0,0.0,0,0,0,0.0,0.534912109375,1,P4_CV0,1,0,2,1,1
6,6.211338327692949,7.937131414155586,Age0_F6_m6f3_P6_Y22_UO447,RD6_F3_m7f4_P7_Y20_UO690,RD3_F6_m2f5_P2_Y20_UO672,FXX,0,0.0,0,0,0.0,0,0,0,0.0,0.534912109375,1,P4_CV0,1,0,2,2,0
6,6.211338327692949,7.937131414155586,Age0_F6_m6f2_P6_Y22_UO628,RD6_F9_m2f5_P2_Y20_UO107,RD2_F3_m2f5_P2_Y20_UO55,FXX,0,0.0,0,0,0.0,0,0,0,0.0,0.542724609375,1,P4_CV0,1,2,0,2,0
6,6.211338327692949,7.937131414155586,Age0_F6_m6f9_P6_Y22_UO688,RD6_F2_m9f2_P9_Y20_UO209,RD9_F2_m5f2_P5_Y20_UO131,FXX,0,0.0,0,0,0.0,0,0,0,0.0,0.5283203125,1,P4_CV0,1,1,1,0,2
6,6.211338327692949,7.937131414155586,Age0_F6_m6f9_P6_Y22_UO689,RD6_F2_m9f2_P9_Y20_UO209,RD9_F2_m5f2_P5_Y20_UO131,FXX,0,0.0,0,0,0.0,0,0,0,0.0,0.5283203125,1,P4_CV0,1,2,0,1,1
6,6.211338327692949,7.937131414155586,Age0_F6_m6f2_P6_Y22_UO753,RD6_F2_m9f2_P9_Y20_UO209,RD2_F6_m3f7_P3_Y20_UO105,FXX,0,0.0,0,0,0.0,0,0,0,0.0,0.5213623046875,1,P4_CV0,1,1,1,0,2
6,6.211338327692949,7.937131414155586,Age0_F6_m6f2_P6_Y22_UO756,RD6_F2_m9f2_P9_Y20_UO209,RD2_F6_m3f7_P3_Y20_UO105,MXY,0,0.0,0,0,0.0,0,0,0,0.0,0.5213623046875,1,P4_CV0,1,1,1,1,1
6,6.211338327692949,7.937131414155586,Age0_F6_m6f9_P6_Y22_UO757,RD6_F9_m6f3_P6_Y20_UO346,RD9_F2_m9f6_P9_Y20_UO674,MXY,0,0.0,0,0,0.0,0,0,0,0.0,0.5367431640625,1,P4_CV0,1,0,2,1,1
6,6.211338327692949,7.937131414155586,Age0_F6_m6f9_P6_Y22_UO758,RD6_F9_m6f3_P6_Y20_UO346,RD9_F2_m9f6_P9_Y20_UO674,FXX,0,0.0,0,0,0.0,0,0,0,0.0,0.5367431640625,1,P4_CV0,1,0,2,1,1
6,6.211338327692949,7.937131414155586,Age0_F6_m6f9_P6_Y22_UO759,RD6_F9_m6f3_P6_Y20_UO346,RD9_F2_m9f6_P9_Y20_UO674,FXX,0,0.0,0,0,0.0,0,0,0,0.0,0.5367431640625,1,P4_CV0,1,0,2,2,0
6,6.211338327692949,7.937131414155586,R6_F6_m3f7_P3_Y21_UO73,RD3_F7_m3f7_P3_Y19_UO192,RD7_F3_m7f4_P7_Y19_UO98,FXX,1,0.0,1,1,1.0,0,0,0,-9999.0,0.54638671875,1,P4_CV0,1,1,1,0,2
6,6.211338327692949,7.937131414155586,R6_F6_m2f3_P2_Y21_UO28,RD2_F9_m6f9_P6_Y19_UO63,RD3_F7_m4f7_P4_Y19_UO271,FXX,1,0.0,1,1,1.0,0,0,0,-9999.0,0.548583984375,1,P4_CV0,1,2,0,2,0
6,6.211338327692949,7.937131414155586,R6_F6_m2f5_P2_Y20_UO107,RD2_F9_m6f2_P6_Y18_UO401,RD5_F1_m5f2_P5_Y18_UO240,FXX,2,0.0,1,0,1.0,0,0,0,-9999.0,0.548095703125,1,P4_CV0,1,1,1,1,1
6,6.211338327692949,7.937131414155586,R6_F6_m6f2_P6_Y20_UO440,RD6_F2_m6f3_P6_Y18_UO170,RD2_F5_m3f6_P3_Y18_UO306,FXX,2,0.0,1,0,1.0,0,0,0,-9999.0,0.522216796875,1,P4_CV0,1,0,2,2,0
6,6.211338327692949,7.937131414155586,Age0_F6_m6f9_P6_Y22_UO125,RD6_F9_m6f2_P6_Y20_UO527,RD9_F6_m9f6_P9_Y20_UO407,MXY,0,0.0,0,0,0.0,0,0,0,0.0,0.5281982421875,1,P5_CV0,1,2,0,2,0
6,6.211338327692949,7.937131414155586,Age0_F6_m6f3_P6_Y22_UO221,RD6_F3_m5f2_P5_Y20_UO327,RD3_F6_m3f2_P3_Y20_UO172,FXX,0,0.0,0,0,0.0,0,0,0,0.0,0.527099609375,1,P5_CV0,1,0,2,0,2
6,6.211338327692949,7.937131414155586,Age0_F6_m6f3_P6_Y22_UO223,RD6_F3_m5f2_P5_Y20_UO327,RD3_F6_m3f2_P3_Y20_UO172,FXX,0,0.0,0,0,0.0,0,0,0,0.0,0.527099609375,1,P5_CV0,1,0,2,0,2
6,6.211338327692949,7.937131414155586,Age0_F6_m6f3_P6_Y22_UO224,RD6_F3_m5f2_P5_Y20_UO327,RD3_F6_m3f2_P3_Y20_UO172,FXX,0,0.0,0,0,0.0,0,0,0,0.0,0.527099609375,1,P5_CV0,1,1,1,0,2
6,6.211338327692949,7.937131414155586,Age0_F6_m6f9_P6_Y22_UO289,RD6_F2_m9f6_P9_Y20_UO412,RD9_F2_m5f2_P5_Y20_UO131,FXX,0,0.0,0,0,0.0,0,0,0,0.0,0.539794921875,1,P5_CV0,1,0,2,1,1
6,6.211338327692949,7.937131414155586,Age0_F6_m6f9_P6_Y22_UO290,RD6_F2_m9f6_P9_Y20_UO412,RD9_F2_m5f2_P5_Y20_UO131,MXY,0,0.0,0,0,0.0,0,0,0,0.0,0.539794921875,1,P5_CV0,1,0,2,1,1
6,6.211338327692949,7.937131414155586,Age0_F6_m6f9_P6_Y22_UO291,RD6_F2_m9f6_P9_Y20_UO412,RD9_F2_m5f2_P5_Y20_UO131,FXX,0,0.0,0,0,0.0,0,0,0,0.0,0.539794921875,1,P5_CV0,1,1,1,0,2
6,6.211338327692949,7.937131414155586,Age0_F6_m6f9_P6_Y22_UO292,RD6_F2_m9f6_P9_Y20_UO412,RD9_F2_m5f2_P5_Y20_UO131,MXY,0,0.0,0,0,0.0,0,0,0,0.0,0.539794921875,1,P5_CV0,1,1,1,0,2
6,6.211338327692949,7.937131414155586,Age0_F6_m6f3_P6_Y22_UO435,RD6_F9_m6f2_P6_Y20_UO169,RD3_F6_m9f6_P9_Y20_UO11,MXY,0,0.0,0,0,0.0,0,0,0,0.0,0.5301513671875,1,P5_CV0,1,0,2,0,2
6,6.211338327692949,7.937131414155586,Age0_F6_m6f3_P6_Y22_UO436,RD6_F9_m6f2_P6_Y20_UO169,RD3_F6_m9f6_P9_Y20_UO11,MXY,0,0.0,0,0,0.0,0,0,0,0.0,0.5301513671875,1,P5_CV0,1,2,0,0,2
6,6.211338327692949,7.937131414155586,Age0_F6_m6f3_P6_Y22_UO437,RD6_F9_m6f2_P6_Y20_UO169,RD3_F6_m9f6_P9_Y20_UO11,MXY,0,0.0,0,0,0.0,0,0,0,0.0,0.5301513671875,1,P5_CV0,1,2,0,0,2
6,6.211338327692949,7.937131414155586,Age0_F6_m6f2_P6_Y22_UO451,RD6_F9_m6f2_P6_Y20_UO1,RD2_F3_m5f2_P5_Y20_UO133,MXY,0,0.0,0,0,0.0,0,0,0,0.0,0.52783203125,1,P5_CV0,1,0,2,1,1
6,6.211338327692949,7.937131414155586,Age0_F6_m6f3_P6_Y22_UO621,RD6_F9_m6f2_P6_Y20_UO333,RD3_F5_m1f5_P1_Y20_UO736,FXX,0,0.0,0,0,0.0,0,0,0,0.0,0.5211181640625,1,P5_CV0,1,0,2,1,1
6,6.211338327692949,7.937131414155586,Age0_F6_m6f3_P6_Y22_UO622,RD6_F9_m6f2_P6_Y20_UO333,RD3_F5_m1f5_P1_Y20_UO736,MXY,0,0.0,0,0,0.0,0,0,0,0.0,0.5211181640625,1,P5_CV0,1,0,2,0,2
6,6.211338327692949,7.937131414155586,Age0_F6_m6f3_P6_Y22_UO623,RD6_F9_m6f2_P6_Y20_UO333,RD3_F5_m1f5_P1_Y20_UO736,FXX,0,0.0,0,0,0.0,0,0,0,0.0,0.5211181640625,1,P5_CV0,1,0,2,0,2
6,6.211338327692949,7.937131414155586,Age0_F6_m6f9_P6_Y22_UO687,RD6_F2_m9f2_P9_Y20_UO209,RD9_F2_m5f2_P5_Y20_UO131,MXY,0,0.0,0,0,0.0,0,0,0,0.0,0.5283203125,1,P5_CV0,1,1,1,2,0
6,6.211338327692949,7.937131414155586,R6_F6_m9f6_P9_Y21_UO14,RD9_F6_m3f7_P3_Y19_UO181,RD6_F3_m6f3_P6_Y19_UO51,FXX,1,0.0,1,1,1.0,0,0,0,-9999.0,0.542236328125,1,P5_CV0,1,0,2,2,0
6,6.211338327692949,7.937131414155586,R6_F6_m5f2_P5_Y20_UO327,RD5_F2_m3f6_P3_Y18_UO203,RD2_F6_m2f5_P2_Y18_UO604,FXX,2,0.0,1,0,1.0,0,0,0,-9999.0,0.533935546875,1,P5_CV0,1,0,2,0,2
6,6.211338327692949,7.937131414155586,R6_F6_m6f2_P6_Y20_UO530,RD6_F2_m3f6_P3_Y18_UO320,RD2_F9_m6f3_P6_Y18_UO47,FXX,2,0.0,1,0,1.0,0,0,0,-9999.0,0.521240234375,1,P5_CV0,1,2,0,0,2
6,6.211338327692949,7.937131414155586,Age0_F6_m6f3_P6_Y22_UO107,RD6_F9_m6f2_P6_Y20_UO386,RD3_F6_m2f3_P2_Y20_UO685,MXY,0,0.0,0,0,0.0,0,0,0,0.0,0.5240478515625,1,P8_CV0,1,1,1,0,2
6,6.211338327692949,7.937131414155586,Age0_F6_m6f3_P6_Y22_UO110,RD6_F9_m6f2_P6_Y20_UO386,RD3_F6_m2f3_P2_Y20_UO685,FXX,0,0.0,0,0,0.0,0,0,0,0.0,0.5240478515625,1,P8_CV0,1,0,2,1,1
6,6.211338327692949,7.937131414155586,Age0_F6_m6f3_P6_Y22_UO308,RD6_F3_m6f3_P6_Y20_UO53,RD3_F6_m9f2_P9_Y20_UO371,MXY,0,0.0,0,0,0.0,0,0,0,0.0,0.531494140625,1,P8_CV0,1,2,0,1,1
6,6.211338327692949,7.937131414155586,Age0_F6_m6f9_P6_Y22_UO321,RD6_F9_m6f2_P6_Y20_UO386,RD9_F2_m9f2_P9_Y20_UO369,MXY,0,0.0,0,0,0.0,0,0,0,0.0,0.5205078125,1,P8_CV0,1,1,1,1,1
6,6.211338327692949,7.937131414155586,Age0_F6_m6f3_P6_Y22_UO438,RD6_F9_m6f2_P6_Y20_UO169,RD3_F6_m9f6_P9_Y20_UO11,FXX,0,0.0,0,0,0.0,0,0,0,0.0,0.5301513671875,1,P8_CV0,1,1,1,0,2
6,6.211338327692949,7.937131414155586,Age0_F6_m6f2_P6_Y22_UO452,RD6_F9_m6f2_P6_Y20_UO1,RD2_F3_m5f2_P5_Y20_UO133,FXX,0,0.0,0,0,0.0,0,0,0,0.0,0.52783203125,1,P8_CV0,1,1,1,1,1
6,6.211338327692949,7.937131414155586,Age0_F6_m6f2_P6_Y22_UO453,RD6_F9_m6f2_P6_Y20_UO1,RD2_F3_m5f2_P5_Y20_UO133,FXX,0,0.0,0,0,0.0,0,0,0,0.0,0.52783203125,1,P8_CV0,1,0,2,1,1
6,6.211338327692949,7.937131414155586,Age0_F6_m6f2_P6_Y22_UO454,RD6_F9_m6f2_P6_Y20_UO1,RD2_F3_m5f2_P5_Y20_UO133,FXX,0,0.0,0,0,0.0,0,0,0,0.0,0.52783203125,1,P8_CV0,1,1,1,1,1
6,6.211338327692949,7.937131414155586,Age0_F6_m6f2_P6_Y22_UO455,RD6_F9_m6f2_P6_Y20_UO1,RD2_F3_m5f2_P5_Y20_UO133,MXY,0,0.0,0,0,0.0,0,0,0,0.0,0.52783203125,1,P8_CV0,1,1,1,1,1
6,6.211338327692949,7.937131414155586,Age0_F6_m6f9_P6_Y22_UO618,RD6_F9_m6f2_P6_Y20_UO386,RD9_F6_m3f5_P3_Y18_UO276,FXX,0,0.0,0,0,0.0,0,0,0,0.0,0.5262451171875,1,P8_CV0,1,0,2,0,2
6,6.211338327692949,7.937131414155586,Age0_F6_m6f9_P6_Y22_UO619,RD6_F9_m6f2_P6_Y20_UO386,RD9_F6_m3f5_P3_Y18_UO276,FXX,0,0.0,0,0,0.0,0,0,0,0.0,0.5262451171875,1,P8_CV0,1,0,2,1,1
6,6.211338327692949,7.937131414155586,R6_F6_m6f2_P6_Y20_UO386,RD6_F9_m6f2_P6_Y18_UO611,RD2_F9_m2f5_P2_Y18_UO181,FXX,2,0.0,1,0,1.0,0,0,0,-9999.0,0.510498046875,1,P8_CV0,1,0,2,0,2
7,1.3457994534493356,7.703671818986196,Age0_F7_m7f4_P7_Y22_UO195,RD7_F4_m7f4_P7_Y20_UO605,RD4_F8_m4f7_P4_Y20_UO226,MXY,0,0.0,0,0,0.0,0,0,0,0.0,0.5189208984375,1,P0_CV0,1,0,2,1,1
7,1.3457994534493356,7.703671818986196,Age0_F7_m7f4_P7_Y22_UO198,RD7_F4_m7f4_P7_Y20_UO605,RD4_F8_m4f7_P4_Y20_UO226,FXX,0,0.0,0,0,0.0,0,0,0,0.0,0.5189208984375,1,P0_CV0,1,1,1,0,2
7,1.3457994534493356,7.703671818986196,Age0_F7_m7f4_P7_Y22_UO369,RD7_F3_m5f1_P5_Y20_UO379,RD4_F8_m4f8_P4_Y20_UO271,FXX,0,0.0,0,0,0.0,0,0,0,0.0,0.5306396484375,1,P0_CV0,1,1,1,1,1
7,1.3457994534493356,7.703671818986196,Age0_F7_m7f4_P7_Y22_UO370,RD7_F3_m5f1_P5_Y20_UO379,RD4_F8_m4f8_P4_Y20_UO271,MXY,0,0.0,0,0,0.0,0,0,0,0.0,0.5306396484375,1,P0_CV0,1,0,2,1,1
7,1.3457994534493356,7.703671818986196,Age0_F7_m7f4_P7_Y22_UO372,RD7_F3_m5f1_P5_Y20_UO379,RD4_F8_m4f8_P4_Y20_UO271,FXX,0,0.0,0,0,0.0,0,0,0,0.0,0.5306396484375,1,P0_CV0,1,1,1,1,1
7,1.3457994534493356,7.703671818986196,Age0_F7_m7f3_P7_Y22_UO38,RD7_F4_m8f4_P8_Y20_UO387,RD3_F5_m1f5_P1_Y20_UO352,MXY,0,0.0,0,0,0.0,0,0,0,0.0,0.52783203125,1,P1_CV0,1,1,1,0,2
7,1.3457994534493356,7.703671818986196,Age0_F7_m7f3_P7_Y22_UO40,RD7_F4_m8f4_P8_Y20_UO387,RD3_F5_m1f5_P1_Y20_UO352,FXX,0,0.0,0,0,0.0,0,0,0,0.0,0.52783203125,1,P1_CV0,1,0,2,0,2
7,1.3457994534493356,7.703671818986196,Age0_F7_m7f4_P7_Y22_UO77,RD7_F3_m5f1_P5_Y20_UO379,RD4_F7_m3f2_P3_Y20_UO174,MXY,0,0.0,0,0,0.0,0,0,0,0.0,0.5230712890625,1,P1_CV0,1,0,2,2,0
7,1.3457994534493356,7.703671818986196,Age0_F7_m7f4_P7_Y22_UO78,RD7_F3_m5f1_P5_Y20_UO379,RD4_F7_m3f2_P3_Y20_UO174,MXY,0,0.0,0,0,0.0,0,0,0,0.0,0.5230712890625,1,P1_CV0,1,1,1,1,1
7,1.3457994534493356,7.703671818986196,Age0_F7_m7f4_P7_Y22_UO82,RD7_F3_m5f1_P5_Y20_UO379,RD4_F7_m3f2_P3_Y20_UO174,FXX,0,0.0,0,0,0.0,0,0,0,0.0,0.5230712890625,1,P1_CV0,1,0,2,2,0
7,1.3457994534493356,7.703671818986196,Age0_F7_m7f3_P7_Y22_UO340,RD7_F3_m5f1_P5_Y20_UO379,RD3_F6_m3f2_P3_Y20_UO172,FXX,0,0.0,0,0,0.0,0,0,0,0.0,0.5230712890625,1,P1_CV0,1,0,2,1,1
7,1.3457994534493356,7.703671818986196,Age0_F7_m7f3_P7_Y22_UO344,RD7_F3_m5f1_P5_Y20_UO379,RD3_F6_m3f2_P3_Y20_UO172,MXY,0,0.0,0,0,0.0,0,0,0,0.0,0.5230712890625,1,P1_CV0,1,1,1,1,1
7,1.3457994534493356,7.703671818986196,Age0_F7_m7f4_P7_Y22_UO371,RD7_F3_m5f1_P5_Y20_UO379,RD4_F8_m4f8_P4_Y20_UO271,MXY,0,0.0,0,0,0.0,0,0,0,0.0,0.5306396484375,1,P1_CV0,1,0,2,1,1
7,1.3457994534493356,7.703671818986196,Age0_F7_m7f4_P7_Y22_UO79,RD7_F3_m5f1_P5_Y20_UO379,RD4_F7_m3f2_P3_Y20_UO174,MXY,0,0.0,0,0,0.0,0,0,0,0.0,0.5230712890625,1,P2_CV0,1,1,1,1,1
7,1.3457994534493356,7.703671818986196,Age0_F7_m7f4_P7_Y22_UO80,RD7_F3_m5f1_P5_Y20_UO379,RD4_F7_m3f2_P3_Y20_UO174,FXX,0,0.0,0,0,0.0,0,0,0,0.0,0.5230712890625,1,P2_CV0,1,1,1,1,1
7,1.3457994534493356,7.703671818986196,Age0_F7_m7f4_P7_Y22_UO81,RD7_F3_m5f1_P5_Y20_UO379,RD4_F7_m3f2_P3_Y20_UO174,FXX,0,0.0,0,0,0.0,0,0,0,0.0,0.5230712890625,1,P2_CV0,1,0,2,1,1
7,1.3457994534493356,7.703671818986196,Age0_F7_m7f4_P7_Y22_UO196,RD7_F4_m7f4_P7_Y20_UO605,RD4_F8_m4f7_P4_Y20_UO226,MXY,0,0.0,0,0,0.0,0,0,0,0.0,0.5189208984375,1,P2_CV0,1,0,2,0,2
7,1.3457994534493356,7.703671818986196,Age0_F7_m7f4_P7_Y22_UO197,RD7_F4_m7f4_P7_Y20_UO605,RD4_F8_m4f7_P4_Y20_UO226,FXX,0,0.0,0,0,0.0,0,0,0,0.0,0.5189208984375,1,P2_CV0,1,1,1,1,1
7,1.3457994534493356,7.703671818986196,Age0_F7_m7f4_P7_Y22_UO199,RD7_F4_m7f4_P7_Y20_UO605,RD4_F8_m4f7_P4_Y20_UO226,FXX,0,0.0,0,0,0.0,0,0,0,0.0,0.5189208984375,1,P2_CV0,1,2,0,0,2
7,1.3457994534493356,7.703671818986196,Age0_F7_m7f4_P7_Y22_UO204,RD7_F3_m7f3_P7_Y20_UO158,RD4_F7_m3f5_P3_Y20_UO318,MXY,0,0.0,0,0,0.0,0,0,0,0.0,0.5372314453125,1,P2_CV0,1,1,1,0,2
7,1.3457994534493356,7.703671818986196,Age0_F7_m7f4_P7_Y22_UO206,RD7_F3_m7f3_P7_Y20_UO158,RD4_F7_m3f5_P3_Y20_UO318,FXX,0,0.0,0,0,0.0,0,0,0,0.0,0.5372314453125,1,P2_CV0,1,1,1,0,2
7,1.3457994534493356,7.703671818986196,Age0_F7_m7f4_P7_Y22_UO270,RD7_F4_m8f4_P8_Y20_UO619,RD4_F8_m4f8_P4_Y20_UO356,FXX,0,0.0,0,0,0.0,0,0,0,0.0,0.5169677734375,1,P2_CV0,1,0,2,0,2
7,1.3457994534493356,7.703671818986196,Age0_F7_m7f4_P7_Y22_UO271,RD7_F4_m8f4_P8_Y20_UO619,RD4_F8_m4f8_P4_Y20_UO356,FXX,0,0.0,0,0,0.0,0,0,0,0.0,0.5169677734375,1,P2_CV0,1,0,2,0,2
7,1.3457994534493356,7.703671818986196,Age0_F7_m7f4_P7_Y22_UO272,RD7_F4_m8f4_P8_Y20_UO619,RD4_F8_m4f8_P4_Y20_UO356,MXY,0,0.0,0,0,0.0,0,0,0,0.0,0.5169677734375,1,P2_CV0,1,0,2,0,2
7,1.3457994534493356,7.703671818986196,Age0_F7_m7f3_P7_Y22_UO339,RD7_F3_m5f1_P5_Y20_UO379,RD3_F6_m3f2_P3_Y20_UO172,FXX,0,0.0,0,0,0.0,0,0,0,0.0,0.5230712890625,1,P2_CV0,1,1,1,1,1
7,1.3457994534493356,7.703671818986196,Age0_F7_m7f3_P7_Y22_UO341,RD7_F3_m5f1_P5_Y20_UO379,RD3_F6_m3f2_P3_Y20_UO172,FXX,0,0.0,0,0,0.0,0,0,0,0.0,0.5230712890625,1,P2_CV0,1,1,1,1,1
7,1.3457994534493356,7.703671818986196,Age0_F7_m7f3_P7_Y22_UO342,RD7_F3_m5f1_P5_Y20_UO379,RD3_F6_m3f2_P3_Y20_UO172,MXY,0,0.0,0,0,0.0,0,0,0,0.0,0.5230712890625,1,P2_CV0,1,1,1,1,1
7,1.3457994534493356,7.703671818986196,Age0_F7_m7f3_P7_Y22_UO343,RD7_F3_m5f1_P5_Y20_UO379,RD3_F6_m3f2_P3_Y20_UO172,FXX,0,0.0,0,0,0.0,0,0,0,0.0,0.5230712890625,1,P2_CV0,1,0,2,1,1
7,1.3457994534493356,7.703671818986196,Age0_F7_m7f4_P7_Y22_UO359,RD7_F3_m7f4_P7_Y20_UO3,RD4_F8_m4f8_P4_Y20_UO582,FXX,0,0.0,0,0,0.0,0,0,0,0.0,0.5296630859375,1,P2_CV0,1,1,1,1,1
7,1.3457994534493356,7.703671818986196,Age0_F7_m7f4_P7_Y22_UO360,RD7_F3_m7f4_P7_Y20_UO3,RD4_F8_m4f8_P4_Y20_UO582,MXY,0,0.0,0,0,0.0,0,0,0,0.0,0.5296630859375,1,P2_CV0,1,0,2,0,2
7,1.3457994534493356,7.703671818986196,Age0_F7_m7f4_P7_Y22_UO361,RD7_F3_m7f4_P7_Y20_UO3,RD4_F8_m4f8_P4_Y20_UO582,FXX,0,0.0,0,0,0.0,0,0,0,0.0,0.5296630859375,1,P2_CV0,1,2,0,0,2
7,1.3457994534493356,7.703671818986196,Age0_F7_m7f4_P7_Y22_UO363,RD7_F3_m7f4_P7_Y20_UO3,RD4_F8_m4f8_P4_Y20_UO582,MXY,0,0.0,0,0,0.0,0,0,0,0.0,0.5296630859375,1,P2_CV0,1,0,2,0,2
7,1.3457994534493356,7.703671818986196,Age0_F7_m7f4_P7_Y22_UO365,RD7_F3_m7f4_P7_Y20_UO3,RD4_F8_m4f8_P4_Y20_UO582,MXY,0,0.0,0,0,0.0,0,0,0,0.0,0.5296630859375,1,P2_CV0,1,0,2,0,2
7,1.3457994534493356,7.703671818986196,Age0_F7_m7f4_P7_Y22_UO512,RD7_F3_m7f4_P7_Y20_UO3,RD4_F7_m4f7_P4_Y20_UO478,MXY,0,0.0,0,0,0.0,0,0,0,0.0,0.5408935546875,1,P2_CV0,1,1,1,2,0
7,1.3457994534493356,7.703671818986196,Age0_F7_m7f4_P7_Y22_UO513,RD7_F3_m7f4_P7_Y20_UO3,RD4_F7_m4f7_P4_Y20_UO478,FXX,0,0.0,0,0,0.0,0,0,0,0.0,0.5408935546875,1,P2_CV0,1,0,2,1,1
7,1.3457994534493356,7.703671818986196,Age0_F7_m7f4_P7_Y22_UO515,RD7_F3_m7f4_P7_Y20_UO3,RD4_F7_m4f7_P4_Y20_UO478,FXX,0,0.0,0,0,0.0,0,0,0,0.0,0.5408935546875,1,P2_CV0,1,0,2,1,1
7,1.3457994534493356,7.703671818986196,Age0_F7_m7f4_P7_Y22_UO575,RD7_F4_m8f4_P8_Y20_UO619,RD4_F8_m4f8_P4_Y20_UO356,MXY,0,0.0,0,0,0.0,0,0,0,0.0,0.5169677734375,1,P2_CV0,1,0,2,0,2
7,1.3457994534493356,7.703671818986196,Age0_F7_m7f4_P7_Y22_UO577,RD7_F4_m8f4_P8_Y20_UO619,RD4_F8_m4f8_P4_Y20_UO356,MXY,0,0.0,0,0,0.0,0,0,0,0.0,0.5169677734375,1,P2_CV0,1,0,2,0,2
7,1.3457994534493356,7.703671818986196,Age0_F7_m7f4_P7_Y22_UO609,RD7_F3_m7f4_P7_Y20_UO3,RD4_F8_m4f8_P4_Y20_UO669,MXY,0,0.0,0,0,0.0,0,0,0,0.0,0.5419921875,1,P2_CV0,1,1,1,2,0
7,1.3457994534493356,7.703671818986196,Age0_F7_m7f4_P7_Y22_UO611,RD7_F3_m7f4_P7_Y20_UO3,RD4_F8_m4f8_P4_Y20_UO669,MXY,0,0.0,0,0,0.0,0,0,0,0.0,0.5419921875,1,P2_CV0,1,1,1,1,1
7,1.3457994534493356,7.703671818986196,Age0_F7_m7f4_P7_Y22_UO612,RD7_F3_m7f4_P7_Y20_UO3,RD4_F8_m4f8_P4_Y20_UO669,MXY,0,0.0,0,0,0.0,0,0,0,0.0,0.5419921875,1,P2_CV0,1,1,1,2,0
7,1.3457994534493356,7.703671818986196,Age0_F7_m7f4_P7_Y22_UO613,RD7_F3_m7f4_P7_Y20_UO3,RD4_F8_m4f8_P4_Y20_UO669,MXY,0,0.0,0,0,0.0,0,0,0,0.0,0.5419921875,1,P2_CV0,1,1,1,1,1
7,1.3457994534493356,7.703671818986196,Age0_F7_m7f3_P7_Y22_UO738,RD7_F3_m5f2_P5_Y20_UO409,RD3_F6_m9f6_P9_Y20_UO750,FXX,0,0.0,0,0,0.0,0,0,0,0.0,0.5413818359375,1,P2_CV0,1,1,1,1,1
7,1.3457994534493356,7.703671818986196,R7_F7_m2f3_P2_Y20_UO93,RD2_F9_m2f9_P2_Y18_UO107,RD3_F7_m4f7_P4_Y18_UO232,MXY,2,0.0,1,0,0.0,0,0,0,-9999.0,0.506103515625,1,P2_CV0,1,1,1,0,2
7,1.3457994534493356,7.703671818986196,R7_F7_m2f5_P2_Y18_UO343,RD2_F9_m2f6_P2_Y16_UO253,RD5_F1_m5f3_P5_Y16_UO151,FXX,4,0.0,1,0,1.0,0,0,0,-9999.0,0.51123046875,1,P2_CV0,1,1,1,1,1
7,1.3457994534493356,7.703671818986196,R7_F7_m6f9_P6_Y18_UO347,RD6_F9_m6f3_P6_Y16_UO243,RD9_F2_m6f2_P6_Y16_UO1,FXX,4,0.0,1,0,1.0,0,0,0,-9999.0,0.49658203125,1,P2_CV0,1,1,1,1,1
7,1.3457994534493356,7.703671818986196,R7_F7_m7f3_P7_Y18_UO676,RD7_F3_m2f5_P2_Y16_UO637,RD3_F7_m4f8_P4_Y16_UO421,MXY,4,0.0,1,0,0.0,0,0,0,-9999.0,0.53125,1,P2_CV0,1,1,1,0,2
7,1.3457994534493356,7.703671818986196,Age0_F7_m7f4_P7_Y22_UO150,RD7_F4_m8f4_P8_Y20_UO101,RD4_F8_m4f8_P4_Y20_UO667,MXY,0,0.0,0,0,0.0,0,0,0,0.0,0.55322265625,1,P3_CV0,1,1,1,2,0
7,1.3457994534493356,7.703671818986196,Age0_F7_m7f4_P7_Y22_UO205,RD7_F3_m7f3_P7_Y20_UO158,RD4_F7_m3f5_P3_Y20_UO318,FXX,0,0.0,0,0,0.0,0,0,0,0.0,0.5372314453125,1,P3_CV0,1,1,1,0,2
7,1.3457994534493356,7.703671818986196,Age0_F7_m7f3_P7_Y22_UO422,RD7_F4_m8f4_P8_Y20_UO101,RD3_F6_m9f2_P9_Y20_UO371,FXX,0,0.0,0,0,0.0,0,0,0,0.0,0.5504150390625,1,P3_CV0,1,1,1,1,1
7,1.3457994534493356,7.703671818986196,Age0_F7_m7f4_P7_Y22_UO514,RD7_F3_m7f4_P7_Y20_UO3,RD4_F7_m4f7_P4_Y20_UO478,FXX,0,0.0,0,0,0.0,0,0,0,0.0,0.5408935546875,1,P3_CV0,1,0,2,2,0
7,1.3457994534493356,7.703671818986196,Age0_F7_m7f3_P7_Y22_UO541,RD7_F4_m8f4_P8_Y20_UO619,RD3_F5_m1f5_P1_Y20_UO736,FXX,0,0.0,0,0,0.0,0,0,0,0.0,0.52197265625,1,P3_CV0,1,0,2,1,1
7,1.3457994534493356,7.703671818986196,Age0_F7_m7f3_P7_Y22_UO542,RD7_F4_m8f4_P8_Y20_UO619,RD3_F5_m1f5_P1_Y20_UO736,FXX,0,0.0,0,0,0.0,0,0,0,0.0,0.52197265625,1,P3_CV0,1,0,2,1,1
7,1.3457994534493356,7.703671818986196,Age0_F7_m7f4_P7_Y22_UO576,RD7_F4_m8f4_P8_Y20_UO619,RD4_F8_m4f8_P4_Y20_UO356,FXX,0,0.0,0,0,0.0,0,0,0,0.0,0.5169677734375,1,P3_CV0,1,0,2,0,2
7,1.3457994534493356,7.703671818986196,Age0_F7_m7f4_P7_Y22_UO587,RD7_F4_m8f4_P8_Y20_UO101,RD4_F8_m4f7_P4_Y20_UO302,FXX,0,0.0,0,0,0.0,0,0,0,0.0,0.54736328125,1,P3_CV0,1,1,1,1,1
7,1.3457994534493356,7.703671818986196,Age0_F7_m7f4_P7_Y22_UO588,RD7_F4_m8f4_P8_Y20_UO101,RD4_F8_m4f7_P4_Y20_UO302,FXX,0,0.0,0,0,0.0,0,0,0,0.0,0.54736328125,1,P3_CV0,1,0,2,0,2
7,1.3457994534493356,7.703671818986196,Age0_F7_m7f4_P7_Y22_UO589,RD7_F4_m8f4_P8_Y20_UO101,RD4_F8_m4f7_P4_Y20_UO302,FXX,0,0.0,0,0,0.0,0,0,0,0.0,0.54736328125,1,P3_CV0,1,1,1,0,2
7,1.3457994534493356,7.703671818986196,Age0_F7_m7f4_P7_Y22_UO590,RD7_F4_m8f4_P8_Y20_UO101,RD4_F8_m4f7_P4_Y20_UO302,FXX,0,0.0,0,0,0.0,0,0,0,0.0,0.54736328125,1,P3_CV0,1,1,1,1,1
7,1.3457994534493356,7.703671818986196,Age0_F7_m7f4_P7_Y22_UO684,RD7_F3_m2f9_P2_Y20_UO141,RD4_F8_m8f4_P8_Y17_UO87,FXX,0,0.0,0,0,0.0,0,0,0,0.0,0.54248046875,1,P3_CV0,1,1,1,2,0
7,1.3457994534493356,7.703671818986196,Age0_F7_m7f4_P7_Y22_UO685,RD7_F3_m2f9_P2_Y20_UO141,RD4_F8_m8f4_P8_Y17_UO87,MXY,0,0.0,0,0,0.0,0,0,0,0.0,0.54248046875,1,P3_CV0,1,0,2,2,0
7,1.3457994534493356,7.703671818986196,Age0_F7_m7f4_P7_Y22_UO686,RD7_F3_m2f9_P2_Y20_UO141,RD4_F8_m8f4_P8_Y17_UO87,MXY,0,0.0,0,0,0.0,0,0,0,0.0,0.54248046875,1,P3_CV0,1,0,2,1,1
7,1.3457994534493356,7.703671818986196,R7_F7_m2f3_P2_Y20_UO720,RD2_F9_m6f9_P6_Y18_UO345,RD3_F5_m3f6_P3_Y18_UO201,MXY,2,0.0,1,0,0.0,0,0,0,-9999.0,0.523681640625,1,P3_CV0,1,1,1,0,2
7,1.3457994534493356,7.703671818986196,R7_F7_m7f3_P7_Y20_UO151,RD7_F4_m8f4_P8_Y18_UO627,RD3_F5_m3f6_P3_Y18_UO201,FXX,2,0.0,1,0,1.0,0,0,0,-9999.0,0.536376953125,1,P3_CV0,1,0,2,1,1
7,1.3457994534493356,7.703671818986196,R7_F7_m4f7_P4_Y19_UO107,RD4_F8_m4f8_P4_Y17_UO269,RD7_F4_m4f7_P4_Y16_UO662,MXY,3,0.0,1,0,0.0,0,0,0,-9999.0,0.55078125,1,P3_CV0,1,0,2,2,0
7,1.3457994534493356,7.703671818986196,Age0_F7_m7f4_P7_Y22_UO149,RD7_F4_m8f4_P8_Y20_UO101,RD4_F8_m4f8_P4_Y20_UO667,MXY,0,0.0,0,0,0.0,0,0,0,0.0,0.55322265625,1,P4_CV0,1,0,2,1,1
7,1.3457994534493356,7.703671818986196,Age0_F7_m7f4_P7_Y22_UO151,RD7_F4_m8f4_P8_Y20_UO101,RD4_F8_m4f8_P4_Y20_UO667,FXX,0,0.0,0,0,0.0,0,0,0,0.0,0.55322265625,1,P4_CV0,1,1,1,1,1
7,1.3457994534493356,7.703671818986196,Age0_F7_m7f4_P7_Y22_UO479,RD7_F3_m2f9_P2_Y20_UO141,RD4_F7_m4f8_P4_Y20_UO666,MXY,0,0.0,0,0,0.0,0,0,0,0.0,0.5325927734375,1,P4_CV0,1,1,1,2,0
7,1.3457994534493356,7.703671818986196,Age0_F7_m7f4_P7_Y22_UO480,RD7_F3_m2f9_P2_Y20_UO141,RD4_F7_m4f8_P4_Y20_UO666,MXY,0,0.0,0,0,0.0,0,0,0,0.0,0.5325927734375,1,P4_CV0,1,1,1,1,1
7,1.3457994534493356,7.703671818986196,Age0_F7_m7f4_P7_Y22_UO481,RD7_F3_m2f9_P2_Y20_UO141,RD4_F7_m4f8_P4_Y20_UO666,MXY,0,0.0,0,0,0.0,0,0,0,0.0,0.5325927734375,1,P4_CV0,1,1,1,2,0
7,1.3457994534493356,7.703671818986196,Age0_F7_m7f4_P7_Y22_UO584,RD7_F4_m7f3_P7_Y20_UO151,RD4_F8_m4f7_P4_Y20_UO306,FXX,0,0.0,0,0,0.0,0,0,0,0.0,0.544189453125,1,P4_CV0,1,0,2,2,0
7,1.3457994534493356,7.703671818986196,Age0_F7_m7f4_P7_Y22_UO585,RD7_F4_m7f3_P7_Y20_UO151,RD4_F8_m4f7_P4_Y20_UO306,MXY,0,0.0,0,0,0.0,0,0,0,0.0,0.544189453125,1,P4_CV0,1,0,2,1,1
7,1.3457994534493356,7.703671818986196,Age0_F7_m7f4_P7_Y22_UO586,RD7_F4_m7f3_P7_Y20_UO151,RD4_F8_m4f7_P4_Y20_UO306,MXY,0,0.0,0,0,0.0,0,0,0,0.0,0.544189453125,1,P4_CV0,1,0,2,2,0
7,1.3457994534493356,7.703671818986196,Age0_F7_m7f4_P7_Y22_UO610,RD7_F3_m7f4_P7_Y20_UO3,RD4_F8_m4f8_P4_Y20_UO669,MXY,0,0.0,0,0,0.0,0,0,0,0.0,0.5419921875,1,P4_CV0,1,2,0,1,1
7,1.3457994534493356,7.703671818986196,Age0_F7_m7f3_P7_Y22_UO736,RD7_F3_m5f2_P5_Y20_UO409,RD3_F6_m9f6_P9_Y20_UO750,FXX,0,0.0,0,0,0.0,0,0,0,0.0,0.5413818359375,1,P4_CV0,1,1,1,1,1
7,1.3457994534493356,7.703671818986196,Age0_F7_m7f3_P7_Y22_UO737,RD7_F3_m5f2_P5_Y20_UO409,RD3_F6_m9f6_P9_Y20_UO750,MXY,0,0.0,0,0,0.0,0,0,0,0.0,0.5413818359375,1,P4_CV0,1,2,0,0,2
7,1.3457994534493356,7.703671818986196,Age0_F7_m7f3_P7_Y22_UO739,RD7_F3_m5f2_P5_Y20_UO409,RD3_F6_m9f6_P9_Y20_UO750,FXX,0,0.0,0,0,0.0,0,0,0,0.0,0.5413818359375,1,P4_CV0,1,1,1,0,2
7,1.3457994534493356,7.703671818986196,Age0_F7_m7f3_P7_Y22_UO740,RD7_F3_m5f2_P5_Y20_UO409,RD3_F6_m9f6_P9_Y20_UO750,MXY,0,0.0,0,0,0.0,0,0,0,0.0,0.5413818359375,1,P4_CV0,1,1,1,1,1
7,1.3457994534493356,7.703671818986196,R7_F7_m4f7_P4_Y21_UO125,RD4_F8_m4f7_P4_Y19_UO277,RD7_F4_m7f4_P7_Y19_UO113,FXX,1,0.0,1,1,1.0,0,0,0,-9999.0,0.556396484375,1,P4_CV0,1,0,2,1,1
7,1.3457994534493356,7.703671818986196,R7_F7_m3f7_P3_Y21_UO68,RD3_F7_m3f7_P3_Y19_UO192,RD7_F3_m7f4_P7_Y19_UO98,MXY,1,0.0,1,1,0.0,0,0,0,-9999.0,0.54638671875,1,P4_CV0,1,1,1,1,1
7,1.3457994534493356,7.703671818986196,R7_F7_m4f7_P4_Y21_UO236,RD4_F7_m3f2_P3_Y19_UO24,RD7_F4_m7f4_P7_Y19_UO113,MXY,1,0.0,1,1,0.0,0,0,0,-9999.0,0.53076171875,1,P4_CV0,1,1,1,0,2
7,1.3457994534493356,7.703671818986196,R7_F7_m5f3_P5_Y20_UO678,RD5_F1_m5f1_P5_Y18_UO503,RD3_F2_m6f3_P6_Y18_UO50,MXY,2,0.0,1,0,0.0,0,0,0,-9999.0,0.5341796875,1,P4_CV0,1,1,1,1,1
7,1.3457994534493356,7.703671818986196,R7_F7_m8f4_P8_Y20_UO663,RD8_F4_m7f3_P7_Y18_UO158,RD4_F8_m4f8_P4_Y18_UO218,FXX,2,0.0,1,0,1.0,0,0,0,-9999.0,0.53125,1,P4_CV0,1,1,1,0,2
7,1.3457994534493356,7.703671818986196,R7_F7_m2f9_P2_Y20_UO141,RD2_F3_m6f2_P6_Y18_UO528,RD9_F2_m5f1_P5_Y18_UO552,FXX,2,0.0,1,0,1.0,0,0,0,-9999.0,0.5205078125,1,P4_CV0,1,0,2,1,1
7,1.3457994534493356,7.703671818986196,Age0_F7_m7f3_P7_Y22_UO36,RD7_F4_m8f4_P8_Y20_UO387,RD3_F5_m1f5_P1_Y20_UO352,MXY,0,0.0,0,0,0.0,0,0,0,0.0,0.52783203125,1,P5_CV0,1,0,2,0,2
7,1.3457994534493356,7.703671818986196,Age0_F7_m7f3_P7_Y22_UO37,RD7_F4_m8f4_P8_Y20_UO387,RD3_F5_m1f5_P1_Y20_UO352,MXY,0,0.0,0,0,0.0,0,0,0,0.0,0.52783203125,1,P5_CV0,1,0,2,0,2
7,1.3457994534493356,7.703671818986196,Age0_F7_m7f3_P7_Y22_UO39,RD7_F4_m8f4_P8_Y20_UO387,RD3_F5_m1f5_P1_Y20_UO352,MXY,0,0.0,0,0,0.0,0,0,0,0.0,0.52783203125,1,P5_CV0,1,0,2,0,2
7,1.3457994534493356,7.703671818986196,Age0_F7_m7f4_P7_Y22_UO362,RD7_F3_m7f4_P7_Y20_UO3,RD4_F8_m4f8_P4_Y20_UO582,FXX,0,0.0,0,0,0.0,0,0,0,0.0,0.5296630859375,1,P5_CV0,1,1,1,0,2
7,1.3457994534493356,7.703671818986196,Age0_F7_m7f4_P7_Y22_UO364,RD7_F3_m7f4_P7_Y20_UO3,RD4_F8_m4f8_P4_Y20_UO582,MXY,0,0.0,0,0,0.0,0,0,0,0.0,0.5296630859375,1,P5_CV0,1,1,1,1,1
7,1.3457994534493356,7.703671818986196,Age0_F7_m7f3_P7_Y22_UO485,RD7_F4_m7f4_P7_Y20_UO604,RD3_F5_m1f5_P1_Y20_UO610,MXY,0,0.0,0,0,0.0,0,0,0,0.0,0.5185546875,1,P5_CV0,1,0,2,0,2
7,1.3457994534493356,7.703671818986196,Age0_F7_m7f3_P7_Y22_UO486,RD7_F4_m7f4_P7_Y20_UO604,RD3_F5_m1f5_P1_Y20_UO610,FXX,0,0.0,0,0,0.0,0,0,0,0.0,0.5185546875,1,P5_CV0,1,0,2,1,1
7,1.3457994534493356,7.703671818986196,Age0_F7_m7f3_P7_Y22_UO487,RD7_F4_m7f4_P7_Y20_UO604,RD3_F5_m1f5_P1_Y20_UO610,FXX,0,0.0,0,0,0.0,0,0,0,0.0,0.5185546875,1,P5_CV0,1,0,2,0,2
7,1.3457994534493356,7.703671818986196,Age0_F7_m7f3_P7_Y22_UO488,RD7_F4_m7f4_P7_Y20_UO604,RD3_F5_m1f5_P1_Y20_UO610,MXY,0,0.0,0,0,0.0,0,0,0,0.0,0.5185546875,1,P5_CV0,1,0,2,1,1
7,1.3457994534493356,7.703671818986196,Age0_F7_m7f3_P7_Y22_UO489,RD7_F4_m7f4_P7_Y20_UO604,RD3_F5_m1f5_P1_Y20_UO610,MXY,0,0.0,0,0,0.0,0,0,0,0.0,0.5185546875,1,P5_CV0,1,0,2,1,1
7,1.3457994534493356,7.703671818986196,Age0_F7_m7f3_P7_Y22_UO490,RD7_F4_m7f4_P7_Y20_UO604,RD3_F5_m1f5_P1_Y20_UO610,MXY,0,0.0,0,0,0.0,0,0,0,0.0,0.5185546875,1,P5_CV0,1,0,2,1,1
7,1.3457994534493356,7.703671818986196,R7_F7_m3f2_P3_Y21_UO158,RD3_F7_m3f6_P3_Y19_UO142,RD2_F6_m9f2_P9_Y19_UO240,MXY,1,0.0,1,1,0.0,0,0,0,-9999.0,0.53662109375,1,P5_CV0,1,2,0,0,2
7,1.3457994534493356,7.703671818986196,R7_F7_m5f3_P5_Y20_UO547,RD5_F1_m5f2_P5_Y18_UO135,RD3_F2_m9f6_P9_Y18_UO532,MXY,2,0.0,1,0,0.0,0,0,0,-9999.0,0.53759765625,1,P5_CV0,1,0,2,0,2
7,1.3457994534493356,7.703671818986196,R7_F7_m5f1_P5_Y20_UO0,RD5_F2_m5f1_P5_Y18_UO268,RD1_F5_m1f5_P1_Y18_UO595,MXY,2,0.0,1,0,0.0,0,0,0,-9999.0,0.521240234375,1,P5_CV0,1,1,1,0,2
7,1.3457994534493356,7.703671818986196,Age0_F7_m7f3_P7_Y22_UO420,RD7_F4_m8f4_P8_Y20_UO101,RD3_F6_m9f2_P9_Y20_UO371,MXY,0,0.0,0,0,0.0,0,0,0,0.0,0.5504150390625,1,P8_CV0,1,2,0,0,2
7,1.3457994534493356,7.703671818986196,Age0_F7_m7f3_P7_Y22_UO421,RD7_F4_m8f4_P8_Y20_UO101,RD3_F6_m9f2_P9_Y20_UO371,FXX,0,0.0,0,0,0.0,0,0,0,0.0,0.5504150390625,1,P8_CV0,1,2,0,1,1
7,1.3457994534493356,7.703671818986196,Age0_F7_m7f3_P7_Y22_UO423,RD7_F4_m8f4_P8_Y20_UO101,RD3_F6_m9f2_P9_Y20_UO371,MXY,0,0.0,0,0,0.0,0,0,0,0.0,0.5504150390625,1,P8_CV0,1,2,0,2,0
8,1.8443986564691528,11.780027217250101,Age0_F8_m8f4_P8_Y22_UO569,RD8_F4_m8f4_P8_Y20_UO87,RD4_F8_m4f8_P4_Y20_UO271,MXY,0,0.0,0,0,0.0,0,0,0,0.0,0.527099609375,1,P0_CV0,1,2,0,0,2
8,1.8443986564691528,11.780027217250101,Age0_F8_m8f4_P8_Y22_UO572,RD8_F4_m8f4_P8_Y20_UO87,RD4_F8_m4f8_P4_Y20_UO271,FXX,0,0.0,0,0,0.0,0,0,0,0.0,0.527099609375,1,P0_CV0,1,2,0,0,2
8,1.8443986564691528,11.780027217250101,R8_F8_m8f4_P8_Y20_UO336,RD8_F4_m7f3_P7_Y18_UO158,RD4_F8_m4f8_P4_Y18_UO38,FXX,2,0.0,1,0,1.0,0,0,0,-9999.0,0.522705078125,1,P0_CV0,1,0,2,0,2
8,1.8443986564691528,11.780027217250101,Age0_F8_m8f4_P8_Y22_UO241,RD8_F4_m7f3_P7_Y20_UO276,RD4_F7_m4f7_P4_Y20_UO478,MXY,0,0.0,0,0,0.0,0,0,0,0.0,0.535400390625,1,P1_CV0,1,0,2,1,1
8,1.8443986564691528,11.780027217250101,Age0_F8_m8f4_P8_Y22_UO242,RD8_F4_m7f3_P7_Y20_UO276,RD4_F7_m4f7_P4_Y20_UO478,MXY,0,0.0,0,0,0.0,0,0,0,0.0,0.535400390625,1,P1_CV0,1,1,1,1,1
8,1.8443986564691528,11.780027217250101,Age0_F8_m8f4_P8_Y22_UO379,RD8_F4_m8f4_P8_Y20_UO87,RD4_F7_m3f2_P3_Y20_UO174,MXY,0,0.0,0,0,0.0,0,0,0,0.0,0.51953125,1,P2_CV0,1,2,0,0,2
8,1.8443986564691528,11.780027217250101,Age0_F8_m8f4_P8_Y22_UO384,RD8_F4_m8f4_P8_Y20_UO87,RD4_F7_m3f2_P3_Y20_UO174,MXY,0,0.0,0,0,0.0,0,0,0,0.0,0.51953125,1,P2_CV0,1,1,1,0,2
8,1.8443986564691528,11.780027217250101,Age0_F8_m8f4_P8_Y22_UO471,RD8_F4_m8f4_P8_Y20_UO538,RD4_F7_m3f2_P3_Y20_UO174,FXX,0,0.0,0,0,0.0,0,0,0,0.0,0.5299072265625,1,P2_CV0,1,1,1,2,0
8,1.8443986564691528,11.780027217250101,Age0_F8_m8f4_P8_Y22_UO559,RD8_F4_m8f4_P8_Y20_UO489,RD4_F7_m3f6_P3_Y20_UO179,MXY,0,0.0,0,0,0.0,0,0,0,0.0,0.5244140625,1,P2_CV0,1,1,1,1,1
8,1.8443986564691528,11.780027217250101,Age0_F8_m8f4_P8_Y22_UO560,RD8_F4_m8f4_P8_Y20_UO489,RD4_F7_m3f6_P3_Y20_UO179,FXX,0,0.0,0,0,0.0,0,0,0,0.0,0.5244140625,1,P2_CV0,1,0,2,0,2
8,1.8443986564691528,11.780027217250101,Age0_F8_m8f4_P8_Y22_UO562,RD8_F4_m8f4_P8_Y20_UO489,RD4_F7_m3f6_P3_Y20_UO179,FXX,0,0.0,0,0,0.0,0,0,0,0.0,0.5244140625,1,P2_CV0,1,1,1,1,1
8,1.8443986564691528,11.780027217250101,Age0_F8_m8f4_P8_Y22_UO564,RD8_F4_m8f4_P8_Y20_UO489,RD4_F7_m3f6_P3_Y20_UO179,MXY,0,0.0,0,0,0.0,0,0,0,0.0,0.5244140625,1,P2_CV0,1,2,0,1,1
8,1.8443986564691528,11.780027217250101,Age0_F8_m8f4_P8_Y22_UO653,RD8_F4_m7f4_P7_Y20_UO724,RD4_F8_m4f7_P4_Y20_UO306,FXX,0,0.0,0,0,0.0,0,0,0,0.0,0.5377197265625,1,P2_CV0,1,0,2,1,1
8,1.8443986564691528,11.780027217250101,Age0_F8_m8f4_P8_Y22_UO655,RD8_F4_m7f4_P7_Y20_UO724,RD4_F8_m4f7_P4_Y20_UO306,MXY,0,0.0,0,0,0.0,0,0,0,0.0,0.5377197265625,1,P2_CV0,1,0,2,1,1
8,1.8443986564691528,11.780027217250101,Age0_F8_m8f4_P8_Y22_UO656,RD8_F4_m7f4_P7_Y20_UO724,RD4_F8_m4f7_P4_Y20_UO306,MXY,0,0.0,0,0,0.0,0,0,0,0.0,0.5377197265625,1,P2_CV0,1,0,2,1,1
8,1.8443986564691528,11.780027217250101,Age0_F8_m8f4_P8_Y22_UO658,RD8_F4_m7f4_P7_Y20_UO724,RD4_F8_m4f7_P4_Y20_UO306,MXY,0,0.0,0,0,0.0,0,0,0,0.0,0.5377197265625,1,P2_CV0,1,0,2,1,1
8,1.8443986564691528,11.780027217250101,Age0_F8_m8f4_P8_Y22_UO659,RD8_F4_m7f4_P7_Y20_UO724,RD4_F8_m4f7_P4_Y20_UO306,MXY,0,0.0,0,0,0.0,0,0,0,0.0,0.5377197265625,1,P2_CV0,1,0,2,1,1
8,1.8443986564691528,11.780027217250101,Age0_F8_m8f4_P8_Y22_UO705,RD8_F4_m7f3_P7_Y20_UO280,RD4_F7_m3f6_P3_Y20_UO179,FXX,0,0.0,0,0,0.0,0,0,0,0.0,0.5238037109375,1,P2_CV0,1,1,1,0,2
8,1.8443986564691528,11.780027217250101,Age0_F8_m8f4_P8_Y22_UO706,RD8_F4_m7f3_P7_Y20_UO280,RD4_F7_m3f6_P3_Y20_UO179,FXX,0,0.0,0,0,0.0,0,0,0,0.0,0.5238037109375,1,P2_CV0,1,1,1,0,2
8,1.8443986564691528,11.780027217250101,Age0_F8_m8f4_P8_Y22_UO707,RD8_F4_m7f3_P7_Y20_UO280,RD4_F7_m3f6_P3_Y20_UO179,FXX,0,0.0,0,0,0.0,0,0,0,0.0,0.5238037109375,1,P2_CV0,1,2,0,1,1
8,1.8443986564691528,11.780027217250101,Age0_F8_m8f4_P8_Y22_UO708,RD8_F4_m7f3_P7_Y20_UO280,RD4_F7_m3f6_P3_Y20_UO179,FXX,0,0.0,0,0,0.0,0,0,0,0.0,0.5238037109375,1,P2_CV0,1,1,1,1,1
8,1.8443986564691528,11.780027217250101,Age0_F8_m8f4_P8_Y22_UO709,RD8_F4_m7f3_P7_Y20_UO280,RD4_F7_m3f6_P3_Y20_UO179,FXX,0,0.0,0,0,0.0,0,0,0,0.0,0.5238037109375,1,P2_CV0,1,2,0,0,2
8,1.8443986564691528,11.780027217250101,Age0_F8_m8f4_P8_Y22_UO710,RD8_F4_m7f3_P7_Y20_UO280,RD4_F7_m3f6_P3_Y20_UO179,MXY,0,0.0,0,0,0.0,0,0,0,0.0,0.5238037109375,1,P2_CV0,1,2,0,1,1
8,1.8443986564691528,11.780027217250101,Age0_F8_m8f4_P8_Y22_UO711,RD8_F4_m7f3_P7_Y20_UO280,RD4_F7_m3f6_P3_Y20_UO179,MXY,0,0.0,0,0,0.0,0,0,0,0.0,0.5238037109375,1,P2_CV0,1,1,1,1,1
8,1.8443986564691528,11.780027217250101,Age0_F8_m8f4_P8_Y22_UO712,RD8_F4_m7f3_P7_Y20_UO280,RD4_F7_m3f6_P3_Y20_UO179,MXY,0,0.0,0,0,0.0,0,0,0,0.0,0.5238037109375,1,P2_CV0,1,0,2,0,2
8,1.8443986564691528,11.780027217250101,Age0_F8_m8f4_P8_Y22_UO713,RD8_F4_m7f3_P7_Y20_UO280,RD4_F7_m3f6_P3_Y20_UO179,MXY,0,0.0,0,0,0.0,0,0,0,0.0,0.5238037109375,1,P2_CV0,1,1,1,0,2
8,1.8443986564691528,11.780027217250101,Age0_F8_m8f4_P8_Y22_UO714,RD8_F4_m7f3_P7_Y20_UO280,RD4_F7_m3f6_P3_Y20_UO179,MXY,0,0.0,0,0,0.0,0,0,0,0.0,0.5238037109375,1,P2_CV0,1,2,0,0,2
8,1.8443986564691528,11.780027217250101,Age0_F8_m8f4_P8_Y22_UO715,RD8_F4_m7f3_P7_Y20_UO280,RD4_F7_m3f6_P3_Y20_UO179,MXY,0,0.0,0,0,0.0,0,0,0,0.0,0.5238037109375,1,P2_CV0,1,1,1,0,2
8,1.8443986564691528,11.780027217250101,Age0_F8_m8f4_P8_Y22_UO716,RD8_F4_m7f3_P7_Y20_UO280,RD4_F7_m3f6_P3_Y20_UO179,MXY,0,0.0,0,0,0.0,0,0,0,0.0,0.5238037109375,1,P2_CV0,1,1,1,0,2
8,1.8443986564691528,11.780027217250101,Age0_F8_m8f4_P8_Y22_UO243,RD8_F4_m7f3_P7_Y20_UO276,RD4_F7_m4f7_P4_Y20_UO478,MXY,0,0.0,0,0,0.0,0,0,0,0.0,0.535400390625,1,P3_CV0,1,0,2,1,1
8,1.8443986564691528,11.780027217250101,Age0_F8_m8f4_P8_Y22_UO244,RD8_F4_m7f3_P7_Y20_UO276,RD4_F7_m4f7_P4_Y20_UO478,MXY,0,0.0,0,0,0.0,0,0,0,0.0,0.535400390625,1,P3_CV0,1,0,2,1,1
8,1.8443986564691528,11.780027217250101,Age0_F8_m8f4_P8_Y22_UO245,RD8_F4_m7f3_P7_Y20_UO276,RD4_F7_m4f7_P4_Y20_UO478,FXX,0,0.0,0,0,0.0,0,0,0,0.0,0.535400390625,1,P3_CV0,1,0,2,1,1
8,1.8443986564691528,11.780027217250101,Age0_F8_m8f4_P8_Y22_UO660,RD8_F4_m7f3_P7_Y20_UO637,RD4_F7_m4f7_P4_Y20_UO478,FXX,0,0.0,0,0,0.0,0,0,0,0.0,0.53076171875,1,P3_CV0,1,1,1,1,1
8,1.8443986564691528,11.780027217250101,Age0_F8_m8f4_P8_Y22_UO661,RD8_F4_m7f3_P7_Y20_UO637,RD4_F7_m4f7_P4_Y20_UO478,FXX,0,0.0,0,0,0.0,0,0,0,0.0,0.53076171875,1,P3_CV0,1,0,2,1,1
8,1.8443986564691528,11.780027217250101,Age0_F8_m8f4_P8_Y22_UO662,RD8_F4_m7f3_P7_Y20_UO637,RD4_F7_m4f7_P4_Y20_UO478,FXX,0,0.0,0,0,0.0,0,0,0,0.0,0.53076171875,1,P3_CV0,1,0,2,1,1
8,1.8443986564691528,11.780027217250101,Age0_F8_m8f4_P8_Y22_UO663,RD8_F4_m7f3_P7_Y20_UO637,RD4_F7_m4f7_P4_Y20_UO478,FXX,0,0.0,0,0,0.0,0,0,0,0.0,0.53076171875,1,P3_CV0,1,1,1,1,1
8,1.8443986564691528,11.780027217250101,Age0_F8_m8f4_P8_Y22_UO664,RD8_F4_m7f3_P7_Y20_UO637,RD4_F7_m4f7_P4_Y20_UO478,MXY,0,0.0,0,0,0.0,0,0,0,0.0,0.53076171875,1,P3_CV0,1,0,2,1,1
8,1.8443986564691528,11.780027217250101,Age0_F8_m8f4_P8_Y22_UO665,RD8_F4_m7f3_P7_Y20_UO637,RD4_F7_m4f7_P4_Y20_UO478,MXY,0,0.0,0,0,0.0,0,0,0,0.0,0.53076171875,1,P3_CV0,1,1,1,1,1
8,1.8443986564691528,11.780027217250101,Age0_F8_m8f4_P8_Y22_UO719,RD8_F4_m8f4_P8_Y20_UO335,RD4_F8_m7f3_P7_Y19_UO27,MXY,0,0.0,0,0,0.0,0,0,0,0.0,0.5306396484375,1,P3_CV0,1,0,2,2,0
8,1.8443986564691528,11.780027217250101,Age0_F8_m8f4_P8_Y22_UO720,RD8_F4_m8f4_P8_Y20_UO335,RD4_F8_m7f3_P7_Y19_UO27,MXY,0,0.0,0,0,0.0,0,0,0,0.0,0.5306396484375,1,P3_CV0,1,2,0,2,0
8,1.8443986564691528,11.780027217250101,Age0_F8_m8f4_P8_Y22_UO721,RD8_F4_m8f4_P8_Y20_UO335,RD4_F8_m7f3_P7_Y19_UO27,MXY,0,0.0,0,0,0.0,0,0,0,0.0,0.5306396484375,1,P3_CV0,1,1,1,1,1
8,1.8443986564691528,11.780027217250101,R8_F8_m7f3_P7_Y20_UO150,RD7_F4_m8f4_P8_Y18_UO627,RD3_F5_m3f6_P3_Y18_UO201,MXY,2,0.0,1,0,0.0,0,0,0,-9999.0,0.536376953125,1,P3_CV0,1,0,2,1,1
8,1.8443986564691528,11.780027217250101,R8_F8_m7f3_P7_Y20_UO644,RD7_F3_m5f1_P5_Y18_UO338,RD3_F6_m9f6_P9_Y18_UO705,MXY,2,0.0,1,0,0.0,0,0,0,-9999.0,0.51904296875,1,P3_CV0,1,0,2,0,2
8,1.8443986564691528,11.780027217250101,Age0_F8_m8f4_P8_Y22_UO29,RD8_F4_m8f4_P8_Y20_UO497,RD4_F8_m4f7_P4_Y20_UO306,FXX,0,0.0,0,0,0.0,0,0,0,0.0,0.540771484375,1,P4_CV0,1,1,1,1,1
8,1.8443986564691528,11.780027217250101,Age0_F8_m8f4_P8_Y22_UO30,RD8_F4_m8f4_P8_Y20_UO497,RD4_F8_m4f7_P4_Y20_UO306,MXY,0,0.0,0,0,0.0,0,0,0,0.0,0.540771484375,1,P4_CV0,1,1,1,1,1
8,1.8443986564691528,11.780027217250101,Age0_F8_m8f4_P8_Y22_UO31,RD8_F4_m8f4_P8_Y20_UO497,RD4_F8_m4f7_P4_Y20_UO306,MXY,0,0.0,0,0,0.0,0,0,0,0.0,0.540771484375,1,P4_CV0,1,1,1,1,1
8,1.8443986564691528,11.780027217250101,Age0_F8_m8f4_P8_Y22_UO32,RD8_F4_m8f4_P8_Y20_UO497,RD4_F8_m4f7_P4_Y20_UO306,MXY,0,0.0,0,0,0.0,0,0,0,0.0,0.540771484375,1,P4_CV0,1,0,2,1,1
8,1.8443986564691528,11.780027217250101,Age0_F8_m8f4_P8_Y22_UO159,RD8_F4_m7f4_P7_Y20_UO608,RD4_F7_m4f8_P4_Y20_UO666,FXX,0,0.0,0,0,0.0,0,0,0,0.0,0.523193359375,1,P4_CV0,1,2,0,1,1
8,1.8443986564691528,11.780027217250101,Age0_F8_m8f4_P8_Y22_UO160,RD8_F4_m7f4_P7_Y20_UO608,RD4_F7_m4f8_P4_Y20_UO666,FXX,0,0.0,0,0,0.0,0,0,0,0.0,0.523193359375,1,P4_CV0,1,1,1,1,1
8,1.8443986564691528,11.780027217250101,Age0_F8_m8f4_P8_Y22_UO162,RD8_F4_m7f4_P7_Y20_UO608,RD4_F7_m4f8_P4_Y20_UO666,FXX,0,0.0,0,0,0.0,0,0,0,0.0,0.523193359375,1,P4_CV0,1,1,1,1,1
8,1.8443986564691528,11.780027217250101,Age0_F8_m8f4_P8_Y22_UO163,RD8_F4_m8f4_P8_Y20_UO497,RD4_F8_m4f7_P4_Y20_UO308,MXY,0,0.0,0,0,0.0,0,0,0,0.0,0.540771484375,1,P4_CV0,1,1,1,0,2
8,1.8443986564691528,11.780027217250101,Age0_F8_m8f4_P8_Y22_UO164,RD8_F4_m8f4_P8_Y20_UO497,RD4_F8_m4f7_P4_Y20_UO308,MXY,0,0.0,0,0,0.0,0,0,0,0.0,0.540771484375,1,P4_CV0,1,1,1,1,1
8,1.8443986564691528,11.780027217250101,Age0_F8_m8f4_P8_Y22_UO165,RD8_F4_m8f4_P8_Y20_UO497,RD4_F8_m4f7_P4_Y20_UO308,MXY,0,0.0,0,0,0.0,0,0,0,0.0,0.540771484375,1,P4_CV0,1,1,1,0,2
8,1.8443986564691528,11.780027217250101,Age0_F8_m8f4_P8_Y22_UO166,RD8_F4_m8f4_P8_Y20_UO497,RD4_F8_m4f7_P4_Y20_UO308,FXX,0,0.0,0,0,0.0,0,0,0,0.0,0.540771484375,1,P4_CV0,1,2,0,1,1
8,1.8443986564691528,11.780027217250101,Age0_F8_m8f4_P8_Y22_UO167,RD8_F4_m8f4_P8_Y20_UO497,RD4_F8_m4f7_P4_Y20_UO308,FXX,0,0.0,0,0,0.0,0,0,0,0.0,0.540771484375,1,P4_CV0,1,0,2,0,2
8,1.8443986564691528,11.780027217250101,Age0_F8_m8f4_P8_Y22_UO168,RD8_F4_m8f4_P8_Y20_UO497,RD4_F8_m4f7_P4_Y20_UO308,FXX,0,0.0,0,0,0.0,0,0,0,0.0,0.540771484375,1,P4_CV0,1,1,1,0,2
8,1.8443986564691528,11.780027217250101,Age0_F8_m8f4_P8_Y22_UO263,RD8_F4_m8f4_P8_Y20_UO488,RD4_F8_m4f8_P4_Y20_UO667,FXX,0,0.0,0,0,0.0,0,0,0,0.0,0.537109375,1,P4_CV0,1,2,0,1,1
8,1.8443986564691528,11.780027217250101,Age0_F8_m8f4_P8_Y22_UO264,RD8_F4_m8f4_P8_Y20_UO488,RD4_F8_m4f8_P4_Y20_UO667,MXY,0,0.0,0,0,0.0,0,0,0,0.0,0.537109375,1,P4_CV0,1,1,1,1,1
8,1.8443986564691528,11.780027217250101,Age0_F8_m8f4_P8_Y22_UO265,RD8_F4_m8f4_P8_Y20_UO488,RD4_F8_m4f8_P4_Y20_UO667,FXX,0,0.0,0,0,0.0,0,0,0,0.0,0.537109375,1,P4_CV0,1,2,0,1,1
8,1.8443986564691528,11.780027217250101,Age0_F8_m8f4_P8_Y22_UO266,RD8_F4_m8f4_P8_Y20_UO488,RD4_F8_m4f8_P4_Y20_UO667,FXX,0,0.0,0,0,0.0,0,0,0,0.0,0.537109375,1,P4_CV0,1,0,2,1,1
8,1.8443986564691528,11.780027217250101,Age0_F8_m8f4_P8_Y22_UO467,RD8_F4_m8f4_P8_Y20_UO538,RD4_F7_m3f2_P3_Y20_UO174,MXY,0,0.0,0,0,0.0,0,0,0,0.0,0.5299072265625,1,P4_CV0,1,0,2,1,1
8,1.8443986564691528,11.780027217250101,Age0_F8_m8f4_P8_Y22_UO468,RD8_F4_m8f4_P8_Y20_UO538,RD4_F7_m3f2_P3_Y20_UO174,FXX,0,0.0,0,0,0.0,0,0,0,0.0,0.5299072265625,1,P4_CV0,1,1,1,2,0
8,1.8443986564691528,11.780027217250101,Age0_F8_m8f4_P8_Y22_UO469,RD8_F4_m8f4_P8_Y20_UO538,RD4_F7_m3f2_P3_Y20_UO174,MXY,0,0.0,0,0,0.0,0,0,0,0.0,0.5299072265625,1,P4_CV0,1,0,2,2,0
8,1.8443986564691528,11.780027217250101,Age0_F8_m8f4_P8_Y22_UO470,RD8_F4_m8f4_P8_Y20_UO538,RD4_F7_m3f2_P3_Y20_UO174,MXY,0,0.0,0,0,0.0,0,0,0,0.0,0.5299072265625,1,P4_CV0,1,0,2,0,2
8,1.8443986564691528,11.780027217250101,Age0_F8_m8f4_P8_Y22_UO561,RD8_F4_m8f4_P8_Y20_UO489,RD4_F7_m3f6_P3_Y20_UO179,FXX,0,0.0,0,0,0.0,0,0,0,0.0,0.5244140625,1,P4_CV0,1,1,1,0,2
8,1.8443986564691528,11.780027217250101,Age0_F8_m8f4_P8_Y22_UO563,RD8_F4_m8f4_P8_Y20_UO489,RD4_F7_m3f6_P3_Y20_UO179,FXX,0,0.0,0,0,0.0,0,0,0,0.0,0.5244140625,1,P4_CV0,1,1,1,1,1
8,1.8443986564691528,11.780027217250101,Age0_F8_m8f4_P8_Y22_UO652,RD8_F4_m7f4_P7_Y20_UO724,RD4_F8_m4f7_P4_Y20_UO306,FXX,0,0.0,0,0,0.0,0,0,0,0.0,0.5377197265625,1,P4_CV0,1,0,2,1,1
8,1.8443986564691528,11.780027217250101,Age0_F8_m8f4_P8_Y22_UO654,RD8_F4_m7f4_P7_Y20_UO724,RD4_F8_m4f7_P4_Y20_UO306,FXX,0,0.0,0,0,0.0,0,0,0,0.0,0.5377197265625,1,P4_CV0,1,0,2,1,1
8,1.8443986564691528,11.780027217250101,Age0_F8_m8f4_P8_Y22_UO657,RD8_F4_m7f4_P7_Y20_UO724,RD4_F8_m4f7_P4_Y20_UO306,FXX,0,0.0,0,0,0.0,0,0,0,0.0,0.5377197265625,1,P4_CV0,1,0,2,1,1
8,1.8443986564691528,11.780027217250101,Age0_F8_m8f4_P8_Y22_UO718,RD8_F4_m8f4_P8_Y20_UO335,RD4_F8_m7f3_P7_Y19_UO27,FXX,0,0.0,0,0,0.0,0,0,0,0.0,0.5306396484375,1,P4_CV0,1,1,1,2,0
8,1.8443986564691528,11.780027217250101,R8_F8_m4f7_P4_Y21_UO119,RD4_F8_m4f7_P4_Y19_UO277,RD7_F4_m7f4_P7_Y19_UO113,MXY,1,0.0,1,1,0.0,0,0,0,-9999.0,0.556396484375,1,P4_CV0,1,1,1,1,1
8,1.8443986564691528,11.780027217250101,R8_F8_m4f7_P4_Y21_UO165,RD4_F8_m4f7_P4_Y19_UO270,RD7_F4_m7f4_P7_Y19_UO113,FXX,1,0.0,1,1,1.0,0,0,0,-9999.0,0.556396484375,1,P4_CV0,1,1,1,0,2
8,1.8443986564691528,11.780027217250101,R8_F8_m4f7_P4_Y21_UO229,RD4_F7_m3f2_P3_Y19_UO24,RD7_F4_m7f4_P7_Y19_UO113,MXY,1,0.0,1,1,0.0,0,0,0,-9999.0,0.53076171875,1,P4_CV0,1,1,1,1,1
8,1.8443986564691528,11.780027217250101,R8_F8_m4f7_P4_Y21_UO118,RD4_F8_m4f7_P4_Y19_UO277,RD7_F4_m7f4_P7_Y19_UO113,MXY,1,0.0,1,1,0.0,0,0,0,-9999.0,0.556396484375,1,P4_CV0,1,1,1,1,1
8,1.8443986564691528,11.780027217250101,R8_F8_m4f7_P4_Y21_UO230,RD4_F7_m3f2_P3_Y19_UO24,RD7_F4_m7f4_P7_Y19_UO113,FXX,1,0.0,1,1,1.0,0,0,0,-9999.0,0.53076171875,1,P4_CV0,1,1,1,2,0
8,1.8443986564691528,11.780027217250101,R8_F8_m4f7_P4_Y21_UO176,RD4_F8_m4f7_P4_Y19_UO270,RD7_F4_m7f4_P7_Y19_UO113,FXX,1,0.0,1,1,1.0,0,0,0,-9999.0,0.556396484375,1,P4_CV0,1,0,2,0,2
8,1.8443986564691528,11.780027217250101,R8_F8_m4f7_P4_Y21_UO172,RD4_F8_m4f7_P4_Y19_UO270,RD7_F4_m7f4_P7_Y19_UO113,MXY,1,0.0,1,1,0.0,0,0,0,-9999.0,0.556396484375,1,P4_CV0,1,2,0,0,2
8,1.8443986564691528,11.780027217250101,R8_F8_m4f7_P4_Y21_UO121,RD4_F8_m4f7_P4_Y19_UO277,RD7_F4_m7f4_P7_Y19_UO113,MXY,1,0.0,1,1,0.0,0,0,0,-9999.0,0.556396484375,1,P4_CV0,1,0,2,1,1
8,1.8443986564691528,11.780027217250101,R8_F8_m4f7_P4_Y21_UO127,RD4_F8_m4f7_P4_Y19_UO277,RD7_F4_m7f4_P7_Y19_UO113,FXX,1,0.0,1,1,1.0,0,0,0,-9999.0,0.556396484375,1,P4_CV0,1,2,0,2,0
8,1.8443986564691528,11.780027217250101,R8_F8_m4f7_P4_Y21_UO224,RD4_F7_m3f2_P3_Y19_UO24,RD7_F4_m7f4_P7_Y19_UO113,MXY,1,0.0,1,1,0.0,0,0,0,-9999.0,0.53076171875,1,P4_CV0,1,1,1,0,2
8,1.8443986564691528,11.780027217250101,R8_F8_m8f4_P8_Y20_UO338,RD8_F4_m7f3_P7_Y18_UO158,RD4_F8_m4f8_P4_Y18_UO38,FXX,2,0.0,1,0,1.0,0,0,0,-9999.0,0.522705078125,1,P4_CV0,1,1,1,1,1
8,1.8443986564691528,11.780027217250101,R8_F8_m8f4_P8_Y20_UO341,RD8_F4_m7f3_P7_Y18_UO158,RD4_F8_m4f8_P4_Y18_UO38,MXY,2,0.0,1,0,0.0,0,0,0,-9999.0,0.522705078125,1,P4_CV0,1,0,2,0,2
8,1.8443986564691528,11.780027217250101,R8_F8_m8f4_P8_Y20_UO488,RD8_F4_m7f3_P7_Y18_UO158,RD4_F7_m4f7_P4_Y18_UO649,FXX,2,0.0,1,0,1.0,0,0,0,-9999.0,0.529541015625,1,P4_CV0,1,1,1,0,2
8,1.8443986564691528,11.780027217250101,R8_F8_m8f4_P8_Y20_UO335,RD8_F4_m7f3_P7_Y18_UO158,RD4_F8_m4f8_P4_Y18_UO38,FXX,2,0.0,1,0,1.0,0,0,0,-9999.0,0.522705078125,1,P4_CV0,1,1,1,1,1
8,1.8443986564691528,11.780027217250101,R8_F8_m2f6_P2_Y18_UO60,RD2_F5_m1f5_P1_Y16_UO195,RD6_F9_m9f2_P9_Y15_UO300,FXX,4,0.0,1,0,1.0,0,0,0,-9999.0,0.5009765625,1,P4_CV0,1,1,1,0,2
8,1.8443986564691528,11.780027217250101,Age0_F8_m8f4_P8_Y22_UO161,RD8_F4_m7f4_P7_Y20_UO608,RD4_F7_m4f8_P4_Y20_UO666,MXY,0,0.0,0,0,0.0,0,0,0,0.0,0.523193359375,1,P5_CV0,1,2,0,1,1
8,1.8443986564691528,11.780027217250101,Age0_F8_m8f4_P8_Y22_UO376,RD8_F4_m8f4_P8_Y20_UO87,RD4_F7_m3f2_P3_Y20_UO174,FXX,0,0.0,0,0,0.0,0,0,0,0.0,0.51953125,1,P5_CV0,1,2,0,1,1
8,1.8443986564691528,11.780027217250101,Age0_F8_m8f4_P8_Y22_UO377,RD8_F4_m8f4_P8_Y20_UO87,RD4_F7_m3f2_P3_Y20_UO174,MXY,0,0.0,0,0,0.0,0,0,0,0.0,0.51953125,1,P5_CV0,1,1,1,0,2
8,1.8443986564691528,11.780027217250101,Age0_F8_m8f4_P8_Y22_UO378,RD8_F4_m8f4_P8_Y20_UO87,RD4_F7_m3f2_P3_Y20_UO174,MXY,0,0.0,0,0,0.0,0,0,0,0.0,0.51953125,1,P5_CV0,1,2,0,0,2
8,1.8443986564691528,11.780027217250101,Age0_F8_m8f4_P8_Y22_UO380,RD8_F4_m8f4_P8_Y20_UO87,RD4_F7_m3f2_P3_Y20_UO174,FXX,0,0.0,0,0,0.0,0,0,0,0.0,0.51953125,1,P5_CV0,1,1,1,1,1
8,1.8443986564691528,11.780027217250101,Age0_F8_m8f4_P8_Y22_UO381,RD8_F4_m8f4_P8_Y20_UO87,RD4_F7_m3f2_P3_Y20_UO174,MXY,0,0.0,0,0,0.0,0,0,0,0.0,0.51953125,1,P5_CV0,1,1,1,0,2
8,1.8443986564691528,11.780027217250101,Age0_F8_m8f4_P8_Y22_UO382,RD8_F4_m8f4_P8_Y20_UO87,RD4_F7_m3f2_P3_Y20_UO174,MXY,0,0.0,0,0,0.0,0,0,0,0.0,0.51953125,1,P5_CV0,1,2,0,0,2
8,1.8443986564691528,11.780027217250101,Age0_F8_m8f4_P8_Y22_UO383,RD8_F4_m8f4_P8_Y20_UO87,RD4_F7_m3f2_P3_Y20_UO174,FXX,0,0.0,0,0,0.0,0,0,0,0.0,0.51953125,1,P5_CV0,1,1,1,0,2
8,1.8443986564691528,11.780027217250101,Age0_F8_m8f4_P8_Y22_UO385,RD8_F4_m8f4_P8_Y20_UO87,RD4_F7_m3f2_P3_Y20_UO174,FXX,0,0.0,0,0,0.0,0,0,0,0.0,0.51953125,1,P5_CV0,1,1,1,1,1
8,1.8443986564691528,11.780027217250101,Age0_F8_m8f4_P8_Y22_UO568,RD8_F4_m8f4_P8_Y20_UO87,RD4_F8_m4f8_P4_Y20_UO271,FXX,0,0.0,0,0,0.0,0,0,0,0.0,0.527099609375,1,P5_CV0,1,2,0,0,2
8,1.8443986564691528,11.780027217250101,Age0_F8_m8f4_P8_Y22_UO570,RD8_F4_m8f4_P8_Y20_UO87,RD4_F8_m4f8_P4_Y20_UO271,MXY,0,0.0,0,0,0.0,0,0,0,0.0,0.527099609375,1,P5_CV0,1,1,1,0,2
8,1.8443986564691528,11.780027217250101,Age0_F8_m8f4_P8_Y22_UO571,RD8_F4_m8f4_P8_Y20_UO87,RD4_F8_m4f8_P4_Y20_UO271,MXY,0,0.0,0,0,0.0,0,0,0,0.0,0.527099609375,1,P5_CV0,1,2,0,0,2
8,1.8443986564691528,11.780027217250101,Age0_F8_m8f4_P8_Y22_UO573,RD8_F4_m8f4_P8_Y20_UO87,RD4_F8_m4f8_P4_Y20_UO271,MXY,0,0.0,0,0,0.0,0,0,0,0.0,0.527099609375,1,P5_CV0,1,2,0,0,2
8,1.8443986564691528,11.780027217250101,R8_F8_m8f4_P8_Y20_UO87,RD8_F4_m8f4_P8_Y18_UO393,RD4_F7_m4f7_P4_Y18_UO284,FXX,2,0.0,1,0,1.0,0,0,0,-9999.0,0.518798828125,1,P5_CV0,1,2,0,0,2
8,1.8443986564691528,11.780027217250101,R8_F8_m4f7_P4_Y21_UO238,RD4_F7_m3f2_P3_Y19_UO24,RD7_F4_m7f4_P7_Y19_UO113,FXX,1,0.0,1,1,1.0,0,0,0,-9999.0,0.53076171875,1,P8_CV0,1,2,0,0,2
9,8.539752926394888,7.413552560728917,Age0_F9_m9f6_P9_Y22_UO405,RD9_F6_m9f6_P9_Y20_UO747,RD6_F9_m6f2_P6_Y20_UO598,FXX,0,0.0,0,0,0.0,0,0,0,0.0,0.5333251953125,1,P0_CV0,1,1,1,0,2
9,8.539752926394888,7.413552560728917,Age0_F9_m9f6_P9_Y22_UO407,RD9_F6_m9f6_P9_Y20_UO747,RD6_F9_m6f2_P6_Y20_UO598,FXX,0,0.0,0,0,0.0,0,0,0,0.0,0.5333251953125,1,P0_CV0,1,1,1,0,2
9,8.539752926394888,7.413552560728917,Age0_F9_m9f6_P9_Y22_UO91,RD9_F6_m3f2_P3_Y20_UO432,RD6_F9_m9f2_P9_Y19_UO238,MXY,0,0.0,0,0,0.0,0,0,0,0.0,0.5406494140625,1,P1_CV0,1,2,0,0,2
9,8.539752926394888,7.413552560728917,Age0_F9_m9f6_P9_Y22_UO93,RD9_F6_m3f2_P3_Y20_UO432,RD6_F9_m9f2_P9_Y19_UO238,MXY,0,0.0,0,0,0.0,0,0,0,0.0,0.5406494140625,1,P1_CV0,1,2,0,1,1
9,8.539752926394888,7.413552560728917,Age0_F9_m9f2_P9_Y22_UO119,RD9_F2_m5f1_P5_Y20_UO549,RD2_F5_m1f5_P1_Y20_UO351,MXY,0,0.0,0,0,0.0,0,0,0,0.0,0.531005859375,1,P1_CV0,1,0,2,0,2
9,8.539752926394888,7.413552560728917,Age0_F9_m9f2_P9_Y22_UO120,RD9_F2_m5f1_P5_Y20_UO549,RD2_F5_m1f5_P1_Y20_UO351,FXX,0,0.0,0,0,0.0,0,0,0,0.0,0.531005859375,1,P1_CV0,1,0,2,0,2
9,8.539752926394888,7.413552560728917,Age0_F9_m9f2_P9_Y22_UO179,RD9_F6_m3f2_P3_Y20_UO432,RD2_F9_m2f5_P2_Y20_UO68,FXX,0,0.0,0,0,0.0,0,0,0,0.0,0.5360107421875,1,P1_CV0,1,1,1,0,2
9,8.539752926394888,7.413552560728917,Age0_F9_m9f2_P9_Y22_UO181,RD9_F6_m3f2_P3_Y20_UO432,RD2_F9_m2f5_P2_Y20_UO68,MXY,0,0.0,0,0,0.0,0,0,0,0.0,0.5360107421875,1,P1_CV0,1,2,0,0,2
9,8.539752926394888,7.413552560728917,Age0_F9_m9f2_P9_Y22_UO247,RD9_F6_m3f6_P3_Y20_UO39,RD2_F9_m2f5_P2_Y20_UO64,MXY,0,0.0,0,0,0.0,0,0,0,0.0,0.5225830078125,1,P1_CV0,1,1,1,0,2
9,8.539752926394888,7.413552560728917,Age0_F9_m9f2_P9_Y22_UO249,RD9_F6_m3f6_P3_Y20_UO39,RD2_F9_m2f5_P2_Y20_UO64,FXX,0,0.0,0,0,0.0,0,0,0,0.0,0.5225830078125,1,P1_CV0,1,2,0,0,2
9,8.539752926394888,7.413552560728917,Age0_F9_m9f2_P9_Y22_UO680,RD9_F6_m2f9_P2_Y20_UO524,RD2_F5_m1f5_P1_Y20_UO719,MXY,0,0.0,0,0,0.0,0,0,0,0.0,0.543212890625,1,P1_CV0,1,0,2,2,0
9,8.539752926394888,7.413552560728917,R9_F9_m2f9_P2_Y20_UO524,RD2_F9_m6f3_P6_Y18_UO473,RD9_F2_m5f1_P5_Y18_UO506,FXX,2,0.0,1,0,1.0,0,0,0,-9999.0,0.549072265625,1,P1_CV0,1,0,2,2,0
9,8.539752926394888,7.413552560728917,Age0_F9_m9f6_P9_Y22_UO22,RD9_F2_m5f1_P5_Y20_UO549,RD6_F9_m2f3_P2_Y20_UO202,MXY,0,0.0,0,0,0.0,0,0,0,0.0,0.534912109375,1,P2_CV0,1,0,2,1,1
9,8.539752926394888,7.413552560728917,Age0_F9_m9f2_P9_Y22_UO33,RD9_F2_m3f5_P3_Y20_UO315,RD2_F6_m9f6_P9_Y20_UO406,MXY,0,0.0,0,0,0.0,0,0,0,0.0,0.53662109375,1,P2_CV0,1,0,2,1,1
9,8.539752926394888,7.413552560728917,Age0_F9_m9f2_P9_Y22_UO34,RD9_F2_m3f5_P3_Y20_UO315,RD2_F6_m9f6_P9_Y20_UO406,FXX,0,0.0,0,0,0.0,0,0,0,0.0,0.53662109375,1,P2_CV0,1,0,2,1,1
9,8.539752926394888,7.413552560728917,Age0_F9_m9f2_P9_Y22_UO35,RD9_F2_m3f5_P3_Y20_UO315,RD2_F6_m9f6_P9_Y20_UO406,FXX,0,0.0,0,0,0.0,0,0,0,0.0,0.53662109375,1,P2_CV0,1,0,2,1,1
9,8.539752926394888,7.413552560728917,Age0_F9_m9f2_P9_Y22_UO116,RD9_F2_m5f1_P5_Y20_UO549,RD2_F5_m1f5_P1_Y20_UO351,FXX,0,0.0,0,0,0.0,0,0,0,0.0,0.531005859375,1,P2_CV0,1,0,2,0,2
9,8.539752926394888,7.413552560728917,Age0_F9_m9f2_P9_Y22_UO117,RD9_F2_m5f1_P5_Y20_UO549,RD2_F5_m1f5_P1_Y20_UO351,FXX,0,0.0,0,0,0.0,0,0,0,0.0,0.531005859375,1,P2_CV0,1,0,2,0,2
9,8.539752926394888,7.413552560728917,Age0_F9_m9f2_P9_Y22_UO118,RD9_F2_m5f1_P5_Y20_UO549,RD2_F5_m1f5_P1_Y20_UO351,FXX,0,0.0,0,0,0.0,0,0,0,0.0,0.531005859375,1,P2_CV0,1,0,2,0,2
9,8.539752926394888,7.413552560728917,Age0_F9_m9f2_P9_Y22_UO180,RD9_F6_m3f2_P3_Y20_UO432,RD2_F9_m2f5_P2_Y20_UO68,MXY,0,0.0,0,0,0.0,0,0,0,0.0,0.5360107421875,1,P2_CV0,1,2,0,0,2
9,8.539752926394888,7.413552560728917,Age0_F9_m9f2_P9_Y22_UO366,RD9_F2_m6f3_P6_Y20_UO229,RD2_F5_m1f5_P1_Y20_UO351,FXX,0,0.0,0,0,0.0,0,0,0,0.0,0.52978515625,1,P2_CV0,1,1,1,0,2
9,8.539752926394888,7.413552560728917,Age0_F9_m9f2_P9_Y22_UO367,RD9_F2_m6f3_P6_Y20_UO229,RD2_F5_m1f5_P1_Y20_UO351,MXY,0,0.0,0,0,0.0,0,0,0,0.0,0.52978515625,1,P2_CV0,1,0,2,0,2
9,8.539752926394888,7.413552560728917,Age0_F9_m9f2_P9_Y22_UO368,RD9_F2_m6f3_P6_Y20_UO229,RD2_F5_m1f5_P1_Y20_UO351,MXY,0,0.0,0,0,0.0,0,0,0,0.0,0.52978515625,1,P2_CV0,1,0,2,0,2
9,8.539752926394888,7.413552560728917,Age0_F9_m9f6_P9_Y22_UO406,RD9_F6_m9f6_P9_Y20_UO747,RD6_F9_m6f2_P6_Y20_UO598,MXY,0,0.0,0,0,0.0,0,0,0,0.0,0.5333251953125,1,P2_CV0,1,1,1,0,2
9,8.539752926394888,7.413552560728917,Age0_F9_m9f2_P9_Y22_UO530,RD9_F2_m6f3_P6_Y20_UO505,RD2_F9_m6f2_P6_Y20_UO297,FXX,0,0.0,0,0,0.0,0,0,0,0.0,0.5323486328125,1,P2_CV0,1,2,0,0,2
9,8.539752926394888,7.413552560728917,Age0_F9_m9f2_P9_Y22_UO532,RD9_F2_m6f3_P6_Y20_UO505,RD2_F9_m6f2_P6_Y20_UO297,FXX,0,0.0,0,0,0.0,0,0,0,0.0,0.5323486328125,1,P2_CV0,1,2,0,2,0
9,8.539752926394888,7.413552560728917,Age0_F9_m9f2_P9_Y22_UO533,RD9_F2_m6f3_P6_Y20_UO505,RD2_F9_m6f2_P6_Y20_UO297,FXX,0,0.0,0,0,0.0,0,0,0,0.0,0.5323486328125,1,P2_CV0,1,1,1,1,1
9,8.539752926394888,7.413552560728917,Age0_F9_m9f6_P9_Y22_UO543,RD9_F2_m3f5_P3_Y20_UO315,RD6_F2_m9f6_P9_Y20_UO361,FXX,0,0.0,0,0,0.0,0,0,0,0.0,0.5301513671875,1,P2_CV0,1,1,1,0,2
9,8.539752926394888,7.413552560728917,Age0_F9_m9f6_P9_Y22_UO544,RD9_F2_m3f5_P3_Y20_UO315,RD6_F2_m9f6_P9_Y20_UO361,FXX,0,0.0,0,0,0.0,0,0,0,0.0,0.5301513671875,1,P2_CV0,1,1,1,0,2
9,8.539752926394888,7.413552560728917,Age0_F9_m9f6_P9_Y22_UO546,RD9_F2_m3f5_P3_Y20_UO315,RD6_F2_m9f6_P9_Y20_UO361,MXY,0,0.0,0,0,0.0,0,0,0,0.0,0.5301513671875,1,P2_CV0,1,1,1,0,2
9,8.539752926394888,7.413552560728917,Age0_F9_m9f2_P9_Y22_UO594,RD9_F6_m9f6_P9_Y20_UO447,RD2_F9_m6f2_P6_Y20_UO331,MXY,0,0.0,0,0,0.0,0,0,0,0.0,0.5257568359375,1,P2_CV0,1,0,2,1,1
9,8.539752926394888,7.413552560728917,Age0_F9_m9f2_P9_Y22_UO595,RD9_F6_m9f6_P9_Y20_UO447,RD2_F9_m6f2_P6_Y20_UO331,MXY,0,0.0,0,0,0.0,0,0,0,0.0,0.5257568359375,1,P2_CV0,1,0,2,1,1
9,8.539752926394888,7.413552560728917,R9_F9_m3f5_P3_Y20_UO315,RD3_F2_m3f6_P3_Y18_UO8,RD5_F1_m5f2_P5_Y18_UO309,FXX,2,0.0,1,0,1.0,0,0,0,-9999.0,0.5380859375,1,P2_CV0,1,0,2,0,2
9,8.539752926394888,7.413552560728917,R9_F9_m9f2_P9_Y20_UO114,RD9_F6_m2f9_P2_Y18_UO108,RD2_F5_m1f5_P1_Y18_UO539,FXX,2,0.0,1,0,1.0,0,0,0,-9999.0,0.52001953125,1,P2_CV0,1,1,1,0,2
9,8.539752926394888,7.413552560728917,R9_F9_m9f6_P9_Y20_UO447,RD9_F2_m9f2_P9_Y18_UO573,RD6_F9_m6f2_P6_Y18_UO526,FXX,2,0.0,1,0,1.0,0,0,0,-9999.0,0.5234375,1,P2_CV0,1,0,2,1,1
9,8.539752926394888,7.413552560728917,R9_F9_m9f6_P9_Y18_UO259,RD9_F6_m9f6_P9_Y16_UO674,RD6_F9_m2f5_P2_Y16_UO608,FXX,4,0.0,1,0,1.0,0,0,0,-9999.0,0.51318359375,1,P2_CV0,1,2,0,1,1
9,8.539752926394888,7.413552560728917,R9_F9_m6f2_P6_Y18_UO526,RD6_F9_m2f9_P2_Y16_UO545,RD2_F9_m2f5_P2_Y16_UO701,MXY,4,0.0,1,0,0.0,0,0,0,-9999.0,0.525390625,1,P2_CV0,1,1,1,2,0
9,8.539752926394888,7.413552560728917,Age0_F9_m9f6_P9_Y22_UO13,RD9_F6_m3f6_P3_Y20_UO365,RD6_F2_m9f6_P9_Y20_UO673,FXX,0,0.0,0,0,0.0,0,0,0,0.0,0.541015625,1,P3_CV0,1,1,1,2,0
9,8.539752926394888,7.413552560728917,Age0_F9_m9f6_P9_Y22_UO54,RD9_F6_m3f6_P3_Y20_UO365,RD6_F9_m2f5_P2_Y20_UO29,FXX,0,0.0,0,0,0.0,0,0,0,0.0,0.53125,1,P3_CV0,1,2,0,1,1
9,8.539752926394888,7.413552560728917,Age0_F9_m9f6_P9_Y22_UO55,RD9_F6_m3f6_P3_Y20_UO365,RD6_F9_m2f5_P2_Y20_UO29,MXY,0,0.0,0,0,0.0,0,0,0,0.0,0.53125,1,P3_CV0,1,2,0,0,2
9,8.539752926394888,7.413552560728917,Age0_F9_m9f6_P9_Y22_UO56,RD9_F6_m3f6_P3_Y20_UO365,RD6_F9_m2f5_P2_Y20_UO29,FXX,0,0.0,0,0,0.0,0,0,0,0.0,0.53125,1,P3_CV0,1,2,0,0,2
9,8.539752926394888,7.413552560728917,Age0_F9_m9f2_P9_Y22_UO152,RD9_F6_m2f5_P2_Y20_UO707,RD2_F5_m1f5_P1_Y20_UO351,FXX,0,0.0,0,0,0.0,0,0,0,0.0,0.539794921875,1,P3_CV0,1,0,2,0,2
9,8.539752926394888,7.413552560728917,Age0_F9_m9f6_P9_Y22_UO280,RD9_F6_m3f6_P3_Y20_UO365,RD6_F9_m6f3_P6_Y20_UO510,MXY,0,0.0,0,0,0.0,0,0,0,0.0,0.5281982421875,1,P3_CV0,1,2,0,1,1
9,8.539752926394888,7.413552560728917,Age0_F9_m9f6_P9_Y22_UO282,RD9_F6_m3f6_P3_Y20_UO365,RD6_F9_m6f3_P6_Y20_UO510,FXX,0,0.0,0,0,0.0,0,0,0,0.0,0.5281982421875,1,P3_CV0,1,2,0,2,0
9,8.539752926394888,7.413552560728917,Age0_F9_m9f6_P9_Y22_UO443,RD9_F6_m9f6_P9_Y20_UO285,RD6_F9_m6f3_P6_Y20_UO52,FXX,0,0.0,0,0,0.0,0,0,0,0.0,0.532470703125,1,P3_CV0,1,1,1,1,1
9,8.539752926394888,7.413552560728917,Age0_F9_m9f2_P9_Y22_UO456,RD9_F6_m9f6_P9_Y20_UO458,RD2_F9_m2f3_P2_Y20_UO485,FXX,0,0.0,0,0,0.0,0,0,0,0.0,0.531982421875,1,P3_CV0,1,1,1,1,1
9,8.539752926394888,7.413552560728917,Age0_F9_m9f2_P9_Y22_UO457,RD9_F6_m9f6_P9_Y20_UO458,RD2_F9_m2f3_P2_Y20_UO485,FXX,0,0.0,0,0,0.0,0,0,0,0.0,0.531982421875,1,P3_CV0,1,0,2,1,1
9,8.539752926394888,7.413552560728917,Age0_F9_m9f2_P9_Y22_UO458,RD9_F6_m9f6_P9_Y20_UO458,RD2_F9_m2f3_P2_Y20_UO485,FXX,0,0.0,0,0,0.0,0,0,0,0.0,0.531982421875,1,P3_CV0,1,1,1,1,1
9,8.539752926394888,7.413552560728917,Age0_F9_m9f2_P9_Y22_UO744,RD9_F6_m9f6_P9_Y20_UO458,RD2_F3_m2f5_P2_Y20_UO55,FXX,0,0.0,0,0,0.0,0,0,0,0.0,0.52587890625,1,P3_CV0,1,0,2,1,1
9,8.539752926394888,7.413552560728917,Age0_F9_m9f2_P9_Y22_UO745,RD9_F6_m9f6_P9_Y20_UO458,RD2_F3_m2f5_P2_Y20_UO55,FXX,0,0.0,0,0,0.0,0,0,0,0.0,0.52587890625,1,P3_CV0,1,1,1,1,1
9,8.539752926394888,7.413552560728917,Age0_F9_m9f2_P9_Y22_UO746,RD9_F6_m9f6_P9_Y20_UO458,RD2_F3_m2f5_P2_Y20_UO55,FXX,0,0.0,0,0,0.0,0,0,0,0.0,0.52587890625,1,P3_CV0,1,1,1,0,2
9,8.539752926394888,7.413552560728917,Age0_F9_m9f2_P9_Y22_UO747,RD9_F6_m9f6_P9_Y20_UO458,RD2_F3_m2f5_P2_Y20_UO55,FXX,0,0.0,0,0,0.0,0,0,0,0.0,0.52587890625,1,P3_CV0,1,2,0,0,2
9,8.539752926394888,7.413552560728917,Age0_F9_m9f2_P9_Y22_UO5,RD9_F2_m5f1_P5_Y20_UO549,RD2_F9_m6f3_P6_Y20_UO115,FXX,0,0.0,0,0,0.0,0,0,0,0.0,0.530029296875,1,P4_CV0,1,1,1,0,2
9,8.539752926394888,7.413552560728917,Age0_F9_m9f2_P9_Y22_UO6,RD9_F2_m5f1_P5_Y20_UO549,RD2_F9_m6f3_P6_Y20_UO115,FXX,0,0.0,0,0,0.0,0,0,0,0.0,0.530029296875,1,P4_CV0,1,1,1,0,2
9,8.539752926394888,7.413552560728917,Age0_F9_m9f2_P9_Y22_UO7,RD9_F2_m5f1_P5_Y20_UO549,RD2_F9_m6f3_P6_Y20_UO115,MXY,0,0.0,0,0,0.0,0,0,0,0.0,0.530029296875,1,P4_CV0,1,1,1,0,2
9,8.539752926394888,7.413552560728917,Age0_F9_m9f2_P9_Y22_UO8,RD9_F2_m5f1_P5_Y20_UO549,RD2_F9_m6f3_P6_Y20_UO115,MXY,0,0.0,0,0,0.0,0,0,0,0.0,0.530029296875,1,P4_CV0,1,1,1,0,2
9,8.539752926394888,7.413552560728917,Age0_F9_m9f6_P9_Y22_UO439,RD9_F6_m9f6_P9_Y20_UO285,RD6_F9_m2f5_P2_Y20_UO615,MXY,0,0.0,0,0,0.0,0,0,0,0.0,0.532958984375,1,P4_CV0,1,1,1,1,1
9,8.539752926394888,7.413552560728917,Age0_F9_m9f6_P9_Y22_UO440,RD9_F6_m9f6_P9_Y20_UO285,RD6_F9_m2f5_P2_Y20_UO615,MXY,0,0.0,0,0,0.0,0,0,0,0.0,0.532958984375,1,P4_CV0,1,0,2,0,2
9,8.539752926394888,7.413552560728917,Age0_F9_m9f6_P9_Y22_UO441,RD9_F6_m9f6_P9_Y20_UO285,RD6_F9_m2f5_P2_Y20_UO615,FXX,0,0.0,0,0,0.0,0,0,0,0.0,0.532958984375,1,P4_CV0,1,0,2,0,2
9,8.539752926394888,7.413552560728917,Age0_F9_m9f6_P9_Y22_UO442,RD9_F6_m9f6_P9_Y20_UO285,RD6_F9_m6f3_P6_Y20_UO52,FXX,0,0.0,0,0,0.0,0,0,0,0.0,0.532470703125,1,P4_CV0,1,1,1,0,2
9,8.539752926394888,7.413552560728917,Age0_F9_m9f6_P9_Y22_UO444,RD9_F6_m9f6_P9_Y20_UO285,RD6_F9_m6f3_P6_Y20_UO52,MXY,0,0.0,0,0,0.0,0,0,0,0.0,0.532470703125,1,P4_CV0,1,0,2,0,2
9,8.539752926394888,7.413552560728917,Age0_F9_m9f6_P9_Y22_UO511,RD9_F6_m9f6_P9_Y20_UO411,RD6_F9_m2f5_P2_Y20_UO29,FXX,0,0.0,0,0,0.0,0,0,0,0.0,0.5391845703125,1,P4_CV0,1,1,1,1,1
9,8.539752926394888,7.413552560728917,Age0_F9_m9f6_P9_Y22_UO545,RD9_F2_m3f5_P3_Y20_UO315,RD6_F2_m9f6_P9_Y20_UO361,MXY,0,0.0,0,0,0.0,0,0,0,0.0,0.5301513671875,1,P4_CV0,1,1,1,1,1
9,8.539752926394888,7.413552560728917,Age0_F9_m9f2_P9_Y22_UO679,RD9_F6_m2f9_P2_Y20_UO524,RD2_F5_m1f5_P1_Y20_UO719,FXX,0,0.0,0,0,0.0,0,0,0,0.0,0.543212890625,1,P4_CV0,1,0,2,2,0
9,8.539752926394888,7.413552560728917,Age0_F9_m9f6_P9_Y22_UO681,RD9_F6_m9f6_P9_Y20_UO704,RD6_F2_m9f6_P9_Y20_UO673,FXX,0,0.0,0,0,0.0,0,0,0,0.0,0.5399169921875,1,P4_CV0,1,1,1,1,1
9,8.539752926394888,7.413552560728917,Age0_F9_m9f2_P9_Y22_UO751,RD9_F6_m9f2_P9_Y20_UO711,RD2_F9_m6f9_P6_Y20_UO397,FXX,0,0.0,0,0,0.0,0,0,0,0.0,0.53076171875,1,P4_CV0,1,1,1,1,1
9,8.539752926394888,7.413552560728917,Age0_F9_m9f2_P9_Y22_UO752,RD9_F6_m9f2_P9_Y20_UO711,RD2_F9_m6f9_P6_Y20_UO397,FXX,0,0.0,0,0,0.0,0,0,0,0.0,0.53076171875,1,P4_CV0,1,1,1,0,2
9,8.539752926394888,7.413552560728917,R9_F9_m2f3_P2_Y21_UO31,RD2_F9_m6f9_P6_Y19_UO63,RD3_F7_m4f7_P4_Y19_UO271,FXX,1,0.0,1,1,1.0,0,0,0,-9999.0,0.548583984375,1,P4_CV0,1,1,1,2,0
9,8.539752926394888,7.413552560728917,R9_F9_m9f6_P9_Y20_UO287,RD9_F2_m9f6_P9_Y18_UO375,RD6_F9_m6f3_P6_Y18_UO474,MXY,2,0.0,1,0,0.0,0,0,0,-9999.0,0.541015625,1,P4_CV0,1,0,2,0,2
9,8.539752926394888,7.413552560728917,R9_F9_m9f2_P9_Y20_UO711,RD9_F2_m9f2_P9_Y18_UO101,RD2_F9_m6f9_P6_Y18_UO360,FXX,2,0.0,1,0,1.0,0,0,0,-9999.0,0.52294921875,1,P4_CV0,1,2,0,0,2
9,8.539752926394888,7.413552560728917,Age0_F9_m9f6_P9_Y22_UO12,RD9_F6_m3f6_P3_Y20_UO365,RD6_F2_m9f6_P9_Y20_UO673,FXX,0,0.0,0,0,0.0,0,0,0,0.0,0.541015625,1,P5_CV0,1,2,0,2,0
9,8.539752926394888,7.413552560728917,Age0_F9_m9f6_P9_Y22_UO14,RD9_F6_m3f6_P3_Y20_UO365,RD6_F2_m9f6_P9_Y20_UO673,MXY,0,0.0,0,0,0.0,0,0,0,0.0,0.541015625,1,P5_CV0,1,1,1,2,0
9,8.539752926394888,7.413552560728917,Age0_F9_m9f6_P9_Y22_UO23,RD9_F2_m5f1_P5_Y20_UO549,RD6_F9_m2f3_P2_Y20_UO202,MXY,0,0.0,0,0,0.0,0,0,0,0.0,0.534912109375,1,P5_CV0,1,0,2,1,1
9,8.539752926394888,7.413552560728917,Age0_F9_m9f6_P9_Y22_UO24,RD9_F2_m5f1_P5_Y20_UO549,RD6_F9_m2f3_P2_Y20_UO202,FXX,0,0.0,0,0,0.0,0,0,0,0.0,0.534912109375,1,P5_CV0,1,1,1,0,2
9,8.539752926394888,7.413552560728917,Age0_F9_m9f6_P9_Y22_UO25,RD9_F2_m5f1_P5_Y20_UO549,RD6_F9_m2f3_P2_Y20_UO202,MXY,0,0.0,0,0,0.0,0,0,0,0.0,0.534912109375,1,P5_CV0,1,1,1,1,1
9,8.539752926394888,7.413552560728917,Age0_F9_m9f6_P9_Y22_UO86,RD9_F6_m9f2_P9_Y20_UO711,RD6_F2_m9f6_P9_Y20_UO673,MXY,0,0.0,0,0,0.0,0,0,0,0.0,0.5364990234375,1,P5_CV0,1,2,0,0,2
9,8.539752926394888,7.413552560728917,Age0_F9_m9f6_P9_Y22_UO87,RD9_F6_m9f2_P9_Y20_UO711,RD6_F2_m9f6_P9_Y20_UO673,FXX,0,0.0,0,0,0.0,0,0,0,0.0,0.5364990234375,1,P5_CV0,1,1,1,1,1
9,8.539752926394888,7.413552560728917,Age0_F9_m9f6_P9_Y22_UO92,RD9_F6_m3f2_P3_Y20_UO432,RD6_F9_m9f2_P9_Y19_UO238,FXX,0,0.0,0,0,0.0,0,0,0,0.0,0.5406494140625,1,P5_CV0,1,2,0,0,2
9,8.539752926394888,7.413552560728917,Age0_F9_m9f6_P9_Y22_UO94,RD9_F6_m3f2_P3_Y20_UO432,RD6_F9_m9f2_P9_Y19_UO238,MXY,0,0.0,0,0,0.0,0,0,0,0.0,0.5406494140625,1,P5_CV0,1,2,0,1,1
9,8.539752926394888,7.413552560728917,Age0_F9_m9f6_P9_Y22_UO174,RD9_F6_m9f2_P9_Y20_UO373,RD6_F3_m7f4_P7_Y20_UO609,MXY,0,0.0,0,0,0.0,0,0,0,0.0,0.5203857421875,1,P5_CV0,1,2,0,2,0
9,8.539752926394888,7.413552560728917,Age0_F9_m9f6_P9_Y22_UO175,RD9_F6_m9f2_P9_Y20_UO373,RD6_F3_m7f4_P7_Y20_UO609,MXY,0,0.0,0,0,0.0,0,0,0,0.0,0.5203857421875,1,P5_CV0,1,1,1,2,0
9,8.539752926394888,7.413552560728917,Age0_F9_m9f2_P9_Y22_UO246,RD9_F6_m3f6_P3_Y20_UO39,RD2_F9_m2f5_P2_Y20_UO64,FXX,0,0.0,0,0,0.0,0,0,0,0.0,0.5225830078125,1,P5_CV0,1,0,2,0,2
9,8.539752926394888,7.413552560728917,Age0_F9_m9f2_P9_Y22_UO248,RD9_F6_m3f6_P3_Y20_UO39,RD2_F9_m2f5_P2_Y20_UO64,FXX,0,0.0,0,0,0.0,0,0,0,0.0,0.5225830078125,1,P5_CV0,1,1,1,0,2
9,8.539752926394888,7.413552560728917,Age0_F9_m9f6_P9_Y22_UO281,RD9_F6_m3f6_P3_Y20_UO365,RD6_F9_m6f3_P6_Y20_UO510,MXY,0,0.0,0,0,0.0,0,0,0,0.0,0.5281982421875,1,P5_CV0,1,1,1,2,0
9,8.539752926394888,7.413552560728917,Age0_F9_m9f6_P9_Y22_UO508,RD9_F6_m9f6_P9_Y20_UO411,RD6_F9_m2f5_P2_Y20_UO29,FXX,0,0.0,0,0,0.0,0,0,0,0.0,0.5391845703125,1,P5_CV0,1,2,0,1,1
9,8.539752926394888,7.413552560728917,Age0_F9_m9f6_P9_Y22_UO509,RD9_F6_m9f6_P9_Y20_UO411,RD6_F9_m2f5_P2_Y20_UO29,MXY,0,0.0,0,0,0.0,0,0,0,0.0,0.5391845703125,1,P5_CV0,1,1,1,1,1
9,8.539752926394888,7.413552560728917,Age0_F9_m9f6_P9_Y22_UO510,RD9_F6_m9f6_P9_Y20_UO411,RD6_F9_m2f5_P2_Y20_UO29,FXX,0,0.0,0,0,0.0,0,0,0,0.0,0.5391845703125,1,P5_CV0,1,2,0,1,1
9,8.539752926394888,7.413552560728917,Age0_F9_m9f2_P9_Y22_UO531,RD9_F2_m6f3_P6_Y20_UO505,RD2_F9_m6f2_P6_Y20_UO297,FXX,0,0.0,0,0,0.0,0,0,0,0.0,0.5323486328125,1,P5_CV0,1,1,1,2,0
9,8.539752926394888,7.413552560728917,Age0_F9_m9f2_P9_Y22_UO596,RD9_F6_m9f6_P9_Y20_UO447,RD2_F9_m6f2_P6_Y20_UO331,FXX,0,0.0,0,0,0.0,0,0,0,0.0,0.5257568359375,1,P5_CV0,1,0,2,2,0
9,8.539752926394888,7.413552560728917,Age0_F9_m9f6_P9_Y22_UO682,RD9_F6_m9f6_P9_Y20_UO704,RD6_F2_m9f6_P9_Y20_UO673,MXY,0,0.0,0,0,0.0,0,0,0,0.0,0.5399169921875,1,P5_CV0,1,2,0,0,2
9,8.539752926394888,7.413552560728917,Age0_F9_m9f6_P9_Y22_UO683,RD9_F6_m9f6_P9_Y20_UO704,RD6_F2_m9f6_P9_Y20_UO673,MXY,0,0.0,0,0,0.0,0,0,0,0.0,0.5399169921875,1,P5_CV0,1,1,1,0,2
9,8.539752926394888,7.413552560728917,R9_F9_m9f6_P9_Y20_UO674,RD9_F2_m9f6_P9_Y18_UO656,RD6_F9_m6f2_P6_Y18_UO563,MXY,2,0.0,1,0,0.0,0,0,0,-9999.0,0.550048828125,1,P5_CV0,1,0,2,1,1
9,8.539752926394888,7.413552560728917,R9_F9_m2f3_P2_Y20_UO517,RD2_F5_m1f5_P1_Y18_UO121,RD3_F7_m4f8_P4_Y18_UO216,MXY,2,0.0,1,0,0.0,0,0,0,-9999.0,0.53759765625,1,P5_CV0,1,1,1,1,1
9,8.539752926394888,7.413552560728917,Age0_F9_m9f2_P9_Y22_UO88,RD9_F6_m9f2_P9_Y20_UO373,RD2_F9_m6f2_P6_Y20_UO384,FXX,0,0.0,0,0,0.0,0,0,0,0.0,0.5247802734375,1,P8_CV0,1,0,2,1,1
9,8.539752926394888,7.413552560728917,Age0_F9_m9f2_P9_Y22_UO89,RD9_F6_m9f2_P9_Y20_UO373,RD2_F9_m6f2_P6_Y20_UO384,MXY,0,0.0,0,0,0.0,0,0,0,0.0,0.5247802734375,1,P8_CV0,1,0,2,2,0
9,8.539752926394888,7.413552560728917,Age0_F9_m9f2_P9_Y22_UO90,RD9_F6_m9f2_P9_Y20_UO373,RD2_F9_m6f2_P6_Y20_UO384,FXX,0,0.0,0,0,0.0,0,0,0,0.0,0.5247802734375,1,P8_CV0,1,1,1,1,1
9,8.539752926394888,7.413552560728917,Age0_F9_m9f6_P9_Y22_UO172,RD9_F6_m9f2_P9_Y20_UO373,RD6_F3_m7f4_P7_Y20_UO609,FXX,0,0.0,0,0,0.0,0,0,0,0.0,0.5203857421875,1,P8_CV0,1,2,0,2,0
9,8.539752926394888,7.413552560728917,Age0_F9_m9f6_P9_Y22_UO173,RD9_F6_m9f2_P9_Y20_UO373,RD6_F3_m7f4_P7_Y20_UO609,FXX,0,0.0,0,0,0.0,0,0,0,0.0,0.5203857421875,1,P8_CV0,1,1,1,2,0
9,8.539752926394888,7.413552560728917,R9_F9_m2f9_P2_Y21_UO102,RD2_F5_m3f2_P3_Y19_UO18,RD9_F6_m9f2_P9_Y19_UO241,MXY,1,0.0,1,1,0.0,0,0,0,-9999.0,0.530517578125,1,P8_CV0,1,2,0,1,1
9,8.539752926394888,7.413552560728917,R9_F9_m9f2_P9_Y20_UO373,RD9_F2_m6f2_P6_Y18_UO328,RD2_F9_m6f3_P6_Y18_UO171,FXX,2,0.0,1,0,1.0,0,0,0,-9999.0,0.5390625,1,P8_CV0,1,1,1,2,0
