PatchID,XCOORD,YCOORD,ID,MID,FID,sex,age,size,mature,newmature,layeggs,capture,recapture,state,CDist,Hindex,Species,ClassFile,SubPatchID,L0A0,L0A1,L1A0,L1A1
1,4.359949021420038,0.38889347741837,R1_F1_m5f1_P5_Y4_UO231,RD5_F3_m6f2_P6_Y2_UO532,RD1_F5_m1f5_P1_Y2_UO479,FXX,1,0.0,1,1,1.0,0,0,0,-9999.0,0.5,1,P0_CV0,1,1,1,2,0
1,4.359949021420038,0.38889347741837,R1_F1_m5f2_P5_Y4_UO211,RD5_F3_m6f2_P6_Y2_UO335,RD2_F3_m5f2_P5_Y2_UO414,FXX,1,0.0,1,1,1.0,0,0,0,-9999.0,0.5625,1,P0_CV0,1,1,1,2,0
1,4.359949021420038,0.38889347741837,R1_F1_m5f2_P5_Y4_UO213,RD5_F3_m6f2_P6_Y2_UO335,RD2_F3_m5f2_P5_Y2_UO414,MXY,1,0.0,1,1,0.0,0,0,0,-9999.0,0.5625,1,P0_CV0,1,1,1,2,0
1,4.359949021420038,0.38889347741837,R1_F1_m5f3_P5_Y4_UO575,RD5_F3_m6f2_P6_Y2_UO532,RD3_F5_m1f5_P1_Y2_UO481,FXX,1,0.0,1,1,1.0,0,0,0,-9999.0,0.5,1,P0_CV0,1,2,0,1,1
1,4.359949021420038,0.38889347741837,R1_F1_m5f1_P5_Y4_UO233,RD5_F3_m6f2_P6_Y2_UO532,RD1_F5_m1f5_P1_Y2_UO479,FXX,1,0.0,1,1,1.0,0,0,0,-9999.0,0.5,1,P0_CV0,1,1,1,2,0
1,4.359949021420038,0.38889347741837,R1_F1_m5f1_P5_Y4_UO163,RD5_F3_m6f2_P6_Y2_UO532,RD1_F5_m1f5_P1_Y2_UO61,FXX,1,0.0,1,1,1.0,0,0,0,-9999.0,0.625,1,P0_CV0,1,2,0,1,1
1,4.359949021420038,0.38889347741837,R1_F1_m5f1_P5_Y4_UO234,RD5_F3_m6f2_P6_Y2_UO532,RD1_F5_m1f5_P1_Y2_UO479,FXX,1,0.0,1,1,1.0,0,0,0,-9999.0,0.5,1,P0_CV0,1,0,2,2,0
1,4.359949021420038,0.38889347741837,R1_F1_m1f5_P1_Y3_UO487,RD1_F5_m1f5_P1_Y1_UO298,RD5_F2_m5f3_P5_Y1_UO224,MXY,2,0.0,1,0,0.0,0,0,0,-9999.0,0.5,1,P0_CV0,1,1,1,2,0
1,4.359949021420038,0.38889347741837,R1_F1_m1f5_P1_Y3_UO163,RD1_F5_m1f5_P1_Y1_UO298,RD5_F3_m9f2_P9_Y0_UO114,MXY,2,0.0,1,0,0.0,0,0,0,-9999.0,0.875,1,P0_CV0,1,1,1,0,2
1,4.359949021420038,0.38889347741837,R1_F1_m5f2_P5_Y4_UO550,RD5_F3_m6f2_P6_Y2_UO335,RD2_F6_m9f2_P9_Y2_UO373,FXX,1,0.0,1,1,1.0,0,0,0,-9999.0,0.5625,1,P1_CV0,1,1,1,2,0
1,4.359949021420038,0.38889347741837,R1_F1_m5f3_P5_Y4_UO546,RD5_F3_m2f5_P2_Y2_UO428,RD3_F6_m9f2_P9_Y2_UO375,MXY,1,0.0,1,1,0.0,0,0,0,-9999.0,0.4375,1,P1_CV0,1,1,1,2,0
1,4.359949021420038,0.38889347741837,R1_F1_m1f5_P1_Y3_UO126,RD1_F5_m1f5_P1_Y1_UO388,RD5_F3_m6f3_P6_Y1_UO27,MXY,2,0.0,1,0,0.0,0,0,0,-9999.0,0.375,1,P1_CV0,1,1,1,2,0
1,4.359949021420038,0.38889347741837,Age0_F1_m1f5_P1_Y5_UO394,RD1_F5_m1f5_P1_Y3_UO521,RD5_F3_m2f3_P2_Y3_UO375,MXY,0,0.0,0,0,0.0,0,0,0,0.0,0.375,1,P2_CV0,1,1,1,1,1
1,4.359949021420038,0.38889347741837,Age0_F1_m1f5_P1_Y5_UO395,RD1_F5_m1f5_P1_Y3_UO521,RD5_F3_m2f3_P2_Y3_UO375,MXY,0,0.0,0,0,0.0,0,0,0,0.0,0.375,1,P2_CV0,1,1,1,1,1
1,4.359949021420038,0.38889347741837,Age0_F1_m1f5_P1_Y5_UO397,RD1_F5_m1f5_P1_Y3_UO521,RD5_F3_m2f3_P2_Y3_UO375,MXY,0,0.0,0,0,0.0,0,0,0,0.0,0.375,1,P2_CV0,1,1,1,0,2
1,4.359949021420038,0.38889347741837,Age0_F1_m1f5_P1_Y5_UO398,RD1_F5_m1f5_P1_Y3_UO521,RD5_F3_m2f3_P2_Y3_UO375,FXX,0,0.0,0,0,0.0,0,0,0,0.0,0.375,1,P2_CV0,1,1,1,0,2
1,4.359949021420038,0.38889347741837,Age0_F1_m1f5_P1_Y5_UO403,RD1_F5_m1f5_P1_Y3_UO521,RD5_F3_m2f3_P2_Y3_UO375,MXY,0,0.0,0,0,0.0,0,0,0,0.0,0.375,1,P2_CV0,1,1,1,0,2
1,4.359949021420038,0.38889347741837,R1_F1_m5f3_P5_Y4_UO426,RD5_F1_m5f2_P5_Y2_UO97,RD3_F7_m4f7_P4_Y2_UO395,FXX,1,0.0,1,1,1.0,0,0,0,-9999.0,0.8125,1,P2_CV0,1,2,0,0,2
1,4.359949021420038,0.38889347741837,R1_F1_m5f3_P5_Y4_UO421,RD5_F1_m5f2_P5_Y2_UO97,RD3_F7_m4f7_P4_Y2_UO395,MXY,1,0.0,1,1,0.0,0,0,0,-9999.0,0.8125,1,P2_CV0,1,2,0,0,2
1,4.359949021420038,0.38889347741837,R1_F1_m5f3_P5_Y4_UO424,RD5_F1_m5f2_P5_Y2_UO97,RD3_F7_m4f7_P4_Y2_UO395,FXX,1,0.0,1,1,1.0,0,0,0,-9999.0,0.8125,1,P2_CV0,1,2,0,1,1
1,4.359949021420038,0.38889347741837,R1_F1_m5f3_P5_Y2_UO288,RD5_F1_m5f1_P5_Y0_UO376,RD3_F7_m3f7_P3_Y0_UO128,FXX,3,0.0,1,0,1.0,0,0,0,-9999.0,0.5,1,P2_CV0,1,2,0,1,1
1,4.359949021420038,0.38889347741837,R1_F1_m5f3_P5_Y4_UO197,RD5_F1_m5f2_P5_Y2_UO96,RD3_F5_m1f5_P1_Y2_UO78,FXX,1,0.0,1,1,1.0,0,0,0,-9999.0,0.625,1,P3_CV0,1,1,1,2,0
1,4.359949021420038,0.38889347741837,R1_F1_m5f2_P5_Y2_UO96,RD5_F1_m5f1_P5_Y0_UO376,RD2_F3_m7f4_P7_Y0_UO560,FXX,3,0.0,1,0,1.0,0,0,0,-9999.0,0.75,1,P3_CV0,1,2,0,1,1
1,4.359949021420038,0.38889347741837,Age0_F1_m1f5_P1_Y5_UO14,RD1_F5_m3f6_P3_Y3_UO239,RD5_F1_m3f5_P3_Y2_UO232,MXY,0,0.0,0,0,0.0,0,0,0,0.0,0.625,1,P4_CV0,1,1,1,1,1
1,4.359949021420038,0.38889347741837,Age0_F1_m1f5_P1_Y5_UO15,RD1_F5_m3f6_P3_Y3_UO239,RD5_F1_m3f5_P3_Y2_UO232,MXY,0,0.0,0,0,0.0,0,0,0,0.0,0.625,1,P4_CV0,1,2,0,1,1
1,4.359949021420038,0.38889347741837,Age0_F1_m1f5_P1_Y5_UO16,RD1_F5_m3f6_P3_Y3_UO239,RD5_F1_m3f5_P3_Y2_UO232,FXX,0,0.0,0,0,0.0,0,0,0,0.0,0.625,1,P4_CV0,1,1,1,1,1
1,4.359949021420038,0.38889347741837,Age0_F1_m1f5_P1_Y5_UO494,RD1_F5_m1f5_P1_Y3_UO522,RD5_F1_m1f5_P1_Y2_UO348,FXX,0,0.0,0,0,0.0,0,0,0,0.0,0.5625,1,P4_CV0,1,1,1,1,1
1,4.359949021420038,0.38889347741837,Age0_F1_m1f5_P1_Y5_UO495,RD1_F5_m1f5_P1_Y3_UO522,RD5_F1_m1f5_P1_Y2_UO348,MXY,0,0.0,0,0,0.0,0,0,0,0.0,0.5625,1,P4_CV0,1,1,1,1,1
1,4.359949021420038,0.38889347741837,Age0_F1_m1f5_P1_Y5_UO498,RD1_F5_m1f5_P1_Y3_UO522,RD5_F1_m1f5_P1_Y2_UO348,MXY,0,0.0,0,0,0.0,0,0,0,0.0,0.5625,1,P4_CV0,1,1,1,2,0
1,4.359949021420038,0.38889347741837,Age0_F1_m1f5_P1_Y5_UO499,RD1_F5_m1f5_P1_Y3_UO522,RD5_F1_m1f5_P1_Y2_UO348,FXX,0,0.0,0,0,0.0,0,0,0,0.0,0.5625,1,P4_CV0,1,1,1,1,1
1,4.359949021420038,0.38889347741837,Age0_F1_m1f5_P1_Y5_UO502,RD1_F5_m1f5_P1_Y3_UO522,RD5_F1_m1f5_P1_Y2_UO348,FXX,0,0.0,0,0,0.0,0,0,0,0.0,0.5625,1,P4_CV0,1,0,2,0,2
1,4.359949021420038,0.38889347741837,Age0_F1_m1f5_P1_Y5_UO504,RD1_F5_m1f5_P1_Y3_UO522,RD5_F1_m1f5_P1_Y2_UO348,MXY,0,0.0,0,0,0.0,0,0,0,0.0,0.5625,1,P4_CV0,1,1,1,1,1
1,4.359949021420038,0.38889347741837,Age0_F1_m1f5_P1_Y5_UO509,RD1_F5_m1f5_P1_Y3_UO522,RD5_F1_m1f5_P1_Y2_UO348,FXX,0,0.0,0,0,0.0,0,0,0,0.0,0.5625,1,P4_CV0,1,1,1,2,0
1,4.359949021420038,0.38889347741837,Age0_F1_m1f5_P1_Y5_UO510,RD1_F5_m1f5_P1_Y3_UO522,RD5_F1_m1f5_P1_Y2_UO348,MXY,0,0.0,0,0,0.0,0,0,0,0.0,0.5625,1,P4_CV0,1,1,1,2,0
1,4.359949021420038,0.38889347741837,R1_F1_m5f2_P5_Y4_UO526,RD5_F1_m5f3_P5_Y2_UO285,RD2_F9_m9f6_P9_Y1_UO332,MXY,1,0.0,1,1,0.0,0,0,0,-9999.0,0.5,1,P4_CV0,1,1,1,0,2
1,4.359949021420038,0.38889347741837,R1_F1_m5f1_P5_Y4_UO161,RD5_F3_m6f2_P6_Y2_UO532,RD1_F5_m1f5_P1_Y2_UO61,FXX,1,0.0,1,1,1.0,0,0,0,-9999.0,0.625,1,P4_CV0,1,1,1,1,1
1,4.359949021420038,0.38889347741837,R1_F1_m5f1_P5_Y4_UO183,RD5_F3_m2f5_P2_Y2_UO428,RD1_F5_m3f2_P3_Y2_UO525,FXX,1,0.0,1,1,1.0,0,0,0,-9999.0,0.4375,1,P4_CV0,1,1,1,1,1
1,4.359949021420038,0.38889347741837,R1_F1_m5f1_P5_Y4_UO188,RD5_F3_m2f5_P2_Y2_UO428,RD1_F5_m3f2_P3_Y2_UO525,FXX,1,0.0,1,1,1.0,0,0,0,-9999.0,0.4375,1,P4_CV0,1,1,1,2,0
1,4.359949021420038,0.38889347741837,R1_F1_m5f3_P5_Y4_UO422,RD5_F1_m5f2_P5_Y2_UO97,RD3_F7_m4f7_P4_Y2_UO395,FXX,1,0.0,1,1,1.0,0,0,0,-9999.0,0.8125,1,P4_CV0,1,2,0,0,2
1,4.359949021420038,0.38889347741837,R1_F1_m5f2_P5_Y4_UO520,RD5_F1_m5f3_P5_Y2_UO285,RD2_F9_m9f6_P9_Y1_UO332,FXX,1,0.0,1,1,1.0,0,0,0,-9999.0,0.5,1,P4_CV0,1,2,0,1,1
1,4.359949021420038,0.38889347741837,R1_F1_m5f3_P5_Y4_UO423,RD5_F1_m5f2_P5_Y2_UO97,RD3_F7_m4f7_P4_Y2_UO395,MXY,1,0.0,1,1,0.0,0,0,0,-9999.0,0.8125,1,P4_CV0,1,1,1,1,1
1,4.359949021420038,0.38889347741837,R1_F1_m5f2_P5_Y4_UO519,RD5_F1_m5f3_P5_Y2_UO285,RD2_F9_m9f6_P9_Y1_UO332,MXY,1,0.0,1,1,0.0,0,0,0,-9999.0,0.5,1,P4_CV0,1,2,0,0,2
1,4.359949021420038,0.38889347741837,R1_F1_m5f3_P5_Y4_UO540,RD5_F3_m2f5_P2_Y2_UO428,RD3_F6_m9f2_P9_Y2_UO375,MXY,1,0.0,1,1,0.0,0,0,0,-9999.0,0.4375,1,P4_CV0,1,0,2,0,2
1,4.359949021420038,0.38889347741837,R1_F1_m3f2_P3_Y3_UO339,RD3_F5_m1f5_P1_Y1_UO103,RD2_F3_m6f3_P6_Y0_UO123,FXX,2,0.0,1,0,1.0,0,0,0,-9999.0,0.375,1,P4_CV0,1,1,1,0,2
1,4.359949021420038,0.38889347741837,Age0_F1_m1f5_P1_Y5_UO102,RD1_F5_m3f6_P3_Y3_UO239,RD5_F1_m5f1_P5_Y3_UO367,FXX,0,0.0,0,0,0.0,0,0,0,0.0,0.625,1,P5_CV0,1,2,0,0,2
1,4.359949021420038,0.38889347741837,Age0_F1_m1f5_P1_Y5_UO104,RD1_F5_m3f6_P3_Y3_UO239,RD5_F1_m5f1_P5_Y3_UO367,FXX,0,0.0,0,0,0.0,0,0,0,0.0,0.625,1,P5_CV0,1,2,0,0,2
1,4.359949021420038,0.38889347741837,Age0_F1_m1f5_P1_Y5_UO107,RD1_F5_m3f6_P3_Y3_UO239,RD5_F1_m5f1_P5_Y3_UO367,MXY,0,0.0,0,0,0.0,0,0,0,0.0,0.625,1,P5_CV0,1,1,1,0,2
1,4.359949021420038,0.38889347741837,Age0_F1_m1f5_P1_Y5_UO391,RD1_F5_m1f5_P1_Y3_UO521,RD5_F3_m2f3_P2_Y3_UO375,FXX,0,0.0,0,0,0.0,0,0,0,0.0,0.375,1,P5_CV0,1,1,1,1,1
1,4.359949021420038,0.38889347741837,Age0_F1_m1f5_P1_Y5_UO392,RD1_F5_m1f5_P1_Y3_UO521,RD5_F3_m2f3_P2_Y3_UO375,FXX,0,0.0,0,0,0.0,0,0,0,0.0,0.375,1,P5_CV0,1,1,1,1,1
1,4.359949021420038,0.38889347741837,Age0_F1_m1f5_P1_Y5_UO393,RD1_F5_m1f5_P1_Y3_UO521,RD5_F3_m2f3_P2_Y3_UO375,FXX,0,0.0,0,0,0.0,0,0,0,0.0,0.375,1,P5_CV0,1,1,1,0,2
1,4.359949021420038,0.38889347741837,Age0_F1_m1f5_P1_Y5_UO396,RD1_F5_m1f5_P1_Y3_UO521,RD5_F3_m2f3_P2_Y3_UO375,MXY,0,0.0,0,0,0.0,0,0,0,0.0,0.375,1,P5_CV0,1,0,2,1,1
1,4.359949021420038,0.38889347741837,Age0_F1_m1f5_P1_Y5_UO399,RD1_F5_m1f5_P1_Y3_UO521,RD5_F3_m2f3_P2_Y3_UO375,FXX,0,0.0,0,0,0.0,0,0,0,0.0,0.375,1,P5_CV0,1,1,1,1,1
1,4.359949021420038,0.38889347741837,Age0_F1_m1f5_P1_Y5_UO400,RD1_F5_m1f5_P1_Y3_UO521,RD5_F3_m2f3_P2_Y3_UO375,FXX,0,0.0,0,0,0.0,0,0,0,0.0,0.375,1,P5_CV0,1,0,2,0,2
1,4.359949021420038,0.38889347741837,Age0_F1_m1f5_P1_Y5_UO401,RD1_F5_m1f5_P1_Y3_UO521,RD5_F3_m2f3_P2_Y3_UO375,MXY,0,0.0,0,0,0.0,0,0,0,0.0,0.375,1,P5_CV0,1,1,1,0,2
1,4.359949021420038,0.38889347741837,Age0_F1_m1f5_P1_Y5_UO402,RD1_F5_m1f5_P1_Y3_UO521,RD5_F3_m2f3_P2_Y3_UO375,FXX,0,0.0,0,0,0.0,0,0,0,0.0,0.375,1,P5_CV0,1,1,1,1,1
1,4.359949021420038,0.38889347741837,Age0_F1_m1f5_P1_Y5_UO431,RD1_F5_m1f5_P1_Y3_UO522,RD5_F1_m5f1_P5_Y3_UO367,MXY,0,0.0,0,0,0.0,0,0,0,0.0,0.625,1,P5_CV0,1,2,0,0,2
1,4.359949021420038,0.38889347741837,Age0_F1_m1f5_P1_Y5_UO432,RD1_F5_m1f5_P1_Y3_UO522,RD5_F1_m5f1_P5_Y3_UO367,FXX,0,0.0,0,0,0.0,0,0,0,0.0,0.625,1,P5_CV0,1,1,1,0,2
1,4.359949021420038,0.38889347741837,Age0_F1_m1f5_P1_Y5_UO433,RD1_F5_m1f5_P1_Y3_UO522,RD5_F1_m5f1_P5_Y3_UO367,MXY,0,0.0,0,0,0.0,0,0,0,0.0,0.625,1,P5_CV0,1,2,0,1,1
1,4.359949021420038,0.38889347741837,Age0_F1_m1f5_P1_Y5_UO434,RD1_F5_m1f5_P1_Y3_UO522,RD5_F1_m5f1_P5_Y3_UO367,FXX,0,0.0,0,0,0.0,0,0,0,0.0,0.625,1,P5_CV0,1,1,1,0,2
1,4.359949021420038,0.38889347741837,Age0_F1_m1f5_P1_Y5_UO435,RD1_F5_m1f5_P1_Y3_UO522,RD5_F1_m5f1_P5_Y3_UO367,FXX,0,0.0,0,0,0.0,0,0,0,0.0,0.625,1,P5_CV0,1,1,1,0,2
1,4.359949021420038,0.38889347741837,Age0_F1_m1f5_P1_Y5_UO436,RD1_F5_m1f5_P1_Y3_UO522,RD5_F1_m5f1_P5_Y3_UO367,FXX,0,0.0,0,0,0.0,0,0,0,0.0,0.625,1,P5_CV0,1,1,1,1,1
1,4.359949021420038,0.38889347741837,Age0_F1_m1f5_P1_Y5_UO437,RD1_F5_m1f5_P1_Y3_UO522,RD5_F1_m5f1_P5_Y3_UO367,MXY,0,0.0,0,0,0.0,0,0,0,0.0,0.625,1,P5_CV0,1,1,1,0,2
1,4.359949021420038,0.38889347741837,Age0_F1_m1f5_P1_Y5_UO438,RD1_F5_m1f5_P1_Y3_UO522,RD5_F1_m5f1_P5_Y3_UO367,FXX,0,0.0,0,0,0.0,0,0,0,0.0,0.625,1,P5_CV0,1,1,1,1,1
1,4.359949021420038,0.38889347741837,Age0_F1_m1f5_P1_Y5_UO439,RD1_F5_m1f5_P1_Y3_UO522,RD5_F1_m5f1_P5_Y3_UO367,MXY,0,0.0,0,0,0.0,0,0,0,0.0,0.625,1,P5_CV0,1,1,1,0,2
1,4.359949021420038,0.38889347741837,Age0_F1_m1f5_P1_Y5_UO440,RD1_F5_m1f5_P1_Y3_UO522,RD5_F1_m5f1_P5_Y3_UO367,FXX,0,0.0,0,0,0.0,0,0,0,0.0,0.625,1,P5_CV0,1,2,0,1,1
1,4.359949021420038,0.38889347741837,Age0_F1_m1f5_P1_Y5_UO441,RD1_F5_m1f5_P1_Y3_UO522,RD5_F1_m5f1_P5_Y3_UO367,FXX,0,0.0,0,0,0.0,0,0,0,0.0,0.625,1,P5_CV0,1,1,1,2,0
1,4.359949021420038,0.38889347741837,Age0_F1_m1f5_P1_Y5_UO442,RD1_F5_m1f5_P1_Y3_UO522,RD5_F1_m5f1_P5_Y3_UO367,MXY,0,0.0,0,0,0.0,0,0,0,0.0,0.625,1,P5_CV0,1,2,0,0,2
1,4.359949021420038,0.38889347741837,Age0_F1_m1f5_P1_Y5_UO443,RD1_F5_m1f5_P1_Y3_UO522,RD5_F1_m5f1_P5_Y3_UO367,MXY,0,0.0,0,0,0.0,0,0,0,0.0,0.625,1,P5_CV0,1,2,0,1,1
1,4.359949021420038,0.38889347741837,Age0_F1_m1f5_P1_Y5_UO444,RD1_F5_m1f5_P1_Y3_UO522,RD5_F1_m5f1_P5_Y3_UO367,FXX,0,0.0,0,0,0.0,0,0,0,0.0,0.625,1,P5_CV0,1,2,0,0,2
1,4.359949021420038,0.38889347741837,Age0_F1_m1f5_P1_Y5_UO445,RD1_F5_m1f5_P1_Y3_UO522,RD5_F1_m5f1_P5_Y3_UO367,FXX,0,0.0,0,0,0.0,0,0,0,0.0,0.625,1,P5_CV0,1,2,0,1,1
1,4.359949021420038,0.38889347741837,Age0_F1_m1f5_P1_Y5_UO446,RD1_F5_m1f5_P1_Y3_UO522,RD5_F1_m5f1_P5_Y3_UO367,MXY,0,0.0,0,0,0.0,0,0,0,0.0,0.625,1,P5_CV0,1,2,0,1,1
1,4.359949021420038,0.38889347741837,Age0_F1_m1f5_P1_Y5_UO447,RD1_F5_m1f5_P1_Y3_UO522,RD5_F1_m5f1_P5_Y3_UO367,MXY,0,0.0,0,0,0.0,0,0,0,0.0,0.625,1,P5_CV0,1,2,0,0,2
1,4.359949021420038,0.38889347741837,Age0_F1_m1f5_P1_Y5_UO448,RD1_F5_m1f5_P1_Y3_UO522,RD5_F1_m5f1_P5_Y3_UO367,MXY,0,0.0,0,0,0.0,0,0,0,0.0,0.625,1,P5_CV0,1,1,1,1,1
1,4.359949021420038,0.38889347741837,Age0_F1_m1f5_P1_Y5_UO449,RD1_F5_m1f5_P1_Y3_UO522,RD5_F1_m5f1_P5_Y3_UO367,MXY,0,0.0,0,0,0.0,0,0,0,0.0,0.625,1,P5_CV0,1,1,1,1,1
1,4.359949021420038,0.38889347741837,Age0_F1_m1f5_P1_Y5_UO450,RD1_F5_m1f5_P1_Y3_UO522,RD5_F1_m5f1_P5_Y3_UO367,MXY,0,0.0,0,0,0.0,0,0,0,0.0,0.625,1,P5_CV0,1,1,1,1,1
1,4.359949021420038,0.38889347741837,Age0_F1_m1f5_P1_Y5_UO493,RD1_F5_m1f5_P1_Y3_UO522,RD5_F1_m1f5_P1_Y2_UO348,FXX,0,0.0,0,0,0.0,0,0,0,0.0,0.5625,1,P5_CV0,1,1,1,1,1
1,4.359949021420038,0.38889347741837,Age0_F1_m1f5_P1_Y5_UO496,RD1_F5_m1f5_P1_Y3_UO522,RD5_F1_m1f5_P1_Y2_UO348,MXY,0,0.0,0,0,0.0,0,0,0,0.0,0.5625,1,P5_CV0,1,1,1,1,1
1,4.359949021420038,0.38889347741837,Age0_F1_m1f5_P1_Y5_UO497,RD1_F5_m1f5_P1_Y3_UO522,RD5_F1_m1f5_P1_Y2_UO348,FXX,0,0.0,0,0,0.0,0,0,0,0.0,0.5625,1,P5_CV0,1,1,1,1,1
1,4.359949021420038,0.38889347741837,Age0_F1_m1f5_P1_Y5_UO500,RD1_F5_m1f5_P1_Y3_UO522,RD5_F1_m1f5_P1_Y2_UO348,MXY,0,0.0,0,0,0.0,0,0,0,0.0,0.5625,1,P5_CV0,1,1,1,2,0
1,4.359949021420038,0.38889347741837,Age0_F1_m1f5_P1_Y5_UO501,RD1_F5_m1f5_P1_Y3_UO522,RD5_F1_m1f5_P1_Y2_UO348,MXY,0,0.0,0,0,0.0,0,0,0,0.0,0.5625,1,P5_CV0,1,1,1,1,1
1,4.359949021420038,0.38889347741837,Age0_F1_m1f5_P1_Y5_UO503,RD1_F5_m1f5_P1_Y3_UO522,RD5_F1_m1f5_P1_Y2_UO348,FXX,0,0.0,0,0,0.0,0,0,0,0.0,0.5625,1,P5_CV0,1,0,2,1,1
1,4.359949021420038,0.38889347741837,Age0_F1_m1f5_P1_Y5_UO505,RD1_F5_m1f5_P1_Y3_UO522,RD5_F1_m1f5_P1_Y2_UO348,FXX,0,0.0,0,0,0.0,0,0,0,0.0,0.5625,1,P5_CV0,1,1,1,2,0
1,4.359949021420038,0.38889347741837,Age0_F1_m1f5_P1_Y5_UO506,RD1_F5_m1f5_P1_Y3_UO522,RD5_F1_m1f5_P1_Y2_UO348,FXX,0,0.0,0,0,0.0,0,0,0,0.0,0.5625,1,P5_CV0,1,1,1,0,2
1,4.359949021420038,0.38889347741837,Age0_F1_m1f5_P1_Y5_UO507,RD1_F5_m1f5_P1_Y3_UO522,RD5_F1_m1f5_P1_Y2_UO348,FXX,0,0.0,0,0,0.0,0,0,0,0.0,0.5625,1,P5_CV0,1,2,0,1,1
1,4.359949021420038,0.38889347741837,Age0_F1_m1f5_P1_Y5_UO508,RD1_F5_m1f5_P1_Y3_UO522,RD5_F1_m1f5_P1_Y2_UO348,FXX,0,0.0,0,0,0.0,0,0,0,0.0,0.5625,1,P5_CV0,1,0,2,2,0
1,4.359949021420038,0.38889347741837,R1_F1_m5f2_P5_Y4_UO523,RD5_F1_m5f3_P5_Y2_UO285,RD2_F9_m9f6_P9_Y1_UO332,FXX,1,0.0,1,1,1.0,0,0,0,-9999.0,0.5,1,P5_CV0,1,1,1,1,1
1,4.359949021420038,0.38889347741837,R1_F1_m1f5_P1_Y3_UO178,RD1_F5_m2f5_P2_Y1_UO562,RD5_F2_m9f6_P9_Y1_UO316,FXX,2,0.0,1,0,1.0,0,0,0,-9999.0,0.5,1,P5_CV0,1,1,1,0,2
1,4.359949021420038,0.38889347741837,R1_F1_m1f5_P1_Y3_UO176,RD1_F5_m2f5_P2_Y1_UO562,RD5_F2_m9f6_P9_Y1_UO316,MXY,2,0.0,1,0,0.0,0,0,0,-9999.0,0.5,1,P5_CV0,1,2,0,0,2
1,4.359949021420038,0.38889347741837,R1_F1_m1f5_P1_Y3_UO165,RD1_F5_m2f5_P2_Y1_UO562,RD5_F1_m2f9_P2_Y0_UO514,FXX,2,0.0,1,0,1.0,0,0,0,-9999.0,0.75,1,P5_CV0,1,1,1,1,1
1,4.359949021420038,0.38889347741837,R1_F1_m1f5_P1_Y3_UO522,RD1_F5_m2f5_P2_Y1_UO562,RD5_F3_m6f3_P6_Y1_UO27,FXX,2,0.0,1,0,1.0,0,0,0,-9999.0,0.625,1,P5_CV0,1,1,1,1,1
1,4.359949021420038,0.38889347741837,R1_F1_m1f5_P1_Y3_UO521,RD1_F5_m2f5_P2_Y1_UO562,RD5_F3_m6f3_P6_Y1_UO27,FXX,2,0.0,1,0,1.0,0,0,0,-9999.0,0.625,1,P5_CV0,1,1,1,1,1
1,4.359949021420038,0.38889347741837,R1_F1_m5f3_P5_Y4_UO344,RD5_F1_m5f2_P5_Y2_UO96,RD3_F7_m4f7_P4_Y2_UO171,FXX,1,0.0,1,1,1.0,0,0,0,-9999.0,0.4375,1,P6_CV0,1,2,0,1,1
1,4.359949021420038,0.38889347741837,Age0_F1_m1f5_P1_Y5_UO103,RD1_F5_m3f6_P3_Y3_UO239,RD5_F1_m5f1_P5_Y3_UO367,MXY,0,0.0,0,0,0.0,0,0,0,0.0,0.625,1,P8_CV0,1,2,0,1,1
1,4.359949021420038,0.38889347741837,Age0_F1_m1f5_P1_Y5_UO105,RD1_F5_m3f6_P3_Y3_UO239,RD5_F1_m5f1_P5_Y3_UO367,FXX,0,0.0,0,0,0.0,0,0,0,0.0,0.625,1,P8_CV0,1,1,1,1,1
1,4.359949021420038,0.38889347741837,Age0_F1_m1f5_P1_Y5_UO106,RD1_F5_m3f6_P3_Y3_UO239,RD5_F1_m5f1_P5_Y3_UO367,MXY,0,0.0,0,0,0.0,0,0,0,0.0,0.625,1,P8_CV0,1,2,0,0,2
1,4.359949021420038,0.38889347741837,R1_F1_m5f2_P5_Y4_UO212,RD5_F3_m6f2_P6_Y2_UO335,RD2_F3_m5f2_P5_Y2_UO414,FXX,1,0.0,1,1,1.0,0,0,0,-9999.0,0.5625,1,P8_CV0,1,1,1,2,0
1,4.359949021420038,0.38889347741837,R1_F1_m5f1_P5_Y4_UO186,RD5_F3_m2f5_P2_Y2_UO428,RD1_F5_m3f2_P3_Y2_UO525,MXY,1,0.0,1,1,0.0,0,0,0,-9999.0,0.4375,1,P8_CV0,1,1,1,2,0
1,4.359949021420038,0.38889347741837,R1_F1_m5f2_P5_Y4_UO214,RD5_F3_m6f2_P6_Y2_UO335,RD2_F3_m5f2_P5_Y2_UO414,MXY,1,0.0,1,1,0.0,0,0,0,-9999.0,0.5625,1,P8_CV0,1,1,1,2,0
1,4.359949021420038,0.38889347741837,R1_F1_m5f1_P5_Y4_UO181,RD5_F3_m2f5_P2_Y2_UO428,RD1_F5_m3f2_P3_Y2_UO525,MXY,1,0.0,1,1,0.0,0,0,0,-9999.0,0.4375,1,P8_CV0,1,1,1,0,2
1,4.359949021420038,0.38889347741837,R1_F1_m2f5_P2_Y3_UO182,RD2_F6_m9f6_P9_Y1_UO131,RD5_F3_m2f9_P2_Y1_UO175,MXY,2,0.0,1,0,0.0,0,0,0,-9999.0,0.625,1,P8_CV0,1,1,1,2,0
2,5.496624778787091,6.529835889274153,Age0_F2_m2f6_P2_Y5_UO29,RD2_F5_m1f5_P1_Y3_UO276,RD6_F3_m1f5_P1_Y2_UO78,FXX,0,0.0,0,0,0.0,0,0,0,0.0,0.5,1,P0_CV0,1,1,1,1,1
2,5.496624778787091,6.529835889274153,Age0_F2_m2f6_P2_Y5_UO30,RD2_F5_m1f5_P1_Y3_UO276,RD6_F3_m1f5_P1_Y2_UO78,MXY,0,0.0,0,0,0.0,0,0,0,0.0,0.5,1,P0_CV0,1,0,2,1,1
2,5.496624778787091,6.529835889274153,Age0_F2_m2f6_P2_Y5_UO31,RD2_F5_m1f5_P1_Y3_UO276,RD6_F3_m1f5_P1_Y2_UO78,MXY,0,0.0,0,0,0.0,0,0,0,0.0,0.5,1,P0_CV0,1,1,1,1,1
2,5.496624778787091,6.529835889274153,Age0_F2_m2f6_P2_Y5_UO32,RD2_F5_m1f5_P1_Y3_UO276,RD6_F3_m1f5_P1_Y2_UO78,MXY,0,0.0,0,0,0.0,0,0,0,0.0,0.5,1,P0_CV0,1,0,2,1,1
2,5.496624778787091,6.529835889274153,Age0_F2_m2f6_P2_Y5_UO35,RD2_F5_m1f5_P1_Y3_UO276,RD6_F3_m1f5_P1_Y2_UO78,FXX,0,0.0,0,0,0.0,0,0,0,0.0,0.5,1,P0_CV0,1,2,0,1,1
2,5.496624778787091,6.529835889274153,Age0_F2_m2f6_P2_Y5_UO36,RD2_F5_m1f5_P1_Y3_UO276,RD6_F3_m1f5_P1_Y2_UO78,MXY,0,0.0,0,0,0.0,0,0,0,0.0,0.5,1,P0_CV0,1,1,1,1,1
2,5.496624778787091,6.529835889274153,R2_F2_m5f3_P5_Y4_UO576,RD5_F3_m6f2_P6_Y2_UO532,RD3_F5_m1f5_P1_Y2_UO481,MXY,1,0.0,1,1,0.0,0,0,0,-9999.0,0.5,1,P0_CV0,1,0,2,2,0
2,5.496624778787091,6.529835889274153,R2_F2_m9f2_P9_Y4_UO606,RD9_F6_m2f9_P2_Y2_UO30,RD2_F3_m5f2_P5_Y2_UO414,MXY,1,0.0,1,1,0.0,0,0,0,-9999.0,0.4375,1,P0_CV0,1,1,1,2,0
2,5.496624778787091,6.529835889274153,R2_F2_m5f3_P5_Y4_UO573,RD5_F3_m6f2_P6_Y2_UO532,RD3_F5_m1f5_P1_Y2_UO481,MXY,1,0.0,1,1,0.0,0,0,0,-9999.0,0.5,1,P0_CV0,1,0,2,1,1
2,5.496624778787091,6.529835889274153,R2_F2_m6f2_P6_Y4_UO172,RD6_F9_m6f2_P6_Y2_UO536,RD2_F3_m6f2_P6_Y2_UO156,MXY,1,0.0,1,1,0.0,0,0,0,-9999.0,0.5625,1,P0_CV0,1,1,1,1,1
2,5.496624778787091,6.529835889274153,R2_F2_m3f7_P3_Y2_UO166,RD3_F5_m1f5_P1_Y0_UO137,RD7_F3_m5f1_P5_Y0_UO255,MXY,3,0.0,1,0,0.0,0,0,0,-9999.0,0.5,1,P0_CV0,1,1,1,0,2
2,5.496624778787091,6.529835889274153,Age0_F2_m2f6_P2_Y5_UO33,RD2_F5_m1f5_P1_Y3_UO276,RD6_F3_m1f5_P1_Y2_UO78,MXY,0,0.0,0,0,0.0,0,0,0,0.0,0.5,1,P1_CV0,1,1,1,1,1
2,5.496624778787091,6.529835889274153,Age0_F2_m2f6_P2_Y5_UO34,RD2_F5_m1f5_P1_Y3_UO276,RD6_F3_m1f5_P1_Y2_UO78,FXX,0,0.0,0,0,0.0,0,0,0,0.0,0.5,1,P1_CV0,1,0,2,1,1
2,5.496624778787091,6.529835889274153,Age0_F2_m2f6_P2_Y5_UO37,RD2_F5_m1f5_P1_Y3_UO276,RD6_F3_m1f5_P1_Y2_UO78,MXY,0,0.0,0,0,0.0,0,0,0,0.0,0.5,1,P1_CV0,1,2,0,1,1
2,5.496624778787091,6.529835889274153,Age0_F2_m2f6_P2_Y5_UO38,RD2_F5_m1f5_P1_Y3_UO276,RD6_F3_m1f5_P1_Y2_UO78,MXY,0,0.0,0,0,0.0,0,0,0,0.0,0.5,1,P1_CV0,1,0,2,1,1
2,5.496624778787091,6.529835889274153,Age0_F2_m2f5_P2_Y5_UO163,RD2_F5_m1f5_P1_Y3_UO177,RD5_F1_m1f5_P1_Y2_UO348,MXY,0,0.0,0,0,0.0,0,0,0,0.0,0.5,1,P1_CV0,1,1,1,1,1
2,5.496624778787091,6.529835889274153,Age0_F2_m2f6_P2_Y5_UO333,RD2_F5_m1f5_P1_Y3_UO177,RD6_F9_m9f2_P9_Y2_UO23,FXX,0,0.0,0,0,0.0,0,0,0,0.0,0.5625,1,P1_CV0,1,1,1,1,1
2,5.496624778787091,6.529835889274153,Age0_F2_m2f6_P2_Y5_UO334,RD2_F5_m1f5_P1_Y3_UO177,RD6_F9_m9f2_P9_Y2_UO23,FXX,0,0.0,0,0,0.0,0,0,0,0.0,0.5625,1,P1_CV0,1,0,2,1,1
2,5.496624778787091,6.529835889274153,Age0_F2_m2f6_P2_Y5_UO335,RD2_F5_m1f5_P1_Y3_UO177,RD6_F9_m9f2_P9_Y2_UO23,FXX,0,0.0,0,0,0.0,0,0,0,0.0,0.5625,1,P1_CV0,1,0,2,0,2
2,5.496624778787091,6.529835889274153,Age0_F2_m2f6_P2_Y5_UO336,RD2_F5_m1f5_P1_Y3_UO177,RD6_F9_m9f2_P9_Y2_UO23,MXY,0,0.0,0,0,0.0,0,0,0,0.0,0.5625,1,P1_CV0,1,1,1,1,1
2,5.496624778787091,6.529835889274153,Age0_F2_m2f6_P2_Y5_UO337,RD2_F5_m1f5_P1_Y3_UO177,RD6_F9_m9f2_P9_Y2_UO23,MXY,0,0.0,0,0,0.0,0,0,0,0.0,0.5625,1,P1_CV0,1,1,1,0,2
2,5.496624778787091,6.529835889274153,Age0_F2_m2f6_P2_Y5_UO338,RD2_F5_m1f5_P1_Y3_UO177,RD6_F9_m9f2_P9_Y2_UO23,MXY,0,0.0,0,0,0.0,0,0,0,0.0,0.5625,1,P1_CV0,1,0,2,1,1
2,5.496624778787091,6.529835889274153,Age0_F2_m2f6_P2_Y5_UO339,RD2_F5_m1f5_P1_Y3_UO177,RD6_F9_m9f2_P9_Y2_UO23,FXX,0,0.0,0,0,0.0,0,0,0,0.0,0.5625,1,P1_CV0,1,0,2,1,1
2,5.496624778787091,6.529835889274153,Age0_F2_m2f6_P2_Y5_UO340,RD2_F5_m1f5_P1_Y3_UO177,RD6_F9_m9f2_P9_Y2_UO23,FXX,0,0.0,0,0,0.0,0,0,0,0.0,0.5625,1,P1_CV0,1,2,0,0,2
2,5.496624778787091,6.529835889274153,Age0_F2_m2f6_P2_Y5_UO341,RD2_F5_m1f5_P1_Y3_UO177,RD6_F9_m9f2_P9_Y2_UO23,FXX,0,0.0,0,0,0.0,0,0,0,0.0,0.5625,1,P1_CV0,1,0,2,1,1
2,5.496624778787091,6.529835889274153,Age0_F2_m2f6_P2_Y5_UO342,RD2_F5_m1f5_P1_Y3_UO177,RD6_F9_m9f2_P9_Y2_UO23,FXX,0,0.0,0,0,0.0,0,0,0,0.0,0.5625,1,P1_CV0,1,2,0,1,1
2,5.496624778787091,6.529835889274153,Age0_F2_m2f6_P2_Y5_UO343,RD2_F5_m1f5_P1_Y3_UO177,RD6_F9_m9f2_P9_Y2_UO23,FXX,0,0.0,0,0,0.0,0,0,0,0.0,0.5625,1,P1_CV0,1,2,0,0,2
2,5.496624778787091,6.529835889274153,Age0_F2_m2f6_P2_Y5_UO344,RD2_F5_m1f5_P1_Y3_UO177,RD6_F9_m9f2_P9_Y2_UO23,FXX,0,0.0,0,0,0.0,0,0,0,0.0,0.5625,1,P1_CV0,1,1,1,1,1
2,5.496624778787091,6.529835889274153,Age0_F2_m2f6_P2_Y5_UO345,RD2_F5_m1f5_P1_Y3_UO177,RD6_F9_m9f2_P9_Y2_UO23,MXY,0,0.0,0,0,0.0,0,0,0,0.0,0.5625,1,P1_CV0,1,0,2,1,1
2,5.496624778787091,6.529835889274153,Age0_F2_m2f3_P2_Y5_UO479,RD2_F5_m1f5_P1_Y3_UO177,RD3_F5_m1f5_P1_Y3_UO380,FXX,0,0.0,0,0,0.0,0,0,0,0.0,0.6875,1,P1_CV0,1,1,1,0,2
2,5.496624778787091,6.529835889274153,Age0_F2_m2f3_P2_Y5_UO480,RD2_F5_m1f5_P1_Y3_UO177,RD3_F5_m1f5_P1_Y3_UO380,FXX,0,0.0,0,0,0.0,0,0,0,0.0,0.6875,1,P1_CV0,1,1,1,0,2
2,5.496624778787091,6.529835889274153,Age0_F2_m2f3_P2_Y5_UO481,RD2_F5_m1f5_P1_Y3_UO177,RD3_F5_m1f5_P1_Y3_UO380,FXX,0,0.0,0,0,0.0,0,0,0,0.0,0.6875,1,P1_CV0,1,1,1,0,2
2,5.496624778787091,6.529835889274153,Age0_F2_m2f3_P2_Y5_UO482,RD2_F5_m1f5_P1_Y3_UO177,RD3_F5_m1f5_P1_Y3_UO380,MXY,0,0.0,0,0,0.0,0,0,0,0.0,0.6875,1,P1_CV0,1,1,1,0,2
2,5.496624778787091,6.529835889274153,Age0_F2_m2f3_P2_Y5_UO483,RD2_F5_m1f5_P1_Y3_UO177,RD3_F5_m1f5_P1_Y3_UO380,FXX,0,0.0,0,0,0.0,0,0,0,0.0,0.6875,1,P1_CV0,1,1,1,0,2
2,5.496624778787091,6.529835889274153,Age0_F2_m2f3_P2_Y5_UO484,RD2_F5_m1f5_P1_Y3_UO177,RD3_F5_m1f5_P1_Y3_UO380,FXX,0,0.0,0,0,0.0,0,0,0,0.0,0.6875,1,P1_CV0,1,1,1,0,2
2,5.496624778787091,6.529835889274153,Age0_F2_m2f3_P2_Y5_UO485,RD2_F5_m1f5_P1_Y3_UO177,RD3_F5_m1f5_P1_Y3_UO380,FXX,0,0.0,0,0,0.0,0,0,0,0.0,0.6875,1,P1_CV0,1,0,2,0,2
2,5.496624778787091,6.529835889274153,Age0_F2_m2f3_P2_Y5_UO486,RD2_F5_m1f5_P1_Y3_UO177,RD3_F5_m1f5_P1_Y3_UO380,MXY,0,0.0,0,0,0.0,0,0,0,0.0,0.6875,1,P1_CV0,1,2,0,0,2
2,5.496624778787091,6.529835889274153,Age0_F2_m2f3_P2_Y5_UO487,RD2_F5_m1f5_P1_Y3_UO177,RD3_F5_m1f5_P1_Y3_UO380,MXY,0,0.0,0,0,0.0,0,0,0,0.0,0.6875,1,P1_CV0,1,2,0,0,2
2,5.496624778787091,6.529835889274153,Age0_F2_m2f3_P2_Y5_UO488,RD2_F5_m1f5_P1_Y3_UO177,RD3_F5_m1f5_P1_Y3_UO380,FXX,0,0.0,0,0,0.0,0,0,0,0.0,0.6875,1,P1_CV0,1,2,0,0,2
2,5.496624778787091,6.529835889274153,Age0_F2_m2f3_P2_Y5_UO489,RD2_F5_m1f5_P1_Y3_UO177,RD3_F5_m1f5_P1_Y3_UO380,FXX,0,0.0,0,0,0.0,0,0,0,0.0,0.6875,1,P1_CV0,1,0,2,0,2
2,5.496624778787091,6.529835889274153,Age0_F2_m2f3_P2_Y5_UO490,RD2_F5_m1f5_P1_Y3_UO177,RD3_F5_m1f5_P1_Y3_UO380,FXX,0,0.0,0,0,0.0,0,0,0,0.0,0.6875,1,P1_CV0,1,1,1,0,2
2,5.496624778787091,6.529835889274153,Age0_F2_m2f3_P2_Y5_UO491,RD2_F5_m1f5_P1_Y3_UO177,RD3_F5_m1f5_P1_Y3_UO380,MXY,0,0.0,0,0,0.0,0,0,0,0.0,0.6875,1,P1_CV0,1,2,0,0,2
2,5.496624778787091,6.529835889274153,Age0_F2_m2f3_P2_Y5_UO492,RD2_F5_m1f5_P1_Y3_UO177,RD3_F5_m1f5_P1_Y3_UO380,FXX,0,0.0,0,0,0.0,0,0,0,0.0,0.6875,1,P1_CV0,1,1,1,0,2
2,5.496624778787091,6.529835889274153,R2_F2_m9f2_P9_Y4_UO158,RD9_F6_m9f6_P9_Y2_UO234,RD2_F9_m2f3_P2_Y2_UO511,FXX,1,0.0,1,1,1.0,0,0,0,-9999.0,0.6875,1,P1_CV0,1,2,0,2,0
2,5.496624778787091,6.529835889274153,R2_F2_m2f5_P2_Y3_UO105,RD2_F5_m1f5_P1_Y1_UO97,RD5_F2_m9f6_P9_Y1_UO316,MXY,2,0.0,1,0,0.0,0,0,0,-9999.0,0.25,1,P1_CV0,1,0,2,0,2
2,5.496624778787091,6.529835889274153,R2_F2_m3f2_P3_Y4_UO122,RD3_F5_m2f3_P2_Y2_UO148,RD2_F9_m2f3_P2_Y2_UO511,FXX,1,0.0,1,1,1.0,0,0,0,-9999.0,0.625,1,P2_CV0,1,1,1,2,0
2,5.496624778787091,6.529835889274153,R2_F2_m9f6_P9_Y4_UO413,RD9_F6_m9f6_P9_Y2_UO0,RD6_F2_m9f6_P9_Y1_UO248,MXY,1,0.0,1,1,0.0,0,0,0,-9999.0,0.5625,1,P2_CV0,1,2,0,1,1
2,5.496624778787091,6.529835889274153,R2_F2_m5f2_P5_Y4_UO504,RD5_F3_m2f6_P2_Y2_UO259,RD2_F6_m9f6_P9_Y2_UO185,FXX,1,0.0,1,1,1.0,0,0,0,-9999.0,0.4375,1,P2_CV0,1,1,1,2,0
2,5.496624778787091,6.529835889274153,R2_F2_m9f6_P9_Y3_UO378,RD9_F6_m3f6_P3_Y1_UO118,RD6_F9_m2f3_P2_Y1_UO260,FXX,2,0.0,1,0,1.0,0,0,0,-9999.0,0.5,1,P2_CV0,1,2,0,0,2
2,5.496624778787091,6.529835889274153,R2_F2_m6f3_P6_Y2_UO477,RD6_F9_m6f9_P6_Y0_UO16,RD3_F7_m3f7_P3_Y0_UO128,MXY,3,0.0,1,0,0.0,0,0,0,-9999.0,0.25,1,P2_CV0,1,0,2,1,1
2,5.496624778787091,6.529835889274153,R2_F2_m5f3_P5_Y4_UO196,RD5_F1_m5f2_P5_Y2_UO96,RD3_F5_m1f5_P1_Y2_UO78,FXX,1,0.0,1,1,1.0,0,0,0,-9999.0,0.625,1,P3_CV0,1,2,0,1,1
2,5.496624778787091,6.529835889274153,R2_F2_m3f5_P3_Y4_UO225,RD3_F7_m3f6_P3_Y2_UO368,RD5_F1_m5f2_P5_Y2_UO93,FXX,1,0.0,1,1,1.0,0,0,0,-9999.0,0.5625,1,P3_CV0,1,0,2,0,2
2,5.496624778787091,6.529835889274153,Age0_F2_m2f5_P2_Y5_UO156,RD2_F5_m1f5_P1_Y3_UO177,RD5_F1_m1f5_P1_Y2_UO348,MXY,0,0.0,0,0,0.0,0,0,0,0.0,0.5,1,P4_CV0,1,2,0,1,1
2,5.496624778787091,6.529835889274153,Age0_F2_m2f5_P2_Y5_UO157,RD2_F5_m1f5_P1_Y3_UO177,RD5_F1_m1f5_P1_Y2_UO348,FXX,0,0.0,0,0,0.0,0,0,0,0.0,0.5,1,P4_CV0,1,1,1,0,2
2,5.496624778787091,6.529835889274153,Age0_F2_m2f5_P2_Y5_UO158,RD2_F5_m1f5_P1_Y3_UO177,RD5_F1_m1f5_P1_Y2_UO348,MXY,0,0.0,0,0,0.0,0,0,0,0.0,0.5,1,P4_CV0,1,0,2,1,1
2,5.496624778787091,6.529835889274153,Age0_F2_m2f5_P2_Y5_UO159,RD2_F5_m1f5_P1_Y3_UO177,RD5_F1_m1f5_P1_Y2_UO348,MXY,0,0.0,0,0,0.0,0,0,0,0.0,0.5,1,P4_CV0,1,1,1,0,2
2,5.496624778787091,6.529835889274153,Age0_F2_m2f5_P2_Y5_UO160,RD2_F5_m1f5_P1_Y3_UO177,RD5_F1_m1f5_P1_Y2_UO348,MXY,0,0.0,0,0,0.0,0,0,0,0.0,0.5,1,P4_CV0,1,1,1,1,1
2,5.496624778787091,6.529835889274153,Age0_F2_m2f5_P2_Y5_UO161,RD2_F5_m1f5_P1_Y3_UO177,RD5_F1_m1f5_P1_Y2_UO348,MXY,0,0.0,0,0,0.0,0,0,0,0.0,0.5,1,P4_CV0,1,0,2,0,2
2,5.496624778787091,6.529835889274153,Age0_F2_m2f5_P2_Y5_UO162,RD2_F5_m1f5_P1_Y3_UO177,RD5_F1_m1f5_P1_Y2_UO348,FXX,0,0.0,0,0,0.0,0,0,0,0.0,0.5,1,P4_CV0,1,2,0,1,1
2,5.496624778787091,6.529835889274153,R2_F2_m9f2_P9_Y4_UO495,RD9_F6_m9f2_P9_Y2_UO389,RD2_F3_m5f1_P5_Y2_UO408,MXY,1,0.0,1,1,0.0,0,0,0,-9999.0,0.5,1,P4_CV0,1,1,1,1,1
2,5.496624778787091,6.529835889274153,R2_F2_m9f2_P9_Y4_UO571,RD9_F6_m9f2_P9_Y2_UO389,RD2_F3_m5f1_P5_Y2_UO408,FXX,1,0.0,1,1,1.0,0,0,0,-9999.0,0.5,1,P4_CV0,1,1,1,1,1
2,5.496624778787091,6.529835889274153,R2_F2_m9f2_P9_Y4_UO502,RD9_F6_m9f2_P9_Y2_UO389,RD2_F3_m5f1_P5_Y2_UO408,FXX,1,0.0,1,1,1.0,0,0,0,-9999.0,0.5,1,P4_CV0,1,2,0,2,0
2,5.496624778787091,6.529835889274153,Age0_F2_m2f9_P2_Y5_UO349,RD2_F9_m6f3_P6_Y3_UO208,RD9_F6_m9f6_P9_Y3_UO99,MXY,0,0.0,0,0,0.0,0,0,0,0.0,0.5,1,P5_CV0,1,1,1,2,0
2,5.496624778787091,6.529835889274153,Age0_F2_m2f9_P2_Y5_UO350,RD2_F9_m6f3_P6_Y3_UO208,RD9_F6_m9f6_P9_Y3_UO99,FXX,0,0.0,0,0,0.0,0,0,0,0.0,0.5,1,P5_CV0,1,1,1,2,0
2,5.496624778787091,6.529835889274153,Age0_F2_m2f9_P2_Y5_UO351,RD2_F9_m6f3_P6_Y3_UO208,RD9_F6_m9f6_P9_Y3_UO99,FXX,0,0.0,0,0,0.0,0,0,0,0.0,0.5,1,P5_CV0,1,1,1,2,0
2,5.496624778787091,6.529835889274153,Age0_F2_m2f9_P2_Y5_UO352,RD2_F9_m6f3_P6_Y3_UO208,RD9_F6_m9f6_P9_Y3_UO99,FXX,0,0.0,0,0,0.0,0,0,0,0.0,0.5,1,P5_CV0,1,1,1,2,0
2,5.496624778787091,6.529835889274153,Age0_F2_m2f9_P2_Y5_UO353,RD2_F9_m6f3_P6_Y3_UO208,RD9_F6_m9f6_P9_Y3_UO99,FXX,0,0.0,0,0,0.0,0,0,0,0.0,0.5,1,P5_CV0,1,1,1,2,0
2,5.496624778787091,6.529835889274153,Age0_F2_m2f9_P2_Y5_UO354,RD2_F9_m6f3_P6_Y3_UO208,RD9_F6_m9f6_P9_Y3_UO99,FXX,0,0.0,0,0,0.0,0,0,0,0.0,0.5,1,P5_CV0,1,1,1,2,0
2,5.496624778787091,6.529835889274153,Age0_F2_m2f9_P2_Y5_UO355,RD2_F9_m6f3_P6_Y3_UO208,RD9_F6_m9f6_P9_Y3_UO99,FXX,0,0.0,0,0,0.0,0,0,0,0.0,0.5,1,P5_CV0,1,1,1,2,0
2,5.496624778787091,6.529835889274153,Age0_F2_m2f9_P2_Y5_UO356,RD2_F9_m6f3_P6_Y3_UO208,RD9_F6_m9f6_P9_Y3_UO99,MXY,0,0.0,0,0,0.0,0,0,0,0.0,0.5,1,P5_CV0,1,1,1,2,0
2,5.496624778787091,6.529835889274153,Age0_F2_m2f9_P2_Y5_UO357,RD2_F9_m6f3_P6_Y3_UO208,RD9_F6_m9f6_P9_Y3_UO99,FXX,0,0.0,0,0,0.0,0,0,0,0.0,0.5,1,P5_CV0,1,1,1,2,0
2,5.496624778787091,6.529835889274153,Age0_F2_m2f9_P2_Y5_UO358,RD2_F9_m6f3_P6_Y3_UO208,RD9_F6_m9f6_P9_Y3_UO99,FXX,0,0.0,0,0,0.0,0,0,0,0.0,0.5,1,P5_CV0,1,1,1,2,0
2,5.496624778787091,6.529835889274153,Age0_F2_m2f9_P2_Y5_UO359,RD2_F9_m6f3_P6_Y3_UO208,RD9_F6_m9f6_P9_Y3_UO99,FXX,0,0.0,0,0,0.0,0,0,0,0.0,0.5,1,P5_CV0,1,1,1,2,0
2,5.496624778787091,6.529835889274153,Age0_F2_m2f9_P2_Y5_UO360,RD2_F9_m6f3_P6_Y3_UO208,RD9_F6_m9f6_P9_Y3_UO99,MXY,0,0.0,0,0,0.0,0,0,0,0.0,0.5,1,P5_CV0,1,1,1,2,0
2,5.496624778787091,6.529835889274153,Age0_F2_m2f9_P2_Y5_UO361,RD2_F9_m6f3_P6_Y3_UO208,RD9_F6_m9f6_P9_Y3_UO99,FXX,0,0.0,0,0,0.0,0,0,0,0.0,0.5,1,P5_CV0,1,1,1,2,0
2,5.496624778787091,6.529835889274153,Age0_F2_m2f9_P2_Y5_UO362,RD2_F9_m6f3_P6_Y3_UO208,RD9_F6_m9f6_P9_Y3_UO99,MXY,0,0.0,0,0,0.0,0,0,0,0.0,0.5,1,P5_CV0,1,1,1,2,0
2,5.496624778787091,6.529835889274153,Age0_F2_m2f9_P2_Y5_UO363,RD2_F9_m6f3_P6_Y3_UO208,RD9_F6_m9f6_P9_Y3_UO99,FXX,0,0.0,0,0,0.0,0,0,0,0.0,0.5,1,P5_CV0,1,1,1,2,0
2,5.496624778787091,6.529835889274153,Age0_F2_m2f9_P2_Y5_UO364,RD2_F9_m6f3_P6_Y3_UO208,RD9_F6_m9f6_P9_Y3_UO99,MXY,0,0.0,0,0,0.0,0,0,0,0.0,0.5,1,P5_CV0,1,1,1,2,0
2,5.496624778787091,6.529835889274153,Age0_F2_m2f9_P2_Y5_UO365,RD2_F9_m6f3_P6_Y3_UO208,RD9_F6_m9f6_P9_Y3_UO99,FXX,0,0.0,0,0,0.0,0,0,0,0.0,0.5,1,P5_CV0,1,1,1,2,0
2,5.496624778787091,6.529835889274153,R2_F2_m9f2_P9_Y4_UO297,RD9_F6_m3f2_P3_Y2_UO267,RD2_F9_m6f2_P6_Y2_UO127,MXY,1,0.0,1,1,0.0,0,0,0,-9999.0,0.4375,1,P5_CV0,1,1,1,1,1
2,5.496624778787091,6.529835889274153,R2_F2_m9f2_P9_Y4_UO501,RD9_F6_m9f2_P9_Y2_UO389,RD2_F3_m5f1_P5_Y2_UO408,MXY,1,0.0,1,1,0.0,0,0,0,-9999.0,0.5,1,P5_CV0,1,2,0,1,1
2,5.496624778787091,6.529835889274153,R2_F2_m9f2_P9_Y4_UO294,RD9_F6_m3f2_P3_Y2_UO267,RD2_F9_m6f2_P6_Y2_UO127,MXY,1,0.0,1,1,0.0,0,0,0,-9999.0,0.4375,1,P5_CV0,1,0,2,1,1
2,5.496624778787091,6.529835889274153,R2_F2_m9f2_P9_Y4_UO509,RD9_F2_m3f6_P3_Y2_UO371,RD2_F6_m9f2_P9_Y2_UO373,MXY,1,0.0,1,1,0.0,0,0,0,-9999.0,0.375,1,P5_CV0,1,0,2,1,1
2,5.496624778787091,6.529835889274153,R2_F2_m9f6_P9_Y4_UO143,RD9_F6_m9f6_P9_Y2_UO234,RD6_F3_m9f2_P9_Y1_UO215,FXX,1,0.0,1,1,1.0,0,0,0,-9999.0,0.625,1,P5_CV0,1,2,0,0,2
2,5.496624778787091,6.529835889274153,R2_F2_m9f2_P9_Y4_UO296,RD9_F6_m3f2_P3_Y2_UO267,RD2_F9_m6f2_P6_Y2_UO127,MXY,1,0.0,1,1,0.0,0,0,0,-9999.0,0.4375,1,P5_CV0,1,0,2,1,1
2,5.496624778787091,6.529835889274153,R2_F2_m9f2_P9_Y4_UO191,RD9_F6_m3f2_P3_Y2_UO267,RD2_F9_m6f2_P6_Y2_UO538,FXX,1,0.0,1,1,1.0,0,0,0,-9999.0,0.4375,1,P5_CV0,1,1,1,2,0
2,5.496624778787091,6.529835889274153,R2_F2_m9f2_P9_Y4_UO83,RD9_F6_m3f2_P3_Y2_UO267,RD2_F6_m-1f-1_P2_Y-1_U81,MXY,1,0.0,1,1,0.0,0,0,0,-9999.0,0.375,1,P5_CV0,1,1,1,0,2
2,5.496624778787091,6.529835889274153,R2_F2_m6f2_P6_Y3_UO468,RD6_F9_m2f3_P2_Y1_UO184,RD2_F3_m6f3_P6_Y0_UO123,MXY,2,0.0,1,0,0.0,0,0,0,-9999.0,0.625,1,P5_CV0,1,1,1,0,2
2,5.496624778787091,6.529835889274153,R2_F2_m6f9_P6_Y3_UO293,RD6_F9_m2f3_P2_Y1_UO258,RD9_F6_m9f6_P9_Y1_UO251,MXY,2,0.0,1,0,0.0,0,0,0,-9999.0,0.375,1,P5_CV0,1,0,2,1,1
2,5.496624778787091,6.529835889274153,R2_F2_m6f3_P6_Y3_UO208,RD6_F9_m6f9_P6_Y1_UO379,RD3_F2_m9f6_P9_Y1_UO314,FXX,2,0.0,1,0,1.0,0,0,0,-9999.0,0.25,1,P5_CV0,1,0,2,2,0
2,5.496624778787091,6.529835889274153,R2_F2_m9f2_P9_Y3_UO470,RD9_F6_m9f6_P9_Y1_UO511,RD2_F9_m3f5_P3_Y0_UO307,MXY,2,0.0,1,0,0.0,0,0,0,-9999.0,0.75,1,P5_CV0,1,2,0,0,2
2,5.496624778787091,6.529835889274153,R2_F2_m2f9_P2_Y2_UO30,RD2_F9_m6f9_P6_Y0_UO11,RD9_F2_m9f6_P9_Y0_UO167,FXX,3,0.0,1,0,1.0,0,0,0,-9999.0,0.5,1,P5_CV0,1,2,0,1,1
2,5.496624778787091,6.529835889274153,R2_F2_m5f3_P5_Y4_UO343,RD5_F1_m5f2_P5_Y2_UO96,RD3_F7_m4f7_P4_Y2_UO171,FXX,1,0.0,1,1,1.0,0,0,0,-9999.0,0.4375,1,P6_CV0,1,2,0,2,0
2,5.496624778787091,6.529835889274153,R2_F2_m6f9_P6_Y4_UO493,RD6_F3_m2f6_P2_Y2_UO304,RD9_F6_m3f5_P3_Y2_UO573,MXY,1,0.0,1,1,0.0,0,0,0,-9999.0,0.4375,1,P6_CV0,1,0,2,0,2
2,5.496624778787091,6.529835889274153,R2_F2_m7f4_P7_Y3_UO309,RD7_F4_m8f4_P8_Y1_UO276,RD4_F7_m3f6_P3_Y1_UO92,FXX,2,0.0,1,0,1.0,0,0,0,-9999.0,0.5,1,P7_CV0,1,1,1,2,0
2,5.496624778787091,6.529835889274153,R2_F2_m5f2_P5_Y4_UO548,RD5_F3_m6f2_P6_Y2_UO335,RD2_F6_m9f2_P9_Y2_UO373,FXX,1,0.0,1,1,1.0,0,0,0,-9999.0,0.5625,1,P8_CV0,1,1,1,1,1
2,5.496624778787091,6.529835889274153,R2_F2_m6f3_P6_Y4_UO442,RD6_F2_m6f2_P6_Y2_UO334,RD3_F2_m6f3_P6_Y1_UO476,MXY,1,0.0,1,1,0.0,0,0,0,-9999.0,0.375,1,P8_CV0,1,0,2,1,1
2,5.496624778787091,6.529835889274153,R2_F2_m6f3_P6_Y4_UO427,RD6_F9_m2f9_P2_Y2_UO71,RD3_F7_m4f7_P4_Y2_UO436,FXX,1,0.0,1,1,1.0,0,0,0,-9999.0,0.6875,1,P8_CV0,1,1,1,0,2
2,5.496624778787091,6.529835889274153,R2_F2_m9f2_P9_Y4_UO375,RD9_F2_m3f2_P3_Y2_UO321,RD2_F9_m2f3_P2_Y2_UO511,FXX,1,0.0,1,1,1.0,0,0,0,-9999.0,0.5,1,P8_CV0,1,0,2,1,1
2,5.496624778787091,6.529835889274153,R2_F2_m9f6_P9_Y2_UO238,RD9_F2_m9f2_P9_Y0_UO229,RD6_F9_m2f6_P2_Y0_UO582,FXX,3,0.0,1,0,1.0,0,0,0,-9999.0,0.75,1,P8_CV0,1,2,0,2,0
3,4.20367802087489,4.955022315058112,R3_F3_m5f1_P5_Y4_UO93,RD5_F3_m6f2_P6_Y2_UO532,RD1_F5_m5f1_P5_Y1_UO44,FXX,1,0.0,1,1,1.0,0,0,0,-9999.0,0.5625,1,P0_CV0,1,1,1,1,1
3,4.20367802087489,4.955022315058112,R3_F3_m6f2_P6_Y4_UO379,RD6_F9_m6f2_P6_Y2_UO536,RD2_F9_m2f3_P2_Y2_UO511,FXX,1,0.0,1,1,1.0,0,0,0,-9999.0,0.625,1,P0_CV0,1,1,1,1,1
3,4.20367802087489,4.955022315058112,Age0_F3_m3f6_P3_Y5_UO192,RD3_F7_m4f7_P4_Y3_UO438,RD6_F9_m9f2_P9_Y2_UO23,FXX,0,0.0,0,0,0.0,0,0,0,0.0,0.8125,1,P1_CV0,1,2,0,2,0
3,4.20367802087489,4.955022315058112,Age0_F3_m3f6_P3_Y5_UO193,RD3_F7_m4f7_P4_Y3_UO438,RD6_F9_m9f2_P9_Y2_UO23,MXY,0,0.0,0,0,0.0,0,0,0,0.0,0.8125,1,P1_CV0,1,1,1,2,0
3,4.20367802087489,4.955022315058112,Age0_F3_m3f6_P3_Y5_UO194,RD3_F7_m4f7_P4_Y3_UO438,RD6_F9_m9f2_P9_Y2_UO23,MXY,0,0.0,0,0,0.0,0,0,0,0.0,0.8125,1,P1_CV0,1,1,1,1,1
3,4.20367802087489,4.955022315058112,Age0_F3_m3f6_P3_Y5_UO197,RD3_F7_m4f7_P4_Y3_UO438,RD6_F9_m9f2_P9_Y2_UO23,FXX,0,0.0,0,0,0.0,0,0,0,0.0,0.8125,1,P1_CV0,1,1,1,1,1
3,4.20367802087489,4.955022315058112,R3_F3_m7f3_P7_Y4_UO177,RD7_F3_m2f3_P2_Y2_UO423,RD3_F6_m9f2_P9_Y2_UO375,FXX,1,0.0,1,1,1.0,0,0,0,-9999.0,0.25,1,P1_CV0,1,1,1,0,2
3,4.20367802087489,4.955022315058112,R3_F3_m6f9_P6_Y4_UO534,RD6_F2_m5f1_P5_Y2_UO282,RD9_F2_m6f2_P6_Y0_UO264,FXX,1,0.0,1,1,1.0,0,0,0,-9999.0,0.4375,1,P1_CV0,1,1,1,1,1
3,4.20367802087489,4.955022315058112,R3_F3_m1f5_P1_Y3_UO269,RD1_F5_m1f5_P1_Y1_UO153,RD5_F3_m2f9_P2_Y1_UO175,FXX,2,0.0,1,0,1.0,0,0,0,-9999.0,0.5,1,P1_CV0,1,1,1,1,1
3,4.20367802087489,4.955022315058112,R3_F3_m3f6_P3_Y3_UO240,RD3_F2_m9f6_P9_Y1_UO128,RD6_F2_m-1f-1_P2_Y-1_U81,MXY,2,0.0,1,0,0.0,0,0,0,-9999.0,0.625,1,P1_CV0,1,2,0,1,1
3,4.20367802087489,4.955022315058112,R3_F3_m1f5_P1_Y3_UO380,RD1_F5_m1f5_P1_Y1_UO298,RD5_F3_m9f2_P9_Y0_UO114,MXY,2,0.0,1,0,0.0,0,0,0,-9999.0,0.875,1,P1_CV0,1,1,1,0,2
3,4.20367802087489,4.955022315058112,Age0_F3_m3f2_P3_Y5_UO95,RD3_F2_m6f3_P6_Y3_UO211,RD2_F6_m6f3_P6_Y2_UO477,MXY,0,0.0,0,0,0.0,0,0,0,0.0,0.25,1,P2_CV0,1,1,1,0,2
3,4.20367802087489,4.955022315058112,Age0_F3_m3f2_P3_Y5_UO98,RD3_F2_m6f3_P6_Y3_UO211,RD2_F6_m6f3_P6_Y2_UO477,MXY,0,0.0,0,0,0.0,0,0,0,0.0,0.25,1,P2_CV0,1,1,1,0,2
3,4.20367802087489,4.955022315058112,Age0_F3_m3f2_P3_Y5_UO99,RD3_F2_m6f3_P6_Y3_UO211,RD2_F6_m6f3_P6_Y2_UO477,FXX,0,0.0,0,0,0.0,0,0,0,0.0,0.25,1,P2_CV0,1,0,2,0,2
3,4.20367802087489,4.955022315058112,Age0_F3_m3f5_P3_Y5_UO423,RD3_F6_m9f6_P9_Y3_UO3,RD5_F3_m2f3_P2_Y3_UO375,MXY,0,0.0,0,0,0.0,0,0,0,0.0,0.25,1,P2_CV0,1,0,2,1,1
3,4.20367802087489,4.955022315058112,Age0_F3_m3f5_P3_Y5_UO424,RD3_F6_m9f6_P9_Y3_UO3,RD5_F3_m2f3_P2_Y3_UO375,MXY,0,0.0,0,0,0.0,0,0,0,0.0,0.25,1,P2_CV0,1,1,1,1,1
3,4.20367802087489,4.955022315058112,Age0_F3_m3f5_P3_Y5_UO427,RD3_F6_m9f6_P9_Y3_UO3,RD5_F3_m2f3_P2_Y3_UO375,MXY,0,0.0,0,0,0.0,0,0,0,0.0,0.25,1,P2_CV0,1,1,1,1,1
3,4.20367802087489,4.955022315058112,Age0_F3_m3f5_P3_Y5_UO428,RD3_F6_m9f6_P9_Y3_UO3,RD5_F3_m2f3_P2_Y3_UO375,FXX,0,0.0,0,0,0.0,0,0,0,0.0,0.25,1,P2_CV0,1,0,2,1,1
3,4.20367802087489,4.955022315058112,Age0_F3_m3f5_P3_Y5_UO430,RD3_F6_m9f6_P9_Y3_UO3,RD5_F3_m2f3_P2_Y3_UO375,FXX,0,0.0,0,0,0.0,0,0,0,0.0,0.25,1,P2_CV0,1,0,2,1,1
3,4.20367802087489,4.955022315058112,Age0_F3_m3f5_P3_Y5_UO458,RD3_F6_m9f6_P9_Y3_UO3,RD5_F3_m2f3_P2_Y3_UO375,MXY,0,0.0,0,0,0.0,0,0,0,0.0,0.25,1,P2_CV0,1,0,2,1,1
3,4.20367802087489,4.955022315058112,Age0_F3_m3f5_P3_Y5_UO459,RD3_F6_m9f6_P9_Y3_UO3,RD5_F3_m2f3_P2_Y3_UO375,MXY,0,0.0,0,0,0.0,0,0,0,0.0,0.25,1,P2_CV0,1,0,2,1,1
3,4.20367802087489,4.955022315058112,Age0_F3_m3f5_P3_Y5_UO460,RD3_F6_m9f6_P9_Y3_UO3,RD5_F3_m2f3_P2_Y3_UO375,FXX,0,0.0,0,0,0.0,0,0,0,0.0,0.25,1,P2_CV0,1,1,1,1,1
3,4.20367802087489,4.955022315058112,Age0_F3_m3f5_P3_Y5_UO465,RD3_F6_m9f6_P9_Y3_UO3,RD5_F3_m2f3_P2_Y3_UO375,FXX,0,0.0,0,0,0.0,0,0,0,0.0,0.25,1,P2_CV0,1,0,2,1,1
3,4.20367802087489,4.955022315058112,R3_F3_m6f3_P6_Y4_UO335,RD6_F3_m7f3_P7_Y2_UO103,RD3_F7_m4f7_P4_Y2_UO395,FXX,1,0.0,1,1,1.0,0,0,0,-9999.0,0.75,1,P2_CV0,1,2,0,1,1
3,4.20367802087489,4.955022315058112,R3_F3_m7f3_P7_Y4_UO49,RD7_F3_m2f3_P2_Y2_UO192,RD3_F5_m1f5_P1_Y2_UO184,MXY,1,0.0,1,1,0.0,0,0,0,-9999.0,0.4375,1,P2_CV0,1,0,2,2,0
3,4.20367802087489,4.955022315058112,R3_F3_m5f3_P5_Y4_UO425,RD5_F1_m5f2_P5_Y2_UO97,RD3_F7_m4f7_P4_Y2_UO395,MXY,1,0.0,1,1,0.0,0,0,0,-9999.0,0.8125,1,P2_CV0,1,1,1,0,2
3,4.20367802087489,4.955022315058112,R3_F3_m6f3_P6_Y4_UO430,RD6_F9_m2f9_P2_Y2_UO71,RD3_F7_m4f7_P4_Y2_UO436,MXY,1,0.0,1,1,0.0,0,0,0,-9999.0,0.6875,1,P3_CV0,1,1,1,0,2
3,4.20367802087489,4.955022315058112,Age0_F3_m3f6_P3_Y5_UO199,RD3_F7_m3f2_P3_Y3_UO345,RD6_F3_m2f3_P2_Y3_UO334,MXY,0,0.0,0,0,0.0,0,0,0,0.0,0.4375,1,P4_CV0,1,0,2,1,1
3,4.20367802087489,4.955022315058112,Age0_F3_m3f6_P3_Y5_UO200,RD3_F7_m3f2_P3_Y3_UO345,RD6_F3_m2f3_P2_Y3_UO334,MXY,0,0.0,0,0,0.0,0,0,0,0.0,0.4375,1,P4_CV0,1,0,2,1,1
3,4.20367802087489,4.955022315058112,Age0_F3_m3f6_P3_Y5_UO201,RD3_F7_m3f2_P3_Y3_UO345,RD6_F3_m2f3_P2_Y3_UO334,FXX,0,0.0,0,0,0.0,0,0,0,0.0,0.4375,1,P4_CV0,1,2,0,0,2
3,4.20367802087489,4.955022315058112,Age0_F3_m3f6_P3_Y5_UO202,RD3_F7_m3f2_P3_Y3_UO345,RD6_F3_m2f3_P2_Y3_UO334,MXY,0,0.0,0,0,0.0,0,0,0,0.0,0.4375,1,P4_CV0,1,2,0,1,1
3,4.20367802087489,4.955022315058112,R3_F3_m2f9_P2_Y4_UO166,RD2_F9_m6f2_P6_Y2_UO490,RD9_F6_m9f2_P9_Y2_UO254,MXY,1,0.0,1,1,0.0,0,0,0,-9999.0,0.625,1,P4_CV0,1,2,0,2,0
3,4.20367802087489,4.955022315058112,R3_F3_m6f9_P6_Y4_UO27,RD6_F2_m3f2_P3_Y2_UO327,RD9_F6_m9f2_P9_Y2_UO254,FXX,1,0.0,1,1,1.0,0,0,0,-9999.0,0.5625,1,P4_CV0,1,1,1,2,0
3,4.20367802087489,4.955022315058112,R3_F3_m5f3_P5_Y4_UO544,RD5_F3_m2f5_P2_Y2_UO428,RD3_F6_m9f2_P9_Y2_UO375,FXX,1,0.0,1,1,1.0,0,0,0,-9999.0,0.4375,1,P4_CV0,1,0,2,1,1
3,4.20367802087489,4.955022315058112,R3_F3_m5f3_P5_Y4_UO419,RD5_F1_m5f2_P5_Y2_UO97,RD3_F7_m4f7_P4_Y2_UO395,FXX,1,0.0,1,1,1.0,0,0,0,-9999.0,0.8125,1,P4_CV0,1,2,0,1,1
3,4.20367802087489,4.955022315058112,R3_F3_m6f9_P6_Y4_UO494,RD6_F3_m2f6_P2_Y2_UO304,RD9_F6_m3f5_P3_Y2_UO573,FXX,1,0.0,1,1,1.0,0,0,0,-9999.0,0.4375,1,P4_CV0,1,0,2,1,1
3,4.20367802087489,4.955022315058112,R3_F3_m7f4_P7_Y4_UO476,RD7_F3_m5f1_P5_Y2_UO283,RD4_F8_m4f7_P4_Y2_UO471,MXY,1,0.0,1,1,0.0,0,0,0,-9999.0,0.4375,1,P4_CV0,1,2,0,1,1
3,4.20367802087489,4.955022315058112,R3_F3_m7f3_P7_Y4_UO578,RD7_F3_m5f1_P5_Y2_UO283,RD3_F2_m1f5_P1_Y1_UO384,MXY,1,0.0,1,1,0.0,0,0,0,-9999.0,0.3125,1,P4_CV0,1,2,0,2,0
3,4.20367802087489,4.955022315058112,R3_F3_m7f3_P7_Y4_UO483,RD7_F3_m6f2_P6_Y2_UO337,RD3_F5_m1f5_P1_Y2_UO349,MXY,1,0.0,1,1,0.0,0,0,0,-9999.0,0.625,1,P4_CV0,1,1,1,1,1
3,4.20367802087489,4.955022315058112,R3_F3_m7f3_P7_Y4_UO582,RD7_F3_m5f1_P5_Y2_UO283,RD3_F2_m1f5_P1_Y1_UO384,MXY,1,0.0,1,1,0.0,0,0,0,-9999.0,0.3125,1,P4_CV0,1,1,1,2,0
3,4.20367802087489,4.955022315058112,R3_F3_m2f5_P2_Y4_UO395,RD2_F5_m1f5_P1_Y2_UO183,RD5_F2_m6f2_P6_Y2_UO501,FXX,1,0.0,1,1,1.0,0,0,0,-9999.0,0.5,1,P4_CV0,1,0,2,1,1
3,4.20367802087489,4.955022315058112,R3_F3_m7f4_P7_Y4_UO71,RD7_F3_m5f1_P5_Y2_UO283,RD4_F7_m3f7_P3_Y2_UO163,MXY,1,0.0,1,1,0.0,0,0,0,-9999.0,0.4375,1,P4_CV0,1,2,0,1,1
3,4.20367802087489,4.955022315058112,R3_F3_m3f2_P3_Y3_UO345,RD3_F5_m1f5_P1_Y1_UO103,RD2_F3_m6f3_P6_Y0_UO123,FXX,2,0.0,1,0,1.0,0,0,0,-9999.0,0.375,1,P4_CV0,1,1,1,0,2
3,4.20367802087489,4.955022315058112,Age0_F3_m3f6_P3_Y5_UO20,RD3_F7_m4f7_P4_Y3_UO438,RD6_F2_m9f2_P9_Y3_UO474,FXX,0,0.0,0,0,0.0,0,0,0,0.0,0.875,1,P5_CV0,1,2,0,2,0
3,4.20367802087489,4.955022315058112,Age0_F3_m3f6_P3_Y5_UO21,RD3_F7_m4f7_P4_Y3_UO438,RD6_F2_m9f2_P9_Y3_UO474,MXY,0,0.0,0,0,0.0,0,0,0,0.0,0.875,1,P5_CV0,1,2,0,1,1
3,4.20367802087489,4.955022315058112,Age0_F3_m3f6_P3_Y5_UO22,RD3_F7_m4f7_P4_Y3_UO438,RD6_F2_m9f2_P9_Y3_UO474,FXX,0,0.0,0,0,0.0,0,0,0,0.0,0.875,1,P5_CV0,1,2,0,1,1
3,4.20367802087489,4.955022315058112,Age0_F3_m3f6_P3_Y5_UO23,RD3_F7_m4f7_P4_Y3_UO438,RD6_F2_m9f2_P9_Y3_UO474,FXX,0,0.0,0,0,0.0,0,0,0,0.0,0.875,1,P5_CV0,1,2,0,1,1
3,4.20367802087489,4.955022315058112,Age0_F3_m3f6_P3_Y5_UO25,RD3_F7_m4f7_P4_Y3_UO438,RD6_F2_m9f2_P9_Y3_UO474,FXX,0,0.0,0,0,0.0,0,0,0,0.0,0.875,1,P5_CV0,1,2,0,1,1
3,4.20367802087489,4.955022315058112,Age0_F3_m3f6_P3_Y5_UO27,RD3_F7_m4f7_P4_Y3_UO438,RD6_F2_m9f2_P9_Y3_UO474,FXX,0,0.0,0,0,0.0,0,0,0,0.0,0.875,1,P5_CV0,1,2,0,2,0
3,4.20367802087489,4.955022315058112,Age0_F3_m3f6_P3_Y5_UO28,RD3_F7_m4f7_P4_Y3_UO438,RD6_F2_m9f2_P9_Y3_UO474,FXX,0,0.0,0,0,0.0,0,0,0,0.0,0.875,1,P5_CV0,1,2,0,2,0
3,4.20367802087489,4.955022315058112,Age0_F3_m3f2_P3_Y5_UO96,RD3_F2_m6f3_P6_Y3_UO211,RD2_F6_m6f3_P6_Y2_UO477,FXX,0,0.0,0,0,0.0,0,0,0,0.0,0.25,1,P5_CV0,1,0,2,1,1
3,4.20367802087489,4.955022315058112,Age0_F3_m3f2_P3_Y5_UO97,RD3_F2_m6f3_P6_Y3_UO211,RD2_F6_m6f3_P6_Y2_UO477,FXX,0,0.0,0,0,0.0,0,0,0,0.0,0.25,1,P5_CV0,1,1,1,1,1
3,4.20367802087489,4.955022315058112,Age0_F3_m3f2_P3_Y5_UO100,RD3_F2_m6f3_P6_Y3_UO211,RD2_F6_m6f3_P6_Y2_UO477,MXY,0,0.0,0,0,0.0,0,0,0,0.0,0.25,1,P5_CV0,1,1,1,1,1
3,4.20367802087489,4.955022315058112,Age0_F3_m3f2_P3_Y5_UO101,RD3_F2_m6f3_P6_Y3_UO211,RD2_F6_m6f3_P6_Y2_UO477,FXX,0,0.0,0,0,0.0,0,0,0,0.0,0.25,1,P5_CV0,1,0,2,0,2
3,4.20367802087489,4.955022315058112,Age0_F3_m3f6_P3_Y5_UO294,RD3_F2_m6f3_P6_Y3_UO211,RD6_F9_m2f6_P2_Y3_UO418,MXY,0,0.0,0,0,0.0,0,0,0,0.0,0.4375,1,P5_CV0,1,0,2,0,2
3,4.20367802087489,4.955022315058112,Age0_F3_m3f6_P3_Y5_UO296,RD3_F2_m6f3_P6_Y3_UO211,RD6_F9_m2f6_P2_Y3_UO418,FXX,0,0.0,0,0,0.0,0,0,0,0.0,0.4375,1,P5_CV0,1,1,1,0,2
3,4.20367802087489,4.955022315058112,Age0_F3_m3f6_P3_Y5_UO301,RD3_F2_m6f3_P6_Y3_UO211,RD6_F9_m2f6_P2_Y3_UO418,MXY,0,0.0,0,0,0.0,0,0,0,0.0,0.4375,1,P5_CV0,1,1,1,0,2
3,4.20367802087489,4.955022315058112,Age0_F3_m3f5_P3_Y5_UO425,RD3_F6_m9f6_P9_Y3_UO3,RD5_F3_m2f3_P2_Y3_UO375,FXX,0,0.0,0,0,0.0,0,0,0,0.0,0.25,1,P5_CV0,1,0,2,1,1
3,4.20367802087489,4.955022315058112,Age0_F3_m3f5_P3_Y5_UO426,RD3_F6_m9f6_P9_Y3_UO3,RD5_F3_m2f3_P2_Y3_UO375,MXY,0,0.0,0,0,0.0,0,0,0,0.0,0.25,1,P5_CV0,1,1,1,1,1
3,4.20367802087489,4.955022315058112,Age0_F3_m3f5_P3_Y5_UO429,RD3_F6_m9f6_P9_Y3_UO3,RD5_F3_m2f3_P2_Y3_UO375,MXY,0,0.0,0,0,0.0,0,0,0,0.0,0.25,1,P5_CV0,1,0,2,1,1
3,4.20367802087489,4.955022315058112,Age0_F3_m3f5_P3_Y5_UO461,RD3_F6_m9f6_P9_Y3_UO3,RD5_F3_m2f3_P2_Y3_UO375,MXY,0,0.0,0,0,0.0,0,0,0,0.0,0.25,1,P5_CV0,1,0,2,1,1
3,4.20367802087489,4.955022315058112,Age0_F3_m3f5_P3_Y5_UO462,RD3_F6_m9f6_P9_Y3_UO3,RD5_F3_m2f3_P2_Y3_UO375,MXY,0,0.0,0,0,0.0,0,0,0,0.0,0.25,1,P5_CV0,1,1,1,1,1
3,4.20367802087489,4.955022315058112,Age0_F3_m3f5_P3_Y5_UO463,RD3_F6_m9f6_P9_Y3_UO3,RD5_F3_m2f3_P2_Y3_UO375,FXX,0,0.0,0,0,0.0,0,0,0,0.0,0.25,1,P5_CV0,1,1,1,1,1
3,4.20367802087489,4.955022315058112,Age0_F3_m3f5_P3_Y5_UO464,RD3_F6_m9f6_P9_Y3_UO3,RD5_F3_m2f3_P2_Y3_UO375,FXX,0,0.0,0,0,0.0,0,0,0,0.0,0.25,1,P5_CV0,1,1,1,1,1
3,4.20367802087489,4.955022315058112,R3_F3_m6f2_P6_Y4_UO171,RD6_F9_m6f2_P6_Y2_UO536,RD2_F3_m6f2_P6_Y2_UO156,FXX,1,0.0,1,1,1.0,0,0,0,-9999.0,0.5625,1,P5_CV0,1,0,2,0,2
3,4.20367802087489,4.955022315058112,R3_F3_m7f3_P7_Y4_UO174,RD7_F3_m2f3_P2_Y2_UO423,RD3_F6_m9f2_P9_Y2_UO375,MXY,1,0.0,1,1,0.0,0,0,0,-9999.0,0.25,1,P5_CV0,1,1,1,0,2
3,4.20367802087489,4.955022315058112,R3_F3_m6f3_P6_Y4_UO215,RD6_F2_m6f2_P6_Y2_UO534,RD3_F7_m4f7_P4_Y2_UO171,FXX,1,0.0,1,1,1.0,0,0,0,-9999.0,0.375,1,P5_CV0,1,2,0,1,1
3,4.20367802087489,4.955022315058112,R3_F3_m6f2_P6_Y4_UO1,RD6_F9_m2f3_P2_Y2_UO191,RD2_F5_m9f2_P9_Y0_UO114,MXY,1,0.0,1,1,0.0,0,0,0,-9999.0,0.625,1,P5_CV0,1,1,1,1,1
3,4.20367802087489,4.955022315058112,R3_F3_m7f4_P7_Y4_UO115,RD7_F3_m2f3_P2_Y2_UO423,RD4_F7_m4f8_P4_Y2_UO455,MXY,1,0.0,1,1,0.0,0,0,0,-9999.0,0.3125,1,P5_CV0,1,0,2,1,1
3,4.20367802087489,4.955022315058112,R3_F3_m2f6_P2_Y4_UO104,RD2_F9_m6f2_P6_Y2_UO499,RD6_F9_m6f2_P6_Y2_UO535,MXY,1,0.0,1,1,0.0,0,0,0,-9999.0,0.625,1,P5_CV0,1,2,0,2,0
3,4.20367802087489,4.955022315058112,R3_F3_m9f6_P9_Y3_UO3,RD9_F2_m9f6_P9_Y1_UO338,RD6_F9_m2f3_P2_Y1_UO260,FXX,2,0.0,1,0,1.0,0,0,0,-9999.0,0.375,1,P5_CV0,1,1,1,2,0
3,4.20367802087489,4.955022315058112,R3_F3_m6f3_P6_Y3_UO211,RD6_F9_m6f9_P6_Y1_UO379,RD3_F2_m9f6_P9_Y1_UO314,FXX,2,0.0,1,0,1.0,0,0,0,-9999.0,0.25,1,P5_CV0,1,1,1,0,2
3,4.20367802087489,4.955022315058112,Age0_F3_m3f6_P3_Y5_UO24,RD3_F7_m4f7_P4_Y3_UO438,RD6_F2_m9f2_P9_Y3_UO474,FXX,0,0.0,0,0,0.0,0,0,0,0.0,0.875,1,P6_CV0,1,2,0,1,1
3,4.20367802087489,4.955022315058112,Age0_F3_m3f6_P3_Y5_UO26,RD3_F7_m4f7_P4_Y3_UO438,RD6_F2_m9f2_P9_Y3_UO474,MXY,0,0.0,0,0,0.0,0,0,0,0.0,0.875,1,P6_CV0,1,2,0,1,1
3,4.20367802087489,4.955022315058112,Age0_F3_m3f7_P3_Y5_UO150,RD3_F7_m4f7_P4_Y3_UO438,RD7_F4_m8f4_P8_Y3_UO427,FXX,0,0.0,0,0,0.0,0,0,0,0.0,0.875,1,P6_CV0,1,2,0,2,0
3,4.20367802087489,4.955022315058112,Age0_F3_m3f7_P3_Y5_UO153,RD3_F7_m4f7_P4_Y3_UO438,RD7_F4_m8f4_P8_Y3_UO427,MXY,0,0.0,0,0,0.0,0,0,0,0.0,0.875,1,P6_CV0,1,2,0,2,0
3,4.20367802087489,4.955022315058112,Age0_F3_m3f7_P3_Y5_UO154,RD3_F7_m4f7_P4_Y3_UO438,RD7_F4_m8f4_P8_Y3_UO427,FXX,0,0.0,0,0,0.0,0,0,0,0.0,0.875,1,P6_CV0,1,2,0,1,1
3,4.20367802087489,4.955022315058112,Age0_F3_m3f6_P3_Y5_UO190,RD3_F7_m4f7_P4_Y3_UO438,RD6_F9_m9f2_P9_Y2_UO23,MXY,0,0.0,0,0,0.0,0,0,0,0.0,0.8125,1,P6_CV0,1,2,0,2,0
3,4.20367802087489,4.955022315058112,Age0_F3_m3f6_P3_Y5_UO191,RD3_F7_m4f7_P4_Y3_UO438,RD6_F9_m9f2_P9_Y2_UO23,FXX,0,0.0,0,0,0.0,0,0,0,0.0,0.8125,1,P6_CV0,1,1,1,2,0
3,4.20367802087489,4.955022315058112,Age0_F3_m3f6_P3_Y5_UO195,RD3_F7_m4f7_P4_Y3_UO438,RD6_F9_m9f2_P9_Y2_UO23,MXY,0,0.0,0,0,0.0,0,0,0,0.0,0.8125,1,P6_CV0,1,1,1,1,1
3,4.20367802087489,4.955022315058112,Age0_F3_m3f6_P3_Y5_UO196,RD3_F7_m4f7_P4_Y3_UO438,RD6_F9_m9f2_P9_Y2_UO23,FXX,0,0.0,0,0,0.0,0,0,0,0.0,0.8125,1,P6_CV0,1,2,0,1,1
3,4.20367802087489,4.955022315058112,Age0_F3_m3f6_P3_Y5_UO198,RD3_F7_m4f7_P4_Y3_UO438,RD6_F9_m9f2_P9_Y2_UO23,FXX,0,0.0,0,0,0.0,0,0,0,0.0,0.8125,1,P6_CV0,1,1,1,1,1
3,4.20367802087489,4.955022315058112,R3_F3_m2f3_P2_Y4_UO349,RD2_F3_m7f3_P7_Y2_UO11,RD3_F7_m4f7_P4_Y2_UO171,FXX,1,0.0,1,1,1.0,0,0,0,-9999.0,0.25,1,P6_CV0,1,1,1,1,1
3,4.20367802087489,4.955022315058112,R3_F3_m6f2_P6_Y4_UO275,RD6_F3_m2f6_P2_Y2_UO304,RD2_F6_m9f6_P9_Y2_UO114,MXY,1,0.0,1,1,0.0,0,0,0,-9999.0,0.5,1,P6_CV0,1,0,2,0,2
3,4.20367802087489,4.955022315058112,R3_F3_m7f4_P7_Y4_UO474,RD7_F3_m5f1_P5_Y2_UO283,RD4_F8_m4f7_P4_Y2_UO471,MXY,1,0.0,1,1,0.0,0,0,0,-9999.0,0.4375,1,P6_CV0,1,2,0,1,1
3,4.20367802087489,4.955022315058112,R3_F3_m4f7_P4_Y3_UO438,RD4_F8_m4f8_P4_Y1_UO520,RD7_F3_m7f3_P7_Y1_UO134,FXX,2,0.0,1,0,1.0,0,0,0,-9999.0,1.0,1,P6_CV0,1,2,0,2,0
3,4.20367802087489,4.955022315058112,Age0_F3_m3f7_P3_Y5_UO148,RD3_F7_m4f7_P4_Y3_UO438,RD7_F4_m8f4_P8_Y3_UO427,FXX,0,0.0,0,0,0.0,0,0,0,0.0,0.875,1,P8_CV0,1,2,0,1,1
3,4.20367802087489,4.955022315058112,Age0_F3_m3f7_P3_Y5_UO149,RD3_F7_m4f7_P4_Y3_UO438,RD7_F4_m8f4_P8_Y3_UO427,MXY,0,0.0,0,0,0.0,0,0,0,0.0,0.875,1,P8_CV0,1,2,0,1,1
3,4.20367802087489,4.955022315058112,Age0_F3_m3f7_P3_Y5_UO151,RD3_F7_m4f7_P4_Y3_UO438,RD7_F4_m8f4_P8_Y3_UO427,MXY,0,0.0,0,0,0.0,0,0,0,0.0,0.875,1,P8_CV0,1,2,0,1,1
3,4.20367802087489,4.955022315058112,Age0_F3_m3f7_P3_Y5_UO152,RD3_F7_m4f7_P4_Y3_UO438,RD7_F4_m8f4_P8_Y3_UO427,FXX,0,0.0,0,0,0.0,0,0,0,0.0,0.875,1,P8_CV0,1,2,0,2,0
3,4.20367802087489,4.955022315058112,Age0_F3_m3f7_P3_Y5_UO155,RD3_F7_m4f7_P4_Y3_UO438,RD7_F4_m8f4_P8_Y3_UO427,FXX,0,0.0,0,0,0.0,0,0,0,0.0,0.875,1,P8_CV0,1,2,0,2,0
3,4.20367802087489,4.955022315058112,Age0_F3_m3f6_P3_Y5_UO295,RD3_F2_m6f3_P6_Y3_UO211,RD6_F9_m2f6_P2_Y3_UO418,FXX,0,0.0,0,0,0.0,0,0,0,0.0,0.4375,1,P8_CV0,1,0,2,0,2
3,4.20367802087489,4.955022315058112,Age0_F3_m3f6_P3_Y5_UO297,RD3_F2_m6f3_P6_Y3_UO211,RD6_F9_m2f6_P2_Y3_UO418,MXY,0,0.0,0,0,0.0,0,0,0,0.0,0.4375,1,P8_CV0,1,0,2,0,2
3,4.20367802087489,4.955022315058112,Age0_F3_m3f6_P3_Y5_UO298,RD3_F2_m6f3_P6_Y3_UO211,RD6_F9_m2f6_P2_Y3_UO418,MXY,0,0.0,0,0,0.0,0,0,0,0.0,0.4375,1,P8_CV0,1,2,0,0,2
3,4.20367802087489,4.955022315058112,Age0_F3_m3f6_P3_Y5_UO299,RD3_F2_m6f3_P6_Y3_UO211,RD6_F9_m2f6_P2_Y3_UO418,FXX,0,0.0,0,0,0.0,0,0,0,0.0,0.4375,1,P8_CV0,1,0,2,0,2
3,4.20367802087489,4.955022315058112,Age0_F3_m3f6_P3_Y5_UO300,RD3_F2_m6f3_P6_Y3_UO211,RD6_F9_m2f6_P2_Y3_UO418,MXY,0,0.0,0,0,0.0,0,0,0,0.0,0.4375,1,P8_CV0,1,1,1,0,2
3,4.20367802087489,4.955022315058112,Age0_F3_m3f6_P3_Y5_UO302,RD3_F2_m6f3_P6_Y3_UO211,RD6_F9_m2f6_P2_Y3_UO418,MXY,0,0.0,0,0,0.0,0,0,0,0.0,0.4375,1,P8_CV0,1,1,1,1,1
3,4.20367802087489,4.955022315058112,Age0_F3_m3f6_P3_Y5_UO303,RD3_F2_m6f3_P6_Y3_UO211,RD6_F9_m2f6_P2_Y3_UO418,FXX,0,0.0,0,0,0.0,0,0,0,0.0,0.4375,1,P8_CV0,1,2,0,0,2
3,4.20367802087489,4.955022315058112,R3_F3_m7f4_P7_Y4_UO62,RD7_F3_m6f2_P6_Y2_UO337,RD4_F7_m3f2_P3_Y2_UO553,FXX,1,0.0,1,1,1.0,0,0,0,-9999.0,0.625,1,P8_CV0,1,0,2,0,2
3,4.20367802087489,4.955022315058112,R3_F3_m7f3_P7_Y4_UO484,RD7_F3_m6f2_P6_Y2_UO337,RD3_F5_m1f5_P1_Y2_UO349,MXY,1,0.0,1,1,0.0,0,0,0,-9999.0,0.625,1,P8_CV0,1,1,1,1,1
4,2.046486340378425,9.289064495259955,Age0_F4_m4f7_P4_Y5_UO17,RD4_F7_m3f5_P3_Y3_UO39,RD7_F4_m8f4_P8_Y3_UO68,FXX,0,0.0,0,0,0.0,0,0,0,0.0,0.75,1,P0_CV0,1,2,0,2,0
4,2.046486340378425,9.289064495259955,Age0_F4_m4f7_P4_Y5_UO19,RD4_F7_m3f5_P3_Y3_UO39,RD7_F4_m8f4_P8_Y3_UO68,FXX,0,0.0,0,0,0.0,0,0,0,0.0,0.75,1,P0_CV0,1,2,0,1,1
4,2.046486340378425,9.289064495259955,R4_F4_m3f5_P3_Y3_UO39,RD3_F5_m1f5_P1_Y1_UO358,RD5_F3_m5f3_P5_Y1_UO5,FXX,2,0.0,1,0,1.0,0,0,0,-9999.0,0.625,1,P0_CV0,1,1,1,2,0
4,2.046486340378425,9.289064495259955,Age0_F4_m4f7_P4_Y5_UO77,RD4_F8_m4f7_P4_Y3_UO431,RD7_F3_m5f3_P5_Y3_UO393,MXY,0,0.0,0,0,0.0,0,0,0,0.0,0.625,1,P1_CV0,1,1,1,2,0
4,2.046486340378425,9.289064495259955,Age0_F4_m4f7_P4_Y5_UO80,RD4_F8_m4f7_P4_Y3_UO431,RD7_F3_m5f3_P5_Y3_UO393,FXX,0,0.0,0,0,0.0,0,0,0,0.0,0.625,1,P1_CV0,1,2,0,2,0
4,2.046486340378425,9.289064495259955,Age0_F4_m4f7_P4_Y5_UO82,RD4_F8_m4f7_P4_Y3_UO431,RD7_F3_m5f3_P5_Y3_UO393,MXY,0,0.0,0,0,0.0,0,0,0,0.0,0.625,1,P1_CV0,1,2,0,2,0
4,2.046486340378425,9.289064495259955,Age0_F4_m4f7_P4_Y5_UO348,RD4_F8_m4f7_P4_Y3_UO159,RD7_F3_m2f5_P2_Y3_UO23,FXX,0,0.0,0,0,0.0,0,0,0,0.0,0.4375,1,P1_CV0,1,0,2,1,1
4,2.046486340378425,9.289064495259955,Age0_F4_m4f8_P4_Y5_UO371,RD4_F8_m4f7_P4_Y3_UO49,RD8_F4_m3f7_P3_Y2_UO513,FXX,0,0.0,0,0,0.0,0,0,0,0.0,0.6875,1,P1_CV0,1,1,1,1,1
4,2.046486340378425,9.289064495259955,Age0_F4_m4f7_P4_Y5_UO408,RD4_F8_m4f7_P4_Y3_UO512,RD7_F3_m2f5_P2_Y3_UO23,FXX,0,0.0,0,0,0.0,0,0,0,0.0,0.5625,1,P1_CV0,1,0,2,0,2
4,2.046486340378425,9.289064495259955,Age0_F4_m4f8_P4_Y5_UO457,RD4_F8_m4f7_P4_Y3_UO266,RD8_F4_m3f7_P3_Y2_UO513,MXY,0,0.0,0,0,0.0,0,0,0,0.0,0.5,1,P1_CV0,1,1,1,2,0
4,2.046486340378425,9.289064495259955,Age0_F4_m4f7_P4_Y5_UO474,RD4_F8_m4f7_P4_Y3_UO431,RD7_F3_m2f5_P2_Y3_UO23,FXX,0,0.0,0,0,0.0,0,0,0,0.0,0.5625,1,P1_CV0,1,1,1,1,1
4,2.046486340378425,9.289064495259955,Age0_F4_m4f7_P4_Y5_UO475,RD4_F8_m4f7_P4_Y3_UO431,RD7_F3_m2f5_P2_Y3_UO23,MXY,0,0.0,0,0,0.0,0,0,0,0.0,0.5625,1,P1_CV0,1,1,1,1,1
4,2.046486340378425,9.289064495259955,Age0_F4_m4f7_P4_Y5_UO476,RD4_F8_m4f7_P4_Y3_UO431,RD7_F3_m2f5_P2_Y3_UO23,FXX,0,0.0,0,0,0.0,0,0,0,0.0,0.5625,1,P1_CV0,1,1,1,2,0
4,2.046486340378425,9.289064495259955,Age0_F4_m4f7_P4_Y5_UO477,RD4_F8_m4f7_P4_Y3_UO431,RD7_F3_m2f5_P2_Y3_UO23,MXY,0,0.0,0,0,0.0,0,0,0,0.0,0.5625,1,P1_CV0,1,1,1,1,1
4,2.046486340378425,9.289064495259955,Age0_F4_m4f8_P4_Y5_UO0,RD4_F8_m4f7_P4_Y3_UO203,RD8_F4_m8f4_P8_Y3_UO413,MXY,0,0.0,0,0,0.0,0,0,0,0.0,0.625,1,P2_CV0,1,1,1,2,0
4,2.046486340378425,9.289064495259955,Age0_F4_m4f7_P4_Y5_UO78,RD4_F8_m4f7_P4_Y3_UO431,RD7_F3_m5f3_P5_Y3_UO393,MXY,0,0.0,0,0,0.0,0,0,0,0.0,0.625,1,P2_CV0,1,1,1,2,0
4,2.046486340378425,9.289064495259955,Age0_F4_m4f7_P4_Y5_UO79,RD4_F8_m4f7_P4_Y3_UO431,RD7_F3_m5f3_P5_Y3_UO393,MXY,0,0.0,0,0,0.0,0,0,0,0.0,0.625,1,P2_CV0,1,2,0,2,0
4,2.046486340378425,9.289064495259955,Age0_F4_m4f7_P4_Y5_UO81,RD4_F8_m4f7_P4_Y3_UO431,RD7_F3_m5f3_P5_Y3_UO393,FXX,0,0.0,0,0,0.0,0,0,0,0.0,0.625,1,P2_CV0,1,2,0,2,0
4,2.046486340378425,9.289064495259955,Age0_F4_m4f7_P4_Y5_UO235,RD4_F7_m4f8_P4_Y3_UO433,RD7_F4_m8f4_P8_Y3_UO234,MXY,0,0.0,0,0,0.0,0,0,0,0.0,0.5,1,P2_CV0,1,2,0,1,1
4,2.046486340378425,9.289064495259955,Age0_F4_m4f7_P4_Y5_UO237,RD4_F7_m4f8_P4_Y3_UO433,RD7_F4_m8f4_P8_Y3_UO234,FXX,0,0.0,0,0,0.0,0,0,0,0.0,0.5,1,P2_CV0,1,2,0,1,1
4,2.046486340378425,9.289064495259955,Age0_F4_m4f7_P4_Y5_UO386,RD4_F8_m4f7_P4_Y3_UO431,RD7_F3_m1f5_P1_Y2_UO184,FXX,0,0.0,0,0,0.0,0,0,0,0.0,0.625,1,P2_CV0,1,1,1,2,0
4,2.046486340378425,9.289064495259955,Age0_F4_m4f7_P4_Y5_UO387,RD4_F8_m4f7_P4_Y3_UO431,RD7_F3_m1f5_P1_Y2_UO184,FXX,0,0.0,0,0,0.0,0,0,0,0.0,0.625,1,P2_CV0,1,1,1,1,1
4,2.046486340378425,9.289064495259955,Age0_F4_m4f7_P4_Y5_UO388,RD4_F8_m4f7_P4_Y3_UO431,RD7_F3_m1f5_P1_Y2_UO184,FXX,0,0.0,0,0,0.0,0,0,0,0.0,0.625,1,P2_CV0,1,1,1,1,1
4,2.046486340378425,9.289064495259955,Age0_F4_m4f7_P4_Y5_UO389,RD4_F8_m4f7_P4_Y3_UO431,RD7_F3_m1f5_P1_Y2_UO184,FXX,0,0.0,0,0,0.0,0,0,0,0.0,0.625,1,P2_CV0,1,1,1,1,1
4,2.046486340378425,9.289064495259955,Age0_F4_m4f7_P4_Y5_UO390,RD4_F8_m4f7_P4_Y3_UO431,RD7_F3_m1f5_P1_Y2_UO184,MXY,0,0.0,0,0,0.0,0,0,0,0.0,0.625,1,P2_CV0,1,1,1,2,0
4,2.046486340378425,9.289064495259955,Age0_F4_m4f8_P4_Y5_UO404,RD4_F7_m4f8_P4_Y3_UO433,RD8_F4_m8f4_P8_Y3_UO73,MXY,0,0.0,0,0,0.0,0,0,0,0.0,0.75,1,P2_CV0,1,2,0,0,2
4,2.046486340378425,9.289064495259955,Age0_F4_m4f8_P4_Y5_UO405,RD4_F7_m4f8_P4_Y3_UO433,RD8_F4_m8f4_P8_Y3_UO73,FXX,0,0.0,0,0,0.0,0,0,0,0.0,0.75,1,P2_CV0,1,2,0,1,1
4,2.046486340378425,9.289064495259955,Age0_F4_m4f7_P4_Y5_UO410,RD4_F8_m4f7_P4_Y3_UO266,RD7_F3_m1f5_P1_Y2_UO184,FXX,0,0.0,0,0,0.0,0,0,0,0.0,0.375,1,P2_CV0,1,0,2,2,0
4,2.046486340378425,9.289064495259955,Age0_F4_m4f7_P4_Y5_UO412,RD4_F8_m4f7_P4_Y3_UO266,RD7_F3_m1f5_P1_Y2_UO184,MXY,0,0.0,0,0,0.0,0,0,0,0.0,0.375,1,P2_CV0,1,0,2,1,1
4,2.046486340378425,9.289064495259955,Age0_F4_m4f7_P4_Y5_UO413,RD4_F8_m4f7_P4_Y3_UO266,RD7_F3_m1f5_P1_Y2_UO184,MXY,0,0.0,0,0,0.0,0,0,0,0.0,0.375,1,P2_CV0,1,0,2,1,1
4,2.046486340378425,9.289064495259955,Age0_F4_m4f7_P4_Y5_UO478,RD4_F8_m4f7_P4_Y3_UO431,RD7_F3_m2f5_P2_Y3_UO23,MXY,0,0.0,0,0,0.0,0,0,0,0.0,0.5625,1,P2_CV0,1,1,1,2,0
4,2.046486340378425,9.289064495259955,Age0_F4_m4f8_P4_Y5_UO39,RD4_F8_m4f7_P4_Y3_UO199,RD8_F4_m8f4_P8_Y3_UO413,FXX,0,0.0,0,0,0.0,0,0,0,0.0,0.625,1,P3_CV0,1,2,0,0,2
4,2.046486340378425,9.289064495259955,Age0_F4_m4f8_P4_Y5_UO40,RD4_F8_m4f7_P4_Y3_UO199,RD8_F4_m8f4_P8_Y3_UO413,MXY,0,0.0,0,0,0.0,0,0,0,0.0,0.625,1,P3_CV0,1,2,0,1,1
4,2.046486340378425,9.289064495259955,Age0_F4_m4f8_P4_Y5_UO94,RD4_F8_m4f7_P4_Y3_UO201,RD8_F4_m8f4_P8_Y3_UO413,MXY,0,0.0,0,0,0.0,0,0,0,0.0,0.625,1,P3_CV0,1,1,1,1,1
4,2.046486340378425,9.289064495259955,Age0_F4_m4f8_P4_Y5_UO141,RD4_F7_m4f7_P4_Y3_UO498,RD8_F4_m8f4_P8_Y3_UO75,MXY,0,0.0,0,0,0.0,0,0,0,0.0,0.6875,1,P3_CV0,1,2,0,0,2
4,2.046486340378425,9.289064495259955,Age0_F4_m4f8_P4_Y5_UO142,RD4_F7_m4f7_P4_Y3_UO498,RD8_F4_m8f4_P8_Y3_UO75,FXX,0,0.0,0,0,0.0,0,0,0,0.0,0.6875,1,P3_CV0,1,2,0,0,2
4,2.046486340378425,9.289064495259955,Age0_F4_m4f7_P4_Y5_UO257,RD4_F8_m4f7_P4_Y3_UO512,RD7_F4_m7f4_P7_Y1_UO406,FXX,0,0.0,0,0,0.0,0,0,0,0.0,0.5625,1,P3_CV0,1,1,1,0,2
4,2.046486340378425,9.289064495259955,Age0_F4_m4f7_P4_Y5_UO258,RD4_F8_m4f7_P4_Y3_UO512,RD7_F4_m7f4_P7_Y1_UO406,FXX,0,0.0,0,0,0.0,0,0,0,0.0,0.5625,1,P3_CV0,1,1,1,1,1
4,2.046486340378425,9.289064495259955,Age0_F4_m4f7_P4_Y5_UO260,RD4_F8_m4f7_P4_Y3_UO512,RD7_F4_m7f4_P7_Y1_UO406,FXX,0,0.0,0,0,0.0,0,0,0,0.0,0.5625,1,P3_CV0,1,2,0,0,2
4,2.046486340378425,9.289064495259955,Age0_F4_m4f8_P4_Y5_UO318,RD4_F8_m4f7_P4_Y3_UO159,RD8_F4_m8f4_P8_Y3_UO73,FXX,0,0.0,0,0,0.0,0,0,0,0.0,0.75,1,P3_CV0,1,1,1,1,1
4,2.046486340378425,9.289064495259955,Age0_F4_m4f8_P4_Y5_UO319,RD4_F8_m4f7_P4_Y3_UO159,RD8_F4_m8f4_P8_Y3_UO73,FXX,0,0.0,0,0,0.0,0,0,0,0.0,0.75,1,P3_CV0,1,1,1,0,2
4,2.046486340378425,9.289064495259955,Age0_F4_m4f8_P4_Y5_UO320,RD4_F8_m4f7_P4_Y3_UO159,RD8_F4_m8f4_P8_Y3_UO73,FXX,0,0.0,0,0,0.0,0,0,0,0.0,0.75,1,P3_CV0,1,1,1,1,1
4,2.046486340378425,9.289064495259955,Age0_F4_m4f7_P4_Y5_UO330,RD4_F8_m4f7_P4_Y3_UO199,RD7_F3_m1f5_P1_Y2_UO184,MXY,0,0.0,0,0,0.0,0,0,0,0.0,0.625,1,P3_CV0,1,1,1,0,2
4,2.046486340378425,9.289064495259955,Age0_F4_m4f7_P4_Y5_UO331,RD4_F8_m4f7_P4_Y3_UO199,RD7_F3_m1f5_P1_Y2_UO184,MXY,0,0.0,0,0,0.0,0,0,0,0.0,0.625,1,P3_CV0,1,1,1,1,1
4,2.046486340378425,9.289064495259955,Age0_F4_m4f7_P4_Y5_UO332,RD4_F8_m4f7_P4_Y3_UO199,RD7_F3_m1f5_P1_Y2_UO184,FXX,0,0.0,0,0,0.0,0,0,0,0.0,0.625,1,P3_CV0,1,1,1,0,2
4,2.046486340378425,9.289064495259955,Age0_F4_m4f7_P4_Y5_UO346,RD4_F8_m4f7_P4_Y3_UO159,RD7_F3_m2f5_P2_Y3_UO23,FXX,0,0.0,0,0,0.0,0,0,0,0.0,0.4375,1,P3_CV0,1,0,2,0,2
4,2.046486340378425,9.289064495259955,Age0_F4_m4f7_P4_Y5_UO347,RD4_F8_m4f7_P4_Y3_UO159,RD7_F3_m2f5_P2_Y3_UO23,FXX,0,0.0,0,0,0.0,0,0,0,0.0,0.4375,1,P3_CV0,1,0,2,0,2
4,2.046486340378425,9.289064495259955,Age0_F4_m4f8_P4_Y5_UO369,RD4_F8_m4f7_P4_Y3_UO49,RD8_F4_m3f7_P3_Y2_UO513,MXY,0,0.0,0,0,0.0,0,0,0,0.0,0.6875,1,P3_CV0,1,0,2,1,1
4,2.046486340378425,9.289064495259955,Age0_F4_m4f8_P4_Y5_UO370,RD4_F8_m4f7_P4_Y3_UO49,RD8_F4_m3f7_P3_Y2_UO513,MXY,0,0.0,0,0,0.0,0,0,0,0.0,0.6875,1,P3_CV0,1,0,2,1,1
4,2.046486340378425,9.289064495259955,Age0_F4_m4f7_P4_Y5_UO406,RD4_F8_m4f7_P4_Y3_UO512,RD7_F3_m2f5_P2_Y3_UO23,FXX,0,0.0,0,0,0.0,0,0,0,0.0,0.5625,1,P3_CV0,1,1,1,0,2
4,2.046486340378425,9.289064495259955,Age0_F4_m4f7_P4_Y5_UO407,RD4_F8_m4f7_P4_Y3_UO512,RD7_F3_m2f5_P2_Y3_UO23,MXY,0,0.0,0,0,0.0,0,0,0,0.0,0.5625,1,P3_CV0,1,1,1,0,2
4,2.046486340378425,9.289064495259955,Age0_F4_m4f7_P4_Y5_UO409,RD4_F8_m4f7_P4_Y3_UO512,RD7_F3_m2f5_P2_Y3_UO23,FXX,0,0.0,0,0,0.0,0,0,0,0.0,0.5625,1,P3_CV0,1,0,2,1,1
4,2.046486340378425,9.289064495259955,Age0_F4_m4f8_P4_Y5_UO472,RD4_F7_m4f7_P4_Y3_UO50,RD8_F4_m8f4_P8_Y3_UO75,FXX,0,0.0,0,0,0.0,0,0,0,0.0,0.8125,1,P3_CV0,1,1,1,0,2
4,2.046486340378425,9.289064495259955,R4_F4_m4f7_P4_Y3_UO358,RD4_F7_m3f5_P3_Y1_UO450,RD7_F4_m4f7_P4_Y0_UO493,MXY,2,0.0,1,0,0.0,0,0,0,-9999.0,0.75,1,P3_CV0,1,2,0,0,2
4,2.046486340378425,9.289064495259955,R4_F4_m4f7_P4_Y3_UO201,RD4_F8_m4f7_P4_Y1_UO354,RD7_F4_m4f7_P4_Y0_UO493,FXX,2,0.0,1,0,1.0,0,0,0,-9999.0,0.875,1,P3_CV0,1,2,0,0,2
4,2.046486340378425,9.289064495259955,R4_F4_m4f7_P4_Y3_UO49,RD4_F8_m4f8_P4_Y1_UO487,RD7_F4_m4f7_P4_Y0_UO493,FXX,2,0.0,1,0,1.0,0,0,0,-9999.0,0.75,1,P3_CV0,1,1,1,0,2
4,2.046486340378425,9.289064495259955,R4_F4_m4f7_P4_Y3_UO52,RD4_F8_m4f8_P4_Y1_UO487,RD7_F4_m4f7_P4_Y0_UO493,FXX,2,0.0,1,0,1.0,0,0,0,-9999.0,0.75,1,P3_CV0,1,2,0,0,2
4,2.046486340378425,9.289064495259955,R4_F4_m4f8_P4_Y1_UO285,RD4_F7_m-1f-1_P7_Y-1_U44,RD8_F4_m-1f-1_P4_Y-1_U56,MXY,4,0.0,1,0,0.0,0,0,0,-9999.0,0.5,1,P3_CV0,1,1,1,2,0
4,2.046486340378425,9.289064495259955,R4_F4_m7f4_P7_Y4_UO472,RD7_F3_m5f1_P5_Y2_UO283,RD4_F8_m4f7_P4_Y2_UO471,MXY,1,0.0,1,1,0.0,0,0,0,-9999.0,0.4375,1,P4_CV0,1,2,0,1,1
4,2.046486340378425,9.289064495259955,R4_F4_m6f2_P6_Y2_UO342,RD6_F3_m5f1_P5_Y0_UO259,RD2_F5_m2f9_P2_Y0_UO512,MXY,3,0.0,1,0,0.0,0,0,0,-9999.0,0.75,1,P4_CV0,1,1,1,1,1
4,2.046486340378425,9.289064495259955,Age0_F4_m4f8_P4_Y5_UO140,RD4_F7_m4f7_P4_Y3_UO498,RD8_F4_m8f4_P8_Y3_UO75,MXY,0,0.0,0,0,0.0,0,0,0,0.0,0.6875,1,P5_CV0,1,2,0,1,1
4,2.046486340378425,9.289064495259955,Age0_F4_m4f8_P4_Y5_UO143,RD4_F7_m4f7_P4_Y3_UO498,RD8_F4_m8f4_P8_Y3_UO75,MXY,0,0.0,0,0,0.0,0,0,0,0.0,0.6875,1,P5_CV0,1,2,0,0,2
4,2.046486340378425,9.289064495259955,Age0_F4_m4f8_P4_Y5_UO473,RD4_F7_m4f7_P4_Y3_UO50,RD8_F4_m8f4_P8_Y3_UO75,MXY,0,0.0,0,0,0.0,0,0,0,0.0,0.8125,1,P5_CV0,1,2,0,1,1
4,2.046486340378425,9.289064495259955,R4_F4_m7f3_P7_Y4_UO43,RD7_F3_m5f1_P5_Y2_UO277,RD3_F6_m3f2_P3_Y2_UO264,MXY,1,0.0,1,1,0.0,0,0,0,-9999.0,0.3125,1,P5_CV0,1,0,2,0,2
4,2.046486340378425,9.289064495259955,Age0_F4_m4f7_P4_Y5_UO18,RD4_F7_m3f5_P3_Y3_UO39,RD7_F4_m8f4_P8_Y3_UO68,MXY,0,0.0,0,0,0.0,0,0,0,0.0,0.75,1,P6_CV0,1,2,0,2,0
4,2.046486340378425,9.289064495259955,Age0_F4_m4f8_P4_Y5_UO108,RD4_F8_m4f7_P4_Y3_UO429,RD8_F4_m8f4_P8_Y3_UO413,FXX,0,0.0,0,0,0.0,0,0,0,0.0,0.5625,1,P6_CV0,1,2,0,1,1
4,2.046486340378425,9.289064495259955,Age0_F4_m4f8_P4_Y5_UO110,RD4_F8_m4f7_P4_Y3_UO429,RD8_F4_m8f4_P8_Y3_UO413,MXY,0,0.0,0,0,0.0,0,0,0,0.0,0.5625,1,P6_CV0,1,2,0,2,0
4,2.046486340378425,9.289064495259955,Age0_F4_m4f8_P4_Y5_UO111,RD4_F8_m4f7_P4_Y3_UO429,RD8_F4_m8f4_P8_Y3_UO413,FXX,0,0.0,0,0,0.0,0,0,0,0.0,0.5625,1,P6_CV0,1,2,0,1,1
4,2.046486340378425,9.289064495259955,Age0_F4_m4f8_P4_Y5_UO112,RD4_F8_m4f7_P4_Y3_UO429,RD8_F4_m8f4_P8_Y3_UO413,FXX,0,0.0,0,0,0.0,0,0,0,0.0,0.5625,1,P6_CV0,1,2,0,1,1
4,2.046486340378425,9.289064495259955,Age0_F4_m4f7_P4_Y5_UO236,RD4_F7_m4f8_P4_Y3_UO433,RD7_F4_m8f4_P8_Y3_UO234,FXX,0,0.0,0,0,0.0,0,0,0,0.0,0.5,1,P6_CV0,1,1,1,1,1
4,2.046486340378425,9.289064495259955,Age0_F4_m4f7_P4_Y5_UO238,RD4_F7_m4f8_P4_Y3_UO433,RD7_F4_m8f4_P8_Y3_UO234,FXX,0,0.0,0,0,0.0,0,0,0,0.0,0.5,1,P6_CV0,1,1,1,1,1
4,2.046486340378425,9.289064495259955,Age0_F4_m4f7_P4_Y5_UO322,RD4_F8_m4f8_P4_Y3_UO246,RD7_F4_m8f4_P8_Y3_UO68,MXY,0,0.0,0,0,0.0,0,0,0,0.0,0.625,1,P6_CV0,1,2,0,2,0
4,2.046486340378425,9.289064495259955,Age0_F4_m4f8_P4_Y5_UO327,RD4_F8_m4f8_P4_Y3_UO59,RD8_F4_m8f4_P8_Y3_UO73,MXY,0,0.0,0,0,0.0,0,0,0,0.0,0.625,1,P6_CV0,1,2,0,2,0
4,2.046486340378425,9.289064495259955,Age0_F4_m4f8_P4_Y5_UO328,RD4_F8_m4f8_P4_Y3_UO59,RD8_F4_m8f4_P8_Y3_UO73,FXX,0,0.0,0,0,0.0,0,0,0,0.0,0.625,1,P6_CV0,1,1,1,2,0
4,2.046486340378425,9.289064495259955,Age0_F4_m4f8_P4_Y5_UO329,RD4_F8_m4f8_P4_Y3_UO59,RD8_F4_m8f4_P8_Y3_UO73,MXY,0,0.0,0,0,0.0,0,0,0,0.0,0.625,1,P6_CV0,1,2,0,2,0
4,2.046486340378425,9.289064495259955,Age0_F4_m4f7_P4_Y5_UO366,RD4_F8_m4f7_P4_Y3_UO49,RD7_F4_m8f4_P8_Y3_UO234,MXY,0,0.0,0,0,0.0,0,0,0,0.0,0.5625,1,P6_CV0,1,1,1,1,1
4,2.046486340378425,9.289064495259955,Age0_F4_m4f7_P4_Y5_UO367,RD4_F8_m4f7_P4_Y3_UO49,RD7_F4_m8f4_P8_Y3_UO234,MXY,0,0.0,0,0,0.0,0,0,0,0.0,0.5625,1,P6_CV0,1,1,1,1,1
4,2.046486340378425,9.289064495259955,Age0_F4_m4f7_P4_Y5_UO368,RD4_F8_m4f7_P4_Y3_UO49,RD7_F4_m8f4_P8_Y3_UO234,MXY,0,0.0,0,0,0.0,0,0,0,0.0,0.5625,1,P6_CV0,1,0,2,1,1
4,2.046486340378425,9.289064495259955,Age0_F4_m4f7_P4_Y5_UO411,RD4_F8_m4f7_P4_Y3_UO266,RD7_F3_m1f5_P1_Y2_UO184,FXX,0,0.0,0,0,0.0,0,0,0,0.0,0.375,1,P6_CV0,1,0,2,1,1
4,2.046486340378425,9.289064495259955,Age0_F4_m4f8_P4_Y5_UO453,RD4_F8_m4f7_P4_Y3_UO435,RD8_F4_m7f4_P7_Y3_UO303,FXX,0,0.0,0,0,0.0,0,0,0,0.0,0.75,1,P6_CV0,1,1,1,2,0
4,2.046486340378425,9.289064495259955,Age0_F4_m4f8_P4_Y5_UO454,RD4_F8_m4f7_P4_Y3_UO435,RD8_F4_m7f4_P7_Y3_UO303,FXX,0,0.0,0,0,0.0,0,0,0,0.0,0.75,1,P6_CV0,1,1,1,2,0
4,2.046486340378425,9.289064495259955,Age0_F4_m4f8_P4_Y5_UO455,RD4_F8_m4f7_P4_Y3_UO266,RD8_F4_m3f7_P3_Y2_UO513,MXY,0,0.0,0,0,0.0,0,0,0,0.0,0.5,1,P6_CV0,1,0,2,2,0
4,2.046486340378425,9.289064495259955,Age0_F4_m4f8_P4_Y5_UO456,RD4_F8_m4f7_P4_Y3_UO266,RD8_F4_m3f7_P3_Y2_UO513,FXX,0,0.0,0,0,0.0,0,0,0,0.0,0.5,1,P6_CV0,1,1,1,0,2
4,2.046486340378425,9.289064495259955,Age0_F4_m4f7_P4_Y5_UO522,RD4_F8_m4f7_P4_Y3_UO435,RD7_F4_m8f4_P8_Y3_UO427,FXX,0,0.0,0,0,0.0,0,0,0,0.0,0.875,1,P6_CV0,1,2,0,1,1
4,2.046486340378425,9.289064495259955,Age0_F4_m4f8_P4_Y5_UO1,RD4_F8_m4f7_P4_Y3_UO203,RD8_F4_m8f4_P8_Y3_UO413,MXY,0,0.0,0,0,0.0,0,0,0,0.0,0.625,1,P7_CV0,1,2,0,2,0
4,2.046486340378425,9.289064495259955,Age0_F4_m4f8_P4_Y5_UO2,RD4_F8_m4f7_P4_Y3_UO203,RD8_F4_m8f4_P8_Y3_UO413,MXY,0,0.0,0,0,0.0,0,0,0,0.0,0.625,1,P7_CV0,1,1,1,0,2
4,2.046486340378425,9.289064495259955,Age0_F4_m4f8_P4_Y5_UO3,RD4_F8_m4f7_P4_Y3_UO203,RD8_F4_m8f4_P8_Y3_UO413,FXX,0,0.0,0,0,0.0,0,0,0,0.0,0.625,1,P7_CV0,1,2,0,1,1
4,2.046486340378425,9.289064495259955,Age0_F4_m4f8_P4_Y5_UO93,RD4_F8_m4f7_P4_Y3_UO201,RD8_F4_m8f4_P8_Y3_UO413,MXY,0,0.0,0,0,0.0,0,0,0,0.0,0.625,1,P7_CV0,1,1,1,1,1
4,2.046486340378425,9.289064495259955,Age0_F4_m4f8_P4_Y5_UO109,RD4_F8_m4f7_P4_Y3_UO429,RD8_F4_m8f4_P8_Y3_UO413,MXY,0,0.0,0,0,0.0,0,0,0,0.0,0.5625,1,P7_CV0,1,2,0,1,1
4,2.046486340378425,9.289064495259955,Age0_F4_m4f7_P4_Y5_UO259,RD4_F8_m4f7_P4_Y3_UO512,RD7_F4_m7f4_P7_Y1_UO406,MXY,0,0.0,0,0,0.0,0,0,0,0.0,0.5625,1,P7_CV0,1,1,1,0,2
4,2.046486340378425,9.289064495259955,Age0_F4_m4f7_P4_Y5_UO321,RD4_F8_m4f8_P4_Y3_UO246,RD7_F4_m8f4_P8_Y3_UO68,MXY,0,0.0,0,0,0.0,0,0,0,0.0,0.625,1,P7_CV0,1,2,0,1,1
4,2.046486340378425,9.289064495259955,Age0_F4_m4f7_P4_Y5_UO323,RD4_F8_m4f8_P4_Y3_UO246,RD7_F4_m8f4_P8_Y3_UO68,MXY,0,0.0,0,0,0.0,0,0,0,0.0,0.625,1,P7_CV0,1,1,1,1,1
4,2.046486340378425,9.289064495259955,Age0_F4_m4f7_P4_Y5_UO324,RD4_F8_m4f8_P4_Y3_UO246,RD7_F4_m8f4_P8_Y3_UO68,FXX,0,0.0,0,0,0.0,0,0,0,0.0,0.625,1,P7_CV0,1,2,0,1,1
4,2.046486340378425,9.289064495259955,Age0_F4_m4f7_P4_Y5_UO325,RD4_F8_m4f8_P4_Y3_UO246,RD7_F4_m8f4_P8_Y3_UO68,FXX,0,0.0,0,0,0.0,0,0,0,0.0,0.625,1,P7_CV0,1,2,0,2,0
4,2.046486340378425,9.289064495259955,Age0_F4_m4f8_P4_Y5_UO326,RD4_F8_m4f8_P4_Y3_UO59,RD8_F4_m8f4_P8_Y3_UO73,MXY,0,0.0,0,0,0.0,0,0,0,0.0,0.625,1,P7_CV0,1,1,1,0,2
4,2.046486340378425,9.289064495259955,Age0_F4_m4f8_P4_Y5_UO451,RD4_F8_m4f7_P4_Y3_UO435,RD8_F4_m7f4_P7_Y3_UO303,FXX,0,0.0,0,0,0.0,0,0,0,0.0,0.75,1,P8_CV0,1,1,1,2,0
4,2.046486340378425,9.289064495259955,Age0_F4_m4f8_P4_Y5_UO452,RD4_F8_m4f7_P4_Y3_UO435,RD8_F4_m7f4_P7_Y3_UO303,FXX,0,0.0,0,0,0.0,0,0,0,0.0,0.75,1,P8_CV0,1,1,1,2,0
4,2.046486340378425,9.289064495259955,Age0_F4_m4f7_P4_Y5_UO521,RD4_F8_m4f7_P4_Y3_UO435,RD7_F4_m8f4_P8_Y3_UO427,FXX,0,0.0,0,0,0.0,0,0,0,0.0,0.875,1,P8_CV0,1,2,0,1,1
4,2.046486340378425,9.289064495259955,Age0_F4_m4f7_P4_Y5_UO523,RD4_F8_m4f7_P4_Y3_UO435,RD7_F4_m8f4_P8_Y3_UO427,MXY,0,0.0,0,0,0.0,0,0,0,0.0,0.875,1,P8_CV0,1,2,0,1,1
4,2.046486340378425,9.289064495259955,Age0_F4_m4f7_P4_Y5_UO524,RD4_F8_m4f7_P4_Y3_UO435,RD7_F4_m8f4_P8_Y3_UO427,FXX,0,0.0,0,0,0.0,0,0,0,0.0,0.875,1,P8_CV0,1,2,0,0,2
5,2.9965467367452314,4.002409126542999,Age0_F5_m5f3_P5_Y5_UO125,RD5_F1_m5f3_P5_Y3_UO91,RD3_F6_m2f3_P2_Y3_UO441,FXX,0,0.0,0,0,0.0,0,0,0,0.0,0.75,1,P0_CV0,1,2,0,2,0
5,2.9965467367452314,4.002409126542999,Age0_F5_m5f3_P5_Y5_UO128,RD5_F1_m5f3_P5_Y3_UO91,RD3_F6_m2f3_P2_Y3_UO441,MXY,0,0.0,0,0,0.0,0,0,0,0.0,0.75,1,P0_CV0,1,2,0,1,1
5,2.9965467367452314,4.002409126542999,Age0_F5_m5f3_P5_Y5_UO129,RD5_F1_m5f3_P5_Y3_UO91,RD3_F6_m2f3_P2_Y3_UO441,FXX,0,0.0,0,0,0.0,0,0,0,0.0,0.75,1,P0_CV0,1,2,0,1,1
5,2.9965467367452314,4.002409126542999,Age0_F5_m5f1_P5_Y5_UO261,RD5_F1_m5f3_P5_Y3_UO91,RD1_F5_m1f5_P1_Y3_UO490,MXY,0,0.0,0,0,0.0,0,0,0,0.0,0.5625,1,P0_CV0,1,1,1,2,0
5,2.9965467367452314,4.002409126542999,Age0_F5_m5f1_P5_Y5_UO262,RD5_F1_m5f3_P5_Y3_UO91,RD1_F5_m1f5_P1_Y3_UO490,MXY,0,0.0,0,0,0.0,0,0,0,0.0,0.5625,1,P0_CV0,1,2,0,2,0
5,2.9965467367452314,4.002409126542999,Age0_F5_m5f1_P5_Y5_UO263,RD5_F1_m5f3_P5_Y3_UO91,RD1_F5_m1f5_P1_Y3_UO490,MXY,0,0.0,0,0,0.0,0,0,0,0.0,0.5625,1,P0_CV0,1,2,0,2,0
5,2.9965467367452314,4.002409126542999,Age0_F5_m5f1_P5_Y5_UO264,RD5_F1_m5f3_P5_Y3_UO91,RD1_F5_m1f5_P1_Y3_UO490,MXY,0,0.0,0,0,0.0,0,0,0,0.0,0.5625,1,P0_CV0,1,1,1,1,1
5,2.9965467367452314,4.002409126542999,Age0_F5_m5f1_P5_Y5_UO265,RD5_F1_m5f3_P5_Y3_UO91,RD1_F5_m1f5_P1_Y3_UO490,MXY,0,0.0,0,0,0.0,0,0,0,0.0,0.5625,1,P0_CV0,1,1,1,2,0
5,2.9965467367452314,4.002409126542999,Age0_F5_m5f1_P5_Y5_UO383,RD5_F1_m5f3_P5_Y3_UO88,RD1_F5_m1f5_P1_Y3_UO163,FXX,0,0.0,0,0,0.0,0,0,0,0.0,0.75,1,P0_CV0,1,1,1,1,1
5,2.9965467367452314,4.002409126542999,Age0_F5_m5f1_P5_Y5_UO384,RD5_F1_m5f3_P5_Y3_UO88,RD1_F5_m1f5_P1_Y3_UO163,FXX,0,0.0,0,0,0.0,0,0,0,0.0,0.75,1,P0_CV0,1,1,1,1,1
5,2.9965467367452314,4.002409126542999,Age0_F5_m5f1_P5_Y5_UO414,RD5_F1_m5f3_P5_Y3_UO91,RD1_F5_m1f5_P1_Y3_UO490,FXX,0,0.0,0,0,0.0,0,0,0,0.0,0.5625,1,P0_CV0,1,1,1,1,1
5,2.9965467367452314,4.002409126542999,Age0_F5_m5f1_P5_Y5_UO415,RD5_F1_m5f3_P5_Y3_UO91,RD1_F5_m1f5_P1_Y3_UO490,MXY,0,0.0,0,0,0.0,0,0,0,0.0,0.5625,1,P0_CV0,1,1,1,1,1
5,2.9965467367452314,4.002409126542999,Age0_F5_m5f1_P5_Y5_UO416,RD5_F1_m5f3_P5_Y3_UO91,RD1_F5_m1f5_P1_Y3_UO490,FXX,0,0.0,0,0,0.0,0,0,0,0.0,0.5625,1,P0_CV0,1,2,0,1,1
5,2.9965467367452314,4.002409126542999,Age0_F5_m5f1_P5_Y5_UO417,RD5_F1_m5f3_P5_Y3_UO91,RD1_F5_m1f5_P1_Y3_UO490,FXX,0,0.0,0,0,0.0,0,0,0,0.0,0.5625,1,P0_CV0,1,1,1,2,0
5,2.9965467367452314,4.002409126542999,Age0_F5_m5f1_P5_Y5_UO418,RD5_F1_m5f3_P5_Y3_UO91,RD1_F5_m1f5_P1_Y3_UO490,FXX,0,0.0,0,0,0.0,0,0,0,0.0,0.5625,1,P0_CV0,1,2,0,1,1
5,2.9965467367452314,4.002409126542999,Age0_F5_m5f1_P5_Y5_UO419,RD5_F1_m5f3_P5_Y3_UO91,RD1_F5_m1f5_P1_Y3_UO490,MXY,0,0.0,0,0,0.0,0,0,0,0.0,0.5625,1,P0_CV0,1,2,0,1,1
5,2.9965467367452314,4.002409126542999,Age0_F5_m5f1_P5_Y5_UO420,RD5_F1_m5f3_P5_Y3_UO91,RD1_F5_m1f5_P1_Y3_UO490,FXX,0,0.0,0,0,0.0,0,0,0,0.0,0.5625,1,P0_CV0,1,1,1,2,0
5,2.9965467367452314,4.002409126542999,Age0_F5_m5f1_P5_Y5_UO421,RD5_F1_m5f3_P5_Y3_UO91,RD1_F5_m1f5_P1_Y3_UO490,FXX,0,0.0,0,0,0.0,0,0,0,0.0,0.5625,1,P0_CV0,1,1,1,2,0
5,2.9965467367452314,4.002409126542999,Age0_F5_m5f1_P5_Y5_UO422,RD5_F1_m5f3_P5_Y3_UO91,RD1_F5_m1f5_P1_Y3_UO490,MXY,0,0.0,0,0,0.0,0,0,0,0.0,0.5625,1,P0_CV0,1,2,0,1,1
5,2.9965467367452314,4.002409126542999,Age0_F5_m5f3_P5_Y5_UO535,RD5_F1_m5f3_P5_Y3_UO83,RD3_F7_m4f8_P4_Y3_UO205,FXX,0,0.0,0,0,0.0,0,0,0,0.0,0.5,1,P0_CV0,1,1,1,0,2
5,2.9965467367452314,4.002409126542999,Age0_F5_m5f3_P5_Y5_UO540,RD5_F1_m5f3_P5_Y3_UO83,RD3_F7_m4f8_P4_Y3_UO205,MXY,0,0.0,0,0,0.0,0,0,0,0.0,0.5,1,P0_CV0,1,1,1,0,2
5,2.9965467367452314,4.002409126542999,Age0_F5_m5f3_P5_Y5_UO542,RD5_F1_m5f3_P5_Y3_UO83,RD3_F7_m4f8_P4_Y3_UO205,MXY,0,0.0,0,0,0.0,0,0,0,0.0,0.5,1,P0_CV0,1,1,1,0,2
5,2.9965467367452314,4.002409126542999,Age0_F5_m5f3_P5_Y5_UO543,RD5_F1_m5f3_P5_Y3_UO83,RD3_F7_m4f8_P4_Y3_UO205,FXX,0,0.0,0,0,0.0,0,0,0,0.0,0.5,1,P0_CV0,1,1,1,1,1
5,2.9965467367452314,4.002409126542999,Age0_F5_m5f3_P5_Y5_UO544,RD5_F1_m5f3_P5_Y3_UO83,RD3_F7_m4f8_P4_Y3_UO205,MXY,0,0.0,0,0,0.0,0,0,0,0.0,0.5,1,P0_CV0,1,1,1,1,1
5,2.9965467367452314,4.002409126542999,R5_F5_m1f5_P1_Y4_UO117,RD1_F5_m1f5_P1_Y2_UO297,RD5_F3_m7f3_P7_Y2_UO580,MXY,1,0.0,1,1,0.0,0,0,0,-9999.0,0.4375,1,P0_CV0,1,0,2,0,2
5,2.9965467367452314,4.002409126542999,R5_F5_m1f5_P1_Y4_UO119,RD1_F5_m1f5_P1_Y2_UO297,RD5_F3_m7f3_P7_Y2_UO580,MXY,1,0.0,1,1,0.0,0,0,0,-9999.0,0.4375,1,P0_CV0,1,0,2,1,1
5,2.9965467367452314,4.002409126542999,R5_F5_m1f5_P1_Y4_UO77,RD1_F5_m1f5_P1_Y2_UO275,RD5_F1_m5f1_P5_Y2_UO72,MXY,1,0.0,1,1,0.0,0,0,0,-9999.0,0.25,1,P0_CV0,1,0,2,1,1
5,2.9965467367452314,4.002409126542999,R5_F5_m1f5_P1_Y4_UO35,RD1_F5_m1f5_P1_Y2_UO565,RD5_F2_m3f7_P3_Y2_UO166,FXX,1,0.0,1,1,1.0,0,0,0,-9999.0,0.5,1,P0_CV0,1,0,2,1,1
5,2.9965467367452314,4.002409126542999,R5_F5_m5f3_P5_Y3_UO91,RD5_F1_m5f3_P5_Y1_UO465,RD3_F7_m4f8_P4_Y1_UO525,FXX,2,0.0,1,0,1.0,0,0,0,-9999.0,0.625,1,P0_CV0,1,2,0,1,1
5,2.9965467367452314,4.002409126542999,Age0_F5_m5f3_P5_Y5_UO5,RD5_F1_m5f1_P5_Y3_UO363,RD3_F7_m3f6_P3_Y3_UO240,MXY,0,0.0,0,0,0.0,0,0,0,0.0,0.625,1,P1_CV0,1,2,0,2,0
5,2.9965467367452314,4.002409126542999,Age0_F5_m5f3_P5_Y5_UO6,RD5_F1_m5f1_P5_Y3_UO363,RD3_F7_m3f6_P3_Y3_UO240,MXY,0,0.0,0,0,0.0,0,0,0,0.0,0.625,1,P1_CV0,1,2,0,1,1
5,2.9965467367452314,4.002409126542999,Age0_F5_m5f3_P5_Y5_UO7,RD5_F1_m5f1_P5_Y3_UO363,RD3_F7_m3f6_P3_Y3_UO240,FXX,0,0.0,0,0,0.0,0,0,0,0.0,0.625,1,P1_CV0,1,2,0,2,0
5,2.9965467367452314,4.002409126542999,Age0_F5_m5f3_P5_Y5_UO8,RD5_F1_m5f1_P5_Y3_UO363,RD3_F7_m3f6_P3_Y3_UO240,MXY,0,0.0,0,0,0.0,0,0,0,0.0,0.625,1,P1_CV0,1,2,0,1,1
5,2.9965467367452314,4.002409126542999,Age0_F5_m5f3_P5_Y5_UO9,RD5_F1_m5f1_P5_Y3_UO363,RD3_F7_m3f6_P3_Y3_UO240,MXY,0,0.0,0,0,0.0,0,0,0,0.0,0.625,1,P1_CV0,1,2,0,1,1
5,2.9965467367452314,4.002409126542999,Age0_F5_m5f3_P5_Y5_UO10,RD5_F1_m5f1_P5_Y3_UO363,RD3_F7_m3f6_P3_Y3_UO240,FXX,0,0.0,0,0,0.0,0,0,0,0.0,0.625,1,P1_CV0,1,2,0,1,1
5,2.9965467367452314,4.002409126542999,Age0_F5_m5f3_P5_Y5_UO13,RD5_F1_m5f1_P5_Y3_UO363,RD3_F7_m3f6_P3_Y3_UO240,MXY,0,0.0,0,0,0.0,0,0,0,0.0,0.625,1,P1_CV0,1,2,0,1,1
5,2.9965467367452314,4.002409126542999,R5_F5_m2f9_P2_Y4_UO165,RD2_F9_m6f2_P6_Y2_UO490,RD9_F6_m9f2_P9_Y2_UO254,MXY,1,0.0,1,1,0.0,0,0,0,-9999.0,0.625,1,P1_CV0,1,2,0,2,0
5,2.9965467367452314,4.002409126542999,R5_F5_m9f2_P9_Y2_UO134,RD9_F2_m9f2_P9_Y0_UO113,RD2_F9_m6f3_P6_Y0_UO367,FXX,3,0.0,1,0,1.0,0,0,0,-9999.0,0.625,1,P1_CV0,1,2,0,2,0
5,2.9965467367452314,4.002409126542999,R5_F5_m1f5_P1_Y4_UO72,RD1_F5_m1f5_P1_Y2_UO275,RD5_F1_m5f1_P5_Y2_UO72,FXX,1,0.0,1,1,1.0,0,0,0,-9999.0,0.25,1,P2_CV0,1,0,2,1,1
5,2.9965467367452314,4.002409126542999,R5_F5_m1f5_P1_Y4_UO364,RD1_F5_m1f5_P1_Y2_UO301,RD5_F1_m5f2_P5_Y2_UO419,MXY,1,0.0,1,1,0.0,0,0,0,-9999.0,0.4375,1,P2_CV0,1,2,0,1,1
5,2.9965467367452314,4.002409126542999,R5_F5_m1f5_P1_Y4_UO74,RD1_F5_m1f5_P1_Y2_UO275,RD5_F1_m5f1_P5_Y2_UO72,FXX,1,0.0,1,1,1.0,0,0,0,-9999.0,0.25,1,P2_CV0,1,0,2,1,1
5,2.9965467367452314,4.002409126542999,R5_F5_m1f5_P1_Y4_UO76,RD1_F5_m1f5_P1_Y2_UO275,RD5_F1_m5f1_P5_Y2_UO72,FXX,1,0.0,1,1,1.0,0,0,0,-9999.0,0.25,1,P2_CV0,1,0,2,2,0
5,2.9965467367452314,4.002409126542999,R5_F5_m1f5_P1_Y4_UO371,RD1_F5_m1f5_P1_Y2_UO301,RD5_F1_m5f2_P5_Y2_UO419,MXY,1,0.0,1,1,0.0,0,0,0,-9999.0,0.4375,1,P2_CV0,1,1,1,1,1
5,2.9965467367452314,4.002409126542999,R5_F5_m9f6_P9_Y2_UO5,RD9_F6_m9f6_P9_Y0_UO578,RD6_F9_m6f3_P6_Y0_UO459,FXX,3,0.0,1,0,1.0,0,0,0,-9999.0,0.625,1,P2_CV0,1,1,1,1,1
5,2.9965467367452314,4.002409126542999,Age0_F5_m5f3_P5_Y5_UO124,RD5_F1_m5f3_P5_Y3_UO91,RD3_F6_m2f3_P2_Y3_UO441,MXY,0,0.0,0,0,0.0,0,0,0,0.0,0.75,1,P3_CV0,1,2,0,0,2
5,2.9965467367452314,4.002409126542999,Age0_F5_m5f3_P5_Y5_UO126,RD5_F1_m5f3_P5_Y3_UO91,RD3_F6_m2f3_P2_Y3_UO441,MXY,0,0.0,0,0,0.0,0,0,0,0.0,0.75,1,P3_CV0,1,2,0,0,2
5,2.9965467367452314,4.002409126542999,Age0_F5_m5f3_P5_Y5_UO127,RD5_F1_m5f3_P5_Y3_UO91,RD3_F6_m2f3_P2_Y3_UO441,FXX,0,0.0,0,0,0.0,0,0,0,0.0,0.75,1,P3_CV0,1,2,0,1,1
5,2.9965467367452314,4.002409126542999,Age0_F5_m5f3_P5_Y5_UO231,RD5_F3_m6f3_P6_Y3_UO214,RD3_F6_m2f3_P2_Y3_UO441,FXX,0,0.0,0,0,0.0,0,0,0,0.0,0.5625,1,P3_CV0,1,0,2,2,0
5,2.9965467367452314,4.002409126542999,Age0_F5_m5f3_P5_Y5_UO234,RD5_F3_m6f3_P6_Y3_UO214,RD3_F6_m2f3_P2_Y3_UO441,MXY,0,0.0,0,0,0.0,0,0,0,0.0,0.5625,1,P3_CV0,1,0,2,0,2
5,2.9965467367452314,4.002409126542999,Age0_F5_m5f3_P5_Y5_UO304,RD5_F1_m5f1_P5_Y3_UO363,RD3_F6_m2f3_P2_Y3_UO441,FXX,0,0.0,0,0,0.0,0,0,0,0.0,0.75,1,P3_CV0,1,2,0,1,1
5,2.9965467367452314,4.002409126542999,Age0_F5_m5f3_P5_Y5_UO305,RD5_F1_m5f1_P5_Y3_UO363,RD3_F6_m2f3_P2_Y3_UO441,MXY,0,0.0,0,0,0.0,0,0,0,0.0,0.75,1,P3_CV0,1,2,0,0,2
5,2.9965467367452314,4.002409126542999,Age0_F5_m5f3_P5_Y5_UO306,RD5_F1_m5f1_P5_Y3_UO363,RD3_F6_m2f3_P2_Y3_UO441,MXY,0,0.0,0,0,0.0,0,0,0,0.0,0.75,1,P3_CV0,1,2,0,1,1
5,2.9965467367452314,4.002409126542999,Age0_F5_m5f3_P5_Y5_UO307,RD5_F1_m5f1_P5_Y3_UO363,RD3_F6_m2f3_P2_Y3_UO441,MXY,0,0.0,0,0,0.0,0,0,0,0.0,0.75,1,P3_CV0,1,1,1,1,1
5,2.9965467367452314,4.002409126542999,Age0_F5_m5f3_P5_Y5_UO308,RD5_F1_m5f1_P5_Y3_UO363,RD3_F6_m2f3_P2_Y3_UO441,MXY,0,0.0,0,0,0.0,0,0,0,0.0,0.75,1,P3_CV0,1,1,1,0,2
5,2.9965467367452314,4.002409126542999,Age0_F5_m5f3_P5_Y5_UO309,RD5_F1_m5f1_P5_Y3_UO363,RD3_F6_m2f3_P2_Y3_UO441,FXX,0,0.0,0,0,0.0,0,0,0,0.0,0.75,1,P3_CV0,1,1,1,1,1
5,2.9965467367452314,4.002409126542999,Age0_F5_m5f3_P5_Y5_UO311,RD5_F1_m5f1_P5_Y3_UO363,RD3_F6_m2f3_P2_Y3_UO441,FXX,0,0.0,0,0,0.0,0,0,0,0.0,0.75,1,P3_CV0,1,1,1,2,0
5,2.9965467367452314,4.002409126542999,Age0_F5_m5f3_P5_Y5_UO312,RD5_F1_m5f1_P5_Y3_UO363,RD3_F6_m2f3_P2_Y3_UO441,MXY,0,0.0,0,0,0.0,0,0,0,0.0,0.75,1,P3_CV0,1,2,0,1,1
5,2.9965467367452314,4.002409126542999,Age0_F5_m5f3_P5_Y5_UO313,RD5_F1_m5f1_P5_Y3_UO363,RD3_F6_m2f3_P2_Y3_UO441,FXX,0,0.0,0,0,0.0,0,0,0,0.0,0.75,1,P3_CV0,1,1,1,1,1
5,2.9965467367452314,4.002409126542999,Age0_F5_m5f3_P5_Y5_UO314,RD5_F1_m5f1_P5_Y3_UO363,RD3_F6_m2f3_P2_Y3_UO441,FXX,0,0.0,0,0,0.0,0,0,0,0.0,0.75,1,P3_CV0,1,2,0,0,2
5,2.9965467367452314,4.002409126542999,Age0_F5_m5f3_P5_Y5_UO315,RD5_F1_m5f1_P5_Y3_UO363,RD3_F6_m2f3_P2_Y3_UO441,FXX,0,0.0,0,0,0.0,0,0,0,0.0,0.75,1,P3_CV0,1,2,0,1,1
5,2.9965467367452314,4.002409126542999,Age0_F5_m5f3_P5_Y5_UO316,RD5_F1_m5f1_P5_Y3_UO363,RD3_F6_m2f3_P2_Y3_UO441,FXX,0,0.0,0,0,0.0,0,0,0,0.0,0.75,1,P3_CV0,1,2,0,0,2
5,2.9965467367452314,4.002409126542999,Age0_F5_m5f1_P5_Y5_UO381,RD5_F1_m5f3_P5_Y3_UO88,RD1_F5_m1f5_P1_Y3_UO163,MXY,0,0.0,0,0,0.0,0,0,0,0.0,0.75,1,P3_CV0,1,2,0,1,1
5,2.9965467367452314,4.002409126542999,Age0_F5_m5f1_P5_Y5_UO382,RD5_F1_m5f3_P5_Y3_UO88,RD1_F5_m1f5_P1_Y3_UO163,FXX,0,0.0,0,0,0.0,0,0,0,0.0,0.75,1,P3_CV0,1,2,0,1,1
5,2.9965467367452314,4.002409126542999,Age0_F5_m5f1_P5_Y5_UO385,RD5_F1_m5f3_P5_Y3_UO88,RD1_F5_m1f5_P1_Y3_UO163,MXY,0,0.0,0,0,0.0,0,0,0,0.0,0.75,1,P3_CV0,1,2,0,1,1
5,2.9965467367452314,4.002409126542999,Age0_F5_m5f3_P5_Y5_UO536,RD5_F1_m5f3_P5_Y3_UO83,RD3_F7_m4f8_P4_Y3_UO205,MXY,0,0.0,0,0,0.0,0,0,0,0.0,0.5,1,P3_CV0,1,1,1,0,2
5,2.9965467367452314,4.002409126542999,Age0_F5_m5f3_P5_Y5_UO537,RD5_F1_m5f3_P5_Y3_UO83,RD3_F7_m4f8_P4_Y3_UO205,FXX,0,0.0,0,0,0.0,0,0,0,0.0,0.5,1,P3_CV0,1,1,1,1,1
5,2.9965467367452314,4.002409126542999,Age0_F5_m5f3_P5_Y5_UO538,RD5_F1_m5f3_P5_Y3_UO83,RD3_F7_m4f8_P4_Y3_UO205,FXX,0,0.0,0,0,0.0,0,0,0,0.0,0.5,1,P3_CV0,1,1,1,0,2
5,2.9965467367452314,4.002409126542999,Age0_F5_m5f3_P5_Y5_UO539,RD5_F1_m5f3_P5_Y3_UO83,RD3_F7_m4f8_P4_Y3_UO205,MXY,0,0.0,0,0,0.0,0,0,0,0.0,0.5,1,P3_CV0,1,1,1,1,1
5,2.9965467367452314,4.002409126542999,Age0_F5_m5f3_P5_Y5_UO541,RD5_F1_m5f3_P5_Y3_UO83,RD3_F7_m4f8_P4_Y3_UO205,MXY,0,0.0,0,0,0.0,0,0,0,0.0,0.5,1,P3_CV0,1,1,1,0,2
5,2.9965467367452314,4.002409126542999,R5_F5_m1f5_P1_Y4_UO450,RD1_F5_m1f5_P1_Y2_UO483,RD5_F1_m5f2_P5_Y2_UO93,FXX,1,0.0,1,1,1.0,0,0,0,-9999.0,0.5625,1,P3_CV0,1,1,1,1,1
5,2.9965467367452314,4.002409126542999,R5_F5_m5f3_P5_Y3_UO88,RD5_F1_m5f3_P5_Y1_UO465,RD3_F7_m4f8_P4_Y1_UO525,FXX,2,0.0,1,0,1.0,0,0,0,-9999.0,0.625,1,P3_CV0,1,2,0,2,0
5,2.9965467367452314,4.002409126542999,R5_F5_m1f5_P1_Y4_UO599,RD1_F5_m1f5_P1_Y2_UO350,RD5_F1_m5f2_P5_Y2_UO419,MXY,1,0.0,1,1,0.0,0,0,0,-9999.0,0.4375,1,P4_CV0,1,1,1,0,2
5,2.9965467367452314,4.002409126542999,R5_F5_m1f5_P1_Y4_UO87,RD1_F5_m3f5_P3_Y2_UO229,RD5_F2_m6f2_P6_Y2_UO501,MXY,1,0.0,1,1,0.0,0,0,0,-9999.0,0.625,1,P4_CV0,1,1,1,2,0
5,2.9965467367452314,4.002409126542999,R5_F5_m1f5_P1_Y4_UO10,RD1_F5_m1f5_P1_Y2_UO586,RD5_F2_m6f2_P6_Y2_UO501,FXX,1,0.0,1,1,1.0,0,0,0,-9999.0,0.5625,1,P4_CV0,1,1,1,1,1
5,2.9965467367452314,4.002409126542999,R5_F5_m3f6_P3_Y4_UO389,RD3_F5_m1f5_P1_Y2_UO442,RD6_F9_m6f3_P6_Y2_UO477,FXX,1,0.0,1,1,1.0,0,0,0,-9999.0,0.3125,1,P4_CV0,1,0,2,1,1
5,2.9965467367452314,4.002409126542999,R5_F5_m1f5_P1_Y4_UO600,RD1_F5_m1f5_P1_Y2_UO350,RD5_F1_m5f2_P5_Y2_UO419,FXX,1,0.0,1,1,1.0,0,0,0,-9999.0,0.4375,1,P4_CV0,1,1,1,0,2
5,2.9965467367452314,4.002409126542999,R5_F5_m2f5_P2_Y4_UO283,RD2_F9_m6f2_P6_Y2_UO492,RD5_F3_m7f3_P7_Y2_UO580,MXY,1,0.0,1,1,0.0,0,0,0,-9999.0,0.5,1,P4_CV0,1,0,2,1,1
5,2.9965467367452314,4.002409126542999,R5_F5_m1f5_P1_Y4_UO85,RD1_F5_m3f5_P3_Y2_UO229,RD5_F2_m6f2_P6_Y2_UO501,FXX,1,0.0,1,1,1.0,0,0,0,-9999.0,0.625,1,P4_CV0,1,1,1,2,0
5,2.9965467367452314,4.002409126542999,R5_F5_m1f5_P1_Y4_UO86,RD1_F5_m3f5_P3_Y2_UO229,RD5_F2_m6f2_P6_Y2_UO501,MXY,1,0.0,1,1,0.0,0,0,0,-9999.0,0.625,1,P4_CV0,1,1,1,2,0
5,2.9965467367452314,4.002409126542999,R5_F5_m1f5_P1_Y4_UO596,RD1_F5_m1f5_P1_Y2_UO350,RD5_F1_m5f2_P5_Y2_UO419,FXX,1,0.0,1,1,1.0,0,0,0,-9999.0,0.4375,1,P4_CV0,1,2,0,1,1
5,2.9965467367452314,4.002409126542999,R5_F5_m1f5_P1_Y4_UO598,RD1_F5_m1f5_P1_Y2_UO350,RD5_F1_m5f2_P5_Y2_UO419,MXY,1,0.0,1,1,0.0,0,0,0,-9999.0,0.4375,1,P4_CV0,1,0,2,1,1
5,2.9965467367452314,4.002409126542999,R5_F5_m3f5_P3_Y2_UO232,RD3_F7_m4f7_P4_Y0_UO437,RD5_F3_m5f3_P5_Y0_UO20,MXY,3,0.0,1,0,0.0,0,0,0,-9999.0,0.625,1,P4_CV0,1,2,0,2,0
5,2.9965467367452314,4.002409126542999,R5_F5_m1f5_P1_Y2_UO348,RD1_F5_m1f5_P1_Y0_UO245,RD5_F3_m5f3_P5_Y0_UO20,MXY,3,0.0,1,0,0.0,0,0,0,-9999.0,0.5,1,P4_CV0,1,1,1,1,1
5,2.9965467367452314,4.002409126542999,Age0_F5_m5f3_P5_Y5_UO4,RD5_F1_m5f1_P5_Y3_UO363,RD3_F7_m3f6_P3_Y3_UO240,FXX,0,0.0,0,0,0.0,0,0,0,0.0,0.625,1,P5_CV0,1,2,0,1,1
5,2.9965467367452314,4.002409126542999,Age0_F5_m5f3_P5_Y5_UO11,RD5_F1_m5f1_P5_Y3_UO363,RD3_F7_m3f6_P3_Y3_UO240,FXX,0,0.0,0,0,0.0,0,0,0,0.0,0.625,1,P5_CV0,1,2,0,1,1
5,2.9965467367452314,4.002409126542999,Age0_F5_m5f3_P5_Y5_UO12,RD5_F1_m5f1_P5_Y3_UO363,RD3_F7_m3f6_P3_Y3_UO240,MXY,0,0.0,0,0,0.0,0,0,0,0.0,0.625,1,P5_CV0,1,2,0,2,0
5,2.9965467367452314,4.002409126542999,Age0_F5_m5f3_P5_Y5_UO227,RD5_F3_m6f3_P6_Y3_UO214,RD3_F6_m2f3_P2_Y3_UO441,MXY,0,0.0,0,0,0.0,0,0,0,0.0,0.5625,1,P5_CV0,1,1,1,0,2
5,2.9965467367452314,4.002409126542999,Age0_F5_m5f3_P5_Y5_UO228,RD5_F3_m6f3_P6_Y3_UO214,RD3_F6_m2f3_P2_Y3_UO441,FXX,0,0.0,0,0,0.0,0,0,0,0.0,0.5625,1,P5_CV0,1,0,2,2,0
5,2.9965467367452314,4.002409126542999,Age0_F5_m5f3_P5_Y5_UO229,RD5_F3_m6f3_P6_Y3_UO214,RD3_F6_m2f3_P2_Y3_UO441,MXY,0,0.0,0,0,0.0,0,0,0,0.0,0.5625,1,P5_CV0,1,0,2,1,1
5,2.9965467367452314,4.002409126542999,Age0_F5_m5f3_P5_Y5_UO230,RD5_F3_m6f3_P6_Y3_UO214,RD3_F6_m2f3_P2_Y3_UO441,FXX,0,0.0,0,0,0.0,0,0,0,0.0,0.5625,1,P5_CV0,1,0,2,2,0
5,2.9965467367452314,4.002409126542999,Age0_F5_m5f3_P5_Y5_UO232,RD5_F3_m6f3_P6_Y3_UO214,RD3_F6_m2f3_P2_Y3_UO441,FXX,0,0.0,0,0,0.0,0,0,0,0.0,0.5625,1,P5_CV0,1,1,1,2,0
5,2.9965467367452314,4.002409126542999,Age0_F5_m5f3_P5_Y5_UO233,RD5_F3_m6f3_P6_Y3_UO214,RD3_F6_m2f3_P2_Y3_UO441,FXX,0,0.0,0,0,0.0,0,0,0,0.0,0.5625,1,P5_CV0,1,1,1,2,0
5,2.9965467367452314,4.002409126542999,Age0_F5_m5f3_P5_Y5_UO310,RD5_F1_m5f1_P5_Y3_UO363,RD3_F6_m2f3_P2_Y3_UO441,MXY,0,0.0,0,0,0.0,0,0,0,0.0,0.75,1,P5_CV0,1,1,1,1,1
5,2.9965467367452314,4.002409126542999,Age0_F5_m5f3_P5_Y5_UO317,RD5_F1_m5f1_P5_Y3_UO363,RD3_F6_m2f3_P2_Y3_UO441,MXY,0,0.0,0,0,0.0,0,0,0,0.0,0.75,1,P5_CV0,1,1,1,2,0
5,2.9965467367452314,4.002409126542999,R5_F5_m1f5_P1_Y4_UO14,RD1_F5_m1f5_P1_Y2_UO586,RD5_F2_m6f2_P6_Y2_UO501,MXY,1,0.0,1,1,0.0,0,0,0,-9999.0,0.5625,1,P5_CV0,1,1,1,2,0
5,2.9965467367452314,4.002409126542999,R5_F5_m3f6_P3_Y4_UO462,RD3_F6_m2f6_P2_Y2_UO49,RD6_F9_m6f2_P6_Y2_UO535,FXX,1,0.0,1,1,1.0,0,0,0,-9999.0,0.4375,1,P5_CV0,1,0,2,2,0
5,2.9965467367452314,4.002409126542999,R5_F5_m1f5_P1_Y4_UO208,RD1_F5_m2f6_P2_Y2_UO50,RD5_F3_m6f2_P6_Y2_UO153,FXX,1,0.0,1,1,1.0,0,0,0,-9999.0,0.375,1,P5_CV0,1,0,2,1,1
5,2.9965467367452314,4.002409126542999,R5_F5_m1f5_P1_Y4_UO60,RD1_F5_m2f6_P2_Y2_UO50,RD5_F3_m2f3_P2_Y1_UO19,MXY,1,0.0,1,1,0.0,0,0,0,-9999.0,0.125,1,P5_CV0,1,0,2,0,2
5,2.9965467367452314,4.002409126542999,R5_F5_m6f3_P6_Y3_UO214,RD6_F9_m6f9_P6_Y1_UO379,RD3_F2_m9f6_P9_Y1_UO314,FXX,2,0.0,1,0,1.0,0,0,0,-9999.0,0.25,1,P5_CV0,1,0,2,1,1
5,2.9965467367452314,4.002409126542999,R5_F5_m2f9_P2_Y0_UO514,R2_F2_m-1f-1_P2_Y-1_U93,R9_F9_m-1f-1_P9_Y-1_U28,MXY,5,0.0,1,0,0.0,0,0,0,-9999.0,0.75,1,P8_CV0,1,1,1,1,1
6,6.211338327692949,7.937131414155586,R6_F6_m9f2_P9_Y4_UO189,RD9_F6_m3f2_P3_Y2_UO267,RD2_F9_m6f2_P6_Y2_UO538,MXY,1,0.0,1,1,0.0,0,0,0,-9999.0,0.4375,1,P0_CV0,1,1,1,1,1
6,6.211338327692949,7.937131414155586,Age0_F6_m6f2_P6_Y5_UO146,RD6_F9_m2f6_P2_Y3_UO300,RD2_F9_m6f9_P6_Y3_UO293,MXY,0,0.0,0,0,0.0,0,0,0,0.0,0.375,1,P1_CV0,1,0,2,0,2
6,6.211338327692949,7.937131414155586,Age0_F6_m6f3_P6_Y5_UO164,RD6_F9_m2f9_P2_Y3_UO254,RD3_F7_m3f6_P3_Y3_UO240,MXY,0,0.0,0,0,0.0,0,0,0,0.0,0.5625,1,P1_CV0,1,2,0,1,1
6,6.211338327692949,7.937131414155586,Age0_F6_m6f3_P6_Y5_UO167,RD6_F9_m2f9_P2_Y3_UO254,RD3_F7_m3f6_P3_Y3_UO240,FXX,0,0.0,0,0,0.0,0,0,0,0.0,0.5625,1,P1_CV0,1,2,0,0,2
6,6.211338327692949,7.937131414155586,Age0_F6_m6f3_P6_Y5_UO169,RD6_F9_m2f9_P2_Y3_UO254,RD3_F7_m3f6_P3_Y3_UO240,MXY,0,0.0,0,0,0.0,0,0,0,0.0,0.5625,1,P1_CV0,1,2,0,1,1
6,6.211338327692949,7.937131414155586,Age0_F6_m6f9_P6_Y5_UO170,RD6_F9_m2f6_P2_Y3_UO300,RD9_F2_m-1f-1_P2_Y-1_U81,MXY,0,0.0,0,0,0.0,0,0,0,0.0,0.4375,1,P1_CV0,1,2,0,1,1
6,6.211338327692949,7.937131414155586,Age0_F6_m6f9_P6_Y5_UO171,RD6_F9_m2f6_P2_Y3_UO300,RD9_F2_m-1f-1_P2_Y-1_U81,MXY,0,0.0,0,0,0.0,0,0,0,0.0,0.4375,1,P1_CV0,1,1,1,0,2
6,6.211338327692949,7.937131414155586,Age0_F6_m6f9_P6_Y5_UO172,RD6_F9_m2f6_P2_Y3_UO300,RD9_F2_m-1f-1_P2_Y-1_U81,FXX,0,0.0,0,0,0.0,0,0,0,0.0,0.4375,1,P1_CV0,1,0,2,1,1
6,6.211338327692949,7.937131414155586,Age0_F6_m6f9_P6_Y5_UO173,RD6_F9_m2f6_P2_Y3_UO300,RD9_F2_m-1f-1_P2_Y-1_U81,FXX,0,0.0,0,0,0.0,0,0,0,0.0,0.4375,1,P1_CV0,1,1,1,1,1
6,6.211338327692949,7.937131414155586,Age0_F6_m6f9_P6_Y5_UO174,RD6_F9_m2f6_P2_Y3_UO300,RD9_F2_m-1f-1_P2_Y-1_U81,FXX,0,0.0,0,0,0.0,0,0,0,0.0,0.4375,1,P1_CV0,1,1,1,0,2
6,6.211338327692949,7.937131414155586,Age0_F6_m6f9_P6_Y5_UO175,RD6_F9_m2f6_P2_Y3_UO300,RD9_F2_m-1f-1_P2_Y-1_U81,MXY,0,0.0,0,0,0.0,0,0,0,0.0,0.4375,1,P1_CV0,1,0,2,1,1
6,6.211338327692949,7.937131414155586,Age0_F6_m6f9_P6_Y5_UO176,RD6_F9_m2f6_P2_Y3_UO300,RD9_F2_m-1f-1_P2_Y-1_U81,MXY,0,0.0,0,0,0.0,0,0,0,0.0,0.4375,1,P1_CV0,1,1,1,2,0
6,6.211338327692949,7.937131414155586,Age0_F6_m6f9_P6_Y5_UO177,RD6_F9_m2f6_P2_Y3_UO300,RD9_F2_m-1f-1_P2_Y-1_U81,FXX,0,0.0,0,0,0.0,0,0,0,0.0,0.4375,1,P1_CV0,1,2,0,1,1
6,6.211338327692949,7.937131414155586,Age0_F6_m6f9_P6_Y5_UO178,RD6_F9_m2f6_P2_Y3_UO300,RD9_F2_m-1f-1_P2_Y-1_U81,FXX,0,0.0,0,0,0.0,0,0,0,0.0,0.4375,1,P1_CV0,1,2,0,1,1
6,6.211338327692949,7.937131414155586,Age0_F6_m6f9_P6_Y5_UO179,RD6_F9_m2f6_P2_Y3_UO300,RD9_F2_m-1f-1_P2_Y-1_U81,FXX,0,0.0,0,0,0.0,0,0,0,0.0,0.4375,1,P1_CV0,1,2,0,0,2
6,6.211338327692949,7.937131414155586,R6_F6_m9f6_P9_Y4_UO142,RD9_F6_m9f6_P9_Y2_UO234,RD6_F3_m9f2_P9_Y1_UO215,MXY,1,0.0,1,1,0.0,0,0,0,-9999.0,0.625,1,P1_CV0,1,1,1,1,1
6,6.211338327692949,7.937131414155586,R6_F6_m9f2_P9_Y4_UO78,RD9_F6_m3f2_P3_Y2_UO267,RD2_F6_m-1f-1_P2_Y-1_U81,MXY,1,0.0,1,1,0.0,0,0,0,-9999.0,0.375,1,P1_CV0,1,2,0,0,2
6,6.211338327692949,7.937131414155586,R6_F6_m2f6_P2_Y3_UO298,RD2_F5_m1f5_P1_Y1_UO389,RD6_F3_m6f3_P6_Y1_UO557,MXY,2,0.0,1,0,0.0,0,0,0,-9999.0,0.375,1,P1_CV0,1,1,1,0,2
6,6.211338327692949,7.937131414155586,R6_F6_m2f6_P2_Y3_UO300,RD2_F5_m1f5_P1_Y1_UO389,RD6_F3_m6f3_P6_Y1_UO557,FXX,2,0.0,1,0,1.0,0,0,0,-9999.0,0.375,1,P1_CV0,1,1,1,1,1
6,6.211338327692949,7.937131414155586,R6_F6_m9f2_P9_Y2_UO23,RD9_F6_m9f2_P9_Y0_UO81,RD2_F6_m-1f-1_P2_Y-1_U81,MXY,3,0.0,1,0,0.0,0,0,0,-9999.0,0.625,1,P1_CV0,1,1,1,1,1
6,6.211338327692949,7.937131414155586,Age0_F6_m6f2_P6_Y5_UO114,RD6_F9_m6f2_P6_Y3_UO30,RD2_F6_m6f3_P6_Y2_UO477,FXX,0,0.0,0,0,0.0,0,0,0,0.0,0.1875,1,P2_CV0,1,0,2,2,0
6,6.211338327692949,7.937131414155586,Age0_F6_m6f2_P6_Y5_UO116,RD6_F9_m6f2_P6_Y3_UO30,RD2_F6_m6f3_P6_Y2_UO477,MXY,0,0.0,0,0,0.0,0,0,0,0.0,0.1875,1,P2_CV0,1,0,2,1,1
6,6.211338327692949,7.937131414155586,Age0_F6_m6f2_P6_Y5_UO118,RD6_F9_m6f2_P6_Y3_UO30,RD2_F6_m6f3_P6_Y2_UO477,FXX,0,0.0,0,0,0.0,0,0,0,0.0,0.1875,1,P2_CV0,1,1,1,2,0
6,6.211338327692949,7.937131414155586,Age0_F6_m6f2_P6_Y5_UO120,RD6_F9_m6f2_P6_Y3_UO30,RD2_F6_m6f3_P6_Y2_UO477,MXY,0,0.0,0,0,0.0,0,0,0,0.0,0.1875,1,P2_CV0,1,0,2,2,0
6,6.211338327692949,7.937131414155586,Age0_F6_m6f2_P6_Y5_UO122,RD6_F9_m6f2_P6_Y3_UO30,RD2_F6_m6f3_P6_Y2_UO477,MXY,0,0.0,0,0,0.0,0,0,0,0.0,0.1875,1,P2_CV0,1,0,2,2,0
6,6.211338327692949,7.937131414155586,Age0_F6_m6f2_P6_Y5_UO180,RD6_F9_m2f9_P2_Y3_UO254,RD2_F6_m6f3_P6_Y2_UO477,FXX,0,0.0,0,0,0.0,0,0,0,0.0,0.375,1,P2_CV0,1,1,1,1,1
6,6.211338327692949,7.937131414155586,Age0_F6_m6f2_P6_Y5_UO181,RD6_F9_m2f9_P2_Y3_UO254,RD2_F6_m6f3_P6_Y2_UO477,FXX,0,0.0,0,0,0.0,0,0,0,0.0,0.375,1,P2_CV0,1,1,1,0,2
6,6.211338327692949,7.937131414155586,Age0_F6_m6f2_P6_Y5_UO182,RD6_F9_m2f9_P2_Y3_UO254,RD2_F6_m6f3_P6_Y2_UO477,MXY,0,0.0,0,0,0.0,0,0,0,0.0,0.375,1,P2_CV0,1,1,1,2,0
6,6.211338327692949,7.937131414155586,Age0_F6_m6f2_P6_Y5_UO183,RD6_F9_m2f9_P2_Y3_UO254,RD2_F6_m6f3_P6_Y2_UO477,MXY,0,0.0,0,0,0.0,0,0,0,0.0,0.375,1,P2_CV0,1,1,1,2,0
6,6.211338327692949,7.937131414155586,Age0_F6_m6f2_P6_Y5_UO184,RD6_F9_m2f9_P2_Y3_UO254,RD2_F6_m6f3_P6_Y2_UO477,MXY,0,0.0,0,0,0.0,0,0,0,0.0,0.375,1,P2_CV0,1,1,1,1,1
6,6.211338327692949,7.937131414155586,Age0_F6_m6f2_P6_Y5_UO185,RD6_F9_m2f9_P2_Y3_UO254,RD2_F6_m6f3_P6_Y2_UO477,MXY,0,0.0,0,0,0.0,0,0,0,0.0,0.375,1,P2_CV0,1,1,1,1,1
6,6.211338327692949,7.937131414155586,Age0_F6_m6f2_P6_Y5_UO186,RD6_F9_m2f9_P2_Y3_UO254,RD2_F6_m6f3_P6_Y2_UO477,FXX,0,0.0,0,0,0.0,0,0,0,0.0,0.375,1,P2_CV0,1,1,1,0,2
6,6.211338327692949,7.937131414155586,Age0_F6_m6f2_P6_Y5_UO188,RD6_F9_m2f9_P2_Y3_UO254,RD2_F6_m6f3_P6_Y2_UO477,MXY,0,0.0,0,0,0.0,0,0,0,0.0,0.375,1,P2_CV0,1,1,1,2,0
6,6.211338327692949,7.937131414155586,R6_F6_m3f2_P3_Y4_UO265,RD3_F5_m1f5_P1_Y2_UO27,RD2_F6_m9f6_P9_Y2_UO185,FXX,1,0.0,1,1,1.0,0,0,0,-9999.0,0.4375,1,P2_CV0,1,1,1,1,1
6,6.211338327692949,7.937131414155586,R6_F6_m3f2_P3_Y4_UO263,RD3_F5_m1f5_P1_Y2_UO27,RD2_F6_m9f6_P9_Y2_UO185,MXY,1,0.0,1,1,0.0,0,0,0,-9999.0,0.4375,1,P2_CV0,1,1,1,0,2
6,6.211338327692949,7.937131414155586,R6_F6_m9f6_P9_Y4_UO16,RD9_F2_m3f6_P3_Y2_UO371,RD6_F9_m6f3_P6_Y2_UO477,MXY,1,0.0,1,1,0.0,0,0,0,-9999.0,0.3125,1,P2_CV0,1,1,1,0,2
6,6.211338327692949,7.937131414155586,Age0_F6_m6f3_P6_Y5_UO41,RD6_F9_m2f9_P2_Y3_UO254,RD3_F6_m2f3_P2_Y3_UO441,FXX,0,0.0,0,0,0.0,0,0,0,0.0,0.6875,1,P3_CV0,1,2,0,0,2
6,6.211338327692949,7.937131414155586,Age0_F6_m6f3_P6_Y5_UO42,RD6_F9_m2f9_P2_Y3_UO254,RD3_F6_m2f3_P2_Y3_UO441,MXY,0,0.0,0,0,0.0,0,0,0,0.0,0.6875,1,P3_CV0,1,1,1,0,2
6,6.211338327692949,7.937131414155586,Age0_F6_m6f3_P6_Y5_UO45,RD6_F9_m2f9_P2_Y3_UO254,RD3_F6_m2f3_P2_Y3_UO441,FXX,0,0.0,0,0,0.0,0,0,0,0.0,0.6875,1,P3_CV0,1,2,0,2,0
6,6.211338327692949,7.937131414155586,Age0_F6_m6f3_P6_Y5_UO48,RD6_F9_m2f9_P2_Y3_UO254,RD3_F6_m2f3_P2_Y3_UO441,FXX,0,0.0,0,0,0.0,0,0,0,0.0,0.6875,1,P3_CV0,1,1,1,1,1
6,6.211338327692949,7.937131414155586,Age0_F6_m6f3_P6_Y5_UO51,RD6_F9_m2f9_P2_Y3_UO254,RD3_F6_m2f3_P2_Y3_UO441,MXY,0,0.0,0,0,0.0,0,0,0,0.0,0.6875,1,P3_CV0,1,1,1,0,2
6,6.211338327692949,7.937131414155586,Age0_F6_m6f3_P6_Y5_UO85,RD6_F2_m5f1_P5_Y3_UO362,RD3_F7_m4f8_P4_Y3_UO205,FXX,0,0.0,0,0,0.0,0,0,0,0.0,0.5,1,P3_CV0,1,1,1,0,2
6,6.211338327692949,7.937131414155586,Age0_F6_m6f3_P6_Y5_UO88,RD6_F2_m5f1_P5_Y3_UO362,RD3_F7_m4f8_P4_Y3_UO205,MXY,0,0.0,0,0,0.0,0,0,0,0.0,0.5,1,P3_CV0,1,1,1,1,1
6,6.211338327692949,7.937131414155586,Age0_F6_m6f3_P6_Y5_UO89,RD6_F2_m5f1_P5_Y3_UO362,RD3_F7_m4f8_P4_Y3_UO205,MXY,0,0.0,0,0,0.0,0,0,0,0.0,0.5,1,P3_CV0,1,1,1,0,2
6,6.211338327692949,7.937131414155586,Age0_F6_m6f3_P6_Y5_UO90,RD6_F2_m5f1_P5_Y3_UO362,RD3_F7_m4f8_P4_Y3_UO205,FXX,0,0.0,0,0,0.0,0,0,0,0.0,0.5,1,P3_CV0,1,1,1,0,2
6,6.211338327692949,7.937131414155586,R6_F6_m3f5_P3_Y4_UO224,RD3_F7_m3f6_P3_Y2_UO368,RD5_F1_m5f2_P5_Y2_UO93,MXY,1,0.0,1,1,0.0,0,0,0,-9999.0,0.5625,1,P3_CV0,1,0,2,1,1
6,6.211338327692949,7.937131414155586,R6_F6_m3f2_P3_Y4_UO199,RD3_F6_m3f5_P3_Y2_UO54,RD2_F5_m9f2_P9_Y0_UO114,MXY,1,0.0,1,1,0.0,0,0,0,-9999.0,0.6875,1,P3_CV0,1,2,0,1,1
6,6.211338327692949,7.937131414155586,R6_F6_m5f3_P5_Y3_UO90,RD5_F1_m5f3_P5_Y1_UO465,RD3_F7_m4f8_P4_Y1_UO525,FXX,2,0.0,1,0,1.0,0,0,0,-9999.0,0.625,1,P3_CV0,1,2,0,1,1
6,6.211338327692949,7.937131414155586,R6_F6_m3f2_P3_Y4_UO260,RD3_F5_m1f5_P1_Y2_UO27,RD2_F6_m9f6_P9_Y2_UO185,MXY,1,0.0,1,1,0.0,0,0,0,-9999.0,0.4375,1,P4_CV0,1,1,1,0,2
6,6.211338327692949,7.937131414155586,R6_F6_m9f2_P9_Y4_UO500,RD9_F6_m9f2_P9_Y2_UO389,RD2_F3_m5f1_P5_Y2_UO408,MXY,1,0.0,1,1,0.0,0,0,0,-9999.0,0.5,1,P4_CV0,1,2,0,1,1
6,6.211338327692949,7.937131414155586,R6_F6_m2f6_P2_Y4_UO103,RD2_F9_m6f2_P6_Y2_UO499,RD6_F9_m6f2_P6_Y2_UO535,MXY,1,0.0,1,1,0.0,0,0,0,-9999.0,0.625,1,P4_CV0,1,1,1,2,0
6,6.211338327692949,7.937131414155586,R6_F6_m3f2_P3_Y4_UO556,RD3_F6_m3f5_P3_Y2_UO54,RD2_F6_m6f3_P6_Y1_UO221,MXY,1,0.0,1,1,0.0,0,0,0,-9999.0,0.4375,1,P4_CV0,1,2,0,1,1
6,6.211338327692949,7.937131414155586,R6_F6_m9f2_P9_Y4_UO499,RD9_F6_m9f2_P9_Y2_UO389,RD2_F3_m5f1_P5_Y2_UO408,MXY,1,0.0,1,1,0.0,0,0,0,-9999.0,0.5,1,P4_CV0,1,2,0,0,2
6,6.211338327692949,7.937131414155586,R6_F6_m3f2_P3_Y4_UO257,RD3_F5_m1f5_P1_Y2_UO27,RD2_F6_m9f6_P9_Y2_UO185,MXY,1,0.0,1,1,0.0,0,0,0,-9999.0,0.4375,1,P4_CV0,1,0,2,1,1
6,6.211338327692949,7.937131414155586,Age0_F6_m6f3_P6_Y5_UO43,RD6_F9_m2f9_P2_Y3_UO254,RD3_F6_m2f3_P2_Y3_UO441,FXX,0,0.0,0,0,0.0,0,0,0,0.0,0.6875,1,P5_CV0,1,2,0,1,1
6,6.211338327692949,7.937131414155586,Age0_F6_m6f3_P6_Y5_UO44,RD6_F9_m2f9_P2_Y3_UO254,RD3_F6_m2f3_P2_Y3_UO441,MXY,0,0.0,0,0,0.0,0,0,0,0.0,0.6875,1,P5_CV0,1,1,1,2,0
6,6.211338327692949,7.937131414155586,Age0_F6_m6f3_P6_Y5_UO46,RD6_F9_m2f9_P2_Y3_UO254,RD3_F6_m2f3_P2_Y3_UO441,FXX,0,0.0,0,0,0.0,0,0,0,0.0,0.6875,1,P5_CV0,1,2,0,2,0
6,6.211338327692949,7.937131414155586,Age0_F6_m6f3_P6_Y5_UO47,RD6_F9_m2f9_P2_Y3_UO254,RD3_F6_m2f3_P2_Y3_UO441,MXY,0,0.0,0,0,0.0,0,0,0,0.0,0.6875,1,P5_CV0,1,1,1,0,2
6,6.211338327692949,7.937131414155586,Age0_F6_m6f3_P6_Y5_UO49,RD6_F9_m2f9_P2_Y3_UO254,RD3_F6_m2f3_P2_Y3_UO441,MXY,0,0.0,0,0,0.0,0,0,0,0.0,0.6875,1,P5_CV0,1,2,0,0,2
6,6.211338327692949,7.937131414155586,Age0_F6_m6f3_P6_Y5_UO50,RD6_F9_m2f9_P2_Y3_UO254,RD3_F6_m2f3_P2_Y3_UO441,MXY,0,0.0,0,0,0.0,0,0,0,0.0,0.6875,1,P5_CV0,1,2,0,1,1
6,6.211338327692949,7.937131414155586,Age0_F6_m6f3_P6_Y5_UO52,RD6_F9_m2f9_P2_Y3_UO254,RD3_F6_m2f3_P2_Y3_UO441,FXX,0,0.0,0,0,0.0,0,0,0,0.0,0.6875,1,P5_CV0,1,1,1,1,1
6,6.211338327692949,7.937131414155586,Age0_F6_m6f3_P6_Y5_UO83,RD6_F2_m5f1_P5_Y3_UO362,RD3_F7_m4f8_P4_Y3_UO205,MXY,0,0.0,0,0,0.0,0,0,0,0.0,0.5,1,P5_CV0,1,1,1,0,2
6,6.211338327692949,7.937131414155586,Age0_F6_m6f3_P6_Y5_UO84,RD6_F2_m5f1_P5_Y3_UO362,RD3_F7_m4f8_P4_Y3_UO205,FXX,0,0.0,0,0,0.0,0,0,0,0.0,0.5,1,P5_CV0,1,1,1,1,1
6,6.211338327692949,7.937131414155586,Age0_F6_m6f3_P6_Y5_UO86,RD6_F2_m5f1_P5_Y3_UO362,RD3_F7_m4f8_P4_Y3_UO205,FXX,0,0.0,0,0,0.0,0,0,0,0.0,0.5,1,P5_CV0,1,1,1,1,1
6,6.211338327692949,7.937131414155586,Age0_F6_m6f3_P6_Y5_UO87,RD6_F2_m5f1_P5_Y3_UO362,RD3_F7_m4f8_P4_Y3_UO205,FXX,0,0.0,0,0,0.0,0,0,0,0.0,0.5,1,P5_CV0,1,1,1,0,2
6,6.211338327692949,7.937131414155586,Age0_F6_m6f3_P6_Y5_UO91,RD6_F2_m5f1_P5_Y3_UO362,RD3_F7_m4f8_P4_Y3_UO205,MXY,0,0.0,0,0,0.0,0,0,0,0.0,0.5,1,P5_CV0,1,1,1,0,2
6,6.211338327692949,7.937131414155586,Age0_F6_m6f3_P6_Y5_UO92,RD6_F2_m5f1_P5_Y3_UO362,RD3_F7_m4f8_P4_Y3_UO205,FXX,0,0.0,0,0,0.0,0,0,0,0.0,0.5,1,P5_CV0,1,1,1,1,1
6,6.211338327692949,7.937131414155586,Age0_F6_m6f2_P6_Y5_UO113,RD6_F9_m6f2_P6_Y3_UO30,RD2_F6_m6f3_P6_Y2_UO477,MXY,0,0.0,0,0,0.0,0,0,0,0.0,0.1875,1,P5_CV0,1,1,1,1,1
6,6.211338327692949,7.937131414155586,Age0_F6_m6f2_P6_Y5_UO115,RD6_F9_m6f2_P6_Y3_UO30,RD2_F6_m6f3_P6_Y2_UO477,MXY,0,0.0,0,0,0.0,0,0,0,0.0,0.1875,1,P5_CV0,1,1,1,2,0
6,6.211338327692949,7.937131414155586,Age0_F6_m6f2_P6_Y5_UO117,RD6_F9_m6f2_P6_Y3_UO30,RD2_F6_m6f3_P6_Y2_UO477,MXY,0,0.0,0,0,0.0,0,0,0,0.0,0.1875,1,P5_CV0,1,0,2,1,1
6,6.211338327692949,7.937131414155586,Age0_F6_m6f2_P6_Y5_UO119,RD6_F9_m6f2_P6_Y3_UO30,RD2_F6_m6f3_P6_Y2_UO477,MXY,0,0.0,0,0,0.0,0,0,0,0.0,0.1875,1,P5_CV0,1,1,1,1,1
6,6.211338327692949,7.937131414155586,Age0_F6_m6f2_P6_Y5_UO121,RD6_F9_m6f2_P6_Y3_UO30,RD2_F6_m6f3_P6_Y2_UO477,FXX,0,0.0,0,0,0.0,0,0,0,0.0,0.1875,1,P5_CV0,1,1,1,1,1
6,6.211338327692949,7.937131414155586,Age0_F6_m6f2_P6_Y5_UO123,RD6_F9_m6f2_P6_Y3_UO30,RD2_F6_m6f3_P6_Y2_UO477,MXY,0,0.0,0,0,0.0,0,0,0,0.0,0.1875,1,P5_CV0,1,1,1,1,1
6,6.211338327692949,7.937131414155586,Age0_F6_m6f2_P6_Y5_UO144,RD6_F9_m2f6_P2_Y3_UO300,RD2_F9_m6f9_P6_Y3_UO293,MXY,0,0.0,0,0,0.0,0,0,0,0.0,0.375,1,P5_CV0,1,1,1,0,2
6,6.211338327692949,7.937131414155586,Age0_F6_m6f2_P6_Y5_UO145,RD6_F9_m2f6_P2_Y3_UO300,RD2_F9_m6f9_P6_Y3_UO293,FXX,0,0.0,0,0,0.0,0,0,0,0.0,0.375,1,P5_CV0,1,1,1,1,1
6,6.211338327692949,7.937131414155586,Age0_F6_m6f2_P6_Y5_UO147,RD6_F9_m2f6_P2_Y3_UO300,RD2_F9_m6f9_P6_Y3_UO293,MXY,0,0.0,0,0,0.0,0,0,0,0.0,0.375,1,P5_CV0,1,0,2,2,0
6,6.211338327692949,7.937131414155586,Age0_F6_m6f3_P6_Y5_UO165,RD6_F9_m2f9_P2_Y3_UO254,RD3_F7_m3f6_P3_Y3_UO240,MXY,0,0.0,0,0,0.0,0,0,0,0.0,0.5625,1,P5_CV0,1,2,0,1,1
6,6.211338327692949,7.937131414155586,Age0_F6_m6f3_P6_Y5_UO166,RD6_F9_m2f9_P2_Y3_UO254,RD3_F7_m3f6_P3_Y3_UO240,MXY,0,0.0,0,0,0.0,0,0,0,0.0,0.5625,1,P5_CV0,1,2,0,2,0
6,6.211338327692949,7.937131414155586,Age0_F6_m6f3_P6_Y5_UO168,RD6_F9_m2f9_P2_Y3_UO254,RD3_F7_m3f6_P3_Y3_UO240,FXX,0,0.0,0,0,0.0,0,0,0,0.0,0.5625,1,P5_CV0,1,2,0,0,2
6,6.211338327692949,7.937131414155586,Age0_F6_m6f2_P6_Y5_UO187,RD6_F9_m2f9_P2_Y3_UO254,RD2_F6_m6f3_P6_Y2_UO477,FXX,0,0.0,0,0,0.0,0,0,0,0.0,0.375,1,P5_CV0,1,1,1,2,0
6,6.211338327692949,7.937131414155586,Age0_F6_m6f2_P6_Y5_UO189,RD6_F9_m2f9_P2_Y3_UO254,RD2_F6_m6f3_P6_Y2_UO477,FXX,0,0.0,0,0,0.0,0,0,0,0.0,0.375,1,P5_CV0,1,1,1,2,0
6,6.211338327692949,7.937131414155586,Age0_F6_m6f9_P6_Y5_UO239,RD6_F2_m5f1_P5_Y3_UO362,RD9_F2_m2f3_P2_Y2_UO511,FXX,0,0.0,0,0,0.0,0,0,0,0.0,0.625,1,P5_CV0,1,2,0,2,0
6,6.211338327692949,7.937131414155586,Age0_F6_m6f9_P6_Y5_UO240,RD6_F2_m5f1_P5_Y3_UO362,RD9_F2_m2f3_P2_Y2_UO511,FXX,0,0.0,0,0,0.0,0,0,0,0.0,0.625,1,P5_CV0,1,1,1,1,1
6,6.211338327692949,7.937131414155586,Age0_F6_m6f9_P6_Y5_UO241,RD6_F2_m5f1_P5_Y3_UO362,RD9_F2_m2f3_P2_Y2_UO511,MXY,0,0.0,0,0,0.0,0,0,0,0.0,0.625,1,P5_CV0,1,1,1,2,0
6,6.211338327692949,7.937131414155586,Age0_F6_m6f9_P6_Y5_UO242,RD6_F2_m5f1_P5_Y3_UO362,RD9_F2_m2f3_P2_Y2_UO511,FXX,0,0.0,0,0,0.0,0,0,0,0.0,0.625,1,P5_CV0,1,1,1,1,1
6,6.211338327692949,7.937131414155586,Age0_F6_m6f9_P6_Y5_UO243,RD6_F2_m5f1_P5_Y3_UO362,RD9_F2_m2f3_P2_Y2_UO511,MXY,0,0.0,0,0,0.0,0,0,0,0.0,0.625,1,P5_CV0,1,1,1,2,0
6,6.211338327692949,7.937131414155586,Age0_F6_m6f9_P6_Y5_UO244,RD6_F2_m5f1_P5_Y3_UO362,RD9_F2_m2f3_P2_Y2_UO511,MXY,0,0.0,0,0,0.0,0,0,0,0.0,0.625,1,P5_CV0,1,1,1,2,0
6,6.211338327692949,7.937131414155586,Age0_F6_m6f9_P6_Y5_UO245,RD6_F2_m5f1_P5_Y3_UO362,RD9_F2_m2f3_P2_Y2_UO511,MXY,0,0.0,0,0,0.0,0,0,0,0.0,0.625,1,P5_CV0,1,1,1,1,1
6,6.211338327692949,7.937131414155586,Age0_F6_m6f9_P6_Y5_UO246,RD6_F2_m5f1_P5_Y3_UO362,RD9_F2_m2f3_P2_Y2_UO511,MXY,0,0.0,0,0,0.0,0,0,0,0.0,0.625,1,P5_CV0,1,1,1,2,0
6,6.211338327692949,7.937131414155586,Age0_F6_m6f9_P6_Y5_UO247,RD6_F2_m5f1_P5_Y3_UO362,RD9_F2_m2f3_P2_Y2_UO511,FXX,0,0.0,0,0,0.0,0,0,0,0.0,0.625,1,P5_CV0,1,2,0,1,1
6,6.211338327692949,7.937131414155586,Age0_F6_m6f9_P6_Y5_UO248,RD6_F2_m5f1_P5_Y3_UO362,RD9_F2_m2f3_P2_Y2_UO511,FXX,0,0.0,0,0,0.0,0,0,0,0.0,0.625,1,P5_CV0,1,2,0,1,1
6,6.211338327692949,7.937131414155586,R6_F6_m9f2_P9_Y4_UO299,RD9_F6_m3f2_P3_Y2_UO267,RD2_F9_m6f2_P6_Y2_UO127,FXX,1,0.0,1,1,1.0,0,0,0,-9999.0,0.4375,1,P5_CV0,1,0,2,0,2
6,6.211338327692949,7.937131414155586,R6_F6_m9f2_P9_Y4_UO603,RD9_F6_m2f9_P2_Y2_UO30,RD2_F3_m5f2_P5_Y2_UO414,MXY,1,0.0,1,1,0.0,0,0,0,-9999.0,0.4375,1,P5_CV0,1,2,0,1,1
6,6.211338327692949,7.937131414155586,R6_F6_m2f6_P2_Y4_UO105,RD2_F9_m6f2_P6_Y2_UO499,RD6_F9_m6f2_P6_Y2_UO535,FXX,1,0.0,1,1,1.0,0,0,0,-9999.0,0.625,1,P5_CV0,1,2,0,1,1
6,6.211338327692949,7.937131414155586,R6_F6_m9f2_P9_Y4_UO570,RD9_F6_m9f2_P9_Y2_UO389,RD2_F3_m5f1_P5_Y2_UO408,MXY,1,0.0,1,1,0.0,0,0,0,-9999.0,0.5,1,P5_CV0,1,1,1,1,1
6,6.211338327692949,7.937131414155586,R6_F6_m9f2_P9_Y4_UO147,RD9_F6_m9f2_P9_Y2_UO389,RD2_F6_m9f6_P9_Y2_UO185,FXX,1,0.0,1,1,1.0,0,0,0,-9999.0,0.4375,1,P5_CV0,1,0,2,2,0
6,6.211338327692949,7.937131414155586,R6_F6_m9f2_P9_Y4_UO569,RD9_F6_m9f2_P9_Y2_UO389,RD2_F3_m5f1_P5_Y2_UO408,MXY,1,0.0,1,1,0.0,0,0,0,-9999.0,0.5,1,P5_CV0,1,2,0,2,0
6,6.211338327692949,7.937131414155586,R6_F6_m9f6_P9_Y4_UO141,RD9_F6_m9f6_P9_Y2_UO234,RD6_F3_m9f2_P9_Y1_UO215,MXY,1,0.0,1,1,0.0,0,0,0,-9999.0,0.625,1,P5_CV0,1,1,1,0,2
6,6.211338327692949,7.937131414155586,R6_F6_m5f1_P5_Y3_UO362,RD5_F2_m9f6_P9_Y1_UO515,RD1_F5_m2f9_P2_Y1_UO177,FXX,2,0.0,1,0,1.0,0,0,0,-9999.0,0.625,1,P5_CV0,1,2,0,1,1
6,6.211338327692949,7.937131414155586,R6_F6_m2f3_P2_Y3_UO334,RD2_F6_m3f5_P3_Y1_UO455,RD3_F6_m9f2_P9_Y1_UO215,MXY,2,0.0,1,0,0.0,0,0,0,-9999.0,0.5,1,P6_CV0,1,1,1,1,1
7,1.3457994534493356,7.703671818986196,R7_F7_m3f5_P3_Y4_UO226,RD3_F7_m3f6_P3_Y2_UO368,RD5_F1_m5f2_P5_Y2_UO93,FXX,1,0.0,1,1,1.0,0,0,0,-9999.0,0.5625,1,P0_CV0,1,0,2,1,1
7,1.3457994534493356,7.703671818986196,R7_F7_m3f5_P3_Y4_UO221,RD3_F7_m3f6_P3_Y2_UO368,RD5_F1_m5f2_P5_Y2_UO93,MXY,1,0.0,1,1,0.0,0,0,0,-9999.0,0.5625,1,P0_CV0,1,1,1,0,2
7,1.3457994534493356,7.703671818986196,R7_F7_m3f7_P3_Y4_UO565,RD3_F5_m1f5_P1_Y2_UO328,RD7_F3_m4f8_P4_Y1_UO342,MXY,1,0.0,1,1,0.0,0,0,0,-9999.0,0.5,1,P0_CV0,1,1,1,1,1
7,1.3457994534493356,7.703671818986196,R7_F7_m1f5_P1_Y2_UO328,RD1_F5_m1f5_P1_Y0_UO485,RD5_F3_m5f3_P5_Y0_UO20,FXX,3,0.0,1,0,1.0,0,0,0,-9999.0,0.5,1,P0_CV0,1,1,1,1,1
7,1.3457994534493356,7.703671818986196,Age0_F7_m7f4_P7_Y5_UO130,RD7_F3_m5f1_P5_Y3_UO366,RD4_F8_m4f7_P4_Y3_UO510,MXY,0,0.0,0,0,0.0,0,0,0,0.0,0.75,1,P1_CV0,1,2,0,1,1
7,1.3457994534493356,7.703671818986196,Age0_F7_m7f4_P7_Y5_UO131,RD7_F3_m5f1_P5_Y3_UO366,RD4_F8_m4f7_P4_Y3_UO510,FXX,0,0.0,0,0,0.0,0,0,0,0.0,0.75,1,P1_CV0,1,2,0,1,1
7,1.3457994534493356,7.703671818986196,Age0_F7_m7f4_P7_Y5_UO132,RD7_F3_m5f1_P5_Y3_UO366,RD4_F8_m4f7_P4_Y3_UO510,FXX,0,0.0,0,0,0.0,0,0,0,0.0,0.75,1,P1_CV0,1,2,0,1,1
7,1.3457994534493356,7.703671818986196,Age0_F7_m7f4_P7_Y5_UO133,RD7_F3_m5f1_P5_Y3_UO366,RD4_F8_m4f7_P4_Y3_UO510,MXY,0,0.0,0,0,0.0,0,0,0,0.0,0.75,1,P1_CV0,1,2,0,1,1
7,1.3457994534493356,7.703671818986196,Age0_F7_m7f4_P7_Y5_UO136,RD7_F3_m5f1_P5_Y3_UO366,RD4_F8_m4f7_P4_Y3_UO510,MXY,0,0.0,0,0,0.0,0,0,0,0.0,0.75,1,P1_CV0,1,2,0,1,1
7,1.3457994534493356,7.703671818986196,Age0_F7_m7f4_P7_Y5_UO137,RD7_F3_m5f1_P5_Y3_UO366,RD4_F8_m4f7_P4_Y3_UO510,MXY,0,0.0,0,0,0.0,0,0,0,0.0,0.75,1,P1_CV0,1,2,0,1,1
7,1.3457994534493356,7.703671818986196,Age0_F7_m7f3_P7_Y5_UO250,RD7_F3_m2f9_P2_Y3_UO65,RD3_F5_m1f5_P1_Y3_UO380,MXY,0,0.0,0,0,0.0,0,0,0,0.0,0.6875,1,P1_CV0,1,1,1,0,2
7,1.3457994534493356,7.703671818986196,Age0_F7_m7f3_P7_Y5_UO251,RD7_F3_m2f9_P2_Y3_UO65,RD3_F5_m1f5_P1_Y3_UO380,FXX,0,0.0,0,0,0.0,0,0,0,0.0,0.6875,1,P1_CV0,1,2,0,0,2
7,1.3457994534493356,7.703671818986196,Age0_F7_m7f3_P7_Y5_UO253,RD7_F3_m2f9_P2_Y3_UO65,RD3_F5_m1f5_P1_Y3_UO380,MXY,0,0.0,0,0,0.0,0,0,0,0.0,0.6875,1,P1_CV0,1,2,0,0,2
7,1.3457994534493356,7.703671818986196,Age0_F7_m7f3_P7_Y5_UO254,RD7_F3_m2f9_P2_Y3_UO65,RD3_F5_m1f5_P1_Y3_UO380,FXX,0,0.0,0,0,0.0,0,0,0,0.0,0.6875,1,P1_CV0,1,1,1,0,2
7,1.3457994534493356,7.703671818986196,Age0_F7_m7f3_P7_Y5_UO255,RD7_F3_m2f9_P2_Y3_UO65,RD3_F5_m1f5_P1_Y3_UO380,FXX,0,0.0,0,0,0.0,0,0,0,0.0,0.6875,1,P1_CV0,1,2,0,0,2
7,1.3457994534493356,7.703671818986196,Age0_F7_m7f3_P7_Y5_UO468,RD7_F3_m5f1_P5_Y3_UO366,RD3_F7_m4f8_P4_Y3_UO247,FXX,0,0.0,0,0,0.0,0,0,0,0.0,0.5,1,P1_CV0,1,2,0,2,0
7,1.3457994534493356,7.703671818986196,Age0_F7_m7f3_P7_Y5_UO470,RD7_F3_m5f1_P5_Y3_UO366,RD3_F7_m4f8_P4_Y3_UO247,FXX,0,0.0,0,0,0.0,0,0,0,0.0,0.5,1,P1_CV0,1,1,1,2,0
7,1.3457994534493356,7.703671818986196,Age0_F7_m7f3_P7_Y5_UO471,RD7_F3_m5f1_P5_Y3_UO366,RD3_F7_m4f8_P4_Y3_UO247,FXX,0,0.0,0,0,0.0,0,0,0,0.0,0.5,1,P1_CV0,1,2,0,2,0
7,1.3457994534493356,7.703671818986196,Age0_F7_m7f4_P7_Y5_UO511,RD7_F3_m5f1_P5_Y3_UO366,RD4_F8_m4f8_P4_Y1_UO285,MXY,0,0.0,0,0,0.0,0,0,0,0.0,0.5625,1,P1_CV0,1,1,1,2,0
7,1.3457994534493356,7.703671818986196,Age0_F7_m7f4_P7_Y5_UO518,RD7_F3_m5f1_P5_Y3_UO366,RD4_F8_m4f8_P4_Y1_UO285,MXY,0,0.0,0,0,0.0,0,0,0,0.0,0.5625,1,P1_CV0,1,2,0,2,0
7,1.3457994534493356,7.703671818986196,Age0_F7_m7f3_P7_Y5_UO249,RD7_F3_m2f9_P2_Y3_UO65,RD3_F5_m1f5_P1_Y3_UO380,FXX,0,0.0,0,0,0.0,0,0,0,0.0,0.6875,1,P2_CV0,1,2,0,0,2
7,1.3457994534493356,7.703671818986196,Age0_F7_m7f3_P7_Y5_UO252,RD7_F3_m2f9_P2_Y3_UO65,RD3_F5_m1f5_P1_Y3_UO380,MXY,0,0.0,0,0,0.0,0,0,0,0.0,0.6875,1,P2_CV0,1,1,1,0,2
7,1.3457994534493356,7.703671818986196,Age0_F7_m7f3_P7_Y5_UO256,RD7_F3_m2f9_P2_Y3_UO65,RD3_F5_m1f5_P1_Y3_UO380,MXY,0,0.0,0,0,0.0,0,0,0,0.0,0.6875,1,P2_CV0,1,2,0,0,2
7,1.3457994534493356,7.703671818986196,Age0_F7_m7f4_P7_Y5_UO284,RD7_F3_m2f9_P2_Y3_UO65,RD4_F7_m4f7_P4_Y3_UO267,FXX,0,0.0,0,0,0.0,0,0,0,0.0,0.4375,1,P2_CV0,1,1,1,1,1
7,1.3457994534493356,7.703671818986196,Age0_F7_m7f4_P7_Y5_UO285,RD7_F3_m2f9_P2_Y3_UO65,RD4_F7_m4f7_P4_Y3_UO267,MXY,0,0.0,0,0,0.0,0,0,0,0.0,0.4375,1,P2_CV0,1,1,1,0,2
7,1.3457994534493356,7.703671818986196,Age0_F7_m7f4_P7_Y5_UO286,RD7_F3_m2f9_P2_Y3_UO65,RD4_F7_m4f7_P4_Y3_UO267,FXX,0,0.0,0,0,0.0,0,0,0,0.0,0.4375,1,P2_CV0,1,1,1,1,1
7,1.3457994534493356,7.703671818986196,Age0_F7_m7f4_P7_Y5_UO289,RD7_F3_m2f9_P2_Y3_UO65,RD4_F7_m4f7_P4_Y3_UO267,MXY,0,0.0,0,0,0.0,0,0,0,0.0,0.4375,1,P2_CV0,1,1,1,0,2
7,1.3457994534493356,7.703671818986196,Age0_F7_m7f4_P7_Y5_UO290,RD7_F3_m2f9_P2_Y3_UO65,RD4_F7_m4f7_P4_Y3_UO267,MXY,0,0.0,0,0,0.0,0,0,0,0.0,0.4375,1,P2_CV0,1,1,1,0,2
7,1.3457994534493356,7.703671818986196,Age0_F7_m7f4_P7_Y5_UO291,RD7_F3_m2f9_P2_Y3_UO65,RD4_F7_m4f7_P4_Y3_UO267,MXY,0,0.0,0,0,0.0,0,0,0,0.0,0.4375,1,P2_CV0,1,1,1,1,1
7,1.3457994534493356,7.703671818986196,Age0_F7_m7f4_P7_Y5_UO292,RD7_F3_m2f9_P2_Y3_UO65,RD4_F7_m4f7_P4_Y3_UO267,FXX,0,0.0,0,0,0.0,0,0,0,0.0,0.4375,1,P2_CV0,1,1,1,0,2
7,1.3457994534493356,7.703671818986196,Age0_F7_m7f4_P7_Y5_UO293,RD7_F3_m2f9_P2_Y3_UO65,RD4_F7_m4f7_P4_Y3_UO267,FXX,0,0.0,0,0,0.0,0,0,0,0.0,0.4375,1,P2_CV0,1,1,1,0,2
7,1.3457994534493356,7.703671818986196,Age0_F7_m7f3_P7_Y5_UO373,RD7_F3_m2f9_P2_Y3_UO65,RD3_F6_m2f3_P2_Y3_UO441,FXX,0,0.0,0,0,0.0,0,0,0,0.0,0.6875,1,P2_CV0,1,2,0,1,1
7,1.3457994534493356,7.703671818986196,Age0_F7_m7f3_P7_Y5_UO374,RD7_F3_m2f9_P2_Y3_UO65,RD3_F6_m2f3_P2_Y3_UO441,FXX,0,0.0,0,0,0.0,0,0,0,0.0,0.6875,1,P2_CV0,1,1,1,1,1
7,1.3457994534493356,7.703671818986196,Age0_F7_m7f3_P7_Y5_UO376,RD7_F3_m2f9_P2_Y3_UO65,RD3_F6_m2f3_P2_Y3_UO441,MXY,0,0.0,0,0,0.0,0,0,0,0.0,0.6875,1,P2_CV0,1,2,0,1,1
7,1.3457994534493356,7.703671818986196,Age0_F7_m7f3_P7_Y5_UO379,RD7_F3_m2f9_P2_Y3_UO65,RD3_F6_m2f3_P2_Y3_UO441,MXY,0,0.0,0,0,0.0,0,0,0,0.0,0.6875,1,P2_CV0,1,2,0,1,1
7,1.3457994534493356,7.703671818986196,R7_F7_m4f8_P4_Y4_UO277,RD4_F8_m4f8_P4_Y2_UO422,RD8_F4_m4f8_P4_Y1_UO521,MXY,1,0.0,1,1,0.0,0,0,0,-9999.0,0.8125,1,P2_CV0,1,1,1,0,2
7,1.3457994534493356,7.703671818986196,R7_F7_m3f2_P3_Y4_UO259,RD3_F5_m1f5_P1_Y2_UO27,RD2_F6_m9f6_P9_Y2_UO185,FXX,1,0.0,1,1,1.0,0,0,0,-9999.0,0.4375,1,P2_CV0,1,1,1,1,1
7,1.3457994534493356,7.703671818986196,R7_F7_m3f2_P3_Y4_UO123,RD3_F5_m2f3_P2_Y2_UO148,RD2_F9_m2f3_P2_Y2_UO511,MXY,1,0.0,1,1,0.0,0,0,0,-9999.0,0.625,1,P2_CV0,1,0,2,2,0
7,1.3457994534493356,7.703671818986196,R7_F7_m4f8_P4_Y4_UO382,RD4_F7_m3f5_P3_Y2_UO228,RD8_F4_m4f7_P4_Y1_UO35,MXY,1,0.0,1,1,0.0,0,0,0,-9999.0,0.8125,1,P2_CV0,1,2,0,1,1
7,1.3457994534493356,7.703671818986196,R7_F7_m3f2_P3_Y4_UO262,RD3_F5_m1f5_P1_Y2_UO27,RD2_F6_m9f6_P9_Y2_UO185,FXX,1,0.0,1,1,1.0,0,0,0,-9999.0,0.4375,1,P2_CV0,1,1,1,1,1
7,1.3457994534493356,7.703671818986196,R7_F7_m4f7_P4_Y4_UO289,RD4_F8_m4f7_P4_Y2_UO35,RD7_F3_m2f6_P2_Y2_UO306,FXX,1,0.0,1,1,1.0,0,0,0,-9999.0,0.5,1,P2_CV0,1,1,1,1,1
7,1.3457994534493356,7.703671818986196,R7_F7_m3f6_P3_Y4_UO392,RD3_F5_m1f5_P1_Y2_UO442,RD6_F9_m6f3_P6_Y2_UO477,MXY,1,0.0,1,1,0.0,0,0,0,-9999.0,0.3125,1,P2_CV0,1,0,2,0,2
7,1.3457994534493356,7.703671818986196,Age0_F7_m7f4_P7_Y5_UO134,RD7_F3_m5f1_P5_Y3_UO366,RD4_F8_m4f7_P4_Y3_UO510,FXX,0,0.0,0,0,0.0,0,0,0,0.0,0.75,1,P3_CV0,1,2,0,1,1
7,1.3457994534493356,7.703671818986196,Age0_F7_m7f4_P7_Y5_UO135,RD7_F3_m5f1_P5_Y3_UO366,RD4_F8_m4f7_P4_Y3_UO510,MXY,0,0.0,0,0,0.0,0,0,0,0.0,0.75,1,P3_CV0,1,2,0,1,1
7,1.3457994534493356,7.703671818986196,Age0_F7_m7f4_P7_Y5_UO138,RD7_F3_m5f1_P5_Y3_UO366,RD4_F8_m4f7_P4_Y3_UO510,FXX,0,0.0,0,0,0.0,0,0,0,0.0,0.75,1,P3_CV0,1,2,0,1,1
7,1.3457994534493356,7.703671818986196,Age0_F7_m7f4_P7_Y5_UO139,RD7_F3_m5f1_P5_Y3_UO366,RD4_F8_m4f7_P4_Y3_UO510,MXY,0,0.0,0,0,0.0,0,0,0,0.0,0.75,1,P3_CV0,1,2,0,1,1
7,1.3457994534493356,7.703671818986196,Age0_F7_m7f3_P7_Y5_UO372,RD7_F3_m2f9_P2_Y3_UO65,RD3_F6_m2f3_P2_Y3_UO441,FXX,0,0.0,0,0,0.0,0,0,0,0.0,0.6875,1,P3_CV0,1,2,0,0,2
7,1.3457994534493356,7.703671818986196,Age0_F7_m7f3_P7_Y5_UO375,RD7_F3_m2f9_P2_Y3_UO65,RD3_F6_m2f3_P2_Y3_UO441,FXX,0,0.0,0,0,0.0,0,0,0,0.0,0.6875,1,P3_CV0,1,1,1,1,1
7,1.3457994534493356,7.703671818986196,Age0_F7_m7f3_P7_Y5_UO377,RD7_F3_m2f9_P2_Y3_UO65,RD3_F6_m2f3_P2_Y3_UO441,FXX,0,0.0,0,0,0.0,0,0,0,0.0,0.6875,1,P3_CV0,1,2,0,1,1
7,1.3457994534493356,7.703671818986196,Age0_F7_m7f3_P7_Y5_UO378,RD7_F3_m2f9_P2_Y3_UO65,RD3_F6_m2f3_P2_Y3_UO441,FXX,0,0.0,0,0,0.0,0,0,0,0.0,0.6875,1,P3_CV0,1,2,0,1,1
7,1.3457994534493356,7.703671818986196,Age0_F7_m7f3_P7_Y5_UO380,RD7_F3_m2f9_P2_Y3_UO65,RD3_F6_m2f3_P2_Y3_UO441,MXY,0,0.0,0,0,0.0,0,0,0,0.0,0.6875,1,P3_CV0,1,1,1,1,1
7,1.3457994534493356,7.703671818986196,Age0_F7_m7f4_P7_Y5_UO512,RD7_F3_m5f1_P5_Y3_UO366,RD4_F8_m4f8_P4_Y1_UO285,FXX,0,0.0,0,0,0.0,0,0,0,0.0,0.5625,1,P3_CV0,1,2,0,2,0
7,1.3457994534493356,7.703671818986196,Age0_F7_m7f4_P7_Y5_UO513,RD7_F3_m5f1_P5_Y3_UO366,RD4_F8_m4f8_P4_Y1_UO285,MXY,0,0.0,0,0,0.0,0,0,0,0.0,0.5625,1,P3_CV0,1,1,1,2,0
7,1.3457994534493356,7.703671818986196,Age0_F7_m7f4_P7_Y5_UO514,RD7_F3_m5f1_P5_Y3_UO366,RD4_F8_m4f8_P4_Y1_UO285,MXY,0,0.0,0,0,0.0,0,0,0,0.0,0.5625,1,P3_CV0,1,1,1,2,0
7,1.3457994534493356,7.703671818986196,Age0_F7_m7f4_P7_Y5_UO515,RD7_F3_m5f1_P5_Y3_UO366,RD4_F8_m4f8_P4_Y1_UO285,MXY,0,0.0,0,0,0.0,0,0,0,0.0,0.5625,1,P3_CV0,1,1,1,2,0
7,1.3457994534493356,7.703671818986196,Age0_F7_m7f4_P7_Y5_UO516,RD7_F3_m5f1_P5_Y3_UO366,RD4_F8_m4f8_P4_Y1_UO285,MXY,0,0.0,0,0,0.0,0,0,0,0.0,0.5625,1,P3_CV0,1,1,1,2,0
7,1.3457994534493356,7.703671818986196,Age0_F7_m7f4_P7_Y5_UO517,RD7_F3_m5f1_P5_Y3_UO366,RD4_F8_m4f8_P4_Y1_UO285,MXY,0,0.0,0,0,0.0,0,0,0,0.0,0.5625,1,P3_CV0,1,2,0,2,0
7,1.3457994534493356,7.703671818986196,Age0_F7_m7f4_P7_Y5_UO519,RD7_F3_m5f1_P5_Y3_UO366,RD4_F8_m4f8_P4_Y1_UO285,MXY,0,0.0,0,0,0.0,0,0,0,0.0,0.5625,1,P3_CV0,1,1,1,2,0
7,1.3457994534493356,7.703671818986196,Age0_F7_m7f4_P7_Y5_UO520,RD7_F3_m5f1_P5_Y3_UO366,RD4_F8_m4f8_P4_Y1_UO285,MXY,0,0.0,0,0,0.0,0,0,0,0.0,0.5625,1,P3_CV0,1,2,0,2,0
7,1.3457994534493356,7.703671818986196,Age0_F7_m7f3_P7_Y5_UO526,RD7_F4_m8f4_P8_Y3_UO236,RD3_F6_m2f3_P2_Y3_UO441,MXY,0,0.0,0,0,0.0,0,0,0,0.0,0.625,1,P3_CV0,1,0,2,2,0
7,1.3457994534493356,7.703671818986196,Age0_F7_m7f3_P7_Y5_UO527,RD7_F4_m8f4_P8_Y3_UO236,RD3_F6_m2f3_P2_Y3_UO441,FXX,0,0.0,0,0,0.0,0,0,0,0.0,0.625,1,P3_CV0,1,1,1,1,1
7,1.3457994534493356,7.703671818986196,Age0_F7_m7f3_P7_Y5_UO528,RD7_F4_m8f4_P8_Y3_UO236,RD3_F6_m2f3_P2_Y3_UO441,FXX,0,0.0,0,0,0.0,0,0,0,0.0,0.625,1,P3_CV0,1,1,1,2,0
7,1.3457994534493356,7.703671818986196,Age0_F7_m7f3_P7_Y5_UO529,RD7_F4_m8f4_P8_Y3_UO236,RD3_F6_m2f3_P2_Y3_UO441,MXY,0,0.0,0,0,0.0,0,0,0,0.0,0.625,1,P3_CV0,1,0,2,1,1
7,1.3457994534493356,7.703671818986196,Age0_F7_m7f3_P7_Y5_UO532,RD7_F4_m8f4_P8_Y3_UO236,RD3_F6_m2f3_P2_Y3_UO441,MXY,0,0.0,0,0,0.0,0,0,0,0.0,0.625,1,P3_CV0,1,0,2,1,1
7,1.3457994534493356,7.703671818986196,Age0_F7_m7f3_P7_Y5_UO533,RD7_F4_m8f4_P8_Y3_UO236,RD3_F6_m2f3_P2_Y3_UO441,FXX,0,0.0,0,0,0.0,0,0,0,0.0,0.625,1,P3_CV0,1,1,1,2,0
7,1.3457994534493356,7.703671818986196,R7_F7_m3f5_P3_Y4_UO222,RD3_F7_m3f6_P3_Y2_UO368,RD5_F1_m5f2_P5_Y2_UO93,FXX,1,0.0,1,1,1.0,0,0,0,-9999.0,0.5625,1,P3_CV0,1,0,2,1,1
7,1.3457994534493356,7.703671818986196,R7_F7_m4f8_P4_Y4_UO317,RD4_F7_m3f5_P3_Y2_UO228,RD8_F4_m4f8_P4_Y1_UO521,MXY,1,0.0,1,1,0.0,0,0,0,-9999.0,0.8125,1,P3_CV0,1,2,0,1,1
7,1.3457994534493356,7.703671818986196,R7_F7_m4f7_P4_Y4_UO53,RD4_F7_m4f7_P4_Y2_UO434,RD7_F4_m7f3_P7_Y2_UO360,MXY,1,0.0,1,1,0.0,0,0,0,-9999.0,0.5,1,P3_CV0,1,2,0,0,2
7,1.3457994534493356,7.703671818986196,R7_F7_m3f6_P3_Y4_UO394,RD3_F5_m1f5_P1_Y2_UO442,RD6_F9_m6f3_P6_Y2_UO477,FXX,1,0.0,1,1,1.0,0,0,0,-9999.0,0.3125,1,P4_CV0,1,0,2,0,2
7,1.3457994534493356,7.703671818986196,R7_F7_m4f7_P4_Y4_UO372,RD4_F7_m4f8_P4_Y2_UO447,RD7_F3_m6f2_P6_Y2_UO342,FXX,1,0.0,1,1,1.0,0,0,0,-9999.0,0.75,1,P4_CV0,1,0,2,1,1
7,1.3457994534493356,7.703671818986196,R7_F7_m3f6_P3_Y4_UO391,RD3_F5_m1f5_P1_Y2_UO442,RD6_F9_m6f3_P6_Y2_UO477,FXX,1,0.0,1,1,1.0,0,0,0,-9999.0,0.3125,1,P4_CV0,1,0,2,1,1
7,1.3457994534493356,7.703671818986196,R7_F7_m4f7_P4_Y4_UO140,RD4_F7_m3f5_P3_Y2_UO228,RD7_F3_m5f1_P5_Y2_UO89,MXY,1,0.0,1,1,0.0,0,0,0,-9999.0,0.3125,1,P4_CV0,1,1,1,2,0
7,1.3457994534493356,7.703671818986196,R7_F7_m4f7_P4_Y4_UO253,RD4_F8_m4f7_P4_Y2_UO35,RD7_F3_m6f2_P6_Y2_UO333,FXX,1,0.0,1,1,1.0,0,0,0,-9999.0,0.6875,1,P4_CV0,1,2,0,1,1
7,1.3457994534493356,7.703671818986196,R7_F7_m4f7_P4_Y4_UO256,RD4_F8_m4f7_P4_Y2_UO35,RD7_F3_m6f2_P6_Y2_UO333,MXY,1,0.0,1,1,0.0,0,0,0,-9999.0,0.6875,1,P4_CV0,1,2,0,1,1
7,1.3457994534493356,7.703671818986196,R7_F7_m3f2_P3_Y4_UO339,RD3_F7_m4f8_P4_Y2_UO261,RD2_F6_m6f3_P6_Y1_UO221,FXX,1,0.0,1,1,1.0,0,0,0,-9999.0,0.3125,1,P4_CV0,1,0,2,0,2
7,1.3457994534493356,7.703671818986196,R7_F7_m3f6_P3_Y4_UO393,RD3_F5_m1f5_P1_Y2_UO442,RD6_F9_m6f3_P6_Y2_UO477,MXY,1,0.0,1,1,0.0,0,0,0,-9999.0,0.3125,1,P4_CV0,1,0,2,0,2
7,1.3457994534493356,7.703671818986196,R7_F7_m3f6_P3_Y4_UO464,RD3_F6_m2f6_P2_Y2_UO49,RD6_F9_m6f2_P6_Y2_UO535,FXX,1,0.0,1,1,1.0,0,0,0,-9999.0,0.4375,1,P5_CV0,1,0,2,0,2
7,1.3457994534493356,7.703671818986196,R7_F7_m4f7_P4_Y4_UO137,RD4_F7_m3f5_P3_Y2_UO228,RD7_F3_m5f1_P5_Y2_UO89,FXX,1,0.0,1,1,1.0,0,0,0,-9999.0,0.3125,1,P5_CV0,1,1,1,2,0
7,1.3457994534493356,7.703671818986196,R7_F7_m3f6_P3_Y4_UO463,RD3_F6_m2f6_P2_Y2_UO49,RD6_F9_m6f2_P6_Y2_UO535,FXX,1,0.0,1,1,1.0,0,0,0,-9999.0,0.4375,1,P5_CV0,1,1,1,1,1
7,1.3457994534493356,7.703671818986196,R7_F7_m2f5_P2_Y3_UO24,RD2_F9_m6f9_P6_Y1_UO375,RD5_F1_m5f3_P5_Y1_UO2,FXX,2,0.0,1,0,1.0,0,0,0,-9999.0,0.25,1,P5_CV0,1,0,2,1,1
7,1.3457994534493356,7.703671818986196,Age0_F7_m7f4_P7_Y5_UO282,RD7_F3_m2f9_P2_Y3_UO65,RD4_F7_m4f7_P4_Y3_UO267,FXX,0,0.0,0,0,0.0,0,0,0,0.0,0.4375,1,P6_CV0,1,1,1,1,1
7,1.3457994534493356,7.703671818986196,Age0_F7_m7f4_P7_Y5_UO283,RD7_F3_m2f9_P2_Y3_UO65,RD4_F7_m4f7_P4_Y3_UO267,MXY,0,0.0,0,0,0.0,0,0,0,0.0,0.4375,1,P6_CV0,1,1,1,1,1
7,1.3457994534493356,7.703671818986196,Age0_F7_m7f4_P7_Y5_UO287,RD7_F3_m2f9_P2_Y3_UO65,RD4_F7_m4f7_P4_Y3_UO267,FXX,0,0.0,0,0,0.0,0,0,0,0.0,0.4375,1,P6_CV0,1,1,1,0,2
7,1.3457994534493356,7.703671818986196,Age0_F7_m7f4_P7_Y5_UO288,RD7_F3_m2f9_P2_Y3_UO65,RD4_F7_m4f7_P4_Y3_UO267,FXX,0,0.0,0,0,0.0,0,0,0,0.0,0.4375,1,P6_CV0,1,1,1,1,1
7,1.3457994534493356,7.703671818986196,R7_F7_m4f7_P4_Y4_UO249,RD4_F8_m4f7_P4_Y2_UO35,RD7_F3_m6f3_P6_Y2_UO47,FXX,1,0.0,1,1,1.0,0,0,0,-9999.0,0.5625,1,P6_CV0,1,2,0,0,2
7,1.3457994534493356,7.703671818986196,R7_F7_m3f2_P3_Y4_UO341,RD3_F7_m4f8_P4_Y2_UO261,RD2_F6_m6f3_P6_Y1_UO221,MXY,1,0.0,1,1,0.0,0,0,0,-9999.0,0.3125,1,P6_CV0,1,2,0,0,2
7,1.3457994534493356,7.703671818986196,R7_F7_m4f7_P4_Y4_UO251,RD4_F8_m4f7_P4_Y2_UO239,RD7_F4_m7f3_P7_Y2_UO360,MXY,1,0.0,1,1,0.0,0,0,0,-9999.0,0.375,1,P6_CV0,1,1,1,1,1
7,1.3457994534493356,7.703671818986196,R7_F7_m3f5_P3_Y4_UO333,RD3_F7_m4f8_P4_Y2_UO261,RD5_F1_m1f5_P1_Y1_UO483,MXY,1,0.0,1,1,0.0,0,0,0,-9999.0,0.5625,1,P6_CV0,1,2,0,0,2
7,1.3457994534493356,7.703671818986196,R7_F7_m3f7_P3_Y4_UO346,RD3_F7_m4f8_P4_Y2_UO457,RD7_F3_m4f8_P4_Y1_UO342,FXX,1,0.0,1,1,1.0,0,0,0,-9999.0,0.5,1,P6_CV0,1,0,2,1,1
7,1.3457994534493356,7.703671818986196,R7_F7_m3f7_P3_Y4_UO347,RD3_F7_m4f8_P4_Y2_UO457,RD7_F3_m4f8_P4_Y1_UO342,FXX,1,0.0,1,1,1.0,0,0,0,-9999.0,0.5,1,P6_CV0,1,0,2,1,1
7,1.3457994534493356,7.703671818986196,R7_F7_m8f4_P8_Y3_UO68,RD8_F4_m7f3_P7_Y1_UO198,RD4_F7_m4f7_P4_Y1_UO34,MXY,2,0.0,1,0,0.0,0,0,0,-9999.0,0.875,1,P6_CV0,1,2,0,1,1
7,1.3457994534493356,7.703671818986196,R7_F7_m4f7_P4_Y2_UO245,RD4_F8_m4f7_P4_Y0_UO489,RD7_F3_m-1f-1_P2_Y-1_U16,FXX,3,0.0,1,0,1.0,0,0,0,-9999.0,0.5,1,P6_CV0,1,1,1,1,1
7,1.3457994534493356,7.703671818986196,Age0_F7_m7f3_P7_Y5_UO466,RD7_F3_m5f1_P5_Y3_UO366,RD3_F7_m4f8_P4_Y3_UO247,FXX,0,0.0,0,0,0.0,0,0,0,0.0,0.5,1,P7_CV0,1,2,0,1,1
7,1.3457994534493356,7.703671818986196,Age0_F7_m7f3_P7_Y5_UO467,RD7_F3_m5f1_P5_Y3_UO366,RD3_F7_m4f8_P4_Y3_UO247,MXY,0,0.0,0,0,0.0,0,0,0,0.0,0.5,1,P7_CV0,1,1,1,2,0
7,1.3457994534493356,7.703671818986196,Age0_F7_m7f3_P7_Y5_UO469,RD7_F3_m5f1_P5_Y3_UO366,RD3_F7_m4f8_P4_Y3_UO247,FXX,0,0.0,0,0,0.0,0,0,0,0.0,0.5,1,P7_CV0,1,1,1,2,0
7,1.3457994534493356,7.703671818986196,Age0_F7_m7f3_P7_Y5_UO525,RD7_F4_m8f4_P8_Y3_UO236,RD3_F6_m2f3_P2_Y3_UO441,FXX,0,0.0,0,0,0.0,0,0,0,0.0,0.625,1,P7_CV0,1,1,1,1,1
7,1.3457994534493356,7.703671818986196,Age0_F7_m7f3_P7_Y5_UO530,RD7_F4_m8f4_P8_Y3_UO236,RD3_F6_m2f3_P2_Y3_UO441,FXX,0,0.0,0,0,0.0,0,0,0,0.0,0.625,1,P7_CV0,1,0,2,2,0
7,1.3457994534493356,7.703671818986196,Age0_F7_m7f3_P7_Y5_UO531,RD7_F4_m8f4_P8_Y3_UO236,RD3_F6_m2f3_P2_Y3_UO441,MXY,0,0.0,0,0,0.0,0,0,0,0.0,0.625,1,P7_CV0,1,0,2,2,0
7,1.3457994534493356,7.703671818986196,Age0_F7_m7f3_P7_Y5_UO534,RD7_F4_m8f4_P8_Y3_UO236,RD3_F6_m2f3_P2_Y3_UO441,FXX,0,0.0,0,0,0.0,0,0,0,0.0,0.625,1,P7_CV0,1,0,2,1,1
7,1.3457994534493356,7.703671818986196,R7_F7_m8f4_P8_Y3_UO427,RD8_F4_m7f3_P7_Y1_UO198,RD4_F7_m3f2_P3_Y1_UO13,MXY,2,0.0,1,0,0.0,0,0,0,-9999.0,0.75,1,P8_CV0,1,2,0,1,1
8,1.8443986564691528,11.780027217250101,R8_F8_m3f7_P3_Y2_UO513,RD3_F7_m3f2_P3_Y0_UO414,RD7_F3_m5f1_P5_Y0_UO255,MXY,3,0.0,1,0,0.0,0,0,0,-9999.0,0.625,1,P1_CV0,1,0,2,1,1
8,1.8443986564691528,11.780027217250101,R8_F8_m4f7_P4_Y4_UO52,RD4_F7_m4f7_P4_Y2_UO434,RD7_F4_m7f3_P7_Y2_UO360,MXY,1,0.0,1,1,0.0,0,0,0,-9999.0,0.5,1,P2_CV0,1,2,0,0,2
8,1.8443986564691528,11.780027217250101,R8_F8_m4f7_P4_Y4_UO246,RD4_F8_m4f7_P4_Y2_UO35,RD7_F3_m6f3_P6_Y2_UO47,FXX,1,0.0,1,1,1.0,0,0,0,-9999.0,0.5625,1,P2_CV0,1,2,0,1,1
8,1.8443986564691528,11.780027217250101,R8_F8_m4f7_P4_Y4_UO247,RD4_F8_m4f7_P4_Y2_UO35,RD7_F3_m6f3_P6_Y2_UO47,FXX,1,0.0,1,1,1.0,0,0,0,-9999.0,0.5625,1,P2_CV0,1,2,0,0,2
8,1.8443986564691528,11.780027217250101,R8_F8_m4f7_P4_Y4_UO248,RD4_F8_m4f7_P4_Y2_UO35,RD7_F3_m6f3_P6_Y2_UO47,MXY,1,0.0,1,1,0.0,0,0,0,-9999.0,0.5625,1,P2_CV0,1,2,0,1,1
8,1.8443986564691528,11.780027217250101,R8_F8_m4f7_P4_Y4_UO252,RD4_F8_m4f7_P4_Y2_UO239,RD7_F4_m7f3_P7_Y2_UO360,MXY,1,0.0,1,1,0.0,0,0,0,-9999.0,0.375,1,P2_CV0,1,1,1,0,2
8,1.8443986564691528,11.780027217250101,R8_F8_m4f7_P4_Y4_UO255,RD4_F8_m4f7_P4_Y2_UO35,RD7_F3_m6f2_P6_Y2_UO333,FXX,1,0.0,1,1,1.0,0,0,0,-9999.0,0.6875,1,P2_CV0,1,1,1,1,1
8,1.8443986564691528,11.780027217250101,R8_F8_m4f8_P4_Y4_UO278,RD4_F8_m4f8_P4_Y2_UO422,RD8_F4_m4f8_P4_Y1_UO521,MXY,1,0.0,1,1,0.0,0,0,0,-9999.0,0.8125,1,P2_CV0,1,1,1,0,2
8,1.8443986564691528,11.780027217250101,R8_F8_m4f8_P4_Y4_UO279,RD4_F8_m4f8_P4_Y2_UO422,RD8_F4_m4f8_P4_Y1_UO521,MXY,1,0.0,1,1,0.0,0,0,0,-9999.0,0.8125,1,P2_CV0,1,1,1,1,1
8,1.8443986564691528,11.780027217250101,R8_F8_m4f7_P4_Y4_UO288,RD4_F8_m4f7_P4_Y2_UO35,RD7_F3_m2f6_P2_Y2_UO306,FXX,1,0.0,1,1,1.0,0,0,0,-9999.0,0.5,1,P2_CV0,1,1,1,1,1
8,1.8443986564691528,11.780027217250101,R8_F8_m4f7_P4_Y4_UO291,RD4_F8_m4f7_P4_Y2_UO35,RD7_F3_m2f6_P2_Y2_UO306,FXX,1,0.0,1,1,1.0,0,0,0,-9999.0,0.5,1,P2_CV0,1,1,1,1,1
8,1.8443986564691528,11.780027217250101,R8_F8_m4f7_P4_Y4_UO292,RD4_F8_m4f7_P4_Y2_UO35,RD7_F3_m2f6_P2_Y2_UO306,MXY,1,0.0,1,1,0.0,0,0,0,-9999.0,0.5,1,P2_CV0,1,1,1,1,1
8,1.8443986564691528,11.780027217250101,R8_F8_m4f7_P4_Y4_UO293,RD4_F8_m4f7_P4_Y2_UO35,RD7_F3_m2f6_P2_Y2_UO306,MXY,1,0.0,1,1,0.0,0,0,0,-9999.0,0.5,1,P2_CV0,1,1,1,1,1
8,1.8443986564691528,11.780027217250101,R8_F8_m4f8_P4_Y4_UO355,RD4_F7_m4f8_P4_Y2_UO447,RD8_F4_m4f8_P4_Y1_UO285,FXX,1,0.0,1,1,1.0,0,0,0,-9999.0,0.625,1,P2_CV0,1,2,0,1,1
8,1.8443986564691528,11.780027217250101,R8_F8_m4f8_P4_Y4_UO381,RD4_F7_m3f5_P3_Y2_UO228,RD8_F4_m4f7_P4_Y1_UO35,FXX,1,0.0,1,1,1.0,0,0,0,-9999.0,0.8125,1,P2_CV0,1,2,0,1,1
8,1.8443986564691528,11.780027217250101,R8_F8_m4f7_P4_Y2_UO35,RD4_F7_m3f5_P3_Y0_UO310,RD7_F3_m7f3_P7_Y0_UO270,FXX,3,0.0,1,0,1.0,0,0,0,-9999.0,0.625,1,P2_CV0,1,2,0,0,2
8,1.8443986564691528,11.780027217250101,R8_F8_m4f8_P4_Y4_UO244,RD4_F8_m4f7_P4_Y2_UO556,RD8_F4_m7f3_P7_Y2_UO366,MXY,1,0.0,1,1,0.0,0,0,0,-9999.0,0.375,1,P3_CV0,1,0,2,1,1
8,1.8443986564691528,11.780027217250101,R8_F8_m4f8_P4_Y4_UO245,RD4_F8_m4f7_P4_Y2_UO556,RD8_F4_m7f3_P7_Y2_UO366,FXX,1,0.0,1,1,1.0,0,0,0,-9999.0,0.375,1,P3_CV0,1,0,2,1,1
8,1.8443986564691528,11.780027217250101,R8_F8_m4f8_P4_Y4_UO316,RD4_F7_m3f5_P3_Y2_UO228,RD8_F4_m4f8_P4_Y1_UO521,MXY,1,0.0,1,1,0.0,0,0,0,-9999.0,0.8125,1,P3_CV0,1,2,0,1,1
8,1.8443986564691528,11.780027217250101,R8_F8_m4f8_P4_Y4_UO318,RD4_F7_m3f5_P3_Y2_UO228,RD8_F4_m4f8_P4_Y1_UO521,MXY,1,0.0,1,1,0.0,0,0,0,-9999.0,0.8125,1,P3_CV0,1,2,0,1,1
8,1.8443986564691528,11.780027217250101,R8_F8_m4f8_P4_Y4_UO320,RD4_F7_m3f5_P3_Y2_UO228,RD8_F4_m4f8_P4_Y1_UO521,FXX,1,0.0,1,1,1.0,0,0,0,-9999.0,0.8125,1,P3_CV0,1,2,0,1,1
8,1.8443986564691528,11.780027217250101,R8_F8_m4f8_P4_Y4_UO321,RD4_F7_m3f5_P3_Y2_UO228,RD8_F4_m4f8_P4_Y1_UO521,MXY,1,0.0,1,1,0.0,0,0,0,-9999.0,0.8125,1,P3_CV0,1,2,0,1,1
8,1.8443986564691528,11.780027217250101,R8_F8_m4f8_P4_Y4_UO354,RD4_F7_m4f8_P4_Y2_UO447,RD8_F4_m4f8_P4_Y1_UO285,FXX,1,0.0,1,1,1.0,0,0,0,-9999.0,0.625,1,P3_CV0,1,0,2,1,1
8,1.8443986564691528,11.780027217250101,R8_F8_m4f8_P4_Y4_UO357,RD4_F7_m4f8_P4_Y2_UO447,RD8_F4_m4f8_P4_Y1_UO285,MXY,1,0.0,1,1,0.0,0,0,0,-9999.0,0.625,1,P3_CV0,1,1,1,1,1
8,1.8443986564691528,11.780027217250101,R8_F8_m4f7_P4_Y4_UO359,RD4_F8_m4f7_P4_Y2_UO437,RD7_F3_m5f1_P5_Y2_UO407,FXX,1,0.0,1,1,1.0,0,0,0,-9999.0,0.625,1,P3_CV0,1,1,1,2,0
8,1.8443986564691528,11.780027217250101,R8_F8_m4f7_P4_Y4_UO135,RD4_F7_m3f5_P3_Y2_UO228,RD7_F3_m5f1_P5_Y2_UO89,FXX,1,0.0,1,1,1.0,0,0,0,-9999.0,0.3125,1,P4_CV0,1,1,1,2,0
8,1.8443986564691528,11.780027217250101,R8_F8_m4f7_P4_Y4_UO254,RD4_F8_m4f7_P4_Y2_UO35,RD7_F3_m6f2_P6_Y2_UO333,FXX,1,0.0,1,1,1.0,0,0,0,-9999.0,0.6875,1,P4_CV0,1,1,1,1,1
8,1.8443986564691528,11.780027217250101,R8_F8_m4f8_P4_Y4_UO301,RD4_F7_m3f2_P3_Y2_UO325,RD8_F4_m4f8_P4_Y1_UO286,FXX,1,0.0,1,1,1.0,0,0,0,-9999.0,0.5,1,P4_CV0,1,2,0,1,1
8,1.8443986564691528,11.780027217250101,R8_F8_m4f8_P4_Y4_UO302,RD4_F7_m3f2_P3_Y2_UO325,RD8_F4_m4f8_P4_Y1_UO286,MXY,1,0.0,1,1,0.0,0,0,0,-9999.0,0.5,1,P4_CV0,1,2,0,1,1
8,1.8443986564691528,11.780027217250101,R8_F8_m4f8_P4_Y4_UO306,RD4_F7_m3f2_P3_Y2_UO325,RD8_F4_m4f8_P4_Y1_UO286,FXX,1,0.0,1,1,1.0,0,0,0,-9999.0,0.5,1,P4_CV0,1,1,1,1,1
8,1.8443986564691528,11.780027217250101,R8_F8_m4f7_P4_Y4_UO324,RD4_F7_m3f2_P3_Y2_UO325,RD7_F3_m5f1_P5_Y2_UO407,MXY,1,0.0,1,1,0.0,0,0,0,-9999.0,0.5,1,P4_CV0,1,1,1,0,2
8,1.8443986564691528,11.780027217250101,R8_F8_m4f7_P4_Y4_UO326,RD4_F7_m3f2_P3_Y2_UO325,RD7_F3_m5f1_P5_Y2_UO407,FXX,1,0.0,1,1,1.0,0,0,0,-9999.0,0.5,1,P4_CV0,1,2,0,1,1
8,1.8443986564691528,11.780027217250101,R8_F8_m4f7_P4_Y4_UO327,RD4_F7_m3f2_P3_Y2_UO325,RD7_F3_m5f1_P5_Y2_UO407,FXX,1,0.0,1,1,1.0,0,0,0,-9999.0,0.5,1,P4_CV0,1,1,1,0,2
8,1.8443986564691528,11.780027217250101,R8_F8_m4f7_P4_Y4_UO329,RD4_F7_m3f2_P3_Y2_UO325,RD7_F3_m5f1_P5_Y2_UO407,FXX,1,0.0,1,1,1.0,0,0,0,-9999.0,0.5,1,P4_CV0,1,2,0,0,2
8,1.8443986564691528,11.780027217250101,R8_F8_m4f7_P4_Y4_UO358,RD4_F8_m4f7_P4_Y2_UO437,RD7_F3_m5f1_P5_Y2_UO407,FXX,1,0.0,1,1,1.0,0,0,0,-9999.0,0.625,1,P4_CV0,1,1,1,1,1
8,1.8443986564691528,11.780027217250101,R8_F8_m4f7_P4_Y4_UO360,RD4_F8_m4f7_P4_Y2_UO437,RD7_F3_m5f1_P5_Y2_UO407,MXY,1,0.0,1,1,0.0,0,0,0,-9999.0,0.625,1,P4_CV0,1,1,1,1,1
8,1.8443986564691528,11.780027217250101,R8_F8_m4f7_P4_Y4_UO407,RD4_F7_m4f7_P4_Y2_UO37,RD7_F3_m6f2_P6_Y2_UO333,MXY,1,0.0,1,1,0.0,0,0,0,-9999.0,0.8125,1,P4_CV0,1,0,2,1,1
8,1.8443986564691528,11.780027217250101,R8_F8_m4f7_P4_Y4_UO408,RD4_F7_m4f7_P4_Y2_UO37,RD7_F3_m6f2_P6_Y2_UO333,FXX,1,0.0,1,1,1.0,0,0,0,-9999.0,0.8125,1,P4_CV0,1,1,1,1,1
8,1.8443986564691528,11.780027217250101,R8_F8_m4f7_P4_Y4_UO409,RD4_F7_m4f7_P4_Y2_UO37,RD7_F3_m6f2_P6_Y2_UO333,MXY,1,0.0,1,1,0.0,0,0,0,-9999.0,0.8125,1,P4_CV0,1,2,0,1,1
8,1.8443986564691528,11.780027217250101,R8_F8_m4f7_P4_Y4_UO410,RD4_F7_m4f7_P4_Y2_UO37,RD7_F3_m6f2_P6_Y2_UO333,FXX,1,0.0,1,1,1.0,0,0,0,-9999.0,0.8125,1,P4_CV0,1,0,2,1,1
8,1.8443986564691528,11.780027217250101,R8_F8_m4f7_P4_Y4_UO411,RD4_F7_m4f7_P4_Y2_UO37,RD7_F3_m6f2_P6_Y2_UO333,MXY,1,0.0,1,1,0.0,0,0,0,-9999.0,0.8125,1,P4_CV0,1,0,2,1,1
8,1.8443986564691528,11.780027217250101,R8_F8_m4f7_P4_Y4_UO412,RD4_F7_m4f7_P4_Y2_UO37,RD7_F3_m6f2_P6_Y2_UO333,MXY,1,0.0,1,1,0.0,0,0,0,-9999.0,0.8125,1,P4_CV0,1,0,2,1,1
8,1.8443986564691528,11.780027217250101,Age0_F8_m8f4_P8_Y5_UO53,RD8_F4_m8f4_P8_Y3_UO70,RD4_F8_m4f8_P4_Y3_UO248,FXX,0,0.0,0,0,0.0,0,0,0,0.0,0.625,1,P5_CV0,1,2,0,1,1
8,1.8443986564691528,11.780027217250101,Age0_F8_m8f4_P8_Y5_UO57,RD8_F4_m8f4_P8_Y3_UO70,RD4_F8_m4f8_P4_Y3_UO248,MXY,0,0.0,0,0,0.0,0,0,0,0.0,0.625,1,P5_CV0,1,2,0,1,1
8,1.8443986564691528,11.780027217250101,Age0_F8_m8f4_P8_Y5_UO58,RD8_F4_m8f4_P8_Y3_UO70,RD4_F8_m4f8_P4_Y3_UO248,MXY,0,0.0,0,0,0.0,0,0,0,0.0,0.625,1,P5_CV0,1,2,0,1,1
8,1.8443986564691528,11.780027217250101,Age0_F8_m8f4_P8_Y5_UO59,RD8_F4_m8f4_P8_Y3_UO70,RD4_F8_m4f8_P4_Y3_UO248,FXX,0,0.0,0,0,0.0,0,0,0,0.0,0.625,1,P5_CV0,1,2,0,1,1
8,1.8443986564691528,11.780027217250101,Age0_F8_m8f4_P8_Y5_UO60,RD8_F4_m8f4_P8_Y3_UO70,RD4_F8_m4f8_P4_Y3_UO248,FXX,0,0.0,0,0,0.0,0,0,0,0.0,0.625,1,P5_CV0,1,2,0,0,2
8,1.8443986564691528,11.780027217250101,Age0_F8_m8f4_P8_Y5_UO62,RD8_F4_m8f4_P8_Y3_UO70,RD4_F8_m4f8_P4_Y3_UO248,MXY,0,0.0,0,0,0.0,0,0,0,0.0,0.625,1,P5_CV0,1,2,0,0,2
8,1.8443986564691528,11.780027217250101,Age0_F8_m8f4_P8_Y5_UO64,RD8_F4_m8f4_P8_Y3_UO70,RD4_F8_m4f8_P4_Y3_UO248,MXY,0,0.0,0,0,0.0,0,0,0,0.0,0.625,1,P5_CV0,1,2,0,1,1
8,1.8443986564691528,11.780027217250101,Age0_F8_m8f4_P8_Y5_UO65,RD8_F4_m8f4_P8_Y3_UO70,RD4_F8_m4f8_P4_Y3_UO248,FXX,0,0.0,0,0,0.0,0,0,0,0.0,0.625,1,P5_CV0,1,2,0,2,0
8,1.8443986564691528,11.780027217250101,Age0_F8_m8f4_P8_Y5_UO66,RD8_F4_m8f4_P8_Y3_UO70,RD4_F8_m4f8_P4_Y3_UO248,FXX,0,0.0,0,0,0.0,0,0,0,0.0,0.625,1,P5_CV0,1,2,0,2,0
8,1.8443986564691528,11.780027217250101,Age0_F8_m8f4_P8_Y5_UO67,RD8_F4_m8f4_P8_Y3_UO70,RD4_F8_m4f8_P4_Y3_UO248,FXX,0,0.0,0,0,0.0,0,0,0,0.0,0.625,1,P5_CV0,1,2,0,1,1
8,1.8443986564691528,11.780027217250101,Age0_F8_m8f4_P8_Y5_UO68,RD8_F4_m8f4_P8_Y3_UO70,RD4_F8_m4f8_P4_Y3_UO248,MXY,0,0.0,0,0,0.0,0,0,0,0.0,0.625,1,P5_CV0,1,2,0,2,0
8,1.8443986564691528,11.780027217250101,Age0_F8_m8f4_P8_Y5_UO71,RD8_F4_m8f4_P8_Y3_UO70,RD4_F8_m4f8_P4_Y3_UO248,FXX,0,0.0,0,0,0.0,0,0,0,0.0,0.625,1,P5_CV0,1,2,0,2,0
8,1.8443986564691528,11.780027217250101,Age0_F8_m8f4_P8_Y5_UO72,RD8_F4_m8f4_P8_Y3_UO70,RD4_F8_m4f8_P4_Y3_UO248,MXY,0,0.0,0,0,0.0,0,0,0,0.0,0.625,1,P5_CV0,1,2,0,1,1
8,1.8443986564691528,11.780027217250101,Age0_F8_m8f4_P8_Y5_UO76,RD8_F4_m8f4_P8_Y3_UO70,RD4_F8_m4f8_P4_Y3_UO248,MXY,0,0.0,0,0,0.0,0,0,0,0.0,0.625,1,P5_CV0,1,2,0,0,2
8,1.8443986564691528,11.780027217250101,R8_F8_m4f7_P4_Y4_UO134,RD4_F7_m3f5_P3_Y2_UO228,RD7_F3_m5f1_P5_Y2_UO89,FXX,1,0.0,1,1,1.0,0,0,0,-9999.0,0.3125,1,P5_CV0,1,1,1,2,0
8,1.8443986564691528,11.780027217250101,R8_F8_m4f7_P4_Y4_UO136,RD4_F7_m3f5_P3_Y2_UO228,RD7_F3_m5f1_P5_Y2_UO89,MXY,1,0.0,1,1,0.0,0,0,0,-9999.0,0.3125,1,P5_CV0,1,1,1,1,1
8,1.8443986564691528,11.780027217250101,R8_F8_m4f7_P4_Y4_UO138,RD4_F7_m3f5_P3_Y2_UO228,RD7_F3_m5f1_P5_Y2_UO89,MXY,1,0.0,1,1,0.0,0,0,0,-9999.0,0.3125,1,P5_CV0,1,1,1,1,1
8,1.8443986564691528,11.780027217250101,R8_F8_m4f7_P4_Y4_UO139,RD4_F7_m3f5_P3_Y2_UO228,RD7_F3_m5f1_P5_Y2_UO89,FXX,1,0.0,1,1,1.0,0,0,0,-9999.0,0.3125,1,P5_CV0,1,1,1,1,1
8,1.8443986564691528,11.780027217250101,R8_F8_m4f7_P4_Y4_UO149,RD4_F7_m3f7_P3_Y2_UO117,RD7_F3_m7f3_P7_Y2_UO221,FXX,1,0.0,1,1,1.0,0,0,0,-9999.0,0.4375,1,P5_CV0,1,1,1,2,0
8,1.8443986564691528,11.780027217250101,R8_F8_m4f7_P4_Y4_UO150,RD4_F7_m3f7_P3_Y2_UO117,RD7_F3_m7f3_P7_Y2_UO221,FXX,1,0.0,1,1,1.0,0,0,0,-9999.0,0.4375,1,P5_CV0,1,0,2,1,1
8,1.8443986564691528,11.780027217250101,R8_F8_m4f7_P4_Y4_UO151,RD4_F7_m3f7_P3_Y2_UO117,RD7_F3_m7f3_P7_Y2_UO221,FXX,1,0.0,1,1,1.0,0,0,0,-9999.0,0.4375,1,P5_CV0,1,1,1,1,1
8,1.8443986564691528,11.780027217250101,R8_F8_m4f7_P4_Y4_UO152,RD4_F7_m3f7_P3_Y2_UO117,RD7_F3_m7f3_P7_Y2_UO221,FXX,1,0.0,1,1,1.0,0,0,0,-9999.0,0.4375,1,P5_CV0,1,1,1,1,1
8,1.8443986564691528,11.780027217250101,R8_F8_m4f7_P4_Y4_UO153,RD4_F7_m3f7_P3_Y2_UO117,RD7_F3_m7f3_P7_Y2_UO221,MXY,1,0.0,1,1,0.0,0,0,0,-9999.0,0.4375,1,P5_CV0,1,2,0,2,0
8,1.8443986564691528,11.780027217250101,R8_F8_m4f7_P4_Y4_UO446,RD4_F8_m4f8_P4_Y2_UO529,RD7_F3_m2f5_P2_Y2_UO429,MXY,1,0.0,1,1,0.0,0,0,0,-9999.0,0.5,1,P5_CV0,1,0,2,1,1
8,1.8443986564691528,11.780027217250101,R8_F8_m8f4_P8_Y3_UO75,RD8_F4_m7f3_P7_Y1_UO198,RD4_F7_m4f7_P4_Y1_UO34,MXY,2,0.0,1,0,0.0,0,0,0,-9999.0,0.875,1,P5_CV0,1,2,0,0,2
8,1.8443986564691528,11.780027217250101,R8_F8_m8f4_P8_Y3_UO70,RD8_F4_m7f3_P7_Y1_UO198,RD4_F7_m4f7_P4_Y1_UO34,FXX,2,0.0,1,0,1.0,0,0,0,-9999.0,0.875,1,P5_CV0,1,2,0,1,1
8,1.8443986564691528,11.780027217250101,R8_F8_m4f7_P4_Y4_UO250,RD4_F8_m4f7_P4_Y2_UO239,RD7_F4_m7f3_P7_Y2_UO360,FXX,1,0.0,1,1,1.0,0,0,0,-9999.0,0.375,1,P6_CV0,1,0,2,0,2
8,1.8443986564691528,11.780027217250101,R8_F8_m4f7_P4_Y4_UO290,RD4_F8_m4f7_P4_Y2_UO35,RD7_F3_m2f6_P2_Y2_UO306,FXX,1,0.0,1,1,1.0,0,0,0,-9999.0,0.5,1,P6_CV0,1,1,1,1,1
8,1.8443986564691528,11.780027217250101,R8_F8_m4f8_P4_Y4_UO303,RD4_F7_m3f2_P3_Y2_UO325,RD8_F4_m4f8_P4_Y1_UO286,FXX,1,0.0,1,1,1.0,0,0,0,-9999.0,0.5,1,P6_CV0,1,2,0,1,1
8,1.8443986564691528,11.780027217250101,R8_F8_m4f8_P4_Y4_UO305,RD4_F7_m3f2_P3_Y2_UO325,RD8_F4_m4f8_P4_Y1_UO286,FXX,1,0.0,1,1,1.0,0,0,0,-9999.0,0.5,1,P6_CV0,1,2,0,1,1
8,1.8443986564691528,11.780027217250101,R8_F8_m4f7_P4_Y4_UO313,RD4_F8_m4f7_P4_Y2_UO245,RD7_F3_m6f3_P6_Y2_UO47,FXX,1,0.0,1,1,1.0,0,0,0,-9999.0,0.5,1,P6_CV0,1,1,1,0,2
8,1.8443986564691528,11.780027217250101,R8_F8_m4f8_P4_Y4_UO454,RD4_F8_m4f7_P4_Y2_UO245,RD8_F4_m4f8_P4_Y1_UO286,FXX,1,0.0,1,1,1.0,0,0,0,-9999.0,0.5,1,P6_CV0,1,2,0,2,0
8,1.8443986564691528,11.780027217250101,R8_F8_m8f4_P8_Y3_UO73,RD8_F4_m7f3_P7_Y1_UO198,RD4_F7_m4f7_P4_Y1_UO34,MXY,2,0.0,1,0,0.0,0,0,0,-9999.0,0.875,1,P6_CV0,1,2,0,1,1
8,1.8443986564691528,11.780027217250101,R8_F8_m4f7_P4_Y2_UO239,RD4_F8_m4f7_P4_Y0_UO489,RD7_F3_m-1f-1_P2_Y-1_U16,FXX,3,0.0,1,0,1.0,0,0,0,-9999.0,0.5,1,P6_CV0,1,1,1,1,1
8,1.8443986564691528,11.780027217250101,Age0_F8_m8f4_P8_Y5_UO54,RD8_F4_m8f4_P8_Y3_UO70,RD4_F8_m4f8_P4_Y3_UO248,MXY,0,0.0,0,0,0.0,0,0,0,0.0,0.625,1,P7_CV0,1,2,0,1,1
8,1.8443986564691528,11.780027217250101,Age0_F8_m8f4_P8_Y5_UO55,RD8_F4_m8f4_P8_Y3_UO70,RD4_F8_m4f8_P4_Y3_UO248,MXY,0,0.0,0,0,0.0,0,0,0,0.0,0.625,1,P7_CV0,1,2,0,1,1
8,1.8443986564691528,11.780027217250101,Age0_F8_m8f4_P8_Y5_UO56,RD8_F4_m8f4_P8_Y3_UO70,RD4_F8_m4f8_P4_Y3_UO248,FXX,0,0.0,0,0,0.0,0,0,0,0.0,0.625,1,P7_CV0,1,2,0,1,1
8,1.8443986564691528,11.780027217250101,Age0_F8_m8f4_P8_Y5_UO61,RD8_F4_m8f4_P8_Y3_UO70,RD4_F8_m4f8_P4_Y3_UO248,MXY,0,0.0,0,0,0.0,0,0,0,0.0,0.625,1,P7_CV0,1,2,0,1,1
8,1.8443986564691528,11.780027217250101,Age0_F8_m8f4_P8_Y5_UO63,RD8_F4_m8f4_P8_Y3_UO70,RD4_F8_m4f8_P4_Y3_UO248,FXX,0,0.0,0,0,0.0,0,0,0,0.0,0.625,1,P7_CV0,1,2,0,2,0
8,1.8443986564691528,11.780027217250101,Age0_F8_m8f4_P8_Y5_UO69,RD8_F4_m8f4_P8_Y3_UO70,RD4_F8_m4f8_P4_Y3_UO248,MXY,0,0.0,0,0,0.0,0,0,0,0.0,0.625,1,P7_CV0,1,2,0,2,0
8,1.8443986564691528,11.780027217250101,Age0_F8_m8f4_P8_Y5_UO70,RD8_F4_m8f4_P8_Y3_UO70,RD4_F8_m4f8_P4_Y3_UO248,FXX,0,0.0,0,0,0.0,0,0,0,0.0,0.625,1,P7_CV0,1,2,0,0,2
8,1.8443986564691528,11.780027217250101,Age0_F8_m8f4_P8_Y5_UO73,RD8_F4_m8f4_P8_Y3_UO70,RD4_F8_m4f8_P4_Y3_UO248,FXX,0,0.0,0,0,0.0,0,0,0,0.0,0.625,1,P7_CV0,1,2,0,1,1
8,1.8443986564691528,11.780027217250101,Age0_F8_m8f4_P8_Y5_UO74,RD8_F4_m8f4_P8_Y3_UO70,RD4_F8_m4f8_P4_Y3_UO248,MXY,0,0.0,0,0,0.0,0,0,0,0.0,0.625,1,P7_CV0,1,2,0,1,1
8,1.8443986564691528,11.780027217250101,Age0_F8_m8f4_P8_Y5_UO75,RD8_F4_m8f4_P8_Y3_UO70,RD4_F8_m4f8_P4_Y3_UO248,MXY,0,0.0,0,0,0.0,0,0,0,0.0,0.625,1,P7_CV0,1,2,0,2,0
8,1.8443986564691528,11.780027217250101,R8_F8_m7f4_P7_Y3_UO304,RD7_F4_m8f4_P8_Y1_UO276,RD4_F7_m3f6_P3_Y1_UO92,FXX,2,0.0,1,0,1.0,0,0,0,-9999.0,0.5,1,P7_CV0,1,2,0,2,0
8,1.8443986564691528,11.780027217250101,R8_F8_m8f4_P8_Y3_UO413,RD8_F4_m8f4_P8_Y1_UO550,RD4_F8_m4f8_P4_Y1_UO286,MXY,2,0.0,1,0,0.0,0,0,0,-9999.0,0.375,1,P7_CV0,1,1,1,1,1
8,1.8443986564691528,11.780027217250101,R8_F8_m7f4_P7_Y3_UO303,RD7_F4_m8f4_P8_Y1_UO276,RD4_F7_m3f6_P3_Y1_UO92,MXY,2,0.0,1,0,0.0,0,0,0,-9999.0,0.5,1,P8_CV0,1,0,2,2,0
9,8.539752926394888,7.413552560728917,R9_F9_m2f5_P2_Y4_UO322,RD2_F9_m6f2_P6_Y2_UO490,RD5_F2_m3f7_P3_Y2_UO166,FXX,1,0.0,1,1,1.0,0,0,0,-9999.0,0.5625,1,P0_CV0,1,1,1,0,2
9,8.539752926394888,7.413552560728917,R9_F9_m2f9_P2_Y4_UO107,RD2_F3_m7f3_P7_Y2_UO13,RD9_F6_m5f1_P5_Y1_UO51,MXY,1,0.0,1,1,0.0,0,0,0,-9999.0,0.4375,1,P0_CV0,1,2,0,0,2
9,8.539752926394888,7.413552560728917,R9_F9_m6f9_P6_Y4_UO529,RD6_F9_m2f3_P2_Y2_UO191,RD9_F6_m5f1_P5_Y1_UO51,MXY,1,0.0,1,1,0.0,0,0,0,-9999.0,0.5,1,P0_CV0,1,2,0,2,0
9,8.539752926394888,7.413552560728917,R9_F9_m2f3_P2_Y4_UO402,RD2_F5_m1f5_P1_Y2_UO180,RD3_F5_m1f5_P1_Y2_UO445,FXX,1,0.0,1,1,1.0,0,0,0,-9999.0,0.375,1,P0_CV0,1,0,2,0,2
9,8.539752926394888,7.413552560728917,R9_F9_m2f3_P2_Y4_UO460,RD2_F6_m3f7_P3_Y2_UO167,RD3_F6_m6f3_P6_Y1_UO557,FXX,1,0.0,1,1,1.0,0,0,0,-9999.0,0.5,1,P0_CV0,1,1,1,0,2
9,8.539752926394888,7.413552560728917,R9_F9_m2f6_P2_Y4_UO237,RD2_F5_m1f5_P1_Y2_UO183,RD6_F2_m5f1_P5_Y2_UO280,MXY,1,0.0,1,1,0.0,0,0,0,-9999.0,0.375,1,P1_CV0,1,1,1,1,1
9,8.539752926394888,7.413552560728917,R9_F9_m2f9_P2_Y4_UO167,RD2_F9_m6f2_P6_Y2_UO490,RD9_F6_m9f2_P9_Y2_UO254,FXX,1,0.0,1,1,1.0,0,0,0,-9999.0,0.625,1,P1_CV0,1,1,1,1,1
9,8.539752926394888,7.413552560728917,R9_F9_m6f9_P6_Y4_UO537,RD6_F2_m5f1_P5_Y2_UO282,RD9_F2_m6f2_P6_Y0_UO264,MXY,1,0.0,1,1,0.0,0,0,0,-9999.0,0.4375,1,P1_CV0,1,1,1,2,0
9,8.539752926394888,7.413552560728917,R9_F9_m6f2_P6_Y4_UO437,RD6_F9_m6f2_P6_Y2_UO338,RD2_F5_m9f6_P9_Y1_UO316,FXX,1,0.0,1,1,1.0,0,0,0,-9999.0,0.5,1,P1_CV0,1,0,2,1,1
9,8.539752926394888,7.413552560728917,R9_F9_m6f2_P6_Y4_UO439,RD6_F9_m6f2_P6_Y2_UO338,RD2_F5_m9f6_P9_Y1_UO316,MXY,1,0.0,1,1,0.0,0,0,0,-9999.0,0.5,1,P1_CV0,1,0,2,1,1
9,8.539752926394888,7.413552560728917,R9_F9_m2f6_P2_Y4_UO239,RD2_F5_m1f5_P1_Y2_UO183,RD6_F2_m5f1_P5_Y2_UO280,MXY,1,0.0,1,1,0.0,0,0,0,-9999.0,0.375,1,P1_CV0,1,1,1,0,2
9,8.539752926394888,7.413552560728917,R9_F9_m-1f-1_P2_Y-1_U81,-9999,-9999,MXY,6,0.0,1,0,0.0,0,0,0,-9999.0,0.5,1,P1_CV0,1,1,1,1,1
9,8.539752926394888,7.413552560728917,Age0_F9_m9f2_P9_Y5_UO204,RD9_F6_m9f6_P9_Y3_UO157,RD2_F3_m5f3_P5_Y3_UO399,FXX,0,0.0,0,0,0.0,0,0,0,0.0,0.5625,1,P2_CV0,1,1,1,1,1
9,8.539752926394888,7.413552560728917,Age0_F9_m9f2_P9_Y5_UO205,RD9_F6_m9f6_P9_Y3_UO157,RD2_F3_m5f3_P5_Y3_UO399,FXX,0,0.0,0,0,0.0,0,0,0,0.0,0.5625,1,P2_CV0,1,1,1,1,1
9,8.539752926394888,7.413552560728917,Age0_F9_m9f2_P9_Y5_UO209,RD9_F6_m9f6_P9_Y3_UO157,RD2_F3_m5f3_P5_Y3_UO399,MXY,0,0.0,0,0,0.0,0,0,0,0.0,0.5625,1,P2_CV0,1,2,0,1,1
9,8.539752926394888,7.413552560728917,Age0_F9_m9f2_P9_Y5_UO211,RD9_F6_m9f6_P9_Y3_UO157,RD2_F3_m5f3_P5_Y3_UO399,FXX,0,0.0,0,0,0.0,0,0,0,0.0,0.5625,1,P2_CV0,1,1,1,1,1
9,8.539752926394888,7.413552560728917,Age0_F9_m9f2_P9_Y5_UO213,RD9_F6_m9f6_P9_Y3_UO157,RD2_F3_m5f3_P5_Y3_UO399,MXY,0,0.0,0,0,0.0,0,0,0,0.0,0.5625,1,P2_CV0,1,1,1,1,1
9,8.539752926394888,7.413552560728917,Age0_F9_m9f2_P9_Y5_UO214,RD9_F6_m9f6_P9_Y3_UO157,RD2_F3_m5f3_P5_Y3_UO399,FXX,0,0.0,0,0,0.0,0,0,0,0.0,0.5625,1,P2_CV0,1,2,0,1,1
9,8.539752926394888,7.413552560728917,Age0_F9_m9f2_P9_Y5_UO215,RD9_F6_m9f6_P9_Y3_UO157,RD2_F3_m5f3_P5_Y3_UO399,MXY,0,0.0,0,0,0.0,0,0,0,0.0,0.5625,1,P2_CV0,1,1,1,1,1
9,8.539752926394888,7.413552560728917,Age0_F9_m9f2_P9_Y5_UO221,RD9_F6_m9f6_P9_Y3_UO157,RD2_F3_m5f3_P5_Y3_UO399,MXY,0,0.0,0,0,0.0,0,0,0,0.0,0.5625,1,P2_CV0,1,1,1,1,1
9,8.539752926394888,7.413552560728917,Age0_F9_m9f2_P9_Y5_UO222,RD9_F6_m9f6_P9_Y3_UO157,RD2_F3_m5f3_P5_Y3_UO399,FXX,0,0.0,0,0,0.0,0,0,0,0.0,0.5625,1,P2_CV0,1,1,1,1,1
9,8.539752926394888,7.413552560728917,Age0_F9_m9f2_P9_Y5_UO224,RD9_F6_m9f6_P9_Y3_UO157,RD2_F3_m5f3_P5_Y3_UO399,FXX,0,0.0,0,0,0.0,0,0,0,0.0,0.5625,1,P2_CV0,1,0,2,1,1
9,8.539752926394888,7.413552560728917,R9_F9_m6f3_P6_Y4_UO336,RD6_F3_m7f3_P7_Y2_UO103,RD3_F7_m4f7_P4_Y2_UO395,FXX,1,0.0,1,1,1.0,0,0,0,-9999.0,0.75,1,P2_CV0,1,2,0,1,1
9,8.539752926394888,7.413552560728917,R9_F9_m2f5_P2_Y4_UO397,RD2_F5_m1f5_P1_Y2_UO183,RD5_F2_m6f2_P6_Y2_UO501,FXX,1,0.0,1,1,1.0,0,0,0,-9999.0,0.5,1,P2_CV0,1,0,2,2,0
9,8.539752926394888,7.413552560728917,R9_F9_m2f6_P2_Y4_UO133,RD2_F6_m2f5_P2_Y2_UO345,RD6_F2_m9f6_P9_Y1_UO248,FXX,1,0.0,1,1,1.0,0,0,0,-9999.0,0.5,1,P2_CV0,1,0,2,2,0
9,8.539752926394888,7.413552560728917,R9_F9_m2f6_P2_Y4_UO238,RD2_F5_m1f5_P1_Y2_UO183,RD6_F2_m5f1_P5_Y2_UO280,MXY,1,0.0,1,1,0.0,0,0,0,-9999.0,0.375,1,P2_CV0,1,2,0,1,1
9,8.539752926394888,7.413552560728917,R9_F9_m6f3_P6_Y4_UO337,RD6_F3_m7f3_P7_Y2_UO103,RD3_F7_m4f7_P4_Y2_UO395,FXX,1,0.0,1,1,1.0,0,0,0,-9999.0,0.75,1,P2_CV0,1,1,1,1,1
9,8.539752926394888,7.413552560728917,R9_F9_m9f6_P9_Y3_UO150,RD9_F2_m3f7_P3_Y1_UO420,RD6_F9_m3f5_P3_Y0_UO533,FXX,2,0.0,1,0,1.0,0,0,0,-9999.0,0.75,1,P2_CV0,1,2,0,0,2
9,8.539752926394888,7.413552560728917,R9_F9_m9f6_P9_Y3_UO157,RD9_F2_m3f7_P3_Y1_UO420,RD6_F9_m3f5_P3_Y0_UO533,FXX,2,0.0,1,0,1.0,0,0,0,-9999.0,0.75,1,P2_CV0,1,1,1,0,2
9,8.539752926394888,7.413552560728917,R9_F9_m2f3_P2_Y4_UO352,RD2_F3_m7f3_P7_Y2_UO11,RD3_F7_m4f7_P4_Y2_UO171,MXY,1,0.0,1,1,0.0,0,0,0,-9999.0,0.25,1,P3_CV0,1,0,2,1,1
9,8.539752926394888,7.413552560728917,R9_F9_m6f3_P6_Y4_UO428,RD6_F9_m2f9_P2_Y2_UO71,RD3_F7_m4f7_P4_Y2_UO436,MXY,1,0.0,1,1,0.0,0,0,0,-9999.0,0.6875,1,P3_CV0,1,1,1,0,2
9,8.539752926394888,7.413552560728917,R9_F9_m6f3_P6_Y4_UO433,RD6_F9_m2f9_P2_Y2_UO71,RD3_F7_m4f7_P4_Y2_UO436,MXY,1,0.0,1,1,0.0,0,0,0,-9999.0,0.6875,1,P3_CV0,1,2,0,0,2
9,8.539752926394888,7.413552560728917,Age0_F9_m9f2_P9_Y5_UO203,RD9_F6_m9f6_P9_Y3_UO157,RD2_F3_m5f3_P5_Y3_UO399,FXX,0,0.0,0,0,0.0,0,0,0,0.0,0.5625,1,P4_CV0,1,1,1,1,1
9,8.539752926394888,7.413552560728917,Age0_F9_m9f2_P9_Y5_UO206,RD9_F6_m9f6_P9_Y3_UO157,RD2_F3_m5f3_P5_Y3_UO399,FXX,0,0.0,0,0,0.0,0,0,0,0.0,0.5625,1,P4_CV0,1,0,2,1,1
9,8.539752926394888,7.413552560728917,Age0_F9_m9f2_P9_Y5_UO207,RD9_F6_m9f6_P9_Y3_UO157,RD2_F3_m5f3_P5_Y3_UO399,FXX,0,0.0,0,0,0.0,0,0,0,0.0,0.5625,1,P4_CV0,1,1,1,1,1
9,8.539752926394888,7.413552560728917,Age0_F9_m9f2_P9_Y5_UO208,RD9_F6_m9f6_P9_Y3_UO157,RD2_F3_m5f3_P5_Y3_UO399,MXY,0,0.0,0,0,0.0,0,0,0,0.0,0.5625,1,P4_CV0,1,2,0,1,1
9,8.539752926394888,7.413552560728917,Age0_F9_m9f2_P9_Y5_UO210,RD9_F6_m9f6_P9_Y3_UO157,RD2_F3_m5f3_P5_Y3_UO399,FXX,0,0.0,0,0,0.0,0,0,0,0.0,0.5625,1,P4_CV0,1,0,2,1,1
9,8.539752926394888,7.413552560728917,Age0_F9_m9f2_P9_Y5_UO212,RD9_F6_m9f6_P9_Y3_UO157,RD2_F3_m5f3_P5_Y3_UO399,MXY,0,0.0,0,0,0.0,0,0,0,0.0,0.5625,1,P4_CV0,1,1,1,1,1
9,8.539752926394888,7.413552560728917,Age0_F9_m9f2_P9_Y5_UO216,RD9_F6_m9f6_P9_Y3_UO157,RD2_F3_m5f3_P5_Y3_UO399,MXY,0,0.0,0,0,0.0,0,0,0,0.0,0.5625,1,P4_CV0,1,2,0,1,1
9,8.539752926394888,7.413552560728917,Age0_F9_m9f2_P9_Y5_UO217,RD9_F6_m9f6_P9_Y3_UO157,RD2_F3_m5f3_P5_Y3_UO399,MXY,0,0.0,0,0,0.0,0,0,0,0.0,0.5625,1,P4_CV0,1,1,1,1,1
9,8.539752926394888,7.413552560728917,Age0_F9_m9f2_P9_Y5_UO218,RD9_F6_m9f6_P9_Y3_UO157,RD2_F3_m5f3_P5_Y3_UO399,MXY,0,0.0,0,0,0.0,0,0,0,0.0,0.5625,1,P4_CV0,1,2,0,1,1
9,8.539752926394888,7.413552560728917,Age0_F9_m9f2_P9_Y5_UO219,RD9_F6_m9f6_P9_Y3_UO157,RD2_F3_m5f3_P5_Y3_UO399,FXX,0,0.0,0,0,0.0,0,0,0,0.0,0.5625,1,P4_CV0,1,0,2,1,1
9,8.539752926394888,7.413552560728917,Age0_F9_m9f2_P9_Y5_UO220,RD9_F6_m9f6_P9_Y3_UO157,RD2_F3_m5f3_P5_Y3_UO399,FXX,0,0.0,0,0,0.0,0,0,0,0.0,0.5625,1,P4_CV0,1,2,0,1,1
9,8.539752926394888,7.413552560728917,Age0_F9_m9f2_P9_Y5_UO223,RD9_F6_m9f6_P9_Y3_UO157,RD2_F3_m5f3_P5_Y3_UO399,MXY,0,0.0,0,0,0.0,0,0,0,0.0,0.5625,1,P4_CV0,1,1,1,1,1
9,8.539752926394888,7.413552560728917,Age0_F9_m9f2_P9_Y5_UO225,RD9_F6_m9f6_P9_Y3_UO157,RD2_F3_m5f3_P5_Y3_UO399,MXY,0,0.0,0,0,0.0,0,0,0,0.0,0.5625,1,P4_CV0,1,0,2,1,1
9,8.539752926394888,7.413552560728917,Age0_F9_m9f2_P9_Y5_UO226,RD9_F6_m9f6_P9_Y3_UO157,RD2_F3_m5f3_P5_Y3_UO399,MXY,0,0.0,0,0,0.0,0,0,0,0.0,0.5625,1,P4_CV0,1,1,1,1,1
9,8.539752926394888,7.413552560728917,Age0_F9_m9f2_P9_Y5_UO267,RD9_F6_m9f6_P9_Y3_UO156,RD2_F3_m5f3_P5_Y3_UO399,FXX,0,0.0,0,0,0.0,0,0,0,0.0,0.5625,1,P4_CV0,1,2,0,1,1
9,8.539752926394888,7.413552560728917,Age0_F9_m9f2_P9_Y5_UO269,RD9_F6_m9f6_P9_Y3_UO156,RD2_F3_m5f3_P5_Y3_UO399,MXY,0,0.0,0,0,0.0,0,0,0,0.0,0.5625,1,P4_CV0,1,1,1,1,1
9,8.539752926394888,7.413552560728917,Age0_F9_m9f2_P9_Y5_UO273,RD9_F6_m9f6_P9_Y3_UO156,RD2_F3_m5f3_P5_Y3_UO399,MXY,0,0.0,0,0,0.0,0,0,0,0.0,0.5625,1,P4_CV0,1,2,0,1,1
9,8.539752926394888,7.413552560728917,Age0_F9_m9f2_P9_Y5_UO274,RD9_F6_m9f6_P9_Y3_UO156,RD2_F3_m5f3_P5_Y3_UO399,MXY,0,0.0,0,0,0.0,0,0,0,0.0,0.5625,1,P4_CV0,1,0,2,1,1
9,8.539752926394888,7.413552560728917,Age0_F9_m9f2_P9_Y5_UO276,RD9_F6_m9f6_P9_Y3_UO156,RD2_F3_m5f3_P5_Y3_UO399,MXY,0,0.0,0,0,0.0,0,0,0,0.0,0.5625,1,P4_CV0,1,2,0,1,1
9,8.539752926394888,7.413552560728917,Age0_F9_m9f2_P9_Y5_UO278,RD9_F6_m9f6_P9_Y3_UO156,RD2_F3_m5f3_P5_Y3_UO399,MXY,0,0.0,0,0,0.0,0,0,0,0.0,0.5625,1,P4_CV0,1,2,0,1,1
9,8.539752926394888,7.413552560728917,Age0_F9_m9f2_P9_Y5_UO280,RD9_F6_m9f6_P9_Y3_UO156,RD2_F3_m5f3_P5_Y3_UO399,MXY,0,0.0,0,0,0.0,0,0,0,0.0,0.5625,1,P4_CV0,1,0,2,1,1
9,8.539752926394888,7.413552560728917,R9_F9_m6f9_P6_Y4_UO23,RD6_F2_m3f2_P3_Y2_UO327,RD9_F6_m9f2_P9_Y2_UO254,MXY,1,0.0,1,1,0.0,0,0,0,-9999.0,0.5625,1,P4_CV0,1,0,2,1,1
9,8.539752926394888,7.413552560728917,R9_F9_m6f9_P6_Y4_UO25,RD6_F2_m3f2_P3_Y2_UO327,RD9_F6_m9f2_P9_Y2_UO254,MXY,1,0.0,1,1,0.0,0,0,0,-9999.0,0.5625,1,P4_CV0,1,0,2,1,1
9,8.539752926394888,7.413552560728917,R9_F9_m6f9_P6_Y4_UO539,RD6_F2_m5f1_P5_Y2_UO282,RD9_F2_m6f2_P6_Y0_UO264,FXX,1,0.0,1,1,1.0,0,0,0,-9999.0,0.4375,1,P4_CV0,1,1,1,1,1
9,8.539752926394888,7.413552560728917,R9_F9_m6f2_P6_Y4_UO436,RD6_F9_m6f2_P6_Y2_UO338,RD2_F5_m9f6_P9_Y1_UO316,FXX,1,0.0,1,1,1.0,0,0,0,-9999.0,0.5,1,P4_CV0,1,0,2,1,1
9,8.539752926394888,7.413552560728917,R9_F9_m2f5_P2_Y4_UO281,RD2_F9_m6f2_P6_Y2_UO492,RD5_F3_m7f3_P7_Y2_UO580,FXX,1,0.0,1,1,1.0,0,0,0,-9999.0,0.5,1,P4_CV0,1,1,1,0,2
9,8.539752926394888,7.413552560728917,R9_F9_m2f5_P2_Y4_UO284,RD2_F9_m6f2_P6_Y2_UO492,RD5_F3_m7f3_P7_Y2_UO580,FXX,1,0.0,1,1,1.0,0,0,0,-9999.0,0.5,1,P4_CV0,1,1,1,1,1
9,8.539752926394888,7.413552560728917,R9_F9_m6f9_P6_Y4_UO307,RD6_F2_m3f2_P3_Y2_UO327,RD9_F6_m3f6_P3_Y2_UO545,MXY,1,0.0,1,1,0.0,0,0,0,-9999.0,0.5,1,P4_CV0,1,1,1,1,1
9,8.539752926394888,7.413552560728917,R9_F9_m6f9_P6_Y4_UO538,RD6_F2_m5f1_P5_Y2_UO282,RD9_F2_m6f2_P6_Y0_UO264,FXX,1,0.0,1,1,1.0,0,0,0,-9999.0,0.4375,1,P4_CV0,1,1,1,1,1
9,8.539752926394888,7.413552560728917,R9_F9_m6f2_P6_Y4_UO434,RD6_F9_m6f2_P6_Y2_UO338,RD2_F5_m9f6_P9_Y1_UO316,FXX,1,0.0,1,1,1.0,0,0,0,-9999.0,0.5,1,P4_CV0,1,1,1,1,1
9,8.539752926394888,7.413552560728917,R9_F9_m6f3_P6_Y4_UO558,RD6_F2_m3f2_P3_Y2_UO327,RD3_F5_m1f5_P1_Y2_UO445,MXY,1,0.0,1,1,0.0,0,0,0,-9999.0,0.4375,1,P4_CV0,1,0,2,1,1
9,8.539752926394888,7.413552560728917,R9_F9_m6f9_P6_Y4_UO535,RD6_F2_m5f1_P5_Y2_UO282,RD9_F2_m6f2_P6_Y0_UO264,FXX,1,0.0,1,1,1.0,0,0,0,-9999.0,0.4375,1,P4_CV0,1,1,1,2,0
9,8.539752926394888,7.413552560728917,R9_F9_m6f9_P6_Y4_UO309,RD6_F2_m3f2_P3_Y2_UO327,RD9_F6_m3f6_P3_Y2_UO545,FXX,1,0.0,1,1,1.0,0,0,0,-9999.0,0.5,1,P4_CV0,1,1,1,1,1
9,8.539752926394888,7.413552560728917,R9_F9_m2f9_P2_Y4_UO164,RD2_F9_m6f2_P6_Y2_UO490,RD9_F6_m9f2_P9_Y2_UO254,MXY,1,0.0,1,1,0.0,0,0,0,-9999.0,0.625,1,P4_CV0,1,0,2,1,1
9,8.539752926394888,7.413552560728917,R9_F9_m6f9_P6_Y4_UO311,RD6_F2_m3f2_P3_Y2_UO327,RD9_F6_m3f6_P3_Y2_UO545,MXY,1,0.0,1,1,0.0,0,0,0,-9999.0,0.5,1,P4_CV0,1,1,1,2,0
9,8.539752926394888,7.413552560728917,R9_F9_m1f5_P1_Y2_UO399,RD1_F5_m1f5_P1_Y0_UO245,RD5_F1_m-1f-1_P5_Y-1_U49,FXX,3,0.0,1,0,1.0,0,0,0,-9999.0,0.125,1,P4_CV0,1,0,2,1,1
9,8.539752926394888,7.413552560728917,Age0_F9_m9f2_P9_Y5_UO266,RD9_F6_m9f6_P9_Y3_UO156,RD2_F3_m5f3_P5_Y3_UO399,MXY,0,0.0,0,0,0.0,0,0,0,0.0,0.5625,1,P5_CV0,1,0,2,1,1
9,8.539752926394888,7.413552560728917,Age0_F9_m9f2_P9_Y5_UO268,RD9_F6_m9f6_P9_Y3_UO156,RD2_F3_m5f3_P5_Y3_UO399,FXX,0,0.0,0,0,0.0,0,0,0,0.0,0.5625,1,P5_CV0,1,0,2,1,1
9,8.539752926394888,7.413552560728917,Age0_F9_m9f2_P9_Y5_UO270,RD9_F6_m9f6_P9_Y3_UO156,RD2_F3_m5f3_P5_Y3_UO399,FXX,0,0.0,0,0,0.0,0,0,0,0.0,0.5625,1,P5_CV0,1,1,1,1,1
9,8.539752926394888,7.413552560728917,Age0_F9_m9f2_P9_Y5_UO271,RD9_F6_m9f6_P9_Y3_UO156,RD2_F3_m5f3_P5_Y3_UO399,FXX,0,0.0,0,0,0.0,0,0,0,0.0,0.5625,1,P5_CV0,1,0,2,1,1
9,8.539752926394888,7.413552560728917,Age0_F9_m9f2_P9_Y5_UO272,RD9_F6_m9f6_P9_Y3_UO156,RD2_F3_m5f3_P5_Y3_UO399,MXY,0,0.0,0,0,0.0,0,0,0,0.0,0.5625,1,P5_CV0,1,1,1,1,1
9,8.539752926394888,7.413552560728917,Age0_F9_m9f2_P9_Y5_UO275,RD9_F6_m9f6_P9_Y3_UO156,RD2_F3_m5f3_P5_Y3_UO399,FXX,0,0.0,0,0,0.0,0,0,0,0.0,0.5625,1,P5_CV0,1,2,0,1,1
9,8.539752926394888,7.413552560728917,Age0_F9_m9f2_P9_Y5_UO277,RD9_F6_m9f6_P9_Y3_UO156,RD2_F3_m5f3_P5_Y3_UO399,FXX,0,0.0,0,0,0.0,0,0,0,0.0,0.5625,1,P5_CV0,1,1,1,1,1
9,8.539752926394888,7.413552560728917,Age0_F9_m9f2_P9_Y5_UO279,RD9_F6_m9f6_P9_Y3_UO156,RD2_F3_m5f3_P5_Y3_UO399,MXY,0,0.0,0,0,0.0,0,0,0,0.0,0.5625,1,P5_CV0,1,2,0,1,1
9,8.539752926394888,7.413552560728917,Age0_F9_m9f2_P9_Y5_UO281,RD9_F6_m9f6_P9_Y3_UO156,RD2_F3_m5f3_P5_Y3_UO399,FXX,0,0.0,0,0,0.0,0,0,0,0.0,0.5625,1,P5_CV0,1,0,2,1,1
9,8.539752926394888,7.413552560728917,R9_F9_m6f9_P6_Y4_UO528,RD6_F9_m2f3_P2_Y2_UO191,RD9_F6_m5f1_P5_Y1_UO51,MXY,1,0.0,1,1,0.0,0,0,0,-9999.0,0.5,1,P5_CV0,1,0,2,2,0
9,8.539752926394888,7.413552560728917,R9_F9_m2f6_P2_Y4_UO95,RD2_F9_m6f2_P6_Y2_UO499,RD6_F9_m6f2_P6_Y2_UO535,FXX,1,0.0,1,1,1.0,0,0,0,-9999.0,0.625,1,P5_CV0,1,2,0,1,1
9,8.539752926394888,7.413552560728917,R9_F9_m6f2_P6_Y4_UO170,RD6_F9_m6f2_P6_Y2_UO536,RD2_F3_m6f2_P6_Y2_UO156,MXY,1,0.0,1,1,0.0,0,0,0,-9999.0,0.5625,1,P5_CV0,1,1,1,0,2
9,8.539752926394888,7.413552560728917,R9_F9_m6f9_P6_Y4_UO527,RD6_F9_m2f3_P2_Y2_UO191,RD9_F6_m5f1_P5_Y1_UO51,MXY,1,0.0,1,1,0.0,0,0,0,-9999.0,0.5,1,P5_CV0,1,0,2,2,0
9,8.539752926394888,7.413552560728917,R9_F9_m6f2_P6_Y4_UO0,RD6_F9_m2f3_P2_Y2_UO191,RD2_F5_m9f2_P9_Y0_UO114,FXX,1,0.0,1,1,1.0,0,0,0,-9999.0,0.625,1,P5_CV0,1,1,1,2,0
9,8.539752926394888,7.413552560728917,R9_F9_m2f6_P2_Y4_UO97,RD2_F9_m6f2_P6_Y2_UO499,RD6_F9_m6f2_P6_Y2_UO535,FXX,1,0.0,1,1,1.0,0,0,0,-9999.0,0.625,1,P5_CV0,1,1,1,0,2
9,8.539752926394888,7.413552560728917,R9_F9_m6f2_P6_Y4_UO2,RD6_F9_m2f3_P2_Y2_UO191,RD2_F5_m9f2_P9_Y0_UO114,MXY,1,0.0,1,1,0.0,0,0,0,-9999.0,0.625,1,P5_CV0,1,1,1,1,1
9,8.539752926394888,7.413552560728917,R9_F9_m6f2_P6_Y4_UO380,RD6_F9_m6f2_P6_Y2_UO536,RD2_F9_m2f3_P2_Y2_UO511,MXY,1,0.0,1,1,0.0,0,0,0,-9999.0,0.625,1,P5_CV0,1,0,2,1,1
9,8.539752926394888,7.413552560728917,R9_F9_m6f9_P6_Y4_UO530,RD6_F9_m2f3_P2_Y2_UO191,RD9_F6_m5f1_P5_Y1_UO51,MXY,1,0.0,1,1,0.0,0,0,0,-9999.0,0.5,1,P5_CV0,1,1,1,1,1
9,8.539752926394888,7.413552560728917,R9_F9_m6f9_P6_Y3_UO295,RD6_F9_m2f3_P2_Y1_UO258,RD9_F6_m9f6_P9_Y1_UO251,MXY,2,0.0,1,0,0.0,0,0,0,-9999.0,0.375,1,P5_CV0,1,0,2,0,2
9,8.539752926394888,7.413552560728917,R9_F9_m6f3_P6_Y3_UO206,RD6_F9_m6f9_P6_Y1_UO379,RD3_F2_m9f6_P9_Y1_UO314,MXY,2,0.0,1,0,0.0,0,0,0,-9999.0,0.25,1,P5_CV0,1,1,1,1,1
9,8.539752926394888,7.413552560728917,R9_F9_m6f2_P6_Y3_UO33,RD6_F9_m6f9_P6_Y1_UO379,RD2_F6_m2f3_P2_Y1_UO21,MXY,2,0.0,1,0,0.0,0,0,0,-9999.0,0.125,1,P5_CV0,1,0,2,1,1
9,8.539752926394888,7.413552560728917,R9_F9_m6f2_P6_Y3_UO465,RD6_F9_m2f3_P2_Y1_UO184,RD2_F3_m6f3_P6_Y0_UO123,MXY,2,0.0,1,0,0.0,0,0,0,-9999.0,0.625,1,P5_CV0,1,1,1,1,1
9,8.539752926394888,7.413552560728917,R9_F9_m2f3_P2_Y2_UO511,RD2_F9_m6f3_P6_Y0_UO39,RD3_F5_m1f5_P1_Y0_UO326,MXY,3,0.0,1,0,0.0,0,0,0,-9999.0,0.625,1,P5_CV0,1,1,1,2,0
9,8.539752926394888,7.413552560728917,R9_F9_m6f3_P6_Y4_UO219,RD6_F2_m6f2_P6_Y2_UO534,RD3_F7_m4f7_P4_Y2_UO171,MXY,1,0.0,1,1,0.0,0,0,0,-9999.0,0.375,1,P6_CV0,1,0,2,1,1
9,8.539752926394888,7.413552560728917,R9_F9_m6f3_P6_Y4_UO217,RD6_F2_m6f2_P6_Y2_UO534,RD3_F7_m4f7_P4_Y2_UO171,MXY,1,0.0,1,1,0.0,0,0,0,-9999.0,0.375,1,P6_CV0,1,2,0,0,2
9,8.539752926394888,7.413552560728917,R9_F9_m6f2_P6_Y4_UO274,RD6_F3_m2f6_P2_Y2_UO304,RD2_F6_m9f6_P9_Y2_UO114,FXX,1,0.0,1,1,1.0,0,0,0,-9999.0,0.5,1,P6_CV0,1,1,1,0,2
9,8.539752926394888,7.413552560728917,R9_F9_m2f3_P2_Y2_UO310,RD2_F3_m7f3_P7_Y0_UO91,RD3_F5_m1f5_P1_Y0_UO234,FXX,3,0.0,1,0,1.0,0,0,0,-9999.0,0.5,1,P6_CV0,1,2,0,1,1
9,8.539752926394888,7.413552560728917,R9_F9_m6f3_P6_Y4_UO429,RD6_F9_m2f9_P2_Y2_UO71,RD3_F7_m4f7_P4_Y2_UO436,FXX,1,0.0,1,1,1.0,0,0,0,-9999.0,0.6875,1,P8_CV0,1,0,2,0,2
9,8.539752926394888,7.413552560728917,R9_F9_m6f3_P6_Y4_UO432,RD6_F9_m2f9_P2_Y2_UO71,RD3_F7_m4f7_P4_Y2_UO436,MXY,1,0.0,1,1,0.0,0,0,0,-9999.0,0.6875,1,P8_CV0,1,1,1,0,2
9,8.539752926394888,7.413552560728917,R9_F9_m6f9_P6_Y4_UO156,RD6_F2_m6f2_P6_Y2_UO334,RD9_F6_m9f2_P9_Y2_UO254,MXY,1,0.0,1,1,0.0,0,0,0,-9999.0,0.6875,1,P8_CV0,1,2,0,0,2
9,8.539752926394888,7.413552560728917,R9_F9_m6f3_P6_Y4_UO443,RD6_F2_m6f2_P6_Y2_UO334,RD3_F2_m6f3_P6_Y1_UO476,MXY,1,0.0,1,1,0.0,0,0,0,-9999.0,0.375,1,P8_CV0,1,0,2,1,1
9,8.539752926394888,7.413552560728917,R9_F9_m6f2_P6_Y2_UO340,RD6_F3_m5f1_P5_Y0_UO259,RD2_F5_m2f9_P2_Y0_UO512,FXX,3,0.0,1,0,1.0,0,0,0,-9999.0,0.75,1,P8_CV0,1,0,2,2,0
