PatchID,XCOORD,YCOORD,ID,MID,FID,sex,age,size,mature,newmature,layeggs,capture,recapture,state,CDist,Hindex,Species,ClassFile,SubPatchID,L0A0,L0A1,L1A0,L1A1
1,0.5488135039273248,0.7151893663724195,R1_F1_m1f2_P1_Y18_UO159,RD1_F19_m19f2_P19_Y16_UO92,R2_F2_m15f17_P15_Y15_UO560,MXY,1,0.0,0,0,0.0,0,0,0,-9999.0,0.4482421875,1,P0_CV0,1,1,1,0,2
1,0.5488135039273248,0.7151893663724195,R1_F1_m1f2_P1_Y18_UO160,RD1_F19_m19f2_P19_Y16_UO92,R2_F2_m15f17_P15_Y15_UO560,MXY,1,0.0,0,0,0.0,0,0,0,-9999.0,0.4482421875,1,P0_CV0,1,1,1,0,2
1,0.5488135039273248,0.7151893663724195,R1_F1_m1f3_P1_Y18_UO429,R1_F1_m3f19_P3_Y16_UO588,RD3_F19_m19f3_P19_Y16_UO599,MXY,1,0.0,0,0,0.0,0,0,0,-9999.0,0.447265625,1,P0_CV0,1,0,2,0,2
1,0.5488135039273248,0.7151893663724195,R1_F1_m1f3_P1_Y18_UO454,RD1_F12_m4f7_P4_Y16_UO659,RD3_F19_m3f17_P3_Y16_UO459,FXX,1,0.0,0,0,0.0,0,0,0,-9999.0,0.49755859375,1,P0_CV0,1,0,2,2,0
1,0.5488135039273248,0.7151893663724195,RD1_F2_m2f15_P2_Y18_UO421,RD2_F6_m6f2_P6_Y16_UO959,R15_F15_m15f2_P15_Y16_UO551,FXX,1,0.0,0,0,0.0,0,0,0,-9999.0,0.42138671875,1,P0_CV0,1,1,1,2,0
1,0.5488135039273248,0.7151893663724195,RD1_F2_m2f1_P2_Y18_UO903,RD2_F6_m6f2_P6_Y16_UO962,R1_F1_m1f3_P1_Y16_UO1060,FXX,1,0.0,0,0,0.0,0,0,0,-9999.0,0.4326171875,1,P0_CV0,1,0,2,1,1
1,0.5488135039273248,0.7151893663724195,RD1_F3_m3f12_P3_Y18_UO126,R3_F3_m12f7_P12_Y16_UO1129,R12_F12_m12f4_P12_Y16_UO1121,MXY,1,0.0,0,0,0.0,0,0,0,-9999.0,0.48974609375,1,P0_CV0,1,1,1,2,0
1,0.5488135039273248,0.7151893663724195,RD1_F12_m12f7_P12_Y18_UO977,RD12_F4_m7f12_P7_Y16_UO975,R7_F7_m4f7_P4_Y16_UO1021,MXY,1,0.0,0,0,0.0,0,0,0,-9999.0,0.48193359375,1,P0_CV0,1,0,2,2,0
1,0.5488135039273248,0.7151893663724195,RD1_F19_m19f2_P19_Y18_UO187,R19_F19_m19f1_P19_Y16_UO694,RD2_F6_m6f2_P6_Y16_UO963,FXX,1,0.0,0,0,0.0,0,0,0,-9999.0,0.44384765625,1,P0_CV0,1,0,2,1,1
1,0.5488135039273248,0.7151893663724195,RD1_F19_m19f3_P19_Y18_UO699,R19_F19_m1f17_P1_Y16_UO831,RD3_F1_m1f12_P1_Y16_UO568,MXY,1,0.0,0,0,0.0,0,0,0,-9999.0,0.4365234375,1,P0_CV0,1,1,1,0,2
1,0.5488135039273248,0.7151893663724195,RD1_F19_m19f3_P19_Y18_UO700,R19_F19_m1f17_P1_Y16_UO831,RD3_F1_m1f12_P1_Y16_UO568,FXX,1,0.0,0,0,0.0,0,0,0,-9999.0,0.4365234375,1,P0_CV0,1,0,2,1,1
1,0.5488135039273248,0.7151893663724195,RD1_F3_m17f3_P17_Y17_UO290,RD17_F2_m2f19_P2_Y15_UO101,RD3_F19_m19f17_P19_Y15_UO125,FXX,2,0.0,1,0,1.0,0,0,0,-9999.0,0.427734375,1,P0_CV0,1,2,0,1,1
1,0.5488135039273248,0.7151893663724195,RD1_F3_m3f17_P3_Y17_UO488,RD3_F19_m1f2_P1_Y15_UO422,R17_F17_m15f17_P15_Y15_UO326,FXX,2,0.0,1,0,1.0,0,0,0,-9999.0,0.447265625,1,P0_CV0,1,1,1,1,1
1,0.5488135039273248,0.7151893663724195,RD1_F19_m17f15_P17_Y17_UO554,R17_F17_m15f17_P15_Y15_UO566,RD15_F17_m2f19_P2_Y15_UO105,FXX,2,0.0,1,0,1.0,0,0,0,-9999.0,0.4443359375,1,P0_CV0,1,2,0,1,1
1,0.5488135039273248,0.7151893663724195,RD1_F2_m2f1_P2_Y18_UO687,RD2_F6_m2f15_P2_Y16_UO123,R1_F1_m1f2_P1_Y15_UO429,FXX,1,0.0,0,0,0.0,0,0,0,-9999.0,0.44775390625,1,P11_CV0,1,0,2,1,1
1,0.5488135039273248,0.7151893663724195,R1_F1_m1f2_P1_Y18_UO693,R1_F1_m17f2_P17_Y16_UO797,RD2_F19_m19f1_P19_Y16_UO26,MXY,1,0.0,0,0,0.0,0,0,0,-9999.0,0.44189453125,1,P12_CV0,1,1,1,2,0
1,0.5488135039273248,0.7151893663724195,RD1_F3_m3f17_P3_Y18_UO446,R3_F3_m3f1_P3_Y16_UO426,R17_F17_m17f19_P17_Y16_UO465,MXY,1,0.0,0,0,0.0,0,0,0,-9999.0,0.4482421875,1,P12_CV0,1,0,2,1,1
1,0.5488135039273248,0.7151893663724195,RD1_F12_m12f4_P12_Y18_UO602,R12_F12_m12f16_P12_Y16_UO330,R4_F4_m4f12_P4_Y16_UO399,MXY,1,0.0,0,0,0.0,0,0,0,-9999.0,0.4892578125,1,P12_CV0,1,0,2,1,1
1,0.5488135039273248,0.7151893663724195,RD1_F12_m12f1_P12_Y18_UO1203,R12_F12_m12f7_P12_Y16_UO1128,RD1_F19_m19f3_P19_Y16_UO809,FXX,1,0.0,0,0,0.0,0,0,0,-9999.0,0.4580078125,1,P12_CV0,1,1,1,2,0
1,0.5488135039273248,0.7151893663724195,R1_F1_m19f3_P19_Y16_UO809,R19_F19_m2f19_P2_Y14_UO513,R3_F3_m19f17_P19_Y14_UO77,MXY,3,0.0,1,0,0.0,0,0,0,-9999.0,0.447265625,1,P12_CV0,1,0,2,1,1
1,0.5488135039273248,0.7151893663724195,R1_F1_m1f17_P1_Y16_UO1111,RD1_F17_m1f17_P1_Y14_UO481,RD17_F15_m15f2_P15_Y14_UO1037,MXY,3,0.0,1,0,0.0,0,0,0,-9999.0,0.421875,1,P12_CV0,1,1,1,1,1
1,0.5488135039273248,0.7151893663724195,R1_F1_m1f17_P1_Y18_UO459,RD1_F2_m19f3_P19_Y16_UO1085,R17_F17_m17f19_P17_Y16_UO1159,FXX,1,0.0,0,0,0.0,0,0,0,-9999.0,0.4580078125,1,P15_CV0,1,2,0,2,0
1,0.5488135039273248,0.7151893663724195,RD1_F3_m3f1_P3_Y18_UO1114,RD3_F19_m19f3_P19_Y16_UO1084,R1_F1_m17f2_P17_Y16_UO719,FXX,1,0.0,0,0,0.0,0,0,0,-9999.0,0.45263671875,1,P15_CV0,1,2,0,1,1
1,0.5488135039273248,0.7151893663724195,R1_F1_m19f3_P19_Y16_UO1085,R19_F19_m3f17_P3_Y14_UO1011,R3_F3_m1f2_P1_Y13_UO109,FXX,3,0.0,1,0,1.0,0,0,0,-9999.0,0.4404296875,1,P15_CV0,1,2,0,2,0
1,0.5488135039273248,0.7151893663724195,RD1_F17_m17f15_P17_Y18_UO870,R17_F17_m19f3_P19_Y16_UO601,R15_F15_m15f17_P15_Y16_UO385,FXX,1,0.0,0,0,0.0,0,0,0,-9999.0,0.45068359375,1,P16_CV0,1,0,2,1,1
1,0.5488135039273248,0.7151893663724195,R1_F1_m1f2_P1_Y18_UO312,R1_F1_m19f17_P19_Y16_UO505,R2_F2_m17f1_P17_Y16_UO139,MXY,1,0.0,0,0,0.0,0,0,0,-9999.0,0.45068359375,1,P18_CV0,1,2,0,0,2
1,0.5488135039273248,0.7151893663724195,R1_F1_m1f2_P1_Y18_UO611,R1_F1_m19f17_P19_Y16_UO505,R2_F2_m17f1_P17_Y16_UO198,MXY,1,0.0,0,0,0.0,0,0,0,-9999.0,0.44970703125,1,P18_CV0,1,0,2,1,1
1,0.5488135039273248,0.7151893663724195,R1_F1_m1f2_P1_Y18_UO634,RD1_F19_m19f2_P19_Y16_UO90,RD2_F19_m19f17_P19_Y16_UO687,FXX,1,0.0,0,0,0.0,0,0,0,-9999.0,0.44287109375,1,P18_CV0,1,2,0,1,1
1,0.5488135039273248,0.7151893663724195,R1_F1_m1f2_P1_Y18_UO637,RD1_F19_m19f2_P19_Y16_UO90,RD2_F19_m19f17_P19_Y16_UO687,FXX,1,0.0,0,0,0.0,0,0,0,-9999.0,0.44287109375,1,P18_CV0,1,1,1,0,2
1,0.5488135039273248,0.7151893663724195,R1_F1_m1f12_P1_Y18_UO1025,RD1_F2_m2f15_P2_Y16_UO124,R12_F12_m3f19_P3_Y16_UO255,FXX,1,0.0,0,0,0.0,0,0,0,-9999.0,0.44775390625,1,P18_CV0,1,0,2,1,1
1,0.5488135039273248,0.7151893663724195,R1_F1_m1f12_P1_Y18_UO1026,RD1_F2_m2f15_P2_Y16_UO124,R12_F12_m3f19_P3_Y16_UO255,FXX,1,0.0,0,0,0.0,0,0,0,-9999.0,0.44775390625,1,P18_CV0,1,0,2,1,1
1,0.5488135039273248,0.7151893663724195,R1_F1_m1f12_P1_Y18_UO1031,RD1_F2_m2f15_P2_Y16_UO124,R12_F12_m3f19_P3_Y16_UO255,MXY,1,0.0,0,0,0.0,0,0,0,-9999.0,0.44775390625,1,P18_CV0,1,0,2,1,1
1,0.5488135039273248,0.7151893663724195,R1_F1_m1f12_P1_Y18_UO1196,R1_F1_m19f17_P19_Y16_UO505,RD12_F7_m4f7_P4_Y16_UO808,FXX,1,0.0,0,0,0.0,0,0,0,-9999.0,0.45361328125,1,P18_CV0,1,0,2,1,1
1,0.5488135039273248,0.7151893663724195,R1_F1_m1f12_P1_Y18_UO1197,R1_F1_m19f17_P19_Y16_UO505,RD12_F7_m4f7_P4_Y16_UO808,FXX,1,0.0,0,0,0.0,0,0,0,-9999.0,0.45361328125,1,P18_CV0,1,1,1,1,1
1,0.5488135039273248,0.7151893663724195,RD1_F2_m2f19_P2_Y18_UO163,RD2_F19_m19f17_P19_Y16_UO217,R19_F19_m19f17_P19_Y16_UO504,MXY,1,0.0,0,0,0.0,0,0,0,-9999.0,0.4521484375,1,P18_CV0,1,1,1,0,2
1,0.5488135039273248,0.7151893663724195,RD1_F3_m3f17_P3_Y18_UO1178,RD3_F19_m19f2_P19_Y16_UO1090,RD17_F15_m2f15_P2_Y16_UO276,FXX,1,0.0,0,0,0.0,0,0,0,-9999.0,0.44384765625,1,P18_CV0,1,2,0,1,1
1,0.5488135039273248,0.7151893663724195,RD1_F2_m17f3_P17_Y16_UO928,RD17_F15_m15f17_P15_Y14_UO241,R3_F3_m1f17_P1_Y14_UO279,FXX,3,0.0,1,0,1.0,0,0,0,-9999.0,0.44921875,1,P18_CV0,1,2,0,2,0
1,0.5488135039273248,0.7151893663724195,R1_F1_m1f17_P1_Y18_UO69,R1_F1_m12f16_P12_Y16_UO487,RD17_F3_m3f19_P3_Y16_UO870,MXY,1,0.0,0,0,0.0,0,0,0,-9999.0,0.45703125,1,P1_CV0,1,0,2,1,1
1,0.5488135039273248,0.7151893663724195,R1_F1_m1f17_P1_Y18_UO70,R1_F1_m12f16_P12_Y16_UO487,RD17_F3_m3f19_P3_Y16_UO870,MXY,1,0.0,0,0,0.0,0,0,0,-9999.0,0.45703125,1,P1_CV0,1,1,1,1,1
1,0.5488135039273248,0.7151893663724195,R1_F1_m1f12_P1_Y18_UO1033,RD1_F2_m2f15_P2_Y16_UO124,R12_F12_m3f19_P3_Y16_UO255,FXX,1,0.0,0,0,0.0,0,0,0,-9999.0,0.44775390625,1,P1_CV0,1,0,2,1,1
1,0.5488135039273248,0.7151893663724195,RD1_F2_m2f1_P2_Y18_UO686,RD2_F6_m2f15_P2_Y16_UO123,R1_F1_m1f2_P1_Y15_UO429,FXX,1,0.0,0,0,0.0,0,0,0,-9999.0,0.44775390625,1,P1_CV0,1,1,1,2,0
1,0.5488135039273248,0.7151893663724195,RD1_F3_m3f19_P3_Y18_UO818,RD3_F19_m1f3_P1_Y16_UO676,RD19_F17_m15f17_P15_Y16_UO21,FXX,1,0.0,0,0,0.0,0,0,0,-9999.0,0.4697265625,1,P1_CV0,1,1,1,0,2
1,0.5488135039273248,0.7151893663724195,RD1_F12_m12f4_P12_Y18_UO64,R12_F12_m12f3_P12_Y16_UO66,RD4_F7_m4f7_P4_Y16_UO499,FXX,1,0.0,0,0,0.0,0,0,0,-9999.0,0.47265625,1,P1_CV0,1,1,1,1,1
1,0.5488135039273248,0.7151893663724195,RD1_F17_m17f3_P17_Y18_UO563,R17_F17_m17f1_P17_Y16_UO138,RD3_F1_m17f19_P17_Y16_UO842,FXX,1,0.0,0,0,0.0,0,0,0,-9999.0,0.4609375,1,P1_CV0,1,0,2,1,1
1,0.5488135039273248,0.7151893663724195,RD1_F19_m15f17_P15_Y16_UO21,RD15_F17_m3f19_P3_Y14_UO873,RD17_F19_m17f1_P17_Y14_UO827,MXY,3,0.0,1,0,0.0,0,0,0,-9999.0,0.4755859375,1,P1_CV0,1,2,0,0,2
1,0.5488135039273248,0.7151893663724195,R1_F1_m1f2_P1_Y18_UO632,RD1_F19_m19f2_P19_Y16_UO90,RD2_F19_m19f17_P19_Y16_UO687,FXX,1,0.0,0,0,0.0,0,0,0,-9999.0,0.44287109375,1,P2_CV0,1,2,0,0,2
1,0.5488135039273248,0.7151893663724195,R1_F1_m1f2_P1_Y18_UO635,RD1_F19_m19f2_P19_Y16_UO90,RD2_F19_m19f17_P19_Y16_UO687,MXY,1,0.0,0,0,0.0,0,0,0,-9999.0,0.44287109375,1,P2_CV0,1,2,0,1,1
1,0.5488135039273248,0.7151893663724195,R1_F1_m1f19_P1_Y18_UO998,RD1_F19_m19f2_P19_Y16_UO90,RD19_F1_m19f1_P19_Y16_UO697,MXY,1,0.0,0,0,0.0,0,0,0,-9999.0,0.4443359375,1,P2_CV0,1,1,1,1,1
1,0.5488135039273248,0.7151893663724195,R1_F1_m1f19_P1_Y18_UO1000,RD1_F19_m19f2_P19_Y16_UO90,RD19_F1_m19f1_P19_Y16_UO697,FXX,1,0.0,0,0,0.0,0,0,0,-9999.0,0.4443359375,1,P2_CV0,1,1,1,1,1
1,0.5488135039273248,0.7151893663724195,R1_F1_m1f17_P1_Y18_UO1004,RD1_F19_m19f2_P19_Y16_UO90,RD17_F19_m19f3_P19_Y16_UO743,FXX,1,0.0,0,0,0.0,0,0,0,-9999.0,0.4306640625,1,P2_CV0,1,1,1,0,2
1,0.5488135039273248,0.7151893663724195,R1_F1_m1f17_P1_Y18_UO1005,RD1_F19_m19f2_P19_Y16_UO90,RD17_F19_m19f3_P19_Y16_UO743,FXX,1,0.0,0,0,0.0,0,0,0,-9999.0,0.4306640625,1,P2_CV0,1,1,1,0,2
1,0.5488135039273248,0.7151893663724195,R1_F1_m1f17_P1_Y18_UO1006,RD1_F19_m19f2_P19_Y16_UO90,RD17_F19_m19f3_P19_Y16_UO743,FXX,1,0.0,0,0,0.0,0,0,0,-9999.0,0.4306640625,1,P2_CV0,1,1,1,0,2
1,0.5488135039273248,0.7151893663724195,RD1_F3_m3f17_P3_Y18_UO8,R3_F3_m17f3_P17_Y16_UO481,RD17_F19_m19f3_P19_Y16_UO743,MXY,1,0.0,0,0,0.0,0,0,0,-9999.0,0.43408203125,1,P2_CV0,1,1,1,0,2
1,0.5488135039273248,0.7151893663724195,RD1_F17_m17f1_P17_Y18_UO941,RD17_F19_m19f3_P19_Y16_UO989,R1_F1_m1f3_P1_Y16_UO1055,MXY,1,0.0,0,0,0.0,0,0,0,-9999.0,0.453125,1,P2_CV0,1,1,1,1,1
1,0.5488135039273248,0.7151893663724195,RD1_F17_m17f1_P17_Y18_UO1079,R17_F17_m19f3_P19_Y16_UO601,R1_F1_m1f3_P1_Y16_UO1057,FXX,1,0.0,0,0,0.0,0,0,0,-9999.0,0.4423828125,1,P2_CV0,1,0,2,2,0
1,0.5488135039273248,0.7151893663724195,RD1_F19_m19f2_P19_Y18_UO375,R19_F19_m19f1_P19_Y16_UO694,RD2_F6_m6f2_P6_Y16_UO237,FXX,1,0.0,0,0,0.0,0,0,0,-9999.0,0.45263671875,1,P2_CV0,1,1,1,2,0
1,0.5488135039273248,0.7151893663724195,RD1_F19_m19f2_P19_Y18_UO378,R19_F19_m19f1_P19_Y16_UO694,RD2_F6_m6f2_P6_Y16_UO237,MXY,1,0.0,0,0,0.0,0,0,0,-9999.0,0.45263671875,1,P2_CV0,1,0,2,1,1
1,0.5488135039273248,0.7151893663724195,RD1_F19_m19f3_P19_Y18_UO812,R19_F19_m19f2_P19_Y16_UO748,RD3_F1_m17f19_P17_Y16_UO842,FXX,1,0.0,0,0,0.0,0,0,0,-9999.0,0.45263671875,1,P2_CV0,1,0,2,1,1
1,0.5488135039273248,0.7151893663724195,R1_F1_m1f19_P1_Y18_UO330,R1_F1_m17f2_P17_Y16_UO798,RD19_F1_m1f17_P1_Y16_UO1109,FXX,1,0.0,0,0,0.0,0,0,0,-9999.0,0.42138671875,1,P3_CV0,1,1,1,2,0
1,0.5488135039273248,0.7151893663724195,R1_F1_m1f19_P1_Y18_UO331,R1_F1_m17f2_P17_Y16_UO798,RD19_F1_m1f17_P1_Y16_UO1109,FXX,1,0.0,0,0,0.0,0,0,0,-9999.0,0.42138671875,1,P3_CV0,1,1,1,1,1
1,0.5488135039273248,0.7151893663724195,R1_F1_m1f19_P1_Y18_UO755,R1_F1_m17f2_P17_Y16_UO798,RD19_F1_m1f17_P1_Y16_UO1109,MXY,1,0.0,0,0,0.0,0,0,0,-9999.0,0.42138671875,1,P3_CV0,1,1,1,2,0
1,0.5488135039273248,0.7151893663724195,R1_F1_m1f17_P1_Y18_UO1008,RD1_F19_m19f2_P19_Y16_UO90,RD17_F19_m19f3_P19_Y16_UO743,MXY,1,0.0,0,0,0.0,0,0,0,-9999.0,0.4306640625,1,P3_CV0,1,1,1,0,2
1,0.5488135039273248,0.7151893663724195,RD1_F12_m12f7_P12_Y18_UO1059,RD12_F1_m17f1_P17_Y16_UO595,R7_F7_m7f4_P7_Y16_UO129,FXX,1,0.0,0,0,0.0,0,0,0,-9999.0,0.4462890625,1,P3_CV0,1,0,2,2,0
1,0.5488135039273248,0.7151893663724195,RD1_F19_m19f1_P19_Y18_UO1142,R19_F19_m19f1_P19_Y16_UO584,R1_F1_m17f2_P17_Y16_UO719,MXY,1,0.0,0,0,0.0,0,0,0,-9999.0,0.4599609375,1,P3_CV0,1,0,2,1,1
1,0.5488135039273248,0.7151893663724195,RD1_F12_m12f16_P12_Y17_UO346,R12_F12_m12f16_P12_Y15_UO74,R16_F16_m16f12_P16_Y14_UO764,FXX,2,0.0,1,0,1.0,0,0,0,-9999.0,0.4892578125,1,P3_CV0,1,1,1,2,0
1,0.5488135039273248,0.7151893663724195,R1_F1_m1f17_P1_Y16_UO1108,RD1_F17_m1f17_P1_Y14_UO481,RD17_F15_m15f2_P15_Y14_UO1037,MXY,3,0.0,1,0,0.0,0,0,0,-9999.0,0.421875,1,P3_CV0,1,1,1,0,2
1,0.5488135039273248,0.7151893663724195,R1_F1_m1f2_P1_Y18_UO313,R1_F1_m19f17_P19_Y16_UO505,R2_F2_m17f1_P17_Y16_UO139,MXY,1,0.0,0,0,0.0,0,0,0,-9999.0,0.45068359375,1,P5_CV0,1,1,1,0,2
1,0.5488135039273248,0.7151893663724195,R1_F1_m1f2_P1_Y18_UO314,R1_F1_m19f17_P19_Y16_UO505,R2_F2_m17f1_P17_Y16_UO139,MXY,1,0.0,0,0,0.0,0,0,0,-9999.0,0.45068359375,1,P5_CV0,1,0,2,0,2
1,0.5488135039273248,0.7151893663724195,R1_F1_m1f17_P1_Y18_UO463,RD1_F2_m19f3_P19_Y16_UO1085,R17_F17_m17f19_P17_Y16_UO1159,MXY,1,0.0,0,0,0.0,0,0,0,-9999.0,0.4580078125,1,P5_CV0,1,1,1,2,0
1,0.5488135039273248,0.7151893663724195,R1_F1_m1f12_P1_Y18_UO569,RD1_F19_m19f1_P19_Y16_UO389,RD12_F4_m4f7_P4_Y16_UO500,FXX,1,0.0,0,0,0.0,0,0,0,-9999.0,0.4619140625,1,P5_CV0,1,1,1,0,2
1,0.5488135039273248,0.7151893663724195,RD1_F12_m12f1_P12_Y18_UO1118,RD12_F16_m13f16_P13_Y16_UO532,R1_F1_m1f2_P1_Y16_UO480,MXY,1,0.0,0,0,0.0,0,0,0,-9999.0,0.47607421875,1,P5_CV0,1,1,1,1,1
1,0.5488135039273248,0.7151893663724195,R1_F1_m1f12_P1_Y18_UO1122,R1_F1_m19f17_P19_Y16_UO505,R12_F12_m4f12_P4_Y16_UO1204,MXY,1,0.0,0,0,0.0,0,0,0,-9999.0,0.45556640625,1,P6_CV0,1,1,1,1,1
1,0.5488135039273248,0.7151893663724195,R1_F1_m1f2_P1_Y16_UO1069,RD1_F12_m7f12_P7_Y14_UO875,R2_F2_m6f2_P6_Y14_UO409,MXY,3,0.0,1,0,0.0,0,0,0,-9999.0,0.4404296875,1,P6_CV0,1,0,2,0,2
2,0.6027633760716439,0.5448831829968969,RD2_F6_m6f2_P6_Y18_UO1148,R6_F6_m2f17_P2_Y16_UO773,RD2_F19_m19f17_P19_Y16_UO377,FXX,1,0.0,0,0,0.0,0,0,0,-9999.0,0.43603515625,1,P0_CV0,1,0,2,2,0
2,0.6027633760716439,0.5448831829968969,RD2_F6_m6f2_P6_Y18_UO1212,R6_F6_m6f2_P6_Y16_UO903,R2_F2_m15f17_P15_Y15_UO560,MXY,1,0.0,0,0,0.0,0,0,0,-9999.0,0.45556640625,1,P0_CV0,1,1,1,1,1
2,0.6027633760716439,0.5448831829968969,R2_F2_m2f15_P2_Y18_UO695,RD2_F6_m2f17_P2_Y16_UO772,RD15_F2_m6f2_P6_Y15_UO646,FXX,1,0.0,0,0,0.0,0,0,0,-9999.0,0.44091796875,1,P0_CV0,1,1,1,2,0
2,0.6027633760716439,0.5448831829968969,R2_F2_m2f6_P2_Y18_UO1189,RD2_F6_m6f2_P6_Y16_UO229,R6_F6_m6f2_P6_Y16_UO473,FXX,1,0.0,0,0,0.0,0,0,0,-9999.0,0.427734375,1,P0_CV0,1,1,1,1,1
2,0.6027633760716439,0.5448831829968969,R2_F2_m2f6_P2_Y18_UO1190,RD2_F6_m6f2_P6_Y16_UO229,R6_F6_m6f2_P6_Y16_UO473,FXX,1,0.0,0,0,0.0,0,0,0,-9999.0,0.427734375,1,P0_CV0,1,1,1,1,1
2,0.6027633760716439,0.5448831829968969,RD2_F6_m6f2_P6_Y18_UO990,R6_F6_m2f19_P2_Y16_UO907,R2_F2_m15f17_P15_Y14_UO1014,MXY,1,0.0,0,0,0.0,0,0,0,-9999.0,0.45166015625,1,P0_CV0,1,1,1,2,0
2,0.6027633760716439,0.5448831829968969,RD2_F15_m15f2_P15_Y18_UO690,R15_F15_m15f17_P15_Y16_UO715,R2_F2_m15f17_P15_Y15_UO560,MXY,1,0.0,0,0,0.0,0,0,0,-9999.0,0.447265625,1,P0_CV0,1,0,2,1,1
2,0.6027633760716439,0.5448831829968969,R2_F2_m2f1_P2_Y18_UO957,R2_F2_m2f6_P2_Y16_UO849,RD1_F12_m1f3_P1_Y16_UO1072,FXX,1,0.0,0,0,0.0,0,0,0,-9999.0,0.453125,1,P0_CV0,1,1,1,1,1
2,0.6027633760716439,0.5448831829968969,R2_F2_m2f1_P2_Y18_UO901,RD2_F6_m6f2_P6_Y16_UO962,R1_F1_m1f3_P1_Y16_UO1060,MXY,1,0.0,0,0,0.0,0,0,0,-9999.0,0.4326171875,1,P0_CV0,1,0,2,2,0
2,0.6027633760716439,0.5448831829968969,RD2_F17_m17f15_P17_Y18_UO779,RD17_F19_m2f1_P2_Y16_UO985,R15_F15_m15f2_P15_Y16_UO551,FXX,1,0.0,0,0,0.0,0,0,0,-9999.0,0.42578125,1,P0_CV0,1,1,1,0,2
2,0.6027633760716439,0.5448831829968969,RD2_F6_m6f2_P6_Y18_UO991,R6_F6_m2f19_P2_Y16_UO907,R2_F2_m15f17_P15_Y14_UO1014,MXY,1,0.0,0,0,0.0,0,0,0,-9999.0,0.45166015625,1,P0_CV0,1,1,1,2,0
2,0.6027633760716439,0.5448831829968969,R2_F2_m2f1_P2_Y18_UO905,RD2_F6_m6f2_P6_Y16_UO962,R1_F1_m1f3_P1_Y16_UO1060,MXY,1,0.0,0,0,0.0,0,0,0,-9999.0,0.4326171875,1,P0_CV0,1,0,2,2,0
2,0.6027633760716439,0.5448831829968969,RD2_F6_m6f2_P6_Y17_UO425,R6_F6_m6f2_P6_Y15_UO51,R2_F2_m6f2_P6_Y15_UO646,FXX,2,0.0,1,0,1.0,0,0,0,-9999.0,0.44921875,1,P0_CV0,1,2,0,1,1
2,0.6027633760716439,0.5448831829968969,R2_F2_m19f3_P19_Y15_UO345,RD19_F17_m17f2_P17_Y13_UO746,R3_F3_m1f2_P1_Y13_UO109,MXY,4,0.0,1,0,0.0,0,0,0,-9999.0,0.41796875,1,P0_CV0,1,1,1,2,0
2,0.6027633760716439,0.5448831829968969,R2_F2_m2f1_P2_Y18_UO453,RD2_F19_m19f1_P19_Y16_UO152,R1_F1_m1f2_P1_Y15_UO429,FXX,1,0.0,0,0,0.0,0,0,0,-9999.0,0.43408203125,1,P11_CV0,1,2,0,2,0
2,0.6027633760716439,0.5448831829968969,R2_F2_m2f1_P2_Y18_UO685,RD2_F6_m2f15_P2_Y16_UO123,R1_F1_m1f2_P1_Y15_UO429,MXY,1,0.0,0,0,0.0,0,0,0,-9999.0,0.44775390625,1,P11_CV0,1,0,2,1,1
2,0.6027633760716439,0.5448831829968969,RD2_F15_m2f6_P2_Y17_UO84,RD2_F6_m2f6_P2_Y15_UO489,RD6_F2_m2f6_P2_Y13_UO886,FXX,2,0.0,1,0,1.0,0,0,0,-9999.0,0.4609375,1,P11_CV0,1,1,1,2,0
2,0.6027633760716439,0.5448831829968969,RD2_F6_m2f6_P2_Y17_UO392,R2_F2_m2f6_P2_Y15_UO488,RD6_F2_m2f15_P2_Y15_UO681,MXY,2,0.0,1,0,0.0,0,0,0,-9999.0,0.458984375,1,P11_CV0,1,0,2,1,1
2,0.6027633760716439,0.5448831829968969,R2_F2_m2f1_P2_Y18_UO88,RD2_F17_m3f1_P3_Y16_UO425,R1_F1_m1f2_P1_Y15_UO429,MXY,1,0.0,0,0,0.0,0,0,0,-9999.0,0.44677734375,1,P12_CV0,1,2,0,1,1
2,0.6027633760716439,0.5448831829968969,R2_F2_m2f1_P2_Y18_UO1103,RD2_F19_m19f17_P19_Y16_UO219,RD1_F12_m16f13_P16_Y16_UO879,FXX,1,0.0,0,0,0.0,0,0,0,-9999.0,0.50048828125,1,P12_CV0,1,1,1,2,0
2,0.6027633760716439,0.5448831829968969,RD2_F1_m1f2_P1_Y18_UO692,R1_F1_m17f2_P17_Y16_UO797,RD2_F19_m19f1_P19_Y16_UO26,MXY,1,0.0,0,0,0.0,0,0,0,-9999.0,0.44189453125,1,P12_CV0,1,1,1,1,1
2,0.6027633760716439,0.5448831829968969,RD2_F19_m19f1_P19_Y18_UO1020,R19_F19_m19f2_P19_Y16_UO898,RD1_F12_m4f12_P4_Y16_UO753,MXY,1,0.0,0,0,0.0,0,0,0,-9999.0,0.474609375,1,P12_CV0,1,1,1,2,0
2,0.6027633760716439,0.5448831829968969,R2_F2_m2f17_P2_Y18_UO1104,RD2_F17_m3f1_P3_Y16_UO425,R17_F17_m15f2_P15_Y16_UO337,FXX,1,0.0,0,0,0.0,0,0,0,-9999.0,0.4443359375,1,P12_CV0,1,1,1,1,1
2,0.6027633760716439,0.5448831829968969,RD2_F15_m15f17_P15_Y18_UO258,R15_F15_m17f3_P17_Y16_UO482,R17_F17_m19f1_P19_Y16_UO644,FXX,1,0.0,0,0,0.0,0,0,0,-9999.0,0.43408203125,1,P12_CV0,1,1,1,2,0
2,0.6027633760716439,0.5448831829968969,RD2_F17_m17f19_P17_Y18_UO365,RD17_F1_m12f4_P12_Y16_UO1168,R19_F19_m19f1_P19_Y16_UO645,FXX,1,0.0,0,0,0.0,0,0,0,-9999.0,0.4501953125,1,P12_CV0,1,0,2,2,0
2,0.6027633760716439,0.5448831829968969,R2_F2_m2f1_P2_Y18_UO958,RD2_F19_m19f17_P19_Y16_UO217,R1_F1_m12f16_P12_Y16_UO501,FXX,1,0.0,0,0,0.0,0,0,0,-9999.0,0.47216796875,1,P12_CV0,1,2,0,1,1
2,0.6027633760716439,0.5448831829968969,RD2_F17_m17f19_P17_Y18_UO42,R17_F17_m19f1_P19_Y16_UO643,RD19_F1_m17f3_P17_Y16_UO999,MXY,1,0.0,0,0,0.0,0,0,0,-9999.0,0.43359375,1,P12_CV0,1,1,1,1,1
2,0.6027633760716439,0.5448831829968969,R2_F2_m2f19_P2_Y18_UO162,RD2_F19_m19f17_P19_Y16_UO217,R19_F19_m19f17_P19_Y16_UO504,FXX,1,0.0,0,0,0.0,0,0,0,-9999.0,0.4521484375,1,P12_CV0,1,1,1,0,2
2,0.6027633760716439,0.5448831829968969,R2_F2_m3f1_P3_Y16_UO425,RD3_F1_m17f15_P17_Y14_UO172,RD1_F19_m19f1_P19_Y14_UO427,FXX,3,0.0,1,0,1.0,0,0,0,-9999.0,0.4404296875,1,P12_CV0,1,2,0,1,1
2,0.6027633760716439,0.5448831829968969,RD2_F19_m19f2_P19_Y18_UO1215,RD19_F1_m1f3_P1_Y16_UO678,RD2_F17_m19f1_P19_Y16_UO150,FXX,1,0.0,0,0,0.0,0,0,0,-9999.0,0.439453125,1,P14_CV0,1,0,2,1,1
2,0.6027633760716439,0.5448831829968969,RD2_F15_m15f17_P15_Y18_UO995,RD15_F17_m17f1_P17_Y16_UO596,R17_F17_m17f19_P17_Y16_UO465,FXX,1,0.0,0,0,0.0,0,0,0,-9999.0,0.44775390625,1,P14_CV0,1,0,2,1,1
2,0.6027633760716439,0.5448831829968969,R2_F2_m2f17_P2_Y18_UO497,R2_F2_m17f3_P17_Y16_UO928,RD17_F19_m19f3_P19_Y16_UO324,MXY,1,0.0,0,0,0.0,0,0,0,-9999.0,0.43994140625,1,P14_CV0,1,1,1,2,0
2,0.6027633760716439,0.5448831829968969,RD2_F15_m15f2_P15_Y17_UO34,R15_F15_m15f17_P15_Y15_UO320,RD2_F1_m12f16_P12_Y15_UO674,MXY,2,0.0,1,0,0.0,0,0,0,-9999.0,0.447265625,1,P14_CV0,1,0,2,2,0
2,0.6027633760716439,0.5448831829968969,R2_F2_m2f19_P2_Y18_UO231,R2_F2_m15f17_P15_Y16_UO1019,RD19_F3_m3f12_P3_Y16_UO969,FXX,1,0.0,0,0,0.0,0,0,0,-9999.0,0.443359375,1,P16_CV0,1,1,1,1,1
2,0.6027633760716439,0.5448831829968969,R2_F2_m2f19_P2_Y18_UO229,R2_F2_m15f17_P15_Y16_UO1019,RD19_F3_m3f12_P3_Y16_UO969,FXX,1,0.0,0,0,0.0,0,0,0,-9999.0,0.443359375,1,P16_CV0,1,1,1,0,2
2,0.6027633760716439,0.5448831829968969,RD2_F6_m6f2_P6_Y18_UO117,R6_F6_m2f19_P2_Y16_UO911,R2_F2_m6f2_P6_Y16_UO242,MXY,1,0.0,0,0,0.0,0,0,0,-9999.0,0.45068359375,1,P18_CV0,1,0,2,2,0
2,0.6027633760716439,0.5448831829968969,RD2_F15_m15f17_P15_Y18_UO922,R15_F15_m17f15_P17_Y16_UO71,RD17_F15_m2f19_P2_Y16_UO910,FXX,1,0.0,0,0,0.0,0,0,0,-9999.0,0.44873046875,1,P18_CV0,1,2,0,2,0
2,0.6027633760716439,0.5448831829968969,RD2_F6_m6f2_P6_Y18_UO113,R6_F6_m2f19_P2_Y16_UO911,R2_F2_m6f2_P6_Y16_UO242,MXY,1,0.0,0,0,0.0,0,0,0,-9999.0,0.45068359375,1,P18_CV0,1,0,2,2,0
2,0.6027633760716439,0.5448831829968969,R2_F2_m2f19_P2_Y18_UO768,R2_F2_m17f3_P17_Y16_UO928,RD19_F17_m17f1_P17_Y16_UO149,MXY,1,0.0,0,0,0.0,0,0,0,-9999.0,0.44189453125,1,P18_CV0,1,2,0,1,1
2,0.6027633760716439,0.5448831829968969,R2_F2_m2f6_P2_Y18_UO132,R2_F2_m17f3_P17_Y16_UO928,R6_F6_m6f2_P6_Y16_UO81,FXX,1,0.0,0,0,0.0,0,0,0,-9999.0,0.43798828125,1,P18_CV0,1,2,0,2,0
2,0.6027633760716439,0.5448831829968969,R2_F2_m2f19_P2_Y18_UO769,R2_F2_m17f3_P17_Y16_UO928,RD19_F17_m17f1_P17_Y16_UO149,FXX,1,0.0,0,0,0.0,0,0,0,-9999.0,0.44189453125,1,P18_CV0,1,2,0,1,1
2,0.6027633760716439,0.5448831829968969,RD2_F6_m6f2_P6_Y18_UO273,R6_F6_m2f17_P2_Y16_UO775,RD2_F6_m6f2_P6_Y16_UO493,FXX,1,0.0,0,0,0.0,0,0,0,-9999.0,0.4326171875,1,P18_CV0,1,1,1,2,0
2,0.6027633760716439,0.5448831829968969,RD2_F6_m6f2_P6_Y18_UO740,R6_F6_m6f2_P6_Y16_UO903,RD2_F15_m17f15_P17_Y16_UO69,FXX,1,0.0,0,0,0.0,0,0,0,-9999.0,0.44189453125,1,P18_CV0,1,2,0,0,2
2,0.6027633760716439,0.5448831829968969,RD2_F6_m6f2_P6_Y18_UO1206,R6_F6_m6f2_P6_Y16_UO903,R2_F2_m15f17_P15_Y15_UO560,MXY,1,0.0,0,0,0.0,0,0,0,-9999.0,0.45556640625,1,P18_CV0,1,1,1,0,2
2,0.6027633760716439,0.5448831829968969,RD2_F6_m6f2_P6_Y18_UO747,R6_F6_m6f2_P6_Y16_UO903,RD2_F15_m17f15_P17_Y16_UO69,MXY,1,0.0,0,0,0.0,0,0,0,-9999.0,0.44189453125,1,P18_CV0,1,0,2,1,1
2,0.6027633760716439,0.5448831829968969,RD2_F6_m6f2_P6_Y18_UO743,R6_F6_m6f2_P6_Y16_UO903,RD2_F15_m17f15_P17_Y16_UO69,MXY,1,0.0,0,0,0.0,0,0,0,-9999.0,0.44189453125,1,P18_CV0,1,2,0,1,1
2,0.6027633760716439,0.5448831829968969,R2_F2_m2f19_P2_Y18_UO444,RD2_F6_m2f17_P2_Y16_UO776,RD19_F3_m3f19_P3_Y16_UO243,FXX,1,0.0,0,0,0.0,0,0,0,-9999.0,0.43701171875,1,P18_CV0,1,0,2,1,1
2,0.6027633760716439,0.5448831829968969,RD2_F6_m6f2_P6_Y18_UO1209,R6_F6_m6f2_P6_Y16_UO903,R2_F2_m15f17_P15_Y15_UO560,FXX,1,0.0,0,0,0.0,0,0,0,-9999.0,0.45556640625,1,P18_CV0,1,0,2,1,1
2,0.6027633760716439,0.5448831829968969,R2_F2_m2f17_P2_Y18_UO498,R2_F2_m17f3_P17_Y16_UO928,RD17_F19_m19f3_P19_Y16_UO324,MXY,1,0.0,0,0,0.0,0,0,0,-9999.0,0.43994140625,1,P18_CV0,1,1,1,2,0
2,0.6027633760716439,0.5448831829968969,RD2_F15_m15f17_P15_Y18_UO923,R15_F15_m17f15_P17_Y16_UO71,RD17_F15_m2f19_P2_Y16_UO910,FXX,1,0.0,0,0,0.0,0,0,0,-9999.0,0.44873046875,1,P18_CV0,1,1,1,1,1
2,0.6027633760716439,0.5448831829968969,RD2_F6_m6f2_P6_Y18_UO742,R6_F6_m6f2_P6_Y16_UO903,RD2_F15_m17f15_P17_Y16_UO69,MXY,1,0.0,0,0,0.0,0,0,0,-9999.0,0.44189453125,1,P18_CV0,1,1,1,0,2
2,0.6027633760716439,0.5448831829968969,R2_F2_m2f17_P2_Y18_UO499,R2_F2_m17f3_P17_Y16_UO928,RD17_F19_m19f3_P19_Y16_UO324,MXY,1,0.0,0,0,0.0,0,0,0,-9999.0,0.43994140625,1,P18_CV0,1,2,0,2,0
2,0.6027633760716439,0.5448831829968969,RD2_F6_m6f2_P6_Y17_UO10,R6_F6_m6f2_P6_Y15_UO48,R2_F2_m19f3_P19_Y14_UO281,MXY,2,0.0,1,0,0.0,0,0,0,-9999.0,0.4345703125,1,P18_CV0,1,1,1,1,1
2,0.6027633760716439,0.5448831829968969,RD2_F6_m6f2_P6_Y16_UO903,RD6_F2_m19f1_P19_Y14_UO997,RD2_F6_m6f2_P6_Y14_UO453,FXX,3,0.0,1,0,1.0,0,0,0,-9999.0,0.4482421875,1,P18_CV0,1,1,1,1,1
2,0.6027633760716439,0.5448831829968969,RD2_F6_m6f2_P6_Y18_UO1132,R6_F6_m2f17_P2_Y16_UO773,RD2_F1_m2f1_P2_Y16_UO979,FXX,1,0.0,0,0,0.0,0,0,0,-9999.0,0.4306640625,1,P1_CV0,1,1,1,0,2
2,0.6027633760716439,0.5448831829968969,RD2_F1_m1f12_P1_Y18_UO1027,RD1_F2_m2f15_P2_Y16_UO124,R12_F12_m3f19_P3_Y16_UO255,FXX,1,0.0,0,0,0.0,0,0,0,-9999.0,0.44775390625,1,P1_CV0,1,0,2,1,1
2,0.6027633760716439,0.5448831829968969,RD2_F6_m6f2_P6_Y18_UO972,R6_F6_m6f2_P6_Y16_UO236,RD2_F1_m2f1_P2_Y16_UO979,FXX,1,0.0,0,0,0.0,0,0,0,-9999.0,0.43505859375,1,P1_CV0,1,0,2,0,2
2,0.6027633760716439,0.5448831829968969,RD2_F15_m15f2_P15_Y18_UO3,R15_F15_m17f15_P17_Y16_UO684,RD2_F19_m19f17_P19_Y16_UO377,FXX,1,0.0,0,0,0.0,0,0,0,-9999.0,0.43310546875,1,P1_CV0,1,0,2,1,1
2,0.6027633760716439,0.5448831829968969,RD2_F15_m15f17_P15_Y18_UO1113,RD15_F2_m1f2_P1_Y16_UO1064,R17_F17_m3f12_P3_Y16_UO970,MXY,1,0.0,0,0,0.0,0,0,0,-9999.0,0.44677734375,1,P1_CV0,1,0,2,0,2
2,0.6027633760716439,0.5448831829968969,RD2_F6_m6f2_P6_Y18_UO975,R6_F6_m6f2_P6_Y16_UO236,RD2_F1_m2f1_P2_Y16_UO979,FXX,1,0.0,0,0,0.0,0,0,0,-9999.0,0.43505859375,1,P1_CV0,1,1,1,1,1
2,0.6027633760716439,0.5448831829968969,RD2_F6_m6f2_P6_Y16_UO468,R6_F6_m6f2_P6_Y14_UO672,RD2_F19_m19f3_P19_Y14_UO281,MXY,3,0.0,1,0,0.0,0,0,0,-9999.0,0.42578125,1,P1_CV0,1,1,1,2,0
2,0.6027633760716439,0.5448831829968969,RD2_F1_m1f2_P1_Y18_UO639,RD1_F19_m19f2_P19_Y16_UO90,RD2_F19_m19f17_P19_Y16_UO687,FXX,1,0.0,0,0,0.0,0,0,0,-9999.0,0.44287109375,1,P2_CV0,1,2,0,0,2
2,0.6027633760716439,0.5448831829968969,RD2_F19_m19f3_P19_Y18_UO732,R19_F19_m19f1_P19_Y16_UO694,RD3_F1_m17f19_P17_Y16_UO842,MXY,1,0.0,0,0,0.0,0,0,0,-9999.0,0.462890625,1,P2_CV0,1,0,2,1,1
2,0.6027633760716439,0.5448831829968969,RD2_F6_m6f2_P6_Y18_UO492,R6_F6_m6f2_P6_Y16_UO471,RD2_F6_m6f2_P6_Y15_UO621,MXY,1,0.0,0,0,0.0,0,0,0,-9999.0,0.4404296875,1,P2_CV0,1,1,1,1,1
2,0.6027633760716439,0.5448831829968969,RD2_F6_m6f2_P6_Y18_UO1167,R6_F6_m2f6_P2_Y16_UO43,RD2_F6_m6f2_P6_Y16_UO641,FXX,1,0.0,0,0,0.0,0,0,0,-9999.0,0.4462890625,1,P2_CV0,1,0,2,0,2
2,0.6027633760716439,0.5448831829968969,RD2_F15_m15f17_P15_Y18_UO764,RD15_F2_m2f17_P2_Y16_UO771,R17_F17_m2f6_P2_Y16_UO853,MXY,1,0.0,0,0,0.0,0,0,0,-9999.0,0.431640625,1,P2_CV0,1,1,1,1,1
2,0.6027633760716439,0.5448831829968969,RD2_F1_m1f19_P1_Y18_UO997,RD1_F19_m19f2_P19_Y16_UO90,RD19_F1_m19f1_P19_Y16_UO697,FXX,1,0.0,0,0,0.0,0,0,0,-9999.0,0.4443359375,1,P2_CV0,1,2,0,0,2
2,0.6027633760716439,0.5448831829968969,R2_F2_m2f19_P2_Y18_UO641,R2_F2_m2f6_P2_Y16_UO849,RD19_F3_m3f12_P3_Y16_UO969,FXX,1,0.0,0,0,0.0,0,0,0,-9999.0,0.44287109375,1,P2_CV0,1,2,0,1,1
2,0.6027633760716439,0.5448831829968969,RD2_F6_m6f2_P6_Y18_UO272,R6_F6_m2f17_P2_Y16_UO775,RD2_F6_m6f2_P6_Y16_UO493,MXY,1,0.0,0,0,0.0,0,0,0,-9999.0,0.4326171875,1,P2_CV0,1,2,0,2,0
2,0.6027633760716439,0.5448831829968969,RD2_F6_m6f2_P6_Y18_UO275,R6_F6_m2f17_P2_Y16_UO775,RD2_F6_m6f2_P6_Y16_UO493,MXY,1,0.0,0,0,0.0,0,0,0,-9999.0,0.4326171875,1,P2_CV0,1,2,0,2,0
2,0.6027633760716439,0.5448831829968969,RD2_F6_m6f2_P6_Y18_UO595,R6_F6_m6f2_P6_Y16_UO474,RD2_F19_m19f17_P19_Y16_UO377,MXY,1,0.0,0,0,0.0,0,0,0,-9999.0,0.43359375,1,P2_CV0,1,0,2,1,1
2,0.6027633760716439,0.5448831829968969,RD2_F1_m1f17_P1_Y18_UO1003,RD1_F19_m19f2_P19_Y16_UO90,RD17_F19_m19f3_P19_Y16_UO743,MXY,1,0.0,0,0,0.0,0,0,0,-9999.0,0.4306640625,1,P2_CV0,1,1,1,0,2
2,0.6027633760716439,0.5448831829968969,RD2_F15_m15f17_P15_Y18_UO856,RD15_F2_m2f17_P2_Y16_UO771,R17_F17_m17f19_P17_Y16_UO1159,MXY,1,0.0,0,0,0.0,0,0,0,-9999.0,0.453125,1,P2_CV0,1,2,0,2,0
2,0.6027633760716439,0.5448831829968969,R2_F2_m2f6_P2_Y18_UO130,R2_F2_m17f3_P17_Y16_UO928,R6_F6_m6f2_P6_Y16_UO81,MXY,1,0.0,0,0,0.0,0,0,0,-9999.0,0.43798828125,1,P2_CV0,1,1,1,2,0
2,0.6027633760716439,0.5448831829968969,RD2_F6_m6f2_P6_Y18_UO424,R6_F6_m2f6_P2_Y16_UO43,RD2_F6_m6f2_P6_Y15_UO621,FXX,1,0.0,0,0,0.0,0,0,0,-9999.0,0.44140625,1,P2_CV0,1,2,0,0,2
2,0.6027633760716439,0.5448831829968969,RD2_F6_m2f17_P2_Y17_UO462,R2_F2_m2f1_P2_Y15_UO229,R17_F17_m17f3_P17_Y14_UO1206,MXY,2,0.0,1,0,0.0,0,0,0,-9999.0,0.44921875,1,P2_CV0,1,0,2,0,2
2,0.6027633760716439,0.5448831829968969,R2_F2_m6f2_P6_Y16_UO84,RD6_F2_m17f3_P17_Y14_UO1207,RD2_F19_m19f3_P19_Y14_UO281,MXY,3,0.0,1,0,0.0,0,0,0,-9999.0,0.4267578125,1,P2_CV0,1,1,1,0,2
2,0.6027633760716439,0.5448831829968969,RD2_F15_m15f2_P15_Y16_UO800,RD15_F17_m15f2_P15_Y14_UO252,RD2_F19_m19f3_P19_Y14_UO281,MXY,3,0.0,1,0,0.0,0,0,0,-9999.0,0.427734375,1,P2_CV0,1,1,1,1,1
2,0.6027633760716439,0.5448831829968969,RD2_F6_m6f2_P6_Y18_UO1172,R6_F6_m2f6_P2_Y16_UO43,RD2_F6_m6f2_P6_Y16_UO641,MXY,1,0.0,0,0,0.0,0,0,0,-9999.0,0.4462890625,1,P3_CV0,1,0,2,0,2
2,0.6027633760716439,0.5448831829968969,RD2_F19_m19f1_P19_Y18_UO1143,R19_F19_m19f1_P19_Y16_UO584,R1_F1_m17f2_P17_Y16_UO719,FXX,1,0.0,0,0,0.0,0,0,0,-9999.0,0.4599609375,1,P3_CV0,1,1,1,2,0
2,0.6027633760716439,0.5448831829968969,RD2_F15_m15f17_P15_Y18_UO1111,RD15_F2_m1f2_P1_Y16_UO1064,R17_F17_m3f12_P3_Y16_UO970,MXY,1,0.0,0,0,0.0,0,0,0,-9999.0,0.44677734375,1,P3_CV0,1,0,2,0,2
2,0.6027633760716439,0.5448831829968969,RD2_F6_m6f2_P6_Y18_UO1170,R6_F6_m2f6_P2_Y16_UO43,RD2_F6_m6f2_P6_Y16_UO641,MXY,1,0.0,0,0,0.0,0,0,0,-9999.0,0.4462890625,1,P3_CV0,1,0,2,1,1
2,0.6027633760716439,0.5448831829968969,RD2_F15_m15f17_P15_Y18_UO548,RD15_F2_m1f2_P1_Y16_UO1064,R17_F17_m17f19_P17_Y16_UO465,MXY,1,0.0,0,0,0.0,0,0,0,-9999.0,0.4482421875,1,P3_CV0,1,0,2,0,2
2,0.6027633760716439,0.5448831829968969,RD2_F19_m19f2_P19_Y18_UO803,R19_F19_m19f1_P19_Y16_UO584,RD2_F19_m19f17_P19_Y16_UO687,FXX,1,0.0,0,0,0.0,0,0,0,-9999.0,0.45361328125,1,P3_CV0,1,0,2,2,0
2,0.6027633760716439,0.5448831829968969,RD2_F6_m2f17_P2_Y17_UO452,RD2_F6_m2f6_P2_Y15_UO489,R17_F17_m17f3_P17_Y14_UO498,FXX,2,0.0,1,0,1.0,0,0,0,-9999.0,0.45703125,1,P3_CV0,1,0,2,2,0
2,0.6027633760716439,0.5448831829968969,RD2_F6_m2f17_P2_Y17_UO458,RD2_F6_m2f6_P2_Y15_UO489,R17_F17_m17f3_P17_Y14_UO498,FXX,2,0.0,1,0,1.0,0,0,0,-9999.0,0.45703125,1,P3_CV0,1,0,2,1,1
2,0.6027633760716439,0.5448831829968969,R2_F2_m2f19_P2_Y18_UO843,RD2_F19_m3f1_P3_Y16_UO334,RD19_F1_m17f3_P17_Y16_UO999,FXX,1,0.0,0,0,0.0,0,0,0,-9999.0,0.43798828125,1,P5_CV0,1,1,1,1,1
2,0.6027633760716439,0.5448831829968969,R2_F2_m2f1_P2_Y18_UO959,RD2_F19_m19f17_P19_Y16_UO217,R1_F1_m12f16_P12_Y16_UO501,MXY,1,0.0,0,0,0.0,0,0,0,-9999.0,0.47216796875,1,P5_CV0,1,1,1,1,1
2,0.6027633760716439,0.5448831829968969,R2_F2_m15f17_P15_Y16_UO22,RD15_F17_m3f19_P3_Y14_UO873,RD17_F19_m17f1_P17_Y14_UO827,FXX,3,0.0,1,0,1.0,0,0,0,-9999.0,0.4755859375,1,P5_CV0,1,1,1,1,1
2,0.6027633760716439,0.5448831829968969,RD2_F6_m6f2_P6_Y18_UO490,R6_F6_m6f2_P6_Y16_UO471,RD2_F6_m6f2_P6_Y15_UO621,FXX,1,0.0,0,0,0.0,0,0,0,-9999.0,0.4404296875,1,P6_CV0,1,1,1,0,2
2,0.6027633760716439,0.5448831829968969,RD2_F6_m6f2_P6_Y18_UO489,R6_F6_m6f2_P6_Y16_UO471,RD2_F6_m6f2_P6_Y15_UO621,FXX,1,0.0,0,0,0.0,0,0,0,-9999.0,0.4404296875,1,P6_CV0,1,0,2,1,1
2,0.6027633760716439,0.5448831829968969,RD2_F6_m6f2_P6_Y18_UO496,R6_F6_m6f2_P6_Y16_UO471,RD2_F6_m6f2_P6_Y15_UO621,MXY,1,0.0,0,0,0.0,0,0,0,-9999.0,0.4404296875,1,P6_CV0,1,0,2,0,2
2,0.6027633760716439,0.5448831829968969,RD2_F1_m1f12_P1_Y18_UO1120,R1_F1_m19f17_P19_Y16_UO505,R12_F12_m4f12_P4_Y16_UO1204,FXX,1,0.0,0,0,0.0,0,0,0,-9999.0,0.45556640625,1,P6_CV0,1,2,0,1,1
2,0.6027633760716439,0.5448831829968969,RD2_F6_m6f2_P6_Y18_UO1147,R6_F6_m2f17_P2_Y16_UO773,RD2_F19_m19f17_P19_Y16_UO377,FXX,1,0.0,0,0,0.0,0,0,0,-9999.0,0.43603515625,1,P6_CV0,1,0,2,1,1
2,0.6027633760716439,0.5448831829968969,R2_F2_m2f1_P2_Y18_UO904,RD2_F6_m6f2_P6_Y16_UO962,R1_F1_m1f3_P1_Y16_UO1060,MXY,1,0.0,0,0,0.0,0,0,0,-9999.0,0.4326171875,1,P6_CV0,1,0,2,1,1
2,0.6027633760716439,0.5448831829968969,RD2_F6_m6f2_P6_Y18_UO493,R6_F6_m6f2_P6_Y16_UO471,RD2_F6_m6f2_P6_Y15_UO621,FXX,1,0.0,0,0,0.0,0,0,0,-9999.0,0.4404296875,1,P6_CV0,1,0,2,1,1
2,0.6027633760716439,0.5448831829968969,RD2_F6_m6f2_P6_Y18_UO425,R6_F6_m2f6_P2_Y16_UO43,RD2_F6_m6f2_P6_Y15_UO621,MXY,1,0.0,0,0,0.0,0,0,0,-9999.0,0.44140625,1,P6_CV0,1,1,1,0,2
2,0.6027633760716439,0.5448831829968969,RD2_F17_m17f19_P17_Y17_UO258,RD17_F2_m2f19_P2_Y15_UO101,RD19_F2_m15f17_P15_Y15_UO559,FXX,2,0.0,1,0,1.0,0,0,0,-9999.0,0.4443359375,1,P6_CV0,1,1,1,2,0
3,0.4236547993389047,0.6458941130666561,RD3_F1_m1f2_P1_Y18_UO161,RD1_F19_m19f2_P19_Y16_UO92,R2_F2_m15f17_P15_Y15_UO560,FXX,1,0.0,0,0,0.0,0,0,0,-9999.0,0.4482421875,1,P0_CV0,1,1,1,0,2
3,0.4236547993389047,0.6458941130666561,R3_F3_m3f12_P3_Y18_UO124,R3_F3_m12f7_P12_Y16_UO1129,R12_F12_m12f4_P12_Y16_UO1121,MXY,1,0.0,0,0,0.0,0,0,0,-9999.0,0.48974609375,1,P0_CV0,1,1,1,1,1
3,0.4236547993389047,0.6458941130666561,R3_F3_m3f17_P3_Y18_UO436,RD3_F19_m3f19_P3_Y16_UO560,R17_F17_m3f12_P3_Y16_UO970,FXX,1,0.0,0,0,0.0,0,0,0,-9999.0,0.45849609375,1,P0_CV0,1,0,2,2,0
3,0.4236547993389047,0.6458941130666561,R3_F3_m3f17_P3_Y18_UO438,RD3_F19_m3f19_P3_Y16_UO560,R17_F17_m3f12_P3_Y16_UO970,FXX,1,0.0,0,0,0.0,0,0,0,-9999.0,0.45849609375,1,P0_CV0,1,1,1,1,1
3,0.4236547993389047,0.6458941130666561,R3_F3_m3f17_P3_Y18_UO714,R3_F3_m3f19_P3_Y16_UO561,R17_F17_m17f19_P17_Y16_UO1117,FXX,1,0.0,0,0,0.0,0,0,0,-9999.0,0.4453125,1,P0_CV0,1,1,1,2,0
3,0.4236547993389047,0.6458941130666561,R3_F3_m3f17_P3_Y18_UO716,R3_F3_m3f19_P3_Y16_UO561,R17_F17_m17f19_P17_Y16_UO1117,MXY,1,0.0,0,0,0.0,0,0,0,-9999.0,0.4453125,1,P0_CV0,1,0,2,2,0
3,0.4236547993389047,0.6458941130666561,R3_F3_m3f19_P3_Y18_UO955,RD3_F19_m3f19_P3_Y16_UO560,R19_F19_m19f17_P19_Y16_UO504,MXY,1,0.0,0,0,0.0,0,0,0,-9999.0,0.45166015625,1,P0_CV0,1,0,2,1,1
3,0.4236547993389047,0.6458941130666561,R3_F3_m3f1_P3_Y18_UO1158,R3_F3_m3f1_P3_Y16_UO426,R1_F1_m1f3_P1_Y16_UO1057,FXX,1,0.0,0,0,0.0,0,0,0,-9999.0,0.44189453125,1,P0_CV0,1,1,1,2,0
3,0.4236547993389047,0.6458941130666561,RD3_F12_m12f4_P12_Y18_UO601,R12_F12_m12f16_P12_Y16_UO330,R4_F4_m4f12_P4_Y16_UO399,MXY,1,0.0,0,0,0.0,0,0,0,-9999.0,0.4892578125,1,P0_CV0,1,0,2,1,1
3,0.4236547993389047,0.6458941130666561,RD3_F12_m12f4_P12_Y18_UO1191,R12_F12_m12f1_P12_Y16_UO1146,RD4_F7_m4f12_P4_Y16_UO1205,MXY,1,0.0,0,0,0.0,0,0,0,-9999.0,0.47705078125,1,P0_CV0,1,0,2,1,1
3,0.4236547993389047,0.6458941130666561,RD3_F17_m3f1_P3_Y17_UO328,RD3_F1_m1f2_P1_Y15_UO425,RD1_F19_m19f17_P19_Y15_UO127,MXY,2,0.0,1,0,0.0,0,0,0,-9999.0,0.44140625,1,P11_CV0,1,1,1,1,1
3,0.4236547993389047,0.6458941130666561,RD3_F1_m1f19_P1_Y18_UO756,R1_F1_m17f2_P17_Y16_UO798,RD19_F1_m1f17_P1_Y16_UO1109,FXX,1,0.0,0,0,0.0,0,0,0,-9999.0,0.42138671875,1,P12_CV0,1,1,1,2,0
3,0.4236547993389047,0.6458941130666561,R3_F3_m3f17_P3_Y18_UO447,R3_F3_m3f1_P3_Y16_UO426,R17_F17_m17f19_P17_Y16_UO465,FXX,1,0.0,0,0,0.0,0,0,0,-9999.0,0.4482421875,1,P12_CV0,1,0,2,0,2
3,0.4236547993389047,0.6458941130666561,R3_F3_m3f1_P3_Y18_UO1155,R3_F3_m3f1_P3_Y16_UO426,R1_F1_m1f3_P1_Y16_UO1057,MXY,1,0.0,0,0,0.0,0,0,0,-9999.0,0.44189453125,1,P12_CV0,1,0,2,2,0
3,0.4236547993389047,0.6458941130666561,R3_F3_m3f1_P3_Y18_UO1156,R3_F3_m3f1_P3_Y16_UO426,R1_F1_m1f3_P1_Y16_UO1057,FXX,1,0.0,0,0,0.0,0,0,0,-9999.0,0.44189453125,1,P12_CV0,1,1,1,0,2
3,0.4236547993389047,0.6458941130666561,R3_F3_m3f1_P3_Y18_UO1157,R3_F3_m3f1_P3_Y16_UO426,R1_F1_m1f3_P1_Y16_UO1057,FXX,1,0.0,0,0,0.0,0,0,0,-9999.0,0.44189453125,1,P12_CV0,1,1,1,1,1
3,0.4236547993389047,0.6458941130666561,R3_F3_m3f1_P3_Y18_UO1159,R3_F3_m3f1_P3_Y16_UO426,R1_F1_m1f3_P1_Y16_UO1057,FXX,1,0.0,0,0,0.0,0,0,0,-9999.0,0.44189453125,1,P12_CV0,1,0,2,1,1
3,0.4236547993389047,0.6458941130666561,RD3_F1_m17f2_P17_Y16_UO798,R17_F17_m19f17_P19_Y14_UO1009,RD2_F6_m2f15_P2_Y14_UO95,FXX,3,0.0,1,0,1.0,0,0,0,-9999.0,0.4208984375,1,P12_CV0,1,1,1,1,1
3,0.4236547993389047,0.6458941130666561,R3_F3_m3f19_P3_Y18_UO143,RD3_F12_m7f12_P7_Y16_UO431,R19_F19_m1f17_P1_Y16_UO829,MXY,1,0.0,0,0,0.0,0,0,0,-9999.0,0.45361328125,1,P14_CV0,1,0,2,1,1
3,0.4236547993389047,0.6458941130666561,R3_F3_m3f17_P3_Y18_UO445,R3_F3_m3f1_P3_Y16_UO426,R17_F17_m17f19_P17_Y16_UO465,MXY,1,0.0,0,0,0.0,0,0,0,-9999.0,0.4482421875,1,P14_CV0,1,0,2,1,1
3,0.4236547993389047,0.6458941130666561,R3_F3_m3f19_P3_Y18_UO821,RD3_F19_m1f3_P1_Y16_UO676,RD19_F17_m15f17_P15_Y16_UO21,FXX,1,0.0,0,0,0.0,0,0,0,-9999.0,0.4697265625,1,P14_CV0,1,1,1,0,2
3,0.4236547993389047,0.6458941130666561,R3_F3_m3f19_P3_Y18_UO1015,RD3_F19_m19f3_P19_Y16_UO810,R19_F19_m1f17_P1_Y16_UO829,FXX,1,0.0,0,0,0.0,0,0,0,-9999.0,0.44580078125,1,P14_CV0,1,0,2,0,2
3,0.4236547993389047,0.6458941130666561,R3_F3_m3f19_P3_Y18_UO1017,RD3_F19_m19f3_P19_Y16_UO810,R19_F19_m1f17_P1_Y16_UO829,FXX,1,0.0,0,0,0.0,0,0,0,-9999.0,0.44580078125,1,P14_CV0,1,1,1,0,2
3,0.4236547993389047,0.6458941130666561,RD3_F17_m17f3_P17_Y18_UO467,RD17_F1_m1f17_P1_Y16_UO828,RD3_F1_m3f1_P3_Y16_UO347,MXY,1,0.0,0,0,0.0,0,0,0,-9999.0,0.44384765625,1,P14_CV0,1,1,1,1,1
3,0.4236547993389047,0.6458941130666561,RD3_F17_m17f1_P17_Y18_UO831,R17_F17_m1f2_P1_Y16_UO815,R1_F1_m1f2_P1_Y16_UO479,FXX,1,0.0,0,0,0.0,0,0,0,-9999.0,0.44677734375,1,P14_CV0,1,2,0,0,2
3,0.4236547993389047,0.6458941130666561,RD3_F19_m19f17_P19_Y18_UO440,R19_F19_m19f1_P19_Y16_UO584,RD17_F19_m19f3_P19_Y16_UO324,MXY,1,0.0,0,0,0.0,0,0,0,-9999.0,0.44287109375,1,P14_CV0,1,1,1,2,0
3,0.4236547993389047,0.6458941130666561,RD3_F19_m19f17_P19_Y18_UO1151,R19_F19_m1f3_P1_Y16_UO673,RD17_F3_m3f19_P3_Y16_UO870,FXX,1,0.0,0,0,0.0,0,0,0,-9999.0,0.45068359375,1,P14_CV0,1,0,2,1,1
3,0.4236547993389047,0.6458941130666561,R3_F3_m17f2_P17_Y16_UO721,R17_F17_m17f3_P17_Y14_UO73,RD2_F15_m2f1_P2_Y14_UO155,MXY,3,0.0,1,0,0.0,0,0,0,-9999.0,0.46484375,1,P14_CV0,1,0,2,1,1
3,0.4236547993389047,0.6458941130666561,R3_F3_m3f1_P3_Y18_UO1117,RD3_F19_m19f3_P19_Y16_UO1084,R1_F1_m17f2_P17_Y16_UO719,MXY,1,0.0,0,0,0.0,0,0,0,-9999.0,0.45263671875,1,P15_CV0,1,2,0,1,1
3,0.4236547993389047,0.6458941130666561,RD3_F19_m19f1_P19_Y18_UO203,RD19_F1_m1f3_P1_Y16_UO678,R1_F1_m3f12_P3_Y16_UO1023,MXY,1,0.0,0,0,0.0,0,0,0,-9999.0,0.462890625,1,P15_CV0,1,1,1,2,0
3,0.4236547993389047,0.6458941130666561,RD3_F17_m17f15_P17_Y18_UO869,R17_F17_m19f3_P19_Y16_UO601,R15_F15_m15f17_P15_Y16_UO385,FXX,1,0.0,0,0,0.0,0,0,0,-9999.0,0.45068359375,1,P16_CV0,1,1,1,1,1
3,0.4236547993389047,0.6458941130666561,RD3_F1_m1f2_P1_Y18_UO609,R1_F1_m19f17_P19_Y16_UO505,R2_F2_m17f1_P17_Y16_UO198,MXY,1,0.0,0,0,0.0,0,0,0,-9999.0,0.44970703125,1,P18_CV0,1,1,1,1,1
3,0.4236547993389047,0.6458941130666561,RD3_F1_m1f12_P1_Y18_UO1030,RD1_F2_m2f15_P2_Y16_UO124,R12_F12_m3f19_P3_Y16_UO255,FXX,1,0.0,0,0,0.0,0,0,0,-9999.0,0.44775390625,1,P18_CV0,1,0,2,1,1
3,0.4236547993389047,0.6458941130666561,RD3_F1_m1f12_P1_Y18_UO1121,R1_F1_m19f17_P19_Y16_UO505,R12_F12_m4f12_P4_Y16_UO1204,MXY,1,0.0,0,0,0.0,0,0,0,-9999.0,0.45556640625,1,P18_CV0,1,0,2,1,1
3,0.4236547993389047,0.6458941130666561,RD3_F1_m1f12_P1_Y18_UO1194,R1_F1_m19f17_P19_Y16_UO505,RD12_F7_m4f7_P4_Y16_UO808,MXY,1,0.0,0,0,0.0,0,0,0,-9999.0,0.45361328125,1,P18_CV0,1,1,1,1,1
3,0.4236547993389047,0.6458941130666561,R3_F3_m3f12_P3_Y18_UO282,RD3_F19_m19f2_P19_Y16_UO1090,R12_F12_m4f12_P4_Y16_UO1204,MXY,1,0.0,0,0,0.0,0,0,0,-9999.0,0.45556640625,1,P18_CV0,1,1,1,1,1
3,0.4236547993389047,0.6458941130666561,R3_F3_m3f12_P3_Y18_UO283,RD3_F19_m19f2_P19_Y16_UO1090,R12_F12_m4f12_P4_Y16_UO1204,FXX,1,0.0,0,0,0.0,0,0,0,-9999.0,0.45556640625,1,P18_CV0,1,1,1,2,0
3,0.4236547993389047,0.6458941130666561,R3_F3_m3f1_P3_Y18_UO614,RD3_F12_m4f12_P4_Y16_UO787,RD1_F3_m12f1_P12_Y14_UO604,FXX,1,0.0,0,0,0.0,0,0,0,-9999.0,0.4931640625,1,P18_CV0,1,0,2,1,1
3,0.4236547993389047,0.6458941130666561,R3_F3_m3f1_P3_Y18_UO615,RD3_F12_m4f12_P4_Y16_UO787,RD1_F3_m12f1_P12_Y14_UO604,FXX,1,0.0,0,0,0.0,0,0,0,-9999.0,0.4931640625,1,P18_CV0,1,0,2,2,0
3,0.4236547993389047,0.6458941130666561,R3_F3_m3f1_P3_Y18_UO616,RD3_F12_m4f12_P4_Y16_UO787,RD1_F3_m12f1_P12_Y14_UO604,FXX,1,0.0,0,0,0.0,0,0,0,-9999.0,0.4931640625,1,P18_CV0,1,0,2,1,1
3,0.4236547993389047,0.6458941130666561,R3_F3_m3f19_P3_Y18_UO954,RD3_F19_m3f19_P3_Y16_UO560,R19_F19_m19f17_P19_Y16_UO504,MXY,1,0.0,0,0,0.0,0,0,0,-9999.0,0.45166015625,1,P18_CV0,1,0,2,1,1
3,0.4236547993389047,0.6458941130666561,RD3_F12_m12f16_P12_Y18_UO149,RD12_F3_m3f12_P3_Y16_UO944,R16_F16_m13f18_P13_Y16_UO916,MXY,1,0.0,0,0,0.0,0,0,0,-9999.0,0.4970703125,1,P18_CV0,1,1,1,1,1
3,0.4236547993389047,0.6458941130666561,RD3_F12_m12f16_P12_Y18_UO151,RD12_F3_m3f12_P3_Y16_UO944,R16_F16_m13f18_P13_Y16_UO916,MXY,1,0.0,0,0,0.0,0,0,0,-9999.0,0.4970703125,1,P18_CV0,1,2,0,1,1
3,0.4236547993389047,0.6458941130666561,RD3_F17_m17f3_P17_Y18_UO628,R17_F17_m15f17_P15_Y16_UO804,RD3_F19_m2f1_P2_Y16_UO987,FXX,1,0.0,0,0,0.0,0,0,0,-9999.0,0.43505859375,1,P18_CV0,1,0,2,1,1
3,0.4236547993389047,0.6458941130666561,RD3_F1_m1f12_P1_Y18_UO1032,RD1_F2_m2f15_P2_Y16_UO124,R12_F12_m3f19_P3_Y16_UO255,FXX,1,0.0,0,0,0.0,0,0,0,-9999.0,0.44775390625,1,P1_CV0,1,0,2,1,1
3,0.4236547993389047,0.6458941130666561,R3_F3_m3f1_P3_Y18_UO195,R3_F3_m17f3_P17_Y16_UO481,R1_F1_m1f3_P1_Y16_UO1055,MXY,1,0.0,0,0,0.0,0,0,0,-9999.0,0.44189453125,1,P1_CV0,1,0,2,2,0
3,0.4236547993389047,0.6458941130666561,R3_F3_m3f1_P3_Y18_UO198,R3_F3_m17f3_P17_Y16_UO481,R1_F1_m1f3_P1_Y16_UO1055,MXY,1,0.0,0,0,0.0,0,0,0,-9999.0,0.44189453125,1,P1_CV0,1,1,1,2,0
3,0.4236547993389047,0.6458941130666561,R3_F3_m3f1_P3_Y18_UO233,RD3_F19_m19f3_P19_Y16_UO810,R1_F1_m1f3_P1_Y16_UO1055,FXX,1,0.0,0,0,0.0,0,0,0,-9999.0,0.4453125,1,P1_CV0,1,0,2,2,0
3,0.4236547993389047,0.6458941130666561,R3_F3_m3f1_P3_Y18_UO234,RD3_F19_m19f3_P19_Y16_UO810,R1_F1_m1f3_P1_Y16_UO1055,FXX,1,0.0,0,0,0.0,0,0,0,-9999.0,0.4453125,1,P1_CV0,1,1,1,2,0
3,0.4236547993389047,0.6458941130666561,R3_F3_m3f1_P3_Y18_UO235,RD3_F19_m19f3_P19_Y16_UO810,R1_F1_m1f3_P1_Y16_UO1055,MXY,1,0.0,0,0,0.0,0,0,0,-9999.0,0.4453125,1,P1_CV0,1,1,1,2,0
3,0.4236547993389047,0.6458941130666561,R3_F3_m3f19_P3_Y18_UO820,RD3_F19_m1f3_P1_Y16_UO676,RD19_F17_m15f17_P15_Y16_UO21,MXY,1,0.0,0,0,0.0,0,0,0,-9999.0,0.4697265625,1,P1_CV0,1,1,1,0,2
3,0.4236547993389047,0.6458941130666561,R3_F3_m3f1_P3_Y18_UO1179,R3_F3_m3f17_P3_Y16_UO1014,R1_F1_m12f16_P12_Y16_UO501,FXX,1,0.0,0,0,0.0,0,0,0,-9999.0,0.45849609375,1,P1_CV0,1,1,1,1,1
3,0.4236547993389047,0.6458941130666561,R3_F3_m3f1_P3_Y18_UO1180,R3_F3_m3f17_P3_Y16_UO1014,R1_F1_m12f16_P12_Y16_UO501,FXX,1,0.0,0,0,0.0,0,0,0,-9999.0,0.45849609375,1,P1_CV0,1,1,1,1,1
3,0.4236547993389047,0.6458941130666561,R3_F3_m3f1_P3_Y18_UO1182,R3_F3_m3f17_P3_Y16_UO1014,R1_F1_m12f16_P12_Y16_UO501,FXX,1,0.0,0,0,0.0,0,0,0,-9999.0,0.45849609375,1,P1_CV0,1,0,2,1,1
3,0.4236547993389047,0.6458941130666561,R3_F3_m3f1_P3_Y18_UO1184,R3_F3_m3f17_P3_Y16_UO1014,R1_F1_m12f16_P12_Y16_UO501,MXY,1,0.0,0,0,0.0,0,0,0,-9999.0,0.45849609375,1,P1_CV0,1,1,1,1,1
3,0.4236547993389047,0.6458941130666561,R3_F3_m3f1_P3_Y18_UO1185,R3_F3_m3f17_P3_Y16_UO1014,R1_F1_m12f16_P12_Y16_UO501,MXY,1,0.0,0,0,0.0,0,0,0,-9999.0,0.45849609375,1,P1_CV0,1,0,2,1,1
3,0.4236547993389047,0.6458941130666561,R3_F3_m3f1_P3_Y18_UO1187,R3_F3_m3f17_P3_Y16_UO1014,R1_F1_m12f16_P12_Y16_UO501,MXY,1,0.0,0,0,0.0,0,0,0,-9999.0,0.45849609375,1,P1_CV0,1,1,1,1,1
3,0.4236547993389047,0.6458941130666561,RD3_F17_m17f19_P17_Y18_UO370,RD17_F19_m2f1_P2_Y16_UO985,R19_F19_m19f3_P19_Y16_UO812,FXX,1,0.0,0,0,0.0,0,0,0,-9999.0,0.43896484375,1,P1_CV0,1,1,1,1,1
3,0.4236547993389047,0.6458941130666561,RD3_F17_m17f19_P17_Y18_UO557,RD17_F15_m2f15_P2_Y16_UO119,RD19_F1_m1f17_P1_Y16_UO1109,MXY,1,0.0,0,0,0.0,0,0,0,-9999.0,0.43212890625,1,P1_CV0,1,0,2,1,1
3,0.4236547993389047,0.6458941130666561,RD3_F17_m17f3_P17_Y18_UO564,R17_F17_m17f1_P17_Y16_UO138,RD3_F1_m17f19_P17_Y16_UO842,MXY,1,0.0,0,0,0.0,0,0,0,-9999.0,0.4609375,1,P1_CV0,1,0,2,1,1
3,0.4236547993389047,0.6458941130666561,RD3_F17_m17f1_P17_Y18_UO939,RD17_F19_m19f3_P19_Y16_UO989,R1_F1_m1f3_P1_Y16_UO1055,FXX,1,0.0,0,0,0.0,0,0,0,-9999.0,0.453125,1,P1_CV0,1,1,1,1,1
3,0.4236547993389047,0.6458941130666561,RD3_F1_m1f2_P1_Y18_UO638,RD1_F19_m19f2_P19_Y16_UO90,RD2_F19_m19f17_P19_Y16_UO687,MXY,1,0.0,0,0,0.0,0,0,0,-9999.0,0.44287109375,1,P2_CV0,1,2,0,0,2
3,0.4236547993389047,0.6458941130666561,R3_F3_m3f17_P3_Y18_UO6,R3_F3_m17f3_P17_Y16_UO481,RD17_F19_m19f3_P19_Y16_UO743,FXX,1,0.0,0,0,0.0,0,0,0,-9999.0,0.43408203125,1,P2_CV0,1,0,2,1,1
3,0.4236547993389047,0.6458941130666561,R3_F3_m3f17_P3_Y18_UO9,R3_F3_m17f3_P17_Y16_UO481,RD17_F19_m19f3_P19_Y16_UO743,FXX,1,0.0,0,0,0.0,0,0,0,-9999.0,0.43408203125,1,P2_CV0,1,0,2,0,2
3,0.4236547993389047,0.6458941130666561,R3_F3_m3f17_P3_Y18_UO26,RD3_F17_m19f3_P19_Y16_UO603,R17_F17_m3f19_P3_Y16_UO112,MXY,1,0.0,0,0,0.0,0,0,0,-9999.0,0.4453125,1,P2_CV0,1,1,1,2,0
3,0.4236547993389047,0.6458941130666561,R3_F3_m3f17_P3_Y18_UO28,RD3_F17_m19f3_P19_Y16_UO603,R17_F17_m3f19_P3_Y16_UO112,MXY,1,0.0,0,0,0.0,0,0,0,-9999.0,0.4453125,1,P2_CV0,1,0,2,2,0
3,0.4236547993389047,0.6458941130666561,R3_F3_m3f17_P3_Y18_UO29,RD3_F17_m19f3_P19_Y16_UO603,R17_F17_m3f19_P3_Y16_UO112,MXY,1,0.0,0,0,0.0,0,0,0,-9999.0,0.4453125,1,P2_CV0,1,1,1,2,0
3,0.4236547993389047,0.6458941130666561,R3_F3_m3f17_P3_Y18_UO1175,RD3_F19_m19f2_P19_Y16_UO1090,RD17_F15_m2f15_P2_Y16_UO276,MXY,1,0.0,0,0,0.0,0,0,0,-9999.0,0.44384765625,1,P2_CV0,1,1,1,1,1
3,0.4236547993389047,0.6458941130666561,RD3_F17_m17f3_P17_Y18_UO561,R17_F17_m17f1_P17_Y16_UO138,RD3_F1_m17f19_P17_Y16_UO842,FXX,1,0.0,0,0,0.0,0,0,0,-9999.0,0.4609375,1,P2_CV0,1,0,2,1,1
3,0.4236547993389047,0.6458941130666561,RD3_F19_m19f2_P19_Y18_UO189,R19_F19_m19f1_P19_Y16_UO694,RD2_F6_m6f2_P6_Y16_UO963,FXX,1,0.0,0,0,0.0,0,0,0,-9999.0,0.44384765625,1,P2_CV0,1,0,2,2,0
3,0.4236547993389047,0.6458941130666561,RD3_F19_m19f2_P19_Y18_UO377,R19_F19_m19f1_P19_Y16_UO694,RD2_F6_m6f2_P6_Y16_UO237,FXX,1,0.0,0,0,0.0,0,0,0,-9999.0,0.45263671875,1,P2_CV0,1,1,1,1,1
3,0.4236547993389047,0.6458941130666561,RD3_F1_m1f19_P1_Y18_UO328,R1_F1_m17f2_P17_Y16_UO798,RD19_F1_m1f17_P1_Y16_UO1109,FXX,1,0.0,0,0,0.0,0,0,0,-9999.0,0.42138671875,1,P3_CV0,1,2,0,1,1
3,0.4236547993389047,0.6458941130666561,RD3_F1_m1f19_P1_Y18_UO332,R1_F1_m17f2_P17_Y16_UO798,RD19_F1_m1f17_P1_Y16_UO1109,MXY,1,0.0,0,0,0.0,0,0,0,-9999.0,0.42138671875,1,P3_CV0,1,1,1,2,0
3,0.4236547993389047,0.6458941130666561,R3_F3_m3f17_P3_Y18_UO7,R3_F3_m17f3_P17_Y16_UO481,RD17_F19_m19f3_P19_Y16_UO743,MXY,1,0.0,0,0,0.0,0,0,0,-9999.0,0.43408203125,1,P3_CV0,1,1,1,0,2
3,0.4236547993389047,0.6458941130666561,RD3_F12_m12f7_P12_Y18_UO81,RD12_F7_m7f12_P7_Y16_UO539,RD7_F4_m4f12_P4_Y16_UO1002,MXY,1,0.0,0,0,0.0,0,0,0,-9999.0,0.4736328125,1,P3_CV0,1,1,1,1,1
3,0.4236547993389047,0.6458941130666561,RD3_F12_m12f16_P12_Y18_UO1154,RD12_F7_m7f12_P7_Y16_UO539,R16_F16_m16f13_P16_Y16_UO666,MXY,1,0.0,0,0,0.0,0,0,0,-9999.0,0.4697265625,1,P3_CV0,1,2,0,2,0
3,0.4236547993389047,0.6458941130666561,RD3_F19_m19f3_P19_Y18_UO648,R19_F19_m19f1_P19_Y16_UO584,R3_F3_m1f3_P1_Y14_UO549,FXX,1,0.0,0,0,0.0,0,0,0,-9999.0,0.4482421875,1,P3_CV0,1,1,1,2,0
3,0.4236547993389047,0.6458941130666561,RD3_F19_m19f2_P19_Y18_UO806,R19_F19_m19f1_P19_Y16_UO584,RD2_F19_m19f17_P19_Y16_UO687,FXX,1,0.0,0,0,0.0,0,0,0,-9999.0,0.45361328125,1,P3_CV0,1,0,2,1,1
3,0.4236547993389047,0.6458941130666561,RD3_F1_m1f17_P1_Y18_UO462,RD1_F2_m19f3_P19_Y16_UO1085,R17_F17_m17f19_P17_Y16_UO1159,MXY,1,0.0,0,0,0.0,0,0,0,-9999.0,0.4580078125,1,P5_CV0,1,2,0,2,0
3,0.4236547993389047,0.6458941130666561,R3_F3_m3f19_P3_Y18_UO1016,RD3_F19_m19f3_P19_Y16_UO810,R19_F19_m1f17_P1_Y16_UO829,MXY,1,0.0,0,0,0.0,0,0,0,-9999.0,0.44580078125,1,P5_CV0,1,0,2,2,0
3,0.4236547993389047,0.6458941130666561,R3_F3_m3f19_P3_Y18_UO1018,RD3_F19_m19f3_P19_Y16_UO810,R19_F19_m1f17_P1_Y16_UO829,FXX,1,0.0,0,0,0.0,0,0,0,-9999.0,0.44580078125,1,P5_CV0,1,1,1,1,1
3,0.4236547993389047,0.6458941130666561,R3_F3_m3f1_P3_Y18_UO1183,R3_F3_m3f17_P3_Y16_UO1014,R1_F1_m12f16_P12_Y16_UO501,MXY,1,0.0,0,0,0.0,0,0,0,-9999.0,0.45849609375,1,P5_CV0,1,1,1,1,1
3,0.4236547993389047,0.6458941130666561,RD3_F17_m17f2_P17_Y18_UO760,R17_F17_m17f3_P17_Y16_UO1001,R2_F2_m2f19_P2_Y16_UO909,MXY,1,0.0,0,0,0.0,0,0,0,-9999.0,0.45068359375,1,P5_CV0,1,0,2,1,1
3,0.4236547993389047,0.6458941130666561,RD3_F17_m17f19_P17_Y18_UO1245,R17_F17_m19f1_P19_Y16_UO643,R19_F19_m19f3_P19_Y14_UO120,MXY,1,0.0,0,0,0.0,0,0,0,-9999.0,0.43359375,1,P5_CV0,1,0,2,0,2
3,0.4236547993389047,0.6458941130666561,RD3_F19_m19f1_P19_Y18_UO795,R19_F19_m17f1_P17_Y16_UO147,R1_F1_m1f17_P1_Y16_UO650,MXY,1,0.0,0,0,0.0,0,0,0,-9999.0,0.42578125,1,P5_CV0,1,1,1,2,0
3,0.4236547993389047,0.6458941130666561,RD3_F19_m19f17_P19_Y18_UO988,R19_F19_m17f3_P17_Y16_UO1000,RD17_F19_m19f1_P19_Y16_UO692,FXX,1,0.0,0,0,0.0,0,0,0,-9999.0,0.45263671875,1,P5_CV0,1,1,1,1,1
3,0.4236547993389047,0.6458941130666561,RD3_F19_m19f2_P19_Y18_UO1130,R19_F19_m17f3_P17_Y16_UO1000,R2_F2_m17f1_P17_Y16_UO139,MXY,1,0.0,0,0,0.0,0,0,0,-9999.0,0.45068359375,1,P5_CV0,1,1,1,0,2
3,0.4236547993389047,0.6458941130666561,RD3_F1_m1f12_P1_Y18_UO1195,R1_F1_m19f17_P19_Y16_UO505,RD12_F7_m4f7_P4_Y16_UO808,FXX,1,0.0,0,0,0.0,0,0,0,-9999.0,0.45361328125,1,P6_CV0,1,2,0,1,1
3,0.4236547993389047,0.6458941130666561,R3_F3_m3f12_P3_Y18_UO284,RD3_F19_m19f2_P19_Y16_UO1090,R12_F12_m4f12_P4_Y16_UO1204,MXY,1,0.0,0,0,0.0,0,0,0,-9999.0,0.45556640625,1,P6_CV0,1,1,1,2,0
3,0.4236547993389047,0.6458941130666561,R3_F3_m3f12_P3_Y18_UO285,RD3_F19_m19f2_P19_Y16_UO1090,R12_F12_m4f12_P4_Y16_UO1204,FXX,1,0.0,0,0,0.0,0,0,0,-9999.0,0.45556640625,1,P6_CV0,1,1,1,2,0
3,0.4236547993389047,0.6458941130666561,R3_F3_m3f12_P3_Y18_UO599,RD3_F17_m17f15_P17_Y16_UO866,RD12_F4_m4f7_P4_Y16_UO500,FXX,1,0.0,0,0,0.0,0,0,0,-9999.0,0.451171875,1,P6_CV0,1,0,2,0,2
3,0.4236547993389047,0.6458941130666561,R3_F3_m3f1_P3_Y17_UO161,RD3_F1_m1f17_P1_Y15_UO692,R1_F1_m1f17_P1_Y15_UO584,FXX,2,0.0,1,0,1.0,0,0,0,-9999.0,0.466796875,1,P6_CV0,1,1,1,0,2
4,0.4375872112626925,0.8917730007820798,R4_F4_m4f12_P4_Y18_UO930,RD4_F7_m4f7_P4_Y16_UO807,R12_F12_m12f4_P12_Y16_UO1121,FXX,1,0.0,0,0,0.0,0,0,0,-9999.0,0.48828125,1,P0_CV0,1,1,1,2,0
4,0.4375872112626925,0.8917730007820798,RD4_F7_m7f12_P7_Y18_UO546,RD7_F12_m4f7_P4_Y16_UO403,RD12_F3_m3f12_P3_Y16_UO408,FXX,1,0.0,0,0,0.0,0,0,0,-9999.0,0.45166015625,1,P0_CV0,1,1,1,1,1
4,0.4375872112626925,0.8917730007820798,RD4_F7_m7f4_P7_Y18_UO603,R7_F7_m7f12_P7_Y16_UO889,R4_F4_m7f12_P7_Y16_UO948,MXY,1,0.0,0,0,0.0,0,0,0,-9999.0,0.48876953125,1,P0_CV0,1,0,2,2,0
4,0.4375872112626925,0.8917730007820798,R4_F4_m4f7_P4_Y18_UO1164,RD4_F12_m3f17_P3_Y16_UO1052,R7_F7_m7f4_P7_Y16_UO128,FXX,1,0.0,0,0,0.0,0,0,0,-9999.0,0.458984375,1,P0_CV0,1,1,1,1,1
4,0.4375872112626925,0.8917730007820798,R4_F4_m4f12_P4_Y18_UO933,RD4_F7_m4f7_P4_Y16_UO807,R12_F12_m12f4_P12_Y16_UO1121,FXX,1,0.0,0,0,0.0,0,0,0,-9999.0,0.48828125,1,P0_CV0,1,1,1,1,1
4,0.4375872112626925,0.8917730007820798,RD4_F7_m7f12_P7_Y18_UO180,RD7_F12_m12f3_P12_Y16_UO246,R12_F12_m3f19_P3_Y16_UO109,MXY,1,0.0,0,0,0.0,0,0,0,-9999.0,0.45703125,1,P0_CV0,1,2,0,1,1
4,0.4375872112626925,0.8917730007820798,RD4_F7_m7f12_P7_Y18_UO179,RD7_F12_m12f3_P12_Y16_UO246,R12_F12_m3f19_P3_Y16_UO109,FXX,1,0.0,0,0,0.0,0,0,0,-9999.0,0.45703125,1,P0_CV0,1,2,0,1,1
4,0.4375872112626925,0.8917730007820798,R4_F4_m4f12_P4_Y18_UO1229,R4_F4_m4f7_P4_Y16_UO292,RD12_F3_m1f3_P1_Y15_UO540,FXX,1,0.0,0,0,0.0,0,0,0,-9999.0,0.46044921875,1,P0_CV0,1,1,1,2,0
4,0.4375872112626925,0.8917730007820798,RD4_F7_m7f4_P7_Y18_UO993,RD7_F12_m12f3_P12_Y16_UO246,RD4_F7_m7f4_P7_Y16_UO53,MXY,1,0.0,0,0,0.0,0,0,0,-9999.0,0.458984375,1,P0_CV0,1,2,0,0,2
4,0.4375872112626925,0.8917730007820798,RD4_F7_m7f4_P7_Y18_UO213,RD7_F4_m7f12_P7_Y16_UO433,R4_F4_m7f12_P7_Y16_UO277,MXY,1,0.0,0,0,0.0,0,0,0,-9999.0,0.4599609375,1,P0_CV0,1,1,1,1,1
4,0.4375872112626925,0.8917730007820798,RD4_F12_m12f7_P12_Y18_UO976,RD12_F4_m7f12_P7_Y16_UO975,R7_F7_m4f7_P4_Y16_UO1021,FXX,1,0.0,0,0,0.0,0,0,0,-9999.0,0.48193359375,1,P0_CV0,1,0,2,1,1
4,0.4375872112626925,0.8917730007820798,RD4_F12_m12f7_P12_Y17_UO220,R12_F12_m4f7_P4_Y15_UO402,RD7_F4_m4f7_P4_Y15_UO458,FXX,2,0.0,1,0,1.0,0,0,0,-9999.0,0.4912109375,1,P0_CV0,1,1,1,2,0
4,0.4375872112626925,0.8917730007820798,R4_F4_m7f12_P7_Y16_UO540,R7_F7_m7f4_P7_Y14_UO851,RD12_F1_m12f3_P12_Y12_UO557,MXY,3,0.0,1,0,0.0,0,0,0,-9999.0,0.4716796875,1,P0_CV0,1,1,1,1,1
4,0.4375872112626925,0.8917730007820798,R4_F4_m4f7_P4_Y16_UO417,R4_F4_m4f7_P4_Y14_UO644,R7_F7_m7f4_P7_Y14_UO317,MXY,3,0.0,1,0,0.0,0,0,0,-9999.0,0.4765625,1,P0_CV0,1,1,1,2,0
4,0.4375872112626925,0.8917730007820798,R4_F4_m4f7_P4_Y18_UO324,RD4_F12_m3f12_P3_Y16_UO726,R7_F7_m7f12_P7_Y16_UO863,FXX,1,0.0,0,0,0.0,0,0,0,-9999.0,0.4677734375,1,P11_CV0,1,1,1,1,1
4,0.4375872112626925,0.8917730007820798,RD4_F12_m12f16_P12_Y18_UO711,RD12_F7_m7f12_P7_Y16_UO865,R16_F16_m16f13_P16_Y16_UO666,FXX,1,0.0,0,0,0.0,0,0,0,-9999.0,0.46923828125,1,P11_CV0,1,1,1,0,2
4,0.4375872112626925,0.8917730007820798,RD4_F7_m7f4_P7_Y18_UO774,RD7_F12_m12f3_P12_Y16_UO246,R4_F4_m7f12_P7_Y16_UO278,FXX,1,0.0,0,0,0.0,0,0,0,-9999.0,0.4609375,1,P12_CV0,1,1,1,0,2
4,0.4375872112626925,0.8917730007820798,RD4_F7_m7f4_P7_Y18_UO537,R7_F7_m4f12_P4_Y16_UO365,RD4_F7_m7f4_P7_Y16_UO1179,FXX,1,0.0,0,0,0.0,0,0,0,-9999.0,0.46337890625,1,P12_CV0,1,1,1,1,1
4,0.4375872112626925,0.8917730007820798,RD4_F7_m7f12_P7_Y18_UO799,R7_F7_m4f12_P4_Y16_UO609,R12_F12_m3f19_P3_Y16_UO109,MXY,1,0.0,0,0,0.0,0,0,0,-9999.0,0.46240234375,1,P12_CV0,1,0,2,2,0
4,0.4375872112626925,0.8917730007820798,RD4_F7_m7f4_P7_Y18_UO734,R7_F7_m4f12_P4_Y16_UO609,R4_F4_m7f4_P7_Y16_UO108,FXX,1,0.0,0,0,0.0,0,0,0,-9999.0,0.4716796875,1,P12_CV0,1,0,2,1,1
4,0.4375872112626925,0.8917730007820798,R4_F4_m4f7_P4_Y18_UO15,R4_F4_m7f12_P7_Y16_UO782,R7_F7_m12f3_P12_Y16_UO1193,MXY,1,0.0,0,0,0.0,0,0,0,-9999.0,0.46875,1,P12_CV0,1,1,1,1,1
4,0.4375872112626925,0.8917730007820798,RD4_F12_m12f1_P12_Y18_UO318,RD12_F4_m7f12_P7_Y16_UO432,RD1_F19_m19f3_P19_Y16_UO809,MXY,1,0.0,0,0,0.0,0,0,0,-9999.0,0.455078125,1,P12_CV0,1,0,2,1,1
4,0.4375872112626925,0.8917730007820798,RD4_F7_m7f4_P7_Y18_UO896,R7_F7_m7f4_P7_Y16_UO895,R4_F4_m4f12_P4_Y16_UO610,MXY,1,0.0,0,0,0.0,0,0,0,-9999.0,0.48828125,1,P12_CV0,1,2,0,2,0
4,0.4375872112626925,0.8917730007820798,RD4_F7_m7f12_P7_Y18_UO1049,RD7_F4_m4f12_P4_Y16_UO1003,R12_F12_m4f7_P4_Y16_UO806,FXX,1,0.0,0,0,0.0,0,0,0,-9999.0,0.470703125,1,P12_CV0,1,1,1,2,0
4,0.4375872112626925,0.8917730007820798,R4_F4_m4f12_P4_Y18_UO528,R4_F4_m12f4_P12_Y16_UO1122,RD12_F16_m16f13_P16_Y16_UO622,MXY,1,0.0,0,0,0.0,0,0,0,-9999.0,0.49072265625,1,P12_CV0,1,1,1,0,2
4,0.4375872112626925,0.8917730007820798,R4_F4_m4f12_P4_Y18_UO932,RD4_F7_m4f7_P4_Y16_UO807,R12_F12_m12f4_P12_Y16_UO1121,MXY,1,0.0,0,0,0.0,0,0,0,-9999.0,0.48828125,1,P12_CV0,1,1,1,2,0
4,0.4375872112626925,0.8917730007820798,R4_F4_m4f12_P4_Y18_UO1230,R4_F4_m4f7_P4_Y16_UO292,RD12_F3_m1f3_P1_Y15_UO540,FXX,1,0.0,0,0,0.0,0,0,0,-9999.0,0.46044921875,1,P12_CV0,1,2,0,1,1
4,0.4375872112626925,0.8917730007820798,RD4_F7_m7f4_P7_Y18_UO775,RD7_F12_m12f3_P12_Y16_UO246,R4_F4_m7f12_P7_Y16_UO278,MXY,1,0.0,0,0,0.0,0,0,0,-9999.0,0.4609375,1,P12_CV0,1,0,2,1,1
4,0.4375872112626925,0.8917730007820798,RD4_F7_m7f4_P7_Y18_UO735,R7_F7_m4f12_P4_Y16_UO609,R4_F4_m7f4_P7_Y16_UO108,MXY,1,0.0,0,0,0.0,0,0,0,-9999.0,0.4716796875,1,P12_CV0,1,0,2,1,1
4,0.4375872112626925,0.8917730007820798,R4_F4_m4f12_P4_Y18_UO605,R4_F4_m12f4_P12_Y16_UO1122,R12_F12_m3f19_P3_Y16_UO109,MXY,1,0.0,0,0,0.0,0,0,0,-9999.0,0.47998046875,1,P12_CV0,1,0,2,1,1
4,0.4375872112626925,0.8917730007820798,RD4_F7_m7f4_P7_Y18_UO1160,R7_F7_m4f12_P4_Y16_UO609,RD4_F12_m12f16_P12_Y16_UO486,MXY,1,0.0,0,0,0.0,0,0,0,-9999.0,0.47607421875,1,P12_CV0,1,0,2,2,0
4,0.4375872112626925,0.8917730007820798,R4_F4_m4f12_P4_Y16_UO610,RD4_F7_m12f1_P12_Y14_UO600,RD12_F7_m4f7_P4_Y14_UO662,MXY,3,0.0,1,0,0.0,0,0,0,-9999.0,0.4755859375,1,P12_CV0,1,1,1,2,0
4,0.4375872112626925,0.8917730007820798,R4_F4_m12f7_P12_Y17_UO427,R12_F12_m12f16_P12_Y15_UO445,RD7_F4_m4f7_P4_Y15_UO458,MXY,2,0.0,1,0,0.0,0,0,0,-9999.0,0.47265625,1,P14_CV0,1,0,2,2,0
4,0.4375872112626925,0.8917730007820798,RD4_F7_m7f4_P7_Y18_UO681,RD7_F4_m7f4_P7_Y16_UO52,R4_F4_m4f12_P4_Y16_UO562,FXX,1,0.0,0,0,0.0,0,0,0,-9999.0,0.45849609375,1,P15_CV0,1,0,2,2,0
4,0.4375872112626925,0.8917730007820798,RD4_F7_m7f4_P7_Y18_UO816,RD7_F4_m4f12_P4_Y16_UO1003,RD4_F7_m4f12_P4_Y16_UO786,MXY,1,0.0,0,0,0.0,0,0,0,-9999.0,0.48583984375,1,P15_CV0,1,1,1,1,1
4,0.4375872112626925,0.8917730007820798,R4_F4_m12f16_P12_Y17_UO351,R12_F12_m12f16_P12_Y15_UO74,R16_F16_m16f12_P16_Y14_UO764,FXX,2,0.0,1,0,1.0,0,0,0,-9999.0,0.4892578125,1,P15_CV0,1,1,1,2,0
4,0.4375872112626925,0.8917730007820798,R4_F4_m4f12_P4_Y16_UO200,RD4_F7_m4f12_P4_Y14_UO260,RD12_F3_m3f12_P3_Y14_UO1151,FXX,3,0.0,1,0,1.0,0,0,0,-9999.0,0.484375,1,P15_CV0,1,1,1,2,0
4,0.4375872112626925,0.8917730007820798,R4_F4_m4f12_P4_Y16_UO511,R4_F4_m4f12_P4_Y14_UO259,RD12_F7_m4f7_P4_Y14_UO662,FXX,3,0.0,1,0,1.0,0,0,0,-9999.0,0.4609375,1,P15_CV0,1,0,2,1,1
4,0.4375872112626925,0.8917730007820798,R4_F4_m4f12_P4_Y18_UO182,RD4_F12_m3f12_P3_Y16_UO726,RD12_F7_m4f7_P4_Y16_UO1062,MXY,1,0.0,0,0,0.0,0,0,0,-9999.0,0.4775390625,1,P16_CV0,1,1,1,2,0
4,0.4375872112626925,0.8917730007820798,R4_F4_m4f7_P4_Y18_UO100,R4_F4_m7f12_P7_Y16_UO434,RD7_F12_m12f4_P12_Y16_UO964,FXX,1,0.0,0,0,0.0,0,0,0,-9999.0,0.4677734375,1,P16_CV0,1,0,2,2,0
4,0.4375872112626925,0.8917730007820798,R4_F4_m4f7_P4_Y18_UO966,R4_F4_m4f12_P4_Y16_UO511,R7_F7_m7f12_P7_Y16_UO168,MXY,1,0.0,0,0,0.0,0,0,0,-9999.0,0.458984375,1,P16_CV0,1,0,2,1,1
4,0.4375872112626925,0.8917730007820798,RD4_F7_m7f4_P7_Y18_UO147,RD7_F4_m7f12_P7_Y16_UO433,RD4_F7_m7f4_P7_Y16_UO936,MXY,1,0.0,0,0,0.0,0,0,0,-9999.0,0.47216796875,1,P16_CV0,1,0,2,2,0
4,0.4375872112626925,0.8917730007820798,RD4_F7_m7f12_P7_Y18_UO679,RD7_F12_m12f3_P12_Y16_UO246,R12_F12_m12f16_P12_Y16_UO488,MXY,1,0.0,0,0,0.0,0,0,0,-9999.0,0.470703125,1,P16_CV0,1,1,1,1,1
4,0.4375872112626925,0.8917730007820798,RD4_F7_m7f4_P7_Y18_UO552,R7_F7_m7f4_P7_Y16_UO1173,R4_F4_m4f7_P4_Y16_UO404,FXX,1,0.0,0,0,0.0,0,0,0,-9999.0,0.47265625,1,P16_CV0,1,1,1,2,0
4,0.4375872112626925,0.8917730007820798,R4_F4_m4f7_P4_Y18_UO326,RD4_F12_m3f12_P3_Y16_UO726,R7_F7_m7f12_P7_Y16_UO863,MXY,1,0.0,0,0,0.0,0,0,0,-9999.0,0.4677734375,1,P16_CV0,1,1,1,2,0
4,0.4375872112626925,0.8917730007820798,RD4_F12_m12f7_P12_Y18_UO581,RD12_F16_m13f16_P13_Y16_UO532,R7_F7_m7f4_P7_Y16_UO128,MXY,1,0.0,0,0,0.0,0,0,0,-9999.0,0.48291015625,1,P16_CV0,1,1,1,2,0
4,0.4375872112626925,0.8917730007820798,R4_F4_m4f7_P4_Y18_UO102,R4_F4_m7f12_P7_Y16_UO434,RD7_F12_m12f4_P12_Y16_UO964,FXX,1,0.0,0,0,0.0,0,0,0,-9999.0,0.4677734375,1,P16_CV0,1,0,2,2,0
4,0.4375872112626925,0.8917730007820798,R4_F4_m4f12_P4_Y18_UO663,RD4_F12_m12f7_P12_Y16_UO1082,RD12_F16_m16f13_P16_Y16_UO664,FXX,1,0.0,0,0,0.0,0,0,0,-9999.0,0.462890625,1,P17_CV0,1,2,0,1,1
4,0.4375872112626925,0.8917730007820798,R4_F4_m4f7_P4_Y18_UO399,RD4_F12_m3f17_P3_Y16_UO1052,R7_F7_m7f12_P7_Y16_UO352,MXY,1,0.0,0,0,0.0,0,0,0,-9999.0,0.4892578125,1,P17_CV0,1,0,2,1,1
4,0.4375872112626925,0.8917730007820798,RD4_F7_m7f12_P7_Y18_UO1128,RD7_F12_m12f4_P12_Y16_UO1167,R12_F12_m4f12_P4_Y16_UO1202,FXX,1,0.0,0,0,0.0,0,0,0,-9999.0,0.4716796875,1,P17_CV0,1,0,2,2,0
4,0.4375872112626925,0.8917730007820798,R4_F4_m4f12_P4_Y18_UO352,R4_F4_m12f3_P12_Y16_UO67,R12_F12_m16f12_P16_Y16_UO57,MXY,1,0.0,0,0,0.0,0,0,0,-9999.0,0.50244140625,1,P17_CV0,1,1,1,1,1
4,0.4375872112626925,0.8917730007820798,R4_F4_m4f12_P4_Y18_UO353,R4_F4_m12f3_P12_Y16_UO67,R12_F12_m16f12_P16_Y16_UO57,FXX,1,0.0,0,0,0.0,0,0,0,-9999.0,0.50244140625,1,P17_CV0,1,0,2,1,1
4,0.4375872112626925,0.8917730007820798,R4_F4_m12f3_P12_Y16_UO67,R12_F12_m16f12_P16_Y14_UO804,R3_F3_m3f1_P3_Y14_UO354,FXX,3,0.0,1,0,1.0,0,0,0,-9999.0,0.474609375,1,P17_CV0,1,1,1,1,1
4,0.4375872112626925,0.8917730007820798,RD4_F7_m7f4_P7_Y18_UO536,R7_F7_m4f12_P4_Y16_UO365,RD4_F7_m7f4_P7_Y16_UO1179,MXY,1,0.0,0,0,0.0,0,0,0,-9999.0,0.46337890625,1,P18_CV0,1,0,2,2,0
4,0.4375872112626925,0.8917730007820798,RD4_F7_m7f12_P7_Y18_UO73,RD7_F4_m7f4_P7_Y16_UO564,RD12_F7_m7f4_P7_Y16_UO1181,FXX,1,0.0,0,0,0.0,0,0,0,-9999.0,0.470703125,1,P18_CV0,1,0,2,1,1
4,0.4375872112626925,0.8917730007820798,RD4_F7_m7f4_P7_Y18_UO192,RD7_F4_m7f4_P7_Y16_UO564,R4_F4_m4f7_P4_Y16_UO404,FXX,1,0.0,0,0,0.0,0,0,0,-9999.0,0.47412109375,1,P18_CV0,1,0,2,1,1
4,0.4375872112626925,0.8917730007820798,R4_F4_m4f12_P4_Y18_UO660,RD4_F12_m12f7_P12_Y16_UO1082,RD12_F16_m16f13_P16_Y16_UO664,MXY,1,0.0,0,0,0.0,0,0,0,-9999.0,0.462890625,1,P18_CV0,1,2,0,2,0
4,0.4375872112626925,0.8917730007820798,RD4_F7_m7f4_P7_Y18_UO553,R7_F7_m7f4_P7_Y16_UO1173,R4_F4_m4f7_P4_Y16_UO404,MXY,1,0.0,0,0,0.0,0,0,0,-9999.0,0.47265625,1,P18_CV0,1,0,2,2,0
4,0.4375872112626925,0.8917730007820798,RD4_F7_m7f4_P7_Y18_UO194,RD7_F4_m7f4_P7_Y16_UO564,R4_F4_m4f7_P4_Y16_UO404,MXY,1,0.0,0,0,0.0,0,0,0,-9999.0,0.47412109375,1,P18_CV0,1,1,1,1,1
4,0.4375872112626925,0.8917730007820798,R4_F4_m4f12_P4_Y18_UO661,RD4_F12_m12f7_P12_Y16_UO1082,RD12_F16_m16f13_P16_Y16_UO664,MXY,1,0.0,0,0,0.0,0,0,0,-9999.0,0.462890625,1,P18_CV0,1,2,0,2,0
4,0.4375872112626925,0.8917730007820798,R4_F4_m4f7_P4_Y18_UO20,RD4_F12_m1f19_P1_Y16_UO626,RD7_F12_m12f4_P12_Y16_UO964,FXX,1,0.0,0,0,0.0,0,0,0,-9999.0,0.4716796875,1,P18_CV0,1,1,1,2,0
4,0.4375872112626925,0.8917730007820798,R4_F4_m4f7_P4_Y18_UO398,RD4_F12_m3f17_P3_Y16_UO1052,R7_F7_m7f12_P7_Y16_UO352,MXY,1,0.0,0,0,0.0,0,0,0,-9999.0,0.4892578125,1,P18_CV0,1,1,1,1,1
4,0.4375872112626925,0.8917730007820798,R4_F4_m4f7_P4_Y18_UO13,R4_F4_m7f12_P7_Y16_UO782,RD7_F4_m4f12_P4_Y16_UO1002,MXY,1,0.0,0,0,0.0,0,0,0,-9999.0,0.47900390625,1,P18_CV0,1,1,1,1,1
4,0.4375872112626925,0.8917730007820798,R4_F4_m7f12_P7_Y16_UO948,R7_F7_m12f1_P12_Y14_UO601,RD12_F16_m13f16_P13_Y14_UO852,MXY,3,0.0,1,0,0.0,0,0,0,-9999.0,0.51171875,1,P18_CV0,1,0,2,2,0
4,0.4375872112626925,0.8917730007820798,RD4_F7_m7f4_P7_Y18_UO606,RD7_F4_m7f4_P7_Y16_UO818,RD4_F12_m16f13_P16_Y16_UO619,FXX,1,0.0,0,0,0.0,0,0,0,-9999.0,0.462890625,1,P1_CV0,1,1,1,2,0
4,0.4375872112626925,0.8917730007820798,RD4_F7_m7f12_P7_Y18_UO109,RD7_F4_m7f4_P7_Y16_UO818,R12_F12_m12f3_P12_Y16_UO250,FXX,1,0.0,0,0,0.0,0,0,0,-9999.0,0.4599609375,1,P1_CV0,1,1,1,2,0
4,0.4375872112626925,0.8917730007820798,RD4_F7_m7f4_P7_Y18_UO607,RD7_F4_m7f4_P7_Y16_UO818,RD4_F12_m16f13_P16_Y16_UO619,FXX,1,0.0,0,0,0.0,0,0,0,-9999.0,0.462890625,1,P1_CV0,1,2,0,1,1
4,0.4375872112626925,0.8917730007820798,RD4_F7_m7f4_P7_Y18_UO1201,R7_F7_m7f12_P7_Y16_UO167,R4_F4_m4f12_P4_Y16_UO754,MXY,1,0.0,0,0,0.0,0,0,0,-9999.0,0.4619140625,1,P2_CV0,1,1,1,1,1
4,0.4375872112626925,0.8917730007820798,R4_F4_m4f12_P4_Y18_UO266,R4_F4_m4f12_P4_Y16_UO200,R12_F12_m16f12_P16_Y16_UO57,FXX,1,0.0,0,0,0.0,0,0,0,-9999.0,0.50732421875,1,P3_CV0,1,0,2,2,0
4,0.4375872112626925,0.8917730007820798,R4_F4_m4f12_P4_Y18_UO1109,R4_F4_m7f12_P7_Y16_UO141,RD12_F4_m4f12_P4_Y16_UO201,MXY,1,0.0,0,0,0.0,0,0,0,-9999.0,0.4775390625,1,P3_CV0,1,0,2,2,0
4,0.4375872112626925,0.8917730007820798,R4_F4_m4f12_P4_Y18_UO1110,R4_F4_m7f12_P7_Y16_UO141,RD12_F4_m4f12_P4_Y16_UO201,FXX,1,0.0,0,0,0.0,0,0,0,-9999.0,0.4775390625,1,P3_CV0,1,0,2,2,0
4,0.4375872112626925,0.8917730007820798,R4_F4_m4f7_P4_Y18_UO101,R4_F4_m7f12_P7_Y16_UO434,RD7_F12_m12f4_P12_Y16_UO964,FXX,1,0.0,0,0,0.0,0,0,0,-9999.0,0.4677734375,1,P3_CV0,1,0,2,2,0
4,0.4375872112626925,0.8917730007820798,RD4_F7_m7f4_P7_Y18_UO817,RD7_F4_m4f12_P4_Y16_UO1003,RD4_F7_m4f12_P4_Y16_UO786,MXY,1,0.0,0,0,0.0,0,0,0,-9999.0,0.48583984375,1,P3_CV0,1,1,1,2,0
4,0.4375872112626925,0.8917730007820798,RD4_F12_m12f4_P12_Y18_UO753,RD12_F1_m1f2_P1_Y16_UO1065,R4_F4_m4f7_P4_Y16_UO937,MXY,1,0.0,0,0,0.0,0,0,0,-9999.0,0.46240234375,1,P3_CV0,1,0,2,1,1
4,0.4375872112626925,0.8917730007820798,R4_F4_m4f12_P4_Y18_UO264,R4_F4_m4f12_P4_Y16_UO200,R12_F12_m16f12_P16_Y16_UO57,MXY,1,0.0,0,0,0.0,0,0,0,-9999.0,0.50732421875,1,P3_CV0,1,1,1,2,0
4,0.4375872112626925,0.8917730007820798,R4_F4_m4f7_P4_Y18_UO625,RD4_F12_m12f7_P12_Y16_UO1082,R7_F7_m7f4_P7_Y16_UO106,FXX,1,0.0,0,0,0.0,0,0,0,-9999.0,0.462890625,1,P3_CV0,1,2,0,1,1
4,0.4375872112626925,0.8917730007820798,RD4_F7_m7f12_P7_Y18_UO311,RD7_F4_m4f12_P4_Y16_UO436,R12_F12_m12f3_P12_Y16_UO250,MXY,1,0.0,0,0,0.0,0,0,0,-9999.0,0.48046875,1,P3_CV0,1,2,0,2,0
4,0.4375872112626925,0.8917730007820798,RD4_F12_m12f4_P12_Y18_UO752,RD12_F1_m1f2_P1_Y16_UO1065,R4_F4_m4f7_P4_Y16_UO937,FXX,1,0.0,0,0,0.0,0,0,0,-9999.0,0.46240234375,1,P3_CV0,1,0,2,0,2
4,0.4375872112626925,0.8917730007820798,RD4_F12_m12f7_P12_Y18_UO403,R12_F12_m4f12_P4_Y16_UO395,RD7_F4_m4f7_P4_Y16_UO310,FXX,1,0.0,0,0,0.0,0,0,0,-9999.0,0.46875,1,P3_CV0,1,1,1,2,0
4,0.4375872112626925,0.8917730007820798,RD4_F7_m7f4_P7_Y18_UO327,R7_F7_m7f4_P7_Y16_UO895,R4_F4_m12f7_P12_Y16_UO1127,MXY,1,0.0,0,0,0.0,0,0,0,-9999.0,0.48486328125,1,P3_CV0,1,2,0,2,0
4,0.4375872112626925,0.8917730007820798,R4_F4_m4f7_P4_Y16_UO937,RD4_F7_m4f7_P4_Y14_UO396,R7_F7_m4f7_P4_Y14_UO398,MXY,3,0.0,1,0,0.0,0,0,0,-9999.0,0.484375,1,P3_CV0,1,0,2,0,2
4,0.4375872112626925,0.8917730007820798,RD4_F7_m7f4_P7_Y16_UO106,R7_F7_m7f12_P7_Y14_UO876,R4_F4_m7f12_P7_Y14_UO964,MXY,3,0.0,1,0,0.0,0,0,0,-9999.0,0.4677734375,1,P3_CV0,1,1,1,0,2
4,0.4375872112626925,0.8917730007820798,RD4_F7_m7f12_P7_Y16_UO972,R7_F7_m7f12_P7_Y14_UO716,R12_F12_m12f7_P12_Y14_UO502,MXY,3,0.0,1,0,0.0,0,0,0,-9999.0,0.4794921875,1,P3_CV0,1,0,2,2,0
4,0.4375872112626925,0.8917730007820798,RD4_F7_m7f4_P7_Y18_UO148,RD7_F4_m7f12_P7_Y16_UO433,RD4_F7_m7f4_P7_Y16_UO936,FXX,1,0.0,0,0,0.0,0,0,0,-9999.0,0.47216796875,1,P5_CV0,1,2,0,2,0
4,0.4375872112626925,0.8917730007820798,RD4_F7_m7f12_P7_Y18_UO1193,R7_F7_m7f4_P7_Y16_UO895,RD12_F7_m4f7_P4_Y16_UO808,FXX,1,0.0,0,0,0.0,0,0,0,-9999.0,0.484375,1,P5_CV0,1,2,0,2,0
4,0.4375872112626925,0.8917730007820798,RD4_F7_m7f4_P7_Y16_UO895,R7_F7_m12f16_P12_Y14_UO216,R4_F4_m7f12_P7_Y14_UO630,FXX,3,0.0,1,0,1.0,0,0,0,-9999.0,0.5009765625,1,P5_CV0,1,1,1,2,0
4,0.4375872112626925,0.8917730007820798,R4_F4_m4f12_P4_Y18_UO1093,RD4_F7_m4f12_P4_Y16_UO976,RD12_F7_m4f7_P4_Y16_UO808,MXY,1,0.0,0,0,0.0,0,0,0,-9999.0,0.4716796875,1,P6_CV0,1,0,2,1,1
4,0.4375872112626925,0.8917730007820798,R4_F4_m4f12_P4_Y18_UO1092,RD4_F7_m4f12_P4_Y16_UO976,RD12_F7_m4f7_P4_Y16_UO808,MXY,1,0.0,0,0,0.0,0,0,0,-9999.0,0.4716796875,1,P6_CV0,1,1,1,2,0
4,0.4375872112626925,0.8917730007820798,R4_F4_m4f12_P4_Y18_UO181,RD4_F12_m3f12_P3_Y16_UO726,RD12_F7_m4f7_P4_Y16_UO1062,MXY,1,0.0,0,0,0.0,0,0,0,-9999.0,0.4775390625,1,P6_CV0,1,1,1,2,0
4,0.4375872112626925,0.8917730007820798,R4_F4_m4f7_P4_Y18_UO574,R4_F4_m4f7_P4_Y16_UO1112,R7_F7_m4f7_P4_Y16_UO1113,MXY,1,0.0,0,0,0.0,0,0,0,-9999.0,0.4892578125,1,P6_CV0,1,1,1,1,1
4,0.4375872112626925,0.8917730007820798,R4_F4_m4f7_P4_Y18_UO572,R4_F4_m4f7_P4_Y16_UO1112,R7_F7_m4f7_P4_Y16_UO1113,MXY,1,0.0,0,0,0.0,0,0,0,-9999.0,0.4892578125,1,P6_CV0,1,2,0,1,1
4,0.4375872112626925,0.8917730007820798,R4_F4_m4f7_P4_Y18_UO89,R4_F4_m4f7_P4_Y16_UO292,RD7_F4_m4f12_P4_Y16_UO74,MXY,1,0.0,0,0,0.0,0,0,0,-9999.0,0.48046875,1,P6_CV0,1,1,1,2,0
4,0.4375872112626925,0.8917730007820798,R4_F4_m4f7_P4_Y18_UO92,R4_F4_m4f7_P4_Y16_UO292,RD7_F4_m4f12_P4_Y16_UO74,FXX,1,0.0,0,0,0.0,0,0,0,-9999.0,0.48046875,1,P6_CV0,1,1,1,1,1
4,0.4375872112626925,0.8917730007820798,RD4_F12_m3f1_P3_Y17_UO160,RD3_F1_m1f17_P1_Y15_UO692,R1_F1_m1f17_P1_Y15_UO584,FXX,2,0.0,1,0,1.0,0,0,0,-9999.0,0.466796875,1,P6_CV0,1,2,0,0,2
6,0.7917250380826646,0.5288949197529045,RD6_F2_m2f1_P2_Y18_UO10,RD2_F1_m1f3_P1_Y16_UO1059,R1_F1_m1f3_P1_Y16_UO1055,MXY,1,0.0,0,0,0.0,0,0,0,-9999.0,0.443359375,1,P0_CV0,1,0,2,2,0
6,0.7917250380826646,0.5288949197529045,RD6_F2_m2f15_P2_Y18_UO694,RD2_F6_m2f17_P2_Y16_UO772,RD15_F2_m6f2_P6_Y15_UO646,MXY,1,0.0,0,0,0.0,0,0,0,-9999.0,0.44091796875,1,P0_CV0,1,1,1,2,0
6,0.7917250380826646,0.5288949197529045,RD6_F2_m2f15_P2_Y18_UO696,RD2_F6_m2f17_P2_Y16_UO772,RD15_F2_m6f2_P6_Y15_UO646,FXX,1,0.0,0,0,0.0,0,0,0,-9999.0,0.44091796875,1,P0_CV0,1,2,0,2,0
6,0.7917250380826646,0.5288949197529045,RD6_F2_m2f1_P2_Y18_UO906,RD2_F6_m6f2_P6_Y16_UO962,R1_F1_m1f3_P1_Y16_UO1060,FXX,1,0.0,0,0,0.0,0,0,0,-9999.0,0.4326171875,1,P0_CV0,1,0,2,2,0
6,0.7917250380826646,0.5288949197529045,R6_F6_m6f2_P6_Y18_UO521,R6_F6_m2f17_P2_Y16_UO777,RD2_F17_m17f19_P17_Y16_UO844,FXX,1,0.0,0,0,0.0,0,0,0,-9999.0,0.4453125,1,P0_CV0,1,1,1,1,1
6,0.7917250380826646,0.5288949197529045,R6_F6_m6f2_P6_Y18_UO989,R6_F6_m2f19_P2_Y16_UO907,R2_F2_m15f17_P15_Y14_UO1014,MXY,1,0.0,0,0,0.0,0,0,0,-9999.0,0.45166015625,1,P0_CV0,1,1,1,2,0
6,0.7917250380826646,0.5288949197529045,R6_F6_m6f2_P6_Y18_UO1131,R6_F6_m2f17_P2_Y16_UO773,RD2_F1_m2f1_P2_Y16_UO979,FXX,1,0.0,0,0,0.0,0,0,0,-9999.0,0.4306640625,1,P0_CV0,1,0,2,0,2
6,0.7917250380826646,0.5288949197529045,R6_F6_m6f2_P6_Y18_UO1146,R6_F6_m2f17_P2_Y16_UO773,RD2_F19_m19f17_P19_Y16_UO377,MXY,1,0.0,0,0,0.0,0,0,0,-9999.0,0.43603515625,1,P0_CV0,1,0,2,2,0
6,0.7917250380826646,0.5288949197529045,R6_F6_m6f2_P6_Y18_UO1208,R6_F6_m6f2_P6_Y16_UO903,R2_F2_m15f17_P15_Y15_UO560,MXY,1,0.0,0,0,0.0,0,0,0,-9999.0,0.45556640625,1,P0_CV0,1,1,1,0,2
6,0.7917250380826646,0.5288949197529045,R6_F6_m6f2_P6_Y18_UO1214,R6_F6_m6f2_P6_Y16_UO903,R2_F2_m15f17_P15_Y15_UO560,MXY,1,0.0,0,0,0.0,0,0,0,-9999.0,0.45556640625,1,P0_CV0,1,1,1,0,2
6,0.7917250380826646,0.5288949197529045,R6_F6_m6f2_P6_Y17_UO421,R6_F6_m6f2_P6_Y15_UO51,R2_F2_m6f2_P6_Y15_UO646,FXX,2,0.0,1,0,1.0,0,0,0,-9999.0,0.44921875,1,P0_CV0,1,2,0,1,1
6,0.7917250380826646,0.5288949197529045,R6_F6_m2f19_P2_Y16_UO912,RD2_F17_m1f2_P1_Y14_UO709,R19_F19_m1f2_P1_Y14_UO492,MXY,3,0.0,1,0,0.0,0,0,0,-9999.0,0.4619140625,1,P0_CV0,1,1,1,2,0
6,0.7917250380826646,0.5288949197529045,RD6_F2_m2f17_P2_Y17_UO455,RD2_F6_m2f6_P2_Y15_UO489,R17_F17_m17f3_P17_Y14_UO498,MXY,2,0.0,1,0,0.0,0,0,0,-9999.0,0.45703125,1,P11_CV0,1,1,1,2,0
6,0.7917250380826646,0.5288949197529045,R6_F6_m2f6_P2_Y17_UO365,RD2_F6_m6f2_P6_Y15_UO637,R6_F6_m6f2_P6_Y15_UO621,FXX,2,0.0,1,0,1.0,0,0,0,-9999.0,0.455078125,1,P11_CV0,1,1,1,0,2
6,0.7917250380826646,0.5288949197529045,R6_F6_m2f6_P2_Y17_UO83,RD2_F6_m2f6_P2_Y15_UO489,RD6_F2_m2f6_P2_Y13_UO886,FXX,2,0.0,1,0,1.0,0,0,0,-9999.0,0.4609375,1,P11_CV0,1,1,1,2,0
6,0.7917250380826646,0.5288949197529045,RD6_F2_m2f1_P2_Y18_UO960,RD2_F19_m19f17_P19_Y16_UO217,R1_F1_m12f16_P12_Y16_UO501,FXX,1,0.0,0,0,0.0,0,0,0,-9999.0,0.47216796875,1,P12_CV0,1,2,0,1,1
6,0.7917250380826646,0.5288949197529045,RD6_F2_m2f1_P2_Y18_UO1101,RD2_F19_m19f17_P19_Y16_UO219,RD1_F12_m16f13_P16_Y16_UO879,MXY,1,0.0,0,0,0.0,0,0,0,-9999.0,0.50048828125,1,P12_CV0,1,1,1,2,0
6,0.7917250380826646,0.5288949197529045,RD6_F2_m2f17_P2_Y18_UO1106,RD2_F17_m3f1_P3_Y16_UO425,R17_F17_m15f2_P15_Y16_UO337,FXX,1,0.0,0,0,0.0,0,0,0,-9999.0,0.4443359375,1,P12_CV0,1,2,0,1,1
6,0.7917250380826646,0.5288949197529045,RD6_F2_m2f17_P2_Y18_UO1108,RD2_F17_m3f1_P3_Y16_UO425,R17_F17_m15f2_P15_Y16_UO337,MXY,1,0.0,0,0,0.0,0,0,0,-9999.0,0.4443359375,1,P12_CV0,1,2,0,0,2
6,0.7917250380826646,0.5288949197529045,R6_F6_m6f2_P6_Y18_UO111,R6_F6_m2f19_P2_Y16_UO911,R2_F2_m6f2_P6_Y16_UO242,FXX,1,0.0,0,0,0.0,0,0,0,-9999.0,0.45068359375,1,P12_CV0,1,0,2,1,1
6,0.7917250380826646,0.5288949197529045,R6_F6_m6f2_P6_Y18_UO116,R6_F6_m2f19_P2_Y16_UO911,R2_F2_m6f2_P6_Y16_UO242,FXX,1,0.0,0,0,0.0,0,0,0,-9999.0,0.45068359375,1,P12_CV0,1,0,2,1,1
6,0.7917250380826646,0.5288949197529045,R6_F6_m6f2_P6_Y18_UO971,R6_F6_m6f2_P6_Y16_UO236,RD2_F1_m2f1_P2_Y16_UO979,FXX,1,0.0,0,0,0.0,0,0,0,-9999.0,0.43505859375,1,P12_CV0,1,1,1,1,1
6,0.7917250380826646,0.5288949197529045,R6_F6_m6f2_P6_Y16_UO236,RD6_F2_m1f12_P1_Y14_UO1033,RD2_F6_m2f15_P2_Y14_UO95,FXX,3,0.0,1,0,1.0,0,0,0,-9999.0,0.439453125,1,P12_CV0,1,0,2,1,1
6,0.7917250380826646,0.5288949197529045,RD6_F2_m2f6_P2_Y18_UO129,R2_F2_m17f3_P17_Y16_UO928,R6_F6_m6f2_P6_Y16_UO81,FXX,1,0.0,0,0,0.0,0,0,0,-9999.0,0.43798828125,1,P18_CV0,1,1,1,2,0
6,0.7917250380826646,0.5288949197529045,RD6_F2_m2f19_P2_Y18_UO771,R2_F2_m17f3_P17_Y16_UO928,RD19_F17_m17f1_P17_Y16_UO149,FXX,1,0.0,0,0,0.0,0,0,0,-9999.0,0.44189453125,1,P18_CV0,1,2,0,1,1
6,0.7917250380826646,0.5288949197529045,R6_F6_m6f2_P6_Y18_UO115,R6_F6_m2f19_P2_Y16_UO911,R2_F2_m6f2_P6_Y16_UO242,FXX,1,0.0,0,0,0.0,0,0,0,-9999.0,0.45068359375,1,P18_CV0,1,0,2,2,0
6,0.7917250380826646,0.5288949197529045,R6_F6_m6f2_P6_Y18_UO274,R6_F6_m2f17_P2_Y16_UO775,RD2_F6_m6f2_P6_Y16_UO493,MXY,1,0.0,0,0,0.0,0,0,0,-9999.0,0.4326171875,1,P18_CV0,1,2,0,2,0
6,0.7917250380826646,0.5288949197529045,R6_F6_m6f2_P6_Y18_UO278,R6_F6_m2f17_P2_Y16_UO775,RD2_F6_m6f2_P6_Y16_UO493,MXY,1,0.0,0,0,0.0,0,0,0,-9999.0,0.4326171875,1,P18_CV0,1,2,0,2,0
6,0.7917250380826646,0.5288949197529045,R6_F6_m6f2_P6_Y18_UO739,R6_F6_m6f2_P6_Y16_UO903,RD2_F15_m17f15_P17_Y16_UO69,FXX,1,0.0,0,0,0.0,0,0,0,-9999.0,0.44189453125,1,P18_CV0,1,0,2,1,1
6,0.7917250380826646,0.5288949197529045,R6_F6_m6f2_P6_Y18_UO745,R6_F6_m6f2_P6_Y16_UO903,RD2_F15_m17f15_P17_Y16_UO69,MXY,1,0.0,0,0,0.0,0,0,0,-9999.0,0.44189453125,1,P18_CV0,1,1,1,0,2
6,0.7917250380826646,0.5288949197529045,R6_F6_m6f2_P6_Y18_UO746,R6_F6_m6f2_P6_Y16_UO903,RD2_F15_m17f15_P17_Y16_UO69,MXY,1,0.0,0,0,0.0,0,0,0,-9999.0,0.44189453125,1,P18_CV0,1,1,1,1,1
6,0.7917250380826646,0.5288949197529045,R6_F6_m6f2_P6_Y18_UO748,R6_F6_m6f2_P6_Y16_UO903,RD2_F15_m17f15_P17_Y16_UO69,FXX,1,0.0,0,0,0.0,0,0,0,-9999.0,0.44189453125,1,P18_CV0,1,1,1,1,1
6,0.7917250380826646,0.5288949197529045,R6_F6_m6f2_P6_Y18_UO1205,R6_F6_m6f2_P6_Y16_UO903,R2_F2_m15f17_P15_Y15_UO560,MXY,1,0.0,0,0,0.0,0,0,0,-9999.0,0.45556640625,1,P18_CV0,1,0,2,0,2
6,0.7917250380826646,0.5288949197529045,R6_F6_m6f2_P6_Y18_UO1207,R6_F6_m6f2_P6_Y16_UO903,R2_F2_m15f17_P15_Y15_UO560,FXX,1,0.0,0,0,0.0,0,0,0,-9999.0,0.45556640625,1,P18_CV0,1,0,2,0,2
6,0.7917250380826646,0.5288949197529045,R6_F6_m6f2_P6_Y18_UO1211,R6_F6_m6f2_P6_Y16_UO903,R2_F2_m15f17_P15_Y15_UO560,MXY,1,0.0,0,0,0.0,0,0,0,-9999.0,0.45556640625,1,P18_CV0,1,1,1,1,1
6,0.7917250380826646,0.5288949197529045,R6_F6_m6f2_P6_Y18_UO1213,R6_F6_m6f2_P6_Y16_UO903,R2_F2_m15f17_P15_Y15_UO560,MXY,1,0.0,0,0,0.0,0,0,0,-9999.0,0.45556640625,1,P18_CV0,1,1,1,1,1
6,0.7917250380826646,0.5288949197529045,R6_F6_m6f2_P6_Y17_UO420,R6_F6_m6f2_P6_Y15_UO51,R2_F2_m6f2_P6_Y15_UO646,FXX,2,0.0,1,0,1.0,0,0,0,-9999.0,0.44921875,1,P18_CV0,1,2,0,1,1
6,0.7917250380826646,0.5288949197529045,R6_F6_m6f2_P6_Y17_UO11,R6_F6_m6f2_P6_Y15_UO48,R2_F2_m19f3_P19_Y14_UO281,FXX,2,0.0,1,0,1.0,0,0,0,-9999.0,0.4345703125,1,P18_CV0,1,2,0,1,1
6,0.7917250380826646,0.5288949197529045,RD6_F2_m17f1_P17_Y16_UO197,R17_F17_m17f15_P17_Y14_UO173,RD1_F12_m12f1_P12_Y14_UO604,FXX,3,0.0,1,0,1.0,0,0,0,-9999.0,0.4599609375,1,P18_CV0,1,1,1,0,2
6,0.7917250380826646,0.5288949197529045,RD6_F2_m2f19_P2_Y18_UO822,RD2_F6_m2f15_P2_Y16_UO123,RD19_F1_m1f3_P1_Y16_UO374,FXX,1,0.0,0,0,0.0,0,0,0,-9999.0,0.43896484375,1,P1_CV0,1,0,2,1,1
6,0.7917250380826646,0.5288949197529045,RD6_F2_m2f19_P2_Y18_UO823,RD2_F6_m2f15_P2_Y16_UO123,RD19_F1_m1f3_P1_Y16_UO374,MXY,1,0.0,0,0,0.0,0,0,0,-9999.0,0.43896484375,1,P1_CV0,1,0,2,1,1
6,0.7917250380826646,0.5288949197529045,RD6_F2_m2f19_P2_Y18_UO825,RD2_F6_m2f15_P2_Y16_UO123,RD19_F1_m1f3_P1_Y16_UO374,FXX,1,0.0,0,0,0.0,0,0,0,-9999.0,0.43896484375,1,P1_CV0,1,0,2,1,1
6,0.7917250380826646,0.5288949197529045,RD6_F2_m2f19_P2_Y18_UO828,RD2_F6_m2f15_P2_Y16_UO123,RD19_F1_m1f3_P1_Y16_UO374,FXX,1,0.0,0,0,0.0,0,0,0,-9999.0,0.43896484375,1,P1_CV0,1,0,2,1,1
6,0.7917250380826646,0.5288949197529045,R6_F6_m6f2_P6_Y18_UO974,R6_F6_m6f2_P6_Y16_UO236,RD2_F1_m2f1_P2_Y16_UO979,MXY,1,0.0,0,0,0.0,0,0,0,-9999.0,0.43505859375,1,P1_CV0,1,1,1,0,2
6,0.7917250380826646,0.5288949197529045,RD6_F2_m2f6_P2_Y18_UO131,R2_F2_m17f3_P17_Y16_UO928,R6_F6_m6f2_P6_Y16_UO81,MXY,1,0.0,0,0,0.0,0,0,0,-9999.0,0.43798828125,1,P2_CV0,1,1,1,2,0
6,0.7917250380826646,0.5288949197529045,RD6_F2_m2f19_P2_Y18_UO230,R2_F2_m15f17_P15_Y16_UO1019,RD19_F3_m3f12_P3_Y16_UO969,MXY,1,0.0,0,0,0.0,0,0,0,-9999.0,0.443359375,1,P2_CV0,1,0,2,1,1
6,0.7917250380826646,0.5288949197529045,RD6_F2_m2f15_P2_Y18_UO697,RD2_F6_m2f17_P2_Y16_UO772,RD15_F2_m6f2_P6_Y15_UO646,FXX,1,0.0,0,0,0.0,0,0,0,-9999.0,0.44091796875,1,P2_CV0,1,2,0,2,0
6,0.7917250380826646,0.5288949197529045,R6_F6_m6f2_P6_Y18_UO276,R6_F6_m2f17_P2_Y16_UO775,RD2_F6_m6f2_P6_Y16_UO493,MXY,1,0.0,0,0,0.0,0,0,0,-9999.0,0.4326171875,1,P2_CV0,1,1,1,2,0
6,0.7917250380826646,0.5288949197529045,R6_F6_m6f2_P6_Y18_UO277,R6_F6_m2f17_P2_Y16_UO775,RD2_F6_m6f2_P6_Y16_UO493,FXX,1,0.0,0,0,0.0,0,0,0,-9999.0,0.4326171875,1,P2_CV0,1,2,0,2,0
6,0.7917250380826646,0.5288949197529045,R6_F6_m6f2_P6_Y18_UO426,R6_F6_m2f6_P2_Y16_UO43,RD2_F6_m6f2_P6_Y15_UO621,MXY,1,0.0,0,0,0.0,0,0,0,-9999.0,0.44140625,1,P2_CV0,1,0,2,0,2
6,0.7917250380826646,0.5288949197529045,R6_F6_m6f2_P6_Y18_UO428,R6_F6_m2f6_P2_Y16_UO43,RD2_F6_m6f2_P6_Y15_UO621,MXY,1,0.0,0,0,0.0,0,0,0,-9999.0,0.44140625,1,P2_CV0,1,1,1,0,2
6,0.7917250380826646,0.5288949197529045,R6_F6_m6f2_P6_Y18_UO488,R6_F6_m6f2_P6_Y16_UO471,RD2_F6_m6f2_P6_Y15_UO621,FXX,1,0.0,0,0,0.0,0,0,0,-9999.0,0.4404296875,1,P2_CV0,1,1,1,0,2
6,0.7917250380826646,0.5288949197529045,R6_F6_m6f2_P6_Y18_UO491,R6_F6_m6f2_P6_Y16_UO471,RD2_F6_m6f2_P6_Y15_UO621,FXX,1,0.0,0,0,0.0,0,0,0,-9999.0,0.4404296875,1,P2_CV0,1,0,2,1,1
6,0.7917250380826646,0.5288949197529045,R6_F6_m6f2_P6_Y18_UO494,R6_F6_m6f2_P6_Y16_UO471,RD2_F6_m6f2_P6_Y15_UO621,MXY,1,0.0,0,0,0.0,0,0,0,-9999.0,0.4404296875,1,P2_CV0,1,0,2,0,2
6,0.7917250380826646,0.5288949197529045,R6_F6_m6f2_P6_Y18_UO594,R6_F6_m6f2_P6_Y16_UO474,RD2_F19_m19f17_P19_Y16_UO377,FXX,1,0.0,0,0,0.0,0,0,0,-9999.0,0.43359375,1,P2_CV0,1,0,2,2,0
6,0.7917250380826646,0.5288949197529045,R6_F6_m6f2_P6_Y18_UO597,R6_F6_m6f2_P6_Y16_UO474,RD2_F19_m19f17_P19_Y16_UO377,MXY,1,0.0,0,0,0.0,0,0,0,-9999.0,0.43359375,1,P2_CV0,1,0,2,1,1
6,0.7917250380826646,0.5288949197529045,RD6_F2_m2f17_P2_Y17_UO463,R2_F2_m2f1_P2_Y15_UO229,R17_F17_m17f3_P17_Y14_UO1206,FXX,2,0.0,1,0,1.0,0,0,0,-9999.0,0.44921875,1,P2_CV0,1,1,1,1,1
6,0.7917250380826646,0.5288949197529045,R6_F6_m6f2_P6_Y18_UO522,R6_F6_m2f17_P2_Y16_UO777,RD2_F17_m17f19_P17_Y16_UO844,MXY,1,0.0,0,0,0.0,0,0,0,-9999.0,0.4453125,1,P3_CV0,1,2,0,2,0
6,0.7917250380826646,0.5288949197529045,R6_F6_m6f2_P6_Y18_UO523,R6_F6_m2f17_P2_Y16_UO777,RD2_F17_m17f19_P17_Y16_UO844,FXX,1,0.0,0,0,0.0,0,0,0,-9999.0,0.4453125,1,P3_CV0,1,1,1,1,1
6,0.7917250380826646,0.5288949197529045,R6_F6_m6f2_P6_Y18_UO1168,R6_F6_m2f6_P2_Y16_UO43,RD2_F6_m6f2_P6_Y16_UO641,FXX,1,0.0,0,0,0.0,0,0,0,-9999.0,0.4462890625,1,P3_CV0,1,1,1,0,2
6,0.7917250380826646,0.5288949197529045,R6_F6_m6f2_P6_Y18_UO1171,R6_F6_m2f6_P2_Y16_UO43,RD2_F6_m6f2_P6_Y16_UO641,FXX,1,0.0,0,0,0.0,0,0,0,-9999.0,0.4462890625,1,P3_CV0,1,0,2,1,1
6,0.7917250380826646,0.5288949197529045,R6_F6_m6f2_P6_Y18_UO1173,R6_F6_m2f6_P2_Y16_UO43,RD2_F6_m6f2_P6_Y16_UO641,MXY,1,0.0,0,0,0.0,0,0,0,-9999.0,0.4462890625,1,P3_CV0,1,0,2,0,2
6,0.7917250380826646,0.5288949197529045,R6_F6_m6f2_P6_Y16_UO228,R6_F6_m2f6_P2_Y14_UO487,RD2_F15_m15f2_P15_Y14_UO402,MXY,3,0.0,1,0,0.0,0,0,0,-9999.0,0.4296875,1,P3_CV0,1,2,0,2,0
6,0.7917250380826646,0.5288949197529045,R6_F6_m6f2_P6_Y18_UO427,R6_F6_m2f6_P2_Y16_UO43,RD2_F6_m6f2_P6_Y15_UO621,MXY,1,0.0,0,0,0.0,0,0,0,-9999.0,0.44140625,1,P6_CV0,1,0,2,0,2
6,0.7917250380826646,0.5288949197529045,R6_F6_m6f2_P6_Y18_UO495,R6_F6_m6f2_P6_Y16_UO471,RD2_F6_m6f2_P6_Y15_UO621,FXX,1,0.0,0,0,0.0,0,0,0,-9999.0,0.4404296875,1,P6_CV0,1,1,1,1,1
6,0.7917250380826646,0.5288949197529045,R6_F6_m6f2_P6_Y18_UO593,R6_F6_m6f2_P6_Y16_UO474,RD2_F19_m19f17_P19_Y16_UO377,FXX,1,0.0,0,0,0.0,0,0,0,-9999.0,0.43359375,1,P6_CV0,1,0,2,1,1
7,0.5680445610939323,0.925596638292661,RD7_F4_m4f12_P4_Y18_UO396,R4_F4_m7f12_P7_Y16_UO782,R12_F12_m12f3_P12_Y16_UO250,MXY,1,0.0,0,0,0.0,0,0,0,-9999.0,0.4736328125,1,P0_CV0,1,2,0,1,1
7,0.5680445610939323,0.925596638292661,RD7_F4_m4f12_P4_Y18_UO604,R4_F4_m12f4_P12_Y16_UO1122,R12_F12_m3f19_P3_Y16_UO109,MXY,1,0.0,0,0,0.0,0,0,0,-9999.0,0.47998046875,1,P0_CV0,1,0,2,1,1
7,0.5680445610939323,0.925596638292661,RD7_F4_m4f7_P4_Y18_UO1166,RD4_F12_m3f17_P3_Y16_UO1052,R7_F7_m7f4_P7_Y16_UO128,MXY,1,0.0,0,0,0.0,0,0,0,-9999.0,0.458984375,1,P0_CV0,1,0,2,0,2
7,0.5680445610939323,0.925596638292661,RD7_F4_m4f12_P4_Y18_UO1227,R4_F4_m4f7_P4_Y16_UO292,RD12_F3_m1f3_P1_Y15_UO540,FXX,1,0.0,0,0,0.0,0,0,0,-9999.0,0.46044921875,1,P0_CV0,1,2,0,1,1
7,0.5680445610939323,0.925596638292661,R7_F7_m7f12_P7_Y18_UO206,RD7_F4_m7f12_P7_Y16_UO679,RD12_F3_m1f3_P1_Y15_UO540,MXY,1,0.0,0,0,0.0,0,0,0,-9999.0,0.4462890625,1,P0_CV0,1,1,1,0,2
7,0.5680445610939323,0.925596638292661,R7_F7_m7f12_P7_Y18_UO207,RD7_F4_m7f12_P7_Y16_UO679,RD12_F3_m1f3_P1_Y15_UO540,MXY,1,0.0,0,0,0.0,0,0,0,-9999.0,0.4462890625,1,P0_CV0,1,0,2,2,0
7,0.5680445610939323,0.925596638292661,R7_F7_m7f4_P7_Y18_UO214,RD7_F4_m7f12_P7_Y16_UO433,R4_F4_m7f12_P7_Y16_UO277,FXX,1,0.0,0,0,0.0,0,0,0,-9999.0,0.4599609375,1,P0_CV0,1,2,0,1,1
7,0.5680445610939323,0.925596638292661,R7_F7_m7f12_P7_Y18_UO547,RD7_F12_m4f7_P4_Y16_UO403,RD12_F3_m3f12_P3_Y16_UO408,FXX,1,0.0,0,0,0.0,0,0,0,-9999.0,0.45166015625,1,P0_CV0,1,0,2,2,0
7,0.5680445610939323,0.925596638292661,R7_F7_m7f4_P7_Y18_UO841,RD7_F12_m7f4_P7_Y16_UO1142,R4_F4_m7f12_P7_Y16_UO353,MXY,1,0.0,0,0,0.0,0,0,0,-9999.0,0.50634765625,1,P0_CV0,1,1,1,2,0
7,0.5680445610939323,0.925596638292661,RD7_F12_m12f1_P12_Y18_UO1202,R12_F12_m12f7_P12_Y16_UO1128,RD1_F19_m19f3_P19_Y16_UO809,MXY,1,0.0,0,0,0.0,0,0,0,-9999.0,0.4580078125,1,P0_CV0,1,1,1,1,1
7,0.5680445610939323,0.925596638292661,R7_F7_m7f4_P7_Y18_UO969,R7_F7_m4f12_P4_Y16_UO608,R4_F4_m12f16_P12_Y16_UO503,MXY,1,0.0,0,0,0.0,0,0,0,-9999.0,0.4736328125,1,P11_CV0,1,2,0,1,1
7,0.5680445610939323,0.925596638292661,RD7_F4_m4f7_P4_Y18_UO90,R4_F4_m4f7_P4_Y16_UO292,RD7_F4_m4f12_P4_Y16_UO74,MXY,1,0.0,0,0,0.0,0,0,0,-9999.0,0.48046875,1,P12_CV0,1,1,1,1,1
7,0.5680445610939323,0.925596638292661,RD7_F4_m4f7_P4_Y18_UO91,R4_F4_m4f7_P4_Y16_UO292,RD7_F4_m4f12_P4_Y16_UO74,FXX,1,0.0,0,0,0.0,0,0,0,-9999.0,0.48046875,1,P12_CV0,1,1,1,1,1
7,0.5680445610939323,0.925596638292661,RD7_F4_m4f12_P4_Y18_UO529,R4_F4_m12f4_P12_Y16_UO1122,RD12_F16_m16f13_P16_Y16_UO622,MXY,1,0.0,0,0,0.0,0,0,0,-9999.0,0.49072265625,1,P12_CV0,1,1,1,0,2
7,0.5680445610939323,0.925596638292661,R7_F7_m7f12_P7_Y18_UO30,R7_F7_m7f12_P7_Y16_UO169,RD12_F16_m16f13_P16_Y16_UO270,MXY,1,0.0,0,0,0.0,0,0,0,-9999.0,0.45849609375,1,P12_CV0,1,0,2,1,1
7,0.5680445610939323,0.925596638292661,R7_F7_m7f12_P7_Y18_UO271,RD7_F12_m16f13_P16_Y16_UO874,R12_F12_m12f16_P12_Y16_UO488,MXY,1,0.0,0,0,0.0,0,0,0,-9999.0,0.50634765625,1,P12_CV0,1,1,1,1,1
7,0.5680445610939323,0.925596638292661,R7_F7_m7f4_P7_Y18_UO333,R7_F7_m4f12_P4_Y16_UO365,R4_F4_m7f4_P7_Y16_UO1182,FXX,1,0.0,0,0,0.0,0,0,0,-9999.0,0.46240234375,1,P12_CV0,1,2,0,2,0
7,0.5680445610939323,0.925596638292661,R7_F7_m7f4_P7_Y18_UO807,R7_F7_m4f7_P4_Y16_UO1189,R4_F4_m12f3_P12_Y16_UO247,MXY,1,0.0,0,0,0.0,0,0,0,-9999.0,0.4755859375,1,P12_CV0,1,1,1,1,1
7,0.5680445610939323,0.925596638292661,R7_F7_m7f12_P7_Y18_UO809,RD7_F4_m7f12_P7_Y16_UO679,R12_F12_m16f12_P16_Y16_UO57,MXY,1,0.0,0,0,0.0,0,0,0,-9999.0,0.49365234375,1,P12_CV0,1,1,1,1,1
7,0.5680445610939323,0.925596638292661,R7_F7_m7f12_P7_Y18_UO810,RD7_F4_m7f12_P7_Y16_UO679,R12_F12_m16f12_P16_Y16_UO57,MXY,1,0.0,0,0,0.0,0,0,0,-9999.0,0.49365234375,1,P12_CV0,1,0,2,1,1
7,0.5680445610939323,0.925596638292661,R7_F7_m7f4_P7_Y18_UO992,RD7_F12_m12f3_P12_Y16_UO246,RD4_F7_m7f4_P7_Y16_UO53,FXX,1,0.0,0,0,0.0,0,0,0,-9999.0,0.458984375,1,P12_CV0,1,1,1,0,2
7,0.5680445610939323,0.925596638292661,R7_F7_m7f12_P7_Y18_UO1050,RD7_F4_m4f12_P4_Y16_UO1003,R12_F12_m4f7_P4_Y16_UO806,FXX,1,0.0,0,0,0.0,0,0,0,-9999.0,0.470703125,1,P12_CV0,1,1,1,2,0
7,0.5680445610939323,0.925596638292661,R7_F7_m7f4_P7_Y18_UO1161,R7_F7_m4f12_P4_Y16_UO609,RD4_F12_m12f16_P12_Y16_UO486,FXX,1,0.0,0,0,0.0,0,0,0,-9999.0,0.47607421875,1,P12_CV0,1,0,2,2,0
7,0.5680445610939323,0.925596638292661,RD7_F12_m12f1_P12_Y18_UO443,RD12_F1_m17f1_P17_Y16_UO595,RD1_F12_m4f12_P4_Y16_UO753,FXX,1,0.0,0,0,0.0,0,0,0,-9999.0,0.46337890625,1,P12_CV0,1,1,1,2,0
7,0.5680445610939323,0.925596638292661,RD7_F12_m12f16_P12_Y18_UO450,RD12_F7_m12f3_P12_Y16_UO210,R16_F16_m12f3_P12_Y16_UO249,FXX,1,0.0,0,0,0.0,0,0,0,-9999.0,0.47509765625,1,P12_CV0,1,1,1,2,0
7,0.5680445610939323,0.925596638292661,RD7_F4_m12f3_P12_Y16_UO247,RD12_F1_m19f1_P19_Y14_UO926,RD3_F1_m1f17_P1_Y14_UO280,MXY,3,0.0,1,0,0.0,0,0,0,-9999.0,0.46484375,1,P12_CV0,1,1,1,1,1
7,0.5680445610939323,0.925596638292661,RD7_F4_m7f4_P7_Y16_UO1105,R7_F7_m4f12_P4_Y14_UO734,RD4_F7_m7f12_P7_Y14_UO130,MXY,3,0.0,1,0,0.0,0,0,0,-9999.0,0.5107421875,1,P12_CV0,1,1,1,1,1
7,0.5680445610939323,0.925596638292661,R7_F7_m12f7_P12_Y17_UO429,R12_F12_m12f16_P12_Y15_UO445,RD7_F4_m4f7_P4_Y15_UO458,MXY,2,0.0,1,0,0.0,0,0,0,-9999.0,0.47265625,1,P14_CV0,1,0,2,2,0
7,0.5680445610939323,0.925596638292661,RD7_F4_m4f12_P4_Y18_UO265,R4_F4_m4f12_P4_Y16_UO200,R12_F12_m16f12_P16_Y16_UO57,FXX,1,0.0,0,0,0.0,0,0,0,-9999.0,0.50732421875,1,P15_CV0,1,0,2,2,0
7,0.5680445610939323,0.925596638292661,RD7_F4_m4f7_P4_Y18_UO967,R4_F4_m4f12_P4_Y16_UO511,R7_F7_m7f12_P7_Y16_UO168,FXX,1,0.0,0,0,0.0,0,0,0,-9999.0,0.458984375,1,P15_CV0,1,0,2,2,0
7,0.5680445610939323,0.925596638292661,RD7_F4_m4f7_P4_Y18_UO968,R4_F4_m4f12_P4_Y16_UO511,R7_F7_m7f12_P7_Y16_UO168,FXX,1,0.0,0,0,0.0,0,0,0,-9999.0,0.458984375,1,P16_CV0,1,0,2,1,1
7,0.5680445610939323,0.925596638292661,RD7_F4_m4f12_P4_Y18_UO1225,RD4_F12_m3f12_P3_Y16_UO726,R12_F12_m12f16_P12_Y16_UO488,FXX,1,0.0,0,0,0.0,0,0,0,-9999.0,0.470703125,1,P16_CV0,1,1,1,2,0
7,0.5680445610939323,0.925596638292661,R7_F7_m7f4_P7_Y18_UO193,RD7_F4_m7f4_P7_Y16_UO564,R4_F4_m4f7_P4_Y16_UO404,MXY,1,0.0,0,0,0.0,0,0,0,-9999.0,0.47412109375,1,P16_CV0,1,1,1,2,0
7,0.5680445610939323,0.925596638292661,R7_F7_m7f12_P7_Y18_UO270,RD7_F12_m16f13_P16_Y16_UO874,R12_F12_m12f16_P12_Y16_UO488,FXX,1,0.0,0,0,0.0,0,0,0,-9999.0,0.50634765625,1,P16_CV0,1,1,1,2,0
7,0.5680445610939323,0.925596638292661,R7_F7_m7f12_P7_Y18_UO678,RD7_F12_m12f3_P12_Y16_UO246,R12_F12_m12f16_P12_Y16_UO488,MXY,1,0.0,0,0,0.0,0,0,0,-9999.0,0.470703125,1,P16_CV0,1,2,0,1,1
7,0.5680445610939323,0.925596638292661,R7_F7_m7f12_P7_Y18_UO680,RD7_F12_m12f3_P12_Y16_UO246,R12_F12_m12f16_P12_Y16_UO488,FXX,1,0.0,0,0,0.0,0,0,0,-9999.0,0.470703125,1,P16_CV0,1,0,2,1,1
7,0.5680445610939323,0.925596638292661,R7_F7_m7f12_P7_Y18_UO1221,R7_F7_m4f12_P4_Y16_UO608,R12_F12_m12f16_P12_Y16_UO488,MXY,1,0.0,0,0,0.0,0,0,0,-9999.0,0.47216796875,1,P16_CV0,1,1,1,1,1
7,0.5680445610939323,0.925596638292661,R7_F7_m7f12_P7_Y18_UO1222,R7_F7_m4f12_P4_Y16_UO608,R12_F12_m12f16_P12_Y16_UO488,MXY,1,0.0,0,0,0.0,0,0,0,-9999.0,0.47216796875,1,P16_CV0,1,1,1,1,1
7,0.5680445610939323,0.925596638292661,R7_F7_m7f12_P7_Y18_UO1223,R7_F7_m4f12_P4_Y16_UO608,R12_F12_m12f16_P12_Y16_UO488,MXY,1,0.0,0,0,0.0,0,0,0,-9999.0,0.47216796875,1,P16_CV0,1,0,2,1,1
7,0.5680445610939323,0.925596638292661,RD7_F12_m12f1_P12_Y18_UO441,RD12_F1_m17f1_P17_Y16_UO595,RD1_F12_m4f12_P4_Y16_UO753,FXX,1,0.0,0,0,0.0,0,0,0,-9999.0,0.46337890625,1,P16_CV0,1,1,1,2,0
7,0.5680445610939323,0.925596638292661,RD7_F12_m12f4_P12_Y18_UO544,R12_F12_m12f7_P12_Y16_UO429,RD4_F7_m4f12_P4_Y16_UO199,FXX,1,0.0,0,0,0.0,0,0,0,-9999.0,0.4765625,1,P16_CV0,1,1,1,2,0
7,0.5680445610939323,0.925596638292661,RD7_F12_m12f3_P12_Y18_UO848,RD12_F7_m7f12_P7_Y16_UO974,R3_F3_m19f1_P19_Y16_UO695,FXX,1,0.0,0,0,0.0,0,0,0,-9999.0,0.47265625,1,P16_CV0,1,1,1,2,0
7,0.5680445610939323,0.925596638292661,R7_F7_m4f7_P4_Y16_UO293,RD4_F7_m12f1_P12_Y14_UO600,R7_F7_m7f4_P7_Y14_UO1114,MXY,3,0.0,1,0,0.0,0,0,0,-9999.0,0.4853515625,1,P16_CV0,1,2,0,2,0
7,0.5680445610939323,0.925596638292661,RD7_F4_m4f7_P4_Y18_UO400,RD4_F12_m3f17_P3_Y16_UO1052,R7_F7_m7f12_P7_Y16_UO352,MXY,1,0.0,0,0,0.0,0,0,0,-9999.0,0.4892578125,1,P17_CV0,1,1,1,1,1
7,0.5680445610939323,0.925596638292661,RD7_F4_m4f12_P4_Y18_UO659,RD4_F12_m12f7_P12_Y16_UO1082,RD12_F16_m16f13_P16_Y16_UO664,MXY,1,0.0,0,0,0.0,0,0,0,-9999.0,0.462890625,1,P17_CV0,1,2,0,2,0
7,0.5680445610939323,0.925596638292661,RD7_F4_m4f12_P4_Y18_UO662,RD4_F12_m12f7_P12_Y16_UO1082,RD12_F16_m16f13_P16_Y16_UO664,MXY,1,0.0,0,0,0.0,0,0,0,-9999.0,0.462890625,1,P17_CV0,1,2,0,2,0
7,0.5680445610939323,0.925596638292661,RD7_F12_m12f16_P12_Y18_UO1152,RD12_F7_m7f12_P7_Y16_UO539,R16_F16_m16f13_P16_Y16_UO666,FXX,1,0.0,0,0,0.0,0,0,0,-9999.0,0.4697265625,1,P17_CV0,1,1,1,0,2
7,0.5680445610939323,0.925596638292661,R7_F7_m4f7_P4_Y16_UO1138,R4_F4_m12f7_P12_Y14_UO1123,RD7_F4_m4f7_P4_Y14_UO615,FXX,3,0.0,1,0,1.0,0,0,0,-9999.0,0.455078125,1,P17_CV0,1,0,2,1,1
7,0.5680445610939323,0.925596638292661,RD7_F4_m4f7_P4_Y18_UO14,R4_F4_m7f12_P7_Y16_UO782,RD7_F4_m4f12_P4_Y16_UO1002,MXY,1,0.0,0,0,0.0,0,0,0,-9999.0,0.47900390625,1,P18_CV0,1,1,1,2,0
7,0.5680445610939323,0.925596638292661,RD7_F4_m4f7_P4_Y18_UO19,RD4_F12_m1f19_P1_Y16_UO626,RD7_F12_m12f4_P12_Y16_UO964,FXX,1,0.0,0,0,0.0,0,0,0,-9999.0,0.4716796875,1,P18_CV0,1,1,1,1,1
7,0.5680445610939323,0.925596638292661,RD7_F4_m4f7_P4_Y18_UO21,RD4_F12_m1f19_P1_Y16_UO626,RD7_F12_m12f4_P12_Y16_UO964,FXX,1,0.0,0,0,0.0,0,0,0,-9999.0,0.4716796875,1,P18_CV0,1,0,2,1,1
7,0.5680445610939323,0.925596638292661,RD7_F4_m4f12_P4_Y18_UO83,RD4_F7_m4f7_P4_Y16_UO137,RD12_F7_m7f4_P7_Y16_UO308,MXY,1,0.0,0,0,0.0,0,0,0,-9999.0,0.47705078125,1,P18_CV0,1,1,1,1,1
7,0.5680445610939323,0.925596638292661,RD7_F4_m4f7_P4_Y18_UO624,RD4_F12_m12f7_P12_Y16_UO1082,R7_F7_m7f4_P7_Y16_UO106,FXX,1,0.0,0,0,0.0,0,0,0,-9999.0,0.462890625,1,P18_CV0,1,2,0,1,1
7,0.5680445610939323,0.925596638292661,RD7_F4_m4f7_P4_Y18_UO626,RD4_F12_m12f7_P12_Y16_UO1082,R7_F7_m7f4_P7_Y16_UO106,MXY,1,0.0,0,0,0.0,0,0,0,-9999.0,0.462890625,1,P18_CV0,1,1,1,1,1
7,0.5680445610939323,0.925596638292661,RD7_F4_m4f7_P4_Y18_UO912,RD4_F12_m3f17_P3_Y16_UO1052,RD7_F4_m4f12_P4_Y16_UO1002,FXX,1,0.0,0,0,0.0,0,0,0,-9999.0,0.47021484375,1,P18_CV0,1,0,2,1,1
7,0.5680445610939323,0.925596638292661,RD7_F4_m4f7_P4_Y18_UO914,RD4_F12_m3f17_P3_Y16_UO1052,RD7_F4_m4f12_P4_Y16_UO1002,FXX,1,0.0,0,0,0.0,0,0,0,-9999.0,0.47021484375,1,P18_CV0,1,0,2,1,1
7,0.5680445610939323,0.925596638292661,RD7_F4_m4f7_P4_Y18_UO1165,RD4_F12_m3f17_P3_Y16_UO1052,R7_F7_m7f4_P7_Y16_UO128,MXY,1,0.0,0,0,0.0,0,0,0,-9999.0,0.458984375,1,P18_CV0,1,1,1,0,2
7,0.5680445610939323,0.925596638292661,R7_F7_m7f12_P7_Y18_UO74,RD7_F4_m7f4_P7_Y16_UO564,RD12_F7_m7f4_P7_Y16_UO1181,FXX,1,0.0,0,0,0.0,0,0,0,-9999.0,0.470703125,1,P18_CV0,1,0,2,1,1
7,0.5680445610939323,0.925596638292661,R7_F7_m7f4_P7_Y18_UO262,R7_F7_m7f4_P7_Y16_UO1172,RD4_F12_m12f16_P12_Y16_UO486,MXY,1,0.0,0,0,0.0,0,0,0,-9999.0,0.48193359375,1,P18_CV0,1,0,2,1,1
7,0.5680445610939323,0.925596638292661,R7_F7_m7f4_P7_Y18_UO334,R7_F7_m4f12_P4_Y16_UO365,R4_F4_m7f4_P7_Y16_UO1182,MXY,1,0.0,0,0,0.0,0,0,0,-9999.0,0.46240234375,1,P18_CV0,1,1,1,2,0
7,0.5680445610939323,0.925596638292661,RD7_F12_m12f4_P12_Y18_UO934,R12_F12_m4f7_P4_Y16_UO785,R4_F4_m4f12_P4_Y16_UO73,FXX,1,0.0,0,0,0.0,0,0,0,-9999.0,0.48095703125,1,P18_CV0,1,0,2,1,1
7,0.5680445610939323,0.925596638292661,RD7_F4_m4f12_P4_Y16_UO977,RD4_F7_m7f4_P7_Y14_UO50,RD12_F7_m4f7_P4_Y14_UO662,MXY,3,0.0,1,0,0.0,0,0,0,-9999.0,0.4755859375,1,P18_CV0,1,0,2,0,2
7,0.5680445610939323,0.925596638292661,R7_F7_m7f12_P7_Y18_UO108,RD7_F4_m7f4_P7_Y16_UO818,R12_F12_m12f3_P12_Y16_UO250,FXX,1,0.0,0,0,0.0,0,0,0,-9999.0,0.4599609375,1,P1_CV0,1,2,0,2,0
7,0.5680445610939323,0.925596638292661,R7_F7_m7f12_P7_Y18_UO110,RD7_F4_m7f4_P7_Y16_UO818,R12_F12_m12f3_P12_Y16_UO250,FXX,1,0.0,0,0,0.0,0,0,0,-9999.0,0.4599609375,1,P1_CV0,1,2,0,2,0
7,0.5680445610939323,0.925596638292661,R7_F7_m7f12_P7_Y18_UO310,RD7_F4_m4f12_P4_Y16_UO436,R12_F12_m12f3_P12_Y16_UO250,FXX,1,0.0,0,0,0.0,0,0,0,-9999.0,0.48046875,1,P1_CV0,1,1,1,2,0
7,0.5680445610939323,0.925596638292661,R7_F7_m7f12_P7_Y18_UO840,RD7_F4_m12f3_P12_Y16_UO263,R12_F12_m12f3_P12_Y16_UO250,FXX,1,0.0,0,0,0.0,0,0,0,-9999.0,0.45361328125,1,P1_CV0,1,1,1,2,0
7,0.5680445610939323,0.925596638292661,R7_F7_m7f12_P7_Y18_UO1044,R7_F7_m7f4_P7_Y16_UO895,R12_F12_m12f3_P12_Y16_UO250,FXX,1,0.0,0,0,0.0,0,0,0,-9999.0,0.48291015625,1,P1_CV0,1,0,2,2,0
7,0.5680445610939323,0.925596638292661,R7_F7_m7f4_P7_Y18_UO1095,RD7_F4_m12f3_P12_Y16_UO263,RD4_F7_m7f4_P7_Y16_UO936,MXY,1,0.0,0,0,0.0,0,0,0,-9999.0,0.4619140625,1,P1_CV0,1,0,2,2,0
7,0.5680445610939323,0.925596638292661,R7_F7_m7f4_P7_Y18_UO1097,RD7_F4_m12f3_P12_Y16_UO263,RD4_F7_m7f4_P7_Y16_UO936,MXY,1,0.0,0,0,0.0,0,0,0,-9999.0,0.4619140625,1,P1_CV0,1,0,2,2,0
7,0.5680445610939323,0.925596638292661,RD7_F12_m12f4_P12_Y18_UO65,R12_F12_m12f3_P12_Y16_UO66,RD4_F7_m4f7_P4_Y16_UO499,MXY,1,0.0,0,0,0.0,0,0,0,-9999.0,0.47265625,1,P1_CV0,1,0,2,1,1
7,0.5680445610939323,0.925596638292661,RD7_F12_m12f1_P12_Y18_UO320,RD12_F4_m7f12_P7_Y16_UO432,RD1_F19_m19f3_P19_Y16_UO809,MXY,1,0.0,0,0,0.0,0,0,0,-9999.0,0.455078125,1,P1_CV0,1,0,2,1,1
7,0.5680445610939323,0.925596638292661,R7_F7_m4f12_P4_Y16_UO563,RD4_F7_m4f12_P4_Y14_UO260,R12_F12_m3f17_P3_Y14_UO1012,MXY,3,0.0,1,0,0.0,0,0,0,-9999.0,0.4638671875,1,P1_CV0,1,1,1,2,0
7,0.5680445610939323,0.925596638292661,R7_F7_m7f4_P7_Y18_UO1200,R7_F7_m7f12_P7_Y16_UO167,R4_F4_m4f12_P4_Y16_UO754,FXX,1,0.0,0,0,0.0,0,0,0,-9999.0,0.4619140625,1,P2_CV0,1,0,2,1,1
7,0.5680445610939323,0.925596638292661,RD7_F4_m4f7_P4_Y18_UO99,R4_F4_m7f12_P7_Y16_UO434,RD7_F12_m12f4_P12_Y16_UO964,MXY,1,0.0,0,0,0.0,0,0,0,-9999.0,0.4677734375,1,P3_CV0,1,0,2,2,0
7,0.5680445610939323,0.925596638292661,R7_F7_m7f12_P7_Y18_UO279,RD7_F4_m4f12_P4_Y16_UO436,RD12_F7_m4f12_P4_Y16_UO1140,FXX,1,0.0,0,0,0.0,0,0,0,-9999.0,0.490234375,1,P3_CV0,1,1,1,2,0
7,0.5680445610939323,0.925596638292661,R7_F7_m12f4_P12_Y16_UO964,RD12_F7_m7f12_P7_Y14_UO1109,R4_F4_m4f7_P4_Y14_UO540,MXY,3,0.0,1,0,0.0,0,0,0,-9999.0,0.47265625,1,P3_CV0,1,0,2,2,0
7,0.5680445610939323,0.925596638292661,RD7_F12_m13f18_P13_Y16_UO789,RD13_F18_m13f16_P13_Y14_UO856,R18_F18_m13f18_P13_Y14_UO1074,MXY,3,0.0,1,0,0.0,0,0,0,-9999.0,0.5302734375,1,P3_CV0,1,0,2,1,1
7,0.5680445610939323,0.925596638292661,R7_F7_m7f12_P7_Y18_UO706,RD7_F12_m12f3_P12_Y16_UO209,RD12_F16_m16f13_P16_Y16_UO1040,MXY,1,0.0,0,0,0.0,0,0,0,-9999.0,0.48193359375,1,P5_CV0,1,1,1,1,1
7,0.5680445610939323,0.925596638292661,R7_F7_m7f12_P7_Y18_UO707,RD7_F12_m12f3_P12_Y16_UO209,RD12_F16_m16f13_P16_Y16_UO1040,MXY,1,0.0,0,0,0.0,0,0,0,-9999.0,0.48193359375,1,P5_CV0,1,1,1,1,1
7,0.5680445610939323,0.925596638292661,R7_F7_m7f4_P7_Y18_UO858,R7_F7_m12f7_P12_Y16_UO430,RD4_F7_m7f4_P7_Y16_UO936,MXY,1,0.0,0,0,0.0,0,0,0,-9999.0,0.47509765625,1,P5_CV0,1,1,1,1,1
7,0.5680445610939323,0.925596638292661,R7_F7_m7f4_P7_Y18_UO1096,RD7_F4_m12f3_P12_Y16_UO263,RD4_F7_m7f4_P7_Y16_UO936,MXY,1,0.0,0,0,0.0,0,0,0,-9999.0,0.4619140625,1,P5_CV0,1,0,2,2,0
7,0.5680445610939323,0.925596638292661,RD7_F4_m4f12_P4_Y18_UO183,RD4_F12_m3f12_P3_Y16_UO726,RD12_F7_m4f7_P4_Y16_UO1062,FXX,1,0.0,0,0,0.0,0,0,0,-9999.0,0.4775390625,1,P6_CV0,1,1,1,2,0
7,0.5680445610939323,0.925596638292661,RD7_F4_m4f12_P4_Y18_UO713,R4_F4_m4f7_P4_Y16_UO658,RD12_F7_m7f4_P7_Y16_UO1181,FXX,1,0.0,0,0,0.0,0,0,0,-9999.0,0.478515625,1,P6_CV0,1,0,2,0,2
7,0.5680445610939323,0.925596638292661,RD7_F4_m4f12_P4_Y18_UO1091,RD4_F7_m4f12_P4_Y16_UO976,RD12_F7_m4f7_P4_Y16_UO808,MXY,1,0.0,0,0,0.0,0,0,0,-9999.0,0.4716796875,1,P6_CV0,1,1,1,2,0
7,0.5680445610939323,0.925596638292661,R7_F7_m7f4_P7_Y18_UO808,R7_F7_m4f7_P4_Y16_UO1189,R4_F4_m12f3_P12_Y16_UO247,FXX,1,0.0,0,0,0.0,0,0,0,-9999.0,0.4755859375,1,P6_CV0,1,0,2,1,1
9,0.02021839744032572,0.832619845547938,R9_F9_m9f14_P9_Y18_UO268,R9_F9_m9f14_P9_Y16_UO1194,RD14_F9_m9f14_P9_Y16_UO394,MXY,1,0.0,0,0,0.0,0,0,0,-9999.0,0.56103515625,1,P13_CV0,1,2,0,0,2
9,0.02021839744032572,0.832619845547938,R9_F9_m9f14_P9_Y18_UO473,RD9_F14_m14f9_P14_Y16_UO332,RD14_F9_m9f14_P9_Y16_UO522,FXX,1,0.0,0,0,0.0,0,0,0,-9999.0,0.5380859375,1,P13_CV0,1,2,0,0,2
9,0.02021839744032572,0.832619845547938,R9_F9_m9f14_P9_Y18_UO356,R9_F9_m14f9_P14_Y16_UO929,RD14_F9_m14f9_P14_Y16_UO134,FXX,1,0.0,0,0,0.0,0,0,0,-9999.0,0.54248046875,1,P13_CV0,1,1,1,0,2
9,0.02021839744032572,0.832619845547938,R9_F9_m9f14_P9_Y18_UO238,R9_F9_m9f14_P9_Y16_UO1194,RD14_F9_m9f14_P9_Y16_UO394,FXX,1,0.0,0,0,0.0,0,0,0,-9999.0,0.56103515625,1,P13_CV0,1,2,0,0,2
9,0.02021839744032572,0.832619845547938,RD9_F14_m14f9_P14_Y18_UO559,R14_F14_m14f9_P14_Y16_UO271,RD9_F14_m9f14_P9_Y16_UO598,FXX,1,0.0,0,0,0.0,0,0,0,-9999.0,0.53369140625,1,P13_CV0,1,0,2,0,2
9,0.02021839744032572,0.832619845547938,RD9_F14_m14f9_P14_Y18_UO104,R14_F14_m14f9_P14_Y16_UO1208,RD9_F14_m14f9_P14_Y16_UO701,FXX,1,0.0,0,0,0.0,0,0,0,-9999.0,0.55615234375,1,P13_CV0,1,2,0,2,0
9,0.02021839744032572,0.832619845547938,RD9_F14_m14f9_P14_Y18_UO456,R14_F14_m9f14_P9_Y16_UO202,R9_F9_m9f14_P9_Y16_UO1011,MXY,1,0.0,0,0,0.0,0,0,0,-9999.0,0.568359375,1,P13_CV0,1,2,0,0,2
9,0.02021839744032572,0.832619845547938,RD9_F14_m14f9_P14_Y18_UO984,RD14_F9_m9f14_P9_Y16_UO795,RD9_F14_m14f9_P14_Y16_UO443,FXX,1,0.0,0,0,0.0,0,0,0,-9999.0,0.56982421875,1,P13_CV0,1,2,0,2,0
9,0.02021839744032572,0.832619845547938,RD9_F14_m14f9_P14_Y18_UO835,RD14_F9_m14f9_P14_Y16_UO1153,RD9_F14_m9f14_P9_Y16_UO3,MXY,1,0.0,0,0,0.0,0,0,0,-9999.0,0.556640625,1,P13_CV0,1,2,0,1,1
9,0.02021839744032572,0.832619845547938,RD9_F14_m14f9_P14_Y18_UO103,R14_F14_m14f9_P14_Y16_UO256,RD9_F14_m9f14_P9_Y16_UO1103,FXX,1,0.0,0,0,0.0,0,0,0,-9999.0,0.548828125,1,P13_CV0,1,0,2,0,2
9,0.02021839744032572,0.832619845547938,R9_F9_m9f14_P9_Y18_UO306,R9_F9_m14f9_P14_Y16_UO670,RD14_F9_m9f14_P9_Y16_UO394,MXY,1,0.0,0,0,0.0,0,0,0,-9999.0,0.556640625,1,P13_CV0,1,2,0,1,1
9,0.02021839744032572,0.832619845547938,RD9_F14_m14f9_P14_Y18_UO517,R14_F14_m14f9_P14_Y16_UO256,RD9_F14_m14f9_P14_Y16_UO825,FXX,1,0.0,0,0,0.0,0,0,0,-9999.0,0.54052734375,1,P13_CV0,1,1,1,1,1
9,0.02021839744032572,0.832619845547938,RD9_F14_m14f9_P14_Y18_UO837,R14_F14_m9f14_P9_Y16_UO794,R9_F9_m9f14_P9_Y16_UO521,FXX,1,0.0,0,0,0.0,0,0,0,-9999.0,0.5615234375,1,P13_CV0,1,0,2,1,1
9,0.02021839744032572,0.832619845547938,RD9_F14_m14f9_P14_Y18_UO477,RD14_F9_m9f14_P9_Y16_UO1185,RD9_F14_m9f14_P9_Y14_UO691,FXX,1,0.0,0,0,0.0,0,0,0,-9999.0,0.5322265625,1,P13_CV0,1,1,1,1,1
9,0.02021839744032572,0.832619845547938,RD9_F14_m14f9_P14_Y18_UO895,RD14_F9_m14f9_P14_Y16_UO1153,R9_F9_m9f14_P9_Y16_UO1011,FXX,1,0.0,0,0,0.0,0,0,0,-9999.0,0.5537109375,1,P13_CV0,1,2,0,0,2
9,0.02021839744032572,0.832619845547938,R9_F9_m9f14_P9_Y18_UO156,RD9_F14_m14f9_P14_Y16_UO744,R14_F14_m14f9_P14_Y16_UO887,FXX,1,0.0,0,0,0.0,0,0,0,-9999.0,0.56591796875,1,P13_CV0,1,2,0,1,1
9,0.02021839744032572,0.832619845547938,R9_F9_m9f14_P9_Y18_UO250,RD9_F14_m9f14_P9_Y16_UO320,RD14_F9_m14f9_P14_Y16_UO515,MXY,1,0.0,0,0,0.0,0,0,0,-9999.0,0.55859375,1,P13_CV0,1,2,0,1,1
9,0.02021839744032572,0.832619845547938,R9_F9_m9f14_P9_Y18_UO531,RD9_F14_m14f9_P14_Y16_UO498,R14_F14_m9f14_P9_Y16_UO779,MXY,1,0.0,0,0,0.0,0,0,0,-9999.0,0.5615234375,1,P13_CV0,1,1,1,0,2
9,0.02021839744032572,0.832619845547938,R9_F9_m9f14_P9_Y18_UO355,R9_F9_m14f9_P14_Y16_UO929,RD14_F9_m14f9_P14_Y16_UO134,MXY,1,0.0,0,0,0.0,0,0,0,-9999.0,0.54248046875,1,P13_CV0,1,1,1,0,2
9,0.02021839744032572,0.832619845547938,RD9_F14_m14f9_P14_Y18_UO484,RD14_F9_m9f14_P9_Y16_UO146,R9_F9_m9f14_P9_Y16_UO1087,FXX,1,0.0,0,0,0.0,0,0,0,-9999.0,0.53515625,1,P13_CV0,1,0,2,1,1
9,0.02021839744032572,0.832619845547938,RD9_F14_m14f9_P14_Y18_UO784,RD14_F9_m14f9_P14_Y16_UO287,R9_F9_m9f14_P9_Y16_UO521,MXY,1,0.0,0,0,0.0,0,0,0,-9999.0,0.544921875,1,P13_CV0,1,1,1,2,0
9,0.02021839744032572,0.832619845547938,RD9_F14_m14f9_P14_Y18_UO18,RD14_F9_m14f9_P14_Y16_UO589,RD9_F14_m14f9_P14_Y16_UO333,MXY,1,0.0,0,0,0.0,0,0,0,-9999.0,0.54296875,1,P13_CV0,1,1,1,1,1
9,0.02021839744032572,0.832619845547938,RD9_F14_m14f9_P14_Y18_UO457,R14_F14_m9f14_P9_Y16_UO202,R9_F9_m9f14_P9_Y16_UO1011,MXY,1,0.0,0,0,0.0,0,0,0,-9999.0,0.568359375,1,P13_CV0,1,2,0,0,2
9,0.02021839744032572,0.832619845547938,RD9_F14_m14f9_P14_Y18_UO524,R14_F14_m14f9_P14_Y16_UO939,RD9_F14_m14f9_P14_Y16_UO701,MXY,1,0.0,0,0,0.0,0,0,0,-9999.0,0.5537109375,1,P13_CV0,1,1,1,2,0
9,0.02021839744032572,0.832619845547938,R9_F9_m9f14_P9_Y18_UO158,RD9_F14_m14f9_P14_Y16_UO744,R14_F14_m14f9_P14_Y16_UO887,FXX,1,0.0,0,0,0.0,0,0,0,-9999.0,0.56591796875,1,P13_CV0,1,2,0,1,1
9,0.02021839744032572,0.832619845547938,RD9_F14_m14f9_P14_Y18_UO518,R14_F14_m14f9_P14_Y16_UO256,RD9_F14_m14f9_P14_Y16_UO825,MXY,1,0.0,0,0,0.0,0,0,0,-9999.0,0.54052734375,1,P13_CV0,1,0,2,0,2
9,0.02021839744032572,0.832619845547938,R9_F9_m9f14_P9_Y18_UO533,RD9_F14_m14f9_P14_Y16_UO498,R14_F14_m9f14_P9_Y16_UO779,FXX,1,0.0,0,0,0.0,0,0,0,-9999.0,0.5615234375,1,P13_CV0,1,2,0,1,1
9,0.02021839744032572,0.832619845547938,R9_F9_m9f14_P9_Y18_UO474,RD9_F14_m14f9_P14_Y16_UO332,RD14_F9_m9f14_P9_Y16_UO522,MXY,1,0.0,0,0,0.0,0,0,0,-9999.0,0.5380859375,1,P13_CV0,1,2,0,0,2
9,0.02021839744032572,0.832619845547938,R9_F9_m9f14_P9_Y18_UO1126,R9_F9_m14f9_P14_Y16_UO546,R14_F14_m9f14_P9_Y16_UO1157,FXX,1,0.0,0,0,0.0,0,0,0,-9999.0,0.55322265625,1,P13_CV0,1,2,0,1,1
9,0.02021839744032572,0.832619845547938,R9_F9_m9f14_P9_Y18_UO737,R9_F9_m9f14_P9_Y16_UO321,RD14_F9_m14f9_P14_Y16_UO35,MXY,1,0.0,0,0,0.0,0,0,0,-9999.0,0.55615234375,1,P13_CV0,1,2,0,1,1
9,0.02021839744032572,0.832619845547938,R9_F9_m9f14_P9_Y18_UO1218,R9_F9_m9f14_P9_Y16_UO1155,RD14_F9_m14f9_P14_Y16_UO134,MXY,1,0.0,0,0,0.0,0,0,0,-9999.0,0.552734375,1,P13_CV0,1,1,1,0,2
9,0.02021839744032572,0.832619845547938,RD9_F14_m14f9_P14_Y18_UO409,RD14_F9_m9f14_P9_Y16_UO795,R9_F9_m9f14_P9_Y16_UO462,MXY,1,0.0,0,0,0.0,0,0,0,-9999.0,0.560546875,1,P13_CV0,1,1,1,0,2
9,0.02021839744032572,0.832619845547938,R9_F9_m9f14_P9_Y18_UO323,RD9_F14_m9f14_P9_Y16_UO583,R14_F14_m14f9_P14_Y16_UO418,FXX,1,0.0,0,0,0.0,0,0,0,-9999.0,0.55859375,1,P13_CV0,1,2,0,1,1
9,0.02021839744032572,0.832619845547938,RD9_F14_m14f9_P14_Y18_UO410,RD14_F9_m9f14_P9_Y16_UO795,R9_F9_m9f14_P9_Y16_UO462,MXY,1,0.0,0,0,0.0,0,0,0,-9999.0,0.560546875,1,P13_CV0,1,1,1,2,0
9,0.02021839744032572,0.832619845547938,R9_F9_m9f14_P9_Y18_UO236,R9_F9_m9f14_P9_Y16_UO1194,RD14_F9_m9f14_P9_Y16_UO394,FXX,1,0.0,0,0,0.0,0,0,0,-9999.0,0.56103515625,1,P13_CV0,1,1,1,0,2
9,0.02021839744032572,0.832619845547938,RD9_F14_m14f9_P14_Y18_UO52,R14_F14_m14f9_P14_Y16_UO710,RD9_F14_m9f14_P9_Y16_UO37,FXX,1,0.0,0,0,0.0,0,0,0,-9999.0,0.55517578125,1,P13_CV0,1,1,1,1,1
9,0.02021839744032572,0.832619845547938,R9_F9_m9f14_P9_Y18_UO1047,R9_F9_m14f9_P14_Y16_UO1207,RD14_F9_m9f14_P9_Y16_UO522,FXX,1,0.0,0,0,0.0,0,0,0,-9999.0,0.54443359375,1,P13_CV0,1,2,0,0,2
9,0.02021839744032572,0.832619845547938,R9_F9_m9f14_P9_Y18_UO247,RD9_F14_m9f14_P9_Y16_UO320,RD14_F9_m14f9_P14_Y16_UO515,MXY,1,0.0,0,0,0.0,0,0,0,-9999.0,0.55859375,1,P13_CV0,1,2,0,1,1
9,0.02021839744032572,0.832619845547938,R9_F9_m9f14_P9_Y18_UO267,R9_F9_m9f14_P9_Y16_UO1194,RD14_F9_m9f14_P9_Y16_UO394,MXY,1,0.0,0,0,0.0,0,0,0,-9999.0,0.56103515625,1,P13_CV0,1,2,0,0,2
9,0.02021839744032572,0.832619845547938,R9_F9_m9f14_P9_Y18_UO926,RD9_F14_m9f14_P9_Y16_UO1012,R14_F14_m9f14_P9_Y14_UO221,FXX,1,0.0,0,0,0.0,0,0,0,-9999.0,0.55029296875,1,P13_CV0,1,2,0,1,1
9,0.02021839744032572,0.832619845547938,RD9_F14_m14f9_P14_Y18_UO925,R14_F14_m9f14_P9_Y16_UO1102,R9_F9_m14f9_P14_Y16_UO888,MXY,1,0.0,0,0,0.0,0,0,0,-9999.0,0.56591796875,1,P13_CV0,1,1,1,0,2
9,0.02021839744032572,0.832619845547938,RD9_F14_m14f9_P14_Y18_UO598,R14_F14_m14f9_P14_Y16_UO710,RD9_F14_m14f9_P14_Y16_UO333,FXX,1,0.0,0,0,0.0,0,0,0,-9999.0,0.5478515625,1,P13_CV0,1,0,2,1,1
9,0.02021839744032572,0.832619845547938,R9_F9_m9f14_P9_Y16_UO321,RD9_F14_m9f14_P9_Y14_UO26,RD14_F9_m9f14_P9_Y14_UO368,FXX,3,0.0,1,0,1.0,0,0,0,-9999.0,0.5458984375,1,P13_CV0,1,2,0,1,1
9,0.02021839744032572,0.832619845547938,R9_F9_m9f14_P9_Y16_UO438,R9_F9_m14f9_P14_Y14_UO1161,RD14_F9_m9f14_P9_Y14_UO146,FXX,3,0.0,1,0,1.0,0,0,0,-9999.0,0.51953125,1,P13_CV0,1,0,2,2,0
9,0.02021839744032572,0.832619845547938,RD9_F14_m14f9_P14_Y18_UO894,RD14_F9_m14f9_P14_Y16_UO1153,R9_F9_m9f14_P9_Y16_UO1011,MXY,1,0.0,0,0,0.0,0,0,0,-9999.0,0.5537109375,1,P8_CV0,1,1,1,1,1
9,0.02021839744032572,0.832619845547938,R9_F9_m9f14_P9_Y18_UO481,R9_F9_m9f14_P9_Y16_UO718,RD14_F9_m9f14_P9_Y16_UO394,MXY,1,0.0,0,0,0.0,0,0,0,-9999.0,0.54833984375,1,P8_CV0,1,1,1,1,1
9,0.02021839744032572,0.832619845547938,RD9_F14_m14f9_P14_Y18_UO708,R14_F14_m9f14_P9_Y16_UO424,RD9_F14_m14f9_P14_Y16_UO826,MXY,1,0.0,0,0,0.0,0,0,0,-9999.0,0.564453125,1,P8_CV0,1,2,0,0,2
9,0.02021839744032572,0.832619845547938,R9_F9_m9f14_P9_Y18_UO482,R9_F9_m9f14_P9_Y16_UO718,RD14_F9_m9f14_P9_Y16_UO394,MXY,1,0.0,0,0,0.0,0,0,0,-9999.0,0.54833984375,1,P8_CV0,1,2,0,1,1
9,0.02021839744032572,0.832619845547938,R9_F9_m9f14_P9_Y18_UO1219,R9_F9_m9f14_P9_Y16_UO1155,RD14_F9_m14f9_P14_Y16_UO134,FXX,1,0.0,0,0,0.0,0,0,0,-9999.0,0.552734375,1,P8_CV0,1,1,1,1,1
9,0.02021839744032572,0.832619845547938,RD9_F14_m14f9_P14_Y18_UO141,R14_F14_m9f14_P9_Y16_UO1102,RD9_F14_m14f9_P14_Y16_UO826,MXY,1,0.0,0,0,0.0,0,0,0,-9999.0,0.55224609375,1,P8_CV0,1,1,1,1,1
9,0.02021839744032572,0.832619845547938,R9_F9_m9f14_P9_Y18_UO75,R9_F9_m14f9_P14_Y16_UO670,RD14_F9_m14f9_P14_Y16_UO1152,FXX,1,0.0,0,0,0.0,0,0,0,-9999.0,0.5595703125,1,P8_CV0,1,1,1,2,0
9,0.02021839744032572,0.832619845547938,RD9_F14_m14f9_P14_Y18_UO617,RD14_F9_m14f9_P14_Y16_UO1153,RD9_F14_m9f14_P9_Y16_UO37,FXX,1,0.0,0,0,0.0,0,0,0,-9999.0,0.55615234375,1,P8_CV0,1,1,1,2,0
9,0.02021839744032572,0.832619845547938,RD9_F14_m14f9_P14_Y18_UO618,RD14_F9_m14f9_P14_Y16_UO1153,RD9_F14_m9f14_P9_Y16_UO37,FXX,1,0.0,0,0,0.0,0,0,0,-9999.0,0.55615234375,1,P8_CV0,1,1,1,1,1
9,0.02021839744032572,0.832619845547938,R9_F9_m9f14_P9_Y18_UO22,RD9_F14_m9f14_P9_Y16_UO583,R14_F14_m9f14_P9_Y16_UO796,MXY,1,0.0,0,0,0.0,0,0,0,-9999.0,0.56201171875,1,P8_CV0,1,1,1,1,1
9,0.02021839744032572,0.832619845547938,R9_F9_m9f14_P9_Y18_UO867,RD9_F14_m9f14_P9_Y16_UO315,RD14_F9_m14f9_P14_Y16_UO51,MXY,1,0.0,0,0,0.0,0,0,0,-9999.0,0.568359375,1,P8_CV0,1,0,2,0,2
9,0.02021839744032572,0.832619845547938,R9_F9_m9f14_P9_Y18_UO155,RD9_F14_m14f9_P14_Y16_UO744,R14_F14_m14f9_P14_Y16_UO887,MXY,1,0.0,0,0,0.0,0,0,0,-9999.0,0.56591796875,1,P8_CV0,1,2,0,1,1
9,0.02021839744032572,0.832619845547938,R9_F9_m9f14_P9_Y18_UO321,RD9_F14_m9f14_P9_Y16_UO583,R14_F14_m14f9_P14_Y16_UO418,FXX,1,0.0,0,0,0.0,0,0,0,-9999.0,0.55859375,1,P8_CV0,1,2,0,1,1
9,0.02021839744032572,0.832619845547938,RD9_F14_m14f9_P14_Y18_UO766,R14_F14_m9f14_P9_Y16_UO296,R9_F9_m14f9_P14_Y16_UO12,FXX,1,0.0,0,0,0.0,0,0,0,-9999.0,0.5537109375,1,P8_CV0,1,2,0,1,1
9,0.02021839744032572,0.832619845547938,RD9_F14_m14f9_P14_Y18_UO772,RD14_F9_m9f14_P9_Y16_UO1195,RD9_F14_m14f9_P14_Y16_UO443,FXX,1,0.0,0,0,0.0,0,0,0,-9999.0,0.5615234375,1,P8_CV0,1,2,0,1,1
9,0.02021839744032572,0.832619845547938,RD9_F14_m14f9_P14_Y18_UO152,RD14_F9_m14f9_P14_Y16_UO1153,RD9_F14_m9f14_P9_Y16_UO37,FXX,1,0.0,0,0,0.0,0,0,0,-9999.0,0.55615234375,1,P8_CV0,1,1,1,1,1
9,0.02021839744032572,0.832619845547938,RD9_F14_m14f9_P14_Y18_UO408,RD14_F9_m9f14_P9_Y16_UO186,RD9_F14_m9f14_P9_Y14_UO22,FXX,1,0.0,0,0,0.0,0,0,0,-9999.0,0.55712890625,1,P8_CV0,1,1,1,0,2
9,0.02021839744032572,0.832619845547938,R9_F9_m9f14_P9_Y18_UO97,RD9_F14_m9f14_P9_Y16_UO1135,R14_F14_m14f9_P14_Y16_UO419,MXY,1,0.0,0,0,0.0,0,0,0,-9999.0,0.55712890625,1,P8_CV0,1,1,1,1,1
9,0.02021839744032572,0.832619845547938,R9_F9_m9f14_P9_Y18_UO917,RD9_F14_m14f9_P14_Y16_UO332,RD14_F9_m9f14_P9_Y14_UO21,MXY,1,0.0,0,0,0.0,0,0,0,-9999.0,0.54541015625,1,P8_CV0,1,1,1,0,2
9,0.02021839744032572,0.832619845547938,R9_F9_m9f14_P9_Y18_UO309,RD9_F14_m14f9_P14_Y16_UO367,R14_F14_m9f14_P9_Y16_UO295,MXY,1,0.0,0,0,0.0,0,0,0,-9999.0,0.55712890625,1,P8_CV0,1,2,0,2,0
9,0.02021839744032572,0.832619845547938,R9_F9_m9f14_P9_Y18_UO1220,R9_F9_m9f14_P9_Y16_UO1155,RD14_F9_m14f9_P14_Y16_UO134,FXX,1,0.0,0,0,0.0,0,0,0,-9999.0,0.552734375,1,P8_CV0,1,1,1,1,1
9,0.02021839744032572,0.832619845547938,R9_F9_m9f14_P9_Y18_UO322,RD9_F14_m9f14_P9_Y16_UO583,R14_F14_m14f9_P14_Y16_UO418,FXX,1,0.0,0,0,0.0,0,0,0,-9999.0,0.55859375,1,P8_CV0,1,2,0,1,1
9,0.02021839744032572,0.832619845547938,RD9_F14_m14f9_P14_Y18_UO505,R14_F14_m14f9_P14_Y16_UO545,R9_F9_m9f14_P9_Y16_UO1036,FXX,1,0.0,0,0,0.0,0,0,0,-9999.0,0.5732421875,1,P8_CV0,1,2,0,2,0
9,0.02021839744032572,0.832619845547938,RD9_F14_m14f9_P14_Y18_UO1046,RD14_F9_m9f14_P9_Y16_UO1185,R9_F9_m14f9_P14_Y16_UO440,FXX,1,0.0,0,0,0.0,0,0,0,-9999.0,0.54248046875,1,P8_CV0,1,0,2,2,0
9,0.02021839744032572,0.832619845547938,RD9_F14_m14f9_P14_Y18_UO506,RD14_F9_m9f14_P9_Y16_UO297,RD9_F14_m14f9_P14_Y16_UO701,MXY,1,0.0,0,0,0.0,0,0,0,-9999.0,0.5634765625,1,P8_CV0,1,2,0,1,1
9,0.02021839744032572,0.832619845547938,R9_F9_m9f14_P9_Y18_UO1043,RD9_F14_m9f14_P9_Y16_UO438,RD14_F9_m9f14_P9_Y16_UO145,MXY,1,0.0,0,0,0.0,0,0,0,-9999.0,0.5224609375,1,P8_CV0,1,0,2,2,0
9,0.02021839744032572,0.832619845547938,R9_F9_m9f14_P9_Y18_UO1125,R9_F9_m14f9_P14_Y16_UO546,R14_F14_m9f14_P9_Y16_UO1157,MXY,1,0.0,0,0,0.0,0,0,0,-9999.0,0.55322265625,1,P8_CV0,1,2,0,0,2
9,0.02021839744032572,0.832619845547938,R9_F9_m9f14_P9_Y18_UO307,R9_F9_m14f9_P14_Y16_UO670,RD14_F9_m9f14_P9_Y16_UO394,FXX,1,0.0,0,0,0.0,0,0,0,-9999.0,0.556640625,1,P8_CV0,1,2,0,1,1
9,0.02021839744032572,0.832619845547938,R9_F9_m9f14_P9_Y18_UO1041,RD9_F14_m9f14_P9_Y16_UO438,RD14_F9_m9f14_P9_Y16_UO145,FXX,1,0.0,0,0,0.0,0,0,0,-9999.0,0.5224609375,1,P8_CV0,1,0,2,1,1
9,0.02021839744032572,0.832619845547938,R9_F9_m9f14_P9_Y18_UO1163,RD9_F14_m9f14_P9_Y16_UO315,RD14_F9_m14f9_P14_Y16_UO132,FXX,1,0.0,0,0,0.0,0,0,0,-9999.0,0.56005859375,1,P8_CV0,1,1,1,0,2
9,0.02021839744032572,0.832619845547938,R9_F9_m9f14_P9_Y18_UO308,RD9_F14_m14f9_P14_Y16_UO367,R14_F14_m9f14_P9_Y16_UO295,FXX,1,0.0,0,0,0.0,0,0,0,-9999.0,0.55712890625,1,P8_CV0,1,2,0,2,0
9,0.02021839744032572,0.832619845547938,R9_F9_m9f14_P9_Y18_UO77,R9_F9_m14f9_P14_Y16_UO670,RD14_F9_m14f9_P14_Y16_UO1152,MXY,1,0.0,0,0,0.0,0,0,0,-9999.0,0.5595703125,1,P8_CV0,1,2,0,2,0
9,0.02021839744032572,0.832619845547938,R9_F9_m9f14_P9_Y18_UO96,RD9_F14_m9f14_P9_Y16_UO1135,R14_F14_m14f9_P14_Y16_UO419,FXX,1,0.0,0,0,0.0,0,0,0,-9999.0,0.55712890625,1,P8_CV0,1,2,0,1,1
9,0.02021839744032572,0.832619845547938,RD9_F14_m14f9_P14_Y18_UO996,R14_F14_m14f9_P14_Y16_UO133,R9_F9_m9f14_P9_Y16_UO1086,MXY,1,0.0,0,0,0.0,0,0,0,-9999.0,0.54931640625,1,P8_CV0,1,2,0,1,1
9,0.02021839744032572,0.832619845547938,RD9_F14_m14f9_P14_Y18_UO202,RD14_F9_m14f9_P14_Y16_UO589,R9_F9_m9f14_P9_Y14_UO80,MXY,1,0.0,0,0,0.0,0,0,0,-9999.0,0.54248046875,1,P8_CV0,1,1,1,1,1
9,0.02021839744032572,0.832619845547938,RD9_F14_m14f9_P14_Y18_UO751,R14_F14_m9f14_P9_Y16_UO424,R9_F9_m9f14_P9_Y14_UO80,MXY,1,0.0,0,0,0.0,0,0,0,-9999.0,0.55810546875,1,P8_CV0,1,1,1,1,1
9,0.02021839744032572,0.832619845547938,R9_F9_m9f14_P9_Y18_UO95,RD9_F14_m9f14_P9_Y16_UO1135,R14_F14_m14f9_P14_Y16_UO419,FXX,1,0.0,0,0,0.0,0,0,0,-9999.0,0.55712890625,1,P8_CV0,1,1,1,1,1
9,0.02021839744032572,0.832619845547938,RD9_F14_m14f9_P14_Y18_UO836,RD14_F9_m14f9_P14_Y16_UO1153,RD9_F14_m9f14_P9_Y16_UO3,MXY,1,0.0,0,0,0.0,0,0,0,-9999.0,0.556640625,1,P8_CV0,1,1,1,2,0
9,0.02021839744032572,0.832619845547938,R9_F9_m9f14_P9_Y18_UO656,RD9_F14_m14f9_P14_Y16_UO744,RD14_F9_m9f14_P9_Y14_UO21,FXX,1,0.0,0,0,0.0,0,0,0,-9999.0,0.5595703125,1,P8_CV0,1,1,1,1,1
9,0.02021839744032572,0.832619845547938,RD9_F14_m14f9_P14_Y18_UO1134,R14_F14_m9f14_P9_Y16_UO424,RD9_F14_m14f9_P14_Y16_UO1151,MXY,1,0.0,0,0,0.0,0,0,0,-9999.0,0.5751953125,1,P8_CV0,1,2,0,1,1
9,0.02021839744032572,0.832619845547938,R9_F9_m9f14_P9_Y18_UO98,RD9_F14_m9f14_P9_Y16_UO1135,R14_F14_m14f9_P14_Y16_UO419,FXX,1,0.0,0,0,0.0,0,0,0,-9999.0,0.55712890625,1,P8_CV0,1,2,0,1,1
9,0.02021839744032572,0.832619845547938,R9_F9_m9f14_P9_Y18_UO657,RD9_F14_m14f9_P14_Y16_UO744,RD14_F9_m9f14_P9_Y14_UO21,FXX,1,0.0,0,0,0.0,0,0,0,-9999.0,0.5595703125,1,P8_CV0,1,1,1,1,1
9,0.02021839744032572,0.832619845547938,RD9_F14_m14f9_P14_Y18_UO483,RD14_F9_m9f14_P9_Y16_UO146,R9_F9_m9f14_P9_Y16_UO1087,FXX,1,0.0,0,0,0.0,0,0,0,-9999.0,0.53515625,1,P8_CV0,1,1,1,0,2
9,0.02021839744032572,0.832619845547938,R9_F9_m9f14_P9_Y18_UO655,RD9_F14_m14f9_P14_Y16_UO744,RD14_F9_m9f14_P9_Y14_UO21,FXX,1,0.0,0,0,0.0,0,0,0,-9999.0,0.5595703125,1,P8_CV0,1,2,0,1,1
9,0.02021839744032572,0.832619845547938,RD9_F14_m14f9_P14_Y18_UO184,R14_F14_m14f9_P14_Y16_UO288,RD9_F14_m9f14_P9_Y16_UO37,MXY,1,0.0,0,0,0.0,0,0,0,-9999.0,0.54638671875,1,P8_CV0,1,2,0,1,1
9,0.02021839744032572,0.832619845547938,R9_F9_m9f14_P9_Y18_UO76,R9_F9_m14f9_P14_Y16_UO670,RD14_F9_m14f9_P14_Y16_UO1152,MXY,1,0.0,0,0,0.0,0,0,0,-9999.0,0.5595703125,1,P8_CV0,1,2,0,2,0
9,0.02021839744032572,0.832619845547938,R9_F9_m9f14_P9_Y16_UO1103,RD9_F14_m9f14_P9_Y14_UO558,R14_F14_m9f14_P9_Y14_UO1142,MXY,3,0.0,1,0,0.0,0,0,0,-9999.0,0.560546875,1,P8_CV0,1,1,1,0,2
9,0.02021839744032572,0.832619845547938,RD9_F14_m14f9_P14_Y16_UO672,R14_F14_m9f14_P9_Y14_UO269,R9_F9_m9f14_P9_Y14_UO629,MXY,3,0.0,1,0,0.0,0,0,0,-9999.0,0.5537109375,1,P8_CV0,1,1,1,2,0
9,0.02021839744032572,0.832619845547938,R9_F9_m14f9_P14_Y16_UO702,RD14_F9_m9f14_P9_Y14_UO1200,RD9_F14_m14f9_P14_Y14_UO293,FXX,3,0.0,1,0,1.0,0,0,0,-9999.0,0.5625,1,P8_CV0,1,2,0,2,0
9,0.02021839744032572,0.832619845547938,R9_F9_m14f9_P14_Y16_UO442,RD14_F9_m9f14_P9_Y14_UO494,R9_F9_m14f9_P14_Y14_UO234,FXX,3,0.0,1,0,1.0,0,0,0,-9999.0,0.560546875,1,P8_CV0,1,2,0,2,0
9,0.02021839744032572,0.832619845547938,RD9_F14_m9f14_P9_Y14_UO27,RD9_F14_m14f9_P14_Y12_UO1118,RD14_F9_m9f14_P9_Y12_UO1151,FXX,5,0.0,1,0,1.0,0,0,0,-9999.0,0.544921875,1,P8_CV0,1,2,0,0,2
11,0.978618342232764,0.7991585642167236,R11_F11_m11f20_P11_Y17_UO359,RD11_F20_m11f20_P11_Y15_UO596,RD20_F11_m20f11_P20_Y15_UO443,MXY,2,0.0,1,0,0.0,0,0,0,-9999.0,0.61328125,1,P10_CV0,1,1,1,0,2
11,0.978618342232764,0.7991585642167236,R11_F11_m20f11_P20_Y17_UO440,RD20_F11_m11f20_P11_Y15_UO63,R11_F11_m20f11_P20_Y15_UO61,FXX,2,0.0,1,0,1.0,0,0,0,-9999.0,0.5693359375,1,P10_CV0,1,0,2,0,2
11,0.978618342232764,0.7991585642167236,R11_F11_m11f20_P11_Y17_UO55,RD11_F20_m20f11_P20_Y15_UO212,RD20_F11_m20f11_P20_Y13_UO81,FXX,2,0.0,1,0,1.0,0,0,0,-9999.0,0.6171875,1,P10_CV0,1,1,1,0,2
11,0.978618342232764,0.7991585642167236,R11_F11_m20f11_P20_Y17_UO183,R20_F20_m11f20_P11_Y15_UO529,R11_F11_m11f20_P11_Y15_UO611,MXY,2,0.0,1,0,0.0,0,0,0,-9999.0,0.6025390625,1,P10_CV0,1,1,1,1,1
11,0.978618342232764,0.7991585642167236,R11_F11_m20f11_P20_Y17_UO361,RD20_F11_m20f11_P20_Y15_UO377,RD11_F20_m11f20_P11_Y15_UO174,FXX,2,0.0,1,0,1.0,0,0,0,-9999.0,0.6123046875,1,P10_CV0,1,1,1,0,2
11,0.978618342232764,0.7991585642167236,R11_F11_m11f20_P11_Y17_UO241,R11_F11_m11f20_P11_Y15_UO573,R20_F20_m11f20_P11_Y13_UO327,MXY,2,0.0,1,0,0.0,0,0,0,-9999.0,0.591796875,1,P10_CV0,1,1,1,1,1
11,0.978618342232764,0.7991585642167236,R11_F11_m20f11_P20_Y17_UO201,RD20_F11_m20f11_P20_Y15_UO2,RD11_F20_m11f20_P11_Y15_UO387,FXX,2,0.0,1,0,1.0,0,0,0,-9999.0,0.62890625,1,P10_CV0,1,1,1,1,1
11,0.978618342232764,0.7991585642167236,R11_F11_m11f20_P11_Y17_UO355,RD11_F20_m11f20_P11_Y15_UO473,RD20_F11_m20f11_P20_Y15_UO613,MXY,2,0.0,1,0,0.0,0,0,0,-9999.0,0.62890625,1,P10_CV0,1,2,0,0,2
11,0.978618342232764,0.7991585642167236,R11_F11_m11f20_P11_Y17_UO214,R11_F11_m20f11_P20_Y15_UO272,R20_F20_m11f20_P11_Y15_UO472,FXX,2,0.0,1,0,1.0,0,0,0,-9999.0,0.62890625,1,P10_CV0,1,2,0,0,2
11,0.978618342232764,0.7991585642167236,R11_F11_m11f20_P11_Y17_UO281,RD11_F20_m11f20_P11_Y15_UO335,R20_F20_m11f20_P11_Y15_UO388,FXX,2,0.0,1,0,1.0,0,0,0,-9999.0,0.61328125,1,P10_CV0,1,1,1,0,2
11,0.978618342232764,0.7991585642167236,R11_F11_m11f20_P11_Y17_UO234,RD11_F20_m11f20_P11_Y15_UO535,RD20_F11_m11f20_P11_Y15_UO494,MXY,2,0.0,1,0,0.0,0,0,0,-9999.0,0.6025390625,1,P10_CV0,1,1,1,0,2
11,0.978618342232764,0.7991585642167236,RD11_F20_m11f20_P11_Y17_UO97,R11_F11_m20f11_P20_Y15_UO678,R20_F20_m11f20_P11_Y15_UO388,FXX,2,0.0,1,0,1.0,0,0,0,-9999.0,0.62109375,1,P10_CV0,1,1,1,0,2
11,0.978618342232764,0.7991585642167236,RD11_F20_m20f11_P20_Y17_UO3,RD20_F11_m20f11_P20_Y15_UO135,R11_F11_m11f20_P11_Y15_UO255,FXX,2,0.0,1,0,1.0,0,0,0,-9999.0,0.6083984375,1,P10_CV0,1,2,0,1,1
11,0.978618342232764,0.7991585642167236,RD11_F20_m20f11_P20_Y17_UO77,RD20_F11_m11f20_P11_Y15_UO193,RD11_F20_m20f11_P20_Y15_UO578,FXX,2,0.0,1,0,1.0,0,0,0,-9999.0,0.599609375,1,P10_CV0,1,1,1,0,2
11,0.978618342232764,0.7991585642167236,RD11_F20_m20f11_P20_Y17_UO272,R20_F20_m11f20_P11_Y15_UO620,RD11_F20_m11f20_P11_Y15_UO361,FXX,2,0.0,1,0,1.0,0,0,0,-9999.0,0.6005859375,1,P10_CV0,1,2,0,1,1
11,0.978618342232764,0.7991585642167236,RD11_F20_m20f11_P20_Y15_UO304,R20_F20_m11f20_P11_Y13_UO0,R11_F11_m11f20_P11_Y13_UO351,MXY,4,0.0,1,0,0.0,0,0,0,-9999.0,0.591796875,1,P10_CV0,1,2,0,0,2
11,0.978618342232764,0.7991585642167236,R11_F11_m11f20_P11_Y17_UO176,RD11_F20_m11f20_P11_Y15_UO596,RD20_F11_m20f11_P20_Y15_UO166,MXY,2,0.0,1,0,0.0,0,0,0,-9999.0,0.6025390625,1,P19_CV0,1,2,0,1,1
11,0.978618342232764,0.7991585642167236,R11_F11_m20f11_P20_Y17_UO358,RD20_F11_m11f20_P11_Y15_UO63,RD11_F20_m20f11_P20_Y15_UO698,FXX,2,0.0,1,0,1.0,0,0,0,-9999.0,0.58984375,1,P19_CV0,1,1,1,1,1
11,0.978618342232764,0.7991585642167236,R11_F11_m11f20_P11_Y17_UO21,RD11_F20_m20f11_P20_Y15_UO167,R20_F20_m11f20_P11_Y15_UO617,MXY,2,0.0,1,0,0.0,0,0,0,-9999.0,0.630859375,1,P19_CV0,1,1,1,1,1
11,0.978618342232764,0.7991585642167236,R11_F11_m11f20_P11_Y17_UO384,RD11_F20_m11f20_P11_Y15_UO238,R20_F20_m20f11_P20_Y15_UO4,FXX,2,0.0,1,0,1.0,0,0,0,-9999.0,0.615234375,1,P19_CV0,1,1,1,1,1
11,0.978618342232764,0.7991585642167236,R11_F11_m11f20_P11_Y17_UO210,RD11_F20_m11f20_P11_Y15_UO576,R20_F20_m20f11_P20_Y15_UO53,FXX,2,0.0,1,0,1.0,0,0,0,-9999.0,0.5947265625,1,P19_CV0,1,2,0,1,1
11,0.978618342232764,0.7991585642167236,R11_F11_m11f20_P11_Y17_UO99,RD11_F20_m20f11_P20_Y15_UO412,RD20_F11_m11f20_P11_Y15_UO233,MXY,2,0.0,1,0,0.0,0,0,0,-9999.0,0.6298828125,1,P19_CV0,1,1,1,0,2
11,0.978618342232764,0.7991585642167236,R11_F11_m20f11_P20_Y17_UO2,RD20_F11_m20f11_P20_Y15_UO135,R11_F11_m11f20_P11_Y15_UO255,MXY,2,0.0,1,0,0.0,0,0,0,-9999.0,0.6083984375,1,P19_CV0,1,1,1,1,1
11,0.978618342232764,0.7991585642167236,R11_F11_m20f11_P20_Y17_UO0,RD20_F11_m11f20_P11_Y15_UO175,RD11_F20_m20f11_P20_Y15_UO571,MXY,2,0.0,1,0,0.0,0,0,0,-9999.0,0.6083984375,1,P19_CV0,1,1,1,1,1
11,0.978618342232764,0.7991585642167236,R11_F11_m20f11_P20_Y17_UO131,R20_F20_m20f11_P20_Y15_UO55,RD11_F20_m20f11_P20_Y15_UO92,MXY,2,0.0,1,0,0.0,0,0,0,-9999.0,0.5791015625,1,P19_CV0,1,2,0,1,1
11,0.978618342232764,0.7991585642167236,R11_F11_m20f11_P20_Y17_UO1,RD20_F11_m11f20_P11_Y15_UO175,RD11_F20_m20f11_P20_Y15_UO571,FXX,2,0.0,1,0,1.0,0,0,0,-9999.0,0.6083984375,1,P19_CV0,1,0,2,0,2
11,0.978618342232764,0.7991585642167236,R11_F11_m11f20_P11_Y17_UO100,RD11_F20_m20f11_P20_Y15_UO412,RD20_F11_m11f20_P11_Y15_UO233,MXY,2,0.0,1,0,0.0,0,0,0,-9999.0,0.6298828125,1,P19_CV0,1,1,1,0,2
11,0.978618342232764,0.7991585642167236,R11_F11_m11f20_P11_Y17_UO517,RD11_F20_m20f11_P20_Y15_UO558,R20_F20_m11f20_P11_Y15_UO388,FXX,2,0.0,1,0,1.0,0,0,0,-9999.0,0.61328125,1,P19_CV0,1,1,1,0,2
11,0.978618342232764,0.7991585642167236,R11_F11_m20f11_P20_Y17_UO219,R20_F20_m20f11_P20_Y15_UO93,RD11_F20_m20f11_P20_Y15_UO441,MXY,2,0.0,1,0,0.0,0,0,0,-9999.0,0.5927734375,1,P19_CV0,1,2,0,1,1
11,0.978618342232764,0.7991585642167236,R11_F11_m11f20_P11_Y17_UO246,RD11_F20_m11f20_P11_Y15_UO238,R20_F20_m11f20_P11_Y15_UO207,FXX,2,0.0,1,0,1.0,0,0,0,-9999.0,0.6181640625,1,P19_CV0,1,1,1,0,2
11,0.978618342232764,0.7991585642167236,R11_F11_m11f20_P11_Y17_UO436,R11_F11_m20f11_P20_Y15_UO329,R20_F20_m20f11_P20_Y15_UO4,MXY,2,0.0,1,0,0.0,0,0,0,-9999.0,0.5888671875,1,P19_CV0,1,1,1,1,1
11,0.978618342232764,0.7991585642167236,R11_F11_m11f20_P11_Y17_UO102,R11_F11_m20f11_P20_Y15_UO678,RD20_F11_m11f20_P11_Y15_UO144,MXY,2,0.0,1,0,0.0,0,0,0,-9999.0,0.6181640625,1,P19_CV0,1,2,0,0,2
11,0.978618342232764,0.7991585642167236,R11_F11_m11f20_P11_Y17_UO213,R11_F11_m20f11_P20_Y15_UO272,R20_F20_m11f20_P11_Y15_UO472,MXY,2,0.0,1,0,0.0,0,0,0,-9999.0,0.62890625,1,P19_CV0,1,1,1,1,1
11,0.978618342232764,0.7991585642167236,R11_F11_m20f11_P20_Y17_UO544,R20_F20_m20f11_P20_Y15_UO677,RD11_F20_m11f20_P11_Y15_UO612,FXX,2,0.0,1,0,1.0,0,0,0,-9999.0,0.5966796875,1,P19_CV0,1,2,0,0,2
11,0.978618342232764,0.7991585642167236,R11_F11_m11f20_P11_Y17_UO476,R11_F11_m20f11_P20_Y15_UO508,R20_F20_m11f20_P11_Y15_UO388,MXY,2,0.0,1,0,0.0,0,0,0,-9999.0,0.626953125,1,P19_CV0,1,1,1,0,2
11,0.978618342232764,0.7991585642167236,R11_F11_m11f20_P11_Y17_UO522,RD11_F20_m20f11_P20_Y15_UO54,R20_F20_m20f11_P20_Y15_UO236,FXX,2,0.0,1,0,1.0,0,0,0,-9999.0,0.6005859375,1,P19_CV0,1,2,0,1,1
11,0.978618342232764,0.7991585642167236,R11_F11_m20f11_P20_Y17_UO405,R20_F20_m20f11_P20_Y15_UO33,RD11_F20_m11f20_P11_Y15_UO306,FXX,2,0.0,1,0,1.0,0,0,0,-9999.0,0.61328125,1,P19_CV0,1,2,0,1,1
11,0.978618342232764,0.7991585642167236,R11_F11_m20f11_P20_Y17_UO26,RD20_F11_m20f11_P20_Y15_UO2,RD11_F20_m20f11_P20_Y15_UO92,FXX,2,0.0,1,0,1.0,0,0,0,-9999.0,0.59375,1,P19_CV0,1,1,1,1,1
11,0.978618342232764,0.7991585642167236,R11_F11_m20f11_P20_Y17_UO211,R20_F20_m11f20_P11_Y15_UO358,RD11_F20_m11f20_P11_Y15_UO232,FXX,2,0.0,1,0,1.0,0,0,0,-9999.0,0.62890625,1,P19_CV0,1,1,1,0,2
11,0.978618342232764,0.7991585642167236,R11_F11_m11f20_P11_Y17_UO238,RD11_F20_m11f20_P11_Y15_UO535,R20_F20_m11f20_P11_Y15_UO192,FXX,2,0.0,1,0,1.0,0,0,0,-9999.0,0.5947265625,1,P19_CV0,1,1,1,1,1
11,0.978618342232764,0.7991585642167236,R11_F11_m20f11_P20_Y17_UO345,R20_F20_m20f11_P20_Y15_UO164,RD11_F20_m20f11_P20_Y15_UO578,FXX,2,0.0,1,0,1.0,0,0,0,-9999.0,0.6142578125,1,P19_CV0,1,2,0,0,2
11,0.978618342232764,0.7991585642167236,R11_F11_m11f20_P11_Y17_UO187,RD11_F20_m11f20_P11_Y15_UO58,RD20_F11_m20f11_P20_Y15_UO615,MXY,2,0.0,1,0,0.0,0,0,0,-9999.0,0.6103515625,1,P19_CV0,1,2,0,0,2
11,0.978618342232764,0.7991585642167236,R11_F11_m11f20_P11_Y17_UO520,RD11_F20_m20f11_P20_Y15_UO54,R20_F20_m20f11_P20_Y15_UO236,FXX,2,0.0,1,0,1.0,0,0,0,-9999.0,0.6005859375,1,P19_CV0,1,2,0,1,1
11,0.978618342232764,0.7991585642167236,R11_F11_m20f11_P20_Y17_UO71,RD20_F11_m20f11_P20_Y15_UO303,RD11_F20_m11f20_P11_Y15_UO232,MXY,2,0.0,1,0,0.0,0,0,0,-9999.0,0.6083984375,1,P19_CV0,1,1,1,0,2
11,0.978618342232764,0.7991585642167236,R11_F11_m20f11_P20_Y17_UO344,R20_F20_m20f11_P20_Y15_UO164,RD11_F20_m20f11_P20_Y15_UO578,MXY,2,0.0,1,0,0.0,0,0,0,-9999.0,0.6142578125,1,P19_CV0,1,2,0,0,2
11,0.978618342232764,0.7991585642167236,R11_F11_m20f11_P20_Y17_UO216,RD20_F11_m11f20_P11_Y15_UO574,RD11_F20_m20f11_P20_Y15_UO302,FXX,2,0.0,1,0,1.0,0,0,0,-9999.0,0.6220703125,1,P19_CV0,1,1,1,0,2
11,0.978618342232764,0.7991585642167236,R11_F11_m11f20_P11_Y17_UO244,R11_F11_m11f20_P11_Y15_UO338,RD20_F11_m20f11_P20_Y15_UO615,MXY,2,0.0,1,0,0.0,0,0,0,-9999.0,0.6279296875,1,P19_CV0,1,2,0,0,2
11,0.978618342232764,0.7991585642167236,R11_F11_m20f11_P20_Y17_UO514,RD20_F11_m11f20_P11_Y15_UO147,R11_F11_m20f11_P20_Y15_UO6,MXY,2,0.0,1,0,0.0,0,0,0,-9999.0,0.5908203125,1,P19_CV0,1,2,0,1,1
11,0.978618342232764,0.7991585642167236,R11_F11_m20f11_P20_Y17_UO29,R20_F20_m11f20_P11_Y15_UO620,RD11_F20_m11f20_P11_Y15_UO307,MXY,2,0.0,1,0,0.0,0,0,0,-9999.0,0.6123046875,1,P19_CV0,1,1,1,1,1
11,0.978618342232764,0.7991585642167236,R11_F11_m11f20_P11_Y17_UO354,RD11_F20_m20f11_P20_Y15_UO150,RD20_F11_m20f11_P20_Y15_UO165,MXY,2,0.0,1,0,0.0,0,0,0,-9999.0,0.5947265625,1,P19_CV0,1,2,0,1,1
11,0.978618342232764,0.7991585642167236,RD11_F20_m11f20_P11_Y17_UO56,RD11_F20_m11f20_P11_Y15_UO305,R20_F20_m20f11_P20_Y15_UO53,FXX,2,0.0,1,0,1.0,0,0,0,-9999.0,0.61328125,1,P19_CV0,1,2,0,1,1
11,0.978618342232764,0.7991585642167236,RD11_F20_m11f20_P11_Y17_UO94,R11_F11_m11f20_P11_Y15_UO573,RD20_F11_m20f11_P20_Y15_UO7,MXY,2,0.0,1,0,0.0,0,0,0,-9999.0,0.60546875,1,P19_CV0,1,1,1,1,1
11,0.978618342232764,0.7991585642167236,RD11_F20_m11f20_P11_Y17_UO95,R11_F11_m11f20_P11_Y15_UO573,RD20_F11_m20f11_P20_Y15_UO7,FXX,2,0.0,1,0,1.0,0,0,0,-9999.0,0.60546875,1,P19_CV0,1,1,1,1,1
11,0.978618342232764,0.7991585642167236,RD11_F20_m11f20_P11_Y17_UO116,R11_F11_m11f20_P11_Y15_UO251,RD20_F11_m20f11_P20_Y15_UO165,FXX,2,0.0,1,0,1.0,0,0,0,-9999.0,0.6064453125,1,P19_CV0,1,2,0,0,2
11,0.978618342232764,0.7991585642167236,RD11_F20_m11f20_P11_Y17_UO135,R11_F11_m11f20_P11_Y15_UO338,R20_F20_m11f20_P11_Y13_UO327,FXX,2,0.0,1,0,1.0,0,0,0,-9999.0,0.6083984375,1,P19_CV0,1,2,0,0,2
11,0.978618342232764,0.7991585642167236,RD11_F20_m11f20_P11_Y17_UO188,RD11_F20_m11f20_P11_Y15_UO58,RD20_F11_m20f11_P20_Y15_UO615,MXY,2,0.0,1,0,0.0,0,0,0,-9999.0,0.6103515625,1,P19_CV0,1,2,0,0,2
11,0.978618342232764,0.7991585642167236,RD11_F20_m11f20_P11_Y17_UO237,RD11_F20_m11f20_P11_Y15_UO535,R20_F20_m11f20_P11_Y15_UO192,FXX,2,0.0,1,0,1.0,0,0,0,-9999.0,0.5947265625,1,P19_CV0,1,0,2,1,1
11,0.978618342232764,0.7991585642167236,RD11_F20_m11f20_P11_Y17_UO336,RD11_F20_m11f20_P11_Y15_UO576,R20_F20_m11f20_P11_Y15_UO359,FXX,2,0.0,1,0,1.0,0,0,0,-9999.0,0.611328125,1,P19_CV0,1,2,0,1,1
11,0.978618342232764,0.7991585642167236,RD11_F20_m11f20_P11_Y17_UO398,R11_F11_m20f11_P20_Y15_UO616,R20_F20_m11f20_P11_Y15_UO192,FXX,2,0.0,1,0,1.0,0,0,0,-9999.0,0.5986328125,1,P19_CV0,1,2,0,0,2
11,0.978618342232764,0.7991585642167236,RD11_F20_m11f20_P11_Y17_UO412,R11_F11_m20f11_P20_Y15_UO662,R20_F20_m11f20_P11_Y15_UO176,FXX,2,0.0,1,0,1.0,0,0,0,-9999.0,0.6005859375,1,P19_CV0,1,1,1,0,2
11,0.978618342232764,0.7991585642167236,RD11_F20_m11f20_P11_Y17_UO435,RD11_F20_m11f20_P11_Y15_UO335,R20_F20_m11f20_P11_Y15_UO618,MXY,2,0.0,1,0,0.0,0,0,0,-9999.0,0.6162109375,1,P19_CV0,1,1,1,2,0
11,0.978618342232764,0.7991585642167236,RD11_F20_m11f20_P11_Y17_UO521,RD11_F20_m20f11_P20_Y15_UO54,R20_F20_m20f11_P20_Y15_UO236,FXX,2,0.0,1,0,1.0,0,0,0,-9999.0,0.6005859375,1,P19_CV0,1,2,0,1,1
11,0.978618342232764,0.7991585642167236,RD11_F20_m11f20_P11_Y17_UO524,R11_F11_m20f11_P20_Y15_UO442,R20_F20_m20f11_P20_Y15_UO4,MXY,2,0.0,1,0,0.0,0,0,0,-9999.0,0.6240234375,1,P19_CV0,1,2,0,0,2
11,0.978618342232764,0.7991585642167236,RD11_F20_m20f11_P20_Y17_UO22,RD20_F11_m11f20_P11_Y15_UO574,RD11_F20_m11f20_P11_Y15_UO486,FXX,2,0.0,1,0,1.0,0,0,0,-9999.0,0.6279296875,1,P19_CV0,1,0,2,1,1
11,0.978618342232764,0.7991585642167236,RD11_F20_m20f11_P20_Y17_UO24,R20_F20_m11f20_P11_Y15_UO357,RD11_F20_m20f11_P20_Y15_UO441,FXX,2,0.0,1,0,1.0,0,0,0,-9999.0,0.6279296875,1,P19_CV0,1,2,0,1,1
11,0.978618342232764,0.7991585642167236,RD11_F20_m20f11_P20_Y17_UO27,RD20_F11_m20f11_P20_Y15_UO2,RD11_F20_m20f11_P20_Y15_UO92,FXX,2,0.0,1,0,1.0,0,0,0,-9999.0,0.59375,1,P19_CV0,1,2,0,1,1
11,0.978618342232764,0.7991585642167236,RD11_F20_m20f11_P20_Y17_UO72,RD20_F11_m20f11_P20_Y15_UO303,RD11_F20_m11f20_P11_Y15_UO232,FXX,2,0.0,1,0,1.0,0,0,0,-9999.0,0.6083984375,1,P19_CV0,1,2,0,0,2
11,0.978618342232764,0.7991585642167236,RD11_F20_m20f11_P20_Y17_UO87,RD20_F11_m11f20_P11_Y15_UO147,R11_F11_m11f20_P11_Y15_UO148,MXY,2,0.0,1,0,0.0,0,0,0,-9999.0,0.568359375,1,P19_CV0,1,2,0,2,0
11,0.978618342232764,0.7991585642167236,RD11_F20_m20f11_P20_Y17_UO88,RD20_F11_m11f20_P11_Y15_UO147,R11_F11_m11f20_P11_Y15_UO148,FXX,2,0.0,1,0,1.0,0,0,0,-9999.0,0.568359375,1,P19_CV0,1,1,1,1,1
11,0.978618342232764,0.7991585642167236,RD11_F20_m20f11_P20_Y17_UO89,RD20_F11_m11f20_P11_Y15_UO147,R11_F11_m11f20_P11_Y15_UO148,FXX,2,0.0,1,0,1.0,0,0,0,-9999.0,0.568359375,1,P19_CV0,1,1,1,2,0
11,0.978618342232764,0.7991585642167236,RD11_F20_m20f11_P20_Y17_UO114,RD20_F11_m11f20_P11_Y15_UO0,R11_F11_m11f20_P11_Y15_UO255,MXY,2,0.0,1,0,0.0,0,0,0,-9999.0,0.5986328125,1,P19_CV0,1,2,0,0,2
11,0.978618342232764,0.7991585642167236,RD11_F20_m20f11_P20_Y17_UO175,RD20_F11_m20f11_P20_Y15_UO135,R11_F11_m11f20_P11_Y15_UO336,MXY,2,0.0,1,0,0.0,0,0,0,-9999.0,0.611328125,1,P19_CV0,1,0,2,1,1
11,0.978618342232764,0.7991585642167236,RD11_F20_m20f11_P20_Y17_UO182,R20_F20_m11f20_P11_Y15_UO529,R11_F11_m11f20_P11_Y15_UO611,FXX,2,0.0,1,0,1.0,0,0,0,-9999.0,0.6025390625,1,P19_CV0,1,1,1,1,1
11,0.978618342232764,0.7991585642167236,RD11_F20_m20f11_P20_Y17_UO212,R20_F20_m11f20_P11_Y15_UO358,RD11_F20_m11f20_P11_Y15_UO232,MXY,2,0.0,1,0,0.0,0,0,0,-9999.0,0.62890625,1,P19_CV0,1,1,1,0,2
11,0.978618342232764,0.7991585642167236,RD11_F20_m20f11_P20_Y17_UO215,RD20_F11_m11f20_P11_Y15_UO574,RD11_F20_m20f11_P20_Y15_UO302,MXY,2,0.0,1,0,0.0,0,0,0,-9999.0,0.6220703125,1,P19_CV0,1,1,1,0,2
11,0.978618342232764,0.7991585642167236,RD11_F20_m20f11_P20_Y17_UO248,RD20_F11_m20f11_P20_Y15_UO579,RD11_F20_m20f11_P20_Y15_UO441,MXY,2,0.0,1,0,0.0,0,0,0,-9999.0,0.625,1,P19_CV0,1,2,0,1,1
11,0.978618342232764,0.7991585642167236,RD11_F20_m20f11_P20_Y17_UO280,RD20_F11_m20f11_P20_Y15_UO377,RD11_F20_m11f20_P11_Y15_UO308,MXY,2,0.0,1,0,0.0,0,0,0,-9999.0,0.6123046875,1,P19_CV0,1,1,1,0,2
11,0.978618342232764,0.7991585642167236,RD11_F20_m20f11_P20_Y17_UO293,R20_F20_m11f20_P11_Y15_UO358,R11_F11_m20f11_P20_Y15_UO675,MXY,2,0.0,1,0,0.0,0,0,0,-9999.0,0.625,1,P19_CV0,1,2,0,1,1
11,0.978618342232764,0.7991585642167236,RD11_F20_m20f11_P20_Y17_UO363,RD20_F11_m11f20_P11_Y15_UO147,RD11_F20_m20f11_P20_Y15_UO210,FXX,2,0.0,1,0,1.0,0,0,0,-9999.0,0.5810546875,1,P19_CV0,1,2,0,0,2
11,0.978618342232764,0.7991585642167236,RD11_F20_m20f11_P20_Y17_UO364,RD20_F11_m11f20_P11_Y15_UO147,RD11_F20_m20f11_P20_Y15_UO210,MXY,2,0.0,1,0,0.0,0,0,0,-9999.0,0.5810546875,1,P19_CV0,1,2,0,1,1
11,0.978618342232764,0.7991585642167236,RD11_F20_m20f11_P20_Y17_UO386,RD20_F11_m11f20_P11_Y15_UO598,RD11_F20_m11f20_P11_Y15_UO11,MXY,2,0.0,1,0,0.0,0,0,0,-9999.0,0.58984375,1,P19_CV0,1,1,1,1,1
11,0.978618342232764,0.7991585642167236,RD11_F20_m20f11_P20_Y17_UO396,R20_F20_m20f11_P20_Y15_UO237,RD11_F20_m20f11_P20_Y15_UO571,FXX,2,0.0,1,0,1.0,0,0,0,-9999.0,0.6044921875,1,P19_CV0,1,1,1,0,2
11,0.978618342232764,0.7991585642167236,RD11_F20_m20f11_P20_Y17_UO404,R20_F20_m20f11_P20_Y15_UO33,RD11_F20_m11f20_P11_Y15_UO306,FXX,2,0.0,1,0,1.0,0,0,0,-9999.0,0.61328125,1,P19_CV0,1,2,0,1,1
11,0.978618342232764,0.7991585642167236,RD11_F20_m20f11_P20_Y17_UO406,RD20_F11_m11f20_P11_Y15_UO574,RD11_F20_m20f11_P20_Y15_UO302,FXX,2,0.0,1,0,1.0,0,0,0,-9999.0,0.6220703125,1,P19_CV0,1,1,1,0,2
11,0.978618342232764,0.7991585642167236,RD11_F20_m20f11_P20_Y17_UO441,RD20_F11_m11f20_P11_Y15_UO63,R11_F11_m20f11_P20_Y15_UO61,FXX,2,0.0,1,0,1.0,0,0,0,-9999.0,0.5693359375,1,P19_CV0,1,0,2,1,1
11,0.978618342232764,0.7991585642167236,RD11_F20_m20f11_P20_Y17_UO497,R20_F20_m20f11_P20_Y15_UO557,RD11_F20_m11f20_P11_Y15_UO307,MXY,2,0.0,1,0,0.0,0,0,0,-9999.0,0.607421875,1,P19_CV0,1,1,1,1,1
11,0.978618342232764,0.7991585642167236,RD11_F20_m20f11_P20_Y17_UO500,R20_F20_m20f11_P20_Y15_UO237,R11_F11_m11f20_P11_Y15_UO148,MXY,2,0.0,1,0,0.0,0,0,0,-9999.0,0.5869140625,1,P19_CV0,1,2,0,1,1
11,0.978618342232764,0.7991585642167236,RD11_F20_m20f11_P20_Y17_UO518,R20_F20_m11f20_P11_Y15_UO337,RD11_F20_m20f11_P20_Y15_UO441,FXX,2,0.0,1,0,1.0,0,0,0,-9999.0,0.626953125,1,P19_CV0,1,2,0,1,1
11,0.978618342232764,0.7991585642167236,R11_F11_m11f20_P11_Y15_UO305,RD11_F20_m11f20_P11_Y13_UO19,R20_F20_m20f11_P20_Y13_UO53,FXX,4,0.0,1,0,1.0,0,0,0,-9999.0,0.630859375,1,P19_CV0,1,2,0,0,2
11,0.978618342232764,0.7991585642167236,R11_F11_m11f20_P11_Y15_UO306,R11_F11_m11f20_P11_Y13_UO859,RD20_F11_m20f11_P20_Y13_UO313,MXY,4,0.0,1,0,0.0,0,0,0,-9999.0,0.62109375,1,P19_CV0,1,1,1,1,1
11,0.978618342232764,0.7991585642167236,RD11_F20_m20f11_P20_Y15_UO177,R20_F20_m11f20_P11_Y13_UO131,RD11_F20_m20f11_P20_Y13_UO312,MXY,4,0.0,1,0,0.0,0,0,0,-9999.0,0.609375,1,P19_CV0,1,0,2,0,2
11,0.978618342232764,0.7991585642167236,RD11_F20_m20f11_P20_Y15_UO698,R20_F20_m20f11_P20_Y13_UO106,R11_F11_m20f11_P20_Y13_UO7,MXY,4,0.0,1,0,0.0,0,0,0,-9999.0,0.609375,1,P19_CV0,1,1,1,1,1
12,0.46147936225293185,0.7805291762864555,RD12_F16_m16f13_P16_Y18_UO94,R16_F16_m13f16_P13_Y16_UO448,R13_F13_m16f12_P16_Y16_UO54,MXY,1,0.0,0,0,0.0,0,0,0,-9999.0,0.5107421875,1,P0_CV0,1,0,2,1,1
12,0.46147936225293185,0.7805291762864555,R12_F12_m12f7_P12_Y18_UO580,RD12_F16_m13f16_P13_Y16_UO532,R7_F7_m7f4_P7_Y16_UO128,MXY,1,0.0,0,0,0.0,0,0,0,-9999.0,0.48291015625,1,P0_CV0,1,1,1,2,0
12,0.46147936225293185,0.7805291762864555,R12_F12_m12f1_P12_Y18_UO66,R12_F12_m12f16_P12_Y16_UO330,R1_F1_m1f12_P1_Y16_UO215,MXY,1,0.0,0,0,0.0,0,0,0,-9999.0,0.48779296875,1,P0_CV0,1,1,1,2,0
12,0.46147936225293185,0.7805291762864555,RD12_F7_m7f4_P7_Y18_UO471,RD7_F4_m7f4_P7_Y16_UO52,R4_F4_m4f7_P4_Y16_UO417,MXY,1,0.0,0,0,0.0,0,0,0,-9999.0,0.46484375,1,P0_CV0,1,0,2,1,1
12,0.46147936225293185,0.7805291762864555,R12_F12_m12f4_P12_Y18_UO1192,R12_F12_m12f1_P12_Y16_UO1146,RD4_F7_m4f12_P4_Y16_UO1205,MXY,1,0.0,0,0,0.0,0,0,0,-9999.0,0.47705078125,1,P0_CV0,1,1,1,1,1
12,0.46147936225293185,0.7805291762864555,RD12_F3_m3f17_P3_Y18_UO715,R3_F3_m3f19_P3_Y16_UO561,R17_F17_m17f19_P17_Y16_UO1117,FXX,1,0.0,0,0,0.0,0,0,0,-9999.0,0.4453125,1,P0_CV0,1,1,1,1,1
12,0.46147936225293185,0.7805291762864555,RD12_F4_m4f12_P4_Y18_UO1228,R4_F4_m4f7_P4_Y16_UO292,RD12_F3_m1f3_P1_Y15_UO540,MXY,1,0.0,0,0,0.0,0,0,0,-9999.0,0.46044921875,1,P0_CV0,1,1,1,2,0
12,0.46147936225293185,0.7805291762864555,R12_F12_m12f7_P12_Y18_UO851,RD12_F7_m7f4_P7_Y16_UO893,RD7_F4_m7f4_P7_Y16_UO1141,MXY,1,0.0,0,0,0.0,0,0,0,-9999.0,0.5,1,P0_CV0,1,0,2,2,0
12,0.46147936225293185,0.7805291762864555,R12_F12_m12f4_P12_Y18_UO781,R12_F12_m12f16_P12_Y16_UO330,RD4_F7_m4f12_P4_Y16_UO199,MXY,1,0.0,0,0,0.0,0,0,0,-9999.0,0.49169921875,1,P0_CV0,1,0,2,2,0
12,0.46147936225293185,0.7805291762864555,R12_F12_m12f16_P12_Y16_UO330,R12_F12_m12f16_P12_Y14_UO213,R16_F16_m16f13_P16_Y14_UO943,FXX,3,0.0,1,0,1.0,0,0,0,-9999.0,0.4990234375,1,P0_CV0,1,0,2,2,0
12,0.46147936225293185,0.7805291762864555,RD12_F4_m4f7_P4_Y16_UO821,RD4_F7_m7f4_P7_Y14_UO1113,R7_F7_m7f4_P7_Y14_UO1115,FXX,3,0.0,1,0,1.0,0,0,0,-9999.0,0.48046875,1,P0_CV0,1,2,0,0,2
12,0.46147936225293185,0.7805291762864555,RD12_F7_m7f4_P7_Y16_UO1183,R7_F7_m7f4_P7_Y14_UO55,RD4_F7_m4f7_P4_Y14_UO581,MXY,3,0.0,1,0,0.0,0,0,0,-9999.0,0.484375,1,P0_CV0,1,1,1,1,1
12,0.46147936225293185,0.7805291762864555,R12_F12_m12f16_P12_Y18_UO451,RD12_F7_m12f3_P12_Y16_UO210,R16_F16_m12f3_P12_Y16_UO249,MXY,1,0.0,0,0,0.0,0,0,0,-9999.0,0.47509765625,1,P12_CV0,1,0,2,2,0
12,0.46147936225293185,0.7805291762864555,R12_F12_m12f1_P12_Y18_UO1204,R12_F12_m12f7_P12_Y16_UO1128,RD1_F19_m19f3_P19_Y16_UO809,MXY,1,0.0,0,0,0.0,0,0,0,-9999.0,0.4580078125,1,P12_CV0,1,1,1,2,0
12,0.46147936225293185,0.7805291762864555,R12_F12_m12f16_P12_Y18_UO449,RD12_F7_m12f3_P12_Y16_UO210,R16_F16_m12f3_P12_Y16_UO249,MXY,1,0.0,0,0,0.0,0,0,0,-9999.0,0.47509765625,1,P12_CV0,1,0,2,2,0
12,0.46147936225293185,0.7805291762864555,RD12_F7_m7f12_P7_Y18_UO704,RD7_F4_m12f1_P12_Y16_UO1149,R12_F12_m3f19_P3_Y16_UO255,MXY,1,0.0,0,0,0.0,0,0,0,-9999.0,0.4677734375,1,P12_CV0,1,1,1,1,1
12,0.46147936225293185,0.7805291762864555,R12_F12_m12f1_P12_Y18_UO442,RD12_F1_m17f1_P17_Y16_UO595,RD1_F12_m4f12_P4_Y16_UO753,MXY,1,0.0,0,0,0.0,0,0,0,-9999.0,0.46337890625,1,P12_CV0,1,1,1,2,0
12,0.46147936225293185,0.7805291762864555,RD12_F7_m7f12_P7_Y18_UO31,R7_F7_m7f12_P7_Y16_UO169,RD12_F16_m16f13_P16_Y16_UO270,MXY,1,0.0,0,0,0.0,0,0,0,-9999.0,0.45849609375,1,P12_CV0,1,0,2,2,0
12,0.46147936225293185,0.7805291762864555,R12_F12_m12f7_P12_Y18_UO1062,RD12_F1_m17f1_P17_Y16_UO595,R7_F7_m7f4_P7_Y16_UO129,FXX,1,0.0,0,0,0.0,0,0,0,-9999.0,0.4462890625,1,P12_CV0,1,0,2,2,0
12,0.46147936225293185,0.7805291762864555,R12_F12_m12f1_P12_Y18_UO317,RD12_F4_m7f12_P7_Y16_UO432,RD1_F19_m19f3_P19_Y16_UO809,FXX,1,0.0,0,0,0.0,0,0,0,-9999.0,0.455078125,1,P12_CV0,1,0,2,1,1
12,0.46147936225293185,0.7805291762864555,RD12_F7_m7f4_P7_Y18_UO280,R7_F7_m12f7_P12_Y16_UO430,R4_F4_m12f3_P12_Y16_UO247,MXY,1,0.0,0,0,0.0,0,0,0,-9999.0,0.466796875,1,P12_CV0,1,2,0,0,2
12,0.46147936225293185,0.7805291762864555,RD12_F7_m7f12_P7_Y18_UO798,R7_F7_m4f12_P4_Y16_UO609,R12_F12_m3f19_P3_Y16_UO109,MXY,1,0.0,0,0,0.0,0,0,0,-9999.0,0.46240234375,1,P12_CV0,1,0,2,2,0
12,0.46147936225293185,0.7805291762864555,R12_F12_m12f7_P12_Y17_UO426,R12_F12_m12f16_P12_Y15_UO445,RD7_F4_m4f7_P4_Y15_UO458,FXX,2,0.0,1,0,1.0,0,0,0,-9999.0,0.47265625,1,P14_CV0,1,0,2,2,0
12,0.46147936225293185,0.7805291762864555,RD12_F16_m16f13_P16_Y18_UO1013,R16_F16_m16f13_P16_Y16_UO166,R13_F13_m13f16_P13_Y16_UO1010,FXX,1,0.0,0,0,0.0,0,0,0,-9999.0,0.50341796875,1,P15_CV0,1,1,1,2,0
12,0.46147936225293185,0.7805291762864555,R12_F12_m12f4_P12_Y18_UO780,R12_F12_m12f16_P12_Y16_UO330,RD4_F7_m4f12_P4_Y16_UO199,FXX,1,0.0,0,0,0.0,0,0,0,-9999.0,0.49169921875,1,P15_CV0,1,0,2,2,0
12,0.46147936225293185,0.7805291762864555,RD12_F3_m3f1_P3_Y18_UO1116,RD3_F19_m19f3_P19_Y16_UO1084,R1_F1_m17f2_P17_Y16_UO719,FXX,1,0.0,0,0,0.0,0,0,0,-9999.0,0.45263671875,1,P15_CV0,1,2,0,1,1
12,0.46147936225293185,0.7805291762864555,RD12_F16_m16f12_P16_Y18_UO336,R16_F16_m16f13_P16_Y16_UO166,RD12_F4_m4f7_P4_Y16_UO500,MXY,1,0.0,0,0,0.0,0,0,0,-9999.0,0.48974609375,1,P15_CV0,1,1,1,1,1
12,0.46147936225293185,0.7805291762864555,RD12_F3_m3f1_P3_Y18_UO1115,RD3_F19_m19f3_P19_Y16_UO1084,R1_F1_m17f2_P17_Y16_UO719,FXX,1,0.0,0,0,0.0,0,0,0,-9999.0,0.45263671875,1,P15_CV0,1,2,0,2,0
12,0.46147936225293185,0.7805291762864555,RD12_F16_m13f18_P13_Y16_UO706,RD13_F16_m12f1_P12_Y14_UO599,R18_F18_m18f13_P18_Y14_UO34,MXY,3,0.0,1,0,0.0,0,0,0,-9999.0,0.5185546875,1,P15_CV0,1,2,0,2,0
12,0.46147936225293185,0.7805291762864555,RD12_F1_m1f17_P1_Y18_UO67,R1_F1_m12f16_P12_Y16_UO487,RD17_F3_m3f19_P3_Y16_UO870,MXY,1,0.0,0,0,0.0,0,0,0,-9999.0,0.45703125,1,P16_CV0,1,1,1,1,1
12,0.46147936225293185,0.7805291762864555,RD12_F4_m4f12_P4_Y18_UO1226,RD4_F12_m3f12_P3_Y16_UO726,R12_F12_m12f16_P12_Y16_UO488,MXY,1,0.0,0,0,0.0,0,0,0,-9999.0,0.470703125,1,P16_CV0,1,1,1,2,0
12,0.46147936225293185,0.7805291762864555,RD12_F7_m7f4_P7_Y18_UO263,R7_F7_m7f4_P7_Y16_UO1172,RD4_F12_m12f16_P12_Y16_UO486,FXX,1,0.0,0,0,0.0,0,0,0,-9999.0,0.48193359375,1,P16_CV0,1,0,2,2,0
12,0.46147936225293185,0.7805291762864555,R12_F12_m12f3_P12_Y18_UO845,RD12_F7_m7f12_P7_Y16_UO974,R3_F3_m19f1_P19_Y16_UO695,FXX,1,0.0,0,0,0.0,0,0,0,-9999.0,0.47265625,1,P16_CV0,1,0,2,2,0
12,0.46147936225293185,0.7805291762864555,R12_F12_m12f3_P12_Y18_UO107,RD12_F7_m12f16_P12_Y16_UO484,RD3_F1_m1f2_P1_Y15_UO418,FXX,1,0.0,0,0,0.0,0,0,0,-9999.0,0.46484375,1,P16_CV0,1,0,2,2,0
12,0.46147936225293185,0.7805291762864555,R12_F12_m12f7_P12_Y18_UO582,RD12_F16_m13f16_P13_Y16_UO532,R7_F7_m7f4_P7_Y16_UO128,FXX,1,0.0,0,0,0.0,0,0,0,-9999.0,0.48291015625,1,P16_CV0,1,1,1,2,0
12,0.46147936225293185,0.7805291762864555,RD12_F1_m4f12_P4_Y16_UO753,R4_F4_m4f7_P4_Y14_UO397,RD12_F3_m3f12_P3_Y14_UO932,MXY,3,0.0,1,0,0.0,0,0,0,-9999.0,0.4873046875,1,P16_CV0,1,1,1,2,0
12,0.46147936225293185,0.7805291762864555,R12_F12_m4f12_P4_Y16_UO752,R4_F4_m4f7_P4_Y14_UO397,RD12_F3_m3f12_P3_Y14_UO932,FXX,3,0.0,1,0,1.0,0,0,0,-9999.0,0.4873046875,1,P16_CV0,1,1,1,2,0
12,0.46147936225293185,0.7805291762864555,RD12_F7_m7f12_P7_Y16_UO768,R7_F7_m7f4_P7_Y14_UO55,R12_F12_m12f7_P12_Y14_UO502,MXY,3,0.0,1,0,0.0,0,0,0,-9999.0,0.4814453125,1,P16_CV0,1,0,2,2,0
12,0.46147936225293185,0.7805291762864555,RD12_F16_m16f13_P16_Y18_UO1135,R16_F16_m16f13_P16_Y16_UO1039,R13_F13_m13f16_P13_Y16_UO949,FXX,1,0.0,0,0,0.0,0,0,0,-9999.0,0.4921875,1,P17_CV0,1,2,0,1,1
12,0.46147936225293185,0.7805291762864555,RD12_F4_m4f7_P4_Y18_UO397,RD4_F12_m3f17_P3_Y16_UO1052,R7_F7_m7f12_P7_Y16_UO352,FXX,1,0.0,0,0,0.0,0,0,0,-9999.0,0.4892578125,1,P17_CV0,1,0,2,1,1
12,0.46147936225293185,0.7805291762864555,R12_F12_m12f16_P12_Y18_UO1153,RD12_F7_m7f12_P7_Y16_UO539,R16_F16_m16f13_P16_Y16_UO666,FXX,1,0.0,0,0,0.0,0,0,0,-9999.0,0.4697265625,1,P17_CV0,1,1,1,1,1
12,0.46147936225293185,0.7805291762864555,R12_F12_m12f4_P12_Y18_UO61,R12_F12_m12f3_P12_Y16_UO66,RD4_F7_m4f7_P4_Y16_UO499,FXX,1,0.0,0,0,0.0,0,0,0,-9999.0,0.47265625,1,P17_CV0,1,0,2,1,1
12,0.46147936225293185,0.7805291762864555,R12_F12_m12f16_P12_Y18_UO150,RD12_F3_m3f12_P3_Y16_UO944,R16_F16_m13f18_P13_Y16_UO916,FXX,1,0.0,0,0,0.0,0,0,0,-9999.0,0.4970703125,1,P18_CV0,1,1,1,1,1
12,0.46147936225293185,0.7805291762864555,RD12_F7_m7f4_P7_Y18_UO335,R7_F7_m4f12_P4_Y16_UO365,R4_F4_m7f4_P7_Y16_UO1182,MXY,1,0.0,0,0,0.0,0,0,0,-9999.0,0.46240234375,1,P18_CV0,1,2,0,2,0
12,0.46147936225293185,0.7805291762864555,RD12_F1_m1f2_P1_Y18_UO610,R1_F1_m19f17_P19_Y16_UO505,R2_F2_m17f1_P17_Y16_UO198,MXY,1,0.0,0,0,0.0,0,0,0,-9999.0,0.44970703125,1,P18_CV0,1,0,2,1,1
12,0.46147936225293185,0.7805291762864555,R12_F12_m12f3_P12_Y18_UO962,RD12_F7_m7f12_P7_Y16_UO865,RD3_F12_m12f4_P12_Y16_UO738,FXX,1,0.0,0,0,0.0,0,0,0,-9999.0,0.47607421875,1,P18_CV0,1,0,2,1,1
12,0.46147936225293185,0.7805291762864555,RD12_F7_m7f12_P7_Y18_UO1127,RD7_F12_m12f4_P12_Y16_UO1167,R12_F12_m4f12_P4_Y16_UO1202,FXX,1,0.0,0,0,0.0,0,0,0,-9999.0,0.4716796875,1,P18_CV0,1,0,2,1,1
12,0.46147936225293185,0.7805291762864555,RD12_F16_m16f12_P16_Y18_UO1036,RD16_F13_m13f16_P13_Y16_UO187,RD12_F16_m13f18_P13_Y16_UO789,MXY,1,0.0,0,0,0.0,0,0,0,-9999.0,0.5244140625,1,P18_CV0,1,1,1,2,0
12,0.46147936225293185,0.7805291762864555,RD12_F16_m16f12_P16_Y18_UO1039,RD16_F13_m13f16_P13_Y16_UO187,RD12_F16_m13f18_P13_Y16_UO789,FXX,1,0.0,0,0,0.0,0,0,0,-9999.0,0.5244140625,1,P18_CV0,1,1,1,2,0
12,0.46147936225293185,0.7805291762864555,R12_F12_m12f7_P12_Y18_UO79,RD12_F7_m7f12_P7_Y16_UO539,RD7_F4_m4f12_P4_Y16_UO1002,MXY,1,0.0,0,0,0.0,0,0,0,-9999.0,0.4736328125,1,P18_CV0,1,1,1,1,1
12,0.46147936225293185,0.7805291762864555,RD12_F4_m4f7_P4_Y18_UO913,RD4_F12_m3f17_P3_Y16_UO1052,RD7_F4_m4f12_P4_Y16_UO1002,FXX,1,0.0,0,0,0.0,0,0,0,-9999.0,0.47021484375,1,P18_CV0,1,0,2,1,1
12,0.46147936225293185,0.7805291762864555,RD12_F4_m4f7_P4_Y18_UO627,RD4_F12_m12f7_P12_Y16_UO1082,R7_F7_m7f4_P7_Y16_UO106,MXY,1,0.0,0,0,0.0,0,0,0,-9999.0,0.462890625,1,P18_CV0,1,1,1,1,1
12,0.46147936225293185,0.7805291762864555,RD12_F16_m16f12_P16_Y18_UO291,R16_F16_m12f7_P12_Y16_UO1080,RD12_F3_m3f12_P3_Y16_UO408,MXY,1,0.0,0,0,0.0,0,0,0,-9999.0,0.45166015625,1,P18_CV0,1,1,1,2,0
12,0.46147936225293185,0.7805291762864555,RD12_F16_m16f12_P16_Y18_UO298,R16_F16_m12f7_P12_Y16_UO1080,RD12_F3_m3f12_P3_Y16_UO408,FXX,1,0.0,0,0,0.0,0,0,0,-9999.0,0.45166015625,1,P18_CV0,1,1,1,1,1
12,0.46147936225293185,0.7805291762864555,R12_F12_m12f16_P12_Y18_UO875,RD12_F4_m7f4_P7_Y16_UO1184,RD16_F12_m3f12_P3_Y14_UO932,FXX,1,0.0,0,0,0.0,0,0,0,-9999.0,0.4873046875,1,P18_CV0,1,2,0,2,0
12,0.46147936225293185,0.7805291762864555,RD12_F1_m1f12_P1_Y18_UO1029,RD1_F2_m2f15_P2_Y16_UO124,R12_F12_m3f19_P3_Y16_UO255,FXX,1,0.0,0,0,0.0,0,0,0,-9999.0,0.44775390625,1,P18_CV0,1,0,2,1,1
12,0.46147936225293185,0.7805291762864555,RD12_F4_m4f12_P4_Y18_UO519,RD4_F12_m3f12_P3_Y16_UO726,RD12_F3_m17f19_P17_Y16_UO1095,MXY,1,0.0,0,0,0.0,0,0,0,-9999.0,0.4521484375,1,P18_CV0,1,0,2,2,0
12,0.46147936225293185,0.7805291762864555,R12_F12_m12f7_P12_Y16_UO428,RD12_F7_m4f7_P4_Y14_UO580,R7_F7_m4f7_P4_Y14_UO339,FXX,3,0.0,1,0,1.0,0,0,0,-9999.0,0.46875,1,P18_CV0,1,1,1,2,0
12,0.46147936225293185,0.7805291762864555,R12_F12_m4f12_P4_Y14_UO70,RD4_F7_m7f12_P7_Y12_UO119,R12_F12_m12f3_P12_Y12_UO236,FXX,5,0.0,1,0,1.0,0,0,0,-9999.0,0.4921875,1,P18_CV0,1,1,1,1,1
12,0.46147936225293185,0.7805291762864555,R12_F12_m12f7_P12_Y18_UO853,RD12_F7_m7f4_P7_Y16_UO893,RD7_F4_m7f4_P7_Y16_UO1141,MXY,1,0.0,0,0,0.0,0,0,0,-9999.0,0.5,1,P1_CV0,1,0,2,1,1
12,0.46147936225293185,0.7805291762864555,R12_F12_m12f7_P12_Y18_UO852,RD12_F7_m7f4_P7_Y16_UO893,RD7_F4_m7f4_P7_Y16_UO1141,MXY,1,0.0,0,0,0.0,0,0,0,-9999.0,0.5,1,P1_CV0,1,0,2,2,0
12,0.46147936225293185,0.7805291762864555,RD12_F1_m1f17_P1_Y18_UO71,R1_F1_m12f16_P12_Y16_UO487,RD17_F3_m3f19_P3_Y16_UO870,MXY,1,0.0,0,0,0.0,0,0,0,-9999.0,0.45703125,1,P1_CV0,1,0,2,1,1
12,0.46147936225293185,0.7805291762864555,R12_F12_m12f1_P12_Y18_UO316,RD12_F4_m7f12_P7_Y16_UO432,RD1_F19_m19f3_P19_Y16_UO809,FXX,1,0.0,0,0,0.0,0,0,0,-9999.0,0.455078125,1,P1_CV0,1,0,2,2,0
12,0.46147936225293185,0.7805291762864555,RD12_F16_m16f13_P16_Y17_UO153,R16_F16_m12f1_P12_Y15_UO17,R13_F13_m18f13_P18_Y15_UO291,FXX,2,0.0,1,0,1.0,0,0,0,-9999.0,0.4658203125,1,P1_CV0,1,2,0,2,0
12,0.46147936225293185,0.7805291762864555,RD12_F16_m16f13_P16_Y17_UO158,R16_F16_m12f1_P12_Y15_UO17,R13_F13_m18f13_P18_Y15_UO291,FXX,2,0.0,1,0,1.0,0,0,0,-9999.0,0.4658203125,1,P1_CV0,1,2,0,2,0
12,0.46147936225293185,0.7805291762864555,R12_F12_m1f3_P1_Y16_UO1058,RD1_F3_m3f19_P3_Y14_UO5,R3_F3_m12f3_P12_Y14_UO63,FXX,3,0.0,1,0,1.0,0,0,0,-9999.0,0.443359375,1,P1_CV0,1,0,2,2,0
12,0.46147936225293185,0.7805291762864555,R12_F12_m7f12_P7_Y16_UO432,R7_F7_m12f3_P12_Y14_UO64,RD12_F3_m3f12_P3_Y14_UO640,FXX,3,0.0,1,0,1.0,0,0,0,-9999.0,0.462890625,1,P1_CV0,1,0,2,2,0
12,0.46147936225293185,0.7805291762864555,RD12_F3_m3f17_P3_Y18_UO27,RD3_F17_m19f3_P19_Y16_UO603,R17_F17_m3f19_P3_Y16_UO112,MXY,1,0.0,0,0,0.0,0,0,0,-9999.0,0.4453125,1,P2_CV0,1,1,1,2,0
12,0.46147936225293185,0.7805291762864555,RD12_F3_m3f17_P3_Y18_UO25,RD3_F17_m19f3_P19_Y16_UO603,R17_F17_m3f19_P3_Y16_UO112,MXY,1,0.0,0,0,0.0,0,0,0,-9999.0,0.4453125,1,P2_CV0,1,1,1,2,0
12,0.46147936225293185,0.7805291762864555,R12_F12_m12f7_P12_Y18_UO404,R12_F12_m4f12_P4_Y16_UO395,RD7_F4_m4f7_P4_Y16_UO310,MXY,1,0.0,0,0,0.0,0,0,0,-9999.0,0.46875,1,P2_CV0,1,1,1,1,1
12,0.46147936225293185,0.7805291762864555,RD12_F3_m3f1_P3_Y18_UO199,R3_F3_m17f3_P17_Y16_UO481,R1_F1_m1f3_P1_Y16_UO1055,FXX,1,0.0,0,0,0.0,0,0,0,-9999.0,0.44189453125,1,P2_CV0,1,1,1,1,1
12,0.46147936225293185,0.7805291762864555,RD12_F1_m1f19_P1_Y18_UO1001,RD1_F19_m19f2_P19_Y16_UO90,RD19_F1_m19f1_P19_Y16_UO697,MXY,1,0.0,0,0,0.0,0,0,0,-9999.0,0.4443359375,1,P2_CV0,1,2,0,0,2
12,0.46147936225293185,0.7805291762864555,R12_F12_m12f3_P12_Y18_UO846,RD12_F7_m7f12_P7_Y16_UO974,R3_F3_m19f1_P19_Y16_UO695,FXX,1,0.0,0,0,0.0,0,0,0,-9999.0,0.47265625,1,P2_CV0,1,0,2,2,0
12,0.46147936225293185,0.7805291762864555,R12_F12_m12f7_P12_Y18_UO401,R12_F12_m4f12_P4_Y16_UO395,RD7_F4_m4f7_P4_Y16_UO310,FXX,1,0.0,0,0,0.0,0,0,0,-9999.0,0.46875,1,P3_CV0,1,0,2,1,1
12,0.46147936225293185,0.7805291762864555,R12_F12_m12f7_P12_Y18_UO1061,RD12_F1_m17f1_P17_Y16_UO595,R7_F7_m7f4_P7_Y16_UO129,MXY,1,0.0,0,0,0.0,0,0,0,-9999.0,0.4462890625,1,P3_CV0,1,0,2,2,0
12,0.46147936225293185,0.7805291762864555,R12_F12_m12f1_P12_Y18_UO178,RD12_F4_m7f4_P7_Y16_UO1184,R1_F1_m17f2_P17_Y16_UO719,MXY,1,0.0,0,0,0.0,0,0,0,-9999.0,0.474609375,1,P3_CV0,1,0,2,1,1
12,0.46147936225293185,0.7805291762864555,R12_F12_m12f4_P12_Y18_UO534,RD12_F16_m16f13_P16_Y16_UO265,R4_F4_m4f7_P4_Y16_UO937,FXX,1,0.0,0,0,0.0,0,0,0,-9999.0,0.47216796875,1,P3_CV0,1,0,2,0,2
12,0.46147936225293185,0.7805291762864555,R12_F12_m12f4_P12_Y18_UO754,RD12_F1_m1f2_P1_Y16_UO1065,R4_F4_m4f7_P4_Y16_UO937,MXY,1,0.0,0,0,0.0,0,0,0,-9999.0,0.46240234375,1,P3_CV0,1,0,2,1,1
12,0.46147936225293185,0.7805291762864555,RD12_F1_m1f19_P1_Y18_UO329,R1_F1_m17f2_P17_Y16_UO798,RD19_F1_m1f17_P1_Y16_UO1109,MXY,1,0.0,0,0,0.0,0,0,0,-9999.0,0.42138671875,1,P3_CV0,1,1,1,1,1
12,0.46147936225293185,0.7805291762864555,R12_F12_m3f17_P3_Y17_UO322,RD3_F19_m1f2_P1_Y15_UO422,R17_F17_m17f3_P17_Y14_UO498,MXY,2,0.0,1,0,0.0,0,0,0,-9999.0,0.453125,1,P3_CV0,1,2,0,1,1
12,0.46147936225293185,0.7805291762864555,RD12_F16_m16f12_P16_Y18_UO1069,RD16_F13_m13f16_P13_Y16_UO195,RD12_F16_m16f13_P16_Y16_UO1040,MXY,1,0.0,0,0,0.0,0,0,0,-9999.0,0.49853515625,1,P5_CV0,1,2,0,2,0
12,0.46147936225293185,0.7805291762864555,R12_F12_m12f1_P12_Y18_UO1119,RD12_F16_m13f16_P13_Y16_UO532,R1_F1_m1f2_P1_Y16_UO480,MXY,1,0.0,0,0,0.0,0,0,0,-9999.0,0.47607421875,1,P5_CV0,1,0,2,1,1
12,0.46147936225293185,0.7805291762864555,RD12_F1_m1f12_P1_Y18_UO567,RD1_F19_m19f1_P19_Y16_UO389,RD12_F4_m4f7_P4_Y16_UO500,MXY,1,0.0,0,0,0.0,0,0,0,-9999.0,0.4619140625,1,P5_CV0,1,1,1,1,1
12,0.46147936225293185,0.7805291762864555,RD12_F3_m3f12_P3_Y18_UO286,RD3_F19_m19f2_P19_Y16_UO1090,R12_F12_m4f12_P4_Y16_UO1204,FXX,1,0.0,0,0,0.0,0,0,0,-9999.0,0.45556640625,1,P6_CV0,1,1,1,1,1
12,0.46147936225293185,0.7805291762864555,RD12_F4_m4f7_P4_Y18_UO571,R4_F4_m4f7_P4_Y16_UO1112,R7_F7_m4f7_P4_Y16_UO1113,FXX,1,0.0,0,0,0.0,0,0,0,-9999.0,0.4892578125,1,P6_CV0,1,0,2,1,1
12,0.46147936225293185,0.7805291762864555,RD12_F4_m4f12_P4_Y18_UO712,R4_F4_m4f7_P4_Y16_UO658,RD12_F7_m7f4_P7_Y16_UO1181,FXX,1,0.0,0,0,0.0,0,0,0,-9999.0,0.478515625,1,P6_CV0,1,0,2,0,2
12,0.46147936225293185,0.7805291762864555,RD12_F16_m16f12_P16_Y17_UO529,R16_F16_m12f1_P12_Y15_UO17,RD12_F16_m13f18_P13_Y15_UO263,MXY,2,0.0,1,0,0.0,0,0,0,-9999.0,0.46875,1,P6_CV0,1,2,0,2,0
13,0.11827442586893322,0.6399210213275238,RD13_F16_m16f12_P16_Y18_UO228,RD16_F13_m13f16_P13_Y16_UO452,RD12_F16_m13f18_P13_Y16_UO789,MXY,1,0.0,0,0,0.0,0,0,0,-9999.0,0.5107421875,1,P0_CV0,1,0,2,1,1
13,0.11827442586893322,0.6399210213275238,RD13_F16_m16f12_P16_Y18_UO758,R16_F16_m13f16_P13_Y16_UO448,RD12_F4_m4f12_P4_Y16_UO201,FXX,1,0.0,0,0,0.0,0,0,0,-9999.0,0.48779296875,1,P0_CV0,1,0,2,0,2
13,0.11827442586893322,0.6399210213275238,RD13_F16_m16f13_P16_Y18_UO881,RD16_F13_m13f16_P13_Y16_UO187,RD13_F18_m18f13_P18_Y16_UO17,MXY,1,0.0,0,0,0.0,0,0,0,-9999.0,0.529296875,1,P12_CV0,1,2,0,2,0
13,0.11827442586893322,0.6399210213275238,RD13_F18_m18f13_P18_Y18_UO909,RD18_F13_m18f13_P18_Y16_UO100,RD13_F18_m18f13_P18_Y16_UO576,FXX,1,0.0,0,0,0.0,0,0,0,-9999.0,0.51123046875,1,P12_CV0,1,1,1,2,0
13,0.11827442586893322,0.6399210213275238,R13_F13_m13f18_P13_Y18_UO419,R13_F13_m13f16_P13_Y16_UO190,R18_F18_m18f13_P18_Y16_UO570,FXX,1,0.0,0,0,0.0,0,0,0,-9999.0,0.498046875,1,P12_CV0,1,1,1,2,0
13,0.11827442586893322,0.6399210213275238,RD13_F16_m16f13_P16_Y18_UO1100,R16_F16_m13f16_P13_Y16_UO448,RD13_F18_m18f13_P18_Y16_UO17,FXX,1,0.0,0,0,0.0,0,0,0,-9999.0,0.515625,1,P12_CV0,1,0,2,1,1
13,0.11827442586893322,0.6399210213275238,RD13_F18_m18f13_P18_Y18_UO50,RD18_F13_m18f13_P18_Y16_UO14,RD13_F18_m18f13_P18_Y16_UO17,FXX,1,0.0,0,0,0.0,0,0,0,-9999.0,0.5400390625,1,P12_CV0,1,2,0,0,2
13,0.11827442586893322,0.6399210213275238,RD13_F16_m16f13_P16_Y18_UO720,RD16_F12_m12f16_P12_Y16_UO485,RD13_F18_m18f13_P18_Y16_UO17,MXY,1,0.0,0,0,0.0,0,0,0,-9999.0,0.50830078125,1,P12_CV0,1,0,2,1,1
13,0.11827442586893322,0.6399210213275238,RD13_F16_m16f12_P16_Y18_UO343,RD16_F13_m13f16_P13_Y16_UO452,R12_F12_m4f7_P4_Y16_UO806,MXY,1,0.0,0,0,0.0,0,0,0,-9999.0,0.478515625,1,P12_CV0,1,1,1,1,1
13,0.11827442586893322,0.6399210213275238,RD13_F16_m16f13_P16_Y18_UO884,RD16_F13_m13f16_P13_Y16_UO187,RD13_F18_m18f13_P18_Y16_UO17,MXY,1,0.0,0,0,0.0,0,0,0,-9999.0,0.529296875,1,P12_CV0,1,1,1,1,1
13,0.11827442586893322,0.6399210213275238,RD13_F18_m18f13_P18_Y18_UO57,R18_F18_m18f13_P18_Y16_UO1051,RD13_F16_m16f13_P16_Y16_UO621,FXX,1,0.0,0,0,0.0,0,0,0,-9999.0,0.4931640625,1,P15_CV0,1,0,2,1,1
13,0.11827442586893322,0.6399210213275238,RD13_F18_m18f13_P18_Y18_UO910,RD18_F13_m18f13_P18_Y16_UO100,RD13_F18_m18f13_P18_Y16_UO576,MXY,1,0.0,0,0,0.0,0,0,0,-9999.0,0.51123046875,1,P15_CV0,1,1,1,1,1
13,0.11827442586893322,0.6399210213275238,R13_F13_m13f18_P13_Y18_UO876,R13_F13_m16f13_P16_Y16_UO873,R18_F18_m13f18_P13_Y16_UO880,FXX,1,0.0,0,0,0.0,0,0,0,-9999.0,0.51513671875,1,P15_CV0,1,0,2,1,1
13,0.11827442586893322,0.6399210213275238,R13_F13_m13f16_P13_Y18_UO393,RD13_F16_m13f16_P13_Y16_UO280,R16_F16_m16f12_P16_Y16_UO55,MXY,1,0.0,0,0,0.0,0,0,0,-9999.0,0.5068359375,1,P15_CV0,1,0,2,1,1
13,0.11827442586893322,0.6399210213275238,R13_F13_m13f16_P13_Y18_UO392,RD13_F16_m13f16_P13_Y16_UO280,R16_F16_m16f12_P16_Y16_UO55,FXX,1,0.0,0,0,0.0,0,0,0,-9999.0,0.5068359375,1,P15_CV0,1,1,1,1,1
13,0.11827442586893322,0.6399210213275238,RD13_F18_m18f13_P18_Y18_UO1081,RD18_F13_m18f13_P18_Y16_UO100,R13_F13_m18f13_P18_Y14_UO744,MXY,1,0.0,0,0,0.0,0,0,0,-9999.0,0.513671875,1,P15_CV0,1,1,1,0,2
13,0.11827442586893322,0.6399210213275238,RD13_F18_m18f13_P18_Y18_UO512,RD18_F13_m18f13_P18_Y16_UO14,RD13_F16_m16f13_P16_Y16_UO165,FXX,1,0.0,0,0,0.0,0,0,0,-9999.0,0.5244140625,1,P15_CV0,1,2,0,0,2
13,0.11827442586893322,0.6399210213275238,R13_F13_m13f16_P13_Y18_UO583,RD13_F16_m13f18_P13_Y16_UO382,RD16_F13_m13f18_P13_Y16_UO705,MXY,1,0.0,0,0,0.0,0,0,0,-9999.0,0.5126953125,1,P15_CV0,1,1,1,2,0
13,0.11827442586893322,0.6399210213275238,R13_F13_m13f16_P13_Y18_UO587,RD13_F16_m13f18_P13_Y16_UO382,RD16_F13_m13f18_P13_Y16_UO705,MXY,1,0.0,0,0,0.0,0,0,0,-9999.0,0.5126953125,1,P15_CV0,1,1,1,2,0
13,0.11827442586893322,0.6399210213275238,R13_F13_m13f18_P13_Y18_UO978,R13_F13_m13f16_P13_Y16_UO190,R18_F18_m13f18_P13_Y16_UO880,MXY,1,0.0,0,0,0.0,0,0,0,-9999.0,0.50634765625,1,P15_CV0,1,0,2,1,1
13,0.11827442586893322,0.6399210213275238,R13_F13_m13f18_P13_Y18_UO981,R13_F13_m13f16_P13_Y16_UO190,R18_F18_m13f18_P13_Y16_UO880,MXY,1,0.0,0,0,0.0,0,0,0,-9999.0,0.50634765625,1,P15_CV0,1,2,0,1,1
13,0.11827442586893322,0.6399210213275238,RD13_F18_m18f13_P18_Y18_UO542,R18_F18_m18f13_P18_Y16_UO1051,RD13_F18_m13f18_P13_Y16_UO792,MXY,1,0.0,0,0,0.0,0,0,0,-9999.0,0.52294921875,1,P15_CV0,1,0,2,1,1
13,0.11827442586893322,0.6399210213275238,RD13_F18_m18f13_P18_Y18_UO55,R18_F18_m18f13_P18_Y16_UO1051,RD13_F16_m16f13_P16_Y16_UO621,MXY,1,0.0,0,0,0.0,0,0,0,-9999.0,0.4931640625,1,P15_CV0,1,1,1,2,0
13,0.11827442586893322,0.6399210213275238,RD13_F18_m18f13_P18_Y18_UO1231,RD18_F13_m18f13_P18_Y16_UO1143,RD13_F16_m16f13_P16_Y14_UO1197,FXX,1,0.0,0,0,0.0,0,0,0,-9999.0,0.509765625,1,P15_CV0,1,0,2,1,1
13,0.11827442586893322,0.6399210213275238,RD13_F18_m18f13_P18_Y18_UO908,RD18_F13_m18f13_P18_Y16_UO100,RD13_F18_m18f13_P18_Y16_UO576,MXY,1,0.0,0,0,0.0,0,0,0,-9999.0,0.51123046875,1,P15_CV0,1,1,1,1,1
13,0.11827442586893322,0.6399210213275238,RD13_F18_m18f13_P18_Y18_UO1233,RD18_F13_m18f13_P18_Y16_UO1143,RD13_F16_m16f13_P16_Y14_UO1197,FXX,1,0.0,0,0,0.0,0,0,0,-9999.0,0.509765625,1,P15_CV0,1,0,2,1,1
13,0.11827442586893322,0.6399210213275238,R13_F13_m18f13_P18_Y17_UO43,R18_F18_m13f16_P13_Y15_UO250,RD13_F16_m13f16_P13_Y15_UO554,MXY,2,0.0,1,0,0.0,0,0,0,-9999.0,0.484375,1,P15_CV0,1,1,1,1,1
13,0.11827442586893322,0.6399210213275238,RD13_F18_m18f13_P18_Y17_UO177,R18_F18_m18f13_P18_Y15_UO296,RD13_F16_m13f16_P13_Y15_UO556,MXY,2,0.0,1,0,0.0,0,0,0,-9999.0,0.462890625,1,P15_CV0,1,2,0,2,0
13,0.11827442586893322,0.6399210213275238,RD13_F16_m16f13_P16_Y18_UO717,RD16_F12_m12f16_P12_Y16_UO485,RD13_F18_m18f13_P18_Y16_UO17,FXX,1,0.0,0,0,0.0,0,0,0,-9999.0,0.50830078125,1,P16_CV0,1,0,2,2,0
13,0.11827442586893322,0.6399210213275238,R13_F13_m13f18_P13_Y18_UO504,RD13_F16_m16f13_P16_Y16_UO669,R18_F18_m18f13_P18_Y16_UO343,MXY,1,0.0,0,0,0.0,0,0,0,-9999.0,0.49951171875,1,P17_CV0,1,1,1,2,0
13,0.11827442586893322,0.6399210213275238,R13_F13_m13f16_P13_Y18_UO344,R13_F13_m13f16_P13_Y16_UO833,RD16_F12_m12f7_P12_Y16_UO1126,MXY,1,0.0,0,0,0.0,0,0,0,-9999.0,0.4912109375,1,P17_CV0,1,1,1,1,1
13,0.11827442586893322,0.6399210213275238,R13_F13_m13f18_P13_Y18_UO221,R13_F13_m13f16_P13_Y16_UO529,RD18_F13_m18f13_P18_Y16_UO1177,FXX,1,0.0,0,0,0.0,0,0,0,-9999.0,0.49853515625,1,P17_CV0,1,1,1,2,0
13,0.11827442586893322,0.6399210213275238,R13_F13_m13f18_P13_Y18_UO983,R13_F13_m13f16_P13_Y16_UO190,R18_F18_m13f18_P13_Y16_UO880,MXY,1,0.0,0,0,0.0,0,0,0,-9999.0,0.50634765625,1,P17_CV0,1,1,1,1,1
13,0.11827442586893322,0.6399210213275238,RD13_F18_m18f13_P18_Y18_UO1052,RD18_F13_m13f16_P13_Y16_UO1007,RD13_F18_m18f13_P18_Y16_UO760,MXY,1,0.0,0,0,0.0,0,0,0,-9999.0,0.541015625,1,P17_CV0,1,2,0,2,0
13,0.11827442586893322,0.6399210213275238,RD13_F18_m18f13_P18_Y18_UO32,R18_F18_m13f16_P13_Y16_UO189,R13_F13_m13f16_P13_Y16_UO451,MXY,1,0.0,0,0,0.0,0,0,0,-9999.0,0.5048828125,1,P17_CV0,1,0,2,1,1
13,0.11827442586893322,0.6399210213275238,R13_F13_m13f18_P13_Y18_UO359,RD13_F16_m16f13_P16_Y16_UO669,RD18_F13_m18f13_P18_Y16_UO1177,FXX,1,0.0,0,0,0.0,0,0,0,-9999.0,0.47607421875,1,P17_CV0,1,1,1,1,1
13,0.11827442586893322,0.6399210213275238,R13_F13_m13f18_P13_Y18_UO982,R13_F13_m13f16_P13_Y16_UO190,R18_F18_m13f18_P13_Y16_UO880,FXX,1,0.0,0,0,0.0,0,0,0,-9999.0,0.50634765625,1,P17_CV0,1,1,1,0,2
13,0.11827442586893322,0.6399210213275238,RD13_F18_m18f13_P18_Y18_UO39,R18_F18_m13f16_P13_Y16_UO189,R13_F13_m13f16_P13_Y16_UO451,FXX,1,0.0,0,0,0.0,0,0,0,-9999.0,0.5048828125,1,P17_CV0,1,0,2,1,1
13,0.11827442586893322,0.6399210213275238,R13_F13_m13f18_P13_Y18_UO172,R13_F13_m13f16_P13_Y16_UO529,RD18_F13_m18f13_P18_Y16_UO1175,MXY,1,0.0,0,0,0.0,0,0,0,-9999.0,0.49853515625,1,P17_CV0,1,0,2,2,0
13,0.11827442586893322,0.6399210213275238,RD13_F18_m18f13_P18_Y18_UO1051,RD18_F13_m13f16_P13_Y16_UO1007,RD13_F18_m18f13_P18_Y16_UO760,MXY,1,0.0,0,0,0.0,0,0,0,-9999.0,0.541015625,1,P17_CV0,1,0,2,2,0
13,0.11827442586893322,0.6399210213275238,R13_F13_m13f16_P13_Y18_UO347,R13_F13_m13f16_P13_Y16_UO833,RD16_F12_m12f7_P12_Y16_UO1126,FXX,1,0.0,0,0,0.0,0,0,0,-9999.0,0.4912109375,1,P17_CV0,1,2,0,1,1
13,0.11827442586893322,0.6399210213275238,RD13_F16_m16f13_P16_Y16_UO666,R16_F16_m16f12_P16_Y14_UO794,R13_F13_m16f12_P16_Y14_UO1096,MXY,3,0.0,1,0,0.0,0,0,0,-9999.0,0.4677734375,1,P17_CV0,1,2,0,1,1
13,0.11827442586893322,0.6399210213275238,R13_F13_m13f16_P13_Y18_UO592,R13_F13_m18f13_P18_Y16_UO300,R16_F16_m16f13_P16_Y16_UO877,FXX,1,0.0,0,0,0.0,0,0,0,-9999.0,0.52099609375,1,P18_CV0,1,2,0,1,1
13,0.11827442586893322,0.6399210213275238,R13_F13_m13f16_P13_Y18_UO725,R13_F13_m13f18_P13_Y16_UO883,RD16_F12_m3f12_P3_Y14_UO932,MXY,1,0.0,0,0,0.0,0,0,0,-9999.0,0.4921875,1,P18_CV0,1,2,0,2,0
13,0.11827442586893322,0.6399210213275238,R13_F13_m13f16_P13_Y18_UO589,R13_F13_m18f13_P18_Y16_UO300,R16_F16_m16f13_P16_Y16_UO877,FXX,1,0.0,0,0,0.0,0,0,0,-9999.0,0.52099609375,1,P18_CV0,1,1,1,2,0
13,0.11827442586893322,0.6399210213275238,RD13_F16_m16f12_P16_Y18_UO952,R16_F16_m12f7_P12_Y16_UO1080,R12_F12_m4f12_P4_Y16_UO1204,MXY,1,0.0,0,0,0.0,0,0,0,-9999.0,0.46484375,1,P18_CV0,1,1,1,2,0
13,0.11827442586893322,0.6399210213275238,RD13_F16_m16f12_P16_Y18_UO950,R16_F16_m12f7_P12_Y16_UO1080,R12_F12_m4f12_P4_Y16_UO1204,MXY,1,0.0,0,0,0.0,0,0,0,-9999.0,0.46484375,1,P18_CV0,1,2,0,2,0
13,0.11827442586893322,0.6399210213275238,RD13_F16_m16f12_P16_Y18_UO951,R16_F16_m12f7_P12_Y16_UO1080,R12_F12_m4f12_P4_Y16_UO1204,FXX,1,0.0,0,0,0.0,0,0,0,-9999.0,0.46484375,1,P18_CV0,1,1,1,2,0
13,0.11827442586893322,0.6399210213275238,RD13_F16_m16f12_P16_Y18_UO1071,RD16_F13_m13f16_P13_Y16_UO195,RD12_F16_m16f13_P16_Y16_UO1040,MXY,1,0.0,0,0,0.0,0,0,0,-9999.0,0.49853515625,1,P18_CV0,1,2,0,2,0
13,0.11827442586893322,0.6399210213275238,RD13_F16_m16f12_P16_Y16_UO178,RD16_F13_m13f16_P13_Y14_UO706,RD12_F7_m7f12_P7_Y14_UO719,MXY,3,0.0,1,0,0.0,0,0,0,-9999.0,0.5185546875,1,P18_CV0,1,0,2,1,1
13,0.11827442586893322,0.6399210213275238,RD13_F18_m13f18_P13_Y16_UO917,RD13_F16_m12f1_P12_Y14_UO599,R18_F18_m18f13_P18_Y14_UO776,MXY,3,0.0,1,0,0.0,0,0,0,-9999.0,0.52734375,1,P18_CV0,1,1,1,2,0
13,0.11827442586893322,0.6399210213275238,RD13_F16_m16f13_P16_Y17_UO146,R16_F16_m12f1_P12_Y15_UO17,R13_F13_m18f13_P18_Y15_UO291,MXY,2,0.0,1,0,0.0,0,0,0,-9999.0,0.4658203125,1,P1_CV0,1,1,1,2,0
13,0.11827442586893322,0.6399210213275238,RD13_F18_m18f13_P18_Y18_UO511,RD18_F13_m18f13_P18_Y16_UO14,RD13_F16_m16f13_P16_Y16_UO165,FXX,1,0.0,0,0,0.0,0,0,0,-9999.0,0.5244140625,1,P2_CV0,1,2,0,1,1
13,0.11827442586893322,0.6399210213275238,RD13_F18_m18f13_P18_Y18_UO513,RD18_F13_m18f13_P18_Y16_UO14,RD13_F16_m16f13_P16_Y16_UO165,FXX,1,0.0,0,0,0.0,0,0,0,-9999.0,0.5244140625,1,P2_CV0,1,2,0,0,2
13,0.11827442586893322,0.6399210213275238,RD13_F18_m18f13_P18_Y18_UO1084,RD18_F13_m18f13_P18_Y16_UO100,R13_F13_m18f13_P18_Y14_UO744,MXY,1,0.0,0,0,0.0,0,0,0,-9999.0,0.513671875,1,P2_CV0,1,1,1,1,1
13,0.11827442586893322,0.6399210213275238,RD13_F16_m16f12_P16_Y18_UO300,R16_F16_m12f7_P12_Y16_UO1080,RD12_F3_m3f12_P3_Y16_UO408,FXX,1,0.0,0,0,0.0,0,0,0,-9999.0,0.45166015625,1,P2_CV0,1,1,1,1,1
13,0.11827442586893322,0.6399210213275238,RD13_F18_m18f13_P18_Y18_UO516,RD18_F13_m18f13_P18_Y16_UO14,RD13_F16_m16f13_P16_Y16_UO165,MXY,1,0.0,0,0,0.0,0,0,0,-9999.0,0.5244140625,1,P2_CV0,1,2,0,2,0
13,0.11827442586893322,0.6399210213275238,RD13_F18_m18f13_P18_Y18_UO433,RD18_F13_m18f13_P18_Y16_UO14,R13_F13_m16f13_P16_Y16_UO620,MXY,1,0.0,0,0,0.0,0,0,0,-9999.0,0.50537109375,1,P2_CV0,1,2,0,2,0
13,0.11827442586893322,0.6399210213275238,RD13_F16_m16f12_P16_Y18_UO294,R16_F16_m12f7_P12_Y16_UO1080,RD12_F3_m3f12_P3_Y16_UO408,MXY,1,0.0,0,0,0.0,0,0,0,-9999.0,0.45166015625,1,P2_CV0,1,1,1,2,0
13,0.11827442586893322,0.6399210213275238,R13_F13_m13f16_P13_Y18_UO619,R13_F13_m18f13_P18_Y16_UO105,R16_F16_m13f16_P13_Y16_UO193,FXX,1,0.0,0,0,0.0,0,0,0,-9999.0,0.49951171875,1,P2_CV0,1,1,1,1,1
13,0.11827442586893322,0.6399210213275238,RD13_F16_m16f12_P16_Y18_UO295,R16_F16_m12f7_P12_Y16_UO1080,RD12_F3_m3f12_P3_Y16_UO408,MXY,1,0.0,0,0,0.0,0,0,0,-9999.0,0.45166015625,1,P2_CV0,1,1,1,1,1
13,0.11827442586893322,0.6399210213275238,R13_F13_m13f16_P13_Y18_UO584,RD13_F16_m13f18_P13_Y16_UO382,RD16_F13_m13f18_P13_Y16_UO705,MXY,1,0.0,0,0,0.0,0,0,0,-9999.0,0.5126953125,1,P2_CV0,1,2,0,2,0
13,0.11827442586893322,0.6399210213275238,RD13_F18_m18f13_P18_Y18_UO430,RD18_F13_m18f13_P18_Y16_UO14,R13_F13_m16f13_P16_Y16_UO620,FXX,1,0.0,0,0,0.0,0,0,0,-9999.0,0.50537109375,1,P2_CV0,1,2,0,1,1
13,0.11827442586893322,0.6399210213275238,RD13_F18_m18f13_P18_Y18_UO38,R18_F18_m13f16_P13_Y16_UO189,R13_F13_m13f16_P13_Y16_UO451,MXY,1,0.0,0,0,0.0,0,0,0,-9999.0,0.5048828125,1,P3_CV0,1,0,2,1,1
13,0.11827442586893322,0.6399210213275238,RD13_F18_m18f13_P18_Y18_UO384,RD18_F13_m18f13_P18_Y16_UO580,RD13_F18_m13f18_P13_Y16_UO792,MXY,1,0.0,0,0,0.0,0,0,0,-9999.0,0.5361328125,1,P3_CV0,1,1,1,1,1
13,0.11827442586893322,0.6399210213275238,R13_F13_m13f16_P13_Y18_UO350,R13_F13_m13f16_P13_Y16_UO833,RD16_F12_m12f7_P12_Y16_UO1126,MXY,1,0.0,0,0,0.0,0,0,0,-9999.0,0.4912109375,1,P3_CV0,1,1,1,1,1
13,0.11827442586893322,0.6399210213275238,R13_F13_m13f16_P13_Y18_UO965,RD13_F16_m12f4_P12_Y16_UO968,RD16_F13_m13f18_P13_Y15_UO479,FXX,1,0.0,0,0,0.0,0,0,0,-9999.0,0.46875,1,P3_CV0,1,2,0,1,1
13,0.11827442586893322,0.6399210213275238,RD13_F18_m18f13_P18_Y18_UO578,RD18_F13_m18f13_P18_Y16_UO994,R13_F13_m18f13_P18_Y16_UO606,MXY,1,0.0,0,0,0.0,0,0,0,-9999.0,0.54443359375,1,P3_CV0,1,0,2,2,0
13,0.11827442586893322,0.6399210213275238,RD13_F18_m18f13_P18_Y18_UO37,R18_F18_m13f16_P13_Y16_UO189,R13_F13_m13f16_P13_Y16_UO451,FXX,1,0.0,0,0,0.0,0,0,0,-9999.0,0.5048828125,1,P3_CV0,1,1,1,1,1
13,0.11827442586893322,0.6399210213275238,RD13_F18_m18f13_P18_Y18_UO577,RD18_F13_m18f13_P18_Y16_UO994,R13_F13_m18f13_P18_Y16_UO606,FXX,1,0.0,0,0,0.0,0,0,0,-9999.0,0.54443359375,1,P3_CV0,1,0,2,1,1
13,0.11827442586893322,0.6399210213275238,R13_F13_m13f16_P13_Y18_UO349,R13_F13_m13f16_P13_Y16_UO833,RD16_F12_m12f7_P12_Y16_UO1126,FXX,1,0.0,0,0,0.0,0,0,0,-9999.0,0.4912109375,1,P3_CV0,1,2,0,0,2
13,0.11827442586893322,0.6399210213275238,R13_F13_m13f16_P13_Y18_UO346,R13_F13_m13f16_P13_Y16_UO833,RD16_F12_m12f7_P12_Y16_UO1126,FXX,1,0.0,0,0,0.0,0,0,0,-9999.0,0.4912109375,1,P3_CV0,1,1,1,1,1
13,0.11827442586893322,0.6399210213275238,RD13_F18_m18f13_P18_Y18_UO1057,RD18_F13_m13f16_P13_Y16_UO1007,RD13_F18_m18f13_P18_Y16_UO760,MXY,1,0.0,0,0,0.0,0,0,0,-9999.0,0.541015625,1,P3_CV0,1,1,1,2,0
13,0.11827442586893322,0.6399210213275238,RD13_F16_m16f12_P16_Y18_UO1034,RD16_F13_m13f16_P13_Y16_UO187,RD12_F16_m13f18_P13_Y16_UO789,FXX,1,0.0,0,0,0.0,0,0,0,-9999.0,0.5244140625,1,P3_CV0,1,1,1,2,0
13,0.11827442586893322,0.6399210213275238,R13_F13_m13f16_P13_Y18_UO118,R13_F13_m13f18_P13_Y16_UO883,R16_F16_m13f18_P13_Y16_UO790,MXY,1,0.0,0,0,0.0,0,0,0,-9999.0,0.51220703125,1,P3_CV0,1,0,2,0,2
13,0.11827442586893322,0.6399210213275238,RD13_F18_m18f13_P18_Y18_UO575,RD18_F13_m18f13_P18_Y16_UO994,R13_F13_m18f13_P18_Y16_UO606,FXX,1,0.0,0,0,0.0,0,0,0,-9999.0,0.54443359375,1,P3_CV0,1,0,2,1,1
13,0.11827442586893322,0.6399210213275238,RD13_F18_m18f13_P18_Y18_UO391,RD18_F13_m18f13_P18_Y16_UO580,RD13_F18_m13f18_P13_Y16_UO792,FXX,1,0.0,0,0,0.0,0,0,0,-9999.0,0.5361328125,1,P3_CV0,1,1,1,1,1
13,0.11827442586893322,0.6399210213275238,RD13_F18_m18f13_P18_Y18_UO34,R18_F18_m13f16_P13_Y16_UO189,R13_F13_m13f16_P13_Y16_UO451,MXY,1,0.0,0,0,0.0,0,0,0,-9999.0,0.5048828125,1,P3_CV0,1,0,2,1,1
13,0.11827442586893322,0.6399210213275238,R13_F13_m12f4_P12_Y16_UO968,RD12_F7_m7f12_P7_Y14_UO1109,R4_F4_m4f7_P4_Y14_UO540,FXX,3,0.0,1,0,1.0,0,0,0,-9999.0,0.47265625,1,P3_CV0,1,1,1,1,1
13,0.11827442586893322,0.6399210213275238,RD13_F18_m13f18_P13_Y15_UO67,RD13_F16_m13f16_P13_Y13_UO701,R18_F18_m13f16_P13_Y13_UO260,MXY,4,0.0,1,0,0.0,0,0,0,-9999.0,0.45703125,1,P3_CV0,1,1,1,1,1
13,0.11827442586893322,0.6399210213275238,RD13_F18_m18f13_P18_Y18_UO56,R18_F18_m18f13_P18_Y16_UO1051,RD13_F16_m16f13_P16_Y16_UO621,FXX,1,0.0,0,0,0.0,0,0,0,-9999.0,0.4931640625,1,P5_CV0,1,0,2,1,1
13,0.11827442586893322,0.6399210213275238,R13_F13_m13f16_P13_Y18_UO394,RD13_F16_m13f16_P13_Y16_UO280,R16_F16_m16f12_P16_Y16_UO55,FXX,1,0.0,0,0,0.0,0,0,0,-9999.0,0.5068359375,1,P5_CV0,1,1,1,1,1
13,0.11827442586893322,0.6399210213275238,RD13_F16_m16f12_P16_Y18_UO1070,RD16_F13_m13f16_P13_Y16_UO195,RD12_F16_m16f13_P16_Y16_UO1040,FXX,1,0.0,0,0,0.0,0,0,0,-9999.0,0.49853515625,1,P5_CV0,1,2,0,1,1
13,0.11827442586893322,0.6399210213275238,RD13_F18_m18f13_P18_Y18_UO390,RD18_F13_m18f13_P18_Y16_UO580,RD13_F18_m13f18_P13_Y16_UO792,FXX,1,0.0,0,0,0.0,0,0,0,-9999.0,0.5361328125,1,P6_CV0,1,1,1,1,1
13,0.11827442586893322,0.6399210213275238,R13_F13_m13f18_P13_Y18_UO177,R13_F13_m13f16_P13_Y16_UO529,RD18_F13_m18f13_P18_Y16_UO1175,FXX,1,0.0,0,0,0.0,0,0,0,-9999.0,0.49853515625,1,P6_CV0,1,1,1,2,0
13,0.11827442586893322,0.6399210213275238,RD13_F16_m16f12_P16_Y18_UO338,R16_F16_m16f13_P16_Y16_UO166,RD12_F4_m4f7_P4_Y16_UO500,FXX,1,0.0,0,0,0.0,0,0,0,-9999.0,0.48974609375,1,P6_CV0,1,1,1,1,1
13,0.11827442586893322,0.6399210213275238,RD13_F18_m18f13_P18_Y18_UO385,RD18_F13_m18f13_P18_Y16_UO580,RD13_F18_m13f18_P13_Y16_UO792,FXX,1,0.0,0,0,0.0,0,0,0,-9999.0,0.5361328125,1,P6_CV0,1,1,1,1,1
13,0.11827442586893322,0.6399210213275238,R13_F13_m13f18_P13_Y18_UO173,R13_F13_m13f16_P13_Y16_UO529,RD18_F13_m18f13_P18_Y16_UO1175,FXX,1,0.0,0,0,0.0,0,0,0,-9999.0,0.49853515625,1,P6_CV0,1,1,1,2,0
13,0.11827442586893322,0.6399210213275238,R13_F13_m13f18_P13_Y18_UO171,R13_F13_m13f16_P13_Y16_UO529,RD18_F13_m18f13_P18_Y16_UO1175,MXY,1,0.0,0,0,0.0,0,0,0,-9999.0,0.49853515625,1,P6_CV0,1,0,2,2,0
13,0.11827442586893322,0.6399210213275238,RD13_F16_m16f12_P16_Y17_UO526,R16_F16_m12f1_P12_Y15_UO17,RD12_F16_m13f18_P13_Y15_UO263,FXX,2,0.0,1,0,1.0,0,0,0,-9999.0,0.46875,1,P6_CV0,1,2,0,1,1
13,0.11827442586893322,0.6399210213275238,RD13_F16_m16f12_P16_Y17_UO537,R16_F16_m12f1_P12_Y15_UO17,RD12_F16_m13f18_P13_Y15_UO263,FXX,2,0.0,1,0,1.0,0,0,0,-9999.0,0.46875,1,P6_CV0,1,2,0,1,1
13,0.11827442586893322,0.6399210213275238,RD13_F18_m18f13_P18_Y16_UO1175,R18_F18_m13f18_P13_Y14_UO845,RD13_F16_m16f12_P16_Y14_UO309,MXY,3,0.0,1,0,0.0,0,0,0,-9999.0,0.484375,1,P6_CV0,1,1,1,2,0
14,0.1433532874090464,0.9446689170495839,RD14_F9_m9f14_P9_Y18_UO23,RD9_F14_m9f14_P9_Y16_UO583,R14_F14_m9f14_P9_Y16_UO796,FXX,1,0.0,0,0,0.0,0,0,0,-9999.0,0.56201171875,1,P13_CV0,1,2,0,2,0
14,0.1433532874090464,0.9446689170495839,RD14_F9_m9f14_P9_Y18_UO58,RD9_F14_m9f14_P9_Y16_UO1135,RD14_F9_m14f9_P14_Y16_UO515,FXX,1,0.0,0,0,0.0,0,0,0,-9999.0,0.556640625,1,P13_CV0,1,2,0,1,1
14,0.1433532874090464,0.9446689170495839,RD14_F9_m9f14_P9_Y18_UO60,RD9_F14_m9f14_P9_Y16_UO1135,RD14_F9_m14f9_P14_Y16_UO515,FXX,1,0.0,0,0,0.0,0,0,0,-9999.0,0.556640625,1,P13_CV0,1,2,0,1,1
14,0.1433532874090464,0.9446689170495839,RD14_F9_m9f14_P9_Y18_UO84,R9_F9_m9f14_P9_Y16_UO321,R14_F14_m9f14_P9_Y14_UO221,MXY,1,0.0,0,0,0.0,0,0,0,-9999.0,0.55224609375,1,P13_CV0,1,1,1,1,1
14,0.1433532874090464,0.9446689170495839,RD14_F9_m9f14_P9_Y18_UO85,R9_F9_m9f14_P9_Y16_UO321,R14_F14_m9f14_P9_Y14_UO221,MXY,1,0.0,0,0,0.0,0,0,0,-9999.0,0.55224609375,1,P13_CV0,1,1,1,1,1
14,0.1433532874090464,0.9446689170495839,RD14_F9_m9f14_P9_Y18_UO237,R9_F9_m9f14_P9_Y16_UO1194,RD14_F9_m9f14_P9_Y16_UO394,MXY,1,0.0,0,0,0.0,0,0,0,-9999.0,0.56103515625,1,P13_CV0,1,2,0,0,2
14,0.1433532874090464,0.9446689170495839,RD14_F9_m9f14_P9_Y18_UO239,R9_F9_m9f14_P9_Y16_UO1194,RD14_F9_m9f14_P9_Y16_UO394,FXX,1,0.0,0,0,0.0,0,0,0,-9999.0,0.56103515625,1,P13_CV0,1,2,0,0,2
14,0.1433532874090464,0.9446689170495839,RD14_F9_m9f14_P9_Y18_UO248,RD9_F14_m9f14_P9_Y16_UO320,RD14_F9_m14f9_P14_Y16_UO515,FXX,1,0.0,0,0,0.0,0,0,0,-9999.0,0.55859375,1,P13_CV0,1,2,0,1,1
14,0.1433532874090464,0.9446689170495839,RD14_F9_m9f14_P9_Y18_UO269,R9_F9_m9f14_P9_Y16_UO1194,RD14_F9_m9f14_P9_Y16_UO394,FXX,1,0.0,0,0,0.0,0,0,0,-9999.0,0.56103515625,1,P13_CV0,1,1,1,0,2
14,0.1433532874090464,0.9446689170495839,RD14_F9_m9f14_P9_Y18_UO464,RD9_F14_m9f14_P9_Y16_UO582,R14_F14_m9f14_P9_Y16_UO204,MXY,1,0.0,0,0,0.0,0,0,0,-9999.0,0.56982421875,1,P13_CV0,1,1,1,2,0
14,0.1433532874090464,0.9446689170495839,RD14_F9_m9f14_P9_Y18_UO465,RD9_F14_m9f14_P9_Y16_UO582,R14_F14_m9f14_P9_Y16_UO204,FXX,1,0.0,0,0,0.0,0,0,0,-9999.0,0.56982421875,1,P13_CV0,1,2,0,0,2
14,0.1433532874090464,0.9446689170495839,RD14_F9_m9f14_P9_Y18_UO466,RD9_F14_m9f14_P9_Y16_UO582,R14_F14_m9f14_P9_Y16_UO204,FXX,1,0.0,0,0,0.0,0,0,0,-9999.0,0.56982421875,1,P13_CV0,1,2,0,2,0
14,0.1433532874090464,0.9446689170495839,RD14_F9_m9f14_P9_Y18_UO472,RD9_F14_m14f9_P14_Y16_UO332,RD14_F9_m9f14_P9_Y16_UO522,FXX,1,0.0,0,0,0.0,0,0,0,-9999.0,0.5380859375,1,P13_CV0,1,2,0,0,2
14,0.1433532874090464,0.9446689170495839,RD14_F9_m9f14_P9_Y18_UO475,RD9_F14_m14f9_P14_Y16_UO332,RD14_F9_m9f14_P9_Y16_UO522,MXY,1,0.0,0,0,0.0,0,0,0,-9999.0,0.5380859375,1,P13_CV0,1,1,1,0,2
14,0.1433532874090464,0.9446689170495839,RD14_F9_m9f14_P9_Y18_UO478,RD9_F14_m9f14_P9_Y16_UO438,RD14_F9_m14f9_P14_Y16_UO555,FXX,1,0.0,0,0,0.0,0,0,0,-9999.0,0.5390625,1,P13_CV0,1,1,1,1,1
14,0.1433532874090464,0.9446689170495839,RD14_F9_m9f14_P9_Y18_UO479,RD9_F14_m9f14_P9_Y16_UO438,RD14_F9_m14f9_P14_Y16_UO555,MXY,1,0.0,0,0,0.0,0,0,0,-9999.0,0.5390625,1,P13_CV0,1,1,1,1,1
14,0.1433532874090464,0.9446689170495839,RD14_F9_m9f14_P9_Y18_UO532,RD9_F14_m14f9_P14_Y16_UO498,R14_F14_m9f14_P9_Y16_UO779,FXX,1,0.0,0,0,0.0,0,0,0,-9999.0,0.5615234375,1,P13_CV0,1,1,1,1,1
14,0.1433532874090464,0.9446689170495839,RD14_F9_m9f14_P9_Y18_UO736,R9_F9_m9f14_P9_Y16_UO321,RD14_F9_m14f9_P14_Y16_UO35,MXY,1,0.0,0,0,0.0,0,0,0,-9999.0,0.55615234375,1,P13_CV0,1,2,0,2,0
14,0.1433532874090464,0.9446689170495839,RD14_F9_m9f14_P9_Y18_UO738,R9_F9_m9f14_P9_Y16_UO321,RD14_F9_m14f9_P14_Y16_UO35,FXX,1,0.0,0,0,0.0,0,0,0,-9999.0,0.55615234375,1,P13_CV0,1,2,0,2,0
14,0.1433532874090464,0.9446689170495839,RD14_F9_m9f14_P9_Y18_UO929,RD9_F14_m9f14_P9_Y16_UO1012,R14_F14_m9f14_P9_Y14_UO221,FXX,1,0.0,0,0,0.0,0,0,0,-9999.0,0.55029296875,1,P13_CV0,1,1,1,1,1
14,0.1433532874090464,0.9446689170495839,RD14_F9_m9f14_P9_Y18_UO1048,R9_F9_m14f9_P14_Y16_UO1207,RD14_F9_m9f14_P9_Y16_UO522,FXX,1,0.0,0,0,0.0,0,0,0,-9999.0,0.54443359375,1,P13_CV0,1,2,0,1,1
14,0.1433532874090464,0.9446689170495839,R14_F14_m14f9_P14_Y18_UO78,R14_F14_m14f9_P14_Y16_UO1208,RD9_F14_m9f14_P9_Y14_UO691,MXY,1,0.0,0,0,0.0,0,0,0,-9999.0,0.54248046875,1,P13_CV0,1,1,1,1,1
14,0.1433532874090464,0.9446689170495839,R14_F14_m14f9_P14_Y18_UO82,R14_F14_m9f14_P9_Y16_UO202,R9_F9_m9f14_P9_Y16_UO913,FXX,1,0.0,0,0,0.0,0,0,0,-9999.0,0.59326171875,1,P13_CV0,1,2,0,1,1
14,0.1433532874090464,0.9446689170495839,R14_F14_m14f9_P14_Y18_UO140,R14_F14_m9f14_P9_Y16_UO1102,RD9_F14_m14f9_P14_Y16_UO826,FXX,1,0.0,0,0,0.0,0,0,0,-9999.0,0.55224609375,1,P13_CV0,1,1,1,0,2
14,0.1433532874090464,0.9446689170495839,R14_F14_m14f9_P14_Y18_UO190,RD14_F9_m9f14_P9_Y16_UO291,RD9_F14_m9f14_P9_Y16_UO290,MXY,1,0.0,0,0,0.0,0,0,0,-9999.0,0.54296875,1,P13_CV0,1,1,1,2,0
14,0.1433532874090464,0.9446689170495839,R14_F14_m14f9_P14_Y18_UO191,RD14_F9_m9f14_P9_Y16_UO291,RD9_F14_m9f14_P9_Y16_UO290,FXX,1,0.0,0,0,0.0,0,0,0,-9999.0,0.54296875,1,P13_CV0,1,1,1,2,0
14,0.1433532874090464,0.9446689170495839,R14_F14_m14f9_P14_Y18_UO201,RD14_F9_m9f14_P9_Y16_UO477,R9_F9_m9f14_P9_Y16_UO913,FXX,1,0.0,0,0,0.0,0,0,0,-9999.0,0.57373046875,1,P13_CV0,1,1,1,1,1
14,0.1433532874090464,0.9446689170495839,R14_F14_m14f9_P14_Y18_UO217,RD14_F9_m9f14_P9_Y16_UO1156,R9_F9_m9f14_P9_Y16_UO521,FXX,1,0.0,0,0,0.0,0,0,0,-9999.0,0.5478515625,1,P13_CV0,1,1,1,0,2
14,0.1433532874090464,0.9446689170495839,R14_F14_m14f9_P14_Y18_UO218,RD14_F9_m9f14_P9_Y16_UO1156,R9_F9_m9f14_P9_Y16_UO521,FXX,1,0.0,0,0,0.0,0,0,0,-9999.0,0.5478515625,1,P13_CV0,1,1,1,0,2
14,0.1433532874090464,0.9446689170495839,R14_F14_m14f9_P14_Y18_UO367,RD14_F9_m9f14_P9_Y16_UO795,R9_F9_m9f14_P9_Y16_UO1011,FXX,1,0.0,0,0,0.0,0,0,0,-9999.0,0.560546875,1,P13_CV0,1,2,0,1,1
14,0.1433532874090464,0.9446689170495839,R14_F14_m14f9_P14_Y18_UO407,RD14_F9_m9f14_P9_Y16_UO186,RD9_F14_m9f14_P9_Y14_UO22,FXX,1,0.0,0,0,0.0,0,0,0,-9999.0,0.55712890625,1,P13_CV0,1,2,0,1,1
14,0.1433532874090464,0.9446689170495839,R14_F14_m14f9_P14_Y18_UO458,R14_F14_m9f14_P9_Y16_UO202,R9_F9_m9f14_P9_Y16_UO1011,FXX,1,0.0,0,0,0.0,0,0,0,-9999.0,0.568359375,1,P13_CV0,1,2,0,0,2
14,0.1433532874090464,0.9446689170495839,R14_F14_m14f9_P14_Y18_UO476,RD14_F9_m9f14_P9_Y16_UO1185,RD9_F14_m9f14_P9_Y14_UO691,MXY,1,0.0,0,0,0.0,0,0,0,-9999.0,0.5322265625,1,P13_CV0,1,1,1,1,1
14,0.1433532874090464,0.9446689170495839,R14_F14_m14f9_P14_Y18_UO485,RD14_F9_m9f14_P9_Y16_UO146,R9_F9_m9f14_P9_Y16_UO1087,FXX,1,0.0,0,0,0.0,0,0,0,-9999.0,0.53515625,1,P13_CV0,1,1,1,0,2
14,0.1433532874090464,0.9446689170495839,R14_F14_m14f9_P14_Y18_UO525,R14_F14_m14f9_P14_Y16_UO939,RD9_F14_m14f9_P14_Y16_UO701,FXX,1,0.0,0,0,0.0,0,0,0,-9999.0,0.5537109375,1,P13_CV0,1,2,0,2,0
14,0.1433532874090464,0.9446689170495839,R14_F14_m14f9_P14_Y18_UO526,R14_F14_m14f9_P14_Y16_UO1206,R9_F9_m9f14_P9_Y16_UO521,MXY,1,0.0,0,0,0.0,0,0,0,-9999.0,0.54443359375,1,P13_CV0,1,1,1,1,1
14,0.1433532874090464,0.9446689170495839,R14_F14_m14f9_P14_Y18_UO527,R14_F14_m14f9_P14_Y16_UO1206,R9_F9_m9f14_P9_Y16_UO521,FXX,1,0.0,0,0,0.0,0,0,0,-9999.0,0.54443359375,1,P13_CV0,1,1,1,1,1
14,0.1433532874090464,0.9446689170495839,R14_F14_m14f9_P14_Y18_UO558,RD14_F9_m14f9_P14_Y16_UO723,RD9_F14_m14f9_P14_Y16_UO931,FXX,1,0.0,0,0,0.0,0,0,0,-9999.0,0.5361328125,1,P13_CV0,1,2,0,2,0
14,0.1433532874090464,0.9446689170495839,R14_F14_m14f9_P14_Y18_UO709,R14_F14_m9f14_P9_Y16_UO424,RD9_F14_m14f9_P14_Y16_UO826,MXY,1,0.0,0,0,0.0,0,0,0,-9999.0,0.564453125,1,P13_CV0,1,2,0,1,1
14,0.1433532874090464,0.9446689170495839,R14_F14_m14f9_P14_Y18_UO749,R14_F14_m9f14_P9_Y16_UO424,R9_F9_m9f14_P9_Y14_UO80,MXY,1,0.0,0,0,0.0,0,0,0,-9999.0,0.55810546875,1,P13_CV0,1,1,1,0,2
14,0.1433532874090464,0.9446689170495839,R14_F14_m14f9_P14_Y18_UO915,RD14_F9_m14f9_P14_Y16_UO930,R9_F9_m14f9_P14_Y16_UO888,FXX,1,0.0,0,0,0.0,0,0,0,-9999.0,0.55126953125,1,P13_CV0,1,2,0,0,2
14,0.1433532874090464,0.9446689170495839,R14_F14_m14f9_P14_Y18_UO916,RD14_F9_m14f9_P14_Y16_UO930,R9_F9_m14f9_P14_Y16_UO888,MXY,1,0.0,0,0,0.0,0,0,0,-9999.0,0.55126953125,1,P13_CV0,1,2,0,0,2
14,0.1433532874090464,0.9446689170495839,R14_F14_m14f9_P14_Y18_UO924,R14_F14_m9f14_P9_Y16_UO1102,R9_F9_m14f9_P14_Y16_UO888,MXY,1,0.0,0,0,0.0,0,0,0,-9999.0,0.56591796875,1,P13_CV0,1,1,1,0,2
14,0.1433532874090464,0.9446689170495839,R14_F14_m14f9_P14_Y18_UO944,R14_F14_m9f14_P9_Y16_UO794,RD9_F14_m9f14_P9_Y14_UO691,MXY,1,0.0,0,0,0.0,0,0,0,-9999.0,0.55712890625,1,P13_CV0,1,2,0,1,1
14,0.1433532874090464,0.9446689170495839,R14_F14_m14f9_P14_Y18_UO1045,RD14_F9_m9f14_P9_Y16_UO1185,R9_F9_m14f9_P14_Y16_UO440,FXX,1,0.0,0,0,0.0,0,0,0,-9999.0,0.54248046875,1,P13_CV0,1,0,2,2,0
14,0.1433532874090464,0.9446689170495839,R14_F14_m14f9_P14_Y18_UO1098,R14_F14_m9f14_P9_Y16_UO202,R9_F9_m9f14_P9_Y16_UO521,MXY,1,0.0,0,0,0.0,0,0,0,-9999.0,0.5693359375,1,P13_CV0,1,1,1,1,1
14,0.1433532874090464,0.9446689170495839,RD14_F9_m14f9_P14_Y16_UO701,RD14_F9_m9f14_P9_Y14_UO1200,RD9_F14_m14f9_P14_Y14_UO293,MXY,3,0.0,1,0,0.0,0,0,0,-9999.0,0.5625,1,P13_CV0,1,2,0,2,0
14,0.1433532874090464,0.9446689170495839,RD14_F9_m14f9_P14_Y16_UO825,RD14_F9_m14f9_P14_Y14_UO556,RD9_F14_m9f14_P9_Y14_UO750,MXY,3,0.0,1,0,0.0,0,0,0,-9999.0,0.5439453125,1,P13_CV0,1,1,1,1,1
14,0.1433532874090464,0.9446689170495839,R14_F14_m9f14_P9_Y16_UO185,RD9_F14_m14f9_P14_Y14_UO885,R14_F14_m9f14_P9_Y14_UO903,MXY,3,0.0,1,0,0.0,0,0,0,-9999.0,0.5556640625,1,P13_CV0,1,1,1,1,1
14,0.1433532874090464,0.9446689170495839,R14_F14_m9f14_P9_Y16_UO1156,RD9_F14_m14f9_P14_Y14_UO697,RD14_F9_m9f14_P9_Y14_UO666,FXX,3,0.0,1,0,1.0,0,0,0,-9999.0,0.5517578125,1,P13_CV0,1,2,0,0,2
14,0.1433532874090464,0.9446689170495839,RD14_F9_m9f14_P9_Y18_UO24,RD9_F14_m9f14_P9_Y16_UO583,R14_F14_m9f14_P9_Y16_UO796,MXY,1,0.0,0,0,0.0,0,0,0,-9999.0,0.56201171875,1,P8_CV0,1,2,0,2,0
14,0.1433532874090464,0.9446689170495839,RD14_F9_m9f14_P9_Y18_UO59,RD9_F14_m9f14_P9_Y16_UO1135,RD14_F9_m14f9_P14_Y16_UO515,MXY,1,0.0,0,0,0.0,0,0,0,-9999.0,0.556640625,1,P8_CV0,1,2,0,1,1
14,0.1433532874090464,0.9446689170495839,RD14_F9_m9f14_P9_Y18_UO157,RD9_F14_m14f9_P14_Y16_UO744,R14_F14_m14f9_P14_Y16_UO887,MXY,1,0.0,0,0,0.0,0,0,0,-9999.0,0.56591796875,1,P8_CV0,1,2,0,1,1
14,0.1433532874090464,0.9446689170495839,RD14_F9_m9f14_P9_Y18_UO305,R9_F9_m14f9_P14_Y16_UO670,RD14_F9_m9f14_P9_Y16_UO394,MXY,1,0.0,0,0,0.0,0,0,0,-9999.0,0.556640625,1,P8_CV0,1,2,0,1,1
14,0.1433532874090464,0.9446689170495839,RD14_F9_m9f14_P9_Y18_UO354,R9_F9_m14f9_P14_Y16_UO929,RD14_F9_m14f9_P14_Y16_UO134,MXY,1,0.0,0,0,0.0,0,0,0,-9999.0,0.54248046875,1,P8_CV0,1,1,1,0,2
14,0.1433532874090464,0.9446689170495839,RD14_F9_m9f14_P9_Y18_UO480,R9_F9_m9f14_P9_Y16_UO718,RD14_F9_m9f14_P9_Y16_UO394,FXX,1,0.0,0,0,0.0,0,0,0,-9999.0,0.54833984375,1,P8_CV0,1,1,1,1,1
14,0.1433532874090464,0.9446689170495839,RD14_F9_m9f14_P9_Y18_UO654,RD9_F14_m14f9_P14_Y16_UO744,RD14_F9_m9f14_P9_Y14_UO21,MXY,1,0.0,0,0,0.0,0,0,0,-9999.0,0.5595703125,1,P8_CV0,1,2,0,1,1
14,0.1433532874090464,0.9446689170495839,RD14_F9_m9f14_P9_Y18_UO658,RD9_F14_m14f9_P14_Y16_UO744,RD14_F9_m9f14_P9_Y14_UO21,MXY,1,0.0,0,0,0.0,0,0,0,-9999.0,0.5595703125,1,P8_CV0,1,2,0,1,1
14,0.1433532874090464,0.9446689170495839,RD14_F9_m9f14_P9_Y18_UO868,RD9_F14_m9f14_P9_Y16_UO315,RD14_F9_m14f9_P14_Y16_UO51,MXY,1,0.0,0,0,0.0,0,0,0,-9999.0,0.568359375,1,P8_CV0,1,1,1,0,2
14,0.1433532874090464,0.9446689170495839,RD14_F9_m9f14_P9_Y18_UO918,RD9_F14_m14f9_P14_Y16_UO332,RD14_F9_m9f14_P9_Y14_UO21,MXY,1,0.0,0,0,0.0,0,0,0,-9999.0,0.54541015625,1,P8_CV0,1,0,2,0,2
14,0.1433532874090464,0.9446689170495839,RD14_F9_m9f14_P9_Y18_UO927,RD9_F14_m9f14_P9_Y16_UO1012,R14_F14_m9f14_P9_Y14_UO221,FXX,1,0.0,0,0,0.0,0,0,0,-9999.0,0.55029296875,1,P8_CV0,1,1,1,1,1
14,0.1433532874090464,0.9446689170495839,RD14_F9_m9f14_P9_Y18_UO928,RD9_F14_m9f14_P9_Y16_UO1012,R14_F14_m9f14_P9_Y14_UO221,MXY,1,0.0,0,0,0.0,0,0,0,-9999.0,0.55029296875,1,P8_CV0,1,2,0,1,1
14,0.1433532874090464,0.9446689170495839,RD14_F9_m9f14_P9_Y18_UO1042,RD9_F14_m9f14_P9_Y16_UO438,RD14_F9_m9f14_P9_Y16_UO145,FXX,1,0.0,0,0,0.0,0,0,0,-9999.0,0.5224609375,1,P8_CV0,1,1,1,2,0
14,0.1433532874090464,0.9446689170495839,RD14_F9_m9f14_P9_Y18_UO1162,RD9_F14_m9f14_P9_Y16_UO315,RD14_F9_m14f9_P14_Y16_UO132,FXX,1,0.0,0,0,0.0,0,0,0,-9999.0,0.56005859375,1,P8_CV0,1,1,1,0,2
14,0.1433532874090464,0.9446689170495839,R14_F14_m14f9_P14_Y18_UO185,R14_F14_m14f9_P14_Y16_UO288,RD9_F14_m9f14_P9_Y16_UO37,FXX,1,0.0,0,0,0.0,0,0,0,-9999.0,0.54638671875,1,P8_CV0,1,2,0,2,0
14,0.1433532874090464,0.9446689170495839,R14_F14_m14f9_P14_Y18_UO287,RD14_F9_m9f14_P9_Y16_UO186,RD9_F14_m14f9_P14_Y16_UO1209,FXX,1,0.0,0,0,0.0,0,0,0,-9999.0,0.552734375,1,P8_CV0,1,1,1,0,2
14,0.1433532874090464,0.9446689170495839,R14_F14_m14f9_P14_Y18_UO469,R14_F14_m9f14_P9_Y16_UO314,R9_F9_m9f14_P9_Y14_UO80,FXX,1,0.0,0,0,0.0,0,0,0,-9999.0,0.548828125,1,P8_CV0,1,1,1,1,1
14,0.1433532874090464,0.9446689170495839,R14_F14_m14f9_P14_Y18_UO470,R14_F14_m9f14_P9_Y16_UO314,R9_F9_m9f14_P9_Y14_UO80,FXX,1,0.0,0,0,0.0,0,0,0,-9999.0,0.548828125,1,P8_CV0,1,1,1,2,0
14,0.1433532874090464,0.9446689170495839,R14_F14_m14f9_P14_Y18_UO507,RD14_F9_m9f14_P9_Y16_UO297,RD9_F14_m14f9_P14_Y16_UO701,MXY,1,0.0,0,0,0.0,0,0,0,-9999.0,0.5634765625,1,P8_CV0,1,2,0,2,0
14,0.1433532874090464,0.9446689170495839,R14_F14_m14f9_P14_Y18_UO750,R14_F14_m9f14_P9_Y16_UO424,R9_F9_m9f14_P9_Y14_UO80,MXY,1,0.0,0,0,0.0,0,0,0,-9999.0,0.55810546875,1,P8_CV0,1,1,1,1,1
14,0.1433532874090464,0.9446689170495839,R14_F14_m14f9_P14_Y18_UO765,R14_F14_m9f14_P9_Y16_UO296,R9_F9_m14f9_P14_Y16_UO12,FXX,1,0.0,0,0,0.0,0,0,0,-9999.0,0.5537109375,1,P8_CV0,1,2,0,1,1
14,0.1433532874090464,0.9446689170495839,R14_F14_m14f9_P14_Y18_UO773,RD14_F9_m9f14_P9_Y16_UO1195,RD9_F14_m14f9_P14_Y16_UO443,MXY,1,0.0,0,0,0.0,0,0,0,-9999.0,0.5615234375,1,P8_CV0,1,2,0,2,0
14,0.1433532874090464,0.9446689170495839,R14_F14_m14f9_P14_Y18_UO889,RD14_F9_m14f9_P14_Y16_UO1153,RD9_F14_m9f14_P9_Y14_UO691,MXY,1,0.0,0,0,0.0,0,0,0,-9999.0,0.55029296875,1,P8_CV0,1,1,1,2,0
14,0.1433532874090464,0.9446689170495839,R14_F14_m14f9_P14_Y18_UO945,RD14_F9_m14f9_P14_Y16_UO1153,R9_F9_m9f14_P9_Y16_UO1086,MXY,1,0.0,0,0,0.0,0,0,0,-9999.0,0.55517578125,1,P8_CV0,1,1,1,0,2
14,0.1433532874090464,0.9446689170495839,R14_F14_m14f9_P14_Y18_UO946,RD14_F9_m14f9_P14_Y16_UO1153,R9_F9_m9f14_P9_Y16_UO1086,FXX,1,0.0,0,0,0.0,0,0,0,-9999.0,0.55517578125,1,P8_CV0,1,1,1,2,0
14,0.1433532874090464,0.9446689170495839,R14_F14_m14f9_P14_Y18_UO1063,R14_F14_m14f9_P14_Y16_UO289,RD9_F14_m9f14_P9_Y16_UO1037,FXX,1,0.0,0,0,0.0,0,0,0,-9999.0,0.56884765625,1,P8_CV0,1,1,1,2,0
14,0.1433532874090464,0.9446689170495839,R14_F14_m14f9_P14_Y18_UO1064,R14_F14_m14f9_P14_Y16_UO289,RD9_F14_m9f14_P9_Y16_UO1037,MXY,1,0.0,0,0,0.0,0,0,0,-9999.0,0.56884765625,1,P8_CV0,1,2,0,0,2
14,0.1433532874090464,0.9446689170495839,R14_F14_m14f9_P14_Y18_UO1133,R14_F14_m9f14_P9_Y16_UO424,RD9_F14_m14f9_P14_Y16_UO1151,MXY,1,0.0,0,0,0.0,0,0,0,-9999.0,0.5751953125,1,P8_CV0,1,2,0,0,2
14,0.1433532874090464,0.9446689170495839,R14_F14_m14f9_P14_Y18_UO1238,RD14_F9_m9f14_P9_Y16_UO297,R9_F9_m9f14_P9_Y16_UO1011,MXY,1,0.0,0,0,0.0,0,0,0,-9999.0,0.55322265625,1,P8_CV0,1,2,0,1,1
14,0.1433532874090464,0.9446689170495839,RD14_F9_m14f9_P14_Y16_UO497,R14_F14_m14f9_P14_Y14_UO102,R9_F9_m9f14_P9_Y14_UO858,FXX,3,0.0,1,0,1.0,0,0,0,-9999.0,0.5634765625,1,P8_CV0,1,1,1,1,1
14,0.1433532874090464,0.9446689170495839,RD14_F9_m9f14_P9_Y16_UO1012,R9_F9_m14f9_P14_Y14_UO621,RD14_F9_m9f14_P9_Y14_UO751,FXX,3,0.0,1,0,1.0,0,0,0,-9999.0,0.5419921875,1,P8_CV0,1,2,0,0,2
14,0.1433532874090464,0.9446689170495839,RD14_F9_m14f9_P14_Y16_UO670,R14_F14_m9f14_P9_Y14_UO269,R9_F9_m9f14_P9_Y14_UO629,FXX,3,0.0,1,0,1.0,0,0,0,-9999.0,0.5537109375,1,P8_CV0,1,2,0,2,0
14,0.1433532874090464,0.9446689170495839,R14_F14_m9f14_P9_Y16_UO1195,R9_F9_m9f14_P9_Y14_UO66,R14_F14_m9f14_P9_Y14_UO939,FXX,3,0.0,1,0,1.0,0,0,0,-9999.0,0.5625,1,P8_CV0,1,1,1,1,1
14,0.1433532874090464,0.9446689170495839,R14_F14_m14f9_P14_Y16_UO51,R14_F14_m9f14_P9_Y14_UO756,RD9_F14_m9f14_P9_Y14_UO1099,MXY,3,0.0,1,0,0.0,0,0,0,-9999.0,0.5703125,1,P8_CV0,1,0,2,0,2
14,0.1433532874090464,0.9446689170495839,R14_F14_m9f14_P9_Y16_UO296,R9_F9_m9f14_P9_Y14_UO446,RD14_F9_m14f9_P14_Y14_UO41,FXX,3,0.0,1,0,1.0,0,0,0,-9999.0,0.564453125,1,P8_CV0,1,2,0,1,1
14,0.1433532874090464,0.9446689170495839,RD14_F9_m9f14_P9_Y14_UO80,RD9_F14_m9f14_P9_Y12_UO304,R14_F14_m14f9_P14_Y12_UO481,MXY,5,0.0,1,0,0.0,0,0,0,-9999.0,0.53125,1,P8_CV0,1,0,2,1,1
14,0.1433532874090464,0.9446689170495839,RD14_F9_m14f9_P14_Y14_UO274,R14_F14_m14f9_P14_Y12_UO1,R9_F9_m9f14_P9_Y12_UO54,MXY,5,0.0,1,0,0.0,0,0,0,-9999.0,0.541015625,1,P8_CV0,1,0,2,0,2
15,0.5218483217500717,0.4146619399905236,RD15_F2_m2f15_P2_Y18_UO422,RD2_F6_m6f2_P6_Y16_UO959,R15_F15_m15f2_P15_Y16_UO551,MXY,1,0.0,0,0,0.0,0,0,0,-9999.0,0.42138671875,1,P0_CV0,1,1,1,0,2
15,0.5218483217500717,0.4146619399905236,R15_F15_m15f17_P15_Y18_UO727,R15_F15_m17f15_P17_Y16_UO71,R17_F17_m17f19_P17_Y16_UO1117,MXY,1,0.0,0,0,0.0,0,0,0,-9999.0,0.43115234375,1,P0_CV0,1,1,1,1,1
15,0.5218483217500717,0.4146619399905236,R15_F15_m15f17_P15_Y18_UO834,RD15_F17_m19f17_P19_Y16_UO302,R17_F17_m15f17_P15_Y16_UO153,MXY,1,0.0,0,0,0.0,0,0,0,-9999.0,0.44677734375,1,P0_CV0,1,2,0,1,1
15,0.5218483217500717,0.4146619399905236,R15_F15_m15f2_P15_Y18_UO1075,R15_F15_m17f2_P17_Y16_UO799,R2_F2_m15f17_P15_Y14_UO1014,FXX,1,0.0,0,0,0.0,0,0,0,-9999.0,0.43115234375,1,P0_CV0,1,1,1,2,0
15,0.5218483217500717,0.4146619399905236,RD15_F17_m17f2_P17_Y18_UO759,R17_F17_m17f3_P17_Y16_UO1001,R2_F2_m2f19_P2_Y16_UO909,MXY,1,0.0,0,0,0.0,0,0,0,-9999.0,0.45068359375,1,P0_CV0,1,0,2,1,1
15,0.5218483217500717,0.4146619399905236,RD15_F17_m17f2_P17_Y18_UO785,RD17_F19_m2f1_P2_Y16_UO985,RD2_F6_m6f2_P6_Y16_UO963,FXX,1,0.0,0,0,0.0,0,0,0,-9999.0,0.42626953125,1,P0_CV0,1,0,2,1,1
15,0.5218483217500717,0.4146619399905236,R15_F15_m17f3_P17_Y17_UO283,RD17_F2_m2f19_P2_Y15_UO101,RD3_F19_m19f17_P19_Y15_UO125,FXX,2,0.0,1,0,1.0,0,0,0,-9999.0,0.427734375,1,P0_CV0,1,2,0,1,1
15,0.5218483217500717,0.4146619399905236,RD15_F2_m2f19_P2_Y18_UO842,RD2_F19_m3f1_P3_Y16_UO334,RD19_F1_m17f3_P17_Y16_UO999,MXY,1,0.0,0,0,0.0,0,0,0,-9999.0,0.43798828125,1,P12_CV0,1,1,1,2,0
15,0.5218483217500717,0.4146619399905236,RD15_F2_m2f19_P2_Y18_UO844,RD2_F19_m3f1_P3_Y16_UO334,RD19_F1_m17f3_P17_Y16_UO999,MXY,1,0.0,0,0,0.0,0,0,0,-9999.0,0.43798828125,1,P12_CV0,1,2,0,1,1
15,0.5218483217500717,0.4146619399905236,RD15_F2_m2f1_P2_Y18_UO1102,RD2_F19_m19f17_P19_Y16_UO219,RD1_F12_m16f13_P16_Y16_UO879,MXY,1,0.0,0,0,0.0,0,0,0,-9999.0,0.50048828125,1,P12_CV0,1,1,1,1,1
15,0.5218483217500717,0.4146619399905236,R15_F15_m15f17_P15_Y18_UO260,R15_F15_m17f3_P17_Y16_UO482,R17_F17_m19f1_P19_Y16_UO644,MXY,1,0.0,0,0,0.0,0,0,0,-9999.0,0.43408203125,1,P12_CV0,1,0,2,1,1
15,0.5218483217500717,0.4146619399905236,R15_F15_m15f2_P15_Y18_UO873,RD15_F17_m17f1_P17_Y16_UO596,RD2_F15_m15f17_P15_Y16_UO630,FXX,1,0.0,0,0,0.0,0,0,0,-9999.0,0.44921875,1,P12_CV0,1,0,2,2,0
15,0.5218483217500717,0.4146619399905236,RD15_F17_m17f19_P17_Y18_UO1243,R17_F17_m19f1_P19_Y16_UO643,R19_F19_m19f3_P19_Y14_UO120,MXY,1,0.0,0,0,0.0,0,0,0,-9999.0,0.43359375,1,P12_CV0,1,0,2,1,1
15,0.5218483217500717,0.4146619399905236,RD15_F17_m17f19_P17_Y18_UO1246,R17_F17_m19f1_P19_Y16_UO643,R19_F19_m19f3_P19_Y14_UO120,FXX,1,0.0,0,0,0.0,0,0,0,-9999.0,0.43359375,1,P12_CV0,1,1,1,0,2
15,0.5218483217500717,0.4146619399905236,R15_F15_m15f17_P15_Y18_UO550,RD15_F2_m1f2_P1_Y16_UO1064,R17_F17_m17f19_P17_Y16_UO465,MXY,1,0.0,0,0,0.0,0,0,0,-9999.0,0.4482421875,1,P14_CV0,1,0,2,0,2
15,0.5218483217500717,0.4146619399905236,RD15_F17_m17f3_P17_Y18_UO468,RD17_F1_m1f17_P1_Y16_UO828,RD3_F1_m3f1_P3_Y16_UO347,FXX,1,0.0,0,0,0.0,0,0,0,-9999.0,0.44384765625,1,P14_CV0,1,0,2,1,1
15,0.5218483217500717,0.4146619399905236,R15_F15_m15f17_P15_Y17_UO450,R15_F15_m15f17_P15_Y15_UO320,R17_F17_m15f2_P15_Y14_UO135,MXY,2,0.0,1,0,0.0,0,0,0,-9999.0,0.439453125,1,P14_CV0,1,0,2,1,1
15,0.5218483217500717,0.4146619399905236,RD15_F2_m2f17_P2_Y18_UO302,R2_F2_m15f17_P15_Y16_UO1019,RD17_F15_m2f19_P2_Y16_UO910,MXY,1,0.0,0,0,0.0,0,0,0,-9999.0,0.44775390625,1,P16_CV0,1,1,1,0,2
15,0.5218483217500717,0.4146619399905236,R15_F15_m15f2_P15_Y18_UO487,RD15_F17_m19f17_P19_Y16_UO302,RD2_F17_m19f1_P19_Y16_UO150,MXY,1,0.0,0,0,0.0,0,0,0,-9999.0,0.42626953125,1,P18_CV0,1,1,1,2,0
15,0.5218483217500717,0.4146619399905236,R15_F15_m15f17_P15_Y18_UO729,R15_F15_m17f15_P17_Y16_UO71,R17_F17_m17f19_P17_Y16_UO1117,MXY,1,0.0,0,0,0.0,0,0,0,-9999.0,0.43115234375,1,P18_CV0,1,2,0,0,2
15,0.5218483217500717,0.4146619399905236,R15_F15_m15f17_P15_Y18_UO919,R15_F15_m17f15_P17_Y16_UO71,RD17_F15_m2f19_P2_Y16_UO910,MXY,1,0.0,0,0,0.0,0,0,0,-9999.0,0.44873046875,1,P18_CV0,1,1,1,1,1
15,0.5218483217500717,0.4146619399905236,RD15_F17_m17f1_P17_Y18_UO241,R17_F17_m19f17_P19_Y16_UO32,RD1_F12_m16f13_P16_Y16_UO879,MXY,1,0.0,0,0,0.0,0,0,0,-9999.0,0.48388671875,1,P18_CV0,1,1,1,1,1
15,0.5218483217500717,0.4146619399905236,RD15_F2_m2f1_P2_Y18_UO12,RD2_F1_m1f3_P1_Y16_UO1059,R1_F1_m1f3_P1_Y16_UO1055,MXY,1,0.0,0,0,0.0,0,0,0,-9999.0,0.443359375,1,P1_CV0,1,0,2,2,0
15,0.5218483217500717,0.4146619399905236,RD15_F2_m2f1_P2_Y18_UO683,RD2_F6_m2f15_P2_Y16_UO123,R1_F1_m1f2_P1_Y15_UO429,FXX,1,0.0,0,0,0.0,0,0,0,-9999.0,0.44775390625,1,P1_CV0,1,0,2,1,1
15,0.5218483217500717,0.4146619399905236,R15_F15_m15f2_P15_Y18_UO145,R15_F15_m15f17_P15_Y16_UO715,RD2_F1_m2f1_P2_Y16_UO979,FXX,1,0.0,0,0,0.0,0,0,0,-9999.0,0.43115234375,1,P1_CV0,1,1,1,1,1
15,0.5218483217500717,0.4146619399905236,R15_F15_m15f2_P15_Y18_UO146,R15_F15_m15f17_P15_Y16_UO715,RD2_F1_m2f1_P2_Y16_UO979,MXY,1,0.0,0,0,0.0,0,0,0,-9999.0,0.43115234375,1,P1_CV0,1,0,2,1,1
15,0.5218483217500717,0.4146619399905236,R15_F15_m15f17_P15_Y18_UO762,RD15_F2_m2f17_P2_Y16_UO771,R17_F17_m2f6_P2_Y16_UO853,FXX,1,0.0,0,0,0.0,0,0,0,-9999.0,0.431640625,1,P1_CV0,1,1,1,2,0
15,0.5218483217500717,0.4146619399905236,R15_F15_m15f2_P15_Y18_UO860,R15_F15_m15f17_P15_Y16_UO862,RD2_F19_m19f1_P19_Y16_UO26,MXY,1,0.0,0,0,0.0,0,0,0,-9999.0,0.44580078125,1,P1_CV0,1,2,0,0,2
15,0.5218483217500717,0.4146619399905236,R15_F15_m15f2_P15_Y18_UO862,R15_F15_m15f17_P15_Y16_UO862,RD2_F19_m19f1_P19_Y16_UO26,FXX,1,0.0,0,0,0.0,0,0,0,-9999.0,0.44580078125,1,P1_CV0,1,0,2,1,1
15,0.5218483217500717,0.4146619399905236,R15_F15_m15f2_P15_Y18_UO863,R15_F15_m15f17_P15_Y16_UO862,RD2_F19_m19f1_P19_Y16_UO26,MXY,1,0.0,0,0,0.0,0,0,0,-9999.0,0.44580078125,1,P1_CV0,1,1,1,1,1
15,0.5218483217500717,0.4146619399905236,RD15_F17_m17f19_P17_Y18_UO168,R17_F17_m17f1_P17_Y16_UO138,RD19_F2_m6f2_P6_Y15_UO636,MXY,1,0.0,0,0,0.0,0,0,0,-9999.0,0.45849609375,1,P1_CV0,1,0,2,0,2
15,0.5218483217500717,0.4146619399905236,RD15_F17_m17f19_P17_Y18_UO169,R17_F17_m17f1_P17_Y16_UO138,RD19_F2_m6f2_P6_Y15_UO636,FXX,1,0.0,0,0,0.0,0,0,0,-9999.0,0.45849609375,1,P1_CV0,1,1,1,1,1
15,0.5218483217500717,0.4146619399905236,RD15_F17_m17f3_P17_Y18_UO629,R17_F17_m15f17_P15_Y16_UO804,RD3_F19_m2f1_P2_Y16_UO987,FXX,1,0.0,0,0,0.0,0,0,0,-9999.0,0.43505859375,1,P1_CV0,1,0,2,0,2
15,0.5218483217500717,0.4146619399905236,RD15_F17_m17f2_P17_Y18_UO653,R17_F17_m3f19_P3_Y16_UO872,RD2_F17_m19f1_P19_Y16_UO150,FXX,1,0.0,0,0,0.0,0,0,0,-9999.0,0.42626953125,1,P1_CV0,1,0,2,0,2
15,0.5218483217500717,0.4146619399905236,RD15_F17_m17f1_P17_Y18_UO942,RD17_F19_m19f3_P19_Y16_UO989,R1_F1_m1f3_P1_Y16_UO1055,FXX,1,0.0,0,0,0.0,0,0,0,-9999.0,0.453125,1,P1_CV0,1,1,1,1,1
15,0.5218483217500717,0.4146619399905236,R15_F15_m17f15_P17_Y16_UO684,RD17_F15_m15f2_P15_Y14_UO429,R15_F15_m17f19_P17_Y12_UO378,FXX,3,0.0,1,0,1.0,0,0,0,-9999.0,0.4248046875,1,P1_CV0,1,0,2,0,2
15,0.5218483217500717,0.4146619399905236,R15_F15_m15f17_P15_Y18_UO412,R15_F15_m15f2_P15_Y16_UO359,RD17_F19_m19f3_P19_Y16_UO324,MXY,1,0.0,0,0,0.0,0,0,0,-9999.0,0.44140625,1,P2_CV0,1,1,1,2,0
15,0.5218483217500717,0.4146619399905236,R15_F15_m15f2_P15_Y18_UO792,R15_F15_m15f2_P15_Y16_UO359,R2_F2_m17f1_P17_Y16_UO139,FXX,1,0.0,0,0,0.0,0,0,0,-9999.0,0.45703125,1,P2_CV0,1,1,1,1,1
15,0.5218483217500717,0.4146619399905236,R15_F15_m15f17_P15_Y18_UO855,RD15_F2_m2f17_P2_Y16_UO771,R17_F17_m17f19_P17_Y16_UO1159,FXX,1,0.0,0,0,0.0,0,0,0,-9999.0,0.453125,1,P2_CV0,1,0,2,2,0
15,0.5218483217500717,0.4146619399905236,R15_F15_m15f2_P15_Y18_UO899,R15_F15_m17f15_P17_Y16_UO932,RD2_F15_m17f15_P17_Y16_UO69,FXX,1,0.0,0,0,0.0,0,0,0,-9999.0,0.4482421875,1,P2_CV0,1,1,1,0,2
15,0.5218483217500717,0.4146619399905236,R15_F15_m15f2_P15_Y18_UO1066,RD15_F17_m15f2_P15_Y16_UO824,RD2_F19_m19f1_P19_Y16_UO26,MXY,1,0.0,0,0,0.0,0,0,0,-9999.0,0.4541015625,1,P2_CV0,1,0,2,1,1
15,0.5218483217500717,0.4146619399905236,R15_F15_m15f2_P15_Y18_UO1068,RD15_F17_m15f2_P15_Y16_UO824,RD2_F19_m19f1_P19_Y16_UO26,FXX,1,0.0,0,0,0.0,0,0,0,-9999.0,0.4541015625,1,P2_CV0,1,0,2,0,2
15,0.5218483217500717,0.4146619399905236,RD15_F17_m17f15_P17_Y18_UO135,RD17_F15_m17f19_P17_Y16_UO1094,R15_F15_m15f2_P15_Y16_UO800,MXY,1,0.0,0,0,0.0,0,0,0,-9999.0,0.43359375,1,P2_CV0,1,1,1,0,2
15,0.5218483217500717,0.4146619399905236,RD15_F17_m17f15_P17_Y18_UO871,R17_F17_m19f3_P19_Y16_UO601,R15_F15_m15f17_P15_Y16_UO385,MXY,1,0.0,0,0,0.0,0,0,0,-9999.0,0.45068359375,1,P2_CV0,1,1,1,1,1
15,0.5218483217500717,0.4146619399905236,RD15_F17_m17f1_P17_Y18_UO1080,R17_F17_m19f3_P19_Y16_UO601,R1_F1_m1f3_P1_Y16_UO1057,FXX,1,0.0,0,0,0.0,0,0,0,-9999.0,0.4423828125,1,P2_CV0,1,0,2,1,1
15,0.5218483217500717,0.4146619399905236,RD15_F17_m19f3_P19_Y16_UO989,RD19_F17_m17f19_P17_Y14_UO240,R3_F3_m3f19_P3_Y14_UO871,FXX,3,0.0,1,0,1.0,0,0,0,-9999.0,0.462890625,1,P2_CV0,1,1,1,1,1
15,0.5218483217500717,0.4146619399905236,RD15_F17_m1f17_P1_Y14_UO83,RD1_F3_m1f2_P1_Y12_UO593,RD17_F2_m17f19_P17_Y12_UO279,FXX,5,0.0,1,0,1.0,0,0,0,-9999.0,0.439453125,1,P2_CV0,1,1,1,0,2
15,0.5218483217500717,0.4146619399905236,R15_F15_m15f2_P15_Y18_UO251,R15_F15_m17f15_P17_Y16_UO684,RD2_F6_m6f2_P6_Y16_UO641,MXY,1,0.0,0,0,0.0,0,0,0,-9999.0,0.44482421875,1,P3_CV0,1,0,2,1,1
15,0.5218483217500717,0.4146619399905236,R15_F15_m15f17_P15_Y18_UO551,RD15_F2_m1f2_P1_Y16_UO1064,R17_F17_m17f19_P17_Y16_UO465,FXX,1,0.0,0,0,0.0,0,0,0,-9999.0,0.4482421875,1,P3_CV0,1,0,2,0,2
15,0.5218483217500717,0.4146619399905236,RD15_F17_m17f19_P17_Y18_UO554,RD17_F15_m2f15_P2_Y16_UO119,RD19_F1_m1f17_P1_Y16_UO1109,FXX,1,0.0,0,0,0.0,0,0,0,-9999.0,0.43212890625,1,P3_CV0,1,1,1,1,1
15,0.5218483217500717,0.4146619399905236,RD15_F17_m17f19_P17_Y18_UO1248,RD17_F1_m1f17_P1_Y16_UO828,RD19_F1_m1f17_P1_Y16_UO1109,FXX,1,0.0,0,0,0.0,0,0,0,-9999.0,0.43310546875,1,P3_CV0,1,1,1,1,1
15,0.5218483217500717,0.4146619399905236,R15_F15_m15f17_P15_Y18_UO374,R15_F15_m15f2_P15_Y16_UO735,R17_F17_m17f19_P17_Y16_UO1159,MXY,1,0.0,0,0,0.0,0,0,0,-9999.0,0.44970703125,1,P5_CV0,1,1,1,2,0
15,0.5218483217500717,0.4146619399905236,R15_F15_m15f2_P15_Y18_UO791,R15_F15_m15f2_P15_Y16_UO359,R2_F2_m17f1_P17_Y16_UO139,MXY,1,0.0,0,0,0.0,0,0,0,-9999.0,0.45703125,1,P5_CV0,1,0,2,1,1
15,0.5218483217500717,0.4146619399905236,R15_F15_m15f2_P15_Y18_UO793,R15_F15_m15f2_P15_Y16_UO359,R2_F2_m17f1_P17_Y16_UO139,MXY,1,0.0,0,0,0.0,0,0,0,-9999.0,0.45703125,1,P5_CV0,1,1,1,1,1
15,0.5218483217500717,0.4146619399905236,R15_F15_m15f17_P15_Y18_UO854,RD15_F2_m2f17_P2_Y16_UO771,R17_F17_m17f19_P17_Y16_UO1159,MXY,1,0.0,0,0,0.0,0,0,0,-9999.0,0.453125,1,P5_CV0,1,0,2,2,0
15,0.5218483217500717,0.4146619399905236,R15_F15_m15f17_P15_Y18_UO857,RD15_F2_m2f17_P2_Y16_UO771,R17_F17_m17f19_P17_Y16_UO1159,FXX,1,0.0,0,0,0.0,0,0,0,-9999.0,0.453125,1,P5_CV0,1,1,1,2,0
15,0.5218483217500717,0.4146619399905236,RD15_F17_m17f3_P17_Y17_UO286,RD17_F2_m2f19_P2_Y15_UO101,RD3_F19_m19f17_P19_Y15_UO125,MXY,2,0.0,1,0,0.0,0,0,0,-9999.0,0.427734375,1,P5_CV0,1,2,0,2,0
15,0.5218483217500717,0.4146619399905236,R15_F15_m2f6_P2_Y17_UO368,RD2_F6_m6f2_P6_Y15_UO637,R6_F6_m6f2_P6_Y15_UO621,FXX,2,0.0,1,0,1.0,0,0,0,-9999.0,0.455078125,1,P6_CV0,1,1,1,0,2
16,0.26455561210462697,0.7742336894342167,RD16_F12_m12f1_P12_Y18_UO986,RD12_F4_m7f4_P7_Y16_UO1184,R1_F1_m1f12_P1_Y16_UO594,FXX,1,0.0,0,0,0.0,0,0,0,-9999.0,0.466796875,1,P0_CV0,1,0,2,1,1
16,0.26455561210462697,0.7742336894342167,R16_F16_m16f13_P16_Y18_UO93,R16_F16_m13f16_P13_Y16_UO448,R13_F13_m16f12_P16_Y16_UO54,FXX,1,0.0,0,0,0.0,0,0,0,-9999.0,0.5107421875,1,P0_CV0,1,0,2,1,1
16,0.26455561210462697,0.7742336894342167,R16_F16_m16f12_P16_Y18_UO209,R16_F16_m16f13_P16_Y16_UO876,R12_F12_m3f19_P3_Y16_UO109,MXY,1,0.0,0,0,0.0,0,0,0,-9999.0,0.49267578125,1,P0_CV0,1,1,1,2,0
16,0.26455561210462697,0.7742336894342167,R16_F16_m16f12_P16_Y18_UO210,R16_F16_m16f13_P16_Y16_UO876,R12_F12_m3f19_P3_Y16_UO109,FXX,1,0.0,0,0,0.0,0,0,0,-9999.0,0.49267578125,1,P0_CV0,1,1,1,2,0
16,0.26455561210462697,0.7742336894342167,R16_F16_m16f12_P16_Y18_UO226,RD16_F13_m13f16_P13_Y16_UO452,RD12_F16_m13f18_P13_Y16_UO789,FXX,1,0.0,0,0,0.0,0,0,0,-9999.0,0.5107421875,1,P0_CV0,1,0,2,0,2
16,0.26455561210462697,0.7742336894342167,R16_F16_m16f12_P16_Y18_UO757,R16_F16_m13f16_P13_Y16_UO448,RD12_F4_m4f12_P4_Y16_UO201,FXX,1,0.0,0,0,0.0,0,0,0,-9999.0,0.48779296875,1,P0_CV0,1,0,2,1,1
16,0.26455561210462697,0.7742336894342167,RD16_F12_m12f1_P12_Y18_UO319,RD12_F4_m7f12_P7_Y16_UO432,RD1_F19_m19f3_P19_Y16_UO809,MXY,1,0.0,0,0,0.0,0,0,0,-9999.0,0.455078125,1,P12_CV0,1,0,2,2,0
16,0.26455561210462697,0.7742336894342167,RD16_F12_m12f7_P12_Y18_UO1060,RD12_F1_m17f1_P17_Y16_UO595,R7_F7_m7f4_P7_Y16_UO129,MXY,1,0.0,0,0,0.0,0,0,0,-9999.0,0.4462890625,1,P12_CV0,1,0,2,2,0
16,0.26455561210462697,0.7742336894342167,RD16_F13_m13f18_P13_Y18_UO416,R13_F13_m13f16_P13_Y16_UO190,R18_F18_m18f13_P18_Y16_UO570,FXX,1,0.0,0,0,0.0,0,0,0,-9999.0,0.498046875,1,P12_CV0,1,2,0,2,0
16,0.26455561210462697,0.7742336894342167,RD16_F13_m13f18_P13_Y18_UO877,R13_F13_m16f13_P16_Y16_UO873,R18_F18_m13f18_P13_Y16_UO880,MXY,1,0.0,0,0,0.0,0,0,0,-9999.0,0.51513671875,1,P12_CV0,1,2,0,1,1
16,0.26455561210462697,0.7742336894342167,RD16_F13_m13f18_P13_Y18_UO878,R13_F13_m16f13_P16_Y16_UO873,R18_F18_m13f18_P13_Y16_UO880,FXX,1,0.0,0,0,0.0,0,0,0,-9999.0,0.51513671875,1,P12_CV0,1,2,0,1,1
16,0.26455561210462697,0.7742336894342167,R16_F16_m16f12_P16_Y18_UO211,R16_F16_m16f13_P16_Y16_UO876,R12_F12_m3f19_P3_Y16_UO109,FXX,1,0.0,0,0,0.0,0,0,0,-9999.0,0.49267578125,1,P12_CV0,1,2,0,2,0
16,0.26455561210462697,0.7742336894342167,R16_F16_m16f12_P16_Y18_UO212,R16_F16_m16f13_P16_Y16_UO876,R12_F12_m3f19_P3_Y16_UO109,MXY,1,0.0,0,0,0.0,0,0,0,-9999.0,0.49267578125,1,P12_CV0,1,1,1,2,0
16,0.26455561210462697,0.7742336894342167,R16_F16_m16f12_P16_Y18_UO342,RD16_F13_m13f16_P13_Y16_UO452,R12_F12_m4f7_P4_Y16_UO806,FXX,1,0.0,0,0,0.0,0,0,0,-9999.0,0.478515625,1,P12_CV0,1,1,1,1,1
16,0.26455561210462697,0.7742336894342167,R16_F16_m16f13_P16_Y18_UO718,RD16_F12_m12f16_P12_Y16_UO485,RD13_F18_m18f13_P18_Y16_UO17,FXX,1,0.0,0,0,0.0,0,0,0,-9999.0,0.50830078125,1,P12_CV0,1,1,1,1,1
16,0.26455561210462697,0.7742336894342167,R16_F16_m16f13_P16_Y18_UO719,RD16_F12_m12f16_P12_Y16_UO485,RD13_F18_m18f13_P18_Y16_UO17,FXX,1,0.0,0,0,0.0,0,0,0,-9999.0,0.50830078125,1,P12_CV0,1,1,1,2,0
16,0.26455561210462697,0.7742336894342167,R16_F16_m16f13_P16_Y18_UO882,RD16_F13_m13f16_P13_Y16_UO187,RD13_F18_m18f13_P18_Y16_UO17,FXX,1,0.0,0,0,0.0,0,0,0,-9999.0,0.529296875,1,P12_CV0,1,1,1,1,1
16,0.26455561210462697,0.7742336894342167,R16_F16_m16f13_P16_Y18_UO1099,R16_F16_m13f16_P13_Y16_UO448,RD13_F18_m18f13_P18_Y16_UO17,MXY,1,0.0,0,0,0.0,0,0,0,-9999.0,0.515625,1,P12_CV0,1,0,2,0,2
16,0.26455561210462697,0.7742336894342167,R16_F16_m12f3_P12_Y16_UO249,RD12_F1_m19f1_P19_Y14_UO926,RD3_F1_m1f17_P1_Y14_UO280,MXY,3,0.0,1,0,0.0,0,0,0,-9999.0,0.46484375,1,P12_CV0,1,1,1,2,0
16,0.26455561210462697,0.7742336894342167,RD16_F13_m13f18_P13_Y18_UO879,R13_F13_m16f13_P16_Y16_UO873,R18_F18_m13f18_P13_Y16_UO880,MXY,1,0.0,0,0,0.0,0,0,0,-9999.0,0.51513671875,1,P15_CV0,1,1,1,1,1
16,0.26455561210462697,0.7742336894342167,R16_F16_m16f12_P16_Y18_UO337,R16_F16_m16f13_P16_Y16_UO166,RD12_F4_m4f7_P4_Y16_UO500,FXX,1,0.0,0,0,0.0,0,0,0,-9999.0,0.48974609375,1,P15_CV0,1,0,2,1,1
16,0.26455561210462697,0.7742336894342167,R16_F16_m16f12_P16_Y18_UO339,R16_F16_m16f13_P16_Y16_UO166,RD12_F4_m4f7_P4_Y16_UO500,FXX,1,0.0,0,0,0.0,0,0,0,-9999.0,0.48974609375,1,P15_CV0,1,0,2,1,1
16,0.26455561210462697,0.7742336894342167,R16_F16_m16f12_P16_Y18_UO340,R16_F16_m16f13_P16_Y16_UO166,RD12_F4_m4f7_P4_Y16_UO500,MXY,1,0.0,0,0,0.0,0,0,0,-9999.0,0.48974609375,1,P15_CV0,1,0,2,1,1
16,0.26455561210462697,0.7742336894342167,R16_F16_m16f13_P16_Y18_UO1010,R16_F16_m16f13_P16_Y16_UO166,R13_F13_m13f16_P13_Y16_UO1010,FXX,1,0.0,0,0,0.0,0,0,0,-9999.0,0.50341796875,1,P15_CV0,1,1,1,2,0
16,0.26455561210462697,0.7742336894342167,R16_F16_m16f13_P16_Y18_UO1011,R16_F16_m16f13_P16_Y16_UO166,R13_F13_m13f16_P13_Y16_UO1010,MXY,1,0.0,0,0,0.0,0,0,0,-9999.0,0.50341796875,1,P15_CV0,1,1,1,2,0
16,0.26455561210462697,0.7742336894342167,R16_F16_m16f13_P16_Y18_UO1014,R16_F16_m16f13_P16_Y16_UO166,R13_F13_m13f16_P13_Y16_UO1010,FXX,1,0.0,0,0,0.0,0,0,0,-9999.0,0.50341796875,1,P15_CV0,1,2,0,2,0
16,0.26455561210462697,0.7742336894342167,RD16_F12_m12f3_P12_Y18_UO105,RD12_F7_m12f16_P12_Y16_UO484,RD3_F1_m1f2_P1_Y15_UO418,MXY,1,0.0,0,0,0.0,0,0,0,-9999.0,0.46484375,1,P16_CV0,1,1,1,2,0
16,0.26455561210462697,0.7742336894342167,RD16_F12_m12f3_P12_Y18_UO106,RD12_F7_m12f16_P12_Y16_UO484,RD3_F1_m1f2_P1_Y15_UO418,FXX,1,0.0,0,0,0.0,0,0,0,-9999.0,0.46484375,1,P16_CV0,1,1,1,2,0
16,0.26455561210462697,0.7742336894342167,R16_F16_m16f13_P16_Y18_UO721,RD16_F12_m12f16_P12_Y16_UO485,RD13_F18_m18f13_P18_Y16_UO17,MXY,1,0.0,0,0,0.0,0,0,0,-9999.0,0.50830078125,1,P16_CV0,1,2,0,2,0
16,0.26455561210462697,0.7742336894342167,RD16_F12_m12f4_P12_Y18_UO62,R12_F12_m12f3_P12_Y16_UO66,RD4_F7_m4f7_P4_Y16_UO499,MXY,1,0.0,0,0,0.0,0,0,0,-9999.0,0.47265625,1,P17_CV0,1,0,2,1,1
16,0.26455561210462697,0.7742336894342167,RD16_F13_m13f18_P13_Y18_UO358,RD13_F16_m16f13_P16_Y16_UO669,RD18_F13_m18f13_P18_Y16_UO1177,MXY,1,0.0,0,0,0.0,0,0,0,-9999.0,0.47607421875,1,P17_CV0,1,1,1,2,0
16,0.26455561210462697,0.7742336894342167,RD16_F13_m13f18_P13_Y18_UO420,R13_F13_m13f16_P13_Y16_UO190,R18_F18_m18f13_P18_Y16_UO570,MXY,1,0.0,0,0,0.0,0,0,0,-9999.0,0.498046875,1,P17_CV0,1,2,0,1,1
16,0.26455561210462697,0.7742336894342167,RD16_F13_m13f18_P13_Y18_UO501,RD13_F16_m16f13_P16_Y16_UO669,R18_F18_m18f13_P18_Y16_UO343,FXX,1,0.0,0,0,0.0,0,0,0,-9999.0,0.49951171875,1,P17_CV0,1,1,1,2,0
16,0.26455561210462697,0.7742336894342167,R16_F16_m16f13_P16_Y18_UO1139,R16_F16_m16f13_P16_Y16_UO1039,R13_F13_m13f16_P13_Y16_UO949,FXX,1,0.0,0,0,0.0,0,0,0,-9999.0,0.4921875,1,P17_CV0,1,2,0,1,1
16,0.26455561210462697,0.7742336894342167,R16_F16_m16f13_P16_Y18_UO1140,R16_F16_m16f13_P16_Y16_UO1039,R13_F13_m13f16_P13_Y16_UO949,FXX,1,0.0,0,0,0.0,0,0,0,-9999.0,0.4921875,1,P17_CV0,1,1,1,0,2
16,0.26455561210462697,0.7742336894342167,R16_F16_m16f13_P16_Y18_UO1141,R16_F16_m16f13_P16_Y16_UO1039,R13_F13_m13f16_P13_Y16_UO949,FXX,1,0.0,0,0,0.0,0,0,0,-9999.0,0.4921875,1,P17_CV0,1,2,0,1,1
16,0.26455561210462697,0.7742336894342167,RD16_F13_m13f16_P13_Y18_UO588,R13_F13_m18f13_P18_Y16_UO300,R16_F16_m16f13_P16_Y16_UO877,FXX,1,0.0,0,0,0.0,0,0,0,-9999.0,0.52099609375,1,P18_CV0,1,1,1,1,1
16,0.26455561210462697,0.7742336894342167,RD16_F13_m13f16_P13_Y18_UO591,R13_F13_m18f13_P18_Y16_UO300,R16_F16_m16f13_P16_Y16_UO877,FXX,1,0.0,0,0,0.0,0,0,0,-9999.0,0.52099609375,1,P18_CV0,1,0,2,1,1
16,0.26455561210462697,0.7742336894342167,R16_F16_m16f12_P16_Y18_UO292,R16_F16_m12f7_P12_Y16_UO1080,RD12_F3_m3f12_P3_Y16_UO408,MXY,1,0.0,0,0,0.0,0,0,0,-9999.0,0.45166015625,1,P18_CV0,1,1,1,2,0
16,0.26455561210462697,0.7742336894342167,R16_F16_m16f12_P16_Y18_UO296,R16_F16_m12f7_P12_Y16_UO1080,RD12_F3_m3f12_P3_Y16_UO408,FXX,1,0.0,0,0,0.0,0,0,0,-9999.0,0.45166015625,1,P18_CV0,1,1,1,1,1
16,0.26455561210462697,0.7742336894342167,R16_F16_m16f12_P16_Y18_UO297,R16_F16_m12f7_P12_Y16_UO1080,RD12_F3_m3f12_P3_Y16_UO408,FXX,1,0.0,0,0,0.0,0,0,0,-9999.0,0.45166015625,1,P18_CV0,1,1,1,1,1
16,0.26455561210462697,0.7742336894342167,R16_F16_m16f12_P16_Y18_UO299,R16_F16_m12f7_P12_Y16_UO1080,RD12_F3_m3f12_P3_Y16_UO408,FXX,1,0.0,0,0,0.0,0,0,0,-9999.0,0.45166015625,1,P18_CV0,1,1,1,2,0
16,0.26455561210462697,0.7742336894342167,R16_F16_m16f13_P16_Y18_UO883,RD16_F13_m13f16_P13_Y16_UO187,RD13_F18_m18f13_P18_Y16_UO17,FXX,1,0.0,0,0,0.0,0,0,0,-9999.0,0.529296875,1,P18_CV0,1,1,1,1,1
16,0.26455561210462697,0.7742336894342167,R16_F16_m16f12_P16_Y18_UO948,R16_F16_m12f7_P12_Y16_UO1080,R12_F12_m4f12_P4_Y16_UO1204,MXY,1,0.0,0,0,0.0,0,0,0,-9999.0,0.46484375,1,P18_CV0,1,2,0,2,0
16,0.26455561210462697,0.7742336894342167,R16_F16_m16f12_P16_Y18_UO1037,RD16_F13_m13f16_P13_Y16_UO187,RD12_F16_m13f18_P13_Y16_UO789,MXY,1,0.0,0,0,0.0,0,0,0,-9999.0,0.5244140625,1,P18_CV0,1,1,1,2,0
16,0.26455561210462697,0.7742336894342167,R16_F16_m16f12_P16_Y18_UO1038,RD16_F13_m13f16_P13_Y16_UO187,RD12_F16_m13f18_P13_Y16_UO789,FXX,1,0.0,0,0,0.0,0,0,0,-9999.0,0.5244140625,1,P18_CV0,1,1,1,2,0
16,0.26455561210462697,0.7742336894342167,R16_F16_m16f12_P16_Y18_UO1073,RD16_F13_m13f16_P13_Y16_UO195,RD12_F16_m16f13_P16_Y16_UO1040,FXX,1,0.0,0,0,0.0,0,0,0,-9999.0,0.49853515625,1,P18_CV0,1,2,0,2,0
16,0.26455561210462697,0.7742336894342167,R16_F16_m12f7_P12_Y16_UO1080,RD12_F3_m17f19_P17_Y14_UO1117,RD7_F4_m7f4_P7_Y14_UO312,FXX,3,0.0,1,0,1.0,0,0,0,-9999.0,0.4580078125,1,P18_CV0,1,2,0,2,0
16,0.26455561210462697,0.7742336894342167,RD16_F12_m12f7_P12_Y18_UO849,RD12_F7_m7f4_P7_Y16_UO893,RD7_F4_m7f4_P7_Y16_UO1141,MXY,1,0.0,0,0,0.0,0,0,0,-9999.0,0.5,1,P1_CV0,1,0,2,2,0
16,0.26455561210462697,0.7742336894342167,RD16_F12_m12f7_P12_Y18_UO850,RD12_F7_m7f4_P7_Y16_UO893,RD7_F4_m7f4_P7_Y16_UO1141,MXY,1,0.0,0,0,0.0,0,0,0,-9999.0,0.5,1,P1_CV0,1,0,2,2,0
16,0.26455561210462697,0.7742336894342167,RD16_F12_m12f7_P12_Y18_UO402,R12_F12_m4f12_P4_Y16_UO395,RD7_F4_m4f7_P4_Y16_UO310,MXY,1,0.0,0,0,0.0,0,0,0,-9999.0,0.46875,1,P2_CV0,1,1,1,2,0
16,0.26455561210462697,0.7742336894342167,RD16_F12_m12f7_P12_Y18_UO406,R12_F12_m4f12_P4_Y16_UO395,RD7_F4_m4f7_P4_Y16_UO310,MXY,1,0.0,0,0,0.0,0,0,0,-9999.0,0.46875,1,P2_CV0,1,1,1,1,1
16,0.26455561210462697,0.7742336894342167,RD16_F12_m12f3_P12_Y18_UO847,RD12_F7_m7f12_P7_Y16_UO974,R3_F3_m19f1_P19_Y16_UO695,FXX,1,0.0,0,0,0.0,0,0,0,-9999.0,0.47265625,1,P2_CV0,1,0,2,2,0
16,0.26455561210462697,0.7742336894342167,RD16_F13_m13f18_P13_Y18_UO361,RD13_F16_m16f13_P16_Y16_UO669,RD18_F13_m18f13_P18_Y16_UO1177,MXY,1,0.0,0,0,0.0,0,0,0,-9999.0,0.47607421875,1,P2_CV0,1,1,1,2,0
16,0.26455561210462697,0.7742336894342167,R16_F16_m16f13_P16_Y18_UO1012,R16_F16_m16f13_P16_Y16_UO166,R13_F13_m13f16_P13_Y16_UO1010,FXX,1,0.0,0,0,0.0,0,0,0,-9999.0,0.50341796875,1,P2_CV0,1,0,2,2,0
16,0.26455561210462697,0.7742336894342167,R16_F16_m12f3_P12_Y16_UO62,R12_F12_m16f12_P16_Y14_UO804,R3_F3_m3f1_P3_Y14_UO354,FXX,3,0.0,1,0,1.0,0,0,0,-9999.0,0.474609375,1,P2_CV0,1,2,0,2,0
16,0.26455561210462697,0.7742336894342167,RD16_F13_m13f16_P13_Y18_UO119,R13_F13_m13f18_P13_Y16_UO883,R16_F16_m13f18_P13_Y16_UO790,FXX,1,0.0,0,0,0.0,0,0,0,-9999.0,0.51220703125,1,P3_CV0,1,0,2,0,2
16,0.26455561210462697,0.7742336894342167,R16_F16_m16f12_P16_Y18_UO225,RD16_F13_m13f16_P13_Y16_UO452,RD12_F16_m13f18_P13_Y16_UO789,FXX,1,0.0,0,0,0.0,0,0,0,-9999.0,0.5107421875,1,P3_CV0,1,0,2,0,2
16,0.26455561210462697,0.7742336894342167,R16_F16_m16f12_P16_Y18_UO227,RD16_F13_m13f16_P13_Y16_UO452,RD12_F16_m13f18_P13_Y16_UO789,FXX,1,0.0,0,0,0.0,0,0,0,-9999.0,0.5107421875,1,P3_CV0,1,0,2,1,1
16,0.26455561210462697,0.7742336894342167,R16_F16_m16f12_P16_Y18_UO1035,RD16_F13_m13f16_P13_Y16_UO187,RD12_F16_m13f18_P13_Y16_UO789,MXY,1,0.0,0,0,0.0,0,0,0,-9999.0,0.5244140625,1,P3_CV0,1,1,1,2,0
16,0.26455561210462697,0.7742336894342167,R16_F16_m16f12_P16_Y18_UO1040,RD16_F13_m13f16_P13_Y16_UO187,RD12_F16_m13f18_P13_Y16_UO789,FXX,1,0.0,0,0,0.0,0,0,0,-9999.0,0.5244140625,1,P3_CV0,1,1,1,1,1
16,0.26455561210462697,0.7742336894342167,R16_F16_m16f13_P16_Y18_UO1137,R16_F16_m16f13_P16_Y16_UO1039,R13_F13_m13f16_P13_Y16_UO949,FXX,1,0.0,0,0,0.0,0,0,0,-9999.0,0.4921875,1,P3_CV0,1,1,1,1,1
16,0.26455561210462697,0.7742336894342167,R16_F16_m12f16_P12_Y17_UO352,R12_F12_m12f16_P12_Y15_UO74,R16_F16_m16f12_P16_Y14_UO764,MXY,2,0.0,1,0,0.0,0,0,0,-9999.0,0.4892578125,1,P3_CV0,1,1,1,2,0
16,0.26455561210462697,0.7742336894342167,R16_F16_m13f16_P13_Y16_UO952,RD13_F18_m18f13_P18_Y14_UO1100,R16_F16_m16f12_P16_Y14_UO815,MXY,3,0.0,1,0,0.0,0,0,0,-9999.0,0.505859375,1,P3_CV0,1,2,0,1,1
16,0.26455561210462697,0.7742336894342167,RD16_F13_m13f18_P13_Y18_UO675,R13_F13_m16f13_P16_Y16_UO1038,RD18_F13_m16f13_P16_Y16_UO1045,FXX,1,0.0,0,0,0.0,0,0,0,-9999.0,0.478515625,1,P5_CV0,1,1,1,0,2
16,0.26455561210462697,0.7742336894342167,R16_F16_m16f12_P16_Y18_UO1072,RD16_F13_m13f16_P13_Y16_UO195,RD12_F16_m16f13_P16_Y16_UO1040,FXX,1,0.0,0,0,0.0,0,0,0,-9999.0,0.49853515625,1,P5_CV0,1,2,0,2,0
16,0.26455561210462697,0.7742336894342167,R16_F16_m16f12_P16_Y18_UO949,R16_F16_m12f7_P12_Y16_UO1080,R12_F12_m4f12_P4_Y16_UO1204,FXX,1,0.0,0,0,0.0,0,0,0,-9999.0,0.46484375,1,P6_CV0,1,1,1,2,0
16,0.26455561210462697,0.7742336894342167,R16_F16_m16f13_P16_Y17_UO157,R16_F16_m12f1_P12_Y15_UO17,R13_F13_m18f13_P18_Y15_UO291,FXX,2,0.0,1,0,1.0,0,0,0,-9999.0,0.4658203125,1,P6_CV0,1,2,0,2,0
16,0.26455561210462697,0.7742336894342167,R16_F16_m16f12_P16_Y17_UO540,R16_F16_m12f1_P12_Y15_UO17,RD12_F16_m13f18_P13_Y15_UO263,MXY,2,0.0,1,0,0.0,0,0,0,-9999.0,0.46875,1,P6_CV0,1,2,0,2,0
17,0.45615033221654855,0.5684339488686485,RD17_F3_m3f12_P3_Y18_UO127,R3_F3_m12f7_P12_Y16_UO1129,R12_F12_m12f4_P12_Y16_UO1121,MXY,1,0.0,0,0,0.0,0,0,0,-9999.0,0.48974609375,1,P0_CV0,1,1,1,1,1
17,0.45615033221654855,0.5684339488686485,RD17_F15_m15f17_P15_Y18_UO728,R15_F15_m17f15_P17_Y16_UO71,R17_F17_m17f19_P17_Y16_UO1117,MXY,1,0.0,0,0,0.0,0,0,0,-9999.0,0.43115234375,1,P0_CV0,1,2,0,1,1
17,0.45615033221654855,0.5684339488686485,R17_F17_m17f15_P17_Y18_UO776,RD17_F19_m2f1_P2_Y16_UO985,R15_F15_m15f2_P15_Y16_UO551,MXY,1,0.0,0,0,0.0,0,0,0,-9999.0,0.42578125,1,P0_CV0,1,1,1,2,0
17,0.45615033221654855,0.5684339488686485,R17_F17_m17f2_P17_Y18_UO789,RD17_F19_m2f1_P2_Y16_UO985,RD2_F6_m6f2_P6_Y16_UO963,MXY,1,0.0,0,0,0.0,0,0,0,-9999.0,0.42626953125,1,P0_CV0,1,0,2,2,0
17,0.45615033221654855,0.5684339488686485,R17_F17_m17f2_P17_Y18_UO786,RD17_F19_m2f1_P2_Y16_UO985,RD2_F6_m6f2_P6_Y16_UO963,MXY,1,0.0,0,0,0.0,0,0,0,-9999.0,0.42626953125,1,P0_CV0,1,0,2,2,0
17,0.45615033221654855,0.5684339488686485,R17_F17_m17f15_P17_Y17_UO553,R17_F17_m15f17_P15_Y15_UO566,RD15_F17_m2f19_P2_Y15_UO105,MXY,2,0.0,1,0,0.0,0,0,0,-9999.0,0.4443359375,1,P0_CV0,1,2,0,0,2
17,0.45615033221654855,0.5684339488686485,R17_F17_m3f17_P3_Y17_UO483,RD3_F19_m1f2_P1_Y15_UO422,R17_F17_m15f17_P15_Y15_UO326,MXY,2,0.0,1,0,0.0,0,0,0,-9999.0,0.447265625,1,P0_CV0,1,1,1,2,0
17,0.45615033221654855,0.5684339488686485,RD17_F1_m1f12_P1_Y16_UO567,RD1_F19_m17f19_P17_Y14_UO1119,RD12_F16_m13f16_P13_Y13_UO697,FXX,3,0.0,1,0,1.0,0,0,0,-9999.0,0.4287109375,1,P0_CV0,1,1,1,0,2
17,0.45615033221654855,0.5684339488686485,RD17_F19_m19f17_P19_Y18_UO289,R19_F19_m1f12_P1_Y16_UO556,R17_F17_m3f1_P3_Y16_UO632,MXY,1,0.0,0,0,0.0,0,0,0,-9999.0,0.47705078125,1,P11_CV0,1,1,1,1,1
17,0.45615033221654855,0.5684339488686485,R17_F17_m17f19_P17_Y18_UO368,RD17_F19_m2f1_P2_Y16_UO985,R19_F19_m19f3_P19_Y16_UO812,MXY,1,0.0,0,0,0.0,0,0,0,-9999.0,0.43896484375,1,P12_CV0,1,1,1,2,0
17,0.45615033221654855,0.5684339488686485,RD17_F19_m19f2_P19_Y18_UO379,R19_F19_m19f1_P19_Y16_UO694,RD2_F6_m6f2_P6_Y16_UO237,MXY,1,0.0,0,0,0.0,0,0,0,-9999.0,0.45263671875,1,P12_CV0,1,1,1,1,1
17,0.45615033221654855,0.5684339488686485,R17_F17_m17f19_P17_Y18_UO366,RD17_F1_m12f4_P12_Y16_UO1168,R19_F19_m19f1_P19_Y16_UO645,FXX,1,0.0,0,0,0.0,0,0,0,-9999.0,0.4501953125,1,P12_CV0,1,0,2,2,0
17,0.45615033221654855,0.5684339488686485,RD17_F19_m19f1_P19_Y18_UO1019,R19_F19_m19f2_P19_Y16_UO898,RD1_F12_m4f12_P4_Y16_UO753,FXX,1,0.0,0,0,0.0,0,0,0,-9999.0,0.474609375,1,P12_CV0,1,1,1,2,0
17,0.45615033221654855,0.5684339488686485,R17_F17_m17f19_P17_Y18_UO43,R17_F17_m19f1_P19_Y16_UO643,RD19_F1_m17f3_P17_Y16_UO999,MXY,1,0.0,0,0,0.0,0,0,0,-9999.0,0.43359375,1,P12_CV0,1,0,2,1,1
17,0.45615033221654855,0.5684339488686485,R17_F17_m19f1_P19_Y16_UO643,R19_F19_m2f19_P2_Y14_UO513,RD1_F19_m19f17_P19_Y14_UO1162,FXX,3,0.0,1,0,1.0,0,0,0,-9999.0,0.427734375,1,P12_CV0,1,0,2,1,1
17,0.45615033221654855,0.5684339488686485,RD17_F15_m15f17_P15_Y18_UO549,RD15_F2_m1f2_P1_Y16_UO1064,R17_F17_m17f19_P17_Y16_UO465,FXX,1,0.0,0,0,0.0,0,0,0,-9999.0,0.4482421875,1,P14_CV0,1,0,2,0,2
17,0.45615033221654855,0.5684339488686485,R17_F17_m17f1_P17_Y18_UO865,R17_F17_m15f17_P15_Y16_UO804,R1_F1_m1f12_P1_Y16_UO215,FXX,1,0.0,0,0,0.0,0,0,0,-9999.0,0.4580078125,1,P14_CV0,1,1,1,0,2
17,0.45615033221654855,0.5684339488686485,R17_F17_m17f19_P17_Y18_UO1247,RD17_F1_m1f17_P1_Y16_UO828,RD19_F1_m1f17_P1_Y16_UO1109,FXX,1,0.0,0,0,0.0,0,0,0,-9999.0,0.43310546875,1,P14_CV0,1,0,2,1,1
17,0.45615033221654855,0.5684339488686485,R17_F17_m15f2_P15_Y17_UO33,R15_F15_m15f17_P15_Y15_UO320,RD2_F1_m12f16_P12_Y15_UO674,FXX,2,0.0,1,0,1.0,0,0,0,-9999.0,0.447265625,1,P14_CV0,1,0,2,2,0
17,0.45615033221654855,0.5684339488686485,R17_F17_m15f17_P15_Y17_UO307,R15_F15_m15f17_P15_Y15_UO320,R17_F17_m15f2_P15_Y14_UO135,FXX,2,0.0,1,0,1.0,0,0,0,-9999.0,0.439453125,1,P14_CV0,1,0,2,0,2
17,0.45615033221654855,0.5684339488686485,RD17_F15_m15f17_P15_Y17_UO449,R15_F15_m15f17_P15_Y15_UO320,R17_F17_m15f2_P15_Y14_UO135,FXX,2,0.0,1,0,1.0,0,0,0,-9999.0,0.439453125,1,P14_CV0,1,0,2,1,1
17,0.45615033221654855,0.5684339488686485,RD17_F19_m19f1_P19_Y18_UO205,RD19_F1_m1f3_P1_Y16_UO678,R1_F1_m3f12_P3_Y16_UO1023,FXX,1,0.0,0,0,0.0,0,0,0,-9999.0,0.462890625,1,P15_CV0,1,1,1,2,0
17,0.45615033221654855,0.5684339488686485,RD17_F1_m1f17_P1_Y18_UO72,R1_F1_m12f16_P12_Y16_UO487,RD17_F3_m3f19_P3_Y16_UO870,FXX,1,0.0,0,0,0.0,0,0,0,-9999.0,0.45703125,1,P16_CV0,1,0,2,1,1
17,0.45615033221654855,0.5684339488686485,RD17_F15_m15f2_P15_Y17_UO496,RD15_F2_m2f17_P2_Y15_UO434,RD2_F15_m15f17_P15_Y15_UO560,MXY,2,0.0,1,0,0.0,0,0,0,-9999.0,0.443359375,1,P16_CV0,1,1,1,1,1
17,0.45615033221654855,0.5684339488686485,R17_F17_m17f19_P17_Y18_UO363,RD17_F1_m12f4_P12_Y16_UO1168,R19_F19_m19f1_P19_Y16_UO645,MXY,1,0.0,0,0,0.0,0,0,0,-9999.0,0.4501953125,1,P17_CV0,1,0,2,2,0
17,0.45615033221654855,0.5684339488686485,RD17_F15_m15f2_P15_Y18_UO122,R15_F15_m15f17_P15_Y16_UO662,RD2_F6_m6f2_P6_Y16_UO493,MXY,1,0.0,0,0,0.0,0,0,0,-9999.0,0.43896484375,1,P18_CV0,1,2,0,2,0
17,0.45615033221654855,0.5684339488686485,R17_F17_m17f2_P17_Y18_UO652,R17_F17_m3f19_P3_Y16_UO872,RD2_F17_m19f1_P19_Y16_UO150,MXY,1,0.0,0,0,0.0,0,0,0,-9999.0,0.42626953125,1,P18_CV0,1,0,2,1,1
17,0.45615033221654855,0.5684339488686485,R17_F17_m17f1_P17_Y18_UO866,R17_F17_m15f17_P15_Y16_UO804,R1_F1_m1f12_P1_Y16_UO215,FXX,1,0.0,0,0,0.0,0,0,0,-9999.0,0.4580078125,1,P18_CV0,1,1,1,1,1
17,0.45615033221654855,0.5684339488686485,RD17_F15_m15f17_P15_Y18_UO921,R15_F15_m17f15_P17_Y16_UO71,RD17_F15_m2f19_P2_Y16_UO910,MXY,1,0.0,0,0,0.0,0,0,0,-9999.0,0.44873046875,1,P18_CV0,1,2,0,0,2
17,0.45615033221654855,0.5684339488686485,RD17_F15_m15f2_P15_Y18_UO486,RD15_F17_m19f17_P19_Y16_UO302,RD2_F17_m19f1_P19_Y16_UO150,FXX,1,0.0,0,0,0.0,0,0,0,-9999.0,0.42626953125,1,P18_CV0,1,1,1,1,1
17,0.45615033221654855,0.5684339488686485,RD17_F15_m15f17_P15_Y18_UO920,R15_F15_m17f15_P17_Y16_UO71,RD17_F15_m2f19_P2_Y16_UO910,FXX,1,0.0,0,0,0.0,0,0,0,-9999.0,0.44873046875,1,P18_CV0,1,1,1,0,2
17,0.45615033221654855,0.5684339488686485,R17_F17_m17f15_P17_Y18_UO136,RD17_F15_m17f19_P17_Y16_UO1094,R15_F15_m15f2_P15_Y16_UO800,MXY,1,0.0,0,0,0.0,0,0,0,-9999.0,0.43359375,1,P18_CV0,1,1,1,1,1
17,0.45615033221654855,0.5684339488686485,R17_F17_m17f1_P17_Y18_UO240,R17_F17_m19f17_P19_Y16_UO32,RD1_F12_m16f13_P16_Y16_UO879,MXY,1,0.0,0,0,0.0,0,0,0,-9999.0,0.48388671875,1,P18_CV0,1,0,2,2,0
17,0.45615033221654855,0.5684339488686485,R17_F17_m17f2_P17_Y18_UO651,R17_F17_m3f19_P3_Y16_UO872,RD2_F17_m19f1_P19_Y16_UO150,FXX,1,0.0,0,0,0.0,0,0,0,-9999.0,0.42626953125,1,P18_CV0,1,0,2,0,2
17,0.45615033221654855,0.5684339488686485,RD17_F15_m15f17_P15_Y18_UO726,R15_F15_m17f15_P17_Y16_UO71,R17_F17_m17f19_P17_Y16_UO1117,FXX,1,0.0,0,0,0.0,0,0,0,-9999.0,0.43115234375,1,P18_CV0,1,0,2,1,1
17,0.45615033221654855,0.5684339488686485,RD17_F15_m15f17_P15_Y17_UO308,R15_F15_m15f17_P15_Y15_UO320,R17_F17_m15f2_P15_Y14_UO135,FXX,2,0.0,1,0,1.0,0,0,0,-9999.0,0.439453125,1,P18_CV0,1,0,2,0,2
17,0.45615033221654855,0.5684339488686485,RD17_F2_m19f1_P19_Y16_UO150,RD19_F17_m17f3_P17_Y14_UO357,R1_F1_m1f3_P1_Y14_UO862,MXY,3,0.0,1,0,0.0,0,0,0,-9999.0,0.4150390625,1,P18_CV0,1,0,2,1,1
17,0.45615033221654855,0.5684339488686485,RD17_F15_m17f1_P17_Y16_UO313,R17_F17_m15f2_P15_Y14_UO1025,RD1_F3_m19f3_P19_Y14_UO119,FXX,3,0.0,1,0,1.0,0,0,0,-9999.0,0.44140625,1,P18_CV0,1,2,0,0,2
17,0.45615033221654855,0.5684339488686485,RD17_F2_m2f19_P2_Y18_UO824,RD2_F6_m2f15_P2_Y16_UO123,RD19_F1_m1f3_P1_Y16_UO374,MXY,1,0.0,0,0,0.0,0,0,0,-9999.0,0.43896484375,1,P1_CV0,1,0,2,0,2
17,0.45615033221654855,0.5684339488686485,RD17_F15_m15f2_P15_Y18_UO859,R15_F15_m15f17_P15_Y16_UO862,RD2_F19_m19f1_P19_Y16_UO26,MXY,1,0.0,0,0,0.0,0,0,0,-9999.0,0.44580078125,1,P1_CV0,1,1,1,0,2
17,0.45615033221654855,0.5684339488686485,RD17_F3_m3f1_P3_Y18_UO1186,R3_F3_m3f17_P3_Y16_UO1014,R1_F1_m12f16_P12_Y16_UO501,MXY,1,0.0,0,0,0.0,0,0,0,-9999.0,0.45849609375,1,P1_CV0,1,1,1,1,1
17,0.45615033221654855,0.5684339488686485,R17_F17_m17f3_P17_Y18_UO560,R17_F17_m17f1_P17_Y16_UO138,RD3_F1_m17f19_P17_Y16_UO842,MXY,1,0.0,0,0,0.0,0,0,0,-9999.0,0.4609375,1,P1_CV0,1,0,2,1,1
17,0.45615033221654855,0.5684339488686485,R17_F17_m17f2_P17_Y18_UO649,R17_F17_m3f19_P3_Y16_UO872,RD2_F17_m19f1_P19_Y16_UO150,FXX,1,0.0,0,0,0.0,0,0,0,-9999.0,0.42626953125,1,P1_CV0,1,0,2,1,1
17,0.45615033221654855,0.5684339488686485,RD17_F15_m15f2_P15_Y18_UO0,R15_F15_m17f15_P17_Y16_UO684,RD2_F19_m19f17_P19_Y16_UO377,MXY,1,0.0,0,0,0.0,0,0,0,-9999.0,0.43310546875,1,P1_CV0,1,0,2,1,1
17,0.45615033221654855,0.5684339488686485,RD17_F15_m15f17_P15_Y18_UO763,RD15_F2_m2f17_P2_Y16_UO771,R17_F17_m2f6_P2_Y16_UO853,FXX,1,0.0,0,0,0.0,0,0,0,-9999.0,0.431640625,1,P1_CV0,1,2,0,2,0
17,0.45615033221654855,0.5684339488686485,R17_F17_m17f15_P17_Y18_UO778,RD17_F19_m2f1_P2_Y16_UO985,R15_F15_m15f2_P15_Y16_UO551,FXX,1,0.0,0,0,0.0,0,0,0,-9999.0,0.42578125,1,P1_CV0,1,1,1,2,0
17,0.45615033221654855,0.5684339488686485,R17_F17_m17f1_P17_Y18_UO943,RD17_F19_m19f3_P19_Y16_UO989,R1_F1_m1f3_P1_Y16_UO1055,MXY,1,0.0,0,0,0.0,0,0,0,-9999.0,0.453125,1,P1_CV0,1,1,1,1,1
17,0.45615033221654855,0.5684339488686485,RD17_F3_m3f17_P3_Y18_UO437,RD3_F19_m3f19_P3_Y16_UO560,R17_F17_m3f12_P3_Y16_UO970,FXX,1,0.0,0,0,0.0,0,0,0,-9999.0,0.45849609375,1,P1_CV0,1,0,2,1,1
17,0.45615033221654855,0.5684339488686485,RD17_F15_m15f2_P15_Y18_UO1,R15_F15_m17f15_P17_Y16_UO684,RD2_F19_m19f17_P19_Y16_UO377,MXY,1,0.0,0,0,0.0,0,0,0,-9999.0,0.43310546875,1,P1_CV0,1,0,2,1,1
17,0.45615033221654855,0.5684339488686485,R17_F17_m17f19_P17_Y18_UO369,RD17_F19_m2f1_P2_Y16_UO985,R19_F19_m19f3_P19_Y16_UO812,FXX,1,0.0,0,0,0.0,0,0,0,-9999.0,0.43896484375,1,P1_CV0,1,0,2,1,1
17,0.45615033221654855,0.5684339488686485,RD17_F15_m15f17_P15_Y18_UO1112,RD15_F2_m1f2_P1_Y16_UO1064,R17_F17_m3f12_P3_Y16_UO970,FXX,1,0.0,0,0,0.0,0,0,0,-9999.0,0.44677734375,1,P1_CV0,1,1,1,0,2
17,0.45615033221654855,0.5684339488686485,RD17_F15_m15f2_P15_Y18_UO254,R15_F15_m17f15_P17_Y16_UO684,RD2_F6_m6f2_P6_Y16_UO641,FXX,1,0.0,0,0,0.0,0,0,0,-9999.0,0.44482421875,1,P1_CV0,1,0,2,0,2
17,0.45615033221654855,0.5684339488686485,R17_F17_m17f19_P17_Y18_UO556,RD17_F15_m2f15_P2_Y16_UO119,RD19_F1_m1f17_P1_Y16_UO1109,FXX,1,0.0,0,0,0.0,0,0,0,-9999.0,0.43212890625,1,P1_CV0,1,0,2,1,1
17,0.45615033221654855,0.5684339488686485,RD17_F19_m19f17_P19_Y18_UO1087,R19_F19_m1f3_P1_Y16_UO1071,R17_F17_m1f3_P1_Y16_UO1056,FXX,1,0.0,0,0,0.0,0,0,0,-9999.0,0.45849609375,1,P1_CV0,1,0,2,0,2
17,0.45615033221654855,0.5684339488686485,RD17_F15_m15f17_P15_Y18_UO244,R15_F15_m17f15_P17_Y16_UO932,RD17_F1_m1f17_P1_Y15_UO589,MXY,1,0.0,0,0,0.0,0,0,0,-9999.0,0.4619140625,1,P2_CV0,1,1,1,0,2
17,0.45615033221654855,0.5684339488686485,R17_F17_m17f1_P17_Y18_UO1078,R17_F17_m19f3_P19_Y16_UO601,R1_F1_m1f3_P1_Y16_UO1057,MXY,1,0.0,0,0,0.0,0,0,0,-9999.0,0.4423828125,1,P2_CV0,1,1,1,1,1
17,0.45615033221654855,0.5684339488686485,R17_F17_m17f3_P17_Y18_UO565,R17_F17_m17f1_P17_Y16_UO138,RD3_F1_m17f19_P17_Y16_UO842,FXX,1,0.0,0,0,0.0,0,0,0,-9999.0,0.4609375,1,P2_CV0,1,0,2,1,1
17,0.45615033221654855,0.5684339488686485,RD17_F15_m15f2_P15_Y18_UO794,R15_F15_m15f2_P15_Y16_UO359,R2_F2_m17f1_P17_Y16_UO139,FXX,1,0.0,0,0,0.0,0,0,0,-9999.0,0.45703125,1,P2_CV0,1,0,2,1,1
17,0.45615033221654855,0.5684339488686485,RD17_F15_m15f17_P15_Y18_UO413,R15_F15_m15f2_P15_Y16_UO359,RD17_F19_m19f3_P19_Y16_UO324,FXX,1,0.0,0,0,0.0,0,0,0,-9999.0,0.44140625,1,P2_CV0,1,0,2,2,0
17,0.45615033221654855,0.5684339488686485,RD17_F15_m15f17_P15_Y18_UO259,R15_F15_m17f3_P17_Y16_UO482,R17_F17_m19f1_P19_Y16_UO644,MXY,1,0.0,0,0,0.0,0,0,0,-9999.0,0.43408203125,1,P2_CV0,1,1,1,1,1
17,0.45615033221654855,0.5684339488686485,R17_F17_m17f3_P17_Y18_UO566,R17_F17_m17f1_P17_Y16_UO138,RD3_F1_m17f19_P17_Y16_UO842,MXY,1,0.0,0,0,0.0,0,0,0,-9999.0,0.4609375,1,P2_CV0,1,0,2,2,0
17,0.45615033221654855,0.5684339488686485,R17_F17_m17f15_P17_Y18_UO133,RD17_F15_m17f19_P17_Y16_UO1094,R15_F15_m15f2_P15_Y16_UO800,FXX,1,0.0,0,0,0.0,0,0,0,-9999.0,0.43359375,1,P2_CV0,1,1,1,0,2
17,0.45615033221654855,0.5684339488686485,RD17_F1_m1f2_P1_Y18_UO691,R1_F1_m17f2_P17_Y16_UO797,RD2_F19_m19f1_P19_Y16_UO26,FXX,1,0.0,0,0,0.0,0,0,0,-9999.0,0.44189453125,1,P2_CV0,1,2,0,1,1
17,0.45615033221654855,0.5684339488686485,R17_F17_m17f1_P17_Y18_UO1076,R17_F17_m19f3_P19_Y16_UO601,R1_F1_m1f3_P1_Y16_UO1057,FXX,1,0.0,0,0,0.0,0,0,0,-9999.0,0.4423828125,1,P2_CV0,1,1,1,1,1
17,0.45615033221654855,0.5684339488686485,RD17_F15_m15f2_P15_Y18_UO1065,RD15_F17_m15f2_P15_Y16_UO824,RD2_F19_m19f1_P19_Y16_UO26,MXY,1,0.0,0,0,0.0,0,0,0,-9999.0,0.4541015625,1,P2_CV0,1,1,1,2,0
17,0.45615033221654855,0.5684339488686485,RD17_F15_m15f2_P15_Y18_UO689,R15_F15_m15f17_P15_Y16_UO715,R2_F2_m15f17_P15_Y15_UO560,MXY,1,0.0,0,0,0.0,0,0,0,-9999.0,0.447265625,1,P2_CV0,1,0,2,0,2
17,0.45615033221654855,0.5684339488686485,RD17_F3_m3f1_P3_Y18_UO196,R3_F3_m17f3_P17_Y16_UO481,R1_F1_m1f3_P1_Y16_UO1055,MXY,1,0.0,0,0,0.0,0,0,0,-9999.0,0.44189453125,1,P2_CV0,1,0,2,2,0
17,0.45615033221654855,0.5684339488686485,RD17_F15_m15f2_P15_Y18_UO144,R15_F15_m15f17_P15_Y16_UO715,RD2_F1_m2f1_P2_Y16_UO979,MXY,1,0.0,0,0,0.0,0,0,0,-9999.0,0.43115234375,1,P2_CV0,1,0,2,1,1
17,0.45615033221654855,0.5684339488686485,R17_F17_m17f1_P17_Y18_UO1077,R17_F17_m19f3_P19_Y16_UO601,R1_F1_m1f3_P1_Y16_UO1057,FXX,1,0.0,0,0,0.0,0,0,0,-9999.0,0.4423828125,1,P2_CV0,1,0,2,2,0
17,0.45615033221654855,0.5684339488686485,RD17_F15_m15f17_P15_Y18_UO411,R15_F15_m15f2_P15_Y16_UO359,RD17_F19_m19f3_P19_Y16_UO324,FXX,1,0.0,0,0,0.0,0,0,0,-9999.0,0.44140625,1,P2_CV0,1,1,1,2,0
17,0.45615033221654855,0.5684339488686485,RD17_F15_m15f2_P15_Y18_UO897,R15_F15_m17f15_P17_Y16_UO932,RD2_F15_m17f15_P17_Y16_UO69,MXY,1,0.0,0,0,0.0,0,0,0,-9999.0,0.4482421875,1,P2_CV0,1,1,1,0,2
17,0.45615033221654855,0.5684339488686485,RD17_F2_m2f15_P2_Y18_UO698,RD2_F6_m2f17_P2_Y16_UO772,RD15_F2_m6f2_P6_Y15_UO646,MXY,1,0.0,0,0,0.0,0,0,0,-9999.0,0.44091796875,1,P2_CV0,1,1,1,2,0
17,0.45615033221654855,0.5684339488686485,RD17_F15_m15f17_P15_Y18_UO414,R15_F15_m15f2_P15_Y16_UO359,RD17_F19_m19f3_P19_Y16_UO324,FXX,1,0.0,0,0,0.0,0,0,0,-9999.0,0.44140625,1,P2_CV0,1,1,1,2,0
17,0.45615033221654855,0.5684339488686485,R17_F17_m17f1_P17_Y18_UO215,RD17_F19_m19f1_P19_Y16_UO585,R1_F1_m12f16_P12_Y16_UO501,MXY,1,0.0,0,0,0.0,0,0,0,-9999.0,0.46728515625,1,P3_CV0,1,0,2,2,0
17,0.45615033221654855,0.5684339488686485,RD17_F1_m1f17_P1_Y18_UO1007,RD1_F19_m19f2_P19_Y16_UO90,RD17_F19_m19f3_P19_Y16_UO743,FXX,1,0.0,0,0,0.0,0,0,0,-9999.0,0.4306640625,1,P3_CV0,1,1,1,0,2
17,0.45615033221654855,0.5684339488686485,R17_F17_m17f1_P17_Y18_UO829,R17_F17_m1f2_P1_Y16_UO815,R1_F1_m1f2_P1_Y16_UO479,FXX,1,0.0,0,0,0.0,0,0,0,-9999.0,0.44677734375,1,P3_CV0,1,1,1,1,1
17,0.45615033221654855,0.5684339488686485,RD17_F3_m3f12_P3_Y18_UO125,R3_F3_m12f7_P12_Y16_UO1129,R12_F12_m12f4_P12_Y16_UO1121,FXX,1,0.0,0,0,0.0,0,0,0,-9999.0,0.48974609375,1,P3_CV0,1,1,1,2,0
17,0.45615033221654855,0.5684339488686485,RD17_F19_m19f1_P19_Y18_UO1145,R19_F19_m19f1_P19_Y16_UO584,R1_F1_m17f2_P17_Y16_UO719,FXX,1,0.0,0,0,0.0,0,0,0,-9999.0,0.4599609375,1,P3_CV0,1,1,1,2,0
17,0.45615033221654855,0.5684339488686485,R17_F17_m17f19_P17_Y18_UO44,R17_F17_m19f1_P19_Y16_UO643,RD19_F1_m17f3_P17_Y16_UO999,MXY,1,0.0,0,0,0.0,0,0,0,-9999.0,0.43359375,1,P5_CV0,1,0,2,0,2
17,0.45615033221654855,0.5684339488686485,R17_F17_m17f2_P17_Y18_UO761,R17_F17_m17f3_P17_Y16_UO1001,R2_F2_m2f19_P2_Y16_UO909,FXX,1,0.0,0,0,0.0,0,0,0,-9999.0,0.45068359375,1,P5_CV0,1,0,2,2,0
17,0.45615033221654855,0.5684339488686485,R17_F17_m17f1_P17_Y18_UO216,RD17_F19_m19f1_P19_Y16_UO585,R1_F1_m12f16_P12_Y16_UO501,FXX,1,0.0,0,0,0.0,0,0,0,-9999.0,0.46728515625,1,P5_CV0,1,0,2,2,0
17,0.45615033221654855,0.5684339488686485,RD17_F19_m19f17_P19_Y18_UO888,R19_F19_m17f3_P17_Y16_UO1000,R17_F17_m2f6_P2_Y16_UO853,MXY,1,0.0,0,0,0.0,0,0,0,-9999.0,0.43603515625,1,P5_CV0,1,1,1,1,1
17,0.45615033221654855,0.5684339488686485,RD17_F19_m19f2_P19_Y18_UO1129,R19_F19_m17f3_P17_Y16_UO1000,R2_F2_m17f1_P17_Y16_UO139,MXY,1,0.0,0,0,0.0,0,0,0,-9999.0,0.45068359375,1,P5_CV0,1,0,2,1,1
17,0.45615033221654855,0.5684339488686485,RD17_F1_m1f17_P1_Y18_UO461,RD1_F2_m19f3_P19_Y16_UO1085,R17_F17_m17f19_P17_Y16_UO1159,FXX,1,0.0,0,0,0.0,0,0,0,-9999.0,0.4580078125,1,P5_CV0,1,1,1,2,0
17,0.45615033221654855,0.5684339488686485,RD17_F19_m19f1_P19_Y18_UO800,R19_F19_m17f1_P17_Y16_UO147,R1_F1_m19f2_P19_Y16_UO897,MXY,1,0.0,0,0,0.0,0,0,0,-9999.0,0.4482421875,1,P5_CV0,1,1,1,2,0
17,0.45615033221654855,0.5684339488686485,R17_F17_m17f19_P17_Y18_UO41,R17_F17_m19f1_P19_Y16_UO643,RD19_F1_m17f3_P17_Y16_UO999,MXY,1,0.0,0,0,0.0,0,0,0,-9999.0,0.43359375,1,P5_CV0,1,0,2,0,2
17,0.45615033221654855,0.5684339488686485,RD17_F19_m19f2_P19_Y18_UO153,R19_F19_m17f3_P17_Y16_UO1000,RD2_F6_m6f2_P6_Y16_UO901,FXX,1,0.0,0,0,0.0,0,0,0,-9999.0,0.44384765625,1,P5_CV0,1,0,2,2,0
17,0.45615033221654855,0.5684339488686485,RD17_F3_m3f1_P3_Y18_UO1188,R3_F3_m3f17_P3_Y16_UO1014,R1_F1_m12f16_P12_Y16_UO501,MXY,1,0.0,0,0,0.0,0,0,0,-9999.0,0.45849609375,1,P5_CV0,1,0,2,1,1
17,0.45615033221654855,0.5684339488686485,RD17_F1_m1f2_P1_Y16_UO480,RD1_F19_m19f2_P19_Y14_UO255,R2_F2_m6f2_P6_Y14_UO390,MXY,3,0.0,1,0,0.0,0,0,0,-9999.0,0.439453125,1,P5_CV0,1,1,1,1,1
17,0.45615033221654855,0.5684339488686485,RD17_F3_m3f1_P3_Y17_UO168,RD3_F1_m1f17_P1_Y15_UO692,R1_F1_m1f17_P1_Y15_UO584,FXX,2,0.0,1,0,1.0,0,0,0,-9999.0,0.466796875,1,P6_CV0,1,2,0,1,1
18,0.018789800436355142,0.6176354970758771,RD18_F13_m13f16_P13_Y16_UO449,RD13_F18_m13f16_P13_Y14_UO856,R16_F16_m16f12_P16_Y14_UO307,MXY,3,0.0,1,0,0.0,0,0,0,-9999.0,0.4912109375,1,P0_CV0,1,0,2,0,2
18,0.018789800436355142,0.6176354970758771,RD18_F13_m13f18_P13_Y18_UO415,R13_F13_m13f16_P13_Y16_UO190,R18_F18_m18f13_P18_Y16_UO570,FXX,1,0.0,0,0,0.0,0,0,0,-9999.0,0.498046875,1,P12_CV0,1,1,1,2,0
18,0.018789800436355142,0.6176354970758771,RD18_F13_m13f16_P13_Y18_UO590,R13_F13_m18f13_P18_Y16_UO300,R16_F16_m16f13_P16_Y16_UO877,MXY,1,0.0,0,0,0.0,0,0,0,-9999.0,0.52099609375,1,P12_CV0,1,1,1,1,1
18,0.018789800436355142,0.6176354970758771,R18_F18_m18f13_P18_Y18_UO48,RD18_F13_m18f13_P18_Y16_UO14,RD13_F18_m18f13_P18_Y16_UO17,FXX,1,0.0,0,0,0.0,0,0,0,-9999.0,0.5400390625,1,P12_CV0,1,1,1,2,0
18,0.018789800436355142,0.6176354970758771,R18_F18_m18f13_P18_Y18_UO49,RD18_F13_m18f13_P18_Y16_UO14,RD13_F18_m18f13_P18_Y16_UO17,MXY,1,0.0,0,0,0.0,0,0,0,-9999.0,0.5400390625,1,P12_CV0,1,2,0,1,1
18,0.018789800436355142,0.6176354970758771,R18_F18_m18f13_P18_Y18_UO51,RD18_F13_m18f13_P18_Y16_UO14,RD13_F18_m18f13_P18_Y16_UO17,FXX,1,0.0,0,0,0.0,0,0,0,-9999.0,0.5400390625,1,P12_CV0,1,2,0,2,0
18,0.018789800436355142,0.6176354970758771,R18_F18_m18f13_P18_Y18_UO936,R18_F18_m18f13_P18_Y16_UO508,R13_F13_m13f16_P13_Y16_UO530,MXY,1,0.0,0,0,0.0,0,0,0,-9999.0,0.509765625,1,P12_CV0,1,2,0,2,0
18,0.018789800436355142,0.6176354970758771,R18_F18_m18f13_P18_Y18_UO937,R18_F18_m18f13_P18_Y16_UO508,R13_F13_m13f16_P13_Y16_UO530,FXX,1,0.0,0,0,0.0,0,0,0,-9999.0,0.509765625,1,P12_CV0,1,1,1,2,0
18,0.018789800436355142,0.6176354970758771,R18_F18_m18f13_P18_Y18_UO1232,RD18_F13_m18f13_P18_Y16_UO1143,RD13_F16_m16f13_P16_Y14_UO1197,MXY,1,0.0,0,0,0.0,0,0,0,-9999.0,0.509765625,1,P12_CV0,1,1,1,1,1
18,0.018789800436355142,0.6176354970758771,R18_F18_m18f13_P18_Y18_UO1234,RD18_F13_m18f13_P18_Y16_UO1143,RD13_F16_m16f13_P16_Y14_UO1197,MXY,1,0.0,0,0,0.0,0,0,0,-9999.0,0.509765625,1,P12_CV0,1,0,2,0,2
18,0.018789800436355142,0.6176354970758771,R18_F18_m18f13_P18_Y18_UO1235,RD18_F13_m18f13_P18_Y16_UO1143,RD13_F16_m16f13_P16_Y14_UO1197,FXX,1,0.0,0,0,0.0,0,0,0,-9999.0,0.509765625,1,P12_CV0,1,0,2,0,2
18,0.018789800436355142,0.6176354970758771,R18_F18_m18f13_P18_Y17_UO250,R18_F18_m18f13_P18_Y15_UO296,R13_F13_m13f16_P13_Y15_UO243,FXX,2,0.0,1,0,1.0,0,0,0,-9999.0,0.46875,1,P12_CV0,1,1,1,2,0
18,0.018789800436355142,0.6176354970758771,R18_F18_m18f13_P18_Y17_UO257,R18_F18_m18f13_P18_Y15_UO296,R13_F13_m13f16_P13_Y15_UO243,MXY,2,0.0,1,0,0.0,0,0,0,-9999.0,0.46875,1,P12_CV0,1,2,0,2,0
18,0.018789800436355142,0.6176354970758771,RD18_F13_m13f16_P13_Y18_UO120,R13_F13_m13f18_P13_Y16_UO883,R16_F16_m13f18_P13_Y16_UO790,FXX,1,0.0,0,0,0.0,0,0,0,-9999.0,0.51220703125,1,P15_CV0,1,0,2,1,1
18,0.018789800436355142,0.6176354970758771,RD18_F13_m13f16_P13_Y18_UO724,R13_F13_m13f18_P13_Y16_UO883,RD16_F12_m3f12_P3_Y14_UO932,FXX,1,0.0,0,0,0.0,0,0,0,-9999.0,0.4921875,1,P15_CV0,1,2,0,2,0
18,0.018789800436355142,0.6176354970758771,RD18_F13_m13f18_P13_Y18_UO980,R13_F13_m13f16_P13_Y16_UO190,R18_F18_m13f18_P13_Y16_UO880,MXY,1,0.0,0,0,0.0,0,0,0,-9999.0,0.50634765625,1,P15_CV0,1,1,1,0,2
18,0.018789800436355142,0.6176354970758771,R18_F18_m18f13_P18_Y18_UO431,RD18_F13_m18f13_P18_Y16_UO14,R13_F13_m16f13_P16_Y16_UO620,FXX,1,0.0,0,0,0.0,0,0,0,-9999.0,0.50537109375,1,P15_CV0,1,2,0,1,1
18,0.018789800436355142,0.6176354970758771,R18_F18_m18f13_P18_Y18_UO432,RD18_F13_m18f13_P18_Y16_UO14,R13_F13_m16f13_P16_Y16_UO620,FXX,1,0.0,0,0,0.0,0,0,0,-9999.0,0.50537109375,1,P15_CV0,1,2,0,1,1
18,0.018789800436355142,0.6176354970758771,R18_F18_m18f13_P18_Y18_UO434,RD18_F13_m18f13_P18_Y16_UO14,R13_F13_m16f13_P16_Y16_UO620,MXY,1,0.0,0,0,0.0,0,0,0,-9999.0,0.50537109375,1,P15_CV0,1,2,0,2,0
18,0.018789800436355142,0.6176354970758771,R18_F18_m18f13_P18_Y18_UO509,RD18_F13_m18f13_P18_Y16_UO14,RD13_F16_m16f13_P16_Y16_UO165,MXY,1,0.0,0,0,0.0,0,0,0,-9999.0,0.5244140625,1,P15_CV0,1,2,0,1,1
18,0.018789800436355142,0.6176354970758771,R18_F18_m18f13_P18_Y18_UO540,R18_F18_m18f13_P18_Y16_UO1051,RD13_F18_m13f18_P13_Y16_UO792,FXX,1,0.0,0,0,0.0,0,0,0,-9999.0,0.52294921875,1,P15_CV0,1,0,2,1,1
18,0.018789800436355142,0.6176354970758771,R18_F18_m18f13_P18_Y18_UO1082,RD18_F13_m18f13_P18_Y16_UO100,R13_F13_m18f13_P18_Y14_UO744,FXX,1,0.0,0,0,0.0,0,0,0,-9999.0,0.513671875,1,P15_CV0,1,1,1,1,1
18,0.018789800436355142,0.6176354970758771,R18_F18_m18f13_P18_Y18_UO1236,RD18_F13_m18f13_P18_Y16_UO1143,RD13_F16_m16f13_P16_Y14_UO1197,MXY,1,0.0,0,0,0.0,0,0,0,-9999.0,0.509765625,1,P15_CV0,1,0,2,1,1
18,0.018789800436355142,0.6176354970758771,R18_F18_m18f13_P18_Y18_UO1239,R18_F18_m18f13_P18_Y16_UO1051,R13_F13_m18f13_P18_Y15_UO298,MXY,1,0.0,0,0,0.0,0,0,0,-9999.0,0.4814453125,1,P15_CV0,1,1,1,2,0
18,0.018789800436355142,0.6176354970758771,R18_F18_m18f13_P18_Y18_UO1240,R18_F18_m18f13_P18_Y16_UO1051,R13_F13_m18f13_P18_Y15_UO298,MXY,1,0.0,0,0,0.0,0,0,0,-9999.0,0.4814453125,1,P15_CV0,1,1,1,2,0
18,0.018789800436355142,0.6176354970758771,R18_F18_m18f13_P18_Y18_UO1242,R18_F18_m18f13_P18_Y16_UO1051,R13_F13_m18f13_P18_Y15_UO298,MXY,1,0.0,0,0,0.0,0,0,0,-9999.0,0.4814453125,1,P15_CV0,1,0,2,2,0
18,0.018789800436355142,0.6176354970758771,R18_F18_m13f18_P13_Y16_UO708,RD13_F16_m12f1_P12_Y14_UO599,R18_F18_m18f13_P18_Y14_UO34,FXX,3,0.0,1,0,1.0,0,0,0,-9999.0,0.5185546875,1,P15_CV0,1,0,2,2,0
18,0.018789800436355142,0.6176354970758771,R18_F18_m18f13_P18_Y16_UO1051,R18_F18_m18f13_P18_Y14_UO777,RD13_F18_m13f16_P13_Y14_UO434,FXX,3,0.0,1,0,1.0,0,0,0,-9999.0,0.515625,1,P15_CV0,1,0,2,2,0
18,0.018789800436355142,0.6176354970758771,RD18_F13_m13f16_P13_Y18_UO964,RD13_F16_m12f4_P12_Y16_UO968,RD16_F13_m13f18_P13_Y15_UO479,MXY,1,0.0,0,0,0.0,0,0,0,-9999.0,0.46875,1,P16_CV0,1,1,1,2,0
18,0.018789800436355142,0.6176354970758771,RD18_F13_m13f18_P13_Y18_UO175,R13_F13_m13f16_P13_Y16_UO529,RD18_F13_m18f13_P18_Y16_UO1175,FXX,1,0.0,0,0,0.0,0,0,0,-9999.0,0.49853515625,1,P17_CV0,1,2,0,2,0
18,0.018789800436355142,0.6176354970758771,RD18_F13_m13f18_P13_Y18_UO222,R13_F13_m13f16_P13_Y16_UO529,RD18_F13_m18f13_P18_Y16_UO1177,MXY,1,0.0,0,0,0.0,0,0,0,-9999.0,0.49853515625,1,P17_CV0,1,0,2,2,0
18,0.018789800436355142,0.6176354970758771,RD18_F13_m13f16_P13_Y18_UO348,R13_F13_m13f16_P13_Y16_UO833,RD16_F12_m12f7_P12_Y16_UO1126,MXY,1,0.0,0,0,0.0,0,0,0,-9999.0,0.4912109375,1,P17_CV0,1,1,1,1,1
18,0.018789800436355142,0.6176354970758771,RD18_F13_m13f16_P13_Y18_UO351,R13_F13_m13f16_P13_Y16_UO833,RD16_F12_m12f7_P12_Y16_UO1126,MXY,1,0.0,0,0,0.0,0,0,0,-9999.0,0.4912109375,1,P17_CV0,1,2,0,0,2
18,0.018789800436355142,0.6176354970758771,RD18_F13_m13f18_P13_Y18_UO360,RD13_F16_m16f13_P16_Y16_UO669,RD18_F13_m18f13_P18_Y16_UO1177,FXX,1,0.0,0,0,0.0,0,0,0,-9999.0,0.47607421875,1,P17_CV0,1,1,1,1,1
18,0.018789800436355142,0.6176354970758771,RD18_F13_m13f18_P13_Y18_UO417,R13_F13_m13f16_P13_Y16_UO190,R18_F18_m18f13_P18_Y16_UO570,MXY,1,0.0,0,0,0.0,0,0,0,-9999.0,0.498046875,1,P17_CV0,1,2,0,2,0
18,0.018789800436355142,0.6176354970758771,RD18_F13_m13f16_P13_Y18_UO621,R13_F13_m18f13_P18_Y16_UO105,R16_F16_m13f16_P13_Y16_UO193,FXX,1,0.0,0,0,0.0,0,0,0,-9999.0,0.49951171875,1,P17_CV0,1,2,0,1,1
18,0.018789800436355142,0.6176354970758771,RD18_F13_m13f18_P13_Y18_UO665,R13_F13_m13f16_P13_Y16_UO833,RD18_F13_m13f18_P13_Y16_UO917,MXY,1,0.0,0,0,0.0,0,0,0,-9999.0,0.5205078125,1,P17_CV0,1,0,2,1,1
18,0.018789800436355142,0.6176354970758771,RD18_F13_m13f18_P13_Y18_UO669,R13_F13_m13f16_P13_Y16_UO833,RD18_F13_m13f18_P13_Y16_UO917,MXY,1,0.0,0,0,0.0,0,0,0,-9999.0,0.5205078125,1,P17_CV0,1,0,2,1,1
18,0.018789800436355142,0.6176354970758771,RD18_F13_m13f18_P13_Y18_UO670,R13_F13_m13f16_P13_Y16_UO833,RD18_F13_m13f18_P13_Y16_UO917,MXY,1,0.0,0,0,0.0,0,0,0,-9999.0,0.5205078125,1,P17_CV0,1,1,1,1,1
18,0.018789800436355142,0.6176354970758771,RD18_F13_m13f18_P13_Y18_UO671,R13_F13_m16f13_P16_Y16_UO1038,RD18_F13_m16f13_P16_Y16_UO1045,FXX,1,0.0,0,0,0.0,0,0,0,-9999.0,0.478515625,1,P17_CV0,1,2,0,2,0
18,0.018789800436355142,0.6176354970758771,RD18_F13_m13f18_P13_Y18_UO979,R13_F13_m13f16_P13_Y16_UO190,R18_F18_m13f18_P13_Y16_UO880,MXY,1,0.0,0,0,0.0,0,0,0,-9999.0,0.50634765625,1,P17_CV0,1,1,1,2,0
18,0.018789800436355142,0.6176354970758771,R18_F18_m18f13_P18_Y18_UO35,R18_F18_m13f16_P13_Y16_UO189,R13_F13_m13f16_P13_Y16_UO451,MXY,1,0.0,0,0,0.0,0,0,0,-9999.0,0.5048828125,1,P17_CV0,1,1,1,1,1
18,0.018789800436355142,0.6176354970758771,R18_F18_m18f13_P18_Y18_UO40,R18_F18_m13f16_P13_Y16_UO189,R13_F13_m13f16_P13_Y16_UO451,FXX,1,0.0,0,0,0.0,0,0,0,-9999.0,0.5048828125,1,P17_CV0,1,1,1,1,1
18,0.018789800436355142,0.6176354970758771,R18_F18_m18f13_P18_Y18_UO1058,RD18_F13_m13f16_P13_Y16_UO1007,RD13_F18_m18f13_P18_Y16_UO760,FXX,1,0.0,0,0,0.0,0,0,0,-9999.0,0.541015625,1,P17_CV0,1,1,1,2,0
18,0.018789800436355142,0.6176354970758771,R18_F18_m18f13_P18_Y17_UO74,RD18_F13_m18f13_P18_Y15_UO286,RD13_F16_m13f16_P13_Y15_UO556,MXY,2,0.0,1,0,0.0,0,0,0,-9999.0,0.470703125,1,P1_CV0,1,1,1,2,0
18,0.018789800436355142,0.6176354970758771,R18_F18_m18f13_P18_Y17_UO381,RD18_F13_m18f13_P18_Y15_UO286,RD13_F18_m18f13_P18_Y15_UO298,FXX,2,0.0,1,0,1.0,0,0,0,-9999.0,0.455078125,1,P1_CV0,1,1,1,2,0
18,0.018789800436355142,0.6176354970758771,RD18_F13_m13f18_P13_Y18_UO219,R13_F13_m13f16_P13_Y16_UO529,RD18_F13_m18f13_P18_Y16_UO1177,MXY,1,0.0,0,0,0.0,0,0,0,-9999.0,0.49853515625,1,P2_CV0,1,0,2,1,1
18,0.018789800436355142,0.6176354970758771,RD18_F13_m13f18_P13_Y18_UO220,R13_F13_m13f16_P13_Y16_UO529,RD18_F13_m18f13_P18_Y16_UO1177,MXY,1,0.0,0,0,0.0,0,0,0,-9999.0,0.49853515625,1,P2_CV0,1,0,2,1,1
18,0.018789800436355142,0.6176354970758771,RD18_F13_m13f18_P13_Y18_UO223,R13_F13_m13f16_P13_Y16_UO529,RD18_F13_m18f13_P18_Y16_UO1177,MXY,1,0.0,0,0,0.0,0,0,0,-9999.0,0.49853515625,1,P2_CV0,1,1,1,2,0
18,0.018789800436355142,0.6176354970758771,RD18_F13_m13f18_P13_Y18_UO357,RD13_F16_m16f13_P16_Y16_UO669,RD18_F13_m18f13_P18_Y16_UO1177,MXY,1,0.0,0,0,0.0,0,0,0,-9999.0,0.47607421875,1,P2_CV0,1,1,1,1,1
18,0.018789800436355142,0.6176354970758771,RD18_F13_m13f18_P13_Y18_UO362,RD13_F16_m16f13_P16_Y16_UO669,RD18_F13_m18f13_P18_Y16_UO1177,MXY,1,0.0,0,0,0.0,0,0,0,-9999.0,0.47607421875,1,P2_CV0,1,1,1,1,1
18,0.018789800436355142,0.6176354970758771,RD18_F13_m13f18_P13_Y18_UO500,RD13_F16_m16f13_P16_Y16_UO669,R18_F18_m18f13_P18_Y16_UO343,MXY,1,0.0,0,0,0.0,0,0,0,-9999.0,0.49951171875,1,P2_CV0,1,1,1,1,1
18,0.018789800436355142,0.6176354970758771,RD18_F13_m13f18_P13_Y18_UO502,RD13_F16_m16f13_P16_Y16_UO669,R18_F18_m18f13_P18_Y16_UO343,MXY,1,0.0,0,0,0.0,0,0,0,-9999.0,0.49951171875,1,P2_CV0,1,1,1,1,1
18,0.018789800436355142,0.6176354970758771,RD18_F13_m13f18_P13_Y18_UO503,RD13_F16_m16f13_P16_Y16_UO669,R18_F18_m18f13_P18_Y16_UO343,FXX,1,0.0,0,0,0.0,0,0,0,-9999.0,0.49951171875,1,P2_CV0,1,1,1,2,0
18,0.018789800436355142,0.6176354970758771,RD18_F13_m13f16_P13_Y18_UO620,R13_F13_m18f13_P18_Y16_UO105,R16_F16_m13f16_P13_Y16_UO193,MXY,1,0.0,0,0,0.0,0,0,0,-9999.0,0.49951171875,1,P2_CV0,1,2,0,1,1
18,0.018789800436355142,0.6176354970758771,RD18_F13_m13f16_P13_Y18_UO623,R13_F13_m18f13_P18_Y16_UO105,R16_F16_m13f16_P13_Y16_UO193,MXY,1,0.0,0,0,0.0,0,0,0,-9999.0,0.49951171875,1,P2_CV0,1,1,1,1,1
18,0.018789800436355142,0.6176354970758771,R18_F18_m18f13_P18_Y18_UO45,RD18_F13_m18f13_P18_Y16_UO14,RD13_F18_m18f13_P18_Y16_UO17,FXX,1,0.0,0,0,0.0,0,0,0,-9999.0,0.5400390625,1,P2_CV0,1,1,1,1,1
18,0.018789800436355142,0.6176354970758771,R18_F18_m18f13_P18_Y18_UO435,RD18_F13_m18f13_P18_Y16_UO14,R13_F13_m16f13_P16_Y16_UO620,FXX,1,0.0,0,0,0.0,0,0,0,-9999.0,0.50537109375,1,P2_CV0,1,2,0,2,0
18,0.018789800436355142,0.6176354970758771,R18_F18_m18f13_P18_Y18_UO508,RD18_F13_m18f13_P18_Y16_UO14,RD13_F16_m16f13_P16_Y16_UO165,MXY,1,0.0,0,0,0.0,0,0,0,-9999.0,0.5244140625,1,P2_CV0,1,2,0,2,0
18,0.018789800436355142,0.6176354970758771,R18_F18_m18f13_P18_Y18_UO514,RD18_F13_m18f13_P18_Y16_UO14,RD13_F16_m16f13_P16_Y16_UO165,FXX,1,0.0,0,0,0.0,0,0,0,-9999.0,0.5244140625,1,P2_CV0,1,2,0,1,1
18,0.018789800436355142,0.6176354970758771,R18_F18_m18f13_P18_Y18_UO515,RD18_F13_m18f13_P18_Y16_UO14,RD13_F16_m16f13_P16_Y16_UO165,FXX,1,0.0,0,0,0.0,0,0,0,-9999.0,0.5244140625,1,P2_CV0,1,2,0,1,1
18,0.018789800436355142,0.6176354970758771,R18_F18_m18f13_P18_Y18_UO1083,RD18_F13_m18f13_P18_Y16_UO100,R13_F13_m18f13_P18_Y14_UO744,MXY,1,0.0,0,0,0.0,0,0,0,-9999.0,0.513671875,1,P2_CV0,1,1,1,1,1
18,0.018789800436355142,0.6176354970758771,RD18_F13_m18f13_P18_Y16_UO105,R18_F18_m18f13_P18_Y14_UO1092,R13_F13_m13f16_P13_Y14_UO436,FXX,3,0.0,1,0,1.0,0,0,0,-9999.0,0.48046875,1,P2_CV0,1,2,0,0,2
18,0.018789800436355142,0.6176354970758771,R18_F18_m18f13_P18_Y18_UO33,R18_F18_m13f16_P13_Y16_UO189,R13_F13_m13f16_P13_Y16_UO451,MXY,1,0.0,0,0,0.0,0,0,0,-9999.0,0.5048828125,1,P3_CV0,1,0,2,1,1
18,0.018789800436355142,0.6176354970758771,R18_F18_m18f13_P18_Y18_UO383,RD18_F13_m18f13_P18_Y16_UO580,RD13_F18_m13f18_P13_Y16_UO792,MXY,1,0.0,0,0,0.0,0,0,0,-9999.0,0.5361328125,1,P3_CV0,1,1,1,1,1
18,0.018789800436355142,0.6176354970758771,R18_F18_m18f13_P18_Y18_UO388,RD18_F13_m18f13_P18_Y16_UO580,RD13_F18_m13f18_P13_Y16_UO792,MXY,1,0.0,0,0,0.0,0,0,0,-9999.0,0.5361328125,1,P3_CV0,1,1,1,1,1
18,0.018789800436355142,0.6176354970758771,R18_F18_m18f13_P18_Y18_UO538,R18_F18_m18f13_P18_Y16_UO1051,RD13_F18_m13f18_P13_Y16_UO792,FXX,1,0.0,0,0,0.0,0,0,0,-9999.0,0.52294921875,1,P3_CV0,1,0,2,1,1
18,0.018789800436355142,0.6176354970758771,R18_F18_m18f13_P18_Y18_UO539,R18_F18_m18f13_P18_Y16_UO1051,RD13_F18_m13f18_P13_Y16_UO792,MXY,1,0.0,0,0,0.0,0,0,0,-9999.0,0.52294921875,1,P3_CV0,1,0,2,1,1
18,0.018789800436355142,0.6176354970758771,R18_F18_m18f13_P18_Y18_UO543,R18_F18_m18f13_P18_Y16_UO1051,RD13_F18_m13f18_P13_Y16_UO792,MXY,1,0.0,0,0,0.0,0,0,0,-9999.0,0.52294921875,1,P3_CV0,1,0,2,1,1
18,0.018789800436355142,0.6176354970758771,R18_F18_m18f13_P18_Y18_UO1053,RD18_F13_m13f16_P13_Y16_UO1007,RD13_F18_m18f13_P18_Y16_UO760,FXX,1,0.0,0,0,0.0,0,0,0,-9999.0,0.541015625,1,P3_CV0,1,2,0,2,0
18,0.018789800436355142,0.6176354970758771,RD18_F13_m13f18_P13_Y18_UO672,R13_F13_m16f13_P16_Y16_UO1038,RD18_F13_m16f13_P16_Y16_UO1045,MXY,1,0.0,0,0,0.0,0,0,0,-9999.0,0.478515625,1,P5_CV0,1,1,1,1,1
18,0.018789800436355142,0.6176354970758771,RD18_F13_m13f18_P13_Y18_UO673,R13_F13_m16f13_P16_Y16_UO1038,RD18_F13_m16f13_P16_Y16_UO1045,FXX,1,0.0,0,0,0.0,0,0,0,-9999.0,0.478515625,1,P5_CV0,1,2,0,2,0
18,0.018789800436355142,0.6176354970758771,RD18_F13_m13f18_P13_Y18_UO676,R13_F13_m16f13_P16_Y16_UO1038,RD18_F13_m16f13_P16_Y16_UO1045,FXX,1,0.0,0,0,0.0,0,0,0,-9999.0,0.478515625,1,P5_CV0,1,1,1,1,1
18,0.018789800436355142,0.6176354970758771,RD18_F13_m13f18_P13_Y18_UO677,R13_F13_m16f13_P16_Y16_UO1038,RD18_F13_m16f13_P16_Y16_UO1045,MXY,1,0.0,0,0,0.0,0,0,0,-9999.0,0.478515625,1,P5_CV0,1,1,1,1,1
18,0.018789800436355142,0.6176354970758771,RD18_F13_m13f18_P13_Y18_UO174,R13_F13_m13f16_P13_Y16_UO529,RD18_F13_m18f13_P18_Y16_UO1175,MXY,1,0.0,0,0,0.0,0,0,0,-9999.0,0.49853515625,1,P6_CV0,1,2,0,2,0
18,0.018789800436355142,0.6176354970758771,RD18_F13_m13f18_P13_Y18_UO176,R13_F13_m13f16_P13_Y16_UO529,RD18_F13_m18f13_P18_Y16_UO1175,FXX,1,0.0,0,0,0.0,0,0,0,-9999.0,0.49853515625,1,P6_CV0,1,2,0,2,0
18,0.018789800436355142,0.6176354970758771,R18_F18_m18f13_P18_Y18_UO386,RD18_F13_m18f13_P18_Y16_UO580,RD13_F18_m13f18_P13_Y16_UO792,FXX,1,0.0,0,0,0.0,0,0,0,-9999.0,0.5361328125,1,P6_CV0,1,1,1,1,1
18,0.018789800436355142,0.6176354970758771,R18_F18_m18f13_P18_Y18_UO387,RD18_F13_m18f13_P18_Y16_UO580,RD13_F18_m13f18_P13_Y16_UO792,FXX,1,0.0,0,0,0.0,0,0,0,-9999.0,0.5361328125,1,P6_CV0,1,1,1,1,1
18,0.018789800436355142,0.6176354970758771,RD18_F13_m16f13_P16_Y17_UO159,R16_F16_m12f1_P12_Y15_UO17,R13_F13_m18f13_P18_Y15_UO291,FXX,2,0.0,1,0,1.0,0,0,0,-9999.0,0.4658203125,1,P6_CV0,1,1,1,1,1
19,0.6120957227224214,0.6169339968747569,RD19_F17_m17f2_P17_Y18_UO787,RD17_F19_m2f1_P2_Y16_UO985,RD2_F6_m6f2_P6_Y16_UO963,MXY,1,0.0,0,0,0.0,0,0,0,-9999.0,0.42626953125,1,P0_CV0,1,0,2,1,1
19,0.6120957227224214,0.6169339968747569,RD19_F17_m17f2_P17_Y18_UO790,RD17_F19_m2f1_P2_Y16_UO985,RD2_F6_m6f2_P6_Y16_UO963,MXY,1,0.0,0,0,0.0,0,0,0,-9999.0,0.42626953125,1,P0_CV0,1,0,2,0,2
19,0.6120957227224214,0.6169339968747569,R19_F19_m19f2_P19_Y18_UO186,R19_F19_m19f1_P19_Y16_UO694,RD2_F6_m6f2_P6_Y16_UO963,FXX,1,0.0,0,0,0.0,0,0,0,-9999.0,0.44384765625,1,P0_CV0,1,1,1,1,1
19,0.6120957227224214,0.6169339968747569,R19_F19_m19f3_P19_Y18_UO644,RD19_F1_m19f3_P19_Y16_UO325,R3_F3_m1f3_P1_Y16_UO1070,FXX,1,0.0,0,0,0.0,0,0,0,-9999.0,0.4521484375,1,P0_CV0,1,1,1,1,1
19,0.6120957227224214,0.6169339968747569,R19_F19_m19f3_P19_Y18_UO703,R19_F19_m1f17_P1_Y16_UO831,RD3_F1_m1f12_P1_Y16_UO568,MXY,1,0.0,0,0,0.0,0,0,0,-9999.0,0.4365234375,1,P0_CV0,1,0,2,0,2
19,0.6120957227224214,0.6169339968747569,RD19_F3_m3f12_P3_Y18_UO600,RD3_F17_m17f15_P17_Y16_UO866,RD12_F4_m4f7_P4_Y16_UO500,MXY,1,0.0,0,0,0.0,0,0,0,-9999.0,0.451171875,1,P0_CV0,1,0,2,0,2
19,0.6120957227224214,0.6169339968747569,R19_F19_m19f3_P19_Y18_UO701,R19_F19_m1f17_P1_Y16_UO831,RD3_F1_m1f12_P1_Y16_UO568,FXX,1,0.0,0,0,0.0,0,0,0,-9999.0,0.4365234375,1,P0_CV0,1,0,2,0,2
19,0.6120957227224214,0.6169339968747569,R19_F19_m19f3_P19_Y18_UO643,RD19_F1_m19f3_P19_Y16_UO325,R3_F3_m1f3_P1_Y16_UO1070,FXX,1,0.0,0,0,0.0,0,0,0,-9999.0,0.4521484375,1,P0_CV0,1,1,1,1,1
19,0.6120957227224214,0.6169339968747569,R19_F19_m19f2_P19_Y16_UO1162,RD19_F17_m17f1_P17_Y14_UO990,RD2_F17_m15f2_P15_Y14_UO960,FXX,3,0.0,1,0,1.0,0,0,0,-9999.0,0.4306640625,1,P0_CV0,1,1,1,2,0
19,0.6120957227224214,0.6169339968747569,RD19_F17_m17f19_P17_Y18_UO170,R17_F17_m17f1_P17_Y16_UO138,RD19_F2_m6f2_P6_Y15_UO636,FXX,1,0.0,0,0,0.0,0,0,0,-9999.0,0.45849609375,1,P11_CV0,1,1,1,1,1
19,0.6120957227224214,0.6169339968747569,R19_F19_m17f2_P17_Y17_UO194,R17_F17_m15f17_P15_Y15_UO566,RD2_F6_m2f1_P2_Y15_UO224,MXY,2,0.0,1,0,0.0,0,0,0,-9999.0,0.46484375,1,P11_CV0,1,1,1,1,1
19,0.6120957227224214,0.6169339968747569,R19_F19_m2f6_P2_Y17_UO81,RD2_F6_m2f6_P2_Y15_UO489,RD6_F2_m2f6_P2_Y13_UO886,MXY,2,0.0,1,0,0.0,0,0,0,-9999.0,0.4609375,1,P11_CV0,1,1,1,2,0
19,0.6120957227224214,0.6169339968747569,R19_F19_m19f3_P19_Y18_UO647,R19_F19_m19f1_P19_Y16_UO584,R3_F3_m1f3_P1_Y14_UO549,FXX,1,0.0,0,0,0.0,0,0,0,-9999.0,0.4482421875,1,P12_CV0,1,1,1,2,0
19,0.6120957227224214,0.6169339968747569,RD19_F2_m2f6_P2_Y18_UO953,RD2_F6_m2f17_P2_Y16_UO776,RD6_F2_m1f17_P1_Y16_UO1110,FXX,1,0.0,0,0,0.0,0,0,0,-9999.0,0.42626953125,1,P12_CV0,1,0,2,2,0
19,0.6120957227224214,0.6169339968747569,RD19_F17_m17f1_P17_Y18_UO242,R17_F17_m19f17_P19_Y16_UO32,RD1_F12_m16f13_P16_Y16_UO879,FXX,1,0.0,0,0,0.0,0,0,0,-9999.0,0.48388671875,1,P12_CV0,1,2,0,1,1
19,0.6120957227224214,0.6169339968747569,R19_F19_m19f3_P19_Y18_UO893,R19_F19_m1f17_P1_Y16_UO831,RD3_F19_m19f3_P19_Y16_UO599,MXY,1,0.0,0,0,0.0,0,0,0,-9999.0,0.44287109375,1,P12_CV0,1,0,2,0,2
19,0.6120957227224214,0.6169339968747569,R19_F19_m19f2_P19_Y18_UO381,R19_F19_m19f1_P19_Y16_UO694,RD2_F6_m6f2_P6_Y16_UO237,MXY,1,0.0,0,0,0.0,0,0,0,-9999.0,0.45263671875,1,P12_CV0,1,1,1,2,0
19,0.6120957227224214,0.6169339968747569,R19_F19_m19f3_P19_Y18_UO890,R19_F19_m1f17_P1_Y16_UO831,RD3_F19_m19f3_P19_Y16_UO599,MXY,1,0.0,0,0,0.0,0,0,0,-9999.0,0.44287109375,1,P12_CV0,1,0,2,1,1
19,0.6120957227224214,0.6169339968747569,R19_F19_m19f1_P19_Y18_UO1022,R19_F19_m19f2_P19_Y16_UO898,RD1_F12_m4f12_P4_Y16_UO753,MXY,1,0.0,0,0,0.0,0,0,0,-9999.0,0.474609375,1,P12_CV0,1,2,0,2,0
19,0.6120957227224214,0.6169339968747569,R19_F19_m19f3_P19_Y18_UO646,R19_F19_m19f1_P19_Y16_UO584,R3_F3_m1f3_P1_Y14_UO549,MXY,1,0.0,0,0,0.0,0,0,0,-9999.0,0.4482421875,1,P12_CV0,1,1,1,2,0
19,0.6120957227224214,0.6169339968747569,RD19_F2_m2f1_P2_Y18_UO612,RD2_F6_m6f2_P6_Y16_UO229,R1_F1_m1f3_P1_Y16_UO1073,FXX,1,0.0,0,0,0.0,0,0,0,-9999.0,0.45166015625,1,P14_CV0,1,1,1,2,0
19,0.6120957227224214,0.6169339968747569,R19_F19_m19f17_P19_Y18_UO439,R19_F19_m19f1_P19_Y16_UO584,RD17_F19_m19f3_P19_Y16_UO324,FXX,1,0.0,0,0,0.0,0,0,0,-9999.0,0.44287109375,1,P14_CV0,1,0,2,2,0
19,0.6120957227224214,0.6169339968747569,R19_F19_m19f17_P19_Y18_UO1085,R19_F19_m1f3_P1_Y16_UO1071,R17_F17_m1f3_P1_Y16_UO1056,MXY,1,0.0,0,0,0.0,0,0,0,-9999.0,0.45849609375,1,P14_CV0,1,0,2,0,2
19,0.6120957227224214,0.6169339968747569,RD19_F3_m3f19_P3_Y18_UO142,RD3_F12_m7f12_P7_Y16_UO431,R19_F19_m1f17_P1_Y16_UO829,FXX,1,0.0,0,0,0.0,0,0,0,-9999.0,0.45361328125,1,P14_CV0,1,0,2,1,1
19,0.6120957227224214,0.6169339968747569,R19_F19_m19f17_P19_Y18_UO1149,R19_F19_m1f3_P1_Y16_UO673,RD17_F3_m3f19_P3_Y16_UO870,FXX,1,0.0,0,0,0.0,0,0,0,-9999.0,0.45068359375,1,P14_CV0,1,0,2,1,1
19,0.6120957227224214,0.6169339968747569,RD19_F3_m3f17_P3_Y18_UO448,R3_F3_m3f1_P3_Y16_UO426,R17_F17_m17f19_P17_Y16_UO465,MXY,1,0.0,0,0,0.0,0,0,0,-9999.0,0.4482421875,1,P14_CV0,1,1,1,0,2
19,0.6120957227224214,0.6169339968747569,R19_F19_m19f17_P19_Y18_UO1086,R19_F19_m1f3_P1_Y16_UO1071,R17_F17_m1f3_P1_Y16_UO1056,MXY,1,0.0,0,0,0.0,0,0,0,-9999.0,0.45849609375,1,P14_CV0,1,0,2,2,0
19,0.6120957227224214,0.6169339968747569,RD19_F17_m17f1_P17_Y18_UO864,R17_F17_m15f17_P15_Y16_UO804,R1_F1_m1f12_P1_Y16_UO215,MXY,1,0.0,0,0,0.0,0,0,0,-9999.0,0.4580078125,1,P14_CV0,1,1,1,1,1
19,0.6120957227224214,0.6169339968747569,R19_F19_m19f1_P19_Y18_UO204,RD19_F1_m1f3_P1_Y16_UO678,R1_F1_m3f12_P3_Y16_UO1023,FXX,1,0.0,0,0,0.0,0,0,0,-9999.0,0.462890625,1,P15_CV0,1,0,2,2,0
19,0.6120957227224214,0.6169339968747569,RD19_F1_m1f17_P1_Y18_UO460,RD1_F2_m19f3_P19_Y16_UO1085,R17_F17_m17f19_P17_Y16_UO1159,MXY,1,0.0,0,0,0.0,0,0,0,-9999.0,0.4580078125,1,P15_CV0,1,2,0,2,0
19,0.6120957227224214,0.6169339968747569,R19_F19_m19f1_P19_Y18_UO1024,R19_F19_m19f2_P19_Y16_UO898,RD1_F12_m4f12_P4_Y16_UO753,FXX,1,0.0,0,0,0.0,0,0,0,-9999.0,0.474609375,1,P16_CV0,1,1,1,2,0
19,0.6120957227224214,0.6169339968747569,RD19_F2_m2f17_P2_Y18_UO303,R2_F2_m15f17_P15_Y16_UO1019,RD17_F15_m2f19_P2_Y16_UO910,MXY,1,0.0,0,0,0.0,0,0,0,-9999.0,0.44775390625,1,P16_CV0,1,1,1,1,1
19,0.6120957227224214,0.6169339968747569,RD19_F2_m2f17_P2_Y18_UO301,R2_F2_m15f17_P15_Y16_UO1019,RD17_F15_m2f19_P2_Y16_UO910,MXY,1,0.0,0,0,0.0,0,0,0,-9999.0,0.44775390625,1,P16_CV0,1,1,1,0,2
19,0.6120957227224214,0.6169339968747569,RD19_F2_m2f17_P2_Y18_UO257,RD2_F6_m2f1_P2_Y16_UO980,R17_F17_m19f1_P19_Y16_UO644,FXX,1,0.0,0,0,0.0,0,0,0,-9999.0,0.42919921875,1,P16_CV0,1,0,2,1,1
19,0.6120957227224214,0.6169339968747569,R19_F19_m19f2_P19_Y18_UO1217,RD19_F1_m1f3_P1_Y16_UO678,RD2_F17_m19f1_P19_Y16_UO150,FXX,1,0.0,0,0,0.0,0,0,0,-9999.0,0.439453125,1,P18_CV0,1,1,1,2,0
19,0.6120957227224214,0.6169339968747569,R19_F19_m19f2_P19_Y18_UO802,R19_F19_m19f1_P19_Y16_UO584,RD2_F19_m19f17_P19_Y16_UO687,FXX,1,0.0,0,0,0.0,0,0,0,-9999.0,0.45361328125,1,P18_CV0,1,1,1,2,0
19,0.6120957227224214,0.6169339968747569,RD19_F17_m17f3_P17_Y18_UO631,R17_F17_m15f17_P15_Y16_UO804,RD3_F19_m2f1_P2_Y16_UO987,MXY,1,0.0,0,0,0.0,0,0,0,-9999.0,0.43505859375,1,P18_CV0,1,0,2,1,1
19,0.6120957227224214,0.6169339968747569,RD19_F1_m1f2_P1_Y18_UO640,RD1_F19_m19f2_P19_Y16_UO90,RD2_F19_m19f17_P19_Y16_UO687,MXY,1,0.0,0,0,0.0,0,0,0,-9999.0,0.44287109375,1,P18_CV0,1,2,0,0,2
19,0.6120957227224214,0.6169339968747569,RD19_F2_m2f19_P2_Y18_UO164,RD2_F19_m19f17_P19_Y16_UO217,R19_F19_m19f17_P19_Y16_UO504,MXY,1,0.0,0,0,0.0,0,0,0,-9999.0,0.4521484375,1,P18_CV0,1,1,1,0,2
19,0.6120957227224214,0.6169339968747569,RD19_F17_m17f2_P17_Y18_UO304,RD17_F1_m1f17_P1_Y16_UO526,RD2_F19_m19f2_P19_Y16_UO750,FXX,1,0.0,0,0,0.0,0,0,0,-9999.0,0.46240234375,1,P18_CV0,1,0,2,2,0
19,0.6120957227224214,0.6169339968747569,R19_F19_m19f2_P19_Y18_UO805,R19_F19_m19f1_P19_Y16_UO584,RD2_F19_m19f17_P19_Y16_UO687,MXY,1,0.0,0,0,0.0,0,0,0,-9999.0,0.45361328125,1,P18_CV0,1,1,1,2,0
19,0.6120957227224214,0.6169339968747569,RD19_F1_m1f2_P1_Y18_UO636,RD1_F19_m19f2_P19_Y16_UO90,RD2_F19_m19f17_P19_Y16_UO687,MXY,1,0.0,0,0,0.0,0,0,0,-9999.0,0.44287109375,1,P18_CV0,1,2,0,0,2
19,0.6120957227224214,0.6169339968747569,RD19_F3_m3f19_P3_Y18_UO956,RD3_F19_m3f19_P3_Y16_UO560,R19_F19_m19f17_P19_Y16_UO504,MXY,1,0.0,0,0,0.0,0,0,0,-9999.0,0.45166015625,1,P18_CV0,1,0,2,1,1
19,0.6120957227224214,0.6169339968747569,RD19_F1_m1f12_P1_Y18_UO1198,R1_F1_m19f17_P19_Y16_UO505,RD12_F7_m4f7_P4_Y16_UO808,FXX,1,0.0,0,0,0.0,0,0,0,-9999.0,0.45361328125,1,P18_CV0,1,1,1,1,1
19,0.6120957227224214,0.6169339968747569,RD19_F1_m1f12_P1_Y18_UO1124,R1_F1_m19f17_P19_Y16_UO505,R12_F12_m4f12_P4_Y16_UO1204,FXX,1,0.0,0,0,0.0,0,0,0,-9999.0,0.45556640625,1,P18_CV0,1,2,0,1,1
19,0.6120957227224214,0.6169339968747569,RD19_F3_m3f17_P3_Y18_UO1177,RD3_F19_m19f2_P19_Y16_UO1090,RD17_F15_m2f15_P2_Y16_UO276,MXY,1,0.0,0,0,0.0,0,0,0,-9999.0,0.44384765625,1,P18_CV0,1,1,1,0,2
19,0.6120957227224214,0.6169339968747569,R19_F19_m19f2_P19_Y18_UO1216,RD19_F1_m1f3_P1_Y16_UO678,RD2_F17_m19f1_P19_Y16_UO150,FXX,1,0.0,0,0,0.0,0,0,0,-9999.0,0.439453125,1,P18_CV0,1,1,1,2,0
19,0.6120957227224214,0.6169339968747569,RD19_F2_m15f17_P15_Y17_UO304,R15_F15_m15f17_P15_Y15_UO320,R17_F17_m15f2_P15_Y14_UO135,FXX,2,0.0,1,0,1.0,0,0,0,-9999.0,0.439453125,1,P18_CV0,1,0,2,0,2
19,0.6120957227224214,0.6169339968747569,R19_F19_m19f3_P19_Y18_UO139,R19_F19_m19f17_P19_Y16_UO31,RD3_F19_m2f1_P2_Y16_UO987,FXX,1,0.0,0,0,0.0,0,0,0,-9999.0,0.43115234375,1,P1_CV0,1,0,2,2,0
19,0.6120957227224214,0.6169339968747569,RD19_F17_m17f19_P17_Y18_UO167,R17_F17_m17f1_P17_Y16_UO138,RD19_F2_m6f2_P6_Y15_UO636,MXY,1,0.0,0,0,0.0,0,0,0,-9999.0,0.45849609375,1,P1_CV0,1,1,1,1,1
19,0.6120957227224214,0.6169339968747569,RD19_F2_m2f1_P2_Y18_UO684,RD2_F6_m2f15_P2_Y16_UO123,R1_F1_m1f2_P1_Y15_UO429,FXX,1,0.0,0,0,0.0,0,0,0,-9999.0,0.44775390625,1,P1_CV0,1,0,2,0,2
19,0.6120957227224214,0.6169339968747569,R19_F19_m19f3_P19_Y18_UO138,R19_F19_m19f17_P19_Y16_UO31,RD3_F19_m2f1_P2_Y16_UO987,MXY,1,0.0,0,0,0.0,0,0,0,-9999.0,0.43115234375,1,P1_CV0,1,1,1,1,1
19,0.6120957227224214,0.6169339968747569,RD19_F17_m17f19_P17_Y18_UO555,RD17_F15_m2f15_P2_Y16_UO119,RD19_F1_m1f17_P1_Y16_UO1109,MXY,1,0.0,0,0,0.0,0,0,0,-9999.0,0.43212890625,1,P1_CV0,1,0,2,2,0
19,0.6120957227224214,0.6169339968747569,RD19_F2_m2f1_P2_Y18_UO682,RD2_F6_m2f15_P2_Y16_UO123,R1_F1_m1f2_P1_Y15_UO429,FXX,1,0.0,0,0,0.0,0,0,0,-9999.0,0.44775390625,1,P1_CV0,1,0,2,1,1
19,0.6120957227224214,0.6169339968747569,RD19_F3_m3f1_P3_Y18_UO1181,R3_F3_m3f17_P3_Y16_UO1014,R1_F1_m12f16_P12_Y16_UO501,MXY,1,0.0,0,0,0.0,0,0,0,-9999.0,0.45849609375,1,P1_CV0,1,0,2,1,1
19,0.6120957227224214,0.6169339968747569,R19_F19_m19f17_P19_Y18_UO1150,R19_F19_m1f3_P1_Y16_UO673,RD17_F3_m3f19_P3_Y16_UO870,FXX,1,0.0,0,0,0.0,0,0,0,-9999.0,0.45068359375,1,P1_CV0,1,0,2,1,1
19,0.6120957227224214,0.6169339968747569,RD19_F17_m17f3_P17_Y18_UO630,R17_F17_m15f17_P15_Y16_UO804,RD3_F19_m2f1_P2_Y16_UO987,FXX,1,0.0,0,0,0.0,0,0,0,-9999.0,0.43505859375,1,P1_CV0,1,0,2,0,2
19,0.6120957227224214,0.6169339968747569,R19_F19_m17f3_P17_Y16_UO943,RD17_F15_m15f2_P15_Y14_UO429,R3_F3_m3f17_P3_Y14_UO986,FXX,3,0.0,1,0,1.0,0,0,0,-9999.0,0.4228515625,1,P1_CV0,1,0,2,0,2
19,0.6120957227224214,0.6169339968747569,RD19_F1_m1f3_P1_Y16_UO372,RD1_F17_m15f17_P15_Y14_UO242,R3_F3_m19f3_P19_Y14_UO1066,MXY,3,0.0,1,0,0.0,0,0,0,-9999.0,0.435546875,1,P1_CV0,1,0,2,1,1
19,0.6120957227224214,0.6169339968747569,R19_F19_m19f3_P19_Y18_UO730,R19_F19_m19f1_P19_Y16_UO694,RD3_F1_m17f19_P17_Y16_UO842,MXY,1,0.0,0,0,0.0,0,0,0,-9999.0,0.462890625,1,P2_CV0,1,0,2,2,0
19,0.6120957227224214,0.6169339968747569,R19_F19_m19f3_P19_Y18_UO815,R19_F19_m19f2_P19_Y16_UO748,RD3_F1_m17f19_P17_Y16_UO842,MXY,1,0.0,0,0,0.0,0,0,0,-9999.0,0.45263671875,1,P2_CV0,1,0,2,1,1
19,0.6120957227224214,0.6169339968747569,R19_F19_m19f3_P19_Y18_UO811,R19_F19_m19f2_P19_Y16_UO748,RD3_F1_m17f19_P17_Y16_UO842,MXY,1,0.0,0,0,0.0,0,0,0,-9999.0,0.45263671875,1,P2_CV0,1,0,2,1,1
19,0.6120957227224214,0.6169339968747569,R19_F19_m19f2_P19_Y18_UO188,R19_F19_m19f1_P19_Y16_UO694,RD2_F6_m6f2_P6_Y16_UO963,MXY,1,0.0,0,0,0.0,0,0,0,-9999.0,0.44384765625,1,P2_CV0,1,1,1,2,0
19,0.6120957227224214,0.6169339968747569,RD19_F3_m3f17_P3_Y18_UO1174,RD3_F19_m19f2_P19_Y16_UO1090,RD17_F15_m2f15_P2_Y16_UO276,MXY,1,0.0,0,0,0.0,0,0,0,-9999.0,0.44384765625,1,P2_CV0,1,2,0,0,2
19,0.6120957227224214,0.6169339968747569,RD19_F3_m3f17_P3_Y18_UO5,R3_F3_m17f3_P17_Y16_UO481,RD17_F19_m19f3_P19_Y16_UO743,MXY,1,0.0,0,0,0.0,0,0,0,-9999.0,0.43408203125,1,P2_CV0,1,0,2,1,1
19,0.6120957227224214,0.6169339968747569,R19_F19_m19f3_P19_Y18_UO892,R19_F19_m1f17_P1_Y16_UO831,RD3_F19_m19f3_P19_Y16_UO599,MXY,1,0.0,0,0,0.0,0,0,0,-9999.0,0.44287109375,1,P2_CV0,1,0,2,1,1
19,0.6120957227224214,0.6169339968747569,R19_F19_m19f3_P19_Y18_UO702,R19_F19_m1f17_P1_Y16_UO831,RD3_F1_m1f12_P1_Y16_UO568,FXX,1,0.0,0,0,0.0,0,0,0,-9999.0,0.4365234375,1,P2_CV0,1,0,2,0,2
19,0.6120957227224214,0.6169339968747569,RD19_F17_m17f15_P17_Y18_UO137,RD17_F15_m17f19_P17_Y16_UO1094,R15_F15_m15f2_P15_Y16_UO800,MXY,1,0.0,0,0,0.0,0,0,0,-9999.0,0.43359375,1,P2_CV0,1,1,1,1,1
19,0.6120957227224214,0.6169339968747569,R19_F19_m19f3_P19_Y18_UO731,R19_F19_m19f1_P19_Y16_UO694,RD3_F1_m17f19_P17_Y16_UO842,MXY,1,0.0,0,0,0.0,0,0,0,-9999.0,0.462890625,1,P2_CV0,1,0,2,2,0
19,0.6120957227224214,0.6169339968747569,R19_F19_m19f3_P19_Y18_UO733,R19_F19_m19f1_P19_Y16_UO694,RD3_F1_m17f19_P17_Y16_UO842,MXY,1,0.0,0,0,0.0,0,0,0,-9999.0,0.462890625,1,P2_CV0,1,1,1,2,0
19,0.6120957227224214,0.6169339968747569,R19_F19_m19f3_P19_Y18_UO891,R19_F19_m1f17_P1_Y16_UO831,RD3_F19_m19f3_P19_Y16_UO599,FXX,1,0.0,0,0,0.0,0,0,0,-9999.0,0.44287109375,1,P2_CV0,1,0,2,0,2
19,0.6120957227224214,0.6169339968747569,RD19_F3_m3f1_P3_Y18_UO197,R3_F3_m17f3_P17_Y16_UO481,R1_F1_m1f3_P1_Y16_UO1055,FXX,1,0.0,0,0,0.0,0,0,0,-9999.0,0.44189453125,1,P2_CV0,1,0,2,1,1
19,0.6120957227224214,0.6169339968747569,R19_F19_m19f2_P19_Y18_UO380,R19_F19_m19f1_P19_Y16_UO694,RD2_F6_m6f2_P6_Y16_UO237,FXX,1,0.0,0,0,0.0,0,0,0,-9999.0,0.45263671875,1,P2_CV0,1,0,2,0,2
19,0.6120957227224214,0.6169339968747569,R19_F19_m19f2_P19_Y18_UO376,R19_F19_m19f1_P19_Y16_UO694,RD2_F6_m6f2_P6_Y16_UO237,FXX,1,0.0,0,0,0.0,0,0,0,-9999.0,0.45263671875,1,P2_CV0,1,1,1,2,0
19,0.6120957227224214,0.6169339968747569,R19_F19_m19f3_P19_Y18_UO645,R19_F19_m19f1_P19_Y16_UO584,R3_F3_m1f3_P1_Y14_UO549,FXX,1,0.0,0,0,0.0,0,0,0,-9999.0,0.4482421875,1,P3_CV0,1,1,1,2,0
19,0.6120957227224214,0.6169339968747569,R19_F19_m19f2_P19_Y18_UO17,R19_F19_m1f12_P1_Y16_UO556,R2_F2_m6f2_P6_Y16_UO242,FXX,1,0.0,0,0,0.0,0,0,0,-9999.0,0.46728515625,1,P5_CV0,1,0,2,2,0
19,0.6120957227224214,0.6169339968747569,R19_F19_m19f17_P19_Y18_UO288,R19_F19_m1f12_P1_Y16_UO556,R17_F17_m3f1_P3_Y16_UO632,FXX,1,0.0,0,0,0.0,0,0,0,-9999.0,0.47705078125,1,P5_CV0,1,1,1,1,1
19,0.6120957227224214,0.6169339968747569,R19_F19_m19f17_P19_Y18_UO886,R19_F19_m17f3_P17_Y16_UO1000,R17_F17_m2f6_P2_Y16_UO853,MXY,1,0.0,0,0,0.0,0,0,0,-9999.0,0.43603515625,1,P5_CV0,1,2,0,1,1
19,0.6120957227224214,0.6169339968747569,R19_F19_m19f2_P19_Y18_UO16,R19_F19_m1f12_P1_Y16_UO556,R2_F2_m6f2_P6_Y16_UO242,MXY,1,0.0,0,0,0.0,0,0,0,-9999.0,0.46728515625,1,P5_CV0,1,0,2,2,0
19,0.6120957227224214,0.6169339968747569,R19_F19_m19f17_P19_Y18_UO290,R19_F19_m1f12_P1_Y16_UO556,R17_F17_m3f1_P3_Y16_UO632,MXY,1,0.0,0,0,0.0,0,0,0,-9999.0,0.47705078125,1,P5_CV0,1,1,1,2,0
19,0.6120957227224214,0.6169339968747569,R19_F19_m19f1_P19_Y18_UO801,R19_F19_m17f1_P17_Y16_UO147,R1_F1_m19f2_P19_Y16_UO897,MXY,1,0.0,0,0,0.0,0,0,0,-9999.0,0.4482421875,1,P5_CV0,1,1,1,2,0
19,0.6120957227224214,0.6169339968747569,RD19_F3_m3f19_P3_Y18_UO1089,RD3_F19_m19f3_P19_Y16_UO1084,R19_F19_m19f3_P19_Y14_UO120,FXX,1,0.0,0,0,0.0,0,0,0,-9999.0,0.43994140625,1,P5_CV0,1,1,1,1,1
19,0.6120957227224214,0.6169339968747569,RD19_F3_m3f19_P3_Y18_UO1088,RD3_F19_m19f3_P19_Y16_UO1084,R19_F19_m19f3_P19_Y14_UO120,MXY,1,0.0,0,0,0.0,0,0,0,-9999.0,0.43994140625,1,P5_CV0,1,1,1,1,1
19,0.6120957227224214,0.6169339968747569,R19_F19_m19f1_P19_Y18_UO797,R19_F19_m17f1_P17_Y16_UO147,R1_F1_m1f17_P1_Y16_UO650,MXY,1,0.0,0,0,0.0,0,0,0,-9999.0,0.42578125,1,P5_CV0,1,0,2,2,0
19,0.6120957227224214,0.6169339968747569,R19_F19_m19f1_P19_Y18_UO796,R19_F19_m17f1_P17_Y16_UO147,R1_F1_m1f17_P1_Y16_UO650,FXX,1,0.0,0,0,0.0,0,0,0,-9999.0,0.42578125,1,P5_CV0,1,1,1,2,0
19,0.6120957227224214,0.6169339968747569,RD19_F1_m1f12_P1_Y18_UO568,RD1_F19_m19f1_P19_Y16_UO389,RD12_F4_m4f7_P4_Y16_UO500,MXY,1,0.0,0,0,0.0,0,0,0,-9999.0,0.4619140625,1,P5_CV0,1,1,1,0,2
19,0.6120957227224214,0.6169339968747569,R19_F19_m17f3_P17_Y17_UO291,RD17_F2_m2f19_P2_Y15_UO101,RD3_F19_m19f17_P19_Y15_UO125,FXX,2,0.0,1,0,1.0,0,0,0,-9999.0,0.427734375,1,P5_CV0,1,2,0,1,1
19,0.6120957227224214,0.6169339968747569,RD19_F3_m3f1_P3_Y17_UO332,RD3_F1_m1f2_P1_Y15_UO425,RD1_F19_m19f17_P19_Y15_UO127,FXX,2,0.0,1,0,1.0,0,0,0,-9999.0,0.44140625,1,P5_CV0,1,0,2,0,2
19,0.6120957227224214,0.6169339968747569,R19_F19_m1f12_P1_Y16_UO556,R1_F1_m19f17_P19_Y14_UO79,RD12_F16_m13f16_P13_Y14_UO852,FXX,3,0.0,1,0,1.0,0,0,0,-9999.0,0.4951171875,1,P5_CV0,1,0,2,2,0
19,0.6120957227224214,0.6169339968747569,RD19_F3_m3f1_P3_Y17_UO162,RD3_F1_m1f17_P1_Y15_UO692,R1_F1_m1f17_P1_Y15_UO584,MXY,2,0.0,1,0,0.0,0,0,0,-9999.0,0.466796875,1,P6_CV0,1,2,0,0,2
19,0.6120957227224214,0.6169339968747569,R19_F19_m17f19_P17_Y17_UO267,RD17_F2_m2f19_P2_Y15_UO101,RD19_F2_m15f17_P15_Y15_UO559,MXY,2,0.0,1,0,0.0,0,0,0,-9999.0,0.4443359375,1,P6_CV0,1,1,1,1,1
19,0.6120957227224214,0.6169339968747569,RD19_F3_m3f1_P3_Y17_UO170,RD3_F1_m1f17_P1_Y15_UO692,R1_F1_m1f17_P1_Y15_UO584,MXY,2,0.0,1,0,0.0,0,0,0,-9999.0,0.466796875,1,P6_CV0,1,1,1,1,1
19,0.6120957227224214,0.6169339968747569,RD19_F1_m19f2_P19_Y16_UO897,R19_F19_m2f19_P2_Y14_UO1155,R2_F2_m6f2_P6_Y14_UO729,MXY,3,0.0,1,0,0.0,0,0,0,-9999.0,0.4619140625,1,P6_CV0,1,0,2,2,0
20,0.9437480785146242,0.6818202991034834,RD20_F11_m20f11_P20_Y17_UO247,RD20_F11_m20f11_P20_Y15_UO579,RD11_F20_m20f11_P20_Y15_UO441,MXY,2,0.0,1,0,0.0,0,0,0,-9999.0,0.625,1,P10_CV0,1,2,0,0,2
20,0.9437480785146242,0.6818202991034834,RD20_F11_m20f11_P20_Y17_UO273,R20_F20_m11f20_P11_Y15_UO620,RD11_F20_m11f20_P11_Y15_UO361,MXY,2,0.0,1,0,0.0,0,0,0,-9999.0,0.6005859375,1,P10_CV0,1,2,0,1,1
20,0.9437480785146242,0.6818202991034834,RD20_F11_m20f11_P20_Y17_UO270,RD20_F11_m20f11_P20_Y15_UO378,RD11_F20_m20f11_P20_Y15_UO92,MXY,2,0.0,1,0,0.0,0,0,0,-9999.0,0.5869140625,1,P10_CV0,1,2,0,0,2
20,0.9437480785146242,0.6818202991034834,RD20_F11_m20f11_P20_Y17_UO78,RD20_F11_m11f20_P11_Y15_UO193,RD11_F20_m20f11_P20_Y15_UO578,MXY,2,0.0,1,0,0.0,0,0,0,-9999.0,0.599609375,1,P10_CV0,1,1,1,0,2
20,0.9437480785146242,0.6818202991034834,RD20_F11_m11f20_P11_Y17_UO360,RD11_F20_m11f20_P11_Y15_UO596,RD20_F11_m20f11_P20_Y15_UO443,MXY,2,0.0,1,0,0.0,0,0,0,-9999.0,0.61328125,1,P10_CV0,1,1,1,0,2
20,0.9437480785146242,0.6818202991034834,RD20_F11_m20f11_P20_Y17_UO113,RD20_F11_m11f20_P11_Y15_UO0,R11_F11_m11f20_P11_Y15_UO255,FXX,2,0.0,1,0,1.0,0,0,0,-9999.0,0.5986328125,1,P10_CV0,1,1,1,0,2
20,0.9437480785146242,0.6818202991034834,RD20_F11_m20f11_P20_Y17_UO133,R20_F20_m20f11_P20_Y15_UO55,RD11_F20_m20f11_P20_Y15_UO92,MXY,2,0.0,1,0,0.0,0,0,0,-9999.0,0.5791015625,1,P10_CV0,1,1,1,1,1
20,0.9437480785146242,0.6818202991034834,RD20_F11_m11f20_P11_Y17_UO235,RD11_F20_m11f20_P11_Y15_UO535,RD20_F11_m11f20_P11_Y15_UO494,FXX,2,0.0,1,0,1.0,0,0,0,-9999.0,0.6025390625,1,P10_CV0,1,0,2,1,1
20,0.9437480785146242,0.6818202991034834,R20_F20_m11f20_P11_Y17_UO282,RD11_F20_m11f20_P11_Y15_UO335,R20_F20_m11f20_P11_Y15_UO388,FXX,2,0.0,1,0,1.0,0,0,0,-9999.0,0.61328125,1,P10_CV0,1,1,1,0,2
20,0.9437480785146242,0.6818202991034834,R20_F20_m11f20_P11_Y17_UO311,RD11_F20_m11f20_P11_Y15_UO335,RD20_F11_m20f11_P20_Y15_UO32,FXX,2,0.0,1,0,1.0,0,0,0,-9999.0,0.599609375,1,P10_CV0,1,1,1,0,2
20,0.9437480785146242,0.6818202991034834,R20_F20_m11f20_P11_Y17_UO343,R11_F11_m11f20_P11_Y15_UO160,R20_F20_m11f20_P11_Y15_UO536,FXX,2,0.0,1,0,1.0,0,0,0,-9999.0,0.61328125,1,P10_CV0,1,1,1,0,2
20,0.9437480785146242,0.6818202991034834,R20_F20_m11f20_P11_Y17_UO356,RD11_F20_m11f20_P11_Y15_UO473,RD20_F11_m20f11_P20_Y15_UO613,MXY,2,0.0,1,0,0.0,0,0,0,-9999.0,0.62890625,1,P10_CV0,1,2,0,0,2
20,0.9437480785146242,0.6818202991034834,R20_F20_m11f20_P11_Y17_UO434,RD11_F20_m11f20_P11_Y15_UO335,R20_F20_m11f20_P11_Y15_UO618,MXY,2,0.0,1,0,0.0,0,0,0,-9999.0,0.6162109375,1,P10_CV0,1,2,0,1,1
20,0.9437480785146242,0.6818202991034834,R20_F20_m11f20_P11_Y17_UO437,RD11_F20_m20f11_P20_Y15_UO212,RD20_F11_m20f11_P20_Y15_UO56,FXX,2,0.0,1,0,1.0,0,0,0,-9999.0,0.6025390625,1,P10_CV0,1,2,0,0,2
20,0.9437480785146242,0.6818202991034834,R20_F20_m20f11_P20_Y17_UO243,R20_F20_m20f11_P20_Y15_UO557,RD11_F20_m20f11_P20_Y15_UO578,FXX,2,0.0,1,0,1.0,0,0,0,-9999.0,0.6103515625,1,P10_CV0,1,2,0,0,2
20,0.9437480785146242,0.6818202991034834,R20_F20_m20f11_P20_Y17_UO249,RD20_F11_m20f11_P20_Y15_UO579,RD11_F20_m20f11_P20_Y15_UO441,MXY,2,0.0,1,0,0.0,0,0,0,-9999.0,0.625,1,P10_CV0,1,2,0,1,1
20,0.9437480785146242,0.6818202991034834,R20_F20_m20f11_P20_Y17_UO402,RD20_F11_m20f11_P20_Y15_UO533,R11_F11_m20f11_P20_Y13_UO80,FXX,2,0.0,1,0,1.0,0,0,0,-9999.0,0.630859375,1,P10_CV0,1,1,1,2,0
20,0.9437480785146242,0.6818202991034834,RD20_F11_m20f11_P20_Y15_UO534,R20_F20_m11f20_P11_Y13_UO74,R11_F11_m20f11_P20_Y13_UO897,FXX,4,0.0,1,0,1.0,0,0,0,-9999.0,0.6328125,1,P10_CV0,1,2,0,1,1
20,0.9437480785146242,0.6818202991034834,R20_F20_m20f11_P20_Y15_UO61,R20_F20_m20f11_P20_Y13_UO49,RD11_F20_m11f20_P11_Y13_UO679,MXY,4,0.0,1,0,0.0,0,0,0,-9999.0,0.568359375,1,P10_CV0,1,1,1,1,1
20,0.9437480785146242,0.6818202991034834,RD20_F11_m11f20_P11_Y17_UO383,RD11_F20_m11f20_P11_Y15_UO238,R20_F20_m20f11_P20_Y15_UO4,MXY,2,0.0,1,0,0.0,0,0,0,-9999.0,0.615234375,1,P19_CV0,1,2,0,1,1
20,0.9437480785146242,0.6818202991034834,RD20_F11_m11f20_P11_Y17_UO138,R11_F11_m20f11_P20_Y15_UO169,RD20_F11_m11f20_P11_Y15_UO144,MXY,2,0.0,1,0,0.0,0,0,0,-9999.0,0.625,1,P19_CV0,1,2,0,1,1
20,0.9437480785146242,0.6818202991034834,RD20_F11_m20f11_P20_Y17_UO184,RD20_F11_m11f20_P11_Y15_UO574,RD11_F20_m20f11_P20_Y15_UO178,MXY,2,0.0,1,0,0.0,0,0,0,-9999.0,0.630859375,1,P19_CV0,1,0,2,2,0
20,0.9437480785146242,0.6818202991034834,RD20_F11_m20f11_P20_Y17_UO130,RD20_F11_m20f11_P20_Y15_UO440,RD11_F20_m11f20_P11_Y15_UO308,FXX,2,0.0,1,0,1.0,0,0,0,-9999.0,0.6181640625,1,P19_CV0,1,2,0,0,2
20,0.9437480785146242,0.6818202991034834,RD20_F11_m20f11_P20_Y17_UO292,R20_F20_m11f20_P11_Y15_UO358,R11_F11_m20f11_P20_Y15_UO675,MXY,2,0.0,1,0,0.0,0,0,0,-9999.0,0.625,1,P19_CV0,1,1,1,0,2
20,0.9437480785146242,0.6818202991034834,RD20_F11_m11f20_P11_Y17_UO54,RD11_F20_m20f11_P20_Y15_UO212,RD20_F11_m20f11_P20_Y13_UO81,MXY,2,0.0,1,0,0.0,0,0,0,-9999.0,0.6171875,1,P19_CV0,1,1,1,2,0
20,0.9437480785146242,0.6818202991034834,RD20_F11_m11f20_P11_Y17_UO409,R11_F11_m11f20_P11_Y15_UO251,RD20_F11_m11f20_P11_Y15_UO233,FXX,2,0.0,1,0,1.0,0,0,0,-9999.0,0.623046875,1,P19_CV0,1,1,1,0,2
20,0.9437480785146242,0.6818202991034834,RD20_F11_m20f11_P20_Y17_UO200,R20_F20_m20f11_P20_Y15_UO90,RD11_F20_m20f11_P20_Y15_UO178,FXX,2,0.0,1,0,1.0,0,0,0,-9999.0,0.619140625,1,P19_CV0,1,0,2,0,2
20,0.9437480785146242,0.6818202991034834,RD20_F11_m11f20_P11_Y17_UO410,RD11_F20_m20f11_P20_Y15_UO167,RD20_F11_m20f11_P20_Y15_UO509,FXX,2,0.0,1,0,1.0,0,0,0,-9999.0,0.6220703125,1,P19_CV0,1,2,0,0,2
20,0.9437480785146242,0.6818202991034834,RD20_F11_m11f20_P11_Y17_UO401,RD11_F20_m11f20_P11_Y15_UO335,RD20_F11_m20f11_P20_Y15_UO390,MXY,2,0.0,1,0,0.0,0,0,0,-9999.0,0.611328125,1,P19_CV0,1,1,1,2,0
20,0.9437480785146242,0.6818202991034834,RD20_F11_m11f20_P11_Y17_UO245,R11_F11_m11f20_P11_Y15_UO338,RD20_F11_m20f11_P20_Y15_UO615,MXY,2,0.0,1,0,0.0,0,0,0,-9999.0,0.6279296875,1,P19_CV0,1,2,0,0,2
20,0.9437480785146242,0.6818202991034834,RD20_F11_m20f11_P20_Y17_UO129,RD20_F11_m20f11_P20_Y15_UO440,RD11_F20_m11f20_P11_Y15_UO308,FXX,2,0.0,1,0,1.0,0,0,0,-9999.0,0.6181640625,1,P19_CV0,1,2,0,0,2
20,0.9437480785146242,0.6818202991034834,RD20_F11_m11f20_P11_Y17_UO96,R11_F11_m20f11_P20_Y15_UO678,R20_F20_m11f20_P11_Y15_UO388,FXX,2,0.0,1,0,1.0,0,0,0,-9999.0,0.62109375,1,P19_CV0,1,1,1,0,2
20,0.9437480785146242,0.6818202991034834,RD20_F11_m20f11_P20_Y17_UO4,RD20_F11_m20f11_P20_Y15_UO328,RD11_F20_m11f20_P11_Y13_UO785,MXY,2,0.0,1,0,0.0,0,0,0,-9999.0,0.5732421875,1,P19_CV0,1,1,1,1,1
20,0.9437480785146242,0.6818202991034834,RD20_F11_m20f11_P20_Y17_UO25,R20_F20_m11f20_P11_Y15_UO357,RD11_F20_m20f11_P20_Y15_UO441,MXY,2,0.0,1,0,0.0,0,0,0,-9999.0,0.6279296875,1,P19_CV0,1,2,0,1,1
20,0.9437480785146242,0.6818202991034834,RD20_F11_m11f20_P11_Y17_UO385,RD11_F20_m11f20_P11_Y15_UO238,R20_F20_m20f11_P20_Y15_UO4,FXX,2,0.0,1,0,1.0,0,0,0,-9999.0,0.615234375,1,P19_CV0,1,2,0,1,1
20,0.9437480785146242,0.6818202991034834,RD20_F11_m20f11_P20_Y17_UO473,R20_F20_m11f20_P11_Y15_UO357,RD11_F20_m11f20_P11_Y15_UO309,FXX,2,0.0,1,0,1.0,0,0,0,-9999.0,0.623046875,1,P19_CV0,1,1,1,0,2
20,0.9437480785146242,0.6818202991034834,RD20_F11_m20f11_P20_Y17_UO23,RD20_F11_m11f20_P11_Y15_UO574,RD11_F20_m11f20_P11_Y15_UO486,FXX,2,0.0,1,0,1.0,0,0,0,-9999.0,0.6279296875,1,P19_CV0,1,1,1,1,1
20,0.9437480785146242,0.6818202991034834,RD20_F11_m11f20_P11_Y17_UO523,R11_F11_m20f11_P20_Y15_UO442,R20_F20_m20f11_P20_Y15_UO4,MXY,2,0.0,1,0,0.0,0,0,0,-9999.0,0.6240234375,1,P19_CV0,1,2,0,0,2
20,0.9437480785146242,0.6818202991034834,RD20_F11_m11f20_P11_Y17_UO313,RD11_F20_m20f11_P20_Y15_UO558,RD20_F11_m11f20_P11_Y15_UO494,FXX,2,0.0,1,0,1.0,0,0,0,-9999.0,0.5908203125,1,P19_CV0,1,2,0,1,1
20,0.9437480785146242,0.6818202991034834,RD20_F11_m20f11_P20_Y17_UO395,R20_F20_m20f11_P20_Y15_UO237,RD11_F20_m20f11_P20_Y15_UO571,MXY,2,0.0,1,0,0.0,0,0,0,-9999.0,0.6044921875,1,P19_CV0,1,2,0,1,1
20,0.9437480785146242,0.6818202991034834,RD20_F11_m20f11_P20_Y17_UO499,R20_F20_m20f11_P20_Y15_UO237,R11_F11_m11f20_P11_Y15_UO148,FXX,2,0.0,1,0,1.0,0,0,0,-9999.0,0.5869140625,1,P19_CV0,1,2,0,1,1
20,0.9437480785146242,0.6818202991034834,RD20_F11_m11f20_P11_Y17_UO240,RD11_F20_m20f11_P20_Y15_UO532,R20_F20_m11f20_P11_Y15_UO59,MXY,2,0.0,1,0,0.0,0,0,0,-9999.0,0.6142578125,1,P19_CV0,1,2,0,1,1
20,0.9437480785146242,0.6818202991034834,RD20_F11_m11f20_P11_Y17_UO115,R11_F11_m11f20_P11_Y15_UO251,RD20_F11_m20f11_P20_Y15_UO165,MXY,2,0.0,1,0,0.0,0,0,0,-9999.0,0.6064453125,1,P19_CV0,1,2,0,0,2
20,0.9437480785146242,0.6818202991034834,RD20_F11_m11f20_P11_Y17_UO236,RD11_F20_m11f20_P11_Y15_UO535,R20_F20_m11f20_P11_Y15_UO192,FXX,2,0.0,1,0,1.0,0,0,0,-9999.0,0.5947265625,1,P19_CV0,1,0,2,0,2
20,0.9437480785146242,0.6818202991034834,RD20_F11_m11f20_P11_Y17_UO136,R11_F11_m11f20_P11_Y15_UO338,R20_F20_m11f20_P11_Y13_UO327,MXY,2,0.0,1,0,0.0,0,0,0,-9999.0,0.6083984375,1,P19_CV0,1,1,1,0,2
20,0.9437480785146242,0.6818202991034834,RD20_F11_m11f20_P11_Y17_UO338,RD11_F20_m11f20_P11_Y15_UO576,R20_F20_m11f20_P11_Y15_UO359,FXX,2,0.0,1,0,1.0,0,0,0,-9999.0,0.611328125,1,P19_CV0,1,2,0,1,1
20,0.9437480785146242,0.6818202991034834,RD20_F11_m20f11_P20_Y17_UO513,RD20_F11_m11f20_P11_Y15_UO147,R11_F11_m20f11_P20_Y15_UO6,MXY,2,0.0,1,0,0.0,0,0,0,-9999.0,0.5908203125,1,P19_CV0,1,2,0,2,0
20,0.9437480785146242,0.6818202991034834,RD20_F11_m11f20_P11_Y17_UO209,RD11_F20_m11f20_P11_Y15_UO576,R20_F20_m20f11_P20_Y15_UO53,FXX,2,0.0,1,0,1.0,0,0,0,-9999.0,0.5947265625,1,P19_CV0,1,2,0,0,2
20,0.9437480785146242,0.6818202991034834,RD20_F11_m11f20_P11_Y17_UO42,RD11_F20_m11f20_P11_Y15_UO535,RD20_F11_m20f11_P20_Y13_UO81,MXY,2,0.0,1,0,0.0,0,0,0,-9999.0,0.623046875,1,P19_CV0,1,0,2,2,0
20,0.9437480785146242,0.6818202991034834,RD20_F11_m11f20_P11_Y17_UO6,R11_F11_m20f11_P20_Y15_UO333,RD20_F11_m20f11_P20_Y15_UO443,MXY,2,0.0,1,0,0.0,0,0,0,-9999.0,0.6083984375,1,P19_CV0,1,1,1,0,2
20,0.9437480785146242,0.6818202991034834,R20_F20_m11f20_P11_Y17_UO7,R11_F11_m20f11_P20_Y15_UO333,RD20_F11_m20f11_P20_Y15_UO443,FXX,2,0.0,1,0,1.0,0,0,0,-9999.0,0.6083984375,1,P19_CV0,1,1,1,0,2
20,0.9437480785146242,0.6818202991034834,R20_F20_m11f20_P11_Y17_UO90,R11_F11_m20f11_P20_Y15_UO329,RD20_F11_m20f11_P20_Y15_UO56,MXY,2,0.0,1,0,0.0,0,0,0,-9999.0,0.576171875,1,P19_CV0,1,1,1,2,0
20,0.9437480785146242,0.6818202991034834,R20_F20_m11f20_P11_Y17_UO91,R11_F11_m20f11_P20_Y15_UO329,RD20_F11_m20f11_P20_Y15_UO56,MXY,2,0.0,1,0,0.0,0,0,0,-9999.0,0.576171875,1,P19_CV0,1,2,0,1,1
20,0.9437480785146242,0.6818202991034834,R20_F20_m11f20_P11_Y17_UO98,R11_F11_m20f11_P20_Y15_UO678,R20_F20_m11f20_P11_Y15_UO388,MXY,2,0.0,1,0,0.0,0,0,0,-9999.0,0.62109375,1,P19_CV0,1,1,1,0,2
20,0.9437480785146242,0.6818202991034834,R20_F20_m11f20_P11_Y17_UO101,R11_F11_m20f11_P20_Y15_UO678,RD20_F11_m11f20_P11_Y15_UO144,FXX,2,0.0,1,0,1.0,0,0,0,-9999.0,0.6181640625,1,P19_CV0,1,2,0,0,2
20,0.9437480785146242,0.6818202991034834,R20_F20_m11f20_P11_Y17_UO117,RD11_F20_m20f11_P20_Y15_UO412,RD20_F11_m20f11_P20_Y15_UO32,MXY,2,0.0,1,0,0.0,0,0,0,-9999.0,0.6201171875,1,P19_CV0,1,2,0,0,2
20,0.9437480785146242,0.6818202991034834,R20_F20_m11f20_P11_Y17_UO118,RD11_F20_m20f11_P20_Y15_UO412,RD20_F11_m20f11_P20_Y15_UO32,FXX,2,0.0,1,0,1.0,0,0,0,-9999.0,0.6201171875,1,P19_CV0,1,2,0,0,2
20,0.9437480785146242,0.6818202991034834,R20_F20_m11f20_P11_Y17_UO134,R11_F11_m11f20_P11_Y15_UO338,R20_F20_m11f20_P11_Y13_UO327,MXY,2,0.0,1,0,0.0,0,0,0,-9999.0,0.6083984375,1,P19_CV0,1,2,0,1,1
20,0.9437480785146242,0.6818202991034834,R20_F20_m11f20_P11_Y17_UO239,RD11_F20_m20f11_P20_Y15_UO532,R20_F20_m11f20_P11_Y15_UO59,FXX,2,0.0,1,0,1.0,0,0,0,-9999.0,0.6142578125,1,P19_CV0,1,2,0,1,1
20,0.9437480785146242,0.6818202991034834,R20_F20_m11f20_P11_Y17_UO312,RD11_F20_m11f20_P11_Y15_UO335,RD20_F11_m20f11_P20_Y15_UO32,MXY,2,0.0,1,0,0.0,0,0,0,-9999.0,0.599609375,1,P19_CV0,1,1,1,0,2
20,0.9437480785146242,0.6818202991034834,R20_F20_m11f20_P11_Y17_UO314,RD11_F20_m20f11_P20_Y15_UO558,RD20_F11_m11f20_P11_Y15_UO494,FXX,2,0.0,1,0,1.0,0,0,0,-9999.0,0.5908203125,1,P19_CV0,1,0,2,1,1
20,0.9437480785146242,0.6818202991034834,R20_F20_m11f20_P11_Y17_UO337,RD11_F20_m11f20_P11_Y15_UO576,R20_F20_m11f20_P11_Y15_UO359,MXY,2,0.0,1,0,0.0,0,0,0,-9999.0,0.611328125,1,P19_CV0,1,2,0,0,2
20,0.9437480785146242,0.6818202991034834,R20_F20_m11f20_P11_Y17_UO394,R11_F11_m20f11_P20_Y15_UO329,RD20_F11_m20f11_P20_Y15_UO166,FXX,2,0.0,1,0,1.0,0,0,0,-9999.0,0.572265625,1,P19_CV0,1,1,1,1,1
20,0.9437480785146242,0.6818202991034834,R20_F20_m11f20_P11_Y17_UO397,R11_F11_m20f11_P20_Y15_UO616,R20_F20_m11f20_P11_Y15_UO192,MXY,2,0.0,1,0,0.0,0,0,0,-9999.0,0.5986328125,1,P19_CV0,1,2,0,1,1
20,0.9437480785146242,0.6818202991034834,R20_F20_m11f20_P11_Y17_UO399,R11_F11_m20f11_P20_Y15_UO616,R20_F20_m11f20_P11_Y15_UO192,MXY,2,0.0,1,0,0.0,0,0,0,-9999.0,0.5986328125,1,P19_CV0,1,2,0,1,1
20,0.9437480785146242,0.6818202991034834,R20_F20_m11f20_P11_Y17_UO400,RD11_F20_m11f20_P11_Y15_UO335,RD20_F11_m20f11_P20_Y15_UO390,MXY,2,0.0,1,0,0.0,0,0,0,-9999.0,0.611328125,1,P19_CV0,1,0,2,2,0
20,0.9437480785146242,0.6818202991034834,R20_F20_m11f20_P11_Y17_UO438,RD11_F20_m20f11_P20_Y15_UO212,RD20_F11_m20f11_P20_Y15_UO56,FXX,2,0.0,1,0,1.0,0,0,0,-9999.0,0.6025390625,1,P19_CV0,1,2,0,2,0
20,0.9437480785146242,0.6818202991034834,R20_F20_m11f20_P11_Y17_UO475,R11_F11_m20f11_P20_Y15_UO508,R20_F20_m11f20_P11_Y15_UO388,FXX,2,0.0,1,0,1.0,0,0,0,-9999.0,0.626953125,1,P19_CV0,1,1,1,0,2
20,0.9437480785146242,0.6818202991034834,R20_F20_m11f20_P11_Y17_UO515,R11_F11_m20f11_P20_Y15_UO272,RD20_F11_m20f11_P20_Y15_UO5,FXX,2,0.0,1,0,1.0,0,0,0,-9999.0,0.59765625,1,P19_CV0,1,1,1,1,1
20,0.9437480785146242,0.6818202991034834,R20_F20_m20f11_P20_Y17_UO5,RD20_F11_m20f11_P20_Y15_UO328,RD11_F20_m11f20_P11_Y13_UO785,MXY,2,0.0,1,0,0.0,0,0,0,-9999.0,0.5732421875,1,P19_CV0,1,1,1,1,1
20,0.9437480785146242,0.6818202991034834,R20_F20_m20f11_P20_Y17_UO93,RD20_F11_m20f11_P20_Y15_UO377,RD11_F20_m20f11_P20_Y15_UO571,MXY,2,0.0,1,0,0.0,0,0,0,-9999.0,0.607421875,1,P19_CV0,1,0,2,1,1
20,0.9437480785146242,0.6818202991034834,R20_F20_m20f11_P20_Y17_UO185,RD20_F11_m11f20_P11_Y15_UO147,RD11_F20_m11f20_P11_Y15_UO306,FXX,2,0.0,1,0,1.0,0,0,0,-9999.0,0.5947265625,1,P19_CV0,1,1,1,1,1
20,0.9437480785146242,0.6818202991034834,R20_F20_m20f11_P20_Y17_UO186,RD20_F11_m11f20_P11_Y15_UO147,RD11_F20_m11f20_P11_Y15_UO306,FXX,2,0.0,1,0,1.0,0,0,0,-9999.0,0.5947265625,1,P19_CV0,1,2,0,2,0
20,0.9437480785146242,0.6818202991034834,R20_F20_m20f11_P20_Y17_UO217,RD20_F11_m11f20_P11_Y15_UO574,RD11_F20_m20f11_P20_Y15_UO302,MXY,2,0.0,1,0,0.0,0,0,0,-9999.0,0.6220703125,1,P19_CV0,1,1,1,0,2
20,0.9437480785146242,0.6818202991034834,R20_F20_m20f11_P20_Y17_UO233,RD20_F11_m20f11_P20_Y15_UO679,R11_F11_m20f11_P20_Y15_UO6,FXX,2,0.0,1,0,1.0,0,0,0,-9999.0,0.611328125,1,P19_CV0,1,2,0,1,1
20,0.9437480785146242,0.6818202991034834,R20_F20_m20f11_P20_Y17_UO357,RD20_F11_m11f20_P11_Y15_UO63,RD11_F20_m20f11_P20_Y15_UO698,FXX,2,0.0,1,0,1.0,0,0,0,-9999.0,0.58984375,1,P19_CV0,1,0,2,1,1
20,0.9437480785146242,0.6818202991034834,R20_F20_m20f11_P20_Y17_UO387,RD20_F11_m11f20_P11_Y15_UO598,RD11_F20_m11f20_P11_Y15_UO11,MXY,2,0.0,1,0,0.0,0,0,0,-9999.0,0.58984375,1,P19_CV0,1,1,1,0,2
20,0.9437480785146242,0.6818202991034834,R20_F20_m20f11_P20_Y17_UO407,RD20_F11_m11f20_P11_Y15_UO574,RD11_F20_m20f11_P20_Y15_UO302,MXY,2,0.0,1,0,0.0,0,0,0,-9999.0,0.6220703125,1,P19_CV0,1,1,1,0,2
20,0.9437480785146242,0.6818202991034834,R20_F20_m20f11_P20_Y17_UO474,R20_F20_m11f20_P11_Y15_UO357,RD11_F20_m11f20_P11_Y15_UO309,MXY,2,0.0,1,0,0.0,0,0,0,-9999.0,0.623046875,1,P19_CV0,1,2,0,0,2
20,0.9437480785146242,0.6818202991034834,R20_F20_m20f11_P20_Y17_UO489,RD20_F11_m20f11_P20_Y15_UO149,R11_F11_m11f20_P11_Y15_UO376,MXY,2,0.0,1,0,0.0,0,0,0,-9999.0,0.5869140625,1,P19_CV0,1,0,2,1,1
20,0.9437480785146242,0.6818202991034834,R20_F20_m20f11_P20_Y17_UO490,RD20_F11_m20f11_P20_Y15_UO149,R11_F11_m11f20_P11_Y15_UO376,MXY,2,0.0,1,0,0.0,0,0,0,-9999.0,0.5869140625,1,P19_CV0,1,0,2,0,2
20,0.9437480785146242,0.6818202991034834,R20_F20_m20f11_P20_Y17_UO519,R20_F20_m11f20_P11_Y15_UO337,RD11_F20_m20f11_P20_Y15_UO441,MXY,2,0.0,1,0,0.0,0,0,0,-9999.0,0.626953125,1,P19_CV0,1,2,0,0,2
20,0.9437480785146242,0.6818202991034834,R20_F20_m20f11_P20_Y17_UO545,R20_F20_m20f11_P20_Y15_UO677,RD11_F20_m11f20_P11_Y15_UO612,MXY,2,0.0,1,0,0.0,0,0,0,-9999.0,0.5966796875,1,P19_CV0,1,2,0,1,1
20,0.9437480785146242,0.6818202991034834,RD20_F11_m11f20_P11_Y15_UO612,RD11_F20_m20f11_P20_Y13_UO800,R20_F20_m20f11_P20_Y13_UO53,MXY,4,0.0,1,0,0.0,0,0,0,-9999.0,0.583984375,1,P19_CV0,1,1,1,1,1
20,0.9437480785146242,0.6818202991034834,RD20_F11_m11f20_P11_Y15_UO176,R11_F11_m11f20_P11_Y13_UO779,R20_F20_m11f20_P11_Y13_UO342,MXY,4,0.0,1,0,0.0,0,0,0,-9999.0,0.61328125,1,P19_CV0,1,2,0,1,1
