PatchID,XCOORD,YCOORD,ID,MID,FID,sex,age,size,mature,newmature,layeggs,capture,recapture,state,CDist,Hindex,Species,ClassFile,SubPatchID,L0A0,L0A1,L1A0,L1A1
1,1.0,0.0,R1_F1_m1f2_P1_Y0_UO20,R1_F1_m-1f-1_P1_Y-1_U72,R2_F2_m-1f-1_P2_Y-1_U48,FXX,1,0.0,0,0,0.0,0,0,0,-9999.0,0.5,1,P0_CV0,1,1,1,1,1
1,1.0,0.0,R1_F1_m1f2_P1_Y0_UO21,R1_F1_m-1f-1_P1_Y-1_U72,R2_F2_m-1f-1_P2_Y-1_U48,MXY,1,0.0,0,0,0.0,0,0,0,-9999.0,0.5,1,P0_CV0,1,1,1,1,1
1,1.0,0.0,R1_F1_m1f2_P1_Y0_UO24,R1_F1_m-1f-1_P1_Y-1_U72,R2_F2_m-1f-1_P2_Y-1_U48,MXY,1,0.0,0,0,0.0,0,0,0,-9999.0,0.5,1,P0_CV0,1,1,1,1,1
1,1.0,0.0,R1_F1_m1f2_P1_Y0_UO211,R1_F1_m-1f-1_P1_Y-1_U12,R2_F2_m-1f-1_P2_Y-1_U97,FXX,1,0.0,0,0,0.0,0,0,0,-9999.0,0.5,1,P0_CV0,1,1,1,1,1
1,1.0,0.0,R1_F1_m1f2_P1_Y0_UO213,R1_F1_m-1f-1_P1_Y-1_U12,R2_F2_m-1f-1_P2_Y-1_U97,FXX,1,0.0,0,0,0.0,0,0,0,-9999.0,0.5,1,P0_CV0,1,1,1,1,1
1,1.0,0.0,R1_F1_m1f2_P1_Y0_UO741,R1_F1_m-1f-1_P1_Y-1_U28,R2_F2_m-1f-1_P2_Y-1_U13,FXX,1,0.0,0,0,0.0,0,0,0,-9999.0,0.5,1,P0_CV0,1,1,1,1,1
1,1.0,0.0,R1_F1_m1f2_P1_Y0_UO744,R1_F1_m-1f-1_P1_Y-1_U28,R2_F2_m-1f-1_P2_Y-1_U13,MXY,1,0.0,0,0,0.0,0,0,0,-9999.0,0.5,1,P0_CV0,1,1,1,1,1
1,1.0,0.0,R1_F1_m1f2_P1_Y0_UO745,R1_F1_m-1f-1_P1_Y-1_U28,R2_F2_m-1f-1_P2_Y-1_U13,FXX,1,0.0,0,0,0.0,0,0,0,-9999.0,0.5,1,P0_CV0,1,1,1,2,0
1,1.0,0.0,R1_F1_m1f2_P1_Y0_UO783,R1_F1_m-1f-1_P1_Y-1_U12,R2_F2_m-1f-1_P2_Y-1_U1,FXX,1,0.0,0,0,0.0,0,0,0,-9999.0,0.75,1,P0_CV0,1,2,0,2,0
1,1.0,0.0,R1_F1_m1f2_P1_Y0_UO786,R1_F1_m-1f-1_P1_Y-1_U12,R2_F2_m-1f-1_P2_Y-1_U1,MXY,1,0.0,0,0,0.0,0,0,0,-9999.0,0.75,1,P0_CV0,1,2,0,2,0
1,1.0,0.0,R1_F1_m1f2_P1_Y0_UO789,R1_F1_m-1f-1_P1_Y-1_U14,R2_F2_m-1f-1_P2_Y-1_U48,FXX,1,0.0,0,0,0.0,0,0,0,-9999.0,0.25,1,P0_CV0,1,1,1,1,1
1,1.0,0.0,R1_F1_m1f2_P1_Y0_UO790,R1_F1_m-1f-1_P1_Y-1_U14,R2_F2_m-1f-1_P2_Y-1_U48,FXX,1,0.0,0,0,0.0,0,0,0,-9999.0,0.25,1,P0_CV0,1,1,1,1,1
1,1.0,0.0,R1_F1_m1f2_P1_Y0_UO791,R1_F1_m-1f-1_P1_Y-1_U14,R2_F2_m-1f-1_P2_Y-1_U48,FXX,1,0.0,0,0,0.0,0,0,0,-9999.0,0.25,1,P0_CV0,1,0,2,1,1
1,1.0,0.0,R1_F1_m1f2_P1_Y0_UO809,R1_F1_m-1f-1_P1_Y-1_U28,R2_F2_m-1f-1_P2_Y-1_U33,MXY,1,0.0,0,0,0.0,0,0,0,-9999.0,1.0,1,P0_CV0,1,2,0,2,0
1,1.0,0.0,R1_F1_m1f2_P1_Y0_UO943,R1_F1_m-1f-1_P1_Y-1_U21,R2_F2_m-1f-1_P2_Y-1_U48,FXX,1,0.0,0,0,0.0,0,0,0,-9999.0,0.25,1,P0_CV0,1,0,2,1,1
1,1.0,0.0,R1_F1_m1f2_P1_Y0_UO944,R1_F1_m-1f-1_P1_Y-1_U21,R2_F2_m-1f-1_P2_Y-1_U48,FXX,1,0.0,0,0,0.0,0,0,0,-9999.0,0.25,1,P0_CV0,1,0,2,1,1
1,1.0,0.0,R1_F1_m1f2_P1_Y0_UO946,R1_F1_m-1f-1_P1_Y-1_U21,R2_F2_m-1f-1_P2_Y-1_U48,MXY,1,0.0,0,0,0.0,0,0,0,-9999.0,0.25,1,P0_CV0,1,0,2,0,2
1,1.0,0.0,R1_F1_m1f2_P1_Y0_UO947,R1_F1_m-1f-1_P1_Y-1_U21,R2_F2_m-1f-1_P2_Y-1_U48,FXX,1,0.0,0,0,0.0,0,0,0,-9999.0,0.25,1,P0_CV0,1,0,2,1,1
1,1.0,0.0,R1_F1_m1f2_P1_Y0_UO949,R1_F1_m-1f-1_P1_Y-1_U21,R2_F2_m-1f-1_P2_Y-1_U48,FXX,1,0.0,0,0,0.0,0,0,0,-9999.0,0.25,1,P0_CV0,1,1,1,1,1
1,1.0,0.0,R1_F1_m1f2_P1_Y0_UO1112,R1_F1_m-1f-1_P1_Y-1_U14,R2_F2_m-1f-1_P2_Y-1_U33,FXX,1,0.0,0,0,0.0,0,0,0,-9999.0,0.75,1,P0_CV0,1,2,0,2,0
1,1.0,0.0,R1_F1_m1f2_P1_Y0_UO1113,R1_F1_m-1f-1_P1_Y-1_U14,R2_F2_m-1f-1_P2_Y-1_U33,MXY,1,0.0,0,0,0.0,0,0,0,-9999.0,0.75,1,P0_CV0,1,1,1,2,0
1,1.0,0.0,R1_F1_m1f2_P1_Y0_UO1114,R1_F1_m-1f-1_P1_Y-1_U14,R2_F2_m-1f-1_P2_Y-1_U33,FXX,1,0.0,0,0,0.0,0,0,0,-9999.0,0.75,1,P0_CV0,1,1,1,2,0
1,1.0,0.0,R1_F1_m1f2_P1_Y0_UO1127,R1_F1_m-1f-1_P1_Y-1_U40,R2_F2_m-1f-1_P2_Y-1_U98,MXY,1,0.0,0,0,0.0,0,0,0,-9999.0,0.5,1,P0_CV0,1,1,1,1,1
1,1.0,0.0,R1_F1_m1f2_P1_Y0_UO1128,R1_F1_m-1f-1_P1_Y-1_U40,R2_F2_m-1f-1_P2_Y-1_U98,MXY,1,0.0,0,0,0.0,0,0,0,-9999.0,0.5,1,P0_CV0,1,1,1,1,1
1,1.0,0.0,R1_F1_m1f2_P1_Y0_UO1129,R1_F1_m-1f-1_P1_Y-1_U40,R2_F2_m-1f-1_P2_Y-1_U98,FXX,1,0.0,0,0,0.0,0,0,0,-9999.0,0.5,1,P0_CV0,1,1,1,1,1
1,1.0,0.0,R1_F1_m1f2_P1_Y0_UO1130,R1_F1_m-1f-1_P1_Y-1_U40,R2_F2_m-1f-1_P2_Y-1_U98,MXY,1,0.0,0,0,0.0,0,0,0,-9999.0,0.5,1,P0_CV0,1,1,1,0,2
1,1.0,0.0,R1_F1_m1f2_P1_Y0_UO1204,R1_F1_m-1f-1_P1_Y-1_U82,R2_F2_m-1f-1_P2_Y-1_U2,MXY,1,0.0,0,0,0.0,0,0,0,-9999.0,0.5,1,P0_CV0,1,1,1,0,2
1,1.0,0.0,R1_F1_m1f2_P1_Y0_UO1205,R1_F1_m-1f-1_P1_Y-1_U82,R2_F2_m-1f-1_P2_Y-1_U2,MXY,1,0.0,0,0,0.0,0,0,0,-9999.0,0.5,1,P0_CV0,1,2,0,0,2
1,1.0,0.0,R1_F1_m1f2_P1_Y0_UO1207,R1_F1_m-1f-1_P1_Y-1_U82,R2_F2_m-1f-1_P2_Y-1_U2,FXX,1,0.0,0,0,0.0,0,0,0,-9999.0,0.5,1,P0_CV0,1,2,0,1,1
1,1.0,0.0,R1_F1_m1f2_P1_Y0_UO1208,R1_F1_m-1f-1_P1_Y-1_U82,R2_F2_m-1f-1_P2_Y-1_U2,FXX,1,0.0,0,0,0.0,0,0,0,-9999.0,0.5,1,P0_CV0,1,0,2,0,2
1,1.0,0.0,R1_F1_m-1f-1_P1_Y-1_U91,-9999,-9999,FXX,2,0.0,1,0,1.0,0,0,0,-9999.0,0.0,1,P0_CV0,1,0,2,1,1
1,1.0,0.0,R1_F1_m-1f-1_P1_Y-1_U17,-9999,-9999,MXY,2,0.0,1,0,0.0,0,0,0,-9999.0,0.5,1,P0_CV0,1,1,1,1,1
1,1.0,0.0,R1_F1_m-1f-1_P1_Y-1_U47,-9999,-9999,FXX,2,0.0,1,0,1.0,0,0,0,-9999.0,0.5,1,P0_CV0,1,1,1,1,1
1,1.0,0.0,R1_F1_m-1f-1_P1_Y-1_U29,-9999,-9999,MXY,2,0.0,1,0,0.0,0,0,0,-9999.0,0.5,1,P0_CV0,1,1,1,1,1
1,1.0,0.0,R1_F1_m-1f-1_P1_Y-1_U57,-9999,-9999,FXX,2,0.0,1,0,1.0,0,0,0,-9999.0,0.0,1,P0_CV0,1,0,2,2,0
1,1.0,0.0,R1_F1_m-1f-1_P1_Y-1_U60,-9999,-9999,MXY,2,0.0,1,0,0.0,0,0,0,-9999.0,0.0,1,P0_CV0,1,0,2,0,2
1,1.0,0.0,R1_F1_m-1f-1_P1_Y-1_U11,-9999,-9999,FXX,2,0.0,1,0,1.0,0,0,0,-9999.0,0.5,1,P0_CV0,1,1,1,0,2
1,1.0,0.0,R1_F1_m-1f-1_P1_Y-1_U81,-9999,-9999,MXY,2,0.0,1,0,0.0,0,0,0,-9999.0,0.0,1,P0_CV0,1,0,2,1,1
1,1.0,0.0,R1_F1_m-1f-1_P1_Y-1_U0,-9999,-9999,MXY,2,0.0,1,0,0.0,0,0,0,-9999.0,0.5,1,P0_CV0,1,1,1,2,0
1,1.0,0.0,R1_F1_m-1f-1_P1_Y-1_U37,-9999,-9999,MXY,2,0.0,1,0,0.0,0,0,0,-9999.0,0.5,1,P0_CV0,1,1,1,0,2
1,1.0,0.0,R1_F1_m-1f-1_P1_Y-1_U71,-9999,-9999,MXY,2,0.0,1,0,0.0,0,0,0,-9999.0,0.5,1,P0_CV0,1,1,1,1,1
1,1.0,0.0,R1_F1_m-1f-1_P1_Y-1_U6,-9999,-9999,FXX,2,0.0,1,0,1.0,0,0,0,-9999.0,0.5,1,P0_CV0,1,1,1,2,0
1,1.0,0.0,R1_F1_m-1f-1_P1_Y-1_U41,-9999,-9999,FXX,2,0.0,1,0,1.0,0,0,0,-9999.0,1.0,1,P0_CV0,1,2,0,0,2
1,1.0,0.0,R1_F1_m-1f-1_P1_Y-1_U34,-9999,-9999,FXX,2,0.0,1,0,1.0,0,0,0,-9999.0,0.0,1,P0_CV0,1,0,2,0,2
1,1.0,0.0,R1_F1_m-1f-1_P1_Y-1_U62,-9999,-9999,MXY,2,0.0,1,0,0.0,0,0,0,-9999.0,0.5,1,P0_CV0,1,1,1,2,0
1,1.0,0.0,R1_F1_m-1f-1_P1_Y-1_U25,-9999,-9999,FXX,2,0.0,1,0,1.0,0,0,0,-9999.0,0.5,1,P0_CV0,1,1,1,0,2
1,1.0,0.0,R1_F1_m-1f-1_P1_Y-1_U22,-9999,-9999,MXY,2,0.0,1,0,0.0,0,0,0,-9999.0,0.5,1,P0_CV0,1,1,1,0,2
1,1.0,0.0,R1_F1_m-1f-1_P1_Y-1_U64,-9999,-9999,MXY,2,0.0,1,0,0.0,0,0,0,-9999.0,0.5,1,P0_CV0,1,1,1,2,0
1,1.0,0.0,R1_F1_m-1f-1_P1_Y-1_U85,-9999,-9999,FXX,2,0.0,1,0,1.0,0,0,0,-9999.0,0.5,1,P0_CV0,1,1,1,1,1
1,1.0,0.0,R1_F1_m-1f-1_P1_Y-1_U40,-9999,-9999,FXX,3,0.0,1,0,1.0,0,0,0,-9999.0,0.0,1,P0_CV0,1,0,2,0,2
1,1.0,0.0,R1_F1_m-1f-1_P1_Y-1_U16,-9999,-9999,MXY,3,0.0,1,0,0.0,0,0,0,-9999.0,0.5,1,P0_CV0,1,1,1,1,1
1,1.0,0.0,R1_F1_m-1f-1_P1_Y-1_U21,-9999,-9999,FXX,3,0.0,1,0,1.0,0,0,0,-9999.0,0.5,1,P0_CV0,1,1,1,1,1
1,1.0,0.0,R1_F1_m-1f-1_P1_Y-1_U28,-9999,-9999,FXX,3,0.0,1,0,1.0,0,0,0,-9999.0,1.0,1,P0_CV0,1,2,0,1,1
1,1.0,0.0,R1_F1_m-1f-1_P1_Y-1_U38,-9999,-9999,FXX,3,0.0,1,0,1.0,0,0,0,-9999.0,0.5,1,P0_CV0,1,1,1,1,1
1,1.0,0.0,R1_F1_m-1f-1_P1_Y-1_U70,-9999,-9999,MXY,3,0.0,1,0,0.0,0,0,0,-9999.0,0.5,1,P0_CV0,1,1,1,0,2
1,1.0,0.0,R1_F1_m-1f-1_P1_Y-1_U15,-9999,-9999,MXY,3,0.0,1,0,0.0,0,0,0,-9999.0,0.0,1,P0_CV0,1,0,2,0,2
1,1.0,0.0,R1_F1_m-1f-1_P1_Y-1_U83,-9999,-9999,MXY,3,0.0,1,0,0.0,0,0,0,-9999.0,0.5,1,P0_CV0,1,1,1,1,1
1,1.0,0.0,R1_F1_m-1f-1_P1_Y-1_U74,-9999,-9999,MXY,4,0.0,1,0,0.0,0,0,0,-9999.0,0.0,1,P0_CV0,1,0,2,2,0
1,1.0,0.0,R1_F1_m-1f-1_P1_Y-1_U19,-9999,-9999,MXY,4,0.0,1,0,0.0,0,0,0,-9999.0,0.0,1,P0_CV0,1,0,2,2,0
1,1.0,0.0,R1_F1_m-1f-1_P1_Y-1_U13,-9999,-9999,FXX,4,0.0,1,0,1.0,0,0,0,-9999.0,0.0,1,P0_CV0,1,0,2,1,1
1,1.0,0.0,R1_F1_m-1f-1_P1_Y-1_U43,-9999,-9999,FXX,4,0.0,1,0,1.0,0,0,0,-9999.0,0.5,1,P0_CV0,1,1,1,1,1
1,1.0,0.0,R1_F1_m1f2_P1_Y0_UO19,R1_F1_m-1f-1_P1_Y-1_U72,R2_F2_m-1f-1_P2_Y-1_U48,FXX,1,0.0,0,0,0.0,0,0,0,-9999.0,0.5,1,P1_CV0,1,1,1,1,1
1,1.0,0.0,R1_F1_m1f2_P1_Y0_UO22,R1_F1_m-1f-1_P1_Y-1_U72,R2_F2_m-1f-1_P2_Y-1_U48,FXX,1,0.0,0,0,0.0,0,0,0,-9999.0,0.5,1,P1_CV0,1,1,1,1,1
1,1.0,0.0,R1_F1_m1f2_P1_Y0_UO23,R1_F1_m-1f-1_P1_Y-1_U72,R2_F2_m-1f-1_P2_Y-1_U48,FXX,1,0.0,0,0,0.0,0,0,0,-9999.0,0.5,1,P1_CV0,1,1,1,1,1
1,1.0,0.0,R1_F1_m1f2_P1_Y0_UO212,R1_F1_m-1f-1_P1_Y-1_U12,R2_F2_m-1f-1_P2_Y-1_U97,FXX,1,0.0,0,0,0.0,0,0,0,-9999.0,0.5,1,P1_CV0,1,1,1,2,0
1,1.0,0.0,R1_F1_m1f2_P1_Y0_UO784,R1_F1_m-1f-1_P1_Y-1_U12,R2_F2_m-1f-1_P2_Y-1_U1,FXX,1,0.0,0,0,0.0,0,0,0,-9999.0,0.75,1,P1_CV0,1,1,1,2,0
1,1.0,0.0,R1_F1_m1f2_P1_Y0_UO785,R1_F1_m-1f-1_P1_Y-1_U12,R2_F2_m-1f-1_P2_Y-1_U1,FXX,1,0.0,0,0,0.0,0,0,0,-9999.0,0.75,1,P1_CV0,1,2,0,2,0
1,1.0,0.0,R1_F1_m1f2_P1_Y0_UO792,R1_F1_m-1f-1_P1_Y-1_U14,R2_F2_m-1f-1_P2_Y-1_U48,FXX,1,0.0,0,0,0.0,0,0,0,-9999.0,0.25,1,P1_CV0,1,1,1,1,1
1,1.0,0.0,R1_F1_m1f2_P1_Y0_UO807,R1_F1_m-1f-1_P1_Y-1_U28,R2_F2_m-1f-1_P2_Y-1_U33,MXY,1,0.0,0,0,0.0,0,0,0,-9999.0,1.0,1,P1_CV0,1,2,0,2,0
1,1.0,0.0,R1_F1_m1f2_P1_Y0_UO808,R1_F1_m-1f-1_P1_Y-1_U28,R2_F2_m-1f-1_P2_Y-1_U33,MXY,1,0.0,0,0,0.0,0,0,0,-9999.0,1.0,1,P1_CV0,1,2,0,1,1
1,1.0,0.0,R1_F1_m1f2_P1_Y0_UO810,R1_F1_m-1f-1_P1_Y-1_U28,R2_F2_m-1f-1_P2_Y-1_U33,FXX,1,0.0,0,0,0.0,0,0,0,-9999.0,1.0,1,P1_CV0,1,2,0,2,0
1,1.0,0.0,R1_F1_m1f2_P1_Y0_UO942,R1_F1_m-1f-1_P1_Y-1_U21,R2_F2_m-1f-1_P2_Y-1_U48,FXX,1,0.0,0,0,0.0,0,0,0,-9999.0,0.25,1,P1_CV0,1,0,2,0,2
1,1.0,0.0,R1_F1_m1f2_P1_Y0_UO945,R1_F1_m-1f-1_P1_Y-1_U21,R2_F2_m-1f-1_P2_Y-1_U48,FXX,1,0.0,0,0,0.0,0,0,0,-9999.0,0.25,1,P1_CV0,1,0,2,1,1
1,1.0,0.0,R1_F1_m1f2_P1_Y0_UO948,R1_F1_m-1f-1_P1_Y-1_U21,R2_F2_m-1f-1_P2_Y-1_U48,MXY,1,0.0,0,0,0.0,0,0,0,-9999.0,0.25,1,P1_CV0,1,1,1,0,2
1,1.0,0.0,R1_F1_m1f2_P1_Y0_UO1111,R1_F1_m-1f-1_P1_Y-1_U14,R2_F2_m-1f-1_P2_Y-1_U33,FXX,1,0.0,0,0,0.0,0,0,0,-9999.0,0.75,1,P1_CV0,1,1,1,2,0
1,1.0,0.0,R1_F1_m1f2_P1_Y0_UO1115,R1_F1_m-1f-1_P1_Y-1_U14,R2_F2_m-1f-1_P2_Y-1_U33,MXY,1,0.0,0,0,0.0,0,0,0,-9999.0,0.75,1,P1_CV0,1,2,0,2,0
1,1.0,0.0,R1_F1_m1f2_P1_Y0_UO1116,R1_F1_m-1f-1_P1_Y-1_U14,R2_F2_m-1f-1_P2_Y-1_U33,MXY,1,0.0,0,0,0.0,0,0,0,-9999.0,0.75,1,P1_CV0,1,2,0,2,0
1,1.0,0.0,R1_F1_m1f2_P1_Y0_UO1117,R1_F1_m-1f-1_P1_Y-1_U14,R2_F2_m-1f-1_P2_Y-1_U33,MXY,1,0.0,0,0,0.0,0,0,0,-9999.0,0.75,1,P1_CV0,1,2,0,2,0
1,1.0,0.0,R1_F1_m1f2_P1_Y0_UO1118,R1_F1_m-1f-1_P1_Y-1_U14,R2_F2_m-1f-1_P2_Y-1_U33,FXX,1,0.0,0,0,0.0,0,0,0,-9999.0,0.75,1,P1_CV0,1,1,1,2,0
1,1.0,0.0,R1_F1_m1f2_P1_Y0_UO1126,R1_F1_m-1f-1_P1_Y-1_U40,R2_F2_m-1f-1_P2_Y-1_U98,FXX,1,0.0,0,0,0.0,0,0,0,-9999.0,0.5,1,P1_CV0,1,1,1,0,2
1,1.0,0.0,R1_F1_m1f2_P1_Y0_UO1206,R1_F1_m-1f-1_P1_Y-1_U82,R2_F2_m-1f-1_P2_Y-1_U2,MXY,1,0.0,0,0,0.0,0,0,0,-9999.0,0.5,1,P1_CV0,1,1,1,0,2
1,1.0,0.0,RD1_F2_m2f1_P2_Y0_UO496,R2_F2_m-1f-1_P2_Y-1_U14,R1_F1_m-1f-1_P1_Y-1_U3,FXX,1,0.0,0,0,0.0,0,0,0,-9999.0,0.5,1,P1_CV0,1,1,1,2,0
1,1.0,0.0,RD1_F2_m2f1_P2_Y0_UO557,R2_F2_m-1f-1_P2_Y-1_U7,R1_F1_m-1f-1_P1_Y-1_U59,MXY,1,0.0,0,0,0.0,0,0,0,-9999.0,0.5,1,P1_CV0,1,1,1,2,0
1,1.0,0.0,RD1_F2_m-1f-1_P2_Y-1_U72,-9999,-9999,FXX,2,0.0,1,0,1.0,0,0,0,-9999.0,0.5,1,P1_CV0,1,1,1,1,1
1,1.0,0.0,RD1_F2_m2f3_P2_Y0_UO191,R2_F2_m-1f-1_P2_Y-1_U14,R3_F3_m-1f-1_P3_Y-1_U89,MXY,1,0.0,0,0,0.0,0,0,0,-9999.0,0.25,1,P2_CV0,1,0,2,2,0
2,0.9555728057861407,0.2947551744109042,R2_F2_m2f1_P2_Y0_UO971,R2_F2_m-1f-1_P2_Y-1_U74,R1_F1_m-1f-1_P1_Y-1_U74,FXX,1,0.0,0,0,0.0,0,0,0,-9999.0,0.0,1,P0_CV0,1,0,2,2,0
2,0.9555728057861407,0.2947551744109042,R2_F2_m2f1_P2_Y0_UO495,R2_F2_m-1f-1_P2_Y-1_U14,R1_F1_m-1f-1_P1_Y-1_U3,FXX,1,0.0,0,0,0.0,0,0,0,-9999.0,0.5,1,P0_CV0,1,1,1,2,0
2,0.9555728057861407,0.2947551744109042,RD2_F1_m1f2_P1_Y0_UO1131,R1_F1_m-1f-1_P1_Y-1_U40,R2_F2_m-1f-1_P2_Y-1_U98,MXY,1,0.0,0,0,0.0,0,0,0,-9999.0,0.5,1,P0_CV0,1,1,1,0,2
2,0.9555728057861407,0.2947551744109042,R2_F2_m2f1_P2_Y0_UO1079,R2_F2_m-1f-1_P2_Y-1_U36,R1_F1_m-1f-1_P1_Y-1_U3,FXX,1,0.0,0,0,0.0,0,0,0,-9999.0,0.5,1,P0_CV0,1,1,1,1,1
2,0.9555728057861407,0.2947551744109042,R2_F2_m2f1_P2_Y0_UO968,R2_F2_m-1f-1_P2_Y-1_U74,R1_F1_m-1f-1_P1_Y-1_U74,MXY,1,0.0,0,0,0.0,0,0,0,-9999.0,0.0,1,P0_CV0,1,0,2,2,0
2,0.9555728057861407,0.2947551744109042,R2_F2_m2f1_P2_Y0_UO559,R2_F2_m-1f-1_P2_Y-1_U7,R1_F1_m-1f-1_P1_Y-1_U59,FXX,1,0.0,0,0,0.0,0,0,0,-9999.0,0.5,1,P0_CV0,1,1,1,1,1
2,0.9555728057861407,0.2947551744109042,R2_F2_m2f1_P2_Y0_UO969,R2_F2_m-1f-1_P2_Y-1_U74,R1_F1_m-1f-1_P1_Y-1_U74,FXX,1,0.0,0,0,0.0,0,0,0,-9999.0,0.0,1,P0_CV0,1,0,2,2,0
2,0.9555728057861407,0.2947551744109042,R2_F2_m2f1_P2_Y0_UO714,R2_F2_m-1f-1_P2_Y-1_U15,R1_F1_m-1f-1_P1_Y-1_U7,MXY,1,0.0,0,0,0.0,0,0,0,-9999.0,0.5,1,P0_CV0,1,1,1,2,0
2,0.9555728057861407,0.2947551744109042,R2_F2_m2f1_P2_Y0_UO394,R2_F2_m-1f-1_P2_Y-1_U57,R1_F1_m-1f-1_P1_Y-1_U2,MXY,1,0.0,0,0,0.0,0,0,0,-9999.0,0.5,1,P0_CV0,1,0,2,0,2
2,0.9555728057861407,0.2947551744109042,RD2_F1_m1f2_P1_Y0_UO214,R1_F1_m-1f-1_P1_Y-1_U12,R2_F2_m-1f-1_P2_Y-1_U97,MXY,1,0.0,0,0,0.0,0,0,0,-9999.0,0.5,1,P0_CV0,1,1,1,1,1
2,0.9555728057861407,0.2947551744109042,R2_F2_m2f1_P2_Y0_UO877,R2_F2_m-1f-1_P2_Y-1_U60,R1_F1_m-1f-1_P1_Y-1_U15,MXY,1,0.0,0,0,0.0,0,0,0,-9999.0,0.25,1,P0_CV0,1,1,1,1,1
2,0.9555728057861407,0.2947551744109042,R2_F2_m2f1_P2_Y0_UO392,R2_F2_m-1f-1_P2_Y-1_U57,R1_F1_m-1f-1_P1_Y-1_U2,FXX,1,0.0,0,0,0.0,0,0,0,-9999.0,0.5,1,P0_CV0,1,1,1,0,2
2,0.9555728057861407,0.2947551744109042,R2_F2_m2f1_P2_Y0_UO560,R2_F2_m-1f-1_P2_Y-1_U7,R1_F1_m-1f-1_P1_Y-1_U59,FXX,1,0.0,0,0,0.0,0,0,0,-9999.0,0.5,1,P0_CV0,1,1,1,2,0
2,0.9555728057861407,0.2947551744109042,R2_F2_m2f1_P2_Y0_UO494,R2_F2_m-1f-1_P2_Y-1_U14,R1_F1_m-1f-1_P1_Y-1_U3,FXX,1,0.0,0,0,0.0,0,0,0,-9999.0,0.5,1,P0_CV0,1,1,1,1,1
2,0.9555728057861407,0.2947551744109042,R2_F2_m2f1_P2_Y0_UO880,R2_F2_m-1f-1_P2_Y-1_U60,R1_F1_m-1f-1_P1_Y-1_U15,MXY,1,0.0,0,0,0.0,0,0,0,-9999.0,0.25,1,P0_CV0,1,0,2,1,1
2,0.9555728057861407,0.2947551744109042,R2_F2_m2f1_P2_Y0_UO556,R2_F2_m-1f-1_P2_Y-1_U7,R1_F1_m-1f-1_P1_Y-1_U59,FXX,1,0.0,0,0,0.0,0,0,0,-9999.0,0.5,1,P0_CV0,1,1,1,2,0
2,0.9555728057861407,0.2947551744109042,R2_F2_m2f1_P2_Y0_UO1080,R2_F2_m-1f-1_P2_Y-1_U36,R1_F1_m-1f-1_P1_Y-1_U3,FXX,1,0.0,0,0,0.0,0,0,0,-9999.0,0.5,1,P0_CV0,1,1,1,1,1
2,0.9555728057861407,0.2947551744109042,RD2_F1_m-1f-1_P1_Y-1_U69,-9999,-9999,MXY,2,0.0,1,0,0.0,0,0,0,-9999.0,0.5,1,P0_CV0,1,1,1,1,1
2,0.9555728057861407,0.2947551744109042,RD2_F1_m-1f-1_P1_Y-1_U26,-9999,-9999,MXY,2,0.0,1,0,0.0,0,0,0,-9999.0,0.5,1,P0_CV0,1,1,1,1,1
2,0.9555728057861407,0.2947551744109042,R2_F2_m2f1_P2_Y0_UO1078,R2_F2_m-1f-1_P2_Y-1_U36,R1_F1_m-1f-1_P1_Y-1_U3,MXY,1,0.0,0,0,0.0,0,0,0,-9999.0,0.5,1,P1_CV0,1,1,1,1,1
2,0.9555728057861407,0.2947551744109042,R2_F2_m2f3_P2_Y0_UO190,R2_F2_m-1f-1_P2_Y-1_U14,R3_F3_m-1f-1_P3_Y-1_U89,MXY,1,0.0,0,0,0.0,0,0,0,-9999.0,0.25,1,P1_CV0,1,1,1,0,2
2,0.9555728057861407,0.2947551744109042,R2_F2_m2f3_P2_Y0_UO1358,R2_F2_m-1f-1_P2_Y-1_U11,R3_F3_m-1f-1_P3_Y-1_U55,MXY,1,0.0,0,0,0.0,0,0,0,-9999.0,0.25,1,P1_CV0,1,1,1,2,0
2,0.9555728057861407,0.2947551744109042,R2_F2_m2f1_P2_Y0_UO878,R2_F2_m-1f-1_P2_Y-1_U60,R1_F1_m-1f-1_P1_Y-1_U15,FXX,1,0.0,0,0,0.0,0,0,0,-9999.0,0.25,1,P1_CV0,1,0,2,1,1
2,0.9555728057861407,0.2947551744109042,R2_F2_m2f1_P2_Y0_UO972,R2_F2_m-1f-1_P2_Y-1_U74,R1_F1_m-1f-1_P1_Y-1_U74,FXX,1,0.0,0,0,0.0,0,0,0,-9999.0,0.0,1,P1_CV0,1,0,2,1,1
2,0.9555728057861407,0.2947551744109042,R2_F2_m2f1_P2_Y0_UO492,R2_F2_m-1f-1_P2_Y-1_U14,R1_F1_m-1f-1_P1_Y-1_U3,MXY,1,0.0,0,0,0.0,0,0,0,-9999.0,0.5,1,P1_CV0,1,2,0,2,0
2,0.9555728057861407,0.2947551744109042,R2_F2_m2f3_P2_Y0_UO710,R2_F2_m-1f-1_P2_Y-1_U15,R3_F3_m-1f-1_P3_Y-1_U17,MXY,1,0.0,0,0,0.0,0,0,0,-9999.0,0.5,1,P1_CV0,1,2,0,1,1
2,0.9555728057861407,0.2947551744109042,R2_F2_m2f1_P2_Y0_UO391,R2_F2_m-1f-1_P2_Y-1_U57,R1_F1_m-1f-1_P1_Y-1_U2,MXY,1,0.0,0,0,0.0,0,0,0,-9999.0,0.5,1,P1_CV0,1,2,0,0,2
2,0.9555728057861407,0.2947551744109042,R2_F2_m2f1_P2_Y0_UO393,R2_F2_m-1f-1_P2_Y-1_U57,R1_F1_m-1f-1_P1_Y-1_U2,FXX,1,0.0,0,0,0.0,0,0,0,-9999.0,0.5,1,P1_CV0,1,2,0,0,2
2,0.9555728057861407,0.2947551744109042,R2_F2_m2f1_P2_Y0_UO879,R2_F2_m-1f-1_P2_Y-1_U60,R1_F1_m-1f-1_P1_Y-1_U15,MXY,1,0.0,0,0,0.0,0,0,0,-9999.0,0.25,1,P1_CV0,1,0,2,0,2
2,0.9555728057861407,0.2947551744109042,R2_F2_m2f3_P2_Y0_UO116,R2_F2_m-1f-1_P2_Y-1_U43,R3_F3_m-1f-1_P3_Y-1_U82,FXX,1,0.0,0,0,0.0,0,0,0,-9999.0,0.25,1,P1_CV0,1,1,1,0,2
2,0.9555728057861407,0.2947551744109042,R2_F2_m2f3_P2_Y0_UO487,R2_F2_m-1f-1_P2_Y-1_U60,R3_F3_m-1f-1_P3_Y-1_U76,FXX,1,0.0,0,0,0.0,0,0,0,-9999.0,0.5,1,P1_CV0,1,1,1,0,2
2,0.9555728057861407,0.2947551744109042,R2_F2_m2f1_P2_Y0_UO715,R2_F2_m-1f-1_P2_Y-1_U15,R1_F1_m-1f-1_P1_Y-1_U7,MXY,1,0.0,0,0,0.0,0,0,0,-9999.0,0.5,1,P1_CV0,1,1,1,2,0
2,0.9555728057861407,0.2947551744109042,R2_F2_m2f3_P2_Y0_UO182,R2_F2_m-1f-1_P2_Y-1_U11,R3_F3_m-1f-1_P3_Y-1_U1,FXX,1,0.0,0,0,0.0,0,0,0,-9999.0,0.5,1,P1_CV0,1,0,2,1,1
2,0.9555728057861407,0.2947551744109042,R2_F2_m2f1_P2_Y0_UO717,R2_F2_m-1f-1_P2_Y-1_U15,R1_F1_m-1f-1_P1_Y-1_U7,FXX,1,0.0,0,0,0.0,0,0,0,-9999.0,0.5,1,P1_CV0,1,2,0,2,0
2,0.9555728057861407,0.2947551744109042,R2_F2_m2f3_P2_Y0_UO183,R2_F2_m-1f-1_P2_Y-1_U11,R3_F3_m-1f-1_P3_Y-1_U1,MXY,1,0.0,0,0,0.0,0,0,0,-9999.0,0.5,1,P1_CV0,1,0,2,1,1
2,0.9555728057861407,0.2947551744109042,RD2_F1_m1f2_P1_Y0_UO743,R1_F1_m-1f-1_P1_Y-1_U28,R2_F2_m-1f-1_P2_Y-1_U13,MXY,1,0.0,0,0,0.0,0,0,0,-9999.0,0.5,1,P1_CV0,1,1,1,1,1
2,0.9555728057861407,0.2947551744109042,R2_F2_m2f3_P2_Y0_UO117,R2_F2_m-1f-1_P2_Y-1_U43,R3_F3_m-1f-1_P3_Y-1_U82,MXY,1,0.0,0,0,0.0,0,0,0,-9999.0,0.25,1,P1_CV0,1,1,1,0,2
2,0.9555728057861407,0.2947551744109042,R2_F2_m2f3_P2_Y0_UO188,R2_F2_m-1f-1_P2_Y-1_U14,R3_F3_m-1f-1_P3_Y-1_U89,MXY,1,0.0,0,0,0.0,0,0,0,-9999.0,0.25,1,P1_CV0,1,0,2,2,0
2,0.9555728057861407,0.2947551744109042,R2_F2_m2f3_P2_Y0_UO186,R2_F2_m-1f-1_P2_Y-1_U11,R3_F3_m-1f-1_P3_Y-1_U1,MXY,1,0.0,0,0,0.0,0,0,0,-9999.0,0.5,1,P1_CV0,1,1,1,1,1
2,0.9555728057861407,0.2947551744109042,R2_F2_m2f3_P2_Y0_UO189,R2_F2_m-1f-1_P2_Y-1_U14,R3_F3_m-1f-1_P3_Y-1_U89,MXY,1,0.0,0,0,0.0,0,0,0,-9999.0,0.25,1,P1_CV0,1,1,1,1,1
2,0.9555728057861407,0.2947551744109042,R2_F2_m2f3_P2_Y0_UO192,R2_F2_m-1f-1_P2_Y-1_U14,R3_F3_m-1f-1_P3_Y-1_U89,FXX,1,0.0,0,0,0.0,0,0,0,-9999.0,0.25,1,P1_CV0,1,1,1,1,1
2,0.9555728057861407,0.2947551744109042,R2_F2_m2f3_P2_Y0_UO187,R2_F2_m-1f-1_P2_Y-1_U11,R3_F3_m-1f-1_P3_Y-1_U1,MXY,1,0.0,0,0,0.0,0,0,0,-9999.0,0.5,1,P1_CV0,1,1,1,1,1
2,0.9555728057861407,0.2947551744109042,R2_F2_m2f1_P2_Y0_UO558,R2_F2_m-1f-1_P2_Y-1_U7,R1_F1_m-1f-1_P1_Y-1_U59,FXX,1,0.0,0,0,0.0,0,0,0,-9999.0,0.5,1,P1_CV0,1,1,1,2,0
2,0.9555728057861407,0.2947551744109042,RD2_F1_m1f2_P1_Y0_UO1125,R1_F1_m-1f-1_P1_Y-1_U40,R2_F2_m-1f-1_P2_Y-1_U98,MXY,1,0.0,0,0,0.0,0,0,0,-9999.0,0.5,1,P1_CV0,1,1,1,1,1
2,0.9555728057861407,0.2947551744109042,R2_F2_m2f1_P2_Y0_UO718,R2_F2_m-1f-1_P2_Y-1_U15,R1_F1_m-1f-1_P1_Y-1_U7,MXY,1,0.0,0,0,0.0,0,0,0,-9999.0,0.5,1,P1_CV0,1,1,1,1,1
2,0.9555728057861407,0.2947551744109042,R2_F2_m2f1_P2_Y0_UO493,R2_F2_m-1f-1_P2_Y-1_U14,R1_F1_m-1f-1_P1_Y-1_U3,MXY,1,0.0,0,0,0.0,0,0,0,-9999.0,0.5,1,P1_CV0,1,1,1,2,0
2,0.9555728057861407,0.2947551744109042,R2_F2_m2f3_P2_Y0_UO1362,R2_F2_m-1f-1_P2_Y-1_U11,R3_F3_m-1f-1_P3_Y-1_U55,MXY,1,0.0,0,0,0.0,0,0,0,-9999.0,0.25,1,P1_CV0,1,0,2,2,0
2,0.9555728057861407,0.2947551744109042,R2_F2_m2f1_P2_Y0_UO1082,R2_F2_m-1f-1_P2_Y-1_U36,R1_F1_m-1f-1_P1_Y-1_U3,MXY,1,0.0,0,0,0.0,0,0,0,-9999.0,0.5,1,P1_CV0,1,0,2,1,1
2,0.9555728057861407,0.2947551744109042,R2_F2_m2f1_P2_Y0_UO497,R2_F2_m-1f-1_P2_Y-1_U14,R1_F1_m-1f-1_P1_Y-1_U3,MXY,1,0.0,0,0,0.0,0,0,0,-9999.0,0.5,1,P1_CV0,1,0,2,2,0
2,0.9555728057861407,0.2947551744109042,R2_F2_m2f1_P2_Y0_UO716,R2_F2_m-1f-1_P2_Y-1_U15,R1_F1_m-1f-1_P1_Y-1_U7,MXY,1,0.0,0,0,0.0,0,0,0,-9999.0,0.5,1,P1_CV0,1,1,1,1,1
2,0.9555728057861407,0.2947551744109042,R2_F2_m2f1_P2_Y0_UO973,R2_F2_m-1f-1_P2_Y-1_U74,R1_F1_m-1f-1_P1_Y-1_U74,MXY,1,0.0,0,0,0.0,0,0,0,-9999.0,0.0,1,P1_CV0,1,0,2,2,0
2,0.9555728057861407,0.2947551744109042,R2_F2_m2f3_P2_Y0_UO193,R2_F2_m-1f-1_P2_Y-1_U14,R3_F3_m-1f-1_P3_Y-1_U89,MXY,1,0.0,0,0,0.0,0,0,0,-9999.0,0.25,1,P1_CV0,1,0,2,2,0
2,0.9555728057861407,0.2947551744109042,R2_F2_m-1f-1_P2_Y-1_U66,-9999,-9999,FXX,2,0.0,1,0,1.0,0,0,0,-9999.0,0.5,1,P1_CV0,1,1,1,1,1
2,0.9555728057861407,0.2947551744109042,R2_F2_m-1f-1_P2_Y-1_U28,-9999,-9999,MXY,2,0.0,1,0,0.0,0,0,0,-9999.0,0.5,1,P1_CV0,1,1,1,1,1
2,0.9555728057861407,0.2947551744109042,R2_F2_m-1f-1_P2_Y-1_U59,-9999,-9999,FXX,2,0.0,1,0,1.0,0,0,0,-9999.0,1.0,1,P1_CV0,1,2,0,1,1
2,0.9555728057861407,0.2947551744109042,R2_F2_m-1f-1_P2_Y-1_U93,-9999,-9999,MXY,2,0.0,1,0,0.0,0,0,0,-9999.0,0.0,1,P1_CV0,1,0,2,2,0
2,0.9555728057861407,0.2947551744109042,R2_F2_m-1f-1_P2_Y-1_U95,-9999,-9999,MXY,2,0.0,1,0,0.0,0,0,0,-9999.0,0.5,1,P1_CV0,1,1,1,1,1
2,0.9555728057861407,0.2947551744109042,R2_F2_m-1f-1_P2_Y-1_U83,-9999,-9999,MXY,2,0.0,1,0,0.0,0,0,0,-9999.0,0.5,1,P1_CV0,1,1,1,1,1
2,0.9555728057861407,0.2947551744109042,R2_F2_m-1f-1_P2_Y-1_U78,-9999,-9999,MXY,2,0.0,1,0,0.0,0,0,0,-9999.0,0.5,1,P1_CV0,1,1,1,1,1
2,0.9555728057861407,0.2947551744109042,R2_F2_m-1f-1_P2_Y-1_U67,-9999,-9999,MXY,2,0.0,1,0,0.0,0,0,0,-9999.0,0.0,1,P1_CV0,1,0,2,0,2
2,0.9555728057861407,0.2947551744109042,R2_F2_m-1f-1_P2_Y-1_U55,-9999,-9999,FXX,2,0.0,1,0,1.0,0,0,0,-9999.0,1.0,1,P1_CV0,1,2,0,2,0
2,0.9555728057861407,0.2947551744109042,R2_F2_m-1f-1_P2_Y-1_U58,-9999,-9999,MXY,2,0.0,1,0,0.0,0,0,0,-9999.0,0.5,1,P1_CV0,1,1,1,0,2
2,0.9555728057861407,0.2947551744109042,R2_F2_m-1f-1_P2_Y-1_U27,-9999,-9999,FXX,2,0.0,1,0,1.0,0,0,0,-9999.0,0.0,1,P1_CV0,1,0,2,0,2
2,0.9555728057861407,0.2947551744109042,R2_F2_m-1f-1_P2_Y-1_U35,-9999,-9999,FXX,2,0.0,1,0,1.0,0,0,0,-9999.0,0.5,1,P1_CV0,1,1,1,1,1
2,0.9555728057861407,0.2947551744109042,R2_F2_m-1f-1_P2_Y-1_U29,-9999,-9999,FXX,2,0.0,1,0,1.0,0,0,0,-9999.0,0.5,1,P1_CV0,1,1,1,1,1
2,0.9555728057861407,0.2947551744109042,R2_F2_m-1f-1_P2_Y-1_U77,-9999,-9999,MXY,2,0.0,1,0,0.0,0,0,0,-9999.0,0.0,1,P1_CV0,1,0,2,2,0
2,0.9555728057861407,0.2947551744109042,R2_F2_m-1f-1_P2_Y-1_U87,-9999,-9999,FXX,2,0.0,1,0,1.0,0,0,0,-9999.0,1.0,1,P1_CV0,1,2,0,1,1
2,0.9555728057861407,0.2947551744109042,R2_F2_m-1f-1_P2_Y-1_U61,-9999,-9999,MXY,2,0.0,1,0,0.0,0,0,0,-9999.0,0.0,1,P1_CV0,1,0,2,0,2
2,0.9555728057861407,0.2947551744109042,R2_F2_m-1f-1_P2_Y-1_U91,-9999,-9999,MXY,2,0.0,1,0,0.0,0,0,0,-9999.0,0.5,1,P1_CV0,1,1,1,0,2
2,0.9555728057861407,0.2947551744109042,R2_F2_m-1f-1_P2_Y-1_U0,-9999,-9999,FXX,2,0.0,1,0,1.0,0,0,0,-9999.0,0.5,1,P1_CV0,1,1,1,0,2
2,0.9555728057861407,0.2947551744109042,R2_F2_m-1f-1_P2_Y-1_U98,-9999,-9999,MXY,3,0.0,1,0,0.0,0,0,0,-9999.0,1.0,1,P1_CV0,1,2,0,1,1
2,0.9555728057861407,0.2947551744109042,R2_F2_m-1f-1_P2_Y-1_U14,-9999,-9999,FXX,3,0.0,1,0,1.0,0,0,0,-9999.0,0.5,1,P1_CV0,1,1,1,1,1
2,0.9555728057861407,0.2947551744109042,R2_F2_m-1f-1_P2_Y-1_U1,-9999,-9999,MXY,3,0.0,1,0,0.0,0,0,0,-9999.0,0.5,1,P1_CV0,1,1,1,2,0
2,0.9555728057861407,0.2947551744109042,R2_F2_m-1f-1_P2_Y-1_U97,-9999,-9999,MXY,4,0.0,1,0,0.0,0,0,0,-9999.0,0.0,1,P1_CV0,1,0,2,1,1
2,0.9555728057861407,0.2947551744109042,R2_F2_m2f3_P2_Y0_UO185,R2_F2_m-1f-1_P2_Y-1_U11,R3_F3_m-1f-1_P3_Y-1_U1,MXY,1,0.0,0,0,0.0,0,0,0,-9999.0,0.5,1,P2_CV0,1,0,2,1,1
2,0.9555728057861407,0.2947551744109042,R2_F2_m2f3_P2_Y0_UO712,R2_F2_m-1f-1_P2_Y-1_U15,R3_F3_m-1f-1_P3_Y-1_U17,MXY,1,0.0,0,0,0.0,0,0,0,-9999.0,0.5,1,P2_CV0,1,1,1,1,1
2,0.9555728057861407,0.2947551744109042,R2_F2_m2f3_P2_Y0_UO1361,R2_F2_m-1f-1_P2_Y-1_U11,R3_F3_m-1f-1_P3_Y-1_U55,FXX,1,0.0,0,0,0.0,0,0,0,-9999.0,0.25,1,P2_CV0,1,1,1,2,0
2,0.9555728057861407,0.2947551744109042,R2_F2_m2f3_P2_Y0_UO1360,R2_F2_m-1f-1_P2_Y-1_U11,R3_F3_m-1f-1_P3_Y-1_U55,FXX,1,0.0,0,0,0.0,0,0,0,-9999.0,0.25,1,P2_CV0,1,1,1,2,0
2,0.9555728057861407,0.2947551744109042,RD2_F3_m3f4_P3_Y0_UO1211,R3_F3_m-1f-1_P3_Y-1_U25,R4_F4_m-1f-1_P4_Y-1_U12,FXX,1,0.0,0,0,0.0,0,0,0,-9999.0,0.75,1,P2_CV0,1,2,0,0,2
2,0.9555728057861407,0.2947551744109042,RD2_F3_m3f2_P3_Y0_UO753,R3_F3_m-1f-1_P3_Y-1_U25,R2_F2_m-1f-1_P2_Y-1_U52,MXY,1,0.0,0,0,0.0,0,0,0,-9999.0,0.75,1,P2_CV0,1,2,0,0,2
2,0.9555728057861407,0.2947551744109042,R2_F2_m2f3_P2_Y0_UO486,R2_F2_m-1f-1_P2_Y-1_U60,R3_F3_m-1f-1_P3_Y-1_U76,MXY,1,0.0,0,0,0.0,0,0,0,-9999.0,0.5,1,P2_CV0,1,2,0,1,1
2,0.9555728057861407,0.2947551744109042,R2_F2_m2f3_P2_Y0_UO488,R2_F2_m-1f-1_P2_Y-1_U60,R3_F3_m-1f-1_P3_Y-1_U76,MXY,1,0.0,0,0,0.0,0,0,0,-9999.0,0.5,1,P2_CV0,1,0,2,0,2
2,0.9555728057861407,0.2947551744109042,R2_F2_m2f3_P2_Y0_UO490,R2_F2_m-1f-1_P2_Y-1_U60,R3_F3_m-1f-1_P3_Y-1_U76,FXX,1,0.0,0,0,0.0,0,0,0,-9999.0,0.5,1,P2_CV0,1,0,2,1,1
2,0.9555728057861407,0.2947551744109042,R2_F2_m2f3_P2_Y0_UO485,R2_F2_m-1f-1_P2_Y-1_U60,R3_F3_m-1f-1_P3_Y-1_U76,MXY,1,0.0,0,0,0.0,0,0,0,-9999.0,0.5,1,P2_CV0,1,2,0,1,1
2,0.9555728057861407,0.2947551744109042,R2_F2_m2f3_P2_Y0_UO489,R2_F2_m-1f-1_P2_Y-1_U60,R3_F3_m-1f-1_P3_Y-1_U76,FXX,1,0.0,0,0,0.0,0,0,0,-9999.0,0.5,1,P2_CV0,1,1,1,1,1
2,0.9555728057861407,0.2947551744109042,R2_F2_m2f3_P2_Y0_UO115,R2_F2_m-1f-1_P2_Y-1_U43,R3_F3_m-1f-1_P3_Y-1_U82,FXX,1,0.0,0,0,0.0,0,0,0,-9999.0,0.25,1,P2_CV0,1,0,2,0,2
2,0.9555728057861407,0.2947551744109042,R2_F2_m2f3_P2_Y0_UO491,R2_F2_m-1f-1_P2_Y-1_U60,R3_F3_m-1f-1_P3_Y-1_U76,MXY,1,0.0,0,0,0.0,0,0,0,-9999.0,0.5,1,P2_CV0,1,1,1,2,0
2,0.9555728057861407,0.2947551744109042,R2_F2_m2f3_P2_Y0_UO113,R2_F2_m-1f-1_P2_Y-1_U43,R3_F3_m-1f-1_P3_Y-1_U82,MXY,1,0.0,0,0,0.0,0,0,0,-9999.0,0.25,1,P2_CV0,1,0,2,0,2
2,0.9555728057861407,0.2947551744109042,R2_F2_m2f3_P2_Y0_UO114,R2_F2_m-1f-1_P2_Y-1_U43,R3_F3_m-1f-1_P3_Y-1_U82,MXY,1,0.0,0,0,0.0,0,0,0,-9999.0,0.25,1,P2_CV0,1,0,2,0,2
2,0.9555728057861407,0.2947551744109042,R2_F2_m2f3_P2_Y0_UO1359,R2_F2_m-1f-1_P2_Y-1_U11,R3_F3_m-1f-1_P3_Y-1_U55,MXY,1,0.0,0,0,0.0,0,0,0,-9999.0,0.25,1,P2_CV0,1,1,1,2,0
2,0.9555728057861407,0.2947551744109042,R2_F2_m2f3_P2_Y0_UO709,R2_F2_m-1f-1_P2_Y-1_U15,R3_F3_m-1f-1_P3_Y-1_U17,FXX,1,0.0,0,0,0.0,0,0,0,-9999.0,0.5,1,P2_CV0,1,1,1,1,1
2,0.9555728057861407,0.2947551744109042,R2_F2_m2f3_P2_Y0_UO184,R2_F2_m-1f-1_P2_Y-1_U11,R3_F3_m-1f-1_P3_Y-1_U1,MXY,1,0.0,0,0,0.0,0,0,0,-9999.0,0.5,1,P2_CV0,1,1,1,1,1
2,0.9555728057861407,0.2947551744109042,RD2_F3_m-1f-1_P3_Y-1_U7,-9999,-9999,MXY,2,0.0,1,0,0.0,0,0,0,-9999.0,0.5,1,P2_CV0,1,1,1,1,1
2,0.9555728057861407,0.2947551744109042,RD2_F3_m-1f-1_P3_Y-1_U55,-9999,-9999,MXY,3,0.0,1,0,0.0,0,0,0,-9999.0,0.0,1,P2_CV0,1,0,2,2,0
3,0.8262387743159949,0.5633200580636221,R3_F3_m3f2_P3_Y0_UO54,R3_F3_m-1f-1_P3_Y-1_U28,R2_F2_m-1f-1_P2_Y-1_U2,MXY,1,0.0,0,0,0.0,0,0,0,-9999.0,0.5,1,P1_CV0,1,1,1,0,2
3,0.8262387743159949,0.5633200580636221,R3_F3_m3f2_P3_Y0_UO57,R3_F3_m-1f-1_P3_Y-1_U28,R2_F2_m-1f-1_P2_Y-1_U2,MXY,1,0.0,0,0,0.0,0,0,0,-9999.0,0.5,1,P1_CV0,1,1,1,0,2
3,0.8262387743159949,0.5633200580636221,R3_F3_m3f2_P3_Y0_UO58,R3_F3_m-1f-1_P3_Y-1_U28,R2_F2_m-1f-1_P2_Y-1_U2,FXX,1,0.0,0,0,0.0,0,0,0,-9999.0,0.5,1,P1_CV0,1,1,1,1,1
3,0.8262387743159949,0.5633200580636221,R3_F3_m3f2_P3_Y0_UO670,R3_F3_m-1f-1_P3_Y-1_U87,R2_F2_m-1f-1_P2_Y-1_U4,FXX,1,0.0,0,0,0.0,0,0,0,-9999.0,0.75,1,P1_CV0,1,1,1,2,0
3,0.8262387743159949,0.5633200580636221,R3_F3_m3f2_P3_Y0_UO672,R3_F3_m-1f-1_P3_Y-1_U87,R2_F2_m-1f-1_P2_Y-1_U4,FXX,1,0.0,0,0,0.0,0,0,0,-9999.0,0.75,1,P1_CV0,1,1,1,2,0
3,0.8262387743159949,0.5633200580636221,R3_F3_m3f2_P3_Y0_UO755,R3_F3_m-1f-1_P3_Y-1_U25,R2_F2_m-1f-1_P2_Y-1_U52,FXX,1,0.0,0,0,0.0,0,0,0,-9999.0,0.75,1,P1_CV0,1,2,0,0,2
3,0.8262387743159949,0.5633200580636221,R3_F3_m3f2_P3_Y0_UO756,R3_F3_m-1f-1_P3_Y-1_U25,R2_F2_m-1f-1_P2_Y-1_U52,MXY,1,0.0,0,0,0.0,0,0,0,-9999.0,0.75,1,P1_CV0,1,1,1,0,2
3,0.8262387743159949,0.5633200580636221,R3_F3_m3f2_P3_Y0_UO908,R3_F3_m-1f-1_P3_Y-1_U31,R2_F2_m-1f-1_P2_Y-1_U65,FXX,1,0.0,0,0,0.0,0,0,0,-9999.0,0.75,1,P1_CV0,1,2,0,1,1
3,0.8262387743159949,0.5633200580636221,R3_F3_m3f2_P3_Y0_UO909,R3_F3_m-1f-1_P3_Y-1_U31,R2_F2_m-1f-1_P2_Y-1_U65,FXX,1,0.0,0,0,0.0,0,0,0,-9999.0,0.75,1,P1_CV0,1,1,1,0,2
3,0.8262387743159949,0.5633200580636221,R3_F3_m3f2_P3_Y0_UO910,R3_F3_m-1f-1_P3_Y-1_U31,R2_F2_m-1f-1_P2_Y-1_U65,MXY,1,0.0,0,0,0.0,0,0,0,-9999.0,0.75,1,P1_CV0,1,1,1,1,1
3,0.8262387743159949,0.5633200580636221,R3_F3_m3f2_P3_Y0_UO911,R3_F3_m-1f-1_P3_Y-1_U31,R2_F2_m-1f-1_P2_Y-1_U65,FXX,1,0.0,0,0,0.0,0,0,0,-9999.0,0.75,1,P1_CV0,1,2,0,1,1
3,0.8262387743159949,0.5633200580636221,R3_F3_m3f2_P3_Y0_UO950,R3_F3_m-1f-1_P3_Y-1_U28,R2_F2_m-1f-1_P2_Y-1_U50,FXX,1,0.0,0,0,0.0,0,0,0,-9999.0,0.25,1,P1_CV0,1,0,2,1,1
3,0.8262387743159949,0.5633200580636221,R3_F3_m3f2_P3_Y0_UO951,R3_F3_m-1f-1_P3_Y-1_U28,R2_F2_m-1f-1_P2_Y-1_U50,FXX,1,0.0,0,0,0.0,0,0,0,-9999.0,0.25,1,P1_CV0,1,0,2,2,0
3,0.8262387743159949,0.5633200580636221,R3_F3_m3f2_P3_Y0_UO953,R3_F3_m-1f-1_P3_Y-1_U28,R2_F2_m-1f-1_P2_Y-1_U50,FXX,1,0.0,0,0,0.0,0,0,0,-9999.0,0.25,1,P1_CV0,1,0,2,1,1
3,0.8262387743159949,0.5633200580636221,R3_F3_m3f2_P3_Y0_UO997,R3_F3_m-1f-1_P3_Y-1_U28,R2_F2_m-1f-1_P2_Y-1_U98,FXX,1,0.0,0,0,0.0,0,0,0,-9999.0,0.75,1,P1_CV0,1,2,0,0,2
3,0.8262387743159949,0.5633200580636221,R3_F3_m3f2_P3_Y0_UO998,R3_F3_m-1f-1_P3_Y-1_U28,R2_F2_m-1f-1_P2_Y-1_U98,FXX,1,0.0,0,0,0.0,0,0,0,-9999.0,0.75,1,P1_CV0,1,1,1,2,0
3,0.8262387743159949,0.5633200580636221,R3_F3_m3f2_P3_Y0_UO1000,R3_F3_m-1f-1_P3_Y-1_U28,R2_F2_m-1f-1_P2_Y-1_U98,MXY,1,0.0,0,0,0.0,0,0,0,-9999.0,0.75,1,P1_CV0,1,2,0,2,0
3,0.8262387743159949,0.5633200580636221,R3_F3_m3f2_P3_Y0_UO1152,R3_F3_m-1f-1_P3_Y-1_U54,R2_F2_m-1f-1_P2_Y-1_U98,FXX,1,0.0,0,0,0.0,0,0,0,-9999.0,0.75,1,P1_CV0,1,1,1,0,2
3,0.8262387743159949,0.5633200580636221,R3_F3_m3f2_P3_Y0_UO1153,R3_F3_m-1f-1_P3_Y-1_U54,R2_F2_m-1f-1_P2_Y-1_U98,FXX,1,0.0,0,0,0.0,0,0,0,-9999.0,0.75,1,P1_CV0,1,1,1,0,2
3,0.8262387743159949,0.5633200580636221,R3_F3_m3f2_P3_Y0_UO1154,R3_F3_m-1f-1_P3_Y-1_U54,R2_F2_m-1f-1_P2_Y-1_U98,MXY,1,0.0,0,0,0.0,0,0,0,-9999.0,0.75,1,P1_CV0,1,2,0,0,2
3,0.8262387743159949,0.5633200580636221,R3_F3_m3f2_P3_Y0_UO1337,R3_F3_m-1f-1_P3_Y-1_U54,R2_F2_m-1f-1_P2_Y-1_U97,MXY,1,0.0,0,0,0.0,0,0,0,-9999.0,0.25,1,P1_CV0,1,0,2,0,2
3,0.8262387743159949,0.5633200580636221,R3_F3_m3f2_P3_Y0_UO1338,R3_F3_m-1f-1_P3_Y-1_U54,R2_F2_m-1f-1_P2_Y-1_U97,MXY,1,0.0,0,0,0.0,0,0,0,-9999.0,0.25,1,P1_CV0,1,1,1,0,2
3,0.8262387743159949,0.5633200580636221,R3_F3_m3f2_P3_Y0_UO1339,R3_F3_m-1f-1_P3_Y-1_U54,R2_F2_m-1f-1_P2_Y-1_U97,MXY,1,0.0,0,0,0.0,0,0,0,-9999.0,0.25,1,P1_CV0,1,1,1,1,1
3,0.8262387743159949,0.5633200580636221,R3_F3_m3f2_P3_Y0_UO1341,R3_F3_m-1f-1_P3_Y-1_U54,R2_F2_m-1f-1_P2_Y-1_U97,FXX,1,0.0,0,0,0.0,0,0,0,-9999.0,0.25,1,P1_CV0,1,1,1,0,2
3,0.8262387743159949,0.5633200580636221,RD3_F2_m-1f-1_P2_Y-1_U41,-9999,-9999,FXX,2,0.0,1,0,1.0,0,0,0,-9999.0,0.5,1,P1_CV0,1,1,1,2,0
3,0.8262387743159949,0.5633200580636221,RD3_F2_m-1f-1_P2_Y-1_U39,-9999,-9999,FXX,2,0.0,1,0,1.0,0,0,0,-9999.0,1.0,1,P1_CV0,1,2,0,1,1
3,0.8262387743159949,0.5633200580636221,R3_F3_m3f2_P3_Y0_UO56,R3_F3_m-1f-1_P3_Y-1_U28,R2_F2_m-1f-1_P2_Y-1_U2,FXX,1,0.0,0,0,0.0,0,0,0,-9999.0,0.5,1,P2_CV0,1,1,1,0,2
3,0.8262387743159949,0.5633200580636221,R3_F3_m3f4_P3_Y0_UO638,R3_F3_m-1f-1_P3_Y-1_U4,R4_F4_m-1f-1_P4_Y-1_U13,FXX,1,0.0,0,0,0.0,0,0,0,-9999.0,0.75,1,P2_CV0,1,1,1,1,1
3,0.8262387743159949,0.5633200580636221,R3_F3_m3f2_P3_Y0_UO671,R3_F3_m-1f-1_P3_Y-1_U87,R2_F2_m-1f-1_P2_Y-1_U4,FXX,1,0.0,0,0,0.0,0,0,0,-9999.0,0.75,1,P2_CV0,1,1,1,2,0
3,0.8262387743159949,0.5633200580636221,R3_F3_m3f4_P3_Y0_UO697,R3_F3_m-1f-1_P3_Y-1_U31,R4_F4_m-1f-1_P4_Y-1_U8,MXY,1,0.0,0,0,0.0,0,0,0,-9999.0,0.5,1,P2_CV0,1,0,2,1,1
3,0.8262387743159949,0.5633200580636221,R3_F3_m3f4_P3_Y0_UO698,R3_F3_m-1f-1_P3_Y-1_U31,R4_F4_m-1f-1_P4_Y-1_U8,MXY,1,0.0,0,0,0.0,0,0,0,-9999.0,0.5,1,P2_CV0,1,1,1,1,1
3,0.8262387743159949,0.5633200580636221,R3_F3_m3f4_P3_Y0_UO699,R3_F3_m-1f-1_P3_Y-1_U31,R4_F4_m-1f-1_P4_Y-1_U8,FXX,1,0.0,0,0,0.0,0,0,0,-9999.0,0.5,1,P2_CV0,1,1,1,1,1
3,0.8262387743159949,0.5633200580636221,R3_F3_m3f4_P3_Y0_UO700,R3_F3_m-1f-1_P3_Y-1_U31,R4_F4_m-1f-1_P4_Y-1_U8,FXX,1,0.0,0,0,0.0,0,0,0,-9999.0,0.5,1,P2_CV0,1,1,1,1,1
3,0.8262387743159949,0.5633200580636221,R3_F3_m3f2_P3_Y0_UO752,R3_F3_m-1f-1_P3_Y-1_U25,R2_F2_m-1f-1_P2_Y-1_U52,MXY,1,0.0,0,0,0.0,0,0,0,-9999.0,0.75,1,P2_CV0,1,2,0,0,2
3,0.8262387743159949,0.5633200580636221,R3_F3_m3f2_P3_Y0_UO754,R3_F3_m-1f-1_P3_Y-1_U25,R2_F2_m-1f-1_P2_Y-1_U52,FXX,1,0.0,0,0,0.0,0,0,0,-9999.0,0.75,1,P2_CV0,1,2,0,0,2
3,0.8262387743159949,0.5633200580636221,R3_F3_m3f4_P3_Y0_UO778,R3_F3_m-1f-1_P3_Y-1_U87,R4_F4_m-1f-1_P4_Y-1_U5,MXY,1,0.0,0,0,0.0,0,0,0,-9999.0,0.5,1,P2_CV0,1,1,1,1,1
3,0.8262387743159949,0.5633200580636221,R3_F3_m3f4_P3_Y0_UO779,R3_F3_m-1f-1_P3_Y-1_U87,R4_F4_m-1f-1_P4_Y-1_U5,MXY,1,0.0,0,0,0.0,0,0,0,-9999.0,0.5,1,P2_CV0,1,1,1,1,1
3,0.8262387743159949,0.5633200580636221,R3_F3_m3f4_P3_Y0_UO780,R3_F3_m-1f-1_P3_Y-1_U87,R4_F4_m-1f-1_P4_Y-1_U5,MXY,1,0.0,0,0,0.0,0,0,0,-9999.0,0.5,1,P2_CV0,1,1,1,1,1
3,0.8262387743159949,0.5633200580636221,R3_F3_m3f4_P3_Y0_UO850,R3_F3_m-1f-1_P3_Y-1_U95,R4_F4_m-1f-1_P4_Y-1_U34,FXX,1,0.0,0,0,0.0,0,0,0,-9999.0,0.5,1,P2_CV0,1,1,1,2,0
3,0.8262387743159949,0.5633200580636221,R3_F3_m3f4_P3_Y0_UO853,R3_F3_m-1f-1_P3_Y-1_U95,R4_F4_m-1f-1_P4_Y-1_U34,MXY,1,0.0,0,0,0.0,0,0,0,-9999.0,0.5,1,P2_CV0,1,1,1,1,1
3,0.8262387743159949,0.5633200580636221,R3_F3_m3f2_P3_Y0_UO952,R3_F3_m-1f-1_P3_Y-1_U28,R2_F2_m-1f-1_P2_Y-1_U50,FXX,1,0.0,0,0,0.0,0,0,0,-9999.0,0.25,1,P2_CV0,1,0,2,1,1
3,0.8262387743159949,0.5633200580636221,R3_F3_m3f2_P3_Y0_UO954,R3_F3_m-1f-1_P3_Y-1_U28,R2_F2_m-1f-1_P2_Y-1_U50,MXY,1,0.0,0,0,0.0,0,0,0,-9999.0,0.25,1,P2_CV0,1,1,1,2,0
3,0.8262387743159949,0.5633200580636221,R3_F3_m3f2_P3_Y0_UO996,R3_F3_m-1f-1_P3_Y-1_U28,R2_F2_m-1f-1_P2_Y-1_U98,FXX,1,0.0,0,0,0.0,0,0,0,-9999.0,0.75,1,P2_CV0,1,1,1,2,0
3,0.8262387743159949,0.5633200580636221,R3_F3_m3f2_P3_Y0_UO999,R3_F3_m-1f-1_P3_Y-1_U28,R2_F2_m-1f-1_P2_Y-1_U98,FXX,1,0.0,0,0,0.0,0,0,0,-9999.0,0.75,1,P2_CV0,1,1,1,2,0
3,0.8262387743159949,0.5633200580636221,R3_F3_m3f2_P3_Y0_UO1001,R3_F3_m-1f-1_P3_Y-1_U28,R2_F2_m-1f-1_P2_Y-1_U98,FXX,1,0.0,0,0,0.0,0,0,0,-9999.0,0.75,1,P2_CV0,1,1,1,1,1
3,0.8262387743159949,0.5633200580636221,R3_F3_m3f2_P3_Y0_UO1011,R3_F3_m-1f-1_P3_Y-1_U68,R2_F2_m-1f-1_P2_Y-1_U98,FXX,1,0.0,0,0,0.0,0,0,0,-9999.0,0.5,1,P2_CV0,1,1,1,0,2
3,0.8262387743159949,0.5633200580636221,R3_F3_m3f2_P3_Y0_UO1012,R3_F3_m-1f-1_P3_Y-1_U68,R2_F2_m-1f-1_P2_Y-1_U98,FXX,1,0.0,0,0,0.0,0,0,0,-9999.0,0.5,1,P2_CV0,1,1,1,1,1
3,0.8262387743159949,0.5633200580636221,R3_F3_m3f2_P3_Y0_UO1013,R3_F3_m-1f-1_P3_Y-1_U68,R2_F2_m-1f-1_P2_Y-1_U98,MXY,1,0.0,0,0,0.0,0,0,0,-9999.0,0.5,1,P2_CV0,1,1,1,1,1
3,0.8262387743159949,0.5633200580636221,R3_F3_m3f2_P3_Y0_UO1014,R3_F3_m-1f-1_P3_Y-1_U68,R2_F2_m-1f-1_P2_Y-1_U98,FXX,1,0.0,0,0,0.0,0,0,0,-9999.0,0.5,1,P2_CV0,1,1,1,0,2
3,0.8262387743159949,0.5633200580636221,R3_F3_m3f4_P3_Y0_UO1210,R3_F3_m-1f-1_P3_Y-1_U25,R4_F4_m-1f-1_P4_Y-1_U12,MXY,1,0.0,0,0,0.0,0,0,0,-9999.0,0.75,1,P2_CV0,1,2,0,0,2
3,0.8262387743159949,0.5633200580636221,R3_F3_m3f4_P3_Y0_UO1212,R3_F3_m-1f-1_P3_Y-1_U25,R4_F4_m-1f-1_P4_Y-1_U12,FXX,1,0.0,0,0,0.0,0,0,0,-9999.0,0.75,1,P2_CV0,1,1,1,0,2
3,0.8262387743159949,0.5633200580636221,R3_F3_m3f4_P3_Y0_UO1213,R3_F3_m-1f-1_P3_Y-1_U25,R4_F4_m-1f-1_P4_Y-1_U12,MXY,1,0.0,0,0,0.0,0,0,0,-9999.0,0.75,1,P2_CV0,1,2,0,0,2
3,0.8262387743159949,0.5633200580636221,R3_F3_m3f4_P3_Y0_UO1230,R3_F3_m-1f-1_P3_Y-1_U28,R4_F4_m-1f-1_P4_Y-1_U96,FXX,1,0.0,0,0,0.0,0,0,0,-9999.0,0.25,1,P2_CV0,1,1,1,1,1
3,0.8262387743159949,0.5633200580636221,R3_F3_m3f2_P3_Y0_UO1342,R3_F3_m-1f-1_P3_Y-1_U54,R2_F2_m-1f-1_P2_Y-1_U97,FXX,1,0.0,0,0,0.0,0,0,0,-9999.0,0.25,1,P2_CV0,1,1,1,1,1
3,0.8262387743159949,0.5633200580636221,RD3_F4_m4f3_P4_Y0_UO216,R4_F4_m-1f-1_P4_Y-1_U89,R3_F3_m-1f-1_P3_Y-1_U75,FXX,1,0.0,0,0,0.0,0,0,0,-9999.0,0.5,1,P2_CV0,1,0,2,2,0
3,0.8262387743159949,0.5633200580636221,RD3_F4_m4f3_P4_Y0_UO451,R4_F4_m-1f-1_P4_Y-1_U83,R3_F3_m-1f-1_P3_Y-1_U1,MXY,1,0.0,0,0,0.0,0,0,0,-9999.0,0.5,1,P2_CV0,1,1,1,1,1
3,0.8262387743159949,0.5633200580636221,R3_F3_m-1f-1_P3_Y-1_U15,-9999,-9999,FXX,2,0.0,1,0,1.0,0,0,0,-9999.0,0.5,1,P2_CV0,1,1,1,1,1
3,0.8262387743159949,0.5633200580636221,R3_F3_m-1f-1_P3_Y-1_U41,-9999,-9999,MXY,2,0.0,1,0,0.0,0,0,0,-9999.0,0.5,1,P2_CV0,1,1,1,1,1
3,0.8262387743159949,0.5633200580636221,R3_F3_m-1f-1_P3_Y-1_U44,-9999,-9999,MXY,2,0.0,1,0,0.0,0,0,0,-9999.0,0.0,1,P2_CV0,1,0,2,1,1
3,0.8262387743159949,0.5633200580636221,R3_F3_m-1f-1_P3_Y-1_U84,-9999,-9999,FXX,2,0.0,1,0,1.0,0,0,0,-9999.0,0.5,1,P2_CV0,1,1,1,1,1
3,0.8262387743159949,0.5633200580636221,R3_F3_m-1f-1_P3_Y-1_U97,-9999,-9999,FXX,2,0.0,1,0,1.0,0,0,0,-9999.0,0.5,1,P2_CV0,1,1,1,1,1
3,0.8262387743159949,0.5633200580636221,R3_F3_m-1f-1_P3_Y-1_U43,-9999,-9999,FXX,2,0.0,1,0,1.0,0,0,0,-9999.0,0.5,1,P2_CV0,1,1,1,1,1
3,0.8262387743159949,0.5633200580636221,R3_F3_m-1f-1_P3_Y-1_U42,-9999,-9999,FXX,2,0.0,1,0,1.0,0,0,0,-9999.0,0.5,1,P2_CV0,1,1,1,1,1
3,0.8262387743159949,0.5633200580636221,R3_F3_m-1f-1_P3_Y-1_U48,-9999,-9999,MXY,2,0.0,1,0,0.0,0,0,0,-9999.0,0.5,1,P2_CV0,1,1,1,0,2
3,0.8262387743159949,0.5633200580636221,R3_F3_m-1f-1_P3_Y-1_U61,-9999,-9999,FXX,2,0.0,1,0,1.0,0,0,0,-9999.0,1.0,1,P2_CV0,1,2,0,2,0
3,0.8262387743159949,0.5633200580636221,R3_F3_m-1f-1_P3_Y-1_U91,-9999,-9999,FXX,2,0.0,1,0,1.0,0,0,0,-9999.0,0.5,1,P2_CV0,1,1,1,1,1
3,0.8262387743159949,0.5633200580636221,R3_F3_m-1f-1_P3_Y-1_U0,-9999,-9999,MXY,2,0.0,1,0,0.0,0,0,0,-9999.0,0.5,1,P2_CV0,1,1,1,1,1
3,0.8262387743159949,0.5633200580636221,R3_F3_m-1f-1_P3_Y-1_U72,-9999,-9999,MXY,2,0.0,1,0,0.0,0,0,0,-9999.0,0.5,1,P2_CV0,1,1,1,1,1
3,0.8262387743159949,0.5633200580636221,R3_F3_m-1f-1_P3_Y-1_U35,-9999,-9999,MXY,2,0.0,1,0,0.0,0,0,0,-9999.0,0.5,1,P2_CV0,1,1,1,2,0
3,0.8262387743159949,0.5633200580636221,R3_F3_m-1f-1_P3_Y-1_U12,-9999,-9999,FXX,2,0.0,1,0,1.0,0,0,0,-9999.0,0.0,1,P2_CV0,1,0,2,1,1
3,0.8262387743159949,0.5633200580636221,R3_F3_m-1f-1_P3_Y-1_U62,-9999,-9999,FXX,2,0.0,1,0,1.0,0,0,0,-9999.0,0.5,1,P2_CV0,1,1,1,0,2
3,0.8262387743159949,0.5633200580636221,R3_F3_m-1f-1_P3_Y-1_U76,-9999,-9999,MXY,3,0.0,1,0,0.0,0,0,0,-9999.0,0.5,1,P2_CV0,1,1,1,1,1
3,0.8262387743159949,0.5633200580636221,R3_F3_m-1f-1_P3_Y-1_U46,-9999,-9999,MXY,3,0.0,1,0,0.0,0,0,0,-9999.0,1.0,1,P2_CV0,1,2,0,2,0
3,0.8262387743159949,0.5633200580636221,R3_F3_m3f4_P3_Y0_UO636,R3_F3_m-1f-1_P3_Y-1_U4,R4_F4_m-1f-1_P4_Y-1_U13,MXY,1,0.0,0,0,0.0,0,0,0,-9999.0,0.75,1,P3_CV0,1,2,0,1,1
3,0.8262387743159949,0.5633200580636221,R3_F3_m3f4_P3_Y0_UO640,R3_F3_m-1f-1_P3_Y-1_U4,R4_F4_m-1f-1_P4_Y-1_U13,FXX,1,0.0,0,0,0.0,0,0,0,-9999.0,0.75,1,P3_CV0,1,2,0,1,1
3,0.8262387743159949,0.5633200580636221,R3_F3_m3f4_P3_Y0_UO781,R3_F3_m-1f-1_P3_Y-1_U87,R4_F4_m-1f-1_P4_Y-1_U5,MXY,1,0.0,0,0,0.0,0,0,0,-9999.0,0.5,1,P3_CV0,1,0,2,2,0
3,0.8262387743159949,0.5633200580636221,R3_F3_m3f4_P3_Y0_UO782,R3_F3_m-1f-1_P3_Y-1_U87,R4_F4_m-1f-1_P4_Y-1_U5,FXX,1,0.0,0,0,0.0,0,0,0,-9999.0,0.5,1,P3_CV0,1,1,1,1,1
3,0.8262387743159949,0.5633200580636221,R3_F3_m3f4_P3_Y0_UO851,R3_F3_m-1f-1_P3_Y-1_U95,R4_F4_m-1f-1_P4_Y-1_U34,MXY,1,0.0,0,0,0.0,0,0,0,-9999.0,0.5,1,P3_CV0,1,1,1,2,0
3,0.8262387743159949,0.5633200580636221,R3_F3_m3f4_P3_Y0_UO852,R3_F3_m-1f-1_P3_Y-1_U95,R4_F4_m-1f-1_P4_Y-1_U34,FXX,1,0.0,0,0,0.0,0,0,0,-9999.0,0.5,1,P3_CV0,1,1,1,2,0
3,0.8262387743159949,0.5633200580636221,R3_F3_m3f4_P3_Y0_UO895,R3_F3_m-1f-1_P3_Y-1_U95,R4_F4_m-1f-1_P4_Y-1_U8,FXX,1,0.0,0,0,0.0,0,0,0,-9999.0,0.75,1,P3_CV0,1,2,0,2,0
3,0.8262387743159949,0.5633200580636221,R3_F3_m3f4_P3_Y0_UO897,R3_F3_m-1f-1_P3_Y-1_U95,R4_F4_m-1f-1_P4_Y-1_U8,FXX,1,0.0,0,0,0.0,0,0,0,-9999.0,0.75,1,P3_CV0,1,1,1,2,0
3,0.8262387743159949,0.5633200580636221,R3_F3_m3f4_P3_Y0_UO898,R3_F3_m-1f-1_P3_Y-1_U95,R4_F4_m-1f-1_P4_Y-1_U8,MXY,1,0.0,0,0,0.0,0,0,0,-9999.0,0.75,1,P3_CV0,1,2,0,2,0
3,0.8262387743159949,0.5633200580636221,R3_F3_m3f4_P3_Y0_UO1209,R3_F3_m-1f-1_P3_Y-1_U25,R4_F4_m-1f-1_P4_Y-1_U12,MXY,1,0.0,0,0,0.0,0,0,0,-9999.0,0.75,1,P3_CV0,1,2,0,0,2
3,0.8262387743159949,0.5633200580636221,R3_F3_m3f4_P3_Y0_UO1226,R3_F3_m-1f-1_P3_Y-1_U28,R4_F4_m-1f-1_P4_Y-1_U96,MXY,1,0.0,0,0,0.0,0,0,0,-9999.0,0.25,1,P3_CV0,1,0,2,1,1
3,0.8262387743159949,0.5633200580636221,R3_F3_m3f4_P3_Y0_UO1227,R3_F3_m-1f-1_P3_Y-1_U28,R4_F4_m-1f-1_P4_Y-1_U96,FXX,1,0.0,0,0,0.0,0,0,0,-9999.0,0.25,1,P3_CV0,1,1,1,1,1
3,0.8262387743159949,0.5633200580636221,R3_F3_m3f4_P3_Y0_UO1228,R3_F3_m-1f-1_P3_Y-1_U28,R4_F4_m-1f-1_P4_Y-1_U96,MXY,1,0.0,0,0,0.0,0,0,0,-9999.0,0.25,1,P3_CV0,1,0,2,1,1
3,0.8262387743159949,0.5633200580636221,R3_F3_m3f4_P3_Y0_UO1229,R3_F3_m-1f-1_P3_Y-1_U28,R4_F4_m-1f-1_P4_Y-1_U96,FXX,1,0.0,0,0,0.0,0,0,0,-9999.0,0.25,1,P3_CV0,1,0,2,1,1
3,0.8262387743159949,0.5633200580636221,RD3_F4_m-1f-1_P4_Y-1_U19,-9999,-9999,FXX,2,0.0,1,0,1.0,0,0,0,-9999.0,0.0,1,P3_CV0,1,0,2,2,0
3,0.8262387743159949,0.5633200580636221,RD3_F4_m-1f-1_P4_Y-1_U65,-9999,-9999,MXY,2,0.0,1,0,0.0,0,0,0,-9999.0,0.0,1,P3_CV0,1,0,2,2,0
3,0.8262387743159949,0.5633200580636221,RD3_F4_m4f5_P4_Y0_UO535,R4_F4_m-1f-1_P4_Y-1_U32,R5_F5_m-1f-1_P5_Y-1_U49,FXX,1,0.0,0,0,0.0,0,0,0,-9999.0,0.75,1,P4_CV0,1,2,0,2,0
4,0.6234898018587336,0.7818314824680298,RD4_F3_m3f2_P3_Y0_UO55,R3_F3_m-1f-1_P3_Y-1_U28,R2_F2_m-1f-1_P2_Y-1_U2,FXX,1,0.0,0,0,0.0,0,0,0,-9999.0,0.5,1,P2_CV0,1,0,2,1,1
4,0.6234898018587336,0.7818314824680298,RD4_F3_m3f4_P3_Y0_UO637,R3_F3_m-1f-1_P3_Y-1_U4,R4_F4_m-1f-1_P4_Y-1_U13,MXY,1,0.0,0,0,0.0,0,0,0,-9999.0,0.75,1,P2_CV0,1,1,1,1,1
4,0.6234898018587336,0.7818314824680298,RD4_F3_m3f2_P3_Y0_UO1155,R3_F3_m-1f-1_P3_Y-1_U54,R2_F2_m-1f-1_P2_Y-1_U98,FXX,1,0.0,0,0,0.0,0,0,0,-9999.0,0.75,1,P2_CV0,1,1,1,0,2
4,0.6234898018587336,0.7818314824680298,RD4_F3_m3f2_P3_Y0_UO1340,R3_F3_m-1f-1_P3_Y-1_U54,R2_F2_m-1f-1_P2_Y-1_U97,FXX,1,0.0,0,0,0.0,0,0,0,-9999.0,0.25,1,P2_CV0,1,0,2,0,2
4,0.6234898018587336,0.7818314824680298,R4_F4_m4f3_P4_Y0_UO215,R4_F4_m-1f-1_P4_Y-1_U89,R3_F3_m-1f-1_P3_Y-1_U75,MXY,1,0.0,0,0,0.0,0,0,0,-9999.0,0.5,1,P2_CV0,1,1,1,0,2
4,0.6234898018587336,0.7818314824680298,R4_F4_m4f3_P4_Y0_UO217,R4_F4_m-1f-1_P4_Y-1_U89,R3_F3_m-1f-1_P3_Y-1_U75,MXY,1,0.0,0,0,0.0,0,0,0,-9999.0,0.5,1,P2_CV0,1,2,0,1,1
4,0.6234898018587336,0.7818314824680298,R4_F4_m4f3_P4_Y0_UO218,R4_F4_m-1f-1_P4_Y-1_U89,R3_F3_m-1f-1_P3_Y-1_U75,FXX,1,0.0,0,0,0.0,0,0,0,-9999.0,0.5,1,P2_CV0,1,2,0,2,0
4,0.6234898018587336,0.7818314824680298,R4_F4_m4f3_P4_Y0_UO219,R4_F4_m-1f-1_P4_Y-1_U89,R3_F3_m-1f-1_P3_Y-1_U75,FXX,1,0.0,0,0,0.0,0,0,0,-9999.0,0.5,1,P2_CV0,1,2,0,1,1
4,0.6234898018587336,0.7818314824680298,R4_F4_m4f3_P4_Y0_UO221,R4_F4_m-1f-1_P4_Y-1_U89,R3_F3_m-1f-1_P3_Y-1_U75,MXY,1,0.0,0,0,0.0,0,0,0,-9999.0,0.5,1,P2_CV0,1,1,1,1,1
4,0.6234898018587336,0.7818314824680298,R4_F4_m4f3_P4_Y0_UO223,R4_F4_m-1f-1_P4_Y-1_U89,R3_F3_m-1f-1_P3_Y-1_U75,FXX,1,0.0,0,0,0.0,0,0,0,-9999.0,0.5,1,P2_CV0,1,0,2,0,2
4,0.6234898018587336,0.7818314824680298,R4_F4_m4f3_P4_Y0_UO224,R4_F4_m-1f-1_P4_Y-1_U89,R3_F3_m-1f-1_P3_Y-1_U75,MXY,1,0.0,0,0,0.0,0,0,0,-9999.0,0.5,1,P2_CV0,1,0,2,1,1
4,0.6234898018587336,0.7818314824680298,R4_F4_m4f3_P4_Y0_UO225,R4_F4_m-1f-1_P4_Y-1_U89,R3_F3_m-1f-1_P3_Y-1_U75,MXY,1,0.0,0,0,0.0,0,0,0,-9999.0,0.5,1,P2_CV0,1,2,0,0,2
4,0.6234898018587336,0.7818314824680298,R4_F4_m4f3_P4_Y0_UO448,R4_F4_m-1f-1_P4_Y-1_U83,R3_F3_m-1f-1_P3_Y-1_U1,MXY,1,0.0,0,0,0.0,0,0,0,-9999.0,0.5,1,P2_CV0,1,2,0,1,1
4,0.6234898018587336,0.7818314824680298,R4_F4_m4f3_P4_Y0_UO452,R4_F4_m-1f-1_P4_Y-1_U83,R3_F3_m-1f-1_P3_Y-1_U1,FXX,1,0.0,0,0,0.0,0,0,0,-9999.0,0.5,1,P2_CV0,1,1,1,1,1
4,0.6234898018587336,0.7818314824680298,R4_F4_m4f3_P4_Y0_UO763,R4_F4_m-1f-1_P4_Y-1_U66,R3_F3_m-1f-1_P3_Y-1_U93,FXX,1,0.0,0,0,0.0,0,0,0,-9999.0,0.25,1,P2_CV0,1,0,2,0,2
4,0.6234898018587336,0.7818314824680298,R4_F4_m4f3_P4_Y0_UO764,R4_F4_m-1f-1_P4_Y-1_U66,R3_F3_m-1f-1_P3_Y-1_U93,MXY,1,0.0,0,0,0.0,0,0,0,-9999.0,0.25,1,P2_CV0,1,0,2,0,2
4,0.6234898018587336,0.7818314824680298,R4_F4_m4f3_P4_Y0_UO765,R4_F4_m-1f-1_P4_Y-1_U66,R3_F3_m-1f-1_P3_Y-1_U93,MXY,1,0.0,0,0,0.0,0,0,0,-9999.0,0.25,1,P2_CV0,1,0,2,0,2
4,0.6234898018587336,0.7818314824680298,R4_F4_m4f3_P4_Y0_UO766,R4_F4_m-1f-1_P4_Y-1_U66,R3_F3_m-1f-1_P3_Y-1_U93,MXY,1,0.0,0,0,0.0,0,0,0,-9999.0,0.25,1,P2_CV0,1,1,1,0,2
4,0.6234898018587336,0.7818314824680298,R4_F4_m4f3_P4_Y0_UO769,R4_F4_m-1f-1_P4_Y-1_U66,R3_F3_m-1f-1_P3_Y-1_U93,MXY,1,0.0,0,0,0.0,0,0,0,-9999.0,0.25,1,P2_CV0,1,0,2,0,2
4,0.6234898018587336,0.7818314824680298,R4_F4_m4f3_P4_Y0_UO1036,R4_F4_m-1f-1_P4_Y-1_U25,R3_F3_m-1f-1_P3_Y-1_U47,FXX,1,0.0,0,0,0.0,0,0,0,-9999.0,0.75,1,P2_CV0,1,1,1,1,1
4,0.6234898018587336,0.7818314824680298,R4_F4_m4f3_P4_Y0_UO1038,R4_F4_m-1f-1_P4_Y-1_U25,R3_F3_m-1f-1_P3_Y-1_U47,MXY,1,0.0,0,0,0.0,0,0,0,-9999.0,0.75,1,P2_CV0,1,2,0,1,1
4,0.6234898018587336,0.7818314824680298,RD4_F3_m-1f-1_P3_Y-1_U51,-9999,-9999,FXX,2,0.0,1,0,1.0,0,0,0,-9999.0,0.5,1,P2_CV0,1,1,1,2,0
4,0.6234898018587336,0.7818314824680298,RD4_F3_m3f4_P3_Y0_UO639,R3_F3_m-1f-1_P3_Y-1_U4,R4_F4_m-1f-1_P4_Y-1_U13,MXY,1,0.0,0,0,0.0,0,0,0,-9999.0,0.75,1,P3_CV0,1,1,1,1,1
4,0.6234898018587336,0.7818314824680298,R4_F4_m4f5_P4_Y0_UO194,R4_F4_m-1f-1_P4_Y-1_U32,R5_F5_m-1f-1_P5_Y-1_U93,FXX,1,0.0,0,0,0.0,0,0,0,-9999.0,0.75,1,P3_CV0,1,2,0,2,0
4,0.6234898018587336,0.7818314824680298,R4_F4_m4f5_P4_Y0_UO196,R4_F4_m-1f-1_P4_Y-1_U32,R5_F5_m-1f-1_P5_Y-1_U93,MXY,1,0.0,0,0,0.0,0,0,0,-9999.0,0.75,1,P3_CV0,1,2,0,1,1
4,0.6234898018587336,0.7818314824680298,R4_F4_m4f5_P4_Y0_UO197,R4_F4_m-1f-1_P4_Y-1_U32,R5_F5_m-1f-1_P5_Y-1_U93,FXX,1,0.0,0,0,0.0,0,0,0,-9999.0,0.75,1,P3_CV0,1,2,0,1,1
4,0.6234898018587336,0.7818314824680298,R4_F4_m4f5_P4_Y0_UO201,R4_F4_m-1f-1_P4_Y-1_U32,R5_F5_m-1f-1_P5_Y-1_U93,MXY,1,0.0,0,0,0.0,0,0,0,-9999.0,0.75,1,P3_CV0,1,2,0,2,0
4,0.6234898018587336,0.7818314824680298,R4_F4_m4f5_P4_Y0_UO202,R4_F4_m-1f-1_P4_Y-1_U32,R5_F5_m-1f-1_P5_Y-1_U93,MXY,1,0.0,0,0,0.0,0,0,0,-9999.0,0.75,1,P3_CV0,1,1,1,1,1
4,0.6234898018587336,0.7818314824680298,R4_F4_m4f3_P4_Y0_UO220,R4_F4_m-1f-1_P4_Y-1_U89,R3_F3_m-1f-1_P3_Y-1_U75,FXX,1,0.0,0,0,0.0,0,0,0,-9999.0,0.5,1,P3_CV0,1,1,1,0,2
4,0.6234898018587336,0.7818314824680298,R4_F4_m4f3_P4_Y0_UO222,R4_F4_m-1f-1_P4_Y-1_U89,R3_F3_m-1f-1_P3_Y-1_U75,FXX,1,0.0,0,0,0.0,0,0,0,-9999.0,0.5,1,P3_CV0,1,0,2,1,1
4,0.6234898018587336,0.7818314824680298,R4_F4_m4f3_P4_Y0_UO449,R4_F4_m-1f-1_P4_Y-1_U83,R3_F3_m-1f-1_P3_Y-1_U1,MXY,1,0.0,0,0,0.0,0,0,0,-9999.0,0.5,1,P3_CV0,1,1,1,1,1
4,0.6234898018587336,0.7818314824680298,R4_F4_m4f3_P4_Y0_UO450,R4_F4_m-1f-1_P4_Y-1_U83,R3_F3_m-1f-1_P3_Y-1_U1,FXX,1,0.0,0,0,0.0,0,0,0,-9999.0,0.5,1,P3_CV0,1,1,1,1,1
4,0.6234898018587336,0.7818314824680298,R4_F4_m4f5_P4_Y0_UO534,R4_F4_m-1f-1_P4_Y-1_U32,R5_F5_m-1f-1_P5_Y-1_U49,FXX,1,0.0,0,0,0.0,0,0,0,-9999.0,0.75,1,P3_CV0,1,1,1,1,1
4,0.6234898018587336,0.7818314824680298,R4_F4_m4f5_P4_Y0_UO536,R4_F4_m-1f-1_P4_Y-1_U32,R5_F5_m-1f-1_P5_Y-1_U49,FXX,1,0.0,0,0,0.0,0,0,0,-9999.0,0.75,1,P3_CV0,1,1,1,1,1
4,0.6234898018587336,0.7818314824680298,R4_F4_m4f5_P4_Y0_UO537,R4_F4_m-1f-1_P4_Y-1_U32,R5_F5_m-1f-1_P5_Y-1_U49,MXY,1,0.0,0,0,0.0,0,0,0,-9999.0,0.75,1,P3_CV0,1,2,0,0,2
4,0.6234898018587336,0.7818314824680298,R4_F4_m4f5_P4_Y0_UO542,R4_F4_m-1f-1_P4_Y-1_U32,R5_F5_m-1f-1_P5_Y-1_U49,MXY,1,0.0,0,0,0.0,0,0,0,-9999.0,0.75,1,P3_CV0,1,2,0,0,2
4,0.6234898018587336,0.7818314824680298,R4_F4_m4f3_P4_Y0_UO762,R4_F4_m-1f-1_P4_Y-1_U66,R3_F3_m-1f-1_P3_Y-1_U93,FXX,1,0.0,0,0,0.0,0,0,0,-9999.0,0.25,1,P3_CV0,1,1,1,0,2
4,0.6234898018587336,0.7818314824680298,R4_F4_m4f3_P4_Y0_UO767,R4_F4_m-1f-1_P4_Y-1_U66,R3_F3_m-1f-1_P3_Y-1_U93,FXX,1,0.0,0,0,0.0,0,0,0,-9999.0,0.25,1,P3_CV0,1,1,1,0,2
4,0.6234898018587336,0.7818314824680298,R4_F4_m4f3_P4_Y0_UO768,R4_F4_m-1f-1_P4_Y-1_U66,R3_F3_m-1f-1_P3_Y-1_U93,FXX,1,0.0,0,0,0.0,0,0,0,-9999.0,0.25,1,P3_CV0,1,0,2,0,2
4,0.6234898018587336,0.7818314824680298,R4_F4_m4f3_P4_Y0_UO770,R4_F4_m-1f-1_P4_Y-1_U66,R3_F3_m-1f-1_P3_Y-1_U93,FXX,1,0.0,0,0,0.0,0,0,0,-9999.0,0.25,1,P3_CV0,1,1,1,0,2
4,0.6234898018587336,0.7818314824680298,R4_F4_m4f5_P4_Y0_UO771,R4_F4_m-1f-1_P4_Y-1_U60,R5_F5_m-1f-1_P5_Y-1_U77,MXY,1,0.0,0,0,0.0,0,0,0,-9999.0,0.25,1,P3_CV0,1,1,1,1,1
4,0.6234898018587336,0.7818314824680298,R4_F4_m4f5_P4_Y0_UO773,R4_F4_m-1f-1_P4_Y-1_U60,R5_F5_m-1f-1_P5_Y-1_U77,MXY,1,0.0,0,0,0.0,0,0,0,-9999.0,0.25,1,P3_CV0,1,0,2,0,2
4,0.6234898018587336,0.7818314824680298,R4_F4_m4f5_P4_Y0_UO774,R4_F4_m-1f-1_P4_Y-1_U60,R5_F5_m-1f-1_P5_Y-1_U77,FXX,1,0.0,0,0,0.0,0,0,0,-9999.0,0.25,1,P3_CV0,1,1,1,0,2
4,0.6234898018587336,0.7818314824680298,R4_F4_m4f5_P4_Y0_UO775,R4_F4_m-1f-1_P4_Y-1_U60,R5_F5_m-1f-1_P5_Y-1_U77,MXY,1,0.0,0,0,0.0,0,0,0,-9999.0,0.25,1,P3_CV0,1,1,1,1,1
4,0.6234898018587336,0.7818314824680298,R4_F4_m4f3_P4_Y0_UO1035,R4_F4_m-1f-1_P4_Y-1_U25,R3_F3_m-1f-1_P3_Y-1_U47,MXY,1,0.0,0,0,0.0,0,0,0,-9999.0,0.75,1,P3_CV0,1,2,0,2,0
4,0.6234898018587336,0.7818314824680298,R4_F4_m4f3_P4_Y0_UO1037,R4_F4_m-1f-1_P4_Y-1_U25,R3_F3_m-1f-1_P3_Y-1_U47,FXX,1,0.0,0,0,0.0,0,0,0,-9999.0,0.75,1,P3_CV0,1,2,0,1,1
4,0.6234898018587336,0.7818314824680298,R4_F4_m4f3_P4_Y0_UO1039,R4_F4_m-1f-1_P4_Y-1_U25,R3_F3_m-1f-1_P3_Y-1_U47,MXY,1,0.0,0,0,0.0,0,0,0,-9999.0,0.75,1,P3_CV0,1,2,0,1,1
4,0.6234898018587336,0.7818314824680298,RD4_F5_m5f4_P5_Y0_UO588,R5_F5_m-1f-1_P5_Y-1_U25,R4_F4_m-1f-1_P4_Y-1_U34,MXY,1,0.0,0,0,0.0,0,0,0,-9999.0,0.0,1,P3_CV0,1,0,2,1,1
4,0.6234898018587336,0.7818314824680298,R4_F4_m-1f-1_P4_Y-1_U26,-9999,-9999,MXY,2,0.0,1,0,0.0,0,0,0,-9999.0,0.5,1,P3_CV0,1,1,1,2,0
4,0.6234898018587336,0.7818314824680298,R4_F4_m-1f-1_P4_Y-1_U4,-9999,-9999,FXX,2,0.0,1,0,1.0,0,0,0,-9999.0,0.5,1,P3_CV0,1,1,1,0,2
4,0.6234898018587336,0.7818314824680298,R4_F4_m-1f-1_P4_Y-1_U70,-9999,-9999,FXX,2,0.0,1,0,1.0,0,0,0,-9999.0,0.5,1,P3_CV0,1,1,1,0,2
4,0.6234898018587336,0.7818314824680298,R4_F4_m-1f-1_P4_Y-1_U98,-9999,-9999,MXY,2,0.0,1,0,0.0,0,0,0,-9999.0,1.0,1,P3_CV0,1,2,0,1,1
4,0.6234898018587336,0.7818314824680298,R4_F4_m-1f-1_P4_Y-1_U91,-9999,-9999,MXY,2,0.0,1,0,0.0,0,0,0,-9999.0,0.5,1,P3_CV0,1,1,1,1,1
4,0.6234898018587336,0.7818314824680298,R4_F4_m-1f-1_P4_Y-1_U99,-9999,-9999,FXX,2,0.0,1,0,1.0,0,0,0,-9999.0,0.5,1,P3_CV0,1,1,1,1,1
4,0.6234898018587336,0.7818314824680298,R4_F4_m-1f-1_P4_Y-1_U84,-9999,-9999,FXX,2,0.0,1,0,1.0,0,0,0,-9999.0,0.5,1,P3_CV0,1,1,1,1,1
4,0.6234898018587336,0.7818314824680298,R4_F4_m-1f-1_P4_Y-1_U90,-9999,-9999,MXY,2,0.0,1,0,0.0,0,0,0,-9999.0,0.5,1,P3_CV0,1,1,1,1,1
4,0.6234898018587336,0.7818314824680298,R4_F4_m-1f-1_P4_Y-1_U53,-9999,-9999,MXY,2,0.0,1,0,0.0,0,0,0,-9999.0,0.5,1,P3_CV0,1,1,1,1,1
4,0.6234898018587336,0.7818314824680298,R4_F4_m-1f-1_P4_Y-1_U64,-9999,-9999,FXX,2,0.0,1,0,1.0,0,0,0,-9999.0,1.0,1,P3_CV0,1,2,0,0,2
4,0.6234898018587336,0.7818314824680298,R4_F4_m-1f-1_P4_Y-1_U21,-9999,-9999,FXX,2,0.0,1,0,1.0,0,0,0,-9999.0,0.5,1,P3_CV0,1,1,1,1,1
4,0.6234898018587336,0.7818314824680298,R4_F4_m-1f-1_P4_Y-1_U14,-9999,-9999,FXX,2,0.0,1,0,1.0,0,0,0,-9999.0,1.0,1,P3_CV0,1,2,0,0,2
4,0.6234898018587336,0.7818314824680298,R4_F4_m-1f-1_P4_Y-1_U1,-9999,-9999,MXY,2,0.0,1,0,0.0,0,0,0,-9999.0,0.5,1,P3_CV0,1,1,1,1,1
4,0.6234898018587336,0.7818314824680298,R4_F4_m-1f-1_P4_Y-1_U48,-9999,-9999,MXY,2,0.0,1,0,0.0,0,0,0,-9999.0,0.5,1,P3_CV0,1,1,1,0,2
4,0.6234898018587336,0.7818314824680298,R4_F4_m-1f-1_P4_Y-1_U23,-9999,-9999,MXY,2,0.0,1,0,0.0,0,0,0,-9999.0,0.0,1,P3_CV0,1,0,2,0,2
4,0.6234898018587336,0.7818314824680298,R4_F4_m-1f-1_P4_Y-1_U87,-9999,-9999,FXX,2,0.0,1,0,1.0,0,0,0,-9999.0,0.0,1,P3_CV0,1,0,2,2,0
4,0.6234898018587336,0.7818314824680298,R4_F4_m-1f-1_P4_Y-1_U41,-9999,-9999,MXY,2,0.0,1,0,0.0,0,0,0,-9999.0,0.0,1,P3_CV0,1,0,2,0,2
4,0.6234898018587336,0.7818314824680298,R4_F4_m-1f-1_P4_Y-1_U85,-9999,-9999,MXY,2,0.0,1,0,0.0,0,0,0,-9999.0,0.0,1,P3_CV0,1,0,2,1,1
4,0.6234898018587336,0.7818314824680298,R4_F4_m-1f-1_P4_Y-1_U72,-9999,-9999,MXY,2,0.0,1,0,0.0,0,0,0,-9999.0,0.5,1,P3_CV0,1,1,1,1,1
4,0.6234898018587336,0.7818314824680298,R4_F4_m-1f-1_P4_Y-1_U2,-9999,-9999,MXY,2,0.0,1,0,0.0,0,0,0,-9999.0,0.5,1,P3_CV0,1,1,1,1,1
4,0.6234898018587336,0.7818314824680298,R4_F4_m-1f-1_P4_Y-1_U7,-9999,-9999,MXY,2,0.0,1,0,0.0,0,0,0,-9999.0,0.5,1,P3_CV0,1,1,1,1,1
4,0.6234898018587336,0.7818314824680298,R4_F4_m-1f-1_P4_Y-1_U33,-9999,-9999,FXX,2,0.0,1,0,1.0,0,0,0,-9999.0,1.0,1,P3_CV0,1,2,0,1,1
4,0.6234898018587336,0.7818314824680298,R4_F4_m-1f-1_P4_Y-1_U61,-9999,-9999,MXY,2,0.0,1,0,0.0,0,0,0,-9999.0,0.0,1,P3_CV0,1,0,2,0,2
4,0.6234898018587336,0.7818314824680298,R4_F4_m-1f-1_P4_Y-1_U80,-9999,-9999,MXY,2,0.0,1,0,0.0,0,0,0,-9999.0,0.5,1,P3_CV0,1,1,1,1,1
4,0.6234898018587336,0.7818314824680298,R4_F4_m-1f-1_P4_Y-1_U78,-9999,-9999,FXX,2,0.0,1,0,1.0,0,0,0,-9999.0,0.5,1,P3_CV0,1,1,1,0,2
4,0.6234898018587336,0.7818314824680298,R4_F4_m-1f-1_P4_Y-1_U22,-9999,-9999,MXY,3,0.0,1,0,0.0,0,0,0,-9999.0,0.0,1,P3_CV0,1,0,2,2,0
4,0.6234898018587336,0.7818314824680298,R4_F4_m-1f-1_P4_Y-1_U9,-9999,-9999,MXY,3,0.0,1,0,0.0,0,0,0,-9999.0,0.5,1,P3_CV0,1,1,1,0,2
4,0.6234898018587336,0.7818314824680298,R4_F4_m-1f-1_P4_Y-1_U16,-9999,-9999,MXY,4,0.0,1,0,0.0,0,0,0,-9999.0,0.5,1,P3_CV0,1,1,1,2,0
4,0.6234898018587336,0.7818314824680298,R4_F4_m-1f-1_P4_Y-1_U95,-9999,-9999,FXX,4,0.0,1,0,1.0,0,0,0,-9999.0,0.0,1,P3_CV0,1,0,2,0,2
4,0.6234898018587336,0.7818314824680298,R4_F4_m-1f-1_P4_Y-1_U6,-9999,-9999,MXY,4,0.0,1,0,0.0,0,0,0,-9999.0,1.0,1,P3_CV0,1,2,0,1,1
4,0.6234898018587336,0.7818314824680298,R4_F4_m-1f-1_P4_Y-1_U39,-9999,-9999,MXY,4,0.0,1,0,0.0,0,0,0,-9999.0,0.0,1,P3_CV0,1,0,2,2,0
4,0.6234898018587336,0.7818314824680298,R4_F4_m4f5_P4_Y0_UO195,R4_F4_m-1f-1_P4_Y-1_U32,R5_F5_m-1f-1_P5_Y-1_U93,FXX,1,0.0,0,0,0.0,0,0,0,-9999.0,0.75,1,P4_CV0,1,1,1,1,1
4,0.6234898018587336,0.7818314824680298,R4_F4_m4f5_P4_Y0_UO200,R4_F4_m-1f-1_P4_Y-1_U32,R5_F5_m-1f-1_P5_Y-1_U93,MXY,1,0.0,0,0,0.0,0,0,0,-9999.0,0.75,1,P4_CV0,1,2,0,1,1
4,0.6234898018587336,0.7818314824680298,R4_F4_m4f5_P4_Y0_UO203,R4_F4_m-1f-1_P4_Y-1_U32,R5_F5_m-1f-1_P5_Y-1_U93,FXX,1,0.0,0,0,0.0,0,0,0,-9999.0,0.75,1,P4_CV0,1,1,1,2,0
4,0.6234898018587336,0.7818314824680298,R4_F4_m4f5_P4_Y0_UO539,R4_F4_m-1f-1_P4_Y-1_U32,R5_F5_m-1f-1_P5_Y-1_U49,FXX,1,0.0,0,0,0.0,0,0,0,-9999.0,0.75,1,P4_CV0,1,1,1,0,2
4,0.6234898018587336,0.7818314824680298,R4_F4_m4f5_P4_Y0_UO540,R4_F4_m-1f-1_P4_Y-1_U32,R5_F5_m-1f-1_P5_Y-1_U49,FXX,1,0.0,0,0,0.0,0,0,0,-9999.0,0.75,1,P4_CV0,1,2,0,2,0
4,0.6234898018587336,0.7818314824680298,R4_F4_m4f5_P4_Y0_UO541,R4_F4_m-1f-1_P4_Y-1_U32,R5_F5_m-1f-1_P5_Y-1_U49,FXX,1,0.0,0,0,0.0,0,0,0,-9999.0,0.75,1,P4_CV0,1,2,0,2,0
4,0.6234898018587336,0.7818314824680298,R4_F4_m4f5_P4_Y0_UO772,R4_F4_m-1f-1_P4_Y-1_U60,R5_F5_m-1f-1_P5_Y-1_U77,FXX,1,0.0,0,0,0.0,0,0,0,-9999.0,0.25,1,P4_CV0,1,1,1,0,2
4,0.6234898018587336,0.7818314824680298,RD4_F5_m5f4_P5_Y0_UO589,R5_F5_m-1f-1_P5_Y-1_U25,R4_F4_m-1f-1_P4_Y-1_U34,FXX,1,0.0,0,0,0.0,0,0,0,-9999.0,0.0,1,P4_CV0,1,0,2,1,1
4,0.6234898018587336,0.7818314824680298,RD4_F5_m5f6_P5_Y0_UO1197,R5_F5_m-1f-1_P5_Y-1_U25,R6_F6_m-1f-1_P6_Y-1_U15,MXY,1,0.0,0,0,0.0,0,0,0,-9999.0,0.25,1,P4_CV0,1,1,1,0,2
4,0.6234898018587336,0.7818314824680298,RD4_F5_m-1f-1_P5_Y-1_U46,-9999,-9999,FXX,2,0.0,1,0,1.0,0,0,0,-9999.0,0.5,1,P4_CV0,1,1,1,0,2
4,0.6234898018587336,0.7818314824680298,RD4_F5_m5f6_P5_Y0_UO331,R5_F5_m-1f-1_P5_Y-1_U29,R6_F6_m-1f-1_P6_Y-1_U74,MXY,1,0.0,0,0,0.0,0,0,0,-9999.0,1.0,1,P5_CV0,1,2,0,1,1
4,0.6234898018587336,0.7818314824680298,RD4_F5_m5f6_P5_Y0_UO1202,R5_F5_m-1f-1_P5_Y-1_U25,R6_F6_m-1f-1_P6_Y-1_U15,FXX,1,0.0,0,0,0.0,0,0,0,-9999.0,0.25,1,P5_CV0,1,0,2,1,1
5,0.365341024366395,0.9308737486442042,RD5_F4_m4f5_P4_Y0_UO198,R4_F4_m-1f-1_P4_Y-1_U32,R5_F5_m-1f-1_P5_Y-1_U93,MXY,1,0.0,0,0,0.0,0,0,0,-9999.0,0.75,1,P3_CV0,1,2,0,2,0
5,0.365341024366395,0.9308737486442042,RD5_F4_m4f5_P4_Y0_UO199,R4_F4_m-1f-1_P4_Y-1_U32,R5_F5_m-1f-1_P5_Y-1_U93,MXY,1,0.0,0,0,0.0,0,0,0,-9999.0,0.75,1,P3_CV0,1,1,1,2,0
5,0.365341024366395,0.9308737486442042,RD5_F4_m4f5_P4_Y0_UO538,R4_F4_m-1f-1_P4_Y-1_U32,R5_F5_m-1f-1_P5_Y-1_U49,MXY,1,0.0,0,0,0.0,0,0,0,-9999.0,0.75,1,P3_CV0,1,1,1,2,0
5,0.365341024366395,0.9308737486442042,R5_F5_m5f4_P5_Y0_UO591,R5_F5_m-1f-1_P5_Y-1_U25,R4_F4_m-1f-1_P4_Y-1_U34,MXY,1,0.0,0,0,0.0,0,0,0,-9999.0,0.0,1,P3_CV0,1,0,2,0,2
5,0.365341024366395,0.9308737486442042,R5_F5_m5f4_P5_Y0_UO596,R5_F5_m-1f-1_P5_Y-1_U25,R4_F4_m-1f-1_P4_Y-1_U34,FXX,1,0.0,0,0,0.0,0,0,0,-9999.0,0.0,1,P3_CV0,1,0,2,0,2
5,0.365341024366395,0.9308737486442042,R5_F5_m5f4_P5_Y0_UO599,R5_F5_m-1f-1_P5_Y-1_U25,R4_F4_m-1f-1_P4_Y-1_U34,MXY,1,0.0,0,0,0.0,0,0,0,-9999.0,0.0,1,P3_CV0,1,0,2,1,1
5,0.365341024366395,0.9308737486442042,R5_F5_m5f4_P5_Y0_UO601,R5_F5_m-1f-1_P5_Y-1_U25,R4_F4_m-1f-1_P4_Y-1_U34,MXY,1,0.0,0,0,0.0,0,0,0,-9999.0,0.0,1,P3_CV0,1,0,2,1,1
5,0.365341024366395,0.9308737486442042,R5_F5_m5f4_P5_Y0_UO604,R5_F5_m-1f-1_P5_Y-1_U25,R4_F4_m-1f-1_P4_Y-1_U34,MXY,1,0.0,0,0,0.0,0,0,0,-9999.0,0.0,1,P3_CV0,1,0,2,0,2
5,0.365341024366395,0.9308737486442042,R5_F5_m5f4_P5_Y0_UO605,R5_F5_m-1f-1_P5_Y-1_U25,R4_F4_m-1f-1_P4_Y-1_U34,FXX,1,0.0,0,0,0.0,0,0,0,-9999.0,0.0,1,P3_CV0,1,0,2,0,2
5,0.365341024366395,0.9308737486442042,RD5_F4_m-1f-1_P4_Y-1_U25,-9999,-9999,FXX,3,0.0,1,0,1.0,0,0,0,-9999.0,0.5,1,P3_CV0,1,1,1,1,1
5,0.365341024366395,0.9308737486442042,RD5_F4_m-1f-1_P4_Y-1_U5,-9999,-9999,MXY,3,0.0,1,0,0.0,0,0,0,-9999.0,0.5,1,P3_CV0,1,1,1,2,0
5,0.365341024366395,0.9308737486442042,R5_F5_m5f6_P5_Y0_UO328,R5_F5_m-1f-1_P5_Y-1_U29,R6_F6_m-1f-1_P6_Y-1_U74,FXX,1,0.0,0,0,0.0,0,0,0,-9999.0,1.0,1,P4_CV0,1,2,0,2,0
5,0.365341024366395,0.9308737486442042,R5_F5_m5f6_P5_Y0_UO329,R5_F5_m-1f-1_P5_Y-1_U29,R6_F6_m-1f-1_P6_Y-1_U74,FXX,1,0.0,0,0,0.0,0,0,0,-9999.0,1.0,1,P4_CV0,1,2,0,1,1
5,0.365341024366395,0.9308737486442042,R5_F5_m5f6_P5_Y0_UO369,R5_F5_m-1f-1_P5_Y-1_U25,R6_F6_m-1f-1_P6_Y-1_U80,MXY,1,0.0,0,0,0.0,0,0,0,-9999.0,0.25,1,P4_CV0,1,1,1,0,2
5,0.365341024366395,0.9308737486442042,R5_F5_m5f6_P5_Y0_UO373,R5_F5_m-1f-1_P5_Y-1_U25,R6_F6_m-1f-1_P6_Y-1_U80,FXX,1,0.0,0,0,0.0,0,0,0,-9999.0,0.25,1,P4_CV0,1,0,2,0,2
5,0.365341024366395,0.9308737486442042,R5_F5_m5f6_P5_Y0_UO375,R5_F5_m-1f-1_P5_Y-1_U25,R6_F6_m-1f-1_P6_Y-1_U80,MXY,1,0.0,0,0,0.0,0,0,0,-9999.0,0.25,1,P4_CV0,1,0,2,1,1
5,0.365341024366395,0.9308737486442042,R5_F5_m5f6_P5_Y0_UO376,R5_F5_m-1f-1_P5_Y-1_U25,R6_F6_m-1f-1_P6_Y-1_U80,MXY,1,0.0,0,0,0.0,0,0,0,-9999.0,0.25,1,P4_CV0,1,0,2,1,1
5,0.365341024366395,0.9308737486442042,R5_F5_m5f6_P5_Y0_UO377,R5_F5_m-1f-1_P5_Y-1_U25,R6_F6_m-1f-1_P6_Y-1_U80,MXY,1,0.0,0,0,0.0,0,0,0,-9999.0,0.25,1,P4_CV0,1,0,2,1,1
5,0.365341024366395,0.9308737486442042,R5_F5_m5f6_P5_Y0_UO379,R5_F5_m-1f-1_P5_Y-1_U25,R6_F6_m-1f-1_P6_Y-1_U80,MXY,1,0.0,0,0,0.0,0,0,0,-9999.0,0.25,1,P4_CV0,1,0,2,0,2
5,0.365341024366395,0.9308737486442042,R5_F5_m5f6_P5_Y0_UO396,R5_F5_m-1f-1_P5_Y-1_U29,R6_F6_m-1f-1_P6_Y-1_U3,MXY,1,0.0,0,0,0.0,0,0,0,-9999.0,0.5,1,P4_CV0,1,1,1,1,1
5,0.365341024366395,0.9308737486442042,R5_F5_m5f6_P5_Y0_UO400,R5_F5_m-1f-1_P5_Y-1_U29,R6_F6_m-1f-1_P6_Y-1_U3,FXX,1,0.0,0,0,0.0,0,0,0,-9999.0,0.5,1,P4_CV0,1,1,1,2,0
5,0.365341024366395,0.9308737486442042,R5_F5_m5f6_P5_Y0_UO401,R5_F5_m-1f-1_P5_Y-1_U29,R6_F6_m-1f-1_P6_Y-1_U3,MXY,1,0.0,0,0,0.0,0,0,0,-9999.0,0.5,1,P4_CV0,1,1,1,2,0
5,0.365341024366395,0.9308737486442042,R5_F5_m5f6_P5_Y0_UO402,R5_F5_m-1f-1_P5_Y-1_U29,R6_F6_m-1f-1_P6_Y-1_U3,MXY,1,0.0,0,0,0.0,0,0,0,-9999.0,0.5,1,P4_CV0,1,1,1,2,0
5,0.365341024366395,0.9308737486442042,R5_F5_m5f4_P5_Y0_UO590,R5_F5_m-1f-1_P5_Y-1_U25,R4_F4_m-1f-1_P4_Y-1_U34,FXX,1,0.0,0,0,0.0,0,0,0,-9999.0,0.0,1,P4_CV0,1,0,2,1,1
5,0.365341024366395,0.9308737486442042,R5_F5_m5f4_P5_Y0_UO592,R5_F5_m-1f-1_P5_Y-1_U25,R4_F4_m-1f-1_P4_Y-1_U34,FXX,1,0.0,0,0,0.0,0,0,0,-9999.0,0.0,1,P4_CV0,1,0,2,0,2
5,0.365341024366395,0.9308737486442042,R5_F5_m5f4_P5_Y0_UO593,R5_F5_m-1f-1_P5_Y-1_U25,R4_F4_m-1f-1_P4_Y-1_U34,FXX,1,0.0,0,0,0.0,0,0,0,-9999.0,0.0,1,P4_CV0,1,0,2,0,2
5,0.365341024366395,0.9308737486442042,R5_F5_m5f4_P5_Y0_UO594,R5_F5_m-1f-1_P5_Y-1_U25,R4_F4_m-1f-1_P4_Y-1_U34,MXY,1,0.0,0,0,0.0,0,0,0,-9999.0,0.0,1,P4_CV0,1,0,2,0,2
5,0.365341024366395,0.9308737486442042,R5_F5_m5f4_P5_Y0_UO597,R5_F5_m-1f-1_P5_Y-1_U25,R4_F4_m-1f-1_P4_Y-1_U34,MXY,1,0.0,0,0,0.0,0,0,0,-9999.0,0.0,1,P4_CV0,1,0,2,1,1
5,0.365341024366395,0.9308737486442042,R5_F5_m5f4_P5_Y0_UO598,R5_F5_m-1f-1_P5_Y-1_U25,R4_F4_m-1f-1_P4_Y-1_U34,MXY,1,0.0,0,0,0.0,0,0,0,-9999.0,0.0,1,P4_CV0,1,0,2,1,1
5,0.365341024366395,0.9308737486442042,R5_F5_m5f4_P5_Y0_UO600,R5_F5_m-1f-1_P5_Y-1_U25,R4_F4_m-1f-1_P4_Y-1_U34,FXX,1,0.0,0,0,0.0,0,0,0,-9999.0,0.0,1,P4_CV0,1,0,2,1,1
5,0.365341024366395,0.9308737486442042,R5_F5_m5f6_P5_Y0_UO620,R5_F5_m-1f-1_P5_Y-1_U14,R6_F6_m-1f-1_P6_Y-1_U39,MXY,1,0.0,0,0,0.0,0,0,0,-9999.0,0.25,1,P4_CV0,1,0,2,0,2
5,0.365341024366395,0.9308737486442042,R5_F5_m5f6_P5_Y0_UO621,R5_F5_m-1f-1_P5_Y-1_U14,R6_F6_m-1f-1_P6_Y-1_U39,FXX,1,0.0,0,0,0.0,0,0,0,-9999.0,0.25,1,P4_CV0,1,0,2,1,1
5,0.365341024366395,0.9308737486442042,R5_F5_m5f6_P5_Y0_UO624,R5_F5_m-1f-1_P5_Y-1_U14,R6_F6_m-1f-1_P6_Y-1_U39,MXY,1,0.0,0,0,0.0,0,0,0,-9999.0,0.25,1,P4_CV0,1,0,2,0,2
5,0.365341024366395,0.9308737486442042,R5_F5_m5f6_P5_Y0_UO626,R5_F5_m-1f-1_P5_Y-1_U14,R6_F6_m-1f-1_P6_Y-1_U39,MXY,1,0.0,0,0,0.0,0,0,0,-9999.0,0.25,1,P4_CV0,1,1,1,1,1
5,0.365341024366395,0.9308737486442042,R5_F5_m5f6_P5_Y0_UO1195,R5_F5_m-1f-1_P5_Y-1_U25,R6_F6_m-1f-1_P6_Y-1_U15,MXY,1,0.0,0,0,0.0,0,0,0,-9999.0,0.25,1,P4_CV0,1,1,1,0,2
5,0.365341024366395,0.9308737486442042,R5_F5_m5f6_P5_Y0_UO1199,R5_F5_m-1f-1_P5_Y-1_U25,R6_F6_m-1f-1_P6_Y-1_U15,MXY,1,0.0,0,0,0.0,0,0,0,-9999.0,0.25,1,P4_CV0,1,1,1,1,1
5,0.365341024366395,0.9308737486442042,R5_F5_m5f6_P5_Y0_UO1200,R5_F5_m-1f-1_P5_Y-1_U25,R6_F6_m-1f-1_P6_Y-1_U15,FXX,1,0.0,0,0,0.0,0,0,0,-9999.0,0.25,1,P4_CV0,1,0,2,1,1
5,0.365341024366395,0.9308737486442042,R5_F5_m5f6_P5_Y0_UO1203,R5_F5_m-1f-1_P5_Y-1_U25,R6_F6_m-1f-1_P6_Y-1_U15,MXY,1,0.0,0,0,0.0,0,0,0,-9999.0,0.25,1,P4_CV0,1,0,2,1,1
5,0.365341024366395,0.9308737486442042,R5_F5_m-1f-1_P5_Y-1_U32,-9999,-9999,FXX,2,0.0,1,0,1.0,0,0,0,-9999.0,0.5,1,P4_CV0,1,1,1,2,0
5,0.365341024366395,0.9308737486442042,R5_F5_m-1f-1_P5_Y-1_U62,-9999,-9999,FXX,2,0.0,1,0,1.0,0,0,0,-9999.0,0.5,1,P4_CV0,1,1,1,0,2
5,0.365341024366395,0.9308737486442042,R5_F5_m-1f-1_P5_Y-1_U13,-9999,-9999,FXX,2,0.0,1,0,1.0,0,0,0,-9999.0,0.5,1,P4_CV0,1,1,1,2,0
5,0.365341024366395,0.9308737486442042,R5_F5_m-1f-1_P5_Y-1_U10,-9999,-9999,MXY,2,0.0,1,0,0.0,0,0,0,-9999.0,0.0,1,P4_CV0,1,0,2,2,0
5,0.365341024366395,0.9308737486442042,R5_F5_m-1f-1_P5_Y-1_U92,-9999,-9999,MXY,2,0.0,1,0,0.0,0,0,0,-9999.0,0.5,1,P4_CV0,1,1,1,1,1
5,0.365341024366395,0.9308737486442042,R5_F5_m-1f-1_P5_Y-1_U22,-9999,-9999,MXY,2,0.0,1,0,0.0,0,0,0,-9999.0,0.5,1,P4_CV0,1,1,1,1,1
5,0.365341024366395,0.9308737486442042,R5_F5_m-1f-1_P5_Y-1_U17,-9999,-9999,MXY,2,0.0,1,0,0.0,0,0,0,-9999.0,1.0,1,P4_CV0,1,2,0,2,0
5,0.365341024366395,0.9308737486442042,R5_F5_m-1f-1_P5_Y-1_U3,-9999,-9999,FXX,2,0.0,1,0,1.0,0,0,0,-9999.0,0.5,1,P4_CV0,1,1,1,1,1
5,0.365341024366395,0.9308737486442042,R5_F5_m-1f-1_P5_Y-1_U33,-9999,-9999,FXX,2,0.0,1,0,1.0,0,0,0,-9999.0,0.0,1,P4_CV0,1,0,2,1,1
5,0.365341024366395,0.9308737486442042,R5_F5_m-1f-1_P5_Y-1_U60,-9999,-9999,MXY,2,0.0,1,0,0.0,0,0,0,-9999.0,0.0,1,P4_CV0,1,0,2,1,1
5,0.365341024366395,0.9308737486442042,R5_F5_m-1f-1_P5_Y-1_U39,-9999,-9999,FXX,2,0.0,1,0,1.0,0,0,0,-9999.0,0.5,1,P4_CV0,1,1,1,1,1
5,0.365341024366395,0.9308737486442042,R5_F5_m-1f-1_P5_Y-1_U69,-9999,-9999,MXY,2,0.0,1,0,0.0,0,0,0,-9999.0,1.0,1,P4_CV0,1,2,0,1,1
5,0.365341024366395,0.9308737486442042,R5_F5_m-1f-1_P5_Y-1_U5,-9999,-9999,MXY,2,0.0,1,0,0.0,0,0,0,-9999.0,0.5,1,P4_CV0,1,1,1,2,0
5,0.365341024366395,0.9308737486442042,R5_F5_m-1f-1_P5_Y-1_U81,-9999,-9999,FXX,2,0.0,1,0,1.0,0,0,0,-9999.0,0.0,1,P4_CV0,1,0,2,0,2
5,0.365341024366395,0.9308737486442042,R5_F5_m-1f-1_P5_Y-1_U35,-9999,-9999,FXX,2,0.0,1,0,1.0,0,0,0,-9999.0,0.5,1,P4_CV0,1,1,1,2,0
5,0.365341024366395,0.9308737486442042,R5_F5_m-1f-1_P5_Y-1_U51,-9999,-9999,MXY,2,0.0,1,0,0.0,0,0,0,-9999.0,0.5,1,P4_CV0,1,1,1,1,1
5,0.365341024366395,0.9308737486442042,R5_F5_m-1f-1_P5_Y-1_U34,-9999,-9999,MXY,3,0.0,1,0,0.0,0,0,0,-9999.0,0.0,1,P4_CV0,1,0,2,0,2
5,0.365341024366395,0.9308737486442042,R5_F5_m-1f-1_P5_Y-1_U9,-9999,-9999,MXY,3,0.0,1,0,0.0,0,0,0,-9999.0,0.5,1,P4_CV0,1,1,1,0,2
5,0.365341024366395,0.9308737486442042,R5_F5_m-1f-1_P5_Y-1_U21,-9999,-9999,MXY,3,0.0,1,0,0.0,0,0,0,-9999.0,0.5,1,P4_CV0,1,1,1,2,0
5,0.365341024366395,0.9308737486442042,R5_F5_m-1f-1_P5_Y-1_U1,-9999,-9999,MXY,3,0.0,1,0,0.0,0,0,0,-9999.0,0.5,1,P4_CV0,1,1,1,1,1
5,0.365341024366395,0.9308737486442042,R5_F5_m-1f-1_P5_Y-1_U77,-9999,-9999,MXY,3,0.0,1,0,0.0,0,0,0,-9999.0,0.0,1,P4_CV0,1,0,2,1,1
5,0.365341024366395,0.9308737486442042,R5_F5_m-1f-1_P5_Y-1_U40,-9999,-9999,FXX,3,0.0,1,0,1.0,0,0,0,-9999.0,0.5,1,P4_CV0,1,1,1,1,1
5,0.365341024366395,0.9308737486442042,R5_F5_m-1f-1_P5_Y-1_U15,-9999,-9999,MXY,3,0.0,1,0,0.0,0,0,0,-9999.0,0.5,1,P4_CV0,1,1,1,2,0
5,0.365341024366395,0.9308737486442042,R5_F5_m-1f-1_P5_Y-1_U30,-9999,-9999,MXY,3,0.0,1,0,0.0,0,0,0,-9999.0,0.0,1,P4_CV0,1,0,2,1,1
5,0.365341024366395,0.9308737486442042,R5_F5_m-1f-1_P5_Y-1_U38,-9999,-9999,FXX,4,0.0,1,0,1.0,0,0,0,-9999.0,1.0,1,P4_CV0,1,2,0,0,2
5,0.365341024366395,0.9308737486442042,R5_F5_m-1f-1_P5_Y-1_U70,-9999,-9999,FXX,4,0.0,1,0,1.0,0,0,0,-9999.0,0.5,1,P4_CV0,1,1,1,1,1
5,0.365341024366395,0.9308737486442042,R5_F5_m-1f-1_P5_Y-1_U8,-9999,-9999,FXX,4,0.0,1,0,1.0,0,0,0,-9999.0,1.0,1,P4_CV0,1,2,0,2,0
5,0.365341024366395,0.9308737486442042,R5_F5_m5f6_P5_Y0_UO327,R5_F5_m-1f-1_P5_Y-1_U29,R6_F6_m-1f-1_P6_Y-1_U74,MXY,1,0.0,0,0,0.0,0,0,0,-9999.0,1.0,1,P5_CV0,1,2,0,0,2
5,0.365341024366395,0.9308737486442042,R5_F5_m5f6_P5_Y0_UO330,R5_F5_m-1f-1_P5_Y-1_U29,R6_F6_m-1f-1_P6_Y-1_U74,FXX,1,0.0,0,0,0.0,0,0,0,-9999.0,1.0,1,P5_CV0,1,2,0,2,0
5,0.365341024366395,0.9308737486442042,R5_F5_m5f6_P5_Y0_UO332,R5_F5_m-1f-1_P5_Y-1_U29,R6_F6_m-1f-1_P6_Y-1_U74,MXY,1,0.0,0,0,0.0,0,0,0,-9999.0,1.0,1,P5_CV0,1,2,0,1,1
5,0.365341024366395,0.9308737486442042,R5_F5_m5f6_P5_Y0_UO334,R5_F5_m-1f-1_P5_Y-1_U29,R6_F6_m-1f-1_P6_Y-1_U74,FXX,1,0.0,0,0,0.0,0,0,0,-9999.0,1.0,1,P5_CV0,1,2,0,1,1
5,0.365341024366395,0.9308737486442042,R5_F5_m5f6_P5_Y0_UO335,R5_F5_m-1f-1_P5_Y-1_U29,R6_F6_m-1f-1_P6_Y-1_U74,FXX,1,0.0,0,0,0.0,0,0,0,-9999.0,1.0,1,P5_CV0,1,2,0,0,2
5,0.365341024366395,0.9308737486442042,R5_F5_m5f6_P5_Y0_UO370,R5_F5_m-1f-1_P5_Y-1_U25,R6_F6_m-1f-1_P6_Y-1_U80,MXY,1,0.0,0,0,0.0,0,0,0,-9999.0,0.25,1,P5_CV0,1,0,2,0,2
5,0.365341024366395,0.9308737486442042,R5_F5_m5f6_P5_Y0_UO371,R5_F5_m-1f-1_P5_Y-1_U25,R6_F6_m-1f-1_P6_Y-1_U80,MXY,1,0.0,0,0,0.0,0,0,0,-9999.0,0.25,1,P5_CV0,1,0,2,0,2
5,0.365341024366395,0.9308737486442042,R5_F5_m5f6_P5_Y0_UO372,R5_F5_m-1f-1_P5_Y-1_U25,R6_F6_m-1f-1_P6_Y-1_U80,MXY,1,0.0,0,0,0.0,0,0,0,-9999.0,0.25,1,P5_CV0,1,0,2,0,2
5,0.365341024366395,0.9308737486442042,R5_F5_m5f6_P5_Y0_UO374,R5_F5_m-1f-1_P5_Y-1_U25,R6_F6_m-1f-1_P6_Y-1_U80,FXX,1,0.0,0,0,0.0,0,0,0,-9999.0,0.25,1,P5_CV0,1,1,1,0,2
5,0.365341024366395,0.9308737486442042,R5_F5_m5f6_P5_Y0_UO378,R5_F5_m-1f-1_P5_Y-1_U25,R6_F6_m-1f-1_P6_Y-1_U80,MXY,1,0.0,0,0,0.0,0,0,0,-9999.0,0.25,1,P5_CV0,1,0,2,0,2
5,0.365341024366395,0.9308737486442042,R5_F5_m5f6_P5_Y0_UO395,R5_F5_m-1f-1_P5_Y-1_U29,R6_F6_m-1f-1_P6_Y-1_U3,MXY,1,0.0,0,0,0.0,0,0,0,-9999.0,0.5,1,P5_CV0,1,1,1,2,0
5,0.365341024366395,0.9308737486442042,R5_F5_m5f6_P5_Y0_UO397,R5_F5_m-1f-1_P5_Y-1_U29,R6_F6_m-1f-1_P6_Y-1_U3,MXY,1,0.0,0,0,0.0,0,0,0,-9999.0,0.5,1,P5_CV0,1,1,1,2,0
5,0.365341024366395,0.9308737486442042,R5_F5_m5f6_P5_Y0_UO398,R5_F5_m-1f-1_P5_Y-1_U29,R6_F6_m-1f-1_P6_Y-1_U3,FXX,1,0.0,0,0,0.0,0,0,0,-9999.0,0.5,1,P5_CV0,1,1,1,2,0
5,0.365341024366395,0.9308737486442042,R5_F5_m5f6_P5_Y0_UO403,R5_F5_m-1f-1_P5_Y-1_U29,R6_F6_m-1f-1_P6_Y-1_U3,FXX,1,0.0,0,0,0.0,0,0,0,-9999.0,0.5,1,P5_CV0,1,1,1,1,1
5,0.365341024366395,0.9308737486442042,R5_F5_m5f6_P5_Y0_UO619,R5_F5_m-1f-1_P5_Y-1_U14,R6_F6_m-1f-1_P6_Y-1_U39,MXY,1,0.0,0,0,0.0,0,0,0,-9999.0,0.25,1,P5_CV0,1,0,2,0,2
5,0.365341024366395,0.9308737486442042,R5_F5_m5f6_P5_Y0_UO622,R5_F5_m-1f-1_P5_Y-1_U14,R6_F6_m-1f-1_P6_Y-1_U39,FXX,1,0.0,0,0,0.0,0,0,0,-9999.0,0.25,1,P5_CV0,1,0,2,1,1
5,0.365341024366395,0.9308737486442042,R5_F5_m5f6_P5_Y0_UO623,R5_F5_m-1f-1_P5_Y-1_U14,R6_F6_m-1f-1_P6_Y-1_U39,FXX,1,0.0,0,0,0.0,0,0,0,-9999.0,0.25,1,P5_CV0,1,1,1,0,2
5,0.365341024366395,0.9308737486442042,R5_F5_m5f6_P5_Y0_UO625,R5_F5_m-1f-1_P5_Y-1_U14,R6_F6_m-1f-1_P6_Y-1_U39,FXX,1,0.0,0,0,0.0,0,0,0,-9999.0,0.25,1,P5_CV0,1,0,2,0,2
5,0.365341024366395,0.9308737486442042,R5_F5_m5f6_P5_Y0_UO1194,R5_F5_m-1f-1_P5_Y-1_U25,R6_F6_m-1f-1_P6_Y-1_U15,FXX,1,0.0,0,0,0.0,0,0,0,-9999.0,0.25,1,P5_CV0,1,1,1,0,2
5,0.365341024366395,0.9308737486442042,R5_F5_m5f6_P5_Y0_UO1196,R5_F5_m-1f-1_P5_Y-1_U25,R6_F6_m-1f-1_P6_Y-1_U15,FXX,1,0.0,0,0,0.0,0,0,0,-9999.0,0.25,1,P5_CV0,1,0,2,1,1
5,0.365341024366395,0.9308737486442042,R5_F5_m5f6_P5_Y0_UO1198,R5_F5_m-1f-1_P5_Y-1_U25,R6_F6_m-1f-1_P6_Y-1_U15,MXY,1,0.0,0,0,0.0,0,0,0,-9999.0,0.25,1,P5_CV0,1,1,1,1,1
5,0.365341024366395,0.9308737486442042,R5_F5_m5f6_P5_Y0_UO1201,R5_F5_m-1f-1_P5_Y-1_U25,R6_F6_m-1f-1_P6_Y-1_U15,FXX,1,0.0,0,0,0.0,0,0,0,-9999.0,0.25,1,P5_CV0,1,0,2,1,1
5,0.365341024366395,0.9308737486442042,RD5_F6_m-1f-1_P6_Y-1_U50,-9999,-9999,FXX,2,0.0,1,0,1.0,0,0,0,-9999.0,0.5,1,P5_CV0,1,1,1,1,1
5,0.365341024366395,0.9308737486442042,RD5_F6_m-1f-1_P6_Y-1_U15,-9999,-9999,MXY,4,0.0,1,0,0.0,0,0,0,-9999.0,0.5,1,P5_CV0,1,1,1,1,1
6,0.07473009358642439,0.9972037971811801,RD6_F5_m5f4_P5_Y0_UO603,R5_F5_m-1f-1_P5_Y-1_U25,R4_F4_m-1f-1_P4_Y-1_U34,MXY,1,0.0,0,0,0.0,0,0,0,-9999.0,0.0,1,P3_CV0,1,0,2,1,1
6,0.07473009358642439,0.9972037971811801,RD6_F5_m5f6_P5_Y0_UO399,R5_F5_m-1f-1_P5_Y-1_U29,R6_F6_m-1f-1_P6_Y-1_U3,FXX,1,0.0,0,0,0.0,0,0,0,-9999.0,0.5,1,P4_CV0,1,1,1,0,2
6,0.07473009358642439,0.9972037971811801,RD6_F5_m5f4_P5_Y0_UO595,R5_F5_m-1f-1_P5_Y-1_U25,R4_F4_m-1f-1_P4_Y-1_U34,FXX,1,0.0,0,0,0.0,0,0,0,-9999.0,0.0,1,P4_CV0,1,0,2,1,1
6,0.07473009358642439,0.9972037971811801,RD6_F5_m5f4_P5_Y0_UO602,R5_F5_m-1f-1_P5_Y-1_U25,R4_F4_m-1f-1_P4_Y-1_U34,MXY,1,0.0,0,0,0.0,0,0,0,-9999.0,0.0,1,P4_CV0,1,0,2,0,2
6,0.07473009358642439,0.9972037971811801,R6_F6_m6f5_P6_Y0_UO88,R6_F6_m-1f-1_P6_Y-1_U46,R5_F5_m-1f-1_P5_Y-1_U43,FXX,1,0.0,0,0,0.0,0,0,0,-9999.0,0.25,1,P4_CV0,1,1,1,0,2
6,0.07473009358642439,0.9972037971811801,R6_F6_m6f5_P6_Y0_UO89,R6_F6_m-1f-1_P6_Y-1_U46,R5_F5_m-1f-1_P5_Y-1_U43,FXX,1,0.0,0,0,0.0,0,0,0,-9999.0,0.25,1,P4_CV0,1,1,1,1,1
6,0.07473009358642439,0.9972037971811801,R6_F6_m6f5_P6_Y0_UO454,R6_F6_m-1f-1_P6_Y-1_U55,R5_F5_m-1f-1_P5_Y-1_U63,FXX,1,0.0,0,0,0.0,0,0,0,-9999.0,0.75,1,P4_CV0,1,2,0,0,2
6,0.07473009358642439,0.9972037971811801,R6_F6_m6f5_P6_Y0_UO457,R6_F6_m-1f-1_P6_Y-1_U55,R5_F5_m-1f-1_P5_Y-1_U63,FXX,1,0.0,0,0,0.0,0,0,0,-9999.0,0.75,1,P4_CV0,1,1,1,1,1
6,0.07473009358642439,0.9972037971811801,R6_F6_m6f5_P6_Y0_UO673,R6_F6_m-1f-1_P6_Y-1_U10,R5_F5_m-1f-1_P5_Y-1_U80,FXX,1,0.0,0,0,0.0,0,0,0,-9999.0,0.5,1,P4_CV0,1,1,1,0,2
6,0.07473009358642439,0.9972037971811801,R6_F6_m6f5_P6_Y0_UO676,R6_F6_m-1f-1_P6_Y-1_U10,R5_F5_m-1f-1_P5_Y-1_U80,MXY,1,0.0,0,0,0.0,0,0,0,-9999.0,0.5,1,P4_CV0,1,1,1,0,2
6,0.07473009358642439,0.9972037971811801,R6_F6_m6f5_P6_Y0_UO677,R6_F6_m-1f-1_P6_Y-1_U10,R5_F5_m-1f-1_P5_Y-1_U80,MXY,1,0.0,0,0,0.0,0,0,0,-9999.0,0.5,1,P4_CV0,1,1,1,0,2
6,0.07473009358642439,0.9972037971811801,R6_F6_m6f5_P6_Y0_UO860,R6_F6_m-1f-1_P6_Y-1_U56,R5_F5_m-1f-1_P5_Y-1_U64,MXY,1,0.0,0,0,0.0,0,0,0,-9999.0,0.25,1,P4_CV0,1,0,2,1,1
6,0.07473009358642439,0.9972037971811801,R6_F6_m6f5_P6_Y0_UO861,R6_F6_m-1f-1_P6_Y-1_U56,R5_F5_m-1f-1_P5_Y-1_U64,MXY,1,0.0,0,0,0.0,0,0,0,-9999.0,0.25,1,P4_CV0,1,1,1,1,1
6,0.07473009358642439,0.9972037971811801,R6_F6_m6f5_P6_Y0_UO863,R6_F6_m-1f-1_P6_Y-1_U56,R5_F5_m-1f-1_P5_Y-1_U64,FXX,1,0.0,0,0,0.0,0,0,0,-9999.0,0.25,1,P4_CV0,1,0,2,2,0
6,0.07473009358642439,0.9972037971811801,R6_F6_m6f5_P6_Y0_UO864,R6_F6_m-1f-1_P6_Y-1_U56,R5_F5_m-1f-1_P5_Y-1_U64,FXX,1,0.0,0,0,0.0,0,0,0,-9999.0,0.25,1,P4_CV0,1,1,1,2,0
6,0.07473009358642439,0.9972037971811801,R6_F6_m6f5_P6_Y0_UO1170,R6_F6_m-1f-1_P6_Y-1_U18,R5_F5_m-1f-1_P5_Y-1_U71,MXY,1,0.0,0,0,0.0,0,0,0,-9999.0,0.5,1,P4_CV0,1,2,0,1,1
6,0.07473009358642439,0.9972037971811801,R6_F6_m6f5_P6_Y0_UO1171,R6_F6_m-1f-1_P6_Y-1_U18,R5_F5_m-1f-1_P5_Y-1_U71,FXX,1,0.0,0,0,0.0,0,0,0,-9999.0,0.5,1,P4_CV0,1,1,1,1,1
6,0.07473009358642439,0.9972037971811801,R6_F6_m6f5_P6_Y0_UO1172,R6_F6_m-1f-1_P6_Y-1_U18,R5_F5_m-1f-1_P5_Y-1_U71,FXX,1,0.0,0,0,0.0,0,0,0,-9999.0,0.5,1,P4_CV0,1,0,2,1,1
6,0.07473009358642439,0.9972037971811801,R6_F6_m6f5_P6_Y0_UO90,R6_F6_m-1f-1_P6_Y-1_U46,R5_F5_m-1f-1_P5_Y-1_U43,MXY,1,0.0,0,0,0.0,0,0,0,-9999.0,0.25,1,P5_CV0,1,0,2,1,1
6,0.07473009358642439,0.9972037971811801,R6_F6_m6f5_P6_Y0_UO91,R6_F6_m-1f-1_P6_Y-1_U46,R5_F5_m-1f-1_P5_Y-1_U43,FXX,1,0.0,0,0,0.0,0,0,0,-9999.0,0.25,1,P5_CV0,1,0,2,1,1
6,0.07473009358642439,0.9972037971811801,R6_F6_m6f7_P6_Y0_UO159,R6_F6_m-1f-1_P6_Y-1_U18,R7_F7_m-1f-1_P7_Y-1_U57,FXX,1,0.0,0,0,0.0,0,0,0,-9999.0,0.75,1,P5_CV0,1,1,1,1,1
6,0.07473009358642439,0.9972037971811801,R6_F6_m6f7_P6_Y0_UO364,R6_F6_m-1f-1_P6_Y-1_U66,R7_F7_m-1f-1_P7_Y-1_U87,MXY,1,0.0,0,0,0.0,0,0,0,-9999.0,0.5,1,P5_CV0,1,1,1,1,1
6,0.07473009358642439,0.9972037971811801,R6_F6_m6f7_P6_Y0_UO366,R6_F6_m-1f-1_P6_Y-1_U66,R7_F7_m-1f-1_P7_Y-1_U87,FXX,1,0.0,0,0,0.0,0,0,0,-9999.0,0.5,1,P5_CV0,1,1,1,1,1
6,0.07473009358642439,0.9972037971811801,R6_F6_m6f7_P6_Y0_UO367,R6_F6_m-1f-1_P6_Y-1_U66,R7_F7_m-1f-1_P7_Y-1_U87,MXY,1,0.0,0,0,0.0,0,0,0,-9999.0,0.5,1,P5_CV0,1,1,1,1,1
6,0.07473009358642439,0.9972037971811801,R6_F6_m6f7_P6_Y0_UO368,R6_F6_m-1f-1_P6_Y-1_U66,R7_F7_m-1f-1_P7_Y-1_U87,MXY,1,0.0,0,0,0.0,0,0,0,-9999.0,0.5,1,P5_CV0,1,0,2,1,1
6,0.07473009358642439,0.9972037971811801,R6_F6_m6f5_P6_Y0_UO455,R6_F6_m-1f-1_P6_Y-1_U55,R5_F5_m-1f-1_P5_Y-1_U63,FXX,1,0.0,0,0,0.0,0,0,0,-9999.0,0.75,1,P5_CV0,1,2,0,1,1
6,0.07473009358642439,0.9972037971811801,R6_F6_m6f5_P6_Y0_UO456,R6_F6_m-1f-1_P6_Y-1_U55,R5_F5_m-1f-1_P5_Y-1_U63,FXX,1,0.0,0,0,0.0,0,0,0,-9999.0,0.75,1,P5_CV0,1,1,1,0,2
6,0.07473009358642439,0.9972037971811801,R6_F6_m6f5_P6_Y0_UO674,R6_F6_m-1f-1_P6_Y-1_U10,R5_F5_m-1f-1_P5_Y-1_U80,MXY,1,0.0,0,0,0.0,0,0,0,-9999.0,0.5,1,P5_CV0,1,1,1,0,2
6,0.07473009358642439,0.9972037971811801,R6_F6_m6f5_P6_Y0_UO675,R6_F6_m-1f-1_P6_Y-1_U10,R5_F5_m-1f-1_P5_Y-1_U80,MXY,1,0.0,0,0,0.0,0,0,0,-9999.0,0.5,1,P5_CV0,1,1,1,0,2
6,0.07473009358642439,0.9972037971811801,R6_F6_m6f5_P6_Y0_UO678,R6_F6_m-1f-1_P6_Y-1_U10,R5_F5_m-1f-1_P5_Y-1_U80,MXY,1,0.0,0,0,0.0,0,0,0,-9999.0,0.5,1,P5_CV0,1,1,1,0,2
6,0.07473009358642439,0.9972037971811801,R6_F6_m6f7_P6_Y0_UO727,R6_F6_m-1f-1_P6_Y-1_U55,R7_F7_m-1f-1_P7_Y-1_U78,FXX,1,0.0,0,0,0.0,0,0,0,-9999.0,0.75,1,P5_CV0,1,1,1,0,2
6,0.07473009358642439,0.9972037971811801,R6_F6_m6f7_P6_Y0_UO728,R6_F6_m-1f-1_P6_Y-1_U55,R7_F7_m-1f-1_P7_Y-1_U78,MXY,1,0.0,0,0,0.0,0,0,0,-9999.0,0.75,1,P5_CV0,1,2,0,0,2
6,0.07473009358642439,0.9972037971811801,R6_F6_m6f7_P6_Y0_UO730,R6_F6_m-1f-1_P6_Y-1_U55,R7_F7_m-1f-1_P7_Y-1_U78,FXX,1,0.0,0,0,0.0,0,0,0,-9999.0,0.75,1,P5_CV0,1,2,0,0,2
6,0.07473009358642439,0.9972037971811801,R6_F6_m6f7_P6_Y0_UO855,R6_F6_m-1f-1_P6_Y-1_U46,R7_F7_m-1f-1_P7_Y-1_U64,FXX,1,0.0,0,0,0.0,0,0,0,-9999.0,0.25,1,P5_CV0,1,1,1,1,1
6,0.07473009358642439,0.9972037971811801,R6_F6_m6f7_P6_Y0_UO857,R6_F6_m-1f-1_P6_Y-1_U46,R7_F7_m-1f-1_P7_Y-1_U64,FXX,1,0.0,0,0,0.0,0,0,0,-9999.0,0.25,1,P5_CV0,1,0,2,1,1
6,0.07473009358642439,0.9972037971811801,R6_F6_m6f5_P6_Y0_UO862,R6_F6_m-1f-1_P6_Y-1_U56,R5_F5_m-1f-1_P5_Y-1_U64,FXX,1,0.0,0,0,0.0,0,0,0,-9999.0,0.25,1,P5_CV0,1,1,1,2,0
6,0.07473009358642439,0.9972037971811801,R6_F6_m6f5_P6_Y0_UO865,R6_F6_m-1f-1_P6_Y-1_U56,R5_F5_m-1f-1_P5_Y-1_U64,MXY,1,0.0,0,0,0.0,0,0,0,-9999.0,0.25,1,P5_CV0,1,1,1,1,1
6,0.07473009358642439,0.9972037971811801,R6_F6_m6f5_P6_Y0_UO866,R6_F6_m-1f-1_P6_Y-1_U56,R5_F5_m-1f-1_P5_Y-1_U64,FXX,1,0.0,0,0,0.0,0,0,0,-9999.0,0.25,1,P5_CV0,1,1,1,2,0
6,0.07473009358642439,0.9972037971811801,R6_F6_m6f7_P6_Y0_UO992,R6_F6_m-1f-1_P6_Y-1_U18,R7_F7_m-1f-1_P7_Y-1_U95,FXX,1,0.0,0,0,0.0,0,0,0,-9999.0,0.5,1,P5_CV0,1,2,0,1,1
6,0.07473009358642439,0.9972037971811801,R6_F6_m6f7_P6_Y0_UO993,R6_F6_m-1f-1_P6_Y-1_U18,R7_F7_m-1f-1_P7_Y-1_U95,MXY,1,0.0,0,0,0.0,0,0,0,-9999.0,0.5,1,P5_CV0,1,0,2,2,0
6,0.07473009358642439,0.9972037971811801,R6_F6_m6f7_P6_Y0_UO1061,R6_F6_m-1f-1_P6_Y-1_U4,R7_F7_m-1f-1_P7_Y-1_U56,MXY,1,0.0,0,0,0.0,0,0,0,-9999.0,0.25,1,P5_CV0,1,0,2,2,0
6,0.07473009358642439,0.9972037971811801,R6_F6_m6f5_P6_Y0_UO1168,R6_F6_m-1f-1_P6_Y-1_U18,R5_F5_m-1f-1_P5_Y-1_U71,FXX,1,0.0,0,0,0.0,0,0,0,-9999.0,0.5,1,P5_CV0,1,2,0,2,0
6,0.07473009358642439,0.9972037971811801,R6_F6_m6f7_P6_Y0_UO1251,R6_F6_m-1f-1_P6_Y-1_U24,R7_F7_m-1f-1_P7_Y-1_U95,MXY,1,0.0,0,0,0.0,0,0,0,-9999.0,0.25,1,P5_CV0,1,1,1,1,1
6,0.07473009358642439,0.9972037971811801,R6_F6_m6f7_P6_Y0_UO1254,R6_F6_m-1f-1_P6_Y-1_U24,R7_F7_m-1f-1_P7_Y-1_U95,MXY,1,0.0,0,0,0.0,0,0,0,-9999.0,0.25,1,P5_CV0,1,0,2,1,1
6,0.07473009358642439,0.9972037971811801,RD6_F7_m7f6_P7_Y0_UO412,R7_F7_m-1f-1_P7_Y-1_U43,R6_F6_m-1f-1_P6_Y-1_U30,MXY,1,0.0,0,0,0.0,0,0,0,-9999.0,0.5,1,P5_CV0,1,0,2,1,1
6,0.07473009358642439,0.9972037971811801,R6_F6_m-1f-1_P6_Y-1_U72,-9999,-9999,FXX,2,0.0,1,0,1.0,0,0,0,-9999.0,0.0,1,P5_CV0,1,0,2,1,1
6,0.07473009358642439,0.9972037971811801,R6_F6_m-1f-1_P6_Y-1_U53,-9999,-9999,FXX,2,0.0,1,0,1.0,0,0,0,-9999.0,1.0,1,P5_CV0,1,2,0,1,1
6,0.07473009358642439,0.9972037971811801,R6_F6_m-1f-1_P6_Y-1_U37,-9999,-9999,FXX,2,0.0,1,0,1.0,0,0,0,-9999.0,1.0,1,P5_CV0,1,2,0,1,1
6,0.07473009358642439,0.9972037971811801,R6_F6_m-1f-1_P6_Y-1_U82,-9999,-9999,FXX,2,0.0,1,0,1.0,0,0,0,-9999.0,0.5,1,P5_CV0,1,1,1,1,1
6,0.07473009358642439,0.9972037971811801,R6_F6_m-1f-1_P6_Y-1_U49,-9999,-9999,MXY,2,0.0,1,0,0.0,0,0,0,-9999.0,0.5,1,P5_CV0,1,1,1,1,1
6,0.07473009358642439,0.9972037971811801,R6_F6_m-1f-1_P6_Y-1_U61,-9999,-9999,MXY,2,0.0,1,0,0.0,0,0,0,-9999.0,1.0,1,P5_CV0,1,2,0,1,1
6,0.07473009358642439,0.9972037971811801,R6_F6_m-1f-1_P6_Y-1_U92,-9999,-9999,MXY,2,0.0,1,0,0.0,0,0,0,-9999.0,0.5,1,P5_CV0,1,1,1,1,1
6,0.07473009358642439,0.9972037971811801,R6_F6_m-1f-1_P6_Y-1_U8,-9999,-9999,MXY,2,0.0,1,0,0.0,0,0,0,-9999.0,1.0,1,P5_CV0,1,2,0,1,1
6,0.07473009358642439,0.9972037971811801,R6_F6_m-1f-1_P6_Y-1_U36,-9999,-9999,MXY,2,0.0,1,0,0.0,0,0,0,-9999.0,0.5,1,P5_CV0,1,1,1,2,0
6,0.07473009358642439,0.9972037971811801,R6_F6_m-1f-1_P6_Y-1_U88,-9999,-9999,MXY,2,0.0,1,0,0.0,0,0,0,-9999.0,0.5,1,P5_CV0,1,1,1,1,1
6,0.07473009358642439,0.9972037971811801,R6_F6_m-1f-1_P6_Y-1_U90,-9999,-9999,FXX,2,0.0,1,0,1.0,0,0,0,-9999.0,0.5,1,P5_CV0,1,1,1,0,2
6,0.07473009358642439,0.9972037971811801,R6_F6_m-1f-1_P6_Y-1_U31,-9999,-9999,FXX,2,0.0,1,0,1.0,0,0,0,-9999.0,1.0,1,P5_CV0,1,2,0,1,1
6,0.07473009358642439,0.9972037971811801,R6_F6_m-1f-1_P6_Y-1_U66,-9999,-9999,FXX,3,0.0,1,0,1.0,0,0,0,-9999.0,0.5,1,P5_CV0,1,1,1,0,2
6,0.07473009358642439,0.9972037971811801,R6_F6_m-1f-1_P6_Y-1_U76,-9999,-9999,MXY,3,0.0,1,0,0.0,0,0,0,-9999.0,0.5,1,P5_CV0,1,1,1,1,1
6,0.07473009358642439,0.9972037971811801,R6_F6_m-1f-1_P6_Y-1_U7,-9999,-9999,FXX,3,0.0,1,0,1.0,0,0,0,-9999.0,0.5,1,P5_CV0,1,1,1,2,0
6,0.07473009358642439,0.9972037971811801,R6_F6_m-1f-1_P6_Y-1_U6,-9999,-9999,FXX,3,0.0,1,0,1.0,0,0,0,-9999.0,0.5,1,P5_CV0,1,1,1,1,1
6,0.07473009358642439,0.9972037971811801,R6_F6_m-1f-1_P6_Y-1_U35,-9999,-9999,MXY,4,0.0,1,0,0.0,0,0,0,-9999.0,0.5,1,P5_CV0,1,1,1,1,1
6,0.07473009358642439,0.9972037971811801,R6_F6_m-1f-1_P6_Y-1_U62,-9999,-9999,MXY,4,0.0,1,0,0.0,0,0,0,-9999.0,0.0,1,P5_CV0,1,0,2,2,0
6,0.07473009358642439,0.9972037971811801,R6_F6_m-1f-1_P6_Y-1_U39,-9999,-9999,MXY,4,0.0,1,0,0.0,0,0,0,-9999.0,0.5,1,P5_CV0,1,1,1,0,2
6,0.07473009358642439,0.9972037971811801,R6_F6_m6f7_P6_Y0_UO154,R6_F6_m-1f-1_P6_Y-1_U18,R7_F7_m-1f-1_P7_Y-1_U57,FXX,1,0.0,0,0,0.0,0,0,0,-9999.0,0.75,1,P6_CV0,1,2,0,1,1
6,0.07473009358642439,0.9972037971811801,R6_F6_m6f7_P6_Y0_UO155,R6_F6_m-1f-1_P6_Y-1_U18,R7_F7_m-1f-1_P7_Y-1_U57,MXY,1,0.0,0,0,0.0,0,0,0,-9999.0,0.75,1,P6_CV0,1,1,1,1,1
6,0.07473009358642439,0.9972037971811801,R6_F6_m6f7_P6_Y0_UO156,R6_F6_m-1f-1_P6_Y-1_U18,R7_F7_m-1f-1_P7_Y-1_U57,FXX,1,0.0,0,0,0.0,0,0,0,-9999.0,0.75,1,P6_CV0,1,1,1,1,1
6,0.07473009358642439,0.9972037971811801,R6_F6_m6f7_P6_Y0_UO157,R6_F6_m-1f-1_P6_Y-1_U18,R7_F7_m-1f-1_P7_Y-1_U57,MXY,1,0.0,0,0,0.0,0,0,0,-9999.0,0.75,1,P6_CV0,1,2,0,1,1
6,0.07473009358642439,0.9972037971811801,R6_F6_m6f7_P6_Y0_UO158,R6_F6_m-1f-1_P6_Y-1_U18,R7_F7_m-1f-1_P7_Y-1_U57,MXY,1,0.0,0,0,0.0,0,0,0,-9999.0,0.75,1,P6_CV0,1,2,0,1,1
6,0.07473009358642439,0.9972037971811801,R6_F6_m6f7_P6_Y0_UO160,R6_F6_m-1f-1_P6_Y-1_U18,R7_F7_m-1f-1_P7_Y-1_U57,MXY,1,0.0,0,0,0.0,0,0,0,-9999.0,0.75,1,P6_CV0,1,2,0,1,1
6,0.07473009358642439,0.9972037971811801,R6_F6_m6f7_P6_Y0_UO362,R6_F6_m-1f-1_P6_Y-1_U66,R7_F7_m-1f-1_P7_Y-1_U87,FXX,1,0.0,0,0,0.0,0,0,0,-9999.0,0.5,1,P6_CV0,1,2,0,1,1
6,0.07473009358642439,0.9972037971811801,R6_F6_m6f7_P6_Y0_UO363,R6_F6_m-1f-1_P6_Y-1_U66,R7_F7_m-1f-1_P7_Y-1_U87,FXX,1,0.0,0,0,0.0,0,0,0,-9999.0,0.5,1,P6_CV0,1,1,1,1,1
6,0.07473009358642439,0.9972037971811801,R6_F6_m6f7_P6_Y0_UO365,R6_F6_m-1f-1_P6_Y-1_U66,R7_F7_m-1f-1_P7_Y-1_U87,FXX,1,0.0,0,0,0.0,0,0,0,-9999.0,0.5,1,P6_CV0,1,1,1,1,1
6,0.07473009358642439,0.9972037971811801,R6_F6_m6f7_P6_Y0_UO725,R6_F6_m-1f-1_P6_Y-1_U55,R7_F7_m-1f-1_P7_Y-1_U78,FXX,1,0.0,0,0,0.0,0,0,0,-9999.0,0.75,1,P6_CV0,1,1,1,0,2
6,0.07473009358642439,0.9972037971811801,R6_F6_m6f7_P6_Y0_UO726,R6_F6_m-1f-1_P6_Y-1_U55,R7_F7_m-1f-1_P7_Y-1_U78,FXX,1,0.0,0,0,0.0,0,0,0,-9999.0,0.75,1,P6_CV0,1,1,1,0,2
6,0.07473009358642439,0.9972037971811801,R6_F6_m6f7_P6_Y0_UO729,R6_F6_m-1f-1_P6_Y-1_U55,R7_F7_m-1f-1_P7_Y-1_U78,FXX,1,0.0,0,0,0.0,0,0,0,-9999.0,0.75,1,P6_CV0,1,2,0,0,2
6,0.07473009358642439,0.9972037971811801,R6_F6_m6f7_P6_Y0_UO854,R6_F6_m-1f-1_P6_Y-1_U46,R7_F7_m-1f-1_P7_Y-1_U64,FXX,1,0.0,0,0,0.0,0,0,0,-9999.0,0.25,1,P6_CV0,1,1,1,1,1
6,0.07473009358642439,0.9972037971811801,R6_F6_m6f7_P6_Y0_UO856,R6_F6_m-1f-1_P6_Y-1_U46,R7_F7_m-1f-1_P7_Y-1_U64,MXY,1,0.0,0,0,0.0,0,0,0,-9999.0,0.25,1,P6_CV0,1,0,2,0,2
6,0.07473009358642439,0.9972037971811801,R6_F6_m6f7_P6_Y0_UO858,R6_F6_m-1f-1_P6_Y-1_U46,R7_F7_m-1f-1_P7_Y-1_U64,MXY,1,0.0,0,0,0.0,0,0,0,-9999.0,0.25,1,P6_CV0,1,1,1,1,1
6,0.07473009358642439,0.9972037971811801,R6_F6_m6f7_P6_Y0_UO994,R6_F6_m-1f-1_P6_Y-1_U18,R7_F7_m-1f-1_P7_Y-1_U95,MXY,1,0.0,0,0,0.0,0,0,0,-9999.0,0.5,1,P6_CV0,1,1,1,1,1
6,0.07473009358642439,0.9972037971811801,R6_F6_m6f7_P6_Y0_UO995,R6_F6_m-1f-1_P6_Y-1_U18,R7_F7_m-1f-1_P7_Y-1_U95,FXX,1,0.0,0,0,0.0,0,0,0,-9999.0,0.5,1,P6_CV0,1,1,1,1,1
6,0.07473009358642439,0.9972037971811801,R6_F6_m6f7_P6_Y0_UO1062,R6_F6_m-1f-1_P6_Y-1_U4,R7_F7_m-1f-1_P7_Y-1_U56,MXY,1,0.0,0,0,0.0,0,0,0,-9999.0,0.25,1,P6_CV0,1,0,2,2,0
6,0.07473009358642439,0.9972037971811801,R6_F6_m6f7_P6_Y0_UO1064,R6_F6_m-1f-1_P6_Y-1_U4,R7_F7_m-1f-1_P7_Y-1_U56,MXY,1,0.0,0,0,0.0,0,0,0,-9999.0,0.25,1,P6_CV0,1,1,1,2,0
6,0.07473009358642439,0.9972037971811801,R6_F6_m6f7_P6_Y0_UO1065,R6_F6_m-1f-1_P6_Y-1_U4,R7_F7_m-1f-1_P7_Y-1_U56,FXX,1,0.0,0,0,0.0,0,0,0,-9999.0,0.25,1,P6_CV0,1,0,2,1,1
6,0.07473009358642439,0.9972037971811801,R6_F6_m6f7_P6_Y0_UO1066,R6_F6_m-1f-1_P6_Y-1_U4,R7_F7_m-1f-1_P7_Y-1_U56,MXY,1,0.0,0,0,0.0,0,0,0,-9999.0,0.25,1,P6_CV0,1,1,1,1,1
6,0.07473009358642439,0.9972037971811801,R6_F6_m6f7_P6_Y0_UO1067,R6_F6_m-1f-1_P6_Y-1_U4,R7_F7_m-1f-1_P7_Y-1_U56,MXY,1,0.0,0,0,0.0,0,0,0,-9999.0,0.25,1,P6_CV0,1,1,1,2,0
6,0.07473009358642439,0.9972037971811801,R6_F6_m6f7_P6_Y0_UO1249,R6_F6_m-1f-1_P6_Y-1_U24,R7_F7_m-1f-1_P7_Y-1_U95,MXY,1,0.0,0,0,0.0,0,0,0,-9999.0,0.25,1,P6_CV0,1,0,2,2,0
6,0.07473009358642439,0.9972037971811801,R6_F6_m6f7_P6_Y0_UO1250,R6_F6_m-1f-1_P6_Y-1_U24,R7_F7_m-1f-1_P7_Y-1_U95,FXX,1,0.0,0,0,0.0,0,0,0,-9999.0,0.25,1,P6_CV0,1,1,1,2,0
6,0.07473009358642439,0.9972037971811801,R6_F6_m6f7_P6_Y0_UO1252,R6_F6_m-1f-1_P6_Y-1_U24,R7_F7_m-1f-1_P7_Y-1_U95,FXX,1,0.0,0,0,0.0,0,0,0,-9999.0,0.25,1,P6_CV0,1,0,2,2,0
6,0.07473009358642439,0.9972037971811801,R6_F6_m6f7_P6_Y0_UO1253,R6_F6_m-1f-1_P6_Y-1_U24,R7_F7_m-1f-1_P7_Y-1_U95,FXX,1,0.0,0,0,0.0,0,0,0,-9999.0,0.25,1,P6_CV0,1,0,2,2,0
6,0.07473009358642439,0.9972037971811801,R6_F6_m6f7_P6_Y0_UO1255,R6_F6_m-1f-1_P6_Y-1_U24,R7_F7_m-1f-1_P7_Y-1_U95,MXY,1,0.0,0,0,0.0,0,0,0,-9999.0,0.25,1,P6_CV0,1,0,2,1,1
6,0.07473009358642439,0.9972037971811801,R6_F6_m6f7_P6_Y0_UO1256,R6_F6_m-1f-1_P6_Y-1_U24,R7_F7_m-1f-1_P7_Y-1_U95,FXX,1,0.0,0,0,0.0,0,0,0,-9999.0,0.25,1,P6_CV0,1,0,2,1,1
6,0.07473009358642439,0.9972037971811801,RD6_F7_m7f6_P7_Y0_UO29,R7_F7_m-1f-1_P7_Y-1_U31,R6_F6_m-1f-1_P6_Y-1_U38,FXX,1,0.0,0,0,0.0,0,0,0,-9999.0,0.25,1,P6_CV0,1,1,1,0,2
6,0.07473009358642439,0.9972037971811801,RD6_F7_m7f6_P7_Y0_UO1124,R7_F7_m-1f-1_P7_Y-1_U43,R6_F6_m-1f-1_P6_Y-1_U62,FXX,1,0.0,0,0,0.0,0,0,0,-9999.0,0.25,1,P6_CV0,1,1,1,2,0
7,-0.22252093395631434,0.9749279121818236,RD7_F6_m6f5_P6_Y0_UO1167,R6_F6_m-1f-1_P6_Y-1_U18,R5_F5_m-1f-1_P5_Y-1_U71,FXX,1,0.0,0,0,0.0,0,0,0,-9999.0,0.5,1,P4_CV0,1,1,1,1,1
7,-0.22252093395631434,0.9749279121818236,RD7_F6_m6f5_P6_Y0_UO453,R6_F6_m-1f-1_P6_Y-1_U55,R5_F5_m-1f-1_P5_Y-1_U63,MXY,1,0.0,0,0,0.0,0,0,0,-9999.0,0.75,1,P4_CV0,1,2,0,1,1
7,-0.22252093395631434,0.9749279121818236,RD7_F6_m6f5_P6_Y0_UO87,R6_F6_m-1f-1_P6_Y-1_U46,R5_F5_m-1f-1_P5_Y-1_U43,MXY,1,0.0,0,0,0.0,0,0,0,-9999.0,0.25,1,P4_CV0,1,0,2,1,1
7,-0.22252093395631434,0.9749279121818236,R7_F7_m7f6_P7_Y0_UO1121,R7_F7_m-1f-1_P7_Y-1_U43,R6_F6_m-1f-1_P6_Y-1_U62,MXY,1,0.0,0,0,0.0,0,0,0,-9999.0,0.25,1,P5_CV0,1,1,1,2,0
7,-0.22252093395631434,0.9749279121818236,R7_F7_m7f6_P7_Y0_UO1058,R7_F7_m-1f-1_P7_Y-1_U67,R6_F6_m-1f-1_P6_Y-1_U1,MXY,1,0.0,0,0,0.0,0,0,0,-9999.0,0.75,1,P5_CV0,1,2,0,1,1
7,-0.22252093395631434,0.9749279121818236,R7_F7_m7f6_P7_Y0_UO1053,R7_F7_m-1f-1_P7_Y-1_U43,R6_F6_m-1f-1_P6_Y-1_U35,MXY,1,0.0,0,0,0.0,0,0,0,-9999.0,0.5,1,P5_CV0,1,1,1,1,1
7,-0.22252093395631434,0.9749279121818236,R7_F7_m7f6_P7_Y0_UO1297,R7_F7_m-1f-1_P7_Y-1_U60,R6_F6_m-1f-1_P6_Y-1_U47,MXY,1,0.0,0,0,0.0,0,0,0,-9999.0,0.5,1,P5_CV0,1,2,0,1,1
7,-0.22252093395631434,0.9749279121818236,R7_F7_m7f6_P7_Y0_UO803,R7_F7_m-1f-1_P7_Y-1_U43,R6_F6_m-1f-1_P6_Y-1_U35,FXX,1,0.0,0,0,0.0,0,0,0,-9999.0,0.5,1,P5_CV0,1,0,2,2,0
7,-0.22252093395631434,0.9749279121818236,R7_F7_m7f6_P7_Y0_UO1355,R7_F7_m-1f-1_P7_Y-1_U38,R6_F6_m-1f-1_P6_Y-1_U69,MXY,1,0.0,0,0,0.0,0,0,0,-9999.0,0.25,1,P5_CV0,1,0,2,0,2
7,-0.22252093395631434,0.9749279121818236,R7_F7_m7f6_P7_Y0_UO25,R7_F7_m-1f-1_P7_Y-1_U31,R6_F6_m-1f-1_P6_Y-1_U38,FXX,1,0.0,0,0,0.0,0,0,0,-9999.0,0.25,1,P5_CV0,1,0,2,0,2
7,-0.22252093395631434,0.9749279121818236,RD7_F6_m6f5_P6_Y0_UO1169,R6_F6_m-1f-1_P6_Y-1_U18,R5_F5_m-1f-1_P5_Y-1_U71,FXX,1,0.0,0,0,0.0,0,0,0,-9999.0,0.5,1,P5_CV0,1,1,1,2,0
7,-0.22252093395631434,0.9749279121818236,R7_F7_m7f6_P7_Y0_UO886,R7_F7_m-1f-1_P7_Y-1_U32,R6_F6_m-1f-1_P6_Y-1_U32,MXY,1,0.0,0,0,0.0,0,0,0,-9999.0,0.5,1,P5_CV0,1,2,0,1,1
7,-0.22252093395631434,0.9749279121818236,R7_F7_m7f6_P7_Y0_UO1120,R7_F7_m-1f-1_P7_Y-1_U43,R6_F6_m-1f-1_P6_Y-1_U62,MXY,1,0.0,0,0,0.0,0,0,0,-9999.0,0.25,1,P5_CV0,1,1,1,2,0
7,-0.22252093395631434,0.9749279121818236,R7_F7_m7f6_P7_Y0_UO1294,R7_F7_m-1f-1_P7_Y-1_U60,R6_F6_m-1f-1_P6_Y-1_U47,FXX,1,0.0,0,0,0.0,0,0,0,-9999.0,0.5,1,P5_CV0,1,2,0,1,1
7,-0.22252093395631434,0.9749279121818236,R7_F7_m7f6_P7_Y0_UO410,R7_F7_m-1f-1_P7_Y-1_U43,R6_F6_m-1f-1_P6_Y-1_U30,MXY,1,0.0,0,0,0.0,0,0,0,-9999.0,0.5,1,P5_CV0,1,1,1,1,1
7,-0.22252093395631434,0.9749279121818236,R7_F7_m7f6_P7_Y0_UO1054,R7_F7_m-1f-1_P7_Y-1_U43,R6_F6_m-1f-1_P6_Y-1_U35,FXX,1,0.0,0,0,0.0,0,0,0,-9999.0,0.5,1,P5_CV0,1,1,1,2,0
7,-0.22252093395631434,0.9749279121818236,R7_F7_m7f6_P7_Y0_UO1122,R7_F7_m-1f-1_P7_Y-1_U43,R6_F6_m-1f-1_P6_Y-1_U62,FXX,1,0.0,0,0,0.0,0,0,0,-9999.0,0.25,1,P5_CV0,1,1,1,2,0
7,-0.22252093395631434,0.9749279121818236,RD7_F6_m6f7_P6_Y0_UO1063,R6_F6_m-1f-1_P6_Y-1_U4,R7_F7_m-1f-1_P7_Y-1_U56,MXY,1,0.0,0,0,0.0,0,0,0,-9999.0,0.25,1,P5_CV0,1,1,1,1,1
7,-0.22252093395631434,0.9749279121818236,R7_F7_m7f6_P7_Y0_UO1060,R7_F7_m-1f-1_P7_Y-1_U67,R6_F6_m-1f-1_P6_Y-1_U1,FXX,1,0.0,0,0,0.0,0,0,0,-9999.0,0.75,1,P5_CV0,1,2,0,1,1
7,-0.22252093395631434,0.9749279121818236,R7_F7_m7f6_P7_Y0_UO28,R7_F7_m-1f-1_P7_Y-1_U31,R6_F6_m-1f-1_P6_Y-1_U38,MXY,1,0.0,0,0,0.0,0,0,0,-9999.0,0.25,1,P5_CV0,1,0,2,0,2
7,-0.22252093395631434,0.9749279121818236,R7_F7_m7f6_P7_Y0_UO1356,R7_F7_m-1f-1_P7_Y-1_U38,R6_F6_m-1f-1_P6_Y-1_U69,FXX,1,0.0,0,0,0.0,0,0,0,-9999.0,0.25,1,P5_CV0,1,0,2,0,2
7,-0.22252093395631434,0.9749279121818236,R7_F7_m7f6_P7_Y0_UO1033,R7_F7_m-1f-1_P7_Y-1_U15,R6_F6_m-1f-1_P6_Y-1_U64,MXY,1,0.0,0,0,0.0,0,0,0,-9999.0,0.5,1,P5_CV0,1,1,1,1,1
7,-0.22252093395631434,0.9749279121818236,R7_F7_m7f6_P7_Y0_UO1056,R7_F7_m-1f-1_P7_Y-1_U67,R6_F6_m-1f-1_P6_Y-1_U1,FXX,1,0.0,0,0,0.0,0,0,0,-9999.0,0.75,1,P5_CV0,1,2,0,2,0
7,-0.22252093395631434,0.9749279121818236,R7_F7_m7f6_P7_Y0_UO414,R7_F7_m-1f-1_P7_Y-1_U43,R6_F6_m-1f-1_P6_Y-1_U30,FXX,1,0.0,0,0,0.0,0,0,0,-9999.0,0.5,1,P5_CV0,1,1,1,1,1
7,-0.22252093395631434,0.9749279121818236,RD7_F6_m-1f-1_P6_Y-1_U33,-9999,-9999,MXY,2,0.0,1,0,0.0,0,0,0,-9999.0,0.5,1,P5_CV0,1,1,1,0,2
7,-0.22252093395631434,0.9749279121818236,R7_F7_m7f6_P7_Y0_UO1292,R7_F7_m-1f-1_P7_Y-1_U60,R6_F6_m-1f-1_P6_Y-1_U47,MXY,1,0.0,0,0,0.0,0,0,0,-9999.0,0.5,1,P6_CV0,1,0,2,1,1
7,-0.22252093395631434,0.9749279121818236,R7_F7_m7f6_P7_Y0_UO1055,R7_F7_m-1f-1_P7_Y-1_U67,R6_F6_m-1f-1_P6_Y-1_U1,FXX,1,0.0,0,0,0.0,0,0,0,-9999.0,0.75,1,P6_CV0,1,1,1,1,1
7,-0.22252093395631434,0.9749279121818236,R7_F7_m7f6_P7_Y0_UO292,R7_F7_m-1f-1_P7_Y-1_U15,R6_F6_m-1f-1_P6_Y-1_U69,MXY,1,0.0,0,0,0.0,0,0,0,-9999.0,0.25,1,P6_CV0,1,1,1,0,2
7,-0.22252093395631434,0.9749279121818236,R7_F7_m7f6_P7_Y0_UO804,R7_F7_m-1f-1_P7_Y-1_U43,R6_F6_m-1f-1_P6_Y-1_U35,FXX,1,0.0,0,0,0.0,0,0,0,-9999.0,0.5,1,P6_CV0,1,2,0,2,0
7,-0.22252093395631434,0.9749279121818236,R7_F7_m7f6_P7_Y0_UO806,R7_F7_m-1f-1_P7_Y-1_U43,R6_F6_m-1f-1_P6_Y-1_U35,MXY,1,0.0,0,0,0.0,0,0,0,-9999.0,0.5,1,P6_CV0,1,2,0,2,0
7,-0.22252093395631434,0.9749279121818236,R7_F7_m7f6_P7_Y0_UO289,R7_F7_m-1f-1_P7_Y-1_U15,R6_F6_m-1f-1_P6_Y-1_U69,MXY,1,0.0,0,0,0.0,0,0,0,-9999.0,0.25,1,P6_CV0,1,0,2,0,2
7,-0.22252093395631434,0.9749279121818236,R7_F7_m7f6_P7_Y0_UO1052,R7_F7_m-1f-1_P7_Y-1_U43,R6_F6_m-1f-1_P6_Y-1_U35,FXX,1,0.0,0,0,0.0,0,0,0,-9999.0,0.5,1,P6_CV0,1,1,1,2,0
7,-0.22252093395631434,0.9749279121818236,R7_F7_m7f6_P7_Y0_UO411,R7_F7_m-1f-1_P7_Y-1_U43,R6_F6_m-1f-1_P6_Y-1_U30,FXX,1,0.0,0,0,0.0,0,0,0,-9999.0,0.5,1,P6_CV0,1,1,1,1,1
7,-0.22252093395631434,0.9749279121818236,R7_F7_m7f6_P7_Y0_UO27,R7_F7_m-1f-1_P7_Y-1_U31,R6_F6_m-1f-1_P6_Y-1_U38,MXY,1,0.0,0,0,0.0,0,0,0,-9999.0,0.25,1,P6_CV0,1,0,2,0,2
7,-0.22252093395631434,0.9749279121818236,R7_F7_m7f6_P7_Y0_UO1293,R7_F7_m-1f-1_P7_Y-1_U60,R6_F6_m-1f-1_P6_Y-1_U47,MXY,1,0.0,0,0,0.0,0,0,0,-9999.0,0.5,1,P6_CV0,1,0,2,1,1
7,-0.22252093395631434,0.9749279121818236,R7_F7_m7f8_P7_Y0_UO644,R7_F7_m-1f-1_P7_Y-1_U10,R8_F8_m-1f-1_P8_Y-1_U34,MXY,1,0.0,0,0,0.0,0,0,0,-9999.0,0.75,1,P6_CV0,1,2,0,1,1
7,-0.22252093395631434,0.9749279121818236,R7_F7_m7f6_P7_Y0_UO1059,R7_F7_m-1f-1_P7_Y-1_U67,R6_F6_m-1f-1_P6_Y-1_U1,FXX,1,0.0,0,0,0.0,0,0,0,-9999.0,0.75,1,P6_CV0,1,2,0,0,2
7,-0.22252093395631434,0.9749279121818236,R7_F7_m7f6_P7_Y0_UO288,R7_F7_m-1f-1_P7_Y-1_U15,R6_F6_m-1f-1_P6_Y-1_U69,FXX,1,0.0,0,0,0.0,0,0,0,-9999.0,0.25,1,P6_CV0,1,0,2,0,2
7,-0.22252093395631434,0.9749279121818236,R7_F7_m7f8_P7_Y0_UO1132,R7_F7_m-1f-1_P7_Y-1_U60,R8_F8_m-1f-1_P8_Y-1_U73,FXX,1,0.0,0,0,0.0,0,0,0,-9999.0,0.25,1,P6_CV0,1,0,2,1,1
7,-0.22252093395631434,0.9749279121818236,R7_F7_m7f6_P7_Y0_UO1296,R7_F7_m-1f-1_P7_Y-1_U60,R6_F6_m-1f-1_P6_Y-1_U47,MXY,1,0.0,0,0,0.0,0,0,0,-9999.0,0.5,1,P6_CV0,1,0,2,1,1
7,-0.22252093395631434,0.9749279121818236,R7_F7_m7f8_P7_Y0_UO1267,R7_F7_m-1f-1_P7_Y-1_U79,R8_F8_m-1f-1_P8_Y-1_U73,MXY,1,0.0,0,0,0.0,0,0,0,-9999.0,0.5,1,P6_CV0,1,1,1,0,2
7,-0.22252093395631434,0.9749279121818236,R7_F7_m7f6_P7_Y0_UO805,R7_F7_m-1f-1_P7_Y-1_U43,R6_F6_m-1f-1_P6_Y-1_U35,FXX,1,0.0,0,0,0.0,0,0,0,-9999.0,0.5,1,P6_CV0,1,1,1,2,0
7,-0.22252093395631434,0.9749279121818236,R7_F7_m7f8_P7_Y0_UO1135,R7_F7_m-1f-1_P7_Y-1_U60,R8_F8_m-1f-1_P8_Y-1_U73,MXY,1,0.0,0,0,0.0,0,0,0,-9999.0,0.25,1,P6_CV0,1,0,2,1,1
7,-0.22252093395631434,0.9749279121818236,R7_F7_m7f6_P7_Y0_UO1295,R7_F7_m-1f-1_P7_Y-1_U60,R6_F6_m-1f-1_P6_Y-1_U47,MXY,1,0.0,0,0,0.0,0,0,0,-9999.0,0.5,1,P6_CV0,1,1,1,2,0
7,-0.22252093395631434,0.9749279121818236,R7_F7_m7f8_P7_Y0_UO1266,R7_F7_m-1f-1_P7_Y-1_U79,R8_F8_m-1f-1_P8_Y-1_U73,MXY,1,0.0,0,0,0.0,0,0,0,-9999.0,0.5,1,P6_CV0,1,1,1,1,1
7,-0.22252093395631434,0.9749279121818236,R7_F7_m7f6_P7_Y0_UO413,R7_F7_m-1f-1_P7_Y-1_U43,R6_F6_m-1f-1_P6_Y-1_U30,MXY,1,0.0,0,0,0.0,0,0,0,-9999.0,0.5,1,P6_CV0,1,2,0,1,1
7,-0.22252093395631434,0.9749279121818236,R7_F7_m7f6_P7_Y0_UO1123,R7_F7_m-1f-1_P7_Y-1_U43,R6_F6_m-1f-1_P6_Y-1_U62,MXY,1,0.0,0,0,0.0,0,0,0,-9999.0,0.25,1,P6_CV0,1,0,2,2,0
7,-0.22252093395631434,0.9749279121818236,R7_F7_m7f8_P7_Y0_UO645,R7_F7_m-1f-1_P7_Y-1_U10,R8_F8_m-1f-1_P8_Y-1_U34,MXY,1,0.0,0,0,0.0,0,0,0,-9999.0,0.75,1,P6_CV0,1,2,0,2,0
7,-0.22252093395631434,0.9749279121818236,R7_F7_m7f6_P7_Y0_UO1119,R7_F7_m-1f-1_P7_Y-1_U43,R6_F6_m-1f-1_P6_Y-1_U62,MXY,1,0.0,0,0,0.0,0,0,0,-9999.0,0.25,1,P6_CV0,1,0,2,2,0
7,-0.22252093395631434,0.9749279121818236,R7_F7_m7f6_P7_Y0_UO1034,R7_F7_m-1f-1_P7_Y-1_U15,R6_F6_m-1f-1_P6_Y-1_U64,MXY,1,0.0,0,0,0.0,0,0,0,-9999.0,0.5,1,P6_CV0,1,1,1,0,2
7,-0.22252093395631434,0.9749279121818236,R7_F7_m7f6_P7_Y0_UO1057,R7_F7_m-1f-1_P7_Y-1_U67,R6_F6_m-1f-1_P6_Y-1_U1,FXX,1,0.0,0,0,0.0,0,0,0,-9999.0,0.75,1,P6_CV0,1,1,1,1,1
7,-0.22252093395631434,0.9749279121818236,R7_F7_m7f6_P7_Y0_UO291,R7_F7_m-1f-1_P7_Y-1_U15,R6_F6_m-1f-1_P6_Y-1_U69,FXX,1,0.0,0,0,0.0,0,0,0,-9999.0,0.25,1,P6_CV0,1,1,1,0,2
7,-0.22252093395631434,0.9749279121818236,R7_F7_m-1f-1_P7_Y-1_U53,-9999,-9999,FXX,2,0.0,1,0,1.0,0,0,0,-9999.0,0.5,1,P6_CV0,1,1,1,1,1
7,-0.22252093395631434,0.9749279121818236,R7_F7_m-1f-1_P7_Y-1_U76,-9999,-9999,MXY,2,0.0,1,0,0.0,0,0,0,-9999.0,0.5,1,P6_CV0,1,1,1,0,2
7,-0.22252093395631434,0.9749279121818236,R7_F7_m-1f-1_P7_Y-1_U4,-9999,-9999,MXY,2,0.0,1,0,0.0,0,0,0,-9999.0,0.5,1,P6_CV0,1,1,1,2,0
7,-0.22252093395631434,0.9749279121818236,R7_F7_m-1f-1_P7_Y-1_U82,-9999,-9999,FXX,2,0.0,1,0,1.0,0,0,0,-9999.0,0.5,1,P6_CV0,1,1,1,1,1
7,-0.22252093395631434,0.9749279121818236,R7_F7_m-1f-1_P7_Y-1_U29,-9999,-9999,MXY,2,0.0,1,0,0.0,0,0,0,-9999.0,0.0,1,P6_CV0,1,0,2,1,1
7,-0.22252093395631434,0.9749279121818236,R7_F7_m-1f-1_P7_Y-1_U16,-9999,-9999,MXY,2,0.0,1,0,0.0,0,0,0,-9999.0,0.5,1,P6_CV0,1,1,1,1,1
7,-0.22252093395631434,0.9749279121818236,R7_F7_m-1f-1_P7_Y-1_U80,-9999,-9999,MXY,2,0.0,1,0,0.0,0,0,0,-9999.0,0.5,1,P6_CV0,1,1,1,1,1
7,-0.22252093395631434,0.9749279121818236,R7_F7_m-1f-1_P7_Y-1_U19,-9999,-9999,FXX,2,0.0,1,0,1.0,0,0,0,-9999.0,0.5,1,P6_CV0,1,1,1,2,0
7,-0.22252093395631434,0.9749279121818236,R7_F7_m-1f-1_P7_Y-1_U18,-9999,-9999,FXX,2,0.0,1,0,1.0,0,0,0,-9999.0,0.5,1,P6_CV0,1,1,1,0,2
7,-0.22252093395631434,0.9749279121818236,R7_F7_m-1f-1_P7_Y-1_U51,-9999,-9999,FXX,2,0.0,1,0,1.0,0,0,0,-9999.0,0.5,1,P6_CV0,1,1,1,1,1
7,-0.22252093395631434,0.9749279121818236,R7_F7_m-1f-1_P7_Y-1_U58,-9999,-9999,MXY,2,0.0,1,0,0.0,0,0,0,-9999.0,1.0,1,P6_CV0,1,2,0,0,2
7,-0.22252093395631434,0.9749279121818236,R7_F7_m-1f-1_P7_Y-1_U8,-9999,-9999,FXX,2,0.0,1,0,1.0,0,0,0,-9999.0,0.5,1,P6_CV0,1,1,1,1,1
7,-0.22252093395631434,0.9749279121818236,R7_F7_m-1f-1_P7_Y-1_U1,-9999,-9999,FXX,2,0.0,1,0,1.0,0,0,0,-9999.0,0.0,1,P6_CV0,1,0,2,2,0
7,-0.22252093395631434,0.9749279121818236,R7_F7_m-1f-1_P7_Y-1_U23,-9999,-9999,FXX,2,0.0,1,0,1.0,0,0,0,-9999.0,0.0,1,P6_CV0,1,0,2,0,2
7,-0.22252093395631434,0.9749279121818236,R7_F7_m-1f-1_P7_Y-1_U28,-9999,-9999,FXX,2,0.0,1,0,1.0,0,0,0,-9999.0,0.5,1,P6_CV0,1,1,1,1,1
7,-0.22252093395631434,0.9749279121818236,R7_F7_m-1f-1_P7_Y-1_U65,-9999,-9999,MXY,2,0.0,1,0,0.0,0,0,0,-9999.0,0.5,1,P6_CV0,1,1,1,1,1
7,-0.22252093395631434,0.9749279121818236,R7_F7_m-1f-1_P7_Y-1_U89,-9999,-9999,MXY,2,0.0,1,0,0.0,0,0,0,-9999.0,0.0,1,P6_CV0,1,0,2,1,1
7,-0.22252093395631434,0.9749279121818236,R7_F7_m-1f-1_P7_Y-1_U5,-9999,-9999,FXX,2,0.0,1,0,1.0,0,0,0,-9999.0,0.5,1,P6_CV0,1,1,1,2,0
7,-0.22252093395631434,0.9749279121818236,R7_F7_m-1f-1_P7_Y-1_U81,-9999,-9999,MXY,3,0.0,1,0,0.0,0,0,0,-9999.0,1.0,1,P6_CV0,1,2,0,1,1
7,-0.22252093395631434,0.9749279121818236,R7_F7_m-1f-1_P7_Y-1_U96,-9999,-9999,FXX,3,0.0,1,0,1.0,0,0,0,-9999.0,0.0,1,P6_CV0,1,0,2,1,1
7,-0.22252093395631434,0.9749279121818236,R7_F7_m-1f-1_P7_Y-1_U20,-9999,-9999,FXX,4,0.0,1,0,1.0,0,0,0,-9999.0,0.5,1,P6_CV0,1,1,1,0,2
7,-0.22252093395631434,0.9749279121818236,R7_F7_m-1f-1_P7_Y-1_U34,-9999,-9999,MXY,4,0.0,1,0,0.0,0,0,0,-9999.0,0.5,1,P6_CV0,1,1,1,2,0
7,-0.22252093395631434,0.9749279121818236,R7_F7_m7f8_P7_Y0_UO643,R7_F7_m-1f-1_P7_Y-1_U10,R8_F8_m-1f-1_P8_Y-1_U34,MXY,1,0.0,0,0,0.0,0,0,0,-9999.0,0.75,1,P7_CV0,1,2,0,2,0
7,-0.22252093395631434,0.9749279121818236,R7_F7_m7f8_P7_Y0_UO548,R7_F7_m-1f-1_P7_Y-1_U41,R8_F8_m-1f-1_P8_Y-1_U73,MXY,1,0.0,0,0,0.0,0,0,0,-9999.0,0.25,1,P7_CV0,1,1,1,1,1
7,-0.22252093395631434,0.9749279121818236,R7_F7_m7f8_P7_Y0_UO1134,R7_F7_m-1f-1_P7_Y-1_U60,R8_F8_m-1f-1_P8_Y-1_U73,MXY,1,0.0,0,0,0.0,0,0,0,-9999.0,0.25,1,P7_CV0,1,0,2,1,1
7,-0.22252093395631434,0.9749279121818236,R7_F7_m7f8_P7_Y0_UO550,R7_F7_m-1f-1_P7_Y-1_U41,R8_F8_m-1f-1_P8_Y-1_U73,FXX,1,0.0,0,0,0.0,0,0,0,-9999.0,0.25,1,P7_CV0,1,0,2,1,1
7,-0.22252093395631434,0.9749279121818236,RD7_F8_m8f9_P8_Y0_UO979,R8_F8_m-1f-1_P8_Y-1_U64,R9_F9_m-1f-1_P9_Y-1_U42,MXY,1,0.0,0,0,0.0,0,0,0,-9999.0,0.25,1,P7_CV0,1,1,1,0,2
7,-0.22252093395631434,0.9749279121818236,R7_F7_m7f8_P7_Y0_UO641,R7_F7_m-1f-1_P7_Y-1_U10,R8_F8_m-1f-1_P8_Y-1_U34,MXY,1,0.0,0,0,0.0,0,0,0,-9999.0,0.75,1,P7_CV0,1,1,1,2,0
7,-0.22252093395631434,0.9749279121818236,R7_F7_m7f8_P7_Y0_UO1133,R7_F7_m-1f-1_P7_Y-1_U60,R8_F8_m-1f-1_P8_Y-1_U73,MXY,1,0.0,0,0,0.0,0,0,0,-9999.0,0.25,1,P7_CV0,1,1,1,1,1
7,-0.22252093395631434,0.9749279121818236,R7_F7_m7f8_P7_Y0_UO1264,R7_F7_m-1f-1_P7_Y-1_U79,R8_F8_m-1f-1_P8_Y-1_U73,FXX,1,0.0,0,0,0.0,0,0,0,-9999.0,0.5,1,P7_CV0,1,1,1,0,2
7,-0.22252093395631434,0.9749279121818236,R7_F7_m7f8_P7_Y0_UO1136,R7_F7_m-1f-1_P7_Y-1_U60,R8_F8_m-1f-1_P8_Y-1_U73,FXX,1,0.0,0,0,0.0,0,0,0,-9999.0,0.25,1,P7_CV0,1,0,2,1,1
7,-0.22252093395631434,0.9749279121818236,R7_F7_m7f8_P7_Y0_UO549,R7_F7_m-1f-1_P7_Y-1_U41,R8_F8_m-1f-1_P8_Y-1_U73,FXX,1,0.0,0,0,0.0,0,0,0,-9999.0,0.25,1,P7_CV0,1,0,2,1,1
7,-0.22252093395631434,0.9749279121818236,R7_F7_m7f8_P7_Y0_UO1265,R7_F7_m-1f-1_P7_Y-1_U79,R8_F8_m-1f-1_P8_Y-1_U73,MXY,1,0.0,0,0,0.0,0,0,0,-9999.0,0.5,1,P7_CV0,1,1,1,0,2
7,-0.22252093395631434,0.9749279121818236,R7_F7_m7f8_P7_Y0_UO642,R7_F7_m-1f-1_P7_Y-1_U10,R8_F8_m-1f-1_P8_Y-1_U34,MXY,1,0.0,0,0,0.0,0,0,0,-9999.0,0.75,1,P7_CV0,1,1,1,1,1
7,-0.22252093395631434,0.9749279121818236,RD7_F8_m-1f-1_P8_Y-1_U30,-9999,-9999,FXX,3,0.0,1,0,1.0,0,0,0,-9999.0,0.5,1,P7_CV0,1,1,1,1,1
8,-0.4999999999999998,0.8660254037844387,RD8_F7_m7f6_P7_Y0_UO887,R7_F7_m-1f-1_P7_Y-1_U32,R6_F6_m-1f-1_P6_Y-1_U32,FXX,1,0.0,0,0,0.0,0,0,0,-9999.0,0.5,1,P5_CV0,1,1,1,1,1
8,-0.4999999999999998,0.8660254037844387,R8_F8_m8f7_P8_Y0_UO522,R8_F8_m-1f-1_P8_Y-1_U39,R7_F7_m-1f-1_P7_Y-1_U57,FXX,1,0.0,0,0,0.0,0,0,0,-9999.0,0.75,1,P6_CV0,1,2,0,0,2
8,-0.4999999999999998,0.8660254037844387,R8_F8_m8f7_P8_Y0_UO520,R8_F8_m-1f-1_P8_Y-1_U39,R7_F7_m-1f-1_P7_Y-1_U57,MXY,1,0.0,0,0,0.0,0,0,0,-9999.0,0.75,1,P6_CV0,1,2,0,0,2
8,-0.4999999999999998,0.8660254037844387,R8_F8_m8f7_P8_Y0_UO1029,R8_F8_m-1f-1_P8_Y-1_U58,R7_F7_m-1f-1_P7_Y-1_U35,MXY,1,0.0,0,0,0.0,0,0,0,-9999.0,1.0,1,P6_CV0,1,2,0,1,1
8,-0.4999999999999998,0.8660254037844387,R8_F8_m8f7_P8_Y0_UO1031,R8_F8_m-1f-1_P8_Y-1_U58,R7_F7_m-1f-1_P7_Y-1_U35,MXY,1,0.0,0,0,0.0,0,0,0,-9999.0,1.0,1,P6_CV0,1,2,0,1,1
8,-0.4999999999999998,0.8660254037844387,RD8_F7_m7f8_P7_Y0_UO646,R7_F7_m-1f-1_P7_Y-1_U10,R8_F8_m-1f-1_P8_Y-1_U34,MXY,1,0.0,0,0,0.0,0,0,0,-9999.0,0.75,1,P6_CV0,1,2,0,1,1
8,-0.4999999999999998,0.8660254037844387,R8_F8_m8f7_P8_Y0_UO524,R8_F8_m-1f-1_P8_Y-1_U39,R7_F7_m-1f-1_P7_Y-1_U57,FXX,1,0.0,0,0,0.0,0,0,0,-9999.0,0.75,1,P6_CV0,1,2,0,0,2
8,-0.4999999999999998,0.8660254037844387,RD8_F7_m-1f-1_P7_Y-1_U27,-9999,-9999,FXX,3,0.0,1,0,1.0,0,0,0,-9999.0,0.5,1,P6_CV0,1,1,1,2,0
8,-0.4999999999999998,0.8660254037844387,RD8_F7_m-1f-1_P7_Y-1_U71,-9999,-9999,FXX,3,0.0,1,0,1.0,0,0,0,-9999.0,0.5,1,P6_CV0,1,1,1,1,1
8,-0.4999999999999998,0.8660254037844387,R8_F8_m8f9_P8_Y0_UO570,R8_F8_m-1f-1_P8_Y-1_U83,R9_F9_m-1f-1_P9_Y-1_U96,MXY,1,0.0,0,0,0.0,0,0,0,-9999.0,0.25,1,P7_CV0,1,0,2,2,0
8,-0.4999999999999998,0.8660254037844387,R8_F8_m8f9_P8_Y0_UO120,R8_F8_m-1f-1_P8_Y-1_U58,R9_F9_m-1f-1_P9_Y-1_U41,MXY,1,0.0,0,0,0.0,0,0,0,-9999.0,0.75,1,P7_CV0,1,2,0,1,1
8,-0.4999999999999998,0.8660254037844387,R8_F8_m8f7_P8_Y0_UO1032,R8_F8_m-1f-1_P8_Y-1_U58,R7_F7_m-1f-1_P7_Y-1_U35,MXY,1,0.0,0,0,0.0,0,0,0,-9999.0,1.0,1,P7_CV0,1,2,0,2,0
8,-0.4999999999999998,0.8660254037844387,R8_F8_m8f9_P8_Y0_UO467,R8_F8_m-1f-1_P8_Y-1_U53,R9_F9_m-1f-1_P9_Y-1_U41,FXX,1,0.0,0,0,0.0,0,0,0,-9999.0,0.5,1,P7_CV0,1,1,1,1,1
8,-0.4999999999999998,0.8660254037844387,R8_F8_m8f7_P8_Y0_UO1027,R8_F8_m-1f-1_P8_Y-1_U58,R7_F7_m-1f-1_P7_Y-1_U35,MXY,1,0.0,0,0,0.0,0,0,0,-9999.0,1.0,1,P7_CV0,1,2,0,1,1
8,-0.4999999999999998,0.8660254037844387,R8_F8_m8f9_P8_Y0_UO470,R8_F8_m-1f-1_P8_Y-1_U53,R9_F9_m-1f-1_P9_Y-1_U41,FXX,1,0.0,0,0,0.0,0,0,0,-9999.0,0.5,1,P7_CV0,1,1,1,1,1
8,-0.4999999999999998,0.8660254037844387,R8_F8_m8f9_P8_Y0_UO563,R8_F8_m-1f-1_P8_Y-1_U58,R9_F9_m-1f-1_P9_Y-1_U86,FXX,1,0.0,0,0,0.0,0,0,0,-9999.0,1.0,1,P7_CV0,1,2,0,2,0
8,-0.4999999999999998,0.8660254037844387,R8_F8_m8f7_P8_Y0_UO523,R8_F8_m-1f-1_P8_Y-1_U39,R7_F7_m-1f-1_P7_Y-1_U57,FXX,1,0.0,0,0,0.0,0,0,0,-9999.0,0.75,1,P7_CV0,1,1,1,0,2
8,-0.4999999999999998,0.8660254037844387,R8_F8_m8f9_P8_Y0_UO571,R8_F8_m-1f-1_P8_Y-1_U83,R9_F9_m-1f-1_P9_Y-1_U96,FXX,1,0.0,0,0,0.0,0,0,0,-9999.0,0.25,1,P7_CV0,1,0,2,2,0
8,-0.4999999999999998,0.8660254037844387,R8_F8_m8f9_P8_Y0_UO572,R8_F8_m-1f-1_P8_Y-1_U83,R9_F9_m-1f-1_P9_Y-1_U96,FXX,1,0.0,0,0,0.0,0,0,0,-9999.0,0.25,1,P7_CV0,1,0,2,2,0
8,-0.4999999999999998,0.8660254037844387,R8_F8_m8f9_P8_Y0_UO472,R8_F8_m-1f-1_P8_Y-1_U53,R9_F9_m-1f-1_P9_Y-1_U41,FXX,1,0.0,0,0,0.0,0,0,0,-9999.0,0.5,1,P7_CV0,1,2,0,1,1
8,-0.4999999999999998,0.8660254037844387,R8_F8_m8f9_P8_Y0_UO976,R8_F8_m-1f-1_P8_Y-1_U64,R9_F9_m-1f-1_P9_Y-1_U42,FXX,1,0.0,0,0,0.0,0,0,0,-9999.0,0.25,1,P7_CV0,1,0,2,1,1
8,-0.4999999999999998,0.8660254037844387,R8_F8_m8f7_P8_Y0_UO1030,R8_F8_m-1f-1_P8_Y-1_U58,R7_F7_m-1f-1_P7_Y-1_U35,MXY,1,0.0,0,0,0.0,0,0,0,-9999.0,1.0,1,P7_CV0,1,2,0,2,0
8,-0.4999999999999998,0.8660254037844387,R8_F8_m8f9_P8_Y0_UO123,R8_F8_m-1f-1_P8_Y-1_U58,R9_F9_m-1f-1_P9_Y-1_U41,MXY,1,0.0,0,0,0.0,0,0,0,-9999.0,0.75,1,P7_CV0,1,1,1,1,1
8,-0.4999999999999998,0.8660254037844387,R8_F8_m8f7_P8_Y0_UO519,R8_F8_m-1f-1_P8_Y-1_U39,R7_F7_m-1f-1_P7_Y-1_U57,FXX,1,0.0,0,0,0.0,0,0,0,-9999.0,0.75,1,P7_CV0,1,1,1,0,2
8,-0.4999999999999998,0.8660254037844387,R8_F8_m8f9_P8_Y0_UO473,R8_F8_m-1f-1_P8_Y-1_U53,R9_F9_m-1f-1_P9_Y-1_U41,FXX,1,0.0,0,0,0.0,0,0,0,-9999.0,0.5,1,P7_CV0,1,2,0,1,1
8,-0.4999999999999998,0.8660254037844387,R8_F8_m8f9_P8_Y0_UO121,R8_F8_m-1f-1_P8_Y-1_U58,R9_F9_m-1f-1_P9_Y-1_U41,FXX,1,0.0,0,0,0.0,0,0,0,-9999.0,0.75,1,P7_CV0,1,2,0,1,1
8,-0.4999999999999998,0.8660254037844387,R8_F8_m8f9_P8_Y0_UO1165,R8_F8_m-1f-1_P8_Y-1_U21,R9_F9_m-1f-1_P9_Y-1_U43,MXY,1,0.0,0,0,0.0,0,0,0,-9999.0,0.25,1,P7_CV0,1,1,1,1,1
8,-0.4999999999999998,0.8660254037844387,R8_F8_m8f9_P8_Y0_UO574,R8_F8_m-1f-1_P8_Y-1_U83,R9_F9_m-1f-1_P9_Y-1_U96,FXX,1,0.0,0,0,0.0,0,0,0,-9999.0,0.25,1,P7_CV0,1,1,1,2,0
8,-0.4999999999999998,0.8660254037844387,R8_F8_m8f9_P8_Y0_UO575,R8_F8_m-1f-1_P8_Y-1_U83,R9_F9_m-1f-1_P9_Y-1_U96,MXY,1,0.0,0,0,0.0,0,0,0,-9999.0,0.25,1,P7_CV0,1,1,1,2,0
8,-0.4999999999999998,0.8660254037844387,R8_F8_m8f7_P8_Y0_UO525,R8_F8_m-1f-1_P8_Y-1_U39,R7_F7_m-1f-1_P7_Y-1_U57,FXX,1,0.0,0,0,0.0,0,0,0,-9999.0,0.75,1,P7_CV0,1,2,0,0,2
8,-0.4999999999999998,0.8660254037844387,R8_F8_m8f9_P8_Y0_UO1162,R8_F8_m-1f-1_P8_Y-1_U21,R9_F9_m-1f-1_P9_Y-1_U43,FXX,1,0.0,0,0,0.0,0,0,0,-9999.0,0.25,1,P7_CV0,1,0,2,1,1
8,-0.4999999999999998,0.8660254037844387,R8_F8_m8f9_P8_Y0_UO124,R8_F8_m-1f-1_P8_Y-1_U58,R9_F9_m-1f-1_P9_Y-1_U41,FXX,1,0.0,0,0,0.0,0,0,0,-9999.0,0.75,1,P7_CV0,1,1,1,1,1
8,-0.4999999999999998,0.8660254037844387,R8_F8_m-1f-1_P8_Y-1_U40,-9999,-9999,FXX,2,0.0,1,0,1.0,0,0,0,-9999.0,0.5,1,P7_CV0,1,1,1,2,0
8,-0.4999999999999998,0.8660254037844387,R8_F8_m-1f-1_P8_Y-1_U47,-9999,-9999,FXX,2,0.0,1,0,1.0,0,0,0,-9999.0,0.5,1,P7_CV0,1,1,1,0,2
8,-0.4999999999999998,0.8660254037844387,R8_F8_m-1f-1_P8_Y-1_U45,-9999,-9999,MXY,2,0.0,1,0,0.0,0,0,0,-9999.0,0.5,1,P7_CV0,1,1,1,0,2
8,-0.4999999999999998,0.8660254037844387,R8_F8_m-1f-1_P8_Y-1_U69,-9999,-9999,FXX,2,0.0,1,0,1.0,0,0,0,-9999.0,1.0,1,P7_CV0,1,2,0,2,0
8,-0.4999999999999998,0.8660254037844387,R8_F8_m-1f-1_P8_Y-1_U52,-9999,-9999,MXY,2,0.0,1,0,0.0,0,0,0,-9999.0,0.0,1,P7_CV0,1,0,2,1,1
8,-0.4999999999999998,0.8660254037844387,R8_F8_m-1f-1_P8_Y-1_U66,-9999,-9999,FXX,2,0.0,1,0,1.0,0,0,0,-9999.0,1.0,1,P7_CV0,1,2,0,1,1
8,-0.4999999999999998,0.8660254037844387,R8_F8_m-1f-1_P8_Y-1_U70,-9999,-9999,MXY,2,0.0,1,0,0.0,0,0,0,-9999.0,0.5,1,P7_CV0,1,1,1,1,1
8,-0.4999999999999998,0.8660254037844387,R8_F8_m-1f-1_P8_Y-1_U92,-9999,-9999,MXY,2,0.0,1,0,0.0,0,0,0,-9999.0,0.5,1,P7_CV0,1,1,1,1,1
8,-0.4999999999999998,0.8660254037844387,R8_F8_m-1f-1_P8_Y-1_U51,-9999,-9999,FXX,2,0.0,1,0,1.0,0,0,0,-9999.0,1.0,1,P7_CV0,1,2,0,0,2
8,-0.4999999999999998,0.8660254037844387,R8_F8_m-1f-1_P8_Y-1_U79,-9999,-9999,MXY,2,0.0,1,0,0.0,0,0,0,-9999.0,0.5,1,P7_CV0,1,1,1,0,2
8,-0.4999999999999998,0.8660254037844387,R8_F8_m-1f-1_P8_Y-1_U3,-9999,-9999,FXX,2,0.0,1,0,1.0,0,0,0,-9999.0,0.5,1,P7_CV0,1,1,1,2,0
8,-0.4999999999999998,0.8660254037844387,R8_F8_m-1f-1_P8_Y-1_U55,-9999,-9999,FXX,2,0.0,1,0,1.0,0,0,0,-9999.0,0.0,1,P7_CV0,1,0,2,1,1
8,-0.4999999999999998,0.8660254037844387,R8_F8_m-1f-1_P8_Y-1_U56,-9999,-9999,FXX,2,0.0,1,0,1.0,0,0,0,-9999.0,0.0,1,P7_CV0,1,0,2,0,2
8,-0.4999999999999998,0.8660254037844387,R8_F8_m-1f-1_P8_Y-1_U4,-9999,-9999,MXY,2,0.0,1,0,0.0,0,0,0,-9999.0,0.5,1,P7_CV0,1,1,1,2,0
8,-0.4999999999999998,0.8660254037844387,R8_F8_m-1f-1_P8_Y-1_U36,-9999,-9999,FXX,2,0.0,1,0,1.0,0,0,0,-9999.0,0.5,1,P7_CV0,1,1,1,1,1
8,-0.4999999999999998,0.8660254037844387,R8_F8_m-1f-1_P8_Y-1_U13,-9999,-9999,FXX,2,0.0,1,0,1.0,0,0,0,-9999.0,1.0,1,P7_CV0,1,2,0,0,2
8,-0.4999999999999998,0.8660254037844387,R8_F8_m-1f-1_P8_Y-1_U5,-9999,-9999,MXY,2,0.0,1,0,0.0,0,0,0,-9999.0,0.0,1,P7_CV0,1,0,2,0,2
8,-0.4999999999999998,0.8660254037844387,R8_F8_m-1f-1_P8_Y-1_U32,-9999,-9999,MXY,2,0.0,1,0,0.0,0,0,0,-9999.0,0.0,1,P7_CV0,1,0,2,2,0
8,-0.4999999999999998,0.8660254037844387,R8_F8_m-1f-1_P8_Y-1_U75,-9999,-9999,FXX,2,0.0,1,0,1.0,0,0,0,-9999.0,0.5,1,P7_CV0,1,1,1,1,1
8,-0.4999999999999998,0.8660254037844387,R8_F8_m-1f-1_P8_Y-1_U91,-9999,-9999,MXY,2,0.0,1,0,0.0,0,0,0,-9999.0,0.5,1,P7_CV0,1,1,1,2,0
8,-0.4999999999999998,0.8660254037844387,R8_F8_m-1f-1_P8_Y-1_U7,-9999,-9999,FXX,2,0.0,1,0,1.0,0,0,0,-9999.0,0.0,1,P7_CV0,1,0,2,2,0
8,-0.4999999999999998,0.8660254037844387,R8_F8_m-1f-1_P8_Y-1_U82,-9999,-9999,MXY,3,0.0,1,0,0.0,0,0,0,-9999.0,0.0,1,P7_CV0,1,0,2,2,0
8,-0.4999999999999998,0.8660254037844387,R8_F8_m-1f-1_P8_Y-1_U64,-9999,-9999,FXX,3,0.0,1,0,1.0,0,0,0,-9999.0,0.5,1,P7_CV0,1,1,1,0,2
8,-0.4999999999999998,0.8660254037844387,R8_F8_m-1f-1_P8_Y-1_U83,-9999,-9999,FXX,3,0.0,1,0,1.0,0,0,0,-9999.0,0.0,1,P7_CV0,1,0,2,2,0
8,-0.4999999999999998,0.8660254037844387,R8_F8_m-1f-1_P8_Y-1_U6,-9999,-9999,MXY,3,0.0,1,0,0.0,0,0,0,-9999.0,0.5,1,P7_CV0,1,1,1,0,2
8,-0.4999999999999998,0.8660254037844387,R8_F8_m-1f-1_P8_Y-1_U2,-9999,-9999,MXY,3,0.0,1,0,0.0,0,0,0,-9999.0,1.0,1,P7_CV0,1,2,0,1,1
8,-0.4999999999999998,0.8660254037844387,R8_F8_m-1f-1_P8_Y-1_U99,-9999,-9999,FXX,4,0.0,1,0,1.0,0,0,0,-9999.0,0.5,1,P7_CV0,1,1,1,1,1
8,-0.4999999999999998,0.8660254037844387,R8_F8_m-1f-1_P8_Y-1_U9,-9999,-9999,MXY,4,0.0,1,0,0.0,0,0,0,-9999.0,0.5,1,P7_CV0,1,1,1,1,1
8,-0.4999999999999998,0.8660254037844387,R8_F8_m-1f-1_P8_Y-1_U15,-9999,-9999,MXY,4,0.0,1,0,0.0,0,0,0,-9999.0,1.0,1,P7_CV0,1,2,0,0,2
8,-0.4999999999999998,0.8660254037844387,R8_F8_m-1f-1_P8_Y-1_U96,-9999,-9999,MXY,4,0.0,1,0,0.0,0,0,0,-9999.0,0.5,1,P7_CV0,1,1,1,1,1
8,-0.4999999999999998,0.8660254037844387,R8_F8_m-1f-1_P8_Y-1_U87,-9999,-9999,MXY,4,0.0,1,0,0.0,0,0,0,-9999.0,0.5,1,P7_CV0,1,1,1,0,2
8,-0.4999999999999998,0.8660254037844387,R8_F8_m-1f-1_P8_Y-1_U93,-9999,-9999,MXY,4,0.0,1,0,0.0,0,0,0,-9999.0,0.5,1,P7_CV0,1,1,1,1,1
8,-0.4999999999999998,0.8660254037844387,R8_F8_m-1f-1_P8_Y-1_U74,-9999,-9999,FXX,4,0.0,1,0,1.0,0,0,0,-9999.0,0.5,1,P7_CV0,1,1,1,2,0
8,-0.4999999999999998,0.8660254037844387,R8_F8_m8f9_P8_Y0_UO1164,R8_F8_m-1f-1_P8_Y-1_U21,R9_F9_m-1f-1_P9_Y-1_U43,MXY,1,0.0,0,0,0.0,0,0,0,-9999.0,0.25,1,P8_CV0,1,1,1,1,1
8,-0.4999999999999998,0.8660254037844387,RD8_F9_m9f8_P9_Y0_UO179,R9_F9_m-1f-1_P9_Y-1_U89,R8_F8_m-1f-1_P8_Y-1_U6,FXX,1,0.0,0,0,0.0,0,0,0,-9999.0,0.5,1,P8_CV0,1,0,2,0,2
8,-0.4999999999999998,0.8660254037844387,R8_F8_m8f9_P8_Y0_UO573,R8_F8_m-1f-1_P8_Y-1_U83,R9_F9_m-1f-1_P9_Y-1_U96,MXY,1,0.0,0,0,0.0,0,0,0,-9999.0,0.25,1,P8_CV0,1,0,2,2,0
8,-0.4999999999999998,0.8660254037844387,R8_F8_m8f9_P8_Y0_UO119,R8_F8_m-1f-1_P8_Y-1_U58,R9_F9_m-1f-1_P9_Y-1_U41,MXY,1,0.0,0,0,0.0,0,0,0,-9999.0,0.75,1,P8_CV0,1,2,0,1,1
8,-0.4999999999999998,0.8660254037844387,R8_F8_m8f9_P8_Y0_UO122,R8_F8_m-1f-1_P8_Y-1_U58,R9_F9_m-1f-1_P9_Y-1_U41,FXX,1,0.0,0,0,0.0,0,0,0,-9999.0,0.75,1,P8_CV0,1,1,1,1,1
8,-0.4999999999999998,0.8660254037844387,R8_F8_m8f9_P8_Y0_UO974,R8_F8_m-1f-1_P8_Y-1_U64,R9_F9_m-1f-1_P9_Y-1_U42,FXX,1,0.0,0,0,0.0,0,0,0,-9999.0,0.25,1,P8_CV0,1,1,1,1,1
8,-0.4999999999999998,0.8660254037844387,R8_F8_m8f9_P8_Y0_UO125,R8_F8_m-1f-1_P8_Y-1_U58,R9_F9_m-1f-1_P9_Y-1_U41,MXY,1,0.0,0,0,0.0,0,0,0,-9999.0,0.75,1,P8_CV0,1,2,0,1,1
8,-0.4999999999999998,0.8660254037844387,R8_F8_m8f9_P8_Y0_UO975,R8_F8_m-1f-1_P8_Y-1_U64,R9_F9_m-1f-1_P9_Y-1_U42,MXY,1,0.0,0,0,0.0,0,0,0,-9999.0,0.25,1,P8_CV0,1,0,2,1,1
8,-0.4999999999999998,0.8660254037844387,R8_F8_m8f9_P8_Y0_UO981,R8_F8_m-1f-1_P8_Y-1_U64,R9_F9_m-1f-1_P9_Y-1_U42,FXX,1,0.0,0,0,0.0,0,0,0,-9999.0,0.25,1,P8_CV0,1,0,2,0,2
8,-0.4999999999999998,0.8660254037844387,R8_F8_m8f9_P8_Y0_UO562,R8_F8_m-1f-1_P8_Y-1_U58,R9_F9_m-1f-1_P9_Y-1_U86,FXX,1,0.0,0,0,0.0,0,0,0,-9999.0,1.0,1,P8_CV0,1,2,0,1,1
8,-0.4999999999999998,0.8660254037844387,R8_F8_m8f9_P8_Y0_UO1166,R8_F8_m-1f-1_P8_Y-1_U21,R9_F9_m-1f-1_P9_Y-1_U43,MXY,1,0.0,0,0,0.0,0,0,0,-9999.0,0.25,1,P8_CV0,1,1,1,2,0
8,-0.4999999999999998,0.8660254037844387,R8_F8_m8f9_P8_Y0_UO474,R8_F8_m-1f-1_P8_Y-1_U53,R9_F9_m-1f-1_P9_Y-1_U41,MXY,1,0.0,0,0,0.0,0,0,0,-9999.0,0.5,1,P8_CV0,1,1,1,1,1
8,-0.4999999999999998,0.8660254037844387,R8_F8_m8f9_P8_Y0_UO468,R8_F8_m-1f-1_P8_Y-1_U53,R9_F9_m-1f-1_P9_Y-1_U41,MXY,1,0.0,0,0,0.0,0,0,0,-9999.0,0.5,1,P8_CV0,1,0,2,1,1
8,-0.4999999999999998,0.8660254037844387,R8_F8_m8f9_P8_Y0_UO977,R8_F8_m-1f-1_P8_Y-1_U64,R9_F9_m-1f-1_P9_Y-1_U42,FXX,1,0.0,0,0,0.0,0,0,0,-9999.0,0.25,1,P8_CV0,1,1,1,1,1
8,-0.4999999999999998,0.8660254037844387,R8_F8_m8f9_P8_Y0_UO564,R8_F8_m-1f-1_P8_Y-1_U58,R9_F9_m-1f-1_P9_Y-1_U86,MXY,1,0.0,0,0,0.0,0,0,0,-9999.0,1.0,1,P8_CV0,1,2,0,2,0
8,-0.4999999999999998,0.8660254037844387,R8_F8_m8f9_P8_Y0_UO565,R8_F8_m-1f-1_P8_Y-1_U58,R9_F9_m-1f-1_P9_Y-1_U86,MXY,1,0.0,0,0,0.0,0,0,0,-9999.0,1.0,1,P8_CV0,1,2,0,2,0
8,-0.4999999999999998,0.8660254037844387,R8_F8_m8f9_P8_Y0_UO471,R8_F8_m-1f-1_P8_Y-1_U53,R9_F9_m-1f-1_P9_Y-1_U41,FXX,1,0.0,0,0,0.0,0,0,0,-9999.0,0.5,1,P8_CV0,1,0,2,1,1
8,-0.4999999999999998,0.8660254037844387,R8_F8_m8f9_P8_Y0_UO1161,R8_F8_m-1f-1_P8_Y-1_U21,R9_F9_m-1f-1_P9_Y-1_U43,FXX,1,0.0,0,0,0.0,0,0,0,-9999.0,0.25,1,P8_CV0,1,1,1,1,1
8,-0.4999999999999998,0.8660254037844387,R8_F8_m8f9_P8_Y0_UO469,R8_F8_m-1f-1_P8_Y-1_U53,R9_F9_m-1f-1_P9_Y-1_U41,FXX,1,0.0,0,0,0.0,0,0,0,-9999.0,0.5,1,P8_CV0,1,2,0,1,1
8,-0.4999999999999998,0.8660254037844387,R8_F8_m8f9_P8_Y0_UO980,R8_F8_m-1f-1_P8_Y-1_U64,R9_F9_m-1f-1_P9_Y-1_U42,MXY,1,0.0,0,0,0.0,0,0,0,-9999.0,0.25,1,P8_CV0,1,0,2,1,1
8,-0.4999999999999998,0.8660254037844387,R8_F8_m8f9_P8_Y0_UO576,R8_F8_m-1f-1_P8_Y-1_U83,R9_F9_m-1f-1_P9_Y-1_U96,MXY,1,0.0,0,0,0.0,0,0,0,-9999.0,0.25,1,P8_CV0,1,0,2,2,0
8,-0.4999999999999998,0.8660254037844387,R8_F8_m8f9_P8_Y0_UO978,R8_F8_m-1f-1_P8_Y-1_U64,R9_F9_m-1f-1_P9_Y-1_U42,FXX,1,0.0,0,0,0.0,0,0,0,-9999.0,0.25,1,P8_CV0,1,0,2,1,1
8,-0.4999999999999998,0.8660254037844387,R8_F8_m8f9_P8_Y0_UO118,R8_F8_m-1f-1_P8_Y-1_U58,R9_F9_m-1f-1_P9_Y-1_U41,MXY,1,0.0,0,0,0.0,0,0,0,-9999.0,0.75,1,P8_CV0,1,2,0,1,1
8,-0.4999999999999998,0.8660254037844387,RD8_F9_m-1f-1_P9_Y-1_U20,-9999,-9999,FXX,2,0.0,1,0,1.0,0,0,0,-9999.0,0.0,1,P8_CV0,1,0,2,1,1
8,-0.4999999999999998,0.8660254037844387,RD8_F9_m-1f-1_P9_Y-1_U37,-9999,-9999,FXX,3,0.0,1,0,1.0,0,0,0,-9999.0,0.5,1,P8_CV0,1,1,1,1,1
8,-0.4999999999999998,0.8660254037844387,RD8_F9_m-1f-1_P9_Y-1_U19,-9999,-9999,MXY,4,0.0,1,0,0.0,0,0,0,-9999.0,0.5,1,P8_CV0,1,1,1,1,1
9,-0.7330518718298263,0.6801727377709194,RD9_F10_m10f11_P10_Y0_UO71,R10_F10_m-1f-1_P10_Y-1_U70,R11_F11_m-1f-1_P11_Y-1_U80,FXX,1,0.0,0,0,0.0,0,0,0,-9999.0,0.5,1,P10_CV0,1,1,1,2,0
9,-0.7330518718298263,0.6801727377709194,RD9_F8_m8f7_P8_Y0_UO1026,R8_F8_m-1f-1_P8_Y-1_U58,R7_F7_m-1f-1_P7_Y-1_U35,FXX,1,0.0,0,0,0.0,0,0,0,-9999.0,1.0,1,P6_CV0,1,2,0,2,0
9,-0.7330518718298263,0.6801727377709194,R9_F9_m9f8_P9_Y0_UO512,R9_F9_m-1f-1_P9_Y-1_U91,R8_F8_m-1f-1_P8_Y-1_U8,MXY,1,0.0,0,0,0.0,0,0,0,-9999.0,0.25,1,P7_CV0,1,0,2,2,0
9,-0.7330518718298263,0.6801727377709194,R9_F9_m9f8_P9_Y0_UO482,R9_F9_m-1f-1_P9_Y-1_U13,R8_F8_m-1f-1_P8_Y-1_U73,MXY,1,0.0,0,0,0.0,0,0,0,-9999.0,0.0,1,P7_CV0,1,0,2,0,2
9,-0.7330518718298263,0.6801727377709194,R9_F9_m9f8_P9_Y0_UO1068,R9_F9_m-1f-1_P9_Y-1_U16,R8_F8_m-1f-1_P8_Y-1_U73,MXY,1,0.0,0,0,0.0,0,0,0,-9999.0,0.5,1,P7_CV0,1,1,1,1,1
9,-0.7330518718298263,0.6801727377709194,R9_F9_m9f8_P9_Y0_UO481,R9_F9_m-1f-1_P9_Y-1_U13,R8_F8_m-1f-1_P8_Y-1_U73,MXY,1,0.0,0,0,0.0,0,0,0,-9999.0,0.0,1,P7_CV0,1,0,2,0,2
9,-0.7330518718298263,0.6801727377709194,RD9_F8_m8f9_P8_Y0_UO1163,R8_F8_m-1f-1_P8_Y-1_U21,R9_F9_m-1f-1_P9_Y-1_U43,MXY,1,0.0,0,0,0.0,0,0,0,-9999.0,0.25,1,P7_CV0,1,1,1,1,1
9,-0.7330518718298263,0.6801727377709194,RD9_F8_m8f9_P8_Y0_UO561,R8_F8_m-1f-1_P8_Y-1_U58,R9_F9_m-1f-1_P9_Y-1_U86,MXY,1,0.0,0,0,0.0,0,0,0,-9999.0,1.0,1,P7_CV0,1,2,0,1,1
9,-0.7330518718298263,0.6801727377709194,R9_F9_m9f8_P9_Y0_UO180,R9_F9_m-1f-1_P9_Y-1_U89,R8_F8_m-1f-1_P8_Y-1_U6,FXX,1,0.0,0,0,0.0,0,0,0,-9999.0,0.5,1,P7_CV0,1,1,1,1,1
9,-0.7330518718298263,0.6801727377709194,R9_F9_m9f8_P9_Y0_UO1069,R9_F9_m-1f-1_P9_Y-1_U16,R8_F8_m-1f-1_P8_Y-1_U73,MXY,1,0.0,0,0,0.0,0,0,0,-9999.0,0.5,1,P7_CV0,1,1,1,0,2
9,-0.7330518718298263,0.6801727377709194,R9_F9_m9f8_P9_Y0_UO37,R9_F9_m-1f-1_P9_Y-1_U91,R8_F8_m-1f-1_P8_Y-1_U37,FXX,1,0.0,0,0,0.0,0,0,0,-9999.0,0.75,1,P7_CV0,1,1,1,2,0
9,-0.7330518718298263,0.6801727377709194,R9_F9_m9f8_P9_Y0_UO181,R9_F9_m-1f-1_P9_Y-1_U89,R8_F8_m-1f-1_P8_Y-1_U6,MXY,1,0.0,0,0,0.0,0,0,0,-9999.0,0.5,1,P7_CV0,1,2,0,0,2
9,-0.7330518718298263,0.6801727377709194,R9_F9_m9f8_P9_Y0_UO517,R9_F9_m-1f-1_P9_Y-1_U91,R8_F8_m-1f-1_P8_Y-1_U8,FXX,1,0.0,0,0,0.0,0,0,0,-9999.0,0.25,1,P7_CV0,1,1,1,2,0
9,-0.7330518718298263,0.6801727377709194,R9_F9_m9f8_P9_Y0_UO31,R9_F9_m-1f-1_P9_Y-1_U91,R8_F8_m-1f-1_P8_Y-1_U37,MXY,1,0.0,0,0,0.0,0,0,0,-9999.0,0.75,1,P7_CV0,1,2,0,2,0
9,-0.7330518718298263,0.6801727377709194,R9_F9_m9f8_P9_Y0_UO940,R9_F9_m-1f-1_P9_Y-1_U97,R8_F8_m-1f-1_P8_Y-1_U18,MXY,1,0.0,0,0,0.0,0,0,0,-9999.0,0.75,1,P7_CV0,1,1,1,1,1
9,-0.7330518718298263,0.6801727377709194,R9_F9_m9f8_P9_Y0_UO483,R9_F9_m-1f-1_P9_Y-1_U13,R8_F8_m-1f-1_P8_Y-1_U73,MXY,1,0.0,0,0,0.0,0,0,0,-9999.0,0.0,1,P7_CV0,1,0,2,0,2
9,-0.7330518718298263,0.6801727377709194,R9_F9_m9f8_P9_Y0_UO733,R9_F9_m-1f-1_P9_Y-1_U68,R8_F8_m-1f-1_P8_Y-1_U93,MXY,1,0.0,0,0,0.0,0,0,0,-9999.0,0.5,1,P7_CV0,1,1,1,1,1
9,-0.7330518718298263,0.6801727377709194,R9_F9_m9f8_P9_Y0_UO1070,R9_F9_m-1f-1_P9_Y-1_U16,R8_F8_m-1f-1_P8_Y-1_U73,FXX,1,0.0,0,0,0.0,0,0,0,-9999.0,0.5,1,P7_CV0,1,1,1,0,2
9,-0.7330518718298263,0.6801727377709194,R9_F9_m9f8_P9_Y0_UO516,R9_F9_m-1f-1_P9_Y-1_U91,R8_F8_m-1f-1_P8_Y-1_U8,MXY,1,0.0,0,0,0.0,0,0,0,-9999.0,0.25,1,P7_CV0,1,1,1,2,0
9,-0.7330518718298263,0.6801727377709194,R9_F9_m9f8_P9_Y0_UO177,R9_F9_m-1f-1_P9_Y-1_U89,R8_F8_m-1f-1_P8_Y-1_U6,MXY,1,0.0,0,0,0.0,0,0,0,-9999.0,0.5,1,P7_CV0,1,1,1,1,1
9,-0.7330518718298263,0.6801727377709194,R9_F9_m9f8_P9_Y0_UO513,R9_F9_m-1f-1_P9_Y-1_U91,R8_F8_m-1f-1_P8_Y-1_U8,MXY,1,0.0,0,0,0.0,0,0,0,-9999.0,0.25,1,P7_CV0,1,1,1,2,0
9,-0.7330518718298263,0.6801727377709194,R9_F9_m9f8_P9_Y0_UO734,R9_F9_m-1f-1_P9_Y-1_U68,R8_F8_m-1f-1_P8_Y-1_U93,FXX,1,0.0,0,0,0.0,0,0,0,-9999.0,0.5,1,P7_CV0,1,1,1,1,1
9,-0.7330518718298263,0.6801727377709194,R9_F9_m9f8_P9_Y0_UO464,R9_F9_m-1f-1_P9_Y-1_U13,R8_F8_m-1f-1_P8_Y-1_U37,FXX,1,0.0,0,0,0.0,0,0,0,-9999.0,0.5,1,P7_CV0,1,1,1,1,1
9,-0.7330518718298263,0.6801727377709194,R9_F9_m9f8_P9_Y0_UO732,R9_F9_m-1f-1_P9_Y-1_U68,R8_F8_m-1f-1_P8_Y-1_U93,FXX,1,0.0,0,0,0.0,0,0,0,-9999.0,0.5,1,P7_CV0,1,1,1,1,1
9,-0.7330518718298263,0.6801727377709194,R9_F9_m9f8_P9_Y0_UO36,R9_F9_m-1f-1_P9_Y-1_U91,R8_F8_m-1f-1_P8_Y-1_U37,FXX,1,0.0,0,0,0.0,0,0,0,-9999.0,0.75,1,P8_CV0,1,1,1,2,0
9,-0.7330518718298263,0.6801727377709194,R9_F9_m9f10_P9_Y0_UO1284,R9_F9_m-1f-1_P9_Y-1_U13,R10_F10_m-1f-1_P10_Y-1_U42,MXY,1,0.0,0,0,0.0,0,0,0,-9999.0,0.5,1,P8_CV0,1,1,1,1,1
9,-0.7330518718298263,0.6801727377709194,R9_F9_m9f8_P9_Y0_UO1073,R9_F9_m-1f-1_P9_Y-1_U16,R8_F8_m-1f-1_P8_Y-1_U73,MXY,1,0.0,0,0,0.0,0,0,0,-9999.0,0.5,1,P8_CV0,1,1,1,1,1
9,-0.7330518718298263,0.6801727377709194,RD9_F10_m10f9_P10_Y0_UO923,R10_F10_m-1f-1_P10_Y-1_U70,R9_F9_m-1f-1_P9_Y-1_U86,MXY,1,0.0,0,0,0.0,0,0,0,-9999.0,0.75,1,P8_CV0,1,2,0,2,0
9,-0.7330518718298263,0.6801727377709194,R9_F9_m9f8_P9_Y0_UO463,R9_F9_m-1f-1_P9_Y-1_U13,R8_F8_m-1f-1_P8_Y-1_U37,MXY,1,0.0,0,0,0.0,0,0,0,-9999.0,0.5,1,P8_CV0,1,1,1,1,1
9,-0.7330518718298263,0.6801727377709194,R9_F9_m9f8_P9_Y0_UO33,R9_F9_m-1f-1_P9_Y-1_U91,R8_F8_m-1f-1_P8_Y-1_U37,MXY,1,0.0,0,0,0.0,0,0,0,-9999.0,0.75,1,P8_CV0,1,2,0,2,0
9,-0.7330518718298263,0.6801727377709194,R9_F9_m9f8_P9_Y0_UO484,R9_F9_m-1f-1_P9_Y-1_U13,R8_F8_m-1f-1_P8_Y-1_U73,MXY,1,0.0,0,0,0.0,0,0,0,-9999.0,0.0,1,P8_CV0,1,0,2,0,2
9,-0.7330518718298263,0.6801727377709194,R9_F9_m9f8_P9_Y0_UO936,R9_F9_m-1f-1_P9_Y-1_U97,R8_F8_m-1f-1_P8_Y-1_U18,MXY,1,0.0,0,0,0.0,0,0,0,-9999.0,0.75,1,P8_CV0,1,2,0,1,1
9,-0.7330518718298263,0.6801727377709194,R9_F9_m9f10_P9_Y0_UO553,R9_F9_m-1f-1_P9_Y-1_U64,R10_F10_m-1f-1_P10_Y-1_U5,FXX,1,0.0,0,0,0.0,0,0,0,-9999.0,0.25,1,P8_CV0,1,0,2,2,0
9,-0.7330518718298263,0.6801727377709194,R9_F9_m9f8_P9_Y0_UO32,R9_F9_m-1f-1_P9_Y-1_U91,R8_F8_m-1f-1_P8_Y-1_U37,FXX,1,0.0,0,0,0.0,0,0,0,-9999.0,0.75,1,P8_CV0,1,2,0,2,0
9,-0.7330518718298263,0.6801727377709194,R9_F9_m9f8_P9_Y0_UO937,R9_F9_m-1f-1_P9_Y-1_U97,R8_F8_m-1f-1_P8_Y-1_U18,FXX,1,0.0,0,0,0.0,0,0,0,-9999.0,0.75,1,P8_CV0,1,2,0,1,1
9,-0.7330518718298263,0.6801727377709194,R9_F9_m9f8_P9_Y0_UO939,R9_F9_m-1f-1_P9_Y-1_U97,R8_F8_m-1f-1_P8_Y-1_U18,FXX,1,0.0,0,0,0.0,0,0,0,-9999.0,0.75,1,P8_CV0,1,2,0,1,1
9,-0.7330518718298263,0.6801727377709194,RD9_F10_m10f9_P10_Y0_UO883,R10_F10_m-1f-1_P10_Y-1_U25,R9_F9_m-1f-1_P9_Y-1_U8,FXX,1,0.0,0,0,0.0,0,0,0,-9999.0,0.5,1,P8_CV0,1,1,1,1,1
9,-0.7330518718298263,0.6801727377709194,R9_F9_m9f10_P9_Y0_UO759,R9_F9_m-1f-1_P9_Y-1_U16,R10_F10_m-1f-1_P10_Y-1_U30,MXY,1,0.0,0,0,0.0,0,0,0,-9999.0,0.5,1,P8_CV0,1,1,1,1,1
9,-0.7330518718298263,0.6801727377709194,R9_F9_m9f8_P9_Y0_UO515,R9_F9_m-1f-1_P9_Y-1_U91,R8_F8_m-1f-1_P8_Y-1_U8,MXY,1,0.0,0,0,0.0,0,0,0,-9999.0,0.25,1,P8_CV0,1,0,2,2,0
9,-0.7330518718298263,0.6801727377709194,R9_F9_m9f10_P9_Y0_UO445,R9_F9_m-1f-1_P9_Y-1_U16,R10_F10_m-1f-1_P10_Y-1_U9,MXY,1,0.0,0,0,0.0,0,0,0,-9999.0,0.75,1,P8_CV0,1,1,1,1,1
9,-0.7330518718298263,0.6801727377709194,R9_F9_m9f10_P9_Y0_UO1286,R9_F9_m-1f-1_P9_Y-1_U13,R10_F10_m-1f-1_P10_Y-1_U42,MXY,1,0.0,0,0,0.0,0,0,0,-9999.0,0.5,1,P8_CV0,1,1,1,1,1
9,-0.7330518718298263,0.6801727377709194,R9_F9_m9f8_P9_Y0_UO34,R9_F9_m-1f-1_P9_Y-1_U91,R8_F8_m-1f-1_P8_Y-1_U37,MXY,1,0.0,0,0,0.0,0,0,0,-9999.0,0.75,1,P8_CV0,1,2,0,2,0
9,-0.7330518718298263,0.6801727377709194,R9_F9_m9f8_P9_Y0_UO736,R9_F9_m-1f-1_P9_Y-1_U68,R8_F8_m-1f-1_P8_Y-1_U93,FXX,1,0.0,0,0,0.0,0,0,0,-9999.0,0.5,1,P8_CV0,1,1,1,2,0
9,-0.7330518718298263,0.6801727377709194,R9_F9_m9f8_P9_Y0_UO731,R9_F9_m-1f-1_P9_Y-1_U68,R8_F8_m-1f-1_P8_Y-1_U93,FXX,1,0.0,0,0,0.0,0,0,0,-9999.0,0.5,1,P8_CV0,1,1,1,2,0
9,-0.7330518718298263,0.6801727377709194,R9_F9_m9f10_P9_Y0_UO761,R9_F9_m-1f-1_P9_Y-1_U16,R10_F10_m-1f-1_P10_Y-1_U30,FXX,1,0.0,0,0,0.0,0,0,0,-9999.0,0.5,1,P8_CV0,1,1,1,0,2
9,-0.7330518718298263,0.6801727377709194,R9_F9_m9f8_P9_Y0_UO178,R9_F9_m-1f-1_P9_Y-1_U89,R8_F8_m-1f-1_P8_Y-1_U6,MXY,1,0.0,0,0,0.0,0,0,0,-9999.0,0.5,1,P8_CV0,1,1,1,0,2
9,-0.7330518718298263,0.6801727377709194,R9_F9_m9f8_P9_Y0_UO30,R9_F9_m-1f-1_P9_Y-1_U91,R8_F8_m-1f-1_P8_Y-1_U37,MXY,1,0.0,0,0,0.0,0,0,0,-9999.0,0.75,1,P8_CV0,1,1,1,2,0
9,-0.7330518718298263,0.6801727377709194,R9_F9_m9f8_P9_Y0_UO1072,R9_F9_m-1f-1_P9_Y-1_U16,R8_F8_m-1f-1_P8_Y-1_U73,FXX,1,0.0,0,0,0.0,0,0,0,-9999.0,0.5,1,P8_CV0,1,1,1,0,2
9,-0.7330518718298263,0.6801727377709194,R9_F9_m9f10_P9_Y0_UO444,R9_F9_m-1f-1_P9_Y-1_U16,R10_F10_m-1f-1_P10_Y-1_U9,FXX,1,0.0,0,0,0.0,0,0,0,-9999.0,0.75,1,P8_CV0,1,2,0,1,1
9,-0.7330518718298263,0.6801727377709194,R9_F9_m9f8_P9_Y0_UO514,R9_F9_m-1f-1_P9_Y-1_U91,R8_F8_m-1f-1_P8_Y-1_U8,FXX,1,0.0,0,0,0.0,0,0,0,-9999.0,0.25,1,P8_CV0,1,0,2,2,0
9,-0.7330518718298263,0.6801727377709194,R9_F9_m9f10_P9_Y0_UO551,R9_F9_m-1f-1_P9_Y-1_U64,R10_F10_m-1f-1_P10_Y-1_U5,MXY,1,0.0,0,0,0.0,0,0,0,-9999.0,0.25,1,P8_CV0,1,1,1,2,0
9,-0.7330518718298263,0.6801727377709194,R9_F9_m9f10_P9_Y0_UO1282,R9_F9_m-1f-1_P9_Y-1_U13,R10_F10_m-1f-1_P10_Y-1_U42,FXX,1,0.0,0,0,0.0,0,0,0,-9999.0,0.5,1,P8_CV0,1,1,1,0,2
9,-0.7330518718298263,0.6801727377709194,R9_F9_m9f8_P9_Y0_UO176,R9_F9_m-1f-1_P9_Y-1_U89,R8_F8_m-1f-1_P8_Y-1_U6,MXY,1,0.0,0,0,0.0,0,0,0,-9999.0,0.5,1,P8_CV0,1,0,2,0,2
9,-0.7330518718298263,0.6801727377709194,R9_F9_m9f8_P9_Y0_UO35,R9_F9_m-1f-1_P9_Y-1_U91,R8_F8_m-1f-1_P8_Y-1_U37,MXY,1,0.0,0,0,0.0,0,0,0,-9999.0,0.75,1,P8_CV0,1,2,0,2,0
9,-0.7330518718298263,0.6801727377709194,R9_F9_m9f10_P9_Y0_UO552,R9_F9_m-1f-1_P9_Y-1_U64,R10_F10_m-1f-1_P10_Y-1_U5,MXY,1,0.0,0,0,0.0,0,0,0,-9999.0,0.25,1,P8_CV0,1,1,1,2,0
9,-0.7330518718298263,0.6801727377709194,R9_F9_m9f8_P9_Y0_UO465,R9_F9_m-1f-1_P9_Y-1_U13,R8_F8_m-1f-1_P8_Y-1_U37,MXY,1,0.0,0,0,0.0,0,0,0,-9999.0,0.5,1,P8_CV0,1,1,1,1,1
9,-0.7330518718298263,0.6801727377709194,R9_F9_m9f10_P9_Y0_UO554,R9_F9_m-1f-1_P9_Y-1_U64,R10_F10_m-1f-1_P10_Y-1_U5,MXY,1,0.0,0,0,0.0,0,0,0,-9999.0,0.25,1,P8_CV0,1,0,2,2,0
9,-0.7330518718298263,0.6801727377709194,R9_F9_m9f8_P9_Y0_UO1071,R9_F9_m-1f-1_P9_Y-1_U16,R8_F8_m-1f-1_P8_Y-1_U73,FXX,1,0.0,0,0,0.0,0,0,0,-9999.0,0.5,1,P8_CV0,1,1,1,0,2
9,-0.7330518718298263,0.6801727377709194,R9_F9_m9f8_P9_Y0_UO466,R9_F9_m-1f-1_P9_Y-1_U13,R8_F8_m-1f-1_P8_Y-1_U37,MXY,1,0.0,0,0,0.0,0,0,0,-9999.0,0.5,1,P8_CV0,1,1,1,1,1
9,-0.7330518718298263,0.6801727377709194,R9_F9_m9f8_P9_Y0_UO518,R9_F9_m-1f-1_P9_Y-1_U91,R8_F8_m-1f-1_P8_Y-1_U8,MXY,1,0.0,0,0,0.0,0,0,0,-9999.0,0.25,1,P8_CV0,1,1,1,2,0
9,-0.7330518718298263,0.6801727377709194,R9_F9_m9f8_P9_Y0_UO938,R9_F9_m-1f-1_P9_Y-1_U97,R8_F8_m-1f-1_P8_Y-1_U18,FXX,1,0.0,0,0,0.0,0,0,0,-9999.0,0.75,1,P8_CV0,1,2,0,1,1
9,-0.7330518718298263,0.6801727377709194,R9_F9_m-1f-1_P9_Y-1_U76,-9999,-9999,MXY,2,0.0,1,0,0.0,0,0,0,-9999.0,1.0,1,P8_CV0,1,2,0,1,1
9,-0.7330518718298263,0.6801727377709194,R9_F9_m-1f-1_P9_Y-1_U15,-9999,-9999,FXX,2,0.0,1,0,1.0,0,0,0,-9999.0,0.5,1,P8_CV0,1,1,1,2,0
9,-0.7330518718298263,0.6801727377709194,R9_F9_m-1f-1_P9_Y-1_U11,-9999,-9999,MXY,2,0.0,1,0,0.0,0,0,0,-9999.0,1.0,1,P8_CV0,1,2,0,2,0
9,-0.7330518718298263,0.6801727377709194,R9_F9_m-1f-1_P9_Y-1_U23,-9999,-9999,MXY,2,0.0,1,0,0.0,0,0,0,-9999.0,0.5,1,P8_CV0,1,1,1,0,2
9,-0.7330518718298263,0.6801727377709194,R9_F9_m-1f-1_P9_Y-1_U39,-9999,-9999,FXX,2,0.0,1,0,1.0,0,0,0,-9999.0,0.0,1,P8_CV0,1,0,2,2,0
9,-0.7330518718298263,0.6801727377709194,R9_F9_m-1f-1_P9_Y-1_U65,-9999,-9999,MXY,2,0.0,1,0,0.0,0,0,0,-9999.0,0.5,1,P8_CV0,1,1,1,0,2
9,-0.7330518718298263,0.6801727377709194,R9_F9_m-1f-1_P9_Y-1_U51,-9999,-9999,FXX,2,0.0,1,0,1.0,0,0,0,-9999.0,0.0,1,P8_CV0,1,0,2,2,0
9,-0.7330518718298263,0.6801727377709194,R9_F9_m-1f-1_P9_Y-1_U28,-9999,-9999,FXX,2,0.0,1,0,1.0,0,0,0,-9999.0,0.5,1,P8_CV0,1,1,1,2,0
9,-0.7330518718298263,0.6801727377709194,R9_F9_m-1f-1_P9_Y-1_U73,-9999,-9999,MXY,2,0.0,1,0,0.0,0,0,0,-9999.0,0.5,1,P8_CV0,1,1,1,0,2
9,-0.7330518718298263,0.6801727377709194,R9_F9_m-1f-1_P9_Y-1_U46,-9999,-9999,FXX,2,0.0,1,0,1.0,0,0,0,-9999.0,0.5,1,P8_CV0,1,1,1,1,1
9,-0.7330518718298263,0.6801727377709194,R9_F9_m-1f-1_P9_Y-1_U72,-9999,-9999,FXX,2,0.0,1,0,1.0,0,0,0,-9999.0,0.5,1,P8_CV0,1,1,1,0,2
9,-0.7330518718298263,0.6801727377709194,R9_F9_m-1f-1_P9_Y-1_U38,-9999,-9999,MXY,2,0.0,1,0,0.0,0,0,0,-9999.0,0.5,1,P8_CV0,1,1,1,0,2
9,-0.7330518718298263,0.6801727377709194,R9_F9_m-1f-1_P9_Y-1_U16,-9999,-9999,FXX,3,0.0,1,0,1.0,0,0,0,-9999.0,1.0,1,P8_CV0,1,2,0,1,1
9,-0.7330518718298263,0.6801727377709194,R9_F9_m-1f-1_P9_Y-1_U68,-9999,-9999,FXX,3,0.0,1,0,1.0,0,0,0,-9999.0,0.5,1,P8_CV0,1,1,1,1,1
9,-0.7330518718298263,0.6801727377709194,R9_F9_m-1f-1_P9_Y-1_U13,-9999,-9999,FXX,3,0.0,1,0,1.0,0,0,0,-9999.0,0.0,1,P8_CV0,1,0,2,0,2
9,-0.7330518718298263,0.6801727377709194,R9_F9_m-1f-1_P9_Y-1_U75,-9999,-9999,MXY,3,0.0,1,0,0.0,0,0,0,-9999.0,0.5,1,P8_CV0,1,1,1,1,1
9,-0.7330518718298263,0.6801727377709194,R9_F9_m-1f-1_P9_Y-1_U43,-9999,-9999,MXY,3,0.0,1,0,0.0,0,0,0,-9999.0,0.5,1,P8_CV0,1,1,1,2,0
9,-0.7330518718298263,0.6801727377709194,R9_F9_m-1f-1_P9_Y-1_U82,-9999,-9999,MXY,4,0.0,1,0,0.0,0,0,0,-9999.0,0.5,1,P8_CV0,1,1,1,1,1
9,-0.7330518718298263,0.6801727377709194,R9_F9_m-1f-1_P9_Y-1_U1,-9999,-9999,FXX,4,0.0,1,0,1.0,0,0,0,-9999.0,0.5,1,P8_CV0,1,1,1,2,0
9,-0.7330518718298263,0.6801727377709194,R9_F9_m-1f-1_P9_Y-1_U14,-9999,-9999,MXY,4,0.0,1,0,0.0,0,0,0,-9999.0,1.0,1,P8_CV0,1,2,0,1,1
9,-0.7330518718298263,0.6801727377709194,R9_F9_m-1f-1_P9_Y-1_U84,-9999,-9999,MXY,4,0.0,1,0,0.0,0,0,0,-9999.0,0.5,1,P8_CV0,1,1,1,1,1
9,-0.7330518718298263,0.6801727377709194,R9_F9_m9f10_P9_Y0_UO758,R9_F9_m-1f-1_P9_Y-1_U16,R10_F10_m-1f-1_P10_Y-1_U30,FXX,1,0.0,0,0,0.0,0,0,0,-9999.0,0.5,1,P9_CV0,1,1,1,1,1
9,-0.7330518718298263,0.6801727377709194,R9_F9_m9f10_P9_Y0_UO447,R9_F9_m-1f-1_P9_Y-1_U16,R10_F10_m-1f-1_P10_Y-1_U9,FXX,1,0.0,0,0,0.0,0,0,0,-9999.0,0.75,1,P9_CV0,1,2,0,2,0
9,-0.7330518718298263,0.6801727377709194,RD9_F10_m10f11_P10_Y0_UO510,R10_F10_m-1f-1_P10_Y-1_U71,R11_F11_m-1f-1_P11_Y-1_U4,FXX,1,0.0,0,0,0.0,0,0,0,-9999.0,0.5,1,P9_CV0,1,1,1,1,1
9,-0.7330518718298263,0.6801727377709194,R9_F9_m9f10_P9_Y0_UO555,R9_F9_m-1f-1_P9_Y-1_U64,R10_F10_m-1f-1_P10_Y-1_U5,MXY,1,0.0,0,0,0.0,0,0,0,-9999.0,0.25,1,P9_CV0,1,1,1,2,0
9,-0.7330518718298263,0.6801727377709194,RD9_F10_m10f11_P10_Y0_UO209,R10_F10_m-1f-1_P10_Y-1_U99,R11_F11_m-1f-1_P11_Y-1_U15,MXY,1,0.0,0,0,0.0,0,0,0,-9999.0,0.25,1,P9_CV0,1,1,1,1,1
9,-0.7330518718298263,0.6801727377709194,R9_F9_m9f10_P9_Y0_UO757,R9_F9_m-1f-1_P9_Y-1_U16,R10_F10_m-1f-1_P10_Y-1_U30,MXY,1,0.0,0,0,0.0,0,0,0,-9999.0,0.5,1,P9_CV0,1,1,1,0,2
9,-0.7330518718298263,0.6801727377709194,R9_F9_m9f10_P9_Y0_UO446,R9_F9_m-1f-1_P9_Y-1_U16,R10_F10_m-1f-1_P10_Y-1_U9,MXY,1,0.0,0,0,0.0,0,0,0,-9999.0,0.75,1,P9_CV0,1,1,1,2,0
9,-0.7330518718298263,0.6801727377709194,R9_F9_m9f10_P9_Y0_UO760,R9_F9_m-1f-1_P9_Y-1_U16,R10_F10_m-1f-1_P10_Y-1_U30,FXX,1,0.0,0,0,0.0,0,0,0,-9999.0,0.5,1,P9_CV0,1,1,1,0,2
9,-0.7330518718298263,0.6801727377709194,R9_F9_m9f10_P9_Y0_UO1285,R9_F9_m-1f-1_P9_Y-1_U13,R10_F10_m-1f-1_P10_Y-1_U42,MXY,1,0.0,0,0,0.0,0,0,0,-9999.0,0.5,1,P9_CV0,1,1,1,1,1
9,-0.7330518718298263,0.6801727377709194,R9_F9_m9f10_P9_Y0_UO443,R9_F9_m-1f-1_P9_Y-1_U16,R10_F10_m-1f-1_P10_Y-1_U9,FXX,1,0.0,0,0,0.0,0,0,0,-9999.0,0.75,1,P9_CV0,1,1,1,1,1
9,-0.7330518718298263,0.6801727377709194,R9_F9_m9f10_P9_Y0_UO1283,R9_F9_m-1f-1_P9_Y-1_U13,R10_F10_m-1f-1_P10_Y-1_U42,MXY,1,0.0,0,0,0.0,0,0,0,-9999.0,0.5,1,P9_CV0,1,1,1,0,2
9,-0.7330518718298263,0.6801727377709194,RD9_F10_m-1f-1_P10_Y-1_U44,-9999,-9999,MXY,2,0.0,1,0,0.0,0,0,0,-9999.0,0.5,1,P9_CV0,1,1,1,1,1
9,-0.7330518718298263,0.6801727377709194,RD9_F10_m-1f-1_P10_Y-1_U97,-9999,-9999,MXY,4,0.0,1,0,0.0,0,0,0,-9999.0,0.5,1,P9_CV0,1,1,1,1,1
10,-0.900968867902419,0.43388373911755823,R10_F10_m10f11_P10_Y0_UO40,R10_F10_m-1f-1_P10_Y-1_U25,R11_F11_m-1f-1_P11_Y-1_U4,FXX,1,0.0,0,0,0.0,0,0,0,-9999.0,0.5,1,P10_CV0,1,1,1,0,2
10,-0.900968867902419,0.43388373911755823,R10_F10_m10f11_P10_Y0_UO41,R10_F10_m-1f-1_P10_Y-1_U25,R11_F11_m-1f-1_P11_Y-1_U4,MXY,1,0.0,0,0,0.0,0,0,0,-9999.0,0.5,1,P10_CV0,1,1,1,0,2
10,-0.900968867902419,0.43388373911755823,R10_F10_m10f11_P10_Y0_UO67,R10_F10_m-1f-1_P10_Y-1_U70,R11_F11_m-1f-1_P11_Y-1_U80,FXX,1,0.0,0,0,0.0,0,0,0,-9999.0,0.5,1,P10_CV0,1,2,0,2,0
10,-0.900968867902419,0.43388373911755823,R10_F10_m10f11_P10_Y0_UO204,R10_F10_m-1f-1_P10_Y-1_U99,R11_F11_m-1f-1_P11_Y-1_U15,MXY,1,0.0,0,0,0.0,0,0,0,-9999.0,0.25,1,P10_CV0,1,1,1,0,2
10,-0.900968867902419,0.43388373911755823,R10_F10_m10f11_P10_Y0_UO208,R10_F10_m-1f-1_P10_Y-1_U99,R11_F11_m-1f-1_P11_Y-1_U15,MXY,1,0.0,0,0,0.0,0,0,0,-9999.0,0.25,1,P10_CV0,1,1,1,1,1
10,-0.900968867902419,0.43388373911755823,R10_F10_m10f11_P10_Y0_UO210,R10_F10_m-1f-1_P10_Y-1_U99,R11_F11_m-1f-1_P11_Y-1_U15,FXX,1,0.0,0,0,0.0,0,0,0,-9999.0,0.25,1,P10_CV0,1,0,2,2,0
10,-0.900968867902419,0.43388373911755823,R10_F10_m10f11_P10_Y0_UO244,R10_F10_m-1f-1_P10_Y-1_U25,R11_F11_m-1f-1_P11_Y-1_U44,FXX,1,0.0,0,0,0.0,0,0,0,-9999.0,0.75,1,P10_CV0,1,2,0,1,1
10,-0.900968867902419,0.43388373911755823,R10_F10_m10f11_P10_Y0_UO246,R10_F10_m-1f-1_P10_Y-1_U25,R11_F11_m-1f-1_P11_Y-1_U44,FXX,1,0.0,0,0,0.0,0,0,0,-9999.0,0.75,1,P10_CV0,1,1,1,0,2
10,-0.900968867902419,0.43388373911755823,R10_F10_m10f11_P10_Y0_UO506,R10_F10_m-1f-1_P10_Y-1_U71,R11_F11_m-1f-1_P11_Y-1_U4,FXX,1,0.0,0,0,0.0,0,0,0,-9999.0,0.5,1,P10_CV0,1,2,0,1,1
10,-0.900968867902419,0.43388373911755823,R10_F10_m10f11_P10_Y0_UO507,R10_F10_m-1f-1_P10_Y-1_U71,R11_F11_m-1f-1_P11_Y-1_U4,FXX,1,0.0,0,0,0.0,0,0,0,-9999.0,0.5,1,P10_CV0,1,2,0,1,1
10,-0.900968867902419,0.43388373911755823,R10_F10_m10f11_P10_Y0_UO508,R10_F10_m-1f-1_P10_Y-1_U71,R11_F11_m-1f-1_P11_Y-1_U4,FXX,1,0.0,0,0,0.0,0,0,0,-9999.0,0.5,1,P10_CV0,1,1,1,1,1
10,-0.900968867902419,0.43388373911755823,R10_F10_m10f11_P10_Y0_UO511,R10_F10_m-1f-1_P10_Y-1_U71,R11_F11_m-1f-1_P11_Y-1_U4,FXX,1,0.0,0,0,0.0,0,0,0,-9999.0,0.5,1,P10_CV0,1,1,1,1,1
10,-0.900968867902419,0.43388373911755823,R10_F10_m10f11_P10_Y0_UO1040,R10_F10_m-1f-1_P10_Y-1_U70,R11_F11_m-1f-1_P11_Y-1_U19,MXY,1,0.0,0,0,0.0,0,0,0,-9999.0,0.25,1,P10_CV0,1,1,1,2,0
10,-0.900968867902419,0.43388373911755823,R10_F10_m10f11_P10_Y0_UO1045,R10_F10_m-1f-1_P10_Y-1_U70,R11_F11_m-1f-1_P11_Y-1_U19,MXY,1,0.0,0,0,0.0,0,0,0,-9999.0,0.25,1,P10_CV0,1,1,1,2,0
10,-0.900968867902419,0.43388373911755823,R10_F10_m10f11_P10_Y0_UO1234,R10_F10_m-1f-1_P10_Y-1_U49,R11_F11_m-1f-1_P11_Y-1_U6,MXY,1,0.0,0,0,0.0,0,0,0,-9999.0,0.5,1,P10_CV0,1,2,0,2,0
10,-0.900968867902419,0.43388373911755823,R10_F10_m10f11_P10_Y0_UO1236,R10_F10_m-1f-1_P10_Y-1_U49,R11_F11_m-1f-1_P11_Y-1_U6,FXX,1,0.0,0,0,0.0,0,0,0,-9999.0,0.5,1,P10_CV0,1,0,2,1,1
10,-0.900968867902419,0.43388373911755823,R10_F10_m10f11_P10_Y0_UO1279,R10_F10_m-1f-1_P10_Y-1_U62,R11_F11_m-1f-1_P11_Y-1_U59,FXX,1,0.0,0,0,0.0,0,0,0,-9999.0,0.25,1,P10_CV0,1,0,2,0,2
10,-0.900968867902419,0.43388373911755823,R10_F10_m10f11_P10_Y0_UO1281,R10_F10_m-1f-1_P10_Y-1_U62,R11_F11_m-1f-1_P11_Y-1_U59,FXX,1,0.0,0,0,0.0,0,0,0,-9999.0,0.25,1,P10_CV0,1,1,1,0,2
10,-0.900968867902419,0.43388373911755823,RD10_F11_m11f10_P11_Y0_UO990,R11_F11_m-1f-1_P11_Y-1_U52,R10_F10_m-1f-1_P10_Y-1_U65,MXY,1,0.0,0,0,0.0,0,0,0,-9999.0,0.25,1,P10_CV0,1,0,2,0,2
10,-0.900968867902419,0.43388373911755823,RD10_F11_m-1f-1_P11_Y-1_U10,-9999,-9999,FXX,2,0.0,1,0,1.0,0,0,0,-9999.0,0.5,1,P10_CV0,1,1,1,1,1
10,-0.900968867902419,0.43388373911755823,RD10_F9_m9f8_P9_Y0_UO735,R9_F9_m-1f-1_P9_Y-1_U68,R8_F8_m-1f-1_P8_Y-1_U93,MXY,1,0.0,0,0,0.0,0,0,0,-9999.0,0.5,1,P7_CV0,1,0,2,0,2
10,-0.900968867902419,0.43388373911755823,R10_F10_m10f9_P10_Y0_UO237,R10_F10_m-1f-1_P10_Y-1_U53,R9_F9_m-1f-1_P9_Y-1_U84,MXY,1,0.0,0,0,0.0,0,0,0,-9999.0,0.25,1,P8_CV0,1,1,1,1,1
10,-0.900968867902419,0.43388373911755823,R10_F10_m10f9_P10_Y0_UO356,R10_F10_m-1f-1_P10_Y-1_U25,R9_F9_m-1f-1_P9_Y-1_U48,MXY,1,0.0,0,0,0.0,0,0,0,-9999.0,0.75,1,P8_CV0,1,2,0,1,1
10,-0.900968867902419,0.43388373911755823,R10_F10_m10f9_P10_Y0_UO358,R10_F10_m-1f-1_P10_Y-1_U25,R9_F9_m-1f-1_P9_Y-1_U48,MXY,1,0.0,0,0,0.0,0,0,0,-9999.0,0.75,1,P8_CV0,1,1,1,1,1
10,-0.900968867902419,0.43388373911755823,R10_F10_m10f9_P10_Y0_UO359,R10_F10_m-1f-1_P10_Y-1_U25,R9_F9_m-1f-1_P9_Y-1_U48,FXX,1,0.0,0,0,0.0,0,0,0,-9999.0,0.75,1,P8_CV0,1,2,0,1,1
10,-0.900968867902419,0.43388373911755823,R10_F10_m10f9_P10_Y0_UO503,R10_F10_m-1f-1_P10_Y-1_U10,R9_F9_m-1f-1_P9_Y-1_U14,MXY,1,0.0,0,0,0.0,0,0,0,-9999.0,0.5,1,P8_CV0,1,1,1,2,0
10,-0.900968867902419,0.43388373911755823,R10_F10_m10f9_P10_Y0_UO504,R10_F10_m-1f-1_P10_Y-1_U10,R9_F9_m-1f-1_P9_Y-1_U14,MXY,1,0.0,0,0,0.0,0,0,0,-9999.0,0.5,1,P8_CV0,1,1,1,1,1
10,-0.900968867902419,0.43388373911755823,R10_F10_m10f9_P10_Y0_UO505,R10_F10_m-1f-1_P10_Y-1_U10,R9_F9_m-1f-1_P9_Y-1_U14,MXY,1,0.0,0,0,0.0,0,0,0,-9999.0,0.5,1,P8_CV0,1,1,1,2,0
10,-0.900968867902419,0.43388373911755823,R10_F10_m10f9_P10_Y0_UO884,R10_F10_m-1f-1_P10_Y-1_U25,R9_F9_m-1f-1_P9_Y-1_U8,MXY,1,0.0,0,0,0.0,0,0,0,-9999.0,0.5,1,P8_CV0,1,2,0,1,1
10,-0.900968867902419,0.43388373911755823,R10_F10_m10f9_P10_Y0_UO885,R10_F10_m-1f-1_P10_Y-1_U25,R9_F9_m-1f-1_P9_Y-1_U8,FXX,1,0.0,0,0,0.0,0,0,0,-9999.0,0.5,1,P8_CV0,1,2,0,1,1
10,-0.900968867902419,0.43388373911755823,R10_F10_m10f9_P10_Y0_UO925,R10_F10_m-1f-1_P10_Y-1_U70,R9_F9_m-1f-1_P9_Y-1_U86,MXY,1,0.0,0,0,0.0,0,0,0,-9999.0,0.75,1,P8_CV0,1,1,1,2,0
10,-0.900968867902419,0.43388373911755823,R10_F10_m10f9_P10_Y0_UO926,R10_F10_m-1f-1_P10_Y-1_U70,R9_F9_m-1f-1_P9_Y-1_U86,FXX,1,0.0,0,0,0.0,0,0,0,-9999.0,0.75,1,P8_CV0,1,2,0,2,0
10,-0.900968867902419,0.43388373911755823,RD10_F9_m-1f-1_P9_Y-1_U98,-9999,-9999,MXY,2,0.0,1,0,0.0,0,0,0,-9999.0,0.5,1,P8_CV0,1,1,1,2,0
10,-0.900968867902419,0.43388373911755823,RD10_F9_m-1f-1_P9_Y-1_U53,-9999,-9999,MXY,2,0.0,1,0,0.0,0,0,0,-9999.0,0.5,1,P8_CV0,1,1,1,1,1
10,-0.900968867902419,0.43388373911755823,RD10_F9_m-1f-1_P9_Y-1_U31,-9999,-9999,FXX,2,0.0,1,0,1.0,0,0,0,-9999.0,0.0,1,P8_CV0,1,0,2,0,2
10,-0.900968867902419,0.43388373911755823,RD10_F9_m-1f-1_P9_Y-1_U86,-9999,-9999,MXY,3,0.0,1,0,0.0,0,0,0,-9999.0,1.0,1,P8_CV0,1,2,0,1,1
10,-0.900968867902419,0.43388373911755823,R10_F10_m10f11_P10_Y0_UO38,R10_F10_m-1f-1_P10_Y-1_U25,R11_F11_m-1f-1_P11_Y-1_U4,FXX,1,0.0,0,0,0.0,0,0,0,-9999.0,0.5,1,P9_CV0,1,0,2,0,2
10,-0.900968867902419,0.43388373911755823,R10_F10_m10f11_P10_Y0_UO39,R10_F10_m-1f-1_P10_Y-1_U25,R11_F11_m-1f-1_P11_Y-1_U4,FXX,1,0.0,0,0,0.0,0,0,0,-9999.0,0.5,1,P9_CV0,1,1,1,0,2
10,-0.900968867902419,0.43388373911755823,R10_F10_m10f11_P10_Y0_UO42,R10_F10_m-1f-1_P10_Y-1_U25,R11_F11_m-1f-1_P11_Y-1_U4,FXX,1,0.0,0,0,0.0,0,0,0,-9999.0,0.5,1,P9_CV0,1,0,2,0,2
10,-0.900968867902419,0.43388373911755823,R10_F10_m10f11_P10_Y0_UO68,R10_F10_m-1f-1_P10_Y-1_U70,R11_F11_m-1f-1_P11_Y-1_U80,FXX,1,0.0,0,0,0.0,0,0,0,-9999.0,0.5,1,P9_CV0,1,1,1,2,0
10,-0.900968867902419,0.43388373911755823,R10_F10_m10f11_P10_Y0_UO69,R10_F10_m-1f-1_P10_Y-1_U70,R11_F11_m-1f-1_P11_Y-1_U80,MXY,1,0.0,0,0,0.0,0,0,0,-9999.0,0.5,1,P9_CV0,1,1,1,2,0
10,-0.900968867902419,0.43388373911755823,R10_F10_m10f11_P10_Y0_UO70,R10_F10_m-1f-1_P10_Y-1_U70,R11_F11_m-1f-1_P11_Y-1_U80,FXX,1,0.0,0,0,0.0,0,0,0,-9999.0,0.5,1,P9_CV0,1,1,1,2,0
10,-0.900968867902419,0.43388373911755823,R10_F10_m10f11_P10_Y0_UO205,R10_F10_m-1f-1_P10_Y-1_U99,R11_F11_m-1f-1_P11_Y-1_U15,FXX,1,0.0,0,0,0.0,0,0,0,-9999.0,0.25,1,P9_CV0,1,0,2,1,1
10,-0.900968867902419,0.43388373911755823,R10_F10_m10f11_P10_Y0_UO207,R10_F10_m-1f-1_P10_Y-1_U99,R11_F11_m-1f-1_P11_Y-1_U15,MXY,1,0.0,0,0,0.0,0,0,0,-9999.0,0.25,1,P9_CV0,1,1,1,1,1
10,-0.900968867902419,0.43388373911755823,R10_F10_m10f9_P10_Y0_UO239,R10_F10_m-1f-1_P10_Y-1_U53,R9_F9_m-1f-1_P9_Y-1_U84,MXY,1,0.0,0,0,0.0,0,0,0,-9999.0,0.25,1,P9_CV0,1,1,1,1,1
10,-0.900968867902419,0.43388373911755823,R10_F10_m10f9_P10_Y0_UO240,R10_F10_m-1f-1_P10_Y-1_U53,R9_F9_m-1f-1_P9_Y-1_U84,FXX,1,0.0,0,0,0.0,0,0,0,-9999.0,0.25,1,P9_CV0,1,0,2,2,0
10,-0.900968867902419,0.43388373911755823,R10_F10_m10f9_P10_Y0_UO241,R10_F10_m-1f-1_P10_Y-1_U53,R9_F9_m-1f-1_P9_Y-1_U84,FXX,1,0.0,0,0,0.0,0,0,0,-9999.0,0.25,1,P9_CV0,1,0,2,2,0
10,-0.900968867902419,0.43388373911755823,R10_F10_m10f11_P10_Y0_UO243,R10_F10_m-1f-1_P10_Y-1_U25,R11_F11_m-1f-1_P11_Y-1_U44,MXY,1,0.0,0,0,0.0,0,0,0,-9999.0,0.75,1,P9_CV0,1,1,1,1,1
10,-0.900968867902419,0.43388373911755823,R10_F10_m10f11_P10_Y0_UO245,R10_F10_m-1f-1_P10_Y-1_U25,R11_F11_m-1f-1_P11_Y-1_U44,FXX,1,0.0,0,0,0.0,0,0,0,-9999.0,0.75,1,P9_CV0,1,1,1,0,2
10,-0.900968867902419,0.43388373911755823,R10_F10_m10f11_P10_Y0_UO247,R10_F10_m-1f-1_P10_Y-1_U25,R11_F11_m-1f-1_P11_Y-1_U44,FXX,1,0.0,0,0,0.0,0,0,0,-9999.0,0.75,1,P9_CV0,1,1,1,1,1
10,-0.900968867902419,0.43388373911755823,R10_F10_m10f11_P10_Y0_UO248,R10_F10_m-1f-1_P10_Y-1_U25,R11_F11_m-1f-1_P11_Y-1_U44,MXY,1,0.0,0,0,0.0,0,0,0,-9999.0,0.75,1,P9_CV0,1,2,0,0,2
10,-0.900968867902419,0.43388373911755823,R10_F10_m10f9_P10_Y0_UO357,R10_F10_m-1f-1_P10_Y-1_U25,R9_F9_m-1f-1_P9_Y-1_U48,MXY,1,0.0,0,0,0.0,0,0,0,-9999.0,0.75,1,P9_CV0,1,1,1,1,1
10,-0.900968867902419,0.43388373911755823,R10_F10_m10f9_P10_Y0_UO360,R10_F10_m-1f-1_P10_Y-1_U25,R9_F9_m-1f-1_P9_Y-1_U48,MXY,1,0.0,0,0,0.0,0,0,0,-9999.0,0.75,1,P9_CV0,1,1,1,1,1
10,-0.900968867902419,0.43388373911755823,R10_F10_m10f9_P10_Y0_UO361,R10_F10_m-1f-1_P10_Y-1_U25,R9_F9_m-1f-1_P9_Y-1_U48,FXX,1,0.0,0,0,0.0,0,0,0,-9999.0,0.75,1,P9_CV0,1,2,0,1,1
10,-0.900968867902419,0.43388373911755823,R10_F10_m10f11_P10_Y0_UO509,R10_F10_m-1f-1_P10_Y-1_U71,R11_F11_m-1f-1_P11_Y-1_U4,MXY,1,0.0,0,0,0.0,0,0,0,-9999.0,0.5,1,P9_CV0,1,2,0,1,1
10,-0.900968867902419,0.43388373911755823,R10_F10_m10f9_P10_Y0_UO881,R10_F10_m-1f-1_P10_Y-1_U25,R9_F9_m-1f-1_P9_Y-1_U8,MXY,1,0.0,0,0,0.0,0,0,0,-9999.0,0.5,1,P9_CV0,1,2,0,1,1
10,-0.900968867902419,0.43388373911755823,R10_F10_m10f9_P10_Y0_UO882,R10_F10_m-1f-1_P10_Y-1_U25,R9_F9_m-1f-1_P9_Y-1_U8,MXY,1,0.0,0,0,0.0,0,0,0,-9999.0,0.5,1,P9_CV0,1,2,0,1,1
10,-0.900968867902419,0.43388373911755823,R10_F10_m10f9_P10_Y0_UO922,R10_F10_m-1f-1_P10_Y-1_U70,R9_F9_m-1f-1_P9_Y-1_U86,FXX,1,0.0,0,0,0.0,0,0,0,-9999.0,0.75,1,P9_CV0,1,2,0,2,0
10,-0.900968867902419,0.43388373911755823,R10_F10_m10f9_P10_Y0_UO924,R10_F10_m-1f-1_P10_Y-1_U70,R9_F9_m-1f-1_P9_Y-1_U86,MXY,1,0.0,0,0,0.0,0,0,0,-9999.0,0.75,1,P9_CV0,1,2,0,1,1
10,-0.900968867902419,0.43388373911755823,R10_F10_m10f9_P10_Y0_UO927,R10_F10_m-1f-1_P10_Y-1_U70,R9_F9_m-1f-1_P9_Y-1_U86,MXY,1,0.0,0,0,0.0,0,0,0,-9999.0,0.75,1,P9_CV0,1,2,0,2,0
10,-0.900968867902419,0.43388373911755823,R10_F10_m10f11_P10_Y0_UO962,R10_F10_m-1f-1_P10_Y-1_U71,R11_F11_m-1f-1_P11_Y-1_U6,FXX,1,0.0,0,0,0.0,0,0,0,-9999.0,0.5,1,P9_CV0,1,0,2,2,0
10,-0.900968867902419,0.43388373911755823,R10_F10_m10f11_P10_Y0_UO964,R10_F10_m-1f-1_P10_Y-1_U71,R11_F11_m-1f-1_P11_Y-1_U6,FXX,1,0.0,0,0,0.0,0,0,0,-9999.0,0.5,1,P9_CV0,1,1,1,2,0
10,-0.900968867902419,0.43388373911755823,R10_F10_m10f11_P10_Y0_UO967,R10_F10_m-1f-1_P10_Y-1_U71,R11_F11_m-1f-1_P11_Y-1_U6,FXX,1,0.0,0,0,0.0,0,0,0,-9999.0,0.5,1,P9_CV0,1,1,1,2,0
10,-0.900968867902419,0.43388373911755823,R10_F10_m10f11_P10_Y0_UO1041,R10_F10_m-1f-1_P10_Y-1_U70,R11_F11_m-1f-1_P11_Y-1_U19,MXY,1,0.0,0,0,0.0,0,0,0,-9999.0,0.25,1,P9_CV0,1,1,1,2,0
10,-0.900968867902419,0.43388373911755823,R10_F10_m10f11_P10_Y0_UO1042,R10_F10_m-1f-1_P10_Y-1_U70,R11_F11_m-1f-1_P11_Y-1_U19,MXY,1,0.0,0,0,0.0,0,0,0,-9999.0,0.25,1,P9_CV0,1,1,1,2,0
10,-0.900968867902419,0.43388373911755823,R10_F10_m10f11_P10_Y0_UO1043,R10_F10_m-1f-1_P10_Y-1_U70,R11_F11_m-1f-1_P11_Y-1_U19,FXX,1,0.0,0,0,0.0,0,0,0,-9999.0,0.25,1,P9_CV0,1,1,1,2,0
10,-0.900968867902419,0.43388373911755823,R10_F10_m10f11_P10_Y0_UO1044,R10_F10_m-1f-1_P10_Y-1_U70,R11_F11_m-1f-1_P11_Y-1_U19,MXY,1,0.0,0,0,0.0,0,0,0,-9999.0,0.25,1,P9_CV0,1,0,2,2,0
10,-0.900968867902419,0.43388373911755823,R10_F10_m10f11_P10_Y0_UO1231,R10_F10_m-1f-1_P10_Y-1_U49,R11_F11_m-1f-1_P11_Y-1_U6,MXY,1,0.0,0,0,0.0,0,0,0,-9999.0,0.5,1,P9_CV0,1,1,1,1,1
10,-0.900968867902419,0.43388373911755823,R10_F10_m10f11_P10_Y0_UO1233,R10_F10_m-1f-1_P10_Y-1_U49,R11_F11_m-1f-1_P11_Y-1_U6,MXY,1,0.0,0,0,0.0,0,0,0,-9999.0,0.5,1,P9_CV0,1,0,2,2,0
10,-0.900968867902419,0.43388373911755823,R10_F10_m10f11_P10_Y0_UO1235,R10_F10_m-1f-1_P10_Y-1_U49,R11_F11_m-1f-1_P11_Y-1_U6,MXY,1,0.0,0,0,0.0,0,0,0,-9999.0,0.5,1,P9_CV0,1,1,1,1,1
10,-0.900968867902419,0.43388373911755823,R10_F10_m10f11_P10_Y0_UO1278,R10_F10_m-1f-1_P10_Y-1_U62,R11_F11_m-1f-1_P11_Y-1_U59,FXX,1,0.0,0,0,0.0,0,0,0,-9999.0,0.25,1,P9_CV0,1,0,2,1,1
10,-0.900968867902419,0.43388373911755823,R10_F10_m10f11_P10_Y0_UO1280,R10_F10_m-1f-1_P10_Y-1_U62,R11_F11_m-1f-1_P11_Y-1_U59,MXY,1,0.0,0,0,0.0,0,0,0,-9999.0,0.25,1,P9_CV0,1,1,1,1,1
10,-0.900968867902419,0.43388373911755823,R10_F10_m-1f-1_P10_Y-1_U19,-9999,-9999,MXY,2,0.0,1,0,0.0,0,0,0,-9999.0,1.0,1,P9_CV0,1,2,0,0,2
10,-0.900968867902419,0.43388373911755823,R10_F10_m-1f-1_P10_Y-1_U39,-9999,-9999,FXX,2,0.0,1,0,1.0,0,0,0,-9999.0,0.0,1,P9_CV0,1,0,2,0,2
10,-0.900968867902419,0.43388373911755823,R10_F10_m-1f-1_P10_Y-1_U74,-9999,-9999,MXY,2,0.0,1,0,0.0,0,0,0,-9999.0,0.0,1,P9_CV0,1,0,2,0,2
10,-0.900968867902419,0.43388373911755823,R10_F10_m-1f-1_P10_Y-1_U90,-9999,-9999,MXY,2,0.0,1,0,0.0,0,0,0,-9999.0,0.5,1,P9_CV0,1,1,1,0,2
10,-0.900968867902419,0.43388373911755823,R10_F10_m-1f-1_P10_Y-1_U41,-9999,-9999,MXY,2,0.0,1,0,0.0,0,0,0,-9999.0,0.5,1,P9_CV0,1,1,1,1,1
10,-0.900968867902419,0.43388373911755823,R10_F10_m-1f-1_P10_Y-1_U43,-9999,-9999,MXY,2,0.0,1,0,0.0,0,0,0,-9999.0,0.0,1,P9_CV0,1,0,2,2,0
10,-0.900968867902419,0.43388373911755823,R10_F10_m-1f-1_P10_Y-1_U52,-9999,-9999,FXX,2,0.0,1,0,1.0,0,0,0,-9999.0,0.0,1,P9_CV0,1,0,2,0,2
10,-0.900968867902419,0.43388373911755823,R10_F10_m-1f-1_P10_Y-1_U15,-9999,-9999,MXY,2,0.0,1,0,0.0,0,0,0,-9999.0,0.5,1,P9_CV0,1,1,1,2,0
10,-0.900968867902419,0.43388373911755823,R10_F10_m-1f-1_P10_Y-1_U3,-9999,-9999,FXX,2,0.0,1,0,1.0,0,0,0,-9999.0,0.5,1,P9_CV0,1,1,1,2,0
10,-0.900968867902419,0.43388373911755823,R10_F10_m-1f-1_P10_Y-1_U89,-9999,-9999,MXY,2,0.0,1,0,0.0,0,0,0,-9999.0,0.5,1,P9_CV0,1,1,1,0,2
10,-0.900968867902419,0.43388373911755823,R10_F10_m-1f-1_P10_Y-1_U70,-9999,-9999,FXX,3,0.0,1,0,1.0,0,0,0,-9999.0,0.5,1,P9_CV0,1,1,1,2,0
10,-0.900968867902419,0.43388373911755823,R10_F10_m-1f-1_P10_Y-1_U0,-9999,-9999,MXY,3,0.0,1,0,0.0,0,0,0,-9999.0,1.0,1,P9_CV0,1,2,0,1,1
10,-0.900968867902419,0.43388373911755823,R10_F10_m-1f-1_P10_Y-1_U80,-9999,-9999,FXX,3,0.0,1,0,1.0,0,0,0,-9999.0,1.0,1,P9_CV0,1,2,0,1,1
10,-0.900968867902419,0.43388373911755823,R10_F10_m-1f-1_P10_Y-1_U30,-9999,-9999,MXY,4,0.0,1,0,0.0,0,0,0,-9999.0,0.0,1,P9_CV0,1,0,2,0,2
10,-0.900968867902419,0.43388373911755823,R10_F10_m-1f-1_P10_Y-1_U57,-9999,-9999,FXX,4,0.0,1,0,1.0,0,0,0,-9999.0,1.0,1,P9_CV0,1,2,0,1,1
10,-0.900968867902419,0.43388373911755823,R10_F10_m-1f-1_P10_Y-1_U64,-9999,-9999,FXX,4,0.0,1,0,1.0,0,0,0,-9999.0,1.0,1,P9_CV0,1,2,0,2,0
10,-0.900968867902419,0.43388373911755823,R10_F10_m-1f-1_P10_Y-1_U86,-9999,-9999,FXX,4,0.0,1,0,1.0,0,0,0,-9999.0,0.5,1,P9_CV0,1,1,1,1,1
11,-0.9888308262251285,0.14904226617617472,RD11_F10_m10f11_P10_Y0_UO966,R10_F10_m-1f-1_P10_Y-1_U71,R11_F11_m-1f-1_P11_Y-1_U6,FXX,1,0.0,0,0,0.0,0,0,0,-9999.0,0.5,1,P10_CV0,1,0,2,2,0
11,-0.9888308262251285,0.14904226617617472,RD11_F12_m12f11_P12_Y0_UO652,R12_F12_m-1f-1_P12_Y-1_U86,R11_F11_m-1f-1_P11_Y-1_U80,FXX,1,0.0,0,0,0.0,0,0,0,-9999.0,0.5,1,P10_CV0,1,0,2,1,1
11,-0.9888308262251285,0.14904226617617472,R11_F11_m11f12_P11_Y0_UO309,R11_F11_m-1f-1_P11_Y-1_U70,R12_F12_m-1f-1_P12_Y-1_U14,FXX,1,0.0,0,0,0.0,0,0,0,-9999.0,0.0,1,P10_CV0,1,0,2,1,1
11,-0.9888308262251285,0.14904226617617472,R11_F11_m11f12_P11_Y0_UO1243,R11_F11_m-1f-1_P11_Y-1_U52,R12_F12_m-1f-1_P12_Y-1_U7,MXY,1,0.0,0,0,0.0,0,0,0,-9999.0,0.5,1,P10_CV0,1,1,1,0,2
11,-0.9888308262251285,0.14904226617617472,R11_F11_m11f12_P11_Y0_UO417,R11_F11_m-1f-1_P11_Y-1_U12,R12_F12_m-1f-1_P12_Y-1_U55,FXX,1,0.0,0,0,0.0,0,0,0,-9999.0,0.5,1,P10_CV0,1,1,1,1,1
11,-0.9888308262251285,0.14904226617617472,R11_F11_m11f12_P11_Y0_UO1263,R11_F11_m-1f-1_P11_Y-1_U25,R12_F12_m-1f-1_P12_Y-1_U45,MXY,1,0.0,0,0,0.0,0,0,0,-9999.0,0.5,1,P10_CV0,1,0,2,2,0
11,-0.9888308262251285,0.14904226617617472,R11_F11_m11f10_P11_Y0_UO914,R11_F11_m-1f-1_P11_Y-1_U25,R10_F10_m-1f-1_P10_Y-1_U42,MXY,1,0.0,0,0,0.0,0,0,0,-9999.0,0.75,1,P10_CV0,1,2,0,1,1
11,-0.9888308262251285,0.14904226617617472,RD11_F12_m12f11_P12_Y0_UO544,R12_F12_m-1f-1_P12_Y-1_U83,R11_F11_m-1f-1_P11_Y-1_U59,MXY,1,0.0,0,0,0.0,0,0,0,-9999.0,0.5,1,P10_CV0,1,1,1,1,1
11,-0.9888308262251285,0.14904226617617472,R11_F11_m11f12_P11_Y0_UO1262,R11_F11_m-1f-1_P11_Y-1_U25,R12_F12_m-1f-1_P12_Y-1_U45,FXX,1,0.0,0,0,0.0,0,0,0,-9999.0,0.5,1,P10_CV0,1,0,2,2,0
11,-0.9888308262251285,0.14904226617617472,R11_F11_m11f12_P11_Y0_UO440,R11_F11_m-1f-1_P11_Y-1_U48,R12_F12_m-1f-1_P12_Y-1_U55,MXY,1,0.0,0,0,0.0,0,0,0,-9999.0,0.5,1,P10_CV0,1,2,0,0,2
11,-0.9888308262251285,0.14904226617617472,R11_F11_m11f10_P11_Y0_UO107,R11_F11_m-1f-1_P11_Y-1_U58,R10_F10_m-1f-1_P10_Y-1_U42,FXX,1,0.0,0,0,0.0,0,0,0,-9999.0,0.75,1,P10_CV0,1,1,1,1,1
11,-0.9888308262251285,0.14904226617617472,R11_F11_m11f12_P11_Y0_UO1160,R11_F11_m-1f-1_P11_Y-1_U52,R12_F12_m-1f-1_P12_Y-1_U47,FXX,1,0.0,0,0,0.0,0,0,0,-9999.0,0.5,1,P10_CV0,1,1,1,1,1
11,-0.9888308262251285,0.14904226617617472,R11_F11_m11f10_P11_Y0_UO104,R11_F11_m-1f-1_P11_Y-1_U58,R10_F10_m-1f-1_P10_Y-1_U42,MXY,1,0.0,0,0,0.0,0,0,0,-9999.0,0.75,1,P10_CV0,1,1,1,1,1
11,-0.9888308262251285,0.14904226617617472,R11_F11_m11f12_P11_Y0_UO418,R11_F11_m-1f-1_P11_Y-1_U12,R12_F12_m-1f-1_P12_Y-1_U55,MXY,1,0.0,0,0,0.0,0,0,0,-9999.0,0.5,1,P10_CV0,1,1,1,1,1
11,-0.9888308262251285,0.14904226617617472,R11_F11_m11f10_P11_Y0_UO873,R11_F11_m-1f-1_P11_Y-1_U98,R10_F10_m-1f-1_P10_Y-1_U40,MXY,1,0.0,0,0,0.0,0,0,0,-9999.0,0.75,1,P10_CV0,1,1,1,1,1
11,-0.9888308262251285,0.14904226617617472,RD11_F12_m12f11_P12_Y0_UO459,R12_F12_m-1f-1_P12_Y-1_U10,R11_F11_m-1f-1_P11_Y-1_U72,FXX,1,0.0,0,0,0.0,0,0,0,-9999.0,0.75,1,P10_CV0,1,2,0,1,1
11,-0.9888308262251285,0.14904226617617472,R11_F11_m11f12_P11_Y0_UO1157,R11_F11_m-1f-1_P11_Y-1_U52,R12_F12_m-1f-1_P12_Y-1_U47,FXX,1,0.0,0,0,0.0,0,0,0,-9999.0,0.5,1,P10_CV0,1,1,1,2,0
11,-0.9888308262251285,0.14904226617617472,R11_F11_m11f12_P11_Y0_UO305,R11_F11_m-1f-1_P11_Y-1_U70,R12_F12_m-1f-1_P12_Y-1_U14,MXY,1,0.0,0,0,0.0,0,0,0,-9999.0,0.0,1,P10_CV0,1,0,2,2,0
11,-0.9888308262251285,0.14904226617617472,R11_F11_m11f10_P11_Y0_UO983,R11_F11_m-1f-1_P11_Y-1_U98,R10_F10_m-1f-1_P10_Y-1_U81,MXY,1,0.0,0,0,0.0,0,0,0,-9999.0,0.5,1,P10_CV0,1,1,1,1,1
11,-0.9888308262251285,0.14904226617617472,R11_F11_m11f10_P11_Y0_UO108,R11_F11_m-1f-1_P11_Y-1_U58,R10_F10_m-1f-1_P10_Y-1_U42,FXX,1,0.0,0,0,0.0,0,0,0,-9999.0,0.75,1,P10_CV0,1,1,1,1,1
11,-0.9888308262251285,0.14904226617617472,R11_F11_m11f12_P11_Y0_UO306,R11_F11_m-1f-1_P11_Y-1_U70,R12_F12_m-1f-1_P12_Y-1_U14,MXY,1,0.0,0,0,0.0,0,0,0,-9999.0,0.0,1,P10_CV0,1,0,2,1,1
11,-0.9888308262251285,0.14904226617617472,R11_F11_m11f10_P11_Y0_UO109,R11_F11_m-1f-1_P11_Y-1_U58,R10_F10_m-1f-1_P10_Y-1_U42,MXY,1,0.0,0,0,0.0,0,0,0,-9999.0,0.75,1,P10_CV0,1,1,1,1,1
11,-0.9888308262251285,0.14904226617617472,R11_F11_m11f12_P11_Y0_UO663,R11_F11_m-1f-1_P11_Y-1_U32,R12_F12_m-1f-1_P12_Y-1_U7,FXX,1,0.0,0,0,0.0,0,0,0,-9999.0,0.75,1,P10_CV0,1,1,1,1,1
11,-0.9888308262251285,0.14904226617617472,R11_F11_m11f10_P11_Y0_UO669,R11_F11_m-1f-1_P11_Y-1_U52,R10_F10_m-1f-1_P10_Y-1_U88,MXY,1,0.0,0,0,0.0,0,0,0,-9999.0,0.0,1,P10_CV0,1,0,2,0,2
11,-0.9888308262251285,0.14904226617617472,R11_F11_m11f12_P11_Y0_UO442,R11_F11_m-1f-1_P11_Y-1_U48,R12_F12_m-1f-1_P12_Y-1_U55,FXX,1,0.0,0,0,0.0,0,0,0,-9999.0,0.5,1,P10_CV0,1,2,0,0,2
11,-0.9888308262251285,0.14904226617617472,R11_F11_m11f12_P11_Y0_UO416,R11_F11_m-1f-1_P11_Y-1_U12,R12_F12_m-1f-1_P12_Y-1_U55,MXY,1,0.0,0,0,0.0,0,0,0,-9999.0,0.5,1,P10_CV0,1,1,1,1,1
11,-0.9888308262251285,0.14904226617617472,R11_F11_m11f12_P11_Y0_UO1259,R11_F11_m-1f-1_P11_Y-1_U25,R12_F12_m-1f-1_P12_Y-1_U45,FXX,1,0.0,0,0,0.0,0,0,0,-9999.0,0.5,1,P10_CV0,1,1,1,1,1
11,-0.9888308262251285,0.14904226617617472,R11_F11_m11f10_P11_Y0_UO875,R11_F11_m-1f-1_P11_Y-1_U98,R10_F10_m-1f-1_P10_Y-1_U40,MXY,1,0.0,0,0,0.0,0,0,0,-9999.0,0.75,1,P10_CV0,1,1,1,1,1
11,-0.9888308262251285,0.14904226617617472,R11_F11_m11f10_P11_Y0_UO916,R11_F11_m-1f-1_P11_Y-1_U25,R10_F10_m-1f-1_P10_Y-1_U42,MXY,1,0.0,0,0,0.0,0,0,0,-9999.0,0.75,1,P10_CV0,1,2,0,1,1
11,-0.9888308262251285,0.14904226617617472,R11_F11_m11f10_P11_Y0_UO982,R11_F11_m-1f-1_P11_Y-1_U98,R10_F10_m-1f-1_P10_Y-1_U81,MXY,1,0.0,0,0,0.0,0,0,0,-9999.0,0.5,1,P10_CV0,1,0,2,1,1
11,-0.9888308262251285,0.14904226617617472,R11_F11_m11f12_P11_Y0_UO1244,R11_F11_m-1f-1_P11_Y-1_U52,R12_F12_m-1f-1_P12_Y-1_U7,MXY,1,0.0,0,0,0.0,0,0,0,-9999.0,0.5,1,P10_CV0,1,1,1,1,1
11,-0.9888308262251285,0.14904226617617472,R11_F11_m11f10_P11_Y0_UO917,R11_F11_m-1f-1_P11_Y-1_U25,R10_F10_m-1f-1_P10_Y-1_U42,FXX,1,0.0,0,0,0.0,0,0,0,-9999.0,0.75,1,P10_CV0,1,1,1,1,1
11,-0.9888308262251285,0.14904226617617472,R11_F11_m11f12_P11_Y0_UO1248,R11_F11_m-1f-1_P11_Y-1_U52,R12_F12_m-1f-1_P12_Y-1_U7,MXY,1,0.0,0,0,0.0,0,0,0,-9999.0,0.5,1,P10_CV0,1,1,1,0,2
11,-0.9888308262251285,0.14904226617617472,R11_F11_m11f12_P11_Y0_UO660,R11_F11_m-1f-1_P11_Y-1_U32,R12_F12_m-1f-1_P12_Y-1_U7,MXY,1,0.0,0,0,0.0,0,0,0,-9999.0,0.75,1,P10_CV0,1,1,1,0,2
11,-0.9888308262251285,0.14904226617617472,R11_F11_m11f10_P11_Y0_UO664,R11_F11_m-1f-1_P11_Y-1_U52,R10_F10_m-1f-1_P10_Y-1_U88,MXY,1,0.0,0,0,0.0,0,0,0,-9999.0,0.0,1,P10_CV0,1,0,2,1,1
11,-0.9888308262251285,0.14904226617617472,R11_F11_m11f10_P11_Y0_UO667,R11_F11_m-1f-1_P11_Y-1_U52,R10_F10_m-1f-1_P10_Y-1_U88,FXX,1,0.0,0,0,0.0,0,0,0,-9999.0,0.0,1,P10_CV0,1,0,2,1,1
11,-0.9888308262251285,0.14904226617617472,R11_F11_m-1f-1_P11_Y-1_U22,-9999,-9999,MXY,2,0.0,1,0,0.0,0,0,0,-9999.0,0.5,1,P10_CV0,1,1,1,1,1
11,-0.9888308262251285,0.14904226617617472,R11_F11_m-1f-1_P11_Y-1_U46,-9999,-9999,FXX,2,0.0,1,0,1.0,0,0,0,-9999.0,0.0,1,P10_CV0,1,0,2,1,1
11,-0.9888308262251285,0.14904226617617472,R11_F11_m-1f-1_P11_Y-1_U28,-9999,-9999,FXX,2,0.0,1,0,1.0,0,0,0,-9999.0,0.5,1,P10_CV0,1,1,1,1,1
11,-0.9888308262251285,0.14904226617617472,R11_F11_m-1f-1_P11_Y-1_U55,-9999,-9999,FXX,2,0.0,1,0,1.0,0,0,0,-9999.0,0.5,1,P10_CV0,1,1,1,1,1
11,-0.9888308262251285,0.14904226617617472,R11_F11_m-1f-1_P11_Y-1_U95,-9999,-9999,FXX,2,0.0,1,0,1.0,0,0,0,-9999.0,1.0,1,P10_CV0,1,2,0,1,1
11,-0.9888308262251285,0.14904226617617472,R11_F11_m-1f-1_P11_Y-1_U40,-9999,-9999,FXX,2,0.0,1,0,1.0,0,0,0,-9999.0,0.0,1,P10_CV0,1,0,2,1,1
11,-0.9888308262251285,0.14904226617617472,R11_F11_m-1f-1_P11_Y-1_U60,-9999,-9999,MXY,2,0.0,1,0,0.0,0,0,0,-9999.0,1.0,1,P10_CV0,1,2,0,0,2
11,-0.9888308262251285,0.14904226617617472,R11_F11_m-1f-1_P11_Y-1_U74,-9999,-9999,FXX,2,0.0,1,0,1.0,0,0,0,-9999.0,0.5,1,P10_CV0,1,1,1,1,1
11,-0.9888308262251285,0.14904226617617472,R11_F11_m-1f-1_P11_Y-1_U30,-9999,-9999,MXY,2,0.0,1,0,0.0,0,0,0,-9999.0,0.5,1,P10_CV0,1,1,1,2,0
11,-0.9888308262251285,0.14904226617617472,R11_F11_m-1f-1_P11_Y-1_U36,-9999,-9999,MXY,2,0.0,1,0,0.0,0,0,0,-9999.0,0.0,1,P10_CV0,1,0,2,1,1
11,-0.9888308262251285,0.14904226617617472,R11_F11_m-1f-1_P11_Y-1_U96,-9999,-9999,FXX,2,0.0,1,0,1.0,0,0,0,-9999.0,1.0,1,P10_CV0,1,2,0,2,0
11,-0.9888308262251285,0.14904226617617472,R11_F11_m-1f-1_P11_Y-1_U50,-9999,-9999,MXY,2,0.0,1,0,0.0,0,0,0,-9999.0,0.5,1,P10_CV0,1,1,1,0,2
11,-0.9888308262251285,0.14904226617617472,R11_F11_m-1f-1_P11_Y-1_U69,-9999,-9999,MXY,3,0.0,1,0,0.0,0,0,0,-9999.0,0.0,1,P10_CV0,1,0,2,1,1
11,-0.9888308262251285,0.14904226617617472,R11_F11_m-1f-1_P11_Y-1_U88,-9999,-9999,FXX,4,0.0,1,0,1.0,0,0,0,-9999.0,1.0,1,P10_CV0,1,2,0,1,1
11,-0.9888308262251285,0.14904226617617472,R11_F11_m-1f-1_P11_Y-1_U27,-9999,-9999,MXY,4,0.0,1,0,0.0,0,0,0,-9999.0,0.0,1,P10_CV0,1,0,2,0,2
11,-0.9888308262251285,0.14904226617617472,R11_F11_m11f12_P11_Y0_UO1246,R11_F11_m-1f-1_P11_Y-1_U52,R12_F12_m-1f-1_P12_Y-1_U7,FXX,1,0.0,0,0,0.0,0,0,0,-9999.0,0.5,1,P11_CV0,1,1,1,0,2
11,-0.9888308262251285,0.14904226617617472,R11_F11_m11f12_P11_Y0_UO437,R11_F11_m-1f-1_P11_Y-1_U48,R12_F12_m-1f-1_P12_Y-1_U55,FXX,1,0.0,0,0,0.0,0,0,0,-9999.0,0.5,1,P11_CV0,1,1,1,0,2
11,-0.9888308262251285,0.14904226617617472,R11_F11_m11f12_P11_Y0_UO662,R11_F11_m-1f-1_P11_Y-1_U32,R12_F12_m-1f-1_P12_Y-1_U7,FXX,1,0.0,0,0,0.0,0,0,0,-9999.0,0.75,1,P11_CV0,1,1,1,0,2
11,-0.9888308262251285,0.14904226617617472,R11_F11_m11f12_P11_Y0_UO659,R11_F11_m-1f-1_P11_Y-1_U32,R12_F12_m-1f-1_P12_Y-1_U7,FXX,1,0.0,0,0,0.0,0,0,0,-9999.0,0.75,1,P11_CV0,1,2,0,0,2
11,-0.9888308262251285,0.14904226617617472,R11_F11_m11f12_P11_Y0_UO441,R11_F11_m-1f-1_P11_Y-1_U48,R12_F12_m-1f-1_P12_Y-1_U55,FXX,1,0.0,0,0,0.0,0,0,0,-9999.0,0.5,1,P11_CV0,1,1,1,0,2
11,-0.9888308262251285,0.14904226617617472,R11_F11_m11f12_P11_Y0_UO1245,R11_F11_m-1f-1_P11_Y-1_U52,R12_F12_m-1f-1_P12_Y-1_U7,MXY,1,0.0,0,0,0.0,0,0,0,-9999.0,0.5,1,P11_CV0,1,1,1,0,2
11,-0.9888308262251285,0.14904226617617472,R11_F11_m11f12_P11_Y0_UO1247,R11_F11_m-1f-1_P11_Y-1_U52,R12_F12_m-1f-1_P12_Y-1_U7,FXX,1,0.0,0,0,0.0,0,0,0,-9999.0,0.5,1,P11_CV0,1,1,1,1,1
11,-0.9888308262251285,0.14904226617617472,R11_F11_m11f12_P11_Y0_UO1156,R11_F11_m-1f-1_P11_Y-1_U52,R12_F12_m-1f-1_P12_Y-1_U47,FXX,1,0.0,0,0,0.0,0,0,0,-9999.0,0.5,1,P11_CV0,1,1,1,2,0
11,-0.9888308262251285,0.14904226617617472,R11_F11_m11f12_P11_Y0_UO1260,R11_F11_m-1f-1_P11_Y-1_U25,R12_F12_m-1f-1_P12_Y-1_U45,MXY,1,0.0,0,0,0.0,0,0,0,-9999.0,0.5,1,P11_CV0,1,0,2,1,1
11,-0.9888308262251285,0.14904226617617472,R11_F11_m11f12_P11_Y0_UO1261,R11_F11_m-1f-1_P11_Y-1_U25,R12_F12_m-1f-1_P12_Y-1_U45,MXY,1,0.0,0,0,0.0,0,0,0,-9999.0,0.5,1,P11_CV0,1,1,1,1,1
11,-0.9888308262251285,0.14904226617617472,R11_F11_m11f12_P11_Y0_UO661,R11_F11_m-1f-1_P11_Y-1_U32,R12_F12_m-1f-1_P12_Y-1_U7,FXX,1,0.0,0,0,0.0,0,0,0,-9999.0,0.75,1,P11_CV0,1,1,1,0,2
11,-0.9888308262251285,0.14904226617617472,R11_F11_m11f12_P11_Y0_UO415,R11_F11_m-1f-1_P11_Y-1_U12,R12_F12_m-1f-1_P12_Y-1_U55,FXX,1,0.0,0,0,0.0,0,0,0,-9999.0,0.5,1,P11_CV0,1,2,0,1,1
11,-0.9888308262251285,0.14904226617617472,R11_F11_m11f12_P11_Y0_UO307,R11_F11_m-1f-1_P11_Y-1_U70,R12_F12_m-1f-1_P12_Y-1_U14,FXX,1,0.0,0,0,0.0,0,0,0,-9999.0,0.0,1,P11_CV0,1,0,2,1,1
11,-0.9888308262251285,0.14904226617617472,R11_F11_m11f12_P11_Y0_UO1158,R11_F11_m-1f-1_P11_Y-1_U52,R12_F12_m-1f-1_P12_Y-1_U47,FXX,1,0.0,0,0,0.0,0,0,0,-9999.0,0.5,1,P11_CV0,1,1,1,0,2
11,-0.9888308262251285,0.14904226617617472,R11_F11_m11f12_P11_Y0_UO1257,R11_F11_m-1f-1_P11_Y-1_U25,R12_F12_m-1f-1_P12_Y-1_U45,MXY,1,0.0,0,0,0.0,0,0,0,-9999.0,0.5,1,P11_CV0,1,0,2,1,1
11,-0.9888308262251285,0.14904226617617472,R11_F11_m11f12_P11_Y0_UO1242,R11_F11_m-1f-1_P11_Y-1_U52,R12_F12_m-1f-1_P12_Y-1_U7,MXY,1,0.0,0,0,0.0,0,0,0,-9999.0,0.5,1,P11_CV0,1,1,1,1,1
11,-0.9888308262251285,0.14904226617617472,RD11_F12_m12f11_P12_Y0_UO314,R12_F12_m-1f-1_P12_Y-1_U37,R11_F11_m-1f-1_P11_Y-1_U80,FXX,1,0.0,0,0,0.0,0,0,0,-9999.0,0.25,1,P11_CV0,1,0,2,1,1
11,-0.9888308262251285,0.14904226617617472,RD11_F12_m-1f-1_P12_Y-1_U78,-9999,-9999,FXX,2,0.0,1,0,1.0,0,0,0,-9999.0,1.0,1,P11_CV0,1,2,0,2,0
11,-0.9888308262251285,0.14904226617617472,RD11_F12_m12f13_P12_Y0_UO1050,R12_F12_m-1f-1_P12_Y-1_U75,R13_F13_m-1f-1_P13_Y-1_U3,MXY,1,0.0,0,0,0.0,0,0,0,-9999.0,0.5,1,P12_CV0,1,1,1,1,1
11,-0.9888308262251285,0.14904226617617472,RD11_F10_m10f9_P10_Y0_UO921,R10_F10_m-1f-1_P10_Y-1_U70,R9_F9_m-1f-1_P9_Y-1_U86,MXY,1,0.0,0,0,0.0,0,0,0,-9999.0,0.75,1,P8_CV0,1,1,1,1,1
11,-0.9888308262251285,0.14904226617617472,RD11_F10_m10f9_P10_Y0_UO238,R10_F10_m-1f-1_P10_Y-1_U53,R9_F9_m-1f-1_P9_Y-1_U84,FXX,1,0.0,0,0,0.0,0,0,0,-9999.0,0.25,1,P8_CV0,1,0,2,0,2
11,-0.9888308262251285,0.14904226617617472,RD11_F10_m10f9_P10_Y0_UO242,R10_F10_m-1f-1_P10_Y-1_U53,R9_F9_m-1f-1_P9_Y-1_U84,FXX,1,0.0,0,0,0.0,0,0,0,-9999.0,0.25,1,P8_CV0,1,0,2,2,0
11,-0.9888308262251285,0.14904226617617472,R11_F11_m11f10_P11_Y0_UO915,R11_F11_m-1f-1_P11_Y-1_U25,R10_F10_m-1f-1_P10_Y-1_U42,MXY,1,0.0,0,0,0.0,0,0,0,-9999.0,0.75,1,P9_CV0,1,2,0,2,0
11,-0.9888308262251285,0.14904226617617472,R11_F11_m11f10_P11_Y0_UO874,R11_F11_m-1f-1_P11_Y-1_U98,R10_F10_m-1f-1_P10_Y-1_U40,FXX,1,0.0,0,0,0.0,0,0,0,-9999.0,0.75,1,P9_CV0,1,2,0,1,1
11,-0.9888308262251285,0.14904226617617472,R11_F11_m11f10_P11_Y0_UO989,R11_F11_m-1f-1_P11_Y-1_U52,R10_F10_m-1f-1_P10_Y-1_U65,MXY,1,0.0,0,0,0.0,0,0,0,-9999.0,0.25,1,P9_CV0,1,0,2,0,2
11,-0.9888308262251285,0.14904226617617472,R11_F11_m11f10_P11_Y0_UO665,R11_F11_m-1f-1_P11_Y-1_U52,R10_F10_m-1f-1_P10_Y-1_U88,FXX,1,0.0,0,0,0.0,0,0,0,-9999.0,0.0,1,P9_CV0,1,0,2,1,1
11,-0.9888308262251285,0.14904226617617472,RD11_F10_m10f11_P10_Y0_UO206,R10_F10_m-1f-1_P10_Y-1_U99,R11_F11_m-1f-1_P11_Y-1_U15,FXX,1,0.0,0,0,0.0,0,0,0,-9999.0,0.25,1,P9_CV0,1,1,1,2,0
11,-0.9888308262251285,0.14904226617617472,R11_F11_m11f10_P11_Y0_UO876,R11_F11_m-1f-1_P11_Y-1_U98,R10_F10_m-1f-1_P10_Y-1_U40,MXY,1,0.0,0,0,0.0,0,0,0,-9999.0,0.75,1,P9_CV0,1,2,0,0,2
11,-0.9888308262251285,0.14904226617617472,R11_F11_m11f10_P11_Y0_UO985,R11_F11_m-1f-1_P11_Y-1_U98,R10_F10_m-1f-1_P10_Y-1_U81,FXX,1,0.0,0,0,0.0,0,0,0,-9999.0,0.5,1,P9_CV0,1,1,1,0,2
11,-0.9888308262251285,0.14904226617617472,R11_F11_m11f10_P11_Y0_UO912,R11_F11_m-1f-1_P11_Y-1_U25,R10_F10_m-1f-1_P10_Y-1_U42,MXY,1,0.0,0,0,0.0,0,0,0,-9999.0,0.75,1,P9_CV0,1,1,1,2,0
11,-0.9888308262251285,0.14904226617617472,R11_F11_m11f10_P11_Y0_UO106,R11_F11_m-1f-1_P11_Y-1_U58,R10_F10_m-1f-1_P10_Y-1_U42,MXY,1,0.0,0,0,0.0,0,0,0,-9999.0,0.75,1,P9_CV0,1,2,0,0,2
11,-0.9888308262251285,0.14904226617617472,R11_F11_m11f10_P11_Y0_UO991,R11_F11_m-1f-1_P11_Y-1_U52,R10_F10_m-1f-1_P10_Y-1_U65,FXX,1,0.0,0,0,0.0,0,0,0,-9999.0,0.25,1,P9_CV0,1,1,1,1,1
11,-0.9888308262251285,0.14904226617617472,RD11_F10_m10f9_P10_Y0_UO502,R10_F10_m-1f-1_P10_Y-1_U10,R9_F9_m-1f-1_P9_Y-1_U14,MXY,1,0.0,0,0,0.0,0,0,0,-9999.0,0.5,1,P9_CV0,1,1,1,2,0
11,-0.9888308262251285,0.14904226617617472,R11_F11_m11f10_P11_Y0_UO668,R11_F11_m-1f-1_P11_Y-1_U52,R10_F10_m-1f-1_P10_Y-1_U88,FXX,1,0.0,0,0,0.0,0,0,0,-9999.0,0.0,1,P9_CV0,1,0,2,0,2
11,-0.9888308262251285,0.14904226617617472,R11_F11_m11f10_P11_Y0_UO871,R11_F11_m-1f-1_P11_Y-1_U98,R10_F10_m-1f-1_P10_Y-1_U40,MXY,1,0.0,0,0,0.0,0,0,0,-9999.0,0.75,1,P9_CV0,1,1,1,0,2
11,-0.9888308262251285,0.14904226617617472,RD11_F10_m10f11_P10_Y0_UO965,R10_F10_m-1f-1_P10_Y-1_U71,R11_F11_m-1f-1_P11_Y-1_U6,FXX,1,0.0,0,0,0.0,0,0,0,-9999.0,0.5,1,P9_CV0,1,1,1,2,0
11,-0.9888308262251285,0.14904226617617472,R11_F11_m11f10_P11_Y0_UO872,R11_F11_m-1f-1_P11_Y-1_U98,R10_F10_m-1f-1_P10_Y-1_U40,FXX,1,0.0,0,0,0.0,0,0,0,-9999.0,0.75,1,P9_CV0,1,2,0,0,2
11,-0.9888308262251285,0.14904226617617472,RD11_F10_m10f11_P10_Y0_UO1232,R10_F10_m-1f-1_P10_Y-1_U49,R11_F11_m-1f-1_P11_Y-1_U6,FXX,1,0.0,0,0,0.0,0,0,0,-9999.0,0.5,1,P9_CV0,1,1,1,2,0
11,-0.9888308262251285,0.14904226617617472,R11_F11_m11f10_P11_Y0_UO986,R11_F11_m-1f-1_P11_Y-1_U98,R10_F10_m-1f-1_P10_Y-1_U81,FXX,1,0.0,0,0,0.0,0,0,0,-9999.0,0.5,1,P9_CV0,1,1,1,1,1
11,-0.9888308262251285,0.14904226617617472,R11_F11_m11f10_P11_Y0_UO988,R11_F11_m-1f-1_P11_Y-1_U52,R10_F10_m-1f-1_P10_Y-1_U65,MXY,1,0.0,0,0,0.0,0,0,0,-9999.0,0.25,1,P9_CV0,1,1,1,0,2
11,-0.9888308262251285,0.14904226617617472,R11_F11_m11f10_P11_Y0_UO870,R11_F11_m-1f-1_P11_Y-1_U98,R10_F10_m-1f-1_P10_Y-1_U40,MXY,1,0.0,0,0,0.0,0,0,0,-9999.0,0.75,1,P9_CV0,1,1,1,0,2
12,-0.9888308262251286,-0.14904226617617403,R12_F12_m12f11_P12_Y0_UO271,R12_F12_m-1f-1_P12_Y-1_U76,R11_F11_m-1f-1_P11_Y-1_U69,FXX,1,0.0,0,0,0.0,0,0,0,-9999.0,0.25,1,P10_CV0,1,1,1,1,1
12,-0.9888308262251286,-0.14904226617617403,R12_F12_m12f11_P12_Y0_UO545,R12_F12_m-1f-1_P12_Y-1_U83,R11_F11_m-1f-1_P11_Y-1_U59,MXY,1,0.0,0,0,0.0,0,0,0,-9999.0,0.5,1,P10_CV0,1,0,2,1,1
12,-0.9888308262251286,-0.14904226617617403,R12_F12_m12f11_P12_Y0_UO270,R12_F12_m-1f-1_P12_Y-1_U76,R11_F11_m-1f-1_P11_Y-1_U69,MXY,1,0.0,0,0,0.0,0,0,0,-9999.0,0.25,1,P10_CV0,1,0,2,1,1
12,-0.9888308262251286,-0.14904226617617403,R12_F12_m12f11_P12_Y0_UO161,R12_F12_m-1f-1_P12_Y-1_U74,R11_F11_m-1f-1_P11_Y-1_U45,FXX,1,0.0,0,0,0.0,0,0,0,-9999.0,1.0,1,P10_CV0,1,2,0,2,0
12,-0.9888308262251286,-0.14904226617617403,R12_F12_m12f11_P12_Y0_UO1316,R12_F12_m-1f-1_P12_Y-1_U74,R11_F11_m-1f-1_P11_Y-1_U45,FXX,1,0.0,0,0,0.0,0,0,0,-9999.0,1.0,1,P10_CV0,1,2,0,2,0
12,-0.9888308262251286,-0.14904226617617403,R12_F12_m12f11_P12_Y0_UO163,R12_F12_m-1f-1_P12_Y-1_U74,R11_F11_m-1f-1_P11_Y-1_U45,FXX,1,0.0,0,0,0.0,0,0,0,-9999.0,1.0,1,P10_CV0,1,2,0,2,0
12,-0.9888308262251286,-0.14904226617617403,R12_F12_m12f11_P12_Y0_UO706,R12_F12_m-1f-1_P12_Y-1_U37,R11_F11_m-1f-1_P11_Y-1_U54,MXY,1,0.0,0,0,0.0,0,0,0,-9999.0,0.5,1,P10_CV0,1,1,1,0,2
12,-0.9888308262251286,-0.14904226617617403,R12_F12_m12f11_P12_Y0_UO649,R12_F12_m-1f-1_P12_Y-1_U86,R11_F11_m-1f-1_P11_Y-1_U80,FXX,1,0.0,0,0,0.0,0,0,0,-9999.0,0.5,1,P10_CV0,1,1,1,2,0
12,-0.9888308262251286,-0.14904226617617403,R12_F12_m12f11_P12_Y0_UO269,R12_F12_m-1f-1_P12_Y-1_U76,R11_F11_m-1f-1_P11_Y-1_U69,FXX,1,0.0,0,0,0.0,0,0,0,-9999.0,0.25,1,P10_CV0,1,1,1,1,1
12,-0.9888308262251286,-0.14904226617617403,R12_F12_m12f11_P12_Y0_UO268,R12_F12_m-1f-1_P12_Y-1_U76,R11_F11_m-1f-1_P11_Y-1_U69,MXY,1,0.0,0,0,0.0,0,0,0,-9999.0,0.25,1,P10_CV0,1,1,1,0,2
12,-0.9888308262251286,-0.14904226617617403,R12_F12_m12f11_P12_Y0_UO272,R12_F12_m-1f-1_P12_Y-1_U76,R11_F11_m-1f-1_P11_Y-1_U69,MXY,1,0.0,0,0,0.0,0,0,0,-9999.0,0.25,1,P10_CV0,1,0,2,1,1
12,-0.9888308262251286,-0.14904226617617403,R12_F12_m12f11_P12_Y0_UO708,R12_F12_m-1f-1_P12_Y-1_U37,R11_F11_m-1f-1_P11_Y-1_U54,FXX,1,0.0,0,0,0.0,0,0,0,-9999.0,0.5,1,P10_CV0,1,1,1,0,2
12,-0.9888308262251286,-0.14904226617617403,R12_F12_m12f11_P12_Y0_UO1321,R12_F12_m-1f-1_P12_Y-1_U74,R11_F11_m-1f-1_P11_Y-1_U45,MXY,1,0.0,0,0,0.0,0,0,0,-9999.0,1.0,1,P10_CV0,1,2,0,1,1
12,-0.9888308262251286,-0.14904226617617403,RD12_F11_m11f10_P11_Y0_UO913,R11_F11_m-1f-1_P11_Y-1_U25,R10_F10_m-1f-1_P10_Y-1_U42,FXX,1,0.0,0,0,0.0,0,0,0,-9999.0,0.75,1,P10_CV0,1,2,0,1,1
12,-0.9888308262251286,-0.14904226617617403,R12_F12_m12f11_P12_Y0_UO167,R12_F12_m-1f-1_P12_Y-1_U74,R11_F11_m-1f-1_P11_Y-1_U45,FXX,1,0.0,0,0,0.0,0,0,0,-9999.0,1.0,1,P10_CV0,1,2,0,0,2
12,-0.9888308262251286,-0.14904226617617403,R12_F12_m12f11_P12_Y0_UO462,R12_F12_m-1f-1_P12_Y-1_U10,R11_F11_m-1f-1_P11_Y-1_U72,MXY,1,0.0,0,0,0.0,0,0,0,-9999.0,0.75,1,P10_CV0,1,2,0,0,2
12,-0.9888308262251286,-0.14904226617617403,R12_F12_m12f11_P12_Y0_UO313,R12_F12_m-1f-1_P12_Y-1_U37,R11_F11_m-1f-1_P11_Y-1_U80,FXX,1,0.0,0,0,0.0,0,0,0,-9999.0,0.25,1,P10_CV0,1,0,2,1,1
12,-0.9888308262251286,-0.14904226617617403,RD12_F11_m11f12_P11_Y0_UO1258,R11_F11_m-1f-1_P11_Y-1_U25,R12_F12_m-1f-1_P12_Y-1_U45,FXX,1,0.0,0,0,0.0,0,0,0,-9999.0,0.5,1,P10_CV0,1,1,1,2,0
12,-0.9888308262251286,-0.14904226617617403,R12_F12_m12f11_P12_Y0_UO164,R12_F12_m-1f-1_P12_Y-1_U74,R11_F11_m-1f-1_P11_Y-1_U45,FXX,1,0.0,0,0,0.0,0,0,0,-9999.0,1.0,1,P10_CV0,1,2,0,0,2
12,-0.9888308262251286,-0.14904226617617403,R12_F12_m12f11_P12_Y0_UO930,R12_F12_m-1f-1_P12_Y-1_U26,R11_F11_m-1f-1_P11_Y-1_U14,FXX,1,0.0,0,0,0.0,0,0,0,-9999.0,0.5,1,P10_CV0,1,1,1,2,0
12,-0.9888308262251286,-0.14904226617617403,R12_F12_m12f11_P12_Y0_UO315,R12_F12_m-1f-1_P12_Y-1_U37,R11_F11_m-1f-1_P11_Y-1_U80,MXY,1,0.0,0,0,0.0,0,0,0,-9999.0,0.25,1,P10_CV0,1,0,2,1,1
12,-0.9888308262251286,-0.14904226617617403,R12_F12_m12f11_P12_Y0_UO928,R12_F12_m-1f-1_P12_Y-1_U26,R11_F11_m-1f-1_P11_Y-1_U14,FXX,1,0.0,0,0,0.0,0,0,0,-9999.0,0.5,1,P10_CV0,1,1,1,1,1
12,-0.9888308262251286,-0.14904226617617403,R12_F12_m12f11_P12_Y0_UO316,R12_F12_m-1f-1_P12_Y-1_U37,R11_F11_m-1f-1_P11_Y-1_U80,MXY,1,0.0,0,0,0.0,0,0,0,-9999.0,0.25,1,P10_CV0,1,1,1,1,1
12,-0.9888308262251286,-0.14904226617617403,R12_F12_m12f11_P12_Y0_UO166,R12_F12_m-1f-1_P12_Y-1_U74,R11_F11_m-1f-1_P11_Y-1_U45,MXY,1,0.0,0,0,0.0,0,0,0,-9999.0,1.0,1,P10_CV0,1,2,0,2,0
12,-0.9888308262251286,-0.14904226617617403,R12_F12_m12f11_P12_Y0_UO162,R12_F12_m-1f-1_P12_Y-1_U74,R11_F11_m-1f-1_P11_Y-1_U45,MXY,1,0.0,0,0,0.0,0,0,0,-9999.0,1.0,1,P10_CV0,1,2,0,1,1
12,-0.9888308262251286,-0.14904226617617403,RD12_F11_m11f10_P11_Y0_UO984,R11_F11_m-1f-1_P11_Y-1_U98,R10_F10_m-1f-1_P10_Y-1_U81,FXX,1,0.0,0,0,0.0,0,0,0,-9999.0,0.5,1,P10_CV0,1,0,2,0,2
12,-0.9888308262251286,-0.14904226617617403,R12_F12_m12f11_P12_Y0_UO165,R12_F12_m-1f-1_P12_Y-1_U74,R11_F11_m-1f-1_P11_Y-1_U45,FXX,1,0.0,0,0,0.0,0,0,0,-9999.0,1.0,1,P10_CV0,1,2,0,1,1
12,-0.9888308262251286,-0.14904226617617403,R12_F12_m12f11_P12_Y0_UO931,R12_F12_m-1f-1_P12_Y-1_U26,R11_F11_m-1f-1_P11_Y-1_U14,MXY,1,0.0,0,0,0.0,0,0,0,-9999.0,0.5,1,P10_CV0,1,1,1,2,0
12,-0.9888308262251286,-0.14904226617617403,RD12_F11_m-1f-1_P11_Y-1_U0,-9999,-9999,MXY,2,0.0,1,0,0.0,0,0,0,-9999.0,0.5,1,P10_CV0,1,1,1,2,0
12,-0.9888308262251286,-0.14904226617617403,R12_F12_m12f11_P12_Y0_UO934,R12_F12_m-1f-1_P12_Y-1_U26,R11_F11_m-1f-1_P11_Y-1_U14,MXY,1,0.0,0,0,0.0,0,0,0,-9999.0,0.5,1,P11_CV0,1,1,1,1,1
12,-0.9888308262251286,-0.14904226617617403,R12_F12_m12f11_P12_Y0_UO653,R12_F12_m-1f-1_P12_Y-1_U86,R11_F11_m-1f-1_P11_Y-1_U80,FXX,1,0.0,0,0,0.0,0,0,0,-9999.0,0.5,1,P11_CV0,1,1,1,2,0
12,-0.9888308262251286,-0.14904226617617403,R12_F12_m12f11_P12_Y0_UO707,R12_F12_m-1f-1_P12_Y-1_U37,R11_F11_m-1f-1_P11_Y-1_U54,MXY,1,0.0,0,0,0.0,0,0,0,-9999.0,0.5,1,P11_CV0,1,1,1,0,2
12,-0.9888308262251286,-0.14904226617617403,R12_F12_m12f13_P12_Y0_UO1047,R12_F12_m-1f-1_P12_Y-1_U75,R13_F13_m-1f-1_P13_Y-1_U3,MXY,1,0.0,0,0,0.0,0,0,0,-9999.0,0.5,1,P11_CV0,1,2,0,1,1
12,-0.9888308262251286,-0.14904226617617403,RD12_F13_m13f12_P13_Y0_UO64,R13_F13_m-1f-1_P13_Y-1_U96,R12_F12_m-1f-1_P12_Y-1_U35,FXX,1,0.0,0,0,0.0,0,0,0,-9999.0,0.5,1,P11_CV0,1,0,2,1,1
12,-0.9888308262251286,-0.14904226617617403,R12_F12_m12f13_P12_Y0_UO618,R12_F12_m-1f-1_P12_Y-1_U94,R13_F13_m-1f-1_P13_Y-1_U3,MXY,1,0.0,0,0,0.0,0,0,0,-9999.0,0.75,1,P11_CV0,1,2,0,1,1
12,-0.9888308262251286,-0.14904226617617403,R12_F12_m12f11_P12_Y0_UO458,R12_F12_m-1f-1_P12_Y-1_U10,R11_F11_m-1f-1_P11_Y-1_U72,FXX,1,0.0,0,0,0.0,0,0,0,-9999.0,0.75,1,P11_CV0,1,1,1,2,0
12,-0.9888308262251286,-0.14904226617617403,R12_F12_m12f11_P12_Y0_UO311,R12_F12_m-1f-1_P12_Y-1_U37,R11_F11_m-1f-1_P11_Y-1_U80,FXX,1,0.0,0,0,0.0,0,0,0,-9999.0,0.25,1,P11_CV0,1,1,1,1,1
12,-0.9888308262251286,-0.14904226617617403,R12_F12_m12f13_P12_Y0_UO720,R12_F12_m-1f-1_P12_Y-1_U0,R13_F13_m-1f-1_P13_Y-1_U56,MXY,1,0.0,0,0,0.0,0,0,0,-9999.0,0.25,1,P11_CV0,1,0,2,2,0
12,-0.9888308262251286,-0.14904226617617403,RD12_F13_m13f12_P13_Y0_UO16,R13_F13_m-1f-1_P13_Y-1_U27,R12_F12_m-1f-1_P12_Y-1_U46,MXY,1,0.0,0,0,0.0,0,0,0,-9999.0,1.0,1,P11_CV0,1,2,0,1,1
12,-0.9888308262251286,-0.14904226617617403,RD12_F13_m13f12_P13_Y0_UO62,R13_F13_m-1f-1_P13_Y-1_U96,R12_F12_m-1f-1_P12_Y-1_U35,FXX,1,0.0,0,0,0.0,0,0,0,-9999.0,0.5,1,P11_CV0,1,0,2,1,1
12,-0.9888308262251286,-0.14904226617617403,R12_F12_m12f11_P12_Y0_UO1320,R12_F12_m-1f-1_P12_Y-1_U74,R11_F11_m-1f-1_P11_Y-1_U45,MXY,1,0.0,0,0,0.0,0,0,0,-9999.0,1.0,1,P11_CV0,1,2,0,0,2
12,-0.9888308262251286,-0.14904226617617403,R12_F12_m12f13_P12_Y0_UO615,R12_F12_m-1f-1_P12_Y-1_U94,R13_F13_m-1f-1_P13_Y-1_U3,MXY,1,0.0,0,0,0.0,0,0,0,-9999.0,0.75,1,P11_CV0,1,1,1,2,0
12,-0.9888308262251286,-0.14904226617617403,R12_F12_m12f11_P12_Y0_UO933,R12_F12_m-1f-1_P12_Y-1_U26,R11_F11_m-1f-1_P11_Y-1_U14,FXX,1,0.0,0,0,0.0,0,0,0,-9999.0,0.5,1,P11_CV0,1,1,1,2,0
12,-0.9888308262251286,-0.14904226617617403,R12_F12_m12f13_P12_Y0_UO584,R12_F12_m-1f-1_P12_Y-1_U66,R13_F13_m-1f-1_P13_Y-1_U91,FXX,1,0.0,0,0,0.0,0,0,0,-9999.0,0.5,1,P11_CV0,1,2,0,0,2
12,-0.9888308262251286,-0.14904226617617403,R12_F12_m12f13_P12_Y0_UO583,R12_F12_m-1f-1_P12_Y-1_U66,R13_F13_m-1f-1_P13_Y-1_U91,MXY,1,0.0,0,0,0.0,0,0,0,-9999.0,0.5,1,P11_CV0,1,1,1,1,1
12,-0.9888308262251286,-0.14904226617617403,R12_F12_m12f13_P12_Y0_UO98,R12_F12_m-1f-1_P12_Y-1_U76,R13_F13_m-1f-1_P13_Y-1_U88,FXX,1,0.0,0,0,0.0,0,0,0,-9999.0,0.25,1,P11_CV0,1,1,1,1,1
12,-0.9888308262251286,-0.14904226617617403,R12_F12_m12f11_P12_Y0_UO651,R12_F12_m-1f-1_P12_Y-1_U86,R11_F11_m-1f-1_P11_Y-1_U80,MXY,1,0.0,0,0,0.0,0,0,0,-9999.0,0.5,1,P11_CV0,1,1,1,1,1
12,-0.9888308262251286,-0.14904226617617403,R12_F12_m12f13_P12_Y0_UO721,R12_F12_m-1f-1_P12_Y-1_U0,R13_F13_m-1f-1_P13_Y-1_U56,FXX,1,0.0,0,0,0.0,0,0,0,-9999.0,0.25,1,P11_CV0,1,1,1,1,1
12,-0.9888308262251286,-0.14904226617617403,R12_F12_m12f11_P12_Y0_UO310,R12_F12_m-1f-1_P12_Y-1_U37,R11_F11_m-1f-1_P11_Y-1_U80,FXX,1,0.0,0,0,0.0,0,0,0,-9999.0,0.25,1,P11_CV0,1,1,1,1,1
12,-0.9888308262251286,-0.14904226617617403,R12_F12_m12f13_P12_Y0_UO97,R12_F12_m-1f-1_P12_Y-1_U76,R13_F13_m-1f-1_P13_Y-1_U88,FXX,1,0.0,0,0,0.0,0,0,0,-9999.0,0.25,1,P11_CV0,1,0,2,1,1
12,-0.9888308262251286,-0.14904226617617403,R12_F12_m12f11_P12_Y0_UO546,R12_F12_m-1f-1_P12_Y-1_U83,R11_F11_m-1f-1_P11_Y-1_U59,MXY,1,0.0,0,0,0.0,0,0,0,-9999.0,0.5,1,P11_CV0,1,0,2,0,2
12,-0.9888308262251286,-0.14904226617617403,R12_F12_m12f11_P12_Y0_UO650,R12_F12_m-1f-1_P12_Y-1_U86,R11_F11_m-1f-1_P11_Y-1_U80,MXY,1,0.0,0,0,0.0,0,0,0,-9999.0,0.5,1,P11_CV0,1,0,2,1,1
12,-0.9888308262251286,-0.14904226617617403,R12_F12_m12f11_P12_Y0_UO935,R12_F12_m-1f-1_P12_Y-1_U26,R11_F11_m-1f-1_P11_Y-1_U14,FXX,1,0.0,0,0,0.0,0,0,0,-9999.0,0.5,1,P11_CV0,1,1,1,1,1
12,-0.9888308262251286,-0.14904226617617403,R12_F12_m12f11_P12_Y0_UO460,R12_F12_m-1f-1_P12_Y-1_U10,R11_F11_m-1f-1_P11_Y-1_U72,FXX,1,0.0,0,0,0.0,0,0,0,-9999.0,0.75,1,P11_CV0,1,1,1,0,2
12,-0.9888308262251286,-0.14904226617617403,R12_F12_m12f11_P12_Y0_UO929,R12_F12_m-1f-1_P12_Y-1_U26,R11_F11_m-1f-1_P11_Y-1_U14,FXX,1,0.0,0,0,0.0,0,0,0,-9999.0,0.5,1,P11_CV0,1,1,1,2,0
12,-0.9888308262251286,-0.14904226617617403,R12_F12_m12f13_P12_Y0_UO95,R12_F12_m-1f-1_P12_Y-1_U76,R13_F13_m-1f-1_P13_Y-1_U88,FXX,1,0.0,0,0,0.0,0,0,0,-9999.0,0.25,1,P11_CV0,1,0,2,2,0
12,-0.9888308262251286,-0.14904226617617403,R12_F12_m12f11_P12_Y0_UO1319,R12_F12_m-1f-1_P12_Y-1_U74,R11_F11_m-1f-1_P11_Y-1_U45,MXY,1,0.0,0,0,0.0,0,0,0,-9999.0,1.0,1,P11_CV0,1,2,0,1,1
12,-0.9888308262251286,-0.14904226617617403,R12_F12_m12f11_P12_Y0_UO543,R12_F12_m-1f-1_P12_Y-1_U83,R11_F11_m-1f-1_P11_Y-1_U59,MXY,1,0.0,0,0,0.0,0,0,0,-9999.0,0.5,1,P11_CV0,1,1,1,0,2
12,-0.9888308262251286,-0.14904226617617403,R12_F12_m12f11_P12_Y0_UO648,R12_F12_m-1f-1_P12_Y-1_U86,R11_F11_m-1f-1_P11_Y-1_U80,MXY,1,0.0,0,0,0.0,0,0,0,-9999.0,0.5,1,P11_CV0,1,1,1,2,0
12,-0.9888308262251286,-0.14904226617617403,R12_F12_m12f13_P12_Y0_UO1048,R12_F12_m-1f-1_P12_Y-1_U75,R13_F13_m-1f-1_P13_Y-1_U3,MXY,1,0.0,0,0,0.0,0,0,0,-9999.0,0.5,1,P11_CV0,1,1,1,1,1
12,-0.9888308262251286,-0.14904226617617403,R12_F12_m12f11_P12_Y0_UO274,R12_F12_m-1f-1_P12_Y-1_U76,R11_F11_m-1f-1_P11_Y-1_U69,MXY,1,0.0,0,0,0.0,0,0,0,-9999.0,0.25,1,P11_CV0,1,1,1,2,0
12,-0.9888308262251286,-0.14904226617617403,R12_F12_m12f11_P12_Y0_UO647,R12_F12_m-1f-1_P12_Y-1_U86,R11_F11_m-1f-1_P11_Y-1_U80,MXY,1,0.0,0,0,0.0,0,0,0,-9999.0,0.5,1,P11_CV0,1,0,2,2,0
12,-0.9888308262251286,-0.14904226617617403,R12_F12_m12f11_P12_Y0_UO547,R12_F12_m-1f-1_P12_Y-1_U83,R11_F11_m-1f-1_P11_Y-1_U59,FXX,1,0.0,0,0,0.0,0,0,0,-9999.0,0.5,1,P11_CV0,1,0,2,0,2
12,-0.9888308262251286,-0.14904226617617403,R12_F12_m12f11_P12_Y0_UO273,R12_F12_m-1f-1_P12_Y-1_U76,R11_F11_m-1f-1_P11_Y-1_U69,FXX,1,0.0,0,0,0.0,0,0,0,-9999.0,0.25,1,P11_CV0,1,0,2,1,1
12,-0.9888308262251286,-0.14904226617617403,R12_F12_m12f13_P12_Y0_UO1049,R12_F12_m-1f-1_P12_Y-1_U75,R13_F13_m-1f-1_P13_Y-1_U3,FXX,1,0.0,0,0,0.0,0,0,0,-9999.0,0.5,1,P11_CV0,1,1,1,1,1
12,-0.9888308262251286,-0.14904226617617403,R12_F12_m-1f-1_P12_Y-1_U27,-9999,-9999,MXY,2,0.0,1,0,0.0,0,0,0,-9999.0,0.5,1,P11_CV0,1,1,1,0,2
12,-0.9888308262251286,-0.14904226617617403,R12_F12_m-1f-1_P12_Y-1_U56,-9999,-9999,FXX,2,0.0,1,0,1.0,0,0,0,-9999.0,0.5,1,P11_CV0,1,1,1,2,0
12,-0.9888308262251286,-0.14904226617617403,R12_F12_m-1f-1_P12_Y-1_U65,-9999,-9999,MXY,2,0.0,1,0,0.0,0,0,0,-9999.0,0.5,1,P11_CV0,1,1,1,0,2
12,-0.9888308262251286,-0.14904226617617403,R12_F12_m-1f-1_P12_Y-1_U8,-9999,-9999,MXY,2,0.0,1,0,0.0,0,0,0,-9999.0,1.0,1,P11_CV0,1,2,0,1,1
12,-0.9888308262251286,-0.14904226617617403,R12_F12_m-1f-1_P12_Y-1_U39,-9999,-9999,MXY,2,0.0,1,0,0.0,0,0,0,-9999.0,0.5,1,P11_CV0,1,1,1,1,1
12,-0.9888308262251286,-0.14904226617617403,R12_F12_m-1f-1_P12_Y-1_U11,-9999,-9999,MXY,2,0.0,1,0,0.0,0,0,0,-9999.0,0.5,1,P11_CV0,1,1,1,1,1
12,-0.9888308262251286,-0.14904226617617403,R12_F12_m-1f-1_P12_Y-1_U59,-9999,-9999,MXY,3,0.0,1,0,0.0,0,0,0,-9999.0,0.5,1,P11_CV0,1,1,1,2,0
12,-0.9888308262251286,-0.14904226617617403,R12_F12_m-1f-1_P12_Y-1_U23,-9999,-9999,FXX,4,0.0,1,0,1.0,0,0,0,-9999.0,0.0,1,P11_CV0,1,0,2,1,1
12,-0.9888308262251286,-0.14904226617617403,R12_F12_m-1f-1_P12_Y-1_U25,-9999,-9999,MXY,4,0.0,1,0,0.0,0,0,0,-9999.0,0.0,1,P11_CV0,1,0,2,1,1
12,-0.9888308262251286,-0.14904226617617403,R12_F12_m12f13_P12_Y0_UO617,R12_F12_m-1f-1_P12_Y-1_U94,R13_F13_m-1f-1_P13_Y-1_U3,MXY,1,0.0,0,0,0.0,0,0,0,-9999.0,0.75,1,P12_CV0,1,2,0,1,1
12,-0.9888308262251286,-0.14904226617617403,R12_F12_m12f13_P12_Y0_UO724,R12_F12_m-1f-1_P12_Y-1_U0,R13_F13_m-1f-1_P13_Y-1_U56,MXY,1,0.0,0,0,0.0,0,0,0,-9999.0,0.25,1,P12_CV0,1,1,1,1,1
12,-0.9888308262251286,-0.14904226617617403,RD12_F13_m13f14_P13_Y0_UO1192,R13_F13_m-1f-1_P13_Y-1_U26,R14_F14_m-1f-1_P14_Y-1_U46,FXX,1,0.0,0,0,0.0,0,0,0,-9999.0,0.75,1,P12_CV0,1,2,0,0,2
12,-0.9888308262251286,-0.14904226617617403,R12_F12_m12f13_P12_Y0_UO719,R12_F12_m-1f-1_P12_Y-1_U0,R13_F13_m-1f-1_P13_Y-1_U56,FXX,1,0.0,0,0,0.0,0,0,0,-9999.0,0.25,1,P12_CV0,1,0,2,1,1
12,-0.9888308262251286,-0.14904226617617403,R12_F12_m12f13_P12_Y0_UO99,R12_F12_m-1f-1_P12_Y-1_U76,R13_F13_m-1f-1_P13_Y-1_U88,FXX,1,0.0,0,0,0.0,0,0,0,-9999.0,0.25,1,P12_CV0,1,0,2,1,1
12,-0.9888308262251286,-0.14904226617617403,R12_F12_m12f13_P12_Y0_UO586,R12_F12_m-1f-1_P12_Y-1_U66,R13_F13_m-1f-1_P13_Y-1_U91,FXX,1,0.0,0,0,0.0,0,0,0,-9999.0,0.5,1,P12_CV0,1,0,2,1,1
12,-0.9888308262251286,-0.14904226617617403,RD12_F13_m13f12_P13_Y0_UO133,R13_F13_m-1f-1_P13_Y-1_U15,R12_F12_m-1f-1_P12_Y-1_U55,MXY,1,0.0,0,0,0.0,0,0,0,-9999.0,0.5,1,P12_CV0,1,2,0,0,2
12,-0.9888308262251286,-0.14904226617617403,R12_F12_m12f13_P12_Y0_UO614,R12_F12_m-1f-1_P12_Y-1_U94,R13_F13_m-1f-1_P13_Y-1_U3,FXX,1,0.0,0,0,0.0,0,0,0,-9999.0,0.75,1,P12_CV0,1,1,1,2,0
12,-0.9888308262251286,-0.14904226617617403,R12_F12_m12f13_P12_Y0_UO96,R12_F12_m-1f-1_P12_Y-1_U76,R13_F13_m-1f-1_P13_Y-1_U88,FXX,1,0.0,0,0,0.0,0,0,0,-9999.0,0.25,1,P12_CV0,1,1,1,1,1
12,-0.9888308262251286,-0.14904226617617403,R12_F12_m12f13_P12_Y0_UO722,R12_F12_m-1f-1_P12_Y-1_U0,R13_F13_m-1f-1_P13_Y-1_U56,MXY,1,0.0,0,0,0.0,0,0,0,-9999.0,0.25,1,P12_CV0,1,0,2,1,1
12,-0.9888308262251286,-0.14904226617617403,R12_F12_m12f13_P12_Y0_UO616,R12_F12_m-1f-1_P12_Y-1_U94,R13_F13_m-1f-1_P13_Y-1_U3,MXY,1,0.0,0,0,0.0,0,0,0,-9999.0,0.75,1,P12_CV0,1,2,0,1,1
12,-0.9888308262251286,-0.14904226617617403,R12_F12_m12f13_P12_Y0_UO582,R12_F12_m-1f-1_P12_Y-1_U66,R13_F13_m-1f-1_P13_Y-1_U91,FXX,1,0.0,0,0,0.0,0,0,0,-9999.0,0.5,1,P12_CV0,1,0,2,0,2
12,-0.9888308262251286,-0.14904226617617403,R12_F12_m12f13_P12_Y0_UO587,R12_F12_m-1f-1_P12_Y-1_U66,R13_F13_m-1f-1_P13_Y-1_U91,MXY,1,0.0,0,0,0.0,0,0,0,-9999.0,0.5,1,P12_CV0,1,1,1,0,2
12,-0.9888308262251286,-0.14904226617617403,R12_F12_m12f13_P12_Y0_UO1046,R12_F12_m-1f-1_P12_Y-1_U75,R13_F13_m-1f-1_P13_Y-1_U3,MXY,1,0.0,0,0,0.0,0,0,0,-9999.0,0.5,1,P12_CV0,1,2,0,1,1
12,-0.9888308262251286,-0.14904226617617403,RD12_F13_m-1f-1_P13_Y-1_U93,-9999,-9999,MXY,2,0.0,1,0,0.0,0,0,0,-9999.0,0.5,1,P12_CV0,1,1,1,1,1
12,-0.9888308262251286,-0.14904226617617403,RD12_F13_m-1f-1_P13_Y-1_U72,-9999,-9999,MXY,2,0.0,1,0,0.0,0,0,0,-9999.0,0.5,1,P12_CV0,1,1,1,1,1
12,-0.9888308262251286,-0.14904226617617403,RD12_F13_m-1f-1_P13_Y-1_U94,-9999,-9999,FXX,3,0.0,1,0,1.0,0,0,0,-9999.0,0.5,1,P12_CV0,1,1,1,2,0
12,-0.9888308262251286,-0.14904226617617403,RD12_F13_m13f14_P13_Y0_UO1095,R13_F13_m-1f-1_P13_Y-1_U27,R14_F14_m-1f-1_P14_Y-1_U21,MXY,1,0.0,0,0,0.0,0,0,0,-9999.0,1.0,1,P13_CV0,1,2,0,2,0
12,-0.9888308262251286,-0.14904226617617403,RD12_F13_m13f14_P13_Y0_UO1189,R13_F13_m-1f-1_P13_Y-1_U26,R14_F14_m-1f-1_P14_Y-1_U46,MXY,1,0.0,0,0,0.0,0,0,0,-9999.0,0.75,1,P13_CV0,1,1,1,2,0
12,-0.9888308262251286,-0.14904226617617403,RD12_F11_m11f10_P11_Y0_UO987,R11_F11_m-1f-1_P11_Y-1_U52,R10_F10_m-1f-1_P10_Y-1_U65,FXX,1,0.0,0,0,0.0,0,0,0,-9999.0,0.25,1,P9_CV0,1,1,1,1,1
13,-0.9009688679024191,-0.433883739117558,RD13_F12_m12f11_P12_Y0_UO461,R12_F12_m-1f-1_P12_Y-1_U10,R11_F11_m-1f-1_P11_Y-1_U72,MXY,1,0.0,0,0,0.0,0,0,0,-9999.0,0.75,1,P10_CV0,1,2,0,1,1
13,-0.9009688679024191,-0.433883739117558,RD13_F12_m12f11_P12_Y0_UO932,R12_F12_m-1f-1_P12_Y-1_U26,R11_F11_m-1f-1_P11_Y-1_U14,MXY,1,0.0,0,0,0.0,0,0,0,-9999.0,0.5,1,P10_CV0,1,1,1,2,0
13,-0.9009688679024191,-0.433883739117558,RD13_F12_m12f11_P12_Y0_UO312,R12_F12_m-1f-1_P12_Y-1_U37,R11_F11_m-1f-1_P11_Y-1_U80,MXY,1,0.0,0,0,0.0,0,0,0,-9999.0,0.25,1,P11_CV0,1,1,1,1,1
13,-0.9009688679024191,-0.433883739117558,R13_F13_m13f12_P13_Y0_UO15,R13_F13_m-1f-1_P13_Y-1_U27,R12_F12_m-1f-1_P12_Y-1_U46,FXX,1,0.0,0,0,0.0,0,0,0,-9999.0,1.0,1,P11_CV0,1,2,0,2,0
13,-0.9009688679024191,-0.433883739117558,R13_F13_m13f12_P13_Y0_UO18,R13_F13_m-1f-1_P13_Y-1_U27,R12_F12_m-1f-1_P12_Y-1_U46,MXY,1,0.0,0,0,0.0,0,0,0,-9999.0,1.0,1,P11_CV0,1,2,0,2,0
13,-0.9009688679024191,-0.433883739117558,R13_F13_m13f12_P13_Y0_UO65,R13_F13_m-1f-1_P13_Y-1_U96,R12_F12_m-1f-1_P12_Y-1_U35,FXX,1,0.0,0,0,0.0,0,0,0,-9999.0,0.5,1,P11_CV0,1,2,0,1,1
13,-0.9009688679024191,-0.433883739117558,R13_F13_m13f12_P13_Y0_UO76,R13_F13_m-1f-1_P13_Y-1_U59,R12_F12_m-1f-1_P12_Y-1_U67,MXY,1,0.0,0,0,0.0,0,0,0,-9999.0,0.5,1,P11_CV0,1,1,1,0,2
13,-0.9009688679024191,-0.433883739117558,R13_F13_m13f12_P13_Y0_UO78,R13_F13_m-1f-1_P13_Y-1_U59,R12_F12_m-1f-1_P12_Y-1_U67,FXX,1,0.0,0,0,0.0,0,0,0,-9999.0,0.5,1,P11_CV0,1,1,1,0,2
13,-0.9009688679024191,-0.433883739117558,R13_F13_m13f12_P13_Y0_UO134,R13_F13_m-1f-1_P13_Y-1_U15,R12_F12_m-1f-1_P12_Y-1_U55,MXY,1,0.0,0,0,0.0,0,0,0,-9999.0,0.5,1,P11_CV0,1,0,2,0,2
13,-0.9009688679024191,-0.433883739117558,R13_F13_m13f12_P13_Y0_UO263,R13_F13_m-1f-1_P13_Y-1_U15,R12_F12_m-1f-1_P12_Y-1_U87,FXX,1,0.0,0,0,0.0,0,0,0,-9999.0,0.5,1,P11_CV0,1,0,2,1,1
13,-0.9009688679024191,-0.433883739117558,R13_F13_m13f12_P13_Y0_UO267,R13_F13_m-1f-1_P13_Y-1_U15,R12_F12_m-1f-1_P12_Y-1_U87,FXX,1,0.0,0,0,0.0,0,0,0,-9999.0,0.5,1,P11_CV0,1,2,0,1,1
13,-0.9009688679024191,-0.433883739117558,R13_F13_m13f12_P13_Y0_UO318,R13_F13_m-1f-1_P13_Y-1_U14,R12_F12_m-1f-1_P12_Y-1_U14,FXX,1,0.0,0,0,0.0,0,0,0,-9999.0,0.25,1,P11_CV0,1,1,1,1,1
13,-0.9009688679024191,-0.433883739117558,R13_F13_m13f12_P13_Y0_UO320,R13_F13_m-1f-1_P13_Y-1_U14,R12_F12_m-1f-1_P12_Y-1_U14,FXX,1,0.0,0,0,0.0,0,0,0,-9999.0,0.25,1,P11_CV0,1,0,2,2,0
13,-0.9009688679024191,-0.433883739117558,R13_F13_m13f12_P13_Y0_UO322,R13_F13_m-1f-1_P13_Y-1_U14,R12_F12_m-1f-1_P12_Y-1_U14,FXX,1,0.0,0,0,0.0,0,0,0,-9999.0,0.25,1,P11_CV0,1,1,1,2,0
13,-0.9009688679024191,-0.433883739117558,R13_F13_m13f12_P13_Y0_UO323,R13_F13_m-1f-1_P13_Y-1_U14,R12_F12_m-1f-1_P12_Y-1_U14,MXY,1,0.0,0,0,0.0,0,0,0,-9999.0,0.25,1,P11_CV0,1,1,1,1,1
13,-0.9009688679024191,-0.433883739117558,R13_F13_m13f12_P13_Y0_UO404,R13_F13_m-1f-1_P13_Y-1_U94,R12_F12_m-1f-1_P12_Y-1_U46,MXY,1,0.0,0,0,0.0,0,0,0,-9999.0,0.75,1,P11_CV0,1,2,0,2,0
13,-0.9009688679024191,-0.433883739117558,R13_F13_m13f12_P13_Y0_UO405,R13_F13_m-1f-1_P13_Y-1_U94,R12_F12_m-1f-1_P12_Y-1_U46,FXX,1,0.0,0,0,0.0,0,0,0,-9999.0,0.75,1,P11_CV0,1,2,0,2,0
13,-0.9009688679024191,-0.433883739117558,R13_F13_m13f12_P13_Y0_UO406,R13_F13_m-1f-1_P13_Y-1_U94,R12_F12_m-1f-1_P12_Y-1_U46,MXY,1,0.0,0,0,0.0,0,0,0,-9999.0,0.75,1,P11_CV0,1,2,0,2,0
13,-0.9009688679024191,-0.433883739117558,R13_F13_m13f12_P13_Y0_UO701,R13_F13_m-1f-1_P13_Y-1_U96,R12_F12_m-1f-1_P12_Y-1_U14,MXY,1,0.0,0,0,0.0,0,0,0,-9999.0,0.25,1,P11_CV0,1,0,2,1,1
13,-0.9009688679024191,-0.433883739117558,RD13_F12_m-1f-1_P12_Y-1_U85,-9999,-9999,MXY,2,0.0,1,0,0.0,0,0,0,-9999.0,0.0,1,P11_CV0,1,0,2,1,1
13,-0.9009688679024191,-0.433883739117558,RD13_F12_m-1f-1_P12_Y-1_U24,-9999,-9999,FXX,2,0.0,1,0,1.0,0,0,0,-9999.0,0.0,1,P11_CV0,1,0,2,2,0
13,-0.9009688679024191,-0.433883739117558,RD13_F12_m12f13_P12_Y0_UO723,R12_F12_m-1f-1_P12_Y-1_U0,R13_F13_m-1f-1_P13_Y-1_U56,FXX,1,0.0,0,0,0.0,0,0,0,-9999.0,0.25,1,P12_CV0,1,1,1,0,2
13,-0.9009688679024191,-0.433883739117558,R13_F13_m13f12_P13_Y0_UO17,R13_F13_m-1f-1_P13_Y-1_U27,R12_F12_m-1f-1_P12_Y-1_U46,FXX,1,0.0,0,0,0.0,0,0,0,-9999.0,1.0,1,P12_CV0,1,2,0,2,0
13,-0.9009688679024191,-0.433883739117558,R13_F13_m13f12_P13_Y0_UO61,R13_F13_m-1f-1_P13_Y-1_U96,R12_F12_m-1f-1_P12_Y-1_U35,FXX,1,0.0,0,0,0.0,0,0,0,-9999.0,0.5,1,P12_CV0,1,2,0,1,1
13,-0.9009688679024191,-0.433883739117558,R13_F13_m13f12_P13_Y0_UO63,R13_F13_m-1f-1_P13_Y-1_U96,R12_F12_m-1f-1_P12_Y-1_U35,MXY,1,0.0,0,0,0.0,0,0,0,-9999.0,0.5,1,P12_CV0,1,2,0,1,1
13,-0.9009688679024191,-0.433883739117558,R13_F13_m13f12_P13_Y0_UO66,R13_F13_m-1f-1_P13_Y-1_U96,R12_F12_m-1f-1_P12_Y-1_U35,MXY,1,0.0,0,0,0.0,0,0,0,-9999.0,0.5,1,P12_CV0,1,1,1,1,1
13,-0.9009688679024191,-0.433883739117558,R13_F13_m13f12_P13_Y0_UO75,R13_F13_m-1f-1_P13_Y-1_U59,R12_F12_m-1f-1_P12_Y-1_U67,FXX,1,0.0,0,0,0.0,0,0,0,-9999.0,0.5,1,P12_CV0,1,1,1,0,2
13,-0.9009688679024191,-0.433883739117558,R13_F13_m13f12_P13_Y0_UO77,R13_F13_m-1f-1_P13_Y-1_U59,R12_F12_m-1f-1_P12_Y-1_U67,MXY,1,0.0,0,0,0.0,0,0,0,-9999.0,0.5,1,P12_CV0,1,1,1,0,2
13,-0.9009688679024191,-0.433883739117558,R13_F13_m13f12_P13_Y0_UO131,R13_F13_m-1f-1_P13_Y-1_U15,R12_F12_m-1f-1_P12_Y-1_U55,MXY,1,0.0,0,0,0.0,0,0,0,-9999.0,0.5,1,P12_CV0,1,1,1,0,2
13,-0.9009688679024191,-0.433883739117558,R13_F13_m13f12_P13_Y0_UO135,R13_F13_m-1f-1_P13_Y-1_U15,R12_F12_m-1f-1_P12_Y-1_U55,MXY,1,0.0,0,0,0.0,0,0,0,-9999.0,0.5,1,P12_CV0,1,0,2,0,2
13,-0.9009688679024191,-0.433883739117558,R13_F13_m13f12_P13_Y0_UO264,R13_F13_m-1f-1_P13_Y-1_U15,R12_F12_m-1f-1_P12_Y-1_U87,FXX,1,0.0,0,0,0.0,0,0,0,-9999.0,0.5,1,P12_CV0,1,1,1,1,1
13,-0.9009688679024191,-0.433883739117558,R13_F13_m13f12_P13_Y0_UO265,R13_F13_m-1f-1_P13_Y-1_U15,R12_F12_m-1f-1_P12_Y-1_U87,FXX,1,0.0,0,0,0.0,0,0,0,-9999.0,0.5,1,P12_CV0,1,2,0,1,1
13,-0.9009688679024191,-0.433883739117558,R13_F13_m13f12_P13_Y0_UO266,R13_F13_m-1f-1_P13_Y-1_U15,R12_F12_m-1f-1_P12_Y-1_U87,MXY,1,0.0,0,0,0.0,0,0,0,-9999.0,0.5,1,P12_CV0,1,2,0,1,1
13,-0.9009688679024191,-0.433883739117558,R13_F13_m13f14_P13_Y0_UO284,R13_F13_m-1f-1_P13_Y-1_U94,R14_F14_m-1f-1_P14_Y-1_U53,FXX,1,0.0,0,0,0.0,0,0,0,-9999.0,0.5,1,P12_CV0,1,2,0,2,0
13,-0.9009688679024191,-0.433883739117558,R13_F13_m13f14_P13_Y0_UO286,R13_F13_m-1f-1_P13_Y-1_U94,R14_F14_m-1f-1_P14_Y-1_U53,FXX,1,0.0,0,0,0.0,0,0,0,-9999.0,0.5,1,P12_CV0,1,2,0,1,1
13,-0.9009688679024191,-0.433883739117558,R13_F13_m13f14_P13_Y0_UO287,R13_F13_m-1f-1_P13_Y-1_U94,R14_F14_m-1f-1_P14_Y-1_U53,FXX,1,0.0,0,0,0.0,0,0,0,-9999.0,0.5,1,P12_CV0,1,1,1,2,0
13,-0.9009688679024191,-0.433883739117558,R13_F13_m13f12_P13_Y0_UO317,R13_F13_m-1f-1_P13_Y-1_U14,R12_F12_m-1f-1_P12_Y-1_U14,FXX,1,0.0,0,0,0.0,0,0,0,-9999.0,0.25,1,P12_CV0,1,1,1,1,1
13,-0.9009688679024191,-0.433883739117558,R13_F13_m13f12_P13_Y0_UO319,R13_F13_m-1f-1_P13_Y-1_U14,R12_F12_m-1f-1_P12_Y-1_U14,FXX,1,0.0,0,0,0.0,0,0,0,-9999.0,0.25,1,P12_CV0,1,1,1,2,0
13,-0.9009688679024191,-0.433883739117558,R13_F13_m13f12_P13_Y0_UO321,R13_F13_m-1f-1_P13_Y-1_U14,R12_F12_m-1f-1_P12_Y-1_U14,FXX,1,0.0,0,0,0.0,0,0,0,-9999.0,0.25,1,P12_CV0,1,0,2,1,1
13,-0.9009688679024191,-0.433883739117558,R13_F13_m13f14_P13_Y0_UO354,R13_F13_m-1f-1_P13_Y-1_U59,R14_F14_m-1f-1_P14_Y-1_U7,MXY,1,0.0,0,0,0.0,0,0,0,-9999.0,0.25,1,P12_CV0,1,0,2,0,2
13,-0.9009688679024191,-0.433883739117558,R13_F13_m13f12_P13_Y0_UO407,R13_F13_m-1f-1_P13_Y-1_U94,R12_F12_m-1f-1_P12_Y-1_U46,MXY,1,0.0,0,0,0.0,0,0,0,-9999.0,0.75,1,P12_CV0,1,1,1,2,0
13,-0.9009688679024191,-0.433883739117558,R13_F13_m13f12_P13_Y0_UO408,R13_F13_m-1f-1_P13_Y-1_U94,R12_F12_m-1f-1_P12_Y-1_U46,MXY,1,0.0,0,0,0.0,0,0,0,-9999.0,0.75,1,P12_CV0,1,2,0,2,0
13,-0.9009688679024191,-0.433883739117558,R13_F13_m13f12_P13_Y0_UO409,R13_F13_m-1f-1_P13_Y-1_U94,R12_F12_m-1f-1_P12_Y-1_U46,FXX,1,0.0,0,0,0.0,0,0,0,-9999.0,0.75,1,P12_CV0,1,2,0,2,0
13,-0.9009688679024191,-0.433883739117558,R13_F13_m13f12_P13_Y0_UO702,R13_F13_m-1f-1_P13_Y-1_U96,R12_F12_m-1f-1_P12_Y-1_U14,MXY,1,0.0,0,0,0.0,0,0,0,-9999.0,0.25,1,P12_CV0,1,0,2,1,1
13,-0.9009688679024191,-0.433883739117558,R13_F13_m13f12_P13_Y0_UO703,R13_F13_m-1f-1_P13_Y-1_U96,R12_F12_m-1f-1_P12_Y-1_U14,FXX,1,0.0,0,0,0.0,0,0,0,-9999.0,0.25,1,P12_CV0,1,1,1,1,1
13,-0.9009688679024191,-0.433883739117558,R13_F13_m13f12_P13_Y0_UO704,R13_F13_m-1f-1_P13_Y-1_U96,R12_F12_m-1f-1_P12_Y-1_U14,FXX,1,0.0,0,0,0.0,0,0,0,-9999.0,0.25,1,P12_CV0,1,1,1,1,1
13,-0.9009688679024191,-0.433883739117558,R13_F13_m13f14_P13_Y0_UO794,R13_F13_m-1f-1_P13_Y-1_U74,R14_F14_m-1f-1_P14_Y-1_U38,FXX,1,0.0,0,0,0.0,0,0,0,-9999.0,0.5,1,P12_CV0,1,1,1,0,2
13,-0.9009688679024191,-0.433883739117558,R13_F13_m13f14_P13_Y0_UO796,R13_F13_m-1f-1_P13_Y-1_U74,R14_F14_m-1f-1_P14_Y-1_U38,FXX,1,0.0,0,0,0.0,0,0,0,-9999.0,0.5,1,P12_CV0,1,2,0,0,2
13,-0.9009688679024191,-0.433883739117558,R13_F13_m13f14_P13_Y0_UO797,R13_F13_m-1f-1_P13_Y-1_U74,R14_F14_m-1f-1_P14_Y-1_U38,FXX,1,0.0,0,0,0.0,0,0,0,-9999.0,0.5,1,P12_CV0,1,1,1,0,2
13,-0.9009688679024191,-0.433883739117558,R13_F13_m13f14_P13_Y0_UO835,R13_F13_m-1f-1_P13_Y-1_U74,R14_F14_m-1f-1_P14_Y-1_U70,FXX,1,0.0,0,0,0.0,0,0,0,-9999.0,0.75,1,P12_CV0,1,2,0,0,2
13,-0.9009688679024191,-0.433883739117558,R13_F13_m13f14_P13_Y0_UO836,R13_F13_m-1f-1_P13_Y-1_U74,R14_F14_m-1f-1_P14_Y-1_U70,FXX,1,0.0,0,0,0.0,0,0,0,-9999.0,0.75,1,P12_CV0,1,1,1,0,2
13,-0.9009688679024191,-0.433883739117558,R13_F13_m13f14_P13_Y0_UO1093,R13_F13_m-1f-1_P13_Y-1_U27,R14_F14_m-1f-1_P14_Y-1_U21,FXX,1,0.0,0,0,0.0,0,0,0,-9999.0,1.0,1,P12_CV0,1,2,0,2,0
13,-0.9009688679024191,-0.433883739117558,R13_F13_m13f14_P13_Y0_UO1094,R13_F13_m-1f-1_P13_Y-1_U27,R14_F14_m-1f-1_P14_Y-1_U21,MXY,1,0.0,0,0,0.0,0,0,0,-9999.0,1.0,1,P12_CV0,1,2,0,2,0
13,-0.9009688679024191,-0.433883739117558,R13_F13_m13f14_P13_Y0_UO1096,R13_F13_m-1f-1_P13_Y-1_U27,R14_F14_m-1f-1_P14_Y-1_U21,MXY,1,0.0,0,0,0.0,0,0,0,-9999.0,1.0,1,P12_CV0,1,2,0,1,1
13,-0.9009688679024191,-0.433883739117558,R13_F13_m13f14_P13_Y0_UO1190,R13_F13_m-1f-1_P13_Y-1_U26,R14_F14_m-1f-1_P14_Y-1_U46,FXX,1,0.0,0,0,0.0,0,0,0,-9999.0,0.75,1,P12_CV0,1,1,1,2,0
13,-0.9009688679024191,-0.433883739117558,R13_F13_m13f14_P13_Y0_UO1191,R13_F13_m-1f-1_P13_Y-1_U26,R14_F14_m-1f-1_P14_Y-1_U46,MXY,1,0.0,0,0,0.0,0,0,0,-9999.0,0.75,1,P12_CV0,1,1,1,0,2
13,-0.9009688679024191,-0.433883739117558,RD13_F14_m14f13_P14_Y0_UO276,R14_F14_m-1f-1_P14_Y-1_U52,R13_F13_m-1f-1_P13_Y-1_U62,FXX,1,0.0,0,0,0.0,0,0,0,-9999.0,0.0,1,P12_CV0,1,0,2,1,1
13,-0.9009688679024191,-0.433883739117558,R13_F13_m-1f-1_P13_Y-1_U54,-9999,-9999,MXY,2,0.0,1,0,0.0,0,0,0,-9999.0,1.0,1,P12_CV0,1,2,0,0,2
13,-0.9009688679024191,-0.433883739117558,R13_F13_m-1f-1_P13_Y-1_U58,-9999,-9999,MXY,2,0.0,1,0,0.0,0,0,0,-9999.0,0.0,1,P12_CV0,1,0,2,1,1
13,-0.9009688679024191,-0.433883739117558,R13_F13_m-1f-1_P13_Y-1_U22,-9999,-9999,FXX,2,0.0,1,0,1.0,0,0,0,-9999.0,0.0,1,P12_CV0,1,0,2,0,2
13,-0.9009688679024191,-0.433883739117558,R13_F13_m-1f-1_P13_Y-1_U61,-9999,-9999,MXY,2,0.0,1,0,0.0,0,0,0,-9999.0,0.5,1,P12_CV0,1,1,1,1,1
13,-0.9009688679024191,-0.433883739117558,R13_F13_m-1f-1_P13_Y-1_U45,-9999,-9999,FXX,2,0.0,1,0,1.0,0,0,0,-9999.0,0.0,1,P12_CV0,1,0,2,0,2
13,-0.9009688679024191,-0.433883739117558,R13_F13_m-1f-1_P13_Y-1_U39,-9999,-9999,MXY,2,0.0,1,0,0.0,0,0,0,-9999.0,0.0,1,P12_CV0,1,0,2,1,1
13,-0.9009688679024191,-0.433883739117558,R13_F13_m-1f-1_P13_Y-1_U84,-9999,-9999,MXY,2,0.0,1,0,0.0,0,0,0,-9999.0,0.0,1,P12_CV0,1,0,2,0,2
13,-0.9009688679024191,-0.433883739117558,R13_F13_m-1f-1_P13_Y-1_U0,-9999,-9999,FXX,2,0.0,1,0,1.0,0,0,0,-9999.0,0.0,1,P12_CV0,1,0,2,2,0
13,-0.9009688679024191,-0.433883739117558,R13_F13_m-1f-1_P13_Y-1_U91,-9999,-9999,MXY,3,0.0,1,0,0.0,0,0,0,-9999.0,0.5,1,P12_CV0,1,1,1,0,2
13,-0.9009688679024191,-0.433883739117558,R13_F13_m-1f-1_P13_Y-1_U11,-9999,-9999,FXX,3,0.0,1,0,1.0,0,0,0,-9999.0,0.5,1,P12_CV0,1,1,1,1,1
13,-0.9009688679024191,-0.433883739117558,R13_F13_m-1f-1_P13_Y-1_U53,-9999,-9999,MXY,3,0.0,1,0,0.0,0,0,0,-9999.0,1.0,1,P12_CV0,1,2,0,1,1
13,-0.9009688679024191,-0.433883739117558,R13_F13_m-1f-1_P13_Y-1_U26,-9999,-9999,FXX,3,0.0,1,0,1.0,0,0,0,-9999.0,0.5,1,P12_CV0,1,1,1,1,1
13,-0.9009688679024191,-0.433883739117558,R13_F13_m-1f-1_P13_Y-1_U89,-9999,-9999,MXY,3,0.0,1,0,0.0,0,0,0,-9999.0,0.5,1,P12_CV0,1,1,1,1,1
13,-0.9009688679024191,-0.433883739117558,R13_F13_m-1f-1_P13_Y-1_U68,-9999,-9999,FXX,4,0.0,1,0,1.0,0,0,0,-9999.0,0.5,1,P12_CV0,1,1,1,0,2
13,-0.9009688679024191,-0.433883739117558,R13_F13_m13f14_P13_Y0_UO285,R13_F13_m-1f-1_P13_Y-1_U94,R14_F14_m-1f-1_P14_Y-1_U53,MXY,1,0.0,0,0,0.0,0,0,0,-9999.0,0.5,1,P13_CV0,1,1,1,1,1
13,-0.9009688679024191,-0.433883739117558,R13_F13_m13f14_P13_Y0_UO350,R13_F13_m-1f-1_P13_Y-1_U59,R14_F14_m-1f-1_P14_Y-1_U7,FXX,1,0.0,0,0,0.0,0,0,0,-9999.0,0.25,1,P13_CV0,1,1,1,0,2
13,-0.9009688679024191,-0.433883739117558,R13_F13_m13f14_P13_Y0_UO351,R13_F13_m-1f-1_P13_Y-1_U59,R14_F14_m-1f-1_P14_Y-1_U7,MXY,1,0.0,0,0,0.0,0,0,0,-9999.0,0.25,1,P13_CV0,1,1,1,0,2
13,-0.9009688679024191,-0.433883739117558,R13_F13_m13f14_P13_Y0_UO352,R13_F13_m-1f-1_P13_Y-1_U59,R14_F14_m-1f-1_P14_Y-1_U7,FXX,1,0.0,0,0,0.0,0,0,0,-9999.0,0.25,1,P13_CV0,1,1,1,0,2
13,-0.9009688679024191,-0.433883739117558,R13_F13_m13f14_P13_Y0_UO353,R13_F13_m-1f-1_P13_Y-1_U59,R14_F14_m-1f-1_P14_Y-1_U7,MXY,1,0.0,0,0,0.0,0,0,0,-9999.0,0.25,1,P13_CV0,1,0,2,1,1
13,-0.9009688679024191,-0.433883739117558,R13_F13_m13f14_P13_Y0_UO355,R13_F13_m-1f-1_P13_Y-1_U59,R14_F14_m-1f-1_P14_Y-1_U7,MXY,1,0.0,0,0,0.0,0,0,0,-9999.0,0.25,1,P13_CV0,1,1,1,1,1
13,-0.9009688679024191,-0.433883739117558,R13_F13_m13f14_P13_Y0_UO611,R13_F13_m-1f-1_P13_Y-1_U11,R14_F14_m-1f-1_P14_Y-1_U17,MXY,1,0.0,0,0,0.0,0,0,0,-9999.0,0.5,1,P13_CV0,1,1,1,1,1
13,-0.9009688679024191,-0.433883739117558,R13_F13_m13f14_P13_Y0_UO612,R13_F13_m-1f-1_P13_Y-1_U11,R14_F14_m-1f-1_P14_Y-1_U17,FXX,1,0.0,0,0,0.0,0,0,0,-9999.0,0.5,1,P13_CV0,1,0,2,1,1
13,-0.9009688679024191,-0.433883739117558,R13_F13_m13f14_P13_Y0_UO613,R13_F13_m-1f-1_P13_Y-1_U11,R14_F14_m-1f-1_P14_Y-1_U17,MXY,1,0.0,0,0,0.0,0,0,0,-9999.0,0.5,1,P13_CV0,1,2,0,0,2
13,-0.9009688679024191,-0.433883739117558,R13_F13_m13f14_P13_Y0_UO793,R13_F13_m-1f-1_P13_Y-1_U74,R14_F14_m-1f-1_P14_Y-1_U38,MXY,1,0.0,0,0,0.0,0,0,0,-9999.0,0.5,1,P13_CV0,1,0,2,0,2
13,-0.9009688679024191,-0.433883739117558,R13_F13_m13f14_P13_Y0_UO795,R13_F13_m-1f-1_P13_Y-1_U74,R14_F14_m-1f-1_P14_Y-1_U38,MXY,1,0.0,0,0,0.0,0,0,0,-9999.0,0.5,1,P13_CV0,1,2,0,0,2
13,-0.9009688679024191,-0.433883739117558,R13_F13_m13f14_P13_Y0_UO837,R13_F13_m-1f-1_P13_Y-1_U74,R14_F14_m-1f-1_P14_Y-1_U70,FXX,1,0.0,0,0,0.0,0,0,0,-9999.0,0.75,1,P13_CV0,1,1,1,0,2
13,-0.9009688679024191,-0.433883739117558,R13_F13_m13f14_P13_Y0_UO1097,R13_F13_m-1f-1_P13_Y-1_U27,R14_F14_m-1f-1_P14_Y-1_U21,MXY,1,0.0,0,0,0.0,0,0,0,-9999.0,1.0,1,P13_CV0,1,2,0,2,0
13,-0.9009688679024191,-0.433883739117558,R13_F13_m13f14_P13_Y0_UO1193,R13_F13_m-1f-1_P13_Y-1_U26,R14_F14_m-1f-1_P14_Y-1_U46,MXY,1,0.0,0,0,0.0,0,0,0,-9999.0,0.75,1,P13_CV0,1,1,1,2,0
13,-0.9009688679024191,-0.433883739117558,RD13_F14_m14f15_P14_Y0_UO682,R14_F14_m-1f-1_P14_Y-1_U60,R15_F15_m-1f-1_P15_Y-1_U77,FXX,1,0.0,0,0,0.0,0,0,0,-9999.0,0.5,1,P14_CV0,1,1,1,1,1
13,-0.9009688679024191,-0.433883739117558,RD13_F14_m14f15_P14_Y0_UO833,R14_F14_m-1f-1_P14_Y-1_U6,R15_F15_m-1f-1_P15_Y-1_U77,MXY,1,0.0,0,0,0.0,0,0,0,-9999.0,0.75,1,P14_CV0,1,2,0,0,2
14,-0.7330518718298262,-0.6801727377709195,RD14_F13_m13f12_P13_Y0_UO132,R13_F13_m-1f-1_P13_Y-1_U15,R12_F12_m-1f-1_P12_Y-1_U55,FXX,1,0.0,0,0,0.0,0,0,0,-9999.0,0.5,1,P11_CV0,1,2,0,0,2
14,-0.7330518718298262,-0.6801727377709195,R14_F14_m14f13_P14_Y0_UO1010,R14_F14_m-1f-1_P14_Y-1_U52,R13_F13_m-1f-1_P13_Y-1_U50,MXY,1,0.0,0,0,0.0,0,0,0,-9999.0,0.25,1,P12_CV0,1,1,1,1,1
14,-0.7330518718298262,-0.6801727377709195,R14_F14_m14f13_P14_Y0_UO1023,R14_F14_m-1f-1_P14_Y-1_U94,R13_F13_m-1f-1_P13_Y-1_U4,FXX,1,0.0,0,0,0.0,0,0,0,-9999.0,0.0,1,P12_CV0,1,0,2,0,2
14,-0.7330518718298262,-0.6801727377709195,R14_F14_m14f13_P14_Y0_UO1021,R14_F14_m-1f-1_P14_Y-1_U94,R13_F13_m-1f-1_P13_Y-1_U4,MXY,1,0.0,0,0,0.0,0,0,0,-9999.0,0.0,1,P12_CV0,1,0,2,1,1
14,-0.7330518718298262,-0.6801727377709195,R14_F14_m14f13_P14_Y0_UO1009,R14_F14_m-1f-1_P14_Y-1_U52,R13_F13_m-1f-1_P13_Y-1_U50,FXX,1,0.0,0,0,0.0,0,0,0,-9999.0,0.25,1,P12_CV0,1,0,2,0,2
14,-0.7330518718298262,-0.6801727377709195,R14_F14_m14f13_P14_Y0_UO1007,R14_F14_m-1f-1_P14_Y-1_U52,R13_F13_m-1f-1_P13_Y-1_U50,FXX,1,0.0,0,0,0.0,0,0,0,-9999.0,0.25,1,P12_CV0,1,0,2,1,1
14,-0.7330518718298262,-0.6801727377709195,R14_F14_m14f13_P14_Y0_UO279,R14_F14_m-1f-1_P14_Y-1_U52,R13_F13_m-1f-1_P13_Y-1_U62,MXY,1,0.0,0,0,0.0,0,0,0,-9999.0,0.0,1,P12_CV0,1,0,2,2,0
14,-0.7330518718298262,-0.6801727377709195,R14_F14_m14f13_P14_Y0_UO1008,R14_F14_m-1f-1_P14_Y-1_U52,R13_F13_m-1f-1_P13_Y-1_U50,FXX,1,0.0,0,0,0.0,0,0,0,-9999.0,0.25,1,P12_CV0,1,1,1,0,2
14,-0.7330518718298262,-0.6801727377709195,R14_F14_m14f13_P14_Y0_UO1020,R14_F14_m-1f-1_P14_Y-1_U94,R13_F13_m-1f-1_P13_Y-1_U4,FXX,1,0.0,0,0,0.0,0,0,0,-9999.0,0.0,1,P12_CV0,1,0,2,1,1
14,-0.7330518718298262,-0.6801727377709195,R14_F14_m14f13_P14_Y0_UO1019,R14_F14_m-1f-1_P14_Y-1_U94,R13_F13_m-1f-1_P13_Y-1_U4,FXX,1,0.0,0,0,0.0,0,0,0,-9999.0,0.0,1,P12_CV0,1,0,2,0,2
14,-0.7330518718298262,-0.6801727377709195,R14_F14_m14f13_P14_Y0_UO1022,R14_F14_m-1f-1_P14_Y-1_U94,R13_F13_m-1f-1_P13_Y-1_U4,FXX,1,0.0,0,0,0.0,0,0,0,-9999.0,0.0,1,P12_CV0,1,0,2,1,1
14,-0.7330518718298262,-0.6801727377709195,RD14_F13_m-1f-1_P13_Y-1_U76,-9999,-9999,MXY,2,0.0,1,0,0.0,0,0,0,-9999.0,0.5,1,P12_CV0,1,1,1,1,1
14,-0.7330518718298262,-0.6801727377709195,R14_F14_m14f13_P14_Y0_UO1017,R14_F14_m-1f-1_P14_Y-1_U94,R13_F13_m-1f-1_P13_Y-1_U4,FXX,1,0.0,0,0,0.0,0,0,0,-9999.0,0.0,1,P13_CV0,1,0,2,1,1
14,-0.7330518718298262,-0.6801727377709195,R14_F14_m14f15_P14_Y0_UO1099,R14_F14_m-1f-1_P14_Y-1_U6,R15_F15_m-1f-1_P15_Y-1_U62,FXX,1,0.0,0,0,0.0,0,0,0,-9999.0,0.75,1,P13_CV0,1,2,0,0,2
14,-0.7330518718298262,-0.6801727377709195,R14_F14_m14f15_P14_Y0_UO1217,R14_F14_m-1f-1_P14_Y-1_U89,R15_F15_m-1f-1_P15_Y-1_U96,MXY,1,0.0,0,0,0.0,0,0,0,-9999.0,0.75,1,P13_CV0,1,2,0,2,0
14,-0.7330518718298262,-0.6801727377709195,R14_F14_m14f15_P14_Y0_UO1147,R14_F14_m-1f-1_P14_Y-1_U60,R15_F15_m-1f-1_P15_Y-1_U61,MXY,1,0.0,0,0,0.0,0,0,0,-9999.0,0.5,1,P13_CV0,1,2,0,2,0
14,-0.7330518718298262,-0.6801727377709195,R14_F14_m14f13_P14_Y0_UO280,R14_F14_m-1f-1_P14_Y-1_U52,R13_F13_m-1f-1_P13_Y-1_U62,MXY,1,0.0,0,0,0.0,0,0,0,-9999.0,0.0,1,P13_CV0,1,0,2,0,2
14,-0.7330518718298262,-0.6801727377709195,R14_F14_m14f15_P14_Y0_UO1151,R14_F14_m-1f-1_P14_Y-1_U60,R15_F15_m-1f-1_P15_Y-1_U61,FXX,1,0.0,0,0,0.0,0,0,0,-9999.0,0.5,1,P13_CV0,1,2,0,1,1
14,-0.7330518718298262,-0.6801727377709195,R14_F14_m14f13_P14_Y0_UO1005,R14_F14_m-1f-1_P14_Y-1_U52,R13_F13_m-1f-1_P13_Y-1_U50,FXX,1,0.0,0,0,0.0,0,0,0,-9999.0,0.25,1,P13_CV0,1,0,2,2,0
14,-0.7330518718298262,-0.6801727377709195,R14_F14_m14f15_P14_Y0_UO1091,R14_F14_m-1f-1_P14_Y-1_U94,R15_F15_m-1f-1_P15_Y-1_U56,FXX,1,0.0,0,0,0.0,0,0,0,-9999.0,0.25,1,P13_CV0,1,0,2,1,1
14,-0.7330518718298262,-0.6801727377709195,RD14_F15_m15f14_P15_Y0_UO955,R15_F15_m-1f-1_P15_Y-1_U51,R14_F14_m-1f-1_P14_Y-1_U27,MXY,1,0.0,0,0,0.0,0,0,0,-9999.0,0.75,1,P13_CV0,1,2,0,1,1
14,-0.7330518718298262,-0.6801727377709195,R14_F14_m14f15_P14_Y0_UO684,R14_F14_m-1f-1_P14_Y-1_U60,R15_F15_m-1f-1_P15_Y-1_U77,MXY,1,0.0,0,0,0.0,0,0,0,-9999.0,0.5,1,P13_CV0,1,1,1,2,0
14,-0.7330518718298262,-0.6801727377709195,R14_F14_m14f15_P14_Y0_UO1087,R14_F14_m-1f-1_P14_Y-1_U94,R15_F15_m-1f-1_P15_Y-1_U56,MXY,1,0.0,0,0,0.0,0,0,0,-9999.0,0.25,1,P13_CV0,1,0,2,1,1
14,-0.7330518718298262,-0.6801727377709195,R14_F14_m14f13_P14_Y0_UO1024,R14_F14_m-1f-1_P14_Y-1_U94,R13_F13_m-1f-1_P13_Y-1_U4,MXY,1,0.0,0,0,0.0,0,0,0,-9999.0,0.0,1,P13_CV0,1,0,2,0,2
14,-0.7330518718298262,-0.6801727377709195,R14_F14_m14f13_P14_Y0_UO275,R14_F14_m-1f-1_P14_Y-1_U52,R13_F13_m-1f-1_P13_Y-1_U62,FXX,1,0.0,0,0,0.0,0,0,0,-9999.0,0.0,1,P13_CV0,1,0,2,1,1
14,-0.7330518718298262,-0.6801727377709195,R14_F14_m14f15_P14_Y0_UO1090,R14_F14_m-1f-1_P14_Y-1_U94,R15_F15_m-1f-1_P15_Y-1_U56,MXY,1,0.0,0,0,0.0,0,0,0,-9999.0,0.25,1,P13_CV0,1,0,2,0,2
14,-0.7330518718298262,-0.6801727377709195,R14_F14_m14f15_P14_Y0_UO1218,R14_F14_m-1f-1_P14_Y-1_U89,R15_F15_m-1f-1_P15_Y-1_U96,FXX,1,0.0,0,0,0.0,0,0,0,-9999.0,0.75,1,P13_CV0,1,1,1,1,1
14,-0.7330518718298262,-0.6801727377709195,R14_F14_m14f13_P14_Y0_UO278,R14_F14_m-1f-1_P14_Y-1_U52,R13_F13_m-1f-1_P13_Y-1_U62,FXX,1,0.0,0,0,0.0,0,0,0,-9999.0,0.0,1,P13_CV0,1,0,2,2,0
14,-0.7330518718298262,-0.6801727377709195,R14_F14_m14f13_P14_Y0_UO1018,R14_F14_m-1f-1_P14_Y-1_U94,R13_F13_m-1f-1_P13_Y-1_U4,MXY,1,0.0,0,0,0.0,0,0,0,-9999.0,0.0,1,P13_CV0,1,0,2,1,1
14,-0.7330518718298262,-0.6801727377709195,R14_F14_m14f15_P14_Y0_UO685,R14_F14_m-1f-1_P14_Y-1_U60,R15_F15_m-1f-1_P15_Y-1_U77,MXY,1,0.0,0,0,0.0,0,0,0,-9999.0,0.5,1,P13_CV0,1,1,1,2,0
14,-0.7330518718298262,-0.6801727377709195,R14_F14_m14f15_P14_Y0_UO1105,R14_F14_m-1f-1_P14_Y-1_U6,R15_F15_m-1f-1_P15_Y-1_U62,FXX,1,0.0,0,0,0.0,0,0,0,-9999.0,0.75,1,P13_CV0,1,1,1,0,2
14,-0.7330518718298262,-0.6801727377709195,R14_F14_m14f13_P14_Y0_UO1006,R14_F14_m-1f-1_P14_Y-1_U52,R13_F13_m-1f-1_P13_Y-1_U50,FXX,1,0.0,0,0,0.0,0,0,0,-9999.0,0.25,1,P13_CV0,1,0,2,1,1
14,-0.7330518718298262,-0.6801727377709195,R14_F14_m14f15_P14_Y0_UO831,R14_F14_m-1f-1_P14_Y-1_U6,R15_F15_m-1f-1_P15_Y-1_U77,FXX,1,0.0,0,0,0.0,0,0,0,-9999.0,0.75,1,P13_CV0,1,2,0,1,1
14,-0.7330518718298262,-0.6801727377709195,R14_F14_m14f15_P14_Y0_UO1220,R14_F14_m-1f-1_P14_Y-1_U89,R15_F15_m-1f-1_P15_Y-1_U96,FXX,1,0.0,0,0,0.0,0,0,0,-9999.0,0.75,1,P13_CV0,1,2,0,2,0
14,-0.7330518718298262,-0.6801727377709195,R14_F14_m14f15_P14_Y0_UO1219,R14_F14_m-1f-1_P14_Y-1_U89,R15_F15_m-1f-1_P15_Y-1_U96,MXY,1,0.0,0,0,0.0,0,0,0,-9999.0,0.75,1,P13_CV0,1,2,0,1,1
14,-0.7330518718298262,-0.6801727377709195,R14_F14_m14f15_P14_Y0_UO1089,R14_F14_m-1f-1_P14_Y-1_U94,R15_F15_m-1f-1_P15_Y-1_U56,FXX,1,0.0,0,0,0.0,0,0,0,-9999.0,0.25,1,P13_CV0,1,0,2,1,1
14,-0.7330518718298262,-0.6801727377709195,R14_F14_m14f13_P14_Y0_UO277,R14_F14_m-1f-1_P14_Y-1_U52,R13_F13_m-1f-1_P13_Y-1_U62,FXX,1,0.0,0,0,0.0,0,0,0,-9999.0,0.0,1,P13_CV0,1,0,2,2,0
14,-0.7330518718298262,-0.6801727377709195,R14_F14_m14f15_P14_Y0_UO1092,R14_F14_m-1f-1_P14_Y-1_U94,R15_F15_m-1f-1_P15_Y-1_U56,MXY,1,0.0,0,0,0.0,0,0,0,-9999.0,0.25,1,P13_CV0,1,1,1,1,1
14,-0.7330518718298262,-0.6801727377709195,R14_F14_m14f15_P14_Y0_UO1216,R14_F14_m-1f-1_P14_Y-1_U89,R15_F15_m-1f-1_P15_Y-1_U96,FXX,1,0.0,0,0,0.0,0,0,0,-9999.0,0.75,1,P13_CV0,1,2,0,2,0
14,-0.7330518718298262,-0.6801727377709195,R14_F14_m14f13_P14_Y0_UO1015,R14_F14_m-1f-1_P14_Y-1_U94,R13_F13_m-1f-1_P13_Y-1_U4,FXX,1,0.0,0,0,0.0,0,0,0,-9999.0,0.0,1,P13_CV0,1,0,2,1,1
14,-0.7330518718298262,-0.6801727377709195,R14_F14_m14f15_P14_Y0_UO829,R14_F14_m-1f-1_P14_Y-1_U6,R15_F15_m-1f-1_P15_Y-1_U77,MXY,1,0.0,0,0,0.0,0,0,0,-9999.0,0.75,1,P13_CV0,1,1,1,1,1
14,-0.7330518718298262,-0.6801727377709195,R14_F14_m14f15_P14_Y0_UO1107,R14_F14_m-1f-1_P14_Y-1_U6,R15_F15_m-1f-1_P15_Y-1_U62,MXY,1,0.0,0,0,0.0,0,0,0,-9999.0,0.75,1,P13_CV0,1,1,1,0,2
14,-0.7330518718298262,-0.6801727377709195,R14_F14_m14f15_P14_Y0_UO1106,R14_F14_m-1f-1_P14_Y-1_U6,R15_F15_m-1f-1_P15_Y-1_U62,MXY,1,0.0,0,0,0.0,0,0,0,-9999.0,0.75,1,P13_CV0,1,1,1,0,2
14,-0.7330518718298262,-0.6801727377709195,R14_F14_m-1f-1_P14_Y-1_U57,-9999,-9999,MXY,2,0.0,1,0,0.0,0,0,0,-9999.0,0.5,1,P13_CV0,1,1,1,2,0
14,-0.7330518718298262,-0.6801727377709195,R14_F14_m-1f-1_P14_Y-1_U43,-9999,-9999,FXX,2,0.0,1,0,1.0,0,0,0,-9999.0,1.0,1,P13_CV0,1,2,0,2,0
14,-0.7330518718298262,-0.6801727377709195,R14_F14_m-1f-1_P14_Y-1_U10,-9999,-9999,FXX,2,0.0,1,0,1.0,0,0,0,-9999.0,0.5,1,P13_CV0,1,1,1,1,1
14,-0.7330518718298262,-0.6801727377709195,R14_F14_m-1f-1_P14_Y-1_U30,-9999,-9999,MXY,2,0.0,1,0,0.0,0,0,0,-9999.0,1.0,1,P13_CV0,1,2,0,2,0
14,-0.7330518718298262,-0.6801727377709195,R14_F14_m-1f-1_P14_Y-1_U61,-9999,-9999,MXY,2,0.0,1,0,0.0,0,0,0,-9999.0,0.5,1,P13_CV0,1,1,1,1,1
14,-0.7330518718298262,-0.6801727377709195,R14_F14_m-1f-1_P14_Y-1_U72,-9999,-9999,MXY,2,0.0,1,0,0.0,0,0,0,-9999.0,0.5,1,P13_CV0,1,1,1,0,2
14,-0.7330518718298262,-0.6801727377709195,R14_F14_m-1f-1_P14_Y-1_U58,-9999,-9999,MXY,2,0.0,1,0,0.0,0,0,0,-9999.0,1.0,1,P13_CV0,1,2,0,1,1
14,-0.7330518718298262,-0.6801727377709195,R14_F14_m-1f-1_P14_Y-1_U83,-9999,-9999,MXY,2,0.0,1,0,0.0,0,0,0,-9999.0,1.0,1,P13_CV0,1,2,0,2,0
14,-0.7330518718298262,-0.6801727377709195,R14_F14_m-1f-1_P14_Y-1_U22,-9999,-9999,FXX,2,0.0,1,0,1.0,0,0,0,-9999.0,0.0,1,P13_CV0,1,0,2,1,1
14,-0.7330518718298262,-0.6801727377709195,R14_F14_m-1f-1_P14_Y-1_U55,-9999,-9999,MXY,2,0.0,1,0,0.0,0,0,0,-9999.0,0.0,1,P13_CV0,1,0,2,1,1
14,-0.7330518718298262,-0.6801727377709195,R14_F14_m-1f-1_P14_Y-1_U77,-9999,-9999,FXX,2,0.0,1,0,1.0,0,0,0,-9999.0,1.0,1,P13_CV0,1,2,0,0,2
14,-0.7330518718298262,-0.6801727377709195,R14_F14_m-1f-1_P14_Y-1_U5,-9999,-9999,FXX,2,0.0,1,0,1.0,0,0,0,-9999.0,0.5,1,P13_CV0,1,1,1,2,0
14,-0.7330518718298262,-0.6801727377709195,R14_F14_m-1f-1_P14_Y-1_U91,-9999,-9999,MXY,2,0.0,1,0,0.0,0,0,0,-9999.0,0.0,1,P13_CV0,1,0,2,1,1
14,-0.7330518718298262,-0.6801727377709195,R14_F14_m-1f-1_P14_Y-1_U2,-9999,-9999,MXY,2,0.0,1,0,0.0,0,0,0,-9999.0,0.5,1,P13_CV0,1,1,1,0,2
14,-0.7330518718298262,-0.6801727377709195,R14_F14_m-1f-1_P14_Y-1_U95,-9999,-9999,MXY,2,0.0,1,0,0.0,0,0,0,-9999.0,1.0,1,P13_CV0,1,2,0,1,1
14,-0.7330518718298262,-0.6801727377709195,R14_F14_m-1f-1_P14_Y-1_U3,-9999,-9999,MXY,2,0.0,1,0,0.0,0,0,0,-9999.0,0.5,1,P13_CV0,1,1,1,2,0
14,-0.7330518718298262,-0.6801727377709195,R14_F14_m-1f-1_P14_Y-1_U67,-9999,-9999,MXY,2,0.0,1,0,0.0,0,0,0,-9999.0,1.0,1,P13_CV0,1,2,0,1,1
14,-0.7330518718298262,-0.6801727377709195,R14_F14_m-1f-1_P14_Y-1_U41,-9999,-9999,MXY,2,0.0,1,0,0.0,0,0,0,-9999.0,0.0,1,P13_CV0,1,0,2,2,0
14,-0.7330518718298262,-0.6801727377709195,R14_F14_m-1f-1_P14_Y-1_U66,-9999,-9999,FXX,2,0.0,1,0,1.0,0,0,0,-9999.0,0.5,1,P13_CV0,1,1,1,1,1
14,-0.7330518718298262,-0.6801727377709195,R14_F14_m-1f-1_P14_Y-1_U9,-9999,-9999,MXY,3,0.0,1,0,0.0,0,0,0,-9999.0,1.0,1,P13_CV0,1,2,0,1,1
14,-0.7330518718298262,-0.6801727377709195,R14_F14_m-1f-1_P14_Y-1_U88,-9999,-9999,MXY,3,0.0,1,0,0.0,0,0,0,-9999.0,1.0,1,P13_CV0,1,2,0,1,1
14,-0.7330518718298262,-0.6801727377709195,R14_F14_m-1f-1_P14_Y-1_U92,-9999,-9999,FXX,4,0.0,1,0,1.0,0,0,0,-9999.0,0.5,1,P13_CV0,1,1,1,0,2
14,-0.7330518718298262,-0.6801727377709195,R14_F14_m14f15_P14_Y0_UO1101,R14_F14_m-1f-1_P14_Y-1_U6,R15_F15_m-1f-1_P15_Y-1_U62,MXY,1,0.0,0,0,0.0,0,0,0,-9999.0,0.75,1,P14_CV0,1,2,0,0,2
14,-0.7330518718298262,-0.6801727377709195,R14_F14_m14f15_P14_Y0_UO1150,R14_F14_m-1f-1_P14_Y-1_U60,R15_F15_m-1f-1_P15_Y-1_U61,FXX,1,0.0,0,0,0.0,0,0,0,-9999.0,0.5,1,P14_CV0,1,0,2,2,0
14,-0.7330518718298262,-0.6801727377709195,R14_F14_m14f15_P14_Y0_UO683,R14_F14_m-1f-1_P14_Y-1_U60,R15_F15_m-1f-1_P15_Y-1_U77,FXX,1,0.0,0,0,0.0,0,0,0,-9999.0,0.5,1,P14_CV0,1,2,0,1,1
14,-0.7330518718298262,-0.6801727377709195,R14_F14_m14f15_P14_Y0_UO834,R14_F14_m-1f-1_P14_Y-1_U6,R15_F15_m-1f-1_P15_Y-1_U77,FXX,1,0.0,0,0,0.0,0,0,0,-9999.0,0.75,1,P14_CV0,1,1,1,0,2
14,-0.7330518718298262,-0.6801727377709195,R14_F14_m14f15_P14_Y0_UO1100,R14_F14_m-1f-1_P14_Y-1_U6,R15_F15_m-1f-1_P15_Y-1_U62,FXX,1,0.0,0,0,0.0,0,0,0,-9999.0,0.75,1,P14_CV0,1,2,0,0,2
14,-0.7330518718298262,-0.6801727377709195,R14_F14_m14f15_P14_Y0_UO1149,R14_F14_m-1f-1_P14_Y-1_U60,R15_F15_m-1f-1_P15_Y-1_U61,FXX,1,0.0,0,0,0.0,0,0,0,-9999.0,0.5,1,P14_CV0,1,0,2,2,0
14,-0.7330518718298262,-0.6801727377709195,R14_F14_m14f15_P14_Y0_UO1145,R14_F14_m-1f-1_P14_Y-1_U60,R15_F15_m-1f-1_P15_Y-1_U61,MXY,1,0.0,0,0,0.0,0,0,0,-9999.0,0.5,1,P14_CV0,1,0,2,1,1
14,-0.7330518718298262,-0.6801727377709195,R14_F14_m14f15_P14_Y0_UO830,R14_F14_m-1f-1_P14_Y-1_U6,R15_F15_m-1f-1_P15_Y-1_U77,FXX,1,0.0,0,0,0.0,0,0,0,-9999.0,0.75,1,P14_CV0,1,1,1,1,1
14,-0.7330518718298262,-0.6801727377709195,R14_F14_m14f15_P14_Y0_UO1146,R14_F14_m-1f-1_P14_Y-1_U60,R15_F15_m-1f-1_P15_Y-1_U61,MXY,1,0.0,0,0,0.0,0,0,0,-9999.0,0.5,1,P14_CV0,1,2,0,2,0
14,-0.7330518718298262,-0.6801727377709195,R14_F14_m14f15_P14_Y0_UO832,R14_F14_m-1f-1_P14_Y-1_U6,R15_F15_m-1f-1_P15_Y-1_U77,MXY,1,0.0,0,0,0.0,0,0,0,-9999.0,0.75,1,P14_CV0,1,2,0,1,1
14,-0.7330518718298262,-0.6801727377709195,R14_F14_m14f15_P14_Y0_UO1088,R14_F14_m-1f-1_P14_Y-1_U94,R15_F15_m-1f-1_P15_Y-1_U56,MXY,1,0.0,0,0,0.0,0,0,0,-9999.0,0.25,1,P14_CV0,1,1,1,0,2
14,-0.7330518718298262,-0.6801727377709195,R14_F14_m14f15_P14_Y0_UO1086,R14_F14_m-1f-1_P14_Y-1_U94,R15_F15_m-1f-1_P15_Y-1_U56,FXX,1,0.0,0,0,0.0,0,0,0,-9999.0,0.25,1,P14_CV0,1,0,2,1,1
14,-0.7330518718298262,-0.6801727377709195,R14_F14_m14f15_P14_Y0_UO1104,R14_F14_m-1f-1_P14_Y-1_U6,R15_F15_m-1f-1_P15_Y-1_U62,FXX,1,0.0,0,0,0.0,0,0,0,-9999.0,0.75,1,P14_CV0,1,1,1,0,2
14,-0.7330518718298262,-0.6801727377709195,R14_F14_m14f15_P14_Y0_UO1103,R14_F14_m-1f-1_P14_Y-1_U6,R15_F15_m-1f-1_P15_Y-1_U62,FXX,1,0.0,0,0,0.0,0,0,0,-9999.0,0.75,1,P14_CV0,1,2,0,0,2
14,-0.7330518718298262,-0.6801727377709195,R14_F14_m14f15_P14_Y0_UO1109,R14_F14_m-1f-1_P14_Y-1_U6,R15_F15_m-1f-1_P15_Y-1_U62,MXY,1,0.0,0,0,0.0,0,0,0,-9999.0,0.75,1,P14_CV0,1,1,1,0,2
14,-0.7330518718298262,-0.6801727377709195,RD14_F15_m15f16_P15_Y0_UO818,R15_F15_m-1f-1_P15_Y-1_U0,R16_F16_m-1f-1_P16_Y-1_U42,MXY,1,0.0,0,0,0.0,0,0,0,-9999.0,0.0,1,P14_CV0,1,0,2,1,1
14,-0.7330518718298262,-0.6801727377709195,R14_F14_m14f15_P14_Y0_UO1102,R14_F14_m-1f-1_P14_Y-1_U6,R15_F15_m-1f-1_P15_Y-1_U62,MXY,1,0.0,0,0,0.0,0,0,0,-9999.0,0.75,1,P14_CV0,1,1,1,0,2
14,-0.7330518718298262,-0.6801727377709195,R14_F14_m14f15_P14_Y0_UO1110,R14_F14_m-1f-1_P14_Y-1_U6,R15_F15_m-1f-1_P15_Y-1_U62,MXY,1,0.0,0,0,0.0,0,0,0,-9999.0,0.75,1,P14_CV0,1,1,1,0,2
14,-0.7330518718298262,-0.6801727377709195,R14_F14_m14f15_P14_Y0_UO1148,R14_F14_m-1f-1_P14_Y-1_U60,R15_F15_m-1f-1_P15_Y-1_U61,MXY,1,0.0,0,0,0.0,0,0,0,-9999.0,0.5,1,P14_CV0,1,2,0,2,0
14,-0.7330518718298262,-0.6801727377709195,R14_F14_m14f15_P14_Y0_UO679,R14_F14_m-1f-1_P14_Y-1_U60,R15_F15_m-1f-1_P15_Y-1_U77,MXY,1,0.0,0,0,0.0,0,0,0,-9999.0,0.5,1,P14_CV0,1,1,1,2,0
14,-0.7330518718298262,-0.6801727377709195,R14_F14_m14f15_P14_Y0_UO1221,R14_F14_m-1f-1_P14_Y-1_U89,R15_F15_m-1f-1_P15_Y-1_U96,FXX,1,0.0,0,0,0.0,0,0,0,-9999.0,0.75,1,P14_CV0,1,1,1,1,1
14,-0.7330518718298262,-0.6801727377709195,R14_F14_m14f15_P14_Y0_UO1222,R14_F14_m-1f-1_P14_Y-1_U89,R15_F15_m-1f-1_P15_Y-1_U96,MXY,1,0.0,0,0,0.0,0,0,0,-9999.0,0.75,1,P14_CV0,1,1,1,1,1
14,-0.7330518718298262,-0.6801727377709195,RD14_F15_m15f16_P15_Y0_UO608,R15_F15_m-1f-1_P15_Y-1_U94,R16_F16_m-1f-1_P16_Y-1_U10,MXY,1,0.0,0,0,0.0,0,0,0,-9999.0,0.75,1,P15_CV0,1,1,1,1,1
14,-0.7330518718298262,-0.6801727377709195,RD14_F15_m15f16_P15_Y0_UO102,R15_F15_m-1f-1_P15_Y-1_U15,R16_F16_m-1f-1_P16_Y-1_U54,FXX,1,0.0,0,0,0.0,0,0,0,-9999.0,0.25,1,P15_CV0,1,1,1,2,0
14,-0.7330518718298262,-0.6801727377709195,RD14_F15_m15f16_P15_Y0_UO816,R15_F15_m-1f-1_P15_Y-1_U0,R16_F16_m-1f-1_P16_Y-1_U42,FXX,1,0.0,0,0,0.0,0,0,0,-9999.0,0.0,1,P15_CV0,1,0,2,2,0
14,-0.7330518718298262,-0.6801727377709195,RD14_F15_m15f16_P15_Y0_UO59,R15_F15_m-1f-1_P15_Y-1_U15,R16_F16_m-1f-1_P16_Y-1_U74,FXX,1,0.0,0,0,0.0,0,0,0,-9999.0,0.25,1,P15_CV0,1,0,2,0,2
15,-0.5000000000000004,-0.8660254037844384,RD15_F14_m14f15_P14_Y0_UO681,R14_F14_m-1f-1_P14_Y-1_U60,R15_F15_m-1f-1_P15_Y-1_U77,MXY,1,0.0,0,0,0.0,0,0,0,-9999.0,0.5,1,P13_CV0,1,0,2,1,1
15,-0.5000000000000004,-0.8660254037844384,R15_F15_m15f14_P15_Y0_UO72,R15_F15_m-1f-1_P15_Y-1_U15,R14_F14_m-1f-1_P14_Y-1_U45,MXY,1,0.0,0,0,0.0,0,0,0,-9999.0,0.25,1,P13_CV0,1,0,2,1,1
15,-0.5000000000000004,-0.8660254037844384,R15_F15_m15f14_P15_Y0_UO73,R15_F15_m-1f-1_P15_Y-1_U15,R14_F14_m-1f-1_P14_Y-1_U45,MXY,1,0.0,0,0,0.0,0,0,0,-9999.0,0.25,1,P13_CV0,1,0,2,2,0
15,-0.5000000000000004,-0.8660254037844384,R15_F15_m15f14_P15_Y0_UO74,R15_F15_m-1f-1_P15_Y-1_U15,R14_F14_m-1f-1_P14_Y-1_U45,MXY,1,0.0,0,0,0.0,0,0,0,-9999.0,0.25,1,P13_CV0,1,1,1,1,1
15,-0.5000000000000004,-0.8660254037844384,R15_F15_m15f14_P15_Y0_UO152,R15_F15_m-1f-1_P15_Y-1_U87,R14_F14_m-1f-1_P14_Y-1_U48,MXY,1,0.0,0,0,0.0,0,0,0,-9999.0,0.75,1,P13_CV0,1,1,1,0,2
15,-0.5000000000000004,-0.8660254037844384,R15_F15_m15f14_P15_Y0_UO695,R15_F15_m-1f-1_P15_Y-1_U69,R14_F14_m-1f-1_P14_Y-1_U98,MXY,1,0.0,0,0,0.0,0,0,0,-9999.0,0.5,1,P13_CV0,1,1,1,1,1
15,-0.5000000000000004,-0.8660254037844384,R15_F15_m15f14_P15_Y0_UO905,R15_F15_m-1f-1_P15_Y-1_U43,R14_F14_m-1f-1_P14_Y-1_U32,FXX,1,0.0,0,0,0.0,0,0,0,-9999.0,0.5,1,P13_CV0,1,2,0,0,2
15,-0.5000000000000004,-0.8660254037844384,R15_F15_m15f14_P15_Y0_UO906,R15_F15_m-1f-1_P15_Y-1_U43,R14_F14_m-1f-1_P14_Y-1_U32,MXY,1,0.0,0,0,0.0,0,0,0,-9999.0,0.5,1,P13_CV0,1,2,0,1,1
15,-0.5000000000000004,-0.8660254037844384,R15_F15_m15f14_P15_Y0_UO956,R15_F15_m-1f-1_P15_Y-1_U51,R14_F14_m-1f-1_P14_Y-1_U27,FXX,1,0.0,0,0,0.0,0,0,0,-9999.0,0.75,1,P13_CV0,1,1,1,2,0
15,-0.5000000000000004,-0.8660254037844384,R15_F15_m15f14_P15_Y0_UO1002,R15_F15_m-1f-1_P15_Y-1_U94,R14_F14_m-1f-1_P14_Y-1_U48,MXY,1,0.0,0,0,0.0,0,0,0,-9999.0,1.0,1,P13_CV0,1,2,0,2,0
15,-0.5000000000000004,-0.8660254037844384,R15_F15_m15f14_P15_Y0_UO1003,R15_F15_m-1f-1_P15_Y-1_U94,R14_F14_m-1f-1_P14_Y-1_U48,FXX,1,0.0,0,0,0.0,0,0,0,-9999.0,1.0,1,P13_CV0,1,2,0,1,1
15,-0.5000000000000004,-0.8660254037844384,R15_F15_m15f14_P15_Y0_UO1181,R15_F15_m-1f-1_P15_Y-1_U17,R14_F14_m-1f-1_P14_Y-1_U11,FXX,1,0.0,0,0,0.0,0,0,0,-9999.0,0.75,1,P13_CV0,1,1,1,1,1
15,-0.5000000000000004,-0.8660254037844384,R15_F15_m15f14_P15_Y0_UO1182,R15_F15_m-1f-1_P15_Y-1_U17,R14_F14_m-1f-1_P14_Y-1_U11,MXY,1,0.0,0,0,0.0,0,0,0,-9999.0,0.75,1,P13_CV0,1,2,0,1,1
15,-0.5000000000000004,-0.8660254037844384,R15_F15_m15f14_P15_Y0_UO1225,R15_F15_m-1f-1_P15_Y-1_U11,R14_F14_m-1f-1_P14_Y-1_U7,FXX,1,0.0,0,0,0.0,0,0,0,-9999.0,0.5,1,P13_CV0,1,1,1,0,2
15,-0.5000000000000004,-0.8660254037844384,R15_F15_m15f14_P15_Y0_UO1275,R15_F15_m-1f-1_P15_Y-1_U28,R14_F14_m-1f-1_P14_Y-1_U53,MXY,1,0.0,0,0,0.0,0,0,0,-9999.0,0.5,1,P13_CV0,1,2,0,1,1
15,-0.5000000000000004,-0.8660254037844384,R15_F15_m15f14_P15_Y0_UO1288,R15_F15_m-1f-1_P15_Y-1_U69,R14_F14_m-1f-1_P14_Y-1_U70,FXX,1,0.0,0,0,0.0,0,0,0,-9999.0,0.75,1,P13_CV0,1,1,1,1,1
15,-0.5000000000000004,-0.8660254037844384,R15_F15_m15f14_P15_Y0_UO1290,R15_F15_m-1f-1_P15_Y-1_U13,R14_F14_m-1f-1_P14_Y-1_U9,FXX,1,0.0,0,0,0.0,0,0,0,-9999.0,0.5,1,P13_CV0,1,1,1,1,1
15,-0.5000000000000004,-0.8660254037844384,R15_F15_m15f14_P15_Y0_UO1291,R15_F15_m-1f-1_P15_Y-1_U13,R14_F14_m-1f-1_P14_Y-1_U9,MXY,1,0.0,0,0,0.0,0,0,0,-9999.0,0.5,1,P13_CV0,1,1,1,1,1
15,-0.5000000000000004,-0.8660254037844384,RD15_F14_m-1f-1_P14_Y-1_U40,-9999,-9999,FXX,2,0.0,1,0,1.0,0,0,0,-9999.0,0.5,1,P13_CV0,1,1,1,1,1
15,-0.5000000000000004,-0.8660254037844384,RD15_F14_m-1f-1_P14_Y-1_U27,-9999,-9999,MXY,4,0.0,1,0,0.0,0,0,0,-9999.0,1.0,1,P13_CV0,1,2,0,1,1
15,-0.5000000000000004,-0.8660254037844384,RD15_F14_m14f15_P14_Y0_UO680,R14_F14_m-1f-1_P14_Y-1_U60,R15_F15_m-1f-1_P15_Y-1_U77,FXX,1,0.0,0,0,0.0,0,0,0,-9999.0,0.5,1,P14_CV0,1,2,0,1,1
15,-0.5000000000000004,-0.8660254037844384,R15_F15_m15f16_P15_Y0_UO1,R15_F15_m-1f-1_P15_Y-1_U34,R16_F16_m-1f-1_P16_Y-1_U3,MXY,1,0.0,0,0,0.0,0,0,0,-9999.0,0.25,1,P14_CV0,1,1,1,1,1
15,-0.5000000000000004,-0.8660254037844384,R15_F15_m15f14_P15_Y0_UO92,R15_F15_m-1f-1_P15_Y-1_U16,R14_F14_m-1f-1_P14_Y-1_U21,MXY,1,0.0,0,0,0.0,0,0,0,-9999.0,1.0,1,P14_CV0,1,2,0,1,1
15,-0.5000000000000004,-0.8660254037844384,R15_F15_m15f14_P15_Y0_UO93,R15_F15_m-1f-1_P15_Y-1_U16,R14_F14_m-1f-1_P14_Y-1_U21,FXX,1,0.0,0,0,0.0,0,0,0,-9999.0,1.0,1,P14_CV0,1,2,0,1,1
15,-0.5000000000000004,-0.8660254037844384,R15_F15_m15f14_P15_Y0_UO94,R15_F15_m-1f-1_P15_Y-1_U16,R14_F14_m-1f-1_P14_Y-1_U21,MXY,1,0.0,0,0,0.0,0,0,0,-9999.0,1.0,1,P14_CV0,1,2,0,1,1
15,-0.5000000000000004,-0.8660254037844384,R15_F15_m15f16_P15_Y0_UO100,R15_F15_m-1f-1_P15_Y-1_U15,R16_F16_m-1f-1_P16_Y-1_U54,FXX,1,0.0,0,0,0.0,0,0,0,-9999.0,0.25,1,P14_CV0,1,0,2,1,1
15,-0.5000000000000004,-0.8660254037844384,R15_F15_m15f16_P15_Y0_UO101,R15_F15_m-1f-1_P15_Y-1_U15,R16_F16_m-1f-1_P16_Y-1_U54,MXY,1,0.0,0,0,0.0,0,0,0,-9999.0,0.25,1,P14_CV0,1,1,1,1,1
15,-0.5000000000000004,-0.8660254037844384,R15_F15_m15f14_P15_Y0_UO150,R15_F15_m-1f-1_P15_Y-1_U87,R14_F14_m-1f-1_P14_Y-1_U48,FXX,1,0.0,0,0,0.0,0,0,0,-9999.0,0.75,1,P14_CV0,1,2,0,1,1
15,-0.5000000000000004,-0.8660254037844384,R15_F15_m15f14_P15_Y0_UO153,R15_F15_m-1f-1_P15_Y-1_U87,R14_F14_m-1f-1_P14_Y-1_U48,MXY,1,0.0,0,0,0.0,0,0,0,-9999.0,0.75,1,P14_CV0,1,2,0,0,2
15,-0.5000000000000004,-0.8660254037844384,R15_F15_m15f16_P15_Y0_UO174,R15_F15_m-1f-1_P15_Y-1_U40,R16_F16_m-1f-1_P16_Y-1_U56,MXY,1,0.0,0,0,0.0,0,0,0,-9999.0,0.75,1,P14_CV0,1,2,0,1,1
15,-0.5000000000000004,-0.8660254037844384,R15_F15_m15f16_P15_Y0_UO175,R15_F15_m-1f-1_P15_Y-1_U40,R16_F16_m-1f-1_P16_Y-1_U56,FXX,1,0.0,0,0,0.0,0,0,0,-9999.0,0.75,1,P14_CV0,1,1,1,1,1
15,-0.5000000000000004,-0.8660254037844384,R15_F15_m15f16_P15_Y0_UO236,R15_F15_m-1f-1_P15_Y-1_U94,R16_F16_m-1f-1_P16_Y-1_U42,FXX,1,0.0,0,0,0.0,0,0,0,-9999.0,0.5,1,P14_CV0,1,1,1,1,1
15,-0.5000000000000004,-0.8660254037844384,R15_F15_m15f16_P15_Y0_UO281,R15_F15_m-1f-1_P15_Y-1_U50,R16_F16_m-1f-1_P16_Y-1_U46,MXY,1,0.0,0,0,0.0,0,0,0,-9999.0,0.75,1,P14_CV0,1,1,1,1,1
15,-0.5000000000000004,-0.8660254037844384,R15_F15_m15f16_P15_Y0_UO324,R15_F15_m-1f-1_P15_Y-1_U28,R16_F16_m-1f-1_P16_Y-1_U46,FXX,1,0.0,0,0,0.0,0,0,0,-9999.0,0.5,1,P14_CV0,1,1,1,1,1
15,-0.5000000000000004,-0.8660254037844384,R15_F15_m15f16_P15_Y0_UO325,R15_F15_m-1f-1_P15_Y-1_U28,R16_F16_m-1f-1_P16_Y-1_U46,FXX,1,0.0,0,0,0.0,0,0,0,-9999.0,0.5,1,P14_CV0,1,2,0,1,1
15,-0.5000000000000004,-0.8660254037844384,R15_F15_m15f16_P15_Y0_UO606,R15_F15_m-1f-1_P15_Y-1_U94,R16_F16_m-1f-1_P16_Y-1_U10,MXY,1,0.0,0,0,0.0,0,0,0,-9999.0,0.75,1,P14_CV0,1,1,1,2,0
15,-0.5000000000000004,-0.8660254037844384,R15_F15_m15f16_P15_Y0_UO609,R15_F15_m-1f-1_P15_Y-1_U94,R16_F16_m-1f-1_P16_Y-1_U10,MXY,1,0.0,0,0,0.0,0,0,0,-9999.0,0.75,1,P14_CV0,1,1,1,1,1
15,-0.5000000000000004,-0.8660254037844384,R15_F15_m15f16_P15_Y0_UO610,R15_F15_m-1f-1_P15_Y-1_U94,R16_F16_m-1f-1_P16_Y-1_U10,FXX,1,0.0,0,0,0.0,0,0,0,-9999.0,0.75,1,P14_CV0,1,1,1,2,0
15,-0.5000000000000004,-0.8660254037844384,R15_F15_m15f14_P15_Y0_UO694,R15_F15_m-1f-1_P15_Y-1_U69,R14_F14_m-1f-1_P14_Y-1_U98,FXX,1,0.0,0,0,0.0,0,0,0,-9999.0,0.5,1,P14_CV0,1,1,1,2,0
15,-0.5000000000000004,-0.8660254037844384,R15_F15_m15f14_P15_Y0_UO696,R15_F15_m-1f-1_P15_Y-1_U69,R14_F14_m-1f-1_P14_Y-1_U98,FXX,1,0.0,0,0,0.0,0,0,0,-9999.0,0.5,1,P14_CV0,1,1,1,0,2
15,-0.5000000000000004,-0.8660254037844384,R15_F15_m15f16_P15_Y0_UO777,R15_F15_m-1f-1_P15_Y-1_U28,R16_F16_m-1f-1_P16_Y-1_U89,FXX,1,0.0,0,0,0.0,0,0,0,-9999.0,0.5,1,P14_CV0,1,1,1,2,0
15,-0.5000000000000004,-0.8660254037844384,R15_F15_m15f16_P15_Y0_UO787,R15_F15_m-1f-1_P15_Y-1_U69,R16_F16_m-1f-1_P16_Y-1_U94,MXY,1,0.0,0,0,0.0,0,0,0,-9999.0,0.5,1,P14_CV0,1,2,0,1,1
15,-0.5000000000000004,-0.8660254037844384,R15_F15_m15f16_P15_Y0_UO788,R15_F15_m-1f-1_P15_Y-1_U69,R16_F16_m-1f-1_P16_Y-1_U94,FXX,1,0.0,0,0,0.0,0,0,0,-9999.0,0.5,1,P14_CV0,1,2,0,1,1
15,-0.5000000000000004,-0.8660254037844384,R15_F15_m15f16_P15_Y0_UO820,R15_F15_m-1f-1_P15_Y-1_U0,R16_F16_m-1f-1_P16_Y-1_U42,FXX,1,0.0,0,0,0.0,0,0,0,-9999.0,0.0,1,P14_CV0,1,0,2,0,2
15,-0.5000000000000004,-0.8660254037844384,R15_F15_m15f16_P15_Y0_UO868,R15_F15_m-1f-1_P15_Y-1_U13,R16_F16_m-1f-1_P16_Y-1_U76,FXX,1,0.0,0,0,0.0,0,0,0,-9999.0,0.25,1,P14_CV0,1,1,1,2,0
15,-0.5000000000000004,-0.8660254037844384,R15_F15_m15f14_P15_Y0_UO907,R15_F15_m-1f-1_P15_Y-1_U43,R14_F14_m-1f-1_P14_Y-1_U32,FXX,1,0.0,0,0,0.0,0,0,0,-9999.0,0.5,1,P14_CV0,1,1,1,1,1
15,-0.5000000000000004,-0.8660254037844384,R15_F15_m15f16_P15_Y0_UO918,R15_F15_m-1f-1_P15_Y-1_U51,R16_F16_m-1f-1_P16_Y-1_U78,FXX,1,0.0,0,0,0.0,0,0,0,-9999.0,0.5,1,P14_CV0,1,0,2,1,1
15,-0.5000000000000004,-0.8660254037844384,R15_F15_m15f14_P15_Y0_UO1004,R15_F15_m-1f-1_P15_Y-1_U94,R14_F14_m-1f-1_P14_Y-1_U48,MXY,1,0.0,0,0,0.0,0,0,0,-9999.0,1.0,1,P14_CV0,1,2,0,2,0
15,-0.5000000000000004,-0.8660254037844384,R15_F15_m15f16_P15_Y0_UO1074,R15_F15_m-1f-1_P15_Y-1_U63,R16_F16_m-1f-1_P16_Y-1_U3,FXX,1,0.0,0,0,0.0,0,0,0,-9999.0,0.5,1,P14_CV0,1,1,1,1,1
15,-0.5000000000000004,-0.8660254037844384,R15_F15_m15f16_P15_Y0_UO1075,R15_F15_m-1f-1_P15_Y-1_U63,R16_F16_m-1f-1_P16_Y-1_U3,FXX,1,0.0,0,0,0.0,0,0,0,-9999.0,0.5,1,P14_CV0,1,1,1,1,1
15,-0.5000000000000004,-0.8660254037844384,R15_F15_m15f16_P15_Y0_UO1076,R15_F15_m-1f-1_P15_Y-1_U63,R16_F16_m-1f-1_P16_Y-1_U3,FXX,1,0.0,0,0,0.0,0,0,0,-9999.0,0.5,1,P14_CV0,1,0,2,2,0
15,-0.5000000000000004,-0.8660254037844384,R15_F15_m15f16_P15_Y0_UO1085,R15_F15_m-1f-1_P15_Y-1_U69,R16_F16_m-1f-1_P16_Y-1_U78,MXY,1,0.0,0,0,0.0,0,0,0,-9999.0,0.5,1,P14_CV0,1,1,1,1,1
15,-0.5000000000000004,-0.8660254037844384,R15_F15_m15f14_P15_Y0_UO1180,R15_F15_m-1f-1_P15_Y-1_U17,R14_F14_m-1f-1_P14_Y-1_U11,MXY,1,0.0,0,0,0.0,0,0,0,-9999.0,0.75,1,P14_CV0,1,1,1,0,2
15,-0.5000000000000004,-0.8660254037844384,R15_F15_m15f14_P15_Y0_UO1214,R15_F15_m-1f-1_P15_Y-1_U7,R14_F14_m-1f-1_P14_Y-1_U45,FXX,1,0.0,0,0,0.0,0,0,0,-9999.0,0.25,1,P14_CV0,1,1,1,1,1
15,-0.5000000000000004,-0.8660254037844384,R15_F15_m15f14_P15_Y0_UO1215,R15_F15_m-1f-1_P15_Y-1_U7,R14_F14_m-1f-1_P14_Y-1_U45,FXX,1,0.0,0,0,0.0,0,0,0,-9999.0,0.25,1,P14_CV0,1,1,1,1,1
15,-0.5000000000000004,-0.8660254037844384,R15_F15_m15f14_P15_Y0_UO1224,R15_F15_m-1f-1_P15_Y-1_U11,R14_F14_m-1f-1_P14_Y-1_U7,MXY,1,0.0,0,0,0.0,0,0,0,-9999.0,0.5,1,P14_CV0,1,1,1,0,2
15,-0.5000000000000004,-0.8660254037844384,R15_F15_m15f14_P15_Y0_UO1276,R15_F15_m-1f-1_P15_Y-1_U28,R14_F14_m-1f-1_P14_Y-1_U53,MXY,1,0.0,0,0,0.0,0,0,0,-9999.0,0.5,1,P14_CV0,1,2,0,2,0
15,-0.5000000000000004,-0.8660254037844384,R15_F15_m15f14_P15_Y0_UO1277,R15_F15_m-1f-1_P15_Y-1_U28,R14_F14_m-1f-1_P14_Y-1_U53,FXX,1,0.0,0,0,0.0,0,0,0,-9999.0,0.5,1,P14_CV0,1,1,1,1,1
15,-0.5000000000000004,-0.8660254037844384,R15_F15_m15f14_P15_Y0_UO1287,R15_F15_m-1f-1_P15_Y-1_U69,R14_F14_m-1f-1_P14_Y-1_U70,FXX,1,0.0,0,0,0.0,0,0,0,-9999.0,0.75,1,P14_CV0,1,1,1,0,2
15,-0.5000000000000004,-0.8660254037844384,R15_F15_m15f14_P15_Y0_UO1289,R15_F15_m-1f-1_P15_Y-1_U13,R14_F14_m-1f-1_P14_Y-1_U9,MXY,1,0.0,0,0,0.0,0,0,0,-9999.0,0.5,1,P14_CV0,1,1,1,1,1
15,-0.5000000000000004,-0.8660254037844384,R15_F15_m-1f-1_P15_Y-1_U95,-9999,-9999,MXY,2,0.0,1,0,0.0,0,0,0,-9999.0,1.0,1,P14_CV0,1,2,0,2,0
15,-0.5000000000000004,-0.8660254037844384,R15_F15_m-1f-1_P15_Y-1_U29,-9999,-9999,MXY,2,0.0,1,0,0.0,0,0,0,-9999.0,0.0,1,P14_CV0,1,0,2,1,1
15,-0.5000000000000004,-0.8660254037844384,R15_F15_m-1f-1_P15_Y-1_U39,-9999,-9999,FXX,2,0.0,1,0,1.0,0,0,0,-9999.0,0.5,1,P14_CV0,1,1,1,1,1
15,-0.5000000000000004,-0.8660254037844384,R15_F15_m-1f-1_P15_Y-1_U82,-9999,-9999,FXX,2,0.0,1,0,1.0,0,0,0,-9999.0,0.0,1,P14_CV0,1,0,2,0,2
15,-0.5000000000000004,-0.8660254037844384,R15_F15_m-1f-1_P15_Y-1_U54,-9999,-9999,MXY,2,0.0,1,0,0.0,0,0,0,-9999.0,1.0,1,P14_CV0,1,2,0,1,1
15,-0.5000000000000004,-0.8660254037844384,R15_F15_m-1f-1_P15_Y-1_U66,-9999,-9999,MXY,2,0.0,1,0,0.0,0,0,0,-9999.0,0.5,1,P14_CV0,1,1,1,1,1
15,-0.5000000000000004,-0.8660254037844384,R15_F15_m-1f-1_P15_Y-1_U78,-9999,-9999,MXY,2,0.0,1,0,0.0,0,0,0,-9999.0,0.5,1,P14_CV0,1,1,1,1,1
15,-0.5000000000000004,-0.8660254037844384,R15_F15_m-1f-1_P15_Y-1_U16,-9999,-9999,FXX,3,0.0,1,0,1.0,0,0,0,-9999.0,1.0,1,P14_CV0,1,2,0,0,2
15,-0.5000000000000004,-0.8660254037844384,R15_F15_m-1f-1_P15_Y-1_U97,-9999,-9999,FXX,4,0.0,1,0,1.0,0,0,0,-9999.0,1.0,1,P14_CV0,1,2,0,1,1
15,-0.5000000000000004,-0.8660254037844384,R15_F15_m-1f-1_P15_Y-1_U2,-9999,-9999,FXX,4,0.0,1,0,1.0,0,0,0,-9999.0,0.0,1,P14_CV0,1,0,2,1,1
15,-0.5000000000000004,-0.8660254037844384,R15_F15_m15f16_P15_Y0_UO0,R15_F15_m-1f-1_P15_Y-1_U34,R16_F16_m-1f-1_P16_Y-1_U3,MXY,1,0.0,0,0,0.0,0,0,0,-9999.0,0.25,1,P15_CV0,1,0,2,1,1
15,-0.5000000000000004,-0.8660254037844384,R15_F15_m15f16_P15_Y0_UO60,R15_F15_m-1f-1_P15_Y-1_U15,R16_F16_m-1f-1_P16_Y-1_U74,FXX,1,0.0,0,0,0.0,0,0,0,-9999.0,0.25,1,P15_CV0,1,1,1,2,0
15,-0.5000000000000004,-0.8660254037844384,R15_F15_m15f16_P15_Y0_UO173,R15_F15_m-1f-1_P15_Y-1_U40,R16_F16_m-1f-1_P16_Y-1_U56,MXY,1,0.0,0,0,0.0,0,0,0,-9999.0,0.75,1,P15_CV0,1,2,0,1,1
15,-0.5000000000000004,-0.8660254037844384,R15_F15_m15f16_P15_Y0_UO234,R15_F15_m-1f-1_P15_Y-1_U94,R16_F16_m-1f-1_P16_Y-1_U42,MXY,1,0.0,0,0,0.0,0,0,0,-9999.0,0.5,1,P15_CV0,1,1,1,1,1
15,-0.5000000000000004,-0.8660254037844384,R15_F15_m15f16_P15_Y0_UO235,R15_F15_m-1f-1_P15_Y-1_U94,R16_F16_m-1f-1_P16_Y-1_U42,FXX,1,0.0,0,0,0.0,0,0,0,-9999.0,0.5,1,P15_CV0,1,1,1,1,1
15,-0.5000000000000004,-0.8660254037844384,R15_F15_m15f16_P15_Y0_UO283,R15_F15_m-1f-1_P15_Y-1_U50,R16_F16_m-1f-1_P16_Y-1_U46,MXY,1,0.0,0,0,0.0,0,0,0,-9999.0,0.75,1,P15_CV0,1,1,1,2,0
15,-0.5000000000000004,-0.8660254037844384,R15_F15_m15f16_P15_Y0_UO326,R15_F15_m-1f-1_P15_Y-1_U28,R16_F16_m-1f-1_P16_Y-1_U46,FXX,1,0.0,0,0,0.0,0,0,0,-9999.0,0.5,1,P15_CV0,1,0,2,0,2
15,-0.5000000000000004,-0.8660254037844384,R15_F15_m15f16_P15_Y0_UO607,R15_F15_m-1f-1_P15_Y-1_U94,R16_F16_m-1f-1_P16_Y-1_U10,MXY,1,0.0,0,0,0.0,0,0,0,-9999.0,0.75,1,P15_CV0,1,2,0,1,1
15,-0.5000000000000004,-0.8660254037844384,R15_F15_m15f16_P15_Y0_UO776,R15_F15_m-1f-1_P15_Y-1_U28,R16_F16_m-1f-1_P16_Y-1_U89,FXX,1,0.0,0,0,0.0,0,0,0,-9999.0,0.5,1,P15_CV0,1,1,1,1,1
15,-0.5000000000000004,-0.8660254037844384,R15_F15_m15f16_P15_Y0_UO819,R15_F15_m-1f-1_P15_Y-1_U0,R16_F16_m-1f-1_P16_Y-1_U42,FXX,1,0.0,0,0,0.0,0,0,0,-9999.0,0.0,1,P15_CV0,1,0,2,2,0
15,-0.5000000000000004,-0.8660254037844384,R15_F15_m15f16_P15_Y0_UO867,R15_F15_m-1f-1_P15_Y-1_U13,R16_F16_m-1f-1_P16_Y-1_U76,MXY,1,0.0,0,0,0.0,0,0,0,-9999.0,0.25,1,P15_CV0,1,0,2,2,0
15,-0.5000000000000004,-0.8660254037844384,R15_F15_m15f16_P15_Y0_UO869,R15_F15_m-1f-1_P15_Y-1_U13,R16_F16_m-1f-1_P16_Y-1_U76,FXX,1,0.0,0,0,0.0,0,0,0,-9999.0,0.25,1,P15_CV0,1,1,1,2,0
15,-0.5000000000000004,-0.8660254037844384,R15_F15_m15f16_P15_Y0_UO1077,R15_F15_m-1f-1_P15_Y-1_U63,R16_F16_m-1f-1_P16_Y-1_U3,MXY,1,0.0,0,0,0.0,0,0,0,-9999.0,0.5,1,P15_CV0,1,1,1,1,1
15,-0.5000000000000004,-0.8660254037844384,R15_F15_m15f16_P15_Y0_UO1083,R15_F15_m-1f-1_P15_Y-1_U69,R16_F16_m-1f-1_P16_Y-1_U78,FXX,1,0.0,0,0,0.0,0,0,0,-9999.0,0.5,1,P15_CV0,1,0,2,0,2
15,-0.5000000000000004,-0.8660254037844384,R15_F15_m15f16_P15_Y0_UO1084,R15_F15_m-1f-1_P15_Y-1_U69,R16_F16_m-1f-1_P16_Y-1_U78,MXY,1,0.0,0,0,0.0,0,0,0,-9999.0,0.5,1,P15_CV0,1,1,1,0,2
15,-0.5000000000000004,-0.8660254037844384,RD15_F16_m16f15_P16_Y0_UO256,R16_F16_m-1f-1_P16_Y-1_U14,R15_F15_m-1f-1_P15_Y-1_U24,MXY,1,0.0,0,0,0.0,0,0,0,-9999.0,0.25,1,P15_CV0,1,1,1,0,2
15,-0.5000000000000004,-0.8660254037844384,RD15_F16_m16f15_P16_Y0_UO262,R16_F16_m-1f-1_P16_Y-1_U14,R15_F15_m-1f-1_P15_Y-1_U24,FXX,1,0.0,0,0,0.0,0,0,0,-9999.0,0.25,1,P15_CV0,1,0,2,1,1
15,-0.5000000000000004,-0.8660254037844384,RD15_F16_m16f17_P16_Y0_UO387,R16_F16_m-1f-1_P16_Y-1_U33,R17_F17_m-1f-1_P17_Y-1_U76,MXY,1,0.0,0,0,0.0,0,0,0,-9999.0,0.25,1,P15_CV0,1,1,1,1,1
15,-0.5000000000000004,-0.8660254037844384,RD15_F16_m-1f-1_P16_Y-1_U79,-9999,-9999,FXX,2,0.0,1,0,1.0,0,0,0,-9999.0,0.5,1,P15_CV0,1,1,1,1,1
15,-0.5000000000000004,-0.8660254037844384,RD15_F16_m-1f-1_P16_Y-1_U1,-9999,-9999,MXY,3,0.0,1,0,0.0,0,0,0,-9999.0,0.5,1,P15_CV0,1,1,1,1,1
16,-0.2225209339563146,-0.9749279121818236,RD16_F15_m15f14_P15_Y0_UO1223,R15_F15_m-1f-1_P15_Y-1_U11,R14_F14_m-1f-1_P14_Y-1_U7,FXX,1,0.0,0,0,0.0,0,0,0,-9999.0,0.5,1,P13_CV0,1,1,1,0,2
16,-0.2225209339563146,-0.9749279121818236,RD16_F15_m15f14_P15_Y0_UO151,R15_F15_m-1f-1_P15_Y-1_U87,R14_F14_m-1f-1_P14_Y-1_U48,MXY,1,0.0,0,0,0.0,0,0,0,-9999.0,0.75,1,P14_CV0,1,2,0,0,2
16,-0.2225209339563146,-0.9749279121818236,RD16_F15_m15f16_P15_Y0_UO282,R15_F15_m-1f-1_P15_Y-1_U50,R16_F16_m-1f-1_P16_Y-1_U46,FXX,1,0.0,0,0,0.0,0,0,0,-9999.0,0.75,1,P14_CV0,1,1,1,0,2
16,-0.2225209339563146,-0.9749279121818236,RD16_F15_m15f16_P15_Y0_UO919,R15_F15_m-1f-1_P15_Y-1_U51,R16_F16_m-1f-1_P16_Y-1_U78,MXY,1,0.0,0,0,0.0,0,0,0,-9999.0,0.5,1,P14_CV0,1,2,0,1,1
16,-0.2225209339563146,-0.9749279121818236,R16_F16_m16f15_P16_Y0_UO5,R16_F16_m-1f-1_P16_Y-1_U13,R15_F15_m-1f-1_P15_Y-1_U61,FXX,1,0.0,0,0,0.0,0,0,0,-9999.0,0.75,1,P14_CV0,1,2,0,1,1
16,-0.2225209339563146,-0.9749279121818236,R16_F16_m16f15_P16_Y0_UO8,R16_F16_m-1f-1_P16_Y-1_U13,R15_F15_m-1f-1_P15_Y-1_U61,MXY,1,0.0,0,0,0.0,0,0,0,-9999.0,0.75,1,P14_CV0,1,1,1,0,2
16,-0.2225209339563146,-0.9749279121818236,R16_F16_m16f15_P16_Y0_UO12,R16_F16_m-1f-1_P16_Y-1_U13,R15_F15_m-1f-1_P15_Y-1_U61,FXX,1,0.0,0,0,0.0,0,0,0,-9999.0,0.75,1,P14_CV0,1,1,1,1,1
16,-0.2225209339563146,-0.9749279121818236,R16_F16_m16f15_P16_Y0_UO228,R16_F16_m-1f-1_P16_Y-1_U63,R15_F15_m-1f-1_P15_Y-1_U61,MXY,1,0.0,0,0,0.0,0,0,0,-9999.0,0.25,1,P14_CV0,1,1,1,2,0
16,-0.2225209339563146,-0.9749279121818236,R16_F16_m16f15_P16_Y0_UO229,R16_F16_m-1f-1_P16_Y-1_U63,R15_F15_m-1f-1_P15_Y-1_U61,FXX,1,0.0,0,0,0.0,0,0,0,-9999.0,0.25,1,P14_CV0,1,1,1,1,1
16,-0.2225209339563146,-0.9749279121818236,R16_F16_m16f15_P16_Y0_UO258,R16_F16_m-1f-1_P16_Y-1_U14,R15_F15_m-1f-1_P15_Y-1_U24,MXY,1,0.0,0,0,0.0,0,0,0,-9999.0,0.25,1,P14_CV0,1,0,2,0,2
16,-0.2225209339563146,-0.9749279121818236,R16_F16_m16f15_P16_Y0_UO259,R16_F16_m-1f-1_P16_Y-1_U14,R15_F15_m-1f-1_P15_Y-1_U24,MXY,1,0.0,0,0,0.0,0,0,0,-9999.0,0.25,1,P14_CV0,1,1,1,0,2
16,-0.2225209339563146,-0.9749279121818236,R16_F16_m16f15_P16_Y0_UO261,R16_F16_m-1f-1_P16_Y-1_U14,R15_F15_m-1f-1_P15_Y-1_U24,FXX,1,0.0,0,0,0.0,0,0,0,-9999.0,0.25,1,P14_CV0,1,1,1,1,1
16,-0.2225209339563146,-0.9749279121818236,R16_F16_m16f15_P16_Y0_UO419,R16_F16_m-1f-1_P16_Y-1_U77,R15_F15_m-1f-1_P15_Y-1_U45,FXX,1,0.0,0,0,0.0,0,0,0,-9999.0,0.5,1,P14_CV0,1,1,1,1,1
16,-0.2225209339563146,-0.9749279121818236,R16_F16_m16f15_P16_Y0_UO420,R16_F16_m-1f-1_P16_Y-1_U77,R15_F15_m-1f-1_P15_Y-1_U45,FXX,1,0.0,0,0,0.0,0,0,0,-9999.0,0.5,1,P14_CV0,1,1,1,0,2
16,-0.2225209339563146,-0.9749279121818236,R16_F16_m16f15_P16_Y0_UO422,R16_F16_m-1f-1_P16_Y-1_U77,R15_F15_m-1f-1_P15_Y-1_U45,FXX,1,0.0,0,0,0.0,0,0,0,-9999.0,0.5,1,P14_CV0,1,1,1,2,0
16,-0.2225209339563146,-0.9749279121818236,R16_F16_m16f15_P16_Y0_UO424,R16_F16_m-1f-1_P16_Y-1_U77,R15_F15_m-1f-1_P15_Y-1_U45,MXY,1,0.0,0,0,0.0,0,0,0,-9999.0,0.5,1,P14_CV0,1,1,1,1,1
16,-0.2225209339563146,-0.9749279121818236,R16_F16_m16f15_P16_Y0_UO1184,R16_F16_m-1f-1_P16_Y-1_U63,R15_F15_m-1f-1_P15_Y-1_U84,MXY,1,0.0,0,0,0.0,0,0,0,-9999.0,0.25,1,P14_CV0,1,0,2,1,1
16,-0.2225209339563146,-0.9749279121818236,R16_F16_m16f15_P16_Y0_UO1187,R16_F16_m-1f-1_P16_Y-1_U63,R15_F15_m-1f-1_P15_Y-1_U84,FXX,1,0.0,0,0,0.0,0,0,0,-9999.0,0.25,1,P14_CV0,1,1,1,2,0
16,-0.2225209339563146,-0.9749279121818236,R16_F16_m16f15_P16_Y0_UO1188,R16_F16_m-1f-1_P16_Y-1_U63,R15_F15_m-1f-1_P15_Y-1_U84,FXX,1,0.0,0,0,0.0,0,0,0,-9999.0,0.25,1,P14_CV0,1,0,2,2,0
16,-0.2225209339563146,-0.9749279121818236,R16_F16_m16f15_P16_Y0_UO6,R16_F16_m-1f-1_P16_Y-1_U13,R15_F15_m-1f-1_P15_Y-1_U61,FXX,1,0.0,0,0,0.0,0,0,0,-9999.0,0.75,1,P15_CV0,1,2,0,1,1
16,-0.2225209339563146,-0.9749279121818236,R16_F16_m16f15_P16_Y0_UO9,R16_F16_m-1f-1_P16_Y-1_U13,R15_F15_m-1f-1_P15_Y-1_U61,MXY,1,0.0,0,0,0.0,0,0,0,-9999.0,0.75,1,P15_CV0,1,2,0,1,1
16,-0.2225209339563146,-0.9749279121818236,R16_F16_m16f15_P16_Y0_UO11,R16_F16_m-1f-1_P16_Y-1_U13,R15_F15_m-1f-1_P15_Y-1_U61,FXX,1,0.0,0,0,0.0,0,0,0,-9999.0,0.75,1,P15_CV0,1,2,0,1,1
16,-0.2225209339563146,-0.9749279121818236,R16_F16_m16f15_P16_Y0_UO13,R16_F16_m-1f-1_P16_Y-1_U13,R15_F15_m-1f-1_P15_Y-1_U61,FXX,1,0.0,0,0,0.0,0,0,0,-9999.0,0.75,1,P15_CV0,1,1,1,2,0
16,-0.2225209339563146,-0.9749279121818236,R16_F16_m16f15_P16_Y0_UO14,R16_F16_m-1f-1_P16_Y-1_U13,R15_F15_m-1f-1_P15_Y-1_U61,FXX,1,0.0,0,0,0.0,0,0,0,-9999.0,0.75,1,P15_CV0,1,2,0,1,1
16,-0.2225209339563146,-0.9749279121818236,R16_F16_m16f15_P16_Y0_UO226,R16_F16_m-1f-1_P16_Y-1_U63,R15_F15_m-1f-1_P15_Y-1_U61,FXX,1,0.0,0,0,0.0,0,0,0,-9999.0,0.25,1,P15_CV0,1,0,2,1,1
16,-0.2225209339563146,-0.9749279121818236,R16_F16_m16f15_P16_Y0_UO227,R16_F16_m-1f-1_P16_Y-1_U63,R15_F15_m-1f-1_P15_Y-1_U61,MXY,1,0.0,0,0,0.0,0,0,0,-9999.0,0.25,1,P15_CV0,1,1,1,2,0
16,-0.2225209339563146,-0.9749279121818236,R16_F16_m16f15_P16_Y0_UO230,R16_F16_m-1f-1_P16_Y-1_U63,R15_F15_m-1f-1_P15_Y-1_U61,FXX,1,0.0,0,0,0.0,0,0,0,-9999.0,0.25,1,P15_CV0,1,0,2,1,1
16,-0.2225209339563146,-0.9749279121818236,R16_F16_m16f15_P16_Y0_UO231,R16_F16_m-1f-1_P16_Y-1_U63,R15_F15_m-1f-1_P15_Y-1_U61,FXX,1,0.0,0,0,0.0,0,0,0,-9999.0,0.25,1,P15_CV0,1,1,1,2,0
16,-0.2225209339563146,-0.9749279121818236,R16_F16_m16f15_P16_Y0_UO232,R16_F16_m-1f-1_P16_Y-1_U63,R15_F15_m-1f-1_P15_Y-1_U61,FXX,1,0.0,0,0,0.0,0,0,0,-9999.0,0.25,1,P15_CV0,1,1,1,1,1
16,-0.2225209339563146,-0.9749279121818236,R16_F16_m16f15_P16_Y0_UO233,R16_F16_m-1f-1_P16_Y-1_U63,R15_F15_m-1f-1_P15_Y-1_U61,FXX,1,0.0,0,0,0.0,0,0,0,-9999.0,0.25,1,P15_CV0,1,1,1,2,0
16,-0.2225209339563146,-0.9749279121818236,R16_F16_m16f15_P16_Y0_UO257,R16_F16_m-1f-1_P16_Y-1_U14,R15_F15_m-1f-1_P15_Y-1_U24,FXX,1,0.0,0,0,0.0,0,0,0,-9999.0,0.25,1,P15_CV0,1,1,1,1,1
16,-0.2225209339563146,-0.9749279121818236,R16_F16_m16f17_P16_Y0_UO381,R16_F16_m-1f-1_P16_Y-1_U7,R17_F17_m-1f-1_P17_Y-1_U94,MXY,1,0.0,0,0,0.0,0,0,0,-9999.0,0.5,1,P15_CV0,1,2,0,1,1
16,-0.2225209339563146,-0.9749279121818236,R16_F16_m16f17_P16_Y0_UO383,R16_F16_m-1f-1_P16_Y-1_U7,R17_F17_m-1f-1_P17_Y-1_U94,FXX,1,0.0,0,0,0.0,0,0,0,-9999.0,0.5,1,P15_CV0,1,0,2,1,1
16,-0.2225209339563146,-0.9749279121818236,R16_F16_m16f17_P16_Y0_UO384,R16_F16_m-1f-1_P16_Y-1_U7,R17_F17_m-1f-1_P17_Y-1_U94,MXY,1,0.0,0,0,0.0,0,0,0,-9999.0,0.5,1,P15_CV0,1,2,0,0,2
16,-0.2225209339563146,-0.9749279121818236,R16_F16_m16f17_P16_Y0_UO385,R16_F16_m-1f-1_P16_Y-1_U7,R17_F17_m-1f-1_P17_Y-1_U94,MXY,1,0.0,0,0,0.0,0,0,0,-9999.0,0.5,1,P15_CV0,1,1,1,0,2
16,-0.2225209339563146,-0.9749279121818236,R16_F16_m16f17_P16_Y0_UO388,R16_F16_m-1f-1_P16_Y-1_U33,R17_F17_m-1f-1_P17_Y-1_U76,MXY,1,0.0,0,0,0.0,0,0,0,-9999.0,0.25,1,P15_CV0,1,0,2,2,0
16,-0.2225209339563146,-0.9749279121818236,R16_F16_m16f17_P16_Y0_UO390,R16_F16_m-1f-1_P16_Y-1_U33,R17_F17_m-1f-1_P17_Y-1_U76,MXY,1,0.0,0,0,0.0,0,0,0,-9999.0,0.25,1,P15_CV0,1,0,2,1,1
16,-0.2225209339563146,-0.9749279121818236,R16_F16_m16f15_P16_Y0_UO421,R16_F16_m-1f-1_P16_Y-1_U77,R15_F15_m-1f-1_P15_Y-1_U45,MXY,1,0.0,0,0,0.0,0,0,0,-9999.0,0.5,1,P15_CV0,1,1,1,1,1
16,-0.2225209339563146,-0.9749279121818236,R16_F16_m16f15_P16_Y0_UO423,R16_F16_m-1f-1_P16_Y-1_U77,R15_F15_m-1f-1_P15_Y-1_U45,MXY,1,0.0,0,0,0.0,0,0,0,-9999.0,0.5,1,P15_CV0,1,1,1,1,1
16,-0.2225209339563146,-0.9749279121818236,R16_F16_m16f15_P16_Y0_UO1183,R16_F16_m-1f-1_P16_Y-1_U63,R15_F15_m-1f-1_P15_Y-1_U84,FXX,1,0.0,0,0,0.0,0,0,0,-9999.0,0.25,1,P15_CV0,1,1,1,2,0
16,-0.2225209339563146,-0.9749279121818236,R16_F16_m16f15_P16_Y0_UO1185,R16_F16_m-1f-1_P16_Y-1_U63,R15_F15_m-1f-1_P15_Y-1_U84,FXX,1,0.0,0,0,0.0,0,0,0,-9999.0,0.25,1,P15_CV0,1,0,2,1,1
16,-0.2225209339563146,-0.9749279121818236,R16_F16_m16f15_P16_Y0_UO1186,R16_F16_m-1f-1_P16_Y-1_U63,R15_F15_m-1f-1_P15_Y-1_U84,MXY,1,0.0,0,0,0.0,0,0,0,-9999.0,0.25,1,P15_CV0,1,0,2,1,1
16,-0.2225209339563146,-0.9749279121818236,R16_F16_m16f17_P16_Y0_UO1323,R16_F16_m-1f-1_P16_Y-1_U35,R17_F17_m-1f-1_P17_Y-1_U89,FXX,1,0.0,0,0,0.0,0,0,0,-9999.0,0.25,1,P15_CV0,1,1,1,1,1
16,-0.2225209339563146,-0.9749279121818236,R16_F16_m16f17_P16_Y0_UO1325,R16_F16_m-1f-1_P16_Y-1_U35,R17_F17_m-1f-1_P17_Y-1_U89,MXY,1,0.0,0,0,0.0,0,0,0,-9999.0,0.25,1,P15_CV0,1,1,1,1,1
16,-0.2225209339563146,-0.9749279121818236,R16_F16_m16f17_P16_Y0_UO1326,R16_F16_m-1f-1_P16_Y-1_U35,R17_F17_m-1f-1_P17_Y-1_U89,FXX,1,0.0,0,0,0.0,0,0,0,-9999.0,0.25,1,P15_CV0,1,1,1,1,1
16,-0.2225209339563146,-0.9749279121818236,R16_F16_m16f17_P16_Y0_UO1329,R16_F16_m-1f-1_P16_Y-1_U35,R17_F17_m-1f-1_P17_Y-1_U89,MXY,1,0.0,0,0,0.0,0,0,0,-9999.0,0.25,1,P15_CV0,1,0,2,1,1
16,-0.2225209339563146,-0.9749279121818236,R16_F16_m16f17_P16_Y0_UO1330,R16_F16_m-1f-1_P16_Y-1_U35,R17_F17_m-1f-1_P17_Y-1_U89,FXX,1,0.0,0,0,0.0,0,0,0,-9999.0,0.25,1,P15_CV0,1,0,2,1,1
16,-0.2225209339563146,-0.9749279121818236,R16_F16_m16f17_P16_Y0_UO1331,R16_F16_m-1f-1_P16_Y-1_U35,R17_F17_m-1f-1_P17_Y-1_U89,MXY,1,0.0,0,0,0.0,0,0,0,-9999.0,0.25,1,P15_CV0,1,0,2,1,1
16,-0.2225209339563146,-0.9749279121818236,RD16_F17_m17f16_P17_Y0_UO49,R17_F17_m-1f-1_P17_Y-1_U37,R16_F16_m-1f-1_P16_Y-1_U89,FXX,1,0.0,0,0,0.0,0,0,0,-9999.0,0.75,1,P15_CV0,1,2,0,0,2
16,-0.2225209339563146,-0.9749279121818236,R16_F16_m-1f-1_P16_Y-1_U38,-9999,-9999,MXY,2,0.0,1,0,0.0,0,0,0,-9999.0,0.5,1,P15_CV0,1,1,1,1,1
16,-0.2225209339563146,-0.9749279121818236,R16_F16_m-1f-1_P16_Y-1_U47,-9999,-9999,FXX,2,0.0,1,0,1.0,0,0,0,-9999.0,1.0,1,P15_CV0,1,2,0,2,0
16,-0.2225209339563146,-0.9749279121818236,R16_F16_m-1f-1_P16_Y-1_U80,-9999,-9999,MXY,2,0.0,1,0,0.0,0,0,0,-9999.0,0.5,1,P15_CV0,1,1,1,1,1
16,-0.2225209339563146,-0.9749279121818236,R16_F16_m-1f-1_P16_Y-1_U97,-9999,-9999,FXX,2,0.0,1,0,1.0,0,0,0,-9999.0,0.0,1,P15_CV0,1,0,2,1,1
16,-0.2225209339563146,-0.9749279121818236,R16_F16_m-1f-1_P16_Y-1_U18,-9999,-9999,MXY,2,0.0,1,0,0.0,0,0,0,-9999.0,0.5,1,P15_CV0,1,1,1,1,1
16,-0.2225209339563146,-0.9749279121818236,R16_F16_m-1f-1_P16_Y-1_U26,-9999,-9999,MXY,2,0.0,1,0,0.0,0,0,0,-9999.0,0.5,1,P15_CV0,1,1,1,0,2
16,-0.2225209339563146,-0.9749279121818236,R16_F16_m-1f-1_P16_Y-1_U44,-9999,-9999,MXY,2,0.0,1,0,0.0,0,0,0,-9999.0,0.0,1,P15_CV0,1,0,2,2,0
16,-0.2225209339563146,-0.9749279121818236,R16_F16_m-1f-1_P16_Y-1_U21,-9999,-9999,FXX,2,0.0,1,0,1.0,0,0,0,-9999.0,0.5,1,P15_CV0,1,1,1,0,2
16,-0.2225209339563146,-0.9749279121818236,R16_F16_m-1f-1_P16_Y-1_U69,-9999,-9999,FXX,2,0.0,1,0,1.0,0,0,0,-9999.0,1.0,1,P15_CV0,1,2,0,2,0
16,-0.2225209339563146,-0.9749279121818236,R16_F16_m-1f-1_P16_Y-1_U20,-9999,-9999,MXY,2,0.0,1,0,0.0,0,0,0,-9999.0,1.0,1,P15_CV0,1,2,0,1,1
16,-0.2225209339563146,-0.9749279121818236,R16_F16_m-1f-1_P16_Y-1_U96,-9999,-9999,FXX,2,0.0,1,0,1.0,0,0,0,-9999.0,1.0,1,P15_CV0,1,2,0,2,0
16,-0.2225209339563146,-0.9749279121818236,R16_F16_m-1f-1_P16_Y-1_U36,-9999,-9999,MXY,2,0.0,1,0,0.0,0,0,0,-9999.0,0.5,1,P15_CV0,1,1,1,0,2
16,-0.2225209339563146,-0.9749279121818236,R16_F16_m-1f-1_P16_Y-1_U16,-9999,-9999,MXY,2,0.0,1,0,0.0,0,0,0,-9999.0,0.5,1,P15_CV0,1,1,1,1,1
16,-0.2225209339563146,-0.9749279121818236,R16_F16_m-1f-1_P16_Y-1_U84,-9999,-9999,MXY,2,0.0,1,0,0.0,0,0,0,-9999.0,0.0,1,P15_CV0,1,0,2,1,1
16,-0.2225209339563146,-0.9749279121818236,R16_F16_m-1f-1_P16_Y-1_U52,-9999,-9999,MXY,2,0.0,1,0,0.0,0,0,0,-9999.0,0.5,1,P15_CV0,1,1,1,1,1
16,-0.2225209339563146,-0.9749279121818236,R16_F16_m-1f-1_P16_Y-1_U62,-9999,-9999,MXY,2,0.0,1,0,0.0,0,0,0,-9999.0,0.5,1,P15_CV0,1,1,1,2,0
16,-0.2225209339563146,-0.9749279121818236,R16_F16_m-1f-1_P16_Y-1_U15,-9999,-9999,MXY,2,0.0,1,0,0.0,0,0,0,-9999.0,0.5,1,P15_CV0,1,1,1,0,2
16,-0.2225209339563146,-0.9749279121818236,R16_F16_m-1f-1_P16_Y-1_U37,-9999,-9999,MXY,2,0.0,1,0,0.0,0,0,0,-9999.0,1.0,1,P15_CV0,1,2,0,1,1
16,-0.2225209339563146,-0.9749279121818236,R16_F16_m-1f-1_P16_Y-1_U67,-9999,-9999,FXX,2,0.0,1,0,1.0,0,0,0,-9999.0,0.0,1,P15_CV0,1,0,2,1,1
16,-0.2225209339563146,-0.9749279121818236,R16_F16_m-1f-1_P16_Y-1_U45,-9999,-9999,FXX,2,0.0,1,0,1.0,0,0,0,-9999.0,1.0,1,P15_CV0,1,2,0,2,0
16,-0.2225209339563146,-0.9749279121818236,R16_F16_m-1f-1_P16_Y-1_U63,-9999,-9999,FXX,3,0.0,1,0,1.0,0,0,0,-9999.0,0.0,1,P15_CV0,1,0,2,2,0
16,-0.2225209339563146,-0.9749279121818236,R16_F16_m-1f-1_P16_Y-1_U32,-9999,-9999,MXY,3,0.0,1,0,0.0,0,0,0,-9999.0,0.0,1,P15_CV0,1,0,2,1,1
16,-0.2225209339563146,-0.9749279121818236,R16_F16_m-1f-1_P16_Y-1_U35,-9999,-9999,FXX,3,0.0,1,0,1.0,0,0,0,-9999.0,0.5,1,P15_CV0,1,1,1,0,2
16,-0.2225209339563146,-0.9749279121818236,R16_F16_m-1f-1_P16_Y-1_U59,-9999,-9999,FXX,3,0.0,1,0,1.0,0,0,0,-9999.0,0.0,1,P15_CV0,1,0,2,1,1
16,-0.2225209339563146,-0.9749279121818236,R16_F16_m-1f-1_P16_Y-1_U74,-9999,-9999,MXY,3,0.0,1,0,0.0,0,0,0,-9999.0,0.5,1,P15_CV0,1,1,1,1,1
16,-0.2225209339563146,-0.9749279121818236,R16_F16_m-1f-1_P16_Y-1_U29,-9999,-9999,FXX,4,0.0,1,0,1.0,0,0,0,-9999.0,0.5,1,P15_CV0,1,1,1,0,2
16,-0.2225209339563146,-0.9749279121818236,R16_F16_m-1f-1_P16_Y-1_U89,-9999,-9999,MXY,4,0.0,1,0,0.0,0,0,0,-9999.0,0.5,1,P15_CV0,1,1,1,1,1
16,-0.2225209339563146,-0.9749279121818236,R16_F16_m-1f-1_P16_Y-1_U98,-9999,-9999,FXX,4,0.0,1,0,1.0,0,0,0,-9999.0,0.5,1,P15_CV0,1,1,1,1,1
16,-0.2225209339563146,-0.9749279121818236,R16_F16_m-1f-1_P16_Y-1_U82,-9999,-9999,FXX,4,0.0,1,0,1.0,0,0,0,-9999.0,0.5,1,P15_CV0,1,1,1,1,1
16,-0.2225209339563146,-0.9749279121818236,R16_F16_m16f17_P16_Y0_UO380,R16_F16_m-1f-1_P16_Y-1_U7,R17_F17_m-1f-1_P17_Y-1_U94,FXX,1,0.0,0,0,0.0,0,0,0,-9999.0,0.5,1,P16_CV0,1,2,0,0,2
16,-0.2225209339563146,-0.9749279121818236,R16_F16_m16f17_P16_Y0_UO382,R16_F16_m-1f-1_P16_Y-1_U7,R17_F17_m-1f-1_P17_Y-1_U94,FXX,1,0.0,0,0,0.0,0,0,0,-9999.0,0.5,1,P16_CV0,1,1,1,0,2
16,-0.2225209339563146,-0.9749279121818236,R16_F16_m16f17_P16_Y0_UO386,R16_F16_m-1f-1_P16_Y-1_U33,R17_F17_m-1f-1_P17_Y-1_U76,MXY,1,0.0,0,0,0.0,0,0,0,-9999.0,0.25,1,P16_CV0,1,0,2,2,0
16,-0.2225209339563146,-0.9749279121818236,R16_F16_m16f17_P16_Y0_UO389,R16_F16_m-1f-1_P16_Y-1_U33,R17_F17_m-1f-1_P17_Y-1_U76,FXX,1,0.0,0,0,0.0,0,0,0,-9999.0,0.25,1,P16_CV0,1,1,1,2,0
16,-0.2225209339563146,-0.9749279121818236,R16_F16_m16f17_P16_Y0_UO1322,R16_F16_m-1f-1_P16_Y-1_U35,R17_F17_m-1f-1_P17_Y-1_U89,MXY,1,0.0,0,0,0.0,0,0,0,-9999.0,0.25,1,P16_CV0,1,0,2,1,1
16,-0.2225209339563146,-0.9749279121818236,R16_F16_m16f17_P16_Y0_UO1324,R16_F16_m-1f-1_P16_Y-1_U35,R17_F17_m-1f-1_P17_Y-1_U89,MXY,1,0.0,0,0,0.0,0,0,0,-9999.0,0.25,1,P16_CV0,1,1,1,1,1
16,-0.2225209339563146,-0.9749279121818236,R16_F16_m16f17_P16_Y0_UO1327,R16_F16_m-1f-1_P16_Y-1_U35,R17_F17_m-1f-1_P17_Y-1_U89,MXY,1,0.0,0,0,0.0,0,0,0,-9999.0,0.25,1,P16_CV0,1,0,2,1,1
16,-0.2225209339563146,-0.9749279121818236,R16_F16_m16f17_P16_Y0_UO1328,R16_F16_m-1f-1_P16_Y-1_U35,R17_F17_m-1f-1_P17_Y-1_U89,FXX,1,0.0,0,0,0.0,0,0,0,-9999.0,0.25,1,P16_CV0,1,0,2,1,1
16,-0.2225209339563146,-0.9749279121818236,RD16_F17_m17f18_P17_Y0_UO654,R17_F17_m-1f-1_P17_Y-1_U68,R18_F18_m-1f-1_P18_Y-1_U78,FXX,1,0.0,0,0,0.0,0,0,0,-9999.0,0.25,1,P16_CV0,1,1,1,0,2
16,-0.2225209339563146,-0.9749279121818236,RD16_F17_m17f18_P17_Y0_UO657,R17_F17_m-1f-1_P17_Y-1_U68,R18_F18_m-1f-1_P18_Y-1_U78,FXX,1,0.0,0,0,0.0,0,0,0,-9999.0,0.25,1,P16_CV0,1,0,2,2,0
16,-0.2225209339563146,-0.9749279121818236,RD16_F17_m-1f-1_P17_Y-1_U30,-9999,-9999,FXX,2,0.0,1,0,1.0,0,0,0,-9999.0,0.5,1,P16_CV0,1,1,1,1,1
16,-0.2225209339563146,-0.9749279121818236,RD16_F17_m17f18_P17_Y0_UO656,R17_F17_m-1f-1_P17_Y-1_U68,R18_F18_m-1f-1_P18_Y-1_U78,MXY,1,0.0,0,0,0.0,0,0,0,-9999.0,0.25,1,P17_CV0,1,0,2,0,2
17,0.07473009358642436,-0.9972037971811801,RD17_F16_m16f15_P16_Y0_UO7,R16_F16_m-1f-1_P16_Y-1_U13,R15_F15_m-1f-1_P15_Y-1_U61,MXY,1,0.0,0,0,0.0,0,0,0,-9999.0,0.75,1,P14_CV0,1,2,0,0,2
17,0.07473009358642436,-0.9972037971811801,RD17_F16_m16f17_P16_Y0_UO1332,R16_F16_m-1f-1_P16_Y-1_U35,R17_F17_m-1f-1_P17_Y-1_U89,MXY,1,0.0,0,0,0.0,0,0,0,-9999.0,0.25,1,P15_CV0,1,1,1,1,1
17,0.07473009358642436,-0.9972037971811801,R17_F17_m17f16_P17_Y0_UO50,R17_F17_m-1f-1_P17_Y-1_U37,R16_F16_m-1f-1_P16_Y-1_U89,MXY,1,0.0,0,0,0.0,0,0,0,-9999.0,0.75,1,P15_CV0,1,1,1,1,1
17,0.07473009358642436,-0.9972037971811801,R17_F17_m17f16_P17_Y0_UO51,R17_F17_m-1f-1_P17_Y-1_U37,R16_F16_m-1f-1_P16_Y-1_U89,MXY,1,0.0,0,0,0.0,0,0,0,-9999.0,0.75,1,P15_CV0,1,1,1,0,2
17,0.07473009358642436,-0.9972037971811801,R17_F17_m17f16_P17_Y0_UO126,R17_F17_m-1f-1_P17_Y-1_U65,R16_F16_m-1f-1_P16_Y-1_U39,FXX,1,0.0,0,0,0.0,0,0,0,-9999.0,0.5,1,P15_CV0,1,0,2,1,1
17,0.07473009358642436,-0.9972037971811801,R17_F17_m17f16_P17_Y0_UO128,R17_F17_m-1f-1_P17_Y-1_U65,R16_F16_m-1f-1_P16_Y-1_U39,MXY,1,0.0,0,0,0.0,0,0,0,-9999.0,0.5,1,P15_CV0,1,1,1,1,1
17,0.07473009358642436,-0.9972037971811801,R17_F17_m17f16_P17_Y0_UO130,R17_F17_m-1f-1_P17_Y-1_U65,R16_F16_m-1f-1_P16_Y-1_U39,FXX,1,0.0,0,0,0.0,0,0,0,-9999.0,0.5,1,P15_CV0,1,0,2,1,1
17,0.07473009358642436,-0.9972037971811801,R17_F17_m17f16_P17_Y0_UO476,R17_F17_m-1f-1_P17_Y-1_U15,R16_F16_m-1f-1_P16_Y-1_U3,FXX,1,0.0,0,0,0.0,0,0,0,-9999.0,0.5,1,P15_CV0,1,1,1,2,0
17,0.07473009358642436,-0.9972037971811801,R17_F17_m17f16_P17_Y0_UO480,R17_F17_m-1f-1_P17_Y-1_U15,R16_F16_m-1f-1_P16_Y-1_U3,FXX,1,0.0,0,0,0.0,0,0,0,-9999.0,0.5,1,P15_CV0,1,1,1,1,1
17,0.07473009358642436,-0.9972037971811801,R17_F17_m17f16_P17_Y0_UO526,R17_F17_m-1f-1_P17_Y-1_U68,R16_F16_m-1f-1_P16_Y-1_U46,FXX,1,0.0,0,0,0.0,0,0,0,-9999.0,0.25,1,P15_CV0,1,1,1,1,1
17,0.07473009358642436,-0.9972037971811801,R17_F17_m17f16_P17_Y0_UO530,R17_F17_m-1f-1_P17_Y-1_U68,R16_F16_m-1f-1_P16_Y-1_U46,MXY,1,0.0,0,0,0.0,0,0,0,-9999.0,0.25,1,P15_CV0,1,1,1,1,1
17,0.07473009358642436,-0.9972037971811801,R17_F17_m17f16_P17_Y0_UO532,R17_F17_m-1f-1_P17_Y-1_U68,R16_F16_m-1f-1_P16_Y-1_U46,FXX,1,0.0,0,0,0.0,0,0,0,-9999.0,0.25,1,P15_CV0,1,1,1,1,1
17,0.07473009358642436,-0.9972037971811801,RD17_F16_m-1f-1_P16_Y-1_U85,-9999,-9999,MXY,2,0.0,1,0,0.0,0,0,0,-9999.0,0.5,1,P15_CV0,1,1,1,0,2
17,0.07473009358642436,-0.9972037971811801,RD17_F16_m-1f-1_P16_Y-1_U6,-9999,-9999,FXX,2,0.0,1,0,1.0,0,0,0,-9999.0,0.5,1,P15_CV0,1,1,1,1,1
17,0.07473009358642436,-0.9972037971811801,RD17_F16_m-1f-1_P16_Y-1_U73,-9999,-9999,MXY,3,0.0,1,0,0.0,0,0,0,-9999.0,0.0,1,P15_CV0,1,0,2,2,0
17,0.07473009358642436,-0.9972037971811801,R17_F17_m17f16_P17_Y0_UO47,R17_F17_m-1f-1_P17_Y-1_U37,R16_F16_m-1f-1_P16_Y-1_U89,MXY,1,0.0,0,0,0.0,0,0,0,-9999.0,0.75,1,P16_CV0,1,1,1,1,1
17,0.07473009358642436,-0.9972037971811801,R17_F17_m17f16_P17_Y0_UO48,R17_F17_m-1f-1_P17_Y-1_U37,R16_F16_m-1f-1_P16_Y-1_U89,MXY,1,0.0,0,0,0.0,0,0,0,-9999.0,0.75,1,P16_CV0,1,2,0,1,1
17,0.07473009358642436,-0.9972037971811801,R17_F17_m17f16_P17_Y0_UO52,R17_F17_m-1f-1_P17_Y-1_U37,R16_F16_m-1f-1_P16_Y-1_U89,MXY,1,0.0,0,0,0.0,0,0,0,-9999.0,0.75,1,P16_CV0,1,1,1,2,0
17,0.07473009358642436,-0.9972037971811801,R17_F17_m17f16_P17_Y0_UO53,R17_F17_m-1f-1_P17_Y-1_U37,R16_F16_m-1f-1_P16_Y-1_U89,FXX,1,0.0,0,0,0.0,0,0,0,-9999.0,0.75,1,P16_CV0,1,1,1,1,1
17,0.07473009358642436,-0.9972037971811801,R17_F17_m17f16_P17_Y0_UO127,R17_F17_m-1f-1_P17_Y-1_U65,R16_F16_m-1f-1_P16_Y-1_U39,FXX,1,0.0,0,0,0.0,0,0,0,-9999.0,0.5,1,P16_CV0,1,2,0,1,1
17,0.07473009358642436,-0.9972037971811801,R17_F17_m17f16_P17_Y0_UO129,R17_F17_m-1f-1_P17_Y-1_U65,R16_F16_m-1f-1_P16_Y-1_U39,FXX,1,0.0,0,0,0.0,0,0,0,-9999.0,0.5,1,P16_CV0,1,1,1,1,1
17,0.07473009358642436,-0.9972037971811801,R17_F17_m17f16_P17_Y0_UO475,R17_F17_m-1f-1_P17_Y-1_U15,R16_F16_m-1f-1_P16_Y-1_U3,FXX,1,0.0,0,0,0.0,0,0,0,-9999.0,0.5,1,P16_CV0,1,0,2,2,0
17,0.07473009358642436,-0.9972037971811801,R17_F17_m17f16_P17_Y0_UO478,R17_F17_m-1f-1_P17_Y-1_U15,R16_F16_m-1f-1_P16_Y-1_U3,MXY,1,0.0,0,0,0.0,0,0,0,-9999.0,0.5,1,P16_CV0,1,1,1,2,0
17,0.07473009358642436,-0.9972037971811801,R17_F17_m17f16_P17_Y0_UO479,R17_F17_m-1f-1_P17_Y-1_U15,R16_F16_m-1f-1_P16_Y-1_U3,FXX,1,0.0,0,0,0.0,0,0,0,-9999.0,0.5,1,P16_CV0,1,2,0,1,1
17,0.07473009358642436,-0.9972037971811801,R17_F17_m17f16_P17_Y0_UO527,R17_F17_m-1f-1_P17_Y-1_U68,R16_F16_m-1f-1_P16_Y-1_U46,MXY,1,0.0,0,0,0.0,0,0,0,-9999.0,0.25,1,P16_CV0,1,0,2,0,2
17,0.07473009358642436,-0.9972037971811801,R17_F17_m17f16_P17_Y0_UO528,R17_F17_m-1f-1_P17_Y-1_U68,R16_F16_m-1f-1_P16_Y-1_U46,MXY,1,0.0,0,0,0.0,0,0,0,-9999.0,0.25,1,P16_CV0,1,1,1,2,0
17,0.07473009358642436,-0.9972037971811801,R17_F17_m17f16_P17_Y0_UO529,R17_F17_m-1f-1_P17_Y-1_U68,R16_F16_m-1f-1_P16_Y-1_U46,FXX,1,0.0,0,0,0.0,0,0,0,-9999.0,0.25,1,P16_CV0,1,0,2,0,2
17,0.07473009358642436,-0.9972037971811801,R17_F17_m17f16_P17_Y0_UO531,R17_F17_m-1f-1_P17_Y-1_U68,R16_F16_m-1f-1_P16_Y-1_U46,MXY,1,0.0,0,0,0.0,0,0,0,-9999.0,0.25,1,P16_CV0,1,0,2,0,2
17,0.07473009358642436,-0.9972037971811801,R17_F17_m17f16_P17_Y0_UO533,R17_F17_m-1f-1_P17_Y-1_U68,R16_F16_m-1f-1_P16_Y-1_U46,FXX,1,0.0,0,0,0.0,0,0,0,-9999.0,0.25,1,P16_CV0,1,1,1,1,1
17,0.07473009358642436,-0.9972037971811801,R17_F17_m17f16_P17_Y0_UO577,R17_F17_m-1f-1_P17_Y-1_U31,R16_F16_m-1f-1_P16_Y-1_U89,FXX,1,0.0,0,0,0.0,0,0,0,-9999.0,0.5,1,P16_CV0,1,0,2,1,1
17,0.07473009358642436,-0.9972037971811801,R17_F17_m17f16_P17_Y0_UO578,R17_F17_m-1f-1_P17_Y-1_U31,R16_F16_m-1f-1_P16_Y-1_U89,MXY,1,0.0,0,0,0.0,0,0,0,-9999.0,0.5,1,P16_CV0,1,1,1,2,0
17,0.07473009358642436,-0.9972037971811801,R17_F17_m17f16_P17_Y0_UO579,R17_F17_m-1f-1_P17_Y-1_U31,R16_F16_m-1f-1_P16_Y-1_U89,FXX,1,0.0,0,0,0.0,0,0,0,-9999.0,0.5,1,P16_CV0,1,1,1,2,0
17,0.07473009358642436,-0.9972037971811801,R17_F17_m17f16_P17_Y0_UO580,R17_F17_m-1f-1_P17_Y-1_U31,R16_F16_m-1f-1_P16_Y-1_U89,MXY,1,0.0,0,0,0.0,0,0,0,-9999.0,0.5,1,P16_CV0,1,2,0,2,0
17,0.07473009358642436,-0.9972037971811801,R17_F17_m17f18_P17_Y0_UO655,R17_F17_m-1f-1_P17_Y-1_U68,R18_F18_m-1f-1_P18_Y-1_U78,FXX,1,0.0,0,0,0.0,0,0,0,-9999.0,0.25,1,P16_CV0,1,1,1,1,1
17,0.07473009358642436,-0.9972037971811801,R17_F17_m17f18_P17_Y0_UO688,R17_F17_m-1f-1_P17_Y-1_U10,R18_F18_m-1f-1_P18_Y-1_U17,MXY,1,0.0,0,0,0.0,0,0,0,-9999.0,0.5,1,P16_CV0,1,1,1,2,0
17,0.07473009358642436,-0.9972037971811801,R17_F17_m17f18_P17_Y0_UO689,R17_F17_m-1f-1_P17_Y-1_U10,R18_F18_m-1f-1_P18_Y-1_U17,FXX,1,0.0,0,0,0.0,0,0,0,-9999.0,0.5,1,P16_CV0,1,1,1,2,0
17,0.07473009358642436,-0.9972037971811801,R17_F17_m17f18_P17_Y0_UO692,R17_F17_m-1f-1_P17_Y-1_U10,R18_F18_m-1f-1_P18_Y-1_U17,MXY,1,0.0,0,0,0.0,0,0,0,-9999.0,0.5,1,P16_CV0,1,1,1,1,1
17,0.07473009358642436,-0.9972037971811801,R17_F17_m17f18_P17_Y0_UO693,R17_F17_m-1f-1_P17_Y-1_U10,R18_F18_m-1f-1_P18_Y-1_U17,FXX,1,0.0,0,0,0.0,0,0,0,-9999.0,0.5,1,P16_CV0,1,1,1,0,2
17,0.07473009358642436,-0.9972037971811801,R17_F17_m17f18_P17_Y0_UO1346,R17_F17_m-1f-1_P17_Y-1_U31,R18_F18_m-1f-1_P18_Y-1_U92,MXY,1,0.0,0,0,0.0,0,0,0,-9999.0,0.5,1,P16_CV0,1,1,1,2,0
17,0.07473009358642436,-0.9972037971811801,R17_F17_m17f18_P17_Y0_UO1350,R17_F17_m-1f-1_P17_Y-1_U31,R18_F18_m-1f-1_P18_Y-1_U92,MXY,1,0.0,0,0,0.0,0,0,0,-9999.0,0.5,1,P16_CV0,1,1,1,2,0
17,0.07473009358642436,-0.9972037971811801,RD17_F18_m18f17_P18_Y0_UO900,R18_F18_m-1f-1_P18_Y-1_U50,R17_F17_m-1f-1_P17_Y-1_U71,FXX,1,0.0,0,0,0.0,0,0,0,-9999.0,0.25,1,P16_CV0,1,0,2,2,0
17,0.07473009358642436,-0.9972037971811801,R17_F17_m-1f-1_P17_Y-1_U21,-9999,-9999,FXX,2,0.0,1,0,1.0,0,0,0,-9999.0,1.0,1,P16_CV0,1,2,0,1,1
17,0.07473009358642436,-0.9972037971811801,R17_F17_m-1f-1_P17_Y-1_U44,-9999,-9999,MXY,2,0.0,1,0,0.0,0,0,0,-9999.0,0.0,1,P16_CV0,1,0,2,1,1
17,0.07473009358642436,-0.9972037971811801,R17_F17_m-1f-1_P17_Y-1_U79,-9999,-9999,MXY,2,0.0,1,0,0.0,0,0,0,-9999.0,0.0,1,P16_CV0,1,0,2,1,1
17,0.07473009358642436,-0.9972037971811801,R17_F17_m-1f-1_P17_Y-1_U90,-9999,-9999,MXY,2,0.0,1,0,0.0,0,0,0,-9999.0,1.0,1,P16_CV0,1,2,0,2,0
17,0.07473009358642436,-0.9972037971811801,R17_F17_m-1f-1_P17_Y-1_U13,-9999,-9999,MXY,2,0.0,1,0,0.0,0,0,0,-9999.0,0.5,1,P16_CV0,1,1,1,1,1
17,0.07473009358642436,-0.9972037971811801,R17_F17_m-1f-1_P17_Y-1_U99,-9999,-9999,FXX,2,0.0,1,0,1.0,0,0,0,-9999.0,0.5,1,P16_CV0,1,1,1,1,1
17,0.07473009358642436,-0.9972037971811801,R17_F17_m-1f-1_P17_Y-1_U26,-9999,-9999,MXY,2,0.0,1,0,0.0,0,0,0,-9999.0,0.5,1,P16_CV0,1,1,1,2,0
17,0.07473009358642436,-0.9972037971811801,R17_F17_m-1f-1_P17_Y-1_U97,-9999,-9999,FXX,2,0.0,1,0,1.0,0,0,0,-9999.0,1.0,1,P16_CV0,1,2,0,1,1
17,0.07473009358642436,-0.9972037971811801,R17_F17_m-1f-1_P17_Y-1_U55,-9999,-9999,MXY,2,0.0,1,0,0.0,0,0,0,-9999.0,1.0,1,P16_CV0,1,2,0,1,1
17,0.07473009358642436,-0.9972037971811801,R17_F17_m-1f-1_P17_Y-1_U27,-9999,-9999,MXY,2,0.0,1,0,0.0,0,0,0,-9999.0,0.5,1,P16_CV0,1,1,1,1,1
17,0.07473009358642436,-0.9972037971811801,R17_F17_m-1f-1_P17_Y-1_U47,-9999,-9999,MXY,2,0.0,1,0,0.0,0,0,0,-9999.0,0.5,1,P16_CV0,1,1,1,2,0
17,0.07473009358642436,-0.9972037971811801,R17_F17_m-1f-1_P17_Y-1_U6,-9999,-9999,FXX,2,0.0,1,0,1.0,0,0,0,-9999.0,0.5,1,P16_CV0,1,1,1,1,1
17,0.07473009358642436,-0.9972037971811801,R17_F17_m-1f-1_P17_Y-1_U51,-9999,-9999,FXX,2,0.0,1,0,1.0,0,0,0,-9999.0,0.5,1,P16_CV0,1,1,1,2,0
17,0.07473009358642436,-0.9972037971811801,R17_F17_m-1f-1_P17_Y-1_U24,-9999,-9999,FXX,2,0.0,1,0,1.0,0,0,0,-9999.0,0.5,1,P16_CV0,1,1,1,2,0
17,0.07473009358642436,-0.9972037971811801,R17_F17_m-1f-1_P17_Y-1_U43,-9999,-9999,MXY,2,0.0,1,0,0.0,0,0,0,-9999.0,0.5,1,P16_CV0,1,1,1,1,1
17,0.07473009358642436,-0.9972037971811801,R17_F17_m-1f-1_P17_Y-1_U95,-9999,-9999,FXX,2,0.0,1,0,1.0,0,0,0,-9999.0,0.0,1,P16_CV0,1,0,2,1,1
17,0.07473009358642436,-0.9972037971811801,R17_F17_m-1f-1_P17_Y-1_U52,-9999,-9999,MXY,3,0.0,1,0,0.0,0,0,0,-9999.0,1.0,1,P16_CV0,1,2,0,1,1
17,0.07473009358642436,-0.9972037971811801,R17_F17_m-1f-1_P17_Y-1_U35,-9999,-9999,MXY,3,0.0,1,0,0.0,0,0,0,-9999.0,0.5,1,P16_CV0,1,1,1,1,1
17,0.07473009358642436,-0.9972037971811801,R17_F17_m-1f-1_P17_Y-1_U76,-9999,-9999,MXY,3,0.0,1,0,0.0,0,0,0,-9999.0,0.0,1,P16_CV0,1,0,2,1,1
17,0.07473009358642436,-0.9972037971811801,R17_F17_m-1f-1_P17_Y-1_U31,-9999,-9999,FXX,3,0.0,1,0,1.0,0,0,0,-9999.0,0.5,1,P16_CV0,1,1,1,2,0
17,0.07473009358642436,-0.9972037971811801,R17_F17_m-1f-1_P17_Y-1_U54,-9999,-9999,MXY,3,0.0,1,0,0.0,0,0,0,-9999.0,1.0,1,P16_CV0,1,2,0,1,1
17,0.07473009358642436,-0.9972037971811801,R17_F17_m-1f-1_P17_Y-1_U33,-9999,-9999,MXY,3,0.0,1,0,0.0,0,0,0,-9999.0,1.0,1,P16_CV0,1,2,0,1,1
17,0.07473009358642436,-0.9972037971811801,R17_F17_m-1f-1_P17_Y-1_U86,-9999,-9999,MXY,3,0.0,1,0,0.0,0,0,0,-9999.0,0.0,1,P16_CV0,1,0,2,2,0
17,0.07473009358642436,-0.9972037971811801,R17_F17_m-1f-1_P17_Y-1_U15,-9999,-9999,FXX,3,0.0,1,0,1.0,0,0,0,-9999.0,0.5,1,P16_CV0,1,1,1,2,0
17,0.07473009358642436,-0.9972037971811801,R17_F17_m-1f-1_P17_Y-1_U68,-9999,-9999,FXX,3,0.0,1,0,1.0,0,0,0,-9999.0,0.0,1,P16_CV0,1,0,2,1,1
17,0.07473009358642436,-0.9972037971811801,R17_F17_m-1f-1_P17_Y-1_U89,-9999,-9999,MXY,3,0.0,1,0,0.0,0,0,0,-9999.0,0.0,1,P16_CV0,1,0,2,2,0
17,0.07473009358642436,-0.9972037971811801,R17_F17_m-1f-1_P17_Y-1_U42,-9999,-9999,MXY,3,0.0,1,0,0.0,0,0,0,-9999.0,0.5,1,P16_CV0,1,1,1,2,0
17,0.07473009358642436,-0.9972037971811801,R17_F17_m-1f-1_P17_Y-1_U70,-9999,-9999,FXX,4,0.0,1,0,1.0,0,0,0,-9999.0,0.5,1,P16_CV0,1,1,1,0,2
17,0.07473009358642436,-0.9972037971811801,R17_F17_m-1f-1_P17_Y-1_U5,-9999,-9999,MXY,4,0.0,1,0,0.0,0,0,0,-9999.0,0.5,1,P16_CV0,1,1,1,1,1
17,0.07473009358642436,-0.9972037971811801,R17_F17_m-1f-1_P17_Y-1_U45,-9999,-9999,FXX,4,0.0,1,0,1.0,0,0,0,-9999.0,0.5,1,P16_CV0,1,1,1,1,1
17,0.07473009358642436,-0.9972037971811801,R17_F17_m17f18_P17_Y0_UO498,R17_F17_m-1f-1_P17_Y-1_U53,R18_F18_m-1f-1_P18_Y-1_U96,FXX,1,0.0,0,0,0.0,0,0,0,-9999.0,0.25,1,P17_CV0,1,1,1,2,0
17,0.07473009358642436,-0.9972037971811801,R17_F17_m17f18_P17_Y0_UO499,R17_F17_m-1f-1_P17_Y-1_U53,R18_F18_m-1f-1_P18_Y-1_U96,MXY,1,0.0,0,0,0.0,0,0,0,-9999.0,0.25,1,P17_CV0,1,0,2,2,0
17,0.07473009358642436,-0.9972037971811801,R17_F17_m17f18_P17_Y0_UO501,R17_F17_m-1f-1_P17_Y-1_U53,R18_F18_m-1f-1_P18_Y-1_U96,FXX,1,0.0,0,0,0.0,0,0,0,-9999.0,0.25,1,P17_CV0,1,1,1,2,0
17,0.07473009358642436,-0.9972037971811801,R17_F17_m17f18_P17_Y0_UO658,R17_F17_m-1f-1_P17_Y-1_U68,R18_F18_m-1f-1_P18_Y-1_U78,FXX,1,0.0,0,0,0.0,0,0,0,-9999.0,0.25,1,P17_CV0,1,1,1,1,1
17,0.07473009358642436,-0.9972037971811801,R17_F17_m17f18_P17_Y0_UO686,R17_F17_m-1f-1_P17_Y-1_U10,R18_F18_m-1f-1_P18_Y-1_U17,FXX,1,0.0,0,0,0.0,0,0,0,-9999.0,0.5,1,P17_CV0,1,1,1,1,1
17,0.07473009358642436,-0.9972037971811801,R17_F17_m17f18_P17_Y0_UO690,R17_F17_m-1f-1_P17_Y-1_U10,R18_F18_m-1f-1_P18_Y-1_U17,MXY,1,0.0,0,0,0.0,0,0,0,-9999.0,0.5,1,P17_CV0,1,1,1,1,1
17,0.07473009358642436,-0.9972037971811801,R17_F17_m17f18_P17_Y0_UO691,R17_F17_m-1f-1_P17_Y-1_U10,R18_F18_m-1f-1_P18_Y-1_U17,MXY,1,0.0,0,0,0.0,0,0,0,-9999.0,0.5,1,P17_CV0,1,1,1,1,1
17,0.07473009358642436,-0.9972037971811801,R17_F17_m17f18_P17_Y0_UO1343,R17_F17_m-1f-1_P17_Y-1_U31,R18_F18_m-1f-1_P18_Y-1_U92,FXX,1,0.0,0,0,0.0,0,0,0,-9999.0,0.5,1,P17_CV0,1,1,1,2,0
17,0.07473009358642436,-0.9972037971811801,R17_F17_m17f18_P17_Y0_UO1344,R17_F17_m-1f-1_P17_Y-1_U31,R18_F18_m-1f-1_P18_Y-1_U92,MXY,1,0.0,0,0,0.0,0,0,0,-9999.0,0.5,1,P17_CV0,1,1,1,2,0
17,0.07473009358642436,-0.9972037971811801,R17_F17_m17f18_P17_Y0_UO1345,R17_F17_m-1f-1_P17_Y-1_U31,R18_F18_m-1f-1_P18_Y-1_U92,FXX,1,0.0,0,0,0.0,0,0,0,-9999.0,0.5,1,P17_CV0,1,1,1,2,0
17,0.07473009358642436,-0.9972037971811801,R17_F17_m17f18_P17_Y0_UO1348,R17_F17_m-1f-1_P17_Y-1_U31,R18_F18_m-1f-1_P18_Y-1_U92,FXX,1,0.0,0,0,0.0,0,0,0,-9999.0,0.5,1,P17_CV0,1,2,0,2,0
17,0.07473009358642436,-0.9972037971811801,R17_F17_m17f18_P17_Y0_UO1349,R17_F17_m-1f-1_P17_Y-1_U31,R18_F18_m-1f-1_P18_Y-1_U92,MXY,1,0.0,0,0,0.0,0,0,0,-9999.0,0.5,1,P17_CV0,1,2,0,2,0
17,0.07473009358642436,-0.9972037971811801,R17_F17_m17f18_P17_Y0_UO1351,R17_F17_m-1f-1_P17_Y-1_U31,R18_F18_m-1f-1_P18_Y-1_U92,FXX,1,0.0,0,0,0.0,0,0,0,-9999.0,0.5,1,P17_CV0,1,1,1,2,0
17,0.07473009358642436,-0.9972037971811801,RD17_F18_m18f17_P18_Y0_UO146,R18_F18_m-1f-1_P18_Y-1_U75,R17_F17_m-1f-1_P17_Y-1_U25,MXY,1,0.0,0,0,0.0,0,0,0,-9999.0,0.5,1,P17_CV0,1,1,1,1,1
17,0.07473009358642436,-0.9972037971811801,RD17_F18_m18f19_P18_Y0_UO960,R18_F18_m-1f-1_P18_Y-1_U12,R19_F19_m-1f-1_P19_Y-1_U88,MXY,1,0.0,0,0,0.0,0,0,0,-9999.0,0.5,1,P18_CV0,1,1,1,0,2
18,0.3653410243663954,-0.9308737486442041,RD18_F17_m17f16_P17_Y0_UO477,R17_F17_m-1f-1_P17_Y-1_U15,R16_F16_m-1f-1_P16_Y-1_U3,FXX,1,0.0,0,0,0.0,0,0,0,-9999.0,0.5,1,P15_CV0,1,1,1,2,0
18,0.3653410243663954,-0.9308737486442041,R18_F18_m18f17_P18_Y0_UO1307,R18_F18_m-1f-1_P18_Y-1_U57,R17_F17_m-1f-1_P17_Y-1_U71,FXX,1,0.0,0,0,0.0,0,0,0,-9999.0,0.5,1,P16_CV0,1,0,2,1,1
18,0.3653410243663954,-0.9308737486442041,R18_F18_m18f17_P18_Y0_UO901,R18_F18_m-1f-1_P18_Y-1_U50,R17_F17_m-1f-1_P17_Y-1_U71,MXY,1,0.0,0,0,0.0,0,0,0,-9999.0,0.25,1,P16_CV0,1,0,2,1,1
18,0.3653410243663954,-0.9308737486442041,R18_F18_m18f17_P18_Y0_UO4,R18_F18_m-1f-1_P18_Y-1_U19,R17_F17_m-1f-1_P17_Y-1_U52,MXY,1,0.0,0,0,0.0,0,0,0,-9999.0,0.75,1,P16_CV0,1,1,1,1,1
18,0.3653410243663954,-0.9308737486442041,R18_F18_m18f17_P18_Y0_UO824,R18_F18_m-1f-1_P18_Y-1_U50,R17_F17_m-1f-1_P17_Y-1_U76,MXY,1,0.0,0,0,0.0,0,0,0,-9999.0,0.0,1,P16_CV0,1,0,2,1,1
18,0.3653410243663954,-0.9308737486442041,R18_F18_m18f17_P18_Y0_UO3,R18_F18_m-1f-1_P18_Y-1_U19,R17_F17_m-1f-1_P17_Y-1_U52,MXY,1,0.0,0,0,0.0,0,0,0,-9999.0,0.75,1,P16_CV0,1,1,1,1,1
18,0.3653410243663954,-0.9308737486442041,R18_F18_m18f17_P18_Y0_UO147,R18_F18_m-1f-1_P18_Y-1_U75,R17_F17_m-1f-1_P17_Y-1_U25,FXX,1,0.0,0,0,0.0,0,0,0,-9999.0,0.5,1,P16_CV0,1,1,1,1,1
18,0.3653410243663954,-0.9308737486442041,R18_F18_m18f17_P18_Y0_UO2,R18_F18_m-1f-1_P18_Y-1_U19,R17_F17_m-1f-1_P17_Y-1_U52,MXY,1,0.0,0,0,0.0,0,0,0,-9999.0,0.75,1,P16_CV0,1,2,0,2,0
18,0.3653410243663954,-0.9308737486442041,R18_F18_m18f17_P18_Y0_UO1306,R18_F18_m-1f-1_P18_Y-1_U57,R17_F17_m-1f-1_P17_Y-1_U71,MXY,1,0.0,0,0,0.0,0,0,0,-9999.0,0.5,1,P16_CV0,1,1,1,1,1
18,0.3653410243663954,-0.9308737486442041,R18_F18_m18f17_P18_Y0_UO903,R18_F18_m-1f-1_P18_Y-1_U50,R17_F17_m-1f-1_P17_Y-1_U71,MXY,1,0.0,0,0,0.0,0,0,0,-9999.0,0.25,1,P16_CV0,1,0,2,1,1
18,0.3653410243663954,-0.9308737486442041,R18_F18_m18f17_P18_Y0_UO902,R18_F18_m-1f-1_P18_Y-1_U50,R17_F17_m-1f-1_P17_Y-1_U71,FXX,1,0.0,0,0,0.0,0,0,0,-9999.0,0.25,1,P16_CV0,1,0,2,1,1
18,0.3653410243663954,-0.9308737486442041,RD18_F17_m-1f-1_P17_Y-1_U59,-9999,-9999,FXX,2,0.0,1,0,1.0,0,0,0,-9999.0,0.5,1,P16_CV0,1,1,1,1,1
18,0.3653410243663954,-0.9308737486442041,R18_F18_m18f17_P18_Y0_UO1309,R18_F18_m-1f-1_P18_Y-1_U57,R17_F17_m-1f-1_P17_Y-1_U71,MXY,1,0.0,0,0,0.0,0,0,0,-9999.0,0.5,1,P17_CV0,1,1,1,0,2
18,0.3653410243663954,-0.9308737486442041,R18_F18_m18f19_P18_Y0_UO297,R18_F18_m-1f-1_P18_Y-1_U3,R19_F19_m-1f-1_P19_Y-1_U60,FXX,1,0.0,0,0,0.0,0,0,0,-9999.0,0.0,1,P17_CV0,1,0,2,0,2
18,0.3653410243663954,-0.9308737486442041,R18_F18_m18f17_P18_Y0_UO148,R18_F18_m-1f-1_P18_Y-1_U75,R17_F17_m-1f-1_P17_Y-1_U25,FXX,1,0.0,0,0,0.0,0,0,0,-9999.0,0.5,1,P17_CV0,1,1,1,1,1
18,0.3653410243663954,-0.9308737486442041,R18_F18_m18f19_P18_Y0_UO568,R18_F18_m-1f-1_P18_Y-1_U45,R19_F19_m-1f-1_P19_Y-1_U98,MXY,1,0.0,0,0,0.0,0,0,0,-9999.0,0.75,1,P17_CV0,1,2,0,0,2
18,0.3653410243663954,-0.9308737486442041,R18_F18_m18f17_P18_Y0_UO825,R18_F18_m-1f-1_P18_Y-1_U50,R17_F17_m-1f-1_P17_Y-1_U76,MXY,1,0.0,0,0,0.0,0,0,0,-9999.0,0.0,1,P17_CV0,1,0,2,1,1
18,0.3653410243663954,-0.9308737486442041,R18_F18_m18f19_P18_Y0_UO46,R18_F18_m-1f-1_P18_Y-1_U26,R19_F19_m-1f-1_P19_Y-1_U14,MXY,1,0.0,0,0,0.0,0,0,0,-9999.0,0.25,1,P17_CV0,1,1,1,1,1
18,0.3653410243663954,-0.9308737486442041,R18_F18_m18f19_P18_Y0_UO740,R18_F18_m-1f-1_P18_Y-1_U50,R19_F19_m-1f-1_P19_Y-1_U73,MXY,1,0.0,0,0,0.0,0,0,0,-9999.0,0.25,1,P17_CV0,1,0,2,2,0
18,0.3653410243663954,-0.9308737486442041,R18_F18_m18f19_P18_Y0_UO45,R18_F18_m-1f-1_P18_Y-1_U26,R19_F19_m-1f-1_P19_Y-1_U14,FXX,1,0.0,0,0,0.0,0,0,0,-9999.0,0.25,1,P17_CV0,1,1,1,1,1
18,0.3653410243663954,-0.9308737486442041,R18_F18_m18f19_P18_Y0_UO959,R18_F18_m-1f-1_P18_Y-1_U12,R19_F19_m-1f-1_P19_Y-1_U88,FXX,1,0.0,0,0,0.0,0,0,0,-9999.0,0.5,1,P17_CV0,1,1,1,0,2
18,0.3653410243663954,-0.9308737486442041,R18_F18_m18f19_P18_Y0_UO295,R18_F18_m-1f-1_P18_Y-1_U3,R19_F19_m-1f-1_P19_Y-1_U60,MXY,1,0.0,0,0,0.0,0,0,0,-9999.0,0.0,1,P17_CV0,1,0,2,0,2
18,0.3653410243663954,-0.9308737486442041,R18_F18_m18f17_P18_Y0_UO149,R18_F18_m-1f-1_P18_Y-1_U75,R17_F17_m-1f-1_P17_Y-1_U25,MXY,1,0.0,0,0,0.0,0,0,0,-9999.0,0.5,1,P17_CV0,1,1,1,1,1
18,0.3653410243663954,-0.9308737486442041,R18_F18_m18f19_P18_Y0_UO738,R18_F18_m-1f-1_P18_Y-1_U50,R19_F19_m-1f-1_P19_Y-1_U73,MXY,1,0.0,0,0,0.0,0,0,0,-9999.0,0.25,1,P17_CV0,1,0,2,1,1
18,0.3653410243663954,-0.9308737486442041,R18_F18_m18f17_P18_Y0_UO828,R18_F18_m-1f-1_P18_Y-1_U50,R17_F17_m-1f-1_P17_Y-1_U76,FXX,1,0.0,0,0,0.0,0,0,0,-9999.0,0.0,1,P17_CV0,1,0,2,0,2
18,0.3653410243663954,-0.9308737486442041,R18_F18_m18f17_P18_Y0_UO145,R18_F18_m-1f-1_P18_Y-1_U75,R17_F17_m-1f-1_P17_Y-1_U25,FXX,1,0.0,0,0,0.0,0,0,0,-9999.0,0.5,1,P17_CV0,1,1,1,1,1
18,0.3653410243663954,-0.9308737486442041,R18_F18_m18f19_P18_Y0_UO347,R18_F18_m-1f-1_P18_Y-1_U97,R19_F19_m-1f-1_P19_Y-1_U57,FXX,1,0.0,0,0,0.0,0,0,0,-9999.0,0.75,1,P17_CV0,1,1,1,2,0
18,0.3653410243663954,-0.9308737486442041,R18_F18_m18f17_P18_Y0_UO826,R18_F18_m-1f-1_P18_Y-1_U50,R17_F17_m-1f-1_P17_Y-1_U76,FXX,1,0.0,0,0,0.0,0,0,0,-9999.0,0.0,1,P17_CV0,1,0,2,1,1
18,0.3653410243663954,-0.9308737486442041,R18_F18_m18f17_P18_Y0_UO255,R18_F18_m-1f-1_P18_Y-1_U25,R17_F17_m-1f-1_P17_Y-1_U86,MXY,1,0.0,0,0,0.0,0,0,0,-9999.0,0.25,1,P17_CV0,1,1,1,2,0
18,0.3653410243663954,-0.9308737486442041,R18_F18_m18f19_P18_Y0_UO304,R18_F18_m-1f-1_P18_Y-1_U43,R19_F19_m-1f-1_P19_Y-1_U42,FXX,1,0.0,0,0,0.0,0,0,0,-9999.0,0.5,1,P17_CV0,1,1,1,1,1
18,0.3653410243663954,-0.9308737486442041,R18_F18_m18f19_P18_Y0_UO1352,R18_F18_m-1f-1_P18_Y-1_U9,R19_F19_m-1f-1_P19_Y-1_U31,FXX,1,0.0,0,0,0.0,0,0,0,-9999.0,0.75,1,P17_CV0,1,1,1,1,1
18,0.3653410243663954,-0.9308737486442041,R18_F18_m18f19_P18_Y0_UO296,R18_F18_m-1f-1_P18_Y-1_U3,R19_F19_m-1f-1_P19_Y-1_U60,FXX,1,0.0,0,0,0.0,0,0,0,-9999.0,0.0,1,P17_CV0,1,0,2,0,2
18,0.3653410243663954,-0.9308737486442041,R18_F18_m18f19_P18_Y0_UO346,R18_F18_m-1f-1_P18_Y-1_U97,R19_F19_m-1f-1_P19_Y-1_U57,FXX,1,0.0,0,0,0.0,0,0,0,-9999.0,0.75,1,P17_CV0,1,1,1,1,1
18,0.3653410243663954,-0.9308737486442041,R18_F18_m18f17_P18_Y0_UO253,R18_F18_m-1f-1_P18_Y-1_U25,R17_F17_m-1f-1_P17_Y-1_U86,MXY,1,0.0,0,0,0.0,0,0,0,-9999.0,0.25,1,P17_CV0,1,1,1,2,0
18,0.3653410243663954,-0.9308737486442041,R18_F18_m18f19_P18_Y0_UO739,R18_F18_m-1f-1_P18_Y-1_U50,R19_F19_m-1f-1_P19_Y-1_U73,MXY,1,0.0,0,0,0.0,0,0,0,-9999.0,0.25,1,P17_CV0,1,0,2,1,1
18,0.3653410243663954,-0.9308737486442041,R18_F18_m18f19_P18_Y0_UO44,R18_F18_m-1f-1_P18_Y-1_U26,R19_F19_m-1f-1_P19_Y-1_U14,FXX,1,0.0,0,0,0.0,0,0,0,-9999.0,0.25,1,P17_CV0,1,0,2,1,1
18,0.3653410243663954,-0.9308737486442041,R18_F18_m18f19_P18_Y0_UO112,R18_F18_m-1f-1_P18_Y-1_U19,R19_F19_m-1f-1_P19_Y-1_U60,FXX,1,0.0,0,0,0.0,0,0,0,-9999.0,0.25,1,P17_CV0,1,0,2,1,1
18,0.3653410243663954,-0.9308737486442041,R18_F18_m18f17_P18_Y0_UO904,R18_F18_m-1f-1_P18_Y-1_U50,R17_F17_m-1f-1_P17_Y-1_U71,FXX,1,0.0,0,0,0.0,0,0,0,-9999.0,0.25,1,P17_CV0,1,0,2,1,1
18,0.3653410243663954,-0.9308737486442041,R18_F18_m18f19_P18_Y0_UO958,R18_F18_m-1f-1_P18_Y-1_U12,R19_F19_m-1f-1_P19_Y-1_U88,MXY,1,0.0,0,0,0.0,0,0,0,-9999.0,0.5,1,P17_CV0,1,1,1,0,2
18,0.3653410243663954,-0.9308737486442041,R18_F18_m18f17_P18_Y0_UO1308,R18_F18_m-1f-1_P18_Y-1_U57,R17_F17_m-1f-1_P17_Y-1_U71,MXY,1,0.0,0,0,0.0,0,0,0,-9999.0,0.5,1,P17_CV0,1,1,1,1,1
18,0.3653410243663954,-0.9308737486442041,R18_F18_m18f17_P18_Y0_UO254,R18_F18_m-1f-1_P18_Y-1_U25,R17_F17_m-1f-1_P17_Y-1_U86,MXY,1,0.0,0,0,0.0,0,0,0,-9999.0,0.25,1,P17_CV0,1,0,2,2,0
18,0.3653410243663954,-0.9308737486442041,R18_F18_m18f19_P18_Y0_UO957,R18_F18_m-1f-1_P18_Y-1_U12,R19_F19_m-1f-1_P19_Y-1_U88,MXY,1,0.0,0,0,0.0,0,0,0,-9999.0,0.5,1,P17_CV0,1,1,1,0,2
18,0.3653410243663954,-0.9308737486442041,R18_F18_m18f19_P18_Y0_UO823,R18_F18_m-1f-1_P18_Y-1_U86,R19_F19_m-1f-1_P19_Y-1_U25,FXX,1,0.0,0,0,0.0,0,0,0,-9999.0,0.0,1,P17_CV0,1,0,2,1,1
18,0.3653410243663954,-0.9308737486442041,RD18_F17_m17f18_P17_Y0_UO1347,R17_F17_m-1f-1_P17_Y-1_U31,R18_F18_m-1f-1_P18_Y-1_U92,FXX,1,0.0,0,0,0.0,0,0,0,-9999.0,0.5,1,P17_CV0,1,1,1,2,0
18,0.3653410243663954,-0.9308737486442041,R18_F18_m18f19_P18_Y0_UO293,R18_F18_m-1f-1_P18_Y-1_U3,R19_F19_m-1f-1_P19_Y-1_U60,FXX,1,0.0,0,0,0.0,0,0,0,-9999.0,0.0,1,P17_CV0,1,0,2,0,2
18,0.3653410243663954,-0.9308737486442041,R18_F18_m18f19_P18_Y0_UO348,R18_F18_m-1f-1_P18_Y-1_U97,R19_F19_m-1f-1_P19_Y-1_U57,MXY,1,0.0,0,0,0.0,0,0,0,-9999.0,0.75,1,P17_CV0,1,2,0,2,0
18,0.3653410243663954,-0.9308737486442041,R18_F18_m-1f-1_P18_Y-1_U88,-9999,-9999,MXY,2,0.0,1,0,0.0,0,0,0,-9999.0,0.5,1,P17_CV0,1,1,1,0,2
18,0.3653410243663954,-0.9308737486442041,R18_F18_m-1f-1_P18_Y-1_U63,-9999,-9999,MXY,2,0.0,1,0,0.0,0,0,0,-9999.0,1.0,1,P17_CV0,1,2,0,1,1
18,0.3653410243663954,-0.9308737486442041,R18_F18_m-1f-1_P18_Y-1_U98,-9999,-9999,MXY,2,0.0,1,0,0.0,0,0,0,-9999.0,0.5,1,P17_CV0,1,1,1,1,1
18,0.3653410243663954,-0.9308737486442041,R18_F18_m-1f-1_P18_Y-1_U52,-9999,-9999,FXX,2,0.0,1,0,1.0,0,0,0,-9999.0,0.5,1,P17_CV0,1,1,1,1,1
18,0.3653410243663954,-0.9308737486442041,R18_F18_m-1f-1_P18_Y-1_U4,-9999,-9999,MXY,2,0.0,1,0,0.0,0,0,0,-9999.0,0.5,1,P17_CV0,1,1,1,0,2
18,0.3653410243663954,-0.9308737486442041,R18_F18_m-1f-1_P18_Y-1_U44,-9999,-9999,FXX,2,0.0,1,0,1.0,0,0,0,-9999.0,1.0,1,P17_CV0,1,2,0,1,1
18,0.3653410243663954,-0.9308737486442041,R18_F18_m-1f-1_P18_Y-1_U35,-9999,-9999,FXX,2,0.0,1,0,1.0,0,0,0,-9999.0,1.0,1,P17_CV0,1,2,0,0,2
18,0.3653410243663954,-0.9308737486442041,R18_F18_m-1f-1_P18_Y-1_U11,-9999,-9999,MXY,2,0.0,1,0,0.0,0,0,0,-9999.0,0.5,1,P17_CV0,1,1,1,1,1
18,0.3653410243663954,-0.9308737486442041,R18_F18_m-1f-1_P18_Y-1_U27,-9999,-9999,FXX,2,0.0,1,0,1.0,0,0,0,-9999.0,0.5,1,P17_CV0,1,1,1,1,1
18,0.3653410243663954,-0.9308737486442041,R18_F18_m-1f-1_P18_Y-1_U65,-9999,-9999,MXY,2,0.0,1,0,0.0,0,0,0,-9999.0,0.0,1,P17_CV0,1,0,2,0,2
18,0.3653410243663954,-0.9308737486442041,R18_F18_m-1f-1_P18_Y-1_U40,-9999,-9999,MXY,2,0.0,1,0,0.0,0,0,0,-9999.0,0.0,1,P17_CV0,1,0,2,2,0
18,0.3653410243663954,-0.9308737486442041,R18_F18_m-1f-1_P18_Y-1_U36,-9999,-9999,FXX,2,0.0,1,0,1.0,0,0,0,-9999.0,0.5,1,P17_CV0,1,1,1,0,2
18,0.3653410243663954,-0.9308737486442041,R18_F18_m-1f-1_P18_Y-1_U20,-9999,-9999,MXY,2,0.0,1,0,0.0,0,0,0,-9999.0,1.0,1,P17_CV0,1,2,0,0,2
18,0.3653410243663954,-0.9308737486442041,R18_F18_m-1f-1_P18_Y-1_U13,-9999,-9999,MXY,2,0.0,1,0,0.0,0,0,0,-9999.0,0.5,1,P17_CV0,1,1,1,1,1
18,0.3653410243663954,-0.9308737486442041,R18_F18_m-1f-1_P18_Y-1_U45,-9999,-9999,FXX,3,0.0,1,0,1.0,0,0,0,-9999.0,1.0,1,P17_CV0,1,2,0,0,2
18,0.3653410243663954,-0.9308737486442041,R18_F18_m-1f-1_P18_Y-1_U12,-9999,-9999,FXX,3,0.0,1,0,1.0,0,0,0,-9999.0,0.5,1,P17_CV0,1,1,1,0,2
18,0.3653410243663954,-0.9308737486442041,R18_F18_m-1f-1_P18_Y-1_U99,-9999,-9999,MXY,3,0.0,1,0,0.0,0,0,0,-9999.0,0.0,1,P17_CV0,1,0,2,1,1
18,0.3653410243663954,-0.9308737486442041,R18_F18_m-1f-1_P18_Y-1_U70,-9999,-9999,MXY,3,0.0,1,0,0.0,0,0,0,-9999.0,0.5,1,P17_CV0,1,1,1,1,1
18,0.3653410243663954,-0.9308737486442041,R18_F18_m-1f-1_P18_Y-1_U22,-9999,-9999,MXY,3,0.0,1,0,0.0,0,0,0,-9999.0,0.5,1,P17_CV0,1,1,1,1,1
18,0.3653410243663954,-0.9308737486442041,R18_F18_m-1f-1_P18_Y-1_U3,-9999,-9999,FXX,3,0.0,1,0,1.0,0,0,0,-9999.0,0.0,1,P17_CV0,1,0,2,0,2
18,0.3653410243663954,-0.9308737486442041,R18_F18_m-1f-1_P18_Y-1_U17,-9999,-9999,MXY,3,0.0,1,0,0.0,0,0,0,-9999.0,1.0,1,P17_CV0,1,2,0,1,1
18,0.3653410243663954,-0.9308737486442041,R18_F18_m-1f-1_P18_Y-1_U96,-9999,-9999,MXY,4,0.0,1,0,0.0,0,0,0,-9999.0,0.5,1,P17_CV0,1,1,1,2,0
18,0.3653410243663954,-0.9308737486442041,R18_F18_m18f19_P18_Y0_UO566,R18_F18_m-1f-1_P18_Y-1_U45,R19_F19_m-1f-1_P19_Y-1_U98,FXX,1,0.0,0,0,0.0,0,0,0,-9999.0,0.75,1,P18_CV0,1,2,0,0,2
18,0.3653410243663954,-0.9308737486442041,R18_F18_m18f19_P18_Y0_UO110,R18_F18_m-1f-1_P18_Y-1_U19,R19_F19_m-1f-1_P19_Y-1_U60,MXY,1,0.0,0,0,0.0,0,0,0,-9999.0,0.25,1,P18_CV0,1,1,1,1,1
18,0.3653410243663954,-0.9308737486442041,R18_F18_m18f19_P18_Y0_UO1354,R18_F18_m-1f-1_P18_Y-1_U9,R19_F19_m-1f-1_P19_Y-1_U31,MXY,1,0.0,0,0,0.0,0,0,0,-9999.0,0.75,1,P18_CV0,1,2,0,1,1
18,0.3653410243663954,-0.9308737486442041,R18_F18_m18f19_P18_Y0_UO961,R18_F18_m-1f-1_P18_Y-1_U12,R19_F19_m-1f-1_P19_Y-1_U88,FXX,1,0.0,0,0,0.0,0,0,0,-9999.0,0.5,1,P18_CV0,1,2,0,0,2
18,0.3653410243663954,-0.9308737486442041,R18_F18_m18f19_P18_Y0_UO567,R18_F18_m-1f-1_P18_Y-1_U45,R19_F19_m-1f-1_P19_Y-1_U98,FXX,1,0.0,0,0,0.0,0,0,0,-9999.0,0.75,1,P18_CV0,1,1,1,0,2
18,0.3653410243663954,-0.9308737486442041,R18_F18_m18f19_P18_Y0_UO303,R18_F18_m-1f-1_P18_Y-1_U43,R19_F19_m-1f-1_P19_Y-1_U42,MXY,1,0.0,0,0,0.0,0,0,0,-9999.0,0.5,1,P18_CV0,1,1,1,1,1
18,0.3653410243663954,-0.9308737486442041,R18_F18_m18f19_P18_Y0_UO1353,R18_F18_m-1f-1_P18_Y-1_U9,R19_F19_m-1f-1_P19_Y-1_U31,FXX,1,0.0,0,0,0.0,0,0,0,-9999.0,0.75,1,P18_CV0,1,1,1,1,1
18,0.3653410243663954,-0.9308737486442041,R18_F18_m18f19_P18_Y0_UO821,R18_F18_m-1f-1_P18_Y-1_U86,R19_F19_m-1f-1_P19_Y-1_U25,MXY,1,0.0,0,0,0.0,0,0,0,-9999.0,0.0,1,P18_CV0,1,0,2,1,1
18,0.3653410243663954,-0.9308737486442041,R18_F18_m18f19_P18_Y0_UO301,R18_F18_m-1f-1_P18_Y-1_U43,R19_F19_m-1f-1_P19_Y-1_U42,FXX,1,0.0,0,0,0.0,0,0,0,-9999.0,0.5,1,P18_CV0,1,1,1,2,0
18,0.3653410243663954,-0.9308737486442041,R18_F18_m18f19_P18_Y0_UO299,R18_F18_m-1f-1_P18_Y-1_U43,R19_F19_m-1f-1_P19_Y-1_U42,FXX,1,0.0,0,0,0.0,0,0,0,-9999.0,0.5,1,P18_CV0,1,1,1,2,0
18,0.3653410243663954,-0.9308737486442041,R18_F18_m18f19_P18_Y0_UO294,R18_F18_m-1f-1_P18_Y-1_U3,R19_F19_m-1f-1_P19_Y-1_U60,FXX,1,0.0,0,0,0.0,0,0,0,-9999.0,0.0,1,P18_CV0,1,0,2,0,2
18,0.3653410243663954,-0.9308737486442041,R18_F18_m18f19_P18_Y0_UO111,R18_F18_m-1f-1_P18_Y-1_U19,R19_F19_m-1f-1_P19_Y-1_U60,FXX,1,0.0,0,0,0.0,0,0,0,-9999.0,0.25,1,P18_CV0,1,1,1,1,1
18,0.3653410243663954,-0.9308737486442041,RD18_F19_m19f20_P19_Y0_UO1179,R19_F19_m-1f-1_P19_Y-1_U64,R20_F20_m-1f-1_P20_Y-1_U30,FXX,1,0.0,0,0,0.0,0,0,0,-9999.0,1.0,1,P18_CV0,1,2,0,1,1
18,0.3653410243663954,-0.9308737486442041,R18_F18_m18f19_P18_Y0_UO302,R18_F18_m-1f-1_P18_Y-1_U43,R19_F19_m-1f-1_P19_Y-1_U42,FXX,1,0.0,0,0,0.0,0,0,0,-9999.0,0.5,1,P18_CV0,1,1,1,1,1
18,0.3653410243663954,-0.9308737486442041,R18_F18_m18f19_P18_Y0_UO737,R18_F18_m-1f-1_P18_Y-1_U50,R19_F19_m-1f-1_P19_Y-1_U73,FXX,1,0.0,0,0,0.0,0,0,0,-9999.0,0.25,1,P18_CV0,1,0,2,1,1
18,0.3653410243663954,-0.9308737486442041,R18_F18_m18f19_P18_Y0_UO569,R18_F18_m-1f-1_P18_Y-1_U45,R19_F19_m-1f-1_P19_Y-1_U98,MXY,1,0.0,0,0,0.0,0,0,0,-9999.0,0.75,1,P18_CV0,1,1,1,0,2
18,0.3653410243663954,-0.9308737486442041,R18_F18_m18f19_P18_Y0_UO298,R18_F18_m-1f-1_P18_Y-1_U3,R19_F19_m-1f-1_P19_Y-1_U60,MXY,1,0.0,0,0,0.0,0,0,0,-9999.0,0.0,1,P18_CV0,1,0,2,0,2
18,0.3653410243663954,-0.9308737486442041,R18_F18_m18f19_P18_Y0_UO43,R18_F18_m-1f-1_P18_Y-1_U26,R19_F19_m-1f-1_P19_Y-1_U14,MXY,1,0.0,0,0,0.0,0,0,0,-9999.0,0.25,1,P18_CV0,1,1,1,1,1
18,0.3653410243663954,-0.9308737486442041,RD18_F19_m19f20_P19_Y0_UO1138,R19_F19_m-1f-1_P19_Y-1_U56,R20_F20_m-1f-1_P20_Y-1_U50,FXX,1,0.0,0,0,0.0,0,0,0,-9999.0,0.25,1,P18_CV0,1,1,1,1,1
18,0.3653410243663954,-0.9308737486442041,R18_F18_m18f19_P18_Y0_UO349,R18_F18_m-1f-1_P18_Y-1_U97,R19_F19_m-1f-1_P19_Y-1_U57,FXX,1,0.0,0,0,0.0,0,0,0,-9999.0,0.75,1,P18_CV0,1,2,0,1,1
18,0.3653410243663954,-0.9308737486442041,RD18_F19_m19f20_P19_Y0_UO748,R19_F19_m-1f-1_P19_Y-1_U91,R20_F20_m-1f-1_P20_Y-1_U28,MXY,1,0.0,0,0,0.0,0,0,0,-9999.0,0.25,1,P18_CV0,1,0,2,1,1
18,0.3653410243663954,-0.9308737486442041,R18_F18_m18f19_P18_Y0_UO300,R18_F18_m-1f-1_P18_Y-1_U43,R19_F19_m-1f-1_P19_Y-1_U42,FXX,1,0.0,0,0,0.0,0,0,0,-9999.0,0.5,1,P18_CV0,1,1,1,1,1
18,0.3653410243663954,-0.9308737486442041,RD18_F19_m-1f-1_P19_Y-1_U71,-9999,-9999,FXX,2,0.0,1,0,1.0,0,0,0,-9999.0,0.5,1,P18_CV0,1,1,1,2,0
19,0.6234898018587334,-0.7818314824680299,R19_F19_m19f18_P19_Y0_UO249,R19_F19_m-1f-1_P19_Y-1_U56,R18_F18_m-1f-1_P18_Y-1_U31,FXX,1,0.0,0,0,0.0,0,0,0,-9999.0,0.25,1,P17_CV0,1,0,2,1,1
19,0.6234898018587334,-0.7818314824680299,R19_F19_m19f18_P19_Y0_UO844,R19_F19_m-1f-1_P19_Y-1_U13,R18_F18_m-1f-1_P18_Y-1_U55,MXY,1,0.0,0,0,0.0,0,0,0,-9999.0,0.5,1,P17_CV0,1,1,1,2,0
19,0.6234898018587334,-0.7818314824680299,R19_F19_m19f18_P19_Y0_UO846,R19_F19_m-1f-1_P19_Y-1_U13,R18_F18_m-1f-1_P18_Y-1_U55,FXX,1,0.0,0,0,0.0,0,0,0,-9999.0,0.5,1,P17_CV0,1,1,1,2,0
19,0.6234898018587334,-0.7818314824680299,R19_F19_m19f18_P19_Y0_UO136,R19_F19_m-1f-1_P19_Y-1_U61,R18_F18_m-1f-1_P18_Y-1_U55,MXY,1,0.0,0,0,0.0,0,0,0,-9999.0,0.5,1,P17_CV0,1,1,1,2,0
19,0.6234898018587334,-0.7818314824680299,R19_F19_m19f18_P19_Y0_UO140,R19_F19_m-1f-1_P19_Y-1_U61,R18_F18_m-1f-1_P18_Y-1_U55,MXY,1,0.0,0,0,0.0,0,0,0,-9999.0,0.5,1,P17_CV0,1,1,1,2,0
19,0.6234898018587334,-0.7818314824680299,R19_F19_m19f18_P19_Y0_UO840,R19_F19_m-1f-1_P19_Y-1_U13,R18_F18_m-1f-1_P18_Y-1_U55,FXX,1,0.0,0,0,0.0,0,0,0,-9999.0,0.5,1,P17_CV0,1,1,1,2,0
19,0.6234898018587334,-0.7818314824680299,R19_F19_m19f18_P19_Y0_UO250,R19_F19_m-1f-1_P19_Y-1_U56,R18_F18_m-1f-1_P18_Y-1_U31,MXY,1,0.0,0,0,0.0,0,0,0,-9999.0,0.25,1,P17_CV0,1,1,1,1,1
19,0.6234898018587334,-0.7818314824680299,R19_F19_m19f18_P19_Y0_UO342,R19_F19_m-1f-1_P19_Y-1_U92,R18_F18_m-1f-1_P18_Y-1_U99,FXX,1,0.0,0,0,0.0,0,0,0,-9999.0,0.25,1,P17_CV0,1,1,1,2,0
19,0.6234898018587334,-0.7818314824680299,R19_F19_m19f18_P19_Y0_UO841,R19_F19_m-1f-1_P19_Y-1_U13,R18_F18_m-1f-1_P18_Y-1_U55,MXY,1,0.0,0,0,0.0,0,0,0,-9999.0,0.5,1,P17_CV0,1,1,1,2,0
19,0.6234898018587334,-0.7818314824680299,R19_F19_m19f18_P19_Y0_UO842,R19_F19_m-1f-1_P19_Y-1_U13,R18_F18_m-1f-1_P18_Y-1_U55,FXX,1,0.0,0,0,0.0,0,0,0,-9999.0,0.5,1,P17_CV0,1,1,1,2,0
19,0.6234898018587334,-0.7818314824680299,R19_F19_m19f18_P19_Y0_UO849,R19_F19_m-1f-1_P19_Y-1_U13,R18_F18_m-1f-1_P18_Y-1_U55,MXY,1,0.0,0,0,0.0,0,0,0,-9999.0,0.5,1,P17_CV0,1,1,1,2,0
19,0.6234898018587334,-0.7818314824680299,R19_F19_m19f18_P19_Y0_UO1298,R19_F19_m-1f-1_P19_Y-1_U13,R18_F18_m-1f-1_P18_Y-1_U22,MXY,1,0.0,0,0,0.0,0,0,0,-9999.0,0.75,1,P17_CV0,1,1,1,1,1
19,0.6234898018587334,-0.7818314824680299,RD19_F18_m18f17_P18_Y0_UO827,R18_F18_m-1f-1_P18_Y-1_U50,R17_F17_m-1f-1_P17_Y-1_U76,FXX,1,0.0,0,0,0.0,0,0,0,-9999.0,0.0,1,P17_CV0,1,0,2,0,2
19,0.6234898018587334,-0.7818314824680299,R19_F19_m19f18_P19_Y0_UO848,R19_F19_m-1f-1_P19_Y-1_U13,R18_F18_m-1f-1_P18_Y-1_U55,FXX,1,0.0,0,0,0.0,0,0,0,-9999.0,0.5,1,P17_CV0,1,1,1,2,0
19,0.6234898018587334,-0.7818314824680299,R19_F19_m19f18_P19_Y0_UO138,R19_F19_m-1f-1_P19_Y-1_U61,R18_F18_m-1f-1_P18_Y-1_U55,FXX,1,0.0,0,0,0.0,0,0,0,-9999.0,0.5,1,P17_CV0,1,1,1,2,0
19,0.6234898018587334,-0.7818314824680299,R19_F19_m19f18_P19_Y0_UO1299,R19_F19_m-1f-1_P19_Y-1_U13,R18_F18_m-1f-1_P18_Y-1_U22,MXY,1,0.0,0,0,0.0,0,0,0,-9999.0,0.75,1,P17_CV0,1,2,0,2,0
19,0.6234898018587334,-0.7818314824680299,R19_F19_m19f18_P19_Y0_UO344,R19_F19_m-1f-1_P19_Y-1_U92,R18_F18_m-1f-1_P18_Y-1_U99,MXY,1,0.0,0,0,0.0,0,0,0,-9999.0,0.25,1,P17_CV0,1,0,2,2,0
19,0.6234898018587334,-0.7818314824680299,R19_F19_m19f18_P19_Y0_UO345,R19_F19_m-1f-1_P19_Y-1_U92,R18_F18_m-1f-1_P18_Y-1_U99,FXX,1,0.0,0,0,0.0,0,0,0,-9999.0,0.25,1,P17_CV0,1,1,1,0,2
19,0.6234898018587334,-0.7818314824680299,R19_F19_m19f18_P19_Y0_UO251,R19_F19_m-1f-1_P19_Y-1_U56,R18_F18_m-1f-1_P18_Y-1_U31,MXY,1,0.0,0,0,0.0,0,0,0,-9999.0,0.25,1,P17_CV0,1,1,1,1,1
19,0.6234898018587334,-0.7818314824680299,R19_F19_m19f18_P19_Y0_UO139,R19_F19_m-1f-1_P19_Y-1_U61,R18_F18_m-1f-1_P18_Y-1_U55,FXX,1,0.0,0,0,0.0,0,0,0,-9999.0,0.5,1,P17_CV0,1,1,1,2,0
19,0.6234898018587334,-0.7818314824680299,R19_F19_m19f18_P19_Y0_UO1302,R19_F19_m-1f-1_P19_Y-1_U13,R18_F18_m-1f-1_P18_Y-1_U22,FXX,1,0.0,0,0,0.0,0,0,0,-9999.0,0.75,1,P17_CV0,1,1,1,2,0
19,0.6234898018587334,-0.7818314824680299,R19_F19_m19f18_P19_Y0_UO1300,R19_F19_m-1f-1_P19_Y-1_U13,R18_F18_m-1f-1_P18_Y-1_U22,FXX,1,0.0,0,0,0.0,0,0,0,-9999.0,0.75,1,P17_CV0,1,1,1,2,0
19,0.6234898018587334,-0.7818314824680299,R19_F19_m19f18_P19_Y0_UO1304,R19_F19_m-1f-1_P19_Y-1_U13,R18_F18_m-1f-1_P18_Y-1_U22,FXX,1,0.0,0,0,0.0,0,0,0,-9999.0,0.75,1,P17_CV0,1,1,1,1,1
19,0.6234898018587334,-0.7818314824680299,R19_F19_m19f18_P19_Y0_UO142,R19_F19_m-1f-1_P19_Y-1_U61,R18_F18_m-1f-1_P18_Y-1_U55,MXY,1,0.0,0,0,0.0,0,0,0,-9999.0,0.5,1,P17_CV0,1,1,1,2,0
19,0.6234898018587334,-0.7818314824680299,RD19_F18_m-1f-1_P18_Y-1_U21,-9999,-9999,MXY,2,0.0,1,0,0.0,0,0,0,-9999.0,1.0,1,P17_CV0,1,2,0,0,2
19,0.6234898018587334,-0.7818314824680299,RD19_F18_m-1f-1_P18_Y-1_U50,-9999,-9999,FXX,3,0.0,1,0,1.0,0,0,0,-9999.0,0.0,1,P17_CV0,1,0,2,1,1
19,0.6234898018587334,-0.7818314824680299,R19_F19_m19f18_P19_Y0_UO847,R19_F19_m-1f-1_P19_Y-1_U13,R18_F18_m-1f-1_P18_Y-1_U55,MXY,1,0.0,0,0,0.0,0,0,0,-9999.0,0.5,1,P18_CV0,1,1,1,2,0
19,0.6234898018587334,-0.7818314824680299,R19_F19_m19f18_P19_Y0_UO252,R19_F19_m-1f-1_P19_Y-1_U56,R18_F18_m-1f-1_P18_Y-1_U31,FXX,1,0.0,0,0,0.0,0,0,0,-9999.0,0.25,1,P18_CV0,1,1,1,0,2
19,0.6234898018587334,-0.7818314824680299,RD19_F20_m20f19_P20_Y0_UO83,R20_F20_m-1f-1_P20_Y-1_U73,R19_F19_m-1f-1_P19_Y-1_U82,MXY,1,0.0,0,0,0.0,0,0,0,-9999.0,1.0,1,P18_CV0,1,2,0,1,1
19,0.6234898018587334,-0.7818314824680299,R19_F19_m19f20_P19_Y0_UO1177,R19_F19_m-1f-1_P19_Y-1_U64,R20_F20_m-1f-1_P20_Y-1_U30,FXX,1,0.0,0,0,0.0,0,0,0,-9999.0,1.0,1,P18_CV0,1,2,0,1,1
19,0.6234898018587334,-0.7818314824680299,R19_F19_m19f18_P19_Y0_UO343,R19_F19_m-1f-1_P19_Y-1_U92,R18_F18_m-1f-1_P18_Y-1_U99,MXY,1,0.0,0,0,0.0,0,0,0,-9999.0,0.25,1,P18_CV0,1,1,1,0,2
19,0.6234898018587334,-0.7818314824680299,R19_F19_m19f18_P19_Y0_UO1301,R19_F19_m-1f-1_P19_Y-1_U13,R18_F18_m-1f-1_P18_Y-1_U22,FXX,1,0.0,0,0,0.0,0,0,0,-9999.0,0.75,1,P18_CV0,1,1,1,1,1
19,0.6234898018587334,-0.7818314824680299,R19_F19_m19f18_P19_Y0_UO341,R19_F19_m-1f-1_P19_Y-1_U92,R18_F18_m-1f-1_P18_Y-1_U99,MXY,1,0.0,0,0,0.0,0,0,0,-9999.0,0.25,1,P18_CV0,1,0,2,1,1
19,0.6234898018587334,-0.7818314824680299,R19_F19_m19f18_P19_Y0_UO340,R19_F19_m-1f-1_P19_Y-1_U92,R18_F18_m-1f-1_P18_Y-1_U99,FXX,1,0.0,0,0,0.0,0,0,0,-9999.0,0.25,1,P18_CV0,1,0,2,1,1
19,0.6234898018587334,-0.7818314824680299,R19_F19_m19f18_P19_Y0_UO337,R19_F19_m-1f-1_P19_Y-1_U92,R18_F18_m-1f-1_P18_Y-1_U99,MXY,1,0.0,0,0,0.0,0,0,0,-9999.0,0.25,1,P18_CV0,1,0,2,2,0
19,0.6234898018587334,-0.7818314824680299,R19_F19_m19f18_P19_Y0_UO839,R19_F19_m-1f-1_P19_Y-1_U13,R18_F18_m-1f-1_P18_Y-1_U55,MXY,1,0.0,0,0,0.0,0,0,0,-9999.0,0.5,1,P18_CV0,1,1,1,2,0
19,0.6234898018587334,-0.7818314824680299,R19_F19_m19f20_P19_Y0_UO1178,R19_F19_m-1f-1_P19_Y-1_U64,R20_F20_m-1f-1_P20_Y-1_U30,FXX,1,0.0,0,0,0.0,0,0,0,-9999.0,1.0,1,P18_CV0,1,2,0,0,2
19,0.6234898018587334,-0.7818314824680299,R19_F19_m19f20_P19_Y0_UO1175,R19_F19_m-1f-1_P19_Y-1_U64,R20_F20_m-1f-1_P20_Y-1_U30,MXY,1,0.0,0,0,0.0,0,0,0,-9999.0,1.0,1,P18_CV0,1,2,0,1,1
19,0.6234898018587334,-0.7818314824680299,R19_F19_m19f20_P19_Y0_UO1142,R19_F19_m-1f-1_P19_Y-1_U56,R20_F20_m-1f-1_P20_Y-1_U50,MXY,1,0.0,0,0,0.0,0,0,0,-9999.0,0.25,1,P18_CV0,1,0,2,0,2
19,0.6234898018587334,-0.7818314824680299,R19_F19_m19f18_P19_Y0_UO144,R19_F19_m-1f-1_P19_Y-1_U61,R18_F18_m-1f-1_P18_Y-1_U55,FXX,1,0.0,0,0,0.0,0,0,0,-9999.0,0.5,1,P18_CV0,1,1,1,2,0
19,0.6234898018587334,-0.7818314824680299,R19_F19_m19f20_P19_Y0_UO1176,R19_F19_m-1f-1_P19_Y-1_U64,R20_F20_m-1f-1_P20_Y-1_U30,MXY,1,0.0,0,0,0.0,0,0,0,-9999.0,1.0,1,P18_CV0,1,2,0,1,1
19,0.6234898018587334,-0.7818314824680299,R19_F19_m19f18_P19_Y0_UO141,R19_F19_m-1f-1_P19_Y-1_U61,R18_F18_m-1f-1_P18_Y-1_U55,MXY,1,0.0,0,0,0.0,0,0,0,-9999.0,0.5,1,P18_CV0,1,1,1,2,0
19,0.6234898018587334,-0.7818314824680299,R19_F19_m19f18_P19_Y0_UO845,R19_F19_m-1f-1_P19_Y-1_U13,R18_F18_m-1f-1_P18_Y-1_U55,FXX,1,0.0,0,0,0.0,0,0,0,-9999.0,0.5,1,P18_CV0,1,1,1,2,0
19,0.6234898018587334,-0.7818314824680299,R19_F19_m19f18_P19_Y0_UO339,R19_F19_m-1f-1_P19_Y-1_U92,R18_F18_m-1f-1_P18_Y-1_U99,MXY,1,0.0,0,0,0.0,0,0,0,-9999.0,0.25,1,P18_CV0,1,1,1,0,2
19,0.6234898018587334,-0.7818314824680299,R19_F19_m19f18_P19_Y0_UO1303,R19_F19_m-1f-1_P19_Y-1_U13,R18_F18_m-1f-1_P18_Y-1_U22,FXX,1,0.0,0,0,0.0,0,0,0,-9999.0,0.75,1,P18_CV0,1,2,0,1,1
19,0.6234898018587334,-0.7818314824680299,R19_F19_m19f18_P19_Y0_UO843,R19_F19_m-1f-1_P19_Y-1_U13,R18_F18_m-1f-1_P18_Y-1_U55,MXY,1,0.0,0,0,0.0,0,0,0,-9999.0,0.5,1,P18_CV0,1,1,1,2,0
19,0.6234898018587334,-0.7818314824680299,R19_F19_m19f20_P19_Y0_UO747,R19_F19_m-1f-1_P19_Y-1_U91,R20_F20_m-1f-1_P20_Y-1_U28,FXX,1,0.0,0,0,0.0,0,0,0,-9999.0,0.25,1,P18_CV0,1,1,1,1,1
19,0.6234898018587334,-0.7818314824680299,RD19_F20_m20f19_P20_Y0_UO433,R20_F20_m-1f-1_P20_Y-1_U84,R19_F19_m-1f-1_P19_Y-1_U5,MXY,1,0.0,0,0,0.0,0,0,0,-9999.0,0.5,1,P18_CV0,1,1,1,0,2
19,0.6234898018587334,-0.7818314824680299,R19_F19_m19f20_P19_Y0_UO1137,R19_F19_m-1f-1_P19_Y-1_U56,R20_F20_m-1f-1_P20_Y-1_U50,FXX,1,0.0,0,0,0.0,0,0,0,-9999.0,0.25,1,P18_CV0,1,1,1,2,0
19,0.6234898018587334,-0.7818314824680299,R19_F19_m19f18_P19_Y0_UO336,R19_F19_m-1f-1_P19_Y-1_U92,R18_F18_m-1f-1_P18_Y-1_U99,MXY,1,0.0,0,0,0.0,0,0,0,-9999.0,0.25,1,P18_CV0,1,1,1,1,1
19,0.6234898018587334,-0.7818314824680299,R19_F19_m19f18_P19_Y0_UO137,R19_F19_m-1f-1_P19_Y-1_U61,R18_F18_m-1f-1_P18_Y-1_U55,FXX,1,0.0,0,0,0.0,0,0,0,-9999.0,0.5,1,P18_CV0,1,1,1,2,0
19,0.6234898018587334,-0.7818314824680299,RD19_F20_m20f19_P20_Y0_UO85,R20_F20_m-1f-1_P20_Y-1_U73,R19_F19_m-1f-1_P19_Y-1_U82,MXY,1,0.0,0,0,0.0,0,0,0,-9999.0,1.0,1,P18_CV0,1,2,0,2,0
19,0.6234898018587334,-0.7818314824680299,R19_F19_m-1f-1_P19_Y-1_U29,-9999,-9999,MXY,2,0.0,1,0,0.0,0,0,0,-9999.0,0.0,1,P18_CV0,1,0,2,2,0
19,0.6234898018587334,-0.7818314824680299,R19_F19_m-1f-1_P19_Y-1_U89,-9999,-9999,FXX,2,0.0,1,0,1.0,0,0,0,-9999.0,1.0,1,P18_CV0,1,2,0,2,0
19,0.6234898018587334,-0.7818314824680299,R19_F19_m-1f-1_P19_Y-1_U30,-9999,-9999,MXY,2,0.0,1,0,0.0,0,0,0,-9999.0,1.0,1,P18_CV0,1,2,0,2,0
19,0.6234898018587334,-0.7818314824680299,R19_F19_m-1f-1_P19_Y-1_U26,-9999,-9999,MXY,2,0.0,1,0,0.0,0,0,0,-9999.0,0.5,1,P18_CV0,1,1,1,0,2
19,0.6234898018587334,-0.7818314824680299,R19_F19_m-1f-1_P19_Y-1_U34,-9999,-9999,MXY,2,0.0,1,0,0.0,0,0,0,-9999.0,0.5,1,P18_CV0,1,1,1,2,0
19,0.6234898018587334,-0.7818314824680299,R19_F19_m-1f-1_P19_Y-1_U21,-9999,-9999,FXX,2,0.0,1,0,1.0,0,0,0,-9999.0,0.5,1,P18_CV0,1,1,1,1,1
19,0.6234898018587334,-0.7818314824680299,R19_F19_m-1f-1_P19_Y-1_U63,-9999,-9999,FXX,2,0.0,1,0,1.0,0,0,0,-9999.0,0.0,1,P18_CV0,1,0,2,1,1
19,0.6234898018587334,-0.7818314824680299,R19_F19_m-1f-1_P19_Y-1_U74,-9999,-9999,FXX,2,0.0,1,0,1.0,0,0,0,-9999.0,1.0,1,P18_CV0,1,2,0,2,0
19,0.6234898018587334,-0.7818314824680299,R19_F19_m-1f-1_P19_Y-1_U68,-9999,-9999,FXX,2,0.0,1,0,1.0,0,0,0,-9999.0,0.0,1,P18_CV0,1,0,2,1,1
19,0.6234898018587334,-0.7818314824680299,R19_F19_m-1f-1_P19_Y-1_U93,-9999,-9999,FXX,2,0.0,1,0,1.0,0,0,0,-9999.0,0.5,1,P18_CV0,1,1,1,1,1
19,0.6234898018587334,-0.7818314824680299,R19_F19_m-1f-1_P19_Y-1_U4,-9999,-9999,MXY,2,0.0,1,0,0.0,0,0,0,-9999.0,1.0,1,P18_CV0,1,2,0,2,0
19,0.6234898018587334,-0.7818314824680299,R19_F19_m-1f-1_P19_Y-1_U9,-9999,-9999,FXX,2,0.0,1,0,1.0,0,0,0,-9999.0,1.0,1,P18_CV0,1,2,0,2,0
19,0.6234898018587334,-0.7818314824680299,R19_F19_m-1f-1_P19_Y-1_U15,-9999,-9999,MXY,2,0.0,1,0,0.0,0,0,0,-9999.0,0.0,1,P18_CV0,1,0,2,1,1
19,0.6234898018587334,-0.7818314824680299,R19_F19_m-1f-1_P19_Y-1_U50,-9999,-9999,FXX,2,0.0,1,0,1.0,0,0,0,-9999.0,0.0,1,P18_CV0,1,0,2,0,2
19,0.6234898018587334,-0.7818314824680299,R19_F19_m-1f-1_P19_Y-1_U8,-9999,-9999,MXY,3,0.0,1,0,0.0,0,0,0,-9999.0,0.0,1,P18_CV0,1,0,2,1,1
19,0.6234898018587334,-0.7818314824680299,R19_F19_m-1f-1_P19_Y-1_U60,-9999,-9999,MXY,3,0.0,1,0,0.0,0,0,0,-9999.0,0.0,1,P18_CV0,1,0,2,0,2
19,0.6234898018587334,-0.7818314824680299,R19_F19_m-1f-1_P19_Y-1_U92,-9999,-9999,FXX,3,0.0,1,0,1.0,0,0,0,-9999.0,0.5,1,P18_CV0,1,1,1,1,1
19,0.6234898018587334,-0.7818314824680299,R19_F19_m-1f-1_P19_Y-1_U91,-9999,-9999,FXX,3,0.0,1,0,1.0,0,0,0,-9999.0,0.0,1,P18_CV0,1,0,2,0,2
19,0.6234898018587334,-0.7818314824680299,R19_F19_m-1f-1_P19_Y-1_U64,-9999,-9999,FXX,3,0.0,1,0,1.0,0,0,0,-9999.0,1.0,1,P18_CV0,1,2,0,1,1
19,0.6234898018587334,-0.7818314824680299,R19_F19_m-1f-1_P19_Y-1_U0,-9999,-9999,MXY,3,0.0,1,0,0.0,0,0,0,-9999.0,1.0,1,P18_CV0,1,2,0,1,1
19,0.6234898018587334,-0.7818314824680299,R19_F19_m-1f-1_P19_Y-1_U57,-9999,-9999,MXY,3,0.0,1,0,0.0,0,0,0,-9999.0,0.5,1,P18_CV0,1,1,1,1,1
19,0.6234898018587334,-0.7818314824680299,R19_F19_m-1f-1_P19_Y-1_U62,-9999,-9999,MXY,3,0.0,1,0,0.0,0,0,0,-9999.0,0.0,1,P18_CV0,1,0,2,1,1
19,0.6234898018587334,-0.7818314824680299,R19_F19_m-1f-1_P19_Y-1_U3,-9999,-9999,MXY,3,0.0,1,0,0.0,0,0,0,-9999.0,0.0,1,P18_CV0,1,0,2,1,1
19,0.6234898018587334,-0.7818314824680299,R19_F19_m-1f-1_P19_Y-1_U61,-9999,-9999,FXX,3,0.0,1,0,1.0,0,0,0,-9999.0,1.0,1,P18_CV0,1,2,0,2,0
19,0.6234898018587334,-0.7818314824680299,R19_F19_m-1f-1_P19_Y-1_U88,-9999,-9999,MXY,3,0.0,1,0,0.0,0,0,0,-9999.0,0.5,1,P18_CV0,1,1,1,0,2
19,0.6234898018587334,-0.7818314824680299,R19_F19_m-1f-1_P19_Y-1_U85,-9999,-9999,FXX,4,0.0,1,0,1.0,0,0,0,-9999.0,0.5,1,P18_CV0,1,1,1,0,2
19,0.6234898018587334,-0.7818314824680299,R19_F19_m-1f-1_P19_Y-1_U98,-9999,-9999,MXY,4,0.0,1,0,0.0,0,0,0,-9999.0,0.5,1,P18_CV0,1,1,1,0,2
19,0.6234898018587334,-0.7818314824680299,R19_F19_m-1f-1_P19_Y-1_U95,-9999,-9999,MXY,4,0.0,1,0,0.0,0,0,0,-9999.0,1.0,1,P18_CV0,1,2,0,2,0
19,0.6234898018587334,-0.7818314824680299,R19_F19_m-1f-1_P19_Y-1_U28,-9999,-9999,MXY,4,0.0,1,0,0.0,0,0,0,-9999.0,1.0,1,P18_CV0,1,2,0,2,0
19,0.6234898018587334,-0.7818314824680299,RD19_F20_m20f19_P20_Y0_UO1336,R20_F20_m-1f-1_P20_Y-1_U77,R19_F19_m-1f-1_P19_Y-1_U3,MXY,1,0.0,0,0,0.0,0,0,0,-9999.0,0.0,1,P19_CV0,1,0,2,2,0
19,0.6234898018587334,-0.7818314824680299,R19_F19_m19f20_P19_Y0_UO751,R19_F19_m-1f-1_P19_Y-1_U91,R20_F20_m-1f-1_P20_Y-1_U28,MXY,1,0.0,0,0,0.0,0,0,0,-9999.0,0.25,1,P19_CV0,1,0,2,1,1
19,0.6234898018587334,-0.7818314824680299,R19_F19_m19f20_P19_Y0_UO746,R19_F19_m-1f-1_P19_Y-1_U91,R20_F20_m-1f-1_P20_Y-1_U28,FXX,1,0.0,0,0,0.0,0,0,0,-9999.0,0.25,1,P19_CV0,1,1,1,1,1
19,0.6234898018587334,-0.7818314824680299,R19_F19_m19f20_P19_Y0_UO1144,R19_F19_m-1f-1_P19_Y-1_U56,R20_F20_m-1f-1_P20_Y-1_U50,MXY,1,0.0,0,0,0.0,0,0,0,-9999.0,0.25,1,P19_CV0,1,1,1,1,1
19,0.6234898018587334,-0.7818314824680299,R19_F19_m19f20_P19_Y0_UO1139,R19_F19_m-1f-1_P19_Y-1_U56,R20_F20_m-1f-1_P20_Y-1_U50,FXX,1,0.0,0,0,0.0,0,0,0,-9999.0,0.25,1,P19_CV0,1,0,2,1,1
19,0.6234898018587334,-0.7818314824680299,R19_F19_m19f20_P19_Y0_UO1140,R19_F19_m-1f-1_P19_Y-1_U56,R20_F20_m-1f-1_P20_Y-1_U50,FXX,1,0.0,0,0,0.0,0,0,0,-9999.0,0.25,1,P19_CV0,1,1,1,2,0
19,0.6234898018587334,-0.7818314824680299,R19_F19_m19f20_P19_Y0_UO1143,R19_F19_m-1f-1_P19_Y-1_U56,R20_F20_m-1f-1_P20_Y-1_U50,MXY,1,0.0,0,0,0.0,0,0,0,-9999.0,0.25,1,P19_CV0,1,1,1,2,0
19,0.6234898018587334,-0.7818314824680299,R19_F19_m19f20_P19_Y0_UO749,R19_F19_m-1f-1_P19_Y-1_U91,R20_F20_m-1f-1_P20_Y-1_U28,MXY,1,0.0,0,0,0.0,0,0,0,-9999.0,0.25,1,P19_CV0,1,0,2,1,1
19,0.6234898018587334,-0.7818314824680299,R19_F19_m19f20_P19_Y0_UO1174,R19_F19_m-1f-1_P19_Y-1_U64,R20_F20_m-1f-1_P20_Y-1_U30,FXX,1,0.0,0,0,0.0,0,0,0,-9999.0,1.0,1,P19_CV0,1,2,0,2,0
19,0.6234898018587334,-0.7818314824680299,R19_F19_m19f20_P19_Y0_UO1141,R19_F19_m-1f-1_P19_Y-1_U56,R20_F20_m-1f-1_P20_Y-1_U50,FXX,1,0.0,0,0,0.0,0,0,0,-9999.0,0.25,1,P19_CV0,1,0,2,1,1
19,0.6234898018587334,-0.7818314824680299,RD19_F20_m20f19_P20_Y0_UO1274,R20_F20_m-1f-1_P20_Y-1_U76,R19_F19_m-1f-1_P19_Y-1_U5,MXY,1,0.0,0,0,0.0,0,0,0,-9999.0,0.5,1,P19_CV0,1,1,1,2,0
19,0.6234898018587334,-0.7818314824680299,RD19_F20_m20f19_P20_Y0_UO429,R20_F20_m-1f-1_P20_Y-1_U77,R19_F19_m-1f-1_P19_Y-1_U0,FXX,1,0.0,0,0,0.0,0,0,0,-9999.0,0.5,1,P19_CV0,1,1,1,0,2
19,0.6234898018587334,-0.7818314824680299,R19_F19_m19f20_P19_Y0_UO1173,R19_F19_m-1f-1_P19_Y-1_U64,R20_F20_m-1f-1_P20_Y-1_U30,FXX,1,0.0,0,0,0.0,0,0,0,-9999.0,1.0,1,P19_CV0,1,2,0,1,1
19,0.6234898018587334,-0.7818314824680299,R19_F19_m19f20_P19_Y0_UO750,R19_F19_m-1f-1_P19_Y-1_U91,R20_F20_m-1f-1_P20_Y-1_U28,FXX,1,0.0,0,0,0.0,0,0,0,-9999.0,0.25,1,P19_CV0,1,1,1,1,1
19,0.6234898018587334,-0.7818314824680299,RD19_F20_m-1f-1_P20_Y-1_U47,-9999,-9999,MXY,2,0.0,1,0,0.0,0,0,0,-9999.0,0.5,1,P19_CV0,1,1,1,2,0
19,0.6234898018587334,-0.7818314824680299,RD19_F20_m-1f-1_P20_Y-1_U65,-9999,-9999,MXY,2,0.0,1,0,0.0,0,0,0,-9999.0,1.0,1,P19_CV0,1,2,0,1,1
20,0.8262387743159945,-0.5633200580636227,RD20_F19_m19f18_P19_Y0_UO1305,R19_F19_m-1f-1_P19_Y-1_U13,R18_F18_m-1f-1_P18_Y-1_U22,MXY,1,0.0,0,0,0.0,0,0,0,-9999.0,0.75,1,P17_CV0,1,2,0,2,0
20,0.8262387743159945,-0.5633200580636227,RD20_F19_m19f18_P19_Y0_UO338,R19_F19_m-1f-1_P19_Y-1_U92,R18_F18_m-1f-1_P18_Y-1_U99,FXX,1,0.0,0,0,0.0,0,0,0,-9999.0,0.25,1,P18_CV0,1,0,2,1,1
20,0.8262387743159945,-0.5633200580636227,R20_F20_m20f19_P20_Y0_UO80,R20_F20_m-1f-1_P20_Y-1_U73,R19_F19_m-1f-1_P19_Y-1_U82,FXX,1,0.0,0,0,0.0,0,0,0,-9999.0,1.0,1,P18_CV0,1,2,0,0,2
20,0.8262387743159945,-0.5633200580636227,R20_F20_m20f19_P20_Y0_UO81,R20_F20_m-1f-1_P20_Y-1_U73,R19_F19_m-1f-1_P19_Y-1_U82,MXY,1,0.0,0,0,0.0,0,0,0,-9999.0,1.0,1,P18_CV0,1,2,0,1,1
20,0.8262387743159945,-0.5633200580636227,R20_F20_m20f19_P20_Y0_UO86,R20_F20_m-1f-1_P20_Y-1_U73,R19_F19_m-1f-1_P19_Y-1_U82,MXY,1,0.0,0,0,0.0,0,0,0,-9999.0,1.0,1,P18_CV0,1,2,0,2,0
20,0.8262387743159945,-0.5633200580636227,R20_F20_m20f19_P20_Y0_UO168,R20_F20_m-1f-1_P20_Y-1_U91,R19_F19_m-1f-1_P19_Y-1_U60,FXX,1,0.0,0,0,0.0,0,0,0,-9999.0,0.5,1,P18_CV0,1,1,1,0,2
20,0.8262387743159945,-0.5633200580636227,R20_F20_m20f19_P20_Y0_UO171,R20_F20_m-1f-1_P20_Y-1_U91,R19_F19_m-1f-1_P19_Y-1_U60,MXY,1,0.0,0,0,0.0,0,0,0,-9999.0,0.5,1,P18_CV0,1,1,1,0,2
20,0.8262387743159945,-0.5633200580636227,R20_F20_m20f19_P20_Y0_UO428,R20_F20_m-1f-1_P20_Y-1_U77,R19_F19_m-1f-1_P19_Y-1_U0,FXX,1,0.0,0,0,0.0,0,0,0,-9999.0,0.5,1,P18_CV0,1,1,1,2,0
20,0.8262387743159945,-0.5633200580636227,R20_F20_m20f19_P20_Y0_UO431,R20_F20_m-1f-1_P20_Y-1_U84,R19_F19_m-1f-1_P19_Y-1_U5,MXY,1,0.0,0,0,0.0,0,0,0,-9999.0,0.5,1,P18_CV0,1,1,1,0,2
20,0.8262387743159945,-0.5633200580636227,R20_F20_m20f19_P20_Y0_UO432,R20_F20_m-1f-1_P20_Y-1_U84,R19_F19_m-1f-1_P19_Y-1_U5,FXX,1,0.0,0,0,0.0,0,0,0,-9999.0,0.5,1,P18_CV0,1,1,1,0,2
20,0.8262387743159945,-0.5633200580636227,R20_F20_m20f19_P20_Y0_UO434,R20_F20_m-1f-1_P20_Y-1_U84,R19_F19_m-1f-1_P19_Y-1_U5,MXY,1,0.0,0,0,0.0,0,0,0,-9999.0,0.5,1,P18_CV0,1,1,1,0,2
20,0.8262387743159945,-0.5633200580636227,R20_F20_m20f19_P20_Y0_UO629,R20_F20_m-1f-1_P20_Y-1_U96,R19_F19_m-1f-1_P19_Y-1_U33,MXY,1,0.0,0,0,0.0,0,0,0,-9999.0,0.25,1,P18_CV0,1,1,1,1,1
20,0.8262387743159945,-0.5633200580636227,R20_F20_m20f19_P20_Y0_UO632,R20_F20_m-1f-1_P20_Y-1_U96,R19_F19_m-1f-1_P19_Y-1_U33,FXX,1,0.0,0,0,0.0,0,0,0,-9999.0,0.25,1,P18_CV0,1,1,1,1,1
20,0.8262387743159945,-0.5633200580636227,R20_F20_m20f19_P20_Y0_UO635,R20_F20_m-1f-1_P20_Y-1_U96,R19_F19_m-1f-1_P19_Y-1_U33,FXX,1,0.0,0,0,0.0,0,0,0,-9999.0,0.25,1,P18_CV0,1,1,1,1,1
20,0.8262387743159945,-0.5633200580636227,R20_F20_m20f19_P20_Y0_UO800,R20_F20_m-1f-1_P20_Y-1_U29,R19_F19_m-1f-1_P19_Y-1_U6,MXY,1,0.0,0,0,0.0,0,0,0,-9999.0,0.25,1,P18_CV0,1,0,2,1,1
20,0.8262387743159945,-0.5633200580636227,R20_F20_m20f19_P20_Y0_UO811,R20_F20_m-1f-1_P20_Y-1_U96,R19_F19_m-1f-1_P19_Y-1_U80,MXY,1,0.0,0,0,0.0,0,0,0,-9999.0,0.25,1,P18_CV0,1,1,1,0,2
20,0.8262387743159945,-0.5633200580636227,R20_F20_m20f19_P20_Y0_UO812,R20_F20_m-1f-1_P20_Y-1_U96,R19_F19_m-1f-1_P19_Y-1_U80,MXY,1,0.0,0,0,0.0,0,0,0,-9999.0,0.25,1,P18_CV0,1,1,1,0,2
20,0.8262387743159945,-0.5633200580636227,R20_F20_m20f19_P20_Y0_UO888,R20_F20_m-1f-1_P20_Y-1_U29,R19_F19_m-1f-1_P19_Y-1_U33,FXX,1,0.0,0,0,0.0,0,0,0,-9999.0,0.25,1,P18_CV0,1,0,2,1,1
20,0.8262387743159945,-0.5633200580636227,R20_F20_m20f19_P20_Y0_UO890,R20_F20_m-1f-1_P20_Y-1_U29,R19_F19_m-1f-1_P19_Y-1_U33,FXX,1,0.0,0,0,0.0,0,0,0,-9999.0,0.25,1,P18_CV0,1,1,1,1,1
20,0.8262387743159945,-0.5633200580636227,R20_F20_m20f19_P20_Y0_UO1270,R20_F20_m-1f-1_P20_Y-1_U76,R19_F19_m-1f-1_P19_Y-1_U5,MXY,1,0.0,0,0,0.0,0,0,0,-9999.0,0.5,1,P18_CV0,1,1,1,1,1
20,0.8262387743159945,-0.5633200580636227,R20_F20_m20f19_P20_Y0_UO1271,R20_F20_m-1f-1_P20_Y-1_U76,R19_F19_m-1f-1_P19_Y-1_U5,MXY,1,0.0,0,0,0.0,0,0,0,-9999.0,0.5,1,P18_CV0,1,1,1,2,0
20,0.8262387743159945,-0.5633200580636227,R20_F20_m20f19_P20_Y0_UO1273,R20_F20_m-1f-1_P20_Y-1_U76,R19_F19_m-1f-1_P19_Y-1_U5,FXX,1,0.0,0,0,0.0,0,0,0,-9999.0,0.5,1,P18_CV0,1,1,1,2,0
20,0.8262387743159945,-0.5633200580636227,R20_F20_m20f19_P20_Y0_UO1310,R20_F20_m-1f-1_P20_Y-1_U76,R19_F19_m-1f-1_P19_Y-1_U60,MXY,1,0.0,0,0,0.0,0,0,0,-9999.0,0.0,1,P18_CV0,1,0,2,1,1
20,0.8262387743159945,-0.5633200580636227,R20_F20_m20f19_P20_Y0_UO1312,R20_F20_m-1f-1_P20_Y-1_U76,R19_F19_m-1f-1_P19_Y-1_U60,FXX,1,0.0,0,0,0.0,0,0,0,-9999.0,0.0,1,P18_CV0,1,0,2,1,1
20,0.8262387743159945,-0.5633200580636227,R20_F20_m20f19_P20_Y0_UO1315,R20_F20_m-1f-1_P20_Y-1_U76,R19_F19_m-1f-1_P19_Y-1_U60,FXX,1,0.0,0,0,0.0,0,0,0,-9999.0,0.0,1,P18_CV0,1,0,2,1,1
20,0.8262387743159945,-0.5633200580636227,R20_F20_m20f19_P20_Y0_UO1333,R20_F20_m-1f-1_P20_Y-1_U77,R19_F19_m-1f-1_P19_Y-1_U3,MXY,1,0.0,0,0,0.0,0,0,0,-9999.0,0.0,1,P18_CV0,1,0,2,1,1
20,0.8262387743159945,-0.5633200580636227,R20_F20_m20f19_P20_Y0_UO1365,R20_F20_m-1f-1_P20_Y-1_U41,R19_F19_m-1f-1_P19_Y-1_U53,FXX,1,0.0,0,0,0.0,0,0,0,-9999.0,0.75,1,P18_CV0,1,1,1,1,1
20,0.8262387743159945,-0.5633200580636227,R20_F20_m20f19_P20_Y0_UO1368,R20_F20_m-1f-1_P20_Y-1_U41,R19_F19_m-1f-1_P19_Y-1_U53,FXX,1,0.0,0,0,0.0,0,0,0,-9999.0,0.75,1,P18_CV0,1,1,1,1,1
20,0.8262387743159945,-0.5633200580636227,RD20_F19_m-1f-1_P19_Y-1_U46,-9999,-9999,MXY,2,0.0,1,0,0.0,0,0,0,-9999.0,0.5,1,P18_CV0,1,1,1,2,0
20,0.8262387743159945,-0.5633200580636227,RD20_F19_m-1f-1_P19_Y-1_U44,-9999,-9999,MXY,2,0.0,1,0,0.0,0,0,0,-9999.0,0.5,1,P18_CV0,1,1,1,2,0
20,0.8262387743159945,-0.5633200580636227,R20_F20_m20f19_P20_Y0_UO82,R20_F20_m-1f-1_P20_Y-1_U73,R19_F19_m-1f-1_P19_Y-1_U82,FXX,1,0.0,0,0,0.0,0,0,0,-9999.0,1.0,1,P19_CV0,1,2,0,1,1
20,0.8262387743159945,-0.5633200580636227,R20_F20_m20f19_P20_Y0_UO84,R20_F20_m-1f-1_P20_Y-1_U73,R19_F19_m-1f-1_P19_Y-1_U82,MXY,1,0.0,0,0,0.0,0,0,0,-9999.0,1.0,1,P19_CV0,1,2,0,1,1
20,0.8262387743159945,-0.5633200580636227,R20_F20_m20f19_P20_Y0_UO169,R20_F20_m-1f-1_P20_Y-1_U91,R19_F19_m-1f-1_P19_Y-1_U60,FXX,1,0.0,0,0,0.0,0,0,0,-9999.0,0.5,1,P19_CV0,1,1,1,0,2
20,0.8262387743159945,-0.5633200580636227,R20_F20_m20f19_P20_Y0_UO170,R20_F20_m-1f-1_P20_Y-1_U91,R19_F19_m-1f-1_P19_Y-1_U60,FXX,1,0.0,0,0,0.0,0,0,0,-9999.0,0.5,1,P19_CV0,1,1,1,0,2
20,0.8262387743159945,-0.5633200580636227,R20_F20_m20f19_P20_Y0_UO172,R20_F20_m-1f-1_P20_Y-1_U91,R19_F19_m-1f-1_P19_Y-1_U60,FXX,1,0.0,0,0,0.0,0,0,0,-9999.0,0.5,1,P19_CV0,1,1,1,0,2
20,0.8262387743159945,-0.5633200580636227,R20_F20_m20f19_P20_Y0_UO425,R20_F20_m-1f-1_P20_Y-1_U77,R19_F19_m-1f-1_P19_Y-1_U0,MXY,1,0.0,0,0,0.0,0,0,0,-9999.0,0.5,1,P19_CV0,1,1,1,1,1
20,0.8262387743159945,-0.5633200580636227,R20_F20_m20f19_P20_Y0_UO426,R20_F20_m-1f-1_P20_Y-1_U77,R19_F19_m-1f-1_P19_Y-1_U0,MXY,1,0.0,0,0,0.0,0,0,0,-9999.0,0.5,1,P19_CV0,1,1,1,0,2
20,0.8262387743159945,-0.5633200580636227,R20_F20_m20f19_P20_Y0_UO427,R20_F20_m-1f-1_P20_Y-1_U77,R19_F19_m-1f-1_P19_Y-1_U0,MXY,1,0.0,0,0,0.0,0,0,0,-9999.0,0.5,1,P19_CV0,1,1,1,2,0
20,0.8262387743159945,-0.5633200580636227,R20_F20_m20f19_P20_Y0_UO430,R20_F20_m-1f-1_P20_Y-1_U77,R19_F19_m-1f-1_P19_Y-1_U0,MXY,1,0.0,0,0,0.0,0,0,0,-9999.0,0.5,1,P19_CV0,1,1,1,2,0
20,0.8262387743159945,-0.5633200580636227,R20_F20_m20f19_P20_Y0_UO435,R20_F20_m-1f-1_P20_Y-1_U84,R19_F19_m-1f-1_P19_Y-1_U5,MXY,1,0.0,0,0,0.0,0,0,0,-9999.0,0.5,1,P19_CV0,1,1,1,1,1
20,0.8262387743159945,-0.5633200580636227,R20_F20_m20f19_P20_Y0_UO436,R20_F20_m-1f-1_P20_Y-1_U84,R19_F19_m-1f-1_P19_Y-1_U5,MXY,1,0.0,0,0,0.0,0,0,0,-9999.0,0.5,1,P19_CV0,1,1,1,1,1
20,0.8262387743159945,-0.5633200580636227,R20_F20_m20f19_P20_Y0_UO627,R20_F20_m-1f-1_P20_Y-1_U96,R19_F19_m-1f-1_P19_Y-1_U33,MXY,1,0.0,0,0,0.0,0,0,0,-9999.0,0.25,1,P19_CV0,1,1,1,1,1
20,0.8262387743159945,-0.5633200580636227,R20_F20_m20f19_P20_Y0_UO628,R20_F20_m-1f-1_P20_Y-1_U96,R19_F19_m-1f-1_P19_Y-1_U33,MXY,1,0.0,0,0,0.0,0,0,0,-9999.0,0.25,1,P19_CV0,1,0,2,1,1
20,0.8262387743159945,-0.5633200580636227,R20_F20_m20f19_P20_Y0_UO630,R20_F20_m-1f-1_P20_Y-1_U96,R19_F19_m-1f-1_P19_Y-1_U33,MXY,1,0.0,0,0,0.0,0,0,0,-9999.0,0.25,1,P19_CV0,1,0,2,1,1
20,0.8262387743159945,-0.5633200580636227,R20_F20_m20f19_P20_Y0_UO631,R20_F20_m-1f-1_P20_Y-1_U96,R19_F19_m-1f-1_P19_Y-1_U33,FXX,1,0.0,0,0,0.0,0,0,0,-9999.0,0.25,1,P19_CV0,1,0,2,1,1
20,0.8262387743159945,-0.5633200580636227,R20_F20_m20f19_P20_Y0_UO633,R20_F20_m-1f-1_P20_Y-1_U96,R19_F19_m-1f-1_P19_Y-1_U33,FXX,1,0.0,0,0,0.0,0,0,0,-9999.0,0.25,1,P19_CV0,1,1,1,1,1
20,0.8262387743159945,-0.5633200580636227,R20_F20_m20f19_P20_Y0_UO634,R20_F20_m-1f-1_P20_Y-1_U96,R19_F19_m-1f-1_P19_Y-1_U33,FXX,1,0.0,0,0,0.0,0,0,0,-9999.0,0.25,1,P19_CV0,1,0,2,1,1
20,0.8262387743159945,-0.5633200580636227,R20_F20_m20f19_P20_Y0_UO798,R20_F20_m-1f-1_P20_Y-1_U29,R19_F19_m-1f-1_P19_Y-1_U6,MXY,1,0.0,0,0,0.0,0,0,0,-9999.0,0.25,1,P19_CV0,1,1,1,1,1
20,0.8262387743159945,-0.5633200580636227,R20_F20_m20f19_P20_Y0_UO799,R20_F20_m-1f-1_P20_Y-1_U29,R19_F19_m-1f-1_P19_Y-1_U6,FXX,1,0.0,0,0,0.0,0,0,0,-9999.0,0.25,1,P19_CV0,1,1,1,0,2
20,0.8262387743159945,-0.5633200580636227,R20_F20_m20f19_P20_Y0_UO801,R20_F20_m-1f-1_P20_Y-1_U29,R19_F19_m-1f-1_P19_Y-1_U6,FXX,1,0.0,0,0,0.0,0,0,0,-9999.0,0.25,1,P19_CV0,1,0,2,0,2
20,0.8262387743159945,-0.5633200580636227,R20_F20_m20f19_P20_Y0_UO802,R20_F20_m-1f-1_P20_Y-1_U29,R19_F19_m-1f-1_P19_Y-1_U6,MXY,1,0.0,0,0,0.0,0,0,0,-9999.0,0.25,1,P19_CV0,1,1,1,0,2
20,0.8262387743159945,-0.5633200580636227,R20_F20_m20f19_P20_Y0_UO813,R20_F20_m-1f-1_P20_Y-1_U96,R19_F19_m-1f-1_P19_Y-1_U80,FXX,1,0.0,0,0,0.0,0,0,0,-9999.0,0.25,1,P19_CV0,1,0,2,0,2
20,0.8262387743159945,-0.5633200580636227,R20_F20_m20f19_P20_Y0_UO814,R20_F20_m-1f-1_P20_Y-1_U96,R19_F19_m-1f-1_P19_Y-1_U80,FXX,1,0.0,0,0,0.0,0,0,0,-9999.0,0.25,1,P19_CV0,1,1,1,0,2
20,0.8262387743159945,-0.5633200580636227,R20_F20_m20f19_P20_Y0_UO815,R20_F20_m-1f-1_P20_Y-1_U96,R19_F19_m-1f-1_P19_Y-1_U80,MXY,1,0.0,0,0,0.0,0,0,0,-9999.0,0.25,1,P19_CV0,1,1,1,1,1
20,0.8262387743159945,-0.5633200580636227,R20_F20_m20f19_P20_Y0_UO889,R20_F20_m-1f-1_P20_Y-1_U29,R19_F19_m-1f-1_P19_Y-1_U33,FXX,1,0.0,0,0,0.0,0,0,0,-9999.0,0.25,1,P19_CV0,1,0,2,1,1
20,0.8262387743159945,-0.5633200580636227,R20_F20_m20f19_P20_Y0_UO892,R20_F20_m-1f-1_P20_Y-1_U29,R19_F19_m-1f-1_P19_Y-1_U33,MXY,1,0.0,0,0,0.0,0,0,0,-9999.0,0.25,1,P19_CV0,1,1,1,1,1
20,0.8262387743159945,-0.5633200580636227,R20_F20_m20f19_P20_Y0_UO893,R20_F20_m-1f-1_P20_Y-1_U29,R19_F19_m-1f-1_P19_Y-1_U33,FXX,1,0.0,0,0,0.0,0,0,0,-9999.0,0.25,1,P19_CV0,1,1,1,1,1
20,0.8262387743159945,-0.5633200580636227,R20_F20_m20f19_P20_Y0_UO894,R20_F20_m-1f-1_P20_Y-1_U29,R19_F19_m-1f-1_P19_Y-1_U33,MXY,1,0.0,0,0,0.0,0,0,0,-9999.0,0.25,1,P19_CV0,1,1,1,1,1
20,0.8262387743159945,-0.5633200580636227,R20_F20_m20f19_P20_Y0_UO1237,R20_F20_m-1f-1_P20_Y-1_U62,R19_F19_m-1f-1_P19_Y-1_U82,FXX,1,0.0,0,0,0.0,0,0,0,-9999.0,0.5,1,P19_CV0,1,1,1,1,1
20,0.8262387743159945,-0.5633200580636227,R20_F20_m20f19_P20_Y0_UO1238,R20_F20_m-1f-1_P20_Y-1_U62,R19_F19_m-1f-1_P19_Y-1_U82,MXY,1,0.0,0,0,0.0,0,0,0,-9999.0,0.5,1,P19_CV0,1,1,1,2,0
20,0.8262387743159945,-0.5633200580636227,R20_F20_m20f19_P20_Y0_UO1239,R20_F20_m-1f-1_P20_Y-1_U62,R19_F19_m-1f-1_P19_Y-1_U82,MXY,1,0.0,0,0,0.0,0,0,0,-9999.0,0.5,1,P19_CV0,1,1,1,0,2
20,0.8262387743159945,-0.5633200580636227,R20_F20_m20f19_P20_Y0_UO1240,R20_F20_m-1f-1_P20_Y-1_U62,R19_F19_m-1f-1_P19_Y-1_U82,FXX,1,0.0,0,0,0.0,0,0,0,-9999.0,0.5,1,P19_CV0,1,1,1,1,1
20,0.8262387743159945,-0.5633200580636227,R20_F20_m20f19_P20_Y0_UO1241,R20_F20_m-1f-1_P20_Y-1_U62,R19_F19_m-1f-1_P19_Y-1_U82,FXX,1,0.0,0,0,0.0,0,0,0,-9999.0,0.5,1,P19_CV0,1,1,1,2,0
20,0.8262387743159945,-0.5633200580636227,R20_F20_m20f19_P20_Y0_UO1268,R20_F20_m-1f-1_P20_Y-1_U76,R19_F19_m-1f-1_P19_Y-1_U5,FXX,1,0.0,0,0,0.0,0,0,0,-9999.0,0.5,1,P19_CV0,1,1,1,2,0
20,0.8262387743159945,-0.5633200580636227,R20_F20_m20f19_P20_Y0_UO1269,R20_F20_m-1f-1_P20_Y-1_U76,R19_F19_m-1f-1_P19_Y-1_U5,MXY,1,0.0,0,0,0.0,0,0,0,-9999.0,0.5,1,P19_CV0,1,1,1,2,0
20,0.8262387743159945,-0.5633200580636227,R20_F20_m20f19_P20_Y0_UO1272,R20_F20_m-1f-1_P20_Y-1_U76,R19_F19_m-1f-1_P19_Y-1_U5,FXX,1,0.0,0,0,0.0,0,0,0,-9999.0,0.5,1,P19_CV0,1,1,1,2,0
20,0.8262387743159945,-0.5633200580636227,R20_F20_m20f19_P20_Y0_UO1311,R20_F20_m-1f-1_P20_Y-1_U76,R19_F19_m-1f-1_P19_Y-1_U60,MXY,1,0.0,0,0,0.0,0,0,0,-9999.0,0.0,1,P19_CV0,1,0,2,1,1
20,0.8262387743159945,-0.5633200580636227,R20_F20_m20f19_P20_Y0_UO1313,R20_F20_m-1f-1_P20_Y-1_U76,R19_F19_m-1f-1_P19_Y-1_U60,FXX,1,0.0,0,0,0.0,0,0,0,-9999.0,0.0,1,P19_CV0,1,0,2,1,1
20,0.8262387743159945,-0.5633200580636227,R20_F20_m20f19_P20_Y0_UO1314,R20_F20_m-1f-1_P20_Y-1_U76,R19_F19_m-1f-1_P19_Y-1_U60,FXX,1,0.0,0,0,0.0,0,0,0,-9999.0,0.0,1,P19_CV0,1,0,2,1,1
20,0.8262387743159945,-0.5633200580636227,R20_F20_m20f19_P20_Y0_UO1334,R20_F20_m-1f-1_P20_Y-1_U77,R19_F19_m-1f-1_P19_Y-1_U3,MXY,1,0.0,0,0,0.0,0,0,0,-9999.0,0.0,1,P19_CV0,1,0,2,2,0
20,0.8262387743159945,-0.5633200580636227,R20_F20_m20f19_P20_Y0_UO1335,R20_F20_m-1f-1_P20_Y-1_U77,R19_F19_m-1f-1_P19_Y-1_U3,FXX,1,0.0,0,0,0.0,0,0,0,-9999.0,0.0,1,P19_CV0,1,0,2,0,2
20,0.8262387743159945,-0.5633200580636227,R20_F20_m20f19_P20_Y0_UO1363,R20_F20_m-1f-1_P20_Y-1_U41,R19_F19_m-1f-1_P19_Y-1_U53,MXY,1,0.0,0,0,0.0,0,0,0,-9999.0,0.75,1,P19_CV0,1,2,0,1,1
20,0.8262387743159945,-0.5633200580636227,R20_F20_m20f19_P20_Y0_UO1364,R20_F20_m-1f-1_P20_Y-1_U41,R19_F19_m-1f-1_P19_Y-1_U53,FXX,1,0.0,0,0,0.0,0,0,0,-9999.0,0.75,1,P19_CV0,1,2,0,1,1
20,0.8262387743159945,-0.5633200580636227,R20_F20_m20f19_P20_Y0_UO1366,R20_F20_m-1f-1_P20_Y-1_U41,R19_F19_m-1f-1_P19_Y-1_U53,MXY,1,0.0,0,0,0.0,0,0,0,-9999.0,0.75,1,P19_CV0,1,2,0,0,2
20,0.8262387743159945,-0.5633200580636227,R20_F20_m20f19_P20_Y0_UO1367,R20_F20_m-1f-1_P20_Y-1_U41,R19_F19_m-1f-1_P19_Y-1_U53,FXX,1,0.0,0,0,0.0,0,0,0,-9999.0,0.75,1,P19_CV0,1,2,0,0,2
20,0.8262387743159945,-0.5633200580636227,R20_F20_m-1f-1_P20_Y-1_U11,-9999,-9999,MXY,2,0.0,1,0,0.0,0,0,0,-9999.0,1.0,1,P19_CV0,1,2,0,1,1
20,0.8262387743159945,-0.5633200580636227,R20_F20_m-1f-1_P20_Y-1_U61,-9999,-9999,FXX,2,0.0,1,0,1.0,0,0,0,-9999.0,0.5,1,P19_CV0,1,1,1,1,1
20,0.8262387743159945,-0.5633200580636227,R20_F20_m-1f-1_P20_Y-1_U35,-9999,-9999,FXX,2,0.0,1,0,1.0,0,0,0,-9999.0,0.5,1,P19_CV0,1,1,1,2,0
20,0.8262387743159945,-0.5633200580636227,R20_F20_m-1f-1_P20_Y-1_U45,-9999,-9999,MXY,2,0.0,1,0,0.0,0,0,0,-9999.0,0.0,1,P19_CV0,1,0,2,0,2
20,0.8262387743159945,-0.5633200580636227,R20_F20_m-1f-1_P20_Y-1_U59,-9999,-9999,FXX,2,0.0,1,0,1.0,0,0,0,-9999.0,0.5,1,P19_CV0,1,1,1,1,1
20,0.8262387743159945,-0.5633200580636227,R20_F20_m-1f-1_P20_Y-1_U54,-9999,-9999,FXX,2,0.0,1,0,1.0,0,0,0,-9999.0,0.5,1,P19_CV0,1,1,1,0,2
20,0.8262387743159945,-0.5633200580636227,R20_F20_m-1f-1_P20_Y-1_U12,-9999,-9999,MXY,2,0.0,1,0,0.0,0,0,0,-9999.0,1.0,1,P19_CV0,1,2,0,0,2
20,0.8262387743159945,-0.5633200580636227,R20_F20_m-1f-1_P20_Y-1_U26,-9999,-9999,MXY,2,0.0,1,0,0.0,0,0,0,-9999.0,0.0,1,P19_CV0,1,0,2,0,2
20,0.8262387743159945,-0.5633200580636227,R20_F20_m-1f-1_P20_Y-1_U82,-9999,-9999,MXY,2,0.0,1,0,0.0,0,0,0,-9999.0,0.0,1,P19_CV0,1,0,2,1,1
20,0.8262387743159945,-0.5633200580636227,R20_F20_m-1f-1_P20_Y-1_U24,-9999,-9999,MXY,2,0.0,1,0,0.0,0,0,0,-9999.0,0.5,1,P19_CV0,1,1,1,0,2
20,0.8262387743159945,-0.5633200580636227,R20_F20_m-1f-1_P20_Y-1_U13,-9999,-9999,FXX,3,0.0,1,0,1.0,0,0,0,-9999.0,0.0,1,P19_CV0,1,0,2,1,1
20,0.8262387743159945,-0.5633200580636227,R20_F20_m-1f-1_P20_Y-1_U46,-9999,-9999,MXY,3,0.0,1,0,0.0,0,0,0,-9999.0,1.0,1,P19_CV0,1,2,0,0,2
20,0.8262387743159945,-0.5633200580636227,R20_F20_m-1f-1_P20_Y-1_U36,-9999,-9999,FXX,3,0.0,1,0,1.0,0,0,0,-9999.0,0.5,1,P19_CV0,1,1,1,1,1
20,0.8262387743159945,-0.5633200580636227,R20_F20_m-1f-1_P20_Y-1_U94,-9999,-9999,MXY,3,0.0,1,0,0.0,0,0,0,-9999.0,0.5,1,P19_CV0,1,1,1,1,1
20,0.8262387743159945,-0.5633200580636227,R20_F20_m-1f-1_P20_Y-1_U1,-9999,-9999,MXY,3,0.0,1,0,0.0,0,0,0,-9999.0,1.0,1,P19_CV0,1,2,0,2,0
20,0.8262387743159945,-0.5633200580636227,R20_F20_m-1f-1_P20_Y-1_U88,-9999,-9999,MXY,3,0.0,1,0,0.0,0,0,0,-9999.0,0.5,1,P19_CV0,1,1,1,1,1
20,0.8262387743159945,-0.5633200580636227,R20_F20_m-1f-1_P20_Y-1_U83,-9999,-9999,MXY,4,0.0,1,0,0.0,0,0,0,-9999.0,1.0,1,P19_CV0,1,2,0,2,0
20,0.8262387743159945,-0.5633200580636227,R20_F20_m-1f-1_P20_Y-1_U37,-9999,-9999,FXX,4,0.0,1,0,1.0,0,0,0,-9999.0,0.5,1,P19_CV0,1,1,1,0,2
